league,season,game,team,player,is_home,position,formation_place,sub_in,sub_out,appearances,fouls_committed,fouls_suffered,own_goals,red_cards,sub_ins,yellow_cards,goals_conceded,saves,shots_faced,goal_assists,shots_on_target,total_goals,total_shots,offsides
ESP-La Liga,1617,2016-08-19 Deportivo La Coruña-Eibar,Deportivo La Coruña,Germán Lux,True,Goalkeeper,,start,end,1.0,0.0,0.0,0.0,0.0,0.0,0.0,1.0,5.0,0.0,0.0,0.0,0.0,0.0,
ESP-La Liga,1617,2016-08-19 Deportivo La Coruña-Eibar,Eibar,Asier Riesgo,False,Goalkeeper,,start,end,1.0,0.0,0.0,0.0,0.0,0.0,0.0,2.0,4.0,0.0,0.0,0.0,0.0,0.0,
ESP-La Liga,1617,2016-08-19 Málaga-Osasuna,Málaga,Carlos Kameni,True,Goalkeeper,,start,end,1.0,0.0,0.0,0.0,0.0,0.0,0.0,1.0,2.0,0.0,0.0,0.0,0.0,0.0,
ESP-La Liga,1617,2016-08-19 Málaga-Osasuna,Osasuna,Nauzet,False,Goalkeeper,,start,end,1.0,0.0,1.0,0.0,0.0,0.0,0.0,1.0,3.0,0.0,0.0,0.0,0.0,0.0,
ESP-La Liga,1617,2016-08-20 Barcelona-Real Betis,Barcelona,Claudio Bravo,True,Goalkeeper,,start,end,1.0,0.0,0.0,0.0,0.0,0.0,0.0,2.0,0.0,0.0,0.0,0.0,0.0,0.0,
ESP-La Liga,1617,2016-08-20 Barcelona-Real Betis,Real Betis,Antonio Adán,False,Goalkeeper,,start,end,1.0,0.0,0.0,0.0,0.0,0.0,0.0,6.0,6.0,0.0,0.0,0.0,0.0,0.0,
ESP-La Liga,1617,2016-08-20 Granada-Villarreal,Granada,Guillermo Ochoa,True,Goalkeeper,,start,end,1.0,0.0,0.0,0.0,0.0,0.0,0.0,1.0,2.0,0.0,0.0,0.0,0.0,0.0,
ESP-La Liga,1617,2016-08-20 Granada-Villarreal,Villarreal,Sergio Asenjo,False,Goalkeeper,,start,end,1.0,0.0,2.0,0.0,0.0,0.0,0.0,1.0,0.0,0.0,0.0,0.0,0.0,0.0,
ESP-La Liga,1617,2016-08-20 Sevilla-Espanyol,Espanyol,Roberto,False,Goalkeeper,,start,end,1.0,0.0,0.0,0.0,0.0,0.0,0.0,6.0,5.0,0.0,0.0,0.0,0.0,0.0,
ESP-La Liga,1617,2016-08-20 Sevilla-Espanyol,Sevilla,Sergio Rico,True,Goalkeeper,,start,end,1.0,0.0,0.0,0.0,0.0,0.0,0.0,4.0,3.0,0.0,0.0,0.0,0.0,0.0,
ESP-La Liga,1617,2016-08-21 Atlético Madrid-Alavés,Alavés,Fernando Pacheco,False,Goalkeeper,,start,end,1.0,0.0,0.0,0.0,0.0,0.0,0.0,1.0,5.0,0.0,0.0,0.0,0.0,0.0,
ESP-La Liga,1617,2016-08-21 Atlético Madrid-Alavés,Atlético Madrid,Jan Oblak,True,Goalkeeper,,start,end,1.0,0.0,0.0,0.0,0.0,0.0,0.0,1.0,0.0,0.0,0.0,0.0,0.0,0.0,
ESP-La Liga,1617,2016-08-21 Real Sociedad-Real Madrid,Real Madrid,Kiko Casilla,False,Goalkeeper,,start,end,1.0,0.0,0.0,0.0,0.0,0.0,0.0,0.0,0.0,0.0,0.0,0.0,0.0,0.0,
ESP-La Liga,1617,2016-08-21 Real Sociedad-Real Madrid,Real Sociedad,Gerónimo Rulli,True,Goalkeeper,,start,end,1.0,0.0,0.0,0.0,0.0,0.0,0.0,3.0,5.0,0.0,0.0,0.0,0.0,0.0,
ESP-La Liga,1617,2016-08-21 Sporting Gijón-Athletic Club,Athletic Club,Gorka Iraizoz,False,Goalkeeper,,start,end,1.0,0.0,0.0,0.0,0.0,0.0,0.0,2.0,2.0,0.0,0.0,0.0,0.0,0.0,
ESP-La Liga,1617,2016-08-21 Sporting Gijón-Athletic Club,Sporting Gijón,Iván Cuéllar,True,Goalkeeper,,start,end,1.0,0.0,0.0,0.0,0.0,0.0,1.0,1.0,3.0,0.0,0.0,0.0,0.0,0.0,
ESP-La Liga,1617,2016-08-22 Celta Vigo-Leganés,Celta Vigo,Sergio Álvarez,True,Goalkeeper,,start,end,1.0,0.0,0.0,0.0,0.0,0.0,0.0,1.0,5.0,0.0,0.0,0.0,0.0,0.0,
ESP-La Liga,1617,2016-08-22 Celta Vigo-Leganés,Leganés,Jon Serantes,False,Goalkeeper,,start,end,1.0,0.0,0.0,0.0,0.0,0.0,0.0,0.0,2.0,0.0,0.0,0.0,0.0,0.0,
ESP-La Liga,1617,2016-08-22 Valencia-Las Palmas,Las Palmas,Javi Varas,False,Goalkeeper,,start,end,1.0,0.0,2.0,0.0,0.0,0.0,0.0,2.0,6.0,0.0,0.0,0.0,0.0,0.0,
ESP-La Liga,1617,2016-08-22 Valencia-Las Palmas,Valencia,Mathew Ryan,True,Goalkeeper,,start,end,1.0,0.0,0.0,0.0,0.0,0.0,0.0,4.0,0.0,0.0,0.0,0.0,0.0,0.0,
ESP-La Liga,1617,2016-08-26 Espanyol-Málaga,Espanyol,Roberto,True,Goalkeeper,,start,end,1.0,0.0,0.0,0.0,0.0,0.0,0.0,2.0,1.0,0.0,0.0,0.0,0.0,0.0,
ESP-La Liga,1617,2016-08-26 Espanyol-Málaga,Málaga,Carlos Kameni,False,Goalkeeper,,start,end,1.0,0.0,0.0,0.0,0.0,0.0,1.0,2.0,0.0,0.0,0.0,0.0,0.0,0.0,
ESP-La Liga,1617,2016-08-26 Real Betis-Deportivo La Coruña,Deportivo La Coruña,Germán Lux,False,Goalkeeper,,start,end,1.0,0.0,0.0,0.0,0.0,0.0,0.0,0.0,5.0,0.0,0.0,0.0,0.0,0.0,
ESP-La Liga,1617,2016-08-26 Real Betis-Deportivo La Coruña,Real Betis,Antonio Adán,True,Goalkeeper,,start,end,1.0,0.0,0.0,0.0,0.0,0.0,0.0,0.0,1.0,0.0,0.0,0.0,0.0,0.0,
ESP-La Liga,1617,2016-08-27 Eibar-Valencia,Eibar,Asier Riesgo,True,Goalkeeper,,start,end,1.0,0.0,0.0,0.0,0.0,0.0,0.0,0.0,3.0,0.0,0.0,0.0,0.0,0.0,
ESP-La Liga,1617,2016-08-27 Eibar-Valencia,Valencia,Mathew Ryan,False,Goalkeeper,,start,end,1.0,0.0,0.0,0.0,0.0,0.0,0.0,1.0,5.0,0.0,0.0,0.0,0.0,0.0,
ESP-La Liga,1617,2016-08-27 Leganés-Atlético Madrid,Atlético Madrid,Jan Oblak,False,Goalkeeper,,start,end,1.0,0.0,0.0,0.0,0.0,0.0,0.0,0.0,1.0,0.0,0.0,0.0,0.0,0.0,
ESP-La Liga,1617,2016-08-27 Leganés-Atlético Madrid,Leganés,Jon Serantes,True,Goalkeeper,,start,end,1.0,0.0,0.0,0.0,0.0,0.0,0.0,0.0,3.0,0.0,0.0,0.0,0.0,0.0,
ESP-La Liga,1617,2016-08-27 Osasuna-Real Sociedad,Osasuna,Nauzet,True,Goalkeeper,,start,end,1.0,0.0,0.0,0.0,0.0,0.0,0.0,2.0,3.0,0.0,0.0,0.0,0.0,0.0,
ESP-La Liga,1617,2016-08-27 Osasuna-Real Sociedad,Real Sociedad,Gerónimo Rulli,False,Goalkeeper,,start,end,1.0,0.0,0.0,0.0,0.0,0.0,0.0,0.0,3.0,0.0,0.0,0.0,0.0,0.0,
ESP-La Liga,1617,2016-08-27 Real Madrid-Celta Vigo,Celta Vigo,Sergio Álvarez,False,Goalkeeper,,start,end,1.0,0.0,1.0,0.0,0.0,0.0,0.0,2.0,8.0,0.0,0.0,0.0,0.0,0.0,
ESP-La Liga,1617,2016-08-27 Real Madrid-Celta Vigo,Real Madrid,Kiko Casilla,True,Goalkeeper,,start,end,1.0,0.0,0.0,0.0,0.0,0.0,0.0,1.0,2.0,0.0,0.0,0.0,0.0,0.0,
ESP-La Liga,1617,2016-08-28 Alavés-Sporting Gijón,Alavés,Fernando Pacheco,True,Goalkeeper,,start,end,1.0,0.0,0.0,0.0,0.0,0.0,0.0,0.0,1.0,0.0,0.0,0.0,0.0,0.0,
ESP-La Liga,1617,2016-08-28 Alavés-Sporting Gijón,Sporting Gijón,Iván Cuéllar,False,Goalkeeper,,start,end,1.0,0.0,0.0,0.0,0.0,0.0,0.0,0.0,2.0,0.0,0.0,0.0,0.0,0.0,
ESP-La Liga,1617,2016-08-28 Athletic Club-Barcelona,Athletic Club,Gorka Iraizoz,True,Goalkeeper,,start,end,1.0,0.0,0.0,0.0,0.0,0.0,0.0,1.0,1.0,0.0,0.0,0.0,0.0,0.0,
ESP-La Liga,1617,2016-08-28 Athletic Club-Barcelona,Barcelona,Marc-André ter Stegen,False,Goalkeeper,,start,end,1.0,0.0,0.0,0.0,0.0,0.0,0.0,0.0,4.0,0.0,0.0,0.0,0.0,0.0,
ESP-La Liga,1617,2016-08-28 Las Palmas-Granada,Granada,Guillermo Ochoa,False,Goalkeeper,,start,end,1.0,0.0,0.0,0.0,0.0,0.0,0.0,5.0,4.0,0.0,0.0,0.0,0.0,0.0,
ESP-La Liga,1617,2016-08-28 Las Palmas-Granada,Las Palmas,Javi Varas,True,Goalkeeper,,start,end,1.0,0.0,0.0,0.0,0.0,0.0,0.0,1.0,1.0,0.0,0.0,0.0,0.0,0.0,
ESP-La Liga,1617,2016-08-28 Villarreal-Sevilla,Sevilla,Sergio Rico,False,Goalkeeper,,start,end,1.0,0.0,0.0,0.0,0.0,0.0,0.0,0.0,5.0,0.0,0.0,0.0,0.0,0.0,
ESP-La Liga,1617,2016-08-28 Villarreal-Sevilla,Villarreal,Sergio Asenjo,True,Goalkeeper,,start,end,1.0,0.0,0.0,0.0,0.0,0.0,0.0,0.0,0.0,0.0,0.0,0.0,0.0,0.0,
ESP-La Liga,1617,2016-09-09 Real Sociedad-Espanyol,Espanyol,Diego López,False,Goalkeeper,,start,end,1.0,0.0,0.0,0.0,0.0,0.0,0.0,1.0,2.0,0.0,0.0,0.0,0.0,0.0,
ESP-La Liga,1617,2016-09-09 Real Sociedad-Espanyol,Real Sociedad,Gerónimo Rulli,True,Goalkeeper,,start,end,1.0,0.0,0.0,0.0,0.0,0.0,0.0,1.0,0.0,0.0,0.0,0.0,0.0,0.0,
ESP-La Liga,1617,2016-09-10 Barcelona-Alavés,Alavés,Fernando Pacheco,False,Goalkeeper,,start,end,1.0,0.0,0.0,0.0,0.0,0.0,0.0,1.0,1.0,0.0,0.0,0.0,0.0,0.0,
ESP-La Liga,1617,2016-09-10 Barcelona-Alavés,Barcelona,Jasper Cillessen,True,Goalkeeper,,start,end,1.0,0.0,0.0,0.0,0.0,0.0,0.0,2.0,2.0,0.0,0.0,0.0,0.0,0.0,
ESP-La Liga,1617,2016-09-10 Celta Vigo-Atlético Madrid,Atlético Madrid,Jan Oblak,False,Goalkeeper,,start,end,1.0,0.0,0.0,0.0,0.0,0.0,0.0,0.0,1.0,0.0,0.0,0.0,0.0,0.0,
ESP-La Liga,1617,2016-09-10 Celta Vigo-Atlético Madrid,Celta Vigo,Sergio Álvarez,True,Goalkeeper,,start,end,1.0,0.0,0.0,0.0,0.0,0.0,0.0,4.0,2.0,0.0,0.0,0.0,0.0,0.0,
ESP-La Liga,1617,2016-09-10 Málaga-Villarreal,Málaga,Carlos Kameni,True,Goalkeeper,,start,end,1.0,0.0,0.0,0.0,0.0,0.0,0.0,2.0,3.0,0.0,0.0,0.0,0.0,0.0,
ESP-La Liga,1617,2016-09-10 Málaga-Villarreal,Villarreal,Sergio Asenjo,False,Goalkeeper,,start,end,1.0,0.0,1.0,0.0,0.0,0.0,0.0,0.0,2.0,0.0,0.0,0.0,0.0,0.0,
ESP-La Liga,1617,2016-09-10 Real Madrid-Osasuna,Osasuna,Nauzet,False,Goalkeeper,,start,end,1.0,0.0,1.0,0.0,0.0,0.0,0.0,5.0,6.0,0.0,0.0,0.0,0.0,0.0,
ESP-La Liga,1617,2016-09-10 Real Madrid-Osasuna,Real Madrid,Kiko Casilla,True,Goalkeeper,,start,end,1.0,0.0,0.0,0.0,0.0,0.0,0.0,2.0,1.0,0.0,0.0,0.0,0.0,0.0,
ESP-La Liga,1617,2016-09-10 Sevilla-Las Palmas,Las Palmas,Javi Varas,False,Goalkeeper,,start,end,1.0,0.0,0.0,0.0,0.0,0.0,0.0,2.0,5.0,0.0,0.0,0.0,0.0,0.0,
ESP-La Liga,1617,2016-09-10 Sevilla-Las Palmas,Sevilla,Sergio Rico,True,Goalkeeper,,start,end,1.0,0.0,0.0,0.0,0.0,0.0,0.0,1.0,3.0,0.0,0.0,0.0,0.0,0.0,
ESP-La Liga,1617,2016-09-11 Deportivo La Coruña-Athletic Club,Athletic Club,Kepa Arrizabalaga,False,Goalkeeper,,start,end,1.0,0.0,1.0,0.0,0.0,0.0,0.0,0.0,3.0,0.0,0.0,0.0,0.0,0.0,
ESP-La Liga,1617,2016-09-11 Deportivo La Coruña-Athletic Club,Deportivo La Coruña,Germán Lux,True,Goalkeeper,,start,end,1.0,0.0,0.0,0.0,0.0,0.0,0.0,1.0,1.0,0.0,0.0,0.0,0.0,0.0,
ESP-La Liga,1617,2016-09-11 Granada-Eibar,Eibar,Asier Riesgo,False,Goalkeeper,,start,end,1.0,1.0,0.0,0.0,1.0,0.0,0.0,0.0,0.0,0.0,0.0,0.0,0.0,0.0,
ESP-La Liga,1617,2016-09-11 Granada-Eibar,Granada,Guillermo Ochoa,True,Goalkeeper,,start,end,1.0,0.0,0.0,0.0,0.0,0.0,0.0,2.0,6.0,0.0,0.0,0.0,0.0,0.0,
ESP-La Liga,1617,2016-09-11 Sporting Gijón-Leganés,Leganés,Jon Serantes,False,Goalkeeper,,start,end,1.0,0.0,0.0,0.0,0.0,0.0,1.0,2.0,2.0,0.0,0.0,0.0,0.0,0.0,
ESP-La Liga,1617,2016-09-11 Sporting Gijón-Leganés,Sporting Gijón,Iván Cuéllar,True,Goalkeeper,,start,end,1.0,0.0,0.0,0.0,0.0,0.0,0.0,1.0,1.0,0.0,0.0,0.0,0.0,0.0,
ESP-La Liga,1617,2016-09-11 Valencia-Real Betis,Real Betis,Antonio Adán,False,Goalkeeper,,start,end,1.0,0.0,0.0,0.0,0.0,0.0,0.0,2.0,8.0,0.0,0.0,0.0,0.0,0.0,
ESP-La Liga,1617,2016-09-11 Valencia-Real Betis,Valencia,Diego Alves,True,Goalkeeper,,start,end,1.0,0.0,0.0,0.0,0.0,0.0,0.0,3.0,2.0,0.0,0.0,0.0,0.0,0.0,
ESP-La Liga,1617,2016-09-16 Real Betis-Granada,Granada,Guillermo Ochoa,False,Goalkeeper,,start,end,1.0,0.0,0.0,0.0,0.0,0.0,0.0,2.0,5.0,0.0,0.0,0.0,0.0,0.0,
ESP-La Liga,1617,2016-09-16 Real Betis-Granada,Real Betis,Antonio Adán,True,Goalkeeper,,start,end,1.0,1.0,1.0,0.0,0.0,0.0,1.0,2.0,5.0,0.0,0.0,0.0,0.0,0.0,
ESP-La Liga,1617,2016-09-17 Atlético Madrid-Sporting Gijón,Atlético Madrid,Jan Oblak,True,Goalkeeper,,start,end,1.0,0.0,0.0,0.0,0.0,0.0,0.0,0.0,1.0,0.0,0.0,0.0,0.0,0.0,
ESP-La Liga,1617,2016-09-17 Atlético Madrid-Sporting Gijón,Sporting Gijón,Iván Cuéllar,False,Goalkeeper,,start,end,1.0,0.0,0.0,0.0,0.0,0.0,0.0,5.0,2.0,0.0,0.0,0.0,0.0,0.0,
ESP-La Liga,1617,2016-09-17 Eibar-Sevilla,Eibar,Yoel,True,Goalkeeper,,start,end,1.0,1.0,0.0,0.0,1.0,0.0,0.0,1.0,1.0,0.0,0.0,0.0,0.0,0.0,
ESP-La Liga,1617,2016-09-17 Eibar-Sevilla,Sevilla,Salvatore Sirigu,False,Goalkeeper,,start,end,1.0,0.0,0.0,0.0,0.0,0.0,0.0,1.0,1.0,0.0,0.0,0.0,0.0,0.0,
ESP-La Liga,1617,2016-09-17 Las Palmas-Málaga,Las Palmas,Javi Varas,True,Goalkeeper,,start,end,1.0,0.0,0.0,0.0,0.0,0.0,0.0,0.0,2.0,0.0,0.0,0.0,0.0,0.0,
ESP-La Liga,1617,2016-09-17 Las Palmas-Málaga,Málaga,Carlos Kameni,False,Goalkeeper,,start,end,1.0,0.0,0.0,0.0,0.0,0.0,0.0,1.0,1.0,0.0,0.0,0.0,0.0,0.0,
ESP-La Liga,1617,2016-09-17 Leganés-Barcelona,Barcelona,Marc-André ter Stegen,False,Goalkeeper,,start,end,1.0,0.0,2.0,0.0,0.0,0.0,0.0,1.0,4.0,0.0,0.0,0.0,0.0,0.0,
ESP-La Liga,1617,2016-09-17 Leganés-Barcelona,Leganés,Jon Serantes,True,Goalkeeper,,start,end,1.0,0.0,0.0,0.0,0.0,0.0,0.0,5.0,2.0,0.0,0.0,0.0,0.0,0.0,
ESP-La Liga,1617,2016-09-18 Athletic Club-Valencia,Athletic Club,Kepa Arrizabalaga,True,Goalkeeper,,start,end,1.0,0.0,0.0,0.0,0.0,0.0,0.0,1.0,1.0,0.0,0.0,0.0,0.0,0.0,
ESP-La Liga,1617,2016-09-18 Athletic Club-Valencia,Valencia,Diego Alves,False,Goalkeeper,,start,end,1.0,0.0,0.0,0.0,0.0,0.0,0.0,2.0,2.0,0.0,0.0,0.0,0.0,0.0,
ESP-La Liga,1617,2016-09-18 Espanyol-Real Madrid,Espanyol,Diego López,True,Goalkeeper,,start,end,1.0,0.0,0.0,0.0,0.0,0.0,0.0,2.0,5.0,0.0,0.0,0.0,0.0,0.0,
ESP-La Liga,1617,2016-09-18 Espanyol-Real Madrid,Real Madrid,Kiko Casilla,False,Goalkeeper,,start,end,1.0,0.0,0.0,0.0,0.0,0.0,0.0,0.0,2.0,0.0,0.0,0.0,0.0,0.0,
ESP-La Liga,1617,2016-09-18 Osasuna-Celta Vigo,Celta Vigo,Sergio Álvarez,False,Goalkeeper,,start,end,1.0,0.0,0.0,0.0,0.0,0.0,0.0,0.0,1.0,0.0,0.0,0.0,0.0,0.0,
ESP-La Liga,1617,2016-09-18 Osasuna-Celta Vigo,Osasuna,Mario Fernández,True,Goalkeeper,,start,end,1.0,0.0,0.0,0.0,0.0,0.0,0.0,0.0,5.0,0.0,0.0,0.0,0.0,0.0,
ESP-La Liga,1617,2016-09-18 Villarreal-Real Sociedad,Real Sociedad,Gerónimo Rulli,False,Goalkeeper,,start,end,1.0,1.0,0.0,0.0,0.0,0.0,1.0,2.0,2.0,0.0,0.0,0.0,0.0,0.0,
ESP-La Liga,1617,2016-09-18 Villarreal-Real Sociedad,Villarreal,Sergio Asenjo,True,Goalkeeper,,start,end,1.0,0.0,0.0,0.0,0.0,0.0,0.0,1.0,1.0,0.0,0.0,0.0,0.0,0.0,
ESP-La Liga,1617,2016-09-19 Alavés-Deportivo La Coruña,Alavés,Fernando Pacheco,True,Goalkeeper,,start,end,1.0,0.0,0.0,0.0,0.0,0.0,0.0,0.0,1.0,0.0,0.0,0.0,0.0,0.0,
ESP-La Liga,1617,2016-09-19 Alavés-Deportivo La Coruña,Deportivo La Coruña,Germán Lux,False,Goalkeeper,,start,end,1.0,0.0,0.0,0.0,0.0,0.0,0.0,0.0,1.0,0.0,0.0,0.0,0.0,0.0,
ESP-La Liga,1617,2016-09-20 Málaga-Eibar,Eibar,Asier Riesgo,False,Goalkeeper,,start,end,1.0,0.0,0.0,0.0,0.0,0.0,0.0,2.0,4.0,0.0,0.0,0.0,0.0,0.0,
ESP-La Liga,1617,2016-09-20 Málaga-Eibar,Málaga,Carlos Kameni,True,Goalkeeper,,start,end,1.0,0.0,0.0,0.0,0.0,0.0,0.0,1.0,2.0,0.0,0.0,0.0,0.0,0.0,
ESP-La Liga,1617,2016-09-20 Sevilla-Real Betis,Real Betis,Antonio Adán,False,Goalkeeper,,start,end,1.0,0.0,0.0,0.0,0.0,0.0,0.0,1.0,2.0,0.0,0.0,0.0,0.0,0.0,
ESP-La Liga,1617,2016-09-20 Sevilla-Real Betis,Sevilla,Sergio Rico,True,Goalkeeper,,start,end,1.0,0.0,0.0,0.0,0.0,0.0,0.0,0.0,2.0,0.0,0.0,0.0,0.0,0.0,
ESP-La Liga,1617,2016-09-21 Barcelona-Atlético Madrid,Atlético Madrid,Jan Oblak,False,Goalkeeper,,start,end,1.0,0.0,0.0,0.0,0.0,0.0,0.0,1.0,6.0,0.0,0.0,0.0,0.0,0.0,
ESP-La Liga,1617,2016-09-21 Barcelona-Atlético Madrid,Barcelona,Marc-André ter Stegen,True,Goalkeeper,,start,end,1.0,0.0,0.0,0.0,0.0,0.0,0.0,1.0,3.0,0.0,0.0,0.0,0.0,0.0,
ESP-La Liga,1617,2016-09-21 Celta Vigo-Sporting Gijón,Celta Vigo,Sergio Álvarez,True,Goalkeeper,,start,end,1.0,0.0,0.0,0.0,0.0,0.0,0.0,1.0,0.0,0.0,0.0,0.0,0.0,0.0,
ESP-La Liga,1617,2016-09-21 Celta Vigo-Sporting Gijón,Sporting Gijón,Iván Cuéllar,False,Goalkeeper,,start,end,1.0,0.0,1.0,0.0,0.0,0.0,0.0,2.0,3.0,0.0,0.0,0.0,0.0,0.0,
ESP-La Liga,1617,2016-09-21 Granada-Athletic Club,Athletic Club,Kepa Arrizabalaga,False,Goalkeeper,,start,end,1.0,0.0,0.0,0.0,0.0,0.0,0.0,1.0,1.0,0.0,0.0,0.0,0.0,0.0,
ESP-La Liga,1617,2016-09-21 Granada-Athletic Club,Granada,Guillermo Ochoa,True,Goalkeeper,,start,end,1.0,0.0,0.0,0.0,0.0,0.0,0.0,2.0,5.0,0.0,0.0,0.0,0.0,0.0,
ESP-La Liga,1617,2016-09-21 Real Madrid-Villarreal,Real Madrid,Kiko Casilla,True,Goalkeeper,,start,end,1.0,0.0,0.0,0.0,0.0,0.0,0.0,1.0,2.0,0.0,0.0,0.0,0.0,0.0,
ESP-La Liga,1617,2016-09-21 Real Madrid-Villarreal,Villarreal,Sergio Asenjo,False,Goalkeeper,,start,end,1.0,0.0,0.0,0.0,0.0,0.0,0.0,1.0,5.0,0.0,0.0,0.0,0.0,0.0,
ESP-La Liga,1617,2016-09-21 Real Sociedad-Las Palmas,Las Palmas,Javi Varas,False,Goalkeeper,,start,end,1.0,0.0,0.0,0.0,0.0,0.0,0.0,4.0,3.0,0.0,0.0,0.0,0.0,0.0,
ESP-La Liga,1617,2016-09-21 Real Sociedad-Las Palmas,Real Sociedad,Gerónimo Rulli,True,Goalkeeper,,start,end,1.0,0.0,0.0,0.0,0.0,0.0,0.0,1.0,2.0,0.0,0.0,0.0,0.0,0.0,
ESP-La Liga,1617,2016-09-22 Deportivo La Coruña-Leganés,Deportivo La Coruña,Germán Lux,True,Goalkeeper,,start,end,1.0,0.0,0.0,0.0,0.0,0.0,0.0,2.0,0.0,0.0,0.0,0.0,0.0,0.0,
ESP-La Liga,1617,2016-09-22 Deportivo La Coruña-Leganés,Leganés,Jon Serantes,False,Goalkeeper,,start,end,1.0,0.0,0.0,0.0,0.0,0.0,0.0,1.0,4.0,0.0,0.0,0.0,0.0,0.0,
ESP-La Liga,1617,2016-09-22 Osasuna-Espanyol,Espanyol,Diego López,False,Goalkeeper,,start,end,1.0,0.0,0.0,0.0,0.0,0.0,0.0,1.0,11.0,0.0,0.0,0.0,0.0,0.0,
ESP-La Liga,1617,2016-09-22 Osasuna-Espanyol,Osasuna,Mario Fernández,True,Goalkeeper,,start,end,1.0,0.0,0.0,0.0,0.0,0.0,0.0,2.0,0.0,0.0,0.0,0.0,0.0,0.0,
ESP-La Liga,1617,2016-09-22 Valencia-Alavés,Alavés,Fernando Pacheco,False,Goalkeeper,,start,end,1.0,0.0,0.0,0.0,0.0,0.0,0.0,2.0,1.0,0.0,0.0,0.0,0.0,0.0,
ESP-La Liga,1617,2016-09-22 Valencia-Alavés,Valencia,Diego Alves,True,Goalkeeper,,start,end,1.0,0.0,0.0,0.0,0.0,0.0,1.0,1.0,0.0,0.0,0.0,0.0,0.0,0.0,
ESP-La Liga,1617,2016-09-23 Real Betis-Málaga,Málaga,Carlos Kameni,False,Goalkeeper,,start,end,1.0,0.0,0.0,0.0,0.0,0.0,0.0,1.0,2.0,0.0,0.0,0.0,0.0,0.0,
ESP-La Liga,1617,2016-09-23 Real Betis-Málaga,Real Betis,Antonio Adán,True,Goalkeeper,,start,end,1.0,0.0,0.0,0.0,0.0,0.0,0.0,0.0,6.0,0.0,0.0,0.0,0.0,0.0,
ESP-La Liga,1617,2016-09-24 Athletic Club-Sevilla,Athletic Club,Kepa Arrizabalaga,True,Goalkeeper,,start,end,1.0,0.0,0.0,0.0,0.0,0.0,0.0,1.0,1.0,0.0,0.0,0.0,0.0,0.0,
ESP-La Liga,1617,2016-09-24 Athletic Club-Sevilla,Sevilla,Salvatore Sirigu,False,Goalkeeper,,start,end,1.0,1.0,0.0,0.0,1.0,0.0,0.0,2.0,4.0,0.0,0.0,0.0,0.0,0.0,
ESP-La Liga,1617,2016-09-24 Eibar-Real Sociedad,Eibar,Asier Riesgo,True,Goalkeeper,,start,end,1.0,0.0,0.0,0.0,0.0,0.0,0.0,0.0,0.0,0.0,0.0,0.0,0.0,0.0,
ESP-La Liga,1617,2016-09-24 Eibar-Real Sociedad,Real Sociedad,Gerónimo Rulli,False,Goalkeeper,,start,end,1.0,0.0,0.0,0.0,0.0,0.0,0.0,2.0,2.0,0.0,0.0,0.0,0.0,0.0,
ESP-La Liga,1617,2016-09-24 Las Palmas-Real Madrid,Las Palmas,Javi Varas,True,Goalkeeper,,start,end,1.0,0.0,0.0,0.0,0.0,0.0,0.0,2.0,9.0,0.0,0.0,0.0,0.0,0.0,
ESP-La Liga,1617,2016-09-24 Las Palmas-Real Madrid,Real Madrid,Kiko Casilla,False,Goalkeeper,,start,end,1.0,0.0,0.0,0.0,0.0,0.0,0.0,2.0,4.0,0.0,0.0,0.0,0.0,0.0,
ESP-La Liga,1617,2016-09-24 Sporting Gijón-Barcelona,Barcelona,Marc-André ter Stegen,False,Goalkeeper,,start,end,1.0,1.0,0.0,0.0,0.0,0.0,0.0,0.0,3.0,0.0,0.0,0.0,0.0,0.0,
ESP-La Liga,1617,2016-09-24 Sporting Gijón-Barcelona,Sporting Gijón,Iván Cuéllar,True,Goalkeeper,,start,end,1.0,0.0,0.0,0.0,0.0,0.0,0.0,5.0,2.0,0.0,0.0,0.0,0.0,0.0,
ESP-La Liga,1617,2016-09-25 Atlético Madrid-Deportivo La Coruña,Atlético Madrid,Jan Oblak,True,Goalkeeper,,start,end,1.0,0.0,0.0,0.0,0.0,0.0,0.0,0.0,1.0,0.0,0.0,0.0,0.0,0.0,
ESP-La Liga,1617,2016-09-25 Atlético Madrid-Deportivo La Coruña,Deportivo La Coruña,Germán Lux,False,Goalkeeper,,start,end,1.0,0.0,0.0,0.0,0.0,0.0,0.0,1.0,4.0,0.0,0.0,0.0,0.0,0.0,
ESP-La Liga,1617,2016-09-25 Espanyol-Celta Vigo,Celta Vigo,Sergio Álvarez,False,Goalkeeper,,start,end,1.0,0.0,0.0,0.0,0.0,0.0,0.0,0.0,1.0,0.0,0.0,0.0,0.0,0.0,
ESP-La Liga,1617,2016-09-25 Espanyol-Celta Vigo,Espanyol,Diego López,True,Goalkeeper,,start,end,1.0,0.0,0.0,0.0,0.0,0.0,0.0,2.0,2.0,0.0,0.0,0.0,0.0,0.0,
ESP-La Liga,1617,2016-09-25 Leganés-Valencia,Leganés,Jon Serantes,True,Goalkeeper,,start,end,1.0,0.0,0.0,0.0,0.0,0.0,1.0,2.0,2.0,0.0,0.0,0.0,0.0,0.0,
ESP-La Liga,1617,2016-09-25 Leganés-Valencia,Valencia,Diego Alves,False,Goalkeeper,,start,end,1.0,1.0,0.0,0.0,0.0,0.0,1.0,1.0,2.0,0.0,0.0,0.0,0.0,0.0,
ESP-La Liga,1617,2016-09-25 Villarreal-Osasuna,Osasuna,Mario Fernández,False,Goalkeeper,,start,45,1.0,1.0,0.0,0.0,0.0,0.0,1.0,3.0,1.0,0.0,0.0,0.0,0.0,0.0,
ESP-La Liga,1617,2016-09-25 Villarreal-Osasuna,Villarreal,Sergio Asenjo,True,Goalkeeper,,start,end,1.0,0.0,0.0,0.0,0.0,0.0,0.0,1.0,2.0,0.0,0.0,0.0,0.0,0.0,
ESP-La Liga,1617,2016-09-26 Alavés-Granada,Alavés,Fernando Pacheco,True,Goalkeeper,,start,end,1.0,0.0,0.0,0.0,0.0,0.0,0.0,1.0,2.0,0.0,0.0,0.0,0.0,0.0,
ESP-La Liga,1617,2016-09-26 Alavés-Granada,Granada,Guillermo Ochoa,False,Goalkeeper,,start,end,1.0,0.0,0.0,0.0,0.0,0.0,0.0,3.0,3.0,0.0,0.0,0.0,0.0,0.0,
ESP-La Liga,1617,2016-09-30 Real Sociedad-Real Betis,Real Betis,Antonio Adán,False,Goalkeeper,,start,end,1.0,0.0,0.0,0.0,0.0,0.0,0.0,1.0,7.0,0.0,0.0,0.0,0.0,0.0,
ESP-La Liga,1617,2016-09-30 Real Sociedad-Real Betis,Real Sociedad,Gerónimo Rulli,True,Goalkeeper,,start,end,1.0,0.0,0.0,0.0,0.0,0.0,0.0,0.0,2.0,0.0,0.0,0.0,0.0,0.0,
ESP-La Liga,1617,2016-10-01 Deportivo La Coruña-Sporting Gijón,Deportivo La Coruña,Germán Lux,True,Goalkeeper,,start,end,1.0,0.0,0.0,0.0,0.0,0.0,0.0,1.0,1.0,0.0,0.0,0.0,0.0,0.0,
ESP-La Liga,1617,2016-10-01 Deportivo La Coruña-Sporting Gijón,Sporting Gijón,Iván Cuéllar,False,Goalkeeper,,start,end,1.0,0.0,0.0,0.0,0.0,0.0,0.0,2.0,4.0,0.0,0.0,0.0,0.0,0.0,
ESP-La Liga,1617,2016-10-01 Granada-Leganés,Granada,Guillermo Ochoa,True,Goalkeeper,,start,end,1.0,0.0,0.0,0.0,0.0,0.0,0.0,1.0,2.0,0.0,0.0,0.0,0.0,0.0,
ESP-La Liga,1617,2016-10-01 Granada-Leganés,Leganés,Jon Serantes,False,Goalkeeper,,start,end,1.0,0.0,0.0,0.0,0.0,0.0,0.0,0.0,1.0,0.0,0.0,0.0,0.0,0.0,
ESP-La Liga,1617,2016-10-01 Osasuna-Las Palmas,Las Palmas,Raúl Lizoain,False,Goalkeeper,,start,end,1.0,0.0,0.0,0.0,0.0,0.0,0.0,2.0,1.0,0.0,0.0,0.0,0.0,0.0,
ESP-La Liga,1617,2016-10-01 Osasuna-Las Palmas,Osasuna,Nauzet,True,Goalkeeper,,start,end,1.0,0.0,0.0,0.0,0.0,0.0,1.0,2.0,3.0,0.0,0.0,0.0,0.0,0.0,
ESP-La Liga,1617,2016-10-01 Sevilla-Alavés,Alavés,Fernando Pacheco,False,Goalkeeper,,start,end,1.0,0.0,0.0,0.0,0.0,0.0,0.0,2.0,10.0,0.0,0.0,0.0,0.0,0.0,
ESP-La Liga,1617,2016-10-01 Sevilla-Alavés,Sevilla,Sergio Rico,True,Goalkeeper,,start,end,1.0,0.0,0.0,0.0,0.0,0.0,0.0,1.0,0.0,0.0,0.0,0.0,0.0,0.0,
ESP-La Liga,1617,2016-10-02 Celta Vigo-Barcelona,Barcelona,Marc-André ter Stegen,False,Goalkeeper,,start,end,1.0,0.0,0.0,0.0,0.0,0.0,0.0,4.0,6.0,0.0,0.0,0.0,0.0,0.0,
ESP-La Liga,1617,2016-10-02 Celta Vigo-Barcelona,Celta Vigo,Sergio Álvarez,True,Goalkeeper,,start,end,1.0,0.0,0.0,0.0,0.0,0.0,0.0,3.0,1.0,0.0,0.0,0.0,0.0,0.0,
ESP-La Liga,1617,2016-10-02 Espanyol-Villarreal,Espanyol,Diego López,True,Goalkeeper,,start,end,1.0,0.0,0.0,0.0,0.0,0.0,0.0,0.0,1.0,0.0,0.0,0.0,0.0,0.0,
ESP-La Liga,1617,2016-10-02 Espanyol-Villarreal,Villarreal,Sergio Asenjo,False,Goalkeeper,,start,end,1.0,0.0,0.0,0.0,0.0,0.0,0.0,0.0,1.0,0.0,0.0,0.0,0.0,0.0,
ESP-La Liga,1617,2016-10-02 Málaga-Athletic Club,Athletic Club,Gorka Iraizoz,False,Goalkeeper,,start,end,1.0,0.0,1.0,0.0,0.0,0.0,0.0,2.0,1.0,0.0,0.0,0.0,0.0,0.0,
ESP-La Liga,1617,2016-10-02 Málaga-Athletic Club,Málaga,Carlos Kameni,True,Goalkeeper,,start,end,1.0,0.0,0.0,0.0,0.0,0.0,0.0,1.0,0.0,0.0,0.0,0.0,0.0,0.0,
ESP-La Liga,1617,2016-10-02 Real Madrid-Eibar,Eibar,Asier Riesgo,False,Goalkeeper,,start,end,1.0,0.0,0.0,0.0,0.0,0.0,0.0,1.0,3.0,0.0,0.0,0.0,0.0,0.0,
ESP-La Liga,1617,2016-10-02 Real Madrid-Eibar,Real Madrid,Keylor Navas,True,Goalkeeper,,start,end,1.0,0.0,0.0,0.0,0.0,0.0,0.0,1.0,3.0,0.0,0.0,0.0,0.0,0.0,
ESP-La Liga,1617,2016-10-02 Valencia-Atlético Madrid,Atlético Madrid,Jan Oblak,False,Goalkeeper,,start,end,1.0,0.0,1.0,0.0,0.0,0.0,0.0,0.0,5.0,0.0,0.0,0.0,0.0,0.0,
ESP-La Liga,1617,2016-10-02 Valencia-Atlético Madrid,Valencia,Diego Alves,True,Goalkeeper,,start,end,1.0,0.0,1.0,0.0,0.0,0.0,0.0,2.0,8.0,0.0,0.0,0.0,0.0,0.0,
ESP-La Liga,1617,2016-10-14 Las Palmas-Espanyol,Espanyol,Diego López,False,Goalkeeper,,start,end,1.0,0.0,0.0,0.0,0.0,0.0,0.0,0.0,8.0,0.0,0.0,0.0,0.0,0.0,
ESP-La Liga,1617,2016-10-14 Las Palmas-Espanyol,Las Palmas,Raúl Lizoain,True,Goalkeeper,,start,end,1.0,0.0,0.0,0.0,0.0,0.0,0.0,0.0,2.0,0.0,0.0,0.0,0.0,0.0,
ESP-La Liga,1617,2016-10-15 Atlético Madrid-Granada,Atlético Madrid,Jan Oblak,True,Goalkeeper,,start,end,1.0,0.0,0.0,0.0,0.0,0.0,0.0,1.0,1.0,0.0,0.0,0.0,0.0,0.0,
ESP-La Liga,1617,2016-10-15 Atlético Madrid-Granada,Granada,Guillermo Ochoa,False,Goalkeeper,,start,end,1.0,0.0,0.0,0.0,0.0,0.0,0.0,7.0,4.0,0.0,0.0,0.0,0.0,0.0,
ESP-La Liga,1617,2016-10-15 Barcelona-Deportivo La Coruña,Barcelona,Marc-André ter Stegen,True,Goalkeeper,,start,end,1.0,0.0,0.0,0.0,0.0,0.0,0.0,0.0,0.0,0.0,0.0,0.0,0.0,0.0,
ESP-La Liga,1617,2016-10-15 Barcelona-Deportivo La Coruña,Deportivo La Coruña,Germán Lux,False,Goalkeeper,,start,end,1.0,0.0,1.0,0.0,0.0,0.0,0.0,4.0,4.0,0.0,0.0,0.0,0.0,0.0,
ESP-La Liga,1617,2016-10-15 Leganés-Sevilla,Leganés,Jon Serantes,True,Goalkeeper,,start,end,1.0,0.0,0.0,0.0,0.0,0.0,0.0,3.0,1.0,0.0,0.0,0.0,0.0,0.0,
ESP-La Liga,1617,2016-10-15 Leganés-Sevilla,Sevilla,Sergio Rico,False,Goalkeeper,,start,end,1.0,0.0,0.0,0.0,0.0,0.0,0.0,2.0,4.0,0.0,0.0,0.0,0.0,0.0,
ESP-La Liga,1617,2016-10-15 Real Betis-Real Madrid,Real Betis,Antonio Adán,True,Goalkeeper,,start,end,1.0,0.0,0.0,0.0,0.0,0.0,0.0,6.0,3.0,0.0,0.0,0.0,0.0,0.0,
ESP-La Liga,1617,2016-10-15 Real Betis-Real Madrid,Real Madrid,Keylor Navas,False,Goalkeeper,,start,end,1.0,0.0,0.0,0.0,0.0,0.0,0.0,1.0,1.0,0.0,0.0,0.0,0.0,0.0,
ESP-La Liga,1617,2016-10-16 Alavés-Málaga,Alavés,Fernando Pacheco,True,Goalkeeper,,start,end,1.0,0.0,0.0,0.0,0.0,0.0,0.0,1.0,4.0,0.0,0.0,0.0,0.0,0.0,
ESP-La Liga,1617,2016-10-16 Alavés-Málaga,Málaga,Carlos Kameni,False,Goalkeeper,,start,end,1.0,0.0,0.0,0.0,0.0,0.0,0.0,1.0,3.0,0.0,0.0,0.0,0.0,0.0,
ESP-La Liga,1617,2016-10-16 Athletic Club-Real Sociedad,Athletic Club,Gorka Iraizoz,True,Goalkeeper,,start,end,1.0,0.0,0.0,0.0,0.0,0.0,0.0,2.0,1.0,0.0,0.0,0.0,0.0,0.0,
ESP-La Liga,1617,2016-10-16 Athletic Club-Real Sociedad,Real Sociedad,Gerónimo Rulli,False,Goalkeeper,,start,end,1.0,0.0,1.0,0.0,0.0,0.0,1.0,3.0,8.0,0.0,0.0,0.0,0.0,0.0,
ESP-La Liga,1617,2016-10-16 Sporting Gijón-Valencia,Sporting Gijón,Iván Cuéllar,True,Goalkeeper,,start,end,1.0,0.0,1.0,0.0,0.0,0.0,0.0,2.0,1.0,0.0,0.0,0.0,0.0,0.0,
ESP-La Liga,1617,2016-10-16 Sporting Gijón-Valencia,Valencia,Diego Alves,False,Goalkeeper,,start,end,1.0,0.0,0.0,0.0,0.0,0.0,0.0,1.0,1.0,0.0,0.0,0.0,0.0,0.0,
ESP-La Liga,1617,2016-10-16 Villarreal-Celta Vigo,Celta Vigo,Sergio Álvarez,False,Goalkeeper,,start,end,1.0,0.0,1.0,0.0,0.0,0.0,0.0,5.0,1.0,0.0,0.0,0.0,0.0,0.0,
ESP-La Liga,1617,2016-10-16 Villarreal-Celta Vigo,Villarreal,Sergio Asenjo,True,Goalkeeper,,start,end,1.0,0.0,0.0,0.0,0.0,0.0,0.0,0.0,1.0,0.0,0.0,0.0,0.0,0.0,
ESP-La Liga,1617,2016-10-17 Eibar-Osasuna,Eibar,Asier Riesgo,True,Goalkeeper,,start,end,1.0,0.0,0.0,0.0,0.0,0.0,0.0,3.0,1.0,0.0,0.0,0.0,0.0,0.0,
ESP-La Liga,1617,2016-10-17 Eibar-Osasuna,Osasuna,Nauzet,False,Goalkeeper,,start,end,1.0,0.0,0.0,0.0,0.0,0.0,0.0,2.0,3.0,0.0,0.0,0.0,0.0,0.0,
ESP-La Liga,1617,2016-10-21 Osasuna-Real Betis,Osasuna,Nauzet,True,Goalkeeper,,start,end,1.0,0.0,0.0,0.0,0.0,0.0,0.0,2.0,3.0,0.0,0.0,0.0,0.0,0.0,
ESP-La Liga,1617,2016-10-21 Osasuna-Real Betis,Real Betis,Antonio Adán,False,Goalkeeper,,start,end,1.0,0.0,0.0,0.0,0.0,0.0,0.0,1.0,3.0,0.0,0.0,0.0,0.0,0.0,
ESP-La Liga,1617,2016-10-22 Espanyol-Eibar,Eibar,Asier Riesgo,False,Goalkeeper,,start,end,1.0,0.0,0.0,0.0,0.0,0.0,0.0,3.0,2.0,0.0,0.0,0.0,0.0,0.0,
ESP-La Liga,1617,2016-10-22 Espanyol-Eibar,Espanyol,Diego López,True,Goalkeeper,,start,end,1.0,0.0,0.0,0.0,0.0,0.0,0.0,3.0,1.0,0.0,0.0,0.0,0.0,0.0,
ESP-La Liga,1617,2016-10-22 Granada-Sporting Gijón,Granada,Guillermo Ochoa,True,Goalkeeper,,start,end,1.0,0.0,0.0,0.0,0.0,0.0,0.0,0.0,3.0,0.0,0.0,0.0,0.0,0.0,
ESP-La Liga,1617,2016-10-22 Granada-Sporting Gijón,Sporting Gijón,Iván Cuéllar,False,Goalkeeper,,start,end,1.0,0.0,0.0,0.0,0.0,0.0,0.0,0.0,1.0,0.0,0.0,0.0,0.0,0.0,
ESP-La Liga,1617,2016-10-22 Real Sociedad-Alavés,Alavés,Fernando Pacheco,False,Goalkeeper,,start,end,1.0,0.0,0.0,0.0,0.0,0.0,0.0,3.0,2.0,0.0,0.0,0.0,0.0,0.0,
ESP-La Liga,1617,2016-10-22 Real Sociedad-Alavés,Real Sociedad,Gerónimo Rulli,True,Goalkeeper,,start,end,1.0,0.0,0.0,0.0,0.0,0.0,0.0,0.0,3.0,0.0,0.0,0.0,0.0,0.0,
ESP-La Liga,1617,2016-10-22 Valencia-Barcelona,Barcelona,Marc-André ter Stegen,False,Goalkeeper,,start,end,1.0,0.0,0.0,0.0,0.0,0.0,0.0,2.0,2.0,0.0,0.0,0.0,0.0,0.0,
ESP-La Liga,1617,2016-10-22 Valencia-Barcelona,Valencia,Diego Alves,True,Goalkeeper,,start,end,1.0,0.0,0.0,0.0,0.0,0.0,1.0,3.0,5.0,0.0,0.0,0.0,0.0,0.0,
ESP-La Liga,1617,2016-10-23 Celta Vigo-Deportivo La Coruña,Celta Vigo,Sergio Álvarez,True,Goalkeeper,,start,end,1.0,0.0,0.0,0.0,0.0,0.0,0.0,1.0,0.0,0.0,1.0,0.0,0.0,0.0,
ESP-La Liga,1617,2016-10-23 Celta Vigo-Deportivo La Coruña,Deportivo La Coruña,Germán Lux,False,Goalkeeper,,start,end,1.0,0.0,0.0,0.0,0.0,0.0,1.0,4.0,3.0,0.0,0.0,0.0,0.0,0.0,
ESP-La Liga,1617,2016-10-23 Málaga-Leganés,Leganés,Jon Serantes,False,Goalkeeper,,start,end,1.0,0.0,0.0,0.0,0.0,0.0,0.0,4.0,4.0,0.0,0.0,0.0,0.0,0.0,
ESP-La Liga,1617,2016-10-23 Málaga-Leganés,Málaga,Carlos Kameni,True,Goalkeeper,,start,end,1.0,0.0,0.0,0.0,0.0,0.0,0.0,0.0,5.0,0.0,0.0,0.0,0.0,0.0,
ESP-La Liga,1617,2016-10-23 Real Madrid-Athletic Club,Athletic Club,Gorka Iraizoz,False,Goalkeeper,,start,end,1.0,0.0,0.0,0.0,0.0,0.0,0.0,2.0,6.0,0.0,0.0,0.0,0.0,0.0,
ESP-La Liga,1617,2016-10-23 Real Madrid-Athletic Club,Real Madrid,Keylor Navas,True,Goalkeeper,,start,end,1.0,0.0,0.0,0.0,0.0,0.0,0.0,1.0,2.0,0.0,0.0,0.0,0.0,0.0,
ESP-La Liga,1617,2016-10-23 Sevilla-Atlético Madrid,Atlético Madrid,Jan Oblak,False,Goalkeeper,,start,end,1.0,0.0,0.0,0.0,0.0,0.0,0.0,1.0,4.0,0.0,0.0,0.0,0.0,0.0,
ESP-La Liga,1617,2016-10-23 Sevilla-Atlético Madrid,Sevilla,Sergio Rico,True,Goalkeeper,,start,end,1.0,0.0,0.0,0.0,0.0,0.0,0.0,0.0,3.0,0.0,0.0,0.0,0.0,0.0,
ESP-La Liga,1617,2016-10-23 Villarreal-Las Palmas,Las Palmas,Raúl Lizoain,False,Goalkeeper,,start,end,1.0,0.0,1.0,0.0,0.0,0.0,0.0,2.0,2.0,0.0,0.0,0.0,0.0,0.0,
ESP-La Liga,1617,2016-10-23 Villarreal-Las Palmas,Villarreal,Sergio Asenjo,True,Goalkeeper,,start,end,1.0,0.0,0.0,0.0,0.0,0.0,0.0,1.0,3.0,0.0,0.0,0.0,0.0,0.0,
ESP-La Liga,1617,2016-10-28 Leganés-Real Sociedad,Leganés,Jon Serantes,True,Goalkeeper,,start,end,1.0,0.0,0.0,0.0,0.0,0.0,0.0,2.0,3.0,0.0,0.0,0.0,0.0,0.0,
ESP-La Liga,1617,2016-10-28 Leganés-Real Sociedad,Real Sociedad,Gerónimo Rulli,False,Goalkeeper,,start,end,1.0,0.0,1.0,0.0,0.0,0.0,0.0,0.0,4.0,0.0,0.0,0.0,0.0,0.0,
ESP-La Liga,1617,2016-10-29 Alavés-Real Madrid,Alavés,Fernando Pacheco,True,Goalkeeper,,start,end,1.0,0.0,0.0,0.0,0.0,0.0,0.0,4.0,1.0,0.0,0.0,0.0,0.0,0.0,
ESP-La Liga,1617,2016-10-29 Alavés-Real Madrid,Real Madrid,Keylor Navas,False,Goalkeeper,,start,end,1.0,0.0,0.0,0.0,0.0,0.0,0.0,1.0,2.0,0.0,0.0,0.0,0.0,0.0,
ESP-La Liga,1617,2016-10-29 Atlético Madrid-Málaga,Atlético Madrid,Jan Oblak,True,Goalkeeper,,start,end,1.0,0.0,0.0,0.0,0.0,0.0,1.0,2.0,1.0,0.0,0.0,0.0,0.0,0.0,
ESP-La Liga,1617,2016-10-29 Atlético Madrid-Málaga,Málaga,Carlos Kameni,False,Goalkeeper,,start,end,1.0,0.0,0.0,0.0,0.0,0.0,0.0,4.0,3.0,0.0,0.0,0.0,0.0,0.0,
ESP-La Liga,1617,2016-10-29 Barcelona-Granada,Barcelona,Marc-André ter Stegen,True,Goalkeeper,,start,end,1.0,0.0,0.0,0.0,0.0,0.0,0.0,0.0,0.0,0.0,0.0,0.0,0.0,0.0,
ESP-La Liga,1617,2016-10-29 Barcelona-Granada,Granada,Guillermo Ochoa,False,Goalkeeper,,start,end,1.0,0.0,0.0,0.0,0.0,0.0,0.0,1.0,4.0,0.0,0.0,0.0,0.0,0.0,
ESP-La Liga,1617,2016-10-29 Sporting Gijón-Sevilla,Sevilla,Sergio Rico,False,Goalkeeper,,start,end,1.0,0.0,0.0,0.0,0.0,0.0,0.0,1.0,4.0,0.0,0.0,0.0,0.0,0.0,
ESP-La Liga,1617,2016-10-29 Sporting Gijón-Sevilla,Sporting Gijón,Iván Cuéllar,True,Goalkeeper,,start,end,1.0,0.0,0.0,0.0,0.0,0.0,1.0,1.0,5.0,0.0,0.0,0.0,0.0,0.0,
ESP-La Liga,1617,2016-10-30 Athletic Club-Osasuna,Athletic Club,Gorka Iraizoz,True,Goalkeeper,,start,end,1.0,0.0,1.0,0.0,0.0,0.0,0.0,1.0,2.0,0.0,0.0,0.0,0.0,0.0,
ESP-La Liga,1617,2016-10-30 Athletic Club-Osasuna,Osasuna,Nauzet,False,Goalkeeper,,start,end,1.0,0.0,0.0,0.0,0.0,0.0,0.0,1.0,3.0,0.0,0.0,0.0,0.0,0.0,
ESP-La Liga,1617,2016-10-30 Eibar-Villarreal,Eibar,Asier Riesgo,True,Goalkeeper,,start,end,1.0,0.0,0.0,0.0,0.0,0.0,0.0,1.0,0.0,0.0,0.0,0.0,0.0,0.0,
ESP-La Liga,1617,2016-10-30 Eibar-Villarreal,Villarreal,Sergio Asenjo,False,Goalkeeper,,start,end,1.0,0.0,0.0,0.0,0.0,0.0,0.0,2.0,7.0,0.0,0.0,0.0,0.0,0.0,
ESP-La Liga,1617,2016-10-30 Las Palmas-Celta Vigo,Celta Vigo,Sergio Álvarez,False,Goalkeeper,,start,end,1.0,0.0,0.0,0.0,0.0,0.0,0.0,3.0,5.0,0.0,0.0,0.0,0.0,0.0,
ESP-La Liga,1617,2016-10-30 Las Palmas-Celta Vigo,Las Palmas,Raúl Lizoain,True,Goalkeeper,,start,end,1.0,0.0,0.0,0.0,0.0,0.0,0.0,3.0,3.0,0.0,0.0,0.0,0.0,0.0,
ESP-La Liga,1617,2016-10-30 Real Betis-Espanyol,Espanyol,Diego López,False,Goalkeeper,,start,end,1.0,0.0,0.0,0.0,0.0,0.0,0.0,0.0,5.0,0.0,0.0,0.0,0.0,0.0,
ESP-La Liga,1617,2016-10-30 Real Betis-Espanyol,Real Betis,Antonio Adán,True,Goalkeeper,,start,end,1.0,0.0,0.0,0.0,0.0,0.0,0.0,1.0,4.0,0.0,0.0,0.0,0.0,0.0,
ESP-La Liga,1617,2016-10-31 Deportivo La Coruña-Valencia,Deportivo La Coruña,Przemyslaw Tyton,True,Goalkeeper,,start,end,1.0,0.0,0.0,0.0,0.0,0.0,0.0,1.0,2.0,0.0,0.0,0.0,0.0,0.0,
ESP-La Liga,1617,2016-10-31 Deportivo La Coruña-Valencia,Valencia,Diego Alves,False,Goalkeeper,,start,end,1.0,0.0,0.0,0.0,0.0,0.0,0.0,1.0,3.0,0.0,0.0,0.0,0.0,0.0,
ESP-La Liga,1617,2016-11-04 Málaga-Sporting Gijón,Málaga,Carlos Kameni,True,Goalkeeper,,start,end,1.0,0.0,0.0,0.0,0.0,0.0,0.0,2.0,2.0,0.0,0.0,0.0,0.0,0.0,
ESP-La Liga,1617,2016-11-04 Málaga-Sporting Gijón,Sporting Gijón,Iván Cuéllar,False,Goalkeeper,,start,end,1.0,0.0,1.0,0.0,0.0,0.0,0.0,3.0,5.0,0.0,0.0,0.0,0.0,0.0,
ESP-La Liga,1617,2016-11-05 Granada-Deportivo La Coruña,Deportivo La Coruña,Przemyslaw Tyton,False,Goalkeeper,,start,end,1.0,0.0,0.0,0.0,0.0,0.0,0.0,1.0,4.0,0.0,0.0,0.0,0.0,0.0,
ESP-La Liga,1617,2016-11-05 Granada-Deportivo La Coruña,Granada,Guillermo Ochoa,True,Goalkeeper,,start,end,1.0,0.0,0.0,0.0,0.0,0.0,0.0,1.0,4.0,0.0,0.0,0.0,0.0,0.0,
ESP-La Liga,1617,2016-11-05 Las Palmas-Eibar,Eibar,Asier Riesgo,False,Goalkeeper,,start,end,1.0,0.0,0.0,0.0,0.0,0.0,0.0,1.0,5.0,0.0,0.0,0.0,0.0,0.0,
ESP-La Liga,1617,2016-11-05 Las Palmas-Eibar,Las Palmas,Raúl Lizoain,True,Goalkeeper,,start,end,1.0,0.0,1.0,0.0,0.0,0.0,0.0,0.0,4.0,0.0,0.0,0.0,0.0,0.0,
ESP-La Liga,1617,2016-11-05 Osasuna-Alavés,Alavés,Fernando Pacheco,False,Goalkeeper,,start,end,1.0,0.0,1.0,0.0,0.0,0.0,0.0,0.0,3.0,0.0,0.0,0.0,0.0,0.0,
ESP-La Liga,1617,2016-11-05 Osasuna-Alavés,Osasuna,Nauzet,True,Goalkeeper,,start,end,1.0,0.0,0.0,0.0,0.0,0.0,0.0,1.0,2.0,0.0,0.0,0.0,0.0,0.0,
ESP-La Liga,1617,2016-11-05 Real Sociedad-Atlético Madrid,Atlético Madrid,Jan Oblak,False,Goalkeeper,,start,end,1.0,0.0,0.0,0.0,0.0,0.0,0.0,2.0,1.0,0.0,0.0,0.0,0.0,0.0,
ESP-La Liga,1617,2016-11-05 Real Sociedad-Atlético Madrid,Real Sociedad,Gerónimo Rulli,True,Goalkeeper,,start,end,1.0,0.0,0.0,0.0,0.0,0.0,0.0,0.0,2.0,0.0,0.0,0.0,0.0,0.0,
ESP-La Liga,1617,2016-11-06 Celta Vigo-Valencia,Celta Vigo,Rubén Blanco,True,Goalkeeper,,start,end,1.0,0.0,0.0,0.0,0.0,0.0,1.0,1.0,3.0,0.0,0.0,0.0,0.0,0.0,
ESP-La Liga,1617,2016-11-06 Celta Vigo-Valencia,Valencia,Diego Alves,False,Goalkeeper,,start,end,1.0,0.0,0.0,0.0,0.0,0.0,0.0,2.0,2.0,0.0,0.0,0.0,0.0,0.0,
ESP-La Liga,1617,2016-11-06 Espanyol-Athletic Club,Athletic Club,Kepa Arrizabalaga,False,Goalkeeper,,start,end,1.0,0.0,0.0,0.0,0.0,0.0,0.0,0.0,3.0,0.0,0.0,0.0,0.0,0.0,
ESP-La Liga,1617,2016-11-06 Espanyol-Athletic Club,Espanyol,Diego López,True,Goalkeeper,,start,end,1.0,0.0,1.0,0.0,0.0,0.0,0.0,0.0,0.0,0.0,0.0,0.0,0.0,0.0,
ESP-La Liga,1617,2016-11-06 Real Madrid-Leganés,Leganés,Jon Serantes,False,Goalkeeper,,start,end,1.0,0.0,0.0,0.0,0.0,0.0,0.0,3.0,4.0,0.0,0.0,1.0,0.0,1.0,
ESP-La Liga,1617,2016-11-06 Real Madrid-Leganés,Real Madrid,Keylor Navas,True,Goalkeeper,,start,end,1.0,0.0,0.0,0.0,0.0,0.0,0.0,0.0,3.0,0.0,0.0,0.0,0.0,0.0,
ESP-La Liga,1617,2016-11-06 Sevilla-Barcelona,Barcelona,Marc-André ter Stegen,False,Goalkeeper,,start,end,1.0,0.0,0.0,0.0,0.0,0.0,0.0,1.0,3.0,0.0,0.0,0.0,0.0,0.0,
ESP-La Liga,1617,2016-11-06 Sevilla-Barcelona,Sevilla,Sergio Rico,True,Goalkeeper,,start,end,1.0,0.0,0.0,0.0,0.0,0.0,0.0,2.0,5.0,0.0,0.0,0.0,0.0,0.0,
ESP-La Liga,1617,2016-11-06 Villarreal-Real Betis,Real Betis,Antonio Adán,False,Goalkeeper,,start,end,1.0,0.0,1.0,0.0,0.0,0.0,0.0,2.0,5.0,0.0,0.0,0.0,0.0,0.0,
ESP-La Liga,1617,2016-11-06 Villarreal-Real Betis,Villarreal,Sergio Asenjo,True,Goalkeeper,,start,end,1.0,0.0,0.0,0.0,0.0,0.0,0.0,0.0,3.0,0.0,0.0,0.0,0.0,0.0,
ESP-La Liga,1617,2016-11-18 Real Betis-Las Palmas,Las Palmas,Javi Varas,False,Goalkeeper,,start,end,1.0,0.0,0.0,0.0,0.0,0.0,0.0,2.0,1.0,0.0,0.0,0.0,0.0,0.0,
ESP-La Liga,1617,2016-11-18 Real Betis-Las Palmas,Real Betis,Antonio Adán,True,Goalkeeper,,start,end,1.0,0.0,0.0,0.0,0.0,0.0,0.0,0.0,3.0,0.0,0.0,0.0,0.0,0.0,
ESP-La Liga,1617,2016-11-19 Atlético Madrid-Real Madrid,Atlético Madrid,Jan Oblak,True,Goalkeeper,,start,end,1.0,0.0,0.0,0.0,0.0,0.0,0.0,3.0,4.0,0.0,0.0,0.0,0.0,0.0,
ESP-La Liga,1617,2016-11-19 Atlético Madrid-Real Madrid,Real Madrid,Keylor Navas,False,Goalkeeper,,start,end,1.0,0.0,0.0,0.0,0.0,0.0,0.0,0.0,5.0,0.0,0.0,0.0,0.0,0.0,
ESP-La Liga,1617,2016-11-19 Barcelona-Málaga,Barcelona,Marc-André ter Stegen,True,Goalkeeper,,start,end,1.0,0.0,0.0,0.0,0.0,0.0,0.0,0.0,1.0,0.0,0.0,0.0,0.0,0.0,
ESP-La Liga,1617,2016-11-19 Barcelona-Málaga,Málaga,Carlos Kameni,False,Goalkeeper,,start,end,1.0,0.0,1.0,0.0,0.0,0.0,0.0,0.0,8.0,0.0,0.0,0.0,0.0,0.0,
ESP-La Liga,1617,2016-11-19 Deportivo La Coruña-Sevilla,Deportivo La Coruña,Przemyslaw Tyton,True,Goalkeeper,,start,end,1.0,0.0,1.0,0.0,0.0,0.0,1.0,3.0,4.0,0.0,0.0,0.0,0.0,0.0,
ESP-La Liga,1617,2016-11-19 Deportivo La Coruña-Sevilla,Sevilla,Sergio Rico,False,Goalkeeper,,start,end,1.0,0.0,0.0,0.0,0.0,0.0,0.0,2.0,1.0,0.0,0.0,0.0,0.0,0.0,
ESP-La Liga,1617,2016-11-19 Eibar-Celta Vigo,Celta Vigo,Rubén Blanco,False,Goalkeeper,,start,end,1.0,0.0,0.0,0.0,0.0,0.0,1.0,1.0,5.0,0.0,0.0,0.0,0.0,0.0,
ESP-La Liga,1617,2016-11-19 Eibar-Celta Vigo,Eibar,Asier Riesgo,True,Goalkeeper,,start,end,1.0,0.0,0.0,0.0,0.0,0.0,0.0,0.0,2.0,0.0,0.0,0.0,0.0,0.0,
ESP-La Liga,1617,2016-11-20 Alavés-Espanyol,Alavés,Fernando Pacheco,True,Goalkeeper,,start,end,1.0,0.0,0.0,0.0,0.0,0.0,0.0,1.0,2.0,0.0,0.0,0.0,0.0,0.0,
ESP-La Liga,1617,2016-11-20 Alavés-Espanyol,Espanyol,Diego López,False,Goalkeeper,,start,end,1.0,0.0,0.0,0.0,0.0,0.0,0.0,0.0,4.0,0.0,0.0,0.0,0.0,0.0,
ESP-La Liga,1617,2016-11-20 Athletic Club-Villarreal,Athletic Club,Kepa Arrizabalaga,True,Goalkeeper,,start,end,1.0,0.0,0.0,0.0,0.0,0.0,0.0,0.0,2.0,0.0,0.0,0.0,0.0,0.0,
ESP-La Liga,1617,2016-11-20 Athletic Club-Villarreal,Villarreal,Sergio Asenjo,False,Goalkeeper,,start,end,1.0,0.0,1.0,0.0,0.0,0.0,0.0,1.0,4.0,0.0,0.0,0.0,0.0,0.0,
ESP-La Liga,1617,2016-11-20 Sporting Gijón-Real Sociedad,Real Sociedad,Gerónimo Rulli,False,Goalkeeper,,start,end,1.0,0.0,0.0,0.0,0.0,0.0,0.0,1.0,0.0,0.0,0.0,0.0,0.0,0.0,
ESP-La Liga,1617,2016-11-20 Sporting Gijón-Real Sociedad,Sporting Gijón,Iván Cuéllar,True,Goalkeeper,,start,end,1.0,0.0,0.0,0.0,0.0,0.0,0.0,3.0,6.0,0.0,0.0,0.0,0.0,0.0,
ESP-La Liga,1617,2016-11-20 Valencia-Granada,Granada,Guillermo Ochoa,False,Goalkeeper,,start,end,1.0,0.0,0.0,0.0,0.0,0.0,1.0,1.0,6.0,0.0,0.0,0.0,0.0,0.0,
ESP-La Liga,1617,2016-11-20 Valencia-Granada,Valencia,Diego Alves,True,Goalkeeper,,start,end,1.0,0.0,0.0,0.0,0.0,0.0,0.0,1.0,4.0,0.0,0.0,0.0,0.0,0.0,
ESP-La Liga,1617,2016-11-21 Leganés-Osasuna,Leganés,Jon Serantes,True,Goalkeeper,,start,end,1.0,0.0,0.0,0.0,0.0,0.0,0.0,0.0,2.0,0.0,0.0,0.0,0.0,0.0,
ESP-La Liga,1617,2016-11-21 Leganés-Osasuna,Osasuna,Nauzet,False,Goalkeeper,,start,end,1.0,0.0,0.0,0.0,0.0,0.0,0.0,2.0,3.0,0.0,0.0,0.0,0.0,0.0,
ESP-La Liga,1617,2016-11-25 Eibar-Real Betis,Eibar,Asier Riesgo,True,Goalkeeper,,start,end,1.0,0.0,0.0,0.0,0.0,0.0,0.0,1.0,1.0,0.0,0.0,0.0,0.0,0.0,
ESP-La Liga,1617,2016-11-25 Eibar-Real Betis,Real Betis,Antonio Adán,False,Goalkeeper,,start,end,1.0,0.0,0.0,0.0,0.0,0.0,0.0,3.0,6.0,0.0,0.0,0.0,0.0,0.0,
ESP-La Liga,1617,2016-11-26 Espanyol-Leganés,Espanyol,Diego López,True,Goalkeeper,,start,end,1.0,0.0,0.0,0.0,0.0,0.0,0.0,0.0,3.0,0.0,0.0,0.0,0.0,0.0,
ESP-La Liga,1617,2016-11-26 Espanyol-Leganés,Leganés,Jon Serantes,False,Goalkeeper,,start,30,1.0,0.0,0.0,0.0,0.0,0.0,0.0,0.0,1.0,0.0,0.0,0.0,0.0,0.0,
ESP-La Liga,1617,2016-11-26 Málaga-Deportivo La Coruña,Deportivo La Coruña,Przemyslaw Tyton,False,Goalkeeper,,start,end,1.0,0.0,0.0,0.0,0.0,0.0,0.0,4.0,0.0,0.0,0.0,0.0,0.0,0.0,
ESP-La Liga,1617,2016-11-26 Málaga-Deportivo La Coruña,Málaga,Carlos Kameni,True,Goalkeeper,,start,end,1.0,0.0,1.0,0.0,0.0,0.0,0.0,3.0,5.0,0.0,0.0,0.0,0.0,0.0,
ESP-La Liga,1617,2016-11-26 Real Madrid-Sporting Gijón,Real Madrid,Keylor Navas,True,Goalkeeper,,start,end,1.0,0.0,0.0,0.0,0.0,0.0,0.0,1.0,2.0,0.0,0.0,0.0,0.0,0.0,
ESP-La Liga,1617,2016-11-26 Real Madrid-Sporting Gijón,Sporting Gijón,Diego Mariño,False,Goalkeeper,,start,end,1.0,0.0,0.0,0.0,0.0,0.0,0.0,2.0,5.0,0.0,0.0,0.0,0.0,0.0,
ESP-La Liga,1617,2016-11-26 Sevilla-Valencia,Sevilla,Sergio Rico,True,Goalkeeper,,start,end,1.0,0.0,1.0,0.0,0.0,0.0,0.0,1.0,4.0,0.0,0.0,0.0,0.0,0.0,
ESP-La Liga,1617,2016-11-26 Sevilla-Valencia,Valencia,Diego Alves,False,Goalkeeper,,start,end,1.0,0.0,0.0,0.0,0.0,0.0,0.0,2.0,0.0,0.0,0.0,0.0,0.0,0.0,
ESP-La Liga,1617,2016-11-27 Celta Vigo-Granada,Celta Vigo,Rubén Blanco,True,Goalkeeper,,start,end,1.0,0.0,0.0,0.0,0.0,0.0,0.0,1.0,0.0,0.0,0.0,0.0,0.0,0.0,
ESP-La Liga,1617,2016-11-27 Celta Vigo-Granada,Granada,Guillermo Ochoa,False,Goalkeeper,,start,end,1.0,0.0,0.0,0.0,0.0,0.0,0.0,3.0,3.0,0.0,0.0,0.0,0.0,0.0,
ESP-La Liga,1617,2016-11-27 Osasuna-Atlético Madrid,Atlético Madrid,Jan Oblak,False,Goalkeeper,,start,end,1.0,0.0,0.0,0.0,0.0,0.0,0.0,0.0,1.0,0.0,0.0,0.0,0.0,0.0,
ESP-La Liga,1617,2016-11-27 Osasuna-Atlético Madrid,Osasuna,Nauzet,True,Goalkeeper,,start,end,1.0,0.0,1.0,0.0,0.0,0.0,0.0,3.0,2.0,0.0,0.0,0.0,0.0,0.0,
ESP-La Liga,1617,2016-11-27 Real Sociedad-Barcelona,Barcelona,Marc-André ter Stegen,False,Goalkeeper,,start,end,1.0,0.0,0.0,0.0,0.0,0.0,1.0,1.0,5.0,0.0,0.0,0.0,0.0,0.0,
ESP-La Liga,1617,2016-11-27 Real Sociedad-Barcelona,Real Sociedad,Gerónimo Rulli,True,Goalkeeper,,start,end,1.0,0.0,0.0,0.0,0.0,0.0,0.0,1.0,1.0,0.0,0.0,0.0,0.0,0.0,
ESP-La Liga,1617,2016-11-27 Villarreal-Alavés,Alavés,Fernando Pacheco,False,Goalkeeper,,start,end,1.0,0.0,0.0,0.0,0.0,0.0,0.0,0.0,10.0,0.0,0.0,0.0,0.0,0.0,
ESP-La Liga,1617,2016-11-27 Villarreal-Alavés,Villarreal,Sergio Asenjo,True,Goalkeeper,,start,end,1.0,0.0,0.0,0.0,0.0,0.0,0.0,2.0,5.0,0.0,0.0,0.0,0.0,0.0,
ESP-La Liga,1617,2016-11-28 Las Palmas-Athletic Club,Athletic Club,Kepa Arrizabalaga,False,Goalkeeper,,start,end,1.0,0.0,0.0,0.0,0.0,0.0,0.0,3.0,1.0,0.0,0.0,0.0,0.0,0.0,
ESP-La Liga,1617,2016-11-28 Las Palmas-Athletic Club,Las Palmas,Javi Varas,True,Goalkeeper,,start,end,1.0,0.0,0.0,0.0,0.0,0.0,0.0,1.0,1.0,0.0,0.0,0.0,0.0,0.0,
ESP-La Liga,1617,2016-12-03 Atlético Madrid-Espanyol,Atlético Madrid,Jan Oblak,True,Goalkeeper,,start,end,1.0,0.0,0.0,0.0,0.0,0.0,0.0,0.0,3.0,0.0,0.0,0.0,0.0,0.0,
ESP-La Liga,1617,2016-12-03 Atlético Madrid-Espanyol,Espanyol,Diego López,False,Goalkeeper,,start,end,1.0,0.0,0.0,0.0,0.0,0.0,0.0,0.0,3.0,0.0,0.0,0.0,0.0,0.0,
ESP-La Liga,1617,2016-12-03 Barcelona-Real Madrid,Barcelona,Marc-André ter Stegen,True,Goalkeeper,,start,end,1.0,0.0,0.0,0.0,0.0,0.0,0.0,1.0,4.0,0.0,0.0,0.0,0.0,0.0,
ESP-La Liga,1617,2016-12-03 Barcelona-Real Madrid,Real Madrid,Keylor Navas,False,Goalkeeper,,start,end,1.0,0.0,0.0,0.0,0.0,0.0,0.0,1.0,1.0,0.0,0.0,0.0,0.0,0.0,
ESP-La Liga,1617,2016-12-03 Granada-Sevilla,Granada,Guillermo Ochoa,True,Goalkeeper,,start,end,1.0,0.0,0.0,0.0,0.0,0.0,0.0,1.0,4.0,0.0,0.0,0.0,0.0,0.0,
ESP-La Liga,1617,2016-12-03 Granada-Sevilla,Sevilla,Sergio Rico,False,Goalkeeper,,start,end,1.0,0.0,0.0,0.0,0.0,0.0,0.0,2.0,4.0,0.0,0.0,0.0,0.0,0.0,
ESP-La Liga,1617,2016-12-03 Leganés-Villarreal,Leganés,Iago Herrerín,True,Goalkeeper,,start,end,1.0,0.0,0.0,0.0,0.0,0.0,0.0,0.0,3.0,0.0,0.0,0.0,0.0,0.0,
ESP-La Liga,1617,2016-12-03 Leganés-Villarreal,Villarreal,Sergio Asenjo,False,Goalkeeper,,start,end,1.0,0.0,1.0,0.0,0.0,0.0,0.0,0.0,4.0,0.0,0.0,0.0,0.0,0.0,
ESP-La Liga,1617,2016-12-04 Alavés-Las Palmas,Alavés,Fernando Pacheco,True,Goalkeeper,,start,end,1.0,0.0,0.0,0.0,0.0,0.0,0.0,1.0,2.0,0.0,0.0,0.0,0.0,0.0,
ESP-La Liga,1617,2016-12-04 Alavés-Las Palmas,Las Palmas,Javi Varas,False,Goalkeeper,,start,end,1.0,0.0,2.0,0.0,0.0,0.0,0.0,1.0,1.0,0.0,0.0,0.0,0.0,0.0,
ESP-La Liga,1617,2016-12-04 Athletic Club-Eibar,Athletic Club,Kepa Arrizabalaga,True,Goalkeeper,,start,end,1.0,0.0,0.0,0.0,0.0,0.0,0.0,1.0,3.0,0.0,0.0,0.0,0.0,0.0,
ESP-La Liga,1617,2016-12-04 Athletic Club-Eibar,Eibar,Asier Riesgo,False,Goalkeeper,,start,end,1.0,0.0,1.0,0.0,0.0,0.0,0.0,3.0,2.0,0.0,0.0,0.0,0.0,0.0,
ESP-La Liga,1617,2016-12-04 Real Betis-Celta Vigo,Celta Vigo,Rubén Blanco,False,Goalkeeper,,start,end,1.0,0.0,0.0,0.0,0.0,0.0,0.0,3.0,2.0,0.0,0.0,0.0,0.0,0.0,
ESP-La Liga,1617,2016-12-04 Real Betis-Celta Vigo,Real Betis,Antonio Adán,True,Goalkeeper,,start,end,1.0,0.0,0.0,0.0,0.0,0.0,0.0,3.0,3.0,0.0,0.0,0.0,0.0,0.0,
ESP-La Liga,1617,2016-12-04 Sporting Gijón-Osasuna,Osasuna,Nauzet,False,Goalkeeper,,start,end,1.0,0.0,1.0,0.0,0.0,0.0,0.0,3.0,2.0,0.0,0.0,0.0,0.0,0.0,
ESP-La Liga,1617,2016-12-04 Sporting Gijón-Osasuna,Sporting Gijón,Iván Cuéllar,True,Goalkeeper,,start,end,1.0,0.0,0.0,0.0,0.0,0.0,0.0,1.0,1.0,0.0,0.0,0.0,0.0,0.0,
ESP-La Liga,1617,2016-12-04 Valencia-Málaga,Málaga,Denys Boyko,False,Goalkeeper,,start,end,1.0,0.0,0.0,0.0,0.0,0.0,0.0,2.0,1.0,0.0,0.0,0.0,0.0,0.0,
ESP-La Liga,1617,2016-12-04 Valencia-Málaga,Valencia,Diego Alves,True,Goalkeeper,,start,end,1.0,0.0,0.0,0.0,0.0,0.0,0.0,2.0,4.0,0.0,0.0,0.0,0.0,0.0,
ESP-La Liga,1617,2016-12-05 Deportivo La Coruña-Real Sociedad,Deportivo La Coruña,Przemyslaw Tyton,True,Goalkeeper,,start,end,1.0,0.0,0.0,0.0,0.0,0.0,0.0,1.0,3.0,0.0,0.0,0.0,0.0,0.0,
ESP-La Liga,1617,2016-12-05 Deportivo La Coruña-Real Sociedad,Real Sociedad,Gerónimo Rulli,False,Goalkeeper,,start,end,1.0,0.0,0.0,0.0,0.0,0.0,0.0,5.0,6.0,0.0,0.0,0.0,0.0,0.0,
ESP-La Liga,1617,2016-12-09 Málaga-Granada,Granada,Guillermo Ochoa,False,Goalkeeper,,start,end,1.0,0.0,0.0,0.0,0.0,0.0,0.0,1.0,5.0,0.0,0.0,0.0,0.0,0.0,
ESP-La Liga,1617,2016-12-09 Málaga-Granada,Málaga,Denys Boyko,True,Goalkeeper,,start,end,1.0,0.0,0.0,0.0,0.0,0.0,0.0,1.0,1.0,0.0,0.0,0.0,0.0,0.0,
ESP-La Liga,1617,2016-12-10 Las Palmas-Leganés,Las Palmas,Javi Varas,True,Goalkeeper,,start,end,1.0,0.0,0.0,0.0,0.0,0.0,0.0,1.0,5.0,0.0,0.0,0.0,0.0,0.0,
ESP-La Liga,1617,2016-12-10 Las Palmas-Leganés,Leganés,Iago Herrerín,False,Goalkeeper,,start,end,1.0,0.0,0.0,0.0,0.0,0.0,0.0,1.0,0.0,0.0,0.0,0.0,0.0,0.0,
ESP-La Liga,1617,2016-12-10 Osasuna-Barcelona,Barcelona,Marc-André ter Stegen,False,Goalkeeper,,start,end,1.0,0.0,0.0,0.0,0.0,0.0,0.0,0.0,1.0,0.0,0.0,0.0,0.0,0.0,
ESP-La Liga,1617,2016-12-10 Osasuna-Barcelona,Osasuna,Nauzet,True,Goalkeeper,,start,end,1.0,0.0,0.0,0.0,0.0,0.0,0.0,3.0,3.0,0.0,0.0,0.0,0.0,0.0,
ESP-La Liga,1617,2016-12-10 Real Madrid-Deportivo La Coruña,Deportivo La Coruña,Przemyslaw Tyton,False,Goalkeeper,,start,end,1.0,0.0,0.0,0.0,0.0,0.0,0.0,3.0,2.0,0.0,0.0,0.0,0.0,0.0,
ESP-La Liga,1617,2016-12-10 Real Madrid-Deportivo La Coruña,Real Madrid,Keylor Navas,True,Goalkeeper,,start,end,1.0,0.0,0.0,0.0,0.0,0.0,1.0,2.0,0.0,0.0,0.0,0.0,0.0,0.0,
ESP-La Liga,1617,2016-12-10 Real Sociedad-Valencia,Real Sociedad,Gerónimo Rulli,True,Goalkeeper,,start,end,1.0,0.0,1.0,0.0,0.0,0.0,0.0,2.0,1.0,0.0,0.0,0.0,0.0,0.0,
ESP-La Liga,1617,2016-12-10 Real Sociedad-Valencia,Valencia,Diego Alves,False,Goalkeeper,,start,end,1.0,0.0,0.0,0.0,0.0,0.0,0.0,3.0,2.0,0.0,0.0,0.0,0.0,0.0,
ESP-La Liga,1617,2016-12-11 Celta Vigo-Sevilla,Celta Vigo,Rubén Blanco,True,Goalkeeper,,start,end,1.0,0.0,1.0,0.0,0.0,0.0,0.0,3.0,2.0,0.0,0.0,0.0,0.0,0.0,
ESP-La Liga,1617,2016-12-11 Celta Vigo-Sevilla,Sevilla,Sergio Rico,False,Goalkeeper,,start,end,1.0,0.0,0.0,0.0,0.0,0.0,0.0,0.0,6.0,0.0,0.0,0.0,0.0,0.0,
ESP-La Liga,1617,2016-12-11 Eibar-Alavés,Alavés,Fernando Pacheco,False,Goalkeeper,,start,end,1.0,0.0,1.0,0.0,0.0,0.0,0.0,0.0,1.0,0.0,0.0,0.0,0.0,0.0,
ESP-La Liga,1617,2016-12-11 Eibar-Alavés,Eibar,Yoel,True,Goalkeeper,,start,end,1.0,0.0,0.0,0.0,0.0,0.0,0.0,0.0,3.0,0.0,0.0,0.0,0.0,0.0,
ESP-La Liga,1617,2016-12-11 Espanyol-Sporting Gijón,Espanyol,Diego López,True,Goalkeeper,,start,end,1.0,0.0,0.0,0.0,0.0,0.0,0.0,1.0,4.0,0.0,0.0,0.0,0.0,0.0,
ESP-La Liga,1617,2016-12-11 Espanyol-Sporting Gijón,Sporting Gijón,Iván Cuéllar,False,Goalkeeper,,start,end,1.0,0.0,0.0,0.0,0.0,0.0,0.0,2.0,4.0,0.0,0.0,0.0,0.0,0.0,
ESP-La Liga,1617,2016-12-11 Real Betis-Athletic Club,Athletic Club,Kepa Arrizabalaga,False,Goalkeeper,,start,end,1.0,0.0,0.0,0.0,0.0,0.0,0.0,1.0,0.0,0.0,0.0,0.0,0.0,0.0,
ESP-La Liga,1617,2016-12-11 Real Betis-Athletic Club,Real Betis,Antonio Adán,True,Goalkeeper,,start,end,1.0,0.0,0.0,0.0,0.0,0.0,0.0,0.0,4.0,0.0,0.0,0.0,0.0,0.0,
ESP-La Liga,1617,2016-12-12 Villarreal-Atlético Madrid,Atlético Madrid,Jan Oblak,False,Goalkeeper,,start,40,1.0,0.0,0.0,0.0,0.0,0.0,0.0,2.0,1.0,0.0,0.0,0.0,0.0,0.0,
ESP-La Liga,1617,2016-12-12 Villarreal-Atlético Madrid,Villarreal,Sergio Asenjo,True,Goalkeeper,,start,end,1.0,0.0,0.0,0.0,0.0,0.0,0.0,0.0,3.0,0.0,0.0,0.0,0.0,0.0,
ESP-La Liga,1617,2016-12-16 Alavés-Real Betis,Alavés,Fernando Pacheco,True,Goalkeeper,,start,end,1.0,0.0,0.0,0.0,0.0,0.0,1.0,0.0,3.0,0.0,0.0,0.0,0.0,0.0,
ESP-La Liga,1617,2016-12-16 Alavés-Real Betis,Real Betis,Antonio Adán,False,Goalkeeper,,start,end,1.0,0.0,0.0,0.0,0.0,0.0,0.0,1.0,2.0,0.0,0.0,0.0,0.0,0.0,
ESP-La Liga,1617,2016-12-17 Atlético Madrid-Las Palmas,Atlético Madrid,Miguel Ángel Moyà,True,Goalkeeper,,start,end,1.0,0.0,0.0,0.0,0.0,0.0,0.0,0.0,3.0,0.0,0.0,0.0,0.0,0.0,
ESP-La Liga,1617,2016-12-17 Atlético Madrid-Las Palmas,Las Palmas,Javi Varas,False,Goalkeeper,,start,end,1.0,0.0,0.0,0.0,0.0,0.0,0.0,1.0,2.0,0.0,0.0,0.0,0.0,0.0,
ESP-La Liga,1617,2016-12-17 Granada-Real Sociedad,Granada,Guillermo Ochoa,True,Goalkeeper,,start,end,1.0,0.0,0.0,0.0,0.0,0.0,0.0,2.0,3.0,0.0,0.0,0.0,0.0,0.0,
ESP-La Liga,1617,2016-12-17 Granada-Real Sociedad,Real Sociedad,Gerónimo Rulli,False,Goalkeeper,,start,end,1.0,0.0,0.0,0.0,0.0,0.0,0.0,0.0,4.0,0.0,0.0,0.0,0.0,0.0,
ESP-La Liga,1617,2016-12-17 Sevilla-Málaga,Málaga,Denys Boyko,False,Goalkeeper,,start,end,1.0,0.0,0.0,0.0,0.0,0.0,0.0,4.0,1.0,0.0,0.0,0.0,0.0,0.0,
ESP-La Liga,1617,2016-12-17 Sevilla-Málaga,Sevilla,Sergio Rico,True,Goalkeeper,,start,end,1.0,0.0,0.0,0.0,0.0,0.0,0.0,1.0,2.0,0.0,0.0,0.0,0.0,0.0,
ESP-La Liga,1617,2016-12-17 Sporting Gijón-Villarreal,Sporting Gijón,Iván Cuéllar,True,Goalkeeper,,start,end,1.0,0.0,0.0,0.0,0.0,0.0,0.0,3.0,6.0,0.0,0.0,0.0,0.0,0.0,
ESP-La Liga,1617,2016-12-17 Sporting Gijón-Villarreal,Villarreal,Sergio Asenjo,False,Goalkeeper,,start,end,1.0,0.0,0.0,0.0,0.0,0.0,0.0,1.0,6.0,0.0,0.0,0.0,0.0,0.0,
ESP-La Liga,1617,2016-12-18 Barcelona-Espanyol,Barcelona,Marc-André ter Stegen,True,Goalkeeper,,start,end,1.0,0.0,0.0,0.0,0.0,0.0,0.0,1.0,0.0,0.0,0.0,0.0,0.0,0.0,
ESP-La Liga,1617,2016-12-18 Barcelona-Espanyol,Espanyol,Diego López,False,Goalkeeper,,start,53,1.0,0.0,0.0,0.0,0.0,0.0,0.0,1.0,1.0,0.0,0.0,0.0,0.0,0.0,
ESP-La Liga,1617,2016-12-18 Deportivo La Coruña-Osasuna,Deportivo La Coruña,Przemyslaw Tyton,True,Goalkeeper,,start,end,1.0,0.0,0.0,0.0,0.0,0.0,0.0,0.0,3.0,0.0,0.0,0.0,0.0,0.0,
ESP-La Liga,1617,2016-12-18 Deportivo La Coruña-Osasuna,Osasuna,Nauzet,False,Goalkeeper,,start,end,1.0,0.0,0.0,0.0,0.0,0.0,0.0,2.0,2.0,0.0,0.0,0.0,0.0,0.0,
ESP-La Liga,1617,2016-12-18 Leganés-Eibar,Eibar,Yoel,False,Goalkeeper,,start,end,1.0,0.0,0.0,0.0,0.0,0.0,0.0,1.0,1.0,0.0,0.0,0.0,0.0,0.0,
ESP-La Liga,1617,2016-12-18 Leganés-Eibar,Leganés,Iago Herrerín,True,Goalkeeper,,start,end,1.0,1.0,0.0,0.0,1.0,0.0,0.0,0.0,2.0,0.0,0.0,0.0,0.0,0.0,
ESP-La Liga,1617,2016-12-19 Athletic Club-Celta Vigo,Athletic Club,Kepa Arrizabalaga,True,Goalkeeper,,start,end,1.0,0.0,2.0,0.0,0.0,0.0,0.0,1.0,3.0,0.0,0.0,0.0,0.0,0.0,
ESP-La Liga,1617,2016-12-19 Athletic Club-Celta Vigo,Celta Vigo,Rubén Blanco,False,Goalkeeper,,start,end,1.0,0.0,0.0,0.0,0.0,0.0,0.0,2.0,5.0,0.0,0.0,0.0,0.0,0.0,
ESP-La Liga,1617,2017-01-06 Espanyol-Deportivo La Coruña,Deportivo La Coruña,Przemyslaw Tyton,False,Goalkeeper,,start,end,1.0,0.0,0.0,0.0,0.0,0.0,0.0,1.0,3.0,0.0,0.0,0.0,0.0,0.0,
ESP-La Liga,1617,2017-01-06 Espanyol-Deportivo La Coruña,Espanyol,Roberto,True,Goalkeeper,,start,end,1.0,0.0,0.0,0.0,0.0,0.0,0.0,1.0,2.0,0.0,0.0,0.0,0.0,0.0,
ESP-La Liga,1617,2017-01-07 Eibar-Atlético Madrid,Atlético Madrid,Miguel Ángel Moyà,False,Goalkeeper,,start,end,1.0,0.0,0.0,0.0,0.0,0.0,0.0,0.0,1.0,0.0,0.0,0.0,0.0,0.0,
ESP-La Liga,1617,2017-01-07 Eibar-Atlético Madrid,Eibar,Yoel,True,Goalkeeper,,start,end,1.0,0.0,0.0,0.0,0.0,0.0,0.0,2.0,2.0,0.0,0.0,0.0,0.0,0.0,
ESP-La Liga,1617,2017-01-07 Las Palmas-Sporting Gijón,Las Palmas,Javi Varas,True,Goalkeeper,,start,end,1.0,0.0,0.0,0.0,0.0,0.0,0.0,0.0,2.0,0.0,0.0,0.0,0.0,0.0,
ESP-La Liga,1617,2017-01-07 Las Palmas-Sporting Gijón,Sporting Gijón,Iván Cuéllar,False,Goalkeeper,,start,end,1.0,0.0,0.0,0.0,0.0,0.0,0.0,1.0,10.0,0.0,0.0,0.0,0.0,0.0,
ESP-La Liga,1617,2017-01-07 Real Madrid-Granada,Granada,Guillermo Ochoa,False,Goalkeeper,,start,end,1.0,0.0,0.0,0.0,0.0,0.0,0.0,5.0,8.0,0.0,0.0,0.0,0.0,0.0,
ESP-La Liga,1617,2017-01-07 Real Madrid-Granada,Real Madrid,Keylor Navas,True,Goalkeeper,,start,end,1.0,0.0,0.0,0.0,0.0,0.0,0.0,0.0,1.0,0.0,0.0,0.0,0.0,0.0,
ESP-La Liga,1617,2017-01-07 Real Sociedad-Sevilla,Real Sociedad,Gerónimo Rulli,True,Goalkeeper,,start,end,1.0,0.0,0.0,0.0,0.0,0.0,0.0,4.0,6.0,0.0,0.0,0.0,0.0,0.0,
ESP-La Liga,1617,2017-01-07 Real Sociedad-Sevilla,Sevilla,Sergio Rico,False,Goalkeeper,,start,end,1.0,0.0,0.0,0.0,0.0,0.0,0.0,0.0,5.0,0.0,0.0,0.0,0.0,0.0,
ESP-La Liga,1617,2017-01-08 Athletic Club-Alavés,Alavés,Adrià Ortolá,False,Goalkeeper,,start,end,1.0,0.0,0.0,0.0,0.0,0.0,0.0,0.0,4.0,0.0,0.0,0.0,0.0,0.0,
ESP-La Liga,1617,2017-01-08 Athletic Club-Alavés,Athletic Club,Kepa Arrizabalaga,True,Goalkeeper,,start,36,1.0,0.0,0.0,0.0,0.0,0.0,0.0,0.0,0.0,0.0,0.0,0.0,0.0,0.0,
ESP-La Liga,1617,2017-01-08 Celta Vigo-Málaga,Celta Vigo,Rubén Blanco,True,Goalkeeper,,start,end,1.0,0.0,0.0,0.0,0.0,0.0,0.0,1.0,4.0,0.0,0.0,0.0,0.0,0.0,
ESP-La Liga,1617,2017-01-08 Celta Vigo-Málaga,Málaga,Carlos Kameni,False,Goalkeeper,,start,end,1.0,0.0,0.0,0.0,0.0,0.0,0.0,3.0,0.0,0.0,0.0,0.0,0.0,0.0,
ESP-La Liga,1617,2017-01-08 Real Betis-Leganés,Leganés,Nereo Champagne,False,Goalkeeper,,start,end,1.0,0.0,0.0,0.0,0.0,0.0,0.0,2.0,1.0,0.0,0.0,0.0,0.0,0.0,
ESP-La Liga,1617,2017-01-08 Real Betis-Leganés,Real Betis,Antonio Adán,True,Goalkeeper,,start,end,1.0,0.0,0.0,0.0,0.0,0.0,0.0,0.0,4.0,0.0,0.0,0.0,0.0,0.0,
ESP-La Liga,1617,2017-01-08 Villarreal-Barcelona,Barcelona,Marc-André ter Stegen,False,Goalkeeper,,start,end,1.0,0.0,0.0,0.0,0.0,0.0,0.0,1.0,2.0,0.0,0.0,0.0,0.0,0.0,
ESP-La Liga,1617,2017-01-08 Villarreal-Barcelona,Villarreal,Sergio Asenjo,True,Goalkeeper,,start,end,1.0,0.0,1.0,0.0,0.0,0.0,0.0,1.0,6.0,0.0,0.0,0.0,0.0,0.0,
ESP-La Liga,1617,2017-01-09 Osasuna-Valencia,Osasuna,Mario Fernández,True,Goalkeeper,,start,end,1.0,0.0,0.0,0.0,0.0,0.0,0.0,3.0,1.0,0.0,0.0,0.0,0.0,0.0,
ESP-La Liga,1617,2017-01-09 Osasuna-Valencia,Valencia,Diego Alves,False,Goalkeeper,,start,end,1.0,0.0,0.0,0.0,0.0,0.0,0.0,3.0,1.0,0.0,0.0,0.0,0.0,0.0,
ESP-La Liga,1617,2017-01-14 Atlético Madrid-Real Betis,Atlético Madrid,Miguel Ángel Moyà,True,Goalkeeper,,start,end,1.0,0.0,0.0,0.0,0.0,0.0,0.0,0.0,6.0,0.0,0.0,0.0,0.0,0.0,
ESP-La Liga,1617,2017-01-14 Atlético Madrid-Real Betis,Real Betis,Antonio Adán,False,Goalkeeper,,start,end,1.0,0.0,0.0,0.0,0.0,0.0,0.0,1.0,2.0,0.0,0.0,0.0,0.0,0.0,
ESP-La Liga,1617,2017-01-14 Barcelona-Las Palmas,Barcelona,Marc-André ter Stegen,True,Goalkeeper,,start,end,1.0,0.0,0.0,0.0,0.0,0.0,0.0,0.0,1.0,0.0,0.0,0.0,0.0,0.0,
ESP-La Liga,1617,2017-01-14 Barcelona-Las Palmas,Las Palmas,Javi Varas,False,Goalkeeper,,start,end,1.0,0.0,0.0,0.0,0.0,0.0,0.0,5.0,5.0,0.0,0.0,0.0,0.0,0.0,
ESP-La Liga,1617,2017-01-14 Deportivo La Coruña-Villarreal,Deportivo La Coruña,Przemyslaw Tyton,True,Goalkeeper,,start,end,1.0,0.0,0.0,0.0,0.0,0.0,0.0,0.0,1.0,0.0,0.0,0.0,0.0,0.0,
ESP-La Liga,1617,2017-01-14 Deportivo La Coruña-Villarreal,Villarreal,Sergio Asenjo,False,Goalkeeper,,start,end,1.0,0.0,0.0,0.0,0.0,0.0,0.0,0.0,3.0,0.0,0.0,0.0,0.0,0.0,
ESP-La Liga,1617,2017-01-14 Leganés-Athletic Club,Athletic Club,Gorka Iraizoz,False,Goalkeeper,,start,end,1.0,0.0,0.0,0.0,0.0,0.0,0.0,0.0,5.0,0.0,0.0,0.0,0.0,0.0,
ESP-La Liga,1617,2017-01-14 Leganés-Athletic Club,Leganés,Nereo Champagne,True,Goalkeeper,,start,end,1.0,0.0,0.0,0.0,0.0,0.0,0.0,0.0,2.0,0.0,0.0,0.0,0.0,0.0,
ESP-La Liga,1617,2017-01-15 Celta Vigo-Alavés,Alavés,Fernando Pacheco,False,Goalkeeper,,start,end,1.0,0.0,0.0,0.0,0.0,0.0,0.0,1.0,3.0,0.0,0.0,0.0,0.0,0.0,
ESP-La Liga,1617,2017-01-15 Celta Vigo-Alavés,Celta Vigo,Rubén Blanco,True,Goalkeeper,,start,end,1.0,0.0,0.0,0.0,0.0,0.0,0.0,0.0,1.0,0.0,0.0,0.0,0.0,0.0,
ESP-La Liga,1617,2017-01-15 Granada-Osasuna,Granada,Guillermo Ochoa,True,Goalkeeper,,start,end,1.0,0.0,0.0,0.0,0.0,0.0,0.0,1.0,3.0,0.0,0.0,0.0,0.0,0.0,
ESP-La Liga,1617,2017-01-15 Granada-Osasuna,Osasuna,Mario Fernández,False,Goalkeeper,,start,end,1.0,0.0,0.0,0.0,0.0,0.0,0.0,1.0,4.0,0.0,0.0,0.0,0.0,0.0,
ESP-La Liga,1617,2017-01-15 Sevilla-Real Madrid,Real Madrid,Keylor Navas,False,Goalkeeper,,start,end,1.0,0.0,0.0,0.0,0.0,0.0,0.0,2.0,3.0,0.0,0.0,0.0,0.0,0.0,
ESP-La Liga,1617,2017-01-15 Sevilla-Real Madrid,Sevilla,Sergio Rico,True,Goalkeeper,,start,end,1.0,1.0,0.0,0.0,0.0,0.0,0.0,1.0,2.0,0.0,0.0,0.0,0.0,0.0,
ESP-La Liga,1617,2017-01-15 Sporting Gijón-Eibar,Eibar,Asier Riesgo,False,Goalkeeper,,start,26,1.0,0.0,2.0,0.0,0.0,0.0,0.0,1.0,1.0,0.0,0.0,0.0,0.0,0.0,
ESP-La Liga,1617,2017-01-15 Sporting Gijón-Eibar,Sporting Gijón,Iván Cuéllar,True,Goalkeeper,,start,end,1.0,0.0,0.0,0.0,0.0,0.0,0.0,3.0,5.0,0.0,0.0,0.0,0.0,0.0,
ESP-La Liga,1617,2017-01-15 Valencia-Espanyol,Espanyol,Diego López,False,Goalkeeper,,start,end,1.0,0.0,0.0,0.0,0.0,0.0,0.0,2.0,2.0,0.0,0.0,0.0,0.0,0.0,
ESP-La Liga,1617,2017-01-15 Valencia-Espanyol,Valencia,Diego Alves,True,Goalkeeper,,start,end,1.0,0.0,0.0,0.0,0.0,0.0,1.0,1.0,2.0,0.0,0.0,0.0,0.0,0.0,
ESP-La Liga,1617,2017-01-16 Málaga-Real Sociedad,Málaga,Carlos Kameni,True,Goalkeeper,,start,end,1.0,0.0,0.0,0.0,0.0,0.0,0.0,2.0,3.0,0.0,0.0,0.0,0.0,0.0,
ESP-La Liga,1617,2017-01-16 Málaga-Real Sociedad,Real Sociedad,Gerónimo Rulli,False,Goalkeeper,,start,end,1.0,0.0,0.0,0.0,0.0,0.0,0.0,0.0,1.0,0.0,0.0,0.0,0.0,0.0,
ESP-La Liga,1617,2017-01-20 Las Palmas-Deportivo La Coruña,Deportivo La Coruña,Przemyslaw Tyton,False,Goalkeeper,,start,end,1.0,0.0,0.0,0.0,0.0,0.0,0.0,1.0,2.0,0.0,0.0,0.0,0.0,0.0,
ESP-La Liga,1617,2017-01-20 Las Palmas-Deportivo La Coruña,Las Palmas,Javi Varas,True,Goalkeeper,,start,end,1.0,0.0,0.0,0.0,0.0,0.0,0.0,1.0,0.0,0.0,0.0,0.0,0.0,0.0,
ESP-La Liga,1617,2017-01-21 Alavés-Leganés,Alavés,Fernando Pacheco,True,Goalkeeper,,start,end,1.0,0.0,0.0,0.0,0.0,0.0,0.0,2.0,2.0,0.0,0.0,0.0,0.0,0.0,
ESP-La Liga,1617,2017-01-21 Alavés-Leganés,Leganés,Iago Herrerín,False,Goalkeeper,,start,end,1.0,0.0,0.0,0.0,0.0,0.0,0.0,2.0,0.0,0.0,0.0,0.0,0.0,0.0,
ESP-La Liga,1617,2017-01-21 Espanyol-Granada,Espanyol,Diego López,True,Goalkeeper,,start,end,1.0,0.0,1.0,0.0,0.0,0.0,0.0,1.0,3.0,0.0,0.0,0.0,0.0,0.0,
ESP-La Liga,1617,2017-01-21 Espanyol-Granada,Granada,Guillermo Ochoa,False,Goalkeeper,,start,end,1.0,0.0,0.0,0.0,0.0,0.0,0.0,3.0,5.0,0.0,0.0,0.0,0.0,0.0,
ESP-La Liga,1617,2017-01-21 Real Madrid-Málaga,Málaga,Carlos Kameni,False,Goalkeeper,,start,end,1.0,0.0,0.0,0.0,0.0,0.0,0.0,2.0,5.0,0.0,0.0,0.0,0.0,0.0,
ESP-La Liga,1617,2017-01-21 Real Madrid-Málaga,Real Madrid,Keylor Navas,True,Goalkeeper,,start,end,1.0,0.0,0.0,0.0,0.0,0.0,0.0,1.0,5.0,0.0,0.0,0.0,0.0,0.0,
ESP-La Liga,1617,2017-01-21 Villarreal-Valencia,Valencia,Diego Alves,False,Goalkeeper,,start,end,1.0,0.0,0.0,0.0,0.0,0.0,0.0,0.0,5.0,0.0,0.0,0.0,0.0,0.0,
ESP-La Liga,1617,2017-01-21 Villarreal-Valencia,Villarreal,Sergio Asenjo,True,Goalkeeper,,start,end,1.0,0.0,0.0,0.0,0.0,0.0,0.0,2.0,3.0,0.0,0.0,0.0,0.0,0.0,
ESP-La Liga,1617,2017-01-22 Athletic Club-Atlético Madrid,Athletic Club,Gorka Iraizoz,True,Goalkeeper,,start,end,1.0,0.0,0.0,0.0,0.0,0.0,0.0,2.0,3.0,0.0,0.0,0.0,0.0,0.0,
ESP-La Liga,1617,2017-01-22 Athletic Club-Atlético Madrid,Atlético Madrid,Miguel Ángel Moyà,False,Goalkeeper,,start,end,1.0,0.0,0.0,0.0,0.0,0.0,0.0,2.0,3.0,0.0,0.0,0.0,0.0,0.0,
ESP-La Liga,1617,2017-01-22 Eibar-Barcelona,Barcelona,Marc-André ter Stegen,False,Goalkeeper,,start,end,1.0,0.0,0.0,0.0,0.0,0.0,0.0,0.0,6.0,0.0,0.0,0.0,0.0,0.0,
ESP-La Liga,1617,2017-01-22 Eibar-Barcelona,Eibar,Yoel,True,Goalkeeper,,start,end,1.0,0.0,0.0,0.0,0.0,0.0,0.0,4.0,3.0,0.0,0.0,0.0,0.0,0.0,
ESP-La Liga,1617,2017-01-22 Osasuna-Sevilla,Osasuna,Mario Fernández,True,Goalkeeper,,start,end,1.0,0.0,0.0,0.0,0.0,0.0,1.0,4.0,5.0,0.0,0.0,0.0,0.0,0.0,
ESP-La Liga,1617,2017-01-22 Osasuna-Sevilla,Sevilla,Sergio Rico,False,Goalkeeper,,start,end,1.0,0.0,0.0,0.0,0.0,0.0,0.0,3.0,5.0,0.0,0.0,0.0,0.0,0.0,
ESP-La Liga,1617,2017-01-22 Real Betis-Sporting Gijón,Real Betis,Antonio Adán,True,Goalkeeper,,start,end,1.0,0.0,0.0,0.0,0.0,0.0,0.0,0.0,1.0,0.0,0.0,0.0,0.0,0.0,
ESP-La Liga,1617,2017-01-22 Real Betis-Sporting Gijón,Sporting Gijón,Iván Cuéllar,False,Goalkeeper,,start,end,1.0,0.0,0.0,0.0,0.0,0.0,0.0,0.0,4.0,0.0,0.0,0.0,0.0,0.0,
ESP-La Liga,1617,2017-01-22 Real Sociedad-Celta Vigo,Celta Vigo,Sergio Álvarez,False,Goalkeeper,,start,end,1.0,0.0,0.0,0.0,0.0,0.0,0.0,1.0,5.0,0.0,0.0,0.0,0.0,0.0,
ESP-La Liga,1617,2017-01-22 Real Sociedad-Celta Vigo,Real Sociedad,Gerónimo Rulli,True,Goalkeeper,,start,end,1.0,0.0,0.0,0.0,0.0,0.0,0.0,0.0,5.0,0.0,0.0,0.0,0.0,0.0,
ESP-La Liga,1617,2017-01-27 Osasuna-Málaga,Málaga,Carlos Kameni,False,Goalkeeper,,start,end,1.0,0.0,0.0,0.0,0.0,0.0,0.0,1.0,1.0,0.0,0.0,0.0,0.0,0.0,
ESP-La Liga,1617,2017-01-27 Osasuna-Málaga,Osasuna,Mario Fernández,True,Goalkeeper,,start,end,1.0,1.0,0.0,0.0,0.0,0.0,1.0,1.0,4.0,0.0,0.0,0.0,0.0,0.0,
ESP-La Liga,1617,2017-01-28 Alavés-Atlético Madrid,Alavés,Fernando Pacheco,True,Goalkeeper,,start,end,1.0,0.0,0.0,0.0,0.0,0.0,0.0,0.0,2.0,0.0,0.0,0.0,0.0,0.0,
ESP-La Liga,1617,2017-01-28 Alavés-Atlético Madrid,Atlético Madrid,Miguel Ángel Moyà,False,Goalkeeper,,start,end,1.0,0.0,2.0,0.0,0.0,0.0,0.0,0.0,4.0,0.0,0.0,0.0,0.0,0.0,
ESP-La Liga,1617,2017-01-28 Eibar-Deportivo La Coruña,Deportivo La Coruña,Przemyslaw Tyton,False,Goalkeeper,,start,end,1.0,0.0,0.0,0.0,0.0,0.0,0.0,3.0,3.0,0.0,0.0,0.0,0.0,0.0,
ESP-La Liga,1617,2017-01-28 Eibar-Deportivo La Coruña,Eibar,Yoel,True,Goalkeeper,,start,end,1.0,0.0,1.0,0.0,0.0,0.0,0.0,1.0,6.0,0.0,0.0,0.0,0.0,0.0,
ESP-La Liga,1617,2017-01-28 Leganés-Celta Vigo,Celta Vigo,Sergio Álvarez,False,Goalkeeper,,start,end,1.0,0.0,0.0,0.0,0.0,0.0,0.0,0.0,0.0,0.0,0.0,0.0,0.0,0.0,
ESP-La Liga,1617,2017-01-28 Leganés-Celta Vigo,Leganés,Iago Herrerín,True,Goalkeeper,,start,end,1.0,0.0,0.0,0.0,0.0,0.0,0.0,2.0,1.0,0.0,0.0,0.0,0.0,0.0,
ESP-La Liga,1617,2017-01-28 Villarreal-Granada,Granada,Guillermo Ochoa,False,Goalkeeper,,start,end,1.0,0.0,0.0,0.0,0.0,0.0,0.0,2.0,4.0,0.0,0.0,0.0,0.0,0.0,
ESP-La Liga,1617,2017-01-28 Villarreal-Granada,Villarreal,Sergio Asenjo,True,Goalkeeper,,start,end,1.0,0.0,0.0,0.0,0.0,0.0,0.0,0.0,0.0,0.0,0.0,0.0,0.0,0.0,
ESP-La Liga,1617,2017-01-29 Athletic Club-Sporting Gijón,Athletic Club,Gorka Iraizoz,True,Goalkeeper,,start,end,1.0,0.0,0.0,0.0,0.0,0.0,0.0,1.0,2.0,0.0,0.0,0.0,0.0,0.0,
ESP-La Liga,1617,2017-01-29 Athletic Club-Sporting Gijón,Sporting Gijón,Iván Cuéllar,False,Goalkeeper,,start,end,1.0,0.0,0.0,0.0,0.0,0.0,0.0,2.0,4.0,0.0,0.0,0.0,0.0,0.0,
ESP-La Liga,1617,2017-01-29 Espanyol-Sevilla,Espanyol,Diego López,True,Goalkeeper,,start,end,1.0,0.0,1.0,0.0,0.0,0.0,0.0,1.0,4.0,0.0,0.0,0.0,0.0,0.0,
ESP-La Liga,1617,2017-01-29 Espanyol-Sevilla,Sevilla,Sergio Rico,False,Goalkeeper,,start,end,1.0,0.0,0.0,0.0,0.0,0.0,0.0,3.0,4.0,0.0,0.0,0.0,0.0,0.0,
ESP-La Liga,1617,2017-01-29 Real Betis-Barcelona,Barcelona,Marc-André ter Stegen,False,Goalkeeper,,start,end,1.0,0.0,1.0,0.0,0.0,0.0,0.0,1.0,6.0,0.0,0.0,0.0,0.0,0.0,
ESP-La Liga,1617,2017-01-29 Real Betis-Barcelona,Real Betis,Antonio Adán,True,Goalkeeper,,start,end,1.0,0.0,0.0,0.0,0.0,0.0,0.0,1.0,3.0,0.0,0.0,0.0,0.0,0.0,
ESP-La Liga,1617,2017-01-29 Real Madrid-Real Sociedad,Real Madrid,Keylor Navas,True,Goalkeeper,,start,end,1.0,0.0,0.0,0.0,0.0,0.0,0.0,0.0,3.0,0.0,0.0,0.0,0.0,0.0,
ESP-La Liga,1617,2017-01-29 Real Madrid-Real Sociedad,Real Sociedad,Gerónimo Rulli,False,Goalkeeper,,start,end,1.0,0.0,0.0,0.0,0.0,0.0,0.0,3.0,1.0,0.0,0.0,0.0,0.0,0.0,
ESP-La Liga,1617,2017-01-30 Las Palmas-Valencia,Las Palmas,Javi Varas,True,Goalkeeper,,start,end,1.0,0.0,0.0,0.0,0.0,0.0,0.0,1.0,2.0,0.0,0.0,0.0,0.0,0.0,
ESP-La Liga,1617,2017-01-30 Las Palmas-Valencia,Valencia,Diego Alves,False,Goalkeeper,,start,end,1.0,0.0,0.0,0.0,0.0,0.0,0.0,3.0,1.0,0.0,0.0,0.0,0.0,0.0,
ESP-La Liga,1617,2017-02-04 Atlético Madrid-Leganés,Atlético Madrid,Miguel Ángel Moyà,True,Goalkeeper,,start,end,1.0,0.0,0.0,0.0,0.0,0.0,0.0,0.0,3.0,0.0,0.0,0.0,0.0,0.0,
ESP-La Liga,1617,2017-02-04 Atlético Madrid-Leganés,Leganés,Iago Herrerín,False,Goalkeeper,,start,end,1.0,0.0,0.0,0.0,0.0,0.0,0.0,2.0,2.0,0.0,0.0,0.0,0.0,0.0,
ESP-La Liga,1617,2017-02-04 Barcelona-Athletic Club,Athletic Club,Gorka Iraizoz,False,Goalkeeper,,start,end,1.0,0.0,0.0,0.0,0.0,0.0,0.0,3.0,3.0,0.0,0.0,0.0,0.0,0.0,
ESP-La Liga,1617,2017-02-04 Barcelona-Athletic Club,Barcelona,Marc-André ter Stegen,True,Goalkeeper,,start,end,1.0,0.0,0.0,0.0,0.0,0.0,0.0,0.0,6.0,0.0,0.0,0.0,0.0,0.0,
ESP-La Liga,1617,2017-02-04 Málaga-Espanyol,Espanyol,Diego López,False,Goalkeeper,,start,end,1.0,0.0,0.0,0.0,0.0,0.0,1.0,0.0,6.0,0.0,0.0,0.0,0.0,0.0,
ESP-La Liga,1617,2017-02-04 Málaga-Espanyol,Málaga,Carlos Kameni,True,Goalkeeper,,start,end,1.0,0.0,0.0,0.0,0.0,0.0,0.0,1.0,2.0,0.0,0.0,0.0,0.0,0.0,
ESP-La Liga,1617,2017-02-04 Valencia-Eibar,Eibar,Yoel,False,Goalkeeper,,start,end,1.0,0.0,0.0,0.0,0.0,0.0,0.0,0.0,1.0,0.0,0.0,0.0,0.0,0.0,
ESP-La Liga,1617,2017-02-04 Valencia-Eibar,Valencia,Diego Alves,True,Goalkeeper,,start,end,1.0,0.0,0.0,0.0,0.0,0.0,0.0,4.0,3.0,0.0,0.0,0.0,0.0,0.0,
ESP-La Liga,1617,2017-02-05 Real Sociedad-Osasuna,Osasuna,Salvatore Sirigu,False,Goalkeeper,,start,end,1.0,0.0,0.0,0.0,0.0,0.0,0.0,3.0,3.0,0.0,0.0,0.0,0.0,0.0,
ESP-La Liga,1617,2017-02-05 Real Sociedad-Osasuna,Real Sociedad,Gerónimo Rulli,True,Goalkeeper,,start,end,1.0,0.0,1.0,0.0,0.0,0.0,0.0,2.0,2.0,0.0,0.0,0.0,0.0,0.0,
ESP-La Liga,1617,2017-02-05 Sevilla-Villarreal,Sevilla,Sergio Rico,True,Goalkeeper,,start,end,1.0,0.0,0.0,0.0,0.0,0.0,0.0,0.0,4.0,0.0,0.0,0.0,0.0,0.0,
ESP-La Liga,1617,2017-02-05 Sevilla-Villarreal,Villarreal,Sergio Asenjo,False,Goalkeeper,,start,end,1.0,0.0,0.0,0.0,0.0,0.0,0.0,0.0,4.0,0.0,0.0,0.0,0.0,0.0,
ESP-La Liga,1617,2017-02-05 Sporting Gijón-Alavés,Alavés,Fernando Pacheco,False,Goalkeeper,,start,end,1.0,0.0,0.0,0.0,0.0,0.0,0.0,2.0,2.0,0.0,0.0,0.0,0.0,0.0,
ESP-La Liga,1617,2017-02-05 Sporting Gijón-Alavés,Sporting Gijón,Iván Cuéllar,True,Goalkeeper,,start,end,1.0,0.0,0.0,0.0,0.0,0.0,1.0,4.0,3.0,0.0,0.0,0.0,0.0,0.0,
ESP-La Liga,1617,2017-02-06 Granada-Las Palmas,Granada,Guillermo Ochoa,True,Goalkeeper,,start,end,1.0,0.0,0.0,0.0,0.0,0.0,0.0,0.0,5.0,0.0,0.0,0.0,0.0,0.0,
ESP-La Liga,1617,2017-02-06 Granada-Las Palmas,Las Palmas,Javi Varas,False,Goalkeeper,,start,end,1.0,0.0,1.0,0.0,0.0,0.0,0.0,1.0,3.0,0.0,0.0,0.0,0.0,0.0,
ESP-La Liga,1617,2017-02-10 Espanyol-Real Sociedad,Espanyol,Diego López,True,Goalkeeper,,start,end,1.0,0.0,0.0,0.0,0.0,0.0,0.0,2.0,3.0,0.0,0.0,0.0,0.0,0.0,
ESP-La Liga,1617,2017-02-10 Espanyol-Real Sociedad,Real Sociedad,Gerónimo Rulli,False,Goalkeeper,,start,end,1.0,0.0,0.0,0.0,0.0,0.0,0.0,1.0,1.0,0.0,0.0,0.0,0.0,0.0,
ESP-La Liga,1617,2017-02-11 Alavés-Barcelona,Alavés,Fernando Pacheco,True,Goalkeeper,,start,end,1.0,0.0,0.0,0.0,0.0,0.0,0.0,6.0,4.0,0.0,0.0,0.0,0.0,0.0,
ESP-La Liga,1617,2017-02-11 Alavés-Barcelona,Barcelona,Marc-André ter Stegen,False,Goalkeeper,,start,end,1.0,0.0,0.0,0.0,0.0,0.0,0.0,0.0,4.0,0.0,0.0,0.0,0.0,0.0,
ESP-La Liga,1617,2017-02-11 Athletic Club-Deportivo La Coruña,Athletic Club,Gorka Iraizoz,True,Goalkeeper,,start,end,1.0,0.0,0.0,0.0,0.0,0.0,0.0,1.0,2.0,0.0,0.0,0.0,0.0,0.0,
ESP-La Liga,1617,2017-02-11 Athletic Club-Deportivo La Coruña,Deportivo La Coruña,Przemyslaw Tyton,False,Goalkeeper,,start,end,1.0,0.0,0.0,0.0,0.0,0.0,0.0,2.0,3.0,0.0,0.0,0.0,0.0,0.0,
ESP-La Liga,1617,2017-02-11 Osasuna-Real Madrid,Osasuna,Salvatore Sirigu,True,Goalkeeper,,start,end,1.0,0.0,0.0,0.0,0.0,0.0,0.0,3.0,3.0,0.0,0.0,0.0,0.0,0.0,
ESP-La Liga,1617,2017-02-11 Osasuna-Real Madrid,Real Madrid,Keylor Navas,False,Goalkeeper,,start,end,1.0,0.0,0.0,0.0,0.0,0.0,0.0,1.0,7.0,0.0,0.0,0.0,0.0,0.0,
ESP-La Liga,1617,2017-02-11 Real Betis-Valencia,Real Betis,Antonio Adán,True,Goalkeeper,,start,end,1.0,0.0,0.0,0.0,0.0,0.0,0.0,0.0,4.0,0.0,0.0,0.0,0.0,0.0,
ESP-La Liga,1617,2017-02-11 Real Betis-Valencia,Valencia,Diego Alves,False,Goalkeeper,,start,end,1.0,0.0,0.0,0.0,0.0,0.0,0.0,0.0,1.0,0.0,0.0,0.0,0.0,0.0,
ESP-La Liga,1617,2017-02-12 Atlético Madrid-Celta Vigo,Atlético Madrid,Miguel Ángel Moyà,True,Goalkeeper,,start,end,1.0,0.0,0.0,0.0,0.0,0.0,0.0,2.0,4.0,0.0,0.0,0.0,0.0,0.0,
ESP-La Liga,1617,2017-02-12 Atlético Madrid-Celta Vigo,Celta Vigo,Sergio Álvarez,False,Goalkeeper,,start,end,1.0,0.0,0.0,0.0,0.0,0.0,0.0,3.0,2.0,0.0,0.0,0.0,0.0,0.0,
ESP-La Liga,1617,2017-02-12 Las Palmas-Sevilla,Las Palmas,Javi Varas,True,Goalkeeper,,start,end,1.0,0.0,0.0,0.0,0.0,0.0,0.0,1.0,2.0,0.0,0.0,0.0,0.0,0.0,
ESP-La Liga,1617,2017-02-12 Las Palmas-Sevilla,Sevilla,Sergio Rico,False,Goalkeeper,,start,end,1.0,0.0,0.0,0.0,0.0,0.0,0.0,0.0,7.0,0.0,0.0,0.0,0.0,0.0,
ESP-La Liga,1617,2017-02-12 Leganés-Sporting Gijón,Leganés,Iago Herrerín,True,Goalkeeper,,start,end,1.0,0.0,0.0,0.0,0.0,0.0,0.0,2.0,0.0,0.0,0.0,0.0,0.0,0.0,
ESP-La Liga,1617,2017-02-12 Leganés-Sporting Gijón,Sporting Gijón,Iván Cuéllar,False,Goalkeeper,,start,end,1.0,0.0,0.0,0.0,0.0,0.0,0.0,0.0,3.0,0.0,0.0,0.0,0.0,0.0,
ESP-La Liga,1617,2017-02-12 Villarreal-Málaga,Málaga,Carlos Kameni,False,Goalkeeper,,start,end,1.0,0.0,0.0,0.0,0.0,0.0,0.0,1.0,4.0,0.0,0.0,0.0,0.0,0.0,
ESP-La Liga,1617,2017-02-12 Villarreal-Málaga,Villarreal,Sergio Asenjo,True,Goalkeeper,,start,end,1.0,0.0,1.0,0.0,0.0,0.0,0.0,1.0,4.0,0.0,0.0,0.0,0.0,0.0,
ESP-La Liga,1617,2017-02-13 Eibar-Granada,Eibar,Yoel,True,Goalkeeper,,start,end,1.0,0.0,0.0,0.0,0.0,0.0,0.0,0.0,3.0,0.0,0.0,0.0,0.0,0.0,
ESP-La Liga,1617,2017-02-13 Eibar-Granada,Granada,Guillermo Ochoa,False,Goalkeeper,,start,end,1.0,0.0,0.0,0.0,0.0,0.0,0.0,4.0,5.0,0.0,0.0,0.0,0.0,0.0,
ESP-La Liga,1617,2017-02-17 Granada-Real Betis,Granada,Guillermo Ochoa,True,Goalkeeper,,start,end,1.0,0.0,0.0,0.0,0.0,0.0,0.0,1.0,1.0,0.0,0.0,0.0,0.0,0.0,
ESP-La Liga,1617,2017-02-17 Granada-Real Betis,Real Betis,Antonio Adán,False,Goalkeeper,,start,end,1.0,0.0,0.0,0.0,0.0,0.0,0.0,4.0,4.0,0.0,0.0,0.0,0.0,0.0,
ESP-La Liga,1617,2017-02-18 Deportivo La Coruña-Alavés,Alavés,Fernando Pacheco,False,Goalkeeper,,start,end,1.0,0.0,0.0,0.0,0.0,0.0,0.0,0.0,3.0,0.0,0.0,0.0,0.0,0.0,
ESP-La Liga,1617,2017-02-18 Deportivo La Coruña-Alavés,Deportivo La Coruña,Germán Lux,True,Goalkeeper,,start,end,1.0,0.0,0.0,0.0,0.0,0.0,1.0,1.0,4.0,0.0,0.0,0.0,0.0,0.0,
ESP-La Liga,1617,2017-02-18 Real Madrid-Espanyol,Espanyol,Diego López,False,Goalkeeper,,start,end,1.0,0.0,0.0,0.0,0.0,0.0,0.0,2.0,1.0,0.0,0.0,0.0,0.0,0.0,
ESP-La Liga,1617,2017-02-18 Real Madrid-Espanyol,Real Madrid,Kiko Casilla,True,Goalkeeper,,start,end,1.0,0.0,0.0,0.0,0.0,0.0,0.0,0.0,1.0,0.0,0.0,0.0,0.0,0.0,
ESP-La Liga,1617,2017-02-18 Sevilla-Eibar,Eibar,Yoel,False,Goalkeeper,,start,end,1.0,0.0,0.0,0.0,0.0,0.0,0.0,2.0,3.0,0.0,0.0,0.0,0.0,0.0,
ESP-La Liga,1617,2017-02-18 Sevilla-Eibar,Sevilla,Sergio Rico,True,Goalkeeper,,start,end,1.0,0.0,0.0,0.0,0.0,0.0,0.0,0.0,3.0,0.0,0.0,0.0,0.0,0.0,
ESP-La Liga,1617,2017-02-18 Sporting Gijón-Atlético Madrid,Atlético Madrid,Miguel Ángel Moyà,False,Goalkeeper,,start,end,1.0,0.0,1.0,0.0,0.0,0.0,0.0,1.0,1.0,0.0,0.0,0.0,0.0,0.0,
ESP-La Liga,1617,2017-02-18 Sporting Gijón-Atlético Madrid,Sporting Gijón,Iván Cuéllar,True,Goalkeeper,,start,end,1.0,0.0,0.0,0.0,0.0,0.0,0.0,4.0,2.0,0.0,0.0,0.0,0.0,0.0,
ESP-La Liga,1617,2017-02-19 Barcelona-Leganés,Barcelona,Marc-André ter Stegen,True,Goalkeeper,,start,end,1.0,0.0,0.0,0.0,0.0,0.0,0.0,1.0,5.0,0.0,0.0,0.0,0.0,0.0,
ESP-La Liga,1617,2017-02-19 Barcelona-Leganés,Leganés,Iago Herrerín,False,Goalkeeper,,start,end,1.0,0.0,0.0,0.0,0.0,0.0,0.0,2.0,3.0,0.0,0.0,0.0,0.0,0.0,
ESP-La Liga,1617,2017-02-19 Celta Vigo-Osasuna,Celta Vigo,Rubén Blanco,True,Goalkeeper,,start,end,1.0,0.0,0.0,0.0,0.0,0.0,0.0,0.0,3.0,0.0,0.0,0.0,0.0,0.0,
ESP-La Liga,1617,2017-02-19 Celta Vigo-Osasuna,Osasuna,Salvatore Sirigu,False,Goalkeeper,,start,end,1.0,0.0,0.0,0.0,0.0,0.0,0.0,3.0,1.0,0.0,0.0,0.0,0.0,0.0,
ESP-La Liga,1617,2017-02-19 Real Sociedad-Villarreal,Real Sociedad,Gerónimo Rulli,True,Goalkeeper,,start,end,1.0,0.0,0.0,0.0,0.0,0.0,0.0,1.0,2.0,0.0,0.0,0.0,0.0,0.0,
ESP-La Liga,1617,2017-02-19 Real Sociedad-Villarreal,Villarreal,Sergio Asenjo,False,Goalkeeper,,start,end,1.0,0.0,0.0,0.0,0.0,0.0,0.0,0.0,0.0,0.0,0.0,0.0,0.0,0.0,
ESP-La Liga,1617,2017-02-19 Valencia-Athletic Club,Athletic Club,Gorka Iraizoz,False,Goalkeeper,,start,end,1.0,0.0,0.0,0.0,0.0,0.0,0.0,2.0,3.0,0.0,0.0,0.0,0.0,0.0,
ESP-La Liga,1617,2017-02-19 Valencia-Athletic Club,Valencia,Diego Alves,True,Goalkeeper,,start,end,1.0,0.0,0.0,0.0,0.0,0.0,0.0,0.0,5.0,0.0,0.0,0.0,0.0,0.0,
ESP-La Liga,1617,2017-02-20 Málaga-Las Palmas,Las Palmas,Javi Varas,False,Goalkeeper,,start,end,1.0,0.0,0.0,0.0,0.0,0.0,0.0,2.0,4.0,0.0,0.0,0.0,0.0,0.0,
ESP-La Liga,1617,2017-02-20 Málaga-Las Palmas,Málaga,Carlos Kameni,True,Goalkeeper,,start,end,1.0,0.0,1.0,0.0,0.0,0.0,0.0,1.0,3.0,0.0,0.0,0.0,0.0,0.0,
ESP-La Liga,1617,2017-02-22 Valencia-Real Madrid,Real Madrid,Keylor Navas,False,Goalkeeper,,start,end,1.0,0.0,0.0,0.0,0.0,0.0,0.0,2.0,3.0,0.0,0.0,0.0,0.0,0.0,
ESP-La Liga,1617,2017-02-22 Valencia-Real Madrid,Valencia,Diego Alves,True,Goalkeeper,,start,end,1.0,0.0,1.0,0.0,0.0,0.0,0.0,1.0,3.0,0.0,0.0,0.0,0.0,0.0,
ESP-La Liga,1617,2017-02-24 Las Palmas-Real Sociedad,Las Palmas,Javi Varas,True,Goalkeeper,,start,end,1.0,0.0,0.0,0.0,0.0,0.0,0.0,1.0,1.0,0.0,0.0,0.0,0.0,0.0,
ESP-La Liga,1617,2017-02-24 Las Palmas-Real Sociedad,Real Sociedad,Gerónimo Rulli,False,Goalkeeper,,start,end,1.0,0.0,1.0,0.0,0.0,0.0,0.0,0.0,7.0,0.0,0.0,0.0,0.0,0.0,
ESP-La Liga,1617,2017-02-25 Alavés-Valencia,Alavés,Fernando Pacheco,True,Goalkeeper,,start,end,1.0,0.0,0.0,0.0,0.0,0.0,0.0,1.0,1.0,0.0,0.0,0.0,0.0,0.0,
ESP-La Liga,1617,2017-02-25 Alavés-Valencia,Valencia,Diego Alves,False,Goalkeeper,,start,end,1.0,0.0,0.0,0.0,0.0,0.0,0.0,2.0,3.0,0.0,0.0,0.0,0.0,0.0,
ESP-La Liga,1617,2017-02-25 Eibar-Málaga,Eibar,Yoel,True,Goalkeeper,,start,end,1.0,0.0,0.0,0.0,0.0,0.0,0.0,0.0,2.0,0.0,0.0,0.0,0.0,0.0,
ESP-La Liga,1617,2017-02-25 Eibar-Málaga,Málaga,Carlos Kameni,False,Goalkeeper,,start,end,1.0,0.0,0.0,0.0,0.0,0.0,0.0,3.0,1.0,0.0,0.0,0.0,0.0,0.0,
ESP-La Liga,1617,2017-02-25 Leganés-Deportivo La Coruña,Deportivo La Coruña,Germán Lux,False,Goalkeeper,,start,end,1.0,0.0,0.0,0.0,0.0,0.0,1.0,4.0,1.0,0.0,0.0,0.0,0.0,0.0,
ESP-La Liga,1617,2017-02-25 Leganés-Deportivo La Coruña,Leganés,Iago Herrerín,True,Goalkeeper,,start,end,1.0,0.0,0.0,0.0,0.0,0.0,0.0,0.0,3.0,0.0,0.0,0.0,0.0,0.0,
ESP-La Liga,1617,2017-02-25 Real Betis-Sevilla,Real Betis,Antonio Adán,True,Goalkeeper,,start,end,1.0,0.0,0.0,0.0,0.0,0.0,0.0,2.0,2.0,0.0,0.0,0.0,0.0,0.0,
ESP-La Liga,1617,2017-02-25 Real Betis-Sevilla,Sevilla,Sergio Rico,False,Goalkeeper,,start,end,1.0,0.0,0.0,0.0,0.0,0.0,0.0,1.0,3.0,0.0,0.0,0.0,0.0,0.0,
ESP-La Liga,1617,2017-02-26 Athletic Club-Granada,Athletic Club,Gorka Iraizoz,True,Goalkeeper,,start,end,1.0,0.0,0.0,0.0,0.0,0.0,0.0,1.0,1.0,0.0,0.0,0.0,0.0,0.0,
ESP-La Liga,1617,2017-02-26 Athletic Club-Granada,Granada,Guillermo Ochoa,False,Goalkeeper,,start,end,1.0,1.0,0.0,0.0,0.0,0.0,1.0,3.0,4.0,0.0,0.0,0.0,0.0,0.0,
ESP-La Liga,1617,2017-02-26 Atlético Madrid-Barcelona,Atlético Madrid,Jan Oblak,True,Goalkeeper,,start,end,1.0,0.0,1.0,0.0,0.0,0.0,0.0,2.0,4.0,0.0,0.0,0.0,0.0,0.0,
ESP-La Liga,1617,2017-02-26 Atlético Madrid-Barcelona,Barcelona,Marc-André ter Stegen,False,Goalkeeper,,start,end,1.0,0.0,0.0,0.0,0.0,0.0,0.0,1.0,3.0,0.0,0.0,0.0,0.0,0.0,
ESP-La Liga,1617,2017-02-26 Espanyol-Osasuna,Espanyol,Diego López,True,Goalkeeper,,start,end,1.0,0.0,0.0,0.0,0.0,0.0,0.0,0.0,1.0,0.0,0.0,0.0,0.0,0.0,
ESP-La Liga,1617,2017-02-26 Espanyol-Osasuna,Osasuna,Salvatore Sirigu,False,Goalkeeper,,start,end,1.0,0.0,0.0,0.0,0.0,0.0,0.0,3.0,3.0,0.0,0.0,0.0,0.0,0.0,
ESP-La Liga,1617,2017-02-26 Sporting Gijón-Celta Vigo,Celta Vigo,Rubén Blanco,False,Goalkeeper,,start,end,1.0,0.0,0.0,0.0,0.0,0.0,0.0,1.0,5.0,0.0,0.0,0.0,0.0,0.0,
ESP-La Liga,1617,2017-02-26 Sporting Gijón-Celta Vigo,Sporting Gijón,Iván Cuéllar,True,Goalkeeper,,start,end,1.0,0.0,1.0,0.0,0.0,0.0,1.0,1.0,5.0,0.0,0.0,0.0,0.0,0.0,
ESP-La Liga,1617,2017-02-26 Villarreal-Real Madrid,Real Madrid,Keylor Navas,False,Goalkeeper,,start,end,1.0,0.0,0.0,0.0,0.0,0.0,0.0,2.0,2.0,0.0,0.0,0.0,0.0,0.0,
ESP-La Liga,1617,2017-02-26 Villarreal-Real Madrid,Villarreal,Sergio Asenjo,True,Goalkeeper,,start,35,1.0,0.0,0.0,0.0,0.0,0.0,0.0,0.0,1.0,0.0,0.0,0.0,0.0,0.0,
ESP-La Liga,1617,2017-02-28 Málaga-Real Betis,Málaga,Carlos Kameni,True,Goalkeeper,,start,end,1.0,0.0,0.0,0.0,0.0,0.0,0.0,2.0,3.0,0.0,0.0,0.0,0.0,0.0,
ESP-La Liga,1617,2017-02-28 Málaga-Real Betis,Real Betis,Antonio Adán,False,Goalkeeper,,start,end,1.0,0.0,0.0,0.0,0.0,0.0,1.0,1.0,3.0,0.0,0.0,0.0,0.0,0.0,
ESP-La Liga,1617,2017-02-28 Real Sociedad-Eibar,Eibar,Yoel,False,Goalkeeper,,start,end,1.0,1.0,0.0,0.0,0.0,0.0,1.0,2.0,5.0,0.0,0.0,0.0,0.0,0.0,
ESP-La Liga,1617,2017-02-28 Real Sociedad-Eibar,Real Sociedad,Gerónimo Rulli,True,Goalkeeper,,start,end,1.0,0.0,1.0,0.0,0.0,0.0,0.0,2.0,2.0,0.0,0.0,0.0,0.0,0.0,
ESP-La Liga,1617,2017-02-28 Valencia-Leganés,Leganés,Iago Herrerín,False,Goalkeeper,,start,end,1.0,0.0,0.0,0.0,0.0,0.0,0.0,1.0,5.0,0.0,0.0,0.0,0.0,0.0,
ESP-La Liga,1617,2017-02-28 Valencia-Leganés,Valencia,Diego Alves,True,Goalkeeper,,start,end,1.0,0.0,0.0,0.0,0.0,0.0,0.0,0.0,0.0,0.0,0.0,0.0,0.0,0.0,
ESP-La Liga,1617,2017-03-01 Barcelona-Sporting Gijón,Barcelona,Marc-André ter Stegen,True,Goalkeeper,,start,end,1.0,0.0,0.0,0.0,0.0,0.0,0.0,1.0,1.0,0.0,0.0,0.0,0.0,0.0,
ESP-La Liga,1617,2017-03-01 Barcelona-Sporting Gijón,Sporting Gijón,Iván Cuéllar,False,Goalkeeper,,start,end,1.0,0.0,0.0,0.0,0.0,0.0,0.0,6.0,4.0,0.0,0.0,0.0,0.0,0.0,
ESP-La Liga,1617,2017-03-01 Celta Vigo-Espanyol,Celta Vigo,Rubén Blanco,True,Goalkeeper,,start,end,1.0,0.0,0.0,0.0,0.0,0.0,0.0,2.0,0.0,0.0,0.0,0.0,0.0,0.0,
ESP-La Liga,1617,2017-03-01 Celta Vigo-Espanyol,Espanyol,Diego López,False,Goalkeeper,,start,end,1.0,0.0,0.0,0.0,0.0,0.0,0.0,2.0,2.0,0.0,0.0,0.0,0.0,0.0,
ESP-La Liga,1617,2017-03-01 Granada-Alavés,Alavés,Fernando Pacheco,False,Goalkeeper,,start,end,1.0,0.0,0.0,0.0,0.0,0.0,0.0,2.0,4.0,0.0,0.0,0.0,0.0,0.0,
ESP-La Liga,1617,2017-03-01 Granada-Alavés,Granada,Guillermo Ochoa,True,Goalkeeper,,start,end,1.0,0.0,1.0,0.0,0.0,0.0,0.0,1.0,4.0,0.0,0.0,0.0,0.0,0.0,
ESP-La Liga,1617,2017-03-01 Osasuna-Villarreal,Osasuna,Salvatore Sirigu,True,Goalkeeper,,start,end,1.0,0.0,0.0,0.0,0.0,0.0,0.0,4.0,2.0,0.0,0.0,0.0,0.0,0.0,
ESP-La Liga,1617,2017-03-01 Osasuna-Villarreal,Villarreal,Andrés Fernández,False,Goalkeeper,,start,end,1.0,0.0,0.0,0.0,0.0,0.0,0.0,1.0,2.0,0.0,0.0,0.0,0.0,0.0,
ESP-La Liga,1617,2017-03-01 Real Madrid-Las Palmas,Las Palmas,Javi Varas,False,Goalkeeper,,start,end,1.0,0.0,1.0,0.0,0.0,0.0,0.0,3.0,4.0,0.0,0.0,0.0,0.0,0.0,
ESP-La Liga,1617,2017-03-01 Real Madrid-Las Palmas,Real Madrid,Keylor Navas,True,Goalkeeper,,start,end,1.0,0.0,0.0,0.0,0.0,0.0,0.0,3.0,4.0,0.0,0.0,0.0,0.0,0.0,
ESP-La Liga,1617,2017-03-02 Deportivo La Coruña-Atlético Madrid,Atlético Madrid,Jan Oblak,False,Goalkeeper,,start,end,1.0,0.0,0.0,0.0,0.0,0.0,0.0,1.0,1.0,0.0,0.0,0.0,0.0,0.0,
ESP-La Liga,1617,2017-03-02 Deportivo La Coruña-Atlético Madrid,Deportivo La Coruña,Germán Lux,True,Goalkeeper,,start,end,1.0,0.0,0.0,0.0,0.0,0.0,0.0,1.0,3.0,0.0,0.0,0.0,0.0,0.0,
ESP-La Liga,1617,2017-03-02 Sevilla-Athletic Club,Athletic Club,Gorka Iraizoz,False,Goalkeeper,,start,end,1.0,0.0,0.0,0.0,0.0,0.0,0.0,1.0,3.0,0.0,0.0,0.0,0.0,0.0,
ESP-La Liga,1617,2017-03-02 Sevilla-Athletic Club,Sevilla,Sergio Rico,True,Goalkeeper,,start,end,1.0,0.0,0.0,0.0,0.0,0.0,0.0,0.0,4.0,0.0,0.0,0.0,0.0,0.0,
ESP-La Liga,1617,2017-03-03 Real Betis-Real Sociedad,Real Betis,Antonio Adán,True,Goalkeeper,,start,end,1.0,0.0,0.0,0.0,0.0,0.0,0.0,3.0,3.0,0.0,0.0,0.0,0.0,0.0,
ESP-La Liga,1617,2017-03-03 Real Betis-Real Sociedad,Real Sociedad,Gerónimo Rulli,False,Goalkeeper,,start,end,1.0,0.0,0.0,0.0,0.0,0.0,0.0,2.0,3.0,0.0,0.0,0.0,0.0,0.0,
ESP-La Liga,1617,2017-03-04 Barcelona-Celta Vigo,Barcelona,Marc-André ter Stegen,True,Goalkeeper,,start,end,1.0,0.0,0.0,0.0,0.0,0.0,0.0,0.0,2.0,0.0,0.0,0.0,0.0,0.0,
ESP-La Liga,1617,2017-03-04 Barcelona-Celta Vigo,Celta Vigo,Sergio Álvarez,False,Goalkeeper,,start,end,1.0,0.0,0.0,0.0,0.0,0.0,0.0,5.0,4.0,0.0,0.0,0.0,0.0,0.0,
ESP-La Liga,1617,2017-03-04 Eibar-Real Madrid,Eibar,Yoel,True,Goalkeeper,,start,end,1.0,0.0,0.0,0.0,0.0,0.0,0.0,4.0,3.0,0.0,0.0,0.0,0.0,0.0,
ESP-La Liga,1617,2017-03-04 Eibar-Real Madrid,Real Madrid,Keylor Navas,False,Goalkeeper,,start,end,1.0,0.0,1.0,0.0,0.0,0.0,0.0,1.0,1.0,0.0,0.0,0.0,0.0,0.0,
ESP-La Liga,1617,2017-03-04 Leganés-Granada,Granada,Guillermo Ochoa,False,Goalkeeper,,start,end,1.0,0.0,0.0,0.0,0.0,0.0,0.0,1.0,3.0,0.0,0.0,0.0,0.0,0.0,
ESP-La Liga,1617,2017-03-04 Leganés-Granada,Leganés,Iago Herrerín,True,Goalkeeper,,start,end,1.0,0.0,0.0,0.0,0.0,0.0,0.0,0.0,1.0,0.0,0.0,0.0,0.0,0.0,
ESP-La Liga,1617,2017-03-04 Villarreal-Espanyol,Espanyol,Diego López,False,Goalkeeper,,start,end,1.0,1.0,0.0,0.0,0.0,0.0,1.0,2.0,4.0,0.0,0.0,0.0,0.0,0.0,
ESP-La Liga,1617,2017-03-04 Villarreal-Espanyol,Villarreal,Andrés Fernández,True,Goalkeeper,,start,end,1.0,0.0,0.0,0.0,0.0,0.0,0.0,0.0,2.0,0.0,0.0,0.0,0.0,0.0,
ESP-La Liga,1617,2017-03-05 Athletic Club-Málaga,Athletic Club,Gorka Iraizoz,True,Goalkeeper,,start,end,1.0,0.0,2.0,0.0,0.0,0.0,0.0,0.0,2.0,0.0,0.0,0.0,0.0,0.0,
ESP-La Liga,1617,2017-03-05 Athletic Club-Málaga,Málaga,Carlos Kameni,False,Goalkeeper,,start,end,1.0,0.0,1.0,0.0,0.0,0.0,0.0,1.0,2.0,0.0,0.0,0.0,0.0,0.0,
ESP-La Liga,1617,2017-03-05 Atlético Madrid-Valencia,Atlético Madrid,Jan Oblak,True,Goalkeeper,,start,end,1.0,0.0,0.0,0.0,0.0,0.0,0.0,0.0,1.0,0.0,0.0,0.0,0.0,0.0,
ESP-La Liga,1617,2017-03-05 Atlético Madrid-Valencia,Valencia,Diego Alves,False,Goalkeeper,,start,end,1.0,0.0,0.0,0.0,0.0,0.0,0.0,3.0,5.0,0.0,0.0,0.0,0.0,0.0,
ESP-La Liga,1617,2017-03-05 Las Palmas-Osasuna,Las Palmas,Javi Varas,True,Goalkeeper,,start,end,1.0,0.0,0.0,0.0,0.0,0.0,0.0,2.0,2.0,0.0,0.0,0.0,0.0,0.0,
ESP-La Liga,1617,2017-03-05 Las Palmas-Osasuna,Osasuna,Salvatore Sirigu,False,Goalkeeper,,start,end,1.0,0.0,0.0,0.0,0.0,0.0,0.0,5.0,4.0,0.0,0.0,0.0,0.0,0.0,
ESP-La Liga,1617,2017-03-05 Sporting Gijón-Deportivo La Coruña,Deportivo La Coruña,Germán Lux,False,Goalkeeper,,start,end,1.0,0.0,0.0,0.0,0.0,0.0,0.0,0.0,2.0,0.0,0.0,0.0,0.0,0.0,
ESP-La Liga,1617,2017-03-05 Sporting Gijón-Deportivo La Coruña,Sporting Gijón,Iván Cuéllar,True,Goalkeeper,,start,end,1.0,0.0,0.0,0.0,0.0,0.0,0.0,1.0,2.0,0.0,0.0,0.0,0.0,0.0,
ESP-La Liga,1617,2017-03-06 Alavés-Sevilla,Alavés,Fernando Pacheco,True,Goalkeeper,,start,end,1.0,0.0,0.0,0.0,0.0,0.0,0.0,1.0,0.0,0.0,0.0,0.0,0.0,0.0,
ESP-La Liga,1617,2017-03-06 Alavés-Sevilla,Sevilla,Sergio Rico,False,Goalkeeper,,start,end,1.0,0.0,0.0,0.0,0.0,0.0,0.0,1.0,3.0,0.0,0.0,0.0,0.0,0.0,
ESP-La Liga,1617,2017-03-08 Deportivo La Coruña-Real Betis,Deportivo La Coruña,Germán Lux,True,Goalkeeper,1,start,end,1.0,0.0,0.0,0.0,0.0,0.0,0.0,1.0,2.0,0.0,0.0,0.0,0.0,0.0,
ESP-La Liga,1617,2017-03-08 Deportivo La Coruña-Real Betis,Real Betis,Antonio Adán,False,Goalkeeper,1,start,end,1.0,0.0,0.0,0.0,0.0,0.0,1.0,1.0,4.0,0.0,0.0,0.0,0.0,0.0,
ESP-La Liga,1617,2017-03-10 Espanyol-Las Palmas,Espanyol,Diego López,True,Goalkeeper,,start,end,1.0,0.0,0.0,0.0,0.0,0.0,0.0,3.0,2.0,0.0,0.0,0.0,0.0,0.0,
ESP-La Liga,1617,2017-03-10 Espanyol-Las Palmas,Las Palmas,Raúl Lizoain,False,Goalkeeper,,start,end,1.0,1.0,0.0,0.0,0.0,0.0,1.0,4.0,2.0,0.0,0.0,0.0,0.0,0.0,
ESP-La Liga,1617,2017-03-11 Granada-Atlético Madrid,Atlético Madrid,Jan Oblak,False,Goalkeeper,,start,end,1.0,0.0,0.0,0.0,0.0,0.0,0.0,0.0,2.0,0.0,0.0,0.0,0.0,0.0,
ESP-La Liga,1617,2017-03-11 Granada-Atlético Madrid,Granada,Guillermo Ochoa,True,Goalkeeper,,start,end,1.0,0.0,0.0,0.0,0.0,0.0,0.0,1.0,5.0,0.0,0.0,0.0,0.0,0.0,
ESP-La Liga,1617,2017-03-11 Málaga-Alavés,Alavés,Fernando Pacheco,False,Goalkeeper,,start,end,1.0,0.0,0.0,0.0,0.0,0.0,0.0,1.0,8.0,0.0,0.0,0.0,0.0,0.0,
ESP-La Liga,1617,2017-03-11 Málaga-Alavés,Málaga,Carlos Kameni,True,Goalkeeper,,start,end,1.0,0.0,0.0,0.0,0.0,0.0,0.0,2.0,0.0,0.0,0.0,0.0,0.0,0.0,
ESP-La Liga,1617,2017-03-11 Sevilla-Leganés,Leganés,Iago Herrerín,False,Goalkeeper,,start,end,1.0,0.0,1.0,0.0,0.0,0.0,0.0,1.0,3.0,0.0,0.0,0.0,0.0,0.0,
ESP-La Liga,1617,2017-03-11 Sevilla-Leganés,Sevilla,Sergio Rico,True,Goalkeeper,,start,end,1.0,0.0,0.0,0.0,0.0,0.0,0.0,1.0,3.0,0.0,0.0,0.0,0.0,0.0,
ESP-La Liga,1617,2017-03-11 Valencia-Sporting Gijón,Sporting Gijón,Iván Cuéllar,False,Goalkeeper,,start,end,1.0,0.0,2.0,0.0,0.0,0.0,1.0,1.0,7.0,0.0,0.0,0.0,0.0,0.0,
ESP-La Liga,1617,2017-03-11 Valencia-Sporting Gijón,Valencia,Diego Alves,True,Goalkeeper,,start,end,1.0,0.0,1.0,0.0,0.0,0.0,0.0,1.0,3.0,0.0,0.0,0.0,0.0,0.0,
ESP-La Liga,1617,2017-03-12 Celta Vigo-Villarreal,Celta Vigo,Sergio Álvarez,True,Goalkeeper,,start,end,1.0,0.0,0.0,0.0,0.0,0.0,0.0,1.0,3.0,0.0,0.0,0.0,0.0,0.0,
ESP-La Liga,1617,2017-03-12 Celta Vigo-Villarreal,Villarreal,Andrés Fernández,False,Goalkeeper,,start,end,1.0,0.0,0.0,0.0,0.0,0.0,1.0,0.0,1.0,0.0,0.0,0.0,0.0,0.0,
ESP-La Liga,1617,2017-03-12 Deportivo La Coruña-Barcelona,Barcelona,Marc-André ter Stegen,False,Goalkeeper,,start,end,1.0,0.0,0.0,0.0,0.0,0.0,0.0,2.0,7.0,0.0,0.0,0.0,0.0,0.0,
ESP-La Liga,1617,2017-03-12 Deportivo La Coruña-Barcelona,Deportivo La Coruña,Germán Lux,True,Goalkeeper,,start,end,1.0,0.0,0.0,0.0,0.0,0.0,0.0,1.0,4.0,0.0,0.0,0.0,0.0,0.0,
ESP-La Liga,1617,2017-03-12 Real Madrid-Real Betis,Real Betis,Antonio Adán,False,Goalkeeper,,start,end,1.0,0.0,0.0,0.0,0.0,0.0,0.0,2.0,2.0,0.0,0.0,0.0,0.0,0.0,
ESP-La Liga,1617,2017-03-12 Real Madrid-Real Betis,Real Madrid,Keylor Navas,True,Goalkeeper,,start,end,1.0,0.0,0.0,0.0,0.0,0.0,0.0,1.0,3.0,0.0,0.0,0.0,0.0,0.0,
ESP-La Liga,1617,2017-03-12 Real Sociedad-Athletic Club,Athletic Club,Kepa Arrizabalaga,False,Goalkeeper,,start,end,1.0,0.0,1.0,0.0,0.0,0.0,1.0,0.0,4.0,0.0,0.0,0.0,0.0,0.0,
ESP-La Liga,1617,2017-03-12 Real Sociedad-Athletic Club,Real Sociedad,Gerónimo Rulli,True,Goalkeeper,,start,end,1.0,0.0,0.0,0.0,0.0,0.0,0.0,2.0,3.0,0.0,0.0,0.0,0.0,0.0,
ESP-La Liga,1617,2017-03-13 Osasuna-Eibar,Eibar,Yoel,False,Goalkeeper,,start,end,1.0,0.0,0.0,0.0,0.0,0.0,0.0,1.0,5.0,0.0,0.0,0.0,0.0,0.0,
ESP-La Liga,1617,2017-03-13 Osasuna-Eibar,Osasuna,Salvatore Sirigu,True,Goalkeeper,,start,end,1.0,0.0,0.0,0.0,0.0,0.0,0.0,1.0,5.0,0.0,0.0,0.0,0.0,0.0,
ESP-La Liga,1617,2017-03-17 Las Palmas-Villarreal,Las Palmas,Raúl Lizoain,True,Goalkeeper,,start,end,1.0,0.0,0.0,0.0,0.0,0.0,1.0,0.0,3.0,0.0,0.0,0.0,0.0,0.0,
ESP-La Liga,1617,2017-03-17 Las Palmas-Villarreal,Villarreal,Andrés Fernández,False,Goalkeeper,,start,end,1.0,0.0,1.0,0.0,0.0,0.0,0.0,1.0,9.0,0.0,0.0,0.0,0.0,0.0,
ESP-La Liga,1617,2017-03-18 Alavés-Real Sociedad,Alavés,Fernando Pacheco,True,Goalkeeper,,start,end,1.0,0.0,0.0,0.0,0.0,0.0,0.0,0.0,2.0,0.0,0.0,0.0,0.0,0.0,
ESP-La Liga,1617,2017-03-18 Alavés-Real Sociedad,Real Sociedad,Gerónimo Rulli,False,Goalkeeper,,start,end,1.0,0.0,0.0,0.0,0.0,0.0,1.0,1.0,4.0,0.0,0.0,0.0,0.0,0.0,
ESP-La Liga,1617,2017-03-18 Athletic Club-Real Madrid,Athletic Club,Kepa Arrizabalaga,True,Goalkeeper,,start,end,1.0,0.0,0.0,0.0,0.0,0.0,0.0,2.0,2.0,0.0,0.0,0.0,0.0,0.0,
ESP-La Liga,1617,2017-03-18 Athletic Club-Real Madrid,Real Madrid,Keylor Navas,False,Goalkeeper,,start,end,1.0,0.0,1.0,0.0,0.0,0.0,1.0,1.0,4.0,0.0,0.0,0.0,0.0,0.0,
ESP-La Liga,1617,2017-03-18 Eibar-Espanyol,Eibar,Yoel,True,Goalkeeper,,start,end,1.0,0.0,0.0,0.0,0.0,0.0,0.0,1.0,0.0,0.0,0.0,0.0,0.0,0.0,
ESP-La Liga,1617,2017-03-18 Eibar-Espanyol,Espanyol,Diego López,False,Goalkeeper,,start,end,1.0,0.0,0.0,0.0,0.0,0.0,0.0,1.0,3.0,0.0,0.0,0.0,0.0,0.0,
ESP-La Liga,1617,2017-03-18 Real Betis-Osasuna,Osasuna,Salvatore Sirigu,False,Goalkeeper,,start,end,1.0,0.0,0.0,0.0,0.0,0.0,0.0,2.0,3.0,0.0,0.0,0.0,0.0,0.0,
ESP-La Liga,1617,2017-03-18 Real Betis-Osasuna,Real Betis,Antonio Adán,True,Goalkeeper,,start,end,1.0,0.0,0.0,0.0,0.0,0.0,0.0,0.0,5.0,0.0,0.0,0.0,0.0,0.0,
ESP-La Liga,1617,2017-03-19 Atlético Madrid-Sevilla,Atlético Madrid,Jan Oblak,True,Goalkeeper,,start,end,1.0,0.0,0.0,0.0,0.0,0.0,0.0,1.0,1.0,0.0,0.0,0.0,0.0,0.0,
ESP-La Liga,1617,2017-03-19 Atlético Madrid-Sevilla,Sevilla,Sergio Rico,False,Goalkeeper,,start,end,1.0,0.0,0.0,0.0,0.0,0.0,0.0,3.0,5.0,0.0,0.0,0.0,0.0,0.0,
ESP-La Liga,1617,2017-03-19 Barcelona-Valencia,Barcelona,Marc-André ter Stegen,True,Goalkeeper,,start,end,1.0,0.0,0.0,0.0,0.0,0.0,0.0,2.0,3.0,0.0,0.0,0.0,0.0,0.0,
ESP-La Liga,1617,2017-03-19 Barcelona-Valencia,Valencia,Diego Alves,False,Goalkeeper,,start,end,1.0,0.0,0.0,0.0,0.0,0.0,0.0,4.0,7.0,0.0,0.0,0.0,0.0,0.0,
ESP-La Liga,1617,2017-03-19 Deportivo La Coruña-Celta Vigo,Celta Vigo,Sergio Álvarez,False,Goalkeeper,,start,end,1.0,0.0,1.0,0.0,0.0,0.0,0.0,0.0,2.0,0.0,0.0,0.0,0.0,0.0,
ESP-La Liga,1617,2017-03-19 Deportivo La Coruña-Celta Vigo,Deportivo La Coruña,Germán Lux,True,Goalkeeper,,start,end,1.0,0.0,0.0,0.0,0.0,0.0,1.0,1.0,1.0,0.0,0.0,0.0,0.0,0.0,
ESP-La Liga,1617,2017-03-19 Leganés-Málaga,Leganés,Iago Herrerín,True,Goalkeeper,,start,end,1.0,0.0,0.0,0.0,0.0,0.0,0.0,0.0,1.0,0.0,0.0,0.0,0.0,0.0,
ESP-La Liga,1617,2017-03-19 Leganés-Málaga,Málaga,Carlos Kameni,False,Goalkeeper,,start,end,1.0,0.0,0.0,0.0,0.0,0.0,0.0,0.0,2.0,0.0,0.0,0.0,0.0,0.0,
ESP-La Liga,1617,2017-03-19 Sporting Gijón-Granada,Granada,Guillermo Ochoa,False,Goalkeeper,,start,end,1.0,0.0,0.0,0.0,0.0,0.0,0.0,3.0,8.0,0.0,0.0,0.0,0.0,0.0,
ESP-La Liga,1617,2017-03-19 Sporting Gijón-Granada,Sporting Gijón,Diego Mariño,True,Goalkeeper,,start,end,1.0,0.0,0.0,0.0,0.0,0.0,0.0,1.0,4.0,0.0,0.0,0.0,0.0,0.0,
ESP-La Liga,1617,2017-03-31 Espanyol-Real Betis,Espanyol,Diego López,True,Goalkeeper,,start,end,1.0,0.0,0.0,0.0,0.0,0.0,0.0,1.0,2.0,0.0,0.0,0.0,0.0,0.0,
ESP-La Liga,1617,2017-03-31 Espanyol-Real Betis,Real Betis,Antonio Adán,False,Goalkeeper,,start,end,1.0,0.0,0.0,0.0,0.0,0.0,0.0,2.0,3.0,0.0,0.0,0.0,0.0,0.0,
ESP-La Liga,1617,2017-04-01 Málaga-Atlético Madrid,Atlético Madrid,Jan Oblak,False,Goalkeeper,,start,end,1.0,0.0,0.0,0.0,0.0,0.0,0.0,0.0,5.0,0.0,0.0,0.0,0.0,0.0,
ESP-La Liga,1617,2017-04-01 Málaga-Atlético Madrid,Málaga,Carlos Kameni,True,Goalkeeper,,start,end,1.0,0.0,0.0,0.0,0.0,0.0,0.0,2.0,4.0,0.0,0.0,0.0,0.0,0.0,
ESP-La Liga,1617,2017-04-01 Osasuna-Athletic Club,Athletic Club,Kepa Arrizabalaga,False,Goalkeeper,,start,end,1.0,0.0,0.0,0.0,0.0,0.0,0.0,1.0,5.0,0.0,0.0,0.0,0.0,0.0,
ESP-La Liga,1617,2017-04-01 Osasuna-Athletic Club,Osasuna,Salvatore Sirigu,True,Goalkeeper,,start,end,1.0,0.0,0.0,0.0,0.0,0.0,0.0,2.0,2.0,0.0,0.0,0.0,0.0,0.0,
ESP-La Liga,1617,2017-04-01 Real Sociedad-Leganés,Leganés,Iago Herrerín,False,Goalkeeper,,start,end,1.0,0.0,0.0,0.0,0.0,0.0,0.0,1.0,4.0,0.0,0.0,0.0,0.0,0.0,
ESP-La Liga,1617,2017-04-01 Real Sociedad-Leganés,Real Sociedad,Gerónimo Rulli,True,Goalkeeper,,start,end,1.0,0.0,0.0,0.0,0.0,0.0,0.0,1.0,2.0,0.0,0.0,0.0,0.0,0.0,
ESP-La Liga,1617,2017-04-01 Villarreal-Eibar,Eibar,Yoel,False,Goalkeeper,,start,end,1.0,0.0,0.0,0.0,0.0,0.0,0.0,2.0,5.0,0.0,0.0,0.0,0.0,0.0,
ESP-La Liga,1617,2017-04-01 Villarreal-Eibar,Villarreal,Andrés Fernández,True,Goalkeeper,,start,end,1.0,0.0,0.0,0.0,0.0,0.0,0.0,3.0,1.0,0.0,0.0,0.0,0.0,0.0,
ESP-La Liga,1617,2017-04-02 Granada-Barcelona,Barcelona,Marc-André ter Stegen,False,Goalkeeper,,start,end,1.0,0.0,0.0,0.0,0.0,0.0,0.0,1.0,4.0,0.0,0.0,0.0,0.0,0.0,
ESP-La Liga,1617,2017-04-02 Granada-Barcelona,Granada,Guillermo Ochoa,True,Goalkeeper,,start,end,1.0,0.0,0.0,0.0,0.0,0.0,0.0,4.0,9.0,0.0,0.0,0.0,0.0,0.0,
ESP-La Liga,1617,2017-04-02 Real Madrid-Alavés,Alavés,Fernando Pacheco,False,Goalkeeper,,start,end,1.0,0.0,0.0,0.0,0.0,0.0,0.0,3.0,3.0,0.0,0.0,0.0,0.0,0.0,
ESP-La Liga,1617,2017-04-02 Real Madrid-Alavés,Real Madrid,Kiko Casilla,True,Goalkeeper,,start,end,1.0,0.0,0.0,0.0,0.0,0.0,0.0,0.0,3.0,0.0,0.0,0.0,0.0,0.0,
ESP-La Liga,1617,2017-04-02 Sevilla-Sporting Gijón,Sevilla,Sergio Rico,True,Goalkeeper,,start,end,1.0,0.0,0.0,0.0,0.0,0.0,0.0,0.0,2.0,0.0,0.0,0.0,0.0,0.0,
ESP-La Liga,1617,2017-04-02 Sevilla-Sporting Gijón,Sporting Gijón,Iván Cuéllar,False,Goalkeeper,,start,end,1.0,0.0,1.0,0.0,0.0,0.0,0.0,0.0,6.0,0.0,0.0,0.0,0.0,0.0,
ESP-La Liga,1617,2017-04-02 Valencia-Deportivo La Coruña,Deportivo La Coruña,Germán Lux,False,Goalkeeper,,start,end,1.0,0.0,1.0,0.0,0.0,0.0,0.0,3.0,6.0,0.0,0.0,0.0,0.0,0.0,
ESP-La Liga,1617,2017-04-02 Valencia-Deportivo La Coruña,Valencia,Diego Alves,True,Goalkeeper,,start,end,1.0,0.0,0.0,0.0,0.0,0.0,0.0,0.0,6.0,0.0,0.0,0.0,0.0,0.0,
ESP-La Liga,1617,2017-04-03 Celta Vigo-Las Palmas,Celta Vigo,Sergio Álvarez,True,Goalkeeper,,start,end,1.0,0.0,0.0,0.0,0.0,0.0,0.0,1.0,4.0,0.0,0.0,0.0,0.0,0.0,
ESP-La Liga,1617,2017-04-03 Celta Vigo-Las Palmas,Las Palmas,Raúl Lizoain,False,Goalkeeper,,start,end,1.0,0.0,2.0,0.0,0.0,0.0,0.0,3.0,4.0,0.0,0.0,0.0,0.0,0.0,
ESP-La Liga,1617,2017-04-04 Athletic Club-Espanyol,Athletic Club,Kepa Arrizabalaga,True,Goalkeeper,,start,end,1.0,0.0,0.0,0.0,0.0,0.0,0.0,0.0,2.0,0.0,0.0,0.0,0.0,0.0,
ESP-La Liga,1617,2017-04-04 Athletic Club-Espanyol,Espanyol,Diego López,False,Goalkeeper,,start,end,1.0,0.0,0.0,0.0,0.0,0.0,0.0,2.0,4.0,0.0,0.0,0.0,0.0,0.0,
ESP-La Liga,1617,2017-04-04 Atlético Madrid-Real Sociedad,Atlético Madrid,Jan Oblak,True,Goalkeeper,,start,end,1.0,0.0,0.0,0.0,0.0,0.0,0.0,0.0,1.0,0.0,0.0,0.0,0.0,0.0,
ESP-La Liga,1617,2017-04-04 Atlético Madrid-Real Sociedad,Real Sociedad,Gerónimo Rulli,False,Goalkeeper,,start,end,1.0,0.0,0.0,0.0,0.0,0.0,1.0,1.0,7.0,0.0,0.0,0.0,0.0,0.0,
ESP-La Liga,1617,2017-04-04 Real Betis-Villarreal,Real Betis,Antonio Adán,True,Goalkeeper,,start,end,1.0,0.0,0.0,0.0,0.0,0.0,0.0,1.0,1.0,0.0,0.0,0.0,0.0,0.0,
ESP-La Liga,1617,2017-04-04 Real Betis-Villarreal,Villarreal,Andrés Fernández,False,Goalkeeper,,start,end,1.0,0.0,0.0,0.0,0.0,0.0,0.0,0.0,3.0,0.0,0.0,0.0,0.0,0.0,
ESP-La Liga,1617,2017-04-05 Alavés-Osasuna,Alavés,Fernando Pacheco,True,Goalkeeper,,start,end,1.0,0.0,0.0,0.0,0.0,0.0,0.0,1.0,5.0,0.0,0.0,0.0,0.0,0.0,
ESP-La Liga,1617,2017-04-05 Alavés-Osasuna,Osasuna,Salvatore Sirigu,False,Goalkeeper,,start,end,1.0,0.0,0.0,0.0,0.0,0.0,0.0,0.0,3.0,0.0,0.0,0.0,0.0,0.0,
ESP-La Liga,1617,2017-04-05 Barcelona-Sevilla,Barcelona,Marc-André ter Stegen,True,Goalkeeper,,start,end,1.0,0.0,0.0,0.0,0.0,0.0,0.0,0.0,3.0,0.0,0.0,0.0,0.0,0.0,
ESP-La Liga,1617,2017-04-05 Barcelona-Sevilla,Sevilla,Sergio Rico,False,Goalkeeper,,start,end,1.0,0.0,0.0,0.0,0.0,0.0,0.0,3.0,4.0,0.0,0.0,0.0,0.0,0.0,
ESP-La Liga,1617,2017-04-05 Deportivo La Coruña-Granada,Deportivo La Coruña,Germán Lux,True,Goalkeeper,,start,end,1.0,0.0,0.0,0.0,0.0,0.0,0.0,0.0,2.0,0.0,0.0,0.0,0.0,0.0,
ESP-La Liga,1617,2017-04-05 Deportivo La Coruña-Granada,Granada,Guillermo Ochoa,False,Goalkeeper,,start,end,1.0,0.0,0.0,0.0,0.0,0.0,0.0,0.0,3.0,0.0,0.0,0.0,0.0,0.0,
ESP-La Liga,1617,2017-04-05 Leganés-Real Madrid,Leganés,Iago Herrerín,True,Goalkeeper,,start,end,1.0,0.0,0.0,0.0,0.0,0.0,0.0,4.0,4.0,0.0,0.0,0.0,0.0,0.0,
ESP-La Liga,1617,2017-04-05 Leganés-Real Madrid,Real Madrid,Keylor Navas,False,Goalkeeper,,start,end,1.0,0.0,0.0,0.0,0.0,0.0,0.0,2.0,1.0,0.0,0.0,0.0,0.0,0.0,
ESP-La Liga,1617,2017-04-05 Sporting Gijón-Málaga,Málaga,Carlos Kameni,False,Goalkeeper,,start,end,1.0,0.0,0.0,0.0,0.0,0.0,0.0,0.0,5.0,0.0,0.0,0.0,0.0,0.0,
ESP-La Liga,1617,2017-04-05 Sporting Gijón-Málaga,Sporting Gijón,Iván Cuéllar,True,Goalkeeper,,start,end,1.0,0.0,0.0,0.0,0.0,0.0,0.0,1.0,2.0,0.0,0.0,0.0,0.0,0.0,
ESP-La Liga,1617,2017-04-06 Eibar-Las Palmas,Eibar,Yoel,True,Goalkeeper,,start,end,1.0,0.0,0.0,0.0,0.0,0.0,0.0,1.0,5.0,0.0,0.0,0.0,0.0,0.0,
ESP-La Liga,1617,2017-04-06 Eibar-Las Palmas,Las Palmas,Raúl Lizoain,False,Goalkeeper,,start,end,1.0,0.0,0.0,0.0,0.0,0.0,0.0,3.0,3.0,0.0,0.0,0.0,0.0,0.0,
ESP-La Liga,1617,2017-04-06 Valencia-Celta Vigo,Celta Vigo,Sergio Álvarez,False,Goalkeeper,,start,end,1.0,0.0,0.0,0.0,0.0,0.0,0.0,3.0,7.0,0.0,0.0,0.0,0.0,0.0,
ESP-La Liga,1617,2017-04-06 Valencia-Celta Vigo,Valencia,Diego Alves,True,Goalkeeper,,start,end,1.0,0.0,0.0,0.0,0.0,0.0,0.0,2.0,1.0,0.0,0.0,0.0,0.0,0.0,
ESP-La Liga,1617,2017-04-07 Villarreal-Athletic Club,Athletic Club,Kepa Arrizabalaga,False,Goalkeeper,,start,end,1.0,0.0,0.0,0.0,0.0,0.0,0.0,3.0,1.0,0.0,0.0,0.0,0.0,0.0,
ESP-La Liga,1617,2017-04-07 Villarreal-Athletic Club,Villarreal,Andrés Fernández,True,Goalkeeper,,start,end,1.0,0.0,0.0,0.0,0.0,0.0,1.0,1.0,4.0,0.0,0.0,0.0,0.0,0.0,
ESP-La Liga,1617,2017-04-08 Espanyol-Alavés,Alavés,Fernando Pacheco,False,Goalkeeper,,start,end,1.0,0.0,0.0,0.0,0.0,0.0,0.0,1.0,5.0,0.0,0.0,0.0,0.0,0.0,
ESP-La Liga,1617,2017-04-08 Espanyol-Alavés,Espanyol,Diego López,True,Goalkeeper,,start,end,1.0,0.0,1.0,0.0,0.0,0.0,1.0,0.0,0.0,0.0,0.0,0.0,0.0,0.0,
ESP-La Liga,1617,2017-04-08 Málaga-Barcelona,Barcelona,Marc-André ter Stegen,False,Goalkeeper,,start,end,1.0,0.0,0.0,0.0,0.0,0.0,0.0,2.0,2.0,0.0,0.0,0.0,0.0,0.0,
ESP-La Liga,1617,2017-04-08 Málaga-Barcelona,Málaga,Carlos Kameni,True,Goalkeeper,,start,end,1.0,0.0,0.0,0.0,0.0,0.0,0.0,0.0,3.0,0.0,0.0,0.0,0.0,0.0,
ESP-La Liga,1617,2017-04-08 Real Madrid-Atlético Madrid,Atlético Madrid,Jan Oblak,False,Goalkeeper,,start,end,1.0,0.0,0.0,0.0,0.0,0.0,0.0,1.0,4.0,0.0,0.0,0.0,0.0,0.0,
ESP-La Liga,1617,2017-04-08 Real Madrid-Atlético Madrid,Real Madrid,Keylor Navas,True,Goalkeeper,,start,end,1.0,0.0,0.0,0.0,0.0,0.0,0.0,1.0,3.0,0.0,0.0,0.0,0.0,0.0,
ESP-La Liga,1617,2017-04-08 Sevilla-Deportivo La Coruña,Deportivo La Coruña,Germán Lux,False,Goalkeeper,,start,end,1.0,0.0,1.0,0.0,0.0,0.0,0.0,4.0,9.0,0.0,0.0,0.0,0.0,0.0,
ESP-La Liga,1617,2017-04-08 Sevilla-Deportivo La Coruña,Sevilla,Sergio Rico,True,Goalkeeper,,start,end,1.0,0.0,0.0,0.0,0.0,0.0,0.0,2.0,2.0,0.0,0.0,0.0,0.0,0.0,
ESP-La Liga,1617,2017-04-09 Celta Vigo-Eibar,Celta Vigo,Sergio Álvarez,True,Goalkeeper,,start,end,1.0,0.0,0.0,0.0,0.0,0.0,0.0,2.0,4.0,0.0,0.0,0.0,0.0,0.0,
ESP-La Liga,1617,2017-04-09 Celta Vigo-Eibar,Eibar,Yoel,False,Goalkeeper,,start,end,1.0,0.0,0.0,0.0,0.0,0.0,0.0,0.0,3.0,0.0,0.0,0.0,0.0,0.0,
ESP-La Liga,1617,2017-04-09 Granada-Valencia,Granada,Guillermo Ochoa,True,Goalkeeper,,start,end,1.0,0.0,0.0,0.0,0.0,0.0,0.0,3.0,5.0,0.0,0.0,0.0,0.0,0.0,
ESP-La Liga,1617,2017-04-09 Granada-Valencia,Valencia,Diego Alves,False,Goalkeeper,,start,end,1.0,0.0,0.0,0.0,0.0,0.0,0.0,1.0,4.0,0.0,0.0,0.0,0.0,0.0,
ESP-La Liga,1617,2017-04-09 Las Palmas-Real Betis,Las Palmas,Raúl Lizoain,True,Goalkeeper,,start,end,1.0,0.0,1.0,0.0,0.0,0.0,0.0,1.0,4.0,0.0,0.0,0.0,0.0,0.0,
ESP-La Liga,1617,2017-04-09 Las Palmas-Real Betis,Real Betis,Antonio Adán,False,Goalkeeper,,start,end,1.0,0.0,0.0,0.0,0.0,0.0,0.0,4.0,2.0,0.0,0.0,0.0,0.0,0.0,
ESP-La Liga,1617,2017-04-09 Osasuna-Leganés,Leganés,Iago Herrerín,False,Goalkeeper,,start,end,1.0,0.0,0.0,0.0,0.0,0.0,0.0,2.0,3.0,0.0,0.0,0.0,0.0,0.0,
ESP-La Liga,1617,2017-04-09 Osasuna-Leganés,Osasuna,Salvatore Sirigu,True,Goalkeeper,,start,end,1.0,0.0,0.0,0.0,0.0,0.0,0.0,1.0,1.0,0.0,0.0,0.0,0.0,0.0,
ESP-La Liga,1617,2017-04-10 Real Sociedad-Sporting Gijón,Real Sociedad,Gerónimo Rulli,True,Goalkeeper,,start,end,1.0,0.0,0.0,0.0,0.0,0.0,0.0,1.0,2.0,0.0,0.0,0.0,0.0,0.0,
ESP-La Liga,1617,2017-04-10 Real Sociedad-Sporting Gijón,Sporting Gijón,Iván Cuéllar,False,Goalkeeper,,start,end,1.0,0.0,0.0,0.0,0.0,0.0,0.0,3.0,4.0,0.0,0.0,0.0,0.0,0.0,
ESP-La Liga,1617,2017-04-14 Athletic Club-Las Palmas,Athletic Club,Kepa Arrizabalaga,True,Goalkeeper,,start,end,1.0,0.0,0.0,0.0,0.0,0.0,0.0,1.0,1.0,0.0,0.0,0.0,0.0,0.0,
ESP-La Liga,1617,2017-04-14 Athletic Club-Las Palmas,Las Palmas,Raúl Lizoain,False,Goalkeeper,,start,end,1.0,0.0,1.0,0.0,0.0,0.0,0.0,5.0,1.0,0.0,0.0,0.0,0.0,0.0,
ESP-La Liga,1617,2017-04-15 Atlético Madrid-Osasuna,Atlético Madrid,Jan Oblak,True,Goalkeeper,,start,end,1.0,0.0,0.0,0.0,0.0,0.0,0.0,0.0,0.0,0.0,0.0,0.0,0.0,0.0,
ESP-La Liga,1617,2017-04-15 Atlético Madrid-Osasuna,Osasuna,Salvatore Sirigu,False,Goalkeeper,,start,end,1.0,1.0,0.0,0.0,0.0,0.0,1.0,3.0,5.0,0.0,0.0,0.0,0.0,0.0,
ESP-La Liga,1617,2017-04-15 Barcelona-Real Sociedad,Barcelona,Marc-André ter Stegen,True,Goalkeeper,,start,end,1.0,0.0,0.0,0.0,0.0,0.0,0.0,2.0,6.0,0.0,0.0,0.0,0.0,0.0,
ESP-La Liga,1617,2017-04-15 Barcelona-Real Sociedad,Real Sociedad,Gerónimo Rulli,False,Goalkeeper,,start,end,1.0,0.0,0.0,0.0,0.0,0.0,0.0,3.0,6.0,0.0,0.0,0.0,0.0,0.0,
ESP-La Liga,1617,2017-04-15 Deportivo La Coruña-Málaga,Deportivo La Coruña,Germán Lux,True,Goalkeeper,,start,end,1.0,0.0,0.0,0.0,0.0,0.0,0.0,0.0,3.0,0.0,0.0,0.0,0.0,0.0,
ESP-La Liga,1617,2017-04-15 Deportivo La Coruña-Málaga,Málaga,Carlos Kameni,False,Goalkeeper,,start,end,1.0,0.0,0.0,0.0,0.0,0.0,0.0,2.0,2.0,0.0,0.0,0.0,0.0,0.0,
ESP-La Liga,1617,2017-04-15 Sporting Gijón-Real Madrid,Real Madrid,Kiko Casilla,False,Goalkeeper,,start,end,1.0,0.0,0.0,0.0,0.0,0.0,0.0,2.0,0.0,0.0,0.0,0.0,0.0,0.0,
ESP-La Liga,1617,2017-04-15 Sporting Gijón-Real Madrid,Sporting Gijón,Iván Cuéllar,True,Goalkeeper,,start,end,1.0,0.0,1.0,0.0,0.0,0.0,0.0,3.0,3.0,0.0,0.0,0.0,0.0,0.0,
ESP-La Liga,1617,2017-04-16 Granada-Celta Vigo,Celta Vigo,Sergio Álvarez,False,Goalkeeper,,start,end,1.0,0.0,0.0,0.0,0.0,0.0,0.0,0.0,4.0,0.0,0.0,0.0,0.0,0.0,
ESP-La Liga,1617,2017-04-16 Granada-Celta Vigo,Granada,Guillermo Ochoa,True,Goalkeeper,,start,end,1.0,0.0,0.0,0.0,0.0,0.0,0.0,3.0,0.0,0.0,0.0,0.0,0.0,0.0,
ESP-La Liga,1617,2017-04-16 Leganés-Espanyol,Espanyol,Diego López,False,Goalkeeper,,start,end,1.0,0.0,1.0,0.0,0.0,0.0,0.0,0.0,5.0,0.0,0.0,0.0,0.0,0.0,
ESP-La Liga,1617,2017-04-16 Leganés-Espanyol,Leganés,Iago Herrerín,True,Goalkeeper,,start,end,1.0,0.0,0.0,0.0,0.0,0.0,0.0,1.0,1.0,0.0,0.0,0.0,0.0,0.0,
ESP-La Liga,1617,2017-04-16 Real Betis-Eibar,Eibar,Yoel,False,Goalkeeper,,start,end,1.0,0.0,0.0,0.0,0.0,0.0,0.0,2.0,2.0,0.0,0.0,0.0,0.0,0.0,
ESP-La Liga,1617,2017-04-16 Real Betis-Eibar,Real Betis,Antonio Adán,True,Goalkeeper,,start,end,1.0,0.0,0.0,0.0,0.0,0.0,0.0,0.0,3.0,0.0,0.0,0.0,0.0,0.0,
ESP-La Liga,1617,2017-04-16 Valencia-Sevilla,Sevilla,Sergio Rico,False,Goalkeeper,,start,end,1.0,0.0,0.0,0.0,0.0,0.0,0.0,0.0,2.0,0.0,0.0,0.0,0.0,0.0,
ESP-La Liga,1617,2017-04-16 Valencia-Sevilla,Valencia,Diego Alves,True,Goalkeeper,,start,end,1.0,0.0,0.0,0.0,0.0,0.0,0.0,0.0,2.0,0.0,0.0,0.0,0.0,0.0,
ESP-La Liga,1617,2017-04-17 Alavés-Villarreal,Alavés,Fernando Pacheco,True,Goalkeeper,,start,end,1.0,0.0,1.0,0.0,0.0,0.0,0.0,1.0,4.0,0.0,0.0,0.0,0.0,0.0,
ESP-La Liga,1617,2017-04-17 Alavés-Villarreal,Villarreal,Andrés Fernández,False,Goalkeeper,,start,end,1.0,0.0,0.0,0.0,0.0,0.0,0.0,2.0,3.0,0.0,0.0,0.0,0.0,0.0,
ESP-La Liga,1617,2017-04-21 Sevilla-Granada,Granada,Guillermo Ochoa,False,Goalkeeper,,start,end,1.0,0.0,0.0,0.0,0.0,0.0,0.0,2.0,10.0,0.0,0.0,0.0,0.0,0.0,
ESP-La Liga,1617,2017-04-21 Sevilla-Granada,Sevilla,Sergio Rico,True,Goalkeeper,,start,end,1.0,0.0,0.0,0.0,0.0,0.0,0.0,0.0,2.0,0.0,0.0,0.0,0.0,0.0,
ESP-La Liga,1617,2017-04-22 Espanyol-Atlético Madrid,Atlético Madrid,Jan Oblak,False,Goalkeeper,,start,end,1.0,0.0,1.0,0.0,0.0,0.0,0.0,0.0,2.0,0.0,0.0,0.0,0.0,0.0,
ESP-La Liga,1617,2017-04-22 Espanyol-Atlético Madrid,Espanyol,Diego López,True,Goalkeeper,,start,end,1.0,0.0,0.0,0.0,0.0,0.0,0.0,1.0,2.0,0.0,0.0,0.0,0.0,0.0,
ESP-La Liga,1617,2017-04-22 Málaga-Valencia,Málaga,Carlos Kameni,True,Goalkeeper,,start,end,1.0,0.0,0.0,0.0,0.0,0.0,0.0,0.0,2.0,0.0,0.0,0.0,0.0,0.0,
ESP-La Liga,1617,2017-04-22 Málaga-Valencia,Valencia,Diego Alves,False,Goalkeeper,,start,end,1.0,0.0,0.0,0.0,0.0,0.0,0.0,2.0,2.0,0.0,0.0,0.0,0.0,0.0,
ESP-La Liga,1617,2017-04-22 Osasuna-Sporting Gijón,Osasuna,Salvatore Sirigu,True,Goalkeeper,,start,end,1.0,0.0,0.0,0.0,0.0,0.0,0.0,2.0,2.0,0.0,0.0,0.0,0.0,0.0,
ESP-La Liga,1617,2017-04-22 Osasuna-Sporting Gijón,Sporting Gijón,Iván Cuéllar,False,Goalkeeper,,start,end,1.0,0.0,0.0,0.0,0.0,0.0,0.0,2.0,0.0,0.0,0.0,0.0,0.0,0.0,
ESP-La Liga,1617,2017-04-22 Villarreal-Leganés,Leganés,Iago Herrerín,False,Goalkeeper,,start,end,1.0,0.0,0.0,0.0,0.0,0.0,0.0,2.0,3.0,0.0,0.0,0.0,0.0,0.0,
ESP-La Liga,1617,2017-04-22 Villarreal-Leganés,Villarreal,Andrés Fernández,True,Goalkeeper,,start,end,1.0,0.0,1.0,0.0,0.0,0.0,0.0,1.0,3.0,0.0,0.0,0.0,0.0,0.0,
ESP-La Liga,1617,2017-04-23 Celta Vigo-Real Betis,Celta Vigo,Sergio Álvarez,True,Goalkeeper,,start,end,1.0,0.0,0.0,0.0,0.0,0.0,0.0,1.0,5.0,0.0,0.0,0.0,0.0,0.0,
ESP-La Liga,1617,2017-04-23 Celta Vigo-Real Betis,Real Betis,Antonio Adán,False,Goalkeeper,,start,end,1.0,0.0,0.0,0.0,0.0,0.0,0.0,0.0,4.0,0.0,0.0,0.0,0.0,0.0,
ESP-La Liga,1617,2017-04-23 Las Palmas-Alavés,Alavés,Fernando Pacheco,False,Goalkeeper,,start,end,1.0,0.0,0.0,0.0,0.0,0.0,0.0,1.0,2.0,0.0,0.0,0.0,0.0,0.0,
ESP-La Liga,1617,2017-04-23 Las Palmas-Alavés,Las Palmas,Raúl Lizoain,True,Goalkeeper,,start,end,1.0,0.0,0.0,0.0,0.0,0.0,0.0,1.0,4.0,0.0,0.0,0.0,0.0,0.0,
ESP-La Liga,1617,2017-04-23 Real Madrid-Barcelona,Barcelona,Marc-André ter Stegen,False,Goalkeeper,,start,end,1.0,0.0,0.0,0.0,0.0,0.0,0.0,2.0,12.0,0.0,0.0,0.0,0.0,0.0,
ESP-La Liga,1617,2017-04-23 Real Madrid-Barcelona,Real Madrid,Keylor Navas,True,Goalkeeper,,start,end,1.0,0.0,1.0,0.0,0.0,0.0,0.0,3.0,6.0,0.0,0.0,0.0,0.0,0.0,
ESP-La Liga,1617,2017-04-23 Real Sociedad-Deportivo La Coruña,Deportivo La Coruña,Germán Lux,False,Goalkeeper,,start,end,1.0,0.0,0.0,0.0,0.0,0.0,0.0,1.0,2.0,0.0,0.0,0.0,0.0,0.0,
ESP-La Liga,1617,2017-04-23 Real Sociedad-Deportivo La Coruña,Real Sociedad,Gerónimo Rulli,True,Goalkeeper,,start,end,1.0,0.0,0.0,0.0,0.0,0.0,0.0,0.0,1.0,0.0,0.0,0.0,0.0,0.0,
ESP-La Liga,1617,2017-04-24 Eibar-Athletic Club,Athletic Club,Kepa Arrizabalaga,False,Goalkeeper,,start,end,1.0,0.0,0.0,0.0,0.0,0.0,0.0,0.0,2.0,0.0,0.0,0.0,0.0,0.0,
ESP-La Liga,1617,2017-04-24 Eibar-Athletic Club,Eibar,Yoel,True,Goalkeeper,,start,end,1.0,0.0,0.0,0.0,0.0,0.0,0.0,1.0,2.0,0.0,0.0,0.0,0.0,0.0,
ESP-La Liga,1617,2017-04-25 Atlético Madrid-Villarreal,Atlético Madrid,Jan Oblak,True,Goalkeeper,,start,end,1.0,0.0,0.0,0.0,0.0,0.0,0.0,1.0,1.0,0.0,0.0,0.0,0.0,0.0,
ESP-La Liga,1617,2017-04-25 Atlético Madrid-Villarreal,Villarreal,Andrés Fernández,False,Goalkeeper,,start,end,1.0,0.0,0.0,0.0,0.0,0.0,0.0,0.0,9.0,0.0,0.0,0.0,0.0,0.0,
ESP-La Liga,1617,2017-04-25 Granada-Málaga,Granada,Guillermo Ochoa,True,Goalkeeper,,start,end,1.0,0.0,0.0,0.0,0.0,0.0,0.0,2.0,4.0,0.0,0.0,0.0,0.0,0.0,
ESP-La Liga,1617,2017-04-25 Granada-Málaga,Málaga,Carlos Kameni,False,Goalkeeper,,start,end,1.0,0.0,1.0,0.0,0.0,0.0,0.0,0.0,1.0,0.0,0.0,0.0,0.0,0.0,
ESP-La Liga,1617,2017-04-25 Sporting Gijón-Espanyol,Espanyol,Diego López,False,Goalkeeper,,start,end,1.0,0.0,0.0,0.0,0.0,0.0,0.0,1.0,5.0,0.0,0.0,0.0,0.0,0.0,
ESP-La Liga,1617,2017-04-25 Sporting Gijón-Espanyol,Sporting Gijón,Iván Cuéllar,True,Goalkeeper,,start,end,1.0,0.0,1.0,0.0,0.0,0.0,0.0,1.0,4.0,0.0,0.0,0.0,0.0,0.0,
ESP-La Liga,1617,2017-04-26 Barcelona-Osasuna,Barcelona,Marc-André ter Stegen,True,Goalkeeper,,start,end,1.0,0.0,0.0,0.0,0.0,0.0,0.0,1.0,1.0,0.0,0.0,0.0,0.0,0.0,
ESP-La Liga,1617,2017-04-26 Barcelona-Osasuna,Osasuna,Salvatore Sirigu,False,Goalkeeper,,start,end,1.0,0.0,0.0,0.0,0.0,0.0,0.0,7.0,2.0,0.0,0.0,0.0,0.0,0.0,
ESP-La Liga,1617,2017-04-26 Deportivo La Coruña-Real Madrid,Deportivo La Coruña,Germán Lux,True,Goalkeeper,,start,45,1.0,0.0,0.0,0.0,0.0,0.0,0.0,3.0,4.0,0.0,0.0,0.0,0.0,0.0,
ESP-La Liga,1617,2017-04-26 Deportivo La Coruña-Real Madrid,Real Madrid,Kiko Casilla,False,Goalkeeper,,start,end,1.0,0.0,0.0,0.0,0.0,0.0,0.0,2.0,5.0,0.0,0.0,0.0,0.0,0.0,
ESP-La Liga,1617,2017-04-26 Leganés-Las Palmas,Las Palmas,Javi Varas,False,Goalkeeper,,start,end,1.0,0.0,0.0,0.0,0.0,0.0,0.0,3.0,2.0,0.0,0.0,0.0,0.0,0.0,
ESP-La Liga,1617,2017-04-26 Leganés-Las Palmas,Leganés,Iago Herrerín,True,Goalkeeper,,start,end,1.0,0.0,0.0,0.0,0.0,0.0,0.0,0.0,0.0,0.0,0.0,0.0,0.0,0.0,
ESP-La Liga,1617,2017-04-26 Valencia-Real Sociedad,Real Sociedad,Gerónimo Rulli,False,Goalkeeper,,start,end,1.0,0.0,0.0,0.0,0.0,0.0,0.0,2.0,1.0,0.0,0.0,0.0,0.0,0.0,
ESP-La Liga,1617,2017-04-26 Valencia-Real Sociedad,Valencia,Diego Alves,True,Goalkeeper,,start,end,1.0,0.0,0.0,1.0,0.0,0.0,0.0,3.0,0.0,0.0,0.0,0.0,0.0,0.0,
ESP-La Liga,1617,2017-04-27 Alavés-Eibar,Alavés,Fernando Pacheco,True,Goalkeeper,,start,end,1.0,0.0,0.0,0.0,0.0,0.0,0.0,0.0,4.0,0.0,0.0,0.0,0.0,0.0,
ESP-La Liga,1617,2017-04-27 Alavés-Eibar,Eibar,Asier Riesgo,False,Goalkeeper,,start,end,1.0,1.0,0.0,0.0,1.0,0.0,0.0,0.0,1.0,0.0,0.0,0.0,0.0,0.0,
ESP-La Liga,1617,2017-04-27 Athletic Club-Real Betis,Athletic Club,Kepa Arrizabalaga,True,Goalkeeper,,start,end,1.0,0.0,0.0,0.0,0.0,0.0,0.0,1.0,2.0,0.0,0.0,0.0,0.0,0.0,
ESP-La Liga,1617,2017-04-27 Athletic Club-Real Betis,Real Betis,Antonio Adán,False,Goalkeeper,,start,end,1.0,0.0,1.0,0.0,0.0,0.0,1.0,2.0,7.0,0.0,0.0,0.0,0.0,0.0,
ESP-La Liga,1617,2017-04-27 Sevilla-Celta Vigo,Celta Vigo,Sergio Álvarez,False,Goalkeeper,,start,end,1.0,0.0,0.0,0.0,0.0,0.0,0.0,2.0,3.0,0.0,0.0,0.0,0.0,0.0,
ESP-La Liga,1617,2017-04-27 Sevilla-Celta Vigo,Sevilla,Sergio Rico,True,Goalkeeper,,start,end,1.0,0.0,0.0,0.0,0.0,0.0,0.0,1.0,0.0,0.0,0.0,0.0,0.0,0.0,
ESP-La Liga,1617,2017-04-28 Villarreal-Sporting Gijón,Sporting Gijón,Iván Cuéllar,False,Goalkeeper,,start,end,1.0,0.0,0.0,0.0,0.0,0.0,0.0,3.0,2.0,0.0,0.0,0.0,0.0,0.0,
ESP-La Liga,1617,2017-04-28 Villarreal-Sporting Gijón,Villarreal,Andrés Fernández,True,Goalkeeper,,start,end,1.0,0.0,0.0,0.0,0.0,0.0,0.0,1.0,6.0,0.0,0.0,0.0,0.0,0.0,
ESP-La Liga,1617,2017-04-29 Espanyol-Barcelona,Barcelona,Marc-André ter Stegen,False,Goalkeeper,,start,end,1.0,0.0,1.0,0.0,0.0,0.0,0.0,0.0,3.0,0.0,0.0,0.0,0.0,0.0,
ESP-La Liga,1617,2017-04-29 Espanyol-Barcelona,Espanyol,Diego López,True,Goalkeeper,,start,end,1.0,0.0,0.0,0.0,0.0,0.0,0.0,3.0,6.0,0.0,0.0,0.0,0.0,0.0,
ESP-La Liga,1617,2017-04-29 Las Palmas-Atlético Madrid,Atlético Madrid,Jan Oblak,False,Goalkeeper,,start,end,1.0,0.0,0.0,0.0,0.0,0.0,0.0,0.0,3.0,0.0,0.0,0.0,0.0,0.0,
ESP-La Liga,1617,2017-04-29 Las Palmas-Atlético Madrid,Las Palmas,Javi Varas,True,Goalkeeper,,start,end,1.0,0.0,0.0,0.0,0.0,0.0,0.0,5.0,2.0,0.0,0.0,0.0,0.0,0.0,
ESP-La Liga,1617,2017-04-29 Real Madrid-Valencia,Real Madrid,Keylor Navas,True,Goalkeeper,,start,end,1.0,0.0,0.0,0.0,0.0,0.0,0.0,1.0,1.0,0.0,0.0,0.0,0.0,0.0,
ESP-La Liga,1617,2017-04-29 Real Madrid-Valencia,Valencia,Diego Alves,False,Goalkeeper,,start,end,1.0,0.0,0.0,0.0,0.0,0.0,0.0,2.0,3.0,0.0,0.0,0.0,0.0,0.0,
ESP-La Liga,1617,2017-04-29 Real Sociedad-Granada,Granada,Guillermo Ochoa,False,Goalkeeper,,start,end,1.0,0.0,0.0,0.0,0.0,0.0,0.0,2.0,3.0,0.0,0.0,0.0,0.0,0.0,
ESP-La Liga,1617,2017-04-29 Real Sociedad-Granada,Real Sociedad,Gerónimo Rulli,True,Goalkeeper,,start,end,1.0,0.0,0.0,0.0,0.0,0.0,0.0,1.0,3.0,0.0,0.0,0.0,0.0,0.0,
ESP-La Liga,1617,2017-04-30 Celta Vigo-Athletic Club,Athletic Club,Kepa Arrizabalaga,False,Goalkeeper,,start,end,1.0,0.0,0.0,0.0,0.0,0.0,0.0,0.0,0.0,0.0,0.0,0.0,0.0,0.0,
ESP-La Liga,1617,2017-04-30 Celta Vigo-Athletic Club,Celta Vigo,Sergio Álvarez,True,Goalkeeper,,start,end,1.0,0.0,0.0,0.0,0.0,0.0,0.0,3.0,9.0,0.0,0.0,0.0,0.0,0.0,
ESP-La Liga,1617,2017-04-30 Eibar-Leganés,Eibar,Yoel,True,Goalkeeper,,start,end,1.0,0.0,0.0,0.0,0.0,0.0,0.0,0.0,0.0,0.0,0.0,0.0,0.0,0.0,
ESP-La Liga,1617,2017-04-30 Eibar-Leganés,Leganés,Iago Herrerín,False,Goalkeeper,,start,end,1.0,0.0,0.0,0.0,0.0,0.0,0.0,2.0,3.0,0.0,0.0,0.0,0.0,0.0,
ESP-La Liga,1617,2017-04-30 Osasuna-Deportivo La Coruña,Deportivo La Coruña,Germán Lux,False,Goalkeeper,,start,end,1.0,0.0,0.0,0.0,0.0,0.0,0.0,2.0,3.0,0.0,0.0,0.0,0.0,0.0,
ESP-La Liga,1617,2017-04-30 Osasuna-Deportivo La Coruña,Osasuna,Salvatore Sirigu,True,Goalkeeper,,start,end,1.0,0.0,0.0,0.0,0.0,0.0,0.0,2.0,3.0,0.0,0.0,0.0,0.0,0.0,
ESP-La Liga,1617,2017-04-30 Real Betis-Alavés,Alavés,Adrià Ortolá,False,Goalkeeper,,start,end,1.0,0.0,0.0,0.0,0.0,0.0,0.0,1.0,2.0,0.0,0.0,0.0,0.0,0.0,
ESP-La Liga,1617,2017-04-30 Real Betis-Alavés,Real Betis,Antonio Adán,True,Goalkeeper,,start,end,1.0,0.0,0.0,0.0,0.0,0.0,0.0,4.0,1.0,0.0,0.0,0.0,0.0,0.0,
ESP-La Liga,1617,2017-05-01 Málaga-Sevilla,Málaga,Carlos Kameni,True,Goalkeeper,,start,end,1.0,0.0,0.0,0.0,0.0,0.0,0.0,2.0,2.0,0.0,0.0,0.0,0.0,0.0,
ESP-La Liga,1617,2017-05-01 Málaga-Sevilla,Sevilla,Sergio Rico,False,Goalkeeper,,start,end,1.0,0.0,0.0,0.0,0.0,0.0,0.0,4.0,1.0,0.0,0.0,0.0,0.0,0.0,
ESP-La Liga,1617,2017-05-05 Sevilla-Real Sociedad,Real Sociedad,Gerónimo Rulli,False,Goalkeeper,,start,end,1.0,0.0,2.0,0.0,0.0,0.0,0.0,1.0,2.0,0.0,0.0,0.0,0.0,0.0,
ESP-La Liga,1617,2017-05-05 Sevilla-Real Sociedad,Sevilla,Sergio Rico,True,Goalkeeper,,start,end,1.0,0.0,0.0,0.0,0.0,0.0,0.0,1.0,2.0,0.0,0.0,0.0,0.0,0.0,
ESP-La Liga,1617,2017-05-06 Atlético Madrid-Eibar,Atlético Madrid,Jan Oblak,True,Goalkeeper,,start,end,1.0,0.0,0.0,0.0,0.0,0.0,0.0,0.0,3.0,0.0,0.0,0.0,0.0,0.0,
ESP-La Liga,1617,2017-05-06 Atlético Madrid-Eibar,Eibar,Yoel,False,Goalkeeper,,start,end,1.0,0.0,0.0,0.0,0.0,0.0,0.0,1.0,4.0,0.0,0.0,0.0,0.0,0.0,
ESP-La Liga,1617,2017-05-06 Barcelona-Villarreal,Barcelona,Marc-André ter Stegen,True,Goalkeeper,,start,end,1.0,0.0,0.0,0.0,0.0,0.0,0.0,1.0,3.0,0.0,0.0,0.0,0.0,0.0,
ESP-La Liga,1617,2017-05-06 Barcelona-Villarreal,Villarreal,Andrés Fernández,False,Goalkeeper,,start,end,1.0,0.0,0.0,0.0,0.0,0.0,0.0,4.0,4.0,0.0,0.0,0.0,0.0,0.0,
ESP-La Liga,1617,2017-05-06 Granada-Real Madrid,Granada,Guillermo Ochoa,True,Goalkeeper,,start,end,1.0,0.0,0.0,0.0,0.0,0.0,0.0,4.0,4.0,0.0,0.0,0.0,0.0,0.0,
ESP-La Liga,1617,2017-05-06 Granada-Real Madrid,Real Madrid,Kiko Casilla,False,Goalkeeper,,start,end,1.0,0.0,0.0,0.0,0.0,0.0,0.0,0.0,3.0,0.0,0.0,0.0,0.0,0.0,
ESP-La Liga,1617,2017-05-06 Sporting Gijón-Las Palmas,Las Palmas,Javi Varas,False,Goalkeeper,,start,end,1.0,0.0,0.0,0.0,0.0,0.0,0.0,1.0,2.0,0.0,0.0,0.0,0.0,0.0,
ESP-La Liga,1617,2017-05-06 Sporting Gijón-Las Palmas,Sporting Gijón,Iván Cuéllar,True,Goalkeeper,,start,end,1.0,0.0,0.0,0.0,0.0,0.0,0.0,0.0,2.0,0.0,0.0,0.0,0.0,0.0,
ESP-La Liga,1617,2017-05-07 Alavés-Athletic Club,Alavés,Fernando Pacheco,True,Goalkeeper,,start,end,1.0,0.0,1.0,0.0,0.0,0.0,0.0,0.0,6.0,0.0,0.0,0.0,0.0,0.0,
ESP-La Liga,1617,2017-05-07 Alavés-Athletic Club,Athletic Club,Kepa Arrizabalaga,False,Goalkeeper,,start,end,1.0,0.0,0.0,0.0,0.0,0.0,0.0,1.0,2.0,0.0,0.0,0.0,0.0,0.0,
ESP-La Liga,1617,2017-05-07 Deportivo La Coruña-Espanyol,Deportivo La Coruña,Germán Lux,True,Goalkeeper,,start,end,1.0,0.0,0.0,0.0,0.0,0.0,0.0,2.0,1.0,0.0,0.0,0.0,0.0,0.0,
ESP-La Liga,1617,2017-05-07 Deportivo La Coruña-Espanyol,Espanyol,Diego López,False,Goalkeeper,,start,end,1.0,0.0,0.0,0.0,0.0,0.0,0.0,1.0,4.0,0.0,0.0,0.0,0.0,0.0,
ESP-La Liga,1617,2017-05-07 Málaga-Celta Vigo,Celta Vigo,Sergio Álvarez,False,Goalkeeper,,start,end,1.0,0.0,0.0,0.0,0.0,0.0,0.0,3.0,5.0,0.0,0.0,0.0,0.0,0.0,
ESP-La Liga,1617,2017-05-07 Málaga-Celta Vigo,Málaga,Carlos Kameni,True,Goalkeeper,,start,end,1.0,0.0,0.0,0.0,0.0,0.0,0.0,0.0,2.0,0.0,0.0,0.0,0.0,0.0,
ESP-La Liga,1617,2017-05-07 Valencia-Osasuna,Osasuna,Salvatore Sirigu,False,Goalkeeper,,start,end,1.0,0.0,0.0,0.0,0.0,0.0,0.0,4.0,4.0,0.0,0.0,0.0,0.0,0.0,
ESP-La Liga,1617,2017-05-07 Valencia-Osasuna,Valencia,Jaume Doménech,True,Goalkeeper,,start,end,1.0,0.0,0.0,0.0,0.0,0.0,0.0,1.0,3.0,0.0,0.0,0.0,0.0,0.0,
ESP-La Liga,1617,2017-05-08 Leganés-Real Betis,Leganés,Iago Herrerín,True,Goalkeeper,,start,end,1.0,0.0,0.0,0.0,0.0,0.0,0.0,0.0,3.0,0.0,0.0,0.0,0.0,0.0,
ESP-La Liga,1617,2017-05-08 Leganés-Real Betis,Real Betis,Antonio Adán,False,Goalkeeper,,start,end,1.0,0.0,0.0,0.0,0.0,0.0,0.0,4.0,0.0,0.0,0.0,0.0,0.0,0.0,
ESP-La Liga,1617,2017-05-13 Espanyol-Valencia,Espanyol,Diego López,True,Goalkeeper,,start,end,1.0,0.0,0.0,0.0,0.0,0.0,0.0,1.0,2.0,0.0,0.0,0.0,0.0,0.0,
ESP-La Liga,1617,2017-05-13 Espanyol-Valencia,Valencia,Jaume Doménech,False,Goalkeeper,,start,end,1.0,0.0,1.0,0.0,0.0,0.0,0.0,0.0,3.0,0.0,0.0,0.0,0.0,0.0,
ESP-La Liga,1617,2017-05-13 Osasuna-Granada,Granada,Guillermo Ochoa,False,Goalkeeper,,start,end,1.0,0.0,1.0,0.0,0.0,0.0,0.0,2.0,5.0,0.0,0.0,0.0,0.0,0.0,
ESP-La Liga,1617,2017-05-13 Osasuna-Granada,Osasuna,Salvatore Sirigu,True,Goalkeeper,,start,end,1.0,0.0,0.0,0.0,0.0,0.0,0.0,1.0,2.0,0.0,0.0,0.0,0.0,0.0,
ESP-La Liga,1617,2017-05-14 Alavés-Celta Vigo,Alavés,Fernando Pacheco,True,Goalkeeper,,start,end,1.0,0.0,0.0,0.0,0.0,0.0,0.0,1.0,3.0,0.0,0.0,0.0,0.0,0.0,
ESP-La Liga,1617,2017-05-14 Alavés-Celta Vigo,Celta Vigo,Iván Villar,False,Goalkeeper,,start,end,1.0,0.0,0.0,0.0,0.0,0.0,0.0,3.0,2.0,0.0,0.0,0.0,0.0,0.0,
ESP-La Liga,1617,2017-05-14 Athletic Club-Leganés,Athletic Club,Kepa Arrizabalaga,True,Goalkeeper,,start,end,1.0,0.0,0.0,0.0,0.0,0.0,0.0,1.0,1.0,0.0,0.0,0.0,0.0,0.0,
ESP-La Liga,1617,2017-05-14 Athletic Club-Leganés,Leganés,Nereo Champagne,False,Goalkeeper,,start,end,1.0,0.0,0.0,0.0,0.0,0.0,1.0,1.0,5.0,0.0,0.0,0.0,0.0,0.0,
ESP-La Liga,1617,2017-05-14 Eibar-Sporting Gijón,Eibar,Asier Riesgo,True,Goalkeeper,,start,end,1.0,0.0,0.0,0.0,0.0,0.0,0.0,1.0,3.0,0.0,0.0,0.0,0.0,0.0,
ESP-La Liga,1617,2017-05-14 Eibar-Sporting Gijón,Sporting Gijón,Iván Cuéllar,False,Goalkeeper,,start,end,1.0,0.0,0.0,0.0,0.0,0.0,0.0,0.0,2.0,0.0,0.0,0.0,0.0,0.0,
ESP-La Liga,1617,2017-05-14 Las Palmas-Barcelona,Barcelona,Marc-André ter Stegen,False,Goalkeeper,,start,end,1.0,0.0,0.0,0.0,0.0,0.0,0.0,1.0,4.0,0.0,0.0,0.0,0.0,0.0,
ESP-La Liga,1617,2017-05-14 Las Palmas-Barcelona,Las Palmas,Javi Varas,True,Goalkeeper,,start,end,1.0,0.0,0.0,0.0,0.0,0.0,0.0,4.0,1.0,0.0,0.0,0.0,0.0,0.0,
ESP-La Liga,1617,2017-05-14 Real Betis-Atlético Madrid,Atlético Madrid,Jan Oblak,False,Goalkeeper,,start,end,1.0,0.0,0.0,0.0,0.0,0.0,0.0,1.0,4.0,0.0,0.0,0.0,0.0,0.0,
ESP-La Liga,1617,2017-05-14 Real Betis-Atlético Madrid,Real Betis,Antonio Adán,True,Goalkeeper,,start,end,1.0,0.0,0.0,0.0,0.0,0.0,1.0,1.0,1.0,0.0,0.0,0.0,0.0,0.0,
ESP-La Liga,1617,2017-05-14 Real Madrid-Sevilla,Real Madrid,Keylor Navas,True,Goalkeeper,,start,end,1.0,0.0,0.0,0.0,0.0,0.0,0.0,1.0,5.0,0.0,0.0,0.0,0.0,0.0,
ESP-La Liga,1617,2017-05-14 Real Madrid-Sevilla,Sevilla,Sergio Rico,False,Goalkeeper,,start,end,1.0,0.0,0.0,0.0,0.0,0.0,0.0,4.0,3.0,0.0,0.0,0.0,0.0,0.0,
ESP-La Liga,1617,2017-05-14 Real Sociedad-Málaga,Málaga,Carlos Kameni,False,Goalkeeper,,start,end,1.0,0.0,0.0,0.0,0.0,0.0,0.0,2.0,2.0,0.0,0.0,0.0,0.0,0.0,
ESP-La Liga,1617,2017-05-14 Real Sociedad-Málaga,Real Sociedad,Gerónimo Rulli,True,Goalkeeper,,start,end,1.0,0.0,0.0,0.0,0.0,0.0,0.0,2.0,2.0,0.0,0.0,0.0,0.0,0.0,
ESP-La Liga,1617,2017-05-14 Villarreal-Deportivo La Coruña,Deportivo La Coruña,Germán Lux,False,Goalkeeper,,start,end,1.0,0.0,1.0,0.0,0.0,0.0,1.0,0.0,5.0,0.0,0.0,0.0,0.0,0.0,
ESP-La Liga,1617,2017-05-14 Villarreal-Deportivo La Coruña,Villarreal,Andrés Fernández,True,Goalkeeper,,start,end,1.0,0.0,0.0,0.0,0.0,0.0,0.0,0.0,1.0,0.0,0.0,0.0,0.0,0.0,
ESP-La Liga,1617,2017-05-17 Celta Vigo-Real Madrid,Celta Vigo,Sergio Álvarez,True,Goalkeeper,1,start,end,1.0,0.0,0.0,0.0,0.0,0.0,0.0,4.0,4.0,0.0,0.0,0.0,0.0,0.0,
ESP-La Liga,1617,2017-05-17 Celta Vigo-Real Madrid,Real Madrid,Keylor Navas,False,Goalkeeper,1,start,end,1.0,0.0,0.0,0.0,0.0,0.0,0.0,1.0,5.0,0.0,0.0,0.0,0.0,0.0,
ESP-La Liga,1617,2017-05-19 Granada-Espanyol,Espanyol,Diego López,False,Goalkeeper,,start,end,1.0,0.0,0.0,0.0,0.0,0.0,0.0,1.0,6.0,0.0,0.0,0.0,0.0,0.0,
ESP-La Liga,1617,2017-05-19 Granada-Espanyol,Granada,Guillermo Ochoa,True,Goalkeeper,,start,end,1.0,0.0,0.0,0.0,0.0,0.0,0.0,2.0,1.0,0.0,0.0,0.0,0.0,0.0,
ESP-La Liga,1617,2017-05-20 Deportivo La Coruña-Las Palmas,Deportivo La Coruña,Davy Roef,True,Goalkeeper,,start,end,1.0,0.0,0.0,0.0,0.0,0.0,0.0,0.0,4.0,0.0,0.0,0.0,0.0,0.0,
ESP-La Liga,1617,2017-05-20 Deportivo La Coruña-Las Palmas,Las Palmas,Raúl Lizoain,False,Goalkeeper,,start,end,1.0,0.0,0.0,0.0,0.0,0.0,0.0,3.0,2.0,0.0,0.0,0.0,0.0,0.0,
ESP-La Liga,1617,2017-05-20 Leganés-Alavés,Alavés,Fernando Pacheco,False,Goalkeeper,,start,end,1.0,0.0,0.0,0.0,0.0,0.0,0.0,1.0,3.0,0.0,0.0,0.0,0.0,0.0,
ESP-La Liga,1617,2017-05-20 Leganés-Alavés,Leganés,Nereo Champagne,True,Goalkeeper,,start,end,1.0,0.0,0.0,0.0,0.0,0.0,0.0,1.0,4.0,0.0,0.0,0.0,0.0,0.0,
ESP-La Liga,1617,2017-05-20 Sevilla-Osasuna,Osasuna,Salvatore Sirigu,False,Goalkeeper,,start,end,1.0,0.0,0.0,0.0,0.0,0.0,0.0,5.0,2.0,0.0,0.0,0.0,0.0,0.0,
ESP-La Liga,1617,2017-05-20 Sevilla-Osasuna,Sevilla,David Soria,True,Goalkeeper,,start,end,1.0,0.0,0.0,0.0,0.0,0.0,0.0,0.0,2.0,0.0,0.0,0.0,0.0,0.0,
ESP-La Liga,1617,2017-05-20 Sporting Gijón-Real Betis,Real Betis,Dani Giménez,False,Goalkeeper,,start,end,1.0,0.0,0.0,0.0,0.0,0.0,0.0,2.0,3.0,0.0,0.0,0.0,0.0,0.0,
ESP-La Liga,1617,2017-05-20 Sporting Gijón-Real Betis,Sporting Gijón,Iván Cuéllar,True,Goalkeeper,,start,end,1.0,0.0,0.0,0.0,0.0,0.0,0.0,2.0,7.0,0.0,0.0,0.0,0.0,0.0,
ESP-La Liga,1617,2017-05-21 Atlético Madrid-Athletic Club,Athletic Club,Kepa Arrizabalaga,False,Goalkeeper,,start,end,1.0,0.0,0.0,0.0,0.0,0.0,0.0,3.0,0.0,0.0,0.0,0.0,0.0,0.0,
ESP-La Liga,1617,2017-05-21 Atlético Madrid-Athletic Club,Atlético Madrid,Jan Oblak,True,Goalkeeper,,start,end,1.0,0.0,0.0,0.0,0.0,0.0,0.0,1.0,0.0,0.0,0.0,0.0,0.0,0.0,
ESP-La Liga,1617,2017-05-21 Barcelona-Eibar,Barcelona,Marc-André ter Stegen,True,Goalkeeper,,start,end,1.0,0.0,0.0,0.0,0.0,0.0,0.0,2.0,2.0,0.0,0.0,0.0,0.0,0.0,
ESP-La Liga,1617,2017-05-21 Barcelona-Eibar,Eibar,Yoel,False,Goalkeeper,,start,end,1.0,0.0,0.0,0.0,0.0,0.0,0.0,4.0,8.0,0.0,0.0,0.0,0.0,0.0,
ESP-La Liga,1617,2017-05-21 Celta Vigo-Real Sociedad,Celta Vigo,Sergio Álvarez,True,Goalkeeper,,start,end,1.0,0.0,0.0,0.0,0.0,0.0,0.0,2.0,4.0,0.0,0.0,0.0,0.0,0.0,
ESP-La Liga,1617,2017-05-21 Celta Vigo-Real Sociedad,Real Sociedad,Gerónimo Rulli,False,Goalkeeper,,start,end,1.0,0.0,0.0,0.0,0.0,0.0,0.0,2.0,3.0,0.0,0.0,0.0,0.0,0.0,
ESP-La Liga,1617,2017-05-21 Málaga-Real Madrid,Málaga,Carlos Kameni,True,Goalkeeper,,start,end,1.0,0.0,0.0,0.0,0.0,0.0,1.0,2.0,6.0,0.0,0.0,0.0,0.0,0.0,
ESP-La Liga,1617,2017-05-21 Málaga-Real Madrid,Real Madrid,Keylor Navas,False,Goalkeeper,,start,end,1.0,0.0,0.0,0.0,0.0,0.0,0.0,0.0,6.0,0.0,0.0,0.0,0.0,0.0,
ESP-La Liga,1617,2017-05-21 Valencia-Villarreal,Valencia,Jaume Doménech,True,Goalkeeper,,start,end,1.0,0.0,0.0,0.0,0.0,0.0,0.0,3.0,3.0,0.0,0.0,0.0,0.0,0.0,
ESP-La Liga,1617,2017-05-21 Valencia-Villarreal,Villarreal,Andrés Fernández,False,Goalkeeper,,start,end,1.0,0.0,1.0,0.0,0.0,0.0,0.0,1.0,4.0,0.0,0.0,0.0,0.0,0.0,
