league,season,game,team,player,is_home,position,formation_place,sub_in,sub_out,appearances,fouls_committed,fouls_suffered,own_goals,red_cards,sub_ins,yellow_cards,goals_conceded,saves,shots_faced,goal_assists,shots_on_target,total_goals,total_shots,offsides
GER-Bundesliga,1617,2016-08-26 Bayern Munich-Werder Bremen,Bayern Munich,Manuel Neuer,True,Goalkeeper,,start,end,1.0,0.0,0.0,0.0,0.0,0.0,0.0,0.0,2.0,0.0,0.0,0.0,0.0,0.0,
GER-Bundesliga,1617,2016-08-26 Bayern Munich-Werder Bremen,Werder Bremen,Felix Wiedwald,False,Goalkeeper,,start,end,1.0,0.0,0.0,0.0,0.0,0.0,0.0,6.0,8.0,0.0,0.0,0.0,0.0,0.0,
GER-Bundesliga,1617,2016-08-27 Borussia Dortmund-Mainz,Borussia Dortmund,Roman Bürki,True,Goalkeeper,,start,end,1.0,0.0,0.0,0.0,0.0,0.0,0.0,1.0,3.0,0.0,0.0,0.0,0.0,0.0,
GER-Bundesliga,1617,2016-08-27 Borussia Dortmund-Mainz,Mainz,Jonas Lössl,False,Goalkeeper,,start,end,1.0,0.0,0.0,0.0,0.0,0.0,0.0,2.0,6.0,0.0,0.0,0.0,0.0,0.0,
GER-Bundesliga,1617,2016-08-27 Borussia Mönchengladbach-Bayer Leverkusen,Bayer Leverkusen,Bernd Leno,False,Goalkeeper,,start,end,1.0,0.0,0.0,0.0,0.0,0.0,0.0,2.0,7.0,0.0,0.0,0.0,0.0,0.0,
GER-Bundesliga,1617,2016-08-27 Borussia Mönchengladbach-Bayer Leverkusen,Borussia Mönchengladbach,Yann Sommer,True,Goalkeeper,,start,end,1.0,0.0,0.0,0.0,0.0,0.0,0.0,1.0,6.0,0.0,0.0,0.0,0.0,0.0,
GER-Bundesliga,1617,2016-08-27 Eintracht Frankfurt-Schalke 04,Eintracht Frankfurt,Lukas Hradecky,True,Goalkeeper,,start,end,1.0,0.0,0.0,0.0,0.0,0.0,0.0,0.0,3.0,0.0,0.0,0.0,0.0,0.0,
GER-Bundesliga,1617,2016-08-27 Eintracht Frankfurt-Schalke 04,Schalke 04,Ralf Fährmann,False,Goalkeeper,,start,end,1.0,0.0,0.0,0.0,0.0,0.0,0.0,1.0,3.0,0.0,0.0,0.0,0.0,0.0,
GER-Bundesliga,1617,2016-08-27 FC Augsburg-VfL Wolfsburg,FC Augsburg,Marwin Hitz,True,Goalkeeper,,start,end,1.0,0.0,0.0,0.0,0.0,0.0,0.0,2.0,4.0,0.0,0.0,0.0,0.0,0.0,
GER-Bundesliga,1617,2016-08-27 FC Augsburg-VfL Wolfsburg,VfL Wolfsburg,Koen Casteels,False,Goalkeeper,,start,end,1.0,0.0,0.0,0.0,0.0,0.0,0.0,0.0,2.0,0.0,0.0,0.0,0.0,0.0,
GER-Bundesliga,1617,2016-08-27 FC Cologne-SV Darmstadt 98,FC Cologne,Timo Horn,True,Goalkeeper,,start,end,1.0,0.0,0.0,0.0,0.0,0.0,0.0,0.0,3.0,0.0,0.0,0.0,0.0,0.0,
GER-Bundesliga,1617,2016-08-27 FC Cologne-SV Darmstadt 98,SV Darmstadt 98,Michael Esser,False,Goalkeeper,,start,end,1.0,0.0,0.0,0.0,0.0,0.0,0.0,2.0,6.0,0.0,0.0,0.0,0.0,0.0,
GER-Bundesliga,1617,2016-08-27 Hamburg SV-FC Ingolstadt 04,FC Ingolstadt 04,Ørjan Nyland,False,Goalkeeper,,start,end,1.0,0.0,0.0,0.0,0.0,0.0,0.0,1.0,0.0,0.0,0.0,0.0,0.0,0.0,
GER-Bundesliga,1617,2016-08-27 Hamburg SV-FC Ingolstadt 04,Hamburg SV,René Adler,True,Goalkeeper,,start,end,1.0,0.0,0.0,0.0,0.0,0.0,0.0,1.0,4.0,0.0,1.0,0.0,0.0,0.0,
GER-Bundesliga,1617,2016-08-28 Hertha Berlin-SC Freiburg,Hertha Berlin,Rune Jarstein,True,Goalkeeper,,start,end,1.0,0.0,0.0,0.0,0.0,0.0,0.0,1.0,1.0,0.0,0.0,0.0,0.0,0.0,
GER-Bundesliga,1617,2016-08-28 Hertha Berlin-SC Freiburg,SC Freiburg,Alexander Schwolow,False,Goalkeeper,,start,end,1.0,0.0,0.0,0.0,0.0,0.0,0.0,2.0,3.0,0.0,0.0,0.0,0.0,0.0,
GER-Bundesliga,1617,2016-08-28 TSG Hoffenheim-RB Leipzig,RB Leipzig,Péter Gulácsi,False,Goalkeeper,,start,end,1.0,0.0,0.0,0.0,0.0,0.0,0.0,2.0,3.0,0.0,0.0,0.0,0.0,0.0,
GER-Bundesliga,1617,2016-08-28 TSG Hoffenheim-RB Leipzig,TSG Hoffenheim,Oliver Baumann,True,Goalkeeper,,start,end,1.0,0.0,0.0,0.0,0.0,0.0,0.0,2.0,7.0,0.0,0.0,0.0,0.0,0.0,
GER-Bundesliga,1617,2016-09-09 Schalke 04-Bayern Munich,Bayern Munich,Manuel Neuer,False,Goalkeeper,,start,end,1.0,0.0,0.0,0.0,0.0,0.0,0.0,0.0,2.0,0.0,0.0,0.0,0.0,0.0,
GER-Bundesliga,1617,2016-09-09 Schalke 04-Bayern Munich,Schalke 04,Ralf Fährmann,True,Goalkeeper,,start,end,1.0,0.0,0.0,0.0,0.0,0.0,0.0,2.0,0.0,0.0,0.0,0.0,0.0,0.0,
GER-Bundesliga,1617,2016-09-10 Bayer Leverkusen-Hamburg SV,Bayer Leverkusen,Bernd Leno,True,Goalkeeper,,start,end,1.0,0.0,0.0,0.0,0.0,0.0,0.0,1.0,1.0,0.0,0.0,0.0,0.0,0.0,
GER-Bundesliga,1617,2016-09-10 Bayer Leverkusen-Hamburg SV,Hamburg SV,René Adler,False,Goalkeeper,,start,end,1.0,0.0,0.0,0.0,0.0,0.0,0.0,3.0,2.0,0.0,0.0,0.0,0.0,0.0,
GER-Bundesliga,1617,2016-09-10 FC Ingolstadt 04-Hertha Berlin,FC Ingolstadt 04,Ørjan Nyland,True,Goalkeeper,,start,end,1.0,0.0,0.0,0.0,0.0,0.0,0.0,2.0,4.0,0.0,0.0,0.0,0.0,0.0,
GER-Bundesliga,1617,2016-09-10 FC Ingolstadt 04-Hertha Berlin,Hertha Berlin,Rune Jarstein,False,Goalkeeper,,start,end,1.0,0.0,0.0,0.0,0.0,0.0,0.0,0.0,5.0,0.0,0.0,0.0,0.0,0.0,
GER-Bundesliga,1617,2016-09-10 RB Leipzig-Borussia Dortmund,Borussia Dortmund,Roman Bürki,False,Goalkeeper,,start,end,1.0,0.0,0.0,0.0,0.0,0.0,0.0,1.0,2.0,0.0,0.0,0.0,0.0,0.0,
GER-Bundesliga,1617,2016-09-10 RB Leipzig-Borussia Dortmund,RB Leipzig,Péter Gulácsi,True,Goalkeeper,,start,end,1.0,0.0,0.0,0.0,0.0,0.0,0.0,0.0,0.0,0.0,0.0,0.0,0.0,0.0,
GER-Bundesliga,1617,2016-09-10 SC Freiburg-Borussia Mönchengladbach,Borussia Mönchengladbach,Yann Sommer,False,Goalkeeper,,start,end,1.0,1.0,0.0,0.0,0.0,0.0,1.0,3.0,4.0,0.0,0.0,0.0,0.0,0.0,
GER-Bundesliga,1617,2016-09-10 SC Freiburg-Borussia Mönchengladbach,SC Freiburg,Alexander Schwolow,True,Goalkeeper,,start,end,1.0,0.0,0.0,0.0,0.0,0.0,0.0,1.0,1.0,0.0,0.0,0.0,0.0,0.0,
GER-Bundesliga,1617,2016-09-10 SV Darmstadt 98-Eintracht Frankfurt,Eintracht Frankfurt,Lukas Hradecky,False,Goalkeeper,,start,end,1.0,0.0,0.0,0.0,0.0,0.0,0.0,1.0,0.0,0.0,0.0,0.0,0.0,0.0,
GER-Bundesliga,1617,2016-09-10 SV Darmstadt 98-Eintracht Frankfurt,SV Darmstadt 98,Michael Esser,True,Goalkeeper,,start,end,1.0,0.0,0.0,0.0,0.0,0.0,0.0,0.0,3.0,0.0,0.0,0.0,0.0,0.0,
GER-Bundesliga,1617,2016-09-10 VfL Wolfsburg-FC Cologne,FC Cologne,Sven Müller,False,Goalkeeper,,start,end,1.0,0.0,0.0,0.0,0.0,0.0,0.0,0.0,4.0,0.0,0.0,0.0,0.0,0.0,
GER-Bundesliga,1617,2016-09-10 VfL Wolfsburg-FC Cologne,VfL Wolfsburg,Koen Casteels,True,Goalkeeper,,start,end,1.0,0.0,0.0,0.0,0.0,0.0,0.0,0.0,9.0,0.0,0.0,0.0,0.0,0.0,
GER-Bundesliga,1617,2016-09-11 Mainz-TSG Hoffenheim,Mainz,Jonas Lössl,True,Goalkeeper,,start,end,1.0,0.0,0.0,0.0,0.0,0.0,0.0,4.0,1.0,0.0,0.0,0.0,0.0,0.0,
GER-Bundesliga,1617,2016-09-11 Mainz-TSG Hoffenheim,TSG Hoffenheim,Oliver Baumann,False,Goalkeeper,,start,end,1.0,0.0,0.0,0.0,0.0,0.0,0.0,4.0,3.0,0.0,0.0,0.0,0.0,0.0,
GER-Bundesliga,1617,2016-09-11 Werder Bremen-FC Augsburg,FC Augsburg,Marwin Hitz,False,Goalkeeper,,start,end,1.0,0.0,1.0,0.0,0.0,0.0,0.0,1.0,0.0,0.0,0.0,0.0,0.0,0.0,
GER-Bundesliga,1617,2016-09-11 Werder Bremen-FC Augsburg,Werder Bremen,Felix Wiedwald,True,Goalkeeper,,start,end,1.0,0.0,0.0,0.0,0.0,0.0,0.0,2.0,3.0,0.0,0.0,0.0,0.0,0.0,
GER-Bundesliga,1617,2016-09-16 FC Cologne-SC Freiburg,FC Cologne,Timo Horn,True,Goalkeeper,,start,end,1.0,0.0,0.0,0.0,0.0,0.0,0.0,0.0,8.0,0.0,0.0,0.0,0.0,0.0,
GER-Bundesliga,1617,2016-09-16 FC Cologne-SC Freiburg,SC Freiburg,Alexander Schwolow,False,Goalkeeper,,start,end,1.0,0.0,0.0,0.0,0.0,0.0,0.0,3.0,0.0,0.0,0.0,0.0,0.0,0.0,
GER-Bundesliga,1617,2016-09-17 Bayern Munich-FC Ingolstadt 04,Bayern Munich,Manuel Neuer,True,Goalkeeper,,start,end,1.0,0.0,0.0,0.0,0.0,0.0,0.0,1.0,4.0,0.0,0.0,0.0,0.0,0.0,
GER-Bundesliga,1617,2016-09-17 Bayern Munich-FC Ingolstadt 04,FC Ingolstadt 04,Ørjan Nyland,False,Goalkeeper,,start,end,1.0,0.0,0.0,0.0,0.0,0.0,0.0,3.0,2.0,0.0,0.0,0.0,0.0,0.0,
GER-Bundesliga,1617,2016-09-17 Borussia Dortmund-SV Darmstadt 98,Borussia Dortmund,Roman Bürki,True,Goalkeeper,,start,end,1.0,0.0,0.0,0.0,0.0,0.0,0.0,0.0,1.0,0.0,0.0,0.0,0.0,0.0,
GER-Bundesliga,1617,2016-09-17 Borussia Dortmund-SV Darmstadt 98,SV Darmstadt 98,Michael Esser,False,Goalkeeper,,start,end,1.0,0.0,0.0,0.0,0.0,0.0,0.0,6.0,7.0,0.0,0.0,0.0,0.0,0.0,
GER-Bundesliga,1617,2016-09-17 Borussia Mönchengladbach-Werder Bremen,Borussia Mönchengladbach,Yann Sommer,True,Goalkeeper,,start,end,1.0,0.0,0.0,0.0,0.0,0.0,0.0,1.0,3.0,0.0,0.0,0.0,0.0,0.0,
GER-Bundesliga,1617,2016-09-17 Borussia Mönchengladbach-Werder Bremen,Werder Bremen,Jaroslav Drobný,False,Goalkeeper,,start,end,1.0,1.0,0.0,0.0,0.0,0.0,0.0,4.0,2.0,0.0,0.0,0.0,0.0,0.0,
GER-Bundesliga,1617,2016-09-17 Eintracht Frankfurt-Bayer Leverkusen,Bayer Leverkusen,Bernd Leno,False,Goalkeeper,,start,end,1.0,0.0,0.0,0.0,0.0,0.0,0.0,2.0,6.0,0.0,0.0,0.0,0.0,0.0,
GER-Bundesliga,1617,2016-09-17 Eintracht Frankfurt-Bayer Leverkusen,Eintracht Frankfurt,Lukas Hradecky,True,Goalkeeper,,start,end,1.0,0.0,0.0,0.0,0.0,0.0,0.0,1.0,2.0,0.0,0.0,0.0,0.0,0.0,
GER-Bundesliga,1617,2016-09-17 Hamburg SV-RB Leipzig,Hamburg SV,René Adler,True,Goalkeeper,,start,end,1.0,1.0,0.0,0.0,0.0,0.0,1.0,4.0,2.0,0.0,0.0,0.0,0.0,0.0,
GER-Bundesliga,1617,2016-09-17 Hamburg SV-RB Leipzig,RB Leipzig,Péter Gulácsi,False,Goalkeeper,,start,end,1.0,0.0,1.0,0.0,0.0,0.0,0.0,0.0,2.0,0.0,0.0,0.0,0.0,0.0,
GER-Bundesliga,1617,2016-09-17 TSG Hoffenheim-VfL Wolfsburg,TSG Hoffenheim,Oliver Baumann,True,Goalkeeper,,start,end,1.0,0.0,0.0,0.0,0.0,0.0,0.0,0.0,9.0,0.0,0.0,0.0,0.0,0.0,
GER-Bundesliga,1617,2016-09-17 TSG Hoffenheim-VfL Wolfsburg,VfL Wolfsburg,Koen Casteels,False,Goalkeeper,,start,end,1.0,0.0,0.0,0.0,0.0,0.0,0.0,0.0,5.0,0.0,0.0,0.0,0.0,0.0,
GER-Bundesliga,1617,2016-09-18 FC Augsburg-Mainz,FC Augsburg,Marwin Hitz,True,Goalkeeper,,start,end,1.0,0.0,0.0,0.0,0.0,0.0,0.0,3.0,3.0,0.0,0.0,0.0,0.0,0.0,
GER-Bundesliga,1617,2016-09-18 FC Augsburg-Mainz,Mainz,Jonas Lössl,False,Goalkeeper,,start,end,1.0,0.0,0.0,0.0,0.0,0.0,0.0,1.0,4.0,0.0,0.0,0.0,0.0,0.0,
GER-Bundesliga,1617,2016-09-18 Hertha Berlin-Schalke 04,Hertha Berlin,Rune Jarstein,True,Goalkeeper,,start,end,1.0,0.0,0.0,0.0,0.0,0.0,0.0,0.0,4.0,0.0,0.0,0.0,0.0,0.0,
GER-Bundesliga,1617,2016-09-18 Hertha Berlin-Schalke 04,Schalke 04,Ralf Fährmann,False,Goalkeeper,,start,end,1.0,0.0,0.0,0.0,0.0,0.0,1.0,2.0,0.0,0.0,0.0,0.0,0.0,0.0,
GER-Bundesliga,1617,2016-09-20 FC Ingolstadt 04-Eintracht Frankfurt,Eintracht Frankfurt,Lukas Hradecky,False,Goalkeeper,,start,end,1.0,0.0,1.0,0.0,0.0,0.0,0.0,0.0,3.0,0.0,0.0,0.0,0.0,0.0,
GER-Bundesliga,1617,2016-09-20 FC Ingolstadt 04-Eintracht Frankfurt,FC Ingolstadt 04,Ørjan Nyland,True,Goalkeeper,,start,end,1.0,0.0,0.0,0.0,0.0,0.0,0.0,2.0,3.0,0.0,0.0,0.0,0.0,0.0,
GER-Bundesliga,1617,2016-09-20 SC Freiburg-Hamburg SV,Hamburg SV,René Adler,False,Goalkeeper,,start,end,1.0,0.0,0.0,0.0,0.0,0.0,0.0,1.0,3.0,0.0,0.0,0.0,0.0,0.0,
GER-Bundesliga,1617,2016-09-20 SC Freiburg-Hamburg SV,SC Freiburg,Alexander Schwolow,True,Goalkeeper,,start,end,1.0,0.0,0.0,0.0,0.0,0.0,0.0,0.0,0.0,0.0,0.0,0.0,0.0,0.0,
GER-Bundesliga,1617,2016-09-20 SV Darmstadt 98-TSG Hoffenheim,SV Darmstadt 98,Michael Esser,True,Goalkeeper,1,start,end,1.0,0.0,1.0,0.0,0.0,0.0,0.0,1.0,3.0,0.0,0.0,0.0,0.0,0.0,
GER-Bundesliga,1617,2016-09-20 SV Darmstadt 98-TSG Hoffenheim,TSG Hoffenheim,Oliver Baumann,False,Goalkeeper,1,start,end,1.0,0.0,0.0,0.0,0.0,0.0,0.0,1.0,2.0,0.0,0.0,0.0,0.0,0.0,
GER-Bundesliga,1617,2016-09-20 VfL Wolfsburg-Borussia Dortmund,Borussia Dortmund,Roman Bürki,False,Goalkeeper,,start,end,1.0,0.0,1.0,0.0,0.0,0.0,0.0,1.0,8.0,0.0,0.0,0.0,0.0,0.0,
GER-Bundesliga,1617,2016-09-20 VfL Wolfsburg-Borussia Dortmund,VfL Wolfsburg,Koen Casteels,True,Goalkeeper,,start,end,1.0,0.0,0.0,0.0,0.0,0.0,0.0,5.0,4.0,0.0,0.0,0.0,0.0,0.0,
GER-Bundesliga,1617,2016-09-21 Bayer Leverkusen-FC Augsburg,Bayer Leverkusen,Bernd Leno,True,Goalkeeper,,start,end,1.0,0.0,0.0,0.0,0.0,0.0,0.0,0.0,2.0,0.0,0.0,0.0,0.0,0.0,
GER-Bundesliga,1617,2016-09-21 Bayer Leverkusen-FC Augsburg,FC Augsburg,Marwin Hitz,False,Goalkeeper,,start,end,1.0,0.0,0.0,0.0,0.0,0.0,0.0,0.0,6.0,0.0,0.0,0.0,0.0,0.0,
GER-Bundesliga,1617,2016-09-21 Bayern Munich-Hertha Berlin,Bayern Munich,Manuel Neuer,True,Goalkeeper,,start,end,1.0,0.0,0.0,0.0,0.0,0.0,0.0,0.0,2.0,0.0,0.0,0.0,0.0,0.0,
GER-Bundesliga,1617,2016-09-21 Bayern Munich-Hertha Berlin,Hertha Berlin,Rune Jarstein,False,Goalkeeper,,start,end,1.0,0.0,0.0,0.0,0.0,0.0,0.0,3.0,3.0,0.0,0.0,0.0,0.0,0.0,
GER-Bundesliga,1617,2016-09-21 RB Leipzig-Borussia Mönchengladbach,Borussia Mönchengladbach,Yann Sommer,False,Goalkeeper,,start,end,1.0,0.0,0.0,0.0,0.0,0.0,0.0,1.0,4.0,0.0,0.0,0.0,0.0,0.0,
GER-Bundesliga,1617,2016-09-21 RB Leipzig-Borussia Mönchengladbach,RB Leipzig,Péter Gulácsi,True,Goalkeeper,,start,end,1.0,0.0,0.0,0.0,0.0,0.0,1.0,1.0,0.0,0.0,0.0,0.0,0.0,0.0,
GER-Bundesliga,1617,2016-09-21 Schalke 04-FC Cologne,FC Cologne,Timo Horn,False,Goalkeeper,,start,end,1.0,0.0,2.0,0.0,0.0,0.0,0.0,1.0,6.0,0.0,0.0,0.0,0.0,0.0,
GER-Bundesliga,1617,2016-09-21 Schalke 04-FC Cologne,Schalke 04,Ralf Fährmann,True,Goalkeeper,,start,end,1.0,0.0,0.0,0.0,0.0,0.0,0.0,3.0,2.0,0.0,0.0,0.0,0.0,0.0,
GER-Bundesliga,1617,2016-09-21 Werder Bremen-Mainz,Mainz,Jonas Lössl,False,Goalkeeper,,start,end,1.0,0.0,0.0,0.0,0.0,0.0,0.0,1.0,6.0,0.0,0.0,0.0,0.0,0.0,
GER-Bundesliga,1617,2016-09-21 Werder Bremen-Mainz,Werder Bremen,Jaroslav Drobný,True,Goalkeeper,,start,end,1.0,0.0,0.0,0.0,0.0,0.0,0.0,2.0,4.0,0.0,0.0,0.0,0.0,0.0,
GER-Bundesliga,1617,2016-09-23 Borussia Dortmund-SC Freiburg,Borussia Dortmund,Roman Bürki,True,Goalkeeper,,start,end,1.0,0.0,1.0,0.0,0.0,0.0,0.0,1.0,4.0,0.0,0.0,0.0,0.0,0.0,
GER-Bundesliga,1617,2016-09-23 Borussia Dortmund-SC Freiburg,SC Freiburg,Alexander Schwolow,False,Goalkeeper,,start,end,1.0,0.0,0.0,0.0,0.0,0.0,0.0,3.0,3.0,0.0,0.0,0.0,0.0,0.0,
GER-Bundesliga,1617,2016-09-24 Borussia Mönchengladbach-FC Ingolstadt 04,Borussia Mönchengladbach,Yann Sommer,True,Goalkeeper,,start,end,1.0,0.0,0.0,0.0,0.0,0.0,0.0,0.0,2.0,0.0,0.0,0.0,0.0,0.0,
GER-Bundesliga,1617,2016-09-24 Borussia Mönchengladbach-FC Ingolstadt 04,FC Ingolstadt 04,Ørjan Nyland,False,Goalkeeper,,start,end,1.0,0.0,0.0,0.0,0.0,0.0,0.0,2.0,3.0,0.0,0.0,0.0,0.0,0.0,
GER-Bundesliga,1617,2016-09-24 Eintracht Frankfurt-Hertha Berlin,Eintracht Frankfurt,Lukas Hradecky,True,Goalkeeper,,start,end,1.0,0.0,0.0,0.0,0.0,0.0,0.0,3.0,1.0,0.0,0.0,0.0,0.0,0.0,
GER-Bundesliga,1617,2016-09-24 Eintracht Frankfurt-Hertha Berlin,Hertha Berlin,Rune Jarstein,False,Goalkeeper,,start,end,1.0,0.0,0.0,0.0,0.0,0.0,0.0,3.0,1.0,0.0,0.0,0.0,0.0,0.0,
GER-Bundesliga,1617,2016-09-24 FC Augsburg-SV Darmstadt 98,FC Augsburg,Marwin Hitz,True,Goalkeeper,,start,end,1.0,0.0,0.0,0.0,0.0,0.0,0.0,0.0,0.0,0.0,0.0,0.0,0.0,0.0,
GER-Bundesliga,1617,2016-09-24 FC Augsburg-SV Darmstadt 98,SV Darmstadt 98,Michael Esser,False,Goalkeeper,,start,end,1.0,0.0,0.0,0.0,0.0,0.0,0.0,1.0,5.0,0.0,0.0,0.0,0.0,0.0,
GER-Bundesliga,1617,2016-09-24 Hamburg SV-Bayern Munich,Bayern Munich,Manuel Neuer,False,Goalkeeper,,start,end,1.0,0.0,0.0,0.0,0.0,0.0,0.0,0.0,1.0,0.0,0.0,0.0,0.0,0.0,
GER-Bundesliga,1617,2016-09-24 Hamburg SV-Bayern Munich,Hamburg SV,René Adler,True,Goalkeeper,,start,end,1.0,0.0,0.0,0.0,0.0,0.0,0.0,1.0,7.0,0.0,0.0,0.0,0.0,0.0,
GER-Bundesliga,1617,2016-09-24 Mainz-Bayer Leverkusen,Bayer Leverkusen,Bernd Leno,False,Goalkeeper,1,start,end,1.0,0.0,0.0,0.0,0.0,0.0,0.0,2.0,3.0,0.0,0.0,0.0,0.0,0.0,
GER-Bundesliga,1617,2016-09-24 Mainz-Bayer Leverkusen,Mainz,Jonas Lössl,True,Goalkeeper,1,start,end,1.0,0.0,0.0,0.0,0.0,0.0,0.0,3.0,3.0,0.0,0.0,0.0,0.0,0.0,
GER-Bundesliga,1617,2016-09-24 Werder Bremen-VfL Wolfsburg,VfL Wolfsburg,Koen Casteels,False,Goalkeeper,1,start,end,1.0,0.0,0.0,0.0,0.0,0.0,0.0,2.0,2.0,0.0,0.0,0.0,0.0,0.0,
GER-Bundesliga,1617,2016-09-24 Werder Bremen-VfL Wolfsburg,Werder Bremen,Jaroslav Drobný,True,Goalkeeper,1,start,end,1.0,0.0,0.0,0.0,0.0,0.0,0.0,1.0,3.0,0.0,0.0,0.0,0.0,0.0,
GER-Bundesliga,1617,2016-09-25 FC Cologne-RB Leipzig,FC Cologne,Timo Horn,True,Goalkeeper,,start,end,1.0,0.0,0.0,0.0,0.0,0.0,0.0,1.0,1.0,0.0,0.0,0.0,0.0,0.0,
GER-Bundesliga,1617,2016-09-25 FC Cologne-RB Leipzig,RB Leipzig,Péter Gulácsi,False,Goalkeeper,,start,end,1.0,0.0,0.0,0.0,0.0,0.0,0.0,1.0,1.0,0.0,0.0,0.0,0.0,0.0,
GER-Bundesliga,1617,2016-09-25 TSG Hoffenheim-Schalke 04,Schalke 04,Ralf Fährmann,False,Goalkeeper,,start,end,1.0,0.0,0.0,0.0,0.0,0.0,0.0,2.0,0.0,0.0,0.0,0.0,0.0,0.0,
GER-Bundesliga,1617,2016-09-25 TSG Hoffenheim-Schalke 04,TSG Hoffenheim,Oliver Baumann,True,Goalkeeper,,start,end,1.0,0.0,0.0,0.0,0.0,0.0,0.0,1.0,4.0,0.0,0.0,0.0,0.0,0.0,
GER-Bundesliga,1617,2016-09-30 RB Leipzig-FC Augsburg,FC Augsburg,Marwin Hitz,False,Goalkeeper,,start,end,1.0,0.0,0.0,0.0,0.0,0.0,0.0,2.0,8.0,0.0,0.0,0.0,0.0,0.0,
GER-Bundesliga,1617,2016-09-30 RB Leipzig-FC Augsburg,RB Leipzig,Péter Gulácsi,True,Goalkeeper,,start,end,1.0,0.0,0.0,0.0,0.0,0.0,0.0,1.0,1.0,0.0,0.0,0.0,0.0,0.0,
GER-Bundesliga,1617,2016-10-01 Bayer Leverkusen-Borussia Dortmund,Bayer Leverkusen,Bernd Leno,True,Goalkeeper,,start,end,1.0,0.0,0.0,0.0,0.0,0.0,0.0,0.0,4.0,0.0,0.0,0.0,0.0,0.0,
GER-Bundesliga,1617,2016-10-01 Bayer Leverkusen-Borussia Dortmund,Borussia Dortmund,Roman Bürki,False,Goalkeeper,,start,end,1.0,0.0,0.0,0.0,0.0,0.0,0.0,2.0,4.0,0.0,0.0,0.0,0.0,0.0,
GER-Bundesliga,1617,2016-10-01 Bayern Munich-FC Cologne,Bayern Munich,Manuel Neuer,True,Goalkeeper,,start,end,1.0,0.0,0.0,0.0,0.0,0.0,0.0,1.0,1.0,0.0,0.0,0.0,0.0,0.0,
GER-Bundesliga,1617,2016-10-01 Bayern Munich-FC Cologne,FC Cologne,Timo Horn,False,Goalkeeper,,start,end,1.0,0.0,0.0,0.0,0.0,0.0,0.0,1.0,2.0,0.0,0.0,0.0,0.0,0.0,
GER-Bundesliga,1617,2016-10-01 FC Ingolstadt 04-TSG Hoffenheim,FC Ingolstadt 04,Ørjan Nyland,True,Goalkeeper,,start,end,1.0,0.0,0.0,0.0,0.0,0.0,0.0,2.0,6.0,0.0,0.0,0.0,0.0,0.0,
GER-Bundesliga,1617,2016-10-01 FC Ingolstadt 04-TSG Hoffenheim,TSG Hoffenheim,Oliver Baumann,False,Goalkeeper,,start,end,1.0,0.0,0.0,0.0,0.0,0.0,0.0,1.0,4.0,0.0,0.0,0.0,0.0,0.0,
GER-Bundesliga,1617,2016-10-01 Hertha Berlin-Hamburg SV,Hamburg SV,René Adler,False,Goalkeeper,,start,end,1.0,0.0,0.0,0.0,0.0,0.0,0.0,2.0,3.0,0.0,0.0,0.0,0.0,0.0,
GER-Bundesliga,1617,2016-10-01 Hertha Berlin-Hamburg SV,Hertha Berlin,Rune Jarstein,True,Goalkeeper,,start,end,1.0,0.0,0.0,0.0,0.0,0.0,0.0,0.0,3.0,0.0,0.0,0.0,0.0,0.0,
GER-Bundesliga,1617,2016-10-01 SC Freiburg-Eintracht Frankfurt,Eintracht Frankfurt,Lukas Hradecky,False,Goalkeeper,,start,end,1.0,0.0,0.0,0.0,0.0,0.0,0.0,1.0,2.0,0.0,0.0,0.0,0.0,0.0,
GER-Bundesliga,1617,2016-10-01 SC Freiburg-Eintracht Frankfurt,SC Freiburg,Alexander Schwolow,True,Goalkeeper,,start,end,1.0,0.0,0.0,0.0,0.0,0.0,0.0,0.0,3.0,0.0,0.0,0.0,0.0,0.0,
GER-Bundesliga,1617,2016-10-01 SV Darmstadt 98-Werder Bremen,SV Darmstadt 98,Michael Esser,True,Goalkeeper,,start,55,1.0,0.0,0.0,0.0,0.0,0.0,0.0,1.0,1.0,0.0,0.0,0.0,0.0,0.0,
GER-Bundesliga,1617,2016-10-01 SV Darmstadt 98-Werder Bremen,Werder Bremen,Jaroslav Drobný,False,Goalkeeper,,start,end,1.0,0.0,0.0,0.0,0.0,0.0,0.0,2.0,0.0,0.0,0.0,0.0,0.0,0.0,
GER-Bundesliga,1617,2016-10-02 Schalke 04-Borussia Mönchengladbach,Borussia Mönchengladbach,Yann Sommer,False,Goalkeeper,,start,end,1.0,0.0,0.0,0.0,0.0,0.0,0.0,4.0,4.0,0.0,0.0,0.0,0.0,0.0,
GER-Bundesliga,1617,2016-10-02 Schalke 04-Borussia Mönchengladbach,Schalke 04,Ralf Fährmann,True,Goalkeeper,,start,end,1.0,0.0,1.0,0.0,0.0,0.0,0.0,0.0,3.0,0.0,0.0,0.0,0.0,0.0,
GER-Bundesliga,1617,2016-10-02 VfL Wolfsburg-Mainz,Mainz,Jonas Lössl,False,Goalkeeper,,start,end,1.0,0.0,0.0,0.0,0.0,0.0,0.0,0.0,2.0,0.0,0.0,0.0,0.0,0.0,
GER-Bundesliga,1617,2016-10-02 VfL Wolfsburg-Mainz,VfL Wolfsburg,Koen Casteels,True,Goalkeeper,,start,end,1.0,0.0,0.0,0.0,0.0,0.0,0.0,0.0,2.0,0.0,0.0,0.0,0.0,0.0,
GER-Bundesliga,1617,2016-10-14 Borussia Dortmund-Hertha Berlin,Borussia Dortmund,Roman Bürki,True,Goalkeeper,,start,end,1.0,0.0,0.0,0.0,0.0,0.0,0.0,1.0,1.0,0.0,0.0,0.0,0.0,0.0,
GER-Bundesliga,1617,2016-10-14 Borussia Dortmund-Hertha Berlin,Hertha Berlin,Rune Jarstein,False,Goalkeeper,,start,end,1.0,0.0,0.0,0.0,0.0,0.0,0.0,1.0,5.0,0.0,0.0,0.0,0.0,0.0,
GER-Bundesliga,1617,2016-10-15 Borussia Mönchengladbach-Hamburg SV,Borussia Mönchengladbach,Yann Sommer,True,Goalkeeper,,start,end,1.0,0.0,0.0,0.0,0.0,0.0,0.0,0.0,0.0,0.0,0.0,0.0,0.0,0.0,
GER-Bundesliga,1617,2016-10-15 Borussia Mönchengladbach-Hamburg SV,Hamburg SV,René Adler,False,Goalkeeper,,start,end,1.0,0.0,0.0,0.0,0.0,0.0,0.0,0.0,4.0,0.0,0.0,0.0,0.0,0.0,
GER-Bundesliga,1617,2016-10-15 Eintracht Frankfurt-Bayern Munich,Bayern Munich,Manuel Neuer,False,Goalkeeper,,start,end,1.0,0.0,0.0,0.0,0.0,0.0,0.0,2.0,2.0,0.0,0.0,0.0,0.0,0.0,
GER-Bundesliga,1617,2016-10-15 Eintracht Frankfurt-Bayern Munich,Eintracht Frankfurt,Lukas Hradecky,True,Goalkeeper,,start,end,1.0,0.0,1.0,0.0,0.0,0.0,1.0,2.0,3.0,0.0,0.0,0.0,0.0,0.0,
GER-Bundesliga,1617,2016-10-15 FC Augsburg-Schalke 04,FC Augsburg,Marwin Hitz,True,Goalkeeper,,start,end,1.0,0.0,0.0,0.0,0.0,0.0,0.0,1.0,2.0,0.0,0.0,0.0,0.0,0.0,
GER-Bundesliga,1617,2016-10-15 FC Augsburg-Schalke 04,Schalke 04,Ralf Fährmann,False,Goalkeeper,,start,end,1.0,0.0,0.0,0.0,0.0,0.0,0.0,1.0,4.0,0.0,0.0,0.0,0.0,0.0,
GER-Bundesliga,1617,2016-10-15 FC Cologne-FC Ingolstadt 04,FC Cologne,Timo Horn,True,Goalkeeper,,start,end,1.0,0.0,0.0,0.0,0.0,0.0,0.0,1.0,0.0,0.0,0.0,0.0,0.0,0.0,
GER-Bundesliga,1617,2016-10-15 FC Cologne-FC Ingolstadt 04,FC Ingolstadt 04,Ørjan Nyland,False,Goalkeeper,,start,end,1.0,0.0,0.0,0.0,0.0,0.0,0.0,2.0,1.0,0.0,0.0,0.0,0.0,0.0,
GER-Bundesliga,1617,2016-10-15 TSG Hoffenheim-SC Freiburg,SC Freiburg,Alexander Schwolow,False,Goalkeeper,,start,end,1.0,0.0,0.0,0.0,0.0,0.0,0.0,2.0,2.0,0.0,0.0,0.0,0.0,0.0,
GER-Bundesliga,1617,2016-10-15 TSG Hoffenheim-SC Freiburg,TSG Hoffenheim,Oliver Baumann,True,Goalkeeper,,start,end,1.0,0.0,0.0,0.0,0.0,0.0,0.0,1.0,5.0,0.0,0.0,0.0,0.0,0.0,
GER-Bundesliga,1617,2016-10-15 Werder Bremen-Bayer Leverkusen,Bayer Leverkusen,Bernd Leno,False,Goalkeeper,,start,end,1.0,0.0,0.0,0.0,0.0,0.0,0.0,2.0,3.0,0.0,0.0,0.0,0.0,0.0,
GER-Bundesliga,1617,2016-10-15 Werder Bremen-Bayer Leverkusen,Werder Bremen,Felix Wiedwald,True,Goalkeeper,,start,end,1.0,0.0,0.0,0.0,0.0,0.0,0.0,1.0,5.0,0.0,0.0,0.0,0.0,0.0,
GER-Bundesliga,1617,2016-10-16 Mainz-SV Darmstadt 98,Mainz,Jonas Lössl,True,Goalkeeper,,start,end,1.0,0.0,0.0,0.0,0.0,0.0,0.0,1.0,3.0,0.0,0.0,0.0,0.0,0.0,
GER-Bundesliga,1617,2016-10-16 Mainz-SV Darmstadt 98,SV Darmstadt 98,Michael Esser,False,Goalkeeper,,start,end,1.0,0.0,0.0,0.0,0.0,0.0,0.0,2.0,3.0,0.0,0.0,0.0,0.0,0.0,
GER-Bundesliga,1617,2016-10-16 VfL Wolfsburg-RB Leipzig,RB Leipzig,Péter Gulácsi,False,Goalkeeper,,start,end,1.0,0.0,0.0,0.0,0.0,0.0,0.0,0.0,2.0,0.0,0.0,0.0,0.0,0.0,
GER-Bundesliga,1617,2016-10-16 VfL Wolfsburg-RB Leipzig,VfL Wolfsburg,Koen Casteels,True,Goalkeeper,,start,end,1.0,1.0,0.0,0.0,0.0,0.0,1.0,1.0,5.0,0.0,0.0,0.0,0.0,0.0,
GER-Bundesliga,1617,2016-10-21 Hamburg SV-Eintracht Frankfurt,Eintracht Frankfurt,Lukas Hradecky,False,Goalkeeper,,start,end,1.0,0.0,1.0,0.0,0.0,0.0,0.0,0.0,0.0,0.0,0.0,0.0,0.0,0.0,
GER-Bundesliga,1617,2016-10-21 Hamburg SV-Eintracht Frankfurt,Hamburg SV,René Adler,True,Goalkeeper,,start,end,1.0,0.0,0.0,0.0,0.0,0.0,0.0,3.0,2.0,0.0,0.0,0.0,0.0,0.0,
GER-Bundesliga,1617,2016-10-22 Bayer Leverkusen-TSG Hoffenheim,Bayer Leverkusen,Bernd Leno,True,Goalkeeper,,start,end,1.0,0.0,0.0,0.0,0.0,0.0,0.0,3.0,5.0,0.0,0.0,0.0,0.0,0.0,
GER-Bundesliga,1617,2016-10-22 Bayer Leverkusen-TSG Hoffenheim,TSG Hoffenheim,Oliver Baumann,False,Goalkeeper,,start,end,1.0,0.0,0.0,0.0,0.0,0.0,0.0,0.0,1.0,0.0,0.0,0.0,0.0,0.0,
GER-Bundesliga,1617,2016-10-22 Bayern Munich-Borussia Mönchengladbach,Bayern Munich,Manuel Neuer,True,Goalkeeper,,start,end,1.0,0.0,0.0,0.0,0.0,0.0,0.0,0.0,0.0,0.0,0.0,0.0,0.0,0.0,
GER-Bundesliga,1617,2016-10-22 Bayern Munich-Borussia Mönchengladbach,Borussia Mönchengladbach,Yann Sommer,False,Goalkeeper,,start,end,1.0,0.0,0.0,0.0,0.0,0.0,0.0,2.0,3.0,0.0,0.0,0.0,0.0,0.0,
GER-Bundesliga,1617,2016-10-22 FC Ingolstadt 04-Borussia Dortmund,Borussia Dortmund,Roman Weidenfeller,False,Goalkeeper,,start,end,1.0,0.0,0.0,0.0,0.0,0.0,0.0,3.0,4.0,0.0,0.0,0.0,0.0,0.0,
GER-Bundesliga,1617,2016-10-22 FC Ingolstadt 04-Borussia Dortmund,FC Ingolstadt 04,Ørjan Nyland,True,Goalkeeper,,start,end,1.0,0.0,0.0,0.0,0.0,0.0,0.0,3.0,7.0,0.0,0.0,0.0,0.0,0.0,
GER-Bundesliga,1617,2016-10-22 Hertha Berlin-FC Cologne,FC Cologne,Timo Horn,False,Goalkeeper,,start,end,1.0,0.0,0.0,0.0,0.0,0.0,0.0,2.0,5.0,0.0,0.0,0.0,0.0,0.0,
GER-Bundesliga,1617,2016-10-22 Hertha Berlin-FC Cologne,Hertha Berlin,Rune Jarstein,True,Goalkeeper,,start,end,1.0,0.0,0.0,0.0,0.0,0.0,0.0,1.0,1.0,0.0,0.0,0.0,0.0,0.0,
GER-Bundesliga,1617,2016-10-22 SC Freiburg-FC Augsburg,FC Augsburg,Marwin Hitz,False,Goalkeeper,,start,end,1.0,0.0,0.0,0.0,0.0,0.0,0.0,2.0,3.0,0.0,0.0,0.0,0.0,0.0,
GER-Bundesliga,1617,2016-10-22 SC Freiburg-FC Augsburg,SC Freiburg,Alexander Schwolow,True,Goalkeeper,,start,end,1.0,0.0,0.0,0.0,0.0,0.0,0.0,1.0,5.0,0.0,0.0,0.0,0.0,0.0,
GER-Bundesliga,1617,2016-10-22 SV Darmstadt 98-VfL Wolfsburg,SV Darmstadt 98,Michael Esser,True,Goalkeeper,,start,end,1.0,0.0,0.0,0.0,0.0,0.0,0.0,1.0,0.0,0.0,0.0,0.0,0.0,0.0,
GER-Bundesliga,1617,2016-10-22 SV Darmstadt 98-VfL Wolfsburg,VfL Wolfsburg,Koen Casteels,False,Goalkeeper,,start,end,1.0,0.0,0.0,0.0,0.0,0.0,0.0,3.0,2.0,0.0,0.0,0.0,0.0,0.0,
GER-Bundesliga,1617,2016-10-23 RB Leipzig-Werder Bremen,RB Leipzig,Péter Gulácsi,True,Goalkeeper,,start,end,1.0,0.0,0.0,0.0,0.0,0.0,0.0,1.0,2.0,0.0,0.0,0.0,0.0,0.0,
GER-Bundesliga,1617,2016-10-23 RB Leipzig-Werder Bremen,Werder Bremen,Felix Wiedwald,False,Goalkeeper,,start,end,1.0,0.0,0.0,0.0,0.0,0.0,0.0,3.0,3.0,0.0,0.0,0.0,0.0,0.0,
GER-Bundesliga,1617,2016-10-23 Schalke 04-Mainz,Mainz,Jonas Lössl,False,Goalkeeper,,start,end,1.0,0.0,1.0,0.0,0.0,0.0,0.0,3.0,2.0,0.0,0.0,0.0,0.0,0.0,
GER-Bundesliga,1617,2016-10-23 Schalke 04-Mainz,Schalke 04,Ralf Fährmann,True,Goalkeeper,,start,end,1.0,0.0,2.0,0.0,0.0,0.0,0.0,0.0,4.0,0.0,0.0,0.0,0.0,0.0,
GER-Bundesliga,1617,2016-10-28 Borussia Mönchengladbach-Eintracht Frankfurt,Borussia Mönchengladbach,Yann Sommer,True,Goalkeeper,,start,end,1.0,0.0,0.0,0.0,0.0,0.0,0.0,0.0,1.0,0.0,0.0,0.0,0.0,0.0,
GER-Bundesliga,1617,2016-10-28 Borussia Mönchengladbach-Eintracht Frankfurt,Eintracht Frankfurt,Lukas Hradecky,False,Goalkeeper,,start,end,1.0,0.0,0.0,0.0,0.0,0.0,0.0,0.0,2.0,0.0,0.0,0.0,0.0,0.0,
GER-Bundesliga,1617,2016-10-29 Borussia Dortmund-Schalke 04,Borussia Dortmund,Roman Bürki,True,Goalkeeper,,start,end,1.0,0.0,0.0,0.0,0.0,0.0,0.0,0.0,2.0,0.0,0.0,0.0,0.0,0.0,
GER-Bundesliga,1617,2016-10-29 Borussia Dortmund-Schalke 04,Schalke 04,Ralf Fährmann,False,Goalkeeper,,start,end,1.0,0.0,0.0,0.0,0.0,0.0,0.0,0.0,1.0,0.0,0.0,0.0,0.0,0.0,
GER-Bundesliga,1617,2016-10-29 FC Augsburg-Bayern Munich,Bayern Munich,Manuel Neuer,False,Goalkeeper,,start,end,1.0,0.0,0.0,0.0,0.0,0.0,0.0,1.0,2.0,0.0,0.0,0.0,0.0,0.0,
GER-Bundesliga,1617,2016-10-29 FC Augsburg-Bayern Munich,FC Augsburg,Marwin Hitz,True,Goalkeeper,,start,end,1.0,0.0,1.0,0.0,0.0,0.0,0.0,3.0,5.0,0.0,0.0,0.0,0.0,0.0,
GER-Bundesliga,1617,2016-10-29 Mainz-FC Ingolstadt 04,FC Ingolstadt 04,Ørjan Nyland,False,Goalkeeper,,start,end,1.0,0.0,0.0,0.0,0.0,0.0,0.0,2.0,6.0,0.0,0.0,0.0,0.0,0.0,
GER-Bundesliga,1617,2016-10-29 Mainz-FC Ingolstadt 04,Mainz,Jonas Lössl,True,Goalkeeper,,start,end,1.0,0.0,0.0,0.0,0.0,0.0,0.0,0.0,1.0,0.0,0.0,0.0,0.0,0.0,
GER-Bundesliga,1617,2016-10-29 SV Darmstadt 98-RB Leipzig,RB Leipzig,Péter Gulácsi,False,Goalkeeper,,start,end,1.0,0.0,0.0,0.0,0.0,0.0,0.0,0.0,0.0,0.0,0.0,0.0,0.0,0.0,
GER-Bundesliga,1617,2016-10-29 SV Darmstadt 98-RB Leipzig,SV Darmstadt 98,Michael Esser,True,Goalkeeper,,start,end,1.0,0.0,0.0,0.0,0.0,0.0,0.0,2.0,2.0,0.0,0.0,0.0,0.0,0.0,
GER-Bundesliga,1617,2016-10-29 VfL Wolfsburg-Bayer Leverkusen,Bayer Leverkusen,Bernd Leno,False,Goalkeeper,,start,end,1.0,0.0,0.0,0.0,0.0,0.0,0.0,1.0,1.0,0.0,0.0,0.0,0.0,0.0,
GER-Bundesliga,1617,2016-10-29 VfL Wolfsburg-Bayer Leverkusen,VfL Wolfsburg,Diego Benaglio,True,Goalkeeper,,start,end,1.0,0.0,0.0,0.0,0.0,0.0,0.0,2.0,4.0,0.0,0.0,0.0,0.0,0.0,
GER-Bundesliga,1617,2016-10-29 Werder Bremen-SC Freiburg,SC Freiburg,Alexander Schwolow,False,Goalkeeper,,start,end,1.0,0.0,0.0,0.0,0.0,0.0,0.0,1.0,3.0,0.0,0.0,0.0,0.0,0.0,
GER-Bundesliga,1617,2016-10-29 Werder Bremen-SC Freiburg,Werder Bremen,Felix Wiedwald,True,Goalkeeper,,start,end,1.0,0.0,0.0,0.0,0.0,0.0,0.0,3.0,2.0,0.0,0.0,0.0,0.0,0.0,
GER-Bundesliga,1617,2016-10-30 FC Cologne-Hamburg SV,FC Cologne,Timo Horn,True,Goalkeeper,,start,end,1.0,0.0,0.0,0.0,0.0,0.0,0.0,0.0,2.0,0.0,0.0,0.0,0.0,0.0,
GER-Bundesliga,1617,2016-10-30 FC Cologne-Hamburg SV,Hamburg SV,René Adler,False,Goalkeeper,,start,end,1.0,0.0,0.0,0.0,0.0,0.0,0.0,3.0,3.0,0.0,0.0,0.0,0.0,0.0,
GER-Bundesliga,1617,2016-10-30 TSG Hoffenheim-Hertha Berlin,Hertha Berlin,Rune Jarstein,False,Goalkeeper,,start,end,1.0,0.0,0.0,0.0,0.0,0.0,0.0,1.0,5.0,0.0,0.0,0.0,0.0,0.0,
GER-Bundesliga,1617,2016-10-30 TSG Hoffenheim-Hertha Berlin,TSG Hoffenheim,Oliver Baumann,True,Goalkeeper,,start,end,1.0,0.0,0.0,0.0,0.0,0.0,0.0,0.0,2.0,0.0,0.0,0.0,0.0,0.0,
GER-Bundesliga,1617,2016-11-04 Hertha Berlin-Borussia Mönchengladbach,Borussia Mönchengladbach,Yann Sommer,False,Goalkeeper,,start,end,1.0,0.0,0.0,0.0,0.0,0.0,0.0,3.0,3.0,0.0,0.0,0.0,0.0,0.0,
GER-Bundesliga,1617,2016-11-04 Hertha Berlin-Borussia Mönchengladbach,Hertha Berlin,Rune Jarstein,True,Goalkeeper,,start,end,1.0,0.0,0.0,0.0,0.0,0.0,0.0,0.0,2.0,0.0,0.0,0.0,0.0,0.0,
GER-Bundesliga,1617,2016-11-05 Bayer Leverkusen-SV Darmstadt 98,Bayer Leverkusen,Bernd Leno,True,Goalkeeper,,start,end,1.0,0.0,0.0,0.0,0.0,0.0,0.0,2.0,1.0,0.0,0.0,0.0,0.0,0.0,
GER-Bundesliga,1617,2016-11-05 Bayer Leverkusen-SV Darmstadt 98,SV Darmstadt 98,Michael Esser,False,Goalkeeper,,start,end,1.0,0.0,0.0,0.0,0.0,0.0,0.0,3.0,1.0,0.0,0.0,0.0,0.0,0.0,
GER-Bundesliga,1617,2016-11-05 Bayern Munich-TSG Hoffenheim,Bayern Munich,Manuel Neuer,True,Goalkeeper,,start,end,1.0,0.0,0.0,0.0,0.0,0.0,0.0,1.0,2.0,0.0,0.0,0.0,0.0,0.0,
GER-Bundesliga,1617,2016-11-05 Bayern Munich-TSG Hoffenheim,TSG Hoffenheim,Oliver Baumann,False,Goalkeeper,,start,end,1.0,0.0,0.0,0.0,0.0,0.0,0.0,1.0,5.0,0.0,0.0,0.0,0.0,0.0,
GER-Bundesliga,1617,2016-11-05 Eintracht Frankfurt-FC Cologne,Eintracht Frankfurt,Lukas Hradecky,True,Goalkeeper,,start,end,1.0,0.0,0.0,0.0,0.0,0.0,0.0,0.0,1.0,0.0,0.0,0.0,0.0,0.0,
GER-Bundesliga,1617,2016-11-05 Eintracht Frankfurt-FC Cologne,FC Cologne,Timo Horn,False,Goalkeeper,,start,end,1.0,0.0,1.0,0.0,0.0,0.0,0.0,1.0,0.0,0.0,0.0,0.0,0.0,0.0,
GER-Bundesliga,1617,2016-11-05 FC Ingolstadt 04-FC Augsburg,FC Augsburg,Marwin Hitz,False,Goalkeeper,,start,end,1.0,0.0,0.0,0.0,0.0,0.0,0.0,0.0,5.0,0.0,0.0,0.0,0.0,0.0,
GER-Bundesliga,1617,2016-11-05 FC Ingolstadt 04-FC Augsburg,FC Ingolstadt 04,Martin Hansen,True,Goalkeeper,,start,end,1.0,0.0,0.0,0.0,0.0,0.0,0.0,2.0,3.0,0.0,0.0,0.0,0.0,0.0,
GER-Bundesliga,1617,2016-11-05 Hamburg SV-Borussia Dortmund,Borussia Dortmund,Roman Bürki,False,Goalkeeper,,start,end,1.0,0.0,1.0,0.0,0.0,0.0,0.0,2.0,4.0,0.0,0.0,0.0,0.0,0.0,
GER-Bundesliga,1617,2016-11-05 Hamburg SV-Borussia Dortmund,Hamburg SV,René Adler,True,Goalkeeper,,start,end,1.0,0.0,0.0,0.0,0.0,0.0,0.0,5.0,1.0,0.0,0.0,0.0,0.0,0.0,
GER-Bundesliga,1617,2016-11-05 SC Freiburg-VfL Wolfsburg,SC Freiburg,Alexander Schwolow,True,Goalkeeper,,start,end,1.0,0.0,0.0,0.0,0.0,0.0,0.0,3.0,2.0,0.0,0.0,0.0,0.0,0.0,
GER-Bundesliga,1617,2016-11-05 SC Freiburg-VfL Wolfsburg,VfL Wolfsburg,Diego Benaglio,False,Goalkeeper,,start,end,1.0,0.0,0.0,0.0,0.0,0.0,0.0,0.0,2.0,0.0,0.0,0.0,0.0,0.0,
GER-Bundesliga,1617,2016-11-06 RB Leipzig-Mainz,Mainz,Jonas Lössl,False,Goalkeeper,,start,end,1.0,0.0,0.0,0.0,0.0,0.0,0.0,3.0,1.0,0.0,0.0,0.0,0.0,0.0,
GER-Bundesliga,1617,2016-11-06 RB Leipzig-Mainz,RB Leipzig,Péter Gulácsi,True,Goalkeeper,,start,end,1.0,0.0,0.0,0.0,0.0,0.0,0.0,1.0,2.0,0.0,0.0,0.0,0.0,0.0,
GER-Bundesliga,1617,2016-11-06 Schalke 04-Werder Bremen,Schalke 04,Ralf Fährmann,True,Goalkeeper,,start,end,1.0,0.0,0.0,0.0,0.0,0.0,0.0,1.0,4.0,0.0,0.0,0.0,0.0,0.0,
GER-Bundesliga,1617,2016-11-06 Schalke 04-Werder Bremen,Werder Bremen,Felix Wiedwald,False,Goalkeeper,,start,end,1.0,0.0,0.0,0.0,0.0,0.0,0.0,3.0,3.0,0.0,0.0,0.0,0.0,0.0,
GER-Bundesliga,1617,2016-11-18 Bayer Leverkusen-RB Leipzig,Bayer Leverkusen,Bernd Leno,True,Goalkeeper,,start,end,1.0,0.0,0.0,0.0,0.0,0.0,0.0,3.0,2.0,0.0,0.0,0.0,0.0,0.0,
GER-Bundesliga,1617,2016-11-18 Bayer Leverkusen-RB Leipzig,RB Leipzig,Péter Gulácsi,False,Goalkeeper,,start,end,1.0,0.0,0.0,0.0,0.0,0.0,0.0,2.0,4.0,0.0,0.0,0.0,0.0,0.0,
GER-Bundesliga,1617,2016-11-19 Borussia Dortmund-Bayern Munich,Bayern Munich,Manuel Neuer,False,Goalkeeper,,start,end,1.0,0.0,0.0,0.0,0.0,0.0,0.0,1.0,3.0,0.0,0.0,0.0,0.0,0.0,
GER-Bundesliga,1617,2016-11-19 Borussia Dortmund-Bayern Munich,Borussia Dortmund,Roman Bürki,True,Goalkeeper,,start,end,1.0,0.0,0.0,0.0,0.0,0.0,0.0,0.0,3.0,0.0,0.0,0.0,0.0,0.0,
GER-Bundesliga,1617,2016-11-19 Borussia Mönchengladbach-FC Cologne,Borussia Mönchengladbach,Yann Sommer,True,Goalkeeper,,start,end,1.0,0.0,0.0,0.0,0.0,0.0,0.0,2.0,2.0,0.0,0.0,0.0,0.0,0.0,
GER-Bundesliga,1617,2016-11-19 Borussia Mönchengladbach-FC Cologne,FC Cologne,Thomas Kessler,False,Goalkeeper,,start,end,1.0,0.0,0.0,0.0,0.0,0.0,0.0,1.0,7.0,0.0,0.0,0.0,0.0,0.0,
GER-Bundesliga,1617,2016-11-19 FC Augsburg-Hertha Berlin,FC Augsburg,Marwin Hitz,True,Goalkeeper,,start,end,1.0,0.0,0.0,0.0,0.0,0.0,0.0,0.0,4.0,0.0,0.0,0.0,0.0,0.0,
GER-Bundesliga,1617,2016-11-19 FC Augsburg-Hertha Berlin,Hertha Berlin,Rune Jarstein,False,Goalkeeper,,start,end,1.0,0.0,0.0,0.0,0.0,0.0,0.0,0.0,3.0,0.0,0.0,0.0,0.0,0.0,
GER-Bundesliga,1617,2016-11-19 Mainz-SC Freiburg,Mainz,Jonas Lössl,True,Goalkeeper,,start,end,1.0,0.0,1.0,0.0,0.0,0.0,0.0,2.0,9.0,0.0,0.0,0.0,0.0,0.0,
GER-Bundesliga,1617,2016-11-19 Mainz-SC Freiburg,SC Freiburg,Alexander Schwolow,False,Goalkeeper,,start,end,1.0,0.0,0.0,0.0,0.0,0.0,0.0,4.0,2.0,0.0,0.0,0.0,0.0,0.0,
GER-Bundesliga,1617,2016-11-19 SV Darmstadt 98-FC Ingolstadt 04,FC Ingolstadt 04,Martin Hansen,False,Goalkeeper,,start,end,1.0,0.0,0.0,0.0,0.0,0.0,0.0,0.0,4.0,0.0,0.0,0.0,0.0,0.0,
GER-Bundesliga,1617,2016-11-19 SV Darmstadt 98-FC Ingolstadt 04,SV Darmstadt 98,Michael Esser,True,Goalkeeper,,start,end,1.0,0.0,0.0,0.0,0.0,0.0,0.0,1.0,5.0,0.0,0.0,0.0,0.0,1.0,
GER-Bundesliga,1617,2016-11-19 VfL Wolfsburg-Schalke 04,Schalke 04,Ralf Fährmann,False,Goalkeeper,,start,end,1.0,0.0,0.0,0.0,0.0,0.0,0.0,0.0,0.0,0.0,0.0,0.0,0.0,0.0,
GER-Bundesliga,1617,2016-11-19 VfL Wolfsburg-Schalke 04,VfL Wolfsburg,Diego Benaglio,True,Goalkeeper,,start,end,1.0,0.0,0.0,0.0,0.0,0.0,0.0,1.0,3.0,0.0,0.0,0.0,0.0,0.0,
GER-Bundesliga,1617,2016-11-20 TSG Hoffenheim-Hamburg SV,Hamburg SV,Christian Mathenia,False,Goalkeeper,,start,end,1.0,0.0,0.0,0.0,0.0,0.0,0.0,2.0,3.0,0.0,0.0,0.0,0.0,0.0,
GER-Bundesliga,1617,2016-11-20 TSG Hoffenheim-Hamburg SV,TSG Hoffenheim,Oliver Baumann,True,Goalkeeper,,start,end,1.0,0.0,0.0,0.0,0.0,0.0,0.0,2.0,2.0,0.0,0.0,0.0,0.0,0.0,
GER-Bundesliga,1617,2016-11-20 Werder Bremen-Eintracht Frankfurt,Eintracht Frankfurt,Lukas Hradecky,False,Goalkeeper,,start,end,1.0,0.0,0.0,0.0,0.0,0.0,0.0,1.0,3.0,0.0,0.0,0.0,0.0,0.0,
GER-Bundesliga,1617,2016-11-20 Werder Bremen-Eintracht Frankfurt,Werder Bremen,Felix Wiedwald,True,Goalkeeper,,start,end,1.0,0.0,1.0,0.0,0.0,0.0,0.0,2.0,7.0,0.0,0.0,0.0,0.0,0.0,
GER-Bundesliga,1617,2016-11-25 SC Freiburg-RB Leipzig,RB Leipzig,Péter Gulácsi,False,Goalkeeper,,start,end,1.0,0.0,0.0,0.0,0.0,0.0,0.0,1.0,2.0,0.0,0.0,0.0,0.0,0.0,
GER-Bundesliga,1617,2016-11-25 SC Freiburg-RB Leipzig,SC Freiburg,Alexander Schwolow,True,Goalkeeper,,start,end,1.0,0.0,0.0,0.0,0.0,0.0,0.0,4.0,3.0,0.0,0.0,0.0,0.0,0.0,
GER-Bundesliga,1617,2016-11-26 Bayern Munich-Bayer Leverkusen,Bayer Leverkusen,Bernd Leno,False,Goalkeeper,,start,end,1.0,0.0,0.0,0.0,0.0,0.0,0.0,2.0,6.0,0.0,0.0,0.0,0.0,0.0,
GER-Bundesliga,1617,2016-11-26 Bayern Munich-Bayer Leverkusen,Bayern Munich,Manuel Neuer,True,Goalkeeper,,start,end,1.0,0.0,0.0,0.0,0.0,0.0,0.0,1.0,3.0,0.0,0.0,0.0,0.0,0.0,
GER-Bundesliga,1617,2016-11-26 Borussia Mönchengladbach-TSG Hoffenheim,Borussia Mönchengladbach,Yann Sommer,True,Goalkeeper,,start,end,1.0,0.0,0.0,0.0,0.0,0.0,0.0,1.0,2.0,0.0,0.0,0.0,0.0,0.0,
GER-Bundesliga,1617,2016-11-26 Borussia Mönchengladbach-TSG Hoffenheim,TSG Hoffenheim,Oliver Baumann,False,Goalkeeper,,start,end,1.0,0.0,0.0,0.0,0.0,0.0,0.0,1.0,7.0,0.0,0.0,0.0,0.0,0.0,
GER-Bundesliga,1617,2016-11-26 Eintracht Frankfurt-Borussia Dortmund,Borussia Dortmund,Roman Weidenfeller,False,Goalkeeper,,start,end,1.0,0.0,0.0,0.0,0.0,0.0,0.0,2.0,2.0,0.0,0.0,0.0,0.0,0.0,
GER-Bundesliga,1617,2016-11-26 Eintracht Frankfurt-Borussia Dortmund,Eintracht Frankfurt,Lukas Hradecky,True,Goalkeeper,,start,end,1.0,0.0,1.0,0.0,0.0,0.0,1.0,1.0,4.0,0.0,0.0,0.0,0.0,0.0,
GER-Bundesliga,1617,2016-11-26 FC Cologne-FC Augsburg,FC Augsburg,Marwin Hitz,False,Goalkeeper,,start,end,1.0,0.0,1.0,0.0,0.0,0.0,0.0,0.0,5.0,0.0,0.0,0.0,0.0,0.0,
GER-Bundesliga,1617,2016-11-26 FC Cologne-FC Augsburg,FC Cologne,Thomas Kessler,True,Goalkeeper,,start,end,1.0,0.0,1.0,0.0,0.0,0.0,0.0,0.0,2.0,0.0,0.0,0.0,0.0,0.0,
GER-Bundesliga,1617,2016-11-26 FC Ingolstadt 04-VfL Wolfsburg,FC Ingolstadt 04,Martin Hansen,True,Goalkeeper,,start,end,1.0,0.0,0.0,0.0,0.0,0.0,0.0,1.0,2.0,0.0,0.0,0.0,0.0,0.0,
GER-Bundesliga,1617,2016-11-26 FC Ingolstadt 04-VfL Wolfsburg,VfL Wolfsburg,Diego Benaglio,False,Goalkeeper,,start,end,1.0,0.0,0.0,0.0,0.0,0.0,0.0,1.0,4.0,0.0,0.0,0.0,0.0,0.0,
GER-Bundesliga,1617,2016-11-26 Hamburg SV-Werder Bremen,Hamburg SV,Christian Mathenia,True,Goalkeeper,,start,end,1.0,0.0,0.0,0.0,0.0,0.0,0.0,2.0,2.0,0.0,0.0,0.0,0.0,0.0,
GER-Bundesliga,1617,2016-11-26 Hamburg SV-Werder Bremen,Werder Bremen,Jaroslav Drobný,False,Goalkeeper,,start,end,1.0,0.0,1.0,0.0,0.0,0.0,0.0,2.0,5.0,0.0,0.0,0.0,0.0,0.0,
GER-Bundesliga,1617,2016-11-27 Hertha Berlin-Mainz,Hertha Berlin,Rune Jarstein,True,Goalkeeper,,start,end,1.0,0.0,0.0,0.0,0.0,0.0,0.0,1.0,3.0,0.0,0.0,0.0,0.0,0.0,
GER-Bundesliga,1617,2016-11-27 Hertha Berlin-Mainz,Mainz,Jonas Lössl,False,Goalkeeper,,start,end,1.0,0.0,0.0,0.0,0.0,0.0,0.0,2.0,3.0,0.0,0.0,0.0,0.0,0.0,
GER-Bundesliga,1617,2016-11-27 Schalke 04-SV Darmstadt 98,SV Darmstadt 98,Michael Esser,False,Goalkeeper,,start,end,1.0,0.0,0.0,0.0,0.0,0.0,0.0,3.0,4.0,0.0,0.0,0.0,0.0,0.0,
GER-Bundesliga,1617,2016-11-27 Schalke 04-SV Darmstadt 98,Schalke 04,Ralf Fährmann,True,Goalkeeper,,start,end,1.0,0.0,0.0,0.0,0.0,0.0,0.0,1.0,1.0,0.0,0.0,0.0,0.0,0.0,
GER-Bundesliga,1617,2016-12-02 Mainz-Bayern Munich,Bayern Munich,Manuel Neuer,False,Goalkeeper,,start,end,1.0,0.0,0.0,0.0,0.0,0.0,0.0,1.0,2.0,0.0,0.0,0.0,0.0,0.0,
GER-Bundesliga,1617,2016-12-02 Mainz-Bayern Munich,Mainz,Jonas Lössl,True,Goalkeeper,,start,end,1.0,0.0,0.0,0.0,0.0,0.0,0.0,3.0,3.0,0.0,0.0,0.0,0.0,0.0,
GER-Bundesliga,1617,2016-12-03 Bayer Leverkusen-SC Freiburg,Bayer Leverkusen,Bernd Leno,True,Goalkeeper,,start,end,1.0,0.0,0.0,0.0,0.0,0.0,0.0,1.0,1.0,0.0,0.0,0.0,0.0,0.0,
GER-Bundesliga,1617,2016-12-03 Bayer Leverkusen-SC Freiburg,SC Freiburg,Alexander Schwolow,False,Goalkeeper,,start,end,1.0,0.0,0.0,0.0,0.0,0.0,0.0,1.0,5.0,0.0,0.0,0.0,0.0,0.0,
GER-Bundesliga,1617,2016-12-03 Borussia Dortmund-Borussia Mönchengladbach,Borussia Dortmund,Roman Weidenfeller,True,Goalkeeper,,start,end,1.0,0.0,0.0,0.0,0.0,0.0,0.0,1.0,0.0,0.0,0.0,0.0,0.0,0.0,
GER-Bundesliga,1617,2016-12-03 Borussia Dortmund-Borussia Mönchengladbach,Borussia Mönchengladbach,Yann Sommer,False,Goalkeeper,,start,end,1.0,0.0,0.0,0.0,0.0,0.0,0.0,4.0,3.0,0.0,0.0,0.0,0.0,0.0,
GER-Bundesliga,1617,2016-12-03 RB Leipzig-Schalke 04,RB Leipzig,Péter Gulácsi,True,Goalkeeper,,start,end,1.0,0.0,1.0,0.0,0.0,0.0,0.0,1.0,4.0,0.0,0.0,0.0,0.0,0.0,
GER-Bundesliga,1617,2016-12-03 RB Leipzig-Schalke 04,Schalke 04,Ralf Fährmann,False,Goalkeeper,,start,end,1.0,1.0,0.0,0.0,0.0,0.0,1.0,2.0,3.0,0.0,0.0,0.0,0.0,0.0,
GER-Bundesliga,1617,2016-12-03 TSG Hoffenheim-FC Cologne,FC Cologne,Thomas Kessler,False,Goalkeeper,,start,end,1.0,0.0,0.0,0.0,0.0,0.0,0.0,4.0,2.0,0.0,0.0,0.0,0.0,0.0,
GER-Bundesliga,1617,2016-12-03 TSG Hoffenheim-FC Cologne,TSG Hoffenheim,Oliver Baumann,True,Goalkeeper,,start,end,1.0,0.0,0.0,0.0,0.0,0.0,0.0,0.0,1.0,0.0,0.0,0.0,0.0,0.0,
GER-Bundesliga,1617,2016-12-03 VfL Wolfsburg-Hertha Berlin,Hertha Berlin,Rune Jarstein,False,Goalkeeper,,start,end,1.0,0.0,0.0,0.0,0.0,0.0,0.0,2.0,2.0,0.0,0.0,0.0,0.0,0.0,
GER-Bundesliga,1617,2016-12-03 VfL Wolfsburg-Hertha Berlin,VfL Wolfsburg,Diego Benaglio,True,Goalkeeper,,start,end,1.0,0.0,0.0,0.0,0.0,0.0,0.0,3.0,5.0,0.0,0.0,0.0,0.0,0.0,
GER-Bundesliga,1617,2016-12-03 Werder Bremen-FC Ingolstadt 04,FC Ingolstadt 04,Martin Hansen,False,Goalkeeper,,start,end,1.0,0.0,0.0,0.0,0.0,0.0,0.0,2.0,3.0,0.0,0.0,0.0,0.0,0.0,
GER-Bundesliga,1617,2016-12-03 Werder Bremen-FC Ingolstadt 04,Werder Bremen,Jaroslav Drobný,True,Goalkeeper,,start,end,1.0,0.0,0.0,0.0,0.0,0.0,0.0,1.0,4.0,0.0,0.0,0.0,0.0,0.0,
GER-Bundesliga,1617,2016-12-04 FC Augsburg-Eintracht Frankfurt,Eintracht Frankfurt,Lukas Hradecky,False,Goalkeeper,,start,end,1.0,0.0,0.0,0.0,0.0,0.0,0.0,1.0,5.0,0.0,0.0,0.0,0.0,0.0,
GER-Bundesliga,1617,2016-12-04 FC Augsburg-Eintracht Frankfurt,FC Augsburg,Marwin Hitz,True,Goalkeeper,,start,end,1.0,0.0,0.0,0.0,0.0,0.0,0.0,1.0,2.0,0.0,0.0,0.0,0.0,0.0,
GER-Bundesliga,1617,2016-12-04 SV Darmstadt 98-Hamburg SV,Hamburg SV,Christian Mathenia,False,Goalkeeper,,start,end,1.0,0.0,1.0,0.0,0.0,0.0,0.0,0.0,2.0,0.0,0.0,0.0,0.0,0.0,
GER-Bundesliga,1617,2016-12-04 SV Darmstadt 98-Hamburg SV,SV Darmstadt 98,Michael Esser,True,Goalkeeper,,start,end,1.0,0.0,1.0,0.0,0.0,0.0,0.0,2.0,3.0,0.0,0.0,0.0,0.0,0.0,
GER-Bundesliga,1617,2016-12-09 Eintracht Frankfurt-TSG Hoffenheim,Eintracht Frankfurt,Lukas Hradecky,True,Goalkeeper,,start,end,1.0,0.0,0.0,0.0,0.0,0.0,0.0,0.0,0.0,0.0,0.0,0.0,0.0,0.0,
GER-Bundesliga,1617,2016-12-09 Eintracht Frankfurt-TSG Hoffenheim,TSG Hoffenheim,Oliver Baumann,False,Goalkeeper,,start,end,1.0,0.0,2.0,0.0,0.0,0.0,0.0,0.0,3.0,0.0,0.0,0.0,0.0,0.0,
GER-Bundesliga,1617,2016-12-10 Bayern Munich-VfL Wolfsburg,Bayern Munich,Manuel Neuer,True,Goalkeeper,,start,end,1.0,0.0,0.0,0.0,0.0,0.0,0.0,0.0,3.0,0.0,0.0,0.0,0.0,0.0,
GER-Bundesliga,1617,2016-12-10 Bayern Munich-VfL Wolfsburg,VfL Wolfsburg,Diego Benaglio,False,Goalkeeper,,start,end,1.0,0.0,0.0,0.0,0.0,0.0,0.0,5.0,5.0,0.0,0.0,0.0,0.0,0.0,
GER-Bundesliga,1617,2016-12-10 FC Cologne-Borussia Dortmund,Borussia Dortmund,Roman Weidenfeller,False,Goalkeeper,,start,end,1.0,0.0,0.0,0.0,0.0,0.0,0.0,1.0,1.0,0.0,0.0,0.0,0.0,0.0,
GER-Bundesliga,1617,2016-12-10 FC Cologne-Borussia Dortmund,FC Cologne,Thomas Kessler,True,Goalkeeper,,start,end,1.0,0.0,1.0,0.0,0.0,0.0,0.0,1.0,3.0,0.0,0.0,0.0,0.0,0.0,
GER-Bundesliga,1617,2016-12-10 FC Ingolstadt 04-RB Leipzig,FC Ingolstadt 04,Martin Hansen,True,Goalkeeper,,start,58,1.0,0.0,0.0,0.0,0.0,0.0,0.0,0.0,1.0,0.0,0.0,0.0,0.0,0.0,
GER-Bundesliga,1617,2016-12-10 FC Ingolstadt 04-RB Leipzig,RB Leipzig,Péter Gulácsi,False,Goalkeeper,,start,end,1.0,0.0,0.0,0.0,0.0,0.0,0.0,1.0,0.0,0.0,0.0,0.0,0.0,0.0,
GER-Bundesliga,1617,2016-12-10 Hamburg SV-FC Augsburg,FC Augsburg,Marwin Hitz,False,Goalkeeper,,start,end,1.0,0.0,0.0,0.0,0.0,0.0,0.0,1.0,4.0,0.0,0.0,0.0,0.0,1.0,
GER-Bundesliga,1617,2016-12-10 Hamburg SV-FC Augsburg,Hamburg SV,Christian Mathenia,True,Goalkeeper,,start,end,1.0,0.0,1.0,0.0,0.0,0.0,0.0,0.0,1.0,0.0,0.0,0.0,0.0,0.0,
GER-Bundesliga,1617,2016-12-10 Hertha Berlin-Werder Bremen,Hertha Berlin,Rune Jarstein,True,Goalkeeper,,start,end,1.0,0.0,0.0,0.0,0.0,0.0,0.0,1.0,5.0,0.0,0.0,0.0,0.0,0.0,
GER-Bundesliga,1617,2016-12-10 Hertha Berlin-Werder Bremen,Werder Bremen,Jaroslav Drobný,False,Goalkeeper,,start,end,1.0,0.0,0.0,0.0,0.0,0.0,0.0,0.0,4.0,0.0,0.0,0.0,0.0,0.0,
GER-Bundesliga,1617,2016-12-10 SC Freiburg-SV Darmstadt 98,SC Freiburg,Alexander Schwolow,True,Goalkeeper,,start,end,1.0,0.0,0.0,0.0,0.0,0.0,0.0,0.0,5.0,0.0,0.0,0.0,0.0,0.0,
GER-Bundesliga,1617,2016-12-10 SC Freiburg-SV Darmstadt 98,SV Darmstadt 98,Michael Esser,False,Goalkeeper,,start,end,1.0,0.0,0.0,0.0,0.0,0.0,1.0,1.0,1.0,0.0,0.0,0.0,0.0,0.0,
GER-Bundesliga,1617,2016-12-11 Borussia Mönchengladbach-Mainz,Borussia Mönchengladbach,Yann Sommer,True,Goalkeeper,,start,end,1.0,0.0,1.0,0.0,0.0,0.0,0.0,0.0,4.0,0.0,0.0,0.0,0.0,0.0,
GER-Bundesliga,1617,2016-12-11 Borussia Mönchengladbach-Mainz,Mainz,Jonas Lössl,False,Goalkeeper,,start,end,1.0,0.0,0.0,0.0,0.0,0.0,0.0,1.0,2.0,0.0,0.0,0.0,0.0,0.0,
GER-Bundesliga,1617,2016-12-11 Schalke 04-Bayer Leverkusen,Bayer Leverkusen,Bernd Leno,False,Goalkeeper,,start,end,1.0,0.0,0.0,0.0,0.0,0.0,0.0,0.0,0.0,0.0,0.0,0.0,0.0,0.0,
GER-Bundesliga,1617,2016-12-11 Schalke 04-Bayer Leverkusen,Schalke 04,Ralf Fährmann,True,Goalkeeper,,start,end,1.0,0.0,0.0,0.0,0.0,0.0,0.0,1.0,1.0,0.0,0.0,0.0,0.0,0.0,
GER-Bundesliga,1617,2016-12-16 TSG Hoffenheim-Borussia Dortmund,Borussia Dortmund,Roman Weidenfeller,False,Goalkeeper,,start,end,1.0,0.0,0.0,0.0,0.0,0.0,0.0,2.0,3.0,0.0,0.0,0.0,0.0,0.0,
GER-Bundesliga,1617,2016-12-16 TSG Hoffenheim-Borussia Dortmund,TSG Hoffenheim,Oliver Baumann,True,Goalkeeper,,start,end,1.0,0.0,1.0,0.0,0.0,0.0,0.0,2.0,2.0,0.0,0.0,0.0,0.0,0.0,
GER-Bundesliga,1617,2016-12-17 FC Augsburg-Borussia Mönchengladbach,Borussia Mönchengladbach,Yann Sommer,False,Goalkeeper,,start,end,1.0,0.0,0.0,0.0,0.0,0.0,0.0,1.0,0.0,0.0,0.0,0.0,0.0,0.0,
GER-Bundesliga,1617,2016-12-17 FC Augsburg-Borussia Mönchengladbach,FC Augsburg,Marwin Hitz,True,Goalkeeper,,start,end,1.0,0.0,0.0,0.0,0.0,0.0,0.0,0.0,3.0,0.0,0.0,0.0,0.0,0.0,
GER-Bundesliga,1617,2016-12-17 Mainz-Hamburg SV,Hamburg SV,Christian Mathenia,False,Goalkeeper,,start,end,1.0,0.0,0.0,0.0,0.0,0.0,0.0,3.0,5.0,0.0,0.0,0.0,0.0,0.0,
GER-Bundesliga,1617,2016-12-17 Mainz-Hamburg SV,Mainz,Jonas Lössl,True,Goalkeeper,,start,end,1.0,0.0,0.0,0.0,0.0,0.0,0.0,1.0,2.0,0.0,0.0,0.0,0.0,0.0,
GER-Bundesliga,1617,2016-12-17 RB Leipzig-Hertha Berlin,Hertha Berlin,Rune Jarstein,False,Goalkeeper,,start,end,1.0,0.0,0.0,0.0,0.0,0.0,0.0,2.0,5.0,0.0,0.0,0.0,0.0,0.0,
GER-Bundesliga,1617,2016-12-17 RB Leipzig-Hertha Berlin,RB Leipzig,Péter Gulácsi,True,Goalkeeper,,start,end,1.0,0.0,0.0,0.0,0.0,0.0,0.0,0.0,0.0,0.0,0.0,0.0,0.0,0.0,
GER-Bundesliga,1617,2016-12-17 Schalke 04-SC Freiburg,SC Freiburg,Alexander Schwolow,False,Goalkeeper,,start,end,1.0,0.0,0.0,0.0,0.0,0.0,0.0,1.0,1.0,0.0,0.0,0.0,0.0,0.0,
GER-Bundesliga,1617,2016-12-17 Schalke 04-SC Freiburg,Schalke 04,Ralf Fährmann,True,Goalkeeper,,start,end,1.0,0.0,0.0,0.0,0.0,0.0,0.0,1.0,1.0,0.0,0.0,0.0,0.0,0.0,
GER-Bundesliga,1617,2016-12-17 VfL Wolfsburg-Eintracht Frankfurt,Eintracht Frankfurt,Lukas Hradecky,False,Goalkeeper,,start,end,1.0,0.0,0.0,0.0,0.0,0.0,0.0,1.0,2.0,0.0,0.0,0.0,0.0,0.0,
GER-Bundesliga,1617,2016-12-17 VfL Wolfsburg-Eintracht Frankfurt,VfL Wolfsburg,Diego Benaglio,True,Goalkeeper,,start,end,1.0,0.0,0.0,0.0,0.0,0.0,0.0,0.0,1.0,0.0,0.0,0.0,0.0,0.0,
GER-Bundesliga,1617,2016-12-17 Werder Bremen-FC Cologne,FC Cologne,Thomas Kessler,False,Goalkeeper,,start,end,1.0,0.0,0.0,0.0,0.0,0.0,0.0,1.0,3.0,0.0,0.0,0.0,0.0,0.0,
GER-Bundesliga,1617,2016-12-17 Werder Bremen-FC Cologne,Werder Bremen,Jaroslav Drobný,True,Goalkeeper,,start,end,1.0,0.0,0.0,0.0,0.0,0.0,0.0,1.0,4.0,0.0,0.0,0.0,0.0,0.0,
GER-Bundesliga,1617,2016-12-18 Bayer Leverkusen-FC Ingolstadt 04,Bayer Leverkusen,Bernd Leno,True,Goalkeeper,,start,end,1.0,0.0,0.0,0.0,0.0,0.0,0.0,2.0,5.0,0.0,0.0,0.0,0.0,0.0,
GER-Bundesliga,1617,2016-12-18 Bayer Leverkusen-FC Ingolstadt 04,FC Ingolstadt 04,Martin Hansen,False,Goalkeeper,,start,end,1.0,0.0,0.0,0.0,0.0,0.0,0.0,1.0,2.0,0.0,0.0,0.0,0.0,0.0,
GER-Bundesliga,1617,2016-12-18 SV Darmstadt 98-Bayern Munich,Bayern Munich,Manuel Neuer,False,Goalkeeper,,start,end,1.0,0.0,0.0,0.0,0.0,0.0,0.0,0.0,2.0,0.0,0.0,0.0,0.0,0.0,
GER-Bundesliga,1617,2016-12-18 SV Darmstadt 98-Bayern Munich,SV Darmstadt 98,Michael Esser,True,Goalkeeper,,start,end,1.0,0.0,0.0,0.0,0.0,0.0,0.0,1.0,1.0,0.0,0.0,0.0,0.0,0.0,
GER-Bundesliga,1617,2016-12-20 Borussia Dortmund-FC Augsburg,Borussia Dortmund,Roman Weidenfeller,True,Goalkeeper,,start,end,1.0,0.0,0.0,0.0,0.0,0.0,0.0,1.0,2.0,0.0,0.0,0.0,0.0,0.0,
GER-Bundesliga,1617,2016-12-20 Borussia Dortmund-FC Augsburg,FC Augsburg,Marwin Hitz,False,Goalkeeper,,start,end,1.0,0.0,0.0,0.0,0.0,0.0,0.0,1.0,7.0,0.0,0.0,0.0,0.0,0.0,
GER-Bundesliga,1617,2016-12-20 Borussia Mönchengladbach-VfL Wolfsburg,Borussia Mönchengladbach,Yann Sommer,True,Goalkeeper,,start,end,1.0,0.0,0.0,0.0,0.0,0.0,0.0,2.0,5.0,0.0,0.0,0.0,0.0,0.0,
GER-Bundesliga,1617,2016-12-20 Borussia Mönchengladbach-VfL Wolfsburg,VfL Wolfsburg,Diego Benaglio,False,Goalkeeper,,start,end,1.0,0.0,0.0,0.0,0.0,0.0,0.0,1.0,3.0,0.0,0.0,0.0,0.0,0.0,
GER-Bundesliga,1617,2016-12-20 Eintracht Frankfurt-Mainz,Eintracht Frankfurt,Lukas Hradecky,True,Goalkeeper,,start,end,1.0,0.0,0.0,0.0,0.0,0.0,0.0,0.0,6.0,0.0,0.0,0.0,0.0,0.0,
GER-Bundesliga,1617,2016-12-20 Eintracht Frankfurt-Mainz,Mainz,Jonas Lössl,False,Goalkeeper,,start,end,1.0,0.0,0.0,0.0,0.0,0.0,0.0,3.0,1.0,0.0,0.0,0.0,0.0,0.0,
GER-Bundesliga,1617,2016-12-20 Hamburg SV-Schalke 04,Hamburg SV,Christian Mathenia,True,Goalkeeper,,start,end,1.0,0.0,0.0,0.0,0.0,0.0,1.0,1.0,2.0,0.0,0.0,0.0,0.0,0.0,
GER-Bundesliga,1617,2016-12-20 Hamburg SV-Schalke 04,Schalke 04,Ralf Fährmann,False,Goalkeeper,,start,end,1.0,0.0,0.0,0.0,0.0,0.0,0.0,2.0,5.0,0.0,0.0,0.0,0.0,0.0,
GER-Bundesliga,1617,2016-12-21 Bayern Munich-RB Leipzig,Bayern Munich,Manuel Neuer,True,Goalkeeper,,start,end,1.0,0.0,1.0,0.0,0.0,0.0,0.0,0.0,2.0,0.0,0.0,0.0,0.0,0.0,
GER-Bundesliga,1617,2016-12-21 Bayern Munich-RB Leipzig,RB Leipzig,Péter Gulácsi,False,Goalkeeper,,start,end,1.0,1.0,1.0,0.0,0.0,0.0,0.0,3.0,8.0,0.0,0.0,0.0,0.0,0.0,
GER-Bundesliga,1617,2016-12-21 FC Cologne-Bayer Leverkusen,Bayer Leverkusen,Bernd Leno,False,Goalkeeper,,start,end,1.0,0.0,0.0,0.0,0.0,0.0,0.0,1.0,1.0,0.0,0.0,0.0,0.0,0.0,
GER-Bundesliga,1617,2016-12-21 FC Cologne-Bayer Leverkusen,FC Cologne,Thomas Kessler,True,Goalkeeper,,start,end,1.0,0.0,0.0,0.0,0.0,0.0,0.0,1.0,5.0,0.0,0.0,0.0,0.0,0.0,
GER-Bundesliga,1617,2016-12-21 FC Ingolstadt 04-SC Freiburg,FC Ingolstadt 04,Martin Hansen,True,Goalkeeper,,start,end,1.0,0.0,0.0,0.0,0.0,0.0,0.0,2.0,3.0,0.0,0.0,0.0,0.0,0.0,
GER-Bundesliga,1617,2016-12-21 FC Ingolstadt 04-SC Freiburg,SC Freiburg,Alexander Schwolow,False,Goalkeeper,,start,end,1.0,0.0,0.0,0.0,0.0,0.0,0.0,1.0,5.0,0.0,0.0,0.0,0.0,0.0,
GER-Bundesliga,1617,2016-12-21 Hertha Berlin-SV Darmstadt 98,Hertha Berlin,Rune Jarstein,True,Goalkeeper,,start,end,1.0,0.0,1.0,0.0,0.0,0.0,0.0,0.0,0.0,0.0,0.0,0.0,0.0,0.0,
GER-Bundesliga,1617,2016-12-21 Hertha Berlin-SV Darmstadt 98,SV Darmstadt 98,Michael Esser,False,Goalkeeper,,start,end,1.0,0.0,0.0,0.0,0.0,0.0,0.0,2.0,3.0,0.0,0.0,0.0,0.0,0.0,
GER-Bundesliga,1617,2016-12-21 TSG Hoffenheim-Werder Bremen,TSG Hoffenheim,Oliver Baumann,True,Goalkeeper,,start,end,1.0,0.0,0.0,0.0,0.0,0.0,0.0,1.0,2.0,0.0,0.0,0.0,0.0,0.0,
GER-Bundesliga,1617,2016-12-21 TSG Hoffenheim-Werder Bremen,Werder Bremen,Jaroslav Drobný,False,Goalkeeper,,start,end,1.0,0.0,0.0,0.0,0.0,0.0,0.0,1.0,2.0,0.0,0.0,0.0,0.0,0.0,
GER-Bundesliga,1617,2017-01-20 SC Freiburg-Bayern Munich,Bayern Munich,Manuel Neuer,False,Goalkeeper,,start,end,1.0,0.0,0.0,0.0,0.0,0.0,0.0,1.0,2.0,0.0,0.0,0.0,0.0,0.0,
GER-Bundesliga,1617,2017-01-20 SC Freiburg-Bayern Munich,SC Freiburg,Alexander Schwolow,True,Goalkeeper,,start,end,1.0,0.0,0.0,0.0,0.0,0.0,1.0,2.0,3.0,0.0,0.0,0.0,0.0,0.0,
GER-Bundesliga,1617,2017-01-21 FC Augsburg-TSG Hoffenheim,FC Augsburg,Marwin Hitz,True,Goalkeeper,,start,end,1.0,0.0,0.0,0.0,0.0,0.0,0.0,2.0,1.0,0.0,0.0,0.0,0.0,0.0,
GER-Bundesliga,1617,2017-01-21 FC Augsburg-TSG Hoffenheim,TSG Hoffenheim,Oliver Baumann,False,Goalkeeper,,start,end,1.0,0.0,0.0,0.0,0.0,0.0,0.0,0.0,2.0,0.0,0.0,0.0,0.0,0.0,
GER-Bundesliga,1617,2017-01-21 RB Leipzig-Eintracht Frankfurt,Eintracht Frankfurt,Lukas Hradecky,False,Goalkeeper,,start,end,1.0,1.0,0.0,0.0,1.0,0.0,0.0,0.0,0.0,0.0,0.0,0.0,0.0,0.0,
GER-Bundesliga,1617,2017-01-21 RB Leipzig-Eintracht Frankfurt,RB Leipzig,Péter Gulácsi,True,Goalkeeper,,start,end,1.0,0.0,0.0,0.0,0.0,0.0,0.0,0.0,3.0,0.0,0.0,0.0,0.0,0.0,
GER-Bundesliga,1617,2017-01-21 SV Darmstadt 98-Borussia Mönchengladbach,Borussia Mönchengladbach,Yann Sommer,False,Goalkeeper,,start,end,1.0,0.0,0.0,0.0,0.0,0.0,0.0,0.0,2.0,0.0,0.0,0.0,0.0,0.0,
GER-Bundesliga,1617,2017-01-21 SV Darmstadt 98-Borussia Mönchengladbach,SV Darmstadt 98,Michael Esser,True,Goalkeeper,,start,end,1.0,0.0,0.0,0.0,0.0,0.0,0.0,0.0,3.0,0.0,0.0,0.0,0.0,0.0,
GER-Bundesliga,1617,2017-01-21 Schalke 04-FC Ingolstadt 04,FC Ingolstadt 04,Martin Hansen,False,Goalkeeper,,start,end,1.0,0.0,0.0,0.0,0.0,0.0,0.0,1.0,3.0,0.0,0.0,0.0,0.0,0.0,
GER-Bundesliga,1617,2017-01-21 Schalke 04-FC Ingolstadt 04,Schalke 04,Ralf Fährmann,True,Goalkeeper,,start,end,1.0,0.0,0.0,0.0,0.0,0.0,0.0,0.0,3.0,0.0,0.0,0.0,0.0,0.0,
GER-Bundesliga,1617,2017-01-21 VfL Wolfsburg-Hamburg SV,Hamburg SV,Christian Mathenia,False,Goalkeeper,,start,end,1.0,0.0,0.0,0.0,0.0,0.0,0.0,1.0,2.0,0.0,0.0,0.0,0.0,0.0,
GER-Bundesliga,1617,2017-01-21 VfL Wolfsburg-Hamburg SV,VfL Wolfsburg,Diego Benaglio,True,Goalkeeper,,start,end,1.0,0.0,1.0,0.0,0.0,0.0,1.0,0.0,1.0,0.0,0.0,0.0,0.0,0.0,
GER-Bundesliga,1617,2017-01-21 Werder Bremen-Borussia Dortmund,Borussia Dortmund,Roman Weidenfeller,False,Goalkeeper,,start,end,1.0,0.0,0.0,0.0,0.0,0.0,0.0,1.0,4.0,0.0,0.0,0.0,0.0,0.0,
GER-Bundesliga,1617,2017-01-21 Werder Bremen-Borussia Dortmund,Werder Bremen,Jaroslav Drobný,True,Goalkeeper,,start,end,1.0,1.0,0.0,0.0,1.0,0.0,0.0,1.0,3.0,0.0,0.0,0.0,0.0,0.0,
GER-Bundesliga,1617,2017-01-22 Bayer Leverkusen-Hertha Berlin,Bayer Leverkusen,Bernd Leno,True,Goalkeeper,,start,end,1.0,0.0,0.0,0.0,0.0,0.0,0.0,1.0,2.0,0.0,0.0,0.0,0.0,0.0,
GER-Bundesliga,1617,2017-01-22 Bayer Leverkusen-Hertha Berlin,Hertha Berlin,Rune Jarstein,False,Goalkeeper,,start,end,1.0,0.0,1.0,0.0,0.0,0.0,0.0,3.0,5.0,0.0,0.0,0.0,0.0,0.0,
GER-Bundesliga,1617,2017-01-22 Mainz-FC Cologne,FC Cologne,Thomas Kessler,False,Goalkeeper,1,start,end,1.0,0.0,0.0,0.0,0.0,0.0,0.0,0.0,5.0,0.0,0.0,0.0,0.0,0.0,
GER-Bundesliga,1617,2017-01-22 Mainz-FC Cologne,Mainz,Jonas Lössl,True,Goalkeeper,1,start,end,1.0,0.0,0.0,0.0,0.0,0.0,0.0,0.0,3.0,0.0,0.0,0.0,0.0,0.0,
GER-Bundesliga,1617,2017-01-27 Schalke 04-Eintracht Frankfurt,Eintracht Frankfurt,Heinz Lindner,False,Goalkeeper,,start,end,1.0,0.0,0.0,0.0,0.0,0.0,0.0,0.0,2.0,0.0,0.0,0.0,0.0,0.0,
GER-Bundesliga,1617,2017-01-27 Schalke 04-Eintracht Frankfurt,Schalke 04,Ralf Fährmann,True,Goalkeeper,,start,end,1.0,0.0,0.0,0.0,0.0,0.0,0.0,1.0,0.0,0.0,0.0,0.0,0.0,0.0,
GER-Bundesliga,1617,2017-01-28 Bayer Leverkusen-Borussia Mönchengladbach,Bayer Leverkusen,Bernd Leno,True,Goalkeeper,,start,end,1.0,0.0,0.0,0.0,0.0,0.0,0.0,3.0,4.0,0.0,0.0,0.0,0.0,0.0,
GER-Bundesliga,1617,2017-01-28 Bayer Leverkusen-Borussia Mönchengladbach,Borussia Mönchengladbach,Yann Sommer,False,Goalkeeper,,start,end,1.0,0.0,1.0,0.0,0.0,0.0,0.0,2.0,2.0,0.0,0.0,0.0,0.0,0.0,
GER-Bundesliga,1617,2017-01-28 FC Ingolstadt 04-Hamburg SV,FC Ingolstadt 04,Martin Hansen,True,Goalkeeper,,start,end,1.0,0.0,0.0,0.0,0.0,0.0,0.0,1.0,2.0,0.0,0.0,0.0,0.0,0.0,
GER-Bundesliga,1617,2017-01-28 FC Ingolstadt 04-Hamburg SV,Hamburg SV,Christian Mathenia,False,Goalkeeper,,start,end,1.0,0.0,0.0,0.0,0.0,0.0,0.0,3.0,4.0,0.0,0.0,0.0,0.0,0.0,
GER-Bundesliga,1617,2017-01-28 RB Leipzig-TSG Hoffenheim,RB Leipzig,Péter Gulácsi,True,Goalkeeper,,start,end,1.0,0.0,0.0,0.0,0.0,0.0,0.0,1.0,1.0,0.0,0.0,0.0,0.0,0.0,
GER-Bundesliga,1617,2017-01-28 RB Leipzig-TSG Hoffenheim,TSG Hoffenheim,Oliver Baumann,False,Goalkeeper,,start,end,1.0,0.0,0.0,0.0,0.0,0.0,0.0,2.0,3.0,0.0,0.0,0.0,0.0,0.0,
GER-Bundesliga,1617,2017-01-28 SV Darmstadt 98-FC Cologne,FC Cologne,Thomas Kessler,False,Goalkeeper,,start,end,1.0,0.0,0.0,0.0,0.0,0.0,0.0,1.0,3.0,0.0,0.0,0.0,0.0,0.0,
GER-Bundesliga,1617,2017-01-28 SV Darmstadt 98-FC Cologne,SV Darmstadt 98,Michael Esser,True,Goalkeeper,,start,end,1.0,0.0,0.0,0.0,0.0,0.0,0.0,6.0,2.0,0.0,0.0,0.0,0.0,0.0,
GER-Bundesliga,1617,2017-01-28 VfL Wolfsburg-FC Augsburg,FC Augsburg,Marwin Hitz,False,Goalkeeper,,start,end,1.0,0.0,0.0,0.0,0.0,0.0,0.0,1.0,4.0,0.0,0.0,0.0,0.0,0.0,
GER-Bundesliga,1617,2017-01-28 VfL Wolfsburg-FC Augsburg,VfL Wolfsburg,Diego Benaglio,True,Goalkeeper,,start,end,1.0,0.0,0.0,0.0,0.0,0.0,0.0,2.0,3.0,0.0,0.0,0.0,0.0,0.0,
GER-Bundesliga,1617,2017-01-28 Werder Bremen-Bayern Munich,Bayern Munich,Manuel Neuer,False,Goalkeeper,,start,end,1.0,0.0,0.0,0.0,0.0,0.0,0.0,1.0,3.0,0.0,0.0,0.0,0.0,0.0,
GER-Bundesliga,1617,2017-01-28 Werder Bremen-Bayern Munich,Werder Bremen,Felix Wiedwald,True,Goalkeeper,,start,end,1.0,0.0,0.0,0.0,0.0,0.0,0.0,2.0,2.0,0.0,0.0,0.0,0.0,0.0,
GER-Bundesliga,1617,2017-01-29 Mainz-Borussia Dortmund,Borussia Dortmund,Roman Bürki,False,Goalkeeper,,start,end,1.0,0.0,0.0,0.0,0.0,0.0,0.0,1.0,0.0,0.0,0.0,0.0,0.0,0.0,
GER-Bundesliga,1617,2017-01-29 Mainz-Borussia Dortmund,Mainz,Jonas Lössl,True,Goalkeeper,,start,end,1.0,0.0,0.0,0.0,0.0,0.0,0.0,1.0,3.0,0.0,0.0,0.0,0.0,0.0,
GER-Bundesliga,1617,2017-01-29 SC Freiburg-Hertha Berlin,Hertha Berlin,Rune Jarstein,False,Goalkeeper,,start,end,1.0,0.0,0.0,0.0,0.0,0.0,0.0,2.0,2.0,0.0,0.0,0.0,0.0,0.0,
GER-Bundesliga,1617,2017-01-29 SC Freiburg-Hertha Berlin,SC Freiburg,Alexander Schwolow,True,Goalkeeper,,start,end,1.0,0.0,0.0,0.0,0.0,0.0,0.0,1.0,1.0,0.0,0.0,0.0,0.0,0.0,
GER-Bundesliga,1617,2017-02-03 Hamburg SV-Bayer Leverkusen,Bayer Leverkusen,Bernd Leno,False,Goalkeeper,,start,end,1.0,0.0,0.0,0.0,0.0,0.0,0.0,1.0,2.0,0.0,0.0,0.0,0.0,0.0,
GER-Bundesliga,1617,2017-02-03 Hamburg SV-Bayer Leverkusen,Hamburg SV,René Adler,True,Goalkeeper,,start,end,1.0,0.0,0.0,0.0,0.0,0.0,0.0,0.0,0.0,0.0,0.0,0.0,0.0,0.0,
GER-Bundesliga,1617,2017-02-04 Bayern Munich-Schalke 04,Bayern Munich,Manuel Neuer,True,Goalkeeper,,start,end,1.0,0.0,0.0,0.0,0.0,0.0,0.0,1.0,2.0,0.0,0.0,0.0,0.0,0.0,
GER-Bundesliga,1617,2017-02-04 Bayern Munich-Schalke 04,Schalke 04,Ralf Fährmann,False,Goalkeeper,,start,end,1.0,0.0,1.0,0.0,0.0,0.0,0.0,1.0,3.0,0.0,0.0,0.0,0.0,0.0,
GER-Bundesliga,1617,2017-02-04 Borussia Dortmund-RB Leipzig,Borussia Dortmund,Roman Bürki,True,Goalkeeper,,start,end,1.0,0.0,0.0,0.0,0.0,0.0,0.0,0.0,1.0,0.0,0.0,0.0,0.0,0.0,
GER-Bundesliga,1617,2017-02-04 Borussia Dortmund-RB Leipzig,RB Leipzig,Péter Gulácsi,False,Goalkeeper,,start,end,1.0,0.0,0.0,0.0,0.0,0.0,0.0,1.0,2.0,0.0,0.0,0.0,0.0,0.0,
GER-Bundesliga,1617,2017-02-04 Borussia Mönchengladbach-SC Freiburg,Borussia Mönchengladbach,Yann Sommer,True,Goalkeeper,,start,end,1.0,0.0,0.0,0.0,0.0,0.0,0.0,0.0,4.0,0.0,0.0,0.0,0.0,0.0,
GER-Bundesliga,1617,2017-02-04 Borussia Mönchengladbach-SC Freiburg,SC Freiburg,Alexander Schwolow,False,Goalkeeper,,start,end,1.0,0.0,0.0,0.0,0.0,0.0,0.0,3.0,0.0,0.0,0.0,0.0,0.0,0.0,
GER-Bundesliga,1617,2017-02-04 FC Cologne-VfL Wolfsburg,FC Cologne,Thomas Kessler,True,Goalkeeper,,start,end,1.0,0.0,0.0,0.0,0.0,0.0,1.0,0.0,1.0,0.0,0.0,0.0,0.0,0.0,
GER-Bundesliga,1617,2017-02-04 FC Cologne-VfL Wolfsburg,VfL Wolfsburg,Diego Benaglio,False,Goalkeeper,,start,end,1.0,1.0,0.0,0.0,0.0,0.0,0.0,1.0,1.0,0.0,0.0,0.0,0.0,0.0,
GER-Bundesliga,1617,2017-02-04 Hertha Berlin-FC Ingolstadt 04,FC Ingolstadt 04,Martin Hansen,False,Goalkeeper,,start,end,1.0,0.0,0.0,0.0,0.0,0.0,0.0,1.0,1.0,0.0,0.0,0.0,0.0,0.0,
GER-Bundesliga,1617,2017-02-04 Hertha Berlin-FC Ingolstadt 04,Hertha Berlin,Rune Jarstein,True,Goalkeeper,,start,end,1.0,0.0,0.0,0.0,0.0,0.0,0.0,0.0,4.0,0.0,0.0,0.0,0.0,0.0,
GER-Bundesliga,1617,2017-02-04 TSG Hoffenheim-Mainz,Mainz,Jonas Lössl,False,Goalkeeper,,start,end,1.0,0.0,0.0,0.0,0.0,0.0,0.0,4.0,3.0,0.0,0.0,0.0,0.0,0.0,
GER-Bundesliga,1617,2017-02-04 TSG Hoffenheim-Mainz,TSG Hoffenheim,Oliver Baumann,True,Goalkeeper,,start,end,1.0,1.0,1.0,0.0,0.0,0.0,1.0,0.0,2.0,0.0,0.0,0.0,0.0,0.0,
GER-Bundesliga,1617,2017-02-05 Eintracht Frankfurt-SV Darmstadt 98,Eintracht Frankfurt,Lukas Hradecky,True,Goalkeeper,,start,end,1.0,0.0,0.0,0.0,0.0,0.0,0.0,0.0,0.0,0.0,0.0,0.0,0.0,0.0,
GER-Bundesliga,1617,2017-02-05 Eintracht Frankfurt-SV Darmstadt 98,SV Darmstadt 98,Michael Esser,False,Goalkeeper,,start,end,1.0,0.0,0.0,0.0,0.0,0.0,0.0,2.0,4.0,0.0,0.0,0.0,0.0,0.0,
GER-Bundesliga,1617,2017-02-05 FC Augsburg-Werder Bremen,FC Augsburg,Marwin Hitz,True,Goalkeeper,,start,end,1.0,0.0,0.0,0.0,0.0,0.0,0.0,2.0,2.0,0.0,0.0,0.0,0.0,0.0,
GER-Bundesliga,1617,2017-02-05 FC Augsburg-Werder Bremen,Werder Bremen,Felix Wiedwald,False,Goalkeeper,,start,end,1.0,0.0,0.0,0.0,0.0,0.0,0.0,3.0,4.0,0.0,0.0,0.0,0.0,0.0,
GER-Bundesliga,1617,2017-02-10 Mainz-FC Augsburg,FC Augsburg,Marwin Hitz,False,Goalkeeper,,start,end,1.0,1.0,0.0,0.0,0.0,0.0,1.0,2.0,2.0,0.0,0.0,0.0,0.0,0.0,
GER-Bundesliga,1617,2017-02-10 Mainz-FC Augsburg,Mainz,Jonas Lössl,True,Goalkeeper,,start,end,1.0,0.0,0.0,0.0,0.0,0.0,0.0,0.0,6.0,0.0,0.0,0.0,0.0,0.0,
GER-Bundesliga,1617,2017-02-11 Bayer Leverkusen-Eintracht Frankfurt,Bayer Leverkusen,Bernd Leno,True,Goalkeeper,,start,end,1.0,0.0,0.0,0.0,0.0,0.0,0.0,0.0,3.0,0.0,0.0,0.0,0.0,0.0,
GER-Bundesliga,1617,2017-02-11 Bayer Leverkusen-Eintracht Frankfurt,Eintracht Frankfurt,Lukas Hradecky,False,Goalkeeper,,start,end,1.0,0.0,0.0,0.0,0.0,0.0,0.0,3.0,4.0,0.0,0.0,0.0,0.0,0.0,
GER-Bundesliga,1617,2017-02-11 FC Ingolstadt 04-Bayern Munich,Bayern Munich,Manuel Neuer,False,Goalkeeper,,start,end,1.0,0.0,0.0,0.0,0.0,0.0,0.0,0.0,0.0,0.0,0.0,0.0,0.0,0.0,
GER-Bundesliga,1617,2017-02-11 FC Ingolstadt 04-Bayern Munich,FC Ingolstadt 04,Martin Hansen,True,Goalkeeper,,start,end,1.0,0.0,1.0,0.0,0.0,0.0,0.0,2.0,2.0,0.0,0.0,0.0,0.0,0.0,
GER-Bundesliga,1617,2017-02-11 RB Leipzig-Hamburg SV,Hamburg SV,René Adler,False,Goalkeeper,,start,end,1.0,0.0,0.0,0.0,0.0,0.0,0.0,0.0,0.0,0.0,0.0,0.0,0.0,0.0,
GER-Bundesliga,1617,2017-02-11 RB Leipzig-Hamburg SV,RB Leipzig,Péter Gulácsi,True,Goalkeeper,,start,end,1.0,0.0,0.0,0.0,0.0,0.0,0.0,3.0,2.0,0.0,0.0,0.0,0.0,0.0,
GER-Bundesliga,1617,2017-02-11 SV Darmstadt 98-Borussia Dortmund,Borussia Dortmund,Roman Bürki,False,Goalkeeper,,start,end,1.0,0.0,1.0,0.0,0.0,0.0,0.0,2.0,6.0,0.0,0.0,0.0,0.0,0.0,
GER-Bundesliga,1617,2017-02-11 SV Darmstadt 98-Borussia Dortmund,SV Darmstadt 98,Michael Esser,True,Goalkeeper,,start,end,1.0,0.0,0.0,0.0,0.0,0.0,1.0,1.0,3.0,0.0,0.0,0.0,0.0,0.0,
GER-Bundesliga,1617,2017-02-11 Schalke 04-Hertha Berlin,Hertha Berlin,Rune Jarstein,False,Goalkeeper,,start,end,1.0,0.0,0.0,0.0,0.0,0.0,0.0,2.0,1.0,0.0,0.0,0.0,0.0,0.0,
GER-Bundesliga,1617,2017-02-11 Schalke 04-Hertha Berlin,Schalke 04,Ralf Fährmann,True,Goalkeeper,,start,end,1.0,0.0,2.0,0.0,0.0,0.0,0.0,0.0,2.0,0.0,0.0,0.0,0.0,0.0,
GER-Bundesliga,1617,2017-02-11 Werder Bremen-Borussia Mönchengladbach,Borussia Mönchengladbach,Yann Sommer,False,Goalkeeper,,start,end,1.0,0.0,1.0,0.0,0.0,0.0,0.0,0.0,6.0,0.0,0.0,0.0,0.0,0.0,
GER-Bundesliga,1617,2017-02-11 Werder Bremen-Borussia Mönchengladbach,Werder Bremen,Felix Wiedwald,True,Goalkeeper,,start,end,1.0,0.0,0.0,0.0,0.0,0.0,0.0,1.0,2.0,0.0,0.0,0.0,0.0,0.0,
GER-Bundesliga,1617,2017-02-12 SC Freiburg-FC Cologne,FC Cologne,Thomas Kessler,False,Goalkeeper,1,start,end,1.0,0.0,0.0,0.0,0.0,0.0,0.0,2.0,4.0,0.0,0.0,0.0,0.0,0.0,
GER-Bundesliga,1617,2017-02-12 SC Freiburg-FC Cologne,SC Freiburg,Alexander Schwolow,True,Goalkeeper,1,start,end,1.0,0.0,0.0,0.0,0.0,0.0,0.0,1.0,4.0,0.0,0.0,0.0,0.0,0.0,
GER-Bundesliga,1617,2017-02-12 VfL Wolfsburg-TSG Hoffenheim,TSG Hoffenheim,Oliver Baumann,False,Goalkeeper,,start,end,1.0,0.0,0.0,0.0,0.0,0.0,0.0,2.0,5.0,0.0,0.0,0.0,0.0,0.0,
GER-Bundesliga,1617,2017-02-12 VfL Wolfsburg-TSG Hoffenheim,VfL Wolfsburg,Diego Benaglio,True,Goalkeeper,,start,end,1.0,0.0,0.0,0.0,0.0,0.0,0.0,1.0,6.0,0.0,0.0,0.0,0.0,0.0,
GER-Bundesliga,1617,2017-02-17 FC Augsburg-Bayer Leverkusen,Bayer Leverkusen,Bernd Leno,False,Goalkeeper,,start,end,1.0,0.0,0.0,0.0,0.0,0.0,0.0,1.0,3.0,0.0,0.0,0.0,0.0,0.0,
GER-Bundesliga,1617,2017-02-17 FC Augsburg-Bayer Leverkusen,FC Augsburg,Marwin Hitz,True,Goalkeeper,,start,end,1.0,0.0,0.0,0.0,0.0,0.0,0.0,3.0,7.0,0.0,0.0,0.0,0.0,0.0,
GER-Bundesliga,1617,2017-02-18 Borussia Dortmund-VfL Wolfsburg,Borussia Dortmund,Roman Bürki,True,Goalkeeper,,start,end,1.0,0.0,0.0,0.0,0.0,0.0,0.0,0.0,3.0,0.0,0.0,0.0,0.0,0.0,
GER-Bundesliga,1617,2017-02-18 Borussia Dortmund-VfL Wolfsburg,VfL Wolfsburg,Diego Benaglio,False,Goalkeeper,,start,end,1.0,0.0,0.0,0.0,0.0,0.0,0.0,3.0,8.0,0.0,0.0,0.0,0.0,0.0,
GER-Bundesliga,1617,2017-02-18 Eintracht Frankfurt-FC Ingolstadt 04,Eintracht Frankfurt,Lukas Hradecky,True,Goalkeeper,,start,end,1.0,0.0,0.0,0.0,0.0,0.0,0.0,2.0,9.0,0.0,0.0,0.0,0.0,0.0,
GER-Bundesliga,1617,2017-02-18 Eintracht Frankfurt-FC Ingolstadt 04,FC Ingolstadt 04,Martin Hansen,False,Goalkeeper,,start,end,1.0,1.0,0.0,0.0,0.0,0.0,0.0,0.0,5.0,0.0,0.0,0.0,0.0,0.0,
GER-Bundesliga,1617,2017-02-18 Hamburg SV-SC Freiburg,Hamburg SV,René Adler,True,Goalkeeper,,start,end,1.0,0.0,0.0,0.0,0.0,0.0,0.0,2.0,1.0,0.0,0.0,0.0,0.0,0.0,
GER-Bundesliga,1617,2017-02-18 Hamburg SV-SC Freiburg,SC Freiburg,Alexander Schwolow,False,Goalkeeper,,start,end,1.0,0.0,0.0,0.0,0.0,0.0,0.0,2.0,2.0,0.0,0.0,0.0,0.0,0.0,
GER-Bundesliga,1617,2017-02-18 Hertha Berlin-Bayern Munich,Bayern Munich,Manuel Neuer,False,Goalkeeper,,start,end,1.0,0.0,0.0,0.0,0.0,0.0,0.0,1.0,1.0,0.0,0.0,0.0,0.0,0.0,
GER-Bundesliga,1617,2017-02-18 Hertha Berlin-Bayern Munich,Hertha Berlin,Rune Jarstein,True,Goalkeeper,,start,end,1.0,0.0,0.0,0.0,0.0,0.0,1.0,1.0,5.0,0.0,0.0,0.0,0.0,0.0,
GER-Bundesliga,1617,2017-02-18 Mainz-Werder Bremen,Mainz,Jonas Lössl,True,Goalkeeper,,start,end,1.0,0.0,0.0,0.0,0.0,0.0,0.0,2.0,2.0,0.0,0.0,0.0,0.0,0.0,
GER-Bundesliga,1617,2017-02-18 Mainz-Werder Bremen,Werder Bremen,Felix Wiedwald,False,Goalkeeper,,start,end,1.0,0.0,0.0,0.0,0.0,0.0,1.0,0.0,4.0,0.0,0.0,0.0,0.0,0.0,
GER-Bundesliga,1617,2017-02-18 TSG Hoffenheim-SV Darmstadt 98,SV Darmstadt 98,Michael Esser,False,Goalkeeper,,start,end,1.0,0.0,1.0,0.0,0.0,0.0,0.0,2.0,3.0,0.0,0.0,0.0,0.0,0.0,
GER-Bundesliga,1617,2017-02-18 TSG Hoffenheim-SV Darmstadt 98,TSG Hoffenheim,Oliver Baumann,True,Goalkeeper,,start,end,1.0,0.0,1.0,0.0,0.0,0.0,0.0,0.0,4.0,0.0,0.0,0.0,0.0,0.0,
GER-Bundesliga,1617,2017-02-19 Borussia Mönchengladbach-RB Leipzig,Borussia Mönchengladbach,Yann Sommer,True,Goalkeeper,,start,end,1.0,0.0,0.0,0.0,0.0,0.0,0.0,2.0,3.0,0.0,0.0,0.0,0.0,0.0,
GER-Bundesliga,1617,2017-02-19 Borussia Mönchengladbach-RB Leipzig,RB Leipzig,Péter Gulácsi,False,Goalkeeper,,start,end,1.0,0.0,0.0,0.0,0.0,0.0,0.0,1.0,2.0,0.0,0.0,0.0,0.0,0.0,
GER-Bundesliga,1617,2017-02-19 FC Cologne-Schalke 04,FC Cologne,Thomas Kessler,True,Goalkeeper,,start,end,1.0,0.0,0.0,0.0,0.0,0.0,0.0,1.0,3.0,0.0,0.0,0.0,0.0,0.0,
GER-Bundesliga,1617,2017-02-19 FC Cologne-Schalke 04,Schalke 04,Ralf Fährmann,False,Goalkeeper,,start,end,1.0,0.0,0.0,0.0,0.0,0.0,0.0,1.0,3.0,0.0,0.0,0.0,0.0,0.0,
GER-Bundesliga,1617,2017-02-24 VfL Wolfsburg-Werder Bremen,VfL Wolfsburg,Diego Benaglio,True,Goalkeeper,,start,end,1.0,0.0,0.0,0.0,0.0,0.0,0.0,2.0,1.0,0.0,0.0,0.0,0.0,0.0,
GER-Bundesliga,1617,2017-02-24 VfL Wolfsburg-Werder Bremen,Werder Bremen,Felix Wiedwald,False,Goalkeeper,,start,end,1.0,0.0,0.0,0.0,0.0,0.0,1.0,1.0,5.0,0.0,0.0,0.0,0.0,0.0,
GER-Bundesliga,1617,2017-02-25 Bayer Leverkusen-Mainz,Bayer Leverkusen,Bernd Leno,True,Goalkeeper,,start,end,1.0,0.0,0.0,0.0,0.0,0.0,0.0,2.0,3.0,0.0,0.0,0.0,0.0,0.0,
GER-Bundesliga,1617,2017-02-25 Bayer Leverkusen-Mainz,Mainz,Jonas Lössl,False,Goalkeeper,,start,end,1.0,0.0,1.0,0.0,0.0,0.0,0.0,0.0,3.0,0.0,0.0,0.0,0.0,0.0,
GER-Bundesliga,1617,2017-02-25 Bayern Munich-Hamburg SV,Bayern Munich,Manuel Neuer,True,Goalkeeper,,start,end,1.0,0.0,1.0,0.0,0.0,0.0,0.0,0.0,1.0,0.0,0.0,0.0,0.0,0.0,
GER-Bundesliga,1617,2017-02-25 Bayern Munich-Hamburg SV,Hamburg SV,René Adler,False,Goalkeeper,,start,end,1.0,0.0,0.0,0.0,0.0,0.0,0.0,8.0,4.0,0.0,0.0,0.0,0.0,0.0,
GER-Bundesliga,1617,2017-02-25 Hertha Berlin-Eintracht Frankfurt,Eintracht Frankfurt,Lukas Hradecky,False,Goalkeeper,,start,end,1.0,0.0,0.0,0.0,0.0,0.0,0.0,2.0,2.0,0.0,0.0,0.0,0.0,0.0,
GER-Bundesliga,1617,2017-02-25 Hertha Berlin-Eintracht Frankfurt,Hertha Berlin,Rune Jarstein,True,Goalkeeper,,start,end,1.0,0.0,1.0,0.0,0.0,0.0,0.0,0.0,2.0,0.0,0.0,0.0,0.0,0.0,
GER-Bundesliga,1617,2017-02-25 RB Leipzig-FC Cologne,FC Cologne,Thomas Kessler,False,Goalkeeper,,start,end,1.0,0.0,0.0,0.0,0.0,0.0,0.0,3.0,3.0,0.0,0.0,0.0,0.0,0.0,
GER-Bundesliga,1617,2017-02-25 RB Leipzig-FC Cologne,RB Leipzig,Péter Gulácsi,True,Goalkeeper,,start,end,1.0,0.0,0.0,0.0,0.0,0.0,0.0,1.0,0.0,0.0,0.0,0.0,0.0,0.0,
GER-Bundesliga,1617,2017-02-25 SC Freiburg-Borussia Dortmund,Borussia Dortmund,Roman Bürki,False,Goalkeeper,,start,end,1.0,0.0,0.0,0.0,0.0,0.0,0.0,0.0,3.0,0.0,0.0,0.0,0.0,0.0,
GER-Bundesliga,1617,2017-02-25 SC Freiburg-Borussia Dortmund,SC Freiburg,Alexander Schwolow,True,Goalkeeper,,start,end,1.0,0.0,0.0,0.0,0.0,0.0,0.0,3.0,7.0,0.0,0.0,0.0,0.0,0.0,
GER-Bundesliga,1617,2017-02-25 SV Darmstadt 98-FC Augsburg,FC Augsburg,Marwin Hitz,False,Goalkeeper,,start,end,1.0,0.0,0.0,0.0,0.0,0.0,0.0,1.0,1.0,0.0,0.0,0.0,0.0,0.0,
GER-Bundesliga,1617,2017-02-25 SV Darmstadt 98-FC Augsburg,SV Darmstadt 98,Michael Esser,True,Goalkeeper,,start,end,1.0,0.0,0.0,0.0,0.0,0.0,0.0,2.0,1.0,0.0,0.0,0.0,0.0,0.0,
GER-Bundesliga,1617,2017-02-26 FC Ingolstadt 04-Borussia Mönchengladbach,Borussia Mönchengladbach,Yann Sommer,False,Goalkeeper,,start,end,1.0,0.0,0.0,0.0,0.0,0.0,0.0,0.0,3.0,0.0,0.0,0.0,0.0,0.0,
GER-Bundesliga,1617,2017-02-26 FC Ingolstadt 04-Borussia Mönchengladbach,FC Ingolstadt 04,Martin Hansen,True,Goalkeeper,,start,end,1.0,0.0,0.0,0.0,0.0,0.0,0.0,2.0,2.0,0.0,0.0,0.0,0.0,0.0,
GER-Bundesliga,1617,2017-02-26 Schalke 04-TSG Hoffenheim,Schalke 04,Ralf Fährmann,True,Goalkeeper,,start,end,1.0,0.0,1.0,0.0,0.0,0.0,0.0,1.0,3.0,0.0,0.0,0.0,0.0,0.0,
GER-Bundesliga,1617,2017-02-26 Schalke 04-TSG Hoffenheim,TSG Hoffenheim,Oliver Baumann,False,Goalkeeper,,start,end,1.0,0.0,0.0,0.0,0.0,0.0,0.0,1.0,1.0,0.0,0.0,0.0,0.0,0.0,
GER-Bundesliga,1617,2017-03-03 FC Augsburg-RB Leipzig,FC Augsburg,Marwin Hitz,True,Goalkeeper,1,start,end,1.0,0.0,0.0,0.0,0.0,0.0,1.0,2.0,3.0,0.0,0.0,0.0,0.0,0.0,
GER-Bundesliga,1617,2017-03-03 FC Augsburg-RB Leipzig,RB Leipzig,Péter Gulácsi,False,Goalkeeper,1,start,end,1.0,0.0,0.0,0.0,0.0,0.0,0.0,2.0,0.0,0.0,0.0,0.0,0.0,0.0,
GER-Bundesliga,1617,2017-03-04 Borussia Dortmund-Bayer Leverkusen,Bayer Leverkusen,Bernd Leno,False,Goalkeeper,,start,end,1.0,0.0,0.0,0.0,0.0,0.0,0.0,6.0,6.0,0.0,0.0,0.0,0.0,0.0,
GER-Bundesliga,1617,2017-03-04 Borussia Dortmund-Bayer Leverkusen,Borussia Dortmund,Roman Bürki,True,Goalkeeper,,start,end,1.0,0.0,0.0,0.0,0.0,0.0,0.0,2.0,1.0,0.0,0.0,0.0,0.0,0.0,
GER-Bundesliga,1617,2017-03-04 Borussia Mönchengladbach-Schalke 04,Borussia Mönchengladbach,Yann Sommer,True,Goalkeeper,,start,end,1.0,0.0,0.0,0.0,0.0,0.0,0.0,2.0,0.0,0.0,0.0,0.0,0.0,0.0,
GER-Bundesliga,1617,2017-03-04 Borussia Mönchengladbach-Schalke 04,Schalke 04,Ralf Fährmann,False,Goalkeeper,,start,end,1.0,0.0,0.0,0.0,0.0,0.0,0.0,4.0,3.0,0.0,0.0,0.0,0.0,0.0,
GER-Bundesliga,1617,2017-03-04 FC Cologne-Bayern Munich,Bayern Munich,Manuel Neuer,False,Goalkeeper,,start,end,1.0,0.0,0.0,0.0,0.0,0.0,0.0,0.0,2.0,0.0,0.0,0.0,0.0,0.0,
GER-Bundesliga,1617,2017-03-04 FC Cologne-Bayern Munich,FC Cologne,Thomas Kessler,True,Goalkeeper,,start,end,1.0,0.0,0.0,0.0,0.0,0.0,0.0,3.0,4.0,0.0,0.0,0.0,0.0,0.0,
GER-Bundesliga,1617,2017-03-04 Mainz-VfL Wolfsburg,Mainz,Jonas Lössl,True,Goalkeeper,,start,end,1.0,0.0,0.0,0.0,0.0,0.0,0.0,1.0,4.0,0.0,0.0,0.0,0.0,0.0,
GER-Bundesliga,1617,2017-03-04 Mainz-VfL Wolfsburg,VfL Wolfsburg,Koen Casteels,False,Goalkeeper,,start,end,1.0,0.0,0.0,0.0,0.0,0.0,0.0,1.0,1.0,0.0,0.0,0.0,0.0,0.0,
GER-Bundesliga,1617,2017-03-04 TSG Hoffenheim-FC Ingolstadt 04,FC Ingolstadt 04,Martin Hansen,False,Goalkeeper,,start,end,1.0,0.0,1.0,0.0,0.0,0.0,0.0,5.0,7.0,0.0,0.0,0.0,0.0,0.0,
GER-Bundesliga,1617,2017-03-04 TSG Hoffenheim-FC Ingolstadt 04,TSG Hoffenheim,Oliver Baumann,True,Goalkeeper,,start,end,1.0,0.0,0.0,0.0,0.0,0.0,0.0,2.0,3.0,0.0,0.0,0.0,0.0,0.0,
GER-Bundesliga,1617,2017-03-04 Werder Bremen-SV Darmstadt 98,SV Darmstadt 98,Daniel Heuer Fernandes,False,Goalkeeper,,start,end,1.0,0.0,0.0,0.0,0.0,0.0,0.0,2.0,2.0,0.0,0.0,0.0,0.0,0.0,
GER-Bundesliga,1617,2017-03-04 Werder Bremen-SV Darmstadt 98,Werder Bremen,Felix Wiedwald,True,Goalkeeper,,start,end,1.0,0.0,0.0,0.0,0.0,0.0,0.0,0.0,3.0,0.0,0.0,0.0,0.0,0.0,
GER-Bundesliga,1617,2017-03-05 Eintracht Frankfurt-SC Freiburg,Eintracht Frankfurt,Lukas Hradecky,True,Goalkeeper,,start,end,1.0,0.0,0.0,0.0,0.0,0.0,0.0,2.0,1.0,0.0,0.0,0.0,0.0,0.0,
GER-Bundesliga,1617,2017-03-05 Eintracht Frankfurt-SC Freiburg,SC Freiburg,Alexander Schwolow,False,Goalkeeper,,start,end,1.0,0.0,1.0,0.0,0.0,0.0,0.0,1.0,2.0,0.0,0.0,0.0,0.0,0.0,
GER-Bundesliga,1617,2017-03-05 Hamburg SV-Hertha Berlin,Hamburg SV,René Adler,True,Goalkeeper,,start,end,1.0,0.0,0.0,0.0,0.0,0.0,0.0,0.0,1.0,0.0,0.0,0.0,0.0,0.0,
GER-Bundesliga,1617,2017-03-05 Hamburg SV-Hertha Berlin,Hertha Berlin,Rune Jarstein,False,Goalkeeper,,start,end,1.0,0.0,0.0,0.0,0.0,0.0,0.0,1.0,2.0,0.0,0.0,0.0,0.0,0.0,
GER-Bundesliga,1617,2017-03-10 Bayer Leverkusen-Werder Bremen,Bayer Leverkusen,Bernd Leno,True,Goalkeeper,,start,end,1.0,0.0,1.0,0.0,0.0,0.0,0.0,1.0,2.0,0.0,0.0,0.0,0.0,0.0,
GER-Bundesliga,1617,2017-03-10 Bayer Leverkusen-Werder Bremen,Werder Bremen,Felix Wiedwald,False,Goalkeeper,,start,end,1.0,0.0,0.0,0.0,0.0,0.0,0.0,1.0,6.0,0.0,0.0,0.0,0.0,0.0,
GER-Bundesliga,1617,2017-03-11 Bayern Munich-Eintracht Frankfurt,Bayern Munich,Manuel Neuer,True,Goalkeeper,,start,end,1.0,0.0,0.0,0.0,0.0,0.0,0.0,0.0,4.0,0.0,0.0,0.0,0.0,0.0,
GER-Bundesliga,1617,2017-03-11 Bayern Munich-Eintracht Frankfurt,Eintracht Frankfurt,Lukas Hradecky,False,Goalkeeper,,start,end,1.0,0.0,0.0,0.0,0.0,0.0,0.0,3.0,3.0,0.0,0.0,0.0,0.0,0.0,
GER-Bundesliga,1617,2017-03-11 FC Ingolstadt 04-FC Cologne,FC Cologne,Timo Horn,False,Goalkeeper,,start,end,1.0,0.0,0.0,0.0,0.0,0.0,0.0,2.0,7.0,0.0,0.0,0.0,0.0,0.0,
GER-Bundesliga,1617,2017-03-11 FC Ingolstadt 04-FC Cologne,FC Ingolstadt 04,Martin Hansen,True,Goalkeeper,,start,end,1.0,0.0,1.0,0.0,0.0,0.0,0.0,2.0,0.0,0.0,0.0,0.0,0.0,0.0,
GER-Bundesliga,1617,2017-03-11 Hertha Berlin-Borussia Dortmund,Borussia Dortmund,Roman Bürki,False,Goalkeeper,,start,end,1.0,0.0,0.0,0.0,0.0,0.0,0.0,2.0,2.0,0.0,0.0,0.0,0.0,0.0,
GER-Bundesliga,1617,2017-03-11 Hertha Berlin-Borussia Dortmund,Hertha Berlin,Rune Jarstein,True,Goalkeeper,,start,end,1.0,0.0,0.0,0.0,0.0,0.0,0.0,1.0,1.0,0.0,0.0,0.0,0.0,0.0,
GER-Bundesliga,1617,2017-03-11 RB Leipzig-VfL Wolfsburg,RB Leipzig,Péter Gulácsi,True,Goalkeeper,1,start,end,1.0,0.0,0.0,0.0,0.0,0.0,0.0,1.0,4.0,0.0,0.0,0.0,0.0,0.0,
GER-Bundesliga,1617,2017-03-11 RB Leipzig-VfL Wolfsburg,VfL Wolfsburg,Koen Casteels,False,Goalkeeper,1,start,end,1.0,0.0,0.0,0.0,0.0,0.0,0.0,0.0,6.0,0.0,0.0,0.0,0.0,0.0,
GER-Bundesliga,1617,2017-03-11 SC Freiburg-TSG Hoffenheim,SC Freiburg,Alexander Schwolow,True,Goalkeeper,,start,end,1.0,0.0,0.0,0.0,0.0,0.0,0.0,1.0,6.0,0.0,0.0,0.0,0.0,0.0,
GER-Bundesliga,1617,2017-03-11 SC Freiburg-TSG Hoffenheim,TSG Hoffenheim,Oliver Baumann,False,Goalkeeper,,start,end,1.0,0.0,0.0,0.0,0.0,0.0,0.0,1.0,3.0,0.0,0.0,0.0,0.0,0.0,
GER-Bundesliga,1617,2017-03-11 SV Darmstadt 98-Mainz,Mainz,Jonas Lössl,False,Goalkeeper,,start,end,1.0,0.0,0.0,0.0,0.0,0.0,0.0,2.0,3.0,0.0,0.0,0.0,0.0,0.0,
GER-Bundesliga,1617,2017-03-11 SV Darmstadt 98-Mainz,SV Darmstadt 98,Daniel Heuer Fernandes,True,Goalkeeper,,start,end,1.0,0.0,0.0,0.0,0.0,0.0,0.0,1.0,4.0,0.0,0.0,0.0,0.0,0.0,
GER-Bundesliga,1617,2017-03-12 Hamburg SV-Borussia Mönchengladbach,Borussia Mönchengladbach,Yann Sommer,False,Goalkeeper,,start,end,1.0,0.0,0.0,0.0,0.0,0.0,0.0,2.0,4.0,0.0,0.0,0.0,0.0,0.0,
GER-Bundesliga,1617,2017-03-12 Hamburg SV-Borussia Mönchengladbach,Hamburg SV,René Adler,True,Goalkeeper,,start,end,1.0,0.0,1.0,0.0,0.0,0.0,0.0,1.0,2.0,0.0,0.0,0.0,0.0,0.0,
GER-Bundesliga,1617,2017-03-12 Schalke 04-FC Augsburg,FC Augsburg,Marwin Hitz,False,Goalkeeper,,start,end,1.0,0.0,0.0,0.0,0.0,0.0,0.0,3.0,4.0,0.0,0.0,0.0,0.0,0.0,
GER-Bundesliga,1617,2017-03-12 Schalke 04-FC Augsburg,Schalke 04,Ralf Fährmann,True,Goalkeeper,,start,end,1.0,0.0,1.0,0.0,0.0,0.0,0.0,0.0,3.0,0.0,0.0,0.0,0.0,0.0,
GER-Bundesliga,1617,2017-03-17 Borussia Dortmund-FC Ingolstadt 04,Borussia Dortmund,Roman Bürki,True,Goalkeeper,,start,end,1.0,0.0,1.0,0.0,0.0,0.0,0.0,0.0,2.0,0.0,0.0,0.0,0.0,0.0,
GER-Bundesliga,1617,2017-03-17 Borussia Dortmund-FC Ingolstadt 04,FC Ingolstadt 04,Martin Hansen,False,Goalkeeper,,start,end,1.0,0.0,0.0,0.0,0.0,0.0,0.0,1.0,1.0,0.0,0.0,0.0,0.0,0.0,
GER-Bundesliga,1617,2017-03-18 Eintracht Frankfurt-Hamburg SV,Eintracht Frankfurt,Lukas Hradecky,True,Goalkeeper,,start,end,1.0,0.0,0.0,0.0,0.0,0.0,0.0,0.0,0.0,0.0,0.0,0.0,0.0,0.0,
GER-Bundesliga,1617,2017-03-18 Eintracht Frankfurt-Hamburg SV,Hamburg SV,René Adler,False,Goalkeeper,,start,end,1.0,0.0,0.0,0.0,0.0,0.0,0.0,0.0,1.0,0.0,0.0,0.0,0.0,0.0,
GER-Bundesliga,1617,2017-03-18 FC Augsburg-SC Freiburg,FC Augsburg,Marwin Hitz,True,Goalkeeper,,start,end,1.0,1.0,0.0,0.0,0.0,0.0,1.0,1.0,2.0,0.0,0.0,0.0,0.0,0.0,
GER-Bundesliga,1617,2017-03-18 FC Augsburg-SC Freiburg,SC Freiburg,Alexander Schwolow,False,Goalkeeper,,start,end,1.0,0.0,0.0,0.0,0.0,0.0,0.0,1.0,2.0,0.0,0.0,0.0,0.0,0.0,
GER-Bundesliga,1617,2017-03-18 FC Cologne-Hertha Berlin,FC Cologne,Timo Horn,True,Goalkeeper,,start,end,1.0,1.0,0.0,0.0,0.0,0.0,0.0,2.0,4.0,0.0,0.0,0.0,0.0,0.0,
GER-Bundesliga,1617,2017-03-18 FC Cologne-Hertha Berlin,Hertha Berlin,Rune Jarstein,False,Goalkeeper,,start,end,1.0,0.0,0.0,0.0,0.0,0.0,0.0,4.0,2.0,0.0,0.0,0.0,0.0,0.0,
GER-Bundesliga,1617,2017-03-18 TSG Hoffenheim-Bayer Leverkusen,Bayer Leverkusen,Bernd Leno,False,Goalkeeper,,start,end,1.0,0.0,0.0,0.0,0.0,0.0,0.0,1.0,3.0,0.0,0.0,0.0,0.0,0.0,
GER-Bundesliga,1617,2017-03-18 TSG Hoffenheim-Bayer Leverkusen,TSG Hoffenheim,Oliver Baumann,True,Goalkeeper,,start,end,1.0,0.0,0.0,0.0,0.0,0.0,0.0,0.0,7.0,0.0,0.0,0.0,0.0,0.0,
GER-Bundesliga,1617,2017-03-18 VfL Wolfsburg-SV Darmstadt 98,SV Darmstadt 98,Daniel Heuer Fernandes,False,Goalkeeper,,start,end,1.0,0.0,0.0,0.0,0.0,0.0,0.0,1.0,3.0,0.0,0.0,0.0,0.0,0.0,
GER-Bundesliga,1617,2017-03-18 VfL Wolfsburg-SV Darmstadt 98,VfL Wolfsburg,Koen Casteels,True,Goalkeeper,,start,end,1.0,0.0,1.0,0.0,0.0,0.0,0.0,0.0,1.0,0.0,0.0,0.0,0.0,0.0,
GER-Bundesliga,1617,2017-03-18 Werder Bremen-RB Leipzig,RB Leipzig,Péter Gulácsi,False,Goalkeeper,,start,end,1.0,0.0,0.0,0.0,0.0,0.0,0.0,3.0,1.0,0.0,0.0,0.0,0.0,0.0,
GER-Bundesliga,1617,2017-03-18 Werder Bremen-RB Leipzig,Werder Bremen,Felix Wiedwald,True,Goalkeeper,,start,end,1.0,0.0,0.0,0.0,0.0,0.0,0.0,0.0,2.0,0.0,0.0,0.0,0.0,0.0,
GER-Bundesliga,1617,2017-03-19 Borussia Mönchengladbach-Bayern Munich,Bayern Munich,Manuel Neuer,False,Goalkeeper,,start,end,1.0,0.0,0.0,0.0,0.0,0.0,0.0,0.0,1.0,0.0,0.0,0.0,0.0,0.0,
GER-Bundesliga,1617,2017-03-19 Borussia Mönchengladbach-Bayern Munich,Borussia Mönchengladbach,Yann Sommer,True,Goalkeeper,,start,end,1.0,0.0,0.0,0.0,0.0,0.0,0.0,1.0,5.0,0.0,0.0,0.0,0.0,0.0,
GER-Bundesliga,1617,2017-03-19 Mainz-Schalke 04,Mainz,Jonas Lössl,True,Goalkeeper,,start,end,1.0,0.0,0.0,0.0,0.0,0.0,0.0,1.0,4.0,0.0,0.0,0.0,0.0,1.0,
GER-Bundesliga,1617,2017-03-19 Mainz-Schalke 04,Schalke 04,Ralf Fährmann,False,Goalkeeper,,start,end,1.0,0.0,0.0,0.0,0.0,0.0,0.0,0.0,5.0,0.0,0.0,0.0,0.0,0.0,
GER-Bundesliga,1617,2017-03-31 Hertha Berlin-TSG Hoffenheim,Hertha Berlin,Rune Jarstein,True,Goalkeeper,,start,end,1.0,0.0,0.0,0.0,0.0,0.0,0.0,3.0,4.0,0.0,0.0,0.0,0.0,0.0,
GER-Bundesliga,1617,2017-03-31 Hertha Berlin-TSG Hoffenheim,TSG Hoffenheim,Oliver Baumann,False,Goalkeeper,,start,end,1.0,0.0,0.0,0.0,0.0,0.0,0.0,1.0,2.0,0.0,0.0,0.0,0.0,0.0,
GER-Bundesliga,1617,2017-04-01 Bayern Munich-FC Augsburg,Bayern Munich,Sven Ulreich,True,Goalkeeper,,start,end,1.0,0.0,0.0,0.0,0.0,0.0,0.0,0.0,2.0,0.0,0.0,0.0,0.0,0.0,
GER-Bundesliga,1617,2017-04-01 Bayern Munich-FC Augsburg,FC Augsburg,Marwin Hitz,False,Goalkeeper,,start,end,1.0,0.0,0.0,0.0,0.0,0.0,0.0,6.0,2.0,0.0,0.0,0.0,0.0,0.0,
GER-Bundesliga,1617,2017-04-01 Eintracht Frankfurt-Borussia Mönchengladbach,Borussia Mönchengladbach,Yann Sommer,False,Goalkeeper,,start,end,1.0,0.0,0.0,0.0,0.0,0.0,0.0,0.0,4.0,0.0,0.0,0.0,0.0,0.0,
GER-Bundesliga,1617,2017-04-01 Eintracht Frankfurt-Borussia Mönchengladbach,Eintracht Frankfurt,Lukas Hradecky,True,Goalkeeper,,start,end,1.0,0.0,0.0,0.0,0.0,0.0,0.0,0.0,1.0,0.0,0.0,0.0,0.0,0.0,
GER-Bundesliga,1617,2017-04-01 Hamburg SV-FC Cologne,FC Cologne,Timo Horn,False,Goalkeeper,,start,end,1.0,0.0,0.0,0.0,0.0,0.0,0.0,2.0,2.0,0.0,0.0,0.0,0.0,0.0,
GER-Bundesliga,1617,2017-04-01 Hamburg SV-FC Cologne,Hamburg SV,René Adler,True,Goalkeeper,,start,end,1.0,0.0,0.0,0.0,0.0,0.0,0.0,1.0,0.0,0.0,0.0,0.0,0.0,0.0,
GER-Bundesliga,1617,2017-04-01 RB Leipzig-SV Darmstadt 98,RB Leipzig,Fabio Coltorti,True,Goalkeeper,,start,end,1.0,0.0,0.0,0.0,0.0,0.0,0.0,0.0,1.0,0.0,0.0,0.0,0.0,0.0,
GER-Bundesliga,1617,2017-04-01 RB Leipzig-SV Darmstadt 98,SV Darmstadt 98,Daniel Heuer Fernandes,False,Goalkeeper,,start,end,1.0,0.0,0.0,0.0,0.0,0.0,0.0,4.0,6.0,0.0,0.0,0.0,0.0,0.0,
GER-Bundesliga,1617,2017-04-01 SC Freiburg-Werder Bremen,SC Freiburg,Alexander Schwolow,True,Goalkeeper,1,start,end,1.0,0.0,0.0,0.0,0.0,0.0,0.0,5.0,2.0,0.0,0.0,0.0,0.0,0.0,
GER-Bundesliga,1617,2017-04-01 SC Freiburg-Werder Bremen,Werder Bremen,Felix Wiedwald,False,Goalkeeper,1,start,end,1.0,0.0,0.0,0.0,0.0,0.0,0.0,2.0,2.0,0.0,0.0,0.0,0.0,0.0,
GER-Bundesliga,1617,2017-04-01 Schalke 04-Borussia Dortmund,Borussia Dortmund,Roman Bürki,False,Goalkeeper,,start,end,1.0,0.0,1.0,0.0,0.0,0.0,0.0,1.0,2.0,0.0,0.0,0.0,0.0,0.0,
GER-Bundesliga,1617,2017-04-01 Schalke 04-Borussia Dortmund,Schalke 04,Ralf Fährmann,True,Goalkeeper,,start,end,1.0,0.0,1.0,0.0,0.0,0.0,0.0,1.0,1.0,0.0,0.0,0.0,0.0,0.0,
GER-Bundesliga,1617,2017-04-02 Bayer Leverkusen-VfL Wolfsburg,Bayer Leverkusen,Bernd Leno,True,Goalkeeper,,start,end,1.0,0.0,0.0,0.0,0.0,0.0,0.0,3.0,6.0,0.0,0.0,0.0,0.0,0.0,
GER-Bundesliga,1617,2017-04-02 Bayer Leverkusen-VfL Wolfsburg,VfL Wolfsburg,Koen Casteels,False,Goalkeeper,,start,end,1.0,0.0,0.0,0.0,0.0,0.0,0.0,3.0,1.0,0.0,0.0,0.0,0.0,0.0,
GER-Bundesliga,1617,2017-04-02 FC Ingolstadt 04-Mainz,FC Ingolstadt 04,Martin Hansen,True,Goalkeeper,,start,end,1.0,0.0,1.0,0.0,0.0,0.0,1.0,1.0,1.0,0.0,0.0,0.0,0.0,0.0,
GER-Bundesliga,1617,2017-04-02 FC Ingolstadt 04-Mainz,Mainz,Jonas Lössl,False,Goalkeeper,,start,end,1.0,0.0,0.0,0.0,0.0,0.0,0.0,2.0,3.0,0.0,0.0,0.0,0.0,0.0,
GER-Bundesliga,1617,2017-04-04 Borussia Dortmund-Hamburg SV,Borussia Dortmund,Roman Bürki,True,Goalkeeper,,start,end,1.0,0.0,0.0,0.0,0.0,0.0,0.0,0.0,6.0,0.0,0.0,0.0,0.0,0.0,
GER-Bundesliga,1617,2017-04-04 Borussia Dortmund-Hamburg SV,Hamburg SV,René Adler,False,Goalkeeper,,start,end,1.0,0.0,0.0,0.0,0.0,0.0,0.0,3.0,7.0,0.0,0.0,0.0,0.0,0.0,
GER-Bundesliga,1617,2017-04-04 FC Cologne-Eintracht Frankfurt,Eintracht Frankfurt,Lukas Hradecky,False,Goalkeeper,,start,end,1.0,0.0,0.0,0.0,0.0,0.0,0.0,1.0,0.0,0.0,0.0,0.0,0.0,0.0,
GER-Bundesliga,1617,2017-04-04 FC Cologne-Eintracht Frankfurt,FC Cologne,Timo Horn,True,Goalkeeper,,start,end,1.0,0.0,0.0,0.0,0.0,0.0,0.0,0.0,2.0,0.0,0.0,0.0,0.0,0.0,
GER-Bundesliga,1617,2017-04-04 TSG Hoffenheim-Bayern Munich,Bayern Munich,Sven Ulreich,False,Goalkeeper,,start,end,1.0,0.0,0.0,0.0,0.0,0.0,0.0,1.0,3.0,0.0,0.0,0.0,0.0,0.0,
GER-Bundesliga,1617,2017-04-04 TSG Hoffenheim-Bayern Munich,TSG Hoffenheim,Oliver Baumann,True,Goalkeeper,,start,end,1.0,0.0,1.0,0.0,0.0,0.0,0.0,0.0,5.0,0.0,0.0,0.0,0.0,0.0,
GER-Bundesliga,1617,2017-04-04 Werder Bremen-Schalke 04,Schalke 04,Ralf Fährmann,False,Goalkeeper,,start,end,1.0,0.0,0.0,0.0,0.0,0.0,1.0,3.0,3.0,0.0,0.0,0.0,0.0,0.0,
GER-Bundesliga,1617,2017-04-04 Werder Bremen-Schalke 04,Werder Bremen,Felix Wiedwald,True,Goalkeeper,,start,end,1.0,0.0,0.0,0.0,0.0,0.0,0.0,0.0,3.0,0.0,0.0,0.0,0.0,0.0,
GER-Bundesliga,1617,2017-04-05 Borussia Mönchengladbach-Hertha Berlin,Borussia Mönchengladbach,Yann Sommer,True,Goalkeeper,,start,end,1.0,0.0,0.0,0.0,0.0,0.0,0.0,0.0,2.0,0.0,0.0,0.0,0.0,0.0,
GER-Bundesliga,1617,2017-04-05 Borussia Mönchengladbach-Hertha Berlin,Hertha Berlin,Rune Jarstein,False,Goalkeeper,,start,end,1.0,0.0,0.0,0.0,0.0,0.0,0.0,1.0,6.0,0.0,0.0,0.0,0.0,0.0,
GER-Bundesliga,1617,2017-04-05 FC Augsburg-FC Ingolstadt 04,FC Augsburg,Marwin Hitz,True,Goalkeeper,,start,end,1.0,0.0,0.0,0.0,0.0,0.0,0.0,3.0,3.0,0.0,0.0,0.0,0.0,0.0,
GER-Bundesliga,1617,2017-04-05 FC Augsburg-FC Ingolstadt 04,FC Ingolstadt 04,Martin Hansen,False,Goalkeeper,,start,end,1.0,0.0,0.0,0.0,0.0,0.0,0.0,2.0,3.0,0.0,0.0,0.0,0.0,0.0,
GER-Bundesliga,1617,2017-04-05 Mainz-RB Leipzig,Mainz,Jonas Lössl,True,Goalkeeper,,start,end,1.0,0.0,0.0,0.0,0.0,0.0,0.0,3.0,4.0,0.0,0.0,0.0,0.0,0.0,
GER-Bundesliga,1617,2017-04-05 Mainz-RB Leipzig,RB Leipzig,Péter Gulácsi,False,Goalkeeper,,start,end,1.0,0.0,0.0,0.0,0.0,0.0,0.0,2.0,1.0,0.0,0.0,0.0,0.0,0.0,
GER-Bundesliga,1617,2017-04-05 SV Darmstadt 98-Bayer Leverkusen,Bayer Leverkusen,Bernd Leno,False,Goalkeeper,,start,end,1.0,0.0,0.0,0.0,0.0,0.0,0.0,0.0,2.0,0.0,0.0,0.0,0.0,0.0,
GER-Bundesliga,1617,2017-04-05 SV Darmstadt 98-Bayer Leverkusen,SV Darmstadt 98,Michael Esser,True,Goalkeeper,,start,end,1.0,0.0,0.0,0.0,0.0,0.0,0.0,2.0,5.0,0.0,0.0,0.0,0.0,0.0,
GER-Bundesliga,1617,2017-04-05 VfL Wolfsburg-SC Freiburg,SC Freiburg,Alexander Schwolow,False,Goalkeeper,,start,end,1.0,0.0,0.0,0.0,0.0,0.0,0.0,0.0,4.0,0.0,0.0,0.0,0.0,0.0,
GER-Bundesliga,1617,2017-04-05 VfL Wolfsburg-SC Freiburg,VfL Wolfsburg,Koen Casteels,True,Goalkeeper,,start,end,1.0,0.0,1.0,0.0,0.0,0.0,0.0,1.0,4.0,0.0,0.0,0.0,0.0,0.0,
GER-Bundesliga,1617,2017-04-07 Eintracht Frankfurt-Werder Bremen,Eintracht Frankfurt,Lukas Hradecky,True,Goalkeeper,,start,end,1.0,0.0,0.0,0.0,0.0,0.0,0.0,2.0,2.0,0.0,0.0,0.0,0.0,0.0,
GER-Bundesliga,1617,2017-04-07 Eintracht Frankfurt-Werder Bremen,Werder Bremen,Felix Wiedwald,False,Goalkeeper,,start,end,1.0,0.0,0.0,0.0,0.0,0.0,0.0,2.0,5.0,0.0,0.0,0.0,0.0,0.0,
GER-Bundesliga,1617,2017-04-08 Bayern Munich-Borussia Dortmund,Bayern Munich,Sven Ulreich,True,Goalkeeper,,start,end,1.0,0.0,0.0,0.0,0.0,0.0,0.0,1.0,1.0,0.0,0.0,0.0,0.0,0.0,
GER-Bundesliga,1617,2017-04-08 Bayern Munich-Borussia Dortmund,Borussia Dortmund,Roman Bürki,False,Goalkeeper,,start,end,1.0,1.0,0.0,0.0,0.0,0.0,1.0,4.0,2.0,0.0,0.0,0.0,0.0,0.0,
GER-Bundesliga,1617,2017-04-08 FC Cologne-Borussia Mönchengladbach,Borussia Mönchengladbach,Yann Sommer,False,Goalkeeper,,start,end,1.0,0.0,0.0,0.0,0.0,0.0,0.0,2.0,0.0,0.0,0.0,0.0,0.0,0.0,
GER-Bundesliga,1617,2017-04-08 FC Cologne-Borussia Mönchengladbach,FC Cologne,Timo Horn,True,Goalkeeper,,start,end,1.0,0.0,0.0,0.0,0.0,0.0,0.0,3.0,4.0,0.0,0.0,0.0,0.0,0.0,
GER-Bundesliga,1617,2017-04-08 Hamburg SV-TSG Hoffenheim,Hamburg SV,Christian Mathenia,True,Goalkeeper,,start,end,1.0,0.0,1.0,0.0,0.0,0.0,0.0,1.0,3.0,0.0,0.0,0.0,0.0,0.0,
GER-Bundesliga,1617,2017-04-08 Hamburg SV-TSG Hoffenheim,TSG Hoffenheim,Oliver Baumann,False,Goalkeeper,,start,end,1.0,0.0,1.0,0.0,0.0,0.0,0.0,2.0,3.0,0.0,0.0,0.0,0.0,0.0,
GER-Bundesliga,1617,2017-04-08 RB Leipzig-Bayer Leverkusen,Bayer Leverkusen,Bernd Leno,False,Goalkeeper,,start,end,1.0,0.0,0.0,0.0,0.0,0.0,0.0,1.0,4.0,0.0,0.0,0.0,0.0,0.0,
GER-Bundesliga,1617,2017-04-08 RB Leipzig-Bayer Leverkusen,RB Leipzig,Péter Gulácsi,True,Goalkeeper,,start,end,1.0,0.0,0.0,0.0,0.0,0.0,0.0,0.0,3.0,0.0,0.0,0.0,0.0,0.0,
GER-Bundesliga,1617,2017-04-08 SC Freiburg-Mainz,Mainz,Jannik Huth,False,Goalkeeper,,start,end,1.0,0.0,0.0,0.0,0.0,0.0,0.0,1.0,2.0,0.0,0.0,0.0,0.0,0.0,
GER-Bundesliga,1617,2017-04-08 SC Freiburg-Mainz,SC Freiburg,Alexander Schwolow,True,Goalkeeper,,start,end,1.0,0.0,0.0,0.0,0.0,0.0,0.0,0.0,3.0,0.0,0.0,0.0,0.0,0.0,
GER-Bundesliga,1617,2017-04-08 Schalke 04-VfL Wolfsburg,Schalke 04,Ralf Fährmann,True,Goalkeeper,,start,end,1.0,0.0,0.0,0.0,0.0,0.0,0.0,1.0,0.0,0.0,0.0,0.0,0.0,0.0,
GER-Bundesliga,1617,2017-04-08 Schalke 04-VfL Wolfsburg,VfL Wolfsburg,Koen Casteels,False,Goalkeeper,,start,end,1.0,0.0,0.0,0.0,0.0,0.0,0.0,4.0,3.0,0.0,0.0,0.0,0.0,0.0,
GER-Bundesliga,1617,2017-04-09 FC Ingolstadt 04-SV Darmstadt 98,FC Ingolstadt 04,Martin Hansen,True,Goalkeeper,,start,end,1.0,0.0,0.0,0.0,0.0,0.0,0.0,2.0,3.0,0.0,0.0,0.0,0.0,0.0,
GER-Bundesliga,1617,2017-04-09 FC Ingolstadt 04-SV Darmstadt 98,SV Darmstadt 98,Michael Esser,False,Goalkeeper,,start,end,1.0,0.0,0.0,0.0,0.0,0.0,0.0,3.0,6.0,0.0,0.0,0.0,0.0,0.0,
GER-Bundesliga,1617,2017-04-09 Hertha Berlin-FC Augsburg,FC Augsburg,Marwin Hitz,False,Goalkeeper,,start,end,1.0,0.0,0.0,0.0,0.0,0.0,0.0,2.0,6.0,0.0,0.0,0.0,0.0,0.0,
GER-Bundesliga,1617,2017-04-09 Hertha Berlin-FC Augsburg,Hertha Berlin,Rune Jarstein,True,Goalkeeper,,start,end,1.0,0.0,0.0,0.0,0.0,0.0,0.0,0.0,0.0,0.0,0.0,0.0,0.0,0.0,
GER-Bundesliga,1617,2017-04-15 Bayer Leverkusen-Bayern Munich,Bayer Leverkusen,Bernd Leno,True,Goalkeeper,,start,end,1.0,0.0,0.0,0.0,0.0,0.0,0.0,0.0,4.0,0.0,0.0,0.0,0.0,0.0,
GER-Bundesliga,1617,2017-04-15 Bayer Leverkusen-Bayern Munich,Bayern Munich,Manuel Neuer,False,Goalkeeper,,start,end,1.0,0.0,0.0,0.0,0.0,0.0,0.0,0.0,2.0,0.0,0.0,0.0,0.0,0.0,
GER-Bundesliga,1617,2017-04-15 Borussia Dortmund-Eintracht Frankfurt,Borussia Dortmund,Roman Bürki,True,Goalkeeper,,start,end,1.0,0.0,0.0,0.0,0.0,0.0,0.0,1.0,1.0,0.0,0.0,0.0,0.0,0.0,
GER-Bundesliga,1617,2017-04-15 Borussia Dortmund-Eintracht Frankfurt,Eintracht Frankfurt,Lukas Hradecky,False,Goalkeeper,,start,end,1.0,0.0,0.0,0.0,0.0,0.0,0.0,3.0,4.0,0.0,0.0,0.0,0.0,0.0,
GER-Bundesliga,1617,2017-04-15 FC Augsburg-FC Cologne,FC Augsburg,Marwin Hitz,True,Goalkeeper,,start,end,1.0,0.0,0.0,0.0,0.0,0.0,0.0,1.0,0.0,0.0,0.0,0.0,0.0,0.0,
GER-Bundesliga,1617,2017-04-15 FC Augsburg-FC Cologne,FC Cologne,Timo Horn,False,Goalkeeper,,start,end,1.0,0.0,0.0,0.0,0.0,0.0,0.0,2.0,4.0,0.0,0.0,0.0,0.0,0.0,
GER-Bundesliga,1617,2017-04-15 Mainz-Hertha Berlin,Hertha Berlin,Rune Jarstein,False,Goalkeeper,,start,end,1.0,0.0,0.0,0.0,0.0,0.0,0.0,1.0,3.0,0.0,0.0,0.0,0.0,0.0,
GER-Bundesliga,1617,2017-04-15 Mainz-Hertha Berlin,Mainz,Jannik Huth,True,Goalkeeper,,start,end,1.0,0.0,0.0,0.0,0.0,0.0,0.0,0.0,2.0,0.0,0.0,0.0,0.0,0.0,
GER-Bundesliga,1617,2017-04-15 RB Leipzig-SC Freiburg,RB Leipzig,Péter Gulácsi,True,Goalkeeper,,start,end,1.0,0.0,0.0,0.0,0.0,0.0,0.0,0.0,2.0,0.0,0.0,0.0,0.0,0.0,
GER-Bundesliga,1617,2017-04-15 RB Leipzig-SC Freiburg,SC Freiburg,Alexander Schwolow,False,Goalkeeper,,start,end,1.0,0.0,0.0,0.0,0.0,0.0,0.0,4.0,2.0,0.0,0.0,0.0,0.0,0.0,
GER-Bundesliga,1617,2017-04-15 TSG Hoffenheim-Borussia Mönchengladbach,Borussia Mönchengladbach,Yann Sommer,False,Goalkeeper,,start,end,1.0,0.0,0.0,0.0,0.0,0.0,0.0,5.0,4.0,0.0,0.0,0.0,0.0,0.0,
GER-Bundesliga,1617,2017-04-15 TSG Hoffenheim-Borussia Mönchengladbach,TSG Hoffenheim,Oliver Baumann,True,Goalkeeper,,start,end,1.0,0.0,0.0,0.0,0.0,0.0,0.0,3.0,1.0,0.0,0.0,0.0,0.0,0.0,
GER-Bundesliga,1617,2017-04-15 VfL Wolfsburg-FC Ingolstadt 04,FC Ingolstadt 04,Ørjan Nyland,False,Goalkeeper,,start,end,1.0,0.0,0.0,0.0,0.0,0.0,0.0,3.0,4.0,0.0,0.0,0.0,0.0,0.0,
GER-Bundesliga,1617,2017-04-15 VfL Wolfsburg-FC Ingolstadt 04,VfL Wolfsburg,Koen Casteels,True,Goalkeeper,,start,end,1.0,0.0,1.0,0.0,0.0,0.0,0.0,0.0,3.0,0.0,0.0,0.0,0.0,0.0,
GER-Bundesliga,1617,2017-04-16 SV Darmstadt 98-Schalke 04,SV Darmstadt 98,Michael Esser,True,Goalkeeper,,start,end,1.0,0.0,0.0,0.0,0.0,0.0,1.0,1.0,7.0,0.0,0.0,0.0,0.0,0.0,
GER-Bundesliga,1617,2017-04-16 SV Darmstadt 98-Schalke 04,Schalke 04,Ralf Fährmann,False,Goalkeeper,,start,end,1.0,0.0,2.0,0.0,0.0,0.0,0.0,2.0,3.0,0.0,0.0,0.0,0.0,0.0,
GER-Bundesliga,1617,2017-04-16 Werder Bremen-Hamburg SV,Hamburg SV,Christian Mathenia,False,Goalkeeper,,start,end,1.0,0.0,0.0,0.0,0.0,0.0,0.0,2.0,3.0,0.0,0.0,0.0,0.0,0.0,
GER-Bundesliga,1617,2017-04-16 Werder Bremen-Hamburg SV,Werder Bremen,Felix Wiedwald,True,Goalkeeper,,start,end,1.0,0.0,0.0,0.0,0.0,0.0,0.0,1.0,3.0,0.0,0.0,0.0,0.0,0.0,
GER-Bundesliga,1617,2017-04-21 FC Cologne-TSG Hoffenheim,FC Cologne,Timo Horn,True,Goalkeeper,,start,end,1.0,0.0,0.0,0.0,0.0,0.0,0.0,1.0,5.0,0.0,0.0,0.0,0.0,0.0,
GER-Bundesliga,1617,2017-04-21 FC Cologne-TSG Hoffenheim,TSG Hoffenheim,Oliver Baumann,False,Goalkeeper,,start,end,1.0,0.0,0.0,0.0,0.0,0.0,0.0,1.0,5.0,0.0,0.0,0.0,0.0,0.0,
GER-Bundesliga,1617,2017-04-22 Bayern Munich-Mainz,Bayern Munich,Sven Ulreich,True,Goalkeeper,,start,end,1.0,0.0,0.0,0.0,0.0,0.0,0.0,2.0,2.0,0.0,0.0,0.0,0.0,0.0,
GER-Bundesliga,1617,2017-04-22 Bayern Munich-Mainz,Mainz,Jannik Huth,False,Goalkeeper,,start,end,1.0,0.0,0.0,0.0,0.0,0.0,0.0,2.0,5.0,0.0,0.0,0.0,0.0,0.0,
GER-Bundesliga,1617,2017-04-22 Borussia Mönchengladbach-Borussia Dortmund,Borussia Dortmund,Roman Bürki,False,Goalkeeper,,start,end,1.0,0.0,0.0,0.0,0.0,0.0,1.0,2.0,2.0,0.0,0.0,0.0,0.0,0.0,
GER-Bundesliga,1617,2017-04-22 Borussia Mönchengladbach-Borussia Dortmund,Borussia Mönchengladbach,Yann Sommer,True,Goalkeeper,,start,end,1.0,0.0,0.0,0.0,0.0,0.0,0.0,3.0,3.0,0.0,0.0,0.0,0.0,0.0,
GER-Bundesliga,1617,2017-04-22 Eintracht Frankfurt-FC Augsburg,Eintracht Frankfurt,Lukas Hradecky,True,Goalkeeper,,start,end,1.0,0.0,0.0,0.0,0.0,0.0,0.0,1.0,3.0,0.0,0.0,0.0,0.0,0.0,
GER-Bundesliga,1617,2017-04-22 Eintracht Frankfurt-FC Augsburg,FC Augsburg,Marwin Hitz,False,Goalkeeper,,start,end,1.0,0.0,1.0,0.0,0.0,0.0,1.0,3.0,4.0,0.0,0.0,0.0,0.0,0.0,
GER-Bundesliga,1617,2017-04-22 FC Ingolstadt 04-Werder Bremen,FC Ingolstadt 04,Martin Hansen,True,Goalkeeper,1,start,end,1.0,0.0,0.0,0.0,0.0,0.0,0.0,4.0,1.0,0.0,0.0,0.0,0.0,0.0,
GER-Bundesliga,1617,2017-04-22 FC Ingolstadt 04-Werder Bremen,Werder Bremen,Felix Wiedwald,False,Goalkeeper,1,start,end,1.0,0.0,0.0,0.0,0.0,0.0,0.0,2.0,3.0,0.0,0.0,0.0,0.0,0.0,
GER-Bundesliga,1617,2017-04-22 Hamburg SV-SV Darmstadt 98,Hamburg SV,Christian Mathenia,True,Goalkeeper,,start,end,1.0,0.0,0.0,0.0,0.0,0.0,0.0,2.0,2.0,0.0,0.0,0.0,0.0,0.0,
GER-Bundesliga,1617,2017-04-22 Hamburg SV-SV Darmstadt 98,SV Darmstadt 98,Michael Esser,False,Goalkeeper,,start,end,1.0,0.0,2.0,0.0,0.0,0.0,0.0,1.0,6.0,0.0,0.0,0.0,0.0,0.0,
GER-Bundesliga,1617,2017-04-22 Hertha Berlin-VfL Wolfsburg,Hertha Berlin,Rune Jarstein,True,Goalkeeper,,start,end,1.0,0.0,0.0,0.0,0.0,0.0,0.0,0.0,2.0,0.0,0.0,0.0,0.0,0.0,
GER-Bundesliga,1617,2017-04-22 Hertha Berlin-VfL Wolfsburg,VfL Wolfsburg,Koen Casteels,False,Goalkeeper,,start,end,1.0,0.0,0.0,0.0,0.0,0.0,0.0,1.0,4.0,0.0,0.0,0.0,0.0,0.0,
GER-Bundesliga,1617,2017-04-23 SC Freiburg-Bayer Leverkusen,Bayer Leverkusen,Bernd Leno,False,Goalkeeper,,start,end,1.0,0.0,0.0,0.0,0.0,0.0,0.0,2.0,2.0,0.0,0.0,0.0,0.0,0.0,
GER-Bundesliga,1617,2017-04-23 SC Freiburg-Bayer Leverkusen,SC Freiburg,Alexander Schwolow,True,Goalkeeper,,start,end,1.0,0.0,0.0,0.0,0.0,0.0,0.0,1.0,3.0,0.0,0.0,0.0,0.0,0.0,
GER-Bundesliga,1617,2017-04-23 Schalke 04-RB Leipzig,RB Leipzig,Péter Gulácsi,False,Goalkeeper,,start,end,1.0,0.0,0.0,0.0,0.0,0.0,0.0,1.0,0.0,0.0,0.0,0.0,0.0,0.0,
GER-Bundesliga,1617,2017-04-23 Schalke 04-RB Leipzig,Schalke 04,Ralf Fährmann,True,Goalkeeper,,start,end,1.0,0.0,0.0,0.0,0.0,0.0,0.0,1.0,0.0,0.0,0.0,0.0,0.0,0.0,
GER-Bundesliga,1617,2017-04-28 Bayer Leverkusen-Schalke 04,Bayer Leverkusen,Bernd Leno,True,Goalkeeper,,start,end,1.0,0.0,0.0,0.0,0.0,0.0,0.0,4.0,5.0,0.0,0.0,0.0,0.0,0.0,
GER-Bundesliga,1617,2017-04-28 Bayer Leverkusen-Schalke 04,Schalke 04,Ralf Fährmann,False,Goalkeeper,,start,end,1.0,0.0,0.0,0.0,0.0,0.0,0.0,1.0,3.0,0.0,0.0,0.0,0.0,0.0,
GER-Bundesliga,1617,2017-04-29 Borussia Dortmund-FC Cologne,Borussia Dortmund,Roman Bürki,True,Goalkeeper,,start,end,1.0,0.0,0.0,0.0,0.0,0.0,0.0,0.0,0.0,0.0,0.0,0.0,0.0,0.0,
GER-Bundesliga,1617,2017-04-29 Borussia Dortmund-FC Cologne,FC Cologne,Timo Horn,False,Goalkeeper,,start,end,1.0,0.0,0.0,0.0,0.0,0.0,0.0,0.0,4.0,0.0,0.0,0.0,0.0,0.0,
GER-Bundesliga,1617,2017-04-29 Mainz-Borussia Mönchengladbach,Borussia Mönchengladbach,Yann Sommer,False,Goalkeeper,,start,end,1.0,0.0,0.0,0.0,0.0,0.0,0.0,1.0,7.0,0.0,0.0,0.0,0.0,0.0,
GER-Bundesliga,1617,2017-04-29 Mainz-Borussia Mönchengladbach,Mainz,Jannik Huth,True,Goalkeeper,,start,end,1.0,0.0,0.0,0.0,0.0,0.0,0.0,2.0,3.0,0.0,0.0,0.0,0.0,0.0,
GER-Bundesliga,1617,2017-04-29 RB Leipzig-FC Ingolstadt 04,FC Ingolstadt 04,Martin Hansen,False,Goalkeeper,,start,end,1.0,0.0,0.0,0.0,0.0,0.0,0.0,0.0,3.0,0.0,0.0,0.0,0.0,0.0,
GER-Bundesliga,1617,2017-04-29 RB Leipzig-FC Ingolstadt 04,RB Leipzig,Péter Gulácsi,True,Goalkeeper,,start,end,1.0,0.0,0.0,0.0,0.0,0.0,0.0,0.0,0.0,0.0,0.0,0.0,0.0,0.0,
GER-Bundesliga,1617,2017-04-29 SV Darmstadt 98-SC Freiburg,SC Freiburg,Alexander Schwolow,False,Goalkeeper,,start,end,1.0,0.0,0.0,0.0,0.0,0.0,0.0,3.0,1.0,0.0,0.0,0.0,0.0,0.0,
GER-Bundesliga,1617,2017-04-29 SV Darmstadt 98-SC Freiburg,SV Darmstadt 98,Michael Esser,True,Goalkeeper,,start,end,1.0,0.0,1.0,0.0,0.0,0.0,0.0,0.0,2.0,0.0,0.0,0.0,0.0,0.0,
GER-Bundesliga,1617,2017-04-29 VfL Wolfsburg-Bayern Munich,Bayern Munich,Sven Ulreich,False,Goalkeeper,,start,end,1.0,0.0,0.0,0.0,0.0,0.0,0.0,0.0,3.0,0.0,0.0,0.0,0.0,0.0,
GER-Bundesliga,1617,2017-04-29 VfL Wolfsburg-Bayern Munich,VfL Wolfsburg,Koen Casteels,True,Goalkeeper,,start,end,1.0,0.0,0.0,0.0,0.0,0.0,0.0,6.0,3.0,0.0,0.0,0.0,0.0,0.0,
GER-Bundesliga,1617,2017-04-29 Werder Bremen-Hertha Berlin,Hertha Berlin,Rune Jarstein,False,Goalkeeper,,start,end,1.0,0.0,0.0,0.0,0.0,0.0,0.0,2.0,2.0,0.0,0.0,0.0,0.0,0.0,
GER-Bundesliga,1617,2017-04-29 Werder Bremen-Hertha Berlin,Werder Bremen,Felix Wiedwald,True,Goalkeeper,,start,end,1.0,0.0,1.0,0.0,0.0,0.0,0.0,0.0,2.0,0.0,0.0,0.0,0.0,0.0,
GER-Bundesliga,1617,2017-04-30 FC Augsburg-Hamburg SV,FC Augsburg,Marwin Hitz,True,Goalkeeper,,start,end,1.0,0.0,0.0,0.0,0.0,0.0,0.0,0.0,4.0,0.0,0.0,0.0,0.0,0.0,
GER-Bundesliga,1617,2017-04-30 FC Augsburg-Hamburg SV,Hamburg SV,Tom Mickel,False,Goalkeeper,,start,end,1.0,0.0,0.0,0.0,0.0,0.0,0.0,4.0,6.0,0.0,0.0,0.0,0.0,0.0,
GER-Bundesliga,1617,2017-04-30 TSG Hoffenheim-Eintracht Frankfurt,Eintracht Frankfurt,Lukas Hradecky,False,Goalkeeper,,start,end,1.0,0.0,0.0,0.0,0.0,0.0,0.0,1.0,0.0,0.0,0.0,0.0,0.0,0.0,
GER-Bundesliga,1617,2017-04-30 TSG Hoffenheim-Eintracht Frankfurt,TSG Hoffenheim,Oliver Baumann,True,Goalkeeper,,start,end,1.0,0.0,1.0,0.0,0.0,0.0,0.0,0.0,2.0,0.0,0.0,0.0,0.0,0.0,
GER-Bundesliga,1617,2017-05-05 FC Cologne-Werder Bremen,FC Cologne,Timo Horn,True,Goalkeeper,,start,end,1.0,0.0,0.0,0.0,0.0,0.0,0.0,3.0,1.0,0.0,0.0,0.0,0.0,0.0,
GER-Bundesliga,1617,2017-05-05 FC Cologne-Werder Bremen,Werder Bremen,Felix Wiedwald,False,Goalkeeper,,start,end,1.0,0.0,1.0,0.0,0.0,0.0,0.0,4.0,5.0,0.0,0.0,0.0,0.0,0.0,
GER-Bundesliga,1617,2017-05-06 Bayern Munich-SV Darmstadt 98,Bayern Munich,Tom Starke,True,Goalkeeper,,start,end,1.0,0.0,0.0,0.0,0.0,0.0,0.0,0.0,3.0,0.0,0.0,0.0,0.0,0.0,
GER-Bundesliga,1617,2017-05-06 Bayern Munich-SV Darmstadt 98,SV Darmstadt 98,Michael Esser,False,Goalkeeper,,start,end,1.0,0.0,0.0,0.0,0.0,0.0,0.0,1.0,7.0,0.0,0.0,0.0,0.0,0.0,
GER-Bundesliga,1617,2017-05-06 Borussia Dortmund-TSG Hoffenheim,Borussia Dortmund,Roman Bürki,True,Goalkeeper,,start,end,1.0,0.0,0.0,0.0,0.0,0.0,0.0,1.0,4.0,0.0,0.0,0.0,0.0,0.0,
GER-Bundesliga,1617,2017-05-06 Borussia Dortmund-TSG Hoffenheim,TSG Hoffenheim,Oliver Baumann,False,Goalkeeper,,start,end,1.0,0.0,0.0,0.0,0.0,0.0,0.0,2.0,2.0,0.0,0.0,0.0,0.0,0.0,
GER-Bundesliga,1617,2017-05-06 Borussia Mönchengladbach-FC Augsburg,Borussia Mönchengladbach,Yann Sommer,True,Goalkeeper,,start,end,1.0,0.0,0.0,0.0,0.0,0.0,0.0,1.0,3.0,0.0,0.0,0.0,0.0,0.0,
GER-Bundesliga,1617,2017-05-06 Borussia Mönchengladbach-FC Augsburg,FC Augsburg,Marwin Hitz,False,Goalkeeper,,start,end,1.0,0.0,0.0,0.0,0.0,0.0,0.0,1.0,4.0,0.0,0.0,0.0,0.0,0.0,
GER-Bundesliga,1617,2017-05-06 Eintracht Frankfurt-VfL Wolfsburg,Eintracht Frankfurt,Lukas Hradecky,True,Goalkeeper,,start,end,1.0,0.0,0.0,0.0,0.0,0.0,0.0,2.0,1.0,0.0,0.0,0.0,0.0,0.0,
GER-Bundesliga,1617,2017-05-06 Eintracht Frankfurt-VfL Wolfsburg,VfL Wolfsburg,Koen Casteels,False,Goalkeeper,,start,end,1.0,0.0,0.0,0.0,0.0,0.0,1.0,0.0,2.0,0.0,0.0,0.0,0.0,0.0,
GER-Bundesliga,1617,2017-05-06 FC Ingolstadt 04-Bayer Leverkusen,Bayer Leverkusen,Bernd Leno,False,Goalkeeper,,start,end,1.0,0.0,1.0,0.0,0.0,0.0,0.0,1.0,1.0,0.0,0.0,0.0,0.0,0.0,
GER-Bundesliga,1617,2017-05-06 FC Ingolstadt 04-Bayer Leverkusen,FC Ingolstadt 04,Martin Hansen,True,Goalkeeper,,start,end,1.0,0.0,0.0,0.0,0.0,0.0,0.0,1.0,4.0,0.0,0.0,0.0,0.0,0.0,
GER-Bundesliga,1617,2017-05-06 Hertha Berlin-RB Leipzig,Hertha Berlin,Rune Jarstein,True,Goalkeeper,1,start,end,1.0,0.0,0.0,0.0,0.0,0.0,0.0,4.0,4.0,0.0,0.0,0.0,0.0,0.0,
GER-Bundesliga,1617,2017-05-06 Hertha Berlin-RB Leipzig,RB Leipzig,Péter Gulácsi,False,Goalkeeper,1,start,end,1.0,0.0,0.0,0.0,0.0,0.0,0.0,1.0,1.0,0.0,0.0,0.0,0.0,0.0,
GER-Bundesliga,1617,2017-05-07 Hamburg SV-Mainz,Hamburg SV,Christian Mathenia,True,Goalkeeper,,start,end,1.0,0.0,2.0,0.0,0.0,0.0,0.0,0.0,6.0,0.0,0.0,0.0,0.0,0.0,
GER-Bundesliga,1617,2017-05-07 Hamburg SV-Mainz,Mainz,Jannik Huth,False,Goalkeeper,,start,end,1.0,0.0,0.0,0.0,0.0,0.0,0.0,0.0,2.0,0.0,0.0,0.0,0.0,0.0,
GER-Bundesliga,1617,2017-05-07 SC Freiburg-Schalke 04,SC Freiburg,Alexander Schwolow,True,Goalkeeper,,start,end,1.0,0.0,0.0,0.0,0.0,0.0,0.0,0.0,3.0,0.0,0.0,0.0,0.0,0.0,
GER-Bundesliga,1617,2017-05-07 SC Freiburg-Schalke 04,Schalke 04,Ralf Fährmann,False,Goalkeeper,,start,end,1.0,0.0,0.0,0.0,0.0,0.0,0.0,2.0,3.0,0.0,0.0,0.0,0.0,0.0,
GER-Bundesliga,1617,2017-05-13 Bayer Leverkusen-FC Cologne,Bayer Leverkusen,Bernd Leno,True,Goalkeeper,,start,end,1.0,0.0,0.0,0.0,0.0,0.0,0.0,2.0,2.0,0.0,0.0,0.0,0.0,0.0,
GER-Bundesliga,1617,2017-05-13 Bayer Leverkusen-FC Cologne,FC Cologne,Timo Horn,False,Goalkeeper,,start,end,1.0,0.0,0.0,0.0,0.0,0.0,0.0,2.0,7.0,0.0,0.0,0.0,0.0,0.0,
GER-Bundesliga,1617,2017-05-13 FC Augsburg-Borussia Dortmund,Borussia Dortmund,Roman Bürki,False,Goalkeeper,,start,end,1.0,0.0,0.0,0.0,0.0,0.0,0.0,1.0,2.0,0.0,0.0,0.0,0.0,0.0,
GER-Bundesliga,1617,2017-05-13 FC Augsburg-Borussia Dortmund,FC Augsburg,Andreas Luthe,True,Goalkeeper,,start,end,1.0,0.0,0.0,0.0,0.0,0.0,0.0,1.0,4.0,0.0,0.0,0.0,0.0,0.0,
GER-Bundesliga,1617,2017-05-13 Mainz-Eintracht Frankfurt,Eintracht Frankfurt,Lukas Hradecky,False,Goalkeeper,,start,end,1.0,0.0,0.0,0.0,0.0,0.0,0.0,4.0,4.0,0.0,0.0,0.0,0.0,0.0,
GER-Bundesliga,1617,2017-05-13 Mainz-Eintracht Frankfurt,Mainz,Jannik Huth,True,Goalkeeper,,start,end,1.0,0.0,0.0,0.0,0.0,0.0,0.0,2.0,2.0,0.0,0.0,0.0,0.0,0.0,
GER-Bundesliga,1617,2017-05-13 RB Leipzig-Bayern Munich,Bayern Munich,Tom Starke,False,Goalkeeper,,start,end,1.0,0.0,0.0,0.0,0.0,0.0,0.0,4.0,2.0,0.0,0.0,0.0,0.0,0.0,
GER-Bundesliga,1617,2017-05-13 RB Leipzig-Bayern Munich,RB Leipzig,Péter Gulácsi,True,Goalkeeper,,start,end,1.0,0.0,0.0,0.0,0.0,0.0,0.0,5.0,4.0,0.0,0.0,0.0,0.0,0.0,
GER-Bundesliga,1617,2017-05-13 SC Freiburg-FC Ingolstadt 04,FC Ingolstadt 04,Martin Hansen,False,Goalkeeper,,start,end,1.0,0.0,0.0,0.0,0.0,0.0,0.0,1.0,3.0,0.0,0.0,0.0,0.0,0.0,
GER-Bundesliga,1617,2017-05-13 SC Freiburg-FC Ingolstadt 04,SC Freiburg,Alexander Schwolow,True,Goalkeeper,,start,end,1.0,0.0,0.0,0.0,0.0,0.0,0.0,1.0,8.0,0.0,0.0,0.0,0.0,0.0,
GER-Bundesliga,1617,2017-05-13 SV Darmstadt 98-Hertha Berlin,Hertha Berlin,Rune Jarstein,False,Goalkeeper,,start,end,1.0,0.0,1.0,0.0,0.0,0.0,0.0,0.0,2.0,0.0,0.0,0.0,0.0,0.0,
GER-Bundesliga,1617,2017-05-13 SV Darmstadt 98-Hertha Berlin,SV Darmstadt 98,Daniel Heuer Fernandes,True,Goalkeeper,,start,end,1.0,0.0,0.0,0.0,0.0,0.0,0.0,2.0,2.0,0.0,0.0,0.0,0.0,0.0,
GER-Bundesliga,1617,2017-05-13 Schalke 04-Hamburg SV,Hamburg SV,Christian Mathenia,False,Goalkeeper,,start,end,1.0,0.0,0.0,0.0,0.0,0.0,0.0,1.0,0.0,0.0,0.0,0.0,0.0,0.0,
GER-Bundesliga,1617,2017-05-13 Schalke 04-Hamburg SV,Schalke 04,Ralf Fährmann,True,Goalkeeper,,start,end,1.0,0.0,0.0,0.0,0.0,0.0,0.0,1.0,3.0,0.0,0.0,0.0,0.0,0.0,
GER-Bundesliga,1617,2017-05-13 VfL Wolfsburg-Borussia Mönchengladbach,Borussia Mönchengladbach,Yann Sommer,False,Goalkeeper,,start,end,1.0,0.0,0.0,0.0,0.0,0.0,0.0,1.0,4.0,0.0,0.0,0.0,0.0,0.0,
GER-Bundesliga,1617,2017-05-13 VfL Wolfsburg-Borussia Mönchengladbach,VfL Wolfsburg,Koen Casteels,True,Goalkeeper,,start,end,1.0,0.0,0.0,0.0,0.0,0.0,0.0,1.0,4.0,0.0,0.0,0.0,0.0,0.0,
GER-Bundesliga,1617,2017-05-13 Werder Bremen-TSG Hoffenheim,TSG Hoffenheim,Oliver Baumann,False,Goalkeeper,,start,end,1.0,0.0,0.0,0.0,0.0,0.0,0.0,3.0,4.0,0.0,0.0,0.0,0.0,0.0,
GER-Bundesliga,1617,2017-05-13 Werder Bremen-TSG Hoffenheim,Werder Bremen,Felix Wiedwald,True,Goalkeeper,,start,end,1.0,0.0,0.0,0.0,0.0,0.0,0.0,5.0,4.0,0.0,0.0,0.0,0.0,0.0,
GER-Bundesliga,1617,2017-05-20 Bayern Munich-SC Freiburg,Bayern Munich,Tom Starke,True,Goalkeeper,,start,end,1.0,0.0,0.0,0.0,0.0,0.0,0.0,1.0,7.0,0.0,0.0,0.0,0.0,0.0,
GER-Bundesliga,1617,2017-05-20 Bayern Munich-SC Freiburg,SC Freiburg,Alexander Schwolow,False,Goalkeeper,,start,end,1.0,0.0,1.0,0.0,0.0,0.0,0.0,4.0,7.0,0.0,0.0,0.0,0.0,0.0,
GER-Bundesliga,1617,2017-05-20 Borussia Dortmund-Werder Bremen,Borussia Dortmund,Roman Bürki,True,Goalkeeper,,start,end,1.0,0.0,0.0,0.0,0.0,0.0,0.0,3.0,2.0,0.0,0.0,0.0,0.0,0.0,
GER-Bundesliga,1617,2017-05-20 Borussia Dortmund-Werder Bremen,Werder Bremen,Felix Wiedwald,False,Goalkeeper,,start,end,1.0,0.0,0.0,0.0,0.0,0.0,0.0,4.0,7.0,0.0,0.0,0.0,0.0,0.0,
GER-Bundesliga,1617,2017-05-20 Borussia Mönchengladbach-SV Darmstadt 98,Borussia Mönchengladbach,Yann Sommer,True,Goalkeeper,,start,end,1.0,0.0,0.0,0.0,0.0,0.0,0.0,2.0,2.0,0.0,0.0,0.0,0.0,0.0,
GER-Bundesliga,1617,2017-05-20 Borussia Mönchengladbach-SV Darmstadt 98,SV Darmstadt 98,Daniel Heuer Fernandes,False,Goalkeeper,,start,end,1.0,0.0,0.0,0.0,0.0,0.0,0.0,2.0,8.0,0.0,0.0,0.0,0.0,0.0,
GER-Bundesliga,1617,2017-05-20 Eintracht Frankfurt-RB Leipzig,Eintracht Frankfurt,Lukas Hradecky,True,Goalkeeper,,start,end,1.0,0.0,0.0,0.0,0.0,0.0,0.0,2.0,3.0,0.0,0.0,0.0,0.0,0.0,
GER-Bundesliga,1617,2017-05-20 Eintracht Frankfurt-RB Leipzig,RB Leipzig,Péter Gulácsi,False,Goalkeeper,,start,end,1.0,0.0,0.0,0.0,0.0,0.0,0.0,2.0,1.0,0.0,0.0,0.0,0.0,0.0,
GER-Bundesliga,1617,2017-05-20 FC Cologne-Mainz,FC Cologne,Timo Horn,True,Goalkeeper,,start,end,1.0,0.0,0.0,0.0,0.0,0.0,0.0,0.0,0.0,0.0,0.0,0.0,0.0,0.0,
GER-Bundesliga,1617,2017-05-20 FC Cologne-Mainz,Mainz,Jannik Huth,False,Goalkeeper,,start,end,1.0,0.0,0.0,0.0,0.0,0.0,0.0,2.0,2.0,0.0,0.0,0.0,0.0,0.0,
GER-Bundesliga,1617,2017-05-20 FC Ingolstadt 04-Schalke 04,FC Ingolstadt 04,Ørjan Nyland,True,Goalkeeper,,start,end,1.0,0.0,0.0,0.0,0.0,0.0,0.0,1.0,2.0,0.0,0.0,0.0,0.0,0.0,
GER-Bundesliga,1617,2017-05-20 FC Ingolstadt 04-Schalke 04,Schalke 04,Ralf Fährmann,False,Goalkeeper,,start,end,1.0,0.0,0.0,0.0,0.0,0.0,0.0,1.0,7.0,0.0,0.0,0.0,0.0,0.0,
GER-Bundesliga,1617,2017-05-20 Hamburg SV-VfL Wolfsburg,Hamburg SV,Christian Mathenia,True,Goalkeeper,,start,end,1.0,0.0,0.0,0.0,0.0,0.0,0.0,1.0,4.0,0.0,0.0,0.0,0.0,0.0,
GER-Bundesliga,1617,2017-05-20 Hamburg SV-VfL Wolfsburg,VfL Wolfsburg,Koen Casteels,False,Goalkeeper,,start,end,1.0,1.0,0.0,0.0,0.0,0.0,1.0,2.0,1.0,0.0,0.0,0.0,0.0,0.0,
GER-Bundesliga,1617,2017-05-20 Hertha Berlin-Bayer Leverkusen,Bayer Leverkusen,Bernd Leno,False,Goalkeeper,,start,end,1.0,0.0,1.0,0.0,0.0,0.0,0.0,2.0,2.0,0.0,0.0,0.0,0.0,0.0,
GER-Bundesliga,1617,2017-05-20 Hertha Berlin-Bayer Leverkusen,Hertha Berlin,Rune Jarstein,True,Goalkeeper,,start,end,1.0,0.0,0.0,0.0,0.0,0.0,0.0,6.0,5.0,0.0,0.0,0.0,0.0,0.0,
GER-Bundesliga,1617,2017-05-20 TSG Hoffenheim-FC Augsburg,FC Augsburg,Andreas Luthe,False,Goalkeeper,,start,end,1.0,0.0,0.0,0.0,0.0,0.0,0.0,0.0,8.0,0.0,0.0,0.0,0.0,0.0,
GER-Bundesliga,1617,2017-05-20 TSG Hoffenheim-FC Augsburg,TSG Hoffenheim,Oliver Baumann,True,Goalkeeper,,start,end,1.0,0.0,0.0,0.0,0.0,0.0,0.0,0.0,2.0,0.0,0.0,0.0,0.0,0.0,
