league,season,game,team,player,is_home,position,formation_place,sub_in,sub_out,appearances,fouls_committed,fouls_suffered,own_goals,red_cards,sub_ins,yellow_cards,goals_conceded,saves,shots_faced,goal_assists,shots_on_target,total_goals,total_shots,offsides
GER-Bundesliga,2526,2025-08-22 Bayern Munich-RB Leipzig,Bayern Munich,Manuel Neuer,True,Goalkeeper,1,start,end,1.0,0.0,0.0,0.0,0.0,0.0,0.0,0.0,1.0,0.0,0.0,0.0,0.0,0.0,
GER-Bundesliga,2526,2025-08-22 Bayern Munich-RB Leipzig,RB Leipzig,Péter Gulácsi,False,Goalkeeper,1,start,end,1.0,0.0,0.0,0.0,0.0,0.0,0.0,6.0,3.0,0.0,0.0,0.0,0.0,0.0,
GER-Bundesliga,2526,2025-08-23 1. FC Heidenheim 1846-VfL Wolfsburg,1. FC Heidenheim 1846,Diant Ramaj,True,Goalkeeper,1,start,end,1.0,2.0,0.0,0.0,0.0,0.0,1.0,3.0,2.0,0.0,0.0,0.0,0.0,0.0,
GER-Bundesliga,2526,2025-08-23 1. FC Heidenheim 1846-VfL Wolfsburg,VfL Wolfsburg,Kamil Grabara,False,Goalkeeper,1,start,end,1.0,0.0,0.0,0.0,0.0,0.0,0.0,1.0,1.0,0.0,0.0,0.0,0.0,0.0,
GER-Bundesliga,2526,2025-08-23 1. FC Union Berlin-VfB Stuttgart,1. FC Union Berlin,Frederik Ronnow,True,Goalkeeper,1,start,end,1.0,0.0,0.0,0.0,0.0,0.0,0.0,1.0,5.0,0.0,0.0,0.0,0.0,0.0,
GER-Bundesliga,2526,2025-08-23 1. FC Union Berlin-VfB Stuttgart,VfB Stuttgart,Alexander Nübel,False,Goalkeeper,1,start,end,1.0,0.0,0.0,0.0,0.0,0.0,0.0,2.0,0.0,0.0,0.0,0.0,0.0,0.0,
GER-Bundesliga,2526,2025-08-23 Bayer Leverkusen-TSG Hoffenheim,Bayer Leverkusen,Mark Flekken,True,Goalkeeper,1,start,end,1.0,0.0,0.0,0.0,0.0,0.0,0.0,2.0,3.0,0.0,0.0,0.0,0.0,0.0,
GER-Bundesliga,2526,2025-08-23 Bayer Leverkusen-TSG Hoffenheim,TSG Hoffenheim,Oliver Baumann,False,Goalkeeper,1,start,end,1.0,0.0,0.0,0.0,0.0,0.0,0.0,1.0,2.0,0.0,0.0,0.0,0.0,0.0,
GER-Bundesliga,2526,2025-08-23 Eintracht Frankfurt-Werder Bremen,Eintracht Frankfurt,Michael Zetterer,True,Goalkeeper,1,start,end,1.0,0.0,0.0,0.0,0.0,0.0,0.0,1.0,4.0,0.0,0.0,0.0,0.0,0.0,
GER-Bundesliga,2526,2025-08-23 Eintracht Frankfurt-Werder Bremen,Werder Bremen,Mio Backhaus,False,Goalkeeper,1,start,end,1.0,0.0,1.0,0.0,0.0,0.0,0.0,4.0,1.0,0.0,0.0,0.0,0.0,0.0,
GER-Bundesliga,2526,2025-08-23 SC Freiburg-FC Augsburg,FC Augsburg,Finn Dahmen,False,Goalkeeper,1,start,end,1.0,0.0,0.0,0.0,0.0,0.0,0.0,1.0,3.0,0.0,0.0,0.0,0.0,0.0,
GER-Bundesliga,2526,2025-08-23 SC Freiburg-FC Augsburg,SC Freiburg,Noah Atubolu,True,Goalkeeper,1,start,end,1.0,0.0,0.0,0.0,0.0,0.0,0.0,3.0,2.0,0.0,0.0,0.0,0.0,0.0,
GER-Bundesliga,2526,2025-08-23 St. Pauli-Borussia Dortmund,Borussia Dortmund,Gregor Kobel,False,Goalkeeper,1,start,end,1.0,0.0,1.0,0.0,0.0,0.0,0.0,3.0,4.0,0.0,0.0,0.0,0.0,0.0,
GER-Bundesliga,2526,2025-08-23 St. Pauli-Borussia Dortmund,St. Pauli,Nikola Vasilj,True,Goalkeeper,1,start,end,1.0,0.0,0.0,0.0,0.0,0.0,0.0,3.0,4.0,0.0,0.0,0.0,0.0,0.0,
GER-Bundesliga,2526,2025-08-24 Borussia Mönchengladbach-Hamburg SV,Borussia Mönchengladbach,Moritz Nicolas,True,Goalkeeper,1,start,end,1.0,0.0,0.0,0.0,0.0,0.0,0.0,0.0,1.0,0.0,0.0,0.0,0.0,0.0,
GER-Bundesliga,2526,2025-08-24 Borussia Mönchengladbach-Hamburg SV,Hamburg SV,Daniel Heuer Fernandes,False,Goalkeeper,1,start,end,1.0,0.0,0.0,0.0,0.0,0.0,0.0,0.0,4.0,0.0,0.0,0.0,0.0,0.0,
GER-Bundesliga,2526,2025-08-24 Mainz-FC Cologne,FC Cologne,Marvin Schwäbe,False,Goalkeeper,1,start,end,1.0,0.0,1.0,0.0,0.0,0.0,0.0,0.0,2.0,0.0,0.0,0.0,0.0,0.0,
GER-Bundesliga,2526,2025-08-24 Mainz-FC Cologne,Mainz,Robin Zentner,True,Goalkeeper,1,start,end,1.0,0.0,0.0,0.0,0.0,0.0,0.0,1.0,1.0,0.0,0.0,0.0,0.0,0.0,
GER-Bundesliga,2526,2025-08-29 Hamburg SV-St. Pauli,Hamburg SV,Daniel Heuer Fernandes,True,Goalkeeper,1,start,end,1.0,0.0,0.0,0.0,0.0,0.0,0.0,2.0,4.0,0.0,0.0,0.0,0.0,0.0,
GER-Bundesliga,2526,2025-08-29 Hamburg SV-St. Pauli,St. Pauli,Nikola Vasilj,False,Goalkeeper,1,start,end,1.0,0.0,0.0,0.0,0.0,0.0,0.0,0.0,2.0,0.0,0.0,0.0,0.0,0.0,
GER-Bundesliga,2526,2025-08-30 FC Augsburg-Bayern Munich,Bayern Munich,Manuel Neuer,False,Goalkeeper,1,start,end,1.0,0.0,0.0,0.0,0.0,0.0,0.0,2.0,1.0,0.0,0.0,0.0,0.0,0.0,
GER-Bundesliga,2526,2025-08-30 FC Augsburg-Bayern Munich,FC Augsburg,Finn Dahmen,True,Goalkeeper,1,start,end,1.0,0.0,0.0,0.0,0.0,0.0,0.0,3.0,7.0,0.0,0.0,0.0,0.0,0.0,
GER-Bundesliga,2526,2025-08-30 RB Leipzig-1. FC Heidenheim 1846,1. FC Heidenheim 1846,Diant Ramaj,False,Goalkeeper,1,start,end,1.0,0.0,0.0,0.0,0.0,0.0,0.0,2.0,4.0,0.0,0.0,0.0,0.0,0.0,
GER-Bundesliga,2526,2025-08-30 RB Leipzig-1. FC Heidenheim 1846,RB Leipzig,Péter Gulácsi,True,Goalkeeper,1,start,end,1.0,0.0,0.0,0.0,0.0,0.0,0.0,0.0,4.0,0.0,0.0,0.0,0.0,0.0,
GER-Bundesliga,2526,2025-08-30 TSG Hoffenheim-Eintracht Frankfurt,Eintracht Frankfurt,Michael Zetterer,False,Goalkeeper,1,start,end,1.0,0.0,0.0,0.0,0.0,0.0,0.0,1.0,4.0,0.0,0.0,0.0,0.0,0.0,
GER-Bundesliga,2526,2025-08-30 TSG Hoffenheim-Eintracht Frankfurt,TSG Hoffenheim,Oliver Baumann,True,Goalkeeper,1,start,end,1.0,0.0,0.0,0.0,0.0,0.0,0.0,3.0,3.0,0.0,0.0,0.0,0.0,0.0,
GER-Bundesliga,2526,2025-08-30 VfB Stuttgart-Borussia Mönchengladbach,Borussia Mönchengladbach,Moritz Nicolas,False,Goalkeeper,1,start,end,1.0,0.0,0.0,0.0,0.0,0.0,0.0,1.0,4.0,0.0,0.0,0.0,0.0,0.0,
GER-Bundesliga,2526,2025-08-30 VfB Stuttgart-Borussia Mönchengladbach,VfB Stuttgart,Alexander Nübel,True,Goalkeeper,1,start,end,1.0,0.0,0.0,0.0,0.0,0.0,0.0,0.0,6.0,0.0,0.0,0.0,0.0,0.0,
GER-Bundesliga,2526,2025-08-30 Werder Bremen-Bayer Leverkusen,Bayer Leverkusen,Mark Flekken,False,Goalkeeper,1,start,end,1.0,0.0,0.0,0.0,0.0,0.0,0.0,3.0,2.0,0.0,0.0,0.0,0.0,0.0,
GER-Bundesliga,2526,2025-08-30 Werder Bremen-Bayer Leverkusen,Werder Bremen,Mio Backhaus,True,Goalkeeper,1,start,end,1.0,0.0,1.0,0.0,0.0,0.0,0.0,3.0,1.0,0.0,0.0,0.0,0.0,0.0,
GER-Bundesliga,2526,2025-08-31 Borussia Dortmund-1. FC Union Berlin,1. FC Union Berlin,Frederik Ronnow,False,Goalkeeper,1,start,end,1.0,0.0,2.0,0.0,0.0,0.0,0.0,3.0,3.0,0.0,0.0,0.0,0.0,0.0,
GER-Bundesliga,2526,2025-08-31 Borussia Dortmund-1. FC Union Berlin,Borussia Dortmund,Gregor Kobel,True,Goalkeeper,1,start,end,1.0,0.0,0.0,0.0,0.0,0.0,0.0,0.0,3.0,0.0,0.0,0.0,0.0,0.0,
GER-Bundesliga,2526,2025-08-31 FC Cologne-SC Freiburg,FC Cologne,Marvin Schwäbe,True,Goalkeeper,1,start,end,1.0,0.0,0.0,0.0,0.0,0.0,0.0,1.0,1.0,0.0,0.0,0.0,0.0,0.0,
GER-Bundesliga,2526,2025-08-31 FC Cologne-SC Freiburg,SC Freiburg,Noah Atubolu,False,Goalkeeper,1,start,end,1.0,0.0,1.0,0.0,0.0,0.0,0.0,4.0,2.0,0.0,0.0,0.0,0.0,0.0,
GER-Bundesliga,2526,2025-08-31 VfL Wolfsburg-Mainz,Mainz,Robin Zentner,False,Goalkeeper,1,start,end,1.0,0.0,0.0,0.0,0.0,0.0,1.0,1.0,2.0,0.0,0.0,0.0,0.0,0.0,
GER-Bundesliga,2526,2025-08-31 VfL Wolfsburg-Mainz,VfL Wolfsburg,Kamil Grabara,True,Goalkeeper,1,start,end,1.0,0.0,0.0,0.0,0.0,0.0,0.0,1.0,2.0,0.0,0.0,0.0,0.0,0.0,
GER-Bundesliga,2526,2025-09-12 Bayer Leverkusen-Eintracht Frankfurt,Bayer Leverkusen,Mark Flekken,True,Goalkeeper,1,start,end,1.0,0.0,0.0,0.0,0.0,0.0,0.0,1.0,1.0,0.0,0.0,0.0,0.0,0.0,
GER-Bundesliga,2526,2025-09-12 Bayer Leverkusen-Eintracht Frankfurt,Eintracht Frankfurt,Michael Zetterer,False,Goalkeeper,1,start,end,1.0,0.0,1.0,0.0,0.0,0.0,0.0,3.0,4.0,0.0,0.0,0.0,0.0,0.0,
GER-Bundesliga,2526,2025-09-13 1. FC Heidenheim 1846-Borussia Dortmund,1. FC Heidenheim 1846,Diant Ramaj,True,Goalkeeper,1,start,end,1.0,0.0,1.0,0.0,0.0,0.0,0.0,2.0,6.0,0.0,0.0,0.0,0.0,0.0,
GER-Bundesliga,2526,2025-09-13 1. FC Heidenheim 1846-Borussia Dortmund,Borussia Dortmund,Gregor Kobel,False,Goalkeeper,1,start,end,1.0,0.0,0.0,0.0,0.0,0.0,0.0,0.0,1.0,0.0,0.0,0.0,0.0,0.0,
GER-Bundesliga,2526,2025-09-13 1. FC Union Berlin-TSG Hoffenheim,1. FC Union Berlin,Frederik Ronnow,True,Goalkeeper,1,start,end,1.0,0.0,0.0,0.0,0.0,0.0,0.0,4.0,4.0,0.0,0.0,0.0,0.0,0.0,
GER-Bundesliga,2526,2025-09-13 1. FC Union Berlin-TSG Hoffenheim,TSG Hoffenheim,Oliver Baumann,False,Goalkeeper,1,start,end,1.0,0.0,1.0,0.0,0.0,0.0,0.0,2.0,5.0,0.0,0.0,0.0,0.0,0.0,
GER-Bundesliga,2526,2025-09-13 Bayern Munich-Hamburg SV,Bayern Munich,Manuel Neuer,True,Goalkeeper,1,start,end,1.0,0.0,1.0,0.0,0.0,0.0,0.0,0.0,2.0,0.0,0.0,0.0,0.0,0.0,
GER-Bundesliga,2526,2025-09-13 Bayern Munich-Hamburg SV,Hamburg SV,Daniel Heuer Fernandes,False,Goalkeeper,1,start,end,1.0,0.0,0.0,0.0,0.0,0.0,0.0,5.0,7.0,0.0,0.0,0.0,0.0,0.0,
GER-Bundesliga,2526,2025-09-13 Mainz-RB Leipzig,Mainz,Robin Zentner,True,Goalkeeper,1,start,end,1.0,0.0,0.0,0.0,0.0,0.0,0.0,1.0,2.0,0.0,0.0,0.0,0.0,0.0,
GER-Bundesliga,2526,2025-09-13 Mainz-RB Leipzig,RB Leipzig,Péter Gulácsi,False,Goalkeeper,1,start,end,1.0,0.0,0.0,0.0,0.0,0.0,0.0,0.0,2.0,0.0,0.0,0.0,0.0,0.0,
GER-Bundesliga,2526,2025-09-13 SC Freiburg-VfB Stuttgart,SC Freiburg,Noah Atubolu,True,Goalkeeper,1,start,end,1.0,0.0,0.0,0.0,0.0,0.0,0.0,1.0,1.0,0.0,0.0,0.0,0.0,0.0,
GER-Bundesliga,2526,2025-09-13 SC Freiburg-VfB Stuttgart,VfB Stuttgart,Alexander Nübel,False,Goalkeeper,1,start,end,1.0,0.0,0.0,0.0,0.0,0.0,0.0,3.0,3.0,0.0,0.0,0.0,0.0,0.0,
GER-Bundesliga,2526,2025-09-13 VfL Wolfsburg-FC Cologne,FC Cologne,Marvin Schwäbe,False,Goalkeeper,1,start,end,1.0,0.0,0.0,0.0,0.0,0.0,0.0,3.0,3.0,0.0,0.0,0.0,0.0,0.0,
GER-Bundesliga,2526,2025-09-13 VfL Wolfsburg-FC Cologne,VfL Wolfsburg,Kamil Grabara,True,Goalkeeper,1,start,end,1.0,0.0,0.0,0.0,0.0,0.0,1.0,3.0,5.0,0.0,0.0,0.0,0.0,0.0,
GER-Bundesliga,2526,2025-09-14 Borussia Mönchengladbach-Werder Bremen,Borussia Mönchengladbach,Moritz Nicolas,True,Goalkeeper,1,start,end,1.0,0.0,0.0,0.0,0.0,0.0,0.0,4.0,3.0,0.0,0.0,0.0,0.0,0.0,
GER-Bundesliga,2526,2025-09-14 Borussia Mönchengladbach-Werder Bremen,Werder Bremen,Mio Backhaus,False,Goalkeeper,1,start,end,1.0,0.0,1.0,0.0,0.0,0.0,0.0,0.0,2.0,0.0,0.0,0.0,0.0,0.0,
GER-Bundesliga,2526,2025-09-14 St. Pauli-FC Augsburg,FC Augsburg,Finn Dahmen,False,Goalkeeper,1,start,end,1.0,0.0,0.0,0.0,0.0,0.0,0.0,2.0,5.0,0.0,0.0,0.0,0.0,0.0,
GER-Bundesliga,2526,2025-09-14 St. Pauli-FC Augsburg,St. Pauli,Nikola Vasilj,True,Goalkeeper,1,start,end,1.0,0.0,0.0,0.0,0.0,0.0,0.0,1.0,4.0,0.0,0.0,0.0,0.0,0.0,
GER-Bundesliga,2526,2025-09-19 VfB Stuttgart-St. Pauli,St. Pauli,Nikola Vasilj,False,Goalkeeper,1,start,end,1.0,0.0,0.0,0.0,0.0,0.0,0.0,2.0,6.0,0.0,0.0,0.0,0.0,0.0,
GER-Bundesliga,2526,2025-09-19 VfB Stuttgart-St. Pauli,VfB Stuttgart,Alexander Nübel,True,Goalkeeper,1,start,end,1.0,0.0,0.0,0.0,0.0,0.0,0.0,0.0,3.0,0.0,0.0,0.0,0.0,0.0,
GER-Bundesliga,2526,2025-09-20 FC Augsburg-Mainz,FC Augsburg,Finn Dahmen,True,Goalkeeper,1,start,end,1.0,0.0,0.0,0.0,0.0,0.0,0.0,4.0,0.0,0.0,0.0,0.0,0.0,0.0,
GER-Bundesliga,2526,2025-09-20 FC Augsburg-Mainz,Mainz,Robin Zentner,False,Goalkeeper,1,start,end,1.0,0.0,0.0,0.0,0.0,0.0,0.0,1.0,4.0,0.0,0.0,0.0,0.0,0.0,
GER-Bundesliga,2526,2025-09-20 Hamburg SV-1. FC Heidenheim 1846,1. FC Heidenheim 1846,Diant Ramaj,False,Goalkeeper,1,start,end,1.0,0.0,0.0,0.0,0.0,0.0,0.0,2.0,7.0,0.0,0.0,0.0,0.0,0.0,
GER-Bundesliga,2526,2025-09-20 Hamburg SV-1. FC Heidenheim 1846,Hamburg SV,Daniel Heuer Fernandes,True,Goalkeeper,1,start,end,1.0,0.0,0.0,0.0,0.0,0.0,1.0,1.0,6.0,0.0,0.0,0.0,0.0,0.0,
GER-Bundesliga,2526,2025-09-20 RB Leipzig-FC Cologne,FC Cologne,Marvin Schwäbe,False,Goalkeeper,1,start,end,1.0,0.0,0.0,0.0,0.0,0.0,0.0,3.0,5.0,0.0,0.0,0.0,0.0,0.0,
GER-Bundesliga,2526,2025-09-20 RB Leipzig-FC Cologne,RB Leipzig,Péter Gulácsi,True,Goalkeeper,1,start,end,1.0,0.0,0.0,0.0,0.0,0.0,0.0,1.0,0.0,0.0,0.0,0.0,0.0,0.0,
GER-Bundesliga,2526,2025-09-20 TSG Hoffenheim-Bayern Munich,Bayern Munich,Manuel Neuer,False,Goalkeeper,1,start,end,1.0,0.0,0.0,0.0,0.0,0.0,0.0,1.0,3.0,0.0,0.0,0.0,0.0,0.0,
GER-Bundesliga,2526,2025-09-20 TSG Hoffenheim-Bayern Munich,TSG Hoffenheim,Oliver Baumann,True,Goalkeeper,1,start,end,1.0,0.0,0.0,0.0,0.0,0.0,0.0,4.0,6.0,0.0,0.0,0.0,0.0,0.0,
GER-Bundesliga,2526,2025-09-20 Werder Bremen-SC Freiburg,SC Freiburg,Noah Atubolu,False,Goalkeeper,1,start,end,1.0,0.0,0.0,0.0,0.0,0.0,0.0,0.0,5.0,0.0,0.0,0.0,0.0,0.0,
GER-Bundesliga,2526,2025-09-20 Werder Bremen-SC Freiburg,Werder Bremen,Mio Backhaus,True,Goalkeeper,1,start,end,1.0,0.0,0.0,0.0,0.0,0.0,0.0,3.0,3.0,0.0,0.0,0.0,0.0,0.0,
GER-Bundesliga,2526,2025-09-21 Bayer Leverkusen-Borussia Mönchengladbach,Bayer Leverkusen,Mark Flekken,True,Goalkeeper,1,start,end,1.0,0.0,0.0,0.0,0.0,0.0,0.0,1.0,6.0,0.0,0.0,0.0,0.0,0.0,
GER-Bundesliga,2526,2025-09-21 Bayer Leverkusen-Borussia Mönchengladbach,Borussia Mönchengladbach,Moritz Nicolas,False,Goalkeeper,1,start,end,1.0,0.0,0.0,0.0,0.0,0.0,0.0,1.0,7.0,0.0,0.0,0.0,0.0,0.0,
GER-Bundesliga,2526,2025-09-21 Borussia Dortmund-VfL Wolfsburg,Borussia Dortmund,Gregor Kobel,True,Goalkeeper,1,start,end,1.0,0.0,0.0,0.0,0.0,0.0,0.0,0.0,0.0,0.0,0.0,0.0,0.0,0.0,
GER-Bundesliga,2526,2025-09-21 Borussia Dortmund-VfL Wolfsburg,VfL Wolfsburg,Kamil Grabara,False,Goalkeeper,1,start,end,1.0,0.0,0.0,0.0,0.0,0.0,0.0,1.0,3.0,0.0,0.0,0.0,0.0,1.0,
GER-Bundesliga,2526,2025-09-21 Eintracht Frankfurt-1. FC Union Berlin,1. FC Union Berlin,Frederik Ronnow,False,Goalkeeper,1,start,end,1.0,0.0,0.0,0.0,0.0,0.0,0.0,3.0,7.0,0.0,0.0,0.0,0.0,0.0,
GER-Bundesliga,2526,2025-09-21 Eintracht Frankfurt-1. FC Union Berlin,Eintracht Frankfurt,Kauã Santos,True,Goalkeeper,1,start,end,1.0,0.0,0.0,0.0,0.0,0.0,0.0,4.0,1.0,0.0,0.0,0.0,0.0,0.0,
GER-Bundesliga,2526,2025-09-26 Bayern Munich-Werder Bremen,Bayern Munich,Manuel Neuer,True,Goalkeeper,1,start,end,1.0,0.0,0.0,0.0,0.0,0.0,0.0,0.0,3.0,0.0,0.0,0.0,0.0,0.0,
GER-Bundesliga,2526,2025-09-26 Bayern Munich-Werder Bremen,Werder Bremen,Karl Hein,False,Goalkeeper,1,start,end,1.0,0.0,0.0,0.0,0.0,0.0,0.0,4.0,8.0,0.0,0.0,0.0,0.0,0.0,
GER-Bundesliga,2526,2025-09-27 1. FC Heidenheim 1846-FC Augsburg,1. FC Heidenheim 1846,Diant Ramaj,True,Goalkeeper,1,start,end,1.0,0.0,0.0,0.0,0.0,0.0,0.0,1.0,1.0,0.0,0.0,0.0,0.0,0.0,
GER-Bundesliga,2526,2025-09-27 1. FC Heidenheim 1846-FC Augsburg,FC Augsburg,Finn Dahmen,False,Goalkeeper,1,start,end,1.0,0.0,0.0,0.0,0.0,0.0,0.0,2.0,3.0,0.0,0.0,0.0,0.0,0.0,
GER-Bundesliga,2526,2025-09-27 Borussia Mönchengladbach-Eintracht Frankfurt,Borussia Mönchengladbach,Moritz Nicolas,True,Goalkeeper,1,start,end,1.0,0.0,0.0,0.0,0.0,0.0,0.0,6.0,1.0,0.0,0.0,0.0,0.0,0.0,
GER-Bundesliga,2526,2025-09-27 Borussia Mönchengladbach-Eintracht Frankfurt,Eintracht Frankfurt,Kauã Santos,False,Goalkeeper,1,start,end,1.0,0.0,0.0,0.0,0.0,0.0,0.0,4.0,4.0,0.0,0.0,0.0,0.0,0.0,
GER-Bundesliga,2526,2025-09-27 Mainz-Borussia Dortmund,Borussia Dortmund,Gregor Kobel,False,Goalkeeper,1,start,end,1.0,0.0,0.0,0.0,0.0,0.0,0.0,0.0,2.0,0.0,0.0,0.0,0.0,0.0,
GER-Bundesliga,2526,2025-09-27 Mainz-Borussia Dortmund,Mainz,Robin Zentner,True,Goalkeeper,1,start,end,1.0,1.0,1.0,0.0,1.0,0.0,0.0,2.0,1.0,0.0,0.0,0.0,0.0,0.0,
GER-Bundesliga,2526,2025-09-27 St. Pauli-Bayer Leverkusen,Bayer Leverkusen,Mark Flekken,False,Goalkeeper,1,start,end,1.0,0.0,0.0,0.0,0.0,0.0,0.0,1.0,4.0,0.0,0.0,0.0,0.0,0.0,
GER-Bundesliga,2526,2025-09-27 St. Pauli-Bayer Leverkusen,St. Pauli,Nikola Vasilj,True,Goalkeeper,1,start,end,1.0,0.0,0.0,0.0,0.0,0.0,0.0,2.0,2.0,0.0,0.0,0.0,0.0,0.0,
GER-Bundesliga,2526,2025-09-27 VfL Wolfsburg-RB Leipzig,RB Leipzig,Péter Gulácsi,False,Goalkeeper,1,start,end,1.0,0.0,0.0,0.0,0.0,0.0,0.0,0.0,4.0,0.0,0.0,0.0,0.0,0.0,
GER-Bundesliga,2526,2025-09-27 VfL Wolfsburg-RB Leipzig,VfL Wolfsburg,Kamil Grabara,True,Goalkeeper,1,start,end,1.0,0.0,0.0,0.0,0.0,0.0,0.0,1.0,5.0,0.0,0.0,0.0,0.0,0.0,
GER-Bundesliga,2526,2025-09-28 1. FC Union Berlin-Hamburg SV,1. FC Union Berlin,Frederik Ronnow,True,Goalkeeper,1,start,end,1.0,0.0,0.0,0.0,0.0,0.0,0.0,0.0,6.0,0.0,0.0,0.0,0.0,0.0,
GER-Bundesliga,2526,2025-09-28 1. FC Union Berlin-Hamburg SV,Hamburg SV,Daniel Heuer Fernandes,False,Goalkeeper,1,start,end,1.0,0.0,0.0,0.0,0.0,0.0,0.0,0.0,2.0,0.0,0.0,0.0,0.0,0.0,
GER-Bundesliga,2526,2025-09-28 FC Cologne-VfB Stuttgart,FC Cologne,Marvin Schwäbe,True,Goalkeeper,1,start,end,1.0,1.0,0.0,0.0,0.0,0.0,0.0,2.0,3.0,0.0,0.0,0.0,0.0,0.0,
GER-Bundesliga,2526,2025-09-28 FC Cologne-VfB Stuttgart,VfB Stuttgart,Alexander Nübel,False,Goalkeeper,1,start,end,1.0,0.0,0.0,0.0,0.0,0.0,0.0,1.0,5.0,0.0,0.0,0.0,0.0,0.0,
GER-Bundesliga,2526,2025-09-28 SC Freiburg-TSG Hoffenheim,SC Freiburg,Noah Atubolu,True,Goalkeeper,1,start,end,1.0,0.0,0.0,0.0,0.0,0.0,0.0,1.0,3.0,0.0,0.0,0.0,0.0,0.0,
GER-Bundesliga,2526,2025-09-28 SC Freiburg-TSG Hoffenheim,TSG Hoffenheim,Oliver Baumann,False,Goalkeeper,1,start,end,1.0,0.0,0.0,0.0,0.0,0.0,0.0,1.0,0.0,0.0,0.0,0.0,0.0,0.0,
GER-Bundesliga,2526,2025-10-03 TSG Hoffenheim-FC Cologne,FC Cologne,Marvin Schwäbe,False,Goalkeeper,1,start,end,1.0,0.0,0.0,0.0,0.0,0.0,0.0,0.0,4.0,0.0,0.0,0.0,0.0,0.0,
GER-Bundesliga,2526,2025-10-03 TSG Hoffenheim-FC Cologne,TSG Hoffenheim,Oliver Baumann,True,Goalkeeper,1,start,end,1.0,0.0,0.0,0.0,0.0,0.0,0.0,1.0,3.0,0.0,0.0,0.0,0.0,0.0,
GER-Bundesliga,2526,2025-10-04 Bayer Leverkusen-1. FC Union Berlin,1. FC Union Berlin,Frederik Ronnow,False,Goalkeeper,1,start,end,1.0,0.0,0.0,0.0,0.0,0.0,0.0,2.0,1.0,0.0,0.0,0.0,0.0,0.0,
GER-Bundesliga,2526,2025-10-04 Bayer Leverkusen-1. FC Union Berlin,Bayer Leverkusen,Mark Flekken,True,Goalkeeper,1,start,end,1.0,0.0,0.0,0.0,0.0,0.0,0.0,0.0,3.0,0.0,0.0,0.0,0.0,0.0,
GER-Bundesliga,2526,2025-10-04 Borussia Dortmund-RB Leipzig,Borussia Dortmund,Gregor Kobel,True,Goalkeeper,1,start,end,1.0,0.0,0.0,0.0,0.0,0.0,0.0,1.0,2.0,0.0,0.0,0.0,0.0,0.0,
GER-Bundesliga,2526,2025-10-04 Borussia Dortmund-RB Leipzig,RB Leipzig,Péter Gulácsi,False,Goalkeeper,1,start,end,1.0,0.0,0.0,0.0,0.0,0.0,0.0,1.0,2.0,0.0,0.0,0.0,0.0,0.0,
GER-Bundesliga,2526,2025-10-04 Eintracht Frankfurt-Bayern Munich,Bayern Munich,Manuel Neuer,False,Goalkeeper,1,start,end,1.0,0.0,0.0,0.0,0.0,0.0,0.0,0.0,1.0,0.0,0.0,0.0,0.0,0.0,
GER-Bundesliga,2526,2025-10-04 Eintracht Frankfurt-Bayern Munich,Eintracht Frankfurt,Kauã Santos,True,Goalkeeper,1,start,end,1.0,0.0,0.0,0.0,0.0,0.0,0.0,3.0,0.0,0.0,0.0,0.0,0.0,0.0,
GER-Bundesliga,2526,2025-10-04 FC Augsburg-VfL Wolfsburg,FC Augsburg,Finn Dahmen,True,Goalkeeper,1,start,end,1.0,0.0,0.0,0.0,0.0,0.0,0.0,1.0,3.0,0.0,0.0,0.0,0.0,0.0,
GER-Bundesliga,2526,2025-10-04 FC Augsburg-VfL Wolfsburg,VfL Wolfsburg,Kamil Grabara,False,Goalkeeper,1,start,end,1.0,0.0,1.0,0.0,0.0,0.0,0.0,3.0,2.0,0.0,0.0,0.0,0.0,0.0,
GER-Bundesliga,2526,2025-10-04 Werder Bremen-St. Pauli,St. Pauli,Nikola Vasilj,False,Goalkeeper,1,start,end,1.0,0.0,0.0,0.0,0.0,0.0,0.0,1.0,4.0,0.0,0.0,0.0,0.0,0.0,
GER-Bundesliga,2526,2025-10-04 Werder Bremen-St. Pauli,Werder Bremen,Karl Hein,True,Goalkeeper,1,start,end,1.0,0.0,0.0,0.0,0.0,0.0,0.0,0.0,3.0,0.0,0.0,0.0,0.0,0.0,
GER-Bundesliga,2526,2025-10-05 Borussia Mönchengladbach-SC Freiburg,Borussia Mönchengladbach,Moritz Nicolas,True,Goalkeeper,1,start,end,1.0,0.0,0.0,0.0,0.0,0.0,0.0,0.0,1.0,0.0,0.0,0.0,0.0,0.0,
GER-Bundesliga,2526,2025-10-05 Borussia Mönchengladbach-SC Freiburg,SC Freiburg,Noah Atubolu,False,Goalkeeper,1,start,end,1.0,0.0,0.0,0.0,0.0,0.0,0.0,0.0,5.0,0.0,0.0,0.0,0.0,0.0,
GER-Bundesliga,2526,2025-10-05 Hamburg SV-Mainz,Hamburg SV,Daniel Heuer Fernandes,True,Goalkeeper,1,start,end,1.0,0.0,1.0,0.0,0.0,0.0,0.0,0.0,4.0,0.0,0.0,0.0,0.0,0.0,
GER-Bundesliga,2526,2025-10-05 Hamburg SV-Mainz,Mainz,Lasse Rieß,False,Goalkeeper,1,start,end,1.0,0.0,0.0,0.0,0.0,0.0,0.0,4.0,5.0,0.0,0.0,0.0,0.0,0.0,
GER-Bundesliga,2526,2025-10-05 VfB Stuttgart-1. FC Heidenheim 1846,1. FC Heidenheim 1846,Diant Ramaj,False,Goalkeeper,1,start,end,1.0,0.0,0.0,0.0,0.0,0.0,0.0,1.0,5.0,0.0,0.0,0.0,0.0,0.0,
GER-Bundesliga,2526,2025-10-05 VfB Stuttgart-1. FC Heidenheim 1846,VfB Stuttgart,Alexander Nübel,True,Goalkeeper,1,start,end,1.0,0.0,0.0,0.0,0.0,0.0,0.0,0.0,1.0,0.0,0.0,0.0,0.0,0.0,
GER-Bundesliga,2526,2025-10-17 1. FC Union Berlin-Borussia Mönchengladbach,1. FC Union Berlin,Frederik Ronnow,True,Goalkeeper,1,start,end,1.0,0.0,0.0,0.0,0.0,0.0,0.0,1.0,1.0,0.0,0.0,0.0,0.0,0.0,
GER-Bundesliga,2526,2025-10-17 1. FC Union Berlin-Borussia Mönchengladbach,Borussia Mönchengladbach,Moritz Nicolas,False,Goalkeeper,1,start,end,1.0,0.0,0.0,0.0,0.0,0.0,0.0,3.0,2.0,0.0,0.0,0.0,0.0,0.0,
GER-Bundesliga,2526,2025-10-18 1. FC Heidenheim 1846-Werder Bremen,1. FC Heidenheim 1846,Diant Ramaj,True,Goalkeeper,1,start,end,1.0,0.0,0.0,0.0,0.0,0.0,0.0,2.0,2.0,0.0,0.0,0.0,0.0,0.0,
GER-Bundesliga,2526,2025-10-18 1. FC Heidenheim 1846-Werder Bremen,Werder Bremen,Mio Backhaus,False,Goalkeeper,1,start,end,1.0,0.0,0.0,0.0,0.0,0.0,0.0,2.0,9.0,0.0,0.0,0.0,0.0,0.0,
GER-Bundesliga,2526,2025-10-18 Bayern Munich-Borussia Dortmund,Bayern Munich,Manuel Neuer,True,Goalkeeper,1,start,end,1.0,0.0,0.0,0.0,0.0,0.0,0.0,1.0,0.0,0.0,0.0,0.0,0.0,0.0,
GER-Bundesliga,2526,2025-10-18 Bayern Munich-Borussia Dortmund,Borussia Dortmund,Gregor Kobel,False,Goalkeeper,1,start,end,1.0,0.0,0.0,0.0,0.0,0.0,0.0,2.0,6.0,0.0,0.0,0.0,0.0,0.0,
GER-Bundesliga,2526,2025-10-18 FC Cologne-FC Augsburg,FC Augsburg,Finn Dahmen,False,Goalkeeper,1,start,end,1.0,0.0,0.0,0.0,0.0,0.0,0.0,1.0,1.0,0.0,0.0,0.0,0.0,0.0,
GER-Bundesliga,2526,2025-10-18 FC Cologne-FC Augsburg,FC Cologne,Marvin Schwäbe,True,Goalkeeper,1,start,end,1.0,0.0,0.0,0.0,0.0,0.0,0.0,1.0,3.0,0.0,0.0,0.0,0.0,0.0,
GER-Bundesliga,2526,2025-10-18 Mainz-Bayer Leverkusen,Bayer Leverkusen,Mark Flekken,False,Goalkeeper,1,start,end,1.0,0.0,0.0,0.0,0.0,0.0,0.0,3.0,1.0,0.0,0.0,0.0,0.0,0.0,
GER-Bundesliga,2526,2025-10-18 Mainz-Bayer Leverkusen,Mainz,Lasse Rieß,True,Goalkeeper,1,start,end,1.0,0.0,0.0,0.0,0.0,0.0,0.0,4.0,3.0,0.0,0.0,0.0,0.0,0.0,
GER-Bundesliga,2526,2025-10-18 RB Leipzig-Hamburg SV,Hamburg SV,Daniel Heuer Fernandes,False,Goalkeeper,1,start,end,1.0,0.0,0.0,0.0,0.0,0.0,0.0,2.0,2.0,0.0,0.0,0.0,0.0,0.0,
GER-Bundesliga,2526,2025-10-18 RB Leipzig-Hamburg SV,RB Leipzig,Péter Gulácsi,True,Goalkeeper,1,start,end,1.0,0.0,0.0,0.0,0.0,0.0,0.0,1.0,2.0,0.0,0.0,0.0,0.0,0.0,
GER-Bundesliga,2526,2025-10-18 VfL Wolfsburg-VfB Stuttgart,VfB Stuttgart,Alexander Nübel,False,Goalkeeper,1,start,end,1.0,0.0,0.0,0.0,0.0,0.0,0.0,0.0,3.0,0.0,0.0,0.0,0.0,0.0,
GER-Bundesliga,2526,2025-10-18 VfL Wolfsburg-VfB Stuttgart,VfL Wolfsburg,Kamil Grabara,True,Goalkeeper,1,start,end,1.0,0.0,0.0,0.0,0.0,0.0,0.0,3.0,4.0,0.0,0.0,0.0,0.0,0.0,
GER-Bundesliga,2526,2025-10-19 SC Freiburg-Eintracht Frankfurt,Eintracht Frankfurt,Kauã Santos,False,Goalkeeper,1,start,end,1.0,0.0,0.0,0.0,0.0,0.0,0.0,2.0,3.0,0.0,0.0,0.0,0.0,0.0,
GER-Bundesliga,2526,2025-10-19 SC Freiburg-Eintracht Frankfurt,SC Freiburg,Noah Atubolu,True,Goalkeeper,1,start,end,1.0,0.0,0.0,0.0,0.0,0.0,0.0,2.0,1.0,0.0,0.0,0.0,0.0,0.0,
GER-Bundesliga,2526,2025-10-19 St. Pauli-TSG Hoffenheim,St. Pauli,Nikola Vasilj,True,Goalkeeper,1,start,end,1.0,0.0,0.0,0.0,0.0,0.0,0.0,3.0,3.0,0.0,0.0,0.0,0.0,0.0,
GER-Bundesliga,2526,2025-10-19 St. Pauli-TSG Hoffenheim,TSG Hoffenheim,Oliver Baumann,False,Goalkeeper,1,start,end,1.0,0.0,0.0,0.0,0.0,0.0,0.0,0.0,2.0,0.0,0.0,0.0,0.0,0.0,
GER-Bundesliga,2526,2025-10-24 Werder Bremen-1. FC Union Berlin,1. FC Union Berlin,Frederik Ronnow,False,Goalkeeper,1,start,end,1.0,0.0,0.0,0.0,0.0,0.0,0.0,1.0,2.0,0.0,0.0,0.0,0.0,0.0,
GER-Bundesliga,2526,2025-10-24 Werder Bremen-1. FC Union Berlin,Werder Bremen,Mio Backhaus,True,Goalkeeper,1,start,end,1.0,0.0,0.0,0.0,0.0,0.0,0.0,0.0,2.0,0.0,0.0,0.0,0.0,0.0,
GER-Bundesliga,2526,2025-10-25 Borussia Dortmund-FC Cologne,Borussia Dortmund,Gregor Kobel,True,Goalkeeper,1,start,end,1.0,0.0,0.0,0.0,0.0,0.0,0.0,0.0,1.0,0.0,0.0,0.0,0.0,0.0,
GER-Bundesliga,2526,2025-10-25 Borussia Dortmund-FC Cologne,FC Cologne,Marvin Schwäbe,False,Goalkeeper,1,start,end,1.0,0.0,0.0,0.0,0.0,0.0,0.0,1.0,8.0,0.0,0.0,0.0,0.0,0.0,
GER-Bundesliga,2526,2025-10-25 Borussia Mönchengladbach-Bayern Munich,Bayern Munich,Jonas Urbig,False,Goalkeeper,1,start,end,1.0,0.0,0.0,0.0,0.0,0.0,0.0,0.0,0.0,0.0,0.0,0.0,0.0,0.0,
GER-Bundesliga,2526,2025-10-25 Borussia Mönchengladbach-Bayern Munich,Borussia Mönchengladbach,Moritz Nicolas,True,Goalkeeper,1,start,end,1.0,0.0,0.0,0.0,0.0,0.0,0.0,3.0,7.0,0.0,0.0,0.0,0.0,0.0,
GER-Bundesliga,2526,2025-10-25 Eintracht Frankfurt-St. Pauli,Eintracht Frankfurt,Michael Zetterer,True,Goalkeeper,1,start,end,1.0,0.0,0.0,0.0,0.0,0.0,0.0,0.0,1.0,0.0,0.0,0.0,0.0,0.0,
GER-Bundesliga,2526,2025-10-25 Eintracht Frankfurt-St. Pauli,St. Pauli,Nikola Vasilj,False,Goalkeeper,1,start,end,1.0,0.0,0.0,0.0,0.0,0.0,0.0,2.0,4.0,0.0,0.0,0.0,0.0,0.0,
GER-Bundesliga,2526,2025-10-25 FC Augsburg-RB Leipzig,FC Augsburg,Finn Dahmen,True,Goalkeeper,1,start,end,1.0,0.0,0.0,0.0,0.0,0.0,0.0,6.0,2.0,0.0,0.0,0.0,0.0,0.0,
GER-Bundesliga,2526,2025-10-25 FC Augsburg-RB Leipzig,RB Leipzig,Péter Gulácsi,False,Goalkeeper,1,start,end,1.0,0.0,0.0,0.0,0.0,0.0,0.0,0.0,2.0,0.0,0.0,0.0,0.0,0.0,
GER-Bundesliga,2526,2025-10-25 Hamburg SV-VfL Wolfsburg,Hamburg SV,Daniel Heuer Fernandes,True,Goalkeeper,1,start,end,1.0,0.0,0.0,0.0,0.0,0.0,0.0,1.0,1.0,0.0,0.0,0.0,0.0,0.0,
GER-Bundesliga,2526,2025-10-25 Hamburg SV-VfL Wolfsburg,VfL Wolfsburg,Kamil Grabara,False,Goalkeeper,1,start,end,1.0,0.0,0.0,0.0,0.0,0.0,0.0,0.0,7.0,0.0,0.0,0.0,0.0,0.0,
GER-Bundesliga,2526,2025-10-25 TSG Hoffenheim-1. FC Heidenheim 1846,1. FC Heidenheim 1846,Diant Ramaj,False,Goalkeeper,1,start,end,1.0,0.0,1.0,0.0,0.0,0.0,0.0,3.0,4.0,0.0,0.0,0.0,0.0,0.0,
GER-Bundesliga,2526,2025-10-25 TSG Hoffenheim-1. FC Heidenheim 1846,TSG Hoffenheim,Oliver Baumann,True,Goalkeeper,1,start,end,1.0,0.0,0.0,0.0,0.0,0.0,0.0,1.0,2.0,0.0,0.0,0.0,0.0,0.0,
GER-Bundesliga,2526,2025-10-26 Bayer Leverkusen-SC Freiburg,Bayer Leverkusen,Mark Flekken,True,Goalkeeper,1,start,end,1.0,0.0,0.0,0.0,0.0,0.0,0.0,0.0,3.0,0.0,0.0,0.0,0.0,0.0,
GER-Bundesliga,2526,2025-10-26 Bayer Leverkusen-SC Freiburg,SC Freiburg,Noah Atubolu,False,Goalkeeper,1,start,end,1.0,0.0,0.0,0.0,0.0,0.0,0.0,2.0,2.0,0.0,0.0,0.0,0.0,0.0,
GER-Bundesliga,2526,2025-10-26 VfB Stuttgart-Mainz,Mainz,Robin Zentner,False,Goalkeeper,1,start,end,1.0,0.0,0.0,0.0,0.0,0.0,0.0,2.0,6.0,0.0,0.0,0.0,0.0,0.0,
GER-Bundesliga,2526,2025-10-26 VfB Stuttgart-Mainz,VfB Stuttgart,Alexander Nübel,True,Goalkeeper,1,start,end,1.0,0.0,1.0,0.0,0.0,0.0,0.0,1.0,1.0,0.0,1.0,0.0,0.0,0.0,
GER-Bundesliga,2526,2025-10-31 FC Augsburg-Borussia Dortmund,Borussia Dortmund,Gregor Kobel,False,Goalkeeper,1,start,end,1.0,0.0,0.0,0.0,0.0,0.0,1.0,0.0,1.0,0.0,0.0,0.0,0.0,0.0,
GER-Bundesliga,2526,2025-10-31 FC Augsburg-Borussia Dortmund,FC Augsburg,Finn Dahmen,True,Goalkeeper,1,start,end,1.0,0.0,0.0,0.0,0.0,0.0,0.0,1.0,0.0,0.0,0.0,0.0,0.0,0.0,
GER-Bundesliga,2526,2025-11-01 1. FC Heidenheim 1846-Eintracht Frankfurt,1. FC Heidenheim 1846,Diant Ramaj,True,Goalkeeper,1,start,end,1.0,0.0,0.0,0.0,0.0,0.0,0.0,1.0,2.0,0.0,0.0,0.0,0.0,0.0,
GER-Bundesliga,2526,2025-11-01 1. FC Heidenheim 1846-Eintracht Frankfurt,Eintracht Frankfurt,Michael Zetterer,False,Goalkeeper,1,start,end,1.0,0.0,0.0,0.0,0.0,0.0,0.0,1.0,3.0,0.0,0.0,0.0,0.0,0.0,
GER-Bundesliga,2526,2025-11-01 1. FC Union Berlin-SC Freiburg,1. FC Union Berlin,Frederik Ronnow,True,Goalkeeper,1,start,end,1.0,0.0,0.0,0.0,0.0,0.0,0.0,0.0,4.0,0.0,0.0,0.0,0.0,0.0,
GER-Bundesliga,2526,2025-11-01 1. FC Union Berlin-SC Freiburg,SC Freiburg,Noah Atubolu,False,Goalkeeper,1,start,end,1.0,0.0,0.0,0.0,0.0,0.0,0.0,0.0,2.0,0.0,0.0,0.0,0.0,0.0,
GER-Bundesliga,2526,2025-11-01 Bayern Munich-Bayer Leverkusen,Bayer Leverkusen,Mark Flekken,False,Goalkeeper,1,start,end,1.0,0.0,0.0,0.0,0.0,0.0,0.0,3.0,2.0,0.0,0.0,0.0,0.0,0.0,
GER-Bundesliga,2526,2025-11-01 Bayern Munich-Bayer Leverkusen,Bayern Munich,Manuel Neuer,True,Goalkeeper,1,start,end,1.0,0.0,0.0,0.0,0.0,0.0,0.0,0.0,1.0,0.0,0.0,0.0,0.0,0.0,
GER-Bundesliga,2526,2025-11-01 Mainz-Werder Bremen,Mainz,Robin Zentner,True,Goalkeeper,1,start,end,1.0,0.0,0.0,0.0,0.0,0.0,0.0,1.0,2.0,0.0,0.0,0.0,0.0,0.0,
GER-Bundesliga,2526,2025-11-01 Mainz-Werder Bremen,Werder Bremen,Mio Backhaus,False,Goalkeeper,1,start,end,1.0,0.0,0.0,0.0,0.0,0.0,0.0,1.0,3.0,0.0,0.0,0.0,0.0,0.0,
GER-Bundesliga,2526,2025-11-01 RB Leipzig-VfB Stuttgart,RB Leipzig,Péter Gulácsi,True,Goalkeeper,1,start,end,1.0,0.0,0.0,0.0,0.0,0.0,0.0,1.0,3.0,0.0,0.0,0.0,0.0,0.0,
GER-Bundesliga,2526,2025-11-01 RB Leipzig-VfB Stuttgart,VfB Stuttgart,Alexander Nübel,False,Goalkeeper,1,start,end,1.0,0.0,0.0,0.0,0.0,0.0,0.0,3.0,7.0,0.0,0.0,0.0,0.0,0.0,
GER-Bundesliga,2526,2025-11-01 St. Pauli-Borussia Mönchengladbach,Borussia Mönchengladbach,Moritz Nicolas,False,Goalkeeper,1,start,end,1.0,0.0,0.0,0.0,0.0,0.0,0.0,0.0,4.0,0.0,0.0,0.0,0.0,0.0,
GER-Bundesliga,2526,2025-11-01 St. Pauli-Borussia Mönchengladbach,St. Pauli,Nikola Vasilj,True,Goalkeeper,1,start,end,1.0,0.0,0.0,0.0,0.0,0.0,0.0,4.0,7.0,0.0,0.0,0.0,0.0,0.0,
GER-Bundesliga,2526,2025-11-02 FC Cologne-Hamburg SV,FC Cologne,Marvin Schwäbe,True,Goalkeeper,1,start,end,1.0,0.0,0.0,0.0,0.0,0.0,0.0,1.0,4.0,0.0,0.0,0.0,0.0,0.0,
GER-Bundesliga,2526,2025-11-02 FC Cologne-Hamburg SV,Hamburg SV,Daniel Heuer Fernandes,False,Goalkeeper,1,start,end,1.0,0.0,0.0,0.0,0.0,0.0,0.0,4.0,5.0,0.0,0.0,0.0,0.0,0.0,
GER-Bundesliga,2526,2025-11-02 VfL Wolfsburg-TSG Hoffenheim,TSG Hoffenheim,Oliver Baumann,False,Goalkeeper,1,start,end,1.0,0.0,1.0,0.0,0.0,0.0,0.0,2.0,4.0,0.0,0.0,0.0,0.0,0.0,
GER-Bundesliga,2526,2025-11-02 VfL Wolfsburg-TSG Hoffenheim,VfL Wolfsburg,Kamil Grabara,True,Goalkeeper,1,start,end,1.0,0.0,0.0,0.0,0.0,0.0,0.0,3.0,1.0,0.0,0.0,0.0,0.0,0.0,
GER-Bundesliga,2526,2025-11-07 Werder Bremen-VfL Wolfsburg,VfL Wolfsburg,Kamil Grabara,False,Goalkeeper,1,start,end,1.0,0.0,0.0,0.0,0.0,0.0,0.0,2.0,5.0,0.0,0.0,0.0,0.0,0.0,
GER-Bundesliga,2526,2025-11-07 Werder Bremen-VfL Wolfsburg,Werder Bremen,Mio Backhaus,True,Goalkeeper,1,start,end,1.0,0.0,0.0,0.0,0.0,0.0,0.0,1.0,3.0,0.0,0.0,0.0,0.0,0.0,
GER-Bundesliga,2526,2025-11-08 1. FC Union Berlin-Bayern Munich,1. FC Union Berlin,Frederik Ronnow,True,Goalkeeper,1,start,end,1.0,0.0,0.0,0.0,0.0,0.0,0.0,2.0,2.0,0.0,0.0,0.0,0.0,0.0,
GER-Bundesliga,2526,2025-11-08 1. FC Union Berlin-Bayern Munich,Bayern Munich,Manuel Neuer,False,Goalkeeper,1,start,end,1.0,0.0,0.0,0.0,0.0,0.0,0.0,2.0,2.0,0.0,0.0,0.0,0.0,0.0,
GER-Bundesliga,2526,2025-11-08 Bayer Leverkusen-1. FC Heidenheim 1846,1. FC Heidenheim 1846,Diant Ramaj,False,Goalkeeper,1,start,end,1.0,0.0,0.0,0.0,0.0,0.0,0.0,6.0,4.0,0.0,0.0,0.0,0.0,0.0,
GER-Bundesliga,2526,2025-11-08 Bayer Leverkusen-1. FC Heidenheim 1846,Bayer Leverkusen,Mark Flekken,True,Goalkeeper,1,start,end,1.0,0.0,0.0,0.0,0.0,0.0,0.0,0.0,0.0,0.0,0.0,0.0,0.0,0.0,
GER-Bundesliga,2526,2025-11-08 Borussia Mönchengladbach-FC Cologne,Borussia Mönchengladbach,Moritz Nicolas,True,Goalkeeper,1,start,end,1.0,0.0,0.0,0.0,0.0,0.0,0.0,1.0,4.0,0.0,0.0,0.0,0.0,0.0,
GER-Bundesliga,2526,2025-11-08 Borussia Mönchengladbach-FC Cologne,FC Cologne,Marvin Schwäbe,False,Goalkeeper,1,start,end,1.0,0.0,0.0,0.0,0.0,0.0,0.0,3.0,1.0,0.0,0.0,0.0,0.0,0.0,
GER-Bundesliga,2526,2025-11-08 Hamburg SV-Borussia Dortmund,Borussia Dortmund,Gregor Kobel,False,Goalkeeper,1,start,end,1.0,0.0,1.0,0.0,0.0,0.0,0.0,1.0,2.0,0.0,0.0,0.0,0.0,0.0,
GER-Bundesliga,2526,2025-11-08 Hamburg SV-Borussia Dortmund,Hamburg SV,Daniel Heuer Fernandes,True,Goalkeeper,1,start,end,1.0,0.0,0.0,0.0,0.0,0.0,0.0,1.0,0.0,0.0,0.0,0.0,0.0,0.0,
GER-Bundesliga,2526,2025-11-08 TSG Hoffenheim-RB Leipzig,RB Leipzig,Péter Gulácsi,False,Goalkeeper,1,start,end,1.0,0.0,0.0,0.0,0.0,0.0,0.0,3.0,1.0,0.0,0.0,0.0,0.0,0.0,
GER-Bundesliga,2526,2025-11-08 TSG Hoffenheim-RB Leipzig,TSG Hoffenheim,Oliver Baumann,True,Goalkeeper,1,start,end,1.0,0.0,0.0,0.0,0.0,0.0,0.0,1.0,5.0,0.0,0.0,0.0,0.0,0.0,
GER-Bundesliga,2526,2025-11-09 Eintracht Frankfurt-Mainz,Eintracht Frankfurt,Michael Zetterer,True,Goalkeeper,1,start,end,1.0,0.0,1.0,0.0,0.0,0.0,0.0,0.0,0.0,0.0,0.0,0.0,0.0,0.0,
GER-Bundesliga,2526,2025-11-09 Eintracht Frankfurt-Mainz,Mainz,Robin Zentner,False,Goalkeeper,1,start,end,1.0,1.0,0.0,0.0,0.0,0.0,1.0,1.0,3.0,0.0,0.0,0.0,0.0,0.0,
GER-Bundesliga,2526,2025-11-09 SC Freiburg-St. Pauli,SC Freiburg,Noah Atubolu,True,Goalkeeper,1,start,end,1.0,0.0,0.0,0.0,0.0,0.0,0.0,1.0,1.0,0.0,0.0,0.0,0.0,0.0,
GER-Bundesliga,2526,2025-11-09 SC Freiburg-St. Pauli,St. Pauli,Nikola Vasilj,False,Goalkeeper,1,start,end,1.0,0.0,0.0,0.0,0.0,0.0,0.0,2.0,2.0,0.0,0.0,0.0,0.0,0.0,
GER-Bundesliga,2526,2025-11-09 VfB Stuttgart-FC Augsburg,FC Augsburg,Finn Dahmen,False,Goalkeeper,1,start,end,1.0,0.0,0.0,0.0,0.0,0.0,0.0,3.0,3.0,0.0,0.0,0.0,0.0,0.0,
GER-Bundesliga,2526,2025-11-09 VfB Stuttgart-FC Augsburg,VfB Stuttgart,Alexander Nübel,True,Goalkeeper,1,start,end,1.0,0.0,0.0,0.0,0.0,0.0,0.0,2.0,4.0,0.0,0.0,0.0,0.0,0.0,
GER-Bundesliga,2526,2025-11-21 Mainz-TSG Hoffenheim,Mainz,Robin Zentner,True,Goalkeeper,1,start,end,1.0,0.0,0.0,0.0,0.0,0.0,0.0,1.0,4.0,0.0,0.0,0.0,0.0,0.0,
GER-Bundesliga,2526,2025-11-21 Mainz-TSG Hoffenheim,TSG Hoffenheim,Oliver Baumann,False,Goalkeeper,1,start,end,1.0,0.0,0.0,0.0,0.0,0.0,0.0,1.0,0.0,0.0,0.0,0.0,0.0,0.0,
GER-Bundesliga,2526,2025-11-22 1. FC Heidenheim 1846-Borussia Mönchengladbach,1. FC Heidenheim 1846,Diant Ramaj,True,Goalkeeper,1,start,end,1.0,0.0,0.0,0.0,0.0,0.0,0.0,3.0,1.0,0.0,0.0,0.0,0.0,0.0,
GER-Bundesliga,2526,2025-11-22 1. FC Heidenheim 1846-Borussia Mönchengladbach,Borussia Mönchengladbach,Moritz Nicolas,False,Goalkeeper,1,start,end,1.0,0.0,0.0,0.0,0.0,0.0,0.0,0.0,2.0,0.0,0.0,0.0,0.0,0.0,
GER-Bundesliga,2526,2025-11-22 Bayern Munich-SC Freiburg,Bayern Munich,Manuel Neuer,True,Goalkeeper,1,start,end,1.0,0.0,0.0,0.0,0.0,0.0,0.0,2.0,0.0,0.0,0.0,0.0,0.0,0.0,
GER-Bundesliga,2526,2025-11-22 Bayern Munich-SC Freiburg,SC Freiburg,Noah Atubolu,False,Goalkeeper,1,start,end,1.0,0.0,0.0,0.0,0.0,0.0,0.0,6.0,2.0,0.0,0.0,0.0,0.0,0.0,
GER-Bundesliga,2526,2025-11-22 Borussia Dortmund-VfB Stuttgart,Borussia Dortmund,Gregor Kobel,True,Goalkeeper,1,start,end,1.0,0.0,0.0,0.0,0.0,0.0,0.0,3.0,3.0,0.0,0.0,0.0,0.0,0.0,
GER-Bundesliga,2526,2025-11-22 Borussia Dortmund-VfB Stuttgart,VfB Stuttgart,Alexander Nübel,False,Goalkeeper,1,start,end,1.0,0.0,0.0,0.0,0.0,0.0,0.0,3.0,3.0,0.0,0.0,0.0,0.0,0.0,
GER-Bundesliga,2526,2025-11-22 FC Augsburg-Hamburg SV,FC Augsburg,Finn Dahmen,True,Goalkeeper,1,start,end,1.0,0.0,0.0,0.0,0.0,0.0,0.0,0.0,5.0,0.0,0.0,0.0,0.0,0.0,
GER-Bundesliga,2526,2025-11-22 FC Augsburg-Hamburg SV,Hamburg SV,Daniel Heuer Fernandes,False,Goalkeeper,1,start,end,1.0,0.0,0.0,0.0,0.0,0.0,0.0,1.0,5.0,0.0,0.0,0.0,0.0,1.0,
GER-Bundesliga,2526,2025-11-22 FC Cologne-Eintracht Frankfurt,Eintracht Frankfurt,Michael Zetterer,False,Goalkeeper,1,start,end,1.0,0.0,0.0,0.0,0.0,0.0,0.0,3.0,2.0,0.0,0.0,0.0,0.0,0.0,
GER-Bundesliga,2526,2025-11-22 FC Cologne-Eintracht Frankfurt,FC Cologne,Marvin Schwäbe,True,Goalkeeper,1,start,end,1.0,0.0,0.0,0.0,0.0,0.0,0.0,4.0,3.0,0.0,0.0,0.0,0.0,0.0,
GER-Bundesliga,2526,2025-11-22 VfL Wolfsburg-Bayer Leverkusen,Bayer Leverkusen,Mark Flekken,False,Goalkeeper,1,start,end,1.0,0.0,0.0,0.0,0.0,0.0,0.0,1.0,9.0,0.0,0.0,0.0,0.0,0.0,
GER-Bundesliga,2526,2025-11-22 VfL Wolfsburg-Bayer Leverkusen,VfL Wolfsburg,Kamil Grabara,True,Goalkeeper,1,start,end,1.0,0.0,0.0,0.0,0.0,0.0,0.0,3.0,0.0,0.0,0.0,0.0,0.0,0.0,
GER-Bundesliga,2526,2025-11-23 RB Leipzig-Werder Bremen,RB Leipzig,Péter Gulácsi,True,Goalkeeper,1,start,end,1.0,0.0,0.0,0.0,0.0,0.0,0.0,0.0,5.0,0.0,0.0,0.0,0.0,0.0,
GER-Bundesliga,2526,2025-11-23 RB Leipzig-Werder Bremen,Werder Bremen,Mio Backhaus,False,Goalkeeper,1,start,end,1.0,0.0,0.0,0.0,0.0,0.0,0.0,2.0,10.0,0.0,0.0,0.0,0.0,0.0,
GER-Bundesliga,2526,2025-11-23 St. Pauli-1. FC Union Berlin,1. FC Union Berlin,Frederik Ronnow,False,Goalkeeper,1,start,end,1.0,0.0,0.0,0.0,0.0,0.0,0.0,0.0,3.0,0.0,0.0,0.0,0.0,0.0,
GER-Bundesliga,2526,2025-11-23 St. Pauli-1. FC Union Berlin,St. Pauli,Nikola Vasilj,True,Goalkeeper,1,start,end,1.0,0.0,0.0,0.0,0.0,0.0,0.0,1.0,2.0,0.0,0.0,0.0,0.0,0.0,
GER-Bundesliga,2526,2025-11-28 Borussia Mönchengladbach-RB Leipzig,Borussia Mönchengladbach,Moritz Nicolas,True,Goalkeeper,1,start,end,1.0,0.0,0.0,0.0,0.0,0.0,0.0,0.0,4.0,0.0,0.0,0.0,0.0,0.0,
GER-Bundesliga,2526,2025-11-28 Borussia Mönchengladbach-RB Leipzig,RB Leipzig,Péter Gulácsi,False,Goalkeeper,1,start,end,1.0,0.0,0.0,0.0,0.0,0.0,0.0,0.0,0.0,0.0,0.0,0.0,0.0,0.0,
GER-Bundesliga,2526,2025-11-29 1. FC Union Berlin-1. FC Heidenheim 1846,1. FC Heidenheim 1846,Diant Ramaj,False,Goalkeeper,1,start,end,1.0,0.0,0.0,0.0,0.0,0.0,0.0,1.0,1.0,0.0,0.0,0.0,0.0,0.0,
GER-Bundesliga,2526,2025-11-29 1. FC Union Berlin-1. FC Heidenheim 1846,1. FC Union Berlin,Frederik Ronnow,True,Goalkeeper,1,start,end,1.0,0.0,0.0,0.0,0.0,0.0,0.0,2.0,0.0,0.0,0.0,0.0,0.0,0.0,
GER-Bundesliga,2526,2025-11-29 Bayer Leverkusen-Borussia Dortmund,Bayer Leverkusen,Mark Flekken,True,Goalkeeper,1,start,end,1.0,0.0,0.0,0.0,0.0,0.0,0.0,2.0,2.0,0.0,0.0,0.0,0.0,0.0,
GER-Bundesliga,2526,2025-11-29 Bayer Leverkusen-Borussia Dortmund,Borussia Dortmund,Gregor Kobel,False,Goalkeeper,1,start,end,1.0,0.0,0.0,0.0,0.0,0.0,0.0,1.0,3.0,0.0,0.0,0.0,0.0,0.0,
GER-Bundesliga,2526,2025-11-29 Bayern Munich-St. Pauli,Bayern Munich,Manuel Neuer,True,Goalkeeper,1,start,end,1.0,0.0,0.0,0.0,0.0,0.0,0.0,1.0,0.0,0.0,0.0,0.0,0.0,0.0,
GER-Bundesliga,2526,2025-11-29 Bayern Munich-St. Pauli,St. Pauli,Nikola Vasilj,False,Goalkeeper,1,start,end,1.0,0.0,0.0,0.0,0.0,0.0,0.0,3.0,1.0,0.0,0.0,0.0,0.0,0.0,
GER-Bundesliga,2526,2025-11-29 TSG Hoffenheim-FC Augsburg,FC Augsburg,Finn Dahmen,False,Goalkeeper,1,start,end,1.0,0.0,1.0,0.0,0.0,0.0,0.0,3.0,1.0,0.0,0.0,0.0,0.0,0.0,
GER-Bundesliga,2526,2025-11-29 TSG Hoffenheim-FC Augsburg,TSG Hoffenheim,Oliver Baumann,True,Goalkeeper,1,start,end,1.0,0.0,0.0,0.0,0.0,0.0,0.0,0.0,4.0,0.0,0.0,0.0,0.0,0.0,
GER-Bundesliga,2526,2025-11-29 Werder Bremen-FC Cologne,FC Cologne,Marvin Schwäbe,False,Goalkeeper,1,start,end,1.0,0.0,0.0,0.0,0.0,0.0,0.0,1.0,3.0,0.0,0.0,0.0,0.0,0.0,
GER-Bundesliga,2526,2025-11-29 Werder Bremen-FC Cologne,Werder Bremen,Mio Backhaus,True,Goalkeeper,1,start,end,1.0,0.0,1.0,0.0,0.0,0.0,0.0,1.0,1.0,0.0,0.0,0.0,0.0,0.0,
GER-Bundesliga,2526,2025-11-30 Eintracht Frankfurt-VfL Wolfsburg,Eintracht Frankfurt,Michael Zetterer,True,Goalkeeper,1,start,end,1.0,0.0,0.0,0.0,0.0,0.0,0.0,1.0,2.0,0.0,0.0,0.0,0.0,0.0,
GER-Bundesliga,2526,2025-11-30 Eintracht Frankfurt-VfL Wolfsburg,VfL Wolfsburg,Kamil Grabara,False,Goalkeeper,1,start,end,1.0,0.0,0.0,0.0,0.0,0.0,0.0,1.0,1.0,0.0,0.0,0.0,0.0,0.0,
GER-Bundesliga,2526,2025-11-30 Hamburg SV-VfB Stuttgart,Hamburg SV,Daniel Heuer Fernandes,True,Goalkeeper,1,start,end,1.0,0.0,1.0,0.0,0.0,0.0,0.0,1.0,2.0,0.0,0.0,0.0,0.0,0.0,
GER-Bundesliga,2526,2025-11-30 Hamburg SV-VfB Stuttgart,VfB Stuttgart,Alexander Nübel,False,Goalkeeper,1,start,end,1.0,0.0,0.0,0.0,0.0,0.0,0.0,2.0,0.0,0.0,0.0,0.0,0.0,0.0,
GER-Bundesliga,2526,2025-11-30 SC Freiburg-Mainz,Mainz,Lasse Rieß,False,Goalkeeper,1,start,end,1.0,0.0,1.0,0.0,0.0,0.0,0.0,4.0,6.0,0.0,0.0,0.0,0.0,0.0,
GER-Bundesliga,2526,2025-11-30 SC Freiburg-Mainz,SC Freiburg,Noah Atubolu,True,Goalkeeper,1,start,end,1.0,0.0,0.0,0.0,0.0,0.0,0.0,0.0,1.0,0.0,0.0,0.0,0.0,0.0,
GER-Bundesliga,2526,2025-12-05 Mainz-Borussia Mönchengladbach,Borussia Mönchengladbach,Moritz Nicolas,False,Goalkeeper,1,start,end,1.0,0.0,0.0,0.0,0.0,0.0,0.0,0.0,2.0,0.0,0.0,0.0,0.0,0.0,
GER-Bundesliga,2526,2025-12-05 Mainz-Borussia Mönchengladbach,Mainz,Daniel Batz,True,Goalkeeper,1,start,end,1.0,0.0,0.0,0.0,0.0,0.0,0.0,1.0,4.0,0.0,0.0,0.0,0.0,0.0,
GER-Bundesliga,2526,2025-12-06 1. FC Heidenheim 1846-SC Freiburg,1. FC Heidenheim 1846,Diant Ramaj,True,Goalkeeper,1,start,end,1.0,0.0,0.0,0.0,0.0,0.0,0.0,1.0,1.0,0.0,0.0,0.0,0.0,0.0,
GER-Bundesliga,2526,2025-12-06 1. FC Heidenheim 1846-SC Freiburg,SC Freiburg,Noah Atubolu,False,Goalkeeper,1,start,end,1.0,0.0,1.0,0.0,0.0,0.0,0.0,2.0,1.0,0.0,0.0,0.0,0.0,0.0,
GER-Bundesliga,2526,2025-12-06 FC Augsburg-Bayer Leverkusen,Bayer Leverkusen,Mark Flekken,False,Goalkeeper,1,start,end,1.0,0.0,0.0,0.0,0.0,0.0,0.0,2.0,4.0,0.0,0.0,0.0,0.0,0.0,
GER-Bundesliga,2526,2025-12-06 FC Augsburg-Bayer Leverkusen,FC Augsburg,Finn Dahmen,True,Goalkeeper,1,start,end,1.0,0.0,1.0,0.0,0.0,0.0,0.0,0.0,2.0,0.0,0.0,0.0,0.0,0.0,
GER-Bundesliga,2526,2025-12-06 FC Cologne-St. Pauli,FC Cologne,Marvin Schwäbe,True,Goalkeeper,1,start,end,1.0,0.0,0.0,0.0,0.0,0.0,0.0,1.0,0.0,0.0,0.0,0.0,0.0,0.0,
GER-Bundesliga,2526,2025-12-06 FC Cologne-St. Pauli,St. Pauli,Nikola Vasilj,False,Goalkeeper,1,start,end,1.0,0.0,0.0,0.0,0.0,0.0,0.0,1.0,6.0,0.0,0.0,0.0,0.0,0.0,
GER-Bundesliga,2526,2025-12-06 RB Leipzig-Eintracht Frankfurt,Eintracht Frankfurt,Michael Zetterer,False,Goalkeeper,1,start,end,1.0,0.0,0.0,0.0,0.0,0.0,0.0,6.0,1.0,0.0,0.0,0.0,0.0,0.0,
GER-Bundesliga,2526,2025-12-06 RB Leipzig-Eintracht Frankfurt,RB Leipzig,Péter Gulácsi,True,Goalkeeper,1,start,end,1.0,0.0,0.0,0.0,0.0,0.0,0.0,0.0,2.0,0.0,0.0,0.0,0.0,0.0,
GER-Bundesliga,2526,2025-12-06 VfB Stuttgart-Bayern Munich,Bayern Munich,Jonas Urbig,False,Goalkeeper,1,start,end,1.0,0.0,0.0,0.0,0.0,0.0,0.0,0.0,1.0,0.0,0.0,0.0,0.0,0.0,
GER-Bundesliga,2526,2025-12-06 VfB Stuttgart-Bayern Munich,VfB Stuttgart,Alexander Nübel,True,Goalkeeper,1,start,end,1.0,0.0,1.0,0.0,0.0,0.0,0.0,5.0,5.0,0.0,0.0,0.0,0.0,0.0,
GER-Bundesliga,2526,2025-12-06 VfL Wolfsburg-1. FC Union Berlin,1. FC Union Berlin,Frederik Ronnow,False,Goalkeeper,1,start,end,1.0,0.0,0.0,0.0,0.0,0.0,0.0,3.0,0.0,0.0,0.0,0.0,0.0,0.0,
GER-Bundesliga,2526,2025-12-06 VfL Wolfsburg-1. FC Union Berlin,VfL Wolfsburg,Kamil Grabara,True,Goalkeeper,1,start,end,1.0,0.0,0.0,0.0,0.0,0.0,0.0,1.0,5.0,0.0,0.0,0.0,0.0,0.0,
GER-Bundesliga,2526,2025-12-07 Borussia Dortmund-TSG Hoffenheim,Borussia Dortmund,Gregor Kobel,True,Goalkeeper,1,start,end,1.0,0.0,0.0,0.0,0.0,0.0,0.0,0.0,3.0,0.0,0.0,0.0,0.0,0.0,
GER-Bundesliga,2526,2025-12-07 Borussia Dortmund-TSG Hoffenheim,TSG Hoffenheim,Oliver Baumann,False,Goalkeeper,1,start,end,1.0,0.0,0.0,0.0,0.0,0.0,0.0,2.0,2.0,0.0,0.0,0.0,0.0,0.0,
GER-Bundesliga,2526,2025-12-07 Hamburg SV-Werder Bremen,Hamburg SV,Daniel Heuer Fernandes,True,Goalkeeper,1,start,end,1.0,0.0,0.0,0.0,0.0,0.0,0.0,2.0,1.0,0.0,0.0,0.0,0.0,0.0,
GER-Bundesliga,2526,2025-12-07 Hamburg SV-Werder Bremen,Werder Bremen,Mio Backhaus,False,Goalkeeper,1,start,end,1.0,0.0,0.0,0.0,0.0,0.0,0.0,3.0,3.0,0.0,0.0,0.0,0.0,0.0,
GER-Bundesliga,2526,2025-12-12 1. FC Union Berlin-RB Leipzig,1. FC Union Berlin,Frederik Ronnow,True,Goalkeeper,1,start,end,1.0,0.0,0.0,0.0,0.0,0.0,0.0,1.0,2.0,0.0,0.0,0.0,0.0,0.0,
GER-Bundesliga,2526,2025-12-12 1. FC Union Berlin-RB Leipzig,RB Leipzig,Péter Gulácsi,False,Goalkeeper,1,start,end,1.0,0.0,0.0,0.0,0.0,0.0,0.0,3.0,3.0,0.0,0.0,0.0,0.0,0.0,
GER-Bundesliga,2526,2025-12-13 Bayer Leverkusen-FC Cologne,Bayer Leverkusen,Mark Flekken,True,Goalkeeper,1,start,end,1.0,0.0,0.0,0.0,0.0,0.0,0.0,0.0,4.0,0.0,0.0,0.0,0.0,0.0,
GER-Bundesliga,2526,2025-12-13 Bayer Leverkusen-FC Cologne,FC Cologne,Marvin Schwäbe,False,Goalkeeper,1,start,end,1.0,0.0,0.0,0.0,0.0,0.0,0.0,2.0,5.0,0.0,0.0,0.0,0.0,0.0,
GER-Bundesliga,2526,2025-12-13 Borussia Mönchengladbach-VfL Wolfsburg,Borussia Mönchengladbach,Moritz Nicolas,True,Goalkeeper,1,start,end,1.0,0.0,0.0,0.0,0.0,0.0,0.0,3.0,3.0,0.0,0.0,0.0,0.0,0.0,
GER-Bundesliga,2526,2025-12-13 Borussia Mönchengladbach-VfL Wolfsburg,VfL Wolfsburg,Kamil Grabara,False,Goalkeeper,1,start,end,1.0,0.0,0.0,0.0,0.0,0.0,0.0,1.0,4.0,0.0,0.0,0.0,0.0,0.0,
GER-Bundesliga,2526,2025-12-13 Eintracht Frankfurt-FC Augsburg,Eintracht Frankfurt,Michael Zetterer,True,Goalkeeper,1,start,end,1.0,0.0,0.0,0.0,0.0,0.0,0.0,0.0,1.0,0.0,0.0,0.0,0.0,0.0,
GER-Bundesliga,2526,2025-12-13 Eintracht Frankfurt-FC Augsburg,FC Augsburg,Finn Dahmen,False,Goalkeeper,1,start,end,1.0,0.0,0.0,0.0,0.0,0.0,0.0,1.0,3.0,0.0,0.0,0.0,0.0,0.0,
GER-Bundesliga,2526,2025-12-13 St. Pauli-1. FC Heidenheim 1846,1. FC Heidenheim 1846,Diant Ramaj,False,Goalkeeper,1,start,end,1.0,0.0,0.0,0.0,0.0,0.0,0.0,2.0,2.0,0.0,0.0,0.0,0.0,0.0,
GER-Bundesliga,2526,2025-12-13 St. Pauli-1. FC Heidenheim 1846,St. Pauli,Nikola Vasilj,True,Goalkeeper,1,start,end,1.0,0.0,0.0,0.0,0.0,0.0,0.0,1.0,6.0,0.0,0.0,0.0,0.0,0.0,
GER-Bundesliga,2526,2025-12-13 TSG Hoffenheim-Hamburg SV,Hamburg SV,Daniel Heuer Fernandes,False,Goalkeeper,1,start,end,1.0,0.0,0.0,0.0,0.0,0.0,0.0,4.0,2.0,0.0,0.0,0.0,0.0,0.0,
GER-Bundesliga,2526,2025-12-13 TSG Hoffenheim-Hamburg SV,TSG Hoffenheim,Oliver Baumann,True,Goalkeeper,1,start,end,1.0,0.0,0.0,0.0,0.0,0.0,0.0,1.0,4.0,0.0,0.0,0.0,0.0,0.0,
GER-Bundesliga,2526,2025-12-14 Bayern Munich-Mainz,Bayern Munich,Manuel Neuer,True,Goalkeeper,1,start,end,1.0,0.0,0.0,0.0,0.0,0.0,0.0,2.0,0.0,0.0,0.0,0.0,0.0,0.0,
GER-Bundesliga,2526,2025-12-14 Bayern Munich-Mainz,Mainz,Daniel Batz,False,Goalkeeper,1,start,end,1.0,0.0,0.0,0.0,0.0,0.0,0.0,2.0,8.0,0.0,0.0,0.0,0.0,0.0,
GER-Bundesliga,2526,2025-12-14 SC Freiburg-Borussia Dortmund,Borussia Dortmund,Gregor Kobel,False,Goalkeeper,1,start,end,1.0,0.0,0.0,0.0,0.0,0.0,0.0,1.0,5.0,0.0,0.0,0.0,0.0,0.0,
GER-Bundesliga,2526,2025-12-14 SC Freiburg-Borussia Dortmund,SC Freiburg,Noah Atubolu,True,Goalkeeper,1,start,end,1.0,0.0,0.0,0.0,0.0,0.0,0.0,1.0,3.0,0.0,0.0,0.0,0.0,0.0,
GER-Bundesliga,2526,2025-12-14 Werder Bremen-VfB Stuttgart,VfB Stuttgart,Alexander Nübel,False,Goalkeeper,1,start,end,1.0,0.0,0.0,0.0,0.0,0.0,0.0,0.0,4.0,0.0,0.0,0.0,0.0,0.0,
GER-Bundesliga,2526,2025-12-14 Werder Bremen-VfB Stuttgart,Werder Bremen,Mio Backhaus,True,Goalkeeper,1,start,end,1.0,0.0,0.0,0.0,0.0,0.0,0.0,4.0,8.0,0.0,0.0,0.0,0.0,0.0,
GER-Bundesliga,2526,2025-12-19 Borussia Dortmund-Borussia Mönchengladbach,Borussia Dortmund,Gregor Kobel,True,Goalkeeper,1,start,end,1.0,0.0,0.0,0.0,0.0,0.0,0.0,0.0,1.0,0.0,0.0,0.0,0.0,0.0,
GER-Bundesliga,2526,2025-12-19 Borussia Dortmund-Borussia Mönchengladbach,Borussia Mönchengladbach,Moritz Nicolas,False,Goalkeeper,1,start,end,1.0,0.0,0.0,0.0,0.0,0.0,0.0,2.0,2.0,0.0,0.0,0.0,0.0,0.0,
GER-Bundesliga,2526,2025-12-20 FC Augsburg-Werder Bremen,FC Augsburg,Finn Dahmen,True,Goalkeeper,1,start,end,1.0,0.0,0.0,0.0,0.0,0.0,0.0,0.0,0.0,0.0,0.0,0.0,0.0,0.0,
GER-Bundesliga,2526,2025-12-20 FC Augsburg-Werder Bremen,Werder Bremen,Mio Backhaus,False,Goalkeeper,1,start,end,1.0,0.0,0.0,0.0,0.0,0.0,0.0,0.0,6.0,0.0,0.0,0.0,0.0,0.0,
GER-Bundesliga,2526,2025-12-20 FC Cologne-1. FC Union Berlin,1. FC Union Berlin,Frederik Ronnow,False,Goalkeeper,1,start,end,1.0,0.0,0.0,0.0,0.0,0.0,1.0,0.0,2.0,0.0,0.0,0.0,0.0,0.0,
GER-Bundesliga,2526,2025-12-20 FC Cologne-1. FC Union Berlin,FC Cologne,Marvin Schwäbe,True,Goalkeeper,1,start,end,1.0,0.0,0.0,0.0,0.0,0.0,0.0,1.0,1.0,0.0,0.0,0.0,0.0,0.0,
GER-Bundesliga,2526,2025-12-20 Hamburg SV-Eintracht Frankfurt,Eintracht Frankfurt,Michael Zetterer,False,Goalkeeper,1,start,end,1.0,0.0,0.0,0.0,0.0,0.0,0.0,1.0,1.0,0.0,0.0,0.0,0.0,0.0,
GER-Bundesliga,2526,2025-12-20 Hamburg SV-Eintracht Frankfurt,Hamburg SV,Daniel Heuer Fernandes,True,Goalkeeper,1,start,end,1.0,0.0,0.0,0.0,0.0,0.0,0.0,1.0,1.0,0.0,0.0,0.0,0.0,0.0,
GER-Bundesliga,2526,2025-12-20 RB Leipzig-Bayer Leverkusen,Bayer Leverkusen,Mark Flekken,False,Goalkeeper,1,start,end,1.0,0.0,0.0,0.0,0.0,0.0,0.0,1.0,6.0,0.0,0.0,0.0,0.0,0.0,
GER-Bundesliga,2526,2025-12-20 RB Leipzig-Bayer Leverkusen,RB Leipzig,Péter Gulácsi,True,Goalkeeper,1,start,end,1.0,0.0,0.0,0.0,0.0,0.0,0.0,3.0,5.0,0.0,0.0,0.0,0.0,0.0,
GER-Bundesliga,2526,2025-12-20 VfB Stuttgart-TSG Hoffenheim,TSG Hoffenheim,Oliver Baumann,False,Goalkeeper,1,start,end,1.0,0.0,0.0,0.0,0.0,0.0,0.0,0.0,3.0,0.0,0.0,0.0,0.0,0.0,
GER-Bundesliga,2526,2025-12-20 VfB Stuttgart-TSG Hoffenheim,VfB Stuttgart,Alexander Nübel,True,Goalkeeper,1,start,end,1.0,0.0,0.0,0.0,0.0,0.0,0.0,0.0,1.0,0.0,0.0,0.0,0.0,0.0,
GER-Bundesliga,2526,2025-12-20 VfL Wolfsburg-SC Freiburg,SC Freiburg,Noah Atubolu,False,Goalkeeper,1,start,end,1.0,0.0,0.0,0.0,0.0,0.0,0.0,3.0,3.0,0.0,0.0,0.0,0.0,0.0,
GER-Bundesliga,2526,2025-12-20 VfL Wolfsburg-SC Freiburg,VfL Wolfsburg,Kamil Grabara,True,Goalkeeper,1,start,end,1.0,0.0,0.0,0.0,0.0,0.0,0.0,4.0,4.0,0.0,0.0,0.0,0.0,0.0,
GER-Bundesliga,2526,2025-12-21 1. FC Heidenheim 1846-Bayern Munich,1. FC Heidenheim 1846,Diant Ramaj,True,Goalkeeper,1,start,end,1.0,0.0,0.0,0.0,0.0,0.0,0.0,4.0,6.0,0.0,0.0,0.0,0.0,0.0,
GER-Bundesliga,2526,2025-12-21 1. FC Heidenheim 1846-Bayern Munich,Bayern Munich,Jonas Urbig,False,Goalkeeper,1,start,end,1.0,0.0,0.0,0.0,0.0,0.0,0.0,0.0,1.0,0.0,0.0,0.0,0.0,0.0,
GER-Bundesliga,2526,2025-12-21 Mainz-St. Pauli,Mainz,Daniel Batz,True,Goalkeeper,1,start,end,1.0,0.0,0.0,0.0,0.0,0.0,0.0,0.0,1.0,0.0,0.0,0.0,0.0,0.0,
GER-Bundesliga,2526,2025-12-21 Mainz-St. Pauli,St. Pauli,Nikola Vasilj,False,Goalkeeper,1,start,end,1.0,0.0,0.0,0.0,0.0,0.0,0.0,0.0,1.0,0.0,0.0,0.0,0.0,0.0,
GER-Bundesliga,2526,2026-01-09 Eintracht Frankfurt-Borussia Dortmund,Borussia Dortmund,Gregor Kobel,False,Goalkeeper,1,start,end,1.0,0.0,0.0,0.0,0.0,0.0,0.0,3.0,3.0,0.0,0.0,0.0,0.0,0.0,
GER-Bundesliga,2526,2026-01-09 Eintracht Frankfurt-Borussia Dortmund,Eintracht Frankfurt,Kauã Santos,True,Goalkeeper,1,start,end,1.0,0.0,0.0,0.0,0.0,0.0,0.0,3.0,3.0,0.0,0.0,0.0,0.0,0.0,
GER-Bundesliga,2526,2026-01-10 1. FC Heidenheim 1846-FC Cologne,1. FC Heidenheim 1846,Diant Ramaj,True,Goalkeeper,1,start,end,1.0,0.0,0.0,0.0,0.0,0.0,0.0,2.0,6.0,0.0,0.0,0.0,0.0,0.0,
GER-Bundesliga,2526,2026-01-10 1. FC Heidenheim 1846-FC Cologne,FC Cologne,Marvin Schwäbe,False,Goalkeeper,1,start,end,1.0,0.0,0.0,0.0,0.0,0.0,0.0,2.0,4.0,0.0,0.0,0.0,0.0,0.0,
GER-Bundesliga,2526,2026-01-10 1. FC Union Berlin-Mainz,1. FC Union Berlin,Frederik Ronnow,True,Goalkeeper,1,start,end,1.0,0.0,0.0,0.0,0.0,0.0,0.0,2.0,4.0,0.0,0.0,0.0,0.0,0.0,
GER-Bundesliga,2526,2026-01-10 1. FC Union Berlin-Mainz,Mainz,Daniel Batz,False,Goalkeeper,1,start,end,1.0,0.0,0.0,0.0,0.0,0.0,0.0,2.0,3.0,0.0,0.0,0.0,0.0,0.0,
GER-Bundesliga,2526,2026-01-10 Bayer Leverkusen-VfB Stuttgart,Bayer Leverkusen,Mark Flekken,True,Goalkeeper,1,start,end,1.0,0.0,1.0,0.0,0.0,0.0,1.0,4.0,4.0,0.0,0.0,0.0,0.0,0.0,
GER-Bundesliga,2526,2026-01-10 Bayer Leverkusen-VfB Stuttgart,VfB Stuttgart,Alexander Nübel,False,Goalkeeper,1,start,end,1.0,0.0,1.0,0.0,0.0,0.0,0.0,1.0,3.0,0.0,0.0,0.0,0.0,0.0,
GER-Bundesliga,2526,2026-01-10 SC Freiburg-Hamburg SV,Hamburg SV,Daniel Heuer Fernandes,False,Goalkeeper,1,start,end,1.0,0.0,1.0,0.0,0.0,0.0,1.0,2.0,5.0,0.0,0.0,0.0,0.0,0.0,
GER-Bundesliga,2526,2026-01-10 SC Freiburg-Hamburg SV,SC Freiburg,Noah Atubolu,True,Goalkeeper,1,start,end,1.0,0.0,0.0,0.0,0.0,0.0,0.0,1.0,5.0,0.0,0.0,0.0,0.0,0.0,
GER-Bundesliga,2526,2026-01-11 Bayern Munich-VfL Wolfsburg,Bayern Munich,Manuel Neuer,True,Goalkeeper,1,start,end,1.0,0.0,0.0,0.0,0.0,0.0,0.0,1.0,2.0,0.0,0.0,0.0,0.0,0.0,
GER-Bundesliga,2526,2026-01-11 Bayern Munich-VfL Wolfsburg,VfL Wolfsburg,Kamil Grabara,False,Goalkeeper,1,start,end,1.0,0.0,0.0,0.0,0.0,0.0,0.0,8.0,4.0,0.0,0.0,0.0,0.0,0.0,
GER-Bundesliga,2526,2026-01-11 Borussia Mönchengladbach-FC Augsburg,Borussia Mönchengladbach,Moritz Nicolas,True,Goalkeeper,1,start,end,1.0,0.0,0.0,0.0,0.0,0.0,0.0,0.0,2.0,0.0,0.0,0.0,0.0,0.0,
GER-Bundesliga,2526,2026-01-11 Borussia Mönchengladbach-FC Augsburg,FC Augsburg,Finn Dahmen,False,Goalkeeper,1,start,end,1.0,0.0,0.0,0.0,0.0,0.0,0.0,4.0,2.0,0.0,0.0,0.0,0.0,0.0,
GER-Bundesliga,2526,2026-01-13 Borussia Dortmund-Werder Bremen,Borussia Dortmund,Gregor Kobel,True,Goalkeeper,1,start,end,1.0,0.0,0.0,0.0,0.0,0.0,0.0,0.0,3.0,0.0,0.0,0.0,0.0,0.0,
GER-Bundesliga,2526,2026-01-13 Borussia Dortmund-Werder Bremen,Werder Bremen,Mio Backhaus,False,Goalkeeper,1,start,end,1.0,0.0,0.0,0.0,0.0,0.0,0.0,3.0,4.0,0.0,0.0,0.0,0.0,0.0,
GER-Bundesliga,2526,2026-01-13 Mainz-1. FC Heidenheim 1846,1. FC Heidenheim 1846,Diant Ramaj,False,Goalkeeper,1,start,end,1.0,0.0,0.0,0.0,0.0,0.0,0.0,2.0,4.0,0.0,0.0,0.0,0.0,0.0,
GER-Bundesliga,2526,2026-01-13 Mainz-1. FC Heidenheim 1846,Mainz,Daniel Batz,True,Goalkeeper,1,start,end,1.0,0.0,0.0,0.0,0.0,0.0,0.0,1.0,3.0,0.0,0.0,0.0,0.0,0.0,
GER-Bundesliga,2526,2026-01-13 VfB Stuttgart-Eintracht Frankfurt,Eintracht Frankfurt,Kauã Santos,False,Goalkeeper,1,start,end,1.0,0.0,0.0,0.0,0.0,0.0,0.0,3.0,8.0,0.0,0.0,0.0,0.0,0.0,
GER-Bundesliga,2526,2026-01-13 VfB Stuttgart-Eintracht Frankfurt,VfB Stuttgart,Alexander Nübel,True,Goalkeeper,1,start,end,1.0,0.0,1.0,0.0,0.0,0.0,0.0,2.0,3.0,0.0,0.0,0.0,0.0,0.0,
GER-Bundesliga,2526,2026-01-14 FC Cologne-Bayern Munich,Bayern Munich,Manuel Neuer,False,Goalkeeper,1,start,end,1.0,0.0,0.0,0.0,0.0,0.0,0.0,1.0,2.0,0.0,0.0,0.0,0.0,0.0,
GER-Bundesliga,2526,2026-01-14 FC Cologne-Bayern Munich,FC Cologne,Marvin Schwäbe,True,Goalkeeper,1,start,end,1.0,0.0,0.0,0.0,0.0,0.0,0.0,3.0,5.0,0.0,0.0,0.0,0.0,0.0,
GER-Bundesliga,2526,2026-01-14 RB Leipzig-SC Freiburg,RB Leipzig,Péter Gulácsi,True,Goalkeeper,1,start,end,1.0,0.0,0.0,0.0,0.0,0.0,0.0,0.0,1.0,0.0,0.0,0.0,0.0,0.0,
GER-Bundesliga,2526,2026-01-14 RB Leipzig-SC Freiburg,SC Freiburg,Noah Atubolu,False,Goalkeeper,1,start,end,1.0,0.0,0.0,0.0,0.0,0.0,0.0,2.0,5.0,0.0,0.0,0.0,0.0,0.0,
GER-Bundesliga,2526,2026-01-14 TSG Hoffenheim-Borussia Mönchengladbach,Borussia Mönchengladbach,Moritz Nicolas,False,Goalkeeper,1,start,end,1.0,0.0,0.0,0.0,0.0,0.0,0.0,5.0,6.0,0.0,0.0,0.0,0.0,0.0,
GER-Bundesliga,2526,2026-01-14 TSG Hoffenheim-Borussia Mönchengladbach,TSG Hoffenheim,Oliver Baumann,True,Goalkeeper,1,start,end,1.0,0.0,0.0,0.0,0.0,0.0,0.0,1.0,4.0,0.0,0.0,0.0,0.0,0.0,
GER-Bundesliga,2526,2026-01-14 VfL Wolfsburg-St. Pauli,St. Pauli,Nikola Vasilj,False,Goalkeeper,1,start,end,1.0,0.0,0.0,0.0,0.0,0.0,0.0,2.0,3.0,0.0,0.0,0.0,0.0,0.0,
GER-Bundesliga,2526,2026-01-14 VfL Wolfsburg-St. Pauli,VfL Wolfsburg,Kamil Grabara,True,Goalkeeper,1,start,end,1.0,0.0,0.0,0.0,0.0,0.0,0.0,1.0,3.0,0.0,0.0,0.0,0.0,0.0,
GER-Bundesliga,2526,2026-01-15 FC Augsburg-1. FC Union Berlin,1. FC Union Berlin,Frederik Ronnow,False,Goalkeeper,1,start,end,1.0,0.0,0.0,0.0,0.0,0.0,0.0,1.0,4.0,0.0,0.0,0.0,0.0,0.0,
GER-Bundesliga,2526,2026-01-15 FC Augsburg-1. FC Union Berlin,FC Augsburg,Finn Dahmen,True,Goalkeeper,1,start,end,1.0,0.0,0.0,0.0,0.0,0.0,0.0,1.0,1.0,0.0,0.0,0.0,0.0,0.0,
GER-Bundesliga,2526,2026-01-16 Werder Bremen-Eintracht Frankfurt,Eintracht Frankfurt,Kauã Santos,False,Goalkeeper,1,start,end,1.0,0.0,0.0,0.0,0.0,0.0,0.0,3.0,1.0,0.0,0.0,0.0,0.0,0.0,
GER-Bundesliga,2526,2026-01-16 Werder Bremen-Eintracht Frankfurt,Werder Bremen,Mio Backhaus,True,Goalkeeper,1,start,end,1.0,0.0,0.0,0.0,0.0,0.0,0.0,3.0,1.0,0.0,0.0,0.0,0.0,0.0,
GER-Bundesliga,2526,2026-01-17 Borussia Dortmund-St. Pauli,Borussia Dortmund,Gregor Kobel,True,Goalkeeper,1,start,end,1.0,0.0,0.0,0.0,0.0,0.0,0.0,2.0,3.0,0.0,0.0,0.0,0.0,0.0,
GER-Bundesliga,2526,2026-01-17 Borussia Dortmund-St. Pauli,St. Pauli,Nikola Vasilj,False,Goalkeeper,1,start,end,1.0,0.0,0.0,0.0,0.0,0.0,0.0,3.0,2.0,0.0,0.0,0.0,0.0,0.0,
GER-Bundesliga,2526,2026-01-17 FC Cologne-Mainz,FC Cologne,Marvin Schwäbe,True,Goalkeeper,1,start,end,1.0,0.0,0.0,0.0,0.0,0.0,0.0,1.0,5.0,0.0,0.0,0.0,0.0,0.0,
GER-Bundesliga,2526,2026-01-17 FC Cologne-Mainz,Mainz,Daniel Batz,False,Goalkeeper,1,start,end,1.0,0.0,0.0,0.0,0.0,0.0,1.0,2.0,4.0,0.0,0.0,0.0,0.0,0.0,
GER-Bundesliga,2526,2026-01-17 Hamburg SV-Borussia Mönchengladbach,Borussia Mönchengladbach,Moritz Nicolas,False,Goalkeeper,1,start,end,1.0,0.0,1.0,0.0,0.0,0.0,0.0,0.0,12.0,0.0,0.0,0.0,0.0,0.0,
GER-Bundesliga,2526,2026-01-17 Hamburg SV-Borussia Mönchengladbach,Hamburg SV,Daniel Heuer Fernandes,True,Goalkeeper,1,start,end,1.0,0.0,0.0,0.0,0.0,0.0,0.0,0.0,0.0,0.0,0.0,0.0,0.0,0.0,
GER-Bundesliga,2526,2026-01-17 RB Leipzig-Bayern Munich,Bayern Munich,Manuel Neuer,False,Goalkeeper,1,start,end,1.0,0.0,0.0,0.0,0.0,0.0,0.0,1.0,3.0,0.0,0.0,0.0,0.0,0.0,
GER-Bundesliga,2526,2026-01-17 RB Leipzig-Bayern Munich,RB Leipzig,Péter Gulácsi,True,Goalkeeper,1,start,end,1.0,0.0,0.0,0.0,0.0,0.0,0.0,5.0,7.0,0.0,0.0,0.0,0.0,0.0,
GER-Bundesliga,2526,2026-01-17 TSG Hoffenheim-Bayer Leverkusen,Bayer Leverkusen,Mark Flekken,False,Goalkeeper,1,start,60,1.0,0.0,2.0,0.0,0.0,0.0,0.0,1.0,5.0,0.0,0.0,0.0,0.0,0.0,
GER-Bundesliga,2526,2026-01-17 TSG Hoffenheim-Bayer Leverkusen,TSG Hoffenheim,Oliver Baumann,True,Goalkeeper,1,start,end,1.0,0.0,0.0,0.0,0.0,0.0,0.0,0.0,2.0,0.0,0.0,0.0,0.0,0.0,
GER-Bundesliga,2526,2026-01-17 VfL Wolfsburg-1. FC Heidenheim 1846,1. FC Heidenheim 1846,Diant Ramaj,False,Goalkeeper,1,start,end,1.0,0.0,0.0,0.0,0.0,0.0,0.0,1.0,3.0,0.0,0.0,0.0,0.0,0.0,
GER-Bundesliga,2526,2026-01-17 VfL Wolfsburg-1. FC Heidenheim 1846,VfL Wolfsburg,Kamil Grabara,True,Goalkeeper,1,start,end,1.0,0.0,0.0,0.0,0.0,0.0,0.0,1.0,2.0,0.0,0.0,0.0,0.0,0.0,
GER-Bundesliga,2526,2026-01-18 FC Augsburg-SC Freiburg,FC Augsburg,Finn Dahmen,True,Goalkeeper,1,start,end,1.0,0.0,0.0,0.0,0.0,0.0,0.0,2.0,2.0,0.0,0.0,0.0,0.0,0.0,
GER-Bundesliga,2526,2026-01-18 FC Augsburg-SC Freiburg,SC Freiburg,Noah Atubolu,False,Goalkeeper,1,start,end,1.0,0.0,0.0,0.0,0.0,0.0,0.0,2.0,3.0,0.0,0.0,0.0,0.0,0.0,
GER-Bundesliga,2526,2026-01-18 VfB Stuttgart-1. FC Union Berlin,1. FC Union Berlin,Frederik Ronnow,False,Goalkeeper,1,start,end,1.0,0.0,0.0,0.0,0.0,0.0,0.0,1.0,2.0,0.0,0.0,0.0,0.0,0.0,
GER-Bundesliga,2526,2026-01-18 VfB Stuttgart-1. FC Union Berlin,VfB Stuttgart,Alexander Nübel,True,Goalkeeper,1,start,end,1.0,0.0,0.0,0.0,0.0,0.0,0.0,1.0,2.0,0.0,0.0,0.0,0.0,0.0,
GER-Bundesliga,2526,2026-01-23 St. Pauli-Hamburg SV,Hamburg SV,Daniel Heuer Fernandes,False,Goalkeeper,1,start,end,1.0,0.0,0.0,0.0,0.0,0.0,0.0,0.0,3.0,0.0,0.0,0.0,0.0,0.0,
GER-Bundesliga,2526,2026-01-23 St. Pauli-Hamburg SV,St. Pauli,Nikola Vasilj,True,Goalkeeper,1,start,end,1.0,0.0,0.0,0.0,0.0,0.0,0.0,0.0,2.0,0.0,0.0,0.0,0.0,0.0,
GER-Bundesliga,2526,2026-01-24 1. FC Heidenheim 1846-RB Leipzig,1. FC Heidenheim 1846,Diant Ramaj,True,Goalkeeper,1,start,end,1.0,0.0,0.0,0.0,0.0,0.0,0.0,3.0,4.0,0.0,0.0,0.0,0.0,0.0,
GER-Bundesliga,2526,2026-01-24 1. FC Heidenheim 1846-RB Leipzig,RB Leipzig,Péter Gulácsi,False,Goalkeeper,1,start,end,1.0,0.0,0.0,0.0,0.0,0.0,0.0,0.0,2.0,0.0,0.0,0.0,0.0,0.0,
GER-Bundesliga,2526,2026-01-24 1. FC Union Berlin-Borussia Dortmund,1. FC Union Berlin,Frederik Ronnow,True,Goalkeeper,1,start,end,1.0,1.0,0.0,0.0,0.0,0.0,0.0,3.0,2.0,0.0,0.0,0.0,0.0,0.0,
GER-Bundesliga,2526,2026-01-24 1. FC Union Berlin-Borussia Dortmund,Borussia Dortmund,Gregor Kobel,False,Goalkeeper,1,start,end,1.0,0.0,0.0,0.0,0.0,0.0,0.0,0.0,3.0,0.0,0.0,0.0,0.0,0.0,
GER-Bundesliga,2526,2026-01-24 Bayer Leverkusen-Werder Bremen,Bayer Leverkusen,Janis Blaswich,True,Goalkeeper,1,start,end,1.0,0.0,0.0,0.0,0.0,0.0,0.0,0.0,3.0,0.0,0.0,0.0,0.0,0.0,
GER-Bundesliga,2526,2026-01-24 Bayer Leverkusen-Werder Bremen,Werder Bremen,Mio Backhaus,False,Goalkeeper,1,start,end,1.0,0.0,0.0,0.0,0.0,0.0,0.0,1.0,3.0,0.0,0.0,0.0,0.0,0.0,
GER-Bundesliga,2526,2026-01-24 Bayern Munich-FC Augsburg,Bayern Munich,Jonas Urbig,True,Goalkeeper,1,start,end,1.0,0.0,0.0,0.0,0.0,0.0,0.0,2.0,4.0,0.0,0.0,0.0,0.0,0.0,
GER-Bundesliga,2526,2026-01-24 Bayern Munich-FC Augsburg,FC Augsburg,Finn Dahmen,False,Goalkeeper,1,start,end,1.0,0.0,0.0,0.0,0.0,0.0,0.0,1.0,5.0,0.0,0.0,0.0,0.0,0.0,
GER-Bundesliga,2526,2026-01-24 Eintracht Frankfurt-TSG Hoffenheim,Eintracht Frankfurt,Kauã Santos,True,Goalkeeper,1,start,end,1.0,0.0,0.0,0.0,0.0,0.0,0.0,3.0,3.0,0.0,0.0,0.0,0.0,0.0,
GER-Bundesliga,2526,2026-01-24 Eintracht Frankfurt-TSG Hoffenheim,TSG Hoffenheim,Oliver Baumann,False,Goalkeeper,1,start,end,1.0,0.0,0.0,0.0,0.0,0.0,0.0,1.0,2.0,0.0,0.0,0.0,0.0,0.0,
GER-Bundesliga,2526,2026-01-24 Mainz-VfL Wolfsburg,Mainz,Daniel Batz,True,Goalkeeper,1,start,end,1.0,0.0,0.0,0.0,0.0,0.0,0.0,1.0,1.0,0.0,0.0,0.0,0.0,0.0,
GER-Bundesliga,2526,2026-01-24 Mainz-VfL Wolfsburg,VfL Wolfsburg,Kamil Grabara,False,Goalkeeper,1,start,end,1.0,0.0,0.0,0.0,0.0,0.0,0.0,3.0,5.0,0.0,0.0,0.0,0.0,0.0,
GER-Bundesliga,2526,2026-01-25 Borussia Mönchengladbach-VfB Stuttgart,Borussia Mönchengladbach,Moritz Nicolas,True,Goalkeeper,1,start,end,1.0,0.0,0.0,0.0,0.0,0.0,0.0,3.0,6.0,0.0,0.0,0.0,0.0,0.0,
GER-Bundesliga,2526,2026-01-25 Borussia Mönchengladbach-VfB Stuttgart,VfB Stuttgart,Alexander Nübel,False,Goalkeeper,1,start,end,1.0,0.0,1.0,0.0,0.0,0.0,0.0,0.0,3.0,0.0,0.0,0.0,0.0,0.0,
GER-Bundesliga,2526,2026-01-25 SC Freiburg-FC Cologne,FC Cologne,Marvin Schwäbe,False,Goalkeeper,1,start,end,1.0,0.0,0.0,0.0,0.0,0.0,0.0,2.0,3.0,0.0,0.0,0.0,0.0,0.0,
GER-Bundesliga,2526,2026-01-25 SC Freiburg-FC Cologne,SC Freiburg,Noah Atubolu,True,Goalkeeper,1,start,end,1.0,0.0,0.0,0.0,0.0,0.0,0.0,1.0,4.0,0.0,0.0,0.0,0.0,0.0,
GER-Bundesliga,2526,2026-01-27 St. Pauli-RB Leipzig,RB Leipzig,Péter Gulácsi,False,Goalkeeper,1,start,end,1.0,0.0,0.0,0.0,0.0,0.0,0.0,1.0,1.0,0.0,0.0,0.0,0.0,0.0,
GER-Bundesliga,2526,2026-01-27 St. Pauli-RB Leipzig,St. Pauli,Nikola Vasilj,True,Goalkeeper,1,start,end,1.0,0.0,0.0,0.0,0.0,0.0,0.0,1.0,5.0,0.0,0.0,0.0,0.0,0.0,
GER-Bundesliga,2526,2026-01-27 Werder Bremen-TSG Hoffenheim,TSG Hoffenheim,Oliver Baumann,False,Goalkeeper,1,start,end,1.0,0.0,0.0,0.0,0.0,0.0,1.0,0.0,3.0,0.0,0.0,0.0,0.0,0.0,
GER-Bundesliga,2526,2026-01-27 Werder Bremen-TSG Hoffenheim,Werder Bremen,Mio Backhaus,True,Goalkeeper,1,start,end,1.0,0.0,0.0,0.0,0.0,0.0,0.0,2.0,1.0,0.0,0.0,0.0,0.0,0.0,
GER-Bundesliga,2526,2026-01-30 FC Cologne-VfL Wolfsburg,FC Cologne,Marvin Schwäbe,True,Goalkeeper,1,start,end,1.0,0.0,0.0,0.0,0.0,0.0,0.0,0.0,3.0,0.0,0.0,0.0,0.0,0.0,
GER-Bundesliga,2526,2026-01-30 FC Cologne-VfL Wolfsburg,VfL Wolfsburg,Kamil Grabara,False,Goalkeeper,1,start,end,1.0,0.0,0.0,0.0,0.0,0.0,0.0,1.0,2.0,0.0,0.0,0.0,0.0,0.0,
GER-Bundesliga,2526,2026-01-31 Eintracht Frankfurt-Bayer Leverkusen,Bayer Leverkusen,Janis Blaswich,False,Goalkeeper,1,start,end,1.0,0.0,0.0,0.0,0.0,0.0,0.0,1.0,3.0,0.0,0.0,0.0,0.0,0.0,
GER-Bundesliga,2526,2026-01-31 Eintracht Frankfurt-Bayer Leverkusen,Eintracht Frankfurt,Kauã Santos,True,Goalkeeper,1,start,end,1.0,0.0,0.0,0.0,0.0,0.0,0.0,3.0,1.0,0.0,0.0,0.0,0.0,0.0,
GER-Bundesliga,2526,2026-01-31 FC Augsburg-St. Pauli,FC Augsburg,Finn Dahmen,True,Goalkeeper,1,start,end,1.0,0.0,0.0,0.0,0.0,0.0,0.0,1.0,3.0,0.0,0.0,0.0,0.0,0.0,
GER-Bundesliga,2526,2026-01-31 FC Augsburg-St. Pauli,St. Pauli,Nikola Vasilj,False,Goalkeeper,1,start,end,1.0,0.0,0.0,0.0,0.0,0.0,0.0,2.0,4.0,0.0,0.0,0.0,0.0,0.0,
GER-Bundesliga,2526,2026-01-31 Hamburg SV-Bayern Munich,Bayern Munich,Manuel Neuer,False,Goalkeeper,1,start,end,1.0,0.0,0.0,0.0,0.0,0.0,0.0,2.0,1.0,0.0,0.0,0.0,0.0,0.0,
GER-Bundesliga,2526,2026-01-31 Hamburg SV-Bayern Munich,Hamburg SV,Daniel Heuer Fernandes,True,Goalkeeper,1,start,end,1.0,0.0,1.0,0.0,0.0,0.0,1.0,2.0,4.0,0.0,0.0,0.0,0.0,0.0,
GER-Bundesliga,2526,2026-01-31 RB Leipzig-Mainz,Mainz,Daniel Batz,False,Goalkeeper,1,start,end,1.0,0.0,0.0,0.0,0.0,0.0,0.0,1.0,3.0,0.0,0.0,0.0,0.0,0.0,
GER-Bundesliga,2526,2026-01-31 RB Leipzig-Mainz,RB Leipzig,Péter Gulácsi,True,Goalkeeper,1,start,end,1.0,0.0,0.0,0.0,0.0,0.0,0.0,2.0,2.0,0.0,0.0,0.0,0.0,0.0,
GER-Bundesliga,2526,2026-01-31 TSG Hoffenheim-1. FC Union Berlin,1. FC Union Berlin,Frederik Ronnow,False,Goalkeeper,1,start,end,1.0,0.0,0.0,0.0,0.0,0.0,0.0,3.0,2.0,0.0,0.0,0.0,0.0,0.0,
GER-Bundesliga,2526,2026-01-31 TSG Hoffenheim-1. FC Union Berlin,TSG Hoffenheim,Oliver Baumann,True,Goalkeeper,1,start,end,1.0,0.0,0.0,0.0,0.0,0.0,0.0,1.0,2.0,0.0,0.0,0.0,0.0,0.0,
GER-Bundesliga,2526,2026-01-31 Werder Bremen-Borussia Mönchengladbach,Borussia Mönchengladbach,Moritz Nicolas,False,Goalkeeper,1,start,end,1.0,0.0,1.0,0.0,0.0,0.0,0.0,1.0,5.0,0.0,0.0,0.0,0.0,0.0,
GER-Bundesliga,2526,2026-01-31 Werder Bremen-Borussia Mönchengladbach,Werder Bremen,Mio Backhaus,True,Goalkeeper,1,start,end,1.0,0.0,0.0,0.0,0.0,0.0,0.0,1.0,1.0,0.0,0.0,0.0,0.0,0.0,
GER-Bundesliga,2526,2026-02-01 Borussia Dortmund-1. FC Heidenheim 1846,1. FC Heidenheim 1846,Diant Ramaj,False,Goalkeeper,1,start,end,1.0,0.0,0.0,0.0,0.0,0.0,0.0,3.0,2.0,0.0,0.0,0.0,0.0,0.0,
GER-Bundesliga,2526,2026-02-01 Borussia Dortmund-1. FC Heidenheim 1846,Borussia Dortmund,Gregor Kobel,True,Goalkeeper,1,start,end,1.0,0.0,1.0,0.0,0.0,0.0,1.0,2.0,1.0,0.0,0.0,0.0,0.0,0.0,
GER-Bundesliga,2526,2026-02-01 VfB Stuttgart-SC Freiburg,SC Freiburg,Noah Atubolu,False,Goalkeeper,1,start,end,1.0,0.0,0.0,0.0,0.0,0.0,0.0,1.0,5.0,0.0,0.0,0.0,0.0,0.0,
GER-Bundesliga,2526,2026-02-01 VfB Stuttgart-SC Freiburg,VfB Stuttgart,Alexander Nübel,True,Goalkeeper,1,start,end,1.0,0.0,0.0,0.0,0.0,0.0,0.0,0.0,2.0,0.0,0.0,0.0,0.0,0.0,
GER-Bundesliga,2526,2026-02-06 1. FC Union Berlin-Eintracht Frankfurt,1. FC Union Berlin,Frederik Ronnow,True,Goalkeeper,1,start,end,1.0,0.0,1.0,0.0,0.0,0.0,0.0,1.0,0.0,0.0,0.0,0.0,0.0,0.0,
GER-Bundesliga,2526,2026-02-06 1. FC Union Berlin-Eintracht Frankfurt,Eintracht Frankfurt,Kauã Santos,False,Goalkeeper,1,start,end,1.0,0.0,0.0,0.0,0.0,0.0,0.0,1.0,2.0,0.0,0.0,0.0,0.0,0.0,
GER-Bundesliga,2526,2026-02-07 1. FC Heidenheim 1846-Hamburg SV,1. FC Heidenheim 1846,Diant Ramaj,True,Goalkeeper,1,start,end,1.0,0.0,0.0,0.0,0.0,0.0,0.0,2.0,3.0,0.0,0.0,0.0,0.0,0.0,
GER-Bundesliga,2526,2026-02-07 1. FC Heidenheim 1846-Hamburg SV,Hamburg SV,Daniel Heuer Fernandes,False,Goalkeeper,1,start,end,1.0,0.0,0.0,0.0,0.0,0.0,0.0,0.0,4.0,0.0,0.0,0.0,0.0,0.0,
GER-Bundesliga,2526,2026-02-07 Borussia Mönchengladbach-Bayer Leverkusen,Bayer Leverkusen,Janis Blaswich,False,Goalkeeper,1,start,end,1.0,0.0,0.0,0.0,0.0,0.0,0.0,1.0,5.0,0.0,0.0,0.0,0.0,0.0,
GER-Bundesliga,2526,2026-02-07 Borussia Mönchengladbach-Bayer Leverkusen,Borussia Mönchengladbach,Moritz Nicolas,True,Goalkeeper,1,start,end,1.0,0.0,0.0,0.0,0.0,0.0,0.0,1.0,2.0,0.0,0.0,0.0,0.0,0.0,
GER-Bundesliga,2526,2026-02-07 Mainz-FC Augsburg,FC Augsburg,Finn Dahmen,False,Goalkeeper,1,start,end,1.0,0.0,0.0,0.0,0.0,0.0,0.0,2.0,4.0,0.0,0.0,0.0,0.0,0.0,
GER-Bundesliga,2526,2026-02-07 Mainz-FC Augsburg,Mainz,Daniel Batz,True,Goalkeeper,1,start,end,1.0,0.0,0.0,0.0,0.0,0.0,0.0,0.0,6.0,0.0,0.0,0.0,0.0,0.0,
GER-Bundesliga,2526,2026-02-07 SC Freiburg-Werder Bremen,SC Freiburg,Noah Atubolu,True,Goalkeeper,1,start,end,1.0,0.0,0.0,0.0,0.0,0.0,0.0,0.0,6.0,0.0,0.0,0.0,0.0,0.0,
GER-Bundesliga,2526,2026-02-07 SC Freiburg-Werder Bremen,Werder Bremen,Mio Backhaus,False,Goalkeeper,1,start,end,1.0,0.0,0.0,0.0,0.0,0.0,0.0,1.0,1.0,0.0,0.0,0.0,0.0,0.0,
GER-Bundesliga,2526,2026-02-07 St. Pauli-VfB Stuttgart,St. Pauli,Nikola Vasilj,True,Goalkeeper,1,start,end,1.0,0.0,0.0,0.0,0.0,0.0,0.0,1.0,2.0,0.0,0.0,0.0,0.0,0.0,
GER-Bundesliga,2526,2026-02-07 St. Pauli-VfB Stuttgart,VfB Stuttgart,Alexander Nübel,False,Goalkeeper,1,start,end,1.0,0.0,0.0,0.0,0.0,0.0,0.0,2.0,5.0,0.0,0.0,0.0,0.0,0.0,
GER-Bundesliga,2526,2026-02-07 VfL Wolfsburg-Borussia Dortmund,Borussia Dortmund,Gregor Kobel,False,Goalkeeper,1,start,end,1.0,0.0,0.0,0.0,0.0,0.0,0.0,1.0,1.0,0.0,0.0,0.0,0.0,0.0,
GER-Bundesliga,2526,2026-02-07 VfL Wolfsburg-Borussia Dortmund,VfL Wolfsburg,Kamil Grabara,True,Goalkeeper,1,start,end,1.0,0.0,0.0,0.0,0.0,0.0,0.0,2.0,2.0,0.0,0.0,0.0,0.0,0.0,
GER-Bundesliga,2526,2026-02-08 Bayern Munich-TSG Hoffenheim,Bayern Munich,Manuel Neuer,True,Goalkeeper,1,start,end,1.0,0.0,1.0,0.0,0.0,0.0,0.0,1.0,3.0,0.0,0.0,0.0,0.0,0.0,
GER-Bundesliga,2526,2026-02-08 Bayern Munich-TSG Hoffenheim,TSG Hoffenheim,Oliver Baumann,False,Goalkeeper,1,start,end,1.0,0.0,2.0,0.0,0.0,0.0,0.0,5.0,8.0,0.0,0.0,0.0,0.0,0.0,
GER-Bundesliga,2526,2026-02-08 FC Cologne-RB Leipzig,FC Cologne,Marvin Schwäbe,True,Goalkeeper,1,start,end,1.0,0.0,0.0,0.0,0.0,0.0,0.0,2.0,2.0,0.0,0.0,0.0,0.0,0.0,
GER-Bundesliga,2526,2026-02-08 FC Cologne-RB Leipzig,RB Leipzig,Péter Gulácsi,False,Goalkeeper,1,start,end,1.0,0.0,0.0,0.0,0.0,0.0,1.0,1.0,1.0,0.0,0.0,0.0,0.0,0.0,
GER-Bundesliga,2526,2026-02-13 Borussia Dortmund-Mainz,Borussia Dortmund,Gregor Kobel,True,Goalkeeper,1,start,end,1.0,0.0,1.0,0.0,0.0,0.0,0.0,0.0,5.0,0.0,0.0,0.0,0.0,0.0,
GER-Bundesliga,2526,2026-02-13 Borussia Dortmund-Mainz,Mainz,Daniel Batz,False,Goalkeeper,1,start,end,1.0,0.0,0.0,0.0,0.0,0.0,0.0,4.0,4.0,0.0,0.0,0.0,0.0,0.0,
GER-Bundesliga,2526,2026-02-14 Bayer Leverkusen-St. Pauli,Bayer Leverkusen,Janis Blaswich,True,Goalkeeper,1,start,end,1.0,0.0,0.0,0.0,0.0,0.0,0.0,0.0,1.0,0.0,0.0,0.0,0.0,0.0,
GER-Bundesliga,2526,2026-02-14 Bayer Leverkusen-St. Pauli,St. Pauli,Nikola Vasilj,False,Goalkeeper,1,start,end,1.0,0.0,0.0,0.0,0.0,0.0,0.0,4.0,3.0,0.0,0.0,0.0,0.0,0.0,
GER-Bundesliga,2526,2026-02-14 Eintracht Frankfurt-Borussia Mönchengladbach,Borussia Mönchengladbach,Moritz Nicolas,False,Goalkeeper,1,start,end,1.0,0.0,0.0,0.0,0.0,0.0,0.0,3.0,6.0,0.0,0.0,0.0,0.0,0.0,
GER-Bundesliga,2526,2026-02-14 Eintracht Frankfurt-Borussia Mönchengladbach,Eintracht Frankfurt,Kauã Santos,True,Goalkeeper,1,start,end,1.0,0.0,1.0,0.0,0.0,0.0,0.0,0.0,3.0,0.0,0.0,0.0,0.0,0.0,
GER-Bundesliga,2526,2026-02-14 Hamburg SV-1. FC Union Berlin,1. FC Union Berlin,Frederik Ronnow,False,Goalkeeper,1,start,end,1.0,0.0,0.0,0.0,0.0,0.0,0.0,3.0,1.0,0.0,0.0,0.0,0.0,0.0,
GER-Bundesliga,2526,2026-02-14 Hamburg SV-1. FC Union Berlin,Hamburg SV,Daniel Heuer Fernandes,True,Goalkeeper,1,start,end,1.0,0.0,0.0,0.0,0.0,0.0,0.0,2.0,3.0,0.0,0.0,0.0,0.0,0.0,
GER-Bundesliga,2526,2026-02-14 TSG Hoffenheim-SC Freiburg,SC Freiburg,Noah Atubolu,False,Goalkeeper,1,start,end,1.0,0.0,0.0,0.0,0.0,0.0,0.0,3.0,4.0,0.0,0.0,0.0,0.0,0.0,
GER-Bundesliga,2526,2026-02-14 TSG Hoffenheim-SC Freiburg,TSG Hoffenheim,Oliver Baumann,True,Goalkeeper,1,start,end,1.0,0.0,0.0,0.0,0.0,0.0,0.0,0.0,3.0,0.0,0.0,0.0,0.0,0.0,
GER-Bundesliga,2526,2026-02-14 VfB Stuttgart-FC Cologne,FC Cologne,Marvin Schwäbe,False,Goalkeeper,1,start,end,1.0,0.0,0.0,0.0,0.0,0.0,0.0,3.0,1.0,0.0,0.0,0.0,0.0,0.0,
GER-Bundesliga,2526,2026-02-14 VfB Stuttgart-FC Cologne,VfB Stuttgart,Alexander Nübel,True,Goalkeeper,1,start,end,1.0,0.0,0.0,0.0,0.0,0.0,0.0,1.0,2.0,0.0,0.0,0.0,0.0,0.0,
GER-Bundesliga,2526,2026-02-14 Werder Bremen-Bayern Munich,Bayern Munich,Manuel Neuer,False,Goalkeeper,1,start,45,1.0,0.0,0.0,0.0,0.0,0.0,0.0,0.0,0.0,0.0,0.0,0.0,0.0,0.0,
GER-Bundesliga,2526,2026-02-14 Werder Bremen-Bayern Munich,Werder Bremen,Mio Backhaus,True,Goalkeeper,1,start,end,1.0,0.0,1.0,0.0,0.0,0.0,0.0,3.0,5.0,0.0,0.0,0.0,0.0,0.0,
GER-Bundesliga,2526,2026-02-15 FC Augsburg-1. FC Heidenheim 1846,1. FC Heidenheim 1846,Diant Ramaj,False,Goalkeeper,1,start,end,1.0,0.0,0.0,0.0,0.0,0.0,0.0,1.0,3.0,0.0,0.0,0.0,0.0,0.0,
GER-Bundesliga,2526,2026-02-15 FC Augsburg-1. FC Heidenheim 1846,FC Augsburg,Finn Dahmen,True,Goalkeeper,1,start,end,1.0,0.0,0.0,0.0,0.0,0.0,1.0,0.0,2.0,0.0,0.0,0.0,0.0,0.0,
GER-Bundesliga,2526,2026-02-15 RB Leipzig-VfL Wolfsburg,RB Leipzig,Péter Gulácsi,True,Goalkeeper,1,start,29,1.0,0.0,0.0,0.0,0.0,0.0,0.0,0.0,0.0,0.0,0.0,0.0,0.0,0.0,
GER-Bundesliga,2526,2026-02-15 RB Leipzig-VfL Wolfsburg,VfL Wolfsburg,Kamil Grabara,False,Goalkeeper,1,start,end,1.0,0.0,0.0,0.0,0.0,0.0,0.0,2.0,8.0,0.0,0.0,0.0,0.0,0.0,
GER-Bundesliga,2526,2026-02-20 Mainz-Hamburg SV,Hamburg SV,Daniel Heuer Fernandes,False,Goalkeeper,1,start,end,1.0,0.0,0.0,0.0,0.0,0.0,0.0,1.0,2.0,0.0,0.0,0.0,0.0,0.0,
GER-Bundesliga,2526,2026-02-20 Mainz-Hamburg SV,Mainz,Daniel Batz,True,Goalkeeper,1,start,end,1.0,0.0,0.0,0.0,0.0,0.0,0.0,1.0,4.0,0.0,0.0,0.0,0.0,0.0,
GER-Bundesliga,2526,2026-02-21 1. FC Union Berlin-Bayer Leverkusen,1. FC Union Berlin,Frederik Ronnow,True,Goalkeeper,1,start,end,1.0,0.0,0.0,0.0,0.0,0.0,1.0,0.0,3.0,0.0,0.0,0.0,0.0,0.0,
GER-Bundesliga,2526,2026-02-21 1. FC Union Berlin-Bayer Leverkusen,Bayer Leverkusen,Janis Blaswich,False,Goalkeeper,1,start,end,1.0,0.0,0.0,0.0,0.0,0.0,0.0,1.0,3.0,0.0,0.0,0.0,0.0,0.0,
GER-Bundesliga,2526,2026-02-21 Bayern Munich-Eintracht Frankfurt,Bayern Munich,Jonas Urbig,True,Goalkeeper,1,start,end,1.0,0.0,0.0,0.0,0.0,0.0,0.0,2.0,1.0,0.0,0.0,0.0,0.0,0.0,
GER-Bundesliga,2526,2026-02-21 Bayern Munich-Eintracht Frankfurt,Eintracht Frankfurt,Kauã Santos,False,Goalkeeper,1,start,end,1.0,0.0,1.0,0.0,0.0,0.0,0.0,3.0,8.0,0.0,0.0,0.0,0.0,0.0,
GER-Bundesliga,2526,2026-02-21 FC Cologne-TSG Hoffenheim,FC Cologne,Marvin Schwäbe,True,Goalkeeper,1,start,end,1.0,0.0,1.0,0.0,0.0,0.0,0.0,2.0,4.0,0.0,0.0,0.0,0.0,0.0,
GER-Bundesliga,2526,2026-02-21 FC Cologne-TSG Hoffenheim,TSG Hoffenheim,Oliver Baumann,False,Goalkeeper,1,start,end,1.0,0.0,1.0,0.0,0.0,0.0,0.0,2.0,2.0,0.0,0.0,0.0,0.0,0.0,
GER-Bundesliga,2526,2026-02-21 RB Leipzig-Borussia Dortmund,Borussia Dortmund,Gregor Kobel,False,Goalkeeper,1,start,end,1.0,0.0,1.0,0.0,0.0,0.0,0.0,2.0,1.0,0.0,0.0,0.0,0.0,0.0,
GER-Bundesliga,2526,2026-02-21 RB Leipzig-Borussia Dortmund,RB Leipzig,Maarten Vandevoordt,True,Goalkeeper,1,start,end,1.0,0.0,0.0,0.0,0.0,0.0,0.0,2.0,4.0,0.0,0.0,0.0,0.0,0.0,
GER-Bundesliga,2526,2026-02-21 VfL Wolfsburg-FC Augsburg,FC Augsburg,Finn Dahmen,False,Goalkeeper,1,start,end,1.0,0.0,1.0,0.0,0.0,0.0,0.0,2.0,2.0,0.0,0.0,0.0,0.0,0.0,
GER-Bundesliga,2526,2026-02-21 VfL Wolfsburg-FC Augsburg,VfL Wolfsburg,Kamil Grabara,True,Goalkeeper,1,start,end,1.0,0.0,0.0,0.0,0.0,0.0,0.0,3.0,3.0,0.0,0.0,0.0,0.0,0.0,
GER-Bundesliga,2526,2026-02-22 1. FC Heidenheim 1846-VfB Stuttgart,1. FC Heidenheim 1846,Diant Ramaj,True,Goalkeeper,1,start,end,1.0,0.0,0.0,0.0,0.0,0.0,0.0,3.0,5.0,0.0,0.0,0.0,0.0,0.0,
GER-Bundesliga,2526,2026-02-22 1. FC Heidenheim 1846-VfB Stuttgart,VfB Stuttgart,Alexander Nübel,False,Goalkeeper,1,start,end,1.0,0.0,0.0,0.0,0.0,0.0,0.0,3.0,3.0,0.0,0.0,0.0,0.0,0.0,
GER-Bundesliga,2526,2026-02-22 SC Freiburg-Borussia Mönchengladbach,Borussia Mönchengladbach,Moritz Nicolas,False,Goalkeeper,1,start,end,1.0,0.0,0.0,0.0,0.0,0.0,0.0,2.0,4.0,0.0,0.0,0.0,0.0,0.0,
GER-Bundesliga,2526,2026-02-22 SC Freiburg-Borussia Mönchengladbach,SC Freiburg,Noah Atubolu,True,Goalkeeper,1,start,end,1.0,0.0,1.0,0.0,0.0,0.0,0.0,1.0,1.0,0.0,0.0,0.0,0.0,0.0,
GER-Bundesliga,2526,2026-02-22 St. Pauli-Werder Bremen,St. Pauli,Nikola Vasilj,True,Goalkeeper,1,start,end,1.0,0.0,0.0,0.0,0.0,0.0,0.0,1.0,3.0,0.0,0.0,0.0,0.0,0.0,
GER-Bundesliga,2526,2026-02-22 St. Pauli-Werder Bremen,Werder Bremen,Mio Backhaus,False,Goalkeeper,1,start,end,1.0,0.0,0.0,0.0,0.0,0.0,0.0,2.0,2.0,0.0,0.0,0.0,0.0,0.0,
GER-Bundesliga,2526,2026-02-27 FC Augsburg-FC Cologne,FC Augsburg,Finn Dahmen,True,Goalkeeper,1,start,end,1.0,0.0,0.0,0.0,0.0,0.0,0.0,0.0,3.0,0.0,0.0,0.0,0.0,0.0,
GER-Bundesliga,2526,2026-02-27 FC Augsburg-FC Cologne,FC Cologne,Marvin Schwäbe,False,Goalkeeper,1,start,end,1.0,0.0,0.0,0.0,0.0,0.0,0.0,2.0,2.0,0.0,0.0,0.0,0.0,0.0,
GER-Bundesliga,2526,2026-02-28 Bayer Leverkusen-Mainz,Bayer Leverkusen,Janis Blaswich,True,Goalkeeper,1,start,end,1.0,0.0,0.0,0.0,0.0,0.0,0.0,1.0,3.0,0.0,0.0,0.0,0.0,0.0,
GER-Bundesliga,2526,2026-02-28 Bayer Leverkusen-Mainz,Mainz,Daniel Batz,False,Goalkeeper,1,start,end,1.0,0.0,0.0,0.0,0.0,0.0,0.0,1.0,4.0,0.0,0.0,0.0,0.0,0.0,
GER-Bundesliga,2526,2026-02-28 Borussia Dortmund-Bayern Munich,Bayern Munich,Jonas Urbig,False,Goalkeeper,1,start,end,1.0,0.0,0.0,0.0,0.0,0.0,0.0,2.0,0.0,0.0,0.0,0.0,0.0,0.0,
GER-Bundesliga,2526,2026-02-28 Borussia Dortmund-Bayern Munich,Borussia Dortmund,Gregor Kobel,True,Goalkeeper,1,start,end,1.0,0.0,0.0,0.0,0.0,0.0,0.0,3.0,3.0,0.0,0.0,0.0,0.0,0.0,
GER-Bundesliga,2526,2026-02-28 Borussia Mönchengladbach-1. FC Union Berlin,1. FC Union Berlin,Frederik Ronnow,False,Goalkeeper,1,start,end,1.0,0.0,0.0,0.0,0.0,0.0,0.0,1.0,6.0,0.0,0.0,0.0,0.0,0.0,
GER-Bundesliga,2526,2026-02-28 Borussia Mönchengladbach-1. FC Union Berlin,Borussia Mönchengladbach,Moritz Nicolas,True,Goalkeeper,1,start,end,1.0,0.0,0.0,0.0,0.0,0.0,0.0,0.0,2.0,0.0,0.0,0.0,0.0,0.0,
GER-Bundesliga,2526,2026-02-28 TSG Hoffenheim-St. Pauli,St. Pauli,Nikola Vasilj,False,Goalkeeper,1,start,end,1.0,0.0,1.0,0.0,0.0,0.0,0.0,0.0,11.0,0.0,0.0,0.0,0.0,0.0,
GER-Bundesliga,2526,2026-02-28 TSG Hoffenheim-St. Pauli,TSG Hoffenheim,Oliver Baumann,True,Goalkeeper,1,start,end,1.0,0.0,0.0,0.0,0.0,0.0,0.0,1.0,2.0,0.0,0.0,0.0,0.0,0.0,
GER-Bundesliga,2526,2026-02-28 Werder Bremen-1. FC Heidenheim 1846,1. FC Heidenheim 1846,Frank Feller,False,Goalkeeper,1,start,end,1.0,0.0,0.0,0.0,0.0,0.0,0.0,2.0,4.0,0.0,0.0,0.0,0.0,0.0,
GER-Bundesliga,2526,2026-02-28 Werder Bremen-1. FC Heidenheim 1846,Werder Bremen,Mio Backhaus,True,Goalkeeper,1,start,end,1.0,0.0,2.0,0.0,0.0,0.0,0.0,0.0,0.0,0.0,0.0,0.0,0.0,0.0,
GER-Bundesliga,2526,2026-03-01 Eintracht Frankfurt-SC Freiburg,Eintracht Frankfurt,Kauã Santos,True,Goalkeeper,1,start,5,1.0,0.0,1.0,0.0,0.0,0.0,0.0,0.0,0.0,0.0,0.0,0.0,0.0,0.0,
GER-Bundesliga,2526,2026-03-01 Eintracht Frankfurt-SC Freiburg,SC Freiburg,Noah Atubolu,False,Goalkeeper,1,start,end,1.0,0.0,0.0,0.0,0.0,0.0,0.0,2.0,5.0,0.0,0.0,0.0,0.0,0.0,
GER-Bundesliga,2526,2026-03-01 Hamburg SV-RB Leipzig,Hamburg SV,Daniel Heuer Fernandes,True,Goalkeeper,1,start,end,1.0,0.0,0.0,0.0,0.0,0.0,0.0,2.0,3.0,0.0,0.0,0.0,0.0,0.0,
GER-Bundesliga,2526,2026-03-01 Hamburg SV-RB Leipzig,RB Leipzig,Maarten Vandevoordt,False,Goalkeeper,1,start,end,1.0,0.0,0.0,0.0,0.0,0.0,0.0,1.0,2.0,0.0,0.0,0.0,0.0,0.0,
GER-Bundesliga,2526,2026-03-01 VfB Stuttgart-VfL Wolfsburg,VfB Stuttgart,Alexander Nübel,True,Goalkeeper,1,start,end,1.0,0.0,0.0,0.0,0.0,0.0,0.0,0.0,3.0,0.0,0.0,0.0,0.0,0.0,
GER-Bundesliga,2526,2026-03-01 VfB Stuttgart-VfL Wolfsburg,VfL Wolfsburg,Kamil Grabara,False,Goalkeeper,1,start,end,1.0,0.0,0.0,0.0,0.0,0.0,0.0,4.0,7.0,0.0,0.0,0.0,0.0,0.0,
GER-Bundesliga,2526,2026-03-04 Hamburg SV-Bayer Leverkusen,Bayer Leverkusen,Janis Blaswich,False,Goalkeeper,1,start,end,1.0,0.0,0.0,0.0,0.0,0.0,0.0,0.0,3.0,0.0,0.0,0.0,0.0,0.0,
GER-Bundesliga,2526,2026-03-04 Hamburg SV-Bayer Leverkusen,Hamburg SV,Daniel Heuer Fernandes,True,Goalkeeper,1,start,end,1.0,0.0,0.0,0.0,0.0,0.0,0.0,1.0,3.0,0.0,0.0,0.0,0.0,0.0,
GER-Bundesliga,2526,2026-03-06 Bayern Munich-Borussia Mönchengladbach,Bayern Munich,Manuel Neuer,True,Goalkeeper,1,start,45,1.0,0.0,0.0,0.0,0.0,0.0,0.0,0.0,1.0,0.0,0.0,0.0,0.0,0.0,
GER-Bundesliga,2526,2026-03-06 Bayern Munich-Borussia Mönchengladbach,Borussia Mönchengladbach,Moritz Nicolas,False,Goalkeeper,1,start,end,1.0,0.0,0.0,0.0,0.0,0.0,0.0,4.0,5.0,0.0,0.0,0.0,0.0,0.0,
GER-Bundesliga,2526,2026-03-07 1. FC Heidenheim 1846-TSG Hoffenheim,1. FC Heidenheim 1846,Diant Ramaj,True,Goalkeeper,1,start,end,1.0,0.0,0.0,0.0,0.0,0.0,0.0,4.0,3.0,0.0,0.0,0.0,0.0,0.0,
GER-Bundesliga,2526,2026-03-07 1. FC Heidenheim 1846-TSG Hoffenheim,TSG Hoffenheim,Oliver Baumann,False,Goalkeeper,1,start,end,1.0,0.0,0.0,0.0,0.0,0.0,0.0,2.0,1.0,0.0,0.0,0.0,0.0,0.0,
GER-Bundesliga,2526,2026-03-07 FC Cologne-Borussia Dortmund,Borussia Dortmund,Gregor Kobel,False,Goalkeeper,1,start,end,1.0,0.0,0.0,0.0,0.0,0.0,0.0,1.0,4.0,0.0,0.0,0.0,0.0,0.0,
GER-Bundesliga,2526,2026-03-07 FC Cologne-Borussia Dortmund,FC Cologne,Marvin Schwäbe,True,Goalkeeper,1,start,end,1.0,0.0,0.0,0.0,0.0,0.0,0.0,2.0,3.0,0.0,0.0,0.0,0.0,0.0,
GER-Bundesliga,2526,2026-03-07 Mainz-VfB Stuttgart,Mainz,Daniel Batz,True,Goalkeeper,1,start,end,1.0,0.0,0.0,0.0,0.0,0.0,0.0,2.0,2.0,0.0,0.0,0.0,0.0,0.0,
GER-Bundesliga,2526,2026-03-07 Mainz-VfB Stuttgart,VfB Stuttgart,Alexander Nübel,False,Goalkeeper,1,start,end,1.0,0.0,2.0,0.0,0.0,0.0,0.0,2.0,3.0,0.0,0.0,0.0,0.0,0.0,
GER-Bundesliga,2526,2026-03-07 RB Leipzig-FC Augsburg,FC Augsburg,Finn Dahmen,False,Goalkeeper,1,start,end,1.0,0.0,1.0,0.0,0.0,0.0,0.0,2.0,7.0,0.0,0.0,0.0,0.0,1.0,
GER-Bundesliga,2526,2026-03-07 RB Leipzig-FC Augsburg,RB Leipzig,Maarten Vandevoordt,True,Goalkeeper,1,start,end,1.0,0.0,0.0,0.0,0.0,0.0,0.0,1.0,4.0,0.0,0.0,0.0,0.0,0.0,
GER-Bundesliga,2526,2026-03-07 SC Freiburg-Bayer Leverkusen,Bayer Leverkusen,Janis Blaswich,False,Goalkeeper,1,start,end,1.0,0.0,0.0,0.0,0.0,0.0,0.0,3.0,6.0,0.0,0.0,0.0,0.0,0.0,
GER-Bundesliga,2526,2026-03-07 SC Freiburg-Bayer Leverkusen,SC Freiburg,Noah Atubolu,True,Goalkeeper,1,start,end,1.0,0.0,0.0,0.0,0.0,0.0,0.0,3.0,2.0,0.0,0.0,0.0,0.0,0.0,
GER-Bundesliga,2526,2026-03-07 VfL Wolfsburg-Hamburg SV,Hamburg SV,Daniel Heuer Fernandes,False,Goalkeeper,1,start,end,1.0,0.0,0.0,0.0,0.0,0.0,0.0,1.0,3.0,0.0,0.0,0.0,0.0,0.0,
GER-Bundesliga,2526,2026-03-07 VfL Wolfsburg-Hamburg SV,VfL Wolfsburg,Kamil Grabara,True,Goalkeeper,1,start,end,1.0,0.0,0.0,0.0,0.0,0.0,0.0,2.0,5.0,0.0,0.0,0.0,0.0,0.0,
GER-Bundesliga,2526,2026-03-08 1. FC Union Berlin-Werder Bremen,1. FC Union Berlin,Frederik Ronnow,True,Goalkeeper,1,start,end,1.0,0.0,0.0,0.0,0.0,0.0,0.0,4.0,1.0,0.0,0.0,0.0,0.0,0.0,
GER-Bundesliga,2526,2026-03-08 1. FC Union Berlin-Werder Bremen,Werder Bremen,Mio Backhaus,False,Goalkeeper,1,start,end,1.0,0.0,0.0,0.0,0.0,0.0,0.0,1.0,1.0,0.0,0.0,0.0,0.0,0.0,
GER-Bundesliga,2526,2026-03-08 St. Pauli-Eintracht Frankfurt,Eintracht Frankfurt,Michael Zetterer,False,Goalkeeper,1,start,end,1.0,0.0,0.0,0.0,0.0,0.0,0.0,0.0,2.0,0.0,0.0,0.0,0.0,0.0,
GER-Bundesliga,2526,2026-03-08 St. Pauli-Eintracht Frankfurt,St. Pauli,Nikola Vasilj,True,Goalkeeper,1,start,end,1.0,0.0,0.0,0.0,0.0,0.0,0.0,0.0,2.0,0.0,0.0,0.0,0.0,0.0,
GER-Bundesliga,2526,2026-03-13 Borussia Mönchengladbach-St. Pauli,Borussia Mönchengladbach,Moritz Nicolas,True,Goalkeeper,1,start,end,1.0,0.0,0.0,0.0,0.0,0.0,0.0,0.0,1.0,0.0,0.0,0.0,0.0,0.0,
GER-Bundesliga,2526,2026-03-13 Borussia Mönchengladbach-St. Pauli,St. Pauli,Nikola Vasilj,False,Goalkeeper,1,start,end,1.0,0.0,0.0,0.0,0.0,0.0,0.0,2.0,2.0,0.0,0.0,0.0,0.0,0.0,
GER-Bundesliga,2526,2026-03-14 Bayer Leverkusen-Bayern Munich,Bayer Leverkusen,Janis Blaswich,True,Goalkeeper,1,start,end,1.0,0.0,0.0,0.0,0.0,0.0,0.0,1.0,4.0,0.0,0.0,0.0,0.0,0.0,
GER-Bundesliga,2526,2026-03-14 Bayer Leverkusen-Bayern Munich,Bayern Munich,Sven Ulreich,False,Goalkeeper,1,start,end,1.0,0.0,1.0,0.0,0.0,0.0,1.0,1.0,6.0,0.0,0.0,0.0,0.0,0.0,
GER-Bundesliga,2526,2026-03-14 Borussia Dortmund-FC Augsburg,Borussia Dortmund,Gregor Kobel,True,Goalkeeper,1,start,end,1.0,0.0,0.0,0.0,0.0,0.0,0.0,0.0,3.0,0.0,0.0,0.0,0.0,0.0,
GER-Bundesliga,2526,2026-03-14 Borussia Dortmund-FC Augsburg,FC Augsburg,Finn Dahmen,False,Goalkeeper,1,start,end,1.0,0.0,0.0,0.0,0.0,0.0,0.0,2.0,3.0,0.0,0.0,0.0,0.0,0.0,
GER-Bundesliga,2526,2026-03-14 Eintracht Frankfurt-1. FC Heidenheim 1846,1. FC Heidenheim 1846,Diant Ramaj,False,Goalkeeper,1,start,end,1.0,0.0,0.0,0.0,0.0,0.0,0.0,1.0,3.0,0.0,0.0,0.0,0.0,0.0,
GER-Bundesliga,2526,2026-03-14 Eintracht Frankfurt-1. FC Heidenheim 1846,Eintracht Frankfurt,Michael Zetterer,True,Goalkeeper,1,start,end,1.0,0.0,0.0,0.0,0.0,0.0,1.0,0.0,1.0,0.0,0.0,0.0,0.0,0.0,
GER-Bundesliga,2526,2026-03-14 Hamburg SV-FC Cologne,FC Cologne,Marvin Schwäbe,False,Goalkeeper,1,start,end,1.0,0.0,0.0,0.0,0.0,0.0,0.0,1.0,0.0,0.0,0.0,0.0,0.0,0.0,
GER-Bundesliga,2526,2026-03-14 Hamburg SV-FC Cologne,Hamburg SV,Daniel Heuer Fernandes,True,Goalkeeper,1,start,end,1.0,0.0,0.0,0.0,0.0,0.0,0.0,1.0,1.0,0.0,0.0,0.0,0.0,0.0,
GER-Bundesliga,2526,2026-03-14 TSG Hoffenheim-VfL Wolfsburg,TSG Hoffenheim,Oliver Baumann,True,Goalkeeper,1,start,end,1.0,0.0,0.0,0.0,0.0,0.0,0.0,1.0,1.0,0.0,0.0,0.0,0.0,0.0,
GER-Bundesliga,2526,2026-03-14 TSG Hoffenheim-VfL Wolfsburg,VfL Wolfsburg,Kamil Grabara,False,Goalkeeper,1,start,end,1.0,0.0,0.0,0.0,0.0,0.0,0.0,1.0,5.0,0.0,0.0,0.0,0.0,0.0,
GER-Bundesliga,2526,2026-03-15 SC Freiburg-1. FC Union Berlin,1. FC Union Berlin,Matheo Raab,False,Goalkeeper,1,start,end,1.0,0.0,0.0,0.0,0.0,0.0,0.0,0.0,6.0,0.0,0.0,0.0,0.0,0.0,
GER-Bundesliga,2526,2026-03-15 SC Freiburg-1. FC Union Berlin,SC Freiburg,Noah Atubolu,True,Goalkeeper,1,start,end,1.0,0.0,0.0,0.0,0.0,0.0,0.0,1.0,3.0,0.0,0.0,0.0,0.0,0.0,
GER-Bundesliga,2526,2026-03-15 VfB Stuttgart-RB Leipzig,RB Leipzig,Maarten Vandevoordt,False,Goalkeeper,1,start,end,1.0,0.0,0.0,0.0,0.0,0.0,0.0,1.0,3.0,0.0,0.0,0.0,0.0,0.0,
GER-Bundesliga,2526,2026-03-15 VfB Stuttgart-RB Leipzig,VfB Stuttgart,Alexander Nübel,True,Goalkeeper,1,start,end,1.0,0.0,0.0,0.0,0.0,0.0,0.0,0.0,4.0,0.0,0.0,0.0,0.0,0.0,
GER-Bundesliga,2526,2026-03-15 Werder Bremen-Mainz,Mainz,Daniel Batz,False,Goalkeeper,1,start,end,1.0,0.0,0.0,0.0,0.0,0.0,0.0,0.0,3.0,0.0,0.0,0.0,0.0,0.0,
GER-Bundesliga,2526,2026-03-15 Werder Bremen-Mainz,Werder Bremen,Mio Backhaus,True,Goalkeeper,1,start,end,1.0,0.0,0.0,0.0,0.0,0.0,0.0,2.0,0.0,0.0,0.0,0.0,0.0,0.0,
GER-Bundesliga,2526,2026-03-20 RB Leipzig-TSG Hoffenheim,RB Leipzig,Maarten Vandevoordt,True,Goalkeeper,1,start,end,1.0,0.0,0.0,0.0,0.0,0.0,0.0,0.0,2.0,0.0,0.0,0.0,0.0,0.0,
GER-Bundesliga,2526,2026-03-20 RB Leipzig-TSG Hoffenheim,TSG Hoffenheim,Oliver Baumann,False,Goalkeeper,1,start,end,1.0,0.0,0.0,0.0,0.0,0.0,0.0,5.0,4.0,0.0,0.0,0.0,0.0,0.0,
GER-Bundesliga,2526,2026-03-21 1. FC Heidenheim 1846-Bayer Leverkusen,1. FC Heidenheim 1846,Diant Ramaj,True,Goalkeeper,1,start,end,1.0,0.0,0.0,0.0,0.0,0.0,0.0,3.0,2.0,0.0,0.0,0.0,0.0,0.0,
GER-Bundesliga,2526,2026-03-21 1. FC Heidenheim 1846-Bayer Leverkusen,Bayer Leverkusen,Mark Flekken,False,Goalkeeper,1,start,end,1.0,0.0,0.0,0.0,0.0,0.0,0.0,3.0,2.0,0.0,0.0,0.0,0.0,0.0,
GER-Bundesliga,2526,2026-03-21 Bayern Munich-1. FC Union Berlin,1. FC Union Berlin,Frederik Ronnow,False,Goalkeeper,1,start,end,1.0,0.0,0.0,0.0,0.0,0.0,0.0,4.0,5.0,0.0,0.0,0.0,0.0,0.0,
GER-Bundesliga,2526,2026-03-21 Bayern Munich-1. FC Union Berlin,Bayern Munich,Jonas Urbig,True,Goalkeeper,1,start,end,1.0,0.0,1.0,0.0,0.0,0.0,0.0,0.0,1.0,0.0,0.0,0.0,0.0,0.0,
GER-Bundesliga,2526,2026-03-21 Borussia Dortmund-Hamburg SV,Borussia Dortmund,Gregor Kobel,True,Goalkeeper,1,start,end,1.0,0.0,0.0,0.0,0.0,0.0,0.0,2.0,2.0,0.0,0.0,0.0,0.0,0.0,
GER-Bundesliga,2526,2026-03-21 Borussia Dortmund-Hamburg SV,Hamburg SV,Daniel Heuer Fernandes,False,Goalkeeper,1,start,end,1.0,0.0,0.0,0.0,0.0,0.0,0.0,3.0,5.0,0.0,0.0,0.0,0.0,0.0,
GER-Bundesliga,2526,2026-03-21 FC Cologne-Borussia Mönchengladbach,Borussia Mönchengladbach,Moritz Nicolas,False,Goalkeeper,1,start,end,1.0,0.0,0.0,0.0,0.0,0.0,0.0,3.0,2.0,0.0,0.0,0.0,0.0,0.0,
GER-Bundesliga,2526,2026-03-21 FC Cologne-Borussia Mönchengladbach,FC Cologne,Marvin Schwäbe,True,Goalkeeper,1,start,end,1.0,0.0,0.0,0.0,0.0,0.0,1.0,3.0,0.0,0.0,0.0,0.0,0.0,0.0,
GER-Bundesliga,2526,2026-03-21 VfL Wolfsburg-Werder Bremen,VfL Wolfsburg,Kamil Grabara,True,Goalkeeper,1,start,end,1.0,0.0,0.0,0.0,0.0,0.0,0.0,1.0,2.0,0.0,0.0,0.0,0.0,0.0,
GER-Bundesliga,2526,2026-03-21 VfL Wolfsburg-Werder Bremen,Werder Bremen,Mio Backhaus,False,Goalkeeper,1,start,end,1.0,0.0,2.0,0.0,0.0,0.0,0.0,0.0,4.0,0.0,0.0,0.0,0.0,0.0,
GER-Bundesliga,2526,2026-03-22 FC Augsburg-VfB Stuttgart,FC Augsburg,Finn Dahmen,True,Goalkeeper,1,start,end,1.0,0.0,0.0,0.0,0.0,0.0,0.0,5.0,3.0,0.0,0.0,0.0,0.0,0.0,
GER-Bundesliga,2526,2026-03-22 FC Augsburg-VfB Stuttgart,VfB Stuttgart,Alexander Nübel,False,Goalkeeper,1,start,end,1.0,0.0,0.0,0.0,0.0,0.0,0.0,2.0,5.0,0.0,0.0,0.0,0.0,0.0,
GER-Bundesliga,2526,2026-03-22 Mainz-Eintracht Frankfurt,Eintracht Frankfurt,Michael Zetterer,False,Goalkeeper,1,start,end,1.0,0.0,3.0,0.0,0.0,0.0,0.0,2.0,3.0,0.0,0.0,0.0,0.0,0.0,
GER-Bundesliga,2526,2026-03-22 Mainz-Eintracht Frankfurt,Mainz,Daniel Batz,True,Goalkeeper,1,start,end,1.0,0.0,0.0,0.0,0.0,0.0,0.0,1.0,3.0,0.0,0.0,0.0,0.0,0.0,
GER-Bundesliga,2526,2026-03-22 St. Pauli-SC Freiburg,SC Freiburg,Noah Atubolu,False,Goalkeeper,1,start,end,1.0,0.0,0.0,0.0,0.0,0.0,0.0,1.0,4.0,0.0,0.0,0.0,0.0,0.0,
GER-Bundesliga,2526,2026-03-22 St. Pauli-SC Freiburg,St. Pauli,Nikola Vasilj,True,Goalkeeper,1,start,end,1.0,0.0,0.0,0.0,0.0,0.0,0.0,2.0,4.0,0.0,0.0,0.0,0.0,0.0,
GER-Bundesliga,2526,2026-04-04 Bayer Leverkusen-VfL Wolfsburg,Bayer Leverkusen,Mark Flekken,True,Goalkeeper,1,start,end,1.0,0.0,0.0,0.0,0.0,0.0,0.0,3.0,2.0,0.0,0.0,0.0,0.0,0.0,
GER-Bundesliga,2526,2026-04-04 Bayer Leverkusen-VfL Wolfsburg,VfL Wolfsburg,Kamil Grabara,False,Goalkeeper,1,start,end,1.0,0.0,0.0,0.0,0.0,0.0,0.0,6.0,5.0,0.0,0.0,0.0,0.0,0.0,
GER-Bundesliga,2526,2026-04-04 Borussia Mönchengladbach-1. FC Heidenheim 1846,1. FC Heidenheim 1846,Diant Ramaj,False,Goalkeeper,1,start,end,1.0,0.0,0.0,0.0,0.0,0.0,0.0,2.0,5.0,0.0,0.0,0.0,0.0,0.0,
GER-Bundesliga,2526,2026-04-04 Borussia Mönchengladbach-1. FC Heidenheim 1846,Borussia Mönchengladbach,Moritz Nicolas,True,Goalkeeper,1,start,end,1.0,0.0,0.0,0.0,0.0,0.0,0.0,2.0,4.0,0.0,0.0,0.0,0.0,0.0,
GER-Bundesliga,2526,2026-04-04 Hamburg SV-FC Augsburg,FC Augsburg,Finn Dahmen,False,Goalkeeper,1,start,end,1.0,0.0,0.0,0.0,0.0,0.0,0.0,1.0,3.0,0.0,0.0,0.0,0.0,0.0,
GER-Bundesliga,2526,2026-04-04 Hamburg SV-FC Augsburg,Hamburg SV,Daniel Heuer Fernandes,True,Goalkeeper,1,start,end,1.0,0.0,0.0,0.0,0.0,0.0,0.0,1.0,2.0,0.0,0.0,0.0,0.0,0.0,
GER-Bundesliga,2526,2026-04-04 SC Freiburg-Bayern Munich,Bayern Munich,Manuel Neuer,False,Goalkeeper,1,start,end,1.0,0.0,0.0,0.0,0.0,0.0,0.0,2.0,2.0,0.0,0.0,0.0,0.0,0.0,
GER-Bundesliga,2526,2026-04-04 SC Freiburg-Bayern Munich,SC Freiburg,Noah Atubolu,True,Goalkeeper,1,start,end,1.0,0.0,1.0,0.0,0.0,0.0,1.0,3.0,6.0,0.0,0.0,0.0,0.0,0.0,
GER-Bundesliga,2526,2026-04-04 TSG Hoffenheim-Mainz,Mainz,Daniel Batz,False,Goalkeeper,1,start,end,1.0,0.0,1.0,0.0,0.0,0.0,0.0,1.0,4.0,0.0,0.0,0.0,0.0,0.0,
GER-Bundesliga,2526,2026-04-04 TSG Hoffenheim-Mainz,TSG Hoffenheim,Oliver Baumann,True,Goalkeeper,1,start,end,1.0,0.0,0.0,0.0,0.0,0.0,1.0,2.0,3.0,0.0,0.0,0.0,0.0,0.0,
GER-Bundesliga,2526,2026-04-04 VfB Stuttgart-Borussia Dortmund,Borussia Dortmund,Gregor Kobel,False,Goalkeeper,1,start,end,1.0,0.0,0.0,0.0,0.0,0.0,0.0,0.0,3.0,0.0,0.0,0.0,0.0,0.0,
GER-Bundesliga,2526,2026-04-04 VfB Stuttgart-Borussia Dortmund,VfB Stuttgart,Alexander Nübel,True,Goalkeeper,1,start,end,1.0,0.0,0.0,0.0,0.0,0.0,0.0,2.0,1.0,0.0,0.0,0.0,0.0,0.0,
GER-Bundesliga,2526,2026-04-04 Werder Bremen-RB Leipzig,RB Leipzig,Maarten Vandevoordt,False,Goalkeeper,1,start,end,1.0,0.0,0.0,0.0,0.0,0.0,0.0,1.0,4.0,0.0,0.0,0.0,0.0,0.0,
GER-Bundesliga,2526,2026-04-04 Werder Bremen-RB Leipzig,Werder Bremen,Mio Backhaus,True,Goalkeeper,1,start,end,1.0,0.0,0.0,0.0,0.0,0.0,0.0,2.0,0.0,0.0,0.0,0.0,0.0,0.0,
GER-Bundesliga,2526,2026-04-05 1. FC Union Berlin-St. Pauli,1. FC Union Berlin,Frederik Ronnow,True,Goalkeeper,1,start,end,1.0,0.0,0.0,0.0,0.0,0.0,0.0,1.0,1.0,0.0,0.0,0.0,0.0,0.0,
GER-Bundesliga,2526,2026-04-05 1. FC Union Berlin-St. Pauli,St. Pauli,Nikola Vasilj,False,Goalkeeper,1,start,end,1.0,0.0,0.0,0.0,0.0,0.0,0.0,1.0,8.0,0.0,0.0,0.0,0.0,0.0,
GER-Bundesliga,2526,2026-04-05 Eintracht Frankfurt-FC Cologne,Eintracht Frankfurt,Michael Zetterer,True,Goalkeeper,1,start,end,1.0,0.0,1.0,0.0,0.0,0.0,0.0,2.0,7.0,0.0,0.0,0.0,0.0,0.0,
GER-Bundesliga,2526,2026-04-05 Eintracht Frankfurt-FC Cologne,FC Cologne,Marvin Schwäbe,False,Goalkeeper,1,start,end,1.0,0.0,1.0,0.0,0.0,0.0,0.0,2.0,5.0,0.0,0.0,0.0,0.0,0.0,
GER-Bundesliga,2526,2026-04-10 FC Augsburg-TSG Hoffenheim,FC Augsburg,Finn Dahmen,True,Goalkeeper,1,start,end,1.0,0.0,3.0,0.0,0.0,0.0,0.0,2.0,2.0,0.0,0.0,0.0,0.0,0.0,
GER-Bundesliga,2526,2026-04-10 FC Augsburg-TSG Hoffenheim,TSG Hoffenheim,Oliver Baumann,False,Goalkeeper,1,start,end,1.0,0.0,0.0,0.0,0.0,0.0,0.0,2.0,4.0,0.0,0.0,0.0,0.0,0.0,
GER-Bundesliga,2526,2026-04-11 1. FC Heidenheim 1846-1. FC Union Berlin,1. FC Heidenheim 1846,Diant Ramaj,True,Goalkeeper,1,start,end,1.0,0.0,0.0,0.0,0.0,0.0,0.0,1.0,2.0,0.0,0.0,0.0,0.0,0.0,
GER-Bundesliga,2526,2026-04-11 1. FC Heidenheim 1846-1. FC Union Berlin,1. FC Union Berlin,Frederik Ronnow,False,Goalkeeper,1,start,end,1.0,0.0,0.0,0.0,0.0,0.0,0.0,3.0,0.0,0.0,0.0,0.0,0.0,0.0,
GER-Bundesliga,2526,2026-04-11 Borussia Dortmund-Bayer Leverkusen,Bayer Leverkusen,Mark Flekken,False,Goalkeeper,1,start,end,1.0,0.0,0.0,0.0,0.0,0.0,0.0,0.0,0.0,0.0,0.0,0.0,0.0,0.0,
GER-Bundesliga,2526,2026-04-11 Borussia Dortmund-Bayer Leverkusen,Borussia Dortmund,Gregor Kobel,True,Goalkeeper,1,start,end,1.0,0.0,0.0,0.0,0.0,0.0,0.0,1.0,3.0,0.0,0.0,0.0,0.0,0.0,
GER-Bundesliga,2526,2026-04-11 RB Leipzig-Borussia Mönchengladbach,Borussia Mönchengladbach,Moritz Nicolas,False,Goalkeeper,1,start,end,1.0,0.0,0.0,0.0,0.0,0.0,0.0,1.0,11.0,0.0,0.0,0.0,0.0,0.0,
GER-Bundesliga,2526,2026-04-11 RB Leipzig-Borussia Mönchengladbach,RB Leipzig,Maarten Vandevoordt,True,Goalkeeper,1,start,end,1.0,0.0,0.0,0.0,0.0,0.0,0.0,0.0,2.0,0.0,0.0,0.0,0.0,0.0,
GER-Bundesliga,2526,2026-04-11 St. Pauli-Bayern Munich,Bayern Munich,Manuel Neuer,False,Goalkeeper,1,start,end,1.0,0.0,0.0,0.0,0.0,0.0,0.0,0.0,3.0,0.0,0.0,0.0,0.0,0.0,
GER-Bundesliga,2526,2026-04-11 St. Pauli-Bayern Munich,St. Pauli,Nikola Vasilj,True,Goalkeeper,1,start,end,1.0,0.0,0.0,0.0,0.0,0.0,0.0,5.0,3.0,0.0,0.0,0.0,0.0,0.0,
GER-Bundesliga,2526,2026-04-11 VfL Wolfsburg-Eintracht Frankfurt,Eintracht Frankfurt,Michael Zetterer,False,Goalkeeper,1,start,end,1.0,0.0,0.0,0.0,0.0,0.0,0.0,1.0,6.0,0.0,0.0,0.0,0.0,0.0,
GER-Bundesliga,2526,2026-04-11 VfL Wolfsburg-Eintracht Frankfurt,VfL Wolfsburg,Kamil Grabara,True,Goalkeeper,1,start,end,1.0,0.0,0.0,0.0,0.0,0.0,0.0,2.0,2.0,0.0,0.0,0.0,0.0,0.0,
GER-Bundesliga,2526,2026-04-12 FC Cologne-Werder Bremen,FC Cologne,Marvin Schwäbe,True,Goalkeeper,1,start,end,1.0,0.0,0.0,0.0,0.0,0.0,0.0,1.0,1.0,0.0,0.0,0.0,0.0,0.0,
GER-Bundesliga,2526,2026-04-12 FC Cologne-Werder Bremen,Werder Bremen,Mio Backhaus,False,Goalkeeper,1,start,end,1.0,0.0,1.0,1.0,0.0,0.0,0.0,3.0,8.0,0.0,0.0,0.0,0.0,0.0,
GER-Bundesliga,2526,2026-04-12 Mainz-SC Freiburg,Mainz,Daniel Batz,True,Goalkeeper,1,start,end,1.0,0.0,0.0,0.0,0.0,0.0,0.0,1.0,2.0,0.0,0.0,0.0,0.0,0.0,
GER-Bundesliga,2526,2026-04-12 Mainz-SC Freiburg,SC Freiburg,Noah Atubolu,False,Goalkeeper,1,start,end,1.0,0.0,1.0,0.0,0.0,0.0,0.0,0.0,3.0,0.0,0.0,0.0,0.0,0.0,
GER-Bundesliga,2526,2026-04-12 VfB Stuttgart-Hamburg SV,Hamburg SV,Daniel Heuer Fernandes,False,Goalkeeper,1,start,end,1.0,0.0,0.0,0.0,0.0,0.0,0.0,4.0,7.0,0.0,0.0,0.0,0.0,0.0,
GER-Bundesliga,2526,2026-04-12 VfB Stuttgart-Hamburg SV,VfB Stuttgart,Alexander Nübel,True,Goalkeeper,1,start,end,1.0,0.0,0.0,0.0,0.0,0.0,0.0,0.0,4.0,0.0,0.0,0.0,0.0,0.0,
GER-Bundesliga,2526,2026-04-17 St. Pauli-FC Cologne,FC Cologne,Marvin Schwäbe,False,Goalkeeper,1,start,end,1.0,0.0,1.0,0.0,0.0,0.0,0.0,1.0,4.0,0.0,0.0,0.0,0.0,0.0,
GER-Bundesliga,2526,2026-04-17 St. Pauli-FC Cologne,St. Pauli,Nikola Vasilj,True,Goalkeeper,1,start,end,1.0,0.0,0.0,0.0,0.0,0.0,0.0,1.0,0.0,0.0,0.0,0.0,0.0,0.0,
GER-Bundesliga,2526,2026-04-18 1. FC Union Berlin-VfL Wolfsburg,1. FC Union Berlin,Frederik Ronnow,True,Goalkeeper,1,start,end,1.0,0.0,0.0,0.0,0.0,0.0,0.0,2.0,2.0,0.0,0.0,0.0,0.0,0.0,
GER-Bundesliga,2526,2026-04-18 1. FC Union Berlin-VfL Wolfsburg,VfL Wolfsburg,Kamil Grabara,False,Goalkeeper,1,start,end,1.0,0.0,0.0,0.0,0.0,0.0,0.0,1.0,6.0,0.0,0.0,0.0,0.0,0.0,
GER-Bundesliga,2526,2026-04-18 Bayer Leverkusen-FC Augsburg,Bayer Leverkusen,Mark Flekken,True,Goalkeeper,1,start,end,1.0,0.0,0.0,0.0,0.0,0.0,0.0,2.0,3.0,0.0,0.0,0.0,0.0,0.0,
GER-Bundesliga,2526,2026-04-18 Bayer Leverkusen-FC Augsburg,FC Augsburg,Finn Dahmen,False,Goalkeeper,1,start,end,1.0,0.0,1.0,0.0,0.0,0.0,0.0,1.0,9.0,0.0,0.0,0.0,0.0,0.0,
GER-Bundesliga,2526,2026-04-18 Eintracht Frankfurt-RB Leipzig,Eintracht Frankfurt,Michael Zetterer,True,Goalkeeper,1,start,end,1.0,0.0,0.0,0.0,0.0,0.0,0.0,3.0,5.0,0.0,0.0,0.0,0.0,0.0,
GER-Bundesliga,2526,2026-04-18 Eintracht Frankfurt-RB Leipzig,RB Leipzig,Maarten Vandevoordt,False,Goalkeeper,1,start,end,1.0,0.0,0.0,0.0,0.0,0.0,0.0,1.0,4.0,0.0,0.0,0.0,0.0,0.0,
GER-Bundesliga,2526,2026-04-18 TSG Hoffenheim-Borussia Dortmund,Borussia Dortmund,Gregor Kobel,False,Goalkeeper,1,start,end,1.0,0.0,0.0,0.0,0.0,0.0,0.0,2.0,2.0,0.0,0.0,0.0,0.0,0.0,
GER-Bundesliga,2526,2026-04-18 TSG Hoffenheim-Borussia Dortmund,TSG Hoffenheim,Oliver Baumann,True,Goalkeeper,1,start,end,1.0,0.0,0.0,0.0,0.0,0.0,0.0,1.0,2.0,0.0,0.0,0.0,0.0,0.0,
GER-Bundesliga,2526,2026-04-18 Werder Bremen-Hamburg SV,Hamburg SV,Daniel Heuer Fernandes,False,Goalkeeper,1,start,end,1.0,0.0,0.0,0.0,0.0,0.0,0.0,3.0,7.0,0.0,0.0,0.0,0.0,0.0,
GER-Bundesliga,2526,2026-04-18 Werder Bremen-Hamburg SV,Werder Bremen,Mio Backhaus,True,Goalkeeper,1,start,end,1.0,0.0,0.0,0.0,0.0,0.0,0.0,1.0,2.0,0.0,0.0,0.0,0.0,0.0,
GER-Bundesliga,2526,2026-04-19 Bayern Munich-VfB Stuttgart,Bayern Munich,Jonas Urbig,True,Goalkeeper,1,start,end,1.0,0.0,0.0,0.0,0.0,0.0,0.0,2.0,5.0,0.0,0.0,0.0,0.0,0.0,
GER-Bundesliga,2526,2026-04-19 Bayern Munich-VfB Stuttgart,VfB Stuttgart,Alexander Nübel,False,Goalkeeper,1,start,end,1.0,0.0,0.0,0.0,0.0,0.0,0.0,4.0,4.0,0.0,0.0,0.0,0.0,0.0,
GER-Bundesliga,2526,2026-04-19 Borussia Mönchengladbach-Mainz,Borussia Mönchengladbach,Moritz Nicolas,True,Goalkeeper,1,start,end,1.0,0.0,0.0,0.0,0.0,0.0,1.0,1.0,6.0,0.0,0.0,0.0,0.0,0.0,
GER-Bundesliga,2526,2026-04-19 Borussia Mönchengladbach-Mainz,Mainz,Daniel Batz,False,Goalkeeper,1,start,end,1.0,0.0,0.0,0.0,0.0,0.0,0.0,1.0,3.0,0.0,0.0,0.0,0.0,0.0,
GER-Bundesliga,2526,2026-04-19 SC Freiburg-1. FC Heidenheim 1846,1. FC Heidenheim 1846,Diant Ramaj,False,Goalkeeper,1,start,end,1.0,0.0,0.0,0.0,0.0,0.0,0.0,2.0,2.0,0.0,0.0,0.0,0.0,0.0,
GER-Bundesliga,2526,2026-04-19 SC Freiburg-1. FC Heidenheim 1846,SC Freiburg,Noah Atubolu,True,Goalkeeper,1,start,end,1.0,0.0,0.0,0.0,0.0,0.0,0.0,1.0,1.0,0.0,0.0,0.0,0.0,0.0,
GER-Bundesliga,2526,2026-04-24 RB Leipzig-1. FC Union Berlin,1. FC Union Berlin,Frederik Ronnow,False,Goalkeeper,1,start,31,1.0,0.0,0.0,0.0,0.0,0.0,0.0,2.0,2.0,0.0,0.0,0.0,0.0,0.0,
GER-Bundesliga,2526,2026-04-24 RB Leipzig-1. FC Union Berlin,RB Leipzig,Maarten Vandevoordt,True,Goalkeeper,1,start,end,1.0,0.0,0.0,0.0,0.0,0.0,0.0,1.0,0.0,0.0,0.0,0.0,0.0,0.0,
GER-Bundesliga,2526,2026-04-25 1. FC Heidenheim 1846-St. Pauli,1. FC Heidenheim 1846,Diant Ramaj,True,Goalkeeper,1,start,end,1.0,0.0,0.0,0.0,0.0,0.0,0.0,0.0,2.0,0.0,1.0,0.0,0.0,0.0,
GER-Bundesliga,2526,2026-04-25 1. FC Heidenheim 1846-St. Pauli,St. Pauli,Nikola Vasilj,False,Goalkeeper,1,start,end,1.0,0.0,0.0,0.0,0.0,0.0,0.0,2.0,3.0,0.0,0.0,0.0,0.0,0.0,
GER-Bundesliga,2526,2026-04-25 FC Augsburg-Eintracht Frankfurt,Eintracht Frankfurt,Michael Zetterer,False,Goalkeeper,1,start,end,1.0,0.0,0.0,0.0,0.0,0.0,0.0,1.0,2.0,0.0,0.0,0.0,0.0,0.0,
GER-Bundesliga,2526,2026-04-25 FC Augsburg-Eintracht Frankfurt,FC Augsburg,Finn Dahmen,True,Goalkeeper,1,start,end,1.0,0.0,1.0,0.0,0.0,0.0,0.0,1.0,6.0,0.0,0.0,0.0,0.0,0.0,
GER-Bundesliga,2526,2026-04-25 FC Cologne-Bayer Leverkusen,Bayer Leverkusen,Janis Blaswich,False,Goalkeeper,1,start,end,1.0,0.0,0.0,0.0,0.0,0.0,1.0,1.0,8.0,0.0,0.0,0.0,0.0,0.0,
GER-Bundesliga,2526,2026-04-25 FC Cologne-Bayer Leverkusen,FC Cologne,Marvin Schwäbe,True,Goalkeeper,1,start,end,1.0,0.0,0.0,0.0,0.0,0.0,0.0,2.0,1.0,0.0,0.0,0.0,0.0,0.0,
GER-Bundesliga,2526,2026-04-25 Hamburg SV-TSG Hoffenheim,Hamburg SV,Daniel Heuer Fernandes,True,Goalkeeper,1,start,end,1.0,0.0,0.0,0.0,0.0,0.0,0.0,2.0,4.0,0.0,0.0,0.0,0.0,0.0,
GER-Bundesliga,2526,2026-04-25 Hamburg SV-TSG Hoffenheim,TSG Hoffenheim,Oliver Baumann,False,Goalkeeper,1,start,end,1.0,1.0,0.0,0.0,0.0,0.0,1.0,1.0,3.0,0.0,0.0,0.0,0.0,0.0,
GER-Bundesliga,2526,2026-04-25 Mainz-Bayern Munich,Bayern Munich,Jonas Urbig,False,Goalkeeper,1,start,end,1.0,0.0,0.0,0.0,0.0,0.0,0.0,3.0,5.0,0.0,0.0,0.0,0.0,0.0,
GER-Bundesliga,2526,2026-04-25 Mainz-Bayern Munich,Mainz,Daniel Batz,True,Goalkeeper,1,start,end,1.0,0.0,0.0,0.0,0.0,0.0,0.0,4.0,2.0,0.0,0.0,0.0,0.0,0.0,
GER-Bundesliga,2526,2026-04-25 VfL Wolfsburg-Borussia Mönchengladbach,Borussia Mönchengladbach,Moritz Nicolas,False,Goalkeeper,1,start,end,1.0,0.0,0.0,0.0,0.0,0.0,0.0,0.0,4.0,0.0,0.0,0.0,0.0,0.0,
GER-Bundesliga,2526,2026-04-25 VfL Wolfsburg-Borussia Mönchengladbach,VfL Wolfsburg,Kamil Grabara,True,Goalkeeper,1,start,end,1.0,0.0,0.0,0.0,0.0,0.0,0.0,0.0,2.0,0.0,0.0,0.0,0.0,0.0,
GER-Bundesliga,2526,2026-04-26 Borussia Dortmund-SC Freiburg,Borussia Dortmund,Gregor Kobel,True,Goalkeeper,1,start,end,1.0,0.0,0.0,0.0,0.0,0.0,0.0,0.0,4.0,0.0,0.0,0.0,0.0,0.0,
GER-Bundesliga,2526,2026-04-26 Borussia Dortmund-SC Freiburg,SC Freiburg,Noah Atubolu,False,Goalkeeper,1,start,end,1.0,0.0,0.0,0.0,0.0,0.0,0.0,4.0,1.0,0.0,0.0,0.0,0.0,0.0,
GER-Bundesliga,2526,2026-04-26 VfB Stuttgart-Werder Bremen,VfB Stuttgart,Alexander Nübel,True,Goalkeeper,1,start,end,1.0,0.0,0.0,0.0,0.0,0.0,0.0,1.0,2.0,0.0,0.0,0.0,0.0,0.0,
GER-Bundesliga,2526,2026-04-26 VfB Stuttgart-Werder Bremen,Werder Bremen,Mio Backhaus,False,Goalkeeper,1,start,end,1.0,0.0,1.0,0.0,0.0,0.0,1.0,1.0,3.0,0.0,0.0,0.0,0.0,0.0,
GER-Bundesliga,2526,2026-05-02 1. FC Union Berlin-FC Cologne,1. FC Union Berlin,Carl Klaus,True,Goalkeeper,1,start,end,1.0,0.0,0.0,0.0,0.0,0.0,0.0,2.0,2.0,0.0,0.0,0.0,0.0,0.0,
GER-Bundesliga,2526,2026-05-02 1. FC Union Berlin-FC Cologne,FC Cologne,Marvin Schwäbe,False,Goalkeeper,1,start,end,1.0,0.0,0.0,0.0,0.0,0.0,1.0,2.0,1.0,0.0,0.0,0.0,0.0,0.0,
GER-Bundesliga,2526,2026-05-02 Bayer Leverkusen-RB Leipzig,Bayer Leverkusen,Mark Flekken,True,Goalkeeper,1,start,end,1.0,0.0,0.0,0.0,0.0,0.0,0.0,1.0,3.0,0.0,0.0,0.0,0.0,0.0,
GER-Bundesliga,2526,2026-05-02 Bayer Leverkusen-RB Leipzig,RB Leipzig,Maarten Vandevoordt,False,Goalkeeper,1,start,end,1.0,0.0,0.0,0.0,0.0,0.0,0.0,4.0,3.0,0.0,0.0,0.0,0.0,0.0,
GER-Bundesliga,2526,2026-05-02 Bayern Munich-1. FC Heidenheim 1846,1. FC Heidenheim 1846,Diant Ramaj,False,Goalkeeper,1,start,end,1.0,0.0,0.0,0.0,0.0,0.0,1.0,3.0,3.0,0.0,0.0,0.0,0.0,0.0,
GER-Bundesliga,2526,2026-05-02 Bayern Munich-1. FC Heidenheim 1846,Bayern Munich,Jonas Urbig,True,Goalkeeper,1,start,end,1.0,0.0,0.0,0.0,0.0,0.0,0.0,3.0,2.0,0.0,0.0,0.0,0.0,0.0,
GER-Bundesliga,2526,2026-05-02 Eintracht Frankfurt-Hamburg SV,Eintracht Frankfurt,Michael Zetterer,True,Goalkeeper,1,start,end,1.0,0.0,0.0,0.0,0.0,0.0,0.0,2.0,2.0,0.0,0.0,0.0,0.0,0.0,
GER-Bundesliga,2526,2026-05-02 Eintracht Frankfurt-Hamburg SV,Hamburg SV,Daniel Heuer Fernandes,False,Goalkeeper,1,start,end,1.0,0.0,0.0,0.0,0.0,0.0,0.0,1.0,4.0,0.0,0.0,0.0,0.0,0.0,
GER-Bundesliga,2526,2026-05-02 TSG Hoffenheim-VfB Stuttgart,TSG Hoffenheim,Oliver Baumann,True,Goalkeeper,1,start,end,1.0,0.0,1.0,0.0,0.0,0.0,0.0,3.0,2.0,0.0,0.0,0.0,0.0,0.0,
GER-Bundesliga,2526,2026-05-02 TSG Hoffenheim-VfB Stuttgart,VfB Stuttgart,Alexander Nübel,False,Goalkeeper,1,start,end,1.0,0.0,0.0,0.0,0.0,0.0,0.0,3.0,6.0,0.0,0.0,0.0,0.0,0.0,
GER-Bundesliga,2526,2026-05-02 Werder Bremen-FC Augsburg,FC Augsburg,Finn Dahmen,False,Goalkeeper,1,start,end,1.0,0.0,0.0,0.0,0.0,0.0,0.0,1.0,3.0,0.0,0.0,0.0,0.0,0.0,
GER-Bundesliga,2526,2026-05-02 Werder Bremen-FC Augsburg,Werder Bremen,Mio Backhaus,True,Goalkeeper,1,start,end,1.0,0.0,0.0,0.0,0.0,0.0,0.0,3.0,4.0,0.0,0.0,0.0,0.0,0.0,
GER-Bundesliga,2526,2026-05-03 Borussia Mönchengladbach-Borussia Dortmund,Borussia Dortmund,Gregor Kobel,False,Goalkeeper,1,start,end,1.0,0.0,0.0,0.0,0.0,0.0,0.0,1.0,3.0,0.0,0.0,0.0,0.0,0.0,
GER-Bundesliga,2526,2026-05-03 Borussia Mönchengladbach-Borussia Dortmund,Borussia Mönchengladbach,Moritz Nicolas,True,Goalkeeper,1,start,end,1.0,0.0,0.0,0.0,0.0,0.0,0.0,0.0,1.0,0.0,0.0,0.0,0.0,0.0,
GER-Bundesliga,2526,2026-05-03 SC Freiburg-VfL Wolfsburg,SC Freiburg,Noah Atubolu,True,Goalkeeper,1,start,end,1.0,0.0,0.0,0.0,0.0,0.0,0.0,1.0,3.0,0.0,0.0,0.0,0.0,0.0,
GER-Bundesliga,2526,2026-05-03 SC Freiburg-VfL Wolfsburg,VfL Wolfsburg,Kamil Grabara,False,Goalkeeper,1,start,end,1.0,0.0,0.0,0.0,0.0,0.0,0.0,1.0,2.0,0.0,0.0,0.0,0.0,0.0,
GER-Bundesliga,2526,2026-05-03 St. Pauli-Mainz,Mainz,Daniel Batz,False,Goalkeeper,1,start,end,1.0,0.0,0.0,0.0,0.0,0.0,1.0,1.0,1.0,0.0,0.0,0.0,0.0,0.0,
GER-Bundesliga,2526,2026-05-03 St. Pauli-Mainz,St. Pauli,Nikola Vasilj,True,Goalkeeper,1,start,end,1.0,0.0,0.0,0.0,0.0,0.0,0.0,2.0,3.0,0.0,0.0,0.0,0.0,0.0,
GER-Bundesliga,2526,2026-05-08 Borussia Dortmund-Eintracht Frankfurt,Borussia Dortmund,Gregor Kobel,True,Goalkeeper,1,start,end,1.0,0.0,0.0,0.0,0.0,0.0,1.0,2.0,2.0,0.0,0.0,0.0,0.0,0.0,
GER-Bundesliga,2526,2026-05-08 Borussia Dortmund-Eintracht Frankfurt,Eintracht Frankfurt,Michael Zetterer,False,Goalkeeper,1,start,end,1.0,0.0,1.0,0.0,0.0,0.0,0.0,3.0,5.0,0.0,0.0,0.0,0.0,0.0,
GER-Bundesliga,2526,2026-05-09 FC Augsburg-Borussia Mönchengladbach,Borussia Mönchengladbach,Moritz Nicolas,False,Goalkeeper,1,start,end,1.0,0.0,1.0,0.0,0.0,0.0,0.0,3.0,7.0,0.0,0.0,0.0,0.0,0.0,
GER-Bundesliga,2526,2026-05-09 FC Augsburg-Borussia Mönchengladbach,FC Augsburg,Finn Dahmen,True,Goalkeeper,1,start,end,1.0,0.0,0.0,0.0,0.0,0.0,0.0,1.0,3.0,0.0,0.0,0.0,0.0,0.0,
GER-Bundesliga,2526,2026-05-09 RB Leipzig-St. Pauli,RB Leipzig,Maarten Vandevoordt,True,Goalkeeper,1,start,end,1.0,0.0,0.0,0.0,0.0,0.0,0.0,1.0,2.0,0.0,0.0,0.0,0.0,0.0,
GER-Bundesliga,2526,2026-05-09 RB Leipzig-St. Pauli,St. Pauli,Nikola Vasilj,False,Goalkeeper,1,start,end,1.0,0.0,0.0,0.0,0.0,0.0,0.0,2.0,3.0,0.0,0.0,0.0,0.0,0.0,
GER-Bundesliga,2526,2026-05-09 TSG Hoffenheim-Werder Bremen,TSG Hoffenheim,Oliver Baumann,True,Goalkeeper,1,start,end,1.0,0.0,0.0,0.0,0.0,0.0,0.0,0.0,2.0,0.0,0.0,0.0,0.0,0.0,
GER-Bundesliga,2526,2026-05-09 TSG Hoffenheim-Werder Bremen,Werder Bremen,Mio Backhaus,False,Goalkeeper,1,start,end,1.0,0.0,1.0,0.0,0.0,0.0,0.0,1.0,3.0,0.0,0.0,0.0,0.0,0.0,
GER-Bundesliga,2526,2026-05-09 VfB Stuttgart-Bayer Leverkusen,Bayer Leverkusen,Mark Flekken,False,Goalkeeper,1,start,end,1.0,0.0,0.0,0.0,0.0,0.0,0.0,3.0,5.0,0.0,0.0,0.0,0.0,0.0,
GER-Bundesliga,2526,2026-05-09 VfB Stuttgart-Bayer Leverkusen,VfB Stuttgart,Alexander Nübel,True,Goalkeeper,1,start,end,1.0,0.0,0.0,0.0,0.0,0.0,0.0,1.0,4.0,0.0,0.0,0.0,0.0,0.0,
GER-Bundesliga,2526,2026-05-09 VfL Wolfsburg-Bayern Munich,Bayern Munich,Jonas Urbig,False,Goalkeeper,1,start,end,1.0,0.0,1.0,0.0,0.0,0.0,0.0,0.0,5.0,0.0,0.0,0.0,0.0,0.0,
GER-Bundesliga,2526,2026-05-09 VfL Wolfsburg-Bayern Munich,VfL Wolfsburg,Kamil Grabara,True,Goalkeeper,1,start,end,1.0,0.0,1.0,0.0,0.0,0.0,0.0,1.0,8.0,0.0,0.0,0.0,0.0,0.0,
GER-Bundesliga,2526,2026-05-10 FC Cologne-1. FC Heidenheim 1846,1. FC Heidenheim 1846,Frank Feller,False,Goalkeeper,1,start,end,1.0,0.0,2.0,0.0,0.0,0.0,0.0,1.0,6.0,0.0,0.0,0.0,0.0,0.0,
GER-Bundesliga,2526,2026-05-10 FC Cologne-1. FC Heidenheim 1846,FC Cologne,Marvin Schwäbe,True,Goalkeeper,1,start,end,1.0,0.0,0.0,0.0,0.0,0.0,0.0,3.0,2.0,0.0,0.0,0.0,0.0,0.0,
GER-Bundesliga,2526,2026-05-10 Hamburg SV-SC Freiburg,Hamburg SV,Daniel Heuer Fernandes,True,Goalkeeper,1,start,end,1.0,0.0,0.0,0.0,0.0,0.0,0.0,2.0,1.0,0.0,0.0,0.0,0.0,0.0,
GER-Bundesliga,2526,2026-05-10 Hamburg SV-SC Freiburg,SC Freiburg,Noah Atubolu,False,Goalkeeper,1,start,end,1.0,0.0,1.0,0.0,0.0,0.0,0.0,3.0,2.0,0.0,0.0,0.0,0.0,0.0,
GER-Bundesliga,2526,2026-05-10 Mainz-1. FC Union Berlin,1. FC Union Berlin,Carl Klaus,False,Goalkeeper,1,start,end,1.0,0.0,0.0,0.0,0.0,0.0,0.0,1.0,3.0,0.0,0.0,0.0,0.0,0.0,
GER-Bundesliga,2526,2026-05-10 Mainz-1. FC Union Berlin,Mainz,Robin Zentner,True,Goalkeeper,1,start,end,1.0,0.0,0.0,0.0,0.0,0.0,0.0,3.0,6.0,0.0,0.0,0.0,0.0,0.0,
GER-Bundesliga,2526,2026-05-16 1. FC Heidenheim 1846-Mainz,1. FC Heidenheim 1846,Frank Feller,True,Goalkeeper,1,start,end,1.0,0.0,0.0,0.0,0.0,0.0,0.0,2.0,5.0,0.0,0.0,0.0,0.0,0.0,
GER-Bundesliga,2526,2026-05-16 1. FC Heidenheim 1846-Mainz,Mainz,Daniel Batz,False,Goalkeeper,1,start,end,1.0,0.0,0.0,0.0,0.0,0.0,0.0,0.0,5.0,0.0,0.0,0.0,0.0,0.0,
GER-Bundesliga,2526,2026-05-16 1. FC Union Berlin-FC Augsburg,1. FC Union Berlin,Carl Klaus,True,Goalkeeper,1,start,end,1.0,0.0,0.0,0.0,0.0,0.0,0.0,0.0,1.0,0.0,0.0,0.0,0.0,0.0,
GER-Bundesliga,2526,2026-05-16 1. FC Union Berlin-FC Augsburg,FC Augsburg,Finn Dahmen,False,Goalkeeper,1,start,end,1.0,0.0,0.0,0.0,0.0,0.0,0.0,4.0,5.0,0.0,0.0,0.0,0.0,0.0,
GER-Bundesliga,2526,2026-05-16 Bayer Leverkusen-Hamburg SV,Bayer Leverkusen,Mark Flekken,True,Goalkeeper,1,start,end,1.0,0.0,0.0,0.0,0.0,0.0,0.0,1.0,5.0,0.0,0.0,0.0,0.0,0.0,
GER-Bundesliga,2526,2026-05-16 Bayer Leverkusen-Hamburg SV,Hamburg SV,Sander Tangvik,False,Goalkeeper,1,start,end,1.0,0.0,1.0,0.0,0.0,0.0,0.0,1.0,7.0,0.0,0.0,0.0,0.0,0.0,
GER-Bundesliga,2526,2026-05-16 Bayern Munich-FC Cologne,Bayern Munich,Manuel Neuer,True,Goalkeeper,1,start,60,1.0,0.0,0.0,0.0,0.0,0.0,0.0,1.0,0.0,0.0,0.0,0.0,0.0,0.0,
GER-Bundesliga,2526,2026-05-16 Bayern Munich-FC Cologne,FC Cologne,Marvin Schwäbe,False,Goalkeeper,1,start,end,1.0,0.0,0.0,0.0,0.0,0.0,0.0,5.0,2.0,0.0,0.0,0.0,0.0,0.0,
GER-Bundesliga,2526,2026-05-16 Borussia Mönchengladbach-TSG Hoffenheim,Borussia Mönchengladbach,Moritz Nicolas,True,Goalkeeper,1,start,end,1.0,0.0,0.0,0.0,0.0,0.0,0.0,0.0,3.0,0.0,0.0,0.0,0.0,0.0,
GER-Bundesliga,2526,2026-05-16 Borussia Mönchengladbach-TSG Hoffenheim,TSG Hoffenheim,Oliver Baumann,False,Goalkeeper,1,start,end,1.0,0.0,0.0,0.0,0.0,0.0,0.0,4.0,2.0,0.0,0.0,0.0,0.0,0.0,
GER-Bundesliga,2526,2026-05-16 Eintracht Frankfurt-VfB Stuttgart,Eintracht Frankfurt,Michael Zetterer,True,Goalkeeper,1,start,end,1.0,0.0,0.0,0.0,0.0,0.0,0.0,2.0,5.0,0.0,0.0,0.0,0.0,0.0,
GER-Bundesliga,2526,2026-05-16 Eintracht Frankfurt-VfB Stuttgart,VfB Stuttgart,Alexander Nübel,False,Goalkeeper,1,start,end,1.0,1.0,0.0,0.0,0.0,0.0,0.0,2.0,5.0,0.0,0.0,0.0,0.0,0.0,
GER-Bundesliga,2526,2026-05-16 SC Freiburg-RB Leipzig,RB Leipzig,Péter Gulácsi,False,Goalkeeper,1,start,end,1.0,0.0,0.0,0.0,0.0,0.0,0.0,4.0,1.0,0.0,0.0,0.0,0.0,0.0,
GER-Bundesliga,2526,2026-05-16 SC Freiburg-RB Leipzig,SC Freiburg,Noah Atubolu,True,Goalkeeper,1,start,end,1.0,0.0,0.0,0.0,0.0,0.0,0.0,1.0,5.0,0.0,0.0,0.0,0.0,0.0,
GER-Bundesliga,2526,2026-05-16 St. Pauli-VfL Wolfsburg,St. Pauli,Nikola Vasilj,True,Goalkeeper,1,start,end,1.0,0.0,0.0,1.0,0.0,0.0,0.0,3.0,8.0,0.0,0.0,0.0,0.0,0.0,
GER-Bundesliga,2526,2026-05-16 St. Pauli-VfL Wolfsburg,VfL Wolfsburg,Kamil Grabara,False,Goalkeeper,1,start,end,1.0,0.0,0.0,0.0,0.0,0.0,0.0,1.0,1.0,0.0,0.0,0.0,0.0,0.0,
GER-Bundesliga,2526,2026-05-16 Werder Bremen-Borussia Dortmund,Borussia Dortmund,Gregor Kobel,False,Goalkeeper,1,start,end,1.0,0.0,0.0,0.0,0.0,0.0,0.0,0.0,3.0,0.0,0.0,0.0,0.0,0.0,
GER-Bundesliga,2526,2026-05-16 Werder Bremen-Borussia Dortmund,Werder Bremen,Mio Backhaus,True,Goalkeeper,1,start,end,1.0,0.0,0.0,0.0,0.0,0.0,0.0,2.0,7.0,0.0,0.0,0.0,0.0,0.0,
