league,season,game,team,player,is_home,position,formation_place,sub_in,sub_out,appearances,fouls_committed,fouls_suffered,own_goals,red_cards,sub_ins,yellow_cards,goals_conceded,saves,shots_faced,goal_assists,shots_on_target,total_goals,total_shots,offsides
FRA-Ligue 1,1718,2017-08-04 AS Monaco-Toulouse,AS Monaco,Danijel Subasic,True,Goalkeeper,,start,end,1.0,0.0,0.0,0.0,0.0,0.0,0.0,2.0,1.0,0.0,0.0,0.0,0.0,0.0,
FRA-Ligue 1,1718,2017-08-04 AS Monaco-Toulouse,Toulouse,Alban Lafont,False,Goalkeeper,,start,end,1.0,0.0,0.0,0.0,0.0,0.0,0.0,3.0,4.0,0.0,0.0,0.0,0.0,0.0,
FRA-Ligue 1,1718,2017-08-05 Lyon-Strasbourg,Lyon,Anthony Lopes,True,Goalkeeper,,start,end,1.0,0.0,0.0,0.0,0.0,0.0,0.0,0.0,1.0,0.0,0.0,0.0,0.0,0.0,
FRA-Ligue 1,1718,2017-08-05 Lyon-Strasbourg,Strasbourg,Bingourou Kamara,False,Goalkeeper,,start,end,1.0,0.0,0.0,0.0,0.0,0.0,0.0,4.0,3.0,0.0,0.0,0.0,0.0,0.0,
FRA-Ligue 1,1718,2017-08-05 Metz-Guingamp,Guingamp,Karl-Johan Johnsson,False,Goalkeeper,,start,end,1.0,0.0,0.0,0.0,0.0,0.0,0.0,1.0,3.0,0.0,0.0,0.0,0.0,0.0,
FRA-Ligue 1,1718,2017-08-05 Metz-Guingamp,Metz,Thomas Didillon,True,Goalkeeper,,start,end,1.0,0.0,1.0,0.0,0.0,0.0,0.0,3.0,2.0,0.0,0.0,0.0,0.0,0.0,
FRA-Ligue 1,1718,2017-08-05 Montpellier-Caen,Caen,Rémy Vercoutre,False,Goalkeeper,,start,end,1.0,0.0,0.0,0.0,0.0,0.0,0.0,1.0,1.0,0.0,0.0,0.0,0.0,0.0,
FRA-Ligue 1,1718,2017-08-05 Montpellier-Caen,Montpellier,Benjamin Lecomte,True,Goalkeeper,,start,end,1.0,0.0,0.0,0.0,0.0,0.0,0.0,0.0,1.0,0.0,0.0,0.0,0.0,0.0,
FRA-Ligue 1,1718,2017-08-05 Paris Saint-Germain-SC Amiens,Paris Saint-Germain,Alphonse Areola,True,Goalkeeper,,start,end,1.0,0.0,0.0,0.0,0.0,0.0,0.0,0.0,1.0,0.0,0.0,0.0,0.0,0.0,
FRA-Ligue 1,1718,2017-08-05 Paris Saint-Germain-SC Amiens,SC Amiens,Régis Gurtner,False,Goalkeeper,,start,end,1.0,0.0,0.0,0.0,0.0,0.0,0.0,2.0,3.0,0.0,0.0,0.0,0.0,0.0,
FRA-Ligue 1,1718,2017-08-05 Saint-Étienne-Nice,Nice,Yoan Cardinale,False,Goalkeeper,,start,end,1.0,0.0,0.0,0.0,0.0,0.0,0.0,1.0,2.0,0.0,0.0,0.0,0.0,0.0,
FRA-Ligue 1,1718,2017-08-05 Saint-Étienne-Nice,Saint-Étienne,Stéphane Ruffier,True,Goalkeeper,,start,end,1.0,0.0,0.0,0.0,0.0,0.0,0.0,0.0,2.0,0.0,0.0,0.0,0.0,0.0,
FRA-Ligue 1,1718,2017-08-05 Troyes-Stade Rennais,Stade Rennais,Abdoulaye Diallo,False,Goalkeeper,,start,end,1.0,0.0,0.0,0.0,0.0,0.0,0.0,1.0,3.0,0.0,0.0,0.0,0.0,0.0,
FRA-Ligue 1,1718,2017-08-05 Troyes-Stade Rennais,Troyes,Mamadou Samassa,True,Goalkeeper,,start,end,1.0,0.0,0.0,0.0,0.0,0.0,0.0,1.0,2.0,0.0,0.0,0.0,0.0,0.0,
FRA-Ligue 1,1718,2017-08-06 Angers-Bordeaux,Angers,Alexandre Letellier,True,Goalkeeper,,start,end,1.0,0.0,0.0,0.0,0.0,0.0,0.0,2.0,1.0,0.0,0.0,0.0,0.0,0.0,
FRA-Ligue 1,1718,2017-08-06 Angers-Bordeaux,Bordeaux,Benoit Costil,False,Goalkeeper,,start,end,1.0,0.0,0.0,0.0,0.0,0.0,0.0,2.0,3.0,0.0,0.0,0.0,0.0,0.0,
FRA-Ligue 1,1718,2017-08-06 Lille-Nantes,Lille,Mike Maignan,True,Goalkeeper,,start,end,1.0,0.0,1.0,0.0,0.0,0.0,0.0,0.0,4.0,0.0,0.0,0.0,0.0,0.0,
FRA-Ligue 1,1718,2017-08-06 Lille-Nantes,Nantes,Maxime Dupé,False,Goalkeeper,,start,end,1.0,0.0,0.0,0.0,0.0,0.0,0.0,3.0,2.0,0.0,0.0,0.0,0.0,0.0,
FRA-Ligue 1,1718,2017-08-06 Marseille-Dijon FCO,Dijon FCO,Baptiste Reynet,False,Goalkeeper,,start,end,1.0,0.0,0.0,0.0,0.0,0.0,0.0,3.0,2.0,0.0,0.0,0.0,0.0,0.0,
FRA-Ligue 1,1718,2017-08-06 Marseille-Dijon FCO,Marseille,Steve Mandanda,True,Goalkeeper,,start,end,1.0,0.0,0.0,0.0,0.0,0.0,0.0,0.0,2.0,0.0,0.0,0.0,0.0,0.0,
FRA-Ligue 1,1718,2017-08-11 Nice-Troyes,Nice,Yoan Cardinale,True,Goalkeeper,,start,end,1.0,0.0,0.0,0.0,0.0,0.0,0.0,2.0,2.0,0.0,0.0,0.0,0.0,0.0,
FRA-Ligue 1,1718,2017-08-11 Nice-Troyes,Troyes,Mamadou Samassa,False,Goalkeeper,,start,end,1.0,0.0,0.0,0.0,0.0,0.0,1.0,1.0,5.0,0.0,0.0,0.0,0.0,0.0,
FRA-Ligue 1,1718,2017-08-11 Stade Rennais-Lyon,Lyon,Anthony Lopes,False,Goalkeeper,,start,end,1.0,0.0,1.0,0.0,0.0,0.0,0.0,1.0,4.0,0.0,0.0,0.0,0.0,0.0,
FRA-Ligue 1,1718,2017-08-11 Stade Rennais-Lyon,Stade Rennais,Abdoulaye Diallo,True,Goalkeeper,,start,end,1.0,0.0,0.0,0.0,0.0,0.0,0.0,2.0,5.0,0.0,0.0,0.0,0.0,0.0,
FRA-Ligue 1,1718,2017-08-12 Bordeaux-Metz,Bordeaux,Benoit Costil,True,Goalkeeper,,start,end,1.0,0.0,0.0,0.0,0.0,0.0,0.0,0.0,1.0,0.0,0.0,0.0,0.0,0.0,
FRA-Ligue 1,1718,2017-08-12 Bordeaux-Metz,Metz,Thomas Didillon,False,Goalkeeper,,start,end,1.0,0.0,0.0,0.0,0.0,0.0,0.0,2.0,3.0,0.0,0.0,0.0,0.0,0.0,
FRA-Ligue 1,1718,2017-08-12 Caen-Saint-Étienne,Caen,Rémy Vercoutre,True,Goalkeeper,,start,end,1.0,0.0,0.0,0.0,0.0,0.0,0.0,1.0,3.0,0.0,0.0,0.0,0.0,0.0,
FRA-Ligue 1,1718,2017-08-12 Caen-Saint-Étienne,Saint-Étienne,Stéphane Ruffier,False,Goalkeeper,,start,end,1.0,0.0,0.0,0.0,0.0,0.0,0.0,0.0,4.0,0.0,0.0,0.0,0.0,0.0,
FRA-Ligue 1,1718,2017-08-12 Nantes-Marseille,Marseille,Steve Mandanda,False,Goalkeeper,,start,end,1.0,0.0,0.0,0.0,0.0,0.0,0.0,0.0,3.0,0.0,0.0,0.0,0.0,0.0,
FRA-Ligue 1,1718,2017-08-12 Nantes-Marseille,Nantes,Ciprian Tatarusanu,True,Goalkeeper,,start,end,1.0,0.0,0.0,0.0,0.0,0.0,0.0,1.0,9.0,0.0,0.0,0.0,0.0,0.0,
FRA-Ligue 1,1718,2017-08-12 SC Amiens-Angers,Angers,Alexandre Letellier,False,Goalkeeper,,start,end,1.0,0.0,0.0,0.0,0.0,0.0,0.0,0.0,1.0,0.0,0.0,0.0,0.0,0.0,
FRA-Ligue 1,1718,2017-08-12 SC Amiens-Angers,SC Amiens,Régis Gurtner,True,Goalkeeper,,start,end,1.0,0.0,1.0,0.0,0.0,0.0,0.0,2.0,4.0,0.0,0.0,0.0,0.0,0.0,
FRA-Ligue 1,1718,2017-08-12 Toulouse-Montpellier,Montpellier,Benjamin Lecomte,False,Goalkeeper,,start,end,1.0,0.0,0.0,0.0,0.0,0.0,0.0,1.0,3.0,0.0,0.0,0.0,0.0,0.0,
FRA-Ligue 1,1718,2017-08-12 Toulouse-Montpellier,Toulouse,Alban Lafont,True,Goalkeeper,,start,end,1.0,0.0,0.0,0.0,0.0,0.0,0.0,0.0,1.0,0.0,0.0,0.0,0.0,0.0,
FRA-Ligue 1,1718,2017-08-13 Dijon FCO-AS Monaco,AS Monaco,Danijel Subasic,False,Goalkeeper,,start,end,1.0,0.0,0.0,0.0,0.0,0.0,0.0,1.0,2.0,0.0,0.0,0.0,0.0,0.0,
FRA-Ligue 1,1718,2017-08-13 Dijon FCO-AS Monaco,Dijon FCO,Baptiste Reynet,True,Goalkeeper,,start,end,1.0,0.0,0.0,0.0,0.0,0.0,0.0,4.0,2.0,0.0,0.0,0.0,0.0,0.0,
FRA-Ligue 1,1718,2017-08-13 Guingamp-Paris Saint-Germain,Guingamp,Karl-Johan Johnsson,True,Goalkeeper,,start,end,1.0,0.0,0.0,0.0,0.0,0.0,0.0,3.0,6.0,0.0,0.0,0.0,0.0,0.0,
FRA-Ligue 1,1718,2017-08-13 Guingamp-Paris Saint-Germain,Paris Saint-Germain,Alphonse Areola,False,Goalkeeper,,start,end,1.0,0.0,1.0,0.0,0.0,0.0,0.0,0.0,0.0,0.0,0.0,0.0,0.0,0.0,
FRA-Ligue 1,1718,2017-08-13 Strasbourg-Lille,Lille,Mike Maignan,False,Goalkeeper,,start,end,1.0,0.0,1.0,0.0,1.0,0.0,0.0,0.0,4.0,0.0,0.0,0.0,0.0,0.0,
FRA-Ligue 1,1718,2017-08-13 Strasbourg-Lille,Strasbourg,Bingourou Kamara,True,Goalkeeper,,start,end,1.0,0.0,0.0,0.0,0.0,0.0,0.0,0.0,2.0,0.0,0.0,0.0,0.0,0.0,
FRA-Ligue 1,1718,2017-08-18 Metz-AS Monaco,AS Monaco,Danijel Subasic,False,Goalkeeper,,start,end,1.0,0.0,0.0,0.0,0.0,0.0,0.0,0.0,5.0,0.0,0.0,0.0,0.0,0.0,
FRA-Ligue 1,1718,2017-08-18 Metz-AS Monaco,Metz,Thomas Didillon,True,Goalkeeper,,start,end,1.0,0.0,0.0,0.0,0.0,0.0,0.0,1.0,4.0,0.0,0.0,0.0,0.0,0.0,
FRA-Ligue 1,1718,2017-08-19 Lyon-Bordeaux,Bordeaux,Benoit Costil,False,Goalkeeper,,start,end,1.0,0.0,0.0,0.0,0.0,0.0,0.0,3.0,2.0,0.0,0.0,0.0,0.0,0.0,
FRA-Ligue 1,1718,2017-08-19 Lyon-Bordeaux,Lyon,Anthony Lopes,True,Goalkeeper,,start,end,1.0,0.0,0.0,0.0,0.0,0.0,0.0,3.0,3.0,0.0,0.0,0.0,0.0,0.0,
FRA-Ligue 1,1718,2017-08-19 Montpellier-Strasbourg,Montpellier,Benjamin Lecomte,True,Goalkeeper,,start,end,1.0,0.0,0.0,0.0,0.0,0.0,0.0,1.0,0.0,0.0,0.0,0.0,0.0,0.0,
FRA-Ligue 1,1718,2017-08-19 Montpellier-Strasbourg,Strasbourg,Bingourou Kamara,False,Goalkeeper,,start,end,1.0,0.0,1.0,0.0,0.0,0.0,0.0,1.0,3.0,0.0,0.0,0.0,0.0,0.0,
FRA-Ligue 1,1718,2017-08-19 Nice-Guingamp,Guingamp,Karl-Johan Johnsson,False,Goalkeeper,,start,end,1.0,0.0,0.0,0.0,0.0,0.0,0.0,2.0,6.0,0.0,0.0,0.0,0.0,0.0,
FRA-Ligue 1,1718,2017-08-19 Nice-Guingamp,Nice,Yoan Cardinale,True,Goalkeeper,,start,end,1.0,0.0,0.0,0.0,0.0,0.0,0.0,0.0,1.0,0.0,0.0,0.0,0.0,0.0,
FRA-Ligue 1,1718,2017-08-19 Saint-Étienne-SC Amiens,SC Amiens,Régis Gurtner,False,Goalkeeper,,start,end,1.0,1.0,0.0,0.0,0.0,0.0,1.0,3.0,2.0,0.0,0.0,0.0,0.0,0.0,
FRA-Ligue 1,1718,2017-08-19 Saint-Étienne-SC Amiens,Saint-Étienne,Stéphane Ruffier,True,Goalkeeper,,start,end,1.0,0.0,0.0,0.0,0.0,0.0,0.0,0.0,1.0,0.0,0.0,0.0,0.0,0.0,
FRA-Ligue 1,1718,2017-08-19 Stade Rennais-Dijon FCO,Dijon FCO,Baptiste Reynet,False,Goalkeeper,,start,end,1.0,0.0,0.0,0.0,0.0,0.0,0.0,2.0,5.0,0.0,0.0,0.0,0.0,0.0,
FRA-Ligue 1,1718,2017-08-19 Stade Rennais-Dijon FCO,Stade Rennais,Abdoulaye Diallo,True,Goalkeeper,,start,end,1.0,0.0,0.0,0.0,0.0,0.0,0.0,2.0,2.0,0.0,0.0,0.0,0.0,0.0,
FRA-Ligue 1,1718,2017-08-19 Troyes-Nantes,Nantes,Ciprian Tatarusanu,False,Goalkeeper,,start,end,1.0,0.0,0.0,0.0,0.0,0.0,0.0,0.0,1.0,0.0,0.0,0.0,0.0,0.0,
FRA-Ligue 1,1718,2017-08-19 Troyes-Nantes,Troyes,Mamadou Samassa,True,Goalkeeper,,start,end,1.0,0.0,0.0,0.0,0.0,0.0,0.0,1.0,3.0,0.0,0.0,0.0,0.0,0.0,
FRA-Ligue 1,1718,2017-08-20 Lille-Caen,Caen,Rémy Vercoutre,False,Goalkeeper,,start,end,1.0,0.0,0.0,0.0,0.0,0.0,0.0,0.0,4.0,0.0,0.0,0.0,0.0,0.0,
FRA-Ligue 1,1718,2017-08-20 Lille-Caen,Lille,Hervé Koffi,True,Goalkeeper,,start,end,1.0,0.0,0.0,0.0,0.0,0.0,0.0,2.0,1.0,0.0,0.0,0.0,0.0,0.0,
FRA-Ligue 1,1718,2017-08-20 Marseille-Angers,Angers,Alexandre Letellier,False,Goalkeeper,1,start,end,1.0,0.0,0.0,0.0,0.0,0.0,0.0,1.0,0.0,0.0,0.0,0.0,0.0,0.0,
FRA-Ligue 1,1718,2017-08-20 Marseille-Angers,Marseille,Steve Mandanda,True,Goalkeeper,1,start,end,1.0,0.0,0.0,0.0,0.0,0.0,0.0,1.0,3.0,0.0,0.0,0.0,0.0,0.0,
FRA-Ligue 1,1718,2017-08-20 Paris Saint-Germain-Toulouse,Paris Saint-Germain,Alphonse Areola,True,Goalkeeper,,start,end,1.0,0.0,0.0,0.0,0.0,0.0,0.0,2.0,0.0,0.0,0.0,0.0,0.0,0.0,
FRA-Ligue 1,1718,2017-08-20 Paris Saint-Germain-Toulouse,Toulouse,Alban Lafont,False,Goalkeeper,,start,end,1.0,0.0,0.0,0.0,0.0,0.0,0.0,6.0,8.0,0.0,0.0,0.0,0.0,0.0,
FRA-Ligue 1,1718,2017-08-25 Paris Saint-Germain-Saint-Étienne,Paris Saint-Germain,Alphonse Areola,True,Goalkeeper,,start,end,1.0,0.0,0.0,0.0,0.0,0.0,0.0,0.0,2.0,0.0,0.0,0.0,0.0,0.0,
FRA-Ligue 1,1718,2017-08-25 Paris Saint-Germain-Saint-Étienne,Saint-Étienne,Stéphane Ruffier,False,Goalkeeper,,start,end,1.0,0.0,0.0,0.0,0.0,0.0,0.0,3.0,2.0,0.0,0.0,0.0,0.0,0.0,
FRA-Ligue 1,1718,2017-08-26 Bordeaux-Troyes,Bordeaux,Benoit Costil,True,Goalkeeper,,start,end,1.0,0.0,0.0,0.0,0.0,0.0,0.0,1.0,1.0,0.0,0.0,0.0,0.0,0.0,
FRA-Ligue 1,1718,2017-08-26 Bordeaux-Troyes,Troyes,Mamadou Samassa,False,Goalkeeper,,start,end,1.0,0.0,1.0,0.0,0.0,0.0,0.0,2.0,5.0,0.0,0.0,0.0,0.0,0.0,
FRA-Ligue 1,1718,2017-08-26 Caen-Metz,Caen,Rémy Vercoutre,True,Goalkeeper,,start,end,1.0,0.0,0.0,0.0,0.0,0.0,0.0,0.0,2.0,0.0,0.0,0.0,0.0,0.0,
FRA-Ligue 1,1718,2017-08-26 Caen-Metz,Metz,Eiji Kawashima,False,Goalkeeper,,start,end,1.0,0.0,0.0,0.0,0.0,0.0,0.0,1.0,4.0,0.0,0.0,0.0,0.0,0.0,
FRA-Ligue 1,1718,2017-08-26 Dijon FCO-Montpellier,Dijon FCO,Baptiste Reynet,True,Goalkeeper,,start,end,1.0,0.0,0.0,0.0,0.0,0.0,0.0,1.0,1.0,0.0,0.0,0.0,0.0,0.0,
FRA-Ligue 1,1718,2017-08-26 Dijon FCO-Montpellier,Montpellier,Benjamin Lecomte,False,Goalkeeper,,start,end,1.0,0.0,0.0,0.0,0.0,0.0,0.0,2.0,0.0,0.0,0.0,0.0,0.0,0.0,
FRA-Ligue 1,1718,2017-08-26 Nantes-Lyon,Lyon,Anthony Lopes,False,Goalkeeper,,start,end,1.0,0.0,0.0,0.0,0.0,0.0,0.0,0.0,2.0,0.0,0.0,0.0,0.0,0.0,
FRA-Ligue 1,1718,2017-08-26 Nantes-Lyon,Nantes,Ciprian Tatarusanu,True,Goalkeeper,,start,end,1.0,0.0,0.0,0.0,0.0,0.0,0.0,0.0,3.0,0.0,0.0,0.0,0.0,0.0,
FRA-Ligue 1,1718,2017-08-26 SC Amiens-Nice,Nice,Yoan Cardinale,False,Goalkeeper,,start,end,1.0,0.0,0.0,0.0,0.0,0.0,1.0,3.0,1.0,0.0,0.0,0.0,0.0,0.0,
FRA-Ligue 1,1718,2017-08-26 SC Amiens-Nice,SC Amiens,Régis Gurtner,True,Goalkeeper,,start,end,1.0,0.0,0.0,0.0,0.0,0.0,0.0,0.0,3.0,0.0,0.0,0.0,0.0,0.0,
FRA-Ligue 1,1718,2017-08-26 Toulouse-Stade Rennais,Stade Rennais,Raïs M'Bolhi,False,Goalkeeper,,start,end,1.0,0.0,1.0,0.0,0.0,0.0,0.0,3.0,4.0,0.0,0.0,0.0,0.0,0.0,
FRA-Ligue 1,1718,2017-08-26 Toulouse-Stade Rennais,Toulouse,Alban Lafont,True,Goalkeeper,,start,end,1.0,0.0,0.0,0.0,0.0,0.0,0.0,2.0,1.0,0.0,0.0,0.0,0.0,0.0,
FRA-Ligue 1,1718,2017-08-27 AS Monaco-Marseille,AS Monaco,Danijel Subasic,True,Goalkeeper,,start,end,1.0,0.0,0.0,0.0,0.0,0.0,0.0,1.0,3.0,0.0,0.0,0.0,0.0,0.0,
FRA-Ligue 1,1718,2017-08-27 AS Monaco-Marseille,Marseille,Steve Mandanda,False,Goalkeeper,,start,end,1.0,0.0,0.0,0.0,0.0,0.0,0.0,6.0,2.0,0.0,0.0,0.0,0.0,0.0,
FRA-Ligue 1,1718,2017-08-27 Angers-Lille,Angers,Alexandre Letellier,True,Goalkeeper,,start,end,1.0,0.0,0.0,0.0,0.0,0.0,0.0,1.0,2.0,0.0,0.0,0.0,0.0,0.0,
FRA-Ligue 1,1718,2017-08-27 Angers-Lille,Lille,Mike Maignan,False,Goalkeeper,,start,end,1.0,0.0,0.0,0.0,0.0,0.0,0.0,1.0,1.0,0.0,0.0,0.0,0.0,0.0,
FRA-Ligue 1,1718,2017-08-27 Guingamp-Strasbourg,Guingamp,Karl-Johan Johnsson,True,Goalkeeper,,start,end,1.0,0.0,0.0,0.0,0.0,0.0,0.0,0.0,3.0,0.0,0.0,0.0,0.0,0.0,
FRA-Ligue 1,1718,2017-08-27 Guingamp-Strasbourg,Strasbourg,Bingourou Kamara,False,Goalkeeper,,start,end,1.0,0.0,0.0,0.0,0.0,0.0,0.0,2.0,4.0,0.0,0.0,0.0,0.0,0.0,
FRA-Ligue 1,1718,2017-09-08 Lille-Bordeaux,Bordeaux,Benoit Costil,False,Goalkeeper,,start,end,1.0,0.0,0.0,0.0,0.0,0.0,0.0,0.0,2.0,0.0,0.0,0.0,0.0,0.0,
FRA-Ligue 1,1718,2017-09-08 Lille-Bordeaux,Lille,Mike Maignan,True,Goalkeeper,,start,end,1.0,0.0,0.0,0.0,0.0,0.0,0.0,0.0,1.0,0.0,0.0,0.0,0.0,0.0,
FRA-Ligue 1,1718,2017-09-08 Metz-Paris Saint-Germain,Metz,Eiji Kawashima,True,Goalkeeper,,start,end,1.0,0.0,0.0,0.0,0.0,0.0,0.0,5.0,6.0,0.0,0.0,0.0,0.0,0.0,
FRA-Ligue 1,1718,2017-09-08 Metz-Paris Saint-Germain,Paris Saint-Germain,Alphonse Areola,False,Goalkeeper,,start,end,1.0,0.0,0.0,0.0,0.0,0.0,0.0,1.0,0.0,0.0,0.0,0.0,0.0,0.0,
FRA-Ligue 1,1718,2017-09-09 Caen-Dijon FCO,Caen,Rémy Vercoutre,True,Goalkeeper,,start,end,1.0,0.0,0.0,0.0,0.0,0.0,0.0,1.0,3.0,0.0,0.0,0.0,0.0,0.0,
FRA-Ligue 1,1718,2017-09-09 Caen-Dijon FCO,Dijon FCO,Baptiste Reynet,False,Goalkeeper,,start,end,1.0,0.0,0.0,0.0,0.0,0.0,0.0,2.0,2.0,0.0,0.0,0.0,0.0,0.0,
FRA-Ligue 1,1718,2017-09-09 Montpellier-Nantes,Montpellier,Benjamin Lecomte,True,Goalkeeper,,start,end,1.0,0.0,0.0,0.0,0.0,0.0,0.0,1.0,3.0,0.0,0.0,0.0,0.0,0.0,
FRA-Ligue 1,1718,2017-09-09 Montpellier-Nantes,Nantes,Ciprian Tatarusanu,False,Goalkeeper,,start,end,1.0,0.0,0.0,0.0,0.0,0.0,0.0,0.0,3.0,0.0,0.0,0.0,0.0,0.0,
FRA-Ligue 1,1718,2017-09-09 Nice-AS Monaco,AS Monaco,Danijel Subasic,False,Goalkeeper,,start,end,1.0,0.0,0.0,0.0,0.0,0.0,0.0,4.0,1.0,0.0,0.0,0.0,0.0,0.0,
FRA-Ligue 1,1718,2017-09-09 Nice-AS Monaco,Nice,Yoan Cardinale,True,Goalkeeper,,start,end,1.0,0.0,0.0,0.0,0.0,0.0,0.0,0.0,1.0,0.0,0.0,0.0,0.0,0.0,
FRA-Ligue 1,1718,2017-09-09 Strasbourg-SC Amiens,SC Amiens,Régis Gurtner,False,Goalkeeper,,start,end,1.0,0.0,0.0,0.0,0.0,0.0,0.0,0.0,3.0,0.0,0.0,0.0,0.0,0.0,
FRA-Ligue 1,1718,2017-09-09 Strasbourg-SC Amiens,Strasbourg,Bingourou Kamara,True,Goalkeeper,,start,end,1.0,0.0,0.0,0.0,0.0,0.0,0.0,1.0,2.0,0.0,0.0,0.0,0.0,0.0,
FRA-Ligue 1,1718,2017-09-09 Troyes-Toulouse,Toulouse,Alban Lafont,False,Goalkeeper,,start,end,1.0,0.0,0.0,0.0,0.0,0.0,0.0,0.0,3.0,0.0,0.0,0.0,0.0,0.0,
FRA-Ligue 1,1718,2017-09-09 Troyes-Toulouse,Troyes,Mamadou Samassa,True,Goalkeeper,,start,end,1.0,0.0,0.0,0.0,0.0,0.0,0.0,0.0,0.0,0.0,0.0,0.0,0.0,0.0,
FRA-Ligue 1,1718,2017-09-10 Lyon-Guingamp,Guingamp,Karl-Johan Johnsson,False,Goalkeeper,,start,end,1.0,0.0,1.0,0.0,0.0,0.0,0.0,2.0,2.0,0.0,0.0,0.0,0.0,0.0,
FRA-Ligue 1,1718,2017-09-10 Lyon-Guingamp,Lyon,Anthony Lopes,True,Goalkeeper,,start,end,1.0,0.0,0.0,0.0,0.0,0.0,0.0,1.0,5.0,0.0,0.0,0.0,0.0,0.0,
FRA-Ligue 1,1718,2017-09-10 Marseille-Stade Rennais,Marseille,Steve Mandanda,True,Goalkeeper,,start,end,1.0,0.0,0.0,0.0,0.0,0.0,0.0,3.0,1.0,0.0,0.0,0.0,0.0,0.0,
FRA-Ligue 1,1718,2017-09-10 Marseille-Stade Rennais,Stade Rennais,Tomas Koubek,False,Goalkeeper,,start,end,1.0,0.0,0.0,0.0,0.0,0.0,0.0,1.0,3.0,0.0,0.0,0.0,0.0,0.0,
FRA-Ligue 1,1718,2017-09-10 Saint-Étienne-Angers,Angers,Alexandre Letellier,False,Goalkeeper,,start,end,1.0,0.0,1.0,0.0,0.0,0.0,0.0,1.0,3.0,0.0,0.0,0.0,0.0,0.0,
FRA-Ligue 1,1718,2017-09-10 Saint-Étienne-Angers,Saint-Étienne,Stéphane Ruffier,True,Goalkeeper,,start,end,1.0,0.0,0.0,0.0,0.0,0.0,0.0,1.0,5.0,0.0,0.0,0.0,0.0,0.0,
FRA-Ligue 1,1718,2017-09-15 Toulouse-Bordeaux,Bordeaux,Benoit Costil,False,Goalkeeper,,start,end,1.0,0.0,1.0,0.0,0.0,0.0,0.0,0.0,5.0,0.0,0.0,0.0,0.0,0.0,
FRA-Ligue 1,1718,2017-09-15 Toulouse-Bordeaux,Toulouse,Alban Lafont,True,Goalkeeper,,start,end,1.0,0.0,1.0,0.0,0.0,0.0,0.0,1.0,3.0,0.0,0.0,0.0,0.0,0.0,
FRA-Ligue 1,1718,2017-09-16 AS Monaco-Strasbourg,AS Monaco,Diego Benaglio,True,Goalkeeper,,start,end,1.0,0.0,0.0,0.0,0.0,0.0,0.0,0.0,1.0,0.0,0.0,0.0,0.0,0.0,
FRA-Ligue 1,1718,2017-09-16 AS Monaco-Strasbourg,Strasbourg,Bingourou Kamara,False,Goalkeeper,,start,end,1.0,0.0,1.0,0.0,0.0,0.0,0.0,3.0,2.0,0.0,0.0,0.0,0.0,0.0,
FRA-Ligue 1,1718,2017-09-16 Dijon FCO-Saint-Étienne,Dijon FCO,Baptiste Reynet,True,Goalkeeper,,start,end,1.0,0.0,0.0,0.0,0.0,0.0,0.0,1.0,5.0,0.0,0.0,0.0,0.0,0.0,
FRA-Ligue 1,1718,2017-09-16 Dijon FCO-Saint-Étienne,Saint-Étienne,Stéphane Ruffier,False,Goalkeeper,,start,end,1.0,0.0,0.0,0.0,0.0,0.0,0.0,0.0,6.0,0.0,0.0,0.0,0.0,0.0,
FRA-Ligue 1,1718,2017-09-16 Guingamp-Lille,Guingamp,Karl-Johan Johnsson,True,Goalkeeper,,start,end,1.0,0.0,0.0,0.0,0.0,0.0,0.0,0.0,5.0,0.0,0.0,0.0,0.0,0.0,
FRA-Ligue 1,1718,2017-09-16 Guingamp-Lille,Lille,Mike Maignan,False,Goalkeeper,,start,end,1.0,0.0,1.0,0.0,0.0,0.0,0.0,1.0,3.0,0.0,0.0,0.0,0.0,0.0,
FRA-Ligue 1,1718,2017-09-16 Nantes-Caen,Caen,Rémy Vercoutre,False,Goalkeeper,,start,end,1.0,0.0,0.0,0.0,0.0,0.0,0.0,1.0,3.0,0.0,0.0,0.0,0.0,0.0,
FRA-Ligue 1,1718,2017-09-16 Nantes-Caen,Nantes,Ciprian Tatarusanu,True,Goalkeeper,,start,end,1.0,0.0,0.0,0.0,0.0,0.0,0.0,0.0,1.0,0.0,0.0,0.0,0.0,0.0,
FRA-Ligue 1,1718,2017-09-16 Troyes-Montpellier,Montpellier,Benjamin Lecomte,False,Goalkeeper,,start,end,1.0,0.0,0.0,0.0,0.0,0.0,1.0,0.0,0.0,0.0,0.0,0.0,0.0,0.0,
FRA-Ligue 1,1718,2017-09-16 Troyes-Montpellier,Troyes,Mamadou Samassa,True,Goalkeeper,,start,end,1.0,0.0,1.0,0.0,0.0,0.0,0.0,1.0,3.0,0.0,0.0,0.0,0.0,0.0,
FRA-Ligue 1,1718,2017-09-17 Angers-Metz,Angers,Alexandre Letellier,True,Goalkeeper,,start,end,1.0,0.0,0.0,0.0,0.0,0.0,0.0,1.0,4.0,0.0,0.0,0.0,0.0,0.0,
FRA-Ligue 1,1718,2017-09-17 Angers-Metz,Metz,Thomas Didillon,False,Goalkeeper,,start,end,1.0,0.0,0.0,0.0,0.0,0.0,0.0,0.0,4.0,0.0,0.0,0.0,0.0,0.0,
FRA-Ligue 1,1718,2017-09-17 Paris Saint-Germain-Lyon,Lyon,Anthony Lopes,False,Goalkeeper,,start,end,1.0,0.0,0.0,0.0,0.0,0.0,0.0,2.0,5.0,0.0,0.0,0.0,0.0,0.0,
FRA-Ligue 1,1718,2017-09-17 Paris Saint-Germain-Lyon,Paris Saint-Germain,Alphonse Areola,True,Goalkeeper,,start,end,1.0,0.0,0.0,0.0,0.0,0.0,0.0,0.0,5.0,0.0,0.0,0.0,0.0,0.0,
FRA-Ligue 1,1718,2017-09-17 SC Amiens-Marseille,Marseille,Yohann Pelé,False,Goalkeeper,,start,end,1.0,0.0,0.0,0.0,0.0,0.0,0.0,0.0,3.0,0.0,0.0,0.0,0.0,0.0,
FRA-Ligue 1,1718,2017-09-17 SC Amiens-Marseille,SC Amiens,Régis Gurtner,True,Goalkeeper,,start,end,1.0,0.0,0.0,0.0,0.0,0.0,0.0,2.0,4.0,0.0,0.0,0.0,0.0,0.0,
FRA-Ligue 1,1718,2017-09-17 Stade Rennais-Nice,Nice,Yoan Cardinale,False,Goalkeeper,,start,end,1.0,0.0,0.0,0.0,0.0,0.0,0.0,0.0,4.0,0.0,0.0,0.0,0.0,0.0,
FRA-Ligue 1,1718,2017-09-17 Stade Rennais-Nice,Stade Rennais,Tomas Koubek,True,Goalkeeper,,start,end,1.0,0.0,0.0,0.0,0.0,0.0,0.0,1.0,2.0,0.0,0.0,0.0,0.0,0.0,
FRA-Ligue 1,1718,2017-09-22 Lille-AS Monaco,AS Monaco,Diego Benaglio,False,Goalkeeper,,start,end,1.0,0.0,0.0,0.0,0.0,0.0,0.0,0.0,2.0,0.0,0.0,0.0,0.0,0.0,
FRA-Ligue 1,1718,2017-09-22 Lille-AS Monaco,Lille,Mike Maignan,True,Goalkeeper,,start,end,1.0,0.0,0.0,0.0,0.0,0.0,0.0,4.0,3.0,0.0,0.0,0.0,0.0,0.0,
FRA-Ligue 1,1718,2017-09-22 Nice-Angers,Angers,Alexandre Letellier,False,Goalkeeper,,start,end,1.0,0.0,0.0,0.0,0.0,0.0,0.0,2.0,2.0,0.0,0.0,0.0,0.0,0.0,
FRA-Ligue 1,1718,2017-09-22 Nice-Angers,Nice,Yoan Cardinale,True,Goalkeeper,,start,end,1.0,0.0,0.0,0.0,0.0,0.0,1.0,2.0,4.0,0.0,0.0,0.0,0.0,0.0,
FRA-Ligue 1,1718,2017-09-23 Bordeaux-Guingamp,Bordeaux,Benoit Costil,True,Goalkeeper,,start,end,1.0,0.0,0.0,0.0,0.0,0.0,0.0,1.0,3.0,0.0,0.0,0.0,0.0,0.0,
FRA-Ligue 1,1718,2017-09-23 Bordeaux-Guingamp,Guingamp,Karl-Johan Johnsson,False,Goalkeeper,,start,end,1.0,0.0,0.0,0.0,0.0,0.0,0.0,3.0,4.0,0.0,0.0,0.0,0.0,0.0,
FRA-Ligue 1,1718,2017-09-23 Caen-SC Amiens,Caen,Rémy Vercoutre,True,Goalkeeper,,start,end,1.0,0.0,0.0,0.0,0.0,0.0,0.0,0.0,0.0,0.0,0.0,0.0,0.0,0.0,
FRA-Ligue 1,1718,2017-09-23 Caen-SC Amiens,SC Amiens,Régis Gurtner,False,Goalkeeper,,start,end,1.0,0.0,1.0,0.0,0.0,0.0,0.0,1.0,4.0,0.0,0.0,0.0,0.0,0.0,
FRA-Ligue 1,1718,2017-09-23 Lyon-Dijon FCO,Dijon FCO,Baptiste Reynet,False,Goalkeeper,,start,end,1.0,0.0,1.0,0.0,0.0,0.0,1.0,3.0,3.0,0.0,0.0,0.0,0.0,0.0,
FRA-Ligue 1,1718,2017-09-23 Lyon-Dijon FCO,Lyon,Anthony Lopes,True,Goalkeeper,,start,end,1.0,0.0,0.0,0.0,0.0,0.0,0.0,3.0,3.0,0.0,0.0,0.0,0.0,0.0,
FRA-Ligue 1,1718,2017-09-23 Metz-Troyes,Metz,Thomas Didillon,True,Goalkeeper,,start,end,1.0,0.0,0.0,0.0,0.0,0.0,0.0,1.0,2.0,0.0,0.0,0.0,0.0,0.0,
FRA-Ligue 1,1718,2017-09-23 Metz-Troyes,Troyes,Mamadou Samassa,False,Goalkeeper,,start,end,1.0,0.0,0.0,0.0,0.0,0.0,0.0,0.0,7.0,0.0,0.0,0.0,0.0,0.0,
FRA-Ligue 1,1718,2017-09-23 Montpellier-Paris Saint-Germain,Montpellier,Benjamin Lecomte,True,Goalkeeper,,start,end,1.0,0.0,0.0,0.0,0.0,0.0,0.0,0.0,1.0,0.0,0.0,0.0,0.0,0.0,
FRA-Ligue 1,1718,2017-09-23 Montpellier-Paris Saint-Germain,Paris Saint-Germain,Alphonse Areola,False,Goalkeeper,,start,end,1.0,0.0,0.0,0.0,0.0,0.0,0.0,0.0,2.0,0.0,0.0,0.0,0.0,0.0,
FRA-Ligue 1,1718,2017-09-24 Marseille-Toulouse,Marseille,Steve Mandanda,True,Goalkeeper,,start,end,1.0,0.0,0.0,0.0,0.0,0.0,0.0,0.0,1.0,0.0,0.0,0.0,0.0,0.0,
FRA-Ligue 1,1718,2017-09-24 Marseille-Toulouse,Toulouse,Alban Lafont,False,Goalkeeper,,start,end,1.0,0.0,0.0,0.0,0.0,0.0,0.0,2.0,4.0,0.0,0.0,0.0,0.0,0.0,
FRA-Ligue 1,1718,2017-09-24 Saint-Étienne-Stade Rennais,Saint-Étienne,Stéphane Ruffier,True,Goalkeeper,,start,end,1.0,0.0,0.0,0.0,0.0,0.0,0.0,2.0,2.0,0.0,0.0,0.0,0.0,0.0,
FRA-Ligue 1,1718,2017-09-24 Saint-Étienne-Stade Rennais,Stade Rennais,Tomas Koubek,False,Goalkeeper,,start,end,1.0,1.0,0.0,0.0,0.0,0.0,0.0,2.0,2.0,0.0,0.0,0.0,0.0,0.0,
FRA-Ligue 1,1718,2017-09-24 Strasbourg-Nantes,Nantes,Ciprian Tatarusanu,False,Goalkeeper,,start,end,1.0,0.0,0.0,0.0,0.0,0.0,0.0,1.0,3.0,0.0,0.0,0.0,0.0,0.0,
FRA-Ligue 1,1718,2017-09-24 Strasbourg-Nantes,Strasbourg,Bingourou Kamara,True,Goalkeeper,,start,end,1.0,0.0,0.0,0.0,0.0,0.0,0.0,2.0,2.0,0.0,0.0,0.0,0.0,0.0,
FRA-Ligue 1,1718,2017-09-29 AS Monaco-Montpellier,AS Monaco,Danijel Subasic,True,Goalkeeper,,start,end,1.0,0.0,0.0,0.0,0.0,0.0,0.0,1.0,2.0,0.0,0.0,0.0,0.0,0.0,
FRA-Ligue 1,1718,2017-09-29 AS Monaco-Montpellier,Montpellier,Benjamin Lecomte,False,Goalkeeper,,start,end,1.0,0.0,0.0,0.0,0.0,0.0,0.0,1.0,0.0,0.0,0.0,0.0,0.0,0.0,
FRA-Ligue 1,1718,2017-09-30 Dijon FCO-Strasbourg,Dijon FCO,Baptiste Reynet,True,Goalkeeper,,start,end,1.0,0.0,0.0,0.0,0.0,0.0,0.0,1.0,0.0,0.0,0.0,0.0,0.0,0.0,
FRA-Ligue 1,1718,2017-09-30 Dijon FCO-Strasbourg,Strasbourg,Bingourou Kamara,False,Goalkeeper,,start,end,1.0,0.0,0.0,0.0,0.0,0.0,0.0,1.0,4.0,0.0,0.0,0.0,0.0,0.0,
FRA-Ligue 1,1718,2017-09-30 Guingamp-Toulouse,Guingamp,Karl-Johan Johnsson,True,Goalkeeper,,start,end,1.0,0.0,0.0,0.0,0.0,0.0,0.0,1.0,1.0,0.0,0.0,0.0,0.0,0.0,
FRA-Ligue 1,1718,2017-09-30 Guingamp-Toulouse,Toulouse,Alban Lafont,False,Goalkeeper,,start,end,1.0,0.0,0.0,0.0,0.0,0.0,0.0,1.0,3.0,0.0,0.0,0.0,0.0,0.0,
FRA-Ligue 1,1718,2017-09-30 Nantes-Metz,Metz,Eiji Kawashima,False,Goalkeeper,,start,end,1.0,0.0,0.0,0.0,0.0,0.0,0.0,1.0,5.0,0.0,0.0,0.0,0.0,0.0,
FRA-Ligue 1,1718,2017-09-30 Nantes-Metz,Nantes,Ciprian Tatarusanu,True,Goalkeeper,,start,end,1.0,0.0,0.0,0.0,0.0,0.0,0.0,0.0,1.0,0.0,0.0,0.0,0.0,0.0,
FRA-Ligue 1,1718,2017-09-30 Paris Saint-Germain-Bordeaux,Bordeaux,Benoit Costil,False,Goalkeeper,,start,end,1.0,0.0,0.0,0.0,0.0,0.0,0.0,6.0,3.0,0.0,0.0,0.0,0.0,0.0,
FRA-Ligue 1,1718,2017-09-30 Paris Saint-Germain-Bordeaux,Paris Saint-Germain,Alphonse Areola,True,Goalkeeper,,start,end,1.0,0.0,0.0,0.0,0.0,0.0,0.0,2.0,4.0,0.0,0.0,0.0,0.0,0.0,
FRA-Ligue 1,1718,2017-09-30 Stade Rennais-Caen,Caen,Rémy Vercoutre,False,Goalkeeper,,start,end,1.0,0.0,0.0,0.0,0.0,0.0,0.0,0.0,3.0,0.0,0.0,0.0,0.0,0.0,
FRA-Ligue 1,1718,2017-09-30 Stade Rennais-Caen,Stade Rennais,Tomas Koubek,True,Goalkeeper,,start,end,1.0,0.0,0.0,0.0,0.0,0.0,0.0,1.0,3.0,0.0,0.0,0.0,0.0,0.0,
FRA-Ligue 1,1718,2017-10-01 Angers-Lyon,Angers,Alexandre Letellier,True,Goalkeeper,,start,end,1.0,0.0,0.0,0.0,0.0,0.0,0.0,3.0,3.0,0.0,0.0,0.0,0.0,0.0,
FRA-Ligue 1,1718,2017-10-01 Angers-Lyon,Lyon,Anthony Lopes,False,Goalkeeper,,start,end,1.0,0.0,0.0,0.0,0.0,0.0,0.0,3.0,2.0,0.0,0.0,0.0,0.0,0.0,
FRA-Ligue 1,1718,2017-10-01 Nice-Marseille,Marseille,Steve Mandanda,False,Goalkeeper,,start,end,1.0,0.0,1.0,0.0,0.0,0.0,0.0,2.0,9.0,0.0,0.0,0.0,0.0,0.0,
FRA-Ligue 1,1718,2017-10-01 Nice-Marseille,Nice,Yoan Cardinale,True,Goalkeeper,,start,end,1.0,0.0,1.0,0.0,0.0,0.0,0.0,4.0,6.0,0.0,0.0,0.0,0.0,0.0,
FRA-Ligue 1,1718,2017-10-01 Troyes-Saint-Étienne,Saint-Étienne,Stéphane Ruffier,False,Goalkeeper,,start,end,1.0,0.0,0.0,0.0,0.0,0.0,0.0,2.0,5.0,0.0,0.0,0.0,0.0,0.0,
FRA-Ligue 1,1718,2017-10-01 Troyes-Saint-Étienne,Troyes,Mamadou Samassa,True,Goalkeeper,,start,end,1.0,0.0,1.0,0.0,0.0,0.0,0.0,1.0,2.0,0.0,0.0,0.0,0.0,0.0,
FRA-Ligue 1,1718,2017-10-13 Lyon-AS Monaco,AS Monaco,Danijel Subasic,False,Goalkeeper,,start,end,1.0,0.0,0.0,0.0,0.0,0.0,0.0,3.0,4.0,0.0,0.0,0.0,0.0,0.0,
FRA-Ligue 1,1718,2017-10-13 Lyon-AS Monaco,Lyon,Anthony Lopes,True,Goalkeeper,,start,end,1.0,0.0,0.0,0.0,0.0,0.0,1.0,2.0,4.0,0.0,0.0,0.0,0.0,0.0,
FRA-Ligue 1,1718,2017-10-14 Caen-Angers,Angers,Mathieu Michel,False,Goalkeeper,,start,end,1.0,0.0,0.0,0.0,0.0,0.0,0.0,0.0,5.0,0.0,0.0,0.0,0.0,0.0,
FRA-Ligue 1,1718,2017-10-14 Caen-Angers,Caen,Rémy Vercoutre,True,Goalkeeper,,start,end,1.0,0.0,0.0,0.0,0.0,0.0,0.0,2.0,2.0,0.0,0.0,0.0,0.0,0.0,
FRA-Ligue 1,1718,2017-10-14 Dijon FCO-Paris Saint-Germain,Dijon FCO,Baptiste Reynet,True,Goalkeeper,,start,end,1.0,0.0,0.0,0.0,0.0,0.0,0.0,2.0,6.0,0.0,0.0,0.0,0.0,0.0,
FRA-Ligue 1,1718,2017-10-14 Dijon FCO-Paris Saint-Germain,Paris Saint-Germain,Alphonse Areola,False,Goalkeeper,,start,end,1.0,0.0,0.0,0.0,0.0,0.0,0.0,1.0,4.0,0.0,0.0,0.0,0.0,0.0,
FRA-Ligue 1,1718,2017-10-14 Guingamp-Stade Rennais,Guingamp,Karl-Johan Johnsson,True,Goalkeeper,,start,end,1.0,0.0,0.0,0.0,0.0,0.0,0.0,0.0,0.0,0.0,0.0,0.0,0.0,0.0,
FRA-Ligue 1,1718,2017-10-14 Guingamp-Stade Rennais,Stade Rennais,Tomas Koubek,False,Goalkeeper,,start,end,1.0,0.0,0.0,0.0,0.0,0.0,0.0,2.0,7.0,0.0,0.0,0.0,0.0,0.0,
FRA-Ligue 1,1718,2017-10-14 Lille-Troyes,Lille,Mike Maignan,True,Goalkeeper,,start,end,1.0,0.0,0.0,0.0,0.0,0.0,0.0,2.0,0.0,0.0,0.0,0.0,0.0,0.0,
FRA-Ligue 1,1718,2017-10-14 Lille-Troyes,Troyes,Mamadou Samassa,False,Goalkeeper,,start,end,1.0,0.0,1.0,0.0,0.0,0.0,0.0,2.0,4.0,0.0,0.0,0.0,0.0,0.0,
FRA-Ligue 1,1718,2017-10-14 Saint-Étienne-Metz,Metz,Eiji Kawashima,False,Goalkeeper,,start,end,1.0,0.0,0.0,0.0,0.0,0.0,0.0,3.0,3.0,0.0,0.0,0.0,0.0,0.0,
FRA-Ligue 1,1718,2017-10-14 Saint-Étienne-Metz,Saint-Étienne,Stéphane Ruffier,True,Goalkeeper,,start,end,1.0,0.0,0.0,0.0,0.0,0.0,0.0,1.0,1.0,0.0,0.0,0.0,0.0,0.0,
FRA-Ligue 1,1718,2017-10-14 Toulouse-SC Amiens,SC Amiens,Régis Gurtner,False,Goalkeeper,,start,end,1.0,0.0,0.0,0.0,0.0,0.0,0.0,1.0,5.0,0.0,0.0,0.0,0.0,0.0,
FRA-Ligue 1,1718,2017-10-14 Toulouse-SC Amiens,Toulouse,Alban Lafont,True,Goalkeeper,,start,end,1.0,0.0,0.0,0.0,0.0,0.0,0.0,0.0,2.0,0.0,0.0,0.0,0.0,0.0,
FRA-Ligue 1,1718,2017-10-15 Bordeaux-Nantes,Bordeaux,Benoit Costil,True,Goalkeeper,1,start,end,1.0,0.0,0.0,0.0,0.0,0.0,0.0,1.0,3.0,0.0,0.0,0.0,0.0,0.0,
FRA-Ligue 1,1718,2017-10-15 Bordeaux-Nantes,Nantes,Ciprian Tatarusanu,False,Goalkeeper,1,start,end,1.0,0.0,0.0,0.0,0.0,0.0,0.0,1.0,3.0,0.0,0.0,0.0,0.0,0.0,
FRA-Ligue 1,1718,2017-10-15 Montpellier-Nice,Montpellier,Benjamin Lecomte,True,Goalkeeper,,start,end,1.0,0.0,1.0,0.0,0.0,0.0,0.0,0.0,8.0,0.0,0.0,0.0,0.0,0.0,
FRA-Ligue 1,1718,2017-10-15 Montpellier-Nice,Nice,Yoan Cardinale,False,Goalkeeper,,start,end,1.0,0.0,0.0,0.0,0.0,0.0,0.0,2.0,2.0,0.0,0.0,0.0,0.0,0.0,
FRA-Ligue 1,1718,2017-10-15 Strasbourg-Marseille,Marseille,Steve Mandanda,False,Goalkeeper,1,start,end,1.0,0.0,0.0,0.0,0.0,0.0,0.0,3.0,6.0,0.0,0.0,0.0,0.0,0.0,
FRA-Ligue 1,1718,2017-10-15 Strasbourg-Marseille,Strasbourg,Bingourou Kamara,True,Goalkeeper,1,start,end,1.0,0.0,0.0,0.0,0.0,0.0,1.0,3.0,5.0,0.0,0.0,0.0,0.0,0.0,
FRA-Ligue 1,1718,2017-10-20 Saint-Étienne-Montpellier,Montpellier,Benjamin Lecomte,False,Goalkeeper,,start,end,1.0,0.0,1.0,0.0,0.0,0.0,0.0,0.0,4.0,0.0,0.0,0.0,0.0,0.0,
FRA-Ligue 1,1718,2017-10-20 Saint-Étienne-Montpellier,Saint-Étienne,Stéphane Ruffier,True,Goalkeeper,,start,end,1.0,0.0,0.0,0.0,0.0,0.0,0.0,1.0,3.0,0.0,0.0,0.0,0.0,0.0,
FRA-Ligue 1,1718,2017-10-21 AS Monaco-Caen,AS Monaco,Danijel Subasic,True,Goalkeeper,,start,end,1.0,0.0,0.0,0.0,0.0,0.0,0.0,0.0,1.0,0.0,0.0,0.0,0.0,0.0,
FRA-Ligue 1,1718,2017-10-21 AS Monaco-Caen,Caen,Rémy Vercoutre,False,Goalkeeper,,start,end,1.0,0.0,0.0,0.0,0.0,0.0,0.0,2.0,4.0,0.0,0.0,0.0,0.0,0.0,
FRA-Ligue 1,1718,2017-10-21 Angers-Toulouse,Angers,Mathieu Michel,True,Goalkeeper,,start,end,1.0,0.0,0.0,0.0,0.0,0.0,0.0,1.0,0.0,0.0,0.0,0.0,0.0,0.0,
FRA-Ligue 1,1718,2017-10-21 Angers-Toulouse,Toulouse,Alban Lafont,False,Goalkeeper,,start,end,1.0,0.0,1.0,0.0,0.0,0.0,1.0,0.0,4.0,0.0,0.0,0.0,0.0,0.0,
FRA-Ligue 1,1718,2017-10-21 Metz-Dijon FCO,Dijon FCO,Baptiste Reynet,False,Goalkeeper,,start,end,1.0,0.0,0.0,0.0,0.0,0.0,0.0,1.0,4.0,0.0,0.0,0.0,0.0,0.0,
FRA-Ligue 1,1718,2017-10-21 Metz-Dijon FCO,Metz,Eiji Kawashima,True,Goalkeeper,,start,end,1.0,0.0,0.0,0.0,0.0,0.0,0.0,2.0,4.0,0.0,0.0,0.0,0.0,0.0,
FRA-Ligue 1,1718,2017-10-21 Nantes-Guingamp,Guingamp,Karl-Johan Johnsson,False,Goalkeeper,,start,end,1.0,0.0,0.0,0.0,0.0,0.0,0.0,2.0,1.0,0.0,0.0,0.0,0.0,0.0,
FRA-Ligue 1,1718,2017-10-21 Nantes-Guingamp,Nantes,Ciprian Tatarusanu,True,Goalkeeper,,start,end,1.0,0.0,0.0,0.0,0.0,0.0,0.0,1.0,3.0,0.0,0.0,0.0,0.0,0.0,
FRA-Ligue 1,1718,2017-10-21 SC Amiens-Bordeaux,Bordeaux,Benoit Costil,False,Goalkeeper,,start,end,1.0,0.0,0.0,0.0,0.0,0.0,0.0,1.0,3.0,0.0,0.0,0.0,0.0,0.0,
FRA-Ligue 1,1718,2017-10-21 SC Amiens-Bordeaux,SC Amiens,Régis Gurtner,True,Goalkeeper,,start,end,1.0,0.0,0.0,0.0,0.0,0.0,1.0,0.0,4.0,0.0,0.0,0.0,0.0,0.0,
FRA-Ligue 1,1718,2017-10-21 Stade Rennais-Lille,Lille,Mike Maignan,False,Goalkeeper,,start,end,1.0,0.0,0.0,0.0,0.0,0.0,0.0,1.0,5.0,0.0,0.0,0.0,0.0,0.0,
FRA-Ligue 1,1718,2017-10-21 Stade Rennais-Lille,Stade Rennais,Tomas Koubek,True,Goalkeeper,,start,end,1.0,0.0,0.0,0.0,0.0,0.0,0.0,0.0,1.0,0.0,0.0,0.0,0.0,0.0,
FRA-Ligue 1,1718,2017-10-22 Marseille-Paris Saint-Germain,Marseille,Steve Mandanda,True,Goalkeeper,,start,end,1.0,0.0,0.0,0.0,0.0,0.0,0.0,2.0,1.0,0.0,0.0,0.0,0.0,0.0,
FRA-Ligue 1,1718,2017-10-22 Marseille-Paris Saint-Germain,Paris Saint-Germain,Alphonse Areola,False,Goalkeeper,,start,end,1.0,0.0,0.0,0.0,0.0,0.0,0.0,2.0,1.0,0.0,0.0,0.0,0.0,0.0,
FRA-Ligue 1,1718,2017-10-22 Nice-Strasbourg,Nice,Yoan Cardinale,True,Goalkeeper,,start,end,1.0,0.0,0.0,0.0,0.0,0.0,0.0,2.0,3.0,0.0,0.0,0.0,0.0,0.0,
FRA-Ligue 1,1718,2017-10-22 Nice-Strasbourg,Strasbourg,Bingourou Kamara,False,Goalkeeper,,start,end,1.0,0.0,0.0,0.0,0.0,0.0,0.0,1.0,8.0,0.0,0.0,0.0,0.0,0.0,
FRA-Ligue 1,1718,2017-10-22 Troyes-Lyon,Lyon,Anthony Lopes,False,Goalkeeper,,start,end,1.0,0.0,0.0,0.0,0.0,0.0,0.0,0.0,3.0,0.0,0.0,0.0,0.0,0.0,
FRA-Ligue 1,1718,2017-10-22 Troyes-Lyon,Troyes,Mamadou Samassa,True,Goalkeeper,,start,end,1.0,0.0,0.0,0.0,0.0,0.0,0.0,5.0,4.0,0.0,0.0,0.0,0.0,0.0,
FRA-Ligue 1,1718,2017-10-27 Paris Saint-Germain-Nice,Nice,Walter Benítez,False,Goalkeeper,,start,end,1.0,0.0,0.0,0.0,0.0,0.0,0.0,3.0,6.0,0.0,0.0,0.0,0.0,0.0,
FRA-Ligue 1,1718,2017-10-27 Paris Saint-Germain-Nice,Paris Saint-Germain,Alphonse Areola,True,Goalkeeper,,start,end,1.0,0.0,0.0,0.0,0.0,0.0,0.0,0.0,1.0,0.0,0.0,0.0,0.0,0.0,
FRA-Ligue 1,1718,2017-10-28 Bordeaux-AS Monaco,AS Monaco,Danijel Subasic,False,Goalkeeper,,start,end,1.0,0.0,0.0,0.0,0.0,0.0,0.0,0.0,3.0,0.0,0.0,0.0,0.0,0.0,
FRA-Ligue 1,1718,2017-10-28 Bordeaux-AS Monaco,Bordeaux,Benoit Costil,True,Goalkeeper,,start,end,1.0,0.0,0.0,0.0,0.0,0.0,0.0,2.0,2.0,0.0,0.0,0.0,0.0,0.0,
FRA-Ligue 1,1718,2017-10-28 Caen-Troyes,Caen,Rémy Vercoutre,True,Goalkeeper,,start,end,1.0,0.0,0.0,0.0,0.0,0.0,0.0,0.0,3.0,0.0,0.0,0.0,0.0,0.0,
FRA-Ligue 1,1718,2017-10-28 Caen-Troyes,Troyes,Mamadou Samassa,False,Goalkeeper,,start,end,1.0,0.0,0.0,0.0,0.0,0.0,0.0,1.0,2.0,0.0,0.0,0.0,0.0,0.0,
FRA-Ligue 1,1718,2017-10-28 Dijon FCO-Nantes,Dijon FCO,Baptiste Reynet,True,Goalkeeper,,start,end,1.0,0.0,0.0,0.0,0.0,0.0,0.0,0.0,0.0,0.0,0.0,0.0,0.0,0.0,
FRA-Ligue 1,1718,2017-10-28 Dijon FCO-Nantes,Nantes,Ciprian Tatarusanu,False,Goalkeeper,,start,end,1.0,0.0,0.0,0.0,0.0,0.0,0.0,1.0,0.0,0.0,0.0,0.0,0.0,0.0,
FRA-Ligue 1,1718,2017-10-28 Guingamp-SC Amiens,Guingamp,Karl-Johan Johnsson,True,Goalkeeper,,start,end,1.0,0.0,0.0,0.0,0.0,0.0,0.0,1.0,0.0,0.0,0.0,0.0,0.0,0.0,
FRA-Ligue 1,1718,2017-10-28 Guingamp-SC Amiens,SC Amiens,Régis Gurtner,False,Goalkeeper,,start,end,1.0,0.0,2.0,0.0,0.0,0.0,0.0,1.0,3.0,0.0,0.0,0.0,0.0,0.0,
FRA-Ligue 1,1718,2017-10-28 Montpellier-Stade Rennais,Montpellier,Benjamin Lecomte,True,Goalkeeper,,start,end,1.0,0.0,0.0,0.0,0.0,0.0,0.0,1.0,1.0,0.0,0.0,0.0,0.0,0.0,
FRA-Ligue 1,1718,2017-10-28 Montpellier-Stade Rennais,Stade Rennais,Tomas Koubek,False,Goalkeeper,,start,end,1.0,0.0,0.0,0.0,0.0,0.0,0.0,0.0,4.0,0.0,0.0,0.0,0.0,0.0,
FRA-Ligue 1,1718,2017-10-28 Strasbourg-Angers,Angers,Mathieu Michel,False,Goalkeeper,,start,end,1.0,0.0,0.0,0.0,0.0,0.0,0.0,2.0,4.0,0.0,0.0,0.0,0.0,0.0,
FRA-Ligue 1,1718,2017-10-28 Strasbourg-Angers,Strasbourg,Bingourou Kamara,True,Goalkeeper,,start,end,1.0,1.0,0.0,0.0,0.0,0.0,1.0,2.0,0.0,0.0,0.0,0.0,0.0,0.0,
FRA-Ligue 1,1718,2017-10-29 Lille-Marseille,Lille,Mike Maignan,True,Goalkeeper,1,start,end,1.0,0.0,0.0,0.0,0.0,0.0,0.0,1.0,1.0,0.0,0.0,0.0,0.0,0.0,
FRA-Ligue 1,1718,2017-10-29 Lille-Marseille,Marseille,Steve Mandanda,False,Goalkeeper,1,start,end,1.0,0.0,0.0,0.0,0.0,0.0,0.0,0.0,8.0,0.0,0.0,0.0,0.0,0.0,
FRA-Ligue 1,1718,2017-10-29 Lyon-Metz,Lyon,Anthony Lopes,True,Goalkeeper,,start,end,1.0,0.0,0.0,0.0,0.0,0.0,0.0,0.0,3.0,0.0,0.0,0.0,0.0,0.0,
FRA-Ligue 1,1718,2017-10-29 Lyon-Metz,Metz,Eiji Kawashima,False,Goalkeeper,,start,end,1.0,0.0,0.0,0.0,0.0,0.0,0.0,2.0,3.0,0.0,0.0,0.0,0.0,0.0,
FRA-Ligue 1,1718,2017-10-29 Toulouse-Saint-Étienne,Saint-Étienne,Stéphane Ruffier,False,Goalkeeper,,start,end,1.0,0.0,1.0,0.0,0.0,0.0,0.0,0.0,3.0,0.0,0.0,0.0,0.0,0.0,
FRA-Ligue 1,1718,2017-10-29 Toulouse-Saint-Étienne,Toulouse,Alban Lafont,True,Goalkeeper,,start,end,1.0,0.0,0.0,0.0,0.0,0.0,0.0,0.0,2.0,0.0,0.0,0.0,0.0,0.0,
FRA-Ligue 1,1718,2017-11-03 Stade Rennais-Bordeaux,Bordeaux,Benoit Costil,False,Goalkeeper,,start,end,1.0,0.0,0.0,0.0,0.0,0.0,0.0,1.0,2.0,0.0,0.0,0.0,0.0,0.0,
FRA-Ligue 1,1718,2017-11-03 Stade Rennais-Bordeaux,Stade Rennais,Tomas Koubek,True,Goalkeeper,,start,end,1.0,0.0,0.0,0.0,0.0,0.0,0.0,0.0,0.0,0.0,0.0,0.0,0.0,0.0,
FRA-Ligue 1,1718,2017-11-04 AS Monaco-Guingamp,AS Monaco,Danijel Subasic,True,Goalkeeper,,start,45,1.0,0.0,1.0,0.0,0.0,0.0,0.0,0.0,0.0,0.0,0.0,0.0,0.0,0.0,
FRA-Ligue 1,1718,2017-11-04 AS Monaco-Guingamp,Guingamp,Karl-Johan Johnsson,False,Goalkeeper,,start,end,1.0,0.0,0.0,0.0,0.0,0.0,0.0,6.0,3.0,0.0,0.0,0.0,0.0,0.0,
FRA-Ligue 1,1718,2017-11-04 Angers-Paris Saint-Germain,Angers,Mathieu Michel,True,Goalkeeper,,start,end,1.0,0.0,1.0,0.0,0.0,0.0,0.0,5.0,2.0,0.0,0.0,0.0,0.0,0.0,
FRA-Ligue 1,1718,2017-11-04 Angers-Paris Saint-Germain,Paris Saint-Germain,Alphonse Areola,False,Goalkeeper,,start,end,1.0,0.0,1.0,0.0,0.0,0.0,0.0,0.0,3.0,0.0,0.0,0.0,0.0,0.0,
FRA-Ligue 1,1718,2017-11-04 Montpellier-SC Amiens,Montpellier,Benjamin Lecomte,True,Goalkeeper,,start,end,1.0,0.0,0.0,0.0,0.0,0.0,0.0,1.0,0.0,0.0,0.0,0.0,0.0,0.0,
FRA-Ligue 1,1718,2017-11-04 Montpellier-SC Amiens,SC Amiens,Régis Gurtner,False,Goalkeeper,,start,end,1.0,0.0,0.0,0.0,0.0,0.0,0.0,1.0,2.0,0.0,0.0,0.0,0.0,0.0,
FRA-Ligue 1,1718,2017-11-04 Nantes-Toulouse,Nantes,Ciprian Tatarusanu,True,Goalkeeper,,start,end,1.0,0.0,0.0,0.0,0.0,0.0,0.0,1.0,2.0,0.0,0.0,0.0,0.0,0.0,
FRA-Ligue 1,1718,2017-11-04 Nantes-Toulouse,Toulouse,Alban Lafont,False,Goalkeeper,,start,end,1.0,0.0,0.0,0.0,0.0,0.0,0.0,2.0,3.0,0.0,0.0,0.0,0.0,0.0,
FRA-Ligue 1,1718,2017-11-04 Troyes-Strasbourg,Strasbourg,Bingourou Kamara,False,Goalkeeper,,start,end,1.0,0.0,0.0,0.0,0.0,0.0,0.0,3.0,3.0,0.0,0.0,0.0,0.0,0.0,
FRA-Ligue 1,1718,2017-11-04 Troyes-Strasbourg,Troyes,Mamadou Samassa,True,Goalkeeper,,start,end,1.0,0.0,0.0,0.0,0.0,0.0,0.0,0.0,2.0,0.0,0.0,0.0,0.0,0.0,
FRA-Ligue 1,1718,2017-11-05 Marseille-Caen,Caen,Rémy Vercoutre,False,Goalkeeper,,start,end,1.0,0.0,0.0,0.0,0.0,0.0,0.0,5.0,6.0,0.0,0.0,0.0,0.0,0.0,
FRA-Ligue 1,1718,2017-11-05 Marseille-Caen,Marseille,Steve Mandanda,True,Goalkeeper,,start,end,1.0,0.0,0.0,0.0,0.0,0.0,0.0,0.0,3.0,0.0,0.0,0.0,0.0,0.0,
FRA-Ligue 1,1718,2017-11-05 Metz-Lille,Lille,Mike Maignan,False,Goalkeeper,,start,end,1.0,0.0,1.0,0.0,0.0,0.0,0.0,0.0,6.0,0.0,0.0,0.0,0.0,0.0,
FRA-Ligue 1,1718,2017-11-05 Metz-Lille,Metz,Thomas Didillon,True,Goalkeeper,,start,end,1.0,0.0,0.0,0.0,0.0,0.0,0.0,3.0,4.0,0.0,0.0,0.0,0.0,0.0,
FRA-Ligue 1,1718,2017-11-05 Nice-Dijon FCO,Dijon FCO,Baptiste Reynet,False,Goalkeeper,,start,end,1.0,0.0,0.0,0.0,0.0,0.0,0.0,1.0,3.0,0.0,0.0,0.0,0.0,0.0,
FRA-Ligue 1,1718,2017-11-05 Nice-Dijon FCO,Nice,Walter Benítez,True,Goalkeeper,,start,end,1.0,0.0,0.0,0.0,0.0,0.0,0.0,0.0,4.0,0.0,0.0,0.0,0.0,0.0,
FRA-Ligue 1,1718,2017-11-05 Saint-Étienne-Lyon,Lyon,Anthony Lopes,False,Goalkeeper,,start,end,1.0,0.0,0.0,0.0,0.0,0.0,0.0,0.0,2.0,0.0,0.0,0.0,0.0,0.0,
FRA-Ligue 1,1718,2017-11-05 Saint-Étienne-Lyon,Saint-Étienne,Stéphane Ruffier,True,Goalkeeper,,start,end,1.0,0.0,0.0,0.0,0.0,0.0,0.0,5.0,5.0,0.0,0.0,0.0,0.0,0.0,
FRA-Ligue 1,1718,2017-11-17 Lille-Saint-Étienne,Lille,Mike Maignan,True,Goalkeeper,,start,end,1.0,0.0,0.0,0.0,0.0,0.0,0.0,1.0,2.0,0.0,0.0,0.0,0.0,0.0,
FRA-Ligue 1,1718,2017-11-17 Lille-Saint-Étienne,Saint-Étienne,Stéphane Ruffier,False,Goalkeeper,,start,end,1.0,0.0,0.0,0.0,0.0,0.0,0.0,3.0,2.0,0.0,0.0,0.0,0.0,0.0,
FRA-Ligue 1,1718,2017-11-17 SC Amiens-AS Monaco,AS Monaco,Danijel Subasic,False,Goalkeeper,,start,end,1.0,0.0,0.0,0.0,0.0,0.0,0.0,1.0,1.0,0.0,0.0,0.0,0.0,0.0,
FRA-Ligue 1,1718,2017-11-17 SC Amiens-AS Monaco,SC Amiens,Régis Gurtner,True,Goalkeeper,,start,end,1.0,0.0,0.0,0.0,0.0,0.0,0.0,1.0,3.0,0.0,0.0,0.0,0.0,0.0,
FRA-Ligue 1,1718,2017-11-18 Dijon FCO-Troyes,Dijon FCO,Baptiste Reynet,True,Goalkeeper,,start,end,1.0,0.0,0.0,0.0,0.0,0.0,0.0,1.0,2.0,0.0,0.0,0.0,0.0,0.0,
FRA-Ligue 1,1718,2017-11-18 Dijon FCO-Troyes,Troyes,Mamadou Samassa,False,Goalkeeper,,start,end,1.0,0.0,0.0,0.0,0.0,0.0,0.0,3.0,5.0,0.0,0.0,0.0,0.0,0.0,
FRA-Ligue 1,1718,2017-11-18 Guingamp-Angers,Angers,Mathieu Michel,False,Goalkeeper,1,start,end,1.0,0.0,0.0,0.0,0.0,0.0,0.0,1.0,0.0,8.0,0.0,0.0,0.0,0.0,
FRA-Ligue 1,1718,2017-11-18 Guingamp-Angers,Guingamp,Karl-Johan Johnsson,True,Goalkeeper,1,start,end,1.0,0.0,1.0,0.0,0.0,0.0,0.0,1.0,0.0,9.0,0.0,0.0,0.0,0.0,
FRA-Ligue 1,1718,2017-11-18 Paris Saint-Germain-Nantes,Nantes,Ciprian Tatarusanu,False,Goalkeeper,,start,end,1.0,0.0,0.0,0.0,0.0,0.0,0.0,4.0,5.0,0.0,0.0,0.0,0.0,0.0,
FRA-Ligue 1,1718,2017-11-18 Paris Saint-Germain-Nantes,Paris Saint-Germain,Alphonse Areola,True,Goalkeeper,,start,end,1.0,0.0,0.0,0.0,0.0,0.0,0.0,1.0,0.0,0.0,0.0,0.0,0.0,0.0,
FRA-Ligue 1,1718,2017-11-18 Strasbourg-Stade Rennais,Stade Rennais,Tomas Koubek,False,Goalkeeper,,start,end,1.0,0.0,0.0,0.0,0.0,0.0,0.0,2.0,3.0,0.0,0.0,0.0,0.0,0.0,
FRA-Ligue 1,1718,2017-11-18 Strasbourg-Stade Rennais,Strasbourg,Bingourou Kamara,True,Goalkeeper,,start,end,1.0,0.0,0.0,0.0,0.0,0.0,0.0,1.0,3.0,0.0,0.0,0.0,0.0,0.0,
FRA-Ligue 1,1718,2017-11-18 Toulouse-Metz,Metz,Thomas Didillon,False,Goalkeeper,,start,end,1.0,0.0,1.0,0.0,0.0,0.0,0.0,0.0,3.0,0.0,0.0,0.0,0.0,0.0,
FRA-Ligue 1,1718,2017-11-18 Toulouse-Metz,Toulouse,Alban Lafont,True,Goalkeeper,,start,end,1.0,0.0,0.0,0.0,0.0,0.0,0.0,0.0,5.0,0.0,0.0,0.0,0.0,0.0,
FRA-Ligue 1,1718,2017-11-19 Bordeaux-Marseille,Bordeaux,Benoit Costil,True,Goalkeeper,1,start,end,1.0,0.0,1.0,0.0,0.0,0.0,0.0,1.0,2.0,0.0,0.0,0.0,0.0,0.0,
FRA-Ligue 1,1718,2017-11-19 Bordeaux-Marseille,Marseille,Steve Mandanda,False,Goalkeeper,1,start,end,1.0,0.0,0.0,0.0,0.0,0.0,0.0,1.0,2.0,0.0,0.0,0.0,0.0,0.0,
FRA-Ligue 1,1718,2017-11-19 Caen-Nice,Caen,Rémy Vercoutre,True,Goalkeeper,,start,end,1.0,0.0,0.0,0.0,0.0,0.0,0.0,1.0,6.0,0.0,0.0,0.0,0.0,0.0,
FRA-Ligue 1,1718,2017-11-19 Caen-Nice,Nice,Walter Benítez,False,Goalkeeper,,start,end,1.0,0.0,0.0,0.0,0.0,0.0,1.0,1.0,3.0,0.0,0.0,0.0,0.0,0.0,
FRA-Ligue 1,1718,2017-11-19 Lyon-Montpellier,Lyon,Anthony Lopes,True,Goalkeeper,,start,end,1.0,0.0,0.0,0.0,0.0,0.0,0.0,0.0,2.0,0.0,0.0,0.0,0.0,0.0,
FRA-Ligue 1,1718,2017-11-19 Lyon-Montpellier,Montpellier,Benjamin Lecomte,False,Goalkeeper,,start,end,1.0,0.0,0.0,0.0,0.0,0.0,0.0,0.0,4.0,0.0,0.0,0.0,0.0,0.0,
FRA-Ligue 1,1718,2017-11-20 SC Amiens-Lille,Lille,Mike Maignan,False,Goalkeeper,,start,end,1.0,0.0,0.0,0.0,0.0,0.0,0.0,3.0,1.0,0.0,0.0,0.0,0.0,0.0,
FRA-Ligue 1,1718,2017-11-20 SC Amiens-Lille,SC Amiens,Régis Gurtner,True,Goalkeeper,,start,end,1.0,0.0,0.0,0.0,0.0,0.0,0.0,0.0,1.0,0.0,0.0,0.0,0.0,0.0,
FRA-Ligue 1,1718,2017-11-24 Saint-Étienne-Strasbourg,Saint-Étienne,Stéphane Ruffier,True,Goalkeeper,,start,end,1.0,0.0,0.0,0.0,0.0,0.0,0.0,2.0,2.0,0.0,0.0,0.0,0.0,0.0,
FRA-Ligue 1,1718,2017-11-24 Saint-Étienne-Strasbourg,Strasbourg,Bingourou Kamara,False,Goalkeeper,,start,end,1.0,0.0,0.0,0.0,0.0,0.0,0.0,2.0,4.0,0.0,0.0,0.0,0.0,0.0,
FRA-Ligue 1,1718,2017-11-25 Caen-Bordeaux,Bordeaux,Benoit Costil,False,Goalkeeper,,start,end,1.0,0.0,0.0,0.0,0.0,0.0,0.0,1.0,1.0,0.0,0.0,0.0,0.0,0.0,
FRA-Ligue 1,1718,2017-11-25 Caen-Bordeaux,Caen,Rémy Vercoutre,True,Goalkeeper,,start,end,1.0,0.0,0.0,0.0,0.0,0.0,0.0,0.0,3.0,0.0,0.0,0.0,0.0,0.0,
FRA-Ligue 1,1718,2017-11-25 Dijon FCO-Toulouse,Dijon FCO,Baptiste Reynet,True,Goalkeeper,,start,end,1.0,0.0,0.0,0.0,0.0,0.0,0.0,1.0,3.0,0.0,0.0,0.0,0.0,0.0,
FRA-Ligue 1,1718,2017-11-25 Dijon FCO-Toulouse,Toulouse,Alban Lafont,False,Goalkeeper,,start,end,1.0,0.0,0.0,0.0,0.0,0.0,0.0,3.0,2.0,0.0,0.0,0.0,0.0,0.0,
FRA-Ligue 1,1718,2017-11-25 Metz-SC Amiens,Metz,Thomas Didillon,True,Goalkeeper,,start,end,1.0,0.0,0.0,0.0,0.0,0.0,0.0,2.0,0.0,0.0,0.0,0.0,0.0,0.0,
FRA-Ligue 1,1718,2017-11-25 Metz-SC Amiens,SC Amiens,Régis Gurtner,False,Goalkeeper,,start,end,1.0,0.0,1.0,0.0,0.0,0.0,0.0,0.0,6.0,0.0,0.0,0.0,0.0,0.0,
FRA-Ligue 1,1718,2017-11-25 Montpellier-Lille,Lille,Mike Maignan,False,Goalkeeper,,start,end,1.0,0.0,0.0,0.0,0.0,0.0,0.0,3.0,3.0,0.0,0.0,0.0,0.0,0.0,
FRA-Ligue 1,1718,2017-11-25 Montpellier-Lille,Montpellier,Benjamin Lecomte,True,Goalkeeper,,start,end,1.0,0.0,0.0,0.0,0.0,0.0,0.0,0.0,4.0,0.0,0.0,0.0,0.0,0.0,
FRA-Ligue 1,1718,2017-11-25 Stade Rennais-Nantes,Nantes,Ciprian Tatarusanu,False,Goalkeeper,,start,end,1.0,0.0,0.0,0.0,0.0,0.0,0.0,2.0,2.0,0.0,0.0,0.0,0.0,0.0,
FRA-Ligue 1,1718,2017-11-25 Stade Rennais-Nantes,Stade Rennais,Tomas Koubek,True,Goalkeeper,,start,end,1.0,0.0,0.0,0.0,0.0,0.0,0.0,1.0,0.0,0.0,0.0,0.0,0.0,0.0,
FRA-Ligue 1,1718,2017-11-25 Troyes-Angers,Angers,Mathieu Michel,False,Goalkeeper,,start,end,1.0,0.0,0.0,0.0,0.0,0.0,0.0,3.0,1.0,0.0,0.0,0.0,0.0,0.0,
FRA-Ligue 1,1718,2017-11-25 Troyes-Angers,Troyes,Mamadou Samassa,True,Goalkeeper,,start,end,1.0,0.0,0.0,0.0,0.0,0.0,0.0,0.0,4.0,0.0,0.0,0.0,0.0,0.0,
FRA-Ligue 1,1718,2017-11-26 AS Monaco-Paris Saint-Germain,AS Monaco,Danijel Subasic,True,Goalkeeper,,start,end,1.0,0.0,0.0,0.0,0.0,0.0,0.0,2.0,3.0,0.0,0.0,0.0,0.0,0.0,
FRA-Ligue 1,1718,2017-11-26 AS Monaco-Paris Saint-Germain,Paris Saint-Germain,Alphonse Areola,False,Goalkeeper,,start,end,1.0,0.0,0.0,0.0,0.0,0.0,0.0,1.0,1.0,0.0,0.0,0.0,0.0,0.0,
FRA-Ligue 1,1718,2017-11-26 Marseille-Guingamp,Guingamp,Karl-Johan Johnsson,False,Goalkeeper,,start,end,1.0,0.0,1.0,0.0,0.0,0.0,0.0,1.0,7.0,0.0,0.0,0.0,0.0,0.0,
FRA-Ligue 1,1718,2017-11-26 Marseille-Guingamp,Marseille,Steve Mandanda,True,Goalkeeper,,start,end,1.0,0.0,0.0,0.0,0.0,0.0,0.0,0.0,1.0,0.0,0.0,0.0,0.0,0.0,
FRA-Ligue 1,1718,2017-11-26 Nice-Lyon,Lyon,Anthony Lopes,False,Goalkeeper,1,start,end,1.0,0.0,0.0,0.0,0.0,0.0,0.0,0.0,3.0,0.0,0.0,0.0,0.0,0.0,
FRA-Ligue 1,1718,2017-11-26 Nice-Lyon,Nice,Walter Benítez,True,Goalkeeper,1,start,end,1.0,0.0,0.0,0.0,0.0,0.0,0.0,5.0,2.0,0.0,0.0,0.0,0.0,0.0,
FRA-Ligue 1,1718,2017-11-28 Bordeaux-Saint-Étienne,Bordeaux,Benoit Costil,True,Goalkeeper,,start,end,1.0,0.0,0.0,0.0,0.0,0.0,0.0,0.0,4.0,0.0,0.0,0.0,0.0,0.0,
FRA-Ligue 1,1718,2017-11-28 Bordeaux-Saint-Étienne,Saint-Étienne,Stéphane Ruffier,False,Goalkeeper,,start,end,1.0,0.0,0.0,0.0,0.0,0.0,0.0,3.0,3.0,0.0,0.0,0.0,0.0,0.0,
FRA-Ligue 1,1718,2017-11-28 SC Amiens-Dijon FCO,Dijon FCO,Baptiste Reynet,False,Goalkeeper,,start,end,1.0,0.0,0.0,0.0,0.0,0.0,0.0,2.0,2.0,0.0,0.0,0.0,0.0,0.0,
FRA-Ligue 1,1718,2017-11-28 SC Amiens-Dijon FCO,SC Amiens,Régis Gurtner,True,Goalkeeper,,start,end,1.0,0.0,0.0,0.0,0.0,0.0,0.0,1.0,5.0,0.0,0.0,0.0,0.0,0.0,
FRA-Ligue 1,1718,2017-11-28 Strasbourg-Caen,Caen,Rémy Vercoutre,False,Goalkeeper,,start,end,1.0,0.0,0.0,0.0,0.0,0.0,0.0,0.0,2.0,0.0,0.0,0.0,0.0,0.0,
FRA-Ligue 1,1718,2017-11-28 Strasbourg-Caen,Strasbourg,Bingourou Kamara,True,Goalkeeper,,start,end,1.0,0.0,0.0,0.0,0.0,0.0,0.0,0.0,1.0,0.0,0.0,0.0,0.0,0.0,
FRA-Ligue 1,1718,2017-11-29 Angers-Stade Rennais,Angers,Alexandre Letellier,True,Goalkeeper,,start,end,1.0,0.0,0.0,0.0,0.0,0.0,0.0,2.0,1.0,0.0,0.0,0.0,0.0,0.0,
FRA-Ligue 1,1718,2017-11-29 Angers-Stade Rennais,Stade Rennais,Tomas Koubek,False,Goalkeeper,,start,end,1.0,0.0,0.0,0.0,0.0,0.0,0.0,1.0,3.0,0.0,0.0,0.0,0.0,0.0,
FRA-Ligue 1,1718,2017-11-29 Guingamp-Montpellier,Guingamp,Karl-Johan Johnsson,True,Goalkeeper,,start,end,1.0,0.0,0.0,0.0,0.0,0.0,0.0,0.0,4.0,0.0,0.0,0.0,0.0,0.0,
FRA-Ligue 1,1718,2017-11-29 Guingamp-Montpellier,Montpellier,Benjamin Lecomte,False,Goalkeeper,,start,end,1.0,0.0,0.0,0.0,0.0,0.0,0.0,0.0,1.0,0.0,0.0,0.0,0.0,0.0,
FRA-Ligue 1,1718,2017-11-29 Lyon-Lille,Lille,Mike Maignan,False,Goalkeeper,,start,end,1.0,0.0,0.0,0.0,0.0,0.0,0.0,1.0,3.0,0.0,0.0,0.0,0.0,0.0,
FRA-Ligue 1,1718,2017-11-29 Lyon-Lille,Lyon,Anthony Lopes,True,Goalkeeper,,start,end,1.0,0.0,0.0,0.0,0.0,0.0,0.0,2.0,1.0,0.0,0.0,0.0,0.0,0.0,
FRA-Ligue 1,1718,2017-11-29 Metz-Marseille,Marseille,Steve Mandanda,False,Goalkeeper,1,start,end,1.0,0.0,0.0,0.0,0.0,0.0,0.0,0.0,4.0,0.0,0.0,0.0,0.0,0.0,
FRA-Ligue 1,1718,2017-11-29 Metz-Marseille,Metz,Eiji Kawashima,True,Goalkeeper,1,start,end,1.0,0.0,0.0,0.0,0.0,0.0,0.0,3.0,5.0,0.0,0.0,0.0,0.0,0.0,
FRA-Ligue 1,1718,2017-11-29 Nantes-AS Monaco,AS Monaco,Danijel Subasic,False,Goalkeeper,,start,end,1.0,0.0,0.0,0.0,0.0,0.0,0.0,1.0,4.0,0.0,0.0,0.0,0.0,0.0,
FRA-Ligue 1,1718,2017-11-29 Nantes-AS Monaco,Nantes,Ciprian Tatarusanu,True,Goalkeeper,,start,end,1.0,0.0,0.0,0.0,0.0,0.0,0.0,0.0,1.0,0.0,0.0,0.0,0.0,0.0,
FRA-Ligue 1,1718,2017-11-29 Paris Saint-Germain-Troyes,Paris Saint-Germain,Kevin Trapp,True,Goalkeeper,,start,end,1.0,0.0,0.0,0.0,0.0,0.0,0.0,0.0,3.0,0.0,0.0,0.0,0.0,0.0,
FRA-Ligue 1,1718,2017-11-29 Paris Saint-Germain-Troyes,Troyes,Mamadou Samassa,False,Goalkeeper,,start,end,1.0,0.0,0.0,0.0,0.0,0.0,0.0,2.0,4.0,0.0,0.0,0.0,0.0,0.0,
FRA-Ligue 1,1718,2017-11-29 Toulouse-Nice,Nice,Walter Benítez,False,Goalkeeper,,start,end,1.0,0.0,0.0,0.0,0.0,0.0,0.0,1.0,1.0,0.0,0.0,0.0,0.0,0.0,
FRA-Ligue 1,1718,2017-11-29 Toulouse-Nice,Toulouse,Alban Lafont,True,Goalkeeper,,start,end,1.0,0.0,1.0,0.0,0.0,0.0,0.0,2.0,2.0,0.0,0.0,0.0,0.0,0.0,
FRA-Ligue 1,1718,2017-12-01 Dijon FCO-Bordeaux,Bordeaux,Benoit Costil,False,Goalkeeper,,start,end,1.0,0.0,0.0,0.0,0.0,0.0,0.0,3.0,2.0,0.0,0.0,0.0,0.0,0.0,
FRA-Ligue 1,1718,2017-12-01 Dijon FCO-Bordeaux,Dijon FCO,Baptiste Reynet,True,Goalkeeper,,start,end,1.0,0.0,0.0,0.0,0.0,0.0,0.0,2.0,2.0,0.0,0.0,0.0,0.0,0.0,
FRA-Ligue 1,1718,2017-12-02 AS Monaco-Angers,AS Monaco,Danijel Subasic,True,Goalkeeper,,start,end,1.0,0.0,1.0,0.0,0.0,0.0,1.0,0.0,3.0,0.0,0.0,0.0,0.0,0.0,
FRA-Ligue 1,1718,2017-12-02 AS Monaco-Angers,Angers,Alexandre Letellier,False,Goalkeeper,,start,end,1.0,0.0,0.0,0.0,0.0,0.0,0.0,1.0,2.0,0.0,0.0,0.0,0.0,0.0,
FRA-Ligue 1,1718,2017-12-02 Lille-Toulouse,Lille,Mike Maignan,True,Goalkeeper,,start,end,1.0,0.0,2.0,0.0,0.0,0.0,0.0,0.0,3.0,0.0,0.0,0.0,0.0,0.0,
FRA-Ligue 1,1718,2017-12-02 Lille-Toulouse,Toulouse,Alban Lafont,False,Goalkeeper,,start,end,1.0,0.0,1.0,0.0,0.0,0.0,0.0,1.0,2.0,0.0,0.0,0.0,0.0,0.0,
FRA-Ligue 1,1718,2017-12-02 Nice-Metz,Metz,Eiji Kawashima,False,Goalkeeper,,start,end,1.0,0.0,1.0,0.0,0.0,0.0,0.0,3.0,4.0,0.0,0.0,0.0,0.0,0.0,
FRA-Ligue 1,1718,2017-12-02 Nice-Metz,Nice,Walter Benítez,True,Goalkeeper,,start,end,1.0,0.0,0.0,0.0,0.0,0.0,0.0,1.0,4.0,0.0,0.0,0.0,0.0,0.0,
FRA-Ligue 1,1718,2017-12-02 Stade Rennais-SC Amiens,SC Amiens,Régis Gurtner,False,Goalkeeper,,start,end,1.0,0.0,0.0,0.0,0.0,0.0,0.0,2.0,3.0,0.0,0.0,0.0,0.0,0.0,
FRA-Ligue 1,1718,2017-12-02 Stade Rennais-SC Amiens,Stade Rennais,Tomas Koubek,True,Goalkeeper,,start,end,1.0,0.0,0.0,0.0,0.0,0.0,0.0,0.0,2.0,0.0,0.0,0.0,0.0,0.0,
FRA-Ligue 1,1718,2017-12-02 Strasbourg-Paris Saint-Germain,Paris Saint-Germain,Alphonse Areola,False,Goalkeeper,,start,end,1.0,0.0,0.0,0.0,0.0,0.0,0.0,2.0,0.0,0.0,0.0,0.0,0.0,0.0,
FRA-Ligue 1,1718,2017-12-02 Strasbourg-Paris Saint-Germain,Strasbourg,Bingourou Kamara,True,Goalkeeper,,start,72,1.0,0.0,0.0,0.0,0.0,0.0,0.0,1.0,2.0,0.0,0.0,0.0,0.0,0.0,
FRA-Ligue 1,1718,2017-12-02 Troyes-Guingamp,Guingamp,Karl-Johan Johnsson,False,Goalkeeper,,start,end,1.0,0.0,1.0,0.0,0.0,0.0,0.0,0.0,3.0,0.0,0.0,0.0,0.0,0.0,
FRA-Ligue 1,1718,2017-12-02 Troyes-Guingamp,Troyes,Mamadou Samassa,True,Goalkeeper,,start,end,1.0,0.0,0.0,0.0,0.0,0.0,0.0,1.0,4.0,0.0,0.0,0.0,0.0,0.0,
FRA-Ligue 1,1718,2017-12-03 Caen-Lyon,Caen,Rémy Vercoutre,True,Goalkeeper,,start,end,1.0,0.0,0.0,0.0,0.0,0.0,0.0,2.0,2.0,0.0,0.0,0.0,0.0,0.0,
FRA-Ligue 1,1718,2017-12-03 Caen-Lyon,Lyon,Anthony Lopes,False,Goalkeeper,,start,end,1.0,0.0,0.0,0.0,0.0,0.0,0.0,1.0,3.0,0.0,0.0,0.0,0.0,0.0,
FRA-Ligue 1,1718,2017-12-03 Montpellier-Marseille,Marseille,Steve Mandanda,False,Goalkeeper,1,start,end,1.0,0.0,1.0,0.0,0.0,0.0,0.0,1.0,3.0,0.0,0.0,0.0,0.0,0.0,
FRA-Ligue 1,1718,2017-12-03 Montpellier-Marseille,Montpellier,Benjamin Lecomte,True,Goalkeeper,1,start,end,1.0,0.0,0.0,0.0,0.0,0.0,0.0,1.0,1.0,0.0,0.0,0.0,0.0,0.0,
FRA-Ligue 1,1718,2017-12-03 Saint-Étienne-Nantes,Nantes,Ciprian Tatarusanu,False,Goalkeeper,,start,end,1.0,0.0,0.0,0.0,0.0,0.0,0.0,1.0,3.0,0.0,0.0,0.0,0.0,0.0,
FRA-Ligue 1,1718,2017-12-03 Saint-Étienne-Nantes,Saint-Étienne,Stéphane Ruffier,True,Goalkeeper,,start,end,1.0,0.0,0.0,0.0,0.0,0.0,0.0,1.0,5.0,0.0,0.0,0.0,0.0,0.0,
FRA-Ligue 1,1718,2017-12-08 Bordeaux-Strasbourg,Bordeaux,Benoit Costil,True,Goalkeeper,,start,end,1.0,0.0,0.0,0.0,0.0,0.0,0.0,3.0,1.0,0.0,0.0,0.0,0.0,0.0,
FRA-Ligue 1,1718,2017-12-08 Bordeaux-Strasbourg,Strasbourg,Alexandre Oukidja,False,Goalkeeper,,start,end,1.0,0.0,0.0,0.0,0.0,0.0,0.0,0.0,2.0,0.0,0.0,0.0,0.0,0.0,
FRA-Ligue 1,1718,2017-12-09 AS Monaco-Troyes,AS Monaco,Danijel Subasic,True,Goalkeeper,,start,end,1.0,0.0,0.0,0.0,0.0,0.0,0.0,2.0,1.0,0.0,0.0,0.0,0.0,0.0,
FRA-Ligue 1,1718,2017-12-09 AS Monaco-Troyes,Troyes,Mamadou Samassa,False,Goalkeeper,,start,end,1.0,0.0,0.0,0.0,0.0,0.0,0.0,3.0,4.0,0.0,0.0,0.0,0.0,0.0,
FRA-Ligue 1,1718,2017-12-09 Angers-Montpellier,Angers,Alexandre Letellier,True,Goalkeeper,,start,end,1.0,0.0,0.0,0.0,0.0,0.0,0.0,1.0,5.0,0.0,0.0,0.0,0.0,0.0,
FRA-Ligue 1,1718,2017-12-09 Angers-Montpellier,Montpellier,Benjamin Lecomte,False,Goalkeeper,,start,end,1.0,0.0,0.0,0.0,0.0,0.0,0.0,1.0,3.0,0.0,0.0,0.0,0.0,0.0,
FRA-Ligue 1,1718,2017-12-09 Guingamp-Dijon FCO,Dijon FCO,Baptiste Reynet,False,Goalkeeper,,start,end,1.0,0.0,0.0,0.0,0.0,0.0,0.0,4.0,6.0,0.0,0.0,0.0,0.0,0.0,
FRA-Ligue 1,1718,2017-12-09 Guingamp-Dijon FCO,Guingamp,Karl-Johan Johnsson,True,Goalkeeper,,start,end,1.0,0.0,0.0,0.0,0.0,0.0,0.0,0.0,1.0,0.0,0.0,0.0,0.0,0.0,
FRA-Ligue 1,1718,2017-12-09 Metz-Stade Rennais,Metz,Eiji Kawashima,True,Goalkeeper,,start,end,1.0,0.0,1.0,0.0,0.0,0.0,0.0,1.0,3.0,0.0,0.0,0.0,0.0,0.0,
FRA-Ligue 1,1718,2017-12-09 Metz-Stade Rennais,Stade Rennais,Tomas Koubek,False,Goalkeeper,,start,end,1.0,0.0,0.0,0.0,0.0,0.0,0.0,1.0,5.0,0.0,0.0,0.0,0.0,0.0,
FRA-Ligue 1,1718,2017-12-09 Paris Saint-Germain-Lille,Lille,Mike Maignan,False,Goalkeeper,,start,end,1.0,0.0,0.0,0.0,0.0,0.0,0.0,3.0,2.0,0.0,0.0,0.0,0.0,0.0,
FRA-Ligue 1,1718,2017-12-09 Paris Saint-Germain-Lille,Paris Saint-Germain,Alphonse Areola,True,Goalkeeper,,start,end,1.0,0.0,0.0,0.0,0.0,0.0,0.0,1.0,1.0,0.0,0.0,0.0,0.0,0.0,
FRA-Ligue 1,1718,2017-12-09 Toulouse-Caen,Caen,Rémy Vercoutre,False,Goalkeeper,,start,end,1.0,0.0,0.0,0.0,0.0,0.0,0.0,2.0,2.0,0.0,0.0,0.0,0.0,0.0,
FRA-Ligue 1,1718,2017-12-09 Toulouse-Caen,Toulouse,Alban Lafont,True,Goalkeeper,,start,end,1.0,0.0,1.0,0.0,0.0,0.0,0.0,0.0,2.0,0.0,0.0,0.0,0.0,0.0,
FRA-Ligue 1,1718,2017-12-10 Marseille-Saint-Étienne,Marseille,Steve Mandanda,True,Goalkeeper,,start,end,1.0,0.0,0.0,0.0,0.0,0.0,0.0,0.0,1.0,0.0,0.0,0.0,0.0,0.0,
FRA-Ligue 1,1718,2017-12-10 Marseille-Saint-Étienne,Saint-Étienne,Stéphane Ruffier,False,Goalkeeper,,start,end,1.0,0.0,0.0,0.0,0.0,0.0,0.0,3.0,4.0,0.0,0.0,0.0,0.0,0.0,
FRA-Ligue 1,1718,2017-12-10 Nantes-Nice,Nantes,Ciprian Tatarusanu,True,Goalkeeper,,start,end,1.0,0.0,0.0,0.0,0.0,0.0,0.0,2.0,3.0,0.0,0.0,0.0,0.0,0.0,
FRA-Ligue 1,1718,2017-12-10 Nantes-Nice,Nice,Walter Benítez,False,Goalkeeper,,start,end,1.0,0.0,0.0,0.0,0.0,0.0,0.0,1.0,3.0,0.0,0.0,0.0,0.0,0.0,
FRA-Ligue 1,1718,2017-12-10 SC Amiens-Lyon,Lyon,Anthony Lopes,False,Goalkeeper,,start,end,1.0,0.0,0.0,0.0,0.0,0.0,0.0,1.0,5.0,0.0,0.0,0.0,0.0,0.0,
FRA-Ligue 1,1718,2017-12-10 SC Amiens-Lyon,SC Amiens,Régis Gurtner,True,Goalkeeper,,start,end,1.0,0.0,0.0,0.0,0.0,0.0,0.0,2.0,1.0,0.0,0.0,0.0,0.0,0.0,
FRA-Ligue 1,1718,2017-12-15 Saint-Étienne-AS Monaco,AS Monaco,Danijel Subasic,False,Goalkeeper,,start,end,1.0,0.0,0.0,0.0,0.0,0.0,0.0,0.0,3.0,0.0,0.0,0.0,0.0,0.0,
FRA-Ligue 1,1718,2017-12-15 Saint-Étienne-AS Monaco,Saint-Étienne,Stéphane Ruffier,True,Goalkeeper,,start,end,1.0,0.0,0.0,0.0,1.0,0.0,0.0,3.0,3.0,0.0,0.0,0.0,0.0,0.0,
FRA-Ligue 1,1718,2017-12-16 Caen-Guingamp,Caen,Rémy Vercoutre,True,Goalkeeper,,start,end,1.0,0.0,0.0,0.0,0.0,0.0,0.0,0.0,5.0,0.0,0.0,0.0,0.0,0.0,
FRA-Ligue 1,1718,2017-12-16 Caen-Guingamp,Guingamp,Karl-Johan Johnsson,False,Goalkeeper,,start,end,1.0,0.0,0.0,0.0,0.0,0.0,0.0,0.0,2.0,0.0,0.0,0.0,0.0,0.0,
FRA-Ligue 1,1718,2017-12-16 Dijon FCO-Lille,Dijon FCO,Baptiste Reynet,True,Goalkeeper,,start,end,1.0,0.0,0.0,0.0,0.0,0.0,0.0,0.0,5.0,0.0,0.0,0.0,0.0,0.0,
FRA-Ligue 1,1718,2017-12-16 Dijon FCO-Lille,Lille,Mike Maignan,False,Goalkeeper,,start,end,1.0,0.0,0.0,0.0,0.0,0.0,0.0,3.0,6.0,0.0,0.0,0.0,0.0,0.0,
FRA-Ligue 1,1718,2017-12-16 Montpellier-Metz,Metz,Eiji Kawashima,False,Goalkeeper,,start,end,1.0,0.0,0.0,0.0,0.0,0.0,0.0,1.0,2.0,0.0,0.0,0.0,0.0,0.0,
FRA-Ligue 1,1718,2017-12-16 Montpellier-Metz,Montpellier,Benjamin Lecomte,True,Goalkeeper,,start,end,1.0,0.0,0.0,0.0,0.0,0.0,0.0,3.0,1.0,0.0,0.0,0.0,0.0,0.0,
FRA-Ligue 1,1718,2017-12-16 Stade Rennais-Paris Saint-Germain,Paris Saint-Germain,Alphonse Areola,False,Goalkeeper,,start,end,1.0,0.0,0.0,0.0,0.0,0.0,0.0,1.0,1.0,0.0,0.0,0.0,0.0,0.0,
FRA-Ligue 1,1718,2017-12-16 Stade Rennais-Paris Saint-Germain,Stade Rennais,Tomas Koubek,True,Goalkeeper,,start,end,1.0,0.0,0.0,0.0,0.0,0.0,0.0,4.0,5.0,0.0,0.0,0.0,0.0,0.0,
FRA-Ligue 1,1718,2017-12-16 Strasbourg-Toulouse,Strasbourg,Landry Bonnefoi,True,Goalkeeper,,start,end,1.0,0.0,0.0,0.0,0.0,0.0,0.0,1.0,2.0,0.0,0.0,0.0,0.0,0.0,
FRA-Ligue 1,1718,2017-12-16 Strasbourg-Toulouse,Toulouse,Alban Lafont,False,Goalkeeper,,start,end,1.0,0.0,0.0,0.0,0.0,0.0,0.0,2.0,3.0,0.0,0.0,0.0,0.0,0.0,
FRA-Ligue 1,1718,2017-12-16 Troyes-SC Amiens,SC Amiens,Régis Gurtner,False,Goalkeeper,,start,end,1.0,0.0,0.0,0.0,0.0,0.0,0.0,1.0,6.0,0.0,0.0,0.0,0.0,0.0,
FRA-Ligue 1,1718,2017-12-16 Troyes-SC Amiens,Troyes,Mamadou Samassa,True,Goalkeeper,,start,end,1.0,0.0,0.0,0.0,0.0,0.0,0.0,0.0,3.0,0.0,0.0,0.0,0.0,0.0,
FRA-Ligue 1,1718,2017-12-17 Lyon-Marseille,Lyon,Anthony Lopes,True,Goalkeeper,,start,end,1.0,0.0,0.0,0.0,0.0,0.0,0.0,0.0,6.0,0.0,0.0,0.0,0.0,0.0,
FRA-Ligue 1,1718,2017-12-17 Lyon-Marseille,Marseille,Steve Mandanda,False,Goalkeeper,,start,end,1.0,0.0,0.0,0.0,0.0,0.0,0.0,2.0,3.0,0.0,0.0,0.0,0.0,0.0,
FRA-Ligue 1,1718,2017-12-17 Nantes-Angers,Angers,Alexandre Letellier,False,Goalkeeper,,start,end,1.0,0.0,0.0,0.0,0.0,0.0,0.0,1.0,2.0,0.0,0.0,0.0,0.0,0.0,
FRA-Ligue 1,1718,2017-12-17 Nantes-Angers,Nantes,Ciprian Tatarusanu,True,Goalkeeper,,start,end,1.0,0.0,0.0,0.0,0.0,0.0,0.0,0.0,0.0,0.0,0.0,0.0,0.0,0.0,
FRA-Ligue 1,1718,2017-12-17 Nice-Bordeaux,Bordeaux,Jérôme Prior,False,Goalkeeper,,start,end,1.0,0.0,0.0,0.0,0.0,0.0,0.0,1.0,2.0,0.0,0.0,0.0,0.0,0.0,
FRA-Ligue 1,1718,2017-12-17 Nice-Bordeaux,Nice,Walter Benítez,True,Goalkeeper,,start,end,1.0,0.0,0.0,0.0,0.0,0.0,0.0,0.0,0.0,0.0,0.0,0.0,0.0,0.0,
FRA-Ligue 1,1718,2017-12-20 AS Monaco-Stade Rennais,AS Monaco,Danijel Subasic,True,Goalkeeper,,start,end,1.0,0.0,1.0,0.0,0.0,0.0,0.0,1.0,1.0,0.0,0.0,0.0,0.0,0.0,
FRA-Ligue 1,1718,2017-12-20 AS Monaco-Stade Rennais,Stade Rennais,Tomas Koubek,False,Goalkeeper,,start,end,1.0,0.0,0.0,0.0,0.0,0.0,0.0,2.0,2.0,0.0,0.0,0.0,0.0,0.0,
FRA-Ligue 1,1718,2017-12-20 Angers-Dijon FCO,Angers,Alexandre Letellier,True,Goalkeeper,,start,end,1.0,0.0,0.0,0.0,0.0,0.0,0.0,1.0,2.0,0.0,0.0,0.0,0.0,0.0,
FRA-Ligue 1,1718,2017-12-20 Angers-Dijon FCO,Dijon FCO,Baptiste Reynet,False,Goalkeeper,,start,end,1.0,0.0,0.0,0.0,0.0,0.0,0.0,2.0,9.0,0.0,0.0,0.0,0.0,0.0,
FRA-Ligue 1,1718,2017-12-20 Bordeaux-Montpellier,Bordeaux,Jérôme Prior,True,Goalkeeper,,start,end,1.0,0.0,0.0,0.0,0.0,0.0,0.0,2.0,4.0,0.0,0.0,0.0,0.0,0.0,
FRA-Ligue 1,1718,2017-12-20 Bordeaux-Montpellier,Montpellier,Benjamin Lecomte,False,Goalkeeper,,start,end,1.0,0.0,0.0,0.0,0.0,0.0,0.0,0.0,1.0,0.0,0.0,0.0,0.0,0.0,
FRA-Ligue 1,1718,2017-12-20 Guingamp-Saint-Étienne,Guingamp,Karl-Johan Johnsson,True,Goalkeeper,,start,end,1.0,0.0,0.0,0.0,0.0,0.0,0.0,1.0,2.0,0.0,0.0,0.0,0.0,0.0,
FRA-Ligue 1,1718,2017-12-20 Guingamp-Saint-Étienne,Saint-Étienne,Jessy Moulin,False,Goalkeeper,,start,end,1.0,0.0,1.0,0.0,0.0,0.0,0.0,2.0,5.0,0.0,0.0,0.0,0.0,0.0,
FRA-Ligue 1,1718,2017-12-20 Lille-Nice,Lille,Mike Maignan,True,Goalkeeper,,start,end,1.0,0.0,0.0,0.0,0.0,0.0,0.0,1.0,2.0,0.0,0.0,0.0,0.0,0.0,
FRA-Ligue 1,1718,2017-12-20 Lille-Nice,Nice,Walter Benítez,False,Goalkeeper,,start,end,1.0,0.0,0.0,0.0,0.0,0.0,0.0,1.0,1.0,0.0,0.0,0.0,0.0,0.0,
FRA-Ligue 1,1718,2017-12-20 Marseille-Troyes,Marseille,Steve Mandanda,True,Goalkeeper,,start,end,1.0,0.0,0.0,0.0,0.0,0.0,0.0,1.0,2.0,0.0,0.0,0.0,0.0,0.0,
FRA-Ligue 1,1718,2017-12-20 Marseille-Troyes,Troyes,Mamadou Samassa,False,Goalkeeper,,start,end,1.0,0.0,0.0,0.0,0.0,0.0,0.0,3.0,5.0,0.0,0.0,0.0,0.0,0.0,
FRA-Ligue 1,1718,2017-12-20 Metz-Strasbourg,Metz,Eiji Kawashima,True,Goalkeeper,,start,end,1.0,0.0,0.0,0.0,0.0,0.0,0.0,0.0,2.0,0.0,0.0,0.0,0.0,0.0,
FRA-Ligue 1,1718,2017-12-20 Metz-Strasbourg,Strasbourg,Landry Bonnefoi,False,Goalkeeper,,start,end,1.0,0.0,0.0,0.0,0.0,0.0,0.0,3.0,6.0,0.0,0.0,0.0,0.0,0.0,
FRA-Ligue 1,1718,2017-12-20 Paris Saint-Germain-Caen,Caen,Rémy Vercoutre,False,Goalkeeper,,start,end,1.0,0.0,0.0,0.0,0.0,0.0,0.0,3.0,4.0,0.0,0.0,0.0,0.0,0.0,
FRA-Ligue 1,1718,2017-12-20 Paris Saint-Germain-Caen,Paris Saint-Germain,Kevin Trapp,True,Goalkeeper,,start,end,1.0,0.0,0.0,0.0,0.0,0.0,0.0,1.0,3.0,0.0,0.0,0.0,0.0,0.0,
FRA-Ligue 1,1718,2017-12-20 SC Amiens-Nantes,Nantes,Ciprian Tatarusanu,False,Goalkeeper,,start,end,1.0,0.0,0.0,0.0,0.0,0.0,0.0,0.0,5.0,0.0,0.0,0.0,0.0,0.0,
FRA-Ligue 1,1718,2017-12-20 SC Amiens-Nantes,SC Amiens,Régis Gurtner,True,Goalkeeper,,start,end,1.0,0.0,0.0,0.0,0.0,0.0,0.0,1.0,4.0,0.0,0.0,0.0,0.0,0.0,
FRA-Ligue 1,1718,2017-12-20 Toulouse-Lyon,Lyon,Anthony Lopes,False,Goalkeeper,,start,end,1.0,0.0,0.0,0.0,0.0,0.0,0.0,1.0,4.0,0.0,0.0,0.0,0.0,0.0,
FRA-Ligue 1,1718,2017-12-20 Toulouse-Lyon,Toulouse,Alban Lafont,True,Goalkeeper,,start,end,1.0,1.0,0.0,0.0,0.0,0.0,1.0,2.0,8.0,0.0,0.0,0.0,0.0,0.0,
FRA-Ligue 1,1718,2018-01-12 Strasbourg-Guingamp,Guingamp,Karl-Johan Johnsson,False,Goalkeeper,,start,end,1.0,0.0,0.0,0.0,0.0,0.0,0.0,0.0,3.0,0.0,0.0,0.0,0.0,0.0,
FRA-Ligue 1,1718,2018-01-12 Strasbourg-Guingamp,Strasbourg,Alexandre Oukidja,True,Goalkeeper,,start,end,1.0,0.0,0.0,0.0,0.0,0.0,0.0,2.0,3.0,0.0,0.0,0.0,0.0,0.0,
FRA-Ligue 1,1718,2018-01-13 Caen-Lille,Caen,Rémy Vercoutre,True,Goalkeeper,,start,end,1.0,0.0,0.0,0.0,1.0,0.0,0.0,1.0,0.0,0.0,0.0,0.0,0.0,0.0,
FRA-Ligue 1,1718,2018-01-13 Caen-Lille,Lille,Mike Maignan,False,Goalkeeper,,start,end,1.0,0.0,0.0,0.0,0.0,0.0,0.0,0.0,6.0,0.0,0.0,0.0,0.0,0.0,
FRA-Ligue 1,1718,2018-01-13 Dijon FCO-Metz,Dijon FCO,Baptiste Reynet,True,Goalkeeper,,start,end,1.0,0.0,0.0,0.0,0.0,0.0,0.0,1.0,5.0,0.0,0.0,0.0,0.0,0.0,
FRA-Ligue 1,1718,2018-01-13 Dijon FCO-Metz,Metz,Eiji Kawashima,False,Goalkeeper,,start,end,1.0,0.0,0.0,0.0,0.0,0.0,0.0,1.0,6.0,0.0,0.0,0.0,0.0,0.0,
FRA-Ligue 1,1718,2018-01-13 Montpellier-AS Monaco,AS Monaco,Danijel Subasic,False,Goalkeeper,,start,end,1.0,0.0,1.0,0.0,0.0,0.0,0.0,0.0,4.0,0.0,0.0,0.0,0.0,0.0,
FRA-Ligue 1,1718,2018-01-13 Montpellier-AS Monaco,Montpellier,Benjamin Lecomte,True,Goalkeeper,,start,end,1.0,0.0,0.0,0.0,0.0,0.0,0.0,0.0,6.0,0.0,0.0,0.0,0.0,0.0,
FRA-Ligue 1,1718,2018-01-13 Nice-SC Amiens,Nice,Walter Benítez,True,Goalkeeper,,start,end,1.0,0.0,0.0,0.0,0.0,0.0,0.0,0.0,3.0,0.0,0.0,0.0,0.0,0.0,
FRA-Ligue 1,1718,2018-01-13 Nice-SC Amiens,SC Amiens,Jean-Christophe Bouet,False,Goalkeeper,,start,end,1.0,0.0,1.0,0.0,0.0,0.0,0.0,1.0,6.0,0.0,0.0,0.0,0.0,0.0,
FRA-Ligue 1,1718,2018-01-13 Stade Rennais-Marseille,Marseille,Steve Mandanda,False,Goalkeeper,,start,end,1.0,0.0,0.0,0.0,0.0,0.0,0.0,0.0,2.0,0.0,0.0,0.0,0.0,0.0,
FRA-Ligue 1,1718,2018-01-13 Stade Rennais-Marseille,Stade Rennais,Tomas Koubek,True,Goalkeeper,,start,end,1.0,0.0,0.0,0.0,0.0,0.0,0.0,3.0,2.0,0.0,0.0,0.0,0.0,0.0,
FRA-Ligue 1,1718,2018-01-13 Troyes-Bordeaux,Bordeaux,Benoit Costil,False,Goalkeeper,,start,end,1.0,0.0,0.0,0.0,0.0,0.0,0.0,0.0,3.0,0.0,0.0,0.0,0.0,0.0,
FRA-Ligue 1,1718,2018-01-13 Troyes-Bordeaux,Troyes,Mamadou Samassa,True,Goalkeeper,,start,end,1.0,0.0,0.0,0.0,0.0,0.0,0.0,1.0,3.0,0.0,0.0,0.0,0.0,0.0,
FRA-Ligue 1,1718,2018-01-14 Lyon-Angers,Angers,Ludovic Butelle,False,Goalkeeper,,start,end,1.0,0.0,0.0,0.0,0.0,0.0,0.0,1.0,6.0,0.0,0.0,0.0,0.0,0.0,
FRA-Ligue 1,1718,2018-01-14 Lyon-Angers,Lyon,Anthony Lopes,True,Goalkeeper,,start,end,1.0,0.0,0.0,0.0,0.0,0.0,0.0,1.0,1.0,0.0,0.0,0.0,0.0,0.0,
FRA-Ligue 1,1718,2018-01-14 Nantes-Paris Saint-Germain,Nantes,Ciprian Tatarusanu,True,Goalkeeper,1,start,end,1.0,0.0,0.0,0.0,0.0,0.0,0.0,1.0,2.0,0.0,0.0,0.0,0.0,0.0,
FRA-Ligue 1,1718,2018-01-14 Nantes-Paris Saint-Germain,Paris Saint-Germain,Alphonse Areola,False,Goalkeeper,1,start,end,1.0,0.0,0.0,0.0,0.0,0.0,0.0,0.0,3.0,0.0,0.0,0.0,0.0,0.0,
FRA-Ligue 1,1718,2018-01-14 Saint-Étienne-Toulouse,Saint-Étienne,Jessy Moulin,True,Goalkeeper,,start,end,1.0,0.0,0.0,0.0,0.0,0.0,0.0,0.0,8.0,0.0,0.0,0.0,0.0,0.0,
FRA-Ligue 1,1718,2018-01-14 Saint-Étienne-Toulouse,Toulouse,Alban Lafont,False,Goalkeeper,,start,end,1.0,0.0,0.0,0.0,0.0,0.0,0.0,2.0,3.0,0.0,0.0,0.0,0.0,0.0,
FRA-Ligue 1,1718,2018-01-16 AS Monaco-Nice,AS Monaco,Danijel Subasic,True,Goalkeeper,,start,end,1.0,0.0,0.0,0.0,0.0,0.0,0.0,2.0,3.0,0.0,0.0,0.0,0.0,0.0,
FRA-Ligue 1,1718,2018-01-16 AS Monaco-Nice,Nice,Walter Benítez,False,Goalkeeper,,start,end,1.0,0.0,0.0,0.0,0.0,0.0,0.0,2.0,1.0,0.0,0.0,0.0,0.0,0.0,
FRA-Ligue 1,1718,2018-01-16 Bordeaux-Caen,Bordeaux,Benoit Costil,True,Goalkeeper,,start,end,1.0,0.0,0.0,0.0,0.0,0.0,0.0,2.0,1.0,0.0,0.0,0.0,0.0,0.0,
FRA-Ligue 1,1718,2018-01-16 Bordeaux-Caen,Caen,Brice Samba,False,Goalkeeper,,start,end,1.0,0.0,0.0,0.0,0.0,0.0,0.0,0.0,5.0,0.0,0.0,0.0,0.0,0.0,
FRA-Ligue 1,1718,2018-01-16 Marseille-Strasbourg,Marseille,Steve Mandanda,True,Goalkeeper,,start,end,1.0,0.0,0.0,0.0,0.0,0.0,0.0,0.0,2.0,0.0,0.0,0.0,0.0,0.0,
FRA-Ligue 1,1718,2018-01-16 Marseille-Strasbourg,Strasbourg,Alexandre Oukidja,False,Goalkeeper,,start,89,1.0,0.0,0.0,0.0,0.0,0.0,0.0,2.0,5.0,0.0,0.0,0.0,0.0,0.0,
FRA-Ligue 1,1718,2018-01-17 Angers-Troyes,Angers,Ludovic Butelle,True,Goalkeeper,,start,end,1.0,0.0,0.0,0.0,0.0,0.0,0.0,1.0,2.0,0.0,0.0,0.0,0.0,0.0,
FRA-Ligue 1,1718,2018-01-17 Angers-Troyes,Troyes,Mamadou Samassa,False,Goalkeeper,,start,end,1.0,0.0,0.0,0.0,0.0,0.0,0.0,3.0,2.0,0.0,0.0,0.0,0.0,0.0,
FRA-Ligue 1,1718,2018-01-17 Guingamp-Lyon,Guingamp,Karl-Johan Johnsson,True,Goalkeeper,,start,end,1.0,0.0,0.0,0.0,0.0,0.0,0.0,2.0,10.0,0.0,0.0,0.0,0.0,0.0,
FRA-Ligue 1,1718,2018-01-17 Guingamp-Lyon,Lyon,Anthony Lopes,False,Goalkeeper,,start,end,1.0,0.0,1.0,0.0,0.0,0.0,0.0,0.0,3.0,0.0,0.0,0.0,0.0,0.0,
FRA-Ligue 1,1718,2018-01-17 Lille-Stade Rennais,Lille,Mike Maignan,True,Goalkeeper,,start,end,1.0,0.0,0.0,0.0,0.0,0.0,0.0,2.0,10.0,0.0,0.0,0.0,0.0,0.0,
FRA-Ligue 1,1718,2018-01-17 Lille-Stade Rennais,Stade Rennais,Tomas Koubek,False,Goalkeeper,,start,end,1.0,0.0,0.0,0.0,0.0,0.0,0.0,1.0,2.0,0.0,0.0,0.0,0.0,0.0,
FRA-Ligue 1,1718,2018-01-17 Metz-Saint-Étienne,Metz,Eiji Kawashima,True,Goalkeeper,,start,end,1.0,0.0,0.0,0.0,0.0,0.0,0.0,0.0,4.0,0.0,0.0,0.0,0.0,0.0,
FRA-Ligue 1,1718,2018-01-17 Metz-Saint-Étienne,Saint-Étienne,Jessy Moulin,False,Goalkeeper,,start,end,1.0,1.0,1.0,0.0,0.0,0.0,1.0,3.0,8.0,0.0,0.0,0.0,0.0,0.0,
FRA-Ligue 1,1718,2018-01-17 Paris Saint-Germain-Dijon FCO,Dijon FCO,Baptiste Reynet,False,Goalkeeper,,start,end,1.0,0.0,0.0,0.0,0.0,0.0,0.0,8.0,6.0,0.0,0.0,0.0,0.0,0.0,
FRA-Ligue 1,1718,2018-01-17 Paris Saint-Germain-Dijon FCO,Paris Saint-Germain,Alphonse Areola,True,Goalkeeper,,start,end,1.0,0.0,0.0,0.0,0.0,0.0,0.0,0.0,1.0,0.0,0.0,0.0,0.0,0.0,
FRA-Ligue 1,1718,2018-01-17 SC Amiens-Montpellier,Montpellier,Benjamin Lecomte,False,Goalkeeper,,start,end,1.0,0.0,0.0,0.0,0.0,0.0,0.0,1.0,2.0,0.0,0.0,0.0,0.0,0.0,
FRA-Ligue 1,1718,2018-01-17 SC Amiens-Montpellier,SC Amiens,Régis Gurtner,True,Goalkeeper,,start,end,1.0,0.0,0.0,0.0,0.0,0.0,0.0,1.0,4.0,0.0,0.0,0.0,0.0,0.0,
FRA-Ligue 1,1718,2018-01-17 Toulouse-Nantes,Nantes,Ciprian Tatarusanu,False,Goalkeeper,,start,end,1.0,1.0,0.0,0.0,0.0,0.0,0.0,1.0,2.0,0.0,0.0,0.0,0.0,0.0,
FRA-Ligue 1,1718,2018-01-17 Toulouse-Nantes,Toulouse,Alban Lafont,True,Goalkeeper,,start,end,1.0,0.0,0.0,0.0,0.0,0.0,0.0,1.0,1.0,0.0,0.0,0.0,0.0,0.0,
FRA-Ligue 1,1718,2018-01-19 Caen-Marseille,Caen,Rémy Vercoutre,True,Goalkeeper,,start,end,1.0,0.0,0.0,0.0,0.0,0.0,0.0,2.0,2.0,0.0,0.0,0.0,0.0,0.0,
FRA-Ligue 1,1718,2018-01-19 Caen-Marseille,Marseille,Steve Mandanda,False,Goalkeeper,,start,end,1.0,0.0,0.0,0.0,0.0,0.0,0.0,0.0,2.0,0.0,0.0,0.0,0.0,0.0,
FRA-Ligue 1,1718,2018-01-20 Montpellier-Toulouse,Montpellier,Benjamin Lecomte,True,Goalkeeper,,start,end,1.0,0.0,0.0,0.0,0.0,0.0,0.0,1.0,2.0,0.0,0.0,0.0,0.0,0.0,
FRA-Ligue 1,1718,2018-01-20 Montpellier-Toulouse,Toulouse,Alban Lafont,False,Goalkeeper,,start,end,1.0,0.0,0.0,0.0,0.0,0.0,1.0,2.0,3.0,0.0,0.0,0.0,0.0,0.0,
FRA-Ligue 1,1718,2018-01-20 Nantes-Bordeaux,Bordeaux,Benoit Costil,False,Goalkeeper,,start,end,1.0,0.0,0.0,0.0,0.0,0.0,0.0,0.0,4.0,0.0,0.0,0.0,0.0,0.0,
FRA-Ligue 1,1718,2018-01-20 Nantes-Bordeaux,Nantes,Ciprian Tatarusanu,True,Goalkeeper,,start,end,1.0,0.0,0.0,0.0,0.0,0.0,0.0,1.0,2.0,0.0,0.0,0.0,0.0,0.0,
FRA-Ligue 1,1718,2018-01-20 SC Amiens-Guingamp,Guingamp,Karl-Johan Johnsson,False,Goalkeeper,,start,end,1.0,0.0,0.0,0.0,0.0,0.0,0.0,3.0,3.0,0.0,0.0,0.0,0.0,0.0,
FRA-Ligue 1,1718,2018-01-20 SC Amiens-Guingamp,SC Amiens,Régis Gurtner,True,Goalkeeper,,start,end,1.0,0.0,0.0,0.0,0.0,0.0,0.0,1.0,0.0,0.0,0.0,0.0,0.0,0.0,
FRA-Ligue 1,1718,2018-01-20 Stade Rennais-Angers,Angers,Ludovic Butelle,False,Goalkeeper,,start,33,1.0,0.0,0.0,0.0,0.0,0.0,0.0,0.0,0.0,0.0,0.0,0.0,0.0,0.0,
FRA-Ligue 1,1718,2018-01-20 Stade Rennais-Angers,Stade Rennais,Tomas Koubek,True,Goalkeeper,,start,end,1.0,0.0,0.0,0.0,0.0,0.0,0.0,0.0,3.0,0.0,0.0,0.0,0.0,0.0,
FRA-Ligue 1,1718,2018-01-20 Strasbourg-Dijon FCO,Dijon FCO,Baptiste Reynet,False,Goalkeeper,,start,end,1.0,0.0,1.0,0.0,0.0,0.0,1.0,3.0,5.0,0.0,0.0,0.0,0.0,0.0,
FRA-Ligue 1,1718,2018-01-20 Strasbourg-Dijon FCO,Strasbourg,Landry Bonnefoi,True,Goalkeeper,,start,end,1.0,0.0,0.0,0.0,0.0,0.0,0.0,2.0,3.0,0.0,0.0,0.0,0.0,0.0,
FRA-Ligue 1,1718,2018-01-20 Troyes-Lille,Lille,Mike Maignan,False,Goalkeeper,,start,end,1.0,0.0,2.0,0.0,0.0,0.0,0.0,1.0,1.0,0.0,0.0,0.0,0.0,0.0,
FRA-Ligue 1,1718,2018-01-20 Troyes-Lille,Troyes,Edwin Zelazny,True,Goalkeeper,,start,end,1.0,0.0,0.0,0.0,0.0,0.0,0.0,0.0,1.0,0.0,0.0,0.0,0.0,0.0,
FRA-Ligue 1,1718,2018-01-21 AS Monaco-Metz,AS Monaco,Danijel Subasic,True,Goalkeeper,,start,end,1.0,0.0,0.0,0.0,0.0,0.0,0.0,1.0,1.0,0.0,0.0,0.0,0.0,0.0,
FRA-Ligue 1,1718,2018-01-21 AS Monaco-Metz,Metz,Eiji Kawashima,False,Goalkeeper,,start,end,1.0,1.0,0.0,0.0,1.0,0.0,0.0,1.0,1.0,0.0,0.0,0.0,0.0,0.0,
FRA-Ligue 1,1718,2018-01-21 Lyon-Paris Saint-Germain,Lyon,Anthony Lopes,True,Goalkeeper,,start,end,1.0,0.0,0.0,0.0,0.0,0.0,0.0,1.0,3.0,0.0,0.0,0.0,0.0,0.0,
FRA-Ligue 1,1718,2018-01-21 Lyon-Paris Saint-Germain,Paris Saint-Germain,Alphonse Areola,False,Goalkeeper,,start,end,1.0,0.0,0.0,0.0,0.0,0.0,0.0,2.0,4.0,0.0,0.0,0.0,0.0,0.0,
FRA-Ligue 1,1718,2018-01-21 Nice-Saint-Étienne,Nice,Walter Benítez,True,Goalkeeper,,start,end,1.0,0.0,0.0,0.0,0.0,0.0,0.0,0.0,2.0,0.0,0.0,0.0,0.0,0.0,
FRA-Ligue 1,1718,2018-01-21 Nice-Saint-Étienne,Saint-Étienne,Stéphane Ruffier,False,Goalkeeper,,start,end,1.0,0.0,0.0,0.0,0.0,0.0,0.0,1.0,1.0,0.0,0.0,0.0,0.0,0.0,
FRA-Ligue 1,1718,2018-01-26 Dijon FCO-Stade Rennais,Dijon FCO,Baptiste Reynet,True,Goalkeeper,,start,end,1.0,0.0,0.0,0.0,0.0,0.0,0.0,1.0,3.0,0.0,0.0,0.0,0.0,0.0,
FRA-Ligue 1,1718,2018-01-26 Dijon FCO-Stade Rennais,Stade Rennais,Tomas Koubek,False,Goalkeeper,,start,end,1.0,0.0,0.0,0.0,0.0,0.0,0.0,2.0,2.0,0.0,0.0,0.0,0.0,0.0,
FRA-Ligue 1,1718,2018-01-27 Angers-SC Amiens,Angers,Ludovic Butelle,True,Goalkeeper,,start,end,1.0,0.0,0.0,0.0,0.0,0.0,0.0,0.0,0.0,0.0,0.0,0.0,0.0,0.0,
FRA-Ligue 1,1718,2018-01-27 Angers-SC Amiens,SC Amiens,Régis Gurtner,False,Goalkeeper,,start,end,1.0,0.0,0.0,0.0,0.0,0.0,0.0,1.0,6.0,0.0,0.0,0.0,0.0,0.0,
FRA-Ligue 1,1718,2018-01-27 Guingamp-Nantes,Guingamp,Karl-Johan Johnsson,True,Goalkeeper,,start,end,1.0,0.0,0.0,0.0,0.0,0.0,0.0,3.0,2.0,0.0,0.0,0.0,0.0,0.0,
FRA-Ligue 1,1718,2018-01-27 Guingamp-Nantes,Nantes,Ciprian Tatarusanu,False,Goalkeeper,,start,end,1.0,0.0,0.0,0.0,0.0,0.0,0.0,0.0,0.0,0.0,0.0,0.0,0.0,0.0,
FRA-Ligue 1,1718,2018-01-27 Metz-Nice,Metz,Eiji Kawashima,True,Goalkeeper,,start,end,1.0,0.0,0.0,0.0,0.0,0.0,0.0,1.0,4.0,0.0,0.0,0.0,0.0,0.0,
FRA-Ligue 1,1718,2018-01-27 Metz-Nice,Nice,Walter Benítez,False,Goalkeeper,,start,end,1.0,0.0,0.0,0.0,0.0,0.0,0.0,2.0,3.0,0.0,0.0,0.0,0.0,0.0,
FRA-Ligue 1,1718,2018-01-27 Paris Saint-Germain-Montpellier,Montpellier,Benjamin Lecomte,False,Goalkeeper,,start,end,1.0,0.0,0.0,0.0,0.0,0.0,0.0,4.0,3.0,0.0,0.0,0.0,0.0,0.0,
FRA-Ligue 1,1718,2018-01-27 Paris Saint-Germain-Montpellier,Paris Saint-Germain,Alphonse Areola,True,Goalkeeper,,start,end,1.0,0.0,0.0,0.0,0.0,0.0,0.0,0.0,3.0,0.0,0.0,0.0,0.0,0.0,
FRA-Ligue 1,1718,2018-01-27 Saint-Étienne-Caen,Caen,Rémy Vercoutre,False,Goalkeeper,,start,end,1.0,0.0,0.0,0.0,0.0,0.0,0.0,2.0,2.0,0.0,0.0,0.0,0.0,0.0,
FRA-Ligue 1,1718,2018-01-27 Saint-Étienne-Caen,Saint-Étienne,Stéphane Ruffier,True,Goalkeeper,,start,end,1.0,0.0,0.0,0.0,0.0,0.0,0.0,1.0,2.0,0.0,0.0,0.0,0.0,0.0,
FRA-Ligue 1,1718,2018-01-27 Toulouse-Troyes,Toulouse,Alban Lafont,True,Goalkeeper,,start,end,1.0,0.0,0.0,0.0,0.0,0.0,0.0,0.0,0.0,0.0,0.0,0.0,0.0,0.0,
FRA-Ligue 1,1718,2018-01-27 Toulouse-Troyes,Troyes,Edwin Zelazny,False,Goalkeeper,,start,end,1.0,0.0,1.0,0.0,0.0,0.0,0.0,1.0,6.0,0.0,0.0,0.0,0.0,0.0,
FRA-Ligue 1,1718,2018-01-28 Bordeaux-Lyon,Bordeaux,Benoit Costil,True,Goalkeeper,,start,end,1.0,0.0,0.0,0.0,0.0,0.0,0.0,1.0,3.0,0.0,0.0,0.0,0.0,0.0,
FRA-Ligue 1,1718,2018-01-28 Bordeaux-Lyon,Lyon,Anthony Lopes,False,Goalkeeper,,start,end,1.0,1.0,0.0,0.0,0.0,0.0,0.0,3.0,1.0,0.0,0.0,0.0,0.0,0.0,
FRA-Ligue 1,1718,2018-01-28 Lille-Strasbourg,Lille,Mike Maignan,True,Goalkeeper,,start,end,1.0,0.0,0.0,0.0,0.0,0.0,0.0,1.0,1.0,0.0,0.0,0.0,0.0,0.0,
FRA-Ligue 1,1718,2018-01-28 Lille-Strasbourg,Strasbourg,Bingourou Kamara,False,Goalkeeper,,start,end,1.0,0.0,0.0,0.0,0.0,0.0,0.0,2.0,3.0,0.0,0.0,0.0,0.0,0.0,
FRA-Ligue 1,1718,2018-01-28 Marseille-AS Monaco,AS Monaco,Danijel Subasic,False,Goalkeeper,,start,end,1.0,0.0,1.0,0.0,0.0,0.0,0.0,2.0,4.0,0.0,0.0,0.0,0.0,0.0,
FRA-Ligue 1,1718,2018-01-28 Marseille-AS Monaco,Marseille,Steve Mandanda,True,Goalkeeper,,start,end,1.0,0.0,0.0,0.0,0.0,0.0,0.0,2.0,1.0,0.0,0.0,0.0,0.0,0.0,
FRA-Ligue 1,1718,2018-02-02 Marseille-Metz,Marseille,Steve Mandanda,True,Goalkeeper,,start,end,1.0,0.0,0.0,0.0,0.0,0.0,0.0,3.0,5.0,0.0,0.0,0.0,0.0,0.0,
FRA-Ligue 1,1718,2018-02-02 Marseille-Metz,Metz,Eiji Kawashima,False,Goalkeeper,,start,end,1.0,0.0,0.0,0.0,0.0,0.0,0.0,6.0,3.0,0.0,0.0,0.0,0.0,0.0,
FRA-Ligue 1,1718,2018-02-03 Lille-Paris Saint-Germain,Lille,Mike Maignan,True,Goalkeeper,,start,end,1.0,0.0,0.0,0.0,0.0,0.0,0.0,3.0,6.0,0.0,0.0,0.0,0.0,0.0,
FRA-Ligue 1,1718,2018-02-03 Lille-Paris Saint-Germain,Paris Saint-Germain,Alphonse Areola,False,Goalkeeper,,start,end,1.0,0.0,0.0,0.0,0.0,0.0,0.0,0.0,3.0,0.0,0.0,0.0,0.0,0.0,
FRA-Ligue 1,1718,2018-02-03 Montpellier-Angers,Angers,Ludovic Butelle,False,Goalkeeper,,start,end,1.0,0.0,0.0,0.0,0.0,0.0,0.0,2.0,1.0,0.0,0.0,0.0,0.0,0.0,
FRA-Ligue 1,1718,2018-02-03 Montpellier-Angers,Montpellier,Benjamin Lecomte,True,Goalkeeper,,start,end,1.0,1.0,0.0,0.0,0.0,0.0,0.0,1.0,1.0,0.0,0.0,0.0,0.0,0.0,
FRA-Ligue 1,1718,2018-02-03 Nice-Toulouse,Nice,Walter Benítez,True,Goalkeeper,,start,end,1.0,0.0,0.0,0.0,0.0,0.0,0.0,1.0,0.0,0.0,0.0,0.0,0.0,0.0,
FRA-Ligue 1,1718,2018-02-03 Nice-Toulouse,Toulouse,Alban Lafont,False,Goalkeeper,,start,end,1.0,0.0,1.0,0.0,0.0,0.0,0.0,0.0,2.0,0.0,0.0,0.0,0.0,0.0,
FRA-Ligue 1,1718,2018-02-03 SC Amiens-Saint-Étienne,SC Amiens,Régis Gurtner,True,Goalkeeper,,start,end,1.0,0.0,0.0,0.0,0.0,0.0,0.0,2.0,6.0,0.0,0.0,0.0,0.0,0.0,
FRA-Ligue 1,1718,2018-02-03 SC Amiens-Saint-Étienne,Saint-Étienne,Stéphane Ruffier,False,Goalkeeper,,start,end,1.0,0.0,0.0,0.0,0.0,0.0,0.0,0.0,0.0,0.0,0.0,0.0,0.0,0.0,
FRA-Ligue 1,1718,2018-02-03 Strasbourg-Bordeaux,Bordeaux,Benoit Costil,False,Goalkeeper,,start,end,1.0,0.0,0.0,0.0,0.0,0.0,0.0,0.0,0.0,0.0,0.0,0.0,0.0,0.0,
FRA-Ligue 1,1718,2018-02-03 Strasbourg-Bordeaux,Strasbourg,Bingourou Kamara,True,Goalkeeper,,start,end,1.0,0.0,0.0,0.0,0.0,0.0,0.0,2.0,2.0,0.0,0.0,0.0,0.0,0.0,
FRA-Ligue 1,1718,2018-02-04 AS Monaco-Lyon,AS Monaco,Danijel Subasic,True,Goalkeeper,,start,15,1.0,0.0,0.0,0.0,0.0,0.0,0.0,1.0,0.0,0.0,0.0,0.0,0.0,0.0,
FRA-Ligue 1,1718,2018-02-04 AS Monaco-Lyon,Lyon,Anthony Lopes,False,Goalkeeper,,start,end,1.0,0.0,0.0,0.0,0.0,0.0,0.0,3.0,4.0,0.0,0.0,0.0,0.0,0.0,
FRA-Ligue 1,1718,2018-02-04 Caen-Nantes,Caen,Rémy Vercoutre,True,Goalkeeper,,start,end,1.0,0.0,1.0,0.0,0.0,0.0,0.0,2.0,2.0,0.0,0.0,0.0,0.0,0.0,
FRA-Ligue 1,1718,2018-02-04 Caen-Nantes,Nantes,Ciprian Tatarusanu,False,Goalkeeper,,start,end,1.0,0.0,0.0,0.0,0.0,0.0,0.0,3.0,4.0,0.0,0.0,0.0,0.0,0.0,
FRA-Ligue 1,1718,2018-02-04 Stade Rennais-Guingamp,Guingamp,Karl-Johan Johnsson,False,Goalkeeper,,start,end,1.0,0.0,0.0,0.0,0.0,0.0,0.0,0.0,4.0,0.0,0.0,0.0,0.0,0.0,
FRA-Ligue 1,1718,2018-02-04 Stade Rennais-Guingamp,Stade Rennais,Tomas Koubek,True,Goalkeeper,,start,end,1.0,0.0,0.0,0.0,0.0,0.0,0.0,1.0,3.0,0.0,0.0,0.0,0.0,0.0,
FRA-Ligue 1,1718,2018-02-09 Saint-Étienne-Marseille,Marseille,Steve Mandanda,False,Goalkeeper,,start,43,1.0,0.0,0.0,0.0,0.0,0.0,0.0,1.0,0.0,0.0,0.0,0.0,0.0,0.0,
FRA-Ligue 1,1718,2018-02-09 Saint-Étienne-Marseille,Saint-Étienne,Stéphane Ruffier,True,Goalkeeper,,start,end,1.0,0.0,0.0,0.0,0.0,0.0,0.0,2.0,2.0,0.0,0.0,0.0,0.0,0.0,
FRA-Ligue 1,1718,2018-02-10 Angers-AS Monaco,AS Monaco,Seydou Sy,False,Goalkeeper,,start,end,1.0,0.0,0.0,0.0,0.0,0.0,0.0,0.0,1.0,0.0,0.0,0.0,0.0,0.0,
FRA-Ligue 1,1718,2018-02-10 Angers-AS Monaco,Angers,Ludovic Butelle,True,Goalkeeper,,start,end,1.0,0.0,0.0,1.0,0.0,0.0,0.0,4.0,4.0,0.0,0.0,0.0,0.0,0.0,
FRA-Ligue 1,1718,2018-02-10 Bordeaux-SC Amiens,Bordeaux,Benoit Costil,True,Goalkeeper,,start,end,1.0,0.0,0.0,0.0,0.0,0.0,0.0,2.0,3.0,0.0,0.0,0.0,0.0,0.0,
FRA-Ligue 1,1718,2018-02-10 Bordeaux-SC Amiens,SC Amiens,Régis Gurtner,False,Goalkeeper,,start,end,1.0,0.0,0.0,0.0,0.0,0.0,0.0,3.0,1.0,0.0,0.0,0.0,0.0,0.0,
FRA-Ligue 1,1718,2018-02-10 Dijon FCO-Nice,Dijon FCO,Baptiste Reynet,True,Goalkeeper,1,start,end,1.0,0.0,1.0,0.0,0.0,0.0,0.0,2.0,3.0,0.0,0.0,0.0,0.0,0.0,
FRA-Ligue 1,1718,2018-02-10 Dijon FCO-Nice,Nice,Walter Benítez,False,Goalkeeper,1,start,end,1.0,0.0,0.0,0.0,0.0,0.0,0.0,3.0,0.0,0.0,0.0,0.0,0.0,0.0,
FRA-Ligue 1,1718,2018-02-10 Guingamp-Caen,Caen,Rémy Vercoutre,False,Goalkeeper,,start,end,1.0,0.0,0.0,0.0,0.0,0.0,0.0,0.0,1.0,0.0,0.0,0.0,0.0,0.0,
FRA-Ligue 1,1718,2018-02-10 Guingamp-Caen,Guingamp,Karl-Johan Johnsson,True,Goalkeeper,,start,end,1.0,0.0,1.0,0.0,0.0,0.0,0.0,0.0,2.0,0.0,0.0,0.0,0.0,0.0,
FRA-Ligue 1,1718,2018-02-10 Metz-Montpellier,Metz,Eiji Kawashima,True,Goalkeeper,,start,end,1.0,0.0,0.0,0.0,0.0,0.0,0.0,1.0,7.0,0.0,0.0,0.0,0.0,0.0,
FRA-Ligue 1,1718,2018-02-10 Metz-Montpellier,Montpellier,Benjamin Lecomte,False,Goalkeeper,,start,end,1.0,0.0,0.0,0.0,0.0,0.0,0.0,0.0,5.0,0.0,0.0,0.0,0.0,0.0,
FRA-Ligue 1,1718,2018-02-10 Toulouse-Paris Saint-Germain,Paris Saint-Germain,Alphonse Areola,False,Goalkeeper,,start,end,1.0,0.0,0.0,0.0,0.0,0.0,0.0,0.0,1.0,0.0,0.0,0.0,0.0,0.0,
FRA-Ligue 1,1718,2018-02-10 Toulouse-Paris Saint-Germain,Toulouse,Alban Lafont,True,Goalkeeper,,start,end,1.0,0.0,0.0,0.0,0.0,0.0,0.0,1.0,5.0,0.0,0.0,0.0,0.0,0.0,
FRA-Ligue 1,1718,2018-02-11 Lyon-Stade Rennais,Lyon,Anthony Lopes,True,Goalkeeper,,start,end,1.0,0.0,0.0,0.0,0.0,0.0,0.0,2.0,1.0,0.0,0.0,0.0,0.0,0.0,
FRA-Ligue 1,1718,2018-02-11 Lyon-Stade Rennais,Stade Rennais,Tomas Koubek,False,Goalkeeper,,start,end,1.0,0.0,0.0,0.0,0.0,0.0,0.0,0.0,6.0,0.0,0.0,0.0,0.0,0.0,
FRA-Ligue 1,1718,2018-02-11 Nantes-Lille,Lille,Mike Maignan,False,Goalkeeper,,start,end,1.0,0.0,0.0,0.0,0.0,0.0,0.0,2.0,3.0,0.0,0.0,0.0,0.0,0.0,
FRA-Ligue 1,1718,2018-02-11 Nantes-Lille,Nantes,Ciprian Tatarusanu,True,Goalkeeper,,start,end,1.0,0.0,0.0,0.0,0.0,0.0,0.0,2.0,2.0,0.0,0.0,0.0,0.0,0.0,
FRA-Ligue 1,1718,2018-02-11 Strasbourg-Troyes,Strasbourg,Alexandre Oukidja,True,Goalkeeper,,start,end,1.0,0.0,1.0,0.0,0.0,0.0,0.0,1.0,3.0,0.0,0.0,0.0,0.0,0.0,
FRA-Ligue 1,1718,2018-02-11 Strasbourg-Troyes,Troyes,Edwin Zelazny,False,Goalkeeper,,start,end,1.0,0.0,0.0,0.0,0.0,0.0,0.0,2.0,0.0,0.0,0.0,0.0,0.0,0.0,
FRA-Ligue 1,1718,2018-02-16 AS Monaco-Dijon FCO,AS Monaco,Danijel Subasic,True,Goalkeeper,,start,end,1.0,0.0,0.0,0.0,0.0,0.0,0.0,0.0,4.0,0.0,0.0,0.0,0.0,0.0,
FRA-Ligue 1,1718,2018-02-16 AS Monaco-Dijon FCO,Dijon FCO,Baptiste Reynet,False,Goalkeeper,,start,end,1.0,0.0,0.0,0.0,0.0,0.0,0.0,4.0,1.0,0.0,0.0,0.0,0.0,0.0,
FRA-Ligue 1,1718,2018-02-17 Angers-Saint-Étienne,Angers,Ludovic Butelle,True,Goalkeeper,,start,end,1.0,0.0,0.0,0.0,0.0,0.0,0.0,1.0,3.0,0.0,0.0,0.0,0.0,0.0,
FRA-Ligue 1,1718,2018-02-17 Angers-Saint-Étienne,Saint-Étienne,Stéphane Ruffier,False,Goalkeeper,,start,end,1.0,0.0,0.0,0.0,0.0,0.0,0.0,0.0,4.0,0.0,0.0,0.0,0.0,0.0,
FRA-Ligue 1,1718,2018-02-17 Caen-Stade Rennais,Caen,Rémy Vercoutre,True,Goalkeeper,,start,end,1.0,0.0,1.0,0.0,0.0,0.0,0.0,2.0,3.0,0.0,0.0,0.0,0.0,0.0,
FRA-Ligue 1,1718,2018-02-17 Caen-Stade Rennais,Stade Rennais,Tomas Koubek,False,Goalkeeper,,start,end,1.0,0.0,1.0,0.0,0.0,0.0,0.0,2.0,4.0,0.0,0.0,0.0,0.0,0.0,
FRA-Ligue 1,1718,2018-02-17 Montpellier-Guingamp,Guingamp,Karl-Johan Johnsson,False,Goalkeeper,,start,end,1.0,0.0,0.0,0.0,0.0,0.0,0.0,1.0,4.0,0.0,0.0,0.0,0.0,0.0,
FRA-Ligue 1,1718,2018-02-17 Montpellier-Guingamp,Montpellier,Benjamin Lecomte,True,Goalkeeper,,start,end,1.0,0.0,0.0,0.0,0.0,0.0,0.0,1.0,0.0,0.0,0.0,0.0,0.0,0.0,
FRA-Ligue 1,1718,2018-02-17 Paris Saint-Germain-Strasbourg,Paris Saint-Germain,Alphonse Areola,True,Goalkeeper,,start,end,1.0,0.0,0.0,0.0,0.0,0.0,0.0,2.0,0.0,0.0,0.0,0.0,0.0,0.0,
FRA-Ligue 1,1718,2018-02-17 Paris Saint-Germain-Strasbourg,Strasbourg,Alexandre Oukidja,False,Goalkeeper,,start,end,1.0,0.0,0.0,0.0,0.0,0.0,0.0,5.0,5.0,0.0,0.0,0.0,0.0,0.0,
FRA-Ligue 1,1718,2018-02-17 SC Amiens-Toulouse,SC Amiens,Régis Gurtner,True,Goalkeeper,,start,end,1.0,0.0,0.0,0.0,0.0,0.0,0.0,0.0,5.0,0.0,0.0,0.0,0.0,0.0,
FRA-Ligue 1,1718,2018-02-17 SC Amiens-Toulouse,Toulouse,Alban Lafont,False,Goalkeeper,,start,end,1.0,0.0,0.0,0.0,0.0,0.0,0.0,0.0,1.0,0.0,0.0,0.0,0.0,0.0,
FRA-Ligue 1,1718,2018-02-17 Troyes-Metz,Metz,Eiji Kawashima,False,Goalkeeper,,start,end,1.0,0.0,0.0,0.0,0.0,0.0,0.0,1.0,8.0,0.0,0.0,0.0,0.0,0.0,
FRA-Ligue 1,1718,2018-02-17 Troyes-Metz,Troyes,Edwin Zelazny,True,Goalkeeper,,start,end,1.0,0.0,0.0,0.0,0.0,0.0,0.0,0.0,4.0,0.0,0.0,0.0,0.0,0.0,
FRA-Ligue 1,1718,2018-02-18 Lille-Lyon,Lille,Mike Maignan,True,Goalkeeper,,start,end,1.0,0.0,0.0,0.0,0.0,0.0,0.0,2.0,3.0,0.0,0.0,0.0,0.0,0.0,
FRA-Ligue 1,1718,2018-02-18 Lille-Lyon,Lyon,Anthony Lopes,False,Goalkeeper,,start,end,1.0,0.0,0.0,0.0,0.0,0.0,0.0,2.0,3.0,0.0,0.0,0.0,0.0,0.0,
FRA-Ligue 1,1718,2018-02-18 Marseille-Bordeaux,Bordeaux,Benoit Costil,False,Goalkeeper,,start,end,1.0,0.0,0.0,0.0,0.0,0.0,0.0,1.0,6.0,0.0,0.0,0.0,0.0,0.0,
FRA-Ligue 1,1718,2018-02-18 Marseille-Bordeaux,Marseille,Yohann Pelé,True,Goalkeeper,,start,end,1.0,0.0,1.0,0.0,0.0,0.0,0.0,0.0,1.0,0.0,0.0,0.0,0.0,0.0,
FRA-Ligue 1,1718,2018-02-18 Nice-Nantes,Nantes,Ciprian Tatarusanu,False,Goalkeeper,,start,end,1.0,0.0,1.0,0.0,0.0,0.0,0.0,1.0,3.0,0.0,0.0,0.0,0.0,0.0,
FRA-Ligue 1,1718,2018-02-18 Nice-Nantes,Nice,Walter Benítez,True,Goalkeeper,,start,end,1.0,0.0,0.0,0.0,0.0,0.0,0.0,1.0,2.0,0.0,0.0,0.0,0.0,0.0,
FRA-Ligue 1,1718,2018-02-20 Troyes-Dijon FCO,Dijon FCO,Baptiste Reynet,False,Goalkeeper,,start,end,1.0,0.0,0.0,0.0,0.0,0.0,0.0,0.0,2.0,0.0,0.0,0.0,0.0,0.0,
FRA-Ligue 1,1718,2018-02-20 Troyes-Dijon FCO,Troyes,Edwin Zelazny,True,Goalkeeper,,start,end,1.0,0.0,0.0,0.0,0.0,0.0,0.0,0.0,1.0,0.0,0.0,0.0,0.0,0.0,
FRA-Ligue 1,1718,2018-02-23 Strasbourg-Montpellier,Montpellier,Benjamin Lecomte,False,Goalkeeper,,start,end,1.0,0.0,0.0,0.0,0.0,0.0,0.0,0.0,4.0,0.0,0.0,0.0,0.0,0.0,
FRA-Ligue 1,1718,2018-02-23 Strasbourg-Montpellier,Strasbourg,Alexandre Oukidja,True,Goalkeeper,,start,end,1.0,0.0,0.0,0.0,0.0,0.0,0.0,0.0,2.0,0.0,0.0,0.0,0.0,0.0,
FRA-Ligue 1,1718,2018-02-24 Dijon FCO-Caen,Caen,Rémy Vercoutre,False,Goalkeeper,,start,end,1.0,0.0,0.0,0.0,0.0,0.0,0.0,2.0,2.0,0.0,0.0,0.0,0.0,0.0,
FRA-Ligue 1,1718,2018-02-24 Dijon FCO-Caen,Dijon FCO,Baptiste Reynet,True,Goalkeeper,,start,end,1.0,0.0,0.0,0.0,0.0,0.0,0.0,0.0,2.0,0.0,0.0,0.0,0.0,0.0,
FRA-Ligue 1,1718,2018-02-24 Guingamp-Metz,Guingamp,Karl-Johan Johnsson,True,Goalkeeper,,start,end,1.0,0.0,0.0,0.0,0.0,0.0,0.0,2.0,0.0,0.0,0.0,0.0,0.0,0.0,
FRA-Ligue 1,1718,2018-02-24 Guingamp-Metz,Metz,Eiji Kawashima,False,Goalkeeper,,start,end,1.0,0.0,0.0,0.0,0.0,0.0,0.0,2.0,6.0,0.0,0.0,0.0,0.0,0.0,
FRA-Ligue 1,1718,2018-02-24 Lille-Angers,Angers,Ludovic Butelle,False,Goalkeeper,,start,end,1.0,0.0,0.0,0.0,0.0,0.0,0.0,1.0,2.0,0.0,0.0,0.0,0.0,0.0,
FRA-Ligue 1,1718,2018-02-24 Lille-Angers,Lille,Mike Maignan,True,Goalkeeper,,start,end,1.0,0.0,1.0,0.0,0.0,0.0,0.0,2.0,7.0,0.0,0.0,0.0,0.0,0.0,
FRA-Ligue 1,1718,2018-02-24 Nantes-SC Amiens,Nantes,Ciprian Tatarusanu,True,Goalkeeper,,start,end,1.0,0.0,0.0,0.0,0.0,0.0,0.0,1.0,0.0,0.0,0.0,0.0,0.0,0.0,
FRA-Ligue 1,1718,2018-02-24 Nantes-SC Amiens,SC Amiens,Régis Gurtner,False,Goalkeeper,,start,end,1.0,0.0,0.0,0.0,0.0,0.0,0.0,0.0,5.0,0.0,0.0,0.0,0.0,0.0,
FRA-Ligue 1,1718,2018-02-24 Stade Rennais-Troyes,Stade Rennais,Tomas Koubek,True,Goalkeeper,,start,end,1.0,0.0,0.0,0.0,0.0,0.0,0.0,0.0,0.0,0.0,0.0,0.0,0.0,0.0,
FRA-Ligue 1,1718,2018-02-24 Stade Rennais-Troyes,Troyes,Edwin Zelazny,False,Goalkeeper,,start,end,1.0,0.0,0.0,0.0,0.0,0.0,0.0,2.0,4.0,0.0,0.0,0.0,0.0,0.0,
FRA-Ligue 1,1718,2018-02-24 Toulouse-AS Monaco,AS Monaco,Danijel Subasic,False,Goalkeeper,,start,end,1.0,0.0,0.0,0.0,0.0,0.0,0.0,3.0,3.0,0.0,0.0,0.0,0.0,0.0,
FRA-Ligue 1,1718,2018-02-24 Toulouse-AS Monaco,Toulouse,Alban Lafont,True,Goalkeeper,,start,end,1.0,0.0,0.0,0.0,0.0,0.0,0.0,3.0,2.0,0.0,0.0,0.0,0.0,0.0,
FRA-Ligue 1,1718,2018-02-25 Bordeaux-Nice,Bordeaux,Benoit Costil,True,Goalkeeper,,start,end,1.0,0.0,0.0,0.0,0.0,0.0,0.0,0.0,0.0,0.0,0.0,0.0,0.0,0.0,
FRA-Ligue 1,1718,2018-02-25 Bordeaux-Nice,Nice,Walter Benítez,False,Goalkeeper,,start,end,1.0,0.0,0.0,0.0,0.0,0.0,0.0,0.0,6.0,0.0,0.0,0.0,0.0,0.0,
FRA-Ligue 1,1718,2018-02-25 Lyon-Saint-Étienne,Lyon,Mathieu Gorgelin,True,Goalkeeper,,start,end,1.0,0.0,1.0,0.0,0.0,0.0,0.0,1.0,0.0,0.0,0.0,0.0,0.0,0.0,
FRA-Ligue 1,1718,2018-02-25 Lyon-Saint-Étienne,Saint-Étienne,Stéphane Ruffier,False,Goalkeeper,,start,end,1.0,0.0,0.0,0.0,0.0,0.0,0.0,1.0,4.0,0.0,0.0,0.0,0.0,0.0,
FRA-Ligue 1,1718,2018-02-25 Paris Saint-Germain-Marseille,Marseille,Yohann Pelé,False,Goalkeeper,,start,end,1.0,0.0,0.0,0.0,0.0,0.0,0.0,3.0,0.0,0.0,0.0,0.0,0.0,0.0,
FRA-Ligue 1,1718,2018-02-25 Paris Saint-Germain-Marseille,Paris Saint-Germain,Alphonse Areola,True,Goalkeeper,,start,end,1.0,0.0,0.0,0.0,0.0,0.0,0.0,0.0,5.0,0.0,0.0,0.0,0.0,0.0,
FRA-Ligue 1,1718,2018-03-02 AS Monaco-Bordeaux,AS Monaco,Danijel Subasic,True,Goalkeeper,,start,end,1.0,0.0,0.0,0.0,0.0,0.0,0.0,1.0,0.0,0.0,0.0,0.0,0.0,0.0,
FRA-Ligue 1,1718,2018-03-02 AS Monaco-Bordeaux,Bordeaux,Benoit Costil,False,Goalkeeper,,start,end,1.0,0.0,0.0,0.0,0.0,0.0,0.0,2.0,3.0,0.0,0.0,0.0,0.0,0.0,
FRA-Ligue 1,1718,2018-03-02 Nice-Lille,Lille,Mike Maignan,False,Goalkeeper,,start,end,1.0,0.0,0.0,0.0,0.0,0.0,0.0,2.0,5.0,0.0,0.0,0.0,0.0,0.0,
FRA-Ligue 1,1718,2018-03-02 Nice-Lille,Nice,Walter Benítez,True,Goalkeeper,,start,end,1.0,0.0,1.0,0.0,0.0,0.0,0.0,1.0,3.0,0.0,0.0,0.0,0.0,0.0,
FRA-Ligue 1,1718,2018-03-03 Angers-Guingamp,Angers,Ludovic Butelle,True,Goalkeeper,,start,end,1.0,0.0,0.0,0.0,0.0,0.0,0.0,0.0,3.0,0.0,0.0,0.0,0.0,0.0,
FRA-Ligue 1,1718,2018-03-03 Angers-Guingamp,Guingamp,Karl-Johan Johnsson,False,Goalkeeper,,start,end,1.0,0.0,0.0,0.0,0.0,0.0,0.0,3.0,3.0,0.0,0.0,0.0,0.0,0.0,
FRA-Ligue 1,1718,2018-03-03 Metz-Toulouse,Metz,Eiji Kawashima,True,Goalkeeper,,start,end,1.0,0.0,0.0,0.0,0.0,0.0,0.0,1.0,3.0,0.0,0.0,0.0,0.0,0.0,
FRA-Ligue 1,1718,2018-03-03 Metz-Toulouse,Toulouse,Alban Lafont,False,Goalkeeper,,start,end,1.0,0.0,1.0,0.0,0.0,0.0,0.0,1.0,0.0,0.0,0.0,0.0,0.0,0.0,
FRA-Ligue 1,1718,2018-03-03 SC Amiens-Stade Rennais,SC Amiens,Régis Gurtner,True,Goalkeeper,,start,end,1.0,0.0,0.0,0.0,0.0,0.0,0.0,2.0,3.0,0.0,0.0,0.0,0.0,0.0,
FRA-Ligue 1,1718,2018-03-03 SC Amiens-Stade Rennais,Stade Rennais,Tomas Koubek,False,Goalkeeper,,start,end,1.0,0.0,0.0,0.0,0.0,0.0,0.0,0.0,3.0,0.0,0.0,0.0,0.0,0.0,
FRA-Ligue 1,1718,2018-03-03 Saint-Étienne-Dijon FCO,Dijon FCO,Baptiste Reynet,False,Goalkeeper,,start,end,1.0,0.0,1.0,0.0,0.0,0.0,0.0,2.0,5.0,0.0,0.0,0.0,0.0,0.0,
FRA-Ligue 1,1718,2018-03-03 Saint-Étienne-Dijon FCO,Saint-Étienne,Stéphane Ruffier,True,Goalkeeper,,start,end,1.0,0.0,0.0,0.0,0.0,0.0,0.0,2.0,3.0,0.0,0.0,0.0,0.0,0.0,
FRA-Ligue 1,1718,2018-03-03 Troyes-Paris Saint-Germain,Paris Saint-Germain,Alphonse Areola,False,Goalkeeper,,start,end,1.0,0.0,0.0,0.0,0.0,0.0,0.0,0.0,2.0,0.0,0.0,0.0,0.0,0.0,
FRA-Ligue 1,1718,2018-03-03 Troyes-Paris Saint-Germain,Troyes,Edwin Zelazny,True,Goalkeeper,,start,end,1.0,0.0,0.0,0.0,0.0,0.0,1.0,2.0,11.0,0.0,0.0,0.0,0.0,0.0,
FRA-Ligue 1,1718,2018-03-04 Caen-Strasbourg,Caen,Rémy Vercoutre,True,Goalkeeper,,start,end,1.0,0.0,0.0,0.0,0.0,0.0,0.0,0.0,2.0,0.0,0.0,0.0,0.0,0.0,
FRA-Ligue 1,1718,2018-03-04 Caen-Strasbourg,Strasbourg,Alexandre Oukidja,False,Goalkeeper,,start,end,1.0,0.0,0.0,0.0,0.0,0.0,0.0,2.0,2.0,0.0,0.0,0.0,0.0,0.0,
FRA-Ligue 1,1718,2018-03-04 Marseille-Nantes,Marseille,Steve Mandanda,True,Goalkeeper,,start,end,1.0,0.0,0.0,0.0,0.0,0.0,0.0,1.0,2.0,0.0,0.0,0.0,0.0,0.0,
FRA-Ligue 1,1718,2018-03-04 Marseille-Nantes,Nantes,Ciprian Tatarusanu,False,Goalkeeper,,start,end,1.0,0.0,0.0,0.0,0.0,0.0,0.0,1.0,3.0,0.0,0.0,0.0,0.0,0.0,
FRA-Ligue 1,1718,2018-03-04 Montpellier-Lyon,Lyon,Anthony Lopes,False,Goalkeeper,,start,end,1.0,0.0,0.0,0.0,0.0,0.0,0.0,1.0,4.0,0.0,0.0,0.0,0.0,0.0,
FRA-Ligue 1,1718,2018-03-04 Montpellier-Lyon,Montpellier,Benjamin Lecomte,True,Goalkeeper,,start,end,1.0,0.0,0.0,0.0,0.0,0.0,0.0,1.0,3.0,0.0,0.0,0.0,0.0,0.0,
FRA-Ligue 1,1718,2018-03-09 Strasbourg-AS Monaco,AS Monaco,Danijel Subasic,False,Goalkeeper,,start,end,1.0,0.0,0.0,0.0,0.0,0.0,0.0,1.0,4.0,0.0,0.0,0.0,0.0,0.0,
FRA-Ligue 1,1718,2018-03-09 Strasbourg-AS Monaco,Strasbourg,Alexandre Oukidja,True,Goalkeeper,,start,end,1.0,0.0,1.0,0.0,0.0,0.0,0.0,3.0,1.0,0.0,0.0,0.0,0.0,0.0,
FRA-Ligue 1,1718,2018-03-10 Bordeaux-Angers,Angers,Ludovic Butelle,False,Goalkeeper,,start,end,1.0,0.0,0.0,0.0,0.0,0.0,0.0,0.0,2.0,0.0,0.0,0.0,0.0,0.0,
FRA-Ligue 1,1718,2018-03-10 Bordeaux-Angers,Bordeaux,Benoit Costil,True,Goalkeeper,,start,end,1.0,0.0,0.0,0.0,0.0,0.0,0.0,0.0,0.0,0.0,0.0,0.0,0.0,0.0,
FRA-Ligue 1,1718,2018-03-10 Dijon FCO-SC Amiens,Dijon FCO,Baptiste Reynet,True,Goalkeeper,,start,end,1.0,0.0,0.0,0.0,0.0,0.0,0.0,1.0,3.0,0.0,0.0,0.0,0.0,0.0,
FRA-Ligue 1,1718,2018-03-10 Dijon FCO-SC Amiens,SC Amiens,Régis Gurtner,False,Goalkeeper,,start,end,1.0,0.0,1.0,0.0,0.0,0.0,0.0,1.0,2.0,0.0,0.0,0.0,0.0,0.0,
FRA-Ligue 1,1718,2018-03-10 Lille-Montpellier,Lille,Mike Maignan,True,Goalkeeper,,start,end,1.0,0.0,0.0,0.0,0.0,0.0,0.0,1.0,3.0,0.0,0.0,0.0,0.0,0.0,
FRA-Ligue 1,1718,2018-03-10 Lille-Montpellier,Montpellier,Benjamin Lecomte,False,Goalkeeper,,start,end,1.0,0.0,1.0,0.0,0.0,0.0,0.0,1.0,1.0,0.0,0.0,0.0,0.0,0.0,
FRA-Ligue 1,1718,2018-03-10 Nantes-Troyes,Nantes,Ciprian Tatarusanu,True,Goalkeeper,,start,end,1.0,0.0,0.0,0.0,0.0,0.0,0.0,0.0,0.0,0.0,0.0,0.0,0.0,0.0,
FRA-Ligue 1,1718,2018-03-10 Nantes-Troyes,Troyes,Edwin Zelazny,False,Goalkeeper,,start,end,1.0,0.0,0.0,0.0,0.0,0.0,0.0,1.0,2.0,0.0,0.0,0.0,0.0,0.0,
FRA-Ligue 1,1718,2018-03-10 Paris Saint-Germain-Metz,Metz,Eiji Kawashima,False,Goalkeeper,,start,end,1.0,0.0,0.0,0.0,0.0,0.0,0.0,5.0,6.0,0.0,0.0,0.0,0.0,0.0,
FRA-Ligue 1,1718,2018-03-10 Paris Saint-Germain-Metz,Paris Saint-Germain,Alphonse Areola,True,Goalkeeper,,start,end,1.0,0.0,0.0,0.0,0.0,0.0,0.0,0.0,3.0,0.0,0.0,0.0,0.0,0.0,
FRA-Ligue 1,1718,2018-03-10 Stade Rennais-Saint-Étienne,Saint-Étienne,Stéphane Ruffier,False,Goalkeeper,,start,end,1.0,0.0,0.0,0.0,0.0,0.0,0.0,1.0,5.0,0.0,0.0,0.0,0.0,0.0,
FRA-Ligue 1,1718,2018-03-10 Stade Rennais-Saint-Étienne,Stade Rennais,Tomas Koubek,True,Goalkeeper,,start,end,1.0,0.0,0.0,0.0,0.0,0.0,0.0,1.0,2.0,0.0,0.0,0.0,0.0,0.0,
FRA-Ligue 1,1718,2018-03-11 Guingamp-Nice,Guingamp,Karl-Johan Johnsson,True,Goalkeeper,,start,end,1.0,0.0,0.0,0.0,0.0,0.0,0.0,5.0,0.0,0.0,0.0,0.0,0.0,0.0,
FRA-Ligue 1,1718,2018-03-11 Guingamp-Nice,Nice,Walter Benítez,False,Goalkeeper,,start,end,1.0,0.0,0.0,0.0,0.0,0.0,0.0,2.0,5.0,0.0,0.0,0.0,0.0,0.0,
FRA-Ligue 1,1718,2018-03-11 Lyon-Caen,Caen,Rémy Vercoutre,False,Goalkeeper,,start,end,1.0,0.0,0.0,0.0,0.0,0.0,0.0,1.0,3.0,0.0,0.0,0.0,0.0,0.0,
FRA-Ligue 1,1718,2018-03-11 Lyon-Caen,Lyon,Anthony Lopes,True,Goalkeeper,,start,end,1.0,0.0,0.0,0.0,0.0,0.0,0.0,0.0,1.0,0.0,0.0,0.0,0.0,0.0,
FRA-Ligue 1,1718,2018-03-11 Toulouse-Marseille,Marseille,Steve Mandanda,False,Goalkeeper,,start,end,1.0,0.0,0.0,0.0,0.0,0.0,0.0,1.0,4.0,0.0,0.0,0.0,0.0,0.0,
FRA-Ligue 1,1718,2018-03-11 Toulouse-Marseille,Toulouse,Alban Lafont,True,Goalkeeper,,start,end,1.0,0.0,0.0,0.0,0.0,0.0,1.0,2.0,7.0,0.0,0.0,0.0,0.0,0.0,
FRA-Ligue 1,1718,2018-03-14 Paris Saint-Germain-Angers,Angers,Ludovic Butelle,False,Goalkeeper,,start,end,1.0,0.0,0.0,0.0,0.0,0.0,0.0,2.0,5.0,0.0,0.0,0.0,0.0,0.0,
FRA-Ligue 1,1718,2018-03-14 Paris Saint-Germain-Angers,Paris Saint-Germain,Kevin Trapp,True,Goalkeeper,,start,end,1.0,0.0,0.0,0.0,0.0,0.0,0.0,1.0,7.0,0.0,0.0,0.0,0.0,0.0,
FRA-Ligue 1,1718,2018-03-16 AS Monaco-Lille,AS Monaco,Danijel Subasic,True,Goalkeeper,,start,end,1.0,0.0,0.0,0.0,0.0,0.0,1.0,1.0,4.0,0.0,0.0,0.0,0.0,0.0,
FRA-Ligue 1,1718,2018-03-16 AS Monaco-Lille,Lille,Mike Maignan,False,Goalkeeper,,start,end,1.0,0.0,0.0,0.0,0.0,0.0,0.0,2.0,2.0,0.0,0.0,0.0,0.0,0.0,
FRA-Ligue 1,1718,2018-03-17 Angers-Caen,Angers,Ludovic Butelle,True,Goalkeeper,,start,end,1.0,0.0,0.0,0.0,0.0,0.0,0.0,0.0,2.0,0.0,0.0,0.0,0.0,0.0,
FRA-Ligue 1,1718,2018-03-17 Angers-Caen,Caen,Rémy Vercoutre,False,Goalkeeper,,start,end,1.0,0.0,0.0,0.0,0.0,0.0,1.0,3.0,3.0,0.0,0.0,0.0,0.0,0.0,
FRA-Ligue 1,1718,2018-03-17 Bordeaux-Stade Rennais,Bordeaux,Benoit Costil,True,Goalkeeper,,start,end,1.0,0.0,0.0,0.0,0.0,0.0,0.0,2.0,1.0,0.0,0.0,0.0,0.0,0.0,
FRA-Ligue 1,1718,2018-03-17 Bordeaux-Stade Rennais,Stade Rennais,Tomas Koubek,False,Goalkeeper,,start,end,1.0,0.0,2.0,0.0,0.0,0.0,0.0,0.0,2.0,0.0,0.0,0.0,0.0,0.0,
FRA-Ligue 1,1718,2018-03-17 Montpellier-Dijon FCO,Dijon FCO,Baptiste Reynet,False,Goalkeeper,,start,end,1.0,0.0,1.0,0.0,0.0,0.0,0.0,2.0,9.0,0.0,0.0,0.0,0.0,0.0,
FRA-Ligue 1,1718,2018-03-17 Montpellier-Dijon FCO,Montpellier,Benjamin Lecomte,True,Goalkeeper,,start,end,1.0,0.0,0.0,0.0,0.0,0.0,0.0,2.0,5.0,0.0,0.0,0.0,0.0,0.0,
FRA-Ligue 1,1718,2018-03-17 SC Amiens-Troyes,SC Amiens,Régis Gurtner,True,Goalkeeper,,start,end,1.0,0.0,0.0,0.0,0.0,0.0,0.0,1.0,4.0,0.0,0.0,0.0,0.0,0.0,
FRA-Ligue 1,1718,2018-03-17 SC Amiens-Troyes,Troyes,Edwin Zelazny,False,Goalkeeper,,start,end,1.0,0.0,1.0,0.0,0.0,0.0,0.0,1.0,0.0,0.0,0.0,0.0,0.0,0.0,
FRA-Ligue 1,1718,2018-03-17 Toulouse-Strasbourg,Strasbourg,Alexandre Oukidja,False,Goalkeeper,,start,end,1.0,0.0,0.0,0.0,0.0,0.0,0.0,2.0,4.0,0.0,0.0,0.0,0.0,0.0,
FRA-Ligue 1,1718,2018-03-17 Toulouse-Strasbourg,Toulouse,Alban Lafont,True,Goalkeeper,,start,end,1.0,0.0,0.0,0.0,0.0,0.0,0.0,2.0,2.0,0.0,0.0,0.0,0.0,0.0,
FRA-Ligue 1,1718,2018-03-18 Marseille-Lyon,Lyon,Anthony Lopes,False,Goalkeeper,,start,end,1.0,0.0,0.0,0.0,0.0,0.0,0.0,2.0,4.0,0.0,0.0,0.0,0.0,0.0,
FRA-Ligue 1,1718,2018-03-18 Marseille-Lyon,Marseille,Steve Mandanda,True,Goalkeeper,,start,end,1.0,0.0,0.0,0.0,0.0,0.0,0.0,3.0,4.0,0.0,0.0,0.0,0.0,0.0,
FRA-Ligue 1,1718,2018-03-18 Metz-Nantes,Metz,Eiji Kawashima,True,Goalkeeper,,start,end,1.0,0.0,0.0,0.0,0.0,0.0,0.0,1.0,3.0,0.0,0.0,0.0,0.0,0.0,
FRA-Ligue 1,1718,2018-03-18 Metz-Nantes,Nantes,Ciprian Tatarusanu,False,Goalkeeper,,start,end,1.0,0.0,0.0,0.0,0.0,0.0,0.0,1.0,3.0,0.0,0.0,0.0,0.0,0.0,
FRA-Ligue 1,1718,2018-03-18 Nice-Paris Saint-Germain,Nice,Walter Benítez,True,Goalkeeper,,start,end,1.0,0.0,0.0,0.0,0.0,0.0,0.0,2.0,5.0,0.0,0.0,0.0,0.0,0.0,
FRA-Ligue 1,1718,2018-03-18 Nice-Paris Saint-Germain,Paris Saint-Germain,Alphonse Areola,False,Goalkeeper,,start,end,1.0,0.0,0.0,0.0,0.0,0.0,0.0,1.0,3.0,0.0,0.0,0.0,0.0,0.0,
FRA-Ligue 1,1718,2018-03-18 Saint-Étienne-Guingamp,Guingamp,Karl-Johan Johnsson,False,Goalkeeper,,start,end,1.0,0.0,1.0,0.0,0.0,0.0,0.0,2.0,4.0,0.0,0.0,0.0,0.0,0.0,
FRA-Ligue 1,1718,2018-03-18 Saint-Étienne-Guingamp,Saint-Étienne,Stéphane Ruffier,True,Goalkeeper,,start,end,1.0,0.0,0.0,0.0,0.0,0.0,0.0,0.0,3.0,0.0,0.0,0.0,0.0,0.0,
FRA-Ligue 1,1718,2018-03-31 Dijon FCO-Marseille,Dijon FCO,Baptiste Reynet,True,Goalkeeper,,start,end,1.0,0.0,1.0,0.0,0.0,0.0,1.0,3.0,2.0,0.0,0.0,0.0,0.0,0.0,
FRA-Ligue 1,1718,2018-03-31 Dijon FCO-Marseille,Marseille,Steve Mandanda,False,Goalkeeper,,start,53,1.0,0.0,0.0,0.0,0.0,0.0,0.0,0.0,1.0,0.0,0.0,0.0,0.0,0.0,
FRA-Ligue 1,1718,2018-04-01 Caen-Montpellier,Caen,Rémy Vercoutre,True,Goalkeeper,,start,end,1.0,0.0,0.0,0.0,0.0,0.0,0.0,3.0,3.0,0.0,0.0,0.0,0.0,0.0,
FRA-Ligue 1,1718,2018-04-01 Caen-Montpellier,Montpellier,Benjamin Lecomte,False,Goalkeeper,,start,end,1.0,0.0,1.0,0.0,0.0,0.0,0.0,1.0,5.0,0.0,0.0,0.0,0.0,0.0,
FRA-Ligue 1,1718,2018-04-01 Guingamp-Bordeaux,Bordeaux,Benoit Costil,False,Goalkeeper,,start,end,1.0,0.0,0.0,0.0,0.0,0.0,0.0,2.0,4.0,0.0,0.0,0.0,0.0,0.0,
FRA-Ligue 1,1718,2018-04-01 Guingamp-Bordeaux,Guingamp,Karl-Johan Johnsson,True,Goalkeeper,,start,end,1.0,0.0,0.0,0.0,0.0,0.0,0.0,1.0,5.0,0.0,0.0,0.0,0.0,0.0,
FRA-Ligue 1,1718,2018-04-01 Lille-SC Amiens,Lille,Mike Maignan,True,Goalkeeper,,start,end,1.0,0.0,0.0,0.0,0.0,0.0,0.0,1.0,1.0,0.0,0.0,0.0,0.0,0.0,
FRA-Ligue 1,1718,2018-04-01 Lille-SC Amiens,SC Amiens,Régis Gurtner,False,Goalkeeper,,start,end,1.0,0.0,1.0,0.0,0.0,0.0,0.0,0.0,3.0,0.0,0.0,0.0,0.0,0.0,
FRA-Ligue 1,1718,2018-04-01 Lyon-Toulouse,Lyon,Anthony Lopes,True,Goalkeeper,,start,end,1.0,0.0,0.0,0.0,0.0,0.0,0.0,0.0,6.0,0.0,0.0,0.0,0.0,0.0,
FRA-Ligue 1,1718,2018-04-01 Lyon-Toulouse,Toulouse,Alban Lafont,False,Goalkeeper,,start,end,1.0,0.0,0.0,0.0,0.0,0.0,0.0,2.0,3.0,0.0,0.0,0.0,0.0,0.0,
FRA-Ligue 1,1718,2018-04-01 Nantes-Saint-Étienne,Nantes,Ciprian Tatarusanu,True,Goalkeeper,,start,end,1.0,0.0,1.0,0.0,0.0,0.0,0.0,3.0,4.0,0.0,0.0,0.0,0.0,0.0,
FRA-Ligue 1,1718,2018-04-01 Nantes-Saint-Étienne,Saint-Étienne,Stéphane Ruffier,False,Goalkeeper,,start,end,1.0,0.0,0.0,0.0,0.0,0.0,0.0,0.0,4.0,0.0,0.0,0.0,0.0,0.0,
FRA-Ligue 1,1718,2018-04-01 Strasbourg-Metz,Metz,Eiji Kawashima,False,Goalkeeper,,start,end,1.0,0.0,0.0,0.0,0.0,0.0,0.0,2.0,3.0,0.0,0.0,0.0,0.0,0.0,
FRA-Ligue 1,1718,2018-04-01 Strasbourg-Metz,Strasbourg,Alexandre Oukidja,True,Goalkeeper,,start,end,1.0,0.0,0.0,0.0,0.0,0.0,0.0,2.0,3.0,0.0,0.0,0.0,0.0,0.0,
FRA-Ligue 1,1718,2018-04-01 Troyes-Nice,Nice,Walter Benítez,False,Goalkeeper,,start,end,1.0,0.0,1.0,0.0,0.0,0.0,0.0,0.0,3.0,0.0,0.0,0.0,0.0,0.0,
FRA-Ligue 1,1718,2018-04-01 Troyes-Nice,Troyes,Edwin Zelazny,True,Goalkeeper,,start,end,1.0,0.0,0.0,0.0,0.0,0.0,0.0,2.0,4.0,0.0,0.0,0.0,0.0,0.0,
FRA-Ligue 1,1718,2018-04-04 Stade Rennais-AS Monaco,AS Monaco,Danijel Subasic,False,Goalkeeper,,start,end,1.0,0.0,0.0,0.0,0.0,0.0,0.0,1.0,6.0,0.0,0.0,0.0,0.0,0.0,
FRA-Ligue 1,1718,2018-04-04 Stade Rennais-AS Monaco,Stade Rennais,Tomas Koubek,True,Goalkeeper,,start,end,1.0,0.0,0.0,0.0,0.0,0.0,0.0,1.0,1.0,0.0,0.0,0.0,0.0,0.0,
FRA-Ligue 1,1718,2018-04-06 Saint-Étienne-Paris Saint-Germain,Paris Saint-Germain,Alphonse Areola,False,Goalkeeper,,start,end,1.0,0.0,0.0,0.0,0.0,0.0,0.0,1.0,4.0,0.0,0.0,0.0,0.0,0.0,
FRA-Ligue 1,1718,2018-04-06 Saint-Étienne-Paris Saint-Germain,Saint-Étienne,Stéphane Ruffier,True,Goalkeeper,,start,end,1.0,0.0,0.0,0.0,0.0,0.0,0.0,1.0,2.0,0.0,0.0,0.0,0.0,0.0,
FRA-Ligue 1,1718,2018-04-07 AS Monaco-Nantes,AS Monaco,Danijel Subasic,True,Goalkeeper,,start,end,1.0,0.0,0.0,0.0,0.0,0.0,1.0,1.0,3.0,0.0,0.0,0.0,0.0,0.0,
FRA-Ligue 1,1718,2018-04-07 AS Monaco-Nantes,Nantes,Ciprian Tatarusanu,False,Goalkeeper,,start,end,1.0,0.0,0.0,0.0,0.0,0.0,0.0,2.0,1.0,0.0,0.0,0.0,0.0,0.0,
FRA-Ligue 1,1718,2018-04-07 Angers-Strasbourg,Angers,Ludovic Butelle,True,Goalkeeper,,start,end,1.0,0.0,1.0,0.0,0.0,0.0,0.0,1.0,3.0,0.0,0.0,0.0,0.0,0.0,
FRA-Ligue 1,1718,2018-04-07 Angers-Strasbourg,Strasbourg,Alexandre Oukidja,False,Goalkeeper,,start,end,1.0,0.0,1.0,0.0,0.0,0.0,0.0,1.0,1.0,0.0,0.0,0.0,0.0,0.0,
FRA-Ligue 1,1718,2018-04-07 Bordeaux-Lille,Bordeaux,Benoit Costil,True,Goalkeeper,,start,end,1.0,0.0,0.0,0.0,0.0,0.0,0.0,1.0,0.0,0.0,0.0,0.0,0.0,0.0,
FRA-Ligue 1,1718,2018-04-07 Bordeaux-Lille,Lille,Hervé Koffi,False,Goalkeeper,,start,end,1.0,0.0,0.0,0.0,0.0,0.0,0.0,2.0,4.0,0.0,0.0,0.0,0.0,0.0,
FRA-Ligue 1,1718,2018-04-07 Guingamp-Troyes,Guingamp,Karl-Johan Johnsson,True,Goalkeeper,,start,end,1.0,0.0,0.0,0.0,0.0,0.0,0.0,0.0,4.0,0.0,0.0,0.0,0.0,0.0,
FRA-Ligue 1,1718,2018-04-07 Guingamp-Troyes,Troyes,Edwin Zelazny,False,Goalkeeper,,start,end,1.0,0.0,0.0,0.0,0.0,0.0,0.0,4.0,6.0,0.0,0.0,0.0,0.0,0.0,
FRA-Ligue 1,1718,2018-04-07 SC Amiens-Caen,Caen,Rémy Vercoutre,False,Goalkeeper,,start,end,1.0,0.0,0.0,0.0,0.0,0.0,0.0,3.0,1.0,0.0,0.0,0.0,0.0,0.0,
FRA-Ligue 1,1718,2018-04-07 SC Amiens-Caen,SC Amiens,Régis Gurtner,True,Goalkeeper,,start,end,1.0,0.0,0.0,0.0,0.0,0.0,0.0,0.0,6.0,0.0,0.0,0.0,0.0,0.0,
FRA-Ligue 1,1718,2018-04-07 Toulouse-Dijon FCO,Dijon FCO,Baptiste Reynet,False,Goalkeeper,,start,end,1.0,0.0,1.0,0.0,0.0,0.0,0.0,0.0,5.0,0.0,0.0,0.0,0.0,0.0,
FRA-Ligue 1,1718,2018-04-07 Toulouse-Dijon FCO,Toulouse,Alban Lafont,True,Goalkeeper,,start,end,1.0,0.0,0.0,0.0,0.0,0.0,0.0,1.0,2.0,0.0,0.0,0.0,0.0,0.0,
FRA-Ligue 1,1718,2018-04-08 Marseille-Montpellier,Marseille,Yohann Pelé,True,Goalkeeper,,start,end,1.0,0.0,0.0,0.0,0.0,0.0,0.0,0.0,2.0,0.0,0.0,0.0,0.0,0.0,
FRA-Ligue 1,1718,2018-04-08 Marseille-Montpellier,Montpellier,Benjamin Lecomte,False,Goalkeeper,,start,end,1.0,0.0,0.0,0.0,0.0,0.0,0.0,0.0,3.0,0.0,0.0,0.0,0.0,0.0,
FRA-Ligue 1,1718,2018-04-08 Metz-Lyon,Lyon,Anthony Lopes,False,Goalkeeper,,start,end,1.0,0.0,0.0,0.0,0.0,0.0,0.0,0.0,5.0,0.0,0.0,0.0,0.0,0.0,
FRA-Ligue 1,1718,2018-04-08 Metz-Lyon,Metz,Eiji Kawashima,True,Goalkeeper,,start,end,1.0,0.0,0.0,0.0,0.0,0.0,0.0,5.0,1.0,0.0,0.0,0.0,0.0,0.0,
FRA-Ligue 1,1718,2018-04-08 Nice-Stade Rennais,Nice,Walter Benítez,True,Goalkeeper,,start,end,1.0,0.0,0.0,0.0,0.0,0.0,0.0,1.0,2.0,0.0,0.0,0.0,0.0,0.0,
FRA-Ligue 1,1718,2018-04-08 Nice-Stade Rennais,Stade Rennais,Tomas Koubek,False,Goalkeeper,,start,end,1.0,0.0,0.0,0.0,0.0,0.0,0.0,1.0,1.0,0.0,0.0,0.0,0.0,0.0,
FRA-Ligue 1,1718,2018-04-13 Angers-Nice,Angers,Ludovic Butelle,True,Goalkeeper,,start,end,1.0,0.0,0.0,0.0,0.0,0.0,0.0,1.0,6.0,0.0,0.0,0.0,0.0,0.0,
FRA-Ligue 1,1718,2018-04-13 Angers-Nice,Nice,Walter Benítez,False,Goalkeeper,,start,end,1.0,0.0,0.0,0.0,0.0,0.0,1.0,1.0,2.0,0.0,0.0,0.0,0.0,0.0,
FRA-Ligue 1,1718,2018-04-14 Lille-Guingamp,Guingamp,Karl-Johan Johnsson,False,Goalkeeper,,start,end,1.0,0.0,0.0,0.0,0.0,0.0,0.0,2.0,1.0,0.0,0.0,0.0,0.0,0.0,
FRA-Ligue 1,1718,2018-04-14 Lille-Guingamp,Lille,Hervé Koffi,True,Goalkeeper,,start,end,1.0,0.0,2.0,0.0,0.0,0.0,0.0,2.0,2.0,0.0,0.0,0.0,0.0,0.0,
FRA-Ligue 1,1718,2018-04-14 Lyon-SC Amiens,Lyon,Anthony Lopes,True,Goalkeeper,,start,end,1.0,0.0,0.0,0.0,0.0,0.0,0.0,0.0,2.0,0.0,0.0,0.0,0.0,0.0,
FRA-Ligue 1,1718,2018-04-14 Lyon-SC Amiens,SC Amiens,Régis Gurtner,False,Goalkeeper,,start,end,1.0,0.0,2.0,0.0,0.0,0.0,0.0,3.0,5.0,0.0,0.0,0.0,0.0,0.0,
FRA-Ligue 1,1718,2018-04-14 Nantes-Dijon FCO,Dijon FCO,Baptiste Reynet,False,Goalkeeper,,start,end,1.0,0.0,0.0,0.0,0.0,0.0,0.0,1.0,1.0,0.0,0.0,0.0,0.0,0.0,
FRA-Ligue 1,1718,2018-04-14 Nantes-Dijon FCO,Nantes,Ciprian Tatarusanu,True,Goalkeeper,,start,end,1.0,0.0,0.0,0.0,0.0,0.0,0.0,1.0,3.0,0.0,0.0,0.0,0.0,0.0,
FRA-Ligue 1,1718,2018-04-14 Stade Rennais-Metz,Metz,Eiji Kawashima,False,Goalkeeper,,start,end,1.0,0.0,0.0,0.0,0.0,0.0,0.0,1.0,1.0,0.0,0.0,0.0,0.0,0.0,
FRA-Ligue 1,1718,2018-04-14 Stade Rennais-Metz,Stade Rennais,Tomas Koubek,True,Goalkeeper,,start,end,1.0,0.0,0.0,0.0,0.0,0.0,0.0,2.0,5.0,0.0,0.0,0.0,0.0,0.0,
FRA-Ligue 1,1718,2018-04-14 Strasbourg-Saint-Étienne,Saint-Étienne,Stéphane Ruffier,False,Goalkeeper,,start,end,1.0,0.0,0.0,0.0,0.0,0.0,0.0,0.0,6.0,0.0,0.0,0.0,0.0,0.0,
FRA-Ligue 1,1718,2018-04-14 Strasbourg-Saint-Étienne,Strasbourg,Alexandre Oukidja,True,Goalkeeper,,start,end,1.0,0.0,0.0,0.0,0.0,0.0,0.0,1.0,0.0,0.0,0.0,0.0,0.0,0.0,
FRA-Ligue 1,1718,2018-04-15 Montpellier-Bordeaux,Bordeaux,Benoit Costil,False,Goalkeeper,,start,end,1.0,0.0,1.0,0.0,0.0,0.0,0.0,1.0,4.0,0.0,0.0,0.0,0.0,0.0,
FRA-Ligue 1,1718,2018-04-15 Montpellier-Bordeaux,Montpellier,Benjamin Lecomte,True,Goalkeeper,,start,end,1.0,0.0,0.0,0.0,0.0,0.0,0.0,3.0,1.0,0.0,0.0,0.0,0.0,0.0,
FRA-Ligue 1,1718,2018-04-15 Paris Saint-Germain-AS Monaco,AS Monaco,Danijel Subasic,False,Goalkeeper,,start,end,1.0,0.0,0.0,0.0,0.0,0.0,0.0,7.0,1.0,0.0,0.0,0.0,0.0,0.0,
FRA-Ligue 1,1718,2018-04-15 Paris Saint-Germain-AS Monaco,Paris Saint-Germain,Alphonse Areola,True,Goalkeeper,,start,end,1.0,0.0,0.0,0.0,0.0,0.0,0.0,1.0,1.0,0.0,0.0,0.0,0.0,0.0,
FRA-Ligue 1,1718,2018-04-15 Troyes-Marseille,Marseille,Yohann Pelé,False,Goalkeeper,,start,end,1.0,0.0,1.0,0.0,0.0,0.0,0.0,2.0,4.0,0.0,0.0,0.0,0.0,0.0,
FRA-Ligue 1,1718,2018-04-15 Troyes-Marseille,Troyes,Edwin Zelazny,True,Goalkeeper,,start,end,1.0,0.0,1.0,0.0,0.0,0.0,1.0,3.0,6.0,0.0,0.0,0.0,0.0,0.0,
FRA-Ligue 1,1718,2018-04-20 Dijon FCO-Lyon,Dijon FCO,Baptiste Reynet,True,Goalkeeper,,start,end,1.0,0.0,0.0,0.0,0.0,0.0,0.0,5.0,7.0,0.0,0.0,0.0,0.0,0.0,
FRA-Ligue 1,1718,2018-04-20 Dijon FCO-Lyon,Lyon,Anthony Lopes,False,Goalkeeper,,start,end,1.0,0.0,0.0,0.0,0.0,0.0,0.0,2.0,3.0,0.0,0.0,0.0,0.0,0.0,
FRA-Ligue 1,1718,2018-04-20 Nantes-Stade Rennais,Nantes,Ciprian Tatarusanu,True,Goalkeeper,,start,end,1.0,0.0,0.0,0.0,0.0,0.0,0.0,1.0,4.0,0.0,0.0,0.0,0.0,0.0,
FRA-Ligue 1,1718,2018-04-20 Nantes-Stade Rennais,Stade Rennais,Tomas Koubek,False,Goalkeeper,,start,end,1.0,0.0,0.0,0.0,0.0,0.0,0.0,1.0,4.0,0.0,0.0,0.0,0.0,0.0,
FRA-Ligue 1,1718,2018-04-21 Guingamp-AS Monaco,AS Monaco,Seydou Sy,False,Goalkeeper,,start,end,1.0,0.0,0.0,0.0,0.0,0.0,0.0,3.0,9.0,0.0,0.0,0.0,0.0,0.0,
FRA-Ligue 1,1718,2018-04-21 Guingamp-AS Monaco,Guingamp,Karl-Johan Johnsson,True,Goalkeeper,,start,end,1.0,0.0,0.0,0.0,0.0,0.0,0.0,1.0,0.0,0.0,0.0,0.0,0.0,0.0,
FRA-Ligue 1,1718,2018-04-21 Marseille-Lille,Lille,Hervé Koffi,False,Goalkeeper,,start,end,1.0,0.0,0.0,0.0,0.0,0.0,0.0,5.0,3.0,0.0,0.0,0.0,0.0,0.0,
FRA-Ligue 1,1718,2018-04-21 Marseille-Lille,Marseille,Yohann Pelé,True,Goalkeeper,,start,end,1.0,0.0,0.0,0.0,0.0,0.0,0.0,1.0,2.0,0.0,0.0,0.0,0.0,0.0,
FRA-Ligue 1,1718,2018-04-21 Metz-Caen,Caen,Rémy Vercoutre,False,Goalkeeper,,start,end,1.0,0.0,0.0,0.0,0.0,0.0,0.0,1.0,3.0,0.0,0.0,0.0,0.0,0.0,
FRA-Ligue 1,1718,2018-04-21 Metz-Caen,Metz,Eiji Kawashima,True,Goalkeeper,,start,end,1.0,0.0,0.0,0.0,0.0,0.0,0.0,1.0,3.0,0.0,0.0,0.0,0.0,0.0,
FRA-Ligue 1,1718,2018-04-21 SC Amiens-Strasbourg,SC Amiens,Régis Gurtner,True,Goalkeeper,,start,end,1.0,0.0,0.0,0.0,0.0,0.0,0.0,1.0,1.0,0.0,0.0,0.0,0.0,0.0,
FRA-Ligue 1,1718,2018-04-21 SC Amiens-Strasbourg,Strasbourg,Alexandre Oukidja,False,Goalkeeper,,start,end,1.0,0.0,0.0,0.0,0.0,0.0,0.0,3.0,2.0,0.0,0.0,0.0,0.0,0.0,
FRA-Ligue 1,1718,2018-04-21 Toulouse-Angers,Angers,Ludovic Butelle,False,Goalkeeper,,start,end,1.0,0.0,0.0,0.0,0.0,0.0,0.0,2.0,6.0,0.0,0.0,0.0,0.0,0.0,
FRA-Ligue 1,1718,2018-04-21 Toulouse-Angers,Toulouse,Alban Lafont,True,Goalkeeper,,start,end,1.0,0.0,0.0,0.0,0.0,0.0,0.0,0.0,0.0,0.0,0.0,0.0,0.0,0.0,
FRA-Ligue 1,1718,2018-04-22 Bordeaux-Paris Saint-Germain,Bordeaux,Benoit Costil,True,Goalkeeper,,start,end,1.0,0.0,0.0,0.0,0.0,0.0,0.0,1.0,1.0,0.0,0.0,0.0,0.0,0.0,
FRA-Ligue 1,1718,2018-04-22 Bordeaux-Paris Saint-Germain,Paris Saint-Germain,Alphonse Areola,False,Goalkeeper,,start,end,1.0,0.0,0.0,0.0,0.0,0.0,0.0,0.0,8.0,0.0,0.0,0.0,0.0,0.0,
FRA-Ligue 1,1718,2018-04-22 Nice-Montpellier,Montpellier,Benjamin Lecomte,False,Goalkeeper,,start,end,1.0,0.0,0.0,0.0,0.0,0.0,0.0,1.0,3.0,0.0,0.0,0.0,0.0,0.0,
FRA-Ligue 1,1718,2018-04-22 Nice-Montpellier,Nice,Walter Benítez,True,Goalkeeper,,start,end,1.0,0.0,0.0,0.0,0.0,0.0,0.0,0.0,2.0,0.0,0.0,0.0,0.0,0.0,
FRA-Ligue 1,1718,2018-04-22 Saint-Étienne-Troyes,Saint-Étienne,Stéphane Ruffier,True,Goalkeeper,,start,end,1.0,0.0,0.0,0.0,0.0,0.0,0.0,1.0,2.0,0.0,0.0,0.0,0.0,0.0,
FRA-Ligue 1,1718,2018-04-22 Saint-Étienne-Troyes,Troyes,Edwin Zelazny,False,Goalkeeper,,start,end,1.0,0.0,1.0,0.0,0.0,0.0,0.0,2.0,4.0,0.0,0.0,0.0,0.0,0.0,
FRA-Ligue 1,1718,2018-04-25 Caen-Toulouse,Caen,Rémy Vercoutre,True,Goalkeeper,,start,end,1.0,0.0,0.0,0.0,0.0,0.0,0.0,0.0,2.0,0.0,0.0,0.0,0.0,0.0,
FRA-Ligue 1,1718,2018-04-25 Caen-Toulouse,Toulouse,Alban Lafont,False,Goalkeeper,,start,end,1.0,0.0,0.0,0.0,0.0,0.0,0.0,0.0,0.0,0.0,0.0,0.0,0.0,0.0,
FRA-Ligue 1,1718,2018-04-27 Montpellier-Saint-Étienne,Montpellier,Benjamin Lecomte,True,Goalkeeper,,start,end,1.0,0.0,0.0,0.0,0.0,0.0,0.0,1.0,4.0,0.0,0.0,0.0,0.0,0.0,
FRA-Ligue 1,1718,2018-04-27 Montpellier-Saint-Étienne,Saint-Étienne,Stéphane Ruffier,False,Goalkeeper,,start,end,1.0,0.0,0.0,0.0,0.0,0.0,1.0,0.0,5.0,0.0,0.0,0.0,0.0,0.0,
FRA-Ligue 1,1718,2018-04-28 AS Monaco-SC Amiens,AS Monaco,Danijel Subasic,True,Goalkeeper,,start,end,1.0,0.0,0.0,0.0,0.0,0.0,0.0,0.0,1.0,0.0,0.0,0.0,0.0,0.0,
FRA-Ligue 1,1718,2018-04-28 AS Monaco-SC Amiens,SC Amiens,Régis Gurtner,False,Goalkeeper,,start,end,1.0,0.0,0.0,0.0,0.0,0.0,0.0,0.0,0.0,0.0,0.0,0.0,0.0,0.0,
FRA-Ligue 1,1718,2018-04-28 Bordeaux-Dijon FCO,Bordeaux,Benoit Costil,True,Goalkeeper,,start,end,1.0,0.0,0.0,0.0,0.0,0.0,0.0,1.0,2.0,0.0,0.0,0.0,0.0,0.0,
FRA-Ligue 1,1718,2018-04-28 Bordeaux-Dijon FCO,Dijon FCO,Baptiste Reynet,False,Goalkeeper,,start,end,1.0,0.0,0.0,0.0,0.0,0.0,0.0,3.0,2.0,0.0,0.0,0.0,0.0,0.0,
FRA-Ligue 1,1718,2018-04-28 Lille-Metz,Lille,Mike Maignan,True,Goalkeeper,,start,end,1.0,0.0,0.0,0.0,0.0,0.0,0.0,1.0,3.0,0.0,0.0,0.0,0.0,0.0,
FRA-Ligue 1,1718,2018-04-28 Lille-Metz,Metz,Eiji Kawashima,False,Goalkeeper,,start,end,1.0,0.0,0.0,0.0,0.0,0.0,0.0,3.0,7.0,0.0,0.0,0.0,0.0,0.0,
FRA-Ligue 1,1718,2018-04-28 Lyon-Nantes,Lyon,Anthony Lopes,True,Goalkeeper,,start,end,1.0,0.0,1.0,0.0,0.0,0.0,0.0,0.0,4.0,0.0,0.0,0.0,0.0,0.0,
FRA-Ligue 1,1718,2018-04-28 Lyon-Nantes,Nantes,Ciprian Tatarusanu,False,Goalkeeper,,start,end,1.0,0.0,1.0,0.0,0.0,0.0,0.0,2.0,8.0,0.0,0.0,0.0,0.0,0.0,
FRA-Ligue 1,1718,2018-04-28 Strasbourg-Nice,Nice,Walter Benítez,False,Goalkeeper,1,start,end,1.0,0.0,0.0,0.0,0.0,0.0,0.0,1.0,1.0,0.0,0.0,0.0,0.0,0.0,
FRA-Ligue 1,1718,2018-04-28 Strasbourg-Nice,Strasbourg,Alexandre Oukidja,True,Goalkeeper,1,start,end,1.0,0.0,0.0,0.0,0.0,0.0,0.0,1.0,6.0,0.0,0.0,0.0,0.0,0.0,
FRA-Ligue 1,1718,2018-04-28 Troyes-Caen,Caen,Rémy Vercoutre,False,Goalkeeper,,start,end,1.0,0.0,0.0,1.0,0.0,0.0,0.0,3.0,1.0,0.0,0.0,0.0,0.0,0.0,
FRA-Ligue 1,1718,2018-04-28 Troyes-Caen,Troyes,Edwin Zelazny,True,Goalkeeper,,start,end,1.0,0.0,0.0,0.0,0.0,0.0,0.0,1.0,1.0,0.0,0.0,0.0,0.0,0.0,
FRA-Ligue 1,1718,2018-04-29 Angers-Marseille,Angers,Ludovic Butelle,True,Goalkeeper,,start,end,1.0,0.0,0.0,0.0,0.0,0.0,0.0,1.0,4.0,0.0,0.0,0.0,0.0,0.0,
FRA-Ligue 1,1718,2018-04-29 Angers-Marseille,Marseille,Yohann Pelé,False,Goalkeeper,,start,end,1.0,0.0,0.0,0.0,0.0,0.0,1.0,1.0,5.0,0.0,0.0,0.0,0.0,0.0,
FRA-Ligue 1,1718,2018-04-29 Paris Saint-Germain-Guingamp,Guingamp,Karl-Johan Johnsson,False,Goalkeeper,,start,end,1.0,0.0,0.0,0.0,0.0,0.0,0.0,2.0,1.0,0.0,0.0,0.0,0.0,0.0,
FRA-Ligue 1,1718,2018-04-29 Paris Saint-Germain-Guingamp,Paris Saint-Germain,Alphonse Areola,True,Goalkeeper,,start,end,1.0,0.0,0.0,0.0,0.0,0.0,0.0,2.0,2.0,0.0,0.0,0.0,0.0,0.0,
FRA-Ligue 1,1718,2018-04-29 Stade Rennais-Toulouse,Stade Rennais,Tomas Koubek,True,Goalkeeper,,start,end,1.0,0.0,0.0,0.0,0.0,0.0,0.0,1.0,2.0,0.0,0.0,0.0,0.0,0.0,
FRA-Ligue 1,1718,2018-04-29 Stade Rennais-Toulouse,Toulouse,Alban Lafont,False,Goalkeeper,,start,end,1.0,0.0,0.0,0.0,0.0,0.0,0.0,2.0,1.0,0.0,0.0,0.0,0.0,1.0,
FRA-Ligue 1,1718,2018-05-04 SC Amiens-Paris Saint-Germain,Paris Saint-Germain,Alphonse Areola,False,Goalkeeper,,start,end,1.0,0.0,0.0,0.0,0.0,0.0,0.0,2.0,3.0,0.0,0.0,0.0,0.0,0.0,
FRA-Ligue 1,1718,2018-05-04 SC Amiens-Paris Saint-Germain,SC Amiens,Régis Gurtner,True,Goalkeeper,,start,end,1.0,0.0,0.0,0.0,0.0,0.0,0.0,2.0,5.0,0.0,0.0,0.0,0.0,0.0,
FRA-Ligue 1,1718,2018-05-06 Caen-AS Monaco,AS Monaco,Danijel Subasic,False,Goalkeeper,,start,end,1.0,0.0,0.0,0.0,0.0,0.0,0.0,1.0,4.0,0.0,0.0,0.0,0.0,0.0,
FRA-Ligue 1,1718,2018-05-06 Caen-AS Monaco,Caen,Rémy Vercoutre,True,Goalkeeper,,start,end,1.0,0.0,0.0,0.0,0.0,0.0,0.0,2.0,2.0,0.0,0.0,0.0,0.0,0.0,
FRA-Ligue 1,1718,2018-05-06 Dijon FCO-Guingamp,Dijon FCO,Baptiste Reynet,True,Goalkeeper,,start,end,1.0,0.0,0.0,0.0,0.0,0.0,0.0,1.0,0.0,0.0,0.0,0.0,0.0,0.0,
FRA-Ligue 1,1718,2018-05-06 Dijon FCO-Guingamp,Guingamp,Karl-Johan Johnsson,False,Goalkeeper,,start,end,1.0,0.0,0.0,0.0,0.0,0.0,0.0,3.0,6.0,0.0,0.0,0.0,0.0,0.0,
FRA-Ligue 1,1718,2018-05-06 Lyon-Troyes,Lyon,Mathieu Gorgelin,True,Goalkeeper,,start,end,1.0,0.0,0.0,0.0,0.0,0.0,0.0,0.0,4.0,0.0,0.0,0.0,0.0,0.0,
FRA-Ligue 1,1718,2018-05-06 Lyon-Troyes,Troyes,Edwin Zelazny,False,Goalkeeper,,start,end,1.0,0.0,0.0,0.0,0.0,0.0,0.0,3.0,2.0,0.0,0.0,0.0,0.0,0.0,
FRA-Ligue 1,1718,2018-05-06 Marseille-Nice,Marseille,Steve Mandanda,True,Goalkeeper,,start,end,1.0,0.0,0.0,0.0,0.0,0.0,0.0,1.0,1.0,0.0,0.0,0.0,0.0,0.0,
FRA-Ligue 1,1718,2018-05-06 Marseille-Nice,Nice,Walter Benítez,False,Goalkeeper,,start,end,1.0,0.0,0.0,0.0,0.0,0.0,0.0,2.0,6.0,0.0,0.0,0.0,0.0,0.0,
FRA-Ligue 1,1718,2018-05-06 Metz-Angers,Angers,Ludovic Butelle,False,Goalkeeper,,start,end,1.0,0.0,0.0,0.0,0.0,0.0,0.0,1.0,3.0,0.0,0.0,0.0,0.0,0.0,
FRA-Ligue 1,1718,2018-05-06 Metz-Angers,Metz,Eiji Kawashima,True,Goalkeeper,,start,end,1.0,0.0,0.0,0.0,0.0,0.0,0.0,2.0,2.0,0.0,0.0,0.0,0.0,0.0,
FRA-Ligue 1,1718,2018-05-06 Nantes-Montpellier,Montpellier,Benjamin Lecomte,False,Goalkeeper,,start,end,1.0,0.0,0.0,0.0,0.0,0.0,0.0,0.0,2.0,0.0,0.0,0.0,0.0,0.0,
FRA-Ligue 1,1718,2018-05-06 Nantes-Montpellier,Nantes,Ciprian Tatarusanu,True,Goalkeeper,,start,end,1.0,0.0,0.0,0.0,0.0,0.0,0.0,2.0,5.0,0.0,0.0,0.0,0.0,0.0,
FRA-Ligue 1,1718,2018-05-06 Saint-Étienne-Bordeaux,Bordeaux,Benoit Costil,False,Goalkeeper,,start,end,1.0,0.0,0.0,0.0,0.0,0.0,1.0,1.0,2.0,0.0,0.0,0.0,0.0,0.0,
FRA-Ligue 1,1718,2018-05-06 Saint-Étienne-Bordeaux,Saint-Étienne,Stéphane Ruffier,True,Goalkeeper,,start,end,1.0,0.0,0.0,0.0,0.0,0.0,0.0,3.0,2.0,0.0,0.0,0.0,0.0,0.0,
FRA-Ligue 1,1718,2018-05-06 Stade Rennais-Strasbourg,Stade Rennais,Tomas Koubek,True,Goalkeeper,,start,end,1.0,0.0,0.0,0.0,0.0,0.0,0.0,1.0,2.0,0.0,0.0,0.0,0.0,0.0,
FRA-Ligue 1,1718,2018-05-06 Stade Rennais-Strasbourg,Strasbourg,Alexandre Oukidja,False,Goalkeeper,,start,end,1.0,0.0,0.0,0.0,0.0,0.0,0.0,2.0,0.0,0.0,0.0,0.0,0.0,0.0,
FRA-Ligue 1,1718,2018-05-06 Toulouse-Lille,Lille,Mike Maignan,False,Goalkeeper,,start,end,1.0,0.0,0.0,0.0,0.0,0.0,0.0,2.0,2.0,0.0,0.0,0.0,0.0,0.0,
FRA-Ligue 1,1718,2018-05-06 Toulouse-Lille,Toulouse,Alban Lafont,True,Goalkeeper,,start,end,1.0,0.0,0.0,0.0,0.0,0.0,0.0,3.0,5.0,0.0,0.0,0.0,0.0,0.0,
FRA-Ligue 1,1718,2018-05-11 Guingamp-Marseille,Guingamp,Karl-Johan Johnsson,True,Goalkeeper,,start,end,1.0,0.0,0.0,0.0,0.0,0.0,0.0,3.0,2.0,0.0,0.0,0.0,0.0,0.0,
FRA-Ligue 1,1718,2018-05-11 Guingamp-Marseille,Marseille,Steve Mandanda,False,Goalkeeper,,start,end,1.0,1.0,0.0,0.0,1.0,0.0,0.0,2.0,2.0,0.0,0.0,0.0,0.0,0.0,
FRA-Ligue 1,1718,2018-05-12 AS Monaco-Saint-Étienne,AS Monaco,Danijel Subasic,True,Goalkeeper,,start,end,1.0,0.0,0.0,0.0,0.0,0.0,0.0,0.0,3.0,0.0,0.0,0.0,0.0,0.0,
FRA-Ligue 1,1718,2018-05-12 AS Monaco-Saint-Étienne,Saint-Étienne,Stéphane Ruffier,False,Goalkeeper,,start,end,1.0,0.0,0.0,0.0,0.0,0.0,0.0,1.0,3.0,0.0,0.0,0.0,0.0,0.0,
FRA-Ligue 1,1718,2018-05-12 Angers-Nantes,Angers,Ludovic Butelle,True,Goalkeeper,,start,end,1.0,0.0,1.0,0.0,0.0,0.0,0.0,2.0,0.0,0.0,0.0,0.0,0.0,0.0,
FRA-Ligue 1,1718,2018-05-12 Angers-Nantes,Nantes,Ciprian Tatarusanu,False,Goalkeeper,,start,end,1.0,0.0,0.0,0.0,0.0,0.0,0.0,0.0,2.0,0.0,0.0,0.0,0.0,0.0,
FRA-Ligue 1,1718,2018-05-12 Bordeaux-Toulouse,Bordeaux,Benoit Costil,True,Goalkeeper,,start,end,1.0,0.0,0.0,0.0,0.0,0.0,0.0,2.0,2.0,0.0,0.0,0.0,0.0,0.0,
FRA-Ligue 1,1718,2018-05-12 Bordeaux-Toulouse,Toulouse,Alban Lafont,False,Goalkeeper,,start,end,1.0,0.0,0.0,0.0,0.0,0.0,0.0,4.0,2.0,0.0,0.0,0.0,0.0,0.0,
FRA-Ligue 1,1718,2018-05-12 Lille-Dijon FCO,Dijon FCO,Baptiste Reynet,False,Goalkeeper,,start,end,1.0,0.0,0.0,0.0,0.0,0.0,0.0,2.0,1.0,0.0,0.0,0.0,0.0,0.0,
FRA-Ligue 1,1718,2018-05-12 Lille-Dijon FCO,Lille,Mike Maignan,True,Goalkeeper,,start,end,1.0,0.0,0.0,0.0,0.0,0.0,0.0,1.0,5.0,0.0,0.0,0.0,0.0,0.0,
FRA-Ligue 1,1718,2018-05-12 Montpellier-Troyes,Montpellier,Benjamin Lecomte,True,Goalkeeper,,start,end,1.0,0.0,0.0,0.0,0.0,0.0,0.0,1.0,1.0,0.0,0.0,0.0,0.0,0.0,
FRA-Ligue 1,1718,2018-05-12 Montpellier-Troyes,Troyes,Edwin Zelazny,False,Goalkeeper,,start,end,1.0,0.0,1.0,0.0,0.0,0.0,0.0,1.0,2.0,0.0,0.0,0.0,0.0,0.0,
FRA-Ligue 1,1718,2018-05-12 Nice-Caen,Caen,Brice Samba,False,Goalkeeper,,start,end,1.0,0.0,0.0,0.0,0.0,0.0,0.0,4.0,4.0,0.0,0.0,0.0,0.0,0.0,
FRA-Ligue 1,1718,2018-05-12 Nice-Caen,Nice,Walter Benítez,True,Goalkeeper,,start,end,1.0,0.0,0.0,0.0,0.0,0.0,0.0,1.0,4.0,0.0,0.0,0.0,0.0,0.0,
FRA-Ligue 1,1718,2018-05-12 Paris Saint-Germain-Stade Rennais,Paris Saint-Germain,Kevin Trapp,True,Goalkeeper,,start,end,1.0,0.0,1.0,0.0,0.0,0.0,0.0,2.0,0.0,0.0,0.0,0.0,0.0,0.0,
FRA-Ligue 1,1718,2018-05-12 Paris Saint-Germain-Stade Rennais,Stade Rennais,Tomas Koubek,False,Goalkeeper,,start,end,1.0,0.0,0.0,0.0,0.0,0.0,0.0,0.0,5.0,0.0,0.0,0.0,0.0,0.0,
FRA-Ligue 1,1718,2018-05-12 SC Amiens-Metz,Metz,Thomas Didillon,False,Goalkeeper,,start,end,1.0,0.0,0.0,0.0,0.0,0.0,0.0,2.0,0.0,0.0,0.0,0.0,0.0,0.0,
FRA-Ligue 1,1718,2018-05-12 SC Amiens-Metz,SC Amiens,Régis Gurtner,True,Goalkeeper,,start,end,1.0,0.0,0.0,0.0,0.0,0.0,0.0,0.0,1.0,0.0,0.0,0.0,0.0,0.0,
FRA-Ligue 1,1718,2018-05-12 Strasbourg-Lyon,Lyon,Mathieu Gorgelin,False,Goalkeeper,,start,end,1.0,0.0,1.0,0.0,0.0,0.0,0.0,3.0,1.0,0.0,0.0,0.0,0.0,0.0,
FRA-Ligue 1,1718,2018-05-12 Strasbourg-Lyon,Strasbourg,Alexandre Oukidja,True,Goalkeeper,,start,end,1.0,0.0,0.0,0.0,0.0,0.0,1.0,2.0,1.0,0.0,0.0,0.0,0.0,0.0,
FRA-Ligue 1,1718,2018-05-15 Le Havre AC-Brest,Brest,Gautier Larsonneur,False,Goalkeeper,,start,end,1.0,0.0,0.0,0.0,0.0,0.0,0.0,2.0,1.0,0.0,0.0,0.0,0.0,0.0,
FRA-Ligue 1,1718,2018-05-15 Le Havre AC-Brest,Le Havre AC,Yohann Thuram-Ulien,True,Goalkeeper,,start,end,1.0,0.0,1.0,0.0,0.0,0.0,0.0,0.0,2.0,0.0,0.0,0.0,0.0,0.0,
FRA-Ligue 1,1718,2018-05-19 Caen-Paris Saint-Germain,Caen,Brice Samba,True,Goalkeeper,,start,end,1.0,0.0,0.0,0.0,0.0,0.0,0.0,0.0,2.0,0.0,0.0,0.0,0.0,0.0,
FRA-Ligue 1,1718,2018-05-19 Caen-Paris Saint-Germain,Paris Saint-Germain,Alphonse Areola,False,Goalkeeper,,start,end,1.0,0.0,0.0,0.0,0.0,0.0,0.0,0.0,6.0,0.0,0.0,0.0,0.0,0.0,
FRA-Ligue 1,1718,2018-05-19 Dijon FCO-Angers,Angers,Ludovic Butelle,False,Goalkeeper,,start,end,1.0,0.0,0.0,0.0,0.0,0.0,0.0,2.0,0.0,0.0,0.0,0.0,0.0,0.0,
FRA-Ligue 1,1718,2018-05-19 Dijon FCO-Angers,Dijon FCO,Baptiste Reynet,True,Goalkeeper,,start,end,1.0,0.0,0.0,0.0,0.0,0.0,0.0,1.0,7.0,0.0,0.0,0.0,0.0,0.0,
FRA-Ligue 1,1718,2018-05-19 Lyon-Nice,Lyon,Mathieu Gorgelin,True,Goalkeeper,,start,end,1.0,0.0,0.0,0.0,0.0,0.0,0.0,2.0,2.0,0.0,0.0,0.0,0.0,0.0,
FRA-Ligue 1,1718,2018-05-19 Lyon-Nice,Nice,Walter Benítez,False,Goalkeeper,,start,end,1.0,0.0,0.0,0.0,0.0,0.0,1.0,3.0,5.0,0.0,0.0,0.0,0.0,0.0,
FRA-Ligue 1,1718,2018-05-19 Marseille-SC Amiens,Marseille,Steve Mandanda,True,Goalkeeper,,start,end,1.0,0.0,0.0,0.0,0.0,0.0,0.0,1.0,1.0,0.0,0.0,0.0,0.0,0.0,
FRA-Ligue 1,1718,2018-05-19 Marseille-SC Amiens,SC Amiens,Régis Gurtner,False,Goalkeeper,,start,end,1.0,0.0,0.0,0.0,0.0,0.0,0.0,2.0,9.0,0.0,0.0,0.0,0.0,0.0,
FRA-Ligue 1,1718,2018-05-19 Metz-Bordeaux,Bordeaux,Benoit Costil,False,Goalkeeper,,start,end,1.0,0.0,0.0,0.0,0.0,0.0,0.0,0.0,0.0,0.0,0.0,0.0,0.0,0.0,
FRA-Ligue 1,1718,2018-05-19 Metz-Bordeaux,Metz,Eiji Kawashima,True,Goalkeeper,,start,end,1.0,0.0,1.0,0.0,0.0,0.0,0.0,4.0,3.0,0.0,0.0,0.0,0.0,0.0,
FRA-Ligue 1,1718,2018-05-19 Nantes-Strasbourg,Nantes,Ciprian Tatarusanu,True,Goalkeeper,,start,end,1.0,0.0,0.0,0.0,0.0,0.0,0.0,0.0,2.0,0.0,0.0,0.0,0.0,0.0,
FRA-Ligue 1,1718,2018-05-19 Nantes-Strasbourg,Strasbourg,Bingourou Kamara,False,Goalkeeper,,start,end,1.0,0.0,0.0,0.0,0.0,0.0,0.0,1.0,1.0,0.0,0.0,0.0,0.0,0.0,
FRA-Ligue 1,1718,2018-05-19 Saint-Étienne-Lille,Lille,Mike Maignan,False,Goalkeeper,,start,end,1.0,0.0,0.0,0.0,0.0,0.0,0.0,5.0,3.0,0.0,0.0,0.0,0.0,0.0,
FRA-Ligue 1,1718,2018-05-19 Saint-Étienne-Lille,Saint-Étienne,Stéphane Ruffier,True,Goalkeeper,,start,end,1.0,0.0,0.0,0.0,0.0,0.0,0.0,0.0,3.0,0.0,0.0,0.0,0.0,0.0,
FRA-Ligue 1,1718,2018-05-19 Stade Rennais-Montpellier,Montpellier,Benjamin Lecomte,False,Goalkeeper,,start,end,1.0,2.0,0.0,0.0,0.0,0.0,0.0,1.0,0.0,0.0,0.0,0.0,0.0,0.0,
FRA-Ligue 1,1718,2018-05-19 Stade Rennais-Montpellier,Stade Rennais,Tomas Koubek,True,Goalkeeper,,start,end,1.0,0.0,0.0,0.0,0.0,0.0,0.0,1.0,4.0,0.0,0.0,0.0,0.0,0.0,
FRA-Ligue 1,1718,2018-05-19 Toulouse-Guingamp,Guingamp,Karl-Johan Johnsson,False,Goalkeeper,,start,end,1.0,0.0,0.0,0.0,0.0,0.0,0.0,2.0,5.0,0.0,0.0,0.0,0.0,0.0,
FRA-Ligue 1,1718,2018-05-19 Toulouse-Guingamp,Toulouse,Alban Lafont,True,Goalkeeper,,start,end,1.0,0.0,0.0,0.0,0.0,0.0,0.0,1.0,5.0,0.0,0.0,0.0,0.0,0.0,
FRA-Ligue 1,1718,2018-05-19 Troyes-AS Monaco,AS Monaco,Danijel Subasic,False,Goalkeeper,,start,end,1.0,0.0,0.0,0.0,0.0,0.0,0.0,0.0,4.0,0.0,0.0,0.0,0.0,0.0,
FRA-Ligue 1,1718,2018-05-19 Troyes-AS Monaco,Troyes,Edwin Zelazny,True,Goalkeeper,,start,end,1.0,0.0,0.0,0.0,0.0,0.0,0.0,3.0,10.0,0.0,0.0,0.0,0.0,0.0,
FRA-Ligue 1,1718,2018-05-20 AC Ajaccio-Le Havre AC,AC Ajaccio,Jean-Louis Leca,True,Goalkeeper,,start,end,1.0,0.0,0.0,0.0,0.0,0.0,0.0,2.0,4.0,0.0,0.0,0.0,0.0,0.0,
FRA-Ligue 1,1718,2018-05-20 AC Ajaccio-Le Havre AC,Le Havre AC,Yohann Thuram-Ulien,False,Goalkeeper,,start,end,1.0,0.0,0.0,0.0,0.0,0.0,0.0,2.0,2.0,0.0,0.0,0.0,0.0,0.0,
FRA-Ligue 1,1718,2018-05-23 AC Ajaccio-Toulouse,AC Ajaccio,Jean-Louis Leca,True,Goalkeeper,,start,45,1.0,0.0,0.0,0.0,0.0,0.0,0.0,1.0,1.0,0.0,0.0,0.0,0.0,0.0,
FRA-Ligue 1,1718,2018-05-23 AC Ajaccio-Toulouse,Toulouse,Alban Lafont,False,Goalkeeper,,start,end,1.0,0.0,0.0,0.0,0.0,0.0,0.0,0.0,1.0,0.0,0.0,0.0,0.0,0.0,
FRA-Ligue 1,1718,2018-05-27 Toulouse-AC Ajaccio,AC Ajaccio,Riffi Mandanda,False,Goalkeeper,,start,end,1.0,0.0,0.0,0.0,0.0,0.0,0.0,1.0,5.0,0.0,0.0,0.0,0.0,0.0,
FRA-Ligue 1,1718,2018-05-27 Toulouse-AC Ajaccio,Toulouse,Alban Lafont,True,Goalkeeper,,start,end,1.0,0.0,0.0,0.0,0.0,0.0,0.0,0.0,1.0,0.0,0.0,0.0,0.0,0.0,
