league,season,game,team,player,is_home,position,formation_place,sub_in,sub_out,appearances,fouls_committed,fouls_suffered,own_goals,red_cards,sub_ins,yellow_cards,goals_conceded,saves,shots_faced,goal_assists,shots_on_target,total_goals,total_shots,offsides
ITA-Serie A,2223,2022-08-13 AC Milan-Udinese,AC Milan,Mike Maignan,True,Goalkeeper,1,start,end,1.0,0.0,0.0,0.0,0.0,0.0,0.0,2.0,0.0,7.0,0.0,0.0,0.0,0.0,
ITA-Serie A,2223,2022-08-13 AC Milan-Udinese,Udinese,Marco Silvestri,False,Goalkeeper,1,start,end,1.0,0.0,0.0,0.0,0.0,0.0,0.0,4.0,0.0,10.0,0.0,0.0,0.0,0.0,
ITA-Serie A,2223,2022-08-13 Lecce-Internazionale,Internazionale,Samir Handanovic,False,Goalkeeper,1,start,end,1.0,0.0,0.0,0.0,0.0,0.0,0.0,1.0,3.0,9.0,0.0,0.0,0.0,0.0,
ITA-Serie A,2223,2022-08-13 Lecce-Internazionale,Lecce,Wladimiro Falcone,True,Goalkeeper,1,start,end,1.0,0.0,0.0,0.0,0.0,0.0,0.0,2.0,7.0,13.0,0.0,0.0,0.0,0.0,
ITA-Serie A,2223,2022-08-13 Monza-Torino,Monza,Michele Di Gregorio,True,Goalkeeper,1,start,end,1.0,0.0,0.0,0.0,0.0,0.0,0.0,2.0,0.0,11.0,0.0,0.0,0.0,0.0,
ITA-Serie A,2223,2022-08-13 Monza-Torino,Torino,Vanja Milinkovic-Savic,False,Goalkeeper,1,start,end,1.0,0.0,0.0,0.0,0.0,0.0,0.0,1.0,0.0,14.0,0.0,0.0,0.0,0.0,
ITA-Serie A,2223,2022-08-13 Sampdoria-Atalanta,Atalanta,Juan Musso,False,Goalkeeper,1,start,end,1.0,0.0,1.0,0.0,0.0,0.0,1.0,0.0,0.0,11.0,0.0,0.0,0.0,0.0,
ITA-Serie A,2223,2022-08-13 Sampdoria-Atalanta,Sampdoria,Emil Audero,True,Goalkeeper,1,start,end,1.0,0.0,0.0,0.0,0.0,0.0,0.0,2.0,0.0,7.0,0.0,0.0,0.0,0.0,
ITA-Serie A,2223,2022-08-14 Fiorentina-Cremonese,Cremonese,Andrei Radu,False,Goalkeeper,1,start,end,1.0,0.0,0.0,0.0,0.0,0.0,0.0,3.0,0.0,24.0,0.0,0.0,0.0,0.0,
ITA-Serie A,2223,2022-08-14 Fiorentina-Cremonese,Fiorentina,Pierluigi Gollini,True,Goalkeeper,1,start,end,1.0,0.0,0.0,0.0,0.0,0.0,0.0,2.0,0.0,11.0,0.0,0.0,0.0,0.0,
ITA-Serie A,2223,2022-08-14 Lazio-Bologna,Bologna,Lukasz Skorupski,False,Goalkeeper,1,start,end,1.0,0.0,0.0,0.0,0.0,0.0,0.0,1.0,0.0,8.0,0.0,0.0,0.0,0.0,
ITA-Serie A,2223,2022-08-14 Lazio-Bologna,Lazio,Luís Maximiano,True,Goalkeeper,1,start,end,1.0,0.0,0.0,0.0,1.0,0.0,0.0,1.0,0.0,10.0,0.0,0.0,0.0,0.0,
ITA-Serie A,2223,2022-08-14 Salernitana-AS Roma,AS Roma,Rui Patrício,False,Goalkeeper,1,start,end,1.0,0.0,0.0,0.0,0.0,0.0,0.0,0.0,2.0,12.0,0.0,0.0,0.0,0.0,
ITA-Serie A,2223,2022-08-14 Salernitana-AS Roma,Salernitana,Luigi Sepe,True,Goalkeeper,1,start,end,1.0,0.0,0.0,0.0,0.0,0.0,0.0,1.0,3.0,17.0,0.0,0.0,0.0,0.0,
ITA-Serie A,2223,2022-08-14 Spezia-Empoli,Empoli,Guglielmo Vicario,False,Goalkeeper,1,start,end,1.0,0.0,1.0,0.0,0.0,0.0,0.0,1.0,0.0,8.0,0.0,0.0,0.0,0.0,
ITA-Serie A,2223,2022-08-14 Spezia-Empoli,Spezia,Bartlomiej Dragowski,True,Goalkeeper,1,start,end,1.0,0.0,0.0,0.0,0.0,0.0,0.0,0.0,0.0,18.0,0.0,0.0,0.0,0.0,
ITA-Serie A,2223,2022-08-15 Hellas Verona-Napoli,Hellas Verona,Lorenzo Montipò,True,Goalkeeper,1,start,end,1.0,0.0,0.0,0.0,0.0,0.0,0.0,5.0,0.0,19.0,0.0,0.0,0.0,0.0,
ITA-Serie A,2223,2022-08-15 Hellas Verona-Napoli,Napoli,Alex Meret,False,Goalkeeper,1,start,end,1.0,0.0,0.0,0.0,0.0,0.0,0.0,2.0,0.0,4.0,0.0,0.0,0.0,0.0,
ITA-Serie A,2223,2022-08-15 Juventus-Sassuolo,Juventus,Mattia Perin,True,Goalkeeper,1,start,end,1.0,0.0,0.0,0.0,0.0,0.0,0.0,0.0,0.0,17.0,0.0,0.0,0.0,0.0,
ITA-Serie A,2223,2022-08-15 Juventus-Sassuolo,Sassuolo,Andrea Consigli,False,Goalkeeper,1,start,end,1.0,0.0,0.0,0.0,0.0,0.0,0.0,3.0,0.0,11.0,0.0,0.0,0.0,0.0,
ITA-Serie A,2223,2022-08-20 Internazionale-Spezia,Internazionale,Samir Handanovic,True,Goalkeeper,1,start,end,1.0,0.0,0.0,0.0,0.0,0.0,0.0,0.0,0.0,2.0,0.0,0.0,0.0,0.0,
ITA-Serie A,2223,2022-08-20 Internazionale-Spezia,Spezia,Bartlomiej Dragowski,False,Goalkeeper,1,start,end,1.0,0.0,1.0,0.0,0.0,0.0,0.0,3.0,5.0,14.0,0.0,0.0,0.0,0.0,
ITA-Serie A,2223,2022-08-20 Sassuolo-Lecce,Lecce,Wladimiro Falcone,False,Goalkeeper,1,start,end,1.0,0.0,1.0,0.0,0.0,0.0,0.0,1.0,2.0,11.0,0.0,0.0,0.0,0.0,
ITA-Serie A,2223,2022-08-20 Sassuolo-Lecce,Sassuolo,Andrea Consigli,True,Goalkeeper,1,start,end,1.0,0.0,0.0,0.0,0.0,0.0,0.0,0.0,1.0,7.0,0.0,0.0,0.0,0.0,
ITA-Serie A,2223,2022-08-20 Torino-Lazio,Lazio,Ivan Provedel,False,Goalkeeper,1,start,end,1.0,0.0,0.0,0.0,0.0,0.0,0.0,0.0,0.0,9.0,0.0,0.0,0.0,0.0,
ITA-Serie A,2223,2022-08-20 Torino-Lazio,Torino,Vanja Milinkovic-Savic,True,Goalkeeper,1,start,end,1.0,0.0,0.0,0.0,0.0,0.0,0.0,0.0,0.0,7.0,0.0,0.0,0.0,0.0,
ITA-Serie A,2223,2022-08-20 Udinese-Salernitana,Salernitana,Luigi Sepe,False,Goalkeeper,1,start,end,1.0,0.0,0.0,0.0,0.0,0.0,0.0,0.0,0.0,13.0,0.0,0.0,0.0,0.0,
ITA-Serie A,2223,2022-08-20 Udinese-Salernitana,Udinese,Marco Silvestri,True,Goalkeeper,1,start,end,1.0,0.0,0.0,0.0,0.0,0.0,0.0,0.0,0.0,17.0,0.0,0.0,0.0,0.0,
ITA-Serie A,2223,2022-08-21 Atalanta-AC Milan,AC Milan,Mike Maignan,False,Goalkeeper,1,start,end,1.0,0.0,0.0,0.0,0.0,0.0,0.0,1.0,0.0,10.0,0.0,0.0,0.0,0.0,
ITA-Serie A,2223,2022-08-21 Atalanta-AC Milan,Atalanta,Juan Musso,True,Goalkeeper,1,start,end,1.0,0.0,0.0,0.0,0.0,0.0,0.0,1.0,0.0,18.0,0.0,0.0,0.0,0.0,
ITA-Serie A,2223,2022-08-21 Bologna-Hellas Verona,Bologna,Lukasz Skorupski,True,Goalkeeper,1,start,end,1.0,0.0,0.0,0.0,0.0,0.0,0.0,1.0,0.0,14.0,0.0,0.0,0.0,0.0,
ITA-Serie A,2223,2022-08-21 Bologna-Hellas Verona,Hellas Verona,Lorenzo Montipò,False,Goalkeeper,1,start,end,1.0,0.0,0.0,0.0,0.0,0.0,0.0,1.0,0.0,15.0,0.0,0.0,0.0,0.0,
ITA-Serie A,2223,2022-08-21 Empoli-Fiorentina,Empoli,Guglielmo Vicario,True,Goalkeeper,1,start,end,1.0,0.0,1.0,0.0,0.0,0.0,0.0,0.0,0.0,18.0,0.0,0.0,0.0,0.0,
ITA-Serie A,2223,2022-08-21 Empoli-Fiorentina,Fiorentina,Pierluigi Gollini,False,Goalkeeper,1,start,end,1.0,0.0,0.0,0.0,0.0,0.0,0.0,0.0,0.0,4.0,0.0,0.0,0.0,0.0,
ITA-Serie A,2223,2022-08-21 Napoli-Monza,Monza,Michele Di Gregorio,False,Goalkeeper,1,start,end,1.0,0.0,0.0,0.0,0.0,0.0,0.0,4.0,0.0,18.0,0.0,0.0,0.0,0.0,
ITA-Serie A,2223,2022-08-21 Napoli-Monza,Napoli,Alex Meret,True,Goalkeeper,1,start,end,1.0,0.0,0.0,0.0,0.0,0.0,0.0,0.0,0.0,4.0,0.0,0.0,0.0,0.0,
ITA-Serie A,2223,2022-08-22 AS Roma-Cremonese,AS Roma,Rui Patrício,True,Goalkeeper,1,start,end,1.0,0.0,0.0,0.0,0.0,0.0,0.0,0.0,0.0,14.0,0.0,0.0,0.0,0.0,
ITA-Serie A,2223,2022-08-22 AS Roma-Cremonese,Cremonese,Andrei Radu,False,Goalkeeper,1,start,end,1.0,0.0,0.0,0.0,0.0,0.0,0.0,1.0,0.0,25.0,0.0,0.0,0.0,0.0,
ITA-Serie A,2223,2022-08-22 Sampdoria-Juventus,Juventus,Mattia Perin,False,Goalkeeper,1,start,end,1.0,0.0,0.0,0.0,0.0,0.0,0.0,0.0,0.0,9.0,0.0,0.0,0.0,0.0,
ITA-Serie A,2223,2022-08-22 Sampdoria-Juventus,Sampdoria,Emil Audero,True,Goalkeeper,1,start,end,1.0,0.0,0.0,0.0,0.0,0.0,0.0,0.0,0.0,10.0,0.0,0.0,0.0,0.0,
ITA-Serie A,2223,2022-08-26 Lazio-Internazionale,Internazionale,Samir Handanovic,False,Goalkeeper,1,start,end,1.0,0.0,0.0,0.0,0.0,0.0,0.0,3.0,4.0,8.0,0.0,0.0,0.0,0.0,
ITA-Serie A,2223,2022-08-26 Lazio-Internazionale,Lazio,Ivan Provedel,True,Goalkeeper,1,start,end,1.0,0.0,0.0,0.0,0.0,0.0,0.0,1.0,6.0,18.0,0.0,0.0,0.0,0.0,
ITA-Serie A,2223,2022-08-26 Monza-Udinese,Monza,Michele Di Gregorio,True,Goalkeeper,1,start,end,1.0,0.0,0.0,0.0,0.0,0.0,0.0,2.0,0.0,13.0,0.0,0.0,0.0,0.0,
ITA-Serie A,2223,2022-08-26 Monza-Udinese,Udinese,Marco Silvestri,False,Goalkeeper,1,start,end,1.0,0.0,1.0,0.0,0.0,0.0,0.0,1.0,0.0,9.0,0.0,0.0,0.0,0.0,
ITA-Serie A,2223,2022-08-27 AC Milan-Bologna,AC Milan,Mike Maignan,True,Goalkeeper,1,start,end,1.0,0.0,0.0,0.0,0.0,0.0,0.0,0.0,0.0,8.0,0.0,0.0,0.0,0.0,
ITA-Serie A,2223,2022-08-27 AC Milan-Bologna,Bologna,Lukasz Skorupski,False,Goalkeeper,1,start,end,1.0,0.0,0.0,0.0,0.0,0.0,0.0,2.0,0.0,16.0,0.0,0.0,0.0,0.0,
ITA-Serie A,2223,2022-08-27 Cremonese-Torino,Cremonese,Andrei Radu,True,Goalkeeper,1,start,end,1.0,0.0,0.0,0.0,0.0,0.0,0.0,2.0,0.0,11.0,0.0,0.0,0.0,0.0,
ITA-Serie A,2223,2022-08-27 Cremonese-Torino,Torino,Vanja Milinkovic-Savic,False,Goalkeeper,1,start,end,1.0,0.0,0.0,0.0,0.0,0.0,0.0,1.0,0.0,13.0,0.0,0.0,0.0,0.0,
ITA-Serie A,2223,2022-08-27 Juventus-AS Roma,AS Roma,Rui Patrício,False,Goalkeeper,1,start,end,1.0,0.0,0.0,0.0,0.0,0.0,0.0,1.0,0.0,13.0,0.0,0.0,0.0,0.0,
ITA-Serie A,2223,2022-08-27 Juventus-AS Roma,Juventus,Wojciech Szczesny,True,Goalkeeper,1,start,end,1.0,0.0,0.0,0.0,0.0,0.0,0.0,1.0,0.0,5.0,0.0,0.0,0.0,0.0,
ITA-Serie A,2223,2022-08-27 Spezia-Sassuolo,Sassuolo,Andrea Consigli,False,Goalkeeper,1,start,end,1.0,0.0,0.0,0.0,0.0,0.0,0.0,2.0,0.0,5.0,0.0,0.0,0.0,0.0,
ITA-Serie A,2223,2022-08-27 Spezia-Sassuolo,Spezia,Bartlomiej Dragowski,True,Goalkeeper,1,start,end,1.0,0.0,0.0,0.0,0.0,0.0,0.0,2.0,0.0,17.0,0.0,0.0,0.0,0.0,
ITA-Serie A,2223,2022-08-28 Fiorentina-Napoli,Fiorentina,Pierluigi Gollini,True,Goalkeeper,1,start,end,1.0,0.0,0.0,0.0,0.0,0.0,0.0,0.0,0.0,13.0,0.0,0.0,0.0,0.0,
ITA-Serie A,2223,2022-08-28 Fiorentina-Napoli,Napoli,Alex Meret,False,Goalkeeper,1,start,end,1.0,0.0,0.0,0.0,0.0,0.0,0.0,0.0,0.0,9.0,0.0,0.0,0.0,0.0,
ITA-Serie A,2223,2022-08-28 Hellas Verona-Atalanta,Atalanta,Juan Musso,False,Goalkeeper,1,start,end,1.0,0.0,1.0,0.0,0.0,0.0,0.0,0.0,2.0,14.0,0.0,0.0,0.0,0.0,
ITA-Serie A,2223,2022-08-28 Hellas Verona-Atalanta,Hellas Verona,Lorenzo Montipò,True,Goalkeeper,1,start,end,1.0,0.0,0.0,0.0,0.0,0.0,0.0,1.0,6.0,14.0,0.0,0.0,0.0,0.0,
ITA-Serie A,2223,2022-08-28 Lecce-Empoli,Empoli,Guglielmo Vicario,False,Goalkeeper,1,start,end,1.0,0.0,0.0,0.0,0.0,0.0,0.0,1.0,4.0,13.0,0.0,0.0,0.0,0.0,
ITA-Serie A,2223,2022-08-28 Lecce-Empoli,Lecce,Wladimiro Falcone,True,Goalkeeper,1,start,end,1.0,0.0,0.0,0.0,0.0,0.0,0.0,1.0,2.0,8.0,0.0,0.0,0.0,0.0,
ITA-Serie A,2223,2022-08-28 Salernitana-Sampdoria,Salernitana,Luigi Sepe,True,Goalkeeper,1,start,end,1.0,0.0,0.0,0.0,0.0,0.0,0.0,0.0,0.0,15.0,0.0,0.0,0.0,0.0,
ITA-Serie A,2223,2022-08-28 Salernitana-Sampdoria,Sampdoria,Emil Audero,False,Goalkeeper,1,start,end,1.0,0.0,0.0,0.0,0.0,0.0,0.0,4.0,0.0,5.0,0.0,0.0,0.0,0.0,
ITA-Serie A,2223,2022-08-30 AS Roma-Monza,AS Roma,Rui Patrício,True,Goalkeeper,1,start,end,1.0,0.0,0.0,0.0,0.0,0.0,0.0,0.0,0.0,13.0,0.0,0.0,0.0,0.0,
ITA-Serie A,2223,2022-08-30 AS Roma-Monza,Monza,Michele Di Gregorio,False,Goalkeeper,1,start,end,1.0,0.0,0.0,0.0,0.0,0.0,0.0,3.0,0.0,11.0,0.0,0.0,0.0,0.0,
ITA-Serie A,2223,2022-08-30 Internazionale-Cremonese,Cremonese,Andrei Radu,False,Goalkeeper,1,start,end,1.0,0.0,1.0,0.0,0.0,0.0,0.0,3.0,0.0,15.0,0.0,0.0,0.0,0.0,
ITA-Serie A,2223,2022-08-30 Internazionale-Cremonese,Internazionale,Samir Handanovic,True,Goalkeeper,1,start,end,1.0,0.0,0.0,0.0,0.0,0.0,0.0,1.0,0.0,11.0,0.0,0.0,0.0,0.0,
ITA-Serie A,2223,2022-08-30 Sassuolo-AC Milan,AC Milan,Mike Maignan,False,Goalkeeper,1,start,end,1.0,0.0,0.0,0.0,0.0,0.0,0.0,0.0,0.0,7.0,0.0,0.0,0.0,0.0,
ITA-Serie A,2223,2022-08-30 Sassuolo-AC Milan,Sassuolo,Andrea Consigli,True,Goalkeeper,1,start,end,1.0,0.0,0.0,0.0,0.0,0.0,0.0,0.0,0.0,11.0,0.0,0.0,0.0,0.0,
ITA-Serie A,2223,2022-08-31 Empoli-Hellas Verona,Empoli,Guglielmo Vicario,True,Goalkeeper,1,start,end,1.0,0.0,1.0,0.0,0.0,0.0,0.0,1.0,0.0,8.0,0.0,0.0,0.0,0.0,
ITA-Serie A,2223,2022-08-31 Empoli-Hellas Verona,Hellas Verona,Lorenzo Montipò,False,Goalkeeper,1,start,end,1.0,0.0,0.0,0.0,0.0,0.0,0.0,1.0,0.0,15.0,0.0,0.0,0.0,0.0,
ITA-Serie A,2223,2022-08-31 Juventus-Spezia,Juventus,Wojciech Szczesny,True,Goalkeeper,1,start,43,1.0,0.0,0.0,0.0,0.0,0.0,0.0,0.0,0.0,2.0,0.0,0.0,0.0,0.0,
ITA-Serie A,2223,2022-08-31 Juventus-Spezia,Spezia,Bartlomiej Dragowski,False,Goalkeeper,1,start,end,1.0,0.0,0.0,0.0,0.0,0.0,0.0,2.0,0.0,14.0,0.0,0.0,0.0,0.0,
ITA-Serie A,2223,2022-08-31 Napoli-Lecce,Lecce,Wladimiro Falcone,False,Goalkeeper,1,start,end,1.0,0.0,0.0,0.0,0.0,0.0,0.0,1.0,6.0,17.0,0.0,0.0,0.0,0.0,
ITA-Serie A,2223,2022-08-31 Napoli-Lecce,Napoli,Alex Meret,True,Goalkeeper,1,start,end,1.0,0.0,0.0,0.0,0.0,0.0,0.0,1.0,3.0,7.0,0.0,0.0,0.0,0.0,
ITA-Serie A,2223,2022-08-31 Sampdoria-Lazio,Lazio,Ivan Provedel,False,Goalkeeper,1,start,end,1.0,0.0,1.0,0.0,0.0,0.0,0.0,1.0,0.0,10.0,0.0,0.0,0.0,0.0,
ITA-Serie A,2223,2022-08-31 Sampdoria-Lazio,Sampdoria,Emil Audero,True,Goalkeeper,1,start,end,1.0,0.0,1.0,0.0,0.0,0.0,0.0,1.0,0.0,11.0,0.0,0.0,0.0,0.0,
ITA-Serie A,2223,2022-08-31 Udinese-Fiorentina,Fiorentina,Pietro Terracciano,False,Goalkeeper,1,start,end,1.0,0.0,0.0,0.0,0.0,0.0,0.0,1.0,0.0,7.0,0.0,0.0,0.0,0.0,
ITA-Serie A,2223,2022-08-31 Udinese-Fiorentina,Udinese,Marco Silvestri,True,Goalkeeper,1,start,end,1.0,0.0,0.0,0.0,0.0,0.0,0.0,0.0,0.0,11.0,0.0,0.0,0.0,0.0,
ITA-Serie A,2223,2022-09-01 Atalanta-Torino,Atalanta,Juan Musso,True,Goalkeeper,1,start,end,1.0,0.0,1.0,0.0,0.0,0.0,0.0,1.0,0.0,7.0,0.0,0.0,0.0,0.0,
ITA-Serie A,2223,2022-09-01 Atalanta-Torino,Torino,Vanja Milinkovic-Savic,False,Goalkeeper,1,start,end,1.0,0.0,0.0,0.0,0.0,0.0,0.0,3.0,0.0,9.0,0.0,0.0,0.0,0.0,
ITA-Serie A,2223,2022-09-01 Bologna-Salernitana,Bologna,Lukasz Skorupski,True,Goalkeeper,1,start,end,1.0,0.0,1.0,0.0,0.0,0.0,0.0,1.0,0.0,17.0,0.0,0.0,0.0,0.0,
ITA-Serie A,2223,2022-09-01 Bologna-Salernitana,Salernitana,Luigi Sepe,False,Goalkeeper,1,start,end,1.0,0.0,0.0,0.0,0.0,0.0,0.0,1.0,0.0,10.0,0.0,0.0,0.0,0.0,
ITA-Serie A,2223,2022-09-03 AC Milan-Internazionale,AC Milan,Mike Maignan,True,Goalkeeper,1,start,end,1.0,0.0,1.0,0.0,0.0,0.0,0.0,2.0,0.0,14.0,0.0,0.0,0.0,0.0,
ITA-Serie A,2223,2022-09-03 AC Milan-Internazionale,Internazionale,Samir Handanovic,False,Goalkeeper,1,start,end,1.0,0.0,0.0,0.0,0.0,0.0,0.0,3.0,0.0,18.0,0.0,0.0,0.0,0.0,
ITA-Serie A,2223,2022-09-03 Fiorentina-Juventus,Fiorentina,Pietro Terracciano,True,Goalkeeper,1,start,end,1.0,0.0,0.0,0.0,0.0,0.0,0.0,1.0,0.0,3.0,0.0,0.0,0.0,0.0,
ITA-Serie A,2223,2022-09-03 Fiorentina-Juventus,Juventus,Mattia Perin,False,Goalkeeper,1,start,end,1.0,0.0,0.0,0.0,0.0,0.0,0.0,1.0,3.0,15.0,0.0,0.0,0.0,0.0,
ITA-Serie A,2223,2022-09-03 Lazio-Napoli,Lazio,Ivan Provedel,True,Goalkeeper,1,start,end,1.0,0.0,0.0,0.0,0.0,0.0,0.0,2.0,0.0,16.0,0.0,0.0,0.0,0.0,
ITA-Serie A,2223,2022-09-03 Lazio-Napoli,Napoli,Alex Meret,False,Goalkeeper,1,start,end,1.0,0.0,0.0,0.0,0.0,0.0,0.0,1.0,0.0,6.0,0.0,0.0,0.0,0.0,
ITA-Serie A,2223,2022-09-04 Cremonese-Sassuolo,Cremonese,Andrei Radu,True,Goalkeeper,1,start,end,1.0,0.0,0.0,0.0,0.0,0.0,0.0,0.0,0.0,18.0,0.0,0.0,0.0,0.0,
ITA-Serie A,2223,2022-09-04 Cremonese-Sassuolo,Sassuolo,Andrea Consigli,False,Goalkeeper,1,start,end,1.0,0.0,0.0,0.0,0.0,0.0,0.0,0.0,0.0,10.0,0.0,0.0,0.0,0.0,
ITA-Serie A,2223,2022-09-04 Hellas Verona-Sampdoria,Hellas Verona,Lorenzo Montipò,True,Goalkeeper,1,start,end,1.0,0.0,0.0,0.0,0.0,0.0,0.0,1.0,0.0,9.0,0.0,0.0,0.0,0.0,
ITA-Serie A,2223,2022-09-04 Hellas Verona-Sampdoria,Sampdoria,Emil Audero,False,Goalkeeper,1,start,end,1.0,0.0,0.0,1.0,0.0,0.0,0.0,1.0,0.0,14.0,0.0,1.0,0.0,1.0,
ITA-Serie A,2223,2022-09-04 Spezia-Bologna,Bologna,Lukasz Skorupski,False,Goalkeeper,1,start,end,1.0,0.0,0.0,0.0,0.0,0.0,0.0,1.0,4.0,13.0,0.0,0.0,0.0,0.0,
ITA-Serie A,2223,2022-09-04 Spezia-Bologna,Spezia,Bartlomiej Dragowski,True,Goalkeeper,1,start,end,1.0,0.0,0.0,0.0,0.0,0.0,0.0,2.0,4.0,11.0,0.0,0.0,0.0,0.0,
ITA-Serie A,2223,2022-09-04 Udinese-AS Roma,AS Roma,Rui Patrício,False,Goalkeeper,1,start,end,1.0,0.0,0.0,0.0,0.0,0.0,0.0,4.0,0.0,7.0,0.0,0.0,0.0,0.0,
ITA-Serie A,2223,2022-09-04 Udinese-AS Roma,Udinese,Marco Silvestri,True,Goalkeeper,1,start,end,1.0,0.0,0.0,0.0,0.0,0.0,0.0,0.0,0.0,11.0,0.0,0.0,0.0,0.0,
ITA-Serie A,2223,2022-09-05 Monza-Atalanta,Atalanta,Juan Musso,False,Goalkeeper,1,start,end,1.0,0.0,0.0,0.0,0.0,0.0,0.0,0.0,0.0,11.0,0.0,0.0,0.0,0.0,
ITA-Serie A,2223,2022-09-05 Monza-Atalanta,Monza,Michele Di Gregorio,True,Goalkeeper,1,start,end,1.0,0.0,0.0,0.0,0.0,0.0,0.0,1.0,0.0,12.0,0.0,0.0,0.0,0.0,
ITA-Serie A,2223,2022-09-05 Salernitana-Empoli,Empoli,Guglielmo Vicario,False,Goalkeeper,1,start,end,1.0,0.0,0.0,0.0,0.0,0.0,0.0,2.0,0.0,14.0,0.0,0.0,0.0,0.0,
ITA-Serie A,2223,2022-09-05 Salernitana-Empoli,Salernitana,Luigi Sepe,True,Goalkeeper,1,start,end,1.0,0.0,0.0,0.0,0.0,0.0,0.0,2.0,0.0,9.0,0.0,0.0,0.0,0.0,
ITA-Serie A,2223,2022-09-05 Torino-Lecce,Lecce,Wladimiro Falcone,False,Goalkeeper,1,start,end,1.0,0.0,0.0,0.0,0.0,0.0,0.0,1.0,3.0,12.0,0.0,0.0,0.0,0.0,
ITA-Serie A,2223,2022-09-05 Torino-Lecce,Torino,Vanja Milinkovic-Savic,True,Goalkeeper,1,start,end,1.0,0.0,0.0,0.0,0.0,0.0,0.0,0.0,2.0,10.0,0.0,0.0,0.0,0.0,
ITA-Serie A,2223,2022-09-10 Internazionale-Torino,Internazionale,Samir Handanovic,True,Goalkeeper,1,start,end,1.0,0.0,0.0,0.0,0.0,0.0,0.0,0.0,7.0,9.0,0.0,0.0,0.0,0.0,
ITA-Serie A,2223,2022-09-10 Internazionale-Torino,Torino,Vanja Milinkovic-Savic,False,Goalkeeper,1,start,end,1.0,0.0,0.0,0.0,0.0,0.0,0.0,1.0,2.0,14.0,0.0,0.0,0.0,0.0,
ITA-Serie A,2223,2022-09-10 Napoli-Spezia,Napoli,Alex Meret,True,Goalkeeper,1,start,end,1.0,0.0,0.0,0.0,0.0,0.0,0.0,0.0,0.0,10.0,0.0,0.0,0.0,0.0,
ITA-Serie A,2223,2022-09-10 Napoli-Spezia,Spezia,Bartlomiej Dragowski,False,Goalkeeper,1,start,end,1.0,0.0,0.0,0.0,0.0,0.0,1.0,1.0,0.0,27.0,0.0,0.0,0.0,0.0,
ITA-Serie A,2223,2022-09-10 Sampdoria-AC Milan,AC Milan,Mike Maignan,False,Goalkeeper,1,start,end,1.0,0.0,0.0,0.0,0.0,0.0,0.0,1.0,0.0,8.0,0.0,0.0,0.0,0.0,
ITA-Serie A,2223,2022-09-10 Sampdoria-AC Milan,Sampdoria,Emil Audero,True,Goalkeeper,1,start,end,1.0,0.0,0.0,0.0,0.0,0.0,0.0,2.0,0.0,13.0,0.0,0.0,0.0,0.0,
ITA-Serie A,2223,2022-09-11 Atalanta-Cremonese,Atalanta,Juan Musso,True,Goalkeeper,1,start,end,1.0,0.0,0.0,0.0,0.0,0.0,0.0,1.0,0.0,7.0,0.0,0.0,0.0,0.0,
ITA-Serie A,2223,2022-09-11 Atalanta-Cremonese,Cremonese,Andrei Radu,False,Goalkeeper,1,start,end,1.0,0.0,0.0,0.0,0.0,0.0,0.0,1.0,0.0,13.0,0.0,0.0,0.0,0.0,
ITA-Serie A,2223,2022-09-11 Bologna-Fiorentina,Bologna,Lukasz Skorupski,True,Goalkeeper,1,start,end,1.0,0.0,0.0,0.0,0.0,0.0,0.0,1.0,1.0,11.0,0.0,0.0,0.0,0.0,
ITA-Serie A,2223,2022-09-11 Bologna-Fiorentina,Fiorentina,Pietro Terracciano,False,Goalkeeper,1,start,end,1.0,0.0,0.0,0.0,0.0,0.0,0.0,2.0,2.0,9.0,0.0,0.0,0.0,0.0,
ITA-Serie A,2223,2022-09-11 Juventus-Salernitana,Juventus,Mattia Perin,True,Goalkeeper,1,start,end,1.0,0.0,0.0,0.0,0.0,0.0,0.0,2.0,3.0,10.0,0.0,0.0,0.0,0.0,
ITA-Serie A,2223,2022-09-11 Juventus-Salernitana,Salernitana,Luigi Sepe,False,Goalkeeper,1,start,end,1.0,0.0,1.0,0.0,0.0,0.0,1.0,2.0,4.0,19.0,0.0,0.0,0.0,0.0,
ITA-Serie A,2223,2022-09-11 Lazio-Hellas Verona,Hellas Verona,Lorenzo Montipò,False,Goalkeeper,1,start,end,1.0,0.0,0.0,0.0,0.0,0.0,0.0,2.0,4.0,13.0,0.0,0.0,0.0,0.0,
ITA-Serie A,2223,2022-09-11 Lazio-Hellas Verona,Lazio,Ivan Provedel,True,Goalkeeper,1,start,end,1.0,0.0,0.0,0.0,0.0,0.0,0.0,0.0,1.0,8.0,0.0,0.0,0.0,0.0,
ITA-Serie A,2223,2022-09-11 Lecce-Monza,Lecce,Wladimiro Falcone,True,Goalkeeper,1,start,end,1.0,0.0,0.0,0.0,0.0,0.0,0.0,1.0,0.0,2.0,0.0,0.0,0.0,0.0,
ITA-Serie A,2223,2022-09-11 Lecce-Monza,Monza,Michele Di Gregorio,False,Goalkeeper,1,start,end,1.0,0.0,0.0,0.0,0.0,0.0,0.0,1.0,2.0,8.0,0.0,0.0,0.0,0.0,
ITA-Serie A,2223,2022-09-11 Sassuolo-Udinese,Sassuolo,Andrea Consigli,True,Goalkeeper,1,start,end,1.0,0.0,0.0,0.0,0.0,0.0,0.0,3.0,0.0,14.0,0.0,0.0,0.0,0.0,
ITA-Serie A,2223,2022-09-11 Sassuolo-Udinese,Udinese,Marco Silvestri,False,Goalkeeper,1,start,end,1.0,0.0,0.0,0.0,0.0,0.0,0.0,1.0,0.0,4.0,0.0,0.0,0.0,0.0,
ITA-Serie A,2223,2022-09-12 Empoli-AS Roma,AS Roma,Rui Patrício,False,Goalkeeper,1,start,end,1.0,0.0,0.0,0.0,0.0,0.0,0.0,1.0,0.0,18.0,0.0,0.0,0.0,0.0,
ITA-Serie A,2223,2022-09-12 Empoli-AS Roma,Empoli,Guglielmo Vicario,True,Goalkeeper,1,start,end,1.0,0.0,0.0,0.0,0.0,0.0,0.0,2.0,0.0,10.0,0.0,0.0,0.0,0.0,
ITA-Serie A,2223,2022-09-16 Salernitana-Lecce,Lecce,Wladimiro Falcone,False,Goalkeeper,1,start,end,1.0,0.0,0.0,0.0,0.0,0.0,0.0,1.0,4.0,9.0,0.0,0.0,0.0,0.0,
ITA-Serie A,2223,2022-09-16 Salernitana-Lecce,Salernitana,Luigi Sepe,True,Goalkeeper,1,start,end,1.0,0.0,0.0,0.0,0.0,0.0,0.0,2.0,2.0,11.0,0.0,0.0,0.0,0.0,
ITA-Serie A,2223,2022-09-17 Bologna-Empoli,Bologna,Lukasz Skorupski,True,Goalkeeper,1,start,end,1.0,0.0,1.0,0.0,0.0,0.0,0.0,1.0,0.0,11.0,0.0,0.0,0.0,0.0,
ITA-Serie A,2223,2022-09-17 Bologna-Empoli,Empoli,Guglielmo Vicario,False,Goalkeeper,1,start,end,1.0,0.0,0.0,0.0,0.0,0.0,0.0,0.0,0.0,16.0,0.0,0.0,0.0,0.0,
ITA-Serie A,2223,2022-09-17 Spezia-Sampdoria,Sampdoria,Emil Audero,False,Goalkeeper,1,start,end,1.0,0.0,0.0,0.0,0.0,0.0,0.0,1.0,2.0,5.0,0.0,0.0,0.0,0.0,
ITA-Serie A,2223,2022-09-17 Spezia-Sampdoria,Spezia,Bartlomiej Dragowski,True,Goalkeeper,1,start,end,1.0,0.0,1.0,0.0,0.0,0.0,0.0,1.0,7.0,9.0,0.0,0.0,0.0,0.0,
ITA-Serie A,2223,2022-09-17 Torino-Sassuolo,Sassuolo,Andrea Consigli,False,Goalkeeper,1,start,end,1.0,0.0,0.0,0.0,0.0,0.0,0.0,0.0,0.0,11.0,0.0,0.0,0.0,0.0,
ITA-Serie A,2223,2022-09-17 Torino-Sassuolo,Torino,Vanja Milinkovic-Savic,True,Goalkeeper,1,start,end,1.0,0.0,0.0,0.0,0.0,0.0,0.0,1.0,0.0,9.0,0.0,0.0,0.0,0.0,
ITA-Serie A,2223,2022-09-18 AC Milan-Napoli,AC Milan,Mike Maignan,True,Goalkeeper,1,start,end,1.0,0.0,0.0,0.0,0.0,0.0,0.0,2.0,0.0,7.0,0.0,0.0,0.0,0.0,
ITA-Serie A,2223,2022-09-18 AC Milan-Napoli,Napoli,Alex Meret,False,Goalkeeper,1,start,end,1.0,0.0,0.0,0.0,0.0,0.0,0.0,1.0,0.0,21.0,0.0,0.0,0.0,0.0,
ITA-Serie A,2223,2022-09-18 AS Roma-Atalanta,AS Roma,Rui Patrício,True,Goalkeeper,1,start,end,1.0,0.0,0.0,0.0,0.0,0.0,0.0,1.0,0.0,3.0,0.0,0.0,0.0,0.0,
ITA-Serie A,2223,2022-09-18 AS Roma-Atalanta,Atalanta,Juan Musso,False,Goalkeeper,1,start,8,1.0,0.0,0.0,0.0,0.0,0.0,0.0,0.0,0.0,1.0,0.0,0.0,0.0,0.0,
ITA-Serie A,2223,2022-09-18 Cremonese-Lazio,Cremonese,Andrei Radu,True,Goalkeeper,1,start,end,1.0,0.0,0.0,0.0,0.0,0.0,0.0,4.0,2.0,10.0,0.0,0.0,0.0,0.0,
ITA-Serie A,2223,2022-09-18 Cremonese-Lazio,Lazio,Ivan Provedel,False,Goalkeeper,1,start,end,1.0,0.0,0.0,0.0,0.0,0.0,0.0,0.0,4.0,17.0,0.0,0.0,0.0,0.0,
ITA-Serie A,2223,2022-09-18 Fiorentina-Hellas Verona,Fiorentina,Pietro Terracciano,True,Goalkeeper,1,start,end,1.0,0.0,0.0,0.0,0.0,0.0,0.0,0.0,0.0,7.0,0.0,0.0,0.0,0.0,
ITA-Serie A,2223,2022-09-18 Fiorentina-Hellas Verona,Hellas Verona,Lorenzo Montipò,False,Goalkeeper,1,start,end,1.0,0.0,0.0,0.0,0.0,0.0,0.0,2.0,0.0,12.0,0.0,0.0,0.0,0.0,
ITA-Serie A,2223,2022-09-18 Monza-Juventus,Juventus,Mattia Perin,False,Goalkeeper,1,start,end,1.0,0.0,1.0,0.0,0.0,0.0,0.0,1.0,3.0,16.0,0.0,0.0,0.0,0.0,
ITA-Serie A,2223,2022-09-18 Monza-Juventus,Monza,Michele Di Gregorio,True,Goalkeeper,1,start,end,1.0,0.0,0.0,0.0,0.0,0.0,0.0,0.0,2.0,9.0,0.0,0.0,0.0,0.0,
ITA-Serie A,2223,2022-09-18 Udinese-Internazionale,Internazionale,Samir Handanovic,False,Goalkeeper,1,start,end,1.0,0.0,0.0,0.0,0.0,0.0,0.0,2.0,4.0,17.0,0.0,0.0,0.0,0.0,
ITA-Serie A,2223,2022-09-18 Udinese-Internazionale,Udinese,Marco Silvestri,True,Goalkeeper,1,start,end,1.0,0.0,1.0,0.0,0.0,0.0,0.0,1.0,3.0,14.0,0.0,0.0,0.0,0.0,
ITA-Serie A,2223,2022-10-01 Empoli-AC Milan,AC Milan,Ciprian Tatarusanu,False,Goalkeeper,1,start,end,1.0,0.0,0.0,0.0,0.0,0.0,0.0,1.0,3.0,13.0,0.0,0.0,0.0,0.0,
ITA-Serie A,2223,2022-10-01 Empoli-AC Milan,Empoli,Guglielmo Vicario,True,Goalkeeper,1,start,end,1.0,0.0,0.0,0.0,0.0,0.0,0.0,3.0,3.0,16.0,0.0,0.0,0.0,0.0,
ITA-Serie A,2223,2022-10-01 Internazionale-AS Roma,AS Roma,Rui Patrício,False,Goalkeeper,1,start,end,1.0,0.0,0.0,0.0,0.0,0.0,0.0,1.0,0.0,12.0,0.0,0.0,0.0,0.0,
ITA-Serie A,2223,2022-10-01 Internazionale-AS Roma,Internazionale,Samir Handanovic,True,Goalkeeper,1,start,end,1.0,0.0,0.0,0.0,0.0,0.0,0.0,2.0,0.0,7.0,0.0,0.0,0.0,0.0,
ITA-Serie A,2223,2022-10-01 Napoli-Torino,Napoli,Alex Meret,True,Goalkeeper,1,start,end,1.0,0.0,0.0,0.0,0.0,0.0,0.0,1.0,0.0,14.0,0.0,0.0,0.0,0.0,
ITA-Serie A,2223,2022-10-01 Napoli-Torino,Torino,Vanja Milinkovic-Savic,False,Goalkeeper,1,start,end,1.0,0.0,0.0,0.0,0.0,0.0,0.0,3.0,0.0,12.0,0.0,0.0,0.0,0.0,
ITA-Serie A,2223,2022-10-02 Atalanta-Fiorentina,Atalanta,Marco Sportiello,True,Goalkeeper,1,start,end,1.0,0.0,0.0,0.0,0.0,0.0,0.0,0.0,0.0,16.0,0.0,0.0,0.0,0.0,
ITA-Serie A,2223,2022-10-02 Atalanta-Fiorentina,Fiorentina,Pietro Terracciano,False,Goalkeeper,1,start,end,1.0,0.0,0.0,0.0,0.0,0.0,0.0,1.0,0.0,9.0,0.0,0.0,0.0,0.0,
ITA-Serie A,2223,2022-10-02 Juventus-Bologna,Bologna,Lukasz Skorupski,False,Goalkeeper,1,start,end,1.0,0.0,0.0,0.0,0.0,0.0,0.0,3.0,0.0,12.0,0.0,0.0,0.0,0.0,
ITA-Serie A,2223,2022-10-02 Juventus-Bologna,Juventus,Wojciech Szczesny,True,Goalkeeper,1,start,end,1.0,0.0,0.0,0.0,0.0,0.0,0.0,0.0,0.0,6.0,0.0,0.0,0.0,0.0,
ITA-Serie A,2223,2022-10-02 Lazio-Spezia,Lazio,Ivan Provedel,True,Goalkeeper,1,start,end,1.0,0.0,0.0,0.0,0.0,0.0,0.0,0.0,0.0,14.0,0.0,0.0,0.0,0.0,
ITA-Serie A,2223,2022-10-02 Lazio-Spezia,Spezia,Bartlomiej Dragowski,False,Goalkeeper,1,start,end,1.0,0.0,0.0,0.0,0.0,0.0,0.0,4.0,0.0,8.0,0.0,0.0,0.0,0.0,
ITA-Serie A,2223,2022-10-02 Lecce-Cremonese,Cremonese,Andrei Radu,False,Goalkeeper,1,start,end,1.0,0.0,0.0,0.0,0.0,0.0,0.0,1.0,0.0,5.0,0.0,0.0,0.0,0.0,
ITA-Serie A,2223,2022-10-02 Lecce-Cremonese,Lecce,Wladimiro Falcone,True,Goalkeeper,1,start,end,1.0,1.0,0.0,0.0,0.0,0.0,1.0,1.0,3.0,13.0,0.0,0.0,0.0,0.0,
ITA-Serie A,2223,2022-10-02 Sampdoria-Monza,Monza,Michele Di Gregorio,False,Goalkeeper,1,start,end,1.0,0.0,0.0,0.0,0.0,0.0,0.0,0.0,1.0,3.0,0.0,0.0,0.0,0.0,
ITA-Serie A,2223,2022-10-02 Sampdoria-Monza,Sampdoria,Emil Audero,True,Goalkeeper,1,start,end,1.0,0.0,0.0,0.0,0.0,0.0,0.0,3.0,3.0,10.0,0.0,0.0,0.0,0.0,
ITA-Serie A,2223,2022-10-02 Sassuolo-Salernitana,Salernitana,Luigi Sepe,False,Goalkeeper,1,start,end,1.0,0.0,0.0,0.0,0.0,0.0,0.0,5.0,6.0,12.0,0.0,0.0,0.0,0.0,
ITA-Serie A,2223,2022-10-02 Sassuolo-Salernitana,Sassuolo,Andrea Consigli,True,Goalkeeper,1,start,end,1.0,0.0,0.0,0.0,0.0,0.0,0.0,0.0,1.0,6.0,0.0,0.0,0.0,0.0,
ITA-Serie A,2223,2022-10-03 Hellas Verona-Udinese,Hellas Verona,Lorenzo Montipò,True,Goalkeeper,1,start,end,1.0,0.0,0.0,0.0,0.0,0.0,0.0,2.0,6.0,18.0,0.0,0.0,0.0,0.0,
ITA-Serie A,2223,2022-10-03 Hellas Verona-Udinese,Udinese,Marco Silvestri,False,Goalkeeper,1,start,end,1.0,0.0,0.0,0.0,0.0,0.0,0.0,1.0,1.0,6.0,0.0,0.0,0.0,0.0,
ITA-Serie A,2223,2022-10-08 AC Milan-Juventus,AC Milan,Ciprian Tatarusanu,True,Goalkeeper,1,start,end,1.0,0.0,0.0,0.0,0.0,0.0,0.0,0.0,0.0,10.0,0.0,0.0,0.0,0.0,
ITA-Serie A,2223,2022-10-08 AC Milan-Juventus,Juventus,Wojciech Szczesny,False,Goalkeeper,1,start,end,1.0,0.0,0.0,0.0,0.0,0.0,0.0,2.0,0.0,19.0,0.0,0.0,0.0,0.0,
ITA-Serie A,2223,2022-10-08 Bologna-Sampdoria,Bologna,Lukasz Skorupski,True,Goalkeeper,1,start,end,1.0,0.0,0.0,0.0,0.0,0.0,0.0,1.0,2.0,8.0,0.0,0.0,0.0,0.0,
ITA-Serie A,2223,2022-10-08 Bologna-Sampdoria,Sampdoria,Emil Audero,False,Goalkeeper,1,start,end,1.0,0.0,0.0,0.0,0.0,0.0,0.0,1.0,2.0,9.0,0.0,0.0,0.0,0.0,
ITA-Serie A,2223,2022-10-08 Sassuolo-Internazionale,Internazionale,André Onana,False,Goalkeeper,1,start,end,1.0,0.0,0.0,0.0,0.0,0.0,0.0,1.0,2.0,13.0,0.0,0.0,0.0,0.0,
ITA-Serie A,2223,2022-10-08 Sassuolo-Internazionale,Sassuolo,Andrea Consigli,True,Goalkeeper,1,start,end,1.0,0.0,0.0,0.0,0.0,0.0,0.0,2.0,2.0,14.0,0.0,0.0,0.0,0.0,
ITA-Serie A,2223,2022-10-09 AS Roma-Lecce,AS Roma,Rui Patrício,True,Goalkeeper,1,start,end,1.0,0.0,0.0,0.0,0.0,0.0,0.0,1.0,2.0,5.0,0.0,0.0,0.0,0.0,
ITA-Serie A,2223,2022-10-09 AS Roma-Lecce,Lecce,Wladimiro Falcone,False,Goalkeeper,1,start,end,1.0,0.0,0.0,0.0,0.0,0.0,0.0,2.0,4.0,17.0,0.0,0.0,0.0,0.0,
ITA-Serie A,2223,2022-10-09 Cremonese-Napoli,Cremonese,Andrei Radu,True,Goalkeeper,1,start,end,1.0,0.0,0.0,0.0,0.0,0.0,0.0,4.0,6.0,16.0,0.0,0.0,0.0,0.0,
ITA-Serie A,2223,2022-10-09 Cremonese-Napoli,Napoli,Alex Meret,False,Goalkeeper,1,start,end,1.0,0.0,0.0,0.0,0.0,0.0,0.0,1.0,0.0,11.0,0.0,0.0,0.0,0.0,
ITA-Serie A,2223,2022-10-09 Monza-Spezia,Monza,Michele Di Gregorio,True,Goalkeeper,1,start,end,1.0,0.0,0.0,0.0,0.0,0.0,0.0,0.0,1.0,8.0,0.0,0.0,0.0,0.0,
ITA-Serie A,2223,2022-10-09 Monza-Spezia,Spezia,Bartlomiej Dragowski,False,Goalkeeper,1,start,end,1.0,0.0,0.0,0.0,0.0,0.0,0.0,2.0,2.0,5.0,0.0,0.0,0.0,0.0,
ITA-Serie A,2223,2022-10-09 Salernitana-Hellas Verona,Hellas Verona,Lorenzo Montipò,False,Goalkeeper,1,start,end,1.0,0.0,0.0,0.0,0.0,0.0,0.0,2.0,2.0,12.0,0.0,0.0,0.0,0.0,
ITA-Serie A,2223,2022-10-09 Salernitana-Hellas Verona,Salernitana,Luigi Sepe,True,Goalkeeper,1,start,end,1.0,0.0,0.0,0.0,0.0,0.0,0.0,1.0,1.0,11.0,0.0,0.0,0.0,0.0,
ITA-Serie A,2223,2022-10-09 Torino-Empoli,Empoli,Guglielmo Vicario,False,Goalkeeper,1,start,end,1.0,0.0,0.0,0.0,0.0,0.0,1.0,1.0,6.0,19.0,0.0,0.0,0.0,0.0,
ITA-Serie A,2223,2022-10-09 Torino-Empoli,Torino,Vanja Milinkovic-Savic,True,Goalkeeper,1,start,end,1.0,0.0,0.0,0.0,0.0,0.0,0.0,1.0,1.0,5.0,0.0,0.0,0.0,0.0,
ITA-Serie A,2223,2022-10-09 Udinese-Atalanta,Atalanta,Marco Sportiello,False,Goalkeeper,1,start,end,1.0,0.0,0.0,0.0,0.0,0.0,0.0,2.0,0.0,9.0,0.0,0.0,0.0,0.0,
ITA-Serie A,2223,2022-10-09 Udinese-Atalanta,Udinese,Marco Silvestri,True,Goalkeeper,1,start,end,1.0,0.0,0.0,0.0,0.0,0.0,0.0,2.0,0.0,6.0,0.0,0.0,0.0,0.0,
ITA-Serie A,2223,2022-10-10 Fiorentina-Lazio,Fiorentina,Pietro Terracciano,True,Goalkeeper,1,start,end,1.0,0.0,0.0,0.0,0.0,0.0,0.0,4.0,2.0,6.0,0.0,0.0,0.0,0.0,
ITA-Serie A,2223,2022-10-10 Fiorentina-Lazio,Lazio,Ivan Provedel,False,Goalkeeper,1,start,end,1.0,0.0,0.0,0.0,0.0,0.0,0.0,0.0,3.0,22.0,0.0,0.0,0.0,0.0,
ITA-Serie A,2223,2022-10-15 Atalanta-Sassuolo,Atalanta,Marco Sportiello,True,Goalkeeper,1,start,end,1.0,0.0,0.0,0.0,0.0,0.0,0.0,1.0,0.0,11.0,0.0,0.0,0.0,0.0,
ITA-Serie A,2223,2022-10-15 Atalanta-Sassuolo,Sassuolo,Andrea Consigli,False,Goalkeeper,1,start,end,1.0,0.0,0.0,0.0,0.0,0.0,0.0,2.0,0.0,14.0,0.0,0.0,0.0,0.0,
ITA-Serie A,2223,2022-10-15 Empoli-Monza,Empoli,Guglielmo Vicario,True,Goalkeeper,1,start,end,1.0,0.0,0.0,0.0,0.0,0.0,0.0,0.0,4.0,17.0,0.0,0.0,0.0,0.0,
ITA-Serie A,2223,2022-10-15 Empoli-Monza,Monza,Michele Di Gregorio,False,Goalkeeper,1,start,end,1.0,0.0,0.0,0.0,0.0,0.0,0.0,1.0,5.0,9.0,0.0,0.0,0.0,0.0,
ITA-Serie A,2223,2022-10-15 Torino-Juventus,Juventus,Wojciech Szczesny,False,Goalkeeper,1,start,end,1.0,0.0,0.0,0.0,0.0,0.0,0.0,0.0,0.0,14.0,0.0,0.0,0.0,0.0,
ITA-Serie A,2223,2022-10-15 Torino-Juventus,Torino,Vanja Milinkovic-Savic,True,Goalkeeper,1,start,end,1.0,0.0,0.0,0.0,0.0,0.0,0.0,1.0,0.0,11.0,0.0,0.0,0.0,0.0,
ITA-Serie A,2223,2022-10-16 Hellas Verona-AC Milan,AC Milan,Ciprian Tatarusanu,False,Goalkeeper,1,start,end,1.0,0.0,0.0,0.0,0.0,0.0,0.0,1.0,0.0,17.0,0.0,0.0,0.0,0.0,
ITA-Serie A,2223,2022-10-16 Hellas Verona-AC Milan,Hellas Verona,Lorenzo Montipò,True,Goalkeeper,1,start,end,1.0,0.0,0.0,0.0,0.0,0.0,0.0,1.0,0.0,15.0,0.0,0.0,0.0,0.0,
ITA-Serie A,2223,2022-10-16 Internazionale-Salernitana,Internazionale,André Onana,True,Goalkeeper,1,start,end,1.0,0.0,0.0,0.0,0.0,0.0,0.0,0.0,3.0,8.0,0.0,0.0,0.0,0.0,
ITA-Serie A,2223,2022-10-16 Internazionale-Salernitana,Salernitana,Luigi Sepe,False,Goalkeeper,1,start,end,1.0,0.0,0.0,0.0,0.0,0.0,0.0,2.0,4.0,14.0,0.0,0.0,0.0,0.0,
ITA-Serie A,2223,2022-10-16 Lazio-Udinese,Lazio,Ivan Provedel,True,Goalkeeper,1,start,end,1.0,0.0,0.0,0.0,0.0,0.0,0.0,0.0,0.0,12.0,0.0,0.0,0.0,0.0,
ITA-Serie A,2223,2022-10-16 Lazio-Udinese,Udinese,Marco Silvestri,False,Goalkeeper,1,start,end,1.0,0.0,0.0,0.0,0.0,0.0,0.0,0.0,0.0,8.0,0.0,0.0,0.0,0.0,
ITA-Serie A,2223,2022-10-16 Napoli-Bologna,Bologna,Lukasz Skorupski,False,Goalkeeper,1,start,end,1.0,0.0,0.0,0.0,0.0,0.0,1.0,3.0,0.0,27.0,0.0,0.0,0.0,0.0,
ITA-Serie A,2223,2022-10-16 Napoli-Bologna,Napoli,Alex Meret,True,Goalkeeper,1,start,end,1.0,0.0,0.0,0.0,0.0,0.0,0.0,2.0,0.0,14.0,0.0,0.0,0.0,0.0,
ITA-Serie A,2223,2022-10-16 Spezia-Cremonese,Cremonese,Marco Carnesecchi,False,Goalkeeper,1,start,end,1.0,0.0,0.0,0.0,0.0,0.0,0.0,2.0,0.0,11.0,0.0,0.0,0.0,0.0,
ITA-Serie A,2223,2022-10-16 Spezia-Cremonese,Spezia,Bartlomiej Dragowski,True,Goalkeeper,1,start,end,1.0,0.0,0.0,0.0,0.0,0.0,0.0,2.0,0.0,19.0,0.0,0.0,0.0,0.0,
ITA-Serie A,2223,2022-10-17 Lecce-Fiorentina,Fiorentina,Pietro Terracciano,False,Goalkeeper,1,start,end,1.0,0.0,0.0,0.0,0.0,0.0,1.0,1.0,1.0,5.0,0.0,0.0,0.0,0.0,
ITA-Serie A,2223,2022-10-17 Lecce-Fiorentina,Lecce,Wladimiro Falcone,True,Goalkeeper,1,start,end,1.0,0.0,0.0,0.0,0.0,0.0,0.0,1.0,4.0,9.0,0.0,0.0,0.0,0.0,
ITA-Serie A,2223,2022-10-17 Sampdoria-AS Roma,AS Roma,Rui Patrício,False,Goalkeeper,1,start,end,1.0,0.0,0.0,0.0,0.0,0.0,0.0,0.0,0.0,8.0,0.0,0.0,0.0,0.0,
ITA-Serie A,2223,2022-10-17 Sampdoria-AS Roma,Sampdoria,Emil Audero,True,Goalkeeper,1,start,end,1.0,0.0,0.0,0.0,0.0,0.0,0.0,1.0,0.0,6.0,0.0,0.0,0.0,0.0,
ITA-Serie A,2223,2022-10-21 Juventus-Empoli,Empoli,Guglielmo Vicario,False,Goalkeeper,1,start,end,1.0,0.0,0.0,0.0,0.0,0.0,0.0,4.0,4.0,17.0,0.0,0.0,0.0,0.0,
ITA-Serie A,2223,2022-10-21 Juventus-Empoli,Juventus,Wojciech Szczesny,True,Goalkeeper,1,start,end,1.0,0.0,0.0,0.0,0.0,0.0,0.0,0.0,4.0,12.0,0.0,0.0,0.0,0.0,
ITA-Serie A,2223,2022-10-22 AC Milan-Monza,AC Milan,Ciprian Tatarusanu,True,Goalkeeper,1,start,end,1.0,0.0,0.0,0.0,0.0,0.0,0.0,1.0,5.0,16.0,1.0,0.0,0.0,0.0,
ITA-Serie A,2223,2022-10-22 AC Milan-Monza,Monza,Michele Di Gregorio,False,Goalkeeper,1,start,end,1.0,0.0,0.0,0.0,0.0,0.0,0.0,4.0,3.0,8.0,0.0,0.0,0.0,0.0,
ITA-Serie A,2223,2022-10-22 Fiorentina-Internazionale,Fiorentina,Pietro Terracciano,True,Goalkeeper,1,start,end,1.0,1.0,0.0,0.0,0.0,0.0,0.0,4.0,4.0,4.0,0.0,0.0,0.0,0.0,
ITA-Serie A,2223,2022-10-22 Fiorentina-Internazionale,Internazionale,André Onana,False,Goalkeeper,1,start,end,1.0,0.0,0.0,0.0,0.0,0.0,0.0,3.0,1.0,7.0,0.0,0.0,0.0,0.0,
ITA-Serie A,2223,2022-10-22 Salernitana-Spezia,Salernitana,Luigi Sepe,True,Goalkeeper,1,start,end,1.0,0.0,0.0,0.0,0.0,0.0,0.0,0.0,2.0,14.0,0.0,0.0,0.0,0.0,
ITA-Serie A,2223,2022-10-22 Salernitana-Spezia,Spezia,Bartlomiej Dragowski,False,Goalkeeper,1,start,end,1.0,0.0,0.0,0.0,0.0,0.0,0.0,1.0,3.0,16.0,0.0,0.0,0.0,0.0,
ITA-Serie A,2223,2022-10-23 AS Roma-Napoli,AS Roma,Rui Patrício,True,Goalkeeper,1,start,end,1.0,0.0,0.0,0.0,0.0,0.0,0.0,1.0,4.0,10.0,0.0,0.0,0.0,0.0,
ITA-Serie A,2223,2022-10-23 AS Roma-Napoli,Napoli,Alex Meret,False,Goalkeeper,1,start,end,1.0,0.0,0.0,0.0,0.0,0.0,0.0,0.0,0.0,6.0,0.0,0.0,0.0,0.0,
ITA-Serie A,2223,2022-10-23 Atalanta-Lazio,Atalanta,Marco Sportiello,True,Goalkeeper,1,start,end,1.0,0.0,0.0,0.0,0.0,0.0,0.0,2.0,3.0,10.0,0.0,0.0,0.0,0.0,
ITA-Serie A,2223,2022-10-23 Atalanta-Lazio,Lazio,Ivan Provedel,False,Goalkeeper,1,start,end,1.0,0.0,0.0,0.0,0.0,0.0,0.0,0.0,0.0,7.0,0.0,0.0,0.0,0.0,
ITA-Serie A,2223,2022-10-23 Bologna-Lecce,Bologna,Lukasz Skorupski,True,Goalkeeper,1,start,end,1.0,0.0,0.0,0.0,0.0,0.0,0.0,0.0,4.0,8.0,0.0,0.0,0.0,0.0,
ITA-Serie A,2223,2022-10-23 Bologna-Lecce,Lecce,Wladimiro Falcone,False,Goalkeeper,1,start,end,1.0,0.0,0.0,0.0,0.0,0.0,0.0,2.0,3.0,7.0,0.0,0.0,0.0,0.0,
ITA-Serie A,2223,2022-10-23 Udinese-Torino,Torino,Vanja Milinkovic-Savic,False,Goalkeeper,1,start,end,1.0,0.0,1.0,0.0,0.0,0.0,1.0,1.0,3.0,14.0,0.0,0.0,0.0,0.0,
ITA-Serie A,2223,2022-10-23 Udinese-Torino,Udinese,Marco Silvestri,True,Goalkeeper,1,start,end,1.0,0.0,0.0,0.0,0.0,0.0,0.0,2.0,4.0,11.0,0.0,0.0,0.0,0.0,
ITA-Serie A,2223,2022-10-24 Cremonese-Sampdoria,Cremonese,Marco Carnesecchi,True,Goalkeeper,1,start,end,1.0,0.0,0.0,0.0,0.0,0.0,0.0,1.0,3.0,7.0,0.0,0.0,0.0,0.0,
ITA-Serie A,2223,2022-10-24 Cremonese-Sampdoria,Sampdoria,Emil Audero,False,Goalkeeper,1,start,end,1.0,0.0,0.0,0.0,0.0,0.0,0.0,0.0,3.0,20.0,0.0,0.0,0.0,0.0,
ITA-Serie A,2223,2022-10-24 Sassuolo-Hellas Verona,Hellas Verona,Lorenzo Montipò,False,Goalkeeper,1,start,end,1.0,0.0,0.0,0.0,0.0,0.0,0.0,2.0,1.0,12.0,0.0,0.0,0.0,0.0,
ITA-Serie A,2223,2022-10-24 Sassuolo-Hellas Verona,Sassuolo,Andrea Consigli,True,Goalkeeper,1,start,end,1.0,0.0,1.0,0.0,0.0,0.0,0.0,1.0,4.0,12.0,0.0,0.0,0.0,0.0,
ITA-Serie A,2223,2022-10-29 Internazionale-Sampdoria,Internazionale,André Onana,True,Goalkeeper,1,start,end,1.0,0.0,0.0,0.0,0.0,0.0,0.0,0.0,3.0,8.0,0.0,0.0,0.0,0.0,
ITA-Serie A,2223,2022-10-29 Internazionale-Sampdoria,Sampdoria,Emil Audero,False,Goalkeeper,1,start,end,1.0,0.0,0.0,0.0,0.0,0.0,0.0,3.0,5.0,14.0,0.0,0.0,0.0,0.0,
ITA-Serie A,2223,2022-10-29 Lecce-Juventus,Juventus,Wojciech Szczesny,False,Goalkeeper,1,start,end,1.0,0.0,0.0,0.0,0.0,0.0,0.0,0.0,0.0,7.0,0.0,0.0,0.0,0.0,
ITA-Serie A,2223,2022-10-29 Lecce-Juventus,Lecce,Wladimiro Falcone,True,Goalkeeper,1,start,end,1.0,0.0,1.0,0.0,0.0,0.0,0.0,1.0,4.0,13.0,0.0,0.0,0.0,0.0,
ITA-Serie A,2223,2022-10-29 Napoli-Sassuolo,Napoli,Alex Meret,True,Goalkeeper,1,start,end,1.0,0.0,0.0,0.0,0.0,0.0,0.0,0.0,6.0,10.0,0.0,0.0,0.0,0.0,
ITA-Serie A,2223,2022-10-29 Napoli-Sassuolo,Sassuolo,Andrea Consigli,False,Goalkeeper,1,start,end,1.0,0.0,0.0,0.0,0.0,0.0,0.0,4.0,2.0,14.0,0.0,0.0,0.0,0.0,
ITA-Serie A,2223,2022-10-30 Cremonese-Udinese,Cremonese,Marco Carnesecchi,True,Goalkeeper,1,start,end,1.0,0.0,0.0,0.0,0.0,0.0,0.0,0.0,3.0,12.0,0.0,0.0,0.0,0.0,
ITA-Serie A,2223,2022-10-30 Cremonese-Udinese,Udinese,Marco Silvestri,False,Goalkeeper,1,start,end,1.0,0.0,0.0,0.0,0.0,0.0,0.0,0.0,2.0,12.0,0.0,0.0,0.0,0.0,
ITA-Serie A,2223,2022-10-30 Empoli-Atalanta,Atalanta,Juan Musso,False,Goalkeeper,1,start,end,1.0,0.0,0.0,0.0,0.0,0.0,0.0,0.0,3.0,12.0,0.0,0.0,0.0,0.0,
ITA-Serie A,2223,2022-10-30 Empoli-Atalanta,Empoli,Guglielmo Vicario,True,Goalkeeper,1,start,end,1.0,0.0,0.0,0.0,0.0,0.0,0.0,2.0,3.0,17.0,0.0,0.0,0.0,0.0,
ITA-Serie A,2223,2022-10-30 Lazio-Salernitana,Lazio,Ivan Provedel,True,Goalkeeper,1,start,end,1.0,0.0,0.0,0.0,0.0,0.0,0.0,3.0,3.0,7.0,0.0,0.0,0.0,0.0,
ITA-Serie A,2223,2022-10-30 Lazio-Salernitana,Salernitana,Luigi Sepe,False,Goalkeeper,1,start,end,1.0,0.0,0.0,0.0,0.0,0.0,1.0,1.0,3.0,12.0,0.0,0.0,0.0,0.0,
ITA-Serie A,2223,2022-10-30 Spezia-Fiorentina,Fiorentina,Pietro Terracciano,False,Goalkeeper,1,start,end,1.0,0.0,0.0,0.0,0.0,0.0,0.0,1.0,5.0,9.0,0.0,0.0,0.0,0.0,
ITA-Serie A,2223,2022-10-30 Spezia-Fiorentina,Spezia,Bartlomiej Dragowski,True,Goalkeeper,1,start,end,1.0,0.0,0.0,0.0,0.0,0.0,0.0,2.0,3.0,25.0,0.0,0.0,0.0,0.0,
ITA-Serie A,2223,2022-10-30 Torino-AC Milan,AC Milan,Ciprian Tatarusanu,False,Goalkeeper,1,start,end,1.0,0.0,0.0,0.0,0.0,0.0,0.0,2.0,2.0,5.0,0.0,0.0,0.0,0.0,
ITA-Serie A,2223,2022-10-30 Torino-AC Milan,Torino,Vanja Milinkovic-Savic,True,Goalkeeper,1,start,end,1.0,0.0,0.0,0.0,0.0,0.0,0.0,1.0,0.0,10.0,0.0,0.0,0.0,0.0,
ITA-Serie A,2223,2022-10-31 Hellas Verona-AS Roma,AS Roma,Rui Patrício,False,Goalkeeper,1,start,end,1.0,0.0,0.0,0.0,0.0,0.0,0.0,1.0,2.0,6.0,0.0,0.0,0.0,0.0,
ITA-Serie A,2223,2022-10-31 Hellas Verona-AS Roma,Hellas Verona,Lorenzo Montipò,True,Goalkeeper,1,start,end,1.0,0.0,0.0,0.0,0.0,0.0,0.0,3.0,3.0,9.0,0.0,0.0,0.0,0.0,
ITA-Serie A,2223,2022-10-31 Monza-Bologna,Bologna,Lukasz Skorupski,False,Goalkeeper,1,start,end,1.0,0.0,0.0,0.0,0.0,0.0,0.0,1.0,2.0,8.0,0.0,0.0,0.0,0.0,
ITA-Serie A,2223,2022-10-31 Monza-Bologna,Monza,Michele Di Gregorio,True,Goalkeeper,1,start,end,1.0,0.0,0.0,0.0,0.0,0.0,0.0,2.0,3.0,7.0,0.0,0.0,0.0,0.0,
ITA-Serie A,2223,2022-11-04 Udinese-Lecce,Lecce,Wladimiro Falcone,False,Goalkeeper,1,start,end,1.0,0.0,0.0,0.0,0.0,0.0,0.0,1.0,4.0,15.0,0.0,0.0,0.0,0.0,
ITA-Serie A,2223,2022-11-04 Udinese-Lecce,Udinese,Marco Silvestri,True,Goalkeeper,1,start,end,1.0,0.0,0.0,0.0,0.0,0.0,0.0,1.0,0.0,8.0,0.0,0.0,0.0,0.0,
ITA-Serie A,2223,2022-11-05 AC Milan-Spezia,AC Milan,Ciprian Tatarusanu,True,Goalkeeper,1,start,end,1.0,0.0,0.0,0.0,0.0,0.0,0.0,1.0,4.0,12.0,0.0,0.0,0.0,0.0,
ITA-Serie A,2223,2022-11-05 AC Milan-Spezia,Spezia,Bartlomiej Dragowski,False,Goalkeeper,1,start,end,1.0,0.0,2.0,0.0,0.0,0.0,0.0,2.0,8.0,19.0,0.0,0.0,0.0,0.0,
ITA-Serie A,2223,2022-11-05 Atalanta-Napoli,Atalanta,Juan Musso,True,Goalkeeper,1,start,end,1.0,0.0,0.0,0.0,0.0,0.0,0.0,2.0,3.0,6.0,0.0,0.0,0.0,0.0,
ITA-Serie A,2223,2022-11-05 Atalanta-Napoli,Napoli,Alex Meret,False,Goalkeeper,1,start,end,1.0,0.0,0.0,0.0,0.0,0.0,0.0,1.0,3.0,12.0,0.0,0.0,0.0,0.0,
ITA-Serie A,2223,2022-11-05 Empoli-Sassuolo,Empoli,Guglielmo Vicario,True,Goalkeeper,1,start,end,1.0,0.0,0.0,0.0,0.0,0.0,0.0,0.0,3.0,8.0,0.0,0.0,0.0,0.0,
ITA-Serie A,2223,2022-11-05 Empoli-Sassuolo,Sassuolo,Andrea Consigli,False,Goalkeeper,1,start,end,1.0,0.0,0.0,0.0,0.0,0.0,0.0,1.0,0.0,16.0,0.0,0.0,0.0,0.0,
ITA-Serie A,2223,2022-11-05 Salernitana-Cremonese,Cremonese,Marco Carnesecchi,False,Goalkeeper,1,start,end,1.0,0.0,0.0,0.0,0.0,0.0,0.0,2.0,0.0,10.0,0.0,0.0,0.0,0.0,
ITA-Serie A,2223,2022-11-05 Salernitana-Cremonese,Salernitana,Luigi Sepe,True,Goalkeeper,1,start,end,1.0,0.0,0.0,0.0,0.0,0.0,1.0,2.0,2.0,9.0,0.0,0.0,0.0,0.0,
ITA-Serie A,2223,2022-11-06 AS Roma-Lazio,AS Roma,Rui Patrício,True,Goalkeeper,1,start,end,1.0,0.0,0.0,0.0,0.0,0.0,1.0,1.0,2.0,4.0,0.0,0.0,0.0,0.0,
ITA-Serie A,2223,2022-11-06 AS Roma-Lazio,Lazio,Ivan Provedel,False,Goalkeeper,1,start,end,1.0,0.0,0.0,0.0,0.0,0.0,0.0,0.0,2.0,6.0,0.0,0.0,0.0,0.0,
ITA-Serie A,2223,2022-11-06 Bologna-Torino,Bologna,Lukasz Skorupski,True,Goalkeeper,1,start,end,1.0,0.0,0.0,0.0,0.0,0.0,1.0,1.0,1.0,6.0,0.0,0.0,0.0,0.0,
ITA-Serie A,2223,2022-11-06 Bologna-Torino,Torino,Vanja Milinkovic-Savic,False,Goalkeeper,1,start,end,1.0,0.0,0.0,0.0,0.0,0.0,1.0,2.0,3.0,6.0,0.0,0.0,0.0,0.0,
ITA-Serie A,2223,2022-11-06 Juventus-Internazionale,Internazionale,André Onana,False,Goalkeeper,1,start,end,1.0,0.0,0.0,0.0,0.0,0.0,0.0,2.0,1.0,6.0,0.0,0.0,0.0,0.0,
ITA-Serie A,2223,2022-11-06 Juventus-Internazionale,Juventus,Wojciech Szczesny,True,Goalkeeper,1,start,end,1.0,0.0,0.0,0.0,0.0,0.0,0.0,0.0,4.0,13.0,0.0,0.0,0.0,0.0,
ITA-Serie A,2223,2022-11-06 Monza-Hellas Verona,Hellas Verona,Lorenzo Montipò,False,Goalkeeper,1,start,end,1.0,0.0,0.0,0.0,0.0,0.0,0.0,2.0,1.0,12.0,0.0,0.0,0.0,0.0,
ITA-Serie A,2223,2022-11-06 Monza-Hellas Verona,Monza,Michele Di Gregorio,True,Goalkeeper,1,start,end,1.0,0.0,0.0,0.0,0.0,0.0,0.0,0.0,2.0,7.0,0.0,0.0,0.0,0.0,
ITA-Serie A,2223,2022-11-06 Sampdoria-Fiorentina,Fiorentina,Pietro Terracciano,False,Goalkeeper,1,start,end,1.0,0.0,0.0,0.0,0.0,0.0,0.0,0.0,2.0,14.0,0.0,0.0,0.0,0.0,
ITA-Serie A,2223,2022-11-06 Sampdoria-Fiorentina,Sampdoria,Emil Audero,True,Goalkeeper,1,start,end,1.0,0.0,0.0,0.0,0.0,0.0,0.0,2.0,1.0,3.0,0.0,0.0,0.0,0.0,
ITA-Serie A,2223,2022-11-08 Cremonese-AC Milan,AC Milan,Ciprian Tatarusanu,False,Goalkeeper,1,start,end,1.0,0.0,0.0,0.0,0.0,0.0,0.0,0.0,1.0,6.0,0.0,0.0,0.0,0.0,
ITA-Serie A,2223,2022-11-08 Cremonese-AC Milan,Cremonese,Marco Carnesecchi,True,Goalkeeper,1,start,end,1.0,0.0,0.0,0.0,0.0,0.0,0.0,0.0,5.0,15.0,0.0,0.0,0.0,0.0,
ITA-Serie A,2223,2022-11-08 Napoli-Empoli,Empoli,Guglielmo Vicario,False,Goalkeeper,1,start,end,1.0,0.0,0.0,0.0,0.0,0.0,0.0,2.0,2.0,16.0,0.0,0.0,0.0,0.0,
ITA-Serie A,2223,2022-11-08 Napoli-Empoli,Napoli,Alex Meret,True,Goalkeeper,1,start,end,1.0,0.0,0.0,0.0,0.0,0.0,0.0,0.0,1.0,6.0,0.0,0.0,0.0,0.0,
ITA-Serie A,2223,2022-11-08 Spezia-Udinese,Spezia,Jeroen Zoet,True,Goalkeeper,1,start,end,1.0,0.0,0.0,0.0,0.0,0.0,0.0,1.0,1.0,8.0,0.0,0.0,0.0,0.0,
ITA-Serie A,2223,2022-11-08 Spezia-Udinese,Udinese,Marco Silvestri,False,Goalkeeper,1,start,end,1.0,0.0,0.0,0.0,0.0,0.0,0.0,1.0,5.0,17.0,0.0,0.0,0.0,0.0,
ITA-Serie A,2223,2022-11-09 Fiorentina-Salernitana,Fiorentina,Pietro Terracciano,True,Goalkeeper,1,start,end,1.0,0.0,0.0,0.0,0.0,0.0,0.0,1.0,0.0,3.0,0.0,0.0,0.0,0.0,
ITA-Serie A,2223,2022-11-09 Fiorentina-Salernitana,Salernitana,Luigi Sepe,False,Goalkeeper,1,start,end,1.0,0.0,0.0,0.0,0.0,0.0,0.0,2.0,5.0,16.0,0.0,0.0,0.0,0.0,
ITA-Serie A,2223,2022-11-09 Internazionale-Bologna,Bologna,Lukasz Skorupski,False,Goalkeeper,1,start,end,1.0,0.0,0.0,0.0,0.0,0.0,0.0,6.0,1.0,7.0,0.0,0.0,0.0,0.0,
ITA-Serie A,2223,2022-11-09 Internazionale-Bologna,Internazionale,André Onana,True,Goalkeeper,1,start,end,1.0,0.0,0.0,0.0,0.0,0.0,0.0,1.0,3.0,8.0,0.0,0.0,0.0,0.0,
ITA-Serie A,2223,2022-11-09 Lecce-Atalanta,Atalanta,Marco Sportiello,False,Goalkeeper,1,start,end,1.0,0.0,0.0,0.0,0.0,0.0,0.0,2.0,1.0,14.0,0.0,0.0,0.0,0.0,
ITA-Serie A,2223,2022-11-09 Lecce-Atalanta,Lecce,Wladimiro Falcone,True,Goalkeeper,1,start,end,1.0,0.0,0.0,0.0,0.0,0.0,0.0,1.0,3.0,11.0,0.0,0.0,0.0,0.0,
ITA-Serie A,2223,2022-11-09 Sassuolo-AS Roma,AS Roma,Rui Patrício,False,Goalkeeper,1,start,end,1.0,0.0,0.0,0.0,0.0,0.0,0.0,1.0,6.0,14.0,0.0,0.0,0.0,0.0,
ITA-Serie A,2223,2022-11-09 Sassuolo-AS Roma,Sassuolo,Andrea Consigli,True,Goalkeeper,1,start,end,1.0,0.0,0.0,0.0,0.0,0.0,0.0,1.0,3.0,10.0,0.0,0.0,0.0,0.0,
ITA-Serie A,2223,2022-11-09 Torino-Sampdoria,Sampdoria,Emil Audero,False,Goalkeeper,1,start,end,1.0,0.0,0.0,0.0,0.0,0.0,0.0,2.0,3.0,6.0,0.0,0.0,0.0,0.0,
ITA-Serie A,2223,2022-11-09 Torino-Sampdoria,Torino,Vanja Milinkovic-Savic,True,Goalkeeper,1,start,end,1.0,0.0,0.0,0.0,0.0,0.0,0.0,0.0,1.0,9.0,0.0,0.0,0.0,0.0,
ITA-Serie A,2223,2022-11-10 Hellas Verona-Juventus,Hellas Verona,Lorenzo Montipò,True,Goalkeeper,1,start,end,1.0,0.0,0.0,0.0,0.0,0.0,0.0,1.0,2.0,10.0,0.0,0.0,0.0,0.0,
ITA-Serie A,2223,2022-11-10 Hellas Verona-Juventus,Juventus,Mattia Perin,False,Goalkeeper,1,start,end,1.0,0.0,0.0,0.0,0.0,0.0,0.0,0.0,2.0,15.0,0.0,0.0,0.0,0.0,
ITA-Serie A,2223,2022-11-10 Lazio-Monza,Lazio,Ivan Provedel,True,Goalkeeper,1,start,end,1.0,0.0,0.0,0.0,0.0,0.0,0.0,0.0,1.0,7.0,0.0,0.0,0.0,0.0,
ITA-Serie A,2223,2022-11-10 Lazio-Monza,Monza,Michele Di Gregorio,False,Goalkeeper,1,start,end,1.0,0.0,0.0,0.0,0.0,0.0,0.0,1.0,3.0,10.0,0.0,0.0,0.0,0.0,
ITA-Serie A,2223,2022-11-11 Empoli-Cremonese,Cremonese,Marco Carnesecchi,False,Goalkeeper,1,start,end,1.0,0.0,0.0,0.0,0.0,0.0,0.0,2.0,4.0,11.0,0.0,0.0,0.0,0.0,
ITA-Serie A,2223,2022-11-11 Empoli-Cremonese,Empoli,Guglielmo Vicario,True,Goalkeeper,1,start,end,1.0,0.0,0.0,0.0,0.0,0.0,0.0,0.0,5.0,18.0,0.0,0.0,0.0,0.0,
ITA-Serie A,2223,2022-11-12 Bologna-Sassuolo,Bologna,Lukasz Skorupski,True,Goalkeeper,1,start,end,1.0,0.0,1.0,0.0,0.0,0.0,0.0,0.0,3.0,9.0,0.0,0.0,0.0,0.0,
ITA-Serie A,2223,2022-11-12 Bologna-Sassuolo,Sassuolo,Andrea Consigli,False,Goalkeeper,1,start,end,1.0,0.0,0.0,0.0,0.0,0.0,0.0,3.0,1.0,5.0,0.0,0.0,0.0,0.0,
ITA-Serie A,2223,2022-11-12 Napoli-Udinese,Napoli,Alex Meret,True,Goalkeeper,1,start,end,1.0,0.0,0.0,0.0,0.0,0.0,0.0,2.0,2.0,7.0,0.0,0.0,0.0,0.0,
ITA-Serie A,2223,2022-11-12 Napoli-Udinese,Udinese,Marco Silvestri,False,Goalkeeper,1,start,end,1.0,0.0,0.0,0.0,0.0,0.0,0.0,3.0,2.0,11.0,0.0,0.0,0.0,0.0,
ITA-Serie A,2223,2022-11-12 Sampdoria-Lecce,Lecce,Wladimiro Falcone,False,Goalkeeper,1,start,end,1.0,0.0,0.0,0.0,0.0,0.0,0.0,0.0,2.0,11.0,0.0,0.0,0.0,0.0,
ITA-Serie A,2223,2022-11-12 Sampdoria-Lecce,Sampdoria,Emil Audero,True,Goalkeeper,1,start,end,1.0,0.0,0.0,0.0,0.0,0.0,0.0,2.0,1.0,9.0,0.0,0.0,0.0,0.0,
ITA-Serie A,2223,2022-11-13 AC Milan-Fiorentina,AC Milan,Ciprian Tatarusanu,True,Goalkeeper,1,start,end,1.0,0.0,0.0,0.0,0.0,0.0,0.0,1.0,4.0,10.0,0.0,0.0,0.0,0.0,
ITA-Serie A,2223,2022-11-13 AC Milan-Fiorentina,Fiorentina,Pietro Terracciano,False,Goalkeeper,1,start,end,1.0,0.0,0.0,0.0,0.0,0.0,0.0,1.0,1.0,11.0,0.0,0.0,0.0,0.0,
ITA-Serie A,2223,2022-11-13 AS Roma-Torino,AS Roma,Rui Patrício,True,Goalkeeper,1,start,end,1.0,0.0,0.0,0.0,0.0,0.0,0.0,1.0,1.0,9.0,0.0,0.0,0.0,0.0,
ITA-Serie A,2223,2022-11-13 AS Roma-Torino,Torino,Vanja Milinkovic-Savic,False,Goalkeeper,1,start,end,1.0,0.0,0.0,0.0,0.0,0.0,0.0,1.0,3.0,11.0,0.0,0.0,0.0,0.0,
ITA-Serie A,2223,2022-11-13 Atalanta-Internazionale,Atalanta,Juan Musso,True,Goalkeeper,1,start,end,1.0,0.0,0.0,0.0,0.0,0.0,0.0,2.0,1.0,12.0,0.0,0.0,0.0,0.0,
ITA-Serie A,2223,2022-11-13 Atalanta-Internazionale,Internazionale,André Onana,False,Goalkeeper,1,start,end,1.0,0.0,0.0,0.0,0.0,0.0,1.0,2.0,5.0,16.0,0.0,0.0,0.0,0.0,
ITA-Serie A,2223,2022-11-13 Hellas Verona-Spezia,Hellas Verona,Lorenzo Montipò,True,Goalkeeper,1,start,end,1.0,0.0,1.0,0.0,0.0,0.0,0.0,2.0,7.0,14.0,0.0,0.0,0.0,0.0,
ITA-Serie A,2223,2022-11-13 Hellas Verona-Spezia,Spezia,Bartlomiej Dragowski,False,Goalkeeper,1,start,43,1.0,0.0,0.0,0.0,0.0,0.0,0.0,1.0,0.0,3.0,0.0,0.0,0.0,0.0,
ITA-Serie A,2223,2022-11-13 Juventus-Lazio,Juventus,Wojciech Szczesny,True,Goalkeeper,1,start,end,1.0,0.0,0.0,0.0,0.0,0.0,0.0,0.0,3.0,10.0,0.0,0.0,0.0,0.0,
ITA-Serie A,2223,2022-11-13 Juventus-Lazio,Lazio,Ivan Provedel,False,Goalkeeper,1,start,end,1.0,0.0,0.0,0.0,0.0,0.0,0.0,3.0,6.0,10.0,0.0,0.0,0.0,0.0,
ITA-Serie A,2223,2022-11-13 Monza-Salernitana,Monza,Michele Di Gregorio,True,Goalkeeper,1,start,end,1.0,0.0,0.0,0.0,0.0,0.0,0.0,0.0,0.0,5.0,0.0,0.0,0.0,0.0,
ITA-Serie A,2223,2022-11-13 Monza-Salernitana,Salernitana,Luigi Sepe,False,Goalkeeper,1,start,end,1.0,0.0,0.0,0.0,0.0,0.0,0.0,3.0,4.0,17.0,0.0,0.0,0.0,0.0,
ITA-Serie A,2223,2023-01-04 AS Roma-Bologna,AS Roma,Rui Patrício,True,Goalkeeper,1,start,end,1.0,0.0,0.0,0.0,0.0,0.0,0.0,0.0,1.0,11.0,0.0,0.0,0.0,0.0,
ITA-Serie A,2223,2023-01-04 AS Roma-Bologna,Bologna,Lukasz Skorupski,False,Goalkeeper,1,start,end,1.0,0.0,0.0,0.0,0.0,0.0,0.0,1.0,3.0,12.0,0.0,0.0,0.0,0.0,
ITA-Serie A,2223,2023-01-04 Cremonese-Juventus,Cremonese,Marco Carnesecchi,True,Goalkeeper,1,start,end,1.0,0.0,0.0,0.0,0.0,0.0,0.0,1.0,7.0,18.0,0.0,0.0,0.0,0.0,
ITA-Serie A,2223,2023-01-04 Cremonese-Juventus,Juventus,Wojciech Szczesny,False,Goalkeeper,1,start,end,1.0,0.0,0.0,0.0,0.0,0.0,0.0,0.0,3.0,13.0,0.0,0.0,0.0,0.0,
ITA-Serie A,2223,2023-01-04 Fiorentina-Monza,Fiorentina,Pietro Terracciano,True,Goalkeeper,1,start,end,1.0,0.0,0.0,0.0,0.0,0.0,0.0,1.0,2.0,8.0,0.0,0.0,0.0,0.0,
ITA-Serie A,2223,2023-01-04 Fiorentina-Monza,Monza,Michele Di Gregorio,False,Goalkeeper,1,start,end,1.0,0.0,0.0,0.0,0.0,0.0,0.0,1.0,5.0,21.0,0.0,0.0,0.0,0.0,
ITA-Serie A,2223,2023-01-04 Internazionale-Napoli,Internazionale,André Onana,True,Goalkeeper,1,start,end,1.0,0.0,0.0,0.0,0.0,0.0,0.0,0.0,2.0,9.0,0.0,0.0,0.0,0.0,
ITA-Serie A,2223,2023-01-04 Internazionale-Napoli,Napoli,Alex Meret,False,Goalkeeper,1,start,end,1.0,0.0,0.0,0.0,0.0,0.0,0.0,1.0,1.0,5.0,0.0,0.0,0.0,0.0,
ITA-Serie A,2223,2023-01-04 Lecce-Lazio,Lazio,Ivan Provedel,False,Goalkeeper,1,start,end,1.0,0.0,0.0,0.0,0.0,0.0,0.0,2.0,2.0,9.0,0.0,0.0,0.0,0.0,
ITA-Serie A,2223,2023-01-04 Lecce-Lazio,Lecce,Wladimiro Falcone,True,Goalkeeper,1,start,end,1.0,0.0,0.0,0.0,0.0,0.0,0.0,1.0,1.0,7.0,0.0,0.0,0.0,0.0,
ITA-Serie A,2223,2023-01-04 Salernitana-AC Milan,AC Milan,Ciprian Tatarusanu,False,Goalkeeper,1,start,end,1.0,0.0,1.0,0.0,0.0,0.0,0.0,1.0,0.0,7.0,0.0,0.0,0.0,0.0,
ITA-Serie A,2223,2023-01-04 Salernitana-AC Milan,Salernitana,Guillermo Ochoa,True,Goalkeeper,1,start,end,1.0,0.0,0.0,0.0,0.0,0.0,0.0,2.0,9.0,12.0,0.0,0.0,0.0,0.0,
ITA-Serie A,2223,2023-01-04 Sassuolo-Sampdoria,Sampdoria,Emil Audero,False,Goalkeeper,1,start,end,1.0,0.0,1.0,0.0,0.0,0.0,0.0,1.0,3.0,16.0,0.0,0.0,0.0,0.0,
ITA-Serie A,2223,2023-01-04 Sassuolo-Sampdoria,Sassuolo,Andrea Consigli,True,Goalkeeper,1,start,end,1.0,0.0,0.0,0.0,0.0,0.0,0.0,2.0,2.0,7.0,0.0,0.0,0.0,0.0,
ITA-Serie A,2223,2023-01-04 Spezia-Atalanta,Atalanta,Marco Sportiello,False,Goalkeeper,1,start,end,1.0,0.0,0.0,0.0,0.0,0.0,0.0,2.0,1.0,5.0,0.0,0.0,0.0,0.0,
ITA-Serie A,2223,2023-01-04 Spezia-Atalanta,Spezia,Jeroen Zoet,True,Goalkeeper,1,start,18,1.0,0.0,0.0,0.0,0.0,0.0,0.0,0.0,0.0,2.0,0.0,0.0,0.0,0.0,
ITA-Serie A,2223,2023-01-04 Torino-Hellas Verona,Hellas Verona,Lorenzo Montipò,False,Goalkeeper,1,start,end,1.0,0.0,1.0,0.0,0.0,0.0,0.0,1.0,2.0,8.0,0.0,0.0,0.0,0.0,
ITA-Serie A,2223,2023-01-04 Torino-Hellas Verona,Torino,Vanja Milinkovic-Savic,True,Goalkeeper,1,start,end,1.0,0.0,1.0,0.0,0.0,0.0,0.0,1.0,2.0,8.0,0.0,0.0,0.0,0.0,
ITA-Serie A,2223,2023-01-04 Udinese-Empoli,Empoli,Guglielmo Vicario,False,Goalkeeper,1,start,end,1.0,0.0,0.0,0.0,0.0,0.0,0.0,1.0,3.0,20.0,0.0,0.0,0.0,0.0,
ITA-Serie A,2223,2023-01-04 Udinese-Empoli,Udinese,Marco Silvestri,True,Goalkeeper,1,start,end,1.0,0.0,0.0,0.0,0.0,0.0,0.0,1.0,0.0,5.0,0.0,0.0,0.0,0.0,
ITA-Serie A,2223,2023-01-07 Fiorentina-Sassuolo,Fiorentina,Pietro Terracciano,True,Goalkeeper,1,start,end,1.0,0.0,0.0,0.0,0.0,0.0,0.0,1.0,3.0,13.0,0.0,0.0,0.0,0.0,
ITA-Serie A,2223,2023-01-07 Fiorentina-Sassuolo,Sassuolo,Andrea Consigli,False,Goalkeeper,1,start,end,1.0,0.0,0.0,0.0,0.0,0.0,0.0,2.0,2.0,13.0,0.0,0.0,0.0,0.0,
ITA-Serie A,2223,2023-01-07 Juventus-Udinese,Juventus,Wojciech Szczesny,True,Goalkeeper,1,start,end,1.0,0.0,0.0,0.0,0.0,0.0,0.0,0.0,3.0,12.0,0.0,0.0,0.0,0.0,
ITA-Serie A,2223,2023-01-07 Juventus-Udinese,Udinese,Marco Silvestri,False,Goalkeeper,1,start,end,1.0,0.0,0.0,0.0,0.0,0.0,0.0,1.0,3.0,14.0,0.0,0.0,0.0,0.0,
ITA-Serie A,2223,2023-01-07 Monza-Internazionale,Internazionale,André Onana,False,Goalkeeper,1,start,end,1.0,0.0,0.0,0.0,0.0,0.0,0.0,2.0,3.0,12.0,0.0,0.0,0.0,0.0,
ITA-Serie A,2223,2023-01-07 Monza-Internazionale,Monza,Michele Di Gregorio,True,Goalkeeper,1,start,end,1.0,0.0,0.0,0.0,0.0,0.0,0.0,2.0,1.0,8.0,0.0,0.0,0.0,0.0,
ITA-Serie A,2223,2023-01-08 AC Milan-AS Roma,AC Milan,Ciprian Tatarusanu,True,Goalkeeper,1,start,end,1.0,0.0,1.0,0.0,0.0,0.0,0.0,2.0,1.0,9.0,0.0,0.0,0.0,0.0,
ITA-Serie A,2223,2023-01-08 AC Milan-AS Roma,AS Roma,Rui Patrício,False,Goalkeeper,1,start,end,1.0,0.0,0.0,0.0,0.0,0.0,0.0,2.0,3.0,10.0,0.0,0.0,0.0,0.0,
ITA-Serie A,2223,2023-01-08 Lazio-Empoli,Empoli,Guglielmo Vicario,False,Goalkeeper,1,start,end,1.0,0.0,0.0,0.0,0.0,0.0,0.0,2.0,2.0,16.0,0.0,0.0,0.0,0.0,
ITA-Serie A,2223,2023-01-08 Lazio-Empoli,Lazio,Ivan Provedel,True,Goalkeeper,1,start,end,1.0,0.0,0.0,0.0,0.0,0.0,0.0,2.0,0.0,3.0,0.0,0.0,0.0,0.0,
ITA-Serie A,2223,2023-01-08 Salernitana-Torino,Salernitana,Guillermo Ochoa,True,Goalkeeper,1,start,end,1.0,0.0,0.0,0.0,0.0,0.0,0.0,1.0,7.0,22.0,0.0,0.0,0.0,0.0,
ITA-Serie A,2223,2023-01-08 Salernitana-Torino,Torino,Vanja Milinkovic-Savic,False,Goalkeeper,1,start,end,1.0,0.0,2.0,0.0,0.0,0.0,0.0,1.0,3.0,8.0,0.0,0.0,0.0,0.0,
ITA-Serie A,2223,2023-01-08 Sampdoria-Napoli,Napoli,Alex Meret,False,Goalkeeper,1,start,end,1.0,0.0,0.0,0.0,0.0,0.0,0.0,0.0,2.0,9.0,0.0,0.0,0.0,0.0,
ITA-Serie A,2223,2023-01-08 Sampdoria-Napoli,Sampdoria,Emil Audero,True,Goalkeeper,1,start,end,1.0,0.0,0.0,0.0,0.0,0.0,0.0,2.0,5.0,21.0,0.0,0.0,0.0,0.0,
ITA-Serie A,2223,2023-01-08 Spezia-Lecce,Lecce,Wladimiro Falcone,False,Goalkeeper,1,start,end,1.0,0.0,0.0,0.0,0.0,0.0,0.0,0.0,2.0,10.0,0.0,0.0,0.0,0.0,
ITA-Serie A,2223,2023-01-08 Spezia-Lecce,Spezia,Bartlomiej Dragowski,True,Goalkeeper,1,start,end,1.0,0.0,0.0,0.0,0.0,0.0,0.0,0.0,4.0,15.0,0.0,0.0,0.0,0.0,
ITA-Serie A,2223,2023-01-09 Bologna-Atalanta,Atalanta,Juan Musso,False,Goalkeeper,1,start,end,1.0,0.0,0.0,0.0,0.0,0.0,0.0,1.0,2.0,11.0,0.0,0.0,0.0,0.0,
ITA-Serie A,2223,2023-01-09 Bologna-Atalanta,Bologna,Lukasz Skorupski,True,Goalkeeper,1,start,end,1.0,0.0,0.0,0.0,0.0,0.0,0.0,2.0,1.0,5.0,0.0,0.0,0.0,0.0,
ITA-Serie A,2223,2023-01-09 Hellas Verona-Cremonese,Cremonese,Marco Carnesecchi,False,Goalkeeper,1,start,end,1.0,0.0,0.0,0.0,0.0,0.0,0.0,2.0,2.0,6.0,0.0,0.0,0.0,0.0,
ITA-Serie A,2223,2023-01-09 Hellas Verona-Cremonese,Hellas Verona,Lorenzo Montipò,True,Goalkeeper,1,start,end,1.0,0.0,0.0,0.0,0.0,0.0,0.0,0.0,5.0,15.0,0.0,0.0,0.0,0.0,
ITA-Serie A,2223,2023-01-13 Napoli-Juventus,Juventus,Wojciech Szczesny,False,Goalkeeper,1,start,end,1.0,0.0,0.0,0.0,0.0,0.0,0.0,5.0,5.0,8.0,0.0,0.0,0.0,0.0,
ITA-Serie A,2223,2023-01-13 Napoli-Juventus,Napoli,Alex Meret,True,Goalkeeper,1,start,end,1.0,0.0,0.0,0.0,0.0,0.0,0.0,1.0,2.0,10.0,0.0,0.0,0.0,0.0,
ITA-Serie A,2223,2023-01-14 Cremonese-Monza,Cremonese,Marco Carnesecchi,True,Goalkeeper,1,start,end,1.0,0.0,0.0,0.0,0.0,0.0,0.0,3.0,0.0,5.0,0.0,0.0,0.0,0.0,
ITA-Serie A,2223,2023-01-14 Cremonese-Monza,Monza,Michele Di Gregorio,False,Goalkeeper,1,start,end,1.0,0.0,0.0,0.0,0.0,0.0,0.0,2.0,6.0,8.0,0.0,0.0,0.0,0.0,
ITA-Serie A,2223,2023-01-14 Internazionale-Hellas Verona,Hellas Verona,Lorenzo Montipò,False,Goalkeeper,1,start,end,1.0,0.0,0.0,0.0,0.0,0.0,0.0,1.0,2.0,10.0,0.0,0.0,0.0,0.0,
ITA-Serie A,2223,2023-01-14 Internazionale-Hellas Verona,Internazionale,André Onana,True,Goalkeeper,1,start,end,1.0,0.0,0.0,0.0,0.0,0.0,0.0,0.0,1.0,6.0,0.0,0.0,0.0,0.0,
ITA-Serie A,2223,2023-01-14 Lecce-AC Milan,AC Milan,Ciprian Tatarusanu,False,Goalkeeper,1,start,end,1.0,0.0,0.0,0.0,0.0,0.0,0.0,2.0,2.0,16.0,0.0,0.0,0.0,0.0,
ITA-Serie A,2223,2023-01-14 Lecce-AC Milan,Lecce,Wladimiro Falcone,True,Goalkeeper,1,start,end,1.0,0.0,0.0,0.0,0.0,0.0,0.0,2.0,3.0,9.0,0.0,0.0,0.0,0.0,
ITA-Serie A,2223,2023-01-15 AS Roma-Fiorentina,AS Roma,Rui Patrício,True,Goalkeeper,1,start,end,1.0,0.0,0.0,0.0,0.0,0.0,0.0,0.0,2.0,7.0,0.0,0.0,0.0,0.0,
ITA-Serie A,2223,2023-01-15 AS Roma-Fiorentina,Fiorentina,Pietro Terracciano,False,Goalkeeper,1,start,end,1.0,0.0,0.0,0.0,0.0,0.0,0.0,2.0,2.0,8.0,0.0,0.0,0.0,0.0,
ITA-Serie A,2223,2023-01-15 Atalanta-Salernitana,Atalanta,Juan Musso,True,Goalkeeper,1,start,end,1.0,0.0,0.0,0.0,0.0,0.0,0.0,2.0,0.0,5.0,0.0,0.0,0.0,0.0,
ITA-Serie A,2223,2023-01-15 Atalanta-Salernitana,Salernitana,Guillermo Ochoa,False,Goalkeeper,1,start,end,1.0,0.0,0.0,0.0,0.0,0.0,0.0,8.0,4.0,10.0,0.0,0.0,0.0,0.0,
ITA-Serie A,2223,2023-01-15 Sassuolo-Lazio,Lazio,Ivan Provedel,False,Goalkeeper,1,start,end,1.0,0.0,0.0,0.0,0.0,0.0,0.0,0.0,2.0,12.0,0.0,0.0,0.0,0.0,
ITA-Serie A,2223,2023-01-15 Sassuolo-Lazio,Sassuolo,Gianluca Pegolo,True,Goalkeeper,1,start,end,1.0,0.0,1.0,0.0,0.0,0.0,0.0,2.0,1.0,10.0,0.0,0.0,0.0,0.0,
ITA-Serie A,2223,2023-01-15 Torino-Spezia,Spezia,Bartlomiej Dragowski,False,Goalkeeper,1,start,end,1.0,0.0,0.0,0.0,0.0,0.0,0.0,0.0,4.0,10.0,0.0,0.0,0.0,0.0,
ITA-Serie A,2223,2023-01-15 Torino-Spezia,Torino,Vanja Milinkovic-Savic,True,Goalkeeper,1,start,end,1.0,0.0,0.0,0.0,0.0,0.0,0.0,1.0,4.0,12.0,0.0,0.0,0.0,0.0,
ITA-Serie A,2223,2023-01-15 Udinese-Bologna,Bologna,Lukasz Skorupski,False,Goalkeeper,1,start,end,1.0,0.0,1.0,0.0,0.0,0.0,0.0,1.0,3.0,19.0,0.0,0.0,0.0,0.0,
ITA-Serie A,2223,2023-01-15 Udinese-Bologna,Udinese,Marco Silvestri,True,Goalkeeper,1,start,end,1.0,0.0,0.0,0.0,0.0,0.0,0.0,2.0,0.0,12.0,0.0,0.0,0.0,0.0,
ITA-Serie A,2223,2023-01-16 Empoli-Sampdoria,Empoli,Guglielmo Vicario,True,Goalkeeper,1,start,end,1.0,0.0,0.0,0.0,0.0,0.0,1.0,0.0,7.0,16.0,0.0,0.0,0.0,0.0,
ITA-Serie A,2223,2023-01-16 Empoli-Sampdoria,Sampdoria,Emil Audero,False,Goalkeeper,1,start,end,1.0,0.0,0.0,0.0,0.0,0.0,1.0,1.0,4.0,14.0,0.0,0.0,0.0,0.0,
ITA-Serie A,2223,2023-01-21 Fiorentina-Torino,Fiorentina,Pietro Terracciano,True,Goalkeeper,1,start,end,1.0,0.0,0.0,0.0,0.0,0.0,0.0,1.0,2.0,8.0,0.0,0.0,0.0,0.0,
ITA-Serie A,2223,2023-01-21 Fiorentina-Torino,Torino,Vanja Milinkovic-Savic,False,Goalkeeper,1,start,end,1.0,0.0,0.0,0.0,0.0,0.0,0.0,0.0,5.0,18.0,0.0,0.0,0.0,0.0,
ITA-Serie A,2223,2023-01-21 Hellas Verona-Lecce,Hellas Verona,Lorenzo Montipò,True,Goalkeeper,1,start,end,1.0,0.0,0.0,0.0,0.0,0.0,0.0,0.0,3.0,9.0,0.0,0.0,0.0,0.0,
ITA-Serie A,2223,2023-01-21 Hellas Verona-Lecce,Lecce,Wladimiro Falcone,False,Goalkeeper,1,start,end,1.0,0.0,0.0,0.0,0.0,0.0,0.0,2.0,2.0,8.0,0.0,0.0,0.0,0.0,
ITA-Serie A,2223,2023-01-21 Salernitana-Napoli,Napoli,Alex Meret,False,Goalkeeper,1,start,end,1.0,0.0,0.0,0.0,0.0,0.0,0.0,0.0,2.0,5.0,0.0,0.0,0.0,0.0,
ITA-Serie A,2223,2023-01-21 Salernitana-Napoli,Salernitana,Guillermo Ochoa,True,Goalkeeper,1,start,end,1.0,0.0,0.0,0.0,0.0,0.0,0.0,2.0,2.0,7.0,0.0,0.0,0.0,0.0,
ITA-Serie A,2223,2023-01-22 Juventus-Atalanta,Atalanta,Juan Musso,False,Goalkeeper,1,start,end,1.0,0.0,0.0,0.0,0.0,0.0,0.0,3.0,5.0,11.0,0.0,0.0,0.0,0.0,
ITA-Serie A,2223,2023-01-22 Juventus-Atalanta,Juventus,Wojciech Szczesny,True,Goalkeeper,1,start,end,1.0,0.0,0.0,0.0,0.0,0.0,0.0,3.0,1.0,9.0,0.0,0.0,0.0,0.0,
ITA-Serie A,2223,2023-01-22 Monza-Sassuolo,Monza,Michele Di Gregorio,True,Goalkeeper,1,start,end,1.0,0.0,0.0,0.0,0.0,0.0,0.0,1.0,0.0,12.0,0.0,0.0,0.0,0.0,
ITA-Serie A,2223,2023-01-22 Monza-Sassuolo,Sassuolo,Gianluca Pegolo,False,Goalkeeper,1,start,end,1.0,0.0,0.0,0.0,0.0,0.0,0.0,1.0,2.0,14.0,0.0,0.0,0.0,0.0,
ITA-Serie A,2223,2023-01-22 Sampdoria-Udinese,Sampdoria,Emil Audero,True,Goalkeeper,1,start,end,1.0,0.0,0.0,0.0,0.0,0.0,0.0,1.0,4.0,13.0,0.0,0.0,0.0,0.0,
ITA-Serie A,2223,2023-01-22 Sampdoria-Udinese,Udinese,Marco Silvestri,False,Goalkeeper,1,start,end,1.0,0.0,0.0,0.0,0.0,0.0,0.0,0.0,1.0,9.0,0.0,0.0,0.0,0.0,
ITA-Serie A,2223,2023-01-22 Spezia-AS Roma,AS Roma,Rui Patrício,False,Goalkeeper,1,start,end,1.0,0.0,0.0,0.0,0.0,0.0,0.0,0.0,0.0,8.0,0.0,0.0,0.0,0.0,
ITA-Serie A,2223,2023-01-22 Spezia-AS Roma,Spezia,Bartlomiej Dragowski,True,Goalkeeper,1,start,end,1.0,0.0,0.0,0.0,0.0,0.0,0.0,2.0,2.0,11.0,0.0,0.0,0.0,0.0,
ITA-Serie A,2223,2023-01-23 Bologna-Cremonese,Bologna,Lukasz Skorupski,True,Goalkeeper,1,start,end,1.0,0.0,1.0,0.0,0.0,0.0,1.0,1.0,1.0,8.0,0.0,0.0,0.0,0.0,
ITA-Serie A,2223,2023-01-23 Bologna-Cremonese,Cremonese,Marco Carnesecchi,False,Goalkeeper,1,start,end,1.0,0.0,2.0,0.0,0.0,0.0,1.0,0.0,8.0,19.0,0.0,0.0,0.0,0.0,
ITA-Serie A,2223,2023-01-23 Internazionale-Empoli,Empoli,Guglielmo Vicario,False,Goalkeeper,1,start,end,1.0,0.0,0.0,0.0,0.0,0.0,0.0,0.0,1.0,15.0,0.0,0.0,0.0,0.0,
ITA-Serie A,2223,2023-01-23 Internazionale-Empoli,Internazionale,André Onana,True,Goalkeeper,1,start,end,1.0,0.0,0.0,0.0,0.0,0.0,0.0,1.0,7.0,10.0,0.0,0.0,0.0,0.0,
ITA-Serie A,2223,2023-01-24 Lazio-AC Milan,AC Milan,Ciprian Tatarusanu,False,Goalkeeper,1,start,end,1.0,0.0,0.0,0.0,0.0,0.0,0.0,4.0,1.0,5.0,0.0,0.0,0.0,0.0,
ITA-Serie A,2223,2023-01-24 Lazio-AC Milan,Lazio,Ivan Provedel,True,Goalkeeper,1,start,end,1.0,0.0,0.0,0.0,0.0,0.0,0.0,0.0,3.0,9.0,0.0,0.0,0.0,0.0,
ITA-Serie A,2223,2023-01-27 Bologna-Spezia,Bologna,Lukasz Skorupski,True,Goalkeeper,1,start,end,1.0,0.0,0.0,0.0,0.0,0.0,0.0,0.0,5.0,6.0,0.0,0.0,0.0,0.0,
ITA-Serie A,2223,2023-01-27 Bologna-Spezia,Spezia,Bartlomiej Dragowski,False,Goalkeeper,1,start,end,1.0,0.0,0.0,0.0,0.0,0.0,0.0,2.0,4.0,15.0,0.0,0.0,0.0,0.0,
ITA-Serie A,2223,2023-01-27 Lecce-Salernitana,Lecce,Wladimiro Falcone,True,Goalkeeper,1,start,end,1.0,0.0,0.0,0.0,0.0,0.0,0.0,2.0,4.0,8.0,0.0,0.0,0.0,0.0,
ITA-Serie A,2223,2023-01-27 Lecce-Salernitana,Salernitana,Guillermo Ochoa,False,Goalkeeper,1,start,end,1.0,0.0,0.0,0.0,0.0,0.0,0.0,1.0,3.0,14.0,0.0,0.0,0.0,0.0,
ITA-Serie A,2223,2023-01-28 Atalanta-Sampdoria,Atalanta,Juan Musso,True,Goalkeeper,1,start,end,1.0,0.0,0.0,0.0,0.0,0.0,0.0,0.0,5.0,14.0,0.0,0.0,0.0,0.0,
ITA-Serie A,2223,2023-01-28 Atalanta-Sampdoria,Sampdoria,Emil Audero,False,Goalkeeper,1,start,end,1.0,0.0,0.0,0.0,0.0,0.0,0.0,2.0,3.0,19.0,0.0,0.0,0.0,0.0,
ITA-Serie A,2223,2023-01-28 Cremonese-Internazionale,Cremonese,Marco Carnesecchi,True,Goalkeeper,1,start,end,1.0,0.0,0.0,0.0,0.0,0.0,0.0,2.0,8.0,26.0,0.0,0.0,0.0,0.0,
ITA-Serie A,2223,2023-01-28 Cremonese-Internazionale,Internazionale,André Onana,False,Goalkeeper,1,start,end,1.0,0.0,0.0,0.0,0.0,0.0,0.0,1.0,2.0,12.0,0.0,0.0,0.0,0.0,
ITA-Serie A,2223,2023-01-28 Empoli-Torino,Empoli,Guglielmo Vicario,True,Goalkeeper,1,start,end,1.0,0.0,0.0,0.0,0.0,0.0,0.0,2.0,2.0,13.0,0.0,0.0,0.0,0.0,
ITA-Serie A,2223,2023-01-28 Empoli-Torino,Torino,Vanja Milinkovic-Savic,False,Goalkeeper,1,start,end,1.0,0.0,0.0,0.0,0.0,0.0,0.0,2.0,2.0,9.0,0.0,0.0,0.0,0.0,
ITA-Serie A,2223,2023-01-29 AC Milan-Sassuolo,AC Milan,Ciprian Tatarusanu,True,Goalkeeper,1,start,end,1.0,0.0,0.0,0.0,0.0,0.0,0.0,5.0,2.0,4.0,0.0,0.0,0.0,0.0,
ITA-Serie A,2223,2023-01-29 AC Milan-Sassuolo,Sassuolo,Andrea Consigli,False,Goalkeeper,1,start,end,1.0,0.0,0.0,0.0,0.0,0.0,0.0,2.0,3.0,8.0,0.0,0.0,0.0,0.0,
ITA-Serie A,2223,2023-01-29 Juventus-Monza,Juventus,Wojciech Szczesny,True,Goalkeeper,1,start,end,1.0,0.0,0.0,0.0,0.0,0.0,0.0,2.0,1.0,1.0,0.0,0.0,0.0,0.0,
ITA-Serie A,2223,2023-01-29 Juventus-Monza,Monza,Michele Di Gregorio,False,Goalkeeper,1,start,end,1.0,0.0,0.0,0.0,0.0,0.0,0.0,0.0,8.0,18.0,0.0,0.0,0.0,0.0,
ITA-Serie A,2223,2023-01-29 Lazio-Fiorentina,Fiorentina,Pietro Terracciano,False,Goalkeeper,1,start,end,1.0,0.0,0.0,0.0,0.0,0.0,0.0,1.0,0.0,12.0,0.0,0.0,0.0,0.0,
ITA-Serie A,2223,2023-01-29 Lazio-Fiorentina,Lazio,Ivan Provedel,True,Goalkeeper,1,start,end,1.0,0.0,0.0,0.0,0.0,0.0,0.0,1.0,5.0,16.0,0.0,0.0,0.0,0.0,
ITA-Serie A,2223,2023-01-29 Napoli-AS Roma,AS Roma,Rui Patrício,False,Goalkeeper,1,start,end,1.0,0.0,0.0,0.0,0.0,0.0,0.0,2.0,4.0,8.0,0.0,0.0,0.0,0.0,
ITA-Serie A,2223,2023-01-29 Napoli-AS Roma,Napoli,Alex Meret,True,Goalkeeper,1,start,end,1.0,0.0,0.0,0.0,0.0,0.0,0.0,1.0,2.0,9.0,0.0,0.0,0.0,0.0,
ITA-Serie A,2223,2023-01-30 Udinese-Hellas Verona,Hellas Verona,Lorenzo Montipò,False,Goalkeeper,1,start,end,1.0,0.0,0.0,0.0,0.0,0.0,0.0,1.0,7.0,24.0,0.0,0.0,0.0,0.0,
ITA-Serie A,2223,2023-01-30 Udinese-Hellas Verona,Udinese,Marco Silvestri,True,Goalkeeper,1,start,end,1.0,0.0,0.0,0.0,0.0,0.0,0.0,1.0,2.0,10.0,0.0,0.0,0.0,0.0,
ITA-Serie A,2223,2023-02-04 AS Roma-Empoli,AS Roma,Rui Patrício,True,Goalkeeper,1,start,end,1.0,0.0,0.0,0.0,0.0,0.0,0.0,0.0,2.0,11.0,0.0,0.0,0.0,0.0,
ITA-Serie A,2223,2023-02-04 AS Roma-Empoli,Empoli,Guglielmo Vicario,False,Goalkeeper,1,start,end,1.0,0.0,2.0,0.0,0.0,0.0,0.0,2.0,4.0,9.0,0.0,0.0,0.0,0.0,
ITA-Serie A,2223,2023-02-04 Cremonese-Lecce,Cremonese,Marco Carnesecchi,True,Goalkeeper,1,start,end,1.0,0.0,0.0,0.0,0.0,0.0,0.0,2.0,2.0,6.0,0.0,0.0,0.0,0.0,
ITA-Serie A,2223,2023-02-04 Cremonese-Lecce,Lecce,Wladimiro Falcone,False,Goalkeeper,1,start,end,1.0,0.0,0.0,0.0,0.0,0.0,0.0,0.0,3.0,12.0,0.0,0.0,0.0,0.0,
ITA-Serie A,2223,2023-02-04 Sassuolo-Atalanta,Atalanta,Juan Musso,False,Goalkeeper,1,start,end,1.0,0.0,0.0,0.0,0.0,0.0,0.0,1.0,7.0,17.0,0.0,0.0,0.0,0.0,
ITA-Serie A,2223,2023-02-04 Sassuolo-Atalanta,Sassuolo,Andrea Consigli,True,Goalkeeper,1,start,end,1.0,0.0,0.0,0.0,0.0,0.0,0.0,0.0,2.0,7.0,0.0,0.0,0.0,0.0,
ITA-Serie A,2223,2023-02-05 Fiorentina-Bologna,Bologna,Lukasz Skorupski,False,Goalkeeper,1,start,end,1.0,0.0,0.0,0.0,0.0,0.0,0.0,1.0,5.0,17.0,0.0,0.0,0.0,0.0,
ITA-Serie A,2223,2023-02-05 Fiorentina-Bologna,Fiorentina,Pietro Terracciano,True,Goalkeeper,1,start,end,1.0,0.0,0.0,0.0,0.0,0.0,0.0,2.0,4.0,8.0,0.0,0.0,0.0,0.0,
ITA-Serie A,2223,2023-02-05 Internazionale-AC Milan,AC Milan,Ciprian Tatarusanu,False,Goalkeeper,1,start,end,1.0,0.0,1.0,0.0,0.0,0.0,0.0,1.0,3.0,14.0,0.0,0.0,0.0,0.0,
ITA-Serie A,2223,2023-02-05 Internazionale-AC Milan,Internazionale,André Onana,True,Goalkeeper,1,start,end,1.0,0.0,0.0,0.0,0.0,0.0,0.0,0.0,1.0,4.0,0.0,0.0,0.0,0.0,
ITA-Serie A,2223,2023-02-05 Spezia-Napoli,Napoli,Alex Meret,False,Goalkeeper,1,start,end,1.0,0.0,0.0,0.0,0.0,0.0,0.0,0.0,3.0,9.0,0.0,0.0,0.0,0.0,
ITA-Serie A,2223,2023-02-05 Spezia-Napoli,Spezia,Bartlomiej Dragowski,True,Goalkeeper,1,start,end,1.0,0.0,1.0,0.0,0.0,0.0,0.0,3.0,2.0,9.0,0.0,0.0,0.0,0.0,
ITA-Serie A,2223,2023-02-05 Torino-Udinese,Torino,Vanja Milinkovic-Savic,True,Goalkeeper,1,start,end,1.0,0.0,0.0,0.0,0.0,0.0,0.0,0.0,3.0,10.0,0.0,0.0,0.0,0.0,
ITA-Serie A,2223,2023-02-05 Torino-Udinese,Udinese,Marco Silvestri,False,Goalkeeper,1,start,end,1.0,0.0,0.0,0.0,0.0,0.0,0.0,1.0,3.0,11.0,0.0,0.0,0.0,0.0,
ITA-Serie A,2223,2023-02-06 Hellas Verona-Lazio,Hellas Verona,Lorenzo Montipò,True,Goalkeeper,1,start,end,1.0,0.0,0.0,0.0,0.0,0.0,0.0,1.0,1.0,7.0,0.0,0.0,0.0,0.0,
ITA-Serie A,2223,2023-02-06 Hellas Verona-Lazio,Lazio,Ivan Provedel,False,Goalkeeper,1,start,end,1.0,0.0,0.0,0.0,0.0,0.0,0.0,1.0,3.0,14.0,0.0,0.0,0.0,0.0,
ITA-Serie A,2223,2023-02-06 Monza-Sampdoria,Monza,Michele Di Gregorio,True,Goalkeeper,1,start,end,1.0,0.0,0.0,0.0,0.0,0.0,0.0,2.0,4.0,9.0,0.0,0.0,0.0,0.0,
ITA-Serie A,2223,2023-02-06 Monza-Sampdoria,Sampdoria,Emil Audero,False,Goalkeeper,1,start,end,1.0,0.0,0.0,0.0,0.0,0.0,0.0,2.0,3.0,14.0,0.0,0.0,0.0,0.0,
ITA-Serie A,2223,2023-02-07 Salernitana-Juventus,Juventus,Wojciech Szczesny,False,Goalkeeper,1,start,end,1.0,0.0,0.0,0.0,0.0,0.0,0.0,0.0,1.0,10.0,0.0,0.0,0.0,0.0,
ITA-Serie A,2223,2023-02-07 Salernitana-Juventus,Salernitana,Guillermo Ochoa,True,Goalkeeper,1,start,end,1.0,0.0,0.0,0.0,0.0,0.0,0.0,3.0,2.0,13.0,0.0,0.0,0.0,0.0,
ITA-Serie A,2223,2023-02-10 AC Milan-Torino,AC Milan,Ciprian Tatarusanu,True,Goalkeeper,1,start,end,1.0,0.0,0.0,0.0,0.0,0.0,0.0,0.0,2.0,11.0,0.0,0.0,0.0,0.0,
ITA-Serie A,2223,2023-02-10 AC Milan-Torino,Torino,Vanja Milinkovic-Savic,False,Goalkeeper,1,start,end,1.0,0.0,0.0,0.0,0.0,0.0,0.0,1.0,3.0,8.0,0.0,0.0,0.0,0.0,
ITA-Serie A,2223,2023-02-11 Empoli-Spezia,Empoli,Guglielmo Vicario,True,Goalkeeper,1,start,end,1.0,0.0,0.0,0.0,0.0,0.0,1.0,2.0,1.0,6.0,0.0,0.0,0.0,0.0,
ITA-Serie A,2223,2023-02-11 Empoli-Spezia,Spezia,Bartlomiej Dragowski,False,Goalkeeper,1,start,end,1.0,0.0,0.0,0.0,0.0,0.0,0.0,2.0,6.0,23.0,0.0,0.0,0.0,0.0,
ITA-Serie A,2223,2023-02-11 Lazio-Atalanta,Atalanta,Juan Musso,False,Goalkeeper,1,start,end,1.0,0.0,1.0,0.0,0.0,0.0,0.0,0.0,5.0,13.0,0.0,0.0,0.0,0.0,
ITA-Serie A,2223,2023-02-11 Lazio-Atalanta,Lazio,Ivan Provedel,True,Goalkeeper,1,start,end,1.0,0.0,0.0,0.0,0.0,0.0,0.0,2.0,8.0,19.0,0.0,0.0,0.0,0.0,
ITA-Serie A,2223,2023-02-11 Lecce-AS Roma,AS Roma,Rui Patrício,False,Goalkeeper,1,start,end,1.0,0.0,0.0,0.0,0.0,0.0,0.0,1.0,3.0,8.0,0.0,0.0,0.0,0.0,
ITA-Serie A,2223,2023-02-11 Lecce-AS Roma,Lecce,Wladimiro Falcone,True,Goalkeeper,1,start,end,1.0,0.0,0.0,0.0,0.0,0.0,0.0,1.0,4.0,11.0,0.0,0.0,0.0,0.0,
ITA-Serie A,2223,2023-02-12 Bologna-Monza,Bologna,Lukasz Skorupski,True,Goalkeeper,1,start,end,1.0,0.0,0.0,0.0,0.0,0.0,0.0,1.0,3.0,4.0,0.0,0.0,0.0,0.0,
ITA-Serie A,2223,2023-02-12 Bologna-Monza,Monza,Michele Di Gregorio,False,Goalkeeper,1,start,end,1.0,0.0,0.0,0.0,0.0,0.0,0.0,0.0,4.0,13.0,0.0,0.0,0.0,0.0,
ITA-Serie A,2223,2023-02-12 Juventus-Fiorentina,Fiorentina,Pietro Terracciano,False,Goalkeeper,1,start,end,1.0,0.0,0.0,0.0,0.0,0.0,0.0,1.0,2.0,7.0,0.0,0.0,0.0,0.0,
ITA-Serie A,2223,2023-02-12 Juventus-Fiorentina,Juventus,Wojciech Szczesny,True,Goalkeeper,1,start,end,1.0,0.0,0.0,0.0,0.0,0.0,0.0,0.0,2.0,11.0,0.0,0.0,0.0,0.0,
ITA-Serie A,2223,2023-02-12 Napoli-Cremonese,Cremonese,Marco Carnesecchi,False,Goalkeeper,1,start,end,1.0,0.0,0.0,0.0,0.0,0.0,0.0,3.0,6.0,12.0,0.0,0.0,0.0,0.0,
ITA-Serie A,2223,2023-02-12 Napoli-Cremonese,Napoli,Alex Meret,True,Goalkeeper,1,start,end,1.0,0.0,0.0,0.0,0.0,0.0,0.0,0.0,1.0,6.0,0.0,0.0,0.0,0.0,
ITA-Serie A,2223,2023-02-12 Udinese-Sassuolo,Sassuolo,Andrea Consigli,False,Goalkeeper,1,start,end,1.0,0.0,1.0,0.0,0.0,0.0,0.0,2.0,5.0,14.0,0.0,0.0,0.0,0.0,
ITA-Serie A,2223,2023-02-12 Udinese-Sassuolo,Udinese,Marco Silvestri,True,Goalkeeper,1,start,end,1.0,0.0,0.0,0.0,0.0,0.0,0.0,1.0,0.0,5.0,0.0,0.0,0.0,0.0,
ITA-Serie A,2223,2023-02-13 Hellas Verona-Salernitana,Hellas Verona,Lorenzo Montipò,True,Goalkeeper,1,start,end,1.0,0.0,0.0,0.0,0.0,0.0,0.0,0.0,3.0,9.0,0.0,0.0,0.0,0.0,
ITA-Serie A,2223,2023-02-13 Hellas Verona-Salernitana,Salernitana,Luigi Sepe,False,Goalkeeper,1,start,end,1.0,0.0,0.0,0.0,0.0,0.0,0.0,1.0,4.0,13.0,0.0,0.0,0.0,0.0,
ITA-Serie A,2223,2023-02-13 Sampdoria-Internazionale,Internazionale,André Onana,False,Goalkeeper,1,start,end,1.0,0.0,0.0,0.0,0.0,0.0,0.0,0.0,2.0,7.0,0.0,0.0,0.0,0.0,
ITA-Serie A,2223,2023-02-13 Sampdoria-Internazionale,Sampdoria,Emil Audero,True,Goalkeeper,1,start,end,1.0,0.0,0.0,0.0,0.0,0.0,0.0,0.0,5.0,24.0,0.0,0.0,0.0,0.0,
ITA-Serie A,2223,2023-02-17 Sassuolo-Napoli,Napoli,Alex Meret,False,Goalkeeper,1,start,end,1.0,0.0,0.0,0.0,0.0,0.0,0.0,0.0,2.0,12.0,0.0,0.0,0.0,0.0,
ITA-Serie A,2223,2023-02-17 Sassuolo-Napoli,Sassuolo,Andrea Consigli,True,Goalkeeper,1,start,end,1.0,0.0,0.0,0.0,0.0,0.0,0.0,2.0,2.0,13.0,0.0,0.0,0.0,0.0,
ITA-Serie A,2223,2023-02-18 Internazionale-Udinese,Internazionale,Samir Handanovic,True,Goalkeeper,1,start,end,1.0,0.0,0.0,0.0,0.0,0.0,0.0,1.0,0.0,7.0,0.0,0.0,0.0,0.0,
ITA-Serie A,2223,2023-02-18 Internazionale-Udinese,Udinese,Marco Silvestri,False,Goalkeeper,1,start,end,1.0,0.0,0.0,0.0,0.0,0.0,0.0,3.0,4.0,15.0,0.0,0.0,0.0,0.0,
ITA-Serie A,2223,2023-02-18 Monza-AC Milan,AC Milan,Ciprian Tatarusanu,False,Goalkeeper,1,start,end,1.0,0.0,0.0,0.0,0.0,0.0,0.0,0.0,5.0,11.0,0.0,0.0,0.0,0.0,
ITA-Serie A,2223,2023-02-18 Monza-AC Milan,Monza,Michele Di Gregorio,True,Goalkeeper,1,start,end,1.0,0.0,0.0,0.0,0.0,0.0,0.0,1.0,6.0,12.0,0.0,0.0,0.0,0.0,
ITA-Serie A,2223,2023-02-18 Sampdoria-Bologna,Bologna,Lukasz Skorupski,False,Goalkeeper,1,start,end,1.0,0.0,1.0,0.0,0.0,0.0,0.0,1.0,2.0,7.0,0.0,0.0,0.0,0.0,
ITA-Serie A,2223,2023-02-18 Sampdoria-Bologna,Sampdoria,Emil Audero,True,Goalkeeper,1,start,end,1.0,0.0,0.0,0.0,0.0,0.0,0.0,2.0,3.0,10.0,0.0,0.0,0.0,0.0,
ITA-Serie A,2223,2023-02-19 AS Roma-Hellas Verona,AS Roma,Rui Patrício,True,Goalkeeper,1,start,end,1.0,0.0,0.0,0.0,0.0,0.0,0.0,0.0,1.0,7.0,0.0,0.0,0.0,0.0,
ITA-Serie A,2223,2023-02-19 AS Roma-Hellas Verona,Hellas Verona,Lorenzo Montipò,False,Goalkeeper,1,start,end,1.0,0.0,2.0,0.0,0.0,0.0,0.0,1.0,4.0,7.0,0.0,0.0,0.0,0.0,
ITA-Serie A,2223,2023-02-19 Atalanta-Lecce,Atalanta,Juan Musso,True,Goalkeeper,1,start,end,1.0,0.0,0.0,0.0,0.0,0.0,0.0,2.0,0.0,2.0,0.0,0.0,0.0,0.0,
ITA-Serie A,2223,2023-02-19 Atalanta-Lecce,Lecce,Wladimiro Falcone,False,Goalkeeper,1,start,end,1.0,0.0,0.0,0.0,0.0,0.0,0.0,1.0,9.0,18.0,0.0,0.0,0.0,0.0,
ITA-Serie A,2223,2023-02-19 Fiorentina-Empoli,Empoli,Guglielmo Vicario,False,Goalkeeper,1,start,end,1.0,0.0,1.0,0.0,0.0,0.0,0.0,1.0,2.0,26.0,0.0,0.0,0.0,0.0,
ITA-Serie A,2223,2023-02-19 Fiorentina-Empoli,Fiorentina,Pietro Terracciano,True,Goalkeeper,1,start,end,1.0,0.0,0.0,0.0,0.0,0.0,0.0,1.0,2.0,4.0,0.0,0.0,0.0,0.0,
ITA-Serie A,2223,2023-02-19 Salernitana-Lazio,Lazio,Ivan Provedel,False,Goalkeeper,1,start,end,1.0,0.0,0.0,0.0,0.0,0.0,0.0,0.0,2.0,9.0,0.0,0.0,0.0,0.0,
ITA-Serie A,2223,2023-02-19 Salernitana-Lazio,Salernitana,Luigi Sepe,True,Goalkeeper,1,start,end,1.0,1.0,1.0,0.0,0.0,0.0,0.0,2.0,4.0,18.0,0.0,0.0,0.0,0.0,
ITA-Serie A,2223,2023-02-19 Spezia-Juventus,Juventus,Mattia Perin,False,Goalkeeper,1,start,end,1.0,0.0,1.0,0.0,0.0,0.0,0.0,0.0,7.0,19.0,0.0,0.0,0.0,0.0,
ITA-Serie A,2223,2023-02-19 Spezia-Juventus,Spezia,Bartlomiej Dragowski,True,Goalkeeper,1,start,25,1.0,0.0,0.0,0.0,0.0,0.0,0.0,0.0,0.0,3.0,0.0,0.0,0.0,0.0,
ITA-Serie A,2223,2023-02-20 Torino-Cremonese,Cremonese,Marco Carnesecchi,False,Goalkeeper,1,start,end,1.0,0.0,0.0,0.0,0.0,0.0,0.0,2.0,4.0,14.0,0.0,0.0,0.0,0.0,
ITA-Serie A,2223,2023-02-20 Torino-Cremonese,Torino,Vanja Milinkovic-Savic,True,Goalkeeper,1,start,end,1.0,0.0,0.0,0.0,0.0,0.0,0.0,2.0,0.0,9.0,0.0,0.0,0.0,0.0,
ITA-Serie A,2223,2023-02-25 Empoli-Napoli,Empoli,Guglielmo Vicario,True,Goalkeeper,1,start,end,1.0,0.0,0.0,0.0,0.0,0.0,0.0,1.0,5.0,16.0,0.0,0.0,0.0,0.0,
ITA-Serie A,2223,2023-02-25 Empoli-Napoli,Napoli,Alex Meret,False,Goalkeeper,1,start,end,1.0,0.0,0.0,0.0,0.0,0.0,0.0,0.0,2.0,9.0,0.0,0.0,0.0,0.0,
ITA-Serie A,2223,2023-02-25 Lecce-Sassuolo,Lecce,Wladimiro Falcone,True,Goalkeeper,1,start,end,1.0,0.0,0.0,0.0,0.0,0.0,0.0,1.0,2.0,6.0,0.0,0.0,0.0,0.0,
ITA-Serie A,2223,2023-02-25 Lecce-Sassuolo,Sassuolo,Andrea Consigli,False,Goalkeeper,1,start,end,1.0,0.0,0.0,0.0,0.0,0.0,0.0,0.0,0.0,15.0,0.0,0.0,0.0,0.0,
ITA-Serie A,2223,2023-02-26 AC Milan-Atalanta,AC Milan,Mike Maignan,True,Goalkeeper,1,start,end,1.0,0.0,0.0,0.0,0.0,0.0,0.0,0.0,0.0,3.0,0.0,0.0,0.0,0.0,
ITA-Serie A,2223,2023-02-26 AC Milan-Atalanta,Atalanta,Juan Musso,False,Goalkeeper,1,start,end,1.0,0.0,1.0,1.0,0.0,0.0,0.0,1.0,2.0,12.0,0.0,1.0,0.0,1.0,
ITA-Serie A,2223,2023-02-26 Bologna-Internazionale,Bologna,Lukasz Skorupski,True,Goalkeeper,1,start,end,1.0,0.0,0.0,0.0,0.0,0.0,0.0,0.0,4.0,12.0,0.0,0.0,0.0,0.0,
ITA-Serie A,2223,2023-02-26 Bologna-Internazionale,Internazionale,André Onana,False,Goalkeeper,1,start,end,1.0,0.0,0.0,0.0,0.0,0.0,0.0,1.0,4.0,11.0,0.0,0.0,0.0,0.0,
ITA-Serie A,2223,2023-02-26 Salernitana-Monza,Monza,Alessio Cragno,False,Goalkeeper,1,start,end,1.0,0.0,0.0,0.0,0.0,0.0,0.0,3.0,2.0,10.0,0.0,0.0,0.0,0.0,
ITA-Serie A,2223,2023-02-26 Salernitana-Monza,Salernitana,Guillermo Ochoa,True,Goalkeeper,1,start,end,1.0,0.0,0.0,0.0,0.0,0.0,0.0,0.0,4.0,13.0,0.0,0.0,0.0,0.0,
ITA-Serie A,2223,2023-02-26 Udinese-Spezia,Spezia,Bartlomiej Dragowski,False,Goalkeeper,1,start,end,1.0,0.0,0.0,0.0,0.0,0.0,0.0,2.0,4.0,12.0,0.0,0.0,0.0,0.0,
ITA-Serie A,2223,2023-02-26 Udinese-Spezia,Udinese,Marco Silvestri,True,Goalkeeper,1,start,end,1.0,0.0,0.0,0.0,0.0,0.0,0.0,2.0,0.0,6.0,0.0,0.0,0.0,0.0,
ITA-Serie A,2223,2023-02-27 Hellas Verona-Fiorentina,Fiorentina,Pietro Terracciano,False,Goalkeeper,1,start,end,1.0,0.0,0.0,0.0,0.0,0.0,0.0,0.0,3.0,11.0,0.0,0.0,0.0,0.0,
ITA-Serie A,2223,2023-02-27 Hellas Verona-Fiorentina,Hellas Verona,Lorenzo Montipò,True,Goalkeeper,1,start,end,1.0,0.0,0.0,0.0,0.0,0.0,0.0,3.0,4.0,12.0,0.0,0.0,0.0,0.0,
ITA-Serie A,2223,2023-02-27 Lazio-Sampdoria,Lazio,Ivan Provedel,True,Goalkeeper,1,start,end,1.0,0.0,0.0,0.0,0.0,0.0,0.0,0.0,2.0,8.0,0.0,0.0,0.0,0.0,
ITA-Serie A,2223,2023-02-27 Lazio-Sampdoria,Sampdoria,Emil Audero,False,Goalkeeper,1,start,end,1.0,0.0,0.0,0.0,0.0,0.0,0.0,1.0,3.0,14.0,0.0,0.0,0.0,0.0,
ITA-Serie A,2223,2023-02-28 Cremonese-AS Roma,AS Roma,Rui Patrício,False,Goalkeeper,1,start,end,1.0,1.0,0.0,0.0,0.0,0.0,0.0,2.0,0.0,3.0,0.0,0.0,0.0,0.0,
ITA-Serie A,2223,2023-02-28 Cremonese-AS Roma,Cremonese,Marco Carnesecchi,True,Goalkeeper,1,start,end,1.0,0.0,0.0,0.0,0.0,0.0,0.0,1.0,2.0,9.0,0.0,0.0,0.0,0.0,
ITA-Serie A,2223,2023-02-28 Juventus-Torino,Juventus,Wojciech Szczesny,True,Goalkeeper,1,start,end,1.0,0.0,0.0,0.0,0.0,0.0,0.0,2.0,1.0,6.0,0.0,0.0,0.0,0.0,
ITA-Serie A,2223,2023-02-28 Juventus-Torino,Torino,Vanja Milinkovic-Savic,False,Goalkeeper,1,start,end,1.0,0.0,0.0,0.0,0.0,0.0,0.0,4.0,2.0,9.0,0.0,0.0,0.0,0.0,
ITA-Serie A,2223,2023-03-03 Napoli-Lazio,Lazio,Ivan Provedel,False,Goalkeeper,1,start,end,1.0,0.0,0.0,0.0,0.0,0.0,0.0,0.0,2.0,14.0,0.0,0.0,0.0,0.0,
ITA-Serie A,2223,2023-03-03 Napoli-Lazio,Napoli,Alex Meret,True,Goalkeeper,1,start,end,1.0,0.0,0.0,0.0,0.0,0.0,0.0,1.0,0.0,4.0,0.0,0.0,0.0,0.0,
ITA-Serie A,2223,2023-03-04 Atalanta-Udinese,Atalanta,Juan Musso,True,Goalkeeper,1,start,end,1.0,0.0,0.0,0.0,0.0,0.0,0.0,0.0,1.0,5.0,0.0,0.0,0.0,0.0,
ITA-Serie A,2223,2023-03-04 Atalanta-Udinese,Udinese,Marco Silvestri,False,Goalkeeper,1,start,end,1.0,0.0,1.0,0.0,0.0,0.0,0.0,0.0,5.0,17.0,0.0,0.0,0.0,0.0,
ITA-Serie A,2223,2023-03-04 Fiorentina-AC Milan,AC Milan,Mike Maignan,False,Goalkeeper,1,start,end,1.0,0.0,0.0,0.0,0.0,0.0,0.0,2.0,5.0,13.0,0.0,0.0,0.0,0.0,
ITA-Serie A,2223,2023-03-04 Fiorentina-AC Milan,Fiorentina,Pietro Terracciano,True,Goalkeeper,1,start,end,1.0,0.0,0.0,0.0,0.0,0.0,0.0,1.0,5.0,6.0,0.0,0.0,0.0,0.0,
ITA-Serie A,2223,2023-03-04 Monza-Empoli,Empoli,Samuele Perisan,False,Goalkeeper,1,start,end,1.0,0.0,0.0,0.0,0.0,0.0,0.0,2.0,1.0,8.0,0.0,0.0,0.0,0.0,
ITA-Serie A,2223,2023-03-04 Monza-Empoli,Monza,Michele Di Gregorio,True,Goalkeeper,1,start,end,1.0,0.0,0.0,0.0,0.0,0.0,0.0,1.0,2.0,17.0,0.0,0.0,0.0,0.0,
ITA-Serie A,2223,2023-03-05 AS Roma-Juventus,AS Roma,Rui Patrício,True,Goalkeeper,1,start,end,1.0,0.0,0.0,0.0,0.0,0.0,0.0,0.0,5.0,12.0,0.0,0.0,0.0,0.0,
ITA-Serie A,2223,2023-03-05 AS Roma-Juventus,Juventus,Wojciech Szczesny,False,Goalkeeper,1,start,end,1.0,0.0,0.0,0.0,0.0,0.0,0.0,1.0,1.0,5.0,0.0,0.0,0.0,0.0,
ITA-Serie A,2223,2023-03-05 Internazionale-Lecce,Internazionale,André Onana,True,Goalkeeper,1,start,end,1.0,0.0,0.0,0.0,0.0,0.0,0.0,0.0,1.0,11.0,0.0,0.0,0.0,0.0,
ITA-Serie A,2223,2023-03-05 Internazionale-Lecce,Lecce,Wladimiro Falcone,False,Goalkeeper,1,start,end,1.0,0.0,0.0,0.0,0.0,0.0,0.0,2.0,2.0,12.0,0.0,0.0,0.0,0.0,
ITA-Serie A,2223,2023-03-05 Sampdoria-Salernitana,Salernitana,Guillermo Ochoa,False,Goalkeeper,1,start,end,1.0,0.0,0.0,0.0,0.0,0.0,0.0,0.0,3.0,9.0,0.0,0.0,0.0,0.0,
ITA-Serie A,2223,2023-03-05 Sampdoria-Salernitana,Sampdoria,Emil Audero,True,Goalkeeper,1,start,end,1.0,0.0,0.0,0.0,0.0,0.0,0.0,0.0,4.0,10.0,0.0,0.0,0.0,0.0,
ITA-Serie A,2223,2023-03-05 Spezia-Hellas Verona,Hellas Verona,Simone Perilli,False,Goalkeeper,1,start,end,1.0,0.0,0.0,0.0,0.0,0.0,0.0,0.0,4.0,19.0,0.0,0.0,0.0,0.0,
ITA-Serie A,2223,2023-03-05 Spezia-Hellas Verona,Spezia,Bartlomiej Dragowski,True,Goalkeeper,1,start,end,1.0,0.0,0.0,0.0,0.0,0.0,0.0,0.0,3.0,11.0,0.0,0.0,0.0,0.0,
ITA-Serie A,2223,2023-03-06 Sassuolo-Cremonese,Cremonese,Marco Carnesecchi,False,Goalkeeper,1,start,end,1.0,0.0,0.0,0.0,0.0,0.0,0.0,3.0,4.0,10.0,1.0,0.0,0.0,0.0,
ITA-Serie A,2223,2023-03-06 Sassuolo-Cremonese,Sassuolo,Andrea Consigli,True,Goalkeeper,1,start,end,1.0,0.0,0.0,0.0,0.0,0.0,0.0,2.0,3.0,10.0,0.0,0.0,0.0,0.0,
ITA-Serie A,2223,2023-03-06 Torino-Bologna,Bologna,Lukasz Skorupski,False,Goalkeeper,1,start,end,1.0,0.0,0.0,0.0,0.0,0.0,0.0,1.0,3.0,11.0,0.0,0.0,0.0,0.0,
ITA-Serie A,2223,2023-03-06 Torino-Bologna,Torino,Vanja Milinkovic-Savic,True,Goalkeeper,1,start,end,1.0,0.0,0.0,0.0,0.0,0.0,0.0,0.0,1.0,10.0,0.0,0.0,0.0,0.0,
ITA-Serie A,2223,2023-03-10 Spezia-Internazionale,Internazionale,Samir Handanovic,False,Goalkeeper,1,start,end,1.0,0.0,0.0,0.0,0.0,0.0,0.0,2.0,0.0,2.0,0.0,0.0,0.0,0.0,
ITA-Serie A,2223,2023-03-10 Spezia-Internazionale,Spezia,Bartlomiej Dragowski,True,Goalkeeper,1,start,end,1.0,0.0,0.0,0.0,0.0,0.0,0.0,1.0,5.0,24.0,0.0,0.0,0.0,0.0,
ITA-Serie A,2223,2023-03-11 Bologna-Lazio,Bologna,Lukasz Skorupski,True,Goalkeeper,1,start,end,1.0,0.0,0.0,0.0,0.0,0.0,0.0,0.0,2.0,5.0,0.0,0.0,0.0,0.0,
ITA-Serie A,2223,2023-03-11 Bologna-Lazio,Lazio,Ivan Provedel,False,Goalkeeper,1,start,end,1.0,0.0,1.0,0.0,0.0,0.0,0.0,0.0,2.0,15.0,0.0,0.0,0.0,0.0,
ITA-Serie A,2223,2023-03-11 Empoli-Udinese,Empoli,Samuele Perisan,True,Goalkeeper,1,start,end,1.0,0.0,0.0,0.0,0.0,0.0,0.0,1.0,2.0,12.0,0.0,0.0,0.0,0.0,
ITA-Serie A,2223,2023-03-11 Empoli-Udinese,Udinese,Marco Silvestri,False,Goalkeeper,1,start,end,1.0,0.0,0.0,0.0,0.0,0.0,0.0,0.0,3.0,17.0,0.0,0.0,0.0,0.0,
ITA-Serie A,2223,2023-03-11 Napoli-Atalanta,Atalanta,Juan Musso,False,Goalkeeper,1,start,end,1.0,0.0,0.0,0.0,0.0,0.0,0.0,2.0,4.0,16.0,0.0,0.0,0.0,0.0,
ITA-Serie A,2223,2023-03-11 Napoli-Atalanta,Napoli,Pierluigi Gollini,True,Goalkeeper,1,start,end,1.0,0.0,0.0,0.0,0.0,0.0,0.0,0.0,3.0,6.0,0.0,0.0,0.0,0.0,
ITA-Serie A,2223,2023-03-12 AS Roma-Sassuolo,AS Roma,Rui Patrício,True,Goalkeeper,1,start,end,1.0,0.0,0.0,0.0,0.0,0.0,0.0,4.0,6.0,15.0,0.0,0.0,0.0,0.0,
ITA-Serie A,2223,2023-03-12 AS Roma-Sassuolo,Sassuolo,Andrea Consigli,False,Goalkeeper,1,start,end,1.0,0.0,0.0,0.0,0.0,0.0,0.0,3.0,4.0,13.0,0.0,0.0,0.0,0.0,
ITA-Serie A,2223,2023-03-12 Cremonese-Fiorentina,Cremonese,Marco Carnesecchi,True,Goalkeeper,1,start,end,1.0,0.0,0.0,0.0,0.0,0.0,0.0,2.0,1.0,8.0,0.0,0.0,0.0,0.0,
ITA-Serie A,2223,2023-03-12 Cremonese-Fiorentina,Fiorentina,Salvatore Sirigu,False,Goalkeeper,1,start,end,1.0,0.0,0.0,0.0,0.0,0.0,0.0,0.0,5.0,15.0,0.0,0.0,0.0,0.0,
ITA-Serie A,2223,2023-03-12 Hellas Verona-Monza,Hellas Verona,Lorenzo Montipò,True,Goalkeeper,1,start,end,1.0,0.0,0.0,0.0,0.0,0.0,0.0,1.0,2.0,8.0,0.0,0.0,0.0,0.0,
ITA-Serie A,2223,2023-03-12 Hellas Verona-Monza,Monza,Michele Di Gregorio,False,Goalkeeper,1,start,end,1.0,0.0,0.0,0.0,0.0,0.0,0.0,1.0,2.0,6.0,0.0,0.0,0.0,0.0,
ITA-Serie A,2223,2023-03-12 Juventus-Sampdoria,Juventus,Mattia Perin,True,Goalkeeper,1,start,end,1.0,0.0,0.0,0.0,0.0,0.0,0.0,2.0,1.0,7.0,0.0,0.0,0.0,0.0,
ITA-Serie A,2223,2023-03-12 Juventus-Sampdoria,Sampdoria,Martin Turk,False,Goalkeeper,1,start,end,1.0,0.0,0.0,0.0,0.0,0.0,0.0,4.0,4.0,19.0,0.0,0.0,0.0,0.0,
ITA-Serie A,2223,2023-03-12 Lecce-Torino,Lecce,Wladimiro Falcone,True,Goalkeeper,1,start,end,1.0,0.0,0.0,0.0,0.0,0.0,0.0,2.0,0.0,2.0,0.0,0.0,0.0,0.0,
ITA-Serie A,2223,2023-03-12 Lecce-Torino,Torino,Vanja Milinkovic-Savic,False,Goalkeeper,1,start,end,1.0,0.0,0.0,0.0,0.0,0.0,1.0,0.0,1.0,13.0,0.0,0.0,0.0,0.0,
ITA-Serie A,2223,2023-03-13 AC Milan-Salernitana,AC Milan,Mike Maignan,True,Goalkeeper,1,start,end,1.0,0.0,0.0,0.0,0.0,0.0,0.0,1.0,2.0,6.0,0.0,0.0,0.0,0.0,
ITA-Serie A,2223,2023-03-13 AC Milan-Salernitana,Salernitana,Guillermo Ochoa,False,Goalkeeper,1,start,end,1.0,0.0,0.0,0.0,0.0,0.0,0.0,1.0,2.0,22.0,0.0,0.0,0.0,0.0,
ITA-Serie A,2223,2023-03-17 Atalanta-Empoli,Atalanta,Juan Musso,True,Goalkeeper,1,start,end,1.0,0.0,0.0,0.0,0.0,0.0,0.0,1.0,1.0,4.0,0.0,0.0,0.0,0.0,
ITA-Serie A,2223,2023-03-17 Atalanta-Empoli,Empoli,Samuele Perisan,False,Goalkeeper,1,start,end,1.0,0.0,1.0,0.0,0.0,0.0,0.0,2.0,3.0,25.0,0.0,0.0,0.0,0.0,
ITA-Serie A,2223,2023-03-17 Sassuolo-Spezia,Sassuolo,Andrea Consigli,True,Goalkeeper,1,start,end,1.0,0.0,0.0,0.0,0.0,0.0,0.0,0.0,1.0,10.0,0.0,0.0,0.0,0.0,
ITA-Serie A,2223,2023-03-17 Sassuolo-Spezia,Spezia,Bartlomiej Dragowski,False,Goalkeeper,1,start,end,1.0,0.0,0.0,0.0,0.0,0.0,0.0,1.0,5.0,14.0,0.0,0.0,0.0,0.0,
ITA-Serie A,2223,2023-03-18 Monza-Cremonese,Cremonese,Marco Carnesecchi,False,Goalkeeper,1,start,end,1.0,0.0,0.0,0.0,0.0,0.0,0.0,1.0,6.0,14.0,0.0,0.0,0.0,0.0,
ITA-Serie A,2223,2023-03-18 Monza-Cremonese,Monza,Michele Di Gregorio,True,Goalkeeper,1,start,end,1.0,0.0,0.0,0.0,0.0,0.0,0.0,1.0,1.0,7.0,0.0,0.0,0.0,0.0,
ITA-Serie A,2223,2023-03-18 Salernitana-Bologna,Bologna,Lukasz Skorupski,False,Goalkeeper,1,start,end,1.0,0.0,0.0,0.0,0.0,0.0,0.0,2.0,2.0,13.0,0.0,0.0,0.0,0.0,
ITA-Serie A,2223,2023-03-18 Salernitana-Bologna,Salernitana,Guillermo Ochoa,True,Goalkeeper,1,start,end,1.0,0.0,0.0,0.0,0.0,0.0,0.0,2.0,0.0,8.0,0.0,0.0,0.0,0.0,
ITA-Serie A,2223,2023-03-18 Udinese-AC Milan,AC Milan,Mike Maignan,False,Goalkeeper,1,start,end,1.0,0.0,0.0,0.0,0.0,0.0,0.0,3.0,2.0,11.0,0.0,0.0,0.0,0.0,
ITA-Serie A,2223,2023-03-18 Udinese-AC Milan,Udinese,Marco Silvestri,True,Goalkeeper,1,start,end,1.0,0.0,0.0,0.0,0.0,0.0,0.0,1.0,5.0,9.0,0.0,0.0,0.0,0.0,
ITA-Serie A,2223,2023-03-19 Fiorentina-Lecce,Fiorentina,Pietro Terracciano,True,Goalkeeper,1,start,end,1.0,0.0,0.0,0.0,0.0,0.0,0.0,0.0,3.0,8.0,0.0,0.0,0.0,0.0,
ITA-Serie A,2223,2023-03-19 Fiorentina-Lecce,Lecce,Wladimiro Falcone,False,Goalkeeper,1,start,end,1.0,0.0,0.0,0.0,0.0,0.0,0.0,1.0,3.0,17.0,0.0,0.0,0.0,0.0,
ITA-Serie A,2223,2023-03-19 Internazionale-Juventus,Internazionale,André Onana,True,Goalkeeper,1,start,end,1.0,0.0,1.0,0.0,0.0,0.0,0.0,1.0,2.0,7.0,0.0,0.0,0.0,0.0,
ITA-Serie A,2223,2023-03-19 Internazionale-Juventus,Juventus,Wojciech Szczesny,False,Goalkeeper,1,start,end,1.0,0.0,0.0,0.0,0.0,0.0,0.0,0.0,3.0,15.0,0.0,0.0,0.0,0.0,
ITA-Serie A,2223,2023-03-19 Lazio-AS Roma,AS Roma,Rui Patrício,False,Goalkeeper,1,start,end,1.0,0.0,0.0,0.0,0.0,0.0,0.0,1.0,4.0,10.0,0.0,0.0,0.0,0.0,
ITA-Serie A,2223,2023-03-19 Lazio-AS Roma,Lazio,Ivan Provedel,True,Goalkeeper,1,start,end,1.0,0.0,0.0,0.0,0.0,0.0,0.0,0.0,3.0,7.0,0.0,0.0,0.0,0.0,
ITA-Serie A,2223,2023-03-19 Sampdoria-Hellas Verona,Hellas Verona,Lorenzo Montipò,False,Goalkeeper,1,start,end,1.0,0.0,0.0,0.0,0.0,0.0,0.0,3.0,1.0,8.0,0.0,0.0,0.0,0.0,
ITA-Serie A,2223,2023-03-19 Sampdoria-Hellas Verona,Sampdoria,Martin Turk,True,Goalkeeper,1,start,end,1.0,0.0,0.0,0.0,0.0,0.0,0.0,1.0,4.0,15.0,0.0,0.0,0.0,0.0,
ITA-Serie A,2223,2023-03-19 Torino-Napoli,Napoli,Alex Meret,False,Goalkeeper,1,start,end,1.0,0.0,0.0,0.0,0.0,0.0,0.0,0.0,2.0,12.0,0.0,0.0,0.0,0.0,
ITA-Serie A,2223,2023-03-19 Torino-Napoli,Torino,Vanja Milinkovic-Savic,True,Goalkeeper,1,start,end,1.0,0.0,0.0,0.0,0.0,0.0,0.0,4.0,2.0,8.0,0.0,0.0,0.0,0.0,
ITA-Serie A,2223,2023-04-01 Cremonese-Atalanta,Atalanta,Juan Musso,False,Goalkeeper,1,start,end,1.0,0.0,0.0,0.0,0.0,0.0,0.0,1.0,3.0,13.0,0.0,0.0,0.0,0.0,
ITA-Serie A,2223,2023-04-01 Cremonese-Atalanta,Cremonese,Marco Carnesecchi,True,Goalkeeper,1,start,end,1.0,0.0,0.0,0.0,0.0,0.0,0.0,3.0,1.0,8.0,0.0,0.0,0.0,0.0,
ITA-Serie A,2223,2023-04-01 Internazionale-Fiorentina,Fiorentina,Pietro Terracciano,False,Goalkeeper,1,start,end,1.0,0.0,0.0,0.0,0.0,0.0,0.0,0.0,3.0,17.0,0.0,0.0,0.0,0.0,
ITA-Serie A,2223,2023-04-01 Internazionale-Fiorentina,Internazionale,André Onana,True,Goalkeeper,1,start,end,1.0,0.0,0.0,0.0,0.0,0.0,0.0,1.0,2.0,17.0,0.0,0.0,0.0,0.0,
ITA-Serie A,2223,2023-04-01 Juventus-Hellas Verona,Hellas Verona,Lorenzo Montipò,False,Goalkeeper,1,start,end,1.0,0.0,0.0,0.0,0.0,0.0,0.0,1.0,1.0,8.0,0.0,0.0,0.0,0.0,
ITA-Serie A,2223,2023-04-01 Juventus-Hellas Verona,Juventus,Wojciech Szczesny,True,Goalkeeper,1,start,end,1.0,0.0,0.0,0.0,0.0,0.0,0.0,0.0,3.0,10.0,0.0,0.0,0.0,0.0,
ITA-Serie A,2223,2023-04-02 AS Roma-Sampdoria,AS Roma,Rui Patrício,True,Goalkeeper,1,start,end,1.0,0.0,0.0,0.0,0.0,0.0,0.0,0.0,3.0,7.0,0.0,0.0,0.0,0.0,
ITA-Serie A,2223,2023-04-02 AS Roma-Sampdoria,Sampdoria,Nicola Ravaglia,False,Goalkeeper,1,start,end,1.0,1.0,0.0,0.0,0.0,0.0,0.0,3.0,7.0,24.0,0.0,0.0,0.0,0.0,
ITA-Serie A,2223,2023-04-02 Bologna-Udinese,Bologna,Francesco Bardi,True,Goalkeeper,1,start,end,1.0,0.0,0.0,0.0,0.0,0.0,0.0,0.0,4.0,14.0,0.0,0.0,0.0,0.0,
ITA-Serie A,2223,2023-04-02 Bologna-Udinese,Udinese,Marco Silvestri,False,Goalkeeper,1,start,end,1.0,0.0,0.0,0.0,0.0,0.0,0.0,3.0,1.0,8.0,0.0,0.0,0.0,0.0,
ITA-Serie A,2223,2023-04-02 Monza-Lazio,Lazio,Ivan Provedel,False,Goalkeeper,1,start,end,1.0,0.0,0.0,0.0,0.0,0.0,0.0,0.0,3.0,11.0,0.0,0.0,0.0,0.0,
ITA-Serie A,2223,2023-04-02 Monza-Lazio,Monza,Michele Di Gregorio,True,Goalkeeper,1,start,end,1.0,0.0,0.0,0.0,0.0,0.0,0.0,2.0,2.0,6.0,0.0,0.0,0.0,0.0,
ITA-Serie A,2223,2023-04-02 Napoli-AC Milan,AC Milan,Mike Maignan,False,Goalkeeper,1,start,end,1.0,0.0,0.0,0.0,0.0,0.0,0.0,0.0,4.0,18.0,0.0,0.0,0.0,0.0,
ITA-Serie A,2223,2023-04-02 Napoli-AC Milan,Napoli,Alex Meret,True,Goalkeeper,1,start,end,1.0,0.0,0.0,0.0,0.0,0.0,0.0,4.0,4.0,10.0,0.0,0.0,0.0,0.0,
ITA-Serie A,2223,2023-04-02 Spezia-Salernitana,Salernitana,Guillermo Ochoa,False,Goalkeeper,1,start,end,1.0,0.0,0.0,0.0,0.0,0.0,0.0,1.0,3.0,13.0,0.0,0.0,0.0,0.0,
ITA-Serie A,2223,2023-04-02 Spezia-Salernitana,Spezia,Bartlomiej Dragowski,True,Goalkeeper,1,start,end,1.0,0.0,0.0,0.0,0.0,0.0,0.0,0.0,1.0,12.0,0.0,0.0,0.0,0.0,
ITA-Serie A,2223,2023-04-03 Empoli-Lecce,Empoli,Samuele Perisan,True,Goalkeeper,1,start,end,1.0,0.0,0.0,0.0,0.0,0.0,0.0,0.0,0.0,5.0,0.0,0.0,0.0,0.0,
ITA-Serie A,2223,2023-04-03 Empoli-Lecce,Lecce,Wladimiro Falcone,False,Goalkeeper,1,start,end,1.0,0.0,0.0,0.0,0.0,0.0,0.0,1.0,6.0,12.0,0.0,0.0,0.0,0.0,
ITA-Serie A,2223,2023-04-03 Sassuolo-Torino,Sassuolo,Andrea Consigli,True,Goalkeeper,1,start,end,1.0,0.0,0.0,0.0,0.0,0.0,0.0,1.0,1.0,15.0,0.0,0.0,0.0,0.0,
ITA-Serie A,2223,2023-04-03 Sassuolo-Torino,Torino,Vanja Milinkovic-Savic,False,Goalkeeper,1,start,end,1.0,0.0,0.0,0.0,0.0,0.0,0.0,1.0,3.0,11.0,0.0,0.0,0.0,0.0,
ITA-Serie A,2223,2023-04-07 AC Milan-Empoli,AC Milan,Mike Maignan,True,Goalkeeper,1,start,end,1.0,0.0,0.0,0.0,0.0,0.0,0.0,0.0,1.0,2.0,0.0,0.0,0.0,0.0,
ITA-Serie A,2223,2023-04-07 AC Milan-Empoli,Empoli,Samuele Perisan,False,Goalkeeper,1,start,end,1.0,0.0,0.0,0.0,0.0,0.0,0.0,0.0,4.0,23.0,0.0,0.0,0.0,0.0,
ITA-Serie A,2223,2023-04-07 Lecce-Napoli,Lecce,Wladimiro Falcone,True,Goalkeeper,1,start,end,1.0,0.0,0.0,0.0,0.0,0.0,0.0,2.0,2.0,7.0,0.0,0.0,0.0,0.0,
ITA-Serie A,2223,2023-04-07 Lecce-Napoli,Napoli,Alex Meret,False,Goalkeeper,1,start,end,1.0,0.0,0.0,0.0,0.0,0.0,0.0,1.0,2.0,8.0,0.0,0.0,0.0,0.0,
ITA-Serie A,2223,2023-04-07 Salernitana-Internazionale,Internazionale,André Onana,False,Goalkeeper,1,start,end,1.0,0.0,2.0,0.0,0.0,0.0,0.0,1.0,2.0,10.0,0.0,0.0,0.0,0.0,
ITA-Serie A,2223,2023-04-07 Salernitana-Internazionale,Salernitana,Guillermo Ochoa,True,Goalkeeper,1,start,end,1.0,0.0,0.0,0.0,0.0,0.0,0.0,1.0,10.0,23.0,0.0,0.0,0.0,0.0,
ITA-Serie A,2223,2023-04-08 Atalanta-Bologna,Atalanta,Juan Musso,True,Goalkeeper,1,start,end,1.0,0.0,0.0,0.0,0.0,0.0,0.0,2.0,4.0,11.0,0.0,0.0,0.0,0.0,
ITA-Serie A,2223,2023-04-08 Atalanta-Bologna,Bologna,Lukasz Skorupski,False,Goalkeeper,1,start,end,1.0,0.0,0.0,0.0,0.0,0.0,0.0,0.0,6.0,14.0,0.0,0.0,0.0,0.0,
ITA-Serie A,2223,2023-04-08 Fiorentina-Spezia,Fiorentina,Pietro Terracciano,True,Goalkeeper,1,start,end,1.0,0.0,0.0,0.0,0.0,0.0,0.0,1.0,2.0,3.0,0.0,0.0,0.0,0.0,
ITA-Serie A,2223,2023-04-08 Fiorentina-Spezia,Spezia,Bartlomiej Dragowski,False,Goalkeeper,1,start,end,1.0,0.0,0.0,0.0,0.0,0.0,0.0,0.0,5.0,20.0,1.0,0.0,0.0,0.0,
ITA-Serie A,2223,2023-04-08 Hellas Verona-Sassuolo,Hellas Verona,Lorenzo Montipò,True,Goalkeeper,1,start,end,1.0,0.0,0.0,0.0,0.0,0.0,0.0,1.0,4.0,17.0,0.0,0.0,0.0,0.0,
ITA-Serie A,2223,2023-04-08 Hellas Verona-Sassuolo,Sassuolo,Andrea Consigli,False,Goalkeeper,1,start,end,1.0,0.0,0.0,0.0,0.0,0.0,0.0,2.0,0.0,9.0,0.0,0.0,0.0,0.0,
ITA-Serie A,2223,2023-04-08 Lazio-Juventus,Juventus,Wojciech Szczesny,False,Goalkeeper,1,start,end,1.0,0.0,0.0,0.0,0.0,0.0,0.0,2.0,2.0,6.0,0.0,0.0,0.0,0.0,
ITA-Serie A,2223,2023-04-08 Lazio-Juventus,Lazio,Ivan Provedel,True,Goalkeeper,1,start,end,1.0,0.0,2.0,0.0,0.0,0.0,1.0,1.0,3.0,10.0,0.0,0.0,0.0,0.0,
ITA-Serie A,2223,2023-04-08 Sampdoria-Cremonese,Cremonese,Marco Carnesecchi,False,Goalkeeper,1,start,end,1.0,0.0,1.0,0.0,0.0,0.0,0.0,2.0,6.0,11.0,0.0,0.0,0.0,0.0,
ITA-Serie A,2223,2023-04-08 Sampdoria-Cremonese,Sampdoria,Nicola Ravaglia,True,Goalkeeper,1,start,end,1.0,0.0,1.0,0.0,0.0,0.0,0.0,3.0,1.0,14.0,0.0,0.0,0.0,0.0,
ITA-Serie A,2223,2023-04-08 Torino-AS Roma,AS Roma,Rui Patrício,False,Goalkeeper,1,start,end,1.0,0.0,0.0,0.0,0.0,0.0,0.0,0.0,1.0,7.0,0.0,0.0,0.0,0.0,
ITA-Serie A,2223,2023-04-08 Torino-AS Roma,Torino,Vanja Milinkovic-Savic,True,Goalkeeper,1,start,end,1.0,0.0,0.0,0.0,0.0,0.0,1.0,1.0,0.0,8.0,0.0,0.0,0.0,0.0,
ITA-Serie A,2223,2023-04-08 Udinese-Monza,Monza,Michele Di Gregorio,False,Goalkeeper,1,start,end,1.0,0.0,0.0,0.0,0.0,0.0,0.0,2.0,3.0,13.0,0.0,0.0,0.0,0.0,
ITA-Serie A,2223,2023-04-08 Udinese-Monza,Udinese,Marco Silvestri,True,Goalkeeper,1,start,end,1.0,0.0,0.0,0.0,0.0,0.0,0.0,2.0,3.0,10.0,0.0,0.0,0.0,0.0,
ITA-Serie A,2223,2023-04-14 Cremonese-Empoli,Cremonese,Marco Carnesecchi,True,Goalkeeper,1,start,end,1.0,0.0,0.0,0.0,0.0,0.0,0.0,0.0,2.0,15.0,0.0,0.0,0.0,0.0,
ITA-Serie A,2223,2023-04-14 Cremonese-Empoli,Empoli,Samuele Perisan,False,Goalkeeper,1,start,end,1.0,0.0,0.0,0.0,0.0,0.0,0.0,1.0,4.0,12.0,0.0,0.0,0.0,0.0,
ITA-Serie A,2223,2023-04-14 Spezia-Lazio,Lazio,Ivan Provedel,False,Goalkeeper,1,start,end,1.0,0.0,0.0,0.0,0.0,0.0,0.0,0.0,2.0,6.0,0.0,0.0,0.0,0.0,
ITA-Serie A,2223,2023-04-14 Spezia-Lazio,Spezia,Bartlomiej Dragowski,True,Goalkeeper,1,start,end,1.0,0.0,0.0,0.0,0.0,0.0,0.0,3.0,4.0,10.0,0.0,0.0,0.0,0.0,
ITA-Serie A,2223,2023-04-15 Bologna-AC Milan,AC Milan,Mike Maignan,False,Goalkeeper,1,start,end,1.0,0.0,1.0,0.0,0.0,0.0,0.0,1.0,1.0,6.0,0.0,0.0,0.0,0.0,
ITA-Serie A,2223,2023-04-15 Bologna-AC Milan,Bologna,Lukasz Skorupski,True,Goalkeeper,1,start,end,1.0,0.0,0.0,0.0,0.0,0.0,0.0,1.0,4.0,17.0,0.0,0.0,0.0,0.0,
ITA-Serie A,2223,2023-04-15 Internazionale-Monza,Internazionale,André Onana,True,Goalkeeper,1,start,end,1.0,0.0,0.0,0.0,0.0,0.0,0.0,1.0,1.0,6.0,0.0,0.0,0.0,0.0,
ITA-Serie A,2223,2023-04-15 Internazionale-Monza,Monza,Michele Di Gregorio,False,Goalkeeper,1,start,end,1.0,0.0,0.0,0.0,0.0,0.0,0.0,0.0,6.0,25.0,0.0,0.0,0.0,0.0,
ITA-Serie A,2223,2023-04-15 Napoli-Hellas Verona,Hellas Verona,Lorenzo Montipò,False,Goalkeeper,1,start,end,1.0,0.0,0.0,0.0,0.0,0.0,0.0,0.0,1.0,10.0,0.0,0.0,0.0,0.0,
ITA-Serie A,2223,2023-04-15 Napoli-Hellas Verona,Napoli,Alex Meret,True,Goalkeeper,1,start,end,1.0,0.0,0.0,0.0,0.0,0.0,0.0,0.0,2.0,5.0,0.0,0.0,0.0,0.0,
ITA-Serie A,2223,2023-04-16 AS Roma-Udinese,AS Roma,Rui Patrício,True,Goalkeeper,1,start,end,1.0,0.0,0.0,0.0,0.0,0.0,0.0,0.0,1.0,9.0,0.0,0.0,0.0,0.0,
ITA-Serie A,2223,2023-04-16 AS Roma-Udinese,Udinese,Marco Silvestri,False,Goalkeeper,1,start,end,1.0,0.0,0.0,0.0,0.0,0.0,0.0,3.0,4.0,8.0,0.0,0.0,0.0,0.0,
ITA-Serie A,2223,2023-04-16 Lecce-Sampdoria,Lecce,Wladimiro Falcone,True,Goalkeeper,1,start,end,1.0,0.0,0.0,0.0,0.0,0.0,0.0,1.0,0.0,7.0,0.0,0.0,0.0,0.0,
ITA-Serie A,2223,2023-04-16 Lecce-Sampdoria,Sampdoria,Nicola Ravaglia,False,Goalkeeper,1,start,end,1.0,0.0,0.0,0.0,0.0,0.0,0.0,1.0,9.0,28.0,0.0,0.0,0.0,0.0,
ITA-Serie A,2223,2023-04-16 Sassuolo-Juventus,Juventus,Mattia Perin,False,Goalkeeper,1,start,end,1.0,0.0,0.0,0.0,0.0,0.0,0.0,1.0,3.0,10.0,0.0,0.0,0.0,0.0,
ITA-Serie A,2223,2023-04-16 Sassuolo-Juventus,Sassuolo,Andrea Consigli,True,Goalkeeper,1,start,end,1.0,0.0,0.0,0.0,0.0,0.0,0.0,0.0,3.0,13.0,0.0,0.0,0.0,0.0,
ITA-Serie A,2223,2023-04-16 Torino-Salernitana,Salernitana,Guillermo Ochoa,False,Goalkeeper,1,start,end,1.0,0.0,0.0,0.0,0.0,0.0,0.0,1.0,4.0,15.0,0.0,0.0,0.0,0.0,
ITA-Serie A,2223,2023-04-16 Torino-Salernitana,Torino,Vanja Milinkovic-Savic,True,Goalkeeper,1,start,end,1.0,0.0,0.0,0.0,0.0,0.0,0.0,1.0,0.0,6.0,0.0,0.0,0.0,0.0,
ITA-Serie A,2223,2023-04-17 Fiorentina-Atalanta,Atalanta,Marco Sportiello,False,Goalkeeper,1,start,end,1.0,0.0,0.0,0.0,0.0,0.0,0.0,1.0,6.0,17.0,0.0,0.0,0.0,0.0,
ITA-Serie A,2223,2023-04-17 Fiorentina-Atalanta,Fiorentina,Pietro Terracciano,True,Goalkeeper,1,start,end,1.0,0.0,0.0,0.0,0.0,0.0,0.0,1.0,0.0,5.0,0.0,0.0,0.0,0.0,
ITA-Serie A,2223,2023-04-21 Hellas Verona-Bologna,Bologna,Lukasz Skorupski,False,Goalkeeper,1,start,end,1.0,1.0,0.0,0.0,0.0,0.0,1.0,2.0,3.0,7.0,0.0,0.0,0.0,0.0,
ITA-Serie A,2223,2023-04-21 Hellas Verona-Bologna,Hellas Verona,Lorenzo Montipò,True,Goalkeeper,1,start,end,1.0,0.0,0.0,0.0,0.0,0.0,1.0,1.0,6.0,17.0,0.0,0.0,0.0,0.0,
ITA-Serie A,2223,2023-04-22 Lazio-Torino,Lazio,Ivan Provedel,True,Goalkeeper,1,start,end,1.0,0.0,1.0,0.0,0.0,0.0,0.0,1.0,2.0,6.0,0.0,0.0,0.0,0.0,
ITA-Serie A,2223,2023-04-22 Lazio-Torino,Torino,Vanja Milinkovic-Savic,False,Goalkeeper,1,start,end,1.0,0.0,0.0,0.0,0.0,0.0,0.0,0.0,5.0,10.0,0.0,0.0,0.0,0.0,
ITA-Serie A,2223,2023-04-22 Salernitana-Sassuolo,Salernitana,Guillermo Ochoa,True,Goalkeeper,1,start,end,1.0,0.0,0.0,0.0,0.0,0.0,0.0,0.0,2.0,12.0,0.0,0.0,0.0,0.0,
ITA-Serie A,2223,2023-04-22 Salernitana-Sassuolo,Sassuolo,Andrea Consigli,False,Goalkeeper,1,start,end,1.0,0.0,0.0,0.0,0.0,0.0,0.0,3.0,2.0,10.0,0.0,0.0,0.0,0.0,
ITA-Serie A,2223,2023-04-22 Sampdoria-Spezia,Sampdoria,Nicola Ravaglia,True,Goalkeeper,1,start,end,1.0,0.0,1.0,0.0,0.0,0.0,0.0,1.0,6.0,18.0,0.0,0.0,0.0,0.0,
ITA-Serie A,2223,2023-04-22 Sampdoria-Spezia,Spezia,Jeroen Zoet,False,Goalkeeper,1,start,end,1.0,0.0,0.0,0.0,0.0,0.0,0.0,1.0,1.0,12.0,0.0,0.0,0.0,0.0,
ITA-Serie A,2223,2023-04-23 AC Milan-Lecce,AC Milan,Mike Maignan,True,Goalkeeper,1,start,end,1.0,0.0,0.0,0.0,0.0,0.0,0.0,0.0,4.0,9.0,0.0,0.0,0.0,0.0,
ITA-Serie A,2223,2023-04-23 AC Milan-Lecce,Lecce,Wladimiro Falcone,False,Goalkeeper,1,start,end,1.0,0.0,0.0,0.0,0.0,0.0,0.0,2.0,3.0,6.0,0.0,0.0,0.0,0.0,
ITA-Serie A,2223,2023-04-23 Empoli-Internazionale,Empoli,Samuele Perisan,True,Goalkeeper,1,start,end,1.0,0.0,0.0,0.0,0.0,0.0,0.0,3.0,1.0,13.0,0.0,0.0,0.0,0.0,
ITA-Serie A,2223,2023-04-23 Empoli-Internazionale,Internazionale,Samir Handanovic,False,Goalkeeper,1,start,end,1.0,0.0,0.0,0.0,0.0,0.0,0.0,0.0,3.0,11.0,0.0,0.0,0.0,0.0,
ITA-Serie A,2223,2023-04-23 Juventus-Napoli,Juventus,Wojciech Szczesny,True,Goalkeeper,1,start,end,1.0,0.0,0.0,0.0,0.0,0.0,0.0,1.0,5.0,15.0,0.0,0.0,0.0,0.0,
ITA-Serie A,2223,2023-04-23 Juventus-Napoli,Napoli,Alex Meret,False,Goalkeeper,1,start,end,1.0,0.0,0.0,0.0,0.0,0.0,0.0,0.0,4.0,7.0,0.0,0.0,0.0,0.0,
ITA-Serie A,2223,2023-04-23 Monza-Fiorentina,Fiorentina,Pietro Terracciano,False,Goalkeeper,1,start,end,1.0,0.0,0.0,0.0,0.0,0.0,0.0,2.0,3.0,11.0,0.0,0.0,0.0,0.0,
ITA-Serie A,2223,2023-04-23 Monza-Fiorentina,Monza,Michele Di Gregorio,True,Goalkeeper,1,start,end,1.0,0.0,0.0,0.0,0.0,0.0,0.0,2.0,3.0,7.0,1.0,0.0,0.0,0.0,
ITA-Serie A,2223,2023-04-23 Udinese-Cremonese,Cremonese,Marco Carnesecchi,False,Goalkeeper,1,start,end,1.0,0.0,0.0,0.0,0.0,0.0,0.0,3.0,5.0,14.0,0.0,0.0,0.0,0.0,
ITA-Serie A,2223,2023-04-23 Udinese-Cremonese,Udinese,Marco Silvestri,True,Goalkeeper,1,start,end,1.0,0.0,0.0,0.0,0.0,0.0,0.0,0.0,2.0,12.0,0.0,0.0,0.0,0.0,
ITA-Serie A,2223,2023-04-24 Atalanta-AS Roma,AS Roma,Rui Patrício,False,Goalkeeper,1,start,end,1.0,0.0,0.0,0.0,0.0,0.0,0.0,3.0,1.0,4.0,0.0,0.0,0.0,0.0,
ITA-Serie A,2223,2023-04-24 Atalanta-AS Roma,Atalanta,Marco Sportiello,True,Goalkeeper,1,start,end,1.0,0.0,0.0,0.0,0.0,0.0,0.0,1.0,0.0,12.0,0.0,0.0,0.0,0.0,
ITA-Serie A,2223,2023-04-28 Lecce-Udinese,Lecce,Wladimiro Falcone,True,Goalkeeper,1,start,end,1.0,0.0,0.0,0.0,0.0,0.0,0.0,0.0,3.0,10.0,0.0,0.0,0.0,0.0,
ITA-Serie A,2223,2023-04-28 Lecce-Udinese,Udinese,Marco Silvestri,False,Goalkeeper,1,start,end,1.0,0.0,0.0,0.0,0.0,0.0,0.0,1.0,2.0,14.0,0.0,0.0,0.0,0.0,
ITA-Serie A,2223,2023-04-28 Spezia-Monza,Monza,Michele Di Gregorio,False,Goalkeeper,1,start,end,1.0,0.0,0.0,0.0,0.0,0.0,0.0,0.0,4.0,11.0,0.0,0.0,0.0,0.0,
ITA-Serie A,2223,2023-04-28 Spezia-Monza,Spezia,Bartlomiej Dragowski,True,Goalkeeper,1,start,end,1.0,0.0,1.0,0.0,0.0,0.0,0.0,2.0,3.0,5.0,0.0,0.0,0.0,0.0,
ITA-Serie A,2223,2023-04-29 AS Roma-AC Milan,AC Milan,Mike Maignan,False,Goalkeeper,1,start,end,1.0,0.0,0.0,0.0,0.0,0.0,0.0,1.0,0.0,9.0,0.0,0.0,0.0,0.0,
ITA-Serie A,2223,2023-04-29 AS Roma-AC Milan,AS Roma,Rui Patrício,True,Goalkeeper,1,start,end,1.0,0.0,0.0,0.0,0.0,0.0,0.0,1.0,0.0,9.0,0.0,0.0,0.0,0.0,
ITA-Serie A,2223,2023-04-29 Torino-Atalanta,Atalanta,Marco Sportiello,False,Goalkeeper,1,start,end,1.0,0.0,0.0,0.0,0.0,0.0,0.0,1.0,3.0,3.0,0.0,0.0,0.0,0.0,
ITA-Serie A,2223,2023-04-29 Torino-Atalanta,Torino,Vanja Milinkovic-Savic,True,Goalkeeper,1,start,end,1.0,0.0,0.0,0.0,0.0,0.0,0.0,2.0,3.0,7.0,0.0,0.0,0.0,0.0,
ITA-Serie A,2223,2023-04-30 Bologna-Juventus,Bologna,Lukasz Skorupski,True,Goalkeeper,1,start,end,1.0,0.0,0.0,0.0,0.0,0.0,0.0,1.0,3.0,11.0,0.0,0.0,0.0,0.0,
ITA-Serie A,2223,2023-04-30 Bologna-Juventus,Juventus,Wojciech Szczesny,False,Goalkeeper,1,start,end,1.0,0.0,1.0,0.0,0.0,0.0,0.0,1.0,5.0,16.0,0.0,0.0,0.0,0.0,
ITA-Serie A,2223,2023-04-30 Cremonese-Hellas Verona,Cremonese,Marco Carnesecchi,True,Goalkeeper,1,start,end,1.0,0.0,1.0,0.0,0.0,0.0,0.0,1.0,5.0,13.0,0.0,0.0,0.0,0.0,
ITA-Serie A,2223,2023-04-30 Cremonese-Hellas Verona,Hellas Verona,Lorenzo Montipò,False,Goalkeeper,1,start,end,1.0,0.0,0.0,0.0,0.0,0.0,0.0,1.0,4.0,9.0,0.0,0.0,0.0,0.0,
ITA-Serie A,2223,2023-04-30 Fiorentina-Sampdoria,Fiorentina,Michele Cerofolini,True,Goalkeeper,1,start,end,1.0,0.0,0.0,0.0,0.0,0.0,0.0,0.0,1.0,4.0,0.0,0.0,0.0,0.0,
ITA-Serie A,2223,2023-04-30 Fiorentina-Sampdoria,Sampdoria,Nicola Ravaglia,False,Goalkeeper,1,start,end,1.0,0.0,0.0,0.0,0.0,0.0,0.0,5.0,5.0,18.0,0.0,0.0,0.0,0.0,
ITA-Serie A,2223,2023-04-30 Internazionale-Lazio,Internazionale,André Onana,True,Goalkeeper,1,start,end,1.0,0.0,0.0,0.0,0.0,0.0,0.0,1.0,4.0,8.0,0.0,0.0,0.0,0.0,
ITA-Serie A,2223,2023-04-30 Internazionale-Lazio,Lazio,Ivan Provedel,False,Goalkeeper,1,start,end,1.0,0.0,0.0,0.0,0.0,0.0,0.0,3.0,6.0,22.0,0.0,0.0,0.0,0.0,
ITA-Serie A,2223,2023-04-30 Napoli-Salernitana,Napoli,Alex Meret,True,Goalkeeper,1,start,end,1.0,0.0,0.0,0.0,0.0,0.0,0.0,1.0,1.0,4.0,0.0,0.0,0.0,0.0,
ITA-Serie A,2223,2023-04-30 Napoli-Salernitana,Salernitana,Guillermo Ochoa,False,Goalkeeper,1,start,end,1.0,0.0,0.0,0.0,0.0,0.0,0.0,1.0,7.0,21.0,0.0,0.0,0.0,0.0,
ITA-Serie A,2223,2023-04-30 Sassuolo-Empoli,Empoli,Guglielmo Vicario,False,Goalkeeper,1,start,end,1.0,0.0,0.0,0.0,0.0,0.0,0.0,2.0,3.0,10.0,0.0,0.0,0.0,0.0,
ITA-Serie A,2223,2023-04-30 Sassuolo-Empoli,Sassuolo,Andrea Consigli,True,Goalkeeper,1,start,end,1.0,0.0,0.0,0.0,0.0,0.0,0.0,1.0,0.0,6.0,0.0,0.0,0.0,0.0,
ITA-Serie A,2223,2023-05-03 AC Milan-Cremonese,AC Milan,Mike Maignan,True,Goalkeeper,1,start,end,1.0,0.0,1.0,0.0,0.0,0.0,0.0,1.0,1.0,5.0,0.0,0.0,0.0,0.0,
ITA-Serie A,2223,2023-05-03 AC Milan-Cremonese,Cremonese,Marco Carnesecchi,False,Goalkeeper,1,start,end,1.0,0.0,0.0,0.0,0.0,0.0,0.0,1.0,4.0,17.0,0.0,0.0,0.0,0.0,
ITA-Serie A,2223,2023-05-03 Atalanta-Spezia,Atalanta,Juan Musso,True,Goalkeeper,1,start,end,1.0,0.0,0.0,0.0,0.0,0.0,0.0,2.0,2.0,7.0,0.0,0.0,0.0,0.0,
ITA-Serie A,2223,2023-05-03 Atalanta-Spezia,Spezia,Bartlomiej Dragowski,False,Goalkeeper,1,start,end,1.0,0.0,0.0,0.0,0.0,0.0,0.0,3.0,3.0,11.0,0.0,0.0,0.0,0.0,
ITA-Serie A,2223,2023-05-03 Hellas Verona-Internazionale,Hellas Verona,Lorenzo Montipò,True,Goalkeeper,1,start,end,1.0,0.0,0.0,0.0,0.0,0.0,0.0,5.0,5.0,15.0,0.0,0.0,0.0,0.0,
ITA-Serie A,2223,2023-05-03 Hellas Verona-Internazionale,Internazionale,Samir Handanovic,False,Goalkeeper,1,start,end,1.0,0.0,0.0,0.0,0.0,0.0,0.0,0.0,2.0,8.0,0.0,0.0,0.0,0.0,
ITA-Serie A,2223,2023-05-03 Juventus-Lecce,Juventus,Wojciech Szczesny,True,Goalkeeper,1,start,end,1.0,0.0,0.0,0.0,0.0,0.0,0.0,1.0,4.0,12.0,0.0,0.0,0.0,0.0,
ITA-Serie A,2223,2023-05-03 Juventus-Lecce,Lecce,Wladimiro Falcone,False,Goalkeeper,1,start,end,1.0,0.0,0.0,0.0,0.0,0.0,0.0,2.0,2.0,13.0,0.0,0.0,0.0,0.0,
ITA-Serie A,2223,2023-05-03 Lazio-Sassuolo,Lazio,Ivan Provedel,True,Goalkeeper,1,start,end,1.0,0.0,0.0,0.0,0.0,0.0,0.0,0.0,2.0,13.0,0.0,0.0,0.0,0.0,
ITA-Serie A,2223,2023-05-03 Lazio-Sassuolo,Sassuolo,Andrea Consigli,False,Goalkeeper,1,start,end,1.0,0.0,0.0,0.0,0.0,0.0,0.0,2.0,3.0,11.0,0.0,0.0,0.0,0.0,
ITA-Serie A,2223,2023-05-03 Monza-AS Roma,AS Roma,Rui Patrício,False,Goalkeeper,1,start,end,1.0,0.0,0.0,0.0,0.0,0.0,0.0,1.0,3.0,7.0,0.0,0.0,0.0,0.0,
ITA-Serie A,2223,2023-05-03 Monza-AS Roma,Monza,Michele Di Gregorio,True,Goalkeeper,1,start,end,1.0,0.0,0.0,0.0,0.0,0.0,0.0,1.0,6.0,12.0,0.0,0.0,0.0,0.0,
ITA-Serie A,2223,2023-05-03 Salernitana-Fiorentina,Fiorentina,Pietro Terracciano,False,Goalkeeper,1,start,end,1.0,1.0,0.0,0.0,0.0,0.0,0.0,3.0,0.0,1.0,0.0,0.0,0.0,0.0,
ITA-Serie A,2223,2023-05-03 Salernitana-Fiorentina,Salernitana,Guillermo Ochoa,True,Goalkeeper,1,start,end,1.0,0.0,0.0,0.0,0.0,0.0,0.0,3.0,1.0,9.0,0.0,0.0,0.0,0.0,
ITA-Serie A,2223,2023-05-03 Sampdoria-Torino,Sampdoria,Nicola Ravaglia,True,Goalkeeper,1,start,end,1.0,0.0,0.0,0.0,0.0,0.0,0.0,2.0,2.0,9.0,0.0,0.0,0.0,0.0,
ITA-Serie A,2223,2023-05-03 Sampdoria-Torino,Torino,Vanja Milinkovic-Savic,False,Goalkeeper,1,start,end,1.0,0.0,0.0,0.0,0.0,0.0,0.0,0.0,0.0,7.0,0.0,0.0,0.0,0.0,
ITA-Serie A,2223,2023-05-04 Empoli-Bologna,Bologna,Lukasz Skorupski,False,Goalkeeper,1,start,end,1.0,0.0,0.0,0.0,0.0,0.0,0.0,2.0,1.0,11.0,0.0,0.0,0.0,0.0,
ITA-Serie A,2223,2023-05-04 Empoli-Bologna,Empoli,Guglielmo Vicario,True,Goalkeeper,1,start,end,1.0,0.0,1.0,0.0,0.0,0.0,0.0,1.0,2.0,17.0,0.0,0.0,0.0,0.0,
ITA-Serie A,2223,2023-05-04 Udinese-Napoli,Napoli,Alex Meret,False,Goalkeeper,1,start,end,1.0,0.0,0.0,0.0,0.0,0.0,0.0,1.0,2.0,6.0,0.0,0.0,0.0,0.0,
ITA-Serie A,2223,2023-05-04 Udinese-Napoli,Udinese,Marco Silvestri,True,Goalkeeper,1,start,end,1.0,0.0,0.0,0.0,0.0,0.0,0.0,1.0,3.0,6.0,0.0,0.0,0.0,0.0,
ITA-Serie A,2223,2023-05-06 AC Milan-Lazio,AC Milan,Mike Maignan,True,Goalkeeper,1,start,end,1.0,0.0,0.0,0.0,0.0,0.0,0.0,0.0,0.0,8.0,1.0,0.0,0.0,0.0,
ITA-Serie A,2223,2023-05-06 AC Milan-Lazio,Lazio,Ivan Provedel,False,Goalkeeper,1,start,end,1.0,0.0,0.0,0.0,0.0,0.0,0.0,2.0,1.0,7.0,0.0,0.0,0.0,0.0,
ITA-Serie A,2223,2023-05-06 AS Roma-Internazionale,AS Roma,Rui Patrício,True,Goalkeeper,1,start,end,1.0,0.0,0.0,0.0,0.0,0.0,0.0,2.0,2.0,7.0,0.0,0.0,0.0,0.0,
ITA-Serie A,2223,2023-05-06 AS Roma-Internazionale,Internazionale,André Onana,False,Goalkeeper,1,start,end,1.0,0.0,0.0,0.0,0.0,0.0,0.0,0.0,3.0,14.0,0.0,0.0,0.0,0.0,
ITA-Serie A,2223,2023-05-06 Cremonese-Spezia,Cremonese,Marco Carnesecchi,True,Goalkeeper,1,start,end,1.0,0.0,0.0,0.0,0.0,0.0,0.0,0.0,8.0,18.0,0.0,0.0,0.0,0.0,
ITA-Serie A,2223,2023-05-06 Cremonese-Spezia,Spezia,Bartlomiej Dragowski,False,Goalkeeper,1,start,end,1.0,0.0,0.0,0.0,0.0,0.0,0.0,2.0,2.0,7.0,0.0,0.0,0.0,0.0,
ITA-Serie A,2223,2023-05-07 Atalanta-Juventus,Atalanta,Marco Sportiello,True,Goalkeeper,1,start,end,1.0,0.0,1.0,0.0,0.0,0.0,0.0,2.0,3.0,7.0,0.0,0.0,0.0,0.0,
ITA-Serie A,2223,2023-05-07 Atalanta-Juventus,Juventus,Wojciech Szczesny,False,Goalkeeper,1,start,end,1.0,0.0,0.0,0.0,0.0,0.0,0.0,0.0,1.0,23.0,0.0,0.0,0.0,0.0,
ITA-Serie A,2223,2023-05-07 Lecce-Hellas Verona,Hellas Verona,Lorenzo Montipò,False,Goalkeeper,1,start,end,1.0,0.0,0.0,0.0,0.0,0.0,1.0,0.0,2.0,15.0,0.0,0.0,0.0,0.0,
ITA-Serie A,2223,2023-05-07 Lecce-Hellas Verona,Lecce,Wladimiro Falcone,True,Goalkeeper,1,start,end,1.0,0.0,0.0,0.0,0.0,0.0,0.0,1.0,2.0,8.0,0.0,0.0,0.0,0.0,
ITA-Serie A,2223,2023-05-07 Napoli-Fiorentina,Fiorentina,Pietro Terracciano,False,Goalkeeper,1,start,end,1.0,0.0,0.0,0.0,0.0,0.0,0.0,1.0,2.0,8.0,0.0,0.0,0.0,0.0,
ITA-Serie A,2223,2023-05-07 Napoli-Fiorentina,Napoli,Pierluigi Gollini,True,Goalkeeper,1,start,end,1.0,0.0,0.0,0.0,0.0,0.0,0.0,0.0,3.0,18.0,0.0,0.0,0.0,0.0,
ITA-Serie A,2223,2023-05-07 Torino-Monza,Monza,Michele Di Gregorio,False,Goalkeeper,1,start,end,1.0,0.0,1.0,0.0,0.0,0.0,0.0,1.0,4.0,14.0,0.0,0.0,0.0,0.0,
ITA-Serie A,2223,2023-05-07 Torino-Monza,Torino,Vanja Milinkovic-Savic,True,Goalkeeper,1,start,end,1.0,0.0,0.0,0.0,0.0,0.0,0.0,1.0,7.0,9.0,0.0,0.0,0.0,0.0,
ITA-Serie A,2223,2023-05-08 Empoli-Salernitana,Empoli,Guglielmo Vicario,True,Goalkeeper,1,start,end,1.0,0.0,0.0,0.0,0.0,0.0,0.0,1.0,1.0,12.0,0.0,0.0,0.0,0.0,
ITA-Serie A,2223,2023-05-08 Empoli-Salernitana,Salernitana,Guillermo Ochoa,False,Goalkeeper,1,start,end,1.0,0.0,0.0,0.0,0.0,0.0,0.0,2.0,2.0,9.0,0.0,0.0,0.0,0.0,
ITA-Serie A,2223,2023-05-08 Sassuolo-Bologna,Bologna,Lukasz Skorupski,False,Goalkeeper,1,start,end,1.0,0.0,0.0,0.0,0.0,0.0,0.0,1.0,1.0,5.0,0.0,0.0,0.0,0.0,
ITA-Serie A,2223,2023-05-08 Sassuolo-Bologna,Sassuolo,Andrea Consigli,True,Goalkeeper,1,start,end,1.0,0.0,1.0,0.0,0.0,0.0,0.0,1.0,2.0,11.0,0.0,0.0,0.0,0.0,
ITA-Serie A,2223,2023-05-08 Udinese-Sampdoria,Sampdoria,Nicola Ravaglia,False,Goalkeeper,1,start,end,1.0,0.0,0.0,0.0,0.0,0.0,0.0,2.0,4.0,9.0,0.0,0.0,0.0,0.0,
ITA-Serie A,2223,2023-05-08 Udinese-Sampdoria,Udinese,Marco Silvestri,True,Goalkeeper,1,start,end,1.0,0.0,0.0,0.0,0.0,0.0,0.0,0.0,3.0,11.0,0.0,0.0,0.0,0.0,
ITA-Serie A,2223,2023-05-12 Lazio-Lecce,Lazio,Ivan Provedel,True,Goalkeeper,1,start,end,1.0,0.0,0.0,0.0,0.0,0.0,0.0,2.0,2.0,9.0,0.0,0.0,0.0,0.0,
ITA-Serie A,2223,2023-05-12 Lazio-Lecce,Lecce,Wladimiro Falcone,False,Goalkeeper,1,start,end,1.0,0.0,1.0,0.0,0.0,0.0,1.0,2.0,4.0,18.0,0.0,0.0,0.0,0.0,
ITA-Serie A,2223,2023-05-13 Internazionale-Sassuolo,Internazionale,Samir Handanovic,True,Goalkeeper,1,start,end,1.0,0.0,0.0,0.0,0.0,0.0,0.0,2.0,3.0,14.0,0.0,0.0,0.0,0.0,
ITA-Serie A,2223,2023-05-13 Internazionale-Sassuolo,Sassuolo,Andrea Consigli,False,Goalkeeper,1,start,end,1.0,0.0,0.0,0.0,0.0,0.0,0.0,3.0,0.0,8.0,0.0,0.0,0.0,0.0,
ITA-Serie A,2223,2023-05-13 Salernitana-Atalanta,Atalanta,Marco Sportiello,False,Goalkeeper,1,start,end,1.0,0.0,0.0,0.0,0.0,0.0,0.0,1.0,3.0,9.0,0.0,0.0,0.0,0.0,
ITA-Serie A,2223,2023-05-13 Salernitana-Atalanta,Salernitana,Guillermo Ochoa,True,Goalkeeper,1,start,end,1.0,0.0,0.0,0.0,0.0,0.0,0.0,0.0,3.0,13.0,0.0,0.0,0.0,0.0,
ITA-Serie A,2223,2023-05-13 Spezia-AC Milan,AC Milan,Mike Maignan,False,Goalkeeper,1,start,end,1.0,0.0,0.0,0.0,0.0,0.0,0.0,2.0,2.0,12.0,0.0,0.0,0.0,0.0,
ITA-Serie A,2223,2023-05-13 Spezia-AC Milan,Spezia,Bartlomiej Dragowski,True,Goalkeeper,1,start,end,1.0,0.0,0.0,0.0,0.0,0.0,0.0,0.0,3.0,12.0,0.0,0.0,0.0,0.0,
ITA-Serie A,2223,2023-05-14 Bologna-AS Roma,AS Roma,Mile Svilar,False,Goalkeeper,1,start,end,1.0,0.0,0.0,0.0,0.0,0.0,0.0,0.0,3.0,12.0,0.0,0.0,0.0,0.0,
ITA-Serie A,2223,2023-05-14 Bologna-AS Roma,Bologna,Lukasz Skorupski,True,Goalkeeper,1,start,end,1.0,0.0,1.0,0.0,0.0,0.0,0.0,0.0,2.0,8.0,0.0,0.0,0.0,0.0,
ITA-Serie A,2223,2023-05-14 Fiorentina-Udinese,Fiorentina,Michele Cerofolini,True,Goalkeeper,1,start,end,1.0,0.0,0.0,0.0,0.0,0.0,0.0,0.0,1.0,5.0,0.0,0.0,0.0,0.0,
ITA-Serie A,2223,2023-05-14 Fiorentina-Udinese,Udinese,Marco Silvestri,False,Goalkeeper,1,start,end,1.0,0.0,0.0,0.0,0.0,0.0,0.0,2.0,1.0,16.0,0.0,0.0,0.0,0.0,
ITA-Serie A,2223,2023-05-14 Hellas Verona-Torino,Hellas Verona,Lorenzo Montipò,True,Goalkeeper,1,start,end,1.0,0.0,0.0,0.0,0.0,0.0,0.0,1.0,6.0,13.0,0.0,0.0,0.0,0.0,
ITA-Serie A,2223,2023-05-14 Hellas Verona-Torino,Torino,Vanja Milinkovic-Savic,False,Goalkeeper,1,start,end,1.0,0.0,0.0,0.0,0.0,0.0,0.0,0.0,4.0,14.0,0.0,0.0,0.0,0.0,
ITA-Serie A,2223,2023-05-14 Juventus-Cremonese,Cremonese,Marco Carnesecchi,False,Goalkeeper,1,start,end,1.0,0.0,1.0,0.0,0.0,0.0,0.0,2.0,4.0,21.0,0.0,0.0,0.0,0.0,
ITA-Serie A,2223,2023-05-14 Juventus-Cremonese,Juventus,Mattia Perin,True,Goalkeeper,1,start,end,1.0,0.0,0.0,0.0,0.0,0.0,0.0,0.0,2.0,3.0,0.0,0.0,0.0,0.0,
ITA-Serie A,2223,2023-05-14 Monza-Napoli,Monza,Michele Di Gregorio,True,Goalkeeper,1,start,end,1.0,0.0,1.0,0.0,0.0,0.0,0.0,0.0,7.0,20.0,0.0,0.0,0.0,0.0,
ITA-Serie A,2223,2023-05-14 Monza-Napoli,Napoli,Pierluigi Gollini,False,Goalkeeper,1,start,end,1.0,0.0,0.0,0.0,0.0,0.0,0.0,2.0,2.0,8.0,0.0,0.0,0.0,0.0,
ITA-Serie A,2223,2023-05-15 Sampdoria-Empoli,Empoli,Guglielmo Vicario,False,Goalkeeper,1,start,end,1.0,0.0,0.0,0.0,0.0,0.0,0.0,1.0,2.0,12.0,0.0,0.0,0.0,0.0,
ITA-Serie A,2223,2023-05-15 Sampdoria-Empoli,Sampdoria,Nicola Ravaglia,True,Goalkeeper,1,start,end,1.0,0.0,0.0,0.0,0.0,0.0,0.0,1.0,3.0,16.0,0.0,0.0,0.0,0.0,
ITA-Serie A,2223,2023-05-19 Sassuolo-Monza,Monza,Michele Di Gregorio,False,Goalkeeper,1,start,end,1.0,0.0,0.0,0.0,0.0,0.0,0.0,1.0,3.0,12.0,0.0,0.0,0.0,0.0,
ITA-Serie A,2223,2023-05-19 Sassuolo-Monza,Sassuolo,Andrea Consigli,True,Goalkeeper,1,start,end,1.0,0.0,0.0,0.0,0.0,0.0,0.0,2.0,4.0,15.0,0.0,0.0,0.0,0.0,
ITA-Serie A,2223,2023-05-20 AC Milan-Sampdoria,AC Milan,Mike Maignan,True,Goalkeeper,1,start,end,1.0,0.0,0.0,0.0,0.0,0.0,0.0,1.0,2.0,5.0,0.0,0.0,0.0,0.0,
ITA-Serie A,2223,2023-05-20 AC Milan-Sampdoria,Sampdoria,Nicola Ravaglia,False,Goalkeeper,1,start,end,1.0,0.0,0.0,0.0,0.0,0.0,0.0,5.0,4.0,12.0,0.0,0.0,0.0,0.0,
ITA-Serie A,2223,2023-05-20 Atalanta-Hellas Verona,Atalanta,Marco Sportiello,True,Goalkeeper,1,start,end,1.0,0.0,0.0,0.0,0.0,0.0,0.0,1.0,1.0,9.0,0.0,0.0,0.0,0.0,
ITA-Serie A,2223,2023-05-20 Atalanta-Hellas Verona,Hellas Verona,Lorenzo Montipò,False,Goalkeeper,1,start,end,1.0,0.0,0.0,0.0,0.0,0.0,0.0,3.0,2.0,11.0,0.0,0.0,0.0,0.0,
ITA-Serie A,2223,2023-05-20 Cremonese-Bologna,Bologna,Lukasz Skorupski,False,Goalkeeper,1,start,end,1.0,0.0,0.0,0.0,0.0,0.0,0.0,1.0,1.0,12.0,0.0,0.0,0.0,0.0,
ITA-Serie A,2223,2023-05-20 Cremonese-Bologna,Cremonese,Marco Carnesecchi,True,Goalkeeper,1,start,end,1.0,0.0,0.0,0.0,0.0,0.0,0.0,5.0,4.0,14.0,0.0,0.0,0.0,0.0,
ITA-Serie A,2223,2023-05-21 Lecce-Spezia,Lecce,Wladimiro Falcone,True,Goalkeeper,1,start,end,1.0,0.0,0.0,0.0,0.0,0.0,0.0,0.0,0.0,14.0,0.0,0.0,0.0,0.0,
ITA-Serie A,2223,2023-05-21 Lecce-Spezia,Spezia,Bartlomiej Dragowski,False,Goalkeeper,1,start,end,1.0,0.0,0.0,0.0,0.0,0.0,0.0,0.0,1.0,6.0,0.0,0.0,0.0,0.0,
ITA-Serie A,2223,2023-05-21 Napoli-Internazionale,Internazionale,André Onana,False,Goalkeeper,1,start,end,1.0,0.0,0.0,0.0,0.0,0.0,0.0,3.0,6.0,19.0,0.0,0.0,0.0,0.0,
ITA-Serie A,2223,2023-05-21 Napoli-Internazionale,Napoli,Alex Meret,True,Goalkeeper,1,start,end,1.0,0.0,0.0,0.0,0.0,0.0,0.0,1.0,0.0,4.0,0.0,0.0,0.0,0.0,
ITA-Serie A,2223,2023-05-21 Torino-Fiorentina,Fiorentina,Michele Cerofolini,False,Goalkeeper,1,start,end,1.0,0.0,0.0,0.0,0.0,0.0,0.0,1.0,3.0,9.0,0.0,0.0,0.0,0.0,
ITA-Serie A,2223,2023-05-21 Torino-Fiorentina,Torino,Vanja Milinkovic-Savic,True,Goalkeeper,1,start,end,1.0,0.0,0.0,0.0,0.0,0.0,0.0,1.0,0.0,7.0,0.0,0.0,0.0,0.0,
ITA-Serie A,2223,2023-05-21 Udinese-Lazio,Lazio,Ivan Provedel,False,Goalkeeper,1,start,end,1.0,0.0,0.0,0.0,0.0,0.0,0.0,0.0,2.0,12.0,0.0,0.0,0.0,0.0,
ITA-Serie A,2223,2023-05-21 Udinese-Lazio,Udinese,Marco Silvestri,True,Goalkeeper,1,start,end,1.0,0.0,0.0,0.0,0.0,0.0,0.0,1.0,3.0,13.0,0.0,0.0,0.0,0.0,
ITA-Serie A,2223,2023-05-22 AS Roma-Salernitana,AS Roma,Rui Patrício,True,Goalkeeper,1,start,end,1.0,0.0,0.0,0.0,0.0,0.0,0.0,2.0,1.0,6.0,0.0,0.0,0.0,0.0,
ITA-Serie A,2223,2023-05-22 AS Roma-Salernitana,Salernitana,Guillermo Ochoa,False,Goalkeeper,1,start,end,1.0,0.0,1.0,0.0,0.0,0.0,1.0,2.0,3.0,18.0,0.0,0.0,0.0,0.0,
ITA-Serie A,2223,2023-05-22 Empoli-Juventus,Empoli,Guglielmo Vicario,True,Goalkeeper,1,start,end,1.0,0.0,1.0,0.0,0.0,0.0,0.0,1.0,3.0,18.0,0.0,0.0,0.0,0.0,
ITA-Serie A,2223,2023-05-22 Empoli-Juventus,Juventus,Wojciech Szczesny,False,Goalkeeper,1,start,end,1.0,0.0,0.0,0.0,0.0,0.0,0.0,4.0,3.0,10.0,0.0,0.0,0.0,0.0,
ITA-Serie A,2223,2023-05-26 Sampdoria-Sassuolo,Sampdoria,Martin Turk,True,Goalkeeper,1,start,end,1.0,0.0,0.0,0.0,0.0,0.0,0.0,2.0,6.0,19.0,0.0,0.0,0.0,0.0,
ITA-Serie A,2223,2023-05-26 Sampdoria-Sassuolo,Sassuolo,Andrea Consigli,False,Goalkeeper,1,start,end,1.0,0.0,1.0,0.0,0.0,0.0,0.0,1.0,2.0,16.0,0.0,0.0,0.0,0.0,
ITA-Serie A,2223,2023-05-27 Fiorentina-AS Roma,AS Roma,Mile Svilar,False,Goalkeeper,1,start,end,1.0,0.0,0.0,0.0,0.0,0.0,1.0,2.0,3.0,14.0,0.0,0.0,0.0,0.0,
ITA-Serie A,2223,2023-05-27 Fiorentina-AS Roma,Fiorentina,Michele Cerofolini,True,Goalkeeper,1,start,end,1.0,0.0,0.0,0.0,0.0,0.0,0.0,1.0,2.0,7.0,0.0,0.0,0.0,0.0,
ITA-Serie A,2223,2023-05-27 Internazionale-Atalanta,Atalanta,Marco Sportiello,False,Goalkeeper,1,start,end,1.0,0.0,0.0,0.0,0.0,0.0,0.0,3.0,8.0,16.0,0.0,0.0,0.0,0.0,
ITA-Serie A,2223,2023-05-27 Internazionale-Atalanta,Internazionale,André Onana,True,Goalkeeper,1,start,end,1.0,0.0,0.0,1.0,0.0,0.0,0.0,1.0,2.0,11.0,0.0,1.0,0.0,1.0,
ITA-Serie A,2223,2023-05-27 Salernitana-Udinese,Salernitana,Vincenzo Fiorillo,True,Goalkeeper,1,start,end,1.0,0.0,0.0,0.0,0.0,0.0,0.0,2.0,2.0,8.0,0.0,0.0,0.0,0.0,
ITA-Serie A,2223,2023-05-27 Salernitana-Udinese,Udinese,Marco Silvestri,False,Goalkeeper,1,start,end,1.0,0.0,1.0,0.0,0.0,0.0,0.0,3.0,0.0,8.0,0.0,0.0,0.0,0.0,
ITA-Serie A,2223,2023-05-27 Spezia-Torino,Spezia,Bartlomiej Dragowski,True,Goalkeeper,1,start,end,1.0,0.0,0.0,0.0,0.0,0.0,0.0,3.0,1.0,8.0,0.0,0.0,0.0,0.0,
ITA-Serie A,2223,2023-05-27 Spezia-Torino,Torino,Vanja Milinkovic-Savic,False,Goalkeeper,1,start,end,1.0,0.0,0.0,0.0,0.0,0.0,0.0,0.0,1.0,9.0,0.0,0.0,0.0,0.0,
ITA-Serie A,2223,2023-05-28 Bologna-Napoli,Bologna,Lukasz Skorupski,True,Goalkeeper,1,start,end,1.0,0.0,0.0,0.0,0.0,0.0,0.0,2.0,6.0,7.0,0.0,0.0,0.0,0.0,
ITA-Serie A,2223,2023-05-28 Bologna-Napoli,Napoli,Pierluigi Gollini,False,Goalkeeper,1,start,end,1.0,0.0,0.0,0.0,0.0,0.0,0.0,2.0,4.0,16.0,0.0,0.0,0.0,0.0,
ITA-Serie A,2223,2023-05-28 Hellas Verona-Empoli,Empoli,Guglielmo Vicario,False,Goalkeeper,1,start,end,1.0,0.0,0.0,0.0,0.0,0.0,0.0,1.0,3.0,12.0,0.0,0.0,0.0,0.0,
ITA-Serie A,2223,2023-05-28 Hellas Verona-Empoli,Hellas Verona,Lorenzo Montipò,True,Goalkeeper,1,start,end,1.0,0.0,1.0,0.0,0.0,0.0,0.0,0.0,3.0,12.0,0.0,0.0,0.0,0.0,
ITA-Serie A,2223,2023-05-28 Juventus-AC Milan,AC Milan,Mike Maignan,False,Goalkeeper,1,start,end,1.0,0.0,0.0,0.0,0.0,0.0,0.0,0.0,3.0,16.0,0.0,0.0,0.0,0.0,
ITA-Serie A,2223,2023-05-28 Juventus-AC Milan,Juventus,Wojciech Szczesny,True,Goalkeeper,1,start,end,1.0,0.0,0.0,0.0,0.0,0.0,0.0,1.0,2.0,8.0,0.0,0.0,0.0,0.0,
ITA-Serie A,2223,2023-05-28 Lazio-Cremonese,Cremonese,Mouhamadou Sarr,False,Goalkeeper,1,start,end,1.0,0.0,0.0,0.0,0.0,0.0,0.0,3.0,4.0,9.0,0.0,0.0,0.0,0.0,
ITA-Serie A,2223,2023-05-28 Lazio-Cremonese,Lazio,Ivan Provedel,True,Goalkeeper,1,start,end,1.0,0.0,0.0,0.0,0.0,0.0,0.0,1.0,4.0,10.0,0.0,0.0,0.0,0.0,
ITA-Serie A,2223,2023-05-28 Monza-Lecce,Lecce,Wladimiro Falcone,False,Goalkeeper,1,start,end,1.0,0.0,1.0,0.0,0.0,0.0,0.0,0.0,0.0,5.0,0.0,0.0,0.0,0.0,
ITA-Serie A,2223,2023-05-28 Monza-Lecce,Monza,Michele Di Gregorio,True,Goalkeeper,1,start,end,1.0,0.0,0.0,0.0,0.0,0.0,0.0,1.0,0.0,8.0,0.0,0.0,0.0,0.0,
ITA-Serie A,2223,2023-06-02 Sassuolo-Fiorentina,Fiorentina,Michele Cerofolini,False,Goalkeeper,1,start,end,1.0,0.0,0.0,0.0,0.0,0.0,0.0,1.0,1.0,4.0,0.0,0.0,0.0,0.0,
ITA-Serie A,2223,2023-06-02 Sassuolo-Fiorentina,Sassuolo,Alessandro Russo,True,Goalkeeper,1,start,end,1.0,0.0,1.0,0.0,0.0,0.0,0.0,3.0,4.0,11.0,0.0,0.0,0.0,0.0,
ITA-Serie A,2223,2023-06-03 Cremonese-Salernitana,Cremonese,Mouhamadou Sarr,True,Goalkeeper,1,start,end,1.0,0.0,0.0,0.0,0.0,0.0,0.0,0.0,1.0,11.0,0.0,0.0,0.0,0.0,
ITA-Serie A,2223,2023-06-03 Cremonese-Salernitana,Salernitana,Guillermo Ochoa,False,Goalkeeper,1,start,end,1.0,0.0,0.0,0.0,0.0,0.0,0.0,2.0,2.0,10.0,0.0,0.0,0.0,0.0,
ITA-Serie A,2223,2023-06-03 Empoli-Lazio,Empoli,Guglielmo Vicario,True,Goalkeeper,1,start,84,1.0,0.0,0.0,0.0,0.0,0.0,0.0,1.0,9.0,18.0,0.0,0.0,0.0,0.0,
ITA-Serie A,2223,2023-06-03 Empoli-Lazio,Lazio,Ivan Provedel,False,Goalkeeper,1,start,end,1.0,0.0,0.0,0.0,0.0,0.0,0.0,0.0,1.0,6.0,0.0,0.0,0.0,0.0,
ITA-Serie A,2223,2023-06-03 Torino-Internazionale,Internazionale,Samir Handanovic,False,Goalkeeper,1,start,65,1.0,0.0,0.0,0.0,0.0,0.0,0.0,0.0,3.0,8.0,0.0,0.0,0.0,0.0,
ITA-Serie A,2223,2023-06-03 Torino-Internazionale,Torino,Vanja Milinkovic-Savic,True,Goalkeeper,1,start,end,1.0,0.0,0.0,0.0,0.0,0.0,0.0,1.0,4.0,13.0,0.0,0.0,0.0,0.0,
ITA-Serie A,2223,2023-06-04 AC Milan-Hellas Verona,AC Milan,Mike Maignan,True,Goalkeeper,1,start,89,1.0,0.0,0.0,0.0,0.0,0.0,0.0,1.0,0.0,5.0,0.0,0.0,0.0,0.0,
ITA-Serie A,2223,2023-06-04 AC Milan-Hellas Verona,Hellas Verona,Lorenzo Montipò,False,Goalkeeper,1,start,end,1.0,0.0,0.0,0.0,0.0,0.0,0.0,3.0,2.0,11.0,0.0,0.0,0.0,0.0,
ITA-Serie A,2223,2023-06-04 AS Roma-Spezia,AS Roma,Mile Svilar,True,Goalkeeper,1,start,end,1.0,0.0,0.0,0.0,0.0,0.0,0.0,1.0,1.0,7.0,0.0,0.0,0.0,0.0,
ITA-Serie A,2223,2023-06-04 AS Roma-Spezia,Spezia,Jeroen Zoet,False,Goalkeeper,1,start,end,1.0,0.0,0.0,0.0,0.0,0.0,1.0,2.0,5.0,17.0,0.0,0.0,0.0,0.0,
ITA-Serie A,2223,2023-06-04 Atalanta-Monza,Atalanta,Marco Sportiello,True,Goalkeeper,1,start,88,1.0,0.0,0.0,0.0,0.0,0.0,0.0,2.0,2.0,4.0,0.0,0.0,0.0,0.0,
ITA-Serie A,2223,2023-06-04 Atalanta-Monza,Monza,Michele Di Gregorio,False,Goalkeeper,1,start,end,1.0,0.0,1.0,0.0,0.0,0.0,0.0,5.0,5.0,16.0,0.0,0.0,0.0,0.0,
ITA-Serie A,2223,2023-06-04 Lecce-Bologna,Bologna,Lukasz Skorupski,False,Goalkeeper,1,start,end,1.0,0.0,0.0,0.0,0.0,0.0,0.0,2.0,5.0,16.0,0.0,0.0,0.0,0.0,
ITA-Serie A,2223,2023-06-04 Lecce-Bologna,Lecce,Wladimiro Falcone,True,Goalkeeper,1,start,end,1.0,0.0,1.0,0.0,0.0,0.0,0.0,3.0,4.0,8.0,0.0,0.0,0.0,0.0,
ITA-Serie A,2223,2023-06-04 Napoli-Sampdoria,Napoli,Alex Meret,True,Goalkeeper,1,start,end,1.0,0.0,0.0,0.0,0.0,0.0,0.0,0.0,4.0,6.0,0.0,0.0,0.0,0.0,
ITA-Serie A,2223,2023-06-04 Napoli-Sampdoria,Sampdoria,Martin Turk,False,Goalkeeper,1,start,end,1.0,0.0,0.0,0.0,0.0,0.0,0.0,2.0,7.0,18.0,0.0,0.0,0.0,0.0,
ITA-Serie A,2223,2023-06-04 Udinese-Juventus,Juventus,Wojciech Szczesny,False,Goalkeeper,1,start,end,1.0,0.0,0.0,0.0,0.0,0.0,0.0,0.0,3.0,13.0,0.0,0.0,0.0,0.0,
ITA-Serie A,2223,2023-06-04 Udinese-Juventus,Udinese,Marco Silvestri,True,Goalkeeper,1,start,end,1.0,0.0,0.0,0.0,0.0,0.0,0.0,1.0,4.0,18.0,0.0,0.0,0.0,0.0,
ITA-Serie A,2223,2023-06-11 Spezia-Hellas Verona,Hellas Verona,Lorenzo Montipò,False,Goalkeeper,1,start,end,1.0,0.0,0.0,0.0,0.0,0.0,1.0,1.0,7.0,14.0,0.0,0.0,0.0,0.0,
ITA-Serie A,2223,2023-06-11 Spezia-Hellas Verona,Spezia,Bartlomiej Dragowski,True,Goalkeeper,1,start,end,1.0,0.0,0.0,0.0,0.0,0.0,0.0,3.0,2.0,6.0,0.0,0.0,0.0,0.0,
