league,season,game,team,player,is_home,position,formation_place,sub_in,sub_out,appearances,fouls_committed,fouls_suffered,own_goals,red_cards,sub_ins,yellow_cards,goals_conceded,saves,shots_faced,goal_assists,shots_on_target,total_goals,total_shots,offsides
ENG-Premier League,2425,2024-08-16 Manchester United-Fulham,Fulham,Bernd Leno,False,Goalkeeper,1,start,end,1.0,0.0,0.0,0.0,0.0,0.0,0.0,1.0,5.0,13.0,0.0,0.0,0.0,0.0,
ENG-Premier League,2425,2024-08-16 Manchester United-Fulham,Manchester United,André Onana,True,Goalkeeper,1,start,end,1.0,0.0,0.0,0.0,0.0,0.0,0.0,0.0,2.0,9.0,0.0,0.0,0.0,0.0,
ENG-Premier League,2425,2024-08-17 Arsenal-Wolverhampton Wanderers,Arsenal,David Raya,True,Goalkeeper,1,start,end,1.0,0.0,0.0,0.0,0.0,0.0,0.0,0.0,3.0,8.0,0.0,0.0,0.0,0.0,
ENG-Premier League,2425,2024-08-17 Arsenal-Wolverhampton Wanderers,Wolverhampton Wanderers,José Sá,False,Goalkeeper,1,start,end,1.0,0.0,0.0,0.0,0.0,0.0,0.0,2.0,4.0,16.0,0.0,0.0,0.0,0.0,
ENG-Premier League,2425,2024-08-17 Everton-Brighton & Hove Albion,Brighton & Hove Albion,Jason Steele,False,Goalkeeper,1,start,end,1.0,0.0,0.0,0.0,0.0,0.0,0.0,0.0,1.0,8.0,0.0,0.0,0.0,0.0,
ENG-Premier League,2425,2024-08-17 Everton-Brighton & Hove Albion,Everton,Jordan Pickford,True,Goalkeeper,1,start,end,1.0,0.0,0.0,0.0,0.0,0.0,0.0,3.0,2.0,7.0,0.0,0.0,0.0,0.0,
ENG-Premier League,2425,2024-08-17 Ipswich Town-Liverpool,Ipswich Town,Christian Walton,True,Goalkeeper,1,start,end,1.0,0.0,0.0,0.0,0.0,0.0,0.0,2.0,3.0,15.0,0.0,0.0,0.0,0.0,
ENG-Premier League,2425,2024-08-17 Ipswich Town-Liverpool,Liverpool,Alisson Becker,False,Goalkeeper,1,start,end,1.0,0.0,0.0,0.0,0.0,0.0,0.0,0.0,2.0,6.0,0.0,0.0,0.0,0.0,
ENG-Premier League,2425,2024-08-17 Newcastle United-Southampton,Newcastle United,Nick Pope,True,Goalkeeper,1,start,end,1.0,0.0,0.0,0.0,0.0,0.0,0.0,0.0,3.0,19.0,0.0,0.0,0.0,0.0,
ENG-Premier League,2425,2024-08-17 Newcastle United-Southampton,Southampton,Alex McCarthy,False,Goalkeeper,1,start,end,1.0,0.0,1.0,0.0,0.0,0.0,0.0,1.0,0.0,2.0,0.0,0.0,0.0,0.0,
ENG-Premier League,2425,2024-08-17 Nottingham Forest-AFC Bournemouth,AFC Bournemouth,Neto,False,Goalkeeper,1,start,end,1.0,0.0,0.0,0.0,0.0,0.0,0.0,1.0,7.0,13.0,0.0,0.0,0.0,0.0,
ENG-Premier League,2425,2024-08-17 Nottingham Forest-AFC Bournemouth,Nottingham Forest,Matz Sels,True,Goalkeeper,1,start,end,1.0,0.0,0.0,0.0,0.0,0.0,0.0,1.0,3.0,11.0,0.0,0.0,0.0,0.0,
ENG-Premier League,2425,2024-08-17 West Ham United-Aston Villa,Aston Villa,Emiliano Martínez,False,Goalkeeper,1,start,end,1.0,0.0,0.0,0.0,0.0,0.0,0.0,1.0,3.0,13.0,0.0,0.0,0.0,0.0,
ENG-Premier League,2425,2024-08-17 West Ham United-Aston Villa,West Ham United,Alphonse Areola,True,Goalkeeper,1,start,end,1.0,0.0,0.0,0.0,0.0,0.0,0.0,2.0,1.0,13.0,0.0,0.0,0.0,0.0,
ENG-Premier League,2425,2024-08-18 Brentford-Crystal Palace,Brentford,Mark Flekken,True,Goalkeeper,1,start,end,1.0,0.0,0.0,0.0,0.0,0.0,0.0,1.0,6.0,14.0,0.0,0.0,0.0,0.0,
ENG-Premier League,2425,2024-08-18 Brentford-Crystal Palace,Crystal Palace,Dean Henderson,False,Goalkeeper,1,start,end,1.0,0.0,0.0,0.0,0.0,0.0,0.0,2.0,3.0,7.0,0.0,0.0,0.0,0.0,
ENG-Premier League,2425,2024-08-18 Chelsea-Manchester City,Chelsea,Robert Sánchez,True,Goalkeeper,1,start,end,1.0,0.0,1.0,0.0,0.0,0.0,0.0,2.0,3.0,9.0,0.0,0.0,0.0,0.0,
ENG-Premier League,2425,2024-08-18 Chelsea-Manchester City,Manchester City,Ederson,False,Goalkeeper,1,start,end,1.0,0.0,0.0,0.0,0.0,0.0,0.0,0.0,3.0,9.0,0.0,0.0,0.0,0.0,
ENG-Premier League,2425,2024-08-19 Leicester City-Tottenham Hotspur,Leicester City,Mads Hermansen,True,Goalkeeper,1,start,end,1.0,0.0,0.0,0.0,0.0,0.0,0.0,1.0,5.0,12.0,0.0,0.0,0.0,0.0,
ENG-Premier League,2425,2024-08-19 Leicester City-Tottenham Hotspur,Tottenham Hotspur,Guglielmo Vicario,False,Goalkeeper,1,start,end,1.0,0.0,0.0,0.0,0.0,0.0,0.0,1.0,2.0,6.0,0.0,0.0,0.0,0.0,
ENG-Premier League,2425,2024-08-24 Aston Villa-Arsenal,Arsenal,David Raya,False,Goalkeeper,1,start,end,1.0,0.0,0.0,0.0,0.0,0.0,0.0,0.0,3.0,10.0,0.0,0.0,0.0,0.0,
ENG-Premier League,2425,2024-08-24 Aston Villa-Arsenal,Aston Villa,Emiliano Martínez,True,Goalkeeper,1,start,end,1.0,0.0,2.0,0.0,0.0,0.0,0.0,2.0,2.0,7.0,0.0,0.0,0.0,0.0,
ENG-Premier League,2425,2024-08-24 Brighton & Hove Albion-Manchester United,Brighton & Hove Albion,Jason Steele,True,Goalkeeper,1,start,end,1.0,0.0,1.0,0.0,0.0,0.0,0.0,1.0,2.0,9.0,0.0,0.0,0.0,0.0,
ENG-Premier League,2425,2024-08-24 Brighton & Hove Albion-Manchester United,Manchester United,André Onana,False,Goalkeeper,1,start,end,1.0,0.0,0.0,0.0,0.0,0.0,0.0,2.0,2.0,12.0,0.0,0.0,0.0,0.0,
ENG-Premier League,2425,2024-08-24 Crystal Palace-West Ham United,Crystal Palace,Dean Henderson,True,Goalkeeper,1,start,end,1.0,0.0,0.0,0.0,0.0,0.0,0.0,2.0,1.0,15.0,0.0,0.0,0.0,0.0,
ENG-Premier League,2425,2024-08-24 Crystal Palace-West Ham United,West Ham United,Alphonse Areola,False,Goalkeeper,1,start,end,1.0,0.0,0.0,0.0,0.0,0.0,0.0,0.0,2.0,14.0,0.0,0.0,0.0,0.0,
ENG-Premier League,2425,2024-08-24 Fulham-Leicester City,Fulham,Bernd Leno,True,Goalkeeper,1,start,end,1.0,0.0,0.0,0.0,0.0,0.0,0.0,1.0,3.0,9.0,0.0,0.0,0.0,0.0,
ENG-Premier League,2425,2024-08-24 Fulham-Leicester City,Leicester City,Mads Hermansen,False,Goalkeeper,1,start,end,1.0,0.0,0.0,0.0,0.0,0.0,0.0,2.0,4.0,16.0,0.0,0.0,0.0,0.0,
ENG-Premier League,2425,2024-08-24 Manchester City-Ipswich Town,Ipswich Town,Arijanet Muric,False,Goalkeeper,1,start,end,1.0,0.0,0.0,0.0,0.0,0.0,0.0,4.0,1.0,10.0,0.0,0.0,0.0,0.0,
ENG-Premier League,2425,2024-08-24 Manchester City-Ipswich Town,Manchester City,Ederson,True,Goalkeeper,1,start,end,1.0,0.0,0.0,0.0,0.0,0.0,0.0,1.0,0.0,0.0,0.0,0.0,0.0,0.0,
ENG-Premier League,2425,2024-08-24 Southampton-Nottingham Forest,Nottingham Forest,Matz Sels,False,Goalkeeper,1,start,end,1.0,0.0,0.0,0.0,0.0,0.0,0.0,0.0,1.0,7.0,0.0,0.0,0.0,0.0,
ENG-Premier League,2425,2024-08-24 Southampton-Nottingham Forest,Southampton,Alex McCarthy,True,Goalkeeper,1,start,end,1.0,0.0,0.0,0.0,0.0,0.0,0.0,1.0,7.0,22.0,0.0,0.0,0.0,0.0,
ENG-Premier League,2425,2024-08-24 Tottenham Hotspur-Everton,Everton,Jordan Pickford,False,Goalkeeper,1,start,end,1.0,0.0,0.0,0.0,0.0,0.0,0.0,4.0,3.0,10.0,0.0,0.0,0.0,0.0,
ENG-Premier League,2425,2024-08-24 Tottenham Hotspur-Everton,Tottenham Hotspur,Guglielmo Vicario,True,Goalkeeper,1,start,end,1.0,0.0,0.0,0.0,0.0,0.0,0.0,0.0,1.0,10.0,0.0,0.0,0.0,0.0,
ENG-Premier League,2425,2024-08-25 AFC Bournemouth-Newcastle United,AFC Bournemouth,Neto,True,Goalkeeper,1,start,end,1.0,0.0,2.0,0.0,0.0,0.0,0.0,1.0,4.0,12.0,0.0,0.0,0.0,0.0,
ENG-Premier League,2425,2024-08-25 AFC Bournemouth-Newcastle United,Newcastle United,Nick Pope,False,Goalkeeper,1,start,end,1.0,0.0,0.0,0.0,0.0,0.0,0.0,1.0,3.0,15.0,0.0,0.0,0.0,0.0,
ENG-Premier League,2425,2024-08-25 Liverpool-Brentford,Brentford,Mark Flekken,False,Goalkeeper,1,start,end,1.0,0.0,0.0,0.0,0.0,0.0,0.0,2.0,6.0,16.0,0.0,0.0,0.0,0.0,
ENG-Premier League,2425,2024-08-25 Liverpool-Brentford,Liverpool,Alisson Becker,True,Goalkeeper,1,start,end,1.0,0.0,0.0,0.0,0.0,0.0,0.0,0.0,2.0,8.0,0.0,0.0,0.0,0.0,
ENG-Premier League,2425,2024-08-25 Wolverhampton Wanderers-Chelsea,Chelsea,Robert Sánchez,False,Goalkeeper,1,start,end,1.0,0.0,0.0,0.0,0.0,0.0,0.0,2.0,2.0,9.0,0.0,0.0,0.0,0.0,
ENG-Premier League,2425,2024-08-25 Wolverhampton Wanderers-Chelsea,Wolverhampton Wanderers,José Sá,True,Goalkeeper,1,start,end,1.0,0.0,1.0,0.0,0.0,0.0,0.0,6.0,2.0,8.0,0.0,0.0,0.0,0.0,
ENG-Premier League,2425,2024-08-31 Arsenal-Brighton & Hove Albion,Arsenal,David Raya,True,Goalkeeper,1,start,end,1.0,0.0,0.0,0.0,0.0,0.0,1.0,1.0,4.0,21.0,0.0,0.0,0.0,0.0,
ENG-Premier League,2425,2024-08-31 Arsenal-Brighton & Hove Albion,Brighton & Hove Albion,Bart Verbruggen,False,Goalkeeper,1,start,end,1.0,0.0,0.0,0.0,0.0,0.0,0.0,1.0,6.0,10.0,0.0,0.0,0.0,0.0,
ENG-Premier League,2425,2024-08-31 Brentford-Southampton,Brentford,Mark Flekken,True,Goalkeeper,1,start,end,1.0,0.0,0.0,0.0,0.0,0.0,0.0,1.0,5.0,17.0,0.0,0.0,0.0,0.0,
ENG-Premier League,2425,2024-08-31 Brentford-Southampton,Southampton,Aaron Ramsdale,False,Goalkeeper,1,start,end,1.0,0.0,0.0,0.0,0.0,0.0,0.0,3.0,4.0,16.0,0.0,0.0,0.0,0.0,
ENG-Premier League,2425,2024-08-31 Everton-AFC Bournemouth,AFC Bournemouth,Kepa Arrizabalaga,False,Goalkeeper,1,start,end,1.0,0.0,0.0,0.0,0.0,0.0,0.0,2.0,6.0,15.0,0.0,0.0,0.0,0.0,
ENG-Premier League,2425,2024-08-31 Everton-AFC Bournemouth,Everton,Jordan Pickford,True,Goalkeeper,1,start,end,1.0,0.0,0.0,0.0,0.0,0.0,0.0,3.0,4.0,12.0,0.0,0.0,0.0,0.0,
ENG-Premier League,2425,2024-08-31 Ipswich Town-Fulham,Fulham,Bernd Leno,False,Goalkeeper,1,start,end,1.0,0.0,0.0,0.0,0.0,0.0,0.0,1.0,3.0,10.0,0.0,0.0,0.0,0.0,
ENG-Premier League,2425,2024-08-31 Ipswich Town-Fulham,Ipswich Town,Arijanet Muric,True,Goalkeeper,1,start,end,1.0,0.0,0.0,0.0,0.0,0.0,0.0,1.0,3.0,8.0,0.0,0.0,0.0,0.0,
ENG-Premier League,2425,2024-08-31 Leicester City-Aston Villa,Aston Villa,Emiliano Martínez,False,Goalkeeper,1,start,end,1.0,0.0,0.0,0.0,0.0,0.0,0.0,1.0,3.0,8.0,0.0,0.0,0.0,0.0,
ENG-Premier League,2425,2024-08-31 Leicester City-Aston Villa,Leicester City,Mads Hermansen,True,Goalkeeper,1,start,end,1.0,0.0,0.0,0.0,0.0,0.0,0.0,2.0,3.0,6.0,0.0,0.0,0.0,0.0,
ENG-Premier League,2425,2024-08-31 Nottingham Forest-Wolverhampton Wanderers,Nottingham Forest,Matz Sels,True,Goalkeeper,1,start,end,1.0,0.0,1.0,0.0,0.0,0.0,0.0,1.0,1.0,10.0,0.0,0.0,0.0,0.0,
ENG-Premier League,2425,2024-08-31 Nottingham Forest-Wolverhampton Wanderers,Wolverhampton Wanderers,Sam Johnstone,False,Goalkeeper,1,start,end,1.0,0.0,0.0,0.0,0.0,0.0,0.0,1.0,4.0,14.0,0.0,0.0,0.0,0.0,
ENG-Premier League,2425,2024-08-31 West Ham United-Manchester City,Manchester City,Ederson,False,Goalkeeper,1,start,end,1.0,0.0,0.0,0.0,0.0,0.0,0.0,1.0,2.0,10.0,0.0,0.0,0.0,0.0,
ENG-Premier League,2425,2024-08-31 West Ham United-Manchester City,West Ham United,Alphonse Areola,True,Goalkeeper,1,start,45,1.0,0.0,0.0,0.0,0.0,0.0,0.0,2.0,3.0,15.0,0.0,0.0,0.0,0.0,
ENG-Premier League,2425,2024-09-01 Chelsea-Crystal Palace,Chelsea,Robert Sánchez,True,Goalkeeper,1,start,end,1.0,0.0,0.0,0.0,0.0,0.0,0.0,1.0,2.0,9.0,0.0,0.0,0.0,0.0,
ENG-Premier League,2425,2024-09-01 Chelsea-Crystal Palace,Crystal Palace,Dean Henderson,False,Goalkeeper,1,start,end,1.0,0.0,0.0,0.0,0.0,0.0,0.0,1.0,6.0,12.0,0.0,0.0,0.0,0.0,
ENG-Premier League,2425,2024-09-01 Manchester United-Liverpool,Liverpool,Alisson Becker,False,Goalkeeper,1,start,end,1.0,0.0,0.0,0.0,0.0,0.0,0.0,0.0,3.0,8.0,0.0,0.0,0.0,0.0,
ENG-Premier League,2425,2024-09-01 Manchester United-Liverpool,Manchester United,André Onana,True,Goalkeeper,1,start,end,1.0,0.0,0.0,0.0,0.0,0.0,0.0,3.0,0.0,8.0,0.0,0.0,0.0,0.0,
ENG-Premier League,2425,2024-09-01 Newcastle United-Tottenham Hotspur,Newcastle United,Nick Pope,True,Goalkeeper,1,start,end,1.0,0.0,0.0,0.0,0.0,0.0,0.0,1.0,6.0,20.0,0.0,0.0,0.0,0.0,
ENG-Premier League,2425,2024-09-01 Newcastle United-Tottenham Hotspur,Tottenham Hotspur,Guglielmo Vicario,False,Goalkeeper,1,start,end,1.0,0.0,0.0,0.0,0.0,0.0,0.0,2.0,1.0,7.0,0.0,0.0,0.0,0.0,
ENG-Premier League,2425,2024-09-14 AFC Bournemouth-Chelsea,AFC Bournemouth,Mark Travers,True,Goalkeeper,1,start,end,1.0,0.0,0.0,0.0,0.0,0.0,0.0,1.0,2.0,9.0,0.0,0.0,0.0,0.0,
ENG-Premier League,2425,2024-09-14 AFC Bournemouth-Chelsea,Chelsea,Robert Sánchez,False,Goalkeeper,1,start,end,1.0,1.0,0.0,0.0,0.0,0.0,1.0,0.0,6.0,18.0,0.0,0.0,0.0,0.0,
ENG-Premier League,2425,2024-09-14 Aston Villa-Everton,Aston Villa,Emiliano Martínez,True,Goalkeeper,1,start,end,1.0,0.0,0.0,0.0,0.0,0.0,1.0,2.0,0.0,4.0,0.0,0.0,0.0,0.0,
ENG-Premier League,2425,2024-09-14 Aston Villa-Everton,Everton,Jordan Pickford,False,Goalkeeper,1,start,end,1.0,0.0,0.0,0.0,0.0,0.0,0.0,3.0,4.0,14.0,0.0,0.0,0.0,0.0,
ENG-Premier League,2425,2024-09-14 Brighton & Hove Albion-Ipswich Town,Brighton & Hove Albion,Bart Verbruggen,True,Goalkeeper,1,start,end,1.0,0.0,0.0,0.0,0.0,0.0,1.0,0.0,1.0,6.0,0.0,0.0,0.0,0.0,
ENG-Premier League,2425,2024-09-14 Brighton & Hove Albion-Ipswich Town,Ipswich Town,Arijanet Muric,False,Goalkeeper,1,start,end,1.0,0.0,0.0,0.0,0.0,0.0,0.0,0.0,6.0,21.0,0.0,0.0,0.0,0.0,
ENG-Premier League,2425,2024-09-14 Crystal Palace-Leicester City,Crystal Palace,Dean Henderson,True,Goalkeeper,1,start,end,1.0,0.0,0.0,0.0,0.0,0.0,0.0,2.0,2.0,7.0,0.0,0.0,0.0,0.0,
ENG-Premier League,2425,2024-09-14 Crystal Palace-Leicester City,Leicester City,Mads Hermansen,False,Goalkeeper,1,start,end,1.0,0.0,0.0,0.0,0.0,0.0,0.0,2.0,3.0,16.0,0.0,0.0,0.0,0.0,
ENG-Premier League,2425,2024-09-14 Fulham-West Ham United,Fulham,Bernd Leno,True,Goalkeeper,1,start,end,1.0,0.0,0.0,0.0,0.0,0.0,0.0,1.0,2.0,10.0,0.0,0.0,0.0,0.0,
ENG-Premier League,2425,2024-09-14 Fulham-West Ham United,West Ham United,Alphonse Areola,False,Goalkeeper,1,start,end,1.0,0.0,0.0,0.0,0.0,0.0,0.0,1.0,4.0,19.0,0.0,0.0,0.0,0.0,
ENG-Premier League,2425,2024-09-14 Liverpool-Nottingham Forest,Liverpool,Alisson Becker,True,Goalkeeper,1,start,end,1.0,0.0,0.0,0.0,0.0,0.0,0.0,1.0,2.0,4.0,0.0,0.0,0.0,0.0,
ENG-Premier League,2425,2024-09-14 Liverpool-Nottingham Forest,Nottingham Forest,Matz Sels,False,Goalkeeper,1,start,end,1.0,0.0,0.0,0.0,0.0,0.0,1.0,0.0,5.0,14.0,0.0,0.0,0.0,0.0,
ENG-Premier League,2425,2024-09-14 Manchester City-Brentford,Brentford,Mark Flekken,False,Goalkeeper,1,start,end,1.0,0.0,0.0,0.0,0.0,0.0,0.0,2.0,5.0,14.0,0.0,0.0,0.0,0.0,
ENG-Premier League,2425,2024-09-14 Manchester City-Brentford,Manchester City,Ederson,True,Goalkeeper,1,start,end,1.0,0.0,0.0,0.0,0.0,0.0,0.0,1.0,5.0,7.0,1.0,0.0,0.0,0.0,
ENG-Premier League,2425,2024-09-14 Southampton-Manchester United,Manchester United,André Onana,False,Goalkeeper,1,start,end,1.0,0.0,0.0,0.0,0.0,0.0,0.0,0.0,2.0,5.0,0.0,0.0,0.0,0.0,
ENG-Premier League,2425,2024-09-14 Southampton-Manchester United,Southampton,Aaron Ramsdale,True,Goalkeeper,1,start,end,1.0,0.0,0.0,0.0,0.0,0.0,0.0,3.0,7.0,15.0,0.0,0.0,0.0,0.0,
ENG-Premier League,2425,2024-09-15 Tottenham Hotspur-Arsenal,Arsenal,David Raya,False,Goalkeeper,1,start,end,1.0,0.0,1.0,0.0,0.0,0.0,0.0,0.0,5.0,15.0,0.0,0.0,0.0,0.0,
ENG-Premier League,2425,2024-09-15 Tottenham Hotspur-Arsenal,Tottenham Hotspur,Guglielmo Vicario,True,Goalkeeper,1,start,end,1.0,0.0,0.0,0.0,0.0,0.0,1.0,1.0,3.0,5.0,0.0,0.0,0.0,0.0,
ENG-Premier League,2425,2024-09-15 Wolverhampton Wanderers-Newcastle United,Newcastle United,Nick Pope,False,Goalkeeper,1,start,end,1.0,0.0,0.0,0.0,0.0,0.0,0.0,1.0,4.0,11.0,0.0,0.0,0.0,0.0,
ENG-Premier League,2425,2024-09-15 Wolverhampton Wanderers-Newcastle United,Wolverhampton Wanderers,Sam Johnstone,True,Goalkeeper,1,start,end,1.0,0.0,0.0,0.0,0.0,0.0,0.0,2.0,4.0,11.0,0.0,0.0,0.0,0.0,
ENG-Premier League,2425,2024-09-21 Aston Villa-Wolverhampton Wanderers,Aston Villa,Emiliano Martínez,True,Goalkeeper,1,start,end,1.0,0.0,0.0,0.0,0.0,0.0,0.0,1.0,3.0,9.0,0.0,0.0,0.0,0.0,
ENG-Premier League,2425,2024-09-21 Aston Villa-Wolverhampton Wanderers,Wolverhampton Wanderers,Sam Johnstone,False,Goalkeeper,1,start,end,1.0,0.0,0.0,0.0,0.0,0.0,0.0,3.0,0.0,6.0,0.0,0.0,0.0,0.0,
ENG-Premier League,2425,2024-09-21 Crystal Palace-Manchester United,Crystal Palace,Dean Henderson,True,Goalkeeper,1,start,end,1.0,0.0,0.0,0.0,0.0,0.0,1.0,0.0,7.0,15.0,0.0,0.0,0.0,0.0,
ENG-Premier League,2425,2024-09-21 Crystal Palace-Manchester United,Manchester United,André Onana,False,Goalkeeper,1,start,end,1.0,0.0,0.0,0.0,0.0,0.0,0.0,0.0,4.0,8.0,0.0,0.0,0.0,0.0,
ENG-Premier League,2425,2024-09-21 Fulham-Newcastle United,Fulham,Bernd Leno,True,Goalkeeper,1,start,end,1.0,0.0,0.0,0.0,0.0,0.0,1.0,1.0,4.0,15.0,0.0,0.0,0.0,0.0,
ENG-Premier League,2425,2024-09-21 Fulham-Newcastle United,Newcastle United,Nick Pope,False,Goalkeeper,1,start,end,1.0,0.0,0.0,0.0,0.0,0.0,0.0,3.0,8.0,18.0,0.0,0.0,0.0,0.0,
ENG-Premier League,2425,2024-09-21 Leicester City-Everton,Everton,Jordan Pickford,False,Goalkeeper,1,start,end,1.0,0.0,0.0,0.0,0.0,0.0,0.0,1.0,1.0,9.0,0.0,0.0,0.0,0.0,
ENG-Premier League,2425,2024-09-21 Leicester City-Everton,Leicester City,Mads Hermansen,True,Goalkeeper,1,start,end,1.0,0.0,0.0,0.0,0.0,0.0,0.0,1.0,4.0,16.0,0.0,0.0,0.0,0.0,
ENG-Premier League,2425,2024-09-21 Liverpool-AFC Bournemouth,AFC Bournemouth,Kepa Arrizabalaga,False,Goalkeeper,1,start,end,1.0,0.0,1.0,0.0,0.0,0.0,0.0,3.0,9.0,15.0,0.0,0.0,0.0,0.0,
ENG-Premier League,2425,2024-09-21 Liverpool-AFC Bournemouth,Liverpool,Caoimhín Kelleher,True,Goalkeeper,1,start,end,1.0,0.0,0.0,0.0,0.0,0.0,0.0,0.0,7.0,18.0,0.0,0.0,0.0,0.0,
ENG-Premier League,2425,2024-09-21 Southampton-Ipswich Town,Ipswich Town,Arijanet Muric,False,Goalkeeper,1,start,end,1.0,0.0,0.0,0.0,0.0,0.0,0.0,1.0,2.0,10.0,0.0,0.0,0.0,0.0,
ENG-Premier League,2425,2024-09-21 Southampton-Ipswich Town,Southampton,Aaron Ramsdale,True,Goalkeeper,1,start,end,1.0,0.0,0.0,0.0,0.0,0.0,0.0,1.0,5.0,13.0,0.0,0.0,0.0,0.0,
ENG-Premier League,2425,2024-09-21 Tottenham Hotspur-Brentford,Brentford,Mark Flekken,False,Goalkeeper,1,start,end,1.0,0.0,0.0,0.0,0.0,0.0,0.0,3.0,6.0,20.0,0.0,0.0,0.0,0.0,
ENG-Premier League,2425,2024-09-21 Tottenham Hotspur-Brentford,Tottenham Hotspur,Guglielmo Vicario,True,Goalkeeper,1,start,end,1.0,0.0,0.0,0.0,0.0,0.0,0.0,1.0,5.0,5.0,0.0,0.0,0.0,0.0,
ENG-Premier League,2425,2024-09-21 West Ham United-Chelsea,Chelsea,Robert Sánchez,False,Goalkeeper,1,start,end,1.0,0.0,0.0,0.0,0.0,0.0,0.0,0.0,7.0,14.0,0.0,0.0,0.0,0.0,
ENG-Premier League,2425,2024-09-21 West Ham United-Chelsea,West Ham United,Alphonse Areola,True,Goalkeeper,1,start,end,1.0,0.0,0.0,0.0,0.0,0.0,0.0,3.0,2.0,9.0,0.0,0.0,0.0,0.0,
ENG-Premier League,2425,2024-09-22 Brighton & Hove Albion-Nottingham Forest,Brighton & Hove Albion,Bart Verbruggen,True,Goalkeeper,1,start,end,1.0,0.0,0.0,0.0,0.0,0.0,0.0,2.0,2.0,2.0,0.0,0.0,0.0,0.0,
ENG-Premier League,2425,2024-09-22 Brighton & Hove Albion-Nottingham Forest,Nottingham Forest,Matz Sels,False,Goalkeeper,1,start,end,1.0,0.0,0.0,0.0,0.0,0.0,0.0,2.0,1.0,11.0,0.0,0.0,0.0,0.0,
ENG-Premier League,2425,2024-09-22 Manchester City-Arsenal,Arsenal,David Raya,False,Goalkeeper,1,start,end,1.0,0.0,0.0,0.0,0.0,0.0,0.0,2.0,9.0,30.0,0.0,0.0,0.0,0.0,
ENG-Premier League,2425,2024-09-22 Manchester City-Arsenal,Manchester City,Ederson,True,Goalkeeper,1,start,end,1.0,0.0,0.0,0.0,0.0,0.0,1.0,2.0,1.0,2.0,0.0,0.0,0.0,0.0,
ENG-Premier League,2425,2024-09-28 Arsenal-Leicester City,Arsenal,David Raya,True,Goalkeeper,1,start,end,1.0,0.0,0.0,0.0,0.0,0.0,0.0,2.0,1.0,3.0,0.0,0.0,0.0,0.0,
ENG-Premier League,2425,2024-09-28 Arsenal-Leicester City,Leicester City,Mads Hermansen,False,Goalkeeper,1,start,end,1.0,0.0,0.0,0.0,0.0,0.0,0.0,4.0,13.0,32.0,0.0,0.0,0.0,0.0,
ENG-Premier League,2425,2024-09-28 Brentford-West Ham United,Brentford,Mark Flekken,True,Goalkeeper,1,start,end,1.0,0.0,0.0,0.0,0.0,0.0,0.0,1.0,2.0,16.0,0.0,0.0,0.0,0.0,
ENG-Premier League,2425,2024-09-28 Brentford-West Ham United,West Ham United,Alphonse Areola,False,Goalkeeper,1,start,end,1.0,0.0,0.0,0.0,0.0,0.0,0.0,1.0,2.0,7.0,0.0,0.0,0.0,0.0,
ENG-Premier League,2425,2024-09-28 Chelsea-Brighton & Hove Albion,Brighton & Hove Albion,Bart Verbruggen,False,Goalkeeper,1,start,end,1.0,0.0,0.0,0.0,0.0,0.0,0.0,4.0,2.0,11.0,0.0,0.0,0.0,0.0,
ENG-Premier League,2425,2024-09-28 Chelsea-Brighton & Hove Albion,Chelsea,Robert Sánchez,True,Goalkeeper,1,start,end,1.0,0.0,0.0,0.0,0.0,0.0,0.0,2.0,4.0,14.0,0.0,0.0,0.0,0.0,
ENG-Premier League,2425,2024-09-28 Everton-Crystal Palace,Crystal Palace,Dean Henderson,False,Goalkeeper,1,start,end,1.0,0.0,0.0,0.0,0.0,0.0,0.0,2.0,1.0,6.0,0.0,0.0,0.0,1.0,
ENG-Premier League,2425,2024-09-28 Everton-Crystal Palace,Everton,Jordan Pickford,True,Goalkeeper,1,start,end,1.0,0.0,0.0,0.0,0.0,0.0,1.0,1.0,3.0,16.0,0.0,0.0,0.0,0.0,
ENG-Premier League,2425,2024-09-28 Newcastle United-Manchester City,Manchester City,Ederson,False,Goalkeeper,1,start,end,1.0,1.0,0.0,0.0,0.0,0.0,1.0,1.0,3.0,10.0,0.0,0.0,0.0,0.0,
ENG-Premier League,2425,2024-09-28 Newcastle United-Manchester City,Newcastle United,Nick Pope,True,Goalkeeper,1,start,end,1.0,0.0,0.0,0.0,0.0,0.0,0.0,1.0,5.0,14.0,0.0,0.0,0.0,0.0,
ENG-Premier League,2425,2024-09-28 Nottingham Forest-Fulham,Fulham,Bernd Leno,False,Goalkeeper,1,start,end,1.0,0.0,0.0,0.0,0.0,0.0,1.0,0.0,1.0,12.0,0.0,0.0,0.0,0.0,
ENG-Premier League,2425,2024-09-28 Nottingham Forest-Fulham,Nottingham Forest,Matz Sels,True,Goalkeeper,1,start,end,1.0,0.0,0.0,0.0,0.0,0.0,0.0,1.0,1.0,12.0,0.0,0.0,0.0,0.0,
ENG-Premier League,2425,2024-09-28 Wolverhampton Wanderers-Liverpool,Liverpool,Alisson Becker,False,Goalkeeper,1,start,end,1.0,0.0,0.0,0.0,0.0,0.0,0.0,1.0,2.0,7.0,0.0,0.0,0.0,0.0,
ENG-Premier League,2425,2024-09-28 Wolverhampton Wanderers-Liverpool,Wolverhampton Wanderers,Sam Johnstone,True,Goalkeeper,1,start,end,1.0,0.0,0.0,0.0,0.0,0.0,0.0,2.0,4.0,8.0,0.0,0.0,0.0,0.0,
ENG-Premier League,2425,2024-09-29 Ipswich Town-Aston Villa,Aston Villa,Emiliano Martínez,False,Goalkeeper,1,start,end,1.0,0.0,0.0,0.0,0.0,0.0,0.0,2.0,3.0,13.0,0.0,0.0,0.0,0.0,
ENG-Premier League,2425,2024-09-29 Ipswich Town-Aston Villa,Ipswich Town,Arijanet Muric,True,Goalkeeper,1,start,end,1.0,0.0,0.0,0.0,0.0,0.0,0.0,2.0,1.0,5.0,0.0,0.0,0.0,0.0,
ENG-Premier League,2425,2024-09-29 Manchester United-Tottenham Hotspur,Manchester United,André Onana,True,Goalkeeper,1,start,end,1.0,0.0,0.0,0.0,0.0,0.0,0.0,3.0,7.0,21.0,0.0,0.0,0.0,0.0,
ENG-Premier League,2425,2024-09-29 Manchester United-Tottenham Hotspur,Tottenham Hotspur,Guglielmo Vicario,False,Goalkeeper,1,start,end,1.0,0.0,0.0,0.0,0.0,0.0,0.0,0.0,2.0,11.0,0.0,0.0,0.0,0.0,
ENG-Premier League,2425,2024-09-30 AFC Bournemouth-Southampton,AFC Bournemouth,Kepa Arrizabalaga,True,Goalkeeper,1,start,end,1.0,0.0,0.0,0.0,0.0,0.0,0.0,1.0,2.0,8.0,0.0,0.0,0.0,0.0,
ENG-Premier League,2425,2024-09-30 AFC Bournemouth-Southampton,Southampton,Aaron Ramsdale,False,Goalkeeper,1,start,end,1.0,0.0,0.0,0.0,0.0,0.0,0.0,3.0,3.0,11.0,0.0,0.0,0.0,0.0,
ENG-Premier League,2425,2024-10-05 Arsenal-Southampton,Arsenal,David Raya,True,Goalkeeper,1,start,end,1.0,0.0,0.0,0.0,0.0,0.0,0.0,1.0,1.0,5.0,0.0,0.0,0.0,0.0,
ENG-Premier League,2425,2024-10-05 Arsenal-Southampton,Southampton,Aaron Ramsdale,False,Goalkeeper,1,start,end,1.0,0.0,1.0,0.0,0.0,0.0,0.0,3.0,3.0,26.0,0.0,0.0,0.0,0.0,
ENG-Premier League,2425,2024-10-05 Brentford-Wolverhampton Wanderers,Brentford,Mark Flekken,True,Goalkeeper,1,start,end,1.0,0.0,0.0,0.0,0.0,0.0,0.0,3.0,3.0,14.0,0.0,0.0,0.0,0.0,
ENG-Premier League,2425,2024-10-05 Brentford-Wolverhampton Wanderers,Wolverhampton Wanderers,Sam Johnstone,False,Goalkeeper,1,start,end,1.0,0.0,0.0,0.0,0.0,0.0,0.0,5.0,7.0,15.0,0.0,0.0,0.0,0.0,
ENG-Premier League,2425,2024-10-05 Crystal Palace-Liverpool,Crystal Palace,Dean Henderson,True,Goalkeeper,1,start,end,1.0,0.0,0.0,0.0,0.0,0.0,0.0,1.0,3.0,15.0,0.0,0.0,0.0,0.0,
ENG-Premier League,2425,2024-10-05 Crystal Palace-Liverpool,Liverpool,Alisson Becker,False,Goalkeeper,1,start,79,1.0,0.0,0.0,0.0,0.0,0.0,0.0,0.0,4.0,5.0,0.0,0.0,0.0,0.0,
ENG-Premier League,2425,2024-10-05 Everton-Newcastle United,Everton,Jordan Pickford,True,Goalkeeper,1,start,end,1.0,0.0,0.0,0.0,0.0,0.0,0.0,0.0,3.0,11.0,0.0,0.0,0.0,0.0,
ENG-Premier League,2425,2024-10-05 Everton-Newcastle United,Newcastle United,Nick Pope,False,Goalkeeper,1,start,end,1.0,0.0,0.0,0.0,0.0,0.0,0.0,0.0,2.0,8.0,0.0,0.0,0.0,0.0,
ENG-Premier League,2425,2024-10-05 Leicester City-AFC Bournemouth,AFC Bournemouth,Kepa Arrizabalaga,False,Goalkeeper,1,start,end,1.0,0.0,0.0,0.0,0.0,0.0,0.0,1.0,1.0,5.0,0.0,0.0,0.0,0.0,
ENG-Premier League,2425,2024-10-05 Leicester City-AFC Bournemouth,Leicester City,Mads Hermansen,True,Goalkeeper,1,start,end,1.0,0.0,0.0,0.0,0.0,0.0,0.0,0.0,2.0,19.0,0.0,0.0,0.0,0.0,
ENG-Premier League,2425,2024-10-05 Manchester City-Fulham,Fulham,Bernd Leno,False,Goalkeeper,1,start,end,1.0,0.0,0.0,0.0,0.0,0.0,0.0,3.0,4.0,16.0,0.0,0.0,0.0,0.0,
ENG-Premier League,2425,2024-10-05 Manchester City-Fulham,Manchester City,Ederson,True,Goalkeeper,1,start,end,1.0,0.0,0.0,0.0,0.0,0.0,1.0,2.0,2.0,9.0,0.0,0.0,0.0,0.0,
ENG-Premier League,2425,2024-10-05 West Ham United-Ipswich Town,Ipswich Town,Arijanet Muric,False,Goalkeeper,1,start,end,1.0,0.0,0.0,0.0,0.0,0.0,0.0,4.0,8.0,19.0,0.0,0.0,0.0,0.0,
ENG-Premier League,2425,2024-10-05 West Ham United-Ipswich Town,West Ham United,Alphonse Areola,True,Goalkeeper,1,start,end,1.0,0.0,0.0,0.0,0.0,0.0,0.0,1.0,2.0,7.0,0.0,0.0,0.0,0.0,
ENG-Premier League,2425,2024-10-06 Aston Villa-Manchester United,Aston Villa,Emiliano Martínez,True,Goalkeeper,1,start,end,1.0,0.0,0.0,0.0,0.0,0.0,0.0,0.0,4.0,10.0,0.0,0.0,0.0,0.0,
ENG-Premier League,2425,2024-10-06 Aston Villa-Manchester United,Manchester United,André Onana,False,Goalkeeper,1,start,end,1.0,0.0,0.0,0.0,0.0,0.0,0.0,0.0,1.0,11.0,0.0,0.0,0.0,0.0,
ENG-Premier League,2425,2024-10-06 Brighton & Hove Albion-Tottenham Hotspur,Brighton & Hove Albion,Bart Verbruggen,True,Goalkeeper,1,start,end,1.0,0.0,0.0,0.0,0.0,0.0,1.0,2.0,1.0,11.0,0.0,0.0,0.0,0.0,
ENG-Premier League,2425,2024-10-06 Brighton & Hove Albion-Tottenham Hotspur,Tottenham Hotspur,Guglielmo Vicario,False,Goalkeeper,1,start,end,1.0,0.0,0.0,0.0,0.0,0.0,0.0,3.0,1.0,8.0,0.0,0.0,0.0,0.0,
ENG-Premier League,2425,2024-10-06 Chelsea-Nottingham Forest,Chelsea,Robert Sánchez,True,Goalkeeper,1,start,end,1.0,0.0,0.0,0.0,0.0,0.0,0.0,1.0,8.0,13.0,0.0,0.0,0.0,0.0,
ENG-Premier League,2425,2024-10-06 Chelsea-Nottingham Forest,Nottingham Forest,Matz Sels,False,Goalkeeper,1,start,end,1.0,0.0,1.0,0.0,0.0,0.0,1.0,1.0,7.0,21.0,0.0,0.0,0.0,0.0,
ENG-Premier League,2425,2024-10-19 AFC Bournemouth-Arsenal,AFC Bournemouth,Kepa Arrizabalaga,True,Goalkeeper,1,start,end,1.0,0.0,0.0,0.0,0.0,0.0,0.0,0.0,1.0,6.0,0.0,0.0,0.0,0.0,
ENG-Premier League,2425,2024-10-19 AFC Bournemouth-Arsenal,Arsenal,David Raya,False,Goalkeeper,1,start,end,1.0,1.0,0.0,0.0,0.0,0.0,0.0,2.0,2.0,12.0,0.0,0.0,0.0,0.0,
ENG-Premier League,2425,2024-10-19 Fulham-Aston Villa,Aston Villa,Emiliano Martínez,False,Goalkeeper,1,start,end,1.0,0.0,0.0,0.0,0.0,0.0,0.0,1.0,3.0,8.0,0.0,0.0,0.0,0.0,
ENG-Premier League,2425,2024-10-19 Fulham-Aston Villa,Fulham,Bernd Leno,True,Goalkeeper,1,start,end,1.0,0.0,0.0,0.0,0.0,0.0,0.0,3.0,4.0,12.0,1.0,0.0,0.0,0.0,
ENG-Premier League,2425,2024-10-19 Ipswich Town-Everton,Everton,Jordan Pickford,False,Goalkeeper,1,start,end,1.0,0.0,1.0,0.0,0.0,0.0,0.0,0.0,2.0,13.0,0.0,0.0,0.0,0.0,
ENG-Premier League,2425,2024-10-19 Ipswich Town-Everton,Ipswich Town,Arijanet Muric,True,Goalkeeper,1,start,end,1.0,0.0,1.0,0.0,0.0,0.0,0.0,2.0,6.0,9.0,0.0,0.0,0.0,0.0,
ENG-Premier League,2425,2024-10-19 Manchester United-Brentford,Brentford,Mark Flekken,False,Goalkeeper,1,start,end,1.0,0.0,0.0,0.0,0.0,0.0,0.0,2.0,9.0,21.0,0.0,0.0,0.0,0.0,
ENG-Premier League,2425,2024-10-19 Manchester United-Brentford,Manchester United,André Onana,True,Goalkeeper,1,start,end,1.0,0.0,0.0,0.0,0.0,0.0,0.0,1.0,1.0,7.0,0.0,0.0,0.0,0.0,
ENG-Premier League,2425,2024-10-19 Newcastle United-Brighton & Hove Albion,Brighton & Hove Albion,Bart Verbruggen,False,Goalkeeper,1,start,end,1.0,0.0,0.0,0.0,0.0,0.0,0.0,0.0,6.0,20.0,0.0,0.0,0.0,0.0,
ENG-Premier League,2425,2024-10-19 Newcastle United-Brighton & Hove Albion,Newcastle United,Nick Pope,True,Goalkeeper,1,start,end,1.0,0.0,0.0,0.0,0.0,0.0,0.0,1.0,4.0,9.0,0.0,0.0,0.0,0.0,
ENG-Premier League,2425,2024-10-19 Southampton-Leicester City,Leicester City,Mads Hermansen,False,Goalkeeper,1,start,end,1.0,0.0,0.0,0.0,0.0,0.0,0.0,2.0,6.0,12.0,0.0,0.0,0.0,0.0,
ENG-Premier League,2425,2024-10-19 Southampton-Leicester City,Southampton,Aaron Ramsdale,True,Goalkeeper,1,start,end,1.0,0.0,0.0,0.0,0.0,0.0,0.0,3.0,1.0,16.0,0.0,0.0,0.0,0.0,
ENG-Premier League,2425,2024-10-19 Tottenham Hotspur-West Ham United,Tottenham Hotspur,Guglielmo Vicario,True,Goalkeeper,1,start,end,1.0,0.0,0.0,0.0,0.0,0.0,0.0,1.0,2.0,10.0,0.0,0.0,0.0,0.0,
ENG-Premier League,2425,2024-10-19 Tottenham Hotspur-West Ham United,West Ham United,Alphonse Areola,False,Goalkeeper,1,start,end,1.0,0.0,0.0,1.0,0.0,0.0,0.0,4.0,4.0,19.0,0.0,0.0,0.0,0.0,
ENG-Premier League,2425,2024-10-20 Liverpool-Chelsea,Chelsea,Robert Sánchez,False,Goalkeeper,1,start,end,1.0,0.0,0.0,0.0,0.0,0.0,0.0,2.0,3.0,7.0,0.0,0.0,0.0,0.0,
ENG-Premier League,2425,2024-10-20 Liverpool-Chelsea,Liverpool,Caoimhín Kelleher,True,Goalkeeper,1,start,end,1.0,0.0,0.0,0.0,0.0,0.0,0.0,1.0,1.0,11.0,0.0,0.0,0.0,0.0,
ENG-Premier League,2425,2024-10-20 Wolverhampton Wanderers-Manchester City,Manchester City,Ederson,False,Goalkeeper,1,start,end,1.0,0.0,0.0,0.0,0.0,0.0,0.0,1.0,1.0,4.0,0.0,0.0,0.0,0.0,
ENG-Premier League,2425,2024-10-20 Wolverhampton Wanderers-Manchester City,Wolverhampton Wanderers,José Sá,True,Goalkeeper,1,start,end,1.0,0.0,1.0,0.0,0.0,0.0,0.0,2.0,5.0,21.0,0.0,0.0,0.0,0.0,
ENG-Premier League,2425,2024-10-21 Nottingham Forest-Crystal Palace,Crystal Palace,Dean Henderson,False,Goalkeeper,1,start,end,1.0,0.0,0.0,0.0,0.0,0.0,0.0,1.0,5.0,19.0,0.0,0.0,0.0,0.0,
ENG-Premier League,2425,2024-10-21 Nottingham Forest-Crystal Palace,Nottingham Forest,Matz Sels,True,Goalkeeper,1,start,end,1.0,0.0,0.0,0.0,0.0,0.0,0.0,0.0,7.0,19.0,0.0,0.0,0.0,0.0,
ENG-Premier League,2425,2024-10-25 Leicester City-Nottingham Forest,Leicester City,Mads Hermansen,True,Goalkeeper,1,start,end,1.0,0.0,0.0,0.0,0.0,0.0,0.0,3.0,2.0,17.0,0.0,0.0,0.0,0.0,
ENG-Premier League,2425,2024-10-25 Leicester City-Nottingham Forest,Nottingham Forest,Matz Sels,False,Goalkeeper,1,start,end,1.0,0.0,0.0,0.0,0.0,0.0,0.0,1.0,0.0,10.0,0.0,0.0,0.0,0.0,
ENG-Premier League,2425,2024-10-26 Aston Villa-AFC Bournemouth,AFC Bournemouth,Mark Travers,False,Goalkeeper,1,start,end,1.0,0.0,0.0,0.0,0.0,0.0,0.0,1.0,7.0,17.0,0.0,0.0,0.0,0.0,
ENG-Premier League,2425,2024-10-26 Aston Villa-AFC Bournemouth,Aston Villa,Emiliano Martínez,True,Goalkeeper,1,start,end,1.0,0.0,0.0,0.0,0.0,0.0,0.0,1.0,2.0,11.0,0.0,0.0,0.0,0.0,
ENG-Premier League,2425,2024-10-26 Brentford-Ipswich Town,Brentford,Mark Flekken,True,Goalkeeper,1,start,end,1.0,0.0,0.0,0.0,0.0,0.0,0.0,3.0,2.0,9.0,0.0,0.0,0.0,0.0,
ENG-Premier League,2425,2024-10-26 Brentford-Ipswich Town,Ipswich Town,Arijanet Muric,False,Goalkeeper,1,start,end,1.0,0.0,0.0,0.0,0.0,0.0,0.0,4.0,6.0,16.0,0.0,0.0,0.0,0.0,
ENG-Premier League,2425,2024-10-26 Brighton & Hove Albion-Wolverhampton Wanderers,Brighton & Hove Albion,Bart Verbruggen,True,Goalkeeper,1,start,end,1.0,0.0,0.0,0.0,0.0,0.0,0.0,2.0,5.0,12.0,0.0,0.0,0.0,0.0,
ENG-Premier League,2425,2024-10-26 Brighton & Hove Albion-Wolverhampton Wanderers,Wolverhampton Wanderers,José Sá,False,Goalkeeper,1,start,end,1.0,0.0,0.0,0.0,0.0,0.0,0.0,2.0,4.0,16.0,0.0,0.0,0.0,0.0,
ENG-Premier League,2425,2024-10-26 Everton-Fulham,Everton,Jordan Pickford,True,Goalkeeper,1,start,end,1.0,0.0,0.0,0.0,0.0,0.0,0.0,1.0,2.0,13.0,0.0,0.0,0.0,0.0,
ENG-Premier League,2425,2024-10-26 Everton-Fulham,Fulham,Bernd Leno,False,Goalkeeper,1,start,end,1.0,0.0,0.0,0.0,0.0,0.0,0.0,1.0,4.0,9.0,0.0,0.0,0.0,0.0,
ENG-Premier League,2425,2024-10-26 Manchester City-Southampton,Manchester City,Ederson,True,Goalkeeper,1,start,end,1.0,0.0,0.0,0.0,0.0,0.0,0.0,0.0,2.0,5.0,0.0,0.0,0.0,0.0,
ENG-Premier League,2425,2024-10-26 Manchester City-Southampton,Southampton,Aaron Ramsdale,False,Goalkeeper,1,start,end,1.0,0.0,0.0,0.0,0.0,0.0,0.0,1.0,6.0,20.0,0.0,0.0,0.0,0.0,
ENG-Premier League,2425,2024-10-27 Arsenal-Liverpool,Arsenal,David Raya,True,Goalkeeper,1,start,end,1.0,0.0,1.0,0.0,0.0,0.0,1.0,2.0,2.0,6.0,0.0,0.0,0.0,0.0,
ENG-Premier League,2425,2024-10-27 Arsenal-Liverpool,Liverpool,Caoimhín Kelleher,False,Goalkeeper,1,start,end,1.0,0.0,0.0,0.0,0.0,0.0,0.0,2.0,1.0,5.0,0.0,0.0,0.0,0.0,
ENG-Premier League,2425,2024-10-27 Chelsea-Newcastle United,Chelsea,Robert Sánchez,True,Goalkeeper,1,start,end,1.0,0.0,0.0,0.0,0.0,0.0,1.0,1.0,1.0,10.0,0.0,0.0,0.0,0.0,
ENG-Premier League,2425,2024-10-27 Chelsea-Newcastle United,Newcastle United,Nick Pope,False,Goalkeeper,1,start,end,1.0,0.0,0.0,0.0,0.0,0.0,0.0,2.0,5.0,15.0,0.0,0.0,0.0,0.0,
ENG-Premier League,2425,2024-10-27 Crystal Palace-Tottenham Hotspur,Crystal Palace,Dean Henderson,True,Goalkeeper,1,start,end,1.0,0.0,0.0,0.0,0.0,0.0,0.0,0.0,3.0,10.0,0.0,0.0,0.0,0.0,
ENG-Premier League,2425,2024-10-27 Crystal Palace-Tottenham Hotspur,Tottenham Hotspur,Guglielmo Vicario,False,Goalkeeper,1,start,end,1.0,0.0,0.0,0.0,0.0,0.0,0.0,1.0,5.0,13.0,0.0,0.0,0.0,0.0,
ENG-Premier League,2425,2024-10-27 West Ham United-Manchester United,Manchester United,André Onana,False,Goalkeeper,1,start,end,1.0,0.0,0.0,0.0,0.0,0.0,0.0,2.0,1.0,10.0,0.0,0.0,0.0,0.0,
ENG-Premier League,2425,2024-10-27 West Ham United-Manchester United,West Ham United,Lukasz Fabianski,True,Goalkeeper,1,start,end,1.0,0.0,0.0,0.0,0.0,0.0,0.0,1.0,4.0,17.0,0.0,0.0,0.0,0.0,
ENG-Premier League,2425,2024-11-02 AFC Bournemouth-Manchester City,AFC Bournemouth,Mark Travers,True,Goalkeeper,1,start,end,1.0,0.0,0.0,0.0,0.0,0.0,0.0,1.0,3.0,18.0,0.0,0.0,0.0,0.0,
ENG-Premier League,2425,2024-11-02 AFC Bournemouth-Manchester City,Manchester City,Ederson,False,Goalkeeper,1,start,end,1.0,0.0,0.0,0.0,0.0,0.0,0.0,2.0,4.0,10.0,0.0,0.0,0.0,0.0,
ENG-Premier League,2425,2024-11-02 Ipswich Town-Leicester City,Ipswich Town,Arijanet Muric,True,Goalkeeper,1,start,end,1.0,0.0,0.0,0.0,0.0,0.0,1.0,1.0,4.0,19.0,0.0,0.0,0.0,0.0,
ENG-Premier League,2425,2024-11-02 Ipswich Town-Leicester City,Leicester City,Mads Hermansen,False,Goalkeeper,1,start,end,1.0,0.0,0.0,0.0,0.0,0.0,0.0,1.0,1.0,12.0,0.0,0.0,0.0,0.0,
ENG-Premier League,2425,2024-11-02 Liverpool-Brighton & Hove Albion,Brighton & Hove Albion,Bart Verbruggen,False,Goalkeeper,1,start,end,1.0,0.0,0.0,0.0,0.0,0.0,1.0,2.0,6.0,13.0,0.0,0.0,0.0,0.0,
ENG-Premier League,2425,2024-11-02 Liverpool-Brighton & Hove Albion,Liverpool,Caoimhín Kelleher,True,Goalkeeper,1,start,end,1.0,0.0,0.0,0.0,0.0,0.0,0.0,1.0,4.0,12.0,0.0,0.0,0.0,0.0,
ENG-Premier League,2425,2024-11-02 Newcastle United-Arsenal,Arsenal,David Raya,False,Goalkeeper,1,start,end,1.0,0.0,0.0,0.0,0.0,0.0,0.0,1.0,3.0,8.0,0.0,0.0,0.0,0.0,
ENG-Premier League,2425,2024-11-02 Newcastle United-Arsenal,Newcastle United,Nick Pope,True,Goalkeeper,1,start,end,1.0,0.0,0.0,0.0,0.0,0.0,1.0,0.0,0.0,9.0,0.0,0.0,0.0,0.0,
ENG-Premier League,2425,2024-11-02 Nottingham Forest-West Ham United,Nottingham Forest,Matz Sels,True,Goalkeeper,1,start,end,1.0,0.0,0.0,0.0,0.0,0.0,0.0,0.0,1.0,4.0,0.0,0.0,0.0,0.0,
ENG-Premier League,2425,2024-11-02 Nottingham Forest-West Ham United,West Ham United,Lukasz Fabianski,False,Goalkeeper,1,start,end,1.0,0.0,0.0,0.0,0.0,0.0,0.0,3.0,3.0,16.0,0.0,0.0,0.0,0.0,
ENG-Premier League,2425,2024-11-02 Southampton-Everton,Everton,Jordan Pickford,False,Goalkeeper,1,start,end,1.0,0.0,0.0,0.0,0.0,0.0,0.0,1.0,1.0,8.0,0.0,0.0,0.0,0.0,
ENG-Premier League,2425,2024-11-02 Southampton-Everton,Southampton,Aaron Ramsdale,True,Goalkeeper,1,start,end,1.0,0.0,0.0,0.0,0.0,0.0,0.0,0.0,5.0,16.0,0.0,0.0,0.0,0.0,
ENG-Premier League,2425,2024-11-02 Wolverhampton Wanderers-Crystal Palace,Crystal Palace,Dean Henderson,False,Goalkeeper,1,start,end,1.0,0.0,0.0,0.0,0.0,0.0,0.0,2.0,4.0,9.0,0.0,0.0,0.0,0.0,
ENG-Premier League,2425,2024-11-02 Wolverhampton Wanderers-Crystal Palace,Wolverhampton Wanderers,José Sá,True,Goalkeeper,1,start,end,1.0,0.0,1.0,0.0,0.0,0.0,0.0,2.0,4.0,16.0,0.0,0.0,0.0,0.0,
ENG-Premier League,2425,2024-11-03 Manchester United-Chelsea,Chelsea,Robert Sánchez,False,Goalkeeper,1,start,end,1.0,1.0,0.0,0.0,0.0,0.0,0.0,1.0,3.0,10.0,0.0,0.0,0.0,0.0,
ENG-Premier League,2425,2024-11-03 Manchester United-Chelsea,Manchester United,André Onana,True,Goalkeeper,1,start,end,1.0,0.0,1.0,0.0,0.0,0.0,0.0,1.0,2.0,10.0,0.0,0.0,0.0,0.0,
ENG-Premier League,2425,2024-11-03 Tottenham Hotspur-Aston Villa,Aston Villa,Emiliano Martínez,False,Goalkeeper,1,start,end,1.0,0.0,0.0,0.0,0.0,0.0,0.0,4.0,2.0,13.0,0.0,0.0,0.0,0.0,
ENG-Premier League,2425,2024-11-03 Tottenham Hotspur-Aston Villa,Tottenham Hotspur,Guglielmo Vicario,True,Goalkeeper,1,start,end,1.0,0.0,0.0,0.0,0.0,0.0,0.0,1.0,1.0,11.0,0.0,0.0,0.0,0.0,
ENG-Premier League,2425,2024-11-04 Fulham-Brentford,Brentford,Mark Flekken,False,Goalkeeper,1,start,end,1.0,0.0,1.0,0.0,0.0,0.0,0.0,2.0,10.0,25.0,0.0,0.0,0.0,0.0,
ENG-Premier League,2425,2024-11-04 Fulham-Brentford,Fulham,Bernd Leno,True,Goalkeeper,1,start,end,1.0,0.0,0.0,0.0,0.0,0.0,0.0,1.0,1.0,4.0,0.0,0.0,0.0,0.0,
ENG-Premier League,2425,2024-11-09 Brentford-AFC Bournemouth,AFC Bournemouth,Kepa Arrizabalaga,False,Goalkeeper,1,start,end,1.0,0.0,0.0,0.0,0.0,0.0,0.0,3.0,3.0,10.0,0.0,0.0,0.0,0.0,
ENG-Premier League,2425,2024-11-09 Brentford-AFC Bournemouth,Brentford,Mark Flekken,True,Goalkeeper,1,start,end,1.0,0.0,0.0,0.0,0.0,0.0,0.0,2.0,1.0,13.0,0.0,0.0,0.0,0.0,
ENG-Premier League,2425,2024-11-09 Brighton & Hove Albion-Manchester City,Brighton & Hove Albion,Bart Verbruggen,True,Goalkeeper,1,start,end,1.0,0.0,0.0,0.0,0.0,0.0,0.0,1.0,5.0,13.0,0.0,0.0,0.0,0.0,
ENG-Premier League,2425,2024-11-09 Brighton & Hove Albion-Manchester City,Manchester City,Ederson,False,Goalkeeper,1,start,end,1.0,0.0,0.0,0.0,0.0,0.0,0.0,2.0,2.0,8.0,0.0,0.0,0.0,0.0,
ENG-Premier League,2425,2024-11-09 Crystal Palace-Fulham,Crystal Palace,Dean Henderson,True,Goalkeeper,1,start,end,1.0,0.0,0.0,0.0,0.0,0.0,0.0,2.0,5.0,14.0,0.0,0.0,0.0,0.0,
ENG-Premier League,2425,2024-11-09 Crystal Palace-Fulham,Fulham,Bernd Leno,False,Goalkeeper,1,start,end,1.0,0.0,0.0,0.0,0.0,0.0,0.0,0.0,4.0,13.0,0.0,0.0,0.0,0.0,
ENG-Premier League,2425,2024-11-09 Liverpool-Aston Villa,Aston Villa,Emiliano Martínez,False,Goalkeeper,1,start,end,1.0,0.0,0.0,0.0,0.0,0.0,0.0,2.0,3.0,12.0,0.0,0.0,0.0,0.0,
ENG-Premier League,2425,2024-11-09 Liverpool-Aston Villa,Liverpool,Caoimhín Kelleher,True,Goalkeeper,1,start,end,1.0,0.0,0.0,0.0,0.0,0.0,0.0,0.0,2.0,12.0,0.0,0.0,0.0,0.0,
ENG-Premier League,2425,2024-11-09 West Ham United-Everton,Everton,Jordan Pickford,False,Goalkeeper,1,start,end,1.0,0.0,0.0,0.0,0.0,0.0,0.0,0.0,6.0,11.0,0.0,0.0,0.0,0.0,
ENG-Premier League,2425,2024-11-09 West Ham United-Everton,West Ham United,Lukasz Fabianski,True,Goalkeeper,1,start,end,1.0,0.0,0.0,0.0,0.0,0.0,0.0,0.0,4.0,18.0,0.0,0.0,0.0,0.0,
ENG-Premier League,2425,2024-11-09 Wolverhampton Wanderers-Southampton,Southampton,Aaron Ramsdale,False,Goalkeeper,1,start,end,1.0,0.0,1.0,0.0,0.0,0.0,1.0,2.0,2.0,6.0,0.0,0.0,0.0,0.0,
ENG-Premier League,2425,2024-11-09 Wolverhampton Wanderers-Southampton,Wolverhampton Wanderers,José Sá,True,Goalkeeper,1,start,end,1.0,0.0,0.0,0.0,0.0,0.0,0.0,0.0,0.0,11.0,0.0,0.0,0.0,0.0,
ENG-Premier League,2425,2024-11-10 Chelsea-Arsenal,Arsenal,David Raya,False,Goalkeeper,1,start,end,1.0,0.0,1.0,0.0,0.0,0.0,0.0,1.0,2.0,16.0,0.0,0.0,0.0,0.0,
ENG-Premier League,2425,2024-11-10 Chelsea-Arsenal,Chelsea,Robert Sánchez,True,Goalkeeper,1,start,end,1.0,0.0,0.0,0.0,0.0,0.0,0.0,1.0,2.0,12.0,0.0,0.0,0.0,0.0,
ENG-Premier League,2425,2024-11-10 Manchester United-Leicester City,Leicester City,Mads Hermansen,False,Goalkeeper,1,start,end,1.0,0.0,0.0,0.0,0.0,0.0,0.0,3.0,1.0,11.0,0.0,0.0,0.0,0.0,
ENG-Premier League,2425,2024-11-10 Manchester United-Leicester City,Manchester United,André Onana,True,Goalkeeper,1,start,end,1.0,0.0,0.0,0.0,0.0,0.0,0.0,0.0,5.0,6.0,0.0,0.0,0.0,0.0,
ENG-Premier League,2425,2024-11-10 Nottingham Forest-Newcastle United,Newcastle United,Nick Pope,False,Goalkeeper,1,start,end,1.0,0.0,0.0,0.0,0.0,0.0,0.0,1.0,2.0,9.0,0.0,0.0,0.0,0.0,
ENG-Premier League,2425,2024-11-10 Nottingham Forest-Newcastle United,Nottingham Forest,Matz Sels,True,Goalkeeper,1,start,end,1.0,0.0,0.0,0.0,0.0,0.0,0.0,3.0,3.0,14.0,0.0,0.0,0.0,0.0,
ENG-Premier League,2425,2024-11-10 Tottenham Hotspur-Ipswich Town,Ipswich Town,Arijanet Muric,False,Goalkeeper,1,start,end,1.0,0.0,0.0,0.0,0.0,0.0,0.0,1.0,6.0,16.0,0.0,0.0,0.0,0.0,
ENG-Premier League,2425,2024-11-10 Tottenham Hotspur-Ipswich Town,Tottenham Hotspur,Guglielmo Vicario,True,Goalkeeper,1,start,end,1.0,0.0,0.0,0.0,0.0,0.0,0.0,2.0,1.0,6.0,0.0,0.0,0.0,0.0,
ENG-Premier League,2425,2024-11-23 AFC Bournemouth-Brighton & Hove Albion,AFC Bournemouth,Kepa Arrizabalaga,True,Goalkeeper,1,start,end,1.0,0.0,0.0,0.0,0.0,0.0,0.0,2.0,2.0,4.0,0.0,0.0,0.0,0.0,
ENG-Premier League,2425,2024-11-23 AFC Bournemouth-Brighton & Hove Albion,Brighton & Hove Albion,Bart Verbruggen,False,Goalkeeper,1,start,end,1.0,0.0,0.0,0.0,0.0,0.0,0.0,1.0,4.0,16.0,0.0,0.0,0.0,0.0,
ENG-Premier League,2425,2024-11-23 Arsenal-Nottingham Forest,Arsenal,David Raya,True,Goalkeeper,1,start,end,1.0,0.0,0.0,0.0,0.0,0.0,0.0,0.0,0.0,6.0,0.0,0.0,0.0,0.0,
ENG-Premier League,2425,2024-11-23 Arsenal-Nottingham Forest,Nottingham Forest,Matz Sels,False,Goalkeeper,1,start,end,1.0,0.0,0.0,0.0,0.0,0.0,0.0,3.0,3.0,16.0,0.0,0.0,0.0,0.0,
ENG-Premier League,2425,2024-11-23 Aston Villa-Crystal Palace,Aston Villa,Emiliano Martínez,True,Goalkeeper,1,start,end,1.0,0.0,0.0,0.0,0.0,0.0,0.0,2.0,4.0,11.0,0.0,0.0,0.0,0.0,
ENG-Premier League,2425,2024-11-23 Aston Villa-Crystal Palace,Crystal Palace,Dean Henderson,False,Goalkeeper,1,start,end,1.0,0.0,0.0,0.0,0.0,0.0,0.0,2.0,2.0,15.0,0.0,0.0,0.0,0.0,
ENG-Premier League,2425,2024-11-23 Everton-Brentford,Brentford,Mark Flekken,False,Goalkeeper,1,start,end,1.0,0.0,1.0,0.0,0.0,0.0,0.0,0.0,5.0,26.0,0.0,0.0,0.0,0.0,
ENG-Premier League,2425,2024-11-23 Everton-Brentford,Everton,Jordan Pickford,True,Goalkeeper,1,start,end,1.0,0.0,1.0,0.0,0.0,0.0,0.0,0.0,2.0,9.0,0.0,0.0,0.0,0.0,
ENG-Premier League,2425,2024-11-23 Fulham-Wolverhampton Wanderers,Fulham,Bernd Leno,True,Goalkeeper,1,start,end,1.0,0.0,1.0,0.0,0.0,0.0,0.0,4.0,1.0,6.0,0.0,0.0,0.0,0.0,
ENG-Premier League,2425,2024-11-23 Fulham-Wolverhampton Wanderers,Wolverhampton Wanderers,José Sá,False,Goalkeeper,1,start,end,1.0,0.0,0.0,0.0,0.0,0.0,0.0,1.0,2.0,9.0,0.0,0.0,0.0,0.0,
ENG-Premier League,2425,2024-11-23 Leicester City-Chelsea,Chelsea,Robert Sánchez,False,Goalkeeper,1,start,end,1.0,0.0,0.0,0.0,0.0,0.0,1.0,1.0,0.0,3.0,0.0,0.0,0.0,0.0,
ENG-Premier League,2425,2024-11-23 Leicester City-Chelsea,Leicester City,Mads Hermansen,True,Goalkeeper,1,start,end,1.0,0.0,0.0,0.0,0.0,0.0,0.0,2.0,4.0,14.0,0.0,0.0,0.0,0.0,
ENG-Premier League,2425,2024-11-23 Manchester City-Tottenham Hotspur,Manchester City,Ederson,True,Goalkeeper,1,start,end,1.0,0.0,0.0,0.0,0.0,0.0,0.0,4.0,3.0,5.0,0.0,0.0,0.0,0.0,
ENG-Premier League,2425,2024-11-23 Manchester City-Tottenham Hotspur,Tottenham Hotspur,Guglielmo Vicario,False,Goalkeeper,1,start,end,1.0,0.0,1.0,0.0,0.0,0.0,0.0,0.0,5.0,23.0,0.0,0.0,0.0,0.0,
ENG-Premier League,2425,2024-11-24 Ipswich Town-Manchester United,Ipswich Town,Arijanet Muric,True,Goalkeeper,1,start,end,1.0,0.0,1.0,0.0,0.0,0.0,0.0,1.0,3.0,10.0,0.0,0.0,0.0,0.0,
ENG-Premier League,2425,2024-11-24 Ipswich Town-Manchester United,Manchester United,André Onana,False,Goalkeeper,1,start,end,1.0,0.0,0.0,0.0,0.0,0.0,0.0,1.0,5.0,10.0,0.0,0.0,0.0,0.0,
ENG-Premier League,2425,2024-11-24 Southampton-Liverpool,Liverpool,Caoimhín Kelleher,False,Goalkeeper,1,start,end,1.0,0.0,1.0,0.0,0.0,0.0,0.0,2.0,2.0,5.0,0.0,0.0,0.0,0.0,
ENG-Premier League,2425,2024-11-24 Southampton-Liverpool,Southampton,Alex McCarthy,True,Goalkeeper,1,start,end,1.0,0.0,0.0,0.0,0.0,0.0,0.0,3.0,8.0,23.0,0.0,0.0,0.0,0.0,
ENG-Premier League,2425,2024-11-25 Newcastle United-West Ham United,Newcastle United,Nick Pope,True,Goalkeeper,1,start,end,1.0,0.0,0.0,0.0,0.0,0.0,0.0,2.0,4.0,12.0,0.0,0.0,0.0,0.0,
ENG-Premier League,2425,2024-11-25 Newcastle United-West Ham United,West Ham United,Lukasz Fabianski,False,Goalkeeper,1,start,end,1.0,0.0,0.0,0.0,0.0,0.0,0.0,0.0,2.0,18.0,0.0,0.0,0.0,0.0,
ENG-Premier League,2425,2024-11-29 Brighton & Hove Albion-Southampton,Brighton & Hove Albion,Bart Verbruggen,True,Goalkeeper,1,start,end,1.0,0.0,0.0,0.0,0.0,0.0,0.0,1.0,1.0,8.0,0.0,0.0,0.0,0.0,
ENG-Premier League,2425,2024-11-29 Brighton & Hove Albion-Southampton,Southampton,Joe Lumley,False,Goalkeeper,1,start,end,1.0,0.0,0.0,0.0,0.0,0.0,0.0,1.0,4.0,20.0,0.0,0.0,0.0,0.0,
ENG-Premier League,2425,2024-11-30 Brentford-Leicester City,Brentford,Mark Flekken,True,Goalkeeper,1,start,end,1.0,0.0,0.0,0.0,0.0,0.0,0.0,1.0,2.0,7.0,0.0,0.0,0.0,0.0,
ENG-Premier League,2425,2024-11-30 Brentford-Leicester City,Leicester City,Mads Hermansen,False,Goalkeeper,1,start,end,1.0,0.0,0.0,0.0,0.0,0.0,0.0,4.0,2.0,8.0,0.0,0.0,0.0,0.0,
ENG-Premier League,2425,2024-11-30 Crystal Palace-Newcastle United,Crystal Palace,Dean Henderson,True,Goalkeeper,1,start,end,1.0,0.0,0.0,0.0,0.0,0.0,0.0,1.0,0.0,1.0,0.0,0.0,0.0,0.0,
ENG-Premier League,2425,2024-11-30 Crystal Palace-Newcastle United,Newcastle United,Nick Pope,False,Goalkeeper,1,start,end,1.0,0.0,0.0,0.0,0.0,0.0,0.0,1.0,2.0,15.0,0.0,0.0,0.0,0.0,
ENG-Premier League,2425,2024-11-30 Nottingham Forest-Ipswich Town,Ipswich Town,Arijanet Muric,False,Goalkeeper,1,start,end,1.0,0.0,0.0,0.0,0.0,0.0,0.0,1.0,4.0,11.0,0.0,0.0,0.0,0.0,
ENG-Premier League,2425,2024-11-30 Nottingham Forest-Ipswich Town,Nottingham Forest,Matz Sels,True,Goalkeeper,1,start,end,1.0,0.0,0.0,0.0,0.0,0.0,0.0,0.0,2.0,7.0,0.0,0.0,0.0,0.0,
ENG-Premier League,2425,2024-11-30 West Ham United-Arsenal,Arsenal,David Raya,False,Goalkeeper,1,start,end,1.0,0.0,0.0,0.0,0.0,0.0,0.0,2.0,3.0,11.0,0.0,0.0,0.0,0.0,
ENG-Premier League,2425,2024-11-30 West Ham United-Arsenal,West Ham United,Lukasz Fabianski,True,Goalkeeper,1,start,end,1.0,1.0,0.0,0.0,0.0,0.0,1.0,5.0,2.0,10.0,0.0,0.0,0.0,0.0,
ENG-Premier League,2425,2024-11-30 Wolverhampton Wanderers-AFC Bournemouth,AFC Bournemouth,Kepa Arrizabalaga,False,Goalkeeper,1,start,end,1.0,0.0,0.0,0.0,0.0,0.0,0.0,2.0,1.0,7.0,0.0,0.0,0.0,0.0,
ENG-Premier League,2425,2024-11-30 Wolverhampton Wanderers-AFC Bournemouth,Wolverhampton Wanderers,José Sá,True,Goalkeeper,1,start,end,1.0,2.0,0.0,0.0,0.0,0.0,1.0,4.0,4.0,9.0,0.0,0.0,0.0,0.0,
ENG-Premier League,2425,2024-12-01 Chelsea-Aston Villa,Aston Villa,Emiliano Martínez,False,Goalkeeper,1,start,45,1.0,1.0,1.0,0.0,0.0,0.0,0.0,2.0,4.0,7.0,0.0,0.0,0.0,0.0,
ENG-Premier League,2425,2024-12-01 Chelsea-Aston Villa,Chelsea,Robert Sánchez,True,Goalkeeper,1,start,end,1.0,0.0,0.0,0.0,0.0,0.0,0.0,0.0,3.0,10.0,0.0,0.0,0.0,0.0,
ENG-Premier League,2425,2024-12-01 Liverpool-Manchester City,Liverpool,Caoimhín Kelleher,True,Goalkeeper,1,start,end,1.0,0.0,0.0,0.0,0.0,0.0,0.0,0.0,3.0,8.0,0.0,0.0,0.0,0.0,
ENG-Premier League,2425,2024-12-01 Liverpool-Manchester City,Manchester City,Stefan Ortega,False,Goalkeeper,1,start,end,1.0,1.0,0.0,0.0,0.0,0.0,0.0,2.0,5.0,16.0,0.0,0.0,0.0,0.0,
ENG-Premier League,2425,2024-12-01 Manchester United-Everton,Everton,Jordan Pickford,False,Goalkeeper,1,start,end,1.0,0.0,0.0,0.0,0.0,0.0,0.0,4.0,1.0,6.0,0.0,0.0,0.0,0.0,
ENG-Premier League,2425,2024-12-01 Manchester United-Everton,Manchester United,André Onana,True,Goalkeeper,1,start,end,1.0,0.0,0.0,0.0,0.0,0.0,0.0,0.0,2.0,8.0,0.0,0.0,0.0,0.0,
ENG-Premier League,2425,2024-12-01 Tottenham Hotspur-Fulham,Fulham,Bernd Leno,False,Goalkeeper,1,start,end,1.0,0.0,0.0,0.0,0.0,0.0,0.0,1.0,2.0,6.0,0.0,0.0,0.0,0.0,
ENG-Premier League,2425,2024-12-01 Tottenham Hotspur-Fulham,Tottenham Hotspur,Fraser Forster,True,Goalkeeper,1,start,end,1.0,0.0,0.0,0.0,0.0,0.0,0.0,1.0,5.0,13.0,0.0,0.0,0.0,0.0,
ENG-Premier League,2425,2024-12-03 Ipswich Town-Crystal Palace,Crystal Palace,Dean Henderson,False,Goalkeeper,1,start,end,1.0,0.0,0.0,0.0,0.0,0.0,0.0,0.0,2.0,9.0,0.0,0.0,0.0,0.0,
ENG-Premier League,2425,2024-12-03 Ipswich Town-Crystal Palace,Ipswich Town,Arijanet Muric,True,Goalkeeper,1,start,end,1.0,0.0,0.0,0.0,0.0,0.0,0.0,1.0,2.0,12.0,0.0,0.0,0.0,0.0,
ENG-Premier League,2425,2024-12-03 Leicester City-West Ham United,Leicester City,Mads Hermansen,True,Goalkeeper,1,start,end,1.0,0.0,1.0,0.0,0.0,0.0,0.0,1.0,7.0,30.0,0.0,0.0,0.0,0.0,
ENG-Premier League,2425,2024-12-03 Leicester City-West Ham United,West Ham United,Lukasz Fabianski,False,Goalkeeper,1,start,end,1.0,0.0,0.0,0.0,0.0,0.0,0.0,3.0,3.0,5.0,0.0,0.0,0.0,0.0,
ENG-Premier League,2425,2024-12-04 Arsenal-Manchester United,Arsenal,David Raya,True,Goalkeeper,1,start,end,1.0,0.0,0.0,0.0,0.0,0.0,0.0,0.0,2.0,5.0,0.0,0.0,0.0,0.0,
ENG-Premier League,2425,2024-12-04 Arsenal-Manchester United,Manchester United,André Onana,False,Goalkeeper,1,start,end,1.0,0.0,1.0,0.0,0.0,0.0,0.0,2.0,4.0,14.0,0.0,0.0,0.0,0.0,
ENG-Premier League,2425,2024-12-04 Aston Villa-Brentford,Aston Villa,Emiliano Martínez,True,Goalkeeper,1,start,end,1.0,0.0,0.0,0.0,0.0,0.0,0.0,1.0,0.0,9.0,0.0,0.0,0.0,0.0,
ENG-Premier League,2425,2024-12-04 Aston Villa-Brentford,Brentford,Mark Flekken,False,Goalkeeper,1,start,end,1.0,0.0,0.0,0.0,0.0,0.0,0.0,3.0,8.0,17.0,0.0,0.0,0.0,0.0,
ENG-Premier League,2425,2024-12-04 Everton-Wolverhampton Wanderers,Everton,Jordan Pickford,True,Goalkeeper,1,start,end,1.0,0.0,0.0,0.0,0.0,0.0,0.0,0.0,2.0,6.0,0.0,0.0,0.0,0.0,
ENG-Premier League,2425,2024-12-04 Everton-Wolverhampton Wanderers,Wolverhampton Wanderers,José Sá,False,Goalkeeper,1,start,end,1.0,0.0,1.0,0.0,0.0,0.0,0.0,4.0,2.0,11.0,0.0,0.0,0.0,0.0,
ENG-Premier League,2425,2024-12-04 Manchester City-Nottingham Forest,Manchester City,Stefan Ortega,True,Goalkeeper,1,start,end,1.0,0.0,0.0,0.0,0.0,0.0,0.0,0.0,4.0,12.0,0.0,0.0,0.0,0.0,
ENG-Premier League,2425,2024-12-04 Manchester City-Nottingham Forest,Nottingham Forest,Matz Sels,False,Goalkeeper,1,start,end,1.0,0.0,1.0,0.0,0.0,0.0,0.0,3.0,3.0,15.0,0.0,0.0,0.0,0.0,
ENG-Premier League,2425,2024-12-04 Newcastle United-Liverpool,Liverpool,Caoimhín Kelleher,False,Goalkeeper,1,start,end,1.0,0.0,0.0,0.0,0.0,0.0,0.0,3.0,3.0,15.0,0.0,0.0,0.0,0.0,
ENG-Premier League,2425,2024-12-04 Newcastle United-Liverpool,Newcastle United,Nick Pope,True,Goalkeeper,1,start,end,1.0,0.0,0.0,0.0,0.0,0.0,1.0,3.0,2.0,13.0,0.0,0.0,0.0,0.0,
ENG-Premier League,2425,2024-12-04 Southampton-Chelsea,Chelsea,Filip Jørgensen,False,Goalkeeper,1,start,end,1.0,0.0,0.0,0.0,0.0,0.0,0.0,1.0,3.0,5.0,0.0,0.0,0.0,0.0,
ENG-Premier League,2425,2024-12-04 Southampton-Chelsea,Southampton,Joe Lumley,True,Goalkeeper,1,start,end,1.0,0.0,0.0,0.0,0.0,0.0,0.0,5.0,6.0,22.0,0.0,0.0,0.0,0.0,
ENG-Premier League,2425,2024-12-05 AFC Bournemouth-Tottenham Hotspur,AFC Bournemouth,Kepa Arrizabalaga,True,Goalkeeper,1,start,end,1.0,0.0,0.0,0.0,0.0,0.0,1.0,0.0,4.0,12.0,0.0,0.0,0.0,0.0,
ENG-Premier League,2425,2024-12-05 AFC Bournemouth-Tottenham Hotspur,Tottenham Hotspur,Fraser Forster,False,Goalkeeper,1,start,end,1.0,0.0,0.0,0.0,0.0,0.0,0.0,1.0,7.0,20.0,0.0,0.0,0.0,0.0,
ENG-Premier League,2425,2024-12-05 Fulham-Brighton & Hove Albion,Brighton & Hove Albion,Bart Verbruggen,False,Goalkeeper,1,start,end,1.0,0.0,0.0,0.0,0.0,0.0,0.0,3.0,0.0,4.0,0.0,0.0,0.0,0.0,
ENG-Premier League,2425,2024-12-05 Fulham-Brighton & Hove Albion,Fulham,Bernd Leno,True,Goalkeeper,1,start,end,1.0,0.0,0.0,0.0,0.0,0.0,0.0,1.0,2.0,12.0,0.0,0.0,0.0,0.0,
ENG-Premier League,2425,2024-12-07 Aston Villa-Southampton,Aston Villa,Emiliano Martínez,True,Goalkeeper,1,start,end,1.0,0.0,0.0,0.0,0.0,0.0,0.0,0.0,0.0,4.0,0.0,0.0,0.0,0.0,
ENG-Premier League,2425,2024-12-07 Aston Villa-Southampton,Southampton,Joe Lumley,False,Goalkeeper,1,start,end,1.0,0.0,0.0,0.0,0.0,0.0,0.0,1.0,3.0,17.0,0.0,0.0,0.0,0.0,
ENG-Premier League,2425,2024-12-07 Brentford-Newcastle United,Brentford,Mark Flekken,True,Goalkeeper,1,start,end,1.0,0.0,0.0,0.0,0.0,0.0,1.0,2.0,2.0,14.0,1.0,0.0,0.0,0.0,
ENG-Premier League,2425,2024-12-07 Brentford-Newcastle United,Newcastle United,Nick Pope,False,Goalkeeper,1,start,end,1.0,0.0,0.0,0.0,0.0,0.0,0.0,4.0,4.0,7.0,0.0,0.0,0.0,0.0,
ENG-Premier League,2425,2024-12-07 Crystal Palace-Manchester City,Crystal Palace,Dean Henderson,True,Goalkeeper,1,start,end,1.0,0.0,0.0,0.0,0.0,0.0,0.0,2.0,2.0,10.0,0.0,0.0,0.0,0.0,
ENG-Premier League,2425,2024-12-07 Crystal Palace-Manchester City,Manchester City,Stefan Ortega,False,Goalkeeper,1,start,end,1.0,0.0,0.0,0.0,0.0,0.0,0.0,2.0,1.0,10.0,0.0,0.0,0.0,0.0,
ENG-Premier League,2425,2024-12-07 Manchester United-Nottingham Forest,Manchester United,André Onana,True,Goalkeeper,1,start,end,1.0,0.0,0.0,0.0,0.0,0.0,0.0,3.0,0.0,8.0,0.0,0.0,0.0,0.0,
ENG-Premier League,2425,2024-12-07 Manchester United-Nottingham Forest,Nottingham Forest,Matz Sels,False,Goalkeeper,1,start,end,1.0,0.0,0.0,0.0,0.0,0.0,0.0,2.0,5.0,16.0,0.0,0.0,0.0,0.0,
ENG-Premier League,2425,2024-12-08 Fulham-Arsenal,Arsenal,David Raya,False,Goalkeeper,1,start,end,1.0,0.0,0.0,0.0,0.0,0.0,0.0,1.0,1.0,1.0,0.0,0.0,0.0,0.0,
ENG-Premier League,2425,2024-12-08 Fulham-Arsenal,Fulham,Bernd Leno,True,Goalkeeper,1,start,end,1.0,0.0,0.0,0.0,0.0,0.0,0.0,1.0,3.0,11.0,0.0,0.0,0.0,0.0,
ENG-Premier League,2425,2024-12-08 Ipswich Town-AFC Bournemouth,AFC Bournemouth,Kepa Arrizabalaga,False,Goalkeeper,1,start,end,1.0,0.0,1.0,0.0,0.0,0.0,0.0,1.0,4.0,16.0,0.0,0.0,0.0,0.0,
ENG-Premier League,2425,2024-12-08 Ipswich Town-AFC Bournemouth,Ipswich Town,Arijanet Muric,True,Goalkeeper,1,start,end,1.0,0.0,2.0,0.0,0.0,0.0,0.0,2.0,4.0,21.0,0.0,0.0,0.0,0.0,
ENG-Premier League,2425,2024-12-08 Leicester City-Brighton & Hove Albion,Brighton & Hove Albion,Bart Verbruggen,False,Goalkeeper,1,start,end,1.0,0.0,0.0,0.0,0.0,0.0,0.0,2.0,1.0,8.0,0.0,0.0,0.0,0.0,
ENG-Premier League,2425,2024-12-08 Leicester City-Brighton & Hove Albion,Leicester City,Mads Hermansen,True,Goalkeeper,1,start,end,1.0,0.0,1.0,0.0,0.0,0.0,0.0,2.0,5.0,14.0,0.0,0.0,0.0,0.0,
ENG-Premier League,2425,2024-12-08 Tottenham Hotspur-Chelsea,Chelsea,Robert Sánchez,False,Goalkeeper,1,start,end,1.0,0.0,0.0,0.0,0.0,0.0,1.0,3.0,2.0,10.0,0.0,0.0,0.0,0.0,
ENG-Premier League,2425,2024-12-08 Tottenham Hotspur-Chelsea,Tottenham Hotspur,Fraser Forster,True,Goalkeeper,1,start,end,1.0,0.0,0.0,0.0,0.0,0.0,0.0,4.0,4.0,13.0,0.0,0.0,0.0,0.0,
ENG-Premier League,2425,2024-12-09 West Ham United-Wolverhampton Wanderers,West Ham United,Lukasz Fabianski,True,Goalkeeper,1,start,end,1.0,0.0,0.0,0.0,0.0,0.0,1.0,1.0,4.0,18.0,0.0,0.0,0.0,0.0,
ENG-Premier League,2425,2024-12-09 West Ham United-Wolverhampton Wanderers,Wolverhampton Wanderers,Sam Johnstone,False,Goalkeeper,1,start,end,1.0,0.0,0.0,0.0,0.0,0.0,0.0,2.0,2.0,15.0,0.0,0.0,0.0,0.0,
ENG-Premier League,2425,2024-12-14 Arsenal-Everton,Arsenal,David Raya,True,Goalkeeper,1,start,end,1.0,0.0,0.0,0.0,0.0,0.0,0.0,0.0,0.0,2.0,0.0,0.0,0.0,0.0,
ENG-Premier League,2425,2024-12-14 Arsenal-Everton,Everton,Jordan Pickford,False,Goalkeeper,1,start,end,1.0,0.0,0.0,0.0,0.0,0.0,1.0,0.0,5.0,12.0,0.0,0.0,0.0,0.0,
ENG-Premier League,2425,2024-12-14 Liverpool-Fulham,Fulham,Bernd Leno,False,Goalkeeper,1,start,end,1.0,0.0,0.0,0.0,0.0,0.0,0.0,2.0,3.0,14.0,0.0,0.0,0.0,0.0,
ENG-Premier League,2425,2024-12-14 Liverpool-Fulham,Liverpool,Alisson Becker,True,Goalkeeper,1,start,end,1.0,0.0,0.0,0.0,0.0,0.0,0.0,2.0,1.0,12.0,0.0,0.0,0.0,0.0,
ENG-Premier League,2425,2024-12-14 Newcastle United-Leicester City,Leicester City,Mads Hermansen,False,Goalkeeper,1,start,45,1.0,0.0,0.0,0.0,0.0,0.0,0.0,1.0,4.0,13.0,0.0,0.0,0.0,0.0,
ENG-Premier League,2425,2024-12-14 Newcastle United-Leicester City,Newcastle United,Martin Dúbravka,True,Goalkeeper,1,start,end,1.0,0.0,0.0,0.0,0.0,0.0,0.0,0.0,1.0,4.0,0.0,0.0,0.0,0.0,
ENG-Premier League,2425,2024-12-14 Nottingham Forest-Aston Villa,Aston Villa,Emiliano Martínez,False,Goalkeeper,1,start,end,1.0,0.0,0.0,0.0,0.0,0.0,0.0,2.0,4.0,15.0,0.0,0.0,0.0,0.0,
ENG-Premier League,2425,2024-12-14 Nottingham Forest-Aston Villa,Nottingham Forest,Matz Sels,True,Goalkeeper,1,start,end,1.0,0.0,2.0,0.0,0.0,0.0,0.0,1.0,1.0,7.0,0.0,0.0,0.0,0.0,
ENG-Premier League,2425,2024-12-14 Wolverhampton Wanderers-Ipswich Town,Ipswich Town,Arijanet Muric,False,Goalkeeper,1,start,end,1.0,0.0,0.0,0.0,0.0,0.0,0.0,1.0,5.0,15.0,0.0,0.0,0.0,0.0,
ENG-Premier League,2425,2024-12-14 Wolverhampton Wanderers-Ipswich Town,Wolverhampton Wanderers,Sam Johnstone,True,Goalkeeper,1,start,end,1.0,0.0,0.0,0.0,0.0,0.0,0.0,2.0,2.0,9.0,0.0,0.0,0.0,0.0,
ENG-Premier League,2425,2024-12-15 Brighton & Hove Albion-Crystal Palace,Brighton & Hove Albion,Bart Verbruggen,True,Goalkeeper,1,start,end,1.0,0.0,0.0,0.0,0.0,0.0,0.0,3.0,2.0,10.0,0.0,0.0,0.0,0.0,
ENG-Premier League,2425,2024-12-15 Brighton & Hove Albion-Crystal Palace,Crystal Palace,Dean Henderson,False,Goalkeeper,1,start,end,1.0,0.0,0.0,0.0,0.0,0.0,1.0,1.0,5.0,17.0,0.0,0.0,0.0,0.0,
ENG-Premier League,2425,2024-12-15 Chelsea-Brentford,Brentford,Mark Flekken,False,Goalkeeper,1,start,end,1.0,0.0,0.0,0.0,0.0,0.0,0.0,2.0,6.0,24.0,0.0,0.0,0.0,0.0,
ENG-Premier League,2425,2024-12-15 Chelsea-Brentford,Chelsea,Robert Sánchez,True,Goalkeeper,1,start,end,1.0,0.0,1.0,0.0,0.0,0.0,0.0,1.0,3.0,8.0,0.0,0.0,0.0,0.0,
ENG-Premier League,2425,2024-12-15 Manchester City-Manchester United,Manchester City,Ederson,True,Goalkeeper,1,start,end,1.0,0.0,0.0,0.0,0.0,0.0,0.0,2.0,1.0,8.0,0.0,0.0,0.0,0.0,
ENG-Premier League,2425,2024-12-15 Manchester City-Manchester United,Manchester United,André Onana,False,Goalkeeper,1,start,end,1.0,0.0,0.0,0.0,0.0,0.0,0.0,1.0,2.0,9.0,0.0,0.0,0.0,0.0,
ENG-Premier League,2425,2024-12-15 Southampton-Tottenham Hotspur,Southampton,Alex McCarthy,True,Goalkeeper,1,start,end,1.0,0.0,0.0,0.0,0.0,0.0,0.0,5.0,4.0,13.0,0.0,0.0,0.0,0.0,
ENG-Premier League,2425,2024-12-15 Southampton-Tottenham Hotspur,Tottenham Hotspur,Fraser Forster,False,Goalkeeper,1,start,end,1.0,0.0,0.0,0.0,0.0,0.0,0.0,0.0,4.0,8.0,0.0,0.0,0.0,0.0,
ENG-Premier League,2425,2024-12-16 AFC Bournemouth-West Ham United,AFC Bournemouth,Kepa Arrizabalaga,True,Goalkeeper,1,start,end,1.0,0.0,0.0,0.0,0.0,0.0,0.0,1.0,2.0,14.0,0.0,0.0,0.0,0.0,
ENG-Premier League,2425,2024-12-16 AFC Bournemouth-West Ham United,West Ham United,Lukasz Fabianski,False,Goalkeeper,1,start,end,1.0,0.0,0.0,0.0,0.0,0.0,0.0,1.0,8.0,27.0,0.0,0.0,0.0,0.0,
ENG-Premier League,2425,2024-12-21 Aston Villa-Manchester City,Aston Villa,Emiliano Martínez,True,Goalkeeper,1,start,end,1.0,0.0,0.0,0.0,0.0,0.0,1.0,1.0,5.0,11.0,0.0,0.0,0.0,0.0,
ENG-Premier League,2425,2024-12-21 Aston Villa-Manchester City,Manchester City,Stefan Ortega,False,Goalkeeper,1,start,end,1.0,0.0,0.0,0.0,0.0,0.0,0.0,2.0,4.0,9.0,0.0,0.0,0.0,0.0,
ENG-Premier League,2425,2024-12-21 Brentford-Nottingham Forest,Brentford,Mark Flekken,True,Goalkeeper,1,start,end,1.0,0.0,0.0,0.0,0.0,0.0,0.0,2.0,4.0,8.0,0.0,0.0,0.0,0.0,
ENG-Premier League,2425,2024-12-21 Brentford-Nottingham Forest,Nottingham Forest,Matz Sels,False,Goalkeeper,1,start,end,1.0,0.0,1.0,0.0,0.0,0.0,0.0,0.0,3.0,7.0,0.0,0.0,0.0,0.0,
ENG-Premier League,2425,2024-12-21 Crystal Palace-Arsenal,Arsenal,David Raya,False,Goalkeeper,1,start,end,1.0,0.0,0.0,0.0,0.0,0.0,0.0,1.0,5.0,14.0,0.0,0.0,0.0,0.0,
ENG-Premier League,2425,2024-12-21 Crystal Palace-Arsenal,Crystal Palace,Dean Henderson,True,Goalkeeper,1,start,end,1.0,0.0,0.0,0.0,0.0,0.0,0.0,5.0,1.0,9.0,0.0,0.0,0.0,0.0,
ENG-Premier League,2425,2024-12-21 Ipswich Town-Newcastle United,Ipswich Town,Arijanet Muric,True,Goalkeeper,1,start,end,1.0,0.0,0.0,0.0,0.0,0.0,0.0,4.0,3.0,11.0,0.0,0.0,0.0,0.0,
ENG-Premier League,2425,2024-12-21 Ipswich Town-Newcastle United,Newcastle United,Martin Dúbravka,False,Goalkeeper,1,start,end,1.0,0.0,0.0,0.0,0.0,0.0,0.0,0.0,2.0,10.0,0.0,0.0,0.0,0.0,
ENG-Premier League,2425,2024-12-21 West Ham United-Brighton & Hove Albion,Brighton & Hove Albion,Bart Verbruggen,False,Goalkeeper,1,start,end,1.0,0.0,0.0,0.0,0.0,0.0,0.0,1.0,3.0,10.0,0.0,0.0,0.0,0.0,
ENG-Premier League,2425,2024-12-21 West Ham United-Brighton & Hove Albion,West Ham United,Lukasz Fabianski,True,Goalkeeper,1,start,end,1.0,0.0,0.0,0.0,0.0,0.0,0.0,1.0,5.0,10.0,0.0,0.0,0.0,0.0,
ENG-Premier League,2425,2024-12-22 Everton-Chelsea,Chelsea,Robert Sánchez,False,Goalkeeper,1,start,end,1.0,0.0,0.0,0.0,0.0,0.0,0.0,0.0,4.0,5.0,0.0,0.0,0.0,0.0,
ENG-Premier League,2425,2024-12-22 Everton-Chelsea,Everton,Jordan Pickford,True,Goalkeeper,1,start,end,1.0,0.0,0.0,0.0,0.0,0.0,1.0,0.0,4.0,12.0,0.0,0.0,0.0,0.0,
ENG-Premier League,2425,2024-12-22 Fulham-Southampton,Fulham,Bernd Leno,True,Goalkeeper,1,start,end,1.0,0.0,0.0,0.0,0.0,0.0,0.0,0.0,1.0,5.0,0.0,0.0,0.0,0.0,
ENG-Premier League,2425,2024-12-22 Fulham-Southampton,Southampton,Aaron Ramsdale,False,Goalkeeper,1,start,end,1.0,0.0,0.0,0.0,0.0,0.0,0.0,0.0,5.0,16.0,0.0,0.0,0.0,0.0,
ENG-Premier League,2425,2024-12-22 Leicester City-Wolverhampton Wanderers,Leicester City,Danny Ward,True,Goalkeeper,1,start,end,1.0,0.0,0.0,0.0,0.0,0.0,0.0,3.0,1.0,5.0,0.0,0.0,0.0,0.0,
ENG-Premier League,2425,2024-12-22 Leicester City-Wolverhampton Wanderers,Wolverhampton Wanderers,José Sá,False,Goalkeeper,1,start,end,1.0,0.0,1.0,0.0,0.0,0.0,0.0,0.0,4.0,8.0,0.0,0.0,0.0,0.0,
ENG-Premier League,2425,2024-12-22 Manchester United-AFC Bournemouth,AFC Bournemouth,Kepa Arrizabalaga,False,Goalkeeper,1,start,end,1.0,0.0,0.0,0.0,0.0,0.0,1.0,0.0,7.0,22.0,0.0,0.0,0.0,0.0,
ENG-Premier League,2425,2024-12-22 Manchester United-AFC Bournemouth,Manchester United,André Onana,True,Goalkeeper,1,start,end,1.0,0.0,0.0,0.0,0.0,0.0,0.0,3.0,2.0,7.0,0.0,0.0,0.0,0.0,
ENG-Premier League,2425,2024-12-22 Tottenham Hotspur-Liverpool,Liverpool,Alisson Becker,False,Goalkeeper,1,start,end,1.0,0.0,0.0,0.0,0.0,0.0,0.0,3.0,2.0,6.0,0.0,0.0,0.0,0.0,
ENG-Premier League,2425,2024-12-22 Tottenham Hotspur-Liverpool,Tottenham Hotspur,Fraser Forster,True,Goalkeeper,1,start,end,1.0,0.0,0.0,0.0,0.0,0.0,0.0,6.0,6.0,15.0,0.0,0.0,0.0,0.0,
ENG-Premier League,2425,2024-12-26 AFC Bournemouth-Crystal Palace,AFC Bournemouth,Kepa Arrizabalaga,True,Goalkeeper,1,start,end,1.0,0.0,0.0,0.0,0.0,0.0,0.0,0.0,4.0,9.0,0.0,0.0,0.0,0.0,
ENG-Premier League,2425,2024-12-26 AFC Bournemouth-Crystal Palace,Crystal Palace,Dean Henderson,False,Goalkeeper,1,start,end,1.0,0.0,0.0,0.0,0.0,0.0,0.0,0.0,3.0,19.0,0.0,0.0,0.0,0.0,
ENG-Premier League,2425,2024-12-26 Chelsea-Fulham,Chelsea,Robert Sánchez,True,Goalkeeper,1,start,end,1.0,0.0,0.0,0.0,0.0,0.0,0.0,2.0,5.0,12.0,0.0,0.0,0.0,0.0,
ENG-Premier League,2425,2024-12-26 Chelsea-Fulham,Fulham,Bernd Leno,False,Goalkeeper,1,start,end,1.0,0.0,0.0,0.0,0.0,0.0,0.0,1.0,7.0,11.0,0.0,0.0,0.0,0.0,
ENG-Premier League,2425,2024-12-26 Liverpool-Leicester City,Leicester City,Jakub Stolarczyk,False,Goalkeeper,1,start,end,1.0,0.0,0.0,0.0,0.0,0.0,0.0,3.0,4.0,16.0,0.0,0.0,0.0,0.0,
ENG-Premier League,2425,2024-12-26 Liverpool-Leicester City,Liverpool,Alisson Becker,True,Goalkeeper,1,start,end,1.0,0.0,0.0,0.0,0.0,0.0,0.0,1.0,0.0,3.0,0.0,0.0,0.0,0.0,
ENG-Premier League,2425,2024-12-26 Manchester City-Everton,Everton,Jordan Pickford,False,Goalkeeper,1,start,end,1.0,0.0,0.0,0.0,0.0,0.0,0.0,1.0,3.0,22.0,0.0,0.0,0.0,0.0,
ENG-Premier League,2425,2024-12-26 Manchester City-Everton,Manchester City,Stefan Ortega,True,Goalkeeper,1,start,end,1.0,0.0,0.0,0.0,0.0,0.0,0.0,1.0,2.0,6.0,0.0,0.0,0.0,0.0,
ENG-Premier League,2425,2024-12-26 Newcastle United-Aston Villa,Aston Villa,Emiliano Martínez,False,Goalkeeper,1,start,end,1.0,0.0,0.0,0.0,0.0,0.0,0.0,3.0,4.0,18.0,0.0,0.0,0.0,0.0,
ENG-Premier League,2425,2024-12-26 Newcastle United-Aston Villa,Newcastle United,Martin Dúbravka,True,Goalkeeper,1,start,end,1.0,0.0,0.0,0.0,0.0,0.0,0.0,0.0,1.0,4.0,0.0,0.0,0.0,0.0,
ENG-Premier League,2425,2024-12-26 Nottingham Forest-Tottenham Hotspur,Nottingham Forest,Matz Sels,True,Goalkeeper,1,start,end,1.0,0.0,0.0,0.0,0.0,0.0,0.0,0.0,4.0,12.0,0.0,0.0,0.0,0.0,
ENG-Premier League,2425,2024-12-26 Nottingham Forest-Tottenham Hotspur,Tottenham Hotspur,Fraser Forster,False,Goalkeeper,1,start,end,1.0,0.0,0.0,0.0,0.0,0.0,0.0,1.0,2.0,9.0,0.0,0.0,0.0,0.0,
ENG-Premier League,2425,2024-12-26 Southampton-West Ham United,Southampton,Aaron Ramsdale,True,Goalkeeper,1,start,end,1.0,0.0,0.0,0.0,0.0,0.0,0.0,1.0,1.0,15.0,0.0,0.0,0.0,0.0,
ENG-Premier League,2425,2024-12-26 Southampton-West Ham United,West Ham United,Lukasz Fabianski,False,Goalkeeper,1,start,36,1.0,0.0,1.0,0.0,0.0,0.0,0.0,0.0,3.0,5.0,0.0,0.0,0.0,0.0,
ENG-Premier League,2425,2024-12-26 Wolverhampton Wanderers-Manchester United,Manchester United,André Onana,False,Goalkeeper,1,start,end,1.0,0.0,0.0,0.0,0.0,0.0,0.0,2.0,2.0,5.0,0.0,0.0,0.0,0.0,
ENG-Premier League,2425,2024-12-26 Wolverhampton Wanderers-Manchester United,Wolverhampton Wanderers,José Sá,True,Goalkeeper,1,start,end,1.0,0.0,0.0,0.0,0.0,0.0,0.0,0.0,4.0,11.0,0.0,0.0,0.0,0.0,
ENG-Premier League,2425,2024-12-27 Arsenal-Ipswich Town,Arsenal,David Raya,True,Goalkeeper,1,start,end,1.0,0.0,0.0,0.0,0.0,0.0,0.0,0.0,0.0,3.0,0.0,0.0,0.0,0.0,
ENG-Premier League,2425,2024-12-27 Arsenal-Ipswich Town,Ipswich Town,Arijanet Muric,False,Goalkeeper,1,start,end,1.0,0.0,0.0,0.0,0.0,0.0,0.0,1.0,4.0,12.0,0.0,0.0,0.0,0.0,
ENG-Premier League,2425,2024-12-27 Brighton & Hove Albion-Brentford,Brentford,Mark Flekken,False,Goalkeeper,1,start,36,1.0,0.0,0.0,0.0,0.0,0.0,0.0,0.0,6.0,10.0,0.0,0.0,0.0,0.0,
ENG-Premier League,2425,2024-12-27 Brighton & Hove Albion-Brentford,Brighton & Hove Albion,Bart Verbruggen,True,Goalkeeper,1,start,end,1.0,0.0,0.0,0.0,0.0,0.0,0.0,0.0,3.0,7.0,0.0,0.0,0.0,0.0,
ENG-Premier League,2425,2024-12-29 Crystal Palace-Southampton,Crystal Palace,Dean Henderson,True,Goalkeeper,1,start,end,1.0,0.0,0.0,0.0,0.0,0.0,0.0,1.0,2.0,5.0,0.0,0.0,0.0,0.0,
ENG-Premier League,2425,2024-12-29 Crystal Palace-Southampton,Southampton,Aaron Ramsdale,False,Goalkeeper,1,start,end,1.0,0.0,0.0,0.0,0.0,0.0,0.0,2.0,8.0,15.0,0.0,0.0,0.0,0.0,
ENG-Premier League,2425,2024-12-29 Everton-Nottingham Forest,Everton,Jordan Pickford,True,Goalkeeper,1,start,end,1.0,0.0,0.0,0.0,0.0,0.0,1.0,2.0,5.0,9.0,0.0,0.0,0.0,0.0,
ENG-Premier League,2425,2024-12-29 Everton-Nottingham Forest,Nottingham Forest,Matz Sels,False,Goalkeeper,1,start,end,1.0,0.0,0.0,0.0,0.0,0.0,0.0,0.0,2.0,13.0,0.0,0.0,0.0,0.0,
ENG-Premier League,2425,2024-12-29 Fulham-AFC Bournemouth,AFC Bournemouth,Kepa Arrizabalaga,False,Goalkeeper,1,start,end,1.0,0.0,0.0,0.0,0.0,0.0,0.0,2.0,4.0,8.0,0.0,0.0,0.0,0.0,
ENG-Premier League,2425,2024-12-29 Fulham-AFC Bournemouth,Fulham,Bernd Leno,True,Goalkeeper,1,start,end,1.0,0.0,1.0,0.0,0.0,0.0,0.0,2.0,7.0,16.0,0.0,0.0,0.0,0.0,
ENG-Premier League,2425,2024-12-29 Leicester City-Manchester City,Leicester City,Jakub Stolarczyk,True,Goalkeeper,1,start,end,1.0,0.0,0.0,0.0,0.0,0.0,0.0,2.0,3.0,12.0,0.0,0.0,0.0,0.0,
ENG-Premier League,2425,2024-12-29 Leicester City-Manchester City,Manchester City,Stefan Ortega,False,Goalkeeper,1,start,end,1.0,0.0,0.0,0.0,0.0,0.0,1.0,0.0,3.0,13.0,0.0,0.0,0.0,0.0,
ENG-Premier League,2425,2024-12-29 Tottenham Hotspur-Wolverhampton Wanderers,Tottenham Hotspur,Fraser Forster,True,Goalkeeper,1,start,end,1.0,0.0,0.0,0.0,0.0,0.0,0.0,2.0,1.0,9.0,0.0,0.0,0.0,0.0,
ENG-Premier League,2425,2024-12-29 Tottenham Hotspur-Wolverhampton Wanderers,Wolverhampton Wanderers,José Sá,False,Goalkeeper,1,start,end,1.0,0.0,0.0,0.0,0.0,0.0,0.0,2.0,0.0,11.0,0.0,0.0,0.0,0.0,
ENG-Premier League,2425,2024-12-29 West Ham United-Liverpool,Liverpool,Alisson Becker,False,Goalkeeper,1,start,end,1.0,0.0,0.0,0.0,0.0,0.0,0.0,0.0,1.0,8.0,0.0,0.0,0.0,0.0,
ENG-Premier League,2425,2024-12-29 West Ham United-Liverpool,West Ham United,Alphonse Areola,True,Goalkeeper,1,start,end,1.0,0.0,0.0,0.0,0.0,0.0,0.0,5.0,8.0,18.0,0.0,0.0,0.0,0.0,
ENG-Premier League,2425,2024-12-30 Aston Villa-Brighton & Hove Albion,Aston Villa,Emiliano Martínez,True,Goalkeeper,1,start,end,1.0,0.0,0.0,0.0,0.0,0.0,0.0,2.0,3.0,10.0,0.0,0.0,0.0,0.0,
ENG-Premier League,2425,2024-12-30 Aston Villa-Brighton & Hove Albion,Brighton & Hove Albion,Bart Verbruggen,False,Goalkeeper,1,start,end,1.0,0.0,0.0,0.0,0.0,0.0,0.0,2.0,3.0,19.0,0.0,0.0,0.0,0.0,
ENG-Premier League,2425,2024-12-30 Ipswich Town-Chelsea,Chelsea,Filip Jørgensen,False,Goalkeeper,1,start,end,1.0,1.0,0.0,0.0,0.0,0.0,0.0,2.0,4.0,6.0,0.0,0.0,0.0,0.0,
ENG-Premier League,2425,2024-12-30 Ipswich Town-Chelsea,Ipswich Town,Christian Walton,True,Goalkeeper,1,start,end,1.0,0.0,0.0,0.0,0.0,0.0,0.0,0.0,4.0,20.0,0.0,0.0,0.0,0.0,
ENG-Premier League,2425,2024-12-30 Manchester United-Newcastle United,Manchester United,André Onana,True,Goalkeeper,1,start,end,1.0,0.0,0.0,0.0,0.0,0.0,0.0,2.0,2.0,11.0,0.0,0.0,0.0,0.0,
ENG-Premier League,2425,2024-12-30 Manchester United-Newcastle United,Newcastle United,Martin Dúbravka,False,Goalkeeper,1,start,end,1.0,0.0,0.0,0.0,0.0,0.0,0.0,0.0,0.0,10.0,0.0,0.0,0.0,0.0,
ENG-Premier League,2425,2025-01-01 Brentford-Arsenal,Arsenal,David Raya,False,Goalkeeper,1,start,end,1.0,0.0,0.0,0.0,0.0,0.0,0.0,1.0,1.0,4.0,0.0,0.0,0.0,0.0,
ENG-Premier League,2425,2025-01-01 Brentford-Arsenal,Brentford,Mark Flekken,True,Goalkeeper,1,start,end,1.0,0.0,0.0,0.0,0.0,0.0,0.0,3.0,1.0,11.0,0.0,0.0,0.0,0.0,
ENG-Premier League,2425,2025-01-04 AFC Bournemouth-Everton,AFC Bournemouth,Mark Travers,True,Goalkeeper,1,start,end,1.0,0.0,0.0,0.0,0.0,0.0,0.0,0.0,0.0,9.0,0.0,0.0,0.0,0.0,
ENG-Premier League,2425,2025-01-04 AFC Bournemouth-Everton,Everton,Jordan Pickford,False,Goalkeeper,1,start,end,1.0,0.0,1.0,0.0,0.0,0.0,0.0,1.0,7.0,17.0,0.0,0.0,0.0,0.0,
ENG-Premier League,2425,2025-01-04 Aston Villa-Leicester City,Aston Villa,Emiliano Martínez,True,Goalkeeper,1,start,end,1.0,0.0,0.0,0.0,0.0,0.0,0.0,1.0,1.0,3.0,0.0,0.0,0.0,0.0,
ENG-Premier League,2425,2025-01-04 Aston Villa-Leicester City,Leicester City,Jakub Stolarczyk,False,Goalkeeper,1,start,end,1.0,0.0,0.0,0.0,0.0,0.0,0.0,2.0,3.0,11.0,0.0,0.0,0.0,0.0,
ENG-Premier League,2425,2025-01-04 Brighton & Hove Albion-Arsenal,Arsenal,David Raya,False,Goalkeeper,1,start,end,1.0,0.0,2.0,0.0,0.0,0.0,0.0,1.0,3.0,9.0,0.0,0.0,0.0,0.0,
ENG-Premier League,2425,2025-01-04 Brighton & Hove Albion-Arsenal,Brighton & Hove Albion,Bart Verbruggen,True,Goalkeeper,1,start,end,1.0,0.0,0.0,0.0,0.0,0.0,0.0,1.0,2.0,8.0,0.0,0.0,0.0,0.0,
ENG-Premier League,2425,2025-01-04 Crystal Palace-Chelsea,Chelsea,Robert Sánchez,False,Goalkeeper,1,start,end,1.0,0.0,0.0,0.0,0.0,0.0,0.0,1.0,6.0,12.0,0.0,0.0,0.0,0.0,
ENG-Premier League,2425,2025-01-04 Crystal Palace-Chelsea,Crystal Palace,Dean Henderson,True,Goalkeeper,1,start,end,1.0,0.0,0.0,0.0,0.0,0.0,0.0,1.0,0.0,14.0,0.0,0.0,0.0,0.0,
ENG-Premier League,2425,2025-01-04 Manchester City-West Ham United,Manchester City,Stefan Ortega,True,Goalkeeper,1,start,end,1.0,0.0,1.0,0.0,0.0,0.0,0.0,1.0,3.0,16.0,0.0,0.0,0.0,0.0,
ENG-Premier League,2425,2025-01-04 Manchester City-West Ham United,West Ham United,Alphonse Areola,False,Goalkeeper,1,start,end,1.0,0.0,0.0,0.0,0.0,0.0,0.0,4.0,4.0,6.0,0.0,0.0,0.0,0.0,
ENG-Premier League,2425,2025-01-04 Southampton-Brentford,Brentford,Mark Flekken,False,Goalkeeper,1,start,end,1.0,0.0,0.0,0.0,0.0,0.0,0.0,0.0,1.0,8.0,0.0,0.0,0.0,0.0,
ENG-Premier League,2425,2025-01-04 Southampton-Brentford,Southampton,Aaron Ramsdale,True,Goalkeeper,1,start,end,1.0,0.0,0.0,0.0,0.0,0.0,0.0,5.0,5.0,15.0,0.0,0.0,0.0,0.0,
ENG-Premier League,2425,2025-01-04 Tottenham Hotspur-Newcastle United,Newcastle United,Martin Dúbravka,False,Goalkeeper,1,start,end,1.0,0.0,1.0,0.0,0.0,0.0,0.0,1.0,3.0,13.0,0.0,0.0,0.0,0.0,
ENG-Premier League,2425,2025-01-04 Tottenham Hotspur-Newcastle United,Tottenham Hotspur,Brandon Austin,True,Goalkeeper,1,start,end,1.0,0.0,2.0,0.0,0.0,0.0,0.0,2.0,2.0,12.0,0.0,0.0,0.0,0.0,
ENG-Premier League,2425,2025-01-05 Fulham-Ipswich Town,Fulham,Bernd Leno,True,Goalkeeper,1,start,end,1.0,0.0,0.0,0.0,0.0,0.0,0.0,2.0,1.0,3.0,0.0,0.0,0.0,0.0,
ENG-Premier League,2425,2025-01-05 Fulham-Ipswich Town,Ipswich Town,Christian Walton,False,Goalkeeper,1,start,end,1.0,0.0,0.0,0.0,0.0,0.0,0.0,2.0,2.0,12.0,0.0,0.0,0.0,0.0,
ENG-Premier League,2425,2025-01-05 Liverpool-Manchester United,Liverpool,Alisson Becker,True,Goalkeeper,1,start,end,1.0,0.0,0.0,0.0,0.0,0.0,0.0,2.0,2.0,9.0,0.0,0.0,0.0,0.0,
ENG-Premier League,2425,2025-01-05 Liverpool-Manchester United,Manchester United,André Onana,False,Goalkeeper,1,start,end,1.0,0.0,0.0,0.0,0.0,0.0,0.0,2.0,4.0,17.0,0.0,0.0,0.0,0.0,
ENG-Premier League,2425,2025-01-06 Wolverhampton Wanderers-Nottingham Forest,Nottingham Forest,Matz Sels,False,Goalkeeper,1,start,end,1.0,0.0,0.0,0.0,0.0,0.0,0.0,0.0,5.0,12.0,0.0,0.0,0.0,0.0,
ENG-Premier League,2425,2025-01-06 Wolverhampton Wanderers-Nottingham Forest,Wolverhampton Wanderers,José Sá,True,Goalkeeper,1,start,end,1.0,0.0,0.0,0.0,0.0,0.0,0.0,3.0,1.0,8.0,0.0,0.0,0.0,0.0,
ENG-Premier League,2425,2025-01-14 Brentford-Manchester City,Brentford,Mark Flekken,True,Goalkeeper,1,start,end,1.0,0.0,0.0,0.0,0.0,0.0,0.0,2.0,6.0,20.0,0.0,0.0,0.0,0.0,
ENG-Premier League,2425,2025-01-14 Brentford-Manchester City,Manchester City,Stefan Ortega,False,Goalkeeper,1,start,end,1.0,0.0,0.0,0.0,0.0,0.0,0.0,2.0,3.0,17.0,0.0,0.0,0.0,0.0,
ENG-Premier League,2425,2025-01-14 Chelsea-AFC Bournemouth,AFC Bournemouth,Mark Travers,False,Goalkeeper,1,start,end,1.0,0.0,1.0,0.0,0.0,0.0,0.0,2.0,8.0,24.0,0.0,0.0,0.0,0.0,
ENG-Premier League,2425,2025-01-14 Chelsea-AFC Bournemouth,Chelsea,Robert Sánchez,True,Goalkeeper,1,start,end,1.0,0.0,0.0,0.0,0.0,0.0,0.0,2.0,1.0,5.0,0.0,0.0,0.0,0.0,
ENG-Premier League,2425,2025-01-14 Nottingham Forest-Liverpool,Liverpool,Alisson Becker,False,Goalkeeper,1,start,end,1.0,0.0,0.0,0.0,0.0,0.0,0.0,1.0,2.0,5.0,0.0,0.0,0.0,0.0,
ENG-Premier League,2425,2025-01-14 Nottingham Forest-Liverpool,Nottingham Forest,Matz Sels,True,Goalkeeper,1,start,end,1.0,0.0,0.0,0.0,0.0,0.0,0.0,1.0,5.0,21.0,0.0,0.0,0.0,0.0,
ENG-Premier League,2425,2025-01-14 West Ham United-Fulham,Fulham,Bernd Leno,False,Goalkeeper,1,start,end,1.0,0.0,0.0,0.0,0.0,0.0,0.0,3.0,0.0,1.0,0.0,0.0,0.0,0.0,
ENG-Premier League,2425,2025-01-14 West Ham United-Fulham,West Ham United,Lukasz Fabianski,True,Goalkeeper,1,start,end,1.0,0.0,0.0,0.0,0.0,0.0,0.0,2.0,2.0,18.0,0.0,0.0,0.0,0.0,
ENG-Premier League,2425,2025-01-15 Arsenal-Tottenham Hotspur,Arsenal,David Raya,True,Goalkeeper,1,start,end,1.0,0.0,1.0,0.0,0.0,0.0,0.0,1.0,1.0,9.0,0.0,0.0,0.0,0.0,
ENG-Premier League,2425,2025-01-15 Arsenal-Tottenham Hotspur,Tottenham Hotspur,Antonín Kinsky,False,Goalkeeper,1,start,end,1.0,0.0,0.0,0.0,0.0,0.0,0.0,2.0,3.0,14.0,0.0,0.0,0.0,0.0,
ENG-Premier League,2425,2025-01-15 Everton-Aston Villa,Aston Villa,Emiliano Martínez,False,Goalkeeper,1,start,end,1.0,0.0,0.0,0.0,0.0,0.0,0.0,0.0,2.0,10.0,0.0,0.0,0.0,0.0,
ENG-Premier League,2425,2025-01-15 Everton-Aston Villa,Everton,Jordan Pickford,True,Goalkeeper,1,start,end,1.0,0.0,0.0,0.0,0.0,0.0,1.0,1.0,2.0,10.0,0.0,0.0,0.0,0.0,
ENG-Premier League,2425,2025-01-15 Leicester City-Crystal Palace,Crystal Palace,Dean Henderson,False,Goalkeeper,1,start,end,1.0,0.0,0.0,0.0,0.0,0.0,0.0,0.0,4.0,22.0,0.0,0.0,0.0,0.0,
ENG-Premier League,2425,2025-01-15 Leicester City-Crystal Palace,Leicester City,Jakub Stolarczyk,True,Goalkeeper,1,start,end,1.0,0.0,0.0,0.0,0.0,0.0,0.0,2.0,2.0,7.0,0.0,0.0,0.0,0.0,
ENG-Premier League,2425,2025-01-15 Newcastle United-Wolverhampton Wanderers,Newcastle United,Martin Dúbravka,True,Goalkeeper,1,start,end,1.0,0.0,0.0,0.0,0.0,0.0,0.0,0.0,7.0,13.0,0.0,0.0,0.0,0.0,
ENG-Premier League,2425,2025-01-15 Newcastle United-Wolverhampton Wanderers,Wolverhampton Wanderers,José Sá,False,Goalkeeper,1,start,end,1.0,0.0,0.0,0.0,0.0,0.0,0.0,3.0,3.0,14.0,0.0,0.0,0.0,0.0,
ENG-Premier League,2425,2025-01-16 Ipswich Town-Brighton & Hove Albion,Brighton & Hove Albion,Bart Verbruggen,False,Goalkeeper,1,start,end,1.0,0.0,0.0,0.0,0.0,0.0,0.0,0.0,3.0,5.0,0.0,0.0,0.0,0.0,
ENG-Premier League,2425,2025-01-16 Ipswich Town-Brighton & Hove Albion,Ipswich Town,Christian Walton,True,Goalkeeper,1,start,end,1.0,0.0,1.0,0.0,0.0,0.0,0.0,2.0,3.0,9.0,0.0,0.0,0.0,0.0,
ENG-Premier League,2425,2025-01-16 Manchester United-Southampton,Manchester United,André Onana,True,Goalkeeper,1,start,end,1.0,0.0,0.0,0.0,0.0,0.0,0.0,1.0,5.0,13.0,0.0,0.0,0.0,0.0,
ENG-Premier League,2425,2025-01-16 Manchester United-Southampton,Southampton,Aaron Ramsdale,False,Goalkeeper,1,start,end,1.0,0.0,0.0,0.0,0.0,0.0,0.0,3.0,6.0,20.0,0.0,0.0,0.0,0.0,
ENG-Premier League,2425,2025-01-18 Arsenal-Aston Villa,Arsenal,David Raya,True,Goalkeeper,1,start,end,1.0,0.0,0.0,0.0,0.0,0.0,0.0,2.0,2.0,6.0,0.0,0.0,0.0,0.0,
ENG-Premier League,2425,2025-01-18 Arsenal-Aston Villa,Aston Villa,Emiliano Martínez,False,Goalkeeper,1,start,end,1.0,0.0,1.0,0.0,0.0,0.0,0.0,2.0,4.0,14.0,0.0,0.0,0.0,0.0,
ENG-Premier League,2425,2025-01-18 Brentford-Liverpool,Brentford,Mark Flekken,True,Goalkeeper,1,start,end,1.0,0.0,0.0,0.0,0.0,0.0,0.0,2.0,6.0,34.0,0.0,0.0,0.0,0.0,
ENG-Premier League,2425,2025-01-18 Brentford-Liverpool,Liverpool,Alisson Becker,False,Goalkeeper,1,start,end,1.0,0.0,0.0,0.0,0.0,0.0,0.0,0.0,7.0,11.0,0.0,0.0,0.0,0.0,
ENG-Premier League,2425,2025-01-18 Leicester City-Fulham,Fulham,Bernd Leno,False,Goalkeeper,1,start,end,1.0,0.0,0.0,0.0,0.0,0.0,0.0,0.0,5.0,8.0,0.0,0.0,0.0,0.0,
ENG-Premier League,2425,2025-01-18 Leicester City-Fulham,Leicester City,Jakub Stolarczyk,True,Goalkeeper,1,start,end,1.0,0.0,0.0,0.0,0.0,0.0,0.0,2.0,0.0,15.0,0.0,0.0,0.0,0.0,
ENG-Premier League,2425,2025-01-18 Newcastle United-AFC Bournemouth,AFC Bournemouth,Kepa Arrizabalaga,False,Goalkeeper,1,start,end,1.0,0.0,0.0,0.0,0.0,0.0,0.0,1.0,3.0,11.0,0.0,0.0,0.0,0.0,
ENG-Premier League,2425,2025-01-18 Newcastle United-AFC Bournemouth,Newcastle United,Martin Dúbravka,True,Goalkeeper,1,start,end,1.0,0.0,0.0,0.0,0.0,0.0,0.0,4.0,6.0,14.0,0.0,0.0,0.0,0.0,
ENG-Premier League,2425,2025-01-18 West Ham United-Crystal Palace,Crystal Palace,Dean Henderson,False,Goalkeeper,1,start,end,1.0,0.0,0.0,0.0,0.0,0.0,0.0,0.0,0.0,7.0,0.0,0.0,0.0,0.0,
ENG-Premier League,2425,2025-01-18 West Ham United-Crystal Palace,West Ham United,Lukasz Fabianski,True,Goalkeeper,1,start,end,1.0,1.0,0.0,0.0,0.0,0.0,0.0,2.0,5.0,9.0,0.0,0.0,0.0,0.0,
ENG-Premier League,2425,2025-01-19 Everton-Tottenham Hotspur,Everton,Jordan Pickford,True,Goalkeeper,1,start,end,1.0,0.0,0.0,0.0,0.0,0.0,0.0,2.0,3.0,9.0,0.0,0.0,0.0,0.0,
ENG-Premier League,2425,2025-01-19 Everton-Tottenham Hotspur,Tottenham Hotspur,Antonín Kinsky,False,Goalkeeper,1,start,end,1.0,0.0,0.0,0.0,0.0,0.0,0.0,3.0,4.0,10.0,0.0,0.0,0.0,0.0,
ENG-Premier League,2425,2025-01-19 Ipswich Town-Manchester City,Ipswich Town,Christian Walton,True,Goalkeeper,1,start,end,1.0,0.0,0.0,0.0,0.0,0.0,0.0,6.0,3.0,11.0,0.0,0.0,0.0,0.0,
ENG-Premier League,2425,2025-01-19 Ipswich Town-Manchester City,Manchester City,Ederson,False,Goalkeeper,1,start,end,1.0,0.0,0.0,0.0,0.0,0.0,0.0,0.0,4.0,8.0,0.0,0.0,0.0,0.0,
ENG-Premier League,2425,2025-01-19 Manchester United-Brighton & Hove Albion,Brighton & Hove Albion,Bart Verbruggen,False,Goalkeeper,1,start,end,1.0,0.0,0.0,0.0,0.0,0.0,0.0,1.0,0.0,9.0,0.0,0.0,0.0,0.0,
ENG-Premier League,2425,2025-01-19 Manchester United-Brighton & Hove Albion,Manchester United,André Onana,True,Goalkeeper,1,start,end,1.0,0.0,0.0,0.0,0.0,0.0,0.0,3.0,0.0,3.0,0.0,0.0,0.0,0.0,
ENG-Premier League,2425,2025-01-19 Nottingham Forest-Southampton,Nottingham Forest,Matz Sels,True,Goalkeeper,1,start,end,1.0,0.0,1.0,0.0,0.0,0.0,0.0,2.0,1.0,8.0,0.0,0.0,0.0,0.0,
ENG-Premier League,2425,2025-01-19 Nottingham Forest-Southampton,Southampton,Aaron Ramsdale,False,Goalkeeper,1,start,end,1.0,0.0,0.0,0.0,0.0,0.0,0.0,3.0,1.0,11.0,0.0,0.0,0.0,0.0,
ENG-Premier League,2425,2025-01-20 Chelsea-Wolverhampton Wanderers,Chelsea,Robert Sánchez,True,Goalkeeper,1,start,end,1.0,0.0,0.0,0.0,0.0,0.0,1.0,1.0,3.0,8.0,0.0,0.0,0.0,0.0,
ENG-Premier League,2425,2025-01-20 Chelsea-Wolverhampton Wanderers,Wolverhampton Wanderers,José Sá,False,Goalkeeper,1,start,end,1.0,0.0,0.0,0.0,0.0,0.0,0.0,3.0,3.0,15.0,0.0,0.0,0.0,0.0,
ENG-Premier League,2425,2025-01-25 AFC Bournemouth-Nottingham Forest,AFC Bournemouth,Kepa Arrizabalaga,True,Goalkeeper,1,start,end,1.0,0.0,1.0,0.0,0.0,0.0,0.0,0.0,4.0,18.0,0.0,0.0,0.0,0.0,
ENG-Premier League,2425,2025-01-25 AFC Bournemouth-Nottingham Forest,Nottingham Forest,Matz Sels,False,Goalkeeper,1,start,end,1.0,0.0,0.0,0.0,0.0,0.0,0.0,5.0,5.0,10.0,0.0,0.0,0.0,0.0,
ENG-Premier League,2425,2025-01-25 Brighton & Hove Albion-Everton,Brighton & Hove Albion,Bart Verbruggen,True,Goalkeeper,1,start,end,1.0,0.0,1.0,0.0,0.0,0.0,1.0,1.0,0.0,2.0,0.0,0.0,0.0,0.0,
ENG-Premier League,2425,2025-01-25 Brighton & Hove Albion-Everton,Everton,Jordan Pickford,False,Goalkeeper,1,start,end,1.0,0.0,1.0,0.0,0.0,0.0,1.0,0.0,1.0,16.0,0.0,0.0,0.0,0.0,
ENG-Premier League,2425,2025-01-25 Liverpool-Ipswich Town,Ipswich Town,Christian Walton,False,Goalkeeper,1,start,end,1.0,0.0,0.0,0.0,0.0,0.0,0.0,4.0,2.0,12.0,0.0,0.0,0.0,0.0,
ENG-Premier League,2425,2025-01-25 Liverpool-Ipswich Town,Liverpool,Alisson Becker,True,Goalkeeper,1,start,end,1.0,0.0,1.0,0.0,0.0,0.0,0.0,1.0,2.0,2.0,0.0,0.0,0.0,0.0,
ENG-Premier League,2425,2025-01-25 Manchester City-Chelsea,Chelsea,Robert Sánchez,False,Goalkeeper,1,start,end,1.0,0.0,0.0,0.0,0.0,0.0,0.0,3.0,3.0,11.0,0.0,0.0,0.0,0.0,
ENG-Premier League,2425,2025-01-25 Manchester City-Chelsea,Manchester City,Ederson,True,Goalkeeper,1,start,end,1.0,0.0,0.0,0.0,0.0,0.0,0.0,1.0,3.0,10.0,1.0,0.0,0.0,0.0,
ENG-Premier League,2425,2025-01-25 Southampton-Newcastle United,Newcastle United,Martin Dúbravka,False,Goalkeeper,1,start,end,1.0,0.0,0.0,0.0,0.0,0.0,0.0,1.0,4.0,10.0,0.0,0.0,0.0,0.0,
ENG-Premier League,2425,2025-01-25 Southampton-Newcastle United,Southampton,Alex McCarthy,True,Goalkeeper,1,start,end,1.0,0.0,0.0,0.0,0.0,0.0,0.0,3.0,5.0,14.0,0.0,0.0,0.0,0.0,
ENG-Premier League,2425,2025-01-25 Wolverhampton Wanderers-Arsenal,Arsenal,David Raya,False,Goalkeeper,1,start,end,1.0,0.0,0.0,0.0,0.0,0.0,0.0,0.0,4.0,9.0,0.0,0.0,0.0,0.0,
ENG-Premier League,2425,2025-01-25 Wolverhampton Wanderers-Arsenal,Wolverhampton Wanderers,José Sá,True,Goalkeeper,1,start,end,1.0,0.0,0.0,0.0,0.0,0.0,0.0,1.0,2.0,7.0,0.0,0.0,0.0,0.0,
ENG-Premier League,2425,2025-01-26 Aston Villa-West Ham United,Aston Villa,Emiliano Martínez,True,Goalkeeper,1,start,end,1.0,0.0,0.0,0.0,0.0,0.0,0.0,1.0,2.0,14.0,0.0,0.0,0.0,0.0,
ENG-Premier League,2425,2025-01-26 Aston Villa-West Ham United,West Ham United,Alphonse Areola,False,Goalkeeper,1,start,end,1.0,0.0,0.0,0.0,0.0,0.0,0.0,1.0,3.0,13.0,0.0,0.0,0.0,0.0,
ENG-Premier League,2425,2025-01-26 Crystal Palace-Brentford,Brentford,Mark Flekken,False,Goalkeeper,1,start,end,1.0,0.0,0.0,0.0,0.0,0.0,0.0,1.0,4.0,14.0,0.0,0.0,0.0,0.0,
ENG-Premier League,2425,2025-01-26 Crystal Palace-Brentford,Crystal Palace,Dean Henderson,True,Goalkeeper,1,start,end,1.0,0.0,0.0,0.0,0.0,0.0,1.0,2.0,4.0,11.0,0.0,0.0,0.0,0.0,
ENG-Premier League,2425,2025-01-26 Fulham-Manchester United,Fulham,Bernd Leno,True,Goalkeeper,1,start,end,1.0,0.0,1.0,0.0,0.0,0.0,0.0,1.0,0.0,3.0,0.0,0.0,0.0,0.0,
ENG-Premier League,2425,2025-01-26 Fulham-Manchester United,Manchester United,André Onana,False,Goalkeeper,1,start,end,1.0,0.0,0.0,0.0,0.0,0.0,0.0,0.0,2.0,9.0,0.0,0.0,0.0,0.0,
ENG-Premier League,2425,2025-01-26 Tottenham Hotspur-Leicester City,Leicester City,Jakub Stolarczyk,False,Goalkeeper,1,start,end,1.0,0.0,0.0,0.0,0.0,0.0,1.0,1.0,5.0,12.0,0.0,0.0,0.0,0.0,
ENG-Premier League,2425,2025-01-26 Tottenham Hotspur-Leicester City,Tottenham Hotspur,Antonín Kinsky,True,Goalkeeper,1,start,end,1.0,0.0,0.0,0.0,0.0,0.0,0.0,2.0,1.0,9.0,0.0,0.0,0.0,0.0,
ENG-Premier League,2425,2025-02-01 AFC Bournemouth-Liverpool,AFC Bournemouth,Kepa Arrizabalaga,True,Goalkeeper,1,start,end,1.0,0.0,0.0,0.0,0.0,0.0,0.0,2.0,5.0,17.0,0.0,0.0,0.0,0.0,
ENG-Premier League,2425,2025-02-01 AFC Bournemouth-Liverpool,Liverpool,Alisson Becker,False,Goalkeeper,1,start,end,1.0,0.0,0.0,0.0,0.0,0.0,0.0,0.0,4.0,13.0,0.0,0.0,0.0,0.0,
ENG-Premier League,2425,2025-02-01 Everton-Leicester City,Everton,Jordan Pickford,True,Goalkeeper,1,start,end,1.0,0.0,2.0,0.0,0.0,0.0,0.0,0.0,1.0,9.0,1.0,0.0,0.0,0.0,
ENG-Premier League,2425,2025-02-01 Everton-Leicester City,Leicester City,Mads Hermansen,False,Goalkeeper,1,start,end,1.0,0.0,0.0,0.0,0.0,0.0,0.0,4.0,3.0,9.0,0.0,0.0,0.0,0.0,
ENG-Premier League,2425,2025-02-01 Ipswich Town-Southampton,Ipswich Town,Arijanet Muric,True,Goalkeeper,1,start,end,1.0,0.0,0.0,0.0,0.0,0.0,0.0,2.0,2.0,7.0,0.0,0.0,0.0,0.0,
ENG-Premier League,2425,2025-02-01 Ipswich Town-Southampton,Southampton,Aaron Ramsdale,False,Goalkeeper,1,start,end,1.0,0.0,0.0,0.0,0.0,0.0,0.0,1.0,5.0,15.0,0.0,0.0,0.0,0.0,
ENG-Premier League,2425,2025-02-01 Newcastle United-Fulham,Fulham,Bernd Leno,False,Goalkeeper,1,start,end,1.0,0.0,0.0,0.0,0.0,0.0,1.0,1.0,3.0,11.0,0.0,0.0,0.0,0.0,
ENG-Premier League,2425,2025-02-01 Newcastle United-Fulham,Newcastle United,Martin Dúbravka,True,Goalkeeper,1,start,end,1.0,0.0,0.0,0.0,0.0,0.0,0.0,2.0,2.0,13.0,0.0,0.0,0.0,0.0,
ENG-Premier League,2425,2025-02-01 Nottingham Forest-Brighton & Hove Albion,Brighton & Hove Albion,Bart Verbruggen,False,Goalkeeper,1,start,end,1.0,0.0,0.0,0.0,0.0,0.0,1.0,7.0,3.0,8.0,0.0,0.0,0.0,0.0,
ENG-Premier League,2425,2025-02-01 Nottingham Forest-Brighton & Hove Albion,Nottingham Forest,Matz Sels,True,Goalkeeper,1,start,end,1.0,0.0,0.0,0.0,0.0,0.0,0.0,0.0,6.0,9.0,0.0,0.0,0.0,0.0,
ENG-Premier League,2425,2025-02-01 Wolverhampton Wanderers-Aston Villa,Aston Villa,Emiliano Martínez,False,Goalkeeper,1,start,end,1.0,0.0,0.0,0.0,0.0,0.0,0.0,2.0,3.0,6.0,0.0,0.0,0.0,0.0,
ENG-Premier League,2425,2025-02-01 Wolverhampton Wanderers-Aston Villa,Wolverhampton Wanderers,José Sá,True,Goalkeeper,1,start,end,1.0,0.0,1.0,0.0,0.0,0.0,0.0,0.0,3.0,10.0,0.0,0.0,0.0,0.0,
ENG-Premier League,2425,2025-02-02 Arsenal-Manchester City,Arsenal,David Raya,True,Goalkeeper,1,start,end,1.0,0.0,0.0,0.0,0.0,0.0,0.0,1.0,3.0,5.0,0.0,0.0,0.0,0.0,
ENG-Premier League,2425,2025-02-02 Arsenal-Manchester City,Manchester City,Stefan Ortega,False,Goalkeeper,1,start,end,1.0,0.0,0.0,0.0,0.0,0.0,0.0,5.0,2.0,6.0,0.0,0.0,0.0,0.0,
ENG-Premier League,2425,2025-02-02 Brentford-Tottenham Hotspur,Brentford,Hákon Valdimarsson,True,Goalkeeper,1,start,end,1.0,0.0,0.0,0.0,0.0,0.0,0.0,2.0,1.0,13.0,0.0,0.0,0.0,0.0,
ENG-Premier League,2425,2025-02-02 Brentford-Tottenham Hotspur,Tottenham Hotspur,Antonín Kinsky,False,Goalkeeper,1,start,end,1.0,0.0,0.0,0.0,0.0,0.0,0.0,0.0,3.0,19.0,0.0,0.0,0.0,0.0,
ENG-Premier League,2425,2025-02-02 Manchester United-Crystal Palace,Crystal Palace,Dean Henderson,False,Goalkeeper,1,start,end,1.0,0.0,0.0,0.0,0.0,0.0,0.0,0.0,2.0,15.0,0.0,0.0,0.0,0.0,
ENG-Premier League,2425,2025-02-02 Manchester United-Crystal Palace,Manchester United,André Onana,True,Goalkeeper,1,start,end,1.0,0.0,0.0,0.0,0.0,0.0,0.0,2.0,1.0,9.0,0.0,0.0,0.0,0.0,
ENG-Premier League,2425,2025-02-03 Chelsea-West Ham United,Chelsea,Filip Jørgensen,True,Goalkeeper,1,start,end,1.0,0.0,0.0,0.0,0.0,0.0,0.0,1.0,4.0,13.0,0.0,0.0,0.0,0.0,
ENG-Premier League,2425,2025-02-03 Chelsea-West Ham United,West Ham United,Alphonse Areola,False,Goalkeeper,1,start,end,1.0,0.0,0.0,0.0,0.0,0.0,0.0,2.0,3.0,22.0,0.0,0.0,0.0,0.0,
ENG-Premier League,2425,2025-02-12 Everton-Liverpool,Everton,Jordan Pickford,True,Goalkeeper,1,start,end,1.0,0.0,0.0,0.0,0.0,0.0,0.0,2.0,2.0,4.0,0.0,0.0,0.0,0.0,
ENG-Premier League,2425,2025-02-12 Everton-Liverpool,Liverpool,Alisson Becker,False,Goalkeeper,1,start,end,1.0,0.0,0.0,0.0,0.0,0.0,0.0,2.0,1.0,8.0,0.0,0.0,0.0,0.0,
ENG-Premier League,2425,2025-02-14 Brighton & Hove Albion-Chelsea,Brighton & Hove Albion,Bart Verbruggen,True,Goalkeeper,1,start,end,1.0,0.0,0.0,0.0,0.0,0.0,0.0,0.0,1.0,8.0,1.0,0.0,0.0,0.0,
ENG-Premier League,2425,2025-02-14 Brighton & Hove Albion-Chelsea,Chelsea,Filip Jørgensen,False,Goalkeeper,1,start,end,1.0,0.0,0.0,0.0,0.0,0.0,0.0,3.0,3.0,10.0,0.0,0.0,0.0,0.0,
ENG-Premier League,2425,2025-02-15 Aston Villa-Ipswich Town,Aston Villa,Emiliano Martínez,True,Goalkeeper,1,start,end,1.0,0.0,0.0,0.0,0.0,0.0,0.0,1.0,3.0,3.0,0.0,0.0,0.0,0.0,
ENG-Premier League,2425,2025-02-15 Aston Villa-Ipswich Town,Ipswich Town,Alex Palmer,False,Goalkeeper,1,start,end,1.0,0.0,0.0,0.0,0.0,0.0,0.0,1.0,6.0,23.0,0.0,0.0,0.0,0.0,
ENG-Premier League,2425,2025-02-15 Crystal Palace-Everton,Crystal Palace,Dean Henderson,True,Goalkeeper,1,start,end,1.0,0.0,0.0,0.0,0.0,0.0,0.0,2.0,4.0,8.0,0.0,0.0,0.0,0.0,
ENG-Premier League,2425,2025-02-15 Crystal Palace-Everton,Everton,Jordan Pickford,False,Goalkeeper,1,start,end,1.0,0.0,0.0,0.0,0.0,0.0,0.0,1.0,5.0,16.0,0.0,0.0,0.0,0.0,
ENG-Premier League,2425,2025-02-15 Fulham-Nottingham Forest,Fulham,Bernd Leno,True,Goalkeeper,1,start,end,1.0,0.0,0.0,0.0,0.0,0.0,0.0,1.0,1.0,7.0,0.0,0.0,0.0,0.0,
ENG-Premier League,2425,2025-02-15 Fulham-Nottingham Forest,Nottingham Forest,Matz Sels,False,Goalkeeper,1,start,end,1.0,0.0,0.0,0.0,0.0,0.0,0.0,2.0,8.0,21.0,0.0,0.0,0.0,0.0,
ENG-Premier League,2425,2025-02-15 Leicester City-Arsenal,Arsenal,David Raya,False,Goalkeeper,1,start,end,1.0,0.0,0.0,0.0,0.0,0.0,0.0,0.0,2.0,5.0,0.0,0.0,0.0,0.0,
ENG-Premier League,2425,2025-02-15 Leicester City-Arsenal,Leicester City,Mads Hermansen,True,Goalkeeper,1,start,end,1.0,0.0,0.0,0.0,0.0,0.0,0.0,2.0,3.0,7.0,0.0,0.0,0.0,0.0,
ENG-Premier League,2425,2025-02-15 Manchester City-Newcastle United,Manchester City,Ederson,True,Goalkeeper,1,start,end,1.0,0.0,0.0,0.0,0.0,0.0,0.0,0.0,1.0,3.0,1.0,0.0,0.0,0.0,
ENG-Premier League,2425,2025-02-15 Manchester City-Newcastle United,Newcastle United,Martin Dúbravka,False,Goalkeeper,1,start,end,1.0,0.0,0.0,0.0,0.0,0.0,0.0,4.0,3.0,7.0,0.0,0.0,0.0,0.0,
ENG-Premier League,2425,2025-02-15 Southampton-AFC Bournemouth,AFC Bournemouth,Kepa Arrizabalaga,False,Goalkeeper,1,start,end,1.0,0.0,1.0,0.0,0.0,0.0,0.0,1.0,3.0,10.0,0.0,0.0,0.0,0.0,
ENG-Premier League,2425,2025-02-15 Southampton-AFC Bournemouth,Southampton,Aaron Ramsdale,True,Goalkeeper,1,start,end,1.0,0.0,0.0,0.0,0.0,0.0,0.0,3.0,5.0,11.0,0.0,0.0,0.0,0.0,
ENG-Premier League,2425,2025-02-15 West Ham United-Brentford,Brentford,Mark Flekken,False,Goalkeeper,1,start,end,1.0,0.0,1.0,0.0,0.0,0.0,0.0,0.0,3.0,12.0,0.0,0.0,0.0,0.0,
ENG-Premier League,2425,2025-02-15 West Ham United-Brentford,West Ham United,Alphonse Areola,True,Goalkeeper,1,start,end,1.0,0.0,0.0,0.0,0.0,0.0,0.0,1.0,4.0,14.0,0.0,0.0,0.0,0.0,
ENG-Premier League,2425,2025-02-16 Liverpool-Wolverhampton Wanderers,Liverpool,Alisson Becker,True,Goalkeeper,1,start,end,1.0,0.0,0.0,0.0,0.0,0.0,0.0,1.0,3.0,14.0,0.0,0.0,0.0,0.0,
ENG-Premier League,2425,2025-02-16 Liverpool-Wolverhampton Wanderers,Wolverhampton Wanderers,José Sá,False,Goalkeeper,1,start,end,1.0,1.0,0.0,0.0,0.0,0.0,0.0,2.0,1.0,8.0,0.0,0.0,0.0,0.0,
ENG-Premier League,2425,2025-02-16 Tottenham Hotspur-Manchester United,Manchester United,André Onana,False,Goalkeeper,1,start,end,1.0,0.0,0.0,0.0,0.0,0.0,0.0,1.0,6.0,19.0,0.0,0.0,0.0,0.0,
ENG-Premier League,2425,2025-02-16 Tottenham Hotspur-Manchester United,Tottenham Hotspur,Guglielmo Vicario,True,Goalkeeper,1,start,end,1.0,0.0,0.0,0.0,0.0,0.0,0.0,0.0,6.0,16.0,0.0,0.0,0.0,0.0,
ENG-Premier League,2425,2025-02-19 Aston Villa-Liverpool,Aston Villa,Emiliano Martínez,True,Goalkeeper,1,start,end,1.0,0.0,0.0,0.0,0.0,0.0,0.0,2.0,1.0,16.0,0.0,0.0,0.0,0.0,
ENG-Premier League,2425,2025-02-19 Aston Villa-Liverpool,Liverpool,Alisson Becker,False,Goalkeeper,1,start,end,1.0,0.0,0.0,0.0,0.0,0.0,0.0,2.0,1.0,8.0,0.0,0.0,0.0,0.0,
ENG-Premier League,2425,2025-02-21 Leicester City-Brentford,Brentford,Mark Flekken,False,Goalkeeper,1,start,end,1.0,0.0,0.0,0.0,0.0,0.0,0.0,0.0,3.0,8.0,0.0,0.0,0.0,0.0,
ENG-Premier League,2425,2025-02-21 Leicester City-Brentford,Leicester City,Mads Hermansen,True,Goalkeeper,1,start,end,1.0,0.0,0.0,0.0,0.0,0.0,0.0,4.0,3.0,9.0,0.0,0.0,0.0,0.0,
ENG-Premier League,2425,2025-02-22 AFC Bournemouth-Wolverhampton Wanderers,AFC Bournemouth,Kepa Arrizabalaga,True,Goalkeeper,1,start,end,1.0,0.0,0.0,0.0,0.0,0.0,1.0,1.0,5.0,12.0,0.0,0.0,0.0,0.0,
ENG-Premier League,2425,2025-02-22 AFC Bournemouth-Wolverhampton Wanderers,Wolverhampton Wanderers,José Sá,False,Goalkeeper,1,start,end,1.0,0.0,0.0,0.0,0.0,0.0,0.0,0.0,3.0,8.0,0.0,0.0,0.0,0.0,
ENG-Premier League,2425,2025-02-22 Arsenal-West Ham United,Arsenal,David Raya,True,Goalkeeper,1,start,end,1.0,0.0,1.0,0.0,0.0,0.0,0.0,1.0,1.0,4.0,0.0,0.0,0.0,0.0,
ENG-Premier League,2425,2025-02-22 Arsenal-West Ham United,West Ham United,Alphonse Areola,False,Goalkeeper,1,start,end,1.0,0.0,0.0,0.0,0.0,0.0,0.0,0.0,2.0,18.0,0.0,0.0,0.0,0.0,
ENG-Premier League,2425,2025-02-22 Aston Villa-Chelsea,Aston Villa,Emiliano Martínez,True,Goalkeeper,1,start,end,1.0,0.0,0.0,0.0,0.0,0.0,0.0,1.0,5.0,12.0,0.0,0.0,0.0,0.0,
ENG-Premier League,2425,2025-02-22 Aston Villa-Chelsea,Chelsea,Filip Jørgensen,False,Goalkeeper,1,start,end,1.0,0.0,0.0,0.0,0.0,0.0,0.0,2.0,4.0,10.0,0.0,0.0,0.0,0.0,
ENG-Premier League,2425,2025-02-22 Everton-Manchester United,Everton,Jordan Pickford,True,Goalkeeper,1,start,end,1.0,0.0,0.0,0.0,0.0,0.0,0.0,2.0,1.0,7.0,0.0,0.0,0.0,0.0,
ENG-Premier League,2425,2025-02-22 Everton-Manchester United,Manchester United,André Onana,False,Goalkeeper,1,start,end,1.0,0.0,0.0,0.0,0.0,0.0,0.0,2.0,6.0,6.0,0.0,0.0,0.0,0.0,
ENG-Premier League,2425,2025-02-22 Fulham-Crystal Palace,Crystal Palace,Dean Henderson,False,Goalkeeper,1,start,end,1.0,0.0,0.0,0.0,0.0,0.0,0.0,0.0,0.0,9.0,0.0,0.0,0.0,0.0,
ENG-Premier League,2425,2025-02-22 Fulham-Crystal Palace,Fulham,Bernd Leno,True,Goalkeeper,1,start,end,1.0,0.0,0.0,0.0,0.0,0.0,0.0,2.0,4.0,8.0,0.0,0.0,0.0,0.0,
ENG-Premier League,2425,2025-02-22 Ipswich Town-Tottenham Hotspur,Ipswich Town,Alex Palmer,True,Goalkeeper,1,start,end,1.0,0.0,0.0,0.0,0.0,0.0,0.0,4.0,2.0,6.0,0.0,0.0,0.0,0.0,
ENG-Premier League,2425,2025-02-22 Ipswich Town-Tottenham Hotspur,Tottenham Hotspur,Guglielmo Vicario,False,Goalkeeper,1,start,end,1.0,0.0,0.0,0.0,0.0,0.0,0.0,1.0,4.0,14.0,0.0,0.0,0.0,0.0,
ENG-Premier League,2425,2025-02-22 Southampton-Brighton & Hove Albion,Brighton & Hove Albion,Bart Verbruggen,False,Goalkeeper,1,start,end,1.0,0.0,0.0,0.0,0.0,0.0,0.0,0.0,1.0,5.0,0.0,0.0,0.0,0.0,
ENG-Premier League,2425,2025-02-22 Southampton-Brighton & Hove Albion,Southampton,Aaron Ramsdale,True,Goalkeeper,1,start,end,1.0,0.0,0.0,0.0,0.0,0.0,1.0,4.0,8.0,14.0,0.0,0.0,0.0,0.0,
ENG-Premier League,2425,2025-02-23 Manchester City-Liverpool,Liverpool,Alisson Becker,False,Goalkeeper,1,start,end,1.0,0.0,0.0,0.0,0.0,0.0,0.0,0.0,5.0,16.0,0.0,0.0,0.0,0.0,
ENG-Premier League,2425,2025-02-23 Manchester City-Liverpool,Manchester City,Ederson,True,Goalkeeper,1,start,end,1.0,0.0,0.0,0.0,0.0,0.0,0.0,2.0,2.0,6.0,0.0,0.0,0.0,0.0,
ENG-Premier League,2425,2025-02-23 Newcastle United-Nottingham Forest,Newcastle United,Nick Pope,True,Goalkeeper,1,start,end,1.0,0.0,0.0,0.0,0.0,0.0,0.0,3.0,2.0,15.0,0.0,0.0,0.0,0.0,
ENG-Premier League,2425,2025-02-23 Newcastle United-Nottingham Forest,Nottingham Forest,Matz Sels,False,Goalkeeper,1,start,end,1.0,0.0,1.0,0.0,0.0,0.0,0.0,4.0,1.0,8.0,0.0,0.0,0.0,0.0,
ENG-Premier League,2425,2025-02-25 Brighton & Hove Albion-AFC Bournemouth,AFC Bournemouth,Kepa Arrizabalaga,False,Goalkeeper,1,start,end,1.0,1.0,0.0,0.0,0.0,0.0,0.0,2.0,2.0,9.0,0.0,0.0,0.0,1.0,
ENG-Premier League,2425,2025-02-25 Brighton & Hove Albion-AFC Bournemouth,Brighton & Hove Albion,Bart Verbruggen,True,Goalkeeper,1,start,end,1.0,0.0,1.0,0.0,0.0,0.0,0.0,1.0,4.0,18.0,0.0,0.0,0.0,0.0,
ENG-Premier League,2425,2025-02-25 Chelsea-Southampton,Chelsea,Filip Jørgensen,True,Goalkeeper,1,start,end,1.0,0.0,1.0,0.0,0.0,0.0,0.0,0.0,2.0,7.0,0.0,0.0,0.0,0.0,
ENG-Premier League,2425,2025-02-25 Chelsea-Southampton,Southampton,Aaron Ramsdale,False,Goalkeeper,1,start,end,1.0,0.0,0.0,0.0,0.0,0.0,0.0,4.0,6.0,15.0,0.0,0.0,0.0,0.0,
ENG-Premier League,2425,2025-02-25 Crystal Palace-Aston Villa,Aston Villa,Emiliano Martínez,False,Goalkeeper,1,start,45,1.0,0.0,0.0,0.0,0.0,0.0,0.0,1.0,2.0,6.0,0.0,0.0,0.0,0.0,
ENG-Premier League,2425,2025-02-25 Crystal Palace-Aston Villa,Crystal Palace,Dean Henderson,True,Goalkeeper,1,start,end,1.0,0.0,0.0,0.0,0.0,0.0,0.0,1.0,1.0,5.0,0.0,0.0,0.0,0.0,
ENG-Premier League,2425,2025-02-25 Wolverhampton Wanderers-Fulham,Fulham,Bernd Leno,False,Goalkeeper,1,start,end,1.0,0.0,0.0,0.0,0.0,0.0,0.0,1.0,4.0,14.0,0.0,0.0,0.0,0.0,
ENG-Premier League,2425,2025-02-25 Wolverhampton Wanderers-Fulham,Wolverhampton Wanderers,José Sá,True,Goalkeeper,1,start,end,1.0,0.0,0.0,0.0,0.0,0.0,0.0,2.0,3.0,8.0,0.0,0.0,0.0,0.0,
ENG-Premier League,2425,2025-02-26 Brentford-Everton,Brentford,Mark Flekken,True,Goalkeeper,1,start,end,1.0,0.0,0.0,0.0,0.0,0.0,0.0,1.0,3.0,13.0,0.0,0.0,0.0,0.0,
ENG-Premier League,2425,2025-02-26 Brentford-Everton,Everton,Jordan Pickford,False,Goalkeeper,1,start,end,1.0,0.0,0.0,0.0,0.0,0.0,0.0,1.0,2.0,11.0,0.0,0.0,0.0,0.0,
ENG-Premier League,2425,2025-02-26 Liverpool-Newcastle United,Liverpool,Alisson Becker,True,Goalkeeper,1,start,end,1.0,0.0,0.0,0.0,0.0,0.0,0.0,0.0,1.0,3.0,0.0,0.0,0.0,0.0,
ENG-Premier League,2425,2025-02-26 Liverpool-Newcastle United,Newcastle United,Nick Pope,False,Goalkeeper,1,start,end,1.0,0.0,1.0,0.0,0.0,0.0,0.0,2.0,1.0,10.0,0.0,0.0,0.0,0.0,
ENG-Premier League,2425,2025-02-26 Manchester United-Ipswich Town,Ipswich Town,Alex Palmer,False,Goalkeeper,1,start,end,1.0,0.0,0.0,0.0,0.0,0.0,0.0,3.0,4.0,7.0,0.0,0.0,0.0,0.0,
ENG-Premier League,2425,2025-02-26 Manchester United-Ipswich Town,Manchester United,André Onana,True,Goalkeeper,1,start,end,1.0,0.0,0.0,0.0,0.0,0.0,0.0,2.0,1.0,10.0,0.0,0.0,0.0,0.0,
ENG-Premier League,2425,2025-02-26 Nottingham Forest-Arsenal,Arsenal,David Raya,False,Goalkeeper,1,start,end,1.0,0.0,0.0,0.0,0.0,0.0,0.0,0.0,2.0,6.0,0.0,0.0,0.0,0.0,
ENG-Premier League,2425,2025-02-26 Nottingham Forest-Arsenal,Nottingham Forest,Matz Sels,True,Goalkeeper,1,start,end,1.0,0.0,0.0,0.0,0.0,0.0,0.0,0.0,1.0,13.0,0.0,0.0,0.0,0.0,
ENG-Premier League,2425,2025-02-26 Tottenham Hotspur-Manchester City,Manchester City,Ederson,False,Goalkeeper,1,start,end,1.0,0.0,0.0,0.0,0.0,0.0,0.0,0.0,6.0,11.0,0.0,0.0,0.0,0.0,
ENG-Premier League,2425,2025-02-26 Tottenham Hotspur-Manchester City,Tottenham Hotspur,Guglielmo Vicario,True,Goalkeeper,1,start,end,1.0,0.0,0.0,0.0,0.0,0.0,0.0,1.0,4.0,11.0,0.0,0.0,0.0,0.0,
ENG-Premier League,2425,2025-02-27 West Ham United-Leicester City,Leicester City,Mads Hermansen,False,Goalkeeper,1,start,end,1.0,0.0,0.0,0.0,0.0,0.0,0.0,2.0,1.0,8.0,0.0,0.0,0.0,0.0,
ENG-Premier League,2425,2025-02-27 West Ham United-Leicester City,West Ham United,Alphonse Areola,True,Goalkeeper,1,start,end,1.0,0.0,0.0,0.0,0.0,0.0,0.0,0.0,2.0,9.0,0.0,0.0,0.0,0.0,
ENG-Premier League,2425,2025-03-08 Brentford-Aston Villa,Aston Villa,Robin Olsen,False,Goalkeeper,1,start,end,1.0,0.0,0.0,0.0,0.0,0.0,0.0,0.0,3.0,12.0,0.0,0.0,0.0,0.0,
ENG-Premier League,2425,2025-03-08 Brentford-Aston Villa,Brentford,Mark Flekken,True,Goalkeeper,1,start,end,1.0,0.0,0.0,0.0,0.0,0.0,0.0,1.0,3.0,11.0,0.0,0.0,0.0,0.0,
ENG-Premier League,2425,2025-03-08 Brighton & Hove Albion-Fulham,Brighton & Hove Albion,Bart Verbruggen,True,Goalkeeper,1,start,end,1.0,0.0,0.0,0.0,0.0,0.0,0.0,1.0,0.0,5.0,0.0,0.0,0.0,0.0,
ENG-Premier League,2425,2025-03-08 Brighton & Hove Albion-Fulham,Fulham,Bernd Leno,False,Goalkeeper,1,start,end,1.0,0.0,0.0,0.0,0.0,0.0,0.0,2.0,2.0,7.0,0.0,0.0,0.0,0.0,
ENG-Premier League,2425,2025-03-08 Crystal Palace-Ipswich Town,Crystal Palace,Dean Henderson,True,Goalkeeper,1,start,end,1.0,0.0,0.0,0.0,0.0,0.0,0.0,0.0,7.0,14.0,0.0,0.0,0.0,0.0,
ENG-Premier League,2425,2025-03-08 Crystal Palace-Ipswich Town,Ipswich Town,Alex Palmer,False,Goalkeeper,1,start,end,1.0,0.0,0.0,0.0,0.0,0.0,0.0,1.0,4.0,17.0,0.0,0.0,0.0,0.0,
ENG-Premier League,2425,2025-03-08 Liverpool-Southampton,Liverpool,Alisson Becker,True,Goalkeeper,1,start,end,1.0,0.0,0.0,0.0,0.0,0.0,0.0,1.0,3.0,5.0,0.0,0.0,0.0,0.0,
ENG-Premier League,2425,2025-03-08 Liverpool-Southampton,Southampton,Aaron Ramsdale,False,Goalkeeper,1,start,end,1.0,0.0,1.0,0.0,0.0,0.0,0.0,3.0,4.0,24.0,0.0,0.0,0.0,0.0,
ENG-Premier League,2425,2025-03-08 Nottingham Forest-Manchester City,Manchester City,Ederson,False,Goalkeeper,1,start,end,1.0,0.0,0.0,0.0,0.0,0.0,0.0,1.0,3.0,8.0,0.0,0.0,0.0,0.0,
ENG-Premier League,2425,2025-03-08 Nottingham Forest-Manchester City,Nottingham Forest,Matz Sels,True,Goalkeeper,1,start,end,1.0,0.0,0.0,0.0,0.0,0.0,0.0,0.0,3.0,14.0,0.0,0.0,0.0,0.0,
ENG-Premier League,2425,2025-03-08 Wolverhampton Wanderers-Everton,Everton,Jordan Pickford,False,Goalkeeper,1,start,end,1.0,0.0,0.0,0.0,0.0,0.0,0.0,1.0,2.0,10.0,0.0,0.0,0.0,0.0,
ENG-Premier League,2425,2025-03-08 Wolverhampton Wanderers-Everton,Wolverhampton Wanderers,José Sá,True,Goalkeeper,1,start,end,1.0,0.0,0.0,0.0,0.0,0.0,0.0,1.0,3.0,10.0,0.0,0.0,0.0,0.0,
ENG-Premier League,2425,2025-03-09 Chelsea-Leicester City,Chelsea,Robert Sánchez,True,Goalkeeper,1,start,end,1.0,0.0,1.0,0.0,0.0,0.0,0.0,0.0,3.0,2.0,0.0,0.0,0.0,0.0,
ENG-Premier League,2425,2025-03-09 Chelsea-Leicester City,Leicester City,Mads Hermansen,False,Goalkeeper,1,start,end,1.0,0.0,0.0,0.0,0.0,0.0,0.0,1.0,6.0,19.0,0.0,0.0,0.0,0.0,
ENG-Premier League,2425,2025-03-09 Manchester United-Arsenal,Arsenal,David Raya,False,Goalkeeper,1,start,end,1.0,0.0,0.0,0.0,0.0,0.0,0.0,1.0,5.0,9.0,0.0,0.0,0.0,0.0,
ENG-Premier League,2425,2025-03-09 Manchester United-Arsenal,Manchester United,André Onana,True,Goalkeeper,1,start,end,1.0,0.0,0.0,0.0,0.0,0.0,0.0,1.0,5.0,17.0,0.0,0.0,0.0,0.0,
ENG-Premier League,2425,2025-03-09 Tottenham Hotspur-AFC Bournemouth,AFC Bournemouth,Kepa Arrizabalaga,False,Goalkeeper,1,start,end,1.0,1.0,0.0,0.0,0.0,0.0,0.0,2.0,2.0,9.0,0.0,0.0,0.0,0.0,
ENG-Premier League,2425,2025-03-09 Tottenham Hotspur-AFC Bournemouth,Tottenham Hotspur,Guglielmo Vicario,True,Goalkeeper,1,start,end,1.0,0.0,0.0,0.0,0.0,0.0,0.0,2.0,6.0,14.0,0.0,0.0,0.0,0.0,
ENG-Premier League,2425,2025-03-10 West Ham United-Newcastle United,Newcastle United,Nick Pope,False,Goalkeeper,1,start,end,1.0,0.0,0.0,0.0,0.0,0.0,0.0,0.0,2.0,8.0,0.0,0.0,0.0,0.0,
ENG-Premier League,2425,2025-03-10 West Ham United-Newcastle United,West Ham United,Alphonse Areola,True,Goalkeeper,1,start,end,1.0,0.0,0.0,0.0,0.0,0.0,0.0,1.0,3.0,8.0,0.0,0.0,0.0,0.0,
ENG-Premier League,2425,2025-03-15 AFC Bournemouth-Brentford,AFC Bournemouth,Kepa Arrizabalaga,True,Goalkeeper,1,start,end,1.0,0.0,0.0,0.0,0.0,0.0,0.0,2.0,2.0,8.0,0.0,0.0,0.0,0.0,
ENG-Premier League,2425,2025-03-15 AFC Bournemouth-Brentford,Brentford,Mark Flekken,False,Goalkeeper,1,start,end,1.0,0.0,0.0,0.0,0.0,0.0,0.0,1.0,5.0,20.0,0.0,0.0,0.0,0.0,
ENG-Premier League,2425,2025-03-15 Everton-West Ham United,Everton,Jordan Pickford,True,Goalkeeper,1,start,end,1.0,0.0,0.0,0.0,0.0,0.0,0.0,1.0,5.0,8.0,0.0,0.0,0.0,0.0,
ENG-Premier League,2425,2025-03-15 Everton-West Ham United,West Ham United,Alphonse Areola,False,Goalkeeper,1,start,end,1.0,0.0,0.0,0.0,0.0,0.0,0.0,1.0,4.0,10.0,0.0,0.0,0.0,0.0,
ENG-Premier League,2425,2025-03-15 Ipswich Town-Nottingham Forest,Ipswich Town,Alex Palmer,True,Goalkeeper,1,start,end,1.0,0.0,0.0,0.0,0.0,0.0,0.0,4.0,2.0,7.0,0.0,0.0,0.0,0.0,
ENG-Premier League,2425,2025-03-15 Ipswich Town-Nottingham Forest,Nottingham Forest,Matz Sels,False,Goalkeeper,1,start,end,1.0,0.0,0.0,0.0,0.0,0.0,0.0,2.0,1.0,9.0,0.0,0.0,0.0,0.0,
ENG-Premier League,2425,2025-03-15 Manchester City-Brighton & Hove Albion,Brighton & Hove Albion,Bart Verbruggen,False,Goalkeeper,1,start,end,1.0,0.0,0.0,0.0,0.0,0.0,1.0,2.0,1.0,10.0,0.0,0.0,0.0,0.0,
ENG-Premier League,2425,2025-03-15 Manchester City-Brighton & Hove Albion,Manchester City,Stefan Ortega,True,Goalkeeper,1,start,end,1.0,0.0,1.0,0.0,0.0,0.0,0.0,2.0,2.0,14.0,0.0,0.0,0.0,0.0,
ENG-Premier League,2425,2025-03-15 Southampton-Wolverhampton Wanderers,Southampton,Aaron Ramsdale,True,Goalkeeper,1,start,end,1.0,0.0,0.0,0.0,0.0,0.0,0.0,2.0,1.0,3.0,0.0,0.0,0.0,0.0,
ENG-Premier League,2425,2025-03-15 Southampton-Wolverhampton Wanderers,Wolverhampton Wanderers,José Sá,False,Goalkeeper,1,start,end,1.0,0.0,1.0,0.0,0.0,0.0,0.0,1.0,2.0,9.0,0.0,0.0,0.0,0.0,
ENG-Premier League,2425,2025-03-16 Arsenal-Chelsea,Arsenal,David Raya,True,Goalkeeper,1,start,end,1.0,0.0,0.0,0.0,0.0,0.0,0.0,0.0,2.0,7.0,0.0,0.0,0.0,0.0,
ENG-Premier League,2425,2025-03-16 Arsenal-Chelsea,Chelsea,Robert Sánchez,False,Goalkeeper,1,start,end,1.0,0.0,0.0,0.0,0.0,0.0,0.0,1.0,4.0,11.0,0.0,0.0,0.0,0.0,
ENG-Premier League,2425,2025-03-16 Fulham-Tottenham Hotspur,Fulham,Bernd Leno,True,Goalkeeper,1,start,end,1.0,0.0,0.0,0.0,0.0,0.0,0.0,0.0,4.0,12.0,0.0,0.0,0.0,0.0,
ENG-Premier League,2425,2025-03-16 Fulham-Tottenham Hotspur,Tottenham Hotspur,Guglielmo Vicario,False,Goalkeeper,1,start,end,1.0,0.0,0.0,0.0,0.0,0.0,0.0,2.0,2.0,11.0,0.0,0.0,0.0,0.0,
ENG-Premier League,2425,2025-03-16 Leicester City-Manchester United,Leicester City,Mads Hermansen,True,Goalkeeper,1,start,end,1.0,0.0,0.0,0.0,0.0,0.0,0.0,3.0,2.0,14.0,0.0,0.0,0.0,0.0,
ENG-Premier League,2425,2025-03-16 Leicester City-Manchester United,Manchester United,André Onana,False,Goalkeeper,1,start,end,1.0,0.0,0.0,0.0,0.0,0.0,0.0,0.0,3.0,11.0,0.0,0.0,0.0,0.0,
ENG-Premier League,2425,2025-04-01 Arsenal-Fulham,Arsenal,David Raya,True,Goalkeeper,1,start,end,1.0,0.0,0.0,0.0,0.0,0.0,0.0,1.0,2.0,8.0,0.0,0.0,0.0,0.0,
ENG-Premier League,2425,2025-04-01 Arsenal-Fulham,Fulham,Bernd Leno,False,Goalkeeper,1,start,end,1.0,0.0,0.0,0.0,0.0,0.0,0.0,2.0,3.0,16.0,0.0,0.0,0.0,0.0,
ENG-Premier League,2425,2025-04-01 Nottingham Forest-Manchester United,Manchester United,André Onana,False,Goalkeeper,1,start,end,1.0,0.0,0.0,0.0,0.0,0.0,0.0,1.0,1.0,6.0,0.0,0.0,0.0,0.0,
ENG-Premier League,2425,2025-04-01 Nottingham Forest-Manchester United,Nottingham Forest,Matz Sels,True,Goalkeeper,1,start,end,1.0,0.0,1.0,0.0,0.0,0.0,0.0,0.0,5.0,23.0,0.0,0.0,0.0,0.0,
ENG-Premier League,2425,2025-04-01 Wolverhampton Wanderers-West Ham United,West Ham United,Alphonse Areola,False,Goalkeeper,1,start,end,1.0,0.0,0.0,0.0,0.0,0.0,0.0,1.0,1.0,9.0,0.0,0.0,0.0,0.0,
ENG-Premier League,2425,2025-04-01 Wolverhampton Wanderers-West Ham United,Wolverhampton Wanderers,José Sá,True,Goalkeeper,1,start,end,1.0,0.0,0.0,0.0,0.0,0.0,1.0,0.0,1.0,10.0,0.0,0.0,0.0,0.0,
ENG-Premier League,2425,2025-04-02 AFC Bournemouth-Ipswich Town,AFC Bournemouth,Kepa Arrizabalaga,True,Goalkeeper,1,start,end,1.0,0.0,0.0,0.0,0.0,0.0,0.0,2.0,0.0,8.0,0.0,0.0,0.0,0.0,
ENG-Premier League,2425,2025-04-02 AFC Bournemouth-Ipswich Town,Ipswich Town,Alex Palmer,False,Goalkeeper,1,start,end,1.0,0.0,0.0,0.0,0.0,0.0,0.0,1.0,5.0,22.0,0.0,0.0,0.0,0.0,
ENG-Premier League,2425,2025-04-02 Brighton & Hove Albion-Aston Villa,Aston Villa,Emiliano Martínez,False,Goalkeeper,1,start,end,1.0,0.0,0.0,0.0,0.0,0.0,1.0,0.0,4.0,11.0,0.0,0.0,0.0,0.0,
ENG-Premier League,2425,2025-04-02 Brighton & Hove Albion-Aston Villa,Brighton & Hove Albion,Bart Verbruggen,True,Goalkeeper,1,start,end,1.0,0.0,0.0,0.0,0.0,0.0,0.0,3.0,2.0,5.0,0.0,0.0,0.0,0.0,
ENG-Premier League,2425,2025-04-02 Liverpool-Everton,Everton,Jordan Pickford,False,Goalkeeper,1,start,end,1.0,0.0,0.0,0.0,0.0,0.0,0.0,1.0,3.0,15.0,0.0,0.0,0.0,0.0,
ENG-Premier League,2425,2025-04-02 Liverpool-Everton,Liverpool,Caoimhín Kelleher,True,Goalkeeper,1,start,end,1.0,0.0,2.0,0.0,0.0,0.0,0.0,0.0,0.0,5.0,0.0,0.0,0.0,0.0,
ENG-Premier League,2425,2025-04-02 Manchester City-Leicester City,Leicester City,Mads Hermansen,False,Goalkeeper,1,start,end,1.0,0.0,0.0,0.0,0.0,0.0,0.0,2.0,3.0,16.0,0.0,0.0,0.0,0.0,
ENG-Premier League,2425,2025-04-02 Manchester City-Leicester City,Manchester City,Ederson,True,Goalkeeper,1,start,end,1.0,0.0,0.0,0.0,0.0,0.0,0.0,0.0,0.0,3.0,0.0,0.0,0.0,0.0,
ENG-Premier League,2425,2025-04-02 Newcastle United-Brentford,Brentford,Mark Flekken,False,Goalkeeper,1,start,end,1.0,0.0,0.0,0.0,0.0,0.0,0.0,2.0,2.0,19.0,0.0,0.0,0.0,0.0,
ENG-Premier League,2425,2025-04-02 Newcastle United-Brentford,Newcastle United,Nick Pope,True,Goalkeeper,1,start,end,1.0,1.0,1.0,0.0,0.0,0.0,0.0,1.0,2.0,11.0,0.0,0.0,0.0,0.0,
ENG-Premier League,2425,2025-04-02 Southampton-Crystal Palace,Crystal Palace,Dean Henderson,False,Goalkeeper,1,start,end,1.0,0.0,0.0,0.0,0.0,0.0,0.0,1.0,1.0,8.0,0.0,0.0,0.0,0.0,
ENG-Premier League,2425,2025-04-02 Southampton-Crystal Palace,Southampton,Aaron Ramsdale,True,Goalkeeper,1,start,end,1.0,0.0,0.0,0.0,0.0,0.0,0.0,1.0,2.0,8.0,0.0,0.0,0.0,0.0,
ENG-Premier League,2425,2025-04-03 Chelsea-Tottenham Hotspur,Chelsea,Robert Sánchez,True,Goalkeeper,1,start,end,1.0,0.0,0.0,0.0,0.0,0.0,0.0,0.0,2.0,8.0,0.0,0.0,0.0,0.0,
ENG-Premier League,2425,2025-04-03 Chelsea-Tottenham Hotspur,Tottenham Hotspur,Guglielmo Vicario,False,Goalkeeper,1,start,end,1.0,0.0,0.0,0.0,0.0,0.0,0.0,1.0,5.0,10.0,0.0,0.0,0.0,0.0,
ENG-Premier League,2425,2025-04-05 Aston Villa-Nottingham Forest,Aston Villa,Emiliano Martínez,True,Goalkeeper,1,start,end,1.0,0.0,1.0,0.0,0.0,0.0,1.0,1.0,2.0,18.0,0.0,0.0,0.0,0.0,
ENG-Premier League,2425,2025-04-05 Aston Villa-Nottingham Forest,Nottingham Forest,Matz Sels,False,Goalkeeper,1,start,end,1.0,0.0,0.0,0.0,0.0,0.0,0.0,2.0,6.0,15.0,0.0,0.0,0.0,0.0,
ENG-Premier League,2425,2025-04-05 Crystal Palace-Brighton & Hove Albion,Brighton & Hove Albion,Bart Verbruggen,False,Goalkeeper,1,start,end,1.0,0.0,0.0,0.0,0.0,0.0,0.0,2.0,1.0,7.0,0.0,0.0,0.0,0.0,
ENG-Premier League,2425,2025-04-05 Crystal Palace-Brighton & Hove Albion,Crystal Palace,Dean Henderson,True,Goalkeeper,1,start,end,1.0,0.0,0.0,0.0,0.0,0.0,0.0,1.0,4.0,10.0,0.0,0.0,0.0,0.0,
ENG-Premier League,2425,2025-04-05 Everton-Arsenal,Arsenal,David Raya,False,Goalkeeper,1,start,end,1.0,0.0,0.0,0.0,0.0,0.0,0.0,1.0,1.0,4.0,0.0,0.0,0.0,0.0,
ENG-Premier League,2425,2025-04-05 Everton-Arsenal,Everton,Jordan Pickford,True,Goalkeeper,1,start,end,1.0,0.0,0.0,0.0,0.0,0.0,0.0,1.0,3.0,13.0,0.0,0.0,0.0,0.0,
ENG-Premier League,2425,2025-04-05 Ipswich Town-Wolverhampton Wanderers,Ipswich Town,Alex Palmer,True,Goalkeeper,1,start,end,1.0,0.0,0.0,0.0,0.0,0.0,1.0,2.0,4.0,21.0,0.0,0.0,0.0,0.0,
ENG-Premier League,2425,2025-04-05 Ipswich Town-Wolverhampton Wanderers,Wolverhampton Wanderers,José Sá,False,Goalkeeper,1,start,end,1.0,0.0,1.0,0.0,0.0,0.0,0.0,1.0,1.0,5.0,0.0,0.0,0.0,0.0,
ENG-Premier League,2425,2025-04-05 West Ham United-AFC Bournemouth,AFC Bournemouth,Kepa Arrizabalaga,False,Goalkeeper,1,start,end,1.0,0.0,0.0,0.0,0.0,0.0,0.0,2.0,2.0,7.0,0.0,0.0,0.0,0.0,
ENG-Premier League,2425,2025-04-05 West Ham United-AFC Bournemouth,West Ham United,Alphonse Areola,True,Goalkeeper,1,start,end,1.0,0.0,0.0,0.0,0.0,0.0,0.0,2.0,4.0,9.0,0.0,0.0,0.0,0.0,
ENG-Premier League,2425,2025-04-06 Brentford-Chelsea,Brentford,Mark Flekken,True,Goalkeeper,1,start,end,1.0,0.0,0.0,0.0,0.0,0.0,0.0,0.0,6.0,21.0,0.0,0.0,0.0,0.0,
ENG-Premier League,2425,2025-04-06 Brentford-Chelsea,Chelsea,Robert Sánchez,False,Goalkeeper,1,start,end,1.0,0.0,0.0,0.0,0.0,0.0,0.0,0.0,2.0,9.0,0.0,0.0,0.0,0.0,
ENG-Premier League,2425,2025-04-06 Fulham-Liverpool,Fulham,Bernd Leno,True,Goalkeeper,1,start,end,1.0,0.0,0.0,0.0,0.0,0.0,1.0,2.0,4.0,12.0,0.0,0.0,0.0,0.0,
ENG-Premier League,2425,2025-04-06 Fulham-Liverpool,Liverpool,Caoimhín Kelleher,False,Goalkeeper,1,start,end,1.0,0.0,0.0,0.0,0.0,0.0,0.0,3.0,3.0,9.0,0.0,0.0,0.0,0.0,
ENG-Premier League,2425,2025-04-06 Manchester United-Manchester City,Manchester City,Ederson,False,Goalkeeper,1,start,end,1.0,0.0,0.0,0.0,0.0,0.0,0.0,0.0,2.0,13.0,0.0,0.0,0.0,0.0,
ENG-Premier League,2425,2025-04-06 Manchester United-Manchester City,Manchester United,André Onana,True,Goalkeeper,1,start,end,1.0,0.0,0.0,0.0,0.0,0.0,0.0,0.0,6.0,8.0,0.0,0.0,0.0,0.0,
ENG-Premier League,2425,2025-04-06 Tottenham Hotspur-Southampton,Southampton,Aaron Ramsdale,False,Goalkeeper,1,start,end,1.0,0.0,0.0,0.0,0.0,0.0,0.0,3.0,5.0,10.0,0.0,0.0,0.0,0.0,
ENG-Premier League,2425,2025-04-06 Tottenham Hotspur-Southampton,Tottenham Hotspur,Guglielmo Vicario,True,Goalkeeper,1,start,end,1.0,0.0,0.0,0.0,0.0,0.0,0.0,1.0,3.0,10.0,0.0,0.0,0.0,0.0,
ENG-Premier League,2425,2025-04-07 Leicester City-Newcastle United,Leicester City,Mads Hermansen,True,Goalkeeper,1,start,end,1.0,0.0,0.0,0.0,0.0,0.0,0.0,3.0,2.0,13.0,0.0,0.0,0.0,0.0,
ENG-Premier League,2425,2025-04-07 Leicester City-Newcastle United,Newcastle United,Nick Pope,False,Goalkeeper,1,start,end,1.0,0.0,1.0,0.0,0.0,0.0,0.0,0.0,2.0,7.0,0.0,0.0,0.0,0.0,
ENG-Premier League,2425,2025-04-12 Arsenal-Brentford,Arsenal,David Raya,True,Goalkeeper,1,start,end,1.0,0.0,0.0,0.0,0.0,0.0,0.0,1.0,1.0,3.0,0.0,0.0,0.0,0.0,
ENG-Premier League,2425,2025-04-12 Arsenal-Brentford,Brentford,Mark Flekken,False,Goalkeeper,1,start,end,1.0,0.0,0.0,0.0,0.0,0.0,0.0,1.0,3.0,14.0,0.0,0.0,0.0,0.0,
ENG-Premier League,2425,2025-04-12 Brighton & Hove Albion-Leicester City,Brighton & Hove Albion,Bart Verbruggen,True,Goalkeeper,1,start,end,1.0,0.0,0.0,0.0,0.0,0.0,0.0,2.0,4.0,13.0,0.0,0.0,0.0,0.0,
ENG-Premier League,2425,2025-04-12 Brighton & Hove Albion-Leicester City,Leicester City,Mads Hermansen,False,Goalkeeper,1,start,end,1.0,0.0,0.0,0.0,0.0,0.0,1.0,2.0,5.0,19.0,0.0,0.0,0.0,0.0,
ENG-Premier League,2425,2025-04-12 Manchester City-Crystal Palace,Crystal Palace,Dean Henderson,False,Goalkeeper,1,start,end,1.0,0.0,0.0,0.0,0.0,0.0,0.0,5.0,3.0,15.0,0.0,0.0,0.0,0.0,
ENG-Premier League,2425,2025-04-12 Manchester City-Crystal Palace,Manchester City,Ederson,True,Goalkeeper,1,start,71,1.0,0.0,0.0,0.0,0.0,0.0,0.0,2.0,0.0,3.0,1.0,0.0,0.0,0.0,
ENG-Premier League,2425,2025-04-12 Nottingham Forest-Everton,Everton,Jordan Pickford,False,Goalkeeper,1,start,end,1.0,0.0,0.0,0.0,0.0,0.0,0.0,0.0,5.0,10.0,0.0,0.0,0.0,0.0,
ENG-Premier League,2425,2025-04-12 Nottingham Forest-Everton,Nottingham Forest,Matz Sels,True,Goalkeeper,1,start,end,1.0,0.0,1.0,0.0,0.0,0.0,0.0,1.0,4.0,12.0,0.0,0.0,0.0,0.0,
ENG-Premier League,2425,2025-04-12 Southampton-Aston Villa,Aston Villa,Emiliano Martínez,False,Goalkeeper,1,start,end,1.0,0.0,0.0,0.0,0.0,0.0,0.0,0.0,2.0,7.0,0.0,0.0,0.0,0.0,
ENG-Premier League,2425,2025-04-12 Southampton-Aston Villa,Southampton,Aaron Ramsdale,True,Goalkeeper,1,start,end,1.0,0.0,0.0,0.0,0.0,0.0,0.0,3.0,5.0,19.0,0.0,0.0,0.0,0.0,
ENG-Premier League,2425,2025-04-13 Chelsea-Ipswich Town,Chelsea,Robert Sánchez,True,Goalkeeper,1,start,end,1.0,0.0,0.0,0.0,0.0,0.0,0.0,2.0,2.0,11.0,0.0,0.0,0.0,0.0,
ENG-Premier League,2425,2025-04-13 Chelsea-Ipswich Town,Ipswich Town,Alex Palmer,False,Goalkeeper,1,start,end,1.0,0.0,1.0,0.0,0.0,0.0,1.0,2.0,8.0,33.0,0.0,0.0,0.0,0.0,
ENG-Premier League,2425,2025-04-13 Liverpool-West Ham United,Liverpool,Alisson Becker,True,Goalkeeper,1,start,end,1.0,0.0,0.0,0.0,0.0,0.0,0.0,1.0,4.0,11.0,0.0,0.0,0.0,0.0,
ENG-Premier League,2425,2025-04-13 Liverpool-West Ham United,West Ham United,Alphonse Areola,False,Goalkeeper,1,start,end,1.0,0.0,0.0,0.0,0.0,0.0,0.0,2.0,4.0,12.0,0.0,0.0,0.0,0.0,
ENG-Premier League,2425,2025-04-13 Newcastle United-Manchester United,Manchester United,Altay Bayindir,False,Goalkeeper,1,start,end,1.0,0.0,0.0,0.0,0.0,0.0,0.0,4.0,2.0,9.0,0.0,0.0,0.0,0.0,
ENG-Premier League,2425,2025-04-13 Newcastle United-Manchester United,Newcastle United,Nick Pope,True,Goalkeeper,1,start,end,1.0,0.0,0.0,0.0,0.0,0.0,0.0,1.0,4.0,8.0,0.0,0.0,0.0,0.0,
ENG-Premier League,2425,2025-04-13 Wolverhampton Wanderers-Tottenham Hotspur,Tottenham Hotspur,Guglielmo Vicario,False,Goalkeeper,1,start,end,1.0,0.0,0.0,0.0,0.0,0.0,0.0,4.0,2.0,10.0,0.0,0.0,0.0,0.0,
ENG-Premier League,2425,2025-04-13 Wolverhampton Wanderers-Tottenham Hotspur,Wolverhampton Wanderers,José Sá,True,Goalkeeper,1,start,end,1.0,0.0,0.0,0.0,0.0,0.0,0.0,2.0,2.0,8.0,0.0,0.0,0.0,0.0,
ENG-Premier League,2425,2025-04-14 AFC Bournemouth-Fulham,AFC Bournemouth,Kepa Arrizabalaga,True,Goalkeeper,1,start,end,1.0,0.0,0.0,0.0,0.0,0.0,0.0,0.0,7.0,12.0,0.0,0.0,0.0,0.0,
ENG-Premier League,2425,2025-04-14 AFC Bournemouth-Fulham,Fulham,Bernd Leno,False,Goalkeeper,1,start,end,1.0,0.0,0.0,0.0,0.0,0.0,0.0,1.0,2.0,10.0,0.0,0.0,0.0,0.0,
ENG-Premier League,2425,2025-04-16 Newcastle United-Crystal Palace,Crystal Palace,Dean Henderson,False,Goalkeeper,1,start,end,1.0,0.0,0.0,0.0,0.0,0.0,0.0,5.0,3.0,9.0,0.0,0.0,0.0,0.0,
ENG-Premier League,2425,2025-04-16 Newcastle United-Crystal Palace,Newcastle United,Nick Pope,True,Goalkeeper,1,start,end,1.0,1.0,1.0,0.0,0.0,0.0,0.0,0.0,3.0,10.0,0.0,0.0,0.0,0.0,
ENG-Premier League,2425,2025-04-19 Aston Villa-Newcastle United,Aston Villa,Emiliano Martínez,True,Goalkeeper,1,start,end,1.0,0.0,0.0,0.0,0.0,0.0,0.0,1.0,2.0,10.0,0.0,0.0,0.0,0.0,
ENG-Premier League,2425,2025-04-19 Aston Villa-Newcastle United,Newcastle United,Nick Pope,False,Goalkeeper,1,start,end,1.0,0.0,1.0,0.0,0.0,0.0,0.0,4.0,6.0,21.0,0.0,0.0,0.0,0.0,
ENG-Premier League,2425,2025-04-19 Brentford-Brighton & Hove Albion,Brentford,Mark Flekken,True,Goalkeeper,1,start,end,1.0,0.0,0.0,0.0,0.0,0.0,0.0,2.0,1.0,11.0,0.0,0.0,0.0,0.0,
ENG-Premier League,2425,2025-04-19 Brentford-Brighton & Hove Albion,Brighton & Hove Albion,Bart Verbruggen,False,Goalkeeper,1,start,end,1.0,0.0,0.0,0.0,0.0,0.0,0.0,4.0,4.0,11.0,0.0,0.0,0.0,0.0,
ENG-Premier League,2425,2025-04-19 Crystal Palace-AFC Bournemouth,AFC Bournemouth,Kepa Arrizabalaga,False,Goalkeeper,1,start,end,1.0,0.0,1.0,0.0,0.0,0.0,0.0,0.0,0.0,5.0,0.0,0.0,0.0,0.0,
ENG-Premier League,2425,2025-04-19 Crystal Palace-AFC Bournemouth,Crystal Palace,Dean Henderson,True,Goalkeeper,1,start,end,1.0,0.0,0.0,0.0,0.0,0.0,0.0,0.0,4.0,15.0,0.0,0.0,0.0,0.0,
ENG-Premier League,2425,2025-04-19 Everton-Manchester City,Everton,Jordan Pickford,True,Goalkeeper,1,start,end,1.0,0.0,0.0,0.0,0.0,0.0,1.0,2.0,4.0,10.0,0.0,0.0,0.0,0.0,
ENG-Premier League,2425,2025-04-19 Everton-Manchester City,Manchester City,Stefan Ortega,False,Goalkeeper,1,start,end,1.0,0.0,0.0,0.0,0.0,0.0,0.0,0.0,2.0,8.0,0.0,0.0,0.0,0.0,
ENG-Premier League,2425,2025-04-19 West Ham United-Southampton,Southampton,Aaron Ramsdale,False,Goalkeeper,1,start,end,1.0,0.0,1.0,0.0,0.0,0.0,0.0,1.0,3.0,11.0,0.0,0.0,0.0,0.0,
ENG-Premier League,2425,2025-04-19 West Ham United-Southampton,West Ham United,Alphonse Areola,True,Goalkeeper,1,start,end,1.0,0.0,0.0,0.0,0.0,0.0,0.0,1.0,3.0,15.0,0.0,0.0,0.0,0.0,
ENG-Premier League,2425,2025-04-20 Fulham-Chelsea,Chelsea,Robert Sánchez,False,Goalkeeper,1,start,end,1.0,0.0,0.0,0.0,0.0,0.0,0.0,1.0,0.0,6.0,0.0,0.0,0.0,0.0,
ENG-Premier League,2425,2025-04-20 Fulham-Chelsea,Fulham,Bernd Leno,True,Goalkeeper,1,start,end,1.0,0.0,0.0,0.0,0.0,0.0,0.0,2.0,6.0,10.0,0.0,0.0,0.0,0.0,
ENG-Premier League,2425,2025-04-20 Ipswich Town-Arsenal,Arsenal,David Raya,False,Goalkeeper,1,start,end,1.0,0.0,1.0,0.0,0.0,0.0,0.0,0.0,0.0,5.0,0.0,0.0,0.0,0.0,
ENG-Premier League,2425,2025-04-20 Ipswich Town-Arsenal,Ipswich Town,Alex Palmer,True,Goalkeeper,1,start,end,1.0,0.0,0.0,0.0,0.0,0.0,0.0,4.0,3.0,20.0,0.0,0.0,0.0,0.0,
ENG-Premier League,2425,2025-04-20 Leicester City-Liverpool,Leicester City,Mads Hermansen,True,Goalkeeper,1,start,end,1.0,0.0,1.0,0.0,0.0,0.0,0.0,1.0,7.0,25.0,0.0,0.0,0.0,0.0,
ENG-Premier League,2425,2025-04-20 Leicester City-Liverpool,Liverpool,Alisson Becker,False,Goalkeeper,1,start,end,1.0,0.0,1.0,0.0,0.0,0.0,0.0,0.0,0.0,5.0,0.0,0.0,0.0,0.0,
ENG-Premier League,2425,2025-04-20 Manchester United-Wolverhampton Wanderers,Manchester United,André Onana,True,Goalkeeper,1,start,end,1.0,0.0,0.0,0.0,0.0,0.0,0.0,1.0,1.0,3.0,0.0,0.0,0.0,0.0,
ENG-Premier League,2425,2025-04-20 Manchester United-Wolverhampton Wanderers,Wolverhampton Wanderers,Daniel Bentley,False,Goalkeeper,1,start,end,1.0,0.0,0.0,0.0,0.0,0.0,0.0,0.0,2.0,12.0,0.0,0.0,0.0,0.0,
ENG-Premier League,2425,2025-04-21 Tottenham Hotspur-Nottingham Forest,Nottingham Forest,Matz Sels,False,Goalkeeper,1,start,end,1.0,0.0,0.0,0.0,0.0,0.0,1.0,1.0,4.0,21.0,0.0,0.0,0.0,0.0,
ENG-Premier League,2425,2025-04-21 Tottenham Hotspur-Nottingham Forest,Tottenham Hotspur,Guglielmo Vicario,True,Goalkeeper,1,start,end,1.0,0.0,0.0,0.0,0.0,0.0,0.0,2.0,1.0,2.0,0.0,0.0,0.0,0.0,
ENG-Premier League,2425,2025-04-22 Manchester City-Aston Villa,Aston Villa,Emiliano Martínez,False,Goalkeeper,1,start,end,1.0,0.0,0.0,0.0,0.0,0.0,0.0,2.0,4.0,11.0,0.0,0.0,0.0,0.0,
ENG-Premier League,2425,2025-04-22 Manchester City-Aston Villa,Manchester City,Stefan Ortega,True,Goalkeeper,1,start,end,1.0,0.0,0.0,0.0,0.0,0.0,0.0,1.0,2.0,5.0,0.0,0.0,0.0,0.0,
ENG-Premier League,2425,2025-04-23 Arsenal-Crystal Palace,Arsenal,David Raya,True,Goalkeeper,1,start,end,1.0,0.0,0.0,0.0,0.0,0.0,0.0,2.0,2.0,12.0,0.0,0.0,0.0,0.0,
ENG-Premier League,2425,2025-04-23 Arsenal-Crystal Palace,Crystal Palace,Dean Henderson,False,Goalkeeper,1,start,end,1.0,0.0,0.0,0.0,0.0,0.0,0.0,2.0,2.0,9.0,0.0,0.0,0.0,0.0,
ENG-Premier League,2425,2025-04-26 Brighton & Hove Albion-West Ham United,Brighton & Hove Albion,Bart Verbruggen,True,Goalkeeper,1,start,end,1.0,0.0,0.0,0.0,0.0,0.0,0.0,2.0,2.0,9.0,0.0,0.0,0.0,0.0,
ENG-Premier League,2425,2025-04-26 Brighton & Hove Albion-West Ham United,West Ham United,Alphonse Areola,False,Goalkeeper,1,start,end,1.0,0.0,0.0,0.0,0.0,0.0,0.0,3.0,6.0,12.0,0.0,0.0,0.0,0.0,
ENG-Premier League,2425,2025-04-26 Chelsea-Everton,Chelsea,Robert Sánchez,True,Goalkeeper,1,start,end,1.0,0.0,1.0,0.0,0.0,0.0,0.0,0.0,3.0,4.0,0.0,0.0,0.0,0.0,
ENG-Premier League,2425,2025-04-26 Chelsea-Everton,Everton,Jordan Pickford,False,Goalkeeper,1,start,end,1.0,0.0,0.0,0.0,0.0,0.0,0.0,1.0,6.0,9.0,0.0,0.0,0.0,0.0,
ENG-Premier League,2425,2025-04-26 Newcastle United-Ipswich Town,Ipswich Town,Alex Palmer,False,Goalkeeper,1,start,end,1.0,0.0,1.0,0.0,0.0,0.0,0.0,3.0,2.0,21.0,0.0,0.0,0.0,0.0,
ENG-Premier League,2425,2025-04-26 Newcastle United-Ipswich Town,Newcastle United,Nick Pope,True,Goalkeeper,1,start,end,1.0,0.0,0.0,0.0,0.0,0.0,0.0,0.0,0.0,4.0,0.0,0.0,0.0,0.0,
ENG-Premier League,2425,2025-04-26 Southampton-Fulham,Fulham,Bernd Leno,False,Goalkeeper,1,start,end,1.0,0.0,0.0,0.0,0.0,0.0,0.0,1.0,2.0,5.0,0.0,0.0,0.0,0.0,
ENG-Premier League,2425,2025-04-26 Southampton-Fulham,Southampton,Aaron Ramsdale,True,Goalkeeper,1,start,end,1.0,0.0,0.0,0.0,0.0,0.0,0.0,2.0,3.0,24.0,0.0,0.0,0.0,0.0,
ENG-Premier League,2425,2025-04-26 Wolverhampton Wanderers-Leicester City,Leicester City,Mads Hermansen,False,Goalkeeper,1,start,end,1.0,0.0,0.0,0.0,0.0,0.0,0.0,3.0,2.0,17.0,0.0,0.0,0.0,0.0,
ENG-Premier League,2425,2025-04-26 Wolverhampton Wanderers-Leicester City,Wolverhampton Wanderers,José Sá,True,Goalkeeper,1,start,end,1.0,1.0,0.0,0.0,0.0,0.0,0.0,0.0,1.0,7.0,0.0,0.0,0.0,0.0,
ENG-Premier League,2425,2025-04-27 AFC Bournemouth-Manchester United,AFC Bournemouth,Kepa Arrizabalaga,True,Goalkeeper,1,start,end,1.0,0.0,0.0,0.0,0.0,0.0,0.0,1.0,5.0,23.0,0.0,0.0,0.0,0.0,
ENG-Premier League,2425,2025-04-27 AFC Bournemouth-Manchester United,Manchester United,André Onana,False,Goalkeeper,1,start,end,1.0,0.0,0.0,0.0,0.0,0.0,0.0,1.0,0.0,7.0,0.0,0.0,0.0,0.0,
ENG-Premier League,2425,2025-04-27 Liverpool-Tottenham Hotspur,Liverpool,Alisson Becker,True,Goalkeeper,1,start,end,1.0,0.0,0.0,0.0,0.0,0.0,0.0,1.0,2.0,7.0,0.0,0.0,0.0,0.0,
ENG-Premier League,2425,2025-04-27 Liverpool-Tottenham Hotspur,Tottenham Hotspur,Guglielmo Vicario,False,Goalkeeper,1,start,end,1.0,0.0,1.0,0.0,0.0,0.0,0.0,5.0,2.0,20.0,0.0,0.0,0.0,0.0,
ENG-Premier League,2425,2025-05-01 Nottingham Forest-Brentford,Brentford,Mark Flekken,False,Goalkeeper,1,start,end,1.0,0.0,0.0,0.0,0.0,0.0,0.0,0.0,5.0,15.0,1.0,0.0,0.0,0.0,
ENG-Premier League,2425,2025-05-01 Nottingham Forest-Brentford,Nottingham Forest,Matz Sels,True,Goalkeeper,1,start,end,1.0,0.0,0.0,0.0,0.0,0.0,0.0,2.0,1.0,9.0,0.0,0.0,0.0,0.0,
ENG-Premier League,2425,2025-05-02 Manchester City-Wolverhampton Wanderers,Manchester City,Ederson,True,Goalkeeper,1,start,end,1.0,0.0,0.0,0.0,0.0,0.0,0.0,0.0,0.0,6.0,0.0,0.0,0.0,0.0,
ENG-Premier League,2425,2025-05-02 Manchester City-Wolverhampton Wanderers,Wolverhampton Wanderers,José Sá,False,Goalkeeper,1,start,end,1.0,0.0,0.0,0.0,0.0,0.0,0.0,1.0,1.0,8.0,0.0,0.0,0.0,0.0,
ENG-Premier League,2425,2025-05-03 Arsenal-AFC Bournemouth,AFC Bournemouth,Kepa Arrizabalaga,False,Goalkeeper,1,start,end,1.0,0.0,0.0,0.0,0.0,0.0,0.0,1.0,3.0,12.0,0.0,0.0,0.0,0.0,
ENG-Premier League,2425,2025-05-03 Arsenal-AFC Bournemouth,Arsenal,David Raya,True,Goalkeeper,1,start,end,1.0,0.0,1.0,0.0,0.0,0.0,0.0,2.0,0.0,7.0,0.0,0.0,0.0,0.0,
ENG-Premier League,2425,2025-05-03 Aston Villa-Fulham,Aston Villa,Emiliano Martínez,True,Goalkeeper,1,start,end,1.0,0.0,0.0,0.0,0.0,0.0,0.0,0.0,3.0,11.0,0.0,0.0,0.0,0.0,
ENG-Premier League,2425,2025-05-03 Aston Villa-Fulham,Fulham,Bernd Leno,False,Goalkeeper,1,start,end,1.0,0.0,0.0,0.0,0.0,0.0,0.0,1.0,2.0,9.0,0.0,0.0,0.0,0.0,
ENG-Premier League,2425,2025-05-03 Everton-Ipswich Town,Everton,Jordan Pickford,True,Goalkeeper,1,start,end,1.0,0.0,1.0,0.0,0.0,0.0,0.0,2.0,3.0,10.0,0.0,0.0,0.0,0.0,
ENG-Premier League,2425,2025-05-03 Everton-Ipswich Town,Ipswich Town,Alex Palmer,False,Goalkeeper,1,start,end,1.0,0.0,0.0,0.0,0.0,0.0,0.0,2.0,1.0,6.0,0.0,0.0,0.0,0.0,
ENG-Premier League,2425,2025-05-03 Leicester City-Southampton,Leicester City,Jakub Stolarczyk,True,Goalkeeper,1,start,end,1.0,0.0,0.0,0.0,0.0,0.0,0.0,0.0,2.0,8.0,0.0,0.0,0.0,0.0,
ENG-Premier League,2425,2025-05-03 Leicester City-Southampton,Southampton,Aaron Ramsdale,False,Goalkeeper,1,start,end,1.0,0.0,0.0,0.0,0.0,0.0,0.0,2.0,2.0,12.0,0.0,0.0,0.0,0.0,
ENG-Premier League,2425,2025-05-04 Brentford-Manchester United,Brentford,Mark Flekken,True,Goalkeeper,1,start,end,1.0,0.0,0.0,0.0,0.0,0.0,0.0,3.0,2.0,11.0,0.0,0.0,0.0,0.0,
ENG-Premier League,2425,2025-05-04 Brentford-Manchester United,Manchester United,Altay Bayindir,False,Goalkeeper,1,start,end,1.0,0.0,0.0,0.0,0.0,0.0,0.0,4.0,3.0,9.0,0.0,0.0,0.0,0.0,
ENG-Premier League,2425,2025-05-04 Brighton & Hove Albion-Newcastle United,Brighton & Hove Albion,Bart Verbruggen,True,Goalkeeper,1,start,end,1.0,0.0,0.0,0.0,0.0,0.0,0.0,1.0,4.0,12.0,0.0,0.0,0.0,0.0,
ENG-Premier League,2425,2025-05-04 Brighton & Hove Albion-Newcastle United,Newcastle United,Nick Pope,False,Goalkeeper,1,start,end,1.0,0.0,0.0,0.0,0.0,0.0,0.0,1.0,1.0,4.0,0.0,0.0,0.0,0.0,
ENG-Premier League,2425,2025-05-04 Chelsea-Liverpool,Chelsea,Robert Sánchez,True,Goalkeeper,1,start,end,1.0,0.0,0.0,0.0,0.0,0.0,0.0,1.0,1.0,10.0,0.0,0.0,0.0,0.0,
ENG-Premier League,2425,2025-05-04 Chelsea-Liverpool,Liverpool,Alisson Becker,False,Goalkeeper,1,start,end,1.0,0.0,0.0,0.0,0.0,0.0,0.0,3.0,5.0,14.0,0.0,0.0,0.0,0.0,
ENG-Premier League,2425,2025-05-04 West Ham United-Tottenham Hotspur,Tottenham Hotspur,Guglielmo Vicario,False,Goalkeeper,1,start,end,1.0,0.0,0.0,0.0,0.0,0.0,0.0,1.0,1.0,10.0,0.0,0.0,0.0,0.0,
ENG-Premier League,2425,2025-05-04 West Ham United-Tottenham Hotspur,West Ham United,Alphonse Areola,True,Goalkeeper,1,start,end,1.0,0.0,0.0,0.0,0.0,0.0,0.0,1.0,1.0,6.0,0.0,0.0,0.0,0.0,
ENG-Premier League,2425,2025-05-05 Crystal Palace-Nottingham Forest,Crystal Palace,Dean Henderson,True,Goalkeeper,1,start,end,1.0,0.0,1.0,0.0,0.0,0.0,0.0,1.0,4.0,11.0,0.0,0.0,0.0,0.0,
ENG-Premier League,2425,2025-05-05 Crystal Palace-Nottingham Forest,Nottingham Forest,Matz Sels,False,Goalkeeper,1,start,end,1.0,1.0,0.0,0.0,0.0,0.0,1.0,1.0,2.0,19.0,0.0,0.0,0.0,0.0,
ENG-Premier League,2425,2025-05-10 AFC Bournemouth-Aston Villa,AFC Bournemouth,Kepa Arrizabalaga,True,Goalkeeper,1,start,end,1.0,0.0,0.0,0.0,0.0,0.0,0.0,1.0,2.0,5.0,0.0,0.0,0.0,0.0,
ENG-Premier League,2425,2025-05-10 AFC Bournemouth-Aston Villa,Aston Villa,Emiliano Martínez,False,Goalkeeper,1,start,end,1.0,0.0,1.0,0.0,0.0,0.0,1.0,0.0,4.0,10.0,0.0,0.0,0.0,0.0,
ENG-Premier League,2425,2025-05-10 Fulham-Everton,Everton,Jordan Pickford,False,Goalkeeper,1,start,end,1.0,0.0,0.0,0.0,0.0,0.0,0.0,1.0,5.0,16.0,0.0,0.0,0.0,0.0,
ENG-Premier League,2425,2025-05-10 Fulham-Everton,Fulham,Bernd Leno,True,Goalkeeper,1,start,end,1.0,0.0,0.0,0.0,0.0,0.0,0.0,3.0,4.0,8.0,0.0,0.0,0.0,0.0,
ENG-Premier League,2425,2025-05-10 Ipswich Town-Brentford,Brentford,Mark Flekken,False,Goalkeeper,1,start,end,1.0,0.0,0.0,0.0,0.0,0.0,0.0,0.0,4.0,11.0,0.0,0.0,0.0,0.0,
ENG-Premier League,2425,2025-05-10 Ipswich Town-Brentford,Ipswich Town,Alex Palmer,True,Goalkeeper,1,start,end,1.0,0.0,1.0,0.0,0.0,0.0,0.0,1.0,4.0,13.0,0.0,0.0,0.0,0.0,
ENG-Premier League,2425,2025-05-10 Southampton-Manchester City,Manchester City,Ederson,False,Goalkeeper,1,start,end,1.0,0.0,0.0,0.0,0.0,0.0,0.0,0.0,0.0,2.0,0.0,0.0,0.0,0.0,
ENG-Premier League,2425,2025-05-10 Southampton-Manchester City,Southampton,Aaron Ramsdale,True,Goalkeeper,1,start,end,1.0,0.0,0.0,0.0,0.0,0.0,0.0,0.0,5.0,26.0,0.0,0.0,0.0,0.0,
ENG-Premier League,2425,2025-05-10 Wolverhampton Wanderers-Brighton & Hove Albion,Brighton & Hove Albion,Bart Verbruggen,False,Goalkeeper,1,start,end,1.0,0.0,0.0,0.0,0.0,0.0,0.0,0.0,4.0,10.0,0.0,0.0,0.0,0.0,
ENG-Premier League,2425,2025-05-10 Wolverhampton Wanderers-Brighton & Hove Albion,Wolverhampton Wanderers,José Sá,True,Goalkeeper,1,start,end,1.0,0.0,0.0,0.0,0.0,0.0,0.0,2.0,0.0,5.0,0.0,0.0,0.0,0.0,
ENG-Premier League,2425,2025-05-11 Liverpool-Arsenal,Arsenal,David Raya,False,Goalkeeper,1,start,end,1.0,0.0,0.0,0.0,0.0,0.0,0.0,2.0,3.0,12.0,0.0,0.0,0.0,0.0,
ENG-Premier League,2425,2025-05-11 Liverpool-Arsenal,Liverpool,Alisson Becker,True,Goalkeeper,1,start,end,1.0,0.0,0.0,0.0,0.0,0.0,0.0,2.0,4.0,13.0,0.0,0.0,0.0,0.0,
ENG-Premier League,2425,2025-05-11 Manchester United-West Ham United,Manchester United,Altay Bayindir,True,Goalkeeper,1,start,end,1.0,0.0,0.0,0.0,0.0,0.0,0.0,2.0,2.0,7.0,0.0,0.0,0.0,0.0,
ENG-Premier League,2425,2025-05-11 Manchester United-West Ham United,West Ham United,Alphonse Areola,False,Goalkeeper,1,start,end,1.0,0.0,0.0,0.0,0.0,0.0,0.0,0.0,5.0,19.0,0.0,0.0,0.0,0.0,
ENG-Premier League,2425,2025-05-11 Newcastle United-Chelsea,Chelsea,Robert Sánchez,False,Goalkeeper,1,start,end,1.0,0.0,0.0,0.0,0.0,0.0,0.0,2.0,4.0,13.0,0.0,0.0,0.0,0.0,
ENG-Premier League,2425,2025-05-11 Newcastle United-Chelsea,Newcastle United,Nick Pope,True,Goalkeeper,1,start,end,1.0,0.0,0.0,0.0,0.0,0.0,0.0,0.0,3.0,10.0,0.0,0.0,0.0,0.0,
ENG-Premier League,2425,2025-05-11 Nottingham Forest-Leicester City,Leicester City,Jakub Stolarczyk,False,Goalkeeper,1,start,end,1.0,0.0,0.0,0.0,0.0,0.0,0.0,2.0,2.0,12.0,0.0,0.0,0.0,0.0,
ENG-Premier League,2425,2025-05-11 Nottingham Forest-Leicester City,Nottingham Forest,Matz Sels,True,Goalkeeper,1,start,end,1.0,0.0,0.0,0.0,0.0,0.0,0.0,2.0,4.0,8.0,0.0,0.0,0.0,0.0,
ENG-Premier League,2425,2025-05-11 Tottenham Hotspur-Crystal Palace,Crystal Palace,Dean Henderson,False,Goalkeeper,1,start,end,1.0,0.0,0.0,0.0,0.0,0.0,0.0,0.0,1.0,8.0,0.0,0.0,0.0,0.0,
ENG-Premier League,2425,2025-05-11 Tottenham Hotspur-Crystal Palace,Tottenham Hotspur,Antonín Kinsky,True,Goalkeeper,1,start,end,1.0,0.0,0.0,0.0,0.0,0.0,0.0,2.0,8.0,18.0,0.0,0.0,0.0,0.0,
ENG-Premier League,2425,2025-05-16 Aston Villa-Tottenham Hotspur,Aston Villa,Emiliano Martínez,True,Goalkeeper,1,start,end,1.0,0.0,0.0,0.0,0.0,0.0,0.0,0.0,1.0,3.0,0.0,0.0,0.0,0.0,
ENG-Premier League,2425,2025-05-16 Aston Villa-Tottenham Hotspur,Tottenham Hotspur,Antonín Kinsky,False,Goalkeeper,1,start,end,1.0,0.0,0.0,0.0,0.0,0.0,0.0,2.0,5.0,15.0,0.0,0.0,0.0,0.0,
ENG-Premier League,2425,2025-05-16 Chelsea-Manchester United,Chelsea,Robert Sánchez,True,Goalkeeper,1,start,end,1.0,0.0,0.0,0.0,0.0,0.0,0.0,0.0,1.0,5.0,0.0,0.0,0.0,0.0,
ENG-Premier League,2425,2025-05-16 Chelsea-Manchester United,Manchester United,André Onana,False,Goalkeeper,1,start,end,1.0,0.0,0.0,0.0,0.0,0.0,0.0,1.0,2.0,9.0,0.0,0.0,0.0,0.0,
ENG-Premier League,2425,2025-05-18 Arsenal-Newcastle United,Arsenal,David Raya,True,Goalkeeper,1,start,end,1.0,0.0,1.0,0.0,0.0,0.0,1.0,0.0,5.0,14.0,0.0,0.0,0.0,0.0,
ENG-Premier League,2425,2025-05-18 Arsenal-Newcastle United,Newcastle United,Nick Pope,False,Goalkeeper,1,start,end,1.0,0.0,0.0,0.0,0.0,0.0,0.0,1.0,3.0,11.0,0.0,0.0,0.0,0.0,
ENG-Premier League,2425,2025-05-18 Brentford-Fulham,Brentford,Mark Flekken,True,Goalkeeper,1,start,end,1.0,0.0,0.0,0.0,0.0,0.0,0.0,3.0,4.0,13.0,0.0,0.0,0.0,0.0,
ENG-Premier League,2425,2025-05-18 Brentford-Fulham,Fulham,Bernd Leno,False,Goalkeeper,1,start,end,1.0,0.0,1.0,0.0,0.0,0.0,1.0,2.0,2.0,8.0,0.0,0.0,0.0,0.0,
ENG-Premier League,2425,2025-05-18 Everton-Southampton,Everton,Jordan Pickford,True,Goalkeeper,1,start,end,1.0,0.0,0.0,0.0,0.0,0.0,0.0,0.0,2.0,6.0,0.0,0.0,0.0,0.0,
ENG-Premier League,2425,2025-05-18 Everton-Southampton,Southampton,Aaron Ramsdale,False,Goalkeeper,1,start,end,1.0,0.0,0.0,0.0,0.0,0.0,0.0,2.0,2.0,11.0,0.0,0.0,0.0,0.0,
ENG-Premier League,2425,2025-05-18 Leicester City-Ipswich Town,Ipswich Town,Alex Palmer,False,Goalkeeper,1,start,end,1.0,0.0,1.0,0.0,0.0,0.0,0.0,2.0,1.0,7.0,0.0,0.0,0.0,0.0,
ENG-Premier League,2425,2025-05-18 Leicester City-Ipswich Town,Leicester City,Jakub Stolarczyk,True,Goalkeeper,1,start,end,1.0,0.0,0.0,0.0,0.0,0.0,0.0,0.0,2.0,20.0,0.0,0.0,0.0,0.0,
ENG-Premier League,2425,2025-05-18 West Ham United-Nottingham Forest,Nottingham Forest,Matz Sels,False,Goalkeeper,1,start,end,1.0,0.0,0.0,0.0,0.0,0.0,0.0,1.0,4.0,15.0,0.0,0.0,0.0,0.0,
ENG-Premier League,2425,2025-05-18 West Ham United-Nottingham Forest,West Ham United,Alphonse Areola,True,Goalkeeper,1,start,end,1.0,0.0,0.0,0.0,0.0,0.0,0.0,2.0,3.0,8.0,0.0,0.0,0.0,0.0,
ENG-Premier League,2425,2025-05-19 Brighton & Hove Albion-Liverpool,Brighton & Hove Albion,Bart Verbruggen,True,Goalkeeper,1,start,end,1.0,0.0,0.0,0.0,0.0,0.0,0.0,2.0,3.0,16.0,0.0,0.0,0.0,0.0,
ENG-Premier League,2425,2025-05-19 Brighton & Hove Albion-Liverpool,Liverpool,Alisson Becker,False,Goalkeeper,1,start,end,1.0,0.0,0.0,0.0,0.0,0.0,0.0,3.0,9.0,22.0,0.0,0.0,0.0,0.0,
ENG-Premier League,2425,2025-05-20 Crystal Palace-Wolverhampton Wanderers,Crystal Palace,Dean Henderson,True,Goalkeeper,1,start,end,1.0,0.0,0.0,0.0,0.0,0.0,0.0,2.0,1.0,11.0,0.0,0.0,0.0,0.0,
ENG-Premier League,2425,2025-05-20 Crystal Palace-Wolverhampton Wanderers,Wolverhampton Wanderers,Daniel Bentley,False,Goalkeeper,1,start,end,1.0,0.0,0.0,0.0,0.0,0.0,0.0,4.0,6.0,10.0,0.0,0.0,0.0,0.0,
ENG-Premier League,2425,2025-05-20 Manchester City-AFC Bournemouth,AFC Bournemouth,Kepa Arrizabalaga,False,Goalkeeper,1,start,end,1.0,0.0,0.0,0.0,0.0,0.0,0.0,3.0,2.0,8.0,0.0,0.0,0.0,0.0,
ENG-Premier League,2425,2025-05-20 Manchester City-AFC Bournemouth,Manchester City,Ederson,True,Goalkeeper,1,start,end,1.0,0.0,0.0,0.0,0.0,0.0,1.0,1.0,1.0,7.0,0.0,0.0,0.0,0.0,
ENG-Premier League,2425,2025-05-25 AFC Bournemouth-Leicester City,AFC Bournemouth,Kepa Arrizabalaga,True,Goalkeeper,1,start,end,1.0,0.0,1.0,0.0,0.0,0.0,0.0,0.0,0.0,0.0,0.0,0.0,0.0,0.0,
ENG-Premier League,2425,2025-05-25 AFC Bournemouth-Leicester City,Leicester City,Jakub Stolarczyk,False,Goalkeeper,1,start,end,1.0,0.0,0.0,0.0,0.0,0.0,0.0,2.0,5.0,0.0,0.0,0.0,0.0,0.0,
ENG-Premier League,2425,2025-05-25 Fulham-Manchester City,Fulham,Bernd Leno,True,Goalkeeper,1,start,end,1.0,0.0,0.0,0.0,0.0,0.0,0.0,2.0,3.0,0.0,0.0,0.0,0.0,0.0,
ENG-Premier League,2425,2025-05-25 Fulham-Manchester City,Manchester City,Ederson,False,Goalkeeper,1,start,end,1.0,0.0,0.0,0.0,0.0,0.0,0.0,0.0,3.0,0.0,0.0,0.0,0.0,0.0,
ENG-Premier League,2425,2025-05-25 Ipswich Town-West Ham United,Ipswich Town,Christian Walton,True,Goalkeeper,1,start,end,1.0,0.0,0.0,0.0,0.0,0.0,0.0,3.0,3.0,0.0,0.0,0.0,0.0,0.0,
ENG-Premier League,2425,2025-05-25 Ipswich Town-West Ham United,West Ham United,Lukasz Fabianski,False,Goalkeeper,1,start,end,1.0,0.0,0.0,0.0,0.0,0.0,0.0,1.0,3.0,0.0,0.0,0.0,0.0,0.0,
ENG-Premier League,2425,2025-05-25 Liverpool-Crystal Palace,Crystal Palace,Dean Henderson,False,Goalkeeper,1,start,end,1.0,0.0,1.0,0.0,0.0,0.0,0.0,1.0,2.0,0.0,0.0,0.0,0.0,0.0,
ENG-Premier League,2425,2025-05-25 Liverpool-Crystal Palace,Liverpool,Alisson Becker,True,Goalkeeper,1,start,end,1.0,0.0,0.0,0.0,0.0,0.0,0.0,1.0,4.0,0.0,0.0,0.0,0.0,0.0,
ENG-Premier League,2425,2025-05-25 Manchester United-Aston Villa,Aston Villa,Emiliano Martínez,False,Goalkeeper,1,start,end,1.0,1.0,0.0,0.0,1.0,0.0,0.0,0.0,5.0,0.0,0.0,0.0,0.0,0.0,
ENG-Premier League,2425,2025-05-25 Manchester United-Aston Villa,Manchester United,Altay Bayindir,True,Goalkeeper,1,start,end,1.0,0.0,1.0,0.0,0.0,0.0,0.0,0.0,1.0,0.0,0.0,0.0,0.0,0.0,
ENG-Premier League,2425,2025-05-25 Newcastle United-Everton,Everton,Jordan Pickford,False,Goalkeeper,1,start,end,1.0,0.0,0.0,0.0,0.0,0.0,0.0,0.0,6.0,0.0,0.0,0.0,0.0,0.0,
ENG-Premier League,2425,2025-05-25 Newcastle United-Everton,Newcastle United,Nick Pope,True,Goalkeeper,1,start,end,1.0,0.0,0.0,0.0,0.0,0.0,0.0,1.0,5.0,0.0,0.0,0.0,0.0,0.0,
ENG-Premier League,2425,2025-05-25 Nottingham Forest-Chelsea,Chelsea,Robert Sánchez,False,Goalkeeper,1,start,end,1.0,0.0,0.0,0.0,0.0,0.0,0.0,0.0,2.0,0.0,0.0,0.0,0.0,0.0,
ENG-Premier League,2425,2025-05-25 Nottingham Forest-Chelsea,Nottingham Forest,Matz Sels,True,Goalkeeper,1,start,end,1.0,0.0,0.0,0.0,0.0,0.0,0.0,1.0,1.0,0.0,0.0,0.0,0.0,0.0,
ENG-Premier League,2425,2025-05-25 Southampton-Arsenal,Arsenal,David Raya,False,Goalkeeper,1,start,end,1.0,0.0,0.0,0.0,0.0,0.0,0.0,1.0,1.0,0.0,0.0,0.0,0.0,0.0,
ENG-Premier League,2425,2025-05-25 Southampton-Arsenal,Southampton,Aaron Ramsdale,True,Goalkeeper,1,start,end,1.0,0.0,0.0,0.0,0.0,0.0,0.0,2.0,6.0,0.0,0.0,0.0,0.0,0.0,
ENG-Premier League,2425,2025-05-25 Tottenham Hotspur-Brighton & Hove Albion,Brighton & Hove Albion,Bart Verbruggen,False,Goalkeeper,1,start,end,1.0,0.0,0.0,0.0,0.0,0.0,0.0,1.0,1.0,0.0,0.0,0.0,0.0,0.0,
ENG-Premier League,2425,2025-05-25 Tottenham Hotspur-Brighton & Hove Albion,Tottenham Hotspur,Guglielmo Vicario,True,Goalkeeper,1,start,end,1.0,0.0,0.0,0.0,0.0,0.0,0.0,4.0,4.0,0.0,0.0,0.0,0.0,0.0,
ENG-Premier League,2425,2025-05-25 Wolverhampton Wanderers-Brentford,Brentford,Mark Flekken,False,Goalkeeper,1,start,end,1.0,0.0,0.0,0.0,0.0,0.0,0.0,1.0,5.0,0.0,0.0,0.0,0.0,0.0,
ENG-Premier League,2425,2025-05-25 Wolverhampton Wanderers-Brentford,Wolverhampton Wanderers,José Sá,True,Goalkeeper,1,start,91,1.0,0.0,1.0,0.0,0.0,0.0,0.0,1.0,6.0,0.0,0.0,0.0,0.0,0.0,
