league,season,game,team,player,is_home,position,formation_place,sub_in,sub_out,appearances,fouls_committed,fouls_suffered,own_goals,red_cards,sub_ins,yellow_cards,goals_conceded,saves,shots_faced,goal_assists,shots_on_target,total_goals,total_shots,offsides
ESP-La Liga,1819,2018-08-17 Girona-Real Valladolid,Girona,Yassine Bounou,True,Goalkeeper,1,start,end,1.0,0.0,0.0,0.0,0.0,0.0,0.0,0.0,1.0,0.0,0.0,0.0,0.0,0.0,
ESP-La Liga,1819,2018-08-17 Girona-Real Valladolid,Real Valladolid,Jordi Masip,False,Goalkeeper,1,start,end,1.0,0.0,0.0,0.0,0.0,0.0,0.0,0.0,2.0,0.0,0.0,0.0,0.0,0.0,
ESP-La Liga,1819,2018-08-17 Real Betis-Levante,Levante,Oier Olazábal,False,Goalkeeper,1,start,end,1.0,0.0,0.0,0.0,0.0,0.0,0.0,0.0,8.0,0.0,0.0,0.0,0.0,0.0,
ESP-La Liga,1819,2018-08-17 Real Betis-Levante,Real Betis,Pau López,True,Goalkeeper,1,start,end,1.0,0.0,0.0,0.0,0.0,0.0,0.0,3.0,1.0,0.0,0.0,0.0,0.0,0.0,
ESP-La Liga,1819,2018-08-18 Barcelona-Alavés,Alavés,Fernando Pacheco,False,Goalkeeper,1,start,end,1.0,0.0,0.0,0.0,0.0,0.0,0.0,3.0,6.0,0.0,0.0,0.0,0.0,0.0,
ESP-La Liga,1819,2018-08-18 Barcelona-Alavés,Barcelona,Marc-André ter Stegen,True,Goalkeeper,1,start,end,1.0,0.0,0.0,0.0,0.0,0.0,0.0,0.0,0.0,0.0,0.0,0.0,0.0,0.0,
ESP-La Liga,1819,2018-08-18 Celta Vigo-Espanyol,Celta Vigo,Sergio Álvarez,True,Goalkeeper,1,start,end,1.0,0.0,0.0,0.0,0.0,0.0,0.0,1.0,4.0,0.0,0.0,0.0,0.0,0.0,
ESP-La Liga,1819,2018-08-18 Celta Vigo-Espanyol,Espanyol,Diego López,False,Goalkeeper,1,start,end,1.0,0.0,1.0,0.0,0.0,0.0,0.0,1.0,2.0,0.0,0.0,0.0,0.0,0.0,
ESP-La Liga,1819,2018-08-18 Villarreal-Real Sociedad,Real Sociedad,Gerónimo Rulli,False,Goalkeeper,1,start,end,1.0,0.0,0.0,0.0,0.0,0.0,0.0,1.0,6.0,0.0,0.0,0.0,0.0,0.0,
ESP-La Liga,1819,2018-08-18 Villarreal-Real Sociedad,Villarreal,Sergio Asenjo,True,Goalkeeper,1,start,end,1.0,0.0,0.0,0.0,0.0,0.0,0.0,2.0,2.0,0.0,0.0,0.0,0.0,0.0,
ESP-La Liga,1819,2018-08-19 Eibar-Huesca,Eibar,Marko Dmitrovic,True,Goalkeeper,1,start,end,1.0,0.0,0.0,0.0,0.0,0.0,0.0,2.0,4.0,0.0,0.0,0.0,0.0,0.0,
ESP-La Liga,1819,2018-08-19 Eibar-Huesca,Huesca,Axel Werner,False,Goalkeeper,1,start,end,1.0,0.0,0.0,0.0,0.0,0.0,0.0,1.0,5.0,0.0,0.0,0.0,0.0,0.0,
ESP-La Liga,1819,2018-08-19 Rayo Vallecano-Sevilla,Rayo Vallecano,Alberto García,True,Goalkeeper,1,start,end,1.0,0.0,0.0,0.0,0.0,0.0,0.0,4.0,3.0,0.0,0.0,0.0,0.0,0.0,
ESP-La Liga,1819,2018-08-19 Rayo Vallecano-Sevilla,Sevilla,Tomás Vaclík,False,Goalkeeper,1,start,end,1.0,0.0,1.0,0.0,0.0,0.0,0.0,1.0,1.0,0.0,0.0,0.0,0.0,0.0,
ESP-La Liga,1819,2018-08-19 Real Madrid-Getafe,Getafe,David Soria,False,Goalkeeper,1,start,end,1.0,0.0,0.0,0.0,0.0,0.0,0.0,2.0,1.0,0.0,0.0,0.0,0.0,0.0,
ESP-La Liga,1819,2018-08-19 Real Madrid-Getafe,Real Madrid,Keylor Navas,True,Goalkeeper,1,start,end,1.0,0.0,0.0,0.0,0.0,0.0,0.0,0.0,1.0,0.0,0.0,0.0,0.0,0.0,
ESP-La Liga,1819,2018-08-20 Athletic Club-Leganés,Athletic Club,Unai Simón,True,Goalkeeper,1,start,end,1.0,0.0,0.0,0.0,0.0,0.0,0.0,1.0,1.0,0.0,0.0,0.0,0.0,0.0,
ESP-La Liga,1819,2018-08-20 Athletic Club-Leganés,Leganés,Iván Cuéllar,False,Goalkeeper,1,start,end,1.0,0.0,0.0,0.0,0.0,0.0,0.0,2.0,3.0,0.0,0.0,0.0,0.0,0.0,
ESP-La Liga,1819,2018-08-20 Valencia-Atlético Madrid,Atlético Madrid,Jan Oblak,False,Goalkeeper,1,start,end,1.0,0.0,0.0,0.0,0.0,0.0,0.0,1.0,3.0,0.0,0.0,0.0,0.0,0.0,
ESP-La Liga,1819,2018-08-20 Valencia-Atlético Madrid,Valencia,Neto,True,Goalkeeper,1,start,end,1.0,0.0,0.0,0.0,0.0,0.0,0.0,1.0,2.0,0.0,0.0,0.0,0.0,0.0,
ESP-La Liga,1819,2018-08-24 Getafe-Eibar,Eibar,Marko Dmitrovic,False,Goalkeeper,1,start,end,1.0,0.0,0.0,0.0,0.0,0.0,0.0,2.0,2.0,0.0,0.0,0.0,0.0,0.0,
ESP-La Liga,1819,2018-08-24 Getafe-Eibar,Getafe,David Soria,True,Goalkeeper,1,start,end,1.0,0.0,0.0,0.0,0.0,0.0,0.0,0.0,0.0,0.0,0.0,0.0,0.0,0.0,
ESP-La Liga,1819,2018-08-24 Leganés-Real Sociedad,Leganés,Iván Cuéllar,True,Goalkeeper,1,start,end,1.0,0.0,1.0,0.0,0.0,0.0,0.0,2.0,4.0,0.0,0.0,0.0,0.0,0.0,
ESP-La Liga,1819,2018-08-24 Leganés-Real Sociedad,Real Sociedad,Gerónimo Rulli,False,Goalkeeper,1,start,end,1.0,0.0,0.0,0.0,0.0,0.0,0.0,2.0,2.0,0.0,0.0,0.0,0.0,0.0,
ESP-La Liga,1819,2018-08-25 Alavés-Real Betis,Alavés,Fernando Pacheco,True,Goalkeeper,1,start,end,1.0,0.0,0.0,0.0,0.0,0.0,0.0,0.0,4.0,0.0,0.0,0.0,0.0,0.0,
ESP-La Liga,1819,2018-08-25 Alavés-Real Betis,Real Betis,Pau López,False,Goalkeeper,1,start,end,1.0,0.0,0.0,0.0,0.0,0.0,0.0,0.0,4.0,0.0,0.0,0.0,0.0,0.0,
ESP-La Liga,1819,2018-08-25 Atlético Madrid-Rayo Vallecano,Atlético Madrid,Jan Oblak,True,Goalkeeper,1,start,end,1.0,0.0,0.0,0.0,0.0,0.0,0.0,0.0,3.0,0.0,0.0,0.0,0.0,0.0,
ESP-La Liga,1819,2018-08-25 Atlético Madrid-Rayo Vallecano,Rayo Vallecano,Alberto García,False,Goalkeeper,1,start,end,1.0,0.0,0.0,0.0,0.0,0.0,0.0,1.0,1.0,0.0,0.0,0.0,0.0,0.0,
ESP-La Liga,1819,2018-08-25 Real Valladolid-Barcelona,Barcelona,Marc-André ter Stegen,False,Goalkeeper,1,start,end,1.0,0.0,0.0,0.0,0.0,0.0,0.0,0.0,4.0,0.0,0.0,0.0,0.0,0.0,
ESP-La Liga,1819,2018-08-25 Real Valladolid-Barcelona,Real Valladolid,Jordi Masip,True,Goalkeeper,1,start,end,1.0,0.0,0.0,0.0,0.0,0.0,0.0,1.0,4.0,0.0,0.0,0.0,0.0,0.0,
ESP-La Liga,1819,2018-08-26 Espanyol-Valencia,Espanyol,Diego López,True,Goalkeeper,1,start,end,1.0,0.0,0.0,0.0,0.0,0.0,0.0,0.0,3.0,0.0,0.0,0.0,0.0,0.0,
ESP-La Liga,1819,2018-08-26 Espanyol-Valencia,Valencia,Neto,False,Goalkeeper,1,start,end,1.0,0.0,0.0,0.0,0.0,0.0,0.0,2.0,7.0,0.0,0.0,0.0,0.0,0.0,
ESP-La Liga,1819,2018-08-26 Girona-Real Madrid,Girona,Yassine Bounou,True,Goalkeeper,1,start,end,1.0,0.0,0.0,0.0,0.0,0.0,0.0,4.0,4.0,0.0,0.0,0.0,0.0,0.0,
ESP-La Liga,1819,2018-08-26 Girona-Real Madrid,Real Madrid,Keylor Navas,False,Goalkeeper,1,start,end,1.0,0.0,1.0,0.0,0.0,0.0,0.0,1.0,4.0,0.0,0.0,0.0,0.0,0.0,
ESP-La Liga,1819,2018-08-26 Sevilla-Villarreal,Sevilla,Tomás Vaclík,True,Goalkeeper,1,start,end,1.0,0.0,0.0,0.0,0.0,0.0,0.0,0.0,6.0,0.0,0.0,0.0,0.0,0.0,
ESP-La Liga,1819,2018-08-26 Sevilla-Villarreal,Villarreal,Sergio Asenjo,False,Goalkeeper,1,start,end,1.0,0.0,0.0,0.0,0.0,0.0,0.0,0.0,2.0,0.0,0.0,0.0,0.0,0.0,
ESP-La Liga,1819,2018-08-27 Athletic Club-Huesca,Athletic Club,Unai Simón,True,Goalkeeper,1,start,end,1.0,0.0,0.0,0.0,0.0,0.0,0.0,2.0,2.0,0.0,0.0,0.0,0.0,0.0,
ESP-La Liga,1819,2018-08-27 Athletic Club-Huesca,Huesca,Axel Werner,False,Goalkeeper,1,start,end,1.0,0.0,0.0,0.0,0.0,0.0,0.0,2.0,2.0,0.0,0.0,0.0,0.0,0.0,
ESP-La Liga,1819,2018-08-27 Levante-Celta Vigo,Celta Vigo,Sergio Álvarez,False,Goalkeeper,1,start,end,1.0,1.0,0.0,0.0,0.0,0.0,1.0,1.0,5.0,0.0,0.0,0.0,0.0,0.0,
ESP-La Liga,1819,2018-08-27 Levante-Celta Vigo,Levante,Oier Olazábal,True,Goalkeeper,1,start,end,1.0,0.0,0.0,0.0,0.0,0.0,0.0,2.0,6.0,0.0,0.0,0.0,0.0,0.0,
ESP-La Liga,1819,2018-08-31 Eibar-Real Sociedad,Eibar,Marko Dmitrovic,True,Goalkeeper,1,start,end,1.0,1.0,0.0,0.0,0.0,0.0,1.0,1.0,1.0,0.0,0.0,0.0,0.0,0.0,
ESP-La Liga,1819,2018-08-31 Eibar-Real Sociedad,Real Sociedad,Gerónimo Rulli,False,Goalkeeper,1,start,end,1.0,0.0,0.0,0.0,0.0,0.0,0.0,2.0,0.0,0.0,0.0,0.0,0.0,0.0,
ESP-La Liga,1819,2018-08-31 Getafe-Real Valladolid,Getafe,David Soria,True,Goalkeeper,1,start,end,1.0,0.0,0.0,0.0,0.0,0.0,0.0,0.0,4.0,0.0,0.0,0.0,0.0,0.0,
ESP-La Liga,1819,2018-08-31 Getafe-Real Valladolid,Real Valladolid,Jordi Masip,False,Goalkeeper,1,start,end,1.0,0.0,0.0,0.0,0.0,0.0,0.0,0.0,3.0,0.0,0.0,0.0,0.0,0.0,
ESP-La Liga,1819,2018-08-31 Villarreal-Girona,Girona,Yassine Bounou,False,Goalkeeper,1,start,end,1.0,0.0,0.0,0.0,0.0,0.0,0.0,0.0,3.0,0.0,0.0,0.0,0.0,0.0,
ESP-La Liga,1819,2018-08-31 Villarreal-Girona,Villarreal,Sergio Asenjo,True,Goalkeeper,1,start,end,1.0,0.0,1.0,0.0,0.0,0.0,0.0,1.0,5.0,0.0,0.0,0.0,0.0,0.0,
ESP-La Liga,1819,2018-09-01 Celta Vigo-Atlético Madrid,Atlético Madrid,Jan Oblak,False,Goalkeeper,1,start,end,1.0,0.0,0.0,0.0,0.0,0.0,0.0,2.0,2.0,0.0,0.0,0.0,0.0,0.0,
ESP-La Liga,1819,2018-09-01 Celta Vigo-Atlético Madrid,Celta Vigo,Sergio Álvarez,True,Goalkeeper,1,start,end,1.0,0.0,0.0,0.0,0.0,0.0,0.0,0.0,0.0,0.0,0.0,0.0,0.0,0.0,
ESP-La Liga,1819,2018-09-01 Real Madrid-Leganés,Leganés,Iván Cuéllar,False,Goalkeeper,1,start,end,1.0,0.0,0.0,0.0,0.0,0.0,0.0,4.0,4.0,0.0,0.0,0.0,0.0,0.0,
ESP-La Liga,1819,2018-09-01 Real Madrid-Leganés,Real Madrid,Thibaut Courtois,True,Goalkeeper,1,start,end,1.0,0.0,0.0,0.0,0.0,0.0,0.0,1.0,2.0,0.0,0.0,0.0,0.0,0.0,
ESP-La Liga,1819,2018-09-02 Alavés-Espanyol,Alavés,Fernando Pacheco,True,Goalkeeper,1,start,end,1.0,0.0,0.0,0.0,0.0,0.0,1.0,1.0,6.0,0.0,0.0,0.0,0.0,0.0,
ESP-La Liga,1819,2018-09-02 Alavés-Espanyol,Espanyol,Diego López,False,Goalkeeper,1,start,end,1.0,0.0,0.0,0.0,0.0,0.0,0.0,2.0,3.0,0.0,0.0,0.0,0.0,0.0,
ESP-La Liga,1819,2018-09-02 Barcelona-Huesca,Barcelona,Marc-André ter Stegen,True,Goalkeeper,1,start,end,1.0,0.0,0.0,0.0,0.0,0.0,0.0,2.0,1.0,0.0,0.0,0.0,0.0,0.0,
ESP-La Liga,1819,2018-09-02 Barcelona-Huesca,Huesca,Axel Werner,False,Goalkeeper,1,start,end,1.0,1.0,0.0,0.0,0.0,0.0,0.0,8.0,7.0,0.0,0.0,0.0,0.0,0.0,
ESP-La Liga,1819,2018-09-02 Levante-Valencia,Levante,Oier Olazábal,True,Goalkeeper,1,start,end,1.0,0.0,0.0,0.0,0.0,0.0,0.0,2.0,3.0,0.0,0.0,0.0,0.0,0.0,
ESP-La Liga,1819,2018-09-02 Levante-Valencia,Valencia,Neto,False,Goalkeeper,1,start,end,1.0,0.0,0.0,0.0,0.0,0.0,0.0,2.0,2.0,0.0,0.0,0.0,0.0,0.0,
ESP-La Liga,1819,2018-09-02 Real Betis-Sevilla,Real Betis,Pau López,True,Goalkeeper,1,start,end,1.0,0.0,1.0,0.0,0.0,0.0,0.0,0.0,2.0,0.0,0.0,0.0,0.0,0.0,
ESP-La Liga,1819,2018-09-02 Real Betis-Sevilla,Sevilla,Tomás Vaclík,False,Goalkeeper,1,start,end,1.0,0.0,0.0,0.0,0.0,0.0,0.0,1.0,2.0,0.0,0.0,0.0,0.0,0.0,
ESP-La Liga,1819,2018-09-14 Huesca-Rayo Vallecano,Huesca,Axel Werner,True,Goalkeeper,1,start,end,1.0,0.0,0.0,0.0,0.0,0.0,0.0,1.0,1.0,0.0,0.0,0.0,0.0,0.0,
ESP-La Liga,1819,2018-09-14 Huesca-Rayo Vallecano,Rayo Vallecano,Alberto García,False,Goalkeeper,1,start,end,1.0,0.0,0.0,0.0,0.0,0.0,0.0,0.0,4.0,0.0,0.0,0.0,0.0,0.0,
ESP-La Liga,1819,2018-09-15 Athletic Club-Real Madrid,Athletic Club,Unai Simón,True,Goalkeeper,1,start,end,1.0,0.0,0.0,0.0,0.0,0.0,1.0,1.0,5.0,0.0,0.0,0.0,0.0,0.0,
ESP-La Liga,1819,2018-09-15 Athletic Club-Real Madrid,Real Madrid,Thibaut Courtois,False,Goalkeeper,1,start,end,1.0,0.0,0.0,0.0,0.0,0.0,0.0,1.0,3.0,0.0,0.0,0.0,0.0,0.0,
ESP-La Liga,1819,2018-09-15 Atlético Madrid-Eibar,Atlético Madrid,Jan Oblak,True,Goalkeeper,1,start,end,1.0,0.0,0.0,0.0,0.0,0.0,0.0,1.0,2.0,0.0,0.0,0.0,0.0,0.0,
ESP-La Liga,1819,2018-09-15 Atlético Madrid-Eibar,Eibar,Marko Dmitrovic,False,Goalkeeper,1,start,end,1.0,0.0,0.0,0.0,0.0,0.0,0.0,1.0,8.0,0.0,0.0,0.0,0.0,0.0,
ESP-La Liga,1819,2018-09-15 Real Sociedad-Barcelona,Barcelona,Marc-André ter Stegen,False,Goalkeeper,1,start,end,1.0,0.0,0.0,0.0,0.0,0.0,0.0,1.0,4.0,0.0,0.0,0.0,0.0,0.0,
ESP-La Liga,1819,2018-09-15 Real Sociedad-Barcelona,Real Sociedad,Gerónimo Rulli,True,Goalkeeper,1,start,end,1.0,0.0,0.0,0.0,0.0,0.0,0.0,2.0,4.0,0.0,0.0,0.0,0.0,0.0,
ESP-La Liga,1819,2018-09-15 Valencia-Real Betis,Real Betis,Pau López,False,Goalkeeper,1,start,end,1.0,1.0,0.0,0.0,0.0,0.0,1.0,0.0,2.0,0.0,0.0,0.0,0.0,0.0,
ESP-La Liga,1819,2018-09-15 Valencia-Real Betis,Valencia,Jaume Doménech,True,Goalkeeper,1,start,end,1.0,0.0,0.0,0.0,0.0,0.0,0.0,0.0,5.0,0.0,0.0,0.0,0.0,0.0,
ESP-La Liga,1819,2018-09-16 Espanyol-Levante,Espanyol,Diego López,True,Goalkeeper,1,start,end,1.0,0.0,0.0,0.0,0.0,0.0,0.0,0.0,4.0,0.0,0.0,0.0,0.0,0.0,
ESP-La Liga,1819,2018-09-16 Espanyol-Levante,Levante,Oier Olazábal,False,Goalkeeper,1,start,end,1.0,0.0,1.0,0.0,0.0,0.0,0.0,1.0,8.0,0.0,0.0,0.0,0.0,0.0,
ESP-La Liga,1819,2018-09-16 Leganés-Villarreal,Leganés,Iván Cuéllar,True,Goalkeeper,1,start,end,1.0,0.0,0.0,0.0,0.0,0.0,0.0,1.0,2.0,0.0,0.0,0.0,0.0,0.0,
ESP-La Liga,1819,2018-09-16 Leganés-Villarreal,Villarreal,Sergio Asenjo,False,Goalkeeper,1,start,end,1.0,0.0,0.0,0.0,0.0,0.0,0.0,0.0,3.0,0.0,0.0,0.0,0.0,0.0,
ESP-La Liga,1819,2018-09-16 Real Valladolid-Alavés,Alavés,Fernando Pacheco,False,Goalkeeper,1,start,end,1.0,0.0,0.0,0.0,0.0,0.0,0.0,0.0,5.0,0.0,0.0,0.0,0.0,0.0,
ESP-La Liga,1819,2018-09-16 Real Valladolid-Alavés,Real Valladolid,Jordi Masip,True,Goalkeeper,1,start,end,1.0,0.0,0.0,0.0,0.0,0.0,0.0,1.0,3.0,0.0,0.0,0.0,0.0,0.0,
ESP-La Liga,1819,2018-09-16 Sevilla-Getafe,Getafe,David Soria,False,Goalkeeper,1,start,end,1.0,0.0,0.0,0.0,0.0,0.0,0.0,0.0,2.0,0.0,0.0,0.0,0.0,0.0,
ESP-La Liga,1819,2018-09-16 Sevilla-Getafe,Sevilla,Tomás Vaclík,True,Goalkeeper,1,start,end,1.0,0.0,0.0,0.0,0.0,0.0,0.0,2.0,3.0,0.0,0.0,0.0,0.0,0.0,
ESP-La Liga,1819,2018-09-17 Girona-Celta Vigo,Celta Vigo,Sergio Álvarez,False,Goalkeeper,1,start,end,1.0,0.0,0.0,0.0,0.0,0.0,0.0,3.0,3.0,0.0,0.0,0.0,0.0,0.0,
ESP-La Liga,1819,2018-09-17 Girona-Celta Vigo,Girona,Yassine Bounou,True,Goalkeeper,1,start,end,1.0,0.0,0.0,0.0,0.0,0.0,0.0,2.0,5.0,0.0,0.0,0.0,0.0,0.0,
ESP-La Liga,1819,2018-09-21 Huesca-Real Sociedad,Huesca,Axel Werner,True,Goalkeeper,1,start,end,1.0,0.0,0.0,0.0,0.0,0.0,0.0,1.0,0.0,0.0,0.0,0.0,0.0,0.0,
ESP-La Liga,1819,2018-09-21 Huesca-Real Sociedad,Real Sociedad,Gerónimo Rulli,False,Goalkeeper,1,start,end,1.0,0.0,0.0,0.0,0.0,0.0,0.0,0.0,3.0,0.0,0.0,0.0,0.0,0.0,
ESP-La Liga,1819,2018-09-22 Celta Vigo-Real Valladolid,Celta Vigo,Sergio Álvarez,True,Goalkeeper,1,start,end,1.0,0.0,0.0,0.0,0.0,0.0,0.0,3.0,1.0,0.0,0.0,0.0,0.0,0.0,
ESP-La Liga,1819,2018-09-22 Celta Vigo-Real Valladolid,Real Valladolid,Jordi Masip,False,Goalkeeper,1,start,end,1.0,0.0,0.0,0.0,0.0,0.0,0.0,3.0,2.0,0.0,0.0,0.0,0.0,0.0,
ESP-La Liga,1819,2018-09-22 Eibar-Leganés,Eibar,Marko Dmitrovic,True,Goalkeeper,1,start,end,1.0,0.0,0.0,0.0,0.0,0.0,0.0,0.0,2.0,0.0,0.0,0.0,0.0,0.0,
ESP-La Liga,1819,2018-09-22 Eibar-Leganés,Leganés,Iván Cuéllar,False,Goalkeeper,1,start,end,1.0,0.0,0.0,0.0,0.0,0.0,0.0,1.0,2.0,0.0,0.0,0.0,0.0,0.0,
ESP-La Liga,1819,2018-09-22 Getafe-Atlético Madrid,Atlético Madrid,Jan Oblak,False,Goalkeeper,1,start,end,1.0,0.0,0.0,0.0,0.0,0.0,0.0,0.0,2.0,0.0,0.0,0.0,0.0,0.0,
ESP-La Liga,1819,2018-09-22 Getafe-Atlético Madrid,Getafe,David Soria,True,Goalkeeper,1,start,end,1.0,0.0,0.0,0.0,0.0,0.0,0.0,2.0,3.0,0.0,0.0,0.0,0.0,0.0,
ESP-La Liga,1819,2018-09-22 Rayo Vallecano-Alavés,Alavés,Fernando Pacheco,False,Goalkeeper,1,start,end,1.0,0.0,0.0,0.0,0.0,0.0,0.0,1.0,4.0,0.0,0.0,0.0,0.0,0.0,
ESP-La Liga,1819,2018-09-22 Rayo Vallecano-Alavés,Rayo Vallecano,Alberto García,True,Goalkeeper,1,start,end,1.0,0.0,0.0,0.0,0.0,0.0,0.0,5.0,2.0,0.0,0.0,0.0,0.0,0.0,
ESP-La Liga,1819,2018-09-22 Real Madrid-Espanyol,Espanyol,Diego López,False,Goalkeeper,1,start,end,1.0,0.0,0.0,0.0,0.0,0.0,0.0,1.0,4.0,0.0,0.0,0.0,0.0,0.0,
ESP-La Liga,1819,2018-09-22 Real Madrid-Espanyol,Real Madrid,Thibaut Courtois,True,Goalkeeper,1,start,end,1.0,0.0,0.0,0.0,0.0,0.0,0.0,0.0,3.0,0.0,0.0,0.0,0.0,0.0,
ESP-La Liga,1819,2018-09-23 Barcelona-Girona,Barcelona,Marc-André ter Stegen,True,Goalkeeper,1,start,end,1.0,0.0,0.0,0.0,0.0,0.0,0.0,2.0,3.0,0.0,0.0,0.0,0.0,0.0,
ESP-La Liga,1819,2018-09-23 Barcelona-Girona,Girona,Yassine Bounou,False,Goalkeeper,1,start,end,1.0,0.0,0.0,0.0,0.0,0.0,0.0,2.0,9.0,0.0,0.0,0.0,0.0,0.0,
ESP-La Liga,1819,2018-09-23 Levante-Sevilla,Levante,Oier Olazábal,True,Goalkeeper,1,start,end,1.0,0.0,0.0,0.0,0.0,0.0,0.0,6.0,3.0,0.0,0.0,0.0,0.0,0.0,
ESP-La Liga,1819,2018-09-23 Levante-Sevilla,Sevilla,Tomás Vaclík,False,Goalkeeper,1,start,end,1.0,0.0,0.0,0.0,0.0,0.0,0.0,2.0,9.0,0.0,0.0,0.0,0.0,0.0,
ESP-La Liga,1819,2018-09-23 Real Betis-Athletic Club,Athletic Club,Unai Simón,False,Goalkeeper,1,start,end,1.0,0.0,0.0,0.0,0.0,0.0,1.0,2.0,3.0,0.0,0.0,0.0,0.0,0.0,
ESP-La Liga,1819,2018-09-23 Real Betis-Athletic Club,Real Betis,Pau López,True,Goalkeeper,1,start,end,1.0,0.0,0.0,0.0,0.0,0.0,0.0,2.0,2.0,0.0,0.0,0.0,0.0,0.0,
ESP-La Liga,1819,2018-09-23 Villarreal-Valencia,Valencia,Neto,False,Goalkeeper,1,start,end,1.0,0.0,0.0,0.0,0.0,0.0,0.0,0.0,1.0,0.0,0.0,0.0,0.0,0.0,
ESP-La Liga,1819,2018-09-23 Villarreal-Valencia,Villarreal,Sergio Asenjo,True,Goalkeeper,1,start,end,1.0,0.0,0.0,0.0,0.0,0.0,0.0,0.0,2.0,0.0,0.0,0.0,0.0,0.0,
ESP-La Liga,1819,2018-09-25 Atlético Madrid-Huesca,Atlético Madrid,Jan Oblak,True,Goalkeeper,1,start,end,1.0,0.0,0.0,0.0,0.0,0.0,0.0,0.0,1.0,0.0,0.0,0.0,0.0,0.0,
ESP-La Liga,1819,2018-09-25 Atlético Madrid-Huesca,Huesca,Axel Werner,False,Goalkeeper,1,start,end,1.0,0.0,0.0,0.0,0.0,0.0,0.0,3.0,2.0,0.0,0.0,0.0,0.0,0.0,
ESP-La Liga,1819,2018-09-25 Espanyol-Eibar,Eibar,Marko Dmitrovic,False,Goalkeeper,1,start,end,1.0,0.0,0.0,0.0,0.0,0.0,0.0,1.0,4.0,0.0,0.0,0.0,0.0,0.0,
ESP-La Liga,1819,2018-09-25 Espanyol-Eibar,Espanyol,Diego López,True,Goalkeeper,1,start,end,1.0,0.0,0.0,0.0,0.0,0.0,0.0,0.0,1.0,0.0,0.0,0.0,0.0,0.0,
ESP-La Liga,1819,2018-09-25 Real Sociedad-Rayo Vallecano,Rayo Vallecano,Alberto García,False,Goalkeeper,1,start,end,1.0,0.0,0.0,0.0,0.0,0.0,0.0,2.0,4.0,0.0,0.0,0.0,0.0,0.0,
ESP-La Liga,1819,2018-09-25 Real Sociedad-Rayo Vallecano,Real Sociedad,Gerónimo Rulli,True,Goalkeeper,1,start,end,1.0,0.0,0.0,0.0,0.0,0.0,0.0,2.0,4.0,0.0,0.0,0.0,0.0,0.0,
ESP-La Liga,1819,2018-09-26 Athletic Club-Villarreal,Athletic Club,Unai Simón,True,Goalkeeper,1,start,end,1.0,0.0,0.0,0.0,0.0,0.0,0.0,3.0,3.0,0.0,0.0,0.0,0.0,0.0,
ESP-La Liga,1819,2018-09-26 Athletic Club-Villarreal,Villarreal,Sergio Asenjo,False,Goalkeeper,1,start,end,1.0,0.0,0.0,0.0,0.0,0.0,0.0,0.0,2.0,0.0,0.0,0.0,0.0,0.0,
ESP-La Liga,1819,2018-09-26 Leganés-Barcelona,Barcelona,Marc-André ter Stegen,False,Goalkeeper,1,start,end,1.0,0.0,1.0,0.0,0.0,0.0,0.0,2.0,4.0,0.0,0.0,0.0,0.0,0.0,
ESP-La Liga,1819,2018-09-26 Leganés-Barcelona,Leganés,Iván Cuéllar,True,Goalkeeper,1,start,end,1.0,0.0,0.0,0.0,0.0,0.0,0.0,1.0,4.0,0.0,0.0,0.0,0.0,0.0,
ESP-La Liga,1819,2018-09-26 Sevilla-Real Madrid,Real Madrid,Thibaut Courtois,False,Goalkeeper,1,start,end,1.0,0.0,0.0,0.0,0.0,0.0,0.0,3.0,5.0,0.0,0.0,0.0,0.0,0.0,
ESP-La Liga,1819,2018-09-26 Sevilla-Real Madrid,Sevilla,Tomás Vaclík,True,Goalkeeper,1,start,end,1.0,0.0,0.0,0.0,0.0,0.0,0.0,0.0,3.0,0.0,0.0,0.0,0.0,0.0,
ESP-La Liga,1819,2018-09-26 Valencia-Celta Vigo,Celta Vigo,Sergio Álvarez,False,Goalkeeper,1,start,end,1.0,0.0,0.0,0.0,0.0,0.0,0.0,1.0,5.0,0.0,0.0,0.0,0.0,0.0,
ESP-La Liga,1819,2018-09-26 Valencia-Celta Vigo,Valencia,Neto,True,Goalkeeper,1,start,end,1.0,0.0,0.0,0.0,0.0,0.0,0.0,1.0,2.0,0.0,0.0,0.0,0.0,0.0,
ESP-La Liga,1819,2018-09-27 Alavés-Getafe,Alavés,Fernando Pacheco,True,Goalkeeper,1,start,end,1.0,0.0,1.0,0.0,0.0,0.0,0.0,1.0,4.0,0.0,0.0,0.0,0.0,0.0,
ESP-La Liga,1819,2018-09-27 Alavés-Getafe,Getafe,David Soria,False,Goalkeeper,1,start,end,1.0,0.0,0.0,0.0,0.0,0.0,0.0,1.0,1.0,0.0,0.0,0.0,0.0,0.0,
ESP-La Liga,1819,2018-09-27 Girona-Real Betis,Girona,Yassine Bounou,True,Goalkeeper,1,start,end,1.0,0.0,0.0,0.0,0.0,0.0,0.0,1.0,5.0,0.0,0.0,0.0,0.0,0.0,
ESP-La Liga,1819,2018-09-27 Girona-Real Betis,Real Betis,Pau López,False,Goalkeeper,1,start,end,1.0,0.0,1.0,0.0,0.0,0.0,1.0,0.0,2.0,0.0,0.0,0.0,0.0,0.0,
ESP-La Liga,1819,2018-09-27 Real Valladolid-Levante,Levante,Oier Olazábal,False,Goalkeeper,1,start,end,1.0,0.0,0.0,0.0,0.0,0.0,0.0,2.0,4.0,0.0,0.0,0.0,0.0,0.0,
ESP-La Liga,1819,2018-09-27 Real Valladolid-Levante,Real Valladolid,Jordi Masip,True,Goalkeeper,1,start,end,1.0,0.0,0.0,0.0,0.0,0.0,0.0,1.0,3.0,0.0,0.0,0.0,0.0,0.0,
ESP-La Liga,1819,2018-09-28 Rayo Vallecano-Espanyol,Espanyol,Diego López,False,Goalkeeper,1,start,end,1.0,0.0,0.0,0.0,0.0,0.0,0.0,2.0,2.0,0.0,0.0,0.0,0.0,0.0,
ESP-La Liga,1819,2018-09-28 Rayo Vallecano-Espanyol,Rayo Vallecano,Alberto García,True,Goalkeeper,1,start,end,1.0,0.0,0.0,0.0,0.0,0.0,0.0,2.0,3.0,0.0,0.0,0.0,0.0,0.0,
ESP-La Liga,1819,2018-09-29 Barcelona-Athletic Club,Athletic Club,Unai Simón,False,Goalkeeper,1,start,end,1.0,0.0,0.0,0.0,0.0,0.0,0.0,1.0,7.0,0.0,0.0,0.0,0.0,0.0,
ESP-La Liga,1819,2018-09-29 Barcelona-Athletic Club,Barcelona,Marc-André ter Stegen,True,Goalkeeper,1,start,end,1.0,0.0,0.0,0.0,0.0,0.0,0.0,1.0,1.0,0.0,0.0,0.0,0.0,0.0,
ESP-La Liga,1819,2018-09-29 Eibar-Sevilla,Eibar,Marko Dmitrovic,True,Goalkeeper,1,start,end,1.0,0.0,0.0,0.0,0.0,0.0,0.0,3.0,2.0,0.0,0.0,0.0,0.0,0.0,
ESP-La Liga,1819,2018-09-29 Eibar-Sevilla,Sevilla,Tomás Vaclík,False,Goalkeeper,1,start,end,1.0,0.0,0.0,0.0,0.0,0.0,0.0,1.0,1.0,0.0,0.0,0.0,0.0,0.0,
ESP-La Liga,1819,2018-09-29 Real Madrid-Atlético Madrid,Atlético Madrid,Jan Oblak,False,Goalkeeper,1,start,end,1.0,0.0,0.0,0.0,0.0,0.0,0.0,0.0,6.0,0.0,0.0,0.0,0.0,0.0,
ESP-La Liga,1819,2018-09-29 Real Madrid-Atlético Madrid,Real Madrid,Thibaut Courtois,True,Goalkeeper,1,start,end,1.0,0.0,1.0,0.0,0.0,0.0,0.0,0.0,3.0,0.0,0.0,0.0,0.0,0.0,
ESP-La Liga,1819,2018-09-29 Real Sociedad-Valencia,Real Sociedad,Miguel Ángel Moyà,True,Goalkeeper,1,start,end,1.0,0.0,0.0,0.0,0.0,0.0,0.0,1.0,1.0,0.0,0.0,0.0,0.0,0.0,
ESP-La Liga,1819,2018-09-29 Real Sociedad-Valencia,Valencia,Neto,False,Goalkeeper,1,start,end,1.0,0.0,0.0,0.0,0.0,0.0,1.0,0.0,5.0,0.0,0.0,0.0,0.0,0.0,
ESP-La Liga,1819,2018-09-30 Huesca-Girona,Girona,Yassine Bounou,False,Goalkeeper,1,start,end,1.0,0.0,0.0,0.0,0.0,0.0,0.0,1.0,5.0,0.0,0.0,0.0,0.0,0.0,
ESP-La Liga,1819,2018-09-30 Huesca-Girona,Huesca,Aleksandar Jovanovic,True,Goalkeeper,1,start,end,1.0,0.0,0.0,0.0,0.0,0.0,0.0,1.0,2.0,0.0,0.0,0.0,0.0,0.0,
ESP-La Liga,1819,2018-09-30 Levante-Alavés,Alavés,Fernando Pacheco,False,Goalkeeper,1,start,end,1.0,0.0,1.0,0.0,0.0,0.0,0.0,2.0,1.0,0.0,0.0,0.0,0.0,0.0,
ESP-La Liga,1819,2018-09-30 Levante-Alavés,Levante,Oier Olazábal,True,Goalkeeper,1,start,end,1.0,0.0,0.0,0.0,0.0,0.0,0.0,1.0,1.0,0.0,0.0,0.0,0.0,0.0,
ESP-La Liga,1819,2018-09-30 Real Betis-Leganés,Leganés,Iván Cuéllar,False,Goalkeeper,1,start,end,1.0,0.0,0.0,0.0,0.0,0.0,1.0,1.0,3.0,0.0,0.0,0.0,0.0,0.0,
ESP-La Liga,1819,2018-09-30 Real Betis-Leganés,Real Betis,Joel Robles,True,Goalkeeper,1,start,end,1.0,0.0,0.0,0.0,0.0,0.0,0.0,0.0,5.0,0.0,0.0,0.0,0.0,0.0,
ESP-La Liga,1819,2018-09-30 Villarreal-Real Valladolid,Real Valladolid,Jordi Masip,False,Goalkeeper,1,start,end,1.0,0.0,0.0,0.0,0.0,0.0,0.0,0.0,7.0,0.0,0.0,0.0,0.0,0.0,
ESP-La Liga,1819,2018-09-30 Villarreal-Real Valladolid,Villarreal,Sergio Asenjo,True,Goalkeeper,1,start,end,1.0,0.0,0.0,0.0,0.0,0.0,0.0,1.0,2.0,0.0,0.0,0.0,0.0,0.0,
ESP-La Liga,1819,2018-10-01 Celta Vigo-Getafe,Celta Vigo,Sergio Álvarez,True,Goalkeeper,1,start,end,1.0,0.0,0.0,0.0,0.0,0.0,0.0,1.0,3.0,0.0,0.0,0.0,0.0,0.0,
ESP-La Liga,1819,2018-10-01 Celta Vigo-Getafe,Getafe,David Soria,False,Goalkeeper,1,start,end,1.0,0.0,0.0,0.0,0.0,0.0,0.0,1.0,1.0,0.0,0.0,0.0,0.0,0.0,
ESP-La Liga,1819,2018-10-05 Athletic Club-Real Sociedad,Athletic Club,Unai Simón,True,Goalkeeper,1,start,end,1.0,1.0,0.0,0.0,0.0,0.0,0.0,3.0,0.0,0.0,0.0,0.0,0.0,0.0,
ESP-La Liga,1819,2018-10-05 Athletic Club-Real Sociedad,Real Sociedad,Miguel Ángel Moyà,False,Goalkeeper,1,start,end,1.0,0.0,1.0,0.0,0.0,0.0,1.0,1.0,4.0,0.0,0.0,0.0,0.0,0.0,
ESP-La Liga,1819,2018-10-06 Alavés-Real Madrid,Alavés,Fernando Pacheco,True,Goalkeeper,1,start,end,1.0,0.0,0.0,0.0,0.0,0.0,0.0,0.0,5.0,0.0,0.0,0.0,0.0,0.0,
ESP-La Liga,1819,2018-10-06 Alavés-Real Madrid,Real Madrid,Thibaut Courtois,False,Goalkeeper,1,start,end,1.0,0.0,0.0,0.0,0.0,0.0,0.0,1.0,3.0,0.0,0.0,0.0,0.0,0.0,
ESP-La Liga,1819,2018-10-06 Getafe-Levante,Getafe,David Soria,True,Goalkeeper,1,start,end,1.0,0.0,0.0,0.0,0.0,0.0,0.0,1.0,2.0,0.0,0.0,0.0,0.0,0.0,
ESP-La Liga,1819,2018-10-06 Getafe-Levante,Levante,Oier Olazábal,False,Goalkeeper,1,start,end,1.0,0.0,1.0,0.0,0.0,0.0,0.0,0.0,4.0,0.0,0.0,0.0,0.0,0.0,
ESP-La Liga,1819,2018-10-06 Girona-Eibar,Eibar,Marko Dmitrovic,False,Goalkeeper,1,start,end,1.0,0.0,0.0,0.0,0.0,0.0,0.0,2.0,1.0,0.0,0.0,0.0,0.0,0.0,
ESP-La Liga,1819,2018-10-06 Girona-Eibar,Girona,Yassine Bounou,True,Goalkeeper,1,start,end,1.0,0.0,0.0,0.0,0.0,0.0,0.0,3.0,1.0,0.0,0.0,0.0,0.0,0.0,
ESP-La Liga,1819,2018-10-06 Leganés-Rayo Vallecano,Leganés,Iván Cuéllar,True,Goalkeeper,1,start,end,1.0,0.0,0.0,0.0,0.0,0.0,0.0,0.0,2.0,0.0,0.0,0.0,0.0,0.0,
ESP-La Liga,1819,2018-10-06 Leganés-Rayo Vallecano,Rayo Vallecano,Alberto García,False,Goalkeeper,1,start,end,1.0,0.0,0.0,0.0,0.0,0.0,0.0,1.0,3.0,0.0,0.0,0.0,0.0,0.0,
ESP-La Liga,1819,2018-10-07 Atlético Madrid-Real Betis,Atlético Madrid,Jan Oblak,True,Goalkeeper,1,start,end,1.0,0.0,0.0,0.0,0.0,0.0,0.0,0.0,0.0,0.0,0.0,0.0,0.0,0.0,
ESP-La Liga,1819,2018-10-07 Atlético Madrid-Real Betis,Real Betis,Pau López,False,Goalkeeper,1,start,end,1.0,0.0,0.0,0.0,0.0,0.0,0.0,1.0,3.0,0.0,0.0,0.0,0.0,0.0,
ESP-La Liga,1819,2018-10-07 Espanyol-Villarreal,Espanyol,Diego López,True,Goalkeeper,1,start,end,1.0,0.0,0.0,0.0,0.0,0.0,0.0,1.0,4.0,0.0,0.0,0.0,0.0,0.0,
ESP-La Liga,1819,2018-10-07 Espanyol-Villarreal,Villarreal,Sergio Asenjo,False,Goalkeeper,1,start,end,1.0,0.0,0.0,0.0,0.0,0.0,0.0,3.0,9.0,0.0,0.0,0.0,0.0,0.0,
ESP-La Liga,1819,2018-10-07 Real Valladolid-Huesca,Huesca,Aleksandar Jovanovic,False,Goalkeeper,1,start,end,1.0,0.0,0.0,0.0,0.0,0.0,0.0,1.0,2.0,0.0,0.0,0.0,0.0,0.0,
ESP-La Liga,1819,2018-10-07 Real Valladolid-Huesca,Real Valladolid,Jordi Masip,True,Goalkeeper,1,start,end,1.0,0.0,0.0,0.0,0.0,0.0,0.0,0.0,1.0,0.0,0.0,0.0,0.0,0.0,
ESP-La Liga,1819,2018-10-07 Sevilla-Celta Vigo,Celta Vigo,Sergio Álvarez,False,Goalkeeper,1,start,end,1.0,0.0,0.0,0.0,0.0,0.0,0.0,2.0,1.0,0.0,0.0,0.0,0.0,0.0,
ESP-La Liga,1819,2018-10-07 Sevilla-Celta Vigo,Sevilla,Tomás Vaclík,True,Goalkeeper,1,start,end,1.0,0.0,0.0,0.0,0.0,0.0,0.0,1.0,4.0,0.0,0.0,0.0,0.0,0.0,
ESP-La Liga,1819,2018-10-07 Valencia-Barcelona,Barcelona,Marc-André ter Stegen,False,Goalkeeper,1,start,end,1.0,0.0,0.0,0.0,0.0,0.0,0.0,1.0,2.0,0.0,0.0,0.0,0.0,0.0,
ESP-La Liga,1819,2018-10-07 Valencia-Barcelona,Valencia,Neto,True,Goalkeeper,1,start,end,1.0,0.0,0.0,0.0,0.0,0.0,0.0,1.0,4.0,0.0,0.0,0.0,0.0,0.0,
ESP-La Liga,1819,2018-10-19 Celta Vigo-Alavés,Alavés,Fernando Pacheco,False,Goalkeeper,1,start,end,1.0,0.0,0.0,0.0,0.0,0.0,0.0,0.0,9.0,0.0,0.0,0.0,0.0,0.0,
ESP-La Liga,1819,2018-10-19 Celta Vigo-Alavés,Celta Vigo,Sergio Álvarez,True,Goalkeeper,1,start,end,1.0,0.0,0.0,0.0,0.0,0.0,0.0,1.0,1.0,0.0,0.0,0.0,0.0,0.0,
ESP-La Liga,1819,2018-10-20 Barcelona-Sevilla,Barcelona,Marc-André ter Stegen,True,Goalkeeper,1,start,end,1.0,0.0,0.0,0.0,0.0,0.0,0.0,2.0,5.0,0.0,0.0,0.0,0.0,0.0,
ESP-La Liga,1819,2018-10-20 Barcelona-Sevilla,Sevilla,Tomás Vaclík,False,Goalkeeper,1,start,end,1.0,1.0,0.0,0.0,0.0,0.0,1.0,4.0,5.0,0.0,0.0,0.0,0.0,0.0,
ESP-La Liga,1819,2018-10-20 Real Madrid-Levante,Levante,Oier Olazábal,False,Goalkeeper,1,start,end,1.0,0.0,0.0,0.0,0.0,0.0,0.0,1.0,11.0,0.0,0.0,0.0,0.0,0.0,
ESP-La Liga,1819,2018-10-20 Real Madrid-Levante,Real Madrid,Thibaut Courtois,True,Goalkeeper,1,start,end,1.0,0.0,1.0,0.0,0.0,0.0,0.0,2.0,0.0,0.0,0.0,0.0,0.0,0.0,
ESP-La Liga,1819,2018-10-20 Valencia-Leganés,Leganés,Iván Cuéllar,False,Goalkeeper,1,start,end,1.0,0.0,0.0,0.0,0.0,0.0,0.0,1.0,3.0,0.0,0.0,0.0,0.0,0.0,
ESP-La Liga,1819,2018-10-20 Valencia-Leganés,Valencia,Neto,True,Goalkeeper,1,start,end,1.0,0.0,0.0,0.0,0.0,0.0,0.0,1.0,4.0,0.0,0.0,0.0,0.0,0.0,
ESP-La Liga,1819,2018-10-20 Villarreal-Atlético Madrid,Atlético Madrid,Jan Oblak,False,Goalkeeper,1,start,end,1.0,0.0,0.0,0.0,0.0,0.0,0.0,1.0,5.0,0.0,0.0,0.0,0.0,0.0,
ESP-La Liga,1819,2018-10-20 Villarreal-Atlético Madrid,Villarreal,Sergio Asenjo,True,Goalkeeper,1,start,end,1.0,0.0,0.0,0.0,0.0,0.0,0.0,1.0,4.0,0.0,0.0,0.0,0.0,0.0,
ESP-La Liga,1819,2018-10-21 Eibar-Athletic Club,Athletic Club,Iago Herrerín,False,Goalkeeper,1,start,end,1.0,0.0,0.0,0.0,0.0,0.0,0.0,1.0,5.0,0.0,0.0,0.0,0.0,0.0,
ESP-La Liga,1819,2018-10-21 Eibar-Athletic Club,Eibar,Asier Riesgo,True,Goalkeeper,1,start,end,1.0,0.0,0.0,0.0,0.0,0.0,0.0,1.0,2.0,0.0,0.0,0.0,0.0,0.0,
ESP-La Liga,1819,2018-10-21 Huesca-Espanyol,Espanyol,Diego López,False,Goalkeeper,1,start,end,1.0,0.0,1.0,0.0,0.0,0.0,0.0,0.0,2.0,0.0,0.0,0.0,0.0,0.0,
ESP-La Liga,1819,2018-10-21 Huesca-Espanyol,Huesca,Aleksandar Jovanovic,True,Goalkeeper,1,start,end,1.0,0.0,0.0,0.0,0.0,0.0,0.0,2.0,0.0,0.0,0.0,0.0,0.0,0.0,
ESP-La Liga,1819,2018-10-21 Rayo Vallecano-Getafe,Getafe,David Soria,False,Goalkeeper,1,start,end,1.0,0.0,1.0,0.0,0.0,0.0,0.0,1.0,2.0,0.0,0.0,0.0,0.0,0.0,
ESP-La Liga,1819,2018-10-21 Rayo Vallecano-Getafe,Rayo Vallecano,Alberto García,True,Goalkeeper,1,start,end,1.0,0.0,0.0,0.0,0.0,0.0,0.0,2.0,1.0,0.0,0.0,0.0,0.0,0.0,
ESP-La Liga,1819,2018-10-21 Real Betis-Real Valladolid,Real Betis,Pau López,True,Goalkeeper,1,start,end,1.0,0.0,0.0,0.0,0.0,0.0,0.0,1.0,1.0,0.0,0.0,0.0,0.0,0.0,
ESP-La Liga,1819,2018-10-21 Real Betis-Real Valladolid,Real Valladolid,Jordi Masip,False,Goalkeeper,1,start,end,1.0,0.0,0.0,0.0,0.0,0.0,1.0,0.0,4.0,0.0,0.0,0.0,0.0,0.0,
ESP-La Liga,1819,2018-10-22 Real Sociedad-Girona,Girona,Yassine Bounou,False,Goalkeeper,1,start,end,1.0,0.0,0.0,0.0,0.0,0.0,0.0,0.0,8.0,0.0,0.0,0.0,0.0,0.0,
ESP-La Liga,1819,2018-10-22 Real Sociedad-Girona,Real Sociedad,Miguel Ángel Moyà,True,Goalkeeper,1,start,end,1.0,0.0,0.0,0.0,0.0,0.0,0.0,0.0,2.0,0.0,0.0,0.0,0.0,0.0,
ESP-La Liga,1819,2018-10-24 Rayo Vallecano-Athletic Club,Athletic Club,Iago Herrerín,False,Goalkeeper,1,start,end,1.0,0.0,0.0,0.0,0.0,0.0,0.0,1.0,2.0,0.0,0.0,0.0,0.0,0.0,
ESP-La Liga,1819,2018-10-24 Rayo Vallecano-Athletic Club,Rayo Vallecano,Alberto García,True,Goalkeeper,1,start,end,1.0,0.0,0.0,0.0,0.0,0.0,0.0,1.0,3.0,0.0,0.0,0.0,0.0,0.0,
ESP-La Liga,1819,2018-10-26 Real Valladolid-Espanyol,Espanyol,Diego López,False,Goalkeeper,1,start,end,1.0,0.0,0.0,0.0,0.0,0.0,0.0,1.0,1.0,0.0,0.0,0.0,0.0,0.0,
ESP-La Liga,1819,2018-10-26 Real Valladolid-Espanyol,Real Valladolid,Jordi Masip,True,Goalkeeper,1,start,end,1.0,0.0,0.0,0.0,0.0,0.0,0.0,1.0,2.0,0.0,0.0,0.0,0.0,0.0,
ESP-La Liga,1819,2018-10-27 Athletic Club-Valencia,Athletic Club,Iago Herrerín,True,Goalkeeper,1,start,end,1.0,0.0,0.0,0.0,0.0,0.0,0.0,0.0,3.0,0.0,0.0,0.0,0.0,0.0,
ESP-La Liga,1819,2018-10-27 Athletic Club-Valencia,Valencia,Neto,False,Goalkeeper,1,start,end,1.0,0.0,0.0,0.0,0.0,0.0,0.0,0.0,2.0,0.0,0.0,0.0,0.0,0.0,
ESP-La Liga,1819,2018-10-27 Atlético Madrid-Real Sociedad,Atlético Madrid,Jan Oblak,True,Goalkeeper,1,start,end,1.0,0.0,0.0,0.0,0.0,0.0,0.0,0.0,0.0,0.0,0.0,0.0,0.0,0.0,
ESP-La Liga,1819,2018-10-27 Atlético Madrid-Real Sociedad,Real Sociedad,Miguel Ángel Moyà,False,Goalkeeper,1,start,end,1.0,0.0,0.0,0.0,0.0,0.0,0.0,2.0,2.0,0.0,0.0,0.0,0.0,0.0,
ESP-La Liga,1819,2018-10-27 Celta Vigo-Eibar,Celta Vigo,Sergio Álvarez,True,Goalkeeper,1,start,end,1.0,0.0,0.0,0.0,0.0,0.0,0.0,0.0,5.0,0.0,0.0,0.0,0.0,0.0,
ESP-La Liga,1819,2018-10-27 Celta Vigo-Eibar,Eibar,Asier Riesgo,False,Goalkeeper,1,start,end,1.0,0.0,0.0,0.0,0.0,0.0,0.0,4.0,2.0,0.0,0.0,0.0,0.0,0.0,
ESP-La Liga,1819,2018-10-27 Girona-Rayo Vallecano,Girona,Yassine Bounou,True,Goalkeeper,1,start,end,1.0,0.0,0.0,0.0,0.0,0.0,0.0,1.0,4.0,0.0,0.0,0.0,0.0,0.0,
ESP-La Liga,1819,2018-10-27 Girona-Rayo Vallecano,Rayo Vallecano,Alberto García,False,Goalkeeper,1,start,end,1.0,0.0,0.0,0.0,0.0,0.0,0.0,2.0,4.0,0.0,0.0,0.0,0.0,0.0,
ESP-La Liga,1819,2018-10-27 Levante-Leganés,Leganés,Iván Cuéllar,False,Goalkeeper,1,start,end,1.0,0.0,0.0,0.0,0.0,0.0,0.0,2.0,2.0,0.0,0.0,0.0,0.0,0.0,
ESP-La Liga,1819,2018-10-27 Levante-Leganés,Levante,Oier Olazábal,True,Goalkeeper,1,start,end,1.0,0.0,0.0,0.0,0.0,0.0,0.0,0.0,6.0,0.0,0.0,0.0,0.0,0.0,
ESP-La Liga,1819,2018-10-28 Alavés-Villarreal,Alavés,Fernando Pacheco,True,Goalkeeper,1,start,end,1.0,0.0,0.0,0.0,0.0,0.0,0.0,1.0,1.0,0.0,0.0,0.0,0.0,0.0,
ESP-La Liga,1819,2018-10-28 Alavés-Villarreal,Villarreal,Sergio Asenjo,False,Goalkeeper,1,start,end,1.0,0.0,0.0,0.0,0.0,0.0,0.0,2.0,4.0,0.0,0.0,0.0,0.0,0.0,
ESP-La Liga,1819,2018-10-28 Barcelona-Real Madrid,Barcelona,Marc-André ter Stegen,True,Goalkeeper,1,start,end,1.0,0.0,0.0,0.0,0.0,0.0,0.0,1.0,3.0,0.0,0.0,0.0,0.0,0.0,
ESP-La Liga,1819,2018-10-28 Barcelona-Real Madrid,Real Madrid,Thibaut Courtois,False,Goalkeeper,1,start,end,1.0,0.0,0.0,0.0,0.0,0.0,0.0,5.0,3.0,0.0,0.0,0.0,0.0,0.0,
ESP-La Liga,1819,2018-10-28 Getafe-Real Betis,Getafe,David Soria,True,Goalkeeper,1,start,end,1.0,0.0,0.0,0.0,0.0,0.0,0.0,0.0,3.0,0.0,0.0,0.0,0.0,0.0,
ESP-La Liga,1819,2018-10-28 Getafe-Real Betis,Real Betis,Joel Robles,False,Goalkeeper,1,start,end,1.0,0.0,0.0,0.0,0.0,0.0,0.0,2.0,3.0,0.0,0.0,0.0,0.0,0.0,
ESP-La Liga,1819,2018-10-28 Sevilla-Huesca,Huesca,Aleksandar Jovanovic,False,Goalkeeper,1,start,end,1.0,0.0,0.0,0.0,0.0,0.0,0.0,2.0,2.0,0.0,0.0,0.0,0.0,0.0,
ESP-La Liga,1819,2018-10-28 Sevilla-Huesca,Sevilla,Tomás Vaclík,True,Goalkeeper,1,start,end,1.0,0.0,0.0,0.0,0.0,0.0,0.0,1.0,1.0,0.0,0.0,0.0,0.0,0.0,
ESP-La Liga,1819,2018-11-03 Leganés-Atlético Madrid,Atlético Madrid,Jan Oblak,False,Goalkeeper,1,start,end,1.0,0.0,0.0,0.0,0.0,0.0,0.0,1.0,2.0,0.0,0.0,0.0,0.0,0.0,
ESP-La Liga,1819,2018-11-03 Leganés-Atlético Madrid,Leganés,Iván Cuéllar,True,Goalkeeper,1,start,end,1.0,0.0,1.0,0.0,0.0,0.0,1.0,1.0,3.0,0.0,0.0,0.0,0.0,0.0,
ESP-La Liga,1819,2018-11-03 Rayo Vallecano-Barcelona,Barcelona,Marc-André ter Stegen,False,Goalkeeper,1,start,end,1.0,0.0,1.0,0.0,0.0,0.0,0.0,2.0,3.0,0.0,0.0,0.0,0.0,0.0,
ESP-La Liga,1819,2018-11-03 Rayo Vallecano-Barcelona,Rayo Vallecano,Alberto García,True,Goalkeeper,1,start,end,1.0,0.0,0.0,0.0,0.0,0.0,1.0,3.0,2.0,0.0,0.0,0.0,0.0,0.0,
ESP-La Liga,1819,2018-11-03 Real Madrid-Real Valladolid,Real Madrid,Thibaut Courtois,True,Goalkeeper,1,start,end,1.0,0.0,0.0,0.0,0.0,0.0,0.0,0.0,2.0,0.0,0.0,0.0,0.0,0.0,
ESP-La Liga,1819,2018-11-03 Real Madrid-Real Valladolid,Real Valladolid,Jordi Masip,False,Goalkeeper,1,start,end,1.0,0.0,0.0,0.0,0.0,0.0,0.0,2.0,5.0,0.0,0.0,0.0,0.0,0.0,
ESP-La Liga,1819,2018-11-03 Valencia-Girona,Girona,Yassine Bounou,False,Goalkeeper,1,start,end,1.0,0.0,0.0,0.0,0.0,0.0,1.0,0.0,9.0,0.0,0.0,0.0,0.0,0.0,
ESP-La Liga,1819,2018-11-03 Valencia-Girona,Valencia,Neto,True,Goalkeeper,1,start,end,1.0,0.0,0.0,0.0,0.0,0.0,0.0,1.0,2.0,0.0,0.0,0.0,0.0,0.0,
ESP-La Liga,1819,2018-11-04 Eibar-Alavés,Alavés,Antonio Sivera,False,Goalkeeper,1,start,end,1.0,0.0,0.0,0.0,0.0,0.0,0.0,2.0,5.0,0.0,0.0,0.0,0.0,0.0,
ESP-La Liga,1819,2018-11-04 Eibar-Alavés,Eibar,Marko Dmitrovic,True,Goalkeeper,1,start,end,1.0,0.0,0.0,0.0,0.0,0.0,0.0,1.0,2.0,0.0,0.0,0.0,0.0,0.0,
ESP-La Liga,1819,2018-11-04 Huesca-Getafe,Getafe,David Soria,False,Goalkeeper,1,start,end,1.0,0.0,0.0,0.0,0.0,0.0,0.0,1.0,6.0,0.0,0.0,0.0,0.0,0.0,
ESP-La Liga,1819,2018-11-04 Huesca-Getafe,Huesca,Aleksandar Jovanovic,True,Goalkeeper,1,start,end,1.0,0.0,0.0,0.0,0.0,0.0,0.0,1.0,1.0,0.0,0.0,0.0,0.0,0.0,
ESP-La Liga,1819,2018-11-04 Real Betis-Celta Vigo,Celta Vigo,Sergio Álvarez,False,Goalkeeper,1,start,end,1.0,0.0,0.0,0.0,0.0,0.0,0.0,3.0,3.0,0.0,0.0,0.0,0.0,0.0,
ESP-La Liga,1819,2018-11-04 Real Betis-Celta Vigo,Real Betis,Pau López,True,Goalkeeper,1,start,end,1.0,0.0,0.0,0.0,0.0,0.0,0.0,3.0,5.0,0.0,0.0,0.0,0.0,0.0,
ESP-La Liga,1819,2018-11-04 Real Sociedad-Sevilla,Real Sociedad,Miguel Ángel Moyà,True,Goalkeeper,1,start,end,1.0,0.0,0.0,0.0,0.0,0.0,0.0,0.0,1.0,0.0,0.0,0.0,0.0,0.0,
ESP-La Liga,1819,2018-11-04 Real Sociedad-Sevilla,Sevilla,Tomás Vaclík,False,Goalkeeper,1,start,end,1.0,0.0,0.0,0.0,0.0,0.0,0.0,0.0,2.0,0.0,0.0,0.0,0.0,0.0,
ESP-La Liga,1819,2018-11-04 Villarreal-Levante,Levante,Oier Olazábal,False,Goalkeeper,1,start,end,1.0,0.0,0.0,0.0,0.0,0.0,0.0,1.0,3.0,0.0,0.0,0.0,0.0,0.0,
ESP-La Liga,1819,2018-11-04 Villarreal-Levante,Villarreal,Sergio Asenjo,True,Goalkeeper,1,start,end,1.0,0.0,0.0,0.0,0.0,0.0,0.0,1.0,2.0,0.0,0.0,0.0,0.0,0.0,
ESP-La Liga,1819,2018-11-05 Espanyol-Athletic Club,Athletic Club,Iago Herrerín,False,Goalkeeper,1,start,end,1.0,0.0,0.0,0.0,0.0,0.0,0.0,1.0,2.0,0.0,0.0,0.0,0.0,0.0,
ESP-La Liga,1819,2018-11-05 Espanyol-Athletic Club,Espanyol,Diego López,True,Goalkeeper,1,start,end,1.0,0.0,0.0,0.0,0.0,0.0,0.0,0.0,2.0,0.0,0.0,0.0,0.0,0.0,
ESP-La Liga,1819,2018-11-09 Levante-Real Sociedad,Levante,Oier Olazábal,True,Goalkeeper,1,start,end,1.0,0.0,0.0,0.0,0.0,0.0,1.0,3.0,1.0,0.0,0.0,0.0,0.0,0.0,
ESP-La Liga,1819,2018-11-09 Levante-Real Sociedad,Real Sociedad,Miguel Ángel Moyà,False,Goalkeeper,1,start,end,1.0,0.0,0.0,0.0,0.0,0.0,0.0,1.0,1.0,0.0,0.0,0.0,0.0,0.0,
ESP-La Liga,1819,2018-11-10 Atlético Madrid-Athletic Club,Athletic Club,Iago Herrerín,False,Goalkeeper,1,start,end,1.0,0.0,0.0,0.0,0.0,0.0,0.0,3.0,0.0,0.0,0.0,0.0,0.0,0.0,
ESP-La Liga,1819,2018-11-10 Atlético Madrid-Athletic Club,Atlético Madrid,Jan Oblak,True,Goalkeeper,1,start,end,1.0,0.0,0.0,0.0,0.0,0.0,0.0,2.0,3.0,0.0,0.0,0.0,0.0,0.0,
ESP-La Liga,1819,2018-11-10 Getafe-Valencia,Getafe,David Soria,True,Goalkeeper,1,start,end,1.0,0.0,0.0,0.0,0.0,0.0,0.0,1.0,2.0,0.0,0.0,0.0,0.0,0.0,
ESP-La Liga,1819,2018-11-10 Getafe-Valencia,Valencia,Neto,False,Goalkeeper,1,start,end,1.0,0.0,0.0,0.0,0.0,0.0,0.0,0.0,3.0,0.0,0.0,0.0,0.0,0.0,
ESP-La Liga,1819,2018-11-10 Girona-Leganés,Girona,Yassine Bounou,True,Goalkeeper,1,start,end,1.0,0.0,1.0,0.0,0.0,0.0,0.0,0.0,2.0,0.0,0.0,0.0,0.0,0.0,
ESP-La Liga,1819,2018-11-10 Girona-Leganés,Girona,Yassine Bounou,True,Goalkeeper,,start,end,1.0,0.0,1.0,0.0,0.0,0.0,0.0,0.0,2.0,0.0,0.0,0.0,0.0,0.0,
ESP-La Liga,1819,2018-11-10 Girona-Leganés,Leganés,Iván Cuéllar,False,Goalkeeper,1,start,86,1.0,0.0,0.0,0.0,0.0,0.0,0.0,0.0,0.0,0.0,0.0,0.0,0.0,0.0,
ESP-La Liga,1819,2018-11-10 Girona-Leganés,Leganés,Iván Cuéllar,False,Goalkeeper,,start,86,1.0,0.0,0.0,0.0,0.0,0.0,0.0,0.0,0.0,0.0,0.0,0.0,0.0,0.0,
ESP-La Liga,1819,2018-11-10 Real Valladolid-Eibar,Eibar,Asier Riesgo,False,Goalkeeper,1,start,end,1.0,0.0,0.0,0.0,0.0,0.0,0.0,0.0,1.0,0.0,0.0,0.0,0.0,0.0,
ESP-La Liga,1819,2018-11-10 Real Valladolid-Eibar,Real Valladolid,Jordi Masip,True,Goalkeeper,1,start,end,1.0,0.0,0.0,0.0,0.0,0.0,0.0,0.0,7.0,0.0,0.0,0.0,0.0,0.0,
ESP-La Liga,1819,2018-11-11 Alavés-Huesca,Alavés,Antonio Sivera,True,Goalkeeper,1,start,end,1.0,0.0,0.0,0.0,0.0,0.0,0.0,1.0,1.0,0.0,0.0,0.0,0.0,0.0,
ESP-La Liga,1819,2018-11-11 Alavés-Huesca,Alavés,Antonio Sivera,True,Goalkeeper,,start,end,1.0,0.0,0.0,0.0,0.0,0.0,0.0,1.0,1.0,0.0,0.0,0.0,0.0,0.0,
ESP-La Liga,1819,2018-11-11 Alavés-Huesca,Huesca,Aleksandar Jovanovic,False,Goalkeeper,1,start,end,1.0,0.0,0.0,0.0,0.0,0.0,0.0,2.0,3.0,0.0,0.0,0.0,0.0,0.0,
ESP-La Liga,1819,2018-11-11 Alavés-Huesca,Huesca,Aleksandar Jovanovic,False,Goalkeeper,,start,end,1.0,0.0,0.0,0.0,0.0,0.0,0.0,2.0,3.0,0.0,0.0,0.0,0.0,0.0,
ESP-La Liga,1819,2018-11-11 Barcelona-Real Betis,Barcelona,Marc-André ter Stegen,True,Goalkeeper,1,start,end,1.0,0.0,0.0,0.0,0.0,0.0,0.0,4.0,4.0,0.0,0.0,0.0,0.0,0.0,
ESP-La Liga,1819,2018-11-11 Barcelona-Real Betis,Barcelona,Marc-André ter Stegen,True,Goalkeeper,,start,end,1.0,0.0,0.0,0.0,0.0,0.0,0.0,4.0,4.0,0.0,0.0,0.0,0.0,0.0,
ESP-La Liga,1819,2018-11-11 Barcelona-Real Betis,Real Betis,Pau López,False,Goalkeeper,1,start,end,1.0,0.0,0.0,0.0,0.0,0.0,0.0,3.0,2.0,0.0,0.0,0.0,0.0,0.0,
ESP-La Liga,1819,2018-11-11 Barcelona-Real Betis,Real Betis,Pau López,False,Goalkeeper,,start,end,1.0,0.0,0.0,0.0,0.0,0.0,0.0,3.0,2.0,0.0,0.0,0.0,0.0,0.0,
ESP-La Liga,1819,2018-11-11 Celta Vigo-Real Madrid,Celta Vigo,Sergio Álvarez,True,Goalkeeper,1,start,end,1.0,0.0,0.0,0.0,0.0,0.0,0.0,4.0,2.0,0.0,0.0,0.0,0.0,0.0,
ESP-La Liga,1819,2018-11-11 Celta Vigo-Real Madrid,Celta Vigo,Sergio Álvarez,True,Goalkeeper,,start,end,1.0,0.0,0.0,0.0,0.0,0.0,0.0,4.0,2.0,0.0,0.0,0.0,0.0,0.0,
ESP-La Liga,1819,2018-11-11 Celta Vigo-Real Madrid,Real Madrid,Thibaut Courtois,False,Goalkeeper,1,start,end,1.0,0.0,0.0,0.0,0.0,0.0,0.0,2.0,2.0,0.0,0.0,0.0,0.0,0.0,
ESP-La Liga,1819,2018-11-11 Celta Vigo-Real Madrid,Real Madrid,Thibaut Courtois,False,Goalkeeper,,start,end,1.0,0.0,0.0,0.0,0.0,0.0,0.0,2.0,2.0,0.0,0.0,0.0,0.0,0.0,
ESP-La Liga,1819,2018-11-11 Rayo Vallecano-Villarreal,Rayo Vallecano,Stole Dimitrievski,True,Goalkeeper,1,start,end,1.0,0.0,0.0,0.0,0.0,0.0,0.0,2.0,3.0,0.0,0.0,0.0,0.0,0.0,
ESP-La Liga,1819,2018-11-11 Rayo Vallecano-Villarreal,Rayo Vallecano,Stole Dimitrievski,True,Goalkeeper,,start,end,1.0,0.0,0.0,0.0,0.0,0.0,0.0,2.0,3.0,0.0,0.0,0.0,0.0,0.0,
ESP-La Liga,1819,2018-11-11 Rayo Vallecano-Villarreal,Villarreal,Sergio Asenjo,False,Goalkeeper,1,start,end,1.0,0.0,0.0,0.0,0.0,0.0,0.0,2.0,5.0,0.0,0.0,0.0,0.0,0.0,
ESP-La Liga,1819,2018-11-11 Rayo Vallecano-Villarreal,Villarreal,Sergio Asenjo,False,Goalkeeper,,start,end,1.0,0.0,0.0,0.0,0.0,0.0,0.0,2.0,5.0,0.0,0.0,0.0,0.0,0.0,
ESP-La Liga,1819,2018-11-11 Sevilla-Espanyol,Espanyol,Diego López,False,Goalkeeper,1,start,end,1.0,0.0,0.0,0.0,0.0,0.0,1.0,2.0,8.0,0.0,0.0,0.0,0.0,0.0,
ESP-La Liga,1819,2018-11-11 Sevilla-Espanyol,Espanyol,Diego López,False,Goalkeeper,,start,end,1.0,0.0,0.0,0.0,0.0,0.0,1.0,2.0,8.0,0.0,0.0,0.0,0.0,0.0,
ESP-La Liga,1819,2018-11-11 Sevilla-Espanyol,Sevilla,Tomás Vaclík,True,Goalkeeper,1,start,end,1.0,0.0,0.0,0.0,0.0,0.0,0.0,1.0,6.0,0.0,0.0,0.0,0.0,0.0,
ESP-La Liga,1819,2018-11-11 Sevilla-Espanyol,Sevilla,Tomás Vaclík,True,Goalkeeper,,start,end,1.0,0.0,0.0,0.0,0.0,0.0,0.0,1.0,6.0,0.0,0.0,0.0,0.0,0.0,
ESP-La Liga,1819,2018-11-23 Leganés-Alavés,Alavés,Fernando Pacheco,False,Goalkeeper,1,start,end,1.0,0.0,0.0,0.0,0.0,0.0,0.0,1.0,5.0,0.0,0.0,0.0,0.0,0.0,
ESP-La Liga,1819,2018-11-23 Leganés-Alavés,Leganés,Andriy Lunin,True,Goalkeeper,1,start,end,1.0,0.0,0.0,0.0,0.0,0.0,0.0,0.0,2.0,0.0,0.0,0.0,0.0,0.0,
ESP-La Liga,1819,2018-11-24 Atlético Madrid-Barcelona,Atlético Madrid,Jan Oblak,True,Goalkeeper,1,start,end,1.0,0.0,1.0,0.0,0.0,0.0,0.0,1.0,1.0,0.0,0.0,0.0,0.0,0.0,
ESP-La Liga,1819,2018-11-24 Atlético Madrid-Barcelona,Barcelona,Marc-André ter Stegen,False,Goalkeeper,1,start,end,1.0,0.0,0.0,0.0,0.0,0.0,0.0,1.0,0.0,0.0,0.0,0.0,0.0,0.0,
ESP-La Liga,1819,2018-11-24 Eibar-Real Madrid,Eibar,Asier Riesgo,True,Goalkeeper,1,start,end,1.0,0.0,0.0,0.0,0.0,0.0,0.0,0.0,2.0,0.0,0.0,0.0,0.0,0.0,
ESP-La Liga,1819,2018-11-24 Eibar-Real Madrid,Real Madrid,Thibaut Courtois,False,Goalkeeper,1,start,end,1.0,0.0,1.0,0.0,0.0,0.0,0.0,3.0,4.0,0.0,0.0,0.0,0.0,0.0,
ESP-La Liga,1819,2018-11-24 Huesca-Levante,Huesca,Aleksandar Jovanovic,True,Goalkeeper,1,start,end,1.0,0.0,0.0,0.0,0.0,0.0,1.0,2.0,1.0,0.0,0.0,0.0,0.0,0.0,
ESP-La Liga,1819,2018-11-24 Huesca-Levante,Huesca,Aleksandar Jovanovic,True,Goalkeeper,,start,end,1.0,0.0,0.0,0.0,0.0,0.0,1.0,2.0,1.0,0.0,0.0,0.0,0.0,0.0,
ESP-La Liga,1819,2018-11-24 Huesca-Levante,Levante,Oier Olazábal,False,Goalkeeper,1,start,end,1.0,0.0,0.0,0.0,0.0,0.0,0.0,2.0,10.0,0.0,0.0,0.0,0.0,0.0,
ESP-La Liga,1819,2018-11-24 Huesca-Levante,Levante,Oier Olazábal,False,Goalkeeper,,start,end,1.0,0.0,0.0,0.0,0.0,0.0,0.0,2.0,10.0,0.0,0.0,0.0,0.0,0.0,
ESP-La Liga,1819,2018-11-24 Valencia-Rayo Vallecano,Rayo Vallecano,Stole Dimitrievski,False,Goalkeeper,1,start,end,1.0,0.0,0.0,0.0,0.0,0.0,0.0,3.0,7.0,0.0,0.0,0.0,0.0,0.0,
ESP-La Liga,1819,2018-11-24 Valencia-Rayo Vallecano,Rayo Vallecano,Stole Dimitrievski,False,Goalkeeper,,start,end,1.0,0.0,0.0,0.0,0.0,0.0,0.0,3.0,7.0,0.0,0.0,0.0,0.0,0.0,
ESP-La Liga,1819,2018-11-24 Valencia-Rayo Vallecano,Valencia,Neto,True,Goalkeeper,1,start,end,1.0,0.0,0.0,0.0,0.0,0.0,0.0,0.0,3.0,0.0,0.0,0.0,0.0,0.0,
ESP-La Liga,1819,2018-11-24 Valencia-Rayo Vallecano,Valencia,Neto,True,Goalkeeper,,start,end,1.0,0.0,0.0,0.0,0.0,0.0,0.0,0.0,3.0,0.0,0.0,0.0,0.0,0.0,
ESP-La Liga,1819,2018-11-25 Athletic Club-Getafe,Athletic Club,Iago Herrerín,True,Goalkeeper,1,start,end,1.0,0.0,0.0,0.0,0.0,0.0,0.0,1.0,1.0,0.0,0.0,0.0,0.0,0.0,
ESP-La Liga,1819,2018-11-25 Athletic Club-Getafe,Athletic Club,Iago Herrerín,True,Goalkeeper,,start,end,1.0,0.0,0.0,0.0,0.0,0.0,0.0,1.0,1.0,0.0,0.0,0.0,0.0,0.0,
ESP-La Liga,1819,2018-11-25 Athletic Club-Getafe,Getafe,David Soria,False,Goalkeeper,1,start,end,1.0,0.0,0.0,0.0,0.0,0.0,0.0,1.0,3.0,0.0,0.0,0.0,0.0,0.0,
ESP-La Liga,1819,2018-11-25 Athletic Club-Getafe,Getafe,David Soria,False,Goalkeeper,,start,end,1.0,0.0,0.0,0.0,0.0,0.0,0.0,1.0,3.0,0.0,0.0,0.0,0.0,0.0,
ESP-La Liga,1819,2018-11-25 Espanyol-Girona,Espanyol,Diego López,True,Goalkeeper,1,start,end,1.0,0.0,0.0,0.0,0.0,0.0,1.0,3.0,7.0,0.0,0.0,0.0,0.0,0.0,
ESP-La Liga,1819,2018-11-25 Espanyol-Girona,Espanyol,Diego López,True,Goalkeeper,,start,end,1.0,0.0,0.0,0.0,0.0,0.0,1.0,3.0,7.0,0.0,0.0,0.0,0.0,0.0,
ESP-La Liga,1819,2018-11-25 Espanyol-Girona,Girona,Yassine Bounou,False,Goalkeeper,1,start,end,1.0,0.0,1.0,0.0,0.0,0.0,0.0,1.0,9.0,0.0,0.0,0.0,0.0,0.0,
ESP-La Liga,1819,2018-11-25 Espanyol-Girona,Girona,Yassine Bounou,False,Goalkeeper,,start,end,1.0,0.0,1.0,0.0,0.0,0.0,0.0,1.0,9.0,0.0,0.0,0.0,0.0,0.0,
ESP-La Liga,1819,2018-11-25 Sevilla-Real Valladolid,Real Valladolid,Jordi Masip,False,Goalkeeper,1,start,end,1.0,0.0,0.0,0.0,0.0,0.0,0.0,1.0,8.0,0.0,0.0,0.0,0.0,0.0,
ESP-La Liga,1819,2018-11-25 Sevilla-Real Valladolid,Real Valladolid,Jordi Masip,False,Goalkeeper,,start,end,1.0,0.0,0.0,0.0,0.0,0.0,0.0,1.0,8.0,0.0,0.0,0.0,0.0,0.0,
ESP-La Liga,1819,2018-11-25 Sevilla-Real Valladolid,Sevilla,Tomás Vaclík,True,Goalkeeper,1,start,end,1.0,0.0,0.0,0.0,0.0,0.0,0.0,0.0,5.0,0.0,0.0,0.0,0.0,0.0,
ESP-La Liga,1819,2018-11-25 Sevilla-Real Valladolid,Sevilla,Tomás Vaclík,True,Goalkeeper,,start,end,1.0,0.0,0.0,0.0,0.0,0.0,0.0,0.0,5.0,0.0,0.0,0.0,0.0,0.0,
ESP-La Liga,1819,2018-11-25 Villarreal-Real Betis,Real Betis,Pau López,False,Goalkeeper,1,start,end,1.0,0.0,0.0,0.0,0.0,0.0,0.0,2.0,6.0,0.0,0.0,0.0,0.0,0.0,
ESP-La Liga,1819,2018-11-25 Villarreal-Real Betis,Villarreal,Sergio Asenjo,True,Goalkeeper,1,start,end,1.0,0.0,0.0,0.0,0.0,0.0,0.0,1.0,5.0,0.0,0.0,0.0,0.0,0.0,
ESP-La Liga,1819,2018-11-25 Villarreal-Real Betis,Villarreal,Sergio Asenjo,True,Goalkeeper,,start,end,1.0,0.0,0.0,0.0,0.0,0.0,0.0,1.0,5.0,0.0,0.0,0.0,0.0,0.0,
ESP-La Liga,1819,2018-11-26 Real Sociedad-Celta Vigo,Celta Vigo,Sergio Álvarez,False,Goalkeeper,1,start,end,1.0,0.0,0.0,0.0,0.0,0.0,0.0,2.0,5.0,0.0,0.0,0.0,0.0,0.0,
ESP-La Liga,1819,2018-11-26 Real Sociedad-Celta Vigo,Celta Vigo,Sergio Álvarez,False,Goalkeeper,,start,end,1.0,0.0,0.0,0.0,0.0,0.0,0.0,2.0,5.0,0.0,0.0,0.0,0.0,0.0,
ESP-La Liga,1819,2018-11-26 Real Sociedad-Celta Vigo,Real Sociedad,Miguel Ángel Moyà,True,Goalkeeper,1,start,end,1.0,0.0,0.0,0.0,0.0,0.0,0.0,1.0,1.0,0.0,0.0,0.0,0.0,0.0,
ESP-La Liga,1819,2018-11-26 Real Sociedad-Celta Vigo,Real Sociedad,Miguel Ángel Moyà,True,Goalkeeper,,start,end,1.0,0.0,0.0,0.0,0.0,0.0,0.0,1.0,1.0,0.0,0.0,0.0,0.0,0.0,
ESP-La Liga,1819,2018-11-30 Rayo Vallecano-Eibar,Eibar,Asier Riesgo,False,Goalkeeper,1,start,end,1.0,0.0,0.0,0.0,0.0,0.0,0.0,1.0,1.0,0.0,0.0,0.0,0.0,0.0,
ESP-La Liga,1819,2018-11-30 Rayo Vallecano-Eibar,Eibar,Asier Riesgo,False,Goalkeeper,,start,end,1.0,0.0,0.0,0.0,0.0,0.0,0.0,1.0,1.0,0.0,0.0,0.0,0.0,0.0,
ESP-La Liga,1819,2018-11-30 Rayo Vallecano-Eibar,Rayo Vallecano,Stole Dimitrievski,True,Goalkeeper,1,start,end,1.0,0.0,1.0,0.0,0.0,0.0,0.0,0.0,5.0,0.0,0.0,0.0,0.0,0.0,
ESP-La Liga,1819,2018-11-30 Rayo Vallecano-Eibar,Rayo Vallecano,Stole Dimitrievski,True,Goalkeeper,,start,end,1.0,0.0,1.0,0.0,0.0,0.0,0.0,0.0,5.0,0.0,0.0,0.0,0.0,0.0,
ESP-La Liga,1819,2018-12-01 Celta Vigo-Huesca,Celta Vigo,Rubén Blanco,True,Goalkeeper,1,start,end,1.0,0.0,0.0,0.0,0.0,0.0,1.0,0.0,3.0,0.0,0.0,0.0,0.0,0.0,
ESP-La Liga,1819,2018-12-01 Celta Vigo-Huesca,Celta Vigo,Rubén Blanco,True,Goalkeeper,,start,end,1.0,0.0,0.0,0.0,0.0,0.0,1.0,0.0,3.0,0.0,0.0,0.0,0.0,0.0,
ESP-La Liga,1819,2018-12-01 Celta Vigo-Huesca,Huesca,Aleksandar Jovanovic,False,Goalkeeper,1,start,end,1.0,0.0,0.0,0.0,0.0,0.0,0.0,2.0,3.0,0.0,0.0,0.0,0.0,0.0,
ESP-La Liga,1819,2018-12-01 Celta Vigo-Huesca,Huesca,Aleksandar Jovanovic,False,Goalkeeper,,start,end,1.0,0.0,0.0,0.0,0.0,0.0,0.0,2.0,3.0,0.0,0.0,0.0,0.0,0.0,
ESP-La Liga,1819,2018-12-01 Getafe-Espanyol,Espanyol,Diego López,False,Goalkeeper,1,start,end,1.0,0.0,0.0,0.0,0.0,0.0,0.0,3.0,2.0,0.0,0.0,0.0,0.0,0.0,
ESP-La Liga,1819,2018-12-01 Getafe-Espanyol,Espanyol,Diego López,False,Goalkeeper,,start,end,1.0,0.0,0.0,0.0,0.0,0.0,0.0,3.0,2.0,0.0,0.0,0.0,0.0,0.0,
ESP-La Liga,1819,2018-12-01 Getafe-Espanyol,Getafe,David Soria,True,Goalkeeper,1,start,end,1.0,0.0,0.0,0.0,0.0,0.0,0.0,0.0,2.0,0.0,0.0,0.0,0.0,0.0,
ESP-La Liga,1819,2018-12-01 Getafe-Espanyol,Getafe,David Soria,True,Goalkeeper,,start,end,1.0,0.0,0.0,0.0,0.0,0.0,0.0,0.0,2.0,0.0,0.0,0.0,0.0,0.0,
ESP-La Liga,1819,2018-12-01 Real Madrid-Valencia,Real Madrid,Thibaut Courtois,True,Goalkeeper,1,start,end,1.0,0.0,0.0,0.0,0.0,0.0,0.0,0.0,2.0,0.0,0.0,0.0,0.0,0.0,
ESP-La Liga,1819,2018-12-01 Real Madrid-Valencia,Real Madrid,Thibaut Courtois,True,Goalkeeper,,start,end,1.0,0.0,0.0,0.0,0.0,0.0,0.0,0.0,2.0,0.0,0.0,0.0,0.0,0.0,
ESP-La Liga,1819,2018-12-01 Real Madrid-Valencia,Valencia,Neto,False,Goalkeeper,1,start,end,1.0,0.0,0.0,0.0,0.0,0.0,0.0,2.0,2.0,0.0,0.0,0.0,0.0,0.0,
ESP-La Liga,1819,2018-12-01 Real Madrid-Valencia,Valencia,Neto,False,Goalkeeper,,start,end,1.0,0.0,0.0,0.0,0.0,0.0,0.0,2.0,2.0,0.0,0.0,0.0,0.0,0.0,
ESP-La Liga,1819,2018-12-01 Real Valladolid-Leganés,Leganés,Iván Cuéllar,False,Goalkeeper,1,start,end,1.0,0.0,0.0,0.0,0.0,0.0,0.0,2.0,4.0,0.0,0.0,0.0,0.0,0.0,
ESP-La Liga,1819,2018-12-01 Real Valladolid-Leganés,Leganés,Iván Cuéllar,False,Goalkeeper,,start,end,1.0,0.0,0.0,0.0,0.0,0.0,0.0,2.0,4.0,0.0,0.0,0.0,0.0,0.0,
ESP-La Liga,1819,2018-12-01 Real Valladolid-Leganés,Real Valladolid,Jordi Masip,True,Goalkeeper,1,start,end,1.0,0.0,0.0,0.0,0.0,0.0,0.0,4.0,1.0,0.0,0.0,0.0,0.0,0.0,
ESP-La Liga,1819,2018-12-01 Real Valladolid-Leganés,Real Valladolid,Jordi Masip,True,Goalkeeper,,start,end,1.0,0.0,0.0,0.0,0.0,0.0,0.0,4.0,1.0,0.0,0.0,0.0,0.0,0.0,
ESP-La Liga,1819,2018-12-02 Alavés-Sevilla,Alavés,Fernando Pacheco,True,Goalkeeper,1,start,end,1.0,0.0,0.0,0.0,0.0,0.0,0.0,1.0,2.0,0.0,0.0,0.0,0.0,0.0,
ESP-La Liga,1819,2018-12-02 Alavés-Sevilla,Alavés,Fernando Pacheco,True,Goalkeeper,,start,end,1.0,0.0,0.0,0.0,0.0,0.0,0.0,1.0,2.0,0.0,0.0,0.0,0.0,0.0,
ESP-La Liga,1819,2018-12-02 Alavés-Sevilla,Sevilla,Tomás Vaclík,False,Goalkeeper,1,start,end,1.0,0.0,0.0,0.0,0.0,0.0,0.0,1.0,2.0,0.0,0.0,0.0,0.0,0.0,
ESP-La Liga,1819,2018-12-02 Barcelona-Villarreal,Barcelona,Marc-André ter Stegen,True,Goalkeeper,1,start,end,1.0,0.0,0.0,0.0,0.0,0.0,0.0,0.0,2.0,0.0,0.0,0.0,0.0,0.0,
ESP-La Liga,1819,2018-12-02 Barcelona-Villarreal,Barcelona,Marc-André ter Stegen,True,Goalkeeper,,start,end,1.0,0.0,0.0,0.0,0.0,0.0,0.0,0.0,2.0,0.0,0.0,0.0,0.0,0.0,
ESP-La Liga,1819,2018-12-02 Barcelona-Villarreal,Villarreal,Sergio Asenjo,False,Goalkeeper,1,start,end,1.0,0.0,0.0,0.0,0.0,0.0,0.0,2.0,5.0,0.0,0.0,0.0,0.0,0.0,
ESP-La Liga,1819,2018-12-02 Barcelona-Villarreal,Villarreal,Sergio Asenjo,False,Goalkeeper,,start,end,1.0,0.0,0.0,0.0,0.0,0.0,0.0,2.0,5.0,0.0,0.0,0.0,0.0,0.0,
ESP-La Liga,1819,2018-12-02 Girona-Atlético Madrid,Atlético Madrid,Jan Oblak,False,Goalkeeper,1,start,end,1.0,1.0,0.0,0.0,0.0,0.0,0.0,1.0,2.0,0.0,0.0,0.0,0.0,0.0,
ESP-La Liga,1819,2018-12-02 Girona-Atlético Madrid,Atlético Madrid,Jan Oblak,False,Goalkeeper,,start,end,1.0,1.0,0.0,0.0,0.0,0.0,0.0,1.0,2.0,0.0,0.0,0.0,0.0,0.0,
ESP-La Liga,1819,2018-12-02 Girona-Atlético Madrid,Girona,Yassine Bounou,True,Goalkeeper,1,start,72,1.0,0.0,0.0,0.0,0.0,0.0,0.0,0.0,1.0,0.0,0.0,0.0,0.0,0.0,
ESP-La Liga,1819,2018-12-02 Girona-Atlético Madrid,Girona,Yassine Bounou,True,Goalkeeper,,start,72,1.0,0.0,0.0,0.0,0.0,0.0,0.0,0.0,1.0,0.0,0.0,0.0,0.0,0.0,
ESP-La Liga,1819,2018-12-02 Real Betis-Real Sociedad,Real Betis,Pau López,True,Goalkeeper,1,start,end,1.0,0.0,1.0,0.0,0.0,0.0,0.0,0.0,4.0,0.0,0.0,0.0,0.0,0.0,
ESP-La Liga,1819,2018-12-02 Real Betis-Real Sociedad,Real Betis,Pau López,True,Goalkeeper,,start,end,1.0,0.0,1.0,0.0,0.0,0.0,0.0,0.0,4.0,0.0,0.0,0.0,0.0,0.0,
ESP-La Liga,1819,2018-12-02 Real Betis-Real Sociedad,Real Sociedad,Miguel Ángel Moyà,False,Goalkeeper,1,start,end,1.0,0.0,0.0,0.0,0.0,0.0,0.0,1.0,3.0,0.0,0.0,0.0,0.0,0.0,
ESP-La Liga,1819,2018-12-02 Real Betis-Real Sociedad,Real Sociedad,Miguel Ángel Moyà,False,Goalkeeper,,start,end,1.0,0.0,0.0,0.0,0.0,0.0,0.0,1.0,3.0,0.0,0.0,0.0,0.0,0.0,
ESP-La Liga,1819,2018-12-03 Levante-Athletic Club,Athletic Club,Iago Herrerín,False,Goalkeeper,1,start,end,1.0,0.0,0.0,0.0,0.0,0.0,0.0,3.0,4.0,0.0,0.0,0.0,0.0,0.0,
ESP-La Liga,1819,2018-12-03 Levante-Athletic Club,Levante,Oier Olazábal,True,Goalkeeper,1,start,end,1.0,0.0,0.0,0.0,0.0,0.0,0.0,0.0,3.0,0.0,0.0,0.0,0.0,0.0,
ESP-La Liga,1819,2018-12-07 Leganés-Getafe,Getafe,David Soria,False,Goalkeeper,1,start,end,1.0,0.0,0.0,0.0,0.0,0.0,0.0,1.0,4.0,0.0,0.0,0.0,0.0,0.0,
ESP-La Liga,1819,2018-12-07 Leganés-Getafe,Leganés,Iván Cuéllar,True,Goalkeeper,1,start,end,1.0,0.0,1.0,0.0,0.0,0.0,0.0,1.0,1.0,0.0,0.0,0.0,0.0,0.0,
ESP-La Liga,1819,2018-12-08 Atlético Madrid-Alavés,Alavés,Fernando Pacheco,False,Goalkeeper,1,start,end,1.0,0.0,0.0,0.0,0.0,0.0,0.0,3.0,2.0,0.0,0.0,0.0,0.0,0.0,
ESP-La Liga,1819,2018-12-08 Atlético Madrid-Alavés,Atlético Madrid,Jan Oblak,True,Goalkeeper,1,start,end,1.0,0.0,0.0,0.0,0.0,0.0,0.0,0.0,3.0,0.0,0.0,0.0,0.0,0.0,
ESP-La Liga,1819,2018-12-08 Espanyol-Barcelona,Barcelona,Marc-André ter Stegen,False,Goalkeeper,1,start,end,1.0,0.0,0.0,0.0,0.0,0.0,0.0,0.0,3.0,0.0,0.0,0.0,0.0,0.0,
ESP-La Liga,1819,2018-12-08 Espanyol-Barcelona,Espanyol,Diego López,True,Goalkeeper,1,start,end,1.0,0.0,0.0,0.0,0.0,0.0,0.0,4.0,5.0,0.0,0.0,0.0,0.0,0.0,
ESP-La Liga,1819,2018-12-08 Valencia-Sevilla,Sevilla,Tomás Vaclík,False,Goalkeeper,1,start,end,1.0,0.0,0.0,0.0,0.0,0.0,0.0,1.0,5.0,0.0,0.0,0.0,0.0,0.0,
ESP-La Liga,1819,2018-12-08 Valencia-Sevilla,Valencia,Neto,True,Goalkeeper,1,start,end,1.0,0.0,0.0,0.0,0.0,0.0,0.0,1.0,2.0,0.0,0.0,0.0,0.0,0.0,
ESP-La Liga,1819,2018-12-08 Villarreal-Celta Vigo,Celta Vigo,Rubén Blanco,False,Goalkeeper,1,start,end,1.0,1.0,0.0,0.0,0.0,0.0,1.0,2.0,1.0,0.0,0.0,0.0,0.0,0.0,
ESP-La Liga,1819,2018-12-08 Villarreal-Celta Vigo,Villarreal,Sergio Asenjo,True,Goalkeeper,1,start,end,1.0,0.0,1.0,0.0,0.0,0.0,0.0,3.0,4.0,0.0,0.0,0.0,0.0,0.0,
ESP-La Liga,1819,2018-12-09 Eibar-Levante,Eibar,Asier Riesgo,True,Goalkeeper,1,start,end,1.0,0.0,0.0,0.0,0.0,0.0,0.0,4.0,1.0,0.0,0.0,0.0,0.0,0.0,
ESP-La Liga,1819,2018-12-09 Eibar-Levante,Levante,Oier Olazábal,False,Goalkeeper,1,start,end,1.0,0.0,0.0,0.0,0.0,0.0,0.0,4.0,3.0,0.0,0.0,0.0,0.0,0.0,
ESP-La Liga,1819,2018-12-09 Huesca-Real Madrid,Huesca,Aleksandar Jovanovic,True,Goalkeeper,1,start,end,1.0,0.0,0.0,0.0,0.0,0.0,0.0,1.0,3.0,0.0,0.0,0.0,0.0,0.0,
ESP-La Liga,1819,2018-12-09 Huesca-Real Madrid,Real Madrid,Thibaut Courtois,False,Goalkeeper,1,start,end,1.0,0.0,0.0,0.0,0.0,0.0,0.0,0.0,3.0,0.0,0.0,0.0,0.0,0.0,
ESP-La Liga,1819,2018-12-09 Real Betis-Rayo Vallecano,Rayo Vallecano,Stole Dimitrievski,False,Goalkeeper,1,start,end,1.0,0.0,0.0,0.0,0.0,0.0,0.0,2.0,1.0,0.0,0.0,0.0,0.0,0.0,
ESP-La Liga,1819,2018-12-09 Real Betis-Rayo Vallecano,Real Betis,Pau López,True,Goalkeeper,1,start,end,1.0,0.0,0.0,0.0,0.0,0.0,0.0,0.0,5.0,0.0,0.0,0.0,0.0,0.0,
ESP-La Liga,1819,2018-12-09 Real Sociedad-Real Valladolid,Real Sociedad,Miguel Ángel Moyà,True,Goalkeeper,1,start,end,1.0,0.0,0.0,0.0,0.0,0.0,0.0,2.0,4.0,0.0,0.0,0.0,0.0,0.0,
ESP-La Liga,1819,2018-12-09 Real Sociedad-Real Valladolid,Real Valladolid,Jordi Masip,False,Goalkeeper,1,start,end,1.0,0.0,0.0,0.0,0.0,0.0,0.0,1.0,4.0,0.0,0.0,0.0,0.0,0.0,
ESP-La Liga,1819,2018-12-10 Athletic Club-Girona,Athletic Club,Iago Herrerín,True,Goalkeeper,1,start,end,1.0,0.0,1.0,0.0,0.0,0.0,0.0,0.0,1.0,0.0,0.0,0.0,0.0,0.0,
ESP-La Liga,1819,2018-12-10 Athletic Club-Girona,Girona,Gorka Iraizoz,False,Goalkeeper,1,start,end,1.0,0.0,0.0,0.0,0.0,0.0,0.0,1.0,9.0,0.0,0.0,0.0,0.0,0.0,
ESP-La Liga,1819,2018-12-14 Celta Vigo-Leganés,Celta Vigo,Rubén Blanco,True,Goalkeeper,1,start,end,1.0,0.0,0.0,0.0,0.0,0.0,0.0,0.0,2.0,0.0,0.0,0.0,0.0,0.0,
ESP-La Liga,1819,2018-12-14 Celta Vigo-Leganés,Leganés,Iván Cuéllar,False,Goalkeeper,1,start,end,1.0,0.0,1.0,0.0,0.0,0.0,1.0,0.0,2.0,0.0,0.0,0.0,0.0,0.0,
ESP-La Liga,1819,2018-12-15 Eibar-Valencia,Eibar,Asier Riesgo,True,Goalkeeper,1,start,end,1.0,0.0,0.0,0.0,0.0,0.0,0.0,1.0,3.0,0.0,0.0,0.0,0.0,0.0,
ESP-La Liga,1819,2018-12-15 Eibar-Valencia,Valencia,Neto,False,Goalkeeper,1,start,end,1.0,0.0,0.0,0.0,0.0,0.0,0.0,1.0,5.0,0.0,0.0,0.0,0.0,0.0,
ESP-La Liga,1819,2018-12-15 Getafe-Real Sociedad,Getafe,David Soria,True,Goalkeeper,1,start,end,1.0,0.0,0.0,0.0,0.0,0.0,0.0,0.0,4.0,0.0,0.0,0.0,0.0,0.0,
ESP-La Liga,1819,2018-12-15 Getafe-Real Sociedad,Real Sociedad,Miguel Ángel Moyà,False,Goalkeeper,1,start,end,1.0,0.0,0.0,0.0,0.0,0.0,0.0,1.0,1.0,0.0,0.0,0.0,0.0,0.0,
ESP-La Liga,1819,2018-12-15 Real Madrid-Rayo Vallecano,Rayo Vallecano,Stole Dimitrievski,False,Goalkeeper,1,start,end,1.0,0.0,0.0,0.0,0.0,0.0,0.0,1.0,3.0,0.0,0.0,0.0,0.0,0.0,
ESP-La Liga,1819,2018-12-15 Real Madrid-Rayo Vallecano,Real Madrid,Thibaut Courtois,True,Goalkeeper,1,start,end,1.0,0.0,0.0,0.0,0.0,0.0,0.0,0.0,3.0,0.0,0.0,0.0,0.0,0.0,
ESP-La Liga,1819,2018-12-15 Real Valladolid-Atlético Madrid,Atlético Madrid,Jan Oblak,False,Goalkeeper,1,start,end,1.0,0.0,0.0,0.0,0.0,0.0,0.0,2.0,2.0,0.0,0.0,0.0,0.0,0.0,
ESP-La Liga,1819,2018-12-15 Real Valladolid-Atlético Madrid,Real Valladolid,Jordi Masip,True,Goalkeeper,1,start,end,1.0,0.0,0.0,0.0,0.0,0.0,0.0,3.0,2.0,0.0,0.0,0.0,0.0,0.0,
ESP-La Liga,1819,2018-12-16 Espanyol-Real Betis,Espanyol,Diego López,True,Goalkeeper,1,start,end,1.0,0.0,0.0,0.0,0.0,0.0,0.0,3.0,3.0,0.0,0.0,0.0,0.0,0.0,
ESP-La Liga,1819,2018-12-16 Espanyol-Real Betis,Real Betis,Pau López,False,Goalkeeper,1,start,end,1.0,0.0,0.0,0.0,0.0,0.0,0.0,1.0,2.0,0.0,0.0,0.0,0.0,0.0,
ESP-La Liga,1819,2018-12-16 Huesca-Villarreal,Huesca,Aleksandar Jovanovic,True,Goalkeeper,1,start,end,1.0,1.0,1.0,0.0,0.0,0.0,0.0,2.0,4.0,0.0,0.0,0.0,0.0,0.0,
ESP-La Liga,1819,2018-12-16 Huesca-Villarreal,Villarreal,Sergio Asenjo,False,Goalkeeper,1,start,end,1.0,0.0,1.0,0.0,0.0,0.0,0.0,2.0,10.0,0.0,0.0,0.0,0.0,0.0,
ESP-La Liga,1819,2018-12-16 Levante-Barcelona,Barcelona,Marc-André ter Stegen,False,Goalkeeper,1,start,end,1.0,0.0,0.0,0.0,0.0,0.0,0.0,0.0,6.0,0.0,0.0,0.0,0.0,0.0,
ESP-La Liga,1819,2018-12-16 Levante-Barcelona,Levante,Oier Olazábal,True,Goalkeeper,1,start,end,1.0,0.0,0.0,0.0,0.0,0.0,0.0,5.0,4.0,0.0,0.0,0.0,0.0,0.0,
ESP-La Liga,1819,2018-12-16 Sevilla-Girona,Girona,Gorka Iraizoz,False,Goalkeeper,1,start,end,1.0,0.0,0.0,0.0,0.0,0.0,0.0,2.0,3.0,0.0,0.0,0.0,0.0,0.0,
ESP-La Liga,1819,2018-12-16 Sevilla-Girona,Sevilla,Tomás Vaclík,True,Goalkeeper,1,start,end,1.0,0.0,0.0,0.0,0.0,0.0,0.0,0.0,2.0,0.0,0.0,0.0,0.0,0.0,
ESP-La Liga,1819,2018-12-17 Alavés-Athletic Club,Alavés,Fernando Pacheco,True,Goalkeeper,1,start,end,1.0,0.0,0.0,0.0,0.0,0.0,0.0,0.0,3.0,0.0,0.0,0.0,0.0,0.0,
ESP-La Liga,1819,2018-12-17 Alavés-Athletic Club,Athletic Club,Iago Herrerín,False,Goalkeeper,1,start,end,1.0,0.0,0.0,0.0,0.0,0.0,0.0,0.0,2.0,0.0,0.0,0.0,0.0,0.0,
ESP-La Liga,1819,2018-12-21 Girona-Getafe,Getafe,David Soria,False,Goalkeeper,1,start,end,1.0,0.0,0.0,0.0,0.0,0.0,0.0,1.0,3.0,0.0,0.0,0.0,0.0,0.0,
ESP-La Liga,1819,2018-12-21 Girona-Getafe,Girona,Yassine Bounou,True,Goalkeeper,1,start,end,1.0,0.0,0.0,0.0,0.0,0.0,0.0,1.0,1.0,0.0,0.0,0.0,0.0,0.0,
ESP-La Liga,1819,2018-12-21 Real Sociedad-Alavés,Alavés,Fernando Pacheco,False,Goalkeeper,1,start,end,1.0,0.0,0.0,0.0,0.0,0.0,0.0,0.0,4.0,0.0,0.0,0.0,0.0,0.0,
ESP-La Liga,1819,2018-12-21 Real Sociedad-Alavés,Real Sociedad,Miguel Ángel Moyà,True,Goalkeeper,1,start,end,1.0,0.0,0.0,0.0,0.0,0.0,0.0,1.0,2.0,0.0,0.0,0.0,0.0,0.0,
ESP-La Liga,1819,2018-12-22 Athletic Club-Real Valladolid,Athletic Club,Iago Herrerín,True,Goalkeeper,1,start,end,1.0,0.0,0.0,0.0,0.0,0.0,0.0,1.0,1.0,0.0,0.0,0.0,0.0,0.0,
ESP-La Liga,1819,2018-12-22 Athletic Club-Real Valladolid,Real Valladolid,Jordi Masip,False,Goalkeeper,1,start,end,1.0,0.0,0.0,0.0,0.0,0.0,0.0,1.0,2.0,0.0,0.0,0.0,0.0,0.0,
ESP-La Liga,1819,2018-12-22 Atlético Madrid-Espanyol,Atlético Madrid,Jan Oblak,True,Goalkeeper,1,start,end,1.0,0.0,1.0,0.0,0.0,0.0,0.0,0.0,4.0,0.0,0.0,0.0,0.0,0.0,
ESP-La Liga,1819,2018-12-22 Atlético Madrid-Espanyol,Espanyol,Diego López,False,Goalkeeper,1,start,end,1.0,0.0,0.0,0.0,0.0,0.0,0.0,1.0,4.0,0.0,0.0,0.0,0.0,0.0,
ESP-La Liga,1819,2018-12-22 Barcelona-Celta Vigo,Barcelona,Marc-André ter Stegen,True,Goalkeeper,1,start,end,1.0,0.0,0.0,0.0,0.0,0.0,0.0,0.0,1.0,0.0,0.0,0.0,0.0,0.0,
ESP-La Liga,1819,2018-12-22 Barcelona-Celta Vigo,Celta Vigo,Rubén Blanco,False,Goalkeeper,1,start,end,1.0,0.0,0.0,0.0,0.0,0.0,0.0,2.0,2.0,0.0,0.0,0.0,0.0,0.0,
ESP-La Liga,1819,2018-12-22 Real Betis-Eibar,Eibar,Asier Riesgo,False,Goalkeeper,1,start,end,1.0,0.0,0.0,0.0,0.0,0.0,0.0,1.0,1.0,0.0,0.0,0.0,0.0,0.0,
ESP-La Liga,1819,2018-12-22 Real Betis-Eibar,Real Betis,Pau López,True,Goalkeeper,1,start,end,1.0,0.0,0.0,0.0,0.0,0.0,0.0,1.0,3.0,0.0,0.0,0.0,0.0,0.0,
ESP-La Liga,1819,2018-12-23 Leganés-Sevilla,Leganés,Iván Cuéllar,True,Goalkeeper,1,start,end,1.0,0.0,0.0,0.0,0.0,0.0,0.0,1.0,1.0,0.0,0.0,0.0,0.0,0.0,
ESP-La Liga,1819,2018-12-23 Leganés-Sevilla,Sevilla,Tomás Vaclík,False,Goalkeeper,1,start,end,1.0,0.0,0.0,0.0,0.0,0.0,0.0,1.0,3.0,0.0,0.0,0.0,0.0,0.0,
ESP-La Liga,1819,2018-12-23 Rayo Vallecano-Levante,Levante,Oier Olazábal,False,Goalkeeper,1,start,end,1.0,0.0,0.0,0.0,0.0,0.0,0.0,2.0,7.0,0.0,0.0,0.0,0.0,0.0,
ESP-La Liga,1819,2018-12-23 Rayo Vallecano-Levante,Rayo Vallecano,Stole Dimitrievski,True,Goalkeeper,1,start,end,1.0,0.0,1.0,0.0,0.0,0.0,1.0,1.0,6.0,0.0,0.0,0.0,0.0,0.0,
ESP-La Liga,1819,2018-12-23 Valencia-Huesca,Huesca,Roberto Santamaría,False,Goalkeeper,1,start,end,1.0,0.0,0.0,0.0,0.0,0.0,0.0,2.0,7.0,0.0,0.0,0.0,0.0,0.0,
ESP-La Liga,1819,2018-12-23 Valencia-Huesca,Valencia,Neto,True,Goalkeeper,1,start,end,1.0,0.0,0.0,0.0,0.0,0.0,0.0,1.0,3.0,0.0,0.0,0.0,0.0,0.0,
ESP-La Liga,1819,2019-01-03 Villarreal-Real Madrid,Real Madrid,Thibaut Courtois,False,Goalkeeper,1,start,end,1.0,0.0,0.0,0.0,0.0,0.0,0.0,2.0,2.0,0.0,0.0,0.0,0.0,0.0,
ESP-La Liga,1819,2019-01-03 Villarreal-Real Madrid,Villarreal,Sergio Asenjo,True,Goalkeeper,1,start,end,1.0,0.0,0.0,0.0,0.0,0.0,0.0,2.0,5.0,0.0,0.0,0.0,0.0,0.0,
ESP-La Liga,1819,2019-01-04 Espanyol-Leganés,Espanyol,Diego López,True,Goalkeeper,1,start,end,1.0,0.0,0.0,0.0,0.0,0.0,0.0,0.0,2.0,0.0,0.0,0.0,0.0,0.0,
ESP-La Liga,1819,2019-01-04 Espanyol-Leganés,Leganés,Iván Cuéllar,False,Goalkeeper,1,start,end,1.0,0.0,0.0,0.0,0.0,0.0,0.0,1.0,0.0,0.0,0.0,0.0,0.0,0.0,
ESP-La Liga,1819,2019-01-04 Levante-Girona,Girona,Yassine Bounou,False,Goalkeeper,1,start,end,1.0,0.0,0.0,0.0,0.0,0.0,0.0,2.0,6.0,0.0,0.0,0.0,0.0,0.0,
ESP-La Liga,1819,2019-01-04 Levante-Girona,Levante,Oier Olazábal,True,Goalkeeper,1,start,end,1.0,0.0,0.0,0.0,0.0,0.0,0.0,2.0,0.0,0.0,0.0,0.0,0.0,0.0,
ESP-La Liga,1819,2019-01-05 Alavés-Valencia,Alavés,Fernando Pacheco,True,Goalkeeper,1,start,end,1.0,0.0,1.0,0.0,0.0,0.0,1.0,1.0,1.0,0.0,0.0,0.0,0.0,0.0,
ESP-La Liga,1819,2019-01-05 Alavés-Valencia,Valencia,Neto,False,Goalkeeper,1,start,end,1.0,0.0,0.0,0.0,0.0,0.0,0.0,2.0,3.0,0.0,0.0,0.0,0.0,0.0,
ESP-La Liga,1819,2019-01-05 Huesca-Real Betis,Huesca,Roberto Santamaría,True,Goalkeeper,1,start,end,1.0,0.0,0.0,0.0,0.0,0.0,0.0,1.0,0.0,0.0,0.0,0.0,0.0,0.0,
ESP-La Liga,1819,2019-01-05 Huesca-Real Betis,Real Betis,Pau López,False,Goalkeeper,1,start,end,1.0,0.0,1.0,0.0,0.0,0.0,0.0,2.0,4.0,0.0,0.0,0.0,0.0,0.0,
ESP-La Liga,1819,2019-01-05 Real Valladolid-Rayo Vallecano,Rayo Vallecano,Stole Dimitrievski,False,Goalkeeper,1,start,end,1.0,0.0,1.0,0.0,0.0,0.0,0.0,0.0,5.0,0.0,0.0,0.0,0.0,0.0,
ESP-La Liga,1819,2019-01-05 Real Valladolid-Rayo Vallecano,Real Valladolid,Jordi Masip,True,Goalkeeper,1,start,end,1.0,0.0,0.0,0.0,0.0,0.0,0.0,1.0,4.0,0.0,0.0,0.0,0.0,0.0,
ESP-La Liga,1819,2019-01-06 Eibar-Villarreal,Eibar,Asier Riesgo,True,Goalkeeper,1,start,end,1.0,0.0,0.0,0.0,0.0,0.0,0.0,0.0,4.0,0.0,0.0,0.0,0.0,0.0,
ESP-La Liga,1819,2019-01-06 Eibar-Villarreal,Villarreal,Sergio Asenjo,False,Goalkeeper,1,start,end,1.0,0.0,0.0,0.0,0.0,0.0,0.0,0.0,5.0,0.0,0.0,0.0,0.0,0.0,
ESP-La Liga,1819,2019-01-06 Getafe-Barcelona,Barcelona,Marc-André ter Stegen,False,Goalkeeper,1,start,end,1.0,0.0,0.0,0.0,0.0,0.0,0.0,1.0,1.0,0.0,0.0,0.0,0.0,0.0,
ESP-La Liga,1819,2019-01-06 Getafe-Barcelona,Getafe,David Soria,True,Goalkeeper,1,start,end,1.0,0.0,0.0,0.0,0.0,0.0,0.0,2.0,6.0,0.0,0.0,0.0,0.0,0.0,
ESP-La Liga,1819,2019-01-06 Real Madrid-Real Sociedad,Real Madrid,Thibaut Courtois,True,Goalkeeper,1,start,end,1.0,0.0,0.0,0.0,0.0,0.0,0.0,2.0,2.0,0.0,0.0,0.0,0.0,0.0,
ESP-La Liga,1819,2019-01-06 Real Madrid-Real Sociedad,Real Sociedad,Gerónimo Rulli,False,Goalkeeper,1,start,end,1.0,0.0,0.0,0.0,0.0,0.0,0.0,0.0,8.0,0.0,0.0,0.0,0.0,0.0,
ESP-La Liga,1819,2019-01-06 Sevilla-Atlético Madrid,Atlético Madrid,Jan Oblak,False,Goalkeeper,1,start,end,1.0,0.0,0.0,0.0,0.0,0.0,0.0,1.0,4.0,0.0,0.0,0.0,0.0,0.0,
ESP-La Liga,1819,2019-01-06 Sevilla-Atlético Madrid,Sevilla,Tomás Vaclík,True,Goalkeeper,1,start,end,1.0,0.0,0.0,0.0,0.0,0.0,0.0,1.0,6.0,0.0,0.0,0.0,0.0,0.0,
ESP-La Liga,1819,2019-01-07 Celta Vigo-Athletic Club,Athletic Club,Iago Herrerín,False,Goalkeeper,1,start,end,1.0,0.0,0.0,0.0,0.0,0.0,0.0,1.0,2.0,0.0,1.0,0.0,0.0,0.0,
ESP-La Liga,1819,2019-01-07 Celta Vigo-Athletic Club,Celta Vigo,Rubén Blanco,True,Goalkeeper,1,start,end,1.0,0.0,0.0,0.0,0.0,0.0,0.0,2.0,2.0,0.0,0.0,0.0,0.0,0.0,
ESP-La Liga,1819,2019-01-11 Rayo Vallecano-Celta Vigo,Celta Vigo,Rubén Blanco,False,Goalkeeper,1,start,end,1.0,0.0,0.0,0.0,0.0,0.0,0.0,4.0,4.0,0.0,0.0,0.0,0.0,0.0,
ESP-La Liga,1819,2019-01-11 Rayo Vallecano-Celta Vigo,Rayo Vallecano,Stole Dimitrievski,True,Goalkeeper,1,start,end,1.0,0.0,0.0,0.0,0.0,0.0,0.0,2.0,2.0,0.0,0.0,0.0,0.0,0.0,
ESP-La Liga,1819,2019-01-12 Girona-Alavés,Alavés,Fernando Pacheco,False,Goalkeeper,1,start,end,1.0,0.0,0.0,0.0,0.0,0.0,0.0,1.0,3.0,0.0,0.0,0.0,0.0,0.0,
ESP-La Liga,1819,2019-01-12 Girona-Alavés,Girona,Yassine Bounou,True,Goalkeeper,1,start,end,1.0,0.0,0.0,0.0,0.0,0.0,0.0,1.0,2.0,0.0,0.0,0.0,0.0,0.0,
ESP-La Liga,1819,2019-01-12 Leganés-Huesca,Huesca,Roberto Santamaría,False,Goalkeeper,1,start,end,1.0,0.0,0.0,0.0,0.0,0.0,1.0,1.0,6.0,0.0,0.0,0.0,0.0,0.0,
ESP-La Liga,1819,2019-01-12 Leganés-Huesca,Leganés,Iván Cuéllar,True,Goalkeeper,1,start,end,1.0,0.0,0.0,0.0,0.0,0.0,0.0,0.0,2.0,0.0,0.0,0.0,0.0,0.0,
ESP-La Liga,1819,2019-01-12 Valencia-Real Valladolid,Real Valladolid,Jordi Masip,False,Goalkeeper,1,start,end,1.0,0.0,0.0,0.0,0.0,0.0,0.0,1.0,4.0,0.0,0.0,0.0,0.0,0.0,
ESP-La Liga,1819,2019-01-12 Valencia-Real Valladolid,Valencia,Neto,True,Goalkeeper,1,start,end,1.0,0.0,0.0,0.0,0.0,0.0,0.0,1.0,0.0,0.0,0.0,0.0,0.0,0.0,
ESP-La Liga,1819,2019-01-12 Villarreal-Getafe,Getafe,David Soria,False,Goalkeeper,1,start,end,1.0,0.0,0.0,0.0,0.0,0.0,0.0,1.0,7.0,0.0,0.0,0.0,0.0,0.0,
ESP-La Liga,1819,2019-01-12 Villarreal-Getafe,Villarreal,Sergio Asenjo,True,Goalkeeper,1,start,end,1.0,0.0,0.0,0.0,0.0,0.0,0.0,2.0,2.0,0.0,0.0,0.0,0.0,0.0,
ESP-La Liga,1819,2019-01-13 Athletic Club-Sevilla,Athletic Club,Iago Herrerín,True,Goalkeeper,1,start,end,1.0,0.0,0.0,0.0,0.0,0.0,1.0,0.0,4.0,0.0,0.0,0.0,0.0,0.0,
ESP-La Liga,1819,2019-01-13 Athletic Club-Sevilla,Sevilla,Tomás Vaclík,False,Goalkeeper,1,start,end,1.0,0.0,0.0,0.0,0.0,0.0,0.0,2.0,1.0,0.0,0.0,0.0,0.0,0.0,
ESP-La Liga,1819,2019-01-13 Atlético Madrid-Levante,Atlético Madrid,Jan Oblak,True,Goalkeeper,1,start,end,1.0,0.0,0.0,0.0,0.0,0.0,0.0,0.0,2.0,0.0,0.0,0.0,0.0,0.0,
ESP-La Liga,1819,2019-01-13 Atlético Madrid-Levante,Levante,Oier Olazábal,False,Goalkeeper,1,start,end,1.0,0.0,0.0,0.0,0.0,0.0,0.0,1.0,4.0,0.0,0.0,0.0,0.0,0.0,
ESP-La Liga,1819,2019-01-13 Barcelona-Eibar,Barcelona,Marc-André ter Stegen,True,Goalkeeper,1,start,end,1.0,0.0,0.0,0.0,0.0,0.0,0.0,0.0,2.0,0.0,0.0,0.0,0.0,0.0,
ESP-La Liga,1819,2019-01-13 Barcelona-Eibar,Eibar,Asier Riesgo,False,Goalkeeper,1,start,end,1.0,0.0,0.0,0.0,0.0,0.0,0.0,3.0,3.0,0.0,0.0,0.0,0.0,0.0,
ESP-La Liga,1819,2019-01-13 Real Betis-Real Madrid,Real Betis,Pau López,True,Goalkeeper,1,start,end,1.0,0.0,0.0,0.0,0.0,0.0,0.0,2.0,3.0,0.0,0.0,0.0,0.0,0.0,
ESP-La Liga,1819,2019-01-13 Real Betis-Real Madrid,Real Madrid,Keylor Navas,False,Goalkeeper,1,start,end,1.0,0.0,0.0,0.0,0.0,0.0,0.0,1.0,1.0,0.0,0.0,0.0,0.0,0.0,
ESP-La Liga,1819,2019-01-14 Real Sociedad-Espanyol,Espanyol,Diego López,False,Goalkeeper,1,start,end,1.0,0.0,0.0,0.0,0.0,0.0,0.0,3.0,1.0,0.0,0.0,0.0,0.0,0.0,
ESP-La Liga,1819,2019-01-14 Real Sociedad-Espanyol,Real Sociedad,Gerónimo Rulli,True,Goalkeeper,1,start,end,1.0,0.0,1.0,0.0,0.0,0.0,1.0,2.0,1.0,0.0,0.0,0.0,0.0,0.0,
ESP-La Liga,1819,2019-01-18 Getafe-Alavés,Alavés,Fernando Pacheco,False,Goalkeeper,1,start,end,1.0,0.0,0.0,0.0,0.0,0.0,0.0,4.0,4.0,0.0,0.0,0.0,0.0,0.0,
ESP-La Liga,1819,2019-01-18 Getafe-Alavés,Getafe,David Soria,True,Goalkeeper,1,start,end,1.0,0.0,0.0,0.0,0.0,0.0,0.0,0.0,0.0,0.0,0.0,0.0,0.0,0.0,
ESP-La Liga,1819,2019-01-19 Celta Vigo-Valencia,Celta Vigo,Rubén Blanco,True,Goalkeeper,1,start,end,1.0,0.0,0.0,0.0,0.0,0.0,0.0,2.0,6.0,0.0,0.0,0.0,0.0,0.0,
ESP-La Liga,1819,2019-01-19 Celta Vigo-Valencia,Valencia,Neto,False,Goalkeeper,1,start,end,1.0,0.0,0.0,0.0,0.0,0.0,0.0,1.0,3.0,0.0,0.0,0.0,0.0,0.0,
ESP-La Liga,1819,2019-01-19 Huesca-Atlético Madrid,Atlético Madrid,Jan Oblak,False,Goalkeeper,1,start,end,1.0,0.0,0.0,0.0,0.0,0.0,0.0,0.0,3.0,0.0,0.0,0.0,0.0,0.0,
ESP-La Liga,1819,2019-01-19 Huesca-Atlético Madrid,Huesca,Roberto Santamaría,True,Goalkeeper,1,start,end,1.0,0.0,0.0,0.0,0.0,0.0,0.0,3.0,5.0,0.0,0.0,0.0,0.0,0.0,
ESP-La Liga,1819,2019-01-19 Real Madrid-Sevilla,Real Madrid,Thibaut Courtois,True,Goalkeeper,1,start,end,1.0,0.0,0.0,0.0,0.0,0.0,0.0,0.0,1.0,0.0,0.0,0.0,0.0,0.0,
ESP-La Liga,1819,2019-01-19 Real Madrid-Sevilla,Sevilla,Tomás Vaclík,False,Goalkeeper,1,start,end,1.0,0.0,1.0,0.0,0.0,0.0,0.0,2.0,4.0,0.0,0.0,0.0,0.0,0.0,
ESP-La Liga,1819,2019-01-20 Barcelona-Leganés,Barcelona,Marc-André ter Stegen,True,Goalkeeper,1,start,end,1.0,0.0,0.0,0.0,0.0,0.0,0.0,1.0,1.0,0.0,0.0,0.0,0.0,0.0,
ESP-La Liga,1819,2019-01-20 Barcelona-Leganés,Leganés,Iván Cuéllar,False,Goalkeeper,1,start,end,1.0,0.0,0.0,0.0,0.0,0.0,0.0,3.0,4.0,0.0,0.0,0.0,0.0,0.0,
ESP-La Liga,1819,2019-01-20 Levante-Real Valladolid,Levante,Oier Olazábal,True,Goalkeeper,1,start,end,1.0,0.0,0.0,0.0,0.0,0.0,0.0,0.0,3.0,0.0,0.0,0.0,0.0,0.0,
ESP-La Liga,1819,2019-01-20 Levante-Real Valladolid,Real Valladolid,Jordi Masip,False,Goalkeeper,1,start,end,1.0,0.0,0.0,0.0,0.0,0.0,0.0,2.0,2.0,0.0,0.0,0.0,0.0,0.0,
ESP-La Liga,1819,2019-01-20 Rayo Vallecano-Real Sociedad,Rayo Vallecano,Stole Dimitrievski,True,Goalkeeper,1,start,end,1.0,0.0,0.0,0.0,0.0,0.0,1.0,2.0,2.0,0.0,0.0,0.0,0.0,0.0,
ESP-La Liga,1819,2019-01-20 Rayo Vallecano-Real Sociedad,Real Sociedad,Gerónimo Rulli,False,Goalkeeper,1,start,end,1.0,0.0,0.0,0.0,0.0,0.0,0.0,2.0,2.0,0.0,0.0,0.0,0.0,0.0,
ESP-La Liga,1819,2019-01-20 Real Betis-Girona,Girona,Yassine Bounou,False,Goalkeeper,1,start,end,1.0,0.0,0.0,0.0,0.0,0.0,0.0,3.0,2.0,0.0,0.0,0.0,0.0,0.0,
ESP-La Liga,1819,2019-01-20 Real Betis-Girona,Real Betis,Pau López,True,Goalkeeper,1,start,end,1.0,0.0,0.0,0.0,0.0,0.0,0.0,2.0,3.0,0.0,0.0,0.0,0.0,0.0,
ESP-La Liga,1819,2019-01-20 Villarreal-Athletic Club,Athletic Club,Iago Herrerín,False,Goalkeeper,1,start,end,1.0,0.0,0.0,0.0,0.0,0.0,0.0,1.0,0.0,0.0,0.0,0.0,0.0,0.0,
ESP-La Liga,1819,2019-01-20 Villarreal-Athletic Club,Villarreal,Sergio Asenjo,True,Goalkeeper,1,start,end,1.0,0.0,0.0,0.0,0.0,0.0,0.0,1.0,2.0,0.0,0.0,0.0,0.0,0.0,
ESP-La Liga,1819,2019-01-21 Eibar-Espanyol,Eibar,Asier Riesgo,True,Goalkeeper,1,start,end,1.0,0.0,0.0,0.0,0.0,0.0,0.0,0.0,0.0,0.0,0.0,0.0,0.0,0.0,
ESP-La Liga,1819,2019-01-21 Eibar-Espanyol,Espanyol,Diego López,False,Goalkeeper,1,start,end,1.0,0.0,0.0,0.0,0.0,0.0,0.0,3.0,6.0,0.0,0.0,0.0,0.0,0.0,
ESP-La Liga,1819,2019-01-26 Atlético Madrid-Getafe,Atlético Madrid,Jan Oblak,True,Goalkeeper,1,start,end,1.0,0.0,0.0,0.0,0.0,0.0,0.0,0.0,2.0,0.0,0.0,0.0,0.0,0.0,
ESP-La Liga,1819,2019-01-26 Atlético Madrid-Getafe,Getafe,David Soria,False,Goalkeeper,1,start,end,1.0,0.0,0.0,0.0,0.0,0.0,0.0,2.0,4.0,0.0,0.0,0.0,0.0,0.0,
ESP-La Liga,1819,2019-01-26 Leganés-Eibar,Eibar,Marko Dmitrovic,False,Goalkeeper,1,start,end,1.0,1.0,0.0,0.0,0.0,0.0,1.0,2.0,1.0,0.0,0.0,0.0,0.0,0.0,
ESP-La Liga,1819,2019-01-26 Leganés-Eibar,Leganés,Iván Cuéllar,True,Goalkeeper,1,start,end,1.0,0.0,0.0,0.0,0.0,0.0,0.0,2.0,0.0,0.0,0.0,0.0,0.0,0.0,
ESP-La Liga,1819,2019-01-26 Sevilla-Levante,Levante,Oier Olazábal,False,Goalkeeper,1,start,end,1.0,0.0,0.0,0.0,0.0,0.0,0.0,5.0,4.0,0.0,0.0,0.0,0.0,0.0,
ESP-La Liga,1819,2019-01-26 Sevilla-Levante,Sevilla,Tomás Vaclík,True,Goalkeeper,1,start,end,1.0,0.0,0.0,0.0,0.0,0.0,0.0,0.0,0.0,0.0,0.0,0.0,0.0,0.0,
ESP-La Liga,1819,2019-01-26 Valencia-Villarreal,Valencia,Neto,True,Goalkeeper,1,start,end,1.0,0.0,0.0,0.0,0.0,0.0,0.0,0.0,5.0,0.0,0.0,0.0,0.0,0.0,
ESP-La Liga,1819,2019-01-26 Valencia-Villarreal,Villarreal,Sergio Asenjo,False,Goalkeeper,1,start,end,1.0,0.0,0.0,0.0,0.0,0.0,0.0,3.0,6.0,0.0,0.0,0.0,0.0,0.0,
ESP-La Liga,1819,2019-01-27 Athletic Club-Real Betis,Athletic Club,Iago Herrerín,True,Goalkeeper,1,start,end,1.0,0.0,0.0,0.0,0.0,0.0,0.0,0.0,2.0,0.0,0.0,0.0,0.0,0.0,
ESP-La Liga,1819,2019-01-27 Athletic Club-Real Betis,Real Betis,Pau López,False,Goalkeeper,1,start,end,1.0,0.0,0.0,0.0,0.0,0.0,0.0,1.0,1.0,0.0,0.0,0.0,0.0,0.0,
ESP-La Liga,1819,2019-01-27 Espanyol-Real Madrid,Espanyol,Diego López,True,Goalkeeper,1,start,end,1.0,0.0,0.0,0.0,0.0,0.0,0.0,4.0,5.0,0.0,0.0,0.0,0.0,0.0,
ESP-La Liga,1819,2019-01-27 Espanyol-Real Madrid,Real Madrid,Thibaut Courtois,False,Goalkeeper,1,start,end,1.0,0.0,0.0,0.0,0.0,0.0,1.0,2.0,3.0,0.0,0.0,0.0,0.0,0.0,
ESP-La Liga,1819,2019-01-27 Girona-Barcelona,Barcelona,Marc-André ter Stegen,False,Goalkeeper,1,start,end,1.0,0.0,0.0,0.0,0.0,0.0,0.0,0.0,4.0,0.0,0.0,0.0,0.0,0.0,
ESP-La Liga,1819,2019-01-27 Girona-Barcelona,Girona,Yassine Bounou,True,Goalkeeper,1,start,end,1.0,0.0,0.0,0.0,0.0,0.0,1.0,2.0,4.0,0.0,0.0,0.0,0.0,0.0,
ESP-La Liga,1819,2019-01-27 Real Sociedad-Huesca,Huesca,Roberto Santamaría,False,Goalkeeper,1,start,end,1.0,0.0,0.0,0.0,0.0,0.0,0.0,0.0,1.0,0.0,0.0,0.0,0.0,0.0,
ESP-La Liga,1819,2019-01-27 Real Sociedad-Huesca,Real Sociedad,Gerónimo Rulli,True,Goalkeeper,1,start,end,1.0,0.0,0.0,0.0,0.0,0.0,0.0,0.0,1.0,0.0,0.0,0.0,0.0,0.0,
ESP-La Liga,1819,2019-01-27 Real Valladolid-Celta Vigo,Celta Vigo,Rubén Blanco,False,Goalkeeper,1,start,end,1.0,0.0,0.0,0.0,0.0,0.0,0.0,2.0,5.0,0.0,0.0,0.0,0.0,0.0,
ESP-La Liga,1819,2019-01-27 Real Valladolid-Celta Vigo,Real Valladolid,Jordi Masip,True,Goalkeeper,1,start,end,1.0,0.0,0.0,0.0,0.0,0.0,0.0,1.0,2.0,0.0,0.0,0.0,0.0,0.0,
ESP-La Liga,1819,2019-01-28 Alavés-Rayo Vallecano,Alavés,Fernando Pacheco,True,Goalkeeper,1,start,end,1.0,0.0,0.0,0.0,0.0,0.0,1.0,1.0,2.0,0.0,0.0,0.0,0.0,0.0,
ESP-La Liga,1819,2019-01-28 Alavés-Rayo Vallecano,Rayo Vallecano,Stole Dimitrievski,False,Goalkeeper,1,start,end,1.0,0.0,1.0,0.0,0.0,0.0,0.0,0.0,1.0,0.0,0.0,0.0,0.0,0.0,
ESP-La Liga,1819,2019-02-01 Huesca-Real Valladolid,Huesca,Roberto Santamaría,True,Goalkeeper,1,start,end,1.0,0.0,0.0,0.0,0.0,0.0,0.0,0.0,4.0,0.0,0.0,0.0,0.0,0.0,
ESP-La Liga,1819,2019-02-01 Huesca-Real Valladolid,Real Valladolid,Jordi Masip,False,Goalkeeper,1,start,end,1.0,0.0,0.0,0.0,0.0,0.0,0.0,4.0,3.0,0.0,0.0,0.0,0.0,0.0,
ESP-La Liga,1819,2019-02-02 Barcelona-Valencia,Barcelona,Marc-André ter Stegen,True,Goalkeeper,1,start,end,1.0,0.0,0.0,0.0,0.0,0.0,0.0,2.0,5.0,0.0,0.0,0.0,0.0,0.0,
ESP-La Liga,1819,2019-02-02 Barcelona-Valencia,Valencia,Neto,False,Goalkeeper,1,start,end,1.0,0.0,0.0,0.0,0.0,0.0,0.0,2.0,7.0,0.0,0.0,0.0,0.0,0.0,
ESP-La Liga,1819,2019-02-02 Celta Vigo-Sevilla,Celta Vigo,Rubén Blanco,True,Goalkeeper,1,start,end,1.0,0.0,0.0,0.0,0.0,0.0,0.0,0.0,2.0,0.0,0.0,0.0,0.0,0.0,
ESP-La Liga,1819,2019-02-02 Celta Vigo-Sevilla,Sevilla,Tomás Vaclík,False,Goalkeeper,1,start,end,1.0,0.0,0.0,0.0,0.0,0.0,0.0,1.0,3.0,0.0,0.0,0.0,0.0,0.0,
ESP-La Liga,1819,2019-02-02 Levante-Getafe,Getafe,David Soria,False,Goalkeeper,1,start,end,1.0,0.0,0.0,0.0,0.0,0.0,0.0,0.0,4.0,0.0,0.0,0.0,0.0,0.0,
ESP-La Liga,1819,2019-02-02 Levante-Getafe,Levante,Aitor Fernández,True,Goalkeeper,1,start,end,1.0,0.0,0.0,0.0,0.0,0.0,0.0,0.0,2.0,0.0,0.0,0.0,0.0,0.0,
ESP-La Liga,1819,2019-02-02 Real Sociedad-Athletic Club,Athletic Club,Iago Herrerín,False,Goalkeeper,1,start,end,1.0,1.0,1.0,0.0,0.0,0.0,0.0,2.0,0.0,0.0,0.0,0.0,0.0,0.0,
ESP-La Liga,1819,2019-02-02 Real Sociedad-Athletic Club,Real Sociedad,Gerónimo Rulli,True,Goalkeeper,1,start,end,1.0,0.0,0.0,0.0,0.0,0.0,0.0,1.0,4.0,0.0,0.0,0.0,0.0,0.0,
ESP-La Liga,1819,2019-02-03 Eibar-Girona,Eibar,Marko Dmitrovic,True,Goalkeeper,1,start,end,1.0,0.0,0.0,0.0,0.0,0.0,0.0,0.0,2.0,0.0,0.0,0.0,0.0,0.0,
ESP-La Liga,1819,2019-02-03 Eibar-Girona,Girona,Yassine Bounou,False,Goalkeeper,1,start,end,1.0,0.0,0.0,0.0,0.0,0.0,0.0,3.0,2.0,0.0,0.0,0.0,0.0,0.0,
ESP-La Liga,1819,2019-02-03 Real Betis-Atlético Madrid,Atlético Madrid,Jan Oblak,False,Goalkeeper,1,start,end,1.0,0.0,0.0,0.0,0.0,0.0,0.0,1.0,2.0,0.0,0.0,0.0,0.0,0.0,
ESP-La Liga,1819,2019-02-03 Real Betis-Atlético Madrid,Real Betis,Pau López,True,Goalkeeper,1,start,end,1.0,0.0,0.0,0.0,0.0,0.0,1.0,0.0,1.0,0.0,0.0,0.0,0.0,0.0,
ESP-La Liga,1819,2019-02-03 Real Madrid-Alavés,Alavés,Fernando Pacheco,False,Goalkeeper,1,start,end,1.0,0.0,0.0,0.0,0.0,0.0,0.0,3.0,5.0,0.0,0.0,0.0,0.0,0.0,
ESP-La Liga,1819,2019-02-03 Real Madrid-Alavés,Real Madrid,Thibaut Courtois,True,Goalkeeper,1,start,end,1.0,0.0,0.0,0.0,0.0,0.0,0.0,0.0,1.0,0.0,0.0,0.0,0.0,0.0,
ESP-La Liga,1819,2019-02-03 Villarreal-Espanyol,Espanyol,Diego López,False,Goalkeeper,1,start,end,1.0,0.0,0.0,0.0,0.0,0.0,0.0,2.0,3.0,0.0,0.0,0.0,0.0,0.0,
ESP-La Liga,1819,2019-02-03 Villarreal-Espanyol,Villarreal,Sergio Asenjo,True,Goalkeeper,1,start,end,1.0,0.0,0.0,0.0,0.0,0.0,0.0,2.0,1.0,0.0,0.0,0.0,0.0,0.0,
ESP-La Liga,1819,2019-02-04 Rayo Vallecano-Leganés,Leganés,Iván Cuéllar,False,Goalkeeper,1,start,end,1.0,0.0,1.0,0.0,0.0,0.0,1.0,1.0,5.0,0.0,0.0,0.0,0.0,0.0,
ESP-La Liga,1819,2019-02-04 Rayo Vallecano-Leganés,Rayo Vallecano,Stole Dimitrievski,True,Goalkeeper,1,start,end,1.0,0.0,0.0,0.0,0.0,0.0,0.0,2.0,2.0,0.0,0.0,0.0,0.0,0.0,
ESP-La Liga,1819,2019-02-08 Real Valladolid-Villarreal,Real Valladolid,Jordi Masip,True,Goalkeeper,1,start,end,1.0,0.0,0.0,0.0,0.0,0.0,0.0,0.0,3.0,0.0,0.0,0.0,0.0,0.0,
ESP-La Liga,1819,2019-02-08 Real Valladolid-Villarreal,Villarreal,Sergio Asenjo,False,Goalkeeper,1,start,end,1.0,0.0,0.0,0.0,0.0,0.0,0.0,0.0,3.0,0.0,0.0,0.0,0.0,0.0,
ESP-La Liga,1819,2019-02-09 Atlético Madrid-Real Madrid,Atlético Madrid,Jan Oblak,True,Goalkeeper,1,start,end,1.0,0.0,0.0,0.0,0.0,0.0,0.0,3.0,1.0,0.0,0.0,0.0,0.0,0.0,
ESP-La Liga,1819,2019-02-09 Atlético Madrid-Real Madrid,Real Madrid,Thibaut Courtois,False,Goalkeeper,1,start,end,1.0,0.0,0.0,0.0,0.0,0.0,0.0,1.0,1.0,0.0,0.0,0.0,0.0,0.0,
ESP-La Liga,1819,2019-02-09 Espanyol-Rayo Vallecano,Espanyol,Diego López,True,Goalkeeper,1,start,end,1.0,0.0,0.0,0.0,0.0,0.0,0.0,1.0,2.0,0.0,0.0,0.0,0.0,0.0,
ESP-La Liga,1819,2019-02-09 Espanyol-Rayo Vallecano,Rayo Vallecano,Stole Dimitrievski,False,Goalkeeper,1,start,end,1.0,0.0,0.0,0.0,0.0,0.0,0.0,2.0,3.0,0.0,0.0,0.0,0.0,0.0,
ESP-La Liga,1819,2019-02-09 Getafe-Celta Vigo,Celta Vigo,Rubén Blanco,False,Goalkeeper,1,start,end,1.0,0.0,0.0,0.0,0.0,0.0,0.0,3.0,3.0,0.0,0.0,0.0,0.0,0.0,
ESP-La Liga,1819,2019-02-09 Getafe-Celta Vigo,Getafe,David Soria,True,Goalkeeper,1,start,end,1.0,0.0,0.0,0.0,0.0,0.0,0.0,1.0,2.0,0.0,0.0,0.0,0.0,0.0,
ESP-La Liga,1819,2019-02-09 Girona-Huesca,Girona,Yassine Bounou,True,Goalkeeper,1,start,end,1.0,0.0,1.0,0.0,0.0,0.0,0.0,2.0,4.0,0.0,0.0,0.0,0.0,0.0,
ESP-La Liga,1819,2019-02-09 Girona-Huesca,Huesca,Roberto Santamaría,False,Goalkeeper,1,start,end,1.0,0.0,0.0,0.0,0.0,0.0,0.0,0.0,7.0,0.0,0.0,0.0,0.0,0.0,
ESP-La Liga,1819,2019-02-10 Athletic Club-Barcelona,Athletic Club,Iago Herrerín,True,Goalkeeper,1,start,end,1.0,0.0,0.0,0.0,0.0,0.0,0.0,0.0,2.0,0.0,0.0,0.0,0.0,0.0,
ESP-La Liga,1819,2019-02-10 Athletic Club-Barcelona,Barcelona,Marc-André ter Stegen,False,Goalkeeper,1,start,end,1.0,0.0,0.0,0.0,0.0,0.0,0.0,0.0,5.0,0.0,0.0,0.0,0.0,0.0,
ESP-La Liga,1819,2019-02-10 Leganés-Real Betis,Leganés,Iván Cuéllar,True,Goalkeeper,1,start,end,1.0,0.0,0.0,0.0,0.0,0.0,0.0,0.0,1.0,0.0,0.0,0.0,0.0,0.0,
ESP-La Liga,1819,2019-02-10 Leganés-Real Betis,Real Betis,Pau López,False,Goalkeeper,1,start,end,1.0,0.0,0.0,0.0,0.0,0.0,0.0,3.0,1.0,0.0,0.0,0.0,0.0,0.0,
ESP-La Liga,1819,2019-02-10 Sevilla-Eibar,Eibar,Asier Riesgo,False,Goalkeeper,1,start,end,1.0,0.0,0.0,0.0,0.0,0.0,0.0,2.0,2.0,0.0,0.0,0.0,0.0,0.0,
ESP-La Liga,1819,2019-02-10 Sevilla-Eibar,Sevilla,Tomás Vaclík,True,Goalkeeper,1,start,end,1.0,0.0,0.0,0.0,0.0,0.0,0.0,2.0,2.0,0.0,0.0,0.0,0.0,0.0,
ESP-La Liga,1819,2019-02-10 Valencia-Real Sociedad,Real Sociedad,Gerónimo Rulli,False,Goalkeeper,1,start,end,1.0,0.0,0.0,0.0,0.0,0.0,0.0,0.0,4.0,0.0,0.0,0.0,0.0,0.0,
ESP-La Liga,1819,2019-02-10 Valencia-Real Sociedad,Valencia,Neto,True,Goalkeeper,1,start,end,1.0,0.0,0.0,0.0,0.0,0.0,0.0,0.0,1.0,0.0,0.0,0.0,0.0,0.0,
ESP-La Liga,1819,2019-02-11 Alavés-Levante,Alavés,Fernando Pacheco,True,Goalkeeper,1,start,end,1.0,0.0,0.0,0.0,0.0,0.0,0.0,0.0,0.0,0.0,0.0,0.0,0.0,0.0,
ESP-La Liga,1819,2019-02-11 Alavés-Levante,Levante,Aitor Fernández,False,Goalkeeper,1,start,end,1.0,0.0,0.0,0.0,0.0,0.0,0.0,2.0,2.0,0.0,0.0,0.0,0.0,0.0,
ESP-La Liga,1819,2019-02-15 Eibar-Getafe,Eibar,Asier Riesgo,True,Goalkeeper,1,start,end,1.0,0.0,0.0,0.0,0.0,0.0,0.0,2.0,2.0,0.0,0.0,0.0,0.0,0.0,
ESP-La Liga,1819,2019-02-15 Eibar-Getafe,Getafe,David Soria,False,Goalkeeper,1,start,end,1.0,0.0,0.0,0.0,0.0,0.0,0.0,2.0,4.0,0.0,0.0,0.0,0.0,0.0,
ESP-La Liga,1819,2019-02-16 Barcelona-Real Valladolid,Barcelona,Marc-André ter Stegen,True,Goalkeeper,1,start,end,1.0,0.0,0.0,0.0,0.0,0.0,0.0,0.0,0.0,0.0,0.0,0.0,0.0,0.0,
ESP-La Liga,1819,2019-02-16 Barcelona-Real Valladolid,Real Valladolid,Jordi Masip,False,Goalkeeper,1,start,end,1.0,0.0,0.0,0.0,0.0,0.0,0.0,1.0,7.0,0.0,0.0,0.0,0.0,0.0,
ESP-La Liga,1819,2019-02-16 Celta Vigo-Levante,Celta Vigo,Rubén Blanco,True,Goalkeeper,1,start,end,1.0,0.0,0.0,0.0,0.0,0.0,0.0,4.0,4.0,0.0,0.0,0.0,0.0,0.0,
ESP-La Liga,1819,2019-02-16 Celta Vigo-Levante,Levante,Aitor Fernández,False,Goalkeeper,1,start,end,1.0,0.0,0.0,0.0,0.0,0.0,0.0,1.0,6.0,0.0,0.0,0.0,0.0,0.0,
ESP-La Liga,1819,2019-02-16 Rayo Vallecano-Atlético Madrid,Atlético Madrid,Jan Oblak,False,Goalkeeper,1,start,end,1.0,0.0,0.0,0.0,0.0,0.0,0.0,0.0,6.0,0.0,0.0,0.0,0.0,0.0,
ESP-La Liga,1819,2019-02-16 Rayo Vallecano-Atlético Madrid,Rayo Vallecano,Stole Dimitrievski,True,Goalkeeper,1,start,end,1.0,0.0,0.0,0.0,0.0,0.0,0.0,1.0,2.0,0.0,0.0,0.0,0.0,0.0,
ESP-La Liga,1819,2019-02-16 Real Sociedad-Leganés,Leganés,Iván Cuéllar,False,Goalkeeper,1,start,end,1.0,0.0,0.0,0.0,0.0,0.0,0.0,3.0,3.0,0.0,0.0,0.0,0.0,0.0,
ESP-La Liga,1819,2019-02-16 Real Sociedad-Leganés,Real Sociedad,Gerónimo Rulli,True,Goalkeeper,1,start,end,1.0,0.0,0.0,0.0,0.0,0.0,0.0,0.0,3.0,0.0,0.0,0.0,0.0,0.0,
ESP-La Liga,1819,2019-02-17 Real Betis-Alavés,Alavés,Fernando Pacheco,False,Goalkeeper,1,start,end,1.0,0.0,0.0,0.0,0.0,0.0,0.0,1.0,7.0,0.0,0.0,0.0,0.0,0.0,
ESP-La Liga,1819,2019-02-17 Real Betis-Alavés,Real Betis,Pau López,True,Goalkeeper,1,start,end,1.0,0.0,0.0,0.0,0.0,0.0,0.0,1.0,2.0,0.0,0.0,0.0,0.0,0.0,
ESP-La Liga,1819,2019-02-17 Real Madrid-Girona,Girona,Yassine Bounou,False,Goalkeeper,1,start,end,1.0,0.0,0.0,0.0,0.0,0.0,0.0,1.0,6.0,0.0,0.0,0.0,0.0,0.0,
ESP-La Liga,1819,2019-02-17 Real Madrid-Girona,Real Madrid,Thibaut Courtois,True,Goalkeeper,1,start,end,1.0,0.0,0.0,0.0,0.0,0.0,0.0,2.0,4.0,0.0,0.0,0.0,0.0,1.0,
ESP-La Liga,1819,2019-02-17 Valencia-Espanyol,Espanyol,Diego López,False,Goalkeeper,1,start,end,1.0,0.0,0.0,0.0,0.0,0.0,0.0,0.0,1.0,0.0,0.0,0.0,0.0,0.0,
ESP-La Liga,1819,2019-02-17 Valencia-Espanyol,Valencia,Neto,True,Goalkeeper,1,start,end,1.0,0.0,0.0,0.0,0.0,0.0,0.0,0.0,1.0,0.0,0.0,0.0,0.0,0.0,
ESP-La Liga,1819,2019-02-17 Villarreal-Sevilla,Sevilla,Tomás Vaclík,False,Goalkeeper,1,start,end,1.0,0.0,0.0,0.0,0.0,0.0,0.0,3.0,3.0,0.0,0.0,0.0,0.0,0.0,
ESP-La Liga,1819,2019-02-17 Villarreal-Sevilla,Villarreal,Sergio Asenjo,True,Goalkeeper,1,start,end,1.0,0.0,0.0,0.0,0.0,0.0,0.0,0.0,5.0,0.0,0.0,0.0,0.0,0.0,
ESP-La Liga,1819,2019-02-18 Huesca-Athletic Club,Athletic Club,Iago Herrerín,False,Goalkeeper,1,start,end,1.0,0.0,1.0,0.0,0.0,0.0,0.0,0.0,3.0,0.0,0.0,0.0,0.0,0.0,
ESP-La Liga,1819,2019-02-18 Huesca-Athletic Club,Huesca,Roberto Santamaría,True,Goalkeeper,1,start,end,1.0,0.0,0.0,0.0,0.0,0.0,0.0,1.0,3.0,0.0,0.0,0.0,0.0,0.0,
ESP-La Liga,1819,2019-02-22 Espanyol-Huesca,Espanyol,Diego López,True,Goalkeeper,1,start,end,1.0,0.0,0.0,0.0,0.0,0.0,0.0,1.0,3.0,0.0,0.0,0.0,0.0,0.0,
ESP-La Liga,1819,2019-02-22 Espanyol-Huesca,Huesca,Roberto Santamaría,False,Goalkeeper,1,start,end,1.0,0.0,0.0,0.0,0.0,0.0,0.0,1.0,2.0,0.0,0.0,0.0,0.0,0.0,
ESP-La Liga,1819,2019-02-23 Alavés-Celta Vigo,Alavés,Fernando Pacheco,True,Goalkeeper,1,start,end,1.0,0.0,0.0,0.0,0.0,0.0,0.0,0.0,2.0,0.0,0.0,0.0,0.0,0.0,
ESP-La Liga,1819,2019-02-23 Alavés-Celta Vigo,Celta Vigo,Rubén Blanco,False,Goalkeeper,1,start,end,1.0,0.0,0.0,0.0,0.0,0.0,0.0,0.0,4.0,0.0,0.0,0.0,0.0,0.0,
ESP-La Liga,1819,2019-02-23 Athletic Club-Eibar,Athletic Club,Iago Herrerín,True,Goalkeeper,1,start,end,1.0,0.0,0.0,0.0,0.0,0.0,0.0,0.0,2.0,0.0,0.0,0.0,0.0,0.0,
ESP-La Liga,1819,2019-02-23 Athletic Club-Eibar,Eibar,Asier Riesgo,False,Goalkeeper,1,start,end,1.0,0.0,0.0,0.0,0.0,0.0,0.0,1.0,3.0,0.0,0.0,0.0,0.0,0.0,
ESP-La Liga,1819,2019-02-23 Getafe-Rayo Vallecano,Getafe,David Soria,True,Goalkeeper,1,start,end,1.0,0.0,0.0,0.0,0.0,0.0,0.0,1.0,1.0,0.0,0.0,0.0,0.0,0.0,
ESP-La Liga,1819,2019-02-23 Getafe-Rayo Vallecano,Rayo Vallecano,Stole Dimitrievski,False,Goalkeeper,1,start,end,1.0,0.0,0.0,0.0,0.0,0.0,0.0,2.0,0.0,0.0,0.0,0.0,0.0,0.0,
ESP-La Liga,1819,2019-02-23 Sevilla-Barcelona,Barcelona,Marc-André ter Stegen,False,Goalkeeper,1,start,end,1.0,0.0,0.0,0.0,0.0,0.0,0.0,2.0,2.0,0.0,0.0,0.0,0.0,0.0,
ESP-La Liga,1819,2019-02-23 Sevilla-Barcelona,Sevilla,Tomás Vaclík,True,Goalkeeper,1,start,end,1.0,0.0,0.0,0.0,0.0,0.0,0.0,4.0,4.0,0.0,0.0,0.0,0.0,0.0,
ESP-La Liga,1819,2019-02-24 Atlético Madrid-Villarreal,Atlético Madrid,Jan Oblak,True,Goalkeeper,1,start,end,1.0,0.0,0.0,0.0,0.0,0.0,0.0,0.0,3.0,0.0,0.0,0.0,0.0,0.0,
ESP-La Liga,1819,2019-02-24 Atlético Madrid-Villarreal,Villarreal,Sergio Asenjo,False,Goalkeeper,1,start,end,1.0,0.0,0.0,0.0,0.0,0.0,0.0,2.0,5.0,0.0,0.0,0.0,0.0,0.0,
ESP-La Liga,1819,2019-02-24 Leganés-Valencia,Leganés,Iván Cuéllar,True,Goalkeeper,1,start,end,1.0,0.0,0.0,0.0,0.0,0.0,0.0,1.0,0.0,0.0,0.0,0.0,0.0,0.0,
ESP-La Liga,1819,2019-02-24 Leganés-Valencia,Valencia,Neto,False,Goalkeeper,1,start,end,1.0,0.0,0.0,0.0,0.0,0.0,1.0,1.0,5.0,0.0,0.0,0.0,0.0,0.0,
ESP-La Liga,1819,2019-02-24 Levante-Real Madrid,Levante,Aitor Fernández,True,Goalkeeper,1,start,end,1.0,0.0,0.0,0.0,0.0,0.0,0.0,2.0,3.0,0.0,0.0,0.0,0.0,0.0,
ESP-La Liga,1819,2019-02-24 Levante-Real Madrid,Real Madrid,Thibaut Courtois,False,Goalkeeper,1,start,end,1.0,0.0,1.0,0.0,0.0,0.0,0.0,1.0,1.0,0.0,0.0,0.0,0.0,0.0,
ESP-La Liga,1819,2019-02-24 Real Valladolid-Real Betis,Real Betis,Pau López,False,Goalkeeper,1,start,end,1.0,0.0,0.0,0.0,0.0,0.0,0.0,0.0,2.0,0.0,0.0,0.0,0.0,0.0,
ESP-La Liga,1819,2019-02-24 Real Valladolid-Real Betis,Real Valladolid,Jordi Masip,True,Goalkeeper,1,start,end,1.0,0.0,0.0,0.0,0.0,0.0,0.0,2.0,0.0,0.0,0.0,0.0,0.0,0.0,
ESP-La Liga,1819,2019-02-25 Girona-Real Sociedad,Girona,Yassine Bounou,True,Goalkeeper,1,start,end,1.0,0.0,0.0,0.0,0.0,0.0,0.0,0.0,1.0,0.0,0.0,0.0,0.0,0.0,
ESP-La Liga,1819,2019-02-25 Girona-Real Sociedad,Real Sociedad,Gerónimo Rulli,False,Goalkeeper,1,start,end,1.0,0.0,0.0,0.0,0.0,0.0,0.0,0.0,3.0,0.0,0.0,0.0,0.0,0.0,
ESP-La Liga,1819,2019-03-01 Rayo Vallecano-Girona,Girona,Gorka Iraizoz,False,Goalkeeper,1,start,end,1.0,0.0,0.0,0.0,0.0,0.0,0.0,0.0,3.0,0.0,0.0,0.0,0.0,0.0,
ESP-La Liga,1819,2019-03-01 Rayo Vallecano-Girona,Rayo Vallecano,Stole Dimitrievski,True,Goalkeeper,1,start,end,1.0,0.0,0.0,0.0,0.0,0.0,0.0,2.0,2.0,0.0,0.0,0.0,0.0,0.0,
ESP-La Liga,1819,2019-03-02 Espanyol-Real Valladolid,Espanyol,Diego López,True,Goalkeeper,1,start,end,1.0,0.0,0.0,0.0,0.0,0.0,0.0,1.0,2.0,0.0,0.0,0.0,0.0,0.0,
ESP-La Liga,1819,2019-03-02 Espanyol-Real Valladolid,Real Valladolid,Jordi Masip,False,Goalkeeper,1,start,end,1.0,0.0,0.0,0.0,0.0,0.0,0.0,3.0,3.0,0.0,0.0,0.0,0.0,0.0,
ESP-La Liga,1819,2019-03-02 Huesca-Sevilla,Huesca,Roberto Santamaría,True,Goalkeeper,1,start,end,1.0,0.0,0.0,0.0,0.0,0.0,0.0,1.0,1.0,0.0,0.0,0.0,0.0,0.0,
ESP-La Liga,1819,2019-03-02 Huesca-Sevilla,Sevilla,Tomás Vaclík,False,Goalkeeper,1,start,end,1.0,0.0,0.0,0.0,0.0,0.0,0.0,2.0,1.0,0.0,0.0,0.0,0.0,0.0,
ESP-La Liga,1819,2019-03-02 Real Madrid-Barcelona,Barcelona,Marc-André ter Stegen,False,Goalkeeper,1,start,end,1.0,0.0,0.0,0.0,0.0,0.0,0.0,0.0,3.0,0.0,0.0,0.0,0.0,0.0,
ESP-La Liga,1819,2019-03-02 Real Madrid-Barcelona,Real Madrid,Thibaut Courtois,True,Goalkeeper,1,start,end,1.0,0.0,1.0,0.0,0.0,0.0,0.0,1.0,3.0,0.0,0.0,0.0,0.0,0.0,
ESP-La Liga,1819,2019-03-02 Villarreal-Alavés,Alavés,Fernando Pacheco,False,Goalkeeper,1,start,end,1.0,0.0,0.0,0.0,0.0,0.0,0.0,1.0,2.0,0.0,0.0,0.0,0.0,0.0,
ESP-La Liga,1819,2019-03-02 Villarreal-Alavés,Villarreal,Sergio Asenjo,True,Goalkeeper,1,start,end,1.0,0.0,0.0,0.0,0.0,0.0,0.0,2.0,0.0,0.0,0.0,0.0,0.0,0.0,
ESP-La Liga,1819,2019-03-03 Eibar-Celta Vigo,Celta Vigo,Rubén Blanco,False,Goalkeeper,1,start,end,1.0,0.0,0.0,0.0,0.0,0.0,0.0,1.0,3.0,0.0,0.0,0.0,0.0,0.0,
ESP-La Liga,1819,2019-03-03 Eibar-Celta Vigo,Eibar,Marko Dmitrovic,True,Goalkeeper,1,start,end,1.0,0.0,0.0,0.0,0.0,0.0,0.0,0.0,1.0,0.0,0.0,0.0,0.0,0.0,
ESP-La Liga,1819,2019-03-03 Real Betis-Getafe,Getafe,David Soria,False,Goalkeeper,1,start,end,1.0,0.0,0.0,0.0,0.0,0.0,0.0,1.0,1.0,0.0,0.0,0.0,0.0,0.0,
ESP-La Liga,1819,2019-03-03 Real Betis-Getafe,Real Betis,Pau López,True,Goalkeeper,1,start,end,1.0,0.0,0.0,0.0,0.0,0.0,0.0,2.0,3.0,0.0,0.0,0.0,0.0,0.0,
ESP-La Liga,1819,2019-03-03 Real Sociedad-Atlético Madrid,Atlético Madrid,Jan Oblak,False,Goalkeeper,1,start,end,1.0,0.0,0.0,0.0,0.0,0.0,0.0,0.0,3.0,0.0,0.0,0.0,0.0,0.0,
ESP-La Liga,1819,2019-03-03 Real Sociedad-Atlético Madrid,Real Sociedad,Gerónimo Rulli,True,Goalkeeper,1,start,end,1.0,0.0,0.0,0.0,0.0,0.0,0.0,2.0,1.0,0.0,0.0,0.0,0.0,0.0,
ESP-La Liga,1819,2019-03-03 Valencia-Athletic Club,Athletic Club,Iago Herrerín,False,Goalkeeper,1,start,end,1.0,0.0,0.0,0.0,0.0,0.0,0.0,2.0,1.0,0.0,0.0,0.0,0.0,0.0,
ESP-La Liga,1819,2019-03-03 Valencia-Athletic Club,Valencia,Neto,True,Goalkeeper,1,start,end,1.0,0.0,0.0,0.0,0.0,0.0,0.0,0.0,1.0,0.0,0.0,0.0,0.0,0.0,
ESP-La Liga,1819,2019-03-04 Leganés-Levante,Leganés,Iván Cuéllar,True,Goalkeeper,1,start,end,1.0,0.0,1.0,0.0,0.0,0.0,1.0,0.0,4.0,0.0,0.0,0.0,0.0,0.0,
ESP-La Liga,1819,2019-03-04 Leganés-Levante,Levante,Aitor Fernández,False,Goalkeeper,1,start,end,1.0,0.0,0.0,0.0,0.0,0.0,0.0,1.0,2.0,0.0,0.0,0.0,0.0,0.0,
ESP-La Liga,1819,2019-03-08 Athletic Club-Espanyol,Athletic Club,Iago Herrerín,True,Goalkeeper,1,start,end,1.0,0.0,0.0,0.0,0.0,0.0,0.0,1.0,1.0,0.0,0.0,0.0,0.0,0.0,
ESP-La Liga,1819,2019-03-08 Athletic Club-Espanyol,Espanyol,Diego López,False,Goalkeeper,1,start,end,1.0,0.0,0.0,0.0,0.0,0.0,0.0,1.0,5.0,0.0,0.0,0.0,0.0,0.0,
ESP-La Liga,1819,2019-03-09 Alavés-Eibar,Alavés,Fernando Pacheco,True,Goalkeeper,1,start,end,1.0,0.0,0.0,0.0,0.0,0.0,0.0,1.0,2.0,0.0,0.0,0.0,0.0,0.0,
ESP-La Liga,1819,2019-03-09 Alavés-Eibar,Eibar,Marko Dmitrovic,False,Goalkeeper,1,start,end,1.0,0.0,0.0,0.0,0.0,0.0,0.0,1.0,2.0,0.0,0.0,0.0,0.0,0.0,
ESP-La Liga,1819,2019-03-09 Atlético Madrid-Leganés,Atlético Madrid,Jan Oblak,True,Goalkeeper,1,start,end,1.0,0.0,0.0,0.0,0.0,0.0,0.0,0.0,2.0,0.0,0.0,0.0,0.0,0.0,
ESP-La Liga,1819,2019-03-09 Atlético Madrid-Leganés,Leganés,Andriy Lunin,False,Goalkeeper,1,start,end,1.0,0.0,0.0,0.0,0.0,0.0,0.0,1.0,3.0,0.0,0.0,0.0,0.0,0.0,
ESP-La Liga,1819,2019-03-09 Barcelona-Rayo Vallecano,Barcelona,Marc-André ter Stegen,True,Goalkeeper,1,start,end,1.0,0.0,0.0,0.0,0.0,0.0,0.0,1.0,0.0,0.0,0.0,0.0,0.0,0.0,
ESP-La Liga,1819,2019-03-09 Barcelona-Rayo Vallecano,Rayo Vallecano,Stole Dimitrievski,False,Goalkeeper,1,start,end,1.0,1.0,0.0,0.0,0.0,0.0,0.0,3.0,3.0,0.0,0.0,0.0,0.0,0.0,
ESP-La Liga,1819,2019-03-09 Getafe-Huesca,Getafe,Leandro Chichizola,True,Goalkeeper,1,start,end,1.0,0.0,1.0,0.0,0.0,0.0,0.0,1.0,0.0,0.0,0.0,0.0,0.0,0.0,
ESP-La Liga,1819,2019-03-09 Getafe-Huesca,Huesca,Roberto Santamaría,False,Goalkeeper,1,start,end,1.0,0.0,0.0,0.0,0.0,0.0,0.0,2.0,3.0,0.0,0.0,0.0,0.0,0.0,
ESP-La Liga,1819,2019-03-10 Celta Vigo-Real Betis,Celta Vigo,Rubén Blanco,True,Goalkeeper,1,start,end,1.0,0.0,0.0,0.0,0.0,0.0,0.0,1.0,3.0,0.0,0.0,0.0,0.0,0.0,
ESP-La Liga,1819,2019-03-10 Celta Vigo-Real Betis,Real Betis,Pau López,False,Goalkeeper,1,start,end,1.0,0.0,0.0,0.0,0.0,0.0,0.0,0.0,1.0,0.0,0.0,0.0,0.0,0.0,
ESP-La Liga,1819,2019-03-10 Girona-Valencia,Girona,Yassine Bounou,True,Goalkeeper,1,start,end,1.0,0.0,0.0,0.0,0.0,0.0,0.0,3.0,3.0,0.0,0.0,0.0,0.0,0.0,
ESP-La Liga,1819,2019-03-10 Girona-Valencia,Valencia,Neto,False,Goalkeeper,1,start,end,1.0,0.0,0.0,0.0,0.0,0.0,0.0,2.0,5.0,0.0,0.0,0.0,0.0,0.0,
ESP-La Liga,1819,2019-03-10 Levante-Villarreal,Levante,Aitor Fernández,True,Goalkeeper,1,start,end,1.0,0.0,0.0,0.0,0.0,0.0,0.0,2.0,4.0,0.0,0.0,0.0,0.0,0.0,
ESP-La Liga,1819,2019-03-10 Levante-Villarreal,Villarreal,Sergio Asenjo,False,Goalkeeper,1,start,end,1.0,0.0,0.0,0.0,0.0,0.0,0.0,0.0,3.0,0.0,0.0,0.0,0.0,0.0,
ESP-La Liga,1819,2019-03-10 Real Valladolid-Real Madrid,Real Madrid,Thibaut Courtois,False,Goalkeeper,1,start,end,1.0,0.0,0.0,0.0,0.0,0.0,1.0,1.0,1.0,0.0,0.0,0.0,0.0,0.0,
ESP-La Liga,1819,2019-03-10 Real Valladolid-Real Madrid,Real Valladolid,Jordi Masip,True,Goalkeeper,1,start,end,1.0,0.0,0.0,0.0,0.0,0.0,0.0,4.0,2.0,0.0,0.0,0.0,0.0,0.0,
ESP-La Liga,1819,2019-03-10 Sevilla-Real Sociedad,Real Sociedad,Gerónimo Rulli,False,Goalkeeper,1,start,end,1.0,0.0,0.0,0.0,0.0,0.0,0.0,5.0,5.0,0.0,0.0,0.0,0.0,0.0,
ESP-La Liga,1819,2019-03-10 Sevilla-Real Sociedad,Sevilla,Juan Soriano,True,Goalkeeper,1,start,end,1.0,0.0,0.0,0.0,0.0,0.0,0.0,2.0,0.0,0.0,0.0,0.0,0.0,0.0,
ESP-La Liga,1819,2019-03-15 Real Sociedad-Levante,Levante,Aitor Fernández,False,Goalkeeper,1,start,end,1.0,0.0,0.0,0.0,0.0,0.0,0.0,1.0,6.0,0.0,0.0,0.0,0.0,0.0,
ESP-La Liga,1819,2019-03-15 Real Sociedad-Levante,Real Sociedad,Gerónimo Rulli,True,Goalkeeper,1,start,end,1.0,0.0,1.0,0.0,0.0,0.0,0.0,1.0,2.0,0.0,0.0,0.0,0.0,0.0,
ESP-La Liga,1819,2019-03-16 Athletic Club-Atlético Madrid,Athletic Club,Iago Herrerín,True,Goalkeeper,1,start,end,1.0,0.0,0.0,0.0,0.0,0.0,0.0,0.0,2.0,0.0,0.0,0.0,0.0,0.0,
ESP-La Liga,1819,2019-03-16 Athletic Club-Atlético Madrid,Atlético Madrid,Jan Oblak,False,Goalkeeper,1,start,end,1.0,0.0,0.0,0.0,0.0,0.0,0.0,2.0,3.0,0.0,0.0,0.0,0.0,0.0,
ESP-La Liga,1819,2019-03-16 Huesca-Alavés,Alavés,Fernando Pacheco,False,Goalkeeper,1,start,end,1.0,0.0,0.0,0.0,0.0,0.0,0.0,1.0,0.0,0.0,0.0,0.0,0.0,0.0,
ESP-La Liga,1819,2019-03-16 Huesca-Alavés,Huesca,Roberto Santamaría,True,Goalkeeper,1,start,end,1.0,0.0,1.0,0.0,0.0,0.0,0.0,3.0,2.0,0.0,0.0,0.0,0.0,0.0,
ESP-La Liga,1819,2019-03-16 Leganés-Girona,Girona,Yassine Bounou,False,Goalkeeper,1,start,end,1.0,0.0,0.0,0.0,0.0,0.0,0.0,0.0,3.0,0.0,0.0,0.0,0.0,0.0,
ESP-La Liga,1819,2019-03-16 Leganés-Girona,Leganés,Iván Cuéllar,True,Goalkeeper,1,start,end,1.0,0.0,0.0,0.0,0.0,0.0,0.0,2.0,2.0,0.0,0.0,0.0,0.0,0.0,
ESP-La Liga,1819,2019-03-16 Real Madrid-Celta Vigo,Celta Vigo,Rubén Blanco,False,Goalkeeper,1,start,end,1.0,0.0,0.0,0.0,0.0,0.0,0.0,2.0,5.0,0.0,0.0,0.0,0.0,0.0,
ESP-La Liga,1819,2019-03-16 Real Madrid-Celta Vigo,Real Madrid,Keylor Navas,True,Goalkeeper,1,start,end,1.0,0.0,1.0,0.0,0.0,0.0,0.0,0.0,1.0,0.0,0.0,0.0,0.0,0.0,
ESP-La Liga,1819,2019-03-17 Eibar-Real Valladolid,Eibar,Marko Dmitrovic,True,Goalkeeper,1,start,end,1.0,1.0,0.0,0.0,0.0,0.0,1.0,2.0,1.0,0.0,0.0,0.0,0.0,0.0,
ESP-La Liga,1819,2019-03-17 Eibar-Real Valladolid,Real Valladolid,Jordi Masip,False,Goalkeeper,1,start,end,1.0,0.0,0.0,0.0,0.0,0.0,0.0,1.0,2.0,0.0,0.0,0.0,0.0,0.0,
ESP-La Liga,1819,2019-03-17 Espanyol-Sevilla,Espanyol,Diego López,True,Goalkeeper,1,start,end,1.0,0.0,0.0,0.0,0.0,0.0,0.0,1.0,2.0,0.0,0.0,0.0,0.0,0.0,
ESP-La Liga,1819,2019-03-17 Espanyol-Sevilla,Sevilla,Juan Soriano,False,Goalkeeper,1,start,end,1.0,0.0,0.0,0.0,1.0,0.0,0.0,0.0,3.0,0.0,0.0,0.0,0.0,0.0,
ESP-La Liga,1819,2019-03-17 Real Betis-Barcelona,Barcelona,Marc-André ter Stegen,False,Goalkeeper,1,start,end,1.0,0.0,0.0,0.0,0.0,0.0,0.0,1.0,2.0,0.0,0.0,0.0,0.0,0.0,
ESP-La Liga,1819,2019-03-17 Real Betis-Barcelona,Real Betis,Pau López,True,Goalkeeper,1,start,end,1.0,0.0,0.0,0.0,0.0,0.0,0.0,4.0,5.0,0.0,0.0,0.0,0.0,0.0,
ESP-La Liga,1819,2019-03-17 Valencia-Getafe,Getafe,David Soria,False,Goalkeeper,1,start,end,1.0,0.0,1.0,0.0,0.0,0.0,0.0,0.0,2.0,0.0,0.0,0.0,0.0,0.0,
ESP-La Liga,1819,2019-03-17 Valencia-Getafe,Valencia,Jaume Doménech,True,Goalkeeper,1,start,end,1.0,0.0,0.0,0.0,0.0,0.0,0.0,0.0,1.0,0.0,0.0,0.0,0.0,0.0,
ESP-La Liga,1819,2019-03-17 Villarreal-Rayo Vallecano,Rayo Vallecano,Stole Dimitrievski,False,Goalkeeper,1,start,end,1.0,0.0,0.0,0.0,0.0,0.0,0.0,3.0,1.0,0.0,0.0,0.0,0.0,0.0,
ESP-La Liga,1819,2019-03-17 Villarreal-Rayo Vallecano,Villarreal,Sergio Asenjo,True,Goalkeeper,1,start,end,1.0,0.0,0.0,0.0,0.0,0.0,0.0,1.0,2.0,0.0,0.0,0.0,0.0,0.0,
ESP-La Liga,1819,2019-03-29 Girona-Athletic Club,Athletic Club,Iago Herrerín,False,Goalkeeper,1,start,end,1.0,0.0,0.0,0.0,0.0,0.0,0.0,1.0,1.0,0.0,0.0,0.0,0.0,0.0,
ESP-La Liga,1819,2019-03-29 Girona-Athletic Club,Girona,Gorka Iraizoz,True,Goalkeeper,1,start,end,1.0,0.0,0.0,0.0,0.0,0.0,0.0,2.0,3.0,0.0,0.0,0.0,0.0,0.0,
ESP-La Liga,1819,2019-03-30 Alavés-Atlético Madrid,Alavés,Fernando Pacheco,True,Goalkeeper,1,start,end,1.0,0.0,0.0,0.0,0.0,0.0,0.0,4.0,3.0,0.0,0.0,0.0,0.0,0.0,
ESP-La Liga,1819,2019-03-30 Alavés-Atlético Madrid,Atlético Madrid,Jan Oblak,False,Goalkeeper,1,start,end,1.0,0.0,0.0,0.0,0.0,0.0,0.0,0.0,3.0,0.0,0.0,0.0,0.0,0.0,
ESP-La Liga,1819,2019-03-30 Barcelona-Espanyol,Barcelona,Marc-André ter Stegen,True,Goalkeeper,1,start,end,1.0,0.0,0.0,0.0,0.0,0.0,0.0,0.0,2.0,0.0,0.0,0.0,0.0,0.0,
ESP-La Liga,1819,2019-03-30 Barcelona-Espanyol,Espanyol,Diego López,False,Goalkeeper,1,start,end,1.0,0.0,1.0,0.0,0.0,0.0,0.0,2.0,2.0,0.0,0.0,0.0,0.0,0.0,
ESP-La Liga,1819,2019-03-30 Celta Vigo-Villarreal,Celta Vigo,Rubén Blanco,True,Goalkeeper,1,start,end,1.0,0.0,0.0,0.0,0.0,0.0,0.0,2.0,3.0,0.0,0.0,0.0,0.0,0.0,
ESP-La Liga,1819,2019-03-30 Celta Vigo-Villarreal,Villarreal,Sergio Asenjo,False,Goalkeeper,1,start,end,1.0,0.0,0.0,0.0,0.0,0.0,0.0,3.0,3.0,0.0,0.0,0.0,0.0,0.0,
ESP-La Liga,1819,2019-03-30 Getafe-Leganés,Getafe,David Soria,True,Goalkeeper,1,start,end,1.0,0.0,0.0,0.0,0.0,0.0,0.0,2.0,1.0,0.0,0.0,0.0,0.0,0.0,
ESP-La Liga,1819,2019-03-30 Getafe-Leganés,Leganés,Iván Cuéllar,False,Goalkeeper,1,start,end,1.0,0.0,1.0,0.0,0.0,0.0,0.0,0.0,2.0,0.0,0.0,0.0,0.0,0.0,
ESP-La Liga,1819,2019-03-31 Levante-Eibar,Eibar,Marko Dmitrovic,False,Goalkeeper,1,start,end,1.0,0.0,0.0,0.0,0.0,0.0,0.0,2.0,0.0,0.0,0.0,0.0,0.0,0.0,
ESP-La Liga,1819,2019-03-31 Levante-Eibar,Levante,Aitor Fernández,True,Goalkeeper,1,start,end,1.0,0.0,1.0,0.0,0.0,0.0,0.0,2.0,1.0,0.0,0.0,0.0,0.0,0.0,
ESP-La Liga,1819,2019-03-31 Rayo Vallecano-Real Betis,Rayo Vallecano,Stole Dimitrievski,True,Goalkeeper,1,start,end,1.0,0.0,0.0,0.0,0.0,0.0,0.0,1.0,1.0,0.0,0.0,0.0,0.0,0.0,
ESP-La Liga,1819,2019-03-31 Rayo Vallecano-Real Betis,Real Betis,Pau López,False,Goalkeeper,1,start,end,1.0,0.0,0.0,0.0,0.0,0.0,0.0,1.0,4.0,0.0,0.0,0.0,0.0,0.0,
ESP-La Liga,1819,2019-03-31 Real Madrid-Huesca,Huesca,Roberto Santamaría,False,Goalkeeper,1,start,end,1.0,0.0,0.0,0.0,0.0,0.0,0.0,3.0,5.0,0.0,0.0,0.0,0.0,0.0,
ESP-La Liga,1819,2019-03-31 Real Madrid-Huesca,Real Madrid,Luca Zidane,True,Goalkeeper,1,start,end,1.0,0.0,1.0,0.0,0.0,0.0,0.0,2.0,1.0,0.0,0.0,0.0,0.0,0.0,
ESP-La Liga,1819,2019-03-31 Real Valladolid-Real Sociedad,Real Sociedad,Gerónimo Rulli,False,Goalkeeper,1,start,end,1.0,0.0,0.0,0.0,0.0,0.0,0.0,1.0,2.0,0.0,0.0,0.0,0.0,0.0,
ESP-La Liga,1819,2019-03-31 Real Valladolid-Real Sociedad,Real Valladolid,Jordi Masip,True,Goalkeeper,1,start,end,1.0,0.0,0.0,0.0,0.0,0.0,0.0,1.0,0.0,0.0,0.0,0.0,0.0,0.0,
ESP-La Liga,1819,2019-03-31 Sevilla-Valencia,Sevilla,Javi Díaz,True,Goalkeeper,1,start,end,1.0,0.0,0.0,0.0,0.0,0.0,0.0,1.0,1.0,0.0,0.0,0.0,0.0,0.0,
ESP-La Liga,1819,2019-03-31 Sevilla-Valencia,Valencia,Neto,False,Goalkeeper,1,start,end,1.0,0.0,0.0,0.0,0.0,0.0,0.0,0.0,5.0,0.0,0.0,0.0,0.0,0.0,
ESP-La Liga,1819,2019-04-02 Atlético Madrid-Girona,Atlético Madrid,Jan Oblak,True,Goalkeeper,1,start,end,1.0,0.0,0.0,0.0,0.0,0.0,0.0,0.0,4.0,0.0,0.0,0.0,0.0,0.0,
ESP-La Liga,1819,2019-04-02 Atlético Madrid-Girona,Girona,Gorka Iraizoz,False,Goalkeeper,1,start,end,1.0,0.0,0.0,0.0,0.0,0.0,0.0,2.0,6.0,0.0,0.0,0.0,0.0,0.0,
ESP-La Liga,1819,2019-04-02 Espanyol-Getafe,Espanyol,Diego López,True,Goalkeeper,1,start,end,1.0,0.0,0.0,0.0,0.0,0.0,0.0,1.0,2.0,0.0,0.0,0.0,0.0,0.0,
ESP-La Liga,1819,2019-04-02 Espanyol-Getafe,Getafe,David Soria,False,Goalkeeper,1,start,end,1.0,0.0,0.0,0.0,0.0,0.0,0.0,1.0,2.0,0.0,0.0,0.0,0.0,0.0,
ESP-La Liga,1819,2019-04-02 Villarreal-Barcelona,Barcelona,Marc-André ter Stegen,False,Goalkeeper,1,start,end,1.0,0.0,0.0,0.0,0.0,0.0,0.0,4.0,5.0,0.0,0.0,0.0,0.0,0.0,
ESP-La Liga,1819,2019-04-02 Villarreal-Barcelona,Villarreal,Sergio Asenjo,True,Goalkeeper,1,start,end,1.0,0.0,0.0,0.0,0.0,0.0,0.0,4.0,5.0,0.0,0.0,0.0,0.0,0.0,
ESP-La Liga,1819,2019-04-03 Athletic Club-Levante,Athletic Club,Iago Herrerín,True,Goalkeeper,1,start,end,1.0,0.0,1.0,0.0,0.0,0.0,0.0,2.0,4.0,0.0,0.0,0.0,0.0,0.0,
ESP-La Liga,1819,2019-04-03 Athletic Club-Levante,Levante,Aitor Fernández,False,Goalkeeper,1,start,end,1.0,0.0,0.0,0.0,0.0,0.0,0.0,3.0,4.0,0.0,0.0,0.0,0.0,0.0,
ESP-La Liga,1819,2019-04-03 Eibar-Rayo Vallecano,Eibar,Marko Dmitrovic,True,Goalkeeper,1,start,end,1.0,0.0,0.0,0.0,0.0,0.0,0.0,1.0,2.0,0.0,0.0,0.0,0.0,0.0,
ESP-La Liga,1819,2019-04-03 Eibar-Rayo Vallecano,Rayo Vallecano,Stole Dimitrievski,False,Goalkeeper,1,start,end,1.0,0.0,0.0,0.0,0.0,0.0,0.0,2.0,4.0,0.0,0.0,0.0,0.0,0.0,
ESP-La Liga,1819,2019-04-03 Huesca-Celta Vigo,Celta Vigo,Rubén Blanco,False,Goalkeeper,1,start,end,1.0,0.0,0.0,0.0,0.0,0.0,0.0,3.0,3.0,0.0,0.0,0.0,0.0,0.0,
ESP-La Liga,1819,2019-04-03 Huesca-Celta Vigo,Huesca,Roberto Santamaría,True,Goalkeeper,1,start,end,1.0,0.0,0.0,0.0,0.0,0.0,0.0,3.0,2.0,0.0,0.0,0.0,0.0,0.0,
ESP-La Liga,1819,2019-04-03 Valencia-Real Madrid,Real Madrid,Keylor Navas,False,Goalkeeper,1,start,end,1.0,0.0,0.0,0.0,0.0,0.0,0.0,2.0,2.0,0.0,0.0,0.0,0.0,0.0,
ESP-La Liga,1819,2019-04-03 Valencia-Real Madrid,Valencia,Neto,True,Goalkeeper,1,start,end,1.0,0.0,0.0,0.0,0.0,0.0,0.0,1.0,4.0,0.0,0.0,0.0,0.0,0.0,
ESP-La Liga,1819,2019-04-04 Leganés-Real Valladolid,Leganés,Iván Cuéllar,True,Goalkeeper,1,start,end,1.0,0.0,0.0,0.0,0.0,0.0,0.0,0.0,1.0,0.0,0.0,0.0,0.0,0.0,
ESP-La Liga,1819,2019-04-04 Leganés-Real Valladolid,Real Valladolid,Jordi Masip,False,Goalkeeper,1,start,end,1.0,0.0,0.0,0.0,0.0,0.0,0.0,1.0,1.0,0.0,0.0,0.0,0.0,0.0,
ESP-La Liga,1819,2019-04-04 Real Sociedad-Real Betis,Real Betis,Pau López,False,Goalkeeper,1,start,end,1.0,0.0,0.0,0.0,0.0,0.0,0.0,2.0,5.0,0.0,0.0,0.0,0.0,0.0,
ESP-La Liga,1819,2019-04-04 Real Sociedad-Real Betis,Real Sociedad,Gerónimo Rulli,True,Goalkeeper,1,start,end,1.0,0.0,0.0,0.0,0.0,0.0,0.0,1.0,5.0,0.0,0.0,0.0,0.0,0.0,
ESP-La Liga,1819,2019-04-04 Sevilla-Alavés,Alavés,Fernando Pacheco,False,Goalkeeper,1,start,end,1.0,0.0,0.0,0.0,0.0,0.0,0.0,2.0,3.0,0.0,0.0,0.0,0.0,0.0,
ESP-La Liga,1819,2019-04-04 Sevilla-Alavés,Sevilla,Juan Soriano,True,Goalkeeper,1,start,end,1.0,0.0,1.0,0.0,0.0,0.0,0.0,0.0,1.0,0.0,0.0,0.0,0.0,0.0,
ESP-La Liga,1819,2019-04-06 Barcelona-Atlético Madrid,Atlético Madrid,Jan Oblak,False,Goalkeeper,1,start,end,1.0,0.0,0.0,0.0,0.0,0.0,0.0,2.0,8.0,0.0,0.0,0.0,0.0,0.0,
ESP-La Liga,1819,2019-04-06 Barcelona-Atlético Madrid,Barcelona,Marc-André ter Stegen,True,Goalkeeper,1,start,end,1.0,0.0,0.0,0.0,0.0,0.0,0.0,0.0,2.0,0.0,0.0,0.0,0.0,0.0,
ESP-La Liga,1819,2019-04-06 Girona-Espanyol,Espanyol,Diego López,False,Goalkeeper,1,start,end,1.0,0.0,0.0,0.0,0.0,0.0,0.0,1.0,4.0,0.0,0.0,0.0,0.0,0.0,
ESP-La Liga,1819,2019-04-06 Girona-Espanyol,Girona,Yassine Bounou,True,Goalkeeper,1,start,end,1.0,0.0,0.0,1.0,0.0,0.0,0.0,2.0,1.0,0.0,0.0,0.0,0.0,0.0,
ESP-La Liga,1819,2019-04-06 Rayo Vallecano-Valencia,Rayo Vallecano,Alberto García,True,Goalkeeper,1,start,end,1.0,0.0,0.0,0.0,0.0,0.0,0.0,0.0,3.0,0.0,0.0,0.0,0.0,0.0,
ESP-La Liga,1819,2019-04-06 Rayo Vallecano-Valencia,Valencia,Neto,False,Goalkeeper,1,start,end,1.0,0.0,0.0,0.0,0.0,0.0,0.0,2.0,3.0,0.0,0.0,0.0,0.0,0.0,
ESP-La Liga,1819,2019-04-06 Real Madrid-Eibar,Eibar,Marko Dmitrovic,False,Goalkeeper,1,start,end,1.0,0.0,0.0,0.0,0.0,0.0,0.0,2.0,5.0,0.0,0.0,0.0,0.0,0.0,
ESP-La Liga,1819,2019-04-06 Real Madrid-Eibar,Real Madrid,Keylor Navas,True,Goalkeeper,1,start,end,1.0,0.0,0.0,0.0,0.0,0.0,0.0,1.0,0.0,0.0,0.0,0.0,0.0,0.0,
ESP-La Liga,1819,2019-04-07 Alavés-Leganés,Alavés,Fernando Pacheco,True,Goalkeeper,1,start,end,1.0,0.0,1.0,0.0,0.0,0.0,0.0,1.0,4.0,0.0,0.0,0.0,0.0,0.0,
ESP-La Liga,1819,2019-04-07 Alavés-Leganés,Leganés,Iván Cuéllar,False,Goalkeeper,1,start,end,1.0,0.0,0.0,0.0,0.0,0.0,0.0,1.0,0.0,0.0,0.0,0.0,0.0,0.0,
ESP-La Liga,1819,2019-04-07 Celta Vigo-Real Sociedad,Celta Vigo,Rubén Blanco,True,Goalkeeper,1,start,end,1.0,0.0,0.0,0.0,0.0,0.0,0.0,1.0,6.0,0.0,0.0,0.0,0.0,0.0,
ESP-La Liga,1819,2019-04-07 Celta Vigo-Real Sociedad,Real Sociedad,Gerónimo Rulli,False,Goalkeeper,1,start,end,1.0,1.0,1.0,0.0,0.0,0.0,1.0,3.0,1.0,0.0,0.0,0.0,0.0,0.0,
ESP-La Liga,1819,2019-04-07 Getafe-Athletic Club,Athletic Club,Iago Herrerín,False,Goalkeeper,1,start,end,1.0,0.0,0.0,0.0,0.0,0.0,0.0,1.0,1.0,0.0,0.0,0.0,0.0,0.0,
ESP-La Liga,1819,2019-04-07 Getafe-Athletic Club,Getafe,David Soria,True,Goalkeeper,1,start,end,1.0,0.0,0.0,0.0,0.0,0.0,0.0,0.0,1.0,0.0,0.0,0.0,0.0,0.0,
ESP-La Liga,1819,2019-04-07 Levante-Huesca,Huesca,Roberto Santamaría,False,Goalkeeper,1,start,end,1.0,0.0,0.0,0.0,0.0,0.0,0.0,2.0,6.0,0.0,0.0,0.0,0.0,0.0,
ESP-La Liga,1819,2019-04-07 Levante-Huesca,Levante,Aitor Fernández,True,Goalkeeper,1,start,end,1.0,0.0,2.0,0.0,0.0,0.0,0.0,2.0,2.0,0.0,0.0,0.0,0.0,0.0,
ESP-La Liga,1819,2019-04-07 Real Betis-Villarreal,Real Betis,Pau López,True,Goalkeeper,1,start,end,1.0,0.0,0.0,0.0,0.0,0.0,0.0,1.0,3.0,0.0,0.0,0.0,0.0,0.0,
ESP-La Liga,1819,2019-04-07 Real Betis-Villarreal,Villarreal,Sergio Asenjo,False,Goalkeeper,1,start,end,1.0,0.0,0.0,0.0,0.0,0.0,0.0,2.0,4.0,0.0,0.0,0.0,0.0,0.0,
ESP-La Liga,1819,2019-04-07 Real Valladolid-Sevilla,Real Valladolid,Jordi Masip,True,Goalkeeper,1,start,end,1.0,0.0,0.0,0.0,0.0,0.0,0.0,2.0,2.0,0.0,0.0,0.0,0.0,0.0,
ESP-La Liga,1819,2019-04-07 Real Valladolid-Sevilla,Sevilla,Juan Soriano,False,Goalkeeper,1,start,end,1.0,0.0,0.0,0.0,0.0,0.0,0.0,0.0,5.0,0.0,0.0,0.0,0.0,0.0,
ESP-La Liga,1819,2019-04-13 Atlético Madrid-Celta Vigo,Atlético Madrid,Jan Oblak,True,Goalkeeper,1,start,end,1.0,0.0,0.0,0.0,0.0,0.0,0.0,0.0,3.0,0.0,0.0,0.0,0.0,0.0,
ESP-La Liga,1819,2019-04-13 Atlético Madrid-Celta Vigo,Celta Vigo,Rubén Blanco,False,Goalkeeper,1,start,end,1.0,0.0,0.0,0.0,0.0,0.0,0.0,2.0,2.0,0.0,0.0,0.0,0.0,0.0,
ESP-La Liga,1819,2019-04-13 Espanyol-Alavés,Alavés,Fernando Pacheco,False,Goalkeeper,1,start,end,1.0,0.0,0.0,0.0,0.0,0.0,0.0,2.0,1.0,0.0,0.0,0.0,0.0,0.0,
ESP-La Liga,1819,2019-04-13 Espanyol-Alavés,Espanyol,Diego López,True,Goalkeeper,1,start,end,1.0,0.0,0.0,0.0,0.0,0.0,0.0,1.0,2.0,0.0,0.0,0.0,0.0,0.0,
ESP-La Liga,1819,2019-04-13 Huesca-Barcelona,Barcelona,Marc-André ter Stegen,False,Goalkeeper,1,start,end,1.0,0.0,0.0,0.0,0.0,0.0,0.0,0.0,1.0,0.0,0.0,0.0,0.0,0.0,
ESP-La Liga,1819,2019-04-13 Huesca-Barcelona,Huesca,Roberto Santamaría,True,Goalkeeper,1,start,end,1.0,0.0,0.0,0.0,0.0,0.0,0.0,0.0,2.0,0.0,0.0,0.0,0.0,0.0,
ESP-La Liga,1819,2019-04-13 Sevilla-Real Betis,Real Betis,Pau López,False,Goalkeeper,1,start,end,1.0,0.0,0.0,0.0,0.0,0.0,0.0,3.0,2.0,0.0,0.0,0.0,0.0,0.0,
ESP-La Liga,1819,2019-04-13 Sevilla-Real Betis,Sevilla,Tomás Vaclík,True,Goalkeeper,1,start,end,1.0,0.0,0.0,0.0,0.0,0.0,0.0,2.0,4.0,0.0,0.0,0.0,0.0,0.0,
ESP-La Liga,1819,2019-04-14 Athletic Club-Rayo Vallecano,Athletic Club,Iago Herrerín,True,Goalkeeper,1,start,end,1.0,0.0,0.0,0.0,0.0,0.0,0.0,2.0,2.0,0.0,0.0,0.0,0.0,0.0,
ESP-La Liga,1819,2019-04-14 Athletic Club-Rayo Vallecano,Rayo Vallecano,Alberto García,False,Goalkeeper,1,start,end,1.0,0.0,1.0,0.0,0.0,0.0,0.0,3.0,5.0,0.0,0.0,0.0,0.0,0.0,
ESP-La Liga,1819,2019-04-14 Girona-Villarreal,Girona,Yassine Bounou,True,Goalkeeper,1,start,end,1.0,0.0,0.0,0.0,0.0,0.0,0.0,1.0,5.0,0.0,0.0,0.0,0.0,0.0,
ESP-La Liga,1819,2019-04-14 Girona-Villarreal,Villarreal,Sergio Asenjo,False,Goalkeeper,1,start,end,1.0,0.0,0.0,0.0,0.0,0.0,0.0,0.0,5.0,0.0,0.0,0.0,0.0,0.0,
ESP-La Liga,1819,2019-04-14 Real Sociedad-Eibar,Eibar,Marko Dmitrovic,False,Goalkeeper,1,start,end,1.0,0.0,0.0,0.0,0.0,0.0,0.0,1.0,1.0,0.0,0.0,0.0,0.0,0.0,
ESP-La Liga,1819,2019-04-14 Real Sociedad-Eibar,Real Sociedad,Gerónimo Rulli,True,Goalkeeper,1,start,end,1.0,0.0,0.0,0.0,0.0,0.0,0.0,1.0,1.0,0.0,0.0,0.0,0.0,0.0,
ESP-La Liga,1819,2019-04-14 Real Valladolid-Getafe,Getafe,David Soria,False,Goalkeeper,1,start,end,1.0,0.0,0.0,0.0,0.0,0.0,0.0,2.0,2.0,0.0,0.0,0.0,0.0,0.0,
ESP-La Liga,1819,2019-04-14 Real Valladolid-Getafe,Real Valladolid,Yoel,True,Goalkeeper,1,start,end,1.0,0.0,0.0,0.0,0.0,0.0,0.0,2.0,1.0,0.0,0.0,0.0,0.0,0.0,
ESP-La Liga,1819,2019-04-14 Valencia-Levante,Levante,Aitor Fernández,False,Goalkeeper,1,start,end,1.0,0.0,0.0,0.0,0.0,0.0,0.0,3.0,3.0,0.0,0.0,0.0,0.0,0.0,
ESP-La Liga,1819,2019-04-14 Valencia-Levante,Valencia,Neto,True,Goalkeeper,1,start,end,1.0,0.0,0.0,0.0,0.0,0.0,0.0,1.0,3.0,0.0,0.0,0.0,0.0,0.0,
ESP-La Liga,1819,2019-04-15 Leganés-Real Madrid,Leganés,Iván Cuéllar,True,Goalkeeper,1,start,end,1.0,0.0,0.0,0.0,0.0,0.0,0.0,1.0,5.0,0.0,0.0,0.0,0.0,0.0,
ESP-La Liga,1819,2019-04-15 Leganés-Real Madrid,Real Madrid,Keylor Navas,False,Goalkeeper,1,start,end,1.0,0.0,0.0,0.0,0.0,0.0,0.0,1.0,1.0,0.0,0.0,0.0,0.0,0.0,
ESP-La Liga,1819,2019-04-19 Alavés-Real Valladolid,Alavés,Fernando Pacheco,True,Goalkeeper,1,start,end,1.0,0.0,0.0,0.0,0.0,0.0,0.0,2.0,5.0,0.0,0.0,0.0,0.0,0.0,
ESP-La Liga,1819,2019-04-19 Alavés-Real Valladolid,Real Valladolid,Yoel,False,Goalkeeper,1,start,end,1.0,0.0,0.0,0.0,0.0,0.0,0.0,2.0,1.0,0.0,0.0,0.0,0.0,0.0,
ESP-La Liga,1819,2019-04-20 Barcelona-Real Sociedad,Barcelona,Marc-André ter Stegen,True,Goalkeeper,1,start,end,1.0,0.0,0.0,0.0,0.0,0.0,0.0,1.0,1.0,0.0,0.0,0.0,0.0,0.0,
ESP-La Liga,1819,2019-04-20 Barcelona-Real Sociedad,Real Sociedad,Gerónimo Rulli,False,Goalkeeper,1,start,end,1.0,0.0,0.0,0.0,0.0,0.0,0.0,2.0,2.0,0.0,0.0,0.0,0.0,0.0,
ESP-La Liga,1819,2019-04-20 Celta Vigo-Girona,Celta Vigo,Rubén Blanco,True,Goalkeeper,1,start,end,1.0,0.0,0.0,0.0,0.0,0.0,0.0,1.0,0.0,0.0,0.0,0.0,0.0,0.0,
ESP-La Liga,1819,2019-04-20 Celta Vigo-Girona,Girona,Yassine Bounou,False,Goalkeeper,1,start,end,1.0,0.0,0.0,0.0,0.0,0.0,0.0,2.0,6.0,0.0,0.0,0.0,0.0,0.0,
ESP-La Liga,1819,2019-04-20 Eibar-Atlético Madrid,Atlético Madrid,Jan Oblak,False,Goalkeeper,1,start,end,1.0,0.0,0.0,0.0,0.0,0.0,0.0,0.0,2.0,0.0,0.0,0.0,0.0,0.0,
ESP-La Liga,1819,2019-04-20 Eibar-Atlético Madrid,Eibar,Marko Dmitrovic,True,Goalkeeper,1,start,end,1.0,0.0,0.0,0.0,0.0,0.0,0.0,1.0,3.0,0.0,0.0,0.0,0.0,0.0,
ESP-La Liga,1819,2019-04-20 Rayo Vallecano-Huesca,Huesca,Roberto Santamaría,False,Goalkeeper,1,start,end,1.0,0.0,1.0,0.0,0.0,0.0,0.0,0.0,3.0,0.0,0.0,0.0,0.0,0.0,
ESP-La Liga,1819,2019-04-20 Rayo Vallecano-Huesca,Rayo Vallecano,Alberto García,True,Goalkeeper,1,start,end,1.0,0.0,0.0,0.0,0.0,0.0,0.0,0.0,3.0,0.0,0.0,0.0,0.0,0.0,
ESP-La Liga,1819,2019-04-21 Getafe-Sevilla,Getafe,David Soria,True,Goalkeeper,1,start,end,1.0,0.0,0.0,0.0,0.0,0.0,0.0,0.0,2.0,0.0,0.0,0.0,0.0,0.0,
ESP-La Liga,1819,2019-04-21 Getafe-Sevilla,Sevilla,Tomás Vaclík,False,Goalkeeper,1,start,end,1.0,0.0,1.0,0.0,0.0,0.0,0.0,3.0,0.0,0.0,0.0,0.0,0.0,0.0,
ESP-La Liga,1819,2019-04-21 Levante-Espanyol,Espanyol,Diego López,False,Goalkeeper,1,start,end,1.0,0.0,1.0,0.0,0.0,0.0,0.0,2.0,3.0,0.0,0.0,0.0,0.0,0.0,
ESP-La Liga,1819,2019-04-21 Levante-Espanyol,Levante,Aitor Fernández,True,Goalkeeper,1,start,end,1.0,0.0,0.0,0.0,0.0,0.0,0.0,2.0,5.0,0.0,0.0,0.0,0.0,0.0,
ESP-La Liga,1819,2019-04-21 Real Betis-Valencia,Real Betis,Pau López,True,Goalkeeper,1,start,end,1.0,0.0,0.0,0.0,0.0,0.0,0.0,2.0,1.0,0.0,0.0,0.0,0.0,0.0,
ESP-La Liga,1819,2019-04-21 Real Betis-Valencia,Valencia,Neto,False,Goalkeeper,1,start,end,1.0,0.0,0.0,0.0,0.0,0.0,0.0,1.0,6.0,0.0,0.0,0.0,0.0,0.0,
ESP-La Liga,1819,2019-04-21 Real Madrid-Athletic Club,Athletic Club,Iago Herrerín,False,Goalkeeper,1,start,end,1.0,0.0,0.0,0.0,0.0,0.0,0.0,3.0,1.0,0.0,0.0,0.0,0.0,0.0,
ESP-La Liga,1819,2019-04-21 Real Madrid-Athletic Club,Real Madrid,Keylor Navas,True,Goalkeeper,1,start,end,1.0,0.0,0.0,0.0,0.0,0.0,1.0,0.0,3.0,0.0,0.0,0.0,0.0,0.0,
ESP-La Liga,1819,2019-04-21 Villarreal-Leganés,Leganés,Iván Cuéllar,False,Goalkeeper,1,start,end,1.0,0.0,0.0,0.0,0.0,0.0,0.0,2.0,3.0,0.0,0.0,0.0,0.0,0.0,
ESP-La Liga,1819,2019-04-21 Villarreal-Leganés,Villarreal,Andrés Fernández,True,Goalkeeper,1,start,end,1.0,0.0,0.0,0.0,0.0,0.0,1.0,1.0,1.0,0.0,0.0,0.0,0.0,0.0,
ESP-La Liga,1819,2019-04-23 Alavés-Barcelona,Alavés,Fernando Pacheco,True,Goalkeeper,1,start,end,1.0,0.0,0.0,0.0,0.0,0.0,0.0,2.0,4.0,0.0,0.0,0.0,0.0,0.0,
ESP-La Liga,1819,2019-04-23 Alavés-Barcelona,Barcelona,Marc-André ter Stegen,False,Goalkeeper,1,start,end,1.0,0.0,0.0,0.0,0.0,0.0,0.0,0.0,1.0,0.0,0.0,0.0,0.0,0.0,
ESP-La Liga,1819,2019-04-23 Huesca-Eibar,Eibar,Marko Dmitrovic,False,Goalkeeper,1,start,end,1.0,0.0,0.0,0.0,0.0,0.0,0.0,2.0,1.0,0.0,0.0,0.0,0.0,0.0,
ESP-La Liga,1819,2019-04-23 Huesca-Eibar,Huesca,Roberto Santamaría,True,Goalkeeper,1,start,end,1.0,0.0,0.0,0.0,0.0,0.0,0.0,0.0,4.0,0.0,0.0,0.0,0.0,0.0,
ESP-La Liga,1819,2019-04-23 Real Valladolid-Girona,Girona,Yassine Bounou,False,Goalkeeper,1,start,end,1.0,0.0,0.0,0.0,0.0,0.0,0.0,1.0,3.0,0.0,0.0,0.0,0.0,1.0,
ESP-La Liga,1819,2019-04-23 Real Valladolid-Girona,Real Valladolid,Jordi Masip,True,Goalkeeper,1,start,end,1.0,0.0,0.0,0.0,0.0,0.0,0.0,0.0,0.0,0.0,0.0,0.0,0.0,0.0,
ESP-La Liga,1819,2019-04-24 Atlético Madrid-Valencia,Atlético Madrid,Jan Oblak,True,Goalkeeper,1,start,end,1.0,0.0,0.0,0.0,0.0,0.0,0.0,2.0,2.0,0.0,0.0,0.0,0.0,0.0,
ESP-La Liga,1819,2019-04-24 Atlético Madrid-Valencia,Valencia,Neto,False,Goalkeeper,1,start,end,1.0,0.0,0.0,0.0,0.0,0.0,0.0,3.0,3.0,0.0,0.0,0.0,0.0,0.0,
ESP-La Liga,1819,2019-04-24 Espanyol-Celta Vigo,Celta Vigo,Rubén Blanco,False,Goalkeeper,1,start,end,1.0,0.0,0.0,0.0,0.0,0.0,0.0,1.0,1.0,0.0,0.0,0.0,0.0,0.0,
ESP-La Liga,1819,2019-04-24 Espanyol-Celta Vigo,Espanyol,Diego López,True,Goalkeeper,1,start,end,1.0,0.0,0.0,0.0,0.0,0.0,0.0,1.0,5.0,0.0,0.0,0.0,0.0,0.0,
ESP-La Liga,1819,2019-04-24 Leganés-Athletic Club,Athletic Club,Iago Herrerín,False,Goalkeeper,1,start,end,1.0,0.0,0.0,0.0,0.0,0.0,0.0,0.0,1.0,0.0,0.0,0.0,0.0,0.0,
ESP-La Liga,1819,2019-04-24 Leganés-Athletic Club,Leganés,Iván Cuéllar,True,Goalkeeper,1,start,end,1.0,0.0,0.0,0.0,0.0,0.0,0.0,1.0,2.0,0.0,0.0,0.0,0.0,0.0,
ESP-La Liga,1819,2019-04-24 Levante-Real Betis,Levante,Aitor Fernández,True,Goalkeeper,1,start,end,1.0,0.0,0.0,0.0,0.0,0.0,0.0,0.0,2.0,0.0,0.0,0.0,0.0,0.0,
ESP-La Liga,1819,2019-04-24 Levante-Real Betis,Real Betis,Pau López,False,Goalkeeper,1,start,end,1.0,0.0,0.0,0.0,0.0,0.0,0.0,4.0,0.0,0.0,0.0,0.0,0.0,0.0,
ESP-La Liga,1819,2019-04-25 Getafe-Real Madrid,Getafe,David Soria,True,Goalkeeper,1,start,end,1.0,0.0,0.0,0.0,0.0,0.0,0.0,0.0,4.0,0.0,0.0,0.0,0.0,0.0,
ESP-La Liga,1819,2019-04-25 Getafe-Real Madrid,Real Madrid,Keylor Navas,False,Goalkeeper,1,start,end,1.0,0.0,0.0,0.0,0.0,0.0,0.0,0.0,5.0,0.0,0.0,0.0,0.0,0.0,
ESP-La Liga,1819,2019-04-25 Real Sociedad-Villarreal,Real Sociedad,Gerónimo Rulli,True,Goalkeeper,1,start,end,1.0,0.0,0.0,0.0,0.0,0.0,0.0,1.0,2.0,0.0,0.0,0.0,0.0,0.0,
ESP-La Liga,1819,2019-04-25 Real Sociedad-Villarreal,Villarreal,Andrés Fernández,False,Goalkeeper,1,start,end,1.0,0.0,0.0,0.0,0.0,0.0,0.0,0.0,2.0,0.0,0.0,0.0,0.0,0.0,
ESP-La Liga,1819,2019-04-25 Sevilla-Rayo Vallecano,Rayo Vallecano,Alberto García,False,Goalkeeper,1,start,end,1.0,0.0,0.0,0.0,0.0,0.0,0.0,5.0,7.0,0.0,0.0,0.0,0.0,0.0,
ESP-La Liga,1819,2019-04-25 Sevilla-Rayo Vallecano,Sevilla,Tomás Vaclík,True,Goalkeeper,1,start,end,1.0,0.0,0.0,0.0,0.0,0.0,0.0,0.0,3.0,0.0,0.0,0.0,0.0,0.0,
ESP-La Liga,1819,2019-04-27 Athletic Club-Alavés,Alavés,Fernando Pacheco,False,Goalkeeper,1,start,end,1.0,0.0,0.0,0.0,0.0,0.0,0.0,1.0,0.0,0.0,0.0,0.0,0.0,0.0,
ESP-La Liga,1819,2019-04-27 Athletic Club-Alavés,Athletic Club,Iago Herrerín,True,Goalkeeper,1,start,end,1.0,0.0,0.0,0.0,0.0,0.0,0.0,1.0,2.0,0.0,0.0,0.0,0.0,0.0,
ESP-La Liga,1819,2019-04-27 Atlético Madrid-Real Valladolid,Atlético Madrid,Jan Oblak,True,Goalkeeper,1,start,end,1.0,0.0,0.0,0.0,0.0,0.0,0.0,0.0,4.0,0.0,0.0,0.0,0.0,0.0,
ESP-La Liga,1819,2019-04-27 Atlético Madrid-Real Valladolid,Real Valladolid,Jordi Masip,False,Goalkeeper,1,start,end,1.0,0.0,0.0,0.0,0.0,0.0,0.0,1.0,1.0,0.0,0.0,0.0,0.0,0.0,
ESP-La Liga,1819,2019-04-27 Barcelona-Levante,Barcelona,Marc-André ter Stegen,True,Goalkeeper,1,start,end,1.0,0.0,0.0,0.0,0.0,0.0,0.0,0.0,2.0,0.0,0.0,0.0,0.0,0.0,
ESP-La Liga,1819,2019-04-27 Barcelona-Levante,Levante,Aitor Fernández,False,Goalkeeper,1,start,end,1.0,0.0,1.0,0.0,0.0,0.0,0.0,1.0,11.0,0.0,0.0,0.0,0.0,0.0,
ESP-La Liga,1819,2019-04-27 Leganés-Celta Vigo,Celta Vigo,Rubén Blanco,False,Goalkeeper,1,start,end,1.0,0.0,0.0,0.0,0.0,0.0,0.0,0.0,1.0,0.0,0.0,0.0,0.0,0.0,
ESP-La Liga,1819,2019-04-27 Leganés-Celta Vigo,Leganés,Iván Cuéllar,True,Goalkeeper,1,start,end,1.0,0.0,0.0,0.0,0.0,0.0,0.0,0.0,1.0,0.0,0.0,0.0,0.0,0.0,
ESP-La Liga,1819,2019-04-28 Girona-Sevilla,Girona,Yassine Bounou,True,Goalkeeper,1,start,end,1.0,0.0,0.0,0.0,0.0,0.0,0.0,0.0,3.0,0.0,0.0,0.0,0.0,0.0,
ESP-La Liga,1819,2019-04-28 Girona-Sevilla,Sevilla,Tomás Vaclík,False,Goalkeeper,1,start,end,1.0,0.0,0.0,0.0,0.0,0.0,0.0,1.0,3.0,0.0,0.0,0.0,0.0,0.0,
ESP-La Liga,1819,2019-04-28 Rayo Vallecano-Real Madrid,Rayo Vallecano,Alberto García,True,Goalkeeper,1,start,end,1.0,0.0,1.0,0.0,0.0,0.0,0.0,0.0,3.0,0.0,0.0,0.0,0.0,0.0,
ESP-La Liga,1819,2019-04-28 Rayo Vallecano-Real Madrid,Real Madrid,Thibaut Courtois,False,Goalkeeper,1,start,end,1.0,0.0,0.0,0.0,0.0,0.0,0.0,1.0,3.0,0.0,0.0,0.0,0.0,0.0,
ESP-La Liga,1819,2019-04-28 Real Sociedad-Getafe,Getafe,David Soria,False,Goalkeeper,1,start,end,1.0,0.0,0.0,0.0,0.0,0.0,0.0,2.0,5.0,0.0,0.0,0.0,0.0,0.0,
ESP-La Liga,1819,2019-04-28 Real Sociedad-Getafe,Real Sociedad,Gerónimo Rulli,True,Goalkeeper,1,start,end,1.0,0.0,0.0,0.0,0.0,0.0,1.0,1.0,2.0,0.0,0.0,0.0,0.0,0.0,
ESP-La Liga,1819,2019-04-28 Valencia-Eibar,Eibar,Marko Dmitrovic,False,Goalkeeper,1,start,end,1.0,0.0,0.0,0.0,0.0,0.0,0.0,0.0,2.0,0.0,0.0,0.0,0.0,0.0,
ESP-La Liga,1819,2019-04-28 Valencia-Eibar,Valencia,Neto,True,Goalkeeper,1,start,end,1.0,0.0,0.0,0.0,0.0,0.0,0.0,1.0,3.0,0.0,0.0,0.0,0.0,0.0,
ESP-La Liga,1819,2019-04-28 Villarreal-Huesca,Huesca,Roberto Santamaría,False,Goalkeeper,1,start,end,1.0,0.0,1.0,0.0,0.0,0.0,0.0,1.0,4.0,0.0,0.0,0.0,0.0,0.0,
ESP-La Liga,1819,2019-04-28 Villarreal-Huesca,Villarreal,Andrés Fernández,True,Goalkeeper,1,start,end,1.0,0.0,0.0,0.0,0.0,0.0,0.0,1.0,2.0,0.0,0.0,0.0,0.0,0.0,
ESP-La Liga,1819,2019-04-29 Real Betis-Espanyol,Espanyol,Diego López,False,Goalkeeper,1,start,end,1.0,0.0,0.0,0.0,0.0,0.0,0.0,1.0,5.0,0.0,0.0,0.0,0.0,0.0,
ESP-La Liga,1819,2019-04-29 Real Betis-Espanyol,Real Betis,Joel Robles,True,Goalkeeper,1,start,end,1.0,0.0,0.0,0.0,0.0,0.0,0.0,1.0,2.0,0.0,0.0,0.0,0.0,0.0,
ESP-La Liga,1819,2019-05-03 Sevilla-Leganés,Leganés,Iván Cuéllar,False,Goalkeeper,1,start,end,1.0,0.0,0.0,0.0,0.0,0.0,0.0,0.0,3.0,0.0,0.0,0.0,0.0,0.0,
ESP-La Liga,1819,2019-05-03 Sevilla-Leganés,Sevilla,Tomás Vaclík,True,Goalkeeper,1,start,end,1.0,0.0,0.0,0.0,0.0,0.0,0.0,3.0,2.0,0.0,0.0,0.0,0.0,0.0,
ESP-La Liga,1819,2019-05-04 Alavés-Real Sociedad,Alavés,Fernando Pacheco,True,Goalkeeper,1,start,end,1.0,0.0,0.0,0.0,0.0,0.0,0.0,1.0,2.0,0.0,0.0,0.0,0.0,0.0,
ESP-La Liga,1819,2019-05-04 Alavés-Real Sociedad,Real Sociedad,Gerónimo Rulli,False,Goalkeeper,1,start,end,1.0,0.0,0.0,0.0,0.0,0.0,0.0,0.0,6.0,0.0,0.0,0.0,0.0,0.0,
ESP-La Liga,1819,2019-05-04 Celta Vigo-Barcelona,Barcelona,Jasper Cillessen,False,Goalkeeper,1,start,end,1.0,0.0,0.0,0.0,0.0,0.0,0.0,2.0,4.0,0.0,0.0,0.0,0.0,0.0,
ESP-La Liga,1819,2019-05-04 Celta Vigo-Barcelona,Celta Vigo,Rubén Blanco,True,Goalkeeper,1,start,end,1.0,0.0,0.0,0.0,0.0,0.0,0.0,0.0,1.0,0.0,0.0,0.0,0.0,0.0,
ESP-La Liga,1819,2019-05-04 Espanyol-Atlético Madrid,Atlético Madrid,Jan Oblak,False,Goalkeeper,1,start,end,1.0,0.0,0.0,0.0,0.0,0.0,0.0,3.0,3.0,0.0,0.0,0.0,0.0,0.0,
ESP-La Liga,1819,2019-05-04 Espanyol-Atlético Madrid,Espanyol,Diego López,True,Goalkeeper,1,start,end,1.0,0.0,0.0,0.0,0.0,0.0,0.0,0.0,3.0,0.0,0.0,0.0,0.0,0.0,
ESP-La Liga,1819,2019-05-04 Levante-Rayo Vallecano,Levante,Aitor Fernández,True,Goalkeeper,1,start,end,1.0,0.0,0.0,0.0,0.0,0.0,0.0,1.0,2.0,0.0,0.0,0.0,0.0,0.0,
ESP-La Liga,1819,2019-05-04 Levante-Rayo Vallecano,Rayo Vallecano,Alberto García,False,Goalkeeper,1,start,end,1.0,0.0,0.0,0.0,0.0,0.0,0.0,4.0,3.0,0.0,0.0,0.0,0.0,0.0,
ESP-La Liga,1819,2019-05-05 Eibar-Real Betis,Eibar,Marko Dmitrovic,True,Goalkeeper,1,start,end,1.0,0.0,0.0,0.0,0.0,0.0,0.0,0.0,6.0,0.0,0.0,0.0,0.0,0.0,
ESP-La Liga,1819,2019-05-05 Eibar-Real Betis,Real Betis,Joel Robles,False,Goalkeeper,1,start,end,1.0,0.0,0.0,0.0,0.0,0.0,0.0,1.0,5.0,0.0,0.0,0.0,0.0,0.0,
ESP-La Liga,1819,2019-05-05 Getafe-Girona,Getafe,David Soria,True,Goalkeeper,1,start,end,1.0,0.0,0.0,0.0,0.0,0.0,0.0,0.0,2.0,0.0,0.0,0.0,0.0,0.0,
ESP-La Liga,1819,2019-05-05 Getafe-Girona,Girona,Yassine Bounou,False,Goalkeeper,1,start,end,1.0,0.0,0.0,0.0,0.0,0.0,0.0,2.0,6.0,0.0,0.0,0.0,0.0,0.0,
ESP-La Liga,1819,2019-05-05 Huesca-Valencia,Huesca,Roberto Santamaría,True,Goalkeeper,1,start,end,1.0,0.0,0.0,0.0,0.0,0.0,0.0,6.0,2.0,0.0,0.0,0.0,0.0,0.0,
ESP-La Liga,1819,2019-05-05 Huesca-Valencia,Valencia,Neto,False,Goalkeeper,1,start,end,1.0,0.0,0.0,0.0,0.0,0.0,0.0,2.0,2.0,0.0,0.0,0.0,0.0,0.0,
ESP-La Liga,1819,2019-05-05 Real Madrid-Villarreal,Real Madrid,Thibaut Courtois,True,Goalkeeper,1,start,end,1.0,0.0,0.0,0.0,0.0,0.0,0.0,2.0,5.0,0.0,0.0,0.0,0.0,0.0,
ESP-La Liga,1819,2019-05-05 Real Madrid-Villarreal,Villarreal,Andrés Fernández,False,Goalkeeper,1,start,end,1.0,0.0,0.0,0.0,0.0,0.0,0.0,3.0,8.0,0.0,0.0,0.0,0.0,0.0,
ESP-La Liga,1819,2019-05-05 Real Valladolid-Athletic Club,Athletic Club,Iago Herrerín,False,Goalkeeper,1,start,end,1.0,0.0,0.0,0.0,0.0,0.0,0.0,1.0,2.0,0.0,0.0,0.0,0.0,0.0,
ESP-La Liga,1819,2019-05-05 Real Valladolid-Athletic Club,Real Valladolid,Jordi Masip,True,Goalkeeper,1,start,end,1.0,0.0,1.0,0.0,0.0,0.0,0.0,0.0,1.0,0.0,0.0,0.0,0.0,0.0,
ESP-La Liga,1819,2019-05-12 Athletic Club-Celta Vigo,Athletic Club,Iago Herrerín,True,Goalkeeper,1,start,end,1.0,0.0,0.0,0.0,0.0,0.0,0.0,1.0,1.0,0.0,0.0,0.0,0.0,0.0,
ESP-La Liga,1819,2019-05-12 Athletic Club-Celta Vigo,Celta Vigo,Rubén Blanco,False,Goalkeeper,1,start,end,1.0,0.0,0.0,0.0,0.0,0.0,0.0,3.0,1.0,0.0,0.0,0.0,0.0,0.0,
ESP-La Liga,1819,2019-05-12 Atlético Madrid-Sevilla,Atlético Madrid,Jan Oblak,True,Goalkeeper,1,start,end,1.0,0.0,0.0,0.0,0.0,0.0,0.0,1.0,4.0,0.0,0.0,0.0,0.0,0.0,
ESP-La Liga,1819,2019-05-12 Atlético Madrid-Sevilla,Sevilla,Tomás Vaclík,False,Goalkeeper,1,start,end,1.0,0.0,0.0,0.0,0.0,0.0,0.0,1.0,3.0,0.0,0.0,0.0,0.0,0.0,
ESP-La Liga,1819,2019-05-12 Barcelona-Getafe,Barcelona,Jasper Cillessen,True,Goalkeeper,1,start,end,1.0,0.0,0.0,0.0,0.0,0.0,0.0,0.0,0.0,0.0,0.0,0.0,0.0,0.0,
ESP-La Liga,1819,2019-05-12 Barcelona-Getafe,Getafe,David Soria,False,Goalkeeper,1,start,end,1.0,0.0,0.0,0.0,0.0,0.0,0.0,2.0,7.0,0.0,0.0,0.0,0.0,0.0,
ESP-La Liga,1819,2019-05-12 Girona-Levante,Girona,Yassine Bounou,True,Goalkeeper,1,start,end,1.0,0.0,0.0,0.0,0.0,0.0,0.0,2.0,1.0,0.0,0.0,0.0,0.0,0.0,
ESP-La Liga,1819,2019-05-12 Girona-Levante,Levante,Aitor Fernández,False,Goalkeeper,1,start,end,1.0,0.0,0.0,0.0,0.0,0.0,0.0,1.0,5.0,0.0,0.0,0.0,0.0,0.0,
ESP-La Liga,1819,2019-05-12 Leganés-Espanyol,Espanyol,Diego López,False,Goalkeeper,1,start,end,1.0,0.0,0.0,0.0,0.0,0.0,0.0,0.0,4.0,0.0,0.0,0.0,0.0,0.0,
ESP-La Liga,1819,2019-05-12 Leganés-Espanyol,Leganés,Andriy Lunin,True,Goalkeeper,1,start,end,1.0,0.0,0.0,0.0,0.0,0.0,0.0,2.0,5.0,0.0,0.0,0.0,0.0,0.0,
ESP-La Liga,1819,2019-05-12 Rayo Vallecano-Real Valladolid,Rayo Vallecano,Stole Dimitrievski,True,Goalkeeper,1,start,end,1.0,0.0,0.0,0.0,0.0,0.0,0.0,2.0,4.0,0.0,0.0,0.0,0.0,0.0,
ESP-La Liga,1819,2019-05-12 Rayo Vallecano-Real Valladolid,Real Valladolid,Jordi Masip,False,Goalkeeper,1,start,end,1.0,0.0,0.0,0.0,0.0,0.0,0.0,1.0,4.0,0.0,0.0,0.0,0.0,0.0,
ESP-La Liga,1819,2019-05-12 Real Betis-Huesca,Huesca,Aleksandar Jovanovic,False,Goalkeeper,1,start,end,1.0,0.0,0.0,0.0,0.0,0.0,0.0,2.0,6.0,0.0,0.0,0.0,0.0,0.0,
ESP-La Liga,1819,2019-05-12 Real Betis-Huesca,Real Betis,Joel Robles,True,Goalkeeper,1,start,end,1.0,0.0,0.0,0.0,0.0,0.0,0.0,1.0,1.0,0.0,0.0,0.0,0.0,0.0,
ESP-La Liga,1819,2019-05-12 Real Sociedad-Real Madrid,Real Madrid,Thibaut Courtois,False,Goalkeeper,1,start,end,1.0,0.0,0.0,0.0,0.0,0.0,0.0,3.0,4.0,0.0,0.0,0.0,0.0,0.0,
ESP-La Liga,1819,2019-05-12 Real Sociedad-Real Madrid,Real Sociedad,Gerónimo Rulli,True,Goalkeeper,1,start,end,1.0,0.0,0.0,0.0,0.0,0.0,0.0,1.0,1.0,0.0,0.0,0.0,0.0,0.0,
ESP-La Liga,1819,2019-05-12 Valencia-Alavés,Alavés,Fernando Pacheco,False,Goalkeeper,1,start,end,1.0,0.0,0.0,0.0,0.0,0.0,0.0,3.0,1.0,0.0,0.0,0.0,0.0,0.0,
ESP-La Liga,1819,2019-05-12 Valencia-Alavés,Valencia,Jaume Doménech,True,Goalkeeper,1,start,end,1.0,0.0,0.0,0.0,0.0,0.0,0.0,1.0,2.0,0.0,0.0,0.0,0.0,0.0,
ESP-La Liga,1819,2019-05-12 Villarreal-Eibar,Eibar,Marko Dmitrovic,False,Goalkeeper,1,start,end,1.0,0.0,0.0,0.0,0.0,0.0,0.0,1.0,2.0,0.0,0.0,0.0,0.0,0.0,
ESP-La Liga,1819,2019-05-12 Villarreal-Eibar,Villarreal,Andrés Fernández,True,Goalkeeper,1,start,end,1.0,0.0,0.0,0.0,0.0,0.0,0.0,0.0,0.0,0.0,0.0,0.0,0.0,0.0,
ESP-La Liga,1819,2019-05-18 Alavés-Girona,Alavés,Antonio Sivera,True,Goalkeeper,1,start,end,1.0,0.0,0.0,0.0,0.0,0.0,0.0,1.0,3.0,0.0,0.0,0.0,0.0,0.0,
ESP-La Liga,1819,2019-05-18 Alavés-Girona,Girona,Gorka Iraizoz,False,Goalkeeper,1,start,end,1.0,0.0,0.0,0.0,0.0,0.0,0.0,2.0,5.0,0.0,0.0,0.0,0.0,0.0,
ESP-La Liga,1819,2019-05-18 Celta Vigo-Rayo Vallecano,Celta Vigo,Rubén Blanco,True,Goalkeeper,1,start,end,1.0,0.0,0.0,0.0,0.0,0.0,0.0,2.0,2.0,0.0,0.0,0.0,0.0,0.0,
ESP-La Liga,1819,2019-05-18 Celta Vigo-Rayo Vallecano,Rayo Vallecano,Stole Dimitrievski,False,Goalkeeper,1,start,end,1.0,0.0,0.0,0.0,0.0,0.0,1.0,2.0,3.0,0.0,0.0,0.0,0.0,0.0,
ESP-La Liga,1819,2019-05-18 Espanyol-Real Sociedad,Espanyol,Diego López,True,Goalkeeper,1,start,end,1.0,0.0,0.0,0.0,0.0,0.0,0.0,0.0,2.0,0.0,0.0,0.0,0.0,0.0,
ESP-La Liga,1819,2019-05-18 Espanyol-Real Sociedad,Real Sociedad,Gerónimo Rulli,False,Goalkeeper,1,start,end,1.0,0.0,0.0,0.0,0.0,0.0,0.0,2.0,2.0,0.0,0.0,0.0,0.0,0.0,
ESP-La Liga,1819,2019-05-18 Getafe-Villarreal,Getafe,David Soria,True,Goalkeeper,1,start,end,1.0,0.0,0.0,0.0,0.0,0.0,0.0,2.0,2.0,0.0,0.0,0.0,0.0,0.0,
ESP-La Liga,1819,2019-05-18 Getafe-Villarreal,Villarreal,Andrés Fernández,False,Goalkeeper,1,start,end,1.0,0.0,0.0,0.0,0.0,0.0,1.0,2.0,3.0,0.0,0.0,0.0,0.0,0.0,
ESP-La Liga,1819,2019-05-18 Huesca-Leganés,Huesca,Aleksandar Jovanovic,True,Goalkeeper,1,start,end,1.0,0.0,1.0,0.0,0.0,0.0,0.0,1.0,1.0,0.0,0.0,0.0,0.0,0.0,
ESP-La Liga,1819,2019-05-18 Huesca-Leganés,Leganés,Andriy Lunin,False,Goalkeeper,1,start,end,1.0,0.0,0.0,0.0,0.0,0.0,0.0,2.0,4.0,0.0,0.0,0.0,0.0,0.0,
ESP-La Liga,1819,2019-05-18 Levante-Atlético Madrid,Atlético Madrid,Antonio Adán,False,Goalkeeper,1,start,end,1.0,0.0,0.0,0.0,0.0,0.0,0.0,2.0,5.0,0.0,0.0,0.0,0.0,0.0,
ESP-La Liga,1819,2019-05-18 Levante-Atlético Madrid,Levante,Koke Vegas,True,Goalkeeper,1,start,end,1.0,0.0,0.0,0.0,0.0,0.0,0.0,2.0,6.0,0.0,0.0,0.0,0.0,0.0,
ESP-La Liga,1819,2019-05-18 Real Valladolid-Valencia,Real Valladolid,Yoel,True,Goalkeeper,1,start,end,1.0,0.0,0.0,0.0,0.0,0.0,0.0,2.0,4.0,0.0,0.0,0.0,0.0,0.0,
ESP-La Liga,1819,2019-05-18 Real Valladolid-Valencia,Valencia,Jaume Doménech,False,Goalkeeper,1,start,end,1.0,0.0,0.0,0.0,0.0,0.0,0.0,0.0,4.0,0.0,0.0,0.0,0.0,0.0,
ESP-La Liga,1819,2019-05-18 Sevilla-Athletic Club,Athletic Club,Iago Herrerín,False,Goalkeeper,1,start,end,1.0,0.0,0.0,0.0,0.0,0.0,0.0,2.0,2.0,0.0,0.0,0.0,0.0,0.0,
ESP-La Liga,1819,2019-05-18 Sevilla-Athletic Club,Sevilla,Tomás Vaclík,True,Goalkeeper,1,start,end,1.0,0.0,0.0,0.0,0.0,0.0,0.0,0.0,1.0,0.0,0.0,0.0,0.0,0.0,
ESP-La Liga,1819,2019-05-19 Eibar-Barcelona,Barcelona,Jasper Cillessen,False,Goalkeeper,1,start,end,1.0,0.0,0.0,0.0,0.0,0.0,0.0,2.0,6.0,0.0,0.0,0.0,0.0,0.0,
ESP-La Liga,1819,2019-05-19 Eibar-Barcelona,Eibar,Marko Dmitrovic,True,Goalkeeper,1,start,end,1.0,0.0,0.0,0.0,0.0,0.0,0.0,2.0,1.0,0.0,0.0,0.0,0.0,0.0,
ESP-La Liga,1819,2019-05-19 Real Madrid-Real Betis,Real Betis,Pau López,False,Goalkeeper,1,start,end,1.0,0.0,1.0,0.0,0.0,0.0,0.0,0.0,2.0,0.0,0.0,0.0,0.0,0.0,
ESP-La Liga,1819,2019-05-19 Real Madrid-Real Betis,Real Madrid,Keylor Navas,True,Goalkeeper,1,start,end,1.0,0.0,0.0,0.0,0.0,0.0,0.0,2.0,5.0,0.0,0.0,0.0,0.0,0.0,
