league,season,game,team,player,is_home,position,formation_place,sub_in,sub_out,appearances,fouls_committed,fouls_suffered,own_goals,red_cards,sub_ins,yellow_cards,goals_conceded,saves,shots_faced,goal_assists,shots_on_target,total_goals,total_shots,offsides
ESP-La Liga,2526,2025-08-15 Girona-Rayo Vallecano,Girona,Paulo Gazzaniga,True,Goalkeeper,1,start,end,1.0,1.0,0.0,0.0,1.0,0.0,0.0,2.0,0.0,0.0,0.0,0.0,0.0,0.0,
ESP-La Liga,2526,2025-08-15 Girona-Rayo Vallecano,Rayo Vallecano,Augusto Batalla,False,Goalkeeper,1,start,end,1.0,0.0,0.0,0.0,0.0,0.0,0.0,1.0,1.0,0.0,0.0,0.0,0.0,0.0,
ESP-La Liga,2526,2025-08-15 Villarreal-Real Oviedo,Real Oviedo,Aarón Escandell,False,Goalkeeper,1,start,end,1.0,0.0,0.0,0.0,0.0,0.0,0.0,2.0,8.0,0.0,0.0,0.0,0.0,0.0,
ESP-La Liga,2526,2025-08-15 Villarreal-Real Oviedo,Villarreal,Luiz Júnior,True,Goalkeeper,1,start,end,1.0,1.0,0.0,0.0,0.0,0.0,1.0,0.0,4.0,0.0,0.0,0.0,0.0,0.0,
ESP-La Liga,2526,2025-08-16 Alavés-Levante,Alavés,Antonio Sivera,True,Goalkeeper,1,start,end,1.0,0.0,0.0,0.0,0.0,0.0,0.0,1.0,2.0,0.0,0.0,0.0,0.0,0.0,
ESP-La Liga,2526,2025-08-16 Alavés-Levante,Levante,Pablo Cuñat,False,Goalkeeper,1,start,end,1.0,0.0,0.0,0.0,0.0,0.0,0.0,2.0,2.0,0.0,0.0,0.0,0.0,0.0,
ESP-La Liga,2526,2025-08-16 Mallorca-Barcelona,Barcelona,Joan García,False,Goalkeeper,1,start,end,1.0,0.0,1.0,0.0,0.0,0.0,0.0,0.0,1.0,0.0,0.0,0.0,0.0,0.0,
ESP-La Liga,2526,2025-08-16 Mallorca-Barcelona,Mallorca,Leo Román,True,Goalkeeper,1,start,end,1.0,0.0,0.0,0.0,0.0,0.0,0.0,3.0,5.0,0.0,0.0,0.0,0.0,0.0,
ESP-La Liga,2526,2025-08-16 Valencia-Real Sociedad,Real Sociedad,Álex Remiro,False,Goalkeeper,1,start,end,1.0,0.0,0.0,0.0,0.0,0.0,0.0,1.0,1.0,0.0,0.0,0.0,0.0,0.0,
ESP-La Liga,2526,2025-08-16 Valencia-Real Sociedad,Valencia,Julen Agirrezabala,True,Goalkeeper,1,start,end,1.0,0.0,0.0,0.0,0.0,0.0,0.0,1.0,2.0,0.0,0.0,0.0,0.0,0.0,
ESP-La Liga,2526,2025-08-17 Athletic Club-Sevilla,Athletic Club,Unai Simón,True,Goalkeeper,1,start,end,1.0,0.0,0.0,0.0,0.0,0.0,0.0,2.0,4.0,0.0,0.0,0.0,0.0,0.0,
ESP-La Liga,2526,2025-08-17 Athletic Club-Sevilla,Sevilla,Ørjan Nyland,False,Goalkeeper,1,start,end,1.0,0.0,0.0,0.0,0.0,0.0,0.0,3.0,0.0,0.0,0.0,0.0,0.0,0.0,
ESP-La Liga,2526,2025-08-17 Celta Vigo-Getafe,Celta Vigo,Andrei Radu,True,Goalkeeper,1,start,end,1.0,0.0,0.0,0.0,0.0,0.0,0.0,2.0,1.0,0.0,0.0,0.0,0.0,0.0,
ESP-La Liga,2526,2025-08-17 Celta Vigo-Getafe,Getafe,David Soria,False,Goalkeeper,1,start,end,1.0,0.0,0.0,0.0,0.0,0.0,1.0,0.0,4.0,0.0,0.0,0.0,0.0,0.0,
ESP-La Liga,2526,2025-08-17 Espanyol-Atlético Madrid,Atlético Madrid,Jan Oblak,False,Goalkeeper,1,start,end,1.0,0.0,0.0,0.0,0.0,0.0,0.0,2.0,3.0,0.0,0.0,0.0,0.0,0.0,
ESP-La Liga,2526,2025-08-17 Espanyol-Atlético Madrid,Espanyol,Marko Dmitrovic,True,Goalkeeper,1,start,end,1.0,0.0,0.0,0.0,0.0,0.0,0.0,1.0,3.0,0.0,0.0,0.0,0.0,0.0,
ESP-La Liga,2526,2025-08-18 Elche-Real Betis,Elche,Matías Dituro,True,Goalkeeper,1,start,end,1.0,0.0,0.0,0.0,0.0,0.0,0.0,1.0,3.0,0.0,0.0,0.0,0.0,0.0,
ESP-La Liga,2526,2025-08-18 Elche-Real Betis,Real Betis,Pau López,False,Goalkeeper,1,start,end,1.0,0.0,0.0,0.0,0.0,0.0,0.0,1.0,1.0,0.0,0.0,0.0,0.0,0.0,
ESP-La Liga,2526,2025-08-19 Real Madrid-Osasuna,Osasuna,Sergio Herrera,False,Goalkeeper,1,start,end,1.0,0.0,0.0,0.0,0.0,0.0,0.0,1.0,4.0,0.0,0.0,0.0,0.0,0.0,
ESP-La Liga,2526,2025-08-19 Real Madrid-Osasuna,Real Madrid,Thibaut Courtois,True,Goalkeeper,1,start,end,1.0,0.0,0.0,0.0,0.0,0.0,0.0,0.0,0.0,0.0,0.0,0.0,0.0,0.0,
ESP-La Liga,2526,2025-08-22 Real Betis-Alavés,Alavés,Antonio Sivera,False,Goalkeeper,1,start,end,1.0,0.0,0.0,0.0,0.0,0.0,0.0,1.0,5.0,0.0,0.0,0.0,0.0,0.0,
ESP-La Liga,2526,2025-08-22 Real Betis-Alavés,Real Betis,Pau López,True,Goalkeeper,1,start,end,1.0,0.0,0.0,0.0,0.0,0.0,0.0,0.0,5.0,0.0,0.0,0.0,0.0,0.0,
ESP-La Liga,2526,2025-08-23 Atlético Madrid-Elche,Atlético Madrid,Jan Oblak,True,Goalkeeper,1,start,end,1.0,0.0,0.0,0.0,0.0,0.0,0.0,1.0,1.0,0.0,0.0,0.0,0.0,0.0,
ESP-La Liga,2526,2025-08-23 Atlético Madrid-Elche,Elche,Matías Dituro,False,Goalkeeper,1,start,end,1.0,0.0,0.0,0.0,0.0,0.0,1.0,1.0,5.0,0.0,0.0,0.0,0.0,0.0,
ESP-La Liga,2526,2025-08-23 Levante-Barcelona,Barcelona,Joan García,False,Goalkeeper,1,start,end,1.0,0.0,0.0,0.0,0.0,0.0,0.0,2.0,3.0,0.0,0.0,0.0,0.0,0.0,
ESP-La Liga,2526,2025-08-23 Levante-Barcelona,Levante,Pablo Cuñat,True,Goalkeeper,1,start,end,1.0,0.0,0.0,0.0,0.0,0.0,0.0,3.0,9.0,0.0,0.0,0.0,0.0,0.0,
ESP-La Liga,2526,2025-08-23 Mallorca-Celta Vigo,Celta Vigo,Andrei Radu,False,Goalkeeper,1,start,end,1.0,0.0,0.0,0.0,0.0,0.0,0.0,1.0,3.0,0.0,0.0,0.0,0.0,0.0,
ESP-La Liga,2526,2025-08-23 Mallorca-Celta Vigo,Mallorca,Leo Román,True,Goalkeeper,1,start,end,1.0,0.0,0.0,0.0,0.0,0.0,0.0,1.0,1.0,0.0,0.0,0.0,0.0,0.0,
ESP-La Liga,2526,2025-08-24 Osasuna-Valencia,Osasuna,Sergio Herrera,True,Goalkeeper,1,start,end,1.0,0.0,0.0,0.0,0.0,0.0,0.0,0.0,1.0,0.0,0.0,0.0,0.0,0.0,
ESP-La Liga,2526,2025-08-24 Osasuna-Valencia,Valencia,Julen Agirrezabala,False,Goalkeeper,1,start,end,1.0,0.0,0.0,0.0,0.0,0.0,0.0,1.0,3.0,0.0,0.0,0.0,0.0,0.0,
ESP-La Liga,2526,2025-08-24 Real Oviedo-Real Madrid,Real Madrid,Thibaut Courtois,False,Goalkeeper,1,start,end,1.0,0.0,0.0,0.0,0.0,0.0,0.0,0.0,3.0,0.0,0.0,0.0,0.0,0.0,
ESP-La Liga,2526,2025-08-24 Real Oviedo-Real Madrid,Real Oviedo,Aarón Escandell,True,Goalkeeper,1,start,end,1.0,0.0,1.0,0.0,0.0,0.0,0.0,3.0,8.0,0.0,0.0,0.0,0.0,0.0,
ESP-La Liga,2526,2025-08-24 Real Sociedad-Espanyol,Espanyol,Marko Dmitrovic,False,Goalkeeper,1,start,end,1.0,0.0,1.0,0.0,0.0,0.0,0.0,2.0,5.0,0.0,0.0,0.0,0.0,0.0,
ESP-La Liga,2526,2025-08-24 Real Sociedad-Espanyol,Real Sociedad,Álex Remiro,True,Goalkeeper,1,start,end,1.0,0.0,0.0,0.0,0.0,0.0,0.0,2.0,1.0,0.0,0.0,0.0,0.0,0.0,
ESP-La Liga,2526,2025-08-24 Villarreal-Girona,Girona,Vladyslav Krapyvtsov,False,Goalkeeper,1,start,end,1.0,0.0,0.0,0.0,0.0,0.0,0.0,5.0,2.0,0.0,0.0,0.0,0.0,0.0,
ESP-La Liga,2526,2025-08-24 Villarreal-Girona,Villarreal,Luiz Júnior,True,Goalkeeper,1,start,end,1.0,0.0,0.0,0.0,0.0,0.0,0.0,0.0,2.0,0.0,0.0,0.0,0.0,0.0,
ESP-La Liga,2526,2025-08-25 Athletic Club-Rayo Vallecano,Athletic Club,Unai Simón,True,Goalkeeper,1,start,end,1.0,0.0,1.0,0.0,0.0,0.0,0.0,0.0,1.0,0.0,0.0,0.0,0.0,0.0,
ESP-La Liga,2526,2025-08-25 Athletic Club-Rayo Vallecano,Rayo Vallecano,Augusto Batalla,False,Goalkeeper,1,start,end,1.0,0.0,1.0,0.0,0.0,0.0,0.0,1.0,3.0,0.0,0.0,0.0,0.0,0.0,
ESP-La Liga,2526,2025-08-25 Sevilla-Getafe,Getafe,David Soria,False,Goalkeeper,1,start,end,1.0,0.0,0.0,0.0,0.0,0.0,0.0,1.0,3.0,0.0,0.0,0.0,0.0,0.0,
ESP-La Liga,2526,2025-08-25 Sevilla-Getafe,Sevilla,Ørjan Nyland,True,Goalkeeper,1,start,end,1.0,0.0,0.0,0.0,0.0,0.0,0.0,2.0,4.0,0.0,0.0,0.0,0.0,0.0,
ESP-La Liga,2526,2025-08-27 Celta Vigo-Real Betis,Celta Vigo,Andrei Radu,True,Goalkeeper,1,start,end,1.0,0.0,0.0,0.0,0.0,0.0,0.0,1.0,0.0,0.0,0.0,0.0,0.0,0.0,
ESP-La Liga,2526,2025-08-27 Celta Vigo-Real Betis,Real Betis,Álvaro Valles,False,Goalkeeper,1,start,end,1.0,0.0,0.0,0.0,0.0,0.0,0.0,1.0,4.0,0.0,0.0,0.0,0.0,0.0,
ESP-La Liga,2526,2025-08-29 Elche-Levante,Elche,Matías Dituro,True,Goalkeeper,1,start,end,1.0,0.0,0.0,0.0,0.0,0.0,0.0,0.0,1.0,0.0,0.0,0.0,0.0,0.0,
ESP-La Liga,2526,2025-08-29 Elche-Levante,Levante,Mathew Ryan,False,Goalkeeper,1,start,end,1.0,0.0,0.0,0.0,0.0,0.0,0.0,2.0,3.0,0.0,0.0,0.0,0.0,0.0,
ESP-La Liga,2526,2025-08-29 Valencia-Getafe,Getafe,David Soria,False,Goalkeeper,1,start,end,1.0,0.0,0.0,0.0,0.0,0.0,0.0,3.0,1.0,0.0,0.0,0.0,0.0,0.0,
ESP-La Liga,2526,2025-08-29 Valencia-Getafe,Valencia,Julen Agirrezabala,True,Goalkeeper,1,start,end,1.0,0.0,0.0,0.0,0.0,0.0,0.0,0.0,1.0,0.0,0.0,0.0,0.0,0.0,
ESP-La Liga,2526,2025-08-30 Alavés-Atlético Madrid,Alavés,Antonio Sivera,True,Goalkeeper,1,start,end,1.0,0.0,0.0,0.0,0.0,0.0,0.0,1.0,5.0,0.0,0.0,0.0,0.0,0.0,
ESP-La Liga,2526,2025-08-30 Alavés-Atlético Madrid,Atlético Madrid,Jan Oblak,False,Goalkeeper,1,start,end,1.0,0.0,0.0,0.0,0.0,0.0,0.0,1.0,1.0,0.0,0.0,0.0,0.0,0.0,
ESP-La Liga,2526,2025-08-30 Girona-Sevilla,Girona,Paulo Gazzaniga,True,Goalkeeper,1,start,end,1.0,0.0,0.0,0.0,0.0,0.0,0.0,2.0,2.0,0.0,0.0,0.0,0.0,0.0,
ESP-La Liga,2526,2025-08-30 Girona-Sevilla,Sevilla,Ørjan Nyland,False,Goalkeeper,1,start,end,1.0,0.0,0.0,0.0,0.0,0.0,1.0,0.0,5.0,0.0,0.0,0.0,0.0,0.0,
ESP-La Liga,2526,2025-08-30 Real Madrid-Mallorca,Mallorca,Leo Román,False,Goalkeeper,1,start,end,1.0,0.0,0.0,0.0,0.0,0.0,0.0,2.0,5.0,0.0,0.0,0.0,0.0,0.0,
ESP-La Liga,2526,2025-08-30 Real Madrid-Mallorca,Real Madrid,Thibaut Courtois,True,Goalkeeper,1,start,end,1.0,0.0,0.0,0.0,0.0,0.0,0.0,1.0,2.0,0.0,0.0,0.0,0.0,0.0,
ESP-La Liga,2526,2025-08-30 Real Oviedo-Real Sociedad,Real Oviedo,Aarón Escandell,True,Goalkeeper,1,start,end,1.0,0.0,0.0,0.0,0.0,0.0,0.0,0.0,6.0,0.0,0.0,0.0,0.0,0.0,
ESP-La Liga,2526,2025-08-30 Real Oviedo-Real Sociedad,Real Sociedad,Álex Remiro,False,Goalkeeper,1,start,end,1.0,0.0,0.0,0.0,0.0,0.0,0.0,1.0,0.0,0.0,0.0,0.0,0.0,0.0,
ESP-La Liga,2526,2025-08-31 Celta Vigo-Villarreal,Celta Vigo,Andrei Radu,True,Goalkeeper,1,start,end,1.0,0.0,2.0,0.0,0.0,0.0,0.0,1.0,2.0,0.0,0.0,0.0,0.0,0.0,
ESP-La Liga,2526,2025-08-31 Celta Vigo-Villarreal,Villarreal,Luiz Júnior,False,Goalkeeper,1,start,end,1.0,0.0,0.0,0.0,0.0,0.0,0.0,1.0,2.0,0.0,0.0,0.0,0.0,0.0,
ESP-La Liga,2526,2025-08-31 Espanyol-Osasuna,Espanyol,Marko Dmitrovic,True,Goalkeeper,1,start,end,1.0,0.0,0.0,0.0,0.0,0.0,0.0,0.0,3.0,0.0,0.0,0.0,0.0,0.0,
ESP-La Liga,2526,2025-08-31 Espanyol-Osasuna,Osasuna,Sergio Herrera,False,Goalkeeper,1,start,end,1.0,0.0,0.0,0.0,0.0,0.0,0.0,1.0,3.0,0.0,0.0,0.0,0.0,0.0,
ESP-La Liga,2526,2025-08-31 Rayo Vallecano-Barcelona,Barcelona,Joan García,False,Goalkeeper,1,start,end,1.0,0.0,0.0,0.0,0.0,0.0,0.0,1.0,5.0,0.0,0.0,0.0,0.0,0.0,
ESP-La Liga,2526,2025-08-31 Rayo Vallecano-Barcelona,Rayo Vallecano,Augusto Batalla,True,Goalkeeper,1,start,end,1.0,0.0,0.0,0.0,0.0,0.0,1.0,1.0,2.0,0.0,0.0,0.0,0.0,0.0,
ESP-La Liga,2526,2025-08-31 Real Betis-Athletic Club,Athletic Club,Unai Simón,False,Goalkeeper,1,start,end,1.0,0.0,0.0,0.0,0.0,0.0,0.0,1.0,1.0,0.0,0.0,0.0,0.0,0.0,
ESP-La Liga,2526,2025-08-31 Real Betis-Athletic Club,Real Betis,Álvaro Valles,True,Goalkeeper,1,start,end,1.0,0.0,0.0,0.0,0.0,0.0,0.0,2.0,5.0,0.0,0.0,0.0,0.0,0.0,
ESP-La Liga,2526,2025-09-12 Sevilla-Elche,Elche,Matías Dituro,False,Goalkeeper,1,start,end,1.0,0.0,1.0,0.0,0.0,0.0,0.0,2.0,1.0,0.0,0.0,0.0,0.0,0.0,
ESP-La Liga,2526,2025-09-12 Sevilla-Elche,Sevilla,Ørjan Nyland,True,Goalkeeper,1,start,end,1.0,0.0,0.0,0.0,0.0,0.0,0.0,2.0,0.0,0.0,0.0,0.0,0.0,0.0,
ESP-La Liga,2526,2025-09-13 Athletic Club-Alavés,Alavés,Antonio Sivera,False,Goalkeeper,1,start,end,1.0,0.0,0.0,0.0,0.0,0.0,0.0,0.0,3.0,0.0,0.0,0.0,0.0,0.0,
ESP-La Liga,2526,2025-09-13 Athletic Club-Alavés,Athletic Club,Unai Simón,True,Goalkeeper,1,start,end,1.0,0.0,0.0,0.0,0.0,0.0,0.0,1.0,2.0,0.0,0.0,0.0,0.0,0.0,
ESP-La Liga,2526,2025-09-13 Atlético Madrid-Villarreal,Atlético Madrid,Jan Oblak,True,Goalkeeper,1,start,end,1.0,0.0,1.0,0.0,0.0,0.0,0.0,0.0,1.0,0.0,0.0,0.0,0.0,0.0,
ESP-La Liga,2526,2025-09-13 Atlético Madrid-Villarreal,Villarreal,Luiz Júnior,False,Goalkeeper,1,start,end,1.0,0.0,0.0,0.0,0.0,0.0,0.0,2.0,1.0,0.0,0.0,0.0,0.0,0.0,
ESP-La Liga,2526,2025-09-13 Getafe-Real Oviedo,Getafe,David Soria,True,Goalkeeper,1,start,end,1.0,0.0,0.0,0.0,0.0,0.0,0.0,0.0,1.0,0.0,0.0,0.0,0.0,0.0,
ESP-La Liga,2526,2025-09-13 Getafe-Real Oviedo,Real Oviedo,Aarón Escandell,False,Goalkeeper,1,start,end,1.0,0.0,0.0,0.0,0.0,0.0,0.0,2.0,1.0,0.0,0.0,0.0,0.0,0.0,
ESP-La Liga,2526,2025-09-13 Real Sociedad-Real Madrid,Real Madrid,Thibaut Courtois,False,Goalkeeper,1,start,end,1.0,0.0,0.0,0.0,0.0,0.0,0.0,1.0,3.0,0.0,0.0,0.0,0.0,0.0,
ESP-La Liga,2526,2025-09-13 Real Sociedad-Real Madrid,Real Sociedad,Álex Remiro,True,Goalkeeper,1,start,end,1.0,0.0,0.0,0.0,0.0,0.0,0.0,2.0,4.0,0.0,0.0,0.0,0.0,0.0,
ESP-La Liga,2526,2025-09-14 Barcelona-Valencia,Barcelona,Joan García,True,Goalkeeper,1,start,end,1.0,0.0,0.0,0.0,0.0,0.0,0.0,0.0,1.0,0.0,0.0,0.0,0.0,0.0,
ESP-La Liga,2526,2025-09-14 Barcelona-Valencia,Valencia,Julen Agirrezabala,False,Goalkeeper,1,start,end,1.0,0.0,0.0,0.0,0.0,0.0,0.0,6.0,5.0,0.0,0.0,0.0,0.0,0.0,
ESP-La Liga,2526,2025-09-14 Celta Vigo-Girona,Celta Vigo,Andrei Radu,True,Goalkeeper,1,start,end,1.0,0.0,0.0,0.0,0.0,0.0,0.0,1.0,7.0,0.0,0.0,0.0,0.0,0.0,
ESP-La Liga,2526,2025-09-14 Celta Vigo-Girona,Girona,Paulo Gazzaniga,False,Goalkeeper,1,start,end,1.0,0.0,0.0,0.0,0.0,0.0,0.0,1.0,6.0,0.0,0.0,0.0,0.0,0.0,
ESP-La Liga,2526,2025-09-14 Levante-Real Betis,Levante,Mathew Ryan,True,Goalkeeper,1,start,end,1.0,0.0,0.0,0.0,0.0,0.0,1.0,2.0,7.0,0.0,0.0,0.0,0.0,0.0,
ESP-La Liga,2526,2025-09-14 Levante-Real Betis,Real Betis,Álvaro Valles,False,Goalkeeper,1,start,end,1.0,0.0,0.0,0.0,0.0,0.0,0.0,2.0,0.0,0.0,0.0,0.0,0.0,0.0,
ESP-La Liga,2526,2025-09-14 Osasuna-Rayo Vallecano,Osasuna,Sergio Herrera,True,Goalkeeper,1,start,end,1.0,0.0,0.0,0.0,0.0,0.0,0.0,0.0,6.0,0.0,0.0,0.0,0.0,0.0,
ESP-La Liga,2526,2025-09-14 Osasuna-Rayo Vallecano,Rayo Vallecano,Augusto Batalla,False,Goalkeeper,1,start,end,1.0,0.0,0.0,0.0,0.0,0.0,0.0,2.0,4.0,0.0,0.0,0.0,0.0,0.0,
ESP-La Liga,2526,2025-09-15 Espanyol-Mallorca,Espanyol,Marko Dmitrovic,True,Goalkeeper,1,start,end,1.0,0.0,0.0,0.0,0.0,0.0,0.0,2.0,8.0,0.0,0.0,0.0,0.0,0.0,
ESP-La Liga,2526,2025-09-15 Espanyol-Mallorca,Mallorca,Leo Román,False,Goalkeeper,1,start,end,1.0,0.0,0.0,0.0,0.0,0.0,0.0,3.0,0.0,0.0,0.0,0.0,0.0,0.0,
ESP-La Liga,2526,2025-09-19 Real Betis-Real Sociedad,Real Betis,Pau López,True,Goalkeeper,1,start,end,1.0,0.0,0.0,0.0,0.0,0.0,0.0,1.0,4.0,0.0,0.0,0.0,0.0,0.0,
ESP-La Liga,2526,2025-09-19 Real Betis-Real Sociedad,Real Sociedad,Álex Remiro,False,Goalkeeper,1,start,end,1.0,0.0,0.0,1.0,0.0,0.0,0.0,3.0,4.0,0.0,0.0,0.0,0.0,0.0,
ESP-La Liga,2526,2025-09-20 Alavés-Sevilla,Alavés,Antonio Sivera,True,Goalkeeper,1,start,end,1.0,0.0,0.0,0.0,0.0,0.0,0.0,2.0,1.0,0.0,0.0,0.0,0.0,0.0,
ESP-La Liga,2526,2025-09-20 Alavés-Sevilla,Sevilla,Odisseas Vlachodimos,False,Goalkeeper,1,start,end,1.0,0.0,0.0,0.0,0.0,0.0,1.0,1.0,4.0,0.0,0.0,0.0,0.0,0.0,
ESP-La Liga,2526,2025-09-20 Girona-Levante,Girona,Paulo Gazzaniga,True,Goalkeeper,1,start,end,1.0,0.0,1.0,0.0,0.0,0.0,0.0,4.0,2.0,0.0,0.0,0.0,0.0,0.0,
ESP-La Liga,2526,2025-09-20 Girona-Levante,Levante,Mathew Ryan,False,Goalkeeper,1,start,end,1.0,0.0,0.0,0.0,0.0,0.0,0.0,0.0,1.0,0.0,0.0,0.0,0.0,0.0,
ESP-La Liga,2526,2025-09-20 Real Madrid-Espanyol,Espanyol,Marko Dmitrovic,False,Goalkeeper,1,start,end,1.0,0.0,0.0,0.0,0.0,0.0,0.0,2.0,3.0,0.0,0.0,0.0,0.0,0.0,
ESP-La Liga,2526,2025-09-20 Real Madrid-Espanyol,Real Madrid,Thibaut Courtois,True,Goalkeeper,1,start,end,1.0,0.0,0.0,0.0,0.0,0.0,0.0,0.0,1.0,0.0,0.0,0.0,0.0,0.0,
ESP-La Liga,2526,2025-09-20 Valencia-Athletic Club,Athletic Club,Unai Simón,False,Goalkeeper,1,start,end,1.0,0.0,0.0,0.0,0.0,0.0,0.0,2.0,3.0,0.0,0.0,0.0,0.0,0.0,
ESP-La Liga,2526,2025-09-20 Valencia-Athletic Club,Valencia,Julen Agirrezabala,True,Goalkeeper,1,start,end,1.0,0.0,0.0,0.0,0.0,0.0,0.0,0.0,6.0,0.0,0.0,0.0,0.0,0.0,
ESP-La Liga,2526,2025-09-20 Villarreal-Osasuna,Osasuna,Sergio Herrera,False,Goalkeeper,1,start,end,1.0,0.0,0.0,0.0,0.0,0.0,0.0,2.0,6.0,0.0,0.0,0.0,0.0,0.0,
ESP-La Liga,2526,2025-09-20 Villarreal-Osasuna,Villarreal,Luiz Júnior,True,Goalkeeper,1,start,end,1.0,0.0,0.0,0.0,0.0,0.0,0.0,1.0,2.0,0.0,0.0,0.0,0.0,0.0,
ESP-La Liga,2526,2025-09-21 Barcelona-Getafe,Barcelona,Joan García,True,Goalkeeper,1,start,end,1.0,0.0,0.0,0.0,0.0,0.0,0.0,0.0,2.0,0.0,0.0,0.0,0.0,0.0,
ESP-La Liga,2526,2025-09-21 Barcelona-Getafe,Getafe,David Soria,False,Goalkeeper,1,start,end,1.0,0.0,0.0,0.0,0.0,0.0,0.0,3.0,4.0,0.0,0.0,0.0,0.0,0.0,
ESP-La Liga,2526,2025-09-21 Elche-Real Oviedo,Elche,Iñaki Peña,True,Goalkeeper,1,start,end,1.0,0.0,0.0,0.0,0.0,0.0,0.0,0.0,4.0,0.0,0.0,0.0,0.0,0.0,
ESP-La Liga,2526,2025-09-21 Elche-Real Oviedo,Real Oviedo,Aarón Escandell,False,Goalkeeper,1,start,end,1.0,0.0,0.0,0.0,0.0,0.0,0.0,1.0,4.0,0.0,0.0,0.0,0.0,0.0,
ESP-La Liga,2526,2025-09-21 Mallorca-Atlético Madrid,Atlético Madrid,Jan Oblak,False,Goalkeeper,1,start,end,1.0,0.0,0.0,0.0,0.0,0.0,0.0,1.0,2.0,0.0,0.0,0.0,0.0,0.0,
ESP-La Liga,2526,2025-09-21 Mallorca-Atlético Madrid,Mallorca,Leo Román,True,Goalkeeper,1,start,end,1.0,0.0,0.0,0.0,0.0,0.0,0.0,1.0,6.0,0.0,0.0,0.0,0.0,0.0,
ESP-La Liga,2526,2025-09-21 Rayo Vallecano-Celta Vigo,Celta Vigo,Andrei Radu,False,Goalkeeper,1,start,end,1.0,0.0,1.0,0.0,0.0,0.0,0.0,1.0,4.0,0.0,0.0,0.0,0.0,0.0,
ESP-La Liga,2526,2025-09-21 Rayo Vallecano-Celta Vigo,Rayo Vallecano,Augusto Batalla,True,Goalkeeper,1,start,end,1.0,0.0,0.0,0.0,0.0,0.0,0.0,1.0,4.0,0.0,0.0,0.0,0.0,0.0,
ESP-La Liga,2526,2025-09-23 Athletic Club-Girona,Athletic Club,Unai Simón,True,Goalkeeper,1,start,end,1.0,0.0,0.0,0.0,0.0,0.0,0.0,1.0,2.0,0.0,0.0,0.0,0.0,0.0,
ESP-La Liga,2526,2025-09-23 Athletic Club-Girona,Girona,Paulo Gazzaniga,False,Goalkeeper,1,start,end,1.0,0.0,1.0,0.0,0.0,0.0,0.0,1.0,4.0,0.0,0.0,0.0,0.0,0.0,
ESP-La Liga,2526,2025-09-23 Espanyol-Valencia,Espanyol,Marko Dmitrovic,True,Goalkeeper,1,start,end,1.0,0.0,0.0,0.0,0.0,0.0,0.0,2.0,0.0,0.0,0.0,0.0,0.0,0.0,
ESP-La Liga,2526,2025-09-23 Espanyol-Valencia,Valencia,Julen Agirrezabala,False,Goalkeeper,1,start,end,1.0,0.0,0.0,0.0,0.0,0.0,1.0,2.0,6.0,0.0,0.0,0.0,0.0,0.0,
ESP-La Liga,2526,2025-09-23 Levante-Real Madrid,Levante,Mathew Ryan,True,Goalkeeper,1,start,end,1.0,0.0,0.0,0.0,0.0,0.0,0.0,4.0,6.0,0.0,0.0,0.0,0.0,0.0,
ESP-La Liga,2526,2025-09-23 Levante-Real Madrid,Real Madrid,Thibaut Courtois,False,Goalkeeper,1,start,end,1.0,0.0,0.0,0.0,0.0,0.0,0.0,1.0,1.0,0.0,0.0,0.0,0.0,0.0,
ESP-La Liga,2526,2025-09-23 Sevilla-Villarreal,Sevilla,Odisseas Vlachodimos,True,Goalkeeper,1,start,end,1.0,0.0,0.0,0.0,0.0,0.0,0.0,2.0,3.0,0.0,0.0,0.0,0.0,0.0,
ESP-La Liga,2526,2025-09-23 Sevilla-Villarreal,Villarreal,Arnau Tenas,False,Goalkeeper,1,start,end,1.0,0.0,0.0,0.0,0.0,0.0,0.0,1.0,1.0,0.0,0.0,0.0,0.0,0.0,
ESP-La Liga,2526,2025-09-24 Atlético Madrid-Rayo Vallecano,Atlético Madrid,Jan Oblak,True,Goalkeeper,1,start,end,1.0,0.0,1.0,0.0,0.0,0.0,0.0,2.0,1.0,0.0,0.0,0.0,0.0,0.0,
ESP-La Liga,2526,2025-09-24 Atlético Madrid-Rayo Vallecano,Rayo Vallecano,Augusto Batalla,False,Goalkeeper,1,start,end,1.0,0.0,1.0,0.0,0.0,0.0,0.0,3.0,5.0,0.0,0.0,0.0,0.0,0.0,
ESP-La Liga,2526,2025-09-24 Getafe-Alavés,Alavés,Antonio Sivera,False,Goalkeeper,1,start,end,1.0,0.0,0.0,0.0,0.0,0.0,0.0,1.0,0.0,0.0,0.0,0.0,0.0,0.0,
ESP-La Liga,2526,2025-09-24 Getafe-Alavés,Getafe,David Soria,True,Goalkeeper,1,start,end,1.0,0.0,0.0,0.0,0.0,0.0,0.0,1.0,4.0,0.0,0.0,0.0,0.0,0.0,
ESP-La Liga,2526,2025-09-24 Real Sociedad-Mallorca,Mallorca,Leo Román,False,Goalkeeper,1,start,end,1.0,0.0,0.0,0.0,0.0,0.0,0.0,1.0,3.0,0.0,0.0,0.0,0.0,0.0,
ESP-La Liga,2526,2025-09-24 Real Sociedad-Mallorca,Real Sociedad,Álex Remiro,True,Goalkeeper,1,start,end,1.0,0.0,0.0,0.0,0.0,0.0,0.0,0.0,3.0,0.0,0.0,0.0,0.0,0.0,
ESP-La Liga,2526,2025-09-25 Osasuna-Elche,Elche,Iñaki Peña,False,Goalkeeper,1,start,end,1.0,0.0,0.0,0.0,0.0,0.0,0.0,1.0,1.0,0.0,0.0,0.0,0.0,0.0,
ESP-La Liga,2526,2025-09-25 Osasuna-Elche,Osasuna,Sergio Herrera,True,Goalkeeper,1,start,end,1.0,0.0,0.0,0.0,0.0,0.0,0.0,1.0,3.0,0.0,0.0,0.0,0.0,0.0,
ESP-La Liga,2526,2025-09-25 Real Oviedo-Barcelona,Barcelona,Joan García,False,Goalkeeper,1,start,end,1.0,0.0,0.0,0.0,0.0,0.0,0.0,1.0,2.0,0.0,0.0,0.0,0.0,0.0,
ESP-La Liga,2526,2025-09-25 Real Oviedo-Barcelona,Real Oviedo,Aarón Escandell,True,Goalkeeper,1,start,end,1.0,0.0,0.0,0.0,0.0,0.0,0.0,3.0,7.0,0.0,0.0,0.0,0.0,0.0,
ESP-La Liga,2526,2025-09-26 Girona-Espanyol,Espanyol,Marko Dmitrovic,False,Goalkeeper,1,start,end,1.0,0.0,0.0,0.0,0.0,0.0,0.0,0.0,3.0,0.0,0.0,0.0,0.0,0.0,
ESP-La Liga,2526,2025-09-26 Girona-Espanyol,Girona,Paulo Gazzaniga,True,Goalkeeper,1,start,end,1.0,0.0,0.0,0.0,0.0,0.0,0.0,0.0,5.0,0.0,0.0,0.0,0.0,0.0,
ESP-La Liga,2526,2025-09-27 Atlético Madrid-Real Madrid,Atlético Madrid,Jan Oblak,True,Goalkeeper,1,start,end,1.0,0.0,0.0,0.0,0.0,0.0,0.0,2.0,0.0,0.0,0.0,0.0,0.0,0.0,
ESP-La Liga,2526,2025-09-27 Atlético Madrid-Real Madrid,Real Madrid,Thibaut Courtois,False,Goalkeeper,1,start,end,1.0,0.0,1.0,0.0,0.0,0.0,0.0,5.0,2.0,0.0,0.0,0.0,0.0,0.0,
ESP-La Liga,2526,2025-09-27 Getafe-Levante,Getafe,David Soria,True,Goalkeeper,1,start,end,1.0,0.0,1.0,0.0,0.0,0.0,0.0,1.0,2.0,0.0,0.0,0.0,0.0,0.0,
ESP-La Liga,2526,2025-09-27 Getafe-Levante,Levante,Mathew Ryan,False,Goalkeeper,1,start,end,1.0,0.0,0.0,0.0,0.0,0.0,0.0,1.0,3.0,0.0,0.0,0.0,0.0,0.0,
ESP-La Liga,2526,2025-09-27 Mallorca-Alavés,Alavés,Antonio Sivera,False,Goalkeeper,1,start,end,1.0,0.0,0.0,0.0,0.0,0.0,0.0,1.0,1.0,0.0,0.0,0.0,0.0,0.0,
ESP-La Liga,2526,2025-09-27 Mallorca-Alavés,Mallorca,Leo Román,True,Goalkeeper,1,start,end,1.0,0.0,0.0,0.0,0.0,0.0,0.0,0.0,3.0,0.0,0.0,0.0,0.0,0.0,
ESP-La Liga,2526,2025-09-27 Villarreal-Athletic Club,Athletic Club,Unai Simón,False,Goalkeeper,1,start,end,1.0,0.0,1.0,0.0,0.0,0.0,0.0,1.0,4.0,0.0,0.0,0.0,0.0,0.0,
ESP-La Liga,2526,2025-09-27 Villarreal-Athletic Club,Villarreal,Luiz Júnior,True,Goalkeeper,1,start,end,1.0,0.0,0.0,0.0,0.0,0.0,0.0,0.0,4.0,0.0,0.0,0.0,0.0,0.0,
ESP-La Liga,2526,2025-09-28 Barcelona-Real Sociedad,Barcelona,Wojciech Szczesny,True,Goalkeeper,1,start,end,1.0,0.0,0.0,0.0,0.0,0.0,0.0,1.0,1.0,0.0,0.0,0.0,0.0,0.0,
ESP-La Liga,2526,2025-09-28 Barcelona-Real Sociedad,Real Sociedad,Álex Remiro,False,Goalkeeper,1,start,end,1.0,0.0,0.0,0.0,0.0,0.0,0.0,2.0,8.0,0.0,0.0,0.0,0.0,0.0,
ESP-La Liga,2526,2025-09-28 Elche-Celta Vigo,Celta Vigo,Andrei Radu,False,Goalkeeper,1,start,end,1.0,0.0,1.0,0.0,0.0,0.0,0.0,2.0,6.0,0.0,0.0,0.0,0.0,0.0,
ESP-La Liga,2526,2025-09-28 Elche-Celta Vigo,Elche,Matías Dituro,True,Goalkeeper,1,start,end,1.0,0.0,0.0,0.0,0.0,0.0,0.0,1.0,1.0,0.0,0.0,0.0,0.0,0.0,
ESP-La Liga,2526,2025-09-28 Rayo Vallecano-Sevilla,Rayo Vallecano,Augusto Batalla,True,Goalkeeper,1,start,end,1.0,0.0,0.0,0.0,0.0,0.0,0.0,1.0,0.0,0.0,0.0,0.0,0.0,0.0,
ESP-La Liga,2526,2025-09-28 Rayo Vallecano-Sevilla,Sevilla,Odisseas Vlachodimos,False,Goalkeeper,1,start,end,1.0,0.0,0.0,0.0,0.0,0.0,0.0,0.0,6.0,0.0,0.0,0.0,0.0,0.0,
ESP-La Liga,2526,2025-09-28 Real Betis-Osasuna,Osasuna,Sergio Herrera,False,Goalkeeper,1,start,end,1.0,0.0,0.0,0.0,0.0,0.0,0.0,2.0,4.0,0.0,0.0,0.0,0.0,0.0,
ESP-La Liga,2526,2025-09-28 Real Betis-Osasuna,Real Betis,Pau López,True,Goalkeeper,1,start,end,1.0,0.0,1.0,0.0,0.0,0.0,0.0,0.0,1.0,0.0,0.0,0.0,0.0,0.0,
ESP-La Liga,2526,2025-09-30 Valencia-Real Oviedo,Real Oviedo,Aarón Escandell,False,Goalkeeper,1,start,end,1.0,0.0,1.0,0.0,0.0,0.0,0.0,1.0,4.0,0.0,0.0,0.0,0.0,0.0,
ESP-La Liga,2526,2025-09-30 Valencia-Real Oviedo,Valencia,Julen Agirrezabala,True,Goalkeeper,1,start,end,1.0,0.0,0.0,0.0,0.0,0.0,0.0,2.0,2.0,0.0,0.0,0.0,0.0,0.0,
ESP-La Liga,2526,2025-10-03 Osasuna-Getafe,Getafe,David Soria,False,Goalkeeper,1,start,end,1.0,0.0,0.0,0.0,0.0,0.0,0.0,2.0,2.0,0.0,0.0,0.0,0.0,0.0,
ESP-La Liga,2526,2025-10-03 Osasuna-Getafe,Osasuna,Sergio Herrera,True,Goalkeeper,1,start,end,1.0,0.0,2.0,0.0,0.0,0.0,0.0,1.0,1.0,0.0,0.0,0.0,0.0,0.0,
ESP-La Liga,2526,2025-10-04 Athletic Club-Mallorca,Athletic Club,Unai Simón,True,Goalkeeper,1,start,end,1.0,0.0,0.0,0.0,0.0,0.0,0.0,1.0,1.0,0.0,0.0,0.0,0.0,0.0,
ESP-La Liga,2526,2025-10-04 Athletic Club-Mallorca,Mallorca,Leo Román,False,Goalkeeper,1,start,end,1.0,0.0,1.0,0.0,0.0,0.0,1.0,2.0,3.0,0.0,0.0,0.0,0.0,0.0,
ESP-La Liga,2526,2025-10-04 Girona-Valencia,Girona,Paulo Gazzaniga,True,Goalkeeper,1,start,end,1.0,0.0,0.0,0.0,0.0,0.0,0.0,1.0,5.0,0.0,0.0,0.0,0.0,0.0,
ESP-La Liga,2526,2025-10-04 Girona-Valencia,Valencia,Julen Agirrezabala,False,Goalkeeper,1,start,end,1.0,0.0,0.0,0.0,0.0,0.0,0.0,2.0,2.0,0.0,0.0,0.0,0.0,0.0,
ESP-La Liga,2526,2025-10-04 Real Madrid-Villarreal,Real Madrid,Thibaut Courtois,True,Goalkeeper,1,start,end,1.0,0.0,0.0,0.0,0.0,0.0,0.0,1.0,1.0,0.0,0.0,0.0,0.0,0.0,
ESP-La Liga,2526,2025-10-04 Real Madrid-Villarreal,Villarreal,Arnau Tenas,False,Goalkeeper,1,start,end,1.0,0.0,0.0,0.0,0.0,0.0,0.0,3.0,4.0,0.0,0.0,0.0,0.0,0.0,
ESP-La Liga,2526,2025-10-04 Real Oviedo-Levante,Levante,Mathew Ryan,False,Goalkeeper,1,start,end,1.0,0.0,0.0,0.0,0.0,0.0,0.0,0.0,2.0,0.0,0.0,0.0,0.0,0.0,
ESP-La Liga,2526,2025-10-04 Real Oviedo-Levante,Real Oviedo,Aarón Escandell,True,Goalkeeper,1,start,end,1.0,0.0,0.0,0.0,0.0,0.0,0.0,2.0,3.0,0.0,0.0,0.0,0.0,0.0,
ESP-La Liga,2526,2025-10-05 Alavés-Elche,Alavés,Antonio Sivera,True,Goalkeeper,1,start,end,1.0,0.0,0.0,0.0,0.0,0.0,0.0,1.0,2.0,0.0,0.0,0.0,0.0,0.0,
ESP-La Liga,2526,2025-10-05 Alavés-Elche,Elche,Iñaki Peña,False,Goalkeeper,1,start,end,1.0,0.0,0.0,0.0,0.0,0.0,0.0,3.0,2.0,0.0,0.0,0.0,0.0,0.0,
ESP-La Liga,2526,2025-10-05 Celta Vigo-Atlético Madrid,Atlético Madrid,Jan Oblak,False,Goalkeeper,1,start,end,1.0,0.0,0.0,0.0,0.0,0.0,0.0,1.0,3.0,0.0,0.0,0.0,0.0,0.0,
ESP-La Liga,2526,2025-10-05 Celta Vigo-Atlético Madrid,Celta Vigo,Andrei Radu,True,Goalkeeper,1,start,end,1.0,0.0,0.0,0.0,0.0,0.0,0.0,1.0,1.0,0.0,0.0,0.0,0.0,0.0,
ESP-La Liga,2526,2025-10-05 Espanyol-Real Betis,Espanyol,Marko Dmitrovic,True,Goalkeeper,1,start,end,1.0,0.0,0.0,0.0,0.0,0.0,0.0,2.0,1.0,0.0,0.0,0.0,0.0,0.0,
ESP-La Liga,2526,2025-10-05 Espanyol-Real Betis,Real Betis,Pau López,False,Goalkeeper,1,start,end,1.0,0.0,0.0,0.0,0.0,0.0,1.0,1.0,4.0,0.0,0.0,0.0,0.0,0.0,
ESP-La Liga,2526,2025-10-05 Real Sociedad-Rayo Vallecano,Rayo Vallecano,Augusto Batalla,False,Goalkeeper,1,start,end,1.0,0.0,0.0,0.0,0.0,0.0,0.0,0.0,3.0,0.0,0.0,0.0,0.0,0.0,
ESP-La Liga,2526,2025-10-05 Real Sociedad-Rayo Vallecano,Real Sociedad,Álex Remiro,True,Goalkeeper,1,start,end,1.0,0.0,0.0,0.0,0.0,0.0,0.0,1.0,1.0,0.0,0.0,0.0,0.0,0.0,
ESP-La Liga,2526,2025-10-05 Sevilla-Barcelona,Barcelona,Wojciech Szczesny,False,Goalkeeper,1,start,end,1.0,0.0,0.0,0.0,0.0,0.0,0.0,4.0,1.0,0.0,0.0,0.0,0.0,0.0,
ESP-La Liga,2526,2025-10-05 Sevilla-Barcelona,Sevilla,Odisseas Vlachodimos,True,Goalkeeper,1,start,end,1.0,0.0,0.0,0.0,0.0,0.0,0.0,1.0,7.0,0.0,0.0,0.0,0.0,0.0,
ESP-La Liga,2526,2025-10-17 Real Oviedo-Espanyol,Espanyol,Marko Dmitrovic,False,Goalkeeper,1,start,end,1.0,0.0,0.0,0.0,0.0,0.0,0.0,0.0,4.0,0.0,0.0,0.0,0.0,0.0,
ESP-La Liga,2526,2025-10-17 Real Oviedo-Espanyol,Real Oviedo,Aarón Escandell,True,Goalkeeper,1,start,end,1.0,0.0,0.0,0.0,0.0,0.0,0.0,2.0,8.0,0.0,0.0,0.0,0.0,0.0,
ESP-La Liga,2526,2025-10-18 Atlético Madrid-Osasuna,Atlético Madrid,Jan Oblak,True,Goalkeeper,1,start,end,1.0,0.0,1.0,0.0,0.0,0.0,0.0,0.0,2.0,0.0,0.0,0.0,0.0,0.0,
ESP-La Liga,2526,2025-10-18 Atlético Madrid-Osasuna,Osasuna,Sergio Herrera,False,Goalkeeper,1,start,end,1.0,0.0,0.0,0.0,0.0,0.0,0.0,1.0,8.0,0.0,0.0,0.0,0.0,0.0,
ESP-La Liga,2526,2025-10-18 Barcelona-Girona,Barcelona,Wojciech Szczesny,True,Goalkeeper,1,start,end,1.0,0.0,0.0,0.0,0.0,0.0,0.0,1.0,3.0,0.0,0.0,0.0,0.0,0.0,
ESP-La Liga,2526,2025-10-18 Barcelona-Girona,Girona,Paulo Gazzaniga,False,Goalkeeper,1,start,end,1.0,0.0,0.0,0.0,0.0,0.0,0.0,2.0,7.0,0.0,0.0,0.0,0.0,0.0,
ESP-La Liga,2526,2025-10-18 Sevilla-Mallorca,Mallorca,Leo Román,False,Goalkeeper,1,start,end,1.0,0.0,0.0,0.0,0.0,0.0,0.0,1.0,3.0,0.0,0.0,0.0,0.0,0.0,
ESP-La Liga,2526,2025-10-18 Sevilla-Mallorca,Sevilla,Odisseas Vlachodimos,True,Goalkeeper,1,start,end,1.0,0.0,0.0,0.0,0.0,0.0,0.0,3.0,3.0,0.0,0.0,0.0,0.0,0.0,
ESP-La Liga,2526,2025-10-18 Villarreal-Real Betis,Real Betis,Pau López,False,Goalkeeper,1,start,end,1.0,0.0,0.0,0.0,0.0,0.0,0.0,2.0,2.0,0.0,0.0,0.0,0.0,0.0,
ESP-La Liga,2526,2025-10-18 Villarreal-Real Betis,Villarreal,Arnau Tenas,True,Goalkeeper,1,start,end,1.0,0.0,0.0,0.0,0.0,0.0,0.0,2.0,1.0,0.0,0.0,0.0,0.0,0.0,
ESP-La Liga,2526,2025-10-19 Celta Vigo-Real Sociedad,Celta Vigo,Andrei Radu,True,Goalkeeper,1,start,end,1.0,0.0,0.0,0.0,0.0,0.0,0.0,1.0,6.0,0.0,0.0,0.0,0.0,0.0,
ESP-La Liga,2526,2025-10-19 Celta Vigo-Real Sociedad,Real Sociedad,Álex Remiro,False,Goalkeeper,1,start,end,1.0,0.0,0.0,0.0,0.0,0.0,0.0,1.0,0.0,0.0,0.0,0.0,0.0,0.0,
ESP-La Liga,2526,2025-10-19 Elche-Athletic Club,Athletic Club,Unai Simón,False,Goalkeeper,1,start,end,1.0,0.0,1.0,0.0,0.0,0.0,0.0,0.0,5.0,0.0,0.0,0.0,0.0,0.0,
ESP-La Liga,2526,2025-10-19 Elche-Athletic Club,Elche,Iñaki Peña,True,Goalkeeper,1,start,end,1.0,0.0,0.0,0.0,0.0,0.0,0.0,0.0,1.0,0.0,0.0,0.0,0.0,0.0,
ESP-La Liga,2526,2025-10-19 Getafe-Real Madrid,Getafe,David Soria,True,Goalkeeper,1,start,end,1.0,0.0,0.0,0.0,0.0,0.0,0.0,1.0,9.0,0.0,0.0,0.0,0.0,0.0,
ESP-La Liga,2526,2025-10-19 Getafe-Real Madrid,Real Madrid,Thibaut Courtois,False,Goalkeeper,1,start,end,1.0,0.0,0.0,0.0,0.0,0.0,0.0,0.0,1.0,0.0,0.0,0.0,0.0,0.0,
ESP-La Liga,2526,2025-10-19 Levante-Rayo Vallecano,Levante,Mathew Ryan,True,Goalkeeper,1,start,end,1.0,0.0,0.0,0.0,0.0,0.0,0.0,3.0,1.0,0.0,0.0,0.0,0.0,0.0,
ESP-La Liga,2526,2025-10-19 Levante-Rayo Vallecano,Rayo Vallecano,Augusto Batalla,False,Goalkeeper,1,start,end,1.0,0.0,0.0,0.0,0.0,0.0,0.0,0.0,4.0,0.0,0.0,0.0,0.0,0.0,
ESP-La Liga,2526,2025-10-20 Alavés-Valencia,Alavés,Antonio Sivera,True,Goalkeeper,1,start,end,1.0,0.0,0.0,0.0,0.0,0.0,0.0,0.0,2.0,0.0,0.0,0.0,0.0,0.0,
ESP-La Liga,2526,2025-10-20 Alavés-Valencia,Valencia,Julen Agirrezabala,False,Goalkeeper,1,start,end,1.0,0.0,0.0,0.0,0.0,0.0,0.0,0.0,3.0,0.0,0.0,0.0,0.0,0.0,
ESP-La Liga,2526,2025-10-24 Real Sociedad-Sevilla,Real Sociedad,Álex Remiro,True,Goalkeeper,1,start,end,1.0,0.0,1.0,0.0,0.0,0.0,0.0,1.0,0.0,0.0,0.0,0.0,0.0,0.0,
ESP-La Liga,2526,2025-10-24 Real Sociedad-Sevilla,Sevilla,Odisseas Vlachodimos,False,Goalkeeper,1,start,end,1.0,0.0,0.0,0.0,0.0,0.0,0.0,2.0,1.0,0.0,0.0,0.0,0.0,0.0,
ESP-La Liga,2526,2025-10-25 Athletic Club-Getafe,Athletic Club,Unai Simón,True,Goalkeeper,1,start,end,1.0,0.0,0.0,0.0,0.0,0.0,0.0,1.0,3.0,0.0,0.0,0.0,0.0,0.0,
ESP-La Liga,2526,2025-10-25 Athletic Club-Getafe,Getafe,David Soria,False,Goalkeeper,1,start,end,1.0,0.0,0.0,0.0,0.0,0.0,0.0,0.0,4.0,0.0,0.0,0.0,0.0,0.0,
ESP-La Liga,2526,2025-10-25 Espanyol-Elche,Elche,Iñaki Peña,False,Goalkeeper,1,start,end,1.0,0.0,1.0,0.0,0.0,0.0,0.0,1.0,6.0,0.0,0.0,0.0,0.0,0.0,
ESP-La Liga,2526,2025-10-25 Espanyol-Elche,Espanyol,Marko Dmitrovic,True,Goalkeeper,1,start,end,1.0,0.0,0.0,0.0,0.0,0.0,0.0,0.0,4.0,0.0,0.0,0.0,0.0,0.0,
ESP-La Liga,2526,2025-10-25 Girona-Real Oviedo,Girona,Paulo Gazzaniga,True,Goalkeeper,1,start,end,1.0,0.0,0.0,0.0,0.0,0.0,0.0,3.0,2.0,0.0,0.0,0.0,0.0,0.0,
ESP-La Liga,2526,2025-10-25 Girona-Real Oviedo,Real Oviedo,Aarón Escandell,False,Goalkeeper,1,start,end,1.0,0.0,0.0,0.0,0.0,0.0,0.0,3.0,3.0,0.0,0.0,0.0,0.0,0.0,
ESP-La Liga,2526,2025-10-25 Valencia-Villarreal,Valencia,Julen Agirrezabala,True,Goalkeeper,1,start,end,1.0,0.0,1.0,0.0,0.0,0.0,0.0,2.0,3.0,0.0,0.0,0.0,0.0,0.0,
ESP-La Liga,2526,2025-10-25 Valencia-Villarreal,Villarreal,Luiz Júnior,False,Goalkeeper,1,start,end,1.0,0.0,0.0,0.0,0.0,0.0,0.0,0.0,3.0,0.0,0.0,0.0,0.0,0.0,
ESP-La Liga,2526,2025-10-26 Mallorca-Levante,Levante,Mathew Ryan,False,Goalkeeper,1,start,end,1.0,0.0,0.0,0.0,0.0,0.0,0.0,1.0,4.0,0.0,0.0,0.0,0.0,0.0,
ESP-La Liga,2526,2025-10-26 Mallorca-Levante,Mallorca,Leo Román,True,Goalkeeper,1,start,end,1.0,0.0,0.0,0.0,0.0,0.0,0.0,1.0,4.0,0.0,0.0,0.0,0.0,0.0,
ESP-La Liga,2526,2025-10-26 Osasuna-Celta Vigo,Celta Vigo,Andrei Radu,False,Goalkeeper,1,start,end,1.0,0.0,1.0,0.0,0.0,0.0,0.0,2.0,5.0,0.0,0.0,0.0,0.0,0.0,
ESP-La Liga,2526,2025-10-26 Osasuna-Celta Vigo,Osasuna,Sergio Herrera,True,Goalkeeper,1,start,end,1.0,0.0,0.0,0.0,0.0,0.0,0.0,3.0,2.0,0.0,0.0,0.0,0.0,0.0,
ESP-La Liga,2526,2025-10-26 Rayo Vallecano-Alavés,Alavés,Antonio Sivera,False,Goalkeeper,1,start,end,1.0,0.0,0.0,0.0,0.0,0.0,0.0,1.0,4.0,0.0,0.0,0.0,0.0,0.0,
ESP-La Liga,2526,2025-10-26 Rayo Vallecano-Alavés,Rayo Vallecano,Augusto Batalla,True,Goalkeeper,1,start,end,1.0,0.0,0.0,0.0,0.0,0.0,0.0,0.0,2.0,0.0,0.0,0.0,0.0,0.0,
ESP-La Liga,2526,2025-10-26 Real Madrid-Barcelona,Barcelona,Wojciech Szczesny,False,Goalkeeper,1,start,end,1.0,0.0,0.0,0.0,0.0,0.0,0.0,2.0,9.0,0.0,0.0,0.0,0.0,0.0,
ESP-La Liga,2526,2025-10-26 Real Madrid-Barcelona,Real Madrid,Thibaut Courtois,True,Goalkeeper,1,start,end,1.0,0.0,0.0,0.0,0.0,0.0,0.0,1.0,4.0,0.0,0.0,0.0,0.0,0.0,
ESP-La Liga,2526,2025-10-27 Real Betis-Atlético Madrid,Atlético Madrid,Jan Oblak,False,Goalkeeper,1,start,end,1.0,0.0,0.0,0.0,0.0,0.0,0.0,0.0,5.0,0.0,0.0,0.0,0.0,0.0,
ESP-La Liga,2526,2025-10-27 Real Betis-Atlético Madrid,Real Betis,Pau López,True,Goalkeeper,1,start,end,1.0,0.0,0.0,0.0,0.0,0.0,0.0,2.0,2.0,0.0,0.0,0.0,0.0,0.0,
ESP-La Liga,2526,2025-10-31 Getafe-Girona,Getafe,David Soria,True,Goalkeeper,1,start,end,1.0,0.0,0.0,0.0,0.0,0.0,0.0,1.0,3.0,0.0,0.0,0.0,0.0,0.0,
ESP-La Liga,2526,2025-10-31 Getafe-Girona,Girona,Paulo Gazzaniga,False,Goalkeeper,1,start,end,1.0,0.0,0.0,0.0,0.0,0.0,0.0,2.0,2.0,0.0,0.0,0.0,0.0,0.0,
ESP-La Liga,2526,2025-11-01 Atlético Madrid-Sevilla,Atlético Madrid,Jan Oblak,True,Goalkeeper,1,start,end,1.0,0.0,0.0,0.0,0.0,0.0,0.0,0.0,2.0,0.0,0.0,0.0,0.0,0.0,
ESP-La Liga,2526,2025-11-01 Atlético Madrid-Sevilla,Sevilla,Odisseas Vlachodimos,False,Goalkeeper,1,start,end,1.0,0.0,0.0,0.0,0.0,0.0,1.0,3.0,3.0,0.0,0.0,0.0,0.0,0.0,
ESP-La Liga,2526,2025-11-01 Real Madrid-Valencia,Real Madrid,Thibaut Courtois,True,Goalkeeper,1,start,end,1.0,0.0,0.0,0.0,0.0,0.0,0.0,0.0,1.0,0.0,0.0,0.0,0.0,0.0,
ESP-La Liga,2526,2025-11-01 Real Madrid-Valencia,Valencia,Julen Agirrezabala,False,Goalkeeper,1,start,end,1.0,0.0,0.0,0.0,0.0,0.0,0.0,4.0,7.0,0.0,0.0,0.0,0.0,0.0,
ESP-La Liga,2526,2025-11-01 Real Sociedad-Athletic Club,Athletic Club,Unai Simón,False,Goalkeeper,1,start,end,1.0,0.0,0.0,0.0,0.0,0.0,0.0,3.0,2.0,0.0,0.0,0.0,0.0,0.0,
ESP-La Liga,2526,2025-11-01 Real Sociedad-Athletic Club,Real Sociedad,Álex Remiro,True,Goalkeeper,1,start,end,1.0,0.0,0.0,0.0,0.0,0.0,0.0,2.0,2.0,0.0,0.0,0.0,0.0,0.0,
ESP-La Liga,2526,2025-11-01 Villarreal-Rayo Vallecano,Rayo Vallecano,Augusto Batalla,False,Goalkeeper,1,start,end,1.0,0.0,0.0,0.0,0.0,0.0,0.0,4.0,3.0,0.0,0.0,0.0,0.0,0.0,
ESP-La Liga,2526,2025-11-01 Villarreal-Rayo Vallecano,Villarreal,Luiz Júnior,True,Goalkeeper,1,start,end,1.0,0.0,0.0,0.0,0.0,0.0,0.0,0.0,3.0,0.0,0.0,0.0,0.0,0.0,
ESP-La Liga,2526,2025-11-02 Alavés-Espanyol,Alavés,Antonio Sivera,True,Goalkeeper,1,start,end,1.0,0.0,0.0,0.0,0.0,0.0,0.0,1.0,1.0,0.0,0.0,0.0,0.0,0.0,
ESP-La Liga,2526,2025-11-02 Alavés-Espanyol,Espanyol,Marko Dmitrovic,False,Goalkeeper,1,start,end,1.0,0.0,0.0,0.0,0.0,0.0,0.0,2.0,2.0,0.0,0.0,0.0,0.0,0.0,
ESP-La Liga,2526,2025-11-02 Barcelona-Elche,Barcelona,Wojciech Szczesny,True,Goalkeeper,1,start,end,1.0,0.0,0.0,0.0,0.0,0.0,0.0,1.0,2.0,0.0,0.0,0.0,0.0,0.0,
ESP-La Liga,2526,2025-11-02 Barcelona-Elche,Elche,Iñaki Peña,False,Goalkeeper,1,start,end,1.0,0.0,0.0,0.0,0.0,0.0,0.0,3.0,2.0,0.0,0.0,0.0,0.0,0.0,
ESP-La Liga,2526,2025-11-02 Levante-Celta Vigo,Celta Vigo,Andrei Radu,False,Goalkeeper,1,start,end,1.0,0.0,0.0,0.0,0.0,0.0,0.0,1.0,2.0,0.0,0.0,0.0,0.0,0.0,
ESP-La Liga,2526,2025-11-02 Levante-Celta Vigo,Levante,Mathew Ryan,True,Goalkeeper,1,start,end,1.0,0.0,0.0,0.0,0.0,0.0,0.0,2.0,5.0,0.0,0.0,0.0,0.0,0.0,
ESP-La Liga,2526,2025-11-02 Real Betis-Mallorca,Mallorca,Lucas Bergstrom,False,Goalkeeper,1,start,end,1.0,0.0,0.0,0.0,0.0,0.0,0.0,3.0,5.0,0.0,0.0,0.0,0.0,0.0,
ESP-La Liga,2526,2025-11-02 Real Betis-Mallorca,Real Betis,Álvaro Valles,True,Goalkeeper,1,start,end,1.0,0.0,0.0,0.0,0.0,0.0,0.0,0.0,1.0,0.0,0.0,0.0,0.0,0.0,
ESP-La Liga,2526,2025-11-03 Real Oviedo-Osasuna,Osasuna,Sergio Herrera,False,Goalkeeper,1,start,end,1.0,0.0,1.0,0.0,0.0,0.0,0.0,0.0,2.0,0.0,0.0,0.0,0.0,0.0,
ESP-La Liga,2526,2025-11-03 Real Oviedo-Osasuna,Real Oviedo,Aarón Escandell,True,Goalkeeper,1,start,end,1.0,0.0,0.0,0.0,0.0,0.0,0.0,0.0,5.0,0.0,0.0,0.0,0.0,0.0,
ESP-La Liga,2526,2025-11-07 Elche-Real Sociedad,Elche,Matías Dituro,True,Goalkeeper,1,start,end,1.0,0.0,1.0,0.0,0.0,0.0,0.0,1.0,4.0,0.0,0.0,0.0,0.0,0.0,
ESP-La Liga,2526,2025-11-07 Elche-Real Sociedad,Real Sociedad,Álex Remiro,False,Goalkeeper,1,start,end,1.0,0.0,0.0,0.0,0.0,0.0,0.0,1.0,2.0,0.0,0.0,0.0,0.0,0.0,
ESP-La Liga,2526,2025-11-08 Atlético Madrid-Levante,Atlético Madrid,Jan Oblak,True,Goalkeeper,1,start,end,1.0,0.0,0.0,0.0,0.0,0.0,0.0,1.0,2.0,0.0,0.0,0.0,0.0,0.0,
ESP-La Liga,2526,2025-11-08 Atlético Madrid-Levante,Levante,Mathew Ryan,False,Goalkeeper,1,start,end,1.0,0.0,0.0,0.0,0.0,0.0,0.0,3.0,8.0,0.0,0.0,0.0,0.0,0.0,
ESP-La Liga,2526,2025-11-08 Espanyol-Villarreal,Espanyol,Marko Dmitrovic,True,Goalkeeper,1,start,end,1.0,0.0,0.0,0.0,0.0,0.0,0.0,2.0,2.0,0.0,0.0,0.0,0.0,0.0,
ESP-La Liga,2526,2025-11-08 Espanyol-Villarreal,Villarreal,Luiz Júnior,False,Goalkeeper,1,start,end,1.0,0.0,0.0,0.0,0.0,0.0,0.0,0.0,3.0,0.0,0.0,0.0,0.0,0.0,
ESP-La Liga,2526,2025-11-08 Girona-Alavés,Alavés,Antonio Sivera,False,Goalkeeper,1,start,end,1.0,0.0,0.0,0.0,0.0,0.0,0.0,1.0,1.0,0.0,0.0,0.0,0.0,0.0,
ESP-La Liga,2526,2025-11-08 Girona-Alavés,Girona,Paulo Gazzaniga,True,Goalkeeper,1,start,end,1.0,0.0,0.0,0.0,0.0,0.0,0.0,0.0,5.0,0.0,0.0,0.0,0.0,0.0,
ESP-La Liga,2526,2025-11-08 Sevilla-Osasuna,Osasuna,Sergio Herrera,False,Goalkeeper,1,start,end,1.0,0.0,0.0,0.0,0.0,0.0,0.0,1.0,3.0,0.0,0.0,0.0,0.0,0.0,
ESP-La Liga,2526,2025-11-08 Sevilla-Osasuna,Sevilla,Odisseas Vlachodimos,True,Goalkeeper,1,start,end,1.0,0.0,0.0,0.0,0.0,0.0,0.0,0.0,3.0,0.0,0.0,0.0,0.0,0.0,
ESP-La Liga,2526,2025-11-09 Athletic Club-Real Oviedo,Athletic Club,Unai Simón,True,Goalkeeper,1,start,end,1.0,0.0,1.0,0.0,0.0,0.0,0.0,0.0,2.0,0.0,0.0,0.0,0.0,0.0,
ESP-La Liga,2526,2025-11-09 Athletic Club-Real Oviedo,Real Oviedo,Aarón Escandell,False,Goalkeeper,1,start,end,1.0,0.0,0.0,0.0,0.0,0.0,1.0,1.0,7.0,0.0,0.0,0.0,0.0,0.0,
ESP-La Liga,2526,2025-11-09 Celta Vigo-Barcelona,Barcelona,Wojciech Szczesny,False,Goalkeeper,1,start,end,1.0,0.0,0.0,0.0,0.0,0.0,0.0,2.0,1.0,0.0,0.0,0.0,0.0,0.0,
ESP-La Liga,2526,2025-11-09 Celta Vigo-Barcelona,Celta Vigo,Andrei Radu,True,Goalkeeper,1,start,end,1.0,0.0,0.0,0.0,0.0,0.0,0.0,4.0,5.0,0.0,0.0,0.0,0.0,0.0,
ESP-La Liga,2526,2025-11-09 Mallorca-Getafe,Getafe,David Soria,False,Goalkeeper,1,start,end,1.0,0.0,0.0,0.0,0.0,0.0,0.0,1.0,2.0,0.0,0.0,0.0,0.0,0.0,
ESP-La Liga,2526,2025-11-09 Mallorca-Getafe,Mallorca,Lucas Bergstrom,True,Goalkeeper,1,start,end,1.0,0.0,0.0,0.0,0.0,0.0,0.0,0.0,2.0,0.0,0.0,0.0,0.0,0.0,
ESP-La Liga,2526,2025-11-09 Rayo Vallecano-Real Madrid,Rayo Vallecano,Augusto Batalla,True,Goalkeeper,1,start,end,1.0,0.0,0.0,0.0,0.0,0.0,0.0,0.0,5.0,0.0,0.0,0.0,0.0,0.0,
ESP-La Liga,2526,2025-11-09 Rayo Vallecano-Real Madrid,Real Madrid,Thibaut Courtois,False,Goalkeeper,1,start,end,1.0,0.0,0.0,0.0,0.0,0.0,0.0,0.0,2.0,0.0,0.0,0.0,0.0,0.0,
ESP-La Liga,2526,2025-11-09 Valencia-Real Betis,Real Betis,Álvaro Valles,False,Goalkeeper,1,start,end,1.0,0.0,0.0,0.0,0.0,0.0,0.0,1.0,3.0,0.0,0.0,0.0,0.0,0.0,
ESP-La Liga,2526,2025-11-09 Valencia-Real Betis,Valencia,Julen Agirrezabala,True,Goalkeeper,1,start,end,1.0,0.0,0.0,0.0,0.0,0.0,0.0,1.0,1.0,0.0,0.0,0.0,0.0,0.0,
ESP-La Liga,2526,2025-11-21 Valencia-Levante,Levante,Mathew Ryan,False,Goalkeeper,1,start,end,1.0,0.0,0.0,0.0,0.0,0.0,0.0,1.0,2.0,0.0,0.0,0.0,0.0,0.0,
ESP-La Liga,2526,2025-11-21 Valencia-Levante,Valencia,Julen Agirrezabala,True,Goalkeeper,1,start,end,1.0,0.0,0.0,0.0,0.0,0.0,0.0,0.0,0.0,0.0,0.0,0.0,0.0,0.0,
ESP-La Liga,2526,2025-11-22 Alavés-Celta Vigo,Alavés,Antonio Sivera,True,Goalkeeper,1,start,end,1.0,1.0,0.0,0.0,0.0,0.0,0.0,1.0,3.0,0.0,0.0,0.0,0.0,0.0,
ESP-La Liga,2526,2025-11-22 Alavés-Celta Vigo,Celta Vigo,Andrei Radu,False,Goalkeeper,1,start,end,1.0,0.0,0.0,0.0,0.0,0.0,0.0,0.0,2.0,0.0,0.0,0.0,0.0,0.0,
ESP-La Liga,2526,2025-11-22 Barcelona-Athletic Club,Athletic Club,Unai Simón,False,Goalkeeper,1,start,end,1.0,0.0,0.0,0.0,0.0,0.0,0.0,4.0,3.0,0.0,0.0,0.0,0.0,0.0,
ESP-La Liga,2526,2025-11-22 Barcelona-Athletic Club,Barcelona,Joan García,True,Goalkeeper,1,start,end,1.0,0.0,0.0,0.0,0.0,0.0,0.0,0.0,2.0,0.0,0.0,0.0,0.0,0.0,
ESP-La Liga,2526,2025-11-22 Osasuna-Real Sociedad,Osasuna,Sergio Herrera,True,Goalkeeper,1,start,end,1.0,0.0,0.0,0.0,0.0,0.0,0.0,3.0,6.0,0.0,0.0,0.0,0.0,0.0,
ESP-La Liga,2526,2025-11-22 Osasuna-Real Sociedad,Real Sociedad,Álex Remiro,False,Goalkeeper,1,start,end,1.0,0.0,0.0,0.0,0.0,0.0,0.0,1.0,4.0,0.0,0.0,0.0,0.0,0.0,
ESP-La Liga,2526,2025-11-22 Villarreal-Mallorca,Mallorca,Lucas Bergstrom,False,Goalkeeper,1,start,end,1.0,0.0,0.0,0.0,0.0,0.0,1.0,2.0,5.0,0.0,0.0,0.0,0.0,0.0,
ESP-La Liga,2526,2025-11-22 Villarreal-Mallorca,Villarreal,Luiz Júnior,True,Goalkeeper,1,start,end,1.0,0.0,0.0,0.0,0.0,0.0,1.0,1.0,2.0,0.0,0.0,0.0,0.0,0.0,
ESP-La Liga,2526,2025-11-23 Elche-Real Madrid,Elche,Iñaki Peña,True,Goalkeeper,1,start,end,1.0,0.0,0.0,0.0,0.0,0.0,0.0,2.0,5.0,0.0,0.0,0.0,0.0,0.0,
ESP-La Liga,2526,2025-11-23 Elche-Real Madrid,Real Madrid,Thibaut Courtois,False,Goalkeeper,1,start,end,1.0,0.0,0.0,0.0,0.0,0.0,0.0,2.0,4.0,0.0,0.0,0.0,0.0,0.0,
ESP-La Liga,2526,2025-11-23 Getafe-Atlético Madrid,Atlético Madrid,Juan Musso,False,Goalkeeper,1,start,end,1.0,0.0,0.0,0.0,0.0,0.0,1.0,0.0,1.0,0.0,0.0,0.0,0.0,0.0,
ESP-La Liga,2526,2025-11-23 Getafe-Atlético Madrid,Getafe,David Soria,True,Goalkeeper,1,start,end,1.0,0.0,0.0,0.0,0.0,0.0,0.0,1.0,6.0,0.0,0.0,0.0,0.0,0.0,
ESP-La Liga,2526,2025-11-23 Real Betis-Girona,Girona,Paulo Gazzaniga,False,Goalkeeper,1,start,end,1.0,0.0,0.0,0.0,0.0,0.0,1.0,1.0,6.0,0.0,0.0,0.0,0.0,0.0,
ESP-La Liga,2526,2025-11-23 Real Betis-Girona,Real Betis,Álvaro Valles,True,Goalkeeper,1,start,end,1.0,0.0,0.0,0.0,0.0,0.0,0.0,1.0,3.0,0.0,0.0,0.0,0.0,0.0,
ESP-La Liga,2526,2025-11-23 Real Oviedo-Rayo Vallecano,Rayo Vallecano,Augusto Batalla,False,Goalkeeper,1,start,end,1.0,0.0,0.0,0.0,0.0,0.0,0.0,0.0,2.0,0.0,0.0,0.0,0.0,0.0,
ESP-La Liga,2526,2025-11-23 Real Oviedo-Rayo Vallecano,Real Oviedo,Aarón Escandell,True,Goalkeeper,1,start,end,1.0,0.0,0.0,0.0,0.0,0.0,0.0,0.0,4.0,0.0,0.0,0.0,0.0,0.0,
ESP-La Liga,2526,2025-11-24 Espanyol-Sevilla,Espanyol,Marko Dmitrovic,True,Goalkeeper,1,start,end,1.0,0.0,0.0,0.0,0.0,0.0,0.0,1.0,5.0,0.0,0.0,0.0,0.0,0.0,
ESP-La Liga,2526,2025-11-24 Espanyol-Sevilla,Sevilla,Odisseas Vlachodimos,False,Goalkeeper,1,start,end,1.0,0.0,0.0,0.0,0.0,0.0,0.0,2.0,3.0,0.0,0.0,0.0,0.0,0.0,
ESP-La Liga,2526,2025-11-28 Getafe-Elche,Elche,Iñaki Peña,False,Goalkeeper,1,start,end,1.0,0.0,0.0,0.0,0.0,0.0,0.0,1.0,4.0,0.0,0.0,0.0,0.0,0.0,
ESP-La Liga,2526,2025-11-28 Getafe-Elche,Getafe,David Soria,True,Goalkeeper,1,start,end,1.0,0.0,0.0,0.0,0.0,0.0,0.0,0.0,4.0,0.0,0.0,0.0,0.0,0.0,
ESP-La Liga,2526,2025-11-29 Atlético Madrid-Real Oviedo,Atlético Madrid,Jan Oblak,True,Goalkeeper,1,start,end,1.0,0.0,0.0,0.0,0.0,0.0,0.0,0.0,1.0,0.0,0.0,0.0,0.0,0.0,
ESP-La Liga,2526,2025-11-29 Atlético Madrid-Real Oviedo,Real Oviedo,Aarón Escandell,False,Goalkeeper,1,start,end,1.0,0.0,0.0,0.0,0.0,0.0,0.0,2.0,6.0,0.0,0.0,0.0,0.0,0.0,
ESP-La Liga,2526,2025-11-29 Barcelona-Alavés,Alavés,Antonio Sivera,False,Goalkeeper,1,start,end,1.0,0.0,0.0,0.0,0.0,0.0,0.0,3.0,3.0,0.0,0.0,0.0,0.0,0.0,
ESP-La Liga,2526,2025-11-29 Barcelona-Alavés,Barcelona,Joan García,True,Goalkeeper,1,start,end,1.0,0.0,0.0,0.0,0.0,0.0,1.0,1.0,1.0,0.0,0.0,0.0,0.0,0.0,
ESP-La Liga,2526,2025-11-29 Levante-Athletic Club,Athletic Club,Unai Simón,False,Goalkeeper,1,start,end,1.0,0.0,0.0,0.0,0.0,0.0,0.0,0.0,4.0,0.0,0.0,0.0,0.0,0.0,
ESP-La Liga,2526,2025-11-29 Levante-Athletic Club,Levante,Mathew Ryan,True,Goalkeeper,1,start,end,1.0,0.0,0.0,0.0,0.0,0.0,0.0,2.0,1.0,0.0,0.0,0.0,0.0,0.0,
ESP-La Liga,2526,2025-11-29 Mallorca-Osasuna,Mallorca,Lucas Bergstrom,True,Goalkeeper,1,start,end,1.0,0.0,0.0,0.0,0.0,0.0,0.0,2.0,0.0,0.0,0.0,0.0,0.0,0.0,
ESP-La Liga,2526,2025-11-29 Mallorca-Osasuna,Osasuna,Sergio Herrera,False,Goalkeeper,1,start,end,1.0,0.0,0.0,0.0,0.0,0.0,1.0,2.0,2.0,0.0,0.0,0.0,0.0,0.0,
ESP-La Liga,2526,2025-11-30 Celta Vigo-Espanyol,Celta Vigo,Andrei Radu,True,Goalkeeper,1,start,end,1.0,0.0,0.0,0.0,0.0,0.0,0.0,1.0,1.0,0.0,0.0,0.0,0.0,0.0,
ESP-La Liga,2526,2025-11-30 Celta Vigo-Espanyol,Espanyol,Marko Dmitrovic,False,Goalkeeper,1,start,end,1.0,0.0,0.0,0.0,0.0,0.0,0.0,0.0,4.0,0.0,0.0,0.0,0.0,0.0,
ESP-La Liga,2526,2025-11-30 Girona-Real Madrid,Girona,Paulo Gazzaniga,True,Goalkeeper,1,start,end,1.0,0.0,0.0,0.0,0.0,0.0,1.0,1.0,4.0,0.0,0.0,0.0,0.0,0.0,
ESP-La Liga,2526,2025-11-30 Girona-Real Madrid,Real Madrid,Thibaut Courtois,False,Goalkeeper,1,start,end,1.0,0.0,0.0,0.0,0.0,0.0,0.0,1.0,3.0,0.0,0.0,0.0,0.0,0.0,
ESP-La Liga,2526,2025-11-30 Real Sociedad-Villarreal,Real Sociedad,Álex Remiro,True,Goalkeeper,1,start,end,1.0,0.0,0.0,0.0,0.0,0.0,0.0,3.0,1.0,0.0,0.0,0.0,0.0,0.0,
ESP-La Liga,2526,2025-11-30 Real Sociedad-Villarreal,Villarreal,Luiz Júnior,False,Goalkeeper,1,start,end,1.0,0.0,1.0,0.0,0.0,0.0,1.0,2.0,5.0,0.0,0.0,0.0,0.0,0.0,
ESP-La Liga,2526,2025-11-30 Sevilla-Real Betis,Real Betis,Álvaro Valles,False,Goalkeeper,1,start,end,1.0,0.0,0.0,0.0,0.0,0.0,0.0,0.0,2.0,0.0,0.0,0.0,0.0,0.0,
ESP-La Liga,2526,2025-11-30 Sevilla-Real Betis,Sevilla,Odisseas Vlachodimos,True,Goalkeeper,1,start,end,1.0,0.0,0.0,0.0,0.0,0.0,0.0,2.0,2.0,0.0,0.0,0.0,0.0,0.0,
ESP-La Liga,2526,2025-12-01 Rayo Vallecano-Valencia,Rayo Vallecano,Augusto Batalla,True,Goalkeeper,1,start,end,1.0,0.0,0.0,0.0,0.0,0.0,0.0,1.0,0.0,0.0,0.0,0.0,0.0,0.0,
ESP-La Liga,2526,2025-12-01 Rayo Vallecano-Valencia,Valencia,Julen Agirrezabala,False,Goalkeeper,1,start,end,1.0,0.0,0.0,0.0,0.0,0.0,0.0,1.0,5.0,0.0,0.0,0.0,0.0,0.0,
ESP-La Liga,2526,2025-12-02 Barcelona-Atlético Madrid,Atlético Madrid,Jan Oblak,False,Goalkeeper,1,start,end,1.0,0.0,0.0,0.0,0.0,0.0,0.0,3.0,3.0,0.0,0.0,0.0,0.0,0.0,
ESP-La Liga,2526,2025-12-02 Barcelona-Atlético Madrid,Barcelona,Joan García,True,Goalkeeper,1,start,end,1.0,0.0,0.0,0.0,0.0,0.0,0.0,1.0,1.0,0.0,0.0,0.0,0.0,0.0,
ESP-La Liga,2526,2025-12-03 Athletic Club-Real Madrid,Athletic Club,Unai Simón,True,Goalkeeper,1,start,end,1.0,0.0,0.0,0.0,0.0,0.0,0.0,3.0,5.0,0.0,0.0,0.0,0.0,0.0,
ESP-La Liga,2526,2025-12-03 Athletic Club-Real Madrid,Real Madrid,Thibaut Courtois,False,Goalkeeper,1,start,end,1.0,0.0,0.0,0.0,0.0,0.0,0.0,0.0,4.0,0.0,0.0,0.0,0.0,0.0,
ESP-La Liga,2526,2025-12-05 Real Oviedo-Mallorca,Mallorca,Lucas Bergstrom,False,Goalkeeper,1,start,end,1.0,0.0,0.0,0.0,0.0,0.0,0.0,0.0,3.0,0.0,0.0,0.0,0.0,0.0,
ESP-La Liga,2526,2025-12-05 Real Oviedo-Mallorca,Real Oviedo,Aarón Escandell,True,Goalkeeper,1,start,end,1.0,0.0,0.0,0.0,0.0,0.0,0.0,0.0,5.0,0.0,0.0,0.0,0.0,0.0,
ESP-La Liga,2526,2025-12-06 Alavés-Real Sociedad,Alavés,Antonio Sivera,True,Goalkeeper,1,start,end,1.0,0.0,0.0,0.0,0.0,0.0,0.0,0.0,1.0,0.0,0.0,0.0,0.0,0.0,
ESP-La Liga,2526,2025-12-06 Alavés-Real Sociedad,Real Sociedad,Álex Remiro,False,Goalkeeper,1,start,end,1.0,0.0,1.0,0.0,0.0,0.0,0.0,1.0,2.0,0.0,0.0,0.0,0.0,0.0,
ESP-La Liga,2526,2025-12-06 Athletic Club-Atlético Madrid,Athletic Club,Unai Simón,True,Goalkeeper,1,start,end,1.0,0.0,1.0,0.0,0.0,0.0,0.0,0.0,3.0,0.0,0.0,0.0,0.0,0.0,
ESP-La Liga,2526,2025-12-06 Athletic Club-Atlético Madrid,Atlético Madrid,Jan Oblak,False,Goalkeeper,1,start,end,1.0,0.0,0.0,0.0,0.0,0.0,0.0,1.0,2.0,0.0,0.0,0.0,0.0,0.0,
ESP-La Liga,2526,2025-12-06 Real Betis-Barcelona,Barcelona,Joan García,False,Goalkeeper,1,start,end,1.0,0.0,0.0,0.0,0.0,0.0,0.0,3.0,2.0,0.0,0.0,0.0,0.0,0.0,
ESP-La Liga,2526,2025-12-06 Real Betis-Barcelona,Real Betis,Álvaro Valles,True,Goalkeeper,1,start,end,1.0,0.0,0.0,0.0,0.0,0.0,0.0,5.0,3.0,0.0,0.0,0.0,0.0,0.0,
ESP-La Liga,2526,2025-12-06 Villarreal-Getafe,Getafe,David Soria,False,Goalkeeper,1,start,end,1.0,0.0,0.0,0.0,0.0,0.0,0.0,2.0,3.0,0.0,0.0,0.0,0.0,0.0,
ESP-La Liga,2526,2025-12-06 Villarreal-Getafe,Villarreal,Luiz Júnior,True,Goalkeeper,1,start,end,1.0,0.0,0.0,0.0,0.0,0.0,0.0,0.0,0.0,0.0,0.0,0.0,0.0,0.0,
ESP-La Liga,2526,2025-12-07 Elche-Girona,Elche,Iñaki Peña,True,Goalkeeper,1,start,end,1.0,0.0,0.0,0.0,0.0,0.0,0.0,0.0,4.0,0.0,0.0,0.0,0.0,0.0,
ESP-La Liga,2526,2025-12-07 Elche-Girona,Girona,Paulo Gazzaniga,False,Goalkeeper,1,start,end,1.0,0.0,0.0,0.0,0.0,0.0,0.0,3.0,3.0,0.0,0.0,0.0,0.0,0.0,
ESP-La Liga,2526,2025-12-07 Espanyol-Rayo Vallecano,Espanyol,Marko Dmitrovic,True,Goalkeeper,1,start,end,1.0,0.0,0.0,0.0,0.0,0.0,0.0,0.0,2.0,0.0,0.0,0.0,0.0,0.0,
ESP-La Liga,2526,2025-12-07 Espanyol-Rayo Vallecano,Rayo Vallecano,Augusto Batalla,False,Goalkeeper,1,start,end,1.0,0.0,1.0,0.0,0.0,0.0,1.0,1.0,1.0,0.0,0.0,0.0,0.0,0.0,
ESP-La Liga,2526,2025-12-07 Real Madrid-Celta Vigo,Celta Vigo,Andrei Radu,False,Goalkeeper,1,start,end,1.0,0.0,0.0,0.0,0.0,0.0,0.0,0.0,7.0,0.0,0.0,0.0,0.0,0.0,
ESP-La Liga,2526,2025-12-07 Real Madrid-Celta Vigo,Real Madrid,Thibaut Courtois,True,Goalkeeper,1,start,end,1.0,0.0,1.0,0.0,0.0,0.0,0.0,2.0,3.0,0.0,0.0,0.0,0.0,0.0,
ESP-La Liga,2526,2025-12-07 Valencia-Sevilla,Sevilla,Odisseas Vlachodimos,False,Goalkeeper,1,start,end,1.0,0.0,0.0,0.0,0.0,0.0,0.0,1.0,2.0,0.0,0.0,0.0,0.0,0.0,
ESP-La Liga,2526,2025-12-07 Valencia-Sevilla,Valencia,Julen Agirrezabala,True,Goalkeeper,1,start,end,1.0,0.0,0.0,0.0,0.0,0.0,0.0,1.0,1.0,0.0,0.0,0.0,0.0,0.0,
ESP-La Liga,2526,2025-12-08 Osasuna-Levante,Levante,Mathew Ryan,False,Goalkeeper,1,start,end,1.0,0.0,0.0,0.0,0.0,0.0,0.0,2.0,4.0,0.0,0.0,0.0,0.0,0.0,
ESP-La Liga,2526,2025-12-08 Osasuna-Levante,Osasuna,Sergio Herrera,True,Goalkeeper,1,start,end,1.0,0.0,1.0,0.0,0.0,0.0,0.0,0.0,4.0,0.0,0.0,0.0,0.0,0.0,
ESP-La Liga,2526,2025-12-12 Real Sociedad-Girona,Girona,Paulo Gazzaniga,False,Goalkeeper,1,start,end,1.0,0.0,0.0,0.0,0.0,0.0,0.0,1.0,3.0,0.0,0.0,0.0,0.0,0.0,
ESP-La Liga,2526,2025-12-12 Real Sociedad-Girona,Real Sociedad,Álex Remiro,True,Goalkeeper,1,start,end,1.0,0.0,0.0,0.0,0.0,0.0,0.0,2.0,1.0,0.0,0.0,0.0,0.0,0.0,
ESP-La Liga,2526,2025-12-13 Atlético Madrid-Valencia,Atlético Madrid,Jan Oblak,True,Goalkeeper,1,start,end,1.0,0.0,0.0,0.0,0.0,0.0,0.0,1.0,1.0,0.0,0.0,0.0,0.0,0.0,
ESP-La Liga,2526,2025-12-13 Atlético Madrid-Valencia,Valencia,Julen Agirrezabala,False,Goalkeeper,1,start,end,1.0,0.0,0.0,0.0,0.0,0.0,0.0,2.0,4.0,0.0,0.0,0.0,0.0,0.0,
ESP-La Liga,2526,2025-12-13 Barcelona-Osasuna,Barcelona,Joan García,True,Goalkeeper,1,start,end,1.0,0.0,1.0,0.0,0.0,0.0,0.0,0.0,2.0,0.0,0.0,0.0,0.0,0.0,
ESP-La Liga,2526,2025-12-13 Barcelona-Osasuna,Osasuna,Sergio Herrera,False,Goalkeeper,1,start,end,1.0,0.0,0.0,0.0,0.0,0.0,0.0,2.0,5.0,0.0,0.0,0.0,0.0,0.0,
ESP-La Liga,2526,2025-12-13 Getafe-Espanyol,Espanyol,Marko Dmitrovic,False,Goalkeeper,1,start,end,1.0,0.0,0.0,0.0,0.0,0.0,0.0,0.0,1.0,0.0,0.0,0.0,0.0,0.0,
ESP-La Liga,2526,2025-12-13 Getafe-Espanyol,Getafe,David Soria,True,Goalkeeper,1,start,end,1.0,0.0,0.0,0.0,0.0,0.0,0.0,1.0,3.0,0.0,0.0,0.0,0.0,0.0,
ESP-La Liga,2526,2025-12-13 Mallorca-Elche,Elche,Iñaki Peña,False,Goalkeeper,1,start,end,1.0,0.0,0.0,0.0,0.0,0.0,0.0,3.0,5.0,0.0,0.0,0.0,0.0,0.0,
ESP-La Liga,2526,2025-12-13 Mallorca-Elche,Mallorca,Leo Román,True,Goalkeeper,1,start,end,1.0,0.0,0.0,0.0,0.0,0.0,0.0,1.0,0.0,0.0,0.0,0.0,0.0,0.0,
ESP-La Liga,2526,2025-12-14 Alavés-Real Madrid,Alavés,Antonio Sivera,True,Goalkeeper,1,start,end,1.0,0.0,0.0,0.0,0.0,0.0,0.0,2.0,4.0,0.0,0.0,0.0,0.0,0.0,
ESP-La Liga,2526,2025-12-14 Alavés-Real Madrid,Real Madrid,Thibaut Courtois,False,Goalkeeper,1,start,end,1.0,0.0,0.0,0.0,0.0,0.0,0.0,1.0,1.0,0.0,0.0,0.0,0.0,0.0,
ESP-La Liga,2526,2025-12-14 Celta Vigo-Athletic Club,Athletic Club,Unai Simón,False,Goalkeeper,1,start,end,1.0,0.0,0.0,0.0,0.0,0.0,0.0,2.0,0.0,0.0,0.0,0.0,0.0,0.0,
ESP-La Liga,2526,2025-12-14 Celta Vigo-Athletic Club,Celta Vigo,Andrei Radu,True,Goalkeeper,1,start,end,1.0,0.0,0.0,0.0,0.0,0.0,0.0,0.0,2.0,0.0,0.0,0.0,0.0,0.0,
ESP-La Liga,2526,2025-12-14 Sevilla-Real Oviedo,Real Oviedo,Aarón Escandell,False,Goalkeeper,1,start,end,1.0,0.0,0.0,0.0,0.0,0.0,0.0,4.0,3.0,0.0,0.0,0.0,0.0,0.0,
ESP-La Liga,2526,2025-12-14 Sevilla-Real Oviedo,Sevilla,Odisseas Vlachodimos,True,Goalkeeper,1,start,end,1.0,0.0,0.0,0.0,0.0,0.0,0.0,0.0,1.0,0.0,0.0,0.0,0.0,0.0,
ESP-La Liga,2526,2025-12-15 Rayo Vallecano-Real Betis,Rayo Vallecano,Augusto Batalla,True,Goalkeeper,1,start,end,1.0,0.0,0.0,0.0,0.0,0.0,1.0,0.0,6.0,0.0,0.0,0.0,0.0,0.0,
ESP-La Liga,2526,2025-12-15 Rayo Vallecano-Real Betis,Real Betis,Álvaro Valles,False,Goalkeeper,1,start,end,1.0,0.0,0.0,0.0,0.0,0.0,0.0,0.0,7.0,0.0,0.0,0.0,0.0,0.0,
ESP-La Liga,2526,2025-12-19 Valencia-Mallorca,Mallorca,Leo Román,False,Goalkeeper,1,start,end,1.0,0.0,0.0,0.0,0.0,0.0,1.0,1.0,1.0,0.0,0.0,0.0,0.0,0.0,
ESP-La Liga,2526,2025-12-19 Valencia-Mallorca,Valencia,Julen Agirrezabala,True,Goalkeeper,1,start,end,1.0,0.0,0.0,0.0,0.0,0.0,0.0,1.0,1.0,0.0,0.0,0.0,0.0,0.0,
ESP-La Liga,2526,2025-12-20 Levante-Real Sociedad,Levante,Mathew Ryan,True,Goalkeeper,1,start,end,1.0,0.0,0.0,0.0,0.0,0.0,0.0,1.0,5.0,0.0,0.0,0.0,0.0,0.0,
ESP-La Liga,2526,2025-12-20 Levante-Real Sociedad,Real Sociedad,Álex Remiro,False,Goalkeeper,1,start,end,1.0,0.0,0.0,0.0,0.0,0.0,0.0,1.0,2.0,0.0,0.0,0.0,0.0,0.0,
ESP-La Liga,2526,2025-12-20 Osasuna-Alavés,Alavés,Antonio Sivera,False,Goalkeeper,1,start,end,1.0,0.0,0.0,0.0,0.0,0.0,0.0,3.0,4.0,0.0,0.0,0.0,0.0,0.0,
ESP-La Liga,2526,2025-12-20 Osasuna-Alavés,Osasuna,Sergio Herrera,True,Goalkeeper,1,start,end,1.0,0.0,0.0,0.0,0.0,0.0,0.0,0.0,3.0,0.0,0.0,0.0,0.0,0.0,
ESP-La Liga,2526,2025-12-20 Real Madrid-Sevilla,Real Madrid,Thibaut Courtois,True,Goalkeeper,1,start,end,1.0,0.0,0.0,0.0,0.0,0.0,0.0,0.0,5.0,0.0,0.0,0.0,0.0,0.0,
ESP-La Liga,2526,2025-12-20 Real Madrid-Sevilla,Sevilla,Odisseas Vlachodimos,False,Goalkeeper,1,start,end,1.0,0.0,0.0,0.0,0.0,0.0,0.0,2.0,6.0,0.0,0.0,0.0,0.0,0.0,
ESP-La Liga,2526,2025-12-20 Real Oviedo-Celta Vigo,Celta Vigo,Andrei Radu,False,Goalkeeper,1,start,end,1.0,0.0,0.0,0.0,0.0,0.0,0.0,0.0,3.0,0.0,0.0,0.0,0.0,0.0,
ESP-La Liga,2526,2025-12-20 Real Oviedo-Celta Vigo,Real Oviedo,Aarón Escandell,True,Goalkeeper,1,start,end,1.0,0.0,0.0,0.0,0.0,0.0,0.0,0.0,2.0,0.0,0.0,0.0,0.0,0.0,
ESP-La Liga,2526,2025-12-21 Elche-Rayo Vallecano,Elche,Iñaki Peña,True,Goalkeeper,1,start,end,1.0,0.0,0.0,0.0,0.0,0.0,0.0,0.0,8.0,0.0,0.0,0.0,0.0,0.0,
ESP-La Liga,2526,2025-12-21 Elche-Rayo Vallecano,Rayo Vallecano,Augusto Batalla,False,Goalkeeper,1,start,end,1.0,0.0,0.0,0.0,0.0,0.0,0.0,4.0,2.0,0.0,0.0,0.0,0.0,0.0,
ESP-La Liga,2526,2025-12-21 Girona-Atlético Madrid,Atlético Madrid,Jan Oblak,False,Goalkeeper,1,start,end,1.0,0.0,0.0,0.0,0.0,0.0,0.0,0.0,2.0,0.0,0.0,0.0,0.0,0.0,
ESP-La Liga,2526,2025-12-21 Girona-Atlético Madrid,Girona,Paulo Gazzaniga,True,Goalkeeper,1,start,end,1.0,0.0,0.0,0.0,0.0,0.0,0.0,3.0,3.0,0.0,0.0,0.0,0.0,0.0,
ESP-La Liga,2526,2025-12-21 Real Betis-Getafe,Getafe,David Soria,False,Goalkeeper,1,start,end,1.0,0.0,0.0,0.0,0.0,0.0,0.0,4.0,4.0,0.0,0.0,0.0,0.0,0.0,
ESP-La Liga,2526,2025-12-21 Real Betis-Getafe,Real Betis,Álvaro Valles,True,Goalkeeper,1,start,end,1.0,0.0,0.0,0.0,0.0,0.0,0.0,0.0,3.0,0.0,0.0,0.0,0.0,0.0,
ESP-La Liga,2526,2025-12-21 Villarreal-Barcelona,Barcelona,Joan García,False,Goalkeeper,1,start,end,1.0,0.0,0.0,0.0,0.0,0.0,0.0,0.0,5.0,0.0,0.0,0.0,0.0,0.0,
ESP-La Liga,2526,2025-12-21 Villarreal-Barcelona,Villarreal,Luiz Júnior,True,Goalkeeper,1,start,end,1.0,0.0,0.0,0.0,0.0,0.0,0.0,2.0,2.0,0.0,0.0,0.0,0.0,0.0,
ESP-La Liga,2526,2025-12-22 Athletic Club-Espanyol,Athletic Club,Unai Simón,True,Goalkeeper,1,start,end,1.0,0.0,0.0,0.0,0.0,0.0,0.0,2.0,3.0,0.0,0.0,0.0,0.0,0.0,
ESP-La Liga,2526,2025-12-22 Athletic Club-Espanyol,Espanyol,Marko Dmitrovic,False,Goalkeeper,1,start,end,1.0,0.0,0.0,0.0,0.0,0.0,0.0,1.0,6.0,0.0,0.0,0.0,0.0,0.0,
ESP-La Liga,2526,2026-01-02 Rayo Vallecano-Getafe,Getafe,David Soria,False,Goalkeeper,1,start,end,1.0,0.0,0.0,0.0,0.0,0.0,1.0,1.0,3.0,0.0,0.0,0.0,0.0,0.0,
ESP-La Liga,2526,2026-01-02 Rayo Vallecano-Getafe,Rayo Vallecano,Augusto Batalla,True,Goalkeeper,1,start,end,1.0,0.0,0.0,0.0,0.0,0.0,0.0,1.0,3.0,0.0,0.0,0.0,0.0,0.0,
ESP-La Liga,2526,2026-01-03 Celta Vigo-Valencia,Celta Vigo,Andrei Radu,True,Goalkeeper,1,start,end,1.0,0.0,0.0,0.0,0.0,0.0,0.0,1.0,4.0,0.0,0.0,0.0,0.0,0.0,
ESP-La Liga,2526,2026-01-03 Celta Vigo-Valencia,Valencia,Julen Agirrezabala,False,Goalkeeper,1,start,end,1.0,0.0,0.0,0.0,0.0,0.0,0.0,4.0,2.0,0.0,0.0,0.0,0.0,0.0,
ESP-La Liga,2526,2026-01-03 Elche-Villarreal,Elche,Iñaki Peña,True,Goalkeeper,1,start,end,1.0,0.0,0.0,0.0,0.0,0.0,0.0,3.0,1.0,0.0,0.0,0.0,0.0,0.0,
ESP-La Liga,2526,2026-01-03 Elche-Villarreal,Villarreal,Luiz Júnior,False,Goalkeeper,1,start,end,1.0,0.0,0.0,0.0,0.0,0.0,0.0,1.0,1.0,0.0,0.0,0.0,0.0,0.0,
ESP-La Liga,2526,2026-01-03 Espanyol-Barcelona,Barcelona,Joan García,False,Goalkeeper,1,start,end,1.0,0.0,0.0,0.0,0.0,0.0,0.0,0.0,6.0,0.0,0.0,0.0,0.0,0.0,
ESP-La Liga,2526,2026-01-03 Espanyol-Barcelona,Espanyol,Marko Dmitrovic,True,Goalkeeper,1,start,end,1.0,0.0,0.0,0.0,0.0,0.0,0.0,2.0,4.0,0.0,0.0,0.0,0.0,0.0,
ESP-La Liga,2526,2026-01-03 Osasuna-Athletic Club,Athletic Club,Unai Simón,False,Goalkeeper,1,start,end,1.0,0.0,0.0,0.0,0.0,0.0,0.0,1.0,3.0,0.0,0.0,0.0,0.0,0.0,
ESP-La Liga,2526,2026-01-03 Osasuna-Athletic Club,Osasuna,Sergio Herrera,True,Goalkeeper,1,start,end,1.0,0.0,0.0,0.0,0.0,0.0,0.0,1.0,5.0,0.0,0.0,0.0,0.0,0.0,
ESP-La Liga,2526,2026-01-04 Alavés-Real Oviedo,Alavés,Antonio Sivera,True,Goalkeeper,1,start,end,1.0,0.0,0.0,0.0,0.0,0.0,0.0,1.0,5.0,0.0,0.0,0.0,0.0,0.0,
ESP-La Liga,2526,2026-01-04 Alavés-Real Oviedo,Real Oviedo,Aarón Escandell,False,Goalkeeper,1,start,end,1.0,0.0,0.0,0.0,0.0,0.0,0.0,1.0,6.0,0.0,0.0,0.0,0.0,0.0,
ESP-La Liga,2526,2026-01-04 Mallorca-Girona,Girona,Paulo Gazzaniga,False,Goalkeeper,1,start,end,1.0,0.0,0.0,0.0,0.0,0.0,0.0,1.0,1.0,0.0,0.0,0.0,0.0,0.0,
ESP-La Liga,2526,2026-01-04 Mallorca-Girona,Mallorca,Leo Román,True,Goalkeeper,1,start,end,1.0,1.0,0.0,0.0,0.0,0.0,0.0,2.0,3.0,0.0,0.0,0.0,0.0,0.0,
ESP-La Liga,2526,2026-01-04 Real Madrid-Real Betis,Real Betis,Álvaro Valles,False,Goalkeeper,1,start,end,1.0,0.0,1.0,0.0,0.0,0.0,0.0,5.0,4.0,0.0,0.0,0.0,0.0,0.0,
ESP-La Liga,2526,2026-01-04 Real Madrid-Real Betis,Real Madrid,Thibaut Courtois,True,Goalkeeper,1,start,end,1.0,0.0,0.0,0.0,0.0,0.0,0.0,1.0,4.0,0.0,0.0,0.0,0.0,0.0,
ESP-La Liga,2526,2026-01-04 Real Sociedad-Atlético Madrid,Atlético Madrid,Jan Oblak,False,Goalkeeper,1,start,end,1.0,0.0,0.0,0.0,0.0,0.0,0.0,1.0,7.0,0.0,0.0,0.0,0.0,0.0,
ESP-La Liga,2526,2026-01-04 Real Sociedad-Atlético Madrid,Real Sociedad,Álex Remiro,True,Goalkeeper,1,start,end,1.0,0.0,0.0,0.0,0.0,0.0,0.0,1.0,1.0,0.0,0.0,0.0,0.0,0.0,
ESP-La Liga,2526,2026-01-04 Sevilla-Levante,Levante,Mathew Ryan,False,Goalkeeper,1,start,end,1.0,0.0,0.0,0.0,0.0,0.0,1.0,0.0,7.0,0.0,0.0,0.0,0.0,0.0,
ESP-La Liga,2526,2026-01-04 Sevilla-Levante,Sevilla,Odisseas Vlachodimos,True,Goalkeeper,1,start,end,1.0,0.0,0.0,0.0,0.0,0.0,0.0,3.0,1.0,0.0,0.0,0.0,0.0,0.0,
ESP-La Liga,2526,2026-01-09 Getafe-Real Sociedad,Getafe,David Soria,True,Goalkeeper,1,start,end,1.0,0.0,0.0,0.0,0.0,0.0,0.0,2.0,3.0,0.0,0.0,0.0,0.0,0.0,
ESP-La Liga,2526,2026-01-09 Getafe-Real Sociedad,Real Sociedad,Álex Remiro,False,Goalkeeper,1,start,end,1.0,0.0,0.0,0.0,0.0,0.0,0.0,1.0,2.0,0.0,0.0,0.0,0.0,0.0,
ESP-La Liga,2526,2026-01-10 Girona-Osasuna,Girona,Paulo Gazzaniga,True,Goalkeeper,1,start,end,1.0,0.0,0.0,0.0,0.0,0.0,0.0,0.0,0.0,0.0,0.0,0.0,0.0,0.0,
ESP-La Liga,2526,2026-01-10 Girona-Osasuna,Osasuna,Sergio Herrera,False,Goalkeeper,1,start,end,1.0,0.0,0.0,0.0,0.0,0.0,1.0,1.0,3.0,0.0,0.0,0.0,0.0,0.0,
ESP-La Liga,2526,2026-01-10 Real Oviedo-Real Betis,Real Betis,Álvaro Valles,False,Goalkeeper,1,start,end,1.0,0.0,1.0,0.0,0.0,0.0,0.0,1.0,2.0,0.0,0.0,0.0,0.0,0.0,
ESP-La Liga,2526,2026-01-10 Real Oviedo-Real Betis,Real Oviedo,Aarón Escandell,True,Goalkeeper,1,start,end,1.0,0.0,0.0,0.0,0.0,0.0,0.0,1.0,5.0,0.0,0.0,0.0,0.0,0.0,
ESP-La Liga,2526,2026-01-10 Valencia-Elche,Elche,Matías Dituro,False,Goalkeeper,1,start,end,1.0,0.0,0.0,0.0,0.0,0.0,0.0,1.0,3.0,0.0,0.0,0.0,0.0,0.0,
ESP-La Liga,2526,2026-01-10 Valencia-Elche,Valencia,Stole Dimitrievski,True,Goalkeeper,1,start,end,1.0,0.0,0.0,0.0,0.0,0.0,0.0,1.0,0.0,0.0,0.0,0.0,0.0,0.0,
ESP-La Liga,2526,2026-01-10 Villarreal-Alavés,Alavés,Antonio Sivera,False,Goalkeeper,1,start,end,1.0,0.0,0.0,0.0,0.0,0.0,0.0,3.0,1.0,0.0,0.0,0.0,0.0,0.0,
ESP-La Liga,2526,2026-01-10 Villarreal-Alavés,Villarreal,Luiz Júnior,True,Goalkeeper,1,start,end,1.0,0.0,0.0,0.0,0.0,0.0,0.0,1.0,4.0,0.0,0.0,0.0,0.0,0.0,
ESP-La Liga,2526,2026-01-11 Levante-Espanyol,Espanyol,Marko Dmitrovic,False,Goalkeeper,1,start,end,1.0,0.0,0.0,0.0,0.0,0.0,0.0,1.0,1.0,0.0,0.0,0.0,0.0,0.0,
ESP-La Liga,2526,2026-01-11 Levante-Espanyol,Levante,Mathew Ryan,True,Goalkeeper,1,start,end,1.0,0.0,0.0,0.0,0.0,0.0,0.0,1.0,2.0,0.0,0.0,0.0,0.0,0.0,
ESP-La Liga,2526,2026-01-11 Rayo Vallecano-Mallorca,Mallorca,Leo Román,False,Goalkeeper,1,start,end,1.0,0.0,0.0,0.0,0.0,0.0,0.0,2.0,3.0,0.0,0.0,0.0,0.0,0.0,
ESP-La Liga,2526,2026-01-11 Rayo Vallecano-Mallorca,Rayo Vallecano,Augusto Batalla,True,Goalkeeper,1,start,end,1.0,0.0,0.0,0.0,0.0,0.0,0.0,1.0,1.0,0.0,0.0,0.0,0.0,0.0,
ESP-La Liga,2526,2026-01-12 Sevilla-Celta Vigo,Celta Vigo,Andrei Radu,False,Goalkeeper,1,start,end,1.0,0.0,0.0,0.0,0.0,0.0,0.0,0.0,2.0,0.0,0.0,0.0,0.0,0.0,
ESP-La Liga,2526,2026-01-12 Sevilla-Celta Vigo,Sevilla,Odisseas Vlachodimos,True,Goalkeeper,1,start,end,1.0,0.0,0.0,0.0,0.0,0.0,0.0,1.0,6.0,0.0,0.0,0.0,0.0,0.0,
ESP-La Liga,2526,2026-01-16 Espanyol-Girona,Espanyol,Marko Dmitrovic,True,Goalkeeper,1,start,end,1.0,0.0,1.0,0.0,0.0,0.0,0.0,2.0,2.0,0.0,0.0,0.0,0.0,0.0,
ESP-La Liga,2526,2026-01-16 Espanyol-Girona,Girona,Paulo Gazzaniga,False,Goalkeeper,1,start,end,1.0,0.0,0.0,0.0,0.0,0.0,1.0,0.0,2.0,0.0,0.0,0.0,0.0,0.0,
ESP-La Liga,2526,2026-01-17 Mallorca-Athletic Club,Athletic Club,Unai Simón,False,Goalkeeper,1,start,end,1.0,0.0,0.0,0.0,0.0,0.0,0.0,3.0,6.0,0.0,0.0,0.0,0.0,0.0,
ESP-La Liga,2526,2026-01-17 Mallorca-Athletic Club,Mallorca,Leo Román,True,Goalkeeper,1,start,end,1.0,0.0,0.0,0.0,0.0,0.0,0.0,2.0,9.0,0.0,0.0,0.0,0.0,0.0,
ESP-La Liga,2526,2026-01-17 Osasuna-Real Oviedo,Osasuna,Sergio Herrera,True,Goalkeeper,1,start,end,1.0,0.0,0.0,0.0,0.0,0.0,0.0,2.0,3.0,0.0,0.0,0.0,0.0,0.0,
ESP-La Liga,2526,2026-01-17 Osasuna-Real Oviedo,Real Oviedo,Aarón Escandell,False,Goalkeeper,1,start,end,1.0,0.0,1.0,0.0,0.0,0.0,0.0,3.0,2.0,0.0,0.0,0.0,0.0,0.0,
ESP-La Liga,2526,2026-01-17 Real Betis-Villarreal,Real Betis,Álvaro Valles,True,Goalkeeper,1,start,end,1.0,0.0,0.0,0.0,0.0,0.0,0.0,0.0,3.0,0.0,0.0,0.0,0.0,0.0,
ESP-La Liga,2526,2026-01-17 Real Betis-Villarreal,Villarreal,Luiz Júnior,False,Goalkeeper,1,start,end,1.0,0.0,0.0,0.0,0.0,0.0,0.0,2.0,4.0,0.0,0.0,0.0,0.0,0.0,
ESP-La Liga,2526,2026-01-17 Real Madrid-Levante,Levante,Mathew Ryan,False,Goalkeeper,1,start,end,1.0,0.0,0.0,0.0,0.0,0.0,0.0,2.0,9.0,0.0,0.0,0.0,0.0,0.0,
ESP-La Liga,2526,2026-01-17 Real Madrid-Levante,Real Madrid,Thibaut Courtois,True,Goalkeeper,1,start,end,1.0,0.0,0.0,0.0,0.0,0.0,0.0,0.0,0.0,0.0,0.0,0.0,0.0,0.0,
ESP-La Liga,2526,2026-01-18 Atlético Madrid-Alavés,Alavés,Antonio Sivera,False,Goalkeeper,1,start,end,1.0,0.0,0.0,0.0,0.0,0.0,0.0,1.0,4.0,0.0,0.0,0.0,0.0,0.0,
ESP-La Liga,2526,2026-01-18 Atlético Madrid-Alavés,Atlético Madrid,Jan Oblak,True,Goalkeeper,1,start,end,1.0,0.0,0.0,0.0,0.0,0.0,0.0,0.0,0.0,0.0,0.0,0.0,0.0,0.0,
ESP-La Liga,2526,2026-01-18 Celta Vigo-Rayo Vallecano,Celta Vigo,Andrei Radu,True,Goalkeeper,1,start,end,1.0,0.0,0.0,0.0,0.0,0.0,0.0,0.0,3.0,0.0,0.0,0.0,0.0,0.0,
ESP-La Liga,2526,2026-01-18 Celta Vigo-Rayo Vallecano,Rayo Vallecano,Augusto Batalla,False,Goalkeeper,1,start,end,1.0,0.0,0.0,0.0,0.0,0.0,0.0,3.0,4.0,0.0,0.0,0.0,0.0,0.0,
ESP-La Liga,2526,2026-01-18 Getafe-Valencia,Getafe,David Soria,True,Goalkeeper,1,start,end,1.0,0.0,0.0,0.0,0.0,0.0,0.0,1.0,0.0,0.0,0.0,0.0,0.0,0.0,
ESP-La Liga,2526,2026-01-18 Getafe-Valencia,Valencia,Stole Dimitrievski,False,Goalkeeper,1,start,end,1.0,0.0,1.0,0.0,0.0,0.0,0.0,0.0,3.0,0.0,0.0,0.0,0.0,0.0,
ESP-La Liga,2526,2026-01-18 Real Sociedad-Barcelona,Barcelona,Joan García,False,Goalkeeper,1,start,end,1.0,0.0,1.0,0.0,0.0,0.0,0.0,2.0,3.0,0.0,0.0,0.0,0.0,0.0,
ESP-La Liga,2526,2026-01-18 Real Sociedad-Barcelona,Real Sociedad,Álex Remiro,True,Goalkeeper,1,start,end,1.0,0.0,0.0,0.0,0.0,0.0,0.0,1.0,8.0,0.0,0.0,0.0,0.0,0.0,
ESP-La Liga,2526,2026-01-19 Elche-Sevilla,Elche,Iñaki Peña,True,Goalkeeper,1,start,end,1.0,0.0,0.0,0.0,0.0,0.0,0.0,2.0,6.0,0.0,0.0,0.0,0.0,0.0,
ESP-La Liga,2526,2026-01-19 Elche-Sevilla,Sevilla,Odisseas Vlachodimos,False,Goalkeeper,1,start,end,1.0,0.0,0.0,0.0,0.0,0.0,0.0,2.0,3.0,0.0,0.0,0.0,0.0,0.0,
ESP-La Liga,2526,2026-01-23 Levante-Elche,Elche,Iñaki Peña,False,Goalkeeper,1,start,end,1.0,0.0,0.0,0.0,0.0,0.0,0.0,3.0,2.0,0.0,0.0,0.0,0.0,0.0,
ESP-La Liga,2526,2026-01-23 Levante-Elche,Levante,Mathew Ryan,True,Goalkeeper,1,start,end,1.0,0.0,0.0,0.0,0.0,0.0,0.0,2.0,1.0,0.0,0.0,0.0,0.0,0.0,
ESP-La Liga,2526,2026-01-24 Rayo Vallecano-Osasuna,Osasuna,Sergio Herrera,False,Goalkeeper,1,start,end,1.0,0.0,0.0,0.0,0.0,0.0,0.0,1.0,3.0,0.0,0.0,0.0,0.0,0.0,
ESP-La Liga,2526,2026-01-24 Rayo Vallecano-Osasuna,Rayo Vallecano,Augusto Batalla,True,Goalkeeper,1,start,end,1.0,0.0,0.0,0.0,0.0,0.0,0.0,3.0,3.0,0.0,0.0,0.0,0.0,0.0,
ESP-La Liga,2526,2026-01-24 Sevilla-Athletic Club,Athletic Club,Unai Simón,False,Goalkeeper,1,start,end,1.0,0.0,0.0,0.0,0.0,0.0,0.0,2.0,5.0,0.0,0.0,0.0,0.0,0.0,
ESP-La Liga,2526,2026-01-24 Sevilla-Athletic Club,Sevilla,Odisseas Vlachodimos,True,Goalkeeper,1,start,end,1.0,0.0,0.0,0.0,0.0,0.0,0.0,1.0,3.0,0.0,0.0,0.0,0.0,0.0,
ESP-La Liga,2526,2026-01-24 Valencia-Espanyol,Espanyol,Marko Dmitrovic,False,Goalkeeper,1,start,end,1.0,0.0,0.0,0.0,0.0,0.0,0.0,3.0,2.0,0.0,0.0,0.0,0.0,0.0,
ESP-La Liga,2526,2026-01-24 Valencia-Espanyol,Valencia,Stole Dimitrievski,True,Goalkeeper,1,start,end,1.0,0.0,0.0,0.0,0.0,0.0,0.0,2.0,5.0,0.0,0.0,0.0,0.0,0.0,
ESP-La Liga,2526,2026-01-24 Villarreal-Real Madrid,Real Madrid,Thibaut Courtois,False,Goalkeeper,1,start,end,1.0,0.0,0.0,0.0,0.0,0.0,0.0,0.0,1.0,0.0,0.0,0.0,0.0,0.0,
ESP-La Liga,2526,2026-01-24 Villarreal-Real Madrid,Villarreal,Luiz Júnior,True,Goalkeeper,1,start,end,1.0,0.0,0.0,0.0,0.0,0.0,0.0,2.0,2.0,0.0,0.0,0.0,0.0,0.0,
ESP-La Liga,2526,2026-01-25 Alavés-Real Betis,Alavés,Antonio Sivera,True,Goalkeeper,1,start,end,1.0,0.0,0.0,0.0,0.0,0.0,0.0,1.0,3.0,0.0,0.0,0.0,0.0,0.0,
ESP-La Liga,2526,2026-01-25 Alavés-Real Betis,Real Betis,Pau López,False,Goalkeeper,1,start,end,1.0,0.0,1.0,0.0,0.0,0.0,0.0,2.0,7.0,0.0,0.0,0.0,0.0,0.0,
ESP-La Liga,2526,2026-01-25 Atlético Madrid-Mallorca,Atlético Madrid,Jan Oblak,True,Goalkeeper,1,start,end,1.0,0.0,0.0,0.0,0.0,0.0,0.0,0.0,1.0,0.0,0.0,0.0,0.0,0.0,
ESP-La Liga,2526,2026-01-25 Atlético Madrid-Mallorca,Mallorca,Leo Román,False,Goalkeeper,1,start,end,1.0,0.0,0.0,0.0,0.0,0.0,0.0,3.0,7.0,0.0,0.0,0.0,0.0,0.0,
ESP-La Liga,2526,2026-01-25 Barcelona-Real Oviedo,Barcelona,Joan García,True,Goalkeeper,1,start,end,1.0,0.0,1.0,0.0,0.0,0.0,0.0,0.0,3.0,0.0,0.0,0.0,0.0,0.0,
ESP-La Liga,2526,2026-01-25 Barcelona-Real Oviedo,Real Oviedo,Aarón Escandell,False,Goalkeeper,1,start,end,1.0,1.0,0.0,0.0,0.0,0.0,1.0,3.0,4.0,0.0,0.0,0.0,0.0,0.0,
ESP-La Liga,2526,2026-01-25 Real Sociedad-Celta Vigo,Celta Vigo,Andrei Radu,False,Goalkeeper,1,start,end,1.0,0.0,0.0,0.0,0.0,0.0,0.0,3.0,1.0,0.0,0.0,0.0,0.0,0.0,
ESP-La Liga,2526,2026-01-25 Real Sociedad-Celta Vigo,Real Sociedad,Álex Remiro,True,Goalkeeper,1,start,end,1.0,0.0,0.0,0.0,0.0,0.0,0.0,1.0,2.0,0.0,0.0,0.0,0.0,0.0,
ESP-La Liga,2526,2026-01-26 Girona-Getafe,Getafe,David Soria,False,Goalkeeper,1,start,end,1.0,0.0,0.0,0.0,0.0,0.0,0.0,1.0,3.0,0.0,0.0,0.0,0.0,0.0,
ESP-La Liga,2526,2026-01-26 Girona-Getafe,Girona,Marc-André ter Stegen,True,Goalkeeper,1,start,end,1.0,0.0,0.0,0.0,0.0,0.0,0.0,1.0,1.0,0.0,0.0,0.0,0.0,0.0,
ESP-La Liga,2526,2026-01-30 Espanyol-Alavés,Alavés,Antonio Sivera,False,Goalkeeper,1,start,end,1.0,0.0,0.0,0.0,0.0,0.0,0.0,1.0,2.0,0.0,0.0,0.0,0.0,0.0,
ESP-La Liga,2526,2026-01-30 Espanyol-Alavés,Espanyol,Marko Dmitrovic,True,Goalkeeper,1,start,end,1.0,0.0,0.0,0.0,0.0,0.0,0.0,2.0,5.0,0.0,0.0,0.0,0.0,0.0,
ESP-La Liga,2526,2026-01-31 Elche-Barcelona,Barcelona,Joan García,False,Goalkeeper,1,start,end,1.0,0.0,0.0,0.0,0.0,0.0,0.0,1.0,2.0,0.0,0.0,0.0,0.0,0.0,
ESP-La Liga,2526,2026-01-31 Elche-Barcelona,Elche,Iñaki Peña,True,Goalkeeper,1,start,end,1.0,0.0,0.0,0.0,0.0,0.0,0.0,3.0,4.0,0.0,0.0,0.0,0.0,0.0,
ESP-La Liga,2526,2026-01-31 Levante-Atlético Madrid,Atlético Madrid,Jan Oblak,False,Goalkeeper,1,start,end,1.0,0.0,0.0,0.0,0.0,0.0,0.0,0.0,2.0,0.0,0.0,0.0,0.0,0.0,
ESP-La Liga,2526,2026-01-31 Levante-Atlético Madrid,Levante,Mathew Ryan,True,Goalkeeper,1,start,end,1.0,0.0,0.0,0.0,0.0,0.0,0.0,0.0,4.0,0.0,0.0,0.0,0.0,0.0,
ESP-La Liga,2526,2026-01-31 Osasuna-Villarreal,Osasuna,Sergio Herrera,True,Goalkeeper,1,start,end,1.0,0.0,0.0,0.0,0.0,0.0,0.0,2.0,2.0,0.0,0.0,0.0,0.0,0.0,
ESP-La Liga,2526,2026-01-31 Osasuna-Villarreal,Villarreal,Luiz Júnior,False,Goalkeeper,1,start,end,1.0,0.0,0.0,0.0,0.0,0.0,0.0,2.0,2.0,0.0,0.0,0.0,0.0,0.0,
ESP-La Liga,2526,2026-01-31 Real Oviedo-Girona,Girona,Marc-André ter Stegen,False,Goalkeeper,1,start,end,1.0,0.0,0.0,0.0,0.0,0.0,0.0,1.0,3.0,0.0,0.0,0.0,0.0,0.0,
ESP-La Liga,2526,2026-01-31 Real Oviedo-Girona,Real Oviedo,Aarón Escandell,True,Goalkeeper,1,start,end,1.0,0.0,2.0,0.0,0.0,0.0,0.0,0.0,1.0,0.0,0.0,0.0,0.0,0.0,
ESP-La Liga,2526,2026-02-01 Athletic Club-Real Sociedad,Athletic Club,Unai Simón,True,Goalkeeper,1,start,end,1.0,0.0,0.0,0.0,0.0,0.0,0.0,1.0,4.0,0.0,0.0,0.0,0.0,0.0,
ESP-La Liga,2526,2026-02-01 Athletic Club-Real Sociedad,Real Sociedad,Álex Remiro,False,Goalkeeper,1,start,end,1.0,0.0,1.0,0.0,0.0,0.0,0.0,1.0,3.0,0.0,0.0,0.0,0.0,0.0,
ESP-La Liga,2526,2026-02-01 Getafe-Celta Vigo,Celta Vigo,Andrei Radu,False,Goalkeeper,1,start,end,1.0,0.0,0.0,0.0,0.0,0.0,0.0,0.0,2.0,0.0,0.0,0.0,0.0,0.0,
ESP-La Liga,2526,2026-02-01 Getafe-Celta Vigo,Getafe,David Soria,True,Goalkeeper,1,start,end,1.0,0.0,0.0,0.0,0.0,0.0,0.0,0.0,1.0,0.0,0.0,0.0,0.0,0.0,
ESP-La Liga,2526,2026-02-01 Real Betis-Valencia,Real Betis,Álvaro Valles,True,Goalkeeper,1,start,end,1.0,0.0,0.0,0.0,0.0,0.0,0.0,1.0,3.0,0.0,0.0,0.0,0.0,0.0,
ESP-La Liga,2526,2026-02-01 Real Betis-Valencia,Valencia,Stole Dimitrievski,False,Goalkeeper,1,start,end,1.0,0.0,0.0,0.0,0.0,0.0,0.0,2.0,0.0,0.0,0.0,0.0,0.0,0.0,
ESP-La Liga,2526,2026-02-01 Real Madrid-Rayo Vallecano,Rayo Vallecano,Augusto Batalla,False,Goalkeeper,1,start,end,1.0,0.0,0.0,0.0,0.0,0.0,1.0,2.0,4.0,0.0,0.0,0.0,0.0,0.0,
ESP-La Liga,2526,2026-02-01 Real Madrid-Rayo Vallecano,Real Madrid,Thibaut Courtois,True,Goalkeeper,1,start,end,1.0,0.0,0.0,0.0,0.0,0.0,0.0,1.0,3.0,0.0,0.0,0.0,0.0,0.0,
ESP-La Liga,2526,2026-02-02 Mallorca-Sevilla,Mallorca,Leo Román,True,Goalkeeper,1,start,end,1.0,0.0,0.0,0.0,0.0,0.0,0.0,1.0,4.0,0.0,0.0,0.0,0.0,0.0,
ESP-La Liga,2526,2026-02-02 Mallorca-Sevilla,Sevilla,Odisseas Vlachodimos,False,Goalkeeper,1,start,end,1.0,0.0,0.0,0.0,0.0,0.0,0.0,4.0,2.0,0.0,0.0,0.0,0.0,0.0,
ESP-La Liga,2526,2026-02-06 Celta Vigo-Osasuna,Celta Vigo,Andrei Radu,True,Goalkeeper,1,start,end,1.0,0.0,0.0,0.0,0.0,0.0,0.0,2.0,0.0,0.0,0.0,0.0,0.0,0.0,
ESP-La Liga,2526,2026-02-06 Celta Vigo-Osasuna,Osasuna,Sergio Herrera,False,Goalkeeper,1,start,end,1.0,0.0,0.0,0.0,0.0,0.0,0.0,1.0,3.0,0.0,0.0,0.0,0.0,0.0,
ESP-La Liga,2526,2026-02-07 Barcelona-Mallorca,Barcelona,Joan García,True,Goalkeeper,1,start,end,1.0,0.0,0.0,0.0,0.0,0.0,0.0,0.0,4.0,0.0,0.0,0.0,0.0,0.0,
ESP-La Liga,2526,2026-02-07 Barcelona-Mallorca,Mallorca,Leo Román,False,Goalkeeper,1,start,end,1.0,0.0,0.0,0.0,0.0,0.0,0.0,3.0,4.0,0.0,0.0,0.0,0.0,0.0,
ESP-La Liga,2526,2026-02-07 Real Sociedad-Elche,Elche,Iñaki Peña,False,Goalkeeper,1,start,end,1.0,0.0,0.0,0.0,0.0,0.0,0.0,3.0,0.0,0.0,0.0,0.0,0.0,0.0,
ESP-La Liga,2526,2026-02-07 Real Sociedad-Elche,Real Sociedad,Álex Remiro,True,Goalkeeper,1,start,end,1.0,0.0,0.0,0.0,0.0,0.0,0.0,1.0,4.0,0.0,0.0,0.0,0.0,0.0,
ESP-La Liga,2526,2026-02-08 Alavés-Getafe,Alavés,Antonio Sivera,True,Goalkeeper,1,start,end,1.0,0.0,0.0,0.0,0.0,0.0,0.0,2.0,3.0,0.0,0.0,0.0,0.0,0.0,
ESP-La Liga,2526,2026-02-08 Alavés-Getafe,Getafe,David Soria,False,Goalkeeper,1,start,end,1.0,0.0,0.0,0.0,0.0,0.0,0.0,0.0,5.0,0.0,0.0,0.0,0.0,0.0,
ESP-La Liga,2526,2026-02-08 Athletic Club-Levante,Athletic Club,Unai Simón,True,Goalkeeper,1,start,end,1.0,0.0,0.0,0.0,0.0,0.0,0.0,2.0,1.0,0.0,0.0,0.0,0.0,0.0,
ESP-La Liga,2526,2026-02-08 Athletic Club-Levante,Levante,Mathew Ryan,False,Goalkeeper,1,start,end,1.0,0.0,0.0,0.0,0.0,0.0,0.0,4.0,3.0,0.0,0.0,0.0,0.0,0.0,
ESP-La Liga,2526,2026-02-08 Atlético Madrid-Real Betis,Atlético Madrid,Jan Oblak,True,Goalkeeper,1,start,end,1.0,0.0,0.0,0.0,0.0,0.0,0.0,1.0,3.0,0.0,0.0,0.0,0.0,0.0,
ESP-La Liga,2526,2026-02-08 Atlético Madrid-Real Betis,Real Betis,Álvaro Valles,False,Goalkeeper,1,start,end,1.0,0.0,0.0,0.0,0.0,0.0,0.0,0.0,5.0,0.0,0.0,0.0,0.0,0.0,
ESP-La Liga,2526,2026-02-08 Sevilla-Girona,Girona,Paulo Gazzaniga,False,Goalkeeper,1,start,end,1.0,0.0,0.0,0.0,0.0,0.0,1.0,1.0,2.0,0.0,0.0,0.0,0.0,0.0,
ESP-La Liga,2526,2026-02-08 Sevilla-Girona,Sevilla,Odisseas Vlachodimos,True,Goalkeeper,1,start,end,1.0,0.0,0.0,0.0,0.0,0.0,0.0,1.0,5.0,0.0,0.0,0.0,0.0,0.0,
ESP-La Liga,2526,2026-02-08 Valencia-Real Madrid,Real Madrid,Thibaut Courtois,False,Goalkeeper,1,start,end,1.0,0.0,0.0,0.0,0.0,0.0,0.0,0.0,0.0,0.0,0.0,0.0,0.0,0.0,
ESP-La Liga,2526,2026-02-08 Valencia-Real Madrid,Valencia,Stole Dimitrievski,True,Goalkeeper,1,start,end,1.0,0.0,0.0,0.0,0.0,0.0,0.0,2.0,4.0,0.0,0.0,0.0,0.0,0.0,
ESP-La Liga,2526,2026-02-09 Villarreal-Espanyol,Espanyol,Marko Dmitrovic,False,Goalkeeper,1,start,end,1.0,0.0,0.0,0.0,0.0,0.0,0.0,4.0,0.0,0.0,0.0,0.0,0.0,0.0,
ESP-La Liga,2526,2026-02-09 Villarreal-Espanyol,Villarreal,Luiz Júnior,True,Goalkeeper,1,start,end,1.0,0.0,1.0,0.0,0.0,0.0,0.0,1.0,1.0,0.0,0.0,0.0,0.0,0.0,
ESP-La Liga,2526,2026-02-13 Elche-Osasuna,Elche,Matías Dituro,True,Goalkeeper,1,start,end,1.0,0.0,0.0,0.0,0.0,0.0,0.0,0.0,1.0,0.0,0.0,0.0,0.0,0.0,
ESP-La Liga,2526,2026-02-13 Elche-Osasuna,Osasuna,Sergio Herrera,False,Goalkeeper,1,start,end,1.0,0.0,0.0,0.0,0.0,0.0,0.0,0.0,5.0,0.0,0.0,0.0,0.0,0.0,
ESP-La Liga,2526,2026-02-14 Espanyol-Celta Vigo,Celta Vigo,Andrei Radu,False,Goalkeeper,1,start,end,1.0,0.0,0.0,0.0,0.0,0.0,0.0,2.0,1.0,0.0,0.0,0.0,0.0,0.0,
ESP-La Liga,2526,2026-02-14 Espanyol-Celta Vigo,Espanyol,Marko Dmitrovic,True,Goalkeeper,1,start,end,1.0,0.0,0.0,0.0,0.0,0.0,0.0,2.0,2.0,0.0,0.0,0.0,0.0,0.0,
ESP-La Liga,2526,2026-02-14 Getafe-Villarreal,Getafe,David Soria,True,Goalkeeper,1,start,end,1.0,0.0,0.0,0.0,0.0,0.0,0.0,1.0,1.0,0.0,0.0,0.0,0.0,0.0,
ESP-La Liga,2526,2026-02-14 Getafe-Villarreal,Villarreal,Luiz Júnior,False,Goalkeeper,1,start,end,1.0,0.0,0.0,0.0,0.0,0.0,0.0,2.0,0.0,0.0,0.0,0.0,0.0,0.0,
ESP-La Liga,2526,2026-02-14 Real Madrid-Real Sociedad,Real Madrid,Thibaut Courtois,True,Goalkeeper,1,start,end,1.0,0.0,0.0,0.0,0.0,0.0,0.0,1.0,2.0,0.0,0.0,0.0,0.0,0.0,
ESP-La Liga,2526,2026-02-14 Real Madrid-Real Sociedad,Real Sociedad,Álex Remiro,False,Goalkeeper,1,start,end,1.0,0.0,0.0,0.0,0.0,0.0,0.0,4.0,0.0,0.0,0.0,0.0,0.0,0.0,
ESP-La Liga,2526,2026-02-14 Sevilla-Alavés,Alavés,Antonio Sivera,False,Goalkeeper,1,start,end,1.0,0.0,0.0,0.0,0.0,0.0,0.0,1.0,1.0,0.0,0.0,0.0,0.0,0.0,
ESP-La Liga,2526,2026-02-14 Sevilla-Alavés,Sevilla,Odisseas Vlachodimos,True,Goalkeeper,1,start,end,1.0,0.0,0.0,0.0,0.0,0.0,0.0,1.0,0.0,0.0,0.0,0.0,0.0,0.0,
ESP-La Liga,2526,2026-02-15 Levante-Valencia,Levante,Mathew Ryan,True,Goalkeeper,1,start,end,1.0,0.0,0.0,0.0,0.0,0.0,0.0,2.0,0.0,0.0,0.0,0.0,0.0,0.0,
ESP-La Liga,2526,2026-02-15 Levante-Valencia,Valencia,Stole Dimitrievski,False,Goalkeeper,1,start,end,1.0,0.0,0.0,0.0,0.0,0.0,0.0,0.0,1.0,0.0,0.0,0.0,0.0,0.0,
ESP-La Liga,2526,2026-02-15 Mallorca-Real Betis,Mallorca,Leo Román,True,Goalkeeper,1,start,end,1.0,0.0,0.0,0.0,0.0,0.0,0.0,2.0,5.0,0.0,0.0,0.0,0.0,0.0,
ESP-La Liga,2526,2026-02-15 Mallorca-Real Betis,Real Betis,Álvaro Valles,False,Goalkeeper,1,start,end,1.0,0.0,1.0,0.0,0.0,0.0,1.0,1.0,2.0,0.0,0.0,0.0,0.0,0.0,
ESP-La Liga,2526,2026-02-15 Rayo Vallecano-Atlético Madrid,Atlético Madrid,Jan Oblak,False,Goalkeeper,1,start,end,1.0,0.0,1.0,0.0,0.0,0.0,0.0,3.0,6.0,0.0,0.0,0.0,0.0,0.0,
ESP-La Liga,2526,2026-02-15 Rayo Vallecano-Atlético Madrid,Rayo Vallecano,Augusto Batalla,True,Goalkeeper,1,start,end,1.0,0.0,0.0,0.0,0.0,0.0,0.0,0.0,3.0,0.0,0.0,0.0,0.0,0.0,
ESP-La Liga,2526,2026-02-15 Real Oviedo-Athletic Club,Athletic Club,Unai Simón,False,Goalkeeper,1,start,end,1.0,0.0,0.0,0.0,0.0,0.0,0.0,1.0,0.0,0.0,0.0,0.0,0.0,0.0,
ESP-La Liga,2526,2026-02-15 Real Oviedo-Athletic Club,Real Oviedo,Aarón Escandell,True,Goalkeeper,1,start,end,1.0,0.0,1.0,0.0,0.0,0.0,0.0,2.0,2.0,0.0,0.0,0.0,0.0,0.0,
ESP-La Liga,2526,2026-02-16 Girona-Barcelona,Barcelona,Joan García,False,Goalkeeper,1,start,end,1.0,0.0,0.0,0.0,0.0,0.0,0.0,2.0,7.0,0.0,0.0,0.0,0.0,0.0,
ESP-La Liga,2526,2026-02-16 Girona-Barcelona,Girona,Paulo Gazzaniga,True,Goalkeeper,1,start,end,1.0,0.0,0.0,0.0,0.0,0.0,0.0,1.0,4.0,0.0,0.0,0.0,0.0,0.0,
ESP-La Liga,2526,2026-02-18 Levante-Villarreal,Levante,Mathew Ryan,True,Goalkeeper,1,start,end,1.0,0.0,0.0,0.0,0.0,0.0,0.0,1.0,4.0,0.0,0.0,0.0,0.0,2.0,
ESP-La Liga,2526,2026-02-18 Levante-Villarreal,Villarreal,Luiz Júnior,False,Goalkeeper,1,start,end,1.0,0.0,0.0,0.0,0.0,0.0,0.0,0.0,4.0,0.0,0.0,0.0,0.0,0.0,
ESP-La Liga,2526,2026-02-20 Athletic Club-Elche,Athletic Club,Unai Simón,True,Goalkeeper,1,start,end,1.0,0.0,0.0,0.0,0.0,0.0,0.0,1.0,1.0,0.0,0.0,0.0,0.0,0.0,
ESP-La Liga,2526,2026-02-20 Athletic Club-Elche,Elche,Matías Dituro,False,Goalkeeper,1,start,end,1.0,0.0,1.0,0.0,0.0,0.0,0.0,2.0,6.0,0.0,0.0,0.0,0.0,0.0,
ESP-La Liga,2526,2026-02-21 Atlético Madrid-Espanyol,Atlético Madrid,Jan Oblak,True,Goalkeeper,1,start,end,1.0,0.0,0.0,0.0,0.0,0.0,0.0,2.0,0.0,0.0,0.0,0.0,0.0,0.0,
ESP-La Liga,2526,2026-02-21 Atlético Madrid-Espanyol,Espanyol,Marko Dmitrovic,False,Goalkeeper,1,start,end,1.0,0.0,1.0,0.0,0.0,0.0,0.0,4.0,4.0,0.0,0.0,0.0,0.0,0.0,
ESP-La Liga,2526,2026-02-21 Osasuna-Real Madrid,Osasuna,Sergio Herrera,True,Goalkeeper,1,start,end,1.0,0.0,0.0,0.0,0.0,0.0,0.0,1.0,4.0,0.0,0.0,0.0,0.0,0.0,
ESP-La Liga,2526,2026-02-21 Osasuna-Real Madrid,Real Madrid,Thibaut Courtois,False,Goalkeeper,1,start,end,1.0,1.0,0.0,0.0,0.0,0.0,1.0,2.0,1.0,0.0,0.0,0.0,0.0,0.0,
ESP-La Liga,2526,2026-02-21 Real Betis-Rayo Vallecano,Rayo Vallecano,Augusto Batalla,False,Goalkeeper,1,start,end,1.0,0.0,0.0,0.0,0.0,0.0,0.0,1.0,2.0,0.0,0.0,0.0,0.0,0.0,
ESP-La Liga,2526,2026-02-21 Real Betis-Rayo Vallecano,Real Betis,Álvaro Valles,True,Goalkeeper,1,start,end,1.0,0.0,0.0,0.0,0.0,0.0,0.0,1.0,2.0,0.0,0.0,0.0,0.0,0.0,
ESP-La Liga,2526,2026-02-21 Real Sociedad-Real Oviedo,Real Oviedo,Aarón Escandell,False,Goalkeeper,1,start,end,1.0,0.0,0.0,0.0,0.0,0.0,0.0,3.0,5.0,0.0,0.0,0.0,0.0,0.0,
ESP-La Liga,2526,2026-02-21 Real Sociedad-Real Oviedo,Real Sociedad,Álex Remiro,True,Goalkeeper,1,start,end,1.0,0.0,1.0,0.0,0.0,0.0,0.0,3.0,3.0,0.0,0.0,0.0,0.0,0.0,
ESP-La Liga,2526,2026-02-22 Barcelona-Levante,Barcelona,Joan García,True,Goalkeeper,1,start,end,1.0,0.0,0.0,0.0,0.0,0.0,0.0,0.0,2.0,0.0,0.0,0.0,0.0,0.0,
ESP-La Liga,2526,2026-02-22 Barcelona-Levante,Levante,Mathew Ryan,False,Goalkeeper,1,start,end,1.0,0.0,0.0,0.0,0.0,0.0,0.0,3.0,6.0,0.0,0.0,0.0,0.0,0.0,
ESP-La Liga,2526,2026-02-22 Celta Vigo-Mallorca,Celta Vigo,Andrei Radu,True,Goalkeeper,1,start,end,1.0,0.0,0.0,0.0,0.0,0.0,0.0,0.0,0.0,0.0,0.0,0.0,0.0,0.0,
ESP-La Liga,2526,2026-02-22 Celta Vigo-Mallorca,Mallorca,Leo Román,False,Goalkeeper,1,start,end,1.0,0.0,0.0,0.0,0.0,0.0,0.0,2.0,4.0,0.0,0.0,0.0,0.0,0.0,
ESP-La Liga,2526,2026-02-22 Getafe-Sevilla,Getafe,David Soria,True,Goalkeeper,1,start,end,1.0,0.0,0.0,0.0,0.0,0.0,0.0,1.0,0.0,0.0,0.0,0.0,0.0,0.0,
ESP-La Liga,2526,2026-02-22 Getafe-Sevilla,Sevilla,Odisseas Vlachodimos,False,Goalkeeper,1,start,end,1.0,0.0,0.0,0.0,0.0,0.0,0.0,0.0,3.0,0.0,0.0,0.0,0.0,0.0,
ESP-La Liga,2526,2026-02-22 Villarreal-Valencia,Valencia,Stole Dimitrievski,False,Goalkeeper,1,start,end,1.0,0.0,0.0,0.0,0.0,0.0,0.0,2.0,3.0,0.0,0.0,0.0,0.0,0.0,
ESP-La Liga,2526,2026-02-22 Villarreal-Valencia,Villarreal,Luiz Júnior,True,Goalkeeper,1,start,end,1.0,1.0,2.0,0.0,0.0,0.0,0.0,1.0,2.0,0.0,0.0,0.0,0.0,0.0,
ESP-La Liga,2526,2026-02-23 Alavés-Girona,Alavés,Antonio Sivera,True,Goalkeeper,1,start,end,1.0,0.0,0.0,0.0,0.0,0.0,0.0,2.0,3.0,0.0,0.0,0.0,0.0,0.0,
ESP-La Liga,2526,2026-02-23 Alavés-Girona,Girona,Paulo Gazzaniga,False,Goalkeeper,1,start,end,1.0,0.0,1.0,0.0,0.0,0.0,0.0,2.0,4.0,0.0,0.0,0.0,0.0,0.0,
ESP-La Liga,2526,2026-02-27 Levante-Alavés,Alavés,Antonio Sivera,False,Goalkeeper,1,start,end,1.0,0.0,0.0,0.0,0.0,0.0,1.0,2.0,3.0,0.0,0.0,0.0,0.0,0.0,
ESP-La Liga,2526,2026-02-27 Levante-Alavés,Levante,Mathew Ryan,True,Goalkeeper,1,start,end,1.0,0.0,0.0,0.0,0.0,0.0,0.0,0.0,5.0,0.0,0.0,0.0,0.0,0.0,
ESP-La Liga,2526,2026-02-28 Barcelona-Villarreal,Barcelona,Joan García,True,Goalkeeper,1,start,end,1.0,0.0,0.0,0.0,0.0,0.0,0.0,1.0,0.0,0.0,0.0,0.0,0.0,0.0,
ESP-La Liga,2526,2026-02-28 Barcelona-Villarreal,Villarreal,Luiz Júnior,False,Goalkeeper,1,start,end,1.0,0.0,0.0,0.0,0.0,0.0,0.0,4.0,4.0,0.0,0.0,0.0,0.0,0.0,
ESP-La Liga,2526,2026-02-28 Mallorca-Real Sociedad,Mallorca,Leo Román,True,Goalkeeper,1,start,end,1.0,0.0,0.0,0.0,0.0,0.0,0.0,1.0,1.0,0.0,0.0,0.0,0.0,0.0,
ESP-La Liga,2526,2026-02-28 Mallorca-Real Sociedad,Real Sociedad,Álex Remiro,False,Goalkeeper,1,start,end,1.0,0.0,0.0,0.0,0.0,0.0,0.0,0.0,1.0,0.0,0.0,0.0,0.0,0.0,
ESP-La Liga,2526,2026-02-28 Rayo Vallecano-Athletic Club,Athletic Club,Unai Simón,False,Goalkeeper,1,start,end,1.0,0.0,0.0,0.0,0.0,0.0,0.0,1.0,6.0,0.0,0.0,0.0,0.0,0.0,
ESP-La Liga,2526,2026-02-28 Rayo Vallecano-Athletic Club,Rayo Vallecano,Augusto Batalla,True,Goalkeeper,1,start,end,1.0,0.0,0.0,0.0,0.0,0.0,0.0,1.0,1.0,0.0,0.0,0.0,0.0,0.0,
ESP-La Liga,2526,2026-02-28 Real Oviedo-Atlético Madrid,Atlético Madrid,Jan Oblak,False,Goalkeeper,1,start,end,1.0,0.0,0.0,0.0,0.0,0.0,0.0,0.0,6.0,0.0,0.0,0.0,0.0,0.0,
ESP-La Liga,2526,2026-02-28 Real Oviedo-Atlético Madrid,Real Oviedo,Aarón Escandell,True,Goalkeeper,1,start,end,1.0,0.0,0.0,0.0,0.0,0.0,0.0,1.0,0.0,0.0,0.0,0.0,0.0,0.0,
ESP-La Liga,2526,2026-03-01 Elche-Espanyol,Elche,Matías Dituro,True,Goalkeeper,1,start,end,1.0,0.0,0.0,0.0,0.0,0.0,0.0,2.0,2.0,0.0,0.0,0.0,0.0,0.0,
ESP-La Liga,2526,2026-03-01 Elche-Espanyol,Espanyol,Marko Dmitrovic,False,Goalkeeper,1,start,end,1.0,0.0,0.0,0.0,0.0,0.0,0.0,2.0,6.0,0.0,0.0,0.0,0.0,0.0,
ESP-La Liga,2526,2026-03-01 Girona-Celta Vigo,Celta Vigo,Andrei Radu,False,Goalkeeper,1,start,end,1.0,0.0,0.0,0.0,0.0,0.0,0.0,1.0,6.0,0.0,0.0,0.0,0.0,0.0,
ESP-La Liga,2526,2026-03-01 Girona-Celta Vigo,Girona,Paulo Gazzaniga,True,Goalkeeper,1,start,end,1.0,0.0,1.0,0.0,0.0,0.0,0.0,2.0,4.0,0.0,0.0,0.0,0.0,0.0,
ESP-La Liga,2526,2026-03-01 Real Betis-Sevilla,Real Betis,Álvaro Valles,True,Goalkeeper,1,start,end,1.0,0.0,0.0,0.0,0.0,0.0,0.0,2.0,3.0,0.0,0.0,0.0,0.0,0.0,
ESP-La Liga,2526,2026-03-01 Real Betis-Sevilla,Sevilla,Odisseas Vlachodimos,False,Goalkeeper,1,start,end,1.0,0.0,0.0,0.0,0.0,0.0,0.0,2.0,0.0,0.0,0.0,0.0,0.0,0.0,
ESP-La Liga,2526,2026-03-01 Valencia-Osasuna,Osasuna,Sergio Herrera,False,Goalkeeper,1,start,end,1.0,2.0,0.0,0.0,0.0,0.0,1.0,1.0,0.0,0.0,0.0,0.0,0.0,0.0,
ESP-La Liga,2526,2026-03-01 Valencia-Osasuna,Valencia,Stole Dimitrievski,True,Goalkeeper,1,start,end,1.0,0.0,1.0,0.0,0.0,0.0,0.0,0.0,0.0,0.0,0.0,0.0,0.0,0.0,
ESP-La Liga,2526,2026-03-02 Real Madrid-Getafe,Getafe,David Soria,False,Goalkeeper,1,start,end,1.0,0.0,0.0,0.0,0.0,0.0,0.0,0.0,7.0,0.0,0.0,0.0,0.0,0.0,
ESP-La Liga,2526,2026-03-02 Real Madrid-Getafe,Real Madrid,Thibaut Courtois,True,Goalkeeper,1,start,end,1.0,0.0,0.0,0.0,0.0,0.0,0.0,1.0,2.0,0.0,0.0,0.0,0.0,0.0,
ESP-La Liga,2526,2026-03-04 Rayo Vallecano-Real Oviedo,Rayo Vallecano,Augusto Batalla,True,Goalkeeper,1,start,end,1.0,0.0,0.0,0.0,0.0,0.0,0.0,0.0,2.0,0.0,0.0,0.0,0.0,0.0,
ESP-La Liga,2526,2026-03-04 Rayo Vallecano-Real Oviedo,Real Oviedo,Aarón Escandell,False,Goalkeeper,1,start,end,1.0,0.0,0.0,0.0,0.0,0.0,0.0,3.0,4.0,0.0,0.0,0.0,0.0,0.0,
ESP-La Liga,2526,2026-03-06 Celta Vigo-Real Madrid,Celta Vigo,Andrei Radu,True,Goalkeeper,1,start,end,1.0,0.0,1.0,0.0,0.0,0.0,0.0,2.0,1.0,0.0,0.0,0.0,0.0,0.0,
ESP-La Liga,2526,2026-03-06 Celta Vigo-Real Madrid,Real Madrid,Thibaut Courtois,False,Goalkeeper,1,start,end,1.0,0.0,0.0,0.0,0.0,0.0,0.0,1.0,3.0,0.0,0.0,0.0,0.0,0.0,
ESP-La Liga,2526,2026-03-07 Athletic Club-Barcelona,Athletic Club,Unai Simón,True,Goalkeeper,1,start,end,1.0,0.0,0.0,0.0,0.0,0.0,0.0,1.0,2.0,0.0,0.0,0.0,0.0,0.0,
ESP-La Liga,2526,2026-03-07 Athletic Club-Barcelona,Barcelona,Joan García,False,Goalkeeper,1,start,end,1.0,0.0,0.0,0.0,0.0,0.0,0.0,0.0,3.0,0.0,0.0,0.0,0.0,0.0,
ESP-La Liga,2526,2026-03-07 Atlético Madrid-Real Sociedad,Atlético Madrid,Jan Oblak,True,Goalkeeper,1,start,end,1.0,0.0,0.0,0.0,0.0,0.0,0.0,2.0,1.0,0.0,0.0,0.0,0.0,0.0,
ESP-La Liga,2526,2026-03-07 Atlético Madrid-Real Sociedad,Real Sociedad,Álex Remiro,False,Goalkeeper,1,start,end,1.0,0.0,0.0,0.0,0.0,0.0,0.0,3.0,5.0,0.0,0.0,0.0,0.0,0.0,
ESP-La Liga,2526,2026-03-07 Levante-Girona,Girona,Paulo Gazzaniga,False,Goalkeeper,1,start,end,1.0,0.0,0.0,0.0,0.0,0.0,0.0,1.0,3.0,0.0,0.0,0.0,0.0,0.0,
ESP-La Liga,2526,2026-03-07 Levante-Girona,Levante,Mathew Ryan,True,Goalkeeper,1,start,end,1.0,0.0,0.0,0.0,0.0,0.0,0.0,1.0,4.0,0.0,0.0,0.0,0.0,0.0,
ESP-La Liga,2526,2026-03-07 Osasuna-Mallorca,Mallorca,Leo Román,False,Goalkeeper,1,start,end,1.0,0.0,0.0,0.0,0.0,0.0,1.0,2.0,4.0,0.0,0.0,0.0,0.0,0.0,
ESP-La Liga,2526,2026-03-07 Osasuna-Mallorca,Osasuna,Sergio Herrera,True,Goalkeeper,1,start,end,1.0,0.0,0.0,0.0,0.0,0.0,0.0,2.0,2.0,0.0,0.0,0.0,0.0,0.0,
ESP-La Liga,2526,2026-03-08 Getafe-Real Betis,Getafe,David Soria,True,Goalkeeper,1,start,end,1.0,0.0,0.0,0.0,0.0,0.0,0.0,0.0,5.0,0.0,0.0,0.0,0.0,0.0,
ESP-La Liga,2526,2026-03-08 Getafe-Real Betis,Real Betis,Álvaro Valles,False,Goalkeeper,1,start,end,1.0,0.0,0.0,0.0,0.0,0.0,0.0,2.0,3.0,0.0,0.0,0.0,0.0,0.0,
ESP-La Liga,2526,2026-03-08 Sevilla-Rayo Vallecano,Rayo Vallecano,Augusto Batalla,False,Goalkeeper,1,start,end,1.0,0.0,0.0,0.0,0.0,0.0,0.0,1.0,1.0,0.0,0.0,0.0,0.0,0.0,
ESP-La Liga,2526,2026-03-08 Sevilla-Rayo Vallecano,Sevilla,Odisseas Vlachodimos,True,Goalkeeper,1,start,end,1.0,0.0,0.0,0.0,0.0,0.0,0.0,1.0,1.0,0.0,0.0,0.0,0.0,0.0,
ESP-La Liga,2526,2026-03-08 Valencia-Alavés,Alavés,Antonio Sivera,False,Goalkeeper,1,start,end,1.0,0.0,1.0,0.0,0.0,0.0,0.0,3.0,5.0,0.0,0.0,0.0,0.0,0.0,
ESP-La Liga,2526,2026-03-08 Valencia-Alavés,Valencia,Stole Dimitrievski,True,Goalkeeper,1,start,end,1.0,0.0,0.0,0.0,0.0,0.0,0.0,2.0,3.0,0.0,0.0,0.0,0.0,0.0,
ESP-La Liga,2526,2026-03-08 Villarreal-Elche,Elche,Matías Dituro,False,Goalkeeper,1,start,end,1.0,0.0,1.0,0.0,0.0,0.0,0.0,2.0,5.0,0.0,0.0,0.0,0.0,0.0,
ESP-La Liga,2526,2026-03-08 Villarreal-Elche,Villarreal,Luiz Júnior,True,Goalkeeper,1,start,end,1.0,0.0,0.0,0.0,0.0,0.0,0.0,1.0,6.0,0.0,0.0,0.0,0.0,0.0,
ESP-La Liga,2526,2026-03-09 Espanyol-Real Oviedo,Espanyol,Marko Dmitrovic,True,Goalkeeper,1,start,end,1.0,0.0,0.0,0.0,0.0,0.0,0.0,1.0,2.0,0.0,0.0,0.0,0.0,0.0,
ESP-La Liga,2526,2026-03-09 Espanyol-Real Oviedo,Real Oviedo,Aarón Escandell,False,Goalkeeper,1,start,end,1.0,0.0,1.0,0.0,0.0,0.0,0.0,1.0,8.0,0.0,0.0,0.0,0.0,0.0,
ESP-La Liga,2526,2026-03-13 Alavés-Villarreal,Alavés,Antonio Sivera,True,Goalkeeper,1,start,end,1.0,0.0,0.0,0.0,0.0,0.0,1.0,1.0,3.0,0.0,0.0,0.0,0.0,0.0,
ESP-La Liga,2526,2026-03-13 Alavés-Villarreal,Villarreal,Luiz Júnior,False,Goalkeeper,1,start,end,1.0,0.0,0.0,0.0,0.0,0.0,0.0,1.0,0.0,0.0,0.0,0.0,0.0,0.0,
ESP-La Liga,2526,2026-03-14 Atlético Madrid-Getafe,Atlético Madrid,Juan Musso,True,Goalkeeper,1,start,end,1.0,0.0,1.0,0.0,0.0,0.0,0.0,0.0,3.0,0.0,0.0,0.0,0.0,0.0,
ESP-La Liga,2526,2026-03-14 Atlético Madrid-Getafe,Getafe,David Soria,False,Goalkeeper,1,start,end,1.0,0.0,0.0,0.0,0.0,0.0,0.0,1.0,3.0,0.0,0.0,0.0,0.0,0.0,
ESP-La Liga,2526,2026-03-14 Girona-Athletic Club,Athletic Club,Unai Simón,False,Goalkeeper,1,start,end,1.0,0.0,0.0,0.0,0.0,0.0,0.0,3.0,2.0,0.0,0.0,0.0,0.0,0.0,
ESP-La Liga,2526,2026-03-14 Girona-Athletic Club,Girona,Paulo Gazzaniga,True,Goalkeeper,1,start,end,1.0,0.0,1.0,0.0,0.0,0.0,0.0,0.0,8.0,0.0,0.0,0.0,0.0,0.0,
ESP-La Liga,2526,2026-03-14 Real Madrid-Elche,Elche,Matías Dituro,False,Goalkeeper,1,start,end,1.0,0.0,1.0,0.0,0.0,0.0,0.0,4.0,2.0,0.0,0.0,0.0,0.0,0.0,
ESP-La Liga,2526,2026-03-14 Real Madrid-Elche,Real Madrid,Thibaut Courtois,True,Goalkeeper,1,start,end,1.0,0.0,0.0,0.0,0.0,0.0,0.0,1.0,1.0,0.0,0.0,0.0,0.0,0.0,
ESP-La Liga,2526,2026-03-14 Real Oviedo-Valencia,Real Oviedo,Aarón Escandell,True,Goalkeeper,1,start,end,1.0,0.0,0.0,0.0,0.0,0.0,0.0,0.0,2.0,0.0,0.0,0.0,0.0,0.0,
ESP-La Liga,2526,2026-03-14 Real Oviedo-Valencia,Valencia,Stole Dimitrievski,False,Goalkeeper,1,start,end,1.0,0.0,0.0,0.0,0.0,0.0,0.0,1.0,5.0,0.0,0.0,0.0,0.0,0.0,
ESP-La Liga,2526,2026-03-15 Barcelona-Sevilla,Barcelona,Joan García,True,Goalkeeper,1,start,end,1.0,0.0,0.0,0.0,0.0,0.0,0.0,2.0,2.0,0.0,0.0,0.0,0.0,0.0,
ESP-La Liga,2526,2026-03-15 Barcelona-Sevilla,Sevilla,Odisseas Vlachodimos,False,Goalkeeper,1,start,end,1.0,0.0,0.0,0.0,0.0,0.0,0.0,5.0,3.0,0.0,0.0,0.0,0.0,0.0,
ESP-La Liga,2526,2026-03-15 Mallorca-Espanyol,Espanyol,Marko Dmitrovic,False,Goalkeeper,1,start,end,1.0,0.0,1.0,0.0,0.0,0.0,0.0,2.0,10.0,0.0,0.0,0.0,0.0,0.0,
ESP-La Liga,2526,2026-03-15 Mallorca-Espanyol,Mallorca,Leo Román,True,Goalkeeper,1,start,end,1.0,0.0,0.0,0.0,0.0,0.0,0.0,1.0,1.0,0.0,0.0,0.0,0.0,0.0,
ESP-La Liga,2526,2026-03-15 Real Betis-Celta Vigo,Celta Vigo,Andrei Radu,False,Goalkeeper,1,start,end,1.0,0.0,1.0,0.0,0.0,0.0,0.0,1.0,5.0,0.0,0.0,0.0,0.0,0.0,
ESP-La Liga,2526,2026-03-15 Real Betis-Celta Vigo,Real Betis,Álvaro Valles,True,Goalkeeper,1,start,end,1.0,0.0,0.0,0.0,0.0,0.0,0.0,1.0,3.0,0.0,0.0,0.0,0.0,0.0,
ESP-La Liga,2526,2026-03-15 Real Sociedad-Osasuna,Osasuna,Sergio Herrera,False,Goalkeeper,1,start,end,1.0,0.0,0.0,0.0,0.0,0.0,0.0,3.0,3.0,0.0,0.0,0.0,0.0,0.0,
ESP-La Liga,2526,2026-03-15 Real Sociedad-Osasuna,Real Sociedad,Álex Remiro,True,Goalkeeper,1,start,end,1.0,0.0,0.0,0.0,0.0,0.0,0.0,1.0,3.0,0.0,0.0,0.0,0.0,0.0,
ESP-La Liga,2526,2026-03-16 Rayo Vallecano-Levante,Levante,Mathew Ryan,False,Goalkeeper,1,start,end,1.0,0.0,0.0,0.0,0.0,0.0,0.0,1.0,3.0,0.0,0.0,0.0,0.0,0.0,
ESP-La Liga,2526,2026-03-16 Rayo Vallecano-Levante,Rayo Vallecano,Augusto Batalla,True,Goalkeeper,1,start,end,1.0,0.0,1.0,0.0,0.0,0.0,0.0,1.0,4.0,0.0,0.0,0.0,0.0,0.0,
ESP-La Liga,2526,2026-03-20 Villarreal-Real Sociedad,Real Sociedad,Álex Remiro,False,Goalkeeper,1,start,end,1.0,0.0,0.0,0.0,0.0,0.0,0.0,3.0,7.0,0.0,0.0,0.0,0.0,0.0,
ESP-La Liga,2526,2026-03-20 Villarreal-Real Sociedad,Villarreal,Luiz Júnior,True,Goalkeeper,1,start,end,1.0,0.0,0.0,0.0,0.0,0.0,0.0,1.0,3.0,0.0,0.0,0.0,0.0,0.0,
ESP-La Liga,2526,2026-03-21 Elche-Mallorca,Elche,Matías Dituro,True,Goalkeeper,1,start,end,1.0,0.0,0.0,0.0,0.0,0.0,0.0,1.0,3.0,0.0,0.0,0.0,0.0,0.0,
ESP-La Liga,2526,2026-03-21 Elche-Mallorca,Mallorca,Leo Román,False,Goalkeeper,1,start,end,1.0,0.0,0.0,0.0,0.0,0.0,0.0,2.0,2.0,0.0,0.0,0.0,0.0,0.0,
ESP-La Liga,2526,2026-03-21 Espanyol-Getafe,Espanyol,Marko Dmitrovic,True,Goalkeeper,1,start,end,1.0,0.0,0.0,0.0,0.0,0.0,0.0,2.0,2.0,0.0,0.0,0.0,0.0,0.0,
ESP-La Liga,2526,2026-03-21 Espanyol-Getafe,Getafe,David Soria,False,Goalkeeper,1,start,end,1.0,0.0,0.0,0.0,0.0,0.0,0.0,1.0,4.0,0.0,0.0,0.0,0.0,0.0,
ESP-La Liga,2526,2026-03-21 Levante-Real Oviedo,Levante,Mathew Ryan,True,Goalkeeper,1,start,end,1.0,0.0,0.0,0.0,0.0,0.0,0.0,2.0,0.0,0.0,0.0,0.0,0.0,0.0,
ESP-La Liga,2526,2026-03-21 Levante-Real Oviedo,Real Oviedo,Aarón Escandell,False,Goalkeeper,1,start,end,1.0,0.0,0.0,0.0,0.0,0.0,0.0,4.0,4.0,0.0,0.0,0.0,0.0,0.0,
ESP-La Liga,2526,2026-03-21 Osasuna-Girona,Girona,Paulo Gazzaniga,False,Goalkeeper,1,start,end,1.0,0.0,0.0,0.0,0.0,0.0,0.0,1.0,10.0,0.0,0.0,0.0,0.0,0.0,
ESP-La Liga,2526,2026-03-21 Osasuna-Girona,Osasuna,Sergio Herrera,True,Goalkeeper,1,start,end,1.0,0.0,0.0,0.0,0.0,0.0,0.0,0.0,0.0,0.0,0.0,0.0,0.0,0.0,
ESP-La Liga,2526,2026-03-21 Sevilla-Valencia,Sevilla,Odisseas Vlachodimos,True,Goalkeeper,1,start,end,1.0,0.0,0.0,0.0,0.0,0.0,0.0,2.0,2.0,0.0,0.0,0.0,0.0,0.0,
ESP-La Liga,2526,2026-03-21 Sevilla-Valencia,Valencia,Stole Dimitrievski,False,Goalkeeper,1,start,end,1.0,0.0,0.0,0.0,0.0,0.0,0.0,0.0,2.0,0.0,0.0,0.0,0.0,0.0,
ESP-La Liga,2526,2026-03-22 Athletic Club-Real Betis,Athletic Club,Unai Simón,True,Goalkeeper,1,start,end,1.0,0.0,1.0,0.0,0.0,0.0,1.0,1.0,2.0,0.0,0.0,0.0,0.0,0.0,
ESP-La Liga,2526,2026-03-22 Athletic Club-Real Betis,Real Betis,Pau López,False,Goalkeeper,1,start,end,1.0,0.0,0.0,0.0,0.0,0.0,0.0,2.0,4.0,0.0,0.0,0.0,0.0,0.0,
ESP-La Liga,2526,2026-03-22 Barcelona-Rayo Vallecano,Barcelona,Joan García,True,Goalkeeper,1,start,end,1.0,0.0,0.0,0.0,0.0,0.0,0.0,0.0,4.0,0.0,0.0,0.0,0.0,0.0,
ESP-La Liga,2526,2026-03-22 Barcelona-Rayo Vallecano,Rayo Vallecano,Augusto Batalla,False,Goalkeeper,1,start,end,1.0,0.0,0.0,0.0,0.0,0.0,0.0,1.0,3.0,0.0,0.0,0.0,0.0,0.0,
ESP-La Liga,2526,2026-03-22 Celta Vigo-Alavés,Alavés,Antonio Sivera,False,Goalkeeper,1,start,end,1.0,0.0,0.0,0.0,0.0,0.0,0.0,3.0,2.0,0.0,0.0,0.0,0.0,0.0,
ESP-La Liga,2526,2026-03-22 Celta Vigo-Alavés,Celta Vigo,Andrei Radu,True,Goalkeeper,1,start,end,1.0,0.0,0.0,0.0,0.0,0.0,0.0,4.0,2.0,0.0,0.0,0.0,0.0,0.0,
ESP-La Liga,2526,2026-03-22 Real Madrid-Atlético Madrid,Atlético Madrid,Juan Musso,False,Goalkeeper,1,start,end,1.0,0.0,0.0,0.0,0.0,0.0,0.0,3.0,5.0,0.0,0.0,0.0,0.0,0.0,
ESP-La Liga,2526,2026-03-22 Real Madrid-Atlético Madrid,Real Madrid,Andriy Lunin,True,Goalkeeper,1,start,end,1.0,0.0,0.0,0.0,0.0,0.0,0.0,2.0,5.0,0.0,0.0,0.0,0.0,0.0,
ESP-La Liga,2526,2026-04-03 Rayo Vallecano-Elche,Elche,Matías Dituro,False,Goalkeeper,1,start,end,1.0,0.0,1.0,0.0,0.0,0.0,0.0,1.0,4.0,0.0,0.0,0.0,0.0,0.0,
ESP-La Liga,2526,2026-04-03 Rayo Vallecano-Elche,Rayo Vallecano,Augusto Batalla,True,Goalkeeper,1,start,end,1.0,0.0,0.0,0.0,0.0,0.0,0.0,0.0,4.0,0.0,0.0,0.0,0.0,0.0,
ESP-La Liga,2526,2026-04-04 Atlético Madrid-Barcelona,Atlético Madrid,Juan Musso,True,Goalkeeper,1,start,end,1.0,0.0,0.0,0.0,0.0,0.0,1.0,2.0,6.0,0.0,0.0,0.0,0.0,0.0,
ESP-La Liga,2526,2026-04-04 Atlético Madrid-Barcelona,Barcelona,Joan García,False,Goalkeeper,1,start,end,1.0,0.0,0.0,0.0,0.0,0.0,0.0,1.0,1.0,0.0,0.0,0.0,0.0,0.0,
ESP-La Liga,2526,2026-04-04 Mallorca-Real Madrid,Mallorca,Leo Román,True,Goalkeeper,1,start,end,1.0,0.0,0.0,0.0,0.0,0.0,1.0,1.0,5.0,0.0,0.0,0.0,0.0,0.0,
ESP-La Liga,2526,2026-04-04 Mallorca-Real Madrid,Real Madrid,Andriy Lunin,False,Goalkeeper,1,start,end,1.0,0.0,0.0,0.0,0.0,0.0,0.0,2.0,0.0,0.0,0.0,0.0,0.0,0.0,
ESP-La Liga,2526,2026-04-04 Real Betis-Espanyol,Espanyol,Marko Dmitrovic,False,Goalkeeper,1,start,end,1.0,0.0,0.0,0.0,0.0,0.0,0.0,0.0,6.0,0.0,0.0,0.0,0.0,0.0,
ESP-La Liga,2526,2026-04-04 Real Betis-Espanyol,Real Betis,Álvaro Valles,True,Goalkeeper,1,start,end,1.0,0.0,0.0,0.0,0.0,0.0,0.0,0.0,1.0,0.0,0.0,0.0,0.0,0.0,
ESP-La Liga,2526,2026-04-04 Real Sociedad-Levante,Levante,Mathew Ryan,False,Goalkeeper,1,start,end,1.0,0.0,0.0,0.0,0.0,0.0,0.0,2.0,3.0,0.0,0.0,0.0,0.0,0.0,
ESP-La Liga,2526,2026-04-04 Real Sociedad-Levante,Real Sociedad,Álex Remiro,True,Goalkeeper,1,start,end,1.0,0.0,0.0,0.0,0.0,0.0,0.0,0.0,4.0,0.0,0.0,0.0,0.0,0.0,
ESP-La Liga,2526,2026-04-05 Alavés-Osasuna,Alavés,Antonio Sivera,True,Goalkeeper,1,start,end,1.0,0.0,0.0,0.0,0.0,0.0,0.0,2.0,3.0,0.0,0.0,0.0,0.0,0.0,
ESP-La Liga,2526,2026-04-05 Alavés-Osasuna,Osasuna,Sergio Herrera,False,Goalkeeper,1,start,end,1.0,0.0,0.0,0.0,0.0,0.0,0.0,2.0,5.0,0.0,0.0,0.0,0.0,0.0,
ESP-La Liga,2526,2026-04-05 Getafe-Athletic Club,Athletic Club,Unai Simón,False,Goalkeeper,1,start,end,1.0,0.0,0.0,0.0,0.0,0.0,0.0,2.0,3.0,0.0,0.0,0.0,0.0,0.0,
ESP-La Liga,2526,2026-04-05 Getafe-Athletic Club,Getafe,David Soria,True,Goalkeeper,1,start,end,1.0,0.0,0.0,0.0,0.0,0.0,0.0,0.0,0.0,0.0,0.0,0.0,0.0,0.0,
ESP-La Liga,2526,2026-04-05 Real Oviedo-Sevilla,Real Oviedo,Aarón Escandell,True,Goalkeeper,1,start,end,1.0,0.0,1.0,0.0,0.0,0.0,0.0,0.0,0.0,0.0,0.0,0.0,0.0,0.0,
ESP-La Liga,2526,2026-04-05 Real Oviedo-Sevilla,Sevilla,Odisseas Vlachodimos,False,Goalkeeper,1,start,end,1.0,0.0,0.0,0.0,0.0,0.0,0.0,1.0,3.0,0.0,0.0,0.0,0.0,0.0,
ESP-La Liga,2526,2026-04-05 Valencia-Celta Vigo,Celta Vigo,Andrei Radu,False,Goalkeeper,1,start,end,1.0,0.0,0.0,0.0,0.0,0.0,0.0,2.0,2.0,0.0,0.0,0.0,0.0,0.0,
ESP-La Liga,2526,2026-04-05 Valencia-Celta Vigo,Valencia,Stole Dimitrievski,True,Goalkeeper,1,start,end,1.0,0.0,0.0,0.0,0.0,0.0,0.0,3.0,2.0,0.0,0.0,0.0,0.0,0.0,
ESP-La Liga,2526,2026-04-06 Girona-Villarreal,Girona,Paulo Gazzaniga,True,Goalkeeper,1,start,end,1.0,0.0,0.0,0.0,0.0,0.0,0.0,0.0,0.0,0.0,0.0,0.0,0.0,0.0,
ESP-La Liga,2526,2026-04-06 Girona-Villarreal,Villarreal,Luiz Júnior,False,Goalkeeper,1,start,end,1.0,0.0,0.0,0.0,0.0,0.0,0.0,1.0,2.0,0.0,0.0,0.0,0.0,0.0,
ESP-La Liga,2526,2026-04-10 Real Madrid-Girona,Girona,Paulo Gazzaniga,False,Goalkeeper,1,start,end,1.0,0.0,0.0,0.0,0.0,0.0,0.0,1.0,7.0,0.0,0.0,0.0,0.0,0.0,
ESP-La Liga,2526,2026-04-10 Real Madrid-Girona,Real Madrid,Andriy Lunin,True,Goalkeeper,1,start,end,1.0,0.0,0.0,0.0,0.0,0.0,0.0,1.0,1.0,0.0,0.0,0.0,0.0,0.0,
ESP-La Liga,2526,2026-04-11 Barcelona-Espanyol,Barcelona,Joan García,True,Goalkeeper,1,start,end,1.0,0.0,0.0,0.0,0.0,0.0,0.0,1.0,2.0,0.0,0.0,0.0,0.0,0.0,
ESP-La Liga,2526,2026-04-11 Barcelona-Espanyol,Espanyol,Marko Dmitrovic,False,Goalkeeper,1,start,end,1.0,0.0,0.0,0.0,0.0,0.0,0.0,4.0,5.0,0.0,0.0,0.0,0.0,0.0,
ESP-La Liga,2526,2026-04-11 Elche-Valencia,Elche,Matías Dituro,True,Goalkeeper,1,start,end,1.0,0.0,0.0,0.0,0.0,0.0,0.0,0.0,7.0,0.0,0.0,0.0,0.0,0.0,
ESP-La Liga,2526,2026-04-11 Elche-Valencia,Valencia,Stole Dimitrievski,False,Goalkeeper,1,start,end,1.0,0.0,1.0,0.0,0.0,0.0,0.0,1.0,2.0,0.0,0.0,0.0,0.0,0.0,
ESP-La Liga,2526,2026-04-11 Real Sociedad-Alavés,Alavés,Antonio Sivera,False,Goalkeeper,1,start,end,1.0,0.0,0.0,1.0,0.0,0.0,0.0,3.0,2.0,0.0,0.0,0.0,0.0,0.0,
ESP-La Liga,2526,2026-04-11 Real Sociedad-Alavés,Real Sociedad,Álex Remiro,True,Goalkeeper,1,start,end,1.0,0.0,0.0,0.0,0.0,0.0,0.0,3.0,0.0,0.0,0.0,0.0,0.0,0.0,
ESP-La Liga,2526,2026-04-11 Sevilla-Atlético Madrid,Atlético Madrid,Juan Musso,False,Goalkeeper,1,start,end,1.0,0.0,0.0,0.0,0.0,0.0,0.0,2.0,0.0,0.0,0.0,0.0,0.0,0.0,
ESP-La Liga,2526,2026-04-11 Sevilla-Atlético Madrid,Sevilla,Odisseas Vlachodimos,True,Goalkeeper,1,start,end,1.0,0.0,0.0,0.0,0.0,0.0,0.0,1.0,1.0,0.0,0.0,0.0,0.0,0.0,
ESP-La Liga,2526,2026-04-12 Athletic Club-Villarreal,Athletic Club,Unai Simón,True,Goalkeeper,1,start,end,1.0,0.0,0.0,0.0,0.0,0.0,0.0,2.0,5.0,0.0,0.0,0.0,0.0,0.0,
ESP-La Liga,2526,2026-04-12 Athletic Club-Villarreal,Villarreal,Luiz Júnior,False,Goalkeeper,1,start,end,1.0,0.0,0.0,0.0,0.0,0.0,0.0,1.0,5.0,0.0,0.0,0.0,0.0,0.0,
ESP-La Liga,2526,2026-04-12 Celta Vigo-Real Oviedo,Celta Vigo,Andrei Radu,True,Goalkeeper,1,start,end,1.0,0.0,0.0,0.0,0.0,0.0,0.0,3.0,3.0,0.0,0.0,0.0,0.0,0.0,
ESP-La Liga,2526,2026-04-12 Celta Vigo-Real Oviedo,Real Oviedo,Aarón Escandell,False,Goalkeeper,1,start,end,1.0,0.0,0.0,0.0,0.0,0.0,0.0,0.0,6.0,0.0,0.0,0.0,0.0,0.0,
ESP-La Liga,2526,2026-04-12 Mallorca-Rayo Vallecano,Mallorca,Leo Román,True,Goalkeeper,1,start,end,1.0,0.0,0.0,0.0,0.0,0.0,0.0,0.0,3.0,0.0,0.0,0.0,0.0,0.0,
ESP-La Liga,2526,2026-04-12 Mallorca-Rayo Vallecano,Rayo Vallecano,Daniel Cárdenas,False,Goalkeeper,1,start,end,1.0,0.0,0.0,0.0,0.0,0.0,0.0,3.0,1.0,0.0,0.0,0.0,0.0,0.0,
ESP-La Liga,2526,2026-04-12 Osasuna-Real Betis,Osasuna,Sergio Herrera,True,Goalkeeper,1,start,end,1.0,0.0,0.0,0.0,0.0,0.0,0.0,1.0,2.0,0.0,0.0,0.0,0.0,0.0,
ESP-La Liga,2526,2026-04-12 Osasuna-Real Betis,Real Betis,Álvaro Valles,False,Goalkeeper,1,start,end,1.0,0.0,0.0,0.0,0.0,0.0,0.0,1.0,3.0,0.0,0.0,0.0,0.0,0.0,
ESP-La Liga,2526,2026-04-13 Levante-Getafe,Getafe,David Soria,False,Goalkeeper,1,start,end,1.0,0.0,0.0,0.0,0.0,0.0,0.0,1.0,3.0,0.0,0.0,0.0,0.0,0.0,
ESP-La Liga,2526,2026-04-13 Levante-Getafe,Levante,Mathew Ryan,True,Goalkeeper,1,start,end,1.0,0.0,0.0,0.0,0.0,0.0,0.0,0.0,1.0,0.0,0.0,0.0,0.0,0.0,
ESP-La Liga,2526,2026-04-21 Athletic Club-Osasuna,Athletic Club,Unai Simón,True,Goalkeeper,1,start,end,1.0,0.0,1.0,0.0,0.0,0.0,0.0,0.0,2.0,0.0,0.0,0.0,0.0,0.0,
ESP-La Liga,2526,2026-04-21 Athletic Club-Osasuna,Osasuna,Sergio Herrera,False,Goalkeeper,1,start,end,1.0,0.0,0.0,0.0,0.0,0.0,0.0,1.0,2.0,0.0,0.0,0.0,0.0,0.0,
ESP-La Liga,2526,2026-04-21 Girona-Real Betis,Girona,Paulo Gazzaniga,True,Goalkeeper,1,start,end,1.0,0.0,0.0,0.0,0.0,0.0,0.0,3.0,0.0,0.0,0.0,0.0,0.0,0.0,
ESP-La Liga,2526,2026-04-21 Girona-Real Betis,Real Betis,Álvaro Valles,False,Goalkeeper,1,start,end,1.0,0.0,0.0,0.0,0.0,0.0,0.0,2.0,0.0,0.0,0.0,0.0,0.0,0.0,
ESP-La Liga,2526,2026-04-21 Mallorca-Valencia,Mallorca,Leo Román,True,Goalkeeper,1,start,end,1.0,0.0,0.0,0.0,0.0,0.0,0.0,1.0,2.0,0.0,0.0,0.0,0.0,0.0,
ESP-La Liga,2526,2026-04-21 Mallorca-Valencia,Valencia,Stole Dimitrievski,False,Goalkeeper,1,start,end,1.0,0.0,0.0,0.0,0.0,0.0,1.0,1.0,7.0,0.0,0.0,0.0,0.0,0.0,
ESP-La Liga,2526,2026-04-21 Real Madrid-Alavés,Alavés,Antonio Sivera,False,Goalkeeper,1,start,end,1.0,0.0,0.0,0.0,0.0,0.0,0.0,2.0,5.0,0.0,0.0,0.0,0.0,0.0,
ESP-La Liga,2526,2026-04-21 Real Madrid-Alavés,Real Madrid,Andriy Lunin,True,Goalkeeper,1,start,end,1.0,0.0,0.0,0.0,0.0,0.0,0.0,1.0,4.0,0.0,0.0,0.0,0.0,0.0,
ESP-La Liga,2526,2026-04-22 Barcelona-Celta Vigo,Barcelona,Joan García,True,Goalkeeper,1,start,end,1.0,0.0,0.0,0.0,0.0,0.0,0.0,0.0,3.0,0.0,0.0,0.0,0.0,0.0,
ESP-La Liga,2526,2026-04-22 Barcelona-Celta Vigo,Celta Vigo,Andrei Radu,False,Goalkeeper,1,start,end,1.0,0.0,0.0,0.0,0.0,0.0,0.0,1.0,2.0,0.0,0.0,0.0,0.0,0.0,
ESP-La Liga,2526,2026-04-22 Elche-Atlético Madrid,Atlético Madrid,Jan Oblak,False,Goalkeeper,1,start,end,1.0,0.0,0.0,0.0,0.0,0.0,0.0,3.0,4.0,0.0,0.0,0.0,0.0,0.0,
ESP-La Liga,2526,2026-04-22 Elche-Atlético Madrid,Elche,Matías Dituro,True,Goalkeeper,1,start,end,1.0,0.0,0.0,0.0,0.0,0.0,0.0,2.0,1.0,0.0,0.0,0.0,0.0,0.0,
ESP-La Liga,2526,2026-04-22 Real Sociedad-Getafe,Getafe,David Soria,False,Goalkeeper,1,start,end,1.0,0.0,2.0,0.0,0.0,0.0,0.0,0.0,3.0,0.0,0.0,0.0,0.0,0.0,
ESP-La Liga,2526,2026-04-22 Real Sociedad-Getafe,Real Sociedad,Álex Remiro,True,Goalkeeper,1,start,end,1.0,0.0,0.0,0.0,0.0,0.0,1.0,1.0,0.0,0.0,0.0,0.0,0.0,0.0,
ESP-La Liga,2526,2026-04-23 Levante-Sevilla,Levante,Mathew Ryan,True,Goalkeeper,1,start,end,1.0,0.0,1.0,0.0,0.0,0.0,0.0,0.0,0.0,0.0,0.0,0.0,0.0,0.0,
ESP-La Liga,2526,2026-04-23 Levante-Sevilla,Sevilla,Odisseas Vlachodimos,False,Goalkeeper,1,start,end,1.0,0.0,0.0,0.0,0.0,0.0,0.0,2.0,1.0,0.0,0.0,0.0,0.0,0.0,
ESP-La Liga,2526,2026-04-23 Rayo Vallecano-Espanyol,Espanyol,Marko Dmitrovic,False,Goalkeeper,1,start,end,1.0,0.0,0.0,0.0,0.0,0.0,0.0,1.0,5.0,0.0,0.0,0.0,0.0,0.0,
ESP-La Liga,2526,2026-04-23 Rayo Vallecano-Espanyol,Rayo Vallecano,Daniel Cárdenas,True,Goalkeeper,1,start,end,1.0,0.0,0.0,0.0,0.0,0.0,0.0,0.0,4.0,0.0,0.0,0.0,0.0,0.0,
ESP-La Liga,2526,2026-04-23 Real Oviedo-Villarreal,Real Oviedo,Aarón Escandell,True,Goalkeeper,1,start,end,1.0,0.0,0.0,0.0,0.0,0.0,1.0,1.0,2.0,0.0,0.0,0.0,0.0,0.0,
ESP-La Liga,2526,2026-04-23 Real Oviedo-Villarreal,Villarreal,Arnau Tenas,False,Goalkeeper,1,start,end,1.0,0.0,0.0,0.0,0.0,0.0,0.0,1.0,3.0,0.0,0.0,0.0,0.0,0.0,
ESP-La Liga,2526,2026-04-24 Real Betis-Real Madrid,Real Betis,Álvaro Valles,True,Goalkeeper,1,start,end,1.0,0.0,0.0,0.0,0.0,0.0,0.0,1.0,7.0,0.0,0.0,0.0,0.0,0.0,
ESP-La Liga,2526,2026-04-24 Real Betis-Real Madrid,Real Madrid,Andriy Lunin,False,Goalkeeper,1,start,end,1.0,0.0,0.0,0.0,0.0,0.0,0.0,1.0,3.0,0.0,0.0,0.0,0.0,0.0,
ESP-La Liga,2526,2026-04-25 Alavés-Mallorca,Alavés,Antonio Sivera,True,Goalkeeper,1,start,end,1.0,0.0,0.0,0.0,0.0,0.0,0.0,1.0,1.0,0.0,0.0,0.0,0.0,0.0,
ESP-La Liga,2526,2026-04-25 Alavés-Mallorca,Mallorca,Leo Román,False,Goalkeeper,1,start,end,1.0,0.0,0.0,0.0,0.0,0.0,0.0,2.0,2.0,0.0,0.0,0.0,0.0,0.0,
ESP-La Liga,2526,2026-04-25 Atlético Madrid-Athletic Club,Athletic Club,Unai Simón,False,Goalkeeper,1,start,end,1.0,0.0,0.0,0.0,0.0,0.0,0.0,3.0,2.0,0.0,0.0,0.0,0.0,0.0,
ESP-La Liga,2526,2026-04-25 Atlético Madrid-Athletic Club,Atlético Madrid,Jan Oblak,True,Goalkeeper,1,start,end,1.0,0.0,0.0,0.0,0.0,0.0,0.0,2.0,2.0,0.0,0.0,0.0,0.0,0.0,
ESP-La Liga,2526,2026-04-25 Getafe-Barcelona,Barcelona,Joan García,False,Goalkeeper,1,start,end,1.0,0.0,0.0,0.0,0.0,0.0,0.0,0.0,0.0,0.0,0.0,0.0,0.0,0.0,
ESP-La Liga,2526,2026-04-25 Getafe-Barcelona,Getafe,David Soria,True,Goalkeeper,1,start,end,1.0,0.0,0.0,0.0,0.0,0.0,0.0,2.0,2.0,0.0,0.0,0.0,0.0,0.0,
ESP-La Liga,2526,2026-04-25 Valencia-Girona,Girona,Paulo Gazzaniga,False,Goalkeeper,1,start,end,1.0,0.0,0.0,0.0,0.0,0.0,0.0,2.0,1.0,0.0,0.0,0.0,0.0,0.0,
ESP-La Liga,2526,2026-04-25 Valencia-Girona,Valencia,Stole Dimitrievski,True,Goalkeeper,1,start,end,1.0,0.0,0.0,0.0,0.0,0.0,0.0,1.0,2.0,0.0,0.0,0.0,0.0,0.0,
ESP-La Liga,2526,2026-04-26 Osasuna-Sevilla,Osasuna,Sergio Herrera,True,Goalkeeper,1,start,end,1.0,0.0,0.0,0.0,0.0,0.0,0.0,1.0,1.0,0.0,0.0,0.0,0.0,0.0,
ESP-La Liga,2526,2026-04-26 Osasuna-Sevilla,Sevilla,Odisseas Vlachodimos,False,Goalkeeper,1,start,end,1.0,0.0,0.0,0.0,0.0,0.0,0.0,2.0,5.0,0.0,0.0,0.0,0.0,0.0,
ESP-La Liga,2526,2026-04-26 Rayo Vallecano-Real Sociedad,Rayo Vallecano,Daniel Cárdenas,True,Goalkeeper,1,start,end,1.0,0.0,0.0,0.0,0.0,0.0,0.0,3.0,5.0,0.0,0.0,0.0,0.0,0.0,
ESP-La Liga,2526,2026-04-26 Rayo Vallecano-Real Sociedad,Real Sociedad,Álex Remiro,False,Goalkeeper,1,start,end,1.0,0.0,0.0,0.0,0.0,0.0,0.0,3.0,6.0,0.0,0.0,0.0,0.0,0.0,
ESP-La Liga,2526,2026-04-26 Real Oviedo-Elche,Elche,Matías Dituro,False,Goalkeeper,1,start,end,1.0,0.0,1.0,0.0,0.0,0.0,0.0,1.0,2.0,0.0,0.0,0.0,0.0,0.0,
ESP-La Liga,2526,2026-04-26 Real Oviedo-Elche,Real Oviedo,Aarón Escandell,True,Goalkeeper,1,start,end,1.0,0.0,0.0,0.0,0.0,0.0,0.0,2.0,2.0,0.0,1.0,0.0,0.0,0.0,
ESP-La Liga,2526,2026-04-26 Villarreal-Celta Vigo,Celta Vigo,Andrei Radu,False,Goalkeeper,1,start,end,1.0,0.0,0.0,0.0,0.0,0.0,1.0,2.0,2.0,0.0,0.0,0.0,0.0,0.0,
ESP-La Liga,2526,2026-04-26 Villarreal-Celta Vigo,Villarreal,Arnau Tenas,True,Goalkeeper,1,start,end,1.0,0.0,0.0,0.0,0.0,0.0,0.0,1.0,2.0,0.0,0.0,0.0,0.0,0.0,
ESP-La Liga,2526,2026-04-27 Espanyol-Levante,Espanyol,Marko Dmitrovic,True,Goalkeeper,1,start,end,1.0,0.0,0.0,0.0,0.0,0.0,0.0,0.0,4.0,0.0,0.0,0.0,0.0,0.0,
ESP-La Liga,2526,2026-04-27 Espanyol-Levante,Levante,Mathew Ryan,False,Goalkeeper,1,start,end,1.0,0.0,0.0,0.0,0.0,0.0,0.0,0.0,3.0,0.0,0.0,0.0,0.0,0.0,
ESP-La Liga,2526,2026-05-01 Girona-Mallorca,Girona,Paulo Gazzaniga,True,Goalkeeper,1,start,end,1.0,0.0,0.0,0.0,0.0,0.0,0.0,1.0,3.0,0.0,0.0,0.0,0.0,0.0,
ESP-La Liga,2526,2026-05-01 Girona-Mallorca,Mallorca,Leo Román,False,Goalkeeper,1,start,end,1.0,0.0,0.0,0.0,0.0,0.0,0.0,0.0,4.0,0.0,0.0,0.0,0.0,0.0,
ESP-La Liga,2526,2026-05-02 Alavés-Athletic Club,Alavés,Antonio Sivera,True,Goalkeeper,1,start,end,1.0,0.0,0.0,0.0,0.0,0.0,0.0,4.0,0.0,0.0,0.0,0.0,0.0,0.0,
ESP-La Liga,2526,2026-05-02 Alavés-Athletic Club,Athletic Club,Unai Simón,False,Goalkeeper,1,start,end,1.0,0.0,0.0,0.0,0.0,0.0,0.0,2.0,2.0,0.0,0.0,0.0,0.0,0.0,
ESP-La Liga,2526,2026-05-02 Osasuna-Barcelona,Barcelona,Joan García,False,Goalkeeper,1,start,end,1.0,0.0,0.0,0.0,0.0,0.0,0.0,1.0,3.0,0.0,0.0,0.0,0.0,0.0,
ESP-La Liga,2526,2026-05-02 Osasuna-Barcelona,Osasuna,Sergio Herrera,True,Goalkeeper,1,start,end,1.0,0.0,0.0,0.0,0.0,0.0,0.0,2.0,2.0,0.0,0.0,0.0,0.0,0.0,
ESP-La Liga,2526,2026-05-02 Valencia-Atlético Madrid,Atlético Madrid,Juan Musso,False,Goalkeeper,1,start,end,1.0,0.0,2.0,0.0,0.0,0.0,0.0,0.0,0.0,0.0,0.0,0.0,0.0,0.0,
ESP-La Liga,2526,2026-05-02 Valencia-Atlético Madrid,Valencia,Stole Dimitrievski,True,Goalkeeper,1,start,end,1.0,0.0,0.0,0.0,0.0,0.0,0.0,2.0,3.0,0.0,0.0,0.0,0.0,0.0,
ESP-La Liga,2526,2026-05-02 Villarreal-Levante,Levante,Mathew Ryan,False,Goalkeeper,1,start,end,1.0,0.0,0.0,0.0,0.0,0.0,0.0,5.0,3.0,0.0,0.0,0.0,0.0,0.0,
ESP-La Liga,2526,2026-05-02 Villarreal-Levante,Villarreal,Arnau Tenas,True,Goalkeeper,1,start,end,1.0,0.0,0.0,0.0,0.0,0.0,0.0,1.0,2.0,0.0,0.0,0.0,0.0,0.0,
ESP-La Liga,2526,2026-05-03 Celta Vigo-Elche,Celta Vigo,Andrei Radu,True,Goalkeeper,1,start,end,1.0,0.0,0.0,0.0,0.0,0.0,0.0,1.0,3.0,0.0,0.0,0.0,0.0,0.0,
ESP-La Liga,2526,2026-05-03 Celta Vigo-Elche,Elche,Matías Dituro,False,Goalkeeper,1,start,end,1.0,0.0,0.0,0.0,0.0,0.0,0.0,3.0,1.0,0.0,0.0,0.0,0.0,0.0,
ESP-La Liga,2526,2026-05-03 Espanyol-Real Madrid,Espanyol,Marko Dmitrovic,True,Goalkeeper,1,start,end,1.0,0.0,1.0,0.0,0.0,0.0,0.0,2.0,3.0,0.0,0.0,0.0,0.0,0.0,
ESP-La Liga,2526,2026-05-03 Espanyol-Real Madrid,Real Madrid,Andriy Lunin,False,Goalkeeper,1,start,end,1.0,0.0,0.0,0.0,0.0,0.0,0.0,0.0,3.0,0.0,0.0,0.0,0.0,0.0,
ESP-La Liga,2526,2026-05-03 Getafe-Rayo Vallecano,Getafe,David Soria,True,Goalkeeper,1,start,end,1.0,0.0,0.0,0.0,0.0,0.0,0.0,2.0,4.0,0.0,0.0,0.0,0.0,0.0,
ESP-La Liga,2526,2026-05-03 Getafe-Rayo Vallecano,Rayo Vallecano,Augusto Batalla,False,Goalkeeper,1,start,end,1.0,1.0,0.0,0.0,0.0,0.0,1.0,0.0,3.0,0.0,0.0,0.0,0.0,0.0,
ESP-La Liga,2526,2026-05-03 Real Betis-Real Oviedo,Real Betis,Álvaro Valles,True,Goalkeeper,1,start,end,1.0,0.0,1.0,0.0,0.0,0.0,0.0,0.0,5.0,0.0,0.0,0.0,0.0,0.0,
ESP-La Liga,2526,2026-05-03 Real Betis-Real Oviedo,Real Oviedo,Aarón Escandell,False,Goalkeeper,1,start,end,1.0,0.0,0.0,0.0,0.0,0.0,0.0,3.0,2.0,0.0,0.0,0.0,0.0,0.0,
ESP-La Liga,2526,2026-05-04 Sevilla-Real Sociedad,Real Sociedad,Álex Remiro,False,Goalkeeper,1,start,end,1.0,0.0,1.0,0.0,0.0,0.0,0.0,1.0,4.0,0.0,0.0,0.0,0.0,0.0,
ESP-La Liga,2526,2026-05-04 Sevilla-Real Sociedad,Sevilla,Odisseas Vlachodimos,True,Goalkeeper,1,start,end,1.0,0.0,0.0,0.0,0.0,0.0,0.0,0.0,0.0,0.0,0.0,0.0,0.0,0.0,
ESP-La Liga,2526,2026-05-08 Levante-Osasuna,Levante,Mathew Ryan,True,Goalkeeper,1,start,end,1.0,0.0,0.0,0.0,0.0,0.0,0.0,2.0,2.0,0.0,0.0,0.0,0.0,0.0,
ESP-La Liga,2526,2026-05-08 Levante-Osasuna,Osasuna,Sergio Herrera,False,Goalkeeper,1,start,end,1.0,1.0,0.0,0.0,1.0,0.0,0.0,2.0,2.0,0.0,0.0,0.0,0.0,0.0,
ESP-La Liga,2526,2026-05-09 Atlético Madrid-Celta Vigo,Atlético Madrid,Jan Oblak,True,Goalkeeper,1,start,end,1.0,0.0,0.0,0.0,0.0,0.0,0.0,1.0,0.0,0.0,0.0,0.0,0.0,0.0,
ESP-La Liga,2526,2026-05-09 Atlético Madrid-Celta Vigo,Celta Vigo,Andrei Radu,False,Goalkeeper,1,start,end,1.0,0.0,0.0,0.0,0.0,0.0,0.0,0.0,4.0,0.0,0.0,0.0,0.0,0.0,
ESP-La Liga,2526,2026-05-09 Elche-Alavés,Alavés,Antonio Sivera,False,Goalkeeper,1,start,end,1.0,0.0,0.0,0.0,0.0,0.0,1.0,1.0,4.0,0.0,0.0,0.0,0.0,0.0,
ESP-La Liga,2526,2026-05-09 Elche-Alavés,Elche,Matías Dituro,True,Goalkeeper,1,start,end,1.0,0.0,0.0,0.0,0.0,0.0,0.0,1.0,3.0,0.0,0.0,0.0,0.0,0.0,
ESP-La Liga,2526,2026-05-09 Real Sociedad-Real Betis,Real Betis,Álvaro Valles,False,Goalkeeper,1,start,end,1.0,0.0,0.0,0.0,0.0,0.0,0.0,2.0,4.0,0.0,0.0,0.0,0.0,0.0,
ESP-La Liga,2526,2026-05-09 Real Sociedad-Real Betis,Real Sociedad,Álex Remiro,True,Goalkeeper,1,start,end,1.0,0.0,0.0,0.0,0.0,0.0,0.0,2.0,4.0,0.0,0.0,0.0,0.0,0.0,
ESP-La Liga,2526,2026-05-09 Sevilla-Espanyol,Espanyol,Marko Dmitrovic,False,Goalkeeper,1,start,end,1.0,0.0,0.0,0.0,0.0,0.0,0.0,2.0,4.0,0.0,0.0,0.0,0.0,0.0,
ESP-La Liga,2526,2026-05-09 Sevilla-Espanyol,Sevilla,Odisseas Vlachodimos,True,Goalkeeper,1,start,end,1.0,0.0,1.0,0.0,0.0,0.0,0.0,1.0,4.0,0.0,0.0,0.0,0.0,0.0,
ESP-La Liga,2526,2026-05-10 Athletic Club-Valencia,Athletic Club,Unai Simón,True,Goalkeeper,1,start,end,1.0,0.0,0.0,0.0,0.0,0.0,0.0,1.0,2.0,0.0,0.0,0.0,0.0,0.0,
ESP-La Liga,2526,2026-05-10 Athletic Club-Valencia,Valencia,Stole Dimitrievski,False,Goalkeeper,1,start,end,1.0,0.0,0.0,0.0,0.0,0.0,0.0,0.0,4.0,0.0,0.0,0.0,0.0,0.0,
ESP-La Liga,2526,2026-05-10 Barcelona-Real Madrid,Barcelona,Joan García,True,Goalkeeper,1,start,end,1.0,0.0,0.0,0.0,0.0,0.0,0.0,0.0,1.0,0.0,0.0,0.0,0.0,0.0,
ESP-La Liga,2526,2026-05-10 Barcelona-Real Madrid,Real Madrid,Thibaut Courtois,False,Goalkeeper,1,start,end,1.0,0.0,0.0,0.0,0.0,0.0,0.0,2.0,5.0,0.0,0.0,0.0,0.0,0.0,
ESP-La Liga,2526,2026-05-10 Mallorca-Villarreal,Mallorca,Leo Román,True,Goalkeeper,1,start,end,1.0,0.0,0.0,0.0,0.0,0.0,0.0,1.0,1.0,0.0,0.0,0.0,0.0,0.0,
ESP-La Liga,2526,2026-05-10 Mallorca-Villarreal,Villarreal,Arnau Tenas,False,Goalkeeper,1,start,end,1.0,0.0,0.0,0.0,0.0,0.0,0.0,1.0,7.0,0.0,0.0,0.0,0.0,0.0,
ESP-La Liga,2526,2026-05-10 Real Oviedo-Getafe,Getafe,David Soria,False,Goalkeeper,1,start,end,1.0,0.0,0.0,0.0,0.0,0.0,0.0,0.0,4.0,0.0,0.0,0.0,0.0,0.0,
ESP-La Liga,2526,2026-05-10 Real Oviedo-Getafe,Real Oviedo,Aarón Escandell,True,Goalkeeper,1,start,end,1.0,0.0,0.0,0.0,0.0,0.0,0.0,0.0,4.0,0.0,0.0,0.0,0.0,0.0,
ESP-La Liga,2526,2026-05-11 Rayo Vallecano-Girona,Girona,Paulo Gazzaniga,False,Goalkeeper,1,start,end,1.0,0.0,0.0,0.0,0.0,0.0,0.0,1.0,4.0,0.0,0.0,0.0,0.0,0.0,
ESP-La Liga,2526,2026-05-11 Rayo Vallecano-Girona,Rayo Vallecano,Augusto Batalla,True,Goalkeeper,1,start,end,1.0,0.0,0.0,0.0,0.0,0.0,0.0,1.0,3.0,0.0,0.0,0.0,0.0,0.0,
ESP-La Liga,2526,2026-05-12 Celta Vigo-Levante,Celta Vigo,Andrei Radu,True,Goalkeeper,1,start,end,1.0,0.0,0.0,0.0,0.0,0.0,0.0,3.0,3.0,0.0,0.0,0.0,0.0,0.0,
ESP-La Liga,2526,2026-05-12 Celta Vigo-Levante,Levante,Mathew Ryan,False,Goalkeeper,1,start,end,1.0,0.0,0.0,0.0,0.0,0.0,1.0,2.0,4.0,0.0,0.0,0.0,0.0,0.0,
ESP-La Liga,2526,2026-05-12 Osasuna-Atlético Madrid,Atlético Madrid,Juan Musso,False,Goalkeeper,1,start,end,1.0,0.0,0.0,0.0,0.0,0.0,0.0,1.0,4.0,0.0,0.0,0.0,0.0,0.0,
ESP-La Liga,2526,2026-05-12 Osasuna-Atlético Madrid,Osasuna,Aitor Fernández,True,Goalkeeper,1,start,end,1.0,0.0,0.0,0.0,0.0,0.0,0.0,2.0,2.0,0.0,0.0,0.0,0.0,0.0,
ESP-La Liga,2526,2026-05-12 Real Betis-Elche,Elche,Matías Dituro,False,Goalkeeper,1,start,end,1.0,0.0,0.0,0.0,0.0,0.0,0.0,2.0,3.0,0.0,0.0,0.0,0.0,0.0,
ESP-La Liga,2526,2026-05-12 Real Betis-Elche,Real Betis,Álvaro Valles,True,Goalkeeper,1,start,end,1.0,0.0,0.0,0.0,0.0,0.0,0.0,1.0,1.0,0.0,0.0,0.0,0.0,0.0,
ESP-La Liga,2526,2026-05-13 Alavés-Barcelona,Alavés,Antonio Sivera,True,Goalkeeper,1,start,end,1.0,0.0,0.0,0.0,0.0,0.0,0.0,0.0,0.0,0.0,0.0,0.0,0.0,0.0,
ESP-La Liga,2526,2026-05-13 Alavés-Barcelona,Barcelona,Wojciech Szczesny,False,Goalkeeper,1,start,end,1.0,0.0,0.0,0.0,0.0,0.0,0.0,1.0,3.0,0.0,0.0,0.0,0.0,0.0,
ESP-La Liga,2526,2026-05-13 Espanyol-Athletic Club,Athletic Club,Unai Simón,False,Goalkeeper,1,start,end,1.0,0.0,1.0,0.0,0.0,0.0,0.0,2.0,3.0,0.0,0.0,0.0,0.0,0.0,
ESP-La Liga,2526,2026-05-13 Espanyol-Athletic Club,Espanyol,Marko Dmitrovic,True,Goalkeeper,1,start,end,1.0,0.0,0.0,0.0,0.0,0.0,0.0,0.0,4.0,0.0,0.0,0.0,0.0,0.0,
ESP-La Liga,2526,2026-05-13 Getafe-Mallorca,Getafe,David Soria,True,Goalkeeper,1,start,end,1.0,0.0,0.0,0.0,0.0,0.0,0.0,1.0,1.0,0.0,0.0,0.0,0.0,0.0,
ESP-La Liga,2526,2026-05-13 Getafe-Mallorca,Mallorca,Leo Román,False,Goalkeeper,1,start,end,1.0,0.0,0.0,0.0,0.0,0.0,0.0,3.0,1.0,0.0,0.0,0.0,0.0,0.0,
ESP-La Liga,2526,2026-05-13 Villarreal-Sevilla,Sevilla,Odisseas Vlachodimos,False,Goalkeeper,1,start,end,1.0,0.0,0.0,0.0,0.0,0.0,0.0,2.0,1.0,0.0,0.0,0.0,0.0,0.0,
ESP-La Liga,2526,2026-05-13 Villarreal-Sevilla,Villarreal,Arnau Tenas,True,Goalkeeper,1,start,end,1.0,0.0,1.0,0.0,0.0,0.0,0.0,3.0,2.0,0.0,0.0,0.0,0.0,0.0,
ESP-La Liga,2526,2026-05-14 Girona-Real Sociedad,Girona,Paulo Gazzaniga,True,Goalkeeper,1,start,end,1.0,0.0,0.0,0.0,0.0,0.0,0.0,1.0,1.0,0.0,0.0,0.0,0.0,0.0,
ESP-La Liga,2526,2026-05-14 Girona-Real Sociedad,Real Sociedad,Álex Remiro,False,Goalkeeper,1,start,end,1.0,0.0,2.0,0.0,0.0,0.0,0.0,1.0,4.0,0.0,0.0,0.0,0.0,0.0,
ESP-La Liga,2526,2026-05-14 Real Madrid-Real Oviedo,Real Madrid,Thibaut Courtois,True,Goalkeeper,1,start,end,1.0,0.0,0.0,0.0,0.0,0.0,0.0,0.0,1.0,0.0,0.0,0.0,0.0,0.0,
ESP-La Liga,2526,2026-05-14 Real Madrid-Real Oviedo,Real Oviedo,Aarón Escandell,False,Goalkeeper,1,start,end,1.0,0.0,0.0,0.0,0.0,0.0,0.0,2.0,5.0,0.0,0.0,0.0,0.0,0.0,
ESP-La Liga,2526,2026-05-14 Valencia-Rayo Vallecano,Rayo Vallecano,Augusto Batalla,False,Goalkeeper,1,start,end,1.0,0.0,0.0,0.0,0.0,0.0,0.0,1.0,2.0,0.0,0.0,0.0,0.0,0.0,
ESP-La Liga,2526,2026-05-14 Valencia-Rayo Vallecano,Valencia,Stole Dimitrievski,True,Goalkeeper,1,start,end,1.0,0.0,1.0,0.0,0.0,0.0,0.0,1.0,2.0,0.0,0.0,0.0,0.0,0.0,
ESP-La Liga,2526,2026-05-17 Athletic Club-Celta Vigo,Athletic Club,Unai Simón,True,Goalkeeper,1,start,end,1.0,0.0,0.0,0.0,0.0,0.0,0.0,1.0,1.0,0.0,0.0,0.0,0.0,0.0,
ESP-La Liga,2526,2026-05-17 Athletic Club-Celta Vigo,Celta Vigo,Andrei Radu,False,Goalkeeper,1,start,end,1.0,0.0,0.0,0.0,0.0,0.0,1.0,1.0,8.0,0.0,0.0,0.0,0.0,0.0,
ESP-La Liga,2526,2026-05-17 Atlético Madrid-Girona,Atlético Madrid,Jan Oblak,True,Goalkeeper,1,start,end,1.0,0.0,0.0,0.0,0.0,0.0,0.0,0.0,11.0,0.0,0.0,0.0,0.0,0.0,
ESP-La Liga,2526,2026-05-17 Atlético Madrid-Girona,Girona,Paulo Gazzaniga,False,Goalkeeper,1,start,end,1.0,0.0,0.0,0.0,0.0,0.0,0.0,1.0,3.0,0.0,0.0,0.0,0.0,0.0,
ESP-La Liga,2526,2026-05-17 Barcelona-Real Betis,Barcelona,Joan García,True,Goalkeeper,1,start,end,1.0,0.0,0.0,0.0,0.0,0.0,0.0,1.0,1.0,0.0,0.0,0.0,0.0,0.0,
ESP-La Liga,2526,2026-05-17 Barcelona-Real Betis,Real Betis,Álvaro Valles,False,Goalkeeper,1,start,end,1.0,0.0,0.0,0.0,0.0,0.0,0.0,3.0,6.0,0.0,0.0,0.0,0.0,0.0,
ESP-La Liga,2526,2026-05-17 Elche-Getafe,Elche,Matías Dituro,True,Goalkeeper,1,start,end,1.0,0.0,0.0,0.0,0.0,0.0,0.0,0.0,0.0,0.0,0.0,0.0,0.0,0.0,
ESP-La Liga,2526,2026-05-17 Elche-Getafe,Getafe,David Soria,False,Goalkeeper,1,start,end,1.0,0.0,0.0,0.0,0.0,0.0,0.0,1.0,2.0,0.0,0.0,0.0,0.0,0.0,
ESP-La Liga,2526,2026-05-17 Levante-Mallorca,Levante,Mathew Ryan,True,Goalkeeper,1,start,end,1.0,0.0,0.0,0.0,0.0,0.0,1.0,0.0,3.0,0.0,0.0,0.0,0.0,0.0,
ESP-La Liga,2526,2026-05-17 Levante-Mallorca,Mallorca,Leo Román,False,Goalkeeper,1,start,end,1.0,0.0,1.0,0.0,0.0,0.0,0.0,2.0,1.0,0.0,0.0,0.0,0.0,0.0,
ESP-La Liga,2526,2026-05-17 Osasuna-Espanyol,Espanyol,Marko Dmitrovic,False,Goalkeeper,1,start,end,1.0,0.0,0.0,0.0,0.0,0.0,0.0,1.0,6.0,0.0,0.0,0.0,0.0,0.0,
ESP-La Liga,2526,2026-05-17 Osasuna-Espanyol,Osasuna,Sergio Herrera,True,Goalkeeper,1,start,end,1.0,0.0,0.0,0.0,0.0,0.0,0.0,2.0,1.0,0.0,0.0,0.0,0.0,0.0,
ESP-La Liga,2526,2026-05-17 Rayo Vallecano-Villarreal,Rayo Vallecano,Augusto Batalla,True,Goalkeeper,1,start,end,1.0,0.0,0.0,0.0,0.0,0.0,0.0,0.0,2.0,0.0,0.0,0.0,0.0,0.0,
ESP-La Liga,2526,2026-05-17 Rayo Vallecano-Villarreal,Villarreal,Arnau Tenas,False,Goalkeeper,1,start,end,1.0,0.0,0.0,0.0,0.0,0.0,0.0,2.0,5.0,0.0,0.0,0.0,0.0,0.0,
ESP-La Liga,2526,2026-05-17 Real Oviedo-Alavés,Alavés,Antonio Sivera,False,Goalkeeper,1,start,end,1.0,0.0,0.0,0.0,0.0,0.0,0.0,0.0,0.0,0.0,0.0,0.0,0.0,0.0,
ESP-La Liga,2526,2026-05-17 Real Oviedo-Alavés,Real Oviedo,Horatiu Moldovan,True,Goalkeeper,1,start,end,1.0,0.0,0.0,0.0,0.0,0.0,0.0,1.0,0.0,0.0,0.0,0.0,0.0,0.0,
ESP-La Liga,2526,2026-05-17 Real Sociedad-Valencia,Real Sociedad,Álex Remiro,True,Goalkeeper,1,start,end,1.0,0.0,0.0,0.0,0.0,0.0,0.0,4.0,2.0,0.0,0.0,0.0,0.0,0.0,
ESP-La Liga,2526,2026-05-17 Real Sociedad-Valencia,Valencia,Stole Dimitrievski,False,Goalkeeper,1,start,end,1.0,0.0,0.0,0.0,0.0,0.0,0.0,3.0,1.0,0.0,0.0,0.0,0.0,0.0,
ESP-La Liga,2526,2026-05-17 Sevilla-Real Madrid,Real Madrid,Thibaut Courtois,False,Goalkeeper,1,start,end,1.0,0.0,0.0,0.0,0.0,0.0,0.0,0.0,6.0,0.0,0.0,0.0,0.0,0.0,
ESP-La Liga,2526,2026-05-17 Sevilla-Real Madrid,Sevilla,Odisseas Vlachodimos,True,Goalkeeper,1,start,end,1.0,0.0,1.0,0.0,0.0,0.0,0.0,1.0,1.0,0.0,0.0,0.0,0.0,0.0,
ESP-La Liga,2526,2026-05-23 Alavés-Rayo Vallecano,Alavés,Antonio Sivera,True,Goalkeeper,1,start,end,1.0,0.0,0.0,0.0,0.0,0.0,0.0,2.0,5.0,0.0,0.0,0.0,0.0,0.0,
ESP-La Liga,2526,2026-05-23 Alavés-Rayo Vallecano,Rayo Vallecano,Daniel Cárdenas,False,Goalkeeper,1,start,end,1.0,0.0,0.0,0.0,0.0,0.0,0.0,1.0,10.0,0.0,0.0,0.0,0.0,0.0,
ESP-La Liga,2526,2026-05-23 Celta Vigo-Sevilla,Celta Vigo,Andrei Radu,True,Goalkeeper,1,start,end,1.0,0.0,1.0,0.0,0.0,0.0,0.0,0.0,2.0,0.0,0.0,0.0,0.0,0.0,
ESP-La Liga,2526,2026-05-23 Celta Vigo-Sevilla,Sevilla,Ørjan Nyland,False,Goalkeeper,1,start,end,1.0,0.0,0.0,0.0,0.0,0.0,0.0,1.0,2.0,0.0,0.0,0.0,0.0,0.0,
ESP-La Liga,2526,2026-05-23 Espanyol-Real Sociedad,Espanyol,Ángel Fortuño,True,Goalkeeper,1,start,end,1.0,0.0,0.0,0.0,0.0,0.0,0.0,1.0,2.0,0.0,0.0,0.0,0.0,0.0,
ESP-La Liga,2526,2026-05-23 Espanyol-Real Sociedad,Real Sociedad,Unai Marrero,False,Goalkeeper,1,start,end,1.0,0.0,0.0,0.0,0.0,0.0,1.0,1.0,7.0,0.0,0.0,0.0,0.0,0.0,
ESP-La Liga,2526,2026-05-23 Getafe-Osasuna,Getafe,David Soria,True,Goalkeeper,1,start,end,1.0,0.0,0.0,0.0,0.0,0.0,0.0,0.0,5.0,0.0,0.0,0.0,0.0,0.0,
ESP-La Liga,2526,2026-05-23 Getafe-Osasuna,Osasuna,Sergio Herrera,False,Goalkeeper,1,start,end,1.0,0.0,1.0,0.0,0.0,0.0,0.0,1.0,2.0,0.0,0.0,0.0,0.0,0.0,
ESP-La Liga,2526,2026-05-23 Girona-Elche,Elche,Matías Dituro,False,Goalkeeper,1,start,end,1.0,0.0,0.0,0.0,0.0,0.0,0.0,1.0,6.0,0.0,0.0,0.0,0.0,0.0,
ESP-La Liga,2526,2026-05-23 Girona-Elche,Girona,Paulo Gazzaniga,True,Goalkeeper,1,start,end,1.0,0.0,0.0,0.0,0.0,0.0,0.0,1.0,0.0,0.0,0.0,0.0,0.0,0.0,
ESP-La Liga,2526,2026-05-23 Mallorca-Real Oviedo,Mallorca,Leo Román,True,Goalkeeper,1,start,end,1.0,0.0,0.0,0.0,0.0,0.0,0.0,0.0,0.0,0.0,0.0,0.0,0.0,0.0,
ESP-La Liga,2526,2026-05-23 Mallorca-Real Oviedo,Real Oviedo,Horatiu Moldovan,False,Goalkeeper,1,start,end,1.0,0.0,0.0,0.0,0.0,0.0,0.0,3.0,4.0,0.0,0.0,0.0,0.0,0.0,
ESP-La Liga,2526,2026-05-23 Real Betis-Levante,Levante,Mathew Ryan,False,Goalkeeper,1,start,end,1.0,0.0,0.0,0.0,0.0,0.0,0.0,2.0,7.0,0.0,0.0,0.0,0.0,0.0,
ESP-La Liga,2526,2026-05-23 Real Betis-Levante,Real Betis,Adrián,True,Goalkeeper,1,start,end,1.0,0.0,0.0,0.0,0.0,0.0,0.0,1.0,6.0,0.0,0.0,0.0,0.0,0.0,
ESP-La Liga,2526,2026-05-23 Real Madrid-Athletic Club,Athletic Club,Álex Padilla,False,Goalkeeper,1,start,end,1.0,0.0,0.0,0.0,0.0,0.0,0.0,4.0,4.0,0.0,0.0,0.0,0.0,0.0,
ESP-La Liga,2526,2026-05-23 Real Madrid-Athletic Club,Real Madrid,Thibaut Courtois,True,Goalkeeper,1,start,end,1.0,0.0,0.0,0.0,0.0,0.0,0.0,2.0,0.0,0.0,0.0,0.0,0.0,0.0,
ESP-La Liga,2526,2026-05-23 Valencia-Barcelona,Barcelona,Wojciech Szczesny,False,Goalkeeper,1,start,end,1.0,0.0,0.0,0.0,0.0,0.0,0.0,3.0,3.0,0.0,0.0,0.0,0.0,0.0,
ESP-La Liga,2526,2026-05-23 Valencia-Barcelona,Valencia,Stole Dimitrievski,True,Goalkeeper,1,start,end,1.0,0.0,0.0,0.0,0.0,0.0,0.0,1.0,3.0,0.0,0.0,0.0,0.0,0.0,
ESP-La Liga,2526,2026-05-24 Villarreal-Atlético Madrid,Atlético Madrid,Juan Musso,False,Goalkeeper,1,start,end,1.0,1.0,0.0,0.0,0.0,0.0,0.0,5.0,3.0,0.0,0.0,0.0,0.0,0.0,
ESP-La Liga,2526,2026-05-24 Villarreal-Atlético Madrid,Villarreal,Arnau Tenas,True,Goalkeeper,1,start,end,1.0,0.0,0.0,0.0,0.0,0.0,0.0,1.0,3.0,0.0,0.0,0.0,0.0,0.0,
