league,season,game,team,player,is_home,position,formation_place,sub_in,sub_out,appearances,fouls_committed,fouls_suffered,own_goals,red_cards,sub_ins,yellow_cards,goals_conceded,saves,shots_faced,goal_assists,shots_on_target,total_goals,total_shots,offsides
GER-Bundesliga,2223,2022-08-05 Eintracht Frankfurt-Bayern Munich,Bayern Munich,Manuel Neuer,False,Goalkeeper,1,start,end,1.0,0.0,0.0,0.0,0.0,0.0,0.0,1.0,0.0,7.0,0.0,0.0,0.0,0.0,
GER-Bundesliga,2223,2022-08-05 Eintracht Frankfurt-Bayern Munich,Eintracht Frankfurt,Kevin Trapp,True,Goalkeeper,1,start,end,1.0,0.0,0.0,0.0,0.0,0.0,0.0,6.0,0.0,16.0,0.0,0.0,0.0,0.0,
GER-Bundesliga,2223,2022-08-06 1. FC Union Berlin-Hertha Berlin,1. FC Union Berlin,Frederik Ronnow,True,Goalkeeper,1,start,end,1.0,0.0,0.0,0.0,0.0,0.0,0.0,1.0,0.0,5.0,0.0,0.0,0.0,0.0,
GER-Bundesliga,2223,2022-08-06 1. FC Union Berlin-Hertha Berlin,Hertha Berlin,Oliver Christensen,False,Goalkeeper,1,start,end,1.0,0.0,0.0,0.0,0.0,0.0,0.0,3.0,0.0,16.0,0.0,0.0,0.0,0.0,
GER-Bundesliga,2223,2022-08-06 Borussia Dortmund-Bayer Leverkusen,Bayer Leverkusen,Lukas Hradecky,False,Goalkeeper,1,start,end,1.0,0.0,0.0,0.0,1.0,0.0,0.0,1.0,0.0,13.0,0.0,0.0,0.0,0.0,
GER-Bundesliga,2223,2022-08-06 Borussia Dortmund-Bayer Leverkusen,Borussia Dortmund,Gregor Kobel,True,Goalkeeper,1,start,end,1.0,0.0,0.0,0.0,0.0,0.0,0.0,0.0,0.0,8.0,0.0,0.0,0.0,0.0,
GER-Bundesliga,2223,2022-08-06 Borussia Mönchengladbach-TSG Hoffenheim,Borussia Mönchengladbach,Yann Sommer,True,Goalkeeper,1,start,end,1.0,0.0,0.0,0.0,0.0,0.0,0.0,1.0,0.0,1.0,0.0,0.0,0.0,0.0,
GER-Bundesliga,2223,2022-08-06 Borussia Mönchengladbach-TSG Hoffenheim,TSG Hoffenheim,Oliver Baumann,False,Goalkeeper,1,start,end,1.0,0.0,0.0,0.0,0.0,0.0,0.0,3.0,0.0,16.0,0.0,0.0,0.0,0.0,
GER-Bundesliga,2223,2022-08-06 FC Augsburg-SC Freiburg,FC Augsburg,Rafal Gikiewicz,True,Goalkeeper,1,start,end,1.0,0.0,1.0,0.0,0.0,0.0,0.0,4.0,3.0,14.0,0.0,0.0,0.0,0.0,
GER-Bundesliga,2223,2022-08-06 FC Augsburg-SC Freiburg,SC Freiburg,Mark Flekken,False,Goalkeeper,1,start,end,1.0,0.0,0.0,0.0,0.0,0.0,0.0,0.0,2.0,10.0,0.0,0.0,0.0,0.0,
GER-Bundesliga,2223,2022-08-06 VfL Bochum-Mainz,Mainz,Robin Zentner,False,Goalkeeper,1,start,end,1.0,0.0,0.0,0.0,0.0,0.0,0.0,1.0,0.0,16.0,0.0,0.0,0.0,0.0,
GER-Bundesliga,2223,2022-08-06 VfL Bochum-Mainz,VfL Bochum,Manuel Riemann,True,Goalkeeper,1,start,end,1.0,0.0,0.0,0.0,0.0,0.0,0.0,2.0,0.0,11.0,0.0,0.0,0.0,0.0,
GER-Bundesliga,2223,2022-08-06 VfL Wolfsburg-Werder Bremen,VfL Wolfsburg,Koen Casteels,True,Goalkeeper,1,start,end,1.0,0.0,0.0,0.0,0.0,0.0,0.0,2.0,0.0,8.0,0.0,0.0,0.0,0.0,
GER-Bundesliga,2223,2022-08-06 VfL Wolfsburg-Werder Bremen,Werder Bremen,Jirí Pavlenka,False,Goalkeeper,1,start,end,1.0,0.0,0.0,0.0,0.0,0.0,0.0,2.0,0.0,9.0,0.0,0.0,0.0,0.0,
GER-Bundesliga,2223,2022-08-07 FC Cologne-Schalke 04,FC Cologne,Marvin Schwäbe,True,Goalkeeper,1,start,end,1.0,0.0,0.0,0.0,0.0,0.0,0.0,1.0,0.0,4.0,0.0,0.0,0.0,0.0,
GER-Bundesliga,2223,2022-08-07 FC Cologne-Schalke 04,Schalke 04,Alexander Schwolow,False,Goalkeeper,1,start,end,1.0,0.0,0.0,0.0,0.0,0.0,0.0,3.0,0.0,29.0,0.0,0.0,0.0,0.0,
GER-Bundesliga,2223,2022-08-07 VfB Stuttgart-RB Leipzig,RB Leipzig,Péter Gulácsi,False,Goalkeeper,1,start,end,1.0,0.0,0.0,0.0,0.0,0.0,0.0,1.0,0.0,10.0,0.0,0.0,0.0,0.0,
GER-Bundesliga,2223,2022-08-07 VfB Stuttgart-RB Leipzig,VfB Stuttgart,Florian Müller,True,Goalkeeper,1,start,end,1.0,0.0,0.0,0.0,0.0,0.0,0.0,1.0,0.0,27.0,0.0,0.0,0.0,0.0,
GER-Bundesliga,2223,2022-08-12 SC Freiburg-Borussia Dortmund,Borussia Dortmund,Gregor Kobel,False,Goalkeeper,1,start,end,1.0,0.0,0.0,0.0,0.0,0.0,0.0,1.0,0.0,15.0,0.0,0.0,0.0,0.0,
GER-Bundesliga,2223,2022-08-12 SC Freiburg-Borussia Dortmund,SC Freiburg,Mark Flekken,True,Goalkeeper,1,start,end,1.0,0.0,0.0,0.0,0.0,0.0,0.0,3.0,0.0,10.0,0.0,0.0,0.0,0.0,
GER-Bundesliga,2223,2022-08-13 Bayer Leverkusen-FC Augsburg,Bayer Leverkusen,Andrey Lunev,True,Goalkeeper,1,start,end,1.0,0.0,0.0,0.0,0.0,0.0,0.0,2.0,0.0,4.0,0.0,0.0,0.0,0.0,
GER-Bundesliga,2223,2022-08-13 Bayer Leverkusen-FC Augsburg,FC Augsburg,Rafal Gikiewicz,False,Goalkeeper,1,start,end,1.0,0.0,1.0,0.0,0.0,0.0,1.0,1.0,0.0,23.0,0.0,0.0,0.0,0.0,
GER-Bundesliga,2223,2022-08-13 Hertha Berlin-Eintracht Frankfurt,Eintracht Frankfurt,Kevin Trapp,False,Goalkeeper,1,start,end,1.0,0.0,0.0,0.0,0.0,0.0,0.0,1.0,0.0,11.0,0.0,0.0,0.0,0.0,
GER-Bundesliga,2223,2022-08-13 Hertha Berlin-Eintracht Frankfurt,Hertha Berlin,Oliver Christensen,True,Goalkeeper,1,start,end,1.0,0.0,0.0,0.0,0.0,0.0,0.0,1.0,0.0,9.0,0.0,0.0,0.0,0.0,
GER-Bundesliga,2223,2022-08-13 RB Leipzig-FC Cologne,FC Cologne,Marvin Schwäbe,False,Goalkeeper,1,start,end,1.0,0.0,0.0,0.0,0.0,0.0,0.0,2.0,0.0,8.0,0.0,0.0,0.0,0.0,
GER-Bundesliga,2223,2022-08-13 RB Leipzig-FC Cologne,RB Leipzig,Péter Gulácsi,True,Goalkeeper,1,start,end,1.0,0.0,0.0,0.0,0.0,0.0,0.0,1.0,0.0,11.0,0.0,0.0,0.0,0.0,
GER-Bundesliga,2223,2022-08-13 Schalke 04-Borussia Mönchengladbach,Borussia Mönchengladbach,Yann Sommer,False,Goalkeeper,1,start,end,1.0,0.0,0.0,0.0,0.0,0.0,0.0,2.0,0.0,10.0,0.0,0.0,0.0,0.0,
GER-Bundesliga,2223,2022-08-13 Schalke 04-Borussia Mönchengladbach,Schalke 04,Alexander Schwolow,True,Goalkeeper,1,start,end,1.0,0.0,1.0,0.0,0.0,0.0,0.0,2.0,0.0,9.0,0.0,0.0,0.0,0.0,
GER-Bundesliga,2223,2022-08-13 TSG Hoffenheim-VfL Bochum,TSG Hoffenheim,Oliver Baumann,True,Goalkeeper,1,start,end,1.0,0.0,0.0,0.0,0.0,0.0,0.0,2.0,0.0,9.0,0.0,0.0,0.0,0.0,
GER-Bundesliga,2223,2022-08-13 TSG Hoffenheim-VfL Bochum,VfL Bochum,Manuel Riemann,False,Goalkeeper,1,start,end,1.0,0.0,1.0,0.0,0.0,0.0,0.0,3.0,0.0,19.0,0.0,0.0,0.0,0.0,
GER-Bundesliga,2223,2022-08-13 Werder Bremen-VfB Stuttgart,VfB Stuttgart,Florian Müller,False,Goalkeeper,1,start,end,1.0,0.0,0.0,0.0,0.0,0.0,0.0,2.0,0.0,3.0,0.0,0.0,0.0,0.0,
GER-Bundesliga,2223,2022-08-13 Werder Bremen-VfB Stuttgart,Werder Bremen,Jirí Pavlenka,True,Goalkeeper,1,start,end,1.0,0.0,0.0,0.0,0.0,0.0,0.0,2.0,0.0,12.0,0.0,0.0,0.0,0.0,
GER-Bundesliga,2223,2022-08-14 Bayern Munich-VfL Wolfsburg,Bayern Munich,Manuel Neuer,True,Goalkeeper,1,start,end,1.0,0.0,0.0,0.0,0.0,0.0,0.0,0.0,0.0,7.0,0.0,0.0,0.0,0.0,
GER-Bundesliga,2223,2022-08-14 Bayern Munich-VfL Wolfsburg,VfL Wolfsburg,Koen Casteels,False,Goalkeeper,1,start,end,1.0,0.0,0.0,0.0,0.0,0.0,0.0,2.0,0.0,22.0,0.0,0.0,0.0,0.0,
GER-Bundesliga,2223,2022-08-14 Mainz-1. FC Union Berlin,1. FC Union Berlin,Frederik Ronnow,False,Goalkeeper,1,start,end,1.0,0.0,0.0,0.0,0.0,0.0,0.0,0.0,5.0,11.0,0.0,0.0,0.0,0.0,
GER-Bundesliga,2223,2022-08-14 Mainz-1. FC Union Berlin,Mainz,Robin Zentner,True,Goalkeeper,1,start,end,1.0,0.0,0.0,0.0,0.0,0.0,0.0,0.0,2.0,10.0,0.0,0.0,0.0,0.0,
GER-Bundesliga,2223,2022-08-19 Borussia Mönchengladbach-Hertha Berlin,Borussia Mönchengladbach,Yann Sommer,True,Goalkeeper,1,start,end,1.0,0.0,0.0,0.0,0.0,0.0,0.0,0.0,0.0,16.0,0.0,0.0,0.0,0.0,
GER-Bundesliga,2223,2022-08-19 Borussia Mönchengladbach-Hertha Berlin,Hertha Berlin,Oliver Christensen,False,Goalkeeper,1,start,end,1.0,0.0,1.0,0.0,0.0,0.0,0.0,1.0,0.0,9.0,0.0,0.0,0.0,0.0,
GER-Bundesliga,2223,2022-08-20 1. FC Union Berlin-RB Leipzig,1. FC Union Berlin,Frederik Ronnow,True,Goalkeeper,1,start,end,1.0,0.0,0.0,0.0,0.0,0.0,1.0,1.0,0.0,14.0,0.0,0.0,0.0,0.0,
GER-Bundesliga,2223,2022-08-20 1. FC Union Berlin-RB Leipzig,RB Leipzig,Janis Blaswich,False,Goalkeeper,1,start,end,1.0,0.0,1.0,0.0,0.0,0.0,0.0,2.0,0.0,5.0,0.0,0.0,0.0,0.0,
GER-Bundesliga,2223,2022-08-20 Bayer Leverkusen-TSG Hoffenheim,Bayer Leverkusen,Lukas Hradecky,True,Goalkeeper,1,start,end,1.0,0.0,0.0,0.0,0.0,0.0,0.0,3.0,0.0,7.0,0.0,0.0,0.0,0.0,
GER-Bundesliga,2223,2022-08-20 Bayer Leverkusen-TSG Hoffenheim,TSG Hoffenheim,Oliver Baumann,False,Goalkeeper,1,start,end,1.0,0.0,0.0,0.0,0.0,0.0,0.0,0.0,0.0,14.0,0.0,0.0,0.0,0.0,
GER-Bundesliga,2223,2022-08-20 Borussia Dortmund-Werder Bremen,Borussia Dortmund,Gregor Kobel,True,Goalkeeper,1,start,end,1.0,0.0,0.0,0.0,0.0,0.0,0.0,3.0,4.0,11.0,0.0,0.0,0.0,0.0,
GER-Bundesliga,2223,2022-08-20 Borussia Dortmund-Werder Bremen,Werder Bremen,Jirí Pavlenka,False,Goalkeeper,1,start,end,1.0,0.0,0.0,0.0,0.0,0.0,0.0,2.0,2.0,5.0,0.0,0.0,0.0,0.0,
GER-Bundesliga,2223,2022-08-20 FC Augsburg-Mainz,FC Augsburg,Rafal Gikiewicz,True,Goalkeeper,1,start,end,1.0,0.0,0.0,0.0,0.0,0.0,0.0,2.0,0.0,10.0,0.0,0.0,0.0,0.0,
GER-Bundesliga,2223,2022-08-20 FC Augsburg-Mainz,Mainz,Robin Zentner,False,Goalkeeper,1,start,end,1.0,0.0,0.0,0.0,0.0,0.0,0.0,1.0,0.0,6.0,0.0,0.0,0.0,0.0,
GER-Bundesliga,2223,2022-08-20 VfB Stuttgart-SC Freiburg,SC Freiburg,Mark Flekken,False,Goalkeeper,1,start,end,1.0,0.0,0.0,0.0,0.0,0.0,0.0,0.0,4.0,17.0,0.0,0.0,0.0,0.0,
GER-Bundesliga,2223,2022-08-20 VfB Stuttgart-SC Freiburg,VfB Stuttgart,Florian Müller,True,Goalkeeper,1,start,end,1.0,0.0,0.0,0.0,0.0,0.0,0.0,1.0,2.0,8.0,0.0,0.0,0.0,0.0,
GER-Bundesliga,2223,2022-08-20 VfL Wolfsburg-Schalke 04,Schalke 04,Alexander Schwolow,False,Goalkeeper,1,start,end,1.0,0.0,0.0,0.0,0.0,0.0,0.0,0.0,0.0,15.0,0.0,0.0,0.0,0.0,
GER-Bundesliga,2223,2022-08-20 VfL Wolfsburg-Schalke 04,VfL Wolfsburg,Koen Casteels,True,Goalkeeper,1,start,end,1.0,0.0,0.0,0.0,0.0,0.0,0.0,0.0,0.0,9.0,0.0,0.0,0.0,0.0,
GER-Bundesliga,2223,2022-08-21 Eintracht Frankfurt-FC Cologne,Eintracht Frankfurt,Kevin Trapp,True,Goalkeeper,1,start,end,1.0,0.0,0.0,0.0,0.0,0.0,0.0,1.0,0.0,4.0,0.0,0.0,0.0,0.0,
GER-Bundesliga,2223,2022-08-21 Eintracht Frankfurt-FC Cologne,FC Cologne,Marvin Schwäbe,False,Goalkeeper,1,start,end,1.0,0.0,0.0,0.0,0.0,0.0,0.0,1.0,0.0,9.0,0.0,0.0,0.0,0.0,
GER-Bundesliga,2223,2022-08-21 VfL Bochum-Bayern Munich,Bayern Munich,Manuel Neuer,False,Goalkeeper,1,start,end,1.0,0.0,0.0,0.0,0.0,0.0,0.0,0.0,0.0,13.0,0.0,0.0,0.0,0.0,
GER-Bundesliga,2223,2022-08-21 VfL Bochum-Bayern Munich,VfL Bochum,Manuel Riemann,True,Goalkeeper,1,start,end,1.0,0.0,0.0,0.0,0.0,0.0,0.0,6.0,0.0,16.0,0.0,0.0,0.0,0.0,
GER-Bundesliga,2223,2022-08-26 SC Freiburg-VfL Bochum,SC Freiburg,Mark Flekken,True,Goalkeeper,1,start,end,1.0,0.0,0.0,0.0,0.0,0.0,0.0,0.0,0.0,14.0,0.0,0.0,0.0,0.0,
GER-Bundesliga,2223,2022-08-26 SC Freiburg-VfL Bochum,VfL Bochum,Manuel Riemann,False,Goalkeeper,1,start,end,1.0,1.0,0.0,0.0,0.0,0.0,1.0,1.0,0.0,25.0,0.0,0.0,0.0,0.0,
GER-Bundesliga,2223,2022-08-27 Bayern Munich-Borussia Mönchengladbach,Bayern Munich,Manuel Neuer,True,Goalkeeper,1,start,end,1.0,0.0,0.0,0.0,0.0,0.0,0.0,1.0,0.0,4.0,0.0,0.0,0.0,0.0,
GER-Bundesliga,2223,2022-08-27 Bayern Munich-Borussia Mönchengladbach,Borussia Mönchengladbach,Yann Sommer,False,Goalkeeper,1,start,end,1.0,0.0,0.0,0.0,0.0,0.0,0.0,1.0,0.0,30.0,0.0,0.0,0.0,0.0,
GER-Bundesliga,2223,2022-08-27 Hertha Berlin-Borussia Dortmund,Borussia Dortmund,Gregor Kobel,False,Goalkeeper,1,start,end,1.0,0.0,0.0,0.0,0.0,0.0,0.0,0.0,3.0,12.0,0.0,0.0,0.0,0.0,
GER-Bundesliga,2223,2022-08-27 Hertha Berlin-Borussia Dortmund,Hertha Berlin,Oliver Christensen,True,Goalkeeper,1,start,end,1.0,0.0,0.0,0.0,0.0,0.0,0.0,1.0,5.0,20.0,0.0,0.0,0.0,0.0,
GER-Bundesliga,2223,2022-08-27 Mainz-Bayer Leverkusen,Bayer Leverkusen,Lukas Hradecky,False,Goalkeeper,1,start,end,1.0,0.0,0.0,0.0,0.0,0.0,0.0,0.0,3.0,16.0,0.0,0.0,0.0,0.0,
GER-Bundesliga,2223,2022-08-27 Mainz-Bayer Leverkusen,Mainz,Robin Zentner,True,Goalkeeper,1,start,end,1.0,0.0,1.0,0.0,0.0,0.0,0.0,3.0,2.0,5.0,0.0,0.0,0.0,0.0,
GER-Bundesliga,2223,2022-08-27 RB Leipzig-VfL Wolfsburg,RB Leipzig,Janis Blaswich,True,Goalkeeper,1,start,end,1.0,0.0,0.0,0.0,0.0,0.0,0.0,0.0,0.0,9.0,0.0,0.0,0.0,0.0,
GER-Bundesliga,2223,2022-08-27 RB Leipzig-VfL Wolfsburg,VfL Wolfsburg,Koen Casteels,False,Goalkeeper,1,start,end,1.0,0.0,0.0,0.0,0.0,0.0,0.0,2.0,0.0,14.0,0.0,0.0,0.0,0.0,
GER-Bundesliga,2223,2022-08-27 Schalke 04-1. FC Union Berlin,1. FC Union Berlin,Frederik Ronnow,False,Goalkeeper,1,start,end,1.0,0.0,0.0,0.0,0.0,0.0,0.0,1.0,0.0,15.0,0.0,0.0,0.0,0.0,
GER-Bundesliga,2223,2022-08-27 Schalke 04-1. FC Union Berlin,Schalke 04,Alexander Schwolow,True,Goalkeeper,1,start,end,1.0,0.0,0.0,0.0,0.0,0.0,0.0,6.0,0.0,6.0,0.0,0.0,0.0,0.0,
GER-Bundesliga,2223,2022-08-27 TSG Hoffenheim-FC Augsburg,FC Augsburg,Rafal Gikiewicz,False,Goalkeeper,1,start,end,1.0,0.0,0.0,0.0,0.0,0.0,0.0,1.0,0.0,20.0,0.0,0.0,0.0,0.0,
GER-Bundesliga,2223,2022-08-27 TSG Hoffenheim-FC Augsburg,TSG Hoffenheim,Oliver Baumann,True,Goalkeeper,1,start,end,1.0,0.0,0.0,0.0,0.0,0.0,0.0,0.0,0.0,10.0,0.0,0.0,0.0,0.0,
GER-Bundesliga,2223,2022-08-28 FC Cologne-VfB Stuttgart,FC Cologne,Marvin Schwäbe,True,Goalkeeper,1,start,end,1.0,0.0,0.0,0.0,0.0,0.0,0.0,0.0,0.0,14.0,0.0,0.0,0.0,0.0,
GER-Bundesliga,2223,2022-08-28 FC Cologne-VfB Stuttgart,VfB Stuttgart,Florian Müller,False,Goalkeeper,1,start,end,1.0,0.0,0.0,0.0,0.0,0.0,0.0,0.0,0.0,6.0,0.0,0.0,0.0,0.0,
GER-Bundesliga,2223,2022-08-28 Werder Bremen-Eintracht Frankfurt,Eintracht Frankfurt,Kevin Trapp,False,Goalkeeper,1,start,end,1.0,0.0,0.0,0.0,0.0,0.0,1.0,3.0,0.0,7.0,0.0,0.0,0.0,0.0,
GER-Bundesliga,2223,2022-08-28 Werder Bremen-Eintracht Frankfurt,Werder Bremen,Jirí Pavlenka,True,Goalkeeper,1,start,end,1.0,0.0,0.0,0.0,0.0,0.0,0.0,4.0,0.0,6.0,0.0,0.0,0.0,0.0,
GER-Bundesliga,2223,2022-09-02 Borussia Dortmund-TSG Hoffenheim,Borussia Dortmund,Gregor Kobel,True,Goalkeeper,1,start,end,1.0,0.0,0.0,0.0,0.0,0.0,0.0,0.0,0.0,7.0,0.0,0.0,0.0,0.0,
GER-Bundesliga,2223,2022-09-02 Borussia Dortmund-TSG Hoffenheim,TSG Hoffenheim,Oliver Baumann,False,Goalkeeper,1,start,end,1.0,0.0,0.0,0.0,0.0,0.0,0.0,1.0,0.0,13.0,0.0,0.0,0.0,0.0,
GER-Bundesliga,2223,2022-09-03 1. FC Union Berlin-Bayern Munich,1. FC Union Berlin,Frederik Ronnow,True,Goalkeeper,1,start,end,1.0,0.0,0.0,0.0,0.0,0.0,0.0,1.0,0.0,20.0,0.0,0.0,0.0,0.0,
GER-Bundesliga,2223,2022-09-03 1. FC Union Berlin-Bayern Munich,Bayern Munich,Manuel Neuer,False,Goalkeeper,1,start,end,1.0,0.0,1.0,0.0,0.0,0.0,0.0,1.0,0.0,7.0,0.0,0.0,0.0,0.0,
GER-Bundesliga,2223,2022-09-03 Bayer Leverkusen-SC Freiburg,Bayer Leverkusen,Lukas Hradecky,True,Goalkeeper,1,start,end,1.0,0.0,0.0,0.0,0.0,0.0,0.0,3.0,0.0,3.0,0.0,0.0,0.0,0.0,
GER-Bundesliga,2223,2022-09-03 Bayer Leverkusen-SC Freiburg,SC Freiburg,Mark Flekken,False,Goalkeeper,1,start,end,1.0,0.0,0.0,0.0,0.0,0.0,0.0,2.0,4.0,13.0,0.0,0.0,0.0,0.0,
GER-Bundesliga,2223,2022-09-03 Eintracht Frankfurt-RB Leipzig,Eintracht Frankfurt,Kevin Trapp,True,Goalkeeper,1,start,end,1.0,0.0,0.0,0.0,0.0,0.0,0.0,0.0,0.0,4.0,0.0,0.0,0.0,0.0,
GER-Bundesliga,2223,2022-09-03 Eintracht Frankfurt-RB Leipzig,RB Leipzig,Péter Gulácsi,False,Goalkeeper,1,start,end,1.0,0.0,0.0,0.0,0.0,0.0,0.0,4.0,0.0,10.0,0.0,0.0,0.0,0.0,
GER-Bundesliga,2223,2022-09-03 VfB Stuttgart-Schalke 04,Schalke 04,Alexander Schwolow,False,Goalkeeper,1,start,end,1.0,0.0,0.0,0.0,0.0,0.0,0.0,1.0,0.0,12.0,0.0,0.0,0.0,0.0,
GER-Bundesliga,2223,2022-09-03 VfB Stuttgart-Schalke 04,VfB Stuttgart,Florian Müller,True,Goalkeeper,1,start,end,1.0,0.0,0.0,0.0,0.0,0.0,0.0,1.0,0.0,11.0,0.0,0.0,0.0,0.0,
GER-Bundesliga,2223,2022-09-03 VfL Bochum-Werder Bremen,VfL Bochum,Manuel Riemann,True,Goalkeeper,1,start,end,1.0,0.0,0.0,0.0,0.0,0.0,0.0,2.0,0.0,12.0,0.0,0.0,0.0,0.0,
GER-Bundesliga,2223,2022-09-03 VfL Bochum-Werder Bremen,Werder Bremen,Jirí Pavlenka,False,Goalkeeper,1,start,end,1.0,0.0,1.0,0.0,0.0,0.0,0.0,0.0,0.0,19.0,0.0,0.0,0.0,0.0,
GER-Bundesliga,2223,2022-09-03 VfL Wolfsburg-FC Cologne,FC Cologne,Marvin Schwäbe,False,Goalkeeper,1,start,end,1.0,0.0,0.0,0.0,0.0,0.0,0.0,2.0,0.0,7.0,0.0,0.0,0.0,0.0,
GER-Bundesliga,2223,2022-09-03 VfL Wolfsburg-FC Cologne,VfL Wolfsburg,Koen Casteels,True,Goalkeeper,1,start,end,1.0,0.0,0.0,0.0,0.0,0.0,0.0,3.0,0.0,15.0,0.0,0.0,0.0,0.0,
GER-Bundesliga,2223,2022-09-04 Borussia Mönchengladbach-Mainz,Borussia Mönchengladbach,Yann Sommer,True,Goalkeeper,1,start,end,1.0,0.0,0.0,0.0,0.0,0.0,0.0,1.0,0.0,10.0,0.0,0.0,0.0,0.0,
GER-Bundesliga,2223,2022-09-04 Borussia Mönchengladbach-Mainz,Mainz,Robin Zentner,False,Goalkeeper,1,start,end,1.0,0.0,1.0,0.0,0.0,0.0,1.0,0.0,0.0,14.0,0.0,0.0,0.0,0.0,
GER-Bundesliga,2223,2022-09-04 FC Augsburg-Hertha Berlin,FC Augsburg,Rafal Gikiewicz,True,Goalkeeper,1,start,end,1.0,0.0,0.0,0.0,0.0,0.0,0.0,2.0,0.0,13.0,0.0,0.0,0.0,0.0,
GER-Bundesliga,2223,2022-09-04 FC Augsburg-Hertha Berlin,Hertha Berlin,Oliver Christensen,False,Goalkeeper,1,start,end,1.0,0.0,0.0,0.0,0.0,0.0,0.0,0.0,0.0,8.0,0.0,0.0,0.0,0.0,
GER-Bundesliga,2223,2022-09-09 Werder Bremen-FC Augsburg,FC Augsburg,Rafal Gikiewicz,False,Goalkeeper,1,start,end,1.0,0.0,0.0,0.0,0.0,0.0,1.0,0.0,0.0,11.0,0.0,0.0,0.0,0.0,
GER-Bundesliga,2223,2022-09-09 Werder Bremen-FC Augsburg,Werder Bremen,Jirí Pavlenka,True,Goalkeeper,1,start,29,1.0,0.0,0.0,0.0,0.0,0.0,0.0,0.0,0.0,4.0,0.0,0.0,0.0,0.0,
GER-Bundesliga,2223,2022-09-10 Bayern Munich-VfB Stuttgart,Bayern Munich,Manuel Neuer,True,Goalkeeper,1,start,end,1.0,0.0,0.0,0.0,0.0,0.0,0.0,2.0,0.0,5.0,0.0,0.0,0.0,0.0,
GER-Bundesliga,2223,2022-09-10 Bayern Munich-VfB Stuttgart,VfB Stuttgart,Florian Müller,False,Goalkeeper,1,start,end,1.0,0.0,0.0,0.0,0.0,0.0,0.0,2.0,0.0,17.0,0.0,0.0,0.0,0.0,
GER-Bundesliga,2223,2022-09-10 Eintracht Frankfurt-VfL Wolfsburg,Eintracht Frankfurt,Kevin Trapp,True,Goalkeeper,1,start,end,1.0,0.0,0.0,0.0,0.0,0.0,0.0,1.0,0.0,6.0,0.0,0.0,0.0,0.0,
GER-Bundesliga,2223,2022-09-10 Eintracht Frankfurt-VfL Wolfsburg,VfL Wolfsburg,Koen Casteels,False,Goalkeeper,1,start,end,1.0,0.0,0.0,0.0,0.0,0.0,0.0,0.0,0.0,9.0,0.0,0.0,0.0,0.0,
GER-Bundesliga,2223,2022-09-10 Hertha Berlin-Bayer Leverkusen,Bayer Leverkusen,Lukas Hradecky,False,Goalkeeper,1,start,end,1.0,0.0,0.0,0.0,0.0,0.0,0.0,2.0,0.0,16.0,0.0,0.0,0.0,0.0,
GER-Bundesliga,2223,2022-09-10 Hertha Berlin-Bayer Leverkusen,Hertha Berlin,Oliver Christensen,True,Goalkeeper,1,start,end,1.0,0.0,0.0,0.0,0.0,0.0,0.0,2.0,0.0,9.0,0.0,0.0,0.0,0.0,
GER-Bundesliga,2223,2022-09-10 RB Leipzig-Borussia Dortmund,Borussia Dortmund,Alexander Meyer,False,Goalkeeper,1,start,end,1.0,0.0,0.0,0.0,0.0,0.0,0.0,3.0,0.0,11.0,0.0,0.0,0.0,0.0,
GER-Bundesliga,2223,2022-09-10 RB Leipzig-Borussia Dortmund,RB Leipzig,Péter Gulácsi,True,Goalkeeper,1,start,end,1.0,0.0,0.0,0.0,0.0,0.0,0.0,0.0,0.0,5.0,0.0,0.0,0.0,0.0,
GER-Bundesliga,2223,2022-09-10 Schalke 04-VfL Bochum,Schalke 04,Alexander Schwolow,True,Goalkeeper,1,start,end,1.0,0.0,0.0,0.0,0.0,0.0,1.0,1.0,0.0,8.0,0.0,0.0,0.0,0.0,
GER-Bundesliga,2223,2022-09-10 Schalke 04-VfL Bochum,VfL Bochum,Manuel Riemann,False,Goalkeeper,1,start,end,1.0,0.0,0.0,0.0,0.0,0.0,0.0,2.0,0.0,17.0,0.0,0.0,0.0,0.0,
GER-Bundesliga,2223,2022-09-10 TSG Hoffenheim-Mainz,Mainz,Robin Zentner,False,Goalkeeper,1,start,end,1.0,0.0,0.0,0.0,0.0,0.0,0.0,4.0,0.0,16.0,0.0,0.0,0.0,0.0,
GER-Bundesliga,2223,2022-09-10 TSG Hoffenheim-Mainz,TSG Hoffenheim,Oliver Baumann,True,Goalkeeper,1,start,end,1.0,0.0,0.0,0.0,0.0,0.0,0.0,1.0,0.0,8.0,0.0,0.0,0.0,0.0,
GER-Bundesliga,2223,2022-09-11 FC Cologne-1. FC Union Berlin,1. FC Union Berlin,Lennart Grill,False,Goalkeeper,1,start,end,1.0,0.0,0.0,0.0,0.0,0.0,0.0,0.0,0.0,8.0,0.0,0.0,0.0,0.0,
GER-Bundesliga,2223,2022-09-11 FC Cologne-1. FC Union Berlin,FC Cologne,Marvin Schwäbe,True,Goalkeeper,1,start,end,1.0,0.0,1.0,0.0,0.0,0.0,0.0,0.0,0.0,12.0,0.0,0.0,0.0,0.0,
GER-Bundesliga,2223,2022-09-11 SC Freiburg-Borussia Mönchengladbach,Borussia Mönchengladbach,Yann Sommer,False,Goalkeeper,1,start,end,1.0,0.0,0.0,0.0,0.0,0.0,0.0,0.0,0.0,14.0,0.0,0.0,0.0,0.0,
GER-Bundesliga,2223,2022-09-11 SC Freiburg-Borussia Mönchengladbach,SC Freiburg,Mark Flekken,True,Goalkeeper,1,start,end,1.0,0.0,0.0,0.0,0.0,0.0,0.0,0.0,0.0,15.0,0.0,0.0,0.0,0.0,
GER-Bundesliga,2223,2022-09-16 Mainz-Hertha Berlin,Hertha Berlin,Oliver Christensen,False,Goalkeeper,1,start,end,1.0,0.0,0.0,0.0,0.0,0.0,1.0,1.0,1.0,10.0,0.0,0.0,0.0,0.0,
GER-Bundesliga,2223,2022-09-16 Mainz-Hertha Berlin,Mainz,Robin Zentner,True,Goalkeeper,1,start,end,1.0,0.0,0.0,0.0,0.0,0.0,0.0,1.0,1.0,3.0,0.0,0.0,0.0,0.0,
GER-Bundesliga,2223,2022-09-17 Bayer Leverkusen-Werder Bremen,Bayer Leverkusen,Lukas Hradecky,True,Goalkeeper,1,start,end,1.0,0.0,0.0,0.0,0.0,0.0,0.0,1.0,6.0,18.0,0.0,0.0,0.0,0.0,
GER-Bundesliga,2223,2022-09-17 Bayer Leverkusen-Werder Bremen,Werder Bremen,Jirí Pavlenka,False,Goalkeeper,1,start,end,1.0,0.0,0.0,0.0,0.0,0.0,0.0,1.0,6.0,17.0,0.0,0.0,0.0,0.0,
GER-Bundesliga,2223,2022-09-17 Borussia Dortmund-Schalke 04,Borussia Dortmund,Alexander Meyer,True,Goalkeeper,1,start,end,1.0,0.0,0.0,0.0,0.0,0.0,0.0,0.0,0.0,3.0,0.0,0.0,0.0,0.0,
GER-Bundesliga,2223,2022-09-17 Borussia Dortmund-Schalke 04,Schalke 04,Alexander Schwolow,False,Goalkeeper,1,start,end,1.0,0.0,2.0,0.0,0.0,0.0,0.0,1.0,0.0,16.0,0.0,0.0,0.0,0.0,
GER-Bundesliga,2223,2022-09-17 Borussia Mönchengladbach-RB Leipzig,Borussia Mönchengladbach,Yann Sommer,True,Goalkeeper,1,start,end,1.0,0.0,0.0,0.0,0.0,0.0,0.0,0.0,0.0,11.0,0.0,0.0,0.0,0.0,
GER-Bundesliga,2223,2022-09-17 Borussia Mönchengladbach-RB Leipzig,RB Leipzig,Péter Gulácsi,False,Goalkeeper,1,start,end,1.0,0.0,0.0,0.0,0.0,0.0,0.0,3.0,0.0,17.0,0.0,0.0,0.0,0.0,
GER-Bundesliga,2223,2022-09-17 FC Augsburg-Bayern Munich,Bayern Munich,Manuel Neuer,False,Goalkeeper,1,start,end,1.0,0.0,0.0,0.0,0.0,0.0,0.0,1.0,0.0,8.0,0.0,1.0,0.0,2.0,
GER-Bundesliga,2223,2022-09-17 FC Augsburg-Bayern Munich,FC Augsburg,Rafal Gikiewicz,True,Goalkeeper,1,start,end,1.0,0.0,0.0,0.0,0.0,0.0,0.0,0.0,0.0,20.0,0.0,0.0,0.0,0.0,
GER-Bundesliga,2223,2022-09-17 VfB Stuttgart-Eintracht Frankfurt,Eintracht Frankfurt,Kevin Trapp,False,Goalkeeper,1,start,end,1.0,0.0,0.0,0.0,0.0,0.0,0.0,1.0,0.0,12.0,0.0,0.0,0.0,0.0,
GER-Bundesliga,2223,2022-09-17 VfB Stuttgart-Eintracht Frankfurt,VfB Stuttgart,Florian Müller,True,Goalkeeper,1,start,end,1.0,0.0,0.0,0.0,0.0,0.0,0.0,3.0,0.0,10.0,0.0,0.0,0.0,0.0,
GER-Bundesliga,2223,2022-09-18 1. FC Union Berlin-VfL Wolfsburg,1. FC Union Berlin,Frederik Ronnow,True,Goalkeeper,1,start,end,1.0,0.0,1.0,0.0,0.0,0.0,0.0,0.0,0.0,4.0,0.0,0.0,0.0,0.0,
GER-Bundesliga,2223,2022-09-18 1. FC Union Berlin-VfL Wolfsburg,VfL Wolfsburg,Koen Casteels,False,Goalkeeper,1,start,end,1.0,0.0,0.0,0.0,0.0,0.0,0.0,2.0,0.0,14.0,0.0,0.0,0.0,0.0,
GER-Bundesliga,2223,2022-09-18 TSG Hoffenheim-SC Freiburg,SC Freiburg,Mark Flekken,False,Goalkeeper,1,start,end,1.0,0.0,0.0,0.0,0.0,0.0,0.0,0.0,0.0,10.0,0.0,0.0,0.0,0.0,
GER-Bundesliga,2223,2022-09-18 TSG Hoffenheim-SC Freiburg,TSG Hoffenheim,Oliver Baumann,True,Goalkeeper,1,start,end,1.0,0.0,0.0,0.0,0.0,0.0,0.0,0.0,0.0,13.0,0.0,0.0,0.0,0.0,
GER-Bundesliga,2223,2022-09-18 VfL Bochum-FC Cologne,FC Cologne,Marvin Schwäbe,False,Goalkeeper,1,start,end,1.0,0.0,0.0,0.0,0.0,0.0,0.0,0.0,0.0,7.0,0.0,0.0,0.0,0.0,
GER-Bundesliga,2223,2022-09-18 VfL Bochum-FC Cologne,VfL Bochum,Manuel Riemann,True,Goalkeeper,1,start,end,1.0,0.0,0.0,0.0,0.0,0.0,0.0,1.0,0.0,17.0,0.0,0.0,0.0,0.0,
GER-Bundesliga,2223,2022-09-30 Bayern Munich-Bayer Leverkusen,Bayer Leverkusen,Lukas Hradecky,False,Goalkeeper,1,start,end,1.0,0.0,0.0,0.0,0.0,0.0,0.0,4.0,0.0,17.0,0.0,0.0,0.0,0.0,
GER-Bundesliga,2223,2022-09-30 Bayern Munich-Bayer Leverkusen,Bayern Munich,Manuel Neuer,True,Goalkeeper,1,start,end,1.0,0.0,0.0,0.0,0.0,0.0,0.0,0.0,0.0,10.0,0.0,0.0,0.0,0.0,
GER-Bundesliga,2223,2022-10-01 Eintracht Frankfurt-1. FC Union Berlin,1. FC Union Berlin,Frederik Ronnow,False,Goalkeeper,1,start,end,1.0,0.0,0.0,0.0,0.0,0.0,0.0,2.0,0.0,11.0,0.0,0.0,0.0,0.0,
GER-Bundesliga,2223,2022-10-01 Eintracht Frankfurt-1. FC Union Berlin,Eintracht Frankfurt,Kevin Trapp,True,Goalkeeper,1,start,end,1.0,0.0,0.0,0.0,0.0,0.0,0.0,0.0,0.0,15.0,0.0,0.0,0.0,0.0,
GER-Bundesliga,2223,2022-10-01 FC Cologne-Borussia Dortmund,Borussia Dortmund,Alexander Meyer,False,Goalkeeper,1,start,end,1.0,0.0,0.0,0.0,0.0,0.0,0.0,3.0,7.0,18.0,0.0,0.0,0.0,0.0,
GER-Bundesliga,2223,2022-10-01 FC Cologne-Borussia Dortmund,FC Cologne,Marvin Schwäbe,True,Goalkeeper,1,start,end,1.0,0.0,0.0,0.0,0.0,0.0,0.0,2.0,7.0,19.0,0.0,0.0,0.0,0.0,
GER-Bundesliga,2223,2022-10-01 RB Leipzig-VfL Bochum,RB Leipzig,Péter Gulácsi,True,Goalkeeper,1,start,end,1.0,0.0,0.0,0.0,0.0,0.0,0.0,0.0,1.0,2.0,0.0,0.0,0.0,0.0,
GER-Bundesliga,2223,2022-10-01 RB Leipzig-VfL Bochum,VfL Bochum,Manuel Riemann,False,Goalkeeper,1,start,end,1.0,0.0,0.0,0.0,0.0,0.0,0.0,4.0,5.0,12.0,0.0,0.0,0.0,0.0,
GER-Bundesliga,2223,2022-10-01 SC Freiburg-Mainz,Mainz,Robin Zentner,False,Goalkeeper,1,start,end,1.0,0.0,0.0,0.0,0.0,0.0,0.0,2.0,0.0,10.0,0.0,0.0,0.0,0.0,
GER-Bundesliga,2223,2022-10-01 SC Freiburg-Mainz,SC Freiburg,Mark Flekken,True,Goalkeeper,1,start,end,1.0,0.0,0.0,0.0,0.0,0.0,0.0,1.0,0.0,15.0,0.0,0.0,0.0,0.0,
GER-Bundesliga,2223,2022-10-01 VfL Wolfsburg-VfB Stuttgart,VfB Stuttgart,Florian Müller,False,Goalkeeper,1,start,end,1.0,0.0,0.0,0.0,0.0,0.0,0.0,3.0,0.0,16.0,0.0,0.0,0.0,0.0,
GER-Bundesliga,2223,2022-10-01 VfL Wolfsburg-VfB Stuttgart,VfL Wolfsburg,Koen Casteels,True,Goalkeeper,1,start,end,1.0,0.0,0.0,0.0,0.0,0.0,0.0,2.0,0.0,12.0,0.0,0.0,0.0,0.0,
GER-Bundesliga,2223,2022-10-01 Werder Bremen-Borussia Mönchengladbach,Borussia Mönchengladbach,Yann Sommer,False,Goalkeeper,1,start,end,1.0,0.0,0.0,0.0,0.0,0.0,0.0,4.0,0.0,9.0,0.0,0.0,0.0,0.0,
GER-Bundesliga,2223,2022-10-01 Werder Bremen-Borussia Mönchengladbach,Werder Bremen,Jirí Pavlenka,True,Goalkeeper,1,start,end,1.0,0.0,0.0,0.0,0.0,0.0,0.0,1.0,0.0,12.0,0.0,0.0,0.0,0.0,
GER-Bundesliga,2223,2022-10-02 Hertha Berlin-TSG Hoffenheim,Hertha Berlin,Oliver Christensen,True,Goalkeeper,1,start,end,1.0,0.0,1.0,0.0,0.0,0.0,0.0,1.0,0.0,15.0,0.0,0.0,0.0,0.0,
GER-Bundesliga,2223,2022-10-02 Hertha Berlin-TSG Hoffenheim,TSG Hoffenheim,Oliver Baumann,False,Goalkeeper,1,start,end,1.0,0.0,0.0,0.0,0.0,0.0,0.0,1.0,0.0,11.0,0.0,0.0,0.0,0.0,
GER-Bundesliga,2223,2022-10-02 Schalke 04-FC Augsburg,FC Augsburg,Rafal Gikiewicz,False,Goalkeeper,1,start,end,1.0,0.0,0.0,0.0,0.0,0.0,0.0,2.0,0.0,15.0,0.0,0.0,0.0,0.0,
GER-Bundesliga,2223,2022-10-02 Schalke 04-FC Augsburg,Schalke 04,Alexander Schwolow,True,Goalkeeper,1,start,end,1.0,0.0,0.0,0.0,0.0,0.0,0.0,3.0,0.0,10.0,0.0,0.0,0.0,1.0,
GER-Bundesliga,2223,2022-10-07 TSG Hoffenheim-Werder Bremen,TSG Hoffenheim,Oliver Baumann,True,Goalkeeper,1,start,end,1.0,0.0,0.0,0.0,0.0,0.0,0.0,2.0,1.0,6.0,0.0,0.0,0.0,0.0,
GER-Bundesliga,2223,2022-10-07 TSG Hoffenheim-Werder Bremen,Werder Bremen,Jirí Pavlenka,False,Goalkeeper,1,start,end,1.0,0.0,0.0,0.0,0.0,0.0,0.0,1.0,5.0,15.0,0.0,0.0,0.0,0.0,
GER-Bundesliga,2223,2022-10-08 Bayer Leverkusen-Schalke 04,Bayer Leverkusen,Lukas Hradecky,True,Goalkeeper,1,start,end,1.0,0.0,0.0,0.0,0.0,0.0,0.0,0.0,0.0,2.0,0.0,0.0,0.0,0.0,
GER-Bundesliga,2223,2022-10-08 Bayer Leverkusen-Schalke 04,Schalke 04,Alexander Schwolow,False,Goalkeeper,1,start,end,1.0,0.0,0.0,0.0,0.0,0.0,0.0,4.0,0.0,8.0,0.0,0.0,0.0,0.0,
GER-Bundesliga,2223,2022-10-08 Borussia Dortmund-Bayern Munich,Bayern Munich,Manuel Neuer,False,Goalkeeper,1,start,end,1.0,0.0,0.0,0.0,0.0,0.0,0.0,2.0,0.0,11.0,0.0,0.0,0.0,0.0,
GER-Bundesliga,2223,2022-10-08 Borussia Dortmund-Bayern Munich,Borussia Dortmund,Alexander Meyer,True,Goalkeeper,1,start,end,1.0,0.0,0.0,0.0,0.0,0.0,0.0,2.0,0.0,7.0,0.0,0.0,0.0,0.0,
GER-Bundesliga,2223,2022-10-08 FC Augsburg-VfL Wolfsburg,FC Augsburg,Tomas Koubek,True,Goalkeeper,1,start,end,1.0,0.0,0.0,0.0,0.0,0.0,0.0,1.0,0.0,11.0,0.0,0.0,0.0,0.0,
GER-Bundesliga,2223,2022-10-08 FC Augsburg-VfL Wolfsburg,VfL Wolfsburg,Koen Casteels,False,Goalkeeper,1,start,end,1.0,0.0,1.0,0.0,0.0,0.0,0.0,1.0,0.0,14.0,0.0,0.0,0.0,0.0,
GER-Bundesliga,2223,2022-10-08 Mainz-RB Leipzig,Mainz,Robin Zentner,True,Goalkeeper,1,start,end,1.0,0.0,1.0,0.0,0.0,0.0,0.0,1.0,0.0,11.0,0.0,0.0,0.0,0.0,
GER-Bundesliga,2223,2022-10-08 Mainz-RB Leipzig,RB Leipzig,Janis Blaswich,False,Goalkeeper,1,start,end,1.0,0.0,0.0,0.0,0.0,0.0,0.0,1.0,0.0,8.0,0.0,0.0,0.0,0.0,
GER-Bundesliga,2223,2022-10-08 VfL Bochum-Eintracht Frankfurt,Eintracht Frankfurt,Kevin Trapp,False,Goalkeeper,1,start,end,1.0,0.0,0.0,0.0,0.0,0.0,0.0,2.0,0.0,9.0,0.0,0.0,0.0,0.0,
GER-Bundesliga,2223,2022-10-08 VfL Bochum-Eintracht Frankfurt,VfL Bochum,Manuel Riemann,True,Goalkeeper,1,start,end,1.0,0.0,0.0,0.0,0.0,0.0,0.0,0.0,0.0,12.0,0.0,0.0,0.0,0.0,
GER-Bundesliga,2223,2022-10-09 Borussia Mönchengladbach-FC Cologne,Borussia Mönchengladbach,Yann Sommer,True,Goalkeeper,1,start,end,1.0,0.0,0.0,0.0,0.0,0.0,0.0,2.0,0.0,3.0,0.0,0.0,0.0,0.0,
GER-Bundesliga,2223,2022-10-09 Borussia Mönchengladbach-FC Cologne,FC Cologne,Marvin Schwäbe,False,Goalkeeper,1,start,end,1.0,0.0,0.0,0.0,0.0,0.0,0.0,5.0,0.0,9.0,0.0,0.0,0.0,0.0,
GER-Bundesliga,2223,2022-10-09 Hertha Berlin-SC Freiburg,Hertha Berlin,Oliver Christensen,True,Goalkeeper,1,start,end,1.0,0.0,0.0,0.0,0.0,0.0,0.0,2.0,0.0,6.0,0.0,0.0,0.0,0.0,
GER-Bundesliga,2223,2022-10-09 Hertha Berlin-SC Freiburg,SC Freiburg,Mark Flekken,False,Goalkeeper,1,start,end,1.0,0.0,0.0,0.0,0.0,0.0,0.0,2.0,0.0,12.0,0.0,0.0,0.0,0.0,
GER-Bundesliga,2223,2022-10-09 VfB Stuttgart-1. FC Union Berlin,1. FC Union Berlin,Frederik Ronnow,False,Goalkeeper,1,start,end,1.0,0.0,0.0,0.0,0.0,0.0,0.0,0.0,0.0,9.0,0.0,0.0,0.0,0.0,
GER-Bundesliga,2223,2022-10-09 VfB Stuttgart-1. FC Union Berlin,VfB Stuttgart,Florian Müller,True,Goalkeeper,1,start,end,1.0,0.0,0.0,0.0,0.0,0.0,0.0,1.0,0.0,6.0,0.0,0.0,0.0,0.0,
GER-Bundesliga,2223,2022-10-14 Schalke 04-TSG Hoffenheim,Schalke 04,Alexander Schwolow,True,Goalkeeper,1,start,end,1.0,0.0,0.0,0.0,0.0,0.0,0.0,3.0,4.0,13.0,0.0,0.0,0.0,0.0,
GER-Bundesliga,2223,2022-10-14 Schalke 04-TSG Hoffenheim,TSG Hoffenheim,Oliver Baumann,False,Goalkeeper,1,start,end,1.0,0.0,0.0,0.0,0.0,0.0,0.0,0.0,2.0,16.0,0.0,0.0,0.0,0.0,
GER-Bundesliga,2223,2022-10-15 Eintracht Frankfurt-Bayer Leverkusen,Bayer Leverkusen,Lukas Hradecky,False,Goalkeeper,1,start,end,1.0,0.0,0.0,0.0,0.0,0.0,0.0,5.0,5.0,13.0,0.0,0.0,0.0,0.0,
GER-Bundesliga,2223,2022-10-15 Eintracht Frankfurt-Bayer Leverkusen,Eintracht Frankfurt,Kevin Trapp,True,Goalkeeper,1,start,end,1.0,0.0,1.0,0.0,0.0,0.0,0.0,1.0,1.0,4.0,0.0,0.0,0.0,0.0,
GER-Bundesliga,2223,2022-10-15 RB Leipzig-Hertha Berlin,Hertha Berlin,Oliver Christensen,False,Goalkeeper,1,start,end,1.0,0.0,0.0,0.0,0.0,0.0,0.0,3.0,1.0,11.0,0.0,0.0,0.0,0.0,
GER-Bundesliga,2223,2022-10-15 RB Leipzig-Hertha Berlin,RB Leipzig,Janis Blaswich,True,Goalkeeper,1,start,end,1.0,0.0,0.0,0.0,0.0,0.0,0.0,2.0,3.0,12.0,0.0,0.0,0.0,0.0,
GER-Bundesliga,2223,2022-10-15 VfB Stuttgart-VfL Bochum,VfB Stuttgart,Florian Müller,True,Goalkeeper,1,start,end,1.0,0.0,1.0,0.0,0.0,0.0,0.0,1.0,0.0,14.0,0.0,0.0,0.0,0.0,
GER-Bundesliga,2223,2022-10-15 VfB Stuttgart-VfL Bochum,VfL Bochum,Manuel Riemann,False,Goalkeeper,1,start,end,1.0,0.0,0.0,0.0,0.0,0.0,0.0,4.0,0.0,13.0,0.0,0.0,0.0,0.0,
GER-Bundesliga,2223,2022-10-15 VfL Wolfsburg-Borussia Mönchengladbach,Borussia Mönchengladbach,Yann Sommer,False,Goalkeeper,1,start,end,1.0,0.0,0.0,0.0,0.0,0.0,0.0,2.0,0.0,14.0,0.0,0.0,0.0,0.0,
GER-Bundesliga,2223,2022-10-15 VfL Wolfsburg-Borussia Mönchengladbach,VfL Wolfsburg,Koen Casteels,True,Goalkeeper,1,start,end,1.0,0.0,0.0,0.0,0.0,0.0,0.0,2.0,0.0,7.0,0.0,0.0,0.0,0.0,
GER-Bundesliga,2223,2022-10-15 Werder Bremen-Mainz,Mainz,Robin Zentner,False,Goalkeeper,1,start,end,1.0,0.0,0.0,0.0,0.0,0.0,0.0,0.0,4.0,14.0,0.0,0.0,0.0,0.0,
GER-Bundesliga,2223,2022-10-15 Werder Bremen-Mainz,Werder Bremen,Jirí Pavlenka,True,Goalkeeper,1,start,end,1.0,0.0,1.0,0.0,0.0,0.0,0.0,2.0,3.0,9.0,0.0,0.0,0.0,0.0,
GER-Bundesliga,2223,2022-10-16 1. FC Union Berlin-Borussia Dortmund,1. FC Union Berlin,Frederik Ronnow,True,Goalkeeper,1,start,end,1.0,0.0,0.0,0.0,0.0,0.0,0.0,0.0,6.0,13.0,0.0,0.0,0.0,0.0,
GER-Bundesliga,2223,2022-10-16 1. FC Union Berlin-Borussia Dortmund,Borussia Dortmund,Gregor Kobel,False,Goalkeeper,1,start,end,1.0,0.0,0.0,0.0,0.0,0.0,0.0,2.0,3.0,14.0,0.0,0.0,0.0,0.0,
GER-Bundesliga,2223,2022-10-16 Bayern Munich-SC Freiburg,Bayern Munich,Sven Ulreich,True,Goalkeeper,1,start,end,1.0,0.0,0.0,0.0,0.0,0.0,0.0,0.0,0.0,6.0,0.0,0.0,0.0,0.0,
GER-Bundesliga,2223,2022-10-16 Bayern Munich-SC Freiburg,SC Freiburg,Mark Flekken,False,Goalkeeper,1,start,end,1.0,0.0,0.0,0.0,0.0,0.0,0.0,5.0,0.0,13.0,0.0,0.0,0.0,0.0,
GER-Bundesliga,2223,2022-10-16 FC Cologne-FC Augsburg,FC Augsburg,Tomas Koubek,False,Goalkeeper,1,start,end,1.0,0.0,0.0,0.0,0.0,0.0,0.0,3.0,0.0,10.0,0.0,0.0,0.0,0.0,
GER-Bundesliga,2223,2022-10-16 FC Cologne-FC Augsburg,FC Cologne,Marvin Schwäbe,True,Goalkeeper,1,start,end,1.0,0.0,0.0,0.0,0.0,0.0,0.0,2.0,0.0,4.0,0.0,0.0,0.0,0.0,
GER-Bundesliga,2223,2022-10-21 Mainz-FC Cologne,FC Cologne,Marvin Schwäbe,False,Goalkeeper,1,start,end,1.0,0.0,0.0,0.0,0.0,0.0,0.0,5.0,2.0,11.0,0.0,0.0,0.0,0.0,
GER-Bundesliga,2223,2022-10-21 Mainz-FC Cologne,Mainz,Robin Zentner,True,Goalkeeper,1,start,end,1.0,0.0,0.0,0.0,0.0,0.0,0.0,0.0,2.0,6.0,0.0,0.0,0.0,0.0,
GER-Bundesliga,2223,2022-10-22 Bayer Leverkusen-VfL Wolfsburg,Bayer Leverkusen,Lukas Hradecky,True,Goalkeeper,1,start,end,1.0,0.0,0.0,0.0,0.0,0.0,0.0,2.0,0.0,8.0,0.0,0.0,0.0,0.0,
GER-Bundesliga,2223,2022-10-22 Bayer Leverkusen-VfL Wolfsburg,VfL Wolfsburg,Koen Casteels,False,Goalkeeper,1,start,end,1.0,0.0,0.0,0.0,0.0,0.0,0.0,2.0,3.0,11.0,0.0,0.0,0.0,0.0,
GER-Bundesliga,2223,2022-10-22 Borussia Dortmund-VfB Stuttgart,Borussia Dortmund,Gregor Kobel,True,Goalkeeper,1,start,end,1.0,0.0,0.0,0.0,0.0,0.0,0.0,0.0,1.0,10.0,0.0,0.0,0.0,0.0,
GER-Bundesliga,2223,2022-10-22 Borussia Dortmund-VfB Stuttgart,VfB Stuttgart,Florian Müller,False,Goalkeeper,1,start,end,1.0,0.0,0.0,0.0,0.0,0.0,0.0,5.0,5.0,13.0,0.0,0.0,0.0,0.0,
GER-Bundesliga,2223,2022-10-22 Borussia Mönchengladbach-Eintracht Frankfurt,Borussia Mönchengladbach,Tobias Sippel,True,Goalkeeper,1,start,end,1.0,0.0,0.0,0.0,0.0,0.0,0.0,3.0,2.0,11.0,0.0,0.0,0.0,0.0,
GER-Bundesliga,2223,2022-10-22 Borussia Mönchengladbach-Eintracht Frankfurt,Eintracht Frankfurt,Kevin Trapp,False,Goalkeeper,1,start,end,1.0,0.0,0.0,0.0,0.0,0.0,0.0,1.0,2.0,6.0,0.0,0.0,0.0,0.0,
GER-Bundesliga,2223,2022-10-22 FC Augsburg-RB Leipzig,FC Augsburg,Tomas Koubek,True,Goalkeeper,1,start,end,1.0,0.0,0.0,0.0,0.0,0.0,0.0,3.0,4.0,15.0,0.0,0.0,0.0,0.0,
GER-Bundesliga,2223,2022-10-22 FC Augsburg-RB Leipzig,RB Leipzig,Janis Blaswich,False,Goalkeeper,1,start,end,1.0,0.0,0.0,0.0,0.0,0.0,0.0,3.0,0.0,7.0,0.0,0.0,0.0,0.0,
GER-Bundesliga,2223,2022-10-22 SC Freiburg-Werder Bremen,SC Freiburg,Mark Flekken,True,Goalkeeper,1,start,end,1.0,0.0,0.0,0.0,0.0,0.0,0.0,0.0,2.0,10.0,0.0,0.0,0.0,0.0,
GER-Bundesliga,2223,2022-10-22 SC Freiburg-Werder Bremen,Werder Bremen,Jirí Pavlenka,False,Goalkeeper,1,start,end,1.0,0.0,0.0,0.0,0.0,0.0,0.0,2.0,5.0,23.0,0.0,0.0,0.0,0.0,
GER-Bundesliga,2223,2022-10-22 TSG Hoffenheim-Bayern Munich,Bayern Munich,Sven Ulreich,False,Goalkeeper,1,start,end,1.0,0.0,1.0,0.0,0.0,0.0,0.0,0.0,3.0,7.0,0.0,0.0,0.0,0.0,
GER-Bundesliga,2223,2022-10-22 TSG Hoffenheim-Bayern Munich,TSG Hoffenheim,Oliver Baumann,True,Goalkeeper,1,start,end,1.0,0.0,0.0,0.0,0.0,0.0,0.0,2.0,7.0,18.0,0.0,0.0,0.0,0.0,
GER-Bundesliga,2223,2022-10-23 Hertha Berlin-Schalke 04,Hertha Berlin,Oliver Christensen,True,Goalkeeper,1,start,end,1.0,0.0,0.0,0.0,0.0,0.0,0.0,1.0,1.0,7.0,0.0,0.0,0.0,0.0,
GER-Bundesliga,2223,2022-10-23 Hertha Berlin-Schalke 04,Schalke 04,Alexander Schwolow,False,Goalkeeper,1,start,end,1.0,0.0,0.0,0.0,0.0,0.0,0.0,2.0,2.0,9.0,0.0,0.0,0.0,0.0,
GER-Bundesliga,2223,2022-10-23 VfL Bochum-1. FC Union Berlin,1. FC Union Berlin,Frederik Ronnow,False,Goalkeeper,1,start,end,1.0,0.0,0.0,0.0,0.0,0.0,0.0,2.0,3.0,7.0,0.0,0.0,0.0,0.0,
GER-Bundesliga,2223,2022-10-23 VfL Bochum-1. FC Union Berlin,VfL Bochum,Manuel Riemann,True,Goalkeeper,1,start,end,1.0,0.0,0.0,0.0,0.0,0.0,0.0,1.0,2.0,6.0,0.0,0.0,0.0,0.0,
GER-Bundesliga,2223,2022-10-28 Werder Bremen-Hertha Berlin,Hertha Berlin,Oliver Christensen,False,Goalkeeper,1,start,end,1.0,0.0,0.0,0.0,0.0,0.0,0.0,1.0,3.0,15.0,0.0,0.0,0.0,0.0,
GER-Bundesliga,2223,2022-10-28 Werder Bremen-Hertha Berlin,Werder Bremen,Jirí Pavlenka,True,Goalkeeper,1,start,end,1.0,0.0,0.0,0.0,0.0,0.0,0.0,0.0,1.0,10.0,0.0,0.0,0.0,0.0,
GER-Bundesliga,2223,2022-10-29 Bayern Munich-Mainz,Bayern Munich,Sven Ulreich,True,Goalkeeper,1,start,end,1.0,1.0,0.0,0.0,0.0,0.0,0.0,2.0,2.0,10.0,0.0,0.0,0.0,0.0,
GER-Bundesliga,2223,2022-10-29 Bayern Munich-Mainz,Mainz,Robin Zentner,False,Goalkeeper,1,start,end,1.0,0.0,0.0,0.0,0.0,0.0,0.0,6.0,6.0,17.0,0.0,0.0,0.0,0.0,
GER-Bundesliga,2223,2022-10-29 Eintracht Frankfurt-Borussia Dortmund,Borussia Dortmund,Gregor Kobel,False,Goalkeeper,1,start,end,1.0,0.0,1.0,0.0,0.0,0.0,0.0,1.0,5.0,17.0,0.0,0.0,0.0,0.0,
GER-Bundesliga,2223,2022-10-29 Eintracht Frankfurt-Borussia Dortmund,Eintracht Frankfurt,Kevin Trapp,True,Goalkeeper,1,start,end,1.0,0.0,0.0,0.0,0.0,0.0,1.0,2.0,0.0,5.0,0.0,0.0,0.0,0.0,
GER-Bundesliga,2223,2022-10-29 RB Leipzig-Bayer Leverkusen,Bayer Leverkusen,Lukas Hradecky,False,Goalkeeper,1,start,end,1.0,0.0,0.0,0.0,0.0,0.0,0.0,2.0,4.0,8.0,0.0,0.0,0.0,0.0,
GER-Bundesliga,2223,2022-10-29 RB Leipzig-Bayer Leverkusen,RB Leipzig,Ørjan Nyland,True,Goalkeeper,1,start,end,1.0,0.0,0.0,0.0,0.0,0.0,0.0,0.0,1.0,5.0,0.0,0.0,0.0,0.0,
GER-Bundesliga,2223,2022-10-29 VfB Stuttgart-FC Augsburg,FC Augsburg,Tomas Koubek,False,Goalkeeper,1,start,end,1.0,0.0,1.0,0.0,0.0,0.0,0.0,2.0,4.0,27.0,0.0,0.0,0.0,0.0,
GER-Bundesliga,2223,2022-10-29 VfB Stuttgart-FC Augsburg,VfB Stuttgart,Florian Müller,True,Goalkeeper,1,start,end,1.0,0.0,0.0,0.0,0.0,0.0,0.0,1.0,4.0,10.0,0.0,0.0,0.0,0.0,
GER-Bundesliga,2223,2022-10-29 VfL Wolfsburg-VfL Bochum,VfL Bochum,Manuel Riemann,False,Goalkeeper,1,start,end,1.0,0.0,0.0,0.0,0.0,0.0,0.0,4.0,2.0,16.0,0.0,0.0,0.0,0.0,
GER-Bundesliga,2223,2022-10-29 VfL Wolfsburg-VfL Bochum,VfL Wolfsburg,Koen Casteels,True,Goalkeeper,1,start,end,1.0,0.0,0.0,0.0,0.0,0.0,0.0,0.0,2.0,11.0,0.0,0.0,0.0,0.0,
GER-Bundesliga,2223,2022-10-30 1. FC Union Berlin-Borussia Mönchengladbach,1. FC Union Berlin,Frederik Ronnow,True,Goalkeeper,1,start,end,1.0,0.0,1.0,0.0,0.0,0.0,0.0,1.0,2.0,6.0,0.0,0.0,0.0,0.0,
GER-Bundesliga,2223,2022-10-30 1. FC Union Berlin-Borussia Mönchengladbach,Borussia Mönchengladbach,Tobias Sippel,False,Goalkeeper,1,start,end,1.0,0.0,0.0,0.0,0.0,0.0,1.0,2.0,3.0,11.0,0.0,0.0,0.0,0.0,
GER-Bundesliga,2223,2022-10-30 FC Cologne-TSG Hoffenheim,FC Cologne,Marvin Schwäbe,True,Goalkeeper,1,start,end,1.0,0.0,0.0,0.0,0.0,0.0,0.0,1.0,0.0,3.0,0.0,0.0,0.0,0.0,
GER-Bundesliga,2223,2022-10-30 FC Cologne-TSG Hoffenheim,TSG Hoffenheim,Oliver Baumann,False,Goalkeeper,1,start,end,1.0,0.0,0.0,0.0,0.0,0.0,0.0,1.0,2.0,10.0,0.0,0.0,0.0,0.0,
GER-Bundesliga,2223,2022-10-30 Schalke 04-SC Freiburg,SC Freiburg,Mark Flekken,False,Goalkeeper,1,start,end,1.0,0.0,1.0,0.0,0.0,0.0,0.0,0.0,3.0,12.0,0.0,0.0,0.0,0.0,
GER-Bundesliga,2223,2022-10-30 Schalke 04-SC Freiburg,Schalke 04,Alexander Schwolow,True,Goalkeeper,1,start,end,1.0,0.0,0.0,0.0,0.0,0.0,0.0,2.0,6.0,17.0,0.0,0.0,0.0,0.0,
GER-Bundesliga,2223,2022-11-04 Borussia Mönchengladbach-VfB Stuttgart,Borussia Mönchengladbach,Tobias Sippel,True,Goalkeeper,1,start,end,1.0,0.0,0.0,0.0,0.0,0.0,0.0,1.0,3.0,13.0,0.0,0.0,0.0,0.0,
GER-Bundesliga,2223,2022-11-04 Borussia Mönchengladbach-VfB Stuttgart,VfB Stuttgart,Florian Müller,False,Goalkeeper,1,start,end,1.0,0.0,1.0,0.0,0.0,0.0,0.0,3.0,3.0,8.0,0.0,0.0,0.0,0.0,
GER-Bundesliga,2223,2022-11-05 Borussia Dortmund-VfL Bochum,Borussia Dortmund,Gregor Kobel,True,Goalkeeper,1,start,end,1.0,0.0,0.0,0.0,0.0,0.0,0.0,0.0,1.0,7.0,0.0,0.0,0.0,0.0,
GER-Bundesliga,2223,2022-11-05 Borussia Dortmund-VfL Bochum,VfL Bochum,Manuel Riemann,False,Goalkeeper,1,start,end,1.0,0.0,0.0,0.0,0.0,0.0,0.0,3.0,0.0,3.0,0.0,0.0,0.0,0.0,
GER-Bundesliga,2223,2022-11-05 FC Augsburg-Eintracht Frankfurt,Eintracht Frankfurt,Kevin Trapp,False,Goalkeeper,1,start,end,1.0,0.0,1.0,0.0,0.0,0.0,0.0,1.0,3.0,8.0,0.0,0.0,0.0,0.0,
GER-Bundesliga,2223,2022-11-05 FC Augsburg-Eintracht Frankfurt,FC Augsburg,Rafal Gikiewicz,True,Goalkeeper,1,start,end,1.0,0.0,0.0,0.0,0.0,0.0,0.0,2.0,5.0,10.0,0.0,0.0,0.0,0.0,
GER-Bundesliga,2223,2022-11-05 Hertha Berlin-Bayern Munich,Bayern Munich,Manuel Neuer,False,Goalkeeper,1,start,end,1.0,0.0,0.0,0.0,0.0,0.0,0.0,2.0,4.0,5.0,0.0,0.0,0.0,0.0,
GER-Bundesliga,2223,2022-11-05 Hertha Berlin-Bayern Munich,Hertha Berlin,Oliver Christensen,True,Goalkeeper,1,start,end,1.0,0.0,0.0,0.0,0.0,0.0,0.0,3.0,2.0,11.0,0.0,0.0,0.0,0.0,
GER-Bundesliga,2223,2022-11-05 Mainz-VfL Wolfsburg,Mainz,Robin Zentner,True,Goalkeeper,1,start,end,1.0,0.0,0.0,0.0,0.0,0.0,0.0,3.0,0.0,7.0,0.0,0.0,0.0,0.0,
GER-Bundesliga,2223,2022-11-05 Mainz-VfL Wolfsburg,VfL Wolfsburg,Koen Casteels,False,Goalkeeper,1,start,end,1.0,0.0,0.0,0.0,0.0,0.0,0.0,0.0,3.0,15.0,0.0,0.0,0.0,0.0,
GER-Bundesliga,2223,2022-11-05 TSG Hoffenheim-RB Leipzig,RB Leipzig,Janis Blaswich,False,Goalkeeper,1,start,end,1.0,0.0,0.0,0.0,0.0,0.0,0.0,1.0,2.0,10.0,0.0,0.0,0.0,0.0,
GER-Bundesliga,2223,2022-11-05 TSG Hoffenheim-RB Leipzig,TSG Hoffenheim,Oliver Baumann,True,Goalkeeper,1,start,end,1.0,0.0,0.0,0.0,0.0,0.0,0.0,3.0,5.0,14.0,0.0,0.0,0.0,0.0,
GER-Bundesliga,2223,2022-11-05 Werder Bremen-Schalke 04,Schalke 04,Alexander Schwolow,False,Goalkeeper,1,start,end,1.0,0.0,0.0,0.0,0.0,0.0,0.0,2.0,3.0,7.0,0.0,0.0,0.0,0.0,
GER-Bundesliga,2223,2022-11-05 Werder Bremen-Schalke 04,Werder Bremen,Jirí Pavlenka,True,Goalkeeper,1,start,end,1.0,0.0,0.0,0.0,0.0,0.0,0.0,1.0,2.0,17.0,0.0,0.0,0.0,0.0,
GER-Bundesliga,2223,2022-11-06 Bayer Leverkusen-1. FC Union Berlin,1. FC Union Berlin,Lennart Grill,False,Goalkeeper,1,start,end,1.0,0.0,0.0,0.0,0.0,0.0,0.0,5.0,3.0,6.0,0.0,0.0,0.0,0.0,
GER-Bundesliga,2223,2022-11-06 Bayer Leverkusen-1. FC Union Berlin,Bayer Leverkusen,Lukas Hradecky,True,Goalkeeper,1,start,end,1.0,0.0,0.0,0.0,0.0,0.0,0.0,0.0,1.0,7.0,0.0,0.0,0.0,0.0,
GER-Bundesliga,2223,2022-11-06 SC Freiburg-FC Cologne,FC Cologne,Marvin Schwäbe,False,Goalkeeper,1,start,end,1.0,0.0,0.0,0.0,0.0,0.0,0.0,2.0,3.0,9.0,0.0,0.0,0.0,0.0,
GER-Bundesliga,2223,2022-11-06 SC Freiburg-FC Cologne,SC Freiburg,Mark Flekken,True,Goalkeeper,1,start,end,1.0,0.0,0.0,0.0,0.0,0.0,0.0,0.0,2.0,6.0,0.0,0.0,0.0,0.0,
GER-Bundesliga,2223,2022-11-08 Bayern Munich-Werder Bremen,Bayern Munich,Manuel Neuer,True,Goalkeeper,1,start,end,1.0,0.0,0.0,0.0,0.0,0.0,0.0,1.0,1.0,5.0,0.0,0.0,0.0,0.0,
GER-Bundesliga,2223,2022-11-08 Bayern Munich-Werder Bremen,Werder Bremen,Jirí Pavlenka,False,Goalkeeper,1,start,end,1.0,0.0,0.0,0.0,0.0,0.0,0.0,6.0,3.0,14.0,0.0,0.0,0.0,0.0,
GER-Bundesliga,2223,2022-11-08 VfB Stuttgart-Hertha Berlin,Hertha Berlin,Oliver Christensen,False,Goalkeeper,1,start,end,1.0,0.0,0.0,0.0,0.0,0.0,0.0,2.0,5.0,16.0,0.0,0.0,0.0,0.0,
GER-Bundesliga,2223,2022-11-08 VfB Stuttgart-Hertha Berlin,VfB Stuttgart,Florian Müller,True,Goalkeeper,1,start,end,1.0,0.0,0.0,0.0,0.0,0.0,0.0,1.0,1.0,10.0,0.0,0.0,0.0,0.0,
GER-Bundesliga,2223,2022-11-08 VfL Bochum-Borussia Mönchengladbach,Borussia Mönchengladbach,Jan Olschowsky,False,Goalkeeper,1,start,end,1.0,0.0,0.0,0.0,0.0,0.0,0.0,2.0,2.0,12.0,0.0,0.0,0.0,0.0,
GER-Bundesliga,2223,2022-11-08 VfL Bochum-Borussia Mönchengladbach,VfL Bochum,Manuel Riemann,True,Goalkeeper,1,start,end,1.0,0.0,0.0,0.0,0.0,0.0,0.0,1.0,1.0,7.0,0.0,0.0,0.0,0.0,
GER-Bundesliga,2223,2022-11-08 VfL Wolfsburg-Borussia Dortmund,Borussia Dortmund,Gregor Kobel,False,Goalkeeper,1,start,end,1.0,0.0,0.0,0.0,0.0,0.0,0.0,2.0,5.0,15.0,0.0,0.0,0.0,0.0,
GER-Bundesliga,2223,2022-11-08 VfL Wolfsburg-Borussia Dortmund,VfL Wolfsburg,Koen Casteels,True,Goalkeeper,1,start,end,1.0,0.0,0.0,0.0,0.0,0.0,0.0,0.0,6.0,20.0,0.0,0.0,0.0,0.0,
GER-Bundesliga,2223,2022-11-09 1. FC Union Berlin-FC Augsburg,1. FC Union Berlin,Lennart Grill,True,Goalkeeper,1,start,end,1.0,0.0,0.0,0.0,0.0,0.0,0.0,2.0,0.0,5.0,0.0,0.0,0.0,0.0,
GER-Bundesliga,2223,2022-11-09 1. FC Union Berlin-FC Augsburg,FC Augsburg,Rafal Gikiewicz,False,Goalkeeper,1,start,end,1.0,0.0,0.0,0.0,0.0,0.0,0.0,2.0,4.0,16.0,0.0,0.0,0.0,0.0,
GER-Bundesliga,2223,2022-11-09 Eintracht Frankfurt-TSG Hoffenheim,Eintracht Frankfurt,Kevin Trapp,True,Goalkeeper,1,start,end,1.0,0.0,0.0,0.0,0.0,0.0,0.0,2.0,1.0,10.0,0.0,0.0,0.0,0.0,
GER-Bundesliga,2223,2022-11-09 Eintracht Frankfurt-TSG Hoffenheim,TSG Hoffenheim,Oliver Baumann,False,Goalkeeper,1,start,end,1.0,0.0,0.0,0.0,0.0,0.0,0.0,4.0,3.0,10.0,0.0,0.0,0.0,0.0,
GER-Bundesliga,2223,2022-11-09 FC Cologne-Bayer Leverkusen,Bayer Leverkusen,Lukas Hradecky,False,Goalkeeper,1,start,end,1.0,0.0,0.0,0.0,0.0,0.0,0.0,1.0,6.0,18.0,0.0,0.0,0.0,0.0,
GER-Bundesliga,2223,2022-11-09 FC Cologne-Bayer Leverkusen,FC Cologne,Marvin Schwäbe,True,Goalkeeper,1,start,end,1.0,0.0,0.0,0.0,0.0,0.0,0.0,2.0,1.0,8.0,0.0,0.0,0.0,0.0,
GER-Bundesliga,2223,2022-11-09 RB Leipzig-SC Freiburg,RB Leipzig,Janis Blaswich,True,Goalkeeper,1,start,end,1.0,0.0,0.0,0.0,0.0,0.0,0.0,1.0,1.0,2.0,0.0,0.0,0.0,0.0,
GER-Bundesliga,2223,2022-11-09 RB Leipzig-SC Freiburg,SC Freiburg,Mark Flekken,False,Goalkeeper,1,start,end,1.0,0.0,0.0,0.0,0.0,0.0,0.0,3.0,6.0,13.0,0.0,0.0,0.0,0.0,
GER-Bundesliga,2223,2022-11-09 Schalke 04-Mainz,Mainz,Robin Zentner,False,Goalkeeper,1,start,end,1.0,0.0,0.0,0.0,0.0,0.0,0.0,1.0,3.0,13.0,0.0,0.0,0.0,0.0,
GER-Bundesliga,2223,2022-11-09 Schalke 04-Mainz,Schalke 04,Alexander Schwolow,True,Goalkeeper,1,start,end,1.0,0.0,0.0,0.0,0.0,0.0,0.0,0.0,1.0,9.0,0.0,0.0,0.0,0.0,
GER-Bundesliga,2223,2022-11-11 Borussia Mönchengladbach-Borussia Dortmund,Borussia Dortmund,Gregor Kobel,False,Goalkeeper,1,start,end,1.0,0.0,1.0,0.0,0.0,0.0,0.0,4.0,2.0,6.0,0.0,0.0,0.0,0.0,
GER-Bundesliga,2223,2022-11-11 Borussia Mönchengladbach-Borussia Dortmund,Borussia Mönchengladbach,Jan Olschowsky,True,Goalkeeper,1,start,end,1.0,0.0,0.0,0.0,0.0,0.0,0.0,2.0,8.0,18.0,0.0,0.0,0.0,0.0,
GER-Bundesliga,2223,2022-11-12 Bayer Leverkusen-VfB Stuttgart,Bayer Leverkusen,Lukas Hradecky,True,Goalkeeper,1,start,end,1.0,0.0,0.0,0.0,0.0,0.0,0.0,0.0,1.0,7.0,0.0,0.0,0.0,0.0,
GER-Bundesliga,2223,2022-11-12 Bayer Leverkusen-VfB Stuttgart,VfB Stuttgart,Florian Müller,False,Goalkeeper,1,start,end,1.0,0.0,0.0,0.0,0.0,0.0,0.0,2.0,1.0,10.0,0.0,0.0,0.0,0.0,
GER-Bundesliga,2223,2022-11-12 FC Augsburg-VfL Bochum,FC Augsburg,Rafal Gikiewicz,True,Goalkeeper,1,start,end,1.0,0.0,0.0,0.0,0.0,0.0,0.0,1.0,3.0,10.0,0.0,0.0,0.0,0.0,
GER-Bundesliga,2223,2022-11-12 FC Augsburg-VfL Bochum,VfL Bochum,Manuel Riemann,False,Goalkeeper,1,start,end,1.0,0.0,0.0,0.0,0.0,0.0,0.0,0.0,5.0,17.0,0.0,0.0,0.0,0.0,
GER-Bundesliga,2223,2022-11-12 Hertha Berlin-FC Cologne,FC Cologne,Marvin Schwäbe,False,Goalkeeper,1,start,end,1.0,0.0,0.0,0.0,0.0,0.0,0.0,2.0,6.0,14.0,0.0,0.0,0.0,0.0,
GER-Bundesliga,2223,2022-11-12 Hertha Berlin-FC Cologne,Hertha Berlin,Oliver Christensen,True,Goalkeeper,1,start,end,1.0,0.0,0.0,0.0,0.0,0.0,0.0,0.0,3.0,10.0,0.0,0.0,0.0,0.0,
GER-Bundesliga,2223,2022-11-12 Schalke 04-Bayern Munich,Bayern Munich,Manuel Neuer,False,Goalkeeper,1,start,end,1.0,0.0,0.0,0.0,0.0,0.0,0.0,0.0,2.0,6.0,0.0,0.0,0.0,0.0,
GER-Bundesliga,2223,2022-11-12 Schalke 04-Bayern Munich,Schalke 04,Alexander Schwolow,True,Goalkeeper,1,start,end,1.0,0.0,0.0,0.0,0.0,0.0,0.0,2.0,4.0,20.0,0.0,0.0,0.0,0.0,
GER-Bundesliga,2223,2022-11-12 TSG Hoffenheim-VfL Wolfsburg,TSG Hoffenheim,Oliver Baumann,True,Goalkeeper,1,start,end,1.0,0.0,0.0,0.0,0.0,0.0,0.0,1.0,2.0,6.0,0.0,0.0,0.0,0.0,
GER-Bundesliga,2223,2022-11-12 TSG Hoffenheim-VfL Wolfsburg,VfL Wolfsburg,Koen Casteels,False,Goalkeeper,1,start,end,1.0,0.0,0.0,0.0,0.0,0.0,0.0,1.0,7.0,21.0,0.0,0.0,0.0,0.0,
GER-Bundesliga,2223,2022-11-12 Werder Bremen-RB Leipzig,RB Leipzig,Janis Blaswich,False,Goalkeeper,1,start,end,1.0,0.0,0.0,0.0,0.0,0.0,0.0,1.0,5.0,5.0,0.0,0.0,0.0,0.0,
GER-Bundesliga,2223,2022-11-12 Werder Bremen-RB Leipzig,Werder Bremen,Jirí Pavlenka,True,Goalkeeper,1,start,end,1.0,0.0,0.0,0.0,0.0,0.0,0.0,2.0,1.0,12.0,0.0,0.0,0.0,0.0,
GER-Bundesliga,2223,2022-11-13 Mainz-Eintracht Frankfurt,Eintracht Frankfurt,Kevin Trapp,False,Goalkeeper,1,start,end,1.0,0.0,0.0,0.0,0.0,0.0,0.0,1.0,5.0,16.0,0.0,0.0,0.0,0.0,
GER-Bundesliga,2223,2022-11-13 Mainz-Eintracht Frankfurt,Mainz,Robin Zentner,True,Goalkeeper,1,start,end,1.0,0.0,0.0,0.0,0.0,0.0,0.0,1.0,2.0,8.0,0.0,0.0,0.0,0.0,
GER-Bundesliga,2223,2022-11-13 SC Freiburg-1. FC Union Berlin,1. FC Union Berlin,Lennart Grill,False,Goalkeeper,1,start,end,1.0,0.0,0.0,0.0,0.0,0.0,0.0,4.0,1.0,3.0,0.0,0.0,0.0,0.0,
GER-Bundesliga,2223,2022-11-13 SC Freiburg-1. FC Union Berlin,SC Freiburg,Mark Flekken,True,Goalkeeper,1,start,end,1.0,0.0,0.0,0.0,0.0,0.0,0.0,1.0,1.0,2.0,0.0,0.0,0.0,0.0,
GER-Bundesliga,2223,2023-01-20 RB Leipzig-Bayern Munich,Bayern Munich,Yann Sommer,False,Goalkeeper,1,start,end,1.0,0.0,0.0,0.0,0.0,0.0,0.0,1.0,2.0,9.0,0.0,0.0,0.0,0.0,
GER-Bundesliga,2223,2023-01-20 RB Leipzig-Bayern Munich,RB Leipzig,Janis Blaswich,True,Goalkeeper,1,start,end,1.0,0.0,1.0,0.0,0.0,0.0,0.0,1.0,1.0,6.0,0.0,0.0,0.0,0.0,
GER-Bundesliga,2223,2023-01-21 1. FC Union Berlin-TSG Hoffenheim,1. FC Union Berlin,Frederik Ronnow,True,Goalkeeper,1,start,end,1.0,0.0,0.0,0.0,0.0,0.0,0.0,1.0,3.0,11.0,0.0,0.0,0.0,0.0,
GER-Bundesliga,2223,2023-01-21 1. FC Union Berlin-TSG Hoffenheim,TSG Hoffenheim,Oliver Baumann,False,Goalkeeper,1,start,end,1.0,0.0,0.0,0.0,0.0,0.0,0.0,3.0,2.0,17.0,0.0,0.0,0.0,0.0,
GER-Bundesliga,2223,2023-01-21 Eintracht Frankfurt-Schalke 04,Eintracht Frankfurt,Kevin Trapp,True,Goalkeeper,1,start,end,1.0,0.0,0.0,0.0,0.0,0.0,0.0,0.0,4.0,17.0,0.0,0.0,0.0,0.0,
GER-Bundesliga,2223,2023-01-21 Eintracht Frankfurt-Schalke 04,Schalke 04,Alexander Schwolow,False,Goalkeeper,1,start,end,1.0,0.0,1.0,0.0,0.0,0.0,0.0,3.0,0.0,9.0,0.0,0.0,0.0,0.0,
GER-Bundesliga,2223,2023-01-21 FC Cologne-Werder Bremen,FC Cologne,Marvin Schwäbe,True,Goalkeeper,1,start,end,1.0,0.0,0.0,0.0,0.0,0.0,0.0,1.0,1.0,4.0,0.0,0.0,0.0,0.0,
GER-Bundesliga,2223,2023-01-21 FC Cologne-Werder Bremen,Werder Bremen,Jirí Pavlenka,False,Goalkeeper,1,start,end,1.0,0.0,0.0,0.0,0.0,0.0,0.0,6.0,1.0,10.0,0.0,0.0,0.0,0.0,
GER-Bundesliga,2223,2023-01-21 VfB Stuttgart-Mainz,Mainz,Finn Dahmen,False,Goalkeeper,1,start,end,1.0,0.0,0.0,0.0,0.0,0.0,0.0,1.0,3.0,15.0,0.0,0.0,0.0,0.0,
GER-Bundesliga,2223,2023-01-21 VfB Stuttgart-Mainz,VfB Stuttgart,Florian Müller,True,Goalkeeper,1,start,end,1.0,0.0,0.0,0.0,0.0,0.0,0.0,1.0,1.0,12.0,0.0,0.0,0.0,0.0,
GER-Bundesliga,2223,2023-01-21 VfL Bochum-Hertha Berlin,Hertha Berlin,Oliver Christensen,False,Goalkeeper,1,start,end,1.0,0.0,0.0,0.0,0.0,0.0,0.0,3.0,0.0,6.0,0.0,0.0,0.0,0.0,
GER-Bundesliga,2223,2023-01-21 VfL Bochum-Hertha Berlin,VfL Bochum,Manuel Riemann,True,Goalkeeper,1,start,end,1.0,0.0,0.0,0.0,0.0,0.0,0.0,1.0,1.0,9.0,0.0,0.0,0.0,0.0,
GER-Bundesliga,2223,2023-01-21 VfL Wolfsburg-SC Freiburg,SC Freiburg,Mark Flekken,False,Goalkeeper,1,start,end,1.0,0.0,0.0,0.0,0.0,0.0,0.0,6.0,4.0,6.0,0.0,0.0,0.0,0.0,
GER-Bundesliga,2223,2023-01-21 VfL Wolfsburg-SC Freiburg,VfL Wolfsburg,Koen Casteels,True,Goalkeeper,1,start,end,1.0,0.0,0.0,0.0,0.0,0.0,0.0,0.0,1.0,7.0,0.0,0.0,0.0,0.0,
GER-Bundesliga,2223,2023-01-22 Borussia Dortmund-FC Augsburg,Borussia Dortmund,Gregor Kobel,True,Goalkeeper,1,start,end,1.0,0.0,0.0,0.0,0.0,0.0,0.0,3.0,1.0,11.0,0.0,0.0,0.0,0.0,
GER-Bundesliga,2223,2023-01-22 Borussia Dortmund-FC Augsburg,FC Augsburg,Rafal Gikiewicz,False,Goalkeeper,1,start,end,1.0,0.0,0.0,0.0,0.0,0.0,0.0,4.0,5.0,23.0,0.0,0.0,0.0,0.0,
GER-Bundesliga,2223,2023-01-22 Borussia Mönchengladbach-Bayer Leverkusen,Bayer Leverkusen,Lukas Hradecky,False,Goalkeeper,1,start,end,1.0,0.0,0.0,0.0,0.0,0.0,0.0,2.0,7.0,13.0,0.0,0.0,0.0,0.0,
GER-Bundesliga,2223,2023-01-22 Borussia Mönchengladbach-Bayer Leverkusen,Borussia Mönchengladbach,Jonas Omlin,True,Goalkeeper,1,start,end,1.0,0.0,0.0,0.0,0.0,0.0,0.0,3.0,3.0,10.0,0.0,0.0,0.0,0.0,
GER-Bundesliga,2223,2023-01-24 Bayern Munich-FC Cologne,Bayern Munich,Yann Sommer,True,Goalkeeper,1,start,end,1.0,0.0,0.0,0.0,0.0,0.0,0.0,1.0,0.0,2.0,0.0,0.0,0.0,0.0,
GER-Bundesliga,2223,2023-01-24 Bayern Munich-FC Cologne,FC Cologne,Marvin Schwäbe,False,Goalkeeper,1,start,end,1.0,0.0,0.0,0.0,0.0,0.0,0.0,1.0,6.0,24.0,0.0,0.0,0.0,0.0,
GER-Bundesliga,2223,2023-01-24 Hertha Berlin-VfL Wolfsburg,Hertha Berlin,Oliver Christensen,True,Goalkeeper,1,start,end,1.0,0.0,0.0,0.0,0.0,0.0,0.0,5.0,2.0,12.0,0.0,0.0,0.0,0.0,
GER-Bundesliga,2223,2023-01-24 Hertha Berlin-VfL Wolfsburg,VfL Wolfsburg,Koen Casteels,False,Goalkeeper,1,start,end,1.0,0.0,0.0,0.0,0.0,0.0,0.0,0.0,2.0,7.0,1.0,0.0,0.0,0.0,
GER-Bundesliga,2223,2023-01-24 Schalke 04-RB Leipzig,RB Leipzig,Janis Blaswich,False,Goalkeeper,1,start,end,1.0,0.0,0.0,0.0,0.0,0.0,0.0,1.0,0.0,8.0,0.0,0.0,0.0,0.0,
GER-Bundesliga,2223,2023-01-24 Schalke 04-RB Leipzig,Schalke 04,Alexander Schwolow,True,Goalkeeper,1,start,end,1.0,0.0,0.0,0.0,0.0,0.0,0.0,6.0,8.0,15.0,0.0,0.0,0.0,0.0,
GER-Bundesliga,2223,2023-01-24 TSG Hoffenheim-VfB Stuttgart,TSG Hoffenheim,Oliver Baumann,True,Goalkeeper,1,start,end,1.0,0.0,0.0,0.0,0.0,0.0,0.0,2.0,2.0,6.0,0.0,0.0,0.0,0.0,
GER-Bundesliga,2223,2023-01-24 TSG Hoffenheim-VfB Stuttgart,VfB Stuttgart,Florian Müller,False,Goalkeeper,1,start,end,1.0,0.0,0.0,0.0,0.0,0.0,0.0,2.0,4.0,13.0,0.0,0.0,0.0,0.0,
GER-Bundesliga,2223,2023-01-25 Bayer Leverkusen-VfL Bochum,Bayer Leverkusen,Lukas Hradecky,True,Goalkeeper,1,start,end,1.0,0.0,0.0,0.0,0.0,0.0,0.0,0.0,1.0,11.0,0.0,0.0,0.0,0.0,
GER-Bundesliga,2223,2023-01-25 Bayer Leverkusen-VfL Bochum,VfL Bochum,Manuel Riemann,False,Goalkeeper,1,start,end,1.0,0.0,1.0,0.0,0.0,0.0,0.0,2.0,2.0,9.0,0.0,0.0,0.0,0.0,
GER-Bundesliga,2223,2023-01-25 FC Augsburg-Borussia Mönchengladbach,Borussia Mönchengladbach,Jonas Omlin,False,Goalkeeper,1,start,end,1.0,0.0,0.0,0.0,0.0,0.0,0.0,1.0,3.0,13.0,0.0,0.0,0.0,0.0,
GER-Bundesliga,2223,2023-01-25 FC Augsburg-Borussia Mönchengladbach,FC Augsburg,Rafal Gikiewicz,True,Goalkeeper,1,start,end,1.0,0.0,0.0,0.0,0.0,0.0,0.0,0.0,2.0,7.0,0.0,0.0,0.0,0.0,
GER-Bundesliga,2223,2023-01-25 Mainz-Borussia Dortmund,Borussia Dortmund,Gregor Kobel,False,Goalkeeper,1,start,end,1.0,0.0,0.0,0.0,0.0,0.0,0.0,1.0,3.0,11.0,0.0,0.0,0.0,0.0,
GER-Bundesliga,2223,2023-01-25 Mainz-Borussia Dortmund,Mainz,Finn Dahmen,True,Goalkeeper,1,start,end,1.0,0.0,0.0,0.0,0.0,0.0,0.0,2.0,4.0,9.0,0.0,0.0,0.0,0.0,
GER-Bundesliga,2223,2023-01-25 SC Freiburg-Eintracht Frankfurt,Eintracht Frankfurt,Diant Ramaj,False,Goalkeeper,1,start,end,1.0,0.0,0.0,0.0,0.0,0.0,0.0,1.0,5.0,10.0,0.0,0.0,0.0,0.0,
GER-Bundesliga,2223,2023-01-25 SC Freiburg-Eintracht Frankfurt,SC Freiburg,Mark Flekken,True,Goalkeeper,1,start,end,1.0,0.0,0.0,0.0,0.0,0.0,0.0,1.0,1.0,4.0,0.0,0.0,0.0,0.0,
GER-Bundesliga,2223,2023-01-25 Werder Bremen-1. FC Union Berlin,1. FC Union Berlin,Frederik Ronnow,False,Goalkeeper,1,start,end,1.0,0.0,0.0,0.0,0.0,0.0,0.0,1.0,3.0,7.0,0.0,0.0,0.0,0.0,
GER-Bundesliga,2223,2023-01-25 Werder Bremen-1. FC Union Berlin,Werder Bremen,Jirí Pavlenka,True,Goalkeeper,1,start,end,1.0,0.0,2.0,0.0,0.0,0.0,0.0,2.0,3.0,8.0,0.0,0.0,0.0,0.0,
GER-Bundesliga,2223,2023-01-27 RB Leipzig-VfB Stuttgart,RB Leipzig,Janis Blaswich,True,Goalkeeper,1,start,end,1.0,0.0,0.0,0.0,0.0,0.0,0.0,1.0,3.0,11.0,0.0,0.0,0.0,0.0,
GER-Bundesliga,2223,2023-01-27 RB Leipzig-VfB Stuttgart,VfB Stuttgart,Florian Müller,False,Goalkeeper,1,start,end,1.0,0.0,0.0,0.0,0.0,0.0,0.0,2.0,2.0,8.0,0.0,0.0,0.0,0.0,
GER-Bundesliga,2223,2023-01-28 Bayern Munich-Eintracht Frankfurt,Bayern Munich,Yann Sommer,True,Goalkeeper,1,start,end,1.0,1.0,0.0,0.0,0.0,0.0,1.0,1.0,0.0,7.0,0.0,0.0,0.0,0.0,
GER-Bundesliga,2223,2023-01-28 Bayern Munich-Eintracht Frankfurt,Eintracht Frankfurt,Kevin Trapp,False,Goalkeeper,1,start,end,1.0,0.0,0.0,0.0,0.0,0.0,0.0,1.0,4.0,13.0,0.0,0.0,0.0,0.0,
GER-Bundesliga,2223,2023-01-28 Hertha Berlin-1. FC Union Berlin,1. FC Union Berlin,Frederik Ronnow,False,Goalkeeper,1,start,end,1.0,0.0,0.0,0.0,0.0,0.0,0.0,0.0,3.0,9.0,0.0,0.0,0.0,0.0,
GER-Bundesliga,2223,2023-01-28 Hertha Berlin-1. FC Union Berlin,Hertha Berlin,Oliver Christensen,True,Goalkeeper,1,start,end,1.0,0.0,1.0,0.0,0.0,0.0,0.0,2.0,1.0,5.0,0.0,0.0,0.0,0.0,
GER-Bundesliga,2223,2023-01-28 Mainz-VfL Bochum,Mainz,Finn Dahmen,True,Goalkeeper,1,start,end,1.0,0.0,0.0,0.0,0.0,0.0,0.0,2.0,2.0,11.0,0.0,0.0,0.0,0.0,
GER-Bundesliga,2223,2023-01-28 Mainz-VfL Bochum,VfL Bochum,Manuel Riemann,False,Goalkeeper,1,start,end,1.0,0.0,0.0,0.0,0.0,0.0,0.0,5.0,2.0,9.0,0.0,0.0,0.0,0.0,
GER-Bundesliga,2223,2023-01-28 SC Freiburg-FC Augsburg,FC Augsburg,Rafal Gikiewicz,False,Goalkeeper,1,start,end,1.0,0.0,0.0,0.0,0.0,0.0,0.0,3.0,7.0,12.0,0.0,0.0,0.0,0.0,
GER-Bundesliga,2223,2023-01-28 SC Freiburg-FC Augsburg,SC Freiburg,Mark Flekken,True,Goalkeeper,1,start,end,1.0,0.0,0.0,0.0,0.0,0.0,0.0,1.0,3.0,15.0,0.0,0.0,0.0,0.0,
GER-Bundesliga,2223,2023-01-28 TSG Hoffenheim-Borussia Mönchengladbach,Borussia Mönchengladbach,Jonas Omlin,False,Goalkeeper,1,start,end,1.0,0.0,0.0,0.0,0.0,0.0,0.0,1.0,3.0,12.0,0.0,0.0,0.0,0.0,
GER-Bundesliga,2223,2023-01-28 TSG Hoffenheim-Borussia Mönchengladbach,TSG Hoffenheim,Oliver Baumann,True,Goalkeeper,1,start,end,1.0,0.0,0.0,0.0,0.0,0.0,0.0,4.0,1.0,5.0,0.0,0.0,0.0,0.0,
GER-Bundesliga,2223,2023-01-28 Werder Bremen-VfL Wolfsburg,VfL Wolfsburg,Koen Casteels,False,Goalkeeper,1,start,end,1.0,0.0,0.0,0.0,0.0,0.0,0.0,2.0,3.0,12.0,0.0,0.0,0.0,0.0,
GER-Bundesliga,2223,2023-01-28 Werder Bremen-VfL Wolfsburg,Werder Bremen,Jirí Pavlenka,True,Goalkeeper,1,start,end,1.0,0.0,0.0,0.0,0.0,0.0,0.0,1.0,2.0,8.0,0.0,0.0,0.0,0.0,
GER-Bundesliga,2223,2023-01-29 Bayer Leverkusen-Borussia Dortmund,Bayer Leverkusen,Lukas Hradecky,True,Goalkeeper,1,start,end,1.0,0.0,0.0,0.0,0.0,0.0,0.0,1.0,1.0,5.0,0.0,0.0,0.0,0.0,
GER-Bundesliga,2223,2023-01-29 Bayer Leverkusen-Borussia Dortmund,Borussia Dortmund,Gregor Kobel,False,Goalkeeper,1,start,end,1.0,0.0,0.0,0.0,0.0,0.0,0.0,0.0,6.0,21.0,0.0,0.0,0.0,0.0,
GER-Bundesliga,2223,2023-01-29 Schalke 04-FC Cologne,FC Cologne,Marvin Schwäbe,False,Goalkeeper,1,start,end,1.0,0.0,0.0,0.0,0.0,0.0,0.0,0.0,2.0,17.0,0.0,0.0,0.0,0.0,
GER-Bundesliga,2223,2023-01-29 Schalke 04-FC Cologne,Schalke 04,Ralf Fährmann,True,Goalkeeper,1,start,end,1.0,0.0,0.0,0.0,0.0,0.0,0.0,0.0,0.0,6.0,0.0,0.0,0.0,0.0,
GER-Bundesliga,2223,2023-02-03 FC Augsburg-Bayer Leverkusen,Bayer Leverkusen,Lukas Hradecky,False,Goalkeeper,1,start,end,1.0,0.0,0.0,0.0,0.0,0.0,0.0,1.0,4.0,7.0,0.0,0.0,0.0,0.0,
GER-Bundesliga,2223,2023-02-03 FC Augsburg-Bayer Leverkusen,FC Augsburg,Rafal Gikiewicz,True,Goalkeeper,1,start,end,1.0,0.0,0.0,0.0,0.0,0.0,0.0,0.0,4.0,12.0,0.0,0.0,0.0,0.0,
GER-Bundesliga,2223,2023-02-04 1. FC Union Berlin-Mainz,1. FC Union Berlin,Frederik Ronnow,True,Goalkeeper,1,start,end,1.0,0.0,1.0,0.0,0.0,0.0,0.0,1.0,4.0,11.0,0.0,0.0,0.0,0.0,
GER-Bundesliga,2223,2023-02-04 1. FC Union Berlin-Mainz,Mainz,Finn Dahmen,False,Goalkeeper,1,start,end,1.0,0.0,0.0,0.0,0.0,0.0,0.0,2.0,3.0,7.0,0.0,0.0,0.0,0.0,
GER-Bundesliga,2223,2023-02-04 Borussia Dortmund-SC Freiburg,Borussia Dortmund,Gregor Kobel,True,Goalkeeper,1,start,end,1.0,0.0,0.0,0.0,0.0,0.0,0.0,1.0,2.0,5.0,0.0,0.0,0.0,0.0,
GER-Bundesliga,2223,2023-02-04 Borussia Dortmund-SC Freiburg,SC Freiburg,Mark Flekken,False,Goalkeeper,1,start,end,1.0,0.0,0.0,0.0,0.0,0.0,0.0,5.0,5.0,19.0,0.0,0.0,0.0,0.0,
GER-Bundesliga,2223,2023-02-04 Borussia Mönchengladbach-Schalke 04,Borussia Mönchengladbach,Jonas Omlin,True,Goalkeeper,1,start,end,1.0,0.0,0.0,0.0,0.0,0.0,0.0,0.0,5.0,19.0,0.0,0.0,0.0,0.0,
GER-Bundesliga,2223,2023-02-04 Borussia Mönchengladbach-Schalke 04,Schalke 04,Ralf Fährmann,False,Goalkeeper,1,start,end,1.0,0.0,0.0,0.0,0.0,0.0,0.0,0.0,4.0,17.0,0.0,0.0,0.0,0.0,
GER-Bundesliga,2223,2023-02-04 Eintracht Frankfurt-Hertha Berlin,Eintracht Frankfurt,Kevin Trapp,True,Goalkeeper,1,start,end,1.0,0.0,0.0,0.0,0.0,0.0,0.0,0.0,2.0,15.0,0.0,0.0,0.0,0.0,
GER-Bundesliga,2223,2023-02-04 Eintracht Frankfurt-Hertha Berlin,Hertha Berlin,Oliver Christensen,False,Goalkeeper,1,start,end,1.0,0.0,1.0,0.0,0.0,0.0,0.0,3.0,1.0,6.0,0.0,0.0,0.0,0.0,
GER-Bundesliga,2223,2023-02-04 FC Cologne-RB Leipzig,FC Cologne,Marvin Schwäbe,True,Goalkeeper,1,start,end,1.0,0.0,0.0,0.0,0.0,0.0,0.0,0.0,2.0,7.0,0.0,0.0,0.0,0.0,
GER-Bundesliga,2223,2023-02-04 FC Cologne-RB Leipzig,RB Leipzig,Janis Blaswich,False,Goalkeeper,1,start,end,1.0,0.0,1.0,0.0,0.0,0.0,0.0,0.0,0.0,9.0,0.0,0.0,0.0,0.0,
GER-Bundesliga,2223,2023-02-04 VfL Bochum-TSG Hoffenheim,TSG Hoffenheim,Oliver Baumann,False,Goalkeeper,1,start,end,1.0,0.0,0.0,0.0,0.0,0.0,0.0,5.0,5.0,11.0,0.0,0.0,0.0,0.0,
GER-Bundesliga,2223,2023-02-04 VfL Bochum-TSG Hoffenheim,VfL Bochum,Manuel Riemann,True,Goalkeeper,1,start,end,1.0,0.0,0.0,0.0,0.0,0.0,0.0,2.0,2.0,7.0,0.0,0.0,0.0,0.0,
GER-Bundesliga,2223,2023-02-05 VfB Stuttgart-Werder Bremen,VfB Stuttgart,Florian Müller,True,Goalkeeper,1,start,end,1.0,0.0,0.0,0.0,0.0,0.0,0.0,2.0,2.0,7.0,0.0,0.0,0.0,0.0,
GER-Bundesliga,2223,2023-02-05 VfB Stuttgart-Werder Bremen,Werder Bremen,Jirí Pavlenka,False,Goalkeeper,1,start,end,1.0,0.0,0.0,0.0,0.0,0.0,0.0,0.0,5.0,16.0,0.0,0.0,0.0,0.0,
GER-Bundesliga,2223,2023-02-05 VfL Wolfsburg-Bayern Munich,Bayern Munich,Yann Sommer,False,Goalkeeper,1,start,end,1.0,0.0,0.0,0.0,0.0,0.0,0.0,2.0,3.0,21.0,0.0,0.0,0.0,0.0,
GER-Bundesliga,2223,2023-02-05 VfL Wolfsburg-Bayern Munich,VfL Wolfsburg,Koen Casteels,True,Goalkeeper,1,start,end,1.0,0.0,0.0,0.0,0.0,0.0,0.0,4.0,0.0,5.0,0.0,0.0,0.0,0.0,
GER-Bundesliga,2223,2023-02-10 Schalke 04-VfL Wolfsburg,Schalke 04,Ralf Fährmann,True,Goalkeeper,1,start,end,1.0,0.0,0.0,0.0,0.0,0.0,0.0,0.0,2.0,6.0,0.0,0.0,0.0,0.0,
GER-Bundesliga,2223,2023-02-10 Schalke 04-VfL Wolfsburg,VfL Wolfsburg,Koen Casteels,False,Goalkeeper,1,start,end,1.0,0.0,0.0,0.0,0.0,0.0,0.0,0.0,5.0,19.0,0.0,0.0,0.0,0.0,
GER-Bundesliga,2223,2023-02-11 Bayern Munich-VfL Bochum,Bayern Munich,Yann Sommer,True,Goalkeeper,1,start,end,1.0,0.0,0.0,0.0,0.0,0.0,0.0,0.0,1.0,7.0,0.0,0.0,0.0,0.0,
GER-Bundesliga,2223,2023-02-11 Bayern Munich-VfL Bochum,VfL Bochum,Manuel Riemann,False,Goalkeeper,1,start,end,1.0,0.0,0.0,0.0,0.0,0.0,0.0,3.0,9.0,19.0,0.0,0.0,0.0,0.0,
GER-Bundesliga,2223,2023-02-11 Mainz-FC Augsburg,FC Augsburg,Rafal Gikiewicz,False,Goalkeeper,1,start,end,1.0,0.0,0.0,0.0,0.0,0.0,0.0,3.0,4.0,11.0,0.0,0.0,0.0,0.0,
GER-Bundesliga,2223,2023-02-11 Mainz-FC Augsburg,Mainz,Finn Dahmen,True,Goalkeeper,1,start,end,1.0,0.0,0.0,0.0,0.0,0.0,0.0,1.0,3.0,12.0,0.0,0.0,0.0,0.0,
GER-Bundesliga,2223,2023-02-11 RB Leipzig-1. FC Union Berlin,1. FC Union Berlin,Frederik Ronnow,False,Goalkeeper,1,start,end,1.0,0.0,0.0,0.0,0.0,0.0,0.0,1.0,1.0,9.0,0.0,0.0,0.0,0.0,
GER-Bundesliga,2223,2023-02-11 RB Leipzig-1. FC Union Berlin,RB Leipzig,Janis Blaswich,True,Goalkeeper,1,start,end,1.0,0.0,0.0,0.0,0.0,0.0,0.0,2.0,2.0,4.0,0.0,0.0,0.0,0.0,
GER-Bundesliga,2223,2023-02-11 SC Freiburg-VfB Stuttgart,SC Freiburg,Mark Flekken,True,Goalkeeper,1,start,end,1.0,0.0,0.0,0.0,0.0,0.0,0.0,1.0,2.0,14.0,0.0,0.0,0.0,0.0,
GER-Bundesliga,2223,2023-02-11 SC Freiburg-VfB Stuttgart,VfB Stuttgart,Fabian Bredlow,False,Goalkeeper,1,start,end,1.0,0.0,0.0,0.0,0.0,0.0,0.0,2.0,3.0,7.0,0.0,0.0,0.0,0.0,
GER-Bundesliga,2223,2023-02-11 TSG Hoffenheim-Bayer Leverkusen,Bayer Leverkusen,Lukas Hradecky,False,Goalkeeper,1,start,end,1.0,0.0,0.0,0.0,0.0,0.0,0.0,1.0,5.0,10.0,0.0,0.0,0.0,0.0,
GER-Bundesliga,2223,2023-02-11 TSG Hoffenheim-Bayer Leverkusen,TSG Hoffenheim,Oliver Baumann,True,Goalkeeper,1,start,end,1.0,0.0,0.0,0.0,0.0,0.0,0.0,3.0,1.0,9.0,0.0,0.0,0.0,0.0,
GER-Bundesliga,2223,2023-02-11 Werder Bremen-Borussia Dortmund,Borussia Dortmund,Gregor Kobel,False,Goalkeeper,1,start,end,1.0,0.0,0.0,0.0,0.0,0.0,0.0,0.0,5.0,8.0,0.0,0.0,0.0,0.0,
GER-Bundesliga,2223,2023-02-11 Werder Bremen-Borussia Dortmund,Werder Bremen,Jirí Pavlenka,True,Goalkeeper,1,start,end,1.0,0.0,0.0,0.0,0.0,0.0,0.0,2.0,7.0,15.0,0.0,0.0,0.0,0.0,
GER-Bundesliga,2223,2023-02-12 FC Cologne-Eintracht Frankfurt,Eintracht Frankfurt,Kevin Trapp,False,Goalkeeper,1,start,end,1.0,0.0,0.0,0.0,0.0,0.0,0.0,3.0,1.0,5.0,0.0,0.0,0.0,0.0,
GER-Bundesliga,2223,2023-02-12 FC Cologne-Eintracht Frankfurt,FC Cologne,Marvin Schwäbe,True,Goalkeeper,1,start,end,1.0,0.0,0.0,0.0,0.0,0.0,0.0,0.0,1.0,5.0,0.0,0.0,0.0,0.0,
GER-Bundesliga,2223,2023-02-12 Hertha Berlin-Borussia Mönchengladbach,Borussia Mönchengladbach,Jonas Omlin,False,Goalkeeper,1,start,end,1.0,0.0,0.0,0.0,0.0,0.0,0.0,4.0,1.0,14.0,0.0,0.0,0.0,0.0,
GER-Bundesliga,2223,2023-02-12 Hertha Berlin-Borussia Mönchengladbach,Hertha Berlin,Oliver Christensen,True,Goalkeeper,1,start,end,1.0,0.0,0.0,0.0,0.0,0.0,0.0,1.0,2.0,6.0,0.0,0.0,0.0,0.0,
GER-Bundesliga,2223,2023-02-17 FC Augsburg-TSG Hoffenheim,FC Augsburg,Rafal Gikiewicz,True,Goalkeeper,1,start,end,1.0,0.0,0.0,0.0,0.0,0.0,0.0,0.0,2.0,8.0,0.0,0.0,0.0,0.0,
GER-Bundesliga,2223,2023-02-17 FC Augsburg-TSG Hoffenheim,TSG Hoffenheim,Oliver Baumann,False,Goalkeeper,1,start,end,1.0,0.0,0.0,0.0,0.0,0.0,0.0,1.0,1.0,12.0,0.0,0.0,0.0,0.0,
GER-Bundesliga,2223,2023-02-18 Borussia Mönchengladbach-Bayern Munich,Bayern Munich,Yann Sommer,False,Goalkeeper,1,start,end,1.0,0.0,0.0,0.0,0.0,0.0,0.0,3.0,4.0,14.0,0.0,0.0,0.0,0.0,
GER-Bundesliga,2223,2023-02-18 Borussia Mönchengladbach-Bayern Munich,Borussia Mönchengladbach,Jonas Omlin,True,Goalkeeper,1,start,end,1.0,0.0,0.0,0.0,0.0,0.0,0.0,2.0,3.0,11.0,0.0,0.0,0.0,0.0,
GER-Bundesliga,2223,2023-02-18 Eintracht Frankfurt-Werder Bremen,Eintracht Frankfurt,Kevin Trapp,True,Goalkeeper,1,start,end,1.0,0.0,0.0,0.0,0.0,0.0,0.0,0.0,0.0,3.0,0.0,0.0,0.0,0.0,
GER-Bundesliga,2223,2023-02-18 Eintracht Frankfurt-Werder Bremen,Werder Bremen,Jirí Pavlenka,False,Goalkeeper,1,start,end,1.0,0.0,0.0,0.0,0.0,0.0,0.0,1.0,5.0,11.0,0.0,0.0,0.0,0.0,
GER-Bundesliga,2223,2023-02-18 VfB Stuttgart-FC Cologne,FC Cologne,Marvin Schwäbe,False,Goalkeeper,1,start,end,1.0,0.0,0.0,0.0,0.0,0.0,0.0,3.0,4.0,13.0,0.0,0.0,0.0,0.0,
GER-Bundesliga,2223,2023-02-18 VfB Stuttgart-FC Cologne,VfB Stuttgart,Fabian Bredlow,True,Goalkeeper,1,start,end,1.0,0.0,0.0,0.0,0.0,0.0,0.0,0.0,4.0,12.0,0.0,0.0,0.0,0.0,
GER-Bundesliga,2223,2023-02-18 VfL Bochum-SC Freiburg,SC Freiburg,Mark Flekken,False,Goalkeeper,1,start,end,1.0,0.0,0.0,0.0,0.0,0.0,0.0,0.0,5.0,16.0,0.0,0.0,0.0,0.0,
GER-Bundesliga,2223,2023-02-18 VfL Bochum-SC Freiburg,VfL Bochum,Manuel Riemann,True,Goalkeeper,1,start,end,1.0,0.0,0.0,0.0,0.0,0.0,0.0,2.0,3.0,17.0,0.0,0.0,0.0,0.0,
GER-Bundesliga,2223,2023-02-18 VfL Wolfsburg-RB Leipzig,RB Leipzig,Janis Blaswich,False,Goalkeeper,1,start,end,1.0,0.0,0.0,0.0,0.0,0.0,0.0,0.0,2.0,6.0,0.0,0.0,0.0,0.0,
GER-Bundesliga,2223,2023-02-18 VfL Wolfsburg-RB Leipzig,VfL Wolfsburg,Koen Casteels,True,Goalkeeper,1,start,end,1.0,0.0,0.0,0.0,0.0,0.0,0.0,3.0,1.0,13.0,0.0,0.0,0.0,0.0,
GER-Bundesliga,2223,2023-02-19 1. FC Union Berlin-Schalke 04,1. FC Union Berlin,Frederik Ronnow,True,Goalkeeper,1,start,end,1.0,0.0,0.0,0.0,0.0,0.0,0.0,0.0,2.0,8.0,0.0,0.0,0.0,0.0,
GER-Bundesliga,2223,2023-02-19 1. FC Union Berlin-Schalke 04,Schalke 04,Ralf Fährmann,False,Goalkeeper,1,start,end,1.0,0.0,0.0,0.0,0.0,0.0,0.0,0.0,4.0,9.0,0.0,0.0,0.0,0.0,
GER-Bundesliga,2223,2023-02-19 Bayer Leverkusen-Mainz,Bayer Leverkusen,Lukas Hradecky,True,Goalkeeper,1,start,end,1.0,0.0,0.0,0.0,0.0,0.0,0.0,3.0,4.0,9.0,0.0,0.0,0.0,0.0,
GER-Bundesliga,2223,2023-02-19 Bayer Leverkusen-Mainz,Mainz,Finn Dahmen,False,Goalkeeper,1,start,end,1.0,0.0,0.0,0.0,0.0,0.0,0.0,2.0,4.0,18.0,0.0,0.0,0.0,0.0,
GER-Bundesliga,2223,2023-02-19 Borussia Dortmund-Hertha Berlin,Borussia Dortmund,Gregor Kobel,True,Goalkeeper,1,start,end,1.0,0.0,0.0,0.0,0.0,0.0,0.0,1.0,8.0,15.0,0.0,0.0,0.0,0.0,
GER-Bundesliga,2223,2023-02-19 Borussia Dortmund-Hertha Berlin,Hertha Berlin,Oliver Christensen,False,Goalkeeper,1,start,end,1.0,0.0,0.0,0.0,0.0,0.0,0.0,4.0,1.0,8.0,0.0,0.0,0.0,0.0,
GER-Bundesliga,2223,2023-02-24 Mainz-Borussia Mönchengladbach,Borussia Mönchengladbach,Jonas Omlin,False,Goalkeeper,1,start,31,1.0,0.0,0.0,0.0,0.0,0.0,0.0,1.0,0.0,0.0,0.0,0.0,0.0,0.0,
GER-Bundesliga,2223,2023-02-24 Mainz-Borussia Mönchengladbach,Mainz,Robin Zentner,True,Goalkeeper,1,start,end,1.0,0.0,0.0,0.0,0.0,0.0,0.0,0.0,2.0,9.0,0.0,0.0,0.0,0.0,
GER-Bundesliga,2223,2023-02-25 FC Cologne-VfL Wolfsburg,FC Cologne,Marvin Schwäbe,True,Goalkeeper,1,start,end,1.0,0.0,0.0,0.0,0.0,0.0,0.0,2.0,2.0,4.0,0.0,0.0,0.0,0.0,
GER-Bundesliga,2223,2023-02-25 FC Cologne-VfL Wolfsburg,VfL Wolfsburg,Koen Casteels,False,Goalkeeper,1,start,end,1.0,0.0,0.0,0.0,0.0,0.0,0.0,0.0,5.0,13.0,0.0,0.0,0.0,0.0,
GER-Bundesliga,2223,2023-02-25 Hertha Berlin-FC Augsburg,FC Augsburg,Rafal Gikiewicz,False,Goalkeeper,1,start,end,1.0,0.0,0.0,0.0,0.0,0.0,0.0,2.0,1.0,9.0,0.0,0.0,0.0,0.0,
GER-Bundesliga,2223,2023-02-25 Hertha Berlin-FC Augsburg,Hertha Berlin,Oliver Christensen,True,Goalkeeper,1,start,end,1.0,0.0,2.0,0.0,0.0,0.0,0.0,0.0,1.0,7.0,0.0,0.0,0.0,0.0,
GER-Bundesliga,2223,2023-02-25 RB Leipzig-Eintracht Frankfurt,Eintracht Frankfurt,Kevin Trapp,False,Goalkeeper,1,start,end,1.0,0.0,0.0,0.0,0.0,0.0,0.0,2.0,3.0,8.0,0.0,0.0,0.0,0.0,
GER-Bundesliga,2223,2023-02-25 RB Leipzig-Eintracht Frankfurt,RB Leipzig,Janis Blaswich,True,Goalkeeper,1,start,end,1.0,0.0,0.0,0.0,0.0,0.0,0.0,1.0,3.0,6.0,0.0,0.0,0.0,0.0,
GER-Bundesliga,2223,2023-02-25 Schalke 04-VfB Stuttgart,Schalke 04,Ralf Fährmann,True,Goalkeeper,1,start,end,1.0,0.0,1.0,0.0,0.0,0.0,0.0,1.0,4.0,16.0,0.0,0.0,0.0,0.0,
GER-Bundesliga,2223,2023-02-25 Schalke 04-VfB Stuttgart,VfB Stuttgart,Fabian Bredlow,False,Goalkeeper,1,start,end,1.0,0.0,0.0,0.0,0.0,0.0,0.0,2.0,4.0,8.0,0.0,0.0,0.0,0.0,
GER-Bundesliga,2223,2023-02-25 TSG Hoffenheim-Borussia Dortmund,Borussia Dortmund,Gregor Kobel,False,Goalkeeper,1,start,end,1.0,0.0,0.0,0.0,0.0,0.0,0.0,0.0,4.0,12.0,0.0,0.0,0.0,0.0,
GER-Bundesliga,2223,2023-02-25 TSG Hoffenheim-Borussia Dortmund,TSG Hoffenheim,Oliver Baumann,True,Goalkeeper,1,start,end,1.0,0.0,0.0,0.0,0.0,0.0,1.0,1.0,11.0,23.0,0.0,0.0,0.0,0.0,
GER-Bundesliga,2223,2023-02-25 Werder Bremen-VfL Bochum,VfL Bochum,Manuel Riemann,False,Goalkeeper,1,start,end,1.0,0.0,0.0,0.0,0.0,0.0,0.0,3.0,3.0,8.0,0.0,0.0,0.0,0.0,
GER-Bundesliga,2223,2023-02-25 Werder Bremen-VfL Bochum,Werder Bremen,Jirí Pavlenka,True,Goalkeeper,1,start,end,1.0,0.0,0.0,0.0,0.0,0.0,0.0,0.0,1.0,8.0,0.0,0.0,0.0,0.0,
GER-Bundesliga,2223,2023-02-26 Bayern Munich-1. FC Union Berlin,1. FC Union Berlin,Frederik Ronnow,False,Goalkeeper,1,start,end,1.0,0.0,0.0,0.0,0.0,0.0,0.0,3.0,6.0,16.0,0.0,0.0,0.0,0.0,
GER-Bundesliga,2223,2023-02-26 Bayern Munich-1. FC Union Berlin,Bayern Munich,Yann Sommer,True,Goalkeeper,1,start,end,1.0,0.0,0.0,0.0,0.0,0.0,0.0,0.0,0.0,3.0,0.0,0.0,0.0,0.0,
GER-Bundesliga,2223,2023-02-26 SC Freiburg-Bayer Leverkusen,Bayer Leverkusen,Lukas Hradecky,False,Goalkeeper,1,start,end,1.0,0.0,0.0,0.0,0.0,0.0,0.0,1.0,3.0,8.0,0.0,0.0,0.0,0.0,
GER-Bundesliga,2223,2023-02-26 SC Freiburg-Bayer Leverkusen,SC Freiburg,Mark Flekken,True,Goalkeeper,1,start,end,1.0,0.0,0.0,0.0,0.0,0.0,0.0,1.0,3.0,16.0,0.0,0.0,0.0,0.0,
GER-Bundesliga,2223,2023-03-03 Borussia Dortmund-RB Leipzig,Borussia Dortmund,Alexander Meyer,True,Goalkeeper,1,start,end,1.0,0.0,0.0,0.0,0.0,0.0,0.0,1.0,4.0,14.0,0.0,0.0,0.0,0.0,
GER-Bundesliga,2223,2023-03-03 Borussia Dortmund-RB Leipzig,RB Leipzig,Janis Blaswich,False,Goalkeeper,1,start,end,1.0,1.0,0.0,0.0,0.0,0.0,0.0,2.0,1.0,6.0,0.0,0.0,0.0,0.0,
GER-Bundesliga,2223,2023-03-04 1. FC Union Berlin-FC Cologne,1. FC Union Berlin,Frederik Ronnow,True,Goalkeeper,1,start,end,1.0,0.0,0.0,0.0,0.0,0.0,0.0,0.0,4.0,9.0,0.0,0.0,0.0,0.0,
GER-Bundesliga,2223,2023-03-04 1. FC Union Berlin-FC Cologne,FC Cologne,Marvin Schwäbe,False,Goalkeeper,1,start,end,1.0,0.0,0.0,0.0,0.0,0.0,0.0,0.0,2.0,8.0,0.0,0.0,0.0,0.0,
GER-Bundesliga,2223,2023-03-04 Borussia Mönchengladbach-SC Freiburg,Borussia Mönchengladbach,Tobias Sippel,True,Goalkeeper,1,start,end,1.0,0.0,0.0,0.0,0.0,0.0,0.0,0.0,3.0,8.0,0.0,0.0,0.0,0.0,
GER-Bundesliga,2223,2023-03-04 Borussia Mönchengladbach-SC Freiburg,SC Freiburg,Mark Flekken,False,Goalkeeper,1,start,end,1.0,0.0,0.0,0.0,0.0,0.0,0.0,0.0,3.0,8.0,0.0,0.0,0.0,0.0,
GER-Bundesliga,2223,2023-03-04 FC Augsburg-Werder Bremen,FC Augsburg,Rafal Gikiewicz,True,Goalkeeper,1,start,end,1.0,0.0,1.0,0.0,0.0,0.0,0.0,1.0,6.0,18.0,0.0,0.0,0.0,0.0,
GER-Bundesliga,2223,2023-03-04 FC Augsburg-Werder Bremen,Werder Bremen,Jirí Pavlenka,False,Goalkeeper,1,start,end,1.0,0.0,1.0,0.0,0.0,0.0,0.0,2.0,3.0,7.0,0.0,0.0,0.0,0.0,
GER-Bundesliga,2223,2023-03-04 Mainz-TSG Hoffenheim,Mainz,Robin Zentner,True,Goalkeeper,1,start,end,1.0,0.0,0.0,0.0,0.0,0.0,0.0,0.0,4.0,15.0,0.0,0.0,0.0,0.0,
GER-Bundesliga,2223,2023-03-04 Mainz-TSG Hoffenheim,TSG Hoffenheim,Oliver Baumann,False,Goalkeeper,1,start,end,1.0,0.0,0.0,0.0,0.0,0.0,0.0,1.0,5.0,14.0,0.0,0.0,0.0,0.0,
GER-Bundesliga,2223,2023-03-04 VfB Stuttgart-Bayern Munich,Bayern Munich,Yann Sommer,False,Goalkeeper,1,start,end,1.0,0.0,0.0,0.0,0.0,0.0,0.0,1.0,2.0,10.0,0.0,0.0,0.0,0.0,
GER-Bundesliga,2223,2023-03-04 VfB Stuttgart-Bayern Munich,VfB Stuttgart,Fabian Bredlow,True,Goalkeeper,1,start,end,1.0,0.0,0.0,0.0,0.0,0.0,0.0,2.0,4.0,12.0,0.0,0.0,0.0,0.0,
GER-Bundesliga,2223,2023-03-04 VfL Bochum-Schalke 04,Schalke 04,Ralf Fährmann,False,Goalkeeper,1,start,end,1.0,0.0,0.0,0.0,0.0,0.0,0.0,0.0,4.0,7.0,0.0,0.0,0.0,0.0,
GER-Bundesliga,2223,2023-03-04 VfL Bochum-Schalke 04,VfL Bochum,Manuel Riemann,True,Goalkeeper,1,start,end,1.0,0.0,0.0,1.0,0.0,0.0,0.0,2.0,3.0,9.0,0.0,0.0,0.0,0.0,
GER-Bundesliga,2223,2023-03-05 Bayer Leverkusen-Hertha Berlin,Bayer Leverkusen,Lukas Hradecky,True,Goalkeeper,1,start,end,1.0,0.0,0.0,0.0,0.0,0.0,0.0,1.0,1.0,5.0,0.0,0.0,0.0,0.0,
GER-Bundesliga,2223,2023-03-05 Bayer Leverkusen-Hertha Berlin,Hertha Berlin,Oliver Christensen,False,Goalkeeper,1,start,end,1.0,0.0,0.0,0.0,0.0,0.0,0.0,4.0,5.0,12.0,0.0,0.0,0.0,0.0,
GER-Bundesliga,2223,2023-03-05 VfL Wolfsburg-Eintracht Frankfurt,Eintracht Frankfurt,Kevin Trapp,False,Goalkeeper,1,start,end,1.0,0.0,0.0,0.0,0.0,0.0,0.0,2.0,4.0,9.0,0.0,0.0,0.0,0.0,
GER-Bundesliga,2223,2023-03-05 VfL Wolfsburg-Eintracht Frankfurt,VfL Wolfsburg,Koen Casteels,True,Goalkeeper,1,start,end,1.0,0.0,0.0,0.0,0.0,0.0,0.0,2.0,0.0,8.0,0.0,0.0,0.0,0.0,
GER-Bundesliga,2223,2023-03-10 FC Cologne-VfL Bochum,FC Cologne,Marvin Schwäbe,True,Goalkeeper,1,start,end,1.0,0.0,0.0,0.0,0.0,0.0,0.0,2.0,1.0,0.0,0.0,0.0,0.0,0.0,
GER-Bundesliga,2223,2023-03-10 FC Cologne-VfL Bochum,VfL Bochum,Manuel Riemann,False,Goalkeeper,1,start,end,1.0,0.0,0.0,0.0,0.0,0.0,0.0,0.0,5.0,0.0,0.0,0.0,0.0,0.0,
GER-Bundesliga,2223,2023-03-11 Bayern Munich-FC Augsburg,Bayern Munich,Yann Sommer,True,Goalkeeper,1,start,end,1.0,0.0,0.0,0.0,0.0,0.0,0.0,3.0,3.0,10.0,0.0,0.0,0.0,0.0,
GER-Bundesliga,2223,2023-03-11 Bayern Munich-FC Augsburg,FC Augsburg,Rafal Gikiewicz,False,Goalkeeper,1,start,end,1.0,0.0,1.0,0.0,0.0,0.0,0.0,5.0,4.0,18.0,0.0,0.0,0.0,0.0,
GER-Bundesliga,2223,2023-03-11 Eintracht Frankfurt-VfB Stuttgart,Eintracht Frankfurt,Kevin Trapp,True,Goalkeeper,1,start,end,1.0,0.0,0.0,0.0,0.0,0.0,0.0,1.0,3.0,10.0,0.0,0.0,0.0,0.0,
GER-Bundesliga,2223,2023-03-11 Eintracht Frankfurt-VfB Stuttgart,VfB Stuttgart,Fabian Bredlow,False,Goalkeeper,1,start,end,1.0,0.0,0.0,0.0,0.0,0.0,0.0,1.0,0.0,9.0,0.0,0.0,0.0,0.0,
GER-Bundesliga,2223,2023-03-11 Hertha Berlin-Mainz,Hertha Berlin,Oliver Christensen,True,Goalkeeper,1,start,end,1.0,0.0,0.0,0.0,0.0,0.0,0.0,1.0,2.0,6.0,0.0,0.0,0.0,0.0,
GER-Bundesliga,2223,2023-03-11 Hertha Berlin-Mainz,Mainz,Robin Zentner,False,Goalkeeper,1,start,end,1.0,0.0,0.0,0.0,0.0,0.0,0.0,1.0,3.0,10.0,0.0,0.0,0.0,0.0,
GER-Bundesliga,2223,2023-03-11 RB Leipzig-Borussia Mönchengladbach,Borussia Mönchengladbach,Tobias Sippel,False,Goalkeeper,1,start,end,1.0,0.0,0.0,0.0,0.0,0.0,0.0,3.0,6.0,11.0,0.0,0.0,0.0,0.0,
GER-Bundesliga,2223,2023-03-11 RB Leipzig-Borussia Mönchengladbach,RB Leipzig,Janis Blaswich,True,Goalkeeper,1,start,end,1.0,0.0,0.0,0.0,0.0,0.0,0.0,0.0,2.0,6.0,0.0,0.0,0.0,0.0,
GER-Bundesliga,2223,2023-03-11 Schalke 04-Borussia Dortmund,Borussia Dortmund,Alexander Meyer,False,Goalkeeper,1,start,end,1.0,0.0,0.0,0.0,0.0,0.0,0.0,2.0,2.0,8.0,0.0,0.0,0.0,0.0,
GER-Bundesliga,2223,2023-03-11 Schalke 04-Borussia Dortmund,Schalke 04,Ralf Fährmann,True,Goalkeeper,1,start,end,1.0,0.0,0.0,0.0,0.0,0.0,0.0,2.0,6.0,18.0,0.0,0.0,0.0,0.0,
GER-Bundesliga,2223,2023-03-12 SC Freiburg-TSG Hoffenheim,SC Freiburg,Mark Flekken,True,Goalkeeper,1,start,end,1.0,0.0,0.0,0.0,0.0,0.0,0.0,1.0,1.0,11.0,0.0,0.0,0.0,0.0,
GER-Bundesliga,2223,2023-03-12 SC Freiburg-TSG Hoffenheim,TSG Hoffenheim,Oliver Baumann,False,Goalkeeper,1,start,end,1.0,0.0,0.0,0.0,0.0,0.0,0.0,2.0,1.0,7.0,0.0,0.0,0.0,0.0,
GER-Bundesliga,2223,2023-03-12 VfL Wolfsburg-1. FC Union Berlin,1. FC Union Berlin,Frederik Ronnow,False,Goalkeeper,1,start,end,1.0,0.0,0.0,0.0,0.0,0.0,0.0,1.0,5.0,14.0,0.0,0.0,0.0,0.0,
GER-Bundesliga,2223,2023-03-12 VfL Wolfsburg-1. FC Union Berlin,VfL Wolfsburg,Koen Casteels,True,Goalkeeper,1,start,end,1.0,0.0,0.0,0.0,0.0,0.0,0.0,1.0,1.0,10.0,0.0,0.0,0.0,0.0,
GER-Bundesliga,2223,2023-03-12 Werder Bremen-Bayer Leverkusen,Bayer Leverkusen,Lukas Hradecky,False,Goalkeeper,1,start,end,1.0,0.0,0.0,0.0,0.0,0.0,0.0,2.0,4.0,8.0,0.0,0.0,0.0,0.0,
GER-Bundesliga,2223,2023-03-12 Werder Bremen-Bayer Leverkusen,Werder Bremen,Jirí Pavlenka,True,Goalkeeper,1,start,end,1.0,0.0,0.0,0.0,0.0,0.0,0.0,3.0,2.0,11.0,0.0,0.0,0.0,0.0,
GER-Bundesliga,2223,2023-03-17 Borussia Mönchengladbach-Werder Bremen,Borussia Mönchengladbach,Jonas Omlin,True,Goalkeeper,1,start,end,1.0,0.0,1.0,0.0,0.0,0.0,0.0,2.0,1.0,6.0,0.0,0.0,0.0,0.0,
GER-Bundesliga,2223,2023-03-17 Borussia Mönchengladbach-Werder Bremen,Werder Bremen,Michael Zetterer,False,Goalkeeper,1,start,end,1.0,0.0,0.0,0.0,0.0,0.0,0.0,2.0,6.0,19.0,0.0,0.0,0.0,0.0,
GER-Bundesliga,2223,2023-03-18 Borussia Dortmund-FC Cologne,Borussia Dortmund,Alexander Meyer,True,Goalkeeper,1,start,end,1.0,0.0,0.0,0.0,0.0,0.0,0.0,1.0,4.0,9.0,0.0,0.0,0.0,0.0,
GER-Bundesliga,2223,2023-03-18 Borussia Dortmund-FC Cologne,FC Cologne,Marvin Schwäbe,False,Goalkeeper,1,start,end,1.0,0.0,0.0,0.0,0.0,0.0,0.0,6.0,3.0,5.0,0.0,0.0,0.0,0.0,
GER-Bundesliga,2223,2023-03-18 FC Augsburg-Schalke 04,FC Augsburg,Rafal Gikiewicz,True,Goalkeeper,1,start,end,1.0,0.0,0.0,0.0,0.0,0.0,1.0,1.0,4.0,14.0,0.0,0.0,0.0,0.0,
GER-Bundesliga,2223,2023-03-18 FC Augsburg-Schalke 04,Schalke 04,Ralf Fährmann,False,Goalkeeper,1,start,end,1.0,0.0,0.0,0.0,0.0,0.0,0.0,1.0,3.0,9.0,0.0,0.0,0.0,0.0,
GER-Bundesliga,2223,2023-03-18 TSG Hoffenheim-Hertha Berlin,Hertha Berlin,Oliver Christensen,False,Goalkeeper,1,start,end,1.0,0.0,0.0,0.0,0.0,0.0,0.0,3.0,4.0,13.0,0.0,0.0,0.0,0.0,
GER-Bundesliga,2223,2023-03-18 TSG Hoffenheim-Hertha Berlin,TSG Hoffenheim,Oliver Baumann,True,Goalkeeper,1,start,end,1.0,0.0,0.0,0.0,0.0,0.0,0.0,1.0,4.0,10.0,0.0,0.0,0.0,0.0,
GER-Bundesliga,2223,2023-03-18 VfB Stuttgart-VfL Wolfsburg,VfB Stuttgart,Fabian Bredlow,True,Goalkeeper,1,start,end,1.0,0.0,0.0,0.0,0.0,0.0,0.0,1.0,2.0,8.0,0.0,0.0,0.0,0.0,
GER-Bundesliga,2223,2023-03-18 VfB Stuttgart-VfL Wolfsburg,VfL Wolfsburg,Koen Casteels,False,Goalkeeper,1,start,end,1.0,0.0,0.0,0.0,0.0,0.0,0.0,0.0,2.0,12.0,0.0,0.0,0.0,0.0,
GER-Bundesliga,2223,2023-03-18 VfL Bochum-RB Leipzig,RB Leipzig,Janis Blaswich,False,Goalkeeper,1,start,end,1.0,0.0,0.0,0.0,0.0,0.0,0.0,1.0,2.0,6.0,0.0,0.0,0.0,0.0,
GER-Bundesliga,2223,2023-03-18 VfL Bochum-RB Leipzig,VfL Bochum,Manuel Riemann,True,Goalkeeper,1,start,end,1.0,0.0,0.0,0.0,0.0,0.0,0.0,0.0,10.0,21.0,0.0,0.0,0.0,0.0,
GER-Bundesliga,2223,2023-03-19 1. FC Union Berlin-Eintracht Frankfurt,1. FC Union Berlin,Frederik Ronnow,True,Goalkeeper,1,start,end,1.0,0.0,1.0,0.0,0.0,0.0,1.0,0.0,5.0,19.0,0.0,0.0,0.0,0.0,
GER-Bundesliga,2223,2023-03-19 1. FC Union Berlin-Eintracht Frankfurt,Eintracht Frankfurt,Kevin Trapp,False,Goalkeeper,1,start,end,1.0,0.0,0.0,0.0,0.0,0.0,0.0,2.0,1.0,13.0,0.0,0.0,0.0,0.0,
GER-Bundesliga,2223,2023-03-19 Bayer Leverkusen-Bayern Munich,Bayer Leverkusen,Lukas Hradecky,True,Goalkeeper,1,start,end,1.0,0.0,0.0,0.0,0.0,0.0,0.0,1.0,5.0,10.0,0.0,0.0,0.0,0.0,
GER-Bundesliga,2223,2023-03-19 Bayer Leverkusen-Bayern Munich,Bayern Munich,Yann Sommer,False,Goalkeeper,1,start,end,1.0,0.0,0.0,0.0,0.0,0.0,0.0,2.0,3.0,9.0,0.0,0.0,0.0,0.0,
GER-Bundesliga,2223,2023-03-19 Mainz-SC Freiburg,Mainz,Robin Zentner,True,Goalkeeper,1,start,end,1.0,0.0,0.0,0.0,0.0,0.0,0.0,1.0,4.0,10.0,0.0,0.0,0.0,0.0,
GER-Bundesliga,2223,2023-03-19 Mainz-SC Freiburg,SC Freiburg,Mark Flekken,False,Goalkeeper,1,start,end,1.0,0.0,1.0,0.0,0.0,0.0,0.0,1.0,5.0,8.0,0.0,0.0,0.0,0.0,
GER-Bundesliga,2223,2023-03-31 Eintracht Frankfurt-VfL Bochum,Eintracht Frankfurt,Kevin Trapp,True,Goalkeeper,1,start,end,1.0,0.0,0.0,0.0,0.0,0.0,0.0,1.0,1.0,5.0,0.0,0.0,0.0,0.0,
GER-Bundesliga,2223,2023-03-31 Eintracht Frankfurt-VfL Bochum,VfL Bochum,Manuel Riemann,False,Goalkeeper,1,start,end,1.0,0.0,0.0,0.0,0.0,0.0,0.0,1.0,5.0,18.0,0.0,0.0,0.0,0.0,
GER-Bundesliga,2223,2023-04-01 1. FC Union Berlin-VfB Stuttgart,1. FC Union Berlin,Lennart Grill,True,Goalkeeper,1,start,end,1.0,0.0,0.0,0.0,0.0,0.0,0.0,0.0,7.0,18.0,0.0,0.0,0.0,0.0,
GER-Bundesliga,2223,2023-04-01 1. FC Union Berlin-VfB Stuttgart,VfB Stuttgart,Fabian Bredlow,False,Goalkeeper,1,start,end,1.0,0.0,0.0,0.0,0.0,0.0,0.0,2.0,3.0,11.0,0.0,0.0,0.0,0.0,
GER-Bundesliga,2223,2023-04-01 Bayern Munich-Borussia Dortmund,Bayern Munich,Yann Sommer,True,Goalkeeper,1,start,end,1.0,0.0,0.0,0.0,0.0,0.0,0.0,2.0,2.0,8.0,0.0,0.0,0.0,0.0,
GER-Bundesliga,2223,2023-04-01 Bayern Munich-Borussia Dortmund,Borussia Dortmund,Gregor Kobel,False,Goalkeeper,1,start,end,1.0,0.0,0.0,1.0,0.0,0.0,0.0,3.0,6.0,13.0,0.0,1.0,0.0,1.0,
GER-Bundesliga,2223,2023-04-01 RB Leipzig-Mainz,Mainz,Robin Zentner,False,Goalkeeper,1,start,end,1.0,0.0,0.0,0.0,0.0,0.0,0.0,0.0,3.0,12.0,0.0,0.0,0.0,0.0,
GER-Bundesliga,2223,2023-04-01 RB Leipzig-Mainz,RB Leipzig,Janis Blaswich,True,Goalkeeper,1,start,end,1.0,0.0,0.0,0.0,0.0,0.0,0.0,3.0,4.0,16.0,0.0,0.0,0.0,0.0,
GER-Bundesliga,2223,2023-04-01 SC Freiburg-Hertha Berlin,Hertha Berlin,Oliver Christensen,False,Goalkeeper,1,start,end,1.0,0.0,0.0,0.0,0.0,0.0,0.0,1.0,7.0,13.0,0.0,0.0,0.0,0.0,
GER-Bundesliga,2223,2023-04-01 SC Freiburg-Hertha Berlin,SC Freiburg,Mark Flekken,True,Goalkeeper,1,start,end,1.0,0.0,0.0,0.0,0.0,0.0,0.0,1.0,1.0,9.0,0.0,0.0,0.0,0.0,
GER-Bundesliga,2223,2023-04-01 Schalke 04-Bayer Leverkusen,Bayer Leverkusen,Lukas Hradecky,False,Goalkeeper,1,start,end,1.0,0.0,0.0,0.0,0.0,0.0,0.0,0.0,3.0,11.0,0.0,0.0,0.0,0.0,
GER-Bundesliga,2223,2023-04-01 Schalke 04-Bayer Leverkusen,Schalke 04,Ralf Fährmann,True,Goalkeeper,1,start,end,1.0,0.0,0.0,0.0,0.0,0.0,0.0,3.0,6.0,15.0,0.0,0.0,0.0,0.0,
GER-Bundesliga,2223,2023-04-01 VfL Wolfsburg-FC Augsburg,FC Augsburg,Rafal Gikiewicz,False,Goalkeeper,1,start,end,1.0,0.0,0.0,0.0,0.0,0.0,0.0,2.0,3.0,20.0,0.0,0.0,0.0,0.0,
GER-Bundesliga,2223,2023-04-01 VfL Wolfsburg-FC Augsburg,VfL Wolfsburg,Koen Casteels,True,Goalkeeper,1,start,end,1.0,0.0,0.0,0.0,0.0,0.0,0.0,1.0,1.0,4.0,0.0,0.0,0.0,0.0,
GER-Bundesliga,2223,2023-04-02 FC Cologne-Borussia Mönchengladbach,Borussia Mönchengladbach,Jonas Omlin,False,Goalkeeper,1,start,end,1.0,0.0,0.0,0.0,0.0,0.0,0.0,0.0,5.0,12.0,0.0,0.0,0.0,0.0,
GER-Bundesliga,2223,2023-04-02 FC Cologne-Borussia Mönchengladbach,FC Cologne,Marvin Schwäbe,True,Goalkeeper,1,start,end,1.0,0.0,0.0,0.0,0.0,0.0,0.0,0.0,2.0,8.0,0.0,0.0,0.0,0.0,
GER-Bundesliga,2223,2023-04-02 Werder Bremen-TSG Hoffenheim,TSG Hoffenheim,Oliver Baumann,False,Goalkeeper,1,start,end,1.0,0.0,0.0,0.0,0.0,0.0,0.0,1.0,4.0,9.0,0.0,0.0,0.0,0.0,
GER-Bundesliga,2223,2023-04-02 Werder Bremen-TSG Hoffenheim,Werder Bremen,Jirí Pavlenka,True,Goalkeeper,1,start,end,1.0,0.0,0.0,0.0,0.0,0.0,0.0,2.0,0.0,6.0,0.0,0.0,0.0,0.0,
GER-Bundesliga,2223,2023-04-08 Bayer Leverkusen-Eintracht Frankfurt,Bayer Leverkusen,Lukas Hradecky,True,Goalkeeper,1,start,end,1.0,0.0,0.0,0.0,0.0,0.0,0.0,1.0,2.0,8.0,0.0,0.0,0.0,0.0,
GER-Bundesliga,2223,2023-04-08 Bayer Leverkusen-Eintracht Frankfurt,Eintracht Frankfurt,Kevin Trapp,False,Goalkeeper,1,start,end,1.0,0.0,0.0,0.0,0.0,0.0,0.0,3.0,6.0,11.0,0.0,0.0,0.0,0.0,
GER-Bundesliga,2223,2023-04-08 Borussia Dortmund-1. FC Union Berlin,1. FC Union Berlin,Frederik Ronnow,False,Goalkeeper,1,start,end,1.0,0.0,0.0,0.0,0.0,0.0,0.0,2.0,4.0,13.0,0.0,0.0,0.0,0.0,
GER-Bundesliga,2223,2023-04-08 Borussia Dortmund-1. FC Union Berlin,Borussia Dortmund,Gregor Kobel,True,Goalkeeper,1,start,end,1.0,0.0,1.0,0.0,0.0,0.0,0.0,1.0,1.0,6.0,0.0,0.0,0.0,0.0,
GER-Bundesliga,2223,2023-04-08 FC Augsburg-FC Cologne,FC Augsburg,Rafal Gikiewicz,True,Goalkeeper,1,start,end,1.0,0.0,0.0,0.0,0.0,0.0,0.0,3.0,3.0,8.0,0.0,0.0,0.0,0.0,
GER-Bundesliga,2223,2023-04-08 FC Augsburg-FC Cologne,FC Cologne,Marvin Schwäbe,False,Goalkeeper,1,start,end,1.0,0.0,0.0,0.0,0.0,0.0,0.0,1.0,0.0,9.0,0.0,0.0,0.0,0.0,
GER-Bundesliga,2223,2023-04-08 Hertha Berlin-RB Leipzig,Hertha Berlin,Oliver Christensen,True,Goalkeeper,1,start,end,1.0,0.0,0.0,0.0,0.0,0.0,0.0,1.0,5.0,17.0,0.0,0.0,0.0,0.0,
GER-Bundesliga,2223,2023-04-08 Hertha Berlin-RB Leipzig,RB Leipzig,Janis Blaswich,False,Goalkeeper,1,start,end,1.0,0.0,0.0,0.0,0.0,0.0,0.0,0.0,1.0,11.0,0.0,0.0,0.0,0.0,
GER-Bundesliga,2223,2023-04-08 Mainz-Werder Bremen,Mainz,Robin Zentner,True,Goalkeeper,1,start,end,1.0,0.0,0.0,0.0,0.0,0.0,0.0,2.0,2.0,6.0,0.0,0.0,0.0,0.0,
GER-Bundesliga,2223,2023-04-08 Mainz-Werder Bremen,Werder Bremen,Jirí Pavlenka,False,Goalkeeper,1,start,end,1.0,0.0,0.0,0.0,0.0,0.0,0.0,2.0,8.0,13.0,0.0,0.0,0.0,0.0,
GER-Bundesliga,2223,2023-04-08 SC Freiburg-Bayern Munich,Bayern Munich,Yann Sommer,False,Goalkeeper,1,start,end,1.0,0.0,0.0,0.0,0.0,0.0,0.0,0.0,2.0,10.0,0.0,0.0,0.0,0.0,
GER-Bundesliga,2223,2023-04-08 SC Freiburg-Bayern Munich,SC Freiburg,Mark Flekken,True,Goalkeeper,1,start,end,1.0,0.0,0.0,0.0,0.0,0.0,0.0,1.0,7.0,20.0,0.0,0.0,0.0,0.0,
GER-Bundesliga,2223,2023-04-09 Borussia Mönchengladbach-VfL Wolfsburg,Borussia Mönchengladbach,Jonas Omlin,True,Goalkeeper,1,start,end,1.0,0.0,1.0,0.0,0.0,0.0,0.0,0.0,2.0,9.0,0.0,0.0,0.0,0.0,
GER-Bundesliga,2223,2023-04-09 Borussia Mönchengladbach-VfL Wolfsburg,VfL Wolfsburg,Koen Casteels,False,Goalkeeper,1,start,end,1.0,0.0,0.0,0.0,0.0,0.0,0.0,2.0,4.0,10.0,0.0,0.0,0.0,0.0,
GER-Bundesliga,2223,2023-04-09 TSG Hoffenheim-Schalke 04,Schalke 04,Ralf Fährmann,False,Goalkeeper,1,start,end,1.0,0.0,0.0,0.0,0.0,0.0,0.0,1.0,3.0,13.0,0.0,0.0,0.0,0.0,
GER-Bundesliga,2223,2023-04-09 TSG Hoffenheim-Schalke 04,TSG Hoffenheim,Oliver Baumann,True,Goalkeeper,1,start,end,1.0,0.0,0.0,0.0,0.0,0.0,0.0,0.0,3.0,11.0,0.0,0.0,0.0,0.0,
GER-Bundesliga,2223,2023-04-09 VfL Bochum-VfB Stuttgart,VfB Stuttgart,Fabian Bredlow,False,Goalkeeper,1,start,end,1.0,0.0,0.0,0.0,0.0,0.0,1.0,2.0,3.0,10.0,0.0,0.0,0.0,0.0,
GER-Bundesliga,2223,2023-04-09 VfL Bochum-VfB Stuttgart,VfL Bochum,Manuel Riemann,True,Goalkeeper,1,start,end,1.0,0.0,1.0,0.0,0.0,0.0,1.0,3.0,4.0,11.0,0.0,0.0,0.0,1.0,
GER-Bundesliga,2223,2023-04-14 Schalke 04-Hertha Berlin,Hertha Berlin,Oliver Christensen,False,Goalkeeper,1,start,end,1.0,0.0,0.0,0.0,0.0,0.0,0.0,5.0,1.0,8.0,0.0,0.0,0.0,0.0,
GER-Bundesliga,2223,2023-04-14 Schalke 04-Hertha Berlin,Schalke 04,Ralf Fährmann,True,Goalkeeper,1,start,36,1.0,0.0,0.0,0.0,0.0,0.0,0.0,0.0,1.0,4.0,0.0,0.0,0.0,0.0,
GER-Bundesliga,2223,2023-04-15 Bayern Munich-TSG Hoffenheim,Bayern Munich,Yann Sommer,True,Goalkeeper,1,start,end,1.0,0.0,1.0,0.0,0.0,0.0,0.0,1.0,0.0,3.0,0.0,0.0,0.0,0.0,
GER-Bundesliga,2223,2023-04-15 Bayern Munich-TSG Hoffenheim,TSG Hoffenheim,Oliver Baumann,False,Goalkeeper,1,start,end,1.0,0.0,0.0,0.0,0.0,0.0,0.0,1.0,7.0,19.0,0.0,0.0,0.0,0.0,
GER-Bundesliga,2223,2023-04-15 Eintracht Frankfurt-Borussia Mönchengladbach,Borussia Mönchengladbach,Jonas Omlin,False,Goalkeeper,1,start,end,1.0,0.0,0.0,0.0,0.0,0.0,0.0,1.0,4.0,15.0,0.0,0.0,0.0,0.0,
GER-Bundesliga,2223,2023-04-15 Eintracht Frankfurt-Borussia Mönchengladbach,Eintracht Frankfurt,Kevin Trapp,True,Goalkeeper,1,start,end,1.0,0.0,0.0,0.0,0.0,0.0,0.0,1.0,1.0,3.0,0.0,0.0,0.0,0.0,
GER-Bundesliga,2223,2023-04-15 FC Cologne-Mainz,FC Cologne,Marvin Schwäbe,True,Goalkeeper,1,start,end,1.0,0.0,0.0,0.0,0.0,0.0,0.0,1.0,0.0,4.0,0.0,0.0,0.0,0.0,
GER-Bundesliga,2223,2023-04-15 FC Cologne-Mainz,Mainz,Robin Zentner,False,Goalkeeper,1,start,end,1.0,0.0,0.0,0.0,0.0,0.0,0.0,1.0,3.0,10.0,0.0,0.0,0.0,0.0,
GER-Bundesliga,2223,2023-04-15 RB Leipzig-FC Augsburg,FC Augsburg,Tomas Koubek,False,Goalkeeper,1,start,end,1.0,0.0,0.0,0.0,0.0,0.0,0.0,3.0,3.0,10.0,0.0,0.0,0.0,0.0,
GER-Bundesliga,2223,2023-04-15 RB Leipzig-FC Augsburg,RB Leipzig,Janis Blaswich,True,Goalkeeper,1,start,end,1.0,0.0,0.0,0.0,0.0,0.0,0.0,2.0,0.0,9.0,0.0,0.0,0.0,0.0,
GER-Bundesliga,2223,2023-04-15 VfB Stuttgart-Borussia Dortmund,Borussia Dortmund,Gregor Kobel,False,Goalkeeper,1,start,end,1.0,0.0,0.0,0.0,0.0,0.0,0.0,3.0,2.0,9.0,0.0,0.0,0.0,0.0,
GER-Bundesliga,2223,2023-04-15 VfB Stuttgart-Borussia Dortmund,VfB Stuttgart,Fabian Bredlow,True,Goalkeeper,1,start,end,1.0,0.0,0.0,0.0,0.0,0.0,0.0,3.0,3.0,11.0,0.0,0.0,0.0,0.0,
GER-Bundesliga,2223,2023-04-16 1. FC Union Berlin-VfL Bochum,1. FC Union Berlin,Frederik Ronnow,True,Goalkeeper,1,start,end,1.0,0.0,0.0,0.0,0.0,0.0,0.0,1.0,5.0,12.0,0.0,0.0,0.0,0.0,
GER-Bundesliga,2223,2023-04-16 1. FC Union Berlin-VfL Bochum,VfL Bochum,Manuel Riemann,False,Goalkeeper,1,start,end,1.0,0.0,0.0,0.0,0.0,0.0,0.0,1.0,1.0,11.0,0.0,0.0,0.0,0.0,
GER-Bundesliga,2223,2023-04-16 VfL Wolfsburg-Bayer Leverkusen,Bayer Leverkusen,Lukas Hradecky,False,Goalkeeper,1,start,end,1.0,0.0,0.0,0.0,0.0,0.0,0.0,0.0,3.0,10.0,0.0,0.0,0.0,0.0,
GER-Bundesliga,2223,2023-04-16 VfL Wolfsburg-Bayer Leverkusen,VfL Wolfsburg,Koen Casteels,True,Goalkeeper,1,start,end,1.0,0.0,0.0,0.0,0.0,0.0,0.0,0.0,4.0,14.0,0.0,0.0,0.0,0.0,
GER-Bundesliga,2223,2023-04-16 Werder Bremen-SC Freiburg,SC Freiburg,Mark Flekken,False,Goalkeeper,1,start,end,1.0,0.0,0.0,0.0,0.0,0.0,0.0,1.0,4.0,9.0,0.0,0.0,0.0,0.0,
GER-Bundesliga,2223,2023-04-16 Werder Bremen-SC Freiburg,Werder Bremen,Jirí Pavlenka,True,Goalkeeper,1,start,end,1.0,0.0,0.0,0.0,0.0,0.0,0.0,2.0,1.0,6.0,0.0,0.0,0.0,0.0,
GER-Bundesliga,2223,2023-04-21 FC Augsburg-VfB Stuttgart,FC Augsburg,Tomas Koubek,True,Goalkeeper,1,start,end,1.0,0.0,0.0,0.0,0.0,0.0,0.0,1.0,2.0,6.0,0.0,0.0,0.0,0.0,
GER-Bundesliga,2223,2023-04-21 FC Augsburg-VfB Stuttgart,VfB Stuttgart,Fabian Bredlow,False,Goalkeeper,1,start,end,1.0,0.0,0.0,0.0,0.0,0.0,0.0,1.0,0.0,3.0,0.0,0.0,0.0,0.0,
GER-Bundesliga,2223,2023-04-22 Borussia Dortmund-Eintracht Frankfurt,Borussia Dortmund,Gregor Kobel,True,Goalkeeper,1,start,end,1.0,0.0,1.0,0.0,0.0,0.0,0.0,0.0,2.0,9.0,0.0,0.0,0.0,0.0,
GER-Bundesliga,2223,2023-04-22 Borussia Dortmund-Eintracht Frankfurt,Eintracht Frankfurt,Kevin Trapp,False,Goalkeeper,1,start,end,1.0,0.0,1.0,0.0,0.0,0.0,0.0,4.0,3.0,10.0,0.0,0.0,0.0,0.0,
GER-Bundesliga,2223,2023-04-22 Hertha Berlin-Werder Bremen,Hertha Berlin,Oliver Christensen,True,Goalkeeper,1,start,end,1.0,0.0,0.0,0.0,0.0,0.0,0.0,4.0,1.0,10.0,0.0,0.0,0.0,0.0,
GER-Bundesliga,2223,2023-04-22 Hertha Berlin-Werder Bremen,Werder Bremen,Jirí Pavlenka,False,Goalkeeper,1,start,end,1.0,0.0,0.0,0.0,0.0,0.0,0.0,2.0,3.0,13.0,0.0,0.0,0.0,0.0,
GER-Bundesliga,2223,2023-04-22 Mainz-Bayern Munich,Bayern Munich,Yann Sommer,False,Goalkeeper,1,start,end,1.0,0.0,0.0,0.0,0.0,0.0,0.0,3.0,1.0,8.0,0.0,0.0,0.0,0.0,
GER-Bundesliga,2223,2023-04-22 Mainz-Bayern Munich,Mainz,Robin Zentner,True,Goalkeeper,1,start,end,1.0,0.0,0.0,0.0,0.0,0.0,0.0,1.0,1.0,9.0,0.0,0.0,0.0,0.0,
GER-Bundesliga,2223,2023-04-22 TSG Hoffenheim-FC Cologne,FC Cologne,Marvin Schwäbe,False,Goalkeeper,1,start,end,1.0,0.0,0.0,0.0,0.0,0.0,1.0,1.0,3.0,11.0,0.0,0.0,0.0,0.0,
GER-Bundesliga,2223,2023-04-22 TSG Hoffenheim-FC Cologne,TSG Hoffenheim,Oliver Baumann,True,Goalkeeper,1,start,end,1.0,0.0,0.0,0.0,0.0,0.0,0.0,3.0,3.0,10.0,0.0,0.0,0.0,0.0,
GER-Bundesliga,2223,2023-04-22 VfL Bochum-VfL Wolfsburg,VfL Bochum,Manuel Riemann,True,Goalkeeper,1,start,end,1.0,0.0,0.0,0.0,0.0,0.0,0.0,5.0,2.0,9.0,0.0,0.0,0.0,0.0,
GER-Bundesliga,2223,2023-04-22 VfL Bochum-VfL Wolfsburg,VfL Wolfsburg,Koen Casteels,False,Goalkeeper,1,start,end,1.0,0.0,0.0,0.0,0.0,0.0,0.0,1.0,5.0,23.0,0.0,0.0,0.0,0.0,
GER-Bundesliga,2223,2023-04-23 Bayer Leverkusen-RB Leipzig,Bayer Leverkusen,Lukas Hradecky,True,Goalkeeper,1,start,end,1.0,0.0,0.0,0.0,0.0,0.0,0.0,0.0,5.0,26.0,0.0,0.0,0.0,0.0,
GER-Bundesliga,2223,2023-04-23 Bayer Leverkusen-RB Leipzig,RB Leipzig,Janis Blaswich,False,Goalkeeper,1,start,end,1.0,0.0,0.0,0.0,0.0,0.0,0.0,2.0,2.0,6.0,0.0,0.0,0.0,0.0,
GER-Bundesliga,2223,2023-04-23 Borussia Mönchengladbach-1. FC Union Berlin,1. FC Union Berlin,Frederik Ronnow,False,Goalkeeper,1,start,end,1.0,0.0,0.0,0.0,0.0,0.0,0.0,0.0,4.0,8.0,0.0,0.0,0.0,0.0,
GER-Bundesliga,2223,2023-04-23 Borussia Mönchengladbach-1. FC Union Berlin,Borussia Mönchengladbach,Jonas Omlin,True,Goalkeeper,1,start,end,1.0,0.0,0.0,0.0,0.0,0.0,0.0,1.0,1.0,12.0,0.0,0.0,0.0,0.0,
GER-Bundesliga,2223,2023-04-23 SC Freiburg-Schalke 04,SC Freiburg,Mark Flekken,True,Goalkeeper,1,start,end,1.0,0.0,0.0,0.0,0.0,0.0,0.0,0.0,3.0,10.0,0.0,0.0,0.0,0.0,
GER-Bundesliga,2223,2023-04-23 SC Freiburg-Schalke 04,Schalke 04,Alexander Schwolow,False,Goalkeeper,1,start,end,1.0,0.0,0.0,0.0,0.0,0.0,0.0,4.0,8.0,21.0,0.0,0.0,0.0,0.0,
GER-Bundesliga,2223,2023-04-28 VfL Bochum-Borussia Dortmund,Borussia Dortmund,Gregor Kobel,False,Goalkeeper,1,start,end,1.0,0.0,0.0,0.0,0.0,0.0,0.0,1.0,3.0,12.0,0.0,0.0,0.0,0.0,
GER-Bundesliga,2223,2023-04-28 VfL Bochum-Borussia Dortmund,VfL Bochum,Manuel Riemann,True,Goalkeeper,1,start,end,1.0,0.0,1.0,0.0,0.0,0.0,0.0,1.0,6.0,22.0,0.0,0.0,0.0,0.0,
GER-Bundesliga,2223,2023-04-29 1. FC Union Berlin-Bayer Leverkusen,1. FC Union Berlin,Frederik Ronnow,True,Goalkeeper,1,start,end,1.0,0.0,0.0,0.0,0.0,0.0,0.0,0.0,1.0,9.0,0.0,0.0,0.0,0.0,
GER-Bundesliga,2223,2023-04-29 1. FC Union Berlin-Bayer Leverkusen,Bayer Leverkusen,Lukas Hradecky,False,Goalkeeper,1,start,end,1.0,0.0,0.0,0.0,0.0,0.0,0.0,0.0,1.0,9.0,0.0,0.0,0.0,0.0,
GER-Bundesliga,2223,2023-04-29 Eintracht Frankfurt-FC Augsburg,Eintracht Frankfurt,Kevin Trapp,True,Goalkeeper,1,start,end,1.0,0.0,0.0,0.0,0.0,0.0,0.0,1.0,2.0,9.0,0.0,0.0,0.0,0.0,
GER-Bundesliga,2223,2023-04-29 Eintracht Frankfurt-FC Augsburg,FC Augsburg,Tomas Koubek,False,Goalkeeper,1,start,end,1.0,0.0,0.0,0.0,0.0,0.0,0.0,0.0,1.0,7.0,0.0,0.0,0.0,0.0,
GER-Bundesliga,2223,2023-04-29 FC Cologne-SC Freiburg,FC Cologne,Marvin Schwäbe,True,Goalkeeper,1,start,end,1.0,0.0,0.0,0.0,0.0,0.0,0.0,1.0,5.0,11.0,0.0,0.0,0.0,0.0,
GER-Bundesliga,2223,2023-04-29 FC Cologne-SC Freiburg,SC Freiburg,Mark Flekken,False,Goalkeeper,1,start,end,1.0,0.0,0.0,0.0,0.0,0.0,0.0,0.0,5.0,19.0,0.0,0.0,0.0,0.0,
GER-Bundesliga,2223,2023-04-29 RB Leipzig-TSG Hoffenheim,RB Leipzig,Janis Blaswich,True,Goalkeeper,1,start,end,1.0,0.0,0.0,0.0,0.0,0.0,0.0,0.0,1.0,5.0,0.0,0.0,0.0,0.0,
GER-Bundesliga,2223,2023-04-29 RB Leipzig-TSG Hoffenheim,TSG Hoffenheim,Oliver Baumann,False,Goalkeeper,1,start,end,1.0,0.0,0.0,0.0,0.0,0.0,0.0,1.0,1.0,13.0,0.0,0.0,0.0,0.0,
GER-Bundesliga,2223,2023-04-29 Schalke 04-Werder Bremen,Schalke 04,Alexander Schwolow,True,Goalkeeper,1,start,end,1.0,0.0,0.0,0.0,0.0,0.0,0.0,1.0,0.0,9.0,0.0,0.0,0.0,0.0,
GER-Bundesliga,2223,2023-04-29 Schalke 04-Werder Bremen,Werder Bremen,Jirí Pavlenka,False,Goalkeeper,1,start,end,1.0,0.0,1.0,0.0,0.0,0.0,0.0,2.0,8.0,17.0,0.0,0.0,0.0,0.0,
GER-Bundesliga,2223,2023-04-29 VfB Stuttgart-Borussia Mönchengladbach,Borussia Mönchengladbach,Jonas Omlin,False,Goalkeeper,1,start,end,1.0,0.0,0.0,0.0,0.0,0.0,0.0,2.0,3.0,15.0,0.0,0.0,0.0,0.0,
GER-Bundesliga,2223,2023-04-29 VfB Stuttgart-Borussia Mönchengladbach,VfB Stuttgart,Fabian Bredlow,True,Goalkeeper,1,start,end,1.0,0.0,0.0,0.0,0.0,0.0,0.0,1.0,3.0,7.0,0.0,0.0,0.0,0.0,
GER-Bundesliga,2223,2023-04-30 Bayern Munich-Hertha Berlin,Bayern Munich,Yann Sommer,True,Goalkeeper,1,start,end,1.0,0.0,0.0,0.0,0.0,0.0,0.0,0.0,1.0,1.0,0.0,0.0,0.0,0.0,
GER-Bundesliga,2223,2023-04-30 Bayern Munich-Hertha Berlin,Hertha Berlin,Oliver Christensen,False,Goalkeeper,1,start,end,1.0,0.0,1.0,0.0,0.0,0.0,0.0,2.0,7.0,23.0,0.0,0.0,0.0,0.0,
GER-Bundesliga,2223,2023-04-30 VfL Wolfsburg-Mainz,Mainz,Robin Zentner,False,Goalkeeper,1,start,end,1.0,0.0,0.0,0.0,0.0,0.0,0.0,3.0,2.0,6.0,0.0,0.0,0.0,0.0,
GER-Bundesliga,2223,2023-04-30 VfL Wolfsburg-Mainz,VfL Wolfsburg,Koen Casteels,True,Goalkeeper,1,start,end,1.0,0.0,1.0,0.0,0.0,0.0,0.0,0.0,2.0,10.0,0.0,0.0,0.0,0.0,
GER-Bundesliga,2223,2023-05-05 Bayer Leverkusen-FC Cologne,Bayer Leverkusen,Lukas Hradecky,True,Goalkeeper,1,start,end,1.0,0.0,0.0,0.0,0.0,0.0,0.0,2.0,3.0,4.0,0.0,0.0,0.0,0.0,
GER-Bundesliga,2223,2023-05-05 Bayer Leverkusen-FC Cologne,FC Cologne,Marvin Schwäbe,False,Goalkeeper,1,start,end,1.0,0.0,1.0,0.0,0.0,0.0,0.0,1.0,2.0,12.0,0.0,0.0,0.0,0.0,
GER-Bundesliga,2223,2023-05-05 Mainz-Schalke 04,Mainz,Robin Zentner,True,Goalkeeper,1,start,end,1.0,0.0,0.0,0.0,0.0,0.0,0.0,3.0,7.0,13.0,0.0,0.0,0.0,0.0,
GER-Bundesliga,2223,2023-05-05 Mainz-Schalke 04,Schalke 04,Alexander Schwolow,False,Goalkeeper,1,start,end,1.0,0.0,0.0,0.0,0.0,0.0,0.0,2.0,2.0,8.0,0.0,0.0,0.0,0.0,
GER-Bundesliga,2223,2023-05-06 Borussia Mönchengladbach-VfL Bochum,Borussia Mönchengladbach,Jonas Omlin,True,Goalkeeper,1,start,end,1.0,0.0,0.0,0.0,0.0,0.0,0.0,0.0,2.0,14.0,0.0,0.0,0.0,0.0,
GER-Bundesliga,2223,2023-05-06 Borussia Mönchengladbach-VfL Bochum,VfL Bochum,Manuel Riemann,False,Goalkeeper,1,start,end,1.0,0.0,0.0,0.0,0.0,0.0,0.0,2.0,7.0,23.0,0.0,0.0,0.0,0.0,
GER-Bundesliga,2223,2023-05-06 FC Augsburg-1. FC Union Berlin,1. FC Union Berlin,Frederik Ronnow,False,Goalkeeper,1,start,end,1.0,0.0,0.0,0.0,0.0,0.0,0.0,1.0,2.0,11.0,0.0,0.0,0.0,0.0,
GER-Bundesliga,2223,2023-05-06 FC Augsburg-1. FC Union Berlin,FC Augsburg,Tomas Koubek,True,Goalkeeper,1,start,end,1.0,0.0,0.0,0.0,0.0,0.0,0.0,0.0,5.0,10.0,0.0,0.0,0.0,0.0,
GER-Bundesliga,2223,2023-05-06 Hertha Berlin-VfB Stuttgart,Hertha Berlin,Oliver Christensen,True,Goalkeeper,1,start,end,1.0,0.0,0.0,0.0,0.0,0.0,1.0,1.0,3.0,12.0,0.0,0.0,0.0,0.0,
GER-Bundesliga,2223,2023-05-06 Hertha Berlin-VfB Stuttgart,VfB Stuttgart,Fabian Bredlow,False,Goalkeeper,1,start,end,1.0,0.0,0.0,0.0,0.0,0.0,0.0,2.0,1.0,4.0,0.0,0.0,0.0,0.0,
GER-Bundesliga,2223,2023-05-06 SC Freiburg-RB Leipzig,RB Leipzig,Janis Blaswich,False,Goalkeeper,1,start,end,1.0,0.0,0.0,0.0,0.0,0.0,0.0,0.0,1.0,3.0,0.0,0.0,0.0,0.0,
GER-Bundesliga,2223,2023-05-06 SC Freiburg-RB Leipzig,SC Freiburg,Mark Flekken,True,Goalkeeper,1,start,end,1.0,0.0,0.0,0.0,0.0,0.0,0.0,1.0,4.0,12.0,0.0,0.0,0.0,0.0,
GER-Bundesliga,2223,2023-05-06 TSG Hoffenheim-Eintracht Frankfurt,Eintracht Frankfurt,Kevin Trapp,False,Goalkeeper,1,start,end,1.0,0.0,1.0,0.0,0.0,0.0,1.0,3.0,1.0,5.0,0.0,0.0,0.0,0.0,
GER-Bundesliga,2223,2023-05-06 TSG Hoffenheim-Eintracht Frankfurt,TSG Hoffenheim,Oliver Baumann,True,Goalkeeper,1,start,end,1.0,0.0,0.0,0.0,0.0,0.0,1.0,1.0,5.0,17.0,0.0,0.0,0.0,0.0,
GER-Bundesliga,2223,2023-05-06 Werder Bremen-Bayern Munich,Bayern Munich,Yann Sommer,False,Goalkeeper,1,start,end,1.0,0.0,0.0,0.0,0.0,0.0,0.0,1.0,1.0,11.0,0.0,0.0,0.0,0.0,
GER-Bundesliga,2223,2023-05-06 Werder Bremen-Bayern Munich,Werder Bremen,Jirí Pavlenka,True,Goalkeeper,1,start,end,1.0,0.0,0.0,0.0,0.0,0.0,0.0,2.0,2.0,11.0,0.0,0.0,0.0,0.0,
GER-Bundesliga,2223,2023-05-07 Borussia Dortmund-VfL Wolfsburg,Borussia Dortmund,Gregor Kobel,True,Goalkeeper,1,start,end,1.0,0.0,0.0,0.0,0.0,0.0,0.0,0.0,3.0,9.0,0.0,0.0,0.0,0.0,
GER-Bundesliga,2223,2023-05-07 Borussia Dortmund-VfL Wolfsburg,VfL Wolfsburg,Koen Casteels,False,Goalkeeper,1,start,end,1.0,0.0,0.0,0.0,0.0,0.0,0.0,6.0,4.0,13.0,0.0,0.0,0.0,0.0,
GER-Bundesliga,2223,2023-05-12 FC Cologne-Hertha Berlin,FC Cologne,Marvin Schwäbe,True,Goalkeeper,1,start,end,1.0,0.0,0.0,0.0,0.0,0.0,0.0,2.0,1.0,7.0,0.0,0.0,0.0,0.0,
GER-Bundesliga,2223,2023-05-12 FC Cologne-Hertha Berlin,Hertha Berlin,Oliver Christensen,False,Goalkeeper,1,start,end,1.0,0.0,0.0,0.0,0.0,0.0,0.0,5.0,11.0,23.0,0.0,0.0,0.0,0.0,
GER-Bundesliga,2223,2023-05-13 1. FC Union Berlin-SC Freiburg,1. FC Union Berlin,Frederik Ronnow,True,Goalkeeper,1,start,end,1.0,0.0,0.0,0.0,0.0,0.0,0.0,2.0,4.0,9.0,0.0,0.0,0.0,0.0,
GER-Bundesliga,2223,2023-05-13 1. FC Union Berlin-SC Freiburg,SC Freiburg,Mark Flekken,False,Goalkeeper,1,start,end,1.0,0.0,1.0,0.0,0.0,0.0,0.0,4.0,0.0,6.0,0.0,0.0,0.0,0.0,
GER-Bundesliga,2223,2023-05-13 Bayern Munich-Schalke 04,Bayern Munich,Yann Sommer,True,Goalkeeper,1,start,end,1.0,0.0,0.0,0.0,0.0,0.0,0.0,0.0,0.0,7.0,0.0,0.0,0.0,0.0,
GER-Bundesliga,2223,2023-05-13 Bayern Munich-Schalke 04,Schalke 04,Alexander Schwolow,False,Goalkeeper,1,start,end,1.0,0.0,0.0,0.0,0.0,0.0,0.0,6.0,7.0,19.0,0.0,0.0,0.0,0.0,
GER-Bundesliga,2223,2023-05-13 Borussia Dortmund-Borussia Mönchengladbach,Borussia Dortmund,Gregor Kobel,True,Goalkeeper,1,start,end,1.0,0.0,0.0,0.0,0.0,0.0,0.0,2.0,5.0,11.0,0.0,0.0,0.0,0.0,
GER-Bundesliga,2223,2023-05-13 Borussia Dortmund-Borussia Mönchengladbach,Borussia Mönchengladbach,Jan Olschowsky,False,Goalkeeper,1,start,end,1.0,0.0,0.0,0.0,0.0,0.0,0.0,5.0,7.0,29.0,0.0,0.0,0.0,0.0,
GER-Bundesliga,2223,2023-05-13 Eintracht Frankfurt-Mainz,Eintracht Frankfurt,Kevin Trapp,True,Goalkeeper,1,start,end,1.0,0.0,0.0,0.0,0.0,0.0,0.0,0.0,3.0,9.0,0.0,0.0,0.0,0.0,
GER-Bundesliga,2223,2023-05-13 Eintracht Frankfurt-Mainz,Mainz,Robin Zentner,False,Goalkeeper,1,start,end,1.0,0.0,0.0,0.0,0.0,0.0,0.0,3.0,3.0,16.0,0.0,0.0,0.0,0.0,
GER-Bundesliga,2223,2023-05-13 VfL Bochum-FC Augsburg,FC Augsburg,Tomas Koubek,False,Goalkeeper,1,start,end,1.0,0.0,0.0,0.0,0.0,0.0,0.0,2.0,7.0,10.0,0.0,0.0,0.0,0.0,
GER-Bundesliga,2223,2023-05-13 VfL Bochum-FC Augsburg,VfL Bochum,Manuel Riemann,True,Goalkeeper,1,start,end,1.0,0.0,0.0,0.0,0.0,0.0,1.0,2.0,0.0,13.0,0.0,0.0,0.0,0.0,
GER-Bundesliga,2223,2023-05-13 VfL Wolfsburg-TSG Hoffenheim,TSG Hoffenheim,Oliver Baumann,False,Goalkeeper,1,start,end,1.0,0.0,0.0,0.0,0.0,0.0,0.0,2.0,1.0,7.0,0.0,0.0,0.0,0.0,
GER-Bundesliga,2223,2023-05-13 VfL Wolfsburg-TSG Hoffenheim,VfL Wolfsburg,Koen Casteels,True,Goalkeeper,1,start,end,1.0,0.0,1.0,0.0,0.0,0.0,0.0,0.0,3.0,10.0,0.0,0.0,0.0,0.0,
GER-Bundesliga,2223,2023-05-14 RB Leipzig-Werder Bremen,RB Leipzig,Janis Blaswich,True,Goalkeeper,1,start,end,1.0,0.0,0.0,0.0,0.0,0.0,0.0,1.0,1.0,5.0,0.0,0.0,0.0,0.0,
GER-Bundesliga,2223,2023-05-14 RB Leipzig-Werder Bremen,Werder Bremen,Jirí Pavlenka,False,Goalkeeper,1,start,end,1.0,0.0,0.0,0.0,0.0,0.0,0.0,2.0,5.0,18.0,0.0,0.0,0.0,0.0,
GER-Bundesliga,2223,2023-05-14 VfB Stuttgart-Bayer Leverkusen,Bayer Leverkusen,Lukas Hradecky,False,Goalkeeper,1,start,end,1.0,0.0,0.0,0.0,0.0,0.0,0.0,1.0,0.0,8.0,0.0,0.0,0.0,0.0,
GER-Bundesliga,2223,2023-05-14 VfB Stuttgart-Bayer Leverkusen,VfB Stuttgart,Fabian Bredlow,True,Goalkeeper,1,start,end,1.0,1.0,0.0,0.0,0.0,0.0,1.0,1.0,2.0,10.0,0.0,0.0,0.0,0.0,
GER-Bundesliga,2223,2023-05-19 SC Freiburg-VfL Wolfsburg,SC Freiburg,Mark Flekken,True,Goalkeeper,1,start,end,1.0,0.0,0.0,0.0,0.0,0.0,0.0,0.0,2.0,9.0,0.0,0.0,0.0,0.0,
GER-Bundesliga,2223,2023-05-19 SC Freiburg-VfL Wolfsburg,VfL Wolfsburg,Koen Casteels,False,Goalkeeper,1,start,end,1.0,0.0,0.0,0.0,0.0,0.0,0.0,2.0,5.0,12.0,0.0,0.0,0.0,0.0,
GER-Bundesliga,2223,2023-05-20 Bayern Munich-RB Leipzig,Bayern Munich,Yann Sommer,True,Goalkeeper,1,start,end,1.0,0.0,0.0,0.0,0.0,0.0,0.0,3.0,4.0,11.0,0.0,0.0,0.0,0.0,
GER-Bundesliga,2223,2023-05-20 Bayern Munich-RB Leipzig,RB Leipzig,Janis Blaswich,False,Goalkeeper,1,start,end,1.0,0.0,0.0,0.0,0.0,0.0,0.0,1.0,3.0,14.0,0.0,0.0,0.0,0.0,
GER-Bundesliga,2223,2023-05-20 Hertha Berlin-VfL Bochum,Hertha Berlin,Oliver Christensen,True,Goalkeeper,1,start,end,1.0,0.0,0.0,0.0,0.0,0.0,0.0,1.0,3.0,14.0,0.0,0.0,0.0,0.0,
GER-Bundesliga,2223,2023-05-20 Hertha Berlin-VfL Bochum,VfL Bochum,Manuel Riemann,False,Goalkeeper,1,start,end,1.0,0.0,0.0,0.0,0.0,0.0,0.0,1.0,2.0,13.0,0.0,0.0,0.0,0.0,
GER-Bundesliga,2223,2023-05-20 Schalke 04-Eintracht Frankfurt,Eintracht Frankfurt,Kevin Trapp,False,Goalkeeper,1,start,end,1.0,0.0,1.0,0.0,0.0,0.0,0.0,2.0,2.0,10.0,0.0,0.0,0.0,0.0,
GER-Bundesliga,2223,2023-05-20 Schalke 04-Eintracht Frankfurt,Schalke 04,Alexander Schwolow,True,Goalkeeper,1,start,end,1.0,0.0,0.0,0.0,0.0,0.0,0.0,2.0,0.0,4.0,0.0,0.0,0.0,0.0,
GER-Bundesliga,2223,2023-05-20 TSG Hoffenheim-1. FC Union Berlin,1. FC Union Berlin,Frederik Ronnow,False,Goalkeeper,1,start,end,1.0,0.0,0.0,0.0,0.0,0.0,0.0,4.0,1.0,6.0,0.0,0.0,0.0,0.0,
GER-Bundesliga,2223,2023-05-20 TSG Hoffenheim-1. FC Union Berlin,TSG Hoffenheim,Oliver Baumann,True,Goalkeeper,1,start,end,1.0,0.0,0.0,0.0,0.0,0.0,0.0,2.0,1.0,16.0,0.0,0.0,0.0,0.0,
GER-Bundesliga,2223,2023-05-20 Werder Bremen-FC Cologne,FC Cologne,Marvin Schwäbe,False,Goalkeeper,1,start,end,1.0,0.0,0.0,0.0,0.0,0.0,0.0,1.0,5.0,13.0,0.0,0.0,0.0,0.0,
GER-Bundesliga,2223,2023-05-20 Werder Bremen-FC Cologne,Werder Bremen,Jirí Pavlenka,True,Goalkeeper,1,start,end,1.0,0.0,0.0,0.0,0.0,0.0,0.0,1.0,3.0,12.0,0.0,0.0,0.0,0.0,
GER-Bundesliga,2223,2023-05-21 Bayer Leverkusen-Borussia Mönchengladbach,Bayer Leverkusen,Lukas Hradecky,True,Goalkeeper,1,start,end,1.0,0.0,0.0,0.0,0.0,0.0,0.0,2.0,4.0,9.0,0.0,0.0,0.0,0.0,
GER-Bundesliga,2223,2023-05-21 Bayer Leverkusen-Borussia Mönchengladbach,Borussia Mönchengladbach,Jan Olschowsky,False,Goalkeeper,1,start,end,1.0,0.0,0.0,0.0,0.0,0.0,0.0,2.0,4.0,11.0,0.0,0.0,0.0,0.0,
GER-Bundesliga,2223,2023-05-21 FC Augsburg-Borussia Dortmund,Borussia Dortmund,Gregor Kobel,False,Goalkeeper,1,start,end,1.0,0.0,0.0,0.0,0.0,0.0,0.0,0.0,1.0,3.0,0.0,0.0,0.0,0.0,
GER-Bundesliga,2223,2023-05-21 FC Augsburg-Borussia Dortmund,FC Augsburg,Tomas Koubek,True,Goalkeeper,1,start,end,1.0,0.0,0.0,0.0,0.0,0.0,0.0,3.0,7.0,24.0,0.0,0.0,0.0,0.0,
GER-Bundesliga,2223,2023-05-21 Mainz-VfB Stuttgart,Mainz,Finn Dahmen,True,Goalkeeper,1,start,end,1.0,0.0,0.0,0.0,0.0,0.0,0.0,4.0,2.0,3.0,0.0,0.0,0.0,0.0,
GER-Bundesliga,2223,2023-05-21 Mainz-VfB Stuttgart,VfB Stuttgart,Fabian Bredlow,False,Goalkeeper,1,start,end,1.0,0.0,0.0,0.0,0.0,0.0,0.0,1.0,6.0,9.0,0.0,0.0,0.0,0.0,
GER-Bundesliga,2223,2023-05-27 1. FC Union Berlin-Werder Bremen,1. FC Union Berlin,Frederik Ronnow,True,Goalkeeper,1,start,end,1.0,0.0,0.0,0.0,0.0,0.0,0.0,0.0,3.0,7.0,0.0,0.0,0.0,0.0,
GER-Bundesliga,2223,2023-05-27 1. FC Union Berlin-Werder Bremen,Werder Bremen,Jirí Pavlenka,False,Goalkeeper,1,start,end,1.0,0.0,1.0,0.0,0.0,0.0,1.0,1.0,3.0,14.0,0.0,0.0,0.0,0.0,
GER-Bundesliga,2223,2023-05-27 Borussia Dortmund-Mainz,Borussia Dortmund,Gregor Kobel,True,Goalkeeper,1,start,end,1.0,0.0,0.0,0.0,0.0,0.0,0.0,2.0,2.0,9.0,0.0,0.0,0.0,0.0,
GER-Bundesliga,2223,2023-05-27 Borussia Dortmund-Mainz,Mainz,Finn Dahmen,False,Goalkeeper,1,start,end,1.0,0.0,0.0,0.0,0.0,0.0,0.0,2.0,7.0,27.0,0.0,0.0,0.0,0.0,
GER-Bundesliga,2223,2023-05-27 Borussia Mönchengladbach-FC Augsburg,Borussia Mönchengladbach,Jonas Omlin,True,Goalkeeper,1,start,end,1.0,0.0,0.0,0.0,0.0,0.0,0.0,0.0,3.0,9.0,0.0,0.0,0.0,0.0,
GER-Bundesliga,2223,2023-05-27 Borussia Mönchengladbach-FC Augsburg,FC Augsburg,Tomas Koubek,False,Goalkeeper,1,start,end,1.0,0.0,0.0,0.0,0.0,0.0,0.0,2.0,5.0,17.0,0.0,0.0,0.0,0.0,
GER-Bundesliga,2223,2023-05-27 Eintracht Frankfurt-SC Freiburg,Eintracht Frankfurt,Kevin Trapp,True,Goalkeeper,1,start,end,1.0,0.0,0.0,0.0,0.0,0.0,0.0,1.0,6.0,13.0,0.0,0.0,0.0,0.0,
GER-Bundesliga,2223,2023-05-27 Eintracht Frankfurt-SC Freiburg,SC Freiburg,Mark Flekken,False,Goalkeeper,1,start,end,1.0,0.0,0.0,0.0,0.0,0.0,0.0,2.0,4.0,13.0,0.0,0.0,0.0,0.0,
GER-Bundesliga,2223,2023-05-27 FC Cologne-Bayern Munich,Bayern Munich,Yann Sommer,False,Goalkeeper,1,start,end,1.0,0.0,1.0,0.0,0.0,0.0,0.0,1.0,1.0,8.0,0.0,0.0,0.0,0.0,
GER-Bundesliga,2223,2023-05-27 FC Cologne-Bayern Munich,FC Cologne,Marvin Schwäbe,True,Goalkeeper,1,start,end,1.0,0.0,0.0,0.0,0.0,0.0,0.0,2.0,2.0,10.0,0.0,0.0,0.0,0.0,
GER-Bundesliga,2223,2023-05-27 RB Leipzig-Schalke 04,RB Leipzig,Ørjan Nyland,True,Goalkeeper,1,start,end,1.0,0.0,0.0,0.0,0.0,0.0,0.0,1.0,3.0,15.0,1.0,0.0,0.0,0.0,
GER-Bundesliga,2223,2023-05-27 RB Leipzig-Schalke 04,Schalke 04,Ralf Fährmann,False,Goalkeeper,1,start,end,1.0,0.0,0.0,0.0,0.0,0.0,0.0,4.0,7.0,14.0,0.0,0.0,0.0,0.0,
GER-Bundesliga,2223,2023-05-27 VfB Stuttgart-TSG Hoffenheim,TSG Hoffenheim,Oliver Baumann,False,Goalkeeper,1,start,end,1.0,0.0,0.0,0.0,0.0,0.0,0.0,1.0,3.0,22.0,0.0,0.0,0.0,0.0,
GER-Bundesliga,2223,2023-05-27 VfB Stuttgart-TSG Hoffenheim,VfB Stuttgart,Fabian Bredlow,True,Goalkeeper,1,start,end,1.0,0.0,0.0,0.0,0.0,0.0,0.0,1.0,1.0,7.0,0.0,0.0,0.0,0.0,
GER-Bundesliga,2223,2023-05-27 VfL Bochum-Bayer Leverkusen,Bayer Leverkusen,Lukas Hradecky,False,Goalkeeper,1,start,end,1.0,0.0,0.0,0.0,0.0,0.0,0.0,3.0,2.0,9.0,0.0,0.0,0.0,0.0,
GER-Bundesliga,2223,2023-05-27 VfL Bochum-Bayer Leverkusen,VfL Bochum,Manuel Riemann,True,Goalkeeper,1,start,end,1.0,0.0,0.0,0.0,0.0,0.0,0.0,0.0,2.0,10.0,0.0,0.0,0.0,0.0,
GER-Bundesliga,2223,2023-05-27 VfL Wolfsburg-Hertha Berlin,Hertha Berlin,Tjark Ernst,False,Goalkeeper,1,start,end,1.0,0.0,0.0,0.0,0.0,0.0,0.0,1.0,7.0,18.0,0.0,0.0,0.0,0.0,
GER-Bundesliga,2223,2023-05-27 VfL Wolfsburg-Hertha Berlin,VfL Wolfsburg,Koen Casteels,True,Goalkeeper,1,start,end,1.0,0.0,0.0,0.0,0.0,0.0,0.0,2.0,3.0,5.0,0.0,0.0,0.0,1.0,
