league,season,game,team,player,is_home,position,formation_place,sub_in,sub_out,appearances,fouls_committed,fouls_suffered,own_goals,red_cards,sub_ins,yellow_cards,goals_conceded,saves,shots_faced,goal_assists,shots_on_target,total_goals,total_shots,offsides
ITA-Serie A,2425,2024-08-17 AC Milan-Torino,AC Milan,Mike Maignan,True,Goalkeeper,1,start,end,1.0,0.0,0.0,0.0,0.0,0.0,0.0,2.0,2.0,6.0,0.0,0.0,0.0,0.0,
ITA-Serie A,2425,2024-08-17 AC Milan-Torino,Torino,Vanja Milinkovic-Savic,False,Goalkeeper,1,start,end,1.0,0.0,0.0,0.0,0.0,0.0,0.0,2.0,3.0,23.0,0.0,0.0,0.0,0.0,
ITA-Serie A,2425,2024-08-17 Empoli-Monza,Empoli,Devis Vásquez,True,Goalkeeper,1,start,end,1.0,0.0,0.0,0.0,0.0,0.0,0.0,0.0,1.0,6.0,0.0,0.0,0.0,0.0,
ITA-Serie A,2425,2024-08-17 Empoli-Monza,Monza,Semuel Pizzignacco,False,Goalkeeper,1,start,end,1.0,0.0,1.0,0.0,0.0,0.0,0.0,0.0,2.0,11.0,0.0,0.0,0.0,0.0,
ITA-Serie A,2425,2024-08-17 Genoa-Internazionale,Genoa,Pierluigi Gollini,True,Goalkeeper,1,start,end,1.0,0.0,0.0,0.0,0.0,0.0,1.0,2.0,5.0,13.0,0.0,0.0,0.0,0.0,
ITA-Serie A,2425,2024-08-17 Genoa-Internazionale,Internazionale,Yann Sommer,False,Goalkeeper,1,start,end,1.0,0.0,0.0,0.0,0.0,0.0,0.0,2.0,4.0,9.0,0.0,0.0,0.0,0.0,
ITA-Serie A,2425,2024-08-17 Parma-Fiorentina,Fiorentina,Pietro Terracciano,False,Goalkeeper,1,start,end,1.0,0.0,0.0,0.0,0.0,0.0,0.0,1.0,5.0,13.0,0.0,0.0,0.0,0.0,
ITA-Serie A,2425,2024-08-17 Parma-Fiorentina,Parma,Zion Suzuki,True,Goalkeeper,1,start,end,1.0,0.0,0.0,0.0,0.0,0.0,0.0,1.0,6.0,12.0,0.0,0.0,0.0,0.0,
ITA-Serie A,2425,2024-08-18 Bologna-Udinese,Bologna,Lukasz Skorupski,True,Goalkeeper,1,start,end,1.0,1.0,0.0,0.0,0.0,0.0,0.0,1.0,0.0,2.0,0.0,0.0,0.0,0.0,
ITA-Serie A,2425,2024-08-18 Bologna-Udinese,Udinese,Maduka Okoye,False,Goalkeeper,1,start,end,1.0,0.0,1.0,0.0,0.0,0.0,1.0,1.0,5.0,21.0,0.0,0.0,0.0,0.0,
ITA-Serie A,2425,2024-08-18 Cagliari-AS Roma,AS Roma,Mile Svilar,False,Goalkeeper,1,start,end,1.0,0.0,0.0,0.0,0.0,0.0,0.0,0.0,2.0,13.0,0.0,0.0,0.0,0.0,
ITA-Serie A,2425,2024-08-18 Cagliari-AS Roma,Cagliari,Simone Scuffet,True,Goalkeeper,1,start,end,1.0,0.0,0.0,0.0,0.0,0.0,0.0,0.0,3.0,15.0,0.0,0.0,0.0,0.0,
ITA-Serie A,2425,2024-08-18 Hellas Verona-Napoli,Hellas Verona,Lorenzo Montipò,True,Goalkeeper,1,start,end,1.0,0.0,0.0,0.0,0.0,0.0,0.0,0.0,4.0,12.0,0.0,0.0,0.0,0.0,
ITA-Serie A,2425,2024-08-18 Hellas Verona-Napoli,Napoli,Alex Meret,False,Goalkeeper,1,start,end,1.0,0.0,0.0,0.0,0.0,0.0,0.0,3.0,1.0,5.0,0.0,0.0,0.0,0.0,
ITA-Serie A,2425,2024-08-18 Lazio-Venezia,Lazio,Ivan Provedel,True,Goalkeeper,1,start,end,1.0,0.0,0.0,0.0,0.0,0.0,0.0,1.0,2.0,10.0,0.0,0.0,0.0,0.0,
ITA-Serie A,2425,2024-08-18 Lazio-Venezia,Venezia,Jesse Joronen,False,Goalkeeper,1,start,end,1.0,0.0,0.0,0.0,0.0,0.0,0.0,3.0,4.0,11.0,0.0,0.0,0.0,0.0,
ITA-Serie A,2425,2024-08-19 Juventus-Como,Como,Pepe Reina,False,Goalkeeper,1,start,end,1.0,0.0,0.0,0.0,0.0,0.0,0.0,3.0,3.0,10.0,0.0,0.0,0.0,0.0,
ITA-Serie A,2425,2024-08-19 Juventus-Como,Juventus,Michele Di Gregorio,True,Goalkeeper,1,start,end,1.0,0.0,0.0,0.0,0.0,0.0,0.0,0.0,0.0,3.0,0.0,0.0,0.0,0.0,
ITA-Serie A,2425,2024-08-19 Lecce-Atalanta,Atalanta,Juan Musso,False,Goalkeeper,1,start,end,1.0,0.0,1.0,0.0,0.0,0.0,0.0,0.0,5.0,21.0,0.0,0.0,0.0,0.0,
ITA-Serie A,2425,2024-08-19 Lecce-Atalanta,Lecce,Wladimiro Falcone,True,Goalkeeper,1,start,end,1.0,0.0,0.0,0.0,0.0,0.0,0.0,4.0,2.0,7.0,0.0,0.0,0.0,0.0,
ITA-Serie A,2425,2024-08-24 Internazionale-Lecce,Internazionale,Yann Sommer,True,Goalkeeper,1,start,end,1.0,0.0,0.0,0.0,0.0,0.0,0.0,0.0,4.0,10.0,0.0,0.0,0.0,0.0,
ITA-Serie A,2425,2024-08-24 Internazionale-Lecce,Lecce,Wladimiro Falcone,False,Goalkeeper,1,start,end,1.0,0.0,0.0,0.0,0.0,0.0,0.0,2.0,1.0,9.0,0.0,0.0,0.0,0.0,
ITA-Serie A,2425,2024-08-24 Monza-Genoa,Genoa,Pierluigi Gollini,False,Goalkeeper,1,start,end,1.0,0.0,0.0,0.0,0.0,0.0,0.0,0.0,2.0,9.0,0.0,0.0,0.0,0.0,
ITA-Serie A,2425,2024-08-24 Monza-Genoa,Monza,Semuel Pizzignacco,True,Goalkeeper,1,start,end,1.0,0.0,0.0,0.0,0.0,0.0,0.0,1.0,0.0,9.0,0.0,0.0,0.0,0.0,
ITA-Serie A,2425,2024-08-24 Parma-AC Milan,AC Milan,Mike Maignan,False,Goalkeeper,1,start,end,1.0,0.0,1.0,0.0,0.0,0.0,0.0,2.0,3.0,7.0,0.0,0.0,0.0,0.0,
ITA-Serie A,2425,2024-08-24 Parma-AC Milan,Parma,Zion Suzuki,True,Goalkeeper,1,start,end,1.0,0.0,0.0,0.0,0.0,0.0,0.0,1.0,4.0,16.0,0.0,0.0,0.0,0.0,
ITA-Serie A,2425,2024-08-24 Udinese-Lazio,Lazio,Ivan Provedel,False,Goalkeeper,1,start,end,1.0,0.0,0.0,0.0,0.0,0.0,0.0,2.0,1.0,6.0,0.0,0.0,0.0,0.0,
ITA-Serie A,2425,2024-08-24 Udinese-Lazio,Udinese,Maduka Okoye,True,Goalkeeper,1,start,end,1.0,0.0,0.0,0.0,0.0,0.0,0.0,1.0,3.0,17.0,0.0,0.0,0.0,0.0,
ITA-Serie A,2425,2024-08-25 AS Roma-Empoli,AS Roma,Mile Svilar,True,Goalkeeper,1,start,end,1.0,0.0,0.0,0.0,0.0,0.0,0.0,2.0,2.0,12.0,0.0,0.0,0.0,1.0,
ITA-Serie A,2425,2024-08-25 AS Roma-Empoli,Empoli,Devis Vásquez,False,Goalkeeper,1,start,end,1.0,0.0,0.0,0.0,0.0,0.0,0.0,1.0,6.0,25.0,0.0,0.0,0.0,0.0,
ITA-Serie A,2425,2024-08-25 Fiorentina-Venezia,Fiorentina,Pietro Terracciano,True,Goalkeeper,1,start,end,1.0,0.0,0.0,0.0,0.0,0.0,0.0,0.0,5.0,8.0,0.0,0.0,0.0,0.0,
ITA-Serie A,2425,2024-08-25 Fiorentina-Venezia,Venezia,Jesse Joronen,False,Goalkeeper,1,start,end,1.0,0.0,0.0,0.0,0.0,0.0,0.0,0.0,8.0,13.0,0.0,0.0,0.0,0.0,
ITA-Serie A,2425,2024-08-25 Napoli-Bologna,Bologna,Lukasz Skorupski,False,Goalkeeper,1,start,end,1.0,0.0,0.0,0.0,0.0,0.0,0.0,3.0,2.0,13.0,0.0,0.0,0.0,0.0,
ITA-Serie A,2425,2024-08-25 Napoli-Bologna,Napoli,Alex Meret,True,Goalkeeper,1,start,end,1.0,0.0,0.0,0.0,0.0,0.0,0.0,0.0,2.0,7.0,0.0,0.0,0.0,0.0,
ITA-Serie A,2425,2024-08-25 Torino-Atalanta,Atalanta,Marco Carnesecchi,False,Goalkeeper,1,start,end,1.0,0.0,0.0,0.0,0.0,0.0,0.0,2.0,4.0,10.0,0.0,0.0,0.0,0.0,
ITA-Serie A,2425,2024-08-25 Torino-Atalanta,Torino,Vanja Milinkovic-Savic,True,Goalkeeper,1,start,end,1.0,0.0,0.0,0.0,0.0,0.0,1.0,1.0,7.0,23.0,0.0,0.0,0.0,0.0,
ITA-Serie A,2425,2024-08-26 Cagliari-Como,Cagliari,Simone Scuffet,True,Goalkeeper,1,start,end,1.0,0.0,1.0,0.0,0.0,0.0,0.0,1.0,4.0,14.0,0.0,0.0,0.0,0.0,
ITA-Serie A,2425,2024-08-26 Cagliari-Como,Como,Pepe Reina,False,Goalkeeper,1,start,end,1.0,0.0,0.0,0.0,0.0,0.0,0.0,1.0,5.0,8.0,0.0,0.0,0.0,0.0,
ITA-Serie A,2425,2024-08-26 Hellas Verona-Juventus,Hellas Verona,Lorenzo Montipò,True,Goalkeeper,1,start,end,1.0,0.0,0.0,0.0,0.0,0.0,0.0,3.0,2.0,6.0,0.0,0.0,0.0,0.0,
ITA-Serie A,2425,2024-08-26 Hellas Verona-Juventus,Juventus,Michele Di Gregorio,False,Goalkeeper,1,start,end,1.0,0.0,0.0,0.0,0.0,0.0,0.0,0.0,1.0,7.0,0.0,0.0,0.0,0.0,
ITA-Serie A,2425,2024-08-30 Internazionale-Atalanta,Atalanta,Marco Carnesecchi,False,Goalkeeper,1,start,end,1.0,0.0,0.0,0.0,0.0,0.0,0.0,4.0,1.0,9.0,0.0,0.0,0.0,0.0,
ITA-Serie A,2425,2024-08-30 Internazionale-Atalanta,Internazionale,Yann Sommer,True,Goalkeeper,1,start,end,1.0,0.0,0.0,0.0,0.0,0.0,0.0,0.0,1.0,11.0,0.0,0.0,0.0,0.0,
ITA-Serie A,2425,2024-08-30 Venezia-Torino,Torino,Vanja Milinkovic-Savic,False,Goalkeeper,1,start,end,1.0,0.0,0.0,0.0,0.0,0.0,0.0,0.0,4.0,12.0,0.0,0.0,0.0,0.0,
ITA-Serie A,2425,2024-08-30 Venezia-Torino,Venezia,Jesse Joronen,True,Goalkeeper,1,start,end,1.0,0.0,0.0,0.0,0.0,0.0,0.0,1.0,4.0,9.0,0.0,0.0,0.0,0.0,
ITA-Serie A,2425,2024-08-31 Bologna-Empoli,Bologna,Lukasz Skorupski,True,Goalkeeper,1,start,end,1.0,0.0,0.0,0.0,0.0,0.0,0.0,1.0,1.0,2.0,0.0,0.0,0.0,0.0,
ITA-Serie A,2425,2024-08-31 Bologna-Empoli,Empoli,Devis Vásquez,False,Goalkeeper,1,start,end,1.0,0.0,0.0,0.0,0.0,0.0,1.0,1.0,3.0,13.0,0.0,0.0,0.0,0.0,
ITA-Serie A,2425,2024-08-31 Lazio-AC Milan,AC Milan,Mike Maignan,False,Goalkeeper,1,start,end,1.0,0.0,0.0,0.0,0.0,0.0,0.0,2.0,2.0,5.0,0.0,0.0,0.0,0.0,
ITA-Serie A,2425,2024-08-31 Lazio-AC Milan,Lazio,Ivan Provedel,True,Goalkeeper,1,start,end,1.0,0.0,0.0,0.0,0.0,0.0,0.0,2.0,2.0,8.0,0.0,0.0,0.0,0.0,
ITA-Serie A,2425,2024-08-31 Lecce-Cagliari,Cagliari,Simone Scuffet,False,Goalkeeper,1,start,end,1.0,0.0,0.0,0.0,0.0,0.0,0.0,1.0,2.0,16.0,0.0,0.0,0.0,0.0,
ITA-Serie A,2425,2024-08-31 Lecce-Cagliari,Lecce,Wladimiro Falcone,True,Goalkeeper,1,start,end,1.0,0.0,0.0,0.0,0.0,0.0,1.0,0.0,2.0,20.0,0.0,0.0,0.0,0.0,
ITA-Serie A,2425,2024-08-31 Napoli-Parma,Napoli,Alex Meret,True,Goalkeeper,1,start,end,1.0,1.0,0.0,0.0,0.0,0.0,0.0,1.0,1.0,12.0,0.0,0.0,0.0,0.0,
ITA-Serie A,2425,2024-08-31 Napoli-Parma,Parma,Zion Suzuki,False,Goalkeeper,1,start,end,1.0,1.0,0.0,0.0,1.0,0.0,1.0,2.0,5.0,25.0,0.0,0.0,0.0,0.0,
ITA-Serie A,2425,2024-09-01 Fiorentina-Monza,Fiorentina,Pietro Terracciano,True,Goalkeeper,1,start,end,1.0,0.0,0.0,0.0,0.0,0.0,0.0,2.0,1.0,2.0,0.0,0.0,0.0,0.0,
ITA-Serie A,2425,2024-09-01 Fiorentina-Monza,Monza,Stefano Turati,False,Goalkeeper,1,start,end,1.0,0.0,0.0,0.0,0.0,0.0,0.0,2.0,4.0,15.0,0.0,0.0,0.0,0.0,
ITA-Serie A,2425,2024-09-01 Genoa-Hellas Verona,Genoa,Pierluigi Gollini,True,Goalkeeper,1,start,end,1.0,0.0,0.0,0.0,0.0,0.0,0.0,2.0,1.0,8.0,0.0,0.0,0.0,0.0,
ITA-Serie A,2425,2024-09-01 Genoa-Hellas Verona,Hellas Verona,Lorenzo Montipò,False,Goalkeeper,1,start,end,1.0,0.0,0.0,0.0,0.0,0.0,0.0,0.0,1.0,11.0,0.0,0.0,0.0,0.0,
ITA-Serie A,2425,2024-09-01 Juventus-AS Roma,AS Roma,Mile Svilar,False,Goalkeeper,1,start,end,1.0,0.0,0.0,0.0,0.0,0.0,0.0,0.0,1.0,8.0,0.0,0.0,0.0,0.0,
ITA-Serie A,2425,2024-09-01 Juventus-AS Roma,Juventus,Michele Di Gregorio,True,Goalkeeper,1,start,end,1.0,0.0,0.0,0.0,0.0,0.0,0.0,0.0,1.0,7.0,0.0,0.0,0.0,0.0,
ITA-Serie A,2425,2024-09-01 Udinese-Como,Como,Pepe Reina,False,Goalkeeper,1,start,end,1.0,0.0,0.0,0.0,0.0,0.0,0.0,1.0,1.0,9.0,0.0,0.0,0.0,0.0,
ITA-Serie A,2425,2024-09-01 Udinese-Como,Udinese,Maduka Okoye,True,Goalkeeper,1,start,end,1.0,0.0,0.0,0.0,0.0,0.0,0.0,0.0,4.0,20.0,0.0,0.0,0.0,0.0,
ITA-Serie A,2425,2024-09-14 AC Milan-Venezia,AC Milan,Mike Maignan,True,Goalkeeper,1,start,end,1.0,0.0,0.0,0.0,0.0,0.0,0.0,0.0,1.0,6.0,0.0,0.0,0.0,0.0,
ITA-Serie A,2425,2024-09-14 AC Milan-Venezia,Venezia,Jesse Joronen,False,Goalkeeper,1,start,end,1.0,1.0,0.0,0.0,0.0,0.0,0.0,4.0,5.0,8.0,0.0,0.0,0.0,0.0,
ITA-Serie A,2425,2024-09-14 Como-Bologna,Bologna,Lukasz Skorupski,False,Goalkeeper,1,start,end,1.0,0.0,0.0,0.0,0.0,0.0,0.0,2.0,3.0,13.0,0.0,0.0,0.0,0.0,
ITA-Serie A,2425,2024-09-14 Como-Bologna,Como,Emil Audero,True,Goalkeeper,1,start,end,1.0,0.0,0.0,0.0,0.0,0.0,0.0,2.0,2.0,12.0,0.0,0.0,0.0,0.0,
ITA-Serie A,2425,2024-09-14 Empoli-Juventus,Empoli,Devis Vásquez,True,Goalkeeper,1,start,end,1.0,0.0,0.0,0.0,0.0,0.0,0.0,0.0,3.0,14.0,0.0,0.0,0.0,0.0,
ITA-Serie A,2425,2024-09-14 Empoli-Juventus,Juventus,Mattia Perin,False,Goalkeeper,1,start,end,1.0,0.0,0.0,0.0,0.0,0.0,0.0,0.0,3.0,8.0,0.0,0.0,0.0,0.0,
ITA-Serie A,2425,2024-09-15 Atalanta-Fiorentina,Atalanta,Marco Carnesecchi,True,Goalkeeper,1,start,end,1.0,0.0,0.0,0.0,0.0,0.0,0.0,2.0,4.0,11.0,0.0,0.0,0.0,0.0,
ITA-Serie A,2425,2024-09-15 Atalanta-Fiorentina,Fiorentina,David de Gea,False,Goalkeeper,1,start,end,1.0,0.0,0.0,0.0,0.0,0.0,0.0,3.0,4.0,10.0,0.0,0.0,0.0,0.0,
ITA-Serie A,2425,2024-09-15 Cagliari-Napoli,Cagliari,Simone Scuffet,True,Goalkeeper,1,start,end,1.0,0.0,0.0,0.0,0.0,0.0,0.0,4.0,1.0,9.0,0.0,0.0,0.0,0.0,
ITA-Serie A,2425,2024-09-15 Cagliari-Napoli,Napoli,Alex Meret,False,Goalkeeper,1,start,end,1.0,0.0,1.0,0.0,0.0,0.0,0.0,0.0,5.0,19.0,0.0,0.0,0.0,0.0,
ITA-Serie A,2425,2024-09-15 Genoa-AS Roma,AS Roma,Mile Svilar,False,Goalkeeper,1,start,end,1.0,0.0,0.0,0.0,0.0,0.0,0.0,1.0,6.0,18.0,0.0,0.0,0.0,0.0,
ITA-Serie A,2425,2024-09-15 Genoa-AS Roma,Genoa,Pierluigi Gollini,True,Goalkeeper,1,start,end,1.0,0.0,0.0,0.0,0.0,0.0,0.0,1.0,4.0,14.0,0.0,0.0,0.0,0.0,
ITA-Serie A,2425,2024-09-15 Monza-Internazionale,Internazionale,Yann Sommer,False,Goalkeeper,1,start,end,1.0,0.0,0.0,0.0,0.0,0.0,0.0,1.0,1.0,4.0,0.0,0.0,0.0,0.0,
ITA-Serie A,2425,2024-09-15 Monza-Internazionale,Monza,Stefano Turati,True,Goalkeeper,1,start,end,1.0,0.0,0.0,0.0,0.0,0.0,0.0,1.0,1.0,15.0,0.0,0.0,0.0,0.0,
ITA-Serie A,2425,2024-09-15 Torino-Lecce,Lecce,Wladimiro Falcone,False,Goalkeeper,1,start,end,1.0,0.0,0.0,0.0,0.0,0.0,0.0,0.0,0.0,5.0,0.0,0.0,0.0,0.0,
ITA-Serie A,2425,2024-09-15 Torino-Lecce,Torino,Vanja Milinkovic-Savic,True,Goalkeeper,1,start,end,1.0,0.0,0.0,0.0,0.0,0.0,0.0,0.0,6.0,20.0,0.0,0.0,0.0,0.0,
ITA-Serie A,2425,2024-09-16 Lazio-Hellas Verona,Hellas Verona,Lorenzo Montipò,False,Goalkeeper,1,start,end,1.0,0.0,1.0,0.0,0.0,0.0,0.0,2.0,5.0,12.0,0.0,0.0,0.0,0.0,
ITA-Serie A,2425,2024-09-16 Lazio-Hellas Verona,Lazio,Ivan Provedel,True,Goalkeeper,1,start,end,1.0,0.0,0.0,0.0,0.0,0.0,0.0,1.0,1.0,6.0,0.0,0.0,0.0,0.0,
ITA-Serie A,2425,2024-09-16 Parma-Udinese,Parma,Leandro Chichizola,True,Goalkeeper,1,start,end,1.0,0.0,0.0,0.0,0.0,0.0,0.0,3.0,4.0,15.0,0.0,0.0,0.0,0.0,
ITA-Serie A,2425,2024-09-16 Parma-Udinese,Udinese,Maduka Okoye,False,Goalkeeper,1,start,end,1.0,0.0,0.0,0.0,0.0,0.0,0.0,2.0,1.0,7.0,0.0,0.0,0.0,0.0,
ITA-Serie A,2425,2024-09-20 Cagliari-Empoli,Cagliari,Simone Scuffet,True,Goalkeeper,1,start,end,1.0,0.0,0.0,0.0,0.0,0.0,0.0,2.0,2.0,7.0,0.0,0.0,0.0,0.0,
ITA-Serie A,2425,2024-09-20 Cagliari-Empoli,Empoli,Devis Vásquez,False,Goalkeeper,1,start,end,1.0,0.0,0.0,0.0,0.0,0.0,0.0,0.0,3.0,21.0,0.0,0.0,0.0,0.0,
ITA-Serie A,2425,2024-09-20 Hellas Verona-Torino,Hellas Verona,Lorenzo Montipò,True,Goalkeeper,1,start,end,1.0,0.0,0.0,0.0,0.0,0.0,0.0,3.0,0.0,12.0,0.0,0.0,0.0,0.0,
ITA-Serie A,2425,2024-09-20 Hellas Verona-Torino,Torino,Vanja Milinkovic-Savic,False,Goalkeeper,1,start,end,1.0,0.0,0.0,0.0,0.0,0.0,0.0,2.0,0.0,6.0,0.0,0.0,0.0,0.0,
ITA-Serie A,2425,2024-09-21 Juventus-Napoli,Juventus,Michele Di Gregorio,True,Goalkeeper,1,start,end,1.0,0.0,0.0,0.0,0.0,0.0,0.0,0.0,2.0,8.0,0.0,0.0,0.0,0.0,
ITA-Serie A,2425,2024-09-21 Juventus-Napoli,Napoli,Alex Meret,False,Goalkeeper,1,start,36,1.0,0.0,0.0,0.0,0.0,0.0,0.0,0.0,0.0,2.0,0.0,0.0,0.0,0.0,
ITA-Serie A,2425,2024-09-21 Lecce-Parma,Lecce,Wladimiro Falcone,True,Goalkeeper,1,start,end,1.0,0.0,1.0,0.0,0.0,0.0,0.0,2.0,8.0,22.0,0.0,0.0,0.0,0.0,
ITA-Serie A,2425,2024-09-21 Lecce-Parma,Parma,Zion Suzuki,False,Goalkeeper,1,start,end,1.0,0.0,0.0,0.0,0.0,0.0,0.0,2.0,1.0,12.0,0.0,0.0,0.0,0.0,
ITA-Serie A,2425,2024-09-21 Venezia-Genoa,Genoa,Pierluigi Gollini,False,Goalkeeper,1,start,end,1.0,0.0,0.0,0.0,0.0,0.0,0.0,2.0,1.0,9.0,0.0,0.0,0.0,0.0,
ITA-Serie A,2425,2024-09-21 Venezia-Genoa,Venezia,Jesse Joronen,True,Goalkeeper,1,start,end,1.0,0.0,0.0,0.0,0.0,0.0,0.0,0.0,0.0,9.0,0.0,0.0,0.0,0.0,
ITA-Serie A,2425,2024-09-22 AS Roma-Udinese,AS Roma,Mile Svilar,True,Goalkeeper,1,start,end,1.0,0.0,0.0,0.0,0.0,0.0,0.0,0.0,2.0,8.0,0.0,0.0,0.0,0.0,
ITA-Serie A,2425,2024-09-22 AS Roma-Udinese,Udinese,Maduka Okoye,False,Goalkeeper,1,start,end,1.0,0.0,0.0,0.0,0.0,0.0,0.0,3.0,5.0,12.0,0.0,0.0,0.0,0.0,
ITA-Serie A,2425,2024-09-22 Fiorentina-Lazio,Fiorentina,David de Gea,True,Goalkeeper,1,start,end,1.0,0.0,0.0,0.0,0.0,0.0,0.0,1.0,5.0,18.0,0.0,0.0,0.0,0.0,
ITA-Serie A,2425,2024-09-22 Fiorentina-Lazio,Lazio,Ivan Provedel,False,Goalkeeper,1,start,end,1.0,0.0,0.0,0.0,0.0,0.0,0.0,2.0,3.0,11.0,0.0,0.0,0.0,0.0,
ITA-Serie A,2425,2024-09-22 Internazionale-AC Milan,AC Milan,Mike Maignan,False,Goalkeeper,1,start,end,1.0,0.0,0.0,0.0,0.0,0.0,0.0,1.0,3.0,11.0,0.0,0.0,0.0,0.0,
ITA-Serie A,2425,2024-09-22 Internazionale-AC Milan,Internazionale,Yann Sommer,True,Goalkeeper,1,start,end,1.0,0.0,0.0,0.0,0.0,0.0,0.0,2.0,6.0,14.0,0.0,0.0,0.0,0.0,
ITA-Serie A,2425,2024-09-22 Monza-Bologna,Bologna,Federico Ravaglia,False,Goalkeeper,1,start,end,1.0,0.0,1.0,0.0,0.0,0.0,0.0,1.0,2.0,5.0,0.0,0.0,0.0,0.0,
ITA-Serie A,2425,2024-09-22 Monza-Bologna,Monza,Stefano Turati,True,Goalkeeper,1,start,end,1.0,0.0,0.0,0.0,0.0,0.0,0.0,2.0,6.0,12.0,0.0,0.0,0.0,0.0,
ITA-Serie A,2425,2024-09-24 Atalanta-Como,Atalanta,Marco Carnesecchi,True,Goalkeeper,1,start,end,1.0,0.0,1.0,0.0,0.0,0.0,0.0,3.0,5.0,11.0,0.0,0.0,0.0,0.0,
ITA-Serie A,2425,2024-09-24 Atalanta-Como,Como,Emil Audero,False,Goalkeeper,1,start,end,1.0,0.0,0.0,0.0,0.0,0.0,0.0,2.0,3.0,6.0,0.0,0.0,0.0,0.0,
ITA-Serie A,2425,2024-09-27 AC Milan-Lecce,AC Milan,Mike Maignan,True,Goalkeeper,1,start,end,1.0,0.0,0.0,0.0,0.0,0.0,0.0,0.0,7.0,16.0,0.0,0.0,0.0,0.0,
ITA-Serie A,2425,2024-09-27 AC Milan-Lecce,Lecce,Wladimiro Falcone,False,Goalkeeper,1,start,end,1.0,0.0,1.0,0.0,0.0,0.0,0.0,3.0,3.0,12.0,0.0,0.0,0.0,0.0,
ITA-Serie A,2425,2024-09-28 Bologna-Atalanta,Atalanta,Marco Carnesecchi,False,Goalkeeper,1,start,end,1.0,0.0,0.0,0.0,0.0,0.0,0.0,1.0,0.0,2.0,0.0,0.0,0.0,0.0,
ITA-Serie A,2425,2024-09-28 Bologna-Atalanta,Bologna,Lukasz Skorupski,True,Goalkeeper,1,start,end,1.0,0.0,0.0,0.0,0.0,0.0,1.0,1.0,3.0,22.0,0.0,0.0,0.0,0.0,
ITA-Serie A,2425,2024-09-28 Genoa-Juventus,Genoa,Pierluigi Gollini,True,Goalkeeper,1,start,end,1.0,0.0,0.0,0.0,0.0,0.0,0.0,3.0,1.0,9.0,0.0,0.0,0.0,0.0,
ITA-Serie A,2425,2024-09-28 Genoa-Juventus,Juventus,Mattia Perin,False,Goalkeeper,1,start,end,1.0,0.0,0.0,0.0,0.0,0.0,0.0,0.0,2.0,8.0,0.0,0.0,0.0,0.0,
ITA-Serie A,2425,2024-09-28 Udinese-Internazionale,Internazionale,Yann Sommer,False,Goalkeeper,1,start,end,1.0,0.0,0.0,0.0,0.0,0.0,0.0,2.0,1.0,8.0,0.0,0.0,0.0,0.0,
ITA-Serie A,2425,2024-09-28 Udinese-Internazionale,Udinese,Maduka Okoye,True,Goalkeeper,1,start,end,1.0,0.0,0.0,0.0,0.0,0.0,0.0,3.0,4.0,13.0,0.0,0.0,0.0,0.0,
ITA-Serie A,2425,2024-09-29 AS Roma-Venezia,AS Roma,Mile Svilar,True,Goalkeeper,1,start,end,1.0,0.0,0.0,0.0,0.0,0.0,0.0,1.0,5.0,18.0,0.0,0.0,0.0,0.0,
ITA-Serie A,2425,2024-09-29 AS Roma-Venezia,Venezia,Jesse Joronen,False,Goalkeeper,1,start,end,1.0,0.0,0.0,0.0,0.0,0.0,0.0,2.0,3.0,20.0,0.0,0.0,0.0,0.0,
ITA-Serie A,2425,2024-09-29 Como-Hellas Verona,Como,Emil Audero,True,Goalkeeper,1,start,end,1.0,0.0,1.0,0.0,0.0,0.0,0.0,2.0,1.0,4.0,0.0,0.0,0.0,0.0,
ITA-Serie A,2425,2024-09-29 Como-Hellas Verona,Hellas Verona,Lorenzo Montipò,False,Goalkeeper,1,start,end,1.0,0.0,1.0,0.0,0.0,0.0,0.0,3.0,8.0,21.0,0.0,0.0,0.0,0.0,
ITA-Serie A,2425,2024-09-29 Empoli-Fiorentina,Empoli,Devis Vásquez,True,Goalkeeper,1,start,end,1.0,0.0,0.0,0.0,0.0,0.0,0.0,0.0,0.0,14.0,0.0,0.0,0.0,0.0,
ITA-Serie A,2425,2024-09-29 Empoli-Fiorentina,Fiorentina,David de Gea,False,Goalkeeper,1,start,end,1.0,0.0,0.0,0.0,0.0,0.0,0.0,0.0,1.0,8.0,0.0,0.0,0.0,0.0,
ITA-Serie A,2425,2024-09-29 Napoli-Monza,Monza,Stefano Turati,False,Goalkeeper,1,start,end,1.0,0.0,1.0,0.0,0.0,0.0,0.0,2.0,0.0,9.0,0.0,0.0,0.0,0.0,
ITA-Serie A,2425,2024-09-29 Napoli-Monza,Napoli,Elia Caprile,True,Goalkeeper,1,start,end,1.0,0.0,0.0,0.0,0.0,0.0,0.0,0.0,1.0,5.0,0.0,0.0,0.0,0.0,
ITA-Serie A,2425,2024-09-29 Torino-Lazio,Lazio,Ivan Provedel,False,Goalkeeper,1,start,end,1.0,0.0,0.0,0.0,0.0,0.0,0.0,2.0,5.0,9.0,0.0,0.0,0.0,0.0,
ITA-Serie A,2425,2024-09-29 Torino-Lazio,Torino,Alberto Paleari,True,Goalkeeper,1,start,end,1.0,0.0,1.0,0.0,0.0,0.0,0.0,3.0,4.0,10.0,0.0,0.0,0.0,0.0,
ITA-Serie A,2425,2024-09-30 Parma-Cagliari,Cagliari,Simone Scuffet,False,Goalkeeper,1,start,end,1.0,0.0,0.0,0.0,0.0,0.0,0.0,2.0,2.0,15.0,0.0,0.0,0.0,0.0,
ITA-Serie A,2425,2024-09-30 Parma-Cagliari,Parma,Zion Suzuki,True,Goalkeeper,1,start,end,1.0,0.0,0.0,0.0,0.0,0.0,0.0,3.0,1.0,8.0,0.0,0.0,0.0,0.0,
ITA-Serie A,2425,2024-10-04 Hellas Verona-Venezia,Hellas Verona,Lorenzo Montipò,True,Goalkeeper,1,start,end,1.0,0.0,0.0,0.0,0.0,0.0,0.0,1.0,2.0,13.0,0.0,0.0,0.0,0.0,
ITA-Serie A,2425,2024-10-04 Hellas Verona-Venezia,Venezia,Jesse Joronen,False,Goalkeeper,1,start,end,1.0,0.0,0.0,1.0,0.0,0.0,0.0,2.0,2.0,19.0,0.0,0.0,0.0,0.0,
ITA-Serie A,2425,2024-10-04 Napoli-Como,Como,Emil Audero,False,Goalkeeper,1,start,end,1.0,0.0,0.0,0.0,0.0,0.0,0.0,3.0,3.0,6.0,0.0,0.0,0.0,0.0,
ITA-Serie A,2425,2024-10-04 Napoli-Como,Napoli,Elia Caprile,True,Goalkeeper,1,start,end,1.0,0.0,0.0,0.0,0.0,0.0,0.0,1.0,1.0,10.0,0.0,0.0,0.0,0.0,
ITA-Serie A,2425,2024-10-05 Atalanta-Genoa,Atalanta,Marco Carnesecchi,True,Goalkeeper,1,start,end,1.0,0.0,0.0,0.0,0.0,0.0,0.0,1.0,1.0,6.0,0.0,0.0,0.0,0.0,
ITA-Serie A,2425,2024-10-05 Atalanta-Genoa,Genoa,Pierluigi Gollini,False,Goalkeeper,1,start,end,1.0,0.0,0.0,0.0,0.0,0.0,0.0,5.0,3.0,18.0,0.0,0.0,0.0,0.0,
ITA-Serie A,2425,2024-10-05 Internazionale-Torino,Internazionale,Yann Sommer,True,Goalkeeper,1,start,end,1.0,0.0,0.0,0.0,0.0,0.0,0.0,2.0,3.0,4.0,0.0,0.0,0.0,0.0,
ITA-Serie A,2425,2024-10-05 Internazionale-Torino,Torino,Vanja Milinkovic-Savic,False,Goalkeeper,1,start,end,1.0,0.0,0.0,0.0,0.0,0.0,0.0,3.0,5.0,24.0,0.0,0.0,0.0,0.0,
ITA-Serie A,2425,2024-10-05 Udinese-Lecce,Lecce,Wladimiro Falcone,False,Goalkeeper,1,start,end,1.0,0.0,0.0,0.0,0.0,0.0,0.0,1.0,3.0,11.0,0.0,0.0,0.0,0.0,
ITA-Serie A,2425,2024-10-05 Udinese-Lecce,Udinese,Maduka Okoye,True,Goalkeeper,1,start,end,1.0,0.0,0.0,0.0,0.0,0.0,0.0,0.0,3.0,9.0,0.0,0.0,0.0,0.0,
ITA-Serie A,2425,2024-10-06 Bologna-Parma,Bologna,Federico Ravaglia,True,Goalkeeper,1,start,end,1.0,0.0,1.0,0.0,0.0,0.0,0.0,0.0,2.0,13.0,0.0,0.0,0.0,0.0,
ITA-Serie A,2425,2024-10-06 Bologna-Parma,Parma,Zion Suzuki,False,Goalkeeper,1,start,end,1.0,0.0,0.0,0.0,0.0,0.0,0.0,0.0,3.0,19.0,0.0,0.0,0.0,0.0,
ITA-Serie A,2425,2024-10-06 Fiorentina-AC Milan,AC Milan,Mike Maignan,False,Goalkeeper,1,start,end,1.0,0.0,0.0,0.0,0.0,0.0,0.0,2.0,0.0,8.0,0.0,0.0,0.0,0.0,
ITA-Serie A,2425,2024-10-06 Fiorentina-AC Milan,Fiorentina,David de Gea,True,Goalkeeper,1,start,end,1.0,0.0,1.0,0.0,0.0,0.0,0.0,1.0,5.0,13.0,0.0,0.0,0.0,0.0,
ITA-Serie A,2425,2024-10-06 Juventus-Cagliari,Cagliari,Simone Scuffet,False,Goalkeeper,1,start,end,1.0,0.0,0.0,0.0,0.0,0.0,0.0,1.0,8.0,20.0,0.0,0.0,0.0,0.0,
ITA-Serie A,2425,2024-10-06 Juventus-Cagliari,Juventus,Michele Di Gregorio,True,Goalkeeper,1,start,end,1.0,0.0,0.0,0.0,0.0,0.0,0.0,1.0,1.0,8.0,0.0,0.0,0.0,0.0,
ITA-Serie A,2425,2024-10-06 Lazio-Empoli,Empoli,Devis Vásquez,False,Goalkeeper,1,start,end,1.0,0.0,0.0,0.0,0.0,0.0,0.0,2.0,3.0,14.0,0.0,0.0,0.0,0.0,
ITA-Serie A,2425,2024-10-06 Lazio-Empoli,Lazio,Ivan Provedel,True,Goalkeeper,1,start,end,1.0,0.0,0.0,0.0,0.0,0.0,0.0,1.0,1.0,6.0,0.0,0.0,0.0,0.0,
ITA-Serie A,2425,2024-10-06 Monza-AS Roma,AS Roma,Mile Svilar,False,Goalkeeper,1,start,end,1.0,0.0,0.0,0.0,0.0,0.0,0.0,1.0,2.0,2.0,0.0,0.0,0.0,0.0,
ITA-Serie A,2425,2024-10-06 Monza-AS Roma,Monza,Semuel Pizzignacco,True,Goalkeeper,1,start,end,1.0,0.0,0.0,0.0,0.0,0.0,0.0,1.0,4.0,13.0,0.0,0.0,0.0,0.0,
ITA-Serie A,2425,2024-10-19 AC Milan-Udinese,AC Milan,Mike Maignan,True,Goalkeeper,1,start,end,1.0,0.0,0.0,0.0,0.0,0.0,1.0,0.0,1.0,14.0,0.0,0.0,0.0,0.0,
ITA-Serie A,2425,2024-10-19 AC Milan-Udinese,Udinese,Maduka Okoye,False,Goalkeeper,1,start,end,1.0,0.0,0.0,0.0,0.0,0.0,0.0,1.0,4.0,9.0,0.0,0.0,0.0,0.0,
ITA-Serie A,2425,2024-10-19 Como-Parma,Como,Emil Audero,True,Goalkeeper,1,start,end,1.0,0.0,0.0,0.0,0.0,0.0,0.0,1.0,2.0,8.0,0.0,0.0,0.0,0.0,
ITA-Serie A,2425,2024-10-19 Como-Parma,Parma,Zion Suzuki,False,Goalkeeper,1,start,end,1.0,0.0,0.0,0.0,0.0,0.0,0.0,1.0,2.0,11.0,0.0,0.0,0.0,0.0,
ITA-Serie A,2425,2024-10-19 Genoa-Bologna,Bologna,Federico Ravaglia,False,Goalkeeper,1,start,end,1.0,0.0,0.0,0.0,0.0,0.0,0.0,2.0,2.0,8.0,0.0,0.0,0.0,0.0,
ITA-Serie A,2425,2024-10-19 Genoa-Bologna,Genoa,Nicola Leali,True,Goalkeeper,1,start,end,1.0,0.0,1.0,0.0,0.0,0.0,0.0,2.0,6.0,11.0,0.0,0.0,0.0,0.0,
ITA-Serie A,2425,2024-10-19 Juventus-Lazio,Juventus,Michele Di Gregorio,True,Goalkeeper,1,start,end,1.0,0.0,0.0,0.0,0.0,0.0,0.0,0.0,1.0,2.0,0.0,0.0,0.0,0.0,
ITA-Serie A,2425,2024-10-19 Juventus-Lazio,Lazio,Ivan Provedel,False,Goalkeeper,1,start,end,1.0,0.0,0.0,0.0,0.0,0.0,0.0,1.0,3.0,15.0,0.0,0.0,0.0,0.0,
ITA-Serie A,2425,2024-10-20 AS Roma-Internazionale,AS Roma,Mile Svilar,True,Goalkeeper,1,start,end,1.0,0.0,1.0,0.0,0.0,0.0,0.0,1.0,5.0,10.0,0.0,0.0,0.0,0.0,
ITA-Serie A,2425,2024-10-20 AS Roma-Internazionale,Internazionale,Yann Sommer,False,Goalkeeper,1,start,end,1.0,0.0,0.0,0.0,0.0,0.0,0.0,0.0,3.0,14.0,0.0,0.0,0.0,0.0,
ITA-Serie A,2425,2024-10-20 Cagliari-Torino,Cagliari,Simone Scuffet,True,Goalkeeper,1,start,end,1.0,0.0,0.0,0.0,0.0,0.0,0.0,2.0,3.0,15.0,0.0,0.0,0.0,0.0,
ITA-Serie A,2425,2024-10-20 Cagliari-Torino,Torino,Vanja Milinkovic-Savic,False,Goalkeeper,1,start,end,1.0,0.0,0.0,0.0,0.0,0.0,0.0,3.0,2.0,14.0,0.0,0.0,0.0,0.0,
ITA-Serie A,2425,2024-10-20 Empoli-Napoli,Empoli,Devis Vásquez,True,Goalkeeper,1,start,end,1.0,0.0,0.0,0.0,0.0,0.0,0.0,1.0,0.0,8.0,0.0,0.0,0.0,0.0,
ITA-Serie A,2425,2024-10-20 Empoli-Napoli,Napoli,Elia Caprile,False,Goalkeeper,1,start,end,1.0,0.0,0.0,0.0,0.0,0.0,0.0,0.0,4.0,9.0,0.0,0.0,0.0,0.0,
ITA-Serie A,2425,2024-10-20 Lecce-Fiorentina,Fiorentina,David de Gea,False,Goalkeeper,1,start,end,1.0,0.0,0.0,0.0,0.0,0.0,0.0,0.0,2.0,5.0,0.0,0.0,0.0,0.0,
ITA-Serie A,2425,2024-10-20 Lecce-Fiorentina,Lecce,Wladimiro Falcone,True,Goalkeeper,1,start,end,1.0,0.0,0.0,0.0,0.0,0.0,0.0,6.0,5.0,13.0,0.0,0.0,0.0,0.0,
ITA-Serie A,2425,2024-10-20 Venezia-Atalanta,Atalanta,Marco Carnesecchi,False,Goalkeeper,1,start,end,1.0,0.0,0.0,0.0,0.0,0.0,0.0,0.0,4.0,12.0,0.0,0.0,0.0,0.0,
ITA-Serie A,2425,2024-10-20 Venezia-Atalanta,Venezia,Filip Stankovic,True,Goalkeeper,1,start,end,1.0,0.0,0.0,0.0,0.0,0.0,0.0,2.0,5.0,14.0,0.0,0.0,0.0,0.0,
ITA-Serie A,2425,2024-10-21 Hellas Verona-Monza,Hellas Verona,Lorenzo Montipò,True,Goalkeeper,1,start,end,1.0,0.0,0.0,0.0,0.0,0.0,0.0,3.0,1.0,7.0,0.0,0.0,0.0,0.0,
ITA-Serie A,2425,2024-10-21 Hellas Verona-Monza,Monza,Stefano Turati,False,Goalkeeper,1,start,end,1.0,0.0,1.0,0.0,0.0,0.0,0.0,0.0,4.0,16.0,0.0,0.0,0.0,0.0,
ITA-Serie A,2425,2024-10-25 Torino-Como,Como,Emil Audero,False,Goalkeeper,1,start,end,1.0,0.0,0.0,0.0,0.0,0.0,0.0,1.0,1.0,7.0,0.0,0.0,0.0,0.0,
ITA-Serie A,2425,2024-10-25 Torino-Como,Torino,Vanja Milinkovic-Savic,True,Goalkeeper,1,start,end,1.0,0.0,0.0,0.0,0.0,0.0,0.0,0.0,6.0,18.0,0.0,0.0,0.0,0.0,
ITA-Serie A,2425,2024-10-25 Udinese-Cagliari,Cagliari,Simone Scuffet,False,Goalkeeper,1,start,end,1.0,0.0,0.0,0.0,0.0,0.0,0.0,2.0,2.0,11.0,0.0,0.0,0.0,0.0,
ITA-Serie A,2425,2024-10-25 Udinese-Cagliari,Udinese,Maduka Okoye,True,Goalkeeper,1,start,end,1.0,0.0,0.0,0.0,0.0,0.0,0.0,0.0,0.0,3.0,0.0,0.0,0.0,0.0,
ITA-Serie A,2425,2024-10-26 Atalanta-Hellas Verona,Atalanta,Marco Carnesecchi,True,Goalkeeper,1,start,end,1.0,0.0,0.0,0.0,0.0,0.0,0.0,1.0,1.0,3.0,0.0,0.0,0.0,0.0,
ITA-Serie A,2425,2024-10-26 Atalanta-Hellas Verona,Hellas Verona,Lorenzo Montipò,False,Goalkeeper,1,start,end,1.0,0.0,0.0,0.0,0.0,0.0,0.0,6.0,4.0,13.0,0.0,0.0,0.0,0.0,
ITA-Serie A,2425,2024-10-26 Napoli-Lecce,Lecce,Wladimiro Falcone,False,Goalkeeper,1,start,end,1.0,0.0,1.0,0.0,0.0,0.0,0.0,1.0,7.0,22.0,0.0,0.0,0.0,0.0,
ITA-Serie A,2425,2024-10-26 Napoli-Lecce,Napoli,Alex Meret,True,Goalkeeper,1,start,end,1.0,0.0,0.0,0.0,0.0,0.0,0.0,0.0,1.0,11.0,0.0,0.0,0.0,0.0,
ITA-Serie A,2425,2024-10-27 Fiorentina-AS Roma,AS Roma,Mile Svilar,False,Goalkeeper,1,start,end,1.0,0.0,0.0,0.0,0.0,0.0,0.0,5.0,6.0,17.0,0.0,0.0,0.0,0.0,
ITA-Serie A,2425,2024-10-27 Fiorentina-AS Roma,Fiorentina,David de Gea,True,Goalkeeper,1,start,end,1.0,0.0,0.0,0.0,0.0,0.0,0.0,1.0,4.0,10.0,0.0,0.0,0.0,0.0,
ITA-Serie A,2425,2024-10-27 Internazionale-Juventus,Internazionale,Yann Sommer,True,Goalkeeper,1,start,end,1.0,0.0,0.0,0.0,0.0,0.0,0.0,4.0,1.0,6.0,0.0,0.0,0.0,0.0,
ITA-Serie A,2425,2024-10-27 Internazionale-Juventus,Juventus,Michele Di Gregorio,False,Goalkeeper,1,start,end,1.0,0.0,1.0,0.0,0.0,0.0,0.0,4.0,5.0,13.0,0.0,0.0,0.0,0.0,
ITA-Serie A,2425,2024-10-27 Lazio-Genoa,Genoa,Nicola Leali,False,Goalkeeper,1,start,end,1.0,0.0,0.0,0.0,0.0,0.0,0.0,3.0,2.0,15.0,0.0,0.0,0.0,0.0,
ITA-Serie A,2425,2024-10-27 Lazio-Genoa,Lazio,Ivan Provedel,True,Goalkeeper,1,start,end,1.0,0.0,0.0,0.0,0.0,0.0,0.0,0.0,2.0,6.0,0.0,0.0,0.0,0.0,
ITA-Serie A,2425,2024-10-27 Monza-Venezia,Monza,Stefano Turati,True,Goalkeeper,1,start,end,1.0,0.0,0.0,0.0,0.0,0.0,0.0,2.0,0.0,4.0,0.0,0.0,0.0,0.0,
ITA-Serie A,2425,2024-10-27 Monza-Venezia,Venezia,Filip Stankovic,False,Goalkeeper,1,start,end,1.0,0.0,0.0,0.0,0.0,0.0,0.0,2.0,0.0,11.0,0.0,0.0,0.0,0.0,
ITA-Serie A,2425,2024-10-27 Parma-Empoli,Empoli,Devis Vásquez,False,Goalkeeper,1,start,end,1.0,1.0,1.0,0.0,0.0,0.0,1.0,1.0,3.0,15.0,0.0,0.0,0.0,0.0,
ITA-Serie A,2425,2024-10-27 Parma-Empoli,Parma,Zion Suzuki,True,Goalkeeper,1,start,end,1.0,0.0,0.0,0.0,0.0,0.0,0.0,1.0,1.0,5.0,0.0,0.0,0.0,0.0,
ITA-Serie A,2425,2024-10-29 AC Milan-Napoli,AC Milan,Mike Maignan,True,Goalkeeper,1,start,end,1.0,0.0,0.0,0.0,0.0,0.0,0.0,2.0,2.0,7.0,0.0,0.0,0.0,0.0,
ITA-Serie A,2425,2024-10-29 AC Milan-Napoli,Napoli,Alex Meret,False,Goalkeeper,1,start,end,1.0,0.0,1.0,0.0,0.0,0.0,0.0,0.0,5.0,12.0,0.0,0.0,0.0,0.0,
ITA-Serie A,2425,2024-10-29 Cagliari-Bologna,Bologna,Lukasz Skorupski,False,Goalkeeper,1,start,end,1.0,0.0,1.0,0.0,0.0,0.0,0.0,0.0,3.0,14.0,0.0,0.0,0.0,0.0,
ITA-Serie A,2425,2024-10-29 Cagliari-Bologna,Cagliari,Simone Scuffet,True,Goalkeeper,1,start,end,1.0,0.0,0.0,0.0,0.0,0.0,0.0,2.0,2.0,8.0,0.0,0.0,0.0,0.0,
ITA-Serie A,2425,2024-10-29 Lecce-Hellas Verona,Hellas Verona,Simone Perilli,False,Goalkeeper,1,start,end,1.0,0.0,0.0,0.0,0.0,0.0,0.0,1.0,5.0,14.0,0.0,0.0,0.0,0.0,
ITA-Serie A,2425,2024-10-29 Lecce-Hellas Verona,Lecce,Wladimiro Falcone,True,Goalkeeper,1,start,end,1.0,0.0,0.0,0.0,0.0,0.0,0.0,0.0,1.0,7.0,0.0,0.0,0.0,0.0,
ITA-Serie A,2425,2024-10-30 Atalanta-Monza,Atalanta,Marco Carnesecchi,True,Goalkeeper,1,start,end,1.0,0.0,0.0,0.0,0.0,0.0,0.0,0.0,3.0,4.0,0.0,0.0,0.0,0.0,
ITA-Serie A,2425,2024-10-30 Atalanta-Monza,Monza,Stefano Turati,False,Goalkeeper,1,start,end,1.0,0.0,1.0,0.0,0.0,0.0,0.0,2.0,3.0,14.0,0.0,0.0,0.0,0.0,
ITA-Serie A,2425,2024-10-30 Empoli-Internazionale,Empoli,Devis Vásquez,True,Goalkeeper,1,start,end,1.0,0.0,0.0,0.0,0.0,0.0,0.0,3.0,3.0,11.0,0.0,0.0,0.0,0.0,
ITA-Serie A,2425,2024-10-30 Empoli-Internazionale,Internazionale,Yann Sommer,False,Goalkeeper,1,start,end,1.0,0.0,0.0,0.0,0.0,0.0,0.0,0.0,1.0,5.0,0.0,0.0,0.0,0.0,
ITA-Serie A,2425,2024-10-30 Juventus-Parma,Juventus,Michele Di Gregorio,True,Goalkeeper,1,start,end,1.0,0.0,0.0,0.0,0.0,0.0,0.0,2.0,3.0,10.0,0.0,0.0,0.0,0.0,
ITA-Serie A,2425,2024-10-30 Juventus-Parma,Parma,Zion Suzuki,False,Goalkeeper,1,start,end,1.0,0.0,0.0,0.0,0.0,0.0,0.0,2.0,2.0,21.0,0.0,0.0,0.0,0.0,
ITA-Serie A,2425,2024-10-30 Venezia-Udinese,Udinese,Maduka Okoye,False,Goalkeeper,1,start,end,1.0,0.0,0.0,0.0,0.0,0.0,0.0,3.0,4.0,15.0,0.0,0.0,0.0,0.0,
ITA-Serie A,2425,2024-10-30 Venezia-Udinese,Venezia,Filip Stankovic,True,Goalkeeper,1,start,end,1.0,0.0,0.0,0.0,0.0,0.0,0.0,2.0,3.0,13.0,0.0,0.0,0.0,0.0,
ITA-Serie A,2425,2024-10-31 AS Roma-Torino,AS Roma,Mile Svilar,True,Goalkeeper,1,start,end,1.0,0.0,0.0,0.0,0.0,0.0,0.0,0.0,2.0,3.0,0.0,0.0,0.0,0.0,
ITA-Serie A,2425,2024-10-31 AS Roma-Torino,Torino,Vanja Milinkovic-Savic,False,Goalkeeper,1,start,end,1.0,0.0,0.0,0.0,0.0,0.0,0.0,1.0,2.0,9.0,0.0,0.0,0.0,0.0,
ITA-Serie A,2425,2024-10-31 Como-Lazio,Como,Emil Audero,True,Goalkeeper,1,start,end,1.0,0.0,0.0,0.0,0.0,0.0,0.0,5.0,3.0,9.0,0.0,0.0,0.0,0.0,
ITA-Serie A,2425,2024-10-31 Como-Lazio,Lazio,Ivan Provedel,False,Goalkeeper,1,start,end,1.0,0.0,0.0,0.0,0.0,0.0,0.0,1.0,1.0,12.0,0.0,0.0,0.0,0.0,
ITA-Serie A,2425,2024-10-31 Genoa-Fiorentina,Fiorentina,David de Gea,False,Goalkeeper,1,start,end,1.0,0.0,0.0,0.0,0.0,0.0,0.0,0.0,4.0,13.0,0.0,0.0,0.0,0.0,
ITA-Serie A,2425,2024-10-31 Genoa-Fiorentina,Genoa,Nicola Leali,True,Goalkeeper,1,start,end,1.0,0.0,1.0,0.0,0.0,0.0,0.0,1.0,3.0,12.0,0.0,0.0,0.0,0.0,
ITA-Serie A,2425,2024-11-02 Bologna-Lecce,Bologna,Federico Ravaglia,True,Goalkeeper,1,start,end,1.0,0.0,0.0,0.0,0.0,0.0,0.0,0.0,0.0,6.0,0.0,0.0,0.0,0.0,
ITA-Serie A,2425,2024-11-02 Bologna-Lecce,Lecce,Wladimiro Falcone,False,Goalkeeper,1,start,end,1.0,0.0,0.0,0.0,0.0,0.0,0.0,1.0,4.0,19.0,0.0,0.0,0.0,0.0,
ITA-Serie A,2425,2024-11-02 Monza-AC Milan,AC Milan,Mike Maignan,False,Goalkeeper,1,start,end,1.0,0.0,0.0,0.0,0.0,0.0,0.0,0.0,2.0,12.0,0.0,0.0,0.0,0.0,
ITA-Serie A,2425,2024-11-02 Monza-AC Milan,Monza,Stefano Turati,True,Goalkeeper,1,start,end,1.0,0.0,0.0,0.0,0.0,0.0,0.0,1.0,6.0,17.0,0.0,0.0,0.0,0.0,
ITA-Serie A,2425,2024-11-02 Udinese-Juventus,Juventus,Michele Di Gregorio,False,Goalkeeper,1,start,end,1.0,0.0,1.0,0.0,0.0,0.0,0.0,0.0,2.0,10.0,0.0,0.0,0.0,0.0,
ITA-Serie A,2425,2024-11-02 Udinese-Juventus,Udinese,Maduka Okoye,True,Goalkeeper,1,start,end,1.0,0.0,0.0,1.0,0.0,0.0,0.0,2.0,4.0,9.0,0.0,0.0,0.0,0.0,
ITA-Serie A,2425,2024-11-03 Hellas Verona-AS Roma,AS Roma,Mile Svilar,False,Goalkeeper,1,start,end,1.0,0.0,0.0,0.0,0.0,0.0,1.0,3.0,0.0,4.0,0.0,0.0,0.0,0.0,
ITA-Serie A,2425,2024-11-03 Hellas Verona-AS Roma,Hellas Verona,Lorenzo Montipò,True,Goalkeeper,1,start,end,1.0,0.0,0.0,0.0,0.0,0.0,0.0,2.0,1.0,12.0,0.0,0.0,0.0,0.0,
ITA-Serie A,2425,2024-11-03 Internazionale-Venezia,Internazionale,Yann Sommer,True,Goalkeeper,1,start,end,1.0,0.0,0.0,0.0,0.0,0.0,0.0,0.0,2.0,7.0,0.0,0.0,0.0,0.0,
ITA-Serie A,2425,2024-11-03 Internazionale-Venezia,Venezia,Filip Stankovic,False,Goalkeeper,1,start,end,1.0,0.0,0.0,0.0,0.0,0.0,0.0,1.0,7.0,18.0,0.0,0.0,0.0,0.0,
ITA-Serie A,2425,2024-11-03 Napoli-Atalanta,Atalanta,Marco Carnesecchi,False,Goalkeeper,1,start,end,1.0,0.0,0.0,0.0,0.0,0.0,0.0,0.0,3.0,13.0,0.0,0.0,0.0,0.0,
ITA-Serie A,2425,2024-11-03 Napoli-Atalanta,Napoli,Alex Meret,True,Goalkeeper,1,start,end,1.0,0.0,0.0,0.0,0.0,0.0,0.0,3.0,0.0,8.0,0.0,0.0,0.0,0.0,
ITA-Serie A,2425,2024-11-03 Torino-Fiorentina,Fiorentina,David de Gea,False,Goalkeeper,1,start,end,1.0,0.0,0.0,0.0,0.0,0.0,0.0,0.0,1.0,9.0,0.0,0.0,0.0,0.0,
ITA-Serie A,2425,2024-11-03 Torino-Fiorentina,Torino,Vanja Milinkovic-Savic,True,Goalkeeper,1,start,end,1.0,0.0,0.0,0.0,0.0,0.0,0.0,1.0,2.0,7.0,0.0,0.0,0.0,0.0,
ITA-Serie A,2425,2024-11-04 Empoli-Como,Como,Pepe Reina,False,Goalkeeper,1,start,end,1.0,0.0,1.0,0.0,0.0,0.0,0.0,1.0,3.0,8.0,0.0,0.0,0.0,0.0,
ITA-Serie A,2425,2024-11-04 Empoli-Como,Empoli,Devis Vásquez,True,Goalkeeper,1,start,end,1.0,0.0,1.0,0.0,0.0,0.0,0.0,0.0,2.0,12.0,0.0,0.0,0.0,0.0,
ITA-Serie A,2425,2024-11-04 Lazio-Cagliari,Cagliari,Simone Scuffet,False,Goalkeeper,1,start,end,1.0,0.0,0.0,0.0,0.0,0.0,0.0,2.0,2.0,18.0,0.0,0.0,0.0,0.0,
ITA-Serie A,2425,2024-11-04 Lazio-Cagliari,Lazio,Ivan Provedel,True,Goalkeeper,1,start,end,1.0,0.0,0.0,0.0,0.0,0.0,0.0,1.0,0.0,5.0,0.0,0.0,0.0,0.0,
ITA-Serie A,2425,2024-11-04 Parma-Genoa,Genoa,Nicola Leali,False,Goalkeeper,1,start,end,1.0,1.0,0.0,0.0,0.0,0.0,1.0,0.0,0.0,13.0,0.0,0.0,0.0,0.0,
ITA-Serie A,2425,2024-11-04 Parma-Genoa,Parma,Zion Suzuki,True,Goalkeeper,1,start,end,1.0,0.0,1.0,0.0,0.0,0.0,0.0,1.0,6.0,16.0,0.0,0.0,0.0,0.0,
ITA-Serie A,2425,2024-11-07 Genoa-Como,Como,Pepe Reina,False,Goalkeeper,1,start,end,1.0,0.0,0.0,0.0,0.0,0.0,0.0,1.0,3.0,7.0,0.0,0.0,0.0,0.0,
ITA-Serie A,2425,2024-11-07 Genoa-Como,Genoa,Nicola Leali,True,Goalkeeper,1,start,end,1.0,0.0,0.0,0.0,0.0,0.0,0.0,1.0,7.0,17.0,0.0,0.0,0.0,0.0,
ITA-Serie A,2425,2024-11-08 Lecce-Empoli,Empoli,Devis Vásquez,False,Goalkeeper,1,start,end,1.0,0.0,0.0,0.0,0.0,0.0,0.0,1.0,2.0,19.0,0.0,0.0,0.0,0.0,
ITA-Serie A,2425,2024-11-08 Lecce-Empoli,Lecce,Wladimiro Falcone,True,Goalkeeper,1,start,end,1.0,0.0,1.0,0.0,0.0,0.0,0.0,1.0,5.0,10.0,0.0,0.0,0.0,0.0,
ITA-Serie A,2425,2024-11-09 Cagliari-AC Milan,AC Milan,Mike Maignan,False,Goalkeeper,1,start,end,1.0,0.0,0.0,0.0,0.0,0.0,0.0,3.0,3.0,10.0,0.0,0.0,0.0,0.0,
ITA-Serie A,2425,2024-11-09 Cagliari-AC Milan,Cagliari,Alen Sherri,True,Goalkeeper,1,start,end,1.0,0.0,0.0,0.0,0.0,0.0,0.0,3.0,3.0,9.0,0.0,0.0,0.0,0.0,
ITA-Serie A,2425,2024-11-09 Juventus-Torino,Juventus,Mattia Perin,True,Goalkeeper,1,start,end,1.0,0.0,0.0,0.0,0.0,0.0,0.0,0.0,1.0,6.0,0.0,0.0,0.0,0.0,
ITA-Serie A,2425,2024-11-09 Juventus-Torino,Torino,Vanja Milinkovic-Savic,False,Goalkeeper,1,start,end,1.0,0.0,1.0,0.0,0.0,0.0,0.0,2.0,2.0,11.0,0.0,0.0,0.0,0.0,
ITA-Serie A,2425,2024-11-09 Venezia-Parma,Parma,Zion Suzuki,False,Goalkeeper,1,start,end,1.0,0.0,0.0,0.0,0.0,0.0,0.0,1.0,5.0,11.0,0.0,0.0,0.0,0.0,
ITA-Serie A,2425,2024-11-09 Venezia-Parma,Venezia,Filip Stankovic,True,Goalkeeper,1,start,end,1.0,0.0,0.0,0.0,0.0,0.0,0.0,2.0,2.0,8.0,0.0,0.0,0.0,0.0,
ITA-Serie A,2425,2024-11-10 AS Roma-Bologna,AS Roma,Mile Svilar,True,Goalkeeper,1,start,end,1.0,0.0,0.0,0.0,0.0,0.0,0.0,3.0,1.0,12.0,0.0,0.0,0.0,0.0,
ITA-Serie A,2425,2024-11-10 AS Roma-Bologna,Bologna,Lukasz Skorupski,False,Goalkeeper,1,start,end,1.0,0.0,0.0,0.0,0.0,0.0,0.0,2.0,3.0,12.0,0.0,0.0,0.0,0.0,
ITA-Serie A,2425,2024-11-10 Atalanta-Udinese,Atalanta,Marco Carnesecchi,True,Goalkeeper,1,start,end,1.0,0.0,0.0,0.0,0.0,0.0,0.0,1.0,5.0,10.0,0.0,0.0,0.0,0.0,
ITA-Serie A,2425,2024-11-10 Atalanta-Udinese,Udinese,Maduka Okoye,False,Goalkeeper,1,start,end,1.0,0.0,0.0,0.0,0.0,0.0,0.0,2.0,2.0,9.0,0.0,0.0,0.0,0.0,
ITA-Serie A,2425,2024-11-10 Fiorentina-Hellas Verona,Fiorentina,David de Gea,True,Goalkeeper,1,start,end,1.0,0.0,0.0,0.0,0.0,0.0,0.0,1.0,1.0,7.0,1.0,0.0,0.0,0.0,
ITA-Serie A,2425,2024-11-10 Fiorentina-Hellas Verona,Hellas Verona,Lorenzo Montipò,False,Goalkeeper,1,start,end,1.0,0.0,0.0,0.0,0.0,0.0,0.0,3.0,3.0,8.0,0.0,0.0,0.0,0.0,
ITA-Serie A,2425,2024-11-10 Internazionale-Napoli,Internazionale,Yann Sommer,True,Goalkeeper,1,start,end,1.0,0.0,0.0,0.0,0.0,0.0,0.0,1.0,1.0,4.0,0.0,0.0,0.0,0.0,
ITA-Serie A,2425,2024-11-10 Internazionale-Napoli,Napoli,Alex Meret,False,Goalkeeper,1,start,end,1.0,0.0,0.0,0.0,0.0,0.0,0.0,1.0,3.0,11.0,0.0,0.0,0.0,0.0,
ITA-Serie A,2425,2024-11-10 Monza-Lazio,Lazio,Ivan Provedel,False,Goalkeeper,1,start,end,1.0,0.0,0.0,0.0,0.0,0.0,0.0,0.0,2.0,13.0,0.0,0.0,0.0,0.0,
ITA-Serie A,2425,2024-11-10 Monza-Lazio,Monza,Stefano Turati,True,Goalkeeper,1,start,end,1.0,0.0,1.0,0.0,0.0,0.0,0.0,1.0,4.0,13.0,0.0,0.0,0.0,0.0,
ITA-Serie A,2425,2024-11-23 AC Milan-Juventus,AC Milan,Mike Maignan,True,Goalkeeper,1,start,end,1.0,0.0,0.0,0.0,0.0,0.0,0.0,0.0,2.0,8.0,0.0,0.0,0.0,0.0,
ITA-Serie A,2425,2024-11-23 AC Milan-Juventus,Juventus,Michele Di Gregorio,False,Goalkeeper,1,start,end,1.0,0.0,0.0,0.0,0.0,0.0,0.0,0.0,1.0,6.0,0.0,0.0,0.0,0.0,
ITA-Serie A,2425,2024-11-23 Hellas Verona-Internazionale,Hellas Verona,Lorenzo Montipò,True,Goalkeeper,1,start,end,1.0,0.0,0.0,0.0,0.0,0.0,0.0,5.0,2.0,6.0,0.0,0.0,0.0,0.0,
ITA-Serie A,2425,2024-11-23 Hellas Verona-Internazionale,Internazionale,Yann Sommer,False,Goalkeeper,1,start,end,1.0,0.0,0.0,0.0,0.0,0.0,0.0,0.0,2.0,9.0,0.0,0.0,0.0,0.0,
ITA-Serie A,2425,2024-11-23 Parma-Atalanta,Atalanta,Marco Carnesecchi,False,Goalkeeper,1,start,end,1.0,0.0,0.0,0.0,0.0,0.0,0.0,1.0,2.0,8.0,0.0,0.0,0.0,0.0,
ITA-Serie A,2425,2024-11-23 Parma-Atalanta,Parma,Zion Suzuki,True,Goalkeeper,1,start,end,1.0,0.0,0.0,0.0,0.0,0.0,0.0,3.0,3.0,12.0,0.0,0.0,0.0,0.0,
ITA-Serie A,2425,2024-11-24 Como-Fiorentina,Como,Emil Audero,True,Goalkeeper,1,start,end,1.0,0.0,0.0,0.0,0.0,0.0,0.0,2.0,2.0,6.0,0.0,0.0,0.0,0.0,
ITA-Serie A,2425,2024-11-24 Como-Fiorentina,Fiorentina,David de Gea,False,Goalkeeper,1,start,end,1.0,0.0,1.0,0.0,0.0,0.0,0.0,0.0,4.0,10.0,0.0,0.0,0.0,0.0,
ITA-Serie A,2425,2024-11-24 Genoa-Cagliari,Cagliari,Alen Sherri,False,Goalkeeper,1,start,end,1.0,0.0,0.0,0.0,0.0,0.0,0.0,2.0,4.0,17.0,0.0,0.0,0.0,0.0,
ITA-Serie A,2425,2024-11-24 Genoa-Cagliari,Genoa,Nicola Leali,True,Goalkeeper,1,start,end,1.0,0.0,0.0,0.0,0.0,0.0,0.0,2.0,4.0,15.0,0.0,0.0,0.0,0.0,
ITA-Serie A,2425,2024-11-24 Lazio-Bologna,Bologna,Federico Ravaglia,False,Goalkeeper,1,start,end,1.0,0.0,0.0,0.0,0.0,0.0,0.0,3.0,1.0,10.0,0.0,0.0,0.0,0.0,
ITA-Serie A,2425,2024-11-24 Lazio-Bologna,Lazio,Ivan Provedel,True,Goalkeeper,1,start,end,1.0,0.0,0.0,0.0,0.0,0.0,0.0,0.0,1.0,3.0,0.0,0.0,0.0,0.0,
ITA-Serie A,2425,2024-11-24 Napoli-AS Roma,AS Roma,Mile Svilar,False,Goalkeeper,1,start,end,1.0,0.0,0.0,0.0,0.0,0.0,0.0,1.0,1.0,14.0,0.0,0.0,0.0,0.0,
ITA-Serie A,2425,2024-11-24 Napoli-AS Roma,Napoli,Alex Meret,True,Goalkeeper,1,start,end,1.0,0.0,0.0,0.0,0.0,0.0,0.0,0.0,1.0,7.0,0.0,0.0,0.0,0.0,
ITA-Serie A,2425,2024-11-24 Torino-Monza,Monza,Stefano Turati,False,Goalkeeper,1,start,end,1.0,0.0,0.0,0.0,0.0,0.0,0.0,1.0,3.0,10.0,0.0,0.0,0.0,0.0,
ITA-Serie A,2425,2024-11-24 Torino-Monza,Torino,Vanja Milinkovic-Savic,True,Goalkeeper,1,start,end,1.0,0.0,0.0,0.0,0.0,0.0,0.0,1.0,5.0,8.0,0.0,0.0,0.0,0.0,
ITA-Serie A,2425,2024-11-25 Empoli-Udinese,Empoli,Devis Vásquez,True,Goalkeeper,1,start,end,1.0,0.0,0.0,0.0,0.0,0.0,0.0,1.0,2.0,16.0,0.0,0.0,0.0,0.0,
ITA-Serie A,2425,2024-11-25 Empoli-Udinese,Udinese,Maduka Okoye,False,Goalkeeper,1,start,end,1.0,0.0,0.0,0.0,0.0,0.0,0.0,1.0,1.0,3.0,0.0,0.0,0.0,0.0,
ITA-Serie A,2425,2024-11-25 Venezia-Lecce,Lecce,Wladimiro Falcone,False,Goalkeeper,1,start,end,1.0,0.0,1.0,0.0,0.0,0.0,0.0,0.0,6.0,16.0,0.0,0.0,0.0,0.0,
ITA-Serie A,2425,2024-11-25 Venezia-Lecce,Venezia,Filip Stankovic,True,Goalkeeper,1,start,end,1.0,0.0,0.0,0.0,0.0,0.0,0.0,1.0,1.0,6.0,0.0,0.0,0.0,0.0,
ITA-Serie A,2425,2024-11-29 Cagliari-Hellas Verona,Cagliari,Alen Sherri,True,Goalkeeper,1,start,end,1.0,0.0,0.0,0.0,0.0,0.0,0.0,0.0,2.0,11.0,0.0,0.0,0.0,0.0,
ITA-Serie A,2425,2024-11-29 Cagliari-Hellas Verona,Hellas Verona,Lorenzo Montipò,False,Goalkeeper,1,start,end,1.0,0.0,1.0,0.0,0.0,0.0,0.0,1.0,4.0,17.0,0.0,0.0,0.0,0.0,
ITA-Serie A,2425,2024-11-30 AC Milan-Empoli,AC Milan,Mike Maignan,True,Goalkeeper,1,start,end,1.0,0.0,0.0,0.0,0.0,0.0,0.0,0.0,0.0,8.0,0.0,0.0,0.0,0.0,
ITA-Serie A,2425,2024-11-30 AC Milan-Empoli,Empoli,Devis Vásquez,False,Goalkeeper,1,start,end,1.0,0.0,0.0,0.0,0.0,0.0,0.0,3.0,1.0,16.0,0.0,0.0,0.0,0.0,
ITA-Serie A,2425,2024-11-30 Bologna-Venezia,Bologna,Lukasz Skorupski,True,Goalkeeper,1,start,end,1.0,0.0,0.0,0.0,0.0,0.0,0.0,0.0,1.0,4.0,0.0,0.0,0.0,0.0,
ITA-Serie A,2425,2024-11-30 Bologna-Venezia,Venezia,Filip Stankovic,False,Goalkeeper,1,start,end,1.0,0.0,0.0,0.0,0.0,0.0,0.0,3.0,6.0,13.0,0.0,0.0,0.0,0.0,
ITA-Serie A,2425,2024-11-30 Como-Monza,Como,Pepe Reina,True,Goalkeeper,1,start,end,1.0,0.0,0.0,0.0,0.0,0.0,0.0,1.0,2.0,8.0,0.0,0.0,0.0,0.0,
ITA-Serie A,2425,2024-11-30 Como-Monza,Monza,Stefano Turati,False,Goalkeeper,1,start,end,1.0,0.0,0.0,0.0,0.0,0.0,0.0,1.0,2.0,16.0,0.0,0.0,0.0,0.0,
ITA-Serie A,2425,2024-12-01 Lecce-Juventus,Juventus,Mattia Perin,False,Goalkeeper,1,start,end,1.0,0.0,0.0,0.0,0.0,0.0,0.0,1.0,5.0,8.0,0.0,0.0,0.0,0.0,
ITA-Serie A,2425,2024-12-01 Lecce-Juventus,Lecce,Wladimiro Falcone,True,Goalkeeper,1,start,end,1.0,0.0,1.0,0.0,0.0,0.0,0.0,1.0,2.0,13.0,0.0,0.0,0.0,0.0,
ITA-Serie A,2425,2024-12-01 Parma-Lazio,Lazio,Ivan Provedel,False,Goalkeeper,1,start,end,1.0,0.0,0.0,0.0,0.0,0.0,0.0,3.0,1.0,9.0,0.0,0.0,0.0,0.0,
ITA-Serie A,2425,2024-12-01 Parma-Lazio,Parma,Zion Suzuki,True,Goalkeeper,1,start,end,1.0,0.0,0.0,0.0,0.0,0.0,0.0,1.0,5.0,20.0,0.0,0.0,0.0,0.0,
ITA-Serie A,2425,2024-12-01 Torino-Napoli,Napoli,Alex Meret,False,Goalkeeper,1,start,end,1.0,0.0,0.0,0.0,0.0,0.0,0.0,0.0,1.0,4.0,0.0,0.0,0.0,0.0,
ITA-Serie A,2425,2024-12-01 Torino-Napoli,Torino,Vanja Milinkovic-Savic,True,Goalkeeper,1,start,end,1.0,0.0,1.0,0.0,0.0,0.0,0.0,1.0,5.0,15.0,0.0,0.0,0.0,0.0,
ITA-Serie A,2425,2024-12-01 Udinese-Genoa,Genoa,Nicola Leali,False,Goalkeeper,1,start,end,1.0,0.0,0.0,0.0,0.0,0.0,0.0,0.0,2.0,4.0,0.0,0.0,0.0,0.0,
ITA-Serie A,2425,2024-12-01 Udinese-Genoa,Udinese,Maduka Okoye,True,Goalkeeper,1,start,end,1.0,0.0,0.0,0.0,0.0,0.0,0.0,2.0,2.0,13.0,0.0,0.0,0.0,0.0,
ITA-Serie A,2425,2024-12-02 AS Roma-Atalanta,AS Roma,Mile Svilar,True,Goalkeeper,1,start,end,1.0,0.0,0.0,0.0,0.0,0.0,0.0,2.0,5.0,16.0,0.0,0.0,0.0,0.0,
ITA-Serie A,2425,2024-12-02 AS Roma-Atalanta,Atalanta,Marco Carnesecchi,False,Goalkeeper,1,start,end,1.0,0.0,1.0,0.0,0.0,0.0,0.0,0.0,2.0,6.0,0.0,0.0,0.0,0.0,
ITA-Serie A,2425,2024-12-06 Atalanta-AC Milan,AC Milan,Mike Maignan,False,Goalkeeper,1,start,end,1.0,0.0,0.0,0.0,0.0,0.0,0.0,2.0,6.0,15.0,0.0,0.0,0.0,0.0,
ITA-Serie A,2425,2024-12-06 Atalanta-AC Milan,Atalanta,Marco Carnesecchi,True,Goalkeeper,1,start,end,1.0,0.0,0.0,0.0,0.0,0.0,0.0,1.0,1.0,5.0,0.0,0.0,0.0,0.0,
ITA-Serie A,2425,2024-12-06 Internazionale-Parma,Internazionale,Yann Sommer,True,Goalkeeper,1,start,end,1.0,0.0,0.0,0.0,0.0,0.0,0.0,1.0,1.0,4.0,0.0,0.0,0.0,0.0,
ITA-Serie A,2425,2024-12-06 Internazionale-Parma,Parma,Zion Suzuki,False,Goalkeeper,1,start,end,1.0,0.0,0.0,0.0,0.0,0.0,0.0,3.0,2.0,15.0,0.0,0.0,0.0,0.0,
ITA-Serie A,2425,2024-12-07 AS Roma-Lecce,AS Roma,Mile Svilar,True,Goalkeeper,1,start,end,1.0,0.0,0.0,0.0,0.0,0.0,0.0,1.0,0.0,2.0,0.0,0.0,0.0,0.0,
ITA-Serie A,2425,2024-12-07 AS Roma-Lecce,Lecce,Wladimiro Falcone,False,Goalkeeper,1,start,end,1.0,0.0,0.0,0.0,0.0,0.0,0.0,4.0,4.0,19.0,0.0,0.0,0.0,0.0,
ITA-Serie A,2425,2024-12-07 Genoa-Torino,Genoa,Nicola Leali,True,Goalkeeper,1,start,end,1.0,0.0,0.0,0.0,0.0,0.0,0.0,0.0,3.0,9.0,0.0,0.0,0.0,0.0,
ITA-Serie A,2425,2024-12-07 Genoa-Torino,Torino,Vanja Milinkovic-Savic,False,Goalkeeper,1,start,end,1.0,0.0,0.0,0.0,0.0,0.0,0.0,0.0,1.0,5.0,0.0,0.0,0.0,0.0,
ITA-Serie A,2425,2024-12-07 Juventus-Bologna,Bologna,Lukasz Skorupski,False,Goalkeeper,1,start,end,1.0,0.0,0.0,0.0,0.0,0.0,0.0,2.0,1.0,7.0,0.0,0.0,0.0,0.0,
ITA-Serie A,2425,2024-12-07 Juventus-Bologna,Juventus,Mattia Perin,True,Goalkeeper,1,start,end,1.0,0.0,0.0,0.0,0.0,0.0,0.0,2.0,2.0,9.0,0.0,0.0,0.0,0.0,
ITA-Serie A,2425,2024-12-08 Fiorentina-Cagliari,Cagliari,Alen Sherri,False,Goalkeeper,1,start,end,1.0,0.0,0.0,0.0,0.0,0.0,0.0,1.0,2.0,8.0,0.0,0.0,0.0,0.0,
ITA-Serie A,2425,2024-12-08 Fiorentina-Cagliari,Fiorentina,David de Gea,True,Goalkeeper,1,start,end,1.0,0.0,0.0,0.0,0.0,0.0,0.0,0.0,1.0,9.0,0.0,0.0,0.0,0.0,
ITA-Serie A,2425,2024-12-08 Hellas Verona-Empoli,Empoli,Devis Vásquez,False,Goalkeeper,1,start,end,1.0,0.0,0.0,0.0,0.0,0.0,0.0,1.0,2.0,11.0,0.0,0.0,0.0,0.0,
ITA-Serie A,2425,2024-12-08 Hellas Verona-Empoli,Hellas Verona,Lorenzo Montipò,True,Goalkeeper,1,start,end,1.0,0.0,0.0,0.0,0.0,0.0,0.0,4.0,1.0,11.0,0.0,0.0,0.0,0.0,
ITA-Serie A,2425,2024-12-08 Napoli-Lazio,Lazio,Ivan Provedel,False,Goalkeeper,1,start,end,1.0,0.0,2.0,0.0,0.0,0.0,0.0,0.0,1.0,9.0,0.0,0.0,0.0,0.0,
ITA-Serie A,2425,2024-12-08 Napoli-Lazio,Napoli,Alex Meret,True,Goalkeeper,1,start,end,1.0,0.0,0.0,0.0,0.0,0.0,0.0,1.0,2.0,6.0,0.0,0.0,0.0,0.0,
ITA-Serie A,2425,2024-12-08 Venezia-Como,Como,Pepe Reina,False,Goalkeeper,1,start,end,1.0,0.0,0.0,0.0,0.0,0.0,0.0,2.0,2.0,5.0,0.0,0.0,0.0,0.0,
ITA-Serie A,2425,2024-12-08 Venezia-Como,Venezia,Filip Stankovic,True,Goalkeeper,1,start,end,1.0,0.0,0.0,0.0,0.0,0.0,0.0,2.0,3.0,9.0,0.0,0.0,0.0,0.0,
ITA-Serie A,2425,2024-12-09 Monza-Udinese,Monza,Stefano Turati,True,Goalkeeper,1,start,end,1.0,0.0,0.0,0.0,0.0,0.0,0.0,2.0,1.0,7.0,0.0,0.0,0.0,0.0,
ITA-Serie A,2425,2024-12-09 Monza-Udinese,Udinese,Razvan Sava,False,Goalkeeper,1,start,end,1.0,0.0,1.0,0.0,0.0,0.0,0.0,1.0,3.0,21.0,0.0,0.0,0.0,0.0,
ITA-Serie A,2425,2024-12-13 Empoli-Torino,Empoli,Devis Vásquez,True,Goalkeeper,1,start,end,1.0,0.0,0.0,0.0,0.0,0.0,0.0,1.0,3.0,13.0,0.0,0.0,0.0,0.0,
ITA-Serie A,2425,2024-12-13 Empoli-Torino,Torino,Vanja Milinkovic-Savic,False,Goalkeeper,1,start,end,1.0,0.0,1.0,0.0,0.0,0.0,0.0,0.0,4.0,10.0,0.0,0.0,0.0,0.0,
ITA-Serie A,2425,2024-12-14 Cagliari-Atalanta,Atalanta,Marco Carnesecchi,False,Goalkeeper,1,start,end,1.0,0.0,0.0,0.0,0.0,0.0,0.0,0.0,8.0,12.0,0.0,0.0,0.0,0.0,
ITA-Serie A,2425,2024-12-14 Cagliari-Atalanta,Cagliari,Alen Sherri,True,Goalkeeper,1,start,end,1.0,0.0,0.0,0.0,0.0,0.0,0.0,1.0,1.0,12.0,0.0,0.0,0.0,0.0,
ITA-Serie A,2425,2024-12-14 Juventus-Venezia,Juventus,Michele Di Gregorio,True,Goalkeeper,1,start,end,1.0,0.0,0.0,0.0,0.0,0.0,0.0,2.0,0.0,6.0,0.0,0.0,0.0,0.0,
ITA-Serie A,2425,2024-12-14 Juventus-Venezia,Venezia,Filip Stankovic,False,Goalkeeper,1,start,end,1.0,0.0,0.0,0.0,0.0,0.0,0.0,2.0,3.0,10.0,0.0,0.0,0.0,0.0,
ITA-Serie A,2425,2024-12-14 Udinese-Napoli,Napoli,Alex Meret,False,Goalkeeper,1,start,end,1.0,0.0,0.0,0.0,0.0,0.0,0.0,1.0,2.0,5.0,0.0,0.0,0.0,0.0,
ITA-Serie A,2425,2024-12-14 Udinese-Napoli,Udinese,Razvan Sava,True,Goalkeeper,1,start,end,1.0,0.0,0.0,0.0,0.0,0.0,0.0,3.0,3.0,15.0,0.0,0.0,0.0,0.0,
ITA-Serie A,2425,2024-12-15 AC Milan-Genoa,AC Milan,Mike Maignan,True,Goalkeeper,1,start,end,1.0,0.0,0.0,0.0,0.0,0.0,0.0,0.0,1.0,5.0,0.0,0.0,0.0,0.0,
ITA-Serie A,2425,2024-12-15 AC Milan-Genoa,Genoa,Nicola Leali,False,Goalkeeper,1,start,end,1.0,0.0,0.0,0.0,0.0,0.0,0.0,0.0,5.0,22.0,0.0,0.0,0.0,0.0,
ITA-Serie A,2425,2024-12-15 Bologna-Fiorentina,Bologna,Lukasz Skorupski,True,Goalkeeper,1,start,end,1.0,0.0,0.0,0.0,0.0,0.0,0.0,0.0,4.0,10.0,0.0,0.0,0.0,0.0,
ITA-Serie A,2425,2024-12-15 Bologna-Fiorentina,Fiorentina,David de Gea,False,Goalkeeper,1,start,end,1.0,0.0,0.0,0.0,0.0,0.0,0.0,1.0,5.0,15.0,0.0,0.0,0.0,0.0,
ITA-Serie A,2425,2024-12-15 Como-AS Roma,AS Roma,Mile Svilar,False,Goalkeeper,1,start,end,1.0,0.0,0.0,0.0,0.0,0.0,0.0,2.0,5.0,16.0,0.0,0.0,0.0,0.0,
ITA-Serie A,2425,2024-12-15 Como-AS Roma,Como,Pepe Reina,True,Goalkeeper,1,start,end,1.0,0.0,0.0,0.0,0.0,0.0,0.0,0.0,1.0,6.0,0.0,0.0,0.0,0.0,
ITA-Serie A,2425,2024-12-15 Lecce-Monza,Lecce,Wladimiro Falcone,True,Goalkeeper,1,start,end,1.0,0.0,0.0,0.0,0.0,0.0,0.0,1.0,0.0,8.0,0.0,0.0,0.0,0.0,
ITA-Serie A,2425,2024-12-15 Lecce-Monza,Monza,Stefano Turati,False,Goalkeeper,1,start,end,1.0,0.0,0.0,0.0,0.0,0.0,0.0,2.0,2.0,7.0,0.0,0.0,0.0,0.0,
ITA-Serie A,2425,2024-12-15 Parma-Hellas Verona,Hellas Verona,Lorenzo Montipò,False,Goalkeeper,1,start,end,1.0,0.0,0.0,0.0,0.0,0.0,0.0,2.0,5.0,17.0,0.0,0.0,0.0,0.0,
ITA-Serie A,2425,2024-12-15 Parma-Hellas Verona,Parma,Zion Suzuki,True,Goalkeeper,1,start,end,1.0,0.0,0.0,0.0,0.0,0.0,0.0,3.0,3.0,14.0,0.0,0.0,0.0,0.0,
ITA-Serie A,2425,2024-12-16 Lazio-Internazionale,Internazionale,Yann Sommer,False,Goalkeeper,1,start,end,1.0,0.0,0.0,0.0,0.0,0.0,0.0,0.0,2.0,9.0,0.0,0.0,0.0,0.0,
ITA-Serie A,2425,2024-12-16 Lazio-Internazionale,Lazio,Ivan Provedel,True,Goalkeeper,1,start,end,1.0,0.0,0.0,0.0,0.0,0.0,0.0,6.0,1.0,6.0,0.0,0.0,0.0,0.0,
ITA-Serie A,2425,2024-12-20 Hellas Verona-AC Milan,AC Milan,Mike Maignan,False,Goalkeeper,1,start,end,1.0,0.0,0.0,0.0,0.0,0.0,0.0,0.0,2.0,10.0,0.0,0.0,0.0,0.0,
ITA-Serie A,2425,2024-12-20 Hellas Verona-AC Milan,Hellas Verona,Lorenzo Montipò,True,Goalkeeper,1,start,end,1.0,0.0,1.0,0.0,0.0,0.0,0.0,1.0,5.0,13.0,0.0,0.0,0.0,0.0,
ITA-Serie A,2425,2024-12-21 Genoa-Napoli,Genoa,Nicola Leali,True,Goalkeeper,1,start,end,1.0,0.0,1.0,0.0,0.0,0.0,0.0,2.0,0.0,9.0,0.0,0.0,0.0,0.0,
ITA-Serie A,2425,2024-12-21 Genoa-Napoli,Napoli,Alex Meret,False,Goalkeeper,1,start,end,1.0,0.0,0.0,0.0,0.0,0.0,0.0,1.0,2.0,9.0,0.0,0.0,0.0,0.0,
ITA-Serie A,2425,2024-12-21 Lecce-Lazio,Lazio,Ivan Provedel,False,Goalkeeper,1,start,end,1.0,0.0,1.0,0.0,0.0,0.0,0.0,1.0,1.0,7.0,0.0,0.0,0.0,0.0,
ITA-Serie A,2425,2024-12-21 Lecce-Lazio,Lecce,Wladimiro Falcone,True,Goalkeeper,1,start,end,1.0,0.0,0.0,0.0,0.0,0.0,0.0,2.0,4.0,11.0,0.0,0.0,0.0,0.0,
ITA-Serie A,2425,2024-12-21 Torino-Bologna,Bologna,Federico Ravaglia,False,Goalkeeper,1,start,end,1.0,0.0,0.0,0.0,0.0,0.0,0.0,0.0,0.0,6.0,0.0,0.0,0.0,0.0,
ITA-Serie A,2425,2024-12-21 Torino-Bologna,Torino,Vanja Milinkovic-Savic,True,Goalkeeper,1,start,end,1.0,0.0,0.0,0.0,0.0,0.0,0.0,2.0,2.0,5.0,0.0,0.0,0.0,0.0,
ITA-Serie A,2425,2024-12-22 AS Roma-Parma,AS Roma,Mile Svilar,True,Goalkeeper,1,start,end,1.0,0.0,0.0,0.0,0.0,0.0,0.0,0.0,3.0,9.0,0.0,0.0,0.0,0.0,
ITA-Serie A,2425,2024-12-22 AS Roma-Parma,Parma,Zion Suzuki,False,Goalkeeper,1,start,end,1.0,0.0,0.0,0.0,0.0,0.0,0.0,5.0,4.0,14.0,0.0,0.0,0.0,0.0,
ITA-Serie A,2425,2024-12-22 Atalanta-Empoli,Atalanta,Marco Carnesecchi,True,Goalkeeper,1,start,end,1.0,0.0,0.0,0.0,0.0,0.0,0.0,2.0,1.0,5.0,0.0,0.0,0.0,0.0,
ITA-Serie A,2425,2024-12-22 Atalanta-Empoli,Empoli,Devis Vásquez,False,Goalkeeper,1,start,end,1.0,0.0,0.0,0.0,0.0,0.0,0.0,3.0,3.0,13.0,0.0,0.0,0.0,0.0,
ITA-Serie A,2425,2024-12-22 Monza-Juventus,Juventus,Michele Di Gregorio,False,Goalkeeper,1,start,end,1.0,0.0,0.0,0.0,0.0,0.0,0.0,1.0,4.0,16.0,0.0,0.0,0.0,0.0,
ITA-Serie A,2425,2024-12-22 Monza-Juventus,Monza,Stefano Turati,True,Goalkeeper,1,start,end,1.0,0.0,1.0,0.0,0.0,0.0,0.0,2.0,7.0,14.0,0.0,0.0,0.0,0.0,
ITA-Serie A,2425,2024-12-22 Venezia-Cagliari,Cagliari,Alen Sherri,False,Goalkeeper,1,start,end,1.0,0.0,0.0,0.0,0.0,0.0,0.0,2.0,4.0,10.0,0.0,0.0,0.0,0.0,
ITA-Serie A,2425,2024-12-22 Venezia-Cagliari,Venezia,Filip Stankovic,True,Goalkeeper,1,start,end,1.0,0.0,1.0,0.0,0.0,0.0,0.0,1.0,6.0,12.0,0.0,0.0,0.0,0.0,
ITA-Serie A,2425,2024-12-23 Fiorentina-Udinese,Fiorentina,David de Gea,True,Goalkeeper,1,start,end,1.0,0.0,0.0,0.0,0.0,0.0,0.0,2.0,2.0,8.0,0.0,0.0,0.0,0.0,
ITA-Serie A,2425,2024-12-23 Fiorentina-Udinese,Udinese,Razvan Sava,False,Goalkeeper,1,start,end,1.0,0.0,0.0,0.0,0.0,0.0,1.0,1.0,3.0,14.0,0.0,0.0,0.0,0.0,
ITA-Serie A,2425,2024-12-23 Internazionale-Como,Como,Pepe Reina,False,Goalkeeper,1,start,end,1.0,0.0,0.0,0.0,0.0,0.0,0.0,2.0,3.0,15.0,0.0,0.0,0.0,0.0,
ITA-Serie A,2425,2024-12-23 Internazionale-Como,Internazionale,Yann Sommer,True,Goalkeeper,1,start,end,1.0,0.0,0.0,0.0,0.0,0.0,0.0,0.0,4.0,7.0,0.0,0.0,0.0,0.0,
ITA-Serie A,2425,2024-12-28 Cagliari-Internazionale,Cagliari,Simone Scuffet,True,Goalkeeper,1,start,end,1.0,0.0,0.0,0.0,0.0,0.0,0.0,3.0,2.0,16.0,0.0,0.0,0.0,0.0,
ITA-Serie A,2425,2024-12-28 Cagliari-Internazionale,Internazionale,Yann Sommer,False,Goalkeeper,1,start,end,1.0,0.0,1.0,0.0,0.0,0.0,0.0,0.0,1.0,5.0,0.0,0.0,0.0,0.0,
ITA-Serie A,2425,2024-12-28 Empoli-Genoa,Empoli,Devis Vásquez,True,Goalkeeper,1,start,end,1.0,0.0,1.0,0.0,0.0,0.0,0.0,2.0,3.0,11.0,0.0,0.0,0.0,0.0,
ITA-Serie A,2425,2024-12-28 Empoli-Genoa,Genoa,Nicola Leali,False,Goalkeeper,1,start,end,1.0,0.0,0.0,0.0,0.0,0.0,0.0,1.0,6.0,8.0,0.0,0.0,0.0,0.0,
ITA-Serie A,2425,2024-12-28 Lazio-Atalanta,Atalanta,Marco Carnesecchi,False,Goalkeeper,1,start,end,1.0,0.0,0.0,0.0,0.0,0.0,0.0,1.0,4.0,10.0,0.0,0.0,0.0,0.0,
ITA-Serie A,2425,2024-12-28 Lazio-Atalanta,Lazio,Ivan Provedel,True,Goalkeeper,1,start,end,1.0,0.0,0.0,0.0,0.0,0.0,0.0,1.0,2.0,13.0,0.0,0.0,0.0,0.0,
ITA-Serie A,2425,2024-12-28 Parma-Monza,Monza,Stefano Turati,False,Goalkeeper,1,start,end,1.0,0.0,0.0,0.0,0.0,0.0,0.0,2.0,1.0,7.0,0.0,0.0,0.0,0.0,
ITA-Serie A,2425,2024-12-28 Parma-Monza,Parma,Zion Suzuki,True,Goalkeeper,1,start,end,1.0,0.0,0.0,0.0,0.0,0.0,0.0,1.0,2.0,9.0,0.0,0.0,0.0,0.0,
ITA-Serie A,2425,2024-12-29 AC Milan-AS Roma,AC Milan,Mike Maignan,True,Goalkeeper,1,start,end,1.0,0.0,0.0,0.0,0.0,0.0,0.0,1.0,4.0,10.0,0.0,0.0,0.0,0.0,
ITA-Serie A,2425,2024-12-29 AC Milan-AS Roma,AS Roma,Mile Svilar,False,Goalkeeper,1,start,end,1.0,0.0,1.0,0.0,0.0,0.0,0.0,1.0,6.0,18.0,0.0,0.0,0.0,0.0,
ITA-Serie A,2425,2024-12-29 Juventus-Fiorentina,Fiorentina,David de Gea,False,Goalkeeper,1,start,end,1.0,0.0,0.0,0.0,0.0,0.0,0.0,2.0,3.0,12.0,0.0,0.0,0.0,0.0,
ITA-Serie A,2425,2024-12-29 Juventus-Fiorentina,Juventus,Michele Di Gregorio,True,Goalkeeper,1,start,end,1.0,0.0,0.0,0.0,0.0,0.0,0.0,2.0,2.0,9.0,0.0,0.0,0.0,0.0,
ITA-Serie A,2425,2024-12-29 Napoli-Venezia,Napoli,Alex Meret,True,Goalkeeper,1,start,end,1.0,0.0,0.0,0.0,0.0,0.0,0.0,0.0,2.0,4.0,0.0,0.0,0.0,0.0,
ITA-Serie A,2425,2024-12-29 Napoli-Venezia,Venezia,Filip Stankovic,False,Goalkeeper,1,start,end,1.0,0.0,0.0,0.0,0.0,0.0,1.0,1.0,7.0,22.0,0.0,0.0,0.0,0.0,
ITA-Serie A,2425,2024-12-29 Udinese-Torino,Torino,Vanja Milinkovic-Savic,False,Goalkeeper,1,start,end,1.0,0.0,0.0,0.0,0.0,0.0,0.0,2.0,1.0,8.0,0.0,0.0,0.0,0.0,
ITA-Serie A,2425,2024-12-29 Udinese-Torino,Udinese,Razvan Sava,True,Goalkeeper,1,start,end,1.0,0.0,0.0,0.0,0.0,0.0,0.0,2.0,4.0,10.0,0.0,0.0,0.0,0.0,
ITA-Serie A,2425,2024-12-30 Bologna-Hellas Verona,Bologna,Lukasz Skorupski,True,Goalkeeper,1,start,end,1.0,0.0,0.0,0.0,0.0,0.0,0.0,3.0,1.0,5.0,0.0,0.0,0.0,0.0,
ITA-Serie A,2425,2024-12-30 Bologna-Hellas Verona,Hellas Verona,Lorenzo Montipò,False,Goalkeeper,1,start,end,1.0,0.0,1.0,0.0,0.0,0.0,0.0,2.0,5.0,17.0,0.0,0.0,0.0,0.0,
ITA-Serie A,2425,2024-12-30 Como-Lecce,Como,Pepe Reina,True,Goalkeeper,1,start,end,1.0,0.0,0.0,0.0,0.0,0.0,0.0,0.0,1.0,11.0,0.0,0.0,0.0,0.0,
ITA-Serie A,2425,2024-12-30 Como-Lecce,Lecce,Wladimiro Falcone,False,Goalkeeper,1,start,end,1.0,0.0,0.0,0.0,0.0,0.0,0.0,2.0,4.0,12.0,0.0,0.0,0.0,0.0,
ITA-Serie A,2425,2025-01-04 Fiorentina-Napoli,Fiorentina,David de Gea,True,Goalkeeper,1,start,end,1.0,0.0,0.0,0.0,0.0,0.0,0.0,3.0,1.0,7.0,0.0,0.0,0.0,0.0,
ITA-Serie A,2425,2025-01-04 Fiorentina-Napoli,Napoli,Alex Meret,False,Goalkeeper,1,start,end,1.0,0.0,1.0,0.0,0.0,0.0,0.0,0.0,2.0,14.0,0.0,0.0,0.0,0.0,
ITA-Serie A,2425,2025-01-04 Hellas Verona-Udinese,Hellas Verona,Lorenzo Montipò,True,Goalkeeper,1,start,end,1.0,0.0,0.0,0.0,0.0,0.0,0.0,0.0,6.0,14.0,0.0,0.0,0.0,0.0,
ITA-Serie A,2425,2025-01-04 Hellas Verona-Udinese,Udinese,Razvan Sava,False,Goalkeeper,1,start,end,1.0,0.0,0.0,0.0,0.0,0.0,0.0,0.0,3.0,14.0,0.0,0.0,0.0,0.0,
ITA-Serie A,2425,2025-01-04 Venezia-Empoli,Empoli,Devis Vásquez,False,Goalkeeper,1,start,end,1.0,0.0,0.0,0.0,0.0,0.0,0.0,1.0,2.0,7.0,0.0,0.0,0.0,0.0,
ITA-Serie A,2425,2025-01-04 Venezia-Empoli,Venezia,Filip Stankovic,True,Goalkeeper,1,start,end,1.0,0.0,0.0,0.0,0.0,0.0,0.0,1.0,4.0,17.0,0.0,0.0,0.0,0.0,
ITA-Serie A,2425,2025-01-05 AS Roma-Lazio,AS Roma,Mile Svilar,True,Goalkeeper,1,start,end,1.0,0.0,1.0,0.0,0.0,0.0,0.0,0.0,6.0,16.0,0.0,0.0,0.0,0.0,
ITA-Serie A,2425,2025-01-05 AS Roma-Lazio,Lazio,Ivan Provedel,False,Goalkeeper,1,start,end,1.0,0.0,0.0,0.0,0.0,0.0,0.0,2.0,3.0,5.0,0.0,0.0,0.0,0.0,
ITA-Serie A,2425,2025-01-05 Lecce-Genoa,Genoa,Nicola Leali,False,Goalkeeper,1,start,end,1.0,0.0,1.0,0.0,0.0,0.0,0.0,0.0,3.0,10.0,0.0,0.0,0.0,0.0,
ITA-Serie A,2425,2025-01-05 Lecce-Genoa,Lecce,Wladimiro Falcone,True,Goalkeeper,1,start,end,1.0,0.0,1.0,0.0,0.0,0.0,0.0,0.0,1.0,4.0,0.0,0.0,0.0,0.0,
ITA-Serie A,2425,2025-01-05 Monza-Cagliari,Cagliari,Simone Scuffet,False,Goalkeeper,1,start,end,1.0,0.0,0.0,0.0,0.0,0.0,0.0,1.0,1.0,5.0,0.0,0.0,0.0,0.0,
ITA-Serie A,2425,2025-01-05 Monza-Cagliari,Monza,Stefano Turati,True,Goalkeeper,1,start,end,1.0,0.0,1.0,0.0,0.0,0.0,0.0,2.0,2.0,11.0,0.0,0.0,0.0,0.0,
ITA-Serie A,2425,2025-01-05 Torino-Parma,Parma,Zion Suzuki,False,Goalkeeper,1,start,end,1.0,0.0,0.0,0.0,0.0,0.0,0.0,0.0,4.0,13.0,0.0,0.0,0.0,0.0,
ITA-Serie A,2425,2025-01-05 Torino-Parma,Torino,Vanja Milinkovic-Savic,True,Goalkeeper,1,start,end,1.0,0.0,0.0,0.0,0.0,0.0,0.0,0.0,3.0,10.0,0.0,0.0,0.0,0.0,
ITA-Serie A,2425,2025-01-10 Lazio-Como,Como,Jean Butez,False,Goalkeeper,1,start,end,1.0,0.0,0.0,0.0,0.0,0.0,0.0,1.0,3.0,11.0,0.0,0.0,0.0,0.0,
ITA-Serie A,2425,2025-01-10 Lazio-Como,Lazio,Ivan Provedel,True,Goalkeeper,1,start,end,1.0,0.0,1.0,0.0,0.0,0.0,0.0,1.0,2.0,17.0,0.0,0.0,0.0,0.0,
ITA-Serie A,2425,2025-01-11 AC Milan-Cagliari,AC Milan,Mike Maignan,True,Goalkeeper,1,start,end,1.0,0.0,0.0,0.0,0.0,0.0,0.0,1.0,1.0,5.0,0.0,0.0,0.0,0.0,
ITA-Serie A,2425,2025-01-11 AC Milan-Cagliari,Cagliari,Elia Caprile,False,Goalkeeper,1,start,end,1.0,0.0,2.0,0.0,0.0,0.0,0.0,1.0,11.0,22.0,0.0,0.0,0.0,0.0,
ITA-Serie A,2425,2025-01-11 Empoli-Lecce,Empoli,Jacopo Seghetti,True,Goalkeeper,1,start,end,1.0,0.0,0.0,0.0,0.0,0.0,0.0,3.0,3.0,11.0,0.0,0.0,0.0,0.0,
ITA-Serie A,2425,2025-01-11 Empoli-Lecce,Lecce,Wladimiro Falcone,False,Goalkeeper,1,start,end,1.0,0.0,0.0,0.0,0.0,0.0,0.0,1.0,4.0,14.0,0.0,0.0,0.0,0.0,
ITA-Serie A,2425,2025-01-11 Torino-Juventus,Juventus,Michele Di Gregorio,False,Goalkeeper,1,start,end,1.0,0.0,1.0,0.0,0.0,0.0,0.0,1.0,1.0,9.0,0.0,0.0,0.0,0.0,
ITA-Serie A,2425,2025-01-11 Torino-Juventus,Torino,Vanja Milinkovic-Savic,True,Goalkeeper,1,start,end,1.0,0.0,1.0,0.0,0.0,0.0,0.0,1.0,8.0,11.0,0.0,0.0,0.0,0.0,
ITA-Serie A,2425,2025-01-11 Udinese-Atalanta,Atalanta,Marco Carnesecchi,False,Goalkeeper,1,start,end,1.0,0.0,0.0,0.0,0.0,0.0,0.0,0.0,3.0,10.0,0.0,0.0,0.0,0.0,
ITA-Serie A,2425,2025-01-11 Udinese-Atalanta,Udinese,Razvan Sava,True,Goalkeeper,1,start,end,1.0,0.0,0.0,0.0,0.0,0.0,0.0,0.0,2.0,3.0,0.0,0.0,0.0,0.0,
ITA-Serie A,2425,2025-01-12 Bologna-AS Roma,AS Roma,Mile Svilar,False,Goalkeeper,1,start,end,1.0,0.0,1.0,0.0,0.0,0.0,0.0,2.0,6.0,12.0,0.0,0.0,0.0,0.0,
ITA-Serie A,2425,2025-01-12 Bologna-AS Roma,Bologna,Lukasz Skorupski,True,Goalkeeper,1,start,end,1.0,0.0,0.0,0.0,0.0,0.0,0.0,2.0,2.0,8.0,0.0,0.0,0.0,0.0,
ITA-Serie A,2425,2025-01-12 Genoa-Parma,Genoa,Nicola Leali,True,Goalkeeper,1,start,end,1.0,0.0,0.0,0.0,0.0,0.0,0.0,0.0,3.0,8.0,0.0,0.0,0.0,0.0,
ITA-Serie A,2425,2025-01-12 Genoa-Parma,Parma,Zion Suzuki,False,Goalkeeper,1,start,end,1.0,0.0,0.0,0.0,0.0,0.0,0.0,1.0,3.0,11.0,0.0,0.0,0.0,0.0,
ITA-Serie A,2425,2025-01-12 Napoli-Hellas Verona,Hellas Verona,Lorenzo Montipò,False,Goalkeeper,1,start,end,1.0,0.0,0.0,1.0,0.0,0.0,0.0,2.0,1.0,12.0,0.0,0.0,0.0,0.0,
ITA-Serie A,2425,2025-01-12 Napoli-Hellas Verona,Napoli,Alex Meret,True,Goalkeeper,1,start,end,1.0,0.0,0.0,0.0,0.0,0.0,0.0,0.0,2.0,6.0,0.0,0.0,0.0,0.0,
ITA-Serie A,2425,2025-01-12 Venezia-Internazionale,Internazionale,Yann Sommer,False,Goalkeeper,1,start,end,1.0,0.0,0.0,0.0,0.0,0.0,0.0,0.0,2.0,7.0,0.0,0.0,0.0,0.0,
ITA-Serie A,2425,2025-01-12 Venezia-Internazionale,Venezia,Filip Stankovic,True,Goalkeeper,1,start,end,1.0,0.0,0.0,0.0,0.0,0.0,0.0,1.0,5.0,16.0,0.0,0.0,0.0,0.0,
ITA-Serie A,2425,2025-01-13 Monza-Fiorentina,Fiorentina,David de Gea,False,Goalkeeper,1,start,end,1.0,0.0,0.0,0.0,0.0,0.0,0.0,2.0,1.0,8.0,0.0,0.0,0.0,0.0,
ITA-Serie A,2425,2025-01-13 Monza-Fiorentina,Monza,Stefano Turati,True,Goalkeeper,1,start,end,1.0,0.0,0.0,0.0,0.0,0.0,1.0,1.0,0.0,9.0,0.0,0.0,0.0,0.0,
ITA-Serie A,2425,2025-01-14 Atalanta-Juventus,Atalanta,Marco Carnesecchi,True,Goalkeeper,1,start,end,1.0,0.0,0.0,0.0,0.0,0.0,0.0,1.0,7.0,14.0,0.0,0.0,0.0,0.0,
ITA-Serie A,2425,2025-01-14 Atalanta-Juventus,Juventus,Michele Di Gregorio,False,Goalkeeper,1,start,end,1.0,0.0,0.0,0.0,0.0,0.0,0.0,1.0,4.0,16.0,0.0,0.0,0.0,0.0,
ITA-Serie A,2425,2025-01-14 Como-AC Milan,AC Milan,Mike Maignan,False,Goalkeeper,1,start,end,1.0,0.0,0.0,0.0,0.0,0.0,0.0,1.0,3.0,11.0,0.0,0.0,0.0,0.0,
ITA-Serie A,2425,2025-01-14 Como-AC Milan,Como,Jean Butez,True,Goalkeeper,1,start,end,1.0,0.0,0.0,0.0,0.0,0.0,0.0,2.0,4.0,10.0,0.0,0.0,0.0,0.0,
ITA-Serie A,2425,2025-01-15 Internazionale-Bologna,Bologna,Lukasz Skorupski,False,Goalkeeper,1,start,end,1.0,0.0,1.0,0.0,0.0,0.0,0.0,2.0,4.0,10.0,0.0,0.0,0.0,0.0,
ITA-Serie A,2425,2025-01-15 Internazionale-Bologna,Internazionale,Yann Sommer,True,Goalkeeper,1,start,end,1.0,0.0,0.0,0.0,0.0,0.0,0.0,2.0,4.0,12.0,0.0,0.0,0.0,0.0,
ITA-Serie A,2425,2025-01-17 AS Roma-Genoa,AS Roma,Mile Svilar,True,Goalkeeper,1,start,end,1.0,0.0,0.0,0.0,0.0,0.0,0.0,1.0,2.0,6.0,0.0,0.0,0.0,0.0,
ITA-Serie A,2425,2025-01-17 AS Roma-Genoa,Genoa,Nicola Leali,False,Goalkeeper,1,start,end,1.0,0.0,0.0,1.0,0.0,0.0,0.0,3.0,5.0,14.0,0.0,0.0,0.0,0.0,
ITA-Serie A,2425,2025-01-18 Atalanta-Napoli,Atalanta,Marco Carnesecchi,True,Goalkeeper,1,start,end,1.0,0.0,1.0,0.0,0.0,0.0,0.0,3.0,0.0,3.0,0.0,0.0,0.0,0.0,
ITA-Serie A,2425,2025-01-18 Atalanta-Napoli,Napoli,Alex Meret,False,Goalkeeper,1,start,end,1.0,0.0,0.0,0.0,0.0,0.0,0.0,2.0,4.0,13.0,0.0,0.0,0.0,0.0,
ITA-Serie A,2425,2025-01-18 Bologna-Monza,Bologna,Federico Ravaglia,True,Goalkeeper,1,start,end,1.0,0.0,0.0,0.0,0.0,0.0,0.0,1.0,0.0,2.0,0.0,0.0,0.0,0.0,
ITA-Serie A,2425,2025-01-18 Bologna-Monza,Monza,Stefano Turati,False,Goalkeeper,1,start,end,1.0,0.0,0.0,0.0,0.0,0.0,0.0,3.0,4.0,13.0,0.0,0.0,0.0,0.0,
ITA-Serie A,2425,2025-01-18 Juventus-AC Milan,AC Milan,Mike Maignan,False,Goalkeeper,1,start,end,1.0,0.0,0.0,0.0,0.0,0.0,0.0,2.0,4.0,12.0,0.0,0.0,0.0,0.0,
ITA-Serie A,2425,2025-01-18 Juventus-AC Milan,Juventus,Michele Di Gregorio,True,Goalkeeper,1,start,end,1.0,0.0,0.0,0.0,0.0,0.0,0.0,0.0,1.0,13.0,0.0,0.0,0.0,0.0,
ITA-Serie A,2425,2025-01-19 Cagliari-Lecce,Cagliari,Elia Caprile,True,Goalkeeper,1,start,end,1.0,0.0,0.0,0.0,0.0,0.0,0.0,1.0,1.0,6.0,0.0,0.0,0.0,0.0,
ITA-Serie A,2425,2025-01-19 Cagliari-Lecce,Lecce,Wladimiro Falcone,False,Goalkeeper,1,start,end,1.0,0.0,1.0,0.0,0.0,0.0,0.0,4.0,2.0,15.0,0.0,0.0,0.0,0.0,
ITA-Serie A,2425,2025-01-19 Fiorentina-Torino,Fiorentina,David de Gea,True,Goalkeeper,1,start,end,1.0,0.0,0.0,0.0,0.0,0.0,0.0,1.0,2.0,5.0,0.0,0.0,0.0,0.0,
ITA-Serie A,2425,2025-01-19 Fiorentina-Torino,Torino,Vanja Milinkovic-Savic,False,Goalkeeper,1,start,end,1.0,0.0,1.0,0.0,0.0,0.0,0.0,1.0,6.0,18.0,0.0,0.0,0.0,0.0,
ITA-Serie A,2425,2025-01-19 Hellas Verona-Lazio,Hellas Verona,Lorenzo Montipò,True,Goalkeeper,1,start,end,1.0,0.0,0.0,0.0,0.0,0.0,0.0,3.0,2.0,11.0,0.0,0.0,0.0,0.0,
ITA-Serie A,2425,2025-01-19 Hellas Verona-Lazio,Lazio,Ivan Provedel,False,Goalkeeper,1,start,end,1.0,0.0,0.0,0.0,0.0,0.0,0.0,0.0,3.0,15.0,0.0,0.0,0.0,0.0,
ITA-Serie A,2425,2025-01-19 Internazionale-Empoli,Empoli,Devis Vásquez,False,Goalkeeper,1,start,end,1.0,0.0,0.0,0.0,0.0,0.0,0.0,3.0,5.0,14.0,0.0,0.0,0.0,0.0,
ITA-Serie A,2425,2025-01-19 Internazionale-Empoli,Internazionale,Yann Sommer,True,Goalkeeper,1,start,end,1.0,0.0,0.0,0.0,0.0,0.0,0.0,1.0,0.0,4.0,0.0,0.0,0.0,0.0,
ITA-Serie A,2425,2025-01-19 Parma-Venezia,Parma,Zion Suzuki,True,Goalkeeper,1,start,end,1.0,0.0,0.0,0.0,0.0,0.0,0.0,1.0,1.0,7.0,0.0,0.0,0.0,0.0,
ITA-Serie A,2425,2025-01-19 Parma-Venezia,Venezia,Filip Stankovic,False,Goalkeeper,1,start,end,1.0,0.0,0.0,0.0,0.0,0.0,0.0,1.0,8.0,18.0,0.0,0.0,0.0,0.0,
ITA-Serie A,2425,2025-01-20 Como-Udinese,Como,Jean Butez,True,Goalkeeper,1,start,end,1.0,0.0,0.0,0.0,0.0,0.0,0.0,1.0,2.0,6.0,0.0,0.0,0.0,0.0,
ITA-Serie A,2425,2025-01-20 Como-Udinese,Udinese,Razvan Sava,False,Goalkeeper,1,start,end,1.0,0.0,0.0,0.0,0.0,0.0,0.0,4.0,5.0,7.0,0.0,0.0,0.0,0.0,
ITA-Serie A,2425,2025-01-24 Torino-Cagliari,Cagliari,Elia Caprile,False,Goalkeeper,1,start,end,1.0,0.0,2.0,0.0,0.0,0.0,0.0,2.0,4.0,16.0,0.0,0.0,0.0,0.0,
ITA-Serie A,2425,2025-01-24 Torino-Cagliari,Torino,Vanja Milinkovic-Savic,True,Goalkeeper,1,start,end,1.0,0.0,0.0,0.0,0.0,0.0,0.0,0.0,1.0,6.0,0.0,0.0,0.0,0.0,
ITA-Serie A,2425,2025-01-25 Como-Atalanta,Atalanta,Marco Carnesecchi,False,Goalkeeper,1,start,end,1.0,0.0,0.0,0.0,0.0,0.0,0.0,1.0,4.0,14.0,0.0,0.0,0.0,0.0,
ITA-Serie A,2425,2025-01-25 Como-Atalanta,Como,Jean Butez,True,Goalkeeper,1,start,end,1.0,0.0,0.0,0.0,0.0,0.0,0.0,2.0,1.0,3.0,0.0,0.0,0.0,0.0,
ITA-Serie A,2425,2025-01-25 Empoli-Bologna,Bologna,Lukasz Skorupski,False,Goalkeeper,1,start,end,1.0,0.0,0.0,0.0,0.0,0.0,0.0,1.0,0.0,4.0,0.0,0.0,0.0,0.0,
ITA-Serie A,2425,2025-01-25 Empoli-Bologna,Empoli,Devis Vásquez,True,Goalkeeper,1,start,end,1.0,0.0,0.0,0.0,0.0,0.0,0.0,1.0,7.0,8.0,0.0,0.0,0.0,0.0,
ITA-Serie A,2425,2025-01-25 Napoli-Juventus,Juventus,Michele Di Gregorio,False,Goalkeeper,1,start,end,1.0,0.0,0.0,0.0,0.0,0.0,0.0,2.0,1.0,11.0,0.0,0.0,0.0,0.0,
ITA-Serie A,2425,2025-01-25 Napoli-Juventus,Napoli,Alex Meret,True,Goalkeeper,1,start,end,1.0,0.0,0.0,0.0,0.0,0.0,0.0,1.0,1.0,4.0,0.0,0.0,0.0,0.0,
ITA-Serie A,2425,2025-01-26 AC Milan-Parma,AC Milan,Mike Maignan,True,Goalkeeper,1,start,end,1.0,0.0,0.0,0.0,0.0,0.0,0.0,2.0,3.0,10.0,0.0,0.0,0.0,0.0,
ITA-Serie A,2425,2025-01-26 AC Milan-Parma,Parma,Zion Suzuki,False,Goalkeeper,1,start,end,1.0,1.0,1.0,0.0,0.0,0.0,0.0,3.0,2.0,13.0,0.0,0.0,0.0,0.0,
ITA-Serie A,2425,2025-01-26 Lazio-Fiorentina,Fiorentina,David de Gea,False,Goalkeeper,1,start,end,1.0,0.0,0.0,0.0,0.0,0.0,0.0,1.0,2.0,21.0,0.0,0.0,0.0,0.0,
ITA-Serie A,2425,2025-01-26 Lazio-Fiorentina,Lazio,Ivan Provedel,True,Goalkeeper,1,start,end,1.0,0.0,0.0,0.0,0.0,0.0,0.0,2.0,1.0,5.0,0.0,0.0,0.0,0.0,
ITA-Serie A,2425,2025-01-26 Lecce-Internazionale,Internazionale,Yann Sommer,False,Goalkeeper,1,start,end,1.0,0.0,0.0,0.0,0.0,0.0,0.0,0.0,4.0,17.0,0.0,0.0,0.0,0.0,
ITA-Serie A,2425,2025-01-26 Lecce-Internazionale,Lecce,Wladimiro Falcone,True,Goalkeeper,1,start,end,1.0,1.0,0.0,0.0,0.0,0.0,0.0,4.0,1.0,5.0,0.0,0.0,0.0,0.0,
ITA-Serie A,2425,2025-01-26 Udinese-AS Roma,AS Roma,Mile Svilar,False,Goalkeeper,1,start,end,1.0,0.0,0.0,0.0,0.0,0.0,0.0,1.0,2.0,9.0,0.0,0.0,0.0,0.0,
ITA-Serie A,2425,2025-01-26 Udinese-AS Roma,Udinese,Razvan Sava,True,Goalkeeper,1,start,end,1.0,1.0,0.0,0.0,0.0,0.0,0.0,2.0,7.0,14.0,0.0,0.0,0.0,0.0,
ITA-Serie A,2425,2025-01-27 Genoa-Monza,Genoa,Nicola Leali,True,Goalkeeper,1,start,end,1.0,0.0,0.0,0.0,0.0,0.0,0.0,0.0,1.0,5.0,0.0,0.0,0.0,0.0,
ITA-Serie A,2425,2025-01-27 Genoa-Monza,Monza,Stefano Turati,False,Goalkeeper,1,start,end,1.0,0.0,0.0,0.0,0.0,0.0,0.0,2.0,4.0,13.0,0.0,0.0,0.0,0.0,
ITA-Serie A,2425,2025-01-27 Venezia-Hellas Verona,Hellas Verona,Lorenzo Montipò,False,Goalkeeper,1,start,end,1.0,0.0,0.0,0.0,0.0,0.0,0.0,1.0,1.0,7.0,0.0,0.0,0.0,0.0,
ITA-Serie A,2425,2025-01-27 Venezia-Hellas Verona,Venezia,Filip Stankovic,True,Goalkeeper,1,start,end,1.0,0.0,0.0,0.0,0.0,0.0,0.0,1.0,4.0,20.0,0.0,0.0,0.0,0.0,
ITA-Serie A,2425,2025-01-31 Parma-Lecce,Lecce,Wladimiro Falcone,False,Goalkeeper,1,start,end,1.0,0.0,0.0,0.0,0.0,0.0,0.0,1.0,6.0,18.0,0.0,0.0,0.0,0.0,
ITA-Serie A,2425,2025-01-31 Parma-Lecce,Parma,Zion Suzuki,True,Goalkeeper,1,start,end,1.0,0.0,0.0,0.0,0.0,0.0,0.0,3.0,0.0,5.0,0.0,0.0,0.0,0.0,
ITA-Serie A,2425,2025-02-01 Atalanta-Torino,Atalanta,Rui Patrício,True,Goalkeeper,1,start,end,1.0,0.0,0.0,0.0,0.0,0.0,0.0,1.0,2.0,4.0,0.0,0.0,0.0,0.0,
ITA-Serie A,2425,2025-02-01 Atalanta-Torino,Torino,Vanja Milinkovic-Savic,False,Goalkeeper,1,start,end,1.0,0.0,0.0,0.0,0.0,0.0,1.0,1.0,8.0,21.0,0.0,0.0,0.0,0.0,
ITA-Serie A,2425,2025-02-01 Bologna-Como,Bologna,Lukasz Skorupski,True,Goalkeeper,1,start,end,1.0,0.0,0.0,0.0,0.0,0.0,0.0,0.0,1.0,8.0,0.0,0.0,0.0,0.0,
ITA-Serie A,2425,2025-02-01 Bologna-Como,Como,Jean Butez,False,Goalkeeper,1,start,end,1.0,0.0,0.0,0.0,0.0,0.0,0.0,2.0,2.0,12.0,0.0,0.0,0.0,0.0,
ITA-Serie A,2425,2025-02-01 Monza-Hellas Verona,Hellas Verona,Lorenzo Montipò,False,Goalkeeper,1,start,end,1.0,0.0,1.0,0.0,0.0,0.0,0.0,0.0,2.0,9.0,0.0,0.0,0.0,0.0,
ITA-Serie A,2425,2025-02-01 Monza-Hellas Verona,Monza,Stefano Turati,True,Goalkeeper,1,start,67,1.0,0.0,1.0,0.0,0.0,0.0,0.0,1.0,2.0,8.0,0.0,0.0,0.0,0.0,
ITA-Serie A,2425,2025-02-01 Udinese-Venezia,Udinese,Razvan Sava,True,Goalkeeper,1,start,end,1.0,0.0,0.0,0.0,0.0,0.0,0.0,2.0,1.0,12.0,0.0,0.0,0.0,0.0,
ITA-Serie A,2425,2025-02-01 Udinese-Venezia,Venezia,Filip Stankovic,False,Goalkeeper,1,start,18,1.0,0.0,0.0,0.0,0.0,0.0,0.0,0.0,0.0,0.0,0.0,0.0,0.0,0.0,
ITA-Serie A,2425,2025-02-02 AC Milan-Internazionale,AC Milan,Mike Maignan,True,Goalkeeper,1,start,end,1.0,0.0,0.0,0.0,0.0,0.0,0.0,1.0,5.0,16.0,0.0,0.0,0.0,0.0,
ITA-Serie A,2425,2025-02-02 AC Milan-Internazionale,Internazionale,Yann Sommer,False,Goalkeeper,1,start,end,1.0,0.0,0.0,0.0,0.0,0.0,0.0,1.0,4.0,10.0,0.0,0.0,0.0,0.0,
ITA-Serie A,2425,2025-02-02 AS Roma-Napoli,AS Roma,Mile Svilar,True,Goalkeeper,1,start,end,1.0,0.0,0.0,0.0,0.0,0.0,0.0,1.0,1.0,4.0,0.0,0.0,0.0,0.0,
ITA-Serie A,2425,2025-02-02 AS Roma-Napoli,Napoli,Alex Meret,False,Goalkeeper,1,start,end,1.0,0.0,0.0,0.0,0.0,0.0,0.0,1.0,1.0,12.0,0.0,0.0,0.0,0.0,
ITA-Serie A,2425,2025-02-02 Fiorentina-Genoa,Fiorentina,David de Gea,True,Goalkeeper,1,start,end,1.0,0.0,0.0,0.0,0.0,0.0,0.0,1.0,2.0,17.0,0.0,0.0,0.0,0.0,
ITA-Serie A,2425,2025-02-02 Fiorentina-Genoa,Genoa,Nicola Leali,False,Goalkeeper,1,start,end,1.0,0.0,0.0,0.0,0.0,0.0,0.0,2.0,3.0,5.0,0.0,0.0,0.0,0.0,
ITA-Serie A,2425,2025-02-02 Juventus-Empoli,Empoli,Devis Vásquez,False,Goalkeeper,1,start,end,1.0,0.0,0.0,0.0,0.0,0.0,0.0,4.0,4.0,18.0,0.0,0.0,0.0,0.0,
ITA-Serie A,2425,2025-02-02 Juventus-Empoli,Juventus,Michele Di Gregorio,True,Goalkeeper,1,start,end,1.0,0.0,0.0,0.0,0.0,0.0,0.0,1.0,2.0,10.0,0.0,0.0,0.0,0.0,
ITA-Serie A,2425,2025-02-03 Cagliari-Lazio,Cagliari,Elia Caprile,True,Goalkeeper,1,start,end,1.0,0.0,0.0,0.0,0.0,0.0,0.0,2.0,4.0,9.0,0.0,0.0,0.0,0.0,
ITA-Serie A,2425,2025-02-03 Cagliari-Lazio,Lazio,Ivan Provedel,False,Goalkeeper,1,start,end,1.0,0.0,1.0,0.0,0.0,0.0,0.0,1.0,4.0,14.0,0.0,0.0,0.0,0.0,
ITA-Serie A,2425,2025-02-06 Fiorentina-Internazionale,Fiorentina,David de Gea,True,Goalkeeper,1,start,end,1.0,0.0,0.0,0.0,0.0,0.0,0.0,0.0,2.0,12.0,0.0,0.0,0.0,0.0,
ITA-Serie A,2425,2025-02-06 Fiorentina-Internazionale,Internazionale,Yann Sommer,False,Goalkeeper,1,start,end,1.0,0.0,0.0,0.0,0.0,0.0,0.0,3.0,3.0,7.0,0.0,0.0,0.0,0.0,
ITA-Serie A,2425,2025-02-07 Como-Juventus,Como,Jean Butez,True,Goalkeeper,1,start,end,1.0,1.0,0.0,0.0,0.0,0.0,0.0,2.0,1.0,6.0,0.0,0.0,0.0,0.0,
ITA-Serie A,2425,2025-02-07 Como-Juventus,Juventus,Michele Di Gregorio,False,Goalkeeper,1,start,end,1.0,0.0,0.0,0.0,0.0,0.0,0.0,1.0,5.0,16.0,0.0,0.0,0.0,0.0,
ITA-Serie A,2425,2025-02-08 Empoli-AC Milan,AC Milan,Mike Maignan,False,Goalkeeper,1,start,end,1.0,0.0,1.0,0.0,0.0,0.0,0.0,0.0,0.0,8.0,0.0,0.0,0.0,0.0,
ITA-Serie A,2425,2025-02-08 Empoli-AC Milan,Empoli,Devis Vásquez,True,Goalkeeper,1,start,end,1.0,0.0,0.0,0.0,0.0,0.0,0.0,2.0,3.0,15.0,0.0,0.0,0.0,0.0,
ITA-Serie A,2425,2025-02-08 Hellas Verona-Atalanta,Atalanta,Rui Patrício,False,Goalkeeper,1,start,end,1.0,0.0,0.0,0.0,0.0,0.0,0.0,0.0,7.0,18.0,0.0,0.0,0.0,0.0,
ITA-Serie A,2425,2025-02-08 Hellas Verona-Atalanta,Hellas Verona,Lorenzo Montipò,True,Goalkeeper,1,start,end,1.0,0.0,0.0,0.0,0.0,0.0,0.0,5.0,2.0,12.0,0.0,0.0,0.0,0.0,
ITA-Serie A,2425,2025-02-08 Torino-Genoa,Genoa,Nicola Leali,False,Goalkeeper,1,start,end,1.0,0.0,0.0,0.0,0.0,0.0,0.0,1.0,3.0,8.0,0.0,0.0,0.0,0.0,
ITA-Serie A,2425,2025-02-08 Torino-Genoa,Torino,Vanja Milinkovic-Savic,True,Goalkeeper,1,start,end,1.0,0.0,1.0,0.0,0.0,0.0,0.0,1.0,1.0,5.0,0.0,0.0,0.0,0.0,
ITA-Serie A,2425,2025-02-09 Cagliari-Parma,Cagliari,Elia Caprile,True,Goalkeeper,1,start,end,1.0,0.0,0.0,0.0,0.0,0.0,0.0,1.0,0.0,8.0,0.0,0.0,0.0,0.0,
ITA-Serie A,2425,2025-02-09 Cagliari-Parma,Parma,Zion Suzuki,False,Goalkeeper,1,start,end,1.0,0.0,0.0,0.0,0.0,0.0,0.0,2.0,2.0,12.0,0.0,0.0,0.0,0.0,
ITA-Serie A,2425,2025-02-09 Lazio-Monza,Lazio,Ivan Provedel,True,Goalkeeper,1,start,end,1.0,0.0,0.0,0.0,0.0,0.0,0.0,1.0,0.0,2.0,0.0,0.0,0.0,0.0,
ITA-Serie A,2425,2025-02-09 Lazio-Monza,Monza,Semuel Pizzignacco,False,Goalkeeper,1,start,end,1.0,0.0,0.0,0.0,0.0,0.0,0.0,5.0,4.0,21.0,0.0,0.0,0.0,0.0,
ITA-Serie A,2425,2025-02-09 Lecce-Bologna,Bologna,Lukasz Skorupski,False,Goalkeeper,1,start,end,1.0,0.0,1.0,0.0,0.0,0.0,0.0,0.0,1.0,6.0,0.0,0.0,0.0,0.0,
ITA-Serie A,2425,2025-02-09 Lecce-Bologna,Lecce,Wladimiro Falcone,True,Goalkeeper,1,start,end,1.0,0.0,0.0,0.0,0.0,0.0,0.0,0.0,2.0,8.0,0.0,0.0,0.0,0.0,
ITA-Serie A,2425,2025-02-09 Napoli-Udinese,Napoli,Alex Meret,True,Goalkeeper,1,start,end,1.0,0.0,0.0,0.0,0.0,0.0,0.0,1.0,3.0,6.0,0.0,0.0,0.0,0.0,
ITA-Serie A,2425,2025-02-09 Napoli-Udinese,Udinese,Razvan Sava,False,Goalkeeper,1,start,end,1.0,0.0,0.0,0.0,0.0,0.0,0.0,1.0,3.0,18.0,0.0,0.0,0.0,0.0,
ITA-Serie A,2425,2025-02-09 Venezia-AS Roma,AS Roma,Mile Svilar,False,Goalkeeper,1,start,end,1.0,0.0,0.0,0.0,0.0,0.0,0.0,0.0,3.0,11.0,0.0,0.0,0.0,0.0,
ITA-Serie A,2425,2025-02-09 Venezia-AS Roma,Venezia,Andrei Radu,True,Goalkeeper,1,start,end,1.0,0.0,0.0,0.0,0.0,0.0,0.0,1.0,3.0,12.0,0.0,0.0,0.0,0.0,
ITA-Serie A,2425,2025-02-10 Internazionale-Fiorentina,Fiorentina,David de Gea,False,Goalkeeper,1,start,end,1.0,0.0,0.0,0.0,0.0,0.0,0.0,2.0,7.0,20.0,0.0,0.0,0.0,0.0,
ITA-Serie A,2425,2025-02-10 Internazionale-Fiorentina,Internazionale,Yann Sommer,True,Goalkeeper,1,start,end,1.0,0.0,0.0,0.0,0.0,0.0,0.0,1.0,1.0,6.0,0.0,0.0,0.0,0.0,
ITA-Serie A,2425,2025-02-14 Bologna-Torino,Bologna,Lukasz Skorupski,True,Goalkeeper,1,start,end,1.0,0.0,1.0,0.0,0.0,0.0,0.0,2.0,3.0,5.0,0.0,0.0,0.0,0.0,
ITA-Serie A,2425,2025-02-14 Bologna-Torino,Torino,Vanja Milinkovic-Savic,False,Goalkeeper,1,start,end,1.0,0.0,1.0,0.0,0.0,0.0,0.0,3.0,4.0,18.0,0.0,0.0,0.0,0.0,
ITA-Serie A,2425,2025-02-15 AC Milan-Hellas Verona,AC Milan,Mike Maignan,True,Goalkeeper,1,start,end,1.0,0.0,0.0,0.0,0.0,0.0,0.0,0.0,2.0,6.0,0.0,0.0,0.0,0.0,
ITA-Serie A,2425,2025-02-15 AC Milan-Hellas Verona,Hellas Verona,Lorenzo Montipò,False,Goalkeeper,1,start,end,1.0,0.0,0.0,0.0,0.0,0.0,0.0,1.0,2.0,17.0,0.0,0.0,0.0,0.0,
ITA-Serie A,2425,2025-02-15 Atalanta-Cagliari,Atalanta,Marco Carnesecchi,True,Goalkeeper,1,start,end,1.0,0.0,0.0,0.0,0.0,0.0,0.0,0.0,0.0,2.0,0.0,0.0,0.0,0.0,
ITA-Serie A,2425,2025-02-15 Atalanta-Cagliari,Cagliari,Elia Caprile,False,Goalkeeper,1,start,end,1.0,0.0,1.0,0.0,0.0,0.0,0.0,0.0,2.0,9.0,0.0,0.0,0.0,0.0,
ITA-Serie A,2425,2025-02-15 Lazio-Napoli,Lazio,Ivan Provedel,True,Goalkeeper,1,start,end,1.0,0.0,0.0,0.0,0.0,0.0,0.0,2.0,1.0,4.0,0.0,0.0,0.0,0.0,
ITA-Serie A,2425,2025-02-15 Lazio-Napoli,Napoli,Alex Meret,False,Goalkeeper,1,start,end,1.0,0.0,0.0,0.0,0.0,0.0,0.0,2.0,3.0,10.0,0.0,0.0,0.0,0.0,
ITA-Serie A,2425,2025-02-16 Fiorentina-Como,Como,Jean Butez,False,Goalkeeper,1,start,end,1.0,0.0,0.0,0.0,0.0,0.0,0.0,0.0,3.0,5.0,0.0,0.0,0.0,0.0,
ITA-Serie A,2425,2025-02-16 Fiorentina-Como,Fiorentina,David de Gea,True,Goalkeeper,1,start,end,1.0,0.0,0.0,0.0,0.0,0.0,0.0,2.0,2.0,6.0,0.0,0.0,0.0,0.0,
ITA-Serie A,2425,2025-02-16 Juventus-Internazionale,Internazionale,Yann Sommer,False,Goalkeeper,1,start,end,1.0,0.0,0.0,0.0,0.0,0.0,0.0,1.0,6.0,12.0,0.0,0.0,0.0,0.0,
ITA-Serie A,2425,2025-02-16 Juventus-Internazionale,Juventus,Michele Di Gregorio,True,Goalkeeper,1,start,end,1.0,0.0,0.0,0.0,0.0,0.0,0.0,0.0,2.0,17.0,0.0,0.0,0.0,0.0,
ITA-Serie A,2425,2025-02-16 Monza-Lecce,Lecce,Wladimiro Falcone,False,Goalkeeper,1,start,end,1.0,0.0,0.0,0.0,0.0,0.0,0.0,0.0,3.0,8.0,0.0,0.0,0.0,0.0,
ITA-Serie A,2425,2025-02-16 Monza-Lecce,Monza,Stefano Turati,True,Goalkeeper,1,start,end,1.0,0.0,1.0,0.0,0.0,0.0,0.0,0.0,5.0,19.0,0.0,0.0,0.0,0.0,
ITA-Serie A,2425,2025-02-16 Parma-AS Roma,AS Roma,Mile Svilar,False,Goalkeeper,1,start,end,1.0,0.0,0.0,0.0,0.0,0.0,0.0,0.0,1.0,5.0,0.0,0.0,0.0,0.0,
ITA-Serie A,2425,2025-02-16 Parma-AS Roma,Parma,Zion Suzuki,True,Goalkeeper,1,start,end,1.0,0.0,0.0,0.0,0.0,0.0,0.0,1.0,3.0,15.0,0.0,0.0,0.0,0.0,
ITA-Serie A,2425,2025-02-16 Udinese-Empoli,Empoli,Marco Silvestri,False,Goalkeeper,1,start,end,1.0,0.0,0.0,0.0,0.0,0.0,0.0,3.0,5.0,14.0,0.0,0.0,0.0,0.0,
ITA-Serie A,2425,2025-02-16 Udinese-Empoli,Udinese,Razvan Sava,True,Goalkeeper,1,start,end,1.0,0.0,0.0,0.0,0.0,0.0,0.0,0.0,4.0,16.0,0.0,0.0,0.0,0.0,
ITA-Serie A,2425,2025-02-17 Genoa-Venezia,Genoa,Nicola Leali,True,Goalkeeper,1,start,end,1.0,0.0,0.0,0.0,0.0,0.0,0.0,0.0,3.0,7.0,0.0,0.0,0.0,0.0,
ITA-Serie A,2425,2025-02-17 Genoa-Venezia,Venezia,Andrei Radu,False,Goalkeeper,1,start,end,1.0,0.0,0.0,0.0,0.0,0.0,0.0,2.0,3.0,11.0,0.0,0.0,0.0,0.0,
ITA-Serie A,2425,2025-02-21 Lecce-Udinese,Lecce,Wladimiro Falcone,True,Goalkeeper,1,start,end,1.0,0.0,0.0,0.0,0.0,0.0,0.0,1.0,4.0,11.0,0.0,0.0,0.0,0.0,
ITA-Serie A,2425,2025-02-21 Lecce-Udinese,Udinese,Razvan Sava,False,Goalkeeper,1,start,end,1.0,0.0,0.0,0.0,0.0,0.0,0.0,0.0,1.0,10.0,0.0,0.0,0.0,0.0,
ITA-Serie A,2425,2025-02-22 Internazionale-Genoa,Genoa,Nicola Leali,False,Goalkeeper,1,start,end,1.0,0.0,0.0,0.0,0.0,0.0,0.0,1.0,3.0,19.0,0.0,0.0,0.0,0.0,
ITA-Serie A,2425,2025-02-22 Internazionale-Genoa,Internazionale,Josep Martínez,True,Goalkeeper,1,start,end,1.0,0.0,1.0,0.0,0.0,0.0,0.0,0.0,2.0,10.0,0.0,0.0,0.0,0.0,
ITA-Serie A,2425,2025-02-22 Parma-Bologna,Bologna,Federico Ravaglia,False,Goalkeeper,1,start,end,1.0,0.0,0.0,0.0,0.0,0.0,0.0,2.0,1.0,2.0,0.0,0.0,0.0,0.0,
ITA-Serie A,2425,2025-02-22 Parma-Bologna,Parma,Zion Suzuki,True,Goalkeeper,1,start,end,1.0,0.0,0.0,0.0,0.0,0.0,0.0,0.0,1.0,16.0,0.0,0.0,0.0,0.0,
ITA-Serie A,2425,2025-02-22 Torino-AC Milan,AC Milan,Mike Maignan,False,Goalkeeper,1,start,end,1.0,0.0,1.0,0.0,0.0,0.0,0.0,2.0,2.0,8.0,0.0,0.0,0.0,0.0,
ITA-Serie A,2425,2025-02-22 Torino-AC Milan,Torino,Vanja Milinkovic-Savic,True,Goalkeeper,1,start,end,1.0,0.0,0.0,0.0,0.0,0.0,0.0,1.0,7.0,23.0,0.0,0.0,0.0,0.0,
ITA-Serie A,2425,2025-02-22 Venezia-Lazio,Lazio,Christos Mandas,False,Goalkeeper,1,start,end,1.0,0.0,0.0,0.0,0.0,0.0,0.0,0.0,3.0,9.0,0.0,0.0,0.0,0.0,
ITA-Serie A,2425,2025-02-22 Venezia-Lazio,Venezia,Andrei Radu,True,Goalkeeper,1,start,end,1.0,0.0,0.0,0.0,0.0,0.0,0.0,0.0,3.0,9.0,0.0,0.0,0.0,0.0,
ITA-Serie A,2425,2025-02-23 Cagliari-Juventus,Cagliari,Elia Caprile,True,Goalkeeper,1,start,end,1.0,0.0,0.0,0.0,0.0,0.0,0.0,1.0,6.0,13.0,0.0,0.0,0.0,0.0,
ITA-Serie A,2425,2025-02-23 Cagliari-Juventus,Juventus,Michele Di Gregorio,False,Goalkeeper,1,start,end,1.0,0.0,1.0,0.0,0.0,0.0,0.0,0.0,2.0,8.0,0.0,0.0,0.0,0.0,
ITA-Serie A,2425,2025-02-23 Como-Napoli,Como,Jean Butez,True,Goalkeeper,1,start,end,1.0,0.0,1.0,0.0,0.0,0.0,0.0,1.0,3.0,11.0,0.0,0.0,0.0,0.0,
ITA-Serie A,2425,2025-02-23 Como-Napoli,Napoli,Alex Meret,False,Goalkeeper,1,start,end,1.0,0.0,0.0,0.0,0.0,0.0,0.0,2.0,2.0,7.0,0.0,0.0,0.0,0.0,
ITA-Serie A,2425,2025-02-23 Empoli-Atalanta,Atalanta,Marco Carnesecchi,False,Goalkeeper,1,start,end,1.0,0.0,1.0,0.0,0.0,0.0,1.0,0.0,1.0,11.0,0.0,0.0,0.0,0.0,
ITA-Serie A,2425,2025-02-23 Empoli-Atalanta,Empoli,Marco Silvestri,True,Goalkeeper,1,start,end,1.0,0.0,0.0,0.0,0.0,0.0,0.0,5.0,4.0,11.0,0.0,0.0,0.0,0.0,
ITA-Serie A,2425,2025-02-23 Hellas Verona-Fiorentina,Fiorentina,David de Gea,False,Goalkeeper,1,start,end,1.0,0.0,0.0,0.0,0.0,0.0,0.0,1.0,2.0,6.0,0.0,0.0,0.0,0.0,
ITA-Serie A,2425,2025-02-23 Hellas Verona-Fiorentina,Hellas Verona,Lorenzo Montipò,True,Goalkeeper,1,start,end,1.0,0.0,0.0,0.0,0.0,0.0,0.0,0.0,3.0,8.0,0.0,0.0,0.0,0.0,
ITA-Serie A,2425,2025-02-24 AS Roma-Monza,AS Roma,Mile Svilar,True,Goalkeeper,1,start,end,1.0,0.0,0.0,0.0,0.0,0.0,0.0,0.0,2.0,5.0,0.0,0.0,0.0,0.0,
ITA-Serie A,2425,2025-02-24 AS Roma-Monza,Monza,Stefano Turati,False,Goalkeeper,1,start,end,1.0,0.0,0.0,0.0,0.0,0.0,0.0,4.0,2.0,19.0,0.0,0.0,0.0,0.0,
ITA-Serie A,2425,2025-02-27 Bologna-AC Milan,AC Milan,Mike Maignan,False,Goalkeeper,1,start,end,1.0,0.0,0.0,0.0,0.0,0.0,0.0,2.0,2.0,12.0,0.0,0.0,0.0,0.0,
ITA-Serie A,2425,2025-02-27 Bologna-AC Milan,Bologna,Lukasz Skorupski,True,Goalkeeper,1,start,end,1.0,0.0,0.0,0.0,0.0,0.0,0.0,1.0,3.0,7.0,0.0,0.0,0.0,0.0,
ITA-Serie A,2425,2025-02-28 Fiorentina-Lecce,Fiorentina,David de Gea,True,Goalkeeper,1,start,end,1.0,0.0,0.0,0.0,0.0,0.0,0.0,0.0,3.0,8.0,0.0,0.0,0.0,0.0,
ITA-Serie A,2425,2025-02-28 Fiorentina-Lecce,Lecce,Wladimiro Falcone,False,Goalkeeper,1,start,end,1.0,0.0,0.0,0.0,0.0,0.0,0.0,1.0,2.0,7.0,0.0,0.0,0.0,0.0,
ITA-Serie A,2425,2025-03-01 Atalanta-Venezia,Atalanta,Marco Carnesecchi,True,Goalkeeper,1,start,end,1.0,0.0,0.0,0.0,0.0,0.0,0.0,0.0,2.0,8.0,0.0,0.0,0.0,0.0,
ITA-Serie A,2425,2025-03-01 Atalanta-Venezia,Venezia,Andrei Radu,False,Goalkeeper,1,start,end,1.0,0.0,0.0,0.0,0.0,0.0,1.0,0.0,4.0,17.0,0.0,0.0,0.0,0.0,
ITA-Serie A,2425,2025-03-01 Napoli-Internazionale,Internazionale,Josep Martínez,False,Goalkeeper,1,start,end,1.0,0.0,0.0,0.0,0.0,0.0,0.0,1.0,4.0,16.0,0.0,0.0,0.0,0.0,
ITA-Serie A,2425,2025-03-01 Napoli-Internazionale,Napoli,Alex Meret,True,Goalkeeper,1,start,end,1.0,0.0,0.0,0.0,0.0,0.0,0.0,1.0,0.0,4.0,0.0,0.0,0.0,0.0,
ITA-Serie A,2425,2025-03-01 Udinese-Parma,Parma,Zion Suzuki,False,Goalkeeper,1,start,end,1.0,0.0,0.0,0.0,0.0,0.0,0.0,1.0,5.0,19.0,0.0,0.0,0.0,0.0,
ITA-Serie A,2425,2025-03-01 Udinese-Parma,Udinese,Daniele Padelli,True,Goalkeeper,1,start,end,1.0,0.0,0.0,0.0,0.0,0.0,0.0,0.0,3.0,9.0,0.0,0.0,0.0,0.0,
ITA-Serie A,2425,2025-03-02 AC Milan-Lazio,AC Milan,Mike Maignan,True,Goalkeeper,1,start,end,1.0,1.0,1.0,0.0,0.0,0.0,1.0,2.0,6.0,18.0,0.0,0.0,0.0,0.0,
ITA-Serie A,2425,2025-03-02 AC Milan-Lazio,Lazio,Ivan Provedel,False,Goalkeeper,1,start,end,1.0,0.0,0.0,0.0,0.0,0.0,0.0,1.0,3.0,14.0,0.0,0.0,0.0,0.0,
ITA-Serie A,2425,2025-03-02 AS Roma-Como,AS Roma,Mile Svilar,True,Goalkeeper,1,start,end,1.0,0.0,0.0,0.0,0.0,0.0,0.0,1.0,2.0,9.0,0.0,0.0,0.0,0.0,
ITA-Serie A,2425,2025-03-02 AS Roma-Como,Como,Jean Butez,False,Goalkeeper,1,start,end,1.0,0.0,0.0,0.0,0.0,0.0,0.0,2.0,2.0,9.0,0.0,0.0,0.0,0.0,
ITA-Serie A,2425,2025-03-02 Bologna-Cagliari,Bologna,Lukasz Skorupski,True,Goalkeeper,1,start,end,1.0,0.0,0.0,0.0,0.0,0.0,0.0,1.0,0.0,1.0,0.0,0.0,0.0,0.0,
ITA-Serie A,2425,2025-03-02 Bologna-Cagliari,Cagliari,Elia Caprile,False,Goalkeeper,1,start,end,1.0,0.0,0.0,0.0,0.0,0.0,0.0,2.0,4.0,12.0,0.0,0.0,0.0,0.0,
ITA-Serie A,2425,2025-03-02 Genoa-Empoli,Empoli,Marco Silvestri,False,Goalkeeper,1,start,end,1.0,0.0,0.0,0.0,0.0,0.0,0.0,1.0,0.0,3.0,0.0,0.0,0.0,0.0,
ITA-Serie A,2425,2025-03-02 Genoa-Empoli,Genoa,Nicola Leali,True,Goalkeeper,1,start,end,1.0,0.0,0.0,0.0,0.0,0.0,0.0,1.0,0.0,6.0,0.0,0.0,0.0,0.0,
ITA-Serie A,2425,2025-03-02 Monza-Torino,Monza,Stefano Turati,True,Goalkeeper,1,start,end,1.0,0.0,2.0,0.0,0.0,0.0,0.0,2.0,5.0,11.0,0.0,0.0,0.0,0.0,
ITA-Serie A,2425,2025-03-02 Monza-Torino,Torino,Vanja Milinkovic-Savic,False,Goalkeeper,1,start,end,1.0,0.0,0.0,0.0,0.0,0.0,0.0,0.0,2.0,9.0,0.0,0.0,0.0,0.0,
ITA-Serie A,2425,2025-03-03 Juventus-Hellas Verona,Hellas Verona,Lorenzo Montipò,False,Goalkeeper,1,start,end,1.0,0.0,1.0,0.0,0.0,0.0,0.0,2.0,7.0,25.0,0.0,0.0,0.0,0.0,
ITA-Serie A,2425,2025-03-03 Juventus-Hellas Verona,Juventus,Michele Di Gregorio,True,Goalkeeper,1,start,end,1.0,0.0,0.0,0.0,0.0,0.0,0.0,0.0,2.0,5.0,0.0,0.0,0.0,0.0,
ITA-Serie A,2425,2025-03-07 Cagliari-Genoa,Cagliari,Elia Caprile,True,Goalkeeper,1,start,end,1.0,0.0,0.0,0.0,0.0,0.0,0.0,1.0,1.0,7.0,0.0,0.0,0.0,0.0,
ITA-Serie A,2425,2025-03-07 Cagliari-Genoa,Genoa,Nicola Leali,False,Goalkeeper,1,start,end,1.0,0.0,0.0,0.0,0.0,0.0,0.0,1.0,0.0,8.0,0.0,0.0,0.0,0.0,
ITA-Serie A,2425,2025-03-08 Como-Venezia,Como,Jean Butez,True,Goalkeeper,1,start,end,1.0,0.0,0.0,0.0,0.0,0.0,0.0,1.0,3.0,8.0,0.0,0.0,0.0,0.0,
ITA-Serie A,2425,2025-03-08 Como-Venezia,Venezia,Andrei Radu,False,Goalkeeper,1,start,end,1.0,0.0,0.0,0.0,0.0,0.0,0.0,1.0,6.0,11.0,0.0,0.0,0.0,0.0,
ITA-Serie A,2425,2025-03-08 Internazionale-Monza,Internazionale,Josep Martínez,True,Goalkeeper,1,start,end,1.0,0.0,0.0,0.0,0.0,0.0,0.0,2.0,2.0,6.0,0.0,0.0,0.0,0.0,
ITA-Serie A,2425,2025-03-08 Internazionale-Monza,Monza,Stefano Turati,False,Goalkeeper,1,start,end,1.0,0.0,0.0,0.0,0.0,0.0,0.0,3.0,7.0,25.0,0.0,0.0,0.0,0.0,
ITA-Serie A,2425,2025-03-08 Lecce-AC Milan,AC Milan,Marco Sportiello,False,Goalkeeper,1,start,end,1.0,0.0,0.0,0.0,0.0,0.0,0.0,2.0,1.0,9.0,0.0,0.0,0.0,0.0,
ITA-Serie A,2425,2025-03-08 Lecce-AC Milan,Lecce,Wladimiro Falcone,True,Goalkeeper,1,start,end,1.0,0.0,0.0,0.0,0.0,0.0,0.0,3.0,7.0,14.0,0.0,0.0,0.0,0.0,
ITA-Serie A,2425,2025-03-08 Parma-Torino,Parma,Zion Suzuki,True,Goalkeeper,1,start,end,1.0,0.0,0.0,0.0,0.0,0.0,0.0,2.0,0.0,4.0,0.0,0.0,0.0,0.0,
ITA-Serie A,2425,2025-03-08 Parma-Torino,Torino,Vanja Milinkovic-Savic,False,Goalkeeper,1,start,end,1.0,0.0,0.0,0.0,0.0,0.0,0.0,2.0,2.0,10.0,0.0,0.0,0.0,0.0,
ITA-Serie A,2425,2025-03-09 Empoli-AS Roma,AS Roma,Mile Svilar,False,Goalkeeper,1,start,end,1.0,0.0,0.0,0.0,0.0,0.0,0.0,0.0,1.0,3.0,0.0,0.0,0.0,0.0,
ITA-Serie A,2425,2025-03-09 Empoli-AS Roma,Empoli,Marco Silvestri,True,Goalkeeper,1,start,end,1.0,0.0,0.0,0.0,0.0,0.0,0.0,1.0,5.0,14.0,0.0,0.0,0.0,0.0,
ITA-Serie A,2425,2025-03-09 Hellas Verona-Bologna,Bologna,Lukasz Skorupski,False,Goalkeeper,1,start,end,1.0,0.0,0.0,0.0,0.0,0.0,0.0,1.0,1.0,6.0,0.0,0.0,0.0,0.0,
ITA-Serie A,2425,2025-03-09 Hellas Verona-Bologna,Hellas Verona,Lorenzo Montipò,True,Goalkeeper,1,start,end,1.0,0.0,0.0,0.0,0.0,0.0,0.0,2.0,5.0,10.0,0.0,0.0,0.0,0.0,
ITA-Serie A,2425,2025-03-09 Juventus-Atalanta,Atalanta,Marco Carnesecchi,False,Goalkeeper,1,start,end,1.0,0.0,0.0,0.0,0.0,0.0,0.0,0.0,2.0,10.0,0.0,0.0,0.0,0.0,
ITA-Serie A,2425,2025-03-09 Juventus-Atalanta,Juventus,Michele Di Gregorio,True,Goalkeeper,1,start,end,1.0,0.0,0.0,0.0,0.0,0.0,0.0,4.0,5.0,13.0,0.0,0.0,0.0,0.0,
ITA-Serie A,2425,2025-03-09 Napoli-Fiorentina,Fiorentina,David de Gea,False,Goalkeeper,1,start,end,1.0,0.0,0.0,0.0,0.0,0.0,0.0,2.0,9.0,17.0,0.0,0.0,0.0,0.0,
ITA-Serie A,2425,2025-03-09 Napoli-Fiorentina,Napoli,Alex Meret,True,Goalkeeper,1,start,end,1.0,0.0,0.0,0.0,0.0,0.0,0.0,1.0,1.0,7.0,0.0,0.0,0.0,0.0,
ITA-Serie A,2425,2025-03-10 Lazio-Udinese,Lazio,Ivan Provedel,True,Goalkeeper,1,start,end,1.0,0.0,0.0,0.0,0.0,0.0,0.0,1.0,3.0,12.0,0.0,0.0,0.0,0.0,
ITA-Serie A,2425,2025-03-10 Lazio-Udinese,Udinese,Maduka Okoye,False,Goalkeeper,1,start,end,1.0,0.0,0.0,0.0,0.0,0.0,0.0,1.0,4.0,9.0,0.0,0.0,0.0,0.0,
ITA-Serie A,2425,2025-03-14 Genoa-Lecce,Genoa,Nicola Leali,True,Goalkeeper,1,start,end,1.0,0.0,0.0,0.0,0.0,0.0,0.0,1.0,1.0,14.0,0.0,0.0,0.0,0.0,
ITA-Serie A,2425,2025-03-14 Genoa-Lecce,Lecce,Wladimiro Falcone,False,Goalkeeper,1,start,end,1.0,0.0,0.0,0.0,0.0,0.0,0.0,2.0,0.0,6.0,0.0,0.0,0.0,0.0,
ITA-Serie A,2425,2025-03-15 AC Milan-Como,AC Milan,Mike Maignan,True,Goalkeeper,1,start,end,1.0,0.0,1.0,0.0,0.0,0.0,0.0,1.0,5.0,14.0,0.0,0.0,0.0,0.0,
ITA-Serie A,2425,2025-03-15 AC Milan-Como,Como,Jean Butez,False,Goalkeeper,1,start,end,1.0,0.0,0.0,0.0,0.0,0.0,0.0,2.0,1.0,7.0,0.0,0.0,0.0,0.0,
ITA-Serie A,2425,2025-03-15 Monza-Parma,Monza,Stefano Turati,True,Goalkeeper,1,start,end,1.0,0.0,0.0,0.0,0.0,0.0,0.0,1.0,5.0,13.0,0.0,0.0,0.0,0.0,
ITA-Serie A,2425,2025-03-15 Monza-Parma,Parma,Zion Suzuki,False,Goalkeeper,1,start,end,1.0,0.0,0.0,0.0,0.0,0.0,0.0,1.0,3.0,11.0,0.0,0.0,0.0,0.0,
ITA-Serie A,2425,2025-03-15 Torino-Empoli,Empoli,Marco Silvestri,False,Goalkeeper,1,start,end,1.0,0.0,0.0,0.0,0.0,0.0,0.0,1.0,2.0,12.0,0.0,0.0,0.0,0.0,
ITA-Serie A,2425,2025-03-15 Torino-Empoli,Torino,Vanja Milinkovic-Savic,True,Goalkeeper,1,start,end,1.0,0.0,0.0,0.0,0.0,0.0,0.0,0.0,2.0,14.0,0.0,0.0,0.0,0.0,
ITA-Serie A,2425,2025-03-15 Udinese-Hellas Verona,Hellas Verona,Lorenzo Montipò,False,Goalkeeper,1,start,end,1.0,0.0,0.0,0.0,0.0,0.0,0.0,0.0,3.0,11.0,0.0,0.0,0.0,0.0,
ITA-Serie A,2425,2025-03-15 Udinese-Hellas Verona,Udinese,Maduka Okoye,True,Goalkeeper,1,start,end,1.0,0.0,0.0,0.0,0.0,0.0,0.0,1.0,1.0,5.0,0.0,0.0,0.0,0.0,
ITA-Serie A,2425,2025-03-16 AS Roma-Cagliari,AS Roma,Mile Svilar,True,Goalkeeper,1,start,end,1.0,0.0,1.0,0.0,0.0,0.0,0.0,0.0,5.0,10.0,0.0,0.0,0.0,0.0,
ITA-Serie A,2425,2025-03-16 AS Roma-Cagliari,Cagliari,Elia Caprile,False,Goalkeeper,1,start,end,1.0,0.0,0.0,0.0,0.0,0.0,0.0,1.0,0.0,10.0,0.0,0.0,0.0,0.0,
ITA-Serie A,2425,2025-03-16 Atalanta-Internazionale,Atalanta,Marco Carnesecchi,True,Goalkeeper,1,start,end,1.0,0.0,0.0,0.0,0.0,0.0,0.0,2.0,2.0,11.0,0.0,0.0,0.0,0.0,
ITA-Serie A,2425,2025-03-16 Atalanta-Internazionale,Internazionale,Yann Sommer,False,Goalkeeper,1,start,end,1.0,0.0,0.0,0.0,0.0,0.0,0.0,0.0,3.0,16.0,0.0,0.0,0.0,0.0,
ITA-Serie A,2425,2025-03-16 Bologna-Lazio,Bologna,Lukasz Skorupski,True,Goalkeeper,1,start,end,1.0,0.0,0.0,0.0,0.0,0.0,0.0,0.0,2.0,7.0,0.0,0.0,0.0,0.0,
ITA-Serie A,2425,2025-03-16 Bologna-Lazio,Lazio,Ivan Provedel,False,Goalkeeper,1,start,end,1.0,0.0,0.0,0.0,0.0,0.0,0.0,5.0,2.0,8.0,0.0,0.0,0.0,0.0,
ITA-Serie A,2425,2025-03-16 Fiorentina-Juventus,Fiorentina,David de Gea,True,Goalkeeper,1,start,end,1.0,0.0,0.0,0.0,0.0,0.0,0.0,0.0,2.0,10.0,0.0,0.0,0.0,0.0,
ITA-Serie A,2425,2025-03-16 Fiorentina-Juventus,Juventus,Michele Di Gregorio,False,Goalkeeper,1,start,end,1.0,0.0,0.0,0.0,0.0,0.0,0.0,3.0,0.0,6.0,0.0,0.0,0.0,0.0,
ITA-Serie A,2425,2025-03-16 Venezia-Napoli,Napoli,Alex Meret,False,Goalkeeper,1,start,end,1.0,0.0,0.0,0.0,0.0,0.0,0.0,0.0,3.0,13.0,0.0,0.0,0.0,0.0,
ITA-Serie A,2425,2025-03-16 Venezia-Napoli,Venezia,Andrei Radu,True,Goalkeeper,1,start,end,1.0,0.0,0.0,0.0,0.0,0.0,0.0,0.0,7.0,15.0,0.0,0.0,0.0,0.0,
ITA-Serie A,2425,2025-03-29 Como-Empoli,Como,Jean Butez,True,Goalkeeper,1,start,end,1.0,0.0,0.0,0.0,0.0,0.0,0.0,1.0,3.0,13.0,0.0,0.0,0.0,0.0,
ITA-Serie A,2425,2025-03-29 Como-Empoli,Empoli,Devis Vásquez,False,Goalkeeper,1,start,end,1.0,0.0,0.0,0.0,0.0,0.0,0.0,1.0,4.0,15.0,0.0,0.0,0.0,0.0,
ITA-Serie A,2425,2025-03-29 Juventus-Genoa,Genoa,Nicola Leali,False,Goalkeeper,1,start,end,1.0,0.0,1.0,0.0,0.0,0.0,0.0,1.0,5.0,8.0,0.0,0.0,0.0,0.0,
ITA-Serie A,2425,2025-03-29 Juventus-Genoa,Juventus,Michele Di Gregorio,True,Goalkeeper,1,start,end,1.0,0.0,0.0,0.0,0.0,0.0,0.0,0.0,3.0,8.0,0.0,0.0,0.0,0.0,
ITA-Serie A,2425,2025-03-29 Lecce-AS Roma,AS Roma,Mile Svilar,False,Goalkeeper,1,start,end,1.0,0.0,0.0,0.0,0.0,0.0,0.0,0.0,4.0,18.0,0.0,0.0,0.0,0.0,
ITA-Serie A,2425,2025-03-29 Lecce-AS Roma,Lecce,Wladimiro Falcone,True,Goalkeeper,1,start,end,1.0,0.0,0.0,0.0,0.0,0.0,0.0,1.0,5.0,15.0,0.0,0.0,0.0,0.0,
ITA-Serie A,2425,2025-03-29 Venezia-Bologna,Bologna,Lukasz Skorupski,False,Goalkeeper,1,start,end,1.0,0.0,0.0,0.0,0.0,0.0,0.0,0.0,3.0,7.0,0.0,0.0,0.0,0.0,
ITA-Serie A,2425,2025-03-29 Venezia-Bologna,Venezia,Andrei Radu,True,Goalkeeper,1,start,end,1.0,0.0,0.0,0.0,0.0,0.0,0.0,1.0,3.0,11.0,0.0,0.0,0.0,0.0,
ITA-Serie A,2425,2025-03-30 Cagliari-Monza,Cagliari,Elia Caprile,True,Goalkeeper,1,start,end,1.0,0.0,0.0,0.0,0.0,0.0,0.0,0.0,3.0,12.0,0.0,0.0,0.0,0.0,
ITA-Serie A,2425,2025-03-30 Cagliari-Monza,Monza,Stefano Turati,False,Goalkeeper,1,start,end,1.0,0.0,2.0,0.0,0.0,0.0,0.0,3.0,1.0,8.0,0.0,0.0,0.0,0.0,
ITA-Serie A,2425,2025-03-30 Fiorentina-Atalanta,Atalanta,Marco Carnesecchi,False,Goalkeeper,1,start,end,1.0,0.0,0.0,0.0,0.0,0.0,0.0,1.0,3.0,11.0,0.0,0.0,0.0,0.0,
ITA-Serie A,2425,2025-03-30 Fiorentina-Atalanta,Fiorentina,David de Gea,True,Goalkeeper,1,start,end,1.0,0.0,0.0,0.0,0.0,0.0,0.0,0.0,0.0,9.0,0.0,0.0,0.0,0.0,
ITA-Serie A,2425,2025-03-30 Internazionale-Udinese,Internazionale,Yann Sommer,True,Goalkeeper,1,start,end,1.0,0.0,0.0,0.0,0.0,0.0,0.0,1.0,3.0,9.0,0.0,0.0,0.0,0.0,
ITA-Serie A,2425,2025-03-30 Internazionale-Udinese,Udinese,Maduka Okoye,False,Goalkeeper,1,start,end,1.0,0.0,0.0,0.0,0.0,0.0,0.0,2.0,0.0,10.0,0.0,0.0,0.0,0.0,
ITA-Serie A,2425,2025-03-30 Napoli-AC Milan,AC Milan,Mike Maignan,False,Goalkeeper,1,start,end,1.0,0.0,0.0,0.0,0.0,0.0,0.0,2.0,1.0,6.0,0.0,0.0,0.0,0.0,
ITA-Serie A,2425,2025-03-30 Napoli-AC Milan,Napoli,Alex Meret,True,Goalkeeper,1,start,end,1.0,0.0,0.0,0.0,0.0,0.0,0.0,1.0,2.0,15.0,0.0,0.0,0.0,0.0,
ITA-Serie A,2425,2025-03-31 Hellas Verona-Parma,Hellas Verona,Lorenzo Montipò,True,Goalkeeper,1,start,end,1.0,0.0,0.0,0.0,0.0,0.0,0.0,0.0,3.0,11.0,0.0,0.0,0.0,0.0,
ITA-Serie A,2425,2025-03-31 Hellas Verona-Parma,Parma,Zion Suzuki,False,Goalkeeper,1,start,end,1.0,0.0,0.0,0.0,0.0,0.0,0.0,0.0,0.0,7.0,0.0,0.0,0.0,0.0,
ITA-Serie A,2425,2025-03-31 Lazio-Torino,Lazio,Ivan Provedel,True,Goalkeeper,1,start,end,1.0,0.0,0.0,0.0,0.0,0.0,0.0,1.0,1.0,6.0,0.0,0.0,0.0,0.0,
ITA-Serie A,2425,2025-03-31 Lazio-Torino,Torino,Vanja Milinkovic-Savic,False,Goalkeeper,1,start,end,1.0,0.0,0.0,0.0,0.0,0.0,0.0,1.0,5.0,14.0,0.0,0.0,0.0,0.0,
ITA-Serie A,2425,2025-04-04 Genoa-Udinese,Genoa,Nicola Leali,True,Goalkeeper,1,start,end,1.0,0.0,0.0,0.0,0.0,0.0,0.0,0.0,2.0,5.0,0.0,0.0,0.0,0.0,
ITA-Serie A,2425,2025-04-04 Genoa-Udinese,Udinese,Maduka Okoye,False,Goalkeeper,1,start,end,1.0,0.0,0.0,0.0,0.0,0.0,0.0,1.0,6.0,10.0,0.0,0.0,0.0,0.0,
ITA-Serie A,2425,2025-04-05 AC Milan-Fiorentina,AC Milan,Mike Maignan,True,Goalkeeper,1,start,end,1.0,0.0,0.0,0.0,0.0,0.0,0.0,2.0,7.0,14.0,0.0,0.0,0.0,0.0,
ITA-Serie A,2425,2025-04-05 AC Milan-Fiorentina,Fiorentina,David de Gea,False,Goalkeeper,1,start,end,1.0,0.0,0.0,0.0,0.0,0.0,1.0,2.0,4.0,17.0,0.0,0.0,0.0,0.0,
ITA-Serie A,2425,2025-04-05 Monza-Como,Como,Jean Butez,False,Goalkeeper,1,start,end,1.0,0.0,0.0,0.0,0.0,0.0,0.0,1.0,3.0,5.0,0.0,0.0,0.0,0.0,
ITA-Serie A,2425,2025-04-05 Monza-Como,Monza,Stefano Turati,True,Goalkeeper,1,start,end,1.0,0.0,0.0,0.0,0.0,0.0,0.0,3.0,4.0,14.0,0.0,0.0,0.0,0.0,
ITA-Serie A,2425,2025-04-05 Parma-Internazionale,Internazionale,Yann Sommer,False,Goalkeeper,1,start,end,1.0,0.0,0.0,0.0,0.0,0.0,0.0,2.0,2.0,6.0,0.0,0.0,0.0,0.0,
ITA-Serie A,2425,2025-04-05 Parma-Internazionale,Parma,Zion Suzuki,True,Goalkeeper,1,start,end,1.0,0.0,0.0,0.0,0.0,0.0,0.0,2.0,2.0,17.0,0.0,0.0,0.0,0.0,
ITA-Serie A,2425,2025-04-06 AS Roma-Juventus,AS Roma,Mile Svilar,True,Goalkeeper,1,start,end,1.0,0.0,0.0,0.0,0.0,0.0,0.0,1.0,6.0,10.0,0.0,0.0,0.0,0.0,
ITA-Serie A,2425,2025-04-06 AS Roma-Juventus,Juventus,Michele Di Gregorio,False,Goalkeeper,1,start,end,1.0,0.0,1.0,0.0,0.0,0.0,0.0,1.0,3.0,8.0,0.0,0.0,0.0,0.0,
ITA-Serie A,2425,2025-04-06 Atalanta-Lazio,Atalanta,Marco Carnesecchi,True,Goalkeeper,1,start,end,1.0,0.0,0.0,0.0,0.0,0.0,0.0,1.0,2.0,7.0,0.0,0.0,0.0,0.0,
ITA-Serie A,2425,2025-04-06 Atalanta-Lazio,Lazio,Christos Mandas,False,Goalkeeper,1,start,end,1.0,0.0,0.0,0.0,0.0,0.0,0.0,0.0,2.0,10.0,0.0,0.0,0.0,0.0,
ITA-Serie A,2425,2025-04-06 Empoli-Cagliari,Cagliari,Elia Caprile,False,Goalkeeper,1,start,end,1.0,0.0,1.0,0.0,0.0,0.0,0.0,0.0,1.0,7.0,0.0,0.0,0.0,0.0,
ITA-Serie A,2425,2025-04-06 Empoli-Cagliari,Empoli,Devis Vásquez,True,Goalkeeper,1,start,end,1.0,0.0,0.0,0.0,0.0,0.0,0.0,0.0,1.0,8.0,0.0,0.0,0.0,0.0,
ITA-Serie A,2425,2025-04-06 Lecce-Venezia,Lecce,Wladimiro Falcone,True,Goalkeeper,1,start,end,1.0,0.0,0.0,0.0,0.0,0.0,0.0,1.0,3.0,13.0,0.0,0.0,0.0,0.0,
ITA-Serie A,2425,2025-04-06 Lecce-Venezia,Venezia,Andrei Radu,False,Goalkeeper,1,start,end,1.0,0.0,0.0,0.0,0.0,0.0,0.0,1.0,3.0,23.0,0.0,0.0,0.0,0.0,
ITA-Serie A,2425,2025-04-06 Torino-Hellas Verona,Hellas Verona,Lorenzo Montipò,False,Goalkeeper,1,start,end,1.0,0.0,0.0,0.0,0.0,0.0,0.0,1.0,1.0,5.0,0.0,0.0,0.0,0.0,
ITA-Serie A,2425,2025-04-06 Torino-Hellas Verona,Torino,Vanja Milinkovic-Savic,True,Goalkeeper,1,start,end,1.0,0.0,1.0,0.0,0.0,0.0,0.0,1.0,0.0,13.0,0.0,0.0,0.0,0.0,
ITA-Serie A,2425,2025-04-07 Bologna-Napoli,Bologna,Lukasz Skorupski,True,Goalkeeper,1,start,25,1.0,0.0,0.0,0.0,0.0,0.0,0.0,1.0,0.0,0.0,0.0,0.0,0.0,0.0,
ITA-Serie A,2425,2025-04-07 Bologna-Napoli,Napoli,Simone Scuffet,False,Goalkeeper,1,start,end,1.0,0.0,0.0,0.0,0.0,0.0,0.0,1.0,3.0,11.0,0.0,0.0,0.0,0.0,
ITA-Serie A,2425,2025-04-11 Udinese-AC Milan,AC Milan,Mike Maignan,False,Goalkeeper,1,start,55,1.0,0.0,1.0,0.0,0.0,0.0,0.0,0.0,2.0,5.0,0.0,0.0,0.0,0.0,
ITA-Serie A,2425,2025-04-11 Udinese-AC Milan,Udinese,Maduka Okoye,True,Goalkeeper,1,start,end,1.0,0.0,0.0,0.0,0.0,0.0,0.0,4.0,3.0,11.0,0.0,0.0,0.0,0.0,
ITA-Serie A,2425,2025-04-12 Internazionale-Cagliari,Cagliari,Elia Caprile,False,Goalkeeper,1,start,end,1.0,0.0,0.0,0.0,0.0,0.0,0.0,3.0,1.0,8.0,0.0,0.0,0.0,0.0,
ITA-Serie A,2425,2025-04-12 Internazionale-Cagliari,Internazionale,Yann Sommer,True,Goalkeeper,1,start,end,1.0,0.0,0.0,0.0,0.0,0.0,0.0,1.0,2.0,7.0,0.0,0.0,0.0,0.0,
ITA-Serie A,2425,2025-04-12 Juventus-Lecce,Juventus,Michele Di Gregorio,True,Goalkeeper,1,start,end,1.0,0.0,0.0,0.0,0.0,0.0,0.0,1.0,2.0,12.0,0.0,0.0,0.0,0.0,
ITA-Serie A,2425,2025-04-12 Juventus-Lecce,Lecce,Wladimiro Falcone,False,Goalkeeper,1,start,end,1.0,0.0,0.0,0.0,0.0,0.0,0.0,2.0,5.0,19.0,0.0,0.0,0.0,0.0,
ITA-Serie A,2425,2025-04-12 Venezia-Monza,Monza,Stefano Turati,False,Goalkeeper,1,start,end,1.0,0.0,0.0,0.0,0.0,0.0,0.0,1.0,3.0,6.0,0.0,0.0,0.0,0.0,
ITA-Serie A,2425,2025-04-12 Venezia-Monza,Venezia,Andrei Radu,True,Goalkeeper,1,start,end,1.0,0.0,0.0,0.0,0.0,0.0,0.0,0.0,3.0,11.0,0.0,0.0,0.0,0.0,
ITA-Serie A,2425,2025-04-13 Atalanta-Bologna,Atalanta,Marco Carnesecchi,True,Goalkeeper,1,start,end,1.0,0.0,0.0,0.0,0.0,0.0,0.0,0.0,5.0,13.0,0.0,0.0,0.0,0.0,
ITA-Serie A,2425,2025-04-13 Atalanta-Bologna,Bologna,Federico Ravaglia,False,Goalkeeper,1,start,end,1.0,0.0,0.0,0.0,0.0,0.0,0.0,2.0,0.0,2.0,0.0,0.0,0.0,0.0,
ITA-Serie A,2425,2025-04-13 Como-Torino,Como,Jean Butez,True,Goalkeeper,1,start,end,1.0,0.0,0.0,0.0,0.0,0.0,0.0,0.0,3.0,10.0,0.0,0.0,0.0,0.0,
ITA-Serie A,2425,2025-04-13 Como-Torino,Torino,Vanja Milinkovic-Savic,False,Goalkeeper,1,start,end,1.0,0.0,0.0,0.0,0.0,0.0,0.0,1.0,6.0,15.0,0.0,0.0,0.0,0.0,
ITA-Serie A,2425,2025-04-13 Fiorentina-Parma,Fiorentina,David de Gea,True,Goalkeeper,1,start,end,1.0,0.0,0.0,0.0,0.0,0.0,0.0,0.0,3.0,7.0,0.0,0.0,0.0,0.0,
ITA-Serie A,2425,2025-04-13 Fiorentina-Parma,Parma,Zion Suzuki,False,Goalkeeper,1,start,end,1.0,0.0,1.0,0.0,0.0,0.0,0.0,0.0,3.0,9.0,0.0,0.0,0.0,0.0,
ITA-Serie A,2425,2025-04-13 Hellas Verona-Genoa,Genoa,Nicola Leali,False,Goalkeeper,1,start,end,1.0,0.0,1.0,0.0,0.0,0.0,0.0,0.0,3.0,14.0,0.0,0.0,0.0,0.0,
ITA-Serie A,2425,2025-04-13 Hellas Verona-Genoa,Hellas Verona,Lorenzo Montipò,True,Goalkeeper,1,start,end,1.0,0.0,0.0,0.0,0.0,0.0,0.0,0.0,1.0,5.0,0.0,0.0,0.0,0.0,
ITA-Serie A,2425,2025-04-13 Lazio-AS Roma,AS Roma,Mile Svilar,False,Goalkeeper,1,start,end,1.0,0.0,0.0,0.0,0.0,0.0,0.0,1.0,7.0,11.0,0.0,0.0,0.0,0.0,
ITA-Serie A,2425,2025-04-13 Lazio-AS Roma,Lazio,Christos Mandas,True,Goalkeeper,1,start,end,1.0,0.0,0.0,0.0,0.0,0.0,0.0,1.0,3.0,7.0,0.0,0.0,0.0,0.0,
ITA-Serie A,2425,2025-04-14 Napoli-Empoli,Empoli,Devis Vásquez,False,Goalkeeper,1,start,end,1.0,0.0,0.0,0.0,0.0,0.0,0.0,3.0,3.0,14.0,0.0,0.0,0.0,0.0,
ITA-Serie A,2425,2025-04-14 Napoli-Empoli,Napoli,Alex Meret,True,Goalkeeper,1,start,end,1.0,0.0,0.0,0.0,0.0,0.0,0.0,0.0,1.0,10.0,0.0,0.0,0.0,0.0,
ITA-Serie A,2425,2025-04-19 AS Roma-Hellas Verona,AS Roma,Mile Svilar,True,Goalkeeper,1,start,end,1.0,0.0,0.0,0.0,0.0,0.0,0.0,0.0,2.0,8.0,0.0,0.0,0.0,0.0,
ITA-Serie A,2425,2025-04-19 AS Roma-Hellas Verona,Hellas Verona,Lorenzo Montipò,False,Goalkeeper,1,start,end,1.0,0.0,0.0,0.0,0.0,0.0,0.0,1.0,1.0,6.0,0.0,0.0,0.0,0.0,
ITA-Serie A,2425,2025-04-19 Lecce-Como,Como,Jean Butez,False,Goalkeeper,1,start,end,1.0,0.0,1.0,0.0,0.0,0.0,0.0,0.0,7.0,12.0,0.0,0.0,0.0,0.0,
ITA-Serie A,2425,2025-04-19 Lecce-Como,Lecce,Wladimiro Falcone,True,Goalkeeper,1,start,end,1.0,0.0,0.0,0.0,0.0,0.0,0.0,3.0,2.0,7.0,0.0,0.0,0.0,0.0,
ITA-Serie A,2425,2025-04-19 Monza-Napoli,Monza,Stefano Turati,True,Goalkeeper,1,start,end,1.0,0.0,0.0,0.0,0.0,0.0,0.0,1.0,4.0,15.0,0.0,0.0,0.0,0.0,
ITA-Serie A,2425,2025-04-19 Monza-Napoli,Napoli,Alex Meret,False,Goalkeeper,1,start,end,1.0,0.0,0.0,0.0,0.0,0.0,0.0,0.0,0.0,8.0,0.0,0.0,0.0,0.0,
ITA-Serie A,2425,2025-04-20 AC Milan-Atalanta,AC Milan,Mike Maignan,True,Goalkeeper,1,start,end,1.0,0.0,1.0,0.0,0.0,0.0,0.0,1.0,1.0,10.0,0.0,0.0,0.0,0.0,
ITA-Serie A,2425,2025-04-20 AC Milan-Atalanta,Atalanta,Marco Carnesecchi,False,Goalkeeper,1,start,end,1.0,0.0,0.0,0.0,0.0,0.0,0.0,0.0,1.0,12.0,0.0,0.0,0.0,0.0,
ITA-Serie A,2425,2025-04-20 Bologna-Internazionale,Bologna,Federico Ravaglia,True,Goalkeeper,1,start,end,1.0,0.0,1.0,0.0,0.0,0.0,0.0,0.0,1.0,8.0,0.0,0.0,0.0,0.0,
ITA-Serie A,2425,2025-04-20 Bologna-Internazionale,Internazionale,Yann Sommer,False,Goalkeeper,1,start,end,1.0,0.0,0.0,0.0,0.0,0.0,0.0,1.0,2.0,10.0,0.0,0.0,0.0,0.0,
ITA-Serie A,2425,2025-04-20 Empoli-Venezia,Empoli,Devis Vásquez,True,Goalkeeper,1,start,end,1.0,0.0,0.0,0.0,0.0,0.0,0.0,2.0,5.0,10.0,0.0,0.0,0.0,0.0,
ITA-Serie A,2425,2025-04-20 Empoli-Venezia,Venezia,Andrei Radu,False,Goalkeeper,1,start,end,1.0,0.0,1.0,0.0,0.0,0.0,0.0,2.0,3.0,9.0,0.0,0.0,0.0,0.0,
ITA-Serie A,2425,2025-04-23 Cagliari-Fiorentina,Cagliari,Elia Caprile,True,Goalkeeper,1,start,end,1.0,0.0,0.0,0.0,0.0,0.0,0.0,2.0,2.0,6.0,0.0,0.0,0.0,0.0,
ITA-Serie A,2425,2025-04-23 Cagliari-Fiorentina,Fiorentina,David de Gea,False,Goalkeeper,1,start,end,1.0,0.0,0.0,0.0,0.0,0.0,0.0,1.0,1.0,7.0,0.0,0.0,0.0,0.0,
ITA-Serie A,2425,2025-04-23 Genoa-Lazio,Genoa,Nicola Leali,True,Goalkeeper,1,start,end,1.0,0.0,0.0,0.0,0.0,0.0,0.0,2.0,4.0,14.0,0.0,0.0,0.0,0.0,
ITA-Serie A,2425,2025-04-23 Genoa-Lazio,Lazio,Christos Mandas,False,Goalkeeper,1,start,end,1.0,0.0,0.0,0.0,0.0,0.0,0.0,0.0,4.0,8.0,0.0,0.0,0.0,0.0,
ITA-Serie A,2425,2025-04-23 Parma-Juventus,Juventus,Michele Di Gregorio,False,Goalkeeper,1,start,end,1.0,0.0,0.0,0.0,0.0,0.0,0.0,1.0,2.0,5.0,0.0,0.0,0.0,0.0,
ITA-Serie A,2425,2025-04-23 Parma-Juventus,Parma,Zion Suzuki,True,Goalkeeper,1,start,end,1.0,0.0,0.0,0.0,0.0,0.0,0.0,0.0,2.0,16.0,0.0,0.0,0.0,0.0,
ITA-Serie A,2425,2025-04-23 Torino-Udinese,Torino,Vanja Milinkovic-Savic,True,Goalkeeper,1,start,end,1.0,0.0,1.0,0.0,0.0,0.0,0.0,0.0,6.0,11.0,0.0,0.0,0.0,0.0,
ITA-Serie A,2425,2025-04-23 Torino-Udinese,Udinese,Maduka Okoye,False,Goalkeeper,1,start,end,1.0,0.0,0.0,0.0,0.0,0.0,0.0,2.0,2.0,8.0,0.0,0.0,0.0,0.0,
ITA-Serie A,2425,2025-04-27 Atalanta-Lecce,Atalanta,Marco Carnesecchi,True,Goalkeeper,1,start,end,1.0,0.0,0.0,0.0,0.0,0.0,0.0,1.0,2.0,9.0,0.0,0.0,0.0,0.0,
ITA-Serie A,2425,2025-04-27 Atalanta-Lecce,Lecce,Wladimiro Falcone,False,Goalkeeper,1,start,end,1.0,0.0,0.0,0.0,0.0,0.0,0.0,1.0,6.0,22.0,0.0,0.0,0.0,0.0,
ITA-Serie A,2425,2025-04-27 Como-Genoa,Como,Jean Butez,True,Goalkeeper,1,start,end,1.0,0.0,0.0,0.0,0.0,0.0,0.0,0.0,1.0,4.0,0.0,0.0,0.0,0.0,
ITA-Serie A,2425,2025-04-27 Como-Genoa,Genoa,Nicola Leali,False,Goalkeeper,1,start,end,1.0,0.0,0.0,0.0,0.0,0.0,0.0,1.0,3.0,13.0,0.0,0.0,0.0,0.0,
ITA-Serie A,2425,2025-04-27 Fiorentina-Empoli,Empoli,Devis Vásquez,False,Goalkeeper,1,start,end,1.0,0.0,0.0,0.0,0.0,0.0,0.0,2.0,1.0,4.0,0.0,0.0,0.0,0.0,
ITA-Serie A,2425,2025-04-27 Fiorentina-Empoli,Fiorentina,David de Gea,True,Goalkeeper,1,start,end,1.0,0.0,0.0,0.0,0.0,0.0,0.0,1.0,4.0,6.0,0.0,0.0,0.0,0.0,
ITA-Serie A,2425,2025-04-27 Internazionale-AS Roma,AS Roma,Mile Svilar,False,Goalkeeper,1,start,end,1.0,0.0,0.0,0.0,0.0,0.0,0.0,0.0,2.0,17.0,0.0,0.0,0.0,0.0,
ITA-Serie A,2425,2025-04-27 Internazionale-AS Roma,Internazionale,Yann Sommer,True,Goalkeeper,1,start,end,1.0,0.0,0.0,0.0,0.0,0.0,0.0,1.0,5.0,18.0,0.0,0.0,0.0,0.0,
ITA-Serie A,2425,2025-04-27 Juventus-Monza,Juventus,Michele Di Gregorio,True,Goalkeeper,1,start,end,1.0,0.0,0.0,0.0,0.0,0.0,0.0,0.0,3.0,12.0,0.0,0.0,0.0,0.0,
ITA-Serie A,2425,2025-04-27 Juventus-Monza,Monza,Stefano Turati,False,Goalkeeper,1,start,end,1.0,0.0,0.0,0.0,0.0,0.0,0.0,2.0,3.0,8.0,0.0,0.0,0.0,0.0,
ITA-Serie A,2425,2025-04-27 Napoli-Torino,Napoli,Alex Meret,True,Goalkeeper,1,start,end,1.0,0.0,0.0,0.0,0.0,0.0,0.0,0.0,0.0,8.0,0.0,0.0,0.0,0.0,
ITA-Serie A,2425,2025-04-27 Napoli-Torino,Torino,Vanja Milinkovic-Savic,False,Goalkeeper,1,start,end,1.0,0.0,0.0,0.0,0.0,0.0,0.0,2.0,0.0,6.0,0.0,0.0,0.0,0.0,
ITA-Serie A,2425,2025-04-27 Venezia-AC Milan,AC Milan,Mike Maignan,False,Goalkeeper,1,start,end,1.0,0.0,0.0,0.0,0.0,0.0,0.0,0.0,2.0,14.0,0.0,0.0,0.0,0.0,
ITA-Serie A,2425,2025-04-27 Venezia-AC Milan,Venezia,Andrei Radu,True,Goalkeeper,1,start,end,1.0,0.0,0.0,0.0,0.0,0.0,0.0,2.0,0.0,9.0,0.0,0.0,0.0,0.0,
ITA-Serie A,2425,2025-04-28 Hellas Verona-Cagliari,Cagliari,Elia Caprile,False,Goalkeeper,1,start,end,1.0,0.0,0.0,0.0,0.0,0.0,0.0,0.0,2.0,5.0,0.0,0.0,0.0,0.0,
ITA-Serie A,2425,2025-04-28 Hellas Verona-Cagliari,Hellas Verona,Lorenzo Montipò,True,Goalkeeper,1,start,end,1.0,0.0,0.0,0.0,0.0,0.0,0.0,2.0,2.0,5.0,0.0,0.0,0.0,0.0,
ITA-Serie A,2425,2025-04-28 Lazio-Parma,Lazio,Christos Mandas,True,Goalkeeper,1,start,end,1.0,0.0,0.0,0.0,0.0,0.0,0.0,2.0,3.0,5.0,0.0,0.0,0.0,0.0,
ITA-Serie A,2425,2025-04-28 Lazio-Parma,Parma,Zion Suzuki,False,Goalkeeper,1,start,end,1.0,0.0,2.0,0.0,0.0,0.0,0.0,2.0,5.0,11.0,0.0,0.0,0.0,0.0,
ITA-Serie A,2425,2025-04-28 Udinese-Bologna,Bologna,Lukasz Skorupski,False,Goalkeeper,1,start,end,1.0,0.0,0.0,0.0,0.0,0.0,0.0,0.0,4.0,13.0,0.0,0.0,0.0,0.0,
ITA-Serie A,2425,2025-04-28 Udinese-Bologna,Udinese,Maduka Okoye,True,Goalkeeper,1,start,end,1.0,0.0,0.0,0.0,0.0,0.0,0.0,0.0,1.0,12.0,0.0,0.0,0.0,0.0,
ITA-Serie A,2425,2025-05-02 Torino-Venezia,Torino,Vanja Milinkovic-Savic,True,Goalkeeper,1,start,end,1.0,0.0,0.0,0.0,0.0,0.0,0.0,1.0,2.0,6.0,0.0,0.0,0.0,0.0,
ITA-Serie A,2425,2025-05-02 Torino-Venezia,Venezia,Andrei Radu,False,Goalkeeper,1,start,end,1.0,0.0,0.0,0.0,0.0,0.0,0.0,1.0,3.0,18.0,0.0,0.0,0.0,0.0,
ITA-Serie A,2425,2025-05-03 Cagliari-Udinese,Cagliari,Elia Caprile,True,Goalkeeper,1,start,end,1.0,0.0,0.0,0.0,0.0,0.0,0.0,2.0,1.0,9.0,0.0,0.0,0.0,0.0,
ITA-Serie A,2425,2025-05-03 Cagliari-Udinese,Udinese,Maduka Okoye,False,Goalkeeper,1,start,end,1.0,0.0,0.0,0.0,0.0,0.0,0.0,1.0,1.0,7.0,0.0,0.0,0.0,0.0,
ITA-Serie A,2425,2025-05-03 Internazionale-Hellas Verona,Hellas Verona,Lorenzo Montipò,False,Goalkeeper,1,start,end,1.0,0.0,0.0,0.0,0.0,0.0,0.0,1.0,1.0,8.0,0.0,0.0,0.0,0.0,
ITA-Serie A,2425,2025-05-03 Internazionale-Hellas Verona,Internazionale,Josep Martínez,True,Goalkeeper,1,start,end,1.0,0.0,0.0,0.0,0.0,0.0,0.0,0.0,1.0,6.0,0.0,0.0,0.0,0.0,
ITA-Serie A,2425,2025-05-03 Lecce-Napoli,Lecce,Wladimiro Falcone,True,Goalkeeper,1,start,end,1.0,0.0,1.0,0.0,0.0,0.0,0.0,1.0,1.0,7.0,0.0,0.0,0.0,0.0,
ITA-Serie A,2425,2025-05-03 Lecce-Napoli,Napoli,Alex Meret,False,Goalkeeper,1,start,end,1.0,0.0,1.0,0.0,0.0,0.0,0.0,0.0,1.0,9.0,0.0,0.0,0.0,0.0,
ITA-Serie A,2425,2025-05-03 Parma-Como,Como,Jean Butez,False,Goalkeeper,1,start,end,1.0,0.0,0.0,0.0,0.0,0.0,0.0,0.0,3.0,13.0,0.0,0.0,0.0,0.0,
ITA-Serie A,2425,2025-05-03 Parma-Como,Parma,Zion Suzuki,True,Goalkeeper,1,start,end,1.0,0.0,0.0,0.0,0.0,0.0,0.0,1.0,3.0,12.0,0.0,0.0,0.0,0.0,
ITA-Serie A,2425,2025-05-04 AS Roma-Fiorentina,AS Roma,Mile Svilar,True,Goalkeeper,1,start,end,1.0,0.0,1.0,0.0,0.0,0.0,0.0,0.0,5.0,12.0,0.0,0.0,0.0,0.0,
ITA-Serie A,2425,2025-05-04 AS Roma-Fiorentina,Fiorentina,David de Gea,False,Goalkeeper,1,start,end,1.0,0.0,0.0,0.0,0.0,0.0,0.0,1.0,3.0,10.0,0.0,0.0,0.0,0.0,
ITA-Serie A,2425,2025-05-04 Bologna-Juventus,Bologna,Lukasz Skorupski,True,Goalkeeper,1,start,end,1.0,0.0,0.0,0.0,0.0,0.0,0.0,1.0,1.0,5.0,0.0,0.0,0.0,0.0,
ITA-Serie A,2425,2025-05-04 Bologna-Juventus,Juventus,Michele Di Gregorio,False,Goalkeeper,1,start,end,1.0,0.0,1.0,0.0,0.0,0.0,0.0,1.0,1.0,7.0,0.0,0.0,0.0,0.0,
ITA-Serie A,2425,2025-05-04 Empoli-Lazio,Empoli,Devis Vásquez,True,Goalkeeper,1,start,end,1.0,0.0,0.0,0.0,0.0,0.0,0.0,1.0,2.0,8.0,0.0,0.0,0.0,0.0,
ITA-Serie A,2425,2025-05-04 Empoli-Lazio,Lazio,Christos Mandas,False,Goalkeeper,1,start,end,1.0,0.0,2.0,0.0,0.0,0.0,0.0,0.0,2.0,8.0,0.0,0.0,0.0,0.0,
ITA-Serie A,2425,2025-05-04 Monza-Atalanta,Atalanta,Marco Carnesecchi,False,Goalkeeper,1,start,end,1.0,0.0,0.0,0.0,0.0,0.0,0.0,0.0,7.0,12.0,0.0,0.0,0.0,0.0,
ITA-Serie A,2425,2025-05-04 Monza-Atalanta,Monza,Semuel Pizzignacco,True,Goalkeeper,1,start,end,1.0,0.0,0.0,0.0,0.0,0.0,0.0,4.0,1.0,11.0,0.0,0.0,0.0,0.0,
ITA-Serie A,2425,2025-05-05 Genoa-AC Milan,AC Milan,Mike Maignan,False,Goalkeeper,1,start,end,1.0,0.0,0.0,0.0,0.0,0.0,0.0,1.0,4.0,9.0,0.0,0.0,0.0,0.0,
ITA-Serie A,2425,2025-05-05 Genoa-AC Milan,Genoa,Nicola Leali,True,Goalkeeper,1,start,end,1.0,0.0,0.0,0.0,0.0,0.0,0.0,2.0,4.0,9.0,0.0,0.0,0.0,0.0,
ITA-Serie A,2425,2025-05-09 AC Milan-Bologna,AC Milan,Mike Maignan,True,Goalkeeper,1,start,end,1.0,0.0,0.0,0.0,0.0,0.0,0.0,1.0,3.0,9.0,0.0,0.0,0.0,0.0,
ITA-Serie A,2425,2025-05-09 AC Milan-Bologna,Bologna,Lukasz Skorupski,False,Goalkeeper,1,start,end,1.0,0.0,0.0,0.0,0.0,0.0,0.0,3.0,3.0,8.0,0.0,0.0,0.0,0.0,
ITA-Serie A,2425,2025-05-10 Como-Cagliari,Cagliari,Elia Caprile,False,Goalkeeper,1,start,end,1.0,0.0,0.0,0.0,0.0,0.0,0.0,3.0,2.0,16.0,0.0,0.0,0.0,0.0,
ITA-Serie A,2425,2025-05-10 Como-Cagliari,Como,Pepe Reina,True,Goalkeeper,1,start,end,1.0,0.0,0.0,0.0,0.0,0.0,0.0,1.0,2.0,9.0,0.0,0.0,0.0,0.0,
ITA-Serie A,2425,2025-05-10 Empoli-Parma,Empoli,Devis Vásquez,True,Goalkeeper,1,start,end,1.0,0.0,1.0,0.0,0.0,0.0,0.0,1.0,0.0,2.0,0.0,0.0,0.0,0.0,
ITA-Serie A,2425,2025-05-10 Empoli-Parma,Parma,Zion Suzuki,False,Goalkeeper,1,start,end,1.0,0.0,0.0,0.0,0.0,0.0,0.0,2.0,2.0,13.0,0.0,0.0,0.0,0.0,
ITA-Serie A,2425,2025-05-10 Lazio-Juventus,Juventus,Michele Di Gregorio,False,Goalkeeper,1,start,end,1.0,0.0,0.0,0.0,0.0,0.0,0.0,1.0,5.0,18.0,0.0,0.0,0.0,0.0,
ITA-Serie A,2425,2025-05-10 Lazio-Juventus,Lazio,Christos Mandas,True,Goalkeeper,1,start,end,1.0,0.0,0.0,0.0,0.0,0.0,0.0,1.0,1.0,6.0,0.0,0.0,0.0,0.0,
ITA-Serie A,2425,2025-05-11 Hellas Verona-Lecce,Hellas Verona,Lorenzo Montipò,True,Goalkeeper,1,start,end,1.0,0.0,0.0,0.0,0.0,0.0,0.0,1.0,2.0,10.0,0.0,0.0,0.0,0.0,
ITA-Serie A,2425,2025-05-11 Hellas Verona-Lecce,Lecce,Wladimiro Falcone,False,Goalkeeper,1,start,end,1.0,0.0,1.0,0.0,0.0,0.0,0.0,1.0,1.0,5.0,0.0,0.0,0.0,0.0,
ITA-Serie A,2425,2025-05-11 Napoli-Genoa,Genoa,Benjamin Siegrist,False,Goalkeeper,1,start,end,1.0,0.0,0.0,0.0,0.0,0.0,0.0,2.0,8.0,20.0,0.0,0.0,0.0,0.0,
ITA-Serie A,2425,2025-05-11 Napoli-Genoa,Napoli,Alex Meret,True,Goalkeeper,1,start,end,1.0,0.0,0.0,1.0,0.0,0.0,0.0,2.0,1.0,7.0,0.0,0.0,0.0,0.0,
ITA-Serie A,2425,2025-05-11 Torino-Internazionale,Internazionale,Josep Martínez,False,Goalkeeper,1,start,end,1.0,0.0,0.0,0.0,0.0,0.0,0.0,0.0,3.0,18.0,0.0,0.0,0.0,0.0,
ITA-Serie A,2425,2025-05-11 Torino-Internazionale,Torino,Vanja Milinkovic-Savic,True,Goalkeeper,1,start,end,1.0,1.0,0.0,0.0,0.0,0.0,1.0,2.0,5.0,10.0,0.0,0.0,0.0,0.0,
ITA-Serie A,2425,2025-05-11 Udinese-Monza,Monza,Semuel Pizzignacco,False,Goalkeeper,1,start,end,1.0,0.0,0.0,0.0,0.0,0.0,0.0,1.0,4.0,20.0,0.0,0.0,0.0,0.0,
ITA-Serie A,2425,2025-05-11 Udinese-Monza,Udinese,Maduka Okoye,True,Goalkeeper,1,start,end,1.0,0.0,0.0,0.0,0.0,0.0,0.0,2.0,0.0,3.0,0.0,0.0,0.0,0.0,
ITA-Serie A,2425,2025-05-12 Atalanta-AS Roma,AS Roma,Mile Svilar,False,Goalkeeper,1,start,end,1.0,0.0,0.0,0.0,0.0,0.0,0.0,2.0,1.0,14.0,0.0,0.0,0.0,0.0,
ITA-Serie A,2425,2025-05-12 Atalanta-AS Roma,Atalanta,Marco Carnesecchi,True,Goalkeeper,1,start,end,1.0,0.0,1.0,0.0,0.0,0.0,0.0,1.0,2.0,8.0,0.0,0.0,0.0,0.0,
ITA-Serie A,2425,2025-05-12 Venezia-Fiorentina,Fiorentina,David de Gea,False,Goalkeeper,1,start,end,1.0,0.0,0.0,0.0,0.0,0.0,0.0,2.0,2.0,7.0,0.0,0.0,0.0,0.0,
ITA-Serie A,2425,2025-05-12 Venezia-Fiorentina,Venezia,Andrei Radu,True,Goalkeeper,1,start,end,1.0,0.0,0.0,0.0,0.0,0.0,0.0,1.0,4.0,16.0,0.0,0.0,0.0,0.0,
ITA-Serie A,2425,2025-05-17 Genoa-Atalanta,Atalanta,Rui Patrício,False,Goalkeeper,1,start,end,1.0,0.0,0.0,0.0,0.0,0.0,0.0,2.0,3.0,11.0,0.0,0.0,0.0,0.0,
ITA-Serie A,2425,2025-05-17 Genoa-Atalanta,Genoa,Nicola Leali,True,Goalkeeper,1,start,end,1.0,0.0,0.0,0.0,0.0,0.0,0.0,3.0,3.0,10.0,0.0,0.0,0.0,0.0,
ITA-Serie A,2425,2025-05-18 AS Roma-AC Milan,AC Milan,Mike Maignan,False,Goalkeeper,1,start,end,1.0,0.0,0.0,0.0,0.0,0.0,0.0,3.0,3.0,11.0,0.0,0.0,0.0,0.0,
ITA-Serie A,2425,2025-05-18 AS Roma-AC Milan,AS Roma,Mile Svilar,True,Goalkeeper,1,start,end,1.0,0.0,2.0,0.0,0.0,0.0,0.0,1.0,2.0,11.0,0.0,0.0,0.0,0.0,
ITA-Serie A,2425,2025-05-18 Cagliari-Venezia,Cagliari,Elia Caprile,True,Goalkeeper,1,start,end,1.0,0.0,0.0,0.0,0.0,0.0,0.0,0.0,1.0,10.0,0.0,0.0,0.0,0.0,
ITA-Serie A,2425,2025-05-18 Cagliari-Venezia,Venezia,Andrei Radu,False,Goalkeeper,1,start,end,1.0,0.0,0.0,0.0,0.0,0.0,0.0,3.0,2.0,16.0,0.0,0.0,0.0,0.0,
ITA-Serie A,2425,2025-05-18 Fiorentina-Bologna,Bologna,Lukasz Skorupski,False,Goalkeeper,1,start,end,1.0,0.0,0.0,0.0,0.0,0.0,0.0,3.0,3.0,3.0,0.0,0.0,0.0,0.0,
ITA-Serie A,2425,2025-05-18 Fiorentina-Bologna,Fiorentina,David de Gea,True,Goalkeeper,1,start,end,1.0,0.0,0.0,0.0,0.0,0.0,0.0,2.0,1.0,13.0,0.0,0.0,0.0,0.0,
ITA-Serie A,2425,2025-05-18 Hellas Verona-Como,Como,Jean Butez,False,Goalkeeper,1,start,end,1.0,0.0,0.0,0.0,0.0,0.0,0.0,1.0,2.0,15.0,0.0,0.0,0.0,0.0,
ITA-Serie A,2425,2025-05-18 Hellas Verona-Como,Hellas Verona,Lorenzo Montipò,True,Goalkeeper,1,start,end,1.0,0.0,0.0,0.0,0.0,0.0,0.0,1.0,4.0,10.0,0.0,0.0,0.0,0.0,
ITA-Serie A,2425,2025-05-18 Internazionale-Lazio,Internazionale,Yann Sommer,True,Goalkeeper,1,start,end,1.0,0.0,0.0,0.0,0.0,0.0,0.0,2.0,2.0,10.0,0.0,0.0,0.0,0.0,
ITA-Serie A,2425,2025-05-18 Internazionale-Lazio,Lazio,Christos Mandas,False,Goalkeeper,1,start,end,1.0,0.0,1.0,0.0,0.0,0.0,0.0,2.0,1.0,6.0,0.0,0.0,0.0,0.0,
ITA-Serie A,2425,2025-05-18 Juventus-Udinese,Juventus,Michele Di Gregorio,True,Goalkeeper,1,start,end,1.0,0.0,0.0,0.0,0.0,0.0,0.0,0.0,2.0,7.0,0.0,0.0,0.0,0.0,
ITA-Serie A,2425,2025-05-18 Juventus-Udinese,Udinese,Maduka Okoye,False,Goalkeeper,1,start,end,1.0,0.0,0.0,0.0,0.0,0.0,0.0,2.0,5.0,22.0,0.0,0.0,0.0,0.0,
ITA-Serie A,2425,2025-05-18 Lecce-Torino,Lecce,Wladimiro Falcone,True,Goalkeeper,1,start,end,1.0,0.0,0.0,0.0,0.0,0.0,0.0,0.0,4.0,10.0,0.0,0.0,0.0,0.0,
ITA-Serie A,2425,2025-05-18 Lecce-Torino,Torino,Vanja Milinkovic-Savic,False,Goalkeeper,1,start,end,1.0,0.0,0.0,0.0,0.0,0.0,0.0,1.0,5.0,9.0,0.0,0.0,0.0,0.0,
ITA-Serie A,2425,2025-05-18 Monza-Empoli,Empoli,Devis Vásquez,False,Goalkeeper,1,start,end,1.0,0.0,0.0,0.0,0.0,0.0,0.0,1.0,3.0,11.0,0.0,0.0,0.0,0.0,
ITA-Serie A,2425,2025-05-18 Monza-Empoli,Monza,Semuel Pizzignacco,True,Goalkeeper,1,start,end,1.0,0.0,0.0,1.0,0.0,0.0,0.0,3.0,2.0,8.0,0.0,0.0,0.0,0.0,
ITA-Serie A,2425,2025-05-18 Parma-Napoli,Napoli,Alex Meret,False,Goalkeeper,1,start,end,1.0,0.0,0.0,0.0,0.0,0.0,0.0,0.0,4.0,6.0,0.0,0.0,0.0,0.0,
ITA-Serie A,2425,2025-05-18 Parma-Napoli,Parma,Zion Suzuki,True,Goalkeeper,1,start,end,1.0,0.0,1.0,0.0,0.0,0.0,0.0,0.0,2.0,7.0,0.0,0.0,0.0,0.0,
ITA-Serie A,2425,2025-05-23 Como-Internazionale,Como,Pepe Reina,True,Goalkeeper,1,start,end,1.0,1.0,0.0,0.0,1.0,0.0,0.0,1.0,2.0,0.0,0.0,0.0,0.0,0.0,
ITA-Serie A,2425,2025-05-23 Como-Internazionale,Internazionale,Yann Sommer,False,Goalkeeper,1,start,end,1.0,0.0,0.0,0.0,0.0,0.0,0.0,0.0,4.0,0.0,0.0,0.0,0.0,0.0,
ITA-Serie A,2425,2025-05-23 Napoli-Cagliari,Cagliari,Alen Sherri,False,Goalkeeper,1,start,82,1.0,0.0,0.0,0.0,0.0,0.0,0.0,2.0,4.0,0.0,0.0,0.0,0.0,0.0,
ITA-Serie A,2425,2025-05-23 Napoli-Cagliari,Napoli,Alex Meret,True,Goalkeeper,1,start,end,1.0,0.0,0.0,0.0,0.0,0.0,0.0,0.0,1.0,0.0,0.0,0.0,0.0,0.0,
ITA-Serie A,2425,2025-05-24 AC Milan-Monza,AC Milan,Mike Maignan,True,Goalkeeper,1,start,end,1.0,0.0,0.0,0.0,0.0,0.0,0.0,0.0,2.0,0.0,0.0,0.0,0.0,0.0,
ITA-Serie A,2425,2025-05-24 AC Milan-Monza,Monza,Semuel Pizzignacco,False,Goalkeeper,1,start,83,1.0,0.0,1.0,0.0,0.0,0.0,0.0,2.0,4.0,0.0,0.0,0.0,0.0,0.0,
ITA-Serie A,2425,2025-05-24 Bologna-Genoa,Bologna,Federico Ravaglia,True,Goalkeeper,1,start,end,1.0,0.0,0.0,0.0,0.0,0.0,0.0,3.0,0.0,0.0,0.0,0.0,0.0,0.0,
ITA-Serie A,2425,2025-05-24 Bologna-Genoa,Genoa,Benjamin Siegrist,False,Goalkeeper,1,start,63,1.0,0.0,0.0,0.0,0.0,0.0,0.0,0.0,2.0,0.0,0.0,0.0,0.0,0.0,
ITA-Serie A,2425,2025-05-25 Atalanta-Parma,Atalanta,Marco Carnesecchi,True,Goalkeeper,1,start,end,1.0,0.0,0.0,0.0,0.0,0.0,0.0,3.0,7.0,0.0,0.0,0.0,0.0,0.0,
ITA-Serie A,2425,2025-05-25 Atalanta-Parma,Parma,Zion Suzuki,False,Goalkeeper,1,start,end,1.0,0.0,0.0,0.0,0.0,0.0,0.0,2.0,2.0,0.0,0.0,0.0,0.0,0.0,
ITA-Serie A,2425,2025-05-25 Empoli-Hellas Verona,Empoli,Devis Vásquez,True,Goalkeeper,1,start,end,1.0,0.0,0.0,0.0,0.0,0.0,0.0,2.0,0.0,0.0,0.0,0.0,0.0,0.0,
ITA-Serie A,2425,2025-05-25 Empoli-Hellas Verona,Hellas Verona,Simone Perilli,False,Goalkeeper,1,start,end,1.0,0.0,0.0,0.0,0.0,0.0,0.0,1.0,4.0,0.0,0.0,0.0,0.0,0.0,
ITA-Serie A,2425,2025-05-25 Lazio-Lecce,Lazio,Christos Mandas,True,Goalkeeper,1,start,end,1.0,0.0,0.0,0.0,0.0,0.0,0.0,1.0,2.0,0.0,0.0,0.0,0.0,0.0,
ITA-Serie A,2425,2025-05-25 Lazio-Lecce,Lecce,Wladimiro Falcone,False,Goalkeeper,1,start,end,1.0,0.0,0.0,0.0,0.0,0.0,1.0,0.0,8.0,0.0,0.0,0.0,0.0,0.0,
ITA-Serie A,2425,2025-05-25 Torino-AS Roma,AS Roma,Mile Svilar,False,Goalkeeper,1,start,end,1.0,0.0,0.0,0.0,0.0,0.0,0.0,0.0,4.0,0.0,0.0,0.0,0.0,0.0,
ITA-Serie A,2425,2025-05-25 Torino-AS Roma,Torino,Vanja Milinkovic-Savic,True,Goalkeeper,1,start,end,1.0,0.0,1.0,0.0,0.0,0.0,0.0,2.0,3.0,0.0,0.0,0.0,0.0,0.0,
ITA-Serie A,2425,2025-05-25 Udinese-Fiorentina,Fiorentina,David de Gea,False,Goalkeeper,1,start,end,1.0,0.0,0.0,0.0,0.0,0.0,0.0,2.0,1.0,0.0,0.0,0.0,0.0,0.0,
ITA-Serie A,2425,2025-05-25 Udinese-Fiorentina,Udinese,Maduka Okoye,True,Goalkeeper,1,start,end,1.0,0.0,0.0,0.0,0.0,0.0,0.0,3.0,8.0,0.0,0.0,0.0,0.0,0.0,
ITA-Serie A,2425,2025-05-25 Venezia-Juventus,Juventus,Michele Di Gregorio,False,Goalkeeper,1,start,end,1.0,0.0,1.0,0.0,0.0,0.0,0.0,2.0,3.0,0.0,0.0,0.0,0.0,0.0,
ITA-Serie A,2425,2025-05-25 Venezia-Juventus,Venezia,Andrei Radu,True,Goalkeeper,1,start,end,1.0,0.0,0.0,0.0,0.0,0.0,0.0,3.0,2.0,0.0,0.0,0.0,0.0,0.0,
