league,season,game,team,player,is_home,position,formation_place,sub_in,sub_out,appearances,fouls_committed,fouls_suffered,own_goals,red_cards,sub_ins,yellow_cards,goals_conceded,saves,shots_faced,goal_assists,shots_on_target,total_goals,total_shots,offsides
ENG-Premier League,2223,2022-08-05 Crystal Palace-Arsenal,Arsenal,Aaron Ramsdale,False,Goalkeeper,1,start,end,1.0,0.0,0.0,0.0,0.0,0.0,0.0,0.0,0.0,10.0,0.0,0.0,0.0,0.0,
ENG-Premier League,2223,2022-08-05 Crystal Palace-Arsenal,Crystal Palace,Vicente Guaita,True,Goalkeeper,1,start,end,1.0,0.0,0.0,0.0,0.0,0.0,0.0,1.0,0.0,9.0,0.0,0.0,0.0,0.0,
ENG-Premier League,2223,2022-08-06 AFC Bournemouth-Aston Villa,AFC Bournemouth,Mark Travers,True,Goalkeeper,1,start,end,1.0,0.0,0.0,0.0,0.0,0.0,0.0,0.0,0.0,16.0,0.0,0.0,0.0,0.0,
ENG-Premier League,2223,2022-08-06 AFC Bournemouth-Aston Villa,Aston Villa,Emiliano Martínez,False,Goalkeeper,1,start,end,1.0,0.0,0.0,0.0,0.0,0.0,0.0,2.0,0.0,5.0,0.0,0.0,0.0,0.0,
ENG-Premier League,2223,2022-08-06 Everton-Chelsea,Chelsea,Édouard Mendy,False,Goalkeeper,1,start,end,1.0,0.0,0.0,0.0,0.0,0.0,0.0,0.0,0.0,8.0,0.0,0.0,0.0,0.0,
ENG-Premier League,2223,2022-08-06 Everton-Chelsea,Everton,Jordan Pickford,True,Goalkeeper,1,start,end,1.0,0.0,0.0,0.0,0.0,0.0,0.0,1.0,0.0,13.0,0.0,0.0,0.0,0.0,
ENG-Premier League,2223,2022-08-06 Fulham-Liverpool,Fulham,Marek Rodák,True,Goalkeeper,1,start,end,1.0,0.0,0.0,0.0,0.0,0.0,0.0,2.0,0.0,7.0,0.0,0.0,0.0,0.0,
ENG-Premier League,2223,2022-08-06 Fulham-Liverpool,Liverpool,Alisson Becker,False,Goalkeeper,1,start,end,1.0,0.0,0.0,0.0,0.0,0.0,0.0,2.0,0.0,6.0,0.0,0.0,0.0,0.0,
ENG-Premier League,2223,2022-08-06 Leeds United-Wolverhampton Wanderers,Leeds United,Illan Meslier,True,Goalkeeper,1,start,end,1.0,0.0,0.0,0.0,0.0,0.0,0.0,1.0,5.0,13.0,0.0,0.0,0.0,0.0,
ENG-Premier League,2223,2022-08-06 Leeds United-Wolverhampton Wanderers,Wolverhampton Wanderers,José Sá,False,Goalkeeper,1,start,end,1.0,0.0,0.0,0.0,0.0,0.0,0.0,1.0,3.0,11.0,0.0,0.0,0.0,0.0,
ENG-Premier League,2223,2022-08-06 Newcastle United-Nottingham Forest,Newcastle United,Nick Pope,True,Goalkeeper,1,start,end,1.0,0.0,0.0,0.0,0.0,0.0,0.0,0.0,0.0,5.0,0.0,0.0,0.0,0.0,
ENG-Premier League,2223,2022-08-06 Newcastle United-Nottingham Forest,Nottingham Forest,Dean Henderson,False,Goalkeeper,1,start,end,1.0,0.0,0.0,0.0,0.0,0.0,0.0,2.0,0.0,21.0,0.0,0.0,0.0,0.0,
ENG-Premier League,2223,2022-08-06 Tottenham Hotspur-Southampton,Southampton,Gavin Bazunu,False,Goalkeeper,1,start,end,1.0,0.0,0.0,0.0,0.0,0.0,0.0,3.0,0.0,15.0,0.0,0.0,0.0,0.0,
ENG-Premier League,2223,2022-08-06 Tottenham Hotspur-Southampton,Tottenham Hotspur,Hugo Lloris,True,Goalkeeper,1,start,end,1.0,0.0,0.0,0.0,0.0,0.0,0.0,1.0,0.0,9.0,0.0,0.0,0.0,0.0,
ENG-Premier League,2223,2022-08-07 Leicester City-Brentford,Brentford,David Raya,False,Goalkeeper,1,start,end,1.0,0.0,0.0,0.0,0.0,0.0,0.0,2.0,3.0,12.0,0.0,0.0,0.0,0.0,
ENG-Premier League,2223,2022-08-07 Leicester City-Brentford,Leicester City,Danny Ward,True,Goalkeeper,1,start,end,1.0,0.0,0.0,0.0,0.0,0.0,0.0,2.0,1.0,7.0,0.0,0.0,0.0,0.0,
ENG-Premier League,2223,2022-08-07 Manchester United-Brighton & Hove Albion,Brighton & Hove Albion,Robert Sánchez,False,Goalkeeper,1,start,end,1.0,0.0,0.0,0.0,0.0,0.0,0.0,0.0,0.0,17.0,0.0,0.0,0.0,0.0,
ENG-Premier League,2223,2022-08-07 Manchester United-Brighton & Hove Albion,Manchester United,David de Gea,True,Goalkeeper,1,start,end,1.0,0.0,0.0,0.0,0.0,0.0,0.0,2.0,0.0,14.0,0.0,0.0,0.0,0.0,
ENG-Premier League,2223,2022-08-07 West Ham United-Manchester City,Manchester City,Ederson,False,Goalkeeper,1,start,end,1.0,0.0,0.0,0.0,0.0,0.0,0.0,0.0,0.0,6.0,0.0,0.0,0.0,0.0,
ENG-Premier League,2223,2022-08-07 West Ham United-Manchester City,West Ham United,Lukasz Fabianski,True,Goalkeeper,1,start,29,1.0,0.0,0.0,0.0,0.0,0.0,0.0,0.0,0.0,3.0,0.0,0.0,0.0,0.0,
ENG-Premier League,2223,2022-08-13 Arsenal-Leicester City,Arsenal,Aaron Ramsdale,True,Goalkeeper,1,start,end,1.0,0.0,0.0,0.0,0.0,0.0,0.0,1.0,1.0,5.0,0.0,0.0,0.0,0.0,
ENG-Premier League,2223,2022-08-13 Arsenal-Leicester City,Leicester City,Danny Ward,False,Goalkeeper,1,start,end,1.0,0.0,1.0,0.0,0.0,0.0,0.0,4.0,4.0,14.0,0.0,0.0,0.0,0.0,
ENG-Premier League,2223,2022-08-13 Aston Villa-Everton,Aston Villa,Emiliano Martínez,True,Goalkeeper,1,start,end,1.0,0.0,0.0,0.0,0.0,0.0,0.0,0.0,4.0,14.0,0.0,0.0,0.0,0.0,
ENG-Premier League,2223,2022-08-13 Aston Villa-Everton,Everton,Jordan Pickford,False,Goalkeeper,1,start,end,1.0,0.0,0.0,0.0,0.0,0.0,0.0,2.0,1.0,9.0,0.0,0.0,0.0,0.0,
ENG-Premier League,2223,2022-08-13 Brentford-Manchester United,Brentford,David Raya,True,Goalkeeper,1,start,end,1.0,0.0,0.0,0.0,0.0,0.0,0.0,0.0,0.0,15.0,0.0,0.0,0.0,0.0,
ENG-Premier League,2223,2022-08-13 Brentford-Manchester United,Manchester United,David de Gea,False,Goalkeeper,1,start,end,1.0,0.0,0.0,0.0,0.0,0.0,0.0,4.0,0.0,9.0,0.0,0.0,0.0,0.0,
ENG-Premier League,2223,2022-08-13 Brighton & Hove Albion-Newcastle United,Brighton & Hove Albion,Robert Sánchez,True,Goalkeeper,1,start,end,1.0,0.0,0.0,0.0,0.0,0.0,0.0,0.0,0.0,4.0,0.0,0.0,0.0,0.0,
ENG-Premier League,2223,2022-08-13 Brighton & Hove Albion-Newcastle United,Newcastle United,Nick Pope,False,Goalkeeper,1,start,end,1.0,0.0,0.0,0.0,0.0,0.0,0.0,0.0,0.0,13.0,0.0,0.0,0.0,0.0,
ENG-Premier League,2223,2022-08-13 Manchester City-AFC Bournemouth,AFC Bournemouth,Mark Travers,False,Goalkeeper,1,start,end,1.0,0.0,0.0,0.0,0.0,0.0,0.0,3.0,4.0,15.0,0.0,0.0,0.0,0.0,
ENG-Premier League,2223,2022-08-13 Manchester City-AFC Bournemouth,Manchester City,Ederson,True,Goalkeeper,1,start,end,1.0,0.0,0.0,0.0,0.0,0.0,0.0,0.0,1.0,3.0,0.0,0.0,0.0,0.0,
ENG-Premier League,2223,2022-08-13 Southampton-Leeds United,Leeds United,Illan Meslier,False,Goalkeeper,1,start,end,1.0,0.0,0.0,0.0,0.0,0.0,0.0,2.0,2.0,12.0,0.0,0.0,0.0,0.0,
ENG-Premier League,2223,2022-08-13 Southampton-Leeds United,Southampton,Gavin Bazunu,True,Goalkeeper,1,start,end,1.0,0.0,0.0,0.0,0.0,0.0,0.0,2.0,3.0,10.0,0.0,0.0,0.0,0.0,
ENG-Premier League,2223,2022-08-13 Wolverhampton Wanderers-Fulham,Fulham,Marek Rodák,False,Goalkeeper,1,start,end,1.0,0.0,0.0,0.0,0.0,0.0,0.0,0.0,1.0,7.0,0.0,0.0,0.0,0.0,
ENG-Premier League,2223,2022-08-13 Wolverhampton Wanderers-Fulham,Wolverhampton Wanderers,José Sá,True,Goalkeeper,1,start,end,1.0,0.0,0.0,0.0,0.0,0.0,0.0,0.0,2.0,8.0,0.0,0.0,0.0,0.0,
ENG-Premier League,2223,2022-08-14 Chelsea-Tottenham Hotspur,Chelsea,Édouard Mendy,True,Goalkeeper,1,start,end,1.0,0.0,0.0,0.0,0.0,0.0,1.0,2.0,0.0,8.0,0.0,0.0,0.0,0.0,
ENG-Premier League,2223,2022-08-14 Chelsea-Tottenham Hotspur,Tottenham Hotspur,Hugo Lloris,False,Goalkeeper,1,start,end,1.0,0.0,0.0,0.0,0.0,0.0,0.0,2.0,0.0,12.0,0.0,0.0,0.0,0.0,
ENG-Premier League,2223,2022-08-14 Nottingham Forest-West Ham United,Nottingham Forest,Dean Henderson,True,Goalkeeper,1,start,end,1.0,0.0,0.0,0.0,0.0,0.0,1.0,0.0,0.0,18.0,0.0,0.0,0.0,0.0,
ENG-Premier League,2223,2022-08-14 Nottingham Forest-West Ham United,West Ham United,Lukasz Fabianski,False,Goalkeeper,1,start,end,1.0,0.0,0.0,0.0,0.0,0.0,0.0,1.0,0.0,12.0,0.0,0.0,0.0,0.0,
ENG-Premier League,2223,2022-08-15 Liverpool-Crystal Palace,Crystal Palace,Vicente Guaita,False,Goalkeeper,1,start,end,1.0,0.0,0.0,0.0,0.0,0.0,1.0,1.0,0.0,22.0,0.0,0.0,0.0,0.0,
ENG-Premier League,2223,2022-08-15 Liverpool-Crystal Palace,Liverpool,Alisson Becker,True,Goalkeeper,1,start,end,1.0,0.0,0.0,0.0,0.0,0.0,0.0,1.0,0.0,6.0,0.0,0.0,0.0,0.0,
ENG-Premier League,2223,2022-08-20 AFC Bournemouth-Arsenal,AFC Bournemouth,Mark Travers,True,Goalkeeper,1,start,end,1.0,0.0,0.0,0.0,0.0,0.0,0.0,3.0,3.0,11.0,0.0,0.0,0.0,0.0,
ENG-Premier League,2223,2022-08-20 AFC Bournemouth-Arsenal,Arsenal,Aaron Ramsdale,False,Goalkeeper,1,start,end,1.0,0.0,0.0,0.0,0.0,0.0,0.0,0.0,3.0,6.0,0.0,0.0,0.0,0.0,
ENG-Premier League,2223,2022-08-20 Crystal Palace-Aston Villa,Aston Villa,Emiliano Martínez,False,Goalkeeper,1,start,end,1.0,0.0,0.0,0.0,0.0,0.0,0.0,3.0,0.0,13.0,0.0,0.0,0.0,0.0,
ENG-Premier League,2223,2022-08-20 Crystal Palace-Aston Villa,Crystal Palace,Vicente Guaita,True,Goalkeeper,1,start,end,1.0,0.0,0.0,0.0,0.0,0.0,0.0,1.0,0.0,11.0,0.0,0.0,0.0,0.0,
ENG-Premier League,2223,2022-08-20 Everton-Nottingham Forest,Everton,Jordan Pickford,True,Goalkeeper,1,start,end,1.0,0.0,0.0,0.0,0.0,0.0,0.0,1.0,4.0,13.0,1.0,0.0,0.0,0.0,
ENG-Premier League,2223,2022-08-20 Everton-Nottingham Forest,Nottingham Forest,Dean Henderson,False,Goalkeeper,1,start,end,1.0,0.0,1.0,0.0,0.0,0.0,0.0,1.0,7.0,18.0,0.0,0.0,0.0,0.0,
ENG-Premier League,2223,2022-08-20 Fulham-Brentford,Brentford,David Raya,False,Goalkeeper,1,start,end,1.0,0.0,0.0,0.0,0.0,0.0,0.0,3.0,0.0,14.0,0.0,0.0,0.0,0.0,
ENG-Premier League,2223,2022-08-20 Fulham-Brentford,Fulham,Bernd Leno,True,Goalkeeper,1,start,end,1.0,0.0,0.0,0.0,0.0,0.0,0.0,2.0,0.0,9.0,0.0,0.0,0.0,0.0,
ENG-Premier League,2223,2022-08-20 Leicester City-Southampton,Leicester City,Danny Ward,True,Goalkeeper,1,start,end,1.0,0.0,0.0,0.0,0.0,0.0,0.0,2.0,0.0,6.0,0.0,0.0,0.0,0.0,
ENG-Premier League,2223,2022-08-20 Leicester City-Southampton,Southampton,Gavin Bazunu,False,Goalkeeper,1,start,end,1.0,0.0,0.0,0.0,0.0,0.0,0.0,1.0,0.0,5.0,0.0,0.0,0.0,0.0,
ENG-Premier League,2223,2022-08-20 Tottenham Hotspur-Wolverhampton Wanderers,Tottenham Hotspur,Hugo Lloris,True,Goalkeeper,1,start,end,1.0,0.0,0.0,0.0,0.0,0.0,0.0,0.0,0.0,19.0,0.0,0.0,0.0,0.0,
ENG-Premier League,2223,2022-08-20 Tottenham Hotspur-Wolverhampton Wanderers,Wolverhampton Wanderers,José Sá,False,Goalkeeper,1,start,end,1.0,0.0,0.0,0.0,0.0,0.0,0.0,1.0,0.0,10.0,0.0,0.0,0.0,0.0,
ENG-Premier League,2223,2022-08-21 Leeds United-Chelsea,Chelsea,Édouard Mendy,False,Goalkeeper,1,start,end,1.0,0.0,0.0,0.0,0.0,0.0,0.0,3.0,3.0,9.0,0.0,0.0,0.0,0.0,
ENG-Premier League,2223,2022-08-21 Leeds United-Chelsea,Leeds United,Illan Meslier,True,Goalkeeper,1,start,end,1.0,0.0,0.0,0.0,0.0,0.0,0.0,0.0,3.0,14.0,0.0,0.0,0.0,0.0,
ENG-Premier League,2223,2022-08-21 Newcastle United-Manchester City,Manchester City,Ederson,False,Goalkeeper,1,start,end,1.0,0.0,0.0,0.0,0.0,0.0,0.0,3.0,0.0,8.0,0.0,0.0,0.0,0.0,
ENG-Premier League,2223,2022-08-21 Newcastle United-Manchester City,Newcastle United,Nick Pope,True,Goalkeeper,1,start,end,1.0,0.0,0.0,0.0,0.0,0.0,0.0,3.0,0.0,17.0,0.0,0.0,0.0,0.0,
ENG-Premier League,2223,2022-08-21 West Ham United-Brighton & Hove Albion,Brighton & Hove Albion,Robert Sánchez,False,Goalkeeper,1,start,end,1.0,0.0,0.0,0.0,0.0,0.0,0.0,0.0,0.0,12.0,0.0,0.0,0.0,0.0,
ENG-Premier League,2223,2022-08-21 West Ham United-Brighton & Hove Albion,West Ham United,Lukasz Fabianski,True,Goalkeeper,1,start,end,1.0,0.0,0.0,0.0,0.0,0.0,0.0,2.0,0.0,9.0,0.0,0.0,0.0,0.0,
ENG-Premier League,2223,2022-08-22 Manchester United-Liverpool,Liverpool,Alisson Becker,False,Goalkeeper,1,start,end,1.0,0.0,0.0,0.0,0.0,0.0,0.0,2.0,0.0,10.0,0.0,0.0,0.0,0.0,
ENG-Premier League,2223,2022-08-22 Manchester United-Liverpool,Manchester United,David de Gea,True,Goalkeeper,1,start,end,1.0,0.0,0.0,0.0,0.0,0.0,0.0,1.0,0.0,16.0,0.0,0.0,0.0,0.0,
ENG-Premier League,2223,2022-08-27 Arsenal-Fulham,Arsenal,Aaron Ramsdale,True,Goalkeeper,1,start,end,1.0,0.0,0.0,0.0,0.0,0.0,0.0,1.0,2.0,10.0,0.0,0.0,0.0,0.0,
ENG-Premier League,2223,2022-08-27 Arsenal-Fulham,Fulham,Bernd Leno,False,Goalkeeper,1,start,end,1.0,0.0,0.0,0.0,0.0,0.0,0.0,2.0,6.0,20.0,0.0,0.0,0.0,0.0,
ENG-Premier League,2223,2022-08-27 Brentford-Everton,Brentford,David Raya,True,Goalkeeper,1,start,end,1.0,0.0,1.0,0.0,0.0,0.0,0.0,1.0,6.0,11.0,0.0,0.0,0.0,0.0,
ENG-Premier League,2223,2022-08-27 Brentford-Everton,Everton,Jordan Pickford,False,Goalkeeper,1,start,end,1.0,0.0,0.0,0.0,0.0,0.0,1.0,1.0,4.0,18.0,0.0,0.0,0.0,0.0,
ENG-Premier League,2223,2022-08-27 Brighton & Hove Albion-Leeds United,Brighton & Hove Albion,Robert Sánchez,True,Goalkeeper,1,start,end,1.0,0.0,0.0,0.0,0.0,0.0,0.0,0.0,0.0,10.0,0.0,0.0,0.0,0.0,
ENG-Premier League,2223,2022-08-27 Brighton & Hove Albion-Leeds United,Leeds United,Illan Meslier,False,Goalkeeper,1,start,end,1.0,0.0,0.0,0.0,0.0,0.0,0.0,1.0,0.0,12.0,0.0,0.0,0.0,0.0,
ENG-Premier League,2223,2022-08-27 Chelsea-Leicester City,Chelsea,Édouard Mendy,True,Goalkeeper,1,start,end,1.0,0.0,1.0,0.0,0.0,0.0,0.0,1.0,0.0,16.0,0.0,0.0,0.0,0.0,
ENG-Premier League,2223,2022-08-27 Chelsea-Leicester City,Leicester City,Danny Ward,False,Goalkeeper,1,start,end,1.0,0.0,0.0,0.0,0.0,0.0,0.0,2.0,0.0,5.0,0.0,0.0,0.0,0.0,
ENG-Premier League,2223,2022-08-27 Liverpool-AFC Bournemouth,AFC Bournemouth,Mark Travers,False,Goalkeeper,1,start,end,1.0,0.0,0.0,0.0,0.0,0.0,0.0,8.0,0.0,10.0,0.0,0.0,0.0,0.0,
ENG-Premier League,2223,2022-08-27 Liverpool-AFC Bournemouth,Liverpool,Alisson Becker,True,Goalkeeper,1,start,end,1.0,0.0,0.0,0.0,0.0,0.0,0.0,0.0,0.0,5.0,0.0,0.0,0.0,0.0,
ENG-Premier League,2223,2022-08-27 Manchester City-Crystal Palace,Crystal Palace,Vicente Guaita,False,Goalkeeper,1,start,end,1.0,0.0,0.0,0.0,0.0,0.0,0.0,4.0,1.0,14.0,0.0,0.0,0.0,0.0,
ENG-Premier League,2223,2022-08-27 Manchester City-Crystal Palace,Manchester City,Ederson,True,Goalkeeper,1,start,end,1.0,0.0,1.0,0.0,0.0,0.0,0.0,1.0,1.0,1.0,0.0,0.0,0.0,0.0,
ENG-Premier League,2223,2022-08-27 Southampton-Manchester United,Manchester United,David de Gea,False,Goalkeeper,1,start,end,1.0,0.0,0.0,0.0,0.0,0.0,0.0,0.0,0.0,16.0,0.0,0.0,0.0,0.0,
ENG-Premier League,2223,2022-08-27 Southampton-Manchester United,Southampton,Gavin Bazunu,True,Goalkeeper,1,start,end,1.0,0.0,0.0,0.0,0.0,0.0,0.0,1.0,0.0,8.0,0.0,0.0,0.0,0.0,
ENG-Premier League,2223,2022-08-28 Aston Villa-West Ham United,Aston Villa,Emiliano Martínez,True,Goalkeeper,1,start,end,1.0,0.0,0.0,0.0,0.0,0.0,0.0,1.0,0.0,7.0,0.0,0.0,0.0,0.0,
ENG-Premier League,2223,2022-08-28 Aston Villa-West Ham United,West Ham United,Lukasz Fabianski,False,Goalkeeper,1,start,end,1.0,0.0,0.0,0.0,0.0,0.0,0.0,0.0,0.0,9.0,0.0,0.0,0.0,0.0,
ENG-Premier League,2223,2022-08-28 Nottingham Forest-Tottenham Hotspur,Nottingham Forest,Dean Henderson,True,Goalkeeper,1,start,end,1.0,0.0,0.0,0.0,0.0,0.0,0.0,2.0,3.0,15.0,0.0,0.0,0.0,0.0,
ENG-Premier League,2223,2022-08-28 Nottingham Forest-Tottenham Hotspur,Tottenham Hotspur,Hugo Lloris,False,Goalkeeper,1,start,end,1.0,0.0,0.0,0.0,0.0,0.0,0.0,0.0,1.0,17.0,0.0,0.0,0.0,0.0,
ENG-Premier League,2223,2022-08-28 Wolverhampton Wanderers-Newcastle United,Newcastle United,Nick Pope,False,Goalkeeper,1,start,end,1.0,0.0,0.0,0.0,0.0,0.0,0.0,1.0,3.0,8.0,0.0,0.0,0.0,0.0,
ENG-Premier League,2223,2022-08-28 Wolverhampton Wanderers-Newcastle United,Wolverhampton Wanderers,José Sá,True,Goalkeeper,1,start,end,1.0,0.0,0.0,0.0,0.0,0.0,0.0,1.0,5.0,18.0,0.0,0.0,0.0,0.0,
ENG-Premier League,2223,2022-08-30 Crystal Palace-Brentford,Brentford,David Raya,False,Goalkeeper,1,start,end,1.0,0.0,0.0,0.0,0.0,0.0,0.0,1.0,0.0,12.0,0.0,0.0,0.0,0.0,
ENG-Premier League,2223,2022-08-30 Crystal Palace-Brentford,Crystal Palace,Vicente Guaita,True,Goalkeeper,1,start,end,1.0,0.0,0.0,0.0,0.0,0.0,0.0,1.0,0.0,9.0,0.0,0.0,0.0,0.0,
ENG-Premier League,2223,2022-08-30 Fulham-Brighton & Hove Albion,Brighton & Hove Albion,Robert Sánchez,False,Goalkeeper,1,start,end,1.0,0.0,0.0,0.0,0.0,0.0,0.0,1.0,0.0,9.0,0.0,0.0,0.0,0.0,
ENG-Premier League,2223,2022-08-30 Fulham-Brighton & Hove Albion,Fulham,Bernd Leno,True,Goalkeeper,1,start,end,1.0,0.0,0.0,0.0,0.0,0.0,0.0,1.0,0.0,6.0,0.0,0.0,0.0,0.0,
ENG-Premier League,2223,2022-08-30 Leeds United-Everton,Everton,Jordan Pickford,False,Goalkeeper,1,start,end,1.0,0.0,0.0,0.0,0.0,0.0,0.0,1.0,0.0,13.0,0.0,0.0,0.0,0.0,
ENG-Premier League,2223,2022-08-30 Leeds United-Everton,Leeds United,Illan Meslier,True,Goalkeeper,1,start,end,1.0,0.0,1.0,0.0,0.0,0.0,0.0,1.0,0.0,5.0,0.0,0.0,0.0,0.0,
ENG-Premier League,2223,2022-08-30 Southampton-Chelsea,Chelsea,Édouard Mendy,False,Goalkeeper,1,start,end,1.0,0.0,0.0,0.0,0.0,0.0,0.0,2.0,0.0,6.0,0.0,0.0,0.0,0.0,
ENG-Premier League,2223,2022-08-30 Southampton-Chelsea,Southampton,Gavin Bazunu,True,Goalkeeper,1,start,end,1.0,0.0,0.0,0.0,0.0,0.0,0.0,1.0,0.0,9.0,0.0,0.0,0.0,0.0,
ENG-Premier League,2223,2022-08-31 AFC Bournemouth-Wolverhampton Wanderers,AFC Bournemouth,Neto,True,Goalkeeper,1,start,end,1.0,0.0,0.0,0.0,0.0,0.0,1.0,0.0,0.0,17.0,0.0,0.0,0.0,0.0,
ENG-Premier League,2223,2022-08-31 AFC Bournemouth-Wolverhampton Wanderers,Wolverhampton Wanderers,José Sá,False,Goalkeeper,1,start,end,1.0,0.0,0.0,0.0,0.0,0.0,0.0,0.0,0.0,5.0,0.0,0.0,0.0,0.0,
ENG-Premier League,2223,2022-08-31 Arsenal-Aston Villa,Arsenal,Aaron Ramsdale,True,Goalkeeper,1,start,end,1.0,0.0,1.0,0.0,0.0,0.0,0.0,1.0,2.0,3.0,0.0,0.0,0.0,0.0,
ENG-Premier League,2223,2022-08-31 Arsenal-Aston Villa,Aston Villa,Emiliano Martínez,False,Goalkeeper,1,start,end,1.0,0.0,1.0,0.0,0.0,0.0,0.0,2.0,6.0,19.0,0.0,0.0,0.0,0.0,
ENG-Premier League,2223,2022-08-31 Liverpool-Newcastle United,Liverpool,Alisson Becker,True,Goalkeeper,1,start,end,1.0,0.0,0.0,0.0,0.0,0.0,0.0,1.0,0.0,4.0,0.0,0.0,0.0,0.0,
ENG-Premier League,2223,2022-08-31 Liverpool-Newcastle United,Newcastle United,Nick Pope,False,Goalkeeper,1,start,end,1.0,0.0,0.0,0.0,0.0,0.0,0.0,2.0,0.0,20.0,0.0,0.0,0.0,0.0,
ENG-Premier League,2223,2022-08-31 Manchester City-Nottingham Forest,Manchester City,Ederson,True,Goalkeeper,1,start,end,1.0,0.0,0.0,0.0,0.0,0.0,0.0,0.0,0.0,8.0,0.0,0.0,0.0,0.0,
ENG-Premier League,2223,2022-08-31 Manchester City-Nottingham Forest,Nottingham Forest,Dean Henderson,False,Goalkeeper,1,start,end,1.0,0.0,0.0,0.0,0.0,0.0,0.0,6.0,0.0,11.0,0.0,0.0,0.0,0.0,
ENG-Premier League,2223,2022-08-31 West Ham United-Tottenham Hotspur,Tottenham Hotspur,Hugo Lloris,False,Goalkeeper,1,start,end,1.0,0.0,1.0,0.0,0.0,0.0,0.0,1.0,0.0,13.0,0.0,0.0,0.0,0.0,
ENG-Premier League,2223,2022-08-31 West Ham United-Tottenham Hotspur,West Ham United,Lukasz Fabianski,True,Goalkeeper,1,start,end,1.0,0.0,0.0,0.0,0.0,0.0,0.0,0.0,0.0,12.0,0.0,0.0,0.0,0.0,
ENG-Premier League,2223,2022-09-01 Leicester City-Manchester United,Leicester City,Danny Ward,True,Goalkeeper,1,start,end,1.0,0.0,0.0,0.0,0.0,0.0,0.0,1.0,1.0,8.0,0.0,0.0,0.0,0.0,
ENG-Premier League,2223,2022-09-01 Leicester City-Manchester United,Manchester United,David de Gea,False,Goalkeeper,1,start,end,1.0,0.0,0.0,0.0,0.0,0.0,0.0,0.0,2.0,10.0,0.0,0.0,0.0,0.0,
ENG-Premier League,2223,2022-09-03 Aston Villa-Manchester City,Aston Villa,Emiliano Martínez,True,Goalkeeper,1,start,end,1.0,0.0,0.0,0.0,0.0,0.0,0.0,1.0,0.0,12.0,0.0,0.0,0.0,0.0,
ENG-Premier League,2223,2022-09-03 Aston Villa-Manchester City,Manchester City,Ederson,False,Goalkeeper,1,start,end,1.0,0.0,1.0,0.0,0.0,0.0,0.0,1.0,0.0,2.0,0.0,0.0,0.0,0.0,
ENG-Premier League,2223,2022-09-03 Brentford-Leeds United,Brentford,David Raya,True,Goalkeeper,1,start,end,1.0,0.0,0.0,0.0,0.0,0.0,0.0,2.0,0.0,15.0,0.0,0.0,0.0,0.0,
ENG-Premier League,2223,2022-09-03 Brentford-Leeds United,Leeds United,Illan Meslier,False,Goalkeeper,1,start,end,1.0,0.0,0.0,0.0,0.0,0.0,0.0,5.0,0.0,10.0,0.0,0.0,0.0,0.0,
ENG-Premier League,2223,2022-09-03 Chelsea-West Ham United,Chelsea,Édouard Mendy,True,Goalkeeper,1,start,end,1.0,0.0,1.0,0.0,0.0,0.0,0.0,1.0,0.0,4.0,0.0,0.0,0.0,0.0,
ENG-Premier League,2223,2022-09-03 Chelsea-West Ham United,West Ham United,Lukasz Fabianski,False,Goalkeeper,1,start,end,1.0,0.0,0.0,0.0,0.0,0.0,0.0,2.0,0.0,5.0,0.0,0.0,0.0,0.0,
ENG-Premier League,2223,2022-09-03 Everton-Liverpool,Everton,Jordan Pickford,True,Goalkeeper,1,start,end,1.0,0.0,0.0,0.0,0.0,0.0,1.0,0.0,0.0,21.0,0.0,0.0,0.0,0.0,
ENG-Premier League,2223,2022-09-03 Everton-Liverpool,Liverpool,Alisson Becker,False,Goalkeeper,1,start,end,1.0,0.0,0.0,0.0,0.0,0.0,0.0,0.0,0.0,14.0,0.0,0.0,0.0,0.0,
ENG-Premier League,2223,2022-09-03 Newcastle United-Crystal Palace,Crystal Palace,Vicente Guaita,False,Goalkeeper,1,start,end,1.0,0.0,1.0,0.0,0.0,0.0,0.0,0.0,0.0,23.0,0.0,0.0,0.0,0.0,
ENG-Premier League,2223,2022-09-03 Newcastle United-Crystal Palace,Newcastle United,Nick Pope,True,Goalkeeper,1,start,end,1.0,0.0,0.0,0.0,0.0,0.0,0.0,0.0,0.0,19.0,0.0,0.0,0.0,0.0,
ENG-Premier League,2223,2022-09-03 Nottingham Forest-AFC Bournemouth,AFC Bournemouth,Neto,False,Goalkeeper,1,start,end,1.0,0.0,0.0,0.0,0.0,0.0,1.0,2.0,0.0,8.0,0.0,0.0,0.0,0.0,
ENG-Premier League,2223,2022-09-03 Nottingham Forest-AFC Bournemouth,Nottingham Forest,Dean Henderson,True,Goalkeeper,1,start,end,1.0,0.0,0.0,0.0,0.0,0.0,0.0,3.0,0.0,4.0,0.0,0.0,0.0,0.0,
ENG-Premier League,2223,2022-09-03 Tottenham Hotspur-Fulham,Fulham,Bernd Leno,False,Goalkeeper,1,start,end,1.0,0.0,0.0,0.0,0.0,0.0,0.0,2.0,0.0,19.0,0.0,0.0,0.0,0.0,
ENG-Premier League,2223,2022-09-03 Tottenham Hotspur-Fulham,Tottenham Hotspur,Hugo Lloris,True,Goalkeeper,1,start,end,1.0,0.0,0.0,0.0,0.0,0.0,0.0,1.0,0.0,8.0,0.0,0.0,0.0,0.0,
ENG-Premier League,2223,2022-09-03 Wolverhampton Wanderers-Southampton,Southampton,Gavin Bazunu,False,Goalkeeper,1,start,end,1.0,0.0,0.0,0.0,0.0,0.0,0.0,1.0,0.0,6.0,0.0,0.0,0.0,0.0,
ENG-Premier League,2223,2022-09-03 Wolverhampton Wanderers-Southampton,Wolverhampton Wanderers,José Sá,True,Goalkeeper,1,start,end,1.0,0.0,1.0,0.0,0.0,0.0,0.0,0.0,0.0,12.0,0.0,0.0,0.0,0.0,
ENG-Premier League,2223,2022-09-04 Brighton & Hove Albion-Leicester City,Brighton & Hove Albion,Robert Sánchez,True,Goalkeeper,1,start,end,1.0,0.0,0.0,0.0,0.0,0.0,0.0,2.0,2.0,4.0,0.0,0.0,0.0,0.0,
ENG-Premier League,2223,2022-09-04 Brighton & Hove Albion-Leicester City,Leicester City,Danny Ward,False,Goalkeeper,1,start,end,1.0,0.0,0.0,0.0,0.0,0.0,0.0,4.0,7.0,18.0,0.0,0.0,0.0,0.0,
ENG-Premier League,2223,2022-09-04 Manchester United-Arsenal,Arsenal,Aaron Ramsdale,False,Goalkeeper,1,start,end,1.0,0.0,0.0,0.0,0.0,0.0,0.0,3.0,3.0,7.0,0.0,0.0,0.0,0.0,
ENG-Premier League,2223,2022-09-04 Manchester United-Arsenal,Manchester United,David de Gea,True,Goalkeeper,1,start,end,1.0,0.0,0.0,0.0,0.0,0.0,0.0,1.0,2.0,15.0,0.0,0.0,0.0,0.0,
ENG-Premier League,2223,2022-09-16 Aston Villa-Southampton,Aston Villa,Emiliano Martínez,True,Goalkeeper,1,start,end,1.0,0.0,0.0,0.0,0.0,0.0,0.0,0.0,0.0,7.0,0.0,0.0,0.0,0.0,
ENG-Premier League,2223,2022-09-16 Aston Villa-Southampton,Southampton,Gavin Bazunu,False,Goalkeeper,1,start,end,1.0,0.0,0.0,0.0,0.0,0.0,0.0,1.0,0.0,9.0,0.0,0.0,0.0,0.0,
ENG-Premier League,2223,2022-09-16 Nottingham Forest-Fulham,Fulham,Bernd Leno,False,Goalkeeper,1,start,end,1.0,0.0,1.0,0.0,0.0,0.0,0.0,2.0,1.0,9.0,0.0,0.0,0.0,0.0,
ENG-Premier League,2223,2022-09-16 Nottingham Forest-Fulham,Nottingham Forest,Dean Henderson,True,Goalkeeper,1,start,end,1.0,0.0,0.0,0.0,0.0,0.0,0.0,3.0,4.0,12.0,0.0,0.0,0.0,0.0,
ENG-Premier League,2223,2022-09-17 Newcastle United-AFC Bournemouth,AFC Bournemouth,Neto,False,Goalkeeper,1,start,end,1.0,0.0,0.0,0.0,0.0,0.0,0.0,1.0,0.0,19.0,0.0,0.0,0.0,0.0,
ENG-Premier League,2223,2022-09-17 Newcastle United-AFC Bournemouth,Newcastle United,Nick Pope,True,Goalkeeper,1,start,end,1.0,0.0,0.0,0.0,0.0,0.0,0.0,1.0,0.0,9.0,0.0,0.0,0.0,0.0,
ENG-Premier League,2223,2022-09-17 Tottenham Hotspur-Leicester City,Leicester City,Danny Ward,False,Goalkeeper,1,start,end,1.0,0.0,1.0,0.0,0.0,0.0,0.0,6.0,5.0,9.0,0.0,0.0,0.0,0.0,
ENG-Premier League,2223,2022-09-17 Tottenham Hotspur-Leicester City,Tottenham Hotspur,Hugo Lloris,True,Goalkeeper,1,start,end,1.0,0.0,0.0,0.0,0.0,0.0,0.0,2.0,5.0,17.0,0.0,0.0,0.0,0.0,
ENG-Premier League,2223,2022-09-17 Wolverhampton Wanderers-Manchester City,Manchester City,Ederson,False,Goalkeeper,1,start,end,1.0,0.0,0.0,0.0,0.0,0.0,0.0,0.0,0.0,6.0,0.0,0.0,0.0,0.0,
ENG-Premier League,2223,2022-09-17 Wolverhampton Wanderers-Manchester City,Wolverhampton Wanderers,José Sá,True,Goalkeeper,1,start,end,1.0,0.0,1.0,0.0,0.0,0.0,0.0,3.0,0.0,12.0,0.0,0.0,0.0,0.0,
ENG-Premier League,2223,2022-09-18 Brentford-Arsenal,Arsenal,Aaron Ramsdale,False,Goalkeeper,1,start,end,1.0,0.0,0.0,0.0,0.0,0.0,0.0,0.0,2.0,5.0,0.0,0.0,0.0,0.0,
ENG-Premier League,2223,2022-09-18 Brentford-Arsenal,Brentford,David Raya,True,Goalkeeper,1,start,end,1.0,0.0,1.0,0.0,0.0,0.0,0.0,3.0,4.0,10.0,0.0,0.0,0.0,0.0,
ENG-Premier League,2223,2022-09-18 Everton-West Ham United,Everton,Asmir Begovic,True,Goalkeeper,1,start,end,1.0,0.0,0.0,0.0,0.0,0.0,0.0,0.0,0.0,14.0,0.0,0.0,0.0,0.0,
ENG-Premier League,2223,2022-09-18 Everton-West Ham United,West Ham United,Lukasz Fabianski,False,Goalkeeper,1,start,end,1.0,0.0,0.0,0.0,0.0,0.0,0.0,1.0,0.0,7.0,0.0,0.0,0.0,0.0,
ENG-Premier League,2223,2022-10-01 AFC Bournemouth-Brentford,AFC Bournemouth,Neto,True,Goalkeeper,1,start,end,1.0,0.0,1.0,0.0,0.0,0.0,0.0,0.0,4.0,13.0,0.0,0.0,0.0,0.0,
ENG-Premier League,2223,2022-10-01 AFC Bournemouth-Brentford,Brentford,David Raya,False,Goalkeeper,1,start,end,1.0,0.0,0.0,0.0,0.0,0.0,0.0,0.0,0.0,7.0,0.0,0.0,0.0,0.0,
ENG-Premier League,2223,2022-10-01 Arsenal-Tottenham Hotspur,Arsenal,Aaron Ramsdale,True,Goalkeeper,1,start,end,1.0,0.0,0.0,0.0,0.0,0.0,0.0,1.0,2.0,6.0,0.0,0.0,0.0,0.0,
ENG-Premier League,2223,2022-10-01 Arsenal-Tottenham Hotspur,Tottenham Hotspur,Hugo Lloris,False,Goalkeeper,1,start,end,1.0,0.0,0.0,0.0,0.0,0.0,0.0,3.0,6.0,19.0,0.0,0.0,0.0,0.0,
ENG-Premier League,2223,2022-10-01 Crystal Palace-Chelsea,Chelsea,Kepa Arrizabalaga,False,Goalkeeper,1,start,end,1.0,0.0,2.0,0.0,0.0,0.0,0.0,1.0,2.0,6.0,0.0,0.0,0.0,0.0,
ENG-Premier League,2223,2022-10-01 Crystal Palace-Chelsea,Crystal Palace,Vicente Guaita,True,Goalkeeper,1,start,end,1.0,1.0,0.0,0.0,0.0,0.0,0.0,2.0,1.0,11.0,0.0,0.0,0.0,0.0,
ENG-Premier League,2223,2022-10-01 Fulham-Newcastle United,Fulham,Bernd Leno,True,Goalkeeper,1,start,end,1.0,0.0,0.0,0.0,0.0,0.0,0.0,4.0,0.0,14.0,0.0,0.0,0.0,0.0,
ENG-Premier League,2223,2022-10-01 Fulham-Newcastle United,Newcastle United,Nick Pope,False,Goalkeeper,1,start,end,1.0,0.0,0.0,0.0,0.0,0.0,0.0,1.0,0.0,2.0,0.0,0.0,0.0,0.0,
ENG-Premier League,2223,2022-10-01 Liverpool-Brighton & Hove Albion,Brighton & Hove Albion,Robert Sánchez,False,Goalkeeper,1,start,end,1.0,0.0,0.0,0.0,0.0,0.0,0.0,2.0,5.0,13.0,0.0,0.0,0.0,0.0,
ENG-Premier League,2223,2022-10-01 Liverpool-Brighton & Hove Albion,Liverpool,Alisson Becker,True,Goalkeeper,1,start,end,1.0,0.0,0.0,0.0,0.0,0.0,0.0,3.0,3.0,3.0,0.0,0.0,0.0,0.0,
ENG-Premier League,2223,2022-10-01 Southampton-Everton,Everton,Jordan Pickford,False,Goalkeeper,1,start,end,1.0,0.0,0.0,0.0,0.0,0.0,1.0,1.0,0.0,21.0,0.0,0.0,0.0,0.0,
ENG-Premier League,2223,2022-10-01 Southampton-Everton,Southampton,Gavin Bazunu,True,Goalkeeper,1,start,end,1.0,0.0,0.0,0.0,0.0,0.0,0.0,2.0,0.0,10.0,0.0,0.0,0.0,0.0,
ENG-Premier League,2223,2022-10-01 West Ham United-Wolverhampton Wanderers,West Ham United,Lukasz Fabianski,True,Goalkeeper,1,start,end,1.0,0.0,0.0,0.0,0.0,0.0,0.0,0.0,4.0,15.0,0.0,0.0,0.0,0.0,
ENG-Premier League,2223,2022-10-01 West Ham United-Wolverhampton Wanderers,Wolverhampton Wanderers,José Sá,False,Goalkeeper,1,start,end,1.0,0.0,0.0,0.0,0.0,0.0,0.0,2.0,3.0,16.0,0.0,0.0,0.0,0.0,
ENG-Premier League,2223,2022-10-02 Leeds United-Aston Villa,Aston Villa,Emiliano Martínez,False,Goalkeeper,1,start,end,1.0,0.0,0.0,0.0,0.0,0.0,0.0,0.0,1.0,6.0,0.0,0.0,0.0,0.0,
ENG-Premier League,2223,2022-10-02 Leeds United-Aston Villa,Leeds United,Illan Meslier,True,Goalkeeper,1,start,end,1.0,0.0,0.0,0.0,0.0,0.0,0.0,0.0,6.0,19.0,0.0,0.0,0.0,0.0,
ENG-Premier League,2223,2022-10-02 Manchester City-Manchester United,Manchester City,Ederson,True,Goalkeeper,1,start,end,1.0,0.0,0.0,0.0,0.0,0.0,0.0,3.0,0.0,9.0,0.0,0.0,0.0,0.0,
ENG-Premier League,2223,2022-10-02 Manchester City-Manchester United,Manchester United,David de Gea,False,Goalkeeper,1,start,end,1.0,0.0,0.0,0.0,0.0,0.0,0.0,6.0,0.0,16.0,0.0,0.0,0.0,0.0,
ENG-Premier League,2223,2022-10-03 Leicester City-Nottingham Forest,Leicester City,Danny Ward,True,Goalkeeper,1,start,end,1.0,0.0,0.0,0.0,0.0,0.0,0.0,0.0,3.0,10.0,0.0,0.0,0.0,0.0,
ENG-Premier League,2223,2022-10-03 Leicester City-Nottingham Forest,Nottingham Forest,Dean Henderson,False,Goalkeeper,1,start,end,1.0,0.0,0.0,0.0,0.0,0.0,0.0,4.0,4.0,13.0,0.0,0.0,0.0,0.0,
ENG-Premier League,2223,2022-10-08 AFC Bournemouth-Leicester City,AFC Bournemouth,Neto,True,Goalkeeper,1,start,end,1.0,0.0,0.0,0.0,0.0,0.0,0.0,1.0,4.0,8.0,0.0,0.0,0.0,0.0,
ENG-Premier League,2223,2022-10-08 AFC Bournemouth-Leicester City,Leicester City,Danny Ward,False,Goalkeeper,1,start,end,1.0,0.0,0.0,0.0,0.0,0.0,0.0,2.0,2.0,7.0,0.0,0.0,0.0,0.0,
ENG-Premier League,2223,2022-10-08 Brighton & Hove Albion-Tottenham Hotspur,Brighton & Hove Albion,Robert Sánchez,True,Goalkeeper,1,start,end,1.0,0.0,0.0,0.0,0.0,0.0,0.0,1.0,2.0,7.0,0.0,0.0,0.0,0.0,
ENG-Premier League,2223,2022-10-08 Brighton & Hove Albion-Tottenham Hotspur,Tottenham Hotspur,Hugo Lloris,False,Goalkeeper,1,start,end,1.0,0.0,0.0,0.0,0.0,0.0,0.0,0.0,4.0,13.0,0.0,0.0,0.0,0.0,
ENG-Premier League,2223,2022-10-08 Chelsea-Wolverhampton Wanderers,Chelsea,Kepa Arrizabalaga,True,Goalkeeper,1,start,end,1.0,0.0,0.0,0.0,0.0,0.0,0.0,0.0,0.0,8.0,0.0,0.0,0.0,0.0,
ENG-Premier League,2223,2022-10-08 Chelsea-Wolverhampton Wanderers,Wolverhampton Wanderers,José Sá,False,Goalkeeper,1,start,end,1.0,0.0,0.0,0.0,0.0,0.0,0.0,3.0,0.0,15.0,0.0,0.0,0.0,0.0,
ENG-Premier League,2223,2022-10-08 Manchester City-Southampton,Manchester City,Ederson,True,Goalkeeper,1,start,end,1.0,0.0,0.0,0.0,0.0,0.0,0.0,0.0,0.0,5.0,0.0,0.0,0.0,0.0,
ENG-Premier League,2223,2022-10-08 Manchester City-Southampton,Southampton,Gavin Bazunu,False,Goalkeeper,1,start,end,1.0,0.0,0.0,0.0,0.0,0.0,0.0,4.0,4.0,17.0,0.0,0.0,0.0,0.0,
ENG-Premier League,2223,2022-10-08 Newcastle United-Brentford,Brentford,David Raya,False,Goalkeeper,1,start,end,1.0,0.0,0.0,0.0,0.0,0.0,0.0,4.0,2.0,11.0,0.0,0.0,0.0,0.0,
ENG-Premier League,2223,2022-10-08 Newcastle United-Brentford,Newcastle United,Nick Pope,True,Goalkeeper,1,start,end,1.0,0.0,0.0,0.0,0.0,0.0,0.0,1.0,2.0,4.0,0.0,0.0,0.0,0.0,
ENG-Premier League,2223,2022-10-09 Arsenal-Liverpool,Arsenal,Aaron Ramsdale,True,Goalkeeper,1,start,end,1.0,0.0,0.0,0.0,0.0,0.0,0.0,2.0,2.0,6.0,0.0,0.0,0.0,0.0,
ENG-Premier League,2223,2022-10-09 Arsenal-Liverpool,Liverpool,Alisson Becker,False,Goalkeeper,1,start,end,1.0,0.0,0.0,0.0,0.0,0.0,0.0,3.0,4.0,8.0,0.0,0.0,0.0,0.0,
ENG-Premier League,2223,2022-10-09 Crystal Palace-Leeds United,Crystal Palace,Vicente Guaita,True,Goalkeeper,1,start,end,1.0,0.0,0.0,0.0,0.0,0.0,0.0,1.0,0.0,9.0,0.0,0.0,0.0,0.0,
ENG-Premier League,2223,2022-10-09 Crystal Palace-Leeds United,Leeds United,Illan Meslier,False,Goalkeeper,1,start,end,1.0,0.0,1.0,0.0,0.0,0.0,0.0,2.0,0.0,11.0,0.0,0.0,0.0,0.0,
ENG-Premier League,2223,2022-10-09 Everton-Manchester United,Everton,Jordan Pickford,True,Goalkeeper,1,start,end,1.0,0.0,0.0,0.0,0.0,0.0,0.0,2.0,0.0,10.0,0.0,0.0,0.0,0.0,
ENG-Premier League,2223,2022-10-09 Everton-Manchester United,Manchester United,David de Gea,False,Goalkeeper,1,start,end,1.0,0.0,0.0,0.0,0.0,0.0,0.0,1.0,0.0,10.0,0.0,0.0,0.0,0.0,
ENG-Premier League,2223,2022-10-09 West Ham United-Fulham,Fulham,Bernd Leno,False,Goalkeeper,1,start,end,1.0,0.0,0.0,0.0,0.0,0.0,0.0,3.0,5.0,14.0,0.0,0.0,0.0,0.0,
ENG-Premier League,2223,2022-10-09 West Ham United-Fulham,West Ham United,Lukasz Fabianski,True,Goalkeeper,1,start,end,1.0,0.0,1.0,0.0,0.0,0.0,0.0,1.0,1.0,7.0,0.0,0.0,0.0,0.0,
ENG-Premier League,2223,2022-10-10 Nottingham Forest-Aston Villa,Aston Villa,Emiliano Martínez,False,Goalkeeper,1,start,end,1.0,0.0,0.0,0.0,0.0,0.0,0.0,1.0,2.0,5.0,0.0,0.0,0.0,0.0,
ENG-Premier League,2223,2022-10-10 Nottingham Forest-Aston Villa,Nottingham Forest,Dean Henderson,True,Goalkeeper,1,start,end,1.0,0.0,0.0,0.0,0.0,0.0,0.0,1.0,1.0,11.0,0.0,0.0,0.0,0.0,
ENG-Premier League,2223,2022-10-14 Brentford-Brighton & Hove Albion,Brentford,David Raya,True,Goalkeeper,1,start,end,1.0,0.0,0.0,0.0,0.0,0.0,0.0,0.0,7.0,20.0,0.0,0.0,0.0,0.0,
ENG-Premier League,2223,2022-10-14 Brentford-Brighton & Hove Albion,Brighton & Hove Albion,Robert Sánchez,False,Goalkeeper,1,start,end,1.0,0.0,0.0,0.0,0.0,0.0,0.0,2.0,0.0,6.0,0.0,0.0,0.0,0.0,
ENG-Premier League,2223,2022-10-15 Fulham-AFC Bournemouth,AFC Bournemouth,Neto,False,Goalkeeper,1,start,end,1.0,0.0,0.0,0.0,0.0,0.0,0.0,2.0,2.0,16.0,0.0,0.0,0.0,0.0,
ENG-Premier League,2223,2022-10-15 Fulham-AFC Bournemouth,Fulham,Bernd Leno,True,Goalkeeper,1,start,end,1.0,0.0,0.0,0.0,0.0,0.0,0.0,2.0,4.0,8.0,0.0,0.0,0.0,0.0,
ENG-Premier League,2223,2022-10-15 Leicester City-Crystal Palace,Crystal Palace,Vicente Guaita,False,Goalkeeper,1,start,end,1.0,0.0,0.0,0.0,0.0,0.0,0.0,0.0,6.0,14.0,0.0,0.0,0.0,0.0,
ENG-Premier League,2223,2022-10-15 Leicester City-Crystal Palace,Leicester City,Danny Ward,True,Goalkeeper,1,start,end,1.0,0.0,0.0,0.0,0.0,0.0,0.0,0.0,1.0,8.0,0.0,0.0,0.0,0.0,
ENG-Premier League,2223,2022-10-15 Tottenham Hotspur-Everton,Everton,Jordan Pickford,False,Goalkeeper,1,start,end,1.0,1.0,0.0,0.0,0.0,0.0,0.0,2.0,0.0,19.0,0.0,0.0,0.0,0.0,
ENG-Premier League,2223,2022-10-15 Tottenham Hotspur-Everton,Tottenham Hotspur,Hugo Lloris,True,Goalkeeper,1,start,end,1.0,0.0,0.0,0.0,0.0,0.0,0.0,0.0,0.0,4.0,0.0,0.0,0.0,0.0,
ENG-Premier League,2223,2022-10-15 Wolverhampton Wanderers-Nottingham Forest,Nottingham Forest,Dean Henderson,False,Goalkeeper,1,start,end,1.0,0.0,0.0,0.0,0.0,0.0,0.0,1.0,0.0,7.0,0.0,0.0,0.0,0.0,
ENG-Premier League,2223,2022-10-15 Wolverhampton Wanderers-Nottingham Forest,Wolverhampton Wanderers,José Sá,True,Goalkeeper,1,start,end,1.0,0.0,0.0,0.0,0.0,0.0,0.0,0.0,0.0,9.0,0.0,0.0,0.0,0.0,
ENG-Premier League,2223,2022-10-16 Aston Villa-Chelsea,Aston Villa,Emiliano Martínez,True,Goalkeeper,1,start,end,1.0,0.0,0.0,0.0,0.0,0.0,0.0,2.0,2.0,6.0,0.0,0.0,0.0,0.0,
ENG-Premier League,2223,2022-10-16 Aston Villa-Chelsea,Chelsea,Kepa Arrizabalaga,False,Goalkeeper,1,start,end,1.0,0.0,0.0,0.0,0.0,0.0,0.0,0.0,7.0,17.0,0.0,0.0,0.0,0.0,
ENG-Premier League,2223,2022-10-16 Leeds United-Arsenal,Arsenal,Aaron Ramsdale,False,Goalkeeper,1,start,end,1.0,0.0,0.0,0.0,0.0,0.0,0.0,0.0,4.0,13.0,0.0,0.0,0.0,0.0,
ENG-Premier League,2223,2022-10-16 Leeds United-Arsenal,Leeds United,Illan Meslier,True,Goalkeeper,1,start,end,1.0,0.0,0.0,0.0,0.0,0.0,0.0,1.0,3.0,8.0,0.0,0.0,0.0,0.0,
ENG-Premier League,2223,2022-10-16 Liverpool-Manchester City,Liverpool,Alisson Becker,True,Goalkeeper,1,start,end,1.0,0.0,0.0,0.0,0.0,0.0,0.0,0.0,6.0,15.0,1.0,0.0,0.0,0.0,
ENG-Premier League,2223,2022-10-16 Liverpool-Manchester City,Manchester City,Ederson,False,Goalkeeper,1,start,end,1.0,0.0,0.0,0.0,0.0,0.0,0.0,1.0,1.0,12.0,0.0,0.0,0.0,0.0,
ENG-Premier League,2223,2022-10-16 Manchester United-Newcastle United,Manchester United,David de Gea,True,Goalkeeper,1,start,end,1.0,0.0,0.0,0.0,0.0,0.0,0.0,0.0,0.0,9.0,0.0,0.0,0.0,0.0,
ENG-Premier League,2223,2022-10-16 Manchester United-Newcastle United,Newcastle United,Nick Pope,False,Goalkeeper,1,start,end,1.0,0.0,0.0,0.0,0.0,0.0,0.0,0.0,0.0,15.0,0.0,0.0,0.0,0.0,
ENG-Premier League,2223,2022-10-16 Southampton-West Ham United,Southampton,Gavin Bazunu,True,Goalkeeper,1,start,end,1.0,0.0,0.0,0.0,0.0,0.0,0.0,1.0,3.0,22.0,0.0,0.0,0.0,0.0,
ENG-Premier League,2223,2022-10-16 Southampton-West Ham United,West Ham United,Lukasz Fabianski,False,Goalkeeper,1,start,end,1.0,0.0,0.0,0.0,0.0,0.0,0.0,1.0,7.0,9.0,0.0,0.0,0.0,0.0,
ENG-Premier League,2223,2022-10-18 Brighton & Hove Albion-Nottingham Forest,Brighton & Hove Albion,Robert Sánchez,True,Goalkeeper,1,start,end,1.0,0.0,0.0,0.0,0.0,0.0,0.0,0.0,0.0,3.0,0.0,0.0,0.0,0.0,
ENG-Premier League,2223,2022-10-18 Brighton & Hove Albion-Nottingham Forest,Nottingham Forest,Dean Henderson,False,Goalkeeper,1,start,end,1.0,0.0,0.0,0.0,0.0,0.0,0.0,0.0,0.0,19.0,0.0,0.0,0.0,0.0,
ENG-Premier League,2223,2022-10-18 Crystal Palace-Wolverhampton Wanderers,Crystal Palace,Vicente Guaita,True,Goalkeeper,1,start,end,1.0,0.0,0.0,0.0,0.0,0.0,0.0,1.0,3.0,9.0,0.0,0.0,0.0,0.0,
ENG-Premier League,2223,2022-10-18 Crystal Palace-Wolverhampton Wanderers,Wolverhampton Wanderers,José Sá,False,Goalkeeper,1,start,end,1.0,0.0,1.0,0.0,0.0,0.0,0.0,2.0,2.0,11.0,0.0,0.0,0.0,0.0,
ENG-Premier League,2223,2022-10-19 AFC Bournemouth-Southampton,AFC Bournemouth,Neto,True,Goalkeeper,1,start,end,1.0,0.0,0.0,0.0,0.0,0.0,0.0,1.0,2.0,8.0,0.0,0.0,0.0,0.0,
ENG-Premier League,2223,2022-10-19 AFC Bournemouth-Southampton,Southampton,Gavin Bazunu,False,Goalkeeper,1,start,end,1.0,0.0,0.0,0.0,0.0,0.0,0.0,0.0,3.0,15.0,0.0,0.0,0.0,0.0,
ENG-Premier League,2223,2022-10-19 Brentford-Chelsea,Brentford,David Raya,True,Goalkeeper,1,start,end,1.0,0.0,0.0,0.0,0.0,0.0,0.0,0.0,5.0,14.0,0.0,0.0,0.0,0.0,
ENG-Premier League,2223,2022-10-19 Brentford-Chelsea,Chelsea,Kepa Arrizabalaga,False,Goalkeeper,1,start,end,1.0,0.0,0.0,0.0,0.0,0.0,0.0,0.0,5.0,8.0,0.0,0.0,0.0,0.0,
ENG-Premier League,2223,2022-10-19 Liverpool-West Ham United,Liverpool,Alisson Becker,True,Goalkeeper,1,start,end,1.0,0.0,0.0,0.0,0.0,0.0,0.0,0.0,3.0,6.0,0.0,0.0,0.0,0.0,
ENG-Premier League,2223,2022-10-19 Liverpool-West Ham United,West Ham United,Lukasz Fabianski,False,Goalkeeper,1,start,end,1.0,0.0,0.0,0.0,0.0,0.0,0.0,1.0,6.0,21.0,0.0,0.0,0.0,0.0,
ENG-Premier League,2223,2022-10-19 Manchester United-Tottenham Hotspur,Manchester United,David de Gea,True,Goalkeeper,1,start,end,1.0,0.0,0.0,0.0,0.0,0.0,0.0,0.0,2.0,9.0,0.0,0.0,0.0,0.0,
ENG-Premier League,2223,2022-10-19 Manchester United-Tottenham Hotspur,Tottenham Hotspur,Hugo Lloris,False,Goalkeeper,1,start,end,1.0,0.0,0.0,0.0,0.0,0.0,0.0,2.0,8.0,25.0,0.0,0.0,0.0,0.0,
ENG-Premier League,2223,2022-10-19 Newcastle United-Everton,Everton,Jordan Pickford,False,Goalkeeper,1,start,end,1.0,0.0,0.0,0.0,0.0,0.0,0.0,1.0,3.0,14.0,0.0,0.0,0.0,0.0,
ENG-Premier League,2223,2022-10-19 Newcastle United-Everton,Newcastle United,Nick Pope,True,Goalkeeper,1,start,end,1.0,0.0,0.0,0.0,0.0,0.0,0.0,0.0,0.0,1.0,0.0,0.0,0.0,0.0,
ENG-Premier League,2223,2022-10-20 Fulham-Aston Villa,Aston Villa,Emiliano Martínez,False,Goalkeeper,1,start,end,1.0,0.0,0.0,0.0,0.0,0.0,0.0,2.0,5.0,12.0,0.0,0.0,0.0,0.0,
ENG-Premier League,2223,2022-10-20 Fulham-Aston Villa,Fulham,Bernd Leno,True,Goalkeeper,1,start,end,1.0,0.0,0.0,0.0,0.0,0.0,0.0,0.0,6.0,11.0,0.0,0.0,0.0,0.0,
ENG-Premier League,2223,2022-10-20 Leicester City-Leeds United,Leeds United,Illan Meslier,False,Goalkeeper,1,start,end,1.0,0.0,0.0,0.0,0.0,0.0,0.0,1.0,0.0,4.0,0.0,0.0,0.0,0.0,
ENG-Premier League,2223,2022-10-20 Leicester City-Leeds United,Leicester City,Danny Ward,True,Goalkeeper,1,start,end,1.0,0.0,0.0,0.0,0.0,0.0,0.0,0.0,2.0,14.0,0.0,0.0,0.0,0.0,
ENG-Premier League,2223,2022-10-22 Chelsea-Manchester United,Chelsea,Kepa Arrizabalaga,True,Goalkeeper,1,start,end,1.0,0.0,0.0,0.0,0.0,0.0,0.0,1.0,5.0,12.0,0.0,0.0,0.0,0.0,
ENG-Premier League,2223,2022-10-22 Chelsea-Manchester United,Manchester United,David de Gea,False,Goalkeeper,1,start,end,1.0,0.0,0.0,0.0,0.0,0.0,0.0,1.0,1.0,5.0,0.0,0.0,0.0,0.0,
ENG-Premier League,2223,2022-10-22 Everton-Crystal Palace,Crystal Palace,Vicente Guaita,False,Goalkeeper,1,start,end,1.0,0.0,0.0,0.0,0.0,0.0,0.0,3.0,3.0,6.0,0.0,0.0,0.0,0.0,
ENG-Premier League,2223,2022-10-22 Everton-Crystal Palace,Everton,Jordan Pickford,True,Goalkeeper,1,start,end,1.0,0.0,0.0,0.0,0.0,0.0,0.0,0.0,2.0,9.0,0.0,0.0,0.0,0.0,
ENG-Premier League,2223,2022-10-22 Manchester City-Brighton & Hove Albion,Brighton & Hove Albion,Robert Sánchez,False,Goalkeeper,1,start,end,1.0,0.0,0.0,0.0,0.0,0.0,0.0,3.0,1.0,7.0,0.0,0.0,0.0,0.0,
ENG-Premier League,2223,2022-10-22 Manchester City-Brighton & Hove Albion,Manchester City,Ederson,True,Goalkeeper,1,start,end,1.0,0.0,0.0,0.0,0.0,0.0,0.0,1.0,1.0,8.0,1.0,0.0,0.0,0.0,
ENG-Premier League,2223,2022-10-22 Nottingham Forest-Liverpool,Liverpool,Alisson Becker,False,Goalkeeper,1,start,end,1.0,1.0,0.0,0.0,0.0,0.0,0.0,1.0,6.0,9.0,0.0,0.0,0.0,0.0,
ENG-Premier League,2223,2022-10-22 Nottingham Forest-Liverpool,Nottingham Forest,Dean Henderson,True,Goalkeeper,1,start,end,1.0,0.0,0.0,0.0,0.0,0.0,0.0,0.0,7.0,15.0,0.0,0.0,0.0,0.0,
ENG-Premier League,2223,2022-10-23 Aston Villa-Brentford,Aston Villa,Emiliano Martínez,True,Goalkeeper,1,start,end,1.0,0.0,1.0,0.0,0.0,0.0,0.0,0.0,4.0,12.0,0.0,0.0,0.0,0.0,
ENG-Premier League,2223,2022-10-23 Aston Villa-Brentford,Brentford,David Raya,False,Goalkeeper,1,start,end,1.0,0.0,0.0,0.0,0.0,0.0,0.0,4.0,7.0,14.0,0.0,0.0,0.0,0.0,
ENG-Premier League,2223,2022-10-23 Leeds United-Fulham,Fulham,Bernd Leno,False,Goalkeeper,1,start,end,1.0,0.0,0.0,0.0,0.0,0.0,0.0,2.0,3.0,12.0,0.0,0.0,0.0,0.0,
ENG-Premier League,2223,2022-10-23 Leeds United-Fulham,Leeds United,Illan Meslier,True,Goalkeeper,1,start,end,1.0,0.0,0.0,0.0,0.0,0.0,0.0,3.0,1.0,9.0,0.0,0.0,0.0,0.0,
ENG-Premier League,2223,2022-10-23 Southampton-Arsenal,Arsenal,Aaron Ramsdale,False,Goalkeeper,1,start,end,1.0,0.0,0.0,0.0,0.0,0.0,0.0,1.0,2.0,9.0,0.0,0.0,0.0,0.0,
ENG-Premier League,2223,2022-10-23 Southampton-Arsenal,Southampton,Gavin Bazunu,True,Goalkeeper,1,start,end,1.0,0.0,0.0,0.0,0.0,0.0,0.0,1.0,2.0,10.0,0.0,0.0,0.0,0.0,
ENG-Premier League,2223,2022-10-23 Tottenham Hotspur-Newcastle United,Newcastle United,Nick Pope,False,Goalkeeper,1,start,end,1.0,0.0,0.0,0.0,0.0,0.0,1.0,1.0,3.0,16.0,0.0,0.0,0.0,0.0,
ENG-Premier League,2223,2022-10-23 Tottenham Hotspur-Newcastle United,Tottenham Hotspur,Hugo Lloris,True,Goalkeeper,1,start,end,1.0,0.0,1.0,0.0,0.0,0.0,0.0,2.0,3.0,8.0,0.0,0.0,0.0,0.0,
ENG-Premier League,2223,2022-10-23 Wolverhampton Wanderers-Leicester City,Leicester City,Danny Ward,False,Goalkeeper,1,start,end,1.0,0.0,0.0,0.0,0.0,0.0,0.0,0.0,5.0,19.0,0.0,0.0,0.0,0.0,
ENG-Premier League,2223,2022-10-23 Wolverhampton Wanderers-Leicester City,Wolverhampton Wanderers,José Sá,True,Goalkeeper,1,start,end,1.0,0.0,0.0,0.0,0.0,0.0,0.0,4.0,0.0,1.0,0.0,0.0,0.0,0.0,
ENG-Premier League,2223,2022-10-24 West Ham United-AFC Bournemouth,AFC Bournemouth,Neto,False,Goalkeeper,1,start,45,1.0,0.0,0.0,0.0,0.0,0.0,0.0,1.0,1.0,11.0,0.0,0.0,0.0,0.0,
ENG-Premier League,2223,2022-10-24 West Ham United-AFC Bournemouth,West Ham United,Lukasz Fabianski,True,Goalkeeper,1,start,end,1.0,0.0,1.0,0.0,0.0,0.0,0.0,0.0,3.0,5.0,0.0,0.0,0.0,0.0,
ENG-Premier League,2223,2022-10-29 AFC Bournemouth-Tottenham Hotspur,AFC Bournemouth,Mark Travers,True,Goalkeeper,1,start,end,1.0,0.0,0.0,0.0,0.0,0.0,0.0,3.0,4.0,20.0,0.0,0.0,0.0,0.0,
ENG-Premier League,2223,2022-10-29 AFC Bournemouth-Tottenham Hotspur,Tottenham Hotspur,Hugo Lloris,False,Goalkeeper,1,start,end,1.0,0.0,0.0,0.0,0.0,0.0,0.0,2.0,2.0,4.0,0.0,0.0,0.0,0.0,
ENG-Premier League,2223,2022-10-29 Brentford-Wolverhampton Wanderers,Brentford,David Raya,True,Goalkeeper,1,start,end,1.0,0.0,0.0,0.0,0.0,0.0,0.0,1.0,3.0,12.0,0.0,0.0,0.0,0.0,
ENG-Premier League,2223,2022-10-29 Brentford-Wolverhampton Wanderers,Wolverhampton Wanderers,José Sá,False,Goalkeeper,1,start,end,1.0,0.0,1.0,0.0,0.0,0.0,0.0,1.0,2.0,11.0,0.0,0.0,0.0,0.0,
ENG-Premier League,2223,2022-10-29 Brighton & Hove Albion-Chelsea,Brighton & Hove Albion,Robert Sánchez,True,Goalkeeper,1,start,end,1.0,0.0,0.0,0.0,0.0,0.0,0.0,1.0,7.0,14.0,0.0,0.0,0.0,0.0,
ENG-Premier League,2223,2022-10-29 Brighton & Hove Albion-Chelsea,Chelsea,Kepa Arrizabalaga,False,Goalkeeper,1,start,45,1.0,0.0,0.0,0.0,0.0,0.0,0.0,1.0,1.0,8.0,0.0,0.0,0.0,0.0,
ENG-Premier League,2223,2022-10-29 Crystal Palace-Southampton,Crystal Palace,Vicente Guaita,True,Goalkeeper,1,start,end,1.0,0.0,0.0,0.0,0.0,0.0,0.0,0.0,4.0,13.0,0.0,0.0,0.0,0.0,
ENG-Premier League,2223,2022-10-29 Crystal Palace-Southampton,Southampton,Gavin Bazunu,False,Goalkeeper,1,start,end,1.0,0.0,0.0,0.0,0.0,0.0,0.0,1.0,2.0,11.0,0.0,0.0,0.0,0.0,
ENG-Premier League,2223,2022-10-29 Fulham-Everton,Everton,Jordan Pickford,False,Goalkeeper,1,start,end,1.0,0.0,0.0,0.0,0.0,0.0,0.0,0.0,6.0,24.0,0.0,0.0,0.0,0.0,
ENG-Premier League,2223,2022-10-29 Fulham-Everton,Fulham,Bernd Leno,True,Goalkeeper,1,start,end,1.0,0.0,0.0,0.0,0.0,0.0,0.0,0.0,4.0,8.0,0.0,0.0,0.0,0.0,
ENG-Premier League,2223,2022-10-29 Leicester City-Manchester City,Leicester City,Danny Ward,True,Goalkeeper,1,start,end,1.0,0.0,0.0,0.0,0.0,0.0,0.0,1.0,4.0,15.0,0.0,0.0,0.0,0.0,
ENG-Premier League,2223,2022-10-29 Leicester City-Manchester City,Manchester City,Ederson,False,Goalkeeper,1,start,end,1.0,0.0,0.0,0.0,0.0,0.0,0.0,0.0,5.0,9.0,0.0,0.0,0.0,0.0,
ENG-Premier League,2223,2022-10-29 Liverpool-Leeds United,Leeds United,Illan Meslier,False,Goalkeeper,1,start,end,1.0,0.0,0.0,0.0,0.0,0.0,0.0,1.0,9.0,21.0,0.0,0.0,0.0,0.0,
ENG-Premier League,2223,2022-10-29 Liverpool-Leeds United,Liverpool,Alisson Becker,True,Goalkeeper,1,start,end,1.0,0.0,0.0,0.0,0.0,0.0,0.0,2.0,4.0,12.0,0.0,0.0,0.0,0.0,
ENG-Premier League,2223,2022-10-29 Newcastle United-Aston Villa,Aston Villa,Emiliano Martínez,False,Goalkeeper,1,start,35,1.0,0.0,1.0,0.0,0.0,0.0,0.0,0.0,1.0,3.0,0.0,0.0,0.0,0.0,
ENG-Premier League,2223,2022-10-29 Newcastle United-Aston Villa,Newcastle United,Nick Pope,True,Goalkeeper,1,start,end,1.0,0.0,0.0,0.0,0.0,0.0,0.0,0.0,0.0,3.0,0.0,0.0,0.0,0.0,
ENG-Premier League,2223,2022-10-30 Arsenal-Nottingham Forest,Arsenal,Aaron Ramsdale,True,Goalkeeper,1,start,end,1.0,0.0,0.0,0.0,0.0,0.0,0.0,0.0,2.0,5.0,0.0,0.0,0.0,0.0,
ENG-Premier League,2223,2022-10-30 Arsenal-Nottingham Forest,Nottingham Forest,Dean Henderson,False,Goalkeeper,1,start,end,1.0,0.0,0.0,0.0,0.0,0.0,0.0,5.0,4.0,18.0,0.0,0.0,0.0,0.0,
ENG-Premier League,2223,2022-10-30 Manchester United-West Ham United,Manchester United,David de Gea,True,Goalkeeper,1,start,end,1.0,0.0,0.0,0.0,0.0,0.0,0.0,0.0,4.0,13.0,0.0,0.0,0.0,0.0,
ENG-Premier League,2223,2022-10-30 Manchester United-West Ham United,West Ham United,Lukasz Fabianski,False,Goalkeeper,1,start,45,1.0,0.0,0.0,0.0,0.0,0.0,0.0,1.0,2.0,8.0,0.0,0.0,0.0,0.0,
ENG-Premier League,2223,2022-11-05 Everton-Leicester City,Everton,Jordan Pickford,True,Goalkeeper,1,start,end,1.0,0.0,0.0,0.0,0.0,0.0,0.0,2.0,6.0,20.0,0.0,0.0,0.0,0.0,
ENG-Premier League,2223,2022-11-05 Everton-Leicester City,Leicester City,Danny Ward,False,Goalkeeper,1,start,end,1.0,0.0,2.0,0.0,0.0,0.0,0.0,0.0,2.0,12.0,0.0,0.0,0.0,0.0,
ENG-Premier League,2223,2022-11-05 Leeds United-AFC Bournemouth,AFC Bournemouth,Mark Travers,False,Goalkeeper,1,start,end,1.0,0.0,0.0,0.0,0.0,0.0,0.0,4.0,1.0,14.0,0.0,0.0,0.0,0.0,
ENG-Premier League,2223,2022-11-05 Leeds United-AFC Bournemouth,Leeds United,Illan Meslier,True,Goalkeeper,1,start,end,1.0,0.0,0.0,0.0,0.0,0.0,0.0,3.0,2.0,6.0,0.0,0.0,0.0,0.0,
ENG-Premier League,2223,2022-11-05 Manchester City-Fulham,Fulham,Bernd Leno,False,Goalkeeper,1,start,end,1.0,0.0,0.0,0.0,0.0,0.0,0.0,2.0,3.0,14.0,0.0,0.0,0.0,0.0,
ENG-Premier League,2223,2022-11-05 Manchester City-Fulham,Manchester City,Ederson,True,Goalkeeper,1,start,end,1.0,0.0,0.0,0.0,0.0,0.0,0.0,1.0,1.0,3.0,0.0,0.0,0.0,0.0,
ENG-Premier League,2223,2022-11-05 Nottingham Forest-Brentford,Brentford,David Raya,False,Goalkeeper,1,start,end,1.0,0.0,0.0,0.0,0.0,0.0,0.0,1.0,5.0,14.0,0.0,0.0,0.0,0.0,
ENG-Premier League,2223,2022-11-05 Nottingham Forest-Brentford,Nottingham Forest,Dean Henderson,True,Goalkeeper,1,start,end,1.0,1.0,0.0,0.0,0.0,0.0,1.0,2.0,0.0,4.0,0.0,0.0,0.0,0.0,
ENG-Premier League,2223,2022-11-05 Wolverhampton Wanderers-Brighton & Hove Albion,Brighton & Hove Albion,Robert Sánchez,False,Goalkeeper,1,start,end,1.0,0.0,0.0,0.0,0.0,0.0,0.0,2.0,3.0,5.0,0.0,0.0,0.0,0.0,
ENG-Premier League,2223,2022-11-05 Wolverhampton Wanderers-Brighton & Hove Albion,Wolverhampton Wanderers,José Sá,True,Goalkeeper,1,start,end,1.0,0.0,0.0,0.0,0.0,0.0,0.0,3.0,5.0,16.0,0.0,0.0,0.0,0.0,
ENG-Premier League,2223,2022-11-06 Aston Villa-Manchester United,Aston Villa,Emiliano Martínez,True,Goalkeeper,1,start,end,1.0,0.0,0.0,0.0,0.0,0.0,1.0,0.0,3.0,8.0,0.0,0.0,0.0,0.0,
ENG-Premier League,2223,2022-11-06 Aston Villa-Manchester United,Manchester United,David de Gea,False,Goalkeeper,1,start,end,1.0,0.0,0.0,0.0,0.0,0.0,0.0,3.0,1.0,3.0,0.0,0.0,0.0,0.0,
ENG-Premier League,2223,2022-11-06 Chelsea-Arsenal,Arsenal,Aaron Ramsdale,False,Goalkeeper,1,start,end,1.0,0.0,0.0,0.0,0.0,0.0,0.0,0.0,1.0,5.0,0.0,0.0,0.0,0.0,
ENG-Premier League,2223,2022-11-06 Chelsea-Arsenal,Chelsea,Édouard Mendy,True,Goalkeeper,1,start,end,1.0,0.0,0.0,0.0,0.0,0.0,0.0,1.0,1.0,13.0,0.0,0.0,0.0,0.0,
ENG-Premier League,2223,2022-11-06 Southampton-Newcastle United,Newcastle United,Nick Pope,False,Goalkeeper,1,start,end,1.0,0.0,0.0,0.0,0.0,0.0,0.0,1.0,4.0,15.0,0.0,0.0,0.0,0.0,
ENG-Premier League,2223,2022-11-06 Southampton-Newcastle United,Southampton,Gavin Bazunu,True,Goalkeeper,1,start,end,1.0,0.0,0.0,0.0,0.0,0.0,0.0,4.0,0.0,2.0,0.0,0.0,0.0,0.0,
ENG-Premier League,2223,2022-11-06 Tottenham Hotspur-Liverpool,Liverpool,Alisson Becker,False,Goalkeeper,1,start,end,1.0,0.0,0.0,0.0,0.0,0.0,0.0,1.0,4.0,11.0,0.0,0.0,0.0,0.0,
ENG-Premier League,2223,2022-11-06 Tottenham Hotspur-Liverpool,Tottenham Hotspur,Hugo Lloris,True,Goalkeeper,1,start,end,1.0,0.0,0.0,0.0,0.0,0.0,0.0,2.0,4.0,9.0,0.0,0.0,0.0,0.0,
ENG-Premier League,2223,2022-11-06 West Ham United-Crystal Palace,Crystal Palace,Vicente Guaita,False,Goalkeeper,1,start,end,1.0,0.0,1.0,0.0,0.0,0.0,0.0,1.0,1.0,4.0,0.0,0.0,0.0,0.0,
ENG-Premier League,2223,2022-11-06 West Ham United-Crystal Palace,West Ham United,Lukasz Fabianski,True,Goalkeeper,1,start,end,1.0,0.0,0.0,0.0,0.0,0.0,0.0,2.0,5.0,13.0,0.0,0.0,0.0,0.0,
ENG-Premier League,2223,2022-11-12 AFC Bournemouth-Everton,AFC Bournemouth,Mark Travers,True,Goalkeeper,1,start,end,1.0,0.0,0.0,0.0,0.0,0.0,0.0,0.0,3.0,15.0,0.0,0.0,0.0,0.0,
ENG-Premier League,2223,2022-11-12 AFC Bournemouth-Everton,Everton,Jordan Pickford,False,Goalkeeper,1,start,end,1.0,0.0,0.0,0.0,0.0,0.0,0.0,3.0,5.0,13.0,0.0,0.0,0.0,0.0,
ENG-Premier League,2223,2022-11-12 Liverpool-Southampton,Liverpool,Alisson Becker,True,Goalkeeper,1,start,end,1.0,0.0,0.0,0.0,0.0,0.0,0.0,1.0,4.0,8.0,0.0,0.0,0.0,0.0,
ENG-Premier League,2223,2022-11-12 Liverpool-Southampton,Southampton,Gavin Bazunu,False,Goalkeeper,1,start,end,1.0,0.0,0.0,0.0,0.0,0.0,0.0,3.0,4.0,12.0,0.0,0.0,0.0,0.0,
ENG-Premier League,2223,2022-11-12 Manchester City-Brentford,Brentford,David Raya,False,Goalkeeper,1,start,end,1.0,0.0,0.0,0.0,0.0,0.0,0.0,1.0,5.0,28.0,0.0,0.0,0.0,0.0,
ENG-Premier League,2223,2022-11-12 Manchester City-Brentford,Manchester City,Ederson,True,Goalkeeper,1,start,end,1.0,0.0,0.0,0.0,0.0,0.0,0.0,2.0,5.0,7.0,0.0,0.0,0.0,0.0,
ENG-Premier League,2223,2022-11-12 Newcastle United-Chelsea,Chelsea,Édouard Mendy,False,Goalkeeper,1,start,end,1.0,0.0,0.0,0.0,0.0,0.0,0.0,1.0,2.0,9.0,0.0,0.0,0.0,0.0,
ENG-Premier League,2223,2022-11-12 Newcastle United-Chelsea,Newcastle United,Nick Pope,True,Goalkeeper,1,start,end,1.0,0.0,0.0,0.0,0.0,0.0,1.0,0.0,2.0,5.0,0.0,0.0,0.0,0.0,
ENG-Premier League,2223,2022-11-12 Nottingham Forest-Crystal Palace,Crystal Palace,Vicente Guaita,False,Goalkeeper,1,start,end,1.0,0.0,0.0,0.0,0.0,0.0,0.0,1.0,1.0,8.0,0.0,0.0,0.0,0.0,
ENG-Premier League,2223,2022-11-12 Nottingham Forest-Crystal Palace,Nottingham Forest,Dean Henderson,True,Goalkeeper,1,start,end,1.0,0.0,0.0,0.0,0.0,0.0,0.0,0.0,1.0,8.0,0.0,0.0,0.0,0.0,
ENG-Premier League,2223,2022-11-12 Tottenham Hotspur-Leeds United,Leeds United,Illan Meslier,False,Goalkeeper,1,start,end,1.0,0.0,0.0,0.0,0.0,0.0,0.0,4.0,3.0,10.0,0.0,0.0,0.0,0.0,
ENG-Premier League,2223,2022-11-12 Tottenham Hotspur-Leeds United,Tottenham Hotspur,Hugo Lloris,True,Goalkeeper,1,start,end,1.0,0.0,0.0,0.0,0.0,0.0,0.0,3.0,3.0,9.0,0.0,0.0,0.0,0.0,
ENG-Premier League,2223,2022-11-12 West Ham United-Leicester City,Leicester City,Danny Ward,False,Goalkeeper,1,start,end,1.0,0.0,0.0,0.0,0.0,0.0,0.0,0.0,6.0,17.0,0.0,0.0,0.0,0.0,
ENG-Premier League,2223,2022-11-12 West Ham United-Leicester City,West Ham United,Lukasz Fabianski,True,Goalkeeper,1,start,end,1.0,0.0,0.0,0.0,0.0,0.0,0.0,2.0,3.0,6.0,0.0,0.0,0.0,0.0,
ENG-Premier League,2223,2022-11-12 Wolverhampton Wanderers-Arsenal,Arsenal,Aaron Ramsdale,False,Goalkeeper,1,start,end,1.0,0.0,1.0,0.0,0.0,0.0,0.0,0.0,2.0,10.0,0.0,0.0,0.0,0.0,
ENG-Premier League,2223,2022-11-12 Wolverhampton Wanderers-Arsenal,Wolverhampton Wanderers,José Sá,True,Goalkeeper,1,start,end,1.0,0.0,0.0,0.0,0.0,0.0,0.0,2.0,1.0,12.0,0.0,0.0,0.0,0.0,
ENG-Premier League,2223,2022-11-13 Brighton & Hove Albion-Aston Villa,Aston Villa,Emiliano Martínez,False,Goalkeeper,1,start,end,1.0,0.0,0.0,0.0,0.0,0.0,1.0,1.0,1.0,4.0,0.0,0.0,0.0,0.0,
ENG-Premier League,2223,2022-11-13 Brighton & Hove Albion-Aston Villa,Brighton & Hove Albion,Robert Sánchez,True,Goalkeeper,1,start,end,1.0,0.0,0.0,0.0,0.0,0.0,0.0,2.0,0.0,6.0,0.0,0.0,0.0,0.0,
ENG-Premier League,2223,2022-11-13 Fulham-Manchester United,Fulham,Bernd Leno,True,Goalkeeper,1,start,end,1.0,0.0,0.0,0.0,0.0,0.0,0.0,2.0,8.0,12.0,0.0,0.0,0.0,0.0,
ENG-Premier League,2223,2022-11-13 Fulham-Manchester United,Manchester United,David de Gea,False,Goalkeeper,1,start,end,1.0,0.0,1.0,0.0,0.0,0.0,0.0,1.0,6.0,10.0,0.0,0.0,0.0,0.0,
ENG-Premier League,2223,2022-12-26 Arsenal-West Ham United,Arsenal,Aaron Ramsdale,True,Goalkeeper,1,start,end,1.0,0.0,1.0,0.0,0.0,0.0,0.0,1.0,3.0,7.0,0.0,0.0,0.0,0.0,
ENG-Premier League,2223,2022-12-26 Arsenal-West Ham United,West Ham United,Lukasz Fabianski,False,Goalkeeper,1,start,end,1.0,0.0,1.0,0.0,0.0,0.0,0.0,3.0,3.0,13.0,0.0,0.0,0.0,0.0,
ENG-Premier League,2223,2022-12-26 Aston Villa-Liverpool,Aston Villa,Robin Olsen,True,Goalkeeper,1,start,end,1.0,0.0,0.0,0.0,0.0,0.0,0.0,3.0,6.0,10.0,0.0,0.0,0.0,0.0,
ENG-Premier League,2223,2022-12-26 Aston Villa-Liverpool,Liverpool,Alisson Becker,False,Goalkeeper,1,start,end,1.0,0.0,1.0,0.0,0.0,0.0,0.0,1.0,5.0,11.0,0.0,0.0,0.0,0.0,
ENG-Premier League,2223,2022-12-26 Brentford-Tottenham Hotspur,Brentford,David Raya,True,Goalkeeper,1,start,end,1.0,0.0,0.0,0.0,0.0,0.0,0.0,2.0,6.0,12.0,0.0,0.0,0.0,0.0,
ENG-Premier League,2223,2022-12-26 Brentford-Tottenham Hotspur,Tottenham Hotspur,Fraser Forster,False,Goalkeeper,1,start,end,1.0,0.0,1.0,0.0,0.0,0.0,0.0,2.0,3.0,6.0,0.0,0.0,0.0,0.0,
ENG-Premier League,2223,2022-12-26 Crystal Palace-Fulham,Crystal Palace,Vicente Guaita,True,Goalkeeper,1,start,end,1.0,0.0,0.0,0.0,0.0,0.0,0.0,3.0,7.0,20.0,0.0,0.0,0.0,0.0,
ENG-Premier League,2223,2022-12-26 Crystal Palace-Fulham,Fulham,Bernd Leno,False,Goalkeeper,1,start,end,1.0,0.0,0.0,0.0,0.0,0.0,0.0,0.0,0.0,4.0,0.0,0.0,0.0,0.0,
ENG-Premier League,2223,2022-12-26 Everton-Wolverhampton Wanderers,Everton,Jordan Pickford,True,Goalkeeper,1,start,end,1.0,0.0,0.0,0.0,0.0,0.0,0.0,2.0,2.0,5.0,0.0,0.0,0.0,0.0,
ENG-Premier League,2223,2022-12-26 Everton-Wolverhampton Wanderers,Wolverhampton Wanderers,José Sá,False,Goalkeeper,1,start,end,1.0,0.0,0.0,0.0,0.0,0.0,0.0,1.0,5.0,10.0,0.0,0.0,0.0,0.0,
ENG-Premier League,2223,2022-12-26 Leicester City-Newcastle United,Leicester City,Danny Ward,True,Goalkeeper,1,start,end,1.0,0.0,0.0,0.0,0.0,0.0,0.0,3.0,2.0,8.0,0.0,0.0,0.0,0.0,
ENG-Premier League,2223,2022-12-26 Leicester City-Newcastle United,Newcastle United,Nick Pope,False,Goalkeeper,1,start,end,1.0,0.0,0.0,0.0,0.0,0.0,0.0,0.0,2.0,8.0,0.0,0.0,0.0,0.0,
ENG-Premier League,2223,2022-12-26 Southampton-Brighton & Hove Albion,Brighton & Hove Albion,Robert Sánchez,False,Goalkeeper,1,start,end,1.0,0.0,0.0,0.0,0.0,0.0,1.0,1.0,2.0,11.0,0.0,0.0,0.0,0.0,
ENG-Premier League,2223,2022-12-26 Southampton-Brighton & Hove Albion,Southampton,Gavin Bazunu,True,Goalkeeper,1,start,end,1.0,0.0,0.0,0.0,0.0,0.0,0.0,2.0,2.0,5.0,0.0,0.0,0.0,0.0,
ENG-Premier League,2223,2022-12-27 Chelsea-AFC Bournemouth,AFC Bournemouth,Mark Travers,False,Goalkeeper,1,start,end,1.0,0.0,0.0,0.0,0.0,0.0,0.0,2.0,3.0,13.0,0.0,0.0,0.0,0.0,
ENG-Premier League,2223,2022-12-27 Chelsea-AFC Bournemouth,Chelsea,Kepa Arrizabalaga,True,Goalkeeper,1,start,end,1.0,0.0,1.0,0.0,0.0,0.0,0.0,0.0,4.0,9.0,0.0,0.0,0.0,0.0,
ENG-Premier League,2223,2022-12-27 Manchester United-Nottingham Forest,Manchester United,David de Gea,True,Goalkeeper,1,start,end,1.0,0.0,0.0,0.0,0.0,0.0,0.0,0.0,3.0,8.0,0.0,0.0,0.0,0.0,
ENG-Premier League,2223,2022-12-27 Manchester United-Nottingham Forest,Nottingham Forest,Wayne Hennessey,False,Goalkeeper,1,start,end,1.0,0.0,0.0,0.0,0.0,0.0,0.0,3.0,5.0,13.0,0.0,0.0,0.0,0.0,
ENG-Premier League,2223,2022-12-28 Leeds United-Manchester City,Leeds United,Illan Meslier,True,Goalkeeper,1,start,end,1.0,0.0,0.0,0.0,0.0,0.0,0.0,3.0,6.0,23.0,0.0,0.0,0.0,0.0,
ENG-Premier League,2223,2022-12-28 Leeds United-Manchester City,Manchester City,Ederson,False,Goalkeeper,1,start,end,1.0,0.0,0.0,0.0,0.0,0.0,0.0,1.0,0.0,8.0,0.0,0.0,0.0,0.0,
ENG-Premier League,2223,2022-12-30 Liverpool-Leicester City,Leicester City,Danny Ward,False,Goalkeeper,1,start,end,1.0,0.0,0.0,0.0,0.0,0.0,0.0,0.0,5.0,21.0,0.0,0.0,0.0,0.0,
ENG-Premier League,2223,2022-12-30 Liverpool-Leicester City,Liverpool,Alisson Becker,True,Goalkeeper,1,start,end,1.0,0.0,0.0,0.0,0.0,0.0,0.0,1.0,1.0,6.0,0.0,0.0,0.0,0.0,
ENG-Premier League,2223,2022-12-30 West Ham United-Brentford,Brentford,David Raya,False,Goalkeeper,1,start,end,1.0,0.0,0.0,0.0,0.0,0.0,0.0,0.0,5.0,20.0,0.0,0.0,0.0,0.0,
ENG-Premier League,2223,2022-12-30 West Ham United-Brentford,West Ham United,Lukasz Fabianski,True,Goalkeeper,1,start,end,1.0,0.0,0.0,0.0,0.0,0.0,0.0,2.0,4.0,7.0,0.0,0.0,0.0,0.0,
ENG-Premier League,2223,2022-12-31 AFC Bournemouth-Crystal Palace,AFC Bournemouth,Mark Travers,True,Goalkeeper,1,start,end,1.0,0.0,0.0,0.0,0.0,0.0,0.0,2.0,4.0,13.0,0.0,0.0,0.0,0.0,
ENG-Premier League,2223,2022-12-31 AFC Bournemouth-Crystal Palace,Crystal Palace,Vicente Guaita,False,Goalkeeper,1,start,end,1.0,0.0,0.0,0.0,0.0,0.0,0.0,0.0,2.0,6.0,0.0,0.0,0.0,0.0,
ENG-Premier League,2223,2022-12-31 Brighton & Hove Albion-Arsenal,Arsenal,Aaron Ramsdale,False,Goalkeeper,1,start,end,1.0,0.0,0.0,0.0,0.0,0.0,0.0,2.0,3.0,7.0,0.0,0.0,0.0,0.0,
ENG-Premier League,2223,2022-12-31 Brighton & Hove Albion-Arsenal,Brighton & Hove Albion,Robert Sánchez,True,Goalkeeper,1,start,end,1.0,0.0,0.0,0.0,0.0,0.0,0.0,4.0,3.0,9.0,0.0,0.0,0.0,0.0,
ENG-Premier League,2223,2022-12-31 Fulham-Southampton,Fulham,Bernd Leno,True,Goalkeeper,1,start,end,1.0,0.0,0.0,0.0,0.0,0.0,0.0,1.0,3.0,8.0,0.0,0.0,0.0,0.0,
ENG-Premier League,2223,2022-12-31 Fulham-Southampton,Southampton,Gavin Bazunu,False,Goalkeeper,1,start,end,1.0,1.0,0.0,0.0,0.0,0.0,0.0,1.0,0.0,6.0,0.0,0.0,0.0,0.0,
ENG-Premier League,2223,2022-12-31 Manchester City-Everton,Everton,Jordan Pickford,False,Goalkeeper,1,start,end,1.0,0.0,0.0,0.0,0.0,0.0,0.0,1.0,2.0,15.0,0.0,0.0,0.0,0.0,
ENG-Premier League,2223,2022-12-31 Manchester City-Everton,Manchester City,Ederson,True,Goalkeeper,1,start,end,1.0,0.0,0.0,0.0,0.0,0.0,0.0,1.0,0.0,1.0,0.0,0.0,0.0,0.0,
ENG-Premier League,2223,2022-12-31 Newcastle United-Leeds United,Leeds United,Illan Meslier,False,Goalkeeper,1,start,end,1.0,0.0,0.0,0.0,0.0,0.0,1.0,0.0,5.0,16.0,0.0,0.0,0.0,0.0,
ENG-Premier League,2223,2022-12-31 Newcastle United-Leeds United,Newcastle United,Nick Pope,True,Goalkeeper,1,start,end,1.0,0.0,0.0,0.0,0.0,0.0,0.0,0.0,1.0,8.0,0.0,0.0,0.0,0.0,
ENG-Premier League,2223,2022-12-31 Wolverhampton Wanderers-Manchester United,Manchester United,David de Gea,False,Goalkeeper,1,start,end,1.0,0.0,0.0,0.0,0.0,0.0,0.0,0.0,3.0,9.0,0.0,0.0,0.0,0.0,
ENG-Premier League,2223,2022-12-31 Wolverhampton Wanderers-Manchester United,Wolverhampton Wanderers,José Sá,True,Goalkeeper,1,start,end,1.0,0.0,0.0,0.0,0.0,0.0,0.0,1.0,6.0,15.0,0.0,0.0,0.0,0.0,
ENG-Premier League,2223,2023-01-01 Nottingham Forest-Chelsea,Chelsea,Kepa Arrizabalaga,False,Goalkeeper,1,start,end,1.0,0.0,0.0,0.0,0.0,0.0,0.0,1.0,4.0,11.0,0.0,0.0,0.0,0.0,
ENG-Premier League,2223,2023-01-01 Nottingham Forest-Chelsea,Nottingham Forest,Dean Henderson,True,Goalkeeper,1,start,end,1.0,0.0,0.0,0.0,0.0,0.0,0.0,1.0,1.0,6.0,0.0,0.0,0.0,0.0,
ENG-Premier League,2223,2023-01-01 Tottenham Hotspur-Aston Villa,Aston Villa,Robin Olsen,False,Goalkeeper,1,start,end,1.0,0.0,0.0,0.0,0.0,0.0,0.0,0.0,1.0,6.0,0.0,0.0,0.0,0.0,
ENG-Premier League,2223,2023-01-01 Tottenham Hotspur-Aston Villa,Tottenham Hotspur,Hugo Lloris,True,Goalkeeper,1,start,end,1.0,0.0,0.0,0.0,0.0,0.0,0.0,2.0,2.0,11.0,0.0,0.0,0.0,0.0,
ENG-Premier League,2223,2023-01-02 Brentford-Liverpool,Brentford,David Raya,True,Goalkeeper,1,start,end,1.0,0.0,0.0,0.0,0.0,0.0,0.0,1.0,4.0,15.0,0.0,0.0,0.0,0.0,
ENG-Premier League,2223,2023-01-02 Brentford-Liverpool,Liverpool,Alisson Becker,False,Goalkeeper,1,start,end,1.0,0.0,0.0,0.0,0.0,0.0,0.0,2.0,5.0,8.0,0.0,0.0,0.0,0.0,
ENG-Premier League,2223,2023-01-03 Arsenal-Newcastle United,Arsenal,Aaron Ramsdale,True,Goalkeeper,1,start,end,1.0,0.0,0.0,0.0,0.0,0.0,0.0,0.0,1.0,8.0,0.0,0.0,0.0,0.0,
ENG-Premier League,2223,2023-01-03 Arsenal-Newcastle United,Newcastle United,Nick Pope,False,Goalkeeper,1,start,end,1.0,0.0,0.0,0.0,0.0,0.0,0.0,0.0,4.0,18.0,0.0,0.0,0.0,0.0,
ENG-Premier League,2223,2023-01-03 Everton-Brighton & Hove Albion,Brighton & Hove Albion,Robert Sánchez,False,Goalkeeper,1,start,end,1.0,1.0,0.0,0.0,0.0,0.0,0.0,1.0,3.0,9.0,0.0,0.0,0.0,0.0,
ENG-Premier League,2223,2023-01-03 Everton-Brighton & Hove Albion,Everton,Jordan Pickford,True,Goalkeeper,1,start,end,1.0,0.0,0.0,0.0,0.0,0.0,0.0,4.0,4.0,15.0,0.0,0.0,0.0,0.0,
ENG-Premier League,2223,2023-01-03 Leicester City-Fulham,Fulham,Bernd Leno,False,Goalkeeper,1,start,end,1.0,0.0,0.0,0.0,0.0,0.0,1.0,0.0,6.0,14.0,0.0,0.0,0.0,0.0,
ENG-Premier League,2223,2023-01-03 Leicester City-Fulham,Leicester City,Danny Ward,True,Goalkeeper,1,start,end,1.0,0.0,0.0,0.0,0.0,0.0,0.0,1.0,1.0,10.0,0.0,0.0,0.0,0.0,
ENG-Premier League,2223,2023-01-03 Manchester United-AFC Bournemouth,AFC Bournemouth,Mark Travers,False,Goalkeeper,1,start,end,1.0,0.0,0.0,0.0,0.0,0.0,0.0,3.0,3.0,15.0,0.0,0.0,0.0,0.0,
ENG-Premier League,2223,2023-01-03 Manchester United-AFC Bournemouth,Manchester United,David de Gea,True,Goalkeeper,1,start,end,1.0,0.0,0.0,0.0,0.0,0.0,0.0,0.0,4.0,7.0,0.0,0.0,0.0,0.0,
ENG-Premier League,2223,2023-01-04 Aston Villa-Wolverhampton Wanderers,Aston Villa,Emiliano Martínez,True,Goalkeeper,1,start,end,1.0,0.0,0.0,0.0,0.0,0.0,0.0,1.0,2.0,9.0,0.0,0.0,0.0,0.0,
ENG-Premier League,2223,2023-01-04 Aston Villa-Wolverhampton Wanderers,Wolverhampton Wanderers,José Sá,False,Goalkeeper,1,start,end,1.0,0.0,0.0,0.0,0.0,0.0,0.0,1.0,2.0,11.0,0.0,0.0,0.0,0.0,
ENG-Premier League,2223,2023-01-04 Crystal Palace-Tottenham Hotspur,Crystal Palace,Vicente Guaita,True,Goalkeeper,1,start,end,1.0,0.0,0.0,0.0,0.0,0.0,0.0,4.0,2.0,9.0,0.0,0.0,0.0,0.0,
ENG-Premier League,2223,2023-01-04 Crystal Palace-Tottenham Hotspur,Tottenham Hotspur,Hugo Lloris,False,Goalkeeper,1,start,end,1.0,0.0,0.0,0.0,0.0,0.0,0.0,0.0,4.0,19.0,0.0,0.0,0.0,0.0,
ENG-Premier League,2223,2023-01-04 Leeds United-West Ham United,Leeds United,Illan Meslier,True,Goalkeeper,1,start,end,1.0,0.0,0.0,0.0,0.0,0.0,0.0,2.0,0.0,11.0,0.0,0.0,0.0,0.0,
ENG-Premier League,2223,2023-01-04 Leeds United-West Ham United,West Ham United,Lukasz Fabianski,False,Goalkeeper,1,start,end,1.0,0.0,0.0,0.0,0.0,0.0,0.0,2.0,3.0,12.0,0.0,0.0,0.0,0.0,
ENG-Premier League,2223,2023-01-04 Southampton-Nottingham Forest,Nottingham Forest,Dean Henderson,False,Goalkeeper,1,start,end,1.0,0.0,0.0,0.0,0.0,0.0,0.0,0.0,0.0,9.0,0.0,0.0,0.0,0.0,
ENG-Premier League,2223,2023-01-04 Southampton-Nottingham Forest,Southampton,Gavin Bazunu,True,Goalkeeper,1,start,end,1.0,0.0,0.0,0.0,0.0,0.0,0.0,1.0,0.0,11.0,0.0,0.0,0.0,0.0,
ENG-Premier League,2223,2023-01-05 Chelsea-Manchester City,Chelsea,Kepa Arrizabalaga,True,Goalkeeper,1,start,end,1.0,0.0,0.0,0.0,0.0,0.0,0.0,1.0,2.0,11.0,0.0,0.0,0.0,0.0,
ENG-Premier League,2223,2023-01-05 Chelsea-Manchester City,Manchester City,Ederson,False,Goalkeeper,1,start,end,1.0,0.0,0.0,0.0,0.0,0.0,0.0,0.0,2.0,8.0,0.0,0.0,0.0,0.0,
ENG-Premier League,2223,2023-01-12 Fulham-Chelsea,Chelsea,Kepa Arrizabalaga,False,Goalkeeper,1,start,end,1.0,0.0,0.0,0.0,0.0,0.0,0.0,2.0,2.0,6.0,0.0,0.0,0.0,0.0,
ENG-Premier League,2223,2023-01-12 Fulham-Chelsea,Fulham,Bernd Leno,True,Goalkeeper,1,start,end,1.0,0.0,0.0,0.0,0.0,0.0,1.0,1.0,9.0,16.0,0.0,0.0,0.0,0.0,
ENG-Premier League,2223,2023-01-13 Aston Villa-Leeds United,Aston Villa,Emiliano Martínez,True,Goalkeeper,1,start,end,1.0,0.0,0.0,0.0,0.0,0.0,1.0,1.0,2.0,14.0,0.0,0.0,0.0,0.0,
ENG-Premier League,2223,2023-01-13 Aston Villa-Leeds United,Leeds United,Illan Meslier,False,Goalkeeper,1,start,end,1.0,1.0,0.0,0.0,0.0,0.0,1.0,2.0,3.0,9.0,0.0,0.0,0.0,0.0,
ENG-Premier League,2223,2023-01-14 Brentford-AFC Bournemouth,AFC Bournemouth,Neto,False,Goalkeeper,1,start,end,1.0,0.0,1.0,0.0,0.0,0.0,1.0,2.0,2.0,10.0,0.0,0.0,0.0,0.0,
ENG-Premier League,2223,2023-01-14 Brentford-AFC Bournemouth,Brentford,David Raya,True,Goalkeeper,1,start,end,1.0,0.0,0.0,0.0,0.0,0.0,1.0,0.0,2.0,7.0,0.0,0.0,0.0,0.0,
ENG-Premier League,2223,2023-01-14 Brighton & Hove Albion-Liverpool,Brighton & Hove Albion,Robert Sánchez,True,Goalkeeper,1,start,end,1.0,0.0,0.0,0.0,0.0,0.0,0.0,0.0,2.0,6.0,0.0,0.0,0.0,0.0,
ENG-Premier League,2223,2023-01-14 Brighton & Hove Albion-Liverpool,Liverpool,Alisson Becker,False,Goalkeeper,1,start,end,1.0,0.0,0.0,0.0,0.0,0.0,0.0,3.0,5.0,13.0,0.0,0.0,0.0,0.0,
ENG-Premier League,2223,2023-01-14 Everton-Southampton,Everton,Jordan Pickford,True,Goalkeeper,1,start,end,1.0,0.0,0.0,0.0,0.0,0.0,0.0,2.0,3.0,11.0,0.0,0.0,0.0,0.0,
ENG-Premier League,2223,2023-01-14 Everton-Southampton,Southampton,Gavin Bazunu,False,Goalkeeper,1,start,end,1.0,0.0,0.0,0.0,0.0,0.0,0.0,1.0,3.0,11.0,0.0,0.0,0.0,0.0,
ENG-Premier League,2223,2023-01-14 Manchester United-Manchester City,Manchester City,Ederson,False,Goalkeeper,1,start,end,1.0,0.0,0.0,0.0,0.0,0.0,0.0,2.0,1.0,6.0,0.0,0.0,0.0,0.0,
ENG-Premier League,2223,2023-01-14 Manchester United-Manchester City,Manchester United,David de Gea,True,Goalkeeper,1,start,end,1.0,0.0,0.0,0.0,0.0,0.0,0.0,1.0,0.0,4.0,0.0,0.0,0.0,0.0,
ENG-Premier League,2223,2023-01-14 Nottingham Forest-Leicester City,Leicester City,Danny Ward,False,Goalkeeper,1,start,end,1.0,0.0,0.0,0.0,0.0,0.0,0.0,2.0,3.0,13.0,0.0,0.0,0.0,0.0,
ENG-Premier League,2223,2023-01-14 Nottingham Forest-Leicester City,Nottingham Forest,Dean Henderson,True,Goalkeeper,1,start,end,1.0,0.0,0.0,0.0,0.0,0.0,0.0,0.0,1.0,6.0,0.0,0.0,0.0,0.0,
ENG-Premier League,2223,2023-01-14 Wolverhampton Wanderers-West Ham United,West Ham United,Lukasz Fabianski,False,Goalkeeper,1,start,end,1.0,0.0,0.0,0.0,0.0,0.0,0.0,1.0,3.0,16.0,0.0,0.0,0.0,0.0,
ENG-Premier League,2223,2023-01-14 Wolverhampton Wanderers-West Ham United,Wolverhampton Wanderers,José Sá,True,Goalkeeper,1,start,end,1.0,0.0,0.0,0.0,0.0,0.0,0.0,0.0,3.0,15.0,0.0,0.0,0.0,0.0,
ENG-Premier League,2223,2023-01-15 Chelsea-Crystal Palace,Chelsea,Kepa Arrizabalaga,True,Goalkeeper,1,start,end,1.0,0.0,0.0,0.0,0.0,0.0,0.0,0.0,5.0,9.0,0.0,0.0,0.0,0.0,
ENG-Premier League,2223,2023-01-15 Chelsea-Crystal Palace,Crystal Palace,Vicente Guaita,False,Goalkeeper,1,start,end,1.0,0.0,1.0,0.0,0.0,0.0,0.0,1.0,4.0,12.0,0.0,0.0,0.0,0.0,
ENG-Premier League,2223,2023-01-15 Newcastle United-Fulham,Fulham,Bernd Leno,False,Goalkeeper,1,start,end,1.0,0.0,0.0,0.0,0.0,0.0,0.0,1.0,4.0,19.0,0.0,0.0,0.0,0.0,
ENG-Premier League,2223,2023-01-15 Newcastle United-Fulham,Newcastle United,Nick Pope,True,Goalkeeper,1,start,end,1.0,0.0,0.0,0.0,0.0,0.0,1.0,0.0,0.0,4.0,0.0,0.0,0.0,0.0,
ENG-Premier League,2223,2023-01-15 Tottenham Hotspur-Arsenal,Arsenal,Aaron Ramsdale,False,Goalkeeper,1,start,end,1.0,0.0,0.0,0.0,0.0,0.0,0.0,0.0,7.0,17.0,0.0,0.0,0.0,0.0,
ENG-Premier League,2223,2023-01-15 Tottenham Hotspur-Arsenal,Tottenham Hotspur,Hugo Lloris,True,Goalkeeper,1,start,end,1.0,0.0,0.0,1.0,0.0,0.0,0.0,1.0,4.0,13.0,0.0,1.0,0.0,1.0,
ENG-Premier League,2223,2023-01-18 Crystal Palace-Manchester United,Crystal Palace,Vicente Guaita,True,Goalkeeper,1,start,end,1.0,0.0,0.0,0.0,0.0,0.0,0.0,1.0,3.0,14.0,0.0,0.0,0.0,0.0,
ENG-Premier League,2223,2023-01-18 Crystal Palace-Manchester United,Manchester United,David de Gea,False,Goalkeeper,1,start,end,1.0,0.0,0.0,0.0,0.0,0.0,0.0,1.0,4.0,9.0,0.0,0.0,0.0,0.0,
ENG-Premier League,2223,2023-01-19 Manchester City-Tottenham Hotspur,Manchester City,Ederson,True,Goalkeeper,1,start,end,1.0,0.0,0.0,0.0,0.0,0.0,0.0,2.0,2.0,7.0,0.0,0.0,0.0,0.0,
ENG-Premier League,2223,2023-01-19 Manchester City-Tottenham Hotspur,Tottenham Hotspur,Hugo Lloris,False,Goalkeeper,1,start,end,1.0,0.0,0.0,0.0,0.0,0.0,0.0,4.0,2.0,12.0,0.0,0.0,0.0,0.0,
ENG-Premier League,2223,2023-01-21 AFC Bournemouth-Nottingham Forest,AFC Bournemouth,Neto,True,Goalkeeper,1,start,end,1.0,0.0,0.0,0.0,0.0,0.0,0.0,1.0,4.0,19.0,0.0,0.0,0.0,0.0,
ENG-Premier League,2223,2023-01-21 AFC Bournemouth-Nottingham Forest,Nottingham Forest,Wayne Hennessey,False,Goalkeeper,1,start,end,1.0,0.0,1.0,0.0,0.0,0.0,0.0,1.0,2.0,14.0,0.0,0.0,0.0,0.0,
ENG-Premier League,2223,2023-01-21 Crystal Palace-Newcastle United,Crystal Palace,Vicente Guaita,True,Goalkeeper,1,start,end,1.0,0.0,0.0,0.0,0.0,0.0,0.0,0.0,7.0,16.0,0.0,0.0,0.0,0.0,
ENG-Premier League,2223,2023-01-21 Crystal Palace-Newcastle United,Newcastle United,Nick Pope,False,Goalkeeper,1,start,end,1.0,0.0,0.0,0.0,0.0,0.0,0.0,0.0,1.0,6.0,0.0,0.0,0.0,0.0,
ENG-Premier League,2223,2023-01-21 Leicester City-Brighton & Hove Albion,Brighton & Hove Albion,Robert Sánchez,False,Goalkeeper,1,start,end,1.0,0.0,0.0,0.0,0.0,0.0,0.0,2.0,1.0,7.0,0.0,0.0,0.0,0.0,
ENG-Premier League,2223,2023-01-21 Leicester City-Brighton & Hove Albion,Leicester City,Danny Ward,True,Goalkeeper,1,start,end,1.0,0.0,0.0,0.0,0.0,0.0,0.0,2.0,2.0,11.0,0.0,0.0,0.0,0.0,
ENG-Premier League,2223,2023-01-21 Liverpool-Chelsea,Chelsea,Kepa Arrizabalaga,False,Goalkeeper,1,start,end,1.0,0.0,1.0,0.0,0.0,0.0,0.0,0.0,3.0,13.0,0.0,0.0,0.0,0.0,
ENG-Premier League,2223,2023-01-21 Liverpool-Chelsea,Liverpool,Alisson Becker,True,Goalkeeper,1,start,end,1.0,0.0,0.0,0.0,0.0,0.0,0.0,0.0,2.0,10.0,0.0,0.0,0.0,0.0,
ENG-Premier League,2223,2023-01-21 Southampton-Aston Villa,Aston Villa,Emiliano Martínez,False,Goalkeeper,1,start,end,1.0,0.0,0.0,0.0,0.0,0.0,0.0,0.0,5.0,8.0,0.0,0.0,0.0,0.0,
ENG-Premier League,2223,2023-01-21 Southampton-Aston Villa,Southampton,Gavin Bazunu,True,Goalkeeper,1,start,end,1.0,0.0,0.0,0.0,0.0,0.0,0.0,1.0,4.0,15.0,0.0,0.0,0.0,0.0,
ENG-Premier League,2223,2023-01-21 West Ham United-Everton,Everton,Jordan Pickford,False,Goalkeeper,1,start,end,1.0,0.0,1.0,0.0,0.0,0.0,0.0,2.0,2.0,9.0,0.0,0.0,0.0,0.0,
ENG-Premier League,2223,2023-01-21 West Ham United-Everton,West Ham United,Lukasz Fabianski,True,Goalkeeper,1,start,end,1.0,0.0,0.0,0.0,0.0,0.0,0.0,0.0,2.0,4.0,0.0,0.0,0.0,0.0,
ENG-Premier League,2223,2023-01-22 Arsenal-Manchester United,Arsenal,Aaron Ramsdale,True,Goalkeeper,1,start,end,1.0,0.0,0.0,0.0,0.0,0.0,0.0,2.0,2.0,4.0,0.0,0.0,0.0,0.0,
ENG-Premier League,2223,2023-01-22 Arsenal-Manchester United,Manchester United,David de Gea,False,Goalkeeper,1,start,end,1.0,0.0,1.0,0.0,0.0,0.0,0.0,3.0,2.0,21.0,0.0,0.0,0.0,0.0,
ENG-Premier League,2223,2023-01-22 Leeds United-Brentford,Brentford,David Raya,False,Goalkeeper,1,start,end,1.0,0.0,0.0,0.0,0.0,0.0,0.0,0.0,5.0,10.0,0.0,0.0,0.0,0.0,
ENG-Premier League,2223,2023-01-22 Leeds United-Brentford,Leeds United,Illan Meslier,True,Goalkeeper,1,start,end,1.0,0.0,0.0,0.0,0.0,0.0,0.0,0.0,0.0,6.0,0.0,0.0,0.0,0.0,
ENG-Premier League,2223,2023-01-22 Manchester City-Wolverhampton Wanderers,Manchester City,Ederson,True,Goalkeeper,1,start,end,1.0,0.0,0.0,0.0,0.0,0.0,0.0,0.0,1.0,10.0,0.0,0.0,0.0,0.0,
ENG-Premier League,2223,2023-01-22 Manchester City-Wolverhampton Wanderers,Wolverhampton Wanderers,José Sá,False,Goalkeeper,1,start,end,1.0,0.0,0.0,0.0,0.0,0.0,0.0,3.0,3.0,10.0,0.0,0.0,0.0,0.0,
ENG-Premier League,2223,2023-01-23 Fulham-Tottenham Hotspur,Fulham,Bernd Leno,True,Goalkeeper,1,start,end,1.0,0.0,0.0,0.0,0.0,0.0,0.0,1.0,2.0,9.0,0.0,0.0,0.0,0.0,
ENG-Premier League,2223,2023-01-23 Fulham-Tottenham Hotspur,Tottenham Hotspur,Hugo Lloris,False,Goalkeeper,1,start,end,1.0,0.0,0.0,0.0,0.0,0.0,0.0,0.0,5.0,10.0,0.0,0.0,0.0,0.0,
ENG-Premier League,2223,2023-02-03 Chelsea-Fulham,Chelsea,Kepa Arrizabalaga,True,Goalkeeper,1,start,end,1.0,0.0,0.0,0.0,0.0,0.0,0.0,0.0,4.0,9.0,0.0,0.0,0.0,0.0,
ENG-Premier League,2223,2023-02-03 Chelsea-Fulham,Fulham,Bernd Leno,False,Goalkeeper,1,start,end,1.0,0.0,0.0,0.0,0.0,0.0,0.0,0.0,2.0,12.0,0.0,0.0,0.0,0.0,
ENG-Premier League,2223,2023-02-04 Aston Villa-Leicester City,Aston Villa,Emiliano Martínez,True,Goalkeeper,1,start,end,1.0,0.0,0.0,0.0,0.0,0.0,0.0,4.0,1.0,5.0,0.0,0.0,0.0,0.0,
ENG-Premier League,2223,2023-02-04 Aston Villa-Leicester City,Leicester City,Danny Ward,False,Goalkeeper,1,start,end,1.0,0.0,0.0,0.0,0.0,0.0,0.0,1.0,3.0,18.0,0.0,0.0,0.0,0.0,
ENG-Premier League,2223,2023-02-04 Brentford-Southampton,Brentford,David Raya,True,Goalkeeper,1,start,end,1.0,0.0,0.0,0.0,0.0,0.0,0.0,0.0,5.0,14.0,0.0,0.0,0.0,0.0,
ENG-Premier League,2223,2023-02-04 Brentford-Southampton,Southampton,Gavin Bazunu,False,Goalkeeper,1,start,end,1.0,0.0,0.0,0.0,0.0,0.0,0.0,3.0,0.0,11.0,0.0,0.0,0.0,0.0,
ENG-Premier League,2223,2023-02-04 Brighton & Hove Albion-AFC Bournemouth,AFC Bournemouth,Neto,False,Goalkeeper,1,start,end,1.0,0.0,1.0,0.0,0.0,0.0,0.0,1.0,5.0,18.0,0.0,0.0,0.0,0.0,
ENG-Premier League,2223,2023-02-04 Brighton & Hove Albion-AFC Bournemouth,Brighton & Hove Albion,Robert Sánchez,True,Goalkeeper,1,start,end,1.0,0.0,0.0,0.0,0.0,0.0,0.0,0.0,2.0,12.0,0.0,0.0,0.0,0.0,
ENG-Premier League,2223,2023-02-04 Everton-Arsenal,Arsenal,Aaron Ramsdale,False,Goalkeeper,1,start,end,1.0,0.0,0.0,0.0,0.0,0.0,0.0,1.0,3.0,11.0,0.0,0.0,0.0,0.0,
ENG-Premier League,2223,2023-02-04 Everton-Arsenal,Everton,Jordan Pickford,True,Goalkeeper,1,start,end,1.0,0.0,1.0,0.0,0.0,0.0,1.0,0.0,2.0,15.0,0.0,0.0,0.0,0.0,
ENG-Premier League,2223,2023-02-04 Manchester United-Crystal Palace,Crystal Palace,Vicente Guaita,False,Goalkeeper,1,start,end,1.0,0.0,0.0,0.0,0.0,0.0,0.0,2.0,3.0,12.0,0.0,0.0,0.0,0.0,
ENG-Premier League,2223,2023-02-04 Manchester United-Crystal Palace,Manchester United,David de Gea,True,Goalkeeper,1,start,end,1.0,0.0,0.0,0.0,0.0,0.0,0.0,1.0,2.0,9.0,0.0,0.0,0.0,0.0,
ENG-Premier League,2223,2023-02-04 Newcastle United-West Ham United,Newcastle United,Nick Pope,True,Goalkeeper,1,start,end,1.0,0.0,0.0,0.0,0.0,0.0,0.0,1.0,0.0,10.0,0.0,0.0,0.0,0.0,
ENG-Premier League,2223,2023-02-04 Newcastle United-West Ham United,West Ham United,Lukasz Fabianski,False,Goalkeeper,1,start,end,1.0,0.0,0.0,0.0,0.0,0.0,0.0,1.0,1.0,7.0,0.0,0.0,0.0,0.0,
ENG-Premier League,2223,2023-02-04 Wolverhampton Wanderers-Liverpool,Liverpool,Alisson Becker,False,Goalkeeper,1,start,end,1.0,0.0,0.0,0.0,0.0,0.0,0.0,2.0,3.0,10.0,0.0,0.0,0.0,0.0,
ENG-Premier League,2223,2023-02-04 Wolverhampton Wanderers-Liverpool,Wolverhampton Wanderers,José Sá,True,Goalkeeper,1,start,end,1.0,0.0,0.0,0.0,0.0,0.0,0.0,0.0,2.0,22.0,0.0,0.0,0.0,0.0,
ENG-Premier League,2223,2023-02-05 Nottingham Forest-Leeds United,Leeds United,Illan Meslier,False,Goalkeeper,1,start,end,1.0,0.0,0.0,0.0,0.0,0.0,0.0,1.0,1.0,5.0,0.0,0.0,0.0,0.0,
ENG-Premier League,2223,2023-02-05 Nottingham Forest-Leeds United,Nottingham Forest,Keylor Navas,True,Goalkeeper,1,start,end,1.0,0.0,0.0,0.0,0.0,0.0,0.0,0.0,4.0,9.0,0.0,0.0,0.0,0.0,
ENG-Premier League,2223,2023-02-05 Tottenham Hotspur-Manchester City,Manchester City,Ederson,False,Goalkeeper,1,start,end,1.0,0.0,0.0,0.0,0.0,0.0,1.0,1.0,2.0,11.0,0.0,0.0,0.0,0.0,
ENG-Premier League,2223,2023-02-05 Tottenham Hotspur-Manchester City,Tottenham Hotspur,Hugo Lloris,True,Goalkeeper,1,start,end,1.0,0.0,0.0,0.0,0.0,0.0,0.0,0.0,5.0,14.0,0.0,0.0,0.0,0.0,
ENG-Premier League,2223,2023-02-08 Manchester United-Leeds United,Leeds United,Illan Meslier,False,Goalkeeper,1,start,end,1.0,0.0,0.0,0.0,0.0,0.0,0.0,2.0,5.0,21.0,0.0,0.0,0.0,0.0,
ENG-Premier League,2223,2023-02-08 Manchester United-Leeds United,Manchester United,David de Gea,True,Goalkeeper,1,start,end,1.0,0.0,0.0,0.0,0.0,0.0,0.0,1.0,1.0,7.0,0.0,0.0,0.0,0.0,
ENG-Premier League,2223,2023-02-11 AFC Bournemouth-Newcastle United,AFC Bournemouth,Neto,True,Goalkeeper,1,start,end,1.0,0.0,0.0,0.0,0.0,0.0,0.0,1.0,6.0,14.0,0.0,0.0,0.0,0.0,
ENG-Premier League,2223,2023-02-11 AFC Bournemouth-Newcastle United,Newcastle United,Nick Pope,False,Goalkeeper,1,start,end,1.0,0.0,0.0,0.0,0.0,0.0,0.0,1.0,3.0,10.0,0.0,0.0,0.0,0.0,
ENG-Premier League,2223,2023-02-11 Arsenal-Brentford,Arsenal,Aaron Ramsdale,True,Goalkeeper,1,start,end,1.0,0.0,0.0,0.0,0.0,0.0,0.0,1.0,1.0,6.0,0.0,0.0,0.0,0.0,
ENG-Premier League,2223,2023-02-11 Arsenal-Brentford,Brentford,David Raya,False,Goalkeeper,1,start,end,1.0,0.0,0.0,0.0,0.0,0.0,0.0,1.0,6.0,22.0,0.0,0.0,0.0,0.0,
ENG-Premier League,2223,2023-02-11 Crystal Palace-Brighton & Hove Albion,Brighton & Hove Albion,Robert Sánchez,False,Goalkeeper,1,start,end,1.0,0.0,0.0,0.0,0.0,0.0,0.0,1.0,0.0,6.0,0.0,0.0,0.0,0.0,
ENG-Premier League,2223,2023-02-11 Crystal Palace-Brighton & Hove Albion,Crystal Palace,Vicente Guaita,True,Goalkeeper,1,start,end,1.0,0.0,0.0,0.0,0.0,0.0,0.0,1.0,6.0,16.0,0.0,0.0,0.0,0.0,
ENG-Premier League,2223,2023-02-11 Fulham-Nottingham Forest,Fulham,Bernd Leno,True,Goalkeeper,1,start,end,1.0,0.0,0.0,0.0,0.0,0.0,0.0,0.0,1.0,10.0,0.0,0.0,0.0,0.0,
ENG-Premier League,2223,2023-02-11 Fulham-Nottingham Forest,Nottingham Forest,Keylor Navas,False,Goalkeeper,1,start,end,1.0,0.0,0.0,0.0,0.0,0.0,0.0,2.0,1.0,15.0,0.0,0.0,0.0,0.0,
ENG-Premier League,2223,2023-02-11 Leicester City-Tottenham Hotspur,Leicester City,Danny Ward,True,Goalkeeper,1,start,end,1.0,0.0,0.0,0.0,0.0,0.0,0.0,1.0,3.0,9.0,0.0,0.0,0.0,0.0,
ENG-Premier League,2223,2023-02-11 Leicester City-Tottenham Hotspur,Tottenham Hotspur,Fraser Forster,False,Goalkeeper,1,start,end,1.0,0.0,0.0,0.0,0.0,0.0,0.0,4.0,2.0,11.0,0.0,0.0,0.0,0.0,
ENG-Premier League,2223,2023-02-11 Southampton-Wolverhampton Wanderers,Southampton,Gavin Bazunu,True,Goalkeeper,1,start,end,1.0,0.0,0.0,0.0,0.0,0.0,0.0,1.0,0.0,9.0,0.0,0.0,0.0,0.0,
ENG-Premier League,2223,2023-02-11 Southampton-Wolverhampton Wanderers,Wolverhampton Wanderers,José Sá,False,Goalkeeper,1,start,end,1.0,0.0,0.0,0.0,0.0,0.0,0.0,1.0,1.0,15.0,0.0,0.0,0.0,0.0,
ENG-Premier League,2223,2023-02-11 West Ham United-Chelsea,Chelsea,Kepa Arrizabalaga,False,Goalkeeper,1,start,end,1.0,0.0,0.0,0.0,0.0,0.0,0.0,1.0,1.0,9.0,0.0,0.0,0.0,0.0,
ENG-Premier League,2223,2023-02-11 West Ham United-Chelsea,West Ham United,Lukasz Fabianski,True,Goalkeeper,1,start,end,1.0,0.0,0.0,0.0,0.0,0.0,0.0,1.0,3.0,12.0,0.0,0.0,0.0,0.0,
ENG-Premier League,2223,2023-02-12 Leeds United-Manchester United,Leeds United,Illan Meslier,True,Goalkeeper,1,start,end,1.0,0.0,0.0,0.0,0.0,0.0,0.0,2.0,3.0,9.0,0.0,0.0,0.0,0.0,
ENG-Premier League,2223,2023-02-12 Leeds United-Manchester United,Manchester United,David de Gea,False,Goalkeeper,1,start,end,1.0,0.0,0.0,0.0,0.0,0.0,0.0,0.0,6.0,14.0,0.0,0.0,0.0,0.0,
ENG-Premier League,2223,2023-02-12 Manchester City-Aston Villa,Aston Villa,Emiliano Martínez,False,Goalkeeper,1,start,end,1.0,0.0,1.0,0.0,0.0,0.0,0.0,3.0,5.0,12.0,0.0,0.0,0.0,0.0,
ENG-Premier League,2223,2023-02-12 Manchester City-Aston Villa,Manchester City,Ederson,True,Goalkeeper,1,start,end,1.0,0.0,0.0,0.0,0.0,0.0,0.0,1.0,1.0,5.0,0.0,0.0,0.0,0.0,
ENG-Premier League,2223,2023-02-13 Liverpool-Everton,Everton,Jordan Pickford,False,Goalkeeper,1,start,end,1.0,0.0,0.0,0.0,0.0,0.0,1.0,2.0,4.0,13.0,0.0,0.0,0.0,0.0,
ENG-Premier League,2223,2023-02-13 Liverpool-Everton,Liverpool,Alisson Becker,True,Goalkeeper,1,start,end,1.0,0.0,2.0,0.0,0.0,0.0,0.0,0.0,1.0,6.0,0.0,0.0,0.0,0.0,
ENG-Premier League,2223,2023-02-15 Arsenal-Manchester City,Arsenal,Aaron Ramsdale,True,Goalkeeper,1,start,end,1.0,0.0,0.0,0.0,0.0,0.0,0.0,3.0,2.0,6.0,0.0,0.0,0.0,0.0,
ENG-Premier League,2223,2023-02-15 Arsenal-Manchester City,Manchester City,Ederson,False,Goalkeeper,1,start,end,1.0,1.0,0.0,0.0,0.0,0.0,1.0,1.0,0.0,9.0,0.0,0.0,0.0,0.0,
ENG-Premier League,2223,2023-02-18 Aston Villa-Arsenal,Arsenal,Aaron Ramsdale,False,Goalkeeper,1,start,end,1.0,0.0,0.0,0.0,0.0,0.0,0.0,2.0,3.0,5.0,0.0,0.0,0.0,0.0,
ENG-Premier League,2223,2023-02-18 Aston Villa-Arsenal,Aston Villa,Emiliano Martínez,True,Goalkeeper,1,start,end,1.0,0.0,0.0,1.0,0.0,0.0,1.0,3.0,2.0,17.0,0.0,1.0,0.0,1.0,
ENG-Premier League,2223,2023-02-18 Brentford-Crystal Palace,Brentford,David Raya,True,Goalkeeper,1,start,end,1.0,0.0,0.0,0.0,0.0,0.0,0.0,1.0,3.0,9.0,0.0,0.0,0.0,0.0,
ENG-Premier League,2223,2023-02-18 Brentford-Crystal Palace,Crystal Palace,Vicente Guaita,False,Goalkeeper,1,start,end,1.0,0.0,0.0,0.0,0.0,0.0,0.0,1.0,5.0,10.0,0.0,0.0,0.0,0.0,
ENG-Premier League,2223,2023-02-18 Brighton & Hove Albion-Fulham,Brighton & Hove Albion,Robert Sánchez,True,Goalkeeper,1,start,end,1.0,0.0,0.0,0.0,0.0,0.0,0.0,1.0,1.0,4.0,0.0,0.0,0.0,0.0,
ENG-Premier League,2223,2023-02-18 Brighton & Hove Albion-Fulham,Fulham,Bernd Leno,False,Goalkeeper,1,start,end,1.0,0.0,0.0,0.0,0.0,0.0,0.0,0.0,7.0,19.0,0.0,0.0,0.0,0.0,
ENG-Premier League,2223,2023-02-18 Chelsea-Southampton,Chelsea,Kepa Arrizabalaga,True,Goalkeeper,1,start,end,1.0,0.0,0.0,0.0,0.0,0.0,1.0,1.0,3.0,7.0,0.0,0.0,0.0,0.0,
ENG-Premier League,2223,2023-02-18 Chelsea-Southampton,Southampton,Gavin Bazunu,False,Goalkeeper,1,start,end,1.0,0.0,1.0,0.0,0.0,0.0,0.0,0.0,4.0,16.0,0.0,0.0,0.0,0.0,
ENG-Premier League,2223,2023-02-18 Everton-Leeds United,Everton,Jordan Pickford,True,Goalkeeper,1,start,end,1.0,0.0,0.0,0.0,0.0,0.0,0.0,0.0,1.0,8.0,0.0,0.0,0.0,0.0,
ENG-Premier League,2223,2023-02-18 Everton-Leeds United,Leeds United,Illan Meslier,False,Goalkeeper,1,start,end,1.0,0.0,1.0,0.0,0.0,0.0,0.0,1.0,3.0,14.0,0.0,0.0,0.0,0.0,
ENG-Premier League,2223,2023-02-18 Newcastle United-Liverpool,Liverpool,Alisson Becker,False,Goalkeeper,1,start,end,1.0,0.0,0.0,0.0,0.0,0.0,0.0,0.0,4.0,13.0,0.0,0.0,0.0,0.0,
ENG-Premier League,2223,2023-02-18 Newcastle United-Liverpool,Newcastle United,Nick Pope,True,Goalkeeper,1,start,end,1.0,0.0,0.0,0.0,1.0,0.0,0.0,2.0,0.0,10.0,0.0,0.0,0.0,0.0,
ENG-Premier League,2223,2023-02-18 Nottingham Forest-Manchester City,Manchester City,Ederson,False,Goalkeeper,1,start,end,1.0,0.0,0.0,0.0,0.0,0.0,0.0,1.0,0.0,3.0,0.0,0.0,0.0,0.0,
ENG-Premier League,2223,2023-02-18 Nottingham Forest-Manchester City,Nottingham Forest,Keylor Navas,True,Goalkeeper,1,start,end,1.0,0.0,0.0,0.0,0.0,0.0,0.0,1.0,5.0,20.0,0.0,0.0,0.0,0.0,
ENG-Premier League,2223,2023-02-18 Wolverhampton Wanderers-AFC Bournemouth,AFC Bournemouth,Neto,False,Goalkeeper,1,start,end,1.0,0.0,0.0,0.0,0.0,0.0,0.0,0.0,4.0,13.0,0.0,0.0,0.0,0.0,
ENG-Premier League,2223,2023-02-18 Wolverhampton Wanderers-AFC Bournemouth,Wolverhampton Wanderers,José Sá,True,Goalkeeper,1,start,end,1.0,0.0,0.0,0.0,0.0,0.0,0.0,1.0,0.0,4.0,0.0,0.0,0.0,0.0,
ENG-Premier League,2223,2023-02-19 Manchester United-Leicester City,Leicester City,Danny Ward,False,Goalkeeper,1,start,end,1.0,0.0,0.0,0.0,0.0,0.0,0.0,3.0,5.0,22.0,0.0,0.0,0.0,0.0,
ENG-Premier League,2223,2023-02-19 Manchester United-Leicester City,Manchester United,David de Gea,True,Goalkeeper,1,start,end,1.0,0.0,0.0,0.0,0.0,0.0,0.0,0.0,3.0,18.0,0.0,0.0,0.0,0.0,
ENG-Premier League,2223,2023-02-19 Tottenham Hotspur-West Ham United,Tottenham Hotspur,Fraser Forster,True,Goalkeeper,1,start,end,1.0,0.0,0.0,0.0,0.0,0.0,0.0,0.0,1.0,7.0,0.0,0.0,0.0,0.0,
ENG-Premier League,2223,2023-02-19 Tottenham Hotspur-West Ham United,West Ham United,Lukasz Fabianski,False,Goalkeeper,1,start,end,1.0,0.0,1.0,0.0,0.0,0.0,0.0,2.0,4.0,14.0,0.0,0.0,0.0,0.0,
ENG-Premier League,2223,2023-02-24 Fulham-Wolverhampton Wanderers,Fulham,Bernd Leno,True,Goalkeeper,1,start,end,1.0,0.0,0.0,0.0,0.0,0.0,0.0,1.0,1.0,7.0,0.0,0.0,0.0,0.0,
ENG-Premier League,2223,2023-02-24 Fulham-Wolverhampton Wanderers,Wolverhampton Wanderers,José Sá,False,Goalkeeper,1,start,end,1.0,0.0,0.0,0.0,0.0,0.0,0.0,1.0,4.0,9.0,0.0,0.0,0.0,0.0,
ENG-Premier League,2223,2023-02-25 AFC Bournemouth-Manchester City,AFC Bournemouth,Neto,True,Goalkeeper,1,start,end,1.0,0.0,0.0,0.0,0.0,0.0,0.0,3.0,2.0,17.0,0.0,0.0,0.0,0.0,
ENG-Premier League,2223,2023-02-25 AFC Bournemouth-Manchester City,Manchester City,Ederson,False,Goalkeeper,1,start,end,1.0,0.0,0.0,0.0,0.0,0.0,0.0,1.0,1.0,10.0,0.0,0.0,0.0,0.0,
ENG-Premier League,2223,2023-02-25 Crystal Palace-Liverpool,Crystal Palace,Vicente Guaita,True,Goalkeeper,1,start,end,1.0,0.0,0.0,0.0,0.0,0.0,0.0,0.0,4.0,11.0,0.0,0.0,0.0,0.0,
ENG-Premier League,2223,2023-02-25 Crystal Palace-Liverpool,Liverpool,Alisson Becker,False,Goalkeeper,1,start,end,1.0,0.0,1.0,0.0,0.0,0.0,0.0,0.0,1.0,6.0,0.0,0.0,0.0,0.0,
ENG-Premier League,2223,2023-02-25 Everton-Aston Villa,Aston Villa,Emiliano Martínez,False,Goalkeeper,1,start,end,1.0,0.0,0.0,0.0,0.0,0.0,1.0,0.0,4.0,15.0,0.0,0.0,0.0,0.0,
ENG-Premier League,2223,2023-02-25 Everton-Aston Villa,Everton,Jordan Pickford,True,Goalkeeper,1,start,end,1.0,0.0,0.0,0.0,0.0,0.0,0.0,2.0,3.0,7.0,0.0,0.0,0.0,0.0,
ENG-Premier League,2223,2023-02-25 Leeds United-Southampton,Leeds United,Illan Meslier,True,Goalkeeper,1,start,end,1.0,0.0,0.0,0.0,0.0,0.0,0.0,0.0,2.0,7.0,0.0,0.0,0.0,0.0,
ENG-Premier League,2223,2023-02-25 Leeds United-Southampton,Southampton,Gavin Bazunu,False,Goalkeeper,1,start,end,1.0,0.0,1.0,0.0,0.0,0.0,0.0,1.0,3.0,13.0,0.0,0.0,0.0,0.0,
ENG-Premier League,2223,2023-02-25 Leicester City-Arsenal,Arsenal,Aaron Ramsdale,False,Goalkeeper,1,start,end,1.0,0.0,0.0,0.0,0.0,0.0,0.0,0.0,0.0,1.0,0.0,0.0,0.0,0.0,
ENG-Premier League,2223,2023-02-25 Leicester City-Arsenal,Leicester City,Danny Ward,True,Goalkeeper,1,start,end,1.0,0.0,1.0,0.0,0.0,0.0,0.0,1.0,1.0,9.0,0.0,0.0,0.0,0.0,
ENG-Premier League,2223,2023-02-25 West Ham United-Nottingham Forest,Nottingham Forest,Keylor Navas,False,Goalkeeper,1,start,end,1.0,0.0,0.0,0.0,0.0,0.0,0.0,4.0,1.0,14.0,0.0,0.0,0.0,0.0,
ENG-Premier League,2223,2023-02-25 West Ham United-Nottingham Forest,West Ham United,Lukasz Fabianski,True,Goalkeeper,1,start,69,1.0,0.0,0.0,0.0,0.0,0.0,0.0,0.0,2.0,6.0,0.0,0.0,0.0,0.0,
ENG-Premier League,2223,2023-02-26 Tottenham Hotspur-Chelsea,Chelsea,Kepa Arrizabalaga,False,Goalkeeper,1,start,end,1.0,0.0,1.0,0.0,0.0,0.0,0.0,2.0,1.0,5.0,0.0,0.0,0.0,0.0,
ENG-Premier League,2223,2023-02-26 Tottenham Hotspur-Chelsea,Tottenham Hotspur,Fraser Forster,True,Goalkeeper,1,start,end,1.0,0.0,0.0,0.0,0.0,0.0,0.0,0.0,2.0,10.0,0.0,0.0,0.0,0.0,
ENG-Premier League,2223,2023-03-01 Arsenal-Everton,Arsenal,Aaron Ramsdale,True,Goalkeeper,1,start,end,1.0,0.0,0.0,0.0,0.0,0.0,0.0,0.0,5.0,8.0,0.0,0.0,0.0,0.0,
ENG-Premier League,2223,2023-03-01 Arsenal-Everton,Everton,Jordan Pickford,False,Goalkeeper,1,start,end,1.0,0.0,0.0,0.0,0.0,0.0,0.0,4.0,1.0,11.0,0.0,0.0,0.0,0.0,
ENG-Premier League,2223,2023-03-01 Liverpool-Wolverhampton Wanderers,Liverpool,Alisson Becker,True,Goalkeeper,1,start,end,1.0,0.0,0.0,0.0,0.0,0.0,0.0,0.0,1.0,4.0,0.0,0.0,0.0,0.0,
ENG-Premier League,2223,2023-03-01 Liverpool-Wolverhampton Wanderers,Wolverhampton Wanderers,José Sá,False,Goalkeeper,1,start,end,1.0,0.0,0.0,0.0,0.0,0.0,0.0,2.0,4.0,10.0,0.0,0.0,0.0,0.0,
ENG-Premier League,2223,2023-03-04 Arsenal-AFC Bournemouth,AFC Bournemouth,Neto,False,Goalkeeper,1,start,end,1.0,0.0,0.0,0.0,0.0,0.0,1.0,3.0,6.0,26.0,0.0,0.0,0.0,0.0,
ENG-Premier League,2223,2023-03-04 Arsenal-AFC Bournemouth,Arsenal,Aaron Ramsdale,True,Goalkeeper,1,start,end,1.0,0.0,0.0,0.0,0.0,0.0,0.0,2.0,2.0,2.0,0.0,0.0,0.0,0.0,
ENG-Premier League,2223,2023-03-04 Aston Villa-Crystal Palace,Aston Villa,Emiliano Martínez,True,Goalkeeper,1,start,end,1.0,0.0,1.0,0.0,0.0,0.0,0.0,0.0,0.0,3.0,0.0,0.0,0.0,0.0,
ENG-Premier League,2223,2023-03-04 Aston Villa-Crystal Palace,Crystal Palace,Vicente Guaita,False,Goalkeeper,1,start,end,1.0,0.0,0.0,0.0,0.0,0.0,0.0,0.0,1.0,8.0,0.0,0.0,0.0,0.0,
ENG-Premier League,2223,2023-03-04 Brighton & Hove Albion-West Ham United,Brighton & Hove Albion,Jason Steele,True,Goalkeeper,1,start,end,1.0,0.0,0.0,0.0,0.0,0.0,0.0,0.0,2.0,3.0,0.0,0.0,0.0,0.0,
ENG-Premier League,2223,2023-03-04 Brighton & Hove Albion-West Ham United,West Ham United,Alphonse Areola,False,Goalkeeper,1,start,end,1.0,0.0,0.0,0.0,0.0,0.0,0.0,4.0,5.0,16.0,0.0,0.0,0.0,0.0,
ENG-Premier League,2223,2023-03-04 Chelsea-Leeds United,Chelsea,Kepa Arrizabalaga,True,Goalkeeper,1,start,end,1.0,0.0,0.0,0.0,0.0,0.0,0.0,0.0,2.0,11.0,0.0,0.0,0.0,0.0,
ENG-Premier League,2223,2023-03-04 Chelsea-Leeds United,Leeds United,Illan Meslier,False,Goalkeeper,1,start,end,1.0,0.0,0.0,0.0,0.0,0.0,0.0,1.0,2.0,12.0,0.0,1.0,0.0,1.0,
ENG-Premier League,2223,2023-03-04 Manchester City-Newcastle United,Manchester City,Ederson,True,Goalkeeper,1,start,end,1.0,0.0,0.0,0.0,0.0,0.0,0.0,0.0,2.0,5.0,0.0,0.0,0.0,0.0,
ENG-Premier League,2223,2023-03-04 Manchester City-Newcastle United,Newcastle United,Nick Pope,False,Goalkeeper,1,start,end,1.0,0.0,0.0,0.0,0.0,0.0,0.0,2.0,1.0,9.0,0.0,0.0,0.0,0.0,
ENG-Premier League,2223,2023-03-04 Southampton-Leicester City,Leicester City,Danny Ward,False,Goalkeeper,1,start,end,1.0,0.0,0.0,0.0,0.0,0.0,0.0,1.0,3.0,9.0,0.0,0.0,0.0,0.0,
ENG-Premier League,2223,2023-03-04 Southampton-Leicester City,Southampton,Gavin Bazunu,True,Goalkeeper,1,start,end,1.0,0.0,0.0,0.0,0.0,0.0,0.0,0.0,0.0,12.0,0.0,0.0,0.0,0.0,
ENG-Premier League,2223,2023-03-04 Wolverhampton Wanderers-Tottenham Hotspur,Tottenham Hotspur,Fraser Forster,False,Goalkeeper,1,start,end,1.0,0.0,0.0,0.0,0.0,0.0,0.0,1.0,4.0,7.0,0.0,0.0,0.0,0.0,
ENG-Premier League,2223,2023-03-04 Wolverhampton Wanderers-Tottenham Hotspur,Wolverhampton Wanderers,José Sá,True,Goalkeeper,1,start,end,1.0,0.0,0.0,0.0,0.0,0.0,0.0,0.0,6.0,21.0,0.0,0.0,0.0,0.0,
ENG-Premier League,2223,2023-03-05 Liverpool-Manchester United,Liverpool,Alisson Becker,True,Goalkeeper,1,start,end,1.0,0.0,0.0,0.0,0.0,0.0,0.0,0.0,4.0,8.0,0.0,0.0,0.0,0.0,
ENG-Premier League,2223,2023-03-05 Liverpool-Manchester United,Manchester United,David de Gea,False,Goalkeeper,1,start,end,1.0,0.0,0.0,0.0,0.0,0.0,0.0,7.0,1.0,11.0,0.0,0.0,0.0,0.0,
ENG-Premier League,2223,2023-03-05 Nottingham Forest-Everton,Everton,Jordan Pickford,False,Goalkeeper,1,start,end,1.0,0.0,1.0,0.0,0.0,0.0,0.0,2.0,2.0,8.0,0.0,0.0,0.0,0.0,
ENG-Premier League,2223,2023-03-05 Nottingham Forest-Everton,Nottingham Forest,Keylor Navas,True,Goalkeeper,1,start,end,1.0,0.0,0.0,0.0,0.0,0.0,0.0,2.0,1.0,7.0,0.0,0.0,0.0,0.0,
ENG-Premier League,2223,2023-03-06 Brentford-Fulham,Brentford,David Raya,True,Goalkeeper,1,start,end,1.0,0.0,0.0,0.0,0.0,0.0,0.0,2.0,3.0,6.0,0.0,0.0,0.0,0.0,
ENG-Premier League,2223,2023-03-06 Brentford-Fulham,Fulham,Bernd Leno,False,Goalkeeper,1,start,end,1.0,0.0,0.0,0.0,0.0,0.0,0.0,3.0,3.0,11.0,0.0,0.0,0.0,0.0,
ENG-Premier League,2223,2023-03-11 AFC Bournemouth-Liverpool,AFC Bournemouth,Neto,True,Goalkeeper,1,start,end,1.0,0.0,0.0,0.0,0.0,0.0,0.0,0.0,5.0,0.0,0.0,0.0,0.0,0.0,
ENG-Premier League,2223,2023-03-11 AFC Bournemouth-Liverpool,Liverpool,Alisson Becker,False,Goalkeeper,1,start,end,1.0,0.0,0.0,0.0,0.0,0.0,0.0,1.0,1.0,0.0,0.0,0.0,0.0,0.0,
ENG-Premier League,2223,2023-03-11 Crystal Palace-Manchester City,Crystal Palace,Vicente Guaita,True,Goalkeeper,1,start,end,1.0,0.0,0.0,0.0,0.0,0.0,0.0,1.0,3.0,12.0,0.0,0.0,0.0,0.0,
ENG-Premier League,2223,2023-03-11 Crystal Palace-Manchester City,Manchester City,Ederson,False,Goalkeeper,1,start,end,1.0,0.0,0.0,0.0,0.0,0.0,0.0,0.0,0.0,5.0,0.0,0.0,0.0,0.0,
ENG-Premier League,2223,2023-03-11 Everton-Brentford,Brentford,David Raya,False,Goalkeeper,1,start,end,1.0,0.0,0.0,0.0,0.0,0.0,0.0,1.0,5.0,12.0,0.0,0.0,0.0,1.0,
ENG-Premier League,2223,2023-03-11 Everton-Brentford,Everton,Jordan Pickford,True,Goalkeeper,1,start,end,1.0,0.0,0.0,0.0,0.0,0.0,0.0,0.0,3.0,11.0,0.0,0.0,0.0,0.0,
ENG-Premier League,2223,2023-03-11 Leeds United-Brighton & Hove Albion,Brighton & Hove Albion,Jason Steele,False,Goalkeeper,1,start,end,1.0,0.0,0.0,0.0,0.0,0.0,0.0,2.0,2.0,9.0,0.0,0.0,0.0,0.0,
ENG-Premier League,2223,2023-03-11 Leeds United-Brighton & Hove Albion,Leeds United,Illan Meslier,True,Goalkeeper,1,start,end,1.0,0.0,0.0,0.0,0.0,0.0,0.0,2.0,2.0,13.0,0.0,0.0,0.0,0.0,
ENG-Premier League,2223,2023-03-11 Leicester City-Chelsea,Chelsea,Kepa Arrizabalaga,False,Goalkeeper,1,start,end,1.0,0.0,0.0,0.0,0.0,0.0,0.0,1.0,5.0,15.0,0.0,0.0,0.0,0.0,
ENG-Premier League,2223,2023-03-11 Leicester City-Chelsea,Leicester City,Danny Ward,True,Goalkeeper,1,start,end,1.0,0.0,0.0,0.0,0.0,0.0,0.0,3.0,3.0,10.0,0.0,0.0,0.0,0.0,
ENG-Premier League,2223,2023-03-11 Tottenham Hotspur-Nottingham Forest,Nottingham Forest,Keylor Navas,False,Goalkeeper,1,start,end,1.0,0.0,0.0,0.0,0.0,0.0,0.0,3.0,4.0,11.0,0.0,0.0,0.0,0.0,
ENG-Premier League,2223,2023-03-11 Tottenham Hotspur-Nottingham Forest,Tottenham Hotspur,Fraser Forster,True,Goalkeeper,1,start,end,1.0,0.0,0.0,0.0,0.0,0.0,0.0,1.0,3.0,7.0,0.0,0.0,0.0,0.0,
ENG-Premier League,2223,2023-03-12 Fulham-Arsenal,Arsenal,Aaron Ramsdale,False,Goalkeeper,1,start,end,1.0,0.0,0.0,0.0,0.0,0.0,0.0,0.0,2.0,11.0,0.0,0.0,0.0,0.0,
ENG-Premier League,2223,2023-03-12 Fulham-Arsenal,Fulham,Bernd Leno,True,Goalkeeper,1,start,end,1.0,0.0,0.0,0.0,0.0,0.0,0.0,3.0,4.0,12.0,0.0,0.0,0.0,0.0,
ENG-Premier League,2223,2023-03-12 Manchester United-Southampton,Manchester United,David de Gea,True,Goalkeeper,1,start,end,1.0,0.0,0.0,0.0,0.0,0.0,0.0,0.0,4.0,17.0,0.0,0.0,0.0,0.0,
ENG-Premier League,2223,2023-03-12 Manchester United-Southampton,Southampton,Gavin Bazunu,False,Goalkeeper,1,start,end,1.0,0.0,0.0,0.0,0.0,0.0,0.0,0.0,4.0,9.0,0.0,0.0,0.0,0.0,
ENG-Premier League,2223,2023-03-12 Newcastle United-Wolverhampton Wanderers,Newcastle United,Nick Pope,True,Goalkeeper,1,start,end,1.0,0.0,0.0,0.0,0.0,0.0,0.0,1.0,3.0,5.0,0.0,0.0,0.0,0.0,
ENG-Premier League,2223,2023-03-12 Newcastle United-Wolverhampton Wanderers,Wolverhampton Wanderers,José Sá,False,Goalkeeper,1,start,end,1.0,0.0,1.0,0.0,0.0,0.0,0.0,2.0,6.0,15.0,0.0,0.0,0.0,0.0,
ENG-Premier League,2223,2023-03-12 West Ham United-Aston Villa,Aston Villa,Emiliano Martínez,False,Goalkeeper,1,start,end,1.0,0.0,0.0,0.0,0.0,0.0,0.0,1.0,4.0,12.0,0.0,0.0,0.0,0.0,
ENG-Premier League,2223,2023-03-12 West Ham United-Aston Villa,West Ham United,Alphonse Areola,True,Goalkeeper,1,start,end,1.0,0.0,0.0,0.0,0.0,0.0,0.0,1.0,3.0,10.0,0.0,0.0,0.0,0.0,
ENG-Premier League,2223,2023-03-15 Brighton & Hove Albion-Crystal Palace,Brighton & Hove Albion,Jason Steele,True,Goalkeeper,1,start,end,1.0,0.0,0.0,0.0,0.0,0.0,0.0,0.0,3.0,11.0,0.0,0.0,0.0,0.0,
ENG-Premier League,2223,2023-03-15 Brighton & Hove Albion-Crystal Palace,Crystal Palace,Joseph Whitworth,False,Goalkeeper,1,start,end,1.0,0.0,0.0,0.0,0.0,0.0,0.0,1.0,4.0,10.0,0.0,0.0,0.0,0.0,
ENG-Premier League,2223,2023-03-15 Southampton-Brentford,Brentford,David Raya,False,Goalkeeper,1,start,end,1.0,0.0,1.0,0.0,0.0,0.0,0.0,0.0,0.0,7.0,0.0,0.0,0.0,0.0,
ENG-Premier League,2223,2023-03-15 Southampton-Brentford,Southampton,Gavin Bazunu,True,Goalkeeper,1,start,end,1.0,0.0,0.0,0.0,0.0,0.0,0.0,2.0,2.0,8.0,0.0,0.0,0.0,0.0,
ENG-Premier League,2223,2023-03-17 Nottingham Forest-Newcastle United,Newcastle United,Nick Pope,False,Goalkeeper,1,start,end,1.0,0.0,1.0,0.0,0.0,0.0,0.0,1.0,2.0,4.0,0.0,0.0,0.0,0.0,
ENG-Premier League,2223,2023-03-17 Nottingham Forest-Newcastle United,Nottingham Forest,Keylor Navas,True,Goalkeeper,1,start,end,1.0,0.0,0.0,0.0,0.0,0.0,1.0,2.0,2.0,12.0,0.0,0.0,0.0,0.0,
ENG-Premier League,2223,2023-03-18 Aston Villa-AFC Bournemouth,AFC Bournemouth,Neto,False,Goalkeeper,1,start,end,1.0,0.0,0.0,0.0,0.0,0.0,0.0,3.0,6.0,16.0,0.0,0.0,0.0,0.0,
ENG-Premier League,2223,2023-03-18 Aston Villa-AFC Bournemouth,Aston Villa,Emiliano Martínez,True,Goalkeeper,1,start,end,1.0,0.0,0.0,0.0,0.0,0.0,0.0,0.0,3.0,10.0,0.0,0.0,0.0,0.0,
ENG-Premier League,2223,2023-03-18 Brentford-Leicester City,Brentford,David Raya,True,Goalkeeper,1,start,end,1.0,0.0,0.0,0.0,0.0,0.0,0.0,1.0,0.0,11.0,0.0,0.0,0.0,0.0,
ENG-Premier League,2223,2023-03-18 Brentford-Leicester City,Leicester City,Daniel Iversen,False,Goalkeeper,1,start,end,1.0,0.0,0.0,0.0,0.0,0.0,0.0,1.0,1.0,10.0,0.0,0.0,0.0,0.0,
ENG-Premier League,2223,2023-03-18 Chelsea-Everton,Chelsea,Kepa Arrizabalaga,True,Goalkeeper,1,start,end,1.0,0.0,0.0,0.0,0.0,0.0,0.0,2.0,1.0,9.0,0.0,0.0,0.0,0.0,
ENG-Premier League,2223,2023-03-18 Chelsea-Everton,Everton,Jordan Pickford,False,Goalkeeper,1,start,end,1.0,0.0,0.0,0.0,0.0,0.0,0.0,2.0,5.0,18.0,0.0,0.0,0.0,0.0,
ENG-Premier League,2223,2023-03-18 Southampton-Tottenham Hotspur,Southampton,Gavin Bazunu,True,Goalkeeper,1,start,end,1.0,0.0,0.0,0.0,0.0,0.0,0.0,3.0,0.0,14.0,0.0,0.0,0.0,0.0,
ENG-Premier League,2223,2023-03-18 Southampton-Tottenham Hotspur,Tottenham Hotspur,Fraser Forster,False,Goalkeeper,1,start,end,1.0,0.0,1.0,0.0,0.0,0.0,0.0,3.0,4.0,15.0,0.0,0.0,0.0,0.0,
ENG-Premier League,2223,2023-03-18 Wolverhampton Wanderers-Leeds United,Leeds United,Illan Meslier,False,Goalkeeper,1,start,end,1.0,0.0,0.0,0.0,0.0,0.0,1.0,2.0,6.0,21.0,0.0,0.0,0.0,0.0,
ENG-Premier League,2223,2023-03-18 Wolverhampton Wanderers-Leeds United,Wolverhampton Wanderers,José Sá,True,Goalkeeper,1,start,end,1.0,0.0,0.0,0.0,0.0,0.0,0.0,4.0,0.0,6.0,0.0,0.0,0.0,0.0,
ENG-Premier League,2223,2023-03-19 Arsenal-Crystal Palace,Arsenal,Aaron Ramsdale,True,Goalkeeper,1,start,end,1.0,0.0,0.0,0.0,0.0,0.0,0.0,1.0,4.0,7.0,0.0,0.0,0.0,0.0,
ENG-Premier League,2223,2023-03-19 Arsenal-Crystal Palace,Crystal Palace,Joseph Whitworth,False,Goalkeeper,1,start,end,1.0,0.0,0.0,0.0,0.0,0.0,0.0,4.0,1.0,11.0,0.0,0.0,0.0,0.0,
ENG-Premier League,2223,2023-04-01 AFC Bournemouth-Fulham,AFC Bournemouth,Neto,True,Goalkeeper,1,start,end,1.0,0.0,0.0,0.0,0.0,0.0,0.0,1.0,1.0,10.0,0.0,0.0,0.0,0.0,
ENG-Premier League,2223,2023-04-01 AFC Bournemouth-Fulham,Fulham,Bernd Leno,False,Goalkeeper,1,start,end,1.0,0.0,0.0,0.0,0.0,0.0,0.0,2.0,4.0,10.0,0.0,0.0,0.0,0.0,
ENG-Premier League,2223,2023-04-01 Arsenal-Leeds United,Arsenal,Aaron Ramsdale,True,Goalkeeper,1,start,end,1.0,0.0,0.0,0.0,0.0,0.0,0.0,1.0,4.0,6.0,0.0,0.0,0.0,0.0,
ENG-Premier League,2223,2023-04-01 Arsenal-Leeds United,Leeds United,Illan Meslier,False,Goalkeeper,1,start,end,1.0,0.0,1.0,0.0,0.0,0.0,0.0,4.0,1.0,9.0,0.0,0.0,0.0,0.0,
ENG-Premier League,2223,2023-04-01 Brighton & Hove Albion-Brentford,Brentford,David Raya,False,Goalkeeper,1,start,end,1.0,0.0,1.0,0.0,0.0,0.0,0.0,3.0,11.0,29.0,0.0,0.0,0.0,0.0,
ENG-Premier League,2223,2023-04-01 Brighton & Hove Albion-Brentford,Brighton & Hove Albion,Jason Steele,True,Goalkeeper,1,start,end,1.0,0.0,0.0,0.0,0.0,0.0,0.0,3.0,2.0,4.0,1.0,0.0,0.0,0.0,
ENG-Premier League,2223,2023-04-01 Chelsea-Aston Villa,Aston Villa,Emiliano Martínez,False,Goalkeeper,1,start,end,1.0,0.0,1.0,0.0,0.0,0.0,0.0,0.0,7.0,27.0,0.0,0.0,0.0,0.0,
ENG-Premier League,2223,2023-04-01 Chelsea-Aston Villa,Chelsea,Kepa Arrizabalaga,True,Goalkeeper,1,start,end,1.0,0.0,0.0,0.0,0.0,0.0,0.0,2.0,0.0,3.0,0.0,0.0,0.0,0.0,
ENG-Premier League,2223,2023-04-01 Crystal Palace-Leicester City,Crystal Palace,Vicente Guaita,True,Goalkeeper,1,start,end,1.0,0.0,0.0,0.0,0.0,0.0,0.0,1.0,1.0,2.0,0.0,0.0,0.0,0.0,
ENG-Premier League,2223,2023-04-01 Crystal Palace-Leicester City,Leicester City,Daniel Iversen,False,Goalkeeper,1,start,end,1.0,0.0,0.0,1.0,0.0,0.0,0.0,1.0,8.0,29.0,0.0,1.0,0.0,1.0,
ENG-Premier League,2223,2023-04-01 Manchester City-Liverpool,Liverpool,Alisson Becker,False,Goalkeeper,1,start,end,1.0,0.0,0.0,0.0,0.0,0.0,0.0,4.0,4.0,12.0,0.0,0.0,0.0,0.0,
ENG-Premier League,2223,2023-04-01 Manchester City-Liverpool,Manchester City,Ederson,True,Goalkeeper,1,start,end,1.0,0.0,0.0,0.0,0.0,0.0,0.0,1.0,0.0,3.0,0.0,0.0,0.0,0.0,
ENG-Premier League,2223,2023-04-01 Nottingham Forest-Wolverhampton Wanderers,Nottingham Forest,Keylor Navas,True,Goalkeeper,1,start,end,1.0,0.0,0.0,0.0,0.0,0.0,0.0,1.0,0.0,7.0,0.0,0.0,0.0,0.0,
ENG-Premier League,2223,2023-04-01 Nottingham Forest-Wolverhampton Wanderers,Wolverhampton Wanderers,José Sá,False,Goalkeeper,1,start,end,1.0,0.0,0.0,0.0,0.0,0.0,0.0,1.0,6.0,15.0,0.0,0.0,0.0,0.0,
ENG-Premier League,2223,2023-04-02 Newcastle United-Manchester United,Manchester United,David de Gea,False,Goalkeeper,1,start,end,1.0,0.0,0.0,0.0,0.0,0.0,0.0,2.0,4.0,19.0,0.0,0.0,0.0,0.0,
ENG-Premier League,2223,2023-04-02 Newcastle United-Manchester United,Newcastle United,Nick Pope,True,Goalkeeper,1,start,end,1.0,0.0,0.0,0.0,0.0,0.0,0.0,0.0,1.0,7.0,0.0,0.0,0.0,0.0,
ENG-Premier League,2223,2023-04-02 West Ham United-Southampton,Southampton,Gavin Bazunu,False,Goalkeeper,1,start,end,1.0,0.0,0.0,0.0,0.0,0.0,0.0,1.0,2.0,10.0,0.0,0.0,0.0,0.0,
ENG-Premier League,2223,2023-04-02 West Ham United-Southampton,West Ham United,Lukasz Fabianski,True,Goalkeeper,1,start,end,1.0,0.0,0.0,0.0,0.0,0.0,0.0,0.0,3.0,9.0,0.0,0.0,0.0,0.0,
ENG-Premier League,2223,2023-04-03 Everton-Tottenham Hotspur,Everton,Jordan Pickford,True,Goalkeeper,1,start,end,1.0,0.0,0.0,0.0,0.0,0.0,0.0,1.0,0.0,7.0,0.0,0.0,0.0,0.0,
ENG-Premier League,2223,2023-04-03 Everton-Tottenham Hotspur,Tottenham Hotspur,Hugo Lloris,False,Goalkeeper,1,start,end,1.0,0.0,0.0,0.0,0.0,0.0,0.0,1.0,5.0,14.0,0.0,0.0,0.0,0.0,
ENG-Premier League,2223,2023-04-04 AFC Bournemouth-Brighton & Hove Albion,AFC Bournemouth,Neto,True,Goalkeeper,1,start,end,1.0,0.0,0.0,0.0,0.0,0.0,0.0,2.0,4.0,14.0,0.0,0.0,0.0,0.0,
ENG-Premier League,2223,2023-04-04 AFC Bournemouth-Brighton & Hove Albion,Brighton & Hove Albion,Jason Steele,False,Goalkeeper,1,start,end,1.0,0.0,0.0,0.0,0.0,0.0,1.0,0.0,3.0,12.0,0.0,0.0,0.0,0.0,
ENG-Premier League,2223,2023-04-04 Chelsea-Liverpool,Chelsea,Kepa Arrizabalaga,True,Goalkeeper,1,start,end,1.0,0.0,0.0,0.0,0.0,0.0,0.0,0.0,3.0,7.0,0.0,0.0,0.0,0.0,
ENG-Premier League,2223,2023-04-04 Chelsea-Liverpool,Liverpool,Alisson Becker,False,Goalkeeper,1,start,end,1.0,0.0,0.0,0.0,0.0,0.0,0.0,0.0,2.0,12.0,0.0,0.0,0.0,0.0,
ENG-Premier League,2223,2023-04-04 Leeds United-Nottingham Forest,Leeds United,Illan Meslier,True,Goalkeeper,1,start,end,1.0,0.0,0.0,0.0,0.0,0.0,0.0,1.0,0.0,11.0,0.0,0.0,0.0,0.0,
ENG-Premier League,2223,2023-04-04 Leeds United-Nottingham Forest,Nottingham Forest,Keylor Navas,False,Goalkeeper,1,start,end,1.0,0.0,0.0,0.0,0.0,0.0,0.0,2.0,4.0,18.0,0.0,0.0,0.0,0.0,
ENG-Premier League,2223,2023-04-04 Leicester City-Aston Villa,Aston Villa,Emiliano Martínez,False,Goalkeeper,1,start,end,1.0,0.0,0.0,0.0,0.0,0.0,0.0,1.0,3.0,8.0,0.0,0.0,0.0,0.0,
ENG-Premier League,2223,2023-04-04 Leicester City-Aston Villa,Leicester City,Daniel Iversen,True,Goalkeeper,1,start,end,1.0,0.0,0.0,0.0,0.0,0.0,0.0,2.0,3.0,13.0,0.0,0.0,0.0,0.0,
ENG-Premier League,2223,2023-04-05 Manchester United-Brentford,Brentford,David Raya,False,Goalkeeper,1,start,end,1.0,0.0,0.0,0.0,0.0,0.0,0.0,1.0,2.0,19.0,0.0,0.0,0.0,0.0,
ENG-Premier League,2223,2023-04-05 Manchester United-Brentford,Manchester United,David de Gea,True,Goalkeeper,1,start,end,1.0,0.0,0.0,0.0,0.0,0.0,0.0,0.0,1.0,6.0,0.0,0.0,0.0,0.0,
ENG-Premier League,2223,2023-04-05 West Ham United-Newcastle United,Newcastle United,Nick Pope,False,Goalkeeper,1,start,end,1.0,0.0,0.0,0.0,0.0,0.0,0.0,1.0,1.0,5.0,0.0,0.0,0.0,0.0,
ENG-Premier League,2223,2023-04-05 West Ham United-Newcastle United,West Ham United,Lukasz Fabianski,True,Goalkeeper,1,start,end,1.0,0.0,0.0,0.0,0.0,0.0,0.0,5.0,2.0,10.0,0.0,0.0,0.0,0.0,
ENG-Premier League,2223,2023-04-08 Aston Villa-Nottingham Forest,Aston Villa,Emiliano Martínez,True,Goalkeeper,1,start,end,1.0,0.0,0.0,0.0,0.0,0.0,0.0,0.0,2.0,6.0,0.0,0.0,0.0,0.0,
ENG-Premier League,2223,2023-04-08 Aston Villa-Nottingham Forest,Nottingham Forest,Keylor Navas,False,Goalkeeper,1,start,end,1.0,0.0,0.0,0.0,0.0,0.0,0.0,2.0,1.0,6.0,0.0,0.0,0.0,0.0,
ENG-Premier League,2223,2023-04-08 Brentford-Newcastle United,Brentford,David Raya,True,Goalkeeper,1,start,end,1.0,0.0,1.0,1.0,0.0,0.0,0.0,1.0,3.0,8.0,0.0,1.0,0.0,1.0,
ENG-Premier League,2223,2023-04-08 Brentford-Newcastle United,Newcastle United,Nick Pope,False,Goalkeeper,1,start,end,1.0,0.0,0.0,0.0,0.0,0.0,0.0,1.0,4.0,10.0,0.0,0.0,0.0,0.0,
ENG-Premier League,2223,2023-04-08 Fulham-West Ham United,Fulham,Bernd Leno,True,Goalkeeper,1,start,end,1.0,0.0,0.0,0.0,0.0,0.0,0.0,0.0,5.0,9.0,0.0,0.0,0.0,0.0,
ENG-Premier League,2223,2023-04-08 Fulham-West Ham United,West Ham United,Lukasz Fabianski,False,Goalkeeper,1,start,end,1.0,0.0,0.0,0.0,0.0,0.0,0.0,0.0,3.0,16.0,0.0,0.0,0.0,0.0,
ENG-Premier League,2223,2023-04-08 Leicester City-AFC Bournemouth,AFC Bournemouth,Neto,False,Goalkeeper,1,start,end,1.0,0.0,0.0,0.0,0.0,0.0,0.0,0.0,4.0,13.0,0.0,0.0,0.0,0.0,
ENG-Premier League,2223,2023-04-08 Leicester City-AFC Bournemouth,Leicester City,Daniel Iversen,True,Goalkeeper,1,start,end,1.0,0.0,0.0,0.0,0.0,0.0,0.0,1.0,6.0,18.0,0.0,0.0,0.0,0.0,
ENG-Premier League,2223,2023-04-08 Manchester United-Everton,Everton,Jordan Pickford,False,Goalkeeper,1,start,end,1.0,0.0,0.0,0.0,0.0,0.0,0.0,2.0,9.0,25.0,0.0,0.0,0.0,0.0,
ENG-Premier League,2223,2023-04-08 Manchester United-Everton,Manchester United,David de Gea,True,Goalkeeper,1,start,end,1.0,0.0,0.0,0.0,0.0,0.0,0.0,0.0,1.0,14.0,0.0,0.0,0.0,0.0,
ENG-Premier League,2223,2023-04-08 Southampton-Manchester City,Manchester City,Ederson,False,Goalkeeper,1,start,end,1.0,0.0,0.0,0.0,0.0,0.0,0.0,1.0,0.0,3.0,0.0,0.0,0.0,0.0,
ENG-Premier League,2223,2023-04-08 Southampton-Manchester City,Southampton,Gavin Bazunu,True,Goalkeeper,1,start,end,1.0,0.0,0.0,0.0,0.0,0.0,0.0,4.0,4.0,8.0,0.0,0.0,0.0,0.0,
ENG-Premier League,2223,2023-04-08 Tottenham Hotspur-Brighton & Hove Albion,Brighton & Hove Albion,Jason Steele,False,Goalkeeper,1,start,end,1.0,0.0,0.0,0.0,0.0,0.0,0.0,2.0,1.0,7.0,0.0,0.0,0.0,0.0,
ENG-Premier League,2223,2023-04-08 Tottenham Hotspur-Brighton & Hove Albion,Tottenham Hotspur,Hugo Lloris,True,Goalkeeper,1,start,end,1.0,0.0,0.0,0.0,0.0,0.0,0.0,1.0,3.0,15.0,0.0,0.0,0.0,0.0,
ENG-Premier League,2223,2023-04-08 Wolverhampton Wanderers-Chelsea,Chelsea,Kepa Arrizabalaga,False,Goalkeeper,1,start,end,1.0,0.0,0.0,0.0,0.0,0.0,0.0,1.0,3.0,8.0,0.0,0.0,0.0,0.0,
ENG-Premier League,2223,2023-04-08 Wolverhampton Wanderers-Chelsea,Wolverhampton Wanderers,José Sá,True,Goalkeeper,1,start,end,1.0,0.0,0.0,0.0,0.0,0.0,0.0,0.0,1.0,11.0,0.0,0.0,0.0,0.0,
ENG-Premier League,2223,2023-04-09 Leeds United-Crystal Palace,Crystal Palace,Sam Johnstone,False,Goalkeeper,1,start,end,1.0,0.0,0.0,0.0,0.0,0.0,0.0,1.0,7.0,10.0,0.0,0.0,0.0,0.0,
ENG-Premier League,2223,2023-04-09 Leeds United-Crystal Palace,Leeds United,Illan Meslier,True,Goalkeeper,1,start,end,1.0,0.0,1.0,0.0,0.0,0.0,0.0,5.0,2.0,11.0,0.0,0.0,0.0,0.0,
ENG-Premier League,2223,2023-04-09 Liverpool-Arsenal,Arsenal,Aaron Ramsdale,False,Goalkeeper,1,start,end,1.0,0.0,0.0,0.0,0.0,0.0,1.0,2.0,4.0,17.0,0.0,0.0,0.0,0.0,
ENG-Premier League,2223,2023-04-09 Liverpool-Arsenal,Liverpool,Alisson Becker,True,Goalkeeper,1,start,end,1.0,0.0,0.0,0.0,0.0,0.0,0.0,2.0,3.0,7.0,0.0,0.0,0.0,0.0,
ENG-Premier League,2223,2023-04-15 Aston Villa-Newcastle United,Aston Villa,Emiliano Martínez,True,Goalkeeper,1,start,end,1.0,0.0,0.0,0.0,0.0,0.0,0.0,0.0,2.0,8.0,0.0,0.0,0.0,0.0,
ENG-Premier League,2223,2023-04-15 Aston Villa-Newcastle United,Newcastle United,Nick Pope,False,Goalkeeper,1,start,end,1.0,0.0,1.0,0.0,0.0,0.0,0.0,3.0,3.0,13.0,0.0,0.0,0.0,0.0,
ENG-Premier League,2223,2023-04-15 Chelsea-Brighton & Hove Albion,Brighton & Hove Albion,Robert Sánchez,False,Goalkeeper,1,start,end,1.0,0.0,0.0,0.0,0.0,0.0,1.0,1.0,1.0,7.0,0.0,0.0,0.0,0.0,
ENG-Premier League,2223,2023-04-15 Chelsea-Brighton & Hove Albion,Chelsea,Kepa Arrizabalaga,True,Goalkeeper,1,start,end,1.0,0.0,0.0,0.0,0.0,0.0,0.0,2.0,10.0,21.0,0.0,0.0,0.0,0.0,
ENG-Premier League,2223,2023-04-15 Everton-Fulham,Everton,Jordan Pickford,True,Goalkeeper,1,start,end,1.0,0.0,0.0,0.0,0.0,0.0,0.0,3.0,4.0,18.0,0.0,0.0,0.0,0.0,
ENG-Premier League,2223,2023-04-15 Everton-Fulham,Fulham,Bernd Leno,False,Goalkeeper,1,start,end,1.0,0.0,1.0,0.0,0.0,0.0,1.0,1.0,6.0,15.0,0.0,0.0,0.0,0.0,
ENG-Premier League,2223,2023-04-15 Manchester City-Leicester City,Leicester City,Daniel Iversen,False,Goalkeeper,1,start,end,1.0,0.0,0.0,0.0,0.0,0.0,0.0,3.0,1.0,7.0,0.0,0.0,0.0,0.0,
ENG-Premier League,2223,2023-04-15 Manchester City-Leicester City,Manchester City,Ederson,True,Goalkeeper,1,start,end,1.0,0.0,0.0,0.0,0.0,0.0,0.0,1.0,3.0,10.0,0.0,0.0,0.0,0.0,
ENG-Premier League,2223,2023-04-15 Southampton-Crystal Palace,Crystal Palace,Sam Johnstone,False,Goalkeeper,1,start,end,1.0,0.0,0.0,0.0,0.0,0.0,0.0,0.0,4.0,11.0,0.0,0.0,0.0,0.0,
ENG-Premier League,2223,2023-04-15 Southampton-Crystal Palace,Southampton,Gavin Bazunu,True,Goalkeeper,1,start,end,1.0,0.0,0.0,0.0,0.0,0.0,0.0,2.0,0.0,8.0,0.0,0.0,0.0,0.0,
ENG-Premier League,2223,2023-04-15 Tottenham Hotspur-AFC Bournemouth,AFC Bournemouth,Neto,False,Goalkeeper,1,start,end,1.0,0.0,0.0,0.0,0.0,0.0,0.0,2.0,6.0,21.0,0.0,0.0,0.0,0.0,
ENG-Premier League,2223,2023-04-15 Tottenham Hotspur-AFC Bournemouth,Tottenham Hotspur,Hugo Lloris,True,Goalkeeper,1,start,end,1.0,0.0,0.0,0.0,0.0,0.0,0.0,3.0,3.0,6.0,0.0,0.0,0.0,0.0,
ENG-Premier League,2223,2023-04-15 Wolverhampton Wanderers-Brentford,Brentford,David Raya,False,Goalkeeper,1,start,end,1.0,0.0,0.0,0.0,0.0,0.0,0.0,2.0,7.0,9.0,0.0,0.0,0.0,0.0,
ENG-Premier League,2223,2023-04-15 Wolverhampton Wanderers-Brentford,Wolverhampton Wanderers,José Sá,True,Goalkeeper,1,start,end,1.0,0.0,0.0,0.0,0.0,0.0,0.0,0.0,3.0,10.0,0.0,0.0,0.0,0.0,
ENG-Premier League,2223,2023-04-16 Nottingham Forest-Manchester United,Manchester United,David de Gea,False,Goalkeeper,1,start,end,1.0,0.0,0.0,0.0,0.0,0.0,0.0,0.0,0.0,7.0,0.0,0.0,0.0,0.0,
ENG-Premier League,2223,2023-04-16 Nottingham Forest-Manchester United,Nottingham Forest,Keylor Navas,True,Goalkeeper,1,start,end,1.0,0.0,0.0,0.0,0.0,0.0,0.0,2.0,6.0,19.0,0.0,0.0,0.0,0.0,
ENG-Premier League,2223,2023-04-16 West Ham United-Arsenal,Arsenal,Aaron Ramsdale,False,Goalkeeper,1,start,end,1.0,0.0,0.0,0.0,0.0,0.0,0.0,2.0,1.0,14.0,0.0,0.0,0.0,0.0,
ENG-Premier League,2223,2023-04-16 West Ham United-Arsenal,West Ham United,Lukasz Fabianski,True,Goalkeeper,1,start,end,1.0,0.0,0.0,0.0,0.0,0.0,0.0,2.0,3.0,7.0,0.0,0.0,0.0,0.0,
ENG-Premier League,2223,2023-04-17 Leeds United-Liverpool,Leeds United,Illan Meslier,True,Goalkeeper,1,start,end,1.0,0.0,0.0,0.0,0.0,0.0,0.0,6.0,1.0,7.0,0.0,0.0,0.0,0.0,
ENG-Premier League,2223,2023-04-17 Leeds United-Liverpool,Liverpool,Alisson Becker,False,Goalkeeper,1,start,end,1.0,0.0,0.0,0.0,0.0,0.0,0.0,1.0,2.0,12.0,0.0,0.0,0.0,0.0,
ENG-Premier League,2223,2023-04-21 Arsenal-Southampton,Arsenal,Aaron Ramsdale,True,Goalkeeper,1,start,end,1.0,0.0,0.0,0.0,0.0,0.0,0.0,3.0,3.0,4.0,0.0,0.0,0.0,0.0,
ENG-Premier League,2223,2023-04-21 Arsenal-Southampton,Southampton,Gavin Bazunu,False,Goalkeeper,1,start,end,1.0,0.0,0.0,0.0,0.0,0.0,0.0,3.0,2.0,21.0,0.0,0.0,0.0,0.0,
ENG-Premier League,2223,2023-04-22 Brentford-Aston Villa,Aston Villa,Emiliano Martínez,False,Goalkeeper,1,start,45,1.0,0.0,0.0,0.0,0.0,0.0,0.0,0.0,2.0,5.0,0.0,0.0,0.0,0.0,
ENG-Premier League,2223,2023-04-22 Brentford-Aston Villa,Brentford,David Raya,True,Goalkeeper,1,start,end,1.0,0.0,0.0,0.0,0.0,0.0,0.0,1.0,1.0,13.0,0.0,0.0,0.0,0.0,
ENG-Premier League,2223,2023-04-22 Crystal Palace-Everton,Crystal Palace,Sam Johnstone,True,Goalkeeper,1,start,end,1.0,0.0,0.0,0.0,0.0,0.0,0.0,0.0,5.0,8.0,0.0,0.0,0.0,0.0,
ENG-Premier League,2223,2023-04-22 Crystal Palace-Everton,Everton,Jordan Pickford,False,Goalkeeper,1,start,end,1.0,0.0,1.0,0.0,0.0,0.0,0.0,0.0,2.0,12.0,0.0,0.0,0.0,0.0,
ENG-Premier League,2223,2023-04-22 Fulham-Leeds United,Fulham,Bernd Leno,True,Goalkeeper,1,start,end,1.0,0.0,0.0,0.0,0.0,0.0,0.0,0.0,2.0,10.0,0.0,0.0,0.0,0.0,
ENG-Premier League,2223,2023-04-22 Fulham-Leeds United,Leeds United,Illan Meslier,False,Goalkeeper,1,start,end,1.0,0.0,0.0,0.0,0.0,0.0,0.0,2.0,4.0,10.0,0.0,0.0,0.0,0.0,
ENG-Premier League,2223,2023-04-22 Leicester City-Wolverhampton Wanderers,Leicester City,Daniel Iversen,True,Goalkeeper,1,start,end,1.0,0.0,0.0,0.0,0.0,0.0,0.0,1.0,2.0,15.0,0.0,0.0,0.0,0.0,
ENG-Premier League,2223,2023-04-22 Leicester City-Wolverhampton Wanderers,Wolverhampton Wanderers,José Sá,False,Goalkeeper,1,start,end,1.0,1.0,0.0,0.0,0.0,0.0,1.0,2.0,6.0,12.0,0.0,0.0,0.0,0.0,
ENG-Premier League,2223,2023-04-22 Liverpool-Nottingham Forest,Liverpool,Alisson Becker,True,Goalkeeper,1,start,end,1.0,0.0,1.0,0.0,0.0,0.0,0.0,2.0,3.0,8.0,0.0,0.0,0.0,0.0,
ENG-Premier League,2223,2023-04-22 Liverpool-Nottingham Forest,Nottingham Forest,Keylor Navas,False,Goalkeeper,1,start,end,1.0,0.0,0.0,0.0,0.0,0.0,0.0,3.0,2.0,14.0,0.0,0.0,0.0,0.0,
ENG-Premier League,2223,2023-04-23 AFC Bournemouth-West Ham United,AFC Bournemouth,Neto,True,Goalkeeper,1,start,end,1.0,0.0,0.0,0.0,0.0,0.0,0.0,4.0,6.0,14.0,0.0,0.0,0.0,0.0,
ENG-Premier League,2223,2023-04-23 AFC Bournemouth-West Ham United,West Ham United,Lukasz Fabianski,False,Goalkeeper,1,start,end,1.0,0.0,0.0,0.0,0.0,0.0,1.0,0.0,5.0,17.0,0.0,0.0,0.0,0.0,
ENG-Premier League,2223,2023-04-23 Newcastle United-Tottenham Hotspur,Newcastle United,Nick Pope,True,Goalkeeper,1,start,end,1.0,0.0,0.0,0.0,0.0,0.0,0.0,1.0,2.0,10.0,0.0,0.0,0.0,0.0,
ENG-Premier League,2223,2023-04-23 Newcastle United-Tottenham Hotspur,Tottenham Hotspur,Hugo Lloris,False,Goalkeeper,1,start,45,1.0,0.0,0.0,0.0,0.0,0.0,0.0,5.0,1.0,9.0,0.0,0.0,0.0,0.0,
ENG-Premier League,2223,2023-04-25 Aston Villa-Fulham,Aston Villa,Emiliano Martínez,True,Goalkeeper,1,start,end,1.0,0.0,0.0,0.0,0.0,0.0,1.0,0.0,0.0,1.0,0.0,0.0,0.0,0.0,
ENG-Premier League,2223,2023-04-25 Aston Villa-Fulham,Fulham,Bernd Leno,False,Goalkeeper,1,start,end,1.0,0.0,0.0,0.0,0.0,0.0,0.0,1.0,2.0,12.0,0.0,0.0,0.0,0.0,
ENG-Premier League,2223,2023-04-25 Leeds United-Leicester City,Leeds United,Illan Meslier,True,Goalkeeper,1,start,end,1.0,0.0,0.0,0.0,0.0,0.0,0.0,1.0,2.0,13.0,0.0,0.0,0.0,0.0,
ENG-Premier League,2223,2023-04-25 Leeds United-Leicester City,Leicester City,Daniel Iversen,False,Goalkeeper,1,start,end,1.0,0.0,0.0,0.0,0.0,0.0,0.0,1.0,2.0,12.0,0.0,0.0,0.0,0.0,
ENG-Premier League,2223,2023-04-25 Wolverhampton Wanderers-Crystal Palace,Crystal Palace,Sam Johnstone,False,Goalkeeper,1,start,end,1.0,1.0,0.0,0.0,0.0,0.0,1.0,1.0,2.0,8.0,0.0,0.0,0.0,0.0,
ENG-Premier League,2223,2023-04-25 Wolverhampton Wanderers-Crystal Palace,Wolverhampton Wanderers,José Sá,True,Goalkeeper,1,start,end,1.0,0.0,1.0,0.0,0.0,0.0,1.0,0.0,4.0,13.0,0.0,0.0,0.0,0.0,
ENG-Premier League,2223,2023-04-26 Chelsea-Brentford,Brentford,David Raya,False,Goalkeeper,1,start,end,1.0,0.0,0.0,0.0,0.0,0.0,0.0,0.0,4.0,15.0,0.0,0.0,0.0,0.0,
ENG-Premier League,2223,2023-04-26 Chelsea-Brentford,Chelsea,Kepa Arrizabalaga,True,Goalkeeper,1,start,end,1.0,0.0,0.0,0.0,0.0,0.0,0.0,1.0,0.0,6.0,0.0,0.0,0.0,0.0,
ENG-Premier League,2223,2023-04-26 Manchester City-Arsenal,Arsenal,Aaron Ramsdale,False,Goalkeeper,1,start,end,1.0,0.0,0.0,0.0,0.0,0.0,0.0,4.0,5.0,10.0,0.0,0.0,0.0,0.0,
ENG-Premier League,2223,2023-04-26 Manchester City-Arsenal,Manchester City,Ederson,True,Goalkeeper,1,start,end,1.0,0.0,1.0,0.0,0.0,0.0,0.0,1.0,1.0,7.0,0.0,0.0,0.0,0.0,
ENG-Premier League,2223,2023-04-26 Nottingham Forest-Brighton & Hove Albion,Brighton & Hove Albion,Jason Steele,False,Goalkeeper,1,start,end,1.0,0.0,0.0,0.0,0.0,0.0,0.0,2.0,2.0,9.0,0.0,0.0,0.0,0.0,
ENG-Premier League,2223,2023-04-26 Nottingham Forest-Brighton & Hove Albion,Nottingham Forest,Keylor Navas,True,Goalkeeper,1,start,end,1.0,0.0,0.0,0.0,0.0,0.0,1.0,1.0,6.0,16.0,0.0,0.0,0.0,0.0,
ENG-Premier League,2223,2023-04-26 West Ham United-Liverpool,Liverpool,Alisson Becker,False,Goalkeeper,1,start,end,1.0,0.0,0.0,0.0,0.0,0.0,0.0,1.0,1.0,6.0,0.0,0.0,0.0,0.0,
ENG-Premier League,2223,2023-04-26 West Ham United-Liverpool,West Ham United,Lukasz Fabianski,True,Goalkeeper,1,start,end,1.0,0.0,0.0,0.0,0.0,0.0,0.0,2.0,2.0,17.0,0.0,0.0,0.0,0.0,
ENG-Premier League,2223,2023-04-27 Everton-Newcastle United,Everton,Jordan Pickford,True,Goalkeeper,1,start,end,1.0,0.0,0.0,0.0,0.0,0.0,0.0,4.0,4.0,9.0,0.0,0.0,0.0,0.0,
ENG-Premier League,2223,2023-04-27 Everton-Newcastle United,Newcastle United,Nick Pope,False,Goalkeeper,1,start,end,1.0,0.0,0.0,0.0,0.0,0.0,0.0,1.0,4.0,12.0,0.0,0.0,0.0,0.0,
ENG-Premier League,2223,2023-04-27 Southampton-AFC Bournemouth,AFC Bournemouth,Neto,False,Goalkeeper,1,start,end,1.0,0.0,0.0,0.0,0.0,0.0,0.0,0.0,3.0,11.0,0.0,0.0,0.0,0.0,
ENG-Premier League,2223,2023-04-27 Southampton-AFC Bournemouth,Southampton,Alex McCarthy,True,Goalkeeper,1,start,end,1.0,0.0,0.0,0.0,0.0,0.0,0.0,1.0,1.0,15.0,0.0,0.0,0.0,0.0,
ENG-Premier League,2223,2023-04-27 Tottenham Hotspur-Manchester United,Manchester United,David de Gea,False,Goalkeeper,1,start,end,1.0,0.0,1.0,0.0,0.0,0.0,0.0,2.0,5.0,13.0,0.0,0.0,0.0,0.0,
ENG-Premier League,2223,2023-04-27 Tottenham Hotspur-Manchester United,Tottenham Hotspur,Fraser Forster,True,Goalkeeper,1,start,end,1.0,0.0,0.0,0.0,0.0,0.0,0.0,2.0,5.0,13.0,0.0,0.0,0.0,0.0,
ENG-Premier League,2223,2023-04-29 Brentford-Nottingham Forest,Brentford,David Raya,True,Goalkeeper,1,start,end,1.0,0.0,1.0,0.0,0.0,0.0,0.0,1.0,2.0,3.0,0.0,0.0,0.0,0.0,
ENG-Premier League,2223,2023-04-29 Brentford-Nottingham Forest,Nottingham Forest,Keylor Navas,False,Goalkeeper,1,start,end,1.0,0.0,0.0,0.0,0.0,0.0,0.0,2.0,6.0,13.0,0.0,0.0,0.0,0.0,
ENG-Premier League,2223,2023-04-29 Brighton & Hove Albion-Wolverhampton Wanderers,Brighton & Hove Albion,Jason Steele,True,Goalkeeper,1,start,end,1.0,0.0,0.0,0.0,0.0,0.0,0.0,0.0,2.0,9.0,0.0,0.0,0.0,0.0,
ENG-Premier League,2223,2023-04-29 Brighton & Hove Albion-Wolverhampton Wanderers,Wolverhampton Wanderers,José Sá,False,Goalkeeper,1,start,end,1.0,0.0,0.0,0.0,0.0,0.0,0.0,6.0,2.0,16.0,0.0,0.0,0.0,0.0,
ENG-Premier League,2223,2023-04-29 Crystal Palace-West Ham United,Crystal Palace,Sam Johnstone,True,Goalkeeper,1,start,end,1.0,0.0,0.0,0.0,0.0,0.0,0.0,3.0,1.0,6.0,0.0,0.0,0.0,0.0,
ENG-Premier League,2223,2023-04-29 Crystal Palace-West Ham United,West Ham United,Lukasz Fabianski,False,Goalkeeper,1,start,end,1.0,0.0,0.0,0.0,0.0,0.0,0.0,4.0,2.0,11.0,0.0,0.0,0.0,0.0,
ENG-Premier League,2223,2023-04-30 AFC Bournemouth-Leeds United,AFC Bournemouth,Neto,True,Goalkeeper,1,start,end,1.0,0.0,0.0,0.0,0.0,0.0,0.0,1.0,5.0,13.0,0.0,0.0,0.0,0.0,
ENG-Premier League,2223,2023-04-30 AFC Bournemouth-Leeds United,Leeds United,Illan Meslier,False,Goalkeeper,1,start,end,1.0,0.0,0.0,0.0,0.0,0.0,0.0,4.0,3.0,6.0,0.0,0.0,0.0,0.0,
ENG-Premier League,2223,2023-04-30 Fulham-Manchester City,Fulham,Bernd Leno,True,Goalkeeper,1,start,end,1.0,0.0,1.0,0.0,0.0,0.0,0.0,2.0,7.0,10.0,0.0,0.0,0.0,0.0,
ENG-Premier League,2223,2023-04-30 Fulham-Manchester City,Manchester City,Ederson,False,Goalkeeper,1,start,end,1.0,0.0,0.0,0.0,0.0,0.0,1.0,1.0,0.0,3.0,0.0,0.0,0.0,0.0,
ENG-Premier League,2223,2023-04-30 Liverpool-Tottenham Hotspur,Liverpool,Alisson Becker,True,Goalkeeper,1,start,end,1.0,0.0,0.0,0.0,0.0,0.0,0.0,3.0,3.0,7.0,0.0,0.0,0.0,0.0,
ENG-Premier League,2223,2023-04-30 Liverpool-Tottenham Hotspur,Tottenham Hotspur,Fraser Forster,False,Goalkeeper,1,start,end,1.0,0.0,0.0,0.0,0.0,0.0,0.0,4.0,0.0,9.0,0.0,0.0,0.0,0.0,
ENG-Premier League,2223,2023-04-30 Manchester United-Aston Villa,Aston Villa,Emiliano Martínez,False,Goalkeeper,1,start,end,1.0,0.0,0.0,0.0,0.0,0.0,0.0,1.0,6.0,13.0,0.0,0.0,0.0,0.0,
ENG-Premier League,2223,2023-04-30 Manchester United-Aston Villa,Manchester United,David de Gea,True,Goalkeeper,1,start,end,1.0,0.0,0.0,0.0,0.0,0.0,0.0,0.0,1.0,7.0,0.0,0.0,0.0,0.0,
ENG-Premier League,2223,2023-04-30 Newcastle United-Southampton,Newcastle United,Nick Pope,True,Goalkeeper,1,start,end,1.0,0.0,0.0,0.0,0.0,0.0,0.0,1.0,2.0,3.0,0.0,0.0,0.0,0.0,
ENG-Premier League,2223,2023-04-30 Newcastle United-Southampton,Southampton,Alex McCarthy,False,Goalkeeper,1,start,end,1.0,0.0,1.0,0.0,0.0,0.0,0.0,2.0,4.0,21.0,0.0,0.0,0.0,0.0,
ENG-Premier League,2223,2023-05-01 Leicester City-Everton,Everton,Jordan Pickford,False,Goalkeeper,1,start,end,1.0,0.0,0.0,0.0,0.0,0.0,0.0,2.0,2.0,12.0,0.0,0.0,0.0,0.0,
ENG-Premier League,2223,2023-05-01 Leicester City-Everton,Leicester City,Daniel Iversen,True,Goalkeeper,1,start,end,1.0,0.0,0.0,0.0,0.0,0.0,0.0,2.0,6.0,21.0,0.0,0.0,0.0,0.0,
ENG-Premier League,2223,2023-05-02 Arsenal-Chelsea,Arsenal,Aaron Ramsdale,True,Goalkeeper,1,start,end,1.0,0.0,0.0,0.0,0.0,0.0,0.0,1.0,3.0,6.0,0.0,0.0,0.0,0.0,
ENG-Premier League,2223,2023-05-02 Arsenal-Chelsea,Chelsea,Kepa Arrizabalaga,False,Goalkeeper,1,start,end,1.0,0.0,0.0,0.0,0.0,0.0,0.0,3.0,6.0,14.0,0.0,0.0,0.0,0.0,
ENG-Premier League,2223,2023-05-03 Liverpool-Fulham,Fulham,Bernd Leno,False,Goalkeeper,1,start,end,1.0,0.0,0.0,0.0,0.0,0.0,0.0,1.0,2.0,14.0,0.0,0.0,0.0,0.0,
ENG-Premier League,2223,2023-05-03 Liverpool-Fulham,Liverpool,Alisson Becker,True,Goalkeeper,1,start,end,1.0,0.0,0.0,0.0,0.0,0.0,0.0,0.0,3.0,8.0,0.0,0.0,0.0,0.0,
ENG-Premier League,2223,2023-05-03 Manchester City-West Ham United,Manchester City,Stefan Ortega,True,Goalkeeper,1,start,end,1.0,0.0,0.0,0.0,0.0,0.0,0.0,0.0,2.0,6.0,0.0,0.0,0.0,0.0,
ENG-Premier League,2223,2023-05-03 Manchester City-West Ham United,West Ham United,Lukasz Fabianski,False,Goalkeeper,1,start,end,1.0,0.0,0.0,0.0,0.0,0.0,0.0,3.0,4.0,12.0,0.0,0.0,0.0,0.0,
ENG-Premier League,2223,2023-05-04 Brighton & Hove Albion-Manchester United,Brighton & Hove Albion,Jason Steele,True,Goalkeeper,1,start,end,1.0,0.0,1.0,0.0,0.0,0.0,0.0,0.0,5.0,16.0,0.0,0.0,0.0,0.0,
ENG-Premier League,2223,2023-05-04 Brighton & Hove Albion-Manchester United,Manchester United,David de Gea,False,Goalkeeper,1,start,end,1.0,0.0,0.0,0.0,0.0,0.0,0.0,1.0,5.0,21.0,0.0,0.0,0.0,0.0,
ENG-Premier League,2223,2023-05-06 AFC Bournemouth-Chelsea,AFC Bournemouth,Neto,True,Goalkeeper,1,start,end,1.0,0.0,0.0,0.0,0.0,0.0,0.0,3.0,3.0,9.0,0.0,0.0,0.0,0.0,
ENG-Premier League,2223,2023-05-06 AFC Bournemouth-Chelsea,Chelsea,Kepa Arrizabalaga,False,Goalkeeper,1,start,end,1.0,0.0,2.0,0.0,0.0,0.0,0.0,1.0,3.0,9.0,0.0,0.0,0.0,0.0,
ENG-Premier League,2223,2023-05-06 Liverpool-Brentford,Brentford,David Raya,False,Goalkeeper,1,start,end,1.0,0.0,0.0,0.0,0.0,0.0,0.0,1.0,4.0,15.0,0.0,0.0,0.0,0.0,
ENG-Premier League,2223,2023-05-06 Liverpool-Brentford,Liverpool,Alisson Becker,True,Goalkeeper,1,start,end,1.0,0.0,0.0,0.0,0.0,0.0,1.0,0.0,2.0,5.0,0.0,0.0,0.0,0.0,
ENG-Premier League,2223,2023-05-06 Manchester City-Leeds United,Leeds United,Joel Robles,False,Goalkeeper,1,start,end,1.0,0.0,0.0,0.0,0.0,0.0,0.0,2.0,4.0,16.0,0.0,0.0,0.0,0.0,
ENG-Premier League,2223,2023-05-06 Manchester City-Leeds United,Manchester City,Ederson,True,Goalkeeper,1,start,end,1.0,0.0,0.0,0.0,0.0,0.0,0.0,1.0,1.0,4.0,0.0,0.0,0.0,0.0,
ENG-Premier League,2223,2023-05-06 Tottenham Hotspur-Crystal Palace,Crystal Palace,Sam Johnstone,False,Goalkeeper,1,start,end,1.0,0.0,0.0,0.0,0.0,0.0,0.0,1.0,2.0,7.0,0.0,0.0,0.0,0.0,
ENG-Premier League,2223,2023-05-06 Tottenham Hotspur-Crystal Palace,Tottenham Hotspur,Fraser Forster,True,Goalkeeper,1,start,end,1.0,0.0,0.0,0.0,0.0,0.0,1.0,0.0,3.0,9.0,0.0,0.0,0.0,0.0,
ENG-Premier League,2223,2023-05-06 Wolverhampton Wanderers-Aston Villa,Aston Villa,Emiliano Martínez,False,Goalkeeper,1,start,end,1.0,0.0,0.0,0.0,0.0,0.0,0.0,1.0,1.0,5.0,0.0,0.0,0.0,0.0,
ENG-Premier League,2223,2023-05-06 Wolverhampton Wanderers-Aston Villa,Wolverhampton Wanderers,José Sá,True,Goalkeeper,1,start,end,1.0,0.0,1.0,0.0,0.0,0.0,0.0,0.0,3.0,15.0,0.0,0.0,0.0,0.0,
ENG-Premier League,2223,2023-05-07 Newcastle United-Arsenal,Arsenal,Aaron Ramsdale,False,Goalkeeper,1,start,end,1.0,0.0,1.0,0.0,0.0,0.0,0.0,0.0,5.0,13.0,0.0,0.0,0.0,0.0,
ENG-Premier League,2223,2023-05-07 Newcastle United-Arsenal,Newcastle United,Nick Pope,True,Goalkeeper,1,start,end,1.0,0.0,0.0,0.0,0.0,0.0,0.0,1.0,5.0,9.0,0.0,0.0,0.0,0.0,
ENG-Premier League,2223,2023-05-07 West Ham United-Manchester United,Manchester United,David de Gea,False,Goalkeeper,1,start,end,1.0,0.0,1.0,0.0,0.0,0.0,0.0,1.0,3.0,14.0,0.0,0.0,0.0,0.0,
ENG-Premier League,2223,2023-05-07 West Ham United-Manchester United,West Ham United,Lukasz Fabianski,True,Goalkeeper,1,start,end,1.0,0.0,0.0,0.0,0.0,0.0,0.0,0.0,4.0,18.0,0.0,0.0,0.0,0.0,
ENG-Premier League,2223,2023-05-08 Brighton & Hove Albion-Everton,Brighton & Hove Albion,Jason Steele,True,Goalkeeper,1,start,end,1.0,0.0,0.0,1.0,0.0,0.0,0.0,4.0,1.0,6.0,0.0,1.0,0.0,1.0,
ENG-Premier League,2223,2023-05-08 Brighton & Hove Albion-Everton,Everton,Jordan Pickford,False,Goalkeeper,1,start,end,1.0,0.0,1.0,0.0,0.0,0.0,0.0,1.0,4.0,22.0,0.0,0.0,0.0,0.0,
ENG-Premier League,2223,2023-05-08 Fulham-Leicester City,Fulham,Bernd Leno,True,Goalkeeper,1,start,end,1.0,1.0,0.0,0.0,0.0,0.0,0.0,3.0,5.0,13.0,0.0,0.0,0.0,0.0,
ENG-Premier League,2223,2023-05-08 Fulham-Leicester City,Leicester City,Daniel Iversen,False,Goalkeeper,1,start,end,1.0,0.0,0.0,0.0,0.0,0.0,0.0,5.0,2.0,12.0,0.0,0.0,0.0,0.0,
ENG-Premier League,2223,2023-05-08 Nottingham Forest-Southampton,Nottingham Forest,Keylor Navas,True,Goalkeeper,1,start,end,1.0,0.0,0.0,0.0,0.0,0.0,0.0,3.0,2.0,14.0,0.0,0.0,0.0,0.0,
ENG-Premier League,2223,2023-05-08 Nottingham Forest-Southampton,Southampton,Alex McCarthy,False,Goalkeeper,1,start,end,1.0,0.0,0.0,0.0,0.0,0.0,0.0,4.0,0.0,5.0,0.0,0.0,0.0,0.0,
ENG-Premier League,2223,2023-05-13 Aston Villa-Tottenham Hotspur,Aston Villa,Emiliano Martínez,True,Goalkeeper,1,start,end,1.0,1.0,0.0,0.0,0.0,0.0,0.0,1.0,1.0,3.0,0.0,0.0,0.0,0.0,
ENG-Premier League,2223,2023-05-13 Aston Villa-Tottenham Hotspur,Tottenham Hotspur,Fraser Forster,False,Goalkeeper,1,start,end,1.0,0.0,0.0,0.0,0.0,0.0,0.0,2.0,2.0,6.0,0.0,0.0,0.0,0.0,
ENG-Premier League,2223,2023-05-13 Chelsea-Nottingham Forest,Chelsea,Édouard Mendy,True,Goalkeeper,1,start,end,1.0,0.0,0.0,0.0,0.0,0.0,0.0,2.0,0.0,9.0,0.0,0.0,0.0,0.0,
ENG-Premier League,2223,2023-05-13 Chelsea-Nottingham Forest,Nottingham Forest,Keylor Navas,False,Goalkeeper,1,start,end,1.0,0.0,0.0,0.0,0.0,0.0,0.0,2.0,4.0,12.0,0.0,0.0,0.0,0.0,
ENG-Premier League,2223,2023-05-13 Crystal Palace-AFC Bournemouth,AFC Bournemouth,Neto,False,Goalkeeper,1,start,end,1.0,0.0,0.0,0.0,0.0,0.0,0.0,2.0,3.0,15.0,0.0,0.0,0.0,0.0,
ENG-Premier League,2223,2023-05-13 Crystal Palace-AFC Bournemouth,Crystal Palace,Sam Johnstone,True,Goalkeeper,1,start,end,1.0,0.0,0.0,0.0,0.0,0.0,0.0,0.0,0.0,5.0,0.0,0.0,0.0,0.0,
ENG-Premier League,2223,2023-05-13 Leeds United-Newcastle United,Leeds United,Joel Robles,True,Goalkeeper,1,start,end,1.0,0.0,0.0,0.0,0.0,0.0,1.0,2.0,3.0,13.0,0.0,0.0,0.0,0.0,
ENG-Premier League,2223,2023-05-13 Leeds United-Newcastle United,Newcastle United,Nick Pope,False,Goalkeeper,1,start,end,1.0,0.0,0.0,0.0,0.0,0.0,0.0,2.0,1.0,6.0,0.0,0.0,0.0,0.0,
ENG-Premier League,2223,2023-05-13 Manchester United-Wolverhampton Wanderers,Manchester United,David de Gea,True,Goalkeeper,1,start,end,1.0,0.0,0.0,0.0,0.0,0.0,0.0,0.0,0.0,5.0,0.0,0.0,0.0,0.0,
ENG-Premier League,2223,2023-05-13 Manchester United-Wolverhampton Wanderers,Wolverhampton Wanderers,Daniel Bentley,False,Goalkeeper,1,start,end,1.0,0.0,0.0,0.0,0.0,0.0,0.0,2.0,8.0,24.0,0.0,0.0,0.0,0.0,
ENG-Premier League,2223,2023-05-13 Southampton-Fulham,Fulham,Bernd Leno,False,Goalkeeper,1,start,end,1.0,0.0,0.0,0.0,0.0,0.0,0.0,0.0,1.0,5.0,0.0,0.0,0.0,0.0,
ENG-Premier League,2223,2023-05-13 Southampton-Fulham,Southampton,Alex McCarthy,True,Goalkeeper,1,start,end,1.0,0.0,0.0,0.0,0.0,0.0,0.0,2.0,1.0,5.0,0.0,0.0,0.0,0.0,
ENG-Premier League,2223,2023-05-14 Arsenal-Brighton & Hove Albion,Arsenal,Aaron Ramsdale,True,Goalkeeper,1,start,end,1.0,0.0,0.0,0.0,0.0,0.0,0.0,3.0,3.0,9.0,0.0,0.0,0.0,0.0,
ENG-Premier League,2223,2023-05-14 Arsenal-Brighton & Hove Albion,Brighton & Hove Albion,Jason Steele,False,Goalkeeper,1,start,end,1.0,0.0,0.0,0.0,0.0,0.0,0.0,0.0,2.0,14.0,0.0,0.0,0.0,0.0,
ENG-Premier League,2223,2023-05-14 Brentford-West Ham United,Brentford,David Raya,True,Goalkeeper,1,start,end,1.0,0.0,0.0,0.0,0.0,0.0,0.0,0.0,4.0,4.0,0.0,0.0,0.0,0.0,
ENG-Premier League,2223,2023-05-14 Brentford-West Ham United,West Ham United,Lukasz Fabianski,False,Goalkeeper,1,start,end,1.0,0.0,0.0,0.0,0.0,0.0,0.0,2.0,7.0,21.0,0.0,0.0,0.0,0.0,
ENG-Premier League,2223,2023-05-14 Everton-Manchester City,Everton,Jordan Pickford,True,Goalkeeper,1,start,end,1.0,0.0,0.0,0.0,0.0,0.0,0.0,3.0,1.0,6.0,0.0,0.0,0.0,0.0,
ENG-Premier League,2223,2023-05-14 Everton-Manchester City,Manchester City,Ederson,False,Goalkeeper,1,start,end,1.0,0.0,0.0,0.0,0.0,0.0,0.0,0.0,2.0,7.0,0.0,0.0,0.0,0.0,
ENG-Premier League,2223,2023-05-15 Leicester City-Liverpool,Leicester City,Daniel Iversen,True,Goalkeeper,1,start,end,1.0,0.0,0.0,0.0,0.0,0.0,0.0,3.0,2.0,13.0,0.0,0.0,0.0,0.0,
ENG-Premier League,2223,2023-05-15 Leicester City-Liverpool,Liverpool,Alisson Becker,False,Goalkeeper,1,start,end,1.0,0.0,0.0,0.0,0.0,0.0,0.0,0.0,4.0,3.0,0.0,0.0,0.0,0.0,
ENG-Premier League,2223,2023-05-18 Newcastle United-Brighton & Hove Albion,Brighton & Hove Albion,Jason Steele,False,Goalkeeper,1,start,end,1.0,0.0,0.0,0.0,0.0,0.0,0.0,3.0,5.0,18.0,0.0,0.0,0.0,0.0,
ENG-Premier League,2223,2023-05-18 Newcastle United-Brighton & Hove Albion,Newcastle United,Nick Pope,True,Goalkeeper,1,start,end,1.0,0.0,0.0,0.0,0.0,0.0,0.0,1.0,1.0,7.0,0.0,0.0,0.0,0.0,
ENG-Premier League,2223,2023-05-20 AFC Bournemouth-Manchester United,AFC Bournemouth,Neto,True,Goalkeeper,1,start,end,1.0,0.0,1.0,0.0,0.0,0.0,0.0,1.0,4.0,16.0,0.0,0.0,0.0,0.0,
ENG-Premier League,2223,2023-05-20 AFC Bournemouth-Manchester United,Manchester United,David de Gea,False,Goalkeeper,1,start,end,1.0,0.0,0.0,0.0,0.0,0.0,0.0,0.0,4.0,9.0,0.0,0.0,0.0,0.0,
ENG-Premier League,2223,2023-05-20 Fulham-Crystal Palace,Crystal Palace,Sam Johnstone,False,Goalkeeper,1,start,end,1.0,0.0,0.0,0.0,0.0,0.0,0.0,2.0,2.0,8.0,0.0,0.0,0.0,0.0,
ENG-Premier League,2223,2023-05-20 Fulham-Crystal Palace,Fulham,Bernd Leno,True,Goalkeeper,1,start,end,1.0,0.0,0.0,0.0,0.0,0.0,0.0,2.0,3.0,10.0,0.0,0.0,0.0,0.0,
ENG-Premier League,2223,2023-05-20 Liverpool-Aston Villa,Aston Villa,Emiliano Martínez,False,Goalkeeper,1,start,end,1.0,0.0,0.0,0.0,0.0,0.0,1.0,1.0,4.0,9.0,0.0,0.0,0.0,0.0,
ENG-Premier League,2223,2023-05-20 Liverpool-Aston Villa,Liverpool,Alisson Becker,True,Goalkeeper,1,start,end,1.0,0.0,0.0,0.0,0.0,0.0,0.0,1.0,2.0,4.0,0.0,0.0,0.0,0.0,
ENG-Premier League,2223,2023-05-20 Nottingham Forest-Arsenal,Arsenal,Aaron Ramsdale,False,Goalkeeper,1,start,end,1.0,0.0,0.0,0.0,0.0,0.0,0.0,1.0,1.0,5.0,0.0,0.0,0.0,0.0,
ENG-Premier League,2223,2023-05-20 Nottingham Forest-Arsenal,Nottingham Forest,Keylor Navas,True,Goalkeeper,1,start,99,1.0,0.0,0.0,0.0,0.0,0.0,0.0,0.0,3.0,11.0,0.0,0.0,0.0,0.0,
ENG-Premier League,2223,2023-05-20 Tottenham Hotspur-Brentford,Brentford,David Raya,False,Goalkeeper,1,start,end,1.0,0.0,0.0,0.0,0.0,0.0,0.0,1.0,6.0,21.0,0.0,0.0,0.0,0.0,
ENG-Premier League,2223,2023-05-20 Tottenham Hotspur-Brentford,Tottenham Hotspur,Fraser Forster,True,Goalkeeper,1,start,end,1.0,0.0,0.0,0.0,0.0,0.0,0.0,3.0,1.0,7.0,0.0,0.0,0.0,0.0,
ENG-Premier League,2223,2023-05-20 Wolverhampton Wanderers-Everton,Everton,Jordan Pickford,False,Goalkeeper,1,start,end,1.0,0.0,0.0,0.0,0.0,0.0,0.0,1.0,4.0,12.0,0.0,0.0,0.0,0.0,
ENG-Premier League,2223,2023-05-20 Wolverhampton Wanderers-Everton,Wolverhampton Wanderers,Daniel Bentley,True,Goalkeeper,1,start,end,1.0,0.0,1.0,0.0,0.0,0.0,0.0,1.0,3.0,19.0,0.0,0.0,0.0,0.0,
ENG-Premier League,2223,2023-05-21 Brighton & Hove Albion-Southampton,Brighton & Hove Albion,Jason Steele,True,Goalkeeper,1,start,end,1.0,0.0,0.0,0.0,0.0,0.0,0.0,1.0,0.0,4.0,0.0,0.0,0.0,0.0,
ENG-Premier League,2223,2023-05-21 Brighton & Hove Albion-Southampton,Southampton,Alex McCarthy,False,Goalkeeper,1,start,end,1.0,0.0,0.0,0.0,0.0,0.0,0.0,3.0,5.0,23.0,0.0,0.0,0.0,0.0,
ENG-Premier League,2223,2023-05-21 Manchester City-Chelsea,Chelsea,Kepa Arrizabalaga,False,Goalkeeper,1,start,end,1.0,0.0,0.0,0.0,0.0,0.0,0.0,1.0,1.0,14.0,0.0,0.0,0.0,0.0,
ENG-Premier League,2223,2023-05-21 Manchester City-Chelsea,Manchester City,Stefan Ortega,True,Goalkeeper,1,start,end,1.0,0.0,0.0,0.0,0.0,0.0,0.0,0.0,6.0,13.0,0.0,0.0,0.0,0.0,
ENG-Premier League,2223,2023-05-21 West Ham United-Leeds United,Leeds United,Joel Robles,False,Goalkeeper,1,start,end,1.0,0.0,0.0,0.0,0.0,0.0,0.0,3.0,6.0,16.0,0.0,0.0,0.0,0.0,
ENG-Premier League,2223,2023-05-21 West Ham United-Leeds United,West Ham United,Lukasz Fabianski,True,Goalkeeper,1,start,end,1.0,0.0,0.0,0.0,0.0,0.0,0.0,1.0,2.0,10.0,0.0,0.0,0.0,0.0,
ENG-Premier League,2223,2023-05-22 Newcastle United-Leicester City,Leicester City,Daniel Iversen,False,Goalkeeper,1,start,end,1.0,0.0,0.0,0.0,0.0,0.0,0.0,0.0,3.0,23.0,0.0,0.0,0.0,0.0,
ENG-Premier League,2223,2023-05-22 Newcastle United-Leicester City,Newcastle United,Nick Pope,True,Goalkeeper,1,start,end,1.0,0.0,0.0,0.0,0.0,0.0,0.0,0.0,1.0,0.0,0.0,0.0,0.0,0.0,
ENG-Premier League,2223,2023-05-24 Brighton & Hove Albion-Manchester City,Brighton & Hove Albion,Jason Steele,True,Goalkeeper,1,start,end,1.0,0.0,0.0,0.0,0.0,0.0,0.0,1.0,3.0,13.0,0.0,0.0,0.0,0.0,
ENG-Premier League,2223,2023-05-24 Brighton & Hove Albion-Manchester City,Manchester City,Stefan Ortega,False,Goalkeeper,1,start,end,1.0,0.0,0.0,0.0,0.0,0.0,0.0,1.0,6.0,19.0,0.0,0.0,0.0,0.0,
ENG-Premier League,2223,2023-05-25 Manchester United-Chelsea,Chelsea,Kepa Arrizabalaga,False,Goalkeeper,1,start,end,1.0,0.0,1.0,0.0,0.0,0.0,0.0,4.0,5.0,12.0,0.0,0.0,0.0,0.0,
ENG-Premier League,2223,2023-05-25 Manchester United-Chelsea,Manchester United,David de Gea,True,Goalkeeper,1,start,end,1.0,0.0,1.0,0.0,0.0,0.0,0.0,1.0,4.0,13.0,0.0,0.0,0.0,0.0,
ENG-Premier League,2223,2023-05-28 Arsenal-Wolverhampton Wanderers,Arsenal,Aaron Ramsdale,True,Goalkeeper,1,start,end,1.0,0.0,0.0,0.0,0.0,0.0,0.0,0.0,0.0,6.0,0.0,0.0,0.0,0.0,
ENG-Premier League,2223,2023-05-28 Arsenal-Wolverhampton Wanderers,Wolverhampton Wanderers,José Sá,False,Goalkeeper,1,start,end,1.0,0.0,1.0,0.0,0.0,0.0,0.0,5.0,3.0,9.0,0.0,0.0,0.0,0.0,
ENG-Premier League,2223,2023-05-28 Aston Villa-Brighton & Hove Albion,Aston Villa,Emiliano Martínez,True,Goalkeeper,1,start,end,1.0,0.0,0.0,0.0,0.0,0.0,0.0,1.0,3.0,7.0,0.0,0.0,0.0,0.0,
ENG-Premier League,2223,2023-05-28 Aston Villa-Brighton & Hove Albion,Brighton & Hove Albion,Jason Steele,False,Goalkeeper,1,start,end,1.0,0.0,0.0,0.0,0.0,0.0,0.0,2.0,3.0,9.0,0.0,0.0,0.0,0.0,
ENG-Premier League,2223,2023-05-28 Brentford-Manchester City,Brentford,David Raya,True,Goalkeeper,1,start,end,1.0,0.0,0.0,0.0,0.0,0.0,0.0,0.0,2.0,17.0,0.0,0.0,0.0,0.0,
ENG-Premier League,2223,2023-05-28 Brentford-Manchester City,Manchester City,Ederson,False,Goalkeeper,1,start,end,1.0,0.0,1.0,0.0,0.0,0.0,0.0,1.0,3.0,9.0,0.0,0.0,0.0,0.0,
ENG-Premier League,2223,2023-05-28 Chelsea-Newcastle United,Chelsea,Kepa Arrizabalaga,True,Goalkeeper,1,start,end,1.0,0.0,0.0,0.0,0.0,0.0,0.0,1.0,3.0,12.0,0.0,0.0,0.0,0.0,
ENG-Premier League,2223,2023-05-28 Chelsea-Newcastle United,Newcastle United,Martin Dúbravka,False,Goalkeeper,1,start,end,1.0,0.0,0.0,0.0,0.0,0.0,0.0,0.0,5.0,20.0,0.0,0.0,0.0,0.0,
ENG-Premier League,2223,2023-05-28 Crystal Palace-Nottingham Forest,Crystal Palace,Sam Johnstone,True,Goalkeeper,1,start,end,1.0,0.0,0.0,0.0,0.0,0.0,0.0,1.0,3.0,6.0,0.0,0.0,0.0,0.0,
ENG-Premier League,2223,2023-05-28 Crystal Palace-Nottingham Forest,Nottingham Forest,Wayne Hennessey,False,Goalkeeper,1,start,end,1.0,0.0,0.0,0.0,0.0,0.0,0.0,1.0,3.0,14.0,0.0,0.0,0.0,0.0,
ENG-Premier League,2223,2023-05-28 Everton-AFC Bournemouth,AFC Bournemouth,Mark Travers,False,Goalkeeper,1,start,end,1.0,0.0,0.0,0.0,0.0,0.0,0.0,1.0,5.0,12.0,0.0,0.0,0.0,0.0,
ENG-Premier League,2223,2023-05-28 Everton-AFC Bournemouth,Everton,Jordan Pickford,True,Goalkeeper,1,start,end,1.0,0.0,0.0,0.0,0.0,0.0,1.0,0.0,1.0,7.0,0.0,0.0,0.0,0.0,
ENG-Premier League,2223,2023-05-28 Leeds United-Tottenham Hotspur,Leeds United,Joel Robles,True,Goalkeeper,1,start,end,1.0,0.0,0.0,0.0,0.0,0.0,0.0,4.0,3.0,7.0,0.0,0.0,0.0,0.0,
ENG-Premier League,2223,2023-05-28 Leeds United-Tottenham Hotspur,Tottenham Hotspur,Fraser Forster,False,Goalkeeper,1,start,end,1.0,0.0,0.0,0.0,0.0,0.0,0.0,1.0,1.0,17.0,0.0,0.0,0.0,0.0,
ENG-Premier League,2223,2023-05-28 Leicester City-West Ham United,Leicester City,Daniel Iversen,True,Goalkeeper,1,start,end,1.0,0.0,0.0,0.0,0.0,0.0,0.0,1.0,2.0,15.0,0.0,0.0,0.0,0.0,
ENG-Premier League,2223,2023-05-28 Leicester City-West Ham United,West Ham United,Lukasz Fabianski,False,Goalkeeper,1,start,end,1.0,0.0,0.0,0.0,0.0,0.0,0.0,2.0,2.0,11.0,0.0,0.0,0.0,0.0,
ENG-Premier League,2223,2023-05-28 Manchester United-Fulham,Fulham,Bernd Leno,False,Goalkeeper,1,start,end,1.0,0.0,0.0,0.0,0.0,0.0,0.0,2.0,6.0,19.0,0.0,0.0,0.0,0.0,
ENG-Premier League,2223,2023-05-28 Manchester United-Fulham,Manchester United,David de Gea,True,Goalkeeper,1,start,end,1.0,0.0,0.0,0.0,0.0,0.0,0.0,1.0,1.0,8.0,0.0,0.0,0.0,0.0,
ENG-Premier League,2223,2023-05-28 Southampton-Liverpool,Liverpool,Caoimhín Kelleher,False,Goalkeeper,1,start,end,1.0,0.0,0.0,0.0,0.0,0.0,0.0,4.0,6.0,11.0,0.0,0.0,0.0,0.0,
ENG-Premier League,2223,2023-05-28 Southampton-Liverpool,Southampton,Alex McCarthy,True,Goalkeeper,1,start,end,1.0,0.0,0.0,0.0,0.0,0.0,0.0,4.0,4.0,24.0,0.0,0.0,0.0,0.0,
