league,season,game,team,player,is_home,position,formation_place,sub_in,sub_out,appearances,fouls_committed,fouls_suffered,own_goals,red_cards,sub_ins,yellow_cards,goals_conceded,saves,shots_faced,goal_assists,shots_on_target,total_goals,total_shots,offsides
ESP-La Liga,2425,2024-08-15 Athletic Club-Getafe,Athletic Club,Álex Padilla,True,Goalkeeper,1,start,end,1.0,0.0,0.0,0.0,0.0,0.0,0.0,1.0,1.0,8.0,0.0,0.0,0.0,0.0,
ESP-La Liga,2425,2024-08-15 Athletic Club-Getafe,Getafe,David Soria,False,Goalkeeper,1,start,end,1.0,0.0,0.0,0.0,0.0,0.0,0.0,1.0,3.0,5.0,0.0,0.0,0.0,0.0,
ESP-La Liga,2425,2024-08-15 Real Betis-Girona,Girona,Paulo Gazzaniga,False,Goalkeeper,1,start,end,1.0,0.0,0.0,0.0,0.0,0.0,0.0,1.0,3.0,18.0,0.0,0.0,0.0,0.0,
ESP-La Liga,2425,2024-08-15 Real Betis-Girona,Real Betis,Rui Silva,True,Goalkeeper,1,start,end,1.0,0.0,1.0,0.0,0.0,0.0,0.0,1.0,1.0,12.0,0.0,0.0,0.0,0.0,
ESP-La Liga,2425,2024-08-16 Celta Vigo-Alavés,Alavés,Antonio Sivera,False,Goalkeeper,1,start,end,1.0,0.0,0.0,0.0,0.0,0.0,0.0,2.0,2.0,4.0,0.0,0.0,0.0,0.0,
ESP-La Liga,2425,2024-08-16 Celta Vigo-Alavés,Celta Vigo,Iván Villar,True,Goalkeeper,1,start,end,1.0,0.0,0.0,0.0,0.0,0.0,0.0,1.0,1.0,9.0,0.0,0.0,0.0,0.0,
ESP-La Liga,2425,2024-08-16 Las Palmas-Sevilla,Las Palmas,Jasper Cillessen,True,Goalkeeper,1,start,end,1.0,0.0,0.0,0.0,0.0,0.0,0.0,2.0,4.0,16.0,0.0,0.0,0.0,0.0,
ESP-La Liga,2425,2024-08-16 Las Palmas-Sevilla,Sevilla,Ørjan Nyland,False,Goalkeeper,1,start,end,1.0,0.0,0.0,0.0,0.0,0.0,0.0,2.0,4.0,14.0,0.0,0.0,0.0,0.0,
ESP-La Liga,2425,2024-08-17 Osasuna-Leganés,Leganés,Juan Soriano,False,Goalkeeper,1,start,end,1.0,0.0,0.0,1.0,0.0,0.0,1.0,1.0,6.0,13.0,0.0,0.0,0.0,0.0,
ESP-La Liga,2425,2024-08-17 Osasuna-Leganés,Osasuna,Sergio Herrera,True,Goalkeeper,1,start,end,1.0,0.0,0.0,0.0,0.0,0.0,0.0,1.0,3.0,9.0,0.0,0.0,0.0,0.0,
ESP-La Liga,2425,2024-08-17 Valencia-Barcelona,Barcelona,Marc-André ter Stegen,False,Goalkeeper,1,start,end,1.0,0.0,0.0,0.0,0.0,0.0,0.0,1.0,1.0,5.0,0.0,0.0,0.0,0.0,
ESP-La Liga,2425,2024-08-17 Valencia-Barcelona,Valencia,Giorgi Mamardashvili,True,Goalkeeper,1,start,end,1.0,0.0,0.0,0.0,0.0,0.0,0.0,2.0,4.0,17.0,0.0,0.0,0.0,0.0,
ESP-La Liga,2425,2024-08-18 Mallorca-Real Madrid,Mallorca,Dominik Greif,True,Goalkeeper,1,start,end,1.0,0.0,0.0,0.0,0.0,0.0,0.0,1.0,5.0,12.0,0.0,0.0,0.0,0.0,
ESP-La Liga,2425,2024-08-18 Mallorca-Real Madrid,Real Madrid,Thibaut Courtois,False,Goalkeeper,1,start,end,1.0,0.0,0.0,0.0,0.0,0.0,0.0,1.0,4.0,11.0,0.0,0.0,0.0,0.0,
ESP-La Liga,2425,2024-08-18 Real Sociedad-Rayo Vallecano,Rayo Vallecano,Daniel Cárdenas,False,Goalkeeper,1,start,end,1.0,0.0,0.0,0.0,0.0,0.0,0.0,1.0,3.0,9.0,0.0,0.0,0.0,0.0,
ESP-La Liga,2425,2024-08-18 Real Sociedad-Rayo Vallecano,Real Sociedad,Álex Remiro,True,Goalkeeper,1,start,end,1.0,0.0,0.0,0.0,0.0,0.0,0.0,2.0,2.0,10.0,0.0,0.0,0.0,0.0,
ESP-La Liga,2425,2024-08-19 Real Valladolid-Espanyol,Espanyol,Joan García,False,Goalkeeper,1,start,end,1.0,0.0,0.0,0.0,0.0,0.0,0.0,1.0,0.0,11.0,0.0,0.0,0.0,0.0,
ESP-La Liga,2425,2024-08-19 Real Valladolid-Espanyol,Real Valladolid,Karl Hein,True,Goalkeeper,1,start,end,1.0,0.0,0.0,0.0,0.0,0.0,0.0,0.0,2.0,10.0,0.0,0.0,0.0,0.0,
ESP-La Liga,2425,2024-08-19 Villarreal-Atlético Madrid,Atlético Madrid,Jan Oblak,False,Goalkeeper,1,start,end,1.0,0.0,0.0,0.0,0.0,0.0,0.0,2.0,2.0,9.0,0.0,0.0,0.0,0.0,
ESP-La Liga,2425,2024-08-19 Villarreal-Atlético Madrid,Villarreal,Diego Conde,True,Goalkeeper,1,start,end,1.0,0.0,0.0,0.0,0.0,0.0,0.0,2.0,2.0,7.0,1.0,0.0,0.0,0.0,
ESP-La Liga,2425,2024-08-23 Celta Vigo-Valencia,Celta Vigo,Iván Villar,True,Goalkeeper,1,start,end,1.0,0.0,0.0,0.0,0.0,0.0,0.0,1.0,3.0,10.0,0.0,0.0,0.0,0.0,
ESP-La Liga,2425,2024-08-23 Celta Vigo-Valencia,Valencia,Giorgi Mamardashvili,False,Goalkeeper,1,start,end,1.0,0.0,0.0,0.0,0.0,0.0,0.0,3.0,1.0,3.0,0.0,0.0,0.0,0.0,
ESP-La Liga,2425,2024-08-23 Sevilla-Villarreal,Sevilla,Ørjan Nyland,True,Goalkeeper,1,start,end,1.0,0.0,0.0,0.0,0.0,0.0,0.0,2.0,4.0,5.0,0.0,0.0,0.0,0.0,
ESP-La Liga,2425,2024-08-23 Sevilla-Villarreal,Villarreal,Diego Conde,False,Goalkeeper,1,start,end,1.0,0.0,0.0,0.0,0.0,0.0,0.0,1.0,7.0,14.0,0.0,0.0,0.0,0.0,
ESP-La Liga,2425,2024-08-24 Barcelona-Athletic Club,Athletic Club,Álex Padilla,False,Goalkeeper,1,start,end,1.0,0.0,1.0,0.0,0.0,0.0,0.0,2.0,3.0,11.0,0.0,0.0,0.0,0.0,
ESP-La Liga,2425,2024-08-24 Barcelona-Athletic Club,Barcelona,Marc-André ter Stegen,True,Goalkeeper,1,start,end,1.0,0.0,0.0,0.0,0.0,0.0,0.0,1.0,1.0,8.0,0.0,0.0,0.0,0.0,
ESP-La Liga,2425,2024-08-24 Espanyol-Real Sociedad,Espanyol,Joan García,True,Goalkeeper,1,start,end,1.0,0.0,0.0,0.0,0.0,0.0,0.0,1.0,3.0,8.0,0.0,1.0,0.0,1.0,
ESP-La Liga,2425,2024-08-24 Espanyol-Real Sociedad,Real Sociedad,Álex Remiro,False,Goalkeeper,1,start,end,1.0,0.0,0.0,0.0,0.0,0.0,0.0,0.0,3.0,13.0,0.0,0.0,0.0,0.0,
ESP-La Liga,2425,2024-08-24 Getafe-Rayo Vallecano,Getafe,David Soria,True,Goalkeeper,1,start,end,1.0,0.0,0.0,0.0,0.0,0.0,0.0,0.0,0.0,3.0,0.0,0.0,0.0,0.0,
ESP-La Liga,2425,2024-08-24 Getafe-Rayo Vallecano,Rayo Vallecano,Daniel Cárdenas,False,Goalkeeper,1,start,end,1.0,0.0,1.0,0.0,0.0,0.0,0.0,0.0,0.0,12.0,0.0,0.0,0.0,0.0,
ESP-La Liga,2425,2024-08-24 Osasuna-Mallorca,Mallorca,Dominik Greif,False,Goalkeeper,1,start,end,1.0,0.0,0.0,0.0,0.0,0.0,0.0,1.0,4.0,15.0,0.0,0.0,0.0,0.0,
ESP-La Liga,2425,2024-08-24 Osasuna-Mallorca,Osasuna,Sergio Herrera,True,Goalkeeper,1,start,end,1.0,0.0,0.0,0.0,0.0,0.0,1.0,0.0,1.0,10.0,0.0,0.0,0.0,0.0,
ESP-La Liga,2425,2024-08-25 Alavés-Real Betis,Alavés,Antonio Sivera,True,Goalkeeper,1,start,end,1.0,0.0,0.0,0.0,0.0,0.0,0.0,0.0,3.0,15.0,0.0,0.0,0.0,0.0,
ESP-La Liga,2425,2024-08-25 Alavés-Real Betis,Real Betis,Rui Silva,False,Goalkeeper,1,start,end,1.0,0.0,0.0,0.0,0.0,0.0,0.0,0.0,1.0,5.0,0.0,0.0,0.0,0.0,
ESP-La Liga,2425,2024-08-25 Atlético Madrid-Girona,Atlético Madrid,Jan Oblak,True,Goalkeeper,1,start,end,1.0,0.0,0.0,0.0,0.0,0.0,0.0,0.0,4.0,13.0,0.0,0.0,0.0,0.0,
ESP-La Liga,2425,2024-08-25 Atlético Madrid-Girona,Girona,Paulo Gazzaniga,False,Goalkeeper,1,start,end,1.0,0.0,0.0,0.0,0.0,0.0,1.0,3.0,3.0,8.0,0.0,0.0,0.0,0.0,
ESP-La Liga,2425,2024-08-25 Leganés-Las Palmas,Las Palmas,Jasper Cillessen,False,Goalkeeper,1,start,end,1.0,0.0,0.0,0.0,0.0,0.0,0.0,2.0,2.0,7.0,0.0,0.0,0.0,0.0,
ESP-La Liga,2425,2024-08-25 Leganés-Las Palmas,Leganés,Juan Soriano,True,Goalkeeper,1,start,end,1.0,0.0,1.0,0.0,0.0,0.0,0.0,1.0,4.0,7.0,0.0,0.0,0.0,0.0,
ESP-La Liga,2425,2024-08-25 Real Madrid-Real Valladolid,Real Madrid,Thibaut Courtois,True,Goalkeeper,1,start,end,1.0,0.0,0.0,0.0,0.0,0.0,0.0,0.0,0.0,8.0,0.0,0.0,0.0,0.0,
ESP-La Liga,2425,2024-08-25 Real Madrid-Real Valladolid,Real Valladolid,Karl Hein,False,Goalkeeper,1,start,end,1.0,0.0,0.0,0.0,0.0,0.0,0.0,3.0,6.0,13.0,0.0,0.0,0.0,0.0,
ESP-La Liga,2425,2024-08-26 Villarreal-Celta Vigo,Celta Vigo,Iván Villar,False,Goalkeeper,1,start,end,1.0,0.0,0.0,0.0,0.0,0.0,0.0,4.0,6.0,20.0,0.0,0.0,0.0,0.0,
ESP-La Liga,2425,2024-08-26 Villarreal-Celta Vigo,Villarreal,Diego Conde,True,Goalkeeper,1,start,end,1.0,0.0,0.0,0.0,0.0,0.0,0.0,3.0,4.0,18.0,0.0,0.0,0.0,0.0,
ESP-La Liga,2425,2024-08-27 Mallorca-Sevilla,Mallorca,Leo Román,True,Goalkeeper,1,start,end,1.0,0.0,0.0,0.0,0.0,0.0,0.0,0.0,7.0,17.0,0.0,0.0,0.0,0.0,
ESP-La Liga,2425,2024-08-27 Mallorca-Sevilla,Sevilla,Ørjan Nyland,False,Goalkeeper,1,start,end,1.0,0.0,0.0,0.0,0.0,0.0,0.0,0.0,4.0,13.0,0.0,0.0,0.0,0.0,
ESP-La Liga,2425,2024-08-27 Rayo Vallecano-Barcelona,Barcelona,Marc-André ter Stegen,False,Goalkeeper,1,start,end,1.0,0.0,1.0,0.0,0.0,0.0,0.0,1.0,3.0,7.0,0.0,0.0,0.0,0.0,
ESP-La Liga,2425,2024-08-27 Rayo Vallecano-Barcelona,Rayo Vallecano,Daniel Cárdenas,True,Goalkeeper,1,start,end,1.0,0.0,0.0,0.0,0.0,0.0,0.0,2.0,3.0,18.0,0.0,0.0,0.0,0.0,
ESP-La Liga,2425,2024-08-28 Athletic Club-Valencia,Athletic Club,Julen Agirrezabala,True,Goalkeeper,1,start,end,1.0,0.0,0.0,0.0,0.0,0.0,0.0,0.0,0.0,2.0,0.0,0.0,0.0,0.0,
ESP-La Liga,2425,2024-08-28 Athletic Club-Valencia,Valencia,Giorgi Mamardashvili,False,Goalkeeper,1,start,end,1.0,0.0,1.0,0.0,0.0,0.0,0.0,1.0,4.0,12.0,0.0,0.0,0.0,0.0,
ESP-La Liga,2425,2024-08-28 Atlético Madrid-Espanyol,Atlético Madrid,Jan Oblak,True,Goalkeeper,1,start,end,1.0,0.0,0.0,0.0,0.0,0.0,0.0,0.0,1.0,9.0,0.0,0.0,0.0,0.0,
ESP-La Liga,2425,2024-08-28 Atlético Madrid-Espanyol,Espanyol,Joan García,False,Goalkeeper,1,start,end,1.0,0.0,0.0,0.0,0.0,0.0,0.0,0.0,7.0,25.0,0.0,0.0,0.0,0.0,
ESP-La Liga,2425,2024-08-28 Real Sociedad-Alavés,Alavés,Antonio Sivera,False,Goalkeeper,1,start,end,1.0,0.0,0.0,0.0,0.0,0.0,1.0,1.0,0.0,9.0,0.0,0.0,0.0,0.0,
ESP-La Liga,2425,2024-08-28 Real Sociedad-Alavés,Real Sociedad,Álex Remiro,True,Goalkeeper,1,start,end,1.0,0.0,0.0,0.0,0.0,0.0,0.0,2.0,3.0,12.0,0.0,0.0,0.0,0.0,
ESP-La Liga,2425,2024-08-28 Real Valladolid-Leganés,Leganés,Juan Soriano,False,Goalkeeper,1,start,end,1.0,0.0,0.0,0.0,0.0,0.0,0.0,0.0,2.0,13.0,0.0,0.0,0.0,0.0,
ESP-La Liga,2425,2024-08-28 Real Valladolid-Leganés,Real Valladolid,Karl Hein,True,Goalkeeper,1,start,end,1.0,0.0,0.0,0.0,0.0,0.0,0.0,0.0,2.0,6.0,0.0,0.0,0.0,0.0,
ESP-La Liga,2425,2024-08-29 Girona-Osasuna,Girona,Paulo Gazzaniga,True,Goalkeeper,1,start,end,1.0,0.0,0.0,0.0,0.0,0.0,0.0,0.0,0.0,1.0,0.0,0.0,0.0,0.0,
ESP-La Liga,2425,2024-08-29 Girona-Osasuna,Osasuna,Sergio Herrera,False,Goalkeeper,1,start,end,1.0,0.0,0.0,0.0,0.0,0.0,0.0,4.0,1.0,6.0,0.0,0.0,0.0,0.0,
ESP-La Liga,2425,2024-08-29 Las Palmas-Real Madrid,Las Palmas,Jasper Cillessen,True,Goalkeeper,1,start,end,1.0,0.0,0.0,0.0,0.0,0.0,0.0,1.0,7.0,23.0,0.0,0.0,0.0,0.0,
ESP-La Liga,2425,2024-08-29 Las Palmas-Real Madrid,Real Madrid,Thibaut Courtois,False,Goalkeeper,1,start,end,1.0,0.0,0.0,0.0,0.0,0.0,0.0,1.0,2.0,6.0,0.0,0.0,0.0,0.0,
ESP-La Liga,2425,2024-08-31 Athletic Club-Atlético Madrid,Athletic Club,Julen Agirrezabala,True,Goalkeeper,1,start,end,1.0,0.0,0.0,0.0,0.0,0.0,0.0,1.0,1.0,8.0,0.0,0.0,0.0,0.0,
ESP-La Liga,2425,2024-08-31 Athletic Club-Atlético Madrid,Atlético Madrid,Juan Musso,False,Goalkeeper,1,start,end,1.0,0.0,1.0,0.0,0.0,0.0,0.0,0.0,1.0,9.0,0.0,0.0,0.0,0.0,
ESP-La Liga,2425,2024-08-31 Barcelona-Real Valladolid,Barcelona,Marc-André ter Stegen,True,Goalkeeper,1,start,end,1.0,0.0,0.0,0.0,0.0,0.0,0.0,0.0,1.0,4.0,0.0,0.0,0.0,0.0,
ESP-La Liga,2425,2024-08-31 Barcelona-Real Valladolid,Real Valladolid,Karl Hein,False,Goalkeeper,1,start,end,1.0,0.0,0.0,0.0,0.0,0.0,0.0,7.0,4.0,16.0,0.0,0.0,0.0,0.0,
ESP-La Liga,2425,2024-08-31 Espanyol-Rayo Vallecano,Espanyol,Joan García,True,Goalkeeper,1,start,end,1.0,0.0,1.0,0.0,0.0,0.0,0.0,1.0,4.0,17.0,0.0,0.0,0.0,0.0,
ESP-La Liga,2425,2024-08-31 Espanyol-Rayo Vallecano,Rayo Vallecano,Daniel Cárdenas,False,Goalkeeper,1,start,end,1.0,0.0,0.0,0.0,0.0,0.0,0.0,2.0,1.0,9.0,0.0,0.0,0.0,0.0,
ESP-La Liga,2425,2024-08-31 Leganés-Mallorca,Leganés,Juan Soriano,True,Goalkeeper,1,start,end,1.0,0.0,1.0,0.0,0.0,0.0,0.0,1.0,3.0,9.0,0.0,0.0,0.0,0.0,
ESP-La Liga,2425,2024-08-31 Leganés-Mallorca,Mallorca,Dominik Greif,False,Goalkeeper,1,start,end,1.0,0.0,0.0,0.0,0.0,0.0,0.0,0.0,2.0,9.0,0.0,0.0,0.0,0.0,
ESP-La Liga,2425,2024-08-31 Valencia-Villarreal,Valencia,Giorgi Mamardashvili,True,Goalkeeper,1,start,end,1.0,0.0,1.0,0.0,0.0,0.0,0.0,1.0,1.0,8.0,0.0,0.0,0.0,0.0,
ESP-La Liga,2425,2024-08-31 Valencia-Villarreal,Villarreal,Diego Conde,False,Goalkeeper,1,start,end,1.0,0.0,0.0,0.0,0.0,0.0,0.0,1.0,4.0,21.0,0.0,0.0,0.0,0.0,
ESP-La Liga,2425,2024-09-01 Alavés-Las Palmas,Alavés,Antonio Sivera,True,Goalkeeper,1,start,end,1.0,0.0,0.0,0.0,0.0,0.0,0.0,0.0,6.0,11.0,0.0,0.0,0.0,0.0,
ESP-La Liga,2425,2024-09-01 Alavés-Las Palmas,Las Palmas,Jasper Cillessen,False,Goalkeeper,1,start,end,1.0,0.0,0.0,0.0,0.0,0.0,0.0,2.0,3.0,12.0,0.0,0.0,0.0,0.0,
ESP-La Liga,2425,2024-09-01 Getafe-Real Sociedad,Getafe,David Soria,True,Goalkeeper,1,start,end,1.0,0.0,0.0,0.0,0.0,0.0,0.0,0.0,0.0,1.0,0.0,0.0,0.0,0.0,
ESP-La Liga,2425,2024-09-01 Getafe-Real Sociedad,Real Sociedad,Álex Remiro,False,Goalkeeper,1,start,end,1.0,0.0,1.0,0.0,0.0,0.0,0.0,0.0,1.0,16.0,0.0,0.0,0.0,0.0,
ESP-La Liga,2425,2024-09-01 Osasuna-Celta Vigo,Celta Vigo,Iván Villar,False,Goalkeeper,1,start,end,1.0,0.0,0.0,0.0,0.0,0.0,0.0,3.0,1.0,8.0,0.0,0.0,0.0,0.0,
ESP-La Liga,2425,2024-09-01 Osasuna-Celta Vigo,Osasuna,Sergio Herrera,True,Goalkeeper,1,start,end,1.0,0.0,0.0,0.0,0.0,0.0,0.0,2.0,3.0,10.0,0.0,0.0,0.0,0.0,
ESP-La Liga,2425,2024-09-01 Real Madrid-Real Betis,Real Betis,Rui Silva,False,Goalkeeper,1,start,end,1.0,1.0,1.0,0.0,0.0,0.0,0.0,2.0,5.0,19.0,0.0,0.0,0.0,0.0,
ESP-La Liga,2425,2024-09-01 Real Madrid-Real Betis,Real Madrid,Thibaut Courtois,True,Goalkeeper,1,start,end,1.0,0.0,0.0,0.0,0.0,0.0,0.0,0.0,2.0,11.0,0.0,0.0,0.0,0.0,
ESP-La Liga,2425,2024-09-01 Sevilla-Girona,Girona,Paulo Gazzaniga,False,Goalkeeper,1,start,end,1.0,0.0,0.0,0.0,0.0,0.0,0.0,0.0,5.0,16.0,0.0,0.0,0.0,0.0,
ESP-La Liga,2425,2024-09-01 Sevilla-Girona,Sevilla,Ørjan Nyland,True,Goalkeeper,1,start,end,1.0,0.0,0.0,0.0,0.0,0.0,0.0,2.0,2.0,8.0,0.0,0.0,0.0,0.0,
ESP-La Liga,2425,2024-09-13 Real Betis-Leganés,Leganés,Juan Soriano,False,Goalkeeper,1,start,end,1.0,0.0,1.0,0.0,0.0,0.0,0.0,2.0,3.0,12.0,0.0,0.0,0.0,0.0,
ESP-La Liga,2425,2024-09-13 Real Betis-Leganés,Real Betis,Rui Silva,True,Goalkeeper,1,start,end,1.0,0.0,0.0,0.0,0.0,0.0,0.0,0.0,0.0,3.0,0.0,0.0,0.0,0.0,
ESP-La Liga,2425,2024-09-14 Espanyol-Alavés,Alavés,Antonio Sivera,False,Goalkeeper,1,start,end,1.0,1.0,0.0,0.0,0.0,0.0,1.0,3.0,1.0,6.0,0.0,0.0,0.0,0.0,
ESP-La Liga,2425,2024-09-14 Espanyol-Alavés,Espanyol,Joan García,True,Goalkeeper,1,start,end,1.0,0.0,0.0,0.0,0.0,0.0,0.0,2.0,4.0,17.0,0.0,0.0,0.0,0.0,
ESP-La Liga,2425,2024-09-14 Mallorca-Villarreal,Mallorca,Dominik Greif,True,Goalkeeper,1,start,end,1.0,0.0,0.0,0.0,0.0,0.0,0.0,2.0,2.0,19.0,0.0,0.0,0.0,0.0,
ESP-La Liga,2425,2024-09-14 Mallorca-Villarreal,Villarreal,Diego Conde,False,Goalkeeper,1,start,end,1.0,0.0,0.0,0.0,0.0,0.0,0.0,1.0,4.0,8.0,0.0,0.0,0.0,0.0,
ESP-La Liga,2425,2024-09-14 Real Sociedad-Real Madrid,Real Madrid,Thibaut Courtois,False,Goalkeeper,1,start,end,1.0,0.0,0.0,0.0,0.0,0.0,0.0,0.0,2.0,11.0,0.0,0.0,0.0,0.0,
ESP-La Liga,2425,2024-09-14 Real Sociedad-Real Madrid,Real Sociedad,Álex Remiro,True,Goalkeeper,1,start,end,1.0,0.0,0.0,0.0,0.0,0.0,0.0,2.0,4.0,14.0,0.0,0.0,0.0,0.0,
ESP-La Liga,2425,2024-09-14 Sevilla-Getafe,Getafe,David Soria,False,Goalkeeper,1,start,end,1.0,0.0,0.0,0.0,0.0,0.0,0.0,1.0,3.0,9.0,0.0,0.0,0.0,0.0,
ESP-La Liga,2425,2024-09-14 Sevilla-Getafe,Sevilla,Ørjan Nyland,True,Goalkeeper,1,start,end,1.0,0.0,0.0,0.0,0.0,0.0,0.0,0.0,4.0,13.0,0.0,0.0,0.0,0.0,
ESP-La Liga,2425,2024-09-15 Atlético Madrid-Valencia,Atlético Madrid,Jan Oblak,True,Goalkeeper,1,start,end,1.0,0.0,0.0,0.0,0.0,0.0,0.0,0.0,1.0,5.0,0.0,0.0,0.0,0.0,
ESP-La Liga,2425,2024-09-15 Atlético Madrid-Valencia,Valencia,Giorgi Mamardashvili,False,Goalkeeper,1,start,end,1.0,0.0,0.0,0.0,0.0,0.0,0.0,3.0,1.0,11.0,0.0,0.0,0.0,0.0,
ESP-La Liga,2425,2024-09-15 Celta Vigo-Real Valladolid,Celta Vigo,Vicente Guaita,True,Goalkeeper,1,start,end,1.0,0.0,2.0,0.0,0.0,0.0,0.0,1.0,1.0,5.0,0.0,0.0,0.0,0.0,
ESP-La Liga,2425,2024-09-15 Celta Vigo-Real Valladolid,Real Valladolid,Karl Hein,False,Goalkeeper,1,start,end,1.0,0.0,0.0,0.0,0.0,0.0,0.0,3.0,6.0,10.0,0.0,0.0,0.0,0.0,
ESP-La Liga,2425,2024-09-15 Girona-Barcelona,Barcelona,Marc-André ter Stegen,False,Goalkeeper,1,start,end,1.0,0.0,0.0,0.0,0.0,0.0,0.0,1.0,3.0,8.0,0.0,0.0,0.0,0.0,
ESP-La Liga,2425,2024-09-15 Girona-Barcelona,Girona,Paulo Gazzaniga,True,Goalkeeper,1,start,end,1.0,0.0,0.0,0.0,0.0,0.0,0.0,4.0,5.0,15.0,0.0,0.0,0.0,0.0,
ESP-La Liga,2425,2024-09-15 Las Palmas-Athletic Club,Athletic Club,Julen Agirrezabala,False,Goalkeeper,1,start,end,1.0,0.0,0.0,0.0,0.0,0.0,0.0,2.0,3.0,13.0,0.0,0.0,0.0,0.0,
ESP-La Liga,2425,2024-09-15 Las Palmas-Athletic Club,Las Palmas,Jasper Cillessen,True,Goalkeeper,1,start,end,1.0,0.0,0.0,0.0,0.0,0.0,0.0,3.0,1.0,6.0,0.0,0.0,0.0,0.0,
ESP-La Liga,2425,2024-09-16 Rayo Vallecano-Osasuna,Osasuna,Sergio Herrera,False,Goalkeeper,1,start,end,1.0,0.0,0.0,0.0,0.0,0.0,0.0,3.0,3.0,12.0,0.0,0.0,0.0,0.0,
ESP-La Liga,2425,2024-09-16 Rayo Vallecano-Osasuna,Rayo Vallecano,Augusto Batalla,True,Goalkeeper,1,start,end,1.0,0.0,0.0,0.0,0.0,0.0,0.0,1.0,1.0,4.0,0.0,0.0,0.0,0.0,
ESP-La Liga,2425,2024-09-17 Mallorca-Real Sociedad,Mallorca,Leo Román,True,Goalkeeper,1,start,end,1.0,0.0,0.0,0.0,0.0,0.0,0.0,0.0,5.0,12.0,0.0,0.0,0.0,0.0,
ESP-La Liga,2425,2024-09-17 Mallorca-Real Sociedad,Real Sociedad,Álex Remiro,False,Goalkeeper,1,start,end,1.0,0.0,0.0,0.0,0.0,0.0,0.0,1.0,3.0,9.0,0.0,0.0,0.0,0.0,
ESP-La Liga,2425,2024-09-18 Real Betis-Getafe,Getafe,David Soria,False,Goalkeeper,1,start,end,1.0,0.0,0.0,0.0,0.0,0.0,0.0,2.0,6.0,13.0,0.0,0.0,0.0,0.0,
ESP-La Liga,2425,2024-09-18 Real Betis-Getafe,Real Betis,Rui Silva,True,Goalkeeper,1,start,end,1.0,0.0,0.0,0.0,0.0,0.0,1.0,1.0,4.0,14.0,0.0,0.0,0.0,0.0,
ESP-La Liga,2425,2024-09-19 Leganés-Athletic Club,Athletic Club,Julen Agirrezabala,False,Goalkeeper,1,start,end,1.0,0.0,1.0,0.0,0.0,0.0,0.0,0.0,3.0,13.0,0.0,0.0,0.0,0.0,
ESP-La Liga,2425,2024-09-19 Leganés-Athletic Club,Leganés,Juan Soriano,True,Goalkeeper,1,start,end,1.0,0.0,0.0,0.0,0.0,0.0,0.0,2.0,2.0,8.0,0.0,0.0,0.0,0.0,
ESP-La Liga,2425,2024-09-20 Alavés-Sevilla,Alavés,Antonio Sivera,True,Goalkeeper,1,start,end,1.0,0.0,0.0,0.0,0.0,0.0,0.0,1.0,1.0,7.0,0.0,0.0,0.0,0.0,
ESP-La Liga,2425,2024-09-20 Alavés-Sevilla,Sevilla,Ørjan Nyland,False,Goalkeeper,1,start,end,1.0,0.0,0.0,0.0,0.0,0.0,0.0,2.0,2.0,8.0,0.0,0.0,0.0,0.0,
ESP-La Liga,2425,2024-09-21 Osasuna-Las Palmas,Las Palmas,Jasper Cillessen,False,Goalkeeper,1,start,end,1.0,0.0,0.0,0.0,0.0,0.0,0.0,2.0,2.0,11.0,0.0,0.0,0.0,0.0,
ESP-La Liga,2425,2024-09-21 Osasuna-Las Palmas,Osasuna,Sergio Herrera,True,Goalkeeper,1,start,end,1.0,0.0,0.0,0.0,0.0,0.0,0.0,1.0,5.0,10.0,0.0,0.0,0.0,0.0,
ESP-La Liga,2425,2024-09-21 Real Madrid-Espanyol,Espanyol,Joan García,False,Goalkeeper,1,start,end,1.0,0.0,0.0,0.0,0.0,0.0,1.0,4.0,10.0,27.0,0.0,0.0,0.0,0.0,
ESP-La Liga,2425,2024-09-21 Real Madrid-Espanyol,Real Madrid,Thibaut Courtois,True,Goalkeeper,1,start,end,1.0,0.0,0.0,1.0,0.0,0.0,0.0,1.0,1.0,9.0,0.0,0.0,0.0,0.0,
ESP-La Liga,2425,2024-09-21 Real Valladolid-Real Sociedad,Real Sociedad,Álex Remiro,False,Goalkeeper,1,start,end,1.0,0.0,0.0,0.0,0.0,0.0,0.0,0.0,2.0,15.0,0.0,0.0,0.0,0.0,
ESP-La Liga,2425,2024-09-21 Real Valladolid-Real Sociedad,Real Valladolid,Karl Hein,True,Goalkeeper,1,start,end,1.0,0.0,1.0,0.0,0.0,0.0,0.0,0.0,3.0,14.0,0.0,0.0,0.0,0.0,
ESP-La Liga,2425,2024-09-21 Valencia-Girona,Girona,Paulo Gazzaniga,False,Goalkeeper,1,start,end,1.0,0.0,0.0,0.0,0.0,0.0,0.0,2.0,0.0,6.0,0.0,0.0,0.0,0.0,
ESP-La Liga,2425,2024-09-21 Valencia-Girona,Valencia,Giorgi Mamardashvili,True,Goalkeeper,1,start,end,1.0,0.0,0.0,0.0,0.0,0.0,0.0,0.0,3.0,8.0,0.0,0.0,0.0,0.0,
ESP-La Liga,2425,2024-09-22 Athletic Club-Celta Vigo,Athletic Club,Julen Agirrezabala,True,Goalkeeper,1,start,45,1.0,1.0,0.0,0.0,0.0,0.0,0.0,1.0,1.0,4.0,0.0,0.0,0.0,0.0,
ESP-La Liga,2425,2024-09-22 Athletic Club-Celta Vigo,Celta Vigo,Vicente Guaita,False,Goalkeeper,1,start,end,1.0,0.0,0.0,0.0,0.0,0.0,0.0,3.0,2.0,7.0,0.0,0.0,0.0,0.0,
ESP-La Liga,2425,2024-09-22 Getafe-Leganés,Getafe,David Soria,True,Goalkeeper,1,start,end,1.0,0.0,0.0,0.0,0.0,0.0,0.0,1.0,1.0,5.0,0.0,0.0,0.0,0.0,
ESP-La Liga,2425,2024-09-22 Getafe-Leganés,Leganés,Marko Dmitrovic,False,Goalkeeper,1,start,end,1.0,0.0,1.0,0.0,0.0,0.0,0.0,1.0,3.0,11.0,0.0,0.0,0.0,0.0,
ESP-La Liga,2425,2024-09-22 Rayo Vallecano-Atlético Madrid,Atlético Madrid,Jan Oblak,False,Goalkeeper,1,start,end,1.0,0.0,0.0,0.0,0.0,0.0,0.0,1.0,3.0,15.0,0.0,0.0,0.0,0.0,
ESP-La Liga,2425,2024-09-22 Rayo Vallecano-Atlético Madrid,Rayo Vallecano,Augusto Batalla,True,Goalkeeper,1,start,end,1.0,0.0,0.0,0.0,0.0,0.0,0.0,1.0,5.0,9.0,0.0,0.0,0.0,0.0,
ESP-La Liga,2425,2024-09-22 Villarreal-Barcelona,Barcelona,Marc-André ter Stegen,False,Goalkeeper,1,start,47,1.0,0.0,1.0,0.0,0.0,0.0,0.0,1.0,2.0,8.0,0.0,0.0,0.0,0.0,
ESP-La Liga,2425,2024-09-22 Villarreal-Barcelona,Villarreal,Diego Conde,True,Goalkeeper,1,start,end,1.0,0.0,0.0,0.0,0.0,0.0,0.0,5.0,4.0,11.0,0.0,0.0,0.0,0.0,
ESP-La Liga,2425,2024-09-23 Real Betis-Mallorca,Mallorca,Dominik Greif,False,Goalkeeper,1,start,end,1.0,0.0,0.0,0.0,0.0,0.0,0.0,1.0,5.0,15.0,0.0,0.0,0.0,0.0,
ESP-La Liga,2425,2024-09-23 Real Betis-Mallorca,Real Betis,Rui Silva,True,Goalkeeper,1,start,end,1.0,0.0,0.0,0.0,0.0,0.0,0.0,2.0,4.0,5.0,0.0,0.0,0.0,0.0,
ESP-La Liga,2425,2024-09-24 Real Madrid-Alavés,Alavés,Antonio Sivera,False,Goalkeeper,1,start,end,1.0,0.0,0.0,0.0,0.0,0.0,0.0,3.0,1.0,7.0,0.0,0.0,0.0,0.0,
ESP-La Liga,2425,2024-09-24 Real Madrid-Alavés,Real Madrid,Thibaut Courtois,True,Goalkeeper,1,start,end,1.0,0.0,0.0,0.0,0.0,0.0,0.0,2.0,1.0,9.0,0.0,0.0,0.0,0.0,
ESP-La Liga,2425,2024-09-24 Sevilla-Real Valladolid,Real Valladolid,Karl Hein,False,Goalkeeper,1,start,end,1.0,0.0,0.0,0.0,0.0,0.0,0.0,2.0,4.0,21.0,0.0,0.0,0.0,0.0,
ESP-La Liga,2425,2024-09-24 Sevilla-Real Valladolid,Sevilla,Ørjan Nyland,True,Goalkeeper,1,start,end,1.0,0.0,0.0,0.0,0.0,0.0,0.0,1.0,1.0,7.0,0.0,0.0,0.0,0.0,
ESP-La Liga,2425,2024-09-24 Valencia-Osasuna,Osasuna,Sergio Herrera,False,Goalkeeper,1,start,end,1.0,0.0,0.0,0.0,0.0,0.0,0.0,0.0,3.0,9.0,0.0,0.0,0.0,0.0,
ESP-La Liga,2425,2024-09-24 Valencia-Osasuna,Valencia,Giorgi Mamardashvili,True,Goalkeeper,1,start,end,1.0,0.0,0.0,0.0,0.0,0.0,0.0,0.0,2.0,9.0,0.0,0.0,0.0,0.0,
ESP-La Liga,2425,2024-09-25 Barcelona-Getafe,Barcelona,Iñaki Peña,True,Goalkeeper,1,start,end,1.0,0.0,0.0,0.0,0.0,0.0,0.0,0.0,1.0,7.0,0.0,0.0,0.0,0.0,
ESP-La Liga,2425,2024-09-25 Barcelona-Getafe,Getafe,David Soria,False,Goalkeeper,1,start,end,1.0,0.0,0.0,0.0,0.0,0.0,0.0,1.0,3.0,14.0,0.0,0.0,0.0,0.0,
ESP-La Liga,2425,2024-09-25 Girona-Rayo Vallecano,Girona,Paulo Gazzaniga,True,Goalkeeper,1,start,end,1.0,0.0,0.0,0.0,0.0,0.0,0.0,0.0,0.0,3.0,0.0,0.0,0.0,0.0,
ESP-La Liga,2425,2024-09-25 Girona-Rayo Vallecano,Rayo Vallecano,Augusto Batalla,False,Goalkeeper,1,start,end,1.0,0.0,1.0,0.0,0.0,0.0,0.0,0.0,1.0,10.0,0.0,0.0,0.0,0.0,
ESP-La Liga,2425,2024-09-26 Celta Vigo-Atlético Madrid,Atlético Madrid,Jan Oblak,False,Goalkeeper,1,start,end,1.0,0.0,0.0,0.0,0.0,0.0,0.0,0.0,4.0,10.0,0.0,0.0,0.0,0.0,
ESP-La Liga,2425,2024-09-26 Celta Vigo-Atlético Madrid,Celta Vigo,Vicente Guaita,True,Goalkeeper,1,start,end,1.0,0.0,1.0,0.0,0.0,0.0,0.0,1.0,1.0,7.0,0.0,0.0,0.0,0.0,
ESP-La Liga,2425,2024-09-26 Espanyol-Villarreal,Espanyol,Joan García,True,Goalkeeper,1,start,end,1.0,0.0,0.0,0.0,0.0,0.0,0.0,2.0,2.0,14.0,0.0,0.0,0.0,0.0,
ESP-La Liga,2425,2024-09-26 Espanyol-Villarreal,Villarreal,Diego Conde,False,Goalkeeper,1,start,end,1.0,0.0,0.0,0.0,0.0,0.0,1.0,1.0,1.0,9.0,0.0,0.0,0.0,0.0,
ESP-La Liga,2425,2024-09-26 Las Palmas-Real Betis,Las Palmas,Jasper Cillessen,True,Goalkeeper,1,start,end,1.0,0.0,0.0,0.0,0.0,0.0,1.0,1.0,4.0,12.0,0.0,0.0,0.0,0.0,
ESP-La Liga,2425,2024-09-26 Las Palmas-Real Betis,Real Betis,Rui Silva,False,Goalkeeper,1,start,end,1.0,0.0,0.0,0.0,0.0,0.0,0.0,1.0,1.0,6.0,0.0,0.0,0.0,0.0,
ESP-La Liga,2425,2024-09-27 Real Valladolid-Mallorca,Mallorca,Leo Román,False,Goalkeeper,1,start,end,1.0,0.0,0.0,0.0,0.0,0.0,0.0,1.0,0.0,12.0,0.0,0.0,0.0,0.0,
ESP-La Liga,2425,2024-09-27 Real Valladolid-Mallorca,Real Valladolid,Karl Hein,True,Goalkeeper,1,start,end,1.0,0.0,0.0,0.0,0.0,0.0,0.0,2.0,4.0,15.0,0.0,0.0,0.0,0.0,
ESP-La Liga,2425,2024-09-28 Getafe-Alavés,Alavés,Antonio Sivera,False,Goalkeeper,1,start,end,1.0,0.0,0.0,0.0,0.0,0.0,1.0,2.0,6.0,11.0,0.0,0.0,0.0,0.0,
ESP-La Liga,2425,2024-09-28 Getafe-Alavés,Getafe,David Soria,True,Goalkeeper,1,start,end,1.0,0.0,0.0,0.0,0.0,0.0,0.0,0.0,1.0,8.0,0.0,0.0,0.0,0.0,
ESP-La Liga,2425,2024-09-28 Osasuna-Barcelona,Barcelona,Iñaki Peña,False,Goalkeeper,1,start,end,1.0,0.0,0.0,0.0,0.0,0.0,0.0,4.0,1.0,6.0,0.0,0.0,0.0,0.0,
ESP-La Liga,2425,2024-09-28 Osasuna-Barcelona,Osasuna,Sergio Herrera,True,Goalkeeper,1,start,end,1.0,0.0,0.0,0.0,0.0,0.0,0.0,2.0,4.0,10.0,0.0,0.0,0.0,0.0,
ESP-La Liga,2425,2024-09-28 Rayo Vallecano-Leganés,Leganés,Marko Dmitrovic,False,Goalkeeper,1,start,end,1.0,0.0,0.0,0.0,0.0,0.0,0.0,1.0,5.0,14.0,0.0,0.0,0.0,0.0,
ESP-La Liga,2425,2024-09-28 Rayo Vallecano-Leganés,Rayo Vallecano,Augusto Batalla,True,Goalkeeper,1,start,end,1.0,0.0,0.0,0.0,0.0,0.0,0.0,1.0,2.0,12.0,0.0,0.0,0.0,0.0,
ESP-La Liga,2425,2024-09-28 Real Sociedad-Valencia,Real Sociedad,Álex Remiro,True,Goalkeeper,1,start,end,1.0,0.0,0.0,0.0,0.0,0.0,0.0,0.0,4.0,9.0,0.0,0.0,0.0,0.0,
ESP-La Liga,2425,2024-09-28 Real Sociedad-Valencia,Valencia,Giorgi Mamardashvili,False,Goalkeeper,1,start,end,1.0,0.0,0.0,0.0,0.0,0.0,0.0,3.0,3.0,8.0,0.0,0.0,0.0,0.0,
ESP-La Liga,2425,2024-09-29 Athletic Club-Sevilla,Athletic Club,Julen Agirrezabala,True,Goalkeeper,1,start,end,1.0,1.0,0.0,0.0,1.0,0.0,0.0,0.0,1.0,13.0,0.0,0.0,0.0,0.0,
ESP-La Liga,2425,2024-09-29 Athletic Club-Sevilla,Sevilla,Ørjan Nyland,False,Goalkeeper,1,start,end,1.0,0.0,0.0,0.0,0.0,0.0,0.0,1.0,4.0,12.0,0.0,0.0,0.0,0.0,
ESP-La Liga,2425,2024-09-29 Atlético Madrid-Real Madrid,Atlético Madrid,Jan Oblak,True,Goalkeeper,1,start,end,1.0,0.0,0.0,0.0,0.0,0.0,0.0,1.0,3.0,11.0,0.0,0.0,0.0,0.0,
ESP-La Liga,2425,2024-09-29 Atlético Madrid-Real Madrid,Real Madrid,Thibaut Courtois,False,Goalkeeper,1,start,end,1.0,0.0,0.0,0.0,0.0,0.0,0.0,1.0,3.0,11.0,0.0,0.0,0.0,0.0,
ESP-La Liga,2425,2024-09-29 Celta Vigo-Girona,Celta Vigo,Vicente Guaita,True,Goalkeeper,1,start,end,1.0,0.0,0.0,0.0,0.0,0.0,0.0,1.0,4.0,8.0,0.0,0.0,0.0,0.0,
ESP-La Liga,2425,2024-09-29 Celta Vigo-Girona,Girona,Paulo Gazzaniga,False,Goalkeeper,1,start,end,1.0,0.0,0.0,0.0,0.0,0.0,0.0,1.0,1.0,11.0,0.0,0.0,0.0,0.0,
ESP-La Liga,2425,2024-09-29 Real Betis-Espanyol,Espanyol,Joan García,False,Goalkeeper,1,start,end,1.0,0.0,0.0,0.0,0.0,0.0,0.0,1.0,9.0,19.0,0.0,0.0,0.0,0.0,
ESP-La Liga,2425,2024-09-29 Real Betis-Espanyol,Real Betis,Rui Silva,True,Goalkeeper,1,start,end,1.0,0.0,0.0,0.0,0.0,0.0,0.0,0.0,1.0,8.0,0.0,0.0,0.0,0.0,
ESP-La Liga,2425,2024-09-30 Villarreal-Las Palmas,Las Palmas,Dinko Horkas,False,Goalkeeper,1,start,end,1.0,1.0,0.0,0.0,0.0,0.0,1.0,3.0,4.0,16.0,0.0,0.0,0.0,0.0,
ESP-La Liga,2425,2024-09-30 Villarreal-Las Palmas,Villarreal,Diego Conde,True,Goalkeeper,1,start,end,1.0,0.0,0.0,0.0,0.0,0.0,0.0,1.0,2.0,6.0,0.0,0.0,0.0,0.0,
ESP-La Liga,2425,2024-10-04 Leganés-Valencia,Leganés,Marko Dmitrovic,True,Goalkeeper,1,start,end,1.0,0.0,1.0,0.0,0.0,0.0,0.0,0.0,1.0,6.0,0.0,0.0,0.0,0.0,
ESP-La Liga,2425,2024-10-04 Leganés-Valencia,Valencia,Giorgi Mamardashvili,False,Goalkeeper,1,start,end,1.0,0.0,0.0,0.0,0.0,0.0,0.0,0.0,0.0,8.0,0.0,0.0,0.0,0.0,
ESP-La Liga,2425,2024-10-05 Espanyol-Mallorca,Espanyol,Joan García,True,Goalkeeper,1,start,end,1.0,0.0,0.0,0.0,0.0,0.0,0.0,1.0,4.0,10.0,0.0,0.0,0.0,0.0,
ESP-La Liga,2425,2024-10-05 Espanyol-Mallorca,Mallorca,Dominik Greif,False,Goalkeeper,1,start,end,1.0,0.0,0.0,0.0,0.0,0.0,0.0,2.0,1.0,6.0,0.0,0.0,0.0,0.0,
ESP-La Liga,2425,2024-10-05 Getafe-Osasuna,Getafe,David Soria,True,Goalkeeper,1,start,end,1.0,0.0,0.0,0.0,0.0,0.0,0.0,1.0,1.0,5.0,0.0,0.0,0.0,0.0,
ESP-La Liga,2425,2024-10-05 Getafe-Osasuna,Osasuna,Sergio Herrera,False,Goalkeeper,1,start,end,1.0,0.0,0.0,0.0,0.0,0.0,0.0,1.0,2.0,11.0,0.0,0.0,0.0,0.0,
ESP-La Liga,2425,2024-10-05 Las Palmas-Celta Vigo,Celta Vigo,Vicente Guaita,False,Goalkeeper,1,start,end,1.0,0.0,0.0,0.0,0.0,0.0,0.0,0.0,5.0,26.0,0.0,0.0,0.0,0.0,
ESP-La Liga,2425,2024-10-05 Las Palmas-Celta Vigo,Las Palmas,Dinko Horkas,True,Goalkeeper,1,start,end,1.0,0.0,0.0,0.0,0.0,0.0,0.0,1.0,0.0,7.0,0.0,0.0,0.0,0.0,
ESP-La Liga,2425,2024-10-05 Real Madrid-Villarreal,Real Madrid,Andriy Lunin,True,Goalkeeper,1,start,end,1.0,0.0,1.0,0.0,0.0,0.0,0.0,0.0,1.0,12.0,0.0,0.0,0.0,0.0,
ESP-La Liga,2425,2024-10-05 Real Madrid-Villarreal,Villarreal,Diego Conde,False,Goalkeeper,1,start,end,1.0,0.0,0.0,0.0,0.0,0.0,0.0,2.0,0.0,9.0,0.0,0.0,0.0,0.0,
ESP-La Liga,2425,2024-10-05 Real Valladolid-Rayo Vallecano,Rayo Vallecano,Augusto Batalla,False,Goalkeeper,1,start,end,1.0,0.0,0.0,0.0,0.0,0.0,0.0,1.0,4.0,12.0,0.0,0.0,0.0,0.0,
ESP-La Liga,2425,2024-10-05 Real Valladolid-Rayo Vallecano,Real Valladolid,Karl Hein,True,Goalkeeper,1,start,end,1.0,0.0,0.0,0.0,0.0,0.0,0.0,2.0,1.0,15.0,0.0,0.0,0.0,0.0,
ESP-La Liga,2425,2024-10-06 Alavés-Barcelona,Alavés,Antonio Sivera,True,Goalkeeper,1,start,end,1.0,0.0,0.0,0.0,0.0,0.0,0.0,3.0,6.0,11.0,0.0,0.0,0.0,0.0,
ESP-La Liga,2425,2024-10-06 Alavés-Barcelona,Barcelona,Iñaki Peña,False,Goalkeeper,1,start,end,1.0,0.0,0.0,0.0,0.0,0.0,0.0,0.0,2.0,11.0,0.0,0.0,0.0,0.0,
ESP-La Liga,2425,2024-10-06 Girona-Athletic Club,Athletic Club,Álex Padilla,False,Goalkeeper,1,start,end,1.0,0.0,0.0,0.0,0.0,0.0,0.0,2.0,4.0,11.0,0.0,0.0,0.0,0.0,
ESP-La Liga,2425,2024-10-06 Girona-Athletic Club,Girona,Paulo Gazzaniga,True,Goalkeeper,1,start,end,1.0,0.0,0.0,0.0,0.0,0.0,1.0,1.0,2.0,9.0,0.0,0.0,0.0,0.0,
ESP-La Liga,2425,2024-10-06 Real Sociedad-Atlético Madrid,Atlético Madrid,Jan Oblak,False,Goalkeeper,1,start,end,1.0,0.0,1.0,0.0,0.0,0.0,0.0,1.0,6.0,15.0,0.0,0.0,0.0,0.0,
ESP-La Liga,2425,2024-10-06 Real Sociedad-Atlético Madrid,Real Sociedad,Álex Remiro,True,Goalkeeper,1,start,end,1.0,0.0,0.0,0.0,0.0,0.0,0.0,1.0,0.0,3.0,0.0,0.0,0.0,0.0,
ESP-La Liga,2425,2024-10-06 Sevilla-Real Betis,Real Betis,Rui Silva,False,Goalkeeper,1,start,end,1.0,0.0,0.0,0.0,0.0,0.0,0.0,1.0,4.0,13.0,0.0,0.0,0.0,0.0,
ESP-La Liga,2425,2024-10-06 Sevilla-Real Betis,Sevilla,Ørjan Nyland,True,Goalkeeper,1,start,end,1.0,0.0,0.0,0.0,0.0,0.0,1.0,0.0,3.0,11.0,0.0,0.0,0.0,0.0,
ESP-La Liga,2425,2024-10-18 Alavés-Real Valladolid,Alavés,Antonio Sivera,True,Goalkeeper,1,start,end,1.0,1.0,1.0,0.0,0.0,0.0,0.0,3.0,1.0,9.0,0.0,0.0,0.0,0.0,
ESP-La Liga,2425,2024-10-18 Alavés-Real Valladolid,Real Valladolid,Karl Hein,False,Goalkeeper,1,start,end,1.0,0.0,0.0,0.0,0.0,0.0,0.0,2.0,2.0,9.0,0.0,0.0,0.0,0.0,
ESP-La Liga,2425,2024-10-19 Athletic Club-Espanyol,Athletic Club,Julen Agirrezabala,True,Goalkeeper,1,start,end,1.0,0.0,0.0,0.0,0.0,0.0,0.0,1.0,1.0,4.0,0.0,0.0,0.0,0.0,
ESP-La Liga,2425,2024-10-19 Athletic Club-Espanyol,Espanyol,Joan García,False,Goalkeeper,1,start,end,1.0,0.0,0.0,0.0,0.0,0.0,0.0,4.0,2.0,6.0,0.0,0.0,0.0,0.0,
ESP-La Liga,2425,2024-10-19 Celta Vigo-Real Madrid,Celta Vigo,Vicente Guaita,True,Goalkeeper,1,start,end,1.0,0.0,0.0,0.0,0.0,0.0,0.0,2.0,1.0,8.0,0.0,0.0,0.0,0.0,
ESP-La Liga,2425,2024-10-19 Celta Vigo-Real Madrid,Real Madrid,Thibaut Courtois,False,Goalkeeper,1,start,end,1.0,0.0,0.0,0.0,0.0,0.0,0.0,1.0,4.0,12.0,0.0,0.0,0.0,0.0,
ESP-La Liga,2425,2024-10-19 Girona-Real Sociedad,Girona,Paulo Gazzaniga,True,Goalkeeper,1,start,end,1.0,0.0,0.0,0.0,0.0,0.0,0.0,1.0,3.0,13.0,0.0,0.0,0.0,0.0,
ESP-La Liga,2425,2024-10-19 Girona-Real Sociedad,Real Sociedad,Álex Remiro,False,Goalkeeper,1,start,end,1.0,0.0,1.0,0.0,0.0,0.0,0.0,0.0,3.0,8.0,0.0,0.0,0.0,0.0,
ESP-La Liga,2425,2024-10-19 Osasuna-Real Betis,Osasuna,Sergio Herrera,True,Goalkeeper,1,start,end,1.0,0.0,0.0,0.0,0.0,0.0,0.0,2.0,5.0,9.0,0.0,0.0,0.0,0.0,
ESP-La Liga,2425,2024-10-19 Osasuna-Real Betis,Real Betis,Rui Silva,False,Goalkeeper,1,start,end,1.0,0.0,0.0,0.0,0.0,0.0,0.0,1.0,5.0,18.0,0.0,0.0,0.0,0.0,
ESP-La Liga,2425,2024-10-20 Atlético Madrid-Leganés,Atlético Madrid,Jan Oblak,True,Goalkeeper,1,start,end,1.0,0.0,0.0,0.0,0.0,0.0,0.0,1.0,1.0,4.0,0.0,0.0,0.0,0.0,
ESP-La Liga,2425,2024-10-20 Atlético Madrid-Leganés,Leganés,Marko Dmitrovic,False,Goalkeeper,1,start,end,1.0,0.0,0.0,0.0,0.0,0.0,0.0,3.0,5.0,19.0,0.0,0.0,0.0,0.0,
ESP-La Liga,2425,2024-10-20 Barcelona-Sevilla,Barcelona,Iñaki Peña,True,Goalkeeper,1,start,end,1.0,0.0,0.0,0.0,0.0,0.0,0.0,1.0,0.0,7.0,0.0,0.0,0.0,0.0,
ESP-La Liga,2425,2024-10-20 Barcelona-Sevilla,Sevilla,Ørjan Nyland,False,Goalkeeper,1,start,end,1.0,0.0,0.0,0.0,0.0,0.0,0.0,5.0,4.0,16.0,0.0,0.0,0.0,0.0,
ESP-La Liga,2425,2024-10-20 Mallorca-Rayo Vallecano,Mallorca,Dominik Greif,True,Goalkeeper,1,start,end,1.0,0.0,0.0,0.0,0.0,0.0,0.0,0.0,2.0,10.0,0.0,0.0,0.0,0.0,
ESP-La Liga,2425,2024-10-20 Mallorca-Rayo Vallecano,Rayo Vallecano,Augusto Batalla,False,Goalkeeper,1,start,end,1.0,0.0,0.0,0.0,0.0,0.0,0.0,1.0,4.0,18.0,0.0,0.0,0.0,0.0,
ESP-La Liga,2425,2024-10-20 Villarreal-Getafe,Getafe,David Soria,False,Goalkeeper,1,start,end,1.0,0.0,0.0,0.0,0.0,0.0,0.0,1.0,3.0,10.0,0.0,0.0,0.0,0.0,
ESP-La Liga,2425,2024-10-20 Villarreal-Getafe,Villarreal,Diego Conde,True,Goalkeeper,1,start,end,1.0,0.0,0.0,0.0,0.0,0.0,0.0,1.0,3.0,19.0,0.0,0.0,0.0,0.0,
ESP-La Liga,2425,2024-10-21 Valencia-Las Palmas,Las Palmas,Jasper Cillessen,False,Goalkeeper,1,start,end,1.0,0.0,0.0,0.0,0.0,0.0,0.0,2.0,5.0,12.0,0.0,0.0,0.0,0.0,
ESP-La Liga,2425,2024-10-21 Valencia-Las Palmas,Valencia,Giorgi Mamardashvili,True,Goalkeeper,1,start,end,1.0,0.0,0.0,0.0,0.0,0.0,0.0,3.0,3.0,7.0,0.0,0.0,0.0,0.0,
ESP-La Liga,2425,2024-10-25 Espanyol-Sevilla,Espanyol,Joan García,True,Goalkeeper,1,start,end,1.0,0.0,0.0,0.0,0.0,0.0,0.0,2.0,1.0,4.0,0.0,0.0,0.0,0.0,
ESP-La Liga,2425,2024-10-25 Espanyol-Sevilla,Sevilla,Ørjan Nyland,False,Goalkeeper,1,start,64,1.0,0.0,0.0,0.0,0.0,0.0,0.0,0.0,1.0,7.0,0.0,0.0,0.0,0.0,
ESP-La Liga,2425,2024-10-26 Las Palmas-Girona,Girona,Paulo Gazzaniga,False,Goalkeeper,1,start,end,1.0,0.0,0.0,0.0,0.0,0.0,0.0,1.0,2.0,11.0,0.0,0.0,0.0,0.0,
ESP-La Liga,2425,2024-10-26 Las Palmas-Girona,Las Palmas,Jasper Cillessen,True,Goalkeeper,1,start,end,1.0,0.0,1.0,0.0,0.0,0.0,0.0,0.0,3.0,7.0,0.0,0.0,0.0,0.0,
ESP-La Liga,2425,2024-10-26 Rayo Vallecano-Alavés,Alavés,Antonio Sivera,False,Goalkeeper,1,start,end,1.0,0.0,0.0,1.0,0.0,0.0,0.0,1.0,4.0,15.0,0.0,0.0,0.0,0.0,
ESP-La Liga,2425,2024-10-26 Rayo Vallecano-Alavés,Rayo Vallecano,Augusto Batalla,True,Goalkeeper,1,start,end,1.0,0.0,1.0,0.0,0.0,0.0,0.0,0.0,7.0,15.0,0.0,0.0,0.0,0.0,
ESP-La Liga,2425,2024-10-26 Real Madrid-Barcelona,Barcelona,Iñaki Peña,False,Goalkeeper,1,start,end,1.0,0.0,0.0,0.0,0.0,0.0,1.0,0.0,4.0,9.0,0.0,0.0,0.0,0.0,
ESP-La Liga,2425,2024-10-26 Real Madrid-Barcelona,Real Madrid,Andriy Lunin,True,Goalkeeper,1,start,end,1.0,0.0,0.0,0.0,0.0,0.0,0.0,4.0,3.0,11.0,0.0,0.0,0.0,0.0,
ESP-La Liga,2425,2024-10-26 Real Valladolid-Villarreal,Real Valladolid,Karl Hein,True,Goalkeeper,1,start,end,1.0,0.0,0.0,0.0,0.0,0.0,0.0,2.0,7.0,19.0,0.0,0.0,0.0,0.0,
ESP-La Liga,2425,2024-10-26 Real Valladolid-Villarreal,Villarreal,Diego Conde,False,Goalkeeper,1,start,end,1.0,0.0,0.0,0.0,0.0,0.0,0.0,1.0,3.0,6.0,0.0,0.0,0.0,0.0,
ESP-La Liga,2425,2024-10-27 Getafe-Valencia,Getafe,David Soria,True,Goalkeeper,1,start,end,1.0,0.0,0.0,0.0,0.0,0.0,0.0,1.0,0.0,1.0,0.0,0.0,0.0,0.0,
ESP-La Liga,2425,2024-10-27 Getafe-Valencia,Valencia,Giorgi Mamardashvili,False,Goalkeeper,1,start,end,1.0,0.0,0.0,0.0,0.0,0.0,0.0,1.0,4.0,13.0,0.0,0.0,0.0,0.0,
ESP-La Liga,2425,2024-10-27 Leganés-Celta Vigo,Celta Vigo,Vicente Guaita,False,Goalkeeper,1,start,end,1.0,0.0,0.0,0.0,0.0,0.0,0.0,3.0,1.0,4.0,0.0,0.0,0.0,0.0,
ESP-La Liga,2425,2024-10-27 Leganés-Celta Vigo,Leganés,Marko Dmitrovic,True,Goalkeeper,1,start,end,1.0,0.0,0.0,0.0,0.0,0.0,0.0,0.0,5.0,18.0,0.0,0.0,0.0,0.0,
ESP-La Liga,2425,2024-10-27 Real Betis-Atlético Madrid,Atlético Madrid,Jan Oblak,False,Goalkeeper,1,start,end,1.0,0.0,0.0,0.0,0.0,0.0,0.0,1.0,3.0,24.0,0.0,0.0,0.0,0.0,
ESP-La Liga,2425,2024-10-27 Real Betis-Atlético Madrid,Real Betis,Rui Silva,True,Goalkeeper,1,start,end,1.0,0.0,0.0,0.0,0.0,0.0,0.0,0.0,3.0,10.0,0.0,0.0,0.0,0.0,
ESP-La Liga,2425,2024-10-27 Real Sociedad-Osasuna,Osasuna,Sergio Herrera,False,Goalkeeper,1,start,end,1.0,0.0,0.0,0.0,0.0,0.0,1.0,0.0,9.0,18.0,0.0,0.0,0.0,0.0,
ESP-La Liga,2425,2024-10-27 Real Sociedad-Osasuna,Real Sociedad,Álex Remiro,True,Goalkeeper,1,start,end,1.0,0.0,0.0,0.0,0.0,0.0,0.0,2.0,2.0,8.0,0.0,0.0,0.0,0.0,
ESP-La Liga,2425,2024-10-28 Mallorca-Athletic Club,Athletic Club,Julen Agirrezabala,False,Goalkeeper,1,start,end,1.0,0.0,0.0,0.0,0.0,0.0,0.0,0.0,1.0,4.0,0.0,0.0,0.0,0.0,
ESP-La Liga,2425,2024-10-28 Mallorca-Athletic Club,Mallorca,Dominik Greif,True,Goalkeeper,1,start,end,1.0,0.0,0.0,0.0,0.0,0.0,0.0,0.0,1.0,18.0,0.0,0.0,0.0,0.0,
ESP-La Liga,2425,2024-11-01 Alavés-Mallorca,Alavés,Antonio Sivera,True,Goalkeeper,1,start,end,1.0,0.0,0.0,0.0,0.0,0.0,0.0,0.0,2.0,6.0,0.0,0.0,0.0,0.0,
ESP-La Liga,2425,2024-11-01 Alavés-Mallorca,Mallorca,Leo Román,False,Goalkeeper,1,start,end,1.0,0.0,0.0,0.0,0.0,0.0,0.0,1.0,2.0,11.0,0.0,0.0,0.0,0.0,
ESP-La Liga,2425,2024-11-02 Girona-Leganés,Girona,Paulo Gazzaniga,True,Goalkeeper,1,start,end,1.0,0.0,0.0,0.0,0.0,0.0,1.0,3.0,2.0,5.0,0.0,0.0,0.0,0.0,
ESP-La Liga,2425,2024-11-02 Girona-Leganés,Leganés,Marko Dmitrovic,False,Goalkeeper,1,start,end,1.0,0.0,1.0,0.0,0.0,0.0,0.0,4.0,3.0,12.0,0.0,0.0,0.0,0.0,
ESP-La Liga,2425,2024-11-02 Osasuna-Real Valladolid,Osasuna,Sergio Herrera,True,Goalkeeper,1,start,end,1.0,0.0,0.0,0.0,0.0,0.0,0.0,0.0,3.0,7.0,0.0,0.0,0.0,0.0,
ESP-La Liga,2425,2024-11-02 Osasuna-Real Valladolid,Real Valladolid,Karl Hein,False,Goalkeeper,1,start,end,1.0,0.0,0.0,0.0,0.0,0.0,0.0,1.0,3.0,17.0,0.0,0.0,0.0,0.0,
ESP-La Liga,2425,2024-11-03 Athletic Club-Real Betis,Athletic Club,Julen Agirrezabala,True,Goalkeeper,1,start,end,1.0,0.0,0.0,0.0,0.0,0.0,0.0,1.0,3.0,5.0,0.0,0.0,0.0,0.0,
ESP-La Liga,2425,2024-11-03 Athletic Club-Real Betis,Real Betis,Rui Silva,False,Goalkeeper,1,start,end,1.0,0.0,0.0,0.0,0.0,0.0,0.0,1.0,7.0,15.0,0.0,0.0,0.0,0.0,
ESP-La Liga,2425,2024-11-03 Atlético Madrid-Las Palmas,Atlético Madrid,Jan Oblak,True,Goalkeeper,1,start,end,1.0,0.0,0.0,0.0,0.0,0.0,0.0,0.0,1.0,1.0,0.0,0.0,0.0,0.0,
ESP-La Liga,2425,2024-11-03 Atlético Madrid-Las Palmas,Las Palmas,Jasper Cillessen,False,Goalkeeper,1,start,60,1.0,0.0,1.0,0.0,0.0,0.0,0.0,1.0,1.0,8.0,0.0,0.0,0.0,0.0,
ESP-La Liga,2425,2024-11-03 Barcelona-Espanyol,Barcelona,Iñaki Peña,True,Goalkeeper,1,start,end,1.0,0.0,0.0,0.0,0.0,0.0,0.0,1.0,2.0,8.0,0.0,0.0,0.0,0.0,
ESP-La Liga,2425,2024-11-03 Barcelona-Espanyol,Espanyol,Joan García,False,Goalkeeper,1,start,end,1.0,0.0,0.0,0.0,0.0,0.0,0.0,3.0,6.0,11.0,0.0,0.0,0.0,0.0,
ESP-La Liga,2425,2024-11-03 Sevilla-Real Sociedad,Real Sociedad,Álex Remiro,False,Goalkeeper,1,start,end,1.0,0.0,0.0,0.0,0.0,0.0,0.0,0.0,0.0,7.0,0.0,0.0,0.0,0.0,
ESP-La Liga,2425,2024-11-03 Sevilla-Real Sociedad,Sevilla,Álvaro Fernández,True,Goalkeeper,1,start,end,1.0,0.0,0.0,0.0,0.0,0.0,0.0,2.0,1.0,7.0,0.0,0.0,0.0,0.0,
ESP-La Liga,2425,2024-11-04 Celta Vigo-Getafe,Celta Vigo,Vicente Guaita,True,Goalkeeper,1,start,end,1.0,0.0,0.0,0.0,0.0,0.0,0.0,0.0,2.0,10.0,0.0,0.0,0.0,0.0,
ESP-La Liga,2425,2024-11-04 Celta Vigo-Getafe,Getafe,David Soria,False,Goalkeeper,1,start,end,1.0,0.0,0.0,0.0,0.0,0.0,0.0,1.0,3.0,9.0,0.0,0.0,0.0,0.0,
ESP-La Liga,2425,2024-11-08 Rayo Vallecano-Las Palmas,Las Palmas,Jasper Cillessen,False,Goalkeeper,1,start,end,1.0,0.0,0.0,0.0,0.0,0.0,0.0,1.0,6.0,30.0,0.0,0.0,0.0,0.0,
ESP-La Liga,2425,2024-11-08 Rayo Vallecano-Las Palmas,Rayo Vallecano,Augusto Batalla,True,Goalkeeper,1,start,end,1.0,0.0,0.0,0.0,0.0,0.0,0.0,3.0,1.0,9.0,0.0,0.0,0.0,0.0,
ESP-La Liga,2425,2024-11-09 Leganés-Sevilla,Leganés,Marko Dmitrovic,True,Goalkeeper,1,start,end,1.0,0.0,0.0,0.0,0.0,0.0,0.0,0.0,2.0,13.0,0.0,0.0,0.0,0.0,
ESP-La Liga,2425,2024-11-09 Leganés-Sevilla,Sevilla,Álvaro Fernández,False,Goalkeeper,1,start,end,1.0,0.0,0.0,0.0,0.0,0.0,0.0,1.0,3.0,7.0,0.0,0.0,0.0,0.0,
ESP-La Liga,2425,2024-11-09 Real Madrid-Osasuna,Osasuna,Sergio Herrera,False,Goalkeeper,1,start,end,1.0,0.0,0.0,0.0,0.0,0.0,0.0,4.0,4.0,14.0,0.0,0.0,0.0,0.0,
ESP-La Liga,2425,2024-11-09 Real Madrid-Osasuna,Real Madrid,Andriy Lunin,True,Goalkeeper,1,start,end,1.0,0.0,0.0,0.0,0.0,0.0,0.0,0.0,0.0,2.0,1.0,0.0,0.0,0.0,
ESP-La Liga,2425,2024-11-09 Villarreal-Alavés,Alavés,Antonio Sivera,False,Goalkeeper,1,start,end,1.0,0.0,0.0,0.0,0.0,0.0,0.0,3.0,0.0,10.0,0.0,0.0,0.0,0.0,
ESP-La Liga,2425,2024-11-09 Villarreal-Alavés,Villarreal,Diego Conde,True,Goalkeeper,1,start,end,1.0,0.0,0.0,0.0,0.0,0.0,0.0,0.0,3.0,8.0,0.0,0.0,0.0,0.0,
ESP-La Liga,2425,2024-11-10 Getafe-Girona,Getafe,David Soria,True,Goalkeeper,1,start,end,1.0,0.0,0.0,0.0,0.0,0.0,0.0,1.0,1.0,2.0,0.0,0.0,0.0,0.0,
ESP-La Liga,2425,2024-11-10 Getafe-Girona,Girona,Paulo Gazzaniga,False,Goalkeeper,1,start,end,1.0,0.0,1.0,0.0,0.0,0.0,0.0,0.0,0.0,7.0,0.0,0.0,0.0,0.0,
ESP-La Liga,2425,2024-11-10 Mallorca-Atlético Madrid,Atlético Madrid,Jan Oblak,False,Goalkeeper,1,start,end,1.0,0.0,0.0,0.0,0.0,0.0,0.0,0.0,5.0,13.0,0.0,0.0,0.0,0.0,
ESP-La Liga,2425,2024-11-10 Mallorca-Atlético Madrid,Mallorca,Dominik Greif,True,Goalkeeper,1,start,end,1.0,0.0,0.0,0.0,0.0,0.0,0.0,1.0,1.0,8.0,0.0,0.0,0.0,0.0,
ESP-La Liga,2425,2024-11-10 Real Betis-Celta Vigo,Celta Vigo,Vicente Guaita,False,Goalkeeper,1,start,end,1.0,0.0,0.0,0.0,0.0,0.0,0.0,2.0,4.0,16.0,0.0,0.0,0.0,0.0,
ESP-La Liga,2425,2024-11-10 Real Betis-Celta Vigo,Real Betis,Rui Silva,True,Goalkeeper,1,start,end,1.0,0.0,0.0,0.0,0.0,0.0,0.0,2.0,0.0,1.0,0.0,0.0,0.0,0.0,
ESP-La Liga,2425,2024-11-10 Real Sociedad-Barcelona,Barcelona,Iñaki Peña,False,Goalkeeper,1,start,end,1.0,0.0,0.0,0.0,0.0,0.0,0.0,1.0,5.0,12.0,0.0,0.0,0.0,0.0,
ESP-La Liga,2425,2024-11-10 Real Sociedad-Barcelona,Real Sociedad,Álex Remiro,True,Goalkeeper,1,start,end,1.0,0.0,0.0,0.0,0.0,0.0,0.0,0.0,1.0,10.0,0.0,0.0,0.0,0.0,
ESP-La Liga,2425,2024-11-10 Real Valladolid-Athletic Club,Athletic Club,Julen Agirrezabala,False,Goalkeeper,1,start,end,1.0,0.0,0.0,0.0,0.0,0.0,0.0,1.0,2.0,5.0,0.0,0.0,0.0,0.0,
ESP-La Liga,2425,2024-11-10 Real Valladolid-Athletic Club,Real Valladolid,Karl Hein,True,Goalkeeper,1,start,end,1.0,0.0,0.0,0.0,0.0,0.0,0.0,1.0,0.0,16.0,0.0,0.0,0.0,0.0,
ESP-La Liga,2425,2024-11-22 Getafe-Real Valladolid,Getafe,David Soria,True,Goalkeeper,1,start,end,1.0,0.0,0.0,0.0,0.0,0.0,0.0,0.0,3.0,6.0,0.0,0.0,0.0,0.0,
ESP-La Liga,2425,2024-11-22 Getafe-Real Valladolid,Real Valladolid,Karl Hein,False,Goalkeeper,1,start,end,1.0,0.0,1.0,0.0,0.0,0.0,0.0,2.0,3.0,10.0,0.0,0.0,0.0,0.0,
ESP-La Liga,2425,2024-11-23 Atlético Madrid-Alavés,Alavés,Antonio Sivera,False,Goalkeeper,1,start,end,1.0,0.0,1.0,0.0,0.0,0.0,0.0,2.0,6.0,9.0,0.0,0.0,0.0,0.0,
ESP-La Liga,2425,2024-11-23 Atlético Madrid-Alavés,Atlético Madrid,Jan Oblak,True,Goalkeeper,1,start,end,1.0,0.0,0.0,0.0,0.0,0.0,0.0,1.0,0.0,3.0,0.0,0.0,0.0,0.0,
ESP-La Liga,2425,2024-11-23 Celta Vigo-Barcelona,Barcelona,Iñaki Peña,False,Goalkeeper,1,start,end,1.0,0.0,0.0,0.0,0.0,0.0,0.0,2.0,6.0,15.0,0.0,0.0,0.0,0.0,
ESP-La Liga,2425,2024-11-23 Celta Vigo-Barcelona,Celta Vigo,Vicente Guaita,True,Goalkeeper,1,start,end,1.0,0.0,0.0,0.0,0.0,0.0,0.0,2.0,2.0,7.0,0.0,0.0,0.0,0.0,
ESP-La Liga,2425,2024-11-23 Girona-Espanyol,Espanyol,Joan García,False,Goalkeeper,1,start,end,1.0,0.0,0.0,0.0,0.0,0.0,0.0,4.0,1.0,8.0,0.0,0.0,0.0,0.0,
ESP-La Liga,2425,2024-11-23 Girona-Espanyol,Girona,Paulo Gazzaniga,True,Goalkeeper,1,start,end,1.0,0.0,0.0,0.0,0.0,0.0,0.0,1.0,0.0,8.0,0.0,0.0,0.0,0.0,
ESP-La Liga,2425,2024-11-23 Las Palmas-Mallorca,Las Palmas,Jasper Cillessen,True,Goalkeeper,1,start,end,1.0,0.0,0.0,0.0,0.0,0.0,0.0,3.0,1.0,6.0,0.0,0.0,0.0,0.0,
ESP-La Liga,2425,2024-11-23 Las Palmas-Mallorca,Mallorca,Dominik Greif,False,Goalkeeper,1,start,end,1.0,0.0,1.0,0.0,0.0,0.0,0.0,2.0,1.0,12.0,0.0,0.0,0.0,0.0,
ESP-La Liga,2425,2024-11-23 Valencia-Real Betis,Real Betis,Rui Silva,False,Goalkeeper,1,start,end,1.0,0.0,0.0,0.0,0.0,0.0,0.0,4.0,1.0,6.0,0.0,0.0,0.0,0.0,
ESP-La Liga,2425,2024-11-23 Valencia-Real Betis,Valencia,Giorgi Mamardashvili,True,Goalkeeper,1,start,end,1.0,0.0,0.0,0.0,0.0,0.0,0.0,2.0,2.0,6.0,0.0,0.0,0.0,0.0,
ESP-La Liga,2425,2024-11-24 Athletic Club-Real Sociedad,Athletic Club,Julen Agirrezabala,True,Goalkeeper,1,start,end,1.0,0.0,0.0,0.0,0.0,0.0,0.0,0.0,1.0,6.0,0.0,0.0,0.0,0.0,
ESP-La Liga,2425,2024-11-24 Athletic Club-Real Sociedad,Real Sociedad,Álex Remiro,False,Goalkeeper,1,start,end,1.0,0.0,0.0,0.0,0.0,0.0,0.0,1.0,3.0,11.0,0.0,0.0,0.0,0.0,
ESP-La Liga,2425,2024-11-24 Leganés-Real Madrid,Leganés,Marko Dmitrovic,True,Goalkeeper,1,start,end,1.0,0.0,0.0,0.0,0.0,0.0,0.0,3.0,5.0,14.0,0.0,0.0,0.0,0.0,
ESP-La Liga,2425,2024-11-24 Leganés-Real Madrid,Real Madrid,Thibaut Courtois,False,Goalkeeper,1,start,end,1.0,0.0,0.0,0.0,0.0,0.0,0.0,0.0,0.0,4.0,0.0,0.0,0.0,0.0,
ESP-La Liga,2425,2024-11-24 Osasuna-Villarreal,Osasuna,Sergio Herrera,True,Goalkeeper,1,start,end,1.0,0.0,0.0,0.0,0.0,0.0,1.0,2.0,5.0,15.0,0.0,0.0,0.0,0.0,
ESP-La Liga,2425,2024-11-24 Osasuna-Villarreal,Villarreal,Diego Conde,False,Goalkeeper,1,start,end,1.0,0.0,0.0,0.0,0.0,0.0,0.0,2.0,1.0,2.0,0.0,0.0,0.0,0.0,
ESP-La Liga,2425,2024-11-24 Sevilla-Rayo Vallecano,Rayo Vallecano,Augusto Batalla,False,Goalkeeper,1,start,end,1.0,0.0,0.0,0.0,0.0,0.0,1.0,1.0,2.0,10.0,0.0,0.0,0.0,0.0,
ESP-La Liga,2425,2024-11-24 Sevilla-Rayo Vallecano,Sevilla,Álvaro Fernández,True,Goalkeeper,1,start,end,1.0,0.0,1.0,0.0,0.0,0.0,0.0,0.0,1.0,8.0,0.0,0.0,0.0,0.0,
ESP-La Liga,2425,2024-11-29 Mallorca-Valencia,Mallorca,Dominik Greif,True,Goalkeeper,1,start,end,1.0,0.0,0.0,0.0,0.0,0.0,0.0,1.0,0.0,7.0,0.0,0.0,0.0,0.0,
ESP-La Liga,2425,2024-11-29 Mallorca-Valencia,Valencia,Giorgi Mamardashvili,False,Goalkeeper,1,start,end,1.0,0.0,0.0,0.0,0.0,0.0,0.0,2.0,1.0,7.0,0.0,0.0,0.0,0.0,
ESP-La Liga,2425,2024-11-30 Alavés-Leganés,Alavés,Antonio Sivera,True,Goalkeeper,1,start,end,1.0,0.0,0.0,0.0,0.0,0.0,0.0,1.0,2.0,5.0,0.0,0.0,0.0,0.0,
ESP-La Liga,2425,2024-11-30 Alavés-Leganés,Leganés,Marko Dmitrovic,False,Goalkeeper,1,start,end,1.0,0.0,0.0,0.0,0.0,0.0,0.0,1.0,6.0,13.0,0.0,0.0,0.0,0.0,
ESP-La Liga,2425,2024-11-30 Barcelona-Las Palmas,Barcelona,Iñaki Peña,True,Goalkeeper,1,start,end,1.0,0.0,0.0,0.0,0.0,0.0,0.0,2.0,1.0,3.0,0.0,0.0,0.0,0.0,
ESP-La Liga,2425,2024-11-30 Barcelona-Las Palmas,Las Palmas,Jasper Cillessen,False,Goalkeeper,1,start,end,1.0,0.0,1.0,0.0,0.0,0.0,0.0,1.0,7.0,26.0,0.0,0.0,0.0,0.0,
ESP-La Liga,2425,2024-11-30 Espanyol-Celta Vigo,Celta Vigo,Vicente Guaita,False,Goalkeeper,1,start,end,1.0,0.0,0.0,0.0,0.0,0.0,0.0,3.0,2.0,6.0,0.0,0.0,0.0,0.0,
ESP-La Liga,2425,2024-11-30 Espanyol-Celta Vigo,Espanyol,Joan García,True,Goalkeeper,1,start,end,1.0,0.0,0.0,0.0,0.0,0.0,1.0,1.0,1.0,14.0,0.0,0.0,0.0,0.0,
ESP-La Liga,2425,2024-11-30 Real Valladolid-Atlético Madrid,Atlético Madrid,Jan Oblak,False,Goalkeeper,1,start,end,1.0,0.0,0.0,0.0,0.0,0.0,0.0,0.0,1.0,9.0,0.0,0.0,0.0,0.0,
ESP-La Liga,2425,2024-11-30 Real Valladolid-Atlético Madrid,Real Valladolid,Karl Hein,True,Goalkeeper,1,start,end,1.0,0.0,0.0,0.0,0.0,0.0,0.0,5.0,4.0,7.0,0.0,0.0,0.0,0.0,
ESP-La Liga,2425,2024-12-01 Rayo Vallecano-Athletic Club,Athletic Club,Julen Agirrezabala,False,Goalkeeper,1,start,end,1.0,0.0,0.0,0.0,0.0,0.0,0.0,1.0,3.0,6.0,0.0,0.0,0.0,0.0,
ESP-La Liga,2425,2024-12-01 Rayo Vallecano-Athletic Club,Rayo Vallecano,Augusto Batalla,True,Goalkeeper,1,start,end,1.0,0.0,0.0,0.0,0.0,0.0,0.0,2.0,5.0,10.0,0.0,0.0,0.0,0.0,
ESP-La Liga,2425,2024-12-01 Real Madrid-Getafe,Getafe,David Soria,False,Goalkeeper,1,start,end,1.0,0.0,0.0,0.0,0.0,0.0,0.0,2.0,2.0,11.0,0.0,0.0,0.0,0.0,
ESP-La Liga,2425,2024-12-01 Real Madrid-Getafe,Real Madrid,Thibaut Courtois,True,Goalkeeper,1,start,end,1.0,0.0,0.0,0.0,0.0,0.0,0.0,0.0,3.0,8.0,0.0,0.0,0.0,0.0,
ESP-La Liga,2425,2024-12-01 Real Sociedad-Real Betis,Real Betis,Rui Silva,False,Goalkeeper,1,start,end,1.0,0.0,0.0,0.0,0.0,0.0,0.0,2.0,0.0,1.0,0.0,0.0,0.0,0.0,
ESP-La Liga,2425,2024-12-01 Real Sociedad-Real Betis,Real Sociedad,Álex Remiro,True,Goalkeeper,1,start,end,1.0,0.0,0.0,0.0,0.0,0.0,0.0,0.0,2.0,7.0,0.0,0.0,0.0,0.0,
ESP-La Liga,2425,2024-12-01 Villarreal-Girona,Girona,Paulo Gazzaniga,False,Goalkeeper,1,start,end,1.0,0.0,0.0,0.0,0.0,0.0,0.0,2.0,2.0,11.0,0.0,0.0,0.0,0.0,
ESP-La Liga,2425,2024-12-01 Villarreal-Girona,Villarreal,Diego Conde,True,Goalkeeper,1,start,end,1.0,0.0,0.0,0.0,0.0,0.0,0.0,2.0,4.0,12.0,0.0,0.0,0.0,0.0,
ESP-La Liga,2425,2024-12-02 Sevilla-Osasuna,Osasuna,Sergio Herrera,False,Goalkeeper,1,start,end,1.0,0.0,2.0,0.0,0.0,0.0,0.0,1.0,4.0,11.0,0.0,0.0,0.0,0.0,
ESP-La Liga,2425,2024-12-02 Sevilla-Osasuna,Sevilla,Álvaro Fernández,True,Goalkeeper,1,start,end,1.0,0.0,0.0,0.0,0.0,0.0,0.0,1.0,2.0,5.0,0.0,0.0,0.0,0.0,
ESP-La Liga,2425,2024-12-03 Mallorca-Barcelona,Barcelona,Iñaki Peña,False,Goalkeeper,1,start,end,1.0,0.0,0.0,0.0,0.0,0.0,0.0,1.0,0.0,5.0,0.0,0.0,0.0,0.0,
ESP-La Liga,2425,2024-12-03 Mallorca-Barcelona,Mallorca,Leo Román,True,Goalkeeper,1,start,end,1.0,0.0,0.0,0.0,0.0,0.0,0.0,5.0,4.0,13.0,0.0,0.0,0.0,0.0,
ESP-La Liga,2425,2024-12-04 Athletic Club-Real Madrid,Athletic Club,Julen Agirrezabala,True,Goalkeeper,1,start,end,1.0,1.0,0.0,0.0,0.0,0.0,1.0,1.0,3.0,8.0,0.0,0.0,0.0,0.0,
ESP-La Liga,2425,2024-12-04 Athletic Club-Real Madrid,Real Madrid,Thibaut Courtois,False,Goalkeeper,1,start,end,1.0,0.0,0.0,0.0,0.0,0.0,0.0,2.0,1.0,6.0,0.0,0.0,0.0,0.0,
ESP-La Liga,2425,2024-12-06 Celta Vigo-Mallorca,Celta Vigo,Vicente Guaita,True,Goalkeeper,1,start,end,1.0,0.0,0.0,0.0,0.0,0.0,0.0,0.0,4.0,7.0,0.0,0.0,0.0,0.0,
ESP-La Liga,2425,2024-12-06 Celta Vigo-Mallorca,Mallorca,Dominik Greif,False,Goalkeeper,1,start,end,1.0,0.0,0.0,0.0,0.0,0.0,0.0,2.0,3.0,11.0,0.0,0.0,0.0,0.0,
ESP-La Liga,2425,2024-12-07 Girona-Real Madrid,Girona,Paulo Gazzaniga,True,Goalkeeper,1,start,end,1.0,0.0,1.0,0.0,0.0,0.0,0.0,3.0,4.0,7.0,0.0,0.0,0.0,0.0,
ESP-La Liga,2425,2024-12-07 Girona-Real Madrid,Real Madrid,Thibaut Courtois,False,Goalkeeper,1,start,end,1.0,0.0,0.0,0.0,0.0,0.0,0.0,0.0,4.0,10.0,0.0,0.0,0.0,0.0,
ESP-La Liga,2425,2024-12-07 Las Palmas-Real Valladolid,Las Palmas,Jasper Cillessen,True,Goalkeeper,1,start,end,1.0,0.0,0.0,0.0,0.0,0.0,0.0,1.0,1.0,9.0,0.0,0.0,0.0,0.0,
ESP-La Liga,2425,2024-12-07 Las Palmas-Real Valladolid,Real Valladolid,Karl Hein,False,Goalkeeper,1,start,end,1.0,0.0,0.0,0.0,0.0,0.0,0.0,2.0,3.0,9.0,0.0,0.0,0.0,0.0,
ESP-La Liga,2425,2024-12-07 Real Betis-Barcelona,Barcelona,Iñaki Peña,False,Goalkeeper,1,start,end,1.0,0.0,0.0,0.0,0.0,0.0,0.0,2.0,3.0,11.0,0.0,0.0,0.0,0.0,
ESP-La Liga,2425,2024-12-07 Real Betis-Barcelona,Real Betis,Fran Vieites,True,Goalkeeper,1,start,end,1.0,0.0,0.0,0.0,0.0,0.0,0.0,2.0,2.0,8.0,0.0,0.0,0.0,0.0,
ESP-La Liga,2425,2024-12-07 Valencia-Rayo Vallecano,Rayo Vallecano,Augusto Batalla,False,Goalkeeper,1,start,end,1.0,0.0,0.0,0.0,0.0,0.0,0.0,0.0,5.0,14.0,0.0,0.0,0.0,0.0,
ESP-La Liga,2425,2024-12-07 Valencia-Rayo Vallecano,Valencia,Giorgi Mamardashvili,True,Goalkeeper,1,start,end,1.0,0.0,0.0,0.0,0.0,0.0,1.0,1.0,0.0,6.0,0.0,0.0,0.0,0.0,
ESP-La Liga,2425,2024-12-08 Athletic Club-Villarreal,Athletic Club,Julen Agirrezabala,True,Goalkeeper,1,start,end,1.0,0.0,0.0,0.0,0.0,0.0,0.0,0.0,1.0,10.0,0.0,0.0,0.0,0.0,
ESP-La Liga,2425,2024-12-08 Athletic Club-Villarreal,Villarreal,Diego Conde,False,Goalkeeper,1,start,73,1.0,0.0,0.0,0.0,0.0,0.0,0.0,2.0,2.0,8.0,0.0,0.0,0.0,0.0,
ESP-La Liga,2425,2024-12-08 Atlético Madrid-Sevilla,Atlético Madrid,Jan Oblak,True,Goalkeeper,1,start,end,1.0,0.0,0.0,0.0,0.0,0.0,0.0,3.0,0.0,1.0,0.0,0.0,0.0,0.0,
ESP-La Liga,2425,2024-12-08 Atlético Madrid-Sevilla,Sevilla,Álvaro Fernández,False,Goalkeeper,1,start,end,1.0,0.0,0.0,0.0,0.0,0.0,1.0,4.0,5.0,10.0,0.0,0.0,0.0,0.0,
ESP-La Liga,2425,2024-12-08 Leganés-Real Sociedad,Leganés,Marko Dmitrovic,True,Goalkeeper,1,start,end,1.0,0.0,0.0,0.0,0.0,0.0,0.0,3.0,2.0,13.0,0.0,0.0,0.0,0.0,
ESP-La Liga,2425,2024-12-08 Leganés-Real Sociedad,Real Sociedad,Álex Remiro,False,Goalkeeper,1,start,end,1.0,0.0,0.0,0.0,0.0,0.0,0.0,0.0,2.0,11.0,0.0,0.0,0.0,0.0,
ESP-La Liga,2425,2024-12-08 Osasuna-Alavés,Alavés,Antonio Sivera,False,Goalkeeper,1,start,end,1.0,0.0,1.0,0.0,0.0,0.0,0.0,2.0,6.0,14.0,0.0,0.0,0.0,0.0,
ESP-La Liga,2425,2024-12-08 Osasuna-Alavés,Osasuna,Sergio Herrera,True,Goalkeeper,1,start,end,1.0,0.0,0.0,0.0,0.0,0.0,0.0,2.0,1.0,4.0,0.0,0.0,0.0,0.0,
ESP-La Liga,2425,2024-12-09 Getafe-Espanyol,Espanyol,Joan García,False,Goalkeeper,1,start,end,1.0,0.0,0.0,0.0,0.0,0.0,0.0,1.0,5.0,13.0,0.0,0.0,0.0,0.0,
ESP-La Liga,2425,2024-12-09 Getafe-Espanyol,Getafe,David Soria,True,Goalkeeper,1,start,end,1.0,0.0,0.0,0.0,0.0,0.0,0.0,0.0,1.0,9.0,0.0,0.0,0.0,0.0,
ESP-La Liga,2425,2024-12-13 Real Valladolid-Valencia,Real Valladolid,Karl Hein,True,Goalkeeper,1,start,end,1.0,0.0,0.0,0.0,0.0,0.0,0.0,0.0,1.0,14.0,0.0,0.0,0.0,0.0,
ESP-La Liga,2425,2024-12-13 Real Valladolid-Valencia,Valencia,Stole Dimitrievski,False,Goalkeeper,1,start,end,1.0,0.0,0.0,0.0,0.0,0.0,0.0,1.0,0.0,1.0,0.0,0.0,0.0,0.0,
ESP-La Liga,2425,2024-12-14 Espanyol-Osasuna,Espanyol,Joan García,True,Goalkeeper,1,start,end,1.0,0.0,0.0,0.0,0.0,0.0,0.0,0.0,0.0,6.0,0.0,0.0,0.0,0.0,
ESP-La Liga,2425,2024-12-14 Espanyol-Osasuna,Osasuna,Sergio Herrera,False,Goalkeeper,1,start,end,1.0,0.0,0.0,0.0,0.0,0.0,0.0,0.0,3.0,9.0,0.0,0.0,0.0,0.0,
ESP-La Liga,2425,2024-12-14 Mallorca-Girona,Girona,Paulo Gazzaniga,False,Goalkeeper,1,start,end,1.0,0.0,0.0,0.0,0.0,0.0,0.0,2.0,0.0,7.0,0.0,0.0,0.0,0.0,
ESP-La Liga,2425,2024-12-14 Mallorca-Girona,Mallorca,Dominik Greif,True,Goalkeeper,1,start,end,1.0,0.0,0.0,0.0,0.0,0.0,0.0,1.0,0.0,12.0,0.0,0.0,0.0,0.0,
ESP-La Liga,2425,2024-12-14 Rayo Vallecano-Real Madrid,Rayo Vallecano,Augusto Batalla,True,Goalkeeper,1,start,end,1.0,0.0,0.0,0.0,0.0,0.0,1.0,3.0,3.0,10.0,0.0,0.0,0.0,0.0,
ESP-La Liga,2425,2024-12-14 Rayo Vallecano-Real Madrid,Real Madrid,Thibaut Courtois,False,Goalkeeper,1,start,end,1.0,0.0,0.0,0.0,0.0,0.0,0.0,3.0,2.0,11.0,0.0,0.0,0.0,0.0,
ESP-La Liga,2425,2024-12-14 Sevilla-Celta Vigo,Celta Vigo,Vicente Guaita,False,Goalkeeper,1,start,end,1.0,0.0,0.0,0.0,0.0,0.0,0.0,1.0,2.0,7.0,0.0,0.0,0.0,0.0,
ESP-La Liga,2425,2024-12-14 Sevilla-Celta Vigo,Sevilla,Álvaro Fernández,True,Goalkeeper,1,start,end,1.0,0.0,1.0,0.0,0.0,0.0,1.0,0.0,2.0,10.0,0.0,0.0,0.0,0.0,
ESP-La Liga,2425,2024-12-15 Alavés-Athletic Club,Alavés,Antonio Sivera,True,Goalkeeper,1,start,end,1.0,0.0,0.0,0.0,0.0,0.0,0.0,1.0,1.0,8.0,0.0,0.0,0.0,0.0,
ESP-La Liga,2425,2024-12-15 Alavés-Athletic Club,Athletic Club,Unai Simón,False,Goalkeeper,1,start,end,1.0,0.0,0.0,0.0,0.0,0.0,0.0,1.0,2.0,5.0,0.0,0.0,0.0,0.0,
ESP-La Liga,2425,2024-12-15 Atlético Madrid-Getafe,Atlético Madrid,Jan Oblak,True,Goalkeeper,1,start,end,1.0,0.0,0.0,0.0,0.0,0.0,0.0,0.0,1.0,7.0,0.0,0.0,0.0,0.0,
ESP-La Liga,2425,2024-12-15 Atlético Madrid-Getafe,Getafe,David Soria,False,Goalkeeper,1,start,end,1.0,0.0,0.0,0.0,0.0,0.0,0.0,1.0,2.0,10.0,0.0,0.0,0.0,0.0,
ESP-La Liga,2425,2024-12-15 Barcelona-Leganés,Barcelona,Iñaki Peña,True,Goalkeeper,1,start,end,1.0,0.0,0.0,0.0,0.0,0.0,0.0,1.0,3.0,5.0,0.0,0.0,0.0,0.0,
ESP-La Liga,2425,2024-12-15 Barcelona-Leganés,Leganés,Marko Dmitrovic,False,Goalkeeper,1,start,end,1.0,0.0,0.0,0.0,0.0,0.0,0.0,0.0,3.0,21.0,0.0,0.0,0.0,0.0,
ESP-La Liga,2425,2024-12-15 Real Sociedad-Las Palmas,Las Palmas,Jasper Cillessen,False,Goalkeeper,1,start,end,1.0,0.0,0.0,0.0,0.0,0.0,0.0,0.0,4.0,15.0,0.0,0.0,0.0,0.0,
ESP-La Liga,2425,2024-12-15 Real Sociedad-Las Palmas,Real Sociedad,Álex Remiro,True,Goalkeeper,1,start,end,1.0,0.0,0.0,0.0,0.0,0.0,0.0,0.0,3.0,9.0,0.0,0.0,0.0,0.0,
ESP-La Liga,2425,2024-12-15 Villarreal-Real Betis,Real Betis,Fran Vieites,False,Goalkeeper,1,start,end,1.0,0.0,1.0,0.0,0.0,0.0,0.0,1.0,2.0,15.0,0.0,0.0,0.0,0.0,
ESP-La Liga,2425,2024-12-15 Villarreal-Real Betis,Villarreal,Luiz Júnior,True,Goalkeeper,1,start,end,1.0,0.0,0.0,0.0,0.0,0.0,0.0,2.0,2.0,8.0,0.0,0.0,0.0,0.0,
ESP-La Liga,2425,2024-12-18 Espanyol-Valencia,Espanyol,Joan García,True,Goalkeeper,1,start,end,1.0,0.0,0.0,0.0,0.0,0.0,0.0,1.0,3.0,13.0,0.0,0.0,0.0,0.0,
ESP-La Liga,2425,2024-12-18 Espanyol-Valencia,Valencia,Stole Dimitrievski,False,Goalkeeper,1,start,end,1.0,0.0,0.0,0.0,0.0,0.0,0.0,1.0,2.0,9.0,0.0,0.0,0.0,0.0,
ESP-La Liga,2425,2024-12-18 Villarreal-Rayo Vallecano,Rayo Vallecano,Augusto Batalla,False,Goalkeeper,1,start,end,1.0,0.0,1.0,0.0,0.0,0.0,0.0,1.0,4.0,15.0,0.0,0.0,0.0,0.0,
ESP-La Liga,2425,2024-12-18 Villarreal-Rayo Vallecano,Villarreal,Luiz Júnior,True,Goalkeeper,1,start,end,1.0,0.0,0.0,0.0,0.0,0.0,0.0,1.0,1.0,18.0,0.0,0.0,0.0,0.0,
ESP-La Liga,2425,2024-12-20 Girona-Real Valladolid,Girona,Paulo Gazzaniga,True,Goalkeeper,1,start,end,1.0,0.0,0.0,0.0,0.0,0.0,0.0,0.0,1.0,1.0,0.0,0.0,0.0,0.0,
ESP-La Liga,2425,2024-12-20 Girona-Real Valladolid,Real Valladolid,Karl Hein,False,Goalkeeper,1,start,end,1.0,0.0,0.0,0.0,0.0,0.0,0.0,3.0,5.0,18.0,0.0,0.0,0.0,0.0,
ESP-La Liga,2425,2024-12-21 Barcelona-Atlético Madrid,Atlético Madrid,Jan Oblak,False,Goalkeeper,1,start,end,1.0,0.0,0.0,0.0,0.0,0.0,0.0,1.0,6.0,15.0,0.0,0.0,0.0,0.0,
ESP-La Liga,2425,2024-12-21 Barcelona-Atlético Madrid,Barcelona,Iñaki Peña,True,Goalkeeper,1,start,end,1.0,0.0,0.0,0.0,0.0,0.0,0.0,2.0,2.0,3.0,0.0,0.0,0.0,0.0,
ESP-La Liga,2425,2024-12-21 Celta Vigo-Real Sociedad,Celta Vigo,Vicente Guaita,True,Goalkeeper,1,start,end,1.0,0.0,0.0,0.0,0.0,0.0,0.0,0.0,1.0,7.0,0.0,0.0,0.0,0.0,
ESP-La Liga,2425,2024-12-21 Celta Vigo-Real Sociedad,Real Sociedad,Álex Remiro,False,Goalkeeper,1,start,end,1.0,0.0,0.0,0.0,0.0,0.0,0.0,2.0,5.0,9.0,0.0,0.0,0.0,0.0,
ESP-La Liga,2425,2024-12-21 Getafe-Mallorca,Getafe,David Soria,True,Goalkeeper,1,start,end,1.0,0.0,0.0,0.0,0.0,0.0,0.0,1.0,1.0,8.0,0.0,0.0,0.0,0.0,
ESP-La Liga,2425,2024-12-21 Getafe-Mallorca,Mallorca,Dominik Greif,False,Goalkeeper,1,start,end,1.0,0.0,0.0,0.0,0.0,0.0,1.0,0.0,5.0,18.0,0.0,0.0,0.0,0.0,
ESP-La Liga,2425,2024-12-21 Osasuna-Athletic Club,Athletic Club,Unai Simón,False,Goalkeeper,1,start,end,1.0,0.0,0.0,0.0,0.0,0.0,0.0,1.0,2.0,5.0,0.0,0.0,0.0,0.0,
ESP-La Liga,2425,2024-12-21 Osasuna-Athletic Club,Osasuna,Sergio Herrera,True,Goalkeeper,1,start,end,1.0,0.0,0.0,0.0,0.0,0.0,0.0,2.0,6.0,11.0,0.0,0.0,0.0,0.0,
ESP-La Liga,2425,2024-12-22 Las Palmas-Espanyol,Espanyol,Joan García,False,Goalkeeper,1,start,end,1.0,0.0,0.0,0.0,0.0,0.0,0.0,1.0,2.0,9.0,0.0,0.0,0.0,0.0,
ESP-La Liga,2425,2024-12-22 Las Palmas-Espanyol,Las Palmas,Jasper Cillessen,True,Goalkeeper,1,start,end,1.0,0.0,0.0,0.0,0.0,0.0,0.0,0.0,2.0,9.0,0.0,0.0,0.0,0.0,
ESP-La Liga,2425,2024-12-22 Leganés-Villarreal,Leganés,Marko Dmitrovic,True,Goalkeeper,1,start,end,1.0,0.0,1.0,0.0,0.0,0.0,0.0,5.0,4.0,13.0,0.0,0.0,0.0,0.0,
ESP-La Liga,2425,2024-12-22 Leganés-Villarreal,Villarreal,Luiz Júnior,False,Goalkeeper,1,start,end,1.0,0.0,1.0,0.0,0.0,0.0,0.0,2.0,1.0,3.0,0.0,0.0,0.0,0.0,
ESP-La Liga,2425,2024-12-22 Real Betis-Rayo Vallecano,Rayo Vallecano,Augusto Batalla,False,Goalkeeper,1,start,end,1.0,0.0,0.0,0.0,0.0,0.0,0.0,1.0,4.0,12.0,0.0,0.0,0.0,0.0,
ESP-La Liga,2425,2024-12-22 Real Betis-Rayo Vallecano,Real Betis,Fran Vieites,True,Goalkeeper,1,start,end,1.0,0.0,0.0,0.0,0.0,0.0,0.0,1.0,3.0,8.0,0.0,0.0,0.0,0.0,
ESP-La Liga,2425,2024-12-22 Real Madrid-Sevilla,Real Madrid,Thibaut Courtois,True,Goalkeeper,1,start,end,1.0,0.0,0.0,0.0,0.0,0.0,0.0,2.0,2.0,8.0,0.0,0.0,0.0,0.0,
ESP-La Liga,2425,2024-12-22 Real Madrid-Sevilla,Sevilla,Álvaro Fernández,False,Goalkeeper,1,start,end,1.0,0.0,0.0,0.0,0.0,0.0,0.0,4.0,3.0,12.0,0.0,0.0,0.0,0.0,
ESP-La Liga,2425,2024-12-22 Valencia-Alavés,Alavés,Antonio Sivera,False,Goalkeeper,1,start,54,1.0,0.0,1.0,0.0,0.0,0.0,0.0,0.0,1.0,2.0,0.0,0.0,0.0,0.0,
ESP-La Liga,2425,2024-12-22 Valencia-Alavés,Valencia,Stole Dimitrievski,True,Goalkeeper,1,start,end,1.0,0.0,0.0,0.0,0.0,0.0,0.0,2.0,1.0,8.0,0.0,0.0,0.0,0.0,
ESP-La Liga,2425,2025-01-03 Valencia-Real Madrid,Real Madrid,Thibaut Courtois,False,Goalkeeper,1,start,end,1.0,0.0,0.0,0.0,0.0,0.0,0.0,1.0,4.0,6.0,0.0,0.0,0.0,0.0,
ESP-La Liga,2425,2025-01-03 Valencia-Real Madrid,Valencia,Stole Dimitrievski,True,Goalkeeper,1,start,end,1.0,0.0,0.0,0.0,0.0,0.0,1.0,2.0,4.0,14.0,0.0,0.0,0.0,0.0,
ESP-La Liga,2425,2025-01-10 Rayo Vallecano-Celta Vigo,Celta Vigo,Vicente Guaita,False,Goalkeeper,1,start,end,1.0,0.0,0.0,0.0,0.0,0.0,0.0,2.0,3.0,6.0,0.0,0.0,0.0,0.0,
ESP-La Liga,2425,2025-01-10 Rayo Vallecano-Celta Vigo,Rayo Vallecano,Daniel Cárdenas,True,Goalkeeper,1,start,end,1.0,0.0,0.0,0.0,0.0,0.0,0.0,1.0,6.0,21.0,0.0,0.0,0.0,0.0,
ESP-La Liga,2425,2025-01-11 Alavés-Girona,Alavés,Jesús Owono,True,Goalkeeper,1,start,end,1.0,0.0,0.0,0.0,0.0,0.0,0.0,1.0,0.0,2.0,0.0,0.0,0.0,0.0,
ESP-La Liga,2425,2025-01-11 Alavés-Girona,Girona,Paulo Gazzaniga,False,Goalkeeper,1,start,end,1.0,0.0,0.0,0.0,0.0,0.0,0.0,0.0,2.0,11.0,0.0,0.0,0.0,0.0,
ESP-La Liga,2425,2025-01-11 Espanyol-Leganés,Espanyol,Joan García,True,Goalkeeper,1,start,end,1.0,0.0,0.0,0.0,0.0,0.0,0.0,1.0,5.0,14.0,0.0,0.0,0.0,0.0,
ESP-La Liga,2425,2025-01-11 Espanyol-Leganés,Leganés,Marko Dmitrovic,False,Goalkeeper,1,start,end,1.0,0.0,1.0,0.0,0.0,0.0,0.0,1.0,4.0,15.0,0.0,0.0,0.0,0.0,
ESP-La Liga,2425,2025-01-11 Real Valladolid-Real Betis,Real Betis,Fran Vieites,False,Goalkeeper,1,start,end,1.0,0.0,1.0,0.0,0.0,0.0,0.0,1.0,0.0,11.0,0.0,1.0,0.0,1.0,
ESP-La Liga,2425,2025-01-11 Real Valladolid-Real Betis,Real Valladolid,Karl Hein,True,Goalkeeper,1,start,end,1.0,0.0,0.0,0.0,0.0,0.0,0.0,0.0,3.0,14.0,0.0,0.0,0.0,0.0,
ESP-La Liga,2425,2025-01-11 Sevilla-Valencia,Sevilla,Ørjan Nyland,True,Goalkeeper,1,start,end,1.0,0.0,0.0,0.0,0.0,0.0,0.0,1.0,0.0,4.0,0.0,0.0,0.0,0.0,
ESP-La Liga,2425,2025-01-11 Sevilla-Valencia,Valencia,Giorgi Mamardashvili,False,Goalkeeper,1,start,end,1.0,0.0,0.0,0.0,0.0,0.0,0.0,1.0,4.0,13.0,0.0,0.0,0.0,0.0,
ESP-La Liga,2425,2025-01-12 Atlético Madrid-Osasuna,Atlético Madrid,Jan Oblak,True,Goalkeeper,1,start,end,1.0,0.0,0.0,0.0,0.0,0.0,0.0,0.0,1.0,6.0,0.0,0.0,0.0,0.0,
ESP-La Liga,2425,2025-01-12 Atlético Madrid-Osasuna,Osasuna,Sergio Herrera,False,Goalkeeper,1,start,end,1.0,0.0,0.0,0.0,0.0,0.0,0.0,1.0,4.0,8.0,0.0,0.0,0.0,0.0,
ESP-La Liga,2425,2025-01-12 Las Palmas-Getafe,Getafe,David Soria,False,Goalkeeper,1,start,end,1.0,0.0,0.0,0.0,0.0,0.0,0.0,1.0,5.0,13.0,0.0,0.0,0.0,0.0,
ESP-La Liga,2425,2025-01-12 Las Palmas-Getafe,Las Palmas,Jasper Cillessen,True,Goalkeeper,1,start,end,1.0,0.0,0.0,0.0,0.0,0.0,0.0,2.0,1.0,9.0,0.0,0.0,0.0,0.0,
ESP-La Liga,2425,2025-01-13 Real Sociedad-Villarreal,Real Sociedad,Álex Remiro,True,Goalkeeper,1,start,end,1.0,0.0,0.0,0.0,0.0,0.0,0.0,0.0,5.0,14.0,0.0,0.0,0.0,0.0,
ESP-La Liga,2425,2025-01-13 Real Sociedad-Villarreal,Villarreal,Luiz Júnior,False,Goalkeeper,1,start,end,1.0,0.0,0.0,0.0,0.0,0.0,0.0,1.0,2.0,5.0,0.0,0.0,0.0,0.0,
ESP-La Liga,2425,2025-01-17 Espanyol-Real Valladolid,Espanyol,Joan García,True,Goalkeeper,1,start,end,1.0,0.0,0.0,0.0,0.0,0.0,0.0,1.0,3.0,10.0,0.0,0.0,0.0,0.0,
ESP-La Liga,2425,2025-01-17 Espanyol-Real Valladolid,Real Valladolid,Karl Hein,False,Goalkeeper,1,start,end,1.0,0.0,0.0,0.0,0.0,0.0,0.0,2.0,2.0,10.0,0.0,0.0,0.0,0.0,
ESP-La Liga,2425,2025-01-18 Getafe-Barcelona,Barcelona,Iñaki Peña,False,Goalkeeper,1,start,end,1.0,0.0,0.0,0.0,0.0,0.0,0.0,1.0,3.0,9.0,0.0,0.0,0.0,0.0,
ESP-La Liga,2425,2025-01-18 Getafe-Barcelona,Getafe,David Soria,True,Goalkeeper,1,start,end,1.0,0.0,0.0,0.0,0.0,0.0,0.0,1.0,4.0,18.0,0.0,0.0,0.0,0.0,
ESP-La Liga,2425,2025-01-18 Girona-Sevilla,Girona,Paulo Gazzaniga,True,Goalkeeper,1,start,end,1.0,0.0,1.0,0.0,0.0,0.0,0.0,2.0,4.0,11.0,0.0,0.0,0.0,0.0,
ESP-La Liga,2425,2025-01-18 Girona-Sevilla,Sevilla,Ørjan Nyland,False,Goalkeeper,1,start,end,1.0,0.0,0.0,0.0,0.0,0.0,0.0,1.0,3.0,6.0,0.0,0.0,0.0,0.0,
ESP-La Liga,2425,2025-01-18 Leganés-Atlético Madrid,Atlético Madrid,Jan Oblak,False,Goalkeeper,1,start,end,1.0,0.0,0.0,0.0,0.0,0.0,0.0,1.0,2.0,8.0,0.0,0.0,0.0,0.0,
ESP-La Liga,2425,2025-01-18 Leganés-Atlético Madrid,Leganés,Marko Dmitrovic,True,Goalkeeper,1,start,end,1.0,0.0,0.0,0.0,0.0,0.0,0.0,0.0,3.0,18.0,0.0,0.0,0.0,0.0,
ESP-La Liga,2425,2025-01-18 Real Betis-Alavés,Alavés,Jesús Owono,False,Goalkeeper,1,start,end,1.0,0.0,1.0,0.0,0.0,0.0,0.0,1.0,1.0,7.0,0.0,0.0,0.0,0.0,
ESP-La Liga,2425,2025-01-18 Real Betis-Alavés,Real Betis,Adrián,True,Goalkeeper,1,start,end,1.0,0.0,0.0,0.0,0.0,0.0,0.0,3.0,2.0,7.0,0.0,0.0,0.0,0.0,
ESP-La Liga,2425,2025-01-19 Celta Vigo-Athletic Club,Athletic Club,Unai Simón,False,Goalkeeper,1,start,end,1.0,0.0,0.0,0.0,0.0,0.0,0.0,1.0,0.0,2.0,0.0,0.0,0.0,0.0,
ESP-La Liga,2425,2025-01-19 Celta Vigo-Athletic Club,Celta Vigo,Vicente Guaita,True,Goalkeeper,1,start,end,1.0,0.0,0.0,0.0,0.0,0.0,0.0,2.0,4.0,13.0,0.0,0.0,0.0,0.0,
ESP-La Liga,2425,2025-01-19 Osasuna-Rayo Vallecano,Osasuna,Sergio Herrera,True,Goalkeeper,1,start,end,1.0,0.0,0.0,0.0,0.0,0.0,0.0,1.0,3.0,8.0,0.0,0.0,0.0,0.0,
ESP-La Liga,2425,2025-01-19 Osasuna-Rayo Vallecano,Rayo Vallecano,Augusto Batalla,False,Goalkeeper,1,start,end,1.0,0.0,0.0,0.0,0.0,0.0,1.0,1.0,2.0,12.0,0.0,0.0,0.0,0.0,
ESP-La Liga,2425,2025-01-19 Real Madrid-Las Palmas,Las Palmas,Jasper Cillessen,False,Goalkeeper,1,start,end,1.0,0.0,0.0,0.0,0.0,0.0,0.0,4.0,9.0,22.0,0.0,0.0,0.0,0.0,
ESP-La Liga,2425,2025-01-19 Real Madrid-Las Palmas,Real Madrid,Thibaut Courtois,True,Goalkeeper,1,start,end,1.0,0.0,0.0,0.0,0.0,0.0,0.0,1.0,1.0,5.0,0.0,0.0,0.0,0.0,
ESP-La Liga,2425,2025-01-19 Valencia-Real Sociedad,Real Sociedad,Álex Remiro,False,Goalkeeper,1,start,end,1.0,0.0,0.0,0.0,0.0,0.0,0.0,1.0,1.0,6.0,0.0,0.0,0.0,0.0,
ESP-La Liga,2425,2025-01-19 Valencia-Real Sociedad,Valencia,Giorgi Mamardashvili,True,Goalkeeper,1,start,end,1.0,0.0,0.0,0.0,0.0,0.0,0.0,0.0,3.0,10.0,0.0,0.0,0.0,0.0,
ESP-La Liga,2425,2025-01-20 Villarreal-Mallorca,Mallorca,Dominik Greif,False,Goalkeeper,1,start,end,1.0,0.0,0.0,0.0,0.0,0.0,0.0,4.0,4.0,10.0,0.0,0.0,0.0,0.0,
ESP-La Liga,2425,2025-01-20 Villarreal-Mallorca,Villarreal,Luiz Júnior,True,Goalkeeper,1,start,end,1.0,0.0,0.0,0.0,0.0,0.0,0.0,0.0,3.0,8.0,0.0,0.0,0.0,0.0,
ESP-La Liga,2425,2025-01-24 Las Palmas-Osasuna,Las Palmas,Jasper Cillessen,True,Goalkeeper,1,start,end,1.0,0.0,0.0,0.0,0.0,0.0,0.0,1.0,3.0,14.0,0.0,0.0,0.0,0.0,
ESP-La Liga,2425,2025-01-24 Las Palmas-Osasuna,Osasuna,Sergio Herrera,False,Goalkeeper,1,start,end,1.0,0.0,0.0,0.0,0.0,0.0,0.0,1.0,6.0,15.0,0.0,0.0,0.0,0.0,
ESP-La Liga,2425,2025-01-25 Atlético Madrid-Villarreal,Atlético Madrid,Jan Oblak,True,Goalkeeper,1,start,end,1.0,0.0,0.0,0.0,0.0,0.0,0.0,1.0,0.0,11.0,0.0,0.0,0.0,0.0,
ESP-La Liga,2425,2025-01-25 Atlético Madrid-Villarreal,Villarreal,Luiz Júnior,False,Goalkeeper,1,start,end,1.0,0.0,0.0,0.0,0.0,0.0,0.0,1.0,8.0,20.0,0.0,0.0,0.0,0.0,
ESP-La Liga,2425,2025-01-25 Mallorca-Real Betis,Mallorca,Dominik Greif,True,Goalkeeper,1,start,end,1.0,0.0,1.0,0.0,0.0,0.0,0.0,1.0,2.0,7.0,0.0,0.0,0.0,0.0,
ESP-La Liga,2425,2025-01-25 Mallorca-Real Betis,Real Betis,Adrián,False,Goalkeeper,1,start,end,1.0,0.0,0.0,0.0,0.0,0.0,0.0,0.0,3.0,16.0,0.0,0.0,0.0,0.0,
ESP-La Liga,2425,2025-01-25 Real Valladolid-Real Madrid,Real Madrid,Thibaut Courtois,False,Goalkeeper,1,start,end,1.0,0.0,0.0,0.0,0.0,0.0,0.0,0.0,2.0,6.0,0.0,0.0,0.0,0.0,
ESP-La Liga,2425,2025-01-25 Real Valladolid-Real Madrid,Real Valladolid,Karl Hein,True,Goalkeeper,1,start,end,1.0,0.0,0.0,0.0,0.0,0.0,0.0,3.0,1.0,17.0,0.0,0.0,0.0,0.0,
ESP-La Liga,2425,2025-01-25 Sevilla-Espanyol,Espanyol,Joan García,False,Goalkeeper,1,start,end,1.0,0.0,0.0,0.0,0.0,0.0,0.0,1.0,3.0,22.0,0.0,0.0,0.0,0.0,
ESP-La Liga,2425,2025-01-25 Sevilla-Espanyol,Sevilla,Ørjan Nyland,True,Goalkeeper,1,start,end,1.0,0.0,0.0,0.0,0.0,0.0,0.0,1.0,0.0,5.0,0.0,0.0,0.0,0.0,
ESP-La Liga,2425,2025-01-26 Athletic Club-Leganés,Athletic Club,Unai Simón,True,Goalkeeper,1,start,end,1.0,0.0,0.0,0.0,0.0,0.0,0.0,0.0,2.0,5.0,0.0,0.0,0.0,0.0,
ESP-La Liga,2425,2025-01-26 Athletic Club-Leganés,Leganés,Marko Dmitrovic,False,Goalkeeper,1,start,end,1.0,0.0,0.0,0.0,0.0,0.0,0.0,0.0,3.0,28.0,0.0,0.0,0.0,0.0,
ESP-La Liga,2425,2025-01-26 Barcelona-Valencia,Barcelona,Wojciech Szczesny,True,Goalkeeper,1,start,end,1.0,0.0,0.0,0.0,0.0,0.0,0.0,1.0,1.0,6.0,0.0,0.0,0.0,0.0,
ESP-La Liga,2425,2025-01-26 Barcelona-Valencia,Valencia,Giorgi Mamardashvili,False,Goalkeeper,1,start,end,1.0,0.0,0.0,0.0,0.0,0.0,0.0,7.0,5.0,15.0,0.0,0.0,0.0,0.0,
ESP-La Liga,2425,2025-01-26 Rayo Vallecano-Girona,Girona,Paulo Gazzaniga,False,Goalkeeper,1,start,45,1.0,0.0,0.0,0.0,0.0,0.0,0.0,0.0,4.0,7.0,0.0,0.0,0.0,0.0,
ESP-La Liga,2425,2025-01-26 Rayo Vallecano-Girona,Rayo Vallecano,Augusto Batalla,True,Goalkeeper,1,start,end,1.0,0.0,1.0,0.0,0.0,0.0,0.0,1.0,4.0,11.0,0.0,0.0,0.0,0.0,
ESP-La Liga,2425,2025-01-26 Real Sociedad-Getafe,Getafe,David Soria,False,Goalkeeper,1,start,end,1.0,0.0,0.0,0.0,0.0,0.0,0.0,0.0,4.0,13.0,0.0,0.0,0.0,0.0,
ESP-La Liga,2425,2025-01-26 Real Sociedad-Getafe,Real Sociedad,Álex Remiro,True,Goalkeeper,1,start,end,1.0,0.0,0.0,0.0,0.0,0.0,0.0,3.0,1.0,10.0,0.0,0.0,0.0,0.0,
ESP-La Liga,2425,2025-01-27 Alavés-Celta Vigo,Alavés,Jesús Owono,True,Goalkeeper,1,start,end,1.0,0.0,0.0,0.0,0.0,0.0,0.0,1.0,1.0,5.0,0.0,0.0,0.0,0.0,
ESP-La Liga,2425,2025-01-27 Alavés-Celta Vigo,Celta Vigo,Vicente Guaita,False,Goalkeeper,1,start,end,1.0,0.0,0.0,0.0,0.0,0.0,0.0,1.0,0.0,3.0,0.0,0.0,0.0,0.0,
ESP-La Liga,2425,2025-01-31 Leganés-Rayo Vallecano,Leganés,Marko Dmitrovic,True,Goalkeeper,1,start,end,1.0,0.0,0.0,0.0,0.0,0.0,0.0,1.0,2.0,18.0,0.0,0.0,0.0,0.0,
ESP-La Liga,2425,2025-01-31 Leganés-Rayo Vallecano,Rayo Vallecano,Augusto Batalla,False,Goalkeeper,1,start,end,1.0,0.0,0.0,0.0,0.0,0.0,0.0,0.0,0.0,4.0,0.0,0.0,0.0,0.0,
ESP-La Liga,2425,2025-02-01 Atlético Madrid-Mallorca,Atlético Madrid,Jan Oblak,True,Goalkeeper,1,start,end,1.0,0.0,0.0,0.0,0.0,0.0,0.0,0.0,1.0,8.0,0.0,0.0,0.0,0.0,
ESP-La Liga,2425,2025-02-01 Atlético Madrid-Mallorca,Mallorca,Dominik Greif,False,Goalkeeper,1,start,end,1.0,0.0,0.0,0.0,0.0,0.0,0.0,2.0,3.0,15.0,0.0,0.0,0.0,0.0,
ESP-La Liga,2425,2025-02-01 Espanyol-Real Madrid,Espanyol,Joan García,True,Goalkeeper,1,start,end,1.0,0.0,0.0,0.0,0.0,0.0,0.0,0.0,7.0,22.0,0.0,0.0,0.0,0.0,
ESP-La Liga,2425,2025-02-01 Espanyol-Real Madrid,Real Madrid,Thibaut Courtois,False,Goalkeeper,1,start,end,1.0,0.0,0.0,0.0,0.0,0.0,0.0,1.0,1.0,4.0,0.0,0.0,0.0,0.0,
ESP-La Liga,2425,2025-02-01 Getafe-Sevilla,Getafe,David Soria,True,Goalkeeper,1,start,end,1.0,0.0,0.0,0.0,0.0,0.0,0.0,0.0,0.0,13.0,0.0,0.0,0.0,0.0,
ESP-La Liga,2425,2025-02-01 Getafe-Sevilla,Sevilla,Ørjan Nyland,False,Goalkeeper,1,start,end,1.0,0.0,0.0,0.0,0.0,0.0,0.0,0.0,1.0,6.0,0.0,0.0,0.0,0.0,
ESP-La Liga,2425,2025-02-01 Villarreal-Real Valladolid,Real Valladolid,Karl Hein,False,Goalkeeper,1,start,end,1.0,0.0,0.0,0.0,0.0,0.0,0.0,5.0,3.0,17.0,0.0,0.0,0.0,0.0,
ESP-La Liga,2425,2025-02-01 Villarreal-Real Valladolid,Villarreal,Diego Conde,True,Goalkeeper,1,start,end,1.0,0.0,0.0,0.0,0.0,0.0,0.0,1.0,1.0,6.0,0.0,0.0,0.0,0.0,
ESP-La Liga,2425,2025-02-02 Barcelona-Alavés,Alavés,Jesús Owono,False,Goalkeeper,1,start,end,1.0,0.0,0.0,0.0,0.0,0.0,0.0,1.0,3.0,9.0,0.0,0.0,0.0,0.0,
ESP-La Liga,2425,2025-02-02 Barcelona-Alavés,Barcelona,Wojciech Szczesny,True,Goalkeeper,1,start,end,1.0,0.0,0.0,0.0,0.0,0.0,0.0,0.0,0.0,3.0,0.0,0.0,0.0,0.0,
ESP-La Liga,2425,2025-02-02 Osasuna-Real Sociedad,Osasuna,Sergio Herrera,True,Goalkeeper,1,start,end,1.0,0.0,0.0,0.0,0.0,0.0,1.0,1.0,2.0,12.0,0.0,0.0,0.0,0.0,
ESP-La Liga,2425,2025-02-02 Osasuna-Real Sociedad,Real Sociedad,Álex Remiro,False,Goalkeeper,1,start,end,1.0,0.0,0.0,0.0,0.0,0.0,0.0,2.0,2.0,8.0,0.0,0.0,0.0,0.0,
ESP-La Liga,2425,2025-02-02 Real Betis-Athletic Club,Athletic Club,Unai Simón,False,Goalkeeper,1,start,end,1.0,0.0,0.0,0.0,0.0,0.0,0.0,2.0,4.0,8.0,0.0,0.0,0.0,0.0,
ESP-La Liga,2425,2025-02-02 Real Betis-Athletic Club,Real Betis,Adrián,True,Goalkeeper,1,start,end,1.0,0.0,0.0,0.0,0.0,0.0,0.0,2.0,2.0,10.0,0.0,0.0,0.0,0.0,
ESP-La Liga,2425,2025-02-02 Valencia-Celta Vigo,Celta Vigo,Vicente Guaita,False,Goalkeeper,1,start,end,1.0,0.0,0.0,0.0,0.0,0.0,0.0,2.0,3.0,6.0,0.0,0.0,0.0,0.0,
ESP-La Liga,2425,2025-02-02 Valencia-Celta Vigo,Valencia,Giorgi Mamardashvili,True,Goalkeeper,1,start,end,1.0,0.0,0.0,0.0,0.0,0.0,0.0,1.0,1.0,2.0,0.0,0.0,0.0,0.0,
ESP-La Liga,2425,2025-02-03 Girona-Las Palmas,Girona,Paulo Gazzaniga,True,Goalkeeper,1,start,end,1.0,0.0,0.0,0.0,0.0,0.0,0.0,1.0,1.0,9.0,0.0,0.0,0.0,0.0,
ESP-La Liga,2425,2025-02-03 Girona-Las Palmas,Las Palmas,Jasper Cillessen,False,Goalkeeper,1,start,end,1.0,0.0,0.0,0.0,0.0,0.0,0.0,2.0,2.0,9.0,0.0,0.0,0.0,0.0,
ESP-La Liga,2425,2025-02-07 Rayo Vallecano-Real Valladolid,Rayo Vallecano,Augusto Batalla,True,Goalkeeper,1,start,end,1.0,0.0,0.0,0.0,0.0,0.0,0.0,0.0,3.0,8.0,0.0,0.0,0.0,0.0,
ESP-La Liga,2425,2025-02-07 Rayo Vallecano-Real Valladolid,Real Valladolid,Karl Hein,False,Goalkeeper,1,start,end,1.0,0.0,0.0,0.0,0.0,0.0,0.0,1.0,4.0,18.0,0.0,0.0,0.0,0.0,
ESP-La Liga,2425,2025-02-08 Athletic Club-Girona,Athletic Club,Unai Simón,True,Goalkeeper,1,start,end,1.0,0.0,0.0,0.0,0.0,0.0,0.0,0.0,1.0,3.0,0.0,0.0,0.0,0.0,
ESP-La Liga,2425,2025-02-08 Athletic Club-Girona,Girona,Paulo Gazzaniga,False,Goalkeeper,1,start,end,1.0,0.0,0.0,0.0,0.0,0.0,0.0,3.0,5.0,21.0,0.0,0.0,0.0,0.0,
ESP-La Liga,2425,2025-02-08 Celta Vigo-Real Betis,Celta Vigo,Vicente Guaita,True,Goalkeeper,1,start,end,1.0,0.0,0.0,0.0,0.0,0.0,0.0,2.0,3.0,10.0,0.0,0.0,0.0,0.0,
ESP-La Liga,2425,2025-02-08 Celta Vigo-Real Betis,Real Betis,Adrián,False,Goalkeeper,1,start,end,1.0,0.0,0.0,0.0,0.0,0.0,0.0,3.0,3.0,11.0,0.0,0.0,0.0,0.0,
ESP-La Liga,2425,2025-02-08 Las Palmas-Villarreal,Las Palmas,Jasper Cillessen,True,Goalkeeper,1,start,end,1.0,0.0,0.0,0.0,0.0,0.0,0.0,2.0,2.0,7.0,0.0,0.0,0.0,0.0,
ESP-La Liga,2425,2025-02-08 Las Palmas-Villarreal,Villarreal,Diego Conde,False,Goalkeeper,1,start,end,1.0,0.0,0.0,0.0,0.0,0.0,0.0,1.0,3.0,16.0,0.0,0.0,0.0,0.0,
ESP-La Liga,2425,2025-02-08 Real Madrid-Atlético Madrid,Atlético Madrid,Jan Oblak,False,Goalkeeper,1,start,end,1.0,0.0,1.0,0.0,0.0,0.0,0.0,1.0,8.0,22.0,0.0,0.0,0.0,0.0,
ESP-La Liga,2425,2025-02-08 Real Madrid-Atlético Madrid,Real Madrid,Thibaut Courtois,True,Goalkeeper,1,start,end,1.0,0.0,0.0,0.0,0.0,0.0,0.0,1.0,1.0,9.0,0.0,0.0,0.0,0.0,
ESP-La Liga,2425,2025-02-09 Alavés-Getafe,Alavés,Antonio Sivera,True,Goalkeeper,1,start,end,1.0,0.0,0.0,0.0,0.0,0.0,0.0,1.0,2.0,3.0,0.0,0.0,0.0,0.0,
ESP-La Liga,2425,2025-02-09 Alavés-Getafe,Getafe,David Soria,False,Goalkeeper,1,start,end,1.0,0.0,0.0,0.0,0.0,0.0,1.0,0.0,4.0,12.0,0.0,0.0,0.0,0.0,
ESP-La Liga,2425,2025-02-09 Real Sociedad-Espanyol,Espanyol,Joan García,False,Goalkeeper,1,start,end,1.0,0.0,0.0,0.0,0.0,0.0,0.0,2.0,3.0,11.0,0.0,0.0,0.0,0.0,
ESP-La Liga,2425,2025-02-09 Real Sociedad-Espanyol,Real Sociedad,Álex Remiro,True,Goalkeeper,1,start,end,1.0,0.0,0.0,0.0,0.0,0.0,0.0,1.0,0.0,3.0,0.0,0.0,0.0,0.0,
ESP-La Liga,2425,2025-02-09 Sevilla-Barcelona,Barcelona,Wojciech Szczesny,False,Goalkeeper,1,start,end,1.0,0.0,0.0,0.0,0.0,0.0,0.0,1.0,3.0,5.0,0.0,0.0,0.0,0.0,
ESP-La Liga,2425,2025-02-09 Sevilla-Barcelona,Sevilla,Ørjan Nyland,True,Goalkeeper,1,start,end,1.0,0.0,0.0,0.0,0.0,0.0,0.0,4.0,2.0,5.0,0.0,0.0,0.0,0.0,
ESP-La Liga,2425,2025-02-09 Valencia-Leganés,Leganés,Marko Dmitrovic,False,Goalkeeper,1,start,end,1.0,0.0,0.0,0.0,0.0,0.0,0.0,2.0,2.0,17.0,0.0,0.0,0.0,0.0,
ESP-La Liga,2425,2025-02-09 Valencia-Leganés,Valencia,Giorgi Mamardashvili,True,Goalkeeper,1,start,end,1.0,0.0,0.0,0.0,0.0,0.0,0.0,0.0,4.0,12.0,0.0,0.0,0.0,0.0,
ESP-La Liga,2425,2025-02-10 Mallorca-Osasuna,Mallorca,Dominik Greif,True,Goalkeeper,1,start,end,1.0,0.0,0.0,0.0,0.0,0.0,0.0,1.0,3.0,17.0,0.0,0.0,0.0,0.0,
ESP-La Liga,2425,2025-02-10 Mallorca-Osasuna,Osasuna,Sergio Herrera,False,Goalkeeper,1,start,end,1.0,0.0,0.0,0.0,0.0,0.0,0.0,1.0,1.0,9.0,0.0,0.0,0.0,0.0,
ESP-La Liga,2425,2025-02-14 Girona-Getafe,Getafe,David Soria,False,Goalkeeper,1,start,end,1.0,0.0,0.0,0.0,0.0,0.0,0.0,1.0,3.0,13.0,0.0,0.0,0.0,0.0,
ESP-La Liga,2425,2025-02-14 Girona-Getafe,Girona,Paulo Gazzaniga,True,Goalkeeper,1,start,end,1.0,0.0,0.0,0.0,0.0,0.0,0.0,2.0,4.0,9.0,0.0,0.0,0.0,0.0,
ESP-La Liga,2425,2025-02-15 Atlético Madrid-Celta Vigo,Atlético Madrid,Jan Oblak,True,Goalkeeper,1,start,end,1.0,0.0,0.0,0.0,0.0,0.0,0.0,1.0,3.0,10.0,0.0,0.0,0.0,0.0,
ESP-La Liga,2425,2025-02-15 Atlético Madrid-Celta Vigo,Celta Vigo,Vicente Guaita,False,Goalkeeper,1,start,end,1.0,0.0,0.0,0.0,0.0,0.0,0.0,1.0,2.0,8.0,0.0,0.0,0.0,0.0,
ESP-La Liga,2425,2025-02-15 Leganés-Alavés,Alavés,Antonio Sivera,False,Goalkeeper,1,start,end,1.0,1.0,0.0,0.0,0.0,0.0,1.0,3.0,0.0,5.0,0.0,0.0,0.0,0.0,
ESP-La Liga,2425,2025-02-15 Leganés-Alavés,Leganés,Marko Dmitrovic,True,Goalkeeper,1,start,end,1.0,0.0,0.0,0.0,0.0,0.0,0.0,3.0,4.0,13.0,0.0,0.0,0.0,0.0,
ESP-La Liga,2425,2025-02-15 Osasuna-Real Madrid,Osasuna,Sergio Herrera,True,Goalkeeper,1,start,end,1.0,0.0,0.0,0.0,0.0,0.0,0.0,1.0,4.0,15.0,0.0,0.0,0.0,0.0,
ESP-La Liga,2425,2025-02-15 Osasuna-Real Madrid,Real Madrid,Thibaut Courtois,False,Goalkeeper,1,start,end,1.0,0.0,0.0,0.0,0.0,0.0,0.0,1.0,3.0,9.0,0.0,0.0,0.0,0.0,
ESP-La Liga,2425,2025-02-15 Villarreal-Valencia,Valencia,Giorgi Mamardashvili,False,Goalkeeper,1,start,end,1.0,0.0,1.0,0.0,0.0,0.0,0.0,1.0,3.0,12.0,0.0,0.0,0.0,0.0,
ESP-La Liga,2425,2025-02-15 Villarreal-Valencia,Villarreal,Diego Conde,True,Goalkeeper,1,start,end,1.0,0.0,1.0,0.0,0.0,0.0,0.0,1.0,2.0,11.0,0.0,0.0,0.0,0.0,
ESP-La Liga,2425,2025-02-16 Espanyol-Athletic Club,Athletic Club,Unai Simón,False,Goalkeeper,1,start,end,1.0,0.0,0.0,0.0,0.0,0.0,0.0,1.0,3.0,10.0,0.0,0.0,0.0,0.0,
ESP-La Liga,2425,2025-02-16 Espanyol-Athletic Club,Espanyol,Joan García,True,Goalkeeper,1,start,end,1.0,0.0,1.0,0.0,0.0,0.0,0.0,1.0,3.0,13.0,0.0,0.0,0.0,0.0,
ESP-La Liga,2425,2025-02-16 Mallorca-Las Palmas,Las Palmas,Jasper Cillessen,False,Goalkeeper,1,start,end,1.0,0.0,0.0,0.0,0.0,0.0,0.0,3.0,3.0,11.0,0.0,0.0,0.0,0.0,
ESP-La Liga,2425,2025-02-16 Mallorca-Las Palmas,Mallorca,Dominik Greif,True,Goalkeeper,1,start,end,1.0,0.0,1.0,0.0,0.0,0.0,0.0,1.0,3.0,8.0,0.0,0.0,0.0,0.0,
ESP-La Liga,2425,2025-02-16 Real Betis-Real Sociedad,Real Betis,Adrián,True,Goalkeeper,1,start,end,1.0,0.0,0.0,0.0,0.0,0.0,0.0,0.0,0.0,5.0,0.0,0.0,0.0,0.0,
ESP-La Liga,2425,2025-02-16 Real Betis-Real Sociedad,Real Sociedad,Álex Remiro,False,Goalkeeper,1,start,end,1.0,0.0,1.0,0.0,0.0,0.0,0.0,3.0,4.0,18.0,0.0,0.0,0.0,0.0,
ESP-La Liga,2425,2025-02-16 Real Valladolid-Sevilla,Real Valladolid,Karl Hein,True,Goalkeeper,1,start,end,1.0,0.0,0.0,0.0,0.0,0.0,0.0,4.0,2.0,7.0,0.0,0.0,0.0,0.0,
ESP-La Liga,2425,2025-02-16 Real Valladolid-Sevilla,Sevilla,Ørjan Nyland,False,Goalkeeper,1,start,end,1.0,0.0,0.0,0.0,0.0,0.0,0.0,0.0,1.0,6.0,0.0,0.0,0.0,0.0,
ESP-La Liga,2425,2025-02-17 Barcelona-Rayo Vallecano,Barcelona,Wojciech Szczesny,True,Goalkeeper,1,start,end,1.0,0.0,0.0,0.0,0.0,0.0,0.0,0.0,4.0,8.0,0.0,0.0,0.0,0.0,
ESP-La Liga,2425,2025-02-17 Barcelona-Rayo Vallecano,Rayo Vallecano,Augusto Batalla,False,Goalkeeper,1,start,end,1.0,0.0,0.0,0.0,0.0,0.0,0.0,1.0,6.0,13.0,0.0,0.0,0.0,0.0,
ESP-La Liga,2425,2025-02-21 Celta Vigo-Osasuna,Celta Vigo,Vicente Guaita,True,Goalkeeper,1,start,end,1.0,0.0,0.0,0.0,0.0,0.0,0.0,0.0,1.0,17.0,0.0,0.0,0.0,0.0,
ESP-La Liga,2425,2025-02-21 Celta Vigo-Osasuna,Osasuna,Sergio Herrera,False,Goalkeeper,1,start,end,1.0,0.0,1.0,0.0,0.0,0.0,0.0,1.0,4.0,11.0,0.0,0.0,0.0,0.0,
ESP-La Liga,2425,2025-02-22 Alavés-Espanyol,Alavés,Antonio Sivera,True,Goalkeeper,1,start,end,1.0,0.0,0.0,0.0,0.0,0.0,0.0,1.0,1.0,8.0,0.0,0.0,0.0,0.0,
ESP-La Liga,2425,2025-02-22 Alavés-Espanyol,Espanyol,Joan García,False,Goalkeeper,1,start,end,1.0,0.0,0.0,0.0,0.0,0.0,0.0,0.0,4.0,15.0,0.0,0.0,0.0,0.0,
ESP-La Liga,2425,2025-02-22 Las Palmas-Barcelona,Barcelona,Wojciech Szczesny,False,Goalkeeper,1,start,end,1.0,0.0,0.0,0.0,0.0,0.0,0.0,0.0,3.0,9.0,0.0,0.0,0.0,0.0,
ESP-La Liga,2425,2025-02-22 Las Palmas-Barcelona,Las Palmas,Jasper Cillessen,True,Goalkeeper,1,start,end,1.0,0.0,0.0,0.0,0.0,0.0,0.0,2.0,3.0,13.0,0.0,0.0,0.0,0.0,
ESP-La Liga,2425,2025-02-22 Rayo Vallecano-Villarreal,Rayo Vallecano,Augusto Batalla,True,Goalkeeper,1,start,end,1.0,0.0,0.0,0.0,0.0,0.0,0.0,1.0,4.0,9.0,0.0,0.0,0.0,0.0,
ESP-La Liga,2425,2025-02-22 Rayo Vallecano-Villarreal,Villarreal,Diego Conde,False,Goalkeeper,1,start,end,1.0,0.0,0.0,0.0,0.0,0.0,1.0,0.0,5.0,9.0,0.0,0.0,0.0,0.0,
ESP-La Liga,2425,2025-02-22 Valencia-Atlético Madrid,Atlético Madrid,Jan Oblak,False,Goalkeeper,1,start,end,1.0,0.0,0.0,0.0,0.0,0.0,0.0,0.0,2.0,18.0,0.0,0.0,0.0,0.0,
ESP-La Liga,2425,2025-02-22 Valencia-Atlético Madrid,Valencia,Giorgi Mamardashvili,True,Goalkeeper,1,start,end,1.0,0.0,0.0,0.0,0.0,0.0,0.0,3.0,0.0,8.0,0.0,0.0,0.0,0.0,
ESP-La Liga,2425,2025-02-23 Athletic Club-Real Valladolid,Athletic Club,Unai Simón,True,Goalkeeper,1,start,end,1.0,0.0,0.0,0.0,0.0,0.0,0.0,1.0,2.0,4.0,0.0,0.0,0.0,0.0,
ESP-La Liga,2425,2025-02-23 Athletic Club-Real Valladolid,Real Valladolid,Karl Hein,False,Goalkeeper,1,start,end,1.0,0.0,0.0,0.0,0.0,0.0,0.0,7.0,9.0,22.0,0.0,0.0,0.0,0.0,
ESP-La Liga,2425,2025-02-23 Getafe-Real Betis,Getafe,David Soria,True,Goalkeeper,1,start,end,1.0,0.0,0.0,0.0,0.0,0.0,0.0,2.0,5.0,11.0,0.0,0.0,0.0,0.0,
ESP-La Liga,2425,2025-02-23 Getafe-Real Betis,Real Betis,Adrián,False,Goalkeeper,1,start,end,1.0,0.0,0.0,0.0,0.0,0.0,0.0,1.0,3.0,8.0,0.0,0.0,0.0,0.0,
ESP-La Liga,2425,2025-02-23 Real Madrid-Girona,Girona,Paulo Gazzaniga,False,Goalkeeper,1,start,end,1.0,0.0,0.0,0.0,0.0,0.0,0.0,2.0,4.0,21.0,0.0,0.0,0.0,0.0,
ESP-La Liga,2425,2025-02-23 Real Madrid-Girona,Real Madrid,Thibaut Courtois,True,Goalkeeper,1,start,end,1.0,0.0,0.0,0.0,0.0,0.0,0.0,0.0,2.0,5.0,0.0,0.0,0.0,0.0,
ESP-La Liga,2425,2025-02-23 Real Sociedad-Leganés,Leganés,Marko Dmitrovic,False,Goalkeeper,1,start,end,1.0,0.0,1.0,0.0,0.0,0.0,0.0,3.0,2.0,8.0,0.0,0.0,0.0,0.0,
ESP-La Liga,2425,2025-02-23 Real Sociedad-Leganés,Real Sociedad,Álex Remiro,True,Goalkeeper,1,start,end,1.0,0.0,0.0,0.0,0.0,0.0,0.0,0.0,2.0,9.0,0.0,0.0,0.0,0.0,
ESP-La Liga,2425,2025-02-24 Sevilla-Mallorca,Mallorca,Dominik Greif,False,Goalkeeper,1,start,end,1.0,0.0,0.0,0.0,0.0,0.0,0.0,1.0,2.0,18.0,0.0,0.0,0.0,0.0,
ESP-La Liga,2425,2025-02-24 Sevilla-Mallorca,Sevilla,Ørjan Nyland,True,Goalkeeper,1,start,end,1.0,0.0,0.0,0.0,0.0,0.0,0.0,1.0,1.0,12.0,0.0,0.0,0.0,0.0,
ESP-La Liga,2425,2025-02-28 Real Valladolid-Las Palmas,Las Palmas,Jasper Cillessen,False,Goalkeeper,1,start,end,1.0,0.0,1.0,0.0,0.0,0.0,0.0,1.0,6.0,22.0,0.0,0.0,0.0,0.0,
ESP-La Liga,2425,2025-02-28 Real Valladolid-Las Palmas,Real Valladolid,Karl Hein,True,Goalkeeper,1,start,end,1.0,0.0,0.0,0.0,0.0,0.0,0.0,1.0,2.0,3.0,0.0,0.0,0.0,0.0,
ESP-La Liga,2425,2025-03-01 Atlético Madrid-Athletic Club,Athletic Club,Unai Simón,False,Goalkeeper,1,start,end,1.0,0.0,0.0,0.0,0.0,0.0,0.0,1.0,3.0,11.0,0.0,0.0,0.0,0.0,
ESP-La Liga,2425,2025-03-01 Atlético Madrid-Athletic Club,Atlético Madrid,Jan Oblak,True,Goalkeeper,1,start,end,1.0,0.0,0.0,0.0,0.0,0.0,0.0,0.0,3.0,13.0,0.0,0.0,0.0,0.0,
ESP-La Liga,2425,2025-03-01 Girona-Celta Vigo,Celta Vigo,Vicente Guaita,False,Goalkeeper,1,start,end,1.0,0.0,0.0,0.0,0.0,0.0,0.0,2.0,4.0,6.0,0.0,0.0,0.0,0.0,
ESP-La Liga,2425,2025-03-01 Girona-Celta Vigo,Girona,Paulo Gazzaniga,True,Goalkeeper,1,start,end,1.0,0.0,0.0,0.0,0.0,0.0,0.0,2.0,4.0,8.0,0.0,0.0,0.0,0.0,
ESP-La Liga,2425,2025-03-01 Rayo Vallecano-Sevilla,Rayo Vallecano,Augusto Batalla,True,Goalkeeper,1,start,end,1.0,0.0,0.0,0.0,0.0,0.0,0.0,1.0,3.0,9.0,0.0,0.0,0.0,0.0,
ESP-La Liga,2425,2025-03-01 Rayo Vallecano-Sevilla,Sevilla,Ørjan Nyland,False,Goalkeeper,1,start,end,1.0,0.0,0.0,0.0,0.0,0.0,0.0,1.0,7.0,18.0,0.0,0.0,0.0,0.0,
ESP-La Liga,2425,2025-03-01 Real Betis-Real Madrid,Real Betis,Adrián,True,Goalkeeper,1,start,end,1.0,0.0,0.0,0.0,0.0,0.0,0.0,1.0,1.0,8.0,0.0,0.0,0.0,0.0,
ESP-La Liga,2425,2025-03-01 Real Betis-Real Madrid,Real Madrid,Thibaut Courtois,False,Goalkeeper,1,start,end,1.0,0.0,0.0,0.0,0.0,0.0,0.0,2.0,2.0,16.0,0.0,0.0,0.0,0.0,
ESP-La Liga,2425,2025-03-02 Barcelona-Real Sociedad,Barcelona,Wojciech Szczesny,True,Goalkeeper,1,start,end,1.0,0.0,0.0,0.0,0.0,0.0,0.0,0.0,0.0,0.0,0.0,0.0,0.0,0.0,
ESP-La Liga,2425,2025-03-02 Barcelona-Real Sociedad,Real Sociedad,Álex Remiro,False,Goalkeeper,1,start,end,1.0,0.0,0.0,0.0,0.0,0.0,0.0,4.0,6.0,27.0,0.0,0.0,0.0,0.0,
ESP-La Liga,2425,2025-03-02 Leganés-Getafe,Getafe,David Soria,False,Goalkeeper,1,start,end,1.0,0.0,0.0,0.0,0.0,0.0,0.0,1.0,0.0,5.0,0.0,0.0,0.0,0.0,
ESP-La Liga,2425,2025-03-02 Leganés-Getafe,Leganés,Marko Dmitrovic,True,Goalkeeper,1,start,end,1.0,0.0,0.0,0.0,0.0,0.0,0.0,0.0,0.0,10.0,0.0,0.0,0.0,0.0,
ESP-La Liga,2425,2025-03-02 Mallorca-Alavés,Alavés,Antonio Sivera,False,Goalkeeper,1,start,end,1.0,0.0,0.0,0.0,0.0,0.0,0.0,1.0,3.0,13.0,0.0,0.0,0.0,0.0,
ESP-La Liga,2425,2025-03-02 Mallorca-Alavés,Mallorca,Dominik Greif,True,Goalkeeper,1,start,end,1.0,0.0,0.0,0.0,0.0,0.0,0.0,1.0,7.0,18.0,0.0,0.0,0.0,0.0,
ESP-La Liga,2425,2025-03-02 Osasuna-Valencia,Osasuna,Sergio Herrera,True,Goalkeeper,1,start,end,1.0,0.0,0.0,0.0,0.0,0.0,0.0,3.0,2.0,9.0,0.0,0.0,0.0,0.0,
ESP-La Liga,2425,2025-03-02 Osasuna-Valencia,Valencia,Giorgi Mamardashvili,False,Goalkeeper,1,start,end,1.0,0.0,0.0,0.0,0.0,0.0,0.0,3.0,2.0,8.0,0.0,0.0,0.0,0.0,
ESP-La Liga,2425,2025-03-08 Alavés-Villarreal,Alavés,Antonio Sivera,True,Goalkeeper,1,start,end,1.0,0.0,0.0,0.0,1.0,0.0,0.0,0.0,2.0,22.0,0.0,0.0,0.0,0.0,
ESP-La Liga,2425,2025-03-08 Alavés-Villarreal,Villarreal,Diego Conde,False,Goalkeeper,1,start,end,1.0,0.0,0.0,0.0,0.0,0.0,0.0,1.0,2.0,4.0,0.0,0.0,0.0,0.0,
ESP-La Liga,2425,2025-03-08 Celta Vigo-Leganés,Celta Vigo,Vicente Guaita,True,Goalkeeper,1,start,end,1.0,0.0,1.0,0.0,0.0,0.0,0.0,1.0,5.0,11.0,0.0,0.0,0.0,0.0,
ESP-La Liga,2425,2025-03-08 Celta Vigo-Leganés,Leganés,Marko Dmitrovic,False,Goalkeeper,1,start,end,1.0,0.0,0.0,0.0,0.0,0.0,0.0,2.0,2.0,5.0,0.0,0.0,0.0,0.0,
ESP-La Liga,2425,2025-03-08 Valencia-Real Valladolid,Real Valladolid,Karl Hein,False,Goalkeeper,1,start,end,1.0,0.0,0.0,0.0,0.0,0.0,0.0,2.0,2.0,15.0,0.0,0.0,0.0,0.0,
ESP-La Liga,2425,2025-03-08 Valencia-Real Valladolid,Valencia,Giorgi Mamardashvili,True,Goalkeeper,1,start,end,1.0,0.0,0.0,0.0,0.0,0.0,0.0,1.0,3.0,10.0,0.0,0.0,0.0,0.0,
ESP-La Liga,2425,2025-03-09 Athletic Club-Mallorca,Athletic Club,Unai Simón,True,Goalkeeper,1,start,end,1.0,0.0,1.0,0.0,0.0,0.0,0.0,1.0,1.0,7.0,0.0,0.0,0.0,0.0,
ESP-La Liga,2425,2025-03-09 Athletic Club-Mallorca,Mallorca,Dominik Greif,False,Goalkeeper,1,start,end,1.0,0.0,0.0,0.0,0.0,0.0,0.0,1.0,1.0,7.0,0.0,0.0,0.0,0.0,
ESP-La Liga,2425,2025-03-09 Getafe-Atlético Madrid,Atlético Madrid,Jan Oblak,False,Goalkeeper,1,start,end,1.0,0.0,0.0,0.0,0.0,0.0,0.0,2.0,2.0,9.0,0.0,0.0,0.0,0.0,
ESP-La Liga,2425,2025-03-09 Getafe-Atlético Madrid,Getafe,David Soria,True,Goalkeeper,1,start,end,1.0,0.0,0.0,0.0,0.0,0.0,0.0,1.0,1.0,2.0,0.0,0.0,0.0,0.0,
ESP-La Liga,2425,2025-03-09 Real Betis-Las Palmas,Las Palmas,Jasper Cillessen,False,Goalkeeper,1,start,end,1.0,0.0,0.0,0.0,0.0,0.0,0.0,1.0,4.0,12.0,0.0,0.0,0.0,0.0,
ESP-La Liga,2425,2025-03-09 Real Betis-Las Palmas,Real Betis,Adrián,True,Goalkeeper,1,start,end,1.0,0.0,0.0,0.0,0.0,0.0,0.0,0.0,1.0,8.0,0.0,0.0,0.0,0.0,
ESP-La Liga,2425,2025-03-09 Real Madrid-Rayo Vallecano,Rayo Vallecano,Augusto Batalla,False,Goalkeeper,1,start,end,1.0,0.0,0.0,0.0,0.0,0.0,0.0,2.0,3.0,8.0,0.0,0.0,0.0,0.0,
ESP-La Liga,2425,2025-03-09 Real Madrid-Rayo Vallecano,Real Madrid,Andriy Lunin,True,Goalkeeper,1,start,end,1.0,0.0,0.0,0.0,0.0,0.0,0.0,1.0,5.0,19.0,0.0,0.0,0.0,0.0,
ESP-La Liga,2425,2025-03-09 Real Sociedad-Sevilla,Real Sociedad,Unai Marrero,True,Goalkeeper,1,start,end,1.0,0.0,0.0,0.0,0.0,0.0,0.0,1.0,3.0,8.0,0.0,0.0,0.0,0.0,
ESP-La Liga,2425,2025-03-09 Real Sociedad-Sevilla,Sevilla,Ørjan Nyland,False,Goalkeeper,1,start,end,1.0,0.0,0.0,0.0,0.0,0.0,0.0,0.0,2.0,6.0,0.0,0.0,0.0,0.0,
ESP-La Liga,2425,2025-03-10 Espanyol-Girona,Espanyol,Joan García,True,Goalkeeper,1,start,end,1.0,0.0,1.0,0.0,0.0,0.0,0.0,1.0,3.0,14.0,0.0,0.0,0.0,0.0,
ESP-La Liga,2425,2025-03-10 Espanyol-Girona,Girona,Paulo Gazzaniga,False,Goalkeeper,1,start,end,1.0,0.0,0.0,0.0,0.0,0.0,0.0,1.0,3.0,6.0,0.0,0.0,0.0,0.0,
ESP-La Liga,2425,2025-03-14 Las Palmas-Alavés,Alavés,Adrián Rodríguez,False,Goalkeeper,1,start,end,1.0,0.0,3.0,0.0,0.0,0.0,0.0,2.0,4.0,12.0,0.0,0.0,0.0,0.0,
ESP-La Liga,2425,2025-03-14 Las Palmas-Alavés,Las Palmas,Jasper Cillessen,True,Goalkeeper,1,start,end,1.0,0.0,0.0,0.0,0.0,0.0,0.0,2.0,1.0,7.0,0.0,0.0,0.0,0.0,
ESP-La Liga,2425,2025-03-15 Girona-Valencia,Girona,Paulo Gazzaniga,True,Goalkeeper,1,start,end,1.0,0.0,0.0,0.0,0.0,0.0,0.0,1.0,1.0,11.0,0.0,0.0,0.0,0.0,
ESP-La Liga,2425,2025-03-15 Girona-Valencia,Valencia,Giorgi Mamardashvili,False,Goalkeeper,1,start,end,1.0,0.0,1.0,0.0,0.0,0.0,0.0,1.0,3.0,13.0,0.0,0.0,0.0,0.0,
ESP-La Liga,2425,2025-03-15 Mallorca-Espanyol,Espanyol,Joan García,False,Goalkeeper,1,start,end,1.0,0.0,0.0,0.0,0.0,0.0,0.0,2.0,5.0,17.0,0.0,0.0,0.0,0.0,
ESP-La Liga,2425,2025-03-15 Mallorca-Espanyol,Mallorca,Dominik Greif,True,Goalkeeper,1,start,end,1.0,0.0,0.0,0.0,0.0,0.0,0.0,1.0,0.0,2.0,0.0,0.0,0.0,0.0,
ESP-La Liga,2425,2025-03-15 Real Valladolid-Celta Vigo,Celta Vigo,Vicente Guaita,False,Goalkeeper,1,start,end,1.0,0.0,0.0,0.0,0.0,0.0,0.0,0.0,2.0,5.0,0.0,0.0,0.0,0.0,
ESP-La Liga,2425,2025-03-15 Real Valladolid-Celta Vigo,Real Valladolid,Karl Hein,True,Goalkeeper,1,start,end,1.0,0.0,0.0,0.0,0.0,0.0,0.0,1.0,0.0,9.0,0.0,0.0,0.0,0.0,
ESP-La Liga,2425,2025-03-15 Villarreal-Real Madrid,Real Madrid,Thibaut Courtois,False,Goalkeeper,1,start,end,1.0,0.0,0.0,0.0,0.0,0.0,0.0,1.0,9.0,22.0,0.0,0.0,0.0,0.0,
ESP-La Liga,2425,2025-03-15 Villarreal-Real Madrid,Villarreal,Diego Conde,True,Goalkeeper,1,start,end,1.0,0.0,0.0,0.0,0.0,0.0,0.0,2.0,3.0,6.0,0.0,0.0,0.0,0.0,
ESP-La Liga,2425,2025-03-16 Atlético Madrid-Barcelona,Atlético Madrid,Jan Oblak,True,Goalkeeper,1,start,end,1.0,0.0,0.0,0.0,0.0,0.0,0.0,4.0,2.0,9.0,0.0,0.0,0.0,0.0,
ESP-La Liga,2425,2025-03-16 Atlético Madrid-Barcelona,Barcelona,Wojciech Szczesny,False,Goalkeeper,1,start,end,1.0,0.0,0.0,0.0,0.0,0.0,0.0,2.0,0.0,5.0,0.0,0.0,0.0,0.0,
ESP-La Liga,2425,2025-03-16 Leganés-Real Betis,Leganés,Marko Dmitrovic,True,Goalkeeper,1,start,end,1.0,1.0,0.0,0.0,0.0,0.0,0.0,3.0,3.0,18.0,0.0,0.0,0.0,0.0,
ESP-La Liga,2425,2025-03-16 Leganés-Real Betis,Real Betis,Adrián,False,Goalkeeper,1,start,end,1.0,0.0,1.0,0.0,0.0,0.0,0.0,2.0,2.0,8.0,0.0,0.0,0.0,0.0,
ESP-La Liga,2425,2025-03-16 Osasuna-Getafe,Getafe,David Soria,False,Goalkeeper,1,start,end,1.0,0.0,0.0,0.0,0.0,0.0,0.0,1.0,3.0,11.0,0.0,0.0,0.0,0.0,
ESP-La Liga,2425,2025-03-16 Osasuna-Getafe,Osasuna,Sergio Herrera,True,Goalkeeper,1,start,end,1.0,0.0,0.0,0.0,0.0,0.0,0.0,2.0,2.0,6.0,0.0,0.0,0.0,0.0,
ESP-La Liga,2425,2025-03-16 Rayo Vallecano-Real Sociedad,Rayo Vallecano,Augusto Batalla,True,Goalkeeper,1,start,end,1.0,0.0,0.0,0.0,0.0,0.0,0.0,2.0,2.0,6.0,0.0,0.0,0.0,0.0,
ESP-La Liga,2425,2025-03-16 Rayo Vallecano-Real Sociedad,Real Sociedad,Álex Remiro,False,Goalkeeper,1,start,end,1.0,0.0,0.0,0.0,0.0,0.0,0.0,2.0,3.0,8.0,0.0,0.0,0.0,0.0,
ESP-La Liga,2425,2025-03-16 Sevilla-Athletic Club,Athletic Club,Unai Simón,False,Goalkeeper,1,start,end,1.0,0.0,0.0,0.0,0.0,0.0,0.0,0.0,4.0,11.0,0.0,0.0,0.0,0.0,
ESP-La Liga,2425,2025-03-16 Sevilla-Athletic Club,Sevilla,Ørjan Nyland,True,Goalkeeper,1,start,end,1.0,0.0,0.0,0.0,0.0,0.0,1.0,1.0,2.0,7.0,0.0,0.0,0.0,0.0,
ESP-La Liga,2425,2025-03-27 Barcelona-Osasuna,Barcelona,Wojciech Szczesny,True,Goalkeeper,1,start,end,1.0,0.0,0.0,0.0,0.0,0.0,0.0,0.0,0.0,4.0,0.0,0.0,0.0,0.0,
ESP-La Liga,2425,2025-03-27 Barcelona-Osasuna,Osasuna,Sergio Herrera,False,Goalkeeper,1,start,end,1.0,1.0,0.0,0.0,0.0,0.0,1.0,3.0,2.0,14.0,0.0,0.0,0.0,0.0,
ESP-La Liga,2425,2025-03-29 Alavés-Rayo Vallecano,Alavés,Antonio Sivera,True,Goalkeeper,1,start,end,1.0,0.0,0.0,0.0,0.0,0.0,0.0,2.0,3.0,9.0,0.0,0.0,0.0,0.0,
ESP-La Liga,2425,2025-03-29 Alavés-Rayo Vallecano,Rayo Vallecano,Augusto Batalla,False,Goalkeeper,1,start,end,1.0,0.0,0.0,0.0,0.0,0.0,1.0,0.0,2.0,12.0,0.0,0.0,0.0,0.0,
ESP-La Liga,2425,2025-03-29 Espanyol-Atlético Madrid,Atlético Madrid,Jan Oblak,False,Goalkeeper,1,start,end,1.0,0.0,0.0,0.0,0.0,0.0,0.0,1.0,0.0,7.0,0.0,0.0,0.0,0.0,
ESP-La Liga,2425,2025-03-29 Espanyol-Atlético Madrid,Espanyol,Joan García,True,Goalkeeper,1,start,end,1.0,0.0,0.0,0.0,0.0,0.0,0.0,1.0,1.0,11.0,0.0,0.0,0.0,0.0,
ESP-La Liga,2425,2025-03-29 Real Madrid-Leganés,Leganés,Marko Dmitrovic,False,Goalkeeper,1,start,end,1.0,0.0,0.0,0.0,0.0,0.0,0.0,3.0,7.0,21.0,0.0,0.0,0.0,0.0,
ESP-La Liga,2425,2025-03-29 Real Madrid-Leganés,Real Madrid,Andriy Lunin,True,Goalkeeper,1,start,end,1.0,0.0,0.0,0.0,0.0,0.0,0.0,2.0,2.0,8.0,0.0,0.0,0.0,0.0,
ESP-La Liga,2425,2025-03-29 Real Sociedad-Real Valladolid,Real Sociedad,Álex Remiro,True,Goalkeeper,1,start,end,1.0,0.0,0.0,0.0,0.0,0.0,0.0,1.0,4.0,11.0,0.0,0.0,0.0,0.0,
ESP-La Liga,2425,2025-03-29 Real Sociedad-Real Valladolid,Real Valladolid,Arnau Rafús,False,Goalkeeper,1,start,end,1.0,0.0,0.0,0.0,0.0,0.0,0.0,2.0,0.0,10.0,0.0,0.0,0.0,0.0,
ESP-La Liga,2425,2025-03-30 Athletic Club-Osasuna,Athletic Club,Unai Simón,True,Goalkeeper,1,start,end,1.0,0.0,1.0,0.0,0.0,0.0,0.0,0.0,2.0,6.0,0.0,0.0,0.0,0.0,
ESP-La Liga,2425,2025-03-30 Athletic Club-Osasuna,Osasuna,Aitor Fernández,False,Goalkeeper,1,start,end,1.0,0.0,0.0,0.0,0.0,0.0,0.0,0.0,5.0,11.0,0.0,0.0,0.0,0.0,
ESP-La Liga,2425,2025-03-30 Barcelona-Girona,Barcelona,Wojciech Szczesny,True,Goalkeeper,1,start,end,1.0,0.0,0.0,0.0,0.0,0.0,0.0,1.0,1.0,3.0,0.0,0.0,0.0,0.0,
ESP-La Liga,2425,2025-03-30 Barcelona-Girona,Girona,Paulo Gazzaniga,False,Goalkeeper,1,start,end,1.0,0.0,0.0,0.0,0.0,0.0,0.0,4.0,6.0,19.0,0.0,0.0,0.0,0.0,
ESP-La Liga,2425,2025-03-30 Getafe-Villarreal,Getafe,David Soria,True,Goalkeeper,1,start,end,1.0,0.0,0.0,0.0,0.0,0.0,0.0,2.0,1.0,8.0,0.0,0.0,0.0,0.0,
ESP-La Liga,2425,2025-03-30 Getafe-Villarreal,Villarreal,Luiz Júnior,False,Goalkeeper,1,start,end,1.0,0.0,0.0,0.0,0.0,0.0,1.0,1.0,3.0,10.0,0.0,0.0,0.0,0.0,
ESP-La Liga,2425,2025-03-30 Real Betis-Sevilla,Real Betis,Adrián,True,Goalkeeper,1,start,end,1.0,0.0,0.0,0.0,0.0,0.0,1.0,1.0,1.0,3.0,0.0,0.0,0.0,0.0,
ESP-La Liga,2425,2025-03-30 Real Betis-Sevilla,Sevilla,Ørjan Nyland,False,Goalkeeper,1,start,end,1.0,0.0,0.0,0.0,0.0,0.0,0.0,2.0,1.0,8.0,0.0,0.0,0.0,0.0,
ESP-La Liga,2425,2025-03-30 Valencia-Mallorca,Mallorca,Dominik Greif,False,Goalkeeper,1,start,end,1.0,0.0,0.0,0.0,0.0,0.0,0.0,1.0,1.0,6.0,0.0,0.0,0.0,0.0,
ESP-La Liga,2425,2025-03-30 Valencia-Mallorca,Valencia,Giorgi Mamardashvili,True,Goalkeeper,1,start,end,1.0,0.0,0.0,0.0,0.0,0.0,0.0,0.0,2.0,6.0,0.0,0.0,0.0,0.0,
ESP-La Liga,2425,2025-03-31 Celta Vigo-Las Palmas,Celta Vigo,Vicente Guaita,True,Goalkeeper,1,start,end,1.0,0.0,0.0,0.0,0.0,0.0,0.0,1.0,1.0,3.0,0.0,0.0,0.0,0.0,
ESP-La Liga,2425,2025-03-31 Celta Vigo-Las Palmas,Las Palmas,Jasper Cillessen,False,Goalkeeper,1,start,27,1.0,0.0,1.0,0.0,0.0,0.0,0.0,0.0,1.0,3.0,0.0,0.0,0.0,0.0,
ESP-La Liga,2425,2025-04-04 Rayo Vallecano-Espanyol,Espanyol,Joan García,False,Goalkeeper,1,start,end,1.0,0.0,1.0,0.0,0.0,0.0,0.0,0.0,5.0,16.0,0.0,0.0,0.0,0.0,
ESP-La Liga,2425,2025-04-04 Rayo Vallecano-Espanyol,Rayo Vallecano,Augusto Batalla,True,Goalkeeper,1,start,end,1.0,0.0,0.0,0.0,0.0,0.0,0.0,4.0,3.0,11.0,0.0,0.0,0.0,0.0,
ESP-La Liga,2425,2025-04-05 Barcelona-Real Betis,Barcelona,Wojciech Szczesny,True,Goalkeeper,1,start,end,1.0,0.0,1.0,0.0,0.0,0.0,0.0,1.0,1.0,5.0,0.0,0.0,0.0,0.0,
ESP-La Liga,2425,2025-04-05 Barcelona-Real Betis,Real Betis,Adrián,False,Goalkeeper,1,start,end,1.0,0.0,2.0,0.0,0.0,0.0,0.0,1.0,4.0,12.0,0.0,0.0,0.0,0.0,
ESP-La Liga,2425,2025-04-05 Girona-Alavés,Alavés,Antonio Sivera,False,Goalkeeper,1,start,end,1.0,0.0,0.0,0.0,0.0,0.0,1.0,0.0,1.0,16.0,0.0,0.0,0.0,0.0,
ESP-La Liga,2425,2025-04-05 Girona-Alavés,Girona,Paulo Gazzaniga,True,Goalkeeper,1,start,end,1.0,0.0,0.0,0.0,0.0,0.0,1.0,1.0,3.0,8.0,0.0,0.0,0.0,0.0,
ESP-La Liga,2425,2025-04-05 Mallorca-Celta Vigo,Celta Vigo,Vicente Guaita,False,Goalkeeper,1,start,end,1.0,0.0,0.0,0.0,0.0,0.0,0.0,1.0,1.0,6.0,0.0,0.0,0.0,0.0,
ESP-La Liga,2425,2025-04-05 Mallorca-Celta Vigo,Mallorca,Dominik Greif,True,Goalkeeper,1,start,end,1.0,0.0,0.0,0.0,0.0,0.0,0.0,2.0,2.0,7.0,0.0,0.0,0.0,0.0,
ESP-La Liga,2425,2025-04-05 Real Madrid-Valencia,Real Madrid,Fran González,True,Goalkeeper,1,start,end,1.0,0.0,0.0,0.0,0.0,0.0,0.0,2.0,0.0,8.0,0.0,0.0,0.0,0.0,
ESP-La Liga,2425,2025-04-05 Real Madrid-Valencia,Valencia,Giorgi Mamardashvili,False,Goalkeeper,1,start,end,1.0,0.0,0.0,0.0,0.0,0.0,0.0,1.0,7.0,19.0,0.0,0.0,0.0,0.0,
ESP-La Liga,2425,2025-04-06 Las Palmas-Real Sociedad,Las Palmas,Dinko Horkas,True,Goalkeeper,1,start,end,1.0,0.0,0.0,0.0,0.0,0.0,0.0,3.0,5.0,11.0,0.0,0.0,0.0,0.0,
ESP-La Liga,2425,2025-04-06 Las Palmas-Real Sociedad,Real Sociedad,Álex Remiro,False,Goalkeeper,1,start,end,1.0,0.0,0.0,0.0,0.0,0.0,0.0,1.0,4.0,11.0,0.0,0.0,0.0,0.0,
ESP-La Liga,2425,2025-04-06 Real Valladolid-Getafe,Getafe,David Soria,False,Goalkeeper,1,start,end,1.0,0.0,0.0,0.0,0.0,0.0,0.0,0.0,0.0,5.0,0.0,0.0,0.0,0.0,
ESP-La Liga,2425,2025-04-06 Real Valladolid-Getafe,Real Valladolid,André Ferreira,True,Goalkeeper,1,start,end,1.0,0.0,0.0,0.0,0.0,0.0,0.0,4.0,4.0,12.0,0.0,0.0,0.0,0.0,
ESP-La Liga,2425,2025-04-06 Sevilla-Atlético Madrid,Atlético Madrid,Jan Oblak,False,Goalkeeper,1,start,end,1.0,0.0,0.0,0.0,0.0,0.0,0.0,1.0,4.0,10.0,0.0,0.0,0.0,0.0,
ESP-La Liga,2425,2025-04-06 Sevilla-Atlético Madrid,Sevilla,Ørjan Nyland,True,Goalkeeper,1,start,end,1.0,0.0,0.0,0.0,0.0,0.0,0.0,2.0,3.0,11.0,0.0,0.0,0.0,0.0,
ESP-La Liga,2425,2025-04-06 Villarreal-Athletic Club,Athletic Club,Unai Simón,False,Goalkeeper,1,start,end,1.0,0.0,0.0,0.0,0.0,0.0,0.0,0.0,4.0,12.0,0.0,0.0,0.0,0.0,
ESP-La Liga,2425,2025-04-06 Villarreal-Athletic Club,Villarreal,Luiz Júnior,True,Goalkeeper,1,start,end,1.0,0.0,0.0,0.0,0.0,0.0,0.0,0.0,3.0,11.0,0.0,0.0,0.0,0.0,
ESP-La Liga,2425,2025-04-07 Leganés-Osasuna,Leganés,Marko Dmitrovic,True,Goalkeeper,1,start,end,1.0,0.0,0.0,0.0,0.0,0.0,0.0,1.0,5.0,13.0,0.0,0.0,0.0,0.0,
ESP-La Liga,2425,2025-04-07 Leganés-Osasuna,Osasuna,Sergio Herrera,False,Goalkeeper,1,start,end,1.0,0.0,0.0,0.0,0.0,0.0,0.0,1.0,6.0,12.0,0.0,0.0,0.0,0.0,
ESP-La Liga,2425,2025-04-11 Valencia-Sevilla,Sevilla,Ørjan Nyland,False,Goalkeeper,1,start,end,1.0,0.0,0.0,0.0,0.0,0.0,0.0,1.0,5.0,7.0,0.0,0.0,0.0,0.0,
ESP-La Liga,2425,2025-04-11 Valencia-Sevilla,Valencia,Giorgi Mamardashvili,True,Goalkeeper,1,start,end,1.0,0.0,1.0,0.0,0.0,0.0,0.0,0.0,5.0,12.0,0.0,0.0,0.0,0.0,
ESP-La Liga,2425,2025-04-12 Celta Vigo-Espanyol,Celta Vigo,Vicente Guaita,True,Goalkeeper,1,start,end,1.0,0.0,0.0,0.0,0.0,0.0,0.0,2.0,1.0,2.0,0.0,0.0,0.0,0.0,
ESP-La Liga,2425,2025-04-12 Celta Vigo-Espanyol,Espanyol,Joan García,False,Goalkeeper,1,start,end,1.0,0.0,1.0,0.0,0.0,0.0,0.0,0.0,6.0,16.0,0.0,0.0,0.0,0.0,
ESP-La Liga,2425,2025-04-12 Getafe-Las Palmas,Getafe,David Soria,True,Goalkeeper,1,start,end,1.0,0.0,0.0,0.0,0.0,0.0,0.0,3.0,2.0,7.0,0.0,0.0,0.0,0.0,
ESP-La Liga,2425,2025-04-12 Getafe-Las Palmas,Las Palmas,Dinko Horkas,False,Goalkeeper,1,start,end,1.0,0.0,0.0,0.0,0.0,0.0,0.0,1.0,5.0,10.0,0.0,0.0,0.0,0.0,
ESP-La Liga,2425,2025-04-12 Leganés-Barcelona,Barcelona,Wojciech Szczesny,False,Goalkeeper,1,start,end,1.0,0.0,0.0,0.0,0.0,0.0,0.0,0.0,1.0,6.0,0.0,0.0,0.0,0.0,
ESP-La Liga,2425,2025-04-12 Leganés-Barcelona,Leganés,Marko Dmitrovic,True,Goalkeeper,1,start,end,1.0,0.0,0.0,0.0,0.0,0.0,0.0,1.0,4.0,11.0,0.0,0.0,0.0,0.0,
ESP-La Liga,2425,2025-04-12 Real Sociedad-Mallorca,Mallorca,Dominik Greif,False,Goalkeeper,1,start,end,1.0,0.0,0.0,0.0,0.0,0.0,0.0,0.0,4.0,15.0,0.0,0.0,0.0,0.0,
ESP-La Liga,2425,2025-04-12 Real Sociedad-Mallorca,Real Sociedad,Álex Remiro,True,Goalkeeper,1,start,end,1.0,0.0,0.0,0.0,0.0,0.0,0.0,2.0,1.0,5.0,0.0,0.0,0.0,0.0,
ESP-La Liga,2425,2025-04-13 Alavés-Real Madrid,Alavés,Jesús Owono,True,Goalkeeper,1,start,end,1.0,0.0,1.0,0.0,0.0,0.0,0.0,1.0,2.0,8.0,0.0,0.0,0.0,0.0,
ESP-La Liga,2425,2025-04-13 Alavés-Real Madrid,Real Madrid,Thibaut Courtois,False,Goalkeeper,1,start,end,1.0,0.0,0.0,0.0,0.0,0.0,1.0,0.0,6.0,13.0,0.0,0.0,0.0,0.0,
ESP-La Liga,2425,2025-04-13 Athletic Club-Rayo Vallecano,Athletic Club,Unai Simón,True,Goalkeeper,1,start,end,1.0,0.0,0.0,0.0,0.0,0.0,0.0,1.0,1.0,9.0,0.0,0.0,0.0,0.0,
ESP-La Liga,2425,2025-04-13 Athletic Club-Rayo Vallecano,Rayo Vallecano,Augusto Batalla,False,Goalkeeper,1,start,end,1.0,0.0,1.0,0.0,0.0,0.0,0.0,3.0,1.0,10.0,0.0,0.0,0.0,0.0,
ESP-La Liga,2425,2025-04-13 Osasuna-Girona,Girona,Paulo Gazzaniga,False,Goalkeeper,1,start,end,1.0,0.0,0.0,0.0,0.0,0.0,0.0,2.0,4.0,12.0,0.0,0.0,0.0,0.0,
ESP-La Liga,2425,2025-04-13 Osasuna-Girona,Osasuna,Sergio Herrera,True,Goalkeeper,1,start,end,1.0,0.0,0.0,0.0,0.0,0.0,0.0,1.0,7.0,17.0,0.0,0.0,0.0,0.0,
ESP-La Liga,2425,2025-04-13 Real Betis-Villarreal,Real Betis,Adrián,True,Goalkeeper,1,start,end,1.0,0.0,0.0,0.0,0.0,0.0,0.0,2.0,0.0,7.0,0.0,0.0,0.0,0.0,
ESP-La Liga,2425,2025-04-13 Real Betis-Villarreal,Villarreal,Luiz Júnior,False,Goalkeeper,1,start,end,1.0,0.0,1.0,0.0,0.0,0.0,1.0,1.0,4.0,23.0,0.0,0.0,0.0,0.0,
ESP-La Liga,2425,2025-04-14 Atlético Madrid-Real Valladolid,Atlético Madrid,Jan Oblak,True,Goalkeeper,1,start,end,1.0,0.0,0.0,0.0,0.0,0.0,0.0,2.0,2.0,4.0,0.0,0.0,0.0,0.0,
ESP-La Liga,2425,2025-04-14 Atlético Madrid-Real Valladolid,Real Valladolid,André Ferreira,False,Goalkeeper,1,start,end,1.0,0.0,0.0,0.0,0.0,0.0,0.0,4.0,5.0,19.0,0.0,0.0,0.0,0.0,
ESP-La Liga,2425,2025-04-18 Espanyol-Getafe,Espanyol,Joan García,True,Goalkeeper,1,start,end,1.0,0.0,0.0,0.0,0.0,0.0,0.0,0.0,4.0,8.0,0.0,0.0,0.0,0.0,
ESP-La Liga,2425,2025-04-18 Espanyol-Getafe,Getafe,David Soria,False,Goalkeeper,1,start,end,1.0,0.0,0.0,0.0,0.0,0.0,0.0,1.0,2.0,8.0,0.0,0.0,0.0,0.0,
ESP-La Liga,2425,2025-04-19 Barcelona-Celta Vigo,Barcelona,Wojciech Szczesny,True,Goalkeeper,1,start,end,1.0,0.0,0.0,0.0,0.0,0.0,0.0,3.0,5.0,8.0,0.0,0.0,0.0,0.0,
ESP-La Liga,2425,2025-04-19 Barcelona-Celta Vigo,Celta Vigo,Vicente Guaita,False,Goalkeeper,1,start,end,1.0,0.0,0.0,0.0,0.0,0.0,0.0,4.0,2.0,14.0,0.0,0.0,0.0,0.0,
ESP-La Liga,2425,2025-04-19 Las Palmas-Atlético Madrid,Atlético Madrid,Jan Oblak,False,Goalkeeper,1,start,end,1.0,0.0,0.0,0.0,0.0,0.0,0.0,1.0,1.0,6.0,0.0,0.0,0.0,0.0,
ESP-La Liga,2425,2025-04-19 Las Palmas-Atlético Madrid,Las Palmas,Dinko Horkas,True,Goalkeeper,1,start,end,1.0,0.0,0.0,0.0,0.0,0.0,0.0,0.0,2.0,7.0,0.0,0.0,0.0,0.0,
ESP-La Liga,2425,2025-04-19 Mallorca-Leganés,Leganés,Marko Dmitrovic,False,Goalkeeper,1,start,end,1.0,0.0,0.0,0.0,0.0,0.0,0.0,0.0,1.0,12.0,0.0,0.0,0.0,0.0,
ESP-La Liga,2425,2025-04-19 Mallorca-Leganés,Mallorca,Dominik Greif,True,Goalkeeper,1,start,end,1.0,0.0,0.0,0.0,0.0,0.0,0.0,0.0,2.0,14.0,0.0,0.0,0.0,0.0,
ESP-La Liga,2425,2025-04-19 Rayo Vallecano-Valencia,Rayo Vallecano,Augusto Batalla,True,Goalkeeper,1,start,end,1.0,0.0,1.0,0.0,0.0,0.0,0.0,1.0,2.0,9.0,0.0,0.0,0.0,0.0,
ESP-La Liga,2425,2025-04-19 Rayo Vallecano-Valencia,Valencia,Giorgi Mamardashvili,False,Goalkeeper,1,start,end,1.0,0.0,0.0,0.0,0.0,0.0,0.0,1.0,4.0,12.0,0.0,0.0,0.0,0.0,
ESP-La Liga,2425,2025-04-20 Real Madrid-Athletic Club,Athletic Club,Unai Simón,False,Goalkeeper,1,start,end,1.0,0.0,0.0,0.0,0.0,0.0,0.0,1.0,6.0,21.0,0.0,0.0,0.0,0.0,
ESP-La Liga,2425,2025-04-20 Real Madrid-Athletic Club,Real Madrid,Thibaut Courtois,True,Goalkeeper,1,start,end,1.0,0.0,0.0,0.0,0.0,0.0,0.0,0.0,1.0,4.0,0.0,0.0,0.0,0.0,
ESP-La Liga,2425,2025-04-20 Real Valladolid-Osasuna,Osasuna,Sergio Herrera,False,Goalkeeper,1,start,end,1.0,0.0,0.0,0.0,0.0,0.0,0.0,2.0,3.0,8.0,0.0,0.0,0.0,0.0,
ESP-La Liga,2425,2025-04-20 Real Valladolid-Osasuna,Real Valladolid,André Ferreira,True,Goalkeeper,1,start,end,1.0,0.0,0.0,0.0,0.0,0.0,0.0,3.0,4.0,8.0,0.0,0.0,0.0,0.0,
ESP-La Liga,2425,2025-04-20 Sevilla-Alavés,Alavés,Antonio Sivera,False,Goalkeeper,1,start,end,1.0,0.0,0.0,0.0,0.0,0.0,0.0,1.0,1.0,9.0,0.0,0.0,0.0,0.0,
ESP-La Liga,2425,2025-04-20 Sevilla-Alavés,Sevilla,Ørjan Nyland,True,Goalkeeper,1,start,end,1.0,0.0,0.0,0.0,0.0,0.0,0.0,1.0,2.0,10.0,0.0,0.0,0.0,0.0,
ESP-La Liga,2425,2025-04-20 Villarreal-Real Sociedad,Real Sociedad,Álex Remiro,False,Goalkeeper,1,start,end,1.0,0.0,1.0,0.0,0.0,0.0,0.0,2.0,3.0,19.0,0.0,0.0,0.0,0.0,
ESP-La Liga,2425,2025-04-20 Villarreal-Real Sociedad,Villarreal,Luiz Júnior,True,Goalkeeper,1,start,end,1.0,0.0,0.0,0.0,0.0,0.0,0.0,2.0,2.0,2.0,0.0,0.0,0.0,0.0,
ESP-La Liga,2425,2025-04-21 Girona-Real Betis,Girona,Paulo Gazzaniga,True,Goalkeeper,1,start,end,1.0,0.0,0.0,0.0,0.0,0.0,0.0,3.0,6.0,14.0,0.0,0.0,0.0,0.0,
ESP-La Liga,2425,2025-04-21 Girona-Real Betis,Real Betis,Adrián,False,Goalkeeper,1,start,end,1.0,0.0,0.0,0.0,0.0,0.0,0.0,1.0,3.0,10.0,0.0,0.0,0.0,0.0,
ESP-La Liga,2425,2025-04-22 Barcelona-Mallorca,Barcelona,Wojciech Szczesny,True,Goalkeeper,1,start,end,1.0,0.0,0.0,0.0,0.0,0.0,0.0,0.0,0.0,4.0,0.0,0.0,0.0,0.0,
ESP-La Liga,2425,2025-04-22 Barcelona-Mallorca,Mallorca,Leo Román,False,Goalkeeper,1,start,end,1.0,0.0,1.0,0.0,0.0,0.0,0.0,1.0,13.0,37.0,0.0,0.0,0.0,0.0,
ESP-La Liga,2425,2025-04-22 Valencia-Espanyol,Espanyol,Joan García,False,Goalkeeper,1,start,end,1.0,0.0,0.0,0.0,0.0,0.0,0.0,1.0,6.0,15.0,0.0,0.0,0.0,0.0,
ESP-La Liga,2425,2025-04-22 Valencia-Espanyol,Valencia,Giorgi Mamardashvili,True,Goalkeeper,1,start,end,1.0,0.0,0.0,0.0,0.0,0.0,0.0,1.0,2.0,7.0,0.0,0.0,0.0,0.0,
ESP-La Liga,2425,2025-04-23 Alavés-Real Sociedad,Alavés,Antonio Sivera,True,Goalkeeper,1,start,end,1.0,0.0,0.0,0.0,0.0,0.0,1.0,0.0,1.0,6.0,0.0,0.0,0.0,0.0,
ESP-La Liga,2425,2025-04-23 Alavés-Real Sociedad,Real Sociedad,Álex Remiro,False,Goalkeeper,1,start,end,1.0,0.0,1.0,0.0,0.0,0.0,0.0,1.0,0.0,9.0,0.0,0.0,0.0,0.0,
ESP-La Liga,2425,2025-04-23 Athletic Club-Las Palmas,Athletic Club,Unai Simón,True,Goalkeeper,1,start,end,1.0,0.0,0.0,0.0,0.0,0.0,0.0,0.0,2.0,10.0,0.0,0.0,0.0,0.0,
ESP-La Liga,2425,2025-04-23 Athletic Club-Las Palmas,Las Palmas,Dinko Horkas,False,Goalkeeper,1,start,end,1.0,0.0,0.0,0.0,0.0,0.0,0.0,1.0,3.0,12.0,0.0,0.0,0.0,0.0,
ESP-La Liga,2425,2025-04-23 Celta Vigo-Villarreal,Celta Vigo,Vicente Guaita,True,Goalkeeper,1,start,end,1.0,0.0,0.0,0.0,0.0,0.0,0.0,0.0,1.0,4.0,0.0,0.0,0.0,0.0,
ESP-La Liga,2425,2025-04-23 Celta Vigo-Villarreal,Villarreal,Luiz Júnior,False,Goalkeeper,1,start,end,1.0,0.0,0.0,0.0,0.0,0.0,0.0,3.0,7.0,19.0,0.0,0.0,0.0,0.0,
ESP-La Liga,2425,2025-04-23 Getafe-Real Madrid,Getafe,David Soria,True,Goalkeeper,1,start,end,1.0,0.0,0.0,0.0,0.0,0.0,0.0,1.0,6.0,13.0,0.0,0.0,0.0,0.0,
ESP-La Liga,2425,2025-04-23 Getafe-Real Madrid,Real Madrid,Thibaut Courtois,False,Goalkeeper,1,start,end,1.0,0.0,1.0,0.0,0.0,0.0,0.0,0.0,6.0,20.0,0.0,0.0,0.0,0.0,
ESP-La Liga,2425,2025-04-24 Atlético Madrid-Rayo Vallecano,Atlético Madrid,Jan Oblak,True,Goalkeeper,1,start,end,1.0,0.0,0.0,0.0,0.0,0.0,0.0,0.0,6.0,11.0,0.0,0.0,0.0,0.0,
ESP-La Liga,2425,2025-04-24 Atlético Madrid-Rayo Vallecano,Rayo Vallecano,Augusto Batalla,False,Goalkeeper,1,start,end,1.0,1.0,1.0,0.0,0.0,0.0,1.0,3.0,3.0,8.0,0.0,0.0,0.0,0.0,
ESP-La Liga,2425,2025-04-24 Leganés-Girona,Girona,Paulo Gazzaniga,False,Goalkeeper,1,start,end,1.0,0.0,0.0,0.0,0.0,0.0,0.0,1.0,0.0,6.0,0.0,0.0,0.0,0.0,
ESP-La Liga,2425,2025-04-24 Leganés-Girona,Leganés,Marko Dmitrovic,True,Goalkeeper,1,start,end,1.0,0.0,0.0,0.0,0.0,0.0,0.0,1.0,1.0,7.0,0.0,0.0,0.0,0.0,
ESP-La Liga,2425,2025-04-24 Osasuna-Sevilla,Osasuna,Sergio Herrera,True,Goalkeeper,1,start,end,1.0,0.0,1.0,0.0,0.0,0.0,0.0,0.0,3.0,12.0,0.0,0.0,0.0,0.0,
ESP-La Liga,2425,2025-04-24 Osasuna-Sevilla,Sevilla,Ørjan Nyland,False,Goalkeeper,1,start,end,1.0,0.0,0.0,0.0,0.0,0.0,0.0,1.0,1.0,8.0,0.0,0.0,0.0,0.0,
ESP-La Liga,2425,2025-04-24 Real Betis-Real Valladolid,Real Betis,Adrián,True,Goalkeeper,1,start,end,1.0,0.0,0.0,0.0,0.0,0.0,0.0,1.0,5.0,9.0,0.0,0.0,0.0,0.0,
ESP-La Liga,2425,2025-04-24 Real Betis-Real Valladolid,Real Valladolid,André Ferreira,False,Goalkeeper,1,start,end,1.0,0.0,0.0,0.0,0.0,0.0,0.0,5.0,1.0,11.0,0.0,0.0,0.0,0.0,
ESP-La Liga,2425,2025-04-27 Villarreal-Espanyol,Espanyol,Joan García,False,Goalkeeper,1,start,end,1.0,0.0,1.0,0.0,0.0,0.0,0.0,1.0,4.0,12.0,0.0,0.0,0.0,0.0,
ESP-La Liga,2425,2025-04-27 Villarreal-Espanyol,Villarreal,Luiz Júnior,True,Goalkeeper,1,start,end,1.0,0.0,1.0,0.0,0.0,0.0,0.0,0.0,2.0,12.0,0.0,0.0,0.0,0.0,
ESP-La Liga,2425,2025-05-02 Rayo Vallecano-Getafe,Getafe,David Soria,False,Goalkeeper,1,start,end,1.0,0.0,0.0,0.0,0.0,0.0,0.0,1.0,7.0,11.0,0.0,0.0,0.0,0.0,
ESP-La Liga,2425,2025-05-02 Rayo Vallecano-Getafe,Rayo Vallecano,Daniel Cárdenas,True,Goalkeeper,1,start,end,1.0,0.0,0.0,0.0,0.0,0.0,0.0,0.0,1.0,11.0,0.0,0.0,0.0,0.0,
ESP-La Liga,2425,2025-05-03 Alavés-Atlético Madrid,Alavés,Antonio Sivera,True,Goalkeeper,1,start,end,1.0,0.0,0.0,0.0,0.0,0.0,0.0,0.0,2.0,9.0,0.0,0.0,0.0,0.0,
ESP-La Liga,2425,2025-05-03 Alavés-Atlético Madrid,Atlético Madrid,Jan Oblak,False,Goalkeeper,1,start,end,1.0,0.0,0.0,0.0,0.0,0.0,0.0,0.0,2.0,7.0,0.0,0.0,0.0,0.0,
ESP-La Liga,2425,2025-05-03 Las Palmas-Valencia,Las Palmas,Dinko Horkas,True,Goalkeeper,1,start,end,1.0,0.0,0.0,0.0,0.0,0.0,0.0,3.0,3.0,8.0,0.0,0.0,0.0,0.0,
ESP-La Liga,2425,2025-05-03 Las Palmas-Valencia,Valencia,Giorgi Mamardashvili,False,Goalkeeper,1,start,end,1.0,0.0,0.0,0.0,0.0,0.0,0.0,2.0,1.0,13.0,0.0,0.0,0.0,0.0,
ESP-La Liga,2425,2025-05-03 Real Valladolid-Barcelona,Barcelona,Marc-André ter Stegen,False,Goalkeeper,1,start,end,1.0,0.0,0.0,0.0,0.0,0.0,0.0,1.0,3.0,4.0,0.0,0.0,0.0,0.0,
ESP-La Liga,2425,2025-05-03 Real Valladolid-Barcelona,Real Valladolid,André Ferreira,True,Goalkeeper,1,start,end,1.0,0.0,0.0,0.0,0.0,0.0,0.0,2.0,4.0,22.0,0.0,0.0,0.0,0.0,
ESP-La Liga,2425,2025-05-03 Villarreal-Osasuna,Osasuna,Sergio Herrera,False,Goalkeeper,1,start,end,1.0,0.0,0.0,0.0,0.0,0.0,0.0,4.0,1.0,11.0,0.0,0.0,0.0,0.0,
ESP-La Liga,2425,2025-05-03 Villarreal-Osasuna,Villarreal,Luiz Júnior,True,Goalkeeper,1,start,end,1.0,0.0,2.0,0.0,0.0,0.0,0.0,2.0,3.0,8.0,0.0,0.0,0.0,0.0,
ESP-La Liga,2425,2025-05-04 Espanyol-Real Betis,Espanyol,Joan García,True,Goalkeeper,1,start,end,1.0,0.0,0.0,0.0,0.0,0.0,0.0,2.0,8.0,18.0,0.0,0.0,0.0,0.0,
ESP-La Liga,2425,2025-05-04 Espanyol-Real Betis,Real Betis,Adrián,False,Goalkeeper,1,start,end,1.0,0.0,0.0,0.0,0.0,0.0,0.0,1.0,4.0,10.0,0.0,0.0,0.0,0.0,
ESP-La Liga,2425,2025-05-04 Real Madrid-Celta Vigo,Celta Vigo,Vicente Guaita,False,Goalkeeper,1,start,end,1.0,0.0,0.0,0.0,0.0,0.0,0.0,3.0,4.0,13.0,0.0,0.0,0.0,0.0,
ESP-La Liga,2425,2025-05-04 Real Madrid-Celta Vigo,Real Madrid,Thibaut Courtois,True,Goalkeeper,1,start,end,1.0,0.0,0.0,0.0,0.0,0.0,0.0,2.0,5.0,12.0,0.0,0.0,0.0,0.0,
ESP-La Liga,2425,2025-05-04 Real Sociedad-Athletic Club,Athletic Club,Unai Simón,False,Goalkeeper,1,start,end,1.0,0.0,1.0,0.0,0.0,0.0,0.0,0.0,3.0,13.0,0.0,0.0,0.0,0.0,
ESP-La Liga,2425,2025-05-04 Real Sociedad-Athletic Club,Real Sociedad,Álex Remiro,True,Goalkeeper,1,start,end,1.0,0.0,0.0,0.0,0.0,0.0,0.0,0.0,1.0,3.0,0.0,0.0,0.0,0.0,
ESP-La Liga,2425,2025-05-04 Sevilla-Leganés,Leganés,Marko Dmitrovic,False,Goalkeeper,1,start,end,1.0,0.0,0.0,0.0,0.0,0.0,0.0,2.0,5.0,23.0,0.0,0.0,0.0,0.0,
ESP-La Liga,2425,2025-05-04 Sevilla-Leganés,Sevilla,Ørjan Nyland,True,Goalkeeper,1,start,end,1.0,0.0,0.0,0.0,0.0,0.0,0.0,2.0,1.0,7.0,0.0,0.0,0.0,0.0,
ESP-La Liga,2425,2025-05-05 Girona-Mallorca,Girona,Paulo Gazzaniga,True,Goalkeeper,1,start,end,1.0,0.0,0.0,0.0,0.0,0.0,0.0,0.0,1.0,9.0,0.0,0.0,0.0,0.0,
ESP-La Liga,2425,2025-05-05 Girona-Mallorca,Mallorca,Dominik Greif,False,Goalkeeper,1,start,end,1.0,0.0,0.0,0.0,0.0,0.0,0.0,1.0,6.0,12.0,0.0,0.0,0.0,0.0,
ESP-La Liga,2425,2025-05-09 Las Palmas-Rayo Vallecano,Las Palmas,Dinko Horkas,True,Goalkeeper,1,start,end,1.0,0.0,0.0,0.0,0.0,0.0,0.0,1.0,4.0,15.0,0.0,0.0,0.0,0.0,
ESP-La Liga,2425,2025-05-09 Las Palmas-Rayo Vallecano,Rayo Vallecano,Augusto Batalla,False,Goalkeeper,1,start,end,1.0,0.0,0.0,0.0,0.0,0.0,1.0,0.0,2.0,11.0,0.0,0.0,0.0,0.0,
ESP-La Liga,2425,2025-05-10 Atlético Madrid-Real Sociedad,Atlético Madrid,Jan Oblak,True,Goalkeeper,1,start,end,1.0,0.0,0.0,0.0,0.0,0.0,0.0,0.0,1.0,6.0,0.0,0.0,0.0,0.0,
ESP-La Liga,2425,2025-05-10 Atlético Madrid-Real Sociedad,Real Sociedad,Álex Remiro,False,Goalkeeper,1,start,end,1.0,0.0,1.0,0.0,0.0,0.0,0.0,4.0,3.0,9.0,0.0,0.0,0.0,0.0,
ESP-La Liga,2425,2025-05-10 Celta Vigo-Sevilla,Celta Vigo,Vicente Guaita,True,Goalkeeper,1,start,end,1.0,0.0,1.0,0.0,0.0,0.0,0.0,2.0,8.0,16.0,0.0,0.0,0.0,0.0,
ESP-La Liga,2425,2025-05-10 Celta Vigo-Sevilla,Sevilla,Ørjan Nyland,False,Goalkeeper,1,start,end,1.0,0.0,0.0,0.0,0.0,0.0,0.0,3.0,1.0,5.0,0.0,0.0,0.0,0.0,
ESP-La Liga,2425,2025-05-10 Girona-Villarreal,Girona,Paulo Gazzaniga,True,Goalkeeper,1,start,end,1.0,0.0,0.0,0.0,0.0,0.0,0.0,1.0,4.0,13.0,0.0,0.0,0.0,0.0,
ESP-La Liga,2425,2025-05-10 Girona-Villarreal,Villarreal,Luiz Júnior,False,Goalkeeper,1,start,end,1.0,0.0,1.0,0.0,0.0,0.0,0.0,0.0,0.0,6.0,0.0,0.0,0.0,0.0,
ESP-La Liga,2425,2025-05-10 Mallorca-Real Valladolid,Mallorca,Dominik Greif,True,Goalkeeper,1,start,end,1.0,0.0,0.0,0.0,0.0,0.0,0.0,1.0,7.0,13.0,0.0,0.0,0.0,0.0,
ESP-La Liga,2425,2025-05-10 Mallorca-Real Valladolid,Real Valladolid,André Ferreira,False,Goalkeeper,1,start,end,1.0,0.0,0.0,0.0,0.0,0.0,0.0,2.0,2.0,10.0,0.0,0.0,0.0,0.0,
ESP-La Liga,2425,2025-05-10 Valencia-Getafe,Getafe,David Soria,False,Goalkeeper,1,start,end,1.0,0.0,0.0,0.0,0.0,0.0,1.0,3.0,3.0,7.0,0.0,0.0,0.0,0.0,
ESP-La Liga,2425,2025-05-10 Valencia-Getafe,Valencia,Giorgi Mamardashvili,True,Goalkeeper,1,start,end,1.0,0.0,1.0,0.0,0.0,0.0,0.0,0.0,3.0,10.0,0.0,0.0,0.0,0.0,
ESP-La Liga,2425,2025-05-11 Athletic Club-Alavés,Alavés,Antonio Sivera,False,Goalkeeper,1,start,end,1.0,0.0,1.0,0.0,0.0,0.0,0.0,1.0,3.0,11.0,0.0,0.0,0.0,0.0,
ESP-La Liga,2425,2025-05-11 Athletic Club-Alavés,Athletic Club,Unai Simón,True,Goalkeeper,1,start,end,1.0,0.0,0.0,0.0,0.0,0.0,0.0,0.0,1.0,3.0,0.0,0.0,0.0,0.0,
ESP-La Liga,2425,2025-05-11 Barcelona-Real Madrid,Barcelona,Wojciech Szczesny,True,Goalkeeper,1,start,end,1.0,1.0,0.0,0.0,0.0,0.0,0.0,3.0,2.0,6.0,0.0,0.0,0.0,0.0,
ESP-La Liga,2425,2025-05-11 Barcelona-Real Madrid,Real Madrid,Thibaut Courtois,False,Goalkeeper,1,start,end,1.0,0.0,1.0,0.0,0.0,0.0,0.0,4.0,5.0,17.0,0.0,0.0,0.0,0.0,
ESP-La Liga,2425,2025-05-11 Leganés-Espanyol,Espanyol,Joan García,False,Goalkeeper,1,start,end,1.0,0.0,1.0,0.0,0.0,0.0,0.0,3.0,3.0,12.0,0.0,0.0,0.0,0.0,
ESP-La Liga,2425,2025-05-11 Leganés-Espanyol,Leganés,Marko Dmitrovic,True,Goalkeeper,1,start,end,1.0,0.0,0.0,0.0,0.0,0.0,0.0,2.0,4.0,10.0,0.0,0.0,0.0,0.0,
ESP-La Liga,2425,2025-05-11 Real Betis-Osasuna,Osasuna,Sergio Herrera,False,Goalkeeper,1,start,end,1.0,0.0,0.0,0.0,0.0,0.0,0.0,1.0,4.0,8.0,0.0,0.0,0.0,0.0,
ESP-La Liga,2425,2025-05-11 Real Betis-Osasuna,Real Betis,Adrián,True,Goalkeeper,1,start,end,1.0,0.0,1.0,0.0,0.0,0.0,0.0,1.0,4.0,16.0,0.0,0.0,0.0,0.0,
ESP-La Liga,2425,2025-05-13 Real Sociedad-Celta Vigo,Celta Vigo,Vicente Guaita,False,Goalkeeper,1,start,end,1.0,0.0,0.0,0.0,0.0,0.0,0.0,0.0,4.0,15.0,0.0,0.0,0.0,0.0,
ESP-La Liga,2425,2025-05-13 Real Sociedad-Celta Vigo,Real Sociedad,Álex Remiro,True,Goalkeeper,1,start,end,1.0,0.0,0.0,0.0,0.0,0.0,0.0,1.0,1.0,5.0,0.0,0.0,0.0,0.0,
ESP-La Liga,2425,2025-05-13 Real Valladolid-Girona,Girona,Paulo Gazzaniga,False,Goalkeeper,1,start,end,1.0,0.0,0.0,0.0,0.0,0.0,0.0,0.0,4.0,11.0,0.0,0.0,0.0,0.0,
ESP-La Liga,2425,2025-05-13 Real Valladolid-Girona,Real Valladolid,Karl Hein,True,Goalkeeper,1,start,end,1.0,0.0,0.0,0.0,0.0,0.0,0.0,1.0,4.0,12.0,0.0,0.0,0.0,0.0,
ESP-La Liga,2425,2025-05-13 Sevilla-Las Palmas,Las Palmas,Dinko Horkas,False,Goalkeeper,1,start,end,1.0,0.0,0.0,0.0,0.0,0.0,0.0,1.0,3.0,9.0,0.0,0.0,0.0,0.0,
ESP-La Liga,2425,2025-05-13 Sevilla-Las Palmas,Sevilla,Ørjan Nyland,True,Goalkeeper,1,start,end,1.0,0.0,2.0,0.0,0.0,0.0,0.0,0.0,3.0,14.0,0.0,0.0,0.0,0.0,
ESP-La Liga,2425,2025-05-14 Alavés-Valencia,Alavés,Antonio Sivera,True,Goalkeeper,1,start,end,1.0,0.0,0.0,0.0,0.0,0.0,0.0,0.0,3.0,9.0,0.0,0.0,0.0,0.0,
ESP-La Liga,2425,2025-05-14 Alavés-Valencia,Valencia,Giorgi Mamardashvili,False,Goalkeeper,1,start,end,1.0,1.0,0.0,0.0,0.0,0.0,1.0,1.0,5.0,9.0,0.0,0.0,0.0,0.0,
ESP-La Liga,2425,2025-05-14 Real Madrid-Mallorca,Mallorca,Leo Román,False,Goalkeeper,1,start,end,1.0,0.0,0.0,0.0,0.0,0.0,0.0,2.0,10.0,36.0,0.0,0.0,0.0,0.0,
ESP-La Liga,2425,2025-05-14 Real Madrid-Mallorca,Real Madrid,Thibaut Courtois,True,Goalkeeper,1,start,end,1.0,0.0,0.0,0.0,0.0,0.0,0.0,1.0,1.0,3.0,0.0,0.0,0.0,0.0,
ESP-La Liga,2425,2025-05-14 Villarreal-Leganés,Leganés,Marko Dmitrovic,False,Goalkeeper,1,start,end,1.0,0.0,0.0,0.0,0.0,0.0,0.0,3.0,4.0,14.0,0.0,0.0,0.0,0.0,
ESP-La Liga,2425,2025-05-14 Villarreal-Leganés,Villarreal,Luiz Júnior,True,Goalkeeper,1,start,end,1.0,0.0,0.0,0.0,0.0,0.0,0.0,0.0,6.0,23.0,0.0,0.0,0.0,0.0,
ESP-La Liga,2425,2025-05-15 Espanyol-Barcelona,Barcelona,Wojciech Szczesny,False,Goalkeeper,1,start,end,1.0,0.0,0.0,0.0,0.0,0.0,0.0,0.0,1.0,9.0,0.0,0.0,0.0,0.0,
ESP-La Liga,2425,2025-05-15 Espanyol-Barcelona,Espanyol,Joan García,True,Goalkeeper,1,start,end,1.0,0.0,0.0,0.0,0.0,0.0,0.0,2.0,2.0,10.0,0.0,0.0,0.0,0.0,
ESP-La Liga,2425,2025-05-15 Getafe-Athletic Club,Athletic Club,Unai Simón,False,Goalkeeper,1,start,end,1.0,0.0,0.0,0.0,0.0,0.0,0.0,0.0,1.0,11.0,0.0,0.0,0.0,0.0,
ESP-La Liga,2425,2025-05-15 Getafe-Athletic Club,Getafe,David Soria,True,Goalkeeper,1,start,end,1.0,0.0,0.0,0.0,0.0,0.0,0.0,2.0,0.0,7.0,0.0,0.0,0.0,0.0,
ESP-La Liga,2425,2025-05-15 Osasuna-Atlético Madrid,Atlético Madrid,Jan Oblak,False,Goalkeeper,1,start,end,1.0,0.0,0.0,0.0,0.0,0.0,0.0,2.0,1.0,7.0,0.0,0.0,0.0,0.0,
ESP-La Liga,2425,2025-05-15 Osasuna-Atlético Madrid,Osasuna,Sergio Herrera,True,Goalkeeper,1,start,end,1.0,0.0,0.0,0.0,0.0,0.0,0.0,0.0,5.0,9.0,0.0,0.0,0.0,0.0,
ESP-La Liga,2425,2025-05-15 Rayo Vallecano-Real Betis,Rayo Vallecano,Augusto Batalla,True,Goalkeeper,1,start,end,1.0,0.0,0.0,0.0,0.0,0.0,0.0,2.0,1.0,8.0,0.0,0.0,0.0,0.0,
ESP-La Liga,2425,2025-05-15 Rayo Vallecano-Real Betis,Real Betis,Adrián,False,Goalkeeper,1,start,end,1.0,0.0,0.0,0.0,0.0,0.0,0.0,2.0,4.0,19.0,0.0,0.0,0.0,0.0,
ESP-La Liga,2425,2025-05-18 Atlético Madrid-Real Betis,Atlético Madrid,Jan Oblak,True,Goalkeeper,1,start,end,1.0,0.0,0.0,0.0,0.0,0.0,0.0,1.0,6.0,11.0,0.0,0.0,0.0,0.0,
ESP-La Liga,2425,2025-05-18 Atlético Madrid-Real Betis,Real Betis,Adrián,False,Goalkeeper,1,start,end,1.0,0.0,0.0,0.0,0.0,0.0,0.0,4.0,7.0,16.0,0.0,0.0,0.0,0.0,
ESP-La Liga,2425,2025-05-18 Barcelona-Villarreal,Barcelona,Marc-André ter Stegen,True,Goalkeeper,1,start,end,1.0,0.0,0.0,0.0,0.0,0.0,0.0,3.0,0.0,4.0,0.0,0.0,0.0,0.0,
ESP-La Liga,2425,2025-05-18 Barcelona-Villarreal,Villarreal,Luiz Júnior,False,Goalkeeper,1,start,end,1.0,0.0,0.0,0.0,0.0,0.0,0.0,2.0,7.0,22.0,0.0,0.0,0.0,0.0,
ESP-La Liga,2425,2025-05-18 Celta Vigo-Rayo Vallecano,Celta Vigo,Vicente Guaita,True,Goalkeeper,1,start,end,1.0,0.0,0.0,0.0,0.0,0.0,0.0,2.0,0.0,5.0,0.0,0.0,0.0,0.0,
ESP-La Liga,2425,2025-05-18 Celta Vigo-Rayo Vallecano,Rayo Vallecano,Augusto Batalla,False,Goalkeeper,1,start,end,1.0,0.0,0.0,0.0,0.0,0.0,0.0,1.0,5.0,20.0,0.0,0.0,0.0,0.0,
ESP-La Liga,2425,2025-05-18 Las Palmas-Leganés,Las Palmas,Dinko Horkas,True,Goalkeeper,1,start,end,1.0,0.0,1.0,0.0,0.0,0.0,0.0,1.0,3.0,9.0,0.0,0.0,0.0,0.0,
ESP-La Liga,2425,2025-05-18 Las Palmas-Leganés,Leganés,Marko Dmitrovic,False,Goalkeeper,1,start,end,1.0,0.0,0.0,0.0,0.0,0.0,0.0,0.0,3.0,12.0,0.0,0.0,0.0,0.0,
ESP-La Liga,2425,2025-05-18 Mallorca-Getafe,Getafe,David Soria,False,Goalkeeper,1,start,end,1.0,0.0,2.0,0.0,0.0,0.0,0.0,1.0,0.0,5.0,0.0,0.0,0.0,0.0,
ESP-La Liga,2425,2025-05-18 Mallorca-Getafe,Mallorca,Dominik Greif,True,Goalkeeper,1,start,end,1.0,0.0,0.0,0.0,0.0,0.0,0.0,2.0,2.0,8.0,0.0,0.0,0.0,0.0,
ESP-La Liga,2425,2025-05-18 Osasuna-Espanyol,Espanyol,Joan García,False,Goalkeeper,1,start,end,1.0,0.0,0.0,0.0,0.0,0.0,0.0,2.0,2.0,14.0,0.0,0.0,0.0,0.0,
ESP-La Liga,2425,2025-05-18 Osasuna-Espanyol,Osasuna,Sergio Herrera,True,Goalkeeper,1,start,end,1.0,0.0,0.0,0.0,0.0,0.0,0.0,0.0,6.0,15.0,0.0,0.0,0.0,0.0,
ESP-La Liga,2425,2025-05-18 Real Sociedad-Girona,Girona,Vladyslav Krapyvtsov,False,Goalkeeper,1,start,end,1.0,0.0,0.0,0.0,0.0,0.0,0.0,3.0,4.0,10.0,0.0,0.0,0.0,0.0,
ESP-La Liga,2425,2025-05-18 Real Sociedad-Girona,Real Sociedad,Álex Remiro,True,Goalkeeper,1,start,end,1.0,0.0,0.0,0.0,0.0,0.0,0.0,2.0,3.0,7.0,0.0,0.0,0.0,0.0,
ESP-La Liga,2425,2025-05-18 Real Valladolid-Alavés,Alavés,Antonio Sivera,False,Goalkeeper,1,start,end,1.0,0.0,0.0,0.0,0.0,0.0,0.0,0.0,1.0,7.0,0.0,0.0,0.0,0.0,
ESP-La Liga,2425,2025-05-18 Real Valladolid-Alavés,Real Valladolid,Karl Hein,True,Goalkeeper,1,start,end,1.0,0.0,0.0,0.0,0.0,0.0,0.0,1.0,3.0,13.0,0.0,0.0,0.0,0.0,
ESP-La Liga,2425,2025-05-18 Sevilla-Real Madrid,Real Madrid,Andriy Lunin,False,Goalkeeper,1,start,end,1.0,0.0,0.0,0.0,0.0,0.0,0.0,0.0,1.0,6.0,0.0,0.0,0.0,0.0,
ESP-La Liga,2425,2025-05-18 Sevilla-Real Madrid,Sevilla,Ørjan Nyland,True,Goalkeeper,1,start,end,1.0,0.0,0.0,0.0,0.0,0.0,0.0,2.0,4.0,14.0,0.0,0.0,0.0,0.0,
ESP-La Liga,2425,2025-05-18 Valencia-Athletic Club,Athletic Club,Unai Simón,False,Goalkeeper,1,start,end,1.0,0.0,0.0,0.0,0.0,0.0,0.0,0.0,2.0,7.0,0.0,0.0,0.0,0.0,
ESP-La Liga,2425,2025-05-18 Valencia-Athletic Club,Valencia,Giorgi Mamardashvili,True,Goalkeeper,1,start,end,1.0,0.0,0.0,0.0,0.0,0.0,0.0,1.0,3.0,9.0,0.0,0.0,0.0,0.0,
ESP-La Liga,2425,2025-05-23 Real Betis-Valencia,Real Betis,Adrián,True,Goalkeeper,1,start,end,1.0,0.0,0.0,0.0,0.0,0.0,0.0,1.0,1.0,0.0,0.0,0.0,0.0,0.0,
ESP-La Liga,2425,2025-05-23 Real Betis-Valencia,Valencia,Giorgi Mamardashvili,False,Goalkeeper,1,start,end,1.0,0.0,0.0,0.0,0.0,0.0,0.0,1.0,3.0,0.0,0.0,0.0,0.0,0.0,
ESP-La Liga,2425,2025-05-24 Alavés-Osasuna,Alavés,Antonio Sivera,True,Goalkeeper,1,start,end,1.0,0.0,0.0,0.0,0.0,0.0,0.0,1.0,4.0,0.0,0.0,0.0,0.0,0.0,
ESP-La Liga,2425,2025-05-24 Alavés-Osasuna,Osasuna,Sergio Herrera,False,Goalkeeper,1,start,end,1.0,0.0,0.0,0.0,0.0,0.0,0.0,1.0,4.0,0.0,0.0,0.0,0.0,0.0,
ESP-La Liga,2425,2025-05-24 Espanyol-Las Palmas,Espanyol,Joan García,True,Goalkeeper,1,start,end,1.0,0.0,0.0,0.0,0.0,0.0,0.0,0.0,4.0,0.0,0.0,0.0,0.0,0.0,
ESP-La Liga,2425,2025-05-24 Espanyol-Las Palmas,Las Palmas,Dinko Horkas,False,Goalkeeper,1,start,end,1.0,0.0,0.0,0.0,0.0,0.0,0.0,2.0,1.0,0.0,0.0,0.0,0.0,0.0,
ESP-La Liga,2425,2025-05-24 Getafe-Celta Vigo,Celta Vigo,Vicente Guaita,False,Goalkeeper,1,start,end,1.0,0.0,0.0,0.0,0.0,0.0,0.0,1.0,0.0,0.0,0.0,0.0,0.0,0.0,
ESP-La Liga,2425,2025-05-24 Getafe-Celta Vigo,Getafe,David Soria,True,Goalkeeper,1,start,end,1.0,0.0,0.0,0.0,0.0,0.0,0.0,2.0,6.0,0.0,0.0,0.0,0.0,0.0,
ESP-La Liga,2425,2025-05-24 Leganés-Real Valladolid,Leganés,Marko Dmitrovic,True,Goalkeeper,1,start,end,1.0,0.0,0.0,0.0,0.0,0.0,0.0,0.0,2.0,0.0,0.0,0.0,0.0,0.0,
ESP-La Liga,2425,2025-05-24 Leganés-Real Valladolid,Real Valladolid,Karl Hein,False,Goalkeeper,1,start,end,1.0,0.0,0.0,0.0,0.0,0.0,0.0,3.0,3.0,0.0,0.0,0.0,0.0,0.0,
ESP-La Liga,2425,2025-05-24 Rayo Vallecano-Mallorca,Mallorca,Dominik Greif,False,Goalkeeper,1,start,end,1.0,0.0,0.0,0.0,0.0,0.0,0.0,0.0,8.0,0.0,0.0,0.0,0.0,0.0,
ESP-La Liga,2425,2025-05-24 Rayo Vallecano-Mallorca,Rayo Vallecano,Augusto Batalla,True,Goalkeeper,1,start,end,1.0,0.0,0.0,0.0,0.0,0.0,0.0,0.0,2.0,0.0,0.0,0.0,0.0,0.0,
ESP-La Liga,2425,2025-05-24 Real Madrid-Real Sociedad,Real Madrid,Andriy Lunin,True,Goalkeeper,1,start,end,1.0,0.0,0.0,0.0,0.0,0.0,0.0,0.0,1.0,0.0,0.0,0.0,0.0,0.0,
ESP-La Liga,2425,2025-05-24 Real Madrid-Real Sociedad,Real Sociedad,Unai Marrero,False,Goalkeeper,1,start,end,1.0,0.0,0.0,0.0,0.0,0.0,0.0,2.0,6.0,0.0,0.0,0.0,0.0,0.0,
ESP-La Liga,2425,2025-05-25 Athletic Club-Barcelona,Athletic Club,Unai Simón,True,Goalkeeper,1,start,end,1.0,0.0,0.0,0.0,0.0,0.0,0.0,3.0,1.0,0.0,0.0,0.0,0.0,0.0,
ESP-La Liga,2425,2025-05-25 Athletic Club-Barcelona,Barcelona,Iñaki Peña,False,Goalkeeper,1,start,end,1.0,0.0,0.0,0.0,0.0,0.0,0.0,0.0,2.0,0.0,0.0,0.0,0.0,0.0,
ESP-La Liga,2425,2025-05-25 Girona-Atlético Madrid,Atlético Madrid,Juan Musso,False,Goalkeeper,1,start,end,1.0,0.0,0.0,0.0,0.0,0.0,0.0,0.0,1.0,0.0,0.0,0.0,0.0,0.0,
ESP-La Liga,2425,2025-05-25 Girona-Atlético Madrid,Girona,Vladyslav Krapyvtsov,True,Goalkeeper,1,start,end,1.0,0.0,0.0,0.0,0.0,0.0,0.0,4.0,8.0,0.0,0.0,0.0,0.0,0.0,
ESP-La Liga,2425,2025-05-25 Villarreal-Sevilla,Sevilla,Álvaro Fernández,False,Goalkeeper,1,start,end,1.0,0.0,0.0,0.0,0.0,0.0,0.0,4.0,3.0,0.0,0.0,0.0,0.0,0.0,
ESP-La Liga,2425,2025-05-25 Villarreal-Sevilla,Villarreal,Diego Conde,True,Goalkeeper,1,start,end,1.0,0.0,0.0,0.0,0.0,0.0,0.0,2.0,4.0,0.0,0.0,0.0,0.0,0.0,
