league,season,game,team,player,is_home,position,formation_place,sub_in,sub_out,appearances,fouls_committed,fouls_suffered,own_goals,red_cards,sub_ins,yellow_cards,goals_conceded,saves,shots_faced,goal_assists,shots_on_target,total_goals,total_shots,offsides
GER-Bundesliga,2425,2024-08-23 Borussia Mönchengladbach-Bayer Leverkusen,Bayer Leverkusen,Lukas Hradecky,False,Goalkeeper,1,start,end,1.0,0.0,0.0,0.0,0.0,0.0,0.0,2.0,5.0,11.0,0.0,0.0,0.0,0.0,
GER-Bundesliga,2425,2024-08-23 Borussia Mönchengladbach-Bayer Leverkusen,Borussia Mönchengladbach,Jonas Omlin,True,Goalkeeper,1,start,end,1.0,0.0,0.0,0.0,0.0,0.0,0.0,3.0,6.0,21.0,0.0,0.0,0.0,0.0,
GER-Bundesliga,2425,2024-08-24 Borussia Dortmund-Eintracht Frankfurt,Borussia Dortmund,Gregor Kobel,True,Goalkeeper,1,start,end,1.0,0.0,0.0,0.0,0.0,0.0,0.0,0.0,3.0,8.0,0.0,0.0,0.0,0.0,
GER-Bundesliga,2425,2024-08-24 Borussia Dortmund-Eintracht Frankfurt,Eintracht Frankfurt,Kevin Trapp,False,Goalkeeper,1,start,end,1.0,0.0,0.0,0.0,0.0,0.0,0.0,2.0,3.0,18.0,0.0,0.0,0.0,0.0,
GER-Bundesliga,2425,2024-08-24 FC Augsburg-Werder Bremen,FC Augsburg,Nediljko Labrovic,True,Goalkeeper,1,start,end,1.0,0.0,0.0,0.0,0.0,0.0,0.0,2.0,4.0,10.0,0.0,0.0,0.0,0.0,
GER-Bundesliga,2425,2024-08-24 FC Augsburg-Werder Bremen,Werder Bremen,Michael Zetterer,False,Goalkeeper,1,start,end,1.0,0.0,0.0,0.0,0.0,0.0,0.0,2.0,1.0,9.0,0.0,0.0,0.0,0.0,
GER-Bundesliga,2425,2024-08-24 Mainz-1. FC Union Berlin,1. FC Union Berlin,Frederik Ronnow,False,Goalkeeper,1,start,end,1.0,0.0,1.0,0.0,0.0,0.0,0.0,1.0,3.0,16.0,0.0,0.0,0.0,0.0,
GER-Bundesliga,2425,2024-08-24 Mainz-1. FC Union Berlin,Mainz,Robin Zentner,True,Goalkeeper,1,start,end,1.0,0.0,0.0,0.0,0.0,0.0,0.0,1.0,4.0,13.0,0.0,0.0,0.0,0.0,
GER-Bundesliga,2425,2024-08-24 RB Leipzig-VfL Bochum,RB Leipzig,Péter Gulácsi,True,Goalkeeper,1,start,end,1.0,0.0,0.0,0.0,0.0,0.0,0.0,0.0,3.0,10.0,0.0,0.0,0.0,0.0,
GER-Bundesliga,2425,2024-08-24 RB Leipzig-VfL Bochum,VfL Bochum,Patrick Drewes,False,Goalkeeper,1,start,end,1.0,0.0,0.0,0.0,0.0,0.0,0.0,1.0,2.0,12.0,0.0,0.0,0.0,0.0,
GER-Bundesliga,2425,2024-08-24 SC Freiburg-VfB Stuttgart,SC Freiburg,Florian Müller,True,Goalkeeper,1,start,end,1.0,0.0,0.0,0.0,0.0,0.0,0.0,1.0,1.0,7.0,0.0,0.0,0.0,0.0,
GER-Bundesliga,2425,2024-08-24 SC Freiburg-VfB Stuttgart,VfB Stuttgart,Alexander Nübel,False,Goalkeeper,1,start,end,1.0,0.0,0.0,0.0,0.0,0.0,0.0,3.0,2.0,13.0,0.0,0.0,0.0,0.0,
GER-Bundesliga,2425,2024-08-24 TSG Hoffenheim-Holstein Kiel,Holstein Kiel,Timon Weiner,False,Goalkeeper,1,start,end,1.0,1.0,0.0,0.0,0.0,0.0,1.0,3.0,5.0,18.0,0.0,0.0,0.0,0.0,
GER-Bundesliga,2425,2024-08-24 TSG Hoffenheim-Holstein Kiel,TSG Hoffenheim,Oliver Baumann,True,Goalkeeper,1,start,end,1.0,0.0,1.0,0.0,0.0,0.0,0.0,2.0,4.0,15.0,0.0,0.0,0.0,0.0,
GER-Bundesliga,2425,2024-08-25 St. Pauli-1. FC Heidenheim 1846,1. FC Heidenheim 1846,Kevin Müller,False,Goalkeeper,1,start,end,1.0,0.0,0.0,0.0,0.0,0.0,0.0,0.0,3.0,11.0,0.0,0.0,0.0,0.0,
GER-Bundesliga,2425,2024-08-25 St. Pauli-1. FC Heidenheim 1846,St. Pauli,Nikola Vasilj,True,Goalkeeper,1,start,end,1.0,0.0,0.0,0.0,0.0,0.0,0.0,2.0,1.0,4.0,0.0,0.0,0.0,0.0,
GER-Bundesliga,2425,2024-08-25 VfL Wolfsburg-Bayern Munich,Bayern Munich,Manuel Neuer,False,Goalkeeper,1,start,end,1.0,0.0,0.0,0.0,0.0,0.0,0.0,2.0,0.0,9.0,0.0,0.0,0.0,0.0,
GER-Bundesliga,2425,2024-08-25 VfL Wolfsburg-Bayern Munich,VfL Wolfsburg,Kamil Grabara,True,Goalkeeper,1,start,end,1.0,0.0,0.0,0.0,0.0,0.0,0.0,3.0,6.0,13.0,0.0,0.0,0.0,0.0,
GER-Bundesliga,2425,2024-08-30 1. FC Union Berlin-St. Pauli,1. FC Union Berlin,Frederik Ronnow,True,Goalkeeper,1,start,end,1.0,0.0,0.0,0.0,0.0,0.0,0.0,0.0,1.0,8.0,0.0,0.0,0.0,0.0,
GER-Bundesliga,2425,2024-08-30 1. FC Union Berlin-St. Pauli,St. Pauli,Nikola Vasilj,False,Goalkeeper,1,start,end,1.0,0.0,0.0,0.0,0.0,0.0,0.0,1.0,4.0,10.0,0.0,0.0,0.0,0.0,
GER-Bundesliga,2425,2024-08-31 Bayer Leverkusen-RB Leipzig,Bayer Leverkusen,Matej Kovár,True,Goalkeeper,1,start,end,1.0,0.0,0.0,0.0,0.0,0.0,0.0,3.0,1.0,5.0,0.0,0.0,0.0,0.0,
GER-Bundesliga,2425,2024-08-31 Bayer Leverkusen-RB Leipzig,RB Leipzig,Péter Gulácsi,False,Goalkeeper,1,start,end,1.0,0.0,0.0,0.0,0.0,0.0,0.0,2.0,8.0,25.0,0.0,0.0,0.0,0.0,
GER-Bundesliga,2425,2024-08-31 Eintracht Frankfurt-TSG Hoffenheim,Eintracht Frankfurt,Kevin Trapp,True,Goalkeeper,1,start,end,1.0,0.0,0.0,0.0,0.0,0.0,0.0,1.0,2.0,10.0,0.0,0.0,0.0,0.0,
GER-Bundesliga,2425,2024-08-31 Eintracht Frankfurt-TSG Hoffenheim,TSG Hoffenheim,Oliver Baumann,False,Goalkeeper,1,start,end,1.0,0.0,0.0,0.0,0.0,0.0,0.0,3.0,4.0,15.0,0.0,0.0,0.0,0.0,
GER-Bundesliga,2425,2024-08-31 Holstein Kiel-VfL Wolfsburg,Holstein Kiel,Timon Weiner,True,Goalkeeper,1,start,end,1.0,0.0,0.0,0.0,0.0,0.0,0.0,2.0,2.0,10.0,0.0,0.0,0.0,0.0,
GER-Bundesliga,2425,2024-08-31 Holstein Kiel-VfL Wolfsburg,VfL Wolfsburg,Kamil Grabara,False,Goalkeeper,1,start,end,1.0,0.0,0.0,0.0,0.0,0.0,0.0,0.0,5.0,13.0,0.0,0.0,0.0,0.0,
GER-Bundesliga,2425,2024-08-31 VfB Stuttgart-Mainz,Mainz,Robin Zentner,False,Goalkeeper,1,start,end,1.0,0.0,0.0,0.0,0.0,0.0,0.0,3.0,8.0,25.0,0.0,0.0,0.0,0.0,
GER-Bundesliga,2425,2024-08-31 VfB Stuttgart-Mainz,VfB Stuttgart,Alexander Nübel,True,Goalkeeper,1,start,end,1.0,0.0,0.0,0.0,0.0,0.0,0.0,3.0,4.0,7.0,1.0,0.0,0.0,0.0,
GER-Bundesliga,2425,2024-08-31 VfL Bochum-Borussia Mönchengladbach,Borussia Mönchengladbach,Jonas Omlin,False,Goalkeeper,1,start,end,1.0,0.0,0.0,0.0,0.0,0.0,0.0,0.0,4.0,15.0,0.0,0.0,0.0,0.0,
GER-Bundesliga,2425,2024-08-31 VfL Bochum-Borussia Mönchengladbach,VfL Bochum,Patrick Drewes,True,Goalkeeper,1,start,end,1.0,0.0,0.0,0.0,0.0,0.0,0.0,2.0,3.0,13.0,0.0,0.0,0.0,0.0,
GER-Bundesliga,2425,2024-08-31 Werder Bremen-Borussia Dortmund,Borussia Dortmund,Gregor Kobel,False,Goalkeeper,1,start,end,1.0,0.0,0.0,0.0,0.0,0.0,0.0,0.0,1.0,5.0,0.0,0.0,0.0,0.0,
GER-Bundesliga,2425,2024-08-31 Werder Bremen-Borussia Dortmund,Werder Bremen,Michael Zetterer,True,Goalkeeper,1,start,end,1.0,0.0,0.0,0.0,0.0,0.0,0.0,0.0,5.0,9.0,0.0,0.0,0.0,0.0,
GER-Bundesliga,2425,2024-09-01 1. FC Heidenheim 1846-FC Augsburg,1. FC Heidenheim 1846,Kevin Müller,True,Goalkeeper,1,start,end,1.0,0.0,0.0,0.0,0.0,0.0,0.0,0.0,0.0,15.0,0.0,0.0,0.0,0.0,
GER-Bundesliga,2425,2024-09-01 1. FC Heidenheim 1846-FC Augsburg,FC Augsburg,Nediljko Labrovic,False,Goalkeeper,1,start,end,1.0,0.0,0.0,0.0,0.0,0.0,0.0,4.0,4.0,12.0,0.0,0.0,0.0,0.0,
GER-Bundesliga,2425,2024-09-01 Bayern Munich-SC Freiburg,Bayern Munich,Manuel Neuer,True,Goalkeeper,1,start,end,1.0,0.0,0.0,0.0,0.0,0.0,0.0,0.0,4.0,9.0,0.0,0.0,0.0,0.0,
GER-Bundesliga,2425,2024-09-01 Bayern Munich-SC Freiburg,SC Freiburg,Florian Müller,False,Goalkeeper,1,start,end,1.0,0.0,0.0,0.0,0.0,0.0,0.0,2.0,1.0,10.0,0.0,0.0,0.0,0.0,
GER-Bundesliga,2425,2024-09-13 Borussia Dortmund-1. FC Heidenheim 1846,1. FC Heidenheim 1846,Kevin Müller,False,Goalkeeper,1,start,end,1.0,0.0,0.0,0.0,0.0,0.0,0.0,4.0,2.0,9.0,0.0,0.0,0.0,0.0,
GER-Bundesliga,2425,2024-09-13 Borussia Dortmund-1. FC Heidenheim 1846,Borussia Dortmund,Gregor Kobel,True,Goalkeeper,1,start,end,1.0,0.0,0.0,0.0,0.0,0.0,0.0,2.0,2.0,9.0,0.0,0.0,0.0,0.0,
GER-Bundesliga,2425,2024-09-14 Borussia Mönchengladbach-VfB Stuttgart,Borussia Mönchengladbach,Jonas Omlin,True,Goalkeeper,1,start,end,1.0,0.0,0.0,0.0,0.0,0.0,0.0,3.0,4.0,9.0,0.0,0.0,0.0,0.0,
GER-Bundesliga,2425,2024-09-14 Borussia Mönchengladbach-VfB Stuttgart,VfB Stuttgart,Alexander Nübel,False,Goalkeeper,1,start,end,1.0,0.0,0.0,0.0,0.0,0.0,0.0,1.0,6.0,12.0,0.0,0.0,0.0,0.0,
GER-Bundesliga,2425,2024-09-14 Holstein Kiel-Bayern Munich,Bayern Munich,Manuel Neuer,False,Goalkeeper,1,start,end,1.0,0.0,0.0,0.0,0.0,0.0,0.0,1.0,0.0,4.0,0.0,0.0,0.0,0.0,
GER-Bundesliga,2425,2024-09-14 Holstein Kiel-Bayern Munich,Holstein Kiel,Timon Weiner,True,Goalkeeper,1,start,end,1.0,0.0,0.0,0.0,0.0,0.0,0.0,6.0,7.0,18.0,0.0,0.0,0.0,0.0,
GER-Bundesliga,2425,2024-09-14 RB Leipzig-1. FC Union Berlin,1. FC Union Berlin,Frederik Ronnow,False,Goalkeeper,1,start,end,1.0,0.0,0.0,0.0,0.0,0.0,0.0,0.0,2.0,13.0,0.0,0.0,0.0,0.0,
GER-Bundesliga,2425,2024-09-14 RB Leipzig-1. FC Union Berlin,RB Leipzig,Péter Gulácsi,True,Goalkeeper,1,start,end,1.0,0.0,0.0,0.0,0.0,0.0,0.0,0.0,3.0,10.0,0.0,0.0,0.0,0.0,
GER-Bundesliga,2425,2024-09-14 SC Freiburg-VfL Bochum,SC Freiburg,Noah Atubolu,True,Goalkeeper,1,start,end,1.0,0.0,0.0,0.0,0.0,0.0,0.0,1.0,2.0,12.0,0.0,0.0,0.0,0.0,
GER-Bundesliga,2425,2024-09-14 SC Freiburg-VfL Bochum,VfL Bochum,Patrick Drewes,False,Goalkeeper,1,start,end,1.0,0.0,0.0,0.0,0.0,0.0,0.0,2.0,6.0,24.0,0.0,0.0,0.0,0.0,
GER-Bundesliga,2425,2024-09-14 TSG Hoffenheim-Bayer Leverkusen,Bayer Leverkusen,Lukas Hradecky,False,Goalkeeper,1,start,end,1.0,0.0,0.0,0.0,0.0,0.0,0.0,1.0,4.0,13.0,0.0,0.0,0.0,0.0,
GER-Bundesliga,2425,2024-09-14 TSG Hoffenheim-Bayer Leverkusen,TSG Hoffenheim,Oliver Baumann,True,Goalkeeper,1,start,end,1.0,0.0,0.0,0.0,0.0,0.0,0.0,4.0,3.0,16.0,0.0,0.0,0.0,0.0,
GER-Bundesliga,2425,2024-09-14 VfL Wolfsburg-Eintracht Frankfurt,Eintracht Frankfurt,Kevin Trapp,False,Goalkeeper,1,start,45,1.0,0.0,0.0,0.0,0.0,0.0,0.0,0.0,2.0,6.0,0.0,0.0,0.0,0.0,
GER-Bundesliga,2425,2024-09-14 VfL Wolfsburg-Eintracht Frankfurt,VfL Wolfsburg,Kamil Grabara,True,Goalkeeper,1,start,end,1.0,0.0,0.0,0.0,0.0,0.0,0.0,2.0,4.0,12.0,0.0,0.0,0.0,0.0,
GER-Bundesliga,2425,2024-09-15 FC Augsburg-St. Pauli,FC Augsburg,Nediljko Labrovic,True,Goalkeeper,1,start,end,1.0,0.0,1.0,0.0,0.0,0.0,0.0,1.0,2.0,10.0,0.0,0.0,0.0,0.0,
GER-Bundesliga,2425,2024-09-15 FC Augsburg-St. Pauli,St. Pauli,Nikola Vasilj,False,Goalkeeper,1,start,end,1.0,0.0,0.0,0.0,0.0,0.0,0.0,3.0,5.0,15.0,0.0,0.0,0.0,0.0,
GER-Bundesliga,2425,2024-09-15 Mainz-Werder Bremen,Mainz,Robin Zentner,True,Goalkeeper,1,start,end,1.0,0.0,0.0,0.0,0.0,0.0,0.0,2.0,2.0,12.0,0.0,0.0,0.0,0.0,
GER-Bundesliga,2425,2024-09-15 Mainz-Werder Bremen,Werder Bremen,Michael Zetterer,False,Goalkeeper,1,start,end,1.0,0.0,0.0,0.0,0.0,0.0,1.0,1.0,4.0,16.0,0.0,0.0,0.0,0.0,
GER-Bundesliga,2425,2024-09-20 FC Augsburg-Mainz,FC Augsburg,Nediljko Labrovic,True,Goalkeeper,1,start,end,1.0,0.0,0.0,0.0,0.0,0.0,0.0,3.0,0.0,2.0,0.0,0.0,0.0,0.0,
GER-Bundesliga,2425,2024-09-20 FC Augsburg-Mainz,Mainz,Robin Zentner,False,Goalkeeper,1,start,end,1.0,0.0,0.0,0.0,0.0,0.0,0.0,2.0,5.0,26.0,0.0,0.0,0.0,0.0,
GER-Bundesliga,2425,2024-09-21 1. FC Heidenheim 1846-SC Freiburg,1. FC Heidenheim 1846,Kevin Müller,True,Goalkeeper,1,start,end,1.0,0.0,0.0,0.0,0.0,0.0,0.0,3.0,2.0,12.0,0.0,0.0,0.0,0.0,
GER-Bundesliga,2425,2024-09-21 1. FC Heidenheim 1846-SC Freiburg,SC Freiburg,Noah Atubolu,False,Goalkeeper,1,start,end,1.0,0.0,0.0,0.0,0.0,0.0,0.0,0.0,1.0,7.0,0.0,0.0,0.0,0.0,
GER-Bundesliga,2425,2024-09-21 1. FC Union Berlin-TSG Hoffenheim,1. FC Union Berlin,Frederik Ronnow,True,Goalkeeper,1,start,end,1.0,0.0,0.0,0.0,0.0,0.0,0.0,1.0,2.0,6.0,0.0,0.0,0.0,0.0,
GER-Bundesliga,2425,2024-09-21 1. FC Union Berlin-TSG Hoffenheim,TSG Hoffenheim,Oliver Baumann,False,Goalkeeper,1,start,end,1.0,0.0,1.0,0.0,0.0,0.0,0.0,2.0,1.0,10.0,0.0,0.0,0.0,0.0,
GER-Bundesliga,2425,2024-09-21 Eintracht Frankfurt-Borussia Mönchengladbach,Borussia Mönchengladbach,Moritz Nicolas,False,Goalkeeper,1,start,end,1.0,0.0,0.0,0.0,0.0,0.0,0.0,2.0,2.0,17.0,0.0,0.0,0.0,0.0,
GER-Bundesliga,2425,2024-09-21 Eintracht Frankfurt-Borussia Mönchengladbach,Eintracht Frankfurt,Kauã Santos,True,Goalkeeper,1,start,end,1.0,0.0,0.0,0.0,0.0,0.0,0.0,0.0,7.0,26.0,0.0,0.0,0.0,0.0,
GER-Bundesliga,2425,2024-09-21 VfL Bochum-Holstein Kiel,Holstein Kiel,Timon Weiner,False,Goalkeeper,1,start,end,1.0,0.0,0.0,0.0,0.0,0.0,0.0,2.0,1.0,12.0,0.0,0.0,0.0,0.0,
GER-Bundesliga,2425,2024-09-21 VfL Bochum-Holstein Kiel,VfL Bochum,Patrick Drewes,True,Goalkeeper,1,start,end,1.0,0.0,0.0,0.0,0.0,0.0,0.0,2.0,2.0,12.0,0.0,0.0,0.0,0.0,
GER-Bundesliga,2425,2024-09-21 Werder Bremen-Bayern Munich,Bayern Munich,Sven Ulreich,False,Goalkeeper,1,start,end,1.0,0.0,0.0,0.0,0.0,0.0,0.0,0.0,0.0,0.0,0.0,0.0,0.0,0.0,
GER-Bundesliga,2425,2024-09-21 Werder Bremen-Bayern Munich,Werder Bremen,Michael Zetterer,True,Goalkeeper,1,start,end,1.0,0.0,0.0,0.0,0.0,0.0,0.0,5.0,3.0,20.0,0.0,0.0,0.0,0.0,
GER-Bundesliga,2425,2024-09-22 Bayer Leverkusen-VfL Wolfsburg,Bayer Leverkusen,Lukas Hradecky,True,Goalkeeper,1,start,end,1.0,0.0,0.0,0.0,0.0,0.0,0.0,3.0,2.0,7.0,0.0,0.0,0.0,0.0,
GER-Bundesliga,2425,2024-09-22 Bayer Leverkusen-VfL Wolfsburg,VfL Wolfsburg,Kamil Grabara,False,Goalkeeper,1,start,end,1.0,0.0,0.0,0.0,0.0,0.0,1.0,4.0,3.0,16.0,0.0,0.0,0.0,0.0,
GER-Bundesliga,2425,2024-09-22 St. Pauli-RB Leipzig,RB Leipzig,Péter Gulácsi,False,Goalkeeper,1,start,end,1.0,0.0,0.0,0.0,0.0,0.0,0.0,0.0,4.0,17.0,0.0,0.0,0.0,0.0,
GER-Bundesliga,2425,2024-09-22 St. Pauli-RB Leipzig,St. Pauli,Nikola Vasilj,True,Goalkeeper,1,start,end,1.0,0.0,0.0,0.0,0.0,0.0,0.0,0.0,5.0,9.0,0.0,0.0,0.0,0.0,
GER-Bundesliga,2425,2024-09-22 VfB Stuttgart-Borussia Dortmund,Borussia Dortmund,Gregor Kobel,False,Goalkeeper,1,start,end,1.0,0.0,0.0,0.0,0.0,0.0,0.0,5.0,4.0,12.0,0.0,0.0,0.0,0.0,
GER-Bundesliga,2425,2024-09-22 VfB Stuttgart-Borussia Dortmund,VfB Stuttgart,Alexander Nübel,True,Goalkeeper,1,start,end,1.0,0.0,0.0,0.0,0.0,0.0,0.0,1.0,2.0,6.0,0.0,0.0,0.0,0.0,
GER-Bundesliga,2425,2024-09-27 Borussia Dortmund-VfL Bochum,Borussia Dortmund,Gregor Kobel,True,Goalkeeper,1,start,end,1.0,0.0,0.0,0.0,0.0,0.0,0.0,2.0,3.0,7.0,0.0,0.0,0.0,0.0,
GER-Bundesliga,2425,2024-09-27 Borussia Dortmund-VfL Bochum,VfL Bochum,Patrick Drewes,False,Goalkeeper,1,start,end,1.0,0.0,0.0,0.0,0.0,0.0,0.0,4.0,4.0,19.0,0.0,0.0,0.0,0.0,
GER-Bundesliga,2425,2024-09-28 Bayern Munich-Bayer Leverkusen,Bayer Leverkusen,Lukas Hradecky,False,Goalkeeper,1,start,end,1.0,0.0,0.0,0.0,0.0,0.0,0.0,1.0,2.0,17.0,0.0,0.0,0.0,0.0,
GER-Bundesliga,2425,2024-09-28 Bayern Munich-Bayer Leverkusen,Bayern Munich,Manuel Neuer,True,Goalkeeper,1,start,end,1.0,0.0,0.0,0.0,0.0,0.0,0.0,1.0,1.0,2.0,0.0,0.0,0.0,0.0,
GER-Bundesliga,2425,2024-09-28 Borussia Mönchengladbach-1. FC Union Berlin,1. FC Union Berlin,Frederik Ronnow,False,Goalkeeper,1,start,end,1.0,0.0,0.0,0.0,0.0,0.0,0.0,1.0,1.0,7.0,0.0,0.0,0.0,0.0,
GER-Bundesliga,2425,2024-09-28 Borussia Mönchengladbach-1. FC Union Berlin,Borussia Mönchengladbach,Moritz Nicolas,True,Goalkeeper,1,start,end,1.0,0.0,0.0,0.0,0.0,0.0,0.0,0.0,2.0,8.0,0.0,0.0,0.0,0.0,
GER-Bundesliga,2425,2024-09-28 Mainz-1. FC Heidenheim 1846,1. FC Heidenheim 1846,Kevin Müller,False,Goalkeeper,1,start,end,1.0,0.0,0.0,0.0,0.0,0.0,0.0,0.0,2.0,8.0,0.0,0.0,0.0,0.0,
GER-Bundesliga,2425,2024-09-28 Mainz-1. FC Heidenheim 1846,Mainz,Robin Zentner,True,Goalkeeper,1,start,end,1.0,0.0,0.0,0.0,0.0,0.0,0.0,2.0,4.0,11.0,0.0,0.0,0.0,0.0,
GER-Bundesliga,2425,2024-09-28 RB Leipzig-FC Augsburg,FC Augsburg,Nediljko Labrovic,False,Goalkeeper,1,start,end,1.0,0.0,0.0,0.0,0.0,0.0,0.0,4.0,2.0,13.0,0.0,0.0,0.0,0.0,
GER-Bundesliga,2425,2024-09-28 RB Leipzig-FC Augsburg,RB Leipzig,Péter Gulácsi,True,Goalkeeper,1,start,end,1.0,0.0,0.0,0.0,0.0,0.0,0.0,0.0,0.0,6.0,0.0,0.0,0.0,0.0,
GER-Bundesliga,2425,2024-09-28 SC Freiburg-St. Pauli,SC Freiburg,Noah Atubolu,True,Goalkeeper,1,start,end,1.0,0.0,0.0,0.0,0.0,0.0,0.0,3.0,1.0,7.0,0.0,0.0,0.0,0.0,
GER-Bundesliga,2425,2024-09-28 SC Freiburg-St. Pauli,St. Pauli,Nikola Vasilj,False,Goalkeeper,1,start,end,1.0,0.0,0.0,0.0,0.0,0.0,0.0,0.0,1.0,8.0,0.0,0.0,0.0,0.0,
GER-Bundesliga,2425,2024-09-28 VfL Wolfsburg-VfB Stuttgart,VfB Stuttgart,Alexander Nübel,False,Goalkeeper,1,start,end,1.0,0.0,0.0,0.0,0.0,0.0,0.0,2.0,0.0,3.0,0.0,0.0,0.0,0.0,
GER-Bundesliga,2425,2024-09-28 VfL Wolfsburg-VfB Stuttgart,VfL Wolfsburg,Kamil Grabara,True,Goalkeeper,1,start,end,1.0,0.0,0.0,0.0,0.0,0.0,0.0,2.0,1.0,15.0,0.0,0.0,0.0,0.0,
GER-Bundesliga,2425,2024-09-29 Holstein Kiel-Eintracht Frankfurt,Eintracht Frankfurt,Kauã Santos,False,Goalkeeper,1,start,end,1.0,0.0,2.0,0.0,0.0,0.0,0.0,2.0,3.0,8.0,0.0,0.0,0.0,0.0,
GER-Bundesliga,2425,2024-09-29 Holstein Kiel-Eintracht Frankfurt,Holstein Kiel,Timon Weiner,True,Goalkeeper,1,start,end,1.0,0.0,0.0,0.0,0.0,0.0,0.0,4.0,6.0,15.0,0.0,0.0,0.0,0.0,
GER-Bundesliga,2425,2024-09-29 TSG Hoffenheim-Werder Bremen,TSG Hoffenheim,Oliver Baumann,True,Goalkeeper,1,start,end,1.0,0.0,0.0,0.0,0.0,0.0,0.0,4.0,7.0,18.0,0.0,0.0,0.0,0.0,
GER-Bundesliga,2425,2024-09-29 TSG Hoffenheim-Werder Bremen,Werder Bremen,Michael Zetterer,False,Goalkeeper,1,start,end,1.0,0.0,0.0,0.0,0.0,0.0,0.0,3.0,1.0,7.0,0.0,0.0,0.0,0.0,
GER-Bundesliga,2425,2024-10-04 FC Augsburg-Borussia Mönchengladbach,Borussia Mönchengladbach,Moritz Nicolas,False,Goalkeeper,1,start,end,1.0,0.0,0.0,0.0,0.0,0.0,0.0,2.0,3.0,12.0,0.0,0.0,0.0,0.0,
GER-Bundesliga,2425,2024-10-04 FC Augsburg-Borussia Mönchengladbach,FC Augsburg,Nediljko Labrovic,True,Goalkeeper,1,start,end,1.0,0.0,0.0,0.0,0.0,0.0,0.0,1.0,3.0,10.0,0.0,0.0,0.0,0.0,
GER-Bundesliga,2425,2024-10-05 1. FC Union Berlin-Borussia Dortmund,1. FC Union Berlin,Frederik Ronnow,True,Goalkeeper,1,start,end,1.0,0.0,0.0,0.0,0.0,0.0,0.0,1.0,3.0,7.0,0.0,0.0,0.0,0.0,
GER-Bundesliga,2425,2024-10-05 1. FC Union Berlin-Borussia Dortmund,Borussia Dortmund,Gregor Kobel,False,Goalkeeper,1,start,end,1.0,0.0,0.0,0.0,0.0,0.0,0.0,2.0,3.0,12.0,0.0,0.0,0.0,0.0,
GER-Bundesliga,2425,2024-10-05 Bayer Leverkusen-Holstein Kiel,Bayer Leverkusen,Lukas Hradecky,True,Goalkeeper,1,start,end,1.0,0.0,0.0,0.0,0.0,0.0,0.0,2.0,3.0,6.0,0.0,0.0,0.0,0.0,
GER-Bundesliga,2425,2024-10-05 Bayer Leverkusen-Holstein Kiel,Holstein Kiel,Timon Weiner,False,Goalkeeper,1,start,end,1.0,0.0,1.0,0.0,0.0,0.0,1.0,2.0,5.0,21.0,0.0,0.0,0.0,0.0,
GER-Bundesliga,2425,2024-10-05 St. Pauli-Mainz,Mainz,Robin Zentner,False,Goalkeeper,1,start,end,1.0,0.0,0.0,0.0,0.0,0.0,0.0,0.0,4.0,17.0,0.0,0.0,0.0,0.0,
GER-Bundesliga,2425,2024-10-05 St. Pauli-Mainz,St. Pauli,Nikola Vasilj,True,Goalkeeper,1,start,end,1.0,0.0,0.0,0.0,0.0,0.0,0.0,3.0,1.0,5.0,0.0,0.0,0.0,0.0,
GER-Bundesliga,2425,2024-10-05 VfL Bochum-VfL Wolfsburg,VfL Bochum,Patrick Drewes,True,Goalkeeper,1,start,end,1.0,0.0,0.0,0.0,0.0,0.0,0.0,3.0,1.0,14.0,0.0,0.0,0.0,0.0,
GER-Bundesliga,2425,2024-10-05 VfL Bochum-VfL Wolfsburg,VfL Wolfsburg,Kamil Grabara,False,Goalkeeper,1,start,end,1.0,0.0,0.0,0.0,0.0,0.0,0.0,1.0,5.0,16.0,0.0,0.0,0.0,0.0,
GER-Bundesliga,2425,2024-10-05 Werder Bremen-SC Freiburg,SC Freiburg,Noah Atubolu,False,Goalkeeper,1,start,end,1.0,0.0,0.0,0.0,0.0,0.0,0.0,0.0,4.0,12.0,0.0,0.0,0.0,0.0,
GER-Bundesliga,2425,2024-10-05 Werder Bremen-SC Freiburg,Werder Bremen,Michael Zetterer,True,Goalkeeper,1,start,end,1.0,0.0,0.0,0.0,0.0,0.0,0.0,1.0,2.0,14.0,0.0,0.0,0.0,0.0,
GER-Bundesliga,2425,2024-10-06 1. FC Heidenheim 1846-RB Leipzig,1. FC Heidenheim 1846,Kevin Müller,True,Goalkeeper,1,start,end,1.0,0.0,0.0,0.0,0.0,0.0,0.0,1.0,1.0,13.0,0.0,0.0,0.0,0.0,
GER-Bundesliga,2425,2024-10-06 1. FC Heidenheim 1846-RB Leipzig,RB Leipzig,Péter Gulácsi,False,Goalkeeper,1,start,end,1.0,0.0,0.0,0.0,0.0,0.0,0.0,0.0,4.0,13.0,0.0,0.0,0.0,0.0,
GER-Bundesliga,2425,2024-10-06 Eintracht Frankfurt-Bayern Munich,Bayern Munich,Manuel Neuer,False,Goalkeeper,1,start,end,1.0,0.0,0.0,0.0,0.0,0.0,0.0,3.0,1.0,3.0,0.0,0.0,0.0,0.0,
GER-Bundesliga,2425,2024-10-06 Eintracht Frankfurt-Bayern Munich,Eintracht Frankfurt,Kauã Santos,True,Goalkeeper,1,start,end,1.0,0.0,0.0,0.0,0.0,0.0,0.0,3.0,10.0,18.0,0.0,0.0,0.0,0.0,
GER-Bundesliga,2425,2024-10-06 VfB Stuttgart-TSG Hoffenheim,TSG Hoffenheim,Oliver Baumann,False,Goalkeeper,1,start,end,1.0,0.0,0.0,0.0,0.0,0.0,0.0,1.0,5.0,21.0,0.0,0.0,0.0,0.0,
GER-Bundesliga,2425,2024-10-06 VfB Stuttgart-TSG Hoffenheim,VfB Stuttgart,Alexander Nübel,True,Goalkeeper,1,start,end,1.0,0.0,0.0,0.0,0.0,0.0,0.0,1.0,3.0,6.0,0.0,0.0,0.0,0.0,
GER-Bundesliga,2425,2024-10-18 Borussia Dortmund-St. Pauli,Borussia Dortmund,Gregor Kobel,True,Goalkeeper,1,start,end,1.0,0.0,0.0,0.0,0.0,0.0,0.0,1.0,2.0,8.0,0.0,0.0,0.0,0.0,
GER-Bundesliga,2425,2024-10-18 Borussia Dortmund-St. Pauli,St. Pauli,Nikola Vasilj,False,Goalkeeper,1,start,end,1.0,0.0,0.0,0.0,0.0,0.0,0.0,2.0,5.0,18.0,0.0,0.0,0.0,0.0,
GER-Bundesliga,2425,2024-10-19 Bayer Leverkusen-Eintracht Frankfurt,Bayer Leverkusen,Lukas Hradecky,True,Goalkeeper,1,start,end,1.0,0.0,0.0,0.0,0.0,0.0,0.0,1.0,0.0,8.0,0.0,0.0,0.0,0.0,
GER-Bundesliga,2425,2024-10-19 Bayer Leverkusen-Eintracht Frankfurt,Eintracht Frankfurt,Kevin Trapp,False,Goalkeeper,1,start,end,1.0,0.0,0.0,0.0,0.0,0.0,0.0,2.0,6.0,22.0,0.0,0.0,0.0,0.0,
GER-Bundesliga,2425,2024-10-19 Bayern Munich-VfB Stuttgart,Bayern Munich,Manuel Neuer,True,Goalkeeper,1,start,end,1.0,0.0,0.0,0.0,0.0,0.0,0.0,0.0,1.0,4.0,0.0,0.0,0.0,0.0,
GER-Bundesliga,2425,2024-10-19 Bayern Munich-VfB Stuttgart,VfB Stuttgart,Alexander Nübel,False,Goalkeeper,1,start,end,1.0,0.0,0.0,0.0,0.0,0.0,0.0,4.0,6.0,18.0,0.0,0.0,0.0,0.0,
GER-Bundesliga,2425,2024-10-19 Borussia Mönchengladbach-1. FC Heidenheim 1846,1. FC Heidenheim 1846,Kevin Müller,False,Goalkeeper,1,start,end,1.0,0.0,1.0,0.0,0.0,0.0,0.0,3.0,7.0,16.0,0.0,0.0,0.0,0.0,
GER-Bundesliga,2425,2024-10-19 Borussia Mönchengladbach-1. FC Heidenheim 1846,Borussia Mönchengladbach,Moritz Nicolas,True,Goalkeeper,1,start,end,1.0,0.0,0.0,0.0,0.0,0.0,0.0,2.0,4.0,15.0,0.0,0.0,0.0,0.0,
GER-Bundesliga,2425,2024-10-19 Mainz-RB Leipzig,Mainz,Robin Zentner,True,Goalkeeper,1,start,end,1.0,0.0,0.0,0.0,0.0,0.0,0.0,2.0,3.0,8.0,0.0,0.0,0.0,0.0,
GER-Bundesliga,2425,2024-10-19 Mainz-RB Leipzig,RB Leipzig,Péter Gulácsi,False,Goalkeeper,1,start,end,1.0,0.0,0.0,0.0,0.0,0.0,0.0,0.0,2.0,17.0,0.0,0.0,0.0,0.0,
GER-Bundesliga,2425,2024-10-19 SC Freiburg-FC Augsburg,FC Augsburg,Nediljko Labrovic,False,Goalkeeper,1,start,end,1.0,0.0,0.0,0.0,0.0,0.0,0.0,3.0,3.0,11.0,0.0,0.0,0.0,0.0,
GER-Bundesliga,2425,2024-10-19 SC Freiburg-FC Augsburg,SC Freiburg,Noah Atubolu,True,Goalkeeper,1,start,end,1.0,0.0,0.0,0.0,0.0,0.0,0.0,1.0,2.0,8.0,0.0,0.0,0.0,0.0,
GER-Bundesliga,2425,2024-10-19 TSG Hoffenheim-VfL Bochum,TSG Hoffenheim,Oliver Baumann,True,Goalkeeper,1,start,end,1.0,0.0,0.0,0.0,0.0,0.0,0.0,1.0,2.0,11.0,0.0,0.0,0.0,0.0,
GER-Bundesliga,2425,2024-10-19 TSG Hoffenheim-VfL Bochum,VfL Bochum,Patrick Drewes,False,Goalkeeper,1,start,end,1.0,0.0,0.0,0.0,0.0,0.0,0.0,3.0,4.0,10.0,0.0,0.0,0.0,0.0,
GER-Bundesliga,2425,2024-10-20 Holstein Kiel-1. FC Union Berlin,1. FC Union Berlin,Frederik Ronnow,False,Goalkeeper,1,start,end,1.0,0.0,0.0,0.0,0.0,0.0,1.0,0.0,4.0,11.0,0.0,0.0,0.0,0.0,
GER-Bundesliga,2425,2024-10-20 Holstein Kiel-1. FC Union Berlin,Holstein Kiel,Timon Weiner,True,Goalkeeper,1,start,end,1.0,0.0,0.0,0.0,0.0,0.0,0.0,2.0,2.0,13.0,0.0,0.0,0.0,0.0,
GER-Bundesliga,2425,2024-10-20 VfL Wolfsburg-Werder Bremen,VfL Wolfsburg,Kamil Grabara,True,Goalkeeper,1,start,end,1.0,0.0,0.0,0.0,0.0,0.0,0.0,4.0,3.0,10.0,0.0,0.0,0.0,0.0,
GER-Bundesliga,2425,2024-10-20 VfL Wolfsburg-Werder Bremen,Werder Bremen,Michael Zetterer,False,Goalkeeper,1,start,end,1.0,0.0,1.0,0.0,0.0,0.0,0.0,2.0,3.0,12.0,0.0,0.0,0.0,0.0,
GER-Bundesliga,2425,2024-10-25 Mainz-Borussia Mönchengladbach,Borussia Mönchengladbach,Moritz Nicolas,False,Goalkeeper,1,start,end,1.0,0.0,0.0,0.0,0.0,0.0,0.0,1.0,6.0,24.0,0.0,0.0,0.0,0.0,
GER-Bundesliga,2425,2024-10-25 Mainz-Borussia Mönchengladbach,Mainz,Robin Zentner,True,Goalkeeper,1,start,end,1.0,0.0,0.0,0.0,0.0,0.0,0.0,1.0,5.0,6.0,0.0,0.0,0.0,0.0,
GER-Bundesliga,2425,2024-10-26 FC Augsburg-Borussia Dortmund,Borussia Dortmund,Gregor Kobel,False,Goalkeeper,1,start,end,1.0,0.0,0.0,0.0,0.0,0.0,0.0,2.0,2.0,11.0,0.0,0.0,0.0,0.0,
GER-Bundesliga,2425,2024-10-26 FC Augsburg-Borussia Dortmund,FC Augsburg,Nediljko Labrovic,True,Goalkeeper,1,start,end,1.0,0.0,1.0,0.0,0.0,0.0,0.0,1.0,3.0,10.0,0.0,0.0,0.0,0.0,
GER-Bundesliga,2425,2024-10-26 RB Leipzig-SC Freiburg,RB Leipzig,Péter Gulácsi,True,Goalkeeper,1,start,45,1.0,0.0,0.0,0.0,0.0,0.0,0.0,1.0,1.0,6.0,0.0,0.0,0.0,0.0,
GER-Bundesliga,2425,2024-10-26 RB Leipzig-SC Freiburg,SC Freiburg,Noah Atubolu,False,Goalkeeper,1,start,end,1.0,0.0,0.0,0.0,0.0,0.0,0.0,3.0,6.0,10.0,0.0,0.0,0.0,0.0,
GER-Bundesliga,2425,2024-10-26 St. Pauli-VfL Wolfsburg,St. Pauli,Nikola Vasilj,True,Goalkeeper,1,start,end,1.0,0.0,0.0,0.0,0.0,0.0,0.0,0.0,4.0,9.0,0.0,0.0,0.0,0.0,
GER-Bundesliga,2425,2024-10-26 St. Pauli-VfL Wolfsburg,VfL Wolfsburg,Kamil Grabara,False,Goalkeeper,1,start,end,1.0,0.0,0.0,0.0,0.0,0.0,0.0,0.0,5.0,14.0,0.0,0.0,0.0,0.0,
GER-Bundesliga,2425,2024-10-26 VfB Stuttgart-Holstein Kiel,Holstein Kiel,Timon Weiner,False,Goalkeeper,1,start,end,1.0,0.0,0.0,0.0,0.0,0.0,0.0,2.0,4.0,14.0,0.0,0.0,0.0,0.0,
GER-Bundesliga,2425,2024-10-26 VfB Stuttgart-Holstein Kiel,VfB Stuttgart,Alexander Nübel,True,Goalkeeper,1,start,end,1.0,0.0,0.0,0.0,0.0,0.0,0.0,1.0,2.0,8.0,0.0,0.0,0.0,0.0,
GER-Bundesliga,2425,2024-10-26 Werder Bremen-Bayer Leverkusen,Bayer Leverkusen,Lukas Hradecky,False,Goalkeeper,1,start,end,1.0,0.0,0.0,0.0,0.0,0.0,0.0,2.0,6.0,11.0,0.0,0.0,0.0,0.0,
GER-Bundesliga,2425,2024-10-26 Werder Bremen-Bayer Leverkusen,Werder Bremen,Michael Zetterer,True,Goalkeeper,1,start,end,1.0,0.0,0.0,0.0,0.0,0.0,0.0,2.0,4.0,12.0,0.0,0.0,0.0,0.0,
GER-Bundesliga,2425,2024-10-27 1. FC Heidenheim 1846-TSG Hoffenheim,1. FC Heidenheim 1846,Kevin Müller,True,Goalkeeper,1,start,end,1.0,0.0,0.0,0.0,0.0,0.0,0.0,0.0,4.0,12.0,0.0,0.0,0.0,0.0,
GER-Bundesliga,2425,2024-10-27 1. FC Heidenheim 1846-TSG Hoffenheim,TSG Hoffenheim,Oliver Baumann,False,Goalkeeper,1,start,end,1.0,0.0,0.0,0.0,0.0,0.0,0.0,0.0,3.0,17.0,0.0,0.0,0.0,0.0,
GER-Bundesliga,2425,2024-10-27 1. FC Union Berlin-Eintracht Frankfurt,1. FC Union Berlin,Frederik Ronnow,True,Goalkeeper,1,start,end,1.0,0.0,0.0,0.0,0.0,0.0,0.0,1.0,4.0,16.0,0.0,0.0,0.0,0.0,
GER-Bundesliga,2425,2024-10-27 1. FC Union Berlin-Eintracht Frankfurt,Eintracht Frankfurt,Kevin Trapp,False,Goalkeeper,1,start,end,1.0,0.0,0.0,0.0,0.0,0.0,0.0,1.0,3.0,11.0,0.0,0.0,0.0,0.0,
GER-Bundesliga,2425,2024-10-27 VfL Bochum-Bayern Munich,Bayern Munich,Manuel Neuer,False,Goalkeeper,1,start,end,1.0,0.0,0.0,0.0,0.0,0.0,0.0,0.0,1.0,6.0,0.0,0.0,0.0,0.0,
GER-Bundesliga,2425,2024-10-27 VfL Bochum-Bayern Munich,VfL Bochum,Patrick Drewes,True,Goalkeeper,1,start,end,1.0,0.0,1.0,0.0,0.0,0.0,0.0,5.0,5.0,14.0,0.0,0.0,0.0,0.0,
GER-Bundesliga,2425,2024-11-01 Bayer Leverkusen-VfB Stuttgart,Bayer Leverkusen,Lukas Hradecky,True,Goalkeeper,1,start,end,1.0,0.0,0.0,0.0,0.0,0.0,0.0,0.0,1.0,4.0,0.0,0.0,0.0,0.0,
GER-Bundesliga,2425,2024-11-01 Bayer Leverkusen-VfB Stuttgart,VfB Stuttgart,Alexander Nübel,False,Goalkeeper,1,start,end,1.0,0.0,0.0,0.0,0.0,0.0,0.0,0.0,5.0,19.0,0.0,0.0,0.0,0.0,
GER-Bundesliga,2425,2024-11-02 Bayern Munich-1. FC Union Berlin,1. FC Union Berlin,Frederik Ronnow,False,Goalkeeper,1,start,end,1.0,0.0,0.0,0.0,0.0,0.0,0.0,3.0,4.0,11.0,0.0,0.0,0.0,0.0,
GER-Bundesliga,2425,2024-11-02 Bayern Munich-1. FC Union Berlin,Bayern Munich,Manuel Neuer,True,Goalkeeper,1,start,end,1.0,0.0,0.0,0.0,0.0,0.0,0.0,0.0,1.0,8.0,0.0,0.0,0.0,0.0,
GER-Bundesliga,2425,2024-11-02 Borussia Dortmund-RB Leipzig,Borussia Dortmund,Alexander Meyer,True,Goalkeeper,1,start,end,1.0,0.0,0.0,0.0,0.0,0.0,0.0,1.0,1.0,5.0,0.0,0.0,0.0,0.0,
GER-Bundesliga,2425,2024-11-02 Borussia Dortmund-RB Leipzig,RB Leipzig,Péter Gulácsi,False,Goalkeeper,1,start,end,1.0,0.0,0.0,0.0,0.0,0.0,0.0,2.0,5.0,17.0,0.0,0.0,0.0,0.0,
GER-Bundesliga,2425,2024-11-02 Eintracht Frankfurt-VfL Bochum,Eintracht Frankfurt,Kevin Trapp,True,Goalkeeper,1,start,end,1.0,0.0,0.0,0.0,0.0,0.0,0.0,2.0,6.0,9.0,0.0,0.0,0.0,0.0,
GER-Bundesliga,2425,2024-11-02 Eintracht Frankfurt-VfL Bochum,VfL Bochum,Patrick Drewes,False,Goalkeeper,1,start,end,1.0,0.0,0.0,0.0,0.0,0.0,0.0,7.0,2.0,11.0,0.0,0.0,0.0,0.0,
GER-Bundesliga,2425,2024-11-02 Holstein Kiel-1. FC Heidenheim 1846,1. FC Heidenheim 1846,Kevin Müller,False,Goalkeeper,1,start,end,1.0,0.0,0.0,0.0,0.0,0.0,0.0,1.0,5.0,10.0,0.0,0.0,0.0,0.0,
GER-Bundesliga,2425,2024-11-02 Holstein Kiel-1. FC Heidenheim 1846,Holstein Kiel,Timon Weiner,True,Goalkeeper,1,start,end,1.0,0.0,1.0,0.0,0.0,0.0,0.0,0.0,4.0,17.0,0.0,0.0,0.0,0.0,
GER-Bundesliga,2425,2024-11-02 TSG Hoffenheim-St. Pauli,St. Pauli,Nikola Vasilj,False,Goalkeeper,1,start,end,1.0,0.0,0.0,0.0,0.0,0.0,0.0,0.0,6.0,13.0,0.0,0.0,0.0,0.0,
GER-Bundesliga,2425,2024-11-02 TSG Hoffenheim-St. Pauli,TSG Hoffenheim,Oliver Baumann,True,Goalkeeper,1,start,end,1.0,0.0,0.0,0.0,0.0,0.0,0.0,2.0,1.0,4.0,0.0,0.0,0.0,0.0,
GER-Bundesliga,2425,2024-11-02 VfL Wolfsburg-FC Augsburg,FC Augsburg,Nediljko Labrovic,False,Goalkeeper,1,start,end,1.0,0.0,0.0,0.0,0.0,0.0,0.0,1.0,4.0,14.0,0.0,0.0,0.0,0.0,
GER-Bundesliga,2425,2024-11-02 VfL Wolfsburg-FC Augsburg,VfL Wolfsburg,Kamil Grabara,True,Goalkeeper,1,start,end,1.0,0.0,0.0,0.0,0.0,0.0,0.0,1.0,0.0,2.0,0.0,0.0,0.0,0.0,
GER-Bundesliga,2425,2024-11-03 Borussia Mönchengladbach-Werder Bremen,Borussia Mönchengladbach,Moritz Nicolas,True,Goalkeeper,1,start,end,1.0,0.0,0.0,0.0,0.0,0.0,0.0,1.0,5.0,13.0,0.0,0.0,0.0,0.0,
GER-Bundesliga,2425,2024-11-03 Borussia Mönchengladbach-Werder Bremen,Werder Bremen,Michael Zetterer,False,Goalkeeper,1,start,end,1.0,0.0,0.0,0.0,0.0,0.0,0.0,4.0,4.0,11.0,0.0,0.0,0.0,0.0,
GER-Bundesliga,2425,2024-11-03 SC Freiburg-Mainz,Mainz,Robin Zentner,False,Goalkeeper,1,start,end,1.0,0.0,0.0,0.0,0.0,0.0,0.0,0.0,2.0,10.0,0.0,0.0,0.0,0.0,
GER-Bundesliga,2425,2024-11-03 SC Freiburg-Mainz,SC Freiburg,Noah Atubolu,True,Goalkeeper,1,start,end,1.0,0.0,0.0,0.0,0.0,0.0,0.0,0.0,2.0,9.0,0.0,0.0,0.0,0.0,
GER-Bundesliga,2425,2024-11-08 1. FC Union Berlin-SC Freiburg,1. FC Union Berlin,Frederik Ronnow,True,Goalkeeper,1,start,end,1.0,0.0,0.0,0.0,0.0,0.0,0.0,0.0,3.0,13.0,0.0,0.0,0.0,0.0,
GER-Bundesliga,2425,2024-11-08 1. FC Union Berlin-SC Freiburg,SC Freiburg,Noah Atubolu,False,Goalkeeper,1,start,end,1.0,0.0,0.0,0.0,0.0,0.0,0.0,0.0,6.0,10.0,0.0,0.0,0.0,0.0,
GER-Bundesliga,2425,2024-11-09 Mainz-Borussia Dortmund,Borussia Dortmund,Alexander Meyer,False,Goalkeeper,1,start,end,1.0,0.0,0.0,0.0,0.0,0.0,0.0,3.0,6.0,10.0,0.0,0.0,0.0,0.0,
GER-Bundesliga,2425,2024-11-09 Mainz-Borussia Dortmund,Mainz,Robin Zentner,True,Goalkeeper,1,start,end,1.0,0.0,0.0,0.0,0.0,0.0,1.0,1.0,0.0,2.0,0.0,0.0,0.0,0.0,
GER-Bundesliga,2425,2024-11-09 RB Leipzig-Borussia Mönchengladbach,Borussia Mönchengladbach,Moritz Nicolas,False,Goalkeeper,1,start,end,1.0,0.0,0.0,0.0,0.0,0.0,0.0,0.0,6.0,12.0,0.0,0.0,0.0,0.0,
GER-Bundesliga,2425,2024-11-09 RB Leipzig-Borussia Mönchengladbach,RB Leipzig,Péter Gulácsi,True,Goalkeeper,1,start,end,1.0,0.0,0.0,0.0,0.0,0.0,0.0,0.0,4.0,14.0,0.0,0.0,0.0,0.0,
GER-Bundesliga,2425,2024-11-09 St. Pauli-Bayern Munich,Bayern Munich,Manuel Neuer,False,Goalkeeper,1,start,end,1.0,0.0,0.0,0.0,0.0,0.0,0.0,0.0,0.0,3.0,0.0,0.0,0.0,0.0,
GER-Bundesliga,2425,2024-11-09 St. Pauli-Bayern Munich,St. Pauli,Nikola Vasilj,True,Goalkeeper,1,start,end,1.0,0.0,0.0,0.0,0.0,0.0,0.0,1.0,5.0,12.0,0.0,0.0,0.0,0.0,
GER-Bundesliga,2425,2024-11-09 VfL Bochum-Bayer Leverkusen,Bayer Leverkusen,Lukas Hradecky,False,Goalkeeper,1,start,end,1.0,0.0,0.0,0.0,0.0,0.0,0.0,1.0,2.0,14.0,0.0,0.0,0.0,0.0,
GER-Bundesliga,2425,2024-11-09 VfL Bochum-Bayer Leverkusen,VfL Bochum,Patrick Drewes,True,Goalkeeper,1,start,end,1.0,0.0,0.0,0.0,0.0,0.0,0.0,1.0,3.0,10.0,0.0,0.0,0.0,0.0,
GER-Bundesliga,2425,2024-11-09 Werder Bremen-Holstein Kiel,Holstein Kiel,Timon Weiner,False,Goalkeeper,1,start,end,1.0,0.0,0.0,0.0,0.0,0.0,0.0,2.0,3.0,14.0,0.0,0.0,0.0,0.0,
GER-Bundesliga,2425,2024-11-09 Werder Bremen-Holstein Kiel,Werder Bremen,Michael Zetterer,True,Goalkeeper,1,start,end,1.0,0.0,1.0,0.0,0.0,0.0,0.0,1.0,4.0,11.0,0.0,0.0,0.0,0.0,
GER-Bundesliga,2425,2024-11-10 1. FC Heidenheim 1846-VfL Wolfsburg,1. FC Heidenheim 1846,Kevin Müller,True,Goalkeeper,1,start,end,1.0,0.0,0.0,0.0,0.0,0.0,0.0,3.0,3.0,10.0,0.0,0.0,0.0,0.0,
GER-Bundesliga,2425,2024-11-10 1. FC Heidenheim 1846-VfL Wolfsburg,VfL Wolfsburg,Kamil Grabara,False,Goalkeeper,1,start,end,1.0,0.0,0.0,0.0,0.0,0.0,1.0,1.0,4.0,17.0,0.0,0.0,0.0,0.0,
GER-Bundesliga,2425,2024-11-10 FC Augsburg-TSG Hoffenheim,FC Augsburg,Nediljko Labrovic,True,Goalkeeper,1,start,end,1.0,0.0,0.0,0.0,0.0,0.0,0.0,0.0,2.0,11.0,0.0,0.0,0.0,0.0,
GER-Bundesliga,2425,2024-11-10 FC Augsburg-TSG Hoffenheim,TSG Hoffenheim,Oliver Baumann,False,Goalkeeper,1,start,end,1.0,0.0,0.0,0.0,0.0,0.0,0.0,0.0,4.0,16.0,0.0,0.0,0.0,0.0,
GER-Bundesliga,2425,2024-11-10 VfB Stuttgart-Eintracht Frankfurt,Eintracht Frankfurt,Kevin Trapp,False,Goalkeeper,1,start,end,1.0,0.0,1.0,0.0,0.0,0.0,0.0,2.0,7.0,18.0,0.0,0.0,0.0,0.0,
GER-Bundesliga,2425,2024-11-10 VfB Stuttgart-Eintracht Frankfurt,VfB Stuttgart,Alexander Nübel,True,Goalkeeper,1,start,end,1.0,0.0,0.0,0.0,0.0,0.0,0.0,3.0,2.0,5.0,0.0,0.0,0.0,0.0,
GER-Bundesliga,2425,2024-11-22 Bayern Munich-FC Augsburg,Bayern Munich,Manuel Neuer,True,Goalkeeper,1,start,end,1.0,0.0,0.0,0.0,0.0,0.0,0.0,0.0,2.0,2.0,0.0,0.0,0.0,0.0,
GER-Bundesliga,2425,2024-11-22 Bayern Munich-FC Augsburg,FC Augsburg,Nediljko Labrovic,False,Goalkeeper,1,start,end,1.0,0.0,0.0,0.0,0.0,0.0,0.0,3.0,11.0,29.0,0.0,0.0,0.0,0.0,
GER-Bundesliga,2425,2024-11-23 Bayer Leverkusen-1. FC Heidenheim 1846,1. FC Heidenheim 1846,Kevin Müller,False,Goalkeeper,1,start,end,1.0,0.0,0.0,0.0,0.0,0.0,0.0,5.0,5.0,15.0,0.0,0.0,0.0,0.0,
GER-Bundesliga,2425,2024-11-23 Bayer Leverkusen-1. FC Heidenheim 1846,Bayer Leverkusen,Lukas Hradecky,True,Goalkeeper,1,start,end,1.0,0.0,1.0,0.0,0.0,0.0,0.0,2.0,1.0,4.0,0.0,0.0,0.0,0.0,
GER-Bundesliga,2425,2024-11-23 Borussia Dortmund-SC Freiburg,Borussia Dortmund,Gregor Kobel,True,Goalkeeper,1,start,end,1.0,0.0,0.0,0.0,0.0,0.0,0.0,0.0,2.0,6.0,0.0,0.0,0.0,0.0,
GER-Bundesliga,2425,2024-11-23 Borussia Dortmund-SC Freiburg,SC Freiburg,Noah Atubolu,False,Goalkeeper,1,start,end,1.0,0.0,0.0,0.0,0.0,0.0,0.0,4.0,3.0,16.0,0.0,0.0,0.0,0.0,
GER-Bundesliga,2425,2024-11-23 Eintracht Frankfurt-Werder Bremen,Eintracht Frankfurt,Kevin Trapp,True,Goalkeeper,1,start,end,1.0,0.0,0.0,0.0,0.0,0.0,0.0,0.0,1.0,8.0,0.0,0.0,0.0,0.0,
GER-Bundesliga,2425,2024-11-23 Eintracht Frankfurt-Werder Bremen,Werder Bremen,Michael Zetterer,False,Goalkeeper,1,start,end,1.0,0.0,0.0,0.0,0.0,0.0,0.0,1.0,4.0,14.0,0.0,0.0,0.0,0.0,
GER-Bundesliga,2425,2024-11-23 TSG Hoffenheim-RB Leipzig,RB Leipzig,Péter Gulácsi,False,Goalkeeper,1,start,end,1.0,0.0,0.0,0.0,0.0,0.0,0.0,4.0,3.0,16.0,0.0,0.0,0.0,0.0,
GER-Bundesliga,2425,2024-11-23 TSG Hoffenheim-RB Leipzig,TSG Hoffenheim,Oliver Baumann,True,Goalkeeper,1,start,end,1.0,0.0,0.0,0.0,0.0,0.0,0.0,3.0,4.0,11.0,0.0,0.0,0.0,0.0,
GER-Bundesliga,2425,2024-11-23 VfB Stuttgart-VfL Bochum,VfB Stuttgart,Alexander Nübel,True,Goalkeeper,1,start,end,1.0,0.0,0.0,0.0,0.0,0.0,0.0,0.0,2.0,9.0,0.0,0.0,0.0,0.0,
GER-Bundesliga,2425,2024-11-23 VfB Stuttgart-VfL Bochum,VfL Bochum,Patrick Drewes,False,Goalkeeper,1,start,end,1.0,0.0,0.0,0.0,0.0,0.0,0.0,2.0,2.0,13.0,0.0,0.0,0.0,0.0,
GER-Bundesliga,2425,2024-11-23 VfL Wolfsburg-1. FC Union Berlin,1. FC Union Berlin,Frederik Ronnow,False,Goalkeeper,1,start,end,1.0,0.0,0.0,0.0,0.0,0.0,0.0,1.0,4.0,9.0,0.0,0.0,0.0,0.0,
GER-Bundesliga,2425,2024-11-23 VfL Wolfsburg-1. FC Union Berlin,VfL Wolfsburg,Kamil Grabara,True,Goalkeeper,1,start,end,1.0,0.0,0.0,0.0,0.0,0.0,0.0,0.0,4.0,11.0,0.0,0.0,0.0,0.0,
GER-Bundesliga,2425,2024-11-24 Borussia Mönchengladbach-St. Pauli,Borussia Mönchengladbach,Moritz Nicolas,True,Goalkeeper,1,start,end,1.0,0.0,0.0,0.0,0.0,0.0,0.0,0.0,3.0,15.0,0.0,0.0,0.0,0.0,
GER-Bundesliga,2425,2024-11-24 Borussia Mönchengladbach-St. Pauli,St. Pauli,Nikola Vasilj,False,Goalkeeper,1,start,end,1.0,0.0,0.0,0.0,0.0,0.0,0.0,2.0,1.0,12.0,0.0,0.0,0.0,0.0,
GER-Bundesliga,2425,2024-11-24 Holstein Kiel-Mainz,Holstein Kiel,Timon Weiner,True,Goalkeeper,1,start,end,1.0,0.0,0.0,0.0,0.0,0.0,0.0,3.0,4.0,15.0,0.0,0.0,0.0,0.0,
GER-Bundesliga,2425,2024-11-24 Holstein Kiel-Mainz,Mainz,Robin Zentner,False,Goalkeeper,1,start,end,1.0,0.0,0.0,0.0,0.0,0.0,0.0,0.0,2.0,7.0,0.0,0.0,0.0,0.0,
GER-Bundesliga,2425,2024-11-29 St. Pauli-Holstein Kiel,Holstein Kiel,Timon Weiner,False,Goalkeeper,1,start,end,1.0,0.0,0.0,0.0,0.0,0.0,0.0,3.0,0.0,9.0,0.0,0.0,0.0,0.0,
GER-Bundesliga,2425,2024-11-29 St. Pauli-Holstein Kiel,St. Pauli,Nikola Vasilj,True,Goalkeeper,1,start,end,1.0,1.0,0.0,0.0,0.0,0.0,0.0,1.0,1.0,7.0,0.0,0.0,0.0,0.0,
GER-Bundesliga,2425,2024-11-30 1. FC Union Berlin-Bayer Leverkusen,1. FC Union Berlin,Frederik Ronnow,True,Goalkeeper,1,start,end,1.0,0.0,0.0,0.0,0.0,0.0,0.0,2.0,1.0,8.0,0.0,0.0,0.0,0.0,
GER-Bundesliga,2425,2024-11-30 1. FC Union Berlin-Bayer Leverkusen,Bayer Leverkusen,Lukas Hradecky,False,Goalkeeper,1,start,end,1.0,0.0,0.0,0.0,0.0,0.0,0.0,1.0,2.0,8.0,0.0,0.0,0.0,0.0,
GER-Bundesliga,2425,2024-11-30 Borussia Dortmund-Bayern Munich,Bayern Munich,Manuel Neuer,False,Goalkeeper,1,start,end,1.0,0.0,0.0,0.0,0.0,0.0,0.0,1.0,1.0,6.0,0.0,0.0,0.0,0.0,
GER-Bundesliga,2425,2024-11-30 Borussia Dortmund-Bayern Munich,Borussia Dortmund,Gregor Kobel,True,Goalkeeper,1,start,end,1.0,0.0,0.0,0.0,0.0,0.0,0.0,1.0,4.0,13.0,0.0,0.0,0.0,0.0,
GER-Bundesliga,2425,2024-11-30 FC Augsburg-VfL Bochum,FC Augsburg,Nediljko Labrovic,True,Goalkeeper,1,start,end,1.0,0.0,0.0,0.0,0.0,0.0,0.0,0.0,1.0,8.0,0.0,0.0,0.0,0.0,
GER-Bundesliga,2425,2024-11-30 FC Augsburg-VfL Bochum,VfL Bochum,Patrick Drewes,False,Goalkeeper,1,start,end,1.0,0.0,0.0,0.0,0.0,0.0,0.0,1.0,3.0,15.0,0.0,0.0,0.0,0.0,
GER-Bundesliga,2425,2024-11-30 RB Leipzig-VfL Wolfsburg,RB Leipzig,Péter Gulácsi,True,Goalkeeper,1,start,end,1.0,0.0,0.0,0.0,0.0,0.0,0.0,5.0,3.0,9.0,0.0,0.0,0.0,0.0,
GER-Bundesliga,2425,2024-11-30 RB Leipzig-VfL Wolfsburg,VfL Wolfsburg,Kamil Grabara,False,Goalkeeper,1,start,end,1.0,0.0,0.0,0.0,0.0,0.0,0.0,1.0,3.0,9.0,0.0,0.0,0.0,0.0,
GER-Bundesliga,2425,2024-11-30 SC Freiburg-Borussia Mönchengladbach,Borussia Mönchengladbach,Moritz Nicolas,False,Goalkeeper,1,start,end,1.0,0.0,0.0,0.0,0.0,0.0,0.0,3.0,4.0,15.0,0.0,0.0,0.0,0.0,
GER-Bundesliga,2425,2024-11-30 SC Freiburg-Borussia Mönchengladbach,SC Freiburg,Noah Atubolu,True,Goalkeeper,1,start,end,1.0,0.0,0.0,0.0,0.0,0.0,0.0,1.0,2.0,14.0,0.0,0.0,0.0,0.0,
GER-Bundesliga,2425,2024-11-30 Werder Bremen-VfB Stuttgart,VfB Stuttgart,Alexander Nübel,False,Goalkeeper,1,start,end,1.0,0.0,0.0,0.0,0.0,0.0,0.0,2.0,4.0,19.0,0.0,0.0,0.0,0.0,
GER-Bundesliga,2425,2024-11-30 Werder Bremen-VfB Stuttgart,Werder Bremen,Michael Zetterer,True,Goalkeeper,1,start,end,1.0,0.0,0.0,0.0,0.0,0.0,0.0,2.0,2.0,8.0,0.0,0.0,0.0,0.0,
GER-Bundesliga,2425,2024-12-01 1. FC Heidenheim 1846-Eintracht Frankfurt,1. FC Heidenheim 1846,Kevin Müller,True,Goalkeeper,1,start,end,1.0,0.0,0.0,0.0,0.0,0.0,0.0,4.0,4.0,10.0,0.0,0.0,0.0,0.0,
GER-Bundesliga,2425,2024-12-01 1. FC Heidenheim 1846-Eintracht Frankfurt,Eintracht Frankfurt,Kevin Trapp,False,Goalkeeper,1,start,end,1.0,0.0,0.0,0.0,0.0,0.0,0.0,0.0,1.0,7.0,0.0,0.0,0.0,0.0,
GER-Bundesliga,2425,2024-12-01 Mainz-TSG Hoffenheim,Mainz,Robin Zentner,True,Goalkeeper,1,start,end,1.0,0.0,0.0,0.0,0.0,0.0,0.0,0.0,2.0,9.0,0.0,0.0,0.0,0.0,
GER-Bundesliga,2425,2024-12-01 Mainz-TSG Hoffenheim,TSG Hoffenheim,Oliver Baumann,False,Goalkeeper,1,start,end,1.0,0.0,0.0,0.0,0.0,0.0,0.0,2.0,6.0,16.0,0.0,0.0,0.0,0.0,
GER-Bundesliga,2425,2024-12-06 VfB Stuttgart-1. FC Union Berlin,1. FC Union Berlin,Frederik Ronnow,False,Goalkeeper,1,start,end,1.0,0.0,0.0,0.0,0.0,0.0,1.0,3.0,2.0,4.0,0.0,0.0,0.0,0.0,
GER-Bundesliga,2425,2024-12-06 VfB Stuttgart-1. FC Union Berlin,VfB Stuttgart,Alexander Nübel,True,Goalkeeper,1,start,end,1.0,0.0,0.0,0.0,0.0,0.0,0.0,2.0,1.0,10.0,0.0,0.0,0.0,0.0,
GER-Bundesliga,2425,2024-12-07 Bayer Leverkusen-St. Pauli,Bayer Leverkusen,Lukas Hradecky,True,Goalkeeper,1,start,end,1.0,0.0,0.0,0.0,0.0,0.0,0.0,1.0,3.0,12.0,0.0,0.0,0.0,0.0,
GER-Bundesliga,2425,2024-12-07 Bayer Leverkusen-St. Pauli,St. Pauli,Nikola Vasilj,False,Goalkeeper,1,start,end,1.0,0.0,0.0,0.0,0.0,0.0,0.0,2.0,0.0,4.0,0.0,0.0,0.0,0.0,
GER-Bundesliga,2425,2024-12-07 Bayern Munich-1. FC Heidenheim 1846,1. FC Heidenheim 1846,Kevin Müller,False,Goalkeeper,1,start,end,1.0,0.0,0.0,0.0,0.0,0.0,0.0,4.0,6.0,17.0,0.0,0.0,0.0,0.0,
GER-Bundesliga,2425,2024-12-07 Bayern Munich-1. FC Heidenheim 1846,Bayern Munich,Daniel Peretz,True,Goalkeeper,1,start,end,1.0,0.0,1.0,0.0,0.0,0.0,1.0,2.0,0.0,0.0,0.0,0.0,0.0,0.0,
GER-Bundesliga,2425,2024-12-07 Borussia Mönchengladbach-Borussia Dortmund,Borussia Dortmund,Gregor Kobel,False,Goalkeeper,1,start,end,1.0,0.0,0.0,0.0,0.0,0.0,0.0,1.0,2.0,7.0,0.0,0.0,0.0,0.0,
GER-Bundesliga,2425,2024-12-07 Borussia Mönchengladbach-Borussia Dortmund,Borussia Mönchengladbach,Moritz Nicolas,True,Goalkeeper,1,start,end,1.0,0.0,0.0,0.0,0.0,0.0,0.0,1.0,2.0,15.0,0.0,0.0,0.0,0.0,
GER-Bundesliga,2425,2024-12-07 Eintracht Frankfurt-FC Augsburg,Eintracht Frankfurt,Kevin Trapp,True,Goalkeeper,1,start,end,1.0,0.0,0.0,0.0,0.0,0.0,0.0,2.0,1.0,6.0,0.0,0.0,0.0,0.0,
GER-Bundesliga,2425,2024-12-07 Eintracht Frankfurt-FC Augsburg,FC Augsburg,Nediljko Labrovic,False,Goalkeeper,1,start,end,1.0,0.0,0.0,0.0,0.0,0.0,0.0,2.0,2.0,14.0,0.0,0.0,0.0,0.0,
GER-Bundesliga,2425,2024-12-07 Holstein Kiel-RB Leipzig,Holstein Kiel,Timon Weiner,True,Goalkeeper,1,start,end,1.0,0.0,0.0,0.0,0.0,0.0,1.0,2.0,3.0,7.0,0.0,0.0,0.0,0.0,
GER-Bundesliga,2425,2024-12-07 Holstein Kiel-RB Leipzig,RB Leipzig,Péter Gulácsi,False,Goalkeeper,1,start,end,1.0,0.0,0.0,0.0,0.0,0.0,0.0,0.0,5.0,17.0,0.0,0.0,0.0,0.0,
GER-Bundesliga,2425,2024-12-07 VfL Bochum-Werder Bremen,VfL Bochum,Patrick Drewes,True,Goalkeeper,1,start,end,1.0,0.0,0.0,0.0,0.0,0.0,0.0,1.0,0.0,8.0,0.0,0.0,0.0,0.0,
GER-Bundesliga,2425,2024-12-07 VfL Bochum-Werder Bremen,Werder Bremen,Michael Zetterer,False,Goalkeeper,1,start,end,1.0,0.0,0.0,0.0,0.0,0.0,0.0,0.0,2.0,12.0,0.0,0.0,0.0,0.0,
GER-Bundesliga,2425,2024-12-08 TSG Hoffenheim-SC Freiburg,SC Freiburg,Noah Atubolu,False,Goalkeeper,1,start,end,1.0,0.0,0.0,0.0,0.0,0.0,0.0,1.0,4.0,14.0,0.0,0.0,0.0,0.0,
GER-Bundesliga,2425,2024-12-08 TSG Hoffenheim-SC Freiburg,TSG Hoffenheim,Oliver Baumann,True,Goalkeeper,1,start,end,1.0,0.0,0.0,0.0,0.0,0.0,0.0,1.0,3.0,10.0,0.0,0.0,0.0,0.0,
GER-Bundesliga,2425,2024-12-08 VfL Wolfsburg-Mainz,Mainz,Robin Zentner,False,Goalkeeper,1,start,end,1.0,0.0,0.0,0.0,0.0,0.0,0.0,4.0,1.0,6.0,0.0,0.0,0.0,0.0,
GER-Bundesliga,2425,2024-12-08 VfL Wolfsburg-Mainz,VfL Wolfsburg,Kamil Grabara,True,Goalkeeper,1,start,end,1.0,0.0,0.0,0.0,0.0,0.0,0.0,3.0,2.0,9.0,0.0,0.0,0.0,0.0,
GER-Bundesliga,2425,2024-12-13 SC Freiburg-VfL Wolfsburg,SC Freiburg,Noah Atubolu,True,Goalkeeper,1,start,end,1.0,0.0,0.0,0.0,0.0,0.0,0.0,2.0,3.0,18.0,0.0,0.0,0.0,0.0,
GER-Bundesliga,2425,2024-12-13 SC Freiburg-VfL Wolfsburg,VfL Wolfsburg,Kamil Grabara,False,Goalkeeper,1,start,end,1.0,0.0,0.0,0.0,0.0,0.0,0.0,3.0,6.0,14.0,0.0,0.0,0.0,0.0,
GER-Bundesliga,2425,2024-12-14 1. FC Union Berlin-VfL Bochum,1. FC Union Berlin,Frederik Ronnow,True,Goalkeeper,1,start,end,1.0,0.0,0.0,0.0,0.0,0.0,0.0,1.0,2.0,12.0,0.0,0.0,0.0,0.0,
GER-Bundesliga,2425,2024-12-14 1. FC Union Berlin-VfL Bochum,VfL Bochum,Patrick Drewes,False,Goalkeeper,1,start,end,1.0,0.0,0.0,0.0,0.0,0.0,1.0,1.0,4.0,21.0,0.0,0.0,0.0,0.0,
GER-Bundesliga,2425,2024-12-14 Borussia Mönchengladbach-Holstein Kiel,Borussia Mönchengladbach,Moritz Nicolas,True,Goalkeeper,1,start,end,1.0,0.0,0.0,0.0,0.0,0.0,0.0,1.0,2.0,9.0,0.0,0.0,0.0,0.0,
GER-Bundesliga,2425,2024-12-14 Borussia Mönchengladbach-Holstein Kiel,Holstein Kiel,Timon Weiner,False,Goalkeeper,1,start,end,1.0,0.0,0.0,0.0,0.0,0.0,0.0,4.0,2.0,13.0,0.0,0.0,0.0,0.0,
GER-Bundesliga,2425,2024-12-14 FC Augsburg-Bayer Leverkusen,Bayer Leverkusen,Lukas Hradecky,False,Goalkeeper,1,start,end,1.0,0.0,0.0,0.0,0.0,0.0,0.0,0.0,4.0,7.0,0.0,0.0,0.0,0.0,
GER-Bundesliga,2425,2024-12-14 FC Augsburg-Bayer Leverkusen,FC Augsburg,Nediljko Labrovic,True,Goalkeeper,1,start,end,1.0,0.0,0.0,0.0,0.0,0.0,0.0,2.0,1.0,13.0,0.0,0.0,0.0,0.0,
GER-Bundesliga,2425,2024-12-14 Mainz-Bayern Munich,Bayern Munich,Daniel Peretz,False,Goalkeeper,1,start,end,1.0,0.0,1.0,0.0,0.0,0.0,0.0,2.0,2.0,6.0,0.0,0.0,0.0,0.0,
GER-Bundesliga,2425,2024-12-14 Mainz-Bayern Munich,Mainz,Robin Zentner,True,Goalkeeper,1,start,end,1.0,0.0,0.0,0.0,0.0,0.0,0.0,1.0,0.0,12.0,0.0,0.0,0.0,0.0,
GER-Bundesliga,2425,2024-12-14 St. Pauli-Werder Bremen,St. Pauli,Nikola Vasilj,True,Goalkeeper,1,start,end,1.0,0.0,0.0,0.0,0.0,0.0,0.0,2.0,2.0,6.0,0.0,0.0,0.0,0.0,
GER-Bundesliga,2425,2024-12-14 St. Pauli-Werder Bremen,Werder Bremen,Michael Zetterer,False,Goalkeeper,1,start,end,1.0,0.0,0.0,0.0,0.0,0.0,0.0,0.0,4.0,15.0,0.0,0.0,0.0,0.0,
GER-Bundesliga,2425,2024-12-15 1. FC Heidenheim 1846-VfB Stuttgart,1. FC Heidenheim 1846,Kevin Müller,True,Goalkeeper,1,start,end,1.0,0.0,0.0,0.0,0.0,0.0,0.0,3.0,4.0,16.0,0.0,0.0,0.0,0.0,
GER-Bundesliga,2425,2024-12-15 1. FC Heidenheim 1846-VfB Stuttgart,VfB Stuttgart,Alexander Nübel,False,Goalkeeper,1,start,end,1.0,0.0,2.0,0.0,0.0,0.0,0.0,1.0,1.0,9.0,0.0,0.0,0.0,0.0,
GER-Bundesliga,2425,2024-12-15 Borussia Dortmund-TSG Hoffenheim,Borussia Dortmund,Gregor Kobel,True,Goalkeeper,1,start,end,1.0,0.0,0.0,0.0,0.0,0.0,0.0,1.0,0.0,11.0,0.0,0.0,0.0,0.0,
GER-Bundesliga,2425,2024-12-15 Borussia Dortmund-TSG Hoffenheim,TSG Hoffenheim,Oliver Baumann,False,Goalkeeper,1,start,end,1.0,0.0,0.0,0.0,0.0,0.0,0.0,1.0,2.0,5.0,0.0,0.0,0.0,0.0,
GER-Bundesliga,2425,2024-12-15 RB Leipzig-Eintracht Frankfurt,Eintracht Frankfurt,Kevin Trapp,False,Goalkeeper,1,start,end,1.0,0.0,0.0,0.0,0.0,0.0,0.0,2.0,7.0,16.0,0.0,0.0,0.0,0.0,
GER-Bundesliga,2425,2024-12-15 RB Leipzig-Eintracht Frankfurt,RB Leipzig,Maarten Vandevoordt,True,Goalkeeper,1,start,end,1.0,0.0,0.0,0.0,0.0,0.0,0.0,1.0,2.0,15.0,0.0,0.0,0.0,0.0,
GER-Bundesliga,2425,2024-12-20 Bayern Munich-RB Leipzig,Bayern Munich,Daniel Peretz,True,Goalkeeper,1,start,end,1.0,0.0,0.0,0.0,0.0,0.0,0.0,1.0,0.0,3.0,0.0,0.0,0.0,0.0,
GER-Bundesliga,2425,2024-12-20 Bayern Munich-RB Leipzig,RB Leipzig,Péter Gulácsi,False,Goalkeeper,1,start,end,1.0,0.0,0.0,0.0,0.0,0.0,0.0,5.0,4.0,18.0,0.0,0.0,0.0,0.0,
GER-Bundesliga,2425,2024-12-21 Bayer Leverkusen-SC Freiburg,Bayer Leverkusen,Lukas Hradecky,True,Goalkeeper,1,start,end,1.0,0.0,0.0,0.0,0.0,0.0,0.0,1.0,1.0,7.0,0.0,0.0,0.0,0.0,
GER-Bundesliga,2425,2024-12-21 Bayer Leverkusen-SC Freiburg,SC Freiburg,Noah Atubolu,False,Goalkeeper,1,start,end,1.0,0.0,0.0,0.0,0.0,0.0,0.0,5.0,6.0,13.0,0.0,0.0,0.0,0.0,
GER-Bundesliga,2425,2024-12-21 Eintracht Frankfurt-Mainz,Eintracht Frankfurt,Kauã Santos,True,Goalkeeper,1,start,end,1.0,0.0,0.0,1.0,0.0,0.0,0.0,3.0,2.0,7.0,0.0,0.0,0.0,0.0,
GER-Bundesliga,2425,2024-12-21 Eintracht Frankfurt-Mainz,Mainz,Robin Zentner,False,Goalkeeper,1,start,end,1.0,0.0,0.0,0.0,0.0,0.0,0.0,1.0,7.0,34.0,0.0,0.0,0.0,0.0,
GER-Bundesliga,2425,2024-12-21 Holstein Kiel-FC Augsburg,FC Augsburg,Nediljko Labrovic,False,Goalkeeper,1,start,end,1.0,0.0,0.0,0.0,0.0,0.0,0.0,5.0,1.0,4.0,0.0,0.0,0.0,0.0,
GER-Bundesliga,2425,2024-12-21 Holstein Kiel-FC Augsburg,Holstein Kiel,Timon Weiner,True,Goalkeeper,1,start,end,1.0,0.0,0.0,0.0,0.0,0.0,0.0,1.0,3.0,16.0,0.0,0.0,0.0,0.0,
GER-Bundesliga,2425,2024-12-21 TSG Hoffenheim-Borussia Mönchengladbach,Borussia Mönchengladbach,Moritz Nicolas,False,Goalkeeper,1,start,end,1.0,0.0,0.0,0.0,0.0,0.0,0.0,1.0,7.0,15.0,0.0,0.0,0.0,0.0,
GER-Bundesliga,2425,2024-12-21 TSG Hoffenheim-Borussia Mönchengladbach,TSG Hoffenheim,Oliver Baumann,True,Goalkeeper,1,start,end,1.0,0.0,0.0,0.0,0.0,0.0,0.0,2.0,1.0,3.0,0.0,0.0,0.0,0.0,
GER-Bundesliga,2425,2024-12-21 VfB Stuttgart-St. Pauli,St. Pauli,Nikola Vasilj,False,Goalkeeper,1,start,end,1.0,0.0,0.0,0.0,0.0,0.0,0.0,0.0,5.0,21.0,0.0,0.0,0.0,0.0,
GER-Bundesliga,2425,2024-12-21 VfB Stuttgart-St. Pauli,VfB Stuttgart,Alexander Nübel,True,Goalkeeper,1,start,end,1.0,0.0,0.0,0.0,0.0,0.0,0.0,1.0,3.0,9.0,0.0,0.0,0.0,0.0,
GER-Bundesliga,2425,2024-12-21 Werder Bremen-1. FC Union Berlin,1. FC Union Berlin,Alexander Schwolow,False,Goalkeeper,1,start,end,1.0,0.0,0.0,0.0,0.0,0.0,0.0,4.0,1.0,6.0,0.0,0.0,0.0,0.0,
GER-Bundesliga,2425,2024-12-21 Werder Bremen-1. FC Union Berlin,Werder Bremen,Michael Zetterer,True,Goalkeeper,1,start,end,1.0,0.0,0.0,0.0,0.0,0.0,0.0,1.0,3.0,15.0,0.0,0.0,0.0,0.0,
GER-Bundesliga,2425,2024-12-22 VfL Bochum-1. FC Heidenheim 1846,1. FC Heidenheim 1846,Kevin Müller,False,Goalkeeper,1,start,end,1.0,0.0,0.0,0.0,0.0,0.0,0.0,2.0,2.0,12.0,0.0,0.0,0.0,0.0,
GER-Bundesliga,2425,2024-12-22 VfL Bochum-1. FC Heidenheim 1846,VfL Bochum,Patrick Drewes,True,Goalkeeper,1,start,end,1.0,0.0,0.0,0.0,0.0,0.0,0.0,0.0,2.0,9.0,0.0,0.0,0.0,0.0,
GER-Bundesliga,2425,2024-12-22 VfL Wolfsburg-Borussia Dortmund,Borussia Dortmund,Gregor Kobel,False,Goalkeeper,1,start,end,1.0,0.0,0.0,0.0,0.0,0.0,0.0,1.0,4.0,11.0,0.0,0.0,0.0,0.0,
GER-Bundesliga,2425,2024-12-22 VfL Wolfsburg-Borussia Dortmund,VfL Wolfsburg,Kamil Grabara,True,Goalkeeper,1,start,end,1.0,0.0,0.0,0.0,0.0,0.0,0.0,3.0,1.0,9.0,0.0,0.0,0.0,0.0,
GER-Bundesliga,2425,2025-01-10 Borussia Dortmund-Bayer Leverkusen,Bayer Leverkusen,Lukas Hradecky,False,Goalkeeper,1,start,end,1.0,0.0,0.0,0.0,0.0,0.0,0.0,2.0,3.0,10.0,0.0,0.0,0.0,0.0,
GER-Bundesliga,2425,2025-01-10 Borussia Dortmund-Bayer Leverkusen,Borussia Dortmund,Gregor Kobel,True,Goalkeeper,1,start,end,1.0,0.0,0.0,0.0,0.0,0.0,0.0,3.0,3.0,4.0,0.0,0.0,0.0,0.0,
GER-Bundesliga,2425,2025-01-11 1. FC Heidenheim 1846-1. FC Union Berlin,1. FC Heidenheim 1846,Kevin Müller,True,Goalkeeper,1,start,end,1.0,0.0,0.0,0.0,0.0,0.0,0.0,0.0,6.0,10.0,0.0,0.0,0.0,0.0,
GER-Bundesliga,2425,2025-01-11 1. FC Heidenheim 1846-1. FC Union Berlin,1. FC Union Berlin,Alexander Schwolow,False,Goalkeeper,1,start,end,1.0,0.0,0.0,0.0,0.0,0.0,0.0,2.0,6.0,13.0,0.0,0.0,0.0,0.0,
GER-Bundesliga,2425,2025-01-11 Borussia Mönchengladbach-Bayern Munich,Bayern Munich,Manuel Neuer,False,Goalkeeper,1,start,end,1.0,0.0,0.0,0.0,0.0,0.0,0.0,0.0,0.0,5.0,0.0,0.0,0.0,0.0,
GER-Bundesliga,2425,2025-01-11 Borussia Mönchengladbach-Bayern Munich,Borussia Mönchengladbach,Moritz Nicolas,True,Goalkeeper,1,start,end,1.0,0.0,0.0,0.0,0.0,0.0,0.0,1.0,9.0,21.0,0.0,0.0,0.0,0.0,
GER-Bundesliga,2425,2025-01-11 Mainz-VfL Bochum,Mainz,Robin Zentner,True,Goalkeeper,1,start,end,1.0,0.0,0.0,0.0,0.0,0.0,0.0,0.0,2.0,11.0,0.0,0.0,0.0,0.0,
GER-Bundesliga,2425,2025-01-11 Mainz-VfL Bochum,VfL Bochum,Patrick Drewes,False,Goalkeeper,1,start,end,1.0,0.0,0.0,0.0,0.0,0.0,0.0,2.0,3.0,8.0,0.0,0.0,0.0,0.0,
GER-Bundesliga,2425,2025-01-11 SC Freiburg-Holstein Kiel,Holstein Kiel,Timon Weiner,False,Goalkeeper,1,start,end,1.0,0.0,0.0,0.0,0.0,0.0,0.0,3.0,3.0,12.0,0.0,0.0,0.0,0.0,
GER-Bundesliga,2425,2025-01-11 SC Freiburg-Holstein Kiel,SC Freiburg,Noah Atubolu,True,Goalkeeper,1,start,end,1.0,0.0,0.0,0.0,0.0,0.0,0.0,2.0,5.0,12.0,0.0,0.0,0.0,0.0,
GER-Bundesliga,2425,2025-01-11 St. Pauli-Eintracht Frankfurt,Eintracht Frankfurt,Kevin Trapp,False,Goalkeeper,1,start,end,1.0,0.0,0.0,0.0,0.0,0.0,0.0,0.0,4.0,17.0,0.0,0.0,0.0,0.0,
GER-Bundesliga,2425,2025-01-11 St. Pauli-Eintracht Frankfurt,St. Pauli,Nikola Vasilj,True,Goalkeeper,1,start,end,1.0,0.0,0.0,0.0,0.0,0.0,0.0,1.0,5.0,13.0,0.0,0.0,0.0,0.0,
GER-Bundesliga,2425,2025-01-11 TSG Hoffenheim-VfL Wolfsburg,TSG Hoffenheim,Oliver Baumann,True,Goalkeeper,1,start,end,1.0,0.0,1.0,0.0,0.0,0.0,0.0,1.0,2.0,12.0,0.0,0.0,0.0,0.0,
GER-Bundesliga,2425,2025-01-11 TSG Hoffenheim-VfL Wolfsburg,VfL Wolfsburg,Kamil Grabara,False,Goalkeeper,1,start,end,1.0,0.0,0.0,0.0,0.0,0.0,0.0,0.0,2.0,15.0,0.0,0.0,0.0,0.0,
GER-Bundesliga,2425,2025-01-12 FC Augsburg-VfB Stuttgart,FC Augsburg,Finn Dahmen,True,Goalkeeper,1,start,end,1.0,0.0,0.0,0.0,0.0,0.0,0.0,1.0,4.0,12.0,0.0,0.0,0.0,0.0,
GER-Bundesliga,2425,2025-01-12 FC Augsburg-VfB Stuttgart,VfB Stuttgart,Alexander Nübel,False,Goalkeeper,1,start,end,1.0,0.0,0.0,0.0,0.0,0.0,0.0,0.0,2.0,8.0,0.0,0.0,0.0,0.0,
GER-Bundesliga,2425,2025-01-12 RB Leipzig-Werder Bremen,RB Leipzig,Péter Gulácsi,True,Goalkeeper,1,start,end,1.0,0.0,0.0,0.0,0.0,0.0,0.0,2.0,0.0,5.0,0.0,0.0,0.0,0.0,
GER-Bundesliga,2425,2025-01-12 RB Leipzig-Werder Bremen,Werder Bremen,Michael Zetterer,False,Goalkeeper,1,start,end,1.0,0.0,0.0,0.0,0.0,0.0,0.0,4.0,3.0,14.0,0.0,0.0,0.0,0.0,
GER-Bundesliga,2425,2025-01-14 Bayer Leverkusen-Mainz,Bayer Leverkusen,Matej Kovár,True,Goalkeeper,1,start,end,1.0,0.0,1.0,0.0,0.0,0.0,0.0,0.0,4.0,6.0,0.0,0.0,0.0,0.0,
GER-Bundesliga,2425,2025-01-14 Bayer Leverkusen-Mainz,Mainz,Robin Zentner,False,Goalkeeper,1,start,end,1.0,0.0,0.0,0.0,0.0,0.0,0.0,1.0,7.0,19.0,0.0,0.0,0.0,0.0,
GER-Bundesliga,2425,2025-01-14 Eintracht Frankfurt-SC Freiburg,Eintracht Frankfurt,Kevin Trapp,True,Goalkeeper,1,start,end,1.0,0.0,0.0,0.0,0.0,0.0,0.0,1.0,4.0,6.0,0.0,0.0,0.0,0.0,
GER-Bundesliga,2425,2025-01-14 Eintracht Frankfurt-SC Freiburg,SC Freiburg,Noah Atubolu,False,Goalkeeper,1,start,end,1.0,0.0,0.0,0.0,0.0,0.0,0.0,4.0,5.0,17.0,0.0,0.0,0.0,0.0,
GER-Bundesliga,2425,2025-01-14 Holstein Kiel-Borussia Dortmund,Borussia Dortmund,Gregor Kobel,False,Goalkeeper,1,start,end,1.0,0.0,0.0,0.0,0.0,0.0,0.0,4.0,3.0,7.0,0.0,0.0,0.0,0.0,
GER-Bundesliga,2425,2025-01-14 Holstein Kiel-Borussia Dortmund,Holstein Kiel,Timon Weiner,True,Goalkeeper,1,start,end,1.0,0.0,0.0,0.0,0.0,0.0,0.0,2.0,2.0,14.0,0.0,0.0,0.0,0.0,
GER-Bundesliga,2425,2025-01-14 VfL Wolfsburg-Borussia Mönchengladbach,Borussia Mönchengladbach,Moritz Nicolas,False,Goalkeeper,1,start,end,1.0,0.0,0.0,0.0,0.0,0.0,0.0,5.0,0.0,11.0,0.0,0.0,0.0,0.0,
GER-Bundesliga,2425,2025-01-14 VfL Wolfsburg-Borussia Mönchengladbach,VfL Wolfsburg,Kamil Grabara,True,Goalkeeper,1,start,end,1.0,0.0,0.0,0.0,0.0,0.0,0.0,1.0,4.0,8.0,0.0,0.0,0.0,0.0,
GER-Bundesliga,2425,2025-01-15 1. FC Union Berlin-FC Augsburg,1. FC Union Berlin,Alexander Schwolow,True,Goalkeeper,1,start,end,1.0,0.0,0.0,0.0,0.0,0.0,0.0,2.0,3.0,8.0,0.0,0.0,0.0,0.0,
GER-Bundesliga,2425,2025-01-15 1. FC Union Berlin-FC Augsburg,FC Augsburg,Finn Dahmen,False,Goalkeeper,1,start,end,1.0,0.0,0.0,0.0,0.0,0.0,0.0,0.0,2.0,13.0,0.0,0.0,0.0,0.0,
GER-Bundesliga,2425,2025-01-15 Bayern Munich-TSG Hoffenheim,Bayern Munich,Manuel Neuer,True,Goalkeeper,1,start,end,1.0,0.0,0.0,0.0,0.0,0.0,0.0,0.0,2.0,5.0,0.0,0.0,0.0,0.0,
GER-Bundesliga,2425,2025-01-15 Bayern Munich-TSG Hoffenheim,TSG Hoffenheim,Oliver Baumann,False,Goalkeeper,1,start,end,1.0,0.0,0.0,0.0,0.0,0.0,0.0,5.0,5.0,19.0,0.0,0.0,0.0,0.0,
GER-Bundesliga,2425,2025-01-15 VfB Stuttgart-RB Leipzig,RB Leipzig,Péter Gulácsi,False,Goalkeeper,1,start,end,1.0,0.0,0.0,0.0,0.0,0.0,0.0,2.0,4.0,12.0,0.0,0.0,0.0,0.0,
GER-Bundesliga,2425,2025-01-15 VfB Stuttgart-RB Leipzig,VfB Stuttgart,Alexander Nübel,True,Goalkeeper,1,start,end,1.0,0.0,0.0,0.0,0.0,0.0,0.0,1.0,2.0,5.0,0.0,0.0,0.0,0.0,
GER-Bundesliga,2425,2025-01-15 VfL Bochum-St. Pauli,St. Pauli,Nikola Vasilj,False,Goalkeeper,1,start,end,1.0,0.0,0.0,0.0,0.0,0.0,0.0,1.0,4.0,14.0,0.0,0.0,0.0,0.0,
GER-Bundesliga,2425,2025-01-15 VfL Bochum-St. Pauli,VfL Bochum,Patrick Drewes,True,Goalkeeper,1,start,end,1.0,0.0,0.0,0.0,0.0,0.0,0.0,0.0,1.0,13.0,0.0,0.0,0.0,0.0,
GER-Bundesliga,2425,2025-01-15 Werder Bremen-1. FC Heidenheim 1846,1. FC Heidenheim 1846,Kevin Müller,False,Goalkeeper,1,start,end,1.0,0.0,0.0,0.0,0.0,0.0,0.0,3.0,2.0,9.0,0.0,0.0,0.0,0.0,
GER-Bundesliga,2425,2025-01-15 Werder Bremen-1. FC Heidenheim 1846,Werder Bremen,Michael Zetterer,True,Goalkeeper,1,start,end,1.0,0.0,1.0,0.0,0.0,0.0,0.0,3.0,2.0,11.0,0.0,0.0,0.0,0.0,
GER-Bundesliga,2425,2025-01-17 Eintracht Frankfurt-Borussia Dortmund,Borussia Dortmund,Gregor Kobel,False,Goalkeeper,1,start,end,1.0,0.0,0.0,0.0,0.0,0.0,0.0,2.0,3.0,11.0,0.0,0.0,0.0,0.0,
GER-Bundesliga,2425,2025-01-17 Eintracht Frankfurt-Borussia Dortmund,Eintracht Frankfurt,Kevin Trapp,True,Goalkeeper,1,start,end,1.0,0.0,0.0,0.0,0.0,0.0,0.0,0.0,3.0,12.0,0.0,0.0,0.0,0.0,
GER-Bundesliga,2425,2025-01-18 1. FC Heidenheim 1846-St. Pauli,1. FC Heidenheim 1846,Kevin Müller,True,Goalkeeper,1,start,end,1.0,0.0,0.0,0.0,0.0,0.0,0.0,2.0,2.0,5.0,0.0,0.0,0.0,0.0,
GER-Bundesliga,2425,2025-01-18 1. FC Heidenheim 1846-St. Pauli,St. Pauli,Nikola Vasilj,False,Goalkeeper,1,start,end,1.0,0.0,0.0,0.0,0.0,0.0,0.0,0.0,1.0,8.0,0.0,0.0,0.0,0.0,
GER-Bundesliga,2425,2025-01-18 Bayer Leverkusen-Borussia Mönchengladbach,Bayer Leverkusen,Lukas Hradecky,True,Goalkeeper,1,start,end,1.0,0.0,0.0,0.0,0.0,0.0,0.0,1.0,3.0,5.0,0.0,0.0,0.0,0.0,
GER-Bundesliga,2425,2025-01-18 Bayer Leverkusen-Borussia Mönchengladbach,Borussia Mönchengladbach,Moritz Nicolas,False,Goalkeeper,1,start,end,1.0,0.0,0.0,0.0,0.0,0.0,0.0,3.0,2.0,7.0,0.0,0.0,0.0,0.0,
GER-Bundesliga,2425,2025-01-18 Bayern Munich-VfL Wolfsburg,Bayern Munich,Manuel Neuer,True,Goalkeeper,1,start,end,1.0,0.0,0.0,0.0,0.0,0.0,0.0,2.0,1.0,5.0,0.0,0.0,0.0,0.0,
GER-Bundesliga,2425,2025-01-18 Bayern Munich-VfL Wolfsburg,VfL Wolfsburg,Kamil Grabara,False,Goalkeeper,1,start,end,1.0,0.0,0.0,0.0,0.0,0.0,0.0,3.0,7.0,21.0,0.0,0.0,0.0,0.0,
GER-Bundesliga,2425,2025-01-18 Holstein Kiel-TSG Hoffenheim,Holstein Kiel,Timon Weiner,True,Goalkeeper,1,start,end,1.0,0.0,0.0,0.0,0.0,0.0,1.0,3.0,4.0,6.0,0.0,0.0,0.0,0.0,
GER-Bundesliga,2425,2025-01-18 Holstein Kiel-TSG Hoffenheim,TSG Hoffenheim,Oliver Baumann,False,Goalkeeper,1,start,end,1.0,0.0,1.0,0.0,0.0,0.0,0.0,1.0,4.0,11.0,0.0,0.0,0.0,0.0,
GER-Bundesliga,2425,2025-01-18 VfB Stuttgart-SC Freiburg,SC Freiburg,Florian Müller,False,Goalkeeper,1,start,end,1.0,0.0,0.0,0.0,0.0,0.0,0.0,4.0,3.0,7.0,0.0,0.0,0.0,0.0,
GER-Bundesliga,2425,2025-01-18 VfB Stuttgart-SC Freiburg,VfB Stuttgart,Alexander Nübel,True,Goalkeeper,1,start,end,1.0,0.0,0.0,0.0,0.0,0.0,0.0,0.0,0.0,4.0,0.0,0.0,0.0,0.0,
GER-Bundesliga,2425,2025-01-18 VfL Bochum-RB Leipzig,RB Leipzig,Péter Gulácsi,False,Goalkeeper,1,start,end,1.0,0.0,0.0,0.0,0.0,0.0,0.0,3.0,1.0,11.0,0.0,0.0,0.0,0.0,
GER-Bundesliga,2425,2025-01-18 VfL Bochum-RB Leipzig,VfL Bochum,Patrick Drewes,True,Goalkeeper,1,start,end,1.0,0.0,1.0,0.0,0.0,0.0,0.0,3.0,0.0,8.0,0.0,0.0,0.0,0.0,
GER-Bundesliga,2425,2025-01-19 1. FC Union Berlin-Mainz,1. FC Union Berlin,Alexander Schwolow,True,Goalkeeper,1,start,end,1.0,0.0,0.0,0.0,0.0,0.0,0.0,1.0,0.0,8.0,0.0,0.0,0.0,0.0,
GER-Bundesliga,2425,2025-01-19 1. FC Union Berlin-Mainz,Mainz,Robin Zentner,False,Goalkeeper,1,start,end,1.0,0.0,0.0,0.0,0.0,0.0,0.0,2.0,2.0,9.0,0.0,0.0,0.0,1.0,
GER-Bundesliga,2425,2025-01-19 Werder Bremen-FC Augsburg,FC Augsburg,Finn Dahmen,False,Goalkeeper,1,start,end,1.0,0.0,0.0,0.0,0.0,0.0,0.0,0.0,2.0,17.0,0.0,0.0,0.0,0.0,
GER-Bundesliga,2425,2025-01-19 Werder Bremen-FC Augsburg,Werder Bremen,Michael Zetterer,True,Goalkeeper,1,start,end,1.0,0.0,0.0,0.0,0.0,0.0,0.0,2.0,2.0,7.0,0.0,0.0,0.0,0.0,
GER-Bundesliga,2425,2025-01-24 VfL Wolfsburg-Holstein Kiel,Holstein Kiel,Timon Weiner,False,Goalkeeper,1,start,end,1.0,0.0,0.0,0.0,0.0,0.0,0.0,2.0,3.0,21.0,0.0,0.0,0.0,0.0,
GER-Bundesliga,2425,2025-01-24 VfL Wolfsburg-Holstein Kiel,VfL Wolfsburg,Kamil Grabara,True,Goalkeeper,1,start,end,1.0,0.0,0.0,0.0,0.0,0.0,0.0,2.0,0.0,3.0,0.0,0.0,0.0,0.0,
GER-Bundesliga,2425,2025-01-25 Borussia Dortmund-Werder Bremen,Borussia Dortmund,Gregor Kobel,True,Goalkeeper,1,start,end,1.0,0.0,0.0,0.0,0.0,0.0,0.0,2.0,2.0,11.0,0.0,0.0,0.0,0.0,
GER-Bundesliga,2425,2025-01-25 Borussia Dortmund-Werder Bremen,Werder Bremen,Michael Zetterer,False,Goalkeeper,1,start,end,1.0,0.0,0.0,0.0,0.0,0.0,0.0,2.0,3.0,6.0,0.0,0.0,0.0,0.0,
GER-Bundesliga,2425,2025-01-25 Borussia Mönchengladbach-VfL Bochum,Borussia Mönchengladbach,Moritz Nicolas,True,Goalkeeper,1,start,end,1.0,0.0,0.0,0.0,0.0,0.0,0.0,0.0,4.0,11.0,0.0,0.0,0.0,0.0,
GER-Bundesliga,2425,2025-01-25 Borussia Mönchengladbach-VfL Bochum,VfL Bochum,Patrick Drewes,False,Goalkeeper,1,start,end,1.0,1.0,0.0,0.0,0.0,0.0,1.0,3.0,2.0,12.0,0.0,0.0,0.0,0.0,
GER-Bundesliga,2425,2025-01-25 FC Augsburg-1. FC Heidenheim 1846,1. FC Heidenheim 1846,Kevin Müller,False,Goalkeeper,1,start,end,1.0,0.0,0.0,0.0,0.0,0.0,0.0,2.0,5.0,9.0,0.0,0.0,0.0,0.0,
GER-Bundesliga,2425,2025-01-25 FC Augsburg-1. FC Heidenheim 1846,FC Augsburg,Finn Dahmen,True,Goalkeeper,1,start,end,1.0,0.0,0.0,0.0,0.0,0.0,0.0,1.0,5.0,10.0,0.0,0.0,0.0,0.0,
GER-Bundesliga,2425,2025-01-25 Mainz-VfB Stuttgart,Mainz,Robin Zentner,True,Goalkeeper,1,start,end,1.0,0.0,0.0,0.0,0.0,0.0,1.0,0.0,4.0,10.0,0.0,0.0,0.0,0.0,
GER-Bundesliga,2425,2025-01-25 Mainz-VfB Stuttgart,VfB Stuttgart,Alexander Nübel,False,Goalkeeper,1,start,end,1.0,0.0,0.0,0.0,0.0,0.0,0.0,2.0,2.0,9.0,0.0,0.0,0.0,0.0,
GER-Bundesliga,2425,2025-01-25 RB Leipzig-Bayer Leverkusen,Bayer Leverkusen,Lukas Hradecky,False,Goalkeeper,1,start,end,1.0,0.0,0.0,0.0,0.0,0.0,0.0,2.0,2.0,6.0,0.0,0.0,0.0,0.0,
GER-Bundesliga,2425,2025-01-25 RB Leipzig-Bayer Leverkusen,RB Leipzig,Péter Gulácsi,True,Goalkeeper,1,start,end,1.0,0.0,0.0,0.0,0.0,0.0,0.0,2.0,4.0,11.0,0.0,0.0,0.0,0.0,
GER-Bundesliga,2425,2025-01-25 SC Freiburg-Bayern Munich,Bayern Munich,Manuel Neuer,False,Goalkeeper,1,start,end,1.0,0.0,0.0,0.0,0.0,0.0,0.0,1.0,1.0,6.0,0.0,0.0,0.0,0.0,
GER-Bundesliga,2425,2025-01-25 SC Freiburg-Bayern Munich,SC Freiburg,Noah Atubolu,True,Goalkeeper,1,start,end,1.0,0.0,0.0,0.0,0.0,0.0,1.0,2.0,1.0,5.0,0.0,0.0,0.0,0.0,
GER-Bundesliga,2425,2025-01-26 St. Pauli-1. FC Union Berlin,1. FC Union Berlin,Alexander Schwolow,False,Goalkeeper,1,start,end,1.0,0.0,0.0,0.0,0.0,0.0,0.0,3.0,2.0,12.0,0.0,0.0,0.0,0.0,
GER-Bundesliga,2425,2025-01-26 St. Pauli-1. FC Union Berlin,St. Pauli,Nikola Vasilj,True,Goalkeeper,1,start,end,1.0,0.0,0.0,0.0,0.0,0.0,0.0,0.0,2.0,14.0,0.0,0.0,0.0,0.0,
GER-Bundesliga,2425,2025-01-26 TSG Hoffenheim-Eintracht Frankfurt,Eintracht Frankfurt,Kevin Trapp,False,Goalkeeper,1,start,end,1.0,0.0,0.0,0.0,0.0,0.0,0.0,2.0,6.0,22.0,0.0,0.0,0.0,0.0,
GER-Bundesliga,2425,2025-01-26 TSG Hoffenheim-Eintracht Frankfurt,TSG Hoffenheim,Luca Philipp,True,Goalkeeper,1,start,end,1.0,0.0,0.0,0.0,0.0,0.0,0.0,2.0,5.0,10.0,0.0,0.0,0.0,0.0,
GER-Bundesliga,2425,2025-01-31 Werder Bremen-Mainz,Mainz,Robin Zentner,False,Goalkeeper,1,start,end,1.0,1.0,0.0,0.0,0.0,0.0,1.0,1.0,3.0,10.0,0.0,0.0,0.0,0.0,
GER-Bundesliga,2425,2025-01-31 Werder Bremen-Mainz,Werder Bremen,Michael Zetterer,True,Goalkeeper,1,start,end,1.0,0.0,0.0,0.0,0.0,0.0,1.0,0.0,2.0,13.0,0.0,0.0,0.0,0.0,
GER-Bundesliga,2425,2025-02-01 1. FC Heidenheim 1846-Borussia Dortmund,1. FC Heidenheim 1846,Kevin Müller,True,Goalkeeper,1,start,end,1.0,0.0,0.0,0.0,0.0,0.0,0.0,2.0,3.0,14.0,0.0,0.0,0.0,0.0,
GER-Bundesliga,2425,2025-02-01 1. FC Heidenheim 1846-Borussia Dortmund,Borussia Dortmund,Gregor Kobel,False,Goalkeeper,1,start,end,1.0,0.0,0.0,0.0,0.0,0.0,1.0,1.0,4.0,10.0,0.0,0.0,0.0,0.0,
GER-Bundesliga,2425,2025-02-01 1. FC Union Berlin-RB Leipzig,1. FC Union Berlin,Frederik Ronnow,True,Goalkeeper,1,start,end,1.0,0.0,0.0,0.0,0.0,0.0,0.0,0.0,2.0,6.0,0.0,0.0,0.0,0.0,
GER-Bundesliga,2425,2025-02-01 1. FC Union Berlin-RB Leipzig,RB Leipzig,Péter Gulácsi,False,Goalkeeper,1,start,end,1.0,0.0,0.0,0.0,0.0,0.0,0.0,0.0,5.0,21.0,0.0,0.0,0.0,0.0,
GER-Bundesliga,2425,2025-02-01 Bayern Munich-Holstein Kiel,Bayern Munich,Manuel Neuer,True,Goalkeeper,1,start,end,1.0,0.0,0.0,0.0,0.0,0.0,0.0,3.0,2.0,7.0,0.0,0.0,0.0,0.0,
GER-Bundesliga,2425,2025-02-01 Bayern Munich-Holstein Kiel,Holstein Kiel,Timon Weiner,False,Goalkeeper,1,start,end,1.0,0.0,0.0,0.0,0.0,0.0,0.0,4.0,8.0,25.0,0.0,0.0,0.0,0.0,
GER-Bundesliga,2425,2025-02-01 St. Pauli-FC Augsburg,FC Augsburg,Finn Dahmen,False,Goalkeeper,1,start,end,1.0,0.0,0.0,0.0,0.0,0.0,0.0,1.0,1.0,6.0,0.0,0.0,0.0,0.0,
GER-Bundesliga,2425,2025-02-01 St. Pauli-FC Augsburg,St. Pauli,Nikola Vasilj,True,Goalkeeper,1,start,end,1.0,0.0,0.0,0.0,0.0,0.0,0.0,1.0,0.0,1.0,0.0,0.0,0.0,0.0,
GER-Bundesliga,2425,2025-02-01 VfB Stuttgart-Borussia Mönchengladbach,Borussia Mönchengladbach,Moritz Nicolas,False,Goalkeeper,1,start,end,1.0,0.0,0.0,0.0,0.0,0.0,0.0,1.0,3.0,10.0,0.0,0.0,0.0,0.0,
GER-Bundesliga,2425,2025-02-01 VfB Stuttgart-Borussia Mönchengladbach,VfB Stuttgart,Alexander Nübel,True,Goalkeeper,1,start,end,1.0,0.0,0.0,0.0,0.0,0.0,0.0,2.0,4.0,12.0,0.0,0.0,0.0,0.0,
GER-Bundesliga,2425,2025-02-01 VfL Bochum-SC Freiburg,SC Freiburg,Noah Atubolu,False,Goalkeeper,1,start,end,1.0,0.0,0.0,0.0,0.0,0.0,1.0,0.0,4.0,21.0,0.0,0.0,0.0,0.0,
GER-Bundesliga,2425,2025-02-01 VfL Bochum-SC Freiburg,VfL Bochum,Patrick Drewes,True,Goalkeeper,1,start,end,1.0,0.0,0.0,0.0,0.0,0.0,0.0,1.0,3.0,12.0,0.0,0.0,0.0,0.0,
GER-Bundesliga,2425,2025-02-02 Bayer Leverkusen-TSG Hoffenheim,Bayer Leverkusen,Lukas Hradecky,True,Goalkeeper,1,start,end,1.0,0.0,0.0,0.0,0.0,0.0,0.0,1.0,6.0,14.0,0.0,0.0,0.0,0.0,
GER-Bundesliga,2425,2025-02-02 Bayer Leverkusen-TSG Hoffenheim,TSG Hoffenheim,Luca Philipp,False,Goalkeeper,1,start,end,1.0,0.0,0.0,0.0,0.0,0.0,0.0,3.0,2.0,5.0,0.0,0.0,0.0,0.0,
GER-Bundesliga,2425,2025-02-02 Eintracht Frankfurt-VfL Wolfsburg,Eintracht Frankfurt,Kevin Trapp,True,Goalkeeper,1,start,end,1.0,0.0,0.0,0.0,0.0,0.0,0.0,1.0,2.0,11.0,0.0,0.0,0.0,0.0,
GER-Bundesliga,2425,2025-02-02 Eintracht Frankfurt-VfL Wolfsburg,VfL Wolfsburg,Kamil Grabara,False,Goalkeeper,1,start,66,1.0,0.0,0.0,0.0,0.0,0.0,0.0,0.0,2.0,6.0,0.0,0.0,0.0,0.0,
GER-Bundesliga,2425,2025-02-07 Bayern Munich-Werder Bremen,Bayern Munich,Manuel Neuer,True,Goalkeeper,1,start,end,1.0,0.0,0.0,0.0,0.0,0.0,0.0,0.0,0.0,2.0,0.0,0.0,0.0,0.0,
GER-Bundesliga,2425,2025-02-07 Bayern Munich-Werder Bremen,Werder Bremen,Michael Zetterer,False,Goalkeeper,1,start,end,1.0,0.0,0.0,0.0,0.0,0.0,0.0,3.0,9.0,18.0,0.0,0.0,0.0,0.0,
GER-Bundesliga,2425,2025-02-08 Borussia Dortmund-VfB Stuttgart,Borussia Dortmund,Gregor Kobel,True,Goalkeeper,1,start,end,1.0,0.0,0.0,0.0,0.0,0.0,0.0,2.0,1.0,2.0,0.0,0.0,0.0,0.0,
GER-Bundesliga,2425,2025-02-08 Borussia Dortmund-VfB Stuttgart,VfB Stuttgart,Alexander Nübel,False,Goalkeeper,1,start,end,1.0,0.0,0.0,0.0,0.0,0.0,0.0,1.0,4.0,16.0,0.0,0.0,0.0,0.0,
GER-Bundesliga,2425,2025-02-08 Borussia Mönchengladbach-Eintracht Frankfurt,Borussia Mönchengladbach,Moritz Nicolas,True,Goalkeeper,1,start,end,1.0,0.0,0.0,0.0,0.0,0.0,0.0,1.0,6.0,14.0,0.0,0.0,0.0,0.0,
GER-Bundesliga,2425,2025-02-08 Borussia Mönchengladbach-Eintracht Frankfurt,Eintracht Frankfurt,Kevin Trapp,False,Goalkeeper,1,start,end,1.0,0.0,0.0,0.0,0.0,0.0,0.0,1.0,2.0,7.0,0.0,0.0,0.0,0.0,
GER-Bundesliga,2425,2025-02-08 Mainz-FC Augsburg,FC Augsburg,Finn Dahmen,False,Goalkeeper,1,start,end,1.0,0.0,0.0,0.0,0.0,0.0,0.0,0.0,5.0,7.0,0.0,0.0,0.0,0.0,
GER-Bundesliga,2425,2025-02-08 Mainz-FC Augsburg,Mainz,Robin Zentner,True,Goalkeeper,1,start,end,1.0,0.0,0.0,0.0,0.0,0.0,0.0,0.0,2.0,9.0,0.0,0.0,0.0,0.0,
GER-Bundesliga,2425,2025-02-08 SC Freiburg-1. FC Heidenheim 1846,1. FC Heidenheim 1846,Kevin Müller,False,Goalkeeper,1,start,end,1.0,0.0,0.0,0.0,0.0,0.0,0.0,1.0,2.0,8.0,0.0,0.0,0.0,0.0,
GER-Bundesliga,2425,2025-02-08 SC Freiburg-1. FC Heidenheim 1846,SC Freiburg,Noah Atubolu,True,Goalkeeper,1,start,end,1.0,0.0,0.0,0.0,0.0,0.0,0.0,0.0,5.0,10.0,0.0,0.0,0.0,0.0,
GER-Bundesliga,2425,2025-02-08 TSG Hoffenheim-1. FC Union Berlin,1. FC Union Berlin,Frederik Ronnow,False,Goalkeeper,1,start,end,1.0,0.0,0.0,0.0,0.0,0.0,0.0,0.0,4.0,16.0,0.0,0.0,0.0,0.0,
GER-Bundesliga,2425,2025-02-08 TSG Hoffenheim-1. FC Union Berlin,TSG Hoffenheim,Luca Philipp,True,Goalkeeper,1,start,end,1.0,0.0,0.0,0.0,0.0,0.0,0.0,4.0,3.0,18.0,0.0,0.0,0.0,0.0,
GER-Bundesliga,2425,2025-02-08 VfL Wolfsburg-Bayer Leverkusen,Bayer Leverkusen,Lukas Hradecky,False,Goalkeeper,1,start,end,1.0,0.0,0.0,0.0,0.0,0.0,0.0,0.0,8.0,12.0,0.0,0.0,0.0,0.0,
GER-Bundesliga,2425,2025-02-08 VfL Wolfsburg-Bayer Leverkusen,VfL Wolfsburg,Marius Müller,True,Goalkeeper,1,start,end,1.0,0.0,0.0,0.0,0.0,0.0,0.0,0.0,1.0,15.0,0.0,0.0,0.0,0.0,
GER-Bundesliga,2425,2025-02-09 Holstein Kiel-VfL Bochum,Holstein Kiel,Timon Weiner,True,Goalkeeper,1,start,end,1.0,0.0,0.0,0.0,0.0,0.0,0.0,2.0,3.0,18.0,0.0,0.0,0.0,0.0,
GER-Bundesliga,2425,2025-02-09 Holstein Kiel-VfL Bochum,VfL Bochum,Patrick Drewes,False,Goalkeeper,1,start,end,1.0,0.0,1.0,0.0,0.0,0.0,0.0,2.0,1.0,7.0,0.0,0.0,0.0,0.0,
GER-Bundesliga,2425,2025-02-09 RB Leipzig-St. Pauli,RB Leipzig,Péter Gulácsi,True,Goalkeeper,1,start,end,1.0,0.0,0.0,0.0,0.0,0.0,0.0,0.0,4.0,6.0,0.0,0.0,0.0,0.0,
GER-Bundesliga,2425,2025-02-09 RB Leipzig-St. Pauli,St. Pauli,Nikola Vasilj,False,Goalkeeper,1,start,end,1.0,0.0,0.0,0.0,0.0,0.0,0.0,2.0,3.0,9.0,0.0,0.0,0.0,0.0,
GER-Bundesliga,2425,2025-02-14 FC Augsburg-RB Leipzig,FC Augsburg,Finn Dahmen,True,Goalkeeper,1,start,end,1.0,0.0,0.0,0.0,0.0,0.0,0.0,0.0,4.0,14.0,0.0,0.0,0.0,0.0,
GER-Bundesliga,2425,2025-02-14 FC Augsburg-RB Leipzig,RB Leipzig,Péter Gulácsi,False,Goalkeeper,1,start,end,1.0,0.0,0.0,0.0,0.0,0.0,0.0,0.0,2.0,11.0,0.0,0.0,0.0,0.0,
GER-Bundesliga,2425,2025-02-15 1. FC Union Berlin-Borussia Mönchengladbach,1. FC Union Berlin,Frederik Ronnow,True,Goalkeeper,1,start,end,1.0,0.0,0.0,0.0,0.0,0.0,0.0,2.0,3.0,7.0,0.0,0.0,0.0,0.0,
GER-Bundesliga,2425,2025-02-15 1. FC Union Berlin-Borussia Mönchengladbach,Borussia Mönchengladbach,Moritz Nicolas,False,Goalkeeper,1,start,20,1.0,0.0,0.0,0.0,0.0,0.0,0.0,0.0,1.0,2.0,0.0,0.0,0.0,0.0,
GER-Bundesliga,2425,2025-02-15 Bayer Leverkusen-Bayern Munich,Bayer Leverkusen,Lukas Hradecky,True,Goalkeeper,1,start,end,1.0,0.0,0.0,0.0,0.0,0.0,0.0,0.0,0.0,2.0,0.0,0.0,0.0,0.0,
GER-Bundesliga,2425,2025-02-15 Bayer Leverkusen-Bayern Munich,Bayern Munich,Manuel Neuer,False,Goalkeeper,1,start,end,1.0,0.0,1.0,0.0,0.0,0.0,0.0,0.0,2.0,14.0,0.0,0.0,0.0,0.0,
GER-Bundesliga,2425,2025-02-15 St. Pauli-SC Freiburg,SC Freiburg,Noah Atubolu,False,Goalkeeper,1,start,end,1.0,0.0,0.0,0.0,0.0,0.0,0.0,0.0,1.0,5.0,0.0,0.0,0.0,0.0,
GER-Bundesliga,2425,2025-02-15 St. Pauli-SC Freiburg,St. Pauli,Nikola Vasilj,True,Goalkeeper,1,start,end,1.0,0.0,0.0,0.0,0.0,0.0,0.0,1.0,3.0,4.0,0.0,0.0,0.0,0.0,
GER-Bundesliga,2425,2025-02-15 VfB Stuttgart-VfL Wolfsburg,VfB Stuttgart,Alexander Nübel,True,Goalkeeper,1,start,end,1.0,0.0,1.0,0.0,0.0,0.0,0.0,2.0,1.0,5.0,0.0,0.0,0.0,0.0,
GER-Bundesliga,2425,2025-02-15 VfB Stuttgart-VfL Wolfsburg,VfL Wolfsburg,Marius Müller,False,Goalkeeper,1,start,end,1.0,0.0,0.0,0.0,0.0,0.0,0.0,1.0,3.0,8.0,0.0,0.0,0.0,0.0,
GER-Bundesliga,2425,2025-02-15 VfL Bochum-Borussia Dortmund,Borussia Dortmund,Gregor Kobel,False,Goalkeeper,1,start,end,1.0,0.0,0.0,0.0,0.0,0.0,0.0,2.0,7.0,16.0,0.0,0.0,0.0,0.0,
GER-Bundesliga,2425,2025-02-15 VfL Bochum-Borussia Dortmund,VfL Bochum,Timo Horn,True,Goalkeeper,1,start,end,1.0,0.0,0.0,0.0,0.0,0.0,0.0,0.0,2.0,17.0,0.0,0.0,0.0,0.0,
GER-Bundesliga,2425,2025-02-16 1. FC Heidenheim 1846-Mainz,1. FC Heidenheim 1846,Kevin Müller,True,Goalkeeper,1,start,end,1.0,0.0,0.0,0.0,0.0,0.0,0.0,2.0,3.0,4.0,0.0,0.0,0.0,0.0,
GER-Bundesliga,2425,2025-02-16 1. FC Heidenheim 1846-Mainz,Mainz,Robin Zentner,False,Goalkeeper,1,start,end,1.0,0.0,1.0,0.0,0.0,0.0,0.0,0.0,3.0,11.0,0.0,0.0,0.0,0.0,
GER-Bundesliga,2425,2025-02-16 Eintracht Frankfurt-Holstein Kiel,Eintracht Frankfurt,Kevin Trapp,True,Goalkeeper,1,start,end,1.0,0.0,0.0,0.0,0.0,0.0,0.0,1.0,3.0,9.0,0.0,0.0,0.0,0.0,
GER-Bundesliga,2425,2025-02-16 Eintracht Frankfurt-Holstein Kiel,Holstein Kiel,Thomas Dähne,False,Goalkeeper,1,start,end,1.0,0.0,0.0,0.0,0.0,0.0,0.0,3.0,5.0,15.0,0.0,0.0,0.0,0.0,
GER-Bundesliga,2425,2025-02-16 Werder Bremen-TSG Hoffenheim,TSG Hoffenheim,Luca Philipp,False,Goalkeeper,1,start,end,1.0,0.0,0.0,0.0,0.0,0.0,0.0,1.0,2.0,12.0,0.0,0.0,0.0,0.0,
GER-Bundesliga,2425,2025-02-16 Werder Bremen-TSG Hoffenheim,Werder Bremen,Michael Zetterer,True,Goalkeeper,1,start,end,1.0,0.0,0.0,0.0,0.0,0.0,0.0,3.0,3.0,11.0,0.0,0.0,0.0,0.0,
GER-Bundesliga,2425,2025-02-21 SC Freiburg-Werder Bremen,SC Freiburg,Noah Atubolu,True,Goalkeeper,1,start,end,1.0,0.0,0.0,0.0,0.0,0.0,0.0,0.0,2.0,9.0,0.0,0.0,0.0,0.0,
GER-Bundesliga,2425,2025-02-21 SC Freiburg-Werder Bremen,Werder Bremen,Michael Zetterer,False,Goalkeeper,1,start,end,1.0,0.0,0.0,0.0,0.0,0.0,0.0,5.0,1.0,8.0,0.0,0.0,0.0,0.0,
GER-Bundesliga,2425,2025-02-22 Borussia Dortmund-1. FC Union Berlin,1. FC Union Berlin,Frederik Ronnow,False,Goalkeeper,1,start,end,1.0,0.0,0.0,0.0,0.0,0.0,0.0,6.0,4.0,19.0,0.0,0.0,0.0,0.0,
GER-Bundesliga,2425,2025-02-22 Borussia Dortmund-1. FC Union Berlin,Borussia Dortmund,Gregor Kobel,True,Goalkeeper,1,start,end,1.0,0.0,0.0,0.0,0.0,0.0,0.0,0.0,2.0,6.0,0.0,0.0,0.0,0.0,
GER-Bundesliga,2425,2025-02-22 Borussia Mönchengladbach-FC Augsburg,Borussia Mönchengladbach,Jonas Omlin,True,Goalkeeper,1,start,end,1.0,1.0,0.0,0.0,1.0,0.0,0.0,3.0,0.0,14.0,0.0,0.0,0.0,0.0,
GER-Bundesliga,2425,2025-02-22 Borussia Mönchengladbach-FC Augsburg,FC Augsburg,Finn Dahmen,False,Goalkeeper,1,start,end,1.0,0.0,0.0,0.0,0.0,0.0,0.0,0.0,4.0,7.0,0.0,0.0,0.0,0.0,
GER-Bundesliga,2425,2025-02-22 Holstein Kiel-Bayer Leverkusen,Bayer Leverkusen,Matej Kovár,False,Goalkeeper,1,start,end,1.0,0.0,0.0,0.0,0.0,0.0,0.0,0.0,3.0,5.0,0.0,0.0,0.0,0.0,
GER-Bundesliga,2425,2025-02-22 Holstein Kiel-Bayer Leverkusen,Holstein Kiel,Timon Weiner,True,Goalkeeper,1,start,end,1.0,0.0,0.0,0.0,0.0,0.0,0.0,2.0,5.0,16.0,0.0,0.0,0.0,0.0,
GER-Bundesliga,2425,2025-02-22 Mainz-St. Pauli,Mainz,Robin Zentner,True,Goalkeeper,1,start,end,1.0,0.0,0.0,0.0,0.0,0.0,0.0,0.0,0.0,12.0,0.0,0.0,0.0,0.0,
GER-Bundesliga,2425,2025-02-22 Mainz-St. Pauli,St. Pauli,Nikola Vasilj,False,Goalkeeper,1,start,end,1.0,0.0,0.0,0.0,0.0,0.0,0.0,2.0,3.0,8.0,0.0,0.0,0.0,0.0,
GER-Bundesliga,2425,2025-02-22 VfL Wolfsburg-VfL Bochum,VfL Bochum,Timo Horn,False,Goalkeeper,1,start,end,1.0,0.0,1.0,0.0,0.0,0.0,0.0,1.0,5.0,12.0,0.0,0.0,0.0,0.0,
GER-Bundesliga,2425,2025-02-22 VfL Wolfsburg-VfL Bochum,VfL Wolfsburg,Marius Müller,True,Goalkeeper,1,start,end,1.0,0.0,0.0,0.0,0.0,0.0,0.0,1.0,4.0,9.0,0.0,0.0,0.0,0.0,
GER-Bundesliga,2425,2025-02-23 Bayern Munich-Eintracht Frankfurt,Bayern Munich,Manuel Neuer,True,Goalkeeper,1,start,end,1.0,0.0,0.0,0.0,0.0,0.0,0.0,0.0,2.0,7.0,0.0,0.0,0.0,0.0,
GER-Bundesliga,2425,2025-02-23 Bayern Munich-Eintracht Frankfurt,Eintracht Frankfurt,Kevin Trapp,False,Goalkeeper,1,start,end,1.0,0.0,0.0,0.0,0.0,0.0,0.0,4.0,6.0,14.0,0.0,0.0,0.0,0.0,
GER-Bundesliga,2425,2025-02-23 RB Leipzig-1. FC Heidenheim 1846,1. FC Heidenheim 1846,Kevin Müller,False,Goalkeeper,1,start,end,1.0,0.0,0.0,0.0,0.0,0.0,0.0,2.0,5.0,16.0,0.0,0.0,0.0,0.0,
GER-Bundesliga,2425,2025-02-23 RB Leipzig-1. FC Heidenheim 1846,RB Leipzig,Péter Gulácsi,True,Goalkeeper,1,start,end,1.0,0.0,0.0,0.0,0.0,0.0,0.0,2.0,1.0,3.0,0.0,0.0,0.0,0.0,
GER-Bundesliga,2425,2025-02-23 TSG Hoffenheim-VfB Stuttgart,TSG Hoffenheim,Luca Philipp,True,Goalkeeper,1,start,end,1.0,0.0,0.0,0.0,0.0,0.0,0.0,1.0,6.0,12.0,0.0,0.0,0.0,0.0,
GER-Bundesliga,2425,2025-02-23 TSG Hoffenheim-VfB Stuttgart,VfB Stuttgart,Alexander Nübel,False,Goalkeeper,1,start,end,1.0,0.0,0.0,0.0,0.0,0.0,0.0,1.0,1.0,8.0,0.0,0.0,0.0,0.0,
GER-Bundesliga,2425,2025-02-28 VfB Stuttgart-Bayern Munich,Bayern Munich,Manuel Neuer,False,Goalkeeper,1,start,end,1.0,0.0,0.0,0.0,0.0,0.0,0.0,1.0,2.0,11.0,0.0,0.0,0.0,0.0,
GER-Bundesliga,2425,2025-02-28 VfB Stuttgart-Bayern Munich,VfB Stuttgart,Alexander Nübel,True,Goalkeeper,1,start,end,1.0,0.0,0.0,0.0,0.0,0.0,0.0,3.0,5.0,14.0,0.0,0.0,0.0,0.0,
GER-Bundesliga,2425,2025-03-01 1. FC Heidenheim 1846-Borussia Mönchengladbach,1. FC Heidenheim 1846,Kevin Müller,True,Goalkeeper,1,start,end,1.0,0.0,0.0,0.0,0.0,0.0,0.0,3.0,2.0,10.0,0.0,0.0,0.0,0.0,
GER-Bundesliga,2425,2025-03-01 1. FC Heidenheim 1846-Borussia Mönchengladbach,Borussia Mönchengladbach,Tiago Pereira,False,Goalkeeper,1,start,end,1.0,0.0,0.0,0.0,0.0,0.0,0.0,0.0,5.0,19.0,0.0,0.0,0.0,0.0,
GER-Bundesliga,2425,2025-03-01 Eintracht Frankfurt-Bayer Leverkusen,Bayer Leverkusen,Lukas Hradecky,False,Goalkeeper,1,start,end,1.0,0.0,0.0,0.0,0.0,0.0,0.0,1.0,2.0,6.0,0.0,0.0,0.0,0.0,
GER-Bundesliga,2425,2025-03-01 Eintracht Frankfurt-Bayer Leverkusen,Eintracht Frankfurt,Kevin Trapp,True,Goalkeeper,1,start,end,1.0,0.0,0.0,0.0,0.0,0.0,0.0,4.0,5.0,16.0,0.0,0.0,0.0,0.0,
GER-Bundesliga,2425,2025-03-01 RB Leipzig-Mainz,Mainz,Robin Zentner,False,Goalkeeper,1,start,end,1.0,0.0,0.0,0.0,0.0,0.0,0.0,1.0,2.0,12.0,0.0,0.0,0.0,0.0,
GER-Bundesliga,2425,2025-03-01 RB Leipzig-Mainz,RB Leipzig,Péter Gulácsi,True,Goalkeeper,1,start,end,1.0,0.0,0.0,0.0,0.0,0.0,0.0,2.0,1.0,13.0,0.0,0.0,0.0,0.0,
GER-Bundesliga,2425,2025-03-01 St. Pauli-Borussia Dortmund,Borussia Dortmund,Gregor Kobel,False,Goalkeeper,1,start,end,1.0,0.0,0.0,0.0,0.0,0.0,0.0,0.0,1.0,7.0,0.0,0.0,0.0,0.0,
GER-Bundesliga,2425,2025-03-01 St. Pauli-Borussia Dortmund,St. Pauli,Nikola Vasilj,True,Goalkeeper,1,start,end,1.0,0.0,0.0,0.0,0.0,0.0,0.0,2.0,1.0,12.0,0.0,0.0,0.0,0.0,
GER-Bundesliga,2425,2025-03-01 VfL Bochum-TSG Hoffenheim,TSG Hoffenheim,Oliver Baumann,False,Goalkeeper,1,start,end,1.0,0.0,0.0,0.0,0.0,0.0,0.0,0.0,3.0,13.0,0.0,0.0,0.0,0.0,
GER-Bundesliga,2425,2025-03-01 VfL Bochum-TSG Hoffenheim,VfL Bochum,Timo Horn,True,Goalkeeper,1,start,end,1.0,0.0,0.0,0.0,0.0,0.0,0.0,1.0,1.0,9.0,0.0,0.0,0.0,0.0,
GER-Bundesliga,2425,2025-03-01 Werder Bremen-VfL Wolfsburg,VfL Wolfsburg,Marius Müller,False,Goalkeeper,1,start,end,1.0,0.0,0.0,0.0,0.0,0.0,0.0,1.0,7.0,12.0,0.0,0.0,0.0,0.0,
GER-Bundesliga,2425,2025-03-01 Werder Bremen-VfL Wolfsburg,Werder Bremen,Michael Zetterer,True,Goalkeeper,1,start,end,1.0,0.0,1.0,0.0,0.0,0.0,0.0,2.0,1.0,6.0,0.0,0.0,0.0,0.0,
GER-Bundesliga,2425,2025-03-02 1. FC Union Berlin-Holstein Kiel,1. FC Union Berlin,Frederik Ronnow,True,Goalkeeper,1,start,end,1.0,0.0,0.0,0.0,0.0,0.0,0.0,1.0,2.0,9.0,0.0,0.0,0.0,1.0,
GER-Bundesliga,2425,2025-03-02 1. FC Union Berlin-Holstein Kiel,Holstein Kiel,Timon Weiner,False,Goalkeeper,1,start,end,1.0,0.0,1.0,0.0,0.0,0.0,0.0,0.0,5.0,12.0,0.0,0.0,0.0,0.0,
GER-Bundesliga,2425,2025-03-02 FC Augsburg-SC Freiburg,FC Augsburg,Finn Dahmen,True,Goalkeeper,1,start,end,1.0,0.0,0.0,0.0,0.0,0.0,0.0,0.0,3.0,7.0,0.0,0.0,0.0,0.0,
GER-Bundesliga,2425,2025-03-02 FC Augsburg-SC Freiburg,SC Freiburg,Noah Atubolu,False,Goalkeeper,1,start,end,1.0,0.0,0.0,0.0,0.0,0.0,0.0,0.0,5.0,13.0,0.0,0.0,0.0,0.0,
GER-Bundesliga,2425,2025-03-07 Borussia Mönchengladbach-Mainz,Borussia Mönchengladbach,Jonas Omlin,True,Goalkeeper,1,start,end,1.0,0.0,0.0,0.0,0.0,0.0,0.0,3.0,5.0,13.0,0.0,0.0,0.0,0.0,
GER-Bundesliga,2425,2025-03-07 Borussia Mönchengladbach-Mainz,Mainz,Robin Zentner,False,Goalkeeper,1,start,end,1.0,0.0,0.0,0.0,0.0,0.0,0.0,1.0,3.0,10.0,0.0,0.0,0.0,0.0,
GER-Bundesliga,2425,2025-03-08 Bayer Leverkusen-Werder Bremen,Bayer Leverkusen,Lukas Hradecky,True,Goalkeeper,1,start,end,1.0,0.0,0.0,0.0,0.0,0.0,0.0,2.0,5.0,9.0,0.0,0.0,0.0,0.0,
GER-Bundesliga,2425,2025-03-08 Bayer Leverkusen-Werder Bremen,Werder Bremen,Michael Zetterer,False,Goalkeeper,1,start,end,1.0,0.0,0.0,0.0,0.0,0.0,0.0,0.0,4.0,19.0,0.0,0.0,0.0,0.0,
GER-Bundesliga,2425,2025-03-08 Bayern Munich-VfL Bochum,Bayern Munich,Jonas Urbig,True,Goalkeeper,1,start,end,1.0,0.0,0.0,0.0,0.0,0.0,0.0,3.0,2.0,5.0,0.0,0.0,0.0,0.0,
GER-Bundesliga,2425,2025-03-08 Bayern Munich-VfL Bochum,VfL Bochum,Timo Horn,False,Goalkeeper,1,start,end,1.0,0.0,0.0,0.0,0.0,0.0,1.0,2.0,3.0,11.0,0.0,0.0,0.0,0.0,
GER-Bundesliga,2425,2025-03-08 Borussia Dortmund-FC Augsburg,Borussia Dortmund,Gregor Kobel,True,Goalkeeper,1,start,end,1.0,0.0,0.0,0.0,0.0,0.0,0.0,1.0,0.0,5.0,0.0,0.0,0.0,0.0,
GER-Bundesliga,2425,2025-03-08 Borussia Dortmund-FC Augsburg,FC Augsburg,Finn Dahmen,False,Goalkeeper,1,start,end,1.0,0.0,0.0,0.0,0.0,0.0,0.0,0.0,1.0,13.0,0.0,0.0,0.0,0.0,
GER-Bundesliga,2425,2025-03-08 Holstein Kiel-VfB Stuttgart,Holstein Kiel,Timon Weiner,True,Goalkeeper,1,start,end,1.0,0.0,0.0,0.0,0.0,0.0,0.0,2.0,0.0,4.0,0.0,0.0,0.0,0.0,
GER-Bundesliga,2425,2025-03-08 Holstein Kiel-VfB Stuttgart,VfB Stuttgart,Alexander Nübel,False,Goalkeeper,1,start,end,1.0,0.0,0.0,0.0,0.0,0.0,0.0,2.0,3.0,15.0,0.0,0.0,0.0,0.0,
GER-Bundesliga,2425,2025-03-08 SC Freiburg-RB Leipzig,RB Leipzig,Péter Gulácsi,False,Goalkeeper,1,start,end,1.0,0.0,0.0,0.0,0.0,0.0,0.0,0.0,2.0,10.0,0.0,0.0,0.0,0.0,
GER-Bundesliga,2425,2025-03-08 SC Freiburg-RB Leipzig,SC Freiburg,Noah Atubolu,True,Goalkeeper,1,start,end,1.0,0.0,0.0,0.0,0.0,0.0,0.0,0.0,3.0,18.0,0.0,0.0,0.0,0.0,
GER-Bundesliga,2425,2025-03-08 VfL Wolfsburg-St. Pauli,St. Pauli,Nikola Vasilj,False,Goalkeeper,1,start,end,1.0,0.0,0.0,0.0,0.0,0.0,0.0,1.0,3.0,14.0,0.0,0.0,0.0,0.0,
GER-Bundesliga,2425,2025-03-08 VfL Wolfsburg-St. Pauli,VfL Wolfsburg,Marius Müller,True,Goalkeeper,1,start,end,1.0,0.0,0.0,0.0,0.0,0.0,0.0,1.0,3.0,12.0,0.0,0.0,0.0,0.0,
GER-Bundesliga,2425,2025-03-09 Eintracht Frankfurt-1. FC Union Berlin,1. FC Union Berlin,Frederik Ronnow,False,Goalkeeper,1,start,end,1.0,0.0,0.0,0.0,0.0,0.0,0.0,1.0,1.0,11.0,0.0,0.0,0.0,0.0,
GER-Bundesliga,2425,2025-03-09 Eintracht Frankfurt-1. FC Union Berlin,Eintracht Frankfurt,Kevin Trapp,True,Goalkeeper,1,start,end,1.0,0.0,0.0,0.0,0.0,0.0,0.0,2.0,1.0,9.0,0.0,0.0,0.0,0.0,
GER-Bundesliga,2425,2025-03-09 TSG Hoffenheim-1. FC Heidenheim 1846,1. FC Heidenheim 1846,Kevin Müller,False,Goalkeeper,1,start,end,1.0,0.0,0.0,0.0,0.0,0.0,0.0,1.0,2.0,15.0,0.0,0.0,0.0,0.0,
GER-Bundesliga,2425,2025-03-09 TSG Hoffenheim-1. FC Heidenheim 1846,TSG Hoffenheim,Oliver Baumann,True,Goalkeeper,1,start,end,1.0,0.0,0.0,0.0,0.0,0.0,0.0,1.0,4.0,21.0,0.0,0.0,0.0,0.0,
GER-Bundesliga,2425,2025-03-14 St. Pauli-TSG Hoffenheim,St. Pauli,Nikola Vasilj,True,Goalkeeper,1,start,end,1.0,0.0,0.0,0.0,0.0,0.0,0.0,0.0,0.0,3.0,0.0,0.0,0.0,0.0,
GER-Bundesliga,2425,2025-03-14 St. Pauli-TSG Hoffenheim,TSG Hoffenheim,Oliver Baumann,False,Goalkeeper,1,start,end,1.0,0.0,0.0,0.0,0.0,0.0,0.0,1.0,4.0,7.0,0.0,0.0,0.0,0.0,
GER-Bundesliga,2425,2025-03-15 1. FC Union Berlin-Bayern Munich,1. FC Union Berlin,Frederik Ronnow,True,Goalkeeper,1,start,end,1.0,0.0,0.0,0.0,0.0,0.0,0.0,1.0,3.0,17.0,0.0,0.0,0.0,0.0,
GER-Bundesliga,2425,2025-03-15 1. FC Union Berlin-Bayern Munich,Bayern Munich,Jonas Urbig,False,Goalkeeper,1,start,end,1.0,0.0,0.0,0.0,0.0,0.0,0.0,1.0,3.0,6.0,0.0,0.0,0.0,0.0,
GER-Bundesliga,2425,2025-03-15 FC Augsburg-VfL Wolfsburg,FC Augsburg,Finn Dahmen,True,Goalkeeper,1,start,end,1.0,0.0,0.0,0.0,0.0,0.0,0.0,0.0,2.0,12.0,0.0,0.0,0.0,0.0,
GER-Bundesliga,2425,2025-03-15 FC Augsburg-VfL Wolfsburg,VfL Wolfsburg,Kamil Grabara,False,Goalkeeper,1,start,end,1.0,0.0,0.0,0.0,0.0,0.0,0.0,1.0,3.0,8.0,0.0,0.0,0.0,0.0,
GER-Bundesliga,2425,2025-03-15 Mainz-SC Freiburg,Mainz,Robin Zentner,True,Goalkeeper,1,start,end,1.0,0.0,0.0,0.0,0.0,0.0,0.0,2.0,6.0,22.0,0.0,0.0,0.0,0.0,
GER-Bundesliga,2425,2025-03-15 Mainz-SC Freiburg,SC Freiburg,Noah Atubolu,False,Goalkeeper,1,start,end,1.0,0.0,0.0,0.0,0.0,0.0,0.0,2.0,2.0,6.0,0.0,0.0,0.0,0.0,
GER-Bundesliga,2425,2025-03-15 RB Leipzig-Borussia Dortmund,Borussia Dortmund,Gregor Kobel,False,Goalkeeper,1,start,end,1.0,0.0,1.0,0.0,0.0,0.0,0.0,2.0,3.0,13.0,0.0,0.0,0.0,0.0,
GER-Bundesliga,2425,2025-03-15 RB Leipzig-Borussia Dortmund,RB Leipzig,Péter Gulácsi,True,Goalkeeper,1,start,end,1.0,0.0,0.0,0.0,0.0,0.0,0.0,0.0,9.0,27.0,0.0,0.0,0.0,0.0,
GER-Bundesliga,2425,2025-03-15 Werder Bremen-Borussia Mönchengladbach,Borussia Mönchengladbach,Jonas Omlin,False,Goalkeeper,1,start,72,1.0,0.0,0.0,0.0,0.0,0.0,0.0,2.0,0.0,14.0,0.0,0.0,0.0,0.0,
GER-Bundesliga,2425,2025-03-15 Werder Bremen-Borussia Mönchengladbach,Werder Bremen,Michael Zetterer,True,Goalkeeper,1,start,end,1.0,0.0,0.0,0.0,0.0,0.0,0.0,4.0,3.0,9.0,0.0,0.0,0.0,0.0,
GER-Bundesliga,2425,2025-03-16 1. FC Heidenheim 1846-Holstein Kiel,1. FC Heidenheim 1846,Kevin Müller,True,Goalkeeper,1,start,end,1.0,0.0,0.0,0.0,0.0,0.0,0.0,1.0,3.0,15.0,0.0,0.0,0.0,0.0,
GER-Bundesliga,2425,2025-03-16 1. FC Heidenheim 1846-Holstein Kiel,Holstein Kiel,Timon Weiner,False,Goalkeeper,1,start,end,1.0,0.0,0.0,0.0,0.0,0.0,0.0,3.0,2.0,11.0,0.0,0.0,0.0,0.0,
GER-Bundesliga,2425,2025-03-16 VfB Stuttgart-Bayer Leverkusen,Bayer Leverkusen,Lukas Hradecky,False,Goalkeeper,1,start,end,1.0,0.0,0.0,0.0,0.0,0.0,0.0,3.0,4.0,9.0,0.0,0.0,0.0,0.0,
GER-Bundesliga,2425,2025-03-16 VfB Stuttgart-Bayer Leverkusen,VfB Stuttgart,Alexander Nübel,True,Goalkeeper,1,start,end,1.0,0.0,0.0,0.0,0.0,0.0,0.0,4.0,1.0,13.0,0.0,0.0,0.0,0.0,
GER-Bundesliga,2425,2025-03-16 VfL Bochum-Eintracht Frankfurt,Eintracht Frankfurt,Kauã Santos,False,Goalkeeper,1,start,end,1.0,0.0,0.0,0.0,0.0,0.0,0.0,1.0,6.0,16.0,0.0,0.0,0.0,0.0,
GER-Bundesliga,2425,2025-03-16 VfL Bochum-Eintracht Frankfurt,VfL Bochum,Timo Horn,True,Goalkeeper,1,start,end,1.0,0.0,1.0,0.0,0.0,0.0,0.0,3.0,4.0,16.0,0.0,0.0,0.0,0.0,
GER-Bundesliga,2425,2025-03-28 Bayer Leverkusen-VfL Bochum,Bayer Leverkusen,Lukas Hradecky,True,Goalkeeper,1,start,end,1.0,0.0,0.0,0.0,0.0,0.0,0.0,1.0,2.0,7.0,0.0,0.0,0.0,0.0,
GER-Bundesliga,2425,2025-03-28 Bayer Leverkusen-VfL Bochum,VfL Bochum,Timo Horn,False,Goalkeeper,1,start,end,1.0,0.0,0.0,0.0,0.0,0.0,0.0,3.0,2.0,10.0,0.0,0.0,0.0,0.0,
GER-Bundesliga,2425,2025-03-29 Bayern Munich-St. Pauli,Bayern Munich,Jonas Urbig,True,Goalkeeper,1,start,end,1.0,0.0,0.0,0.0,0.0,0.0,0.0,2.0,2.0,7.0,0.0,0.0,0.0,0.0,
GER-Bundesliga,2425,2025-03-29 Bayern Munich-St. Pauli,St. Pauli,Nikola Vasilj,False,Goalkeeper,1,start,end,1.0,0.0,0.0,0.0,0.0,0.0,0.0,3.0,5.0,16.0,0.0,0.0,0.0,0.0,
GER-Bundesliga,2425,2025-03-29 Borussia Mönchengladbach-RB Leipzig,Borussia Mönchengladbach,Tiago Pereira,True,Goalkeeper,1,start,end,1.0,0.0,0.0,0.0,0.0,0.0,0.0,0.0,3.0,20.0,0.0,0.0,0.0,0.0,
GER-Bundesliga,2425,2025-03-29 Borussia Mönchengladbach-RB Leipzig,RB Leipzig,Maarten Vandevoordt,False,Goalkeeper,1,start,end,1.0,0.0,0.0,0.0,0.0,0.0,0.0,1.0,2.0,15.0,0.0,0.0,0.0,0.0,
GER-Bundesliga,2425,2025-03-29 Eintracht Frankfurt-VfB Stuttgart,Eintracht Frankfurt,Kauã Santos,True,Goalkeeper,1,start,end,1.0,0.0,0.0,0.0,0.0,0.0,0.0,0.0,2.0,7.0,0.0,0.0,0.0,0.0,
GER-Bundesliga,2425,2025-03-29 Eintracht Frankfurt-VfB Stuttgart,VfB Stuttgart,Alexander Nübel,False,Goalkeeper,1,start,end,1.0,0.0,0.0,0.0,0.0,0.0,0.0,1.0,5.0,17.0,0.0,0.0,0.0,0.0,
GER-Bundesliga,2425,2025-03-29 Holstein Kiel-Werder Bremen,Holstein Kiel,Thomas Dähne,True,Goalkeeper,1,start,end,1.0,0.0,0.0,0.0,0.0,0.0,0.0,3.0,4.0,11.0,0.0,0.0,0.0,0.0,
GER-Bundesliga,2425,2025-03-29 Holstein Kiel-Werder Bremen,Werder Bremen,Michael Zetterer,False,Goalkeeper,1,start,end,1.0,0.0,0.0,0.0,0.0,0.0,0.0,0.0,0.0,11.0,0.0,0.0,0.0,0.0,
GER-Bundesliga,2425,2025-03-29 TSG Hoffenheim-FC Augsburg,FC Augsburg,Finn Dahmen,False,Goalkeeper,1,start,end,1.0,0.0,1.0,0.0,0.0,0.0,0.0,1.0,3.0,12.0,0.0,0.0,0.0,0.0,
GER-Bundesliga,2425,2025-03-29 TSG Hoffenheim-FC Augsburg,TSG Hoffenheim,Oliver Baumann,True,Goalkeeper,1,start,end,1.0,0.0,1.0,0.0,0.0,0.0,0.0,1.0,3.0,9.0,0.0,0.0,0.0,0.0,
GER-Bundesliga,2425,2025-03-29 VfL Wolfsburg-1. FC Heidenheim 1846,1. FC Heidenheim 1846,Kevin Müller,False,Goalkeeper,1,start,end,1.0,0.0,0.0,0.0,0.0,0.0,0.0,0.0,2.0,11.0,0.0,0.0,0.0,0.0,
GER-Bundesliga,2425,2025-03-29 VfL Wolfsburg-1. FC Heidenheim 1846,VfL Wolfsburg,Kamil Grabara,True,Goalkeeper,1,start,end,1.0,0.0,0.0,0.0,0.0,0.0,0.0,1.0,3.0,9.0,0.0,0.0,0.0,0.0,
GER-Bundesliga,2425,2025-03-30 Borussia Dortmund-Mainz,Borussia Dortmund,Gregor Kobel,True,Goalkeeper,1,start,end,1.0,0.0,0.0,0.0,0.0,0.0,0.0,1.0,1.0,11.0,0.0,0.0,0.0,0.0,
GER-Bundesliga,2425,2025-03-30 Borussia Dortmund-Mainz,Mainz,Robin Zentner,False,Goalkeeper,1,start,end,1.0,0.0,0.0,0.0,0.0,0.0,0.0,3.0,4.0,15.0,0.0,0.0,0.0,0.0,
GER-Bundesliga,2425,2025-03-30 SC Freiburg-1. FC Union Berlin,1. FC Union Berlin,Frederik Ronnow,False,Goalkeeper,1,start,end,1.0,0.0,1.0,0.0,0.0,0.0,0.0,1.0,2.0,8.0,0.0,0.0,0.0,0.0,
GER-Bundesliga,2425,2025-03-30 SC Freiburg-1. FC Union Berlin,SC Freiburg,Noah Atubolu,True,Goalkeeper,1,start,58,1.0,0.0,0.0,0.0,0.0,0.0,0.0,2.0,3.0,5.0,0.0,0.0,0.0,0.0,
GER-Bundesliga,2425,2025-04-04 FC Augsburg-Bayern Munich,Bayern Munich,Jonas Urbig,False,Goalkeeper,1,start,end,1.0,0.0,0.0,0.0,0.0,0.0,0.0,1.0,2.0,5.0,0.0,0.0,0.0,0.0,
GER-Bundesliga,2425,2025-04-04 FC Augsburg-Bayern Munich,FC Augsburg,Finn Dahmen,True,Goalkeeper,1,start,end,1.0,0.0,0.0,0.0,0.0,0.0,0.0,3.0,5.0,17.0,0.0,0.0,0.0,0.0,
GER-Bundesliga,2425,2025-04-05 1. FC Heidenheim 1846-Bayer Leverkusen,1. FC Heidenheim 1846,Kevin Müller,True,Goalkeeper,1,start,end,1.0,0.0,0.0,0.0,0.0,0.0,0.0,1.0,1.0,5.0,0.0,0.0,0.0,0.0,
GER-Bundesliga,2425,2025-04-05 1. FC Heidenheim 1846-Bayer Leverkusen,Bayer Leverkusen,Lukas Hradecky,False,Goalkeeper,1,start,end,1.0,0.0,0.0,0.0,0.0,0.0,0.0,0.0,2.0,11.0,0.0,0.0,0.0,0.0,
GER-Bundesliga,2425,2025-04-05 Mainz-Holstein Kiel,Holstein Kiel,Thomas Dähne,False,Goalkeeper,1,start,end,1.0,0.0,0.0,0.0,0.0,0.0,0.0,1.0,2.0,12.0,0.0,0.0,0.0,0.0,
GER-Bundesliga,2425,2025-04-05 Mainz-Holstein Kiel,Mainz,Robin Zentner,True,Goalkeeper,1,start,end,1.0,0.0,1.0,0.0,0.0,0.0,0.0,1.0,4.0,9.0,0.0,0.0,0.0,0.0,
GER-Bundesliga,2425,2025-04-05 RB Leipzig-TSG Hoffenheim,RB Leipzig,Péter Gulácsi,True,Goalkeeper,1,start,end,1.0,0.0,0.0,0.0,0.0,0.0,0.0,1.0,4.0,7.0,0.0,0.0,0.0,0.0,
GER-Bundesliga,2425,2025-04-05 RB Leipzig-TSG Hoffenheim,TSG Hoffenheim,Oliver Baumann,False,Goalkeeper,1,start,end,1.0,0.0,0.0,0.0,0.0,0.0,0.0,3.0,2.0,13.0,0.0,0.0,0.0,0.0,
GER-Bundesliga,2425,2025-04-05 SC Freiburg-Borussia Dortmund,Borussia Dortmund,Gregor Kobel,False,Goalkeeper,1,start,end,1.0,0.0,0.0,0.0,0.0,0.0,0.0,1.0,1.0,11.0,0.0,0.0,0.0,0.0,
GER-Bundesliga,2425,2025-04-05 SC Freiburg-Borussia Dortmund,SC Freiburg,Florian Müller,True,Goalkeeper,1,start,end,1.0,0.0,0.0,0.0,0.0,0.0,0.0,4.0,3.0,14.0,0.0,0.0,0.0,0.0,
GER-Bundesliga,2425,2025-04-05 VfL Bochum-VfB Stuttgart,VfB Stuttgart,Alexander Nübel,False,Goalkeeper,1,start,end,1.0,0.0,1.0,0.0,0.0,0.0,0.0,0.0,2.0,12.0,0.0,0.0,0.0,0.0,
GER-Bundesliga,2425,2025-04-05 VfL Bochum-VfB Stuttgart,VfL Bochum,Timo Horn,True,Goalkeeper,1,start,end,1.0,0.0,0.0,0.0,0.0,0.0,0.0,4.0,2.0,10.0,0.0,0.0,0.0,0.0,
GER-Bundesliga,2425,2025-04-05 Werder Bremen-Eintracht Frankfurt,Eintracht Frankfurt,Kauã Santos,False,Goalkeeper,1,start,end,1.0,0.0,0.0,0.0,0.0,0.0,0.0,2.0,3.0,8.0,0.0,0.0,0.0,0.0,
GER-Bundesliga,2425,2025-04-05 Werder Bremen-Eintracht Frankfurt,Werder Bremen,Michael Zetterer,True,Goalkeeper,1,start,end,1.0,0.0,0.0,0.0,0.0,0.0,0.0,0.0,0.0,9.0,0.0,0.0,0.0,0.0,
GER-Bundesliga,2425,2025-04-06 1. FC Union Berlin-VfL Wolfsburg,1. FC Union Berlin,Frederik Ronnow,True,Goalkeeper,1,start,end,1.0,0.0,1.0,0.0,0.0,0.0,0.0,0.0,3.0,12.0,0.0,0.0,0.0,0.0,
GER-Bundesliga,2425,2025-04-06 1. FC Union Berlin-VfL Wolfsburg,VfL Wolfsburg,Kamil Grabara,False,Goalkeeper,1,start,end,1.0,0.0,0.0,0.0,0.0,0.0,0.0,1.0,2.0,13.0,0.0,0.0,0.0,0.0,
GER-Bundesliga,2425,2025-04-06 St. Pauli-Borussia Mönchengladbach,Borussia Mönchengladbach,Tiago Pereira,False,Goalkeeper,1,start,end,1.0,0.0,0.0,0.0,0.0,0.0,0.0,1.0,8.0,25.0,0.0,0.0,0.0,0.0,
GER-Bundesliga,2425,2025-04-06 St. Pauli-Borussia Mönchengladbach,St. Pauli,Nikola Vasilj,True,Goalkeeper,1,start,end,1.0,0.0,0.0,0.0,0.0,0.0,0.0,1.0,2.0,4.0,0.0,0.0,0.0,0.0,
GER-Bundesliga,2425,2025-04-11 VfL Wolfsburg-RB Leipzig,RB Leipzig,Péter Gulácsi,False,Goalkeeper,1,start,end,1.0,0.0,1.0,0.0,0.0,0.0,0.0,2.0,4.0,14.0,0.0,0.0,0.0,0.0,
GER-Bundesliga,2425,2025-04-11 VfL Wolfsburg-RB Leipzig,VfL Wolfsburg,Kamil Grabara,True,Goalkeeper,1,start,end,1.0,0.0,0.0,0.0,0.0,0.0,0.0,3.0,2.0,13.0,0.0,0.0,0.0,0.0,
GER-Bundesliga,2425,2025-04-12 Bayer Leverkusen-1. FC Union Berlin,1. FC Union Berlin,Frederik Ronnow,False,Goalkeeper,1,start,end,1.0,0.0,0.0,0.0,0.0,0.0,0.0,0.0,4.0,17.0,0.0,0.0,0.0,0.0,
GER-Bundesliga,2425,2025-04-12 Bayer Leverkusen-1. FC Union Berlin,Bayer Leverkusen,Lukas Hradecky,True,Goalkeeper,1,start,end,1.0,0.0,0.0,0.0,0.0,0.0,0.0,0.0,3.0,6.0,0.0,0.0,0.0,0.0,
GER-Bundesliga,2425,2025-04-12 Bayern Munich-Borussia Dortmund,Bayern Munich,Jonas Urbig,True,Goalkeeper,1,start,end,1.0,0.0,0.0,0.0,0.0,0.0,0.0,2.0,1.0,7.0,0.0,0.0,0.0,0.0,
GER-Bundesliga,2425,2025-04-12 Bayern Munich-Borussia Dortmund,Borussia Dortmund,Gregor Kobel,False,Goalkeeper,1,start,end,1.0,0.0,0.0,0.0,0.0,0.0,0.0,2.0,9.0,25.0,0.0,0.0,0.0,0.0,
GER-Bundesliga,2425,2025-04-12 Borussia Mönchengladbach-SC Freiburg,Borussia Mönchengladbach,Tiago Pereira,True,Goalkeeper,1,start,end,1.0,0.0,0.0,0.0,0.0,0.0,0.0,2.0,5.0,17.0,0.0,0.0,0.0,0.0,
GER-Bundesliga,2425,2025-04-12 Borussia Mönchengladbach-SC Freiburg,SC Freiburg,Florian Müller,False,Goalkeeper,1,start,end,1.0,0.0,0.0,0.0,0.0,0.0,0.0,1.0,1.0,8.0,0.0,0.0,0.0,0.0,
GER-Bundesliga,2425,2025-04-12 Holstein Kiel-St. Pauli,Holstein Kiel,Thomas Dähne,True,Goalkeeper,1,start,end,1.0,0.0,0.0,0.0,0.0,0.0,0.0,2.0,5.0,13.0,0.0,0.0,0.0,0.0,
GER-Bundesliga,2425,2025-04-12 Holstein Kiel-St. Pauli,St. Pauli,Nikola Vasilj,False,Goalkeeper,1,start,end,1.0,0.0,1.0,0.0,0.0,0.0,0.0,1.0,1.0,5.0,0.0,0.0,0.0,0.0,
GER-Bundesliga,2425,2025-04-12 TSG Hoffenheim-Mainz,Mainz,Robin Zentner,False,Goalkeeper,1,start,end,1.0,0.0,0.0,0.0,0.0,0.0,0.0,2.0,3.0,6.0,0.0,0.0,0.0,0.0,
GER-Bundesliga,2425,2025-04-12 TSG Hoffenheim-Mainz,TSG Hoffenheim,Oliver Baumann,True,Goalkeeper,1,start,end,1.0,0.0,0.0,0.0,0.0,0.0,1.0,0.0,1.0,13.0,0.0,0.0,0.0,0.0,
GER-Bundesliga,2425,2025-04-12 VfL Bochum-FC Augsburg,FC Augsburg,Finn Dahmen,False,Goalkeeper,1,start,end,1.0,0.0,0.0,0.0,0.0,0.0,0.0,1.0,8.0,21.0,0.0,0.0,0.0,0.0,
GER-Bundesliga,2425,2025-04-12 VfL Bochum-FC Augsburg,VfL Bochum,Timo Horn,True,Goalkeeper,1,start,end,1.0,0.0,0.0,0.0,0.0,0.0,0.0,2.0,2.0,10.0,0.0,0.0,0.0,0.0,
GER-Bundesliga,2425,2025-04-13 Eintracht Frankfurt-1. FC Heidenheim 1846,1. FC Heidenheim 1846,Kevin Müller,False,Goalkeeper,1,start,end,1.0,0.0,0.0,0.0,0.0,0.0,0.0,3.0,5.0,16.0,0.0,0.0,0.0,0.0,
GER-Bundesliga,2425,2025-04-13 Eintracht Frankfurt-1. FC Heidenheim 1846,Eintracht Frankfurt,Kauã Santos,True,Goalkeeper,1,start,end,1.0,0.0,0.0,0.0,0.0,0.0,0.0,0.0,3.0,14.0,0.0,0.0,0.0,0.0,
GER-Bundesliga,2425,2025-04-13 VfB Stuttgart-Werder Bremen,VfB Stuttgart,Alexander Nübel,True,Goalkeeper,1,start,end,1.0,0.0,0.0,0.0,0.0,0.0,0.0,2.0,3.0,12.0,0.0,0.0,0.0,0.0,
GER-Bundesliga,2425,2025-04-13 VfB Stuttgart-Werder Bremen,Werder Bremen,Michael Zetterer,False,Goalkeeper,1,start,end,1.0,0.0,0.0,0.0,0.0,0.0,0.0,1.0,3.0,11.0,0.0,0.0,0.0,0.0,
GER-Bundesliga,2425,2025-04-19 1. FC Heidenheim 1846-Bayern Munich,1. FC Heidenheim 1846,Kevin Müller,True,Goalkeeper,1,start,end,1.0,0.0,0.0,0.0,0.0,0.0,0.0,4.0,7.0,13.0,0.0,0.0,0.0,0.0,
GER-Bundesliga,2425,2025-04-19 1. FC Heidenheim 1846-Bayern Munich,Bayern Munich,Jonas Urbig,False,Goalkeeper,1,start,end,1.0,0.0,0.0,0.0,0.0,0.0,0.0,0.0,1.0,4.0,0.0,0.0,0.0,0.0,
GER-Bundesliga,2425,2025-04-19 1. FC Union Berlin-VfB Stuttgart,1. FC Union Berlin,Frederik Ronnow,True,Goalkeeper,1,start,end,1.0,0.0,0.0,0.0,0.0,0.0,0.0,4.0,2.0,8.0,0.0,0.0,0.0,0.0,
GER-Bundesliga,2425,2025-04-19 1. FC Union Berlin-VfB Stuttgart,VfB Stuttgart,Alexander Nübel,False,Goalkeeper,1,start,end,1.0,0.0,0.0,0.0,0.0,0.0,0.0,4.0,1.0,8.0,0.0,0.0,0.0,0.0,
GER-Bundesliga,2425,2025-04-19 Mainz-VfL Wolfsburg,Mainz,Robin Zentner,True,Goalkeeper,1,start,end,1.0,0.0,0.0,0.0,0.0,0.0,0.0,2.0,2.0,14.0,0.0,0.0,0.0,0.0,
GER-Bundesliga,2425,2025-04-19 Mainz-VfL Wolfsburg,VfL Wolfsburg,Kamil Grabara,False,Goalkeeper,1,start,end,1.0,0.0,1.0,0.0,0.0,0.0,0.0,2.0,5.0,15.0,0.0,0.0,0.0,0.0,
GER-Bundesliga,2425,2025-04-19 RB Leipzig-Holstein Kiel,Holstein Kiel,Thomas Dähne,False,Goalkeeper,1,start,end,1.0,1.0,0.0,0.0,0.0,0.0,0.0,1.0,3.0,9.0,0.0,0.0,0.0,0.0,
GER-Bundesliga,2425,2025-04-19 RB Leipzig-Holstein Kiel,RB Leipzig,Péter Gulácsi,True,Goalkeeper,1,start,67,1.0,0.0,0.0,0.0,0.0,0.0,0.0,1.0,1.0,11.0,0.0,0.0,0.0,0.0,
GER-Bundesliga,2425,2025-04-19 SC Freiburg-TSG Hoffenheim,SC Freiburg,Florian Müller,True,Goalkeeper,1,start,end,1.0,0.0,1.0,0.0,0.0,0.0,0.0,2.0,4.0,17.0,0.0,0.0,0.0,0.0,
GER-Bundesliga,2425,2025-04-19 SC Freiburg-TSG Hoffenheim,TSG Hoffenheim,Oliver Baumann,False,Goalkeeper,1,start,end,1.0,0.0,0.0,0.0,0.0,0.0,0.0,3.0,3.0,10.0,0.0,0.0,0.0,0.0,
GER-Bundesliga,2425,2025-04-19 Werder Bremen-VfL Bochum,VfL Bochum,Timo Horn,False,Goalkeeper,1,start,end,1.0,0.0,0.0,0.0,0.0,0.0,1.0,1.0,3.0,12.0,0.0,0.0,0.0,0.0,
GER-Bundesliga,2425,2025-04-19 Werder Bremen-VfL Bochum,Werder Bremen,Michael Zetterer,True,Goalkeeper,1,start,end,1.0,0.0,1.0,0.0,0.0,0.0,0.0,0.0,1.0,12.0,0.0,0.0,0.0,0.0,
GER-Bundesliga,2425,2025-04-20 Borussia Dortmund-Borussia Mönchengladbach,Borussia Dortmund,Gregor Kobel,True,Goalkeeper,1,start,end,1.0,0.0,0.0,0.0,0.0,0.0,0.0,2.0,1.0,4.0,0.0,0.0,0.0,0.0,
GER-Bundesliga,2425,2025-04-20 Borussia Dortmund-Borussia Mönchengladbach,Borussia Mönchengladbach,Jonas Omlin,False,Goalkeeper,1,start,end,1.0,0.0,0.0,0.0,0.0,0.0,0.0,3.0,3.0,10.0,0.0,0.0,0.0,0.0,
GER-Bundesliga,2425,2025-04-20 FC Augsburg-Eintracht Frankfurt,Eintracht Frankfurt,Kevin Trapp,False,Goalkeeper,1,start,end,1.0,0.0,0.0,0.0,0.0,0.0,0.0,0.0,2.0,13.0,0.0,0.0,0.0,0.0,
GER-Bundesliga,2425,2025-04-20 FC Augsburg-Eintracht Frankfurt,FC Augsburg,Finn Dahmen,True,Goalkeeper,1,start,end,1.0,0.0,0.0,0.0,0.0,0.0,0.0,0.0,4.0,8.0,0.0,0.0,0.0,0.0,
GER-Bundesliga,2425,2025-04-20 St. Pauli-Bayer Leverkusen,Bayer Leverkusen,Lukas Hradecky,False,Goalkeeper,1,start,end,1.0,0.0,0.0,0.0,0.0,0.0,1.0,1.0,4.0,9.0,0.0,0.0,0.0,0.0,
GER-Bundesliga,2425,2025-04-20 St. Pauli-Bayer Leverkusen,St. Pauli,Nikola Vasilj,True,Goalkeeper,1,start,end,1.0,0.0,0.0,0.0,0.0,0.0,0.0,1.0,3.0,5.0,0.0,0.0,0.0,0.0,
GER-Bundesliga,2425,2025-04-25 VfB Stuttgart-1. FC Heidenheim 1846,1. FC Heidenheim 1846,Kevin Müller,False,Goalkeeper,1,start,end,1.0,0.0,1.0,0.0,0.0,0.0,0.0,0.0,3.0,19.0,0.0,0.0,0.0,0.0,
GER-Bundesliga,2425,2025-04-25 VfB Stuttgart-1. FC Heidenheim 1846,VfB Stuttgart,Alexander Nübel,True,Goalkeeper,1,start,end,1.0,0.0,0.0,0.0,0.0,0.0,0.0,1.0,2.0,5.0,0.0,0.0,0.0,0.0,
GER-Bundesliga,2425,2025-04-26 Bayer Leverkusen-FC Augsburg,Bayer Leverkusen,Matej Kovár,True,Goalkeeper,1,start,end,1.0,0.0,0.0,0.0,0.0,0.0,0.0,0.0,2.0,11.0,0.0,0.0,0.0,0.0,
GER-Bundesliga,2425,2025-04-26 Bayer Leverkusen-FC Augsburg,FC Augsburg,Finn Dahmen,False,Goalkeeper,1,start,end,1.0,0.0,0.0,0.0,0.0,0.0,0.0,2.0,3.0,11.0,0.0,0.0,0.0,0.0,
GER-Bundesliga,2425,2025-04-26 Bayern Munich-Mainz,Bayern Munich,Jonas Urbig,True,Goalkeeper,1,start,end,1.0,0.0,0.0,0.0,0.0,0.0,0.0,0.0,3.0,8.0,0.0,0.0,0.0,0.0,
GER-Bundesliga,2425,2025-04-26 Bayern Munich-Mainz,Mainz,Robin Zentner,False,Goalkeeper,1,start,end,1.0,0.0,0.0,0.0,0.0,0.0,0.0,3.0,3.0,11.0,0.0,0.0,0.0,0.0,
GER-Bundesliga,2425,2025-04-26 Eintracht Frankfurt-RB Leipzig,Eintracht Frankfurt,Kevin Trapp,True,Goalkeeper,1,start,end,1.0,0.0,0.0,0.0,0.0,0.0,0.0,0.0,3.0,7.0,0.0,0.0,0.0,0.0,
GER-Bundesliga,2425,2025-04-26 Eintracht Frankfurt-RB Leipzig,RB Leipzig,Maarten Vandevoordt,False,Goalkeeper,1,start,end,1.0,0.0,0.0,0.0,0.0,0.0,0.0,4.0,2.0,5.0,0.0,0.0,0.0,0.0,
GER-Bundesliga,2425,2025-04-26 Holstein Kiel-Borussia Mönchengladbach,Borussia Mönchengladbach,Jonas Omlin,False,Goalkeeper,1,start,end,1.0,0.0,1.0,0.0,0.0,0.0,0.0,4.0,7.0,17.0,0.0,0.0,0.0,0.0,
GER-Bundesliga,2425,2025-04-26 Holstein Kiel-Borussia Mönchengladbach,Holstein Kiel,Thomas Dähne,True,Goalkeeper,1,start,end,1.0,0.0,0.0,0.0,0.0,0.0,0.0,3.0,4.0,12.0,0.0,0.0,0.0,0.0,
GER-Bundesliga,2425,2025-04-26 TSG Hoffenheim-Borussia Dortmund,Borussia Dortmund,Gregor Kobel,False,Goalkeeper,1,start,end,1.0,0.0,0.0,0.0,0.0,0.0,0.0,2.0,1.0,9.0,0.0,0.0,0.0,0.0,
GER-Bundesliga,2425,2025-04-26 TSG Hoffenheim-Borussia Dortmund,TSG Hoffenheim,Oliver Baumann,True,Goalkeeper,1,start,end,1.0,0.0,0.0,0.0,0.0,0.0,0.0,3.0,5.0,12.0,0.0,0.0,0.0,0.0,
GER-Bundesliga,2425,2025-04-26 VfL Wolfsburg-SC Freiburg,SC Freiburg,Florian Müller,False,Goalkeeper,1,start,end,1.0,0.0,0.0,0.0,0.0,0.0,0.0,0.0,1.0,9.0,0.0,0.0,0.0,0.0,
GER-Bundesliga,2425,2025-04-26 VfL Wolfsburg-SC Freiburg,VfL Wolfsburg,Kamil Grabara,True,Goalkeeper,1,start,end,1.0,0.0,1.0,0.0,0.0,0.0,0.0,1.0,1.0,14.0,0.0,0.0,0.0,0.0,
GER-Bundesliga,2425,2025-04-27 VfL Bochum-1. FC Union Berlin,1. FC Union Berlin,Frederik Ronnow,False,Goalkeeper,1,start,end,1.0,0.0,1.0,0.0,0.0,0.0,0.0,1.0,2.0,7.0,0.0,0.0,0.0,0.0,
GER-Bundesliga,2425,2025-04-27 VfL Bochum-1. FC Union Berlin,VfL Bochum,Timo Horn,True,Goalkeeper,1,start,end,1.0,0.0,0.0,0.0,0.0,0.0,0.0,1.0,1.0,3.0,0.0,0.0,0.0,0.0,
GER-Bundesliga,2425,2025-04-27 Werder Bremen-St. Pauli,St. Pauli,Nikola Vasilj,False,Goalkeeper,1,start,end,1.0,0.0,0.0,0.0,0.0,0.0,0.0,0.0,2.0,11.0,0.0,0.0,0.0,0.0,
GER-Bundesliga,2425,2025-04-27 Werder Bremen-St. Pauli,Werder Bremen,Michael Zetterer,True,Goalkeeper,1,start,end,1.0,0.0,1.0,0.0,0.0,0.0,0.0,0.0,4.0,10.0,0.0,0.0,0.0,0.0,
GER-Bundesliga,2425,2025-05-02 1. FC Heidenheim 1846-VfL Bochum,1. FC Heidenheim 1846,Kevin Müller,True,Goalkeeper,1,start,60,1.0,0.0,1.0,0.0,0.0,0.0,0.0,0.0,2.0,7.0,0.0,0.0,0.0,0.0,
GER-Bundesliga,2425,2025-05-02 1. FC Heidenheim 1846-VfL Bochum,VfL Bochum,Timo Horn,False,Goalkeeper,1,start,end,1.0,0.0,0.0,0.0,0.0,0.0,0.0,0.0,3.0,12.0,0.0,0.0,0.0,0.0,
GER-Bundesliga,2425,2025-05-03 1. FC Union Berlin-Werder Bremen,1. FC Union Berlin,Frederik Ronnow,True,Goalkeeper,1,start,end,1.0,0.0,0.0,0.0,0.0,0.0,0.0,2.0,4.0,11.0,0.0,0.0,0.0,0.0,
GER-Bundesliga,2425,2025-05-03 1. FC Union Berlin-Werder Bremen,Werder Bremen,Michael Zetterer,False,Goalkeeper,1,start,end,1.0,0.0,0.0,0.0,0.0,0.0,0.0,2.0,6.0,16.0,0.0,0.0,0.0,0.0,
GER-Bundesliga,2425,2025-05-03 Borussia Dortmund-VfL Wolfsburg,Borussia Dortmund,Gregor Kobel,True,Goalkeeper,1,start,end,1.0,0.0,0.0,0.0,0.0,0.0,0.0,0.0,2.0,11.0,0.0,0.0,0.0,0.0,
GER-Bundesliga,2425,2025-05-03 Borussia Dortmund-VfL Wolfsburg,VfL Wolfsburg,Kamil Grabara,False,Goalkeeper,1,start,end,1.0,0.0,1.0,0.0,0.0,0.0,0.0,4.0,1.0,8.0,0.0,0.0,0.0,0.0,
GER-Bundesliga,2425,2025-05-03 Borussia Mönchengladbach-TSG Hoffenheim,Borussia Mönchengladbach,Jonas Omlin,True,Goalkeeper,1,start,end,1.0,0.0,0.0,0.0,0.0,0.0,0.0,4.0,4.0,21.0,0.0,0.0,0.0,0.0,
GER-Bundesliga,2425,2025-05-03 Borussia Mönchengladbach-TSG Hoffenheim,TSG Hoffenheim,Luca Philipp,False,Goalkeeper,1,start,end,1.0,0.0,0.0,0.0,0.0,0.0,0.0,4.0,3.0,8.0,0.0,0.0,0.0,0.0,
GER-Bundesliga,2425,2025-05-03 RB Leipzig-Bayern Munich,Bayern Munich,Jonas Urbig,False,Goalkeeper,1,start,end,1.0,0.0,0.0,0.0,0.0,0.0,0.0,3.0,3.0,5.0,0.0,0.0,0.0,0.0,
GER-Bundesliga,2425,2025-05-03 RB Leipzig-Bayern Munich,RB Leipzig,Maarten Vandevoordt,True,Goalkeeper,1,start,end,1.0,0.0,0.0,0.0,0.0,0.0,0.0,3.0,4.0,17.0,0.0,0.0,0.0,0.0,
GER-Bundesliga,2425,2025-05-03 St. Pauli-VfB Stuttgart,St. Pauli,Nikola Vasilj,True,Goalkeeper,1,start,end,1.0,0.0,0.0,0.0,1.0,0.0,1.0,1.0,6.0,18.0,0.0,0.0,0.0,0.0,
GER-Bundesliga,2425,2025-05-03 St. Pauli-VfB Stuttgart,VfB Stuttgart,Alexander Nübel,False,Goalkeeper,1,start,end,1.0,0.0,0.0,0.0,0.0,0.0,0.0,0.0,1.0,6.0,0.0,0.0,0.0,0.0,
GER-Bundesliga,2425,2025-05-04 FC Augsburg-Holstein Kiel,FC Augsburg,Finn Dahmen,True,Goalkeeper,1,start,end,1.0,0.0,0.0,0.0,0.0,0.0,0.0,3.0,1.0,4.0,0.0,0.0,0.0,0.0,
GER-Bundesliga,2425,2025-05-04 FC Augsburg-Holstein Kiel,Holstein Kiel,Thomas Dähne,False,Goalkeeper,1,start,end,1.0,0.0,0.0,0.0,0.0,0.0,0.0,1.0,9.0,25.0,0.0,0.0,0.0,0.0,
GER-Bundesliga,2425,2025-05-04 Mainz-Eintracht Frankfurt,Eintracht Frankfurt,Kevin Trapp,False,Goalkeeper,1,start,end,1.0,0.0,0.0,0.0,0.0,0.0,0.0,1.0,2.0,11.0,0.0,0.0,0.0,0.0,
GER-Bundesliga,2425,2025-05-04 Mainz-Eintracht Frankfurt,Mainz,Lasse Rieß,True,Goalkeeper,1,start,end,1.0,0.0,0.0,0.0,0.0,0.0,0.0,1.0,1.0,7.0,0.0,0.0,0.0,0.0,
GER-Bundesliga,2425,2025-05-04 SC Freiburg-Bayer Leverkusen,Bayer Leverkusen,Matej Kovár,False,Goalkeeper,1,start,end,1.0,0.0,0.0,0.0,0.0,0.0,0.0,2.0,2.0,6.0,0.0,0.0,0.0,0.0,
GER-Bundesliga,2425,2025-05-04 SC Freiburg-Bayer Leverkusen,SC Freiburg,Florian Müller,True,Goalkeeper,1,start,end,1.0,0.0,0.0,0.0,0.0,0.0,0.0,2.0,0.0,3.0,0.0,0.0,0.0,0.0,
GER-Bundesliga,2425,2025-05-09 VfL Wolfsburg-TSG Hoffenheim,TSG Hoffenheim,Oliver Baumann,False,Goalkeeper,1,start,end,1.0,0.0,0.0,0.0,0.0,0.0,0.0,2.0,4.0,13.0,0.0,0.0,0.0,0.0,
GER-Bundesliga,2425,2025-05-09 VfL Wolfsburg-TSG Hoffenheim,VfL Wolfsburg,Kamil Grabara,True,Goalkeeper,1,start,end,1.0,0.0,0.0,0.0,0.0,0.0,0.0,2.0,5.0,15.0,0.0,0.0,0.0,0.0,
GER-Bundesliga,2425,2025-05-10 1. FC Union Berlin-1. FC Heidenheim 1846,1. FC Heidenheim 1846,Frank Feller,False,Goalkeeper,1,start,end,1.0,0.0,0.0,0.0,0.0,0.0,0.0,0.0,1.0,10.0,0.0,0.0,0.0,0.0,
GER-Bundesliga,2425,2025-05-10 1. FC Union Berlin-1. FC Heidenheim 1846,1. FC Union Berlin,Frederik Ronnow,True,Goalkeeper,1,start,end,1.0,0.0,0.0,0.0,0.0,0.0,0.0,3.0,1.0,5.0,0.0,0.0,0.0,0.0,
GER-Bundesliga,2425,2025-05-10 Bayern Munich-Borussia Mönchengladbach,Bayern Munich,Manuel Neuer,True,Goalkeeper,1,start,end,1.0,0.0,0.0,0.0,0.0,0.0,0.0,0.0,7.0,15.0,0.0,0.0,0.0,0.0,
GER-Bundesliga,2425,2025-05-10 Bayern Munich-Borussia Mönchengladbach,Borussia Mönchengladbach,Jonas Omlin,False,Goalkeeper,1,start,end,1.0,0.0,0.0,0.0,0.0,0.0,0.0,2.0,7.0,20.0,0.0,0.0,0.0,0.0,
GER-Bundesliga,2425,2025-05-10 Holstein Kiel-SC Freiburg,Holstein Kiel,Thomas Dähne,True,Goalkeeper,1,start,end,1.0,0.0,0.0,0.0,0.0,0.0,0.0,2.0,1.0,7.0,0.0,0.0,0.0,0.0,
GER-Bundesliga,2425,2025-05-10 Holstein Kiel-SC Freiburg,SC Freiburg,Noah Atubolu,False,Goalkeeper,1,start,end,1.0,0.0,0.0,0.0,0.0,0.0,0.0,1.0,2.0,14.0,0.0,0.0,0.0,0.0,
GER-Bundesliga,2425,2025-05-10 VfL Bochum-Mainz,Mainz,Lasse Rieß,False,Goalkeeper,1,start,end,1.0,0.0,0.0,0.0,0.0,0.0,0.0,1.0,5.0,10.0,0.0,0.0,0.0,0.0,
GER-Bundesliga,2425,2025-05-10 VfL Bochum-Mainz,VfL Bochum,Timo Horn,True,Goalkeeper,1,start,end,1.0,0.0,0.0,0.0,0.0,0.0,0.0,4.0,3.0,18.0,0.0,0.0,0.0,0.0,
GER-Bundesliga,2425,2025-05-10 Werder Bremen-RB Leipzig,RB Leipzig,Péter Gulácsi,False,Goalkeeper,1,start,end,1.0,0.0,0.0,0.0,0.0,0.0,0.0,0.0,5.0,20.0,0.0,0.0,0.0,0.0,
GER-Bundesliga,2425,2025-05-10 Werder Bremen-RB Leipzig,Werder Bremen,Michael Zetterer,True,Goalkeeper,1,start,end,1.0,0.0,0.0,0.0,0.0,0.0,0.0,0.0,4.0,15.0,0.0,0.0,0.0,0.0,
GER-Bundesliga,2425,2025-05-11 Bayer Leverkusen-Borussia Dortmund,Bayer Leverkusen,Lukas Hradecky,True,Goalkeeper,1,start,end,1.0,0.0,0.0,0.0,0.0,0.0,0.0,4.0,1.0,5.0,0.0,0.0,0.0,0.0,
GER-Bundesliga,2425,2025-05-11 Bayer Leverkusen-Borussia Dortmund,Borussia Dortmund,Gregor Kobel,False,Goalkeeper,1,start,end,1.0,0.0,1.0,0.0,0.0,0.0,0.0,2.0,8.0,17.0,0.0,0.0,0.0,0.0,
GER-Bundesliga,2425,2025-05-11 Eintracht Frankfurt-St. Pauli,Eintracht Frankfurt,Kevin Trapp,True,Goalkeeper,1,start,end,1.0,0.0,0.0,0.0,0.0,0.0,0.0,2.0,0.0,3.0,0.0,0.0,0.0,0.0,
GER-Bundesliga,2425,2025-05-11 Eintracht Frankfurt-St. Pauli,St. Pauli,Ben Voll,False,Goalkeeper,1,start,end,1.0,0.0,0.0,0.0,0.0,0.0,1.0,2.0,4.0,13.0,0.0,0.0,0.0,0.0,
GER-Bundesliga,2425,2025-05-11 VfB Stuttgart-FC Augsburg,FC Augsburg,Finn Dahmen,False,Goalkeeper,1,start,end,1.0,0.0,0.0,0.0,0.0,0.0,0.0,4.0,7.0,25.0,0.0,0.0,0.0,0.0,
GER-Bundesliga,2425,2025-05-11 VfB Stuttgart-FC Augsburg,VfB Stuttgart,Alexander Nübel,True,Goalkeeper,1,start,end,1.0,0.0,0.0,0.0,0.0,0.0,0.0,0.0,0.0,7.0,0.0,0.0,0.0,0.0,
GER-Bundesliga,2425,2025-05-17 1. FC Heidenheim 1846-Werder Bremen,1. FC Heidenheim 1846,Kevin Müller,True,Goalkeeper,1,start,end,1.0,0.0,0.0,0.0,0.0,0.0,0.0,4.0,2.0,9.0,0.0,0.0,0.0,0.0,
GER-Bundesliga,2425,2025-05-17 1. FC Heidenheim 1846-Werder Bremen,Werder Bremen,Michael Zetterer,False,Goalkeeper,1,start,end,1.0,0.0,0.0,0.0,0.0,0.0,0.0,1.0,7.0,19.0,0.0,0.0,0.0,0.0,
GER-Bundesliga,2425,2025-05-17 Borussia Dortmund-Holstein Kiel,Borussia Dortmund,Gregor Kobel,True,Goalkeeper,1,start,end,1.0,0.0,0.0,0.0,0.0,0.0,0.0,0.0,2.0,4.0,0.0,0.0,0.0,0.0,
GER-Bundesliga,2425,2025-05-17 Borussia Dortmund-Holstein Kiel,Holstein Kiel,Thomas Dähne,False,Goalkeeper,1,start,end,1.0,0.0,1.0,0.0,0.0,0.0,0.0,3.0,3.0,16.0,0.0,0.0,0.0,0.0,
GER-Bundesliga,2425,2025-05-17 Borussia Mönchengladbach-VfL Wolfsburg,Borussia Mönchengladbach,Jonas Omlin,True,Goalkeeper,1,start,end,1.0,0.0,0.0,0.0,0.0,0.0,0.0,1.0,5.0,16.0,0.0,0.0,0.0,0.0,
GER-Bundesliga,2425,2025-05-17 Borussia Mönchengladbach-VfL Wolfsburg,VfL Wolfsburg,Kamil Grabara,False,Goalkeeper,1,start,end,1.0,0.0,0.0,0.0,0.0,0.0,0.0,0.0,4.0,16.0,0.0,0.0,0.0,0.0,
GER-Bundesliga,2425,2025-05-17 FC Augsburg-1. FC Union Berlin,1. FC Union Berlin,Alexander Schwolow,False,Goalkeeper,1,start,end,1.0,0.0,0.0,0.0,0.0,0.0,0.0,1.0,3.0,18.0,0.0,0.0,0.0,0.0,
GER-Bundesliga,2425,2025-05-17 FC Augsburg-1. FC Union Berlin,FC Augsburg,Finn Dahmen,True,Goalkeeper,1,start,end,1.0,0.0,0.0,0.0,0.0,0.0,0.0,2.0,1.0,3.0,0.0,0.0,0.0,0.0,
GER-Bundesliga,2425,2025-05-17 Mainz-Bayer Leverkusen,Bayer Leverkusen,Lukas Hradecky,False,Goalkeeper,1,start,end,1.0,0.0,1.0,0.0,0.0,0.0,0.0,2.0,4.0,17.0,0.0,0.0,0.0,0.0,
GER-Bundesliga,2425,2025-05-17 Mainz-Bayer Leverkusen,Mainz,Robin Zentner,True,Goalkeeper,1,start,end,1.0,0.0,0.0,0.0,0.0,0.0,0.0,2.0,2.0,5.0,0.0,0.0,0.0,0.0,
GER-Bundesliga,2425,2025-05-17 RB Leipzig-VfB Stuttgart,RB Leipzig,Péter Gulácsi,True,Goalkeeper,1,start,end,1.0,0.0,0.0,0.0,0.0,0.0,0.0,3.0,5.0,13.0,0.0,0.0,0.0,0.0,
GER-Bundesliga,2425,2025-05-17 RB Leipzig-VfB Stuttgart,VfB Stuttgart,Alexander Nübel,False,Goalkeeper,1,start,end,1.0,0.0,0.0,0.0,0.0,0.0,0.0,2.0,3.0,6.0,0.0,0.0,0.0,0.0,
GER-Bundesliga,2425,2025-05-17 SC Freiburg-Eintracht Frankfurt,Eintracht Frankfurt,Kevin Trapp,False,Goalkeeper,1,start,end,1.0,0.0,0.0,0.0,0.0,0.0,0.0,1.0,0.0,7.0,0.0,0.0,0.0,0.0,
GER-Bundesliga,2425,2025-05-17 SC Freiburg-Eintracht Frankfurt,SC Freiburg,Noah Atubolu,True,Goalkeeper,1,start,end,1.0,0.0,0.0,0.0,0.0,0.0,0.0,3.0,3.0,8.0,0.0,0.0,0.0,0.0,
GER-Bundesliga,2425,2025-05-17 St. Pauli-VfL Bochum,St. Pauli,Nikola Vasilj,True,Goalkeeper,1,start,end,1.0,0.0,0.0,0.0,0.0,0.0,0.0,2.0,4.0,7.0,0.0,0.0,0.0,0.0,
GER-Bundesliga,2425,2025-05-17 St. Pauli-VfL Bochum,VfL Bochum,Timo Horn,False,Goalkeeper,1,start,end,1.0,0.0,0.0,0.0,0.0,0.0,0.0,0.0,2.0,10.0,0.0,0.0,0.0,0.0,
GER-Bundesliga,2425,2025-05-17 TSG Hoffenheim-Bayern Munich,Bayern Munich,Manuel Neuer,False,Goalkeeper,1,start,end,1.0,0.0,0.0,0.0,0.0,0.0,0.0,0.0,2.0,6.0,0.0,0.0,0.0,0.0,
GER-Bundesliga,2425,2025-05-17 TSG Hoffenheim-Bayern Munich,TSG Hoffenheim,Oliver Baumann,True,Goalkeeper,1,start,end,1.0,0.0,1.0,0.0,0.0,0.0,0.0,4.0,2.0,10.0,0.0,0.0,0.0,0.0,
