league,season,game,team,player,is_home,position,formation_place,sub_in,sub_out,appearances,fouls_committed,fouls_suffered,own_goals,red_cards,sub_ins,yellow_cards,goals_conceded,saves,shots_faced,goal_assists,shots_on_target,total_goals,total_shots,offsides
ITA-Serie A,2526,2025-08-23 AC Milan-Cremonese,AC Milan,Mike Maignan,True,Goalkeeper,1,start,end,1.0,0.0,0.0,0.0,0.0,0.0,0.0,2.0,1.0,0.0,0.0,0.0,0.0,0.0,
ITA-Serie A,2526,2025-08-23 AC Milan-Cremonese,Cremonese,Emil Audero,False,Goalkeeper,1,start,end,1.0,0.0,0.0,0.0,0.0,0.0,0.0,1.0,4.0,0.0,0.0,0.0,0.0,0.0,
ITA-Serie A,2526,2025-08-23 AS Roma-Bologna,AS Roma,Mile Svilar,True,Goalkeeper,1,start,end,1.0,0.0,0.0,0.0,0.0,0.0,0.0,0.0,2.0,0.0,0.0,0.0,0.0,0.0,
ITA-Serie A,2526,2025-08-23 AS Roma-Bologna,Bologna,Lukasz Skorupski,False,Goalkeeper,1,start,end,1.0,0.0,0.0,0.0,0.0,0.0,0.0,1.0,3.0,0.0,0.0,0.0,0.0,0.0,
ITA-Serie A,2526,2025-08-23 Genoa-Lecce,Genoa,Nicola Leali,True,Goalkeeper,1,start,end,1.0,0.0,0.0,0.0,0.0,0.0,0.0,0.0,0.0,0.0,0.0,0.0,0.0,0.0,
ITA-Serie A,2526,2025-08-23 Genoa-Lecce,Lecce,Wladimiro Falcone,False,Goalkeeper,1,start,end,1.0,0.0,2.0,0.0,0.0,0.0,0.0,0.0,2.0,0.0,0.0,0.0,0.0,0.0,
ITA-Serie A,2526,2025-08-23 Sassuolo-Napoli,Napoli,Alex Meret,False,Goalkeeper,1,start,end,1.0,0.0,1.0,0.0,0.0,0.0,0.0,0.0,2.0,0.0,0.0,0.0,0.0,0.0,
ITA-Serie A,2526,2025-08-23 Sassuolo-Napoli,Sassuolo,Stefano Turati,True,Goalkeeper,1,start,end,1.0,0.0,0.0,0.0,0.0,0.0,0.0,2.0,2.0,0.0,0.0,0.0,0.0,0.0,
ITA-Serie A,2526,2025-08-24 Atalanta-Pisa,Atalanta,Marco Carnesecchi,True,Goalkeeper,1,start,end,1.0,0.0,0.0,0.0,0.0,0.0,0.0,1.0,2.0,0.0,0.0,0.0,0.0,0.0,
ITA-Serie A,2526,2025-08-24 Atalanta-Pisa,Pisa,Adrian Semper,False,Goalkeeper,1,start,end,1.0,0.0,0.0,0.0,0.0,0.0,0.0,1.0,5.0,0.0,0.0,0.0,0.0,0.0,
ITA-Serie A,2526,2025-08-24 Cagliari-Fiorentina,Cagliari,Elia Caprile,True,Goalkeeper,1,start,end,1.0,0.0,0.0,0.0,0.0,0.0,0.0,1.0,0.0,0.0,0.0,0.0,0.0,0.0,
ITA-Serie A,2526,2025-08-24 Cagliari-Fiorentina,Fiorentina,David de Gea,False,Goalkeeper,1,start,end,1.0,0.0,0.0,0.0,0.0,0.0,0.0,1.0,4.0,0.0,0.0,0.0,0.0,0.0,
ITA-Serie A,2526,2025-08-24 Como-Lazio,Como,Jean Butez,True,Goalkeeper,1,start,end,1.0,0.0,0.0,0.0,0.0,0.0,0.0,0.0,1.0,0.0,0.0,0.0,0.0,0.0,
ITA-Serie A,2526,2025-08-24 Como-Lazio,Lazio,Ivan Provedel,False,Goalkeeper,1,start,end,1.0,0.0,0.0,0.0,0.0,0.0,0.0,2.0,4.0,0.0,0.0,0.0,0.0,0.0,
ITA-Serie A,2526,2025-08-24 Juventus-Parma,Juventus,Michele Di Gregorio,True,Goalkeeper,1,start,end,1.0,0.0,1.0,0.0,0.0,0.0,0.0,0.0,1.0,0.0,0.0,0.0,0.0,0.0,
ITA-Serie A,2526,2025-08-24 Juventus-Parma,Parma,Zion Suzuki,False,Goalkeeper,1,start,end,1.0,0.0,0.0,0.0,0.0,0.0,1.0,2.0,6.0,0.0,0.0,0.0,0.0,0.0,
ITA-Serie A,2526,2025-08-25 Internazionale-Torino,Internazionale,Yann Sommer,True,Goalkeeper,1,start,end,1.0,0.0,0.0,0.0,0.0,0.0,0.0,0.0,4.0,0.0,0.0,0.0,0.0,0.0,
ITA-Serie A,2526,2025-08-25 Internazionale-Torino,Torino,Franco Israel,False,Goalkeeper,1,start,end,1.0,0.0,0.0,0.0,0.0,0.0,0.0,5.0,4.0,0.0,0.0,0.0,0.0,0.0,
ITA-Serie A,2526,2025-08-25 Udinese-Hellas Verona,Hellas Verona,Lorenzo Montipò,False,Goalkeeper,1,start,end,1.0,0.0,0.0,0.0,0.0,0.0,0.0,1.0,4.0,0.0,0.0,0.0,0.0,0.0,
ITA-Serie A,2526,2025-08-25 Udinese-Hellas Verona,Udinese,Razvan Sava,True,Goalkeeper,1,start,end,1.0,0.0,0.0,0.0,0.0,0.0,0.0,1.0,2.0,0.0,0.0,0.0,0.0,0.0,
ITA-Serie A,2526,2025-08-29 Cremonese-Sassuolo,Cremonese,Emil Audero,True,Goalkeeper,1,start,end,1.0,0.0,0.0,0.0,0.0,0.0,0.0,2.0,4.0,0.0,0.0,0.0,0.0,0.0,
ITA-Serie A,2526,2025-08-29 Cremonese-Sassuolo,Sassuolo,Arijanet Muric,False,Goalkeeper,1,start,end,1.0,0.0,0.0,0.0,0.0,0.0,0.0,3.0,3.0,0.0,0.0,0.0,0.0,0.0,
ITA-Serie A,2526,2025-08-29 Lecce-AC Milan,AC Milan,Mike Maignan,False,Goalkeeper,1,start,end,1.0,0.0,0.0,0.0,0.0,0.0,0.0,0.0,2.0,0.0,0.0,0.0,0.0,0.0,
ITA-Serie A,2526,2025-08-29 Lecce-AC Milan,Lecce,Wladimiro Falcone,True,Goalkeeper,1,start,end,1.0,0.0,0.0,0.0,0.0,0.0,0.0,2.0,4.0,0.0,0.0,0.0,0.0,0.0,
ITA-Serie A,2526,2025-08-30 Bologna-Como,Bologna,Lukasz Skorupski,True,Goalkeeper,1,start,end,1.0,0.0,0.0,0.0,0.0,0.0,0.0,0.0,2.0,0.0,0.0,0.0,0.0,0.0,
ITA-Serie A,2526,2025-08-30 Bologna-Como,Como,Jean Butez,False,Goalkeeper,1,start,end,1.0,0.0,0.0,0.0,0.0,0.0,0.0,1.0,1.0,0.0,0.0,0.0,0.0,0.0,
ITA-Serie A,2526,2025-08-30 Napoli-Cagliari,Cagliari,Elia Caprile,False,Goalkeeper,1,start,end,1.0,0.0,1.0,0.0,0.0,0.0,0.0,1.0,5.0,0.0,0.0,0.0,0.0,0.0,
ITA-Serie A,2526,2025-08-30 Napoli-Cagliari,Napoli,Alex Meret,True,Goalkeeper,1,start,end,1.0,0.0,0.0,0.0,0.0,0.0,0.0,0.0,1.0,0.0,0.0,0.0,0.0,0.0,
ITA-Serie A,2526,2025-08-30 Parma-Atalanta,Atalanta,Marco Carnesecchi,False,Goalkeeper,1,start,end,1.0,0.0,0.0,0.0,0.0,0.0,0.0,1.0,2.0,0.0,0.0,0.0,0.0,0.0,
ITA-Serie A,2526,2025-08-30 Parma-Atalanta,Parma,Zion Suzuki,True,Goalkeeper,1,start,end,1.0,0.0,0.0,0.0,0.0,0.0,0.0,1.0,2.0,0.0,0.0,0.0,0.0,0.0,
ITA-Serie A,2526,2025-08-30 Pisa-AS Roma,AS Roma,Mile Svilar,False,Goalkeeper,1,start,end,1.0,0.0,0.0,0.0,0.0,0.0,0.0,0.0,3.0,0.0,0.0,0.0,0.0,0.0,
ITA-Serie A,2526,2025-08-30 Pisa-AS Roma,Pisa,Adrian Semper,True,Goalkeeper,1,start,end,1.0,0.0,1.0,0.0,0.0,0.0,0.0,1.0,4.0,0.0,0.0,0.0,0.0,0.0,
ITA-Serie A,2526,2025-08-31 Genoa-Juventus,Genoa,Nicola Leali,True,Goalkeeper,1,start,end,1.0,0.0,0.0,0.0,0.0,0.0,0.0,1.0,2.0,0.0,0.0,0.0,0.0,0.0,
ITA-Serie A,2526,2025-08-31 Genoa-Juventus,Juventus,Michele Di Gregorio,False,Goalkeeper,1,start,end,1.0,0.0,1.0,0.0,0.0,0.0,0.0,0.0,1.0,0.0,0.0,0.0,0.0,0.0,
ITA-Serie A,2526,2025-08-31 Internazionale-Udinese,Internazionale,Yann Sommer,True,Goalkeeper,1,start,end,1.0,0.0,0.0,0.0,0.0,0.0,0.0,2.0,3.0,0.0,0.0,0.0,0.0,0.0,
ITA-Serie A,2526,2025-08-31 Internazionale-Udinese,Udinese,Razvan Sava,False,Goalkeeper,1,start,end,1.0,0.0,0.0,0.0,0.0,0.0,1.0,1.0,2.0,0.0,0.0,0.0,0.0,0.0,
ITA-Serie A,2526,2025-08-31 Lazio-Hellas Verona,Hellas Verona,Lorenzo Montipò,False,Goalkeeper,1,start,end,1.0,0.0,0.0,0.0,0.0,0.0,0.0,4.0,2.0,0.0,0.0,0.0,0.0,0.0,
ITA-Serie A,2526,2025-08-31 Lazio-Hellas Verona,Lazio,Ivan Provedel,True,Goalkeeper,1,start,end,1.0,0.0,0.0,0.0,0.0,0.0,0.0,0.0,4.0,0.0,0.0,0.0,0.0,0.0,
ITA-Serie A,2526,2025-08-31 Torino-Fiorentina,Fiorentina,David de Gea,False,Goalkeeper,1,start,end,1.0,0.0,0.0,0.0,0.0,0.0,0.0,0.0,4.0,0.0,0.0,0.0,0.0,0.0,
ITA-Serie A,2526,2025-08-31 Torino-Fiorentina,Torino,Franco Israel,True,Goalkeeper,1,start,end,1.0,0.0,0.0,0.0,0.0,0.0,0.0,0.0,3.0,0.0,0.0,0.0,0.0,0.0,
ITA-Serie A,2526,2025-09-13 Cagliari-Parma,Cagliari,Elia Caprile,True,Goalkeeper,1,start,end,1.0,0.0,1.0,0.0,0.0,0.0,0.0,0.0,6.0,0.0,0.0,0.0,0.0,0.0,
ITA-Serie A,2526,2025-09-13 Cagliari-Parma,Parma,Zion Suzuki,False,Goalkeeper,1,start,end,1.0,0.0,0.0,0.0,0.0,0.0,0.0,2.0,3.0,0.0,0.0,0.0,0.0,0.0,
ITA-Serie A,2526,2025-09-13 Fiorentina-Napoli,Fiorentina,David de Gea,True,Goalkeeper,1,start,end,1.0,0.0,0.0,0.0,0.0,0.0,0.0,3.0,5.0,0.0,0.0,0.0,0.0,0.0,
ITA-Serie A,2526,2025-09-13 Fiorentina-Napoli,Napoli,Vanja Milinkovic-Savic,False,Goalkeeper,1,start,end,1.0,0.0,1.0,0.0,0.0,0.0,0.0,1.0,2.0,0.0,0.0,0.0,0.0,0.0,
ITA-Serie A,2526,2025-09-13 Juventus-Internazionale,Internazionale,Yann Sommer,False,Goalkeeper,1,start,end,1.0,0.0,0.0,0.0,0.0,0.0,0.0,4.0,0.0,0.0,0.0,0.0,0.0,0.0,
ITA-Serie A,2526,2025-09-13 Juventus-Internazionale,Juventus,Michele Di Gregorio,True,Goalkeeper,1,start,end,1.0,0.0,0.0,0.0,0.0,0.0,0.0,3.0,1.0,0.0,0.0,0.0,0.0,0.0,
ITA-Serie A,2526,2025-09-14 AC Milan-Bologna,AC Milan,Mike Maignan,True,Goalkeeper,1,start,56,1.0,0.0,0.0,0.0,0.0,0.0,0.0,0.0,0.0,0.0,0.0,0.0,0.0,0.0,
ITA-Serie A,2526,2025-09-14 AC Milan-Bologna,Bologna,Lukasz Skorupski,False,Goalkeeper,1,start,end,1.0,0.0,1.0,0.0,0.0,0.0,1.0,1.0,2.0,0.0,0.0,0.0,0.0,0.0,
ITA-Serie A,2526,2025-09-14 AS Roma-Torino,AS Roma,Mile Svilar,True,Goalkeeper,1,start,end,1.0,0.0,0.0,0.0,0.0,0.0,0.0,1.0,3.0,0.0,0.0,0.0,0.0,0.0,
ITA-Serie A,2526,2025-09-14 AS Roma-Torino,Torino,Franco Israel,False,Goalkeeper,1,start,end,1.0,0.0,1.0,0.0,0.0,0.0,0.0,0.0,5.0,0.0,0.0,0.0,0.0,0.0,
ITA-Serie A,2526,2025-09-14 Atalanta-Lecce,Atalanta,Marco Carnesecchi,True,Goalkeeper,1,start,end,1.0,0.0,0.0,0.0,0.0,0.0,0.0,1.0,2.0,0.0,0.0,0.0,0.0,0.0,
ITA-Serie A,2526,2025-09-14 Atalanta-Lecce,Lecce,Wladimiro Falcone,False,Goalkeeper,1,start,end,1.0,0.0,0.0,0.0,0.0,0.0,0.0,4.0,4.0,0.0,0.0,0.0,0.0,0.0,
ITA-Serie A,2526,2025-09-14 Pisa-Udinese,Pisa,Adrian Semper,True,Goalkeeper,1,start,end,1.0,0.0,0.0,0.0,0.0,0.0,0.0,1.0,2.0,0.0,0.0,0.0,0.0,0.0,
ITA-Serie A,2526,2025-09-14 Pisa-Udinese,Udinese,Razvan Sava,False,Goalkeeper,1,start,end,1.0,0.0,0.0,0.0,0.0,0.0,0.0,0.0,2.0,0.0,0.0,0.0,0.0,0.0,
ITA-Serie A,2526,2025-09-14 Sassuolo-Lazio,Lazio,Ivan Provedel,False,Goalkeeper,1,start,end,1.0,0.0,0.0,0.0,0.0,0.0,0.0,1.0,2.0,0.0,0.0,0.0,0.0,0.0,
ITA-Serie A,2526,2025-09-14 Sassuolo-Lazio,Sassuolo,Arijanet Muric,True,Goalkeeper,1,start,end,1.0,0.0,0.0,0.0,0.0,0.0,0.0,0.0,3.0,0.0,0.0,0.0,0.0,0.0,
ITA-Serie A,2526,2025-09-15 Como-Genoa,Como,Jean Butez,True,Goalkeeper,1,start,end,1.0,0.0,1.0,0.0,0.0,0.0,0.0,1.0,4.0,0.0,0.0,0.0,0.0,0.0,
ITA-Serie A,2526,2025-09-15 Como-Genoa,Genoa,Nicola Leali,False,Goalkeeper,1,start,end,1.0,0.0,0.0,0.0,0.0,0.0,0.0,1.0,3.0,0.0,0.0,0.0,0.0,0.0,
ITA-Serie A,2526,2025-09-15 Hellas Verona-Cremonese,Cremonese,Emil Audero,False,Goalkeeper,1,start,end,1.0,0.0,1.0,0.0,0.0,0.0,0.0,0.0,9.0,0.0,0.0,0.0,0.0,0.0,
ITA-Serie A,2526,2025-09-15 Hellas Verona-Cremonese,Hellas Verona,Lorenzo Montipò,True,Goalkeeper,1,start,end,1.0,0.0,0.0,0.0,0.0,0.0,0.0,0.0,3.0,0.0,0.0,0.0,0.0,0.0,
ITA-Serie A,2526,2025-09-19 Lecce-Cagliari,Cagliari,Elia Caprile,False,Goalkeeper,1,start,end,1.0,0.0,0.0,0.0,0.0,0.0,0.0,1.0,4.0,0.0,0.0,0.0,0.0,0.0,
ITA-Serie A,2526,2025-09-19 Lecce-Cagliari,Lecce,Wladimiro Falcone,True,Goalkeeper,1,start,end,1.0,0.0,0.0,0.0,0.0,0.0,0.0,2.0,4.0,0.0,0.0,0.0,0.0,0.0,
ITA-Serie A,2526,2025-09-20 Bologna-Genoa,Bologna,Lukasz Skorupski,True,Goalkeeper,1,start,end,1.0,0.0,0.0,0.0,0.0,0.0,0.0,1.0,3.0,0.0,0.0,0.0,0.0,0.0,
ITA-Serie A,2526,2025-09-20 Bologna-Genoa,Genoa,Nicola Leali,False,Goalkeeper,1,start,end,1.0,0.0,0.0,0.0,0.0,0.0,0.0,2.0,4.0,0.0,0.0,0.0,0.0,0.0,
ITA-Serie A,2526,2025-09-20 Hellas Verona-Juventus,Hellas Verona,Lorenzo Montipò,True,Goalkeeper,1,start,end,1.0,0.0,0.0,0.0,0.0,0.0,0.0,1.0,3.0,0.0,0.0,0.0,0.0,0.0,
ITA-Serie A,2526,2025-09-20 Hellas Verona-Juventus,Juventus,Michele Di Gregorio,False,Goalkeeper,1,start,end,1.0,0.0,1.0,0.0,0.0,0.0,0.0,1.0,3.0,0.0,0.0,0.0,0.0,0.0,
ITA-Serie A,2526,2025-09-20 Udinese-AC Milan,AC Milan,Pietro Terracciano,False,Goalkeeper,1,start,end,1.0,0.0,0.0,0.0,0.0,0.0,0.0,0.0,4.0,0.0,0.0,0.0,0.0,0.0,
ITA-Serie A,2526,2025-09-20 Udinese-AC Milan,Udinese,Razvan Sava,True,Goalkeeper,1,start,end,1.0,0.0,0.0,0.0,0.0,0.0,0.0,3.0,4.0,0.0,0.0,0.0,0.0,0.0,
ITA-Serie A,2526,2025-09-21 Cremonese-Parma,Cremonese,Emil Audero,True,Goalkeeper,1,start,end,1.0,0.0,0.0,0.0,0.0,0.0,0.0,0.0,3.0,0.0,0.0,0.0,0.0,0.0,
ITA-Serie A,2526,2025-09-21 Cremonese-Parma,Parma,Zion Suzuki,False,Goalkeeper,1,start,end,1.0,0.0,0.0,0.0,0.0,0.0,0.0,0.0,1.0,0.0,0.0,0.0,0.0,0.0,
ITA-Serie A,2526,2025-09-21 Fiorentina-Como,Como,Jean Butez,False,Goalkeeper,1,start,end,1.0,0.0,0.0,0.0,0.0,0.0,0.0,1.0,0.0,0.0,0.0,0.0,0.0,0.0,
ITA-Serie A,2526,2025-09-21 Fiorentina-Como,Fiorentina,David de Gea,True,Goalkeeper,1,start,end,1.0,0.0,0.0,0.0,0.0,0.0,0.0,2.0,5.0,0.0,0.0,0.0,0.0,0.0,
ITA-Serie A,2526,2025-09-21 Internazionale-Sassuolo,Internazionale,Josep Martínez,True,Goalkeeper,1,start,end,1.0,0.0,0.0,0.0,0.0,0.0,0.0,1.0,4.0,0.0,0.0,0.0,0.0,0.0,
ITA-Serie A,2526,2025-09-21 Internazionale-Sassuolo,Sassuolo,Arijanet Muric,False,Goalkeeper,1,start,end,1.0,0.0,0.0,0.0,0.0,0.0,0.0,2.0,5.0,0.0,0.0,0.0,0.0,0.0,
ITA-Serie A,2526,2025-09-21 Lazio-AS Roma,AS Roma,Mile Svilar,False,Goalkeeper,1,start,end,1.0,0.0,0.0,0.0,0.0,0.0,0.0,0.0,2.0,0.0,0.0,0.0,0.0,0.0,
ITA-Serie A,2526,2025-09-21 Lazio-AS Roma,Lazio,Ivan Provedel,True,Goalkeeper,1,start,end,1.0,0.0,0.0,0.0,0.0,0.0,0.0,1.0,5.0,0.0,0.0,0.0,0.0,0.0,
ITA-Serie A,2526,2025-09-21 Torino-Atalanta,Atalanta,Marco Carnesecchi,False,Goalkeeper,1,start,end,1.0,0.0,0.0,0.0,0.0,0.0,0.0,0.0,5.0,0.0,0.0,0.0,0.0,0.0,
ITA-Serie A,2526,2025-09-21 Torino-Atalanta,Torino,Franco Israel,True,Goalkeeper,1,start,end,1.0,0.0,1.0,0.0,0.0,0.0,0.0,3.0,2.0,0.0,0.0,0.0,0.0,0.0,
ITA-Serie A,2526,2025-09-22 Napoli-Pisa,Napoli,Alex Meret,True,Goalkeeper,1,start,end,1.0,0.0,0.0,0.0,0.0,0.0,0.0,2.0,4.0,0.0,0.0,0.0,0.0,0.0,
ITA-Serie A,2526,2025-09-22 Napoli-Pisa,Pisa,Adrian Semper,False,Goalkeeper,1,start,end,1.0,0.0,0.0,0.0,0.0,0.0,0.0,3.0,3.0,0.0,0.0,0.0,0.0,0.0,
ITA-Serie A,2526,2025-09-27 Cagliari-Internazionale,Cagliari,Elia Caprile,True,Goalkeeper,1,start,end,1.0,0.0,0.0,0.0,0.0,0.0,0.0,2.0,3.0,0.0,0.0,0.0,0.0,0.0,
ITA-Serie A,2526,2025-09-27 Cagliari-Internazionale,Internazionale,Josep Martínez,False,Goalkeeper,1,start,end,1.0,0.0,0.0,0.0,0.0,0.0,0.0,0.0,0.0,0.0,0.0,0.0,0.0,0.0,
ITA-Serie A,2526,2025-09-27 Como-Cremonese,Como,Jean Butez,True,Goalkeeper,1,start,end,1.0,0.0,0.0,0.0,0.0,0.0,0.0,1.0,1.0,0.0,0.0,0.0,0.0,0.0,
ITA-Serie A,2526,2025-09-27 Como-Cremonese,Cremonese,Marco Silvestri,False,Goalkeeper,1,start,end,1.0,0.0,0.0,0.0,0.0,0.0,0.0,1.0,5.0,0.0,0.0,0.0,0.0,0.0,
ITA-Serie A,2526,2025-09-27 Juventus-Atalanta,Atalanta,Marco Carnesecchi,False,Goalkeeper,1,start,end,1.0,0.0,0.0,0.0,0.0,0.0,0.0,1.0,9.0,0.0,0.0,0.0,0.0,0.0,
ITA-Serie A,2526,2025-09-27 Juventus-Atalanta,Juventus,Michele Di Gregorio,True,Goalkeeper,1,start,end,1.0,0.0,0.0,0.0,0.0,0.0,0.0,1.0,1.0,0.0,0.0,0.0,0.0,0.0,
ITA-Serie A,2526,2025-09-28 AC Milan-Napoli,AC Milan,Mike Maignan,True,Goalkeeper,1,start,end,1.0,0.0,0.0,0.0,0.0,0.0,0.0,1.0,6.0,0.0,0.0,0.0,0.0,0.0,
ITA-Serie A,2526,2025-09-28 AC Milan-Napoli,Napoli,Alex Meret,False,Goalkeeper,1,start,end,1.0,0.0,0.0,0.0,0.0,0.0,0.0,2.0,1.0,0.0,0.0,0.0,0.0,0.0,
ITA-Serie A,2526,2025-09-28 AS Roma-Hellas Verona,AS Roma,Mile Svilar,True,Goalkeeper,1,start,end,1.0,0.0,0.0,0.0,0.0,0.0,0.0,0.0,3.0,0.0,0.0,0.0,0.0,0.0,
ITA-Serie A,2526,2025-09-28 AS Roma-Hellas Verona,Hellas Verona,Lorenzo Montipò,False,Goalkeeper,1,start,end,1.0,0.0,0.0,0.0,0.0,0.0,0.0,2.0,3.0,0.0,0.0,0.0,0.0,0.0,
ITA-Serie A,2526,2025-09-28 Lecce-Bologna,Bologna,Lukasz Skorupski,False,Goalkeeper,1,start,end,1.0,0.0,1.0,0.0,0.0,0.0,0.0,2.0,2.0,0.0,0.0,0.0,0.0,0.0,
ITA-Serie A,2526,2025-09-28 Lecce-Bologna,Lecce,Wladimiro Falcone,True,Goalkeeper,1,start,end,1.0,0.0,0.0,0.0,0.0,0.0,0.0,2.0,3.0,0.0,0.0,0.0,0.0,0.0,
ITA-Serie A,2526,2025-09-28 Pisa-Fiorentina,Fiorentina,David de Gea,False,Goalkeeper,1,start,end,1.0,0.0,2.0,0.0,0.0,0.0,0.0,0.0,1.0,0.0,0.0,0.0,0.0,0.0,
ITA-Serie A,2526,2025-09-28 Pisa-Fiorentina,Pisa,Adrian Semper,True,Goalkeeper,1,start,end,1.0,0.0,0.0,0.0,0.0,0.0,0.0,0.0,2.0,0.0,0.0,0.0,0.0,0.0,
ITA-Serie A,2526,2025-09-28 Sassuolo-Udinese,Sassuolo,Arijanet Muric,True,Goalkeeper,1,start,end,1.0,0.0,1.0,0.0,0.0,0.0,0.0,1.0,4.0,0.0,0.0,0.0,0.0,0.0,
ITA-Serie A,2526,2025-09-28 Sassuolo-Udinese,Udinese,Razvan Sava,False,Goalkeeper,1,start,end,1.0,0.0,0.0,0.0,0.0,0.0,0.0,3.0,2.0,0.0,0.0,0.0,0.0,0.0,
ITA-Serie A,2526,2025-09-29 Genoa-Lazio,Genoa,Nicola Leali,True,Goalkeeper,1,start,end,1.0,0.0,0.0,0.0,0.0,0.0,0.0,3.0,2.0,0.0,0.0,0.0,0.0,0.0,
ITA-Serie A,2526,2025-09-29 Genoa-Lazio,Lazio,Ivan Provedel,False,Goalkeeper,1,start,end,1.0,0.0,1.0,0.0,0.0,0.0,0.0,0.0,5.0,0.0,0.0,0.0,0.0,0.0,
ITA-Serie A,2526,2025-09-29 Parma-Torino,Parma,Zion Suzuki,True,Goalkeeper,1,start,end,1.0,0.0,0.0,0.0,0.0,0.0,0.0,1.0,3.0,0.0,0.0,0.0,0.0,0.0,
ITA-Serie A,2526,2025-09-29 Parma-Torino,Torino,Franco Israel,False,Goalkeeper,1,start,end,1.0,0.0,1.0,0.0,0.0,0.0,0.0,2.0,1.0,0.0,0.0,0.0,0.0,0.0,
ITA-Serie A,2526,2025-10-03 Hellas Verona-Sassuolo,Hellas Verona,Lorenzo Montipò,True,Goalkeeper,1,start,end,1.0,0.0,0.0,0.0,0.0,0.0,0.0,1.0,2.0,0.0,0.0,0.0,0.0,0.0,
ITA-Serie A,2526,2025-10-03 Hellas Verona-Sassuolo,Sassuolo,Arijanet Muric,False,Goalkeeper,1,start,end,1.0,0.0,1.0,0.0,0.0,0.0,1.0,0.0,9.0,0.0,0.0,0.0,0.0,0.0,
ITA-Serie A,2526,2025-10-04 Atalanta-Como,Atalanta,Marco Carnesecchi,True,Goalkeeper,1,start,end,1.0,0.0,1.0,0.0,0.0,0.0,0.0,1.0,3.0,0.0,0.0,0.0,0.0,0.0,
ITA-Serie A,2526,2025-10-04 Atalanta-Como,Como,Jean Butez,False,Goalkeeper,1,start,end,1.0,0.0,1.0,0.0,0.0,0.0,0.0,1.0,2.0,0.0,0.0,0.0,0.0,0.0,
ITA-Serie A,2526,2025-10-04 Internazionale-Cremonese,Cremonese,Marco Silvestri,False,Goalkeeper,1,start,end,1.0,0.0,0.0,0.0,0.0,0.0,0.0,4.0,5.0,0.0,0.0,0.0,0.0,0.0,
ITA-Serie A,2526,2025-10-04 Internazionale-Cremonese,Internazionale,Yann Sommer,True,Goalkeeper,1,start,end,1.0,0.0,0.0,0.0,0.0,0.0,0.0,1.0,1.0,0.0,0.0,0.0,0.0,0.0,
ITA-Serie A,2526,2025-10-04 Lazio-Torino,Lazio,Ivan Provedel,True,Goalkeeper,1,start,end,1.0,0.0,0.0,0.0,0.0,0.0,0.0,3.0,5.0,0.0,0.0,0.0,0.0,0.0,
ITA-Serie A,2526,2025-10-04 Lazio-Torino,Torino,Franco Israel,False,Goalkeeper,1,start,end,1.0,0.0,0.0,0.0,0.0,0.0,0.0,3.0,1.0,0.0,0.0,0.0,0.0,0.0,
ITA-Serie A,2526,2025-10-04 Parma-Lecce,Lecce,Wladimiro Falcone,False,Goalkeeper,1,start,end,1.0,0.0,0.0,0.0,0.0,0.0,0.0,0.0,2.0,0.0,0.0,0.0,0.0,0.0,
ITA-Serie A,2526,2025-10-04 Parma-Lecce,Parma,Zion Suzuki,True,Goalkeeper,1,start,end,1.0,0.0,0.0,0.0,0.0,0.0,0.0,1.0,2.0,0.0,0.0,0.0,0.0,0.0,
ITA-Serie A,2526,2025-10-05 Bologna-Pisa,Bologna,Lukasz Skorupski,True,Goalkeeper,1,start,end,1.0,0.0,1.0,0.0,0.0,0.0,0.0,0.0,0.0,0.0,0.0,0.0,0.0,0.0,
ITA-Serie A,2526,2025-10-05 Bologna-Pisa,Pisa,Adrian Semper,False,Goalkeeper,1,start,end,1.0,0.0,0.0,0.0,0.0,0.0,0.0,4.0,3.0,0.0,0.0,0.0,0.0,0.0,
ITA-Serie A,2526,2025-10-05 Fiorentina-AS Roma,AS Roma,Mile Svilar,False,Goalkeeper,1,start,end,1.0,0.0,0.0,0.0,0.0,0.0,0.0,1.0,2.0,0.0,0.0,0.0,0.0,0.0,
ITA-Serie A,2526,2025-10-05 Fiorentina-AS Roma,Fiorentina,David de Gea,True,Goalkeeper,1,start,end,1.0,0.0,0.0,0.0,0.0,0.0,0.0,2.0,2.0,0.0,0.0,0.0,0.0,0.0,
ITA-Serie A,2526,2025-10-05 Juventus-AC Milan,AC Milan,Mike Maignan,False,Goalkeeper,1,start,end,1.0,0.0,1.0,0.0,0.0,0.0,0.0,0.0,3.0,0.0,0.0,0.0,0.0,0.0,
ITA-Serie A,2526,2025-10-05 Juventus-AC Milan,Juventus,Michele Di Gregorio,True,Goalkeeper,1,start,end,1.0,0.0,0.0,0.0,0.0,0.0,0.0,0.0,4.0,0.0,0.0,0.0,0.0,0.0,
ITA-Serie A,2526,2025-10-05 Napoli-Genoa,Genoa,Nicola Leali,False,Goalkeeper,1,start,end,1.0,0.0,2.0,0.0,0.0,0.0,0.0,2.0,3.0,0.0,0.0,0.0,0.0,0.0,
ITA-Serie A,2526,2025-10-05 Napoli-Genoa,Napoli,Vanja Milinkovic-Savic,True,Goalkeeper,1,start,end,1.0,0.0,0.0,0.0,0.0,0.0,0.0,1.0,0.0,0.0,0.0,0.0,0.0,0.0,
ITA-Serie A,2526,2025-10-05 Udinese-Cagliari,Cagliari,Elia Caprile,False,Goalkeeper,1,start,end,1.0,0.0,1.0,0.0,0.0,0.0,0.0,1.0,3.0,0.0,0.0,0.0,0.0,0.0,
ITA-Serie A,2526,2025-10-05 Udinese-Cagliari,Udinese,Razvan Sava,True,Goalkeeper,1,start,end,1.0,0.0,0.0,0.0,0.0,0.0,0.0,1.0,2.0,0.0,0.0,0.0,0.0,0.0,
ITA-Serie A,2526,2025-10-18 AS Roma-Internazionale,AS Roma,Mile Svilar,True,Goalkeeper,1,start,end,1.0,0.0,0.0,0.0,0.0,0.0,0.0,1.0,2.0,0.0,0.0,0.0,0.0,0.0,
ITA-Serie A,2526,2025-10-18 AS Roma-Internazionale,Internazionale,Yann Sommer,False,Goalkeeper,1,start,end,1.0,0.0,0.0,0.0,0.0,0.0,0.0,0.0,5.0,0.0,0.0,0.0,0.0,0.0,
ITA-Serie A,2526,2025-10-18 Lecce-Sassuolo,Lecce,Wladimiro Falcone,True,Goalkeeper,1,start,end,1.0,0.0,0.0,0.0,0.0,0.0,1.0,0.0,2.0,0.0,0.0,0.0,0.0,0.0,
ITA-Serie A,2526,2025-10-18 Lecce-Sassuolo,Sassuolo,Arijanet Muric,False,Goalkeeper,1,start,end,1.0,0.0,0.0,0.0,0.0,0.0,0.0,0.0,2.0,0.0,0.0,0.0,0.0,0.0,
ITA-Serie A,2526,2025-10-18 Pisa-Hellas Verona,Hellas Verona,Lorenzo Montipò,False,Goalkeeper,1,start,end,1.0,0.0,0.0,0.0,0.0,0.0,0.0,0.0,0.0,0.0,0.0,0.0,0.0,0.0,
ITA-Serie A,2526,2025-10-18 Pisa-Hellas Verona,Pisa,Adrian Semper,True,Goalkeeper,1,start,end,1.0,0.0,0.0,0.0,0.0,0.0,0.0,0.0,3.0,0.0,0.0,0.0,0.0,0.0,
ITA-Serie A,2526,2025-10-18 Torino-Napoli,Napoli,Vanja Milinkovic-Savic,False,Goalkeeper,1,start,end,1.0,0.0,0.0,0.0,0.0,0.0,0.0,1.0,1.0,0.0,0.0,0.0,0.0,0.0,
ITA-Serie A,2526,2025-10-18 Torino-Napoli,Torino,Franco Israel,True,Goalkeeper,1,start,end,1.0,0.0,0.0,0.0,0.0,0.0,1.0,0.0,5.0,0.0,0.0,0.0,0.0,0.0,
ITA-Serie A,2526,2025-10-19 AC Milan-Fiorentina,AC Milan,Mike Maignan,True,Goalkeeper,1,start,end,1.0,0.0,0.0,0.0,0.0,0.0,0.0,1.0,1.0,0.0,0.0,0.0,0.0,0.0,
ITA-Serie A,2526,2025-10-19 AC Milan-Fiorentina,Fiorentina,David de Gea,False,Goalkeeper,1,start,end,1.0,0.0,0.0,0.0,0.0,0.0,0.0,2.0,2.0,0.0,0.0,0.0,0.0,0.0,
ITA-Serie A,2526,2025-10-19 Atalanta-Lazio,Atalanta,Marco Carnesecchi,True,Goalkeeper,1,start,end,1.0,0.0,0.0,0.0,0.0,0.0,0.0,0.0,1.0,0.0,0.0,0.0,0.0,0.0,
ITA-Serie A,2526,2025-10-19 Atalanta-Lazio,Lazio,Ivan Provedel,False,Goalkeeper,1,start,end,1.0,0.0,0.0,0.0,0.0,0.0,0.0,0.0,6.0,0.0,0.0,0.0,0.0,0.0,
ITA-Serie A,2526,2025-10-19 Cagliari-Bologna,Bologna,Federico Ravaglia,False,Goalkeeper,1,start,end,1.0,0.0,0.0,0.0,0.0,0.0,0.0,0.0,3.0,0.0,0.0,0.0,0.0,0.0,
ITA-Serie A,2526,2025-10-19 Cagliari-Bologna,Cagliari,Elia Caprile,True,Goalkeeper,1,start,end,1.0,0.0,0.0,0.0,0.0,0.0,0.0,2.0,5.0,0.0,0.0,0.0,0.0,0.0,
ITA-Serie A,2526,2025-10-19 Como-Juventus,Como,Jean Butez,True,Goalkeeper,1,start,end,1.0,0.0,0.0,0.0,0.0,0.0,0.0,0.0,4.0,0.0,0.0,0.0,0.0,0.0,
ITA-Serie A,2526,2025-10-19 Como-Juventus,Juventus,Michele Di Gregorio,False,Goalkeeper,1,start,end,1.0,0.0,0.0,0.0,0.0,0.0,0.0,2.0,4.0,0.0,0.0,0.0,0.0,0.0,
ITA-Serie A,2526,2025-10-19 Genoa-Parma,Genoa,Nicola Leali,True,Goalkeeper,1,start,end,1.0,0.0,0.0,0.0,0.0,0.0,0.0,0.0,0.0,0.0,0.0,0.0,0.0,0.0,
ITA-Serie A,2526,2025-10-19 Genoa-Parma,Parma,Zion Suzuki,False,Goalkeeper,1,start,end,1.0,0.0,1.0,0.0,0.0,0.0,0.0,0.0,7.0,0.0,0.0,0.0,0.0,0.0,
ITA-Serie A,2526,2025-10-20 Cremonese-Udinese,Cremonese,Marco Silvestri,True,Goalkeeper,1,start,end,1.0,0.0,0.0,0.0,0.0,0.0,0.0,1.0,0.0,0.0,0.0,0.0,0.0,0.0,
ITA-Serie A,2526,2025-10-20 Cremonese-Udinese,Udinese,Maduka Okoye,False,Goalkeeper,1,start,end,1.0,0.0,0.0,0.0,0.0,0.0,0.0,1.0,2.0,0.0,0.0,0.0,0.0,0.0,
ITA-Serie A,2526,2025-10-24 AC Milan-Pisa,AC Milan,Mike Maignan,True,Goalkeeper,1,start,end,1.0,0.0,0.0,0.0,0.0,0.0,0.0,2.0,0.0,0.0,0.0,0.0,0.0,0.0,
ITA-Serie A,2526,2025-10-24 AC Milan-Pisa,Pisa,Adrian Semper,False,Goalkeeper,1,start,end,1.0,0.0,0.0,0.0,0.0,0.0,0.0,2.0,5.0,0.0,0.0,0.0,0.0,0.0,
ITA-Serie A,2526,2025-10-25 Cremonese-Atalanta,Atalanta,Marco Carnesecchi,False,Goalkeeper,1,start,end,1.0,0.0,0.0,0.0,0.0,0.0,0.0,1.0,4.0,0.0,0.0,0.0,0.0,0.0,
ITA-Serie A,2526,2025-10-25 Cremonese-Atalanta,Cremonese,Marco Silvestri,True,Goalkeeper,1,start,end,1.0,0.0,0.0,0.0,0.0,0.0,0.0,1.0,5.0,0.0,0.0,0.0,0.0,0.0,
ITA-Serie A,2526,2025-10-25 Napoli-Internazionale,Internazionale,Yann Sommer,False,Goalkeeper,1,start,end,1.0,0.0,0.0,0.0,0.0,0.0,0.0,3.0,0.0,0.0,0.0,0.0,0.0,0.0,
ITA-Serie A,2526,2025-10-25 Napoli-Internazionale,Napoli,Vanja Milinkovic-Savic,True,Goalkeeper,1,start,end,1.0,0.0,0.0,0.0,0.0,0.0,0.0,1.0,2.0,0.0,0.0,0.0,0.0,0.0,
ITA-Serie A,2526,2025-10-25 Parma-Como,Como,Jean Butez,False,Goalkeeper,1,start,end,1.0,0.0,1.0,0.0,0.0,0.0,0.0,0.0,3.0,0.0,0.0,0.0,0.0,0.0,
ITA-Serie A,2526,2025-10-25 Parma-Como,Parma,Zion Suzuki,True,Goalkeeper,1,start,end,1.0,0.0,1.0,0.0,0.0,0.0,0.0,0.0,2.0,0.0,0.0,0.0,0.0,0.0,
ITA-Serie A,2526,2025-10-25 Udinese-Lecce,Lecce,Wladimiro Falcone,False,Goalkeeper,1,start,end,1.0,0.0,0.0,0.0,0.0,0.0,0.0,3.0,1.0,0.0,0.0,0.0,0.0,0.0,
ITA-Serie A,2526,2025-10-25 Udinese-Lecce,Udinese,Maduka Okoye,True,Goalkeeper,1,start,end,1.0,0.0,0.0,0.0,0.0,0.0,0.0,2.0,1.0,0.0,0.0,0.0,0.0,0.0,
ITA-Serie A,2526,2025-10-26 Fiorentina-Bologna,Bologna,Lukasz Skorupski,False,Goalkeeper,1,start,end,1.0,0.0,0.0,0.0,0.0,0.0,0.0,2.0,4.0,0.0,0.0,0.0,0.0,0.0,
ITA-Serie A,2526,2025-10-26 Fiorentina-Bologna,Fiorentina,David de Gea,True,Goalkeeper,1,start,end,1.0,0.0,0.0,0.0,0.0,0.0,0.0,2.0,1.0,0.0,0.0,0.0,0.0,0.0,
ITA-Serie A,2526,2025-10-26 Hellas Verona-Cagliari,Cagliari,Elia Caprile,False,Goalkeeper,1,start,end,1.0,0.0,0.0,0.0,0.0,0.0,0.0,2.0,4.0,0.0,0.0,0.0,0.0,0.0,
ITA-Serie A,2526,2025-10-26 Hellas Verona-Cagliari,Hellas Verona,Lorenzo Montipò,True,Goalkeeper,1,start,end,1.0,0.0,1.0,0.0,0.0,0.0,0.0,2.0,1.0,0.0,0.0,0.0,0.0,0.0,
ITA-Serie A,2526,2025-10-26 Lazio-Juventus,Juventus,Mattia Perin,False,Goalkeeper,1,start,end,1.0,0.0,0.0,0.0,0.0,0.0,0.0,1.0,2.0,0.0,0.0,0.0,0.0,0.0,
ITA-Serie A,2526,2025-10-26 Lazio-Juventus,Lazio,Ivan Provedel,True,Goalkeeper,1,start,end,1.0,0.0,1.0,0.0,0.0,0.0,0.0,0.0,5.0,0.0,0.0,0.0,0.0,0.0,
ITA-Serie A,2526,2025-10-26 Sassuolo-AS Roma,AS Roma,Mile Svilar,False,Goalkeeper,1,start,end,1.0,0.0,0.0,0.0,0.0,0.0,0.0,0.0,1.0,0.0,0.0,0.0,0.0,0.0,
ITA-Serie A,2526,2025-10-26 Sassuolo-AS Roma,Sassuolo,Arijanet Muric,True,Goalkeeper,1,start,end,1.0,0.0,0.0,0.0,0.0,0.0,0.0,1.0,7.0,0.0,0.0,0.0,0.0,0.0,
ITA-Serie A,2526,2025-10-26 Torino-Genoa,Genoa,Nicola Leali,False,Goalkeeper,1,start,end,1.0,0.0,0.0,0.0,0.0,0.0,0.0,2.0,5.0,0.0,0.0,0.0,0.0,0.0,
ITA-Serie A,2526,2025-10-26 Torino-Genoa,Torino,Alberto Paleari,True,Goalkeeper,1,start,end,1.0,0.0,0.0,0.0,0.0,0.0,0.0,1.0,2.0,0.0,0.0,0.0,0.0,0.0,
ITA-Serie A,2526,2025-10-28 Atalanta-AC Milan,AC Milan,Mike Maignan,False,Goalkeeper,1,start,end,1.0,0.0,1.0,0.0,0.0,0.0,0.0,1.0,2.0,0.0,0.0,0.0,0.0,0.0,
ITA-Serie A,2526,2025-10-28 Atalanta-AC Milan,Atalanta,Marco Carnesecchi,True,Goalkeeper,1,start,end,1.0,0.0,0.0,0.0,0.0,0.0,0.0,1.0,0.0,0.0,0.0,0.0,0.0,0.0,
ITA-Serie A,2526,2025-10-28 Lecce-Napoli,Lecce,Wladimiro Falcone,True,Goalkeeper,1,start,end,1.0,0.0,0.0,0.0,0.0,0.0,0.0,1.0,2.0,0.0,0.0,0.0,0.0,0.0,
ITA-Serie A,2526,2025-10-28 Lecce-Napoli,Napoli,Vanja Milinkovic-Savic,False,Goalkeeper,1,start,end,1.0,0.0,0.0,0.0,0.0,0.0,0.0,0.0,2.0,0.0,0.0,0.0,0.0,0.0,
ITA-Serie A,2526,2025-10-29 AS Roma-Parma,AS Roma,Mile Svilar,True,Goalkeeper,1,start,end,1.0,0.0,0.0,0.0,0.0,0.0,0.0,1.0,4.0,0.0,0.0,0.0,0.0,0.0,
ITA-Serie A,2526,2025-10-29 AS Roma-Parma,Parma,Zion Suzuki,False,Goalkeeper,1,start,end,1.0,0.0,0.0,0.0,0.0,0.0,0.0,2.0,4.0,0.0,0.0,0.0,0.0,0.0,
ITA-Serie A,2526,2025-10-29 Bologna-Torino,Bologna,Lukasz Skorupski,True,Goalkeeper,1,start,end,1.0,0.0,0.0,0.0,0.0,0.0,0.0,0.0,2.0,0.0,0.0,0.0,0.0,0.0,
ITA-Serie A,2526,2025-10-29 Bologna-Torino,Torino,Alberto Paleari,False,Goalkeeper,1,start,end,1.0,0.0,0.0,0.0,0.0,0.0,0.0,0.0,2.0,0.0,0.0,0.0,0.0,0.0,
ITA-Serie A,2526,2025-10-29 Como-Hellas Verona,Como,Jean Butez,True,Goalkeeper,1,start,end,1.0,0.0,1.0,0.0,0.0,0.0,0.0,1.0,7.0,0.0,0.0,0.0,0.0,0.0,
ITA-Serie A,2526,2025-10-29 Como-Hellas Verona,Hellas Verona,Lorenzo Montipò,False,Goalkeeper,1,start,end,1.0,0.0,0.0,0.0,0.0,0.0,0.0,3.0,2.0,0.0,0.0,0.0,0.0,0.0,
ITA-Serie A,2526,2025-10-29 Genoa-Cremonese,Cremonese,Emil Audero,False,Goalkeeper,1,start,end,1.0,0.0,1.0,0.0,0.0,0.0,0.0,0.0,1.0,0.0,0.0,0.0,0.0,0.0,
ITA-Serie A,2526,2025-10-29 Genoa-Cremonese,Genoa,Nicola Leali,True,Goalkeeper,1,start,end,1.0,1.0,0.0,0.0,0.0,0.0,1.0,2.0,2.0,0.0,0.0,0.0,0.0,0.0,
ITA-Serie A,2526,2025-10-29 Internazionale-Fiorentina,Fiorentina,David de Gea,False,Goalkeeper,1,start,end,1.0,0.0,0.0,0.0,0.0,0.0,0.0,3.0,5.0,0.0,0.0,0.0,0.0,0.0,
ITA-Serie A,2526,2025-10-29 Internazionale-Fiorentina,Internazionale,Yann Sommer,True,Goalkeeper,1,start,end,1.0,0.0,0.0,0.0,0.0,0.0,0.0,0.0,2.0,0.0,0.0,0.0,0.0,0.0,
ITA-Serie A,2526,2025-10-29 Juventus-Udinese,Juventus,Michele Di Gregorio,True,Goalkeeper,1,start,end,1.0,0.0,0.0,0.0,0.0,0.0,1.0,1.0,1.0,0.0,0.0,0.0,0.0,0.0,
ITA-Serie A,2526,2025-10-29 Juventus-Udinese,Udinese,Maduka Okoye,False,Goalkeeper,1,start,end,1.0,0.0,0.0,0.0,0.0,0.0,0.0,3.0,9.0,0.0,0.0,0.0,0.0,0.0,
ITA-Serie A,2526,2025-10-30 Cagliari-Sassuolo,Cagliari,Elia Caprile,True,Goalkeeper,1,start,end,1.0,0.0,1.0,0.0,0.0,0.0,1.0,2.0,2.0,0.0,0.0,0.0,0.0,0.0,
ITA-Serie A,2526,2025-10-30 Cagliari-Sassuolo,Sassuolo,Arijanet Muric,False,Goalkeeper,1,start,end,1.0,0.0,0.0,0.0,0.0,0.0,0.0,1.0,0.0,0.0,0.0,0.0,0.0,0.0,
ITA-Serie A,2526,2025-10-30 Pisa-Lazio,Lazio,Ivan Provedel,False,Goalkeeper,1,start,end,1.0,0.0,0.0,0.0,0.0,0.0,0.0,0.0,2.0,0.0,0.0,0.0,0.0,0.0,
ITA-Serie A,2526,2025-10-30 Pisa-Lazio,Pisa,Adrian Semper,True,Goalkeeper,1,start,end,1.0,0.0,0.0,0.0,0.0,0.0,0.0,0.0,6.0,0.0,0.0,0.0,0.0,0.0,
ITA-Serie A,2526,2025-11-01 Cremonese-Juventus,Cremonese,Emil Audero,True,Goalkeeper,1,start,end,1.0,0.0,1.0,0.0,0.0,0.0,0.0,2.0,3.0,0.0,0.0,0.0,0.0,0.0,
ITA-Serie A,2526,2025-11-01 Cremonese-Juventus,Juventus,Michele Di Gregorio,False,Goalkeeper,1,start,end,1.0,0.0,0.0,0.0,0.0,0.0,0.0,1.0,1.0,0.0,0.0,0.0,0.0,0.0,
ITA-Serie A,2526,2025-11-01 Napoli-Como,Como,Jean Butez,False,Goalkeeper,1,start,end,1.0,0.0,0.0,0.0,0.0,0.0,0.0,0.0,8.0,0.0,0.0,0.0,0.0,0.0,
ITA-Serie A,2526,2025-11-01 Napoli-Como,Napoli,Vanja Milinkovic-Savic,True,Goalkeeper,1,start,end,1.0,1.0,0.0,0.0,0.0,0.0,0.0,0.0,2.0,0.0,0.0,0.0,0.0,0.0,
ITA-Serie A,2526,2025-11-01 Udinese-Atalanta,Atalanta,Marco Carnesecchi,False,Goalkeeper,1,start,end,1.0,0.0,1.0,0.0,0.0,0.0,0.0,1.0,4.0,0.0,0.0,0.0,0.0,0.0,
ITA-Serie A,2526,2025-11-01 Udinese-Atalanta,Udinese,Maduka Okoye,True,Goalkeeper,1,start,end,1.0,0.0,0.0,0.0,0.0,0.0,0.0,0.0,0.0,0.0,0.0,0.0,0.0,0.0,
ITA-Serie A,2526,2025-11-02 AC Milan-AS Roma,AC Milan,Mike Maignan,True,Goalkeeper,1,start,end,1.0,0.0,0.0,0.0,0.0,0.0,0.0,0.0,7.0,0.0,0.0,0.0,0.0,0.0,
ITA-Serie A,2526,2025-11-02 AC Milan-AS Roma,AS Roma,Mile Svilar,False,Goalkeeper,1,start,end,1.0,0.0,2.0,0.0,0.0,0.0,0.0,1.0,6.0,0.0,0.0,0.0,0.0,0.0,
ITA-Serie A,2526,2025-11-02 Fiorentina-Lecce,Fiorentina,David de Gea,True,Goalkeeper,1,start,end,1.0,0.0,0.0,0.0,0.0,0.0,0.0,1.0,3.0,0.0,0.0,0.0,0.0,0.0,
ITA-Serie A,2526,2025-11-02 Fiorentina-Lecce,Lecce,Wladimiro Falcone,False,Goalkeeper,1,start,end,1.0,0.0,0.0,0.0,0.0,0.0,0.0,0.0,4.0,0.0,0.0,0.0,0.0,0.0,
ITA-Serie A,2526,2025-11-02 Hellas Verona-Internazionale,Hellas Verona,Lorenzo Montipò,True,Goalkeeper,1,start,end,1.0,0.0,0.0,0.0,0.0,0.0,0.0,2.0,4.0,0.0,0.0,0.0,0.0,0.0,
ITA-Serie A,2526,2025-11-02 Hellas Verona-Internazionale,Internazionale,Yann Sommer,False,Goalkeeper,1,start,end,1.0,0.0,1.0,0.0,0.0,0.0,0.0,1.0,1.0,0.0,0.0,0.0,0.0,0.0,
ITA-Serie A,2526,2025-11-02 Parma-Bologna,Bologna,Lukasz Skorupski,False,Goalkeeper,1,start,end,1.0,0.0,0.0,0.0,0.0,0.0,0.0,1.0,0.0,0.0,0.0,0.0,0.0,0.0,
ITA-Serie A,2526,2025-11-02 Parma-Bologna,Parma,Zion Suzuki,True,Goalkeeper,1,start,end,1.0,0.0,0.0,0.0,0.0,0.0,0.0,3.0,3.0,0.0,0.0,0.0,0.0,0.0,
ITA-Serie A,2526,2025-11-02 Torino-Pisa,Pisa,Adrian Semper,False,Goalkeeper,1,start,end,1.0,0.0,0.0,0.0,0.0,0.0,0.0,2.0,1.0,0.0,0.0,0.0,0.0,0.0,
ITA-Serie A,2526,2025-11-02 Torino-Pisa,Torino,Alberto Paleari,True,Goalkeeper,1,start,end,1.0,0.0,0.0,0.0,0.0,0.0,0.0,2.0,1.0,0.0,0.0,0.0,0.0,0.0,
ITA-Serie A,2526,2025-11-03 Lazio-Cagliari,Cagliari,Elia Caprile,False,Goalkeeper,1,start,end,1.0,0.0,0.0,0.0,0.0,0.0,0.0,2.0,1.0,0.0,0.0,0.0,0.0,0.0,
ITA-Serie A,2526,2025-11-03 Lazio-Cagliari,Lazio,Ivan Provedel,True,Goalkeeper,1,start,end,1.0,0.0,0.0,0.0,0.0,0.0,0.0,0.0,5.0,0.0,0.0,0.0,0.0,0.0,
ITA-Serie A,2526,2025-11-03 Sassuolo-Genoa,Genoa,Nicola Leali,False,Goalkeeper,1,start,end,1.0,0.0,0.0,0.0,0.0,0.0,0.0,1.0,3.0,0.0,0.0,0.0,0.0,0.0,
ITA-Serie A,2526,2025-11-03 Sassuolo-Genoa,Sassuolo,Arijanet Muric,True,Goalkeeper,1,start,end,1.0,0.0,0.0,0.0,0.0,0.0,0.0,2.0,2.0,0.0,0.0,0.0,0.0,0.0,
ITA-Serie A,2526,2025-11-07 Pisa-Cremonese,Cremonese,Emil Audero,False,Goalkeeper,1,start,end,1.0,0.0,0.0,0.0,0.0,0.0,0.0,1.0,5.0,0.0,0.0,0.0,0.0,0.0,
ITA-Serie A,2526,2025-11-07 Pisa-Cremonese,Pisa,Adrian Semper,True,Goalkeeper,1,start,end,1.0,0.0,0.0,0.0,0.0,0.0,0.0,0.0,3.0,0.0,0.0,0.0,0.0,0.0,
ITA-Serie A,2526,2025-11-08 Como-Cagliari,Cagliari,Elia Caprile,False,Goalkeeper,1,start,end,1.0,0.0,2.0,0.0,0.0,0.0,0.0,0.0,6.0,0.0,0.0,0.0,0.0,0.0,
ITA-Serie A,2526,2025-11-08 Como-Cagliari,Como,Jean Butez,True,Goalkeeper,1,start,end,1.0,0.0,0.0,0.0,0.0,0.0,0.0,0.0,2.0,0.0,0.0,0.0,0.0,0.0,
ITA-Serie A,2526,2025-11-08 Juventus-Torino,Juventus,Michele Di Gregorio,True,Goalkeeper,1,start,end,1.0,0.0,0.0,0.0,0.0,0.0,0.0,0.0,3.0,0.0,0.0,0.0,0.0,0.0,
ITA-Serie A,2526,2025-11-08 Juventus-Torino,Torino,Alberto Paleari,False,Goalkeeper,1,start,end,1.0,0.0,0.0,0.0,0.0,0.0,0.0,0.0,6.0,0.0,0.0,0.0,0.0,0.0,
ITA-Serie A,2526,2025-11-08 Lecce-Hellas Verona,Hellas Verona,Lorenzo Montipò,False,Goalkeeper,1,start,end,1.0,0.0,1.0,0.0,0.0,0.0,0.0,0.0,6.0,0.0,0.0,0.0,0.0,0.0,
ITA-Serie A,2526,2025-11-08 Lecce-Hellas Verona,Lecce,Wladimiro Falcone,True,Goalkeeper,1,start,end,1.0,0.0,0.0,0.0,0.0,0.0,0.0,0.0,2.0,0.0,0.0,0.0,0.0,0.0,
ITA-Serie A,2526,2025-11-08 Parma-AC Milan,AC Milan,Mike Maignan,False,Goalkeeper,1,start,end,1.0,0.0,0.0,0.0,0.0,0.0,0.0,2.0,3.0,0.0,0.0,0.0,0.0,0.0,
ITA-Serie A,2526,2025-11-08 Parma-AC Milan,Parma,Zion Suzuki,True,Goalkeeper,1,start,end,1.0,0.0,0.0,0.0,0.0,0.0,0.0,2.0,3.0,0.0,0.0,0.0,0.0,0.0,
ITA-Serie A,2526,2025-11-09 AS Roma-Udinese,AS Roma,Mile Svilar,True,Goalkeeper,1,start,end,1.0,0.0,0.0,0.0,0.0,0.0,0.0,0.0,4.0,0.0,0.0,0.0,0.0,0.0,
ITA-Serie A,2526,2025-11-09 AS Roma-Udinese,Udinese,Maduka Okoye,False,Goalkeeper,1,start,end,1.0,0.0,0.0,0.0,0.0,0.0,0.0,2.0,2.0,0.0,0.0,0.0,0.0,0.0,
ITA-Serie A,2526,2025-11-09 Atalanta-Sassuolo,Atalanta,Marco Carnesecchi,True,Goalkeeper,1,start,end,1.0,1.0,0.0,0.0,0.0,0.0,0.0,3.0,1.0,0.0,0.0,0.0,0.0,0.0,
ITA-Serie A,2526,2025-11-09 Atalanta-Sassuolo,Sassuolo,Arijanet Muric,False,Goalkeeper,1,start,end,1.0,0.0,0.0,0.0,0.0,0.0,1.0,0.0,1.0,0.0,0.0,0.0,0.0,0.0,
ITA-Serie A,2526,2025-11-09 Bologna-Napoli,Bologna,Lukasz Skorupski,True,Goalkeeper,1,start,8,1.0,0.0,0.0,0.0,0.0,0.0,0.0,0.0,0.0,0.0,0.0,0.0,0.0,0.0,
ITA-Serie A,2526,2025-11-09 Bologna-Napoli,Napoli,Vanja Milinkovic-Savic,False,Goalkeeper,1,start,end,1.0,0.0,0.0,0.0,0.0,0.0,0.0,2.0,2.0,0.0,0.0,0.0,0.0,0.0,
ITA-Serie A,2526,2025-11-09 Genoa-Fiorentina,Fiorentina,David de Gea,False,Goalkeeper,1,start,end,1.0,0.0,1.0,0.0,0.0,0.0,0.0,2.0,4.0,0.0,0.0,0.0,0.0,0.0,
ITA-Serie A,2526,2025-11-09 Genoa-Fiorentina,Genoa,Nicola Leali,True,Goalkeeper,1,start,end,1.0,0.0,0.0,0.0,0.0,0.0,0.0,2.0,1.0,0.0,0.0,0.0,0.0,0.0,
ITA-Serie A,2526,2025-11-09 Internazionale-Lazio,Internazionale,Yann Sommer,True,Goalkeeper,1,start,end,1.0,0.0,0.0,0.0,0.0,0.0,0.0,0.0,5.0,0.0,0.0,0.0,0.0,0.0,
ITA-Serie A,2526,2025-11-09 Internazionale-Lazio,Lazio,Ivan Provedel,False,Goalkeeper,1,start,end,1.0,0.0,0.0,0.0,0.0,0.0,0.0,2.0,1.0,0.0,0.0,0.0,0.0,0.0,
ITA-Serie A,2526,2025-11-22 Cagliari-Genoa,Cagliari,Elia Caprile,True,Goalkeeper,1,start,end,1.0,0.0,0.0,0.0,0.0,0.0,0.0,3.0,4.0,0.0,0.0,0.0,0.0,0.0,
ITA-Serie A,2526,2025-11-22 Cagliari-Genoa,Genoa,Nicola Leali,False,Goalkeeper,1,start,end,1.0,0.0,0.0,0.0,0.0,0.0,0.0,3.0,2.0,0.0,0.0,0.0,0.0,0.0,
ITA-Serie A,2526,2025-11-22 Fiorentina-Juventus,Fiorentina,David de Gea,True,Goalkeeper,1,start,end,1.0,0.0,0.0,0.0,0.0,0.0,0.0,1.0,3.0,0.0,0.0,0.0,0.0,0.0,
ITA-Serie A,2526,2025-11-22 Fiorentina-Juventus,Juventus,Michele Di Gregorio,False,Goalkeeper,1,start,end,1.0,0.0,0.0,0.0,0.0,0.0,0.0,1.0,1.0,0.0,0.0,0.0,0.0,0.0,
ITA-Serie A,2526,2025-11-22 Napoli-Atalanta,Atalanta,Marco Carnesecchi,False,Goalkeeper,1,start,end,1.0,0.0,0.0,0.0,0.0,0.0,0.0,3.0,3.0,0.0,0.0,0.0,0.0,0.0,
ITA-Serie A,2526,2025-11-22 Napoli-Atalanta,Napoli,Vanja Milinkovic-Savic,True,Goalkeeper,1,start,end,1.0,0.0,0.0,0.0,0.0,0.0,0.0,1.0,2.0,0.0,0.0,0.0,0.0,0.0,
ITA-Serie A,2526,2025-11-22 Udinese-Bologna,Bologna,Federico Ravaglia,False,Goalkeeper,1,start,end,1.0,0.0,1.0,0.0,0.0,0.0,0.0,0.0,3.0,0.0,0.0,0.0,0.0,0.0,
ITA-Serie A,2526,2025-11-22 Udinese-Bologna,Udinese,Maduka Okoye,True,Goalkeeper,1,start,end,1.0,0.0,0.0,0.0,0.0,0.0,0.0,3.0,2.0,0.0,0.0,0.0,0.0,0.0,
ITA-Serie A,2526,2025-11-23 Cremonese-AS Roma,AS Roma,Mile Svilar,False,Goalkeeper,1,start,end,1.0,0.0,0.0,0.0,0.0,0.0,0.0,1.0,3.0,0.0,0.0,0.0,0.0,0.0,
ITA-Serie A,2526,2025-11-23 Cremonese-AS Roma,Cremonese,Emil Audero,True,Goalkeeper,1,start,end,1.0,0.0,0.0,0.0,0.0,0.0,0.0,3.0,3.0,0.0,0.0,0.0,0.0,0.0,
ITA-Serie A,2526,2025-11-23 Hellas Verona-Parma,Hellas Verona,Lorenzo Montipò,True,Goalkeeper,1,start,end,1.0,0.0,0.0,0.0,0.0,0.0,0.0,2.0,5.0,0.0,0.0,0.0,0.0,0.0,
ITA-Serie A,2526,2025-11-23 Hellas Verona-Parma,Parma,Edoardo Corvi,False,Goalkeeper,1,start,end,1.0,0.0,0.0,0.0,0.0,0.0,0.0,1.0,1.0,0.0,0.0,0.0,0.0,0.0,
ITA-Serie A,2526,2025-11-23 Internazionale-AC Milan,AC Milan,Mike Maignan,False,Goalkeeper,1,start,end,1.0,0.0,0.0,0.0,0.0,0.0,0.0,0.0,6.0,0.0,0.0,0.0,0.0,0.0,
ITA-Serie A,2526,2025-11-23 Internazionale-AC Milan,Internazionale,Yann Sommer,True,Goalkeeper,1,start,end,1.0,0.0,0.0,0.0,0.0,0.0,0.0,1.0,2.0,0.0,0.0,0.0,0.0,0.0,
ITA-Serie A,2526,2025-11-23 Lazio-Lecce,Lazio,Ivan Provedel,True,Goalkeeper,1,start,end,1.0,0.0,0.0,0.0,0.0,0.0,0.0,0.0,2.0,0.0,0.0,0.0,0.0,0.0,
ITA-Serie A,2526,2025-11-23 Lazio-Lecce,Lecce,Wladimiro Falcone,False,Goalkeeper,1,start,end,1.0,0.0,0.0,0.0,0.0,0.0,0.0,2.0,7.0,0.0,0.0,0.0,0.0,0.0,
ITA-Serie A,2526,2025-11-24 Sassuolo-Pisa,Pisa,Adrian Semper,False,Goalkeeper,1,start,end,1.0,0.0,0.0,0.0,0.0,0.0,0.0,2.0,5.0,0.0,0.0,0.0,0.0,0.0,
ITA-Serie A,2526,2025-11-24 Sassuolo-Pisa,Sassuolo,Arijanet Muric,True,Goalkeeper,1,start,end,1.0,0.0,0.0,0.0,0.0,0.0,0.0,2.0,1.0,0.0,0.0,0.0,0.0,0.0,
ITA-Serie A,2526,2025-11-24 Torino-Como,Como,Jean Butez,False,Goalkeeper,1,start,end,1.0,0.0,1.0,0.0,0.0,0.0,0.0,1.0,1.0,0.0,0.0,0.0,0.0,0.0,
ITA-Serie A,2526,2025-11-24 Torino-Como,Torino,Alberto Paleari,True,Goalkeeper,1,start,end,1.0,0.0,0.0,0.0,0.0,0.0,0.0,5.0,1.0,0.0,0.0,0.0,0.0,0.0,
ITA-Serie A,2526,2025-11-28 Como-Sassuolo,Como,Jean Butez,True,Goalkeeper,1,start,end,1.0,0.0,0.0,0.0,0.0,0.0,0.0,0.0,5.0,0.0,0.0,0.0,0.0,0.0,
ITA-Serie A,2526,2025-11-28 Como-Sassuolo,Sassuolo,Arijanet Muric,False,Goalkeeper,1,start,end,1.0,0.0,0.0,0.0,0.0,0.0,0.0,2.0,11.0,0.0,0.0,0.0,0.0,0.0,
ITA-Serie A,2526,2025-11-29 AC Milan-Lazio,AC Milan,Mike Maignan,True,Goalkeeper,1,start,end,1.0,0.0,0.0,0.0,0.0,0.0,0.0,0.0,4.0,0.0,0.0,0.0,0.0,0.0,
ITA-Serie A,2526,2025-11-29 AC Milan-Lazio,Lazio,Ivan Provedel,False,Goalkeeper,1,start,end,1.0,0.0,0.0,0.0,0.0,0.0,0.0,1.0,3.0,0.0,0.0,0.0,0.0,0.0,
ITA-Serie A,2526,2025-11-29 Genoa-Hellas Verona,Genoa,Nicola Leali,True,Goalkeeper,1,start,end,1.0,0.0,0.0,0.0,0.0,0.0,0.0,1.0,4.0,0.0,0.0,0.0,0.0,0.0,
ITA-Serie A,2526,2025-11-29 Genoa-Hellas Verona,Hellas Verona,Lorenzo Montipò,False,Goalkeeper,1,start,end,1.0,0.0,0.0,0.0,0.0,0.0,0.0,2.0,2.0,0.0,0.0,0.0,0.0,0.0,
ITA-Serie A,2526,2025-11-29 Juventus-Cagliari,Cagliari,Elia Caprile,False,Goalkeeper,1,start,end,1.0,0.0,0.0,0.0,0.0,0.0,0.0,2.0,4.0,0.0,0.0,0.0,0.0,0.0,
ITA-Serie A,2526,2025-11-29 Juventus-Cagliari,Juventus,Mattia Perin,True,Goalkeeper,1,start,end,1.0,0.0,0.0,0.0,0.0,0.0,0.0,1.0,2.0,0.0,0.0,0.0,0.0,0.0,
ITA-Serie A,2526,2025-11-29 Parma-Udinese,Parma,Edoardo Corvi,True,Goalkeeper,1,start,end,1.0,0.0,1.0,0.0,0.0,0.0,0.0,2.0,3.0,0.0,0.0,0.0,0.0,0.0,
ITA-Serie A,2526,2025-11-29 Parma-Udinese,Udinese,Maduka Okoye,False,Goalkeeper,1,start,end,1.0,0.0,0.0,0.0,0.0,0.0,0.0,0.0,2.0,0.0,0.0,0.0,0.0,0.0,
ITA-Serie A,2526,2025-11-30 AS Roma-Napoli,AS Roma,Mile Svilar,True,Goalkeeper,1,start,end,1.0,0.0,1.0,0.0,0.0,0.0,0.0,1.0,5.0,0.0,0.0,0.0,0.0,0.0,
ITA-Serie A,2526,2025-11-30 AS Roma-Napoli,Napoli,Vanja Milinkovic-Savic,False,Goalkeeper,1,start,end,1.0,0.0,0.0,0.0,0.0,0.0,0.0,0.0,2.0,0.0,0.0,0.0,0.0,0.0,
ITA-Serie A,2526,2025-11-30 Atalanta-Fiorentina,Atalanta,Marco Carnesecchi,True,Goalkeeper,1,start,end,1.0,0.0,0.0,0.0,0.0,0.0,0.0,0.0,3.0,0.0,0.0,0.0,0.0,0.0,
ITA-Serie A,2526,2025-11-30 Atalanta-Fiorentina,Fiorentina,David de Gea,False,Goalkeeper,1,start,end,1.0,0.0,0.0,0.0,0.0,0.0,0.0,2.0,7.0,0.0,0.0,0.0,0.0,0.0,
ITA-Serie A,2526,2025-11-30 Lecce-Torino,Lecce,Wladimiro Falcone,True,Goalkeeper,1,start,end,1.0,0.0,0.0,0.0,0.0,0.0,0.0,1.0,5.0,0.0,0.0,0.0,0.0,0.0,
ITA-Serie A,2526,2025-11-30 Lecce-Torino,Torino,Franco Israel,False,Goalkeeper,1,start,end,1.0,0.0,0.0,0.0,0.0,0.0,0.0,2.0,0.0,0.0,0.0,0.0,0.0,0.0,
ITA-Serie A,2526,2025-11-30 Pisa-Internazionale,Internazionale,Yann Sommer,False,Goalkeeper,1,start,end,1.0,0.0,0.0,0.0,0.0,0.0,0.0,0.0,2.0,0.0,0.0,0.0,0.0,0.0,
ITA-Serie A,2526,2025-11-30 Pisa-Internazionale,Pisa,Simone Scuffet,True,Goalkeeper,1,start,end,1.0,0.0,0.0,0.0,0.0,0.0,0.0,2.0,1.0,0.0,0.0,0.0,0.0,0.0,
ITA-Serie A,2526,2025-12-01 Bologna-Cremonese,Bologna,Federico Ravaglia,True,Goalkeeper,1,start,end,1.0,0.0,0.0,0.0,0.0,0.0,0.0,3.0,2.0,0.0,0.0,0.0,0.0,0.0,
ITA-Serie A,2526,2025-12-01 Bologna-Cremonese,Cremonese,Emil Audero,False,Goalkeeper,1,start,end,1.0,0.0,0.0,0.0,0.0,0.0,0.0,1.0,7.0,0.0,0.0,0.0,0.0,0.0,
ITA-Serie A,2526,2025-12-06 Hellas Verona-Atalanta,Atalanta,Marco Carnesecchi,False,Goalkeeper,1,start,end,1.0,0.0,0.0,0.0,0.0,0.0,0.0,3.0,4.0,0.0,0.0,0.0,0.0,0.0,
ITA-Serie A,2526,2025-12-06 Hellas Verona-Atalanta,Hellas Verona,Lorenzo Montipò,True,Goalkeeper,1,start,end,1.0,0.0,0.0,0.0,0.0,0.0,0.0,1.0,3.0,0.0,0.0,0.0,0.0,0.0,
ITA-Serie A,2526,2025-12-06 Internazionale-Como,Como,Jean Butez,False,Goalkeeper,1,start,end,1.0,0.0,0.0,0.0,0.0,0.0,0.0,4.0,3.0,0.0,0.0,0.0,0.0,0.0,
ITA-Serie A,2526,2025-12-06 Internazionale-Como,Internazionale,Yann Sommer,True,Goalkeeper,1,start,end,1.0,0.0,0.0,0.0,0.0,0.0,0.0,0.0,3.0,0.0,0.0,0.0,0.0,0.0,
ITA-Serie A,2526,2025-12-06 Sassuolo-Fiorentina,Fiorentina,David de Gea,False,Goalkeeper,1,start,end,1.0,0.0,0.0,0.0,0.0,0.0,0.0,3.0,2.0,0.0,0.0,0.0,0.0,0.0,
ITA-Serie A,2526,2025-12-06 Sassuolo-Fiorentina,Sassuolo,Arijanet Muric,True,Goalkeeper,1,start,end,1.0,1.0,0.0,0.0,0.0,0.0,1.0,1.0,0.0,0.0,0.0,0.0,0.0,0.0,
ITA-Serie A,2526,2025-12-07 Cagliari-AS Roma,AS Roma,Mile Svilar,False,Goalkeeper,1,start,end,1.0,0.0,1.0,0.0,0.0,0.0,0.0,1.0,8.0,0.0,0.0,0.0,0.0,0.0,
ITA-Serie A,2526,2025-12-07 Cagliari-AS Roma,Cagliari,Elia Caprile,True,Goalkeeper,1,start,end,1.0,0.0,0.0,0.0,0.0,0.0,0.0,0.0,2.0,0.0,0.0,0.0,0.0,0.0,
ITA-Serie A,2526,2025-12-07 Cremonese-Lecce,Cremonese,Emil Audero,True,Goalkeeper,1,start,end,1.0,0.0,0.0,0.0,0.0,0.0,0.0,0.0,1.0,0.0,0.0,0.0,0.0,0.0,
ITA-Serie A,2526,2025-12-07 Cremonese-Lecce,Lecce,Wladimiro Falcone,False,Goalkeeper,1,start,end,1.0,0.0,2.0,0.0,0.0,0.0,0.0,2.0,2.0,0.0,0.0,0.0,0.0,0.0,
ITA-Serie A,2526,2025-12-07 Lazio-Bologna,Bologna,Federico Ravaglia,False,Goalkeeper,1,start,end,1.0,0.0,0.0,0.0,0.0,0.0,0.0,1.0,8.0,0.0,0.0,0.0,0.0,0.0,
ITA-Serie A,2526,2025-12-07 Lazio-Bologna,Lazio,Ivan Provedel,True,Goalkeeper,1,start,end,1.0,0.0,0.0,0.0,0.0,0.0,0.0,1.0,4.0,0.0,0.0,0.0,0.0,0.0,
ITA-Serie A,2526,2025-12-07 Napoli-Juventus,Juventus,Michele Di Gregorio,False,Goalkeeper,1,start,end,1.0,0.0,0.0,0.0,0.0,0.0,0.0,2.0,3.0,0.0,0.0,0.0,0.0,0.0,
ITA-Serie A,2526,2025-12-07 Napoli-Juventus,Napoli,Vanja Milinkovic-Savic,True,Goalkeeper,1,start,end,1.0,0.0,0.0,0.0,0.0,0.0,0.0,1.0,1.0,0.0,0.0,0.0,0.0,0.0,
ITA-Serie A,2526,2025-12-08 Pisa-Parma,Parma,Edoardo Corvi,False,Goalkeeper,1,start,end,1.0,0.0,0.0,0.0,0.0,0.0,0.0,0.0,2.0,0.0,0.0,0.0,0.0,0.0,
ITA-Serie A,2526,2025-12-08 Pisa-Parma,Pisa,Simone Scuffet,True,Goalkeeper,1,start,end,1.0,0.0,0.0,0.0,0.0,0.0,0.0,1.0,1.0,0.0,0.0,0.0,0.0,0.0,
ITA-Serie A,2526,2025-12-08 Torino-AC Milan,AC Milan,Mike Maignan,False,Goalkeeper,1,start,end,1.0,0.0,0.0,0.0,0.0,0.0,1.0,2.0,2.0,0.0,0.0,0.0,0.0,0.0,
ITA-Serie A,2526,2025-12-08 Torino-AC Milan,Torino,Franco Israel,True,Goalkeeper,1,start,end,1.0,0.0,0.0,0.0,0.0,0.0,0.0,3.0,3.0,0.0,0.0,0.0,0.0,0.0,
ITA-Serie A,2526,2025-12-08 Udinese-Genoa,Genoa,Nicola Leali,False,Goalkeeper,1,start,end,1.0,0.0,0.0,0.0,0.0,0.0,0.0,1.0,5.0,0.0,0.0,0.0,0.0,0.0,
ITA-Serie A,2526,2025-12-08 Udinese-Genoa,Udinese,Maduka Okoye,True,Goalkeeper,1,start,end,1.0,1.0,0.0,0.0,0.0,0.0,0.0,2.0,4.0,0.0,0.0,0.0,0.0,0.0,
ITA-Serie A,2526,2025-12-12 Lecce-Pisa,Lecce,Wladimiro Falcone,True,Goalkeeper,1,start,end,1.0,0.0,0.0,0.0,0.0,0.0,0.0,0.0,0.0,0.0,0.0,0.0,0.0,0.0,
ITA-Serie A,2526,2025-12-12 Lecce-Pisa,Pisa,Adrian Semper,False,Goalkeeper,1,start,end,1.0,0.0,1.0,0.0,0.0,0.0,0.0,1.0,2.0,0.0,0.0,0.0,0.0,0.0,
ITA-Serie A,2526,2025-12-13 Atalanta-Cagliari,Atalanta,Marco Carnesecchi,True,Goalkeeper,1,start,end,1.0,0.0,0.0,0.0,0.0,0.0,0.0,1.0,0.0,0.0,0.0,0.0,0.0,0.0,
ITA-Serie A,2526,2025-12-13 Atalanta-Cagliari,Cagliari,Elia Caprile,False,Goalkeeper,1,start,end,1.0,0.0,0.0,0.0,0.0,0.0,0.0,2.0,6.0,0.0,0.0,0.0,0.0,0.0,
ITA-Serie A,2526,2025-12-13 Parma-Lazio,Lazio,Ivan Provedel,False,Goalkeeper,1,start,end,1.0,0.0,0.0,0.0,0.0,0.0,0.0,0.0,6.0,0.0,0.0,0.0,0.0,0.0,
ITA-Serie A,2526,2025-12-13 Parma-Lazio,Parma,Edoardo Corvi,True,Goalkeeper,1,start,end,1.0,0.0,0.0,0.0,0.0,0.0,0.0,1.0,3.0,0.0,0.0,0.0,0.0,0.0,
ITA-Serie A,2526,2025-12-13 Torino-Cremonese,Cremonese,Emil Audero,False,Goalkeeper,1,start,end,1.0,0.0,0.0,0.0,0.0,0.0,0.0,1.0,5.0,0.0,0.0,0.0,0.0,0.0,
ITA-Serie A,2526,2025-12-13 Torino-Cremonese,Torino,Alberto Paleari,True,Goalkeeper,1,start,end,1.0,0.0,0.0,0.0,0.0,0.0,0.0,0.0,3.0,0.0,0.0,0.0,0.0,0.0,
ITA-Serie A,2526,2025-12-14 AC Milan-Sassuolo,AC Milan,Mike Maignan,True,Goalkeeper,1,start,end,1.0,0.0,0.0,0.0,0.0,0.0,0.0,2.0,1.0,0.0,0.0,0.0,0.0,0.0,
ITA-Serie A,2526,2025-12-14 AC Milan-Sassuolo,Sassuolo,Arijanet Muric,False,Goalkeeper,1,start,end,1.0,0.0,0.0,0.0,0.0,0.0,0.0,2.0,2.0,0.0,0.0,0.0,0.0,0.0,
ITA-Serie A,2526,2025-12-14 Bologna-Juventus,Bologna,Federico Ravaglia,True,Goalkeeper,1,start,end,1.0,0.0,1.0,0.0,0.0,0.0,0.0,1.0,2.0,0.0,0.0,0.0,0.0,0.0,
ITA-Serie A,2526,2025-12-14 Bologna-Juventus,Juventus,Michele Di Gregorio,False,Goalkeeper,1,start,end,1.0,0.0,0.0,0.0,0.0,0.0,0.0,0.0,4.0,0.0,0.0,0.0,0.0,0.0,
ITA-Serie A,2526,2025-12-14 Fiorentina-Hellas Verona,Fiorentina,David de Gea,True,Goalkeeper,1,start,end,1.0,0.0,0.0,0.0,0.0,0.0,0.0,2.0,1.0,0.0,0.0,0.0,0.0,0.0,
ITA-Serie A,2526,2025-12-14 Fiorentina-Hellas Verona,Hellas Verona,Lorenzo Montipò,False,Goalkeeper,1,start,end,1.0,0.0,0.0,0.0,0.0,0.0,0.0,1.0,4.0,0.0,0.0,0.0,0.0,0.0,
ITA-Serie A,2526,2025-12-14 Genoa-Internazionale,Genoa,Nicola Leali,True,Goalkeeper,1,start,end,1.0,0.0,0.0,0.0,0.0,0.0,0.0,2.0,6.0,0.0,0.0,0.0,0.0,0.0,
ITA-Serie A,2526,2025-12-14 Genoa-Internazionale,Internazionale,Yann Sommer,False,Goalkeeper,1,start,end,1.0,0.0,0.0,0.0,0.0,0.0,0.0,1.0,2.0,0.0,0.0,0.0,0.0,0.0,
ITA-Serie A,2526,2025-12-14 Udinese-Napoli,Napoli,Vanja Milinkovic-Savic,False,Goalkeeper,1,start,end,1.0,0.0,1.0,0.0,0.0,0.0,0.0,1.0,4.0,0.0,0.0,0.0,0.0,0.0,
ITA-Serie A,2526,2025-12-14 Udinese-Napoli,Udinese,Maduka Okoye,True,Goalkeeper,1,start,end,1.0,0.0,0.0,0.0,0.0,0.0,0.0,0.0,0.0,0.0,0.0,0.0,0.0,0.0,
ITA-Serie A,2526,2025-12-15 AS Roma-Como,AS Roma,Mile Svilar,True,Goalkeeper,1,start,end,1.0,0.0,0.0,0.0,0.0,0.0,0.0,0.0,1.0,0.0,0.0,0.0,0.0,0.0,
ITA-Serie A,2526,2025-12-15 AS Roma-Como,Como,Jean Butez,False,Goalkeeper,1,start,end,1.0,0.0,0.0,0.0,0.0,0.0,0.0,1.0,3.0,0.0,0.0,0.0,0.0,0.0,
ITA-Serie A,2526,2025-12-20 Juventus-AS Roma,AS Roma,Mile Svilar,False,Goalkeeper,1,start,end,1.0,0.0,0.0,0.0,0.0,0.0,0.0,2.0,7.0,0.0,0.0,0.0,0.0,0.0,
ITA-Serie A,2526,2025-12-20 Juventus-AS Roma,Juventus,Michele Di Gregorio,True,Goalkeeper,1,start,end,1.0,0.0,0.0,0.0,0.0,0.0,0.0,1.0,4.0,0.0,0.0,0.0,0.0,0.0,
ITA-Serie A,2526,2025-12-20 Lazio-Cremonese,Cremonese,Emil Audero,False,Goalkeeper,1,start,end,1.0,0.0,1.0,0.0,0.0,0.0,0.0,0.0,2.0,0.0,0.0,0.0,0.0,0.0,
ITA-Serie A,2526,2025-12-20 Lazio-Cremonese,Lazio,Ivan Provedel,True,Goalkeeper,1,start,end,1.0,0.0,0.0,0.0,0.0,0.0,0.0,0.0,2.0,0.0,0.0,0.0,0.0,0.0,
ITA-Serie A,2526,2025-12-21 Cagliari-Pisa,Cagliari,Elia Caprile,True,Goalkeeper,1,start,end,1.0,0.0,0.0,0.0,0.0,0.0,0.0,2.0,1.0,0.0,0.0,0.0,0.0,0.0,
ITA-Serie A,2526,2025-12-21 Cagliari-Pisa,Pisa,Adrian Semper,False,Goalkeeper,1,start,end,1.0,0.0,0.0,0.0,0.0,0.0,0.0,2.0,3.0,0.0,0.0,0.0,0.0,0.0,
ITA-Serie A,2526,2025-12-21 Fiorentina-Udinese,Fiorentina,David de Gea,True,Goalkeeper,1,start,end,1.0,0.0,0.0,0.0,0.0,0.0,0.0,1.0,3.0,0.0,0.0,0.0,0.0,0.0,
ITA-Serie A,2526,2025-12-21 Fiorentina-Udinese,Udinese,Maduka Okoye,False,Goalkeeper,1,start,end,1.0,1.0,0.0,0.0,1.0,0.0,0.0,0.0,1.0,0.0,0.0,0.0,0.0,0.0,
ITA-Serie A,2526,2025-12-21 Genoa-Atalanta,Atalanta,Marco Carnesecchi,False,Goalkeeper,1,start,end,1.0,0.0,1.0,0.0,0.0,0.0,0.0,0.0,3.0,0.0,0.0,0.0,0.0,0.0,
ITA-Serie A,2526,2025-12-21 Genoa-Atalanta,Genoa,Nicola Leali,True,Goalkeeper,1,start,end,1.0,1.0,0.0,0.0,1.0,0.0,0.0,0.0,0.0,0.0,0.0,0.0,0.0,0.0,
ITA-Serie A,2526,2025-12-21 Sassuolo-Torino,Sassuolo,Arijanet Muric,True,Goalkeeper,1,start,end,1.0,0.0,1.0,0.0,0.0,0.0,0.0,1.0,4.0,0.0,0.0,0.0,0.0,0.0,
ITA-Serie A,2526,2025-12-21 Sassuolo-Torino,Torino,Alberto Paleari,False,Goalkeeper,1,start,end,1.0,0.0,0.0,0.0,0.0,0.0,0.0,0.0,1.0,0.0,0.0,0.0,0.0,0.0,
ITA-Serie A,2526,2025-12-27 Lecce-Como,Como,Jean Butez,False,Goalkeeper,1,start,end,1.0,0.0,0.0,0.0,0.0,0.0,1.0,0.0,5.0,0.0,0.0,0.0,0.0,0.0,
ITA-Serie A,2526,2025-12-27 Lecce-Como,Lecce,Wladimiro Falcone,True,Goalkeeper,1,start,end,1.0,0.0,0.0,0.0,0.0,0.0,0.0,3.0,3.0,0.0,0.0,0.0,0.0,0.0,
ITA-Serie A,2526,2025-12-27 Parma-Fiorentina,Fiorentina,David de Gea,False,Goalkeeper,1,start,end,1.0,0.0,0.0,0.0,0.0,0.0,0.0,1.0,1.0,0.0,0.0,0.0,0.0,0.0,
ITA-Serie A,2526,2025-12-27 Parma-Fiorentina,Parma,Edoardo Corvi,True,Goalkeeper,1,start,end,1.0,0.0,1.0,0.0,0.0,0.0,1.0,0.0,4.0,0.0,0.0,0.0,0.0,0.0,
ITA-Serie A,2526,2025-12-27 Pisa-Juventus,Juventus,Michele Di Gregorio,False,Goalkeeper,1,start,end,1.0,0.0,0.0,0.0,0.0,0.0,0.0,0.0,0.0,0.0,0.0,0.0,0.0,0.0,
ITA-Serie A,2526,2025-12-27 Pisa-Juventus,Pisa,Adrian Semper,True,Goalkeeper,1,start,end,1.0,0.0,0.0,0.0,0.0,0.0,0.0,2.0,5.0,0.0,0.0,0.0,0.0,0.0,
ITA-Serie A,2526,2025-12-27 Torino-Cagliari,Cagliari,Elia Caprile,False,Goalkeeper,1,start,end,1.0,0.0,0.0,0.0,0.0,0.0,0.0,1.0,9.0,0.0,0.0,0.0,0.0,0.0,
ITA-Serie A,2526,2025-12-27 Torino-Cagliari,Torino,Alberto Paleari,True,Goalkeeper,1,start,end,1.0,0.0,0.0,0.0,0.0,0.0,0.0,2.0,2.0,0.0,0.0,0.0,0.0,0.0,
ITA-Serie A,2526,2025-12-27 Udinese-Lazio,Lazio,Ivan Provedel,False,Goalkeeper,1,start,end,1.0,0.0,0.0,0.0,0.0,0.0,0.0,1.0,3.0,0.0,0.0,0.0,0.0,0.0,
ITA-Serie A,2526,2025-12-27 Udinese-Lazio,Udinese,Daniele Padelli,True,Goalkeeper,1,start,end,1.0,0.0,0.0,0.0,0.0,0.0,0.0,1.0,1.0,0.0,0.0,0.0,0.0,0.0,
ITA-Serie A,2526,2025-12-28 AC Milan-Hellas Verona,AC Milan,Mike Maignan,True,Goalkeeper,1,start,end,1.0,0.0,0.0,0.0,0.0,0.0,0.0,0.0,1.0,0.0,0.0,0.0,0.0,0.0,
ITA-Serie A,2526,2025-12-28 AC Milan-Hellas Verona,Hellas Verona,Lorenzo Montipò,False,Goalkeeper,1,start,end,1.0,0.0,0.0,0.0,0.0,0.0,0.0,3.0,2.0,0.0,0.0,0.0,0.0,0.0,
ITA-Serie A,2526,2025-12-28 Atalanta-Internazionale,Atalanta,Marco Carnesecchi,True,Goalkeeper,1,start,end,1.0,0.0,1.0,0.0,0.0,0.0,0.0,1.0,3.0,0.0,0.0,0.0,0.0,0.0,
ITA-Serie A,2526,2025-12-28 Atalanta-Internazionale,Internazionale,Yann Sommer,False,Goalkeeper,1,start,end,1.0,0.0,0.0,0.0,0.0,0.0,0.0,0.0,0.0,0.0,0.0,0.0,0.0,0.0,
ITA-Serie A,2526,2025-12-28 Bologna-Sassuolo,Bologna,Federico Ravaglia,True,Goalkeeper,1,start,end,1.0,0.0,1.0,0.0,0.0,0.0,1.0,1.0,4.0,0.0,0.0,0.0,0.0,0.0,
ITA-Serie A,2526,2025-12-28 Bologna-Sassuolo,Sassuolo,Arijanet Muric,False,Goalkeeper,1,start,end,1.0,0.0,0.0,0.0,0.0,0.0,0.0,1.0,4.0,0.0,0.0,0.0,0.0,0.0,
ITA-Serie A,2526,2025-12-28 Cremonese-Napoli,Cremonese,Emil Audero,True,Goalkeeper,1,start,end,1.0,0.0,0.0,0.0,0.0,0.0,0.0,2.0,6.0,0.0,0.0,0.0,0.0,0.0,
ITA-Serie A,2526,2025-12-28 Cremonese-Napoli,Napoli,Vanja Milinkovic-Savic,False,Goalkeeper,1,start,end,1.0,0.0,0.0,0.0,0.0,0.0,0.0,0.0,2.0,0.0,0.0,0.0,0.0,0.0,
ITA-Serie A,2526,2025-12-29 AS Roma-Genoa,AS Roma,Mile Svilar,True,Goalkeeper,1,start,end,1.0,0.0,1.0,0.0,0.0,0.0,0.0,1.0,1.0,0.0,0.0,0.0,0.0,0.0,
ITA-Serie A,2526,2025-12-29 AS Roma-Genoa,Genoa,Daniele Sommariva,False,Goalkeeper,1,start,end,1.0,0.0,1.0,0.0,0.0,0.0,0.0,3.0,5.0,0.0,0.0,0.0,0.0,0.0,
ITA-Serie A,2526,2026-01-02 Cagliari-AC Milan,AC Milan,Mike Maignan,False,Goalkeeper,1,start,end,1.0,0.0,0.0,0.0,0.0,0.0,0.0,0.0,1.0,0.0,0.0,0.0,0.0,0.0,
ITA-Serie A,2526,2026-01-02 Cagliari-AC Milan,Cagliari,Elia Caprile,True,Goalkeeper,1,start,end,1.0,0.0,0.0,0.0,0.0,0.0,0.0,1.0,3.0,0.0,0.0,0.0,0.0,0.0,
ITA-Serie A,2526,2026-01-03 Atalanta-AS Roma,AS Roma,Mile Svilar,False,Goalkeeper,1,start,end,1.0,0.0,0.0,0.0,0.0,0.0,0.0,1.0,1.0,0.0,0.0,0.0,0.0,0.0,
ITA-Serie A,2526,2026-01-03 Atalanta-AS Roma,Atalanta,Marco Carnesecchi,True,Goalkeeper,1,start,end,1.0,0.0,1.0,0.0,0.0,0.0,0.0,0.0,3.0,0.0,0.0,0.0,0.0,0.0,
ITA-Serie A,2526,2026-01-03 Como-Udinese,Como,Jean Butez,True,Goalkeeper,1,start,end,1.0,0.0,0.0,0.0,0.0,0.0,0.0,0.0,0.0,0.0,0.0,0.0,0.0,0.0,
ITA-Serie A,2526,2026-01-03 Como-Udinese,Udinese,Daniele Padelli,False,Goalkeeper,1,start,end,1.0,0.0,0.0,0.0,0.0,0.0,0.0,1.0,2.0,0.0,0.0,0.0,0.0,0.0,
ITA-Serie A,2526,2026-01-03 Genoa-Pisa,Genoa,Nicola Leali,True,Goalkeeper,1,start,end,1.0,0.0,0.0,0.0,0.0,0.0,0.0,1.0,1.0,0.0,0.0,0.0,0.0,0.0,
ITA-Serie A,2526,2026-01-03 Genoa-Pisa,Pisa,Adrian Semper,False,Goalkeeper,1,start,end,1.0,0.0,0.0,0.0,0.0,0.0,0.0,1.0,3.0,0.0,0.0,0.0,0.0,0.0,
ITA-Serie A,2526,2026-01-03 Juventus-Lecce,Juventus,Michele Di Gregorio,True,Goalkeeper,1,start,end,1.0,0.0,0.0,0.0,0.0,0.0,0.0,1.0,0.0,0.0,0.0,0.0,0.0,0.0,
ITA-Serie A,2526,2026-01-03 Juventus-Lecce,Lecce,Wladimiro Falcone,False,Goalkeeper,1,start,end,1.0,0.0,0.0,0.0,0.0,0.0,1.0,1.0,4.0,0.0,0.0,0.0,0.0,0.0,
ITA-Serie A,2526,2026-01-03 Sassuolo-Parma,Parma,Edoardo Corvi,False,Goalkeeper,1,start,end,1.0,0.0,1.0,0.0,0.0,0.0,0.0,1.0,2.0,0.0,0.0,0.0,0.0,0.0,
ITA-Serie A,2526,2026-01-03 Sassuolo-Parma,Sassuolo,Arijanet Muric,True,Goalkeeper,1,start,end,1.0,0.0,0.0,0.0,0.0,0.0,0.0,1.0,4.0,0.0,0.0,0.0,0.0,0.0,
ITA-Serie A,2526,2026-01-04 Fiorentina-Cremonese,Cremonese,Emil Audero,False,Goalkeeper,1,start,end,1.0,0.0,0.0,0.0,0.0,0.0,0.0,1.0,7.0,0.0,0.0,0.0,0.0,0.0,
ITA-Serie A,2526,2026-01-04 Fiorentina-Cremonese,Fiorentina,David de Gea,True,Goalkeeper,1,start,end,1.0,0.0,0.0,0.0,0.0,0.0,0.0,0.0,2.0,0.0,0.0,0.0,0.0,0.0,
ITA-Serie A,2526,2026-01-04 Hellas Verona-Torino,Hellas Verona,Lorenzo Montipò,True,Goalkeeper,1,start,end,1.0,0.0,1.0,0.0,0.0,0.0,0.0,3.0,2.0,0.0,0.0,0.0,0.0,0.0,
ITA-Serie A,2526,2026-01-04 Hellas Verona-Torino,Torino,Alberto Paleari,False,Goalkeeper,1,start,end,1.0,0.0,1.0,0.0,0.0,0.0,1.0,0.0,3.0,0.0,0.0,0.0,0.0,0.0,
ITA-Serie A,2526,2026-01-04 Internazionale-Bologna,Bologna,Federico Ravaglia,False,Goalkeeper,1,start,end,1.0,0.0,0.0,0.0,0.0,0.0,0.0,3.0,7.0,0.0,0.0,0.0,0.0,0.0,
ITA-Serie A,2526,2026-01-04 Internazionale-Bologna,Internazionale,Yann Sommer,True,Goalkeeper,1,start,end,1.0,0.0,0.0,0.0,0.0,0.0,0.0,1.0,1.0,0.0,0.0,0.0,0.0,0.0,
ITA-Serie A,2526,2026-01-04 Lazio-Napoli,Lazio,Ivan Provedel,True,Goalkeeper,1,start,end,1.0,0.0,0.0,0.0,0.0,0.0,0.0,2.0,1.0,0.0,0.0,0.0,0.0,0.0,
ITA-Serie A,2526,2026-01-04 Lazio-Napoli,Napoli,Vanja Milinkovic-Savic,False,Goalkeeper,1,start,end,1.0,0.0,0.0,0.0,0.0,0.0,0.0,0.0,0.0,0.0,0.0,0.0,0.0,0.0,
ITA-Serie A,2526,2026-01-06 Lecce-AS Roma,AS Roma,Mile Svilar,False,Goalkeeper,1,start,end,1.0,0.0,0.0,0.0,0.0,0.0,0.0,0.0,1.0,0.0,0.0,0.0,0.0,0.0,
ITA-Serie A,2526,2026-01-06 Lecce-AS Roma,Lecce,Wladimiro Falcone,True,Goalkeeper,1,start,end,1.0,0.0,0.0,0.0,0.0,0.0,0.0,2.0,1.0,0.0,0.0,0.0,0.0,0.0,
ITA-Serie A,2526,2026-01-06 Pisa-Como,Como,Jean Butez,False,Goalkeeper,1,start,end,1.0,0.0,0.0,0.0,0.0,0.0,0.0,0.0,4.0,0.0,0.0,0.0,0.0,0.0,
ITA-Serie A,2526,2026-01-06 Pisa-Como,Pisa,Adrian Semper,True,Goalkeeper,1,start,end,1.0,0.0,0.0,0.0,0.0,0.0,0.0,3.0,5.0,0.0,0.0,0.0,0.0,0.0,
ITA-Serie A,2526,2026-01-06 Sassuolo-Juventus,Juventus,Michele Di Gregorio,False,Goalkeeper,1,start,end,1.0,0.0,0.0,0.0,0.0,0.0,0.0,0.0,2.0,0.0,0.0,0.0,0.0,0.0,
ITA-Serie A,2526,2026-01-06 Sassuolo-Juventus,Sassuolo,Arijanet Muric,True,Goalkeeper,1,start,end,1.0,0.0,0.0,0.0,0.0,0.0,0.0,3.0,8.0,0.0,0.0,0.0,0.0,0.0,
ITA-Serie A,2526,2026-01-07 Bologna-Atalanta,Atalanta,Marco Carnesecchi,False,Goalkeeper,1,start,end,1.0,0.0,0.0,0.0,0.0,0.0,0.0,0.0,2.0,0.0,0.0,0.0,0.0,0.0,
ITA-Serie A,2526,2026-01-07 Bologna-Atalanta,Bologna,Federico Ravaglia,True,Goalkeeper,1,start,end,1.0,0.0,0.0,0.0,0.0,0.0,0.0,2.0,3.0,0.0,0.0,0.0,0.0,0.0,
ITA-Serie A,2526,2026-01-07 Lazio-Fiorentina,Fiorentina,David de Gea,False,Goalkeeper,1,start,end,1.0,0.0,0.0,0.0,0.0,0.0,0.0,2.0,6.0,0.0,0.0,0.0,0.0,0.0,
ITA-Serie A,2526,2026-01-07 Lazio-Fiorentina,Lazio,Ivan Provedel,True,Goalkeeper,1,start,end,1.0,0.0,0.0,0.0,0.0,0.0,0.0,2.0,3.0,0.0,0.0,0.0,0.0,0.0,
ITA-Serie A,2526,2026-01-07 Napoli-Hellas Verona,Hellas Verona,Lorenzo Montipò,False,Goalkeeper,1,start,end,1.0,0.0,0.0,0.0,0.0,0.0,0.0,2.0,2.0,0.0,0.0,0.0,0.0,0.0,
ITA-Serie A,2526,2026-01-07 Napoli-Hellas Verona,Napoli,Vanja Milinkovic-Savic,True,Goalkeeper,1,start,end,1.0,0.0,0.0,0.0,0.0,0.0,0.0,2.0,2.0,0.0,0.0,0.0,0.0,0.0,
ITA-Serie A,2526,2026-01-07 Parma-Internazionale,Internazionale,Yann Sommer,False,Goalkeeper,1,start,end,1.0,0.0,0.0,0.0,0.0,0.0,0.0,0.0,0.0,0.0,0.0,0.0,0.0,0.0,
ITA-Serie A,2526,2026-01-07 Parma-Internazionale,Parma,Edoardo Corvi,True,Goalkeeper,1,start,end,1.0,0.0,0.0,0.0,0.0,0.0,0.0,2.0,6.0,0.0,0.0,0.0,0.0,0.0,
ITA-Serie A,2526,2026-01-07 Torino-Udinese,Torino,Alberto Paleari,True,Goalkeeper,1,start,end,1.0,0.0,0.0,0.0,0.0,0.0,0.0,2.0,2.0,0.0,0.0,0.0,0.0,0.0,
ITA-Serie A,2526,2026-01-07 Torino-Udinese,Udinese,Maduka Okoye,False,Goalkeeper,1,start,end,1.0,0.0,2.0,0.0,0.0,0.0,0.0,1.0,3.0,0.0,0.0,0.0,0.0,0.0,
ITA-Serie A,2526,2026-01-08 AC Milan-Genoa,AC Milan,Mike Maignan,True,Goalkeeper,1,start,end,1.0,0.0,0.0,0.0,0.0,0.0,1.0,1.0,1.0,0.0,0.0,0.0,0.0,0.0,
ITA-Serie A,2526,2026-01-08 AC Milan-Genoa,Genoa,Nicola Leali,False,Goalkeeper,1,start,end,1.0,0.0,0.0,0.0,0.0,0.0,1.0,1.0,7.0,0.0,0.0,0.0,0.0,0.0,
ITA-Serie A,2526,2026-01-08 Cremonese-Cagliari,Cagliari,Elia Caprile,False,Goalkeeper,1,start,end,1.0,0.0,0.0,0.0,0.0,0.0,0.0,2.0,3.0,0.0,0.0,0.0,0.0,0.0,
ITA-Serie A,2526,2026-01-08 Cremonese-Cagliari,Cremonese,Emil Audero,True,Goalkeeper,1,start,end,1.0,0.0,0.0,0.0,0.0,0.0,0.0,2.0,3.0,0.0,0.0,0.0,0.0,0.0,
ITA-Serie A,2526,2026-01-10 AS Roma-Sassuolo,AS Roma,Mile Svilar,True,Goalkeeper,1,start,end,1.0,0.0,0.0,0.0,0.0,0.0,0.0,0.0,3.0,0.0,0.0,0.0,0.0,0.0,
ITA-Serie A,2526,2026-01-10 AS Roma-Sassuolo,Sassuolo,Arijanet Muric,False,Goalkeeper,1,start,end,1.0,0.0,0.0,0.0,0.0,0.0,1.0,2.0,4.0,0.0,0.0,0.0,0.0,0.0,
ITA-Serie A,2526,2026-01-10 Atalanta-Torino,Atalanta,Marco Carnesecchi,True,Goalkeeper,1,start,end,1.0,0.0,0.0,0.0,0.0,0.0,0.0,0.0,3.0,0.0,0.0,0.0,0.0,0.0,
ITA-Serie A,2526,2026-01-10 Atalanta-Torino,Torino,Alberto Paleari,False,Goalkeeper,1,start,end,1.0,0.0,1.0,0.0,0.0,0.0,0.0,2.0,4.0,0.0,0.0,0.0,0.0,0.0,
ITA-Serie A,2526,2026-01-10 Como-Bologna,Bologna,Federico Ravaglia,False,Goalkeeper,1,start,end,1.0,0.0,0.0,0.0,0.0,0.0,0.0,1.0,2.0,0.0,0.0,0.0,0.0,0.0,
ITA-Serie A,2526,2026-01-10 Como-Bologna,Como,Jean Butez,True,Goalkeeper,1,start,end,1.0,0.0,0.0,0.0,0.0,0.0,0.0,1.0,1.0,0.0,0.0,0.0,0.0,0.0,
ITA-Serie A,2526,2026-01-10 Udinese-Pisa,Pisa,Simone Scuffet,False,Goalkeeper,1,start,end,1.0,0.0,0.0,0.0,0.0,0.0,0.0,2.0,0.0,0.0,0.0,0.0,0.0,0.0,
ITA-Serie A,2526,2026-01-10 Udinese-Pisa,Udinese,Maduka Okoye,True,Goalkeeper,1,start,end,1.0,0.0,0.0,0.0,0.0,0.0,0.0,2.0,5.0,0.0,0.0,0.0,0.0,0.0,
ITA-Serie A,2526,2026-01-11 Fiorentina-AC Milan,AC Milan,Mike Maignan,False,Goalkeeper,1,start,end,1.0,0.0,1.0,0.0,0.0,0.0,0.0,1.0,6.0,0.0,0.0,0.0,0.0,0.0,
ITA-Serie A,2526,2026-01-11 Fiorentina-AC Milan,Fiorentina,David de Gea,True,Goalkeeper,1,start,end,1.0,0.0,1.0,0.0,0.0,0.0,0.0,1.0,2.0,0.0,0.0,0.0,0.0,0.0,
ITA-Serie A,2526,2026-01-11 Hellas Verona-Lazio,Hellas Verona,Lorenzo Montipò,True,Goalkeeper,1,start,end,1.0,0.0,0.0,0.0,0.0,0.0,0.0,1.0,2.0,0.0,0.0,0.0,0.0,0.0,
ITA-Serie A,2526,2026-01-11 Hellas Verona-Lazio,Lazio,Ivan Provedel,False,Goalkeeper,1,start,end,1.0,0.0,0.0,0.0,0.0,0.0,0.0,0.0,2.0,0.0,0.0,0.0,0.0,0.0,
ITA-Serie A,2526,2026-01-11 Internazionale-Napoli,Internazionale,Yann Sommer,True,Goalkeeper,1,start,end,1.0,0.0,0.0,0.0,0.0,0.0,0.0,2.0,1.0,0.0,0.0,0.0,0.0,0.0,
ITA-Serie A,2526,2026-01-11 Internazionale-Napoli,Napoli,Vanja Milinkovic-Savic,False,Goalkeeper,1,start,end,1.0,0.0,0.0,0.0,0.0,0.0,0.0,2.0,2.0,0.0,0.0,0.0,0.0,0.0,
ITA-Serie A,2526,2026-01-11 Lecce-Parma,Lecce,Wladimiro Falcone,True,Goalkeeper,1,start,end,1.0,0.0,0.0,0.0,0.0,0.0,0.0,2.0,1.0,0.0,0.0,0.0,0.0,0.0,
ITA-Serie A,2526,2026-01-11 Lecce-Parma,Parma,Edoardo Corvi,False,Goalkeeper,1,start,end,1.0,0.0,0.0,0.0,0.0,0.0,0.0,1.0,0.0,0.0,0.0,0.0,0.0,0.0,
ITA-Serie A,2526,2026-01-12 Genoa-Cagliari,Cagliari,Elia Caprile,False,Goalkeeper,1,start,end,1.0,0.0,1.0,0.0,0.0,0.0,0.0,3.0,4.0,0.0,0.0,0.0,0.0,0.0,
ITA-Serie A,2526,2026-01-12 Genoa-Cagliari,Genoa,Nicola Leali,True,Goalkeeper,1,start,end,1.0,0.0,0.0,0.0,0.0,0.0,0.0,0.0,3.0,0.0,0.0,0.0,0.0,0.0,
ITA-Serie A,2526,2026-01-12 Juventus-Cremonese,Cremonese,Emil Audero,False,Goalkeeper,1,start,end,1.0,0.0,0.0,0.0,0.0,0.0,0.0,5.0,6.0,0.0,0.0,0.0,0.0,0.0,
ITA-Serie A,2526,2026-01-12 Juventus-Cremonese,Juventus,Michele Di Gregorio,True,Goalkeeper,1,start,end,1.0,0.0,0.0,0.0,0.0,0.0,0.0,0.0,2.0,0.0,0.0,0.0,0.0,0.0,
ITA-Serie A,2526,2026-01-14 Internazionale-Lecce,Internazionale,Yann Sommer,True,Goalkeeper,1,start,end,1.0,0.0,0.0,0.0,0.0,0.0,0.0,0.0,1.0,0.0,0.0,0.0,0.0,0.0,
ITA-Serie A,2526,2026-01-14 Internazionale-Lecce,Lecce,Wladimiro Falcone,False,Goalkeeper,1,start,end,1.0,0.0,0.0,0.0,0.0,0.0,0.0,1.0,6.0,0.0,0.0,0.0,0.0,0.0,
ITA-Serie A,2526,2026-01-14 Napoli-Parma,Napoli,Vanja Milinkovic-Savic,True,Goalkeeper,1,start,end,1.0,0.0,1.0,0.0,0.0,0.0,0.0,0.0,1.0,0.0,0.0,0.0,0.0,0.0,
ITA-Serie A,2526,2026-01-14 Napoli-Parma,Parma,Filippo Rinaldi,False,Goalkeeper,1,start,end,1.0,0.0,0.0,0.0,0.0,0.0,1.0,0.0,4.0,0.0,0.0,0.0,0.0,0.0,
ITA-Serie A,2526,2026-01-15 Como-AC Milan,AC Milan,Mike Maignan,False,Goalkeeper,1,start,end,1.0,0.0,0.0,0.0,0.0,0.0,0.0,1.0,8.0,0.0,0.0,0.0,0.0,0.0,
ITA-Serie A,2526,2026-01-15 Como-AC Milan,Como,Jean Butez,True,Goalkeeper,1,start,end,1.0,0.0,0.0,0.0,0.0,0.0,0.0,3.0,1.0,0.0,0.0,0.0,0.0,0.0,
ITA-Serie A,2526,2026-01-15 Hellas Verona-Bologna,Bologna,Federico Ravaglia,False,Goalkeeper,1,start,end,1.0,0.0,0.0,0.0,0.0,0.0,0.0,2.0,3.0,0.0,0.0,0.0,0.0,0.0,
ITA-Serie A,2526,2026-01-15 Hellas Verona-Bologna,Hellas Verona,Lorenzo Montipò,True,Goalkeeper,1,start,end,1.0,0.0,0.0,0.0,0.0,0.0,0.0,3.0,2.0,0.0,0.0,0.0,0.0,0.0,
ITA-Serie A,2526,2026-01-16 Pisa-Atalanta,Atalanta,Marco Carnesecchi,False,Goalkeeper,1,start,end,1.0,0.0,0.0,0.0,0.0,0.0,0.0,1.0,5.0,0.0,0.0,0.0,0.0,0.0,
ITA-Serie A,2526,2026-01-16 Pisa-Atalanta,Pisa,Simone Scuffet,True,Goalkeeper,1,start,end,1.0,0.0,0.0,0.0,0.0,0.0,0.0,1.0,3.0,0.0,0.0,0.0,0.0,0.0,
ITA-Serie A,2526,2026-01-17 Cagliari-Juventus,Cagliari,Elia Caprile,True,Goalkeeper,1,start,end,1.0,0.0,0.0,0.0,0.0,0.0,0.0,0.0,5.0,0.0,0.0,0.0,0.0,0.0,
ITA-Serie A,2526,2026-01-17 Cagliari-Juventus,Juventus,Mattia Perin,False,Goalkeeper,1,start,end,1.0,0.0,0.0,0.0,0.0,0.0,0.0,1.0,0.0,0.0,0.0,0.0,0.0,0.0,
ITA-Serie A,2526,2026-01-17 Napoli-Sassuolo,Napoli,Vanja Milinkovic-Savic,True,Goalkeeper,1,start,end,1.0,0.0,0.0,0.0,0.0,0.0,0.0,0.0,4.0,0.0,0.0,0.0,0.0,0.0,
ITA-Serie A,2526,2026-01-17 Napoli-Sassuolo,Sassuolo,Arijanet Muric,False,Goalkeeper,1,start,end,1.0,0.0,0.0,0.0,0.0,0.0,0.0,1.0,3.0,0.0,0.0,0.0,0.0,0.0,
ITA-Serie A,2526,2026-01-17 Udinese-Internazionale,Internazionale,Yann Sommer,False,Goalkeeper,1,start,end,1.0,0.0,0.0,0.0,0.0,0.0,0.0,0.0,1.0,0.0,0.0,0.0,0.0,0.0,
ITA-Serie A,2526,2026-01-17 Udinese-Internazionale,Udinese,Maduka Okoye,True,Goalkeeper,1,start,end,1.0,0.0,0.0,0.0,0.0,0.0,0.0,1.0,4.0,0.0,0.0,0.0,0.0,0.0,
ITA-Serie A,2526,2026-01-18 AC Milan-Lecce,AC Milan,Mike Maignan,True,Goalkeeper,1,start,end,1.0,0.0,0.0,0.0,0.0,0.0,0.0,0.0,0.0,0.0,0.0,0.0,0.0,0.0,
ITA-Serie A,2526,2026-01-18 AC Milan-Lecce,Lecce,Wladimiro Falcone,False,Goalkeeper,1,start,end,1.0,0.0,1.0,0.0,0.0,0.0,0.0,1.0,5.0,0.0,0.0,0.0,0.0,0.0,
ITA-Serie A,2526,2026-01-18 Bologna-Fiorentina,Bologna,Federico Ravaglia,True,Goalkeeper,1,start,end,1.0,0.0,0.0,0.0,0.0,0.0,0.0,2.0,2.0,0.0,0.0,0.0,0.0,0.0,
ITA-Serie A,2526,2026-01-18 Bologna-Fiorentina,Fiorentina,David de Gea,False,Goalkeeper,1,start,end,1.0,0.0,0.0,0.0,0.0,0.0,0.0,1.0,2.0,0.0,0.0,0.0,0.0,0.0,
ITA-Serie A,2526,2026-01-18 Parma-Genoa,Genoa,Nicola Leali,False,Goalkeeper,1,start,end,1.0,0.0,0.0,0.0,0.0,0.0,0.0,0.0,2.0,0.0,0.0,0.0,0.0,0.0,
ITA-Serie A,2526,2026-01-18 Parma-Genoa,Parma,Edoardo Corvi,True,Goalkeeper,1,start,end,1.0,0.0,0.0,0.0,0.0,0.0,0.0,0.0,3.0,0.0,0.0,0.0,0.0,0.0,
ITA-Serie A,2526,2026-01-18 Torino-AS Roma,AS Roma,Mile Svilar,False,Goalkeeper,1,start,end,1.0,0.0,0.0,0.0,0.0,0.0,0.0,0.0,4.0,0.0,0.0,0.0,0.0,0.0,
ITA-Serie A,2526,2026-01-18 Torino-AS Roma,Torino,Alberto Paleari,True,Goalkeeper,1,start,end,1.0,0.0,0.0,0.0,0.0,0.0,0.0,2.0,3.0,0.0,0.0,0.0,0.0,0.0,
ITA-Serie A,2526,2026-01-19 Cremonese-Hellas Verona,Cremonese,Emil Audero,True,Goalkeeper,1,start,end,1.0,0.0,0.0,0.0,0.0,0.0,0.0,0.0,4.0,0.0,0.0,0.0,0.0,0.0,
ITA-Serie A,2526,2026-01-19 Cremonese-Hellas Verona,Hellas Verona,Simone Perilli,False,Goalkeeper,1,start,end,1.0,0.0,0.0,0.0,0.0,0.0,0.0,0.0,1.0,0.0,0.0,0.0,0.0,0.0,
ITA-Serie A,2526,2026-01-19 Lazio-Como,Como,Jean Butez,False,Goalkeeper,1,start,end,1.0,0.0,0.0,0.0,0.0,0.0,0.0,0.0,4.0,0.0,0.0,0.0,0.0,0.0,
ITA-Serie A,2526,2026-01-19 Lazio-Como,Lazio,Ivan Provedel,True,Goalkeeper,1,start,end,1.0,0.0,0.0,0.0,0.0,0.0,0.0,3.0,3.0,0.0,0.0,0.0,0.0,0.0,
ITA-Serie A,2526,2026-01-23 Internazionale-Pisa,Internazionale,Yann Sommer,True,Goalkeeper,1,start,end,1.0,0.0,0.0,0.0,0.0,0.0,0.0,2.0,1.0,0.0,0.0,0.0,0.0,0.0,
ITA-Serie A,2526,2026-01-23 Internazionale-Pisa,Pisa,Simone Scuffet,False,Goalkeeper,1,start,end,1.0,0.0,1.0,0.0,0.0,0.0,0.0,6.0,5.0,0.0,0.0,0.0,0.0,0.0,
ITA-Serie A,2526,2026-01-24 Como-Torino,Como,Jean Butez,True,Goalkeeper,1,start,end,1.0,0.0,0.0,0.0,0.0,0.0,0.0,0.0,1.0,0.0,0.0,0.0,0.0,0.0,
ITA-Serie A,2526,2026-01-24 Como-Torino,Torino,Alberto Paleari,False,Goalkeeper,1,start,end,1.0,0.0,0.0,0.0,0.0,0.0,0.0,6.0,1.0,0.0,0.0,0.0,0.0,0.0,
ITA-Serie A,2526,2026-01-24 Fiorentina-Cagliari,Cagliari,Elia Caprile,False,Goalkeeper,1,start,end,1.0,0.0,0.0,0.0,0.0,0.0,1.0,1.0,2.0,0.0,0.0,0.0,0.0,0.0,
ITA-Serie A,2526,2026-01-24 Fiorentina-Cagliari,Fiorentina,David de Gea,True,Goalkeeper,1,start,end,1.0,0.0,0.0,0.0,0.0,0.0,0.0,2.0,4.0,0.0,0.0,0.0,0.0,0.0,
ITA-Serie A,2526,2026-01-24 Lecce-Lazio,Lazio,Ivan Provedel,False,Goalkeeper,1,start,end,1.0,0.0,0.0,0.0,0.0,0.0,0.0,0.0,2.0,0.0,0.0,0.0,0.0,0.0,
ITA-Serie A,2526,2026-01-24 Lecce-Lazio,Lecce,Wladimiro Falcone,True,Goalkeeper,1,start,end,1.0,0.0,1.0,0.0,0.0,0.0,0.0,0.0,1.0,0.0,0.0,0.0,0.0,0.0,
ITA-Serie A,2526,2026-01-25 AS Roma-AC Milan,AC Milan,Mike Maignan,False,Goalkeeper,1,start,end,1.0,0.0,0.0,0.0,0.0,0.0,1.0,1.0,6.0,0.0,0.0,0.0,0.0,0.0,
ITA-Serie A,2526,2026-01-25 AS Roma-AC Milan,AS Roma,Mile Svilar,True,Goalkeeper,1,start,end,1.0,0.0,1.0,0.0,0.0,0.0,0.0,1.0,1.0,0.0,0.0,0.0,0.0,0.0,
ITA-Serie A,2526,2026-01-25 Atalanta-Parma,Atalanta,Marco Carnesecchi,True,Goalkeeper,1,start,end,1.0,0.0,0.0,0.0,0.0,0.0,0.0,0.0,2.0,0.0,0.0,0.0,0.0,0.0,
ITA-Serie A,2526,2026-01-25 Atalanta-Parma,Parma,Edoardo Corvi,False,Goalkeeper,1,start,end,1.0,0.0,0.0,0.0,0.0,0.0,0.0,4.0,4.0,0.0,0.0,0.0,0.0,0.0,
ITA-Serie A,2526,2026-01-25 Genoa-Bologna,Bologna,Lukasz Skorupski,False,Goalkeeper,1,start,end,1.0,1.0,1.0,0.0,1.0,0.0,0.0,0.0,1.0,0.0,0.0,0.0,0.0,0.0,
ITA-Serie A,2526,2026-01-25 Genoa-Bologna,Genoa,Justin Bijlow,True,Goalkeeper,1,start,end,1.0,0.0,1.0,0.0,0.0,0.0,0.0,2.0,2.0,0.0,0.0,0.0,0.0,0.0,
ITA-Serie A,2526,2026-01-25 Juventus-Napoli,Juventus,Michele Di Gregorio,True,Goalkeeper,1,start,end,1.0,0.0,1.0,0.0,0.0,0.0,0.0,0.0,1.0,0.0,0.0,0.0,0.0,0.0,
ITA-Serie A,2526,2026-01-25 Juventus-Napoli,Napoli,Alex Meret,False,Goalkeeper,1,start,end,1.0,0.0,0.0,0.0,0.0,0.0,0.0,3.0,2.0,0.0,0.0,0.0,0.0,0.0,
ITA-Serie A,2526,2026-01-25 Sassuolo-Cremonese,Cremonese,Emil Audero,False,Goalkeeper,1,start,end,1.0,0.0,0.0,0.0,0.0,0.0,0.0,1.0,6.0,0.0,0.0,0.0,0.0,0.0,
ITA-Serie A,2526,2026-01-25 Sassuolo-Cremonese,Sassuolo,Arijanet Muric,True,Goalkeeper,1,start,end,1.0,0.0,0.0,0.0,0.0,0.0,0.0,0.0,4.0,0.0,0.0,0.0,0.0,0.0,
ITA-Serie A,2526,2026-01-26 Hellas Verona-Udinese,Hellas Verona,Simone Perilli,True,Goalkeeper,1,start,end,1.0,0.0,0.0,0.0,0.0,0.0,0.0,3.0,4.0,0.0,0.0,0.0,0.0,0.0,
ITA-Serie A,2526,2026-01-26 Hellas Verona-Udinese,Udinese,Maduka Okoye,False,Goalkeeper,1,start,end,1.0,0.0,0.0,0.0,0.0,0.0,0.0,1.0,3.0,0.0,0.0,0.0,0.0,0.0,
ITA-Serie A,2526,2026-01-30 Lazio-Genoa,Genoa,Justin Bijlow,False,Goalkeeper,1,start,end,1.0,0.0,0.0,0.0,0.0,0.0,0.0,3.0,2.0,0.0,0.0,0.0,0.0,0.0,
ITA-Serie A,2526,2026-01-30 Lazio-Genoa,Lazio,Ivan Provedel,True,Goalkeeper,1,start,end,1.0,0.0,0.0,0.0,0.0,0.0,1.0,2.0,2.0,0.0,0.0,0.0,0.0,0.0,
ITA-Serie A,2526,2026-01-31 Cagliari-Hellas Verona,Cagliari,Elia Caprile,True,Goalkeeper,1,start,end,1.0,0.0,0.0,0.0,0.0,0.0,0.0,0.0,2.0,0.0,0.0,0.0,0.0,0.0,
ITA-Serie A,2526,2026-01-31 Cagliari-Hellas Verona,Hellas Verona,Simone Perilli,False,Goalkeeper,1,start,end,1.0,0.0,0.0,0.0,0.0,0.0,0.0,4.0,3.0,0.0,0.0,0.0,0.0,0.0,
ITA-Serie A,2526,2026-01-31 Napoli-Fiorentina,Fiorentina,David de Gea,False,Goalkeeper,1,start,end,1.0,0.0,0.0,0.0,0.0,0.0,0.0,2.0,4.0,0.0,0.0,0.0,0.0,0.0,
ITA-Serie A,2526,2026-01-31 Napoli-Fiorentina,Napoli,Alex Meret,True,Goalkeeper,1,start,end,1.0,0.0,0.0,0.0,0.0,0.0,0.0,1.0,4.0,0.0,1.0,0.0,0.0,0.0,
ITA-Serie A,2526,2026-01-31 Pisa-Sassuolo,Pisa,Simone Scuffet,True,Goalkeeper,1,start,end,1.0,0.0,1.0,0.0,0.0,0.0,0.0,3.0,4.0,0.0,0.0,0.0,0.0,0.0,
ITA-Serie A,2526,2026-01-31 Pisa-Sassuolo,Sassuolo,Arijanet Muric,False,Goalkeeper,1,start,end,1.0,0.0,0.0,0.0,0.0,0.0,0.0,1.0,4.0,0.0,0.0,0.0,0.0,0.0,
ITA-Serie A,2526,2026-02-01 Como-Atalanta,Atalanta,Marco Carnesecchi,False,Goalkeeper,1,start,end,1.0,0.0,0.0,0.0,0.0,0.0,0.0,0.0,9.0,0.0,0.0,0.0,0.0,0.0,
ITA-Serie A,2526,2026-02-01 Como-Atalanta,Como,Jean Butez,True,Goalkeeper,1,start,end,1.0,0.0,0.0,0.0,0.0,0.0,1.0,0.0,2.0,0.0,0.0,0.0,0.0,0.0,
ITA-Serie A,2526,2026-02-01 Cremonese-Internazionale,Cremonese,Emil Audero,True,Goalkeeper,1,start,end,1.0,0.0,0.0,0.0,0.0,0.0,0.0,2.0,2.0,0.0,0.0,0.0,0.0,0.0,
ITA-Serie A,2526,2026-02-01 Cremonese-Internazionale,Internazionale,Yann Sommer,False,Goalkeeper,1,start,end,1.0,0.0,1.0,0.0,0.0,0.0,0.0,0.0,3.0,0.0,0.0,0.0,0.0,0.0,
ITA-Serie A,2526,2026-02-01 Parma-Juventus,Juventus,Michele Di Gregorio,False,Goalkeeper,1,start,end,1.0,0.0,0.0,0.0,0.0,0.0,0.0,1.0,4.0,0.0,0.0,0.0,0.0,0.0,
ITA-Serie A,2526,2026-02-01 Parma-Juventus,Parma,Edoardo Corvi,True,Goalkeeper,1,start,end,1.0,0.0,0.0,0.0,0.0,0.0,0.0,4.0,3.0,0.0,0.0,0.0,0.0,0.0,
ITA-Serie A,2526,2026-02-01 Torino-Lecce,Lecce,Wladimiro Falcone,False,Goalkeeper,1,start,end,1.0,0.0,0.0,0.0,0.0,0.0,0.0,1.0,3.0,0.0,0.0,0.0,0.0,0.0,
ITA-Serie A,2526,2026-02-01 Torino-Lecce,Torino,Alberto Paleari,True,Goalkeeper,1,start,end,1.0,0.0,0.0,0.0,0.0,0.0,0.0,0.0,2.0,0.0,0.0,0.0,0.0,0.0,
ITA-Serie A,2526,2026-02-02 Udinese-AS Roma,AS Roma,Mile Svilar,False,Goalkeeper,1,start,end,1.0,0.0,0.0,0.0,0.0,0.0,0.0,1.0,3.0,0.0,0.0,0.0,0.0,0.0,
ITA-Serie A,2526,2026-02-02 Udinese-AS Roma,Udinese,Maduka Okoye,True,Goalkeeper,1,start,end,1.0,0.0,0.0,0.0,0.0,0.0,0.0,0.0,3.0,0.0,0.0,0.0,0.0,0.0,
ITA-Serie A,2526,2026-02-03 Bologna-AC Milan,AC Milan,Mike Maignan,False,Goalkeeper,1,start,end,1.0,0.0,0.0,0.0,0.0,0.0,0.0,0.0,2.0,0.0,0.0,0.0,0.0,0.0,
ITA-Serie A,2526,2026-02-03 Bologna-AC Milan,Bologna,Federico Ravaglia,True,Goalkeeper,1,start,end,1.0,1.0,0.0,0.0,0.0,0.0,1.0,3.0,4.0,0.0,0.0,0.0,0.0,0.0,
ITA-Serie A,2526,2026-02-06 Hellas Verona-Pisa,Hellas Verona,Lorenzo Montipò,True,Goalkeeper,1,start,end,1.0,0.0,1.0,0.0,0.0,0.0,0.0,0.0,3.0,0.0,0.0,0.0,0.0,0.0,
ITA-Serie A,2526,2026-02-06 Hellas Verona-Pisa,Pisa,Simone Scuffet,False,Goalkeeper,1,start,end,1.0,0.0,2.0,0.0,0.0,0.0,0.0,0.0,0.0,0.0,0.0,0.0,0.0,0.0,
ITA-Serie A,2526,2026-02-07 Fiorentina-Torino,Fiorentina,David de Gea,True,Goalkeeper,1,start,end,1.0,0.0,0.0,0.0,0.0,0.0,0.0,2.0,2.0,0.0,0.0,0.0,0.0,0.0,
ITA-Serie A,2526,2026-02-07 Fiorentina-Torino,Torino,Alberto Paleari,False,Goalkeeper,1,start,end,1.0,0.0,1.0,0.0,0.0,0.0,0.0,2.0,3.0,0.0,0.0,0.0,0.0,0.0,
ITA-Serie A,2526,2026-02-07 Genoa-Napoli,Genoa,Justin Bijlow,True,Goalkeeper,1,start,end,1.0,0.0,0.0,0.0,0.0,0.0,0.0,3.0,2.0,0.0,0.0,0.0,0.0,0.0,
ITA-Serie A,2526,2026-02-07 Genoa-Napoli,Napoli,Alex Meret,False,Goalkeeper,1,start,end,1.0,1.0,0.0,0.0,0.0,0.0,1.0,2.0,1.0,0.0,0.0,0.0,0.0,0.0,
ITA-Serie A,2526,2026-02-08 Bologna-Parma,Bologna,Lukasz Skorupski,True,Goalkeeper,1,start,end,1.0,0.0,0.0,0.0,0.0,0.0,0.0,1.0,0.0,0.0,0.0,0.0,0.0,0.0,
ITA-Serie A,2526,2026-02-08 Bologna-Parma,Parma,Edoardo Corvi,False,Goalkeeper,1,start,end,1.0,0.0,0.0,0.0,0.0,0.0,0.0,0.0,3.0,0.0,0.0,0.0,0.0,0.0,
ITA-Serie A,2526,2026-02-08 Juventus-Lazio,Juventus,Michele Di Gregorio,True,Goalkeeper,1,start,end,1.0,0.0,0.0,0.0,0.0,0.0,0.0,2.0,0.0,0.0,0.0,0.0,0.0,0.0,
ITA-Serie A,2526,2026-02-08 Juventus-Lazio,Lazio,Ivan Provedel,False,Goalkeeper,1,start,end,1.0,0.0,0.0,0.0,0.0,0.0,0.0,2.0,6.0,0.0,0.0,0.0,0.0,0.0,
ITA-Serie A,2526,2026-02-08 Lecce-Udinese,Lecce,Wladimiro Falcone,True,Goalkeeper,1,start,end,1.0,0.0,0.0,0.0,0.0,0.0,0.0,1.0,0.0,0.0,0.0,0.0,0.0,0.0,
ITA-Serie A,2526,2026-02-08 Lecce-Udinese,Udinese,Maduka Okoye,False,Goalkeeper,1,start,end,1.0,0.0,0.0,0.0,0.0,0.0,0.0,2.0,3.0,0.0,0.0,0.0,0.0,0.0,
ITA-Serie A,2526,2026-02-08 Sassuolo-Internazionale,Internazionale,Yann Sommer,False,Goalkeeper,1,start,end,1.0,0.0,0.0,0.0,0.0,0.0,0.0,0.0,1.0,0.0,0.0,0.0,0.0,0.0,
ITA-Serie A,2526,2026-02-08 Sassuolo-Internazionale,Sassuolo,Arijanet Muric,True,Goalkeeper,1,start,end,1.0,0.0,0.0,0.0,0.0,0.0,0.0,5.0,4.0,0.0,0.0,0.0,0.0,0.0,
ITA-Serie A,2526,2026-02-09 AS Roma-Cagliari,AS Roma,Mile Svilar,True,Goalkeeper,1,start,end,1.0,0.0,0.0,0.0,0.0,0.0,0.0,0.0,1.0,0.0,0.0,0.0,0.0,0.0,
ITA-Serie A,2526,2026-02-09 AS Roma-Cagliari,Cagliari,Elia Caprile,False,Goalkeeper,1,start,end,1.0,0.0,0.0,0.0,0.0,0.0,0.0,2.0,3.0,0.0,0.0,0.0,0.0,0.0,
ITA-Serie A,2526,2026-02-09 Atalanta-Cremonese,Atalanta,Marco Carnesecchi,True,Goalkeeper,1,start,end,1.0,0.0,0.0,0.0,0.0,0.0,0.0,1.0,1.0,0.0,0.0,0.0,0.0,0.0,
ITA-Serie A,2526,2026-02-09 Atalanta-Cremonese,Cremonese,Emil Audero,False,Goalkeeper,1,start,end,1.0,0.0,0.0,0.0,0.0,0.0,0.0,2.0,7.0,0.0,0.0,0.0,0.0,0.0,
ITA-Serie A,2526,2026-02-13 Pisa-AC Milan,AC Milan,Mike Maignan,False,Goalkeeper,1,start,end,1.0,0.0,1.0,0.0,0.0,0.0,0.0,1.0,1.0,0.0,0.0,0.0,0.0,0.0,
ITA-Serie A,2526,2026-02-13 Pisa-AC Milan,Pisa,Nícolas Andrade,True,Goalkeeper,1,start,end,1.0,0.0,0.0,0.0,0.0,0.0,0.0,2.0,0.0,0.0,0.0,0.0,0.0,0.0,
ITA-Serie A,2526,2026-02-14 Como-Fiorentina,Como,Jean Butez,True,Goalkeeper,1,start,end,1.0,0.0,1.0,0.0,0.0,0.0,0.0,2.0,1.0,0.0,0.0,0.0,0.0,0.0,
ITA-Serie A,2526,2026-02-14 Como-Fiorentina,Fiorentina,David de Gea,False,Goalkeeper,1,start,end,1.0,0.0,0.0,0.0,0.0,0.0,0.0,1.0,3.0,0.0,0.0,0.0,0.0,0.0,
ITA-Serie A,2526,2026-02-14 Internazionale-Juventus,Internazionale,Yann Sommer,True,Goalkeeper,1,start,end,1.0,0.0,0.0,0.0,0.0,0.0,0.0,2.0,6.0,0.0,0.0,0.0,0.0,0.0,
ITA-Serie A,2526,2026-02-14 Internazionale-Juventus,Juventus,Michele Di Gregorio,False,Goalkeeper,1,start,end,1.0,0.0,0.0,0.0,0.0,0.0,0.0,3.0,5.0,0.0,0.0,0.0,0.0,0.0,
ITA-Serie A,2526,2026-02-14 Lazio-Atalanta,Atalanta,Marco Carnesecchi,False,Goalkeeper,1,start,end,1.0,0.0,0.0,0.0,0.0,0.0,0.0,0.0,6.0,0.0,0.0,0.0,0.0,0.0,
ITA-Serie A,2526,2026-02-14 Lazio-Atalanta,Lazio,Ivan Provedel,True,Goalkeeper,1,start,end,1.0,0.0,0.0,0.0,0.0,0.0,0.0,2.0,2.0,0.0,0.0,0.0,0.0,0.0,
ITA-Serie A,2526,2026-02-15 Cremonese-Genoa,Cremonese,Emil Audero,True,Goalkeeper,1,start,end,1.0,0.0,0.0,0.0,0.0,0.0,0.0,0.0,6.0,0.0,0.0,0.0,0.0,0.0,
ITA-Serie A,2526,2026-02-15 Cremonese-Genoa,Genoa,Justin Bijlow,False,Goalkeeper,1,start,end,1.0,0.0,0.0,0.0,0.0,0.0,0.0,0.0,8.0,0.0,0.0,0.0,0.0,0.0,
ITA-Serie A,2526,2026-02-15 Napoli-AS Roma,AS Roma,Mile Svilar,False,Goalkeeper,1,start,end,1.0,0.0,0.0,0.0,0.0,0.0,0.0,2.0,5.0,0.0,0.0,0.0,0.0,0.0,
ITA-Serie A,2526,2026-02-15 Napoli-AS Roma,Napoli,Vanja Milinkovic-Savic,True,Goalkeeper,1,start,end,1.0,0.0,0.0,0.0,0.0,0.0,0.0,2.0,0.0,0.0,0.0,0.0,0.0,0.0,
ITA-Serie A,2526,2026-02-15 Parma-Hellas Verona,Hellas Verona,Lorenzo Montipò,False,Goalkeeper,1,start,end,1.0,0.0,0.0,0.0,0.0,0.0,0.0,2.0,5.0,0.0,0.0,0.0,0.0,0.0,
ITA-Serie A,2526,2026-02-15 Parma-Hellas Verona,Parma,Edoardo Corvi,True,Goalkeeper,1,start,end,1.0,0.0,0.0,0.0,0.0,0.0,0.0,1.0,0.0,0.0,0.0,0.0,0.0,0.0,
ITA-Serie A,2526,2026-02-15 Torino-Bologna,Bologna,Lukasz Skorupski,False,Goalkeeper,1,start,end,1.0,0.0,2.0,0.0,0.0,0.0,0.0,1.0,1.0,0.0,0.0,0.0,0.0,0.0,
ITA-Serie A,2526,2026-02-15 Torino-Bologna,Torino,Alberto Paleari,True,Goalkeeper,1,start,end,1.0,0.0,0.0,0.0,0.0,0.0,0.0,2.0,5.0,0.0,0.0,0.0,0.0,0.0,
ITA-Serie A,2526,2026-02-15 Udinese-Sassuolo,Sassuolo,Arijanet Muric,False,Goalkeeper,1,start,end,1.0,0.0,0.0,0.0,0.0,0.0,0.0,1.0,2.0,0.0,0.0,0.0,0.0,0.0,
ITA-Serie A,2526,2026-02-15 Udinese-Sassuolo,Udinese,Maduka Okoye,True,Goalkeeper,1,start,end,1.0,0.0,1.0,0.0,0.0,0.0,0.0,2.0,1.0,0.0,0.0,0.0,0.0,0.0,
ITA-Serie A,2526,2026-02-16 Cagliari-Lecce,Cagliari,Elia Caprile,True,Goalkeeper,1,start,end,1.0,0.0,0.0,0.0,0.0,0.0,0.0,2.0,2.0,0.0,0.0,0.0,0.0,0.0,
ITA-Serie A,2526,2026-02-16 Cagliari-Lecce,Lecce,Wladimiro Falcone,False,Goalkeeper,1,start,end,1.0,0.0,0.0,0.0,0.0,0.0,0.0,0.0,0.0,0.0,0.0,0.0,0.0,0.0,
ITA-Serie A,2526,2026-02-18 AC Milan-Como,AC Milan,Mike Maignan,True,Goalkeeper,1,start,end,1.0,0.0,1.0,0.0,0.0,0.0,0.0,1.0,3.0,0.0,0.0,0.0,0.0,0.0,
ITA-Serie A,2526,2026-02-18 AC Milan-Como,Como,Jean Butez,False,Goalkeeper,1,start,end,1.0,0.0,0.0,0.0,0.0,0.0,1.0,1.0,3.0,0.0,0.0,0.0,0.0,0.0,
ITA-Serie A,2526,2026-02-20 Sassuolo-Hellas Verona,Hellas Verona,Lorenzo Montipò,False,Goalkeeper,1,start,end,1.0,0.0,0.0,0.0,0.0,0.0,0.0,3.0,1.0,0.0,0.0,0.0,0.0,0.0,
ITA-Serie A,2526,2026-02-20 Sassuolo-Hellas Verona,Sassuolo,Arijanet Muric,True,Goalkeeper,1,start,end,1.0,0.0,0.0,0.0,0.0,0.0,0.0,0.0,1.0,0.0,0.0,0.0,0.0,0.0,
ITA-Serie A,2526,2026-02-21 Cagliari-Lazio,Cagliari,Elia Caprile,True,Goalkeeper,1,start,end,1.0,0.0,0.0,0.0,0.0,0.0,0.0,0.0,3.0,0.0,0.0,0.0,0.0,0.0,
ITA-Serie A,2526,2026-02-21 Cagliari-Lazio,Lazio,Ivan Provedel,False,Goalkeeper,1,start,end,1.0,0.0,0.0,0.0,0.0,0.0,0.0,0.0,2.0,0.0,0.0,0.0,0.0,0.0,
ITA-Serie A,2526,2026-02-21 Juventus-Como,Como,Jean Butez,False,Goalkeeper,1,start,end,1.0,0.0,0.0,0.0,0.0,0.0,0.0,0.0,3.0,0.0,0.0,0.0,0.0,0.0,
ITA-Serie A,2526,2026-02-21 Juventus-Como,Juventus,Michele Di Gregorio,True,Goalkeeper,1,start,end,1.0,0.0,1.0,0.0,0.0,0.0,0.0,2.0,0.0,0.0,0.0,0.0,0.0,0.0,
ITA-Serie A,2526,2026-02-21 Lecce-Internazionale,Internazionale,Yann Sommer,False,Goalkeeper,1,start,end,1.0,0.0,0.0,0.0,0.0,0.0,0.0,0.0,0.0,0.0,0.0,0.0,0.0,0.0,
ITA-Serie A,2526,2026-02-21 Lecce-Internazionale,Lecce,Wladimiro Falcone,True,Goalkeeper,1,start,end,1.0,0.0,0.0,0.0,0.0,0.0,0.0,2.0,6.0,0.0,0.0,0.0,0.0,0.0,
ITA-Serie A,2526,2026-02-22 AC Milan-Parma,AC Milan,Mike Maignan,True,Goalkeeper,1,start,end,1.0,0.0,0.0,0.0,0.0,0.0,0.0,1.0,2.0,0.0,0.0,0.0,0.0,0.0,
ITA-Serie A,2526,2026-02-22 AC Milan-Parma,Parma,Edoardo Corvi,False,Goalkeeper,1,start,end,1.0,0.0,1.0,0.0,0.0,0.0,0.0,0.0,5.0,0.0,0.0,0.0,0.0,0.0,
ITA-Serie A,2526,2026-02-22 AS Roma-Cremonese,AS Roma,Mile Svilar,True,Goalkeeper,1,start,end,1.0,0.0,0.0,0.0,0.0,0.0,0.0,0.0,0.0,0.0,0.0,0.0,0.0,0.0,
ITA-Serie A,2526,2026-02-22 AS Roma-Cremonese,Cremonese,Emil Audero,False,Goalkeeper,1,start,end,1.0,0.0,1.0,0.0,0.0,0.0,0.0,3.0,2.0,0.0,0.0,0.0,0.0,0.0,
ITA-Serie A,2526,2026-02-22 Atalanta-Napoli,Atalanta,Marco Carnesecchi,True,Goalkeeper,1,start,end,1.0,0.0,0.0,0.0,0.0,0.0,0.0,1.0,3.0,0.0,0.0,0.0,0.0,0.0,
ITA-Serie A,2526,2026-02-22 Atalanta-Napoli,Napoli,Vanja Milinkovic-Savic,False,Goalkeeper,1,start,end,1.0,0.0,0.0,0.0,0.0,0.0,0.0,2.0,5.0,0.0,0.0,0.0,0.0,0.0,
ITA-Serie A,2526,2026-02-22 Genoa-Torino,Genoa,Justin Bijlow,True,Goalkeeper,1,start,end,1.0,0.0,0.0,0.0,0.0,0.0,0.0,0.0,2.0,0.0,0.0,0.0,0.0,0.0,
ITA-Serie A,2526,2026-02-22 Genoa-Torino,Torino,Alberto Paleari,False,Goalkeeper,1,start,end,1.0,0.0,0.0,0.0,0.0,0.0,0.0,3.0,2.0,0.0,0.0,0.0,0.0,0.0,
ITA-Serie A,2526,2026-02-23 Bologna-Udinese,Bologna,Lukasz Skorupski,True,Goalkeeper,1,start,end,1.0,0.0,1.0,0.0,0.0,0.0,0.0,0.0,3.0,0.0,0.0,0.0,0.0,0.0,
ITA-Serie A,2526,2026-02-23 Bologna-Udinese,Udinese,Maduka Okoye,False,Goalkeeper,1,start,end,1.0,0.0,0.0,0.0,0.0,0.0,0.0,1.0,4.0,0.0,0.0,0.0,0.0,0.0,
ITA-Serie A,2526,2026-02-23 Fiorentina-Pisa,Fiorentina,David de Gea,True,Goalkeeper,1,start,end,1.0,0.0,0.0,0.0,0.0,0.0,0.0,0.0,1.0,0.0,0.0,0.0,0.0,0.0,
ITA-Serie A,2526,2026-02-23 Fiorentina-Pisa,Pisa,Nícolas Andrade,False,Goalkeeper,1,start,end,1.0,0.0,0.0,0.0,0.0,0.0,0.0,1.0,4.0,0.0,0.0,0.0,0.0,0.0,
ITA-Serie A,2526,2026-02-27 Parma-Cagliari,Cagliari,Elia Caprile,False,Goalkeeper,1,start,end,1.0,0.0,1.0,0.0,0.0,0.0,0.0,1.0,3.0,0.0,0.0,0.0,0.0,0.0,
ITA-Serie A,2526,2026-02-27 Parma-Cagliari,Parma,Edoardo Corvi,True,Goalkeeper,1,start,end,1.0,0.0,0.0,0.0,0.0,0.0,0.0,1.0,4.0,0.0,0.0,0.0,0.0,0.0,
ITA-Serie A,2526,2026-02-28 Como-Lecce,Como,Jean Butez,True,Goalkeeper,1,start,end,1.0,0.0,0.0,0.0,0.0,0.0,0.0,1.0,1.0,0.0,0.0,0.0,0.0,0.0,
ITA-Serie A,2526,2026-02-28 Como-Lecce,Lecce,Wladimiro Falcone,False,Goalkeeper,1,start,end,1.0,0.0,0.0,0.0,0.0,0.0,0.0,3.0,3.0,0.0,0.0,0.0,0.0,0.0,
ITA-Serie A,2526,2026-02-28 Hellas Verona-Napoli,Hellas Verona,Lorenzo Montipò,True,Goalkeeper,1,start,end,1.0,0.0,0.0,0.0,0.0,0.0,0.0,2.0,3.0,0.0,0.0,0.0,0.0,0.0,
ITA-Serie A,2526,2026-02-28 Hellas Verona-Napoli,Napoli,Alex Meret,False,Goalkeeper,1,start,end,1.0,0.0,0.0,0.0,0.0,0.0,0.0,1.0,1.0,0.0,0.0,0.0,0.0,0.0,
ITA-Serie A,2526,2026-02-28 Internazionale-Genoa,Genoa,Justin Bijlow,False,Goalkeeper,1,start,end,1.0,0.0,0.0,0.0,0.0,0.0,0.0,2.0,4.0,0.0,0.0,0.0,0.0,0.0,
ITA-Serie A,2526,2026-02-28 Internazionale-Genoa,Internazionale,Yann Sommer,True,Goalkeeper,1,start,end,1.0,0.0,0.0,0.0,0.0,0.0,0.0,0.0,3.0,0.0,0.0,0.0,0.0,0.0,
ITA-Serie A,2526,2026-03-01 AS Roma-Juventus,AS Roma,Mile Svilar,True,Goalkeeper,1,start,end,1.0,0.0,0.0,0.0,0.0,0.0,0.0,3.0,2.0,0.0,0.0,0.0,0.0,0.0,
ITA-Serie A,2526,2026-03-01 AS Roma-Juventus,Juventus,Mattia Perin,False,Goalkeeper,1,start,end,1.0,0.0,0.0,0.0,0.0,0.0,0.0,3.0,2.0,0.0,0.0,0.0,0.0,0.0,
ITA-Serie A,2526,2026-03-01 Cremonese-AC Milan,AC Milan,Mike Maignan,False,Goalkeeper,1,start,end,1.0,0.0,0.0,0.0,0.0,0.0,0.0,0.0,3.0,0.0,0.0,0.0,0.0,0.0,
ITA-Serie A,2526,2026-03-01 Cremonese-AC Milan,Cremonese,Emil Audero,True,Goalkeeper,1,start,end,1.0,0.0,0.0,0.0,0.0,0.0,0.0,2.0,4.0,0.0,0.0,0.0,0.0,0.0,
ITA-Serie A,2526,2026-03-01 Sassuolo-Atalanta,Atalanta,Marco Carnesecchi,False,Goalkeeper,1,start,end,1.0,0.0,0.0,0.0,0.0,0.0,0.0,2.0,3.0,0.0,0.0,0.0,0.0,0.0,
ITA-Serie A,2526,2026-03-01 Sassuolo-Atalanta,Sassuolo,Arijanet Muric,True,Goalkeeper,1,start,end,1.0,0.0,0.0,0.0,0.0,0.0,0.0,1.0,6.0,0.0,0.0,0.0,0.0,0.0,
ITA-Serie A,2526,2026-03-01 Torino-Lazio,Lazio,Ivan Provedel,False,Goalkeeper,1,start,end,1.0,0.0,0.0,0.0,0.0,0.0,0.0,2.0,3.0,0.0,0.0,0.0,0.0,0.0,
ITA-Serie A,2526,2026-03-01 Torino-Lazio,Torino,Alberto Paleari,True,Goalkeeper,1,start,end,1.0,0.0,1.0,0.0,0.0,0.0,0.0,0.0,2.0,0.0,0.0,0.0,0.0,0.0,
ITA-Serie A,2526,2026-03-02 Pisa-Bologna,Bologna,Lukasz Skorupski,False,Goalkeeper,1,start,end,1.0,0.0,0.0,0.0,0.0,0.0,0.0,0.0,2.0,0.0,0.0,0.0,0.0,0.0,
ITA-Serie A,2526,2026-03-02 Pisa-Bologna,Pisa,Nícolas Andrade,True,Goalkeeper,1,start,end,1.0,0.0,0.0,0.0,0.0,0.0,0.0,1.0,0.0,0.0,0.0,0.0,0.0,0.0,
ITA-Serie A,2526,2026-03-02 Udinese-Fiorentina,Fiorentina,David de Gea,False,Goalkeeper,1,start,end,1.0,0.0,0.0,0.0,0.0,0.0,0.0,3.0,4.0,0.0,0.0,0.0,0.0,0.0,
ITA-Serie A,2526,2026-03-02 Udinese-Fiorentina,Udinese,Maduka Okoye,True,Goalkeeper,1,start,end,1.0,0.0,0.0,0.0,0.0,0.0,0.0,0.0,0.0,0.0,0.0,0.0,0.0,0.0,
ITA-Serie A,2526,2026-03-06 Napoli-Torino,Napoli,Vanja Milinkovic-Savic,True,Goalkeeper,1,start,end,1.0,0.0,0.0,0.0,0.0,0.0,0.0,1.0,3.0,0.0,0.0,0.0,0.0,0.0,
ITA-Serie A,2526,2026-03-06 Napoli-Torino,Torino,Alberto Paleari,False,Goalkeeper,1,start,end,1.0,0.0,1.0,0.0,0.0,0.0,0.0,2.0,7.0,0.0,0.0,0.0,0.0,0.0,
ITA-Serie A,2526,2026-03-07 Atalanta-Udinese,Atalanta,Marco Carnesecchi,True,Goalkeeper,1,start,end,1.0,0.0,0.0,0.0,0.0,0.0,0.0,2.0,0.0,0.0,0.0,0.0,0.0,0.0,
ITA-Serie A,2526,2026-03-07 Atalanta-Udinese,Udinese,Maduka Okoye,False,Goalkeeper,1,start,end,1.0,0.0,0.0,0.0,0.0,0.0,1.0,2.0,2.0,0.0,0.0,0.0,0.0,0.0,
ITA-Serie A,2526,2026-03-07 Cagliari-Como,Cagliari,Elia Caprile,True,Goalkeeper,1,start,end,1.0,0.0,0.0,0.0,0.0,0.0,0.0,2.0,0.0,0.0,0.0,0.0,0.0,0.0,
ITA-Serie A,2526,2026-03-07 Cagliari-Como,Como,Jean Butez,False,Goalkeeper,1,start,end,1.0,0.0,2.0,0.0,0.0,0.0,0.0,1.0,2.0,0.0,0.0,0.0,0.0,0.0,
ITA-Serie A,2526,2026-03-07 Juventus-Pisa,Juventus,Mattia Perin,True,Goalkeeper,1,start,end,1.0,0.0,1.0,0.0,0.0,0.0,0.0,0.0,2.0,0.0,0.0,0.0,0.0,0.0,
ITA-Serie A,2526,2026-03-07 Juventus-Pisa,Pisa,Nícolas Andrade,False,Goalkeeper,1,start,end,1.0,0.0,0.0,0.0,0.0,0.0,0.0,4.0,3.0,0.0,0.0,0.0,0.0,0.0,
ITA-Serie A,2526,2026-03-08 AC Milan-Internazionale,AC Milan,Mike Maignan,True,Goalkeeper,1,start,end,1.0,0.0,0.0,0.0,0.0,0.0,0.0,0.0,2.0,0.0,0.0,0.0,0.0,0.0,
ITA-Serie A,2526,2026-03-08 AC Milan-Internazionale,Internazionale,Yann Sommer,False,Goalkeeper,1,start,end,1.0,0.0,0.0,0.0,0.0,0.0,0.0,1.0,1.0,0.0,0.0,0.0,0.0,0.0,
ITA-Serie A,2526,2026-03-08 Bologna-Hellas Verona,Bologna,Lukasz Skorupski,True,Goalkeeper,1,start,end,1.0,0.0,0.0,0.0,0.0,0.0,0.0,2.0,2.0,0.0,0.0,0.0,0.0,0.0,
ITA-Serie A,2526,2026-03-08 Bologna-Hellas Verona,Hellas Verona,Lorenzo Montipò,False,Goalkeeper,1,start,end,1.0,0.0,1.0,0.0,0.0,0.0,0.0,1.0,1.0,0.0,0.0,0.0,0.0,0.0,
ITA-Serie A,2526,2026-03-08 Fiorentina-Parma,Fiorentina,David de Gea,True,Goalkeeper,1,start,end,1.0,0.0,0.0,0.0,0.0,0.0,0.0,0.0,0.0,0.0,0.0,0.0,0.0,0.0,
ITA-Serie A,2526,2026-03-08 Fiorentina-Parma,Parma,Edoardo Corvi,False,Goalkeeper,1,start,end,1.0,0.0,1.0,0.0,0.0,0.0,0.0,0.0,1.0,0.0,0.0,0.0,0.0,0.0,
ITA-Serie A,2526,2026-03-08 Genoa-AS Roma,AS Roma,Mile Svilar,False,Goalkeeper,1,start,end,1.0,0.0,1.0,0.0,0.0,0.0,0.0,2.0,3.0,0.0,0.0,0.0,0.0,0.0,
ITA-Serie A,2526,2026-03-08 Genoa-AS Roma,Genoa,Justin Bijlow,True,Goalkeeper,1,start,end,1.0,0.0,0.0,0.0,0.0,0.0,0.0,1.0,0.0,0.0,0.0,0.0,0.0,0.0,
ITA-Serie A,2526,2026-03-08 Lecce-Cremonese,Cremonese,Emil Audero,False,Goalkeeper,1,start,end,1.0,0.0,0.0,0.0,0.0,0.0,0.0,2.0,1.0,0.0,0.0,0.0,0.0,0.0,
ITA-Serie A,2526,2026-03-08 Lecce-Cremonese,Lecce,Wladimiro Falcone,True,Goalkeeper,1,start,end,1.0,0.0,0.0,0.0,0.0,0.0,0.0,1.0,4.0,0.0,0.0,0.0,0.0,0.0,
ITA-Serie A,2526,2026-03-09 Lazio-Sassuolo,Lazio,Edoardo Motta,True,Goalkeeper,1,start,end,1.0,0.0,0.0,0.0,0.0,0.0,0.0,1.0,3.0,0.0,0.0,0.0,0.0,0.0,
ITA-Serie A,2526,2026-03-09 Lazio-Sassuolo,Sassuolo,Arijanet Muric,False,Goalkeeper,1,start,end,1.0,0.0,0.0,0.0,0.0,0.0,0.0,2.0,3.0,0.0,0.0,0.0,0.0,0.0,
ITA-Serie A,2526,2026-03-13 Torino-Parma,Parma,Zion Suzuki,False,Goalkeeper,1,start,end,1.0,0.0,0.0,0.0,0.0,0.0,0.0,4.0,3.0,0.0,0.0,0.0,0.0,0.0,
ITA-Serie A,2526,2026-03-13 Torino-Parma,Torino,Alberto Paleari,True,Goalkeeper,1,start,end,1.0,0.0,0.0,0.0,0.0,0.0,0.0,1.0,2.0,0.0,0.0,0.0,0.0,0.0,
ITA-Serie A,2526,2026-03-14 Internazionale-Atalanta,Atalanta,Marco Carnesecchi,False,Goalkeeper,1,start,end,1.0,0.0,0.0,0.0,0.0,0.0,0.0,1.0,2.0,0.0,0.0,0.0,0.0,0.0,
ITA-Serie A,2526,2026-03-14 Internazionale-Atalanta,Internazionale,Yann Sommer,True,Goalkeeper,1,start,end,1.0,0.0,0.0,0.0,0.0,0.0,0.0,1.0,2.0,0.0,0.0,0.0,0.0,0.0,
ITA-Serie A,2526,2026-03-14 Napoli-Lecce,Lecce,Wladimiro Falcone,False,Goalkeeper,1,start,end,1.0,0.0,1.0,0.0,0.0,0.0,0.0,2.0,2.0,0.0,0.0,0.0,0.0,0.0,
ITA-Serie A,2526,2026-03-14 Napoli-Lecce,Napoli,Alex Meret,True,Goalkeeper,1,start,end,1.0,0.0,0.0,0.0,0.0,0.0,0.0,1.0,1.0,0.0,0.0,0.0,0.0,0.0,
ITA-Serie A,2526,2026-03-14 Udinese-Juventus,Juventus,Mattia Perin,False,Goalkeeper,1,start,end,1.0,0.0,0.0,0.0,0.0,0.0,0.0,0.0,2.0,0.0,0.0,0.0,0.0,0.0,
ITA-Serie A,2526,2026-03-14 Udinese-Juventus,Udinese,Maduka Okoye,True,Goalkeeper,1,start,end,1.0,0.0,0.0,0.0,0.0,0.0,0.0,1.0,7.0,0.0,0.0,0.0,0.0,0.0,
ITA-Serie A,2526,2026-03-15 Como-AS Roma,AS Roma,Mile Svilar,False,Goalkeeper,1,start,end,1.0,0.0,0.0,0.0,0.0,0.0,0.0,2.0,5.0,0.0,0.0,0.0,0.0,0.0,
ITA-Serie A,2526,2026-03-15 Como-AS Roma,Como,Jean Butez,True,Goalkeeper,1,start,end,1.0,0.0,0.0,0.0,0.0,0.0,0.0,1.0,0.0,0.0,0.0,0.0,0.0,0.0,
ITA-Serie A,2526,2026-03-15 Hellas Verona-Genoa,Genoa,Justin Bijlow,False,Goalkeeper,1,start,end,1.0,0.0,0.0,0.0,0.0,0.0,0.0,0.0,1.0,0.0,0.0,0.0,0.0,0.0,
ITA-Serie A,2526,2026-03-15 Hellas Verona-Genoa,Hellas Verona,Lorenzo Montipò,True,Goalkeeper,1,start,end,1.0,0.0,0.0,0.0,0.0,0.0,0.0,2.0,1.0,0.0,0.0,0.0,0.0,0.0,
ITA-Serie A,2526,2026-03-15 Lazio-AC Milan,AC Milan,Mike Maignan,False,Goalkeeper,1,start,end,1.0,0.0,0.0,0.0,0.0,0.0,0.0,1.0,2.0,0.0,0.0,0.0,0.0,0.0,
ITA-Serie A,2526,2026-03-15 Lazio-AC Milan,Lazio,Edoardo Motta,True,Goalkeeper,1,start,end,1.0,0.0,0.0,0.0,0.0,0.0,1.0,0.0,3.0,0.0,0.0,0.0,0.0,0.0,
ITA-Serie A,2526,2026-03-15 Pisa-Cagliari,Cagliari,Elia Caprile,False,Goalkeeper,1,start,end,1.0,0.0,0.0,0.0,0.0,0.0,0.0,3.0,3.0,0.0,0.0,0.0,0.0,0.0,
ITA-Serie A,2526,2026-03-15 Pisa-Cagliari,Pisa,Nícolas Andrade,True,Goalkeeper,1,start,end,1.0,0.0,1.0,0.0,0.0,0.0,0.0,1.0,3.0,0.0,0.0,0.0,0.0,0.0,
ITA-Serie A,2526,2026-03-15 Sassuolo-Bologna,Bologna,Lukasz Skorupski,False,Goalkeeper,1,start,end,1.0,0.0,1.0,0.0,0.0,0.0,0.0,0.0,3.0,0.0,0.0,0.0,0.0,0.0,
ITA-Serie A,2526,2026-03-15 Sassuolo-Bologna,Sassuolo,Arijanet Muric,True,Goalkeeper,1,start,end,1.0,0.0,0.0,0.0,0.0,0.0,0.0,1.0,2.0,0.0,0.0,0.0,0.0,0.0,
ITA-Serie A,2526,2026-03-16 Cremonese-Fiorentina,Cremonese,Emil Audero,True,Goalkeeper,1,start,end,1.0,0.0,0.0,0.0,0.0,0.0,0.0,4.0,2.0,0.0,0.0,0.0,0.0,0.0,
ITA-Serie A,2526,2026-03-16 Cremonese-Fiorentina,Fiorentina,David de Gea,False,Goalkeeper,1,start,end,1.0,0.0,0.0,0.0,0.0,0.0,0.0,1.0,2.0,0.0,0.0,0.0,0.0,0.0,
ITA-Serie A,2526,2026-03-20 Cagliari-Napoli,Cagliari,Elia Caprile,True,Goalkeeper,1,start,end,1.0,0.0,0.0,0.0,0.0,0.0,0.0,1.0,4.0,0.0,0.0,0.0,0.0,0.0,
ITA-Serie A,2526,2026-03-20 Cagliari-Napoli,Napoli,Vanja Milinkovic-Savic,False,Goalkeeper,1,start,end,1.0,0.0,1.0,0.0,0.0,0.0,0.0,0.0,0.0,0.0,0.0,0.0,0.0,0.0,
ITA-Serie A,2526,2026-03-20 Genoa-Udinese,Genoa,Justin Bijlow,True,Goalkeeper,1,start,end,1.0,0.0,0.0,0.0,0.0,0.0,0.0,2.0,2.0,0.0,0.0,0.0,0.0,0.0,
ITA-Serie A,2526,2026-03-20 Genoa-Udinese,Udinese,Maduka Okoye,False,Goalkeeper,1,start,end,1.0,0.0,0.0,0.0,0.0,0.0,0.0,0.0,2.0,0.0,0.0,0.0,0.0,0.0,
ITA-Serie A,2526,2026-03-21 AC Milan-Torino,AC Milan,Mike Maignan,True,Goalkeeper,1,start,end,1.0,0.0,0.0,0.0,0.0,0.0,0.0,2.0,5.0,0.0,0.0,0.0,0.0,0.0,
ITA-Serie A,2526,2026-03-21 AC Milan-Torino,Torino,Alberto Paleari,False,Goalkeeper,1,start,end,1.0,0.0,0.0,0.0,0.0,0.0,0.0,3.0,3.0,0.0,0.0,0.0,0.0,0.0,
ITA-Serie A,2526,2026-03-21 Juventus-Sassuolo,Juventus,Mattia Perin,True,Goalkeeper,1,start,end,1.0,0.0,0.0,0.0,0.0,0.0,0.0,1.0,0.0,0.0,0.0,0.0,0.0,0.0,
ITA-Serie A,2526,2026-03-21 Juventus-Sassuolo,Sassuolo,Arijanet Muric,False,Goalkeeper,1,start,end,1.0,0.0,0.0,0.0,0.0,0.0,0.0,1.0,7.0,0.0,0.0,0.0,0.0,0.0,
ITA-Serie A,2526,2026-03-21 Parma-Cremonese,Cremonese,Emil Audero,False,Goalkeeper,1,start,end,1.0,0.0,0.0,0.0,0.0,0.0,0.0,0.0,1.0,0.0,0.0,0.0,0.0,0.0,
ITA-Serie A,2526,2026-03-21 Parma-Cremonese,Parma,Zion Suzuki,True,Goalkeeper,1,start,end,1.0,0.0,1.0,0.0,0.0,0.0,0.0,2.0,2.0,0.0,0.0,0.0,0.0,0.0,
ITA-Serie A,2526,2026-03-22 AS Roma-Lecce,AS Roma,Mile Svilar,True,Goalkeeper,1,start,end,1.0,0.0,0.0,0.0,0.0,0.0,0.0,0.0,2.0,0.0,0.0,0.0,0.0,0.0,
ITA-Serie A,2526,2026-03-22 AS Roma-Lecce,Lecce,Wladimiro Falcone,False,Goalkeeper,1,start,end,1.0,0.0,0.0,0.0,0.0,0.0,0.0,1.0,1.0,0.0,0.0,0.0,0.0,0.0,
ITA-Serie A,2526,2026-03-22 Atalanta-Hellas Verona,Atalanta,Marco Carnesecchi,True,Goalkeeper,1,start,end,1.0,0.0,0.0,0.0,0.0,0.0,0.0,0.0,3.0,0.0,0.0,0.0,0.0,0.0,
ITA-Serie A,2526,2026-03-22 Atalanta-Hellas Verona,Hellas Verona,Lorenzo Montipò,False,Goalkeeper,1,start,end,1.0,0.0,1.0,0.0,0.0,0.0,0.0,1.0,1.0,0.0,0.0,0.0,0.0,0.0,
ITA-Serie A,2526,2026-03-22 Bologna-Lazio,Bologna,Federico Ravaglia,True,Goalkeeper,1,start,end,1.0,0.0,0.0,0.0,0.0,0.0,0.0,2.0,3.0,0.0,0.0,0.0,0.0,0.0,
ITA-Serie A,2526,2026-03-22 Bologna-Lazio,Lazio,Edoardo Motta,False,Goalkeeper,1,start,end,1.0,1.0,0.0,0.0,0.0,0.0,0.0,0.0,3.0,0.0,0.0,0.0,0.0,0.0,
ITA-Serie A,2526,2026-03-22 Como-Pisa,Como,Jean Butez,True,Goalkeeper,1,start,end,1.0,0.0,0.0,0.0,0.0,0.0,0.0,0.0,0.0,0.0,0.0,0.0,0.0,0.0,
ITA-Serie A,2526,2026-03-22 Como-Pisa,Pisa,Nícolas Andrade,False,Goalkeeper,1,start,end,1.0,0.0,2.0,0.0,0.0,0.0,0.0,5.0,2.0,0.0,0.0,0.0,0.0,0.0,
ITA-Serie A,2526,2026-03-22 Fiorentina-Internazionale,Fiorentina,David de Gea,True,Goalkeeper,1,start,end,1.0,0.0,0.0,0.0,0.0,0.0,0.0,1.0,3.0,0.0,0.0,0.0,0.0,0.0,
ITA-Serie A,2526,2026-03-22 Fiorentina-Internazionale,Internazionale,Yann Sommer,False,Goalkeeper,1,start,end,1.0,0.0,0.0,0.0,0.0,0.0,0.0,1.0,5.0,0.0,0.0,0.0,0.0,0.0,
ITA-Serie A,2526,2026-04-04 Hellas Verona-Fiorentina,Fiorentina,David de Gea,False,Goalkeeper,1,start,end,1.0,0.0,1.0,0.0,0.0,0.0,0.0,0.0,8.0,0.0,0.0,0.0,0.0,0.0,
ITA-Serie A,2526,2026-04-04 Hellas Verona-Fiorentina,Hellas Verona,Lorenzo Montipò,True,Goalkeeper,1,start,end,1.0,0.0,0.0,0.0,0.0,0.0,0.0,1.0,0.0,0.0,0.0,0.0,0.0,0.0,
ITA-Serie A,2526,2026-04-04 Lazio-Parma,Lazio,Edoardo Motta,True,Goalkeeper,1,start,end,1.0,0.0,0.0,0.0,0.0,0.0,0.0,1.0,3.0,0.0,0.0,0.0,0.0,0.0,
ITA-Serie A,2526,2026-04-04 Lazio-Parma,Parma,Zion Suzuki,False,Goalkeeper,1,start,end,1.0,0.0,0.0,0.0,0.0,0.0,0.0,1.0,2.0,0.0,0.0,0.0,0.0,0.0,
ITA-Serie A,2526,2026-04-04 Sassuolo-Cagliari,Cagliari,Elia Caprile,False,Goalkeeper,1,start,end,1.0,0.0,0.0,0.0,0.0,0.0,0.0,2.0,0.0,0.0,0.0,0.0,0.0,0.0,
ITA-Serie A,2526,2026-04-04 Sassuolo-Cagliari,Sassuolo,Arijanet Muric,True,Goalkeeper,1,start,end,1.0,0.0,0.0,0.0,0.0,0.0,0.0,1.0,2.0,0.0,0.0,0.0,0.0,0.0,
ITA-Serie A,2526,2026-04-05 Cremonese-Bologna,Bologna,Federico Ravaglia,False,Goalkeeper,1,start,end,1.0,1.0,0.0,0.0,0.0,0.0,1.0,1.0,2.0,0.0,0.0,0.0,0.0,0.0,
ITA-Serie A,2526,2026-04-05 Cremonese-Bologna,Cremonese,Emil Audero,True,Goalkeeper,1,start,end,1.0,0.0,0.0,0.0,0.0,0.0,0.0,2.0,5.0,0.0,0.0,0.0,0.0,0.0,
ITA-Serie A,2526,2026-04-05 Internazionale-AS Roma,AS Roma,Mile Svilar,False,Goalkeeper,1,start,end,1.0,0.0,0.0,0.0,0.0,0.0,0.0,5.0,4.0,0.0,0.0,0.0,0.0,0.0,
ITA-Serie A,2526,2026-04-05 Internazionale-AS Roma,Internazionale,Yann Sommer,True,Goalkeeper,1,start,end,1.0,0.0,0.0,0.0,0.0,0.0,0.0,2.0,1.0,0.0,0.0,0.0,0.0,0.0,
ITA-Serie A,2526,2026-04-05 Pisa-Torino,Pisa,Adrian Semper,True,Goalkeeper,1,start,end,1.0,0.0,0.0,0.0,0.0,0.0,0.0,1.0,1.0,0.0,0.0,0.0,0.0,0.0,
ITA-Serie A,2526,2026-04-05 Pisa-Torino,Torino,Alberto Paleari,False,Goalkeeper,1,start,end,1.0,0.0,0.0,0.0,0.0,0.0,0.0,0.0,1.0,0.0,0.0,0.0,0.0,0.0,
ITA-Serie A,2526,2026-04-06 Juventus-Genoa,Genoa,Justin Bijlow,False,Goalkeeper,1,start,end,1.0,0.0,0.0,0.0,0.0,0.0,0.0,2.0,3.0,0.0,0.0,0.0,0.0,0.0,
ITA-Serie A,2526,2026-04-06 Juventus-Genoa,Juventus,Mattia Perin,True,Goalkeeper,1,start,45,1.0,0.0,0.0,0.0,0.0,0.0,0.0,0.0,0.0,0.0,0.0,0.0,0.0,0.0,
ITA-Serie A,2526,2026-04-06 Lecce-Atalanta,Atalanta,Marco Carnesecchi,False,Goalkeeper,1,start,end,1.0,0.0,0.0,0.0,0.0,0.0,0.0,0.0,0.0,0.0,0.0,0.0,0.0,0.0,
ITA-Serie A,2526,2026-04-06 Lecce-Atalanta,Lecce,Wladimiro Falcone,True,Goalkeeper,1,start,end,1.0,0.0,0.0,0.0,0.0,0.0,0.0,3.0,3.0,0.0,0.0,0.0,0.0,0.0,
ITA-Serie A,2526,2026-04-06 Napoli-AC Milan,AC Milan,Mike Maignan,False,Goalkeeper,1,start,end,1.0,0.0,0.0,0.0,0.0,0.0,0.0,1.0,2.0,0.0,0.0,0.0,0.0,0.0,
ITA-Serie A,2526,2026-04-06 Napoli-AC Milan,Napoli,Vanja Milinkovic-Savic,True,Goalkeeper,1,start,end,1.0,0.0,0.0,0.0,0.0,0.0,0.0,0.0,1.0,0.0,0.0,0.0,0.0,0.0,
ITA-Serie A,2526,2026-04-06 Udinese-Como,Como,Jean Butez,False,Goalkeeper,1,start,end,1.0,0.0,0.0,0.0,0.0,0.0,0.0,0.0,4.0,0.0,0.0,0.0,0.0,0.0,
ITA-Serie A,2526,2026-04-06 Udinese-Como,Udinese,Maduka Okoye,True,Goalkeeper,1,start,end,1.0,0.0,0.0,0.0,0.0,0.0,0.0,0.0,4.0,0.0,0.0,0.0,0.0,0.0,
ITA-Serie A,2526,2026-04-10 AS Roma-Pisa,AS Roma,Mile Svilar,True,Goalkeeper,1,start,end,1.0,0.0,0.0,0.0,0.0,0.0,0.0,0.0,5.0,0.0,0.0,0.0,0.0,0.0,
ITA-Serie A,2526,2026-04-10 AS Roma-Pisa,Pisa,Adrian Semper,False,Goalkeeper,1,start,end,1.0,0.0,0.0,0.0,0.0,0.0,0.0,3.0,0.0,0.0,0.0,0.0,0.0,0.0,
ITA-Serie A,2526,2026-04-11 AC Milan-Udinese,AC Milan,Mike Maignan,True,Goalkeeper,1,start,end,1.0,0.0,0.0,0.0,0.0,0.0,0.0,3.0,4.0,0.0,0.0,0.0,0.0,0.0,
ITA-Serie A,2526,2026-04-11 AC Milan-Udinese,Udinese,Maduka Okoye,False,Goalkeeper,1,start,end,1.0,0.0,0.0,0.0,0.0,0.0,0.0,0.0,3.0,0.0,0.0,0.0,0.0,0.0,
ITA-Serie A,2526,2026-04-11 Atalanta-Juventus,Atalanta,Marco Carnesecchi,True,Goalkeeper,1,start,end,1.0,0.0,0.0,0.0,0.0,0.0,0.0,1.0,1.0,0.0,0.0,0.0,0.0,0.0,
ITA-Serie A,2526,2026-04-11 Atalanta-Juventus,Juventus,Michele Di Gregorio,False,Goalkeeper,1,start,end,1.0,0.0,0.0,0.0,0.0,0.0,0.0,0.0,3.0,0.0,0.0,0.0,0.0,0.0,
ITA-Serie A,2526,2026-04-11 Cagliari-Cremonese,Cagliari,Elia Caprile,True,Goalkeeper,1,start,end,1.0,0.0,0.0,0.0,0.0,0.0,0.0,0.0,2.0,0.0,0.0,0.0,0.0,0.0,
ITA-Serie A,2526,2026-04-11 Cagliari-Cremonese,Cremonese,Emil Audero,False,Goalkeeper,1,start,end,1.0,0.0,0.0,0.0,0.0,0.0,0.0,1.0,4.0,0.0,0.0,0.0,0.0,0.0,
ITA-Serie A,2526,2026-04-11 Torino-Hellas Verona,Hellas Verona,Lorenzo Montipò,False,Goalkeeper,1,start,end,1.0,0.0,0.0,0.0,0.0,0.0,0.0,2.0,0.0,0.0,1.0,0.0,0.0,0.0,
ITA-Serie A,2526,2026-04-11 Torino-Hellas Verona,Torino,Alberto Paleari,True,Goalkeeper,1,start,end,1.0,0.0,0.0,0.0,0.0,0.0,0.0,1.0,3.0,0.0,0.0,0.0,0.0,0.0,
ITA-Serie A,2526,2026-04-12 Bologna-Lecce,Bologna,Massimo Pessina,True,Goalkeeper,1,start,end,1.0,0.0,1.0,0.0,0.0,0.0,0.0,0.0,1.0,0.0,0.0,0.0,0.0,0.0,
ITA-Serie A,2526,2026-04-12 Bologna-Lecce,Lecce,Wladimiro Falcone,False,Goalkeeper,1,start,end,1.0,0.0,0.0,0.0,0.0,0.0,0.0,2.0,2.0,0.0,0.0,0.0,0.0,0.0,
ITA-Serie A,2526,2026-04-12 Como-Internazionale,Como,Jean Butez,True,Goalkeeper,1,start,end,1.0,0.0,0.0,0.0,0.0,0.0,0.0,4.0,2.0,0.0,1.0,0.0,0.0,0.0,
ITA-Serie A,2526,2026-04-12 Como-Internazionale,Internazionale,Yann Sommer,False,Goalkeeper,1,start,end,1.0,0.0,0.0,0.0,0.0,0.0,0.0,3.0,5.0,0.0,0.0,0.0,0.0,0.0,
ITA-Serie A,2526,2026-04-12 Genoa-Sassuolo,Genoa,Justin Bijlow,True,Goalkeeper,1,start,end,1.0,0.0,0.0,0.0,0.0,0.0,0.0,1.0,5.0,0.0,0.0,0.0,0.0,0.0,
ITA-Serie A,2526,2026-04-12 Genoa-Sassuolo,Sassuolo,Arijanet Muric,False,Goalkeeper,1,start,end,1.0,0.0,0.0,0.0,0.0,0.0,0.0,2.0,5.0,0.0,0.0,0.0,0.0,0.0,
ITA-Serie A,2526,2026-04-12 Parma-Napoli,Napoli,Vanja Milinkovic-Savic,False,Goalkeeper,1,start,end,1.0,0.0,1.0,0.0,0.0,0.0,0.0,1.0,1.0,0.0,0.0,0.0,0.0,0.0,
ITA-Serie A,2526,2026-04-12 Parma-Napoli,Parma,Zion Suzuki,True,Goalkeeper,1,start,end,1.0,0.0,0.0,0.0,0.0,0.0,0.0,1.0,4.0,0.0,0.0,0.0,0.0,0.0,
ITA-Serie A,2526,2026-04-13 Fiorentina-Lazio,Fiorentina,David de Gea,True,Goalkeeper,1,start,end,1.0,0.0,0.0,0.0,0.0,0.0,0.0,0.0,6.0,0.0,0.0,0.0,0.0,0.0,
ITA-Serie A,2526,2026-04-13 Fiorentina-Lazio,Lazio,Edoardo Motta,False,Goalkeeper,1,start,end,1.0,0.0,1.0,0.0,0.0,0.0,0.0,1.0,1.0,0.0,0.0,0.0,0.0,0.0,
ITA-Serie A,2526,2026-04-17 Internazionale-Cagliari,Cagliari,Elia Caprile,False,Goalkeeper,1,start,end,1.0,0.0,0.0,0.0,0.0,0.0,0.0,3.0,1.0,0.0,0.0,0.0,0.0,0.0,
ITA-Serie A,2526,2026-04-17 Internazionale-Cagliari,Internazionale,Josep Martínez,True,Goalkeeper,1,start,end,1.0,0.0,0.0,0.0,0.0,0.0,0.0,0.0,1.0,0.0,0.0,0.0,0.0,0.0,
ITA-Serie A,2526,2026-04-17 Sassuolo-Como,Como,Jean Butez,False,Goalkeeper,1,start,end,1.0,0.0,0.0,0.0,0.0,0.0,0.0,2.0,2.0,0.0,0.0,0.0,0.0,0.0,
ITA-Serie A,2526,2026-04-17 Sassuolo-Como,Sassuolo,Stefano Turati,True,Goalkeeper,1,start,end,1.0,0.0,0.0,0.0,0.0,0.0,0.0,1.0,2.0,0.0,0.0,0.0,0.0,0.0,
ITA-Serie A,2526,2026-04-18 AS Roma-Atalanta,AS Roma,Mile Svilar,True,Goalkeeper,1,start,end,1.0,0.0,0.0,0.0,0.0,0.0,0.0,1.0,1.0,0.0,0.0,0.0,0.0,0.0,
ITA-Serie A,2526,2026-04-18 AS Roma-Atalanta,Atalanta,Marco Carnesecchi,False,Goalkeeper,1,start,end,1.0,0.0,0.0,0.0,0.0,0.0,0.0,1.0,8.0,0.0,0.0,0.0,0.0,0.0,
ITA-Serie A,2526,2026-04-18 Napoli-Lazio,Lazio,Edoardo Motta,False,Goalkeeper,1,start,end,1.0,0.0,0.0,0.0,0.0,0.0,0.0,0.0,0.0,0.0,0.0,0.0,0.0,0.0,
ITA-Serie A,2526,2026-04-18 Napoli-Lazio,Napoli,Vanja Milinkovic-Savic,True,Goalkeeper,1,start,end,1.0,0.0,1.0,0.0,0.0,0.0,0.0,2.0,5.0,0.0,0.0,0.0,0.0,0.0,
ITA-Serie A,2526,2026-04-18 Udinese-Parma,Parma,Zion Suzuki,False,Goalkeeper,1,start,end,1.0,0.0,1.0,0.0,0.0,0.0,0.0,0.0,3.0,0.0,0.0,0.0,0.0,0.0,
ITA-Serie A,2526,2026-04-18 Udinese-Parma,Udinese,Maduka Okoye,True,Goalkeeper,1,start,end,1.0,0.0,0.0,0.0,0.0,0.0,0.0,1.0,0.0,0.0,0.0,0.0,0.0,0.0,
ITA-Serie A,2526,2026-04-19 Cremonese-Torino,Cremonese,Emil Audero,True,Goalkeeper,1,start,end,1.0,0.0,0.0,0.0,0.0,0.0,0.0,0.0,1.0,0.0,0.0,0.0,0.0,0.0,
ITA-Serie A,2526,2026-04-19 Cremonese-Torino,Torino,Alberto Paleari,False,Goalkeeper,1,start,end,1.0,0.0,2.0,0.0,0.0,0.0,0.0,0.0,4.0,0.0,0.0,0.0,0.0,0.0,
ITA-Serie A,2526,2026-04-19 Hellas Verona-AC Milan,AC Milan,Mike Maignan,False,Goalkeeper,1,start,end,1.0,0.0,0.0,0.0,0.0,0.0,0.0,0.0,2.0,0.0,0.0,0.0,0.0,0.0,
ITA-Serie A,2526,2026-04-19 Hellas Verona-AC Milan,Hellas Verona,Lorenzo Montipò,True,Goalkeeper,1,start,end,1.0,0.0,0.0,0.0,0.0,0.0,0.0,1.0,1.0,0.0,0.0,0.0,0.0,0.0,
ITA-Serie A,2526,2026-04-19 Juventus-Bologna,Bologna,Federico Ravaglia,False,Goalkeeper,1,start,end,1.0,0.0,0.0,0.0,0.0,0.0,0.0,2.0,2.0,0.0,0.0,0.0,0.0,0.0,
ITA-Serie A,2526,2026-04-19 Juventus-Bologna,Juventus,Michele Di Gregorio,True,Goalkeeper,1,start,end,1.0,0.0,0.0,0.0,0.0,0.0,0.0,0.0,1.0,0.0,0.0,0.0,0.0,0.0,
ITA-Serie A,2526,2026-04-19 Pisa-Genoa,Genoa,Justin Bijlow,False,Goalkeeper,1,start,end,1.0,0.0,0.0,0.0,0.0,0.0,0.0,1.0,3.0,0.0,0.0,0.0,0.0,0.0,
ITA-Serie A,2526,2026-04-19 Pisa-Genoa,Pisa,Adrian Semper,True,Goalkeeper,1,start,end,1.0,0.0,0.0,0.0,0.0,0.0,0.0,2.0,3.0,0.0,0.0,0.0,0.0,0.0,
ITA-Serie A,2526,2026-04-20 Lecce-Fiorentina,Fiorentina,David de Gea,False,Goalkeeper,1,start,end,1.0,0.0,0.0,0.0,0.0,0.0,0.0,1.0,2.0,0.0,0.0,0.0,0.0,0.0,
ITA-Serie A,2526,2026-04-20 Lecce-Fiorentina,Lecce,Wladimiro Falcone,True,Goalkeeper,1,start,end,1.0,0.0,0.0,0.0,0.0,0.0,0.0,1.0,2.0,0.0,0.0,0.0,0.0,0.0,
ITA-Serie A,2526,2026-04-24 Napoli-Cremonese,Cremonese,Emil Audero,False,Goalkeeper,1,start,end,1.0,0.0,0.0,0.0,0.0,0.0,0.0,4.0,6.0,0.0,0.0,0.0,0.0,0.0,
ITA-Serie A,2526,2026-04-24 Napoli-Cremonese,Napoli,Vanja Milinkovic-Savic,True,Goalkeeper,1,start,end,1.0,0.0,0.0,0.0,0.0,0.0,0.0,0.0,5.0,0.0,1.0,0.0,0.0,0.0,
ITA-Serie A,2526,2026-04-25 Bologna-AS Roma,AS Roma,Mile Svilar,False,Goalkeeper,1,start,end,1.0,0.0,0.0,0.0,0.0,0.0,0.0,0.0,2.0,0.0,0.0,0.0,0.0,0.0,
ITA-Serie A,2526,2026-04-25 Bologna-AS Roma,Bologna,Federico Ravaglia,True,Goalkeeper,1,start,end,1.0,0.0,0.0,0.0,0.0,0.0,0.0,2.0,0.0,0.0,0.0,0.0,0.0,0.0,
ITA-Serie A,2526,2026-04-25 Hellas Verona-Lecce,Hellas Verona,Lorenzo Montipò,True,Goalkeeper,1,start,end,1.0,0.0,0.0,0.0,0.0,0.0,0.0,0.0,2.0,0.0,0.0,0.0,0.0,0.0,
ITA-Serie A,2526,2026-04-25 Hellas Verona-Lecce,Lecce,Wladimiro Falcone,False,Goalkeeper,1,start,end,1.0,0.0,1.0,0.0,0.0,0.0,0.0,0.0,3.0,0.0,0.0,0.0,0.0,0.0,
ITA-Serie A,2526,2026-04-25 Parma-Pisa,Parma,Zion Suzuki,True,Goalkeeper,1,start,end,1.0,0.0,0.0,0.0,0.0,0.0,0.0,0.0,3.0,0.0,0.0,0.0,0.0,0.0,
ITA-Serie A,2526,2026-04-25 Parma-Pisa,Pisa,Adrian Semper,False,Goalkeeper,1,start,end,1.0,0.0,0.0,0.0,0.0,0.0,0.0,1.0,4.0,0.0,0.0,0.0,0.0,0.0,
ITA-Serie A,2526,2026-04-26 AC Milan-Juventus,AC Milan,Mike Maignan,True,Goalkeeper,1,start,end,1.0,0.0,0.0,0.0,0.0,0.0,0.0,0.0,5.0,0.0,0.0,0.0,0.0,0.0,
ITA-Serie A,2526,2026-04-26 AC Milan-Juventus,Juventus,Michele Di Gregorio,False,Goalkeeper,1,start,end,1.0,0.0,0.0,0.0,0.0,0.0,0.0,0.0,1.0,0.0,0.0,0.0,0.0,0.0,
ITA-Serie A,2526,2026-04-26 Fiorentina-Sassuolo,Fiorentina,David de Gea,True,Goalkeeper,1,start,end,1.0,0.0,0.0,0.0,0.0,0.0,0.0,0.0,2.0,0.0,0.0,0.0,0.0,0.0,
ITA-Serie A,2526,2026-04-26 Fiorentina-Sassuolo,Sassuolo,Stefano Turati,False,Goalkeeper,1,start,end,1.0,0.0,1.0,0.0,0.0,0.0,0.0,0.0,5.0,0.0,0.0,0.0,0.0,0.0,
ITA-Serie A,2526,2026-04-26 Genoa-Como,Como,Jean Butez,False,Goalkeeper,1,start,end,1.0,0.0,1.0,0.0,0.0,0.0,0.0,0.0,1.0,0.0,0.0,0.0,0.0,0.0,
ITA-Serie A,2526,2026-04-26 Genoa-Como,Genoa,Justin Bijlow,True,Goalkeeper,1,start,45,1.0,0.0,0.0,0.0,0.0,0.0,0.0,1.0,0.0,0.0,0.0,0.0,0.0,0.0,
ITA-Serie A,2526,2026-04-26 Torino-Internazionale,Internazionale,Yann Sommer,False,Goalkeeper,1,start,end,1.0,0.0,0.0,0.0,0.0,0.0,0.0,2.0,0.0,0.0,0.0,0.0,0.0,0.0,
ITA-Serie A,2526,2026-04-26 Torino-Internazionale,Torino,Alberto Paleari,True,Goalkeeper,1,start,end,1.0,0.0,0.0,0.0,0.0,0.0,0.0,2.0,3.0,0.0,0.0,0.0,0.0,0.0,
ITA-Serie A,2526,2026-04-27 Cagliari-Atalanta,Atalanta,Marco Carnesecchi,False,Goalkeeper,1,start,end,1.0,0.0,0.0,0.0,0.0,0.0,0.0,3.0,1.0,0.0,0.0,0.0,0.0,0.0,
ITA-Serie A,2526,2026-04-27 Cagliari-Atalanta,Cagliari,Elia Caprile,True,Goalkeeper,1,start,end,1.0,0.0,0.0,0.0,0.0,0.0,0.0,2.0,5.0,0.0,0.0,0.0,0.0,0.0,
ITA-Serie A,2526,2026-04-27 Lazio-Udinese,Lazio,Edoardo Motta,True,Goalkeeper,1,start,end,1.0,0.0,0.0,0.0,0.0,0.0,0.0,3.0,4.0,0.0,0.0,0.0,0.0,0.0,
ITA-Serie A,2526,2026-04-27 Lazio-Udinese,Udinese,Maduka Okoye,False,Goalkeeper,1,start,end,1.0,0.0,0.0,0.0,0.0,0.0,0.0,3.0,2.0,0.0,0.0,0.0,0.0,0.0,
ITA-Serie A,2526,2026-05-01 Pisa-Lecce,Lecce,Wladimiro Falcone,False,Goalkeeper,1,start,end,1.0,0.0,0.0,0.0,0.0,0.0,0.0,1.0,6.0,0.0,0.0,0.0,0.0,0.0,
ITA-Serie A,2526,2026-05-01 Pisa-Lecce,Pisa,Adrian Semper,True,Goalkeeper,1,start,end,1.0,0.0,1.0,0.0,0.0,0.0,0.0,2.0,3.0,0.0,0.0,0.0,0.0,0.0,
ITA-Serie A,2526,2026-05-02 Atalanta-Genoa,Atalanta,Marco Carnesecchi,True,Goalkeeper,1,start,end,1.0,0.0,0.0,0.0,0.0,0.0,0.0,0.0,2.0,0.0,0.0,0.0,0.0,0.0,
ITA-Serie A,2526,2026-05-02 Atalanta-Genoa,Genoa,Justin Bijlow,False,Goalkeeper,1,start,end,1.0,0.0,0.0,0.0,0.0,0.0,0.0,0.0,7.0,0.0,0.0,0.0,0.0,0.0,
ITA-Serie A,2526,2026-05-02 Como-Napoli,Como,Jean Butez,True,Goalkeeper,1,start,end,1.0,0.0,0.0,0.0,0.0,0.0,0.0,0.0,1.0,0.0,0.0,0.0,0.0,0.0,
ITA-Serie A,2526,2026-05-02 Como-Napoli,Napoli,Vanja Milinkovic-Savic,False,Goalkeeper,1,start,end,1.0,0.0,0.0,0.0,0.0,0.0,0.0,0.0,4.0,0.0,0.0,0.0,0.0,0.0,
ITA-Serie A,2526,2026-05-02 Udinese-Torino,Torino,Alberto Paleari,False,Goalkeeper,1,start,end,1.0,0.0,0.0,0.0,0.0,0.0,0.0,2.0,6.0,0.0,0.0,0.0,0.0,0.0,
ITA-Serie A,2526,2026-05-02 Udinese-Torino,Udinese,Maduka Okoye,True,Goalkeeper,1,start,end,1.0,0.0,0.0,0.0,0.0,0.0,0.0,0.0,1.0,0.0,0.0,0.0,0.0,0.0,
ITA-Serie A,2526,2026-05-03 Bologna-Cagliari,Bologna,Massimo Pessina,True,Goalkeeper,1,start,end,1.0,0.0,0.0,0.0,0.0,0.0,0.0,0.0,2.0,0.0,0.0,0.0,0.0,0.0,
ITA-Serie A,2526,2026-05-03 Bologna-Cagliari,Cagliari,Elia Caprile,False,Goalkeeper,1,start,end,1.0,0.0,0.0,0.0,0.0,0.0,0.0,0.0,4.0,0.0,0.0,0.0,0.0,0.0,
ITA-Serie A,2526,2026-05-03 Internazionale-Parma,Internazionale,Yann Sommer,True,Goalkeeper,1,start,end,1.0,0.0,0.0,0.0,0.0,0.0,0.0,0.0,0.0,0.0,0.0,0.0,0.0,0.0,
ITA-Serie A,2526,2026-05-03 Internazionale-Parma,Parma,Zion Suzuki,False,Goalkeeper,1,start,end,1.0,0.0,0.0,0.0,0.0,0.0,0.0,2.0,3.0,0.0,0.0,0.0,0.0,0.0,
ITA-Serie A,2526,2026-05-03 Juventus-Hellas Verona,Hellas Verona,Lorenzo Montipò,False,Goalkeeper,1,start,end,1.0,0.0,1.0,0.0,0.0,0.0,0.0,1.0,6.0,0.0,0.0,0.0,0.0,0.0,
ITA-Serie A,2526,2026-05-03 Juventus-Hellas Verona,Juventus,Michele Di Gregorio,True,Goalkeeper,1,start,end,1.0,0.0,0.0,0.0,0.0,0.0,0.0,1.0,2.0,0.0,0.0,0.0,0.0,0.0,
ITA-Serie A,2526,2026-05-03 Sassuolo-AC Milan,AC Milan,Mike Maignan,False,Goalkeeper,1,start,end,1.0,0.0,0.0,0.0,0.0,0.0,0.0,2.0,2.0,0.0,0.0,0.0,0.0,0.0,
ITA-Serie A,2526,2026-05-03 Sassuolo-AC Milan,Sassuolo,Stefano Turati,True,Goalkeeper,1,start,end,1.0,0.0,0.0,0.0,0.0,0.0,0.0,0.0,1.0,0.0,0.0,0.0,0.0,0.0,
ITA-Serie A,2526,2026-05-04 AS Roma-Fiorentina,AS Roma,Mile Svilar,True,Goalkeeper,1,start,end,1.0,0.0,0.0,0.0,0.0,0.0,0.0,0.0,1.0,0.0,0.0,0.0,0.0,0.0,
ITA-Serie A,2526,2026-05-04 AS Roma-Fiorentina,Fiorentina,David de Gea,False,Goalkeeper,1,start,end,1.0,0.0,0.0,0.0,0.0,0.0,0.0,4.0,3.0,0.0,0.0,0.0,0.0,0.0,
ITA-Serie A,2526,2026-05-04 Cremonese-Lazio,Cremonese,Emil Audero,True,Goalkeeper,1,start,end,1.0,0.0,0.0,0.0,0.0,0.0,0.0,2.0,1.0,0.0,0.0,0.0,0.0,0.0,
ITA-Serie A,2526,2026-05-04 Cremonese-Lazio,Lazio,Edoardo Motta,False,Goalkeeper,1,start,end,1.0,0.0,0.0,0.0,0.0,0.0,0.0,1.0,4.0,0.0,0.0,0.0,0.0,0.0,
ITA-Serie A,2526,2026-05-08 Torino-Sassuolo,Sassuolo,Arijanet Muric,False,Goalkeeper,1,start,end,1.0,0.0,0.0,0.0,0.0,0.0,0.0,2.0,2.0,0.0,0.0,0.0,0.0,0.0,
ITA-Serie A,2526,2026-05-08 Torino-Sassuolo,Torino,Alberto Paleari,True,Goalkeeper,1,start,end,1.0,0.0,0.0,0.0,0.0,0.0,0.0,1.0,5.0,0.0,0.0,0.0,0.0,0.0,
ITA-Serie A,2526,2026-05-09 Cagliari-Udinese,Cagliari,Elia Caprile,True,Goalkeeper,1,start,end,1.0,0.0,0.0,0.0,0.0,0.0,0.0,2.0,4.0,0.0,0.0,0.0,0.0,0.0,
ITA-Serie A,2526,2026-05-09 Cagliari-Udinese,Udinese,Maduka Okoye,False,Goalkeeper,1,start,end,1.0,0.0,1.0,0.0,0.0,0.0,0.0,0.0,3.0,0.0,0.0,0.0,0.0,0.0,
ITA-Serie A,2526,2026-05-09 Lazio-Internazionale,Internazionale,Josep Martínez,False,Goalkeeper,1,start,end,1.0,0.0,0.0,0.0,0.0,0.0,0.0,0.0,4.0,0.0,0.0,0.0,0.0,0.0,
ITA-Serie A,2526,2026-05-09 Lazio-Internazionale,Lazio,Edoardo Motta,True,Goalkeeper,1,start,end,1.0,0.0,0.0,0.0,0.0,0.0,0.0,3.0,2.0,0.0,0.0,0.0,0.0,0.0,
ITA-Serie A,2526,2026-05-09 Lecce-Juventus,Juventus,Michele Di Gregorio,False,Goalkeeper,1,start,end,1.0,0.0,0.0,0.0,0.0,0.0,0.0,0.0,3.0,0.0,0.0,0.0,0.0,0.0,
ITA-Serie A,2526,2026-05-09 Lecce-Juventus,Lecce,Wladimiro Falcone,True,Goalkeeper,1,start,end,1.0,0.0,0.0,0.0,0.0,0.0,0.0,1.0,5.0,0.0,0.0,0.0,0.0,0.0,
ITA-Serie A,2526,2026-05-10 AC Milan-Atalanta,AC Milan,Mike Maignan,True,Goalkeeper,1,start,end,1.0,0.0,0.0,0.0,0.0,0.0,0.0,3.0,2.0,0.0,0.0,0.0,0.0,0.0,
ITA-Serie A,2526,2026-05-10 AC Milan-Atalanta,Atalanta,Marco Carnesecchi,False,Goalkeeper,1,start,end,1.0,0.0,1.0,0.0,0.0,0.0,0.0,2.0,8.0,0.0,0.0,0.0,0.0,0.0,
ITA-Serie A,2526,2026-05-10 Cremonese-Pisa,Cremonese,Emil Audero,True,Goalkeeper,1,start,end,1.0,0.0,0.0,0.0,0.0,0.0,0.0,0.0,0.0,0.0,0.0,0.0,0.0,0.0,
ITA-Serie A,2526,2026-05-10 Cremonese-Pisa,Pisa,Adrian Semper,False,Goalkeeper,1,start,end,1.0,0.0,1.0,0.0,0.0,0.0,0.0,3.0,2.0,0.0,0.0,0.0,0.0,0.0,
ITA-Serie A,2526,2026-05-10 Fiorentina-Genoa,Fiorentina,David de Gea,True,Goalkeeper,1,start,end,1.0,0.0,1.0,0.0,0.0,0.0,0.0,0.0,3.0,0.0,0.0,0.0,0.0,0.0,
ITA-Serie A,2526,2026-05-10 Fiorentina-Genoa,Genoa,Justin Bijlow,False,Goalkeeper,1,start,end,1.0,0.0,0.0,0.0,0.0,0.0,0.0,0.0,0.0,0.0,0.0,0.0,0.0,0.0,
ITA-Serie A,2526,2026-05-10 Hellas Verona-Como,Como,Jean Butez,False,Goalkeeper,1,start,end,1.0,0.0,0.0,0.0,0.0,0.0,0.0,0.0,3.0,0.0,0.0,0.0,0.0,0.0,
ITA-Serie A,2526,2026-05-10 Hellas Verona-Como,Hellas Verona,Lorenzo Montipò,True,Goalkeeper,1,start,end,1.0,0.0,0.0,0.0,0.0,0.0,0.0,1.0,3.0,0.0,0.0,0.0,0.0,0.0,
ITA-Serie A,2526,2026-05-10 Parma-AS Roma,AS Roma,Mile Svilar,False,Goalkeeper,1,start,end,1.0,0.0,0.0,0.0,0.0,0.0,0.0,2.0,1.0,0.0,0.0,0.0,0.0,0.0,
ITA-Serie A,2526,2026-05-10 Parma-AS Roma,Parma,Zion Suzuki,True,Goalkeeper,1,start,end,1.0,0.0,0.0,0.0,0.0,0.0,0.0,3.0,4.0,0.0,0.0,0.0,0.0,0.0,
ITA-Serie A,2526,2026-05-11 Napoli-Bologna,Bologna,Massimo Pessina,False,Goalkeeper,1,start,end,1.0,0.0,0.0,0.0,0.0,0.0,0.0,2.0,3.0,0.0,0.0,0.0,0.0,0.0,
ITA-Serie A,2526,2026-05-11 Napoli-Bologna,Napoli,Vanja Milinkovic-Savic,True,Goalkeeper,1,start,end,1.0,0.0,0.0,0.0,0.0,0.0,0.0,3.0,1.0,0.0,0.0,0.0,0.0,0.0,
ITA-Serie A,2526,2026-05-17 AS Roma-Lazio,AS Roma,Mile Svilar,True,Goalkeeper,1,start,end,1.0,0.0,1.0,0.0,0.0,0.0,0.0,0.0,2.0,0.0,0.0,0.0,0.0,0.0,
ITA-Serie A,2526,2026-05-17 AS Roma-Lazio,Lazio,Alessio Furlanetto,False,Goalkeeper,1,start,end,1.0,0.0,0.0,0.0,0.0,0.0,0.0,2.0,6.0,0.0,0.0,0.0,0.0,0.0,
ITA-Serie A,2526,2026-05-17 Atalanta-Bologna,Atalanta,Marco Carnesecchi,True,Goalkeeper,1,start,end,1.0,0.0,0.0,0.0,0.0,0.0,0.0,1.0,4.0,0.0,0.0,0.0,0.0,0.0,
ITA-Serie A,2526,2026-05-17 Atalanta-Bologna,Bologna,Lukasz Skorupski,False,Goalkeeper,1,start,end,1.0,0.0,0.0,0.0,0.0,0.0,0.0,0.0,1.0,0.0,0.0,0.0,0.0,0.0,
ITA-Serie A,2526,2026-05-17 Cagliari-Torino,Cagliari,Elia Caprile,True,Goalkeeper,1,start,end,1.0,0.0,0.0,0.0,0.0,0.0,0.0,1.0,2.0,0.0,0.0,0.0,0.0,0.0,
ITA-Serie A,2526,2026-05-17 Cagliari-Torino,Torino,Alberto Paleari,False,Goalkeeper,1,start,end,1.0,0.0,0.0,0.0,0.0,0.0,0.0,2.0,1.0,0.0,0.0,0.0,0.0,0.0,
ITA-Serie A,2526,2026-05-17 Como-Parma,Como,Jean Butez,True,Goalkeeper,1,start,end,1.0,0.0,0.0,0.0,0.0,0.0,0.0,0.0,2.0,0.0,0.0,0.0,0.0,0.0,
ITA-Serie A,2526,2026-05-17 Como-Parma,Parma,Zion Suzuki,False,Goalkeeper,1,start,end,1.0,0.0,0.0,0.0,0.0,0.0,0.0,1.0,6.0,0.0,0.0,0.0,0.0,0.0,
ITA-Serie A,2526,2026-05-17 Genoa-AC Milan,AC Milan,Mike Maignan,False,Goalkeeper,1,start,end,1.0,0.0,0.0,0.0,0.0,0.0,0.0,1.0,1.0,0.0,0.0,0.0,0.0,0.0,
ITA-Serie A,2526,2026-05-17 Genoa-AC Milan,Genoa,Justin Bijlow,True,Goalkeeper,1,start,end,1.0,1.0,0.0,0.0,0.0,0.0,1.0,2.0,4.0,0.0,0.0,0.0,0.0,0.0,
ITA-Serie A,2526,2026-05-17 Internazionale-Hellas Verona,Hellas Verona,Lorenzo Montipò,False,Goalkeeper,1,start,end,1.0,0.0,1.0,0.0,0.0,0.0,0.0,1.0,5.0,0.0,0.0,0.0,0.0,0.0,
ITA-Serie A,2526,2026-05-17 Internazionale-Hellas Verona,Internazionale,Yann Sommer,True,Goalkeeper,1,start,81,1.0,0.0,1.0,0.0,0.0,0.0,0.0,0.0,3.0,0.0,0.0,0.0,0.0,0.0,
ITA-Serie A,2526,2026-05-17 Juventus-Fiorentina,Fiorentina,David de Gea,False,Goalkeeper,1,start,end,1.0,0.0,0.0,0.0,0.0,0.0,0.0,0.0,9.0,0.0,0.0,0.0,0.0,0.0,
ITA-Serie A,2526,2026-05-17 Juventus-Fiorentina,Juventus,Michele Di Gregorio,True,Goalkeeper,1,start,end,1.0,0.0,0.0,0.0,0.0,0.0,0.0,2.0,2.0,0.0,0.0,0.0,0.0,0.0,
ITA-Serie A,2526,2026-05-17 Pisa-Napoli,Napoli,Alex Meret,False,Goalkeeper,1,start,end,1.0,0.0,0.0,0.0,0.0,0.0,0.0,0.0,2.0,0.0,0.0,0.0,0.0,0.0,
ITA-Serie A,2526,2026-05-17 Pisa-Napoli,Pisa,Adrian Semper,True,Goalkeeper,1,start,end,1.0,0.0,0.0,0.0,0.0,0.0,0.0,3.0,2.0,0.0,0.0,0.0,0.0,0.0,
ITA-Serie A,2526,2026-05-17 Sassuolo-Lecce,Lecce,Wladimiro Falcone,False,Goalkeeper,1,start,end,1.0,0.0,0.0,0.0,0.0,0.0,0.0,2.0,4.0,0.0,0.0,0.0,0.0,0.0,
ITA-Serie A,2526,2026-05-17 Sassuolo-Lecce,Sassuolo,Stefano Turati,True,Goalkeeper,1,start,end,1.0,0.0,0.0,0.0,0.0,0.0,0.0,3.0,3.0,0.0,0.0,0.0,0.0,0.0,
ITA-Serie A,2526,2026-05-17 Udinese-Cremonese,Cremonese,Emil Audero,False,Goalkeeper,1,start,end,1.0,0.0,1.0,0.0,0.0,0.0,0.0,0.0,2.0,0.0,0.0,0.0,0.0,0.0,
ITA-Serie A,2526,2026-05-17 Udinese-Cremonese,Udinese,Maduka Okoye,True,Goalkeeper,1,start,end,1.0,0.0,0.0,0.0,0.0,0.0,0.0,1.0,3.0,0.0,0.0,0.0,0.0,0.0,
ITA-Serie A,2526,2026-05-22 Fiorentina-Atalanta,Atalanta,Marco Sportiello,False,Goalkeeper,1,start,end,1.0,0.0,0.0,0.0,0.0,0.0,0.0,1.0,3.0,0.0,0.0,0.0,0.0,0.0,
ITA-Serie A,2526,2026-05-22 Fiorentina-Atalanta,Fiorentina,Oliver Christensen,True,Goalkeeper,1,start,87,1.0,0.0,1.0,0.0,0.0,0.0,0.0,1.0,6.0,0.0,0.0,0.0,0.0,0.0,
ITA-Serie A,2526,2026-05-23 Bologna-Internazionale,Bologna,Lukasz Skorupski,True,Goalkeeper,1,start,end,1.0,0.0,0.0,0.0,0.0,0.0,0.0,3.0,2.0,0.0,0.0,0.0,0.0,0.0,
ITA-Serie A,2526,2026-05-23 Bologna-Internazionale,Internazionale,Josep Martínez,False,Goalkeeper,1,start,end,1.0,0.0,0.0,0.0,0.0,0.0,0.0,3.0,1.0,0.0,0.0,0.0,0.0,0.0,
ITA-Serie A,2526,2026-05-23 Lazio-Pisa,Lazio,Alessio Furlanetto,True,Goalkeeper,1,start,end,1.0,0.0,0.0,0.0,0.0,0.0,0.0,1.0,1.0,0.0,0.0,0.0,0.0,0.0,
ITA-Serie A,2526,2026-05-23 Lazio-Pisa,Pisa,Adrian Semper,False,Goalkeeper,1,start,end,1.0,0.0,2.0,0.0,0.0,0.0,0.0,2.0,7.0,0.0,0.0,0.0,0.0,0.0,
ITA-Serie A,2526,2026-05-24 AC Milan-Cagliari,AC Milan,Mike Maignan,True,Goalkeeper,1,start,end,1.0,0.0,0.0,0.0,0.0,0.0,1.0,2.0,9.0,0.0,0.0,0.0,0.0,0.0,
ITA-Serie A,2526,2026-05-24 AC Milan-Cagliari,Cagliari,Elia Caprile,False,Goalkeeper,1,start,end,1.0,0.0,0.0,0.0,0.0,0.0,0.0,1.0,2.0,0.0,0.0,0.0,0.0,0.0,
ITA-Serie A,2526,2026-05-24 Cremonese-Como,Como,Jean Butez,False,Goalkeeper,1,start,end,1.0,0.0,0.0,0.0,0.0,0.0,0.0,1.0,0.0,0.0,0.0,0.0,0.0,0.0,
ITA-Serie A,2526,2026-05-24 Cremonese-Como,Cremonese,Emil Audero,True,Goalkeeper,1,start,end,1.0,0.0,0.0,0.0,0.0,0.0,0.0,4.0,2.0,0.0,0.0,0.0,0.0,0.0,
ITA-Serie A,2526,2026-05-24 Hellas Verona-AS Roma,AS Roma,Mile Svilar,False,Goalkeeper,1,start,end,1.0,0.0,0.0,0.0,0.0,0.0,0.0,0.0,3.0,0.0,0.0,0.0,0.0,0.0,
ITA-Serie A,2526,2026-05-24 Hellas Verona-AS Roma,Hellas Verona,Lorenzo Montipò,True,Goalkeeper,1,start,end,1.0,0.0,0.0,0.0,0.0,0.0,0.0,2.0,5.0,0.0,0.0,0.0,0.0,0.0,
ITA-Serie A,2526,2026-05-24 Lecce-Genoa,Genoa,Nicola Leali,False,Goalkeeper,1,start,end,1.0,0.0,0.0,0.0,0.0,0.0,0.0,1.0,3.0,0.0,0.0,0.0,0.0,0.0,
ITA-Serie A,2526,2026-05-24 Lecce-Genoa,Lecce,Wladimiro Falcone,True,Goalkeeper,1,start,end,1.0,0.0,0.0,0.0,0.0,0.0,0.0,0.0,1.0,0.0,0.0,0.0,0.0,0.0,
ITA-Serie A,2526,2026-05-24 Napoli-Udinese,Napoli,Alex Meret,True,Goalkeeper,1,start,80,1.0,0.0,0.0,0.0,0.0,0.0,0.0,0.0,2.0,0.0,0.0,0.0,0.0,0.0,
ITA-Serie A,2526,2026-05-24 Napoli-Udinese,Udinese,Maduka Okoye,False,Goalkeeper,1,start,end,1.0,0.0,0.0,0.0,0.0,0.0,0.0,1.0,5.0,0.0,0.0,0.0,0.0,0.0,
ITA-Serie A,2526,2026-05-24 Parma-Sassuolo,Parma,Edoardo Corvi,True,Goalkeeper,1,start,end,1.0,0.0,0.0,0.0,0.0,0.0,0.0,0.0,1.0,0.0,0.0,0.0,0.0,0.0,
ITA-Serie A,2526,2026-05-24 Parma-Sassuolo,Sassuolo,Stefano Turati,False,Goalkeeper,1,start,83,1.0,0.0,0.0,0.0,0.0,0.0,0.0,1.0,2.0,0.0,0.0,0.0,0.0,0.0,
ITA-Serie A,2526,2026-05-24 Torino-Juventus,Juventus,Mattia Perin,False,Goalkeeper,1,start,end,1.0,0.0,1.0,0.0,0.0,0.0,0.0,2.0,3.0,0.0,0.0,0.0,0.0,0.0,
ITA-Serie A,2526,2026-05-24 Torino-Juventus,Torino,Alberto Paleari,True,Goalkeeper,1,start,end,1.0,0.0,0.0,0.0,0.0,0.0,0.0,2.0,2.0,0.0,0.0,0.0,0.0,0.0,
