league,season,game,team,player,is_home,position,formation_place,sub_in,sub_out,appearances,fouls_committed,fouls_suffered,own_goals,red_cards,sub_ins,yellow_cards,goals_conceded,saves,shots_faced,goal_assists,shots_on_target,total_goals,total_shots,offsides
ENG-Premier League,1718,2017-08-11 Arsenal-Leicester City,Arsenal,Petr Cech,True,Goalkeeper,,start,end,1.0,0.0,0.0,0.0,0.0,0.0,0.0,3.0,0.0,0.0,0.0,0.0,0.0,0.0,
ENG-Premier League,1718,2017-08-11 Arsenal-Leicester City,Leicester City,Kasper Schmeichel,False,Goalkeeper,,start,end,1.0,0.0,0.0,0.0,0.0,0.0,0.0,4.0,6.0,0.0,0.0,0.0,0.0,0.0,
ENG-Premier League,1718,2017-08-12 Brighton & Hove Albion-Manchester City,Brighton & Hove Albion,Mathew Ryan,True,Goalkeeper,,start,end,1.0,0.0,0.0,0.0,0.0,0.0,0.0,2.0,3.0,0.0,0.0,0.0,0.0,0.0,
ENG-Premier League,1718,2017-08-12 Brighton & Hove Albion-Manchester City,Manchester City,Ederson,False,Goalkeeper,,start,end,1.0,0.0,0.0,0.0,0.0,0.0,0.0,0.0,2.0,0.0,0.0,0.0,0.0,0.0,
ENG-Premier League,1718,2017-08-12 Chelsea-Burnley,Burnley,Tom Heaton,False,Goalkeeper,,start,end,1.0,0.0,0.0,0.0,0.0,0.0,0.0,2.0,4.0,0.0,0.0,0.0,0.0,0.0,
ENG-Premier League,1718,2017-08-12 Chelsea-Burnley,Chelsea,Thibaut Courtois,True,Goalkeeper,,start,end,1.0,0.0,0.0,0.0,0.0,0.0,0.0,3.0,2.0,0.0,0.0,0.0,0.0,0.0,
ENG-Premier League,1718,2017-08-12 Crystal Palace-Huddersfield Town,Crystal Palace,Wayne Hennessey,True,Goalkeeper,,start,end,1.0,0.0,0.0,0.0,0.0,0.0,0.0,3.0,4.0,0.0,0.0,0.0,0.0,0.0,
ENG-Premier League,1718,2017-08-12 Crystal Palace-Huddersfield Town,Huddersfield Town,Jonas Lössl,False,Goalkeeper,,start,end,1.0,0.0,0.0,0.0,0.0,0.0,0.0,0.0,4.0,0.0,0.0,0.0,0.0,0.0,
ENG-Premier League,1718,2017-08-12 Everton-Stoke City,Everton,Jordan Pickford,True,Goalkeeper,,start,end,1.0,0.0,0.0,0.0,0.0,0.0,0.0,0.0,1.0,0.0,0.0,0.0,0.0,0.0,
ENG-Premier League,1718,2017-08-12 Everton-Stoke City,Stoke City,Jack Butland,False,Goalkeeper,,start,end,1.0,0.0,0.0,0.0,0.0,0.0,0.0,1.0,3.0,0.0,0.0,0.0,0.0,0.0,
ENG-Premier League,1718,2017-08-12 Southampton-Swansea City,Southampton,Fraser Forster,True,Goalkeeper,,start,end,1.0,0.0,0.0,0.0,0.0,0.0,0.0,0.0,0.0,0.0,0.0,0.0,0.0,0.0,
ENG-Premier League,1718,2017-08-12 Southampton-Swansea City,Swansea City,Lukasz Fabianski,False,Goalkeeper,,start,end,1.0,0.0,1.0,0.0,0.0,0.0,0.0,0.0,2.0,0.0,0.0,0.0,0.0,0.0,
ENG-Premier League,1718,2017-08-12 Watford-Liverpool,Liverpool,Simon Mignolet,False,Goalkeeper,,start,end,1.0,0.0,1.0,0.0,0.0,0.0,1.0,3.0,1.0,0.0,0.0,0.0,0.0,0.0,
ENG-Premier League,1718,2017-08-12 Watford-Liverpool,Watford,Heurelho Gomes,True,Goalkeeper,,start,end,1.0,1.0,0.0,0.0,0.0,0.0,0.0,3.0,2.0,0.0,0.0,0.0,0.0,0.0,
ENG-Premier League,1718,2017-08-12 West Bromwich Albion-AFC Bournemouth,AFC Bournemouth,Asmir Begovic,False,Goalkeeper,,start,end,1.0,0.0,1.0,0.0,0.0,0.0,0.0,1.0,5.0,0.0,0.0,0.0,0.0,0.0,
ENG-Premier League,1718,2017-08-12 West Bromwich Albion-AFC Bournemouth,West Bromwich Albion,Ben Foster,True,Goalkeeper,,start,end,1.0,0.0,0.0,0.0,0.0,0.0,0.0,0.0,2.0,0.0,0.0,0.0,0.0,0.0,
ENG-Premier League,1718,2017-08-13 Manchester United-West Ham United,Manchester United,David de Gea,True,Goalkeeper,,start,end,1.0,0.0,0.0,0.0,0.0,0.0,0.0,0.0,1.0,0.0,0.0,0.0,0.0,0.0,
ENG-Premier League,1718,2017-08-13 Manchester United-West Ham United,West Ham United,Joe Hart,False,Goalkeeper,,start,end,1.0,0.0,0.0,0.0,0.0,0.0,0.0,4.0,1.0,0.0,0.0,0.0,0.0,0.0,
ENG-Premier League,1718,2017-08-13 Newcastle United-Tottenham Hotspur,Newcastle United,Robert Elliot,True,Goalkeeper,,start,end,1.0,0.0,1.0,0.0,0.0,0.0,0.0,2.0,4.0,0.0,0.0,0.0,0.0,0.0,
ENG-Premier League,1718,2017-08-13 Newcastle United-Tottenham Hotspur,Tottenham Hotspur,Hugo Lloris,False,Goalkeeper,,start,end,1.0,0.0,0.0,0.0,0.0,0.0,0.0,0.0,2.0,0.0,0.0,0.0,0.0,0.0,
ENG-Premier League,1718,2017-08-19 AFC Bournemouth-Watford,AFC Bournemouth,Asmir Begovic,True,Goalkeeper,,start,end,1.0,0.0,0.0,0.0,0.0,0.0,0.0,2.0,5.0,0.0,0.0,0.0,0.0,0.0,
ENG-Premier League,1718,2017-08-19 AFC Bournemouth-Watford,Watford,Heurelho Gomes,False,Goalkeeper,,start,end,1.0,0.0,1.0,0.0,0.0,0.0,0.0,0.0,2.0,0.0,0.0,0.0,0.0,0.0,
ENG-Premier League,1718,2017-08-19 Burnley-West Bromwich Albion,Burnley,Tom Heaton,True,Goalkeeper,,start,end,1.0,0.0,0.0,0.0,0.0,0.0,0.0,1.0,0.0,0.0,0.0,0.0,0.0,0.0,
ENG-Premier League,1718,2017-08-19 Burnley-West Bromwich Albion,West Bromwich Albion,Ben Foster,False,Goalkeeper,,start,end,1.0,0.0,2.0,0.0,0.0,0.0,0.0,0.0,0.0,0.0,0.0,0.0,0.0,0.0,
ENG-Premier League,1718,2017-08-19 Leicester City-Brighton & Hove Albion,Brighton & Hove Albion,Mathew Ryan,False,Goalkeeper,,start,end,1.0,0.0,0.0,0.0,0.0,0.0,0.0,2.0,2.0,0.0,0.0,0.0,0.0,0.0,
ENG-Premier League,1718,2017-08-19 Leicester City-Brighton & Hove Albion,Leicester City,Kasper Schmeichel,True,Goalkeeper,,start,end,1.0,0.0,0.0,0.0,0.0,0.0,0.0,0.0,2.0,0.0,0.0,0.0,0.0,0.0,
ENG-Premier League,1718,2017-08-19 Liverpool-Crystal Palace,Crystal Palace,Wayne Hennessey,False,Goalkeeper,,start,end,1.0,0.0,0.0,0.0,0.0,0.0,0.0,1.0,12.0,0.0,0.0,0.0,0.0,0.0,
ENG-Premier League,1718,2017-08-19 Liverpool-Crystal Palace,Liverpool,Simon Mignolet,True,Goalkeeper,,start,end,1.0,0.0,0.0,0.0,0.0,0.0,0.0,0.0,1.0,0.0,0.0,0.0,0.0,0.0,
ENG-Premier League,1718,2017-08-19 Southampton-West Ham United,Southampton,Fraser Forster,True,Goalkeeper,,start,end,1.0,0.0,0.0,0.0,0.0,0.0,0.0,2.0,6.0,0.0,0.0,0.0,0.0,0.0,
ENG-Premier League,1718,2017-08-19 Southampton-West Ham United,West Ham United,Joe Hart,False,Goalkeeper,,start,end,1.0,0.0,1.0,0.0,0.0,0.0,0.0,3.0,2.0,0.0,0.0,0.0,0.0,0.0,
ENG-Premier League,1718,2017-08-19 Stoke City-Arsenal,Arsenal,Petr Cech,False,Goalkeeper,,start,end,1.0,0.0,0.0,0.0,0.0,0.0,0.0,1.0,3.0,0.0,0.0,0.0,0.0,0.0,
ENG-Premier League,1718,2017-08-19 Stoke City-Arsenal,Stoke City,Jack Butland,True,Goalkeeper,,start,end,1.0,0.0,2.0,0.0,0.0,0.0,0.0,0.0,6.0,0.0,0.0,0.0,0.0,0.0,
ENG-Premier League,1718,2017-08-19 Swansea City-Manchester United,Manchester United,David de Gea,False,Goalkeeper,,start,end,1.0,0.0,0.0,0.0,0.0,0.0,0.0,0.0,0.0,0.0,0.0,0.0,0.0,0.0,
ENG-Premier League,1718,2017-08-19 Swansea City-Manchester United,Swansea City,Lukasz Fabianski,True,Goalkeeper,,start,end,1.0,0.0,0.0,0.0,0.0,0.0,0.0,4.0,4.0,0.0,0.0,0.0,0.0,0.0,
ENG-Premier League,1718,2017-08-20 Huddersfield Town-Newcastle United,Huddersfield Town,Jonas Lössl,True,Goalkeeper,,start,end,1.0,0.0,1.0,0.0,0.0,0.0,0.0,0.0,5.0,0.0,0.0,0.0,0.0,0.0,
ENG-Premier League,1718,2017-08-20 Huddersfield Town-Newcastle United,Newcastle United,Robert Elliot,False,Goalkeeper,,start,end,1.0,0.0,0.0,0.0,0.0,0.0,0.0,1.0,2.0,0.0,0.0,0.0,0.0,0.0,
ENG-Premier League,1718,2017-08-20 Tottenham Hotspur-Chelsea,Chelsea,Thibaut Courtois,False,Goalkeeper,,start,end,1.0,0.0,1.0,0.0,0.0,0.0,0.0,1.0,6.0,0.0,0.0,0.0,0.0,0.0,
ENG-Premier League,1718,2017-08-20 Tottenham Hotspur-Chelsea,Tottenham Hotspur,Hugo Lloris,True,Goalkeeper,,start,end,1.0,0.0,0.0,0.0,0.0,0.0,0.0,2.0,0.0,0.0,0.0,0.0,0.0,0.0,
ENG-Premier League,1718,2017-08-21 Manchester City-Everton,Everton,Jordan Pickford,False,Goalkeeper,,start,end,1.0,0.0,0.0,0.0,0.0,0.0,0.0,1.0,5.0,0.0,0.0,0.0,0.0,0.0,
ENG-Premier League,1718,2017-08-21 Manchester City-Everton,Manchester City,Ederson,True,Goalkeeper,,start,end,1.0,0.0,0.0,0.0,0.0,0.0,0.0,1.0,1.0,0.0,0.0,0.0,0.0,0.0,
ENG-Premier League,1718,2017-08-26 AFC Bournemouth-Manchester City,AFC Bournemouth,Asmir Begovic,True,Goalkeeper,,start,end,1.0,0.0,0.0,0.0,0.0,0.0,0.0,2.0,6.0,0.0,0.0,0.0,0.0,0.0,
ENG-Premier League,1718,2017-08-26 AFC Bournemouth-Manchester City,Manchester City,Ederson,False,Goalkeeper,,start,end,1.0,0.0,0.0,0.0,0.0,0.0,0.0,1.0,2.0,0.0,0.0,0.0,0.0,0.0,
ENG-Premier League,1718,2017-08-26 Crystal Palace-Swansea City,Crystal Palace,Wayne Hennessey,True,Goalkeeper,,start,end,1.0,0.0,0.0,0.0,0.0,0.0,0.0,2.0,1.0,0.0,0.0,0.0,0.0,0.0,
ENG-Premier League,1718,2017-08-26 Crystal Palace-Swansea City,Swansea City,Lukasz Fabianski,False,Goalkeeper,,start,end,1.0,0.0,0.0,0.0,0.0,0.0,0.0,0.0,3.0,0.0,0.0,0.0,0.0,0.0,
ENG-Premier League,1718,2017-08-26 Huddersfield Town-Southampton,Huddersfield Town,Jonas Lössl,True,Goalkeeper,,start,end,1.0,0.0,0.0,0.0,0.0,0.0,0.0,0.0,2.0,0.0,0.0,0.0,0.0,0.0,
ENG-Premier League,1718,2017-08-26 Huddersfield Town-Southampton,Southampton,Fraser Forster,False,Goalkeeper,,start,end,1.0,0.0,0.0,0.0,0.0,0.0,0.0,0.0,6.0,0.0,0.0,0.0,0.0,0.0,
ENG-Premier League,1718,2017-08-26 Manchester United-Leicester City,Leicester City,Kasper Schmeichel,False,Goalkeeper,,start,end,1.0,0.0,1.0,0.0,0.0,0.0,1.0,2.0,5.0,0.0,0.0,0.0,0.0,0.0,
ENG-Premier League,1718,2017-08-26 Manchester United-Leicester City,Manchester United,David de Gea,True,Goalkeeper,,start,end,1.0,0.0,0.0,0.0,0.0,0.0,0.0,0.0,4.0,0.0,0.0,0.0,0.0,0.0,
ENG-Premier League,1718,2017-08-26 Newcastle United-West Ham United,Newcastle United,Robert Elliot,True,Goalkeeper,,start,end,1.0,0.0,0.0,0.0,0.0,0.0,0.0,0.0,3.0,0.0,0.0,0.0,0.0,0.0,
ENG-Premier League,1718,2017-08-26 Newcastle United-West Ham United,West Ham United,Joe Hart,False,Goalkeeper,,start,end,1.0,0.0,0.0,0.0,0.0,0.0,0.0,3.0,5.0,0.0,0.0,0.0,0.0,0.0,
ENG-Premier League,1718,2017-08-26 Watford-Brighton & Hove Albion,Brighton & Hove Albion,Mathew Ryan,False,Goalkeeper,,start,end,1.0,0.0,0.0,0.0,0.0,0.0,0.0,0.0,0.0,0.0,0.0,0.0,0.0,0.0,
ENG-Premier League,1718,2017-08-26 Watford-Brighton & Hove Albion,Watford,Heurelho Gomes,True,Goalkeeper,,start,end,1.0,0.0,0.0,0.0,0.0,0.0,0.0,0.0,2.0,0.0,0.0,0.0,0.0,0.0,
ENG-Premier League,1718,2017-08-27 Chelsea-Everton,Chelsea,Thibaut Courtois,True,Goalkeeper,,start,end,1.0,0.0,0.0,0.0,0.0,0.0,0.0,0.0,0.0,0.0,0.0,0.0,0.0,0.0,
ENG-Premier League,1718,2017-08-27 Chelsea-Everton,Everton,Jordan Pickford,False,Goalkeeper,,start,end,1.0,0.0,0.0,0.0,0.0,0.0,0.0,2.0,5.0,0.0,0.0,0.0,0.0,0.0,
ENG-Premier League,1718,2017-08-27 Liverpool-Arsenal,Arsenal,Petr Cech,False,Goalkeeper,,start,end,1.0,0.0,0.0,0.0,0.0,0.0,0.0,4.0,7.0,0.0,0.0,0.0,0.0,0.0,
ENG-Premier League,1718,2017-08-27 Liverpool-Arsenal,Liverpool,Loris Karius,True,Goalkeeper,,start,end,1.0,0.0,0.0,0.0,0.0,0.0,0.0,0.0,0.0,0.0,0.0,0.0,0.0,0.0,
ENG-Premier League,1718,2017-08-27 Tottenham Hotspur-Burnley,Burnley,Tom Heaton,False,Goalkeeper,,start,end,1.0,0.0,0.0,0.0,0.0,0.0,0.0,1.0,4.0,0.0,0.0,0.0,0.0,0.0,
ENG-Premier League,1718,2017-08-27 Tottenham Hotspur-Burnley,Tottenham Hotspur,Hugo Lloris,True,Goalkeeper,,start,end,1.0,0.0,0.0,0.0,0.0,0.0,0.0,1.0,2.0,0.0,0.0,0.0,0.0,0.0,
ENG-Premier League,1718,2017-08-27 West Bromwich Albion-Stoke City,Stoke City,Jack Butland,False,Goalkeeper,,start,end,1.0,0.0,1.0,0.0,0.0,0.0,0.0,1.0,1.0,0.0,0.0,0.0,0.0,0.0,
ENG-Premier League,1718,2017-08-27 West Bromwich Albion-Stoke City,West Bromwich Albion,Ben Foster,True,Goalkeeper,,start,end,1.0,0.0,0.0,0.0,0.0,0.0,0.0,1.0,1.0,0.0,0.0,0.0,0.0,0.0,
ENG-Premier League,1718,2017-09-09 Arsenal-AFC Bournemouth,AFC Bournemouth,Asmir Begovic,False,Goalkeeper,,start,end,1.0,0.0,0.0,0.0,0.0,0.0,0.0,3.0,6.0,0.0,0.0,0.0,0.0,0.0,
ENG-Premier League,1718,2017-09-09 Arsenal-AFC Bournemouth,Arsenal,Petr Cech,True,Goalkeeper,,start,end,1.0,0.0,0.0,0.0,0.0,0.0,0.0,0.0,2.0,0.0,0.0,0.0,0.0,0.0,
ENG-Premier League,1718,2017-09-09 Brighton & Hove Albion-West Bromwich Albion,Brighton & Hove Albion,Mathew Ryan,True,Goalkeeper,,start,end,1.0,0.0,0.0,0.0,0.0,0.0,0.0,1.0,2.0,0.0,0.0,0.0,0.0,0.0,
ENG-Premier League,1718,2017-09-09 Brighton & Hove Albion-West Bromwich Albion,West Bromwich Albion,Ben Foster,False,Goalkeeper,,start,end,1.0,0.0,0.0,0.0,0.0,0.0,0.0,3.0,3.0,0.0,0.0,0.0,0.0,0.0,
ENG-Premier League,1718,2017-09-09 Everton-Tottenham Hotspur,Everton,Jordan Pickford,True,Goalkeeper,,start,end,1.0,0.0,0.0,0.0,0.0,0.0,0.0,3.0,3.0,0.0,0.0,0.0,0.0,0.0,
ENG-Premier League,1718,2017-09-09 Everton-Tottenham Hotspur,Tottenham Hotspur,Hugo Lloris,False,Goalkeeper,,start,end,1.0,0.0,0.0,0.0,0.0,0.0,0.0,0.0,1.0,0.0,0.0,0.0,0.0,0.0,
ENG-Premier League,1718,2017-09-09 Leicester City-Chelsea,Chelsea,Thibaut Courtois,False,Goalkeeper,,start,end,1.0,1.0,0.0,0.0,0.0,0.0,0.0,1.0,1.0,0.0,0.0,0.0,0.0,0.0,
ENG-Premier League,1718,2017-09-09 Leicester City-Chelsea,Leicester City,Kasper Schmeichel,True,Goalkeeper,,start,end,1.0,0.0,0.0,0.0,0.0,0.0,0.0,2.0,4.0,0.0,0.0,0.0,0.0,0.0,
ENG-Premier League,1718,2017-09-09 Manchester City-Liverpool,Liverpool,Simon Mignolet,False,Goalkeeper,,start,end,1.0,0.0,0.0,0.0,0.0,0.0,0.0,5.0,6.0,0.0,0.0,0.0,0.0,0.0,
ENG-Premier League,1718,2017-09-09 Manchester City-Liverpool,Manchester City,Ederson,True,Goalkeeper,,start,46,1.0,0.0,1.0,0.0,0.0,0.0,0.0,0.0,3.0,0.0,0.0,0.0,0.0,0.0,
ENG-Premier League,1718,2017-09-09 Southampton-Watford,Southampton,Fraser Forster,True,Goalkeeper,,start,end,1.0,0.0,0.0,0.0,0.0,0.0,0.0,2.0,1.0,0.0,0.0,0.0,0.0,0.0,
ENG-Premier League,1718,2017-09-09 Southampton-Watford,Watford,Heurelho Gomes,False,Goalkeeper,,start,end,1.0,0.0,0.0,0.0,0.0,0.0,0.0,0.0,1.0,0.0,0.0,0.0,0.0,0.0,
ENG-Premier League,1718,2017-09-09 Stoke City-Manchester United,Manchester United,David de Gea,False,Goalkeeper,,start,end,1.0,0.0,0.0,0.0,0.0,0.0,0.0,2.0,3.0,0.0,0.0,0.0,0.0,0.0,
ENG-Premier League,1718,2017-09-09 Stoke City-Manchester United,Stoke City,Jack Butland,True,Goalkeeper,,start,end,1.0,0.0,0.0,0.0,0.0,0.0,0.0,2.0,7.0,0.0,0.0,0.0,0.0,0.0,
ENG-Premier League,1718,2017-09-10 Burnley-Crystal Palace,Burnley,Tom Heaton,True,Goalkeeper,,start,36,1.0,0.0,0.0,0.0,0.0,0.0,0.0,0.0,0.0,0.0,0.0,0.0,0.0,0.0,
ENG-Premier League,1718,2017-09-10 Burnley-Crystal Palace,Crystal Palace,Wayne Hennessey,False,Goalkeeper,,start,end,1.0,0.0,0.0,0.0,0.0,0.0,0.0,1.0,1.0,0.0,0.0,0.0,0.0,0.0,
ENG-Premier League,1718,2017-09-10 Swansea City-Newcastle United,Newcastle United,Robert Elliot,False,Goalkeeper,,start,end,1.0,0.0,0.0,0.0,0.0,0.0,0.0,0.0,3.0,0.0,0.0,0.0,0.0,0.0,
ENG-Premier League,1718,2017-09-10 Swansea City-Newcastle United,Swansea City,Lukasz Fabianski,True,Goalkeeper,,start,end,1.0,0.0,0.0,0.0,0.0,0.0,0.0,1.0,7.0,0.0,0.0,0.0,0.0,0.0,
ENG-Premier League,1718,2017-09-11 West Ham United-Huddersfield Town,Huddersfield Town,Jonas Lössl,False,Goalkeeper,,start,end,1.0,0.0,0.0,0.0,0.0,0.0,0.0,2.0,2.0,0.0,0.0,0.0,0.0,0.0,
ENG-Premier League,1718,2017-09-11 West Ham United-Huddersfield Town,West Ham United,Joe Hart,True,Goalkeeper,,start,end,1.0,0.0,0.0,0.0,0.0,0.0,0.0,0.0,2.0,0.0,0.0,0.0,0.0,0.0,
ENG-Premier League,1718,2017-09-15 AFC Bournemouth-Brighton & Hove Albion,AFC Bournemouth,Asmir Begovic,True,Goalkeeper,,start,end,1.0,0.0,0.0,0.0,0.0,0.0,0.0,1.0,0.0,0.0,0.0,0.0,0.0,0.0,
ENG-Premier League,1718,2017-09-15 AFC Bournemouth-Brighton & Hove Albion,Brighton & Hove Albion,Mathew Ryan,False,Goalkeeper,,start,end,1.0,0.0,0.0,0.0,0.0,0.0,0.0,2.0,1.0,0.0,0.0,0.0,0.0,0.0,
ENG-Premier League,1718,2017-09-16 Crystal Palace-Southampton,Crystal Palace,Wayne Hennessey,True,Goalkeeper,,start,end,1.0,0.0,0.0,0.0,0.0,0.0,0.0,1.0,3.0,0.0,0.0,0.0,0.0,0.0,
ENG-Premier League,1718,2017-09-16 Crystal Palace-Southampton,Southampton,Fraser Forster,False,Goalkeeper,,start,end,1.0,0.0,0.0,0.0,0.0,0.0,0.0,0.0,3.0,0.0,0.0,0.0,0.0,0.0,
ENG-Premier League,1718,2017-09-16 Huddersfield Town-Leicester City,Huddersfield Town,Jonas Lössl,True,Goalkeeper,,start,end,1.0,0.0,0.0,0.0,0.0,0.0,0.0,1.0,0.0,0.0,0.0,0.0,0.0,0.0,
ENG-Premier League,1718,2017-09-16 Huddersfield Town-Leicester City,Leicester City,Kasper Schmeichel,False,Goalkeeper,,start,end,1.0,0.0,0.0,0.0,0.0,0.0,0.0,1.0,2.0,0.0,0.0,0.0,0.0,0.0,
ENG-Premier League,1718,2017-09-16 Liverpool-Burnley,Burnley,Nick Pope,False,Goalkeeper,,start,end,1.0,0.0,0.0,0.0,0.0,0.0,1.0,1.0,8.0,0.0,0.0,0.0,0.0,0.0,
ENG-Premier League,1718,2017-09-16 Liverpool-Burnley,Liverpool,Simon Mignolet,True,Goalkeeper,,start,end,1.0,0.0,0.0,0.0,0.0,0.0,0.0,1.0,2.0,0.0,0.0,0.0,0.0,0.0,
ENG-Premier League,1718,2017-09-16 Newcastle United-Stoke City,Newcastle United,Robert Elliot,True,Goalkeeper,,start,end,1.0,0.0,0.0,0.0,0.0,0.0,0.0,1.0,3.0,0.0,0.0,0.0,0.0,0.0,
ENG-Premier League,1718,2017-09-16 Newcastle United-Stoke City,Stoke City,Jack Butland,False,Goalkeeper,,start,end,1.0,0.0,0.0,0.0,0.0,0.0,0.0,2.0,1.0,0.0,0.0,0.0,0.0,0.0,
ENG-Premier League,1718,2017-09-16 Tottenham Hotspur-Swansea City,Swansea City,Lukasz Fabianski,False,Goalkeeper,,start,end,1.0,0.0,0.0,0.0,0.0,0.0,0.0,0.0,8.0,0.0,0.0,0.0,0.0,0.0,
ENG-Premier League,1718,2017-09-16 Tottenham Hotspur-Swansea City,Tottenham Hotspur,Hugo Lloris,True,Goalkeeper,,start,end,1.0,0.0,0.0,0.0,0.0,0.0,0.0,0.0,0.0,0.0,0.0,0.0,0.0,0.0,
ENG-Premier League,1718,2017-09-16 Watford-Manchester City,Manchester City,Ederson,False,Goalkeeper,,start,end,1.0,0.0,0.0,0.0,0.0,0.0,0.0,0.0,1.0,0.0,0.0,0.0,0.0,0.0,
ENG-Premier League,1718,2017-09-16 Watford-Manchester City,Watford,Heurelho Gomes,True,Goalkeeper,,start,end,1.0,0.0,0.0,0.0,0.0,0.0,0.0,6.0,4.0,0.0,0.0,0.0,0.0,0.0,
ENG-Premier League,1718,2017-09-16 West Bromwich Albion-West Ham United,West Bromwich Albion,Ben Foster,True,Goalkeeper,,start,end,1.0,1.0,0.0,0.0,0.0,0.0,1.0,0.0,1.0,0.0,0.0,0.0,0.0,0.0,
ENG-Premier League,1718,2017-09-16 West Bromwich Albion-West Ham United,West Ham United,Joe Hart,False,Goalkeeper,,start,end,1.0,0.0,0.0,0.0,0.0,0.0,0.0,0.0,1.0,0.0,0.0,0.0,0.0,0.0,
ENG-Premier League,1718,2017-09-17 Chelsea-Arsenal,Arsenal,Petr Cech,False,Goalkeeper,,start,end,1.0,0.0,0.0,0.0,0.0,0.0,0.0,0.0,4.0,0.0,0.0,0.0,0.0,0.0,
ENG-Premier League,1718,2017-09-17 Chelsea-Arsenal,Chelsea,Thibaut Courtois,True,Goalkeeper,,start,end,1.0,0.0,0.0,0.0,0.0,0.0,0.0,0.0,2.0,0.0,0.0,0.0,0.0,0.0,
ENG-Premier League,1718,2017-09-17 Manchester United-Everton,Everton,Jordan Pickford,False,Goalkeeper,,start,end,1.0,0.0,0.0,0.0,0.0,0.0,0.0,4.0,3.0,0.0,0.0,0.0,0.0,0.0,
ENG-Premier League,1718,2017-09-17 Manchester United-Everton,Manchester United,David de Gea,True,Goalkeeper,,start,end,1.0,0.0,1.0,0.0,0.0,0.0,0.0,0.0,3.0,0.0,0.0,0.0,0.0,0.0,
ENG-Premier League,1718,2017-09-23 Burnley-Huddersfield Town,Burnley,Nick Pope,True,Goalkeeper,,start,end,1.0,0.0,0.0,0.0,0.0,0.0,0.0,0.0,2.0,0.0,0.0,0.0,0.0,0.0,
ENG-Premier League,1718,2017-09-23 Burnley-Huddersfield Town,Huddersfield Town,Jonas Lössl,False,Goalkeeper,,start,end,1.0,0.0,0.0,0.0,0.0,0.0,0.0,0.0,3.0,0.0,0.0,0.0,0.0,0.0,
ENG-Premier League,1718,2017-09-23 Everton-AFC Bournemouth,AFC Bournemouth,Asmir Begovic,False,Goalkeeper,,start,end,1.0,0.0,0.0,0.0,0.0,0.0,0.0,2.0,0.0,0.0,0.0,0.0,0.0,0.0,
ENG-Premier League,1718,2017-09-23 Everton-AFC Bournemouth,Everton,Jordan Pickford,True,Goalkeeper,,start,end,1.0,0.0,1.0,0.0,0.0,0.0,0.0,1.0,3.0,0.0,0.0,0.0,0.0,0.0,
ENG-Premier League,1718,2017-09-23 Leicester City-Liverpool,Leicester City,Kasper Schmeichel,True,Goalkeeper,,start,end,1.0,0.0,0.0,0.0,0.0,0.0,0.0,3.0,3.0,0.0,0.0,0.0,0.0,0.0,
ENG-Premier League,1718,2017-09-23 Leicester City-Liverpool,Liverpool,Simon Mignolet,False,Goalkeeper,,start,end,1.0,1.0,0.0,0.0,0.0,0.0,1.0,2.0,5.0,0.0,0.0,0.0,0.0,0.0,
ENG-Premier League,1718,2017-09-23 Manchester City-Crystal Palace,Crystal Palace,Wayne Hennessey,False,Goalkeeper,,start,end,1.0,0.0,0.0,0.0,0.0,0.0,0.0,5.0,4.0,0.0,0.0,0.0,0.0,0.0,
ENG-Premier League,1718,2017-09-23 Manchester City-Crystal Palace,Manchester City,Ederson,True,Goalkeeper,,start,end,1.0,0.0,0.0,0.0,0.0,0.0,0.0,0.0,0.0,0.0,0.0,0.0,0.0,0.0,
ENG-Premier League,1718,2017-09-23 Southampton-Manchester United,Manchester United,David de Gea,False,Goalkeeper,,start,end,1.0,0.0,0.0,0.0,0.0,0.0,0.0,0.0,3.0,0.0,0.0,0.0,0.0,0.0,
ENG-Premier League,1718,2017-09-23 Southampton-Manchester United,Southampton,Fraser Forster,True,Goalkeeper,,start,end,1.0,0.0,0.0,0.0,0.0,0.0,0.0,1.0,3.0,0.0,0.0,0.0,0.0,0.0,
ENG-Premier League,1718,2017-09-23 Stoke City-Chelsea,Chelsea,Thibaut Courtois,False,Goalkeeper,,start,end,1.0,0.0,0.0,0.0,0.0,0.0,0.0,0.0,2.0,0.0,0.0,0.0,0.0,0.0,
ENG-Premier League,1718,2017-09-23 Stoke City-Chelsea,Stoke City,Jack Butland,True,Goalkeeper,,start,end,1.0,0.0,0.0,0.0,0.0,0.0,0.0,4.0,0.0,0.0,0.0,0.0,0.0,0.0,
ENG-Premier League,1718,2017-09-23 Swansea City-Watford,Swansea City,Lukasz Fabianski,True,Goalkeeper,,start,end,1.0,0.0,0.0,0.0,0.0,0.0,0.0,2.0,2.0,0.0,0.0,0.0,0.0,0.0,
ENG-Premier League,1718,2017-09-23 Swansea City-Watford,Watford,Heurelho Gomes,False,Goalkeeper,,start,end,1.0,0.0,0.0,0.0,0.0,0.0,0.0,1.0,2.0,0.0,0.0,0.0,0.0,0.0,
ENG-Premier League,1718,2017-09-23 West Ham United-Tottenham Hotspur,Tottenham Hotspur,Hugo Lloris,False,Goalkeeper,,start,end,1.0,0.0,0.0,0.0,0.0,0.0,0.0,2.0,2.0,0.0,0.0,0.0,0.0,0.0,
ENG-Premier League,1718,2017-09-23 West Ham United-Tottenham Hotspur,West Ham United,Joe Hart,True,Goalkeeper,,start,end,1.0,0.0,0.0,0.0,0.0,0.0,0.0,3.0,2.0,0.0,0.0,0.0,0.0,0.0,
ENG-Premier League,1718,2017-09-24 Brighton & Hove Albion-Newcastle United,Brighton & Hove Albion,Mathew Ryan,True,Goalkeeper,,start,end,1.0,0.0,0.0,0.0,0.0,0.0,0.0,0.0,5.0,0.0,0.0,0.0,0.0,0.0,
ENG-Premier League,1718,2017-09-24 Brighton & Hove Albion-Newcastle United,Newcastle United,Robert Elliot,False,Goalkeeper,,start,end,1.0,0.0,0.0,0.0,0.0,0.0,0.0,1.0,2.0,0.0,0.0,0.0,0.0,0.0,
ENG-Premier League,1718,2017-09-25 Arsenal-West Bromwich Albion,Arsenal,Petr Cech,True,Goalkeeper,,start,end,1.0,0.0,0.0,0.0,0.0,0.0,0.0,0.0,2.0,0.0,0.0,0.0,0.0,0.0,
ENG-Premier League,1718,2017-09-25 Arsenal-West Bromwich Albion,West Bromwich Albion,Ben Foster,False,Goalkeeper,,start,end,1.0,0.0,0.0,0.0,0.0,0.0,0.0,2.0,4.0,0.0,0.0,0.0,0.0,0.0,
ENG-Premier League,1718,2017-09-30 AFC Bournemouth-Leicester City,AFC Bournemouth,Asmir Begovic,True,Goalkeeper,,start,end,1.0,0.0,0.0,0.0,0.0,0.0,0.0,0.0,1.0,0.0,0.0,0.0,0.0,0.0,
ENG-Premier League,1718,2017-09-30 AFC Bournemouth-Leicester City,Leicester City,Kasper Schmeichel,False,Goalkeeper,,start,end,1.0,0.0,0.0,0.0,0.0,0.0,0.0,0.0,4.0,0.0,0.0,0.0,0.0,0.0,
ENG-Premier League,1718,2017-09-30 Chelsea-Manchester City,Chelsea,Thibaut Courtois,True,Goalkeeper,,start,end,1.0,0.0,0.0,0.0,0.0,0.0,0.0,1.0,4.0,0.0,0.0,0.0,0.0,0.0,
ENG-Premier League,1718,2017-09-30 Chelsea-Manchester City,Manchester City,Ederson,False,Goalkeeper,,start,end,1.0,0.0,0.0,0.0,0.0,0.0,0.0,0.0,2.0,0.0,0.0,0.0,0.0,0.0,
ENG-Premier League,1718,2017-09-30 Huddersfield Town-Tottenham Hotspur,Huddersfield Town,Jonas Lössl,True,Goalkeeper,,start,end,1.0,0.0,0.0,0.0,0.0,0.0,0.0,4.0,3.0,0.0,0.0,0.0,0.0,0.0,
ENG-Premier League,1718,2017-09-30 Huddersfield Town-Tottenham Hotspur,Tottenham Hotspur,Hugo Lloris,False,Goalkeeper,,start,end,1.0,0.0,0.0,0.0,0.0,0.0,0.0,0.0,1.0,0.0,0.0,0.0,0.0,0.0,
ENG-Premier League,1718,2017-09-30 Manchester United-Crystal Palace,Crystal Palace,Wayne Hennessey,False,Goalkeeper,,start,end,1.0,0.0,0.0,0.0,0.0,0.0,0.0,4.0,3.0,0.0,0.0,0.0,0.0,0.0,
ENG-Premier League,1718,2017-09-30 Manchester United-Crystal Palace,Manchester United,David de Gea,True,Goalkeeper,,start,end,1.0,0.0,0.0,0.0,0.0,0.0,0.0,0.0,1.0,0.0,0.0,0.0,0.0,0.0,
ENG-Premier League,1718,2017-09-30 Stoke City-Southampton,Southampton,Fraser Forster,False,Goalkeeper,,start,end,1.0,0.0,0.0,0.0,0.0,0.0,0.0,2.0,5.0,0.0,0.0,0.0,0.0,0.0,
ENG-Premier League,1718,2017-09-30 Stoke City-Southampton,Stoke City,Jack Butland,True,Goalkeeper,,start,end,1.0,0.0,0.0,0.0,0.0,0.0,0.0,1.0,2.0,0.0,0.0,0.0,0.0,0.0,
ENG-Premier League,1718,2017-09-30 West Bromwich Albion-Watford,Watford,Heurelho Gomes,False,Goalkeeper,,start,end,1.0,0.0,0.0,0.0,0.0,0.0,0.0,2.0,2.0,0.0,0.0,0.0,0.0,0.0,
ENG-Premier League,1718,2017-09-30 West Bromwich Albion-Watford,West Bromwich Albion,Ben Foster,True,Goalkeeper,,start,end,1.0,0.0,0.0,0.0,0.0,0.0,0.0,2.0,1.0,0.0,0.0,0.0,0.0,0.0,
ENG-Premier League,1718,2017-09-30 West Ham United-Swansea City,Swansea City,Lukasz Fabianski,False,Goalkeeper,,start,end,1.0,0.0,1.0,0.0,0.0,0.0,0.0,1.0,3.0,0.0,0.0,0.0,0.0,0.0,
ENG-Premier League,1718,2017-09-30 West Ham United-Swansea City,West Ham United,Joe Hart,True,Goalkeeper,,start,end,1.0,0.0,0.0,0.0,0.0,0.0,0.0,0.0,1.0,0.0,0.0,0.0,0.0,0.0,
ENG-Premier League,1718,2017-10-01 Arsenal-Brighton & Hove Albion,Arsenal,Petr Cech,True,Goalkeeper,,start,end,1.0,0.0,1.0,0.0,0.0,0.0,0.0,0.0,1.0,0.0,0.0,0.0,0.0,0.0,
ENG-Premier League,1718,2017-10-01 Arsenal-Brighton & Hove Albion,Brighton & Hove Albion,Mathew Ryan,False,Goalkeeper,,start,end,1.0,0.0,0.0,0.0,0.0,0.0,0.0,2.0,6.0,0.0,0.0,0.0,0.0,0.0,
ENG-Premier League,1718,2017-10-01 Everton-Burnley,Burnley,Nick Pope,False,Goalkeeper,,start,end,1.0,0.0,0.0,0.0,0.0,0.0,0.0,0.0,4.0,0.0,0.0,0.0,0.0,0.0,
ENG-Premier League,1718,2017-10-01 Everton-Burnley,Everton,Jordan Pickford,True,Goalkeeper,,start,end,1.0,0.0,1.0,0.0,0.0,0.0,0.0,1.0,1.0,0.0,0.0,0.0,0.0,0.0,
ENG-Premier League,1718,2017-10-01 Newcastle United-Liverpool,Liverpool,Simon Mignolet,False,Goalkeeper,,start,end,1.0,0.0,0.0,0.0,0.0,0.0,0.0,1.0,4.0,0.0,0.0,0.0,0.0,0.0,
ENG-Premier League,1718,2017-10-01 Newcastle United-Liverpool,Newcastle United,Robert Elliot,True,Goalkeeper,,start,end,1.0,0.0,1.0,0.0,0.0,0.0,0.0,1.0,1.0,0.0,0.0,0.0,0.0,0.0,
ENG-Premier League,1718,2017-10-14 Burnley-West Ham United,Burnley,Nick Pope,True,Goalkeeper,,start,end,1.0,0.0,0.0,0.0,0.0,0.0,0.0,1.0,5.0,0.0,0.0,0.0,0.0,0.0,
ENG-Premier League,1718,2017-10-14 Burnley-West Ham United,West Ham United,Joe Hart,False,Goalkeeper,,start,end,1.0,0.0,0.0,0.0,0.0,0.0,0.0,1.0,4.0,0.0,1.0,0.0,0.0,0.0,
ENG-Premier League,1718,2017-10-14 Crystal Palace-Chelsea,Chelsea,Thibaut Courtois,False,Goalkeeper,,start,end,1.0,0.0,0.0,0.0,0.0,0.0,0.0,2.0,4.0,0.0,0.0,0.0,0.0,0.0,
ENG-Premier League,1718,2017-10-14 Crystal Palace-Chelsea,Crystal Palace,Julian Speroni,True,Goalkeeper,,start,end,1.0,0.0,0.0,0.0,0.0,0.0,0.0,1.0,4.0,0.0,0.0,0.0,0.0,0.0,
ENG-Premier League,1718,2017-10-14 Liverpool-Manchester United,Liverpool,Simon Mignolet,True,Goalkeeper,,start,end,1.0,0.0,0.0,0.0,0.0,0.0,0.0,0.0,1.0,0.0,0.0,0.0,0.0,0.0,
ENG-Premier League,1718,2017-10-14 Liverpool-Manchester United,Manchester United,David de Gea,False,Goalkeeper,,start,end,1.0,0.0,0.0,0.0,0.0,0.0,0.0,0.0,5.0,0.0,0.0,0.0,0.0,0.0,
ENG-Premier League,1718,2017-10-14 Manchester City-Stoke City,Manchester City,Ederson,True,Goalkeeper,,start,end,1.0,0.0,0.0,0.0,0.0,0.0,0.0,2.0,0.0,0.0,0.0,0.0,0.0,0.0,
ENG-Premier League,1718,2017-10-14 Manchester City-Stoke City,Stoke City,Jack Butland,False,Goalkeeper,,start,end,1.0,0.0,0.0,0.0,0.0,0.0,0.0,7.0,4.0,0.0,0.0,0.0,0.0,0.0,
ENG-Premier League,1718,2017-10-14 Swansea City-Huddersfield Town,Huddersfield Town,Jonas Lössl,False,Goalkeeper,,start,end,1.0,0.0,1.0,0.0,0.0,0.0,0.0,2.0,1.0,0.0,0.0,0.0,0.0,0.0,
ENG-Premier League,1718,2017-10-14 Swansea City-Huddersfield Town,Swansea City,Lukasz Fabianski,True,Goalkeeper,,start,end,1.0,0.0,0.0,0.0,0.0,0.0,0.0,0.0,2.0,0.0,0.0,0.0,0.0,0.0,
ENG-Premier League,1718,2017-10-14 Tottenham Hotspur-AFC Bournemouth,AFC Bournemouth,Asmir Begovic,False,Goalkeeper,,start,end,1.0,1.0,0.0,0.0,0.0,0.0,1.0,1.0,5.0,0.0,0.0,0.0,0.0,0.0,
ENG-Premier League,1718,2017-10-14 Tottenham Hotspur-AFC Bournemouth,Tottenham Hotspur,Hugo Lloris,True,Goalkeeper,,start,end,1.0,0.0,0.0,0.0,0.0,0.0,0.0,0.0,2.0,0.0,0.0,0.0,0.0,0.0,
ENG-Premier League,1718,2017-10-14 Watford-Arsenal,Arsenal,Petr Cech,False,Goalkeeper,,start,end,1.0,0.0,0.0,0.0,0.0,0.0,0.0,2.0,0.0,0.0,0.0,0.0,0.0,0.0,
ENG-Premier League,1718,2017-10-14 Watford-Arsenal,Watford,Heurelho Gomes,True,Goalkeeper,,start,end,1.0,0.0,0.0,0.0,0.0,0.0,0.0,1.0,5.0,0.0,0.0,0.0,0.0,0.0,
ENG-Premier League,1718,2017-10-15 Brighton & Hove Albion-Everton,Brighton & Hove Albion,Mathew Ryan,True,Goalkeeper,,start,end,1.0,0.0,0.0,0.0,0.0,0.0,0.0,1.0,5.0,0.0,0.0,0.0,0.0,0.0,
ENG-Premier League,1718,2017-10-15 Brighton & Hove Albion-Everton,Everton,Jordan Pickford,False,Goalkeeper,,start,end,1.0,0.0,0.0,0.0,0.0,0.0,0.0,1.0,2.0,0.0,0.0,0.0,0.0,0.0,
ENG-Premier League,1718,2017-10-15 Southampton-Newcastle United,Newcastle United,Robert Elliot,False,Goalkeeper,,start,end,1.0,0.0,0.0,0.0,0.0,0.0,0.0,2.0,0.0,0.0,0.0,0.0,0.0,0.0,
ENG-Premier League,1718,2017-10-15 Southampton-Newcastle United,Southampton,Fraser Forster,True,Goalkeeper,,start,end,1.0,0.0,0.0,0.0,0.0,0.0,0.0,2.0,2.0,0.0,0.0,0.0,0.0,0.0,
ENG-Premier League,1718,2017-10-16 Leicester City-West Bromwich Albion,Leicester City,Kasper Schmeichel,True,Goalkeeper,,start,end,1.0,0.0,0.0,0.0,0.0,0.0,0.0,1.0,0.0,0.0,0.0,0.0,0.0,0.0,
ENG-Premier League,1718,2017-10-16 Leicester City-West Bromwich Albion,West Bromwich Albion,Boaz Myhill,False,Goalkeeper,,start,end,1.0,1.0,0.0,0.0,0.0,0.0,1.0,1.0,2.0,0.0,0.0,0.0,0.0,0.0,
ENG-Premier League,1718,2017-10-20 West Ham United-Brighton & Hove Albion,Brighton & Hove Albion,Mathew Ryan,False,Goalkeeper,,start,end,1.0,0.0,0.0,0.0,0.0,0.0,0.0,0.0,2.0,0.0,0.0,0.0,0.0,0.0,
ENG-Premier League,1718,2017-10-20 West Ham United-Brighton & Hove Albion,West Ham United,Joe Hart,True,Goalkeeper,,start,end,1.0,0.0,0.0,0.0,0.0,0.0,0.0,3.0,2.0,0.0,0.0,0.0,0.0,0.0,
ENG-Premier League,1718,2017-10-21 Chelsea-Watford,Chelsea,Thibaut Courtois,True,Goalkeeper,,start,end,1.0,0.0,0.0,0.0,0.0,0.0,0.0,2.0,3.0,0.0,0.0,0.0,0.0,0.0,
ENG-Premier League,1718,2017-10-21 Chelsea-Watford,Watford,Heurelho Gomes,False,Goalkeeper,,start,end,1.0,0.0,0.0,0.0,0.0,0.0,0.0,4.0,4.0,0.0,0.0,0.0,0.0,0.0,
ENG-Premier League,1718,2017-10-21 Huddersfield Town-Manchester United,Huddersfield Town,Jonas Lössl,True,Goalkeeper,,start,end,1.0,0.0,1.0,0.0,0.0,0.0,0.0,1.0,2.0,0.0,1.0,0.0,0.0,0.0,
ENG-Premier League,1718,2017-10-21 Huddersfield Town-Manchester United,Manchester United,David de Gea,False,Goalkeeper,,start,end,1.0,0.0,0.0,0.0,0.0,0.0,0.0,2.0,1.0,0.0,0.0,0.0,0.0,0.0,
ENG-Premier League,1718,2017-10-21 Manchester City-Burnley,Burnley,Nick Pope,False,Goalkeeper,,start,end,1.0,1.0,0.0,0.0,0.0,0.0,0.0,3.0,7.0,0.0,0.0,0.0,0.0,0.0,
ENG-Premier League,1718,2017-10-21 Manchester City-Burnley,Manchester City,Ederson,True,Goalkeeper,,start,end,1.0,0.0,1.0,0.0,0.0,0.0,0.0,0.0,0.0,0.0,0.0,0.0,0.0,0.0,
ENG-Premier League,1718,2017-10-21 Newcastle United-Crystal Palace,Crystal Palace,Julian Speroni,False,Goalkeeper,,start,end,1.0,0.0,0.0,0.0,0.0,0.0,0.0,1.0,2.0,0.0,0.0,0.0,0.0,0.0,
ENG-Premier League,1718,2017-10-21 Newcastle United-Crystal Palace,Newcastle United,Robert Elliot,True,Goalkeeper,,start,end,1.0,0.0,0.0,0.0,0.0,0.0,0.0,0.0,0.0,0.0,0.0,0.0,0.0,0.0,
ENG-Premier League,1718,2017-10-21 Southampton-West Bromwich Albion,Southampton,Fraser Forster,True,Goalkeeper,1,start,end,1.0,0.0,0.0,0.0,0.0,0.0,0.0,0.0,2.0,0.0,0.0,0.0,0.0,0.0,
ENG-Premier League,1718,2017-10-21 Southampton-West Bromwich Albion,West Bromwich Albion,Ben Foster,False,Goalkeeper,1,start,end,1.0,0.0,0.0,0.0,0.0,0.0,0.0,1.0,5.0,0.0,0.0,0.0,0.0,0.0,
ENG-Premier League,1718,2017-10-21 Stoke City-AFC Bournemouth,AFC Bournemouth,Asmir Begovic,False,Goalkeeper,,start,end,1.0,0.0,0.0,0.0,0.0,0.0,0.0,1.0,2.0,0.0,0.0,0.0,0.0,0.0,
ENG-Premier League,1718,2017-10-21 Stoke City-AFC Bournemouth,Stoke City,Jack Butland,True,Goalkeeper,,start,end,1.0,0.0,0.0,0.0,0.0,0.0,0.0,2.0,1.0,0.0,0.0,0.0,0.0,0.0,
ENG-Premier League,1718,2017-10-21 Swansea City-Leicester City,Leicester City,Kasper Schmeichel,False,Goalkeeper,,start,end,1.0,0.0,0.0,0.0,0.0,0.0,0.0,1.0,3.0,0.0,0.0,0.0,0.0,0.0,
ENG-Premier League,1718,2017-10-21 Swansea City-Leicester City,Swansea City,Lukasz Fabianski,True,Goalkeeper,,start,end,1.0,0.0,0.0,0.0,0.0,0.0,0.0,2.0,5.0,0.0,0.0,0.0,0.0,0.0,
ENG-Premier League,1718,2017-10-22 Everton-Arsenal,Arsenal,Petr Cech,False,Goalkeeper,,start,end,1.0,0.0,0.0,0.0,0.0,0.0,0.0,2.0,1.0,0.0,0.0,0.0,0.0,0.0,
ENG-Premier League,1718,2017-10-22 Everton-Arsenal,Everton,Jordan Pickford,True,Goalkeeper,,start,end,1.0,0.0,0.0,0.0,0.0,0.0,0.0,5.0,9.0,0.0,0.0,0.0,0.0,0.0,
ENG-Premier League,1718,2017-10-22 Tottenham Hotspur-Liverpool,Liverpool,Simon Mignolet,False,Goalkeeper,,start,end,1.0,0.0,0.0,0.0,0.0,0.0,0.0,4.0,1.0,0.0,0.0,0.0,0.0,0.0,
ENG-Premier League,1718,2017-10-22 Tottenham Hotspur-Liverpool,Tottenham Hotspur,Hugo Lloris,True,Goalkeeper,,start,end,1.0,0.0,0.0,0.0,0.0,0.0,0.0,1.0,6.0,0.0,0.0,0.0,0.0,0.0,
ENG-Premier League,1718,2017-10-28 AFC Bournemouth-Chelsea,AFC Bournemouth,Asmir Begovic,True,Goalkeeper,,start,end,1.0,0.0,0.0,0.0,0.0,0.0,0.0,1.0,4.0,0.0,0.0,0.0,0.0,0.0,
ENG-Premier League,1718,2017-10-28 AFC Bournemouth-Chelsea,Chelsea,Thibaut Courtois,False,Goalkeeper,,start,end,1.0,0.0,0.0,0.0,0.0,0.0,0.0,0.0,1.0,0.0,0.0,0.0,0.0,0.0,
ENG-Premier League,1718,2017-10-28 Arsenal-Swansea City,Arsenal,Petr Cech,True,Goalkeeper,,start,end,1.0,0.0,0.0,0.0,0.0,0.0,0.0,1.0,1.0,0.0,0.0,0.0,0.0,0.0,
ENG-Premier League,1718,2017-10-28 Arsenal-Swansea City,Swansea City,Lukasz Fabianski,False,Goalkeeper,,start,end,1.0,0.0,0.0,0.0,0.0,0.0,0.0,2.0,3.0,0.0,0.0,0.0,0.0,0.0,
ENG-Premier League,1718,2017-10-28 Crystal Palace-West Ham United,Crystal Palace,Julian Speroni,True,Goalkeeper,,start,end,1.0,0.0,0.0,0.0,0.0,0.0,0.0,2.0,0.0,0.0,0.0,0.0,0.0,0.0,
ENG-Premier League,1718,2017-10-28 Crystal Palace-West Ham United,West Ham United,Joe Hart,False,Goalkeeper,,start,end,1.0,0.0,0.0,0.0,0.0,0.0,0.0,2.0,7.0,0.0,0.0,0.0,0.0,0.0,
ENG-Premier League,1718,2017-10-28 Liverpool-Huddersfield Town,Huddersfield Town,Jonas Lössl,False,Goalkeeper,,start,end,1.0,0.0,0.0,0.0,0.0,0.0,0.0,3.0,5.0,0.0,0.0,0.0,0.0,0.0,
ENG-Premier League,1718,2017-10-28 Liverpool-Huddersfield Town,Liverpool,Simon Mignolet,True,Goalkeeper,,start,end,1.0,0.0,0.0,0.0,0.0,0.0,0.0,0.0,0.0,0.0,0.0,0.0,0.0,0.0,
ENG-Premier League,1718,2017-10-28 Manchester United-Tottenham Hotspur,Manchester United,David de Gea,True,Goalkeeper,,start,end,1.0,0.0,0.0,0.0,0.0,0.0,0.0,0.0,4.0,0.0,0.0,0.0,0.0,0.0,
ENG-Premier League,1718,2017-10-28 Manchester United-Tottenham Hotspur,Tottenham Hotspur,Hugo Lloris,False,Goalkeeper,,start,end,1.0,0.0,0.0,0.0,0.0,0.0,0.0,1.0,2.0,0.0,0.0,0.0,0.0,0.0,
ENG-Premier League,1718,2017-10-28 Watford-Stoke City,Stoke City,Jack Butland,False,Goalkeeper,,start,end,1.0,0.0,0.0,0.0,0.0,0.0,0.0,0.0,0.0,0.0,0.0,0.0,0.0,0.0,
ENG-Premier League,1718,2017-10-28 Watford-Stoke City,Watford,Heurelho Gomes,True,Goalkeeper,,start,end,1.0,0.0,0.0,0.0,0.0,0.0,0.0,1.0,1.0,0.0,0.0,0.0,0.0,0.0,
ENG-Premier League,1718,2017-10-28 West Bromwich Albion-Manchester City,Manchester City,Ederson,False,Goalkeeper,,start,end,1.0,0.0,0.0,0.0,0.0,0.0,0.0,2.0,2.0,0.0,0.0,0.0,0.0,0.0,
ENG-Premier League,1718,2017-10-28 West Bromwich Albion-Manchester City,West Bromwich Albion,Ben Foster,True,Goalkeeper,,start,end,1.0,0.0,0.0,0.0,0.0,0.0,0.0,3.0,2.0,0.0,0.0,0.0,0.0,0.0,
ENG-Premier League,1718,2017-10-29 Brighton & Hove Albion-Southampton,Brighton & Hove Albion,Mathew Ryan,True,Goalkeeper,,start,end,1.0,0.0,0.0,0.0,0.0,0.0,0.0,1.0,0.0,0.0,0.0,0.0,0.0,0.0,
ENG-Premier League,1718,2017-10-29 Brighton & Hove Albion-Southampton,Southampton,Fraser Forster,False,Goalkeeper,,start,end,1.0,0.0,0.0,0.0,0.0,0.0,0.0,1.0,1.0,0.0,0.0,0.0,0.0,0.0,
ENG-Premier League,1718,2017-10-29 Leicester City-Everton,Everton,Jordan Pickford,False,Goalkeeper,,start,end,1.0,0.0,0.0,0.0,0.0,0.0,0.0,2.0,1.0,0.0,0.0,0.0,0.0,0.0,
ENG-Premier League,1718,2017-10-29 Leicester City-Everton,Leicester City,Kasper Schmeichel,True,Goalkeeper,,start,end,1.0,0.0,0.0,0.0,0.0,0.0,0.0,0.0,2.0,0.0,0.0,0.0,0.0,0.0,
ENG-Premier League,1718,2017-10-30 Burnley-Newcastle United,Burnley,Nick Pope,True,Goalkeeper,,start,end,1.0,0.0,0.0,0.0,0.0,0.0,0.0,0.0,5.0,0.0,0.0,0.0,0.0,0.0,
ENG-Premier League,1718,2017-10-30 Burnley-Newcastle United,Newcastle United,Robert Elliot,False,Goalkeeper,,start,end,1.0,0.0,0.0,0.0,0.0,0.0,0.0,1.0,4.0,0.0,0.0,0.0,0.0,0.0,
ENG-Premier League,1718,2017-11-04 Huddersfield Town-West Bromwich Albion,Huddersfield Town,Jonas Lössl,True,Goalkeeper,,start,end,1.0,0.0,1.0,0.0,0.0,0.0,0.0,0.0,3.0,0.0,0.0,0.0,0.0,0.0,
ENG-Premier League,1718,2017-11-04 Huddersfield Town-West Bromwich Albion,West Bromwich Albion,Ben Foster,False,Goalkeeper,,start,end,1.0,0.0,0.0,0.0,0.0,0.0,0.0,1.0,2.0,0.0,0.0,0.0,0.0,0.0,
ENG-Premier League,1718,2017-11-04 Newcastle United-AFC Bournemouth,AFC Bournemouth,Asmir Begovic,False,Goalkeeper,,start,end,1.0,0.0,1.0,0.0,0.0,0.0,0.0,0.0,4.0,0.0,0.0,0.0,0.0,0.0,
ENG-Premier League,1718,2017-11-04 Newcastle United-AFC Bournemouth,Newcastle United,Robert Elliot,True,Goalkeeper,,start,end,1.0,0.0,0.0,0.0,0.0,0.0,0.0,1.0,4.0,0.0,0.0,0.0,0.0,0.0,
ENG-Premier League,1718,2017-11-04 Southampton-Burnley,Burnley,Nick Pope,False,Goalkeeper,,start,end,1.0,0.0,0.0,0.0,0.0,0.0,0.0,0.0,3.0,0.0,0.0,0.0,0.0,0.0,
ENG-Premier League,1718,2017-11-04 Southampton-Burnley,Southampton,Fraser Forster,True,Goalkeeper,,start,end,1.0,0.0,0.0,0.0,0.0,0.0,0.0,1.0,0.0,0.0,0.0,0.0,0.0,0.0,
ENG-Premier League,1718,2017-11-04 Stoke City-Leicester City,Leicester City,Kasper Schmeichel,False,Goalkeeper,,start,end,1.0,0.0,0.0,0.0,0.0,0.0,0.0,2.0,5.0,0.0,0.0,0.0,0.0,0.0,
ENG-Premier League,1718,2017-11-04 Stoke City-Leicester City,Stoke City,Jack Butland,True,Goalkeeper,,start,end,1.0,0.0,0.0,0.0,0.0,0.0,0.0,2.0,2.0,0.0,0.0,0.0,0.0,0.0,
ENG-Premier League,1718,2017-11-04 Swansea City-Brighton & Hove Albion,Brighton & Hove Albion,Mathew Ryan,False,Goalkeeper,,start,end,1.0,0.0,0.0,0.0,0.0,0.0,0.0,0.0,2.0,0.0,0.0,0.0,0.0,0.0,
ENG-Premier League,1718,2017-11-04 Swansea City-Brighton & Hove Albion,Swansea City,Lukasz Fabianski,True,Goalkeeper,,start,end,1.0,1.0,0.0,0.0,0.0,0.0,0.0,1.0,1.0,0.0,0.0,0.0,0.0,0.0,
ENG-Premier League,1718,2017-11-04 West Ham United-Liverpool,Liverpool,Simon Mignolet,False,Goalkeeper,,start,end,1.0,0.0,0.0,0.0,0.0,0.0,0.0,1.0,0.0,0.0,0.0,0.0,0.0,0.0,
ENG-Premier League,1718,2017-11-04 West Ham United-Liverpool,West Ham United,Joe Hart,True,Goalkeeper,,start,end,1.0,0.0,0.0,0.0,0.0,0.0,0.0,4.0,4.0,0.0,0.0,0.0,0.0,0.0,
ENG-Premier League,1718,2017-11-05 Chelsea-Manchester United,Chelsea,Thibaut Courtois,True,Goalkeeper,,start,end,1.0,0.0,1.0,0.0,0.0,0.0,0.0,0.0,2.0,0.0,0.0,0.0,0.0,0.0,
ENG-Premier League,1718,2017-11-05 Chelsea-Manchester United,Manchester United,David de Gea,False,Goalkeeper,,start,end,1.0,0.0,0.0,0.0,0.0,0.0,0.0,1.0,7.0,0.0,0.0,0.0,0.0,0.0,
ENG-Premier League,1718,2017-11-05 Everton-Watford,Everton,Jordan Pickford,True,Goalkeeper,,start,end,1.0,1.0,0.0,0.0,0.0,0.0,0.0,2.0,1.0,0.0,0.0,0.0,0.0,0.0,
ENG-Premier League,1718,2017-11-05 Everton-Watford,Watford,Heurelho Gomes,False,Goalkeeper,,start,59,1.0,0.0,0.0,0.0,0.0,0.0,0.0,0.0,2.0,0.0,0.0,0.0,0.0,0.0,
ENG-Premier League,1718,2017-11-05 Manchester City-Arsenal,Arsenal,Petr Cech,False,Goalkeeper,,start,end,1.0,0.0,0.0,0.0,0.0,0.0,0.0,3.0,3.0,0.0,0.0,0.0,0.0,0.0,
ENG-Premier League,1718,2017-11-05 Manchester City-Arsenal,Manchester City,Ederson,True,Goalkeeper,,start,end,1.0,0.0,1.0,0.0,0.0,0.0,0.0,1.0,2.0,0.0,0.0,0.0,0.0,0.0,
ENG-Premier League,1718,2017-11-05 Tottenham Hotspur-Crystal Palace,Crystal Palace,Julian Speroni,False,Goalkeeper,,start,end,1.0,0.0,0.0,0.0,0.0,0.0,0.0,1.0,1.0,0.0,0.0,0.0,0.0,0.0,
ENG-Premier League,1718,2017-11-05 Tottenham Hotspur-Crystal Palace,Tottenham Hotspur,Paulo Gazzaniga,True,Goalkeeper,,start,end,1.0,0.0,0.0,0.0,0.0,0.0,0.0,0.0,3.0,0.0,0.0,0.0,0.0,0.0,
ENG-Premier League,1718,2017-11-18 AFC Bournemouth-Huddersfield Town,AFC Bournemouth,Asmir Begovic,True,Goalkeeper,,start,end,1.0,0.0,0.0,0.0,0.0,0.0,0.0,0.0,3.0,0.0,0.0,0.0,0.0,0.0,
ENG-Premier League,1718,2017-11-18 AFC Bournemouth-Huddersfield Town,Huddersfield Town,Jonas Lössl,False,Goalkeeper,,start,end,1.0,0.0,0.0,0.0,0.0,0.0,0.0,4.0,1.0,0.0,0.0,0.0,0.0,0.0,
ENG-Premier League,1718,2017-11-18 Arsenal-Tottenham Hotspur,Arsenal,Petr Cech,True,Goalkeeper,,start,end,1.0,0.0,1.0,0.0,0.0,0.0,0.0,0.0,4.0,0.0,0.0,0.0,0.0,0.0,
ENG-Premier League,1718,2017-11-18 Arsenal-Tottenham Hotspur,Tottenham Hotspur,Hugo Lloris,False,Goalkeeper,,start,end,1.0,0.0,0.0,0.0,0.0,0.0,0.0,2.0,3.0,0.0,0.0,0.0,0.0,0.0,
ENG-Premier League,1718,2017-11-18 Burnley-Swansea City,Burnley,Nick Pope,True,Goalkeeper,,start,end,1.0,0.0,0.0,0.0,0.0,0.0,0.0,0.0,1.0,0.0,0.0,0.0,0.0,0.0,
ENG-Premier League,1718,2017-11-18 Burnley-Swansea City,Swansea City,Lukasz Fabianski,False,Goalkeeper,,start,end,1.0,0.0,0.0,0.0,0.0,0.0,0.0,2.0,6.0,0.0,0.0,0.0,0.0,0.0,
ENG-Premier League,1718,2017-11-18 Crystal Palace-Everton,Crystal Palace,Julian Speroni,True,Goalkeeper,,start,end,1.0,0.0,0.0,0.0,0.0,0.0,0.0,2.0,3.0,0.0,0.0,0.0,0.0,0.0,
ENG-Premier League,1718,2017-11-18 Crystal Palace-Everton,Everton,Jordan Pickford,False,Goalkeeper,,start,end,1.0,0.0,0.0,0.0,0.0,0.0,0.0,2.0,5.0,0.0,0.0,0.0,0.0,0.0,
ENG-Premier League,1718,2017-11-18 Leicester City-Manchester City,Leicester City,Kasper Schmeichel,True,Goalkeeper,,start,end,1.0,0.0,0.0,0.0,0.0,0.0,0.0,2.0,2.0,0.0,0.0,0.0,0.0,0.0,
ENG-Premier League,1718,2017-11-18 Leicester City-Manchester City,Manchester City,Ederson,False,Goalkeeper,,start,end,1.0,0.0,0.0,0.0,0.0,0.0,0.0,0.0,1.0,0.0,0.0,0.0,0.0,0.0,
ENG-Premier League,1718,2017-11-18 Liverpool-Southampton,Liverpool,Simon Mignolet,True,Goalkeeper,,start,end,1.0,0.0,0.0,0.0,0.0,0.0,0.0,0.0,0.0,0.0,0.0,0.0,0.0,0.0,
ENG-Premier League,1718,2017-11-18 Liverpool-Southampton,Southampton,Fraser Forster,False,Goalkeeper,,start,end,1.0,0.0,0.0,0.0,0.0,0.0,0.0,3.0,5.0,0.0,0.0,0.0,0.0,0.0,
ENG-Premier League,1718,2017-11-18 Manchester United-Newcastle United,Manchester United,David de Gea,True,Goalkeeper,,start,end,1.0,0.0,0.0,0.0,0.0,0.0,0.0,1.0,4.0,0.0,0.0,0.0,0.0,0.0,
ENG-Premier League,1718,2017-11-18 Manchester United-Newcastle United,Newcastle United,Robert Elliot,False,Goalkeeper,,start,end,1.0,0.0,0.0,0.0,0.0,0.0,0.0,4.0,3.0,0.0,0.0,0.0,0.0,0.0,
ENG-Premier League,1718,2017-11-18 West Bromwich Albion-Chelsea,Chelsea,Thibaut Courtois,False,Goalkeeper,,start,end,1.0,0.0,0.0,0.0,0.0,0.0,0.0,0.0,2.0,0.0,0.0,0.0,0.0,0.0,
ENG-Premier League,1718,2017-11-18 West Bromwich Albion-Chelsea,West Bromwich Albion,Ben Foster,True,Goalkeeper,,start,end,1.0,0.0,0.0,0.0,0.0,0.0,0.0,4.0,3.0,0.0,0.0,0.0,0.0,0.0,
ENG-Premier League,1718,2017-11-19 Watford-West Ham United,Watford,Heurelho Gomes,True,Goalkeeper,,start,end,1.0,0.0,0.0,0.0,0.0,0.0,0.0,0.0,5.0,0.0,0.0,0.0,0.0,0.0,
ENG-Premier League,1718,2017-11-19 Watford-West Ham United,West Ham United,Joe Hart,False,Goalkeeper,,start,end,1.0,0.0,0.0,0.0,0.0,0.0,0.0,2.0,5.0,0.0,0.0,0.0,0.0,0.0,
ENG-Premier League,1718,2017-11-20 Brighton & Hove Albion-Stoke City,Brighton & Hove Albion,Mathew Ryan,True,Goalkeeper,,start,end,1.0,0.0,0.0,0.0,0.0,0.0,0.0,2.0,4.0,0.0,0.0,0.0,0.0,0.0,
ENG-Premier League,1718,2017-11-20 Brighton & Hove Albion-Stoke City,Stoke City,Lee Grant,False,Goalkeeper,,start,end,1.0,0.0,0.0,0.0,0.0,0.0,0.0,2.0,1.0,0.0,0.0,0.0,0.0,0.0,
ENG-Premier League,1718,2017-11-24 West Ham United-Leicester City,Leicester City,Kasper Schmeichel,False,Goalkeeper,,start,end,1.0,0.0,0.0,0.0,0.0,0.0,0.0,1.0,3.0,0.0,0.0,0.0,0.0,0.0,
ENG-Premier League,1718,2017-11-24 West Ham United-Leicester City,West Ham United,Joe Hart,True,Goalkeeper,,start,end,1.0,0.0,0.0,0.0,0.0,0.0,0.0,1.0,1.0,0.0,0.0,0.0,0.0,0.0,
ENG-Premier League,1718,2017-11-25 Crystal Palace-Stoke City,Crystal Palace,Wayne Hennessey,True,Goalkeeper,,start,end,1.0,0.0,0.0,0.0,0.0,0.0,0.0,1.0,2.0,0.0,0.0,0.0,0.0,0.0,
ENG-Premier League,1718,2017-11-25 Crystal Palace-Stoke City,Stoke City,Lee Grant,False,Goalkeeper,,start,end,1.0,0.0,0.0,0.0,0.0,0.0,0.0,2.0,3.0,0.0,0.0,0.0,0.0,0.0,
ENG-Premier League,1718,2017-11-25 Liverpool-Chelsea,Chelsea,Thibaut Courtois,False,Goalkeeper,,start,end,1.0,0.0,0.0,0.0,0.0,0.0,0.0,1.0,3.0,0.0,0.0,0.0,0.0,0.0,
ENG-Premier League,1718,2017-11-25 Liverpool-Chelsea,Liverpool,Simon Mignolet,True,Goalkeeper,,start,end,1.0,0.0,0.0,0.0,0.0,0.0,0.0,1.0,2.0,0.0,0.0,0.0,0.0,0.0,
ENG-Premier League,1718,2017-11-25 Manchester United-Brighton & Hove Albion,Brighton & Hove Albion,Mathew Ryan,False,Goalkeeper,,start,end,1.0,0.0,0.0,0.0,0.0,0.0,0.0,1.0,4.0,0.0,0.0,0.0,0.0,0.0,
ENG-Premier League,1718,2017-11-25 Manchester United-Brighton & Hove Albion,Manchester United,David de Gea,True,Goalkeeper,,start,end,1.0,0.0,0.0,0.0,0.0,0.0,0.0,0.0,2.0,0.0,0.0,0.0,0.0,0.0,
ENG-Premier League,1718,2017-11-25 Newcastle United-Watford,Newcastle United,Robert Elliot,True,Goalkeeper,,start,end,1.0,0.0,0.0,0.0,0.0,0.0,0.0,3.0,2.0,0.0,0.0,0.0,0.0,0.0,
ENG-Premier League,1718,2017-11-25 Newcastle United-Watford,Watford,Heurelho Gomes,False,Goalkeeper,,start,end,1.0,0.0,0.0,0.0,0.0,0.0,0.0,0.0,2.0,0.0,0.0,0.0,0.0,0.0,
ENG-Premier League,1718,2017-11-25 Swansea City-AFC Bournemouth,AFC Bournemouth,Asmir Begovic,False,Goalkeeper,,start,end,1.0,0.0,1.0,0.0,0.0,0.0,0.0,0.0,1.0,0.0,0.0,0.0,0.0,0.0,
ENG-Premier League,1718,2017-11-25 Swansea City-AFC Bournemouth,Swansea City,Lukasz Fabianski,True,Goalkeeper,,start,end,1.0,0.0,0.0,0.0,0.0,0.0,0.0,0.0,5.0,0.0,0.0,0.0,0.0,0.0,
ENG-Premier League,1718,2017-11-25 Tottenham Hotspur-West Bromwich Albion,Tottenham Hotspur,Hugo Lloris,True,Goalkeeper,,start,end,1.0,0.0,0.0,0.0,0.0,0.0,0.0,1.0,1.0,0.0,0.0,0.0,0.0,0.0,
ENG-Premier League,1718,2017-11-25 Tottenham Hotspur-West Bromwich Albion,West Bromwich Albion,Ben Foster,False,Goalkeeper,,start,end,1.0,0.0,0.0,0.0,0.0,0.0,1.0,1.0,4.0,0.0,0.0,0.0,0.0,0.0,
ENG-Premier League,1718,2017-11-26 Burnley-Arsenal,Arsenal,Petr Cech,False,Goalkeeper,,start,end,1.0,0.0,0.0,0.0,0.0,0.0,0.0,0.0,2.0,0.0,0.0,0.0,0.0,0.0,
ENG-Premier League,1718,2017-11-26 Burnley-Arsenal,Burnley,Nick Pope,True,Goalkeeper,,start,end,1.0,0.0,0.0,0.0,0.0,0.0,0.0,1.0,1.0,0.0,0.0,0.0,0.0,0.0,
ENG-Premier League,1718,2017-11-26 Huddersfield Town-Manchester City,Huddersfield Town,Jonas Lössl,True,Goalkeeper,,start,end,1.0,0.0,0.0,0.0,0.0,0.0,0.0,2.0,3.0,0.0,0.0,0.0,0.0,0.0,
ENG-Premier League,1718,2017-11-26 Huddersfield Town-Manchester City,Manchester City,Ederson,False,Goalkeeper,,start,end,1.0,0.0,0.0,0.0,0.0,0.0,0.0,1.0,0.0,0.0,0.0,0.0,0.0,0.0,
ENG-Premier League,1718,2017-11-26 Southampton-Everton,Everton,Jordan Pickford,False,Goalkeeper,,start,end,1.0,0.0,0.0,0.0,0.0,0.0,0.0,4.0,1.0,0.0,0.0,0.0,0.0,0.0,
ENG-Premier League,1718,2017-11-26 Southampton-Everton,Southampton,Fraser Forster,True,Goalkeeper,,start,end,1.0,0.0,0.0,0.0,0.0,0.0,0.0,1.0,1.0,0.0,0.0,0.0,0.0,0.0,
ENG-Premier League,1718,2017-11-28 Brighton & Hove Albion-Crystal Palace,Brighton & Hove Albion,Mathew Ryan,True,Goalkeeper,,start,end,1.0,0.0,0.0,0.0,0.0,0.0,0.0,0.0,4.0,0.0,0.0,0.0,0.0,0.0,
ENG-Premier League,1718,2017-11-28 Brighton & Hove Albion-Crystal Palace,Crystal Palace,Wayne Hennessey,False,Goalkeeper,,start,end,1.0,0.0,0.0,0.0,0.0,0.0,0.0,0.0,3.0,0.0,0.0,0.0,0.0,0.0,
ENG-Premier League,1718,2017-11-28 Leicester City-Tottenham Hotspur,Leicester City,Kasper Schmeichel,True,Goalkeeper,,start,end,1.0,0.0,1.0,0.0,0.0,0.0,1.0,1.0,4.0,0.0,0.0,0.0,0.0,0.0,
ENG-Premier League,1718,2017-11-28 Leicester City-Tottenham Hotspur,Tottenham Hotspur,Hugo Lloris,False,Goalkeeper,,start,end,1.0,0.0,0.0,0.0,0.0,0.0,0.0,2.0,1.0,0.0,0.0,0.0,0.0,0.0,
ENG-Premier League,1718,2017-11-28 Watford-Manchester United,Manchester United,David de Gea,False,Goalkeeper,,start,end,1.0,0.0,0.0,0.0,0.0,0.0,0.0,2.0,1.0,0.0,0.0,0.0,0.0,0.0,
ENG-Premier League,1718,2017-11-28 Watford-Manchester United,Watford,Heurelho Gomes,True,Goalkeeper,,start,end,1.0,0.0,0.0,0.0,0.0,0.0,0.0,4.0,2.0,0.0,0.0,0.0,0.0,0.0,
ENG-Premier League,1718,2017-11-28 West Bromwich Albion-Newcastle United,Newcastle United,Karl Darlow,False,Goalkeeper,,start,end,1.0,0.0,0.0,0.0,0.0,0.0,0.0,2.0,2.0,0.0,0.0,0.0,0.0,0.0,
ENG-Premier League,1718,2017-11-28 West Bromwich Albion-Newcastle United,West Bromwich Albion,Ben Foster,True,Goalkeeper,,start,end,1.0,0.0,0.0,0.0,0.0,0.0,0.0,2.0,3.0,0.0,0.0,0.0,0.0,0.0,
ENG-Premier League,1718,2017-11-29 AFC Bournemouth-Burnley,AFC Bournemouth,Asmir Begovic,True,Goalkeeper,,start,end,1.0,0.0,1.0,0.0,0.0,0.0,0.0,2.0,2.0,0.0,0.0,0.0,0.0,0.0,
ENG-Premier League,1718,2017-11-29 AFC Bournemouth-Burnley,Burnley,Nick Pope,False,Goalkeeper,,start,end,1.0,0.0,1.0,0.0,0.0,0.0,0.0,1.0,1.0,0.0,0.0,0.0,0.0,0.0,
ENG-Premier League,1718,2017-11-29 Arsenal-Huddersfield Town,Arsenal,Petr Cech,True,Goalkeeper,,start,end,1.0,0.0,0.0,0.0,0.0,0.0,0.0,0.0,2.0,0.0,0.0,0.0,0.0,0.0,
ENG-Premier League,1718,2017-11-29 Arsenal-Huddersfield Town,Huddersfield Town,Jonas Lössl,False,Goalkeeper,,start,end,1.0,0.0,0.0,0.0,0.0,0.0,0.0,5.0,1.0,0.0,0.0,0.0,0.0,0.0,
ENG-Premier League,1718,2017-11-29 Chelsea-Swansea City,Chelsea,Thibaut Courtois,True,Goalkeeper,,start,end,1.0,0.0,0.0,0.0,0.0,0.0,0.0,0.0,0.0,0.0,0.0,0.0,0.0,0.0,
ENG-Premier League,1718,2017-11-29 Chelsea-Swansea City,Swansea City,Lukasz Fabianski,False,Goalkeeper,,start,end,1.0,0.0,0.0,0.0,0.0,0.0,0.0,1.0,9.0,0.0,0.0,0.0,0.0,0.0,
ENG-Premier League,1718,2017-11-29 Everton-West Ham United,Everton,Jordan Pickford,True,Goalkeeper,,start,end,1.0,0.0,0.0,0.0,0.0,0.0,0.0,0.0,3.0,0.0,0.0,0.0,0.0,0.0,
ENG-Premier League,1718,2017-11-29 Everton-West Ham United,West Ham United,Joe Hart,False,Goalkeeper,,start,end,1.0,1.0,0.0,0.0,0.0,0.0,0.0,4.0,1.0,0.0,0.0,0.0,0.0,0.0,
ENG-Premier League,1718,2017-11-29 Manchester City-Southampton,Manchester City,Ederson,True,Goalkeeper,,start,end,1.0,0.0,0.0,0.0,0.0,0.0,0.0,1.0,1.0,0.0,0.0,0.0,0.0,0.0,
ENG-Premier League,1718,2017-11-29 Manchester City-Southampton,Southampton,Fraser Forster,False,Goalkeeper,,start,end,1.0,0.0,1.0,0.0,0.0,0.0,0.0,2.0,10.0,0.0,0.0,0.0,0.0,0.0,
ENG-Premier League,1718,2017-11-29 Stoke City-Liverpool,Liverpool,Simon Mignolet,False,Goalkeeper,,start,end,1.0,1.0,0.0,0.0,0.0,0.0,1.0,0.0,1.0,0.0,0.0,0.0,0.0,0.0,
ENG-Premier League,1718,2017-11-29 Stoke City-Liverpool,Stoke City,Lee Grant,True,Goalkeeper,,start,end,1.0,0.0,0.0,0.0,0.0,0.0,0.0,3.0,4.0,0.0,0.0,0.0,0.0,0.0,
ENG-Premier League,1718,2017-12-02 Arsenal-Manchester United,Arsenal,Petr Cech,True,Goalkeeper,,start,end,1.0,0.0,0.0,0.0,0.0,0.0,0.0,3.0,2.0,0.0,0.0,0.0,0.0,0.0,
ENG-Premier League,1718,2017-12-02 Arsenal-Manchester United,Manchester United,David de Gea,False,Goalkeeper,,start,end,1.0,0.0,0.0,0.0,0.0,0.0,0.0,1.0,14.0,0.0,0.0,0.0,0.0,0.0,
ENG-Premier League,1718,2017-12-02 Brighton & Hove Albion-Liverpool,Brighton & Hove Albion,Mathew Ryan,True,Goalkeeper,,start,end,1.0,0.0,0.0,0.0,0.0,0.0,0.0,5.0,2.0,0.0,0.0,0.0,0.0,0.0,
ENG-Premier League,1718,2017-12-02 Brighton & Hove Albion-Liverpool,Liverpool,Simon Mignolet,False,Goalkeeper,,start,end,1.0,0.0,0.0,0.0,0.0,0.0,0.0,1.0,1.0,0.0,0.0,0.0,0.0,0.0,
ENG-Premier League,1718,2017-12-02 Chelsea-Newcastle United,Chelsea,Thibaut Courtois,True,Goalkeeper,,start,end,1.0,0.0,0.0,0.0,0.0,0.0,0.0,1.0,1.0,0.0,0.0,0.0,0.0,0.0,
ENG-Premier League,1718,2017-12-02 Chelsea-Newcastle United,Newcastle United,Karl Darlow,False,Goalkeeper,,start,end,1.0,0.0,0.0,0.0,0.0,0.0,0.0,3.0,6.0,0.0,0.0,0.0,0.0,0.0,
ENG-Premier League,1718,2017-12-02 Everton-Huddersfield Town,Everton,Jordan Pickford,True,Goalkeeper,,start,end,1.0,0.0,0.0,0.0,0.0,0.0,0.0,0.0,3.0,0.0,0.0,0.0,0.0,0.0,
ENG-Premier League,1718,2017-12-02 Everton-Huddersfield Town,Huddersfield Town,Jonas Lössl,False,Goalkeeper,,start,end,1.0,0.0,0.0,0.0,0.0,0.0,0.0,2.0,2.0,0.0,0.0,0.0,0.0,0.0,
ENG-Premier League,1718,2017-12-02 Leicester City-Burnley,Burnley,Nick Pope,False,Goalkeeper,,start,end,1.0,0.0,0.0,0.0,0.0,0.0,0.0,1.0,2.0,0.0,0.0,0.0,0.0,0.0,
ENG-Premier League,1718,2017-12-02 Leicester City-Burnley,Leicester City,Kasper Schmeichel,True,Goalkeeper,,start,end,1.0,0.0,1.0,0.0,0.0,0.0,0.0,0.0,5.0,0.0,0.0,0.0,0.0,0.0,
ENG-Premier League,1718,2017-12-02 Stoke City-Swansea City,Stoke City,Jack Butland,True,Goalkeeper,,start,end,1.0,0.0,0.0,0.0,0.0,0.0,0.0,1.0,3.0,0.0,0.0,0.0,0.0,0.0,
ENG-Premier League,1718,2017-12-02 Stoke City-Swansea City,Swansea City,Lukasz Fabianski,False,Goalkeeper,,start,end,1.0,0.0,0.0,0.0,0.0,0.0,0.0,2.0,1.0,0.0,0.0,0.0,0.0,0.0,
ENG-Premier League,1718,2017-12-02 Watford-Tottenham Hotspur,Tottenham Hotspur,Hugo Lloris,False,Goalkeeper,,start,end,1.0,0.0,0.0,0.0,0.0,0.0,0.0,1.0,1.0,0.0,0.0,0.0,0.0,0.0,
ENG-Premier League,1718,2017-12-02 Watford-Tottenham Hotspur,Watford,Heurelho Gomes,True,Goalkeeper,,start,end,1.0,0.0,0.0,0.0,0.0,0.0,0.0,1.0,1.0,0.0,0.0,0.0,0.0,0.0,
ENG-Premier League,1718,2017-12-02 West Bromwich Albion-Crystal Palace,Crystal Palace,Julian Speroni,False,Goalkeeper,,start,end,1.0,0.0,0.0,0.0,0.0,0.0,0.0,0.0,7.0,0.0,0.0,0.0,0.0,0.0,
ENG-Premier League,1718,2017-12-02 West Bromwich Albion-Crystal Palace,West Bromwich Albion,Ben Foster,True,Goalkeeper,,start,end,1.0,0.0,0.0,0.0,0.0,0.0,0.0,0.0,2.0,0.0,0.0,0.0,0.0,0.0,
ENG-Premier League,1718,2017-12-03 AFC Bournemouth-Southampton,AFC Bournemouth,Asmir Begovic,True,Goalkeeper,,start,end,1.0,0.0,0.0,0.0,0.0,0.0,0.0,1.0,2.0,0.0,0.0,0.0,0.0,0.0,
ENG-Premier League,1718,2017-12-03 AFC Bournemouth-Southampton,Southampton,Fraser Forster,False,Goalkeeper,,start,end,1.0,0.0,0.0,0.0,0.0,0.0,0.0,1.0,4.0,0.0,0.0,0.0,0.0,0.0,
ENG-Premier League,1718,2017-12-03 Manchester City-West Ham United,Manchester City,Ederson,True,Goalkeeper,,start,end,1.0,0.0,0.0,0.0,0.0,0.0,0.0,1.0,3.0,0.0,0.0,0.0,0.0,0.0,
ENG-Premier League,1718,2017-12-03 Manchester City-West Ham United,West Ham United,Adrián,False,Goalkeeper,,start,end,1.0,1.0,0.0,0.0,0.0,0.0,1.0,2.0,6.0,0.0,0.0,0.0,0.0,0.0,
ENG-Premier League,1718,2017-12-09 Burnley-Watford,Burnley,Nick Pope,True,Goalkeeper,,start,end,1.0,0.0,0.0,0.0,0.0,0.0,0.0,0.0,2.0,0.0,0.0,0.0,0.0,0.0,
ENG-Premier League,1718,2017-12-09 Burnley-Watford,Watford,Heurelho Gomes,False,Goalkeeper,,start,end,1.0,0.0,0.0,0.0,0.0,0.0,0.0,1.0,4.0,0.0,0.0,0.0,0.0,0.0,
ENG-Premier League,1718,2017-12-09 Crystal Palace-AFC Bournemouth,AFC Bournemouth,Asmir Begovic,False,Goalkeeper,1,start,end,1.0,1.0,0.0,0.0,0.0,0.0,1.0,2.0,6.0,0.0,0.0,0.0,0.0,0.0,
ENG-Premier League,1718,2017-12-09 Crystal Palace-AFC Bournemouth,Crystal Palace,Julian Speroni,True,Goalkeeper,1,start,end,1.0,0.0,0.0,0.0,0.0,0.0,0.0,2.0,3.0,0.0,0.0,0.0,0.0,0.0,
ENG-Premier League,1718,2017-12-09 Huddersfield Town-Brighton & Hove Albion,Brighton & Hove Albion,Mathew Ryan,False,Goalkeeper,,start,end,1.0,0.0,0.0,0.0,0.0,0.0,0.0,2.0,4.0,0.0,0.0,0.0,0.0,0.0,
ENG-Premier League,1718,2017-12-09 Huddersfield Town-Brighton & Hove Albion,Huddersfield Town,Jonas Lössl,True,Goalkeeper,,start,end,1.0,0.0,0.0,0.0,0.0,0.0,0.0,0.0,2.0,0.0,0.0,0.0,0.0,0.0,
ENG-Premier League,1718,2017-12-09 Newcastle United-Leicester City,Leicester City,Kasper Schmeichel,False,Goalkeeper,,start,end,1.0,0.0,0.0,0.0,0.0,0.0,0.0,2.0,2.0,0.0,0.0,0.0,0.0,0.0,
ENG-Premier League,1718,2017-12-09 Newcastle United-Leicester City,Newcastle United,Karl Darlow,True,Goalkeeper,,start,end,1.0,0.0,0.0,0.0,0.0,0.0,0.0,3.0,3.0,0.0,0.0,0.0,0.0,0.0,
ENG-Premier League,1718,2017-12-09 Swansea City-West Bromwich Albion,Swansea City,Lukasz Fabianski,True,Goalkeeper,,start,end,1.0,0.0,0.0,0.0,0.0,0.0,0.0,0.0,1.0,0.0,0.0,0.0,0.0,0.0,
ENG-Premier League,1718,2017-12-09 Swansea City-West Bromwich Albion,West Bromwich Albion,Ben Foster,False,Goalkeeper,,start,end,1.0,0.0,0.0,0.0,0.0,0.0,0.0,1.0,2.0,0.0,0.0,0.0,0.0,0.0,
ENG-Premier League,1718,2017-12-09 Tottenham Hotspur-Stoke City,Stoke City,Jack Butland,False,Goalkeeper,,start,end,1.0,0.0,0.0,0.0,0.0,0.0,0.0,5.0,7.0,0.0,0.0,0.0,0.0,0.0,
ENG-Premier League,1718,2017-12-09 Tottenham Hotspur-Stoke City,Tottenham Hotspur,Hugo Lloris,True,Goalkeeper,,start,end,1.0,0.0,0.0,0.0,0.0,0.0,0.0,1.0,2.0,0.0,0.0,0.0,0.0,0.0,
ENG-Premier League,1718,2017-12-09 West Ham United-Chelsea,Chelsea,Thibaut Courtois,False,Goalkeeper,,start,end,1.0,0.0,0.0,0.0,0.0,0.0,0.0,1.0,1.0,0.0,0.0,0.0,0.0,0.0,
ENG-Premier League,1718,2017-12-09 West Ham United-Chelsea,West Ham United,Adrián,True,Goalkeeper,,start,end,1.0,0.0,2.0,0.0,0.0,0.0,1.0,0.0,2.0,0.0,0.0,0.0,0.0,0.0,
ENG-Premier League,1718,2017-12-10 Liverpool-Everton,Everton,Jordan Pickford,False,Goalkeeper,,start,end,1.0,0.0,0.0,0.0,0.0,0.0,0.0,1.0,2.0,0.0,0.0,0.0,0.0,0.0,
ENG-Premier League,1718,2017-12-10 Liverpool-Everton,Liverpool,Simon Mignolet,True,Goalkeeper,,start,end,1.0,0.0,0.0,0.0,0.0,0.0,0.0,1.0,1.0,0.0,0.0,0.0,0.0,0.0,
ENG-Premier League,1718,2017-12-10 Manchester United-Manchester City,Manchester City,Ederson,False,Goalkeeper,,start,end,1.0,0.0,0.0,0.0,0.0,0.0,0.0,1.0,4.0,0.0,0.0,0.0,0.0,0.0,
ENG-Premier League,1718,2017-12-10 Manchester United-Manchester City,Manchester United,David de Gea,True,Goalkeeper,,start,end,1.0,0.0,0.0,0.0,0.0,0.0,0.0,2.0,5.0,0.0,0.0,0.0,0.0,0.0,
ENG-Premier League,1718,2017-12-10 Southampton-Arsenal,Arsenal,Petr Cech,False,Goalkeeper,,start,end,1.0,0.0,0.0,0.0,0.0,0.0,0.0,1.0,3.0,0.0,0.0,0.0,0.0,0.0,
ENG-Premier League,1718,2017-12-10 Southampton-Arsenal,Southampton,Fraser Forster,True,Goalkeeper,,start,end,1.0,0.0,0.0,0.0,0.0,0.0,0.0,1.0,5.0,0.0,0.0,0.0,0.0,0.0,
ENG-Premier League,1718,2017-12-12 Burnley-Stoke City,Burnley,Nick Pope,True,Goalkeeper,,start,end,1.0,0.0,0.0,0.0,0.0,0.0,0.0,0.0,7.0,0.0,0.0,0.0,0.0,0.0,
ENG-Premier League,1718,2017-12-12 Burnley-Stoke City,Stoke City,Jack Butland,False,Goalkeeper,,start,end,1.0,0.0,0.0,0.0,0.0,0.0,0.0,1.0,1.0,0.0,0.0,0.0,0.0,0.0,
ENG-Premier League,1718,2017-12-12 Crystal Palace-Watford,Crystal Palace,Julian Speroni,True,Goalkeeper,,start,end,1.0,0.0,0.0,0.0,0.0,0.0,0.0,1.0,1.0,0.0,0.0,0.0,0.0,0.0,
ENG-Premier League,1718,2017-12-12 Crystal Palace-Watford,Watford,Heurelho Gomes,False,Goalkeeper,,start,end,1.0,0.0,0.0,0.0,0.0,0.0,0.0,2.0,2.0,0.0,0.0,0.0,0.0,0.0,
ENG-Premier League,1718,2017-12-12 Huddersfield Town-Chelsea,Chelsea,Thibaut Courtois,False,Goalkeeper,,start,end,1.0,0.0,0.0,0.0,0.0,0.0,0.0,1.0,2.0,0.0,0.0,0.0,0.0,0.0,
ENG-Premier League,1718,2017-12-12 Huddersfield Town-Chelsea,Huddersfield Town,Jonas Lössl,True,Goalkeeper,,start,end,1.0,0.0,0.0,0.0,0.0,0.0,0.0,3.0,2.0,0.0,0.0,0.0,0.0,0.0,
ENG-Premier League,1718,2017-12-13 Liverpool-West Bromwich Albion,Liverpool,Loris Karius,True,Goalkeeper,,start,end,1.0,0.0,1.0,0.0,0.0,0.0,0.0,0.0,1.0,0.0,0.0,0.0,0.0,0.0,
ENG-Premier League,1718,2017-12-13 Liverpool-West Bromwich Albion,West Bromwich Albion,Ben Foster,False,Goalkeeper,,start,end,1.0,0.0,0.0,0.0,0.0,0.0,0.0,0.0,3.0,0.0,0.0,0.0,0.0,0.0,
ENG-Premier League,1718,2017-12-13 Manchester United-AFC Bournemouth,AFC Bournemouth,Asmir Begovic,False,Goalkeeper,,start,end,1.0,0.0,0.0,0.0,0.0,0.0,0.0,1.0,1.0,0.0,0.0,0.0,0.0,0.0,
ENG-Premier League,1718,2017-12-13 Manchester United-AFC Bournemouth,Manchester United,David de Gea,True,Goalkeeper,,start,end,1.0,0.0,0.0,0.0,0.0,0.0,0.0,0.0,7.0,0.0,0.0,0.0,0.0,0.0,
ENG-Premier League,1718,2017-12-13 Newcastle United-Everton,Everton,Jordan Pickford,False,Goalkeeper,,start,end,1.0,0.0,0.0,0.0,0.0,0.0,0.0,0.0,4.0,0.0,0.0,0.0,0.0,0.0,
ENG-Premier League,1718,2017-12-13 Newcastle United-Everton,Newcastle United,Karl Darlow,True,Goalkeeper,,start,end,1.0,0.0,0.0,0.0,0.0,0.0,0.0,1.0,3.0,0.0,0.0,0.0,0.0,0.0,
ENG-Premier League,1718,2017-12-13 Southampton-Leicester City,Leicester City,Kasper Schmeichel,False,Goalkeeper,,start,end,1.0,0.0,0.0,0.0,0.0,0.0,0.0,1.0,3.0,0.0,0.0,0.0,0.0,0.0,
ENG-Premier League,1718,2017-12-13 Southampton-Leicester City,Southampton,Fraser Forster,True,Goalkeeper,,start,end,1.0,0.0,0.0,0.0,0.0,0.0,0.0,4.0,5.0,0.0,0.0,0.0,0.0,0.0,
ENG-Premier League,1718,2017-12-13 Swansea City-Manchester City,Manchester City,Ederson,False,Goalkeeper,,start,end,1.0,0.0,0.0,0.0,0.0,0.0,0.0,0.0,3.0,0.0,0.0,0.0,0.0,0.0,
ENG-Premier League,1718,2017-12-13 Swansea City-Manchester City,Swansea City,Lukasz Fabianski,True,Goalkeeper,,start,end,1.0,0.0,1.0,0.0,0.0,0.0,0.0,4.0,6.0,0.0,0.0,0.0,0.0,0.0,
ENG-Premier League,1718,2017-12-13 Tottenham Hotspur-Brighton & Hove Albion,Brighton & Hove Albion,Mathew Ryan,False,Goalkeeper,,start,end,1.0,0.0,0.0,0.0,0.0,0.0,0.0,2.0,5.0,0.0,0.0,0.0,0.0,0.0,
ENG-Premier League,1718,2017-12-13 Tottenham Hotspur-Brighton & Hove Albion,Tottenham Hotspur,Hugo Lloris,True,Goalkeeper,,start,end,1.0,0.0,0.0,0.0,0.0,0.0,0.0,0.0,4.0,0.0,0.0,0.0,0.0,0.0,
ENG-Premier League,1718,2017-12-13 West Ham United-Arsenal,Arsenal,Petr Cech,False,Goalkeeper,,start,end,1.0,0.0,0.0,0.0,0.0,0.0,0.0,0.0,0.0,0.0,0.0,0.0,0.0,0.0,
ENG-Premier League,1718,2017-12-13 West Ham United-Arsenal,West Ham United,Adrián,True,Goalkeeper,,start,end,1.0,0.0,0.0,0.0,0.0,0.0,0.0,0.0,3.0,0.0,0.0,0.0,0.0,0.0,
ENG-Premier League,1718,2017-12-16 Arsenal-Newcastle United,Arsenal,Petr Cech,True,Goalkeeper,,start,end,1.0,0.0,0.0,0.0,0.0,0.0,0.0,0.0,2.0,0.0,0.0,0.0,0.0,0.0,
ENG-Premier League,1718,2017-12-16 Arsenal-Newcastle United,Newcastle United,Robert Elliot,False,Goalkeeper,,start,end,1.0,0.0,0.0,0.0,0.0,0.0,0.0,1.0,4.0,0.0,0.0,0.0,0.0,0.0,
ENG-Premier League,1718,2017-12-16 Brighton & Hove Albion-Burnley,Brighton & Hove Albion,Mathew Ryan,True,Goalkeeper,,start,end,1.0,0.0,1.0,0.0,0.0,0.0,0.0,0.0,6.0,0.0,0.0,0.0,0.0,0.0,
ENG-Premier League,1718,2017-12-16 Brighton & Hove Albion-Burnley,Burnley,Nick Pope,False,Goalkeeper,,start,end,1.0,0.0,0.0,0.0,0.0,0.0,0.0,0.0,1.0,0.0,0.0,0.0,0.0,0.0,
ENG-Premier League,1718,2017-12-16 Chelsea-Southampton,Chelsea,Thibaut Courtois,True,Goalkeeper,,start,end,1.0,0.0,0.0,0.0,0.0,0.0,0.0,0.0,2.0,0.0,0.0,0.0,0.0,0.0,
ENG-Premier League,1718,2017-12-16 Chelsea-Southampton,Southampton,Fraser Forster,False,Goalkeeper,,start,end,1.0,0.0,0.0,0.0,0.0,0.0,0.0,1.0,7.0,0.0,0.0,0.0,0.0,0.0,
ENG-Premier League,1718,2017-12-16 Leicester City-Crystal Palace,Crystal Palace,Julian Speroni,False,Goalkeeper,,start,end,1.0,0.0,0.0,0.0,0.0,0.0,0.0,0.0,2.0,0.0,0.0,0.0,0.0,0.0,
ENG-Premier League,1718,2017-12-16 Leicester City-Crystal Palace,Leicester City,Kasper Schmeichel,True,Goalkeeper,,start,end,1.0,0.0,1.0,0.0,0.0,0.0,0.0,3.0,3.0,0.0,0.0,0.0,0.0,0.0,
ENG-Premier League,1718,2017-12-16 Manchester City-Tottenham Hotspur,Manchester City,Ederson,True,Goalkeeper,,start,end,1.0,0.0,0.0,0.0,0.0,0.0,0.0,1.0,1.0,0.0,0.0,0.0,0.0,0.0,
ENG-Premier League,1718,2017-12-16 Manchester City-Tottenham Hotspur,Tottenham Hotspur,Hugo Lloris,False,Goalkeeper,,start,end,1.0,0.0,0.0,0.0,0.0,0.0,0.0,4.0,7.0,0.0,0.0,0.0,0.0,0.0,
ENG-Premier League,1718,2017-12-16 Stoke City-West Ham United,Stoke City,Jack Butland,True,Goalkeeper,,start,end,1.0,0.0,0.0,0.0,0.0,0.0,0.0,3.0,4.0,0.0,0.0,0.0,0.0,0.0,
ENG-Premier League,1718,2017-12-16 Stoke City-West Ham United,West Ham United,Adrián,False,Goalkeeper,,start,end,1.0,0.0,0.0,0.0,0.0,0.0,0.0,0.0,0.0,0.0,0.0,0.0,0.0,0.0,
ENG-Premier League,1718,2017-12-16 Watford-Huddersfield Town,Huddersfield Town,Jonas Lössl,False,Goalkeeper,,start,end,1.0,0.0,0.0,0.0,0.0,0.0,0.0,1.0,2.0,0.0,0.0,0.0,0.0,0.0,
ENG-Premier League,1718,2017-12-16 Watford-Huddersfield Town,Watford,Heurelho Gomes,True,Goalkeeper,,start,end,1.0,0.0,0.0,0.0,0.0,0.0,0.0,4.0,3.0,0.0,0.0,0.0,0.0,0.0,
ENG-Premier League,1718,2017-12-17 AFC Bournemouth-Liverpool,AFC Bournemouth,Asmir Begovic,True,Goalkeeper,,start,end,1.0,0.0,0.0,0.0,0.0,0.0,0.0,4.0,3.0,0.0,0.0,0.0,0.0,0.0,
ENG-Premier League,1718,2017-12-17 AFC Bournemouth-Liverpool,Liverpool,Simon Mignolet,False,Goalkeeper,,start,end,1.0,0.0,0.0,0.0,0.0,0.0,0.0,0.0,2.0,0.0,0.0,0.0,0.0,0.0,
ENG-Premier League,1718,2017-12-17 West Bromwich Albion-Manchester United,Manchester United,David de Gea,False,Goalkeeper,,start,end,1.0,0.0,2.0,0.0,0.0,0.0,0.0,1.0,4.0,0.0,0.0,0.0,0.0,0.0,
ENG-Premier League,1718,2017-12-17 West Bromwich Albion-Manchester United,West Bromwich Albion,Ben Foster,True,Goalkeeper,,start,end,1.0,0.0,0.0,0.0,0.0,0.0,0.0,2.0,1.0,0.0,0.0,0.0,0.0,0.0,
ENG-Premier League,1718,2017-12-18 Everton-Swansea City,Everton,Jordan Pickford,True,Goalkeeper,,start,end,1.0,0.0,0.0,0.0,0.0,0.0,0.0,1.0,2.0,0.0,0.0,0.0,0.0,0.0,
ENG-Premier League,1718,2017-12-18 Everton-Swansea City,Swansea City,Lukasz Fabianski,False,Goalkeeper,,start,end,1.0,0.0,0.0,0.0,0.0,0.0,0.0,3.0,4.0,0.0,0.0,0.0,0.0,0.0,
ENG-Premier League,1718,2017-12-22 Arsenal-Liverpool,Arsenal,Petr Cech,True,Goalkeeper,,start,end,1.0,0.0,0.0,0.0,0.0,0.0,0.0,3.0,6.0,0.0,0.0,0.0,0.0,0.0,
ENG-Premier League,1718,2017-12-22 Arsenal-Liverpool,Liverpool,Simon Mignolet,False,Goalkeeper,,start,end,1.0,0.0,1.0,0.0,0.0,0.0,0.0,3.0,1.0,0.0,0.0,0.0,0.0,0.0,
ENG-Premier League,1718,2017-12-23 Brighton & Hove Albion-Watford,Brighton & Hove Albion,Mathew Ryan,True,Goalkeeper,,start,end,1.0,0.0,0.0,0.0,0.0,0.0,0.0,0.0,1.0,0.0,0.0,0.0,0.0,0.0,
ENG-Premier League,1718,2017-12-23 Brighton & Hove Albion-Watford,Watford,Heurelho Gomes,False,Goalkeeper,,start,end,1.0,0.0,1.0,0.0,0.0,0.0,0.0,1.0,2.0,0.0,0.0,0.0,0.0,0.0,
ENG-Premier League,1718,2017-12-23 Burnley-Tottenham Hotspur,Burnley,Nick Pope,True,Goalkeeper,,start,end,1.0,0.0,0.0,0.0,0.0,0.0,0.0,3.0,5.0,0.0,0.0,0.0,0.0,0.0,
ENG-Premier League,1718,2017-12-23 Burnley-Tottenham Hotspur,Tottenham Hotspur,Hugo Lloris,False,Goalkeeper,,start,end,1.0,0.0,1.0,0.0,0.0,0.0,0.0,0.0,2.0,0.0,0.0,0.0,0.0,0.0,
ENG-Premier League,1718,2017-12-23 Everton-Chelsea,Chelsea,Thibaut Courtois,False,Goalkeeper,,start,end,1.0,0.0,0.0,0.0,0.0,0.0,0.0,0.0,0.0,0.0,0.0,0.0,0.0,0.0,
ENG-Premier League,1718,2017-12-23 Everton-Chelsea,Everton,Jordan Pickford,True,Goalkeeper,,start,end,1.0,0.0,1.0,0.0,0.0,0.0,0.0,0.0,5.0,0.0,0.0,0.0,0.0,0.0,
ENG-Premier League,1718,2017-12-23 Leicester City-Manchester United,Leicester City,Kasper Schmeichel,True,Goalkeeper,,start,end,1.0,0.0,0.0,0.0,0.0,0.0,0.0,2.0,4.0,0.0,0.0,0.0,0.0,0.0,
ENG-Premier League,1718,2017-12-23 Leicester City-Manchester United,Manchester United,David de Gea,False,Goalkeeper,,start,end,1.0,0.0,0.0,0.0,0.0,0.0,0.0,2.0,1.0,0.0,0.0,0.0,0.0,0.0,
ENG-Premier League,1718,2017-12-23 Manchester City-AFC Bournemouth,AFC Bournemouth,Asmir Begovic,False,Goalkeeper,,start,end,1.0,0.0,0.0,0.0,0.0,0.0,0.0,4.0,1.0,0.0,0.0,0.0,0.0,0.0,
ENG-Premier League,1718,2017-12-23 Manchester City-AFC Bournemouth,Manchester City,Ederson,True,Goalkeeper,,start,end,1.0,0.0,1.0,0.0,0.0,0.0,0.0,0.0,1.0,0.0,0.0,0.0,0.0,0.0,
ENG-Premier League,1718,2017-12-23 Southampton-Huddersfield Town,Huddersfield Town,Jonas Lössl,False,Goalkeeper,,start,end,1.0,0.0,0.0,0.0,0.0,0.0,0.0,1.0,5.0,0.0,0.0,0.0,0.0,0.0,
ENG-Premier League,1718,2017-12-23 Southampton-Huddersfield Town,Southampton,Fraser Forster,True,Goalkeeper,,start,end,1.0,0.0,0.0,0.0,0.0,0.0,0.0,1.0,1.0,0.0,0.0,0.0,0.0,0.0,
ENG-Premier League,1718,2017-12-23 Stoke City-West Bromwich Albion,Stoke City,Jack Butland,True,Goalkeeper,,start,end,1.0,0.0,0.0,0.0,0.0,0.0,0.0,1.0,6.0,0.0,0.0,0.0,0.0,0.0,
ENG-Premier League,1718,2017-12-23 Stoke City-West Bromwich Albion,West Bromwich Albion,Ben Foster,False,Goalkeeper,,start,end,1.0,0.0,0.0,0.0,0.0,0.0,0.0,3.0,2.0,0.0,0.0,0.0,0.0,0.0,
ENG-Premier League,1718,2017-12-23 Swansea City-Crystal Palace,Crystal Palace,Julian Speroni,False,Goalkeeper,,start,end,1.0,0.0,0.0,0.0,0.0,0.0,0.0,1.0,2.0,0.0,0.0,0.0,0.0,0.0,
ENG-Premier League,1718,2017-12-23 Swansea City-Crystal Palace,Swansea City,Lukasz Fabianski,True,Goalkeeper,,start,end,1.0,0.0,0.0,0.0,0.0,0.0,0.0,1.0,4.0,0.0,0.0,0.0,0.0,0.0,
ENG-Premier League,1718,2017-12-23 West Ham United-Newcastle United,Newcastle United,Robert Elliot,False,Goalkeeper,,start,end,1.0,0.0,0.0,0.0,0.0,0.0,0.0,2.0,4.0,0.0,0.0,0.0,0.0,0.0,
ENG-Premier League,1718,2017-12-23 West Ham United-Newcastle United,West Ham United,Adrián,True,Goalkeeper,,start,end,1.0,0.0,0.0,0.0,0.0,0.0,0.0,3.0,1.0,0.0,0.0,0.0,0.0,0.0,
ENG-Premier League,1718,2017-12-26 AFC Bournemouth-West Ham United,AFC Bournemouth,Asmir Begovic,True,Goalkeeper,,start,end,1.0,0.0,0.0,0.0,0.0,0.0,0.0,3.0,2.0,0.0,0.0,0.0,0.0,0.0,
ENG-Premier League,1718,2017-12-26 AFC Bournemouth-West Ham United,West Ham United,Adrián,False,Goalkeeper,,start,end,1.0,0.0,0.0,0.0,0.0,0.0,0.0,3.0,7.0,0.0,0.0,0.0,0.0,0.0,
ENG-Premier League,1718,2017-12-26 Chelsea-Brighton & Hove Albion,Brighton & Hove Albion,Mathew Ryan,False,Goalkeeper,,start,end,1.0,0.0,0.0,0.0,0.0,0.0,0.0,2.0,5.0,0.0,0.0,0.0,0.0,0.0,
ENG-Premier League,1718,2017-12-26 Chelsea-Brighton & Hove Albion,Chelsea,Thibaut Courtois,True,Goalkeeper,,start,end,1.0,0.0,0.0,0.0,0.0,0.0,0.0,0.0,1.0,0.0,0.0,0.0,0.0,0.0,
ENG-Premier League,1718,2017-12-26 Huddersfield Town-Stoke City,Huddersfield Town,Jonas Lössl,True,Goalkeeper,,start,end,1.0,0.0,1.0,0.0,0.0,0.0,0.0,1.0,4.0,0.0,0.0,0.0,0.0,0.0,
ENG-Premier League,1718,2017-12-26 Huddersfield Town-Stoke City,Stoke City,Jack Butland,False,Goalkeeper,,start,end,1.0,0.0,0.0,0.0,0.0,0.0,0.0,1.0,6.0,0.0,0.0,0.0,0.0,0.0,
ENG-Premier League,1718,2017-12-26 Liverpool-Swansea City,Liverpool,Simon Mignolet,True,Goalkeeper,,start,end,1.0,0.0,0.0,0.0,0.0,0.0,0.0,0.0,4.0,0.0,0.0,0.0,0.0,0.0,
ENG-Premier League,1718,2017-12-26 Liverpool-Swansea City,Swansea City,Lukasz Fabianski,False,Goalkeeper,,start,end,1.0,0.0,0.0,0.0,0.0,0.0,0.0,5.0,4.0,0.0,0.0,0.0,0.0,0.0,
ENG-Premier League,1718,2017-12-26 Manchester United-Burnley,Burnley,Nick Pope,False,Goalkeeper,,start,end,1.0,0.0,0.0,0.0,0.0,0.0,1.0,2.0,3.0,0.0,0.0,0.0,0.0,0.0,
ENG-Premier League,1718,2017-12-26 Manchester United-Burnley,Manchester United,David de Gea,True,Goalkeeper,,start,end,1.0,0.0,0.0,0.0,0.0,0.0,0.0,2.0,0.0,0.0,0.0,0.0,0.0,0.0,
ENG-Premier League,1718,2017-12-26 Tottenham Hotspur-Southampton,Southampton,Fraser Forster,False,Goalkeeper,,start,end,1.0,0.0,0.0,0.0,0.0,0.0,0.0,5.0,1.0,0.0,0.0,0.0,0.0,0.0,
ENG-Premier League,1718,2017-12-26 Tottenham Hotspur-Southampton,Tottenham Hotspur,Hugo Lloris,True,Goalkeeper,,start,end,1.0,0.0,1.0,0.0,0.0,0.0,0.0,2.0,5.0,0.0,0.0,0.0,0.0,0.0,
ENG-Premier League,1718,2017-12-26 Watford-Leicester City,Leicester City,Kasper Schmeichel,False,Goalkeeper,,start,end,1.0,0.0,0.0,1.0,0.0,0.0,0.0,2.0,0.0,0.0,0.0,0.0,0.0,0.0,
ENG-Premier League,1718,2017-12-26 Watford-Leicester City,Watford,Heurelho Gomes,True,Goalkeeper,,start,end,1.0,0.0,0.0,0.0,0.0,0.0,0.0,1.0,4.0,0.0,0.0,0.0,0.0,0.0,
ENG-Premier League,1718,2017-12-26 West Bromwich Albion-Everton,Everton,Jordan Pickford,False,Goalkeeper,,start,end,1.0,0.0,1.0,0.0,0.0,0.0,0.0,0.0,3.0,0.0,0.0,0.0,0.0,0.0,
ENG-Premier League,1718,2017-12-26 West Bromwich Albion-Everton,West Bromwich Albion,Ben Foster,True,Goalkeeper,,start,end,1.0,0.0,0.0,0.0,0.0,0.0,0.0,0.0,3.0,0.0,0.0,0.0,0.0,0.0,
ENG-Premier League,1718,2017-12-27 Newcastle United-Manchester City,Manchester City,Ederson,False,Goalkeeper,1,start,end,1.0,0.0,0.0,0.0,0.0,0.0,0.0,0.0,0.0,6.0,0.0,0.0,0.0,0.0,
ENG-Premier League,1718,2017-12-27 Newcastle United-Manchester City,Newcastle United,Robert Elliot,True,Goalkeeper,1,start,end,1.0,0.0,0.0,0.0,0.0,0.0,0.0,1.0,0.0,19.0,0.0,0.0,0.0,0.0,
ENG-Premier League,1718,2017-12-28 Crystal Palace-Arsenal,Arsenal,Petr Cech,False,Goalkeeper,,start,end,1.0,0.0,0.0,0.0,0.0,0.0,0.0,2.0,0.0,0.0,0.0,0.0,0.0,0.0,
ENG-Premier League,1718,2017-12-28 Crystal Palace-Arsenal,Crystal Palace,Julian Speroni,True,Goalkeeper,,start,end,1.0,0.0,0.0,0.0,0.0,0.0,0.0,3.0,6.0,0.0,0.0,0.0,0.0,0.0,
ENG-Premier League,1718,2017-12-30 AFC Bournemouth-Everton,AFC Bournemouth,Asmir Begovic,True,Goalkeeper,,start,end,1.0,0.0,0.0,0.0,0.0,0.0,0.0,1.0,0.0,0.0,0.0,0.0,0.0,0.0,
ENG-Premier League,1718,2017-12-30 AFC Bournemouth-Everton,Everton,Jordan Pickford,False,Goalkeeper,,start,end,1.0,0.0,1.0,0.0,0.0,0.0,0.0,2.0,5.0,0.0,0.0,0.0,0.0,0.0,
ENG-Premier League,1718,2017-12-30 Chelsea-Stoke City,Chelsea,Thibaut Courtois,True,Goalkeeper,,start,end,1.0,0.0,0.0,0.0,0.0,0.0,0.0,0.0,1.0,0.0,0.0,0.0,0.0,0.0,
ENG-Premier League,1718,2017-12-30 Chelsea-Stoke City,Stoke City,Jack Butland,False,Goalkeeper,,start,end,1.0,0.0,0.0,0.0,0.0,0.0,0.0,5.0,7.0,0.0,0.0,0.0,0.0,0.0,
ENG-Premier League,1718,2017-12-30 Huddersfield Town-Burnley,Burnley,Nick Pope,False,Goalkeeper,,start,end,1.0,0.0,0.0,0.0,0.0,0.0,0.0,0.0,1.0,0.0,0.0,0.0,0.0,0.0,
ENG-Premier League,1718,2017-12-30 Huddersfield Town-Burnley,Huddersfield Town,Jonas Lössl,True,Goalkeeper,,start,end,1.0,0.0,0.0,0.0,0.0,0.0,0.0,0.0,4.0,0.0,0.0,0.0,0.0,0.0,
ENG-Premier League,1718,2017-12-30 Liverpool-Leicester City,Leicester City,Kasper Schmeichel,False,Goalkeeper,,start,end,1.0,0.0,0.0,0.0,0.0,0.0,0.0,2.0,4.0,0.0,0.0,0.0,0.0,0.0,
ENG-Premier League,1718,2017-12-30 Liverpool-Leicester City,Liverpool,Loris Karius,True,Goalkeeper,,start,end,1.0,0.0,0.0,0.0,0.0,0.0,0.0,1.0,0.0,0.0,0.0,0.0,0.0,0.0,
ENG-Premier League,1718,2017-12-30 Manchester United-Southampton,Manchester United,David de Gea,True,Goalkeeper,,start,end,1.0,0.0,1.0,0.0,0.0,0.0,0.0,0.0,3.0,0.0,0.0,0.0,0.0,0.0,
ENG-Premier League,1718,2017-12-30 Manchester United-Southampton,Southampton,Alex McCarthy,False,Goalkeeper,,start,end,1.0,0.0,0.0,0.0,0.0,0.0,0.0,0.0,3.0,0.0,0.0,0.0,0.0,0.0,
ENG-Premier League,1718,2017-12-30 Newcastle United-Brighton & Hove Albion,Brighton & Hove Albion,Mathew Ryan,False,Goalkeeper,,start,end,1.0,0.0,0.0,0.0,0.0,0.0,0.0,0.0,2.0,0.0,0.0,0.0,0.0,0.0,
ENG-Premier League,1718,2017-12-30 Newcastle United-Brighton & Hove Albion,Newcastle United,Karl Darlow,True,Goalkeeper,,start,end,1.0,0.0,0.0,0.0,0.0,0.0,0.0,0.0,3.0,0.0,0.0,0.0,0.0,0.0,
ENG-Premier League,1718,2017-12-30 Watford-Swansea City,Swansea City,Lukasz Fabianski,False,Goalkeeper,,start,end,1.0,0.0,0.0,0.0,0.0,0.0,0.0,1.0,3.0,0.0,0.0,0.0,0.0,0.0,
ENG-Premier League,1718,2017-12-30 Watford-Swansea City,Watford,Heurelho Gomes,True,Goalkeeper,,start,end,1.0,0.0,0.0,0.0,0.0,0.0,0.0,2.0,2.0,0.0,0.0,0.0,0.0,0.0,
ENG-Premier League,1718,2017-12-31 Crystal Palace-Manchester City,Crystal Palace,Wayne Hennessey,True,Goalkeeper,,start,end,1.0,0.0,0.0,0.0,0.0,0.0,0.0,0.0,5.0,0.0,0.0,0.0,0.0,0.0,
ENG-Premier League,1718,2017-12-31 Crystal Palace-Manchester City,Manchester City,Ederson,False,Goalkeeper,,start,end,1.0,0.0,1.0,0.0,0.0,0.0,0.0,0.0,1.0,0.0,0.0,0.0,0.0,0.0,
ENG-Premier League,1718,2017-12-31 West Bromwich Albion-Arsenal,Arsenal,Petr Cech,False,Goalkeeper,,start,end,1.0,0.0,0.0,0.0,0.0,0.0,1.0,1.0,2.0,0.0,0.0,0.0,0.0,0.0,
ENG-Premier League,1718,2017-12-31 West Bromwich Albion-Arsenal,West Bromwich Albion,Ben Foster,True,Goalkeeper,,start,end,1.0,0.0,0.0,0.0,0.0,0.0,0.0,1.0,4.0,0.0,0.0,0.0,0.0,0.0,
ENG-Premier League,1718,2018-01-01 Brighton & Hove Albion-AFC Bournemouth,AFC Bournemouth,Asmir Begovic,False,Goalkeeper,,start,end,1.0,0.0,1.0,0.0,0.0,0.0,0.0,2.0,4.0,0.0,0.0,0.0,0.0,0.0,
ENG-Premier League,1718,2018-01-01 Brighton & Hove Albion-AFC Bournemouth,Brighton & Hove Albion,Mathew Ryan,True,Goalkeeper,,start,end,1.0,0.0,0.0,0.0,0.0,0.0,0.0,2.0,6.0,0.0,0.0,0.0,0.0,0.0,
ENG-Premier League,1718,2018-01-01 Burnley-Liverpool,Burnley,Nick Pope,True,Goalkeeper,,start,end,1.0,0.0,0.0,0.0,0.0,0.0,0.0,2.0,3.0,0.0,0.0,0.0,0.0,0.0,
ENG-Premier League,1718,2018-01-01 Burnley-Liverpool,Liverpool,Simon Mignolet,False,Goalkeeper,,start,end,1.0,0.0,0.0,0.0,0.0,0.0,0.0,1.0,3.0,0.0,0.0,0.0,0.0,0.0,
ENG-Premier League,1718,2018-01-01 Everton-Manchester United,Everton,Jordan Pickford,True,Goalkeeper,,start,end,1.0,0.0,0.0,0.0,0.0,0.0,0.0,2.0,4.0,0.0,0.0,0.0,0.0,0.0,
ENG-Premier League,1718,2018-01-01 Everton-Manchester United,Manchester United,David de Gea,False,Goalkeeper,,start,end,1.0,0.0,0.0,0.0,0.0,0.0,0.0,0.0,0.0,0.0,0.0,0.0,0.0,0.0,
ENG-Premier League,1718,2018-01-01 Leicester City-Huddersfield Town,Huddersfield Town,Jonas Lössl,False,Goalkeeper,,start,end,1.0,0.0,0.0,0.0,0.0,0.0,0.0,3.0,2.0,0.0,0.0,0.0,0.0,0.0,
ENG-Premier League,1718,2018-01-01 Leicester City-Huddersfield Town,Leicester City,Kasper Schmeichel,True,Goalkeeper,,start,end,1.0,0.0,0.0,0.0,0.0,0.0,0.0,0.0,1.0,0.0,0.0,0.0,0.0,0.0,
ENG-Premier League,1718,2018-01-01 Stoke City-Newcastle United,Newcastle United,Karl Darlow,False,Goalkeeper,,start,end,1.0,0.0,0.0,0.0,0.0,0.0,0.0,0.0,4.0,0.0,0.0,0.0,0.0,0.0,
ENG-Premier League,1718,2018-01-01 Stoke City-Newcastle United,Stoke City,Jack Butland,True,Goalkeeper,,start,end,1.0,0.0,0.0,0.0,0.0,0.0,0.0,1.0,5.0,0.0,0.0,0.0,0.0,0.0,
ENG-Premier League,1718,2018-01-02 Manchester City-Watford,Manchester City,Ederson,True,Goalkeeper,,start,end,1.0,0.0,0.0,0.0,0.0,0.0,0.0,1.0,3.0,0.0,0.0,0.0,0.0,0.0,
ENG-Premier League,1718,2018-01-02 Manchester City-Watford,Watford,Heurelho Gomes,False,Goalkeeper,,start,end,1.0,0.0,1.0,0.0,0.0,0.0,0.0,3.0,5.0,0.0,0.0,0.0,0.0,0.0,
ENG-Premier League,1718,2018-01-02 Southampton-Crystal Palace,Crystal Palace,Wayne Hennessey,False,Goalkeeper,,start,end,1.0,0.0,0.0,0.0,0.0,0.0,0.0,1.0,2.0,0.0,0.0,0.0,0.0,0.0,
ENG-Premier League,1718,2018-01-02 Southampton-Crystal Palace,Southampton,Alex McCarthy,True,Goalkeeper,,start,end,1.0,0.0,0.0,0.0,0.0,0.0,0.0,2.0,2.0,0.0,0.0,0.0,0.0,0.0,
ENG-Premier League,1718,2018-01-02 Swansea City-Tottenham Hotspur,Swansea City,Lukasz Fabianski,True,Goalkeeper,,start,end,1.0,0.0,0.0,0.0,0.0,0.0,0.0,2.0,3.0,0.0,0.0,0.0,0.0,0.0,
ENG-Premier League,1718,2018-01-02 Swansea City-Tottenham Hotspur,Tottenham Hotspur,Hugo Lloris,False,Goalkeeper,,start,end,1.0,0.0,0.0,0.0,0.0,0.0,0.0,0.0,1.0,0.0,0.0,0.0,0.0,0.0,
ENG-Premier League,1718,2018-01-02 West Ham United-West Bromwich Albion,West Bromwich Albion,Ben Foster,False,Goalkeeper,1,start,end,1.0,0.0,0.0,0.0,0.0,0.0,0.0,2.0,3.0,0.0,0.0,0.0,0.0,0.0,
ENG-Premier League,1718,2018-01-02 West Ham United-West Bromwich Albion,West Ham United,Adrián,True,Goalkeeper,1,start,end,1.0,0.0,0.0,0.0,0.0,0.0,0.0,1.0,2.0,0.0,0.0,0.0,0.0,0.0,
ENG-Premier League,1718,2018-01-03 Arsenal-Chelsea,Arsenal,Petr Cech,True,Goalkeeper,,start,end,1.0,0.0,1.0,0.0,0.0,0.0,0.0,2.0,4.0,0.0,0.0,0.0,0.0,0.0,
ENG-Premier League,1718,2018-01-03 Arsenal-Chelsea,Chelsea,Thibaut Courtois,False,Goalkeeper,,start,end,1.0,0.0,0.0,0.0,0.0,0.0,1.0,2.0,4.0,0.0,0.0,0.0,0.0,0.0,
ENG-Premier League,1718,2018-01-04 Tottenham Hotspur-West Ham United,Tottenham Hotspur,Hugo Lloris,True,Goalkeeper,,start,end,1.0,0.0,0.0,0.0,0.0,0.0,0.0,1.0,0.0,0.0,0.0,0.0,0.0,0.0,
ENG-Premier League,1718,2018-01-04 Tottenham Hotspur-West Ham United,West Ham United,Adrián,False,Goalkeeper,,start,end,1.0,0.0,0.0,0.0,0.0,0.0,0.0,1.0,7.0,0.0,0.0,0.0,0.0,0.0,
ENG-Premier League,1718,2018-01-13 Chelsea-Leicester City,Chelsea,Thibaut Courtois,True,Goalkeeper,,start,end,1.0,0.0,0.0,0.0,0.0,0.0,0.0,0.0,1.0,0.0,0.0,0.0,0.0,0.0,
ENG-Premier League,1718,2018-01-13 Chelsea-Leicester City,Leicester City,Kasper Schmeichel,False,Goalkeeper,,start,end,1.0,0.0,0.0,0.0,0.0,0.0,0.0,0.0,7.0,0.0,0.0,0.0,0.0,0.0,
ENG-Premier League,1718,2018-01-13 Crystal Palace-Burnley,Burnley,Nick Pope,False,Goalkeeper,,start,end,1.0,0.0,0.0,0.0,0.0,0.0,0.0,1.0,1.0,0.0,0.0,0.0,0.0,0.0,
ENG-Premier League,1718,2018-01-13 Crystal Palace-Burnley,Crystal Palace,Wayne Hennessey,True,Goalkeeper,,start,end,1.0,0.0,1.0,0.0,0.0,0.0,0.0,0.0,2.0,0.0,0.0,0.0,0.0,0.0,
ENG-Premier League,1718,2018-01-13 Huddersfield Town-West Ham United,Huddersfield Town,Jonas Lössl,True,Goalkeeper,,start,end,1.0,0.0,0.0,0.0,0.0,0.0,0.0,4.0,1.0,0.0,0.0,0.0,0.0,0.0,
ENG-Premier League,1718,2018-01-13 Huddersfield Town-West Ham United,West Ham United,Adrián,False,Goalkeeper,,start,end,1.0,0.0,0.0,0.0,0.0,0.0,0.0,1.0,1.0,0.0,0.0,0.0,0.0,0.0,
ENG-Premier League,1718,2018-01-13 Newcastle United-Swansea City,Newcastle United,Karl Darlow,True,Goalkeeper,,start,end,1.0,0.0,1.0,0.0,0.0,0.0,0.0,1.0,2.0,0.0,0.0,0.0,0.0,0.0,
ENG-Premier League,1718,2018-01-13 Newcastle United-Swansea City,Swansea City,Lukasz Fabianski,False,Goalkeeper,,start,end,1.0,0.0,0.0,0.0,0.0,0.0,0.0,1.0,3.0,0.0,0.0,0.0,0.0,0.0,
ENG-Premier League,1718,2018-01-13 Tottenham Hotspur-Everton,Everton,Jordan Pickford,False,Goalkeeper,,start,end,1.0,0.0,0.0,0.0,0.0,0.0,0.0,4.0,6.0,0.0,0.0,0.0,0.0,0.0,
ENG-Premier League,1718,2018-01-13 Tottenham Hotspur-Everton,Tottenham Hotspur,Hugo Lloris,True,Goalkeeper,,start,end,1.0,0.0,0.0,0.0,0.0,0.0,0.0,0.0,0.0,0.0,0.0,0.0,0.0,0.0,
ENG-Premier League,1718,2018-01-13 Watford-Southampton,Southampton,Alex McCarthy,False,Goalkeeper,,start,end,1.0,0.0,0.0,0.0,0.0,0.0,1.0,2.0,2.0,0.0,0.0,0.0,0.0,0.0,
ENG-Premier League,1718,2018-01-13 Watford-Southampton,Watford,Heurelho Gomes,True,Goalkeeper,,start,end,1.0,0.0,0.0,0.0,0.0,0.0,0.0,2.0,2.0,0.0,0.0,0.0,0.0,0.0,
ENG-Premier League,1718,2018-01-13 West Bromwich Albion-Brighton & Hove Albion,Brighton & Hove Albion,Mathew Ryan,False,Goalkeeper,,start,end,1.0,0.0,0.0,0.0,0.0,0.0,0.0,2.0,2.0,0.0,0.0,0.0,0.0,0.0,
ENG-Premier League,1718,2018-01-13 West Bromwich Albion-Brighton & Hove Albion,West Bromwich Albion,Ben Foster,True,Goalkeeper,,start,end,1.0,0.0,0.0,0.0,0.0,0.0,0.0,0.0,1.0,0.0,0.0,0.0,0.0,0.0,
ENG-Premier League,1718,2018-01-14 AFC Bournemouth-Arsenal,AFC Bournemouth,Asmir Begovic,True,Goalkeeper,,start,end,1.0,0.0,0.0,0.0,0.0,0.0,0.0,1.0,2.0,0.0,0.0,0.0,0.0,0.0,
ENG-Premier League,1718,2018-01-14 AFC Bournemouth-Arsenal,Arsenal,Petr Cech,False,Goalkeeper,,start,end,1.0,0.0,1.0,0.0,0.0,0.0,0.0,2.0,3.0,0.0,0.0,0.0,0.0,0.0,
ENG-Premier League,1718,2018-01-14 Liverpool-Manchester City,Liverpool,Loris Karius,True,Goalkeeper,,start,end,1.0,0.0,0.0,0.0,0.0,0.0,0.0,3.0,1.0,0.0,0.0,0.0,0.0,0.0,
ENG-Premier League,1718,2018-01-14 Liverpool-Manchester City,Manchester City,Ederson,False,Goalkeeper,,start,end,1.0,0.0,0.0,0.0,0.0,0.0,0.0,4.0,3.0,0.0,0.0,0.0,0.0,0.0,
ENG-Premier League,1718,2018-01-15 Manchester United-Stoke City,Manchester United,David de Gea,True,Goalkeeper,,start,end,1.0,0.0,0.0,0.0,0.0,0.0,0.0,0.0,4.0,0.0,0.0,0.0,0.0,0.0,
ENG-Premier League,1718,2018-01-15 Manchester United-Stoke City,Stoke City,Jack Butland,False,Goalkeeper,,start,end,1.0,0.0,0.0,0.0,0.0,0.0,0.0,3.0,6.0,0.0,0.0,0.0,0.0,0.0,
ENG-Premier League,1718,2018-01-20 Arsenal-Crystal Palace,Arsenal,Petr Cech,True,Goalkeeper,,start,end,1.0,0.0,0.0,0.0,0.0,0.0,0.0,1.0,4.0,0.0,0.0,0.0,0.0,0.0,
ENG-Premier League,1718,2018-01-20 Arsenal-Crystal Palace,Crystal Palace,Wayne Hennessey,False,Goalkeeper,,start,end,1.0,0.0,0.0,0.0,0.0,0.0,0.0,4.0,6.0,0.0,0.0,0.0,0.0,0.0,
ENG-Premier League,1718,2018-01-20 Brighton & Hove Albion-Chelsea,Brighton & Hove Albion,Mathew Ryan,True,Goalkeeper,,start,end,1.0,0.0,0.0,0.0,0.0,0.0,0.0,4.0,6.0,0.0,0.0,0.0,0.0,0.0,
ENG-Premier League,1718,2018-01-20 Brighton & Hove Albion-Chelsea,Chelsea,Wilfredo Caballero,False,Goalkeeper,,start,end,1.0,0.0,0.0,0.0,0.0,0.0,0.0,0.0,3.0,0.0,0.0,0.0,0.0,0.0,
ENG-Premier League,1718,2018-01-20 Burnley-Manchester United,Burnley,Nick Pope,True,Goalkeeper,,start,end,1.0,0.0,0.0,0.0,0.0,0.0,0.0,1.0,1.0,0.0,0.0,0.0,0.0,0.0,
ENG-Premier League,1718,2018-01-20 Burnley-Manchester United,Manchester United,David de Gea,False,Goalkeeper,,start,end,1.0,0.0,0.0,0.0,0.0,0.0,0.0,0.0,3.0,0.0,0.0,0.0,0.0,0.0,
ENG-Premier League,1718,2018-01-20 Everton-West Bromwich Albion,Everton,Jordan Pickford,True,Goalkeeper,,start,end,1.0,0.0,0.0,0.0,0.0,0.0,0.0,1.0,4.0,0.0,0.0,0.0,0.0,0.0,
ENG-Premier League,1718,2018-01-20 Everton-West Bromwich Albion,West Bromwich Albion,Ben Foster,False,Goalkeeper,,start,end,1.0,0.0,1.0,0.0,0.0,0.0,0.0,1.0,3.0,0.0,0.0,0.0,0.0,0.0,
ENG-Premier League,1718,2018-01-20 Leicester City-Watford,Leicester City,Kasper Schmeichel,True,Goalkeeper,,start,end,1.0,0.0,0.0,0.0,0.0,0.0,0.0,0.0,3.0,0.0,0.0,0.0,0.0,0.0,
ENG-Premier League,1718,2018-01-20 Leicester City-Watford,Watford,Orestis Karnezis,False,Goalkeeper,,start,end,1.0,0.0,0.0,0.0,0.0,0.0,0.0,2.0,3.0,0.0,0.0,0.0,0.0,0.0,
ENG-Premier League,1718,2018-01-20 Manchester City-Newcastle United,Manchester City,Ederson,True,Goalkeeper,,start,end,1.0,0.0,0.0,0.0,0.0,0.0,0.0,1.0,3.0,0.0,0.0,0.0,0.0,0.0,
ENG-Premier League,1718,2018-01-20 Manchester City-Newcastle United,Newcastle United,Karl Darlow,False,Goalkeeper,,start,end,1.0,0.0,0.0,0.0,0.0,0.0,0.0,3.0,6.0,0.0,0.0,0.0,0.0,0.0,
ENG-Premier League,1718,2018-01-20 Stoke City-Huddersfield Town,Huddersfield Town,Jonas Lössl,False,Goalkeeper,,start,end,1.0,0.0,0.0,0.0,0.0,0.0,0.0,2.0,4.0,0.0,0.0,0.0,0.0,0.0,
ENG-Premier League,1718,2018-01-20 Stoke City-Huddersfield Town,Stoke City,Jack Butland,True,Goalkeeper,,start,end,1.0,0.0,0.0,0.0,0.0,0.0,0.0,0.0,3.0,0.0,0.0,0.0,0.0,0.0,
ENG-Premier League,1718,2018-01-20 West Ham United-AFC Bournemouth,AFC Bournemouth,Asmir Begovic,False,Goalkeeper,,start,end,1.0,0.0,0.0,0.0,0.0,0.0,0.0,1.0,3.0,0.0,0.0,0.0,0.0,0.0,
ENG-Premier League,1718,2018-01-20 West Ham United-AFC Bournemouth,West Ham United,Adrián,True,Goalkeeper,,start,end,1.0,0.0,0.0,0.0,0.0,0.0,0.0,1.0,2.0,0.0,0.0,0.0,0.0,0.0,
ENG-Premier League,1718,2018-01-21 Southampton-Tottenham Hotspur,Southampton,Alex McCarthy,True,Goalkeeper,,start,end,1.0,0.0,0.0,0.0,0.0,0.0,0.0,1.0,1.0,0.0,0.0,0.0,0.0,0.0,
ENG-Premier League,1718,2018-01-21 Southampton-Tottenham Hotspur,Tottenham Hotspur,Michel Vorm,False,Goalkeeper,,start,end,1.0,0.0,0.0,0.0,0.0,0.0,0.0,1.0,4.0,0.0,0.0,0.0,0.0,0.0,
ENG-Premier League,1718,2018-01-22 Swansea City-Liverpool,Liverpool,Loris Karius,False,Goalkeeper,,start,end,1.0,0.0,0.0,0.0,0.0,0.0,0.0,1.0,1.0,0.0,0.0,0.0,0.0,0.0,
ENG-Premier League,1718,2018-01-22 Swansea City-Liverpool,Swansea City,Lukasz Fabianski,True,Goalkeeper,,start,end,1.0,0.0,0.0,0.0,0.0,0.0,0.0,0.0,4.0,0.0,0.0,0.0,0.0,0.0,
ENG-Premier League,1718,2018-01-30 Huddersfield Town-Liverpool,Huddersfield Town,Jonas Lössl,True,Goalkeeper,,start,end,1.0,0.0,0.0,0.0,0.0,0.0,0.0,3.0,4.0,0.0,0.0,0.0,0.0,0.0,
ENG-Premier League,1718,2018-01-30 Huddersfield Town-Liverpool,Liverpool,Loris Karius,False,Goalkeeper,,start,end,1.0,0.0,1.0,0.0,0.0,0.0,0.0,0.0,1.0,0.0,0.0,0.0,0.0,0.0,
ENG-Premier League,1718,2018-01-30 Swansea City-Arsenal,Arsenal,Petr Cech,False,Goalkeeper,,start,end,1.0,0.0,0.0,0.0,0.0,0.0,0.0,3.0,1.0,0.0,0.0,0.0,0.0,0.0,
ENG-Premier League,1718,2018-01-30 Swansea City-Arsenal,Swansea City,Lukasz Fabianski,True,Goalkeeper,,start,end,1.0,0.0,0.0,0.0,0.0,0.0,0.0,1.0,3.0,0.0,0.0,0.0,0.0,0.0,
ENG-Premier League,1718,2018-01-30 West Ham United-Crystal Palace,Crystal Palace,Wayne Hennessey,False,Goalkeeper,,start,end,1.0,0.0,0.0,0.0,0.0,0.0,0.0,1.0,2.0,0.0,0.0,0.0,0.0,0.0,
ENG-Premier League,1718,2018-01-30 West Ham United-Crystal Palace,West Ham United,Adrián,True,Goalkeeper,,start,end,1.0,0.0,0.0,0.0,0.0,0.0,0.0,1.0,2.0,0.0,0.0,0.0,0.0,0.0,
ENG-Premier League,1718,2018-01-31 Chelsea-AFC Bournemouth,AFC Bournemouth,Asmir Begovic,False,Goalkeeper,,start,end,1.0,0.0,0.0,0.0,0.0,0.0,0.0,0.0,5.0,0.0,0.0,0.0,0.0,0.0,
ENG-Premier League,1718,2018-01-31 Chelsea-AFC Bournemouth,Chelsea,Thibaut Courtois,True,Goalkeeper,,start,end,1.0,0.0,0.0,0.0,0.0,0.0,0.0,3.0,2.0,0.0,0.0,0.0,0.0,0.0,
ENG-Premier League,1718,2018-01-31 Everton-Leicester City,Everton,Jordan Pickford,True,Goalkeeper,,start,end,1.0,0.0,0.0,0.0,0.0,0.0,0.0,1.0,0.0,0.0,0.0,0.0,0.0,0.0,
ENG-Premier League,1718,2018-01-31 Everton-Leicester City,Leicester City,Kasper Schmeichel,False,Goalkeeper,,start,end,1.0,0.0,1.0,0.0,0.0,0.0,0.0,2.0,1.0,0.0,0.0,0.0,0.0,0.0,
ENG-Premier League,1718,2018-01-31 Manchester City-West Bromwich Albion,Manchester City,Ederson,True,Goalkeeper,,start,end,1.0,0.0,0.0,0.0,0.0,0.0,0.0,0.0,1.0,0.0,0.0,0.0,0.0,0.0,
ENG-Premier League,1718,2018-01-31 Manchester City-West Bromwich Albion,West Bromwich Albion,Ben Foster,False,Goalkeeper,,start,end,1.0,0.0,0.0,0.0,0.0,0.0,0.0,3.0,7.0,0.0,0.0,0.0,0.0,0.0,
ENG-Premier League,1718,2018-01-31 Newcastle United-Burnley,Burnley,Nick Pope,False,Goalkeeper,,start,end,1.0,0.0,0.0,0.0,0.0,0.0,0.0,1.0,3.0,0.0,0.0,0.0,0.0,0.0,
ENG-Premier League,1718,2018-01-31 Newcastle United-Burnley,Newcastle United,Karl Darlow,True,Goalkeeper,,start,end,1.0,0.0,0.0,1.0,0.0,0.0,0.0,1.0,2.0,0.0,0.0,0.0,0.0,0.0,
ENG-Premier League,1718,2018-01-31 Southampton-Brighton & Hove Albion,Brighton & Hove Albion,Mathew Ryan,False,Goalkeeper,,start,end,1.0,0.0,0.0,0.0,0.0,0.0,0.0,1.0,2.0,0.0,0.0,0.0,0.0,0.0,
ENG-Premier League,1718,2018-01-31 Southampton-Brighton & Hove Albion,Southampton,Alex McCarthy,True,Goalkeeper,,start,end,1.0,0.0,0.0,0.0,0.0,0.0,0.0,1.0,1.0,0.0,0.0,0.0,0.0,0.0,
ENG-Premier League,1718,2018-01-31 Stoke City-Watford,Stoke City,Jack Butland,True,Goalkeeper,,start,end,1.0,0.0,0.0,0.0,0.0,0.0,0.0,0.0,2.0,0.0,0.0,0.0,0.0,0.0,
ENG-Premier League,1718,2018-01-31 Stoke City-Watford,Watford,Orestis Karnezis,False,Goalkeeper,,start,end,1.0,0.0,0.0,0.0,0.0,0.0,0.0,0.0,4.0,0.0,0.0,0.0,0.0,0.0,
ENG-Premier League,1718,2018-01-31 Tottenham Hotspur-Manchester United,Manchester United,David de Gea,False,Goalkeeper,,start,end,1.0,0.0,0.0,0.0,0.0,0.0,0.0,2.0,5.0,0.0,0.0,0.0,0.0,0.0,
ENG-Premier League,1718,2018-01-31 Tottenham Hotspur-Manchester United,Tottenham Hotspur,Hugo Lloris,True,Goalkeeper,,start,end,1.0,0.0,0.0,0.0,0.0,0.0,0.0,0.0,3.0,0.0,0.0,0.0,0.0,0.0,
ENG-Premier League,1718,2018-02-03 AFC Bournemouth-Stoke City,AFC Bournemouth,Asmir Begovic,True,Goalkeeper,,start,end,1.0,0.0,0.0,0.0,0.0,0.0,0.0,1.0,2.0,0.0,0.0,0.0,0.0,0.0,
ENG-Premier League,1718,2018-02-03 AFC Bournemouth-Stoke City,Stoke City,Jack Butland,False,Goalkeeper,,start,end,1.0,0.0,0.0,0.0,0.0,0.0,0.0,2.0,5.0,0.0,0.0,0.0,0.0,0.0,
ENG-Premier League,1718,2018-02-03 Arsenal-Everton,Arsenal,Petr Cech,True,Goalkeeper,,start,70,1.0,0.0,0.0,0.0,0.0,0.0,0.0,1.0,0.0,0.0,0.0,0.0,0.0,0.0,
ENG-Premier League,1718,2018-02-03 Arsenal-Everton,Everton,Jordan Pickford,False,Goalkeeper,,start,end,1.0,0.0,0.0,0.0,0.0,0.0,0.0,5.0,2.0,0.0,0.0,0.0,0.0,0.0,
ENG-Premier League,1718,2018-02-03 Brighton & Hove Albion-West Ham United,Brighton & Hove Albion,Mathew Ryan,True,Goalkeeper,,start,end,1.0,0.0,0.0,0.0,0.0,0.0,0.0,1.0,0.0,0.0,0.0,0.0,0.0,0.0,
ENG-Premier League,1718,2018-02-03 Brighton & Hove Albion-West Ham United,West Ham United,Adrián,False,Goalkeeper,,start,end,1.0,0.0,0.0,0.0,0.0,0.0,0.0,3.0,2.0,0.0,0.0,0.0,0.0,0.0,
ENG-Premier League,1718,2018-02-03 Burnley-Manchester City,Burnley,Nick Pope,True,Goalkeeper,,start,end,1.0,0.0,0.0,0.0,0.0,0.0,0.0,1.0,6.0,0.0,0.0,0.0,0.0,0.0,
ENG-Premier League,1718,2018-02-03 Burnley-Manchester City,Manchester City,Ederson,False,Goalkeeper,,start,end,1.0,0.0,0.0,0.0,0.0,0.0,0.0,1.0,2.0,0.0,0.0,0.0,0.0,0.0,
ENG-Premier League,1718,2018-02-03 Leicester City-Swansea City,Leicester City,Kasper Schmeichel,True,Goalkeeper,,start,end,1.0,0.0,0.0,0.0,0.0,0.0,0.0,1.0,0.0,0.0,0.0,0.0,0.0,0.0,
ENG-Premier League,1718,2018-02-03 Leicester City-Swansea City,Swansea City,Lukasz Fabianski,False,Goalkeeper,,start,end,1.0,0.0,0.0,0.0,0.0,0.0,0.0,1.0,3.0,0.0,0.0,0.0,0.0,0.0,
ENG-Premier League,1718,2018-02-03 Manchester United-Huddersfield Town,Huddersfield Town,Jonas Lössl,False,Goalkeeper,,start,end,1.0,0.0,0.0,0.0,0.0,0.0,0.0,2.0,5.0,0.0,0.0,0.0,0.0,0.0,
ENG-Premier League,1718,2018-02-03 Manchester United-Huddersfield Town,Manchester United,David de Gea,True,Goalkeeper,,start,end,1.0,0.0,0.0,0.0,0.0,0.0,0.0,0.0,0.0,0.0,0.0,0.0,0.0,0.0,
ENG-Premier League,1718,2018-02-03 West Bromwich Albion-Southampton,Southampton,Alex McCarthy,False,Goalkeeper,,start,end,1.0,0.0,1.0,0.0,0.0,0.0,0.0,2.0,1.0,0.0,0.0,0.0,0.0,0.0,
ENG-Premier League,1718,2018-02-03 West Bromwich Albion-Southampton,West Bromwich Albion,Ben Foster,True,Goalkeeper,,start,end,1.0,0.0,0.0,0.0,0.0,0.0,0.0,3.0,2.0,0.0,0.0,0.0,0.0,0.0,
ENG-Premier League,1718,2018-02-04 Crystal Palace-Newcastle United,Crystal Palace,Wayne Hennessey,True,Goalkeeper,,start,end,1.0,0.0,0.0,0.0,0.0,0.0,0.0,1.0,7.0,0.0,0.0,0.0,0.0,0.0,
ENG-Premier League,1718,2018-02-04 Crystal Palace-Newcastle United,Newcastle United,Karl Darlow,False,Goalkeeper,,start,end,1.0,0.0,0.0,0.0,0.0,0.0,0.0,1.0,4.0,0.0,0.0,0.0,0.0,0.0,
ENG-Premier League,1718,2018-02-04 Liverpool-Tottenham Hotspur,Liverpool,Loris Karius,True,Goalkeeper,,start,end,1.0,1.0,0.0,0.0,0.0,0.0,0.0,2.0,4.0,0.0,0.0,0.0,0.0,0.0,
ENG-Premier League,1718,2018-02-04 Liverpool-Tottenham Hotspur,Tottenham Hotspur,Hugo Lloris,False,Goalkeeper,,start,end,1.0,0.0,0.0,0.0,0.0,0.0,0.0,2.0,1.0,0.0,0.0,0.0,0.0,0.0,
ENG-Premier League,1718,2018-02-05 Watford-Chelsea,Chelsea,Thibaut Courtois,False,Goalkeeper,,start,end,1.0,1.0,0.0,0.0,0.0,0.0,0.0,4.0,4.0,0.0,0.0,0.0,0.0,0.0,
ENG-Premier League,1718,2018-02-05 Watford-Chelsea,Watford,Orestis Karnezis,True,Goalkeeper,,start,end,1.0,0.0,0.0,0.0,0.0,0.0,0.0,1.0,2.0,0.0,0.0,0.0,0.0,0.0,
ENG-Premier League,1718,2018-02-10 Everton-Crystal Palace,Crystal Palace,Wayne Hennessey,False,Goalkeeper,,start,end,1.0,0.0,0.0,0.0,0.0,0.0,0.0,3.0,2.0,0.0,0.0,0.0,0.0,0.0,
ENG-Premier League,1718,2018-02-10 Everton-Crystal Palace,Everton,Jordan Pickford,True,Goalkeeper,,start,end,1.0,0.0,0.0,0.0,0.0,0.0,0.0,1.0,3.0,0.0,0.0,0.0,0.0,0.0,
ENG-Premier League,1718,2018-02-10 Manchester City-Leicester City,Leicester City,Kasper Schmeichel,False,Goalkeeper,,start,end,1.0,0.0,0.0,0.0,0.0,0.0,0.0,5.0,5.0,0.0,0.0,0.0,0.0,0.0,
ENG-Premier League,1718,2018-02-10 Manchester City-Leicester City,Manchester City,Ederson,True,Goalkeeper,,start,end,1.0,0.0,0.0,0.0,0.0,0.0,0.0,1.0,1.0,0.0,0.0,0.0,0.0,0.0,
ENG-Premier League,1718,2018-02-10 Stoke City-Brighton & Hove Albion,Brighton & Hove Albion,Mathew Ryan,False,Goalkeeper,,start,end,1.0,0.0,0.0,0.0,0.0,0.0,0.0,1.0,1.0,0.0,0.0,0.0,0.0,0.0,
ENG-Premier League,1718,2018-02-10 Stoke City-Brighton & Hove Albion,Stoke City,Jack Butland,True,Goalkeeper,,start,end,1.0,0.0,0.0,0.0,0.0,0.0,0.0,1.0,5.0,0.0,0.0,0.0,0.0,0.0,
ENG-Premier League,1718,2018-02-10 Swansea City-Burnley,Burnley,Nick Pope,False,Goalkeeper,,start,end,1.0,0.0,0.0,0.0,0.0,0.0,0.0,1.0,3.0,0.0,0.0,0.0,0.0,0.0,
ENG-Premier League,1718,2018-02-10 Swansea City-Burnley,Swansea City,Lukasz Fabianski,True,Goalkeeper,,start,end,1.0,0.0,0.0,0.0,0.0,0.0,0.0,0.0,1.0,0.0,0.0,0.0,0.0,0.0,
ENG-Premier League,1718,2018-02-10 Tottenham Hotspur-Arsenal,Arsenal,Petr Cech,False,Goalkeeper,,start,end,1.0,0.0,0.0,0.0,0.0,0.0,0.0,1.0,6.0,0.0,0.0,0.0,0.0,0.0,
ENG-Premier League,1718,2018-02-10 Tottenham Hotspur-Arsenal,Tottenham Hotspur,Hugo Lloris,True,Goalkeeper,,start,end,1.0,0.0,0.0,0.0,0.0,0.0,0.0,0.0,1.0,0.0,0.0,0.0,0.0,0.0,
ENG-Premier League,1718,2018-02-10 West Ham United-Watford,Watford,Orestis Karnezis,False,Goalkeeper,,start,end,1.0,0.0,0.0,0.0,0.0,0.0,0.0,2.0,2.0,0.0,0.0,0.0,0.0,0.0,
ENG-Premier League,1718,2018-02-10 West Ham United-Watford,West Ham United,Adrián,True,Goalkeeper,,start,end,1.0,0.0,0.0,0.0,0.0,0.0,0.0,0.0,4.0,0.0,0.0,0.0,0.0,0.0,
ENG-Premier League,1718,2018-02-11 Huddersfield Town-AFC Bournemouth,AFC Bournemouth,Asmir Begovic,False,Goalkeeper,,start,end,1.0,0.0,0.0,0.0,0.0,0.0,0.0,4.0,1.0,0.0,0.0,0.0,0.0,0.0,
ENG-Premier League,1718,2018-02-11 Huddersfield Town-AFC Bournemouth,Huddersfield Town,Jonas Lössl,True,Goalkeeper,,start,end,1.0,0.0,1.0,0.0,0.0,0.0,0.0,1.0,1.0,0.0,0.0,0.0,0.0,0.0,
ENG-Premier League,1718,2018-02-11 Newcastle United-Manchester United,Manchester United,David de Gea,False,Goalkeeper,,start,end,1.0,0.0,0.0,0.0,0.0,0.0,0.0,1.0,2.0,0.0,0.0,0.0,0.0,0.0,
ENG-Premier League,1718,2018-02-11 Newcastle United-Manchester United,Newcastle United,Martin Dúbravka,True,Goalkeeper,,start,end,1.0,0.0,0.0,0.0,0.0,0.0,0.0,0.0,3.0,0.0,0.0,0.0,0.0,0.0,
ENG-Premier League,1718,2018-02-11 Southampton-Liverpool,Liverpool,Loris Karius,False,Goalkeeper,,start,end,1.0,0.0,0.0,0.0,0.0,0.0,0.0,0.0,4.0,0.0,0.0,0.0,0.0,0.0,
ENG-Premier League,1718,2018-02-11 Southampton-Liverpool,Southampton,Alex McCarthy,True,Goalkeeper,,start,end,1.0,0.0,0.0,0.0,0.0,0.0,0.0,2.0,2.0,0.0,0.0,0.0,0.0,0.0,
ENG-Premier League,1718,2018-02-12 Chelsea-West Bromwich Albion,Chelsea,Thibaut Courtois,True,Goalkeeper,,start,end,1.0,0.0,0.0,0.0,0.0,0.0,0.0,0.0,1.0,0.0,0.0,0.0,0.0,0.0,
ENG-Premier League,1718,2018-02-12 Chelsea-West Bromwich Albion,West Bromwich Albion,Ben Foster,False,Goalkeeper,,start,end,1.0,0.0,0.0,0.0,0.0,0.0,0.0,3.0,5.0,0.0,0.0,0.0,0.0,0.0,
ENG-Premier League,1718,2018-02-24 AFC Bournemouth-Newcastle United,AFC Bournemouth,Asmir Begovic,True,Goalkeeper,,start,end,1.0,0.0,0.0,0.0,0.0,0.0,0.0,2.0,2.0,0.0,0.0,0.0,0.0,0.0,
ENG-Premier League,1718,2018-02-24 AFC Bournemouth-Newcastle United,Newcastle United,Martin Dúbravka,False,Goalkeeper,,start,end,1.0,0.0,0.0,0.0,0.0,0.0,0.0,2.0,3.0,0.0,0.0,0.0,0.0,0.0,
ENG-Premier League,1718,2018-02-24 Brighton & Hove Albion-Swansea City,Brighton & Hove Albion,Mathew Ryan,True,Goalkeeper,,start,end,1.0,0.0,0.0,0.0,0.0,0.0,0.0,1.0,2.0,0.0,0.0,0.0,0.0,0.0,
ENG-Premier League,1718,2018-02-24 Brighton & Hove Albion-Swansea City,Swansea City,Lukasz Fabianski,False,Goalkeeper,,start,end,1.0,0.0,0.0,0.0,0.0,0.0,0.0,4.0,1.0,0.0,0.0,0.0,0.0,0.0,
ENG-Premier League,1718,2018-02-24 Burnley-Southampton,Burnley,Nick Pope,True,Goalkeeper,,start,end,1.0,0.0,0.0,0.0,0.0,0.0,0.0,1.0,4.0,0.0,0.0,0.0,0.0,0.0,
ENG-Premier League,1718,2018-02-24 Burnley-Southampton,Southampton,Alex McCarthy,False,Goalkeeper,,start,end,1.0,0.0,0.0,0.0,0.0,0.0,0.0,1.0,2.0,0.0,0.0,0.0,0.0,0.0,
ENG-Premier League,1718,2018-02-24 Leicester City-Stoke City,Leicester City,Kasper Schmeichel,True,Goalkeeper,,start,end,1.0,0.0,0.0,0.0,0.0,0.0,0.0,1.0,1.0,0.0,0.0,0.0,0.0,0.0,
ENG-Premier League,1718,2018-02-24 Leicester City-Stoke City,Stoke City,Jack Butland,False,Goalkeeper,,start,end,1.0,0.0,0.0,1.0,0.0,0.0,0.0,1.0,9.0,0.0,0.0,0.0,0.0,0.0,
ENG-Premier League,1718,2018-02-24 Liverpool-West Ham United,Liverpool,Loris Karius,True,Goalkeeper,,start,end,1.0,0.0,0.0,0.0,0.0,0.0,0.0,1.0,3.0,0.0,0.0,0.0,0.0,0.0,
ENG-Premier League,1718,2018-02-24 Liverpool-West Ham United,West Ham United,Adrián,False,Goalkeeper,,start,end,1.0,0.0,0.0,0.0,0.0,0.0,0.0,4.0,8.0,0.0,0.0,0.0,0.0,0.0,
ENG-Premier League,1718,2018-02-24 Watford-Everton,Everton,Jordan Pickford,False,Goalkeeper,,start,end,1.0,0.0,0.0,0.0,0.0,0.0,0.0,1.0,4.0,0.0,0.0,0.0,0.0,1.0,
ENG-Premier League,1718,2018-02-24 Watford-Everton,Watford,Orestis Karnezis,True,Goalkeeper,,start,end,1.0,0.0,0.0,0.0,0.0,0.0,0.0,0.0,3.0,0.0,0.0,0.0,0.0,0.0,
ENG-Premier League,1718,2018-02-24 West Bromwich Albion-Huddersfield Town,Huddersfield Town,Jonas Lössl,False,Goalkeeper,,start,end,1.0,0.0,0.0,0.0,0.0,0.0,0.0,1.0,2.0,0.0,0.0,0.0,0.0,0.0,
ENG-Premier League,1718,2018-02-24 West Bromwich Albion-Huddersfield Town,West Bromwich Albion,Ben Foster,True,Goalkeeper,,start,end,1.0,0.0,0.0,0.0,0.0,0.0,0.0,2.0,5.0,0.0,0.0,0.0,0.0,0.0,
ENG-Premier League,1718,2018-02-25 Crystal Palace-Tottenham Hotspur,Crystal Palace,Wayne Hennessey,True,Goalkeeper,,start,end,1.0,0.0,0.0,0.0,0.0,0.0,0.0,1.0,4.0,0.0,0.0,0.0,0.0,0.0,
ENG-Premier League,1718,2018-02-25 Crystal Palace-Tottenham Hotspur,Tottenham Hotspur,Hugo Lloris,False,Goalkeeper,,start,end,1.0,0.0,0.0,0.0,0.0,0.0,0.0,0.0,3.0,0.0,0.0,0.0,0.0,0.0,
ENG-Premier League,1718,2018-02-25 Manchester United-Chelsea,Chelsea,Thibaut Courtois,False,Goalkeeper,,start,end,1.0,0.0,0.0,0.0,0.0,0.0,0.0,2.0,3.0,0.0,0.0,0.0,0.0,0.0,
ENG-Premier League,1718,2018-02-25 Manchester United-Chelsea,Manchester United,David de Gea,True,Goalkeeper,,start,end,1.0,0.0,0.0,0.0,0.0,0.0,0.0,1.0,6.0,0.0,0.0,0.0,0.0,0.0,
ENG-Premier League,1718,2018-03-01 Arsenal-Manchester City,Arsenal,Petr Cech,True,Goalkeeper,,start,end,1.0,0.0,0.0,0.0,0.0,0.0,0.0,3.0,2.0,0.0,0.0,0.0,0.0,0.0,
ENG-Premier League,1718,2018-03-01 Arsenal-Manchester City,Manchester City,Ederson,False,Goalkeeper,,start,end,1.0,0.0,0.0,0.0,0.0,0.0,0.0,0.0,5.0,0.0,0.0,0.0,0.0,0.0,
ENG-Premier League,1718,2018-03-03 Burnley-Everton,Burnley,Nick Pope,True,Goalkeeper,,start,end,1.0,0.0,0.0,0.0,0.0,0.0,0.0,1.0,3.0,0.0,0.0,0.0,0.0,0.0,
ENG-Premier League,1718,2018-03-03 Burnley-Everton,Everton,Jordan Pickford,False,Goalkeeper,,start,end,1.0,0.0,0.0,0.0,0.0,0.0,0.0,2.0,6.0,0.0,0.0,0.0,0.0,0.0,
ENG-Premier League,1718,2018-03-03 Leicester City-AFC Bournemouth,AFC Bournemouth,Asmir Begovic,False,Goalkeeper,,start,end,1.0,0.0,0.0,0.0,0.0,0.0,0.0,1.0,3.0,0.0,0.0,0.0,0.0,0.0,
ENG-Premier League,1718,2018-03-03 Leicester City-AFC Bournemouth,Leicester City,Kasper Schmeichel,True,Goalkeeper,,start,end,1.0,0.0,0.0,0.0,0.0,0.0,1.0,1.0,2.0,0.0,0.0,0.0,0.0,0.0,
ENG-Premier League,1718,2018-03-03 Liverpool-Newcastle United,Liverpool,Loris Karius,True,Goalkeeper,,start,end,1.0,0.0,0.0,0.0,0.0,0.0,0.0,0.0,2.0,0.0,0.0,0.0,0.0,0.0,
ENG-Premier League,1718,2018-03-03 Liverpool-Newcastle United,Newcastle United,Martin Dúbravka,False,Goalkeeper,,start,end,1.0,0.0,0.0,0.0,0.0,0.0,0.0,2.0,1.0,0.0,0.0,0.0,0.0,0.0,
ENG-Premier League,1718,2018-03-03 Southampton-Stoke City,Southampton,Alex McCarthy,True,Goalkeeper,,start,end,1.0,0.0,0.0,0.0,0.0,0.0,0.0,0.0,3.0,0.0,0.0,0.0,0.0,0.0,
ENG-Premier League,1718,2018-03-03 Southampton-Stoke City,Stoke City,Jack Butland,False,Goalkeeper,,start,end,1.0,0.0,0.0,0.0,0.0,0.0,0.0,0.0,6.0,0.0,0.0,0.0,0.0,0.0,
ENG-Premier League,1718,2018-03-03 Swansea City-West Ham United,Swansea City,Lukasz Fabianski,True,Goalkeeper,,start,end,1.0,0.0,0.0,0.0,0.0,0.0,0.0,1.0,1.0,0.0,0.0,0.0,0.0,0.0,
ENG-Premier League,1718,2018-03-03 Swansea City-West Ham United,West Ham United,Adrián,False,Goalkeeper,,start,end,1.0,0.0,0.0,0.0,0.0,0.0,0.0,4.0,3.0,0.0,0.0,0.0,0.0,0.0,
ENG-Premier League,1718,2018-03-03 Tottenham Hotspur-Huddersfield Town,Huddersfield Town,Jonas Lössl,False,Goalkeeper,,start,end,1.0,0.0,0.0,0.0,0.0,0.0,0.0,2.0,5.0,0.0,0.0,0.0,0.0,0.0,
ENG-Premier League,1718,2018-03-03 Tottenham Hotspur-Huddersfield Town,Tottenham Hotspur,Hugo Lloris,True,Goalkeeper,,start,end,1.0,0.0,0.0,0.0,0.0,0.0,0.0,0.0,3.0,0.0,0.0,0.0,0.0,0.0,
ENG-Premier League,1718,2018-03-03 Watford-West Bromwich Albion,Watford,Orestis Karnezis,True,Goalkeeper,,start,end,1.0,0.0,0.0,0.0,0.0,0.0,0.0,0.0,2.0,0.0,0.0,0.0,0.0,0.0,
ENG-Premier League,1718,2018-03-03 Watford-West Bromwich Albion,West Bromwich Albion,Ben Foster,False,Goalkeeper,,start,end,1.0,0.0,0.0,0.0,0.0,0.0,0.0,1.0,2.0,0.0,0.0,0.0,0.0,0.0,
ENG-Premier League,1718,2018-03-04 Brighton & Hove Albion-Arsenal,Arsenal,Petr Cech,False,Goalkeeper,,start,end,1.0,0.0,0.0,0.0,0.0,0.0,0.0,2.0,4.0,0.0,0.0,0.0,0.0,0.0,
ENG-Premier League,1718,2018-03-04 Brighton & Hove Albion-Arsenal,Brighton & Hove Albion,Mathew Ryan,True,Goalkeeper,,start,end,1.0,0.0,0.0,0.0,0.0,0.0,0.0,1.0,6.0,0.0,0.0,0.0,0.0,0.0,
ENG-Premier League,1718,2018-03-04 Manchester City-Chelsea,Chelsea,Thibaut Courtois,False,Goalkeeper,,start,end,1.0,0.0,0.0,0.0,0.0,0.0,0.0,1.0,1.0,0.0,0.0,0.0,0.0,0.0,
ENG-Premier League,1718,2018-03-04 Manchester City-Chelsea,Manchester City,Ederson,True,Goalkeeper,,start,end,1.0,0.0,0.0,0.0,0.0,0.0,0.0,0.0,0.0,0.0,0.0,0.0,0.0,0.0,
ENG-Premier League,1718,2018-03-05 Crystal Palace-Manchester United,Crystal Palace,Wayne Hennessey,True,Goalkeeper,,start,end,1.0,0.0,0.0,0.0,0.0,0.0,0.0,3.0,4.0,0.0,0.0,0.0,0.0,0.0,
ENG-Premier League,1718,2018-03-05 Crystal Palace-Manchester United,Manchester United,David de Gea,False,Goalkeeper,,start,end,1.0,0.0,0.0,0.0,0.0,0.0,0.0,2.0,2.0,0.0,0.0,0.0,0.0,0.0,
ENG-Premier League,1718,2018-03-10 Chelsea-Crystal Palace,Chelsea,Thibaut Courtois,True,Goalkeeper,,start,end,1.0,0.0,0.0,0.0,0.0,0.0,0.0,1.0,1.0,0.0,0.0,0.0,0.0,0.0,
ENG-Premier League,1718,2018-03-10 Chelsea-Crystal Palace,Crystal Palace,Wayne Hennessey,False,Goalkeeper,,start,end,1.0,0.0,0.0,0.0,0.0,0.0,0.0,2.0,7.0,0.0,0.0,0.0,0.0,0.0,
ENG-Premier League,1718,2018-03-10 Everton-Brighton & Hove Albion,Brighton & Hove Albion,Mathew Ryan,False,Goalkeeper,,start,end,1.0,0.0,0.0,0.0,0.0,0.0,0.0,2.0,2.0,0.0,0.0,0.0,0.0,0.0,
ENG-Premier League,1718,2018-03-10 Everton-Brighton & Hove Albion,Everton,Jordan Pickford,True,Goalkeeper,,start,end,1.0,0.0,0.0,0.0,0.0,0.0,0.0,0.0,4.0,0.0,0.0,0.0,0.0,0.0,
ENG-Premier League,1718,2018-03-10 Huddersfield Town-Swansea City,Huddersfield Town,Jonas Lössl,True,Goalkeeper,,start,end,1.0,0.0,0.0,0.0,0.0,0.0,0.0,0.0,0.0,0.0,0.0,0.0,0.0,0.0,
ENG-Premier League,1718,2018-03-10 Huddersfield Town-Swansea City,Swansea City,Lukasz Fabianski,False,Goalkeeper,,start,end,1.0,0.0,0.0,0.0,0.0,0.0,0.0,0.0,4.0,0.0,0.0,0.0,0.0,0.0,
ENG-Premier League,1718,2018-03-10 Manchester United-Liverpool,Liverpool,Loris Karius,False,Goalkeeper,,start,end,1.0,0.0,0.0,0.0,0.0,0.0,0.0,2.0,0.0,0.0,0.0,0.0,0.0,0.0,
ENG-Premier League,1718,2018-03-10 Manchester United-Liverpool,Manchester United,David de Gea,True,Goalkeeper,,start,end,1.0,0.0,0.0,0.0,0.0,0.0,0.0,1.0,2.0,0.0,0.0,0.0,0.0,0.0,
ENG-Premier League,1718,2018-03-10 Newcastle United-Southampton,Newcastle United,Martin Dúbravka,True,Goalkeeper,,start,end,1.0,0.0,0.0,0.0,0.0,0.0,0.0,0.0,2.0,0.0,0.0,0.0,0.0,0.0,
ENG-Premier League,1718,2018-03-10 Newcastle United-Southampton,Southampton,Alex McCarthy,False,Goalkeeper,,start,end,1.0,0.0,0.0,0.0,0.0,0.0,0.0,3.0,2.0,0.0,0.0,0.0,0.0,0.0,
ENG-Premier League,1718,2018-03-10 West Bromwich Albion-Leicester City,Leicester City,Kasper Schmeichel,False,Goalkeeper,,start,end,1.0,0.0,0.0,0.0,0.0,0.0,0.0,1.0,1.0,0.0,0.0,0.0,0.0,0.0,
ENG-Premier League,1718,2018-03-10 West Bromwich Albion-Leicester City,West Bromwich Albion,Ben Foster,True,Goalkeeper,,start,end,1.0,0.0,0.0,0.0,0.0,0.0,0.0,4.0,3.0,0.0,0.0,0.0,0.0,0.0,
ENG-Premier League,1718,2018-03-10 West Ham United-Burnley,Burnley,Nick Pope,False,Goalkeeper,,start,end,1.0,0.0,0.0,0.0,0.0,0.0,0.0,0.0,4.0,0.0,0.0,0.0,0.0,0.0,
ENG-Premier League,1718,2018-03-10 West Ham United-Burnley,West Ham United,Joe Hart,True,Goalkeeper,,start,end,1.0,0.0,0.0,0.0,0.0,0.0,0.0,3.0,1.0,0.0,0.0,0.0,0.0,0.0,
ENG-Premier League,1718,2018-03-11 AFC Bournemouth-Tottenham Hotspur,AFC Bournemouth,Asmir Begovic,True,Goalkeeper,,start,end,1.0,0.0,0.0,0.0,0.0,0.0,0.0,4.0,4.0,0.0,0.0,0.0,0.0,0.0,
ENG-Premier League,1718,2018-03-11 AFC Bournemouth-Tottenham Hotspur,Tottenham Hotspur,Hugo Lloris,False,Goalkeeper,,start,end,1.0,0.0,0.0,0.0,0.0,0.0,0.0,1.0,2.0,0.0,0.0,0.0,0.0,0.0,
ENG-Premier League,1718,2018-03-11 Arsenal-Watford,Arsenal,Petr Cech,True,Goalkeeper,,start,end,1.0,0.0,0.0,0.0,0.0,0.0,0.0,0.0,4.0,0.0,0.0,0.0,0.0,0.0,
ENG-Premier League,1718,2018-03-11 Arsenal-Watford,Watford,Orestis Karnezis,False,Goalkeeper,,start,end,1.0,0.0,0.0,0.0,0.0,0.0,0.0,3.0,4.0,0.0,0.0,0.0,0.0,0.0,
ENG-Premier League,1718,2018-03-12 Stoke City-Manchester City,Manchester City,Ederson,False,Goalkeeper,,start,end,1.0,0.0,0.0,0.0,0.0,0.0,0.0,0.0,1.0,0.0,0.0,0.0,0.0,0.0,
ENG-Premier League,1718,2018-03-12 Stoke City-Manchester City,Stoke City,Jack Butland,True,Goalkeeper,,start,end,1.0,0.0,0.0,0.0,0.0,0.0,0.0,2.0,4.0,0.0,0.0,0.0,0.0,0.0,
ENG-Premier League,1718,2018-03-17 AFC Bournemouth-West Bromwich Albion,AFC Bournemouth,Asmir Begovic,True,Goalkeeper,,start,end,1.0,0.0,0.0,0.0,0.0,0.0,0.0,1.0,4.0,0.0,0.0,0.0,0.0,0.0,
ENG-Premier League,1718,2018-03-17 AFC Bournemouth-West Bromwich Albion,West Bromwich Albion,Ben Foster,False,Goalkeeper,,start,end,1.0,0.0,0.0,0.0,0.0,0.0,0.0,2.0,3.0,0.0,0.0,0.0,0.0,0.0,
ENG-Premier League,1718,2018-03-17 Huddersfield Town-Crystal Palace,Crystal Palace,Wayne Hennessey,False,Goalkeeper,,start,end,1.0,0.0,0.0,0.0,0.0,0.0,0.0,0.0,2.0,0.0,0.0,0.0,0.0,0.0,
ENG-Premier League,1718,2018-03-17 Huddersfield Town-Crystal Palace,Huddersfield Town,Jonas Lössl,True,Goalkeeper,,start,end,1.0,0.0,0.0,0.0,0.0,0.0,0.0,2.0,3.0,0.0,0.0,0.0,0.0,0.0,
ENG-Premier League,1718,2018-03-17 Liverpool-Watford,Liverpool,Loris Karius,True,Goalkeeper,,start,end,1.0,0.0,0.0,0.0,0.0,0.0,0.0,0.0,1.0,0.0,0.0,0.0,0.0,0.0,
ENG-Premier League,1718,2018-03-17 Liverpool-Watford,Watford,Orestis Karnezis,False,Goalkeeper,,start,end,1.0,0.0,0.0,0.0,0.0,0.0,0.0,5.0,5.0,0.0,0.0,0.0,0.0,0.0,
ENG-Premier League,1718,2018-03-17 Stoke City-Everton,Everton,Jordan Pickford,False,Goalkeeper,,start,end,1.0,0.0,0.0,0.0,0.0,0.0,0.0,1.0,3.0,0.0,0.0,0.0,0.0,0.0,
ENG-Premier League,1718,2018-03-17 Stoke City-Everton,Stoke City,Jack Butland,True,Goalkeeper,,start,end,1.0,0.0,0.0,0.0,0.0,0.0,0.0,2.0,6.0,0.0,0.0,0.0,0.0,0.0,
ENG-Premier League,1718,2018-03-31 Brighton & Hove Albion-Leicester City,Brighton & Hove Albion,Mathew Ryan,True,Goalkeeper,,start,end,1.0,0.0,0.0,0.0,0.0,0.0,0.0,2.0,2.0,0.0,0.0,0.0,0.0,0.0,
ENG-Premier League,1718,2018-03-31 Brighton & Hove Albion-Leicester City,Leicester City,Kasper Schmeichel,False,Goalkeeper,,start,end,1.0,0.0,0.0,0.0,0.0,0.0,0.0,0.0,3.0,0.0,0.0,0.0,0.0,0.0,
ENG-Premier League,1718,2018-03-31 Crystal Palace-Liverpool,Crystal Palace,Wayne Hennessey,True,Goalkeeper,,start,end,1.0,0.0,0.0,0.0,0.0,0.0,0.0,2.0,4.0,0.0,0.0,0.0,0.0,0.0,
ENG-Premier League,1718,2018-03-31 Crystal Palace-Liverpool,Liverpool,Loris Karius,False,Goalkeeper,,start,end,1.0,1.0,0.0,0.0,0.0,0.0,1.0,1.0,2.0,0.0,0.0,0.0,0.0,0.0,
ENG-Premier League,1718,2018-03-31 Everton-Manchester City,Everton,Jordan Pickford,True,Goalkeeper,,start,end,1.0,0.0,1.0,0.0,0.0,0.0,0.0,3.0,1.0,0.0,0.0,0.0,0.0,0.0,
ENG-Premier League,1718,2018-03-31 Everton-Manchester City,Manchester City,Ederson,False,Goalkeeper,,start,end,1.0,0.0,0.0,0.0,0.0,0.0,0.0,1.0,1.0,0.0,0.0,0.0,0.0,0.0,
ENG-Premier League,1718,2018-03-31 Manchester United-Swansea City,Manchester United,David de Gea,True,Goalkeeper,,start,end,1.0,0.0,0.0,0.0,0.0,0.0,0.0,0.0,2.0,0.0,0.0,0.0,0.0,0.0,
ENG-Premier League,1718,2018-03-31 Manchester United-Swansea City,Swansea City,Lukasz Fabianski,False,Goalkeeper,,start,end,1.0,0.0,0.0,0.0,0.0,0.0,0.0,2.0,3.0,0.0,0.0,0.0,0.0,0.0,
ENG-Premier League,1718,2018-03-31 Newcastle United-Huddersfield Town,Huddersfield Town,Jonas Lössl,False,Goalkeeper,,start,end,1.0,0.0,0.0,0.0,0.0,0.0,0.0,1.0,2.0,0.0,0.0,0.0,0.0,0.0,
ENG-Premier League,1718,2018-03-31 Newcastle United-Huddersfield Town,Newcastle United,Martin Dúbravka,True,Goalkeeper,,start,end,1.0,0.0,1.0,0.0,0.0,0.0,0.0,0.0,0.0,0.0,0.0,0.0,0.0,0.0,
ENG-Premier League,1718,2018-03-31 Watford-AFC Bournemouth,AFC Bournemouth,Asmir Begovic,False,Goalkeeper,,start,end,1.0,0.0,0.0,0.0,0.0,0.0,0.0,2.0,3.0,0.0,0.0,0.0,0.0,0.0,
ENG-Premier League,1718,2018-03-31 Watford-AFC Bournemouth,Watford,Orestis Karnezis,True,Goalkeeper,,start,end,1.0,0.0,0.0,0.0,0.0,0.0,0.0,2.0,4.0,0.0,0.0,0.0,0.0,0.0,
ENG-Premier League,1718,2018-03-31 West Bromwich Albion-Burnley,Burnley,Nick Pope,False,Goalkeeper,,start,end,1.0,0.0,0.0,0.0,0.0,0.0,1.0,1.0,2.0,0.0,0.0,0.0,0.0,0.0,
ENG-Premier League,1718,2018-03-31 West Bromwich Albion-Burnley,West Bromwich Albion,Ben Foster,True,Goalkeeper,,start,end,1.0,0.0,0.0,0.0,0.0,0.0,0.0,2.0,2.0,0.0,0.0,0.0,0.0,0.0,
ENG-Premier League,1718,2018-03-31 West Ham United-Southampton,Southampton,Alex McCarthy,False,Goalkeeper,,start,end,1.0,0.0,0.0,0.0,0.0,0.0,0.0,3.0,2.0,0.0,0.0,0.0,0.0,0.0,
ENG-Premier League,1718,2018-03-31 West Ham United-Southampton,West Ham United,Joe Hart,True,Goalkeeper,,start,end,1.0,0.0,0.0,0.0,0.0,0.0,0.0,0.0,0.0,0.0,0.0,0.0,0.0,0.0,
ENG-Premier League,1718,2018-04-01 Arsenal-Stoke City,Arsenal,David Ospina,True,Goalkeeper,,start,end,1.0,0.0,1.0,0.0,0.0,0.0,0.0,0.0,2.0,0.0,0.0,0.0,0.0,0.0,
ENG-Premier League,1718,2018-04-01 Arsenal-Stoke City,Stoke City,Jack Butland,False,Goalkeeper,,start,end,1.0,0.0,0.0,0.0,0.0,0.0,0.0,3.0,8.0,0.0,0.0,0.0,0.0,0.0,
ENG-Premier League,1718,2018-04-01 Chelsea-Tottenham Hotspur,Chelsea,Wilfredo Caballero,True,Goalkeeper,,start,end,1.0,0.0,0.0,0.0,0.0,0.0,0.0,3.0,3.0,0.0,0.0,0.0,0.0,0.0,
ENG-Premier League,1718,2018-04-01 Chelsea-Tottenham Hotspur,Tottenham Hotspur,Hugo Lloris,False,Goalkeeper,,start,end,1.0,0.0,0.0,0.0,0.0,0.0,0.0,1.0,3.0,0.0,0.0,0.0,0.0,0.0,
ENG-Premier League,1718,2018-04-07 AFC Bournemouth-Crystal Palace,AFC Bournemouth,Asmir Begovic,True,Goalkeeper,,start,end,1.0,0.0,0.0,0.0,0.0,0.0,0.0,2.0,4.0,0.0,0.0,0.0,0.0,0.0,
ENG-Premier League,1718,2018-04-07 AFC Bournemouth-Crystal Palace,Crystal Palace,Wayne Hennessey,False,Goalkeeper,,start,end,1.0,0.0,0.0,0.0,0.0,0.0,0.0,2.0,3.0,0.0,0.0,0.0,0.0,0.0,
ENG-Premier League,1718,2018-04-07 Brighton & Hove Albion-Huddersfield Town,Brighton & Hove Albion,Mathew Ryan,True,Goalkeeper,,start,end,1.0,0.0,0.0,0.0,0.0,0.0,0.0,1.0,4.0,0.0,0.0,0.0,0.0,0.0,
ENG-Premier League,1718,2018-04-07 Brighton & Hove Albion-Huddersfield Town,Huddersfield Town,Jonas Lössl,False,Goalkeeper,,start,end,1.0,0.0,0.0,1.0,0.0,0.0,0.0,1.0,4.0,0.0,0.0,0.0,0.0,0.0,
ENG-Premier League,1718,2018-04-07 Everton-Liverpool,Everton,Jordan Pickford,True,Goalkeeper,,start,end,1.0,0.0,0.0,0.0,0.0,0.0,0.0,0.0,4.0,0.0,0.0,0.0,0.0,0.0,
ENG-Premier League,1718,2018-04-07 Everton-Liverpool,Liverpool,Loris Karius,False,Goalkeeper,,start,end,1.0,0.0,0.0,0.0,0.0,0.0,0.0,0.0,1.0,0.0,0.0,0.0,0.0,0.0,
ENG-Premier League,1718,2018-04-07 Leicester City-Newcastle United,Leicester City,Kasper Schmeichel,True,Goalkeeper,,start,end,1.0,0.0,0.0,0.0,0.0,0.0,0.0,2.0,2.0,0.0,0.0,0.0,0.0,0.0,
ENG-Premier League,1718,2018-04-07 Leicester City-Newcastle United,Newcastle United,Martin Dúbravka,False,Goalkeeper,,start,end,1.0,0.0,0.0,0.0,0.0,0.0,0.0,1.0,0.0,0.0,0.0,0.0,0.0,0.0,
ENG-Premier League,1718,2018-04-07 Manchester City-Manchester United,Manchester City,Ederson,True,Goalkeeper,,start,end,1.0,0.0,0.0,0.0,0.0,0.0,0.0,3.0,1.0,0.0,0.0,0.0,0.0,0.0,
ENG-Premier League,1718,2018-04-07 Manchester City-Manchester United,Manchester United,David de Gea,False,Goalkeeper,,start,end,1.0,0.0,0.0,0.0,0.0,0.0,0.0,2.0,4.0,0.0,0.0,0.0,0.0,0.0,
ENG-Premier League,1718,2018-04-07 Stoke City-Tottenham Hotspur,Stoke City,Jack Butland,True,Goalkeeper,,start,end,1.0,0.0,0.0,0.0,0.0,0.0,0.0,2.0,2.0,0.0,0.0,0.0,0.0,0.0,
ENG-Premier League,1718,2018-04-07 Stoke City-Tottenham Hotspur,Tottenham Hotspur,Hugo Lloris,False,Goalkeeper,,start,end,1.0,0.0,0.0,0.0,0.0,0.0,0.0,1.0,3.0,0.0,0.0,0.0,0.0,0.0,
ENG-Premier League,1718,2018-04-07 Watford-Burnley,Burnley,Nick Pope,False,Goalkeeper,,start,end,1.0,0.0,0.0,0.0,0.0,0.0,0.0,1.0,4.0,0.0,0.0,0.0,0.0,0.0,
ENG-Premier League,1718,2018-04-07 Watford-Burnley,Watford,Orestis Karnezis,True,Goalkeeper,,start,end,1.0,0.0,0.0,0.0,0.0,0.0,0.0,2.0,2.0,0.0,0.0,0.0,0.0,0.0,
ENG-Premier League,1718,2018-04-07 West Bromwich Albion-Swansea City,Swansea City,Lukasz Fabianski,False,Goalkeeper,,start,end,1.0,0.0,0.0,0.0,0.0,0.0,0.0,1.0,2.0,0.0,0.0,0.0,0.0,0.0,
ENG-Premier League,1718,2018-04-07 West Bromwich Albion-Swansea City,West Bromwich Albion,Ben Foster,True,Goalkeeper,,start,end,1.0,0.0,0.0,0.0,0.0,0.0,0.0,1.0,0.0,0.0,0.0,0.0,0.0,0.0,
ENG-Premier League,1718,2018-04-08 Arsenal-Southampton,Arsenal,Petr Cech,True,Goalkeeper,,start,end,1.0,0.0,0.0,0.0,0.0,0.0,0.0,2.0,5.0,0.0,0.0,0.0,0.0,0.0,
ENG-Premier League,1718,2018-04-08 Arsenal-Southampton,Southampton,Alex McCarthy,False,Goalkeeper,,start,end,1.0,0.0,0.0,0.0,0.0,0.0,0.0,3.0,4.0,0.0,0.0,0.0,0.0,0.0,
ENG-Premier League,1718,2018-04-08 Chelsea-West Ham United,Chelsea,Thibaut Courtois,True,Goalkeeper,,start,end,1.0,0.0,1.0,0.0,0.0,0.0,0.0,1.0,1.0,0.0,0.0,0.0,0.0,0.0,
ENG-Premier League,1718,2018-04-08 Chelsea-West Ham United,West Ham United,Joe Hart,False,Goalkeeper,,start,end,1.0,0.0,0.0,0.0,0.0,0.0,0.0,1.0,5.0,0.0,0.0,0.0,0.0,0.0,
ENG-Premier League,1718,2018-04-14 Burnley-Leicester City,Burnley,Nick Pope,True,Goalkeeper,,start,end,1.0,0.0,0.0,0.0,0.0,0.0,0.0,1.0,5.0,0.0,0.0,0.0,0.0,0.0,
ENG-Premier League,1718,2018-04-14 Burnley-Leicester City,Leicester City,Kasper Schmeichel,False,Goalkeeper,,start,86,1.0,0.0,1.0,0.0,0.0,0.0,0.0,2.0,1.0,0.0,0.0,0.0,0.0,0.0,
ENG-Premier League,1718,2018-04-14 Crystal Palace-Brighton & Hove Albion,Brighton & Hove Albion,Mathew Ryan,False,Goalkeeper,,start,end,1.0,0.0,0.0,0.0,0.0,0.0,0.0,3.0,4.0,0.0,0.0,0.0,0.0,0.0,
ENG-Premier League,1718,2018-04-14 Crystal Palace-Brighton & Hove Albion,Crystal Palace,Wayne Hennessey,True,Goalkeeper,,start,end,1.0,0.0,0.0,0.0,0.0,0.0,1.0,2.0,1.0,0.0,0.0,0.0,0.0,0.0,
ENG-Premier League,1718,2018-04-14 Huddersfield Town-Watford,Huddersfield Town,Jonas Lössl,True,Goalkeeper,,start,end,1.0,0.0,0.0,0.0,0.0,0.0,0.0,0.0,2.0,0.0,0.0,0.0,0.0,0.0,
ENG-Premier League,1718,2018-04-14 Huddersfield Town-Watford,Watford,Orestis Karnezis,False,Goalkeeper,,start,end,1.0,0.0,0.0,0.0,0.0,0.0,0.0,1.0,0.0,0.0,0.0,0.0,0.0,0.0,
ENG-Premier League,1718,2018-04-14 Liverpool-AFC Bournemouth,AFC Bournemouth,Asmir Begovic,False,Goalkeeper,,start,end,1.0,0.0,0.0,0.0,0.0,0.0,0.0,3.0,3.0,0.0,0.0,0.0,0.0,0.0,
ENG-Premier League,1718,2018-04-14 Liverpool-AFC Bournemouth,Liverpool,Loris Karius,True,Goalkeeper,,start,end,1.0,0.0,0.0,0.0,0.0,0.0,0.0,0.0,1.0,0.0,0.0,0.0,0.0,0.0,
ENG-Premier League,1718,2018-04-14 Southampton-Chelsea,Chelsea,Thibaut Courtois,False,Goalkeeper,,start,end,1.0,0.0,0.0,0.0,0.0,0.0,0.0,2.0,5.0,0.0,0.0,0.0,0.0,0.0,
ENG-Premier League,1718,2018-04-14 Southampton-Chelsea,Southampton,Alex McCarthy,True,Goalkeeper,,start,end,1.0,0.0,0.0,0.0,0.0,0.0,0.0,3.0,2.0,0.0,0.0,0.0,0.0,0.0,
ENG-Premier League,1718,2018-04-14 Swansea City-Everton,Everton,Jordan Pickford,False,Goalkeeper,,start,end,1.0,0.0,0.0,0.0,0.0,0.0,0.0,1.0,4.0,0.0,0.0,0.0,0.0,0.0,
ENG-Premier League,1718,2018-04-14 Swansea City-Everton,Swansea City,Lukasz Fabianski,True,Goalkeeper,,start,end,1.0,0.0,0.0,0.0,0.0,0.0,0.0,1.0,3.0,0.0,0.0,0.0,0.0,0.0,
ENG-Premier League,1718,2018-04-14 Tottenham Hotspur-Manchester City,Manchester City,Ederson,False,Goalkeeper,,start,end,1.0,0.0,0.0,0.0,0.0,0.0,0.0,1.0,2.0,0.0,0.0,0.0,0.0,0.0,
ENG-Premier League,1718,2018-04-14 Tottenham Hotspur-Manchester City,Tottenham Hotspur,Hugo Lloris,True,Goalkeeper,,start,end,1.0,1.0,0.0,0.0,0.0,0.0,1.0,3.0,3.0,0.0,0.0,0.0,0.0,0.0,
ENG-Premier League,1718,2018-04-15 Manchester United-West Bromwich Albion,Manchester United,David de Gea,True,Goalkeeper,,start,end,1.0,0.0,0.0,0.0,0.0,0.0,0.0,1.0,3.0,0.0,0.0,0.0,0.0,0.0,
ENG-Premier League,1718,2018-04-15 Manchester United-West Bromwich Albion,West Bromwich Albion,Ben Foster,False,Goalkeeper,,start,end,1.0,0.0,0.0,0.0,0.0,0.0,0.0,0.0,4.0,0.0,0.0,0.0,0.0,0.0,
ENG-Premier League,1718,2018-04-15 Newcastle United-Arsenal,Arsenal,Petr Cech,False,Goalkeeper,,start,end,1.0,0.0,0.0,0.0,0.0,0.0,0.0,2.0,2.0,0.0,0.0,0.0,0.0,0.0,
ENG-Premier League,1718,2018-04-15 Newcastle United-Arsenal,Newcastle United,Martin Dúbravka,True,Goalkeeper,,start,end,1.0,0.0,0.0,0.0,0.0,0.0,0.0,1.0,2.0,0.0,0.0,0.0,0.0,0.0,
ENG-Premier League,1718,2018-04-16 West Ham United-Stoke City,Stoke City,Jack Butland,False,Goalkeeper,,start,end,1.0,0.0,0.0,0.0,0.0,0.0,0.0,1.0,5.0,0.0,0.0,0.0,0.0,0.0,
ENG-Premier League,1718,2018-04-16 West Ham United-Stoke City,West Ham United,Joe Hart,True,Goalkeeper,,start,end,1.0,0.0,0.0,0.0,0.0,0.0,0.0,1.0,5.0,0.0,0.0,0.0,0.0,0.0,
ENG-Premier League,1718,2018-04-17 Brighton & Hove Albion-Tottenham Hotspur,Brighton & Hove Albion,Mathew Ryan,True,Goalkeeper,,start,end,1.0,0.0,0.0,0.0,0.0,0.0,0.0,1.0,5.0,0.0,0.0,0.0,0.0,0.0,
ENG-Premier League,1718,2018-04-17 Brighton & Hove Albion-Tottenham Hotspur,Tottenham Hotspur,Hugo Lloris,False,Goalkeeper,,start,end,1.0,0.0,0.0,0.0,0.0,0.0,0.0,1.0,4.0,0.0,0.0,0.0,0.0,0.0,
ENG-Premier League,1718,2018-04-18 AFC Bournemouth-Manchester United,AFC Bournemouth,Asmir Begovic,True,Goalkeeper,,start,end,1.0,0.0,0.0,0.0,0.0,0.0,0.0,2.0,2.0,0.0,0.0,0.0,0.0,0.0,
ENG-Premier League,1718,2018-04-18 AFC Bournemouth-Manchester United,Manchester United,David de Gea,False,Goalkeeper,,start,end,1.0,0.0,0.0,0.0,0.0,0.0,0.0,0.0,2.0,0.0,0.0,0.0,0.0,0.0,
ENG-Premier League,1718,2018-04-19 Burnley-Chelsea,Burnley,Nick Pope,True,Goalkeeper,,start,end,1.0,0.0,0.0,0.0,0.0,0.0,0.0,2.0,4.0,0.0,0.0,0.0,0.0,0.0,
ENG-Premier League,1718,2018-04-19 Burnley-Chelsea,Chelsea,Thibaut Courtois,False,Goalkeeper,,start,end,1.0,0.0,0.0,0.0,0.0,0.0,0.0,1.0,1.0,0.0,0.0,0.0,0.0,0.0,
ENG-Premier League,1718,2018-04-19 Leicester City-Southampton,Leicester City,Ben Hamer,True,Goalkeeper,,start,end,1.0,0.0,0.0,0.0,0.0,0.0,0.0,0.0,2.0,0.0,0.0,0.0,0.0,0.0,
ENG-Premier League,1718,2018-04-19 Leicester City-Southampton,Southampton,Alex McCarthy,False,Goalkeeper,,start,end,1.0,0.0,0.0,0.0,0.0,0.0,0.0,0.0,3.0,0.0,0.0,0.0,0.0,0.0,
ENG-Premier League,1718,2018-04-21 Watford-Crystal Palace,Crystal Palace,Wayne Hennessey,False,Goalkeeper,,start,end,1.0,0.0,0.0,0.0,0.0,0.0,0.0,0.0,5.0,0.0,0.0,0.0,0.0,0.0,
ENG-Premier League,1718,2018-04-21 Watford-Crystal Palace,Watford,Orestis Karnezis,True,Goalkeeper,,start,end,1.0,0.0,1.0,0.0,0.0,0.0,0.0,0.0,1.0,0.0,0.0,0.0,0.0,0.0,
ENG-Premier League,1718,2018-04-21 West Bromwich Albion-Liverpool,Liverpool,Loris Karius,False,Goalkeeper,,start,end,1.0,0.0,0.0,0.0,0.0,0.0,0.0,2.0,4.0,0.0,0.0,0.0,0.0,0.0,
ENG-Premier League,1718,2018-04-21 West Bromwich Albion-Liverpool,West Bromwich Albion,Ben Foster,True,Goalkeeper,,start,end,1.0,0.0,0.0,0.0,0.0,0.0,0.0,2.0,1.0,0.0,0.0,0.0,0.0,0.0,
ENG-Premier League,1718,2018-04-22 Arsenal-West Ham United,Arsenal,David Ospina,True,Goalkeeper,,start,end,1.0,0.0,0.0,0.0,0.0,0.0,0.0,1.0,3.0,0.0,0.0,0.0,0.0,0.0,
ENG-Premier League,1718,2018-04-22 Arsenal-West Ham United,West Ham United,Joe Hart,False,Goalkeeper,,start,end,1.0,0.0,0.0,0.0,0.0,0.0,0.0,4.0,4.0,0.0,0.0,0.0,0.0,0.0,
ENG-Premier League,1718,2018-04-22 Manchester City-Swansea City,Manchester City,Ederson,True,Goalkeeper,,start,end,1.0,0.0,0.0,0.0,0.0,0.0,0.0,0.0,1.0,0.0,0.0,0.0,0.0,0.0,
ENG-Premier League,1718,2018-04-22 Manchester City-Swansea City,Swansea City,Lukasz Fabianski,False,Goalkeeper,,start,end,1.0,0.0,0.0,0.0,0.0,0.0,0.0,5.0,7.0,0.0,0.0,0.0,0.0,0.0,
ENG-Premier League,1718,2018-04-22 Stoke City-Burnley,Burnley,Nick Pope,False,Goalkeeper,,start,end,1.0,0.0,0.0,0.0,0.0,0.0,0.0,1.0,2.0,0.0,0.0,0.0,0.0,0.0,
ENG-Premier League,1718,2018-04-22 Stoke City-Burnley,Stoke City,Jack Butland,True,Goalkeeper,,start,end,1.0,0.0,0.0,0.0,0.0,0.0,0.0,1.0,6.0,0.0,0.0,0.0,0.0,0.0,
ENG-Premier League,1718,2018-04-23 Everton-Newcastle United,Everton,Jordan Pickford,True,Goalkeeper,,start,end,1.0,0.0,0.0,0.0,0.0,0.0,0.0,0.0,2.0,0.0,0.0,0.0,0.0,0.0,
ENG-Premier League,1718,2018-04-23 Everton-Newcastle United,Newcastle United,Martin Dúbravka,False,Goalkeeper,,start,end,1.0,0.0,0.0,0.0,0.0,0.0,0.0,1.0,0.0,0.0,0.0,0.0,0.0,0.0,
ENG-Premier League,1718,2018-04-28 Burnley-Brighton & Hove Albion,Brighton & Hove Albion,Mathew Ryan,False,Goalkeeper,,start,end,1.0,0.0,0.0,0.0,0.0,0.0,0.0,0.0,4.0,0.0,0.0,0.0,0.0,0.0,
ENG-Premier League,1718,2018-04-28 Burnley-Brighton & Hove Albion,Burnley,Nick Pope,True,Goalkeeper,,start,end,1.0,0.0,1.0,0.0,0.0,0.0,0.0,0.0,2.0,0.0,0.0,0.0,0.0,0.0,
ENG-Premier League,1718,2018-04-28 Crystal Palace-Leicester City,Crystal Palace,Wayne Hennessey,True,Goalkeeper,,start,end,1.0,0.0,0.0,0.0,0.0,0.0,0.0,0.0,0.0,0.0,0.0,0.0,0.0,0.0,
ENG-Premier League,1718,2018-04-28 Crystal Palace-Leicester City,Leicester City,Ben Hamer,False,Goalkeeper,,start,end,1.0,0.0,0.0,0.0,0.0,0.0,0.0,5.0,3.0,0.0,0.0,0.0,0.0,0.0,
ENG-Premier League,1718,2018-04-28 Huddersfield Town-Everton,Everton,Jordan Pickford,False,Goalkeeper,,start,end,1.0,0.0,0.0,0.0,0.0,0.0,0.0,0.0,2.0,0.0,0.0,0.0,0.0,0.0,
ENG-Premier League,1718,2018-04-28 Huddersfield Town-Everton,Huddersfield Town,Jonas Lössl,True,Goalkeeper,,start,end,1.0,0.0,0.0,0.0,0.0,0.0,0.0,2.0,3.0,0.0,0.0,0.0,0.0,0.0,
ENG-Premier League,1718,2018-04-28 Liverpool-Stoke City,Liverpool,Loris Karius,True,Goalkeeper,,start,end,1.0,0.0,0.0,0.0,0.0,0.0,0.0,0.0,1.0,0.0,0.0,0.0,0.0,0.0,
ENG-Premier League,1718,2018-04-28 Liverpool-Stoke City,Stoke City,Jack Butland,False,Goalkeeper,,start,end,1.0,0.0,0.0,0.0,0.0,0.0,0.0,0.0,2.0,0.0,0.0,0.0,0.0,0.0,
ENG-Premier League,1718,2018-04-28 Newcastle United-West Bromwich Albion,Newcastle United,Martin Dúbravka,True,Goalkeeper,,start,end,1.0,0.0,0.0,0.0,0.0,0.0,0.0,1.0,1.0,0.0,0.0,0.0,0.0,0.0,
ENG-Premier League,1718,2018-04-28 Newcastle United-West Bromwich Albion,West Bromwich Albion,Ben Foster,False,Goalkeeper,,start,end,1.0,0.0,0.0,0.0,0.0,0.0,0.0,0.0,2.0,0.0,0.0,0.0,0.0,0.0,
ENG-Premier League,1718,2018-04-28 Southampton-AFC Bournemouth,AFC Bournemouth,Asmir Begovic,False,Goalkeeper,,start,end,1.0,0.0,0.0,0.0,0.0,0.0,0.0,2.0,4.0,0.0,0.0,0.0,0.0,0.0,
ENG-Premier League,1718,2018-04-28 Southampton-AFC Bournemouth,Southampton,Alex McCarthy,True,Goalkeeper,,start,end,1.0,0.0,0.0,0.0,0.0,0.0,1.0,1.0,6.0,0.0,0.0,0.0,0.0,0.0,
ENG-Premier League,1718,2018-04-28 Swansea City-Chelsea,Chelsea,Thibaut Courtois,False,Goalkeeper,,start,end,1.0,0.0,0.0,0.0,0.0,0.0,0.0,0.0,3.0,0.0,0.0,0.0,0.0,0.0,
ENG-Premier League,1718,2018-04-28 Swansea City-Chelsea,Swansea City,Lukasz Fabianski,True,Goalkeeper,,start,end,1.0,0.0,0.0,0.0,0.0,0.0,0.0,1.0,2.0,0.0,0.0,0.0,0.0,0.0,
ENG-Premier League,1718,2018-04-29 Manchester United-Arsenal,Arsenal,David Ospina,False,Goalkeeper,,start,end,1.0,0.0,1.0,0.0,0.0,0.0,0.0,2.0,0.0,0.0,0.0,0.0,0.0,0.0,
ENG-Premier League,1718,2018-04-29 Manchester United-Arsenal,Manchester United,David de Gea,True,Goalkeeper,,start,end,1.0,0.0,0.0,0.0,0.0,0.0,0.0,1.0,2.0,0.0,0.0,0.0,0.0,0.0,
ENG-Premier League,1718,2018-04-29 West Ham United-Manchester City,Manchester City,Ederson,False,Goalkeeper,,start,end,1.0,0.0,1.0,0.0,0.0,0.0,0.0,1.0,0.0,0.0,0.0,0.0,0.0,0.0,
ENG-Premier League,1718,2018-04-29 West Ham United-Manchester City,West Ham United,Adrián,True,Goalkeeper,,start,end,1.0,0.0,0.0,0.0,0.0,0.0,0.0,4.0,4.0,0.0,0.0,0.0,0.0,0.0,
ENG-Premier League,1718,2018-04-30 Tottenham Hotspur-Watford,Tottenham Hotspur,Hugo Lloris,True,Goalkeeper,,start,end,1.0,0.0,0.0,0.0,0.0,0.0,0.0,0.0,5.0,0.0,0.0,0.0,0.0,0.0,
ENG-Premier League,1718,2018-04-30 Tottenham Hotspur-Watford,Watford,Orestis Karnezis,False,Goalkeeper,,start,end,1.0,0.0,0.0,0.0,0.0,0.0,0.0,2.0,1.0,0.0,0.0,0.0,0.0,0.0,
ENG-Premier League,1718,2018-05-04 Brighton & Hove Albion-Manchester United,Brighton & Hove Albion,Mathew Ryan,True,Goalkeeper,,start,end,1.0,0.0,0.0,0.0,0.0,0.0,0.0,0.0,3.0,0.0,0.0,0.0,0.0,0.0,
ENG-Premier League,1718,2018-05-04 Brighton & Hove Albion-Manchester United,Manchester United,David de Gea,False,Goalkeeper,,start,end,1.0,0.0,0.0,0.0,0.0,0.0,0.0,1.0,3.0,0.0,0.0,0.0,0.0,0.0,
ENG-Premier League,1718,2018-05-05 AFC Bournemouth-Swansea City,AFC Bournemouth,Asmir Begovic,True,Goalkeeper,,start,end,1.0,0.0,0.0,0.0,0.0,0.0,0.0,0.0,3.0,0.0,0.0,0.0,0.0,0.0,
ENG-Premier League,1718,2018-05-05 AFC Bournemouth-Swansea City,Swansea City,Lukasz Fabianski,False,Goalkeeper,,start,end,1.0,0.0,0.0,0.0,0.0,0.0,0.0,1.0,4.0,0.0,0.0,0.0,0.0,0.0,
ENG-Premier League,1718,2018-05-05 Everton-Southampton,Everton,Jordan Pickford,True,Goalkeeper,,start,end,1.0,0.0,0.0,0.0,0.0,0.0,0.0,1.0,4.0,0.0,0.0,0.0,0.0,0.0,
ENG-Premier League,1718,2018-05-05 Everton-Southampton,Southampton,Alex McCarthy,False,Goalkeeper,,start,end,1.0,0.0,0.0,0.0,0.0,0.0,0.0,1.0,2.0,0.0,0.0,0.0,0.0,0.0,
ENG-Premier League,1718,2018-05-05 Leicester City-West Ham United,Leicester City,Ben Hamer,True,Goalkeeper,,start,end,1.0,0.0,0.0,0.0,0.0,0.0,0.0,2.0,1.0,0.0,0.0,0.0,0.0,0.0,
ENG-Premier League,1718,2018-05-05 Leicester City-West Ham United,West Ham United,Adrián,False,Goalkeeper,,start,end,1.0,0.0,0.0,0.0,0.0,0.0,0.0,0.0,3.0,0.0,0.0,0.0,0.0,0.0,
ENG-Premier League,1718,2018-05-05 Stoke City-Crystal Palace,Crystal Palace,Wayne Hennessey,False,Goalkeeper,,start,end,1.0,0.0,1.0,0.0,0.0,0.0,0.0,1.0,1.0,0.0,0.0,0.0,0.0,0.0,
ENG-Premier League,1718,2018-05-05 Stoke City-Crystal Palace,Stoke City,Jack Butland,True,Goalkeeper,,start,end,1.0,0.0,0.0,0.0,0.0,0.0,0.0,2.0,0.0,0.0,0.0,0.0,0.0,0.0,
ENG-Premier League,1718,2018-05-05 Watford-Newcastle United,Newcastle United,Martin Dúbravka,False,Goalkeeper,,start,end,1.0,0.0,1.0,0.0,0.0,0.0,0.0,2.0,6.0,0.0,0.0,0.0,0.0,0.0,
ENG-Premier League,1718,2018-05-05 Watford-Newcastle United,Watford,Orestis Karnezis,True,Goalkeeper,,start,end,1.0,0.0,0.0,0.0,0.0,0.0,0.0,1.0,1.0,0.0,0.0,0.0,0.0,0.0,
ENG-Premier League,1718,2018-05-05 West Bromwich Albion-Tottenham Hotspur,Tottenham Hotspur,Hugo Lloris,False,Goalkeeper,,start,end,1.0,0.0,0.0,0.0,0.0,0.0,0.0,1.0,2.0,0.0,0.0,0.0,0.0,0.0,
ENG-Premier League,1718,2018-05-05 West Bromwich Albion-Tottenham Hotspur,West Bromwich Albion,Ben Foster,True,Goalkeeper,,start,end,1.0,0.0,0.0,0.0,0.0,0.0,0.0,0.0,5.0,0.0,0.0,0.0,0.0,0.0,
ENG-Premier League,1718,2018-05-06 Arsenal-Burnley,Arsenal,Petr Cech,True,Goalkeeper,,start,end,1.0,0.0,0.0,0.0,0.0,0.0,0.0,0.0,2.0,0.0,0.0,0.0,0.0,0.0,
ENG-Premier League,1718,2018-05-06 Arsenal-Burnley,Burnley,Nick Pope,False,Goalkeeper,,start,end,1.0,0.0,0.0,0.0,0.0,0.0,0.0,5.0,3.0,0.0,0.0,0.0,0.0,0.0,
ENG-Premier League,1718,2018-05-06 Chelsea-Liverpool,Chelsea,Thibaut Courtois,True,Goalkeeper,,start,end,1.0,0.0,0.0,0.0,0.0,0.0,1.0,0.0,5.0,0.0,0.0,0.0,0.0,0.0,
ENG-Premier League,1718,2018-05-06 Chelsea-Liverpool,Liverpool,Loris Karius,False,Goalkeeper,,start,end,1.0,0.0,1.0,0.0,0.0,0.0,0.0,1.0,3.0,0.0,0.0,0.0,0.0,0.0,
ENG-Premier League,1718,2018-05-06 Manchester City-Huddersfield Town,Huddersfield Town,Jonas Lössl,False,Goalkeeper,1,start,end,1.0,0.0,0.0,0.0,0.0,0.0,0.0,0.0,2.0,0.0,0.0,0.0,0.0,0.0,
ENG-Premier League,1718,2018-05-06 Manchester City-Huddersfield Town,Manchester City,Ederson,True,Goalkeeper,1,start,end,1.0,0.0,0.0,0.0,0.0,0.0,0.0,0.0,3.0,0.0,0.0,0.0,0.0,0.0,
ENG-Premier League,1718,2018-05-08 Swansea City-Southampton,Southampton,Alex McCarthy,False,Goalkeeper,,start,end,1.0,0.0,0.0,0.0,0.0,0.0,0.0,0.0,3.0,0.0,0.0,0.0,0.0,0.0,
ENG-Premier League,1718,2018-05-08 Swansea City-Southampton,Swansea City,Lukasz Fabianski,True,Goalkeeper,,start,end,1.0,0.0,0.0,0.0,0.0,0.0,0.0,1.0,7.0,0.0,0.0,0.0,0.0,0.0,
ENG-Premier League,1718,2018-05-09 Chelsea-Huddersfield Town,Chelsea,Wilfredo Caballero,True,Goalkeeper,,start,end,1.0,0.0,0.0,0.0,0.0,0.0,0.0,1.0,1.0,0.0,0.0,0.0,0.0,0.0,
ENG-Premier League,1718,2018-05-09 Chelsea-Huddersfield Town,Huddersfield Town,Jonas Lössl,False,Goalkeeper,,start,end,1.0,0.0,0.0,0.0,0.0,0.0,1.0,1.0,4.0,0.0,0.0,0.0,0.0,0.0,
ENG-Premier League,1718,2018-05-09 Leicester City-Arsenal,Arsenal,Petr Cech,False,Goalkeeper,,start,end,1.0,0.0,0.0,0.0,0.0,0.0,0.0,3.0,7.0,0.0,0.0,0.0,0.0,0.0,
ENG-Premier League,1718,2018-05-09 Leicester City-Arsenal,Leicester City,Eldin Jakupovic,True,Goalkeeper,,start,end,1.0,0.0,0.0,0.0,0.0,0.0,0.0,1.0,6.0,0.0,0.0,0.0,0.0,0.0,
ENG-Premier League,1718,2018-05-09 Manchester City-Brighton & Hove Albion,Brighton & Hove Albion,Mathew Ryan,False,Goalkeeper,,start,end,1.0,0.0,0.0,0.0,0.0,0.0,0.0,3.0,4.0,0.0,0.0,0.0,0.0,0.0,
ENG-Premier League,1718,2018-05-09 Manchester City-Brighton & Hove Albion,Manchester City,Claudio Bravo,True,Goalkeeper,,start,end,1.0,0.0,1.0,0.0,0.0,0.0,0.0,1.0,2.0,0.0,0.0,0.0,0.0,0.0,
ENG-Premier League,1718,2018-05-09 Tottenham Hotspur-Newcastle United,Newcastle United,Martin Dúbravka,False,Goalkeeper,,start,end,1.0,0.0,0.0,0.0,0.0,0.0,0.0,1.0,6.0,0.0,0.0,0.0,0.0,0.0,
ENG-Premier League,1718,2018-05-09 Tottenham Hotspur-Newcastle United,Tottenham Hotspur,Hugo Lloris,True,Goalkeeper,,start,end,1.0,0.0,0.0,0.0,0.0,0.0,0.0,0.0,3.0,0.0,0.0,0.0,0.0,0.0,
ENG-Premier League,1718,2018-05-10 West Ham United-Manchester United,Manchester United,David de Gea,False,Goalkeeper,,start,end,1.0,0.0,0.0,0.0,0.0,0.0,0.0,0.0,2.0,0.0,0.0,0.0,0.0,0.0,
ENG-Premier League,1718,2018-05-10 West Ham United-Manchester United,West Ham United,Adrián,True,Goalkeeper,,start,end,1.0,0.0,0.0,0.0,0.0,0.0,0.0,0.0,6.0,0.0,0.0,0.0,0.0,0.0,
ENG-Premier League,1718,2018-05-13 Burnley-AFC Bournemouth,AFC Bournemouth,Asmir Begovic,False,Goalkeeper,,start,end,1.0,0.0,2.0,0.0,0.0,0.0,0.0,1.0,3.0,0.0,0.0,0.0,0.0,0.0,
ENG-Premier League,1718,2018-05-13 Burnley-AFC Bournemouth,Burnley,Nick Pope,True,Goalkeeper,,start,end,1.0,0.0,0.0,0.0,0.0,0.0,0.0,2.0,3.0,0.0,0.0,0.0,0.0,0.0,
ENG-Premier League,1718,2018-05-13 Crystal Palace-West Bromwich Albion,Crystal Palace,Wayne Hennessey,True,Goalkeeper,,start,end,1.0,0.0,0.0,0.0,0.0,0.0,0.0,0.0,1.0,0.0,0.0,0.0,0.0,0.0,
ENG-Premier League,1718,2018-05-13 Crystal Palace-West Bromwich Albion,West Bromwich Albion,Ben Foster,False,Goalkeeper,,start,end,1.0,0.0,0.0,0.0,0.0,0.0,0.0,2.0,4.0,0.0,0.0,0.0,0.0,0.0,
ENG-Premier League,1718,2018-05-13 Huddersfield Town-Arsenal,Arsenal,David Ospina,False,Goalkeeper,,start,end,1.0,0.0,2.0,0.0,0.0,0.0,0.0,0.0,3.0,0.0,0.0,0.0,0.0,0.0,
ENG-Premier League,1718,2018-05-13 Huddersfield Town-Arsenal,Huddersfield Town,Jonas Lössl,True,Goalkeeper,,start,end,1.0,0.0,0.0,0.0,0.0,0.0,0.0,1.0,3.0,0.0,0.0,0.0,0.0,0.0,
ENG-Premier League,1718,2018-05-13 Liverpool-Brighton & Hove Albion,Brighton & Hove Albion,Mathew Ryan,False,Goalkeeper,,start,end,1.0,0.0,0.0,0.0,0.0,0.0,0.0,4.0,6.0,0.0,0.0,0.0,0.0,0.0,
ENG-Premier League,1718,2018-05-13 Liverpool-Brighton & Hove Albion,Liverpool,Loris Karius,True,Goalkeeper,,start,end,1.0,0.0,0.0,0.0,0.0,0.0,0.0,0.0,1.0,0.0,0.0,0.0,0.0,0.0,
ENG-Premier League,1718,2018-05-13 Manchester United-Watford,Manchester United,Sergio Romero,True,Goalkeeper,,start,end,1.0,0.0,0.0,0.0,0.0,0.0,0.0,0.0,3.0,0.0,0.0,0.0,0.0,0.0,
ENG-Premier League,1718,2018-05-13 Manchester United-Watford,Watford,Heurelho Gomes,False,Goalkeeper,,start,end,1.0,0.0,0.0,0.0,0.0,0.0,0.0,1.0,0.0,0.0,0.0,0.0,0.0,0.0,
ENG-Premier League,1718,2018-05-13 Newcastle United-Chelsea,Chelsea,Thibaut Courtois,False,Goalkeeper,,start,end,1.0,0.0,0.0,0.0,0.0,0.0,0.0,3.0,4.0,0.0,0.0,0.0,0.0,0.0,
ENG-Premier League,1718,2018-05-13 Newcastle United-Chelsea,Newcastle United,Martin Dúbravka,True,Goalkeeper,,start,end,1.0,0.0,0.0,0.0,0.0,0.0,0.0,0.0,2.0,0.0,0.0,0.0,0.0,0.0,
ENG-Premier League,1718,2018-05-13 Southampton-Manchester City,Manchester City,Claudio Bravo,False,Goalkeeper,,start,end,1.0,0.0,0.0,0.0,0.0,0.0,0.0,0.0,2.0,0.0,0.0,0.0,0.0,0.0,
ENG-Premier League,1718,2018-05-13 Southampton-Manchester City,Southampton,Alex McCarthy,True,Goalkeeper,,start,end,1.0,0.0,0.0,0.0,0.0,0.0,0.0,1.0,1.0,0.0,0.0,0.0,0.0,0.0,
ENG-Premier League,1718,2018-05-13 Swansea City-Stoke City,Stoke City,Jack Butland,False,Goalkeeper,1,start,end,1.0,0.0,0.0,0.0,0.0,0.0,0.0,1.0,9.0,0.0,0.0,0.0,0.0,0.0,
ENG-Premier League,1718,2018-05-13 Swansea City-Stoke City,Swansea City,Lukasz Fabianski,True,Goalkeeper,1,start,end,1.0,0.0,0.0,0.0,0.0,0.0,0.0,2.0,3.0,0.0,0.0,0.0,0.0,0.0,
ENG-Premier League,1718,2018-05-13 Tottenham Hotspur-Leicester City,Leicester City,Eldin Jakupovic,False,Goalkeeper,1,start,end,1.0,0.0,1.0,0.0,0.0,0.0,0.0,5.0,2.0,0.0,0.0,0.0,0.0,0.0,
ENG-Premier League,1718,2018-05-13 Tottenham Hotspur-Leicester City,Tottenham Hotspur,Hugo Lloris,True,Goalkeeper,1,start,end,1.0,0.0,0.0,0.0,0.0,0.0,0.0,4.0,5.0,0.0,0.0,0.0,0.0,0.0,
ENG-Premier League,1718,2018-05-13 West Ham United-Everton,Everton,Jordan Pickford,False,Goalkeeper,,start,end,1.0,0.0,0.0,0.0,0.0,0.0,0.0,3.0,1.0,0.0,0.0,0.0,0.0,0.0,
ENG-Premier League,1718,2018-05-13 West Ham United-Everton,West Ham United,Adrián,True,Goalkeeper,,start,end,1.0,0.0,1.0,0.0,0.0,0.0,0.0,1.0,6.0,0.0,0.0,0.0,0.0,0.0,
