league,season,game,team,player,is_home,position,formation_place,sub_in,sub_out,appearances,fouls_committed,fouls_suffered,own_goals,red_cards,sub_ins,yellow_cards,goals_conceded,saves,shots_faced,goal_assists,shots_on_target,total_goals,total_shots,offsides
ITA-Serie A,1718,2017-08-19 Hellas Verona-Napoli,Hellas Verona,Nícolas Andrade,True,Goalkeeper,,start,end,1.0,0.0,0.0,0.0,0.0,0.0,0.0,3.0,9.0,0.0,0.0,0.0,0.0,0.0,
ITA-Serie A,1718,2017-08-19 Hellas Verona-Napoli,Napoli,Pepe Reina,False,Goalkeeper,,start,end,1.0,0.0,0.0,0.0,0.0,0.0,0.0,1.0,3.0,0.0,0.0,0.0,0.0,0.0,
ITA-Serie A,1718,2017-08-19 Juventus-Cagliari,Cagliari,Alessio Cragno,False,Goalkeeper,1,start,end,1.0,0.0,0.0,0.0,0.0,0.0,0.0,3.0,4.0,0.0,0.0,0.0,0.0,0.0,
ITA-Serie A,1718,2017-08-19 Juventus-Cagliari,Juventus,Gianluigi Buffon,True,Goalkeeper,1,start,end,1.0,0.0,0.0,0.0,0.0,0.0,0.0,0.0,2.0,0.0,0.0,0.0,0.0,0.0,
ITA-Serie A,1718,2017-08-20 Atalanta-AS Roma,AS Roma,Alisson Becker,False,Goalkeeper,,start,end,1.0,0.0,0.0,0.0,0.0,0.0,0.0,0.0,6.0,0.0,0.0,0.0,0.0,0.0,
ITA-Serie A,1718,2017-08-20 Atalanta-AS Roma,Atalanta,Etrit Berisha,True,Goalkeeper,,start,end,1.0,0.0,0.0,0.0,0.0,0.0,0.0,1.0,0.0,0.0,0.0,0.0,0.0,0.0,
ITA-Serie A,1718,2017-08-20 Bologna-Torino,Bologna,Antonio Mirante,True,Goalkeeper,,start,end,1.0,0.0,0.0,0.0,0.0,0.0,0.0,1.0,2.0,0.0,0.0,0.0,0.0,0.0,
ITA-Serie A,1718,2017-08-20 Bologna-Torino,Torino,Salvatore Sirigu,False,Goalkeeper,,start,end,1.0,0.0,0.0,0.0,0.0,0.0,0.0,1.0,2.0,0.0,0.0,0.0,0.0,0.0,
ITA-Serie A,1718,2017-08-20 Crotone-AC Milan,AC Milan,Gianluigi Donnarumma,False,Goalkeeper,,start,end,1.0,0.0,0.0,0.0,0.0,0.0,0.0,0.0,2.0,0.0,0.0,0.0,0.0,0.0,
ITA-Serie A,1718,2017-08-20 Crotone-AC Milan,Crotone,Alex Cordaz,True,Goalkeeper,,start,end,1.0,0.0,0.0,0.0,0.0,0.0,0.0,3.0,7.0,0.0,0.0,0.0,0.0,0.0,
ITA-Serie A,1718,2017-08-20 Internazionale-Fiorentina,Fiorentina,Marco Sportiello,False,Goalkeeper,,start,end,1.0,0.0,0.0,0.0,0.0,0.0,0.0,3.0,3.0,0.0,0.0,0.0,0.0,0.0,
ITA-Serie A,1718,2017-08-20 Internazionale-Fiorentina,Internazionale,Samir Handanovic,True,Goalkeeper,,start,end,1.0,0.0,0.0,0.0,0.0,0.0,0.0,0.0,3.0,0.0,0.0,0.0,0.0,0.0,
ITA-Serie A,1718,2017-08-20 Lazio-SPAL,Lazio,Thomas Strakosha,True,Goalkeeper,,start,end,1.0,0.0,0.0,0.0,0.0,0.0,0.0,0.0,2.0,0.0,0.0,0.0,0.0,0.0,
ITA-Serie A,1718,2017-08-20 Lazio-SPAL,SPAL,Alfred Gomis,False,Goalkeeper,,start,end,1.0,0.0,0.0,0.0,0.0,0.0,0.0,0.0,10.0,0.0,0.0,0.0,0.0,0.0,
ITA-Serie A,1718,2017-08-20 Sampdoria-Benevento,Benevento,Vid Belec,False,Goalkeeper,,start,end,1.0,0.0,0.0,0.0,0.0,0.0,0.0,2.0,4.0,0.0,0.0,0.0,0.0,0.0,
ITA-Serie A,1718,2017-08-20 Sampdoria-Benevento,Sampdoria,Christian Puggioni,True,Goalkeeper,,start,end,1.0,0.0,0.0,0.0,0.0,0.0,0.0,1.0,6.0,0.0,0.0,0.0,0.0,0.0,
ITA-Serie A,1718,2017-08-20 Sassuolo-Genoa,Genoa,Mattia Perin,False,Goalkeeper,,start,end,1.0,0.0,0.0,0.0,0.0,0.0,0.0,0.0,3.0,0.0,0.0,0.0,0.0,0.0,
ITA-Serie A,1718,2017-08-20 Sassuolo-Genoa,Sassuolo,Andrea Consigli,True,Goalkeeper,,start,end,1.0,0.0,0.0,0.0,0.0,0.0,0.0,0.0,4.0,0.0,0.0,0.0,0.0,0.0,
ITA-Serie A,1718,2017-08-20 Udinese-Chievo Verona,Chievo Verona,Stefano Sorrentino,False,Goalkeeper,,start,end,1.0,0.0,0.0,0.0,0.0,0.0,0.0,1.0,4.0,0.0,0.0,0.0,0.0,0.0,
ITA-Serie A,1718,2017-08-20 Udinese-Chievo Verona,Udinese,Simone Scuffet,True,Goalkeeper,,start,end,1.0,0.0,0.0,0.0,0.0,0.0,0.0,2.0,1.0,0.0,0.0,0.0,0.0,0.0,
ITA-Serie A,1718,2017-08-26 AS Roma-Internazionale,AS Roma,Alisson Becker,True,Goalkeeper,,start,end,1.0,0.0,0.0,0.0,0.0,0.0,0.0,3.0,5.0,0.0,0.0,0.0,0.0,0.0,
ITA-Serie A,1718,2017-08-26 AS Roma-Internazionale,Internazionale,Samir Handanovic,False,Goalkeeper,,start,end,1.0,0.0,0.0,0.0,0.0,0.0,0.0,1.0,1.0,0.0,0.0,0.0,0.0,0.0,
ITA-Serie A,1718,2017-08-26 Benevento-Bologna,Benevento,Vid Belec,True,Goalkeeper,,start,end,1.0,0.0,0.0,0.0,0.0,0.0,0.0,1.0,3.0,0.0,0.0,0.0,0.0,0.0,
ITA-Serie A,1718,2017-08-26 Benevento-Bologna,Bologna,Antonio Mirante,False,Goalkeeper,,start,end,1.0,1.0,0.0,0.0,0.0,0.0,1.0,0.0,6.0,0.0,0.0,0.0,0.0,0.0,
ITA-Serie A,1718,2017-08-26 Genoa-Juventus,Genoa,Mattia Perin,True,Goalkeeper,,start,end,1.0,0.0,0.0,0.0,0.0,0.0,0.0,4.0,4.0,0.0,0.0,0.0,0.0,0.0,
ITA-Serie A,1718,2017-08-26 Genoa-Juventus,Juventus,Gianluigi Buffon,False,Goalkeeper,,start,end,1.0,0.0,1.0,0.0,0.0,0.0,0.0,2.0,2.0,0.0,0.0,0.0,0.0,0.0,
ITA-Serie A,1718,2017-08-27 AC Milan-Cagliari,AC Milan,Gianluigi Donnarumma,True,Goalkeeper,,start,end,1.0,0.0,0.0,0.0,0.0,0.0,0.0,1.0,3.0,0.0,0.0,0.0,0.0,0.0,
ITA-Serie A,1718,2017-08-27 AC Milan-Cagliari,Cagliari,Alessio Cragno,False,Goalkeeper,,start,end,1.0,0.0,1.0,0.0,0.0,0.0,0.0,2.0,3.0,0.0,0.0,0.0,0.0,0.0,
ITA-Serie A,1718,2017-08-27 Chievo Verona-Lazio,Chievo Verona,Stefano Sorrentino,True,Goalkeeper,,start,end,1.0,0.0,1.0,0.0,0.0,0.0,0.0,2.0,1.0,0.0,0.0,0.0,0.0,0.0,
ITA-Serie A,1718,2017-08-27 Chievo Verona-Lazio,Lazio,Thomas Strakosha,False,Goalkeeper,,start,end,1.0,0.0,0.0,0.0,0.0,0.0,0.0,1.0,3.0,0.0,0.0,0.0,0.0,0.0,
ITA-Serie A,1718,2017-08-27 Crotone-Hellas Verona,Crotone,Alex Cordaz,True,Goalkeeper,,start,end,1.0,0.0,0.0,0.0,0.0,0.0,0.0,0.0,0.0,0.0,0.0,0.0,0.0,0.0,
ITA-Serie A,1718,2017-08-27 Crotone-Hellas Verona,Hellas Verona,Nícolas Andrade,False,Goalkeeper,,start,end,1.0,0.0,1.0,0.0,0.0,0.0,0.0,0.0,3.0,0.0,0.0,0.0,0.0,0.0,
ITA-Serie A,1718,2017-08-27 Fiorentina-Sampdoria,Fiorentina,Marco Sportiello,True,Goalkeeper,,start,end,1.0,0.0,0.0,0.0,0.0,0.0,0.0,2.0,3.0,0.0,0.0,0.0,0.0,0.0,
ITA-Serie A,1718,2017-08-27 Fiorentina-Sampdoria,Sampdoria,Christian Puggioni,False,Goalkeeper,,start,end,1.0,0.0,0.0,0.0,0.0,0.0,0.0,1.0,9.0,0.0,0.0,0.0,0.0,0.0,
ITA-Serie A,1718,2017-08-27 Napoli-Atalanta,Atalanta,Etrit Berisha,False,Goalkeeper,,start,end,1.0,0.0,0.0,0.0,0.0,0.0,0.0,3.0,1.0,0.0,0.0,0.0,0.0,0.0,
ITA-Serie A,1718,2017-08-27 Napoli-Atalanta,Napoli,Pepe Reina,True,Goalkeeper,,start,end,1.0,0.0,0.0,0.0,0.0,0.0,0.0,1.0,1.0,0.0,0.0,0.0,0.0,0.0,
ITA-Serie A,1718,2017-08-27 SPAL-Udinese,SPAL,Alfred Gomis,True,Goalkeeper,,start,end,1.0,0.0,1.0,0.0,0.0,0.0,0.0,2.0,1.0,0.0,0.0,0.0,0.0,0.0,
ITA-Serie A,1718,2017-08-27 SPAL-Udinese,Udinese,Simone Scuffet,False,Goalkeeper,,start,end,1.0,0.0,0.0,0.0,0.0,0.0,0.0,3.0,1.0,0.0,0.0,0.0,0.0,0.0,
ITA-Serie A,1718,2017-08-27 Torino-Sassuolo,Sassuolo,Andrea Consigli,False,Goalkeeper,,start,end,1.0,0.0,0.0,0.0,0.0,0.0,0.0,3.0,2.0,0.0,0.0,0.0,0.0,0.0,
ITA-Serie A,1718,2017-08-27 Torino-Sassuolo,Torino,Salvatore Sirigu,True,Goalkeeper,,start,end,1.0,0.0,0.0,0.0,0.0,0.0,0.0,0.0,2.0,0.0,0.0,0.0,0.0,0.0,
ITA-Serie A,1718,2017-09-09 Juventus-Chievo Verona,Chievo Verona,Stefano Sorrentino,False,Goalkeeper,,start,end,1.0,0.0,0.0,0.0,0.0,0.0,0.0,3.0,2.0,0.0,0.0,0.0,0.0,0.0,
ITA-Serie A,1718,2017-09-09 Juventus-Chievo Verona,Juventus,Wojciech Szczesny,True,Goalkeeper,,start,end,1.0,0.0,0.0,0.0,0.0,0.0,0.0,0.0,2.0,0.0,0.0,0.0,0.0,0.0,
ITA-Serie A,1718,2017-09-10 Atalanta-Sassuolo,Atalanta,Etrit Berisha,True,Goalkeeper,,start,end,1.0,0.0,0.0,0.0,0.0,0.0,0.0,1.0,2.0,0.0,0.0,0.0,0.0,0.0,
ITA-Serie A,1718,2017-09-10 Atalanta-Sassuolo,Sassuolo,Andrea Consigli,False,Goalkeeper,,start,end,1.0,0.0,0.0,0.0,0.0,0.0,0.0,2.0,1.0,0.0,0.0,0.0,0.0,0.0,
ITA-Serie A,1718,2017-09-10 Benevento-Torino,Benevento,Vid Belec,True,Goalkeeper,,start,end,1.0,0.0,0.0,0.0,0.0,0.0,0.0,1.0,6.0,0.0,0.0,0.0,0.0,0.0,
ITA-Serie A,1718,2017-09-10 Benevento-Torino,Torino,Salvatore Sirigu,False,Goalkeeper,,start,end,1.0,0.0,0.0,0.0,0.0,0.0,0.0,0.0,5.0,0.0,0.0,0.0,0.0,0.0,
ITA-Serie A,1718,2017-09-10 Bologna-Napoli,Bologna,Antonio Mirante,True,Goalkeeper,,start,end,1.0,0.0,0.0,0.0,0.0,0.0,0.0,3.0,4.0,0.0,0.0,0.0,0.0,0.0,
ITA-Serie A,1718,2017-09-10 Bologna-Napoli,Napoli,Pepe Reina,False,Goalkeeper,,start,end,1.0,0.0,0.0,0.0,0.0,0.0,0.0,0.0,2.0,0.0,0.0,0.0,0.0,0.0,
ITA-Serie A,1718,2017-09-10 Cagliari-Crotone,Cagliari,Alessio Cragno,True,Goalkeeper,,start,end,1.0,0.0,0.0,0.0,0.0,0.0,0.0,0.0,2.0,0.0,0.0,0.0,0.0,0.0,
ITA-Serie A,1718,2017-09-10 Cagliari-Crotone,Crotone,Alex Cordaz,False,Goalkeeper,,start,end,1.0,0.0,0.0,0.0,0.0,0.0,0.0,1.0,3.0,0.0,0.0,0.0,0.0,0.0,
ITA-Serie A,1718,2017-09-10 Hellas Verona-Fiorentina,Fiorentina,Marco Sportiello,False,Goalkeeper,,start,end,1.0,0.0,0.0,0.0,0.0,0.0,0.0,0.0,2.0,0.0,0.0,0.0,0.0,0.0,
ITA-Serie A,1718,2017-09-10 Hellas Verona-Fiorentina,Hellas Verona,Nícolas Andrade,True,Goalkeeper,,start,end,1.0,1.0,0.0,0.0,0.0,0.0,0.0,5.0,5.0,0.0,0.0,0.0,0.0,0.0,
ITA-Serie A,1718,2017-09-10 Internazionale-SPAL,Internazionale,Samir Handanovic,True,Goalkeeper,,start,end,1.0,0.0,0.0,0.0,0.0,0.0,0.0,0.0,1.0,0.0,0.0,0.0,0.0,0.0,
ITA-Serie A,1718,2017-09-10 Internazionale-SPAL,SPAL,Alfred Gomis,False,Goalkeeper,,start,end,1.0,0.0,0.0,0.0,0.0,0.0,0.0,2.0,5.0,0.0,0.0,0.0,0.0,0.0,
ITA-Serie A,1718,2017-09-10 Lazio-AC Milan,AC Milan,Gianluigi Donnarumma,False,Goalkeeper,,start,end,1.0,0.0,0.0,0.0,0.0,0.0,0.0,4.0,3.0,0.0,0.0,0.0,0.0,0.0,
ITA-Serie A,1718,2017-09-10 Lazio-AC Milan,Lazio,Thomas Strakosha,True,Goalkeeper,,start,end,1.0,0.0,0.0,0.0,0.0,0.0,0.0,1.0,5.0,0.0,0.0,0.0,0.0,0.0,
ITA-Serie A,1718,2017-09-10 Udinese-Genoa,Genoa,Mattia Perin,False,Goalkeeper,,start,end,1.0,0.0,0.0,0.0,0.0,0.0,0.0,1.0,4.0,0.0,0.0,0.0,0.0,0.0,
ITA-Serie A,1718,2017-09-10 Udinese-Genoa,Udinese,Simone Scuffet,True,Goalkeeper,,start,end,1.0,0.0,0.0,0.0,0.0,0.0,0.0,0.0,2.0,0.0,0.0,0.0,0.0,0.0,
ITA-Serie A,1718,2017-09-16 AS Roma-Hellas Verona,AS Roma,Alisson Becker,True,Goalkeeper,,start,end,1.0,0.0,0.0,0.0,0.0,0.0,0.0,0.0,0.0,0.0,0.0,0.0,0.0,0.0,
ITA-Serie A,1718,2017-09-16 AS Roma-Hellas Verona,Hellas Verona,Nícolas Andrade,False,Goalkeeper,,start,end,1.0,0.0,0.0,0.0,0.0,0.0,0.0,3.0,7.0,0.0,0.0,0.0,0.0,0.0,
ITA-Serie A,1718,2017-09-16 Crotone-Internazionale,Crotone,Alex Cordaz,True,Goalkeeper,,start,end,1.0,0.0,0.0,0.0,0.0,0.0,1.0,2.0,1.0,0.0,0.0,0.0,0.0,0.0,
ITA-Serie A,1718,2017-09-16 Crotone-Internazionale,Internazionale,Samir Handanovic,False,Goalkeeper,,start,end,1.0,0.0,0.0,0.0,0.0,0.0,0.0,0.0,4.0,0.0,0.0,0.0,0.0,0.0,
ITA-Serie A,1718,2017-09-16 Fiorentina-Bologna,Bologna,Antonio Mirante,False,Goalkeeper,,start,end,1.0,0.0,0.0,0.0,0.0,0.0,0.0,2.0,1.0,0.0,0.0,0.0,0.0,0.0,
ITA-Serie A,1718,2017-09-16 Fiorentina-Bologna,Fiorentina,Marco Sportiello,True,Goalkeeper,,start,end,1.0,0.0,0.0,0.0,0.0,0.0,0.0,1.0,1.0,0.0,0.0,0.0,0.0,0.0,
ITA-Serie A,1718,2017-09-17 AC Milan-Udinese,AC Milan,Gianluigi Donnarumma,True,Goalkeeper,,start,end,1.0,0.0,0.0,0.0,0.0,0.0,0.0,1.0,1.0,0.0,0.0,0.0,0.0,0.0,
ITA-Serie A,1718,2017-09-17 AC Milan-Udinese,Udinese,Simone Scuffet,False,Goalkeeper,,start,end,1.0,0.0,0.0,0.0,0.0,0.0,0.0,2.0,4.0,0.0,0.0,0.0,0.0,0.0,
ITA-Serie A,1718,2017-09-17 Chievo Verona-Atalanta,Atalanta,Pierluigi Gollini,False,Goalkeeper,,start,end,1.0,0.0,0.0,0.0,0.0,0.0,0.0,1.0,3.0,0.0,0.0,0.0,0.0,0.0,
ITA-Serie A,1718,2017-09-17 Chievo Verona-Atalanta,Chievo Verona,Stefano Sorrentino,True,Goalkeeper,,start,end,1.0,0.0,0.0,0.0,0.0,0.0,0.0,1.0,5.0,0.0,0.0,0.0,0.0,0.0,
ITA-Serie A,1718,2017-09-17 Genoa-Lazio,Genoa,Mattia Perin,True,Goalkeeper,,start,end,1.0,0.0,0.0,0.0,0.0,0.0,0.0,3.0,3.0,0.0,0.0,0.0,0.0,0.0,
ITA-Serie A,1718,2017-09-17 Genoa-Lazio,Lazio,Thomas Strakosha,False,Goalkeeper,,start,end,1.0,0.0,0.0,0.0,0.0,0.0,0.0,2.0,2.0,0.0,0.0,0.0,0.0,0.0,
ITA-Serie A,1718,2017-09-17 Napoli-Benevento,Benevento,Vid Belec,False,Goalkeeper,,start,end,1.0,0.0,0.0,0.0,0.0,0.0,0.0,6.0,8.0,0.0,0.0,0.0,0.0,0.0,
ITA-Serie A,1718,2017-09-17 Napoli-Benevento,Napoli,Pepe Reina,True,Goalkeeper,,start,end,1.0,0.0,0.0,0.0,0.0,0.0,0.0,0.0,0.0,0.0,0.0,0.0,0.0,0.0,
ITA-Serie A,1718,2017-09-17 SPAL-Cagliari,Cagliari,Alessio Cragno,False,Goalkeeper,,start,end,1.0,0.0,0.0,0.0,0.0,0.0,0.0,0.0,3.0,0.0,0.0,0.0,0.0,0.0,
ITA-Serie A,1718,2017-09-17 SPAL-Cagliari,SPAL,Alfred Gomis,True,Goalkeeper,,start,end,1.0,0.0,0.0,0.0,0.0,0.0,0.0,2.0,1.0,0.0,0.0,0.0,0.0,0.0,
ITA-Serie A,1718,2017-09-17 Sassuolo-Juventus,Juventus,Gianluigi Buffon,False,Goalkeeper,,start,end,1.0,0.0,0.0,0.0,0.0,0.0,0.0,1.0,2.0,0.0,0.0,0.0,0.0,0.0,
ITA-Serie A,1718,2017-09-17 Sassuolo-Juventus,Sassuolo,Andrea Consigli,True,Goalkeeper,,start,end,1.0,0.0,0.0,0.0,0.0,0.0,0.0,3.0,3.0,0.0,0.0,0.0,0.0,0.0,
ITA-Serie A,1718,2017-09-17 Torino-Sampdoria,Sampdoria,Christian Puggioni,False,Goalkeeper,,start,end,1.0,0.0,0.0,0.0,0.0,0.0,0.0,2.0,1.0,0.0,0.0,0.0,0.0,0.0,
ITA-Serie A,1718,2017-09-17 Torino-Sampdoria,Torino,Salvatore Sirigu,True,Goalkeeper,,start,end,1.0,0.0,0.0,0.0,0.0,0.0,0.0,2.0,3.0,0.0,0.0,0.0,0.0,0.0,
ITA-Serie A,1718,2017-09-19 Bologna-Internazionale,Bologna,Antonio Mirante,True,Goalkeeper,,start,end,1.0,0.0,0.0,0.0,0.0,0.0,1.0,1.0,2.0,0.0,0.0,0.0,0.0,0.0,
ITA-Serie A,1718,2017-09-19 Bologna-Internazionale,Internazionale,Samir Handanovic,False,Goalkeeper,,start,end,1.0,0.0,0.0,0.0,0.0,0.0,0.0,1.0,2.0,0.0,0.0,0.0,0.0,0.0,
ITA-Serie A,1718,2017-09-20 AC Milan-SPAL,AC Milan,Gianluigi Donnarumma,True,Goalkeeper,,start,end,1.0,0.0,0.0,0.0,0.0,0.0,0.0,0.0,0.0,0.0,0.0,0.0,0.0,0.0,
ITA-Serie A,1718,2017-09-20 AC Milan-SPAL,SPAL,Alfred Gomis,False,Goalkeeper,,start,end,1.0,1.0,0.0,0.0,0.0,0.0,0.0,2.0,5.0,0.0,0.0,0.0,0.0,0.0,
ITA-Serie A,1718,2017-09-20 Atalanta-Crotone,Atalanta,Etrit Berisha,True,Goalkeeper,,start,end,1.0,0.0,0.0,0.0,0.0,0.0,0.0,1.0,4.0,0.0,0.0,0.0,0.0,0.0,
ITA-Serie A,1718,2017-09-20 Atalanta-Crotone,Crotone,Alex Cordaz,False,Goalkeeper,,start,end,1.0,0.0,0.0,0.0,0.0,0.0,0.0,5.0,6.0,0.0,0.0,0.0,0.0,0.0,
ITA-Serie A,1718,2017-09-20 Benevento-AS Roma,AS Roma,Alisson Becker,False,Goalkeeper,,start,end,1.0,0.0,0.0,0.0,0.0,0.0,0.0,0.0,5.0,0.0,0.0,0.0,0.0,0.0,
ITA-Serie A,1718,2017-09-20 Benevento-AS Roma,Benevento,Vid Belec,True,Goalkeeper,,start,end,1.0,0.0,0.0,0.0,0.0,0.0,0.0,4.0,4.0,0.0,0.0,0.0,0.0,0.0,
ITA-Serie A,1718,2017-09-20 Cagliari-Sassuolo,Cagliari,Alessio Cragno,True,Goalkeeper,,start,end,1.0,0.0,0.0,0.0,0.0,0.0,0.0,1.0,5.0,0.0,0.0,0.0,0.0,0.0,
ITA-Serie A,1718,2017-09-20 Cagliari-Sassuolo,Sassuolo,Andrea Consigli,False,Goalkeeper,,start,end,1.0,0.0,0.0,0.0,0.0,0.0,0.0,0.0,3.0,0.0,0.0,0.0,0.0,0.0,
ITA-Serie A,1718,2017-09-20 Genoa-Chievo Verona,Chievo Verona,Stefano Sorrentino,False,Goalkeeper,,start,end,1.0,0.0,0.0,0.0,0.0,0.0,0.0,1.0,1.0,0.0,0.0,0.0,0.0,0.0,
ITA-Serie A,1718,2017-09-20 Genoa-Chievo Verona,Genoa,Mattia Perin,True,Goalkeeper,,start,end,1.0,0.0,0.0,0.0,0.0,0.0,0.0,1.0,6.0,0.0,0.0,0.0,0.0,0.0,
ITA-Serie A,1718,2017-09-20 Hellas Verona-Sampdoria,Hellas Verona,Nícolas Andrade,True,Goalkeeper,,start,end,1.0,0.0,0.0,0.0,0.0,0.0,0.0,0.0,5.0,0.0,0.0,0.0,0.0,0.0,
ITA-Serie A,1718,2017-09-20 Hellas Verona-Sampdoria,Sampdoria,Christian Puggioni,False,Goalkeeper,,start,end,1.0,0.0,0.0,0.0,0.0,0.0,0.0,0.0,5.0,0.0,0.0,0.0,0.0,0.0,
ITA-Serie A,1718,2017-09-20 Juventus-Fiorentina,Fiorentina,Marco Sportiello,False,Goalkeeper,,start,end,1.0,0.0,0.0,0.0,0.0,0.0,0.0,1.0,4.0,0.0,0.0,0.0,0.0,0.0,
ITA-Serie A,1718,2017-09-20 Juventus-Fiorentina,Juventus,Wojciech Szczesny,True,Goalkeeper,,start,end,1.0,0.0,0.0,0.0,0.0,0.0,0.0,0.0,0.0,0.0,0.0,0.0,0.0,0.0,
ITA-Serie A,1718,2017-09-20 Lazio-Napoli,Lazio,Thomas Strakosha,True,Goalkeeper,1,start,end,1.0,0.0,0.0,0.0,0.0,0.0,0.0,4.0,7.0,0.0,0.0,0.0,0.0,0.0,
ITA-Serie A,1718,2017-09-20 Lazio-Napoli,Napoli,Pepe Reina,False,Goalkeeper,1,start,end,1.0,1.0,0.0,0.0,0.0,0.0,1.0,1.0,1.0,0.0,0.0,0.0,0.0,0.0,
ITA-Serie A,1718,2017-09-20 Udinese-Torino,Torino,Salvatore Sirigu,False,Goalkeeper,,start,end,1.0,0.0,0.0,0.0,0.0,0.0,0.0,2.0,4.0,0.0,0.0,0.0,0.0,0.0,
ITA-Serie A,1718,2017-09-20 Udinese-Torino,Udinese,Simone Scuffet,True,Goalkeeper,,start,end,1.0,0.0,0.0,0.0,0.0,0.0,0.0,3.0,6.0,0.0,0.0,0.0,0.0,0.0,
ITA-Serie A,1718,2017-09-23 AS Roma-Udinese,AS Roma,Alisson Becker,True,Goalkeeper,,start,end,1.0,0.0,0.0,0.0,0.0,0.0,0.0,1.0,4.0,0.0,0.0,0.0,0.0,0.0,
ITA-Serie A,1718,2017-09-23 AS Roma-Udinese,Udinese,Albano Bizzarri,False,Goalkeeper,,start,end,1.0,0.0,0.0,0.0,0.0,0.0,0.0,3.0,5.0,0.0,0.0,0.0,0.0,0.0,
ITA-Serie A,1718,2017-09-23 Juventus-Torino,Juventus,Gianluigi Buffon,True,Goalkeeper,,start,end,1.0,0.0,0.0,0.0,0.0,0.0,0.0,0.0,1.0,0.0,0.0,0.0,0.0,0.0,
ITA-Serie A,1718,2017-09-23 Juventus-Torino,Torino,Salvatore Sirigu,False,Goalkeeper,,start,end,1.0,0.0,0.0,0.0,0.0,0.0,0.0,4.0,5.0,0.0,0.0,0.0,0.0,0.0,
ITA-Serie A,1718,2017-09-23 SPAL-Napoli,Napoli,Pepe Reina,False,Goalkeeper,,start,end,1.0,0.0,0.0,0.0,0.0,0.0,0.0,2.0,0.0,0.0,0.0,0.0,0.0,0.0,
ITA-Serie A,1718,2017-09-23 SPAL-Napoli,SPAL,Alfred Gomis,True,Goalkeeper,,start,end,1.0,0.0,1.0,0.0,0.0,0.0,0.0,3.0,9.0,0.0,0.0,0.0,0.0,0.0,
ITA-Serie A,1718,2017-09-24 Cagliari-Chievo Verona,Cagliari,Alessio Cragno,True,Goalkeeper,,start,end,1.0,0.0,0.0,0.0,0.0,0.0,0.0,2.0,2.0,0.0,0.0,0.0,0.0,0.0,
ITA-Serie A,1718,2017-09-24 Cagliari-Chievo Verona,Chievo Verona,Stefano Sorrentino,False,Goalkeeper,,start,end,1.0,0.0,1.0,0.0,0.0,0.0,0.0,0.0,3.0,0.0,0.0,0.0,0.0,0.0,
ITA-Serie A,1718,2017-09-24 Crotone-Benevento,Benevento,Vid Belec,False,Goalkeeper,,start,end,1.0,0.0,0.0,0.0,0.0,0.0,0.0,2.0,2.0,0.0,0.0,0.0,0.0,0.0,
ITA-Serie A,1718,2017-09-24 Crotone-Benevento,Crotone,Alex Cordaz,True,Goalkeeper,,start,end,1.0,0.0,0.0,0.0,0.0,0.0,0.0,0.0,2.0,0.0,0.0,0.0,0.0,0.0,
ITA-Serie A,1718,2017-09-24 Fiorentina-Atalanta,Atalanta,Etrit Berisha,False,Goalkeeper,,start,end,1.0,0.0,0.0,0.0,0.0,0.0,0.0,1.0,1.0,0.0,0.0,0.0,0.0,0.0,
ITA-Serie A,1718,2017-09-24 Fiorentina-Atalanta,Fiorentina,Marco Sportiello,True,Goalkeeper,,start,end,1.0,0.0,0.0,0.0,0.0,0.0,0.0,1.0,5.0,0.0,0.0,0.0,0.0,0.0,
ITA-Serie A,1718,2017-09-24 Hellas Verona-Lazio,Hellas Verona,Nícolas Andrade,True,Goalkeeper,,start,end,1.0,0.0,0.0,0.0,0.0,0.0,0.0,3.0,2.0,0.0,0.0,0.0,0.0,0.0,
ITA-Serie A,1718,2017-09-24 Hellas Verona-Lazio,Lazio,Thomas Strakosha,False,Goalkeeper,,start,end,1.0,0.0,0.0,0.0,0.0,0.0,0.0,0.0,2.0,0.0,0.0,0.0,0.0,0.0,
ITA-Serie A,1718,2017-09-24 Internazionale-Genoa,Genoa,Mattia Perin,False,Goalkeeper,,start,end,1.0,0.0,0.0,0.0,0.0,0.0,0.0,1.0,6.0,0.0,0.0,0.0,0.0,0.0,
ITA-Serie A,1718,2017-09-24 Internazionale-Genoa,Internazionale,Samir Handanovic,True,Goalkeeper,,start,end,1.0,0.0,0.0,0.0,0.0,0.0,0.0,0.0,3.0,0.0,0.0,0.0,0.0,0.0,
ITA-Serie A,1718,2017-09-24 Sampdoria-AC Milan,AC Milan,Gianluigi Donnarumma,False,Goalkeeper,,start,end,1.0,0.0,0.0,0.0,0.0,0.0,1.0,2.0,1.0,0.0,0.0,0.0,0.0,0.0,
ITA-Serie A,1718,2017-09-24 Sampdoria-AC Milan,Sampdoria,Christian Puggioni,True,Goalkeeper,,start,end,1.0,0.0,1.0,0.0,0.0,0.0,0.0,0.0,0.0,0.0,0.0,0.0,0.0,0.0,
ITA-Serie A,1718,2017-09-24 Sassuolo-Bologna,Bologna,Angelo da Costa,False,Goalkeeper,,start,end,1.0,0.0,0.0,0.0,0.0,0.0,0.0,0.0,3.0,0.0,0.0,0.0,0.0,0.0,
ITA-Serie A,1718,2017-09-24 Sassuolo-Bologna,Sassuolo,Andrea Consigli,True,Goalkeeper,,start,end,1.0,0.0,0.0,0.0,0.0,0.0,0.0,1.0,3.0,0.0,0.0,0.0,0.0,0.0,
ITA-Serie A,1718,2017-09-30 Genoa-Bologna,Bologna,Antonio Mirante,False,Goalkeeper,,start,end,1.0,0.0,0.0,0.0,0.0,0.0,0.0,0.0,7.0,0.0,0.0,0.0,0.0,0.0,
ITA-Serie A,1718,2017-09-30 Genoa-Bologna,Genoa,Mattia Perin,True,Goalkeeper,,start,end,1.0,0.0,0.0,0.0,0.0,0.0,0.0,1.0,3.0,0.0,0.0,0.0,0.0,0.0,
ITA-Serie A,1718,2017-09-30 Udinese-Sampdoria,Sampdoria,Christian Puggioni,False,Goalkeeper,,start,end,1.0,1.0,0.0,0.0,0.0,0.0,0.0,4.0,3.0,0.0,0.0,0.0,0.0,0.0,
ITA-Serie A,1718,2017-09-30 Udinese-Sampdoria,Udinese,Albano Bizzarri,True,Goalkeeper,,start,end,1.0,0.0,0.0,0.0,0.0,0.0,0.0,0.0,2.0,0.0,0.0,0.0,0.0,0.0,
ITA-Serie A,1718,2017-10-01 AC Milan-AS Roma,AC Milan,Gianluigi Donnarumma,True,Goalkeeper,,start,end,1.0,0.0,0.0,0.0,0.0,0.0,0.0,2.0,4.0,0.0,0.0,0.0,0.0,0.0,
ITA-Serie A,1718,2017-10-01 AC Milan-AS Roma,AS Roma,Alisson Becker,False,Goalkeeper,,start,end,1.0,0.0,0.0,0.0,0.0,0.0,0.0,0.0,3.0,0.0,0.0,0.0,0.0,0.0,
ITA-Serie A,1718,2017-10-01 Atalanta-Juventus,Atalanta,Etrit Berisha,True,Goalkeeper,,start,end,1.0,0.0,0.0,0.0,0.0,0.0,0.0,2.0,6.0,0.0,0.0,0.0,0.0,0.0,
ITA-Serie A,1718,2017-10-01 Atalanta-Juventus,Juventus,Gianluigi Buffon,False,Goalkeeper,,start,end,1.0,0.0,0.0,0.0,0.0,0.0,0.0,2.0,1.0,0.0,0.0,0.0,0.0,0.0,
ITA-Serie A,1718,2017-10-01 Benevento-Internazionale,Benevento,Vid Belec,True,Goalkeeper,,start,end,1.0,0.0,0.0,0.0,0.0,0.0,0.0,2.0,5.0,0.0,0.0,0.0,0.0,0.0,
ITA-Serie A,1718,2017-10-01 Benevento-Internazionale,Internazionale,Samir Handanovic,False,Goalkeeper,,start,end,1.0,0.0,0.0,0.0,0.0,0.0,0.0,1.0,1.0,0.0,0.0,0.0,0.0,0.0,
ITA-Serie A,1718,2017-10-01 Chievo Verona-Fiorentina,Chievo Verona,Stefano Sorrentino,True,Goalkeeper,,start,end,1.0,0.0,0.0,0.0,0.0,0.0,0.0,1.0,3.0,0.0,0.0,0.0,0.0,0.0,
ITA-Serie A,1718,2017-10-01 Chievo Verona-Fiorentina,Fiorentina,Marco Sportiello,False,Goalkeeper,,start,end,1.0,0.0,0.0,0.0,0.0,0.0,0.0,2.0,4.0,0.0,0.0,0.0,0.0,0.0,
ITA-Serie A,1718,2017-10-01 Lazio-Sassuolo,Lazio,Thomas Strakosha,True,Goalkeeper,,start,end,1.0,0.0,0.0,0.0,0.0,0.0,0.0,1.0,5.0,0.0,0.0,0.0,0.0,0.0,
ITA-Serie A,1718,2017-10-01 Lazio-Sassuolo,Sassuolo,Andrea Consigli,False,Goalkeeper,,start,end,1.0,0.0,1.0,0.0,0.0,0.0,0.0,6.0,6.0,0.0,0.0,0.0,0.0,0.0,
ITA-Serie A,1718,2017-10-01 Napoli-Cagliari,Cagliari,Alessio Cragno,False,Goalkeeper,,start,end,1.0,0.0,0.0,0.0,0.0,0.0,0.0,3.0,3.0,0.0,0.0,0.0,0.0,0.0,
ITA-Serie A,1718,2017-10-01 Napoli-Cagliari,Napoli,Pepe Reina,True,Goalkeeper,,start,end,1.0,0.0,1.0,0.0,0.0,0.0,0.0,0.0,0.0,0.0,0.0,0.0,0.0,0.0,
ITA-Serie A,1718,2017-10-01 SPAL-Crotone,Crotone,Alex Cordaz,False,Goalkeeper,,start,end,1.0,0.0,0.0,0.0,0.0,0.0,0.0,1.0,5.0,0.0,0.0,0.0,0.0,0.0,
ITA-Serie A,1718,2017-10-01 SPAL-Crotone,SPAL,Alfred Gomis,True,Goalkeeper,,start,end,1.0,0.0,0.0,0.0,0.0,0.0,0.0,1.0,3.0,0.0,0.0,0.0,0.0,0.0,
ITA-Serie A,1718,2017-10-01 Torino-Hellas Verona,Hellas Verona,Nícolas Andrade,False,Goalkeeper,,start,end,1.0,0.0,0.0,0.0,0.0,0.0,0.0,2.0,3.0,0.0,0.0,0.0,0.0,0.0,
ITA-Serie A,1718,2017-10-01 Torino-Hellas Verona,Torino,Salvatore Sirigu,True,Goalkeeper,,start,end,1.0,0.0,0.0,0.0,0.0,0.0,0.0,2.0,4.0,0.0,0.0,0.0,0.0,0.0,
ITA-Serie A,1718,2017-10-14 AS Roma-Napoli,AS Roma,Alisson Becker,True,Goalkeeper,,start,end,1.0,0.0,0.0,0.0,0.0,0.0,0.0,1.0,5.0,0.0,0.0,0.0,0.0,0.0,
ITA-Serie A,1718,2017-10-14 AS Roma-Napoli,Napoli,Pepe Reina,False,Goalkeeper,,start,end,1.0,0.0,0.0,0.0,0.0,0.0,0.0,0.0,2.0,0.0,0.0,0.0,0.0,0.0,
ITA-Serie A,1718,2017-10-14 Juventus-Lazio,Juventus,Gianluigi Buffon,True,Goalkeeper,,start,end,1.0,1.0,0.0,0.0,0.0,0.0,1.0,2.0,3.0,0.0,0.0,0.0,0.0,0.0,
ITA-Serie A,1718,2017-10-14 Juventus-Lazio,Lazio,Thomas Strakosha,False,Goalkeeper,,start,end,1.0,0.0,0.0,0.0,0.0,0.0,0.0,1.0,5.0,0.0,0.0,0.0,0.0,0.0,
ITA-Serie A,1718,2017-10-15 Bologna-SPAL,Bologna,Antonio Mirante,True,Goalkeeper,,start,end,1.0,0.0,0.0,0.0,0.0,0.0,0.0,1.0,1.0,0.0,0.0,0.0,0.0,0.0,
ITA-Serie A,1718,2017-10-15 Bologna-SPAL,SPAL,Alfred Gomis,False,Goalkeeper,,start,end,1.0,0.0,0.0,0.0,0.0,0.0,0.0,2.0,1.0,0.0,0.0,0.0,0.0,0.0,
ITA-Serie A,1718,2017-10-15 Cagliari-Genoa,Cagliari,Alessio Cragno,True,Goalkeeper,,start,64,1.0,0.0,0.0,0.0,0.0,0.0,0.0,2.0,6.0,0.0,0.0,0.0,0.0,0.0,
ITA-Serie A,1718,2017-10-15 Cagliari-Genoa,Genoa,Mattia Perin,False,Goalkeeper,,start,end,1.0,0.0,0.0,0.0,0.0,0.0,0.0,2.0,5.0,0.0,0.0,0.0,0.0,0.0,
ITA-Serie A,1718,2017-10-15 Crotone-Torino,Crotone,Alex Cordaz,True,Goalkeeper,,start,end,1.0,0.0,0.0,0.0,0.0,0.0,0.0,2.0,6.0,0.0,0.0,0.0,0.0,0.0,
ITA-Serie A,1718,2017-10-15 Crotone-Torino,Torino,Salvatore Sirigu,False,Goalkeeper,,start,end,1.0,0.0,0.0,0.0,0.0,0.0,0.0,2.0,1.0,0.0,0.0,0.0,0.0,0.0,
ITA-Serie A,1718,2017-10-15 Fiorentina-Udinese,Fiorentina,Marco Sportiello,True,Goalkeeper,,start,end,1.0,0.0,0.0,0.0,0.0,0.0,0.0,1.0,1.0,0.0,0.0,0.0,0.0,0.0,
ITA-Serie A,1718,2017-10-15 Fiorentina-Udinese,Udinese,Albano Bizzarri,False,Goalkeeper,,start,end,1.0,0.0,0.0,0.0,0.0,0.0,0.0,2.0,3.0,0.0,0.0,0.0,0.0,0.0,
ITA-Serie A,1718,2017-10-15 Internazionale-AC Milan,AC Milan,Gianluigi Donnarumma,False,Goalkeeper,,start,end,1.0,0.0,0.0,0.0,0.0,0.0,0.0,3.0,3.0,0.0,0.0,0.0,0.0,0.0,
ITA-Serie A,1718,2017-10-15 Internazionale-AC Milan,Internazionale,Samir Handanovic,True,Goalkeeper,,start,end,1.0,0.0,0.0,1.0,0.0,0.0,0.0,2.0,5.0,0.0,0.0,0.0,0.0,0.0,
ITA-Serie A,1718,2017-10-15 Sampdoria-Atalanta,Atalanta,Etrit Berisha,False,Goalkeeper,,start,end,1.0,0.0,0.0,0.0,0.0,0.0,0.0,3.0,5.0,0.0,0.0,0.0,0.0,0.0,
ITA-Serie A,1718,2017-10-15 Sampdoria-Atalanta,Sampdoria,Christian Puggioni,True,Goalkeeper,,start,end,1.0,0.0,0.0,0.0,0.0,0.0,0.0,1.0,10.0,0.0,0.0,0.0,0.0,0.0,
ITA-Serie A,1718,2017-10-15 Sassuolo-Chievo Verona,Chievo Verona,Stefano Sorrentino,False,Goalkeeper,,start,end,1.0,0.0,0.0,0.0,0.0,0.0,0.0,0.0,4.0,0.0,0.0,0.0,0.0,0.0,
ITA-Serie A,1718,2017-10-15 Sassuolo-Chievo Verona,Sassuolo,Andrea Consigli,True,Goalkeeper,,start,end,1.0,0.0,0.0,0.0,0.0,0.0,0.0,0.0,2.0,0.0,0.0,0.0,0.0,0.0,
ITA-Serie A,1718,2017-10-16 Hellas Verona-Benevento,Benevento,Alberto Brignoli,False,Goalkeeper,,start,end,1.0,0.0,0.0,0.0,0.0,0.0,1.0,1.0,2.0,0.0,0.0,0.0,0.0,0.0,
ITA-Serie A,1718,2017-10-16 Hellas Verona-Benevento,Hellas Verona,Nícolas Andrade,True,Goalkeeper,,start,end,1.0,0.0,1.0,0.0,0.0,0.0,0.0,0.0,1.0,0.0,0.0,0.0,0.0,0.0,
ITA-Serie A,1718,2017-10-21 Napoli-Internazionale,Internazionale,Samir Handanovic,False,Goalkeeper,,start,end,1.0,0.0,0.0,0.0,0.0,0.0,0.0,0.0,5.0,0.0,0.0,0.0,0.0,0.0,
ITA-Serie A,1718,2017-10-21 Napoli-Internazionale,Napoli,Pepe Reina,True,Goalkeeper,,start,end,1.0,0.0,0.0,0.0,0.0,0.0,0.0,0.0,2.0,0.0,0.0,0.0,0.0,0.0,
ITA-Serie A,1718,2017-10-21 Sampdoria-Crotone,Crotone,Alex Cordaz,False,Goalkeeper,,start,end,1.0,0.0,0.0,0.0,0.0,0.0,0.0,5.0,0.0,0.0,0.0,0.0,0.0,0.0,
ITA-Serie A,1718,2017-10-21 Sampdoria-Crotone,Sampdoria,Christian Puggioni,True,Goalkeeper,,start,end,1.0,0.0,0.0,0.0,0.0,0.0,0.0,0.0,2.0,0.0,0.0,0.0,0.0,0.0,
ITA-Serie A,1718,2017-10-22 AC Milan-Genoa,AC Milan,Gianluigi Donnarumma,True,Goalkeeper,1,start,end,1.0,0.0,0.0,0.0,0.0,0.0,0.0,0.0,1.0,0.0,0.0,0.0,0.0,0.0,
ITA-Serie A,1718,2017-10-22 AC Milan-Genoa,Genoa,Mattia Perin,False,Goalkeeper,1,start,end,1.0,0.0,0.0,0.0,0.0,0.0,0.0,0.0,7.0,0.0,0.0,0.0,0.0,0.0,
ITA-Serie A,1718,2017-10-22 Atalanta-Bologna,Atalanta,Etrit Berisha,True,Goalkeeper,,start,end,1.0,0.0,0.0,0.0,0.0,0.0,0.0,0.0,1.0,0.0,0.0,0.0,0.0,0.0,
ITA-Serie A,1718,2017-10-22 Atalanta-Bologna,Bologna,Antonio Mirante,False,Goalkeeper,,start,end,1.0,0.0,0.0,0.0,0.0,0.0,0.0,1.0,2.0,0.0,0.0,0.0,0.0,0.0,
ITA-Serie A,1718,2017-10-22 Benevento-Fiorentina,Benevento,Alberto Brignoli,True,Goalkeeper,,start,end,1.0,1.0,0.0,0.0,0.0,0.0,0.0,3.0,4.0,0.0,0.0,0.0,0.0,0.0,
ITA-Serie A,1718,2017-10-22 Benevento-Fiorentina,Fiorentina,Marco Sportiello,False,Goalkeeper,,start,end,1.0,0.0,0.0,0.0,0.0,0.0,0.0,0.0,1.0,0.0,0.0,0.0,0.0,0.0,
ITA-Serie A,1718,2017-10-22 Chievo Verona-Hellas Verona,Chievo Verona,Stefano Sorrentino,True,Goalkeeper,,start,end,1.0,0.0,0.0,0.0,0.0,0.0,0.0,2.0,1.0,0.0,0.0,0.0,0.0,0.0,
ITA-Serie A,1718,2017-10-22 Chievo Verona-Hellas Verona,Hellas Verona,Nícolas Andrade,False,Goalkeeper,,start,end,1.0,0.0,0.0,0.0,0.0,0.0,0.0,3.0,5.0,0.0,0.0,0.0,0.0,0.0,
ITA-Serie A,1718,2017-10-22 Lazio-Cagliari,Cagliari,Luca Crosta,False,Goalkeeper,,start,end,1.0,1.0,0.0,0.0,0.0,0.0,0.0,3.0,0.0,0.0,0.0,0.0,0.0,0.0,
ITA-Serie A,1718,2017-10-22 Lazio-Cagliari,Lazio,Thomas Strakosha,True,Goalkeeper,,start,end,1.0,0.0,0.0,0.0,0.0,0.0,0.0,0.0,6.0,0.0,0.0,0.0,0.0,0.0,
ITA-Serie A,1718,2017-10-22 SPAL-Sassuolo,SPAL,Alfred Gomis,True,Goalkeeper,,start,end,1.0,0.0,0.0,0.0,0.0,0.0,0.0,1.0,3.0,0.0,0.0,0.0,0.0,0.0,
ITA-Serie A,1718,2017-10-22 SPAL-Sassuolo,Sassuolo,Andrea Consigli,False,Goalkeeper,,start,end,1.0,0.0,0.0,0.0,0.0,0.0,0.0,0.0,2.0,0.0,0.0,0.0,0.0,0.0,
ITA-Serie A,1718,2017-10-22 Torino-AS Roma,AS Roma,Alisson Becker,False,Goalkeeper,,start,end,1.0,0.0,0.0,0.0,0.0,0.0,1.0,0.0,0.0,0.0,0.0,0.0,0.0,0.0,
ITA-Serie A,1718,2017-10-22 Torino-AS Roma,Torino,Salvatore Sirigu,True,Goalkeeper,,start,end,1.0,0.0,0.0,0.0,0.0,0.0,0.0,1.0,2.0,0.0,0.0,0.0,0.0,0.0,
ITA-Serie A,1718,2017-10-22 Udinese-Juventus,Juventus,Gianluigi Buffon,False,Goalkeeper,,start,end,1.0,0.0,0.0,0.0,0.0,0.0,0.0,2.0,2.0,0.0,0.0,0.0,0.0,0.0,
ITA-Serie A,1718,2017-10-22 Udinese-Juventus,Udinese,Albano Bizzarri,True,Goalkeeper,,start,end,1.0,0.0,0.0,0.0,0.0,0.0,0.0,6.0,0.0,0.0,0.0,0.0,0.0,0.0,
ITA-Serie A,1718,2017-10-24 Internazionale-Sampdoria,Internazionale,Samir Handanovic,True,Goalkeeper,,start,end,1.0,0.0,0.0,0.0,0.0,0.0,0.0,2.0,0.0,0.0,0.0,0.0,0.0,0.0,
ITA-Serie A,1718,2017-10-24 Internazionale-Sampdoria,Sampdoria,Christian Puggioni,False,Goalkeeper,,start,end,1.0,0.0,0.0,0.0,0.0,0.0,0.0,3.0,5.0,0.0,0.0,0.0,0.0,0.0,
ITA-Serie A,1718,2017-10-25 AS Roma-Crotone,AS Roma,Alisson Becker,True,Goalkeeper,,start,end,1.0,0.0,0.0,0.0,0.0,0.0,0.0,0.0,2.0,0.0,0.0,0.0,0.0,0.0,
ITA-Serie A,1718,2017-10-25 AS Roma-Crotone,Crotone,Alex Cordaz,False,Goalkeeper,,start,end,1.0,0.0,1.0,0.0,0.0,0.0,0.0,1.0,3.0,0.0,0.0,0.0,0.0,0.0,
ITA-Serie A,1718,2017-10-25 Atalanta-Hellas Verona,Atalanta,Pierluigi Gollini,True,Goalkeeper,,start,end,1.0,0.0,0.0,0.0,0.0,0.0,0.0,0.0,3.0,0.0,0.0,0.0,0.0,0.0,
ITA-Serie A,1718,2017-10-25 Atalanta-Hellas Verona,Hellas Verona,Nícolas Andrade,False,Goalkeeper,,start,end,1.0,0.0,0.0,0.0,0.0,0.0,0.0,3.0,4.0,0.0,0.0,0.0,0.0,0.0,
ITA-Serie A,1718,2017-10-25 Bologna-Lazio,Bologna,Antonio Mirante,True,Goalkeeper,,start,end,1.0,0.0,0.0,0.0,0.0,0.0,0.0,2.0,1.0,0.0,0.0,0.0,0.0,0.0,
ITA-Serie A,1718,2017-10-25 Bologna-Lazio,Lazio,Thomas Strakosha,False,Goalkeeper,,start,end,1.0,0.0,1.0,0.0,0.0,0.0,0.0,1.0,4.0,0.0,0.0,0.0,0.0,0.0,
ITA-Serie A,1718,2017-10-25 Cagliari-Benevento,Benevento,Alberto Brignoli,False,Goalkeeper,,start,end,1.0,0.0,0.0,0.0,0.0,0.0,0.0,2.0,3.0,0.0,0.0,0.0,0.0,0.0,
ITA-Serie A,1718,2017-10-25 Cagliari-Benevento,Cagliari,Rafael,True,Goalkeeper,,start,end,1.0,0.0,0.0,0.0,0.0,0.0,0.0,1.0,2.0,0.0,0.0,0.0,0.0,0.0,
ITA-Serie A,1718,2017-10-25 Chievo Verona-AC Milan,AC Milan,Gianluigi Donnarumma,False,Goalkeeper,,start,end,1.0,0.0,0.0,0.0,0.0,0.0,0.0,1.0,2.0,0.0,0.0,0.0,0.0,0.0,
ITA-Serie A,1718,2017-10-25 Chievo Verona-AC Milan,Chievo Verona,Stefano Sorrentino,True,Goalkeeper,,start,end,1.0,0.0,0.0,0.0,0.0,0.0,0.0,4.0,1.0,0.0,0.0,0.0,0.0,0.0,
ITA-Serie A,1718,2017-10-25 Fiorentina-Torino,Fiorentina,Marco Sportiello,True,Goalkeeper,,start,end,1.0,0.0,1.0,0.0,0.0,0.0,0.0,0.0,0.0,0.0,0.0,0.0,0.0,0.0,
ITA-Serie A,1718,2017-10-25 Fiorentina-Torino,Torino,Salvatore Sirigu,False,Goalkeeper,,start,end,1.0,0.0,0.0,0.0,0.0,0.0,0.0,3.0,4.0,0.0,0.0,0.0,0.0,0.0,
ITA-Serie A,1718,2017-10-25 Genoa-Napoli,Genoa,Mattia Perin,True,Goalkeeper,,start,end,1.0,0.0,0.0,0.0,0.0,0.0,0.0,3.0,4.0,0.0,0.0,0.0,0.0,0.0,
ITA-Serie A,1718,2017-10-25 Genoa-Napoli,Napoli,Pepe Reina,False,Goalkeeper,,start,end,1.0,0.0,0.0,0.0,0.0,0.0,0.0,2.0,3.0,0.0,0.0,0.0,0.0,0.0,
ITA-Serie A,1718,2017-10-25 Juventus-SPAL,Juventus,Wojciech Szczesny,True,Goalkeeper,,start,end,1.0,0.0,0.0,0.0,0.0,0.0,0.0,1.0,1.0,0.0,0.0,0.0,0.0,0.0,
ITA-Serie A,1718,2017-10-25 Juventus-SPAL,SPAL,Alfred Gomis,False,Goalkeeper,,start,end,1.0,0.0,0.0,0.0,0.0,0.0,0.0,4.0,2.0,0.0,0.0,0.0,0.0,0.0,
ITA-Serie A,1718,2017-10-25 Sassuolo-Udinese,Sassuolo,Andrea Consigli,True,Goalkeeper,,start,end,1.0,0.0,1.0,0.0,0.0,0.0,0.0,1.0,1.0,0.0,0.0,0.0,0.0,0.0,
ITA-Serie A,1718,2017-10-25 Sassuolo-Udinese,Udinese,Albano Bizzarri,False,Goalkeeper,,start,end,1.0,0.0,0.0,0.0,0.0,0.0,0.0,0.0,4.0,0.0,0.0,0.0,0.0,0.0,
ITA-Serie A,1718,2017-10-28 AC Milan-Juventus,AC Milan,Gianluigi Donnarumma,True,Goalkeeper,,start,end,1.0,0.0,0.0,0.0,0.0,0.0,0.0,2.0,2.0,0.0,0.0,0.0,0.0,0.0,
ITA-Serie A,1718,2017-10-28 AC Milan-Juventus,Juventus,Gianluigi Buffon,False,Goalkeeper,,start,end,1.0,0.0,0.0,0.0,0.0,0.0,0.0,0.0,3.0,0.0,0.0,0.0,0.0,0.0,
ITA-Serie A,1718,2017-10-28 AS Roma-Bologna,AS Roma,Alisson Becker,True,Goalkeeper,,start,end,1.0,0.0,0.0,0.0,0.0,0.0,0.0,0.0,2.0,0.0,0.0,0.0,0.0,0.0,
ITA-Serie A,1718,2017-10-28 AS Roma-Bologna,Bologna,Angelo da Costa,False,Goalkeeper,,start,end,1.0,0.0,0.0,0.0,0.0,0.0,0.0,1.0,2.0,0.0,0.0,0.0,0.0,0.0,
ITA-Serie A,1718,2017-10-29 Benevento-Lazio,Benevento,Alberto Brignoli,True,Goalkeeper,,start,end,1.0,0.0,0.0,0.0,0.0,0.0,0.0,5.0,3.0,0.0,0.0,0.0,0.0,0.0,
ITA-Serie A,1718,2017-10-29 Benevento-Lazio,Lazio,Thomas Strakosha,False,Goalkeeper,,start,end,1.0,0.0,0.0,0.0,0.0,0.0,0.0,1.0,5.0,0.0,0.0,0.0,0.0,0.0,
ITA-Serie A,1718,2017-10-29 Crotone-Fiorentina,Crotone,Alex Cordaz,True,Goalkeeper,,start,end,1.0,0.0,0.0,0.0,0.0,0.0,1.0,1.0,2.0,0.0,0.0,0.0,0.0,0.0,
ITA-Serie A,1718,2017-10-29 Crotone-Fiorentina,Fiorentina,Marco Sportiello,False,Goalkeeper,,start,end,1.0,0.0,0.0,0.0,0.0,0.0,0.0,2.0,3.0,0.0,0.0,0.0,0.0,0.0,
ITA-Serie A,1718,2017-10-29 Napoli-Sassuolo,Napoli,Pepe Reina,True,Goalkeeper,1,start,end,1.0,0.0,0.0,0.0,0.0,0.0,0.0,1.0,0.0,0.0,0.0,0.0,0.0,0.0,
ITA-Serie A,1718,2017-10-29 Napoli-Sassuolo,Sassuolo,Andrea Consigli,False,Goalkeeper,1,start,end,1.0,0.0,0.0,0.0,0.0,0.0,0.0,3.0,6.0,0.0,0.0,0.0,0.0,0.0,
ITA-Serie A,1718,2017-10-29 SPAL-Genoa,Genoa,Mattia Perin,False,Goalkeeper,,start,end,1.0,0.0,0.0,0.0,0.0,0.0,0.0,1.0,3.0,0.0,0.0,0.0,0.0,0.0,
ITA-Serie A,1718,2017-10-29 SPAL-Genoa,SPAL,Alfred Gomis,True,Goalkeeper,,start,end,1.0,0.0,0.0,0.0,0.0,0.0,0.0,0.0,2.0,0.0,0.0,0.0,0.0,0.0,
ITA-Serie A,1718,2017-10-29 Sampdoria-Chievo Verona,Chievo Verona,Stefano Sorrentino,False,Goalkeeper,,start,end,1.0,0.0,0.0,0.0,0.0,0.0,0.0,4.0,3.0,0.0,0.0,0.0,0.0,0.0,
ITA-Serie A,1718,2017-10-29 Sampdoria-Chievo Verona,Sampdoria,Emiliano Viviano,True,Goalkeeper,,start,end,1.0,0.0,0.0,0.0,0.0,0.0,0.0,1.0,5.0,0.0,0.0,0.0,0.0,0.0,
ITA-Serie A,1718,2017-10-29 Torino-Cagliari,Cagliari,Rafael,False,Goalkeeper,,start,end,1.0,0.0,0.0,0.0,0.0,0.0,0.0,2.0,4.0,0.0,0.0,0.0,0.0,0.0,
ITA-Serie A,1718,2017-10-29 Torino-Cagliari,Torino,Salvatore Sirigu,True,Goalkeeper,,start,end,1.0,0.0,1.0,0.0,0.0,0.0,1.0,1.0,2.0,0.0,0.0,0.0,0.0,0.0,
ITA-Serie A,1718,2017-10-29 Udinese-Atalanta,Atalanta,Etrit Berisha,False,Goalkeeper,,start,end,1.0,0.0,0.0,0.0,0.0,0.0,0.0,2.0,2.0,0.0,0.0,0.0,0.0,0.0,
ITA-Serie A,1718,2017-10-29 Udinese-Atalanta,Udinese,Albano Bizzarri,True,Goalkeeper,,start,end,1.0,0.0,0.0,0.0,0.0,0.0,0.0,1.0,1.0,0.0,0.0,0.0,0.0,0.0,
ITA-Serie A,1718,2017-10-30 Hellas Verona-Internazionale,Hellas Verona,Nícolas Andrade,True,Goalkeeper,1,start,end,1.0,0.0,0.0,0.0,0.0,0.0,0.0,2.0,2.0,0.0,0.0,0.0,0.0,0.0,
ITA-Serie A,1718,2017-10-30 Hellas Verona-Internazionale,Internazionale,Samir Handanovic,False,Goalkeeper,1,start,end,1.0,1.0,0.0,0.0,0.0,0.0,0.0,1.0,1.0,0.0,0.0,0.0,0.0,0.0,
ITA-Serie A,1718,2017-11-04 Bologna-Crotone,Bologna,Angelo da Costa,True,Goalkeeper,,start,end,1.0,0.0,0.0,0.0,0.0,0.0,0.0,3.0,3.0,0.0,0.0,0.0,0.0,0.0,
ITA-Serie A,1718,2017-11-04 Bologna-Crotone,Crotone,Alex Cordaz,False,Goalkeeper,,start,end,1.0,0.0,0.0,0.0,0.0,0.0,0.0,2.0,3.0,0.0,0.0,0.0,0.0,0.0,
ITA-Serie A,1718,2017-11-04 Genoa-Sampdoria,Genoa,Mattia Perin,True,Goalkeeper,,start,end,1.0,0.0,0.0,0.0,0.0,0.0,0.0,2.0,3.0,0.0,0.0,0.0,0.0,0.0,
ITA-Serie A,1718,2017-11-04 Genoa-Sampdoria,Sampdoria,Emiliano Viviano,False,Goalkeeper,,start,end,1.0,0.0,0.0,0.0,0.0,0.0,0.0,0.0,2.0,0.0,0.0,0.0,0.0,0.0,
ITA-Serie A,1718,2017-11-05 Atalanta-SPAL,Atalanta,Etrit Berisha,True,Goalkeeper,,start,end,1.0,0.0,0.0,0.0,0.0,0.0,0.0,1.0,2.0,0.0,0.0,0.0,0.0,0.0,
ITA-Serie A,1718,2017-11-05 Atalanta-SPAL,SPAL,Alfred Gomis,False,Goalkeeper,,start,end,1.0,0.0,0.0,0.0,0.0,0.0,0.0,1.0,2.0,0.0,0.0,0.0,0.0,0.0,
ITA-Serie A,1718,2017-11-05 Cagliari-Hellas Verona,Cagliari,Rafael,True,Goalkeeper,,start,end,1.0,0.0,0.0,0.0,0.0,0.0,1.0,1.0,1.0,0.0,0.0,0.0,0.0,0.0,
ITA-Serie A,1718,2017-11-05 Cagliari-Hellas Verona,Hellas Verona,Nícolas Andrade,False,Goalkeeper,,start,end,1.0,0.0,1.0,0.0,0.0,0.0,0.0,2.0,7.0,0.0,0.0,0.0,0.0,0.0,
ITA-Serie A,1718,2017-11-05 Chievo Verona-Napoli,Chievo Verona,Stefano Sorrentino,True,Goalkeeper,,start,end,1.0,0.0,0.0,0.0,0.0,0.0,0.0,0.0,5.0,0.0,0.0,0.0,0.0,0.0,
ITA-Serie A,1718,2017-11-05 Chievo Verona-Napoli,Napoli,Luigi Sepe,False,Goalkeeper,,start,end,1.0,0.0,0.0,0.0,0.0,0.0,0.0,0.0,1.0,0.0,0.0,0.0,0.0,0.0,
ITA-Serie A,1718,2017-11-05 Fiorentina-AS Roma,AS Roma,Alisson Becker,False,Goalkeeper,,start,end,1.0,0.0,0.0,0.0,0.0,0.0,0.0,2.0,4.0,0.0,0.0,0.0,0.0,0.0,
ITA-Serie A,1718,2017-11-05 Fiorentina-AS Roma,Fiorentina,Marco Sportiello,True,Goalkeeper,,start,end,1.0,0.0,0.0,0.0,0.0,0.0,0.0,4.0,6.0,0.0,0.0,0.0,0.0,0.0,
ITA-Serie A,1718,2017-11-05 Internazionale-Torino,Internazionale,Samir Handanovic,True,Goalkeeper,,start,end,1.0,0.0,0.0,0.0,0.0,0.0,0.0,1.0,2.0,0.0,0.0,0.0,0.0,0.0,
ITA-Serie A,1718,2017-11-05 Internazionale-Torino,Torino,Salvatore Sirigu,False,Goalkeeper,,start,end,1.0,0.0,0.0,0.0,0.0,0.0,1.0,1.0,4.0,0.0,0.0,0.0,0.0,0.0,
ITA-Serie A,1718,2017-11-05 Juventus-Benevento,Benevento,Alberto Brignoli,False,Goalkeeper,,start,end,1.0,0.0,0.0,0.0,0.0,0.0,0.0,2.0,6.0,0.0,0.0,0.0,0.0,0.0,
ITA-Serie A,1718,2017-11-05 Juventus-Benevento,Juventus,Wojciech Szczesny,True,Goalkeeper,,start,end,1.0,0.0,0.0,0.0,0.0,0.0,0.0,1.0,0.0,0.0,0.0,0.0,0.0,0.0,
ITA-Serie A,1718,2017-11-05 Sassuolo-AC Milan,AC Milan,Gianluigi Donnarumma,False,Goalkeeper,,start,end,1.0,0.0,1.0,0.0,0.0,0.0,0.0,0.0,1.0,0.0,0.0,0.0,0.0,0.0,
ITA-Serie A,1718,2017-11-05 Sassuolo-AC Milan,Sassuolo,Andrea Consigli,True,Goalkeeper,,start,end,1.0,0.0,0.0,0.0,0.0,0.0,0.0,2.0,9.0,0.0,0.0,0.0,0.0,0.0,
ITA-Serie A,1718,2017-11-18 AS Roma-Lazio,AS Roma,Alisson Becker,True,Goalkeeper,,start,end,1.0,0.0,0.0,0.0,0.0,0.0,0.0,1.0,1.0,0.0,0.0,0.0,0.0,0.0,
ITA-Serie A,1718,2017-11-18 AS Roma-Lazio,Lazio,Thomas Strakosha,False,Goalkeeper,,start,end,1.0,0.0,0.0,0.0,0.0,0.0,0.0,2.0,5.0,0.0,0.0,0.0,0.0,0.0,
ITA-Serie A,1718,2017-11-18 Napoli-AC Milan,AC Milan,Gianluigi Donnarumma,False,Goalkeeper,,start,end,1.0,0.0,0.0,0.0,0.0,0.0,0.0,2.0,8.0,0.0,0.0,0.0,0.0,0.0,
ITA-Serie A,1718,2017-11-18 Napoli-AC Milan,Napoli,Pepe Reina,True,Goalkeeper,,start,end,1.0,0.0,0.0,0.0,0.0,0.0,0.0,1.0,2.0,0.0,0.0,0.0,0.0,0.0,
ITA-Serie A,1718,2017-11-19 Benevento-Sassuolo,Benevento,Alberto Brignoli,True,Goalkeeper,,start,end,1.0,0.0,1.0,0.0,0.0,0.0,0.0,2.0,3.0,0.0,0.0,0.0,0.0,0.0,
ITA-Serie A,1718,2017-11-19 Benevento-Sassuolo,Sassuolo,Andrea Consigli,False,Goalkeeper,,start,end,1.0,0.0,2.0,0.0,0.0,0.0,0.0,1.0,6.0,0.0,0.0,0.0,0.0,0.0,
ITA-Serie A,1718,2017-11-19 Crotone-Genoa,Crotone,Alex Cordaz,True,Goalkeeper,,start,end,1.0,0.0,0.0,0.0,0.0,0.0,0.0,1.0,6.0,0.0,0.0,0.0,0.0,0.0,
ITA-Serie A,1718,2017-11-19 Crotone-Genoa,Genoa,Mattia Perin,False,Goalkeeper,,start,end,1.0,0.0,0.0,0.0,0.0,0.0,0.0,0.0,4.0,0.0,0.0,0.0,0.0,0.0,
ITA-Serie A,1718,2017-11-19 Internazionale-Atalanta,Atalanta,Etrit Berisha,False,Goalkeeper,,start,end,1.0,0.0,0.0,0.0,0.0,0.0,0.0,2.0,2.0,0.0,0.0,0.0,0.0,0.0,
ITA-Serie A,1718,2017-11-19 Internazionale-Atalanta,Internazionale,Samir Handanovic,True,Goalkeeper,,start,end,1.0,0.0,0.0,0.0,0.0,0.0,0.0,0.0,1.0,0.0,0.0,0.0,0.0,0.0,
ITA-Serie A,1718,2017-11-19 SPAL-Fiorentina,Fiorentina,Marco Sportiello,False,Goalkeeper,,start,end,1.0,0.0,1.0,0.0,0.0,0.0,0.0,1.0,0.0,0.0,0.0,0.0,0.0,0.0,
ITA-Serie A,1718,2017-11-19 SPAL-Fiorentina,SPAL,Alfred Gomis,True,Goalkeeper,,start,end,1.0,0.0,0.0,0.0,0.0,0.0,0.0,1.0,4.0,0.0,0.0,0.0,0.0,0.0,
ITA-Serie A,1718,2017-11-19 Sampdoria-Juventus,Juventus,Wojciech Szczesny,False,Goalkeeper,,start,end,1.0,0.0,0.0,0.0,0.0,0.0,0.0,3.0,2.0,0.0,0.0,0.0,0.0,0.0,
ITA-Serie A,1718,2017-11-19 Sampdoria-Juventus,Sampdoria,Emiliano Viviano,True,Goalkeeper,,start,end,1.0,0.0,0.0,0.0,0.0,0.0,0.0,2.0,2.0,0.0,0.0,0.0,0.0,0.0,
ITA-Serie A,1718,2017-11-19 Torino-Chievo Verona,Chievo Verona,Stefano Sorrentino,False,Goalkeeper,,start,end,1.0,0.0,0.0,0.0,0.0,0.0,0.0,1.0,3.0,0.0,0.0,0.0,0.0,0.0,
ITA-Serie A,1718,2017-11-19 Torino-Chievo Verona,Torino,Salvatore Sirigu,True,Goalkeeper,,start,end,1.0,0.0,0.0,0.0,0.0,0.0,0.0,1.0,3.0,0.0,0.0,0.0,0.0,0.0,
ITA-Serie A,1718,2017-11-19 Udinese-Cagliari,Cagliari,Rafael,False,Goalkeeper,,start,end,1.0,0.0,0.0,0.0,0.0,0.0,0.0,0.0,5.0,0.0,0.0,0.0,0.0,0.0,
ITA-Serie A,1718,2017-11-19 Udinese-Cagliari,Udinese,Albano Bizzarri,True,Goalkeeper,,start,end,1.0,1.0,0.0,0.0,1.0,0.0,0.0,1.0,3.0,0.0,0.0,0.0,0.0,0.0,
ITA-Serie A,1718,2017-11-20 Hellas Verona-Bologna,Bologna,Antonio Mirante,False,Goalkeeper,,start,end,1.0,0.0,0.0,0.0,0.0,0.0,0.0,2.0,4.0,0.0,0.0,0.0,0.0,0.0,
ITA-Serie A,1718,2017-11-20 Hellas Verona-Bologna,Hellas Verona,Nícolas Andrade,True,Goalkeeper,,start,end,1.0,0.0,0.0,0.0,0.0,0.0,0.0,3.0,2.0,0.0,0.0,0.0,0.0,0.0,
ITA-Serie A,1718,2017-11-25 Bologna-Sampdoria,Bologna,Antonio Mirante,True,Goalkeeper,,start,end,1.0,0.0,0.0,0.0,0.0,0.0,0.0,0.0,7.0,0.0,0.0,0.0,0.0,0.0,
ITA-Serie A,1718,2017-11-25 Bologna-Sampdoria,Sampdoria,Emiliano Viviano,False,Goalkeeper,,start,end,1.0,0.0,0.0,0.0,0.0,0.0,0.0,3.0,3.0,0.0,0.0,0.0,0.0,0.0,
ITA-Serie A,1718,2017-11-25 Cagliari-Internazionale,Cagliari,Rafael,True,Goalkeeper,,start,end,1.0,0.0,0.0,0.0,0.0,0.0,0.0,3.0,1.0,0.0,0.0,0.0,0.0,0.0,
ITA-Serie A,1718,2017-11-25 Cagliari-Internazionale,Internazionale,Samir Handanovic,False,Goalkeeper,,start,end,1.0,0.0,0.0,0.0,0.0,0.0,0.0,1.0,3.0,0.0,0.0,0.0,0.0,0.0,
ITA-Serie A,1718,2017-11-25 Chievo Verona-SPAL,Chievo Verona,Stefano Sorrentino,True,Goalkeeper,,start,end,1.0,0.0,0.0,0.0,0.0,0.0,0.0,1.0,5.0,0.0,0.0,0.0,0.0,0.0,
ITA-Serie A,1718,2017-11-25 Chievo Verona-SPAL,SPAL,Alfred Gomis,False,Goalkeeper,,start,end,1.0,0.0,0.0,0.0,0.0,0.0,0.0,2.0,1.0,0.0,0.0,0.0,0.0,0.0,
ITA-Serie A,1718,2017-11-25 Sassuolo-Hellas Verona,Hellas Verona,Nícolas Andrade,False,Goalkeeper,,start,end,1.0,0.0,0.0,0.0,0.0,0.0,0.0,0.0,3.0,0.0,0.0,0.0,0.0,0.0,
ITA-Serie A,1718,2017-11-25 Sassuolo-Hellas Verona,Sassuolo,Andrea Consigli,True,Goalkeeper,,start,end,1.0,0.0,0.0,0.0,0.0,0.0,0.0,2.0,3.0,0.0,0.0,0.0,0.0,0.0,
ITA-Serie A,1718,2017-11-26 AC Milan-Torino,AC Milan,Gianluigi Donnarumma,True,Goalkeeper,,start,end,1.0,0.0,0.0,0.0,0.0,0.0,0.0,0.0,2.0,0.0,0.0,0.0,0.0,0.0,
ITA-Serie A,1718,2017-11-26 AC Milan-Torino,Torino,Salvatore Sirigu,False,Goalkeeper,,start,end,1.0,0.0,0.0,0.0,0.0,0.0,0.0,0.0,6.0,0.0,0.0,0.0,0.0,0.0,
ITA-Serie A,1718,2017-11-26 Genoa-AS Roma,AS Roma,Alisson Becker,False,Goalkeeper,,start,end,1.0,0.0,0.0,0.0,0.0,0.0,0.0,1.0,3.0,0.0,0.0,0.0,0.0,0.0,
ITA-Serie A,1718,2017-11-26 Genoa-AS Roma,Genoa,Mattia Perin,True,Goalkeeper,,start,end,1.0,0.0,1.0,0.0,0.0,0.0,0.0,1.0,3.0,0.0,0.0,0.0,0.0,0.0,
ITA-Serie A,1718,2017-11-26 Juventus-Crotone,Crotone,Alex Cordaz,False,Goalkeeper,,start,end,1.0,0.0,0.0,0.0,0.0,0.0,0.0,3.0,7.0,0.0,0.0,0.0,0.0,0.0,
ITA-Serie A,1718,2017-11-26 Juventus-Crotone,Juventus,Gianluigi Buffon,True,Goalkeeper,,start,end,1.0,0.0,0.0,0.0,0.0,0.0,0.0,0.0,1.0,0.0,0.0,0.0,0.0,0.0,
ITA-Serie A,1718,2017-11-26 Lazio-Fiorentina,Fiorentina,Marco Sportiello,False,Goalkeeper,,start,end,1.0,0.0,0.0,0.0,0.0,0.0,0.0,1.0,5.0,0.0,0.0,0.0,0.0,0.0,
ITA-Serie A,1718,2017-11-26 Lazio-Fiorentina,Lazio,Thomas Strakosha,True,Goalkeeper,,start,end,1.0,0.0,0.0,0.0,0.0,0.0,0.0,1.0,7.0,0.0,0.0,0.0,0.0,0.0,
ITA-Serie A,1718,2017-11-26 Udinese-Napoli,Napoli,Pepe Reina,False,Goalkeeper,,start,end,1.0,0.0,0.0,0.0,0.0,0.0,0.0,0.0,2.0,0.0,0.0,0.0,0.0,0.0,
ITA-Serie A,1718,2017-11-26 Udinese-Napoli,Udinese,Simone Scuffet,True,Goalkeeper,,start,end,1.0,0.0,0.0,0.0,0.0,0.0,0.0,1.0,3.0,0.0,0.0,0.0,0.0,0.0,
ITA-Serie A,1718,2017-11-27 Atalanta-Benevento,Atalanta,Etrit Berisha,True,Goalkeeper,,start,end,1.0,0.0,0.0,0.0,0.0,0.0,0.0,0.0,2.0,0.0,0.0,0.0,0.0,0.0,
ITA-Serie A,1718,2017-11-27 Atalanta-Benevento,Benevento,Alberto Brignoli,False,Goalkeeper,,start,end,1.0,0.0,0.0,0.0,0.0,0.0,0.0,1.0,3.0,0.0,0.0,0.0,0.0,0.0,
ITA-Serie A,1718,2017-12-01 AS Roma-SPAL,AS Roma,Alisson Becker,True,Goalkeeper,,start,end,1.0,0.0,0.0,0.0,0.0,0.0,0.0,1.0,1.0,0.0,0.0,0.0,0.0,0.0,
ITA-Serie A,1718,2017-12-01 AS Roma-SPAL,SPAL,Alfred Gomis,False,Goalkeeper,,start,end,1.0,0.0,0.0,0.0,0.0,0.0,0.0,3.0,12.0,0.0,0.0,0.0,0.0,0.0,
ITA-Serie A,1718,2017-12-01 Napoli-Juventus,Juventus,Gianluigi Buffon,False,Goalkeeper,,start,end,1.0,0.0,1.0,0.0,0.0,0.0,0.0,0.0,6.0,0.0,0.0,0.0,0.0,0.0,
ITA-Serie A,1718,2017-12-01 Napoli-Juventus,Napoli,Pepe Reina,True,Goalkeeper,,start,end,1.0,0.0,0.0,0.0,0.0,0.0,0.0,1.0,3.0,0.0,0.0,0.0,0.0,0.0,
ITA-Serie A,1718,2017-12-02 Torino-Atalanta,Atalanta,Etrit Berisha,False,Goalkeeper,,start,end,1.0,0.0,0.0,0.0,0.0,0.0,0.0,1.0,5.0,0.0,0.0,0.0,0.0,0.0,
ITA-Serie A,1718,2017-12-02 Torino-Atalanta,Torino,Salvatore Sirigu,True,Goalkeeper,,start,end,1.0,0.0,0.0,0.0,0.0,0.0,0.0,1.0,6.0,0.0,0.0,0.0,0.0,0.0,
ITA-Serie A,1718,2017-12-03 Benevento-AC Milan,AC Milan,Gianluigi Donnarumma,False,Goalkeeper,,start,end,1.0,0.0,0.0,0.0,0.0,0.0,0.0,2.0,4.0,0.0,0.0,0.0,0.0,0.0,
ITA-Serie A,1718,2017-12-03 Benevento-AC Milan,Benevento,Alberto Brignoli,True,Goalkeeper,,start,end,1.0,0.0,0.0,0.0,0.0,0.0,0.0,2.0,4.0,0.0,0.0,1.0,1.0,1.0,
ITA-Serie A,1718,2017-12-03 Bologna-Cagliari,Bologna,Antonio Mirante,True,Goalkeeper,,start,end,1.0,0.0,0.0,0.0,0.0,0.0,1.0,1.0,1.0,0.0,0.0,0.0,0.0,0.0,
ITA-Serie A,1718,2017-12-03 Bologna-Cagliari,Cagliari,Rafael,False,Goalkeeper,,start,end,1.0,0.0,0.0,0.0,0.0,0.0,0.0,1.0,2.0,0.0,0.0,0.0,0.0,0.0,
ITA-Serie A,1718,2017-12-03 Fiorentina-Sassuolo,Fiorentina,Marco Sportiello,True,Goalkeeper,,start,end,1.0,0.0,0.0,0.0,0.0,0.0,0.0,0.0,1.0,0.0,0.0,0.0,0.0,0.0,
ITA-Serie A,1718,2017-12-03 Fiorentina-Sassuolo,Sassuolo,Andrea Consigli,False,Goalkeeper,,start,end,1.0,0.0,0.0,0.0,0.0,0.0,0.0,3.0,6.0,0.0,0.0,0.0,0.0,0.0,
ITA-Serie A,1718,2017-12-03 Internazionale-Chievo Verona,Chievo Verona,Stefano Sorrentino,False,Goalkeeper,,start,end,1.0,0.0,0.0,0.0,0.0,0.0,0.0,5.0,8.0,0.0,0.0,0.0,0.0,0.0,
ITA-Serie A,1718,2017-12-03 Internazionale-Chievo Verona,Internazionale,Samir Handanovic,True,Goalkeeper,,start,end,1.0,0.0,0.0,0.0,0.0,0.0,0.0,0.0,4.0,0.0,0.0,0.0,0.0,0.0,
ITA-Serie A,1718,2017-12-03 Sampdoria-Lazio,Lazio,Thomas Strakosha,False,Goalkeeper,,start,end,1.0,0.0,0.0,0.0,0.0,0.0,0.0,1.0,2.0,0.0,0.0,0.0,0.0,0.0,
ITA-Serie A,1718,2017-12-03 Sampdoria-Lazio,Sampdoria,Emiliano Viviano,True,Goalkeeper,,start,end,1.0,0.0,0.0,0.0,0.0,0.0,0.0,2.0,1.0,0.0,0.0,0.0,0.0,0.0,
ITA-Serie A,1718,2017-12-04 Crotone-Udinese,Crotone,Alex Cordaz,True,Goalkeeper,,start,end,1.0,0.0,0.0,0.0,0.0,0.0,0.0,3.0,3.0,0.0,0.0,0.0,0.0,0.0,
ITA-Serie A,1718,2017-12-04 Crotone-Udinese,Udinese,Albano Bizzarri,False,Goalkeeper,,start,end,1.0,0.0,0.0,0.0,0.0,0.0,0.0,0.0,2.0,0.0,0.0,0.0,0.0,0.0,
ITA-Serie A,1718,2017-12-04 Hellas Verona-Genoa,Genoa,Mattia Perin,False,Goalkeeper,,start,end,1.0,0.0,0.0,0.0,0.0,0.0,0.0,0.0,3.0,0.0,0.0,0.0,0.0,0.0,
ITA-Serie A,1718,2017-12-04 Hellas Verona-Genoa,Hellas Verona,Nícolas Andrade,True,Goalkeeper,,start,end,1.0,0.0,0.0,0.0,0.0,0.0,0.0,1.0,0.0,0.0,0.0,0.0,0.0,0.0,
ITA-Serie A,1718,2017-12-09 Cagliari-Sampdoria,Cagliari,Alessio Cragno,True,Goalkeeper,,start,end,1.0,0.0,0.0,0.0,0.0,0.0,0.0,2.0,7.0,0.0,0.0,0.0,0.0,0.0,
ITA-Serie A,1718,2017-12-09 Cagliari-Sampdoria,Sampdoria,Emiliano Viviano,False,Goalkeeper,,start,end,1.0,0.0,0.0,0.0,0.0,0.0,0.0,2.0,4.0,0.0,0.0,0.0,0.0,0.0,
ITA-Serie A,1718,2017-12-09 Juventus-Internazionale,Internazionale,Samir Handanovic,False,Goalkeeper,,start,end,1.0,0.0,0.0,0.0,0.0,0.0,0.0,0.0,8.0,0.0,0.0,0.0,0.0,0.0,
ITA-Serie A,1718,2017-12-09 Juventus-Internazionale,Juventus,Wojciech Szczesny,True,Goalkeeper,,start,end,1.0,0.0,0.0,0.0,0.0,0.0,0.0,0.0,1.0,0.0,0.0,0.0,0.0,0.0,
ITA-Serie A,1718,2017-12-10 AC Milan-Bologna,AC Milan,Gianluigi Donnarumma,True,Goalkeeper,1,start,end,1.0,0.0,0.0,0.0,0.0,0.0,0.0,1.0,2.0,0.0,0.0,0.0,0.0,0.0,
ITA-Serie A,1718,2017-12-10 AC Milan-Bologna,Bologna,Antonio Mirante,False,Goalkeeper,1,start,end,1.0,0.0,0.0,0.0,0.0,0.0,0.0,2.0,5.0,0.0,0.0,0.0,0.0,0.0,
ITA-Serie A,1718,2017-12-10 Chievo Verona-AS Roma,AS Roma,Alisson Becker,False,Goalkeeper,,start,end,1.0,0.0,0.0,0.0,0.0,0.0,0.0,0.0,1.0,0.0,0.0,0.0,0.0,0.0,
ITA-Serie A,1718,2017-12-10 Chievo Verona-AS Roma,Chievo Verona,Stefano Sorrentino,True,Goalkeeper,,start,end,1.0,0.0,0.0,0.0,0.0,0.0,0.0,0.0,8.0,0.0,0.0,0.0,0.0,0.0,
ITA-Serie A,1718,2017-12-10 Napoli-Fiorentina,Fiorentina,Marco Sportiello,False,Goalkeeper,,start,end,1.0,0.0,1.0,0.0,0.0,0.0,0.0,0.0,4.0,0.0,0.0,0.0,0.0,0.0,
ITA-Serie A,1718,2017-12-10 Napoli-Fiorentina,Napoli,Pepe Reina,True,Goalkeeper,,start,end,1.0,0.0,0.0,0.0,0.0,0.0,0.0,0.0,3.0,0.0,0.0,0.0,0.0,0.0,
ITA-Serie A,1718,2017-12-10 SPAL-Hellas Verona,Hellas Verona,Nícolas Andrade,False,Goalkeeper,,start,end,1.0,0.0,1.0,0.0,0.0,0.0,0.0,2.0,7.0,0.0,0.0,0.0,0.0,0.0,
ITA-Serie A,1718,2017-12-10 SPAL-Hellas Verona,SPAL,Alfred Gomis,True,Goalkeeper,,start,end,1.0,0.0,0.0,0.0,0.0,0.0,0.0,2.0,6.0,0.0,0.0,0.0,0.0,0.0,
ITA-Serie A,1718,2017-12-10 Sassuolo-Crotone,Crotone,Alex Cordaz,False,Goalkeeper,,start,end,1.0,0.0,0.0,0.0,0.0,0.0,0.0,2.0,6.0,0.0,0.0,0.0,0.0,0.0,
ITA-Serie A,1718,2017-12-10 Sassuolo-Crotone,Sassuolo,Andrea Consigli,True,Goalkeeper,,start,end,1.0,0.0,0.0,0.0,0.0,0.0,0.0,1.0,1.0,0.0,0.0,0.0,0.0,0.0,
ITA-Serie A,1718,2017-12-10 Udinese-Benevento,Benevento,Alberto Brignoli,False,Goalkeeper,,start,end,1.0,0.0,0.0,0.0,0.0,0.0,0.0,2.0,0.0,0.0,0.0,0.0,0.0,0.0,
ITA-Serie A,1718,2017-12-10 Udinese-Benevento,Udinese,Albano Bizzarri,True,Goalkeeper,,start,end,1.0,1.0,0.0,0.0,0.0,0.0,0.0,0.0,5.0,0.0,0.0,0.0,0.0,0.0,
ITA-Serie A,1718,2017-12-11 Lazio-Torino,Lazio,Thomas Strakosha,True,Goalkeeper,,start,end,1.0,0.0,0.0,0.0,0.0,0.0,0.0,3.0,2.0,0.0,0.0,0.0,0.0,0.0,
ITA-Serie A,1718,2017-12-11 Lazio-Torino,Torino,Salvatore Sirigu,False,Goalkeeper,,start,end,1.0,0.0,0.0,0.0,0.0,0.0,0.0,1.0,6.0,0.0,0.0,0.0,0.0,0.0,
ITA-Serie A,1718,2017-12-12 Genoa-Atalanta,Atalanta,Etrit Berisha,False,Goalkeeper,,start,end,1.0,0.0,0.0,0.0,0.0,0.0,0.0,1.0,3.0,0.0,0.0,0.0,0.0,0.0,
ITA-Serie A,1718,2017-12-12 Genoa-Atalanta,Genoa,Mattia Perin,True,Goalkeeper,,start,end,1.0,0.0,0.0,0.0,0.0,0.0,0.0,2.0,5.0,0.0,0.0,0.0,0.0,0.0,
ITA-Serie A,1718,2017-12-16 AS Roma-Cagliari,AS Roma,Alisson Becker,True,Goalkeeper,,start,end,1.0,0.0,0.0,0.0,0.0,0.0,0.0,0.0,0.0,0.0,0.0,0.0,0.0,0.0,
ITA-Serie A,1718,2017-12-16 AS Roma-Cagliari,Cagliari,Alessio Cragno,False,Goalkeeper,,start,end,1.0,1.0,0.0,0.0,0.0,0.0,0.0,1.0,5.0,0.0,0.0,0.0,0.0,0.0,
ITA-Serie A,1718,2017-12-16 Internazionale-Udinese,Internazionale,Samir Handanovic,True,Goalkeeper,,start,end,1.0,0.0,0.0,0.0,0.0,0.0,0.0,3.0,2.0,0.0,0.0,0.0,0.0,0.0,
ITA-Serie A,1718,2017-12-16 Internazionale-Udinese,Udinese,Albano Bizzarri,False,Goalkeeper,,start,end,1.0,0.0,0.0,0.0,0.0,0.0,0.0,1.0,7.0,0.0,0.0,0.0,0.0,0.0,
ITA-Serie A,1718,2017-12-16 Torino-Napoli,Napoli,Pepe Reina,False,Goalkeeper,,start,end,1.0,0.0,0.0,0.0,0.0,0.0,0.0,1.0,1.0,0.0,0.0,0.0,0.0,0.0,
ITA-Serie A,1718,2017-12-16 Torino-Napoli,Torino,Salvatore Sirigu,True,Goalkeeper,,start,end,1.0,0.0,0.0,0.0,0.0,0.0,0.0,3.0,1.0,0.0,0.0,0.0,0.0,0.0,
ITA-Serie A,1718,2017-12-17 Atalanta-Lazio,Atalanta,Etrit Berisha,True,Goalkeeper,,start,end,1.0,0.0,0.0,0.0,0.0,0.0,0.0,3.0,1.0,0.0,0.0,0.0,0.0,0.0,
ITA-Serie A,1718,2017-12-17 Atalanta-Lazio,Lazio,Thomas Strakosha,False,Goalkeeper,,start,end,1.0,0.0,1.0,0.0,0.0,0.0,0.0,3.0,3.0,0.0,0.0,0.0,0.0,0.0,
ITA-Serie A,1718,2017-12-17 Benevento-SPAL,Benevento,Vid Belec,True,Goalkeeper,,start,end,1.0,0.0,0.0,0.0,0.0,0.0,0.0,2.0,3.0,0.0,0.0,0.0,0.0,0.0,
ITA-Serie A,1718,2017-12-17 Benevento-SPAL,SPAL,Alfred Gomis,False,Goalkeeper,,start,end,1.0,0.0,0.0,0.0,0.0,0.0,0.0,1.0,4.0,0.0,0.0,0.0,0.0,0.0,
ITA-Serie A,1718,2017-12-17 Bologna-Juventus,Bologna,Antonio Mirante,True,Goalkeeper,,start,end,1.0,0.0,0.0,0.0,0.0,0.0,0.0,3.0,4.0,0.0,0.0,0.0,0.0,0.0,
ITA-Serie A,1718,2017-12-17 Bologna-Juventus,Juventus,Wojciech Szczesny,False,Goalkeeper,,start,end,1.0,0.0,1.0,0.0,0.0,0.0,0.0,0.0,1.0,0.0,0.0,0.0,0.0,0.0,
ITA-Serie A,1718,2017-12-17 Crotone-Chievo Verona,Chievo Verona,Stefano Sorrentino,False,Goalkeeper,,start,end,1.0,0.0,0.0,0.0,0.0,0.0,0.0,1.0,5.0,0.0,0.0,0.0,0.0,0.0,
ITA-Serie A,1718,2017-12-17 Crotone-Chievo Verona,Crotone,Alex Cordaz,True,Goalkeeper,,start,end,1.0,0.0,0.0,0.0,0.0,0.0,0.0,0.0,4.0,0.0,0.0,0.0,0.0,0.0,
ITA-Serie A,1718,2017-12-17 Fiorentina-Genoa,Fiorentina,Marco Sportiello,True,Goalkeeper,,start,end,1.0,0.0,0.0,0.0,0.0,0.0,0.0,0.0,3.0,0.0,0.0,0.0,0.0,0.0,
ITA-Serie A,1718,2017-12-17 Fiorentina-Genoa,Genoa,Mattia Perin,False,Goalkeeper,,start,end,1.0,0.0,0.0,0.0,0.0,0.0,0.0,0.0,4.0,0.0,0.0,0.0,0.0,0.0,
ITA-Serie A,1718,2017-12-17 Hellas Verona-AC Milan,AC Milan,Gianluigi Donnarumma,False,Goalkeeper,,start,end,1.0,0.0,0.0,0.0,0.0,0.0,0.0,3.0,1.0,0.0,0.0,0.0,0.0,0.0,
ITA-Serie A,1718,2017-12-17 Hellas Verona-AC Milan,Hellas Verona,Nícolas Andrade,True,Goalkeeper,,start,end,1.0,0.0,0.0,0.0,0.0,0.0,1.0,0.0,8.0,0.0,0.0,0.0,0.0,0.0,
ITA-Serie A,1718,2017-12-17 Sampdoria-Sassuolo,Sampdoria,Emiliano Viviano,True,Goalkeeper,,start,end,1.0,0.0,0.0,0.0,0.0,0.0,0.0,1.0,6.0,0.0,0.0,0.0,0.0,0.0,
ITA-Serie A,1718,2017-12-17 Sampdoria-Sassuolo,Sassuolo,Andrea Consigli,False,Goalkeeper,,start,end,1.0,0.0,1.0,0.0,0.0,0.0,1.0,0.0,2.0,0.0,0.0,0.0,0.0,0.0,
ITA-Serie A,1718,2017-12-22 Cagliari-Fiorentina,Cagliari,Alessio Cragno,True,Goalkeeper,,start,end,1.0,0.0,0.0,0.0,0.0,0.0,0.0,1.0,6.0,0.0,0.0,0.0,0.0,0.0,
ITA-Serie A,1718,2017-12-22 Cagliari-Fiorentina,Fiorentina,Marco Sportiello,False,Goalkeeper,,start,end,1.0,0.0,0.0,0.0,0.0,0.0,0.0,0.0,1.0,0.0,0.0,0.0,0.0,0.0,
ITA-Serie A,1718,2017-12-22 Chievo Verona-Bologna,Bologna,Antonio Mirante,False,Goalkeeper,,start,end,1.0,0.0,0.0,0.0,0.0,0.0,0.0,2.0,5.0,0.0,0.0,0.0,0.0,0.0,
ITA-Serie A,1718,2017-12-22 Chievo Verona-Bologna,Chievo Verona,Stefano Sorrentino,True,Goalkeeper,,start,end,1.0,0.0,0.0,0.0,0.0,0.0,0.0,3.0,2.0,0.0,0.0,0.0,0.0,0.0,
ITA-Serie A,1718,2017-12-23 AC Milan-Atalanta,AC Milan,Gianluigi Donnarumma,True,Goalkeeper,,start,end,1.0,0.0,0.0,0.0,0.0,0.0,0.0,2.0,5.0,0.0,0.0,0.0,0.0,0.0,
ITA-Serie A,1718,2017-12-23 AC Milan-Atalanta,Atalanta,Etrit Berisha,False,Goalkeeper,,start,end,1.0,0.0,0.0,0.0,0.0,0.0,0.0,0.0,5.0,0.0,0.0,0.0,0.0,0.0,
ITA-Serie A,1718,2017-12-23 Genoa-Benevento,Benevento,Vid Belec,False,Goalkeeper,,start,end,1.0,1.0,0.0,0.0,0.0,0.0,1.0,1.0,4.0,0.0,0.0,0.0,0.0,0.0,
ITA-Serie A,1718,2017-12-23 Genoa-Benevento,Genoa,Mattia Perin,True,Goalkeeper,,start,end,1.0,0.0,0.0,0.0,0.0,0.0,0.0,0.0,2.0,0.0,0.0,0.0,0.0,0.0,
ITA-Serie A,1718,2017-12-23 Juventus-AS Roma,AS Roma,Alisson Becker,False,Goalkeeper,,start,end,1.0,0.0,0.0,0.0,0.0,0.0,0.0,1.0,7.0,0.0,0.0,0.0,0.0,0.0,
ITA-Serie A,1718,2017-12-23 Juventus-AS Roma,Juventus,Wojciech Szczesny,True,Goalkeeper,,start,end,1.0,0.0,0.0,0.0,0.0,0.0,0.0,0.0,2.0,0.0,0.0,0.0,0.0,0.0,
ITA-Serie A,1718,2017-12-23 Lazio-Crotone,Crotone,Alex Cordaz,False,Goalkeeper,,start,end,1.0,0.0,0.0,0.0,0.0,0.0,0.0,4.0,3.0,0.0,0.0,0.0,0.0,0.0,
ITA-Serie A,1718,2017-12-23 Lazio-Crotone,Lazio,Thomas Strakosha,True,Goalkeeper,,start,end,1.0,0.0,0.0,0.0,0.0,0.0,0.0,0.0,2.0,0.0,0.0,0.0,0.0,0.0,
ITA-Serie A,1718,2017-12-23 Napoli-Sampdoria,Napoli,Pepe Reina,True,Goalkeeper,,start,end,1.0,0.0,0.0,0.0,0.0,0.0,0.0,2.0,0.0,0.0,0.0,0.0,0.0,0.0,
ITA-Serie A,1718,2017-12-23 Napoli-Sampdoria,Sampdoria,Emiliano Viviano,False,Goalkeeper,,start,end,1.0,1.0,0.0,0.0,0.0,0.0,1.0,3.0,6.0,0.0,0.0,0.0,0.0,0.0,
ITA-Serie A,1718,2017-12-23 SPAL-Torino,SPAL,Alfred Gomis,True,Goalkeeper,,start,end,1.0,0.0,0.0,0.0,0.0,0.0,0.0,2.0,3.0,0.0,0.0,0.0,0.0,0.0,
ITA-Serie A,1718,2017-12-23 SPAL-Torino,Torino,Salvatore Sirigu,False,Goalkeeper,,start,end,1.0,0.0,0.0,0.0,0.0,0.0,0.0,2.0,2.0,0.0,0.0,0.0,0.0,0.0,
ITA-Serie A,1718,2017-12-23 Sassuolo-Internazionale,Internazionale,Samir Handanovic,False,Goalkeeper,,start,end,1.0,0.0,0.0,0.0,0.0,0.0,0.0,1.0,3.0,0.0,0.0,0.0,0.0,0.0,
ITA-Serie A,1718,2017-12-23 Sassuolo-Internazionale,Sassuolo,Andrea Consigli,True,Goalkeeper,,start,end,1.0,0.0,1.0,0.0,0.0,0.0,0.0,0.0,4.0,0.0,0.0,0.0,0.0,0.0,
ITA-Serie A,1718,2017-12-23 Udinese-Hellas Verona,Hellas Verona,Nícolas Andrade,False,Goalkeeper,,start,end,1.0,0.0,0.0,0.0,0.0,0.0,0.0,4.0,6.0,0.0,0.0,0.0,0.0,0.0,
ITA-Serie A,1718,2017-12-23 Udinese-Hellas Verona,Udinese,Albano Bizzarri,True,Goalkeeper,,start,end,1.0,0.0,0.0,0.0,0.0,0.0,0.0,0.0,0.0,0.0,0.0,0.0,0.0,0.0,
ITA-Serie A,1718,2017-12-29 Crotone-Napoli,Crotone,Alex Cordaz,True,Goalkeeper,,start,end,1.0,0.0,0.0,0.0,0.0,0.0,0.0,1.0,7.0,0.0,0.0,0.0,0.0,0.0,
ITA-Serie A,1718,2017-12-29 Crotone-Napoli,Napoli,Pepe Reina,False,Goalkeeper,,start,end,1.0,0.0,0.0,0.0,0.0,0.0,0.0,0.0,2.0,0.0,0.0,0.0,0.0,0.0,
ITA-Serie A,1718,2017-12-30 AS Roma-Sassuolo,AS Roma,Alisson Becker,True,Goalkeeper,,start,end,1.0,0.0,0.0,0.0,0.0,0.0,0.0,1.0,4.0,0.0,0.0,0.0,0.0,0.0,
ITA-Serie A,1718,2017-12-30 AS Roma-Sassuolo,Sassuolo,Andrea Consigli,False,Goalkeeper,,start,end,1.0,0.0,0.0,0.0,0.0,0.0,0.0,1.0,2.0,0.0,0.0,0.0,0.0,0.0,
ITA-Serie A,1718,2017-12-30 Atalanta-Cagliari,Atalanta,Pierluigi Gollini,True,Goalkeeper,,start,end,1.0,0.0,0.0,0.0,0.0,0.0,0.0,2.0,1.0,0.0,0.0,0.0,0.0,0.0,
ITA-Serie A,1718,2017-12-30 Atalanta-Cagliari,Cagliari,Rafael,False,Goalkeeper,,start,end,1.0,0.0,0.0,0.0,0.0,0.0,0.0,1.0,5.0,0.0,0.0,0.0,0.0,0.0,
ITA-Serie A,1718,2017-12-30 Benevento-Chievo Verona,Benevento,Vid Belec,True,Goalkeeper,,start,end,1.0,0.0,1.0,0.0,0.0,0.0,0.0,0.0,3.0,0.0,0.0,0.0,0.0,0.0,
ITA-Serie A,1718,2017-12-30 Benevento-Chievo Verona,Chievo Verona,Stefano Sorrentino,False,Goalkeeper,,start,end,1.0,0.0,0.0,0.0,0.0,0.0,0.0,1.0,8.0,0.0,0.0,0.0,0.0,0.0,
ITA-Serie A,1718,2017-12-30 Bologna-Udinese,Bologna,Antonio Mirante,True,Goalkeeper,,start,end,1.0,0.0,0.0,0.0,0.0,0.0,1.0,2.0,2.0,0.0,0.0,1.0,0.0,1.0,
ITA-Serie A,1718,2017-12-30 Bologna-Udinese,Udinese,Albano Bizzarri,False,Goalkeeper,,start,end,1.0,0.0,1.0,0.0,0.0,0.0,0.0,1.0,3.0,0.0,0.0,0.0,0.0,0.0,
ITA-Serie A,1718,2017-12-30 Fiorentina-AC Milan,AC Milan,Gianluigi Donnarumma,False,Goalkeeper,,start,end,1.0,0.0,0.0,0.0,0.0,0.0,0.0,1.0,5.0,0.0,0.0,0.0,0.0,0.0,
ITA-Serie A,1718,2017-12-30 Fiorentina-AC Milan,Fiorentina,Marco Sportiello,True,Goalkeeper,,start,end,1.0,0.0,0.0,0.0,0.0,0.0,0.0,1.0,3.0,0.0,0.0,0.0,0.0,0.0,
ITA-Serie A,1718,2017-12-30 Hellas Verona-Juventus,Hellas Verona,Nícolas Andrade,True,Goalkeeper,,start,end,1.0,0.0,0.0,0.0,0.0,0.0,0.0,3.0,6.0,0.0,0.0,0.0,0.0,0.0,
ITA-Serie A,1718,2017-12-30 Hellas Verona-Juventus,Juventus,Wojciech Szczesny,False,Goalkeeper,,start,end,1.0,0.0,0.0,0.0,0.0,0.0,0.0,1.0,0.0,0.0,0.0,0.0,0.0,0.0,
ITA-Serie A,1718,2017-12-30 Internazionale-Lazio,Internazionale,Samir Handanovic,True,Goalkeeper,,start,end,1.0,0.0,0.0,0.0,0.0,0.0,0.0,0.0,4.0,0.0,0.0,0.0,0.0,0.0,
ITA-Serie A,1718,2017-12-30 Internazionale-Lazio,Lazio,Thomas Strakosha,False,Goalkeeper,,start,end,1.0,0.0,0.0,0.0,0.0,0.0,0.0,0.0,3.0,0.0,0.0,0.0,0.0,0.0,
ITA-Serie A,1718,2017-12-30 Sampdoria-SPAL,SPAL,Alfred Gomis,False,Goalkeeper,,start,end,1.0,0.0,0.0,0.0,0.0,0.0,0.0,2.0,6.0,0.0,0.0,0.0,0.0,0.0,
ITA-Serie A,1718,2017-12-30 Sampdoria-SPAL,Sampdoria,Emiliano Viviano,True,Goalkeeper,,start,end,1.0,0.0,0.0,0.0,0.0,0.0,0.0,0.0,2.0,0.0,0.0,0.0,0.0,0.0,
ITA-Serie A,1718,2017-12-30 Torino-Genoa,Genoa,Mattia Perin,False,Goalkeeper,,start,end,1.0,0.0,0.0,0.0,0.0,0.0,0.0,0.0,5.0,0.0,0.0,0.0,0.0,0.0,
ITA-Serie A,1718,2017-12-30 Torino-Genoa,Torino,Salvatore Sirigu,True,Goalkeeper,,start,end,1.0,0.0,0.0,0.0,0.0,0.0,0.0,0.0,1.0,0.0,0.0,0.0,0.0,0.0,
ITA-Serie A,1718,2018-01-05 Chievo Verona-Udinese,Chievo Verona,Stefano Sorrentino,True,Goalkeeper,,start,end,1.0,0.0,1.0,0.0,0.0,0.0,0.0,1.0,1.0,0.0,0.0,0.0,0.0,0.0,
ITA-Serie A,1718,2018-01-05 Chievo Verona-Udinese,Udinese,Albano Bizzarri,False,Goalkeeper,,start,end,1.0,0.0,0.0,0.0,0.0,0.0,0.0,1.0,5.0,0.0,0.0,0.0,0.0,0.0,
ITA-Serie A,1718,2018-01-05 Fiorentina-Internazionale,Fiorentina,Marco Sportiello,True,Goalkeeper,,start,end,1.0,0.0,0.0,0.0,0.0,0.0,0.0,1.0,3.0,0.0,0.0,0.0,0.0,0.0,
ITA-Serie A,1718,2018-01-05 Fiorentina-Internazionale,Internazionale,Samir Handanovic,False,Goalkeeper,,start,end,1.0,0.0,0.0,0.0,0.0,0.0,0.0,1.0,3.0,0.0,0.0,0.0,0.0,0.0,
ITA-Serie A,1718,2018-01-06 AC Milan-Crotone,AC Milan,Gianluigi Donnarumma,True,Goalkeeper,,start,end,1.0,0.0,0.0,0.0,0.0,0.0,0.0,0.0,2.0,0.0,0.0,0.0,0.0,0.0,
ITA-Serie A,1718,2018-01-06 AC Milan-Crotone,Crotone,Alex Cordaz,False,Goalkeeper,,start,end,1.0,0.0,0.0,0.0,0.0,0.0,0.0,1.0,8.0,0.0,0.0,0.0,0.0,0.0,
ITA-Serie A,1718,2018-01-06 AS Roma-Atalanta,AS Roma,Alisson Becker,True,Goalkeeper,,start,end,1.0,0.0,0.0,0.0,0.0,0.0,0.0,2.0,2.0,0.0,0.0,0.0,0.0,0.0,
ITA-Serie A,1718,2018-01-06 AS Roma-Atalanta,Atalanta,Etrit Berisha,False,Goalkeeper,,start,end,1.0,0.0,0.0,0.0,0.0,0.0,0.0,1.0,4.0,0.0,0.0,0.0,0.0,0.0,
ITA-Serie A,1718,2018-01-06 Benevento-Sampdoria,Benevento,Vid Belec,True,Goalkeeper,,start,end,1.0,0.0,0.0,0.0,0.0,0.0,0.0,2.0,4.0,0.0,0.0,0.0,0.0,0.0,
ITA-Serie A,1718,2018-01-06 Benevento-Sampdoria,Sampdoria,Emiliano Viviano,False,Goalkeeper,,start,end,1.0,0.0,0.0,0.0,0.0,0.0,0.0,3.0,2.0,0.0,0.0,0.0,0.0,0.0,
ITA-Serie A,1718,2018-01-06 Cagliari-Juventus,Cagliari,Rafael,True,Goalkeeper,,start,end,1.0,0.0,0.0,0.0,0.0,0.0,0.0,1.0,1.0,0.0,0.0,0.0,0.0,0.0,
ITA-Serie A,1718,2018-01-06 Cagliari-Juventus,Juventus,Wojciech Szczesny,False,Goalkeeper,,start,end,1.0,0.0,0.0,0.0,0.0,0.0,0.0,0.0,2.0,0.0,0.0,0.0,0.0,0.0,
ITA-Serie A,1718,2018-01-06 Genoa-Sassuolo,Genoa,Mattia Perin,True,Goalkeeper,,start,end,1.0,0.0,0.0,0.0,0.0,0.0,0.0,0.0,1.0,0.0,0.0,0.0,0.0,0.0,
ITA-Serie A,1718,2018-01-06 Genoa-Sassuolo,Sassuolo,Andrea Consigli,False,Goalkeeper,,start,end,1.0,0.0,1.0,0.0,0.0,0.0,0.0,1.0,2.0,0.0,0.0,0.0,0.0,0.0,
ITA-Serie A,1718,2018-01-06 Napoli-Hellas Verona,Hellas Verona,Nícolas Andrade,False,Goalkeeper,,start,end,1.0,0.0,1.0,0.0,0.0,0.0,0.0,2.0,7.0,0.0,0.0,0.0,0.0,0.0,
ITA-Serie A,1718,2018-01-06 Napoli-Hellas Verona,Napoli,Pepe Reina,True,Goalkeeper,,start,end,1.0,0.0,0.0,0.0,0.0,0.0,0.0,0.0,1.0,0.0,0.0,0.0,0.0,0.0,
ITA-Serie A,1718,2018-01-06 SPAL-Lazio,Lazio,Thomas Strakosha,False,Goalkeeper,,start,end,1.0,0.0,0.0,0.0,0.0,0.0,0.0,2.0,2.0,0.0,0.0,0.0,0.0,0.0,
ITA-Serie A,1718,2018-01-06 SPAL-Lazio,SPAL,Alfred Gomis,True,Goalkeeper,,start,end,1.0,0.0,0.0,0.0,0.0,0.0,0.0,5.0,2.0,0.0,0.0,0.0,0.0,0.0,
ITA-Serie A,1718,2018-01-06 Torino-Bologna,Bologna,Antonio Mirante,False,Goalkeeper,,start,end,1.0,0.0,0.0,0.0,0.0,0.0,0.0,3.0,3.0,0.0,0.0,0.0,0.0,0.0,
ITA-Serie A,1718,2018-01-06 Torino-Bologna,Torino,Salvatore Sirigu,True,Goalkeeper,,start,end,1.0,0.0,0.0,0.0,0.0,0.0,0.0,0.0,1.0,0.0,0.0,0.0,0.0,0.0,
ITA-Serie A,1718,2018-01-21 Atalanta-Napoli,Atalanta,Etrit Berisha,True,Goalkeeper,,start,end,1.0,0.0,0.0,0.0,0.0,0.0,0.0,1.0,2.0,0.0,0.0,0.0,0.0,0.0,
ITA-Serie A,1718,2018-01-21 Atalanta-Napoli,Napoli,Pepe Reina,False,Goalkeeper,,start,end,1.0,0.0,0.0,0.0,0.0,0.0,0.0,0.0,3.0,0.0,0.0,0.0,0.0,0.0,
ITA-Serie A,1718,2018-01-21 Bologna-Benevento,Benevento,Vid Belec,False,Goalkeeper,,start,end,1.0,0.0,1.0,0.0,0.0,0.0,0.0,3.0,3.0,0.0,0.0,0.0,0.0,0.0,
ITA-Serie A,1718,2018-01-21 Bologna-Benevento,Bologna,Antonio Mirante,True,Goalkeeper,,start,end,1.0,0.0,0.0,0.0,0.0,0.0,0.0,0.0,1.0,0.0,0.0,0.0,0.0,0.0,
ITA-Serie A,1718,2018-01-21 Cagliari-AC Milan,AC Milan,Gianluigi Donnarumma,False,Goalkeeper,,start,end,1.0,0.0,0.0,0.0,0.0,0.0,0.0,1.0,2.0,0.0,0.0,0.0,0.0,0.0,
ITA-Serie A,1718,2018-01-21 Cagliari-AC Milan,Cagliari,Alessio Cragno,True,Goalkeeper,,start,end,1.0,0.0,1.0,0.0,0.0,0.0,0.0,2.0,4.0,0.0,0.0,0.0,0.0,0.0,
ITA-Serie A,1718,2018-01-21 Hellas Verona-Crotone,Crotone,Alex Cordaz,False,Goalkeeper,,start,end,1.0,0.0,0.0,0.0,0.0,0.0,0.0,0.0,1.0,0.0,0.0,0.0,0.0,0.0,
ITA-Serie A,1718,2018-01-21 Hellas Verona-Crotone,Hellas Verona,Nícolas Andrade,True,Goalkeeper,,start,end,1.0,0.0,0.0,0.0,0.0,0.0,0.0,3.0,2.0,0.0,0.0,0.0,0.0,0.0,
ITA-Serie A,1718,2018-01-21 Internazionale-AS Roma,AS Roma,Alisson Becker,False,Goalkeeper,1,start,end,1.0,0.0,0.0,0.0,0.0,0.0,0.0,1.0,6.0,0.0,0.0,0.0,0.0,0.0,
ITA-Serie A,1718,2018-01-21 Internazionale-AS Roma,Internazionale,Samir Handanovic,True,Goalkeeper,1,start,end,1.0,0.0,0.0,0.0,0.0,0.0,0.0,1.0,0.0,0.0,0.0,0.0,0.0,0.0,
ITA-Serie A,1718,2018-01-21 Lazio-Chievo Verona,Chievo Verona,Stefano Sorrentino,False,Goalkeeper,,start,end,1.0,0.0,0.0,0.0,0.0,0.0,0.0,5.0,6.0,0.0,0.0,0.0,0.0,0.0,
ITA-Serie A,1718,2018-01-21 Lazio-Chievo Verona,Lazio,Thomas Strakosha,True,Goalkeeper,,start,end,1.0,0.0,0.0,0.0,0.0,0.0,0.0,1.0,2.0,0.0,0.0,0.0,0.0,0.0,
ITA-Serie A,1718,2018-01-21 Sampdoria-Fiorentina,Fiorentina,Marco Sportiello,False,Goalkeeper,,start,end,1.0,0.0,0.0,0.0,0.0,0.0,0.0,3.0,7.0,0.0,0.0,0.0,0.0,0.0,
ITA-Serie A,1718,2018-01-21 Sampdoria-Fiorentina,Sampdoria,Emiliano Viviano,True,Goalkeeper,,start,end,1.0,0.0,1.0,0.0,0.0,0.0,0.0,1.0,4.0,0.0,0.0,0.0,0.0,0.0,
ITA-Serie A,1718,2018-01-21 Sassuolo-Torino,Sassuolo,Andrea Consigli,True,Goalkeeper,,start,end,1.0,0.0,0.0,0.0,0.0,0.0,0.0,1.0,3.0,0.0,0.0,0.0,0.0,0.0,
ITA-Serie A,1718,2018-01-21 Sassuolo-Torino,Torino,Salvatore Sirigu,False,Goalkeeper,,start,end,1.0,0.0,0.0,0.0,0.0,0.0,0.0,1.0,5.0,0.0,0.0,0.0,0.0,0.0,
ITA-Serie A,1718,2018-01-21 Udinese-SPAL,SPAL,Alfred Gomis,False,Goalkeeper,,start,end,1.0,0.0,0.0,0.0,0.0,0.0,0.0,1.0,0.0,0.0,0.0,0.0,0.0,0.0,
ITA-Serie A,1718,2018-01-21 Udinese-SPAL,Udinese,Albano Bizzarri,True,Goalkeeper,,start,end,1.0,0.0,0.0,0.0,0.0,0.0,0.0,1.0,3.0,0.0,0.0,0.0,0.0,0.0,
ITA-Serie A,1718,2018-01-22 Juventus-Genoa,Genoa,Mattia Perin,False,Goalkeeper,1,start,end,1.0,0.0,0.0,0.0,0.0,0.0,1.0,1.0,4.0,0.0,0.0,0.0,0.0,0.0,
ITA-Serie A,1718,2018-01-22 Juventus-Genoa,Juventus,Wojciech Szczesny,True,Goalkeeper,1,start,end,1.0,0.0,0.0,0.0,0.0,0.0,0.0,0.0,0.0,0.0,0.0,0.0,0.0,0.0,
ITA-Serie A,1718,2018-01-24 Lazio-Udinese,Lazio,Thomas Strakosha,True,Goalkeeper,,start,end,1.0,0.0,0.0,0.0,0.0,0.0,0.0,0.0,4.0,0.0,0.0,0.0,0.0,0.0,
ITA-Serie A,1718,2018-01-24 Lazio-Udinese,Udinese,Albano Bizzarri,False,Goalkeeper,,start,end,1.0,0.0,0.0,0.0,0.0,0.0,0.0,3.0,4.0,0.0,0.0,0.0,0.0,0.0,
ITA-Serie A,1718,2018-01-24 Sampdoria-AS Roma,AS Roma,Alisson Becker,False,Goalkeeper,,start,end,1.0,0.0,0.0,0.0,0.0,0.0,0.0,1.0,2.0,0.0,0.0,0.0,0.0,0.0,
ITA-Serie A,1718,2018-01-24 Sampdoria-AS Roma,Sampdoria,Emiliano Viviano,True,Goalkeeper,,start,end,1.0,0.0,0.0,0.0,0.0,0.0,0.0,1.0,3.0,0.0,0.0,0.0,0.0,0.0,
ITA-Serie A,1718,2018-01-27 Chievo Verona-Juventus,Chievo Verona,Stefano Sorrentino,True,Goalkeeper,,start,end,1.0,0.0,0.0,0.0,0.0,0.0,0.0,2.0,5.0,0.0,0.0,0.0,0.0,0.0,
ITA-Serie A,1718,2018-01-27 Chievo Verona-Juventus,Juventus,Wojciech Szczesny,False,Goalkeeper,,start,end,1.0,0.0,0.0,0.0,0.0,0.0,0.0,0.0,1.0,0.0,0.0,0.0,0.0,0.0,
ITA-Serie A,1718,2018-01-27 Sassuolo-Atalanta,Atalanta,Pierluigi Gollini,False,Goalkeeper,,start,end,1.0,0.0,0.0,0.0,0.0,0.0,0.0,0.0,1.0,0.0,0.0,0.0,0.0,0.0,
ITA-Serie A,1718,2018-01-27 Sassuolo-Atalanta,Sassuolo,Andrea Consigli,True,Goalkeeper,,start,end,1.0,0.0,0.0,0.0,0.0,0.0,0.0,3.0,7.0,0.0,0.0,0.0,0.0,0.0,
ITA-Serie A,1718,2018-01-28 AC Milan-Lazio,AC Milan,Gianluigi Donnarumma,True,Goalkeeper,,start,end,1.0,0.0,0.0,0.0,0.0,0.0,0.0,1.0,3.0,0.0,0.0,0.0,0.0,0.0,
ITA-Serie A,1718,2018-01-28 AC Milan-Lazio,Lazio,Thomas Strakosha,False,Goalkeeper,,start,end,1.0,0.0,0.0,0.0,0.0,0.0,0.0,2.0,3.0,0.0,0.0,0.0,0.0,0.0,
ITA-Serie A,1718,2018-01-28 AS Roma-Sampdoria,AS Roma,Alisson Becker,True,Goalkeeper,,start,end,1.0,0.0,0.0,0.0,0.0,0.0,0.0,1.0,9.0,0.0,0.0,0.0,0.0,0.0,
ITA-Serie A,1718,2018-01-28 AS Roma-Sampdoria,Sampdoria,Emiliano Viviano,False,Goalkeeper,,start,end,1.0,0.0,0.0,0.0,0.0,0.0,0.0,0.0,8.0,0.0,0.0,0.0,0.0,0.0,
ITA-Serie A,1718,2018-01-28 Crotone-Cagliari,Cagliari,Alessio Cragno,False,Goalkeeper,,start,44,1.0,0.0,0.0,0.0,0.0,0.0,0.0,1.0,0.0,0.0,0.0,0.0,0.0,0.0,
ITA-Serie A,1718,2018-01-28 Crotone-Cagliari,Crotone,Alex Cordaz,True,Goalkeeper,,start,end,1.0,0.0,0.0,0.0,0.0,0.0,0.0,1.0,2.0,0.0,0.0,0.0,0.0,0.0,
ITA-Serie A,1718,2018-01-28 Fiorentina-Hellas Verona,Fiorentina,Marco Sportiello,True,Goalkeeper,,start,end,1.0,0.0,0.0,0.0,0.0,0.0,0.0,4.0,1.0,0.0,0.0,0.0,0.0,0.0,
ITA-Serie A,1718,2018-01-28 Fiorentina-Hellas Verona,Hellas Verona,Nícolas Andrade,False,Goalkeeper,,start,end,1.0,0.0,1.0,0.0,0.0,0.0,0.0,1.0,3.0,0.0,0.0,0.0,0.0,0.0,
ITA-Serie A,1718,2018-01-28 Genoa-Udinese,Genoa,Mattia Perin,True,Goalkeeper,,start,end,1.0,0.0,0.0,0.0,0.0,0.0,0.0,1.0,0.0,0.0,0.0,0.0,0.0,0.0,
ITA-Serie A,1718,2018-01-28 Genoa-Udinese,Udinese,Albano Bizzarri,False,Goalkeeper,,start,end,1.0,0.0,0.0,0.0,0.0,0.0,0.0,0.0,2.0,0.0,0.0,0.0,0.0,0.0,
ITA-Serie A,1718,2018-01-28 Napoli-Bologna,Bologna,Antonio Mirante,False,Goalkeeper,,start,end,1.0,0.0,0.0,0.0,0.0,0.0,0.0,3.0,3.0,0.0,0.0,0.0,0.0,0.0,
ITA-Serie A,1718,2018-01-28 Napoli-Bologna,Napoli,Pepe Reina,True,Goalkeeper,,start,end,1.0,0.0,0.0,0.0,0.0,0.0,0.0,1.0,4.0,0.0,0.0,0.0,0.0,0.0,
ITA-Serie A,1718,2018-01-28 SPAL-Internazionale,Internazionale,Samir Handanovic,False,Goalkeeper,,start,end,1.0,0.0,0.0,0.0,0.0,0.0,0.0,1.0,2.0,0.0,0.0,0.0,0.0,0.0,
ITA-Serie A,1718,2018-01-28 SPAL-Internazionale,SPAL,Alex Meret,True,Goalkeeper,,start,end,1.0,0.0,0.0,0.0,0.0,0.0,0.0,1.0,6.0,0.0,0.0,0.0,0.0,0.0,
ITA-Serie A,1718,2018-01-28 Torino-Benevento,Benevento,Vid Belec,False,Goalkeeper,,start,end,1.0,0.0,1.0,0.0,1.0,0.0,0.0,1.0,1.0,0.0,0.0,0.0,0.0,0.0,
ITA-Serie A,1718,2018-01-28 Torino-Benevento,Torino,Salvatore Sirigu,True,Goalkeeper,,start,end,1.0,0.0,1.0,0.0,0.0,0.0,0.0,0.0,1.0,0.0,0.0,0.0,0.0,0.0,
ITA-Serie A,1718,2018-02-03 Internazionale-Crotone,Crotone,Alex Cordaz,False,Goalkeeper,,start,end,1.0,0.0,1.0,0.0,0.0,0.0,0.0,1.0,1.0,0.0,0.0,0.0,0.0,0.0,
ITA-Serie A,1718,2018-02-03 Internazionale-Crotone,Internazionale,Samir Handanovic,True,Goalkeeper,,start,end,1.0,0.0,0.0,0.0,0.0,0.0,0.0,1.0,1.0,0.0,0.0,0.0,0.0,0.0,
ITA-Serie A,1718,2018-02-03 Sampdoria-Torino,Sampdoria,Emiliano Viviano,True,Goalkeeper,,start,end,1.0,0.0,0.0,0.0,0.0,0.0,1.0,1.0,4.0,0.0,0.0,0.0,0.0,0.0,
ITA-Serie A,1718,2018-02-03 Sampdoria-Torino,Torino,Salvatore Sirigu,False,Goalkeeper,,start,end,1.0,0.0,0.0,0.0,0.0,0.0,0.0,1.0,2.0,0.0,0.0,0.0,0.0,0.0,
ITA-Serie A,1718,2018-02-04 Atalanta-Chievo Verona,Atalanta,Etrit Berisha,True,Goalkeeper,,start,end,1.0,0.0,0.0,0.0,0.0,0.0,0.0,0.0,0.0,0.0,0.0,0.0,0.0,0.0,
ITA-Serie A,1718,2018-02-04 Atalanta-Chievo Verona,Chievo Verona,Stefano Sorrentino,False,Goalkeeper,,start,end,1.0,0.0,0.0,0.0,0.0,0.0,0.0,1.0,4.0,0.0,0.0,0.0,0.0,0.0,
ITA-Serie A,1718,2018-02-04 Benevento-Napoli,Benevento,Christian Puggioni,True,Goalkeeper,,start,end,1.0,0.0,0.0,0.0,0.0,0.0,0.0,2.0,3.0,0.0,0.0,0.0,0.0,0.0,
ITA-Serie A,1718,2018-02-04 Benevento-Napoli,Napoli,Pepe Reina,False,Goalkeeper,,start,end,1.0,0.0,0.0,0.0,0.0,0.0,0.0,0.0,4.0,0.0,0.0,0.0,0.0,0.0,
ITA-Serie A,1718,2018-02-04 Bologna-Fiorentina,Bologna,Antonio Mirante,True,Goalkeeper,1,start,end,1.0,0.0,0.0,1.0,0.0,0.0,0.0,2.0,4.0,0.0,0.0,0.0,0.0,0.0,
ITA-Serie A,1718,2018-02-04 Bologna-Fiorentina,Fiorentina,Marco Sportiello,False,Goalkeeper,1,start,end,1.0,0.0,0.0,0.0,0.0,0.0,0.0,1.0,3.0,0.0,0.0,0.0,0.0,0.0,
ITA-Serie A,1718,2018-02-04 Cagliari-SPAL,Cagliari,Alessio Cragno,True,Goalkeeper,,start,end,1.0,0.0,0.0,0.0,0.0,0.0,0.0,0.0,3.0,0.0,0.0,0.0,0.0,0.0,
ITA-Serie A,1718,2018-02-04 Cagliari-SPAL,SPAL,Alex Meret,False,Goalkeeper,,start,end,1.0,0.0,0.0,0.0,0.0,0.0,0.0,2.0,2.0,0.0,0.0,0.0,0.0,0.0,
ITA-Serie A,1718,2018-02-04 Hellas Verona-AS Roma,AS Roma,Alisson Becker,False,Goalkeeper,,start,end,1.0,0.0,0.0,0.0,0.0,0.0,0.0,0.0,1.0,0.0,0.0,0.0,0.0,0.0,
ITA-Serie A,1718,2018-02-04 Hellas Verona-AS Roma,Hellas Verona,Nícolas Andrade,True,Goalkeeper,,start,end,1.0,0.0,0.0,0.0,0.0,0.0,0.0,1.0,7.0,0.0,0.0,0.0,0.0,0.0,
ITA-Serie A,1718,2018-02-04 Juventus-Sassuolo,Juventus,Gianluigi Buffon,True,Goalkeeper,,start,end,1.0,0.0,0.0,0.0,0.0,0.0,0.0,0.0,1.0,0.0,0.0,0.0,0.0,0.0,
ITA-Serie A,1718,2018-02-04 Juventus-Sassuolo,Sassuolo,Andrea Consigli,False,Goalkeeper,,start,end,1.0,0.0,0.0,0.0,0.0,0.0,0.0,7.0,3.0,0.0,0.0,0.0,0.0,0.0,
ITA-Serie A,1718,2018-02-04 Udinese-AC Milan,AC Milan,Gianluigi Donnarumma,False,Goalkeeper,,start,end,1.0,0.0,0.0,1.0,0.0,0.0,0.0,1.0,3.0,0.0,0.0,0.0,0.0,0.0,
ITA-Serie A,1718,2018-02-04 Udinese-AC Milan,Udinese,Albano Bizzarri,True,Goalkeeper,,start,end,1.0,0.0,0.0,0.0,0.0,0.0,0.0,1.0,3.0,0.0,0.0,0.0,0.0,0.0,
ITA-Serie A,1718,2018-02-05 Lazio-Genoa,Genoa,Mattia Perin,False,Goalkeeper,,start,end,1.0,0.0,0.0,0.0,0.0,0.0,0.0,1.0,4.0,0.0,0.0,0.0,0.0,0.0,
ITA-Serie A,1718,2018-02-05 Lazio-Genoa,Lazio,Thomas Strakosha,True,Goalkeeper,,start,end,1.0,0.0,0.0,0.0,0.0,0.0,0.0,2.0,2.0,0.0,0.0,0.0,0.0,0.0,
ITA-Serie A,1718,2018-02-09 Fiorentina-Juventus,Fiorentina,Marco Sportiello,True,Goalkeeper,,start,end,1.0,0.0,0.0,0.0,0.0,0.0,0.0,2.0,1.0,0.0,0.0,0.0,0.0,0.0,
ITA-Serie A,1718,2018-02-09 Fiorentina-Juventus,Juventus,Gianluigi Buffon,False,Goalkeeper,,start,end,1.0,0.0,0.0,0.0,0.0,0.0,0.0,0.0,2.0,0.0,0.0,0.0,0.0,0.0,
ITA-Serie A,1718,2018-02-10 Crotone-Atalanta,Atalanta,Etrit Berisha,False,Goalkeeper,,start,end,1.0,0.0,0.0,0.0,0.0,0.0,0.0,1.0,3.0,0.0,0.0,0.0,0.0,0.0,
ITA-Serie A,1718,2018-02-10 Crotone-Atalanta,Crotone,Alex Cordaz,True,Goalkeeper,,start,end,1.0,0.0,0.0,0.0,0.0,0.0,0.0,1.0,3.0,0.0,0.0,0.0,0.0,0.0,
ITA-Serie A,1718,2018-02-10 Napoli-Lazio,Lazio,Thomas Strakosha,False,Goalkeeper,,start,end,1.0,0.0,1.0,0.0,0.0,0.0,0.0,4.0,4.0,0.0,0.0,0.0,0.0,0.0,
ITA-Serie A,1718,2018-02-10 Napoli-Lazio,Napoli,Pepe Reina,True,Goalkeeper,,start,end,1.0,0.0,0.0,0.0,0.0,0.0,0.0,1.0,0.0,0.0,0.0,0.0,0.0,0.0,
ITA-Serie A,1718,2018-02-10 SPAL-AC Milan,AC Milan,Gianluigi Donnarumma,False,Goalkeeper,,start,end,1.0,0.0,0.0,0.0,0.0,0.0,0.0,0.0,0.0,0.0,0.0,0.0,0.0,0.0,
ITA-Serie A,1718,2018-02-10 SPAL-AC Milan,SPAL,Alex Meret,True,Goalkeeper,,start,end,1.0,0.0,0.0,0.0,0.0,0.0,0.0,4.0,5.0,0.0,0.0,0.0,0.0,0.0,
ITA-Serie A,1718,2018-02-11 AS Roma-Benevento,AS Roma,Alisson Becker,True,Goalkeeper,,start,end,1.0,0.0,0.0,0.0,0.0,0.0,0.0,2.0,1.0,0.0,0.0,0.0,0.0,0.0,
ITA-Serie A,1718,2018-02-11 AS Roma-Benevento,Benevento,Christian Puggioni,False,Goalkeeper,,start,end,1.0,0.0,0.0,0.0,0.0,0.0,0.0,5.0,4.0,0.0,0.0,0.0,0.0,0.0,
ITA-Serie A,1718,2018-02-11 Chievo Verona-Genoa,Chievo Verona,Stefano Sorrentino,True,Goalkeeper,,start,end,1.0,0.0,0.0,0.0,0.0,0.0,0.0,1.0,2.0,0.0,0.0,0.0,0.0,0.0,
ITA-Serie A,1718,2018-02-11 Chievo Verona-Genoa,Genoa,Mattia Perin,False,Goalkeeper,,start,end,1.0,0.0,0.0,0.0,0.0,0.0,0.0,0.0,1.0,0.0,0.0,0.0,0.0,0.0,
ITA-Serie A,1718,2018-02-11 Internazionale-Bologna,Bologna,Antonio Mirante,False,Goalkeeper,,start,end,1.0,0.0,0.0,0.0,0.0,0.0,0.0,2.0,3.0,0.0,0.0,0.0,0.0,0.0,
ITA-Serie A,1718,2018-02-11 Internazionale-Bologna,Internazionale,Samir Handanovic,True,Goalkeeper,,start,end,1.0,0.0,0.0,0.0,0.0,0.0,0.0,1.0,3.0,0.0,0.0,0.0,0.0,0.0,
ITA-Serie A,1718,2018-02-11 Sampdoria-Hellas Verona,Hellas Verona,Nícolas Andrade,False,Goalkeeper,,start,end,1.0,0.0,0.0,0.0,0.0,0.0,0.0,2.0,7.0,0.0,0.0,0.0,0.0,0.0,
ITA-Serie A,1718,2018-02-11 Sampdoria-Hellas Verona,Sampdoria,Emiliano Viviano,True,Goalkeeper,,start,end,1.0,0.0,0.0,0.0,0.0,0.0,0.0,0.0,1.0,0.0,0.0,0.0,0.0,0.0,
ITA-Serie A,1718,2018-02-11 Sassuolo-Cagliari,Cagliari,Alessio Cragno,False,Goalkeeper,,start,end,1.0,0.0,0.0,0.0,0.0,0.0,0.0,0.0,1.0,0.0,0.0,0.0,0.0,0.0,
ITA-Serie A,1718,2018-02-11 Sassuolo-Cagliari,Sassuolo,Andrea Consigli,True,Goalkeeper,,start,end,1.0,0.0,0.0,0.0,0.0,0.0,0.0,0.0,2.0,0.0,0.0,0.0,0.0,0.0,
ITA-Serie A,1718,2018-02-11 Torino-Udinese,Torino,Salvatore Sirigu,True,Goalkeeper,,start,end,1.0,0.0,0.0,0.0,0.0,0.0,0.0,0.0,0.0,0.0,0.0,0.0,0.0,0.0,
ITA-Serie A,1718,2018-02-11 Torino-Udinese,Udinese,Albano Bizzarri,False,Goalkeeper,,start,end,1.0,0.0,0.0,0.0,0.0,0.0,0.0,2.0,4.0,0.0,0.0,0.0,0.0,0.0,
ITA-Serie A,1718,2018-02-17 Chievo Verona-Cagliari,Cagliari,Alessio Cragno,False,Goalkeeper,,start,end,1.0,0.0,0.0,0.0,0.0,0.0,0.0,2.0,3.0,0.0,0.0,0.0,0.0,0.0,
ITA-Serie A,1718,2018-02-17 Chievo Verona-Cagliari,Chievo Verona,Stefano Sorrentino,True,Goalkeeper,,start,end,1.0,0.0,0.0,0.0,0.0,0.0,1.0,1.0,2.0,0.0,0.0,0.0,0.0,0.0,
ITA-Serie A,1718,2018-02-17 Genoa-Internazionale,Genoa,Mattia Perin,True,Goalkeeper,,start,end,1.0,0.0,0.0,0.0,0.0,0.0,0.0,0.0,4.0,0.0,0.0,0.0,0.0,0.0,
ITA-Serie A,1718,2018-02-17 Genoa-Internazionale,Internazionale,Samir Handanovic,False,Goalkeeper,,start,end,1.0,0.0,0.0,0.0,0.0,0.0,0.0,2.0,1.0,0.0,0.0,0.0,0.0,0.0,
ITA-Serie A,1718,2018-02-17 Udinese-AS Roma,AS Roma,Alisson Becker,False,Goalkeeper,,start,end,1.0,0.0,1.0,0.0,0.0,0.0,0.0,0.0,3.0,0.0,0.0,0.0,0.0,0.0,
ITA-Serie A,1718,2018-02-17 Udinese-AS Roma,Udinese,Albano Bizzarri,True,Goalkeeper,,start,end,1.0,0.0,0.0,0.0,0.0,0.0,0.0,2.0,5.0,0.0,0.0,0.0,0.0,0.0,
ITA-Serie A,1718,2018-02-18 AC Milan-Sampdoria,AC Milan,Gianluigi Donnarumma,True,Goalkeeper,,start,end,1.0,0.0,0.0,0.0,0.0,0.0,0.0,0.0,2.0,0.0,0.0,0.0,0.0,0.0,
ITA-Serie A,1718,2018-02-18 AC Milan-Sampdoria,Sampdoria,Emiliano Viviano,False,Goalkeeper,,start,end,1.0,0.0,0.0,0.0,0.0,0.0,0.0,1.0,7.0,0.0,0.0,0.0,0.0,0.0,
ITA-Serie A,1718,2018-02-18 Atalanta-Fiorentina,Atalanta,Pierluigi Gollini,True,Goalkeeper,,start,end,1.0,0.0,0.0,0.0,0.0,0.0,0.0,1.0,1.0,0.0,0.0,0.0,0.0,0.0,
ITA-Serie A,1718,2018-02-18 Atalanta-Fiorentina,Fiorentina,Marco Sportiello,False,Goalkeeper,,start,end,1.0,0.0,0.0,0.0,0.0,0.0,0.0,1.0,2.0,0.0,0.0,0.0,0.0,0.0,
ITA-Serie A,1718,2018-02-18 Benevento-Crotone,Benevento,Christian Puggioni,True,Goalkeeper,,start,end,1.0,0.0,0.0,0.0,0.0,0.0,0.0,2.0,1.0,0.0,0.0,0.0,0.0,0.0,
ITA-Serie A,1718,2018-02-18 Benevento-Crotone,Crotone,Alex Cordaz,False,Goalkeeper,,start,end,1.0,0.0,0.0,0.0,0.0,0.0,0.0,3.0,5.0,0.0,0.0,0.0,0.0,0.0,
ITA-Serie A,1718,2018-02-18 Bologna-Sassuolo,Bologna,Antonio Mirante,True,Goalkeeper,,start,end,1.0,0.0,0.0,0.0,0.0,0.0,0.0,1.0,5.0,0.0,0.0,0.0,0.0,0.0,
ITA-Serie A,1718,2018-02-18 Bologna-Sassuolo,Sassuolo,Andrea Consigli,False,Goalkeeper,,start,end,1.0,1.0,2.0,0.0,0.0,0.0,0.0,2.0,4.0,0.0,0.0,0.0,0.0,0.0,
ITA-Serie A,1718,2018-02-18 Napoli-SPAL,Napoli,Pepe Reina,True,Goalkeeper,,start,end,1.0,0.0,0.0,0.0,0.0,0.0,0.0,0.0,1.0,0.0,0.0,0.0,0.0,0.0,
ITA-Serie A,1718,2018-02-18 Napoli-SPAL,SPAL,Alex Meret,False,Goalkeeper,,start,end,1.0,0.0,0.0,0.0,0.0,0.0,0.0,1.0,4.0,0.0,0.0,0.0,0.0,0.0,
ITA-Serie A,1718,2018-02-18 Torino-Juventus,Juventus,Wojciech Szczesny,False,Goalkeeper,,start,end,1.0,0.0,0.0,0.0,0.0,0.0,0.0,0.0,3.0,0.0,0.0,0.0,0.0,0.0,
ITA-Serie A,1718,2018-02-18 Torino-Juventus,Torino,Salvatore Sirigu,True,Goalkeeper,,start,end,1.0,0.0,0.0,0.0,0.0,0.0,0.0,1.0,2.0,0.0,0.0,0.0,0.0,0.0,
ITA-Serie A,1718,2018-02-19 Lazio-Hellas Verona,Hellas Verona,Nícolas Andrade,False,Goalkeeper,1,start,end,1.0,0.0,0.0,0.0,0.0,0.0,1.0,2.0,8.0,0.0,0.0,0.0,0.0,0.0,
ITA-Serie A,1718,2018-02-19 Lazio-Hellas Verona,Lazio,Thomas Strakosha,True,Goalkeeper,1,start,end,1.0,0.0,0.0,0.0,0.0,0.0,0.0,0.0,0.0,0.0,0.0,0.0,0.0,0.0,
ITA-Serie A,1718,2018-02-24 Bologna-Genoa,Bologna,Antonio Mirante,True,Goalkeeper,,start,end,1.0,0.0,0.0,0.0,0.0,0.0,0.0,0.0,3.0,0.0,0.0,0.0,0.0,0.0,
ITA-Serie A,1718,2018-02-24 Bologna-Genoa,Genoa,Mattia Perin,False,Goalkeeper,,start,end,1.0,0.0,0.0,0.0,0.0,0.0,0.0,2.0,1.0,0.0,0.0,0.0,0.0,0.0,
ITA-Serie A,1718,2018-02-24 Internazionale-Benevento,Benevento,Christian Puggioni,False,Goalkeeper,,start,end,1.0,0.0,0.0,0.0,0.0,0.0,0.0,2.0,2.0,0.0,0.0,0.0,0.0,0.0,
ITA-Serie A,1718,2018-02-24 Internazionale-Benevento,Internazionale,Samir Handanovic,True,Goalkeeper,,start,end,1.0,0.0,0.0,0.0,0.0,0.0,0.0,0.0,1.0,0.0,0.0,0.0,0.0,0.0,
ITA-Serie A,1718,2018-02-25 AS Roma-AC Milan,AC Milan,Gianluigi Donnarumma,False,Goalkeeper,,start,end,1.0,0.0,1.0,0.0,0.0,0.0,0.0,0.0,3.0,0.0,0.0,0.0,0.0,0.0,
ITA-Serie A,1718,2018-02-25 AS Roma-AC Milan,AS Roma,Alisson Becker,True,Goalkeeper,,start,end,1.0,0.0,0.0,0.0,0.0,0.0,0.0,2.0,3.0,0.0,0.0,0.0,0.0,0.0,
ITA-Serie A,1718,2018-02-25 Crotone-SPAL,Crotone,Alex Cordaz,True,Goalkeeper,,start,end,1.0,0.0,0.0,0.0,0.0,0.0,0.0,3.0,3.0,0.0,0.0,0.0,0.0,0.0,
ITA-Serie A,1718,2018-02-25 Crotone-SPAL,SPAL,Alex Meret,False,Goalkeeper,,start,end,1.0,0.0,0.0,0.0,0.0,0.0,0.0,2.0,6.0,0.0,0.0,0.0,0.0,0.0,
ITA-Serie A,1718,2018-02-25 Fiorentina-Chievo Verona,Chievo Verona,Stefano Sorrentino,False,Goalkeeper,,start,end,1.0,0.0,1.0,0.0,0.0,0.0,0.0,1.0,4.0,0.0,0.0,0.0,0.0,0.0,
ITA-Serie A,1718,2018-02-25 Fiorentina-Chievo Verona,Fiorentina,Marco Sportiello,True,Goalkeeper,,start,end,1.0,0.0,0.0,0.0,0.0,0.0,0.0,0.0,3.0,0.0,0.0,0.0,0.0,0.0,
ITA-Serie A,1718,2018-02-25 Hellas Verona-Torino,Hellas Verona,Nícolas Andrade,True,Goalkeeper,,start,end,1.0,0.0,1.0,0.0,0.0,0.0,0.0,1.0,1.0,0.0,0.0,0.0,0.0,0.0,
ITA-Serie A,1718,2018-02-25 Hellas Verona-Torino,Torino,Salvatore Sirigu,False,Goalkeeper,,start,end,1.0,0.0,0.0,0.0,0.0,0.0,0.0,2.0,3.0,0.0,0.0,0.0,0.0,0.0,
ITA-Serie A,1718,2018-02-25 Sampdoria-Udinese,Sampdoria,Emiliano Viviano,True,Goalkeeper,,start,end,1.0,0.0,0.0,0.0,0.0,0.0,0.0,1.0,3.0,0.0,0.0,0.0,0.0,0.0,
ITA-Serie A,1718,2018-02-25 Sampdoria-Udinese,Udinese,Albano Bizzarri,False,Goalkeeper,,start,end,1.0,0.0,1.0,0.0,0.0,0.0,0.0,2.0,1.0,0.0,0.0,0.0,0.0,0.0,
ITA-Serie A,1718,2018-02-25 Sassuolo-Lazio,Lazio,Thomas Strakosha,False,Goalkeeper,,start,end,1.0,0.0,0.0,0.0,0.0,0.0,0.0,0.0,3.0,0.0,0.0,0.0,0.0,0.0,
ITA-Serie A,1718,2018-02-25 Sassuolo-Lazio,Sassuolo,Andrea Consigli,True,Goalkeeper,,start,end,1.0,0.0,0.0,0.0,0.0,0.0,0.0,3.0,1.0,0.0,0.0,0.0,0.0,0.0,
ITA-Serie A,1718,2018-02-26 Cagliari-Napoli,Cagliari,Alessio Cragno,True,Goalkeeper,,start,end,1.0,0.0,0.0,0.0,0.0,0.0,0.0,5.0,3.0,0.0,0.0,0.0,0.0,0.0,
ITA-Serie A,1718,2018-02-26 Cagliari-Napoli,Napoli,Pepe Reina,False,Goalkeeper,,start,end,1.0,0.0,0.0,0.0,0.0,0.0,0.0,0.0,3.0,0.0,0.0,0.0,0.0,0.0,
ITA-Serie A,1718,2018-03-03 Lazio-Juventus,Juventus,Gianluigi Buffon,False,Goalkeeper,,start,end,1.0,0.0,1.0,0.0,0.0,0.0,0.0,0.0,2.0,0.0,0.0,0.0,0.0,0.0,
ITA-Serie A,1718,2018-03-03 Lazio-Juventus,Lazio,Thomas Strakosha,True,Goalkeeper,,start,end,1.0,0.0,0.0,0.0,0.0,0.0,0.0,1.0,0.0,0.0,0.0,0.0,0.0,0.0,
ITA-Serie A,1718,2018-03-03 Napoli-AS Roma,AS Roma,Alisson Becker,False,Goalkeeper,,start,end,1.0,1.0,0.0,0.0,0.0,0.0,0.0,2.0,11.0,0.0,0.0,0.0,0.0,0.0,
ITA-Serie A,1718,2018-03-03 Napoli-AS Roma,Napoli,Pepe Reina,True,Goalkeeper,,start,end,1.0,0.0,0.0,0.0,0.0,0.0,0.0,4.0,1.0,0.0,0.0,0.0,0.0,0.0,
ITA-Serie A,1718,2018-03-03 SPAL-Bologna,Bologna,Antonio Mirante,False,Goalkeeper,,start,end,1.0,0.0,0.0,0.0,0.0,0.0,0.0,1.0,0.0,0.0,0.0,0.0,0.0,0.0,
ITA-Serie A,1718,2018-03-03 SPAL-Bologna,SPAL,Alex Meret,True,Goalkeeper,,start,end,1.0,0.0,0.0,0.0,0.0,0.0,0.0,0.0,0.0,0.0,0.0,0.0,0.0,0.0,
ITA-Serie A,1718,2018-03-09 AS Roma-Torino,AS Roma,Alisson Becker,True,Goalkeeper,,start,end,1.0,0.0,0.0,0.0,0.0,0.0,0.0,0.0,3.0,0.0,0.0,0.0,0.0,0.0,
ITA-Serie A,1718,2018-03-09 AS Roma-Torino,Torino,Salvatore Sirigu,False,Goalkeeper,,start,end,1.0,0.0,0.0,0.0,0.0,0.0,0.0,3.0,2.0,0.0,0.0,0.0,0.0,0.0,
ITA-Serie A,1718,2018-03-10 Hellas Verona-Chievo Verona,Chievo Verona,Stefano Sorrentino,False,Goalkeeper,,start,end,1.0,0.0,0.0,0.0,0.0,0.0,0.0,1.0,1.0,0.0,0.0,0.0,0.0,0.0,
ITA-Serie A,1718,2018-03-10 Hellas Verona-Chievo Verona,Hellas Verona,Nícolas Andrade,True,Goalkeeper,,start,end,1.0,0.0,0.0,0.0,0.0,0.0,0.0,0.0,2.0,0.0,0.0,0.0,0.0,0.0,
ITA-Serie A,1718,2018-03-11 Bologna-Atalanta,Atalanta,Etrit Berisha,False,Goalkeeper,,start,end,1.0,0.0,1.0,0.0,0.0,0.0,0.0,0.0,1.0,0.0,0.0,0.0,0.0,0.0,
ITA-Serie A,1718,2018-03-11 Bologna-Atalanta,Bologna,Antonio Mirante,True,Goalkeeper,,start,end,1.0,0.0,0.0,0.0,0.0,0.0,0.0,1.0,5.0,0.0,0.0,0.0,0.0,0.0,
ITA-Serie A,1718,2018-03-11 Cagliari-Lazio,Cagliari,Alessio Cragno,True,Goalkeeper,,start,end,1.0,0.0,0.0,0.0,0.0,0.0,0.0,2.0,3.0,0.0,0.0,0.0,0.0,0.0,
ITA-Serie A,1718,2018-03-11 Cagliari-Lazio,Lazio,Thomas Strakosha,False,Goalkeeper,,start,end,1.0,0.0,0.0,0.0,0.0,0.0,0.0,2.0,2.0,0.0,0.0,0.0,0.0,0.0,
ITA-Serie A,1718,2018-03-11 Crotone-Sampdoria,Crotone,Alex Cordaz,True,Goalkeeper,,start,end,1.0,0.0,0.0,0.0,0.0,0.0,0.0,1.0,1.0,0.0,0.0,0.0,0.0,0.0,
ITA-Serie A,1718,2018-03-11 Crotone-Sampdoria,Sampdoria,Emiliano Viviano,False,Goalkeeper,,start,end,1.0,0.0,0.0,1.0,0.0,0.0,0.0,4.0,5.0,0.0,0.0,0.0,0.0,0.0,
ITA-Serie A,1718,2018-03-11 Fiorentina-Benevento,Benevento,Christian Puggioni,False,Goalkeeper,,start,end,1.0,0.0,0.0,0.0,0.0,0.0,0.0,1.0,4.0,0.0,0.0,0.0,0.0,0.0,
ITA-Serie A,1718,2018-03-11 Fiorentina-Benevento,Fiorentina,Marco Sportiello,True,Goalkeeper,,start,end,1.0,0.0,1.0,0.0,0.0,0.0,0.0,0.0,3.0,0.0,0.0,0.0,0.0,0.0,
ITA-Serie A,1718,2018-03-11 Genoa-AC Milan,AC Milan,Gianluigi Donnarumma,False,Goalkeeper,,start,end,1.0,0.0,0.0,0.0,0.0,0.0,0.0,0.0,2.0,0.0,0.0,0.0,0.0,0.0,
ITA-Serie A,1718,2018-03-11 Genoa-AC Milan,Genoa,Mattia Perin,True,Goalkeeper,,start,end,1.0,0.0,0.0,0.0,0.0,0.0,0.0,1.0,6.0,0.0,0.0,0.0,0.0,0.0,
ITA-Serie A,1718,2018-03-11 Internazionale-Napoli,Internazionale,Samir Handanovic,True,Goalkeeper,,start,end,1.0,0.0,1.0,0.0,0.0,0.0,0.0,0.0,2.0,0.0,0.0,0.0,0.0,0.0,
ITA-Serie A,1718,2018-03-11 Internazionale-Napoli,Napoli,Pepe Reina,False,Goalkeeper,,start,end,1.0,0.0,0.0,0.0,0.0,0.0,0.0,0.0,1.0,0.0,0.0,0.0,0.0,0.0,
ITA-Serie A,1718,2018-03-11 Juventus-Udinese,Juventus,Wojciech Szczesny,True,Goalkeeper,,start,end,1.0,0.0,0.0,0.0,0.0,0.0,0.0,0.0,1.0,0.0,0.0,0.0,0.0,0.0,
ITA-Serie A,1718,2018-03-11 Juventus-Udinese,Udinese,Albano Bizzarri,False,Goalkeeper,,start,end,1.0,0.0,0.0,0.0,0.0,0.0,0.0,2.0,2.0,0.0,0.0,0.0,0.0,0.0,
ITA-Serie A,1718,2018-03-11 Sassuolo-SPAL,SPAL,Alex Meret,False,Goalkeeper,,start,end,1.0,0.0,0.0,0.0,0.0,0.0,0.0,1.0,3.0,0.0,0.0,0.0,0.0,0.0,
ITA-Serie A,1718,2018-03-11 Sassuolo-SPAL,Sassuolo,Andrea Consigli,True,Goalkeeper,,start,end,1.0,0.0,0.0,0.0,0.0,0.0,0.0,1.0,1.0,0.0,0.0,0.0,0.0,0.0,
ITA-Serie A,1718,2018-03-14 Juventus-Atalanta,Atalanta,Etrit Berisha,False,Goalkeeper,,start,end,1.0,0.0,0.0,0.0,0.0,0.0,0.0,2.0,1.0,0.0,0.0,0.0,0.0,0.0,
ITA-Serie A,1718,2018-03-14 Juventus-Atalanta,Juventus,Gianluigi Buffon,True,Goalkeeper,,start,end,1.0,0.0,0.0,0.0,0.0,0.0,0.0,0.0,0.0,0.0,0.0,0.0,0.0,0.0,
ITA-Serie A,1718,2018-03-17 SPAL-Juventus,Juventus,Gianluigi Buffon,False,Goalkeeper,,start,end,1.0,0.0,0.0,0.0,0.0,0.0,0.0,0.0,0.0,0.0,0.0,0.0,0.0,0.0,
ITA-Serie A,1718,2018-03-17 SPAL-Juventus,SPAL,Alex Meret,True,Goalkeeper,,start,end,1.0,0.0,0.0,0.0,0.0,0.0,0.0,0.0,3.0,0.0,0.0,0.0,0.0,0.0,
ITA-Serie A,1718,2018-03-17 Udinese-Sassuolo,Sassuolo,Andrea Consigli,False,Goalkeeper,,start,end,1.0,0.0,0.0,0.0,0.0,0.0,0.0,1.0,2.0,0.0,0.0,0.0,0.0,0.0,
ITA-Serie A,1718,2018-03-17 Udinese-Sassuolo,Udinese,Albano Bizzarri,True,Goalkeeper,,start,end,1.0,0.0,0.0,0.0,0.0,0.0,0.0,2.0,2.0,0.0,0.0,0.0,0.0,0.0,
ITA-Serie A,1718,2018-03-18 AC Milan-Chievo Verona,AC Milan,Gianluigi Donnarumma,True,Goalkeeper,,start,end,1.0,0.0,0.0,0.0,0.0,0.0,0.0,2.0,0.0,0.0,0.0,0.0,0.0,0.0,
ITA-Serie A,1718,2018-03-18 AC Milan-Chievo Verona,Chievo Verona,Stefano Sorrentino,False,Goalkeeper,,start,end,1.0,0.0,0.0,0.0,0.0,0.0,0.0,3.0,3.0,0.0,0.0,0.0,0.0,0.0,
ITA-Serie A,1718,2018-03-18 Benevento-Cagliari,Benevento,Christian Puggioni,True,Goalkeeper,,start,end,1.0,0.0,0.0,0.0,0.0,0.0,0.0,2.0,1.0,0.0,0.0,0.0,0.0,0.0,
ITA-Serie A,1718,2018-03-18 Benevento-Cagliari,Cagliari,Alessio Cragno,False,Goalkeeper,,start,end,1.0,0.0,0.0,0.0,0.0,0.0,0.0,1.0,3.0,0.0,0.0,0.0,0.0,0.0,
ITA-Serie A,1718,2018-03-18 Crotone-AS Roma,AS Roma,Alisson Becker,False,Goalkeeper,,start,end,1.0,0.0,0.0,0.0,0.0,0.0,0.0,0.0,3.0,0.0,0.0,0.0,0.0,0.0,
ITA-Serie A,1718,2018-03-18 Crotone-AS Roma,Crotone,Alex Cordaz,True,Goalkeeper,,start,end,1.0,0.0,0.0,0.0,0.0,0.0,0.0,2.0,5.0,0.0,0.0,0.0,0.0,0.0,
ITA-Serie A,1718,2018-03-18 Hellas Verona-Atalanta,Atalanta,Etrit Berisha,False,Goalkeeper,,start,end,1.0,0.0,0.0,0.0,0.0,0.0,0.0,0.0,0.0,0.0,0.0,0.0,0.0,0.0,
ITA-Serie A,1718,2018-03-18 Hellas Verona-Atalanta,Hellas Verona,Nícolas Andrade,True,Goalkeeper,,start,end,1.0,0.0,0.0,0.0,0.0,0.0,0.0,5.0,6.0,0.0,0.0,0.0,0.0,0.0,
ITA-Serie A,1718,2018-03-18 Lazio-Bologna,Bologna,Antonio Mirante,False,Goalkeeper,,start,end,1.0,0.0,0.0,0.0,0.0,0.0,1.0,1.0,4.0,0.0,0.0,0.0,0.0,0.0,
ITA-Serie A,1718,2018-03-18 Lazio-Bologna,Lazio,Thomas Strakosha,True,Goalkeeper,,start,end,1.0,0.0,0.0,0.0,0.0,0.0,0.0,1.0,2.0,0.0,0.0,0.0,0.0,0.0,
ITA-Serie A,1718,2018-03-18 Napoli-Genoa,Genoa,Mattia Perin,False,Goalkeeper,,start,end,1.0,0.0,0.0,0.0,0.0,0.0,0.0,1.0,2.0,0.0,0.0,0.0,0.0,0.0,
ITA-Serie A,1718,2018-03-18 Napoli-Genoa,Napoli,Pepe Reina,True,Goalkeeper,,start,end,1.0,0.0,0.0,0.0,0.0,0.0,0.0,0.0,3.0,0.0,0.0,0.0,0.0,0.0,
ITA-Serie A,1718,2018-03-18 Sampdoria-Internazionale,Internazionale,Samir Handanovic,False,Goalkeeper,,start,end,1.0,0.0,0.0,0.0,0.0,0.0,0.0,0.0,2.0,0.0,0.0,0.0,0.0,0.0,
ITA-Serie A,1718,2018-03-18 Sampdoria-Internazionale,Sampdoria,Emiliano Viviano,True,Goalkeeper,,start,end,1.0,0.0,0.0,0.0,0.0,0.0,0.0,5.0,3.0,0.0,0.0,0.0,0.0,0.0,
ITA-Serie A,1718,2018-03-18 Torino-Fiorentina,Fiorentina,Marco Sportiello,False,Goalkeeper,,start,end,1.0,0.0,0.0,0.0,0.0,0.0,0.0,1.0,2.0,0.0,0.0,0.0,0.0,0.0,
ITA-Serie A,1718,2018-03-18 Torino-Fiorentina,Torino,Salvatore Sirigu,True,Goalkeeper,,start,end,1.0,0.0,0.0,0.0,0.0,0.0,0.0,2.0,3.0,0.0,0.0,0.0,0.0,0.0,
ITA-Serie A,1718,2018-03-31 Atalanta-Udinese,Atalanta,Pierluigi Gollini,True,Goalkeeper,,start,end,1.0,0.0,0.0,0.0,0.0,0.0,0.0,0.0,2.0,0.0,0.0,0.0,0.0,0.0,
ITA-Serie A,1718,2018-03-31 Atalanta-Udinese,Udinese,Albano Bizzarri,False,Goalkeeper,,start,end,1.0,0.0,0.0,0.0,0.0,0.0,0.0,2.0,5.0,0.0,0.0,0.0,0.0,0.0,
ITA-Serie A,1718,2018-03-31 Bologna-AS Roma,AS Roma,Alisson Becker,False,Goalkeeper,,start,end,1.0,0.0,0.0,0.0,0.0,0.0,0.0,1.0,0.0,0.0,0.0,0.0,0.0,0.0,
ITA-Serie A,1718,2018-03-31 Bologna-AS Roma,Bologna,Antonio Santurro,True,Goalkeeper,,start,end,1.0,0.0,0.0,0.0,0.0,0.0,1.0,1.0,4.0,0.0,0.0,0.0,0.0,0.0,
ITA-Serie A,1718,2018-03-31 Cagliari-Torino,Cagliari,Alessio Cragno,True,Goalkeeper,,start,end,1.0,0.0,0.0,0.0,0.0,0.0,0.0,4.0,2.0,0.0,0.0,0.0,0.0,0.0,
ITA-Serie A,1718,2018-03-31 Cagliari-Torino,Torino,Salvatore Sirigu,False,Goalkeeper,,start,end,1.0,0.0,0.0,0.0,0.0,0.0,0.0,0.0,2.0,0.0,0.0,0.0,0.0,0.0,
ITA-Serie A,1718,2018-03-31 Chievo Verona-Sampdoria,Chievo Verona,Stefano Sorrentino,True,Goalkeeper,,start,end,1.0,0.0,0.0,0.0,0.0,0.0,0.0,1.0,6.0,0.0,0.0,0.0,0.0,0.0,
ITA-Serie A,1718,2018-03-31 Chievo Verona-Sampdoria,Sampdoria,Emiliano Viviano,False,Goalkeeper,,start,end,1.0,0.0,0.0,0.0,0.0,0.0,0.0,2.0,2.0,0.0,0.0,0.0,0.0,0.0,
ITA-Serie A,1718,2018-03-31 Fiorentina-Crotone,Crotone,Alex Cordaz,False,Goalkeeper,,start,end,1.0,0.0,0.0,0.0,0.0,0.0,0.0,2.0,4.0,0.0,0.0,0.0,0.0,0.0,
ITA-Serie A,1718,2018-03-31 Fiorentina-Crotone,Fiorentina,Marco Sportiello,True,Goalkeeper,,start,end,1.0,0.0,0.0,0.0,0.0,0.0,0.0,0.0,2.0,0.0,0.0,0.0,0.0,0.0,
ITA-Serie A,1718,2018-03-31 Genoa-SPAL,Genoa,Mattia Perin,True,Goalkeeper,,start,end,1.0,0.0,0.0,0.0,0.0,0.0,0.0,1.0,3.0,0.0,0.0,0.0,0.0,0.0,
ITA-Serie A,1718,2018-03-31 Genoa-SPAL,SPAL,Alex Meret,False,Goalkeeper,,start,end,1.0,1.0,0.0,0.0,0.0,0.0,0.0,1.0,1.0,0.0,0.0,0.0,0.0,0.0,
ITA-Serie A,1718,2018-03-31 Internazionale-Hellas Verona,Hellas Verona,Nícolas Andrade,False,Goalkeeper,,start,end,1.0,1.0,0.0,0.0,1.0,0.0,0.0,3.0,1.0,0.0,0.0,0.0,0.0,0.0,
ITA-Serie A,1718,2018-03-31 Internazionale-Hellas Verona,Internazionale,Samir Handanovic,True,Goalkeeper,,start,end,1.0,0.0,0.0,0.0,0.0,0.0,0.0,0.0,1.0,0.0,0.0,0.0,0.0,0.0,
ITA-Serie A,1718,2018-03-31 Juventus-AC Milan,AC Milan,Gianluigi Donnarumma,False,Goalkeeper,,start,end,1.0,0.0,0.0,0.0,0.0,0.0,0.0,3.0,1.0,0.0,0.0,0.0,0.0,0.0,
ITA-Serie A,1718,2018-03-31 Juventus-AC Milan,Juventus,Gianluigi Buffon,True,Goalkeeper,,start,end,1.0,0.0,0.0,0.0,0.0,0.0,0.0,1.0,4.0,0.0,0.0,0.0,0.0,0.0,
ITA-Serie A,1718,2018-03-31 Lazio-Benevento,Benevento,Christian Puggioni,False,Goalkeeper,,start,end,1.0,1.0,0.0,0.0,1.0,0.0,0.0,0.0,0.0,0.0,0.0,0.0,0.0,0.0,
ITA-Serie A,1718,2018-03-31 Lazio-Benevento,Lazio,Thomas Strakosha,True,Goalkeeper,,start,end,1.0,0.0,0.0,0.0,0.0,0.0,0.0,2.0,1.0,0.0,0.0,0.0,0.0,0.0,
ITA-Serie A,1718,2018-03-31 Sassuolo-Napoli,Napoli,Pepe Reina,False,Goalkeeper,,start,end,1.0,0.0,0.0,0.0,0.0,0.0,0.0,1.0,3.0,0.0,0.0,0.0,0.0,0.0,
ITA-Serie A,1718,2018-03-31 Sassuolo-Napoli,Sassuolo,Andrea Consigli,True,Goalkeeper,,start,end,1.0,0.0,0.0,0.0,0.0,0.0,0.0,1.0,3.0,0.0,0.0,0.0,0.0,0.0,
ITA-Serie A,1718,2018-04-03 Atalanta-Sampdoria,Atalanta,Etrit Berisha,True,Goalkeeper,,start,end,1.0,0.0,0.0,0.0,0.0,0.0,0.0,2.0,1.0,0.0,0.0,0.0,0.0,0.0,
ITA-Serie A,1718,2018-04-03 Atalanta-Sampdoria,Sampdoria,Emiliano Viviano,False,Goalkeeper,,start,end,1.0,0.0,0.0,0.0,0.0,0.0,0.0,1.0,0.0,0.0,0.0,0.0,0.0,0.0,
ITA-Serie A,1718,2018-04-03 Genoa-Cagliari,Cagliari,Alessio Cragno,False,Goalkeeper,,start,end,1.0,0.0,0.0,0.0,0.0,0.0,0.0,2.0,0.0,0.0,0.0,0.0,0.0,0.0,
ITA-Serie A,1718,2018-04-03 Genoa-Cagliari,Genoa,Mattia Perin,True,Goalkeeper,,start,end,1.0,0.0,1.0,0.0,0.0,0.0,0.0,1.0,3.0,0.0,0.0,0.0,0.0,0.0,
ITA-Serie A,1718,2018-04-03 Udinese-Fiorentina,Fiorentina,Marco Sportiello,False,Goalkeeper,,start,end,1.0,0.0,0.0,0.0,0.0,0.0,0.0,0.0,4.0,0.0,0.0,0.0,0.0,0.0,
ITA-Serie A,1718,2018-04-03 Udinese-Fiorentina,Udinese,Albano Bizzarri,True,Goalkeeper,,start,end,1.0,0.0,0.0,0.0,0.0,0.0,0.0,2.0,2.0,0.0,0.0,0.0,0.0,0.0,
ITA-Serie A,1718,2018-04-04 AC Milan-Internazionale,AC Milan,Gianluigi Donnarumma,True,Goalkeeper,,start,end,1.0,0.0,0.0,0.0,0.0,0.0,0.0,0.0,2.0,0.0,0.0,0.0,0.0,0.0,
ITA-Serie A,1718,2018-04-04 AC Milan-Internazionale,Internazionale,Samir Handanovic,False,Goalkeeper,,start,end,1.0,0.0,0.0,0.0,0.0,0.0,0.0,0.0,3.0,0.0,0.0,0.0,0.0,0.0,
ITA-Serie A,1718,2018-04-04 Benevento-Hellas Verona,Benevento,Alberto Brignoli,True,Goalkeeper,,start,end,1.0,0.0,0.0,0.0,0.0,0.0,0.0,0.0,0.0,0.0,0.0,0.0,0.0,0.0,
ITA-Serie A,1718,2018-04-04 Benevento-Hellas Verona,Hellas Verona,Marco Silvestri,False,Goalkeeper,,start,end,1.0,0.0,0.0,0.0,0.0,0.0,0.0,3.0,12.0,0.0,0.0,0.0,0.0,0.0,
ITA-Serie A,1718,2018-04-04 Chievo Verona-Sassuolo,Chievo Verona,Stefano Sorrentino,True,Goalkeeper,,start,end,1.0,0.0,1.0,0.0,0.0,0.0,0.0,1.0,3.0,0.0,0.0,0.0,0.0,0.0,
ITA-Serie A,1718,2018-04-04 Chievo Verona-Sassuolo,Sassuolo,Andrea Consigli,False,Goalkeeper,,start,end,1.0,0.0,0.0,0.0,0.0,0.0,0.0,1.0,1.0,0.0,0.0,0.0,0.0,0.0,
ITA-Serie A,1718,2018-04-04 Torino-Crotone,Crotone,Alex Cordaz,False,Goalkeeper,,start,end,1.0,0.0,0.0,0.0,0.0,0.0,0.0,4.0,1.0,0.0,0.0,0.0,0.0,0.0,
ITA-Serie A,1718,2018-04-04 Torino-Crotone,Torino,Salvatore Sirigu,True,Goalkeeper,,start,end,1.0,0.0,0.0,0.0,0.0,0.0,0.0,1.0,1.0,0.0,0.0,0.0,0.0,0.0,
ITA-Serie A,1718,2018-04-07 AS Roma-Fiorentina,AS Roma,Alisson Becker,True,Goalkeeper,,start,end,1.0,0.0,0.0,0.0,0.0,0.0,0.0,2.0,0.0,0.0,0.0,0.0,0.0,0.0,
ITA-Serie A,1718,2018-04-07 AS Roma-Fiorentina,Fiorentina,Marco Sportiello,False,Goalkeeper,,start,end,1.0,0.0,0.0,0.0,0.0,0.0,0.0,0.0,8.0,0.0,0.0,0.0,0.0,0.0,
ITA-Serie A,1718,2018-04-07 Benevento-Juventus,Benevento,Christian Puggioni,True,Goalkeeper,,start,end,1.0,0.0,0.0,0.0,0.0,0.0,0.0,4.0,1.0,0.0,0.0,0.0,0.0,0.0,
ITA-Serie A,1718,2018-04-07 Benevento-Juventus,Juventus,Wojciech Szczesny,False,Goalkeeper,,start,end,1.0,0.0,0.0,0.0,0.0,0.0,0.0,2.0,4.0,0.0,0.0,0.0,0.0,0.0,
ITA-Serie A,1718,2018-04-07 SPAL-Atalanta,Atalanta,Etrit Berisha,False,Goalkeeper,,start,end,1.0,0.0,1.0,0.0,0.0,0.0,0.0,1.0,3.0,0.0,0.0,0.0,0.0,0.0,
ITA-Serie A,1718,2018-04-07 SPAL-Atalanta,SPAL,Alex Meret,True,Goalkeeper,,start,end,1.0,0.0,0.0,0.0,0.0,0.0,0.0,1.0,5.0,0.0,0.0,0.0,0.0,0.0,
ITA-Serie A,1718,2018-04-07 Sampdoria-Genoa,Genoa,Mattia Perin,False,Goalkeeper,,start,end,1.0,0.0,0.0,0.0,0.0,0.0,0.0,0.0,4.0,0.0,0.0,0.0,0.0,0.0,
ITA-Serie A,1718,2018-04-07 Sampdoria-Genoa,Sampdoria,Emiliano Viviano,True,Goalkeeper,,start,end,1.0,0.0,0.0,0.0,0.0,0.0,0.0,0.0,2.0,0.0,0.0,0.0,0.0,0.0,
ITA-Serie A,1718,2018-04-08 AC Milan-Sassuolo,AC Milan,Gianluigi Donnarumma,True,Goalkeeper,,start,end,1.0,0.0,0.0,0.0,0.0,0.0,0.0,1.0,2.0,0.0,0.0,0.0,0.0,0.0,
ITA-Serie A,1718,2018-04-08 AC Milan-Sassuolo,Sassuolo,Andrea Consigli,False,Goalkeeper,,start,end,1.0,0.0,0.0,0.0,0.0,0.0,0.0,1.0,8.0,0.0,0.0,0.0,0.0,0.0,
ITA-Serie A,1718,2018-04-08 Crotone-Bologna,Bologna,Antonio Mirante,False,Goalkeeper,,start,end,1.0,0.0,0.0,0.0,0.0,0.0,0.0,1.0,4.0,0.0,0.0,0.0,0.0,0.0,
ITA-Serie A,1718,2018-04-08 Crotone-Bologna,Crotone,Alex Cordaz,True,Goalkeeper,,start,end,1.0,0.0,0.0,0.0,0.0,0.0,0.0,0.0,1.0,0.0,0.0,0.0,0.0,0.0,
ITA-Serie A,1718,2018-04-08 Hellas Verona-Cagliari,Cagliari,Alessio Cragno,False,Goalkeeper,,start,end,1.0,0.0,0.0,0.0,0.0,0.0,0.0,1.0,3.0,0.0,0.0,0.0,0.0,0.0,
ITA-Serie A,1718,2018-04-08 Hellas Verona-Cagliari,Hellas Verona,Nícolas Andrade,True,Goalkeeper,,start,end,1.0,0.0,1.0,0.0,0.0,0.0,0.0,0.0,3.0,0.0,0.0,0.0,0.0,0.0,
ITA-Serie A,1718,2018-04-08 Napoli-Chievo Verona,Chievo Verona,Stefano Sorrentino,False,Goalkeeper,,start,end,1.0,0.0,0.0,0.0,0.0,0.0,0.0,2.0,9.0,0.0,0.0,0.0,0.0,0.0,
ITA-Serie A,1718,2018-04-08 Napoli-Chievo Verona,Napoli,Pepe Reina,True,Goalkeeper,,start,end,1.0,0.0,0.0,0.0,0.0,0.0,0.0,1.0,1.0,0.0,0.0,0.0,0.0,0.0,
ITA-Serie A,1718,2018-04-08 Torino-Internazionale,Internazionale,Samir Handanovic,False,Goalkeeper,,start,end,1.0,0.0,0.0,0.0,0.0,0.0,0.0,1.0,2.0,0.0,0.0,0.0,0.0,0.0,
ITA-Serie A,1718,2018-04-08 Torino-Internazionale,Torino,Salvatore Sirigu,True,Goalkeeper,,start,end,1.0,0.0,1.0,0.0,0.0,0.0,0.0,0.0,8.0,0.0,0.0,0.0,0.0,0.0,
ITA-Serie A,1718,2018-04-08 Udinese-Lazio,Lazio,Thomas Strakosha,False,Goalkeeper,,start,end,1.0,0.0,0.0,0.0,0.0,0.0,0.0,1.0,2.0,0.0,0.0,0.0,0.0,0.0,
ITA-Serie A,1718,2018-04-08 Udinese-Lazio,Udinese,Albano Bizzarri,True,Goalkeeper,,start,end,1.0,0.0,0.0,0.0,0.0,0.0,0.0,2.0,2.0,0.0,0.0,0.0,0.0,0.0,
ITA-Serie A,1718,2018-04-14 Atalanta-Internazionale,Atalanta,Etrit Berisha,True,Goalkeeper,,start,end,1.0,0.0,0.0,0.0,0.0,0.0,0.0,0.0,2.0,0.0,0.0,0.0,0.0,0.0,
ITA-Serie A,1718,2018-04-14 Atalanta-Internazionale,Internazionale,Samir Handanovic,False,Goalkeeper,,start,end,1.0,0.0,0.0,0.0,0.0,0.0,0.0,0.0,4.0,0.0,0.0,0.0,0.0,0.0,
ITA-Serie A,1718,2018-04-14 Cagliari-Udinese,Cagliari,Alessio Cragno,True,Goalkeeper,,start,end,1.0,0.0,0.0,0.0,0.0,0.0,0.0,1.0,0.0,0.0,0.0,0.0,0.0,0.0,
ITA-Serie A,1718,2018-04-14 Cagliari-Udinese,Udinese,Albano Bizzarri,False,Goalkeeper,,start,end,1.0,0.0,0.0,0.0,0.0,0.0,0.0,2.0,1.0,0.0,0.0,0.0,0.0,0.0,
ITA-Serie A,1718,2018-04-14 Chievo Verona-Torino,Chievo Verona,Stefano Sorrentino,True,Goalkeeper,,start,end,1.0,0.0,0.0,0.0,0.0,0.0,0.0,0.0,3.0,0.0,0.0,0.0,0.0,0.0,
ITA-Serie A,1718,2018-04-14 Chievo Verona-Torino,Torino,Salvatore Sirigu,False,Goalkeeper,,start,end,1.0,0.0,0.0,0.0,0.0,0.0,0.0,0.0,0.0,0.0,0.0,0.0,0.0,0.0,
ITA-Serie A,1718,2018-04-14 Genoa-Crotone,Crotone,Alex Cordaz,False,Goalkeeper,,start,end,1.0,0.0,0.0,0.0,0.0,0.0,0.0,1.0,4.0,0.0,0.0,0.0,0.0,0.0,
ITA-Serie A,1718,2018-04-14 Genoa-Crotone,Genoa,Mattia Perin,True,Goalkeeper,,start,end,1.0,0.0,1.0,0.0,0.0,0.0,0.0,0.0,1.0,0.0,0.0,0.0,0.0,0.0,
ITA-Serie A,1718,2018-04-15 AC Milan-Napoli,AC Milan,Gianluigi Donnarumma,True,Goalkeeper,,start,end,1.0,0.0,0.0,0.0,0.0,0.0,0.0,0.0,4.0,0.0,0.0,0.0,0.0,0.0,
ITA-Serie A,1718,2018-04-15 AC Milan-Napoli,Napoli,Pepe Reina,False,Goalkeeper,,start,end,1.0,0.0,0.0,0.0,0.0,0.0,0.0,0.0,2.0,0.0,0.0,0.0,0.0,0.0,
ITA-Serie A,1718,2018-04-15 Bologna-Hellas Verona,Bologna,Antonio Mirante,True,Goalkeeper,,start,end,1.0,0.0,0.0,0.0,0.0,0.0,0.0,0.0,1.0,0.0,0.0,0.0,0.0,0.0,
ITA-Serie A,1718,2018-04-15 Bologna-Hellas Verona,Hellas Verona,Nícolas Andrade,False,Goalkeeper,,start,end,1.0,0.0,2.0,0.0,0.0,0.0,0.0,2.0,4.0,0.0,0.0,0.0,0.0,0.0,
ITA-Serie A,1718,2018-04-15 Fiorentina-SPAL,Fiorentina,Marco Sportiello,True,Goalkeeper,,start,end,1.0,0.0,0.0,0.0,0.0,0.0,0.0,0.0,1.0,0.0,0.0,0.0,0.0,0.0,
ITA-Serie A,1718,2018-04-15 Fiorentina-SPAL,SPAL,Alex Meret,False,Goalkeeper,,start,end,1.0,0.0,0.0,0.0,0.0,0.0,0.0,0.0,6.0,0.0,0.0,0.0,0.0,0.0,
ITA-Serie A,1718,2018-04-15 Juventus-Sampdoria,Juventus,Gianluigi Buffon,True,Goalkeeper,,start,end,1.0,0.0,1.0,0.0,0.0,0.0,0.0,0.0,3.0,0.0,0.0,0.0,0.0,0.0,
ITA-Serie A,1718,2018-04-15 Juventus-Sampdoria,Sampdoria,Emiliano Viviano,False,Goalkeeper,,start,end,1.0,0.0,0.0,0.0,0.0,0.0,0.0,3.0,2.0,0.0,0.0,0.0,0.0,0.0,
ITA-Serie A,1718,2018-04-15 Lazio-AS Roma,AS Roma,Alisson Becker,False,Goalkeeper,,start,end,1.0,0.0,1.0,0.0,0.0,0.0,0.0,0.0,1.0,0.0,0.0,0.0,0.0,0.0,
ITA-Serie A,1718,2018-04-15 Lazio-AS Roma,Lazio,Thomas Strakosha,True,Goalkeeper,,start,end,1.0,0.0,0.0,0.0,0.0,0.0,0.0,0.0,1.0,0.0,0.0,0.0,0.0,0.0,
ITA-Serie A,1718,2018-04-15 Sassuolo-Benevento,Benevento,Christian Puggioni,False,Goalkeeper,,start,end,1.0,0.0,0.0,0.0,0.0,0.0,0.0,2.0,1.0,0.0,0.0,0.0,0.0,0.0,
ITA-Serie A,1718,2018-04-15 Sassuolo-Benevento,Sassuolo,Andrea Consigli,True,Goalkeeper,,start,77,1.0,0.0,0.0,0.0,0.0,0.0,0.0,2.0,0.0,0.0,0.0,0.0,0.0,0.0,
ITA-Serie A,1718,2018-04-17 Internazionale-Cagliari,Cagliari,Alessio Cragno,False,Goalkeeper,,start,end,1.0,0.0,0.0,0.0,0.0,0.0,0.0,4.0,5.0,0.0,0.0,0.0,0.0,0.0,
ITA-Serie A,1718,2018-04-17 Internazionale-Cagliari,Internazionale,Samir Handanovic,True,Goalkeeper,,start,end,1.0,0.0,0.0,0.0,0.0,0.0,0.0,0.0,0.0,0.0,0.0,0.0,0.0,0.0,
ITA-Serie A,1718,2018-04-18 AS Roma-Genoa,AS Roma,Alisson Becker,True,Goalkeeper,,start,end,1.0,0.0,0.0,0.0,0.0,0.0,0.0,1.0,0.0,0.0,0.0,0.0,0.0,0.0,
ITA-Serie A,1718,2018-04-18 AS Roma-Genoa,Genoa,Mattia Perin,False,Goalkeeper,,start,end,1.0,0.0,0.0,0.0,0.0,0.0,0.0,2.0,5.0,0.0,0.0,0.0,0.0,0.0,
ITA-Serie A,1718,2018-04-18 Benevento-Atalanta,Atalanta,Etrit Berisha,False,Goalkeeper,,start,end,1.0,0.0,1.0,0.0,0.0,0.0,0.0,0.0,3.0,0.0,0.0,0.0,0.0,0.0,
ITA-Serie A,1718,2018-04-18 Benevento-Atalanta,Benevento,Christian Puggioni,True,Goalkeeper,,start,end,1.0,0.0,0.0,0.0,0.0,0.0,0.0,3.0,5.0,0.0,0.0,0.0,0.0,0.0,
ITA-Serie A,1718,2018-04-18 Crotone-Juventus,Crotone,Alex Cordaz,True,Goalkeeper,,start,end,1.0,0.0,0.0,0.0,0.0,0.0,0.0,1.0,3.0,0.0,0.0,0.0,0.0,0.0,
ITA-Serie A,1718,2018-04-18 Crotone-Juventus,Juventus,Wojciech Szczesny,False,Goalkeeper,,start,end,1.0,0.0,0.0,0.0,0.0,0.0,0.0,1.0,2.0,0.0,0.0,0.0,0.0,0.0,
ITA-Serie A,1718,2018-04-18 Fiorentina-Lazio,Fiorentina,Marco Sportiello,True,Goalkeeper,,start,end,1.0,1.0,0.0,0.0,1.0,0.0,0.0,0.0,0.0,0.0,0.0,0.0,0.0,0.0,
ITA-Serie A,1718,2018-04-18 Fiorentina-Lazio,Lazio,Thomas Strakosha,False,Goalkeeper,,start,end,1.0,0.0,1.0,0.0,0.0,0.0,0.0,3.0,3.0,0.0,0.0,0.0,0.0,0.0,
ITA-Serie A,1718,2018-04-18 Hellas Verona-Sassuolo,Hellas Verona,Nícolas Andrade,True,Goalkeeper,,start,end,1.0,0.0,0.0,0.0,0.0,0.0,0.0,1.0,4.0,0.0,0.0,0.0,0.0,0.0,
ITA-Serie A,1718,2018-04-18 Hellas Verona-Sassuolo,Sassuolo,Andrea Consigli,False,Goalkeeper,,start,end,1.0,0.0,0.0,0.0,0.0,0.0,0.0,0.0,2.0,0.0,0.0,0.0,0.0,0.0,
ITA-Serie A,1718,2018-04-18 Napoli-Udinese,Napoli,Pepe Reina,True,Goalkeeper,,start,end,1.0,0.0,0.0,0.0,0.0,0.0,0.0,2.0,3.0,0.0,0.0,0.0,0.0,0.0,
ITA-Serie A,1718,2018-04-18 Napoli-Udinese,Udinese,Albano Bizzarri,False,Goalkeeper,,start,end,1.0,0.0,0.0,0.0,0.0,0.0,0.0,4.0,5.0,0.0,0.0,0.0,0.0,0.0,
ITA-Serie A,1718,2018-04-18 SPAL-Chievo Verona,Chievo Verona,Stefano Sorrentino,False,Goalkeeper,,start,end,1.0,0.0,0.0,0.0,0.0,0.0,0.0,0.0,1.0,0.0,0.0,0.0,0.0,0.0,
ITA-Serie A,1718,2018-04-18 SPAL-Chievo Verona,SPAL,Alex Meret,True,Goalkeeper,,start,end,1.0,0.0,0.0,0.0,0.0,0.0,0.0,0.0,0.0,0.0,0.0,0.0,0.0,0.0,
ITA-Serie A,1718,2018-04-18 Sampdoria-Bologna,Bologna,Antonio Mirante,False,Goalkeeper,,start,end,1.0,0.0,0.0,0.0,0.0,0.0,0.0,1.0,0.0,0.0,0.0,0.0,0.0,0.0,
ITA-Serie A,1718,2018-04-18 Sampdoria-Bologna,Sampdoria,Emiliano Viviano,True,Goalkeeper,,start,end,1.0,0.0,0.0,0.0,0.0,0.0,0.0,0.0,2.0,0.0,0.0,0.0,0.0,0.0,
ITA-Serie A,1718,2018-04-18 Torino-AC Milan,AC Milan,Gianluigi Donnarumma,False,Goalkeeper,,start,end,1.0,0.0,0.0,0.0,0.0,0.0,0.0,1.0,3.0,0.0,0.0,0.0,0.0,0.0,
ITA-Serie A,1718,2018-04-18 Torino-AC Milan,Torino,Salvatore Sirigu,True,Goalkeeper,,start,end,1.0,0.0,0.0,0.0,0.0,0.0,0.0,1.0,3.0,0.0,0.0,0.0,0.0,0.0,
ITA-Serie A,1718,2018-04-21 AC Milan-Benevento,AC Milan,Gianluigi Donnarumma,True,Goalkeeper,,start,end,1.0,0.0,0.0,0.0,0.0,0.0,0.0,1.0,0.0,0.0,0.0,0.0,0.0,0.0,
ITA-Serie A,1718,2018-04-21 AC Milan-Benevento,Benevento,Christian Puggioni,False,Goalkeeper,,start,end,1.0,0.0,1.0,0.0,0.0,0.0,0.0,0.0,6.0,0.0,0.0,0.0,0.0,0.0,
ITA-Serie A,1718,2018-04-21 SPAL-AS Roma,AS Roma,Alisson Becker,False,Goalkeeper,,start,end,1.0,0.0,0.0,0.0,0.0,0.0,0.0,0.0,3.0,0.0,0.0,0.0,0.0,0.0,
ITA-Serie A,1718,2018-04-21 SPAL-AS Roma,SPAL,Alex Meret,True,Goalkeeper,,start,80,1.0,0.0,0.0,0.0,0.0,0.0,0.0,3.0,5.0,0.0,0.0,0.0,0.0,0.0,
ITA-Serie A,1718,2018-04-21 Sassuolo-Fiorentina,Fiorentina,Bartlomiej Dragowski,False,Goalkeeper,,start,end,1.0,0.0,2.0,0.0,0.0,0.0,0.0,1.0,5.0,0.0,0.0,0.0,0.0,0.0,
ITA-Serie A,1718,2018-04-21 Sassuolo-Fiorentina,Sassuolo,Andrea Consigli,True,Goalkeeper,,start,end,1.0,0.0,0.0,0.0,0.0,0.0,1.0,0.0,1.0,0.0,0.0,0.0,0.0,0.0,
ITA-Serie A,1718,2018-04-22 Atalanta-Torino,Atalanta,Etrit Berisha,True,Goalkeeper,,start,end,1.0,0.0,0.0,0.0,0.0,0.0,0.0,1.0,0.0,0.0,0.0,0.0,0.0,0.0,
ITA-Serie A,1718,2018-04-22 Atalanta-Torino,Torino,Salvatore Sirigu,False,Goalkeeper,,start,end,1.0,0.0,1.0,0.0,0.0,0.0,0.0,2.0,6.0,0.0,0.0,0.0,0.0,0.0,
ITA-Serie A,1718,2018-04-22 Cagliari-Bologna,Bologna,Antonio Mirante,False,Goalkeeper,,start,end,1.0,0.0,1.0,0.0,0.0,0.0,0.0,0.0,2.0,0.0,0.0,0.0,0.0,0.0,
ITA-Serie A,1718,2018-04-22 Cagliari-Bologna,Cagliari,Alessio Cragno,True,Goalkeeper,,start,end,1.0,0.0,0.0,0.0,0.0,0.0,0.0,0.0,2.0,0.0,0.0,0.0,0.0,0.0,
ITA-Serie A,1718,2018-04-22 Chievo Verona-Internazionale,Chievo Verona,Stefano Sorrentino,True,Goalkeeper,,start,end,1.0,0.0,0.0,0.0,0.0,0.0,0.0,2.0,3.0,0.0,0.0,0.0,0.0,0.0,
ITA-Serie A,1718,2018-04-22 Chievo Verona-Internazionale,Internazionale,Samir Handanovic,False,Goalkeeper,,start,end,1.0,0.0,1.0,0.0,0.0,0.0,0.0,1.0,5.0,0.0,0.0,0.0,0.0,0.0,
ITA-Serie A,1718,2018-04-22 Juventus-Napoli,Juventus,Gianluigi Buffon,True,Goalkeeper,,start,end,1.0,0.0,0.0,0.0,0.0,0.0,0.0,1.0,3.0,0.0,0.0,0.0,0.0,0.0,
ITA-Serie A,1718,2018-04-22 Juventus-Napoli,Napoli,Pepe Reina,False,Goalkeeper,,start,end,1.0,0.0,1.0,0.0,0.0,0.0,0.0,0.0,0.0,0.0,0.0,0.0,0.0,0.0,
ITA-Serie A,1718,2018-04-22 Lazio-Sampdoria,Lazio,Thomas Strakosha,True,Goalkeeper,,start,end,1.0,0.0,0.0,0.0,0.0,0.0,0.0,0.0,2.0,0.0,0.0,0.0,0.0,0.0,
ITA-Serie A,1718,2018-04-22 Lazio-Sampdoria,Sampdoria,Emiliano Viviano,False,Goalkeeper,,start,end,1.0,0.0,0.0,0.0,0.0,0.0,0.0,4.0,5.0,0.0,0.0,0.0,0.0,0.0,
ITA-Serie A,1718,2018-04-22 Udinese-Crotone,Crotone,Alex Cordaz,False,Goalkeeper,,start,end,1.0,0.0,0.0,0.0,0.0,0.0,0.0,1.0,5.0,0.0,0.0,0.0,0.0,0.0,
ITA-Serie A,1718,2018-04-22 Udinese-Crotone,Udinese,Albano Bizzarri,True,Goalkeeper,,start,end,1.0,0.0,1.0,0.0,0.0,0.0,0.0,2.0,0.0,0.0,0.0,0.0,0.0,0.0,
ITA-Serie A,1718,2018-04-23 Genoa-Hellas Verona,Genoa,Mattia Perin,True,Goalkeeper,,start,end,1.0,0.0,0.0,0.0,0.0,0.0,0.0,1.0,2.0,0.0,0.0,0.0,0.0,0.0,
ITA-Serie A,1718,2018-04-23 Genoa-Hellas Verona,Hellas Verona,Nícolas Andrade,False,Goalkeeper,,start,end,1.0,0.0,0.0,0.0,0.0,0.0,0.0,3.0,5.0,0.0,0.0,0.0,0.0,0.0,
ITA-Serie A,1718,2018-04-28 AS Roma-Chievo Verona,AS Roma,Alisson Becker,True,Goalkeeper,,start,end,1.0,0.0,0.0,0.0,0.0,0.0,0.0,1.0,5.0,0.0,0.0,0.0,0.0,0.0,
ITA-Serie A,1718,2018-04-28 AS Roma-Chievo Verona,Chievo Verona,Stefano Sorrentino,False,Goalkeeper,,start,end,1.0,0.0,0.0,0.0,0.0,0.0,0.0,4.0,3.0,0.0,0.0,0.0,0.0,0.0,
ITA-Serie A,1718,2018-04-28 Internazionale-Juventus,Internazionale,Samir Handanovic,True,Goalkeeper,,start,end,1.0,0.0,0.0,0.0,0.0,0.0,0.0,3.0,2.0,0.0,0.0,0.0,0.0,0.0,
ITA-Serie A,1718,2018-04-28 Internazionale-Juventus,Juventus,Gianluigi Buffon,False,Goalkeeper,,start,end,1.0,0.0,0.0,0.0,0.0,0.0,0.0,2.0,3.0,0.0,0.0,0.0,0.0,0.0,
ITA-Serie A,1718,2018-04-29 Atalanta-Genoa,Atalanta,Etrit Berisha,True,Goalkeeper,,start,end,1.0,0.0,0.0,0.0,0.0,0.0,0.0,1.0,2.0,0.0,0.0,0.0,0.0,0.0,
ITA-Serie A,1718,2018-04-29 Atalanta-Genoa,Genoa,Mattia Perin,False,Goalkeeper,,start,end,1.0,0.0,0.0,0.0,0.0,0.0,0.0,3.0,3.0,0.0,0.0,0.0,0.0,0.0,
ITA-Serie A,1718,2018-04-29 Benevento-Udinese,Benevento,Alberto Brignoli,True,Goalkeeper,,start,end,1.0,0.0,0.0,0.0,0.0,0.0,0.0,3.0,3.0,0.0,0.0,0.0,0.0,0.0,
ITA-Serie A,1718,2018-04-29 Benevento-Udinese,Udinese,Albano Bizzarri,False,Goalkeeper,,start,end,1.0,0.0,0.0,0.0,0.0,0.0,0.0,3.0,3.0,0.0,0.0,0.0,0.0,0.0,
ITA-Serie A,1718,2018-04-29 Bologna-AC Milan,AC Milan,Gianluigi Donnarumma,False,Goalkeeper,,start,end,1.0,0.0,1.0,0.0,0.0,0.0,0.0,1.0,5.0,0.0,0.0,0.0,0.0,0.0,
ITA-Serie A,1718,2018-04-29 Bologna-AC Milan,Bologna,Antonio Mirante,True,Goalkeeper,,start,end,1.0,0.0,0.0,0.0,0.0,0.0,0.0,2.0,2.0,0.0,0.0,0.0,0.0,0.0,
ITA-Serie A,1718,2018-04-29 Crotone-Sassuolo,Crotone,Alex Cordaz,True,Goalkeeper,,start,end,1.0,0.0,0.0,0.0,0.0,0.0,0.0,1.0,5.0,0.0,0.0,0.0,0.0,0.0,
ITA-Serie A,1718,2018-04-29 Crotone-Sassuolo,Sassuolo,Andrea Consigli,False,Goalkeeper,,start,end,1.0,0.0,0.0,0.0,0.0,0.0,0.0,4.0,3.0,0.0,0.0,0.0,0.0,0.0,
ITA-Serie A,1718,2018-04-29 Fiorentina-Napoli,Fiorentina,Marco Sportiello,True,Goalkeeper,,start,end,1.0,0.0,0.0,0.0,0.0,0.0,0.0,0.0,1.0,0.0,0.0,0.0,0.0,0.0,
ITA-Serie A,1718,2018-04-29 Fiorentina-Napoli,Napoli,Pepe Reina,False,Goalkeeper,,start,end,1.0,0.0,0.0,0.0,0.0,0.0,0.0,3.0,8.0,0.0,0.0,0.0,0.0,0.0,
ITA-Serie A,1718,2018-04-29 Hellas Verona-SPAL,Hellas Verona,Nícolas Andrade,True,Goalkeeper,,start,end,1.0,0.0,1.0,0.0,0.0,0.0,0.0,3.0,5.0,0.0,0.0,0.0,0.0,0.0,
ITA-Serie A,1718,2018-04-29 Hellas Verona-SPAL,SPAL,Alfred Gomis,False,Goalkeeper,,start,end,1.0,0.0,0.0,0.0,0.0,0.0,0.0,1.0,4.0,0.0,0.0,0.0,0.0,0.0,
ITA-Serie A,1718,2018-04-29 Sampdoria-Cagliari,Cagliari,Alessio Cragno,False,Goalkeeper,1,start,end,1.0,0.0,0.0,0.0,0.0,0.0,0.0,4.0,2.0,0.0,0.0,0.0,0.0,0.0,
ITA-Serie A,1718,2018-04-29 Sampdoria-Cagliari,Sampdoria,Emiliano Viviano,True,Goalkeeper,1,start,end,1.0,0.0,0.0,0.0,0.0,0.0,0.0,1.0,1.0,0.0,0.0,0.0,0.0,0.0,
ITA-Serie A,1718,2018-04-29 Torino-Lazio,Lazio,Thomas Strakosha,False,Goalkeeper,,start,end,1.0,0.0,0.0,0.0,0.0,0.0,1.0,0.0,2.0,0.0,0.0,0.0,0.0,0.0,
ITA-Serie A,1718,2018-04-29 Torino-Lazio,Torino,Salvatore Sirigu,True,Goalkeeper,,start,end,1.0,0.0,0.0,0.0,0.0,0.0,0.0,1.0,5.0,0.0,0.0,0.0,0.0,0.0,
ITA-Serie A,1718,2018-05-05 AC Milan-Hellas Verona,AC Milan,Gianluigi Donnarumma,True,Goalkeeper,,start,end,1.0,0.0,0.0,0.0,0.0,0.0,0.0,1.0,1.0,0.0,0.0,0.0,0.0,0.0,
ITA-Serie A,1718,2018-05-05 AC Milan-Hellas Verona,Hellas Verona,Marco Silvestri,False,Goalkeeper,,start,end,1.0,0.0,1.0,0.0,0.0,0.0,0.0,4.0,6.0,0.0,0.0,0.0,0.0,0.0,
ITA-Serie A,1718,2018-05-05 Juventus-Bologna,Bologna,Antonio Mirante,False,Goalkeeper,,start,end,1.0,0.0,0.0,0.0,0.0,0.0,0.0,3.0,4.0,0.0,0.0,0.0,0.0,0.0,
ITA-Serie A,1718,2018-05-05 Juventus-Bologna,Juventus,Gianluigi Buffon,True,Goalkeeper,,start,end,1.0,0.0,0.0,0.0,0.0,0.0,0.0,1.0,2.0,0.0,0.0,0.0,0.0,0.0,
ITA-Serie A,1718,2018-05-06 Cagliari-AS Roma,AS Roma,Alisson Becker,False,Goalkeeper,,start,end,1.0,0.0,1.0,0.0,0.0,0.0,0.0,0.0,3.0,0.0,0.0,0.0,0.0,0.0,
ITA-Serie A,1718,2018-05-06 Cagliari-AS Roma,Cagliari,Alessio Cragno,True,Goalkeeper,,start,end,1.0,0.0,0.0,0.0,0.0,0.0,0.0,1.0,0.0,0.0,0.0,0.0,0.0,0.0,
ITA-Serie A,1718,2018-05-06 Chievo Verona-Crotone,Chievo Verona,Stefano Sorrentino,True,Goalkeeper,,start,end,1.0,0.0,0.0,0.0,0.0,0.0,1.0,1.0,2.0,0.0,0.0,0.0,0.0,0.0,
ITA-Serie A,1718,2018-05-06 Chievo Verona-Crotone,Crotone,Alex Cordaz,False,Goalkeeper,,start,end,1.0,0.0,0.0,0.0,0.0,0.0,0.0,2.0,2.0,0.0,0.0,0.0,0.0,0.0,
ITA-Serie A,1718,2018-05-06 Genoa-Fiorentina,Fiorentina,Marco Sportiello,False,Goalkeeper,,start,end,1.0,0.0,0.0,0.0,0.0,0.0,0.0,2.0,1.0,0.0,0.0,0.0,0.0,0.0,
ITA-Serie A,1718,2018-05-06 Genoa-Fiorentina,Genoa,Mattia Perin,True,Goalkeeper,,start,end,1.0,0.0,0.0,0.0,0.0,0.0,0.0,3.0,7.0,0.0,0.0,0.0,0.0,0.0,
ITA-Serie A,1718,2018-05-06 Lazio-Atalanta,Atalanta,Etrit Berisha,False,Goalkeeper,,start,end,1.0,0.0,0.0,0.0,0.0,0.0,0.0,1.0,1.0,0.0,0.0,0.0,0.0,0.0,
ITA-Serie A,1718,2018-05-06 Lazio-Atalanta,Lazio,Thomas Strakosha,True,Goalkeeper,,start,end,1.0,0.0,1.0,0.0,0.0,0.0,0.0,1.0,5.0,0.0,0.0,0.0,0.0,0.0,
ITA-Serie A,1718,2018-05-06 Napoli-Torino,Napoli,Pepe Reina,True,Goalkeeper,,start,end,1.0,0.0,1.0,0.0,0.0,0.0,0.0,2.0,0.0,0.0,0.0,0.0,0.0,0.0,
ITA-Serie A,1718,2018-05-06 Napoli-Torino,Torino,Salvatore Sirigu,False,Goalkeeper,,start,end,1.0,0.0,1.0,0.0,0.0,0.0,0.0,2.0,3.0,0.0,0.0,0.0,0.0,0.0,
ITA-Serie A,1718,2018-05-06 SPAL-Benevento,Benevento,Christian Puggioni,False,Goalkeeper,,start,end,1.0,0.0,0.0,0.0,0.0,0.0,0.0,2.0,2.0,0.0,0.0,0.0,0.0,0.0,
ITA-Serie A,1718,2018-05-06 SPAL-Benevento,SPAL,Alfred Gomis,True,Goalkeeper,,start,end,1.0,0.0,0.0,0.0,0.0,0.0,0.0,0.0,3.0,0.0,0.0,0.0,0.0,0.0,
ITA-Serie A,1718,2018-05-06 Sassuolo-Sampdoria,Sampdoria,Emiliano Viviano,False,Goalkeeper,,start,end,1.0,0.0,0.0,0.0,0.0,0.0,0.0,1.0,6.0,0.0,0.0,0.0,0.0,0.0,
ITA-Serie A,1718,2018-05-06 Sassuolo-Sampdoria,Sassuolo,Andrea Consigli,True,Goalkeeper,,start,end,1.0,0.0,1.0,0.0,0.0,0.0,0.0,0.0,0.0,0.0,0.0,0.0,0.0,0.0,
ITA-Serie A,1718,2018-05-06 Udinese-Internazionale,Internazionale,Samir Handanovic,False,Goalkeeper,,start,end,1.0,0.0,0.0,0.0,0.0,0.0,0.0,0.0,2.0,0.0,0.0,0.0,0.0,0.0,
ITA-Serie A,1718,2018-05-06 Udinese-Internazionale,Udinese,Albano Bizzarri,True,Goalkeeper,,start,end,1.0,0.0,0.0,0.0,0.0,0.0,0.0,4.0,5.0,0.0,0.0,0.0,0.0,0.0,
ITA-Serie A,1718,2018-05-12 Benevento-Genoa,Benevento,Christian Puggioni,True,Goalkeeper,,start,end,1.0,0.0,0.0,0.0,0.0,0.0,0.0,0.0,5.0,0.0,0.0,0.0,0.0,0.0,
ITA-Serie A,1718,2018-05-12 Benevento-Genoa,Genoa,Eugenio Lamanna,False,Goalkeeper,,start,end,1.0,0.0,0.0,0.0,0.0,0.0,0.0,1.0,2.0,0.0,0.0,0.0,0.0,0.0,
ITA-Serie A,1718,2018-05-12 Internazionale-Sassuolo,Internazionale,Samir Handanovic,True,Goalkeeper,,start,end,1.0,0.0,0.0,0.0,0.0,0.0,0.0,2.0,3.0,0.0,0.0,0.0,0.0,0.0,
ITA-Serie A,1718,2018-05-12 Internazionale-Sassuolo,Sassuolo,Andrea Consigli,False,Goalkeeper,,start,end,1.0,0.0,0.0,0.0,0.0,0.0,0.0,1.0,7.0,0.0,0.0,0.0,0.0,0.0,
ITA-Serie A,1718,2018-05-13 AS Roma-Juventus,AS Roma,Alisson Becker,True,Goalkeeper,,start,end,1.0,0.0,0.0,0.0,0.0,0.0,0.0,0.0,0.0,0.0,0.0,0.0,0.0,0.0,
ITA-Serie A,1718,2018-05-13 AS Roma-Juventus,Juventus,Wojciech Szczesny,False,Goalkeeper,,start,end,1.0,0.0,0.0,0.0,0.0,0.0,0.0,0.0,2.0,0.0,0.0,0.0,0.0,0.0,
ITA-Serie A,1718,2018-05-13 Atalanta-AC Milan,AC Milan,Gianluigi Donnarumma,False,Goalkeeper,,start,end,1.0,0.0,0.0,0.0,0.0,0.0,1.0,1.0,4.0,0.0,0.0,0.0,0.0,0.0,
ITA-Serie A,1718,2018-05-13 Atalanta-AC Milan,Atalanta,Etrit Berisha,True,Goalkeeper,,start,end,1.0,0.0,0.0,0.0,0.0,0.0,0.0,1.0,1.0,0.0,0.0,0.0,0.0,0.0,
ITA-Serie A,1718,2018-05-13 Bologna-Chievo Verona,Bologna,Antonio Mirante,True,Goalkeeper,,start,end,1.0,0.0,0.0,0.0,0.0,0.0,0.0,2.0,5.0,0.0,0.0,0.0,0.0,0.0,
ITA-Serie A,1718,2018-05-13 Bologna-Chievo Verona,Chievo Verona,Stefano Sorrentino,False,Goalkeeper,,start,end,1.0,0.0,2.0,0.0,0.0,0.0,0.0,1.0,2.0,0.0,0.0,0.0,0.0,0.0,
ITA-Serie A,1718,2018-05-13 Crotone-Lazio,Crotone,Alex Cordaz,True,Goalkeeper,,start,end,1.0,0.0,0.0,0.0,0.0,0.0,0.0,2.0,5.0,0.0,0.0,0.0,0.0,0.0,
ITA-Serie A,1718,2018-05-13 Crotone-Lazio,Lazio,Thomas Strakosha,False,Goalkeeper,,start,end,1.0,0.0,0.0,0.0,0.0,0.0,0.0,2.0,0.0,0.0,0.0,0.0,0.0,0.0,
ITA-Serie A,1718,2018-05-13 Fiorentina-Cagliari,Cagliari,Alessio Cragno,False,Goalkeeper,,start,end,1.0,0.0,0.0,0.0,0.0,0.0,0.0,0.0,0.0,0.0,0.0,0.0,0.0,0.0,
ITA-Serie A,1718,2018-05-13 Fiorentina-Cagliari,Fiorentina,Marco Sportiello,True,Goalkeeper,,start,end,1.0,0.0,0.0,0.0,0.0,0.0,0.0,1.0,1.0,0.0,0.0,0.0,0.0,0.0,
ITA-Serie A,1718,2018-05-13 Hellas Verona-Udinese,Hellas Verona,Nícolas Andrade,True,Goalkeeper,,start,end,1.0,0.0,0.0,0.0,0.0,0.0,0.0,1.0,4.0,0.0,0.0,0.0,0.0,0.0,
ITA-Serie A,1718,2018-05-13 Hellas Verona-Udinese,Udinese,Albano Bizzarri,False,Goalkeeper,,start,end,1.0,0.0,0.0,0.0,0.0,0.0,0.0,0.0,1.0,0.0,0.0,0.0,0.0,0.0,
ITA-Serie A,1718,2018-05-13 Sampdoria-Napoli,Napoli,Pepe Reina,False,Goalkeeper,,start,end,1.0,0.0,0.0,0.0,0.0,0.0,0.0,0.0,2.0,0.0,0.0,0.0,0.0,0.0,
ITA-Serie A,1718,2018-05-13 Sampdoria-Napoli,Sampdoria,Vid Belec,True,Goalkeeper,,start,end,1.0,0.0,0.0,0.0,0.0,0.0,0.0,2.0,7.0,0.0,0.0,0.0,0.0,0.0,
ITA-Serie A,1718,2018-05-13 Torino-SPAL,SPAL,Alfred Gomis,False,Goalkeeper,,start,end,1.0,0.0,0.0,0.0,0.0,0.0,0.0,2.0,8.0,0.0,0.0,0.0,0.0,0.0,
ITA-Serie A,1718,2018-05-13 Torino-SPAL,Torino,Salvatore Sirigu,True,Goalkeeper,,start,end,1.0,0.0,0.0,0.0,0.0,0.0,0.0,1.0,3.0,0.0,0.0,0.0,0.0,0.0,
ITA-Serie A,1718,2018-05-19 Juventus-Hellas Verona,Hellas Verona,Nícolas Andrade,False,Goalkeeper,1,start,end,1.0,0.0,0.0,0.0,0.0,0.0,0.0,2.0,11.0,0.0,0.0,0.0,0.0,0.0,
ITA-Serie A,1718,2018-05-19 Juventus-Hellas Verona,Juventus,Gianluigi Buffon,True,Goalkeeper,1,start,63,1.0,0.0,0.0,0.0,0.0,0.0,0.0,0.0,1.0,0.0,0.0,0.0,0.0,0.0,
ITA-Serie A,1718,2018-05-20 AC Milan-Fiorentina,AC Milan,Gianluigi Donnarumma,True,Goalkeeper,1,start,end,1.0,0.0,0.0,0.0,0.0,0.0,0.0,1.0,2.0,0.0,0.0,0.0,0.0,0.0,
ITA-Serie A,1718,2018-05-20 AC Milan-Fiorentina,Fiorentina,Marco Sportiello,False,Goalkeeper,1,start,45,1.0,0.0,1.0,0.0,0.0,0.0,0.0,2.0,3.0,0.0,0.0,0.0,0.0,0.0,
ITA-Serie A,1718,2018-05-20 Cagliari-Atalanta,Atalanta,Pierluigi Gollini,False,Goalkeeper,1,start,83,1.0,0.0,1.0,0.0,0.0,0.0,0.0,0.0,2.0,0.0,0.0,0.0,0.0,0.0,
ITA-Serie A,1718,2018-05-20 Cagliari-Atalanta,Cagliari,Alessio Cragno,True,Goalkeeper,1,start,end,1.0,0.0,0.0,0.0,0.0,0.0,0.0,0.0,4.0,0.0,0.0,0.0,0.0,0.0,
ITA-Serie A,1718,2018-05-20 Chievo Verona-Benevento,Benevento,Christian Puggioni,False,Goalkeeper,1,start,end,1.0,0.0,0.0,0.0,0.0,0.0,0.0,1.0,4.0,0.0,0.0,0.0,0.0,0.0,
ITA-Serie A,1718,2018-05-20 Chievo Verona-Benevento,Chievo Verona,Stefano Sorrentino,True,Goalkeeper,1,start,end,1.0,0.0,0.0,0.0,0.0,0.0,0.0,0.0,1.0,0.0,0.0,0.0,0.0,0.0,
ITA-Serie A,1718,2018-05-20 Genoa-Torino,Genoa,Mattia Perin,True,Goalkeeper,1,start,end,1.0,0.0,0.0,0.0,0.0,0.0,0.0,2.0,0.0,0.0,0.0,0.0,0.0,0.0,
ITA-Serie A,1718,2018-05-20 Genoa-Torino,Torino,Vanja Milinkovic-Savic,False,Goalkeeper,1,start,end,1.0,0.0,0.0,0.0,0.0,0.0,0.0,1.0,1.0,0.0,0.0,0.0,0.0,0.0,
ITA-Serie A,1718,2018-05-20 Lazio-Internazionale,Internazionale,Samir Handanovic,False,Goalkeeper,1,start,end,1.0,0.0,0.0,0.0,0.0,0.0,0.0,2.0,3.0,0.0,0.0,0.0,0.0,0.0,
ITA-Serie A,1718,2018-05-20 Lazio-Internazionale,Lazio,Thomas Strakosha,True,Goalkeeper,1,start,end,1.0,0.0,0.0,0.0,0.0,0.0,1.0,3.0,3.0,0.0,0.0,0.0,0.0,0.0,
ITA-Serie A,1718,2018-05-20 Napoli-Crotone,Crotone,Alex Cordaz,False,Goalkeeper,1,start,end,1.0,0.0,0.0,0.0,0.0,0.0,0.0,2.0,7.0,0.0,0.0,0.0,0.0,0.0,
ITA-Serie A,1718,2018-05-20 Napoli-Crotone,Napoli,Pepe Reina,True,Goalkeeper,1,start,end,1.0,0.0,0.0,0.0,0.0,0.0,0.0,1.0,3.0,0.0,0.0,0.0,0.0,0.0,
ITA-Serie A,1718,2018-05-20 SPAL-Sampdoria,SPAL,Alfred Gomis,True,Goalkeeper,1,start,91,1.0,0.0,0.0,0.0,0.0,0.0,0.0,1.0,2.0,0.0,0.0,0.0,0.0,0.0,
ITA-Serie A,1718,2018-05-20 SPAL-Sampdoria,Sampdoria,Vid Belec,False,Goalkeeper,1,start,end,1.0,0.0,0.0,0.0,0.0,0.0,0.0,3.0,3.0,0.0,0.0,0.0,0.0,0.0,
ITA-Serie A,1718,2018-05-20 Sassuolo-AS Roma,AS Roma,Lukasz Skorupski,False,Goalkeeper,1,start,end,1.0,0.0,0.0,0.0,0.0,0.0,0.0,0.0,3.0,0.0,0.0,0.0,0.0,0.0,
ITA-Serie A,1718,2018-05-20 Sassuolo-AS Roma,Sassuolo,Gianluca Pegolo,True,Goalkeeper,1,start,end,1.0,0.0,0.0,1.0,0.0,0.0,0.0,1.0,6.0,0.0,0.0,0.0,0.0,0.0,
ITA-Serie A,1718,2018-05-20 Udinese-Bologna,Bologna,Angelo da Costa,False,Goalkeeper,1,start,end,1.0,0.0,0.0,0.0,0.0,0.0,0.0,1.0,4.0,0.0,0.0,0.0,0.0,0.0,
ITA-Serie A,1718,2018-05-20 Udinese-Bologna,Udinese,Albano Bizzarri,True,Goalkeeper,1,start,end,1.0,0.0,0.0,0.0,0.0,0.0,0.0,0.0,5.0,0.0,0.0,0.0,0.0,0.0,
