league,season,game,team,player,is_home,position,formation_place,sub_in,sub_out,appearances,fouls_committed,fouls_suffered,own_goals,red_cards,sub_ins,yellow_cards,goals_conceded,saves,shots_faced,goal_assists,shots_on_target,total_goals,total_shots,offsides
ENG-Premier League,1920,2019-08-09 Liverpool-Norwich City,Liverpool,Alisson Becker,True,Goalkeeper,1,start,39,1.0,0.0,0.0,0.0,0.0,0.0,0.0,0.0,2.0,0.0,0.0,0.0,0.0,0.0,
ENG-Premier League,1920,2019-08-09 Liverpool-Norwich City,Norwich City,Tim Krul,False,Goalkeeper,1,start,end,1.0,0.0,0.0,0.0,0.0,0.0,0.0,4.0,4.0,0.0,0.0,0.0,0.0,0.0,
ENG-Premier League,1920,2019-08-10 AFC Bournemouth-Sheffield United,AFC Bournemouth,Aaron Ramsdale,True,Goalkeeper,1,start,end,1.0,0.0,1.0,0.0,0.0,0.0,0.0,1.0,2.0,0.0,0.0,0.0,0.0,0.0,
ENG-Premier League,1920,2019-08-10 AFC Bournemouth-Sheffield United,Sheffield United,Dean Henderson,False,Goalkeeper,1,start,end,1.0,0.0,0.0,0.0,0.0,0.0,0.0,1.0,2.0,0.0,0.0,0.0,0.0,0.0,
ENG-Premier League,1920,2019-08-10 Burnley-Southampton,Burnley,Nick Pope,True,Goalkeeper,1,start,end,1.0,0.0,0.0,0.0,0.0,0.0,0.0,0.0,3.0,0.0,0.0,0.0,0.0,0.0,
ENG-Premier League,1920,2019-08-10 Burnley-Southampton,Southampton,Angus Gunn,False,Goalkeeper,1,start,end,1.0,0.0,0.0,0.0,0.0,0.0,0.0,3.0,1.0,0.0,0.0,0.0,0.0,0.0,
ENG-Premier League,1920,2019-08-10 Crystal Palace-Everton,Crystal Palace,Vicente Guaita,True,Goalkeeper,1,start,end,1.0,0.0,0.0,0.0,0.0,0.0,0.0,0.0,2.0,0.0,0.0,0.0,0.0,0.0,
ENG-Premier League,1920,2019-08-10 Crystal Palace-Everton,Everton,Jordan Pickford,False,Goalkeeper,1,start,end,1.0,0.0,0.0,0.0,0.0,0.0,0.0,0.0,2.0,0.0,0.0,0.0,0.0,0.0,
ENG-Premier League,1920,2019-08-10 Tottenham Hotspur-Aston Villa,Aston Villa,Tom Heaton,False,Goalkeeper,1,start,end,1.0,0.0,0.0,0.0,0.0,0.0,0.0,3.0,3.0,0.0,0.0,0.0,0.0,0.0,
ENG-Premier League,1920,2019-08-10 Tottenham Hotspur-Aston Villa,Tottenham Hotspur,Hugo Lloris,True,Goalkeeper,1,start,end,1.0,0.0,0.0,0.0,0.0,0.0,0.0,1.0,3.0,0.0,0.0,0.0,0.0,0.0,
ENG-Premier League,1920,2019-08-10 Watford-Brighton & Hove Albion,Brighton & Hove Albion,Mathew Ryan,False,Goalkeeper,1,start,end,1.0,0.0,0.0,0.0,0.0,0.0,0.0,0.0,3.0,0.0,0.0,0.0,0.0,0.0,
ENG-Premier League,1920,2019-08-10 Watford-Brighton & Hove Albion,Watford,Ben Foster,True,Goalkeeper,1,start,end,1.0,0.0,0.0,0.0,0.0,0.0,0.0,3.0,1.0,0.0,0.0,0.0,0.0,0.0,
ENG-Premier League,1920,2019-08-10 West Ham United-Manchester City,Manchester City,Ederson,False,Goalkeeper,1,start,end,1.0,0.0,0.0,0.0,0.0,0.0,0.0,0.0,3.0,0.0,0.0,0.0,0.0,0.0,
ENG-Premier League,1920,2019-08-10 West Ham United-Manchester City,West Ham United,Lukasz Fabianski,True,Goalkeeper,1,start,end,1.0,0.0,0.0,0.0,0.0,0.0,0.0,5.0,4.0,0.0,0.0,0.0,0.0,0.0,
ENG-Premier League,1920,2019-08-11 Leicester City-Wolverhampton Wanderers,Leicester City,Kasper Schmeichel,True,Goalkeeper,1,start,end,1.0,0.0,0.0,0.0,0.0,0.0,0.0,0.0,2.0,0.0,0.0,0.0,0.0,0.0,
ENG-Premier League,1920,2019-08-11 Leicester City-Wolverhampton Wanderers,Wolverhampton Wanderers,Rui Patrício,False,Goalkeeper,1,start,end,1.0,0.0,0.0,0.0,0.0,0.0,0.0,0.0,1.0,0.0,0.0,0.0,0.0,0.0,
ENG-Premier League,1920,2019-08-11 Manchester United-Chelsea,Chelsea,Kepa Arrizabalaga,False,Goalkeeper,1,start,end,1.0,0.0,0.0,0.0,0.0,0.0,0.0,4.0,1.0,0.0,0.0,0.0,0.0,0.0,
ENG-Premier League,1920,2019-08-11 Manchester United-Chelsea,Manchester United,David de Gea,True,Goalkeeper,1,start,end,1.0,0.0,0.0,0.0,0.0,0.0,0.0,0.0,7.0,0.0,0.0,0.0,0.0,0.0,
ENG-Premier League,1920,2019-08-11 Newcastle United-Arsenal,Arsenal,Bernd Leno,False,Goalkeeper,1,start,end,1.0,0.0,0.0,0.0,0.0,0.0,0.0,0.0,2.0,0.0,0.0,0.0,0.0,0.0,
ENG-Premier League,1920,2019-08-11 Newcastle United-Arsenal,Newcastle United,Martin Dúbravka,True,Goalkeeper,1,start,end,1.0,0.0,0.0,0.0,0.0,0.0,0.0,1.0,1.0,0.0,0.0,0.0,0.0,0.0,
ENG-Premier League,1920,2019-08-17 Arsenal-Burnley,Arsenal,Bernd Leno,True,Goalkeeper,1,start,end,1.0,0.0,0.0,0.0,0.0,0.0,0.0,1.0,3.0,0.0,0.0,0.0,0.0,0.0,
ENG-Premier League,1920,2019-08-17 Arsenal-Burnley,Burnley,Nick Pope,False,Goalkeeper,1,start,end,1.0,0.0,0.0,0.0,0.0,0.0,0.0,2.0,7.0,0.0,0.0,0.0,0.0,0.0,
ENG-Premier League,1920,2019-08-17 Aston Villa-AFC Bournemouth,AFC Bournemouth,Aaron Ramsdale,False,Goalkeeper,1,start,end,1.0,0.0,0.0,0.0,0.0,0.0,0.0,1.0,6.0,0.0,0.0,0.0,0.0,0.0,
ENG-Premier League,1920,2019-08-17 Aston Villa-AFC Bournemouth,Aston Villa,Tom Heaton,True,Goalkeeper,1,start,end,1.0,1.0,0.0,0.0,0.0,0.0,0.0,2.0,2.0,0.0,0.0,0.0,0.0,0.0,
ENG-Premier League,1920,2019-08-17 Brighton & Hove Albion-West Ham United,Brighton & Hove Albion,Mathew Ryan,True,Goalkeeper,1,start,end,1.0,0.0,0.0,0.0,0.0,0.0,0.0,1.0,2.0,0.0,0.0,0.0,0.0,0.0,
ENG-Premier League,1920,2019-08-17 Brighton & Hove Albion-West Ham United,West Ham United,Lukasz Fabianski,False,Goalkeeper,1,start,end,1.0,0.0,0.0,0.0,0.0,0.0,0.0,1.0,3.0,0.0,0.0,0.0,0.0,0.0,
ENG-Premier League,1920,2019-08-17 Everton-Watford,Everton,Jordan Pickford,True,Goalkeeper,1,start,end,1.0,0.0,0.0,0.0,0.0,0.0,0.0,0.0,2.0,0.0,0.0,0.0,0.0,0.0,
ENG-Premier League,1920,2019-08-17 Everton-Watford,Watford,Ben Foster,False,Goalkeeper,1,start,end,1.0,0.0,1.0,0.0,0.0,0.0,0.0,1.0,1.0,0.0,0.0,0.0,0.0,0.0,
ENG-Premier League,1920,2019-08-17 Manchester City-Tottenham Hotspur,Manchester City,Ederson,True,Goalkeeper,1,start,end,1.0,0.0,0.0,0.0,0.0,0.0,0.0,2.0,0.0,0.0,0.0,0.0,0.0,0.0,
ENG-Premier League,1920,2019-08-17 Manchester City-Tottenham Hotspur,Tottenham Hotspur,Hugo Lloris,False,Goalkeeper,1,start,end,1.0,0.0,1.0,0.0,0.0,0.0,0.0,2.0,8.0,0.0,0.0,0.0,0.0,0.0,
ENG-Premier League,1920,2019-08-17 Norwich City-Newcastle United,Newcastle United,Martin Dúbravka,False,Goalkeeper,1,start,end,1.0,0.0,0.0,0.0,0.0,0.0,0.0,3.0,5.0,0.0,0.0,0.0,0.0,0.0,
ENG-Premier League,1920,2019-08-17 Norwich City-Newcastle United,Norwich City,Tim Krul,True,Goalkeeper,1,start,end,1.0,0.0,0.0,0.0,0.0,0.0,0.0,1.0,3.0,0.0,0.0,0.0,0.0,0.0,
ENG-Premier League,1920,2019-08-17 Southampton-Liverpool,Liverpool,Adrián,False,Goalkeeper,1,start,end,1.0,0.0,0.0,0.0,0.0,0.0,0.0,1.0,3.0,0.0,0.0,0.0,0.0,0.0,
ENG-Premier League,1920,2019-08-17 Southampton-Liverpool,Southampton,Angus Gunn,True,Goalkeeper,1,start,end,1.0,0.0,0.0,0.0,0.0,0.0,0.0,2.0,4.0,0.0,0.0,0.0,0.0,0.0,
ENG-Premier League,1920,2019-08-18 Chelsea-Leicester City,Chelsea,Kepa Arrizabalaga,True,Goalkeeper,1,start,end,1.0,0.0,0.0,0.0,0.0,0.0,0.0,1.0,2.0,0.0,0.0,0.0,0.0,0.0,
ENG-Premier League,1920,2019-08-18 Chelsea-Leicester City,Leicester City,Kasper Schmeichel,False,Goalkeeper,1,start,end,1.0,0.0,0.0,0.0,0.0,0.0,0.0,1.0,4.0,0.0,0.0,0.0,0.0,0.0,
ENG-Premier League,1920,2019-08-18 Sheffield United-Crystal Palace,Crystal Palace,Vicente Guaita,False,Goalkeeper,1,start,end,1.0,0.0,0.0,0.0,0.0,0.0,0.0,1.0,2.0,0.0,0.0,0.0,0.0,0.0,
ENG-Premier League,1920,2019-08-18 Sheffield United-Crystal Palace,Sheffield United,Dean Henderson,True,Goalkeeper,1,start,end,1.0,0.0,0.0,0.0,0.0,0.0,0.0,0.0,4.0,0.0,0.0,0.0,0.0,0.0,
ENG-Premier League,1920,2019-08-19 Wolverhampton Wanderers-Manchester United,Manchester United,David de Gea,False,Goalkeeper,1,start,end,1.0,0.0,0.0,0.0,0.0,0.0,0.0,1.0,1.0,0.0,0.0,0.0,0.0,0.0,
ENG-Premier League,1920,2019-08-19 Wolverhampton Wanderers-Manchester United,Wolverhampton Wanderers,Rui Patrício,True,Goalkeeper,1,start,end,1.0,0.0,0.0,0.0,0.0,0.0,0.0,1.0,1.0,0.0,0.0,0.0,0.0,0.0,
ENG-Premier League,1920,2019-08-23 Aston Villa-Everton,Aston Villa,Tom Heaton,True,Goalkeeper,1,start,end,1.0,0.0,0.0,0.0,0.0,0.0,0.0,0.0,1.0,0.0,0.0,0.0,0.0,0.0,
ENG-Premier League,1920,2019-08-23 Aston Villa-Everton,Everton,Jordan Pickford,False,Goalkeeper,1,start,end,1.0,0.0,0.0,0.0,0.0,0.0,0.0,2.0,1.0,0.0,0.0,0.0,0.0,0.0,
ENG-Premier League,1920,2019-08-24 Brighton & Hove Albion-Southampton,Brighton & Hove Albion,Mathew Ryan,True,Goalkeeper,1,start,end,1.0,0.0,0.0,0.0,0.0,0.0,0.0,2.0,2.0,0.0,0.0,0.0,0.0,0.0,
ENG-Premier League,1920,2019-08-24 Brighton & Hove Albion-Southampton,Southampton,Angus Gunn,False,Goalkeeper,1,start,end,1.0,0.0,2.0,0.0,0.0,0.0,0.0,0.0,3.0,0.0,0.0,0.0,0.0,0.0,
ENG-Premier League,1920,2019-08-24 Liverpool-Arsenal,Arsenal,Bernd Leno,False,Goalkeeper,1,start,end,1.0,0.0,0.0,0.0,0.0,0.0,0.0,3.0,2.0,0.0,0.0,0.0,0.0,0.0,
ENG-Premier League,1920,2019-08-24 Liverpool-Arsenal,Liverpool,Adrián,True,Goalkeeper,1,start,end,1.0,0.0,0.0,0.0,0.0,0.0,0.0,1.0,2.0,0.0,0.0,0.0,0.0,0.0,
ENG-Premier League,1920,2019-08-24 Manchester United-Crystal Palace,Crystal Palace,Vicente Guaita,False,Goalkeeper,1,start,end,1.0,0.0,0.0,0.0,0.0,0.0,1.0,1.0,2.0,0.0,0.0,0.0,0.0,0.0,
ENG-Premier League,1920,2019-08-24 Manchester United-Crystal Palace,Manchester United,David de Gea,True,Goalkeeper,1,start,end,1.0,0.0,0.0,0.0,0.0,0.0,0.0,2.0,1.0,0.0,0.0,0.0,0.0,0.0,
ENG-Premier League,1920,2019-08-24 Norwich City-Chelsea,Chelsea,Kepa Arrizabalaga,False,Goalkeeper,1,start,end,1.0,0.0,0.0,0.0,0.0,0.0,0.0,2.0,3.0,0.0,0.0,0.0,0.0,0.0,
ENG-Premier League,1920,2019-08-24 Norwich City-Chelsea,Norwich City,Tim Krul,True,Goalkeeper,1,start,end,1.0,0.0,1.0,0.0,0.0,0.0,0.0,3.0,5.0,0.0,0.0,0.0,0.0,0.0,
ENG-Premier League,1920,2019-08-24 Sheffield United-Leicester City,Leicester City,Kasper Schmeichel,False,Goalkeeper,1,start,end,1.0,0.0,0.0,0.0,0.0,0.0,0.0,1.0,1.0,0.0,0.0,0.0,0.0,0.0,
ENG-Premier League,1920,2019-08-24 Sheffield United-Leicester City,Sheffield United,Dean Henderson,True,Goalkeeper,1,start,end,1.0,0.0,0.0,0.0,0.0,0.0,0.0,2.0,0.0,0.0,0.0,0.0,0.0,0.0,
ENG-Premier League,1920,2019-08-24 Watford-West Ham United,Watford,Ben Foster,True,Goalkeeper,1,start,end,1.0,0.0,0.0,0.0,0.0,0.0,0.0,3.0,7.0,0.0,0.0,0.0,0.0,0.0,
ENG-Premier League,1920,2019-08-24 Watford-West Ham United,West Ham United,Lukasz Fabianski,False,Goalkeeper,1,start,end,1.0,0.0,0.0,0.0,0.0,0.0,0.0,1.0,2.0,0.0,0.0,0.0,0.0,0.0,
ENG-Premier League,1920,2019-08-25 AFC Bournemouth-Manchester City,AFC Bournemouth,Aaron Ramsdale,True,Goalkeeper,1,start,end,1.0,0.0,0.0,0.0,0.0,0.0,0.0,3.0,2.0,0.0,0.0,0.0,0.0,0.0,
ENG-Premier League,1920,2019-08-25 AFC Bournemouth-Manchester City,Manchester City,Ederson,False,Goalkeeper,1,start,end,1.0,1.0,0.0,0.0,0.0,0.0,1.0,1.0,6.0,0.0,0.0,0.0,0.0,0.0,
ENG-Premier League,1920,2019-08-25 Tottenham Hotspur-Newcastle United,Newcastle United,Martin Dúbravka,False,Goalkeeper,1,start,end,1.0,0.0,0.0,0.0,0.0,0.0,0.0,0.0,2.0,0.0,0.0,0.0,0.0,0.0,
ENG-Premier League,1920,2019-08-25 Tottenham Hotspur-Newcastle United,Tottenham Hotspur,Hugo Lloris,True,Goalkeeper,1,start,end,1.0,0.0,0.0,0.0,0.0,0.0,0.0,1.0,2.0,0.0,0.0,0.0,0.0,0.0,
ENG-Premier League,1920,2019-08-25 Wolverhampton Wanderers-Burnley,Burnley,Nick Pope,False,Goalkeeper,1,start,end,1.0,0.0,0.0,0.0,0.0,0.0,0.0,1.0,2.0,0.0,0.0,0.0,0.0,0.0,
ENG-Premier League,1920,2019-08-25 Wolverhampton Wanderers-Burnley,Wolverhampton Wanderers,Rui Patrício,True,Goalkeeper,1,start,end,1.0,0.0,0.0,0.0,0.0,0.0,0.0,1.0,3.0,0.0,0.0,0.0,0.0,0.0,
ENG-Premier League,1920,2019-08-31 Burnley-Liverpool,Burnley,Nick Pope,True,Goalkeeper,1,start,end,1.0,0.0,0.0,0.0,0.0,0.0,0.0,3.0,5.0,0.0,0.0,0.0,0.0,0.0,
ENG-Premier League,1920,2019-08-31 Burnley-Liverpool,Liverpool,Adrián,False,Goalkeeper,1,start,end,1.0,0.0,0.0,0.0,0.0,0.0,0.0,0.0,2.0,0.0,0.0,0.0,0.0,0.0,
ENG-Premier League,1920,2019-08-31 Chelsea-Sheffield United,Chelsea,Kepa Arrizabalaga,True,Goalkeeper,1,start,end,1.0,0.0,0.0,0.0,0.0,0.0,0.0,2.0,2.0,0.0,0.0,0.0,0.0,0.0,
ENG-Premier League,1920,2019-08-31 Chelsea-Sheffield United,Sheffield United,Dean Henderson,False,Goalkeeper,1,start,end,1.0,0.0,0.0,0.0,0.0,0.0,0.0,2.0,3.0,0.0,0.0,0.0,0.0,0.0,
ENG-Premier League,1920,2019-08-31 Crystal Palace-Aston Villa,Aston Villa,Tom Heaton,False,Goalkeeper,1,start,end,1.0,0.0,0.0,0.0,0.0,0.0,0.0,1.0,4.0,0.0,0.0,0.0,0.0,0.0,
ENG-Premier League,1920,2019-08-31 Crystal Palace-Aston Villa,Crystal Palace,Vicente Guaita,True,Goalkeeper,1,start,end,1.0,0.0,1.0,0.0,0.0,0.0,0.0,0.0,2.0,0.0,0.0,0.0,0.0,0.0,
ENG-Premier League,1920,2019-08-31 Leicester City-AFC Bournemouth,AFC Bournemouth,Aaron Ramsdale,False,Goalkeeper,1,start,end,1.0,0.0,0.0,0.0,0.0,0.0,0.0,3.0,3.0,0.0,0.0,0.0,0.0,0.0,
ENG-Premier League,1920,2019-08-31 Leicester City-AFC Bournemouth,Leicester City,Kasper Schmeichel,True,Goalkeeper,1,start,end,1.0,0.0,1.0,0.0,0.0,0.0,0.0,1.0,1.0,0.0,0.0,0.0,0.0,0.0,
ENG-Premier League,1920,2019-08-31 Manchester City-Brighton & Hove Albion,Brighton & Hove Albion,Mathew Ryan,False,Goalkeeper,1,start,end,1.0,0.0,0.0,0.0,0.0,0.0,0.0,4.0,2.0,0.0,0.0,0.0,0.0,0.0,
ENG-Premier League,1920,2019-08-31 Manchester City-Brighton & Hove Albion,Manchester City,Ederson,True,Goalkeeper,1,start,end,1.0,0.0,0.0,0.0,0.0,0.0,0.0,0.0,1.0,0.0,0.0,0.0,0.0,0.0,
ENG-Premier League,1920,2019-08-31 Newcastle United-Watford,Newcastle United,Martin Dúbravka,True,Goalkeeper,1,start,end,1.0,0.0,0.0,0.0,0.0,0.0,0.0,1.0,3.0,0.0,0.0,0.0,0.0,0.0,
ENG-Premier League,1920,2019-08-31 Newcastle United-Watford,Watford,Ben Foster,False,Goalkeeper,1,start,end,1.0,0.0,0.0,0.0,0.0,0.0,0.0,1.0,4.0,0.0,0.0,0.0,0.0,0.0,
ENG-Premier League,1920,2019-08-31 Southampton-Manchester United,Manchester United,David de Gea,False,Goalkeeper,1,start,end,1.0,0.0,0.0,0.0,0.0,0.0,0.0,1.0,1.0,0.0,0.0,0.0,0.0,0.0,
ENG-Premier League,1920,2019-08-31 Southampton-Manchester United,Southampton,Angus Gunn,True,Goalkeeper,1,start,end,1.0,0.0,0.0,0.0,0.0,0.0,0.0,1.0,7.0,0.0,0.0,0.0,0.0,0.0,
ENG-Premier League,1920,2019-08-31 West Ham United-Norwich City,Norwich City,Tim Krul,False,Goalkeeper,1,start,end,1.0,0.0,0.0,0.0,0.0,0.0,0.0,2.0,5.0,0.0,0.0,0.0,0.0,0.0,
ENG-Premier League,1920,2019-08-31 West Ham United-Norwich City,West Ham United,Lukasz Fabianski,True,Goalkeeper,1,start,end,1.0,0.0,0.0,0.0,0.0,0.0,0.0,0.0,3.0,0.0,0.0,0.0,0.0,0.0,
ENG-Premier League,1920,2019-09-01 Arsenal-Tottenham Hotspur,Arsenal,Bernd Leno,True,Goalkeeper,1,start,end,1.0,0.0,0.0,0.0,0.0,0.0,0.0,2.0,7.0,0.0,0.0,0.0,0.0,0.0,
ENG-Premier League,1920,2019-09-01 Arsenal-Tottenham Hotspur,Tottenham Hotspur,Hugo Lloris,False,Goalkeeper,1,start,end,1.0,0.0,0.0,0.0,0.0,0.0,0.0,2.0,6.0,0.0,0.0,0.0,0.0,0.0,
ENG-Premier League,1920,2019-09-01 Everton-Wolverhampton Wanderers,Everton,Jordan Pickford,True,Goalkeeper,1,start,end,1.0,0.0,0.0,0.0,0.0,0.0,0.0,2.0,3.0,0.0,0.0,0.0,0.0,0.0,
ENG-Premier League,1920,2019-09-01 Everton-Wolverhampton Wanderers,Wolverhampton Wanderers,Rui Patrício,False,Goalkeeper,1,start,end,1.0,0.0,0.0,0.0,0.0,0.0,0.0,3.0,3.0,0.0,0.0,0.0,0.0,0.0,
ENG-Premier League,1920,2019-09-14 Brighton & Hove Albion-Burnley,Brighton & Hove Albion,Mathew Ryan,True,Goalkeeper,1,start,end,1.0,0.0,0.0,0.0,0.0,0.0,0.0,1.0,0.0,0.0,0.0,0.0,0.0,0.0,
ENG-Premier League,1920,2019-09-14 Brighton & Hove Albion-Burnley,Burnley,Nick Pope,False,Goalkeeper,1,start,end,1.0,0.0,1.0,0.0,0.0,0.0,0.0,1.0,4.0,0.0,0.0,0.0,0.0,0.0,
ENG-Premier League,1920,2019-09-14 Liverpool-Newcastle United,Liverpool,Adrián,True,Goalkeeper,1,start,end,1.0,0.0,0.0,0.0,0.0,0.0,0.0,1.0,0.0,0.0,0.0,0.0,0.0,0.0,
ENG-Premier League,1920,2019-09-14 Liverpool-Newcastle United,Newcastle United,Martin Dúbravka,False,Goalkeeper,1,start,end,1.0,0.0,0.0,0.0,0.0,0.0,0.0,3.0,5.0,0.0,0.0,0.0,0.0,0.0,
ENG-Premier League,1920,2019-09-14 Manchester United-Leicester City,Leicester City,Kasper Schmeichel,False,Goalkeeper,1,start,end,1.0,0.0,0.0,0.0,0.0,0.0,0.0,1.0,4.0,0.0,0.0,0.0,0.0,0.0,
ENG-Premier League,1920,2019-09-14 Manchester United-Leicester City,Manchester United,David de Gea,True,Goalkeeper,1,start,end,1.0,0.0,2.0,0.0,0.0,0.0,0.0,0.0,3.0,0.0,0.0,0.0,0.0,0.0,
ENG-Premier League,1920,2019-09-14 Norwich City-Manchester City,Manchester City,Ederson,False,Goalkeeper,1,start,end,1.0,0.0,0.0,0.0,0.0,0.0,0.0,3.0,0.0,0.0,0.0,0.0,0.0,0.0,
ENG-Premier League,1920,2019-09-14 Norwich City-Manchester City,Norwich City,Tim Krul,True,Goalkeeper,1,start,end,1.0,0.0,0.0,0.0,0.0,0.0,0.0,2.0,6.0,0.0,0.0,0.0,0.0,0.0,
ENG-Premier League,1920,2019-09-14 Sheffield United-Southampton,Sheffield United,Dean Henderson,True,Goalkeeper,1,start,end,1.0,0.0,0.0,0.0,0.0,0.0,0.0,1.0,6.0,0.0,0.0,0.0,0.0,1.0,
ENG-Premier League,1920,2019-09-14 Sheffield United-Southampton,Southampton,Angus Gunn,False,Goalkeeper,1,start,end,1.0,0.0,0.0,0.0,0.0,0.0,0.0,0.0,4.0,0.0,0.0,0.0,0.0,0.0,
ENG-Premier League,1920,2019-09-14 Tottenham Hotspur-Crystal Palace,Crystal Palace,Vicente Guaita,False,Goalkeeper,1,start,end,1.0,0.0,1.0,0.0,0.0,0.0,0.0,4.0,2.0,0.0,0.0,0.0,0.0,0.0,
ENG-Premier League,1920,2019-09-14 Tottenham Hotspur-Crystal Palace,Tottenham Hotspur,Hugo Lloris,True,Goalkeeper,1,start,end,1.0,0.0,0.0,0.0,0.0,0.0,0.0,0.0,6.0,0.0,0.0,0.0,0.0,0.0,
ENG-Premier League,1920,2019-09-14 Wolverhampton Wanderers-Chelsea,Chelsea,Kepa Arrizabalaga,False,Goalkeeper,1,start,end,1.0,0.0,0.0,0.0,0.0,0.0,0.0,2.0,3.0,0.0,0.0,0.0,0.0,0.0,
ENG-Premier League,1920,2019-09-14 Wolverhampton Wanderers-Chelsea,Wolverhampton Wanderers,Rui Patrício,True,Goalkeeper,1,start,end,1.0,0.0,0.0,0.0,0.0,0.0,0.0,5.0,1.0,0.0,0.0,0.0,0.0,0.0,
ENG-Premier League,1920,2019-09-15 AFC Bournemouth-Everton,AFC Bournemouth,Aaron Ramsdale,True,Goalkeeper,1,start,end,1.0,0.0,0.0,0.0,0.0,0.0,0.0,1.0,4.0,0.0,0.0,0.0,0.0,0.0,
ENG-Premier League,1920,2019-09-15 AFC Bournemouth-Everton,Everton,Jordan Pickford,False,Goalkeeper,1,start,end,1.0,0.0,0.0,0.0,0.0,0.0,0.0,3.0,3.0,0.0,0.0,0.0,0.0,0.0,
ENG-Premier League,1920,2019-09-15 Watford-Arsenal,Arsenal,Bernd Leno,False,Goalkeeper,1,start,end,1.0,0.0,0.0,0.0,0.0,0.0,1.0,2.0,8.0,0.0,0.0,0.0,0.0,0.0,
ENG-Premier League,1920,2019-09-15 Watford-Arsenal,Watford,Ben Foster,True,Goalkeeper,1,start,end,1.0,0.0,0.0,0.0,0.0,0.0,0.0,2.0,2.0,0.0,0.0,0.0,0.0,0.0,
ENG-Premier League,1920,2019-09-16 Aston Villa-West Ham United,Aston Villa,Tom Heaton,True,Goalkeeper,1,start,end,1.0,0.0,0.0,0.0,0.0,0.0,0.0,0.0,1.0,0.0,0.0,0.0,0.0,0.0,
ENG-Premier League,1920,2019-09-16 Aston Villa-West Ham United,West Ham United,Lukasz Fabianski,False,Goalkeeper,1,start,end,1.0,0.0,0.0,0.0,0.0,0.0,0.0,0.0,5.0,0.0,0.0,0.0,0.0,0.0,
ENG-Premier League,1920,2019-09-20 Southampton-AFC Bournemouth,AFC Bournemouth,Aaron Ramsdale,False,Goalkeeper,1,start,end,1.0,0.0,0.0,0.0,0.0,0.0,0.0,1.0,6.0,0.0,1.0,0.0,0.0,0.0,
ENG-Premier League,1920,2019-09-20 Southampton-AFC Bournemouth,Southampton,Angus Gunn,True,Goalkeeper,1,start,end,1.0,0.0,0.0,0.0,0.0,0.0,0.0,3.0,0.0,0.0,0.0,0.0,0.0,0.0,
ENG-Premier League,1920,2019-09-21 Burnley-Norwich City,Burnley,Nick Pope,True,Goalkeeper,1,start,end,1.0,0.0,0.0,0.0,0.0,0.0,0.0,0.0,2.0,0.0,0.0,0.0,0.0,0.0,
ENG-Premier League,1920,2019-09-21 Burnley-Norwich City,Norwich City,Tim Krul,False,Goalkeeper,1,start,end,1.0,0.0,2.0,0.0,0.0,0.0,0.0,2.0,4.0,0.0,0.0,0.0,0.0,0.0,
ENG-Premier League,1920,2019-09-21 Everton-Sheffield United,Everton,Jordan Pickford,True,Goalkeeper,1,start,end,1.0,0.0,0.0,0.0,0.0,0.0,0.0,2.0,0.0,0.0,0.0,0.0,0.0,0.0,
ENG-Premier League,1920,2019-09-21 Everton-Sheffield United,Sheffield United,Dean Henderson,False,Goalkeeper,1,start,end,1.0,0.0,0.0,0.0,0.0,0.0,1.0,0.0,3.0,0.0,0.0,0.0,0.0,0.0,
ENG-Premier League,1920,2019-09-21 Leicester City-Tottenham Hotspur,Leicester City,Kasper Schmeichel,True,Goalkeeper,1,start,end,1.0,0.0,0.0,0.0,0.0,0.0,0.0,1.0,3.0,0.0,0.0,0.0,0.0,0.0,
ENG-Premier League,1920,2019-09-21 Leicester City-Tottenham Hotspur,Tottenham Hotspur,Paulo Gazzaniga,False,Goalkeeper,1,start,end,1.0,0.0,0.0,0.0,0.0,0.0,0.0,2.0,5.0,0.0,0.0,0.0,0.0,0.0,
ENG-Premier League,1920,2019-09-21 Manchester City-Watford,Manchester City,Ederson,True,Goalkeeper,1,start,end,1.0,0.0,0.0,0.0,0.0,0.0,0.0,0.0,4.0,0.0,0.0,0.0,0.0,0.0,
ENG-Premier League,1920,2019-09-21 Manchester City-Watford,Watford,Ben Foster,False,Goalkeeper,1,start,end,1.0,1.0,0.0,0.0,0.0,0.0,0.0,8.0,3.0,0.0,0.0,0.0,0.0,0.0,
ENG-Premier League,1920,2019-09-21 Newcastle United-Brighton & Hove Albion,Brighton & Hove Albion,Mathew Ryan,False,Goalkeeper,1,start,end,1.0,0.0,0.0,0.0,0.0,0.0,0.0,0.0,4.0,0.0,0.0,0.0,0.0,0.0,
ENG-Premier League,1920,2019-09-21 Newcastle United-Brighton & Hove Albion,Newcastle United,Martin Dúbravka,True,Goalkeeper,1,start,end,1.0,0.0,0.0,0.0,0.0,0.0,0.0,0.0,2.0,0.0,0.0,0.0,0.0,0.0,
ENG-Premier League,1920,2019-09-22 Arsenal-Aston Villa,Arsenal,Bernd Leno,True,Goalkeeper,1,start,end,1.0,0.0,0.0,0.0,0.0,0.0,1.0,2.0,7.0,0.0,0.0,0.0,0.0,0.0,
ENG-Premier League,1920,2019-09-22 Arsenal-Aston Villa,Aston Villa,Tom Heaton,False,Goalkeeper,1,start,end,1.0,0.0,0.0,0.0,0.0,0.0,0.0,3.0,3.0,0.0,0.0,0.0,0.0,0.0,
ENG-Premier League,1920,2019-09-22 Chelsea-Liverpool,Chelsea,Kepa Arrizabalaga,True,Goalkeeper,1,start,end,1.0,0.0,0.0,0.0,0.0,0.0,0.0,2.0,1.0,0.0,0.0,0.0,0.0,0.0,
ENG-Premier League,1920,2019-09-22 Chelsea-Liverpool,Liverpool,Adrián,False,Goalkeeper,1,start,end,1.0,0.0,0.0,0.0,0.0,0.0,0.0,1.0,1.0,0.0,0.0,0.0,0.0,0.0,
ENG-Premier League,1920,2019-09-22 Crystal Palace-Wolverhampton Wanderers,Crystal Palace,Vicente Guaita,True,Goalkeeper,1,start,end,1.0,0.0,0.0,0.0,0.0,0.0,0.0,1.0,3.0,0.0,0.0,0.0,0.0,0.0,
ENG-Premier League,1920,2019-09-22 Crystal Palace-Wolverhampton Wanderers,Wolverhampton Wanderers,Rui Patrício,False,Goalkeeper,1,start,end,1.0,0.0,1.0,0.0,0.0,0.0,0.0,1.0,4.0,0.0,0.0,0.0,0.0,0.0,
ENG-Premier League,1920,2019-09-22 West Ham United-Manchester United,Manchester United,David de Gea,False,Goalkeeper,1,start,end,1.0,0.0,0.0,0.0,0.0,0.0,0.0,2.0,4.0,0.0,0.0,0.0,0.0,0.0,
ENG-Premier League,1920,2019-09-22 West Ham United-Manchester United,West Ham United,Lukasz Fabianski,True,Goalkeeper,1,start,end,1.0,0.0,0.0,0.0,0.0,0.0,0.0,0.0,3.0,0.0,0.0,0.0,0.0,0.0,
ENG-Premier League,1920,2019-09-28 AFC Bournemouth-West Ham United,AFC Bournemouth,Aaron Ramsdale,True,Goalkeeper,1,start,end,1.0,0.0,0.0,0.0,0.0,0.0,0.0,2.0,4.0,0.0,0.0,0.0,0.0,0.0,
ENG-Premier League,1920,2019-09-28 AFC Bournemouth-West Ham United,West Ham United,Lukasz Fabianski,False,Goalkeeper,1,start,34,1.0,0.0,0.0,0.0,0.0,0.0,0.0,1.0,0.0,0.0,0.0,0.0,0.0,0.0,
ENG-Premier League,1920,2019-09-28 Aston Villa-Burnley,Aston Villa,Tom Heaton,True,Goalkeeper,1,start,end,1.0,0.0,0.0,0.0,0.0,0.0,0.0,2.0,1.0,0.0,0.0,0.0,0.0,0.0,
ENG-Premier League,1920,2019-09-28 Aston Villa-Burnley,Burnley,Nick Pope,False,Goalkeeper,1,start,end,1.0,0.0,0.0,0.0,0.0,0.0,0.0,2.0,1.0,0.0,0.0,0.0,0.0,0.0,
ENG-Premier League,1920,2019-09-28 Chelsea-Brighton & Hove Albion,Brighton & Hove Albion,Mathew Ryan,False,Goalkeeper,1,start,end,1.0,0.0,0.0,0.0,0.0,0.0,0.0,2.0,8.0,0.0,0.0,0.0,0.0,0.0,
ENG-Premier League,1920,2019-09-28 Chelsea-Brighton & Hove Albion,Chelsea,Kepa Arrizabalaga,True,Goalkeeper,1,start,end,1.0,0.0,1.0,0.0,0.0,0.0,0.0,0.0,1.0,0.0,0.0,0.0,0.0,0.0,
ENG-Premier League,1920,2019-09-28 Crystal Palace-Norwich City,Crystal Palace,Vicente Guaita,True,Goalkeeper,1,start,end,1.0,0.0,0.0,0.0,0.0,0.0,0.0,0.0,3.0,0.0,0.0,0.0,0.0,0.0,
ENG-Premier League,1920,2019-09-28 Crystal Palace-Norwich City,Norwich City,Ralf Fährmann,False,Goalkeeper,1,start,22,1.0,0.0,0.0,0.0,0.0,0.0,0.0,1.0,1.0,0.0,0.0,0.0,0.0,0.0,
ENG-Premier League,1920,2019-09-28 Everton-Manchester City,Everton,Jordan Pickford,True,Goalkeeper,1,start,end,1.0,0.0,0.0,0.0,0.0,0.0,0.0,3.0,5.0,0.0,0.0,0.0,0.0,0.0,
ENG-Premier League,1920,2019-09-28 Everton-Manchester City,Manchester City,Ederson,False,Goalkeeper,1,start,end,1.0,0.0,0.0,0.0,0.0,0.0,0.0,1.0,6.0,0.0,0.0,0.0,0.0,0.0,
ENG-Premier League,1920,2019-09-28 Sheffield United-Liverpool,Liverpool,Adrián,False,Goalkeeper,1,start,end,1.0,0.0,0.0,0.0,0.0,0.0,1.0,0.0,2.0,0.0,0.0,0.0,0.0,0.0,
ENG-Premier League,1920,2019-09-28 Sheffield United-Liverpool,Sheffield United,Dean Henderson,True,Goalkeeper,1,start,end,1.0,0.0,0.0,0.0,0.0,0.0,0.0,1.0,3.0,0.0,0.0,0.0,0.0,0.0,
ENG-Premier League,1920,2019-09-28 Tottenham Hotspur-Southampton,Southampton,Angus Gunn,False,Goalkeeper,1,start,end,1.0,0.0,0.0,0.0,0.0,0.0,0.0,2.0,2.0,0.0,0.0,0.0,0.0,0.0,
ENG-Premier League,1920,2019-09-28 Tottenham Hotspur-Southampton,Tottenham Hotspur,Hugo Lloris,True,Goalkeeper,1,start,end,1.0,0.0,0.0,0.0,0.0,0.0,0.0,1.0,5.0,0.0,0.0,0.0,0.0,0.0,
ENG-Premier League,1920,2019-09-28 Wolverhampton Wanderers-Watford,Watford,Ben Foster,False,Goalkeeper,1,start,end,1.0,0.0,0.0,0.0,0.0,0.0,0.0,2.0,1.0,0.0,0.0,0.0,0.0,0.0,
ENG-Premier League,1920,2019-09-28 Wolverhampton Wanderers-Watford,Wolverhampton Wanderers,Rui Patrício,True,Goalkeeper,1,start,end,1.0,0.0,0.0,0.0,0.0,0.0,0.0,0.0,5.0,0.0,0.0,0.0,0.0,0.0,
ENG-Premier League,1920,2019-09-29 Leicester City-Newcastle United,Leicester City,Kasper Schmeichel,True,Goalkeeper,1,start,end,1.0,0.0,0.0,0.0,0.0,0.0,0.0,0.0,0.0,0.0,0.0,0.0,0.0,0.0,
ENG-Premier League,1920,2019-09-29 Leicester City-Newcastle United,Newcastle United,Martin Dúbravka,False,Goalkeeper,1,start,end,1.0,0.0,0.0,0.0,0.0,0.0,0.0,5.0,1.0,0.0,0.0,0.0,0.0,0.0,
ENG-Premier League,1920,2019-09-30 Manchester United-Arsenal,Arsenal,Bernd Leno,False,Goalkeeper,1,start,end,1.0,0.0,2.0,0.0,0.0,0.0,0.0,1.0,3.0,0.0,0.0,0.0,0.0,0.0,
ENG-Premier League,1920,2019-09-30 Manchester United-Arsenal,Manchester United,David de Gea,True,Goalkeeper,1,start,end,1.0,0.0,0.0,0.0,0.0,0.0,0.0,1.0,4.0,0.0,0.0,0.0,0.0,0.0,
ENG-Premier League,1920,2019-10-05 Brighton & Hove Albion-Tottenham Hotspur,Brighton & Hove Albion,Mathew Ryan,True,Goalkeeper,1,start,end,1.0,0.0,0.0,0.0,0.0,0.0,0.0,0.0,3.0,0.0,0.0,0.0,0.0,0.0,
ENG-Premier League,1920,2019-10-05 Brighton & Hove Albion-Tottenham Hotspur,Tottenham Hotspur,Hugo Lloris,False,Goalkeeper,1,start,8,1.0,0.0,0.0,0.0,0.0,0.0,0.0,1.0,0.0,0.0,0.0,0.0,0.0,0.0,
ENG-Premier League,1920,2019-10-05 Burnley-Everton,Burnley,Nick Pope,True,Goalkeeper,1,start,end,1.0,0.0,0.0,0.0,0.0,0.0,0.0,0.0,2.0,0.0,0.0,0.0,0.0,0.0,
ENG-Premier League,1920,2019-10-05 Burnley-Everton,Everton,Jordan Pickford,False,Goalkeeper,1,start,end,1.0,0.0,1.0,0.0,0.0,0.0,0.0,1.0,2.0,0.0,0.0,0.0,0.0,0.0,
ENG-Premier League,1920,2019-10-05 Liverpool-Leicester City,Leicester City,Kasper Schmeichel,False,Goalkeeper,1,start,end,1.0,0.0,0.0,0.0,0.0,0.0,0.0,2.0,6.0,0.0,0.0,0.0,0.0,0.0,
ENG-Premier League,1920,2019-10-05 Liverpool-Leicester City,Liverpool,Adrián,True,Goalkeeper,1,start,end,1.0,0.0,1.0,0.0,0.0,0.0,0.0,1.0,0.0,0.0,0.0,0.0,0.0,0.0,
ENG-Premier League,1920,2019-10-05 Norwich City-Aston Villa,Aston Villa,Tom Heaton,False,Goalkeeper,1,start,end,1.0,0.0,0.0,0.0,0.0,0.0,0.0,1.0,4.0,0.0,0.0,0.0,0.0,0.0,
ENG-Premier League,1920,2019-10-05 Norwich City-Aston Villa,Norwich City,Michael McGovern,True,Goalkeeper,1,start,end,1.0,0.0,0.0,0.0,0.0,0.0,0.0,5.0,7.0,0.0,0.0,0.0,0.0,0.0,
ENG-Premier League,1920,2019-10-05 Watford-Sheffield United,Sheffield United,Dean Henderson,False,Goalkeeper,1,start,end,1.0,0.0,0.0,0.0,0.0,0.0,0.0,0.0,2.0,0.0,0.0,0.0,0.0,0.0,
ENG-Premier League,1920,2019-10-05 Watford-Sheffield United,Watford,Ben Foster,True,Goalkeeper,1,start,end,1.0,0.0,0.0,0.0,0.0,0.0,0.0,0.0,3.0,0.0,0.0,0.0,0.0,0.0,
ENG-Premier League,1920,2019-10-05 West Ham United-Crystal Palace,Crystal Palace,Vicente Guaita,False,Goalkeeper,1,start,end,1.0,0.0,0.0,0.0,0.0,0.0,0.0,1.0,4.0,0.0,0.0,0.0,0.0,0.0,
ENG-Premier League,1920,2019-10-05 West Ham United-Crystal Palace,West Ham United,Roberto,True,Goalkeeper,1,start,end,1.0,0.0,0.0,0.0,0.0,0.0,0.0,2.0,1.0,0.0,0.0,0.0,0.0,0.0,
ENG-Premier League,1920,2019-10-06 Arsenal-AFC Bournemouth,AFC Bournemouth,Aaron Ramsdale,False,Goalkeeper,1,start,end,1.0,0.0,0.0,0.0,0.0,0.0,0.0,1.0,1.0,0.0,0.0,0.0,0.0,0.0,
ENG-Premier League,1920,2019-10-06 Arsenal-AFC Bournemouth,Arsenal,Bernd Leno,True,Goalkeeper,1,start,end,1.0,0.0,0.0,0.0,0.0,0.0,0.0,0.0,2.0,0.0,0.0,0.0,0.0,0.0,
ENG-Premier League,1920,2019-10-06 Manchester City-Wolverhampton Wanderers,Manchester City,Ederson,True,Goalkeeper,1,start,end,1.0,0.0,0.0,0.0,0.0,0.0,1.0,2.0,0.0,0.0,0.0,0.0,0.0,0.0,
ENG-Premier League,1920,2019-10-06 Manchester City-Wolverhampton Wanderers,Wolverhampton Wanderers,Rui Patrício,False,Goalkeeper,1,start,end,1.0,0.0,0.0,0.0,0.0,0.0,0.0,0.0,2.0,0.0,0.0,0.0,0.0,0.0,
ENG-Premier League,1920,2019-10-06 Newcastle United-Manchester United,Manchester United,David de Gea,False,Goalkeeper,1,start,end,1.0,0.0,0.0,0.0,0.0,0.0,0.0,1.0,1.0,0.0,0.0,0.0,0.0,0.0,
ENG-Premier League,1920,2019-10-06 Newcastle United-Manchester United,Newcastle United,Martin Dúbravka,True,Goalkeeper,1,start,end,1.0,0.0,0.0,0.0,0.0,0.0,0.0,0.0,3.0,0.0,0.0,0.0,0.0,0.0,
ENG-Premier League,1920,2019-10-06 Southampton-Chelsea,Chelsea,Kepa Arrizabalaga,False,Goalkeeper,1,start,end,1.0,0.0,0.0,0.0,0.0,0.0,0.0,1.0,1.0,0.0,0.0,0.0,0.0,0.0,
ENG-Premier League,1920,2019-10-06 Southampton-Chelsea,Southampton,Angus Gunn,True,Goalkeeper,1,start,end,1.0,0.0,0.0,0.0,0.0,0.0,0.0,4.0,3.0,0.0,0.0,0.0,0.0,0.0,
ENG-Premier League,1920,2019-10-19 AFC Bournemouth-Norwich City,AFC Bournemouth,Aaron Ramsdale,True,Goalkeeper,1,start,end,1.0,0.0,0.0,0.0,0.0,0.0,0.0,0.0,1.0,0.0,0.0,0.0,0.0,0.0,
ENG-Premier League,1920,2019-10-19 AFC Bournemouth-Norwich City,Norwich City,Tim Krul,False,Goalkeeper,1,start,end,1.0,0.0,1.0,0.0,0.0,0.0,0.0,0.0,2.0,0.0,0.0,0.0,0.0,0.0,
ENG-Premier League,1920,2019-10-19 Aston Villa-Brighton & Hove Albion,Aston Villa,Tom Heaton,True,Goalkeeper,1,start,end,1.0,0.0,1.0,0.0,0.0,0.0,0.0,1.0,4.0,0.0,0.0,0.0,0.0,0.0,
ENG-Premier League,1920,2019-10-19 Aston Villa-Brighton & Hove Albion,Brighton & Hove Albion,Mathew Ryan,False,Goalkeeper,1,start,end,1.0,0.0,1.0,0.0,0.0,0.0,0.0,2.0,6.0,0.0,0.0,0.0,0.0,0.0,
ENG-Premier League,1920,2019-10-19 Chelsea-Newcastle United,Chelsea,Kepa Arrizabalaga,True,Goalkeeper,1,start,end,1.0,0.0,0.0,0.0,0.0,0.0,0.0,0.0,0.0,0.0,0.0,0.0,0.0,0.0,
ENG-Premier League,1920,2019-10-19 Chelsea-Newcastle United,Newcastle United,Martin Dúbravka,False,Goalkeeper,1,start,end,1.0,0.0,0.0,0.0,0.0,0.0,0.0,1.0,6.0,0.0,0.0,0.0,0.0,0.0,
ENG-Premier League,1920,2019-10-19 Crystal Palace-Manchester City,Crystal Palace,Wayne Hennessey,True,Goalkeeper,1,start,end,1.0,0.0,0.0,0.0,0.0,0.0,0.0,2.0,9.0,0.0,0.0,0.0,0.0,0.0,
ENG-Premier League,1920,2019-10-19 Crystal Palace-Manchester City,Manchester City,Ederson,False,Goalkeeper,1,start,end,1.0,0.0,0.0,0.0,0.0,0.0,0.0,0.0,2.0,0.0,0.0,0.0,0.0,0.0,
ENG-Premier League,1920,2019-10-19 Everton-West Ham United,Everton,Jordan Pickford,True,Goalkeeper,1,start,end,1.0,0.0,0.0,0.0,0.0,0.0,0.0,0.0,4.0,0.0,0.0,0.0,0.0,0.0,
ENG-Premier League,1920,2019-10-19 Everton-West Ham United,West Ham United,Roberto,False,Goalkeeper,1,start,end,1.0,0.0,0.0,0.0,0.0,0.0,0.0,2.0,9.0,0.0,0.0,0.0,0.0,0.0,
ENG-Premier League,1920,2019-10-19 Leicester City-Burnley,Burnley,Nick Pope,False,Goalkeeper,1,start,end,1.0,0.0,0.0,0.0,0.0,0.0,0.0,2.0,1.0,0.0,0.0,0.0,0.0,0.0,
ENG-Premier League,1920,2019-10-19 Leicester City-Burnley,Leicester City,Kasper Schmeichel,True,Goalkeeper,1,start,end,1.0,0.0,1.0,0.0,0.0,0.0,0.0,1.0,3.0,0.0,0.0,0.0,0.0,0.0,
ENG-Premier League,1920,2019-10-19 Tottenham Hotspur-Watford,Tottenham Hotspur,Paulo Gazzaniga,True,Goalkeeper,1,start,end,1.0,0.0,0.0,0.0,0.0,0.0,0.0,1.0,1.0,0.0,0.0,0.0,0.0,0.0,
ENG-Premier League,1920,2019-10-19 Tottenham Hotspur-Watford,Watford,Ben Foster,False,Goalkeeper,1,start,end,1.0,0.0,0.0,0.0,0.0,0.0,0.0,1.0,1.0,0.0,0.0,0.0,0.0,0.0,
ENG-Premier League,1920,2019-10-19 Wolverhampton Wanderers-Southampton,Southampton,Angus Gunn,False,Goalkeeper,1,start,end,1.0,0.0,0.0,0.0,0.0,0.0,0.0,1.0,0.0,0.0,0.0,0.0,0.0,0.0,
ENG-Premier League,1920,2019-10-19 Wolverhampton Wanderers-Southampton,Wolverhampton Wanderers,Rui Patrício,True,Goalkeeper,1,start,end,1.0,0.0,0.0,0.0,0.0,0.0,0.0,1.0,4.0,0.0,0.0,0.0,0.0,0.0,
ENG-Premier League,1920,2019-10-20 Manchester United-Liverpool,Liverpool,Alisson Becker,False,Goalkeeper,1,start,end,1.0,0.0,0.0,0.0,0.0,0.0,0.0,1.0,1.0,0.0,0.0,0.0,0.0,0.0,
ENG-Premier League,1920,2019-10-20 Manchester United-Liverpool,Manchester United,David de Gea,True,Goalkeeper,1,start,end,1.0,0.0,0.0,0.0,0.0,0.0,0.0,1.0,3.0,0.0,0.0,0.0,0.0,0.0,
ENG-Premier League,1920,2019-10-21 Sheffield United-Arsenal,Arsenal,Bernd Leno,False,Goalkeeper,1,start,end,1.0,0.0,0.0,0.0,0.0,0.0,0.0,1.0,1.0,0.0,0.0,0.0,0.0,0.0,
ENG-Premier League,1920,2019-10-21 Sheffield United-Arsenal,Sheffield United,Dean Henderson,True,Goalkeeper,1,start,end,1.0,0.0,0.0,0.0,0.0,0.0,1.0,0.0,3.0,0.0,0.0,0.0,0.0,0.0,
ENG-Premier League,1920,2019-10-25 Southampton-Leicester City,Leicester City,Kasper Schmeichel,False,Goalkeeper,1,start,end,1.0,0.0,0.0,0.0,0.0,0.0,0.0,0.0,3.0,0.0,0.0,0.0,0.0,0.0,
ENG-Premier League,1920,2019-10-25 Southampton-Leicester City,Southampton,Angus Gunn,True,Goalkeeper,1,start,end,1.0,0.0,0.0,0.0,0.0,0.0,0.0,9.0,6.0,0.0,0.0,0.0,0.0,0.0,
ENG-Premier League,1920,2019-10-26 Brighton & Hove Albion-Everton,Brighton & Hove Albion,Mathew Ryan,True,Goalkeeper,1,start,end,1.0,0.0,0.0,0.0,0.0,0.0,0.0,2.0,5.0,0.0,0.0,0.0,0.0,0.0,
ENG-Premier League,1920,2019-10-26 Brighton & Hove Albion-Everton,Everton,Jordan Pickford,False,Goalkeeper,1,start,end,1.0,0.0,0.0,0.0,0.0,0.0,0.0,3.0,2.0,0.0,0.0,0.0,0.0,0.0,
ENG-Premier League,1920,2019-10-26 Burnley-Chelsea,Burnley,Nick Pope,True,Goalkeeper,1,start,end,1.0,0.0,0.0,0.0,0.0,0.0,0.0,4.0,3.0,0.0,0.0,0.0,0.0,0.0,
ENG-Premier League,1920,2019-10-26 Burnley-Chelsea,Chelsea,Kepa Arrizabalaga,False,Goalkeeper,1,start,end,1.0,0.0,0.0,0.0,0.0,0.0,0.0,2.0,3.0,0.0,0.0,0.0,0.0,0.0,
ENG-Premier League,1920,2019-10-26 Manchester City-Aston Villa,Aston Villa,Tom Heaton,False,Goalkeeper,1,start,end,1.0,0.0,0.0,0.0,0.0,0.0,0.0,3.0,6.0,0.0,0.0,0.0,0.0,0.0,
ENG-Premier League,1920,2019-10-26 Manchester City-Aston Villa,Manchester City,Ederson,True,Goalkeeper,1,start,end,1.0,0.0,0.0,0.0,0.0,0.0,0.0,0.0,5.0,0.0,0.0,0.0,0.0,0.0,
ENG-Premier League,1920,2019-10-26 Watford-AFC Bournemouth,AFC Bournemouth,Aaron Ramsdale,False,Goalkeeper,1,start,end,1.0,0.0,0.0,0.0,0.0,0.0,0.0,0.0,3.0,0.0,0.0,0.0,0.0,0.0,
ENG-Premier League,1920,2019-10-26 Watford-AFC Bournemouth,Watford,Ben Foster,True,Goalkeeper,1,start,end,1.0,0.0,0.0,0.0,0.0,0.0,0.0,0.0,5.0,0.0,0.0,0.0,0.0,0.0,
ENG-Premier League,1920,2019-10-26 West Ham United-Sheffield United,Sheffield United,Dean Henderson,False,Goalkeeper,1,start,end,1.0,0.0,0.0,0.0,0.0,0.0,0.0,1.0,3.0,0.0,0.0,0.0,0.0,0.0,
ENG-Premier League,1920,2019-10-26 West Ham United-Sheffield United,West Ham United,Roberto,True,Goalkeeper,1,start,end,1.0,0.0,0.0,0.0,0.0,0.0,0.0,1.0,2.0,0.0,0.0,0.0,0.0,0.0,
ENG-Premier League,1920,2019-10-27 Arsenal-Crystal Palace,Arsenal,Bernd Leno,True,Goalkeeper,1,start,end,1.0,0.0,0.0,0.0,0.0,0.0,0.0,2.0,2.0,0.0,0.0,0.0,0.0,0.0,
ENG-Premier League,1920,2019-10-27 Arsenal-Crystal Palace,Crystal Palace,Wayne Hennessey,False,Goalkeeper,1,start,end,1.0,0.0,0.0,0.0,0.0,0.0,0.0,2.0,4.0,0.0,0.0,0.0,0.0,0.0,
ENG-Premier League,1920,2019-10-27 Liverpool-Tottenham Hotspur,Liverpool,Alisson Becker,True,Goalkeeper,1,start,end,1.0,0.0,0.0,0.0,0.0,0.0,0.0,1.0,3.0,0.0,0.0,0.0,0.0,0.0,
ENG-Premier League,1920,2019-10-27 Liverpool-Tottenham Hotspur,Tottenham Hotspur,Paulo Gazzaniga,False,Goalkeeper,1,start,end,1.0,0.0,0.0,0.0,0.0,0.0,0.0,2.0,12.0,0.0,0.0,0.0,0.0,0.0,
ENG-Premier League,1920,2019-10-27 Newcastle United-Wolverhampton Wanderers,Newcastle United,Martin Dúbravka,True,Goalkeeper,1,start,end,1.0,0.0,0.0,0.0,0.0,0.0,0.0,1.0,4.0,0.0,0.0,0.0,0.0,0.0,
ENG-Premier League,1920,2019-10-27 Newcastle United-Wolverhampton Wanderers,Wolverhampton Wanderers,Rui Patrício,False,Goalkeeper,1,start,end,1.0,0.0,0.0,0.0,0.0,0.0,0.0,1.0,1.0,0.0,0.0,0.0,0.0,0.0,
ENG-Premier League,1920,2019-10-27 Norwich City-Manchester United,Manchester United,David de Gea,False,Goalkeeper,1,start,end,1.0,0.0,0.0,0.0,0.0,0.0,0.0,1.0,2.0,0.0,0.0,0.0,0.0,0.0,
ENG-Premier League,1920,2019-10-27 Norwich City-Manchester United,Norwich City,Tim Krul,True,Goalkeeper,1,start,end,1.0,0.0,0.0,0.0,0.0,0.0,0.0,3.0,8.0,0.0,0.0,0.0,0.0,0.0,
ENG-Premier League,1920,2019-11-02 AFC Bournemouth-Manchester United,AFC Bournemouth,Aaron Ramsdale,True,Goalkeeper,1,start,end,1.0,0.0,0.0,0.0,0.0,0.0,0.0,0.0,4.0,0.0,0.0,0.0,0.0,0.0,
ENG-Premier League,1920,2019-11-02 AFC Bournemouth-Manchester United,Manchester United,David de Gea,False,Goalkeeper,1,start,end,1.0,0.0,0.0,0.0,0.0,0.0,0.0,1.0,5.0,0.0,0.0,0.0,0.0,0.0,
ENG-Premier League,1920,2019-11-02 Arsenal-Wolverhampton Wanderers,Arsenal,Bernd Leno,True,Goalkeeper,1,start,end,1.0,0.0,0.0,0.0,0.0,0.0,0.0,1.0,7.0,0.0,0.0,0.0,0.0,0.0,
ENG-Premier League,1920,2019-11-02 Arsenal-Wolverhampton Wanderers,Wolverhampton Wanderers,Rui Patrício,False,Goalkeeper,1,start,end,1.0,0.0,0.0,0.0,0.0,0.0,0.0,1.0,3.0,0.0,0.0,0.0,0.0,0.0,
ENG-Premier League,1920,2019-11-02 Aston Villa-Liverpool,Aston Villa,Tom Heaton,True,Goalkeeper,1,start,end,1.0,0.0,0.0,0.0,0.0,0.0,0.0,2.0,4.0,0.0,0.0,0.0,0.0,0.0,
ENG-Premier League,1920,2019-11-02 Aston Villa-Liverpool,Liverpool,Alisson Becker,False,Goalkeeper,1,start,end,1.0,0.0,0.0,0.0,0.0,0.0,0.0,1.0,1.0,0.0,0.0,0.0,0.0,0.0,
ENG-Premier League,1920,2019-11-02 Brighton & Hove Albion-Norwich City,Brighton & Hove Albion,Mathew Ryan,True,Goalkeeper,1,start,end,1.0,0.0,0.0,0.0,0.0,0.0,0.0,0.0,0.0,0.0,0.0,0.0,0.0,0.0,
ENG-Premier League,1920,2019-11-02 Brighton & Hove Albion-Norwich City,Norwich City,Tim Krul,False,Goalkeeper,1,start,end,1.0,0.0,0.0,0.0,0.0,0.0,0.0,2.0,3.0,0.0,0.0,0.0,0.0,0.0,
ENG-Premier League,1920,2019-11-02 Manchester City-Southampton,Manchester City,Ederson,True,Goalkeeper,1,start,end,1.0,0.0,0.0,0.0,0.0,0.0,1.0,1.0,2.0,0.0,0.0,0.0,0.0,0.0,
ENG-Premier League,1920,2019-11-02 Manchester City-Southampton,Southampton,Alex McCarthy,False,Goalkeeper,1,start,end,1.0,1.0,0.0,0.0,0.0,0.0,0.0,2.0,2.0,0.0,0.0,0.0,0.0,0.0,
ENG-Premier League,1920,2019-11-02 Sheffield United-Burnley,Burnley,Nick Pope,False,Goalkeeper,1,start,end,1.0,0.0,0.0,0.0,0.0,0.0,0.0,3.0,3.0,0.0,0.0,0.0,0.0,0.0,
ENG-Premier League,1920,2019-11-02 Sheffield United-Burnley,Sheffield United,Dean Henderson,True,Goalkeeper,1,start,end,1.0,0.0,0.0,0.0,0.0,0.0,0.0,0.0,1.0,0.0,0.0,0.0,0.0,0.0,
ENG-Premier League,1920,2019-11-02 Watford-Chelsea,Chelsea,Kepa Arrizabalaga,False,Goalkeeper,1,start,end,1.0,0.0,0.0,0.0,0.0,0.0,0.0,1.0,2.0,0.0,0.0,0.0,0.0,0.0,
ENG-Premier League,1920,2019-11-02 Watford-Chelsea,Watford,Ben Foster,True,Goalkeeper,1,start,end,1.0,0.0,0.0,0.0,0.0,0.0,0.0,2.0,8.0,0.0,0.0,1.0,0.0,1.0,
ENG-Premier League,1920,2019-11-02 West Ham United-Newcastle United,Newcastle United,Martin Dúbravka,False,Goalkeeper,1,start,end,1.0,0.0,0.0,0.0,0.0,0.0,0.0,2.0,4.0,0.0,0.0,0.0,0.0,0.0,
ENG-Premier League,1920,2019-11-02 West Ham United-Newcastle United,West Ham United,Roberto,True,Goalkeeper,1,start,end,1.0,0.0,0.0,0.0,0.0,0.0,0.0,3.0,6.0,0.0,0.0,0.0,0.0,0.0,
ENG-Premier League,1920,2019-11-03 Crystal Palace-Leicester City,Crystal Palace,Vicente Guaita,True,Goalkeeper,1,start,end,1.0,0.0,0.0,0.0,0.0,0.0,0.0,2.0,3.0,0.0,0.0,0.0,0.0,0.0,
ENG-Premier League,1920,2019-11-03 Crystal Palace-Leicester City,Leicester City,Kasper Schmeichel,False,Goalkeeper,1,start,end,1.0,0.0,0.0,0.0,0.0,0.0,0.0,0.0,3.0,0.0,0.0,0.0,0.0,0.0,
ENG-Premier League,1920,2019-11-03 Everton-Tottenham Hotspur,Everton,Jordan Pickford,True,Goalkeeper,1,start,end,1.0,0.0,0.0,0.0,0.0,0.0,0.0,1.0,1.0,0.0,0.0,0.0,0.0,0.0,
ENG-Premier League,1920,2019-11-03 Everton-Tottenham Hotspur,Tottenham Hotspur,Paulo Gazzaniga,False,Goalkeeper,1,start,end,1.0,0.0,0.0,0.0,0.0,0.0,0.0,1.0,2.0,0.0,0.0,0.0,0.0,0.0,
ENG-Premier League,1920,2019-11-08 Norwich City-Watford,Norwich City,Tim Krul,True,Goalkeeper,1,start,end,1.0,0.0,0.0,0.0,0.0,0.0,0.0,2.0,0.0,0.0,0.0,0.0,0.0,0.0,
ENG-Premier League,1920,2019-11-08 Norwich City-Watford,Watford,Ben Foster,False,Goalkeeper,1,start,end,1.0,0.0,0.0,0.0,0.0,0.0,0.0,0.0,5.0,0.0,0.0,0.0,0.0,0.0,
ENG-Premier League,1920,2019-11-09 Burnley-West Ham United,Burnley,Nick Pope,True,Goalkeeper,1,start,end,1.0,0.0,0.0,0.0,0.0,0.0,0.0,0.0,4.0,0.0,0.0,0.0,0.0,0.0,
ENG-Premier League,1920,2019-11-09 Burnley-West Ham United,West Ham United,Roberto,False,Goalkeeper,1,start,end,1.0,0.0,1.0,1.0,0.0,0.0,0.0,3.0,10.0,0.0,0.0,0.0,0.0,0.0,
ENG-Premier League,1920,2019-11-09 Chelsea-Crystal Palace,Chelsea,Kepa Arrizabalaga,True,Goalkeeper,1,start,end,1.0,0.0,0.0,0.0,0.0,0.0,0.0,0.0,1.0,0.0,0.0,0.0,0.0,0.0,
ENG-Premier League,1920,2019-11-09 Chelsea-Crystal Palace,Crystal Palace,Vicente Guaita,False,Goalkeeper,1,start,end,1.0,0.0,0.0,0.0,0.0,0.0,0.0,2.0,3.0,0.0,0.0,0.0,0.0,0.0,
ENG-Premier League,1920,2019-11-09 Leicester City-Arsenal,Arsenal,Bernd Leno,False,Goalkeeper,1,start,end,1.0,0.0,0.0,0.0,0.0,0.0,0.0,2.0,5.0,0.0,0.0,0.0,0.0,0.0,
ENG-Premier League,1920,2019-11-09 Leicester City-Arsenal,Leicester City,Kasper Schmeichel,True,Goalkeeper,1,start,end,1.0,0.0,1.0,0.0,0.0,0.0,0.0,0.0,1.0,0.0,0.0,0.0,0.0,0.0,
ENG-Premier League,1920,2019-11-09 Newcastle United-AFC Bournemouth,AFC Bournemouth,Aaron Ramsdale,False,Goalkeeper,1,start,end,1.0,0.0,0.0,0.0,0.0,0.0,0.0,2.0,7.0,0.0,0.0,0.0,0.0,0.0,
ENG-Premier League,1920,2019-11-09 Newcastle United-AFC Bournemouth,Newcastle United,Martin Dúbravka,True,Goalkeeper,1,start,end,1.0,0.0,0.0,0.0,0.0,0.0,0.0,1.0,3.0,0.0,0.0,0.0,0.0,0.0,
ENG-Premier League,1920,2019-11-09 Southampton-Everton,Everton,Jordan Pickford,False,Goalkeeper,1,start,end,1.0,0.0,0.0,0.0,0.0,0.0,0.0,1.0,2.0,0.0,0.0,0.0,0.0,0.0,
ENG-Premier League,1920,2019-11-09 Southampton-Everton,Southampton,Alex McCarthy,True,Goalkeeper,1,start,end,1.0,0.0,0.0,0.0,0.0,0.0,0.0,2.0,3.0,0.0,0.0,0.0,0.0,0.0,
ENG-Premier League,1920,2019-11-09 Tottenham Hotspur-Sheffield United,Sheffield United,Dean Henderson,False,Goalkeeper,1,start,end,1.0,0.0,0.0,0.0,0.0,0.0,0.0,1.0,4.0,0.0,0.0,0.0,0.0,0.0,
ENG-Premier League,1920,2019-11-09 Tottenham Hotspur-Sheffield United,Tottenham Hotspur,Paulo Gazzaniga,True,Goalkeeper,1,start,end,1.0,0.0,0.0,0.0,0.0,0.0,0.0,1.0,3.0,0.0,0.0,0.0,0.0,0.0,
ENG-Premier League,1920,2019-11-10 Liverpool-Manchester City,Liverpool,Alisson Becker,True,Goalkeeper,1,start,end,1.0,0.0,0.0,0.0,0.0,0.0,0.0,1.0,2.0,0.0,0.0,0.0,0.0,0.0,
ENG-Premier League,1920,2019-11-10 Liverpool-Manchester City,Manchester City,Claudio Bravo,False,Goalkeeper,1,start,end,1.0,0.0,0.0,0.0,0.0,0.0,0.0,3.0,2.0,0.0,0.0,0.0,0.0,0.0,
ENG-Premier League,1920,2019-11-10 Manchester United-Brighton & Hove Albion,Brighton & Hove Albion,Mathew Ryan,False,Goalkeeper,1,start,end,1.0,0.0,1.0,0.0,0.0,0.0,0.0,3.0,8.0,0.0,0.0,0.0,0.0,0.0,
ENG-Premier League,1920,2019-11-10 Manchester United-Brighton & Hove Albion,Manchester United,David de Gea,True,Goalkeeper,1,start,end,1.0,0.0,1.0,0.0,0.0,0.0,0.0,1.0,1.0,0.0,0.0,0.0,0.0,0.0,
ENG-Premier League,1920,2019-11-10 Wolverhampton Wanderers-Aston Villa,Aston Villa,Jed Steer,False,Goalkeeper,1,start,8,1.0,0.0,0.0,0.0,0.0,0.0,0.0,0.0,0.0,0.0,0.0,0.0,0.0,0.0,
ENG-Premier League,1920,2019-11-10 Wolverhampton Wanderers-Aston Villa,Wolverhampton Wanderers,Rui Patrício,True,Goalkeeper,1,start,end,1.0,0.0,0.0,0.0,0.0,0.0,0.0,1.0,3.0,0.0,0.0,0.0,0.0,0.0,
ENG-Premier League,1920,2019-11-23 AFC Bournemouth-Wolverhampton Wanderers,AFC Bournemouth,Aaron Ramsdale,True,Goalkeeper,1,start,end,1.0,0.0,0.0,0.0,0.0,0.0,0.0,2.0,5.0,0.0,0.0,0.0,0.0,0.0,
ENG-Premier League,1920,2019-11-23 AFC Bournemouth-Wolverhampton Wanderers,Wolverhampton Wanderers,Rui Patrício,False,Goalkeeper,1,start,end,1.0,0.0,1.0,0.0,0.0,0.0,0.0,1.0,2.0,0.0,0.0,0.0,0.0,0.0,
ENG-Premier League,1920,2019-11-23 Arsenal-Southampton,Arsenal,Bernd Leno,True,Goalkeeper,1,start,end,1.0,0.0,0.0,0.0,0.0,0.0,0.0,2.0,4.0,0.0,0.0,0.0,0.0,0.0,
ENG-Premier League,1920,2019-11-23 Arsenal-Southampton,Southampton,Alex McCarthy,False,Goalkeeper,1,start,end,1.0,0.0,0.0,0.0,0.0,0.0,0.0,2.0,3.0,0.0,0.0,0.0,0.0,0.0,
ENG-Premier League,1920,2019-11-23 Brighton & Hove Albion-Leicester City,Brighton & Hove Albion,Mathew Ryan,True,Goalkeeper,1,start,end,1.0,0.0,0.0,0.0,0.0,0.0,0.0,2.0,7.0,0.0,0.0,0.0,0.0,0.0,
ENG-Premier League,1920,2019-11-23 Brighton & Hove Albion-Leicester City,Leicester City,Kasper Schmeichel,False,Goalkeeper,1,start,end,1.0,0.0,0.0,0.0,0.0,0.0,0.0,0.0,0.0,0.0,0.0,0.0,0.0,0.0,
ENG-Premier League,1920,2019-11-23 Crystal Palace-Liverpool,Crystal Palace,Vicente Guaita,True,Goalkeeper,1,start,end,1.0,0.0,0.0,0.0,0.0,0.0,0.0,2.0,2.0,0.0,0.0,0.0,0.0,0.0,
ENG-Premier League,1920,2019-11-23 Crystal Palace-Liverpool,Liverpool,Alisson Becker,False,Goalkeeper,1,start,end,1.0,0.0,0.0,0.0,0.0,0.0,0.0,1.0,5.0,0.0,0.0,0.0,0.0,0.0,
ENG-Premier League,1920,2019-11-23 Everton-Norwich City,Everton,Jordan Pickford,True,Goalkeeper,1,start,end,1.0,0.0,0.0,0.0,0.0,0.0,0.0,2.0,3.0,0.0,0.0,0.0,0.0,0.0,
ENG-Premier League,1920,2019-11-23 Everton-Norwich City,Norwich City,Tim Krul,False,Goalkeeper,1,start,end,1.0,0.0,0.0,0.0,0.0,0.0,0.0,0.0,7.0,0.0,0.0,0.0,0.0,0.0,
ENG-Premier League,1920,2019-11-23 Manchester City-Chelsea,Chelsea,Kepa Arrizabalaga,False,Goalkeeper,1,start,end,1.0,0.0,0.0,0.0,0.0,0.0,0.0,2.0,2.0,0.0,0.0,0.0,0.0,0.0,
ENG-Premier League,1920,2019-11-23 Manchester City-Chelsea,Manchester City,Ederson,True,Goalkeeper,1,start,end,1.0,0.0,0.0,0.0,0.0,0.0,0.0,1.0,1.0,0.0,0.0,0.0,0.0,0.0,
ENG-Premier League,1920,2019-11-23 Watford-Burnley,Burnley,Nick Pope,False,Goalkeeper,1,start,end,1.0,0.0,0.0,0.0,0.0,0.0,0.0,0.0,4.0,0.0,0.0,0.0,0.0,0.0,
ENG-Premier League,1920,2019-11-23 Watford-Burnley,Watford,Ben Foster,True,Goalkeeper,1,start,end,1.0,0.0,0.0,0.0,0.0,0.0,0.0,3.0,2.0,0.0,0.0,0.0,0.0,0.0,
ENG-Premier League,1920,2019-11-23 West Ham United-Tottenham Hotspur,Tottenham Hotspur,Paulo Gazzaniga,False,Goalkeeper,1,start,end,1.0,0.0,0.0,0.0,0.0,0.0,0.0,2.0,3.0,0.0,0.0,0.0,0.0,0.0,
ENG-Premier League,1920,2019-11-23 West Ham United-Tottenham Hotspur,West Ham United,Roberto,True,Goalkeeper,1,start,end,1.0,0.0,0.0,0.0,0.0,0.0,0.0,3.0,3.0,0.0,0.0,0.0,0.0,0.0,
ENG-Premier League,1920,2019-11-24 Sheffield United-Manchester United,Manchester United,David de Gea,False,Goalkeeper,1,start,end,1.0,0.0,0.0,0.0,0.0,0.0,0.0,3.0,5.0,0.0,0.0,0.0,0.0,0.0,
ENG-Premier League,1920,2019-11-24 Sheffield United-Manchester United,Sheffield United,Simon Moore,True,Goalkeeper,1,start,end,1.0,0.0,0.0,0.0,0.0,0.0,0.0,3.0,2.0,0.0,0.0,0.0,0.0,0.0,
ENG-Premier League,1920,2019-11-25 Aston Villa-Newcastle United,Aston Villa,Tom Heaton,True,Goalkeeper,1,start,end,1.0,0.0,0.0,0.0,0.0,0.0,0.0,0.0,5.0,0.0,0.0,0.0,0.0,0.0,
ENG-Premier League,1920,2019-11-25 Aston Villa-Newcastle United,Newcastle United,Martin Dúbravka,False,Goalkeeper,1,start,end,1.0,0.0,0.0,0.0,0.0,0.0,0.0,2.0,6.0,0.0,0.0,0.0,0.0,0.0,
ENG-Premier League,1920,2019-11-30 Burnley-Crystal Palace,Burnley,Nick Pope,True,Goalkeeper,1,start,end,1.0,0.0,0.0,0.0,0.0,0.0,0.0,2.0,1.0,0.0,0.0,0.0,0.0,0.0,
ENG-Premier League,1920,2019-11-30 Burnley-Crystal Palace,Crystal Palace,Vicente Guaita,False,Goalkeeper,1,start,end,1.0,0.0,0.0,0.0,0.0,0.0,0.0,0.0,3.0,0.0,0.0,0.0,0.0,0.0,
ENG-Premier League,1920,2019-11-30 Chelsea-West Ham United,Chelsea,Kepa Arrizabalaga,True,Goalkeeper,1,start,end,1.0,0.0,0.0,0.0,0.0,0.0,0.0,1.0,3.0,0.0,0.0,0.0,0.0,0.0,
ENG-Premier League,1920,2019-11-30 Chelsea-West Ham United,West Ham United,David Martin,False,Goalkeeper,1,start,end,1.0,0.0,0.0,0.0,0.0,0.0,0.0,0.0,6.0,0.0,0.0,0.0,0.0,0.0,
ENG-Premier League,1920,2019-11-30 Liverpool-Brighton & Hove Albion,Brighton & Hove Albion,Mathew Ryan,False,Goalkeeper,1,start,end,1.0,0.0,0.0,0.0,0.0,0.0,0.0,2.0,5.0,0.0,0.0,0.0,0.0,0.0,
ENG-Premier League,1920,2019-11-30 Liverpool-Brighton & Hove Albion,Liverpool,Alisson Becker,True,Goalkeeper,1,start,end,1.0,1.0,0.0,0.0,1.0,0.0,0.0,0.0,2.0,0.0,0.0,0.0,0.0,0.0,
ENG-Premier League,1920,2019-11-30 Newcastle United-Manchester City,Manchester City,Ederson,False,Goalkeeper,1,start,end,1.0,0.0,0.0,0.0,0.0,0.0,0.0,2.0,1.0,0.0,0.0,0.0,0.0,0.0,
ENG-Premier League,1920,2019-11-30 Newcastle United-Manchester City,Newcastle United,Martin Dúbravka,True,Goalkeeper,1,start,end,1.0,0.0,0.0,0.0,0.0,0.0,0.0,2.0,7.0,0.0,0.0,0.0,0.0,0.0,
ENG-Premier League,1920,2019-11-30 Southampton-Watford,Southampton,Alex McCarthy,True,Goalkeeper,1,start,end,1.0,0.0,0.0,0.0,0.0,0.0,0.0,1.0,2.0,0.0,0.0,0.0,0.0,0.0,
ENG-Premier League,1920,2019-11-30 Southampton-Watford,Watford,Ben Foster,False,Goalkeeper,1,start,end,1.0,0.0,1.0,0.0,0.0,0.0,0.0,2.0,3.0,0.0,0.0,0.0,0.0,0.0,
ENG-Premier League,1920,2019-11-30 Tottenham Hotspur-AFC Bournemouth,AFC Bournemouth,Aaron Ramsdale,False,Goalkeeper,1,start,end,1.0,0.0,0.0,0.0,0.0,0.0,0.0,3.0,2.0,0.0,0.0,0.0,0.0,0.0,
ENG-Premier League,1920,2019-11-30 Tottenham Hotspur-AFC Bournemouth,Tottenham Hotspur,Paulo Gazzaniga,True,Goalkeeper,1,start,end,1.0,0.0,1.0,0.0,0.0,0.0,0.0,2.0,4.0,0.0,0.0,0.0,0.0,0.0,
ENG-Premier League,1920,2019-12-01 Leicester City-Everton,Everton,Jordan Pickford,False,Goalkeeper,1,start,end,1.0,0.0,0.0,0.0,0.0,0.0,0.0,2.0,4.0,0.0,0.0,0.0,0.0,0.0,
ENG-Premier League,1920,2019-12-01 Leicester City-Everton,Leicester City,Kasper Schmeichel,True,Goalkeeper,1,start,end,1.0,0.0,0.0,0.0,0.0,0.0,0.0,1.0,2.0,0.0,0.0,0.0,0.0,0.0,
ENG-Premier League,1920,2019-12-01 Manchester United-Aston Villa,Aston Villa,Tom Heaton,False,Goalkeeper,1,start,end,1.0,0.0,0.0,1.0,0.0,0.0,0.0,2.0,5.0,0.0,0.0,0.0,0.0,0.0,
ENG-Premier League,1920,2019-12-01 Manchester United-Aston Villa,Manchester United,David de Gea,True,Goalkeeper,1,start,end,1.0,0.0,0.0,0.0,0.0,0.0,0.0,2.0,1.0,0.0,0.0,0.0,0.0,0.0,
ENG-Premier League,1920,2019-12-01 Norwich City-Arsenal,Arsenal,Bernd Leno,False,Goalkeeper,1,start,end,1.0,0.0,0.0,0.0,0.0,0.0,0.0,2.0,6.0,0.0,0.0,0.0,0.0,0.0,
ENG-Premier League,1920,2019-12-01 Norwich City-Arsenal,Norwich City,Tim Krul,True,Goalkeeper,1,start,end,1.0,0.0,0.0,0.0,0.0,0.0,1.0,2.0,4.0,0.0,0.0,0.0,0.0,0.0,
ENG-Premier League,1920,2019-12-01 Wolverhampton Wanderers-Sheffield United,Sheffield United,Dean Henderson,False,Goalkeeper,1,start,end,1.0,0.0,1.0,0.0,0.0,0.0,0.0,1.0,3.0,0.0,0.0,0.0,0.0,0.0,
ENG-Premier League,1920,2019-12-01 Wolverhampton Wanderers-Sheffield United,Wolverhampton Wanderers,Rui Patrício,True,Goalkeeper,1,start,end,1.0,0.0,1.0,0.0,0.0,0.0,0.0,1.0,3.0,0.0,0.0,0.0,0.0,0.0,
ENG-Premier League,1920,2019-12-03 Burnley-Manchester City,Burnley,Nick Pope,True,Goalkeeper,1,start,end,1.0,0.0,0.0,0.0,0.0,0.0,0.0,4.0,4.0,0.0,0.0,0.0,0.0,0.0,
ENG-Premier League,1920,2019-12-03 Burnley-Manchester City,Manchester City,Ederson,False,Goalkeeper,1,start,end,1.0,0.0,1.0,0.0,0.0,0.0,0.0,1.0,1.0,0.0,0.0,0.0,0.0,0.0,
ENG-Premier League,1920,2019-12-03 Crystal Palace-AFC Bournemouth,AFC Bournemouth,Aaron Ramsdale,False,Goalkeeper,1,start,end,1.0,0.0,0.0,0.0,0.0,0.0,0.0,1.0,1.0,0.0,0.0,0.0,0.0,0.0,
ENG-Premier League,1920,2019-12-03 Crystal Palace-AFC Bournemouth,Crystal Palace,Vicente Guaita,True,Goalkeeper,1,start,end,1.0,0.0,1.0,0.0,0.0,0.0,0.0,0.0,3.0,0.0,0.0,0.0,0.0,0.0,
ENG-Premier League,1920,2019-12-04 Chelsea-Aston Villa,Aston Villa,Tom Heaton,False,Goalkeeper,1,start,end,1.0,0.0,0.0,0.0,0.0,0.0,0.0,2.0,7.0,0.0,0.0,0.0,0.0,0.0,
ENG-Premier League,1920,2019-12-04 Chelsea-Aston Villa,Chelsea,Kepa Arrizabalaga,True,Goalkeeper,1,start,end,1.0,0.0,0.0,0.0,0.0,0.0,0.0,1.0,2.0,0.0,0.0,0.0,0.0,0.0,
ENG-Premier League,1920,2019-12-04 Leicester City-Watford,Leicester City,Kasper Schmeichel,True,Goalkeeper,1,start,end,1.0,0.0,0.0,0.0,0.0,0.0,0.0,0.0,1.0,0.0,0.0,0.0,0.0,0.0,
ENG-Premier League,1920,2019-12-04 Leicester City-Watford,Watford,Ben Foster,False,Goalkeeper,1,start,end,1.0,0.0,0.0,0.0,0.0,0.0,0.0,2.0,3.0,0.0,0.0,0.0,0.0,0.0,
ENG-Premier League,1920,2019-12-04 Liverpool-Everton,Everton,Jordan Pickford,False,Goalkeeper,1,start,end,1.0,0.0,0.0,0.0,0.0,0.0,0.0,5.0,0.0,0.0,0.0,0.0,0.0,0.0,
ENG-Premier League,1920,2019-12-04 Liverpool-Everton,Liverpool,Adrián,True,Goalkeeper,1,start,end,1.0,0.0,0.0,0.0,0.0,0.0,0.0,2.0,2.0,0.0,0.0,0.0,0.0,0.0,
ENG-Premier League,1920,2019-12-04 Manchester United-Tottenham Hotspur,Manchester United,David de Gea,True,Goalkeeper,1,start,end,1.0,0.0,0.0,0.0,0.0,0.0,0.0,1.0,4.0,0.0,0.0,0.0,0.0,0.0,
ENG-Premier League,1920,2019-12-04 Manchester United-Tottenham Hotspur,Tottenham Hotspur,Paulo Gazzaniga,False,Goalkeeper,1,start,end,1.0,0.0,0.0,0.0,0.0,0.0,0.0,2.0,5.0,0.0,0.0,0.0,0.0,0.0,
ENG-Premier League,1920,2019-12-04 Southampton-Norwich City,Norwich City,Tim Krul,False,Goalkeeper,1,start,end,1.0,0.0,0.0,0.0,0.0,0.0,0.0,2.0,3.0,0.0,0.0,0.0,0.0,0.0,
ENG-Premier League,1920,2019-12-04 Southampton-Norwich City,Southampton,Alex McCarthy,True,Goalkeeper,1,start,end,1.0,0.0,0.0,0.0,0.0,0.0,0.0,1.0,2.0,0.0,0.0,0.0,0.0,0.0,
ENG-Premier League,1920,2019-12-04 Wolverhampton Wanderers-West Ham United,West Ham United,David Martin,False,Goalkeeper,1,start,end,1.0,0.0,0.0,0.0,0.0,0.0,0.0,2.0,5.0,0.0,0.0,0.0,0.0,0.0,
ENG-Premier League,1920,2019-12-04 Wolverhampton Wanderers-West Ham United,Wolverhampton Wanderers,Rui Patrício,True,Goalkeeper,1,start,end,1.0,0.0,0.0,0.0,0.0,0.0,0.0,0.0,3.0,0.0,0.0,0.0,0.0,0.0,
ENG-Premier League,1920,2019-12-05 Arsenal-Brighton & Hove Albion,Arsenal,Bernd Leno,True,Goalkeeper,1,start,end,1.0,0.0,0.0,0.0,0.0,0.0,0.0,2.0,7.0,0.0,0.0,0.0,0.0,0.0,
ENG-Premier League,1920,2019-12-05 Arsenal-Brighton & Hove Albion,Brighton & Hove Albion,Mathew Ryan,False,Goalkeeper,1,start,end,1.0,0.0,0.0,0.0,0.0,0.0,0.0,1.0,4.0,0.0,0.0,0.0,0.0,0.0,
ENG-Premier League,1920,2019-12-05 Sheffield United-Newcastle United,Newcastle United,Martin Dúbravka,False,Goalkeeper,1,start,end,1.0,0.0,0.0,0.0,0.0,0.0,0.0,0.0,6.0,0.0,0.0,0.0,0.0,0.0,
ENG-Premier League,1920,2019-12-05 Sheffield United-Newcastle United,Sheffield United,Dean Henderson,True,Goalkeeper,1,start,end,1.0,0.0,0.0,0.0,0.0,0.0,0.0,2.0,2.0,0.0,0.0,0.0,0.0,0.0,
ENG-Premier League,1920,2019-12-07 AFC Bournemouth-Liverpool,AFC Bournemouth,Aaron Ramsdale,True,Goalkeeper,1,start,end,1.0,0.0,1.0,0.0,0.0,0.0,0.0,3.0,6.0,0.0,0.0,0.0,0.0,0.0,
ENG-Premier League,1920,2019-12-07 AFC Bournemouth-Liverpool,Liverpool,Alisson Becker,False,Goalkeeper,1,start,end,1.0,0.0,0.0,0.0,0.0,0.0,0.0,0.0,0.0,0.0,0.0,0.0,0.0,0.0,
ENG-Premier League,1920,2019-12-07 Everton-Chelsea,Chelsea,Kepa Arrizabalaga,False,Goalkeeper,1,start,end,1.0,0.0,0.0,0.0,0.0,0.0,0.0,3.0,4.0,0.0,0.0,0.0,0.0,0.0,
ENG-Premier League,1920,2019-12-07 Everton-Chelsea,Everton,Jordan Pickford,True,Goalkeeper,1,start,end,1.0,0.0,0.0,0.0,0.0,0.0,0.0,1.0,3.0,0.0,0.0,0.0,0.0,0.0,
ENG-Premier League,1920,2019-12-07 Manchester City-Manchester United,Manchester City,Ederson,True,Goalkeeper,1,start,end,1.0,0.0,0.0,0.0,0.0,0.0,0.0,2.0,5.0,0.0,0.0,0.0,0.0,0.0,
ENG-Premier League,1920,2019-12-07 Manchester City-Manchester United,Manchester United,David de Gea,False,Goalkeeper,1,start,end,1.0,0.0,0.0,0.0,0.0,0.0,1.0,1.0,4.0,0.0,0.0,0.0,0.0,0.0,
ENG-Premier League,1920,2019-12-07 Tottenham Hotspur-Burnley,Burnley,Nick Pope,False,Goalkeeper,1,start,end,1.0,0.0,0.0,0.0,0.0,0.0,0.0,5.0,2.0,0.0,0.0,0.0,0.0,0.0,
ENG-Premier League,1920,2019-12-07 Tottenham Hotspur-Burnley,Tottenham Hotspur,Paulo Gazzaniga,True,Goalkeeper,1,start,end,1.0,0.0,1.0,0.0,0.0,0.0,0.0,0.0,1.0,0.0,0.0,0.0,0.0,0.0,
ENG-Premier League,1920,2019-12-07 Watford-Crystal Palace,Crystal Palace,Vicente Guaita,False,Goalkeeper,1,start,end,1.0,0.0,0.0,0.0,0.0,0.0,0.0,0.0,3.0,0.0,0.0,0.0,0.0,0.0,
ENG-Premier League,1920,2019-12-07 Watford-Crystal Palace,Watford,Ben Foster,True,Goalkeeper,1,start,end,1.0,0.0,0.0,0.0,0.0,0.0,0.0,0.0,0.0,0.0,0.0,0.0,0.0,0.0,
ENG-Premier League,1920,2019-12-08 Aston Villa-Leicester City,Aston Villa,Tom Heaton,True,Goalkeeper,1,start,end,1.0,0.0,0.0,0.0,0.0,0.0,0.0,4.0,4.0,0.0,0.0,0.0,0.0,0.0,
ENG-Premier League,1920,2019-12-08 Aston Villa-Leicester City,Leicester City,Kasper Schmeichel,False,Goalkeeper,1,start,end,1.0,0.0,1.0,0.0,0.0,0.0,0.0,1.0,1.0,0.0,0.0,0.0,0.0,0.0,
ENG-Premier League,1920,2019-12-08 Brighton & Hove Albion-Wolverhampton Wanderers,Brighton & Hove Albion,Mathew Ryan,True,Goalkeeper,1,start,end,1.0,0.0,0.0,0.0,0.0,0.0,0.0,2.0,4.0,0.0,0.0,0.0,0.0,0.0,
ENG-Premier League,1920,2019-12-08 Brighton & Hove Albion-Wolverhampton Wanderers,Wolverhampton Wanderers,Rui Patrício,False,Goalkeeper,1,start,end,1.0,0.0,0.0,0.0,0.0,0.0,0.0,2.0,3.0,0.0,0.0,0.0,0.0,0.0,
ENG-Premier League,1920,2019-12-08 Newcastle United-Southampton,Newcastle United,Martin Dúbravka,True,Goalkeeper,1,start,end,1.0,0.0,0.0,0.0,0.0,0.0,0.0,1.0,3.0,0.0,0.0,0.0,0.0,0.0,
ENG-Premier League,1920,2019-12-08 Newcastle United-Southampton,Southampton,Alex McCarthy,False,Goalkeeper,1,start,end,1.0,0.0,0.0,0.0,0.0,0.0,0.0,2.0,4.0,0.0,0.0,0.0,0.0,0.0,
ENG-Premier League,1920,2019-12-08 Norwich City-Sheffield United,Norwich City,Tim Krul,True,Goalkeeper,1,start,end,1.0,0.0,0.0,0.0,0.0,0.0,0.0,2.0,1.0,0.0,0.0,0.0,0.0,0.0,
ENG-Premier League,1920,2019-12-08 Norwich City-Sheffield United,Sheffield United,Dean Henderson,False,Goalkeeper,1,start,end,1.0,0.0,1.0,0.0,0.0,0.0,0.0,1.0,3.0,0.0,0.0,0.0,0.0,0.0,
ENG-Premier League,1920,2019-12-09 West Ham United-Arsenal,Arsenal,Bernd Leno,False,Goalkeeper,1,start,end,1.0,0.0,0.0,0.0,0.0,0.0,0.0,1.0,3.0,0.0,0.0,0.0,0.0,0.0,
ENG-Premier League,1920,2019-12-09 West Ham United-Arsenal,West Ham United,David Martin,True,Goalkeeper,1,start,end,1.0,0.0,0.0,0.0,0.0,0.0,0.0,3.0,0.0,0.0,0.0,0.0,0.0,0.0,
ENG-Premier League,1920,2019-12-14 Burnley-Newcastle United,Burnley,Nick Pope,True,Goalkeeper,1,start,end,1.0,0.0,0.0,0.0,0.0,0.0,0.0,0.0,0.0,0.0,0.0,0.0,0.0,0.0,
ENG-Premier League,1920,2019-12-14 Burnley-Newcastle United,Newcastle United,Martin Dúbravka,False,Goalkeeper,1,start,end,1.0,0.0,0.0,0.0,0.0,0.0,0.0,1.0,3.0,0.0,0.0,0.0,0.0,0.0,
ENG-Premier League,1920,2019-12-14 Chelsea-AFC Bournemouth,AFC Bournemouth,Aaron Ramsdale,False,Goalkeeper,1,start,end,1.0,0.0,0.0,0.0,0.0,0.0,0.0,0.0,5.0,0.0,0.0,0.0,0.0,0.0,
ENG-Premier League,1920,2019-12-14 Chelsea-AFC Bournemouth,Chelsea,Kepa Arrizabalaga,True,Goalkeeper,1,start,end,1.0,0.0,1.0,0.0,0.0,0.0,0.0,1.0,1.0,0.0,0.0,0.0,0.0,0.0,
ENG-Premier League,1920,2019-12-14 Leicester City-Norwich City,Leicester City,Kasper Schmeichel,True,Goalkeeper,1,start,end,1.0,0.0,0.0,0.0,0.0,0.0,0.0,1.0,2.0,0.0,0.0,0.0,0.0,0.0,
ENG-Premier League,1920,2019-12-14 Leicester City-Norwich City,Norwich City,Tim Krul,False,Goalkeeper,1,start,end,1.0,0.0,0.0,1.0,0.0,0.0,1.0,1.0,5.0,0.0,0.0,0.0,0.0,0.0,
ENG-Premier League,1920,2019-12-14 Liverpool-Watford,Liverpool,Alisson Becker,True,Goalkeeper,1,start,end,1.0,0.0,0.0,0.0,0.0,0.0,0.0,0.0,2.0,0.0,0.0,0.0,0.0,0.0,
ENG-Premier League,1920,2019-12-14 Liverpool-Watford,Watford,Ben Foster,False,Goalkeeper,1,start,end,1.0,0.0,0.0,0.0,0.0,0.0,0.0,2.0,4.0,0.0,0.0,0.0,0.0,0.0,
ENG-Premier League,1920,2019-12-14 Sheffield United-Aston Villa,Aston Villa,Tom Heaton,False,Goalkeeper,1,start,end,1.0,0.0,0.0,0.0,0.0,0.0,0.0,2.0,1.0,0.0,0.0,0.0,0.0,0.0,
ENG-Premier League,1920,2019-12-14 Sheffield United-Aston Villa,Sheffield United,Dean Henderson,True,Goalkeeper,1,start,end,1.0,0.0,0.0,0.0,0.0,0.0,0.0,0.0,0.0,0.0,0.0,0.0,0.0,0.0,
ENG-Premier League,1920,2019-12-14 Southampton-West Ham United,Southampton,Alex McCarthy,True,Goalkeeper,1,start,end,1.0,0.0,0.0,0.0,0.0,0.0,0.0,1.0,3.0,0.0,0.0,0.0,0.0,0.0,
ENG-Premier League,1920,2019-12-14 Southampton-West Ham United,West Ham United,David Martin,False,Goalkeeper,1,start,end,1.0,0.0,0.0,0.0,0.0,0.0,1.0,0.0,2.0,0.0,0.0,0.0,0.0,0.0,
ENG-Premier League,1920,2019-12-15 Arsenal-Manchester City,Arsenal,Bernd Leno,True,Goalkeeper,1,start,end,1.0,0.0,0.0,0.0,0.0,0.0,0.0,3.0,4.0,0.0,0.0,0.0,0.0,0.0,
ENG-Premier League,1920,2019-12-15 Arsenal-Manchester City,Manchester City,Ederson,False,Goalkeeper,1,start,end,1.0,0.0,0.0,0.0,0.0,0.0,0.0,0.0,1.0,0.0,0.0,0.0,0.0,0.0,
ENG-Premier League,1920,2019-12-15 Manchester United-Everton,Everton,Jordan Pickford,False,Goalkeeper,1,start,end,1.0,0.0,0.0,0.0,0.0,0.0,0.0,1.0,7.0,0.0,0.0,0.0,0.0,0.0,
ENG-Premier League,1920,2019-12-15 Manchester United-Everton,Manchester United,David de Gea,True,Goalkeeper,1,start,end,1.0,0.0,0.0,0.0,0.0,0.0,0.0,1.0,3.0,0.0,0.0,0.0,0.0,0.0,
ENG-Premier League,1920,2019-12-15 Wolverhampton Wanderers-Tottenham Hotspur,Tottenham Hotspur,Paulo Gazzaniga,False,Goalkeeper,1,start,end,1.0,0.0,0.0,0.0,0.0,0.0,0.0,1.0,4.0,0.0,0.0,0.0,0.0,0.0,
ENG-Premier League,1920,2019-12-15 Wolverhampton Wanderers-Tottenham Hotspur,Wolverhampton Wanderers,Rui Patrício,True,Goalkeeper,1,start,end,1.0,0.0,0.0,0.0,0.0,0.0,0.0,2.0,3.0,0.0,0.0,0.0,0.0,0.0,
ENG-Premier League,1920,2019-12-16 Crystal Palace-Brighton & Hove Albion,Brighton & Hove Albion,Mathew Ryan,False,Goalkeeper,1,start,end,1.0,0.0,0.0,0.0,0.0,0.0,0.0,1.0,3.0,0.0,0.0,0.0,0.0,0.0,
ENG-Premier League,1920,2019-12-16 Crystal Palace-Brighton & Hove Albion,Crystal Palace,Vicente Guaita,True,Goalkeeper,1,start,end,1.0,0.0,0.0,0.0,0.0,0.0,0.0,1.0,9.0,0.0,0.0,0.0,0.0,0.0,
ENG-Premier League,1920,2019-12-21 AFC Bournemouth-Burnley,AFC Bournemouth,Aaron Ramsdale,True,Goalkeeper,1,start,end,1.0,0.0,1.0,0.0,0.0,0.0,0.0,1.0,0.0,0.0,0.0,0.0,0.0,0.0,
ENG-Premier League,1920,2019-12-21 AFC Bournemouth-Burnley,Burnley,Nick Pope,False,Goalkeeper,1,start,end,1.0,0.0,0.0,0.0,0.0,0.0,0.0,0.0,0.0,0.0,0.0,0.0,0.0,0.0,
ENG-Premier League,1920,2019-12-21 Aston Villa-Southampton,Aston Villa,Tom Heaton,True,Goalkeeper,1,start,end,1.0,0.0,0.0,0.0,0.0,0.0,0.0,3.0,5.0,0.0,0.0,0.0,0.0,0.0,
ENG-Premier League,1920,2019-12-21 Aston Villa-Southampton,Southampton,Alex McCarthy,False,Goalkeeper,1,start,end,1.0,0.0,0.0,0.0,0.0,0.0,0.0,1.0,5.0,0.0,0.0,0.0,0.0,0.0,
ENG-Premier League,1920,2019-12-21 Brighton & Hove Albion-Sheffield United,Brighton & Hove Albion,Mathew Ryan,True,Goalkeeper,1,start,end,1.0,0.0,0.0,0.0,0.0,0.0,0.0,1.0,1.0,0.0,0.0,0.0,0.0,0.0,
ENG-Premier League,1920,2019-12-21 Brighton & Hove Albion-Sheffield United,Sheffield United,Dean Henderson,False,Goalkeeper,1,start,end,1.0,0.0,0.0,0.0,0.0,0.0,0.0,0.0,2.0,0.0,0.0,0.0,0.0,0.0,
ENG-Premier League,1920,2019-12-21 Everton-Arsenal,Arsenal,Bernd Leno,False,Goalkeeper,1,start,end,1.0,0.0,0.0,0.0,0.0,0.0,0.0,0.0,0.0,0.0,0.0,0.0,0.0,0.0,
ENG-Premier League,1920,2019-12-21 Everton-Arsenal,Everton,Jordan Pickford,True,Goalkeeper,1,start,end,1.0,0.0,0.0,0.0,0.0,0.0,0.0,0.0,2.0,0.0,0.0,0.0,0.0,0.0,
ENG-Premier League,1920,2019-12-21 Manchester City-Leicester City,Leicester City,Kasper Schmeichel,False,Goalkeeper,1,start,end,1.0,0.0,0.0,0.0,0.0,0.0,0.0,3.0,9.0,0.0,0.0,0.0,0.0,0.0,
ENG-Premier League,1920,2019-12-21 Manchester City-Leicester City,Manchester City,Ederson,True,Goalkeeper,1,start,end,1.0,0.0,0.0,0.0,0.0,0.0,0.0,1.0,1.0,0.0,0.0,0.0,0.0,0.0,
ENG-Premier League,1920,2019-12-21 Newcastle United-Crystal Palace,Crystal Palace,Vicente Guaita,False,Goalkeeper,1,start,end,1.0,0.0,0.0,0.0,0.0,0.0,0.0,1.0,2.0,0.0,0.0,0.0,0.0,0.0,
ENG-Premier League,1920,2019-12-21 Newcastle United-Crystal Palace,Newcastle United,Martin Dúbravka,True,Goalkeeper,1,start,end,1.0,0.0,0.0,0.0,0.0,0.0,0.0,0.0,4.0,0.0,0.0,0.0,0.0,0.0,
ENG-Premier League,1920,2019-12-21 Norwich City-Wolverhampton Wanderers,Norwich City,Tim Krul,True,Goalkeeper,1,start,end,1.0,0.0,0.0,0.0,0.0,0.0,0.0,2.0,2.0,0.0,0.0,0.0,0.0,0.0,
ENG-Premier League,1920,2019-12-21 Norwich City-Wolverhampton Wanderers,Wolverhampton Wanderers,Rui Patrício,False,Goalkeeper,1,start,end,1.0,0.0,0.0,0.0,0.0,0.0,0.0,1.0,6.0,0.0,0.0,0.0,0.0,0.0,
ENG-Premier League,1920,2019-12-22 Tottenham Hotspur-Chelsea,Chelsea,Kepa Arrizabalaga,False,Goalkeeper,1,start,end,1.0,0.0,1.0,0.0,0.0,0.0,0.0,0.0,1.0,0.0,0.0,0.0,0.0,0.0,
ENG-Premier League,1920,2019-12-22 Tottenham Hotspur-Chelsea,Tottenham Hotspur,Paulo Gazzaniga,True,Goalkeeper,1,start,end,1.0,1.0,0.0,0.0,0.0,0.0,1.0,2.0,1.0,0.0,0.0,0.0,0.0,0.0,
ENG-Premier League,1920,2019-12-22 Watford-Manchester United,Manchester United,David de Gea,False,Goalkeeper,1,start,end,1.0,0.0,1.0,0.0,0.0,0.0,0.0,2.0,1.0,0.0,0.0,0.0,0.0,0.0,
ENG-Premier League,1920,2019-12-22 Watford-Manchester United,Watford,Ben Foster,True,Goalkeeper,1,start,end,1.0,0.0,0.0,0.0,0.0,0.0,0.0,0.0,8.0,0.0,0.0,0.0,0.0,0.0,
ENG-Premier League,1920,2019-12-26 AFC Bournemouth-Arsenal,AFC Bournemouth,Aaron Ramsdale,True,Goalkeeper,1,start,end,1.0,0.0,0.0,0.0,0.0,0.0,0.0,1.0,1.0,0.0,0.0,0.0,0.0,0.0,
ENG-Premier League,1920,2019-12-26 AFC Bournemouth-Arsenal,Arsenal,Bernd Leno,False,Goalkeeper,1,start,end,1.0,0.0,1.0,0.0,0.0,0.0,0.0,1.0,3.0,0.0,0.0,0.0,0.0,0.0,
ENG-Premier League,1920,2019-12-26 Aston Villa-Norwich City,Aston Villa,Tom Heaton,True,Goalkeeper,1,start,end,1.0,0.0,0.0,0.0,0.0,0.0,0.0,0.0,5.0,0.0,0.0,0.0,0.0,0.0,
ENG-Premier League,1920,2019-12-26 Aston Villa-Norwich City,Norwich City,Tim Krul,False,Goalkeeper,1,start,end,1.0,0.0,0.0,0.0,0.0,0.0,0.0,1.0,1.0,0.0,0.0,0.0,0.0,0.0,
ENG-Premier League,1920,2019-12-26 Chelsea-Southampton,Chelsea,Kepa Arrizabalaga,True,Goalkeeper,1,start,end,1.0,0.0,0.0,0.0,0.0,0.0,0.0,2.0,1.0,0.0,0.0,0.0,0.0,0.0,
ENG-Premier League,1920,2019-12-26 Chelsea-Southampton,Southampton,Alex McCarthy,False,Goalkeeper,1,start,end,1.0,0.0,0.0,0.0,0.0,0.0,0.0,0.0,3.0,0.0,0.0,0.0,0.0,0.0,
ENG-Premier League,1920,2019-12-26 Crystal Palace-West Ham United,Crystal Palace,Vicente Guaita,True,Goalkeeper,1,start,end,1.0,0.0,0.0,0.0,0.0,0.0,0.0,1.0,1.0,0.0,0.0,0.0,0.0,0.0,
ENG-Premier League,1920,2019-12-26 Crystal Palace-West Ham United,West Ham United,Roberto,False,Goalkeeper,1,start,end,1.0,0.0,0.0,0.0,0.0,0.0,0.0,2.0,2.0,0.0,0.0,0.0,0.0,0.0,
ENG-Premier League,1920,2019-12-26 Everton-Burnley,Burnley,Nick Pope,False,Goalkeeper,1,start,end,1.0,0.0,2.0,0.0,0.0,0.0,0.0,1.0,4.0,0.0,0.0,0.0,0.0,0.0,
ENG-Premier League,1920,2019-12-26 Everton-Burnley,Everton,Jordan Pickford,True,Goalkeeper,1,start,end,1.0,1.0,0.0,0.0,0.0,0.0,0.0,0.0,0.0,0.0,0.0,0.0,0.0,0.0,
ENG-Premier League,1920,2019-12-26 Leicester City-Liverpool,Leicester City,Kasper Schmeichel,True,Goalkeeper,1,start,end,1.0,0.0,0.0,0.0,0.0,0.0,0.0,4.0,2.0,0.0,0.0,0.0,0.0,0.0,
ENG-Premier League,1920,2019-12-26 Leicester City-Liverpool,Liverpool,Alisson Becker,False,Goalkeeper,1,start,end,1.0,0.0,0.0,0.0,0.0,0.0,0.0,0.0,0.0,0.0,0.0,0.0,0.0,0.0,
ENG-Premier League,1920,2019-12-26 Manchester United-Newcastle United,Manchester United,David de Gea,True,Goalkeeper,1,start,end,1.0,0.0,0.0,0.0,0.0,0.0,0.0,1.0,1.0,0.0,0.0,0.0,0.0,0.0,
ENG-Premier League,1920,2019-12-26 Manchester United-Newcastle United,Newcastle United,Martin Dúbravka,False,Goalkeeper,1,start,end,1.0,0.0,0.0,0.0,0.0,0.0,0.0,4.0,6.0,0.0,0.0,0.0,0.0,0.0,
ENG-Premier League,1920,2019-12-26 Sheffield United-Watford,Sheffield United,Dean Henderson,True,Goalkeeper,1,start,end,1.0,0.0,0.0,0.0,0.0,0.0,0.0,1.0,1.0,0.0,0.0,0.0,0.0,0.0,
ENG-Premier League,1920,2019-12-26 Sheffield United-Watford,Watford,Ben Foster,False,Goalkeeper,1,start,end,1.0,0.0,0.0,0.0,0.0,0.0,0.0,1.0,3.0,0.0,0.0,0.0,0.0,0.0,
ENG-Premier League,1920,2019-12-26 Tottenham Hotspur-Brighton & Hove Albion,Brighton & Hove Albion,Mathew Ryan,False,Goalkeeper,1,start,end,1.0,0.0,0.0,0.0,0.0,0.0,0.0,2.0,3.0,0.0,0.0,0.0,0.0,0.0,
ENG-Premier League,1920,2019-12-26 Tottenham Hotspur-Brighton & Hove Albion,Tottenham Hotspur,Paulo Gazzaniga,True,Goalkeeper,1,start,end,1.0,0.0,0.0,0.0,0.0,0.0,0.0,1.0,4.0,0.0,0.0,0.0,0.0,0.0,
ENG-Premier League,1920,2019-12-27 Wolverhampton Wanderers-Manchester City,Manchester City,Ederson,False,Goalkeeper,1,start,end,1.0,1.0,0.0,0.0,1.0,0.0,0.0,0.0,0.0,0.0,0.0,0.0,0.0,0.0,
ENG-Premier League,1920,2019-12-27 Wolverhampton Wanderers-Manchester City,Wolverhampton Wanderers,Rui Patrício,True,Goalkeeper,1,start,end,1.0,0.0,0.0,0.0,0.0,0.0,0.0,2.0,1.0,0.0,0.0,0.0,0.0,0.0,
ENG-Premier League,1920,2019-12-28 Brighton & Hove Albion-AFC Bournemouth,AFC Bournemouth,Aaron Ramsdale,False,Goalkeeper,1,start,end,1.0,0.0,0.0,0.0,0.0,0.0,0.0,2.0,4.0,0.0,0.0,0.0,0.0,0.0,
ENG-Premier League,1920,2019-12-28 Brighton & Hove Albion-AFC Bournemouth,Brighton & Hove Albion,Mathew Ryan,True,Goalkeeper,1,start,end,1.0,0.0,0.0,0.0,0.0,0.0,0.0,0.0,2.0,0.0,0.0,0.0,0.0,0.0,
ENG-Premier League,1920,2019-12-28 Burnley-Manchester United,Burnley,Nick Pope,True,Goalkeeper,1,start,end,1.0,0.0,1.0,0.0,0.0,0.0,0.0,2.0,2.0,0.0,0.0,0.0,0.0,0.0,
ENG-Premier League,1920,2019-12-28 Burnley-Manchester United,Manchester United,David de Gea,False,Goalkeeper,1,start,end,1.0,0.0,0.0,0.0,0.0,0.0,0.0,0.0,1.0,0.0,0.0,0.0,0.0,0.0,
ENG-Premier League,1920,2019-12-28 Newcastle United-Everton,Everton,Jordan Pickford,False,Goalkeeper,1,start,end,1.0,0.0,0.0,0.0,0.0,0.0,0.0,1.0,4.0,0.0,0.0,0.0,0.0,0.0,
ENG-Premier League,1920,2019-12-28 Newcastle United-Everton,Newcastle United,Martin Dúbravka,True,Goalkeeper,1,start,end,1.0,0.0,0.0,0.0,0.0,0.0,0.0,2.0,7.0,0.0,0.0,0.0,0.0,0.0,
ENG-Premier League,1920,2019-12-28 Norwich City-Tottenham Hotspur,Norwich City,Tim Krul,True,Goalkeeper,1,start,end,1.0,0.0,0.0,0.0,0.0,0.0,1.0,2.0,5.0,0.0,0.0,0.0,0.0,0.0,
ENG-Premier League,1920,2019-12-28 Norwich City-Tottenham Hotspur,Tottenham Hotspur,Paulo Gazzaniga,False,Goalkeeper,1,start,end,1.0,0.0,0.0,0.0,0.0,0.0,0.0,2.0,1.0,0.0,0.0,0.0,0.0,0.0,
ENG-Premier League,1920,2019-12-28 Southampton-Crystal Palace,Crystal Palace,Vicente Guaita,False,Goalkeeper,1,start,end,1.0,0.0,0.0,0.0,0.0,0.0,0.0,1.0,4.0,0.0,0.0,0.0,0.0,0.0,
ENG-Premier League,1920,2019-12-28 Southampton-Crystal Palace,Southampton,Alex McCarthy,True,Goalkeeper,1,start,end,1.0,0.0,0.0,0.0,0.0,0.0,0.0,1.0,1.0,0.0,0.0,0.0,0.0,0.0,
ENG-Premier League,1920,2019-12-28 Watford-Aston Villa,Aston Villa,Tom Heaton,False,Goalkeeper,1,start,end,1.0,0.0,0.0,0.0,0.0,0.0,0.0,3.0,3.0,0.0,0.0,0.0,0.0,0.0,
ENG-Premier League,1920,2019-12-28 Watford-Aston Villa,Watford,Ben Foster,True,Goalkeeper,1,start,end,1.0,0.0,0.0,0.0,0.0,0.0,0.0,0.0,2.0,0.0,0.0,0.0,0.0,0.0,
ENG-Premier League,1920,2019-12-28 West Ham United-Leicester City,Leicester City,Kasper Schmeichel,False,Goalkeeper,1,start,end,1.0,0.0,0.0,0.0,0.0,0.0,0.0,1.0,3.0,0.0,0.0,0.0,0.0,0.0,
ENG-Premier League,1920,2019-12-28 West Ham United-Leicester City,West Ham United,Lukasz Fabianski,True,Goalkeeper,1,start,end,1.0,1.0,0.0,0.0,0.0,0.0,1.0,2.0,6.0,0.0,0.0,0.0,0.0,0.0,
ENG-Premier League,1920,2019-12-29 Arsenal-Chelsea,Arsenal,Bernd Leno,True,Goalkeeper,1,start,end,1.0,0.0,0.0,0.0,0.0,0.0,0.0,2.0,2.0,0.0,0.0,0.0,0.0,0.0,
ENG-Premier League,1920,2019-12-29 Arsenal-Chelsea,Chelsea,Kepa Arrizabalaga,False,Goalkeeper,1,start,end,1.0,0.0,0.0,0.0,0.0,0.0,0.0,1.0,1.0,0.0,0.0,0.0,0.0,0.0,
ENG-Premier League,1920,2019-12-29 Liverpool-Wolverhampton Wanderers,Liverpool,Alisson Becker,True,Goalkeeper,1,start,end,1.0,0.0,0.0,0.0,0.0,0.0,0.0,0.0,2.0,0.0,0.0,0.0,0.0,0.0,
ENG-Premier League,1920,2019-12-29 Liverpool-Wolverhampton Wanderers,Wolverhampton Wanderers,Rui Patrício,False,Goalkeeper,1,start,end,1.0,0.0,0.0,0.0,0.0,0.0,0.0,1.0,2.0,0.0,0.0,0.0,0.0,0.0,
ENG-Premier League,1920,2019-12-29 Manchester City-Sheffield United,Manchester City,Claudio Bravo,True,Goalkeeper,1,start,end,1.0,0.0,0.0,0.0,0.0,0.0,0.0,0.0,0.0,0.0,0.0,0.0,0.0,0.0,
ENG-Premier League,1920,2019-12-29 Manchester City-Sheffield United,Sheffield United,Dean Henderson,False,Goalkeeper,1,start,end,1.0,0.0,0.0,0.0,0.0,0.0,0.0,2.0,2.0,0.0,0.0,0.0,0.0,0.0,
ENG-Premier League,1920,2020-01-01 Arsenal-Manchester United,Arsenal,Bernd Leno,True,Goalkeeper,1,start,end,1.0,0.0,0.0,0.0,0.0,0.0,0.0,0.0,4.0,0.0,0.0,0.0,0.0,0.0,
ENG-Premier League,1920,2020-01-01 Arsenal-Manchester United,Manchester United,David de Gea,False,Goalkeeper,1,start,end,1.0,0.0,0.0,0.0,0.0,0.0,0.0,2.0,2.0,0.0,0.0,0.0,0.0,0.0,
ENG-Premier League,1920,2020-01-01 Brighton & Hove Albion-Chelsea,Brighton & Hove Albion,Mathew Ryan,True,Goalkeeper,1,start,end,1.0,0.0,0.0,0.0,0.0,0.0,0.0,1.0,3.0,0.0,0.0,0.0,0.0,0.0,
ENG-Premier League,1920,2020-01-01 Brighton & Hove Albion-Chelsea,Chelsea,Kepa Arrizabalaga,False,Goalkeeper,1,start,end,1.0,0.0,1.0,0.0,0.0,0.0,0.0,1.0,4.0,0.0,0.0,0.0,0.0,0.0,
ENG-Premier League,1920,2020-01-01 Burnley-Aston Villa,Aston Villa,Tom Heaton,False,Goalkeeper,1,start,85,1.0,0.0,1.0,0.0,0.0,0.0,0.0,1.0,0.0,0.0,0.0,0.0,0.0,0.0,
ENG-Premier League,1920,2020-01-01 Burnley-Aston Villa,Burnley,Nick Pope,True,Goalkeeper,1,start,end,1.0,0.0,0.0,0.0,0.0,0.0,0.0,2.0,4.0,0.0,0.0,0.0,0.0,0.0,
ENG-Premier League,1920,2020-01-01 Manchester City-Everton,Everton,Jordan Pickford,False,Goalkeeper,1,start,end,1.0,0.0,0.0,0.0,0.0,0.0,0.0,2.0,5.0,0.0,0.0,0.0,0.0,0.0,
ENG-Premier League,1920,2020-01-01 Manchester City-Everton,Manchester City,Claudio Bravo,True,Goalkeeper,1,start,end,1.0,0.0,0.0,0.0,0.0,0.0,0.0,1.0,1.0,0.0,0.0,0.0,0.0,0.0,
ENG-Premier League,1920,2020-01-01 Newcastle United-Leicester City,Leicester City,Kasper Schmeichel,False,Goalkeeper,1,start,end,1.0,0.0,0.0,0.0,0.0,0.0,0.0,0.0,2.0,0.0,0.0,0.0,0.0,0.0,
ENG-Premier League,1920,2020-01-01 Newcastle United-Leicester City,Newcastle United,Martin Dúbravka,True,Goalkeeper,1,start,end,1.0,0.0,1.0,0.0,0.0,0.0,0.0,3.0,7.0,0.0,0.0,0.0,0.0,0.0,
ENG-Premier League,1920,2020-01-01 Norwich City-Crystal Palace,Crystal Palace,Vicente Guaita,False,Goalkeeper,1,start,end,1.0,0.0,0.0,0.0,0.0,0.0,0.0,1.0,3.0,0.0,0.0,0.0,0.0,0.0,
ENG-Premier League,1920,2020-01-01 Norwich City-Crystal Palace,Norwich City,Tim Krul,True,Goalkeeper,1,start,end,1.0,0.0,0.0,0.0,0.0,0.0,0.0,1.0,2.0,0.0,0.0,0.0,0.0,0.0,
ENG-Premier League,1920,2020-01-01 Southampton-Tottenham Hotspur,Southampton,Alex McCarthy,True,Goalkeeper,1,start,end,1.0,0.0,1.0,0.0,0.0,0.0,0.0,0.0,5.0,0.0,0.0,0.0,0.0,0.0,
ENG-Premier League,1920,2020-01-01 Southampton-Tottenham Hotspur,Tottenham Hotspur,Paulo Gazzaniga,False,Goalkeeper,1,start,end,1.0,0.0,0.0,0.0,0.0,0.0,0.0,1.0,2.0,0.0,0.0,0.0,0.0,0.0,
ENG-Premier League,1920,2020-01-01 Watford-Wolverhampton Wanderers,Watford,Ben Foster,True,Goalkeeper,1,start,end,1.0,0.0,1.0,0.0,0.0,0.0,1.0,1.0,3.0,0.0,0.0,0.0,0.0,0.0,
ENG-Premier League,1920,2020-01-01 Watford-Wolverhampton Wanderers,Wolverhampton Wanderers,Rui Patrício,False,Goalkeeper,1,start,end,1.0,0.0,0.0,0.0,0.0,0.0,0.0,2.0,1.0,0.0,0.0,0.0,0.0,0.0,
ENG-Premier League,1920,2020-01-01 West Ham United-AFC Bournemouth,AFC Bournemouth,Aaron Ramsdale,False,Goalkeeper,1,start,end,1.0,0.0,0.0,0.0,0.0,0.0,0.0,4.0,3.0,0.0,0.0,0.0,0.0,0.0,
ENG-Premier League,1920,2020-01-01 West Ham United-AFC Bournemouth,West Ham United,Lukasz Fabianski,True,Goalkeeper,1,start,end,1.0,0.0,0.0,0.0,0.0,0.0,0.0,0.0,2.0,0.0,0.0,0.0,0.0,0.0,
ENG-Premier League,1920,2020-01-02 Liverpool-Sheffield United,Liverpool,Alisson Becker,True,Goalkeeper,1,start,end,1.0,0.0,0.0,0.0,0.0,0.0,0.0,0.0,2.0,0.0,0.0,0.0,0.0,0.0,
ENG-Premier League,1920,2020-01-02 Liverpool-Sheffield United,Sheffield United,Dean Henderson,False,Goalkeeper,1,start,end,1.0,0.0,0.0,0.0,0.0,0.0,0.0,2.0,5.0,0.0,0.0,0.0,0.0,0.0,
ENG-Premier League,1920,2020-01-10 Sheffield United-West Ham United,Sheffield United,Dean Henderson,True,Goalkeeper,1,start,end,1.0,0.0,0.0,0.0,0.0,0.0,0.0,0.0,2.0,0.0,0.0,0.0,0.0,0.0,
ENG-Premier League,1920,2020-01-10 Sheffield United-West Ham United,West Ham United,Lukasz Fabianski,False,Goalkeeper,1,start,15,1.0,0.0,0.0,0.0,0.0,0.0,0.0,0.0,0.0,0.0,0.0,0.0,0.0,0.0,
ENG-Premier League,1920,2020-01-11 Chelsea-Burnley,Burnley,Nick Pope,False,Goalkeeper,1,start,end,1.0,0.0,0.0,0.0,0.0,0.0,0.0,3.0,5.0,0.0,0.0,0.0,0.0,0.0,
ENG-Premier League,1920,2020-01-11 Chelsea-Burnley,Chelsea,Kepa Arrizabalaga,True,Goalkeeper,1,start,end,1.0,0.0,0.0,0.0,0.0,0.0,0.0,0.0,1.0,0.0,0.0,0.0,0.0,0.0,
ENG-Premier League,1920,2020-01-11 Crystal Palace-Arsenal,Arsenal,Bernd Leno,False,Goalkeeper,1,start,end,1.0,0.0,0.0,0.0,0.0,0.0,0.0,1.0,1.0,0.0,0.0,0.0,0.0,0.0,
ENG-Premier League,1920,2020-01-11 Crystal Palace-Arsenal,Crystal Palace,Vicente Guaita,True,Goalkeeper,1,start,end,1.0,0.0,1.0,0.0,0.0,0.0,0.0,1.0,3.0,0.0,0.0,0.0,0.0,0.0,
ENG-Premier League,1920,2020-01-11 Everton-Brighton & Hove Albion,Brighton & Hove Albion,Mathew Ryan,False,Goalkeeper,1,start,end,1.0,0.0,0.0,0.0,0.0,0.0,0.0,1.0,5.0,0.0,0.0,0.0,0.0,0.0,
ENG-Premier League,1920,2020-01-11 Everton-Brighton & Hove Albion,Everton,Jordan Pickford,True,Goalkeeper,1,start,end,1.0,0.0,0.0,0.0,0.0,0.0,1.0,0.0,2.0,0.0,0.0,0.0,0.0,0.0,
ENG-Premier League,1920,2020-01-11 Leicester City-Southampton,Leicester City,Kasper Schmeichel,True,Goalkeeper,1,start,end,1.0,0.0,0.0,0.0,0.0,0.0,0.0,2.0,7.0,0.0,0.0,0.0,0.0,0.0,
ENG-Premier League,1920,2020-01-11 Leicester City-Southampton,Southampton,Alex McCarthy,False,Goalkeeper,1,start,end,1.0,0.0,0.0,0.0,0.0,0.0,0.0,1.0,4.0,0.0,0.0,0.0,0.0,0.0,
ENG-Premier League,1920,2020-01-11 Manchester United-Norwich City,Manchester United,David de Gea,True,Goalkeeper,1,start,end,1.0,0.0,0.0,0.0,0.0,0.0,0.0,0.0,3.0,0.0,0.0,0.0,0.0,0.0,
ENG-Premier League,1920,2020-01-11 Manchester United-Norwich City,Norwich City,Tim Krul,False,Goalkeeper,1,start,end,1.0,1.0,0.0,0.0,0.0,0.0,0.0,4.0,2.0,0.0,0.0,0.0,0.0,0.0,
ENG-Premier League,1920,2020-01-11 Tottenham Hotspur-Liverpool,Liverpool,Alisson Becker,False,Goalkeeper,1,start,end,1.0,0.0,0.0,0.0,0.0,0.0,0.0,0.0,4.0,0.0,0.0,0.0,0.0,0.0,
ENG-Premier League,1920,2020-01-11 Tottenham Hotspur-Liverpool,Tottenham Hotspur,Paulo Gazzaniga,True,Goalkeeper,1,start,end,1.0,0.0,0.0,0.0,0.0,0.0,0.0,1.0,5.0,0.0,0.0,0.0,0.0,0.0,
ENG-Premier League,1920,2020-01-11 Wolverhampton Wanderers-Newcastle United,Newcastle United,Martin Dúbravka,False,Goalkeeper,1,start,end,1.0,0.0,0.0,0.0,0.0,0.0,0.0,1.0,2.0,0.0,0.0,0.0,0.0,0.0,
ENG-Premier League,1920,2020-01-11 Wolverhampton Wanderers-Newcastle United,Wolverhampton Wanderers,Rui Patrício,True,Goalkeeper,1,start,end,1.0,0.0,0.0,0.0,0.0,0.0,0.0,1.0,0.0,0.0,0.0,0.0,0.0,0.0,
ENG-Premier League,1920,2020-01-12 AFC Bournemouth-Watford,AFC Bournemouth,Mark Travers,True,Goalkeeper,1,start,end,1.0,0.0,0.0,0.0,0.0,0.0,0.0,3.0,2.0,0.0,0.0,0.0,0.0,0.0,
ENG-Premier League,1920,2020-01-12 AFC Bournemouth-Watford,Watford,Ben Foster,False,Goalkeeper,1,start,end,1.0,0.0,0.0,0.0,0.0,0.0,0.0,0.0,1.0,0.0,0.0,0.0,0.0,0.0,
ENG-Premier League,1920,2020-01-12 Aston Villa-Manchester City,Aston Villa,Ørjan Nyland,True,Goalkeeper,1,start,end,1.0,0.0,0.0,0.0,0.0,0.0,0.0,6.0,5.0,0.0,0.0,0.0,0.0,0.0,
ENG-Premier League,1920,2020-01-12 Aston Villa-Manchester City,Manchester City,Ederson,False,Goalkeeper,1,start,end,1.0,0.0,0.0,0.0,0.0,0.0,0.0,1.0,0.0,0.0,0.0,0.0,0.0,0.0,
ENG-Premier League,1920,2020-01-18 Arsenal-Sheffield United,Arsenal,Bernd Leno,True,Goalkeeper,1,start,end,1.0,0.0,0.0,0.0,0.0,0.0,0.0,1.0,2.0,0.0,0.0,0.0,0.0,0.0,
ENG-Premier League,1920,2020-01-18 Arsenal-Sheffield United,Sheffield United,Dean Henderson,False,Goalkeeper,1,start,end,1.0,0.0,0.0,0.0,0.0,0.0,0.0,1.0,3.0,0.0,0.0,0.0,0.0,0.0,
ENG-Premier League,1920,2020-01-18 Brighton & Hove Albion-Aston Villa,Aston Villa,Pepe Reina,False,Goalkeeper,1,start,end,1.0,0.0,1.0,0.0,0.0,0.0,0.0,1.0,1.0,0.0,0.0,0.0,0.0,0.0,
ENG-Premier League,1920,2020-01-18 Brighton & Hove Albion-Aston Villa,Brighton & Hove Albion,Mathew Ryan,True,Goalkeeper,1,start,end,1.0,0.0,0.0,0.0,0.0,0.0,0.0,1.0,2.0,0.0,0.0,0.0,0.0,0.0,
ENG-Premier League,1920,2020-01-18 Manchester City-Crystal Palace,Crystal Palace,Vicente Guaita,False,Goalkeeper,1,start,end,1.0,0.0,0.0,0.0,0.0,0.0,0.0,2.0,4.0,0.0,0.0,0.0,0.0,0.0,
ENG-Premier League,1920,2020-01-18 Manchester City-Crystal Palace,Manchester City,Ederson,True,Goalkeeper,1,start,end,1.0,0.0,0.0,0.0,0.0,0.0,0.0,2.0,2.0,0.0,0.0,0.0,0.0,0.0,
ENG-Premier League,1920,2020-01-18 Newcastle United-Chelsea,Chelsea,Kepa Arrizabalaga,False,Goalkeeper,1,start,end,1.0,0.0,0.0,0.0,0.0,0.0,0.0,1.0,1.0,0.0,0.0,0.0,0.0,0.0,
ENG-Premier League,1920,2020-01-18 Newcastle United-Chelsea,Newcastle United,Martin Dúbravka,True,Goalkeeper,1,start,end,1.0,0.0,0.0,0.0,0.0,0.0,0.0,0.0,3.0,0.0,0.0,0.0,0.0,0.0,
ENG-Premier League,1920,2020-01-18 Norwich City-AFC Bournemouth,AFC Bournemouth,Aaron Ramsdale,False,Goalkeeper,1,start,end,1.0,0.0,0.0,0.0,0.0,0.0,0.0,1.0,3.0,0.0,0.0,0.0,0.0,0.0,
ENG-Premier League,1920,2020-01-18 Norwich City-AFC Bournemouth,Norwich City,Tim Krul,True,Goalkeeper,1,start,end,1.0,0.0,0.0,0.0,0.0,0.0,1.0,0.0,3.0,0.0,0.0,0.0,0.0,0.0,
ENG-Premier League,1920,2020-01-18 Southampton-Wolverhampton Wanderers,Southampton,Alex McCarthy,True,Goalkeeper,1,start,end,1.0,0.0,0.0,0.0,0.0,0.0,0.0,3.0,1.0,0.0,0.0,0.0,0.0,0.0,
ENG-Premier League,1920,2020-01-18 Southampton-Wolverhampton Wanderers,Wolverhampton Wanderers,Rui Patrício,False,Goalkeeper,1,start,end,1.0,0.0,0.0,0.0,0.0,0.0,0.0,2.0,3.0,0.0,0.0,0.0,0.0,0.0,
ENG-Premier League,1920,2020-01-18 Watford-Tottenham Hotspur,Tottenham Hotspur,Paulo Gazzaniga,False,Goalkeeper,1,start,end,1.0,0.0,0.0,0.0,0.0,0.0,0.0,0.0,2.0,0.0,0.0,0.0,0.0,0.0,
ENG-Premier League,1920,2020-01-18 Watford-Tottenham Hotspur,Watford,Ben Foster,True,Goalkeeper,1,start,end,1.0,0.0,0.0,0.0,0.0,0.0,0.0,0.0,4.0,0.0,0.0,0.0,0.0,0.0,
ENG-Premier League,1920,2020-01-18 West Ham United-Everton,Everton,Jordan Pickford,False,Goalkeeper,1,start,end,1.0,0.0,0.0,0.0,0.0,0.0,0.0,1.0,4.0,0.0,0.0,0.0,0.0,0.0,
ENG-Premier League,1920,2020-01-18 West Ham United-Everton,West Ham United,Darren Randolph,True,Goalkeeper,1,start,end,1.0,0.0,0.0,0.0,0.0,0.0,0.0,1.0,2.0,0.0,0.0,0.0,0.0,0.0,
ENG-Premier League,1920,2020-01-19 Burnley-Leicester City,Burnley,Nick Pope,True,Goalkeeper,1,start,end,1.0,0.0,0.0,0.0,0.0,0.0,0.0,1.0,7.0,0.0,0.0,0.0,0.0,0.0,
ENG-Premier League,1920,2020-01-19 Burnley-Leicester City,Leicester City,Kasper Schmeichel,False,Goalkeeper,1,start,end,1.0,0.0,1.0,0.0,0.0,0.0,0.0,2.0,3.0,0.0,0.0,0.0,0.0,0.0,
ENG-Premier League,1920,2020-01-19 Liverpool-Manchester United,Liverpool,Alisson Becker,True,Goalkeeper,1,start,end,1.0,0.0,0.0,0.0,0.0,0.0,0.0,0.0,4.0,0.0,1.0,0.0,0.0,0.0,
ENG-Premier League,1920,2020-01-19 Liverpool-Manchester United,Manchester United,David de Gea,False,Goalkeeper,1,start,end,1.0,0.0,1.0,0.0,0.0,0.0,1.0,2.0,3.0,0.0,0.0,0.0,0.0,0.0,
ENG-Premier League,1920,2020-01-21 AFC Bournemouth-Brighton & Hove Albion,AFC Bournemouth,Aaron Ramsdale,True,Goalkeeper,1,start,end,1.0,0.0,0.0,0.0,0.0,0.0,0.0,1.0,7.0,0.0,0.0,0.0,0.0,0.0,
ENG-Premier League,1920,2020-01-21 AFC Bournemouth-Brighton & Hove Albion,Brighton & Hove Albion,Mathew Ryan,False,Goalkeeper,1,start,end,1.0,0.0,0.0,0.0,0.0,0.0,0.0,3.0,1.0,0.0,0.0,0.0,0.0,0.0,
ENG-Premier League,1920,2020-01-21 Aston Villa-Watford,Aston Villa,Pepe Reina,True,Goalkeeper,1,start,end,1.0,0.0,1.0,0.0,0.0,0.0,0.0,1.0,1.0,0.0,0.0,0.0,0.0,0.0,
ENG-Premier League,1920,2020-01-21 Aston Villa-Watford,Watford,Ben Foster,False,Goalkeeper,1,start,end,1.0,0.0,0.0,0.0,0.0,0.0,0.0,2.0,3.0,0.0,0.0,0.0,0.0,0.0,
ENG-Premier League,1920,2020-01-21 Chelsea-Arsenal,Arsenal,Bernd Leno,False,Goalkeeper,1,start,end,1.0,0.0,0.0,0.0,0.0,0.0,0.0,2.0,6.0,0.0,0.0,0.0,0.0,0.0,
ENG-Premier League,1920,2020-01-21 Chelsea-Arsenal,Chelsea,Kepa Arrizabalaga,True,Goalkeeper,1,start,end,1.0,0.0,0.0,0.0,0.0,0.0,0.0,2.0,0.0,0.0,0.0,0.0,0.0,0.0,
ENG-Premier League,1920,2020-01-21 Crystal Palace-Southampton,Crystal Palace,Vicente Guaita,True,Goalkeeper,1,start,end,1.0,0.0,0.0,0.0,0.0,0.0,0.0,2.0,4.0,0.0,0.0,0.0,0.0,0.0,
ENG-Premier League,1920,2020-01-21 Crystal Palace-Southampton,Southampton,Alex McCarthy,False,Goalkeeper,1,start,end,1.0,0.0,0.0,0.0,0.0,0.0,0.0,0.0,0.0,0.0,0.0,0.0,0.0,0.0,
ENG-Premier League,1920,2020-01-21 Everton-Newcastle United,Everton,Jordan Pickford,True,Goalkeeper,1,start,end,1.0,0.0,0.0,0.0,0.0,0.0,0.0,2.0,1.0,0.0,0.0,0.0,0.0,0.0,
ENG-Premier League,1920,2020-01-21 Everton-Newcastle United,Newcastle United,Martin Dúbravka,False,Goalkeeper,1,start,end,1.0,0.0,0.0,0.0,0.0,0.0,0.0,2.0,6.0,0.0,0.0,0.0,0.0,0.0,
ENG-Premier League,1920,2020-01-21 Sheffield United-Manchester City,Manchester City,Ederson,False,Goalkeeper,1,start,end,1.0,0.0,1.0,0.0,0.0,0.0,0.0,0.0,1.0,0.0,0.0,0.0,0.0,0.0,
ENG-Premier League,1920,2020-01-21 Sheffield United-Manchester City,Sheffield United,Dean Henderson,True,Goalkeeper,1,start,end,1.0,0.0,0.0,0.0,0.0,0.0,0.0,1.0,4.0,0.0,0.0,0.0,0.0,0.0,
ENG-Premier League,1920,2020-01-22 Leicester City-West Ham United,Leicester City,Kasper Schmeichel,True,Goalkeeper,1,start,end,1.0,0.0,1.0,0.0,0.0,0.0,1.0,1.0,1.0,0.0,0.0,0.0,0.0,0.0,
ENG-Premier League,1920,2020-01-22 Leicester City-West Ham United,West Ham United,Darren Randolph,False,Goalkeeper,1,start,end,1.0,0.0,0.0,0.0,0.0,0.0,0.0,4.0,4.0,0.0,0.0,0.0,0.0,0.0,
ENG-Premier League,1920,2020-01-22 Manchester United-Burnley,Burnley,Nick Pope,False,Goalkeeper,1,start,end,1.0,0.0,0.0,0.0,0.0,0.0,0.0,0.0,7.0,0.0,0.0,0.0,0.0,0.0,
ENG-Premier League,1920,2020-01-22 Manchester United-Burnley,Manchester United,David de Gea,True,Goalkeeper,1,start,end,1.0,0.0,0.0,0.0,0.0,0.0,0.0,2.0,0.0,0.0,0.0,0.0,0.0,0.0,
ENG-Premier League,1920,2020-01-22 Tottenham Hotspur-Norwich City,Norwich City,Tim Krul,False,Goalkeeper,1,start,end,1.0,0.0,0.0,0.0,0.0,0.0,0.0,2.0,1.0,0.0,0.0,0.0,0.0,0.0,
ENG-Premier League,1920,2020-01-22 Tottenham Hotspur-Norwich City,Tottenham Hotspur,Hugo Lloris,True,Goalkeeper,1,start,end,1.0,0.0,0.0,0.0,0.0,0.0,0.0,1.0,1.0,0.0,0.0,0.0,0.0,0.0,
ENG-Premier League,1920,2020-01-23 Wolverhampton Wanderers-Liverpool,Liverpool,Alisson Becker,False,Goalkeeper,1,start,end,1.0,0.0,1.0,0.0,0.0,0.0,0.0,1.0,2.0,0.0,0.0,0.0,0.0,0.0,
ENG-Premier League,1920,2020-01-23 Wolverhampton Wanderers-Liverpool,Wolverhampton Wanderers,Rui Patrício,True,Goalkeeper,1,start,end,1.0,0.0,1.0,0.0,0.0,0.0,0.0,2.0,4.0,0.0,0.0,0.0,0.0,0.0,
ENG-Premier League,1920,2020-01-29 West Ham United-Liverpool,Liverpool,Alisson Becker,False,Goalkeeper,1,start,end,1.0,0.0,0.0,0.0,0.0,0.0,0.0,0.0,4.0,0.0,0.0,0.0,0.0,0.0,
ENG-Premier League,1920,2020-01-29 West Ham United-Liverpool,West Ham United,Lukasz Fabianski,True,Goalkeeper,1,start,end,1.0,0.0,0.0,0.0,0.0,0.0,0.0,2.0,3.0,0.0,0.0,0.0,0.0,0.0,
ENG-Premier League,1920,2020-02-01 AFC Bournemouth-Aston Villa,AFC Bournemouth,Aaron Ramsdale,True,Goalkeeper,1,start,end,1.0,0.0,0.0,0.0,0.0,0.0,0.0,1.0,4.0,0.0,0.0,0.0,0.0,0.0,
ENG-Premier League,1920,2020-02-01 AFC Bournemouth-Aston Villa,Aston Villa,Pepe Reina,False,Goalkeeper,1,start,end,1.0,0.0,1.0,0.0,0.0,0.0,0.0,2.0,4.0,0.0,0.0,0.0,0.0,0.0,
ENG-Premier League,1920,2020-02-01 Crystal Palace-Sheffield United,Crystal Palace,Vicente Guaita,True,Goalkeeper,1,start,end,1.0,0.0,0.0,1.0,0.0,0.0,0.0,1.0,3.0,0.0,0.0,0.0,0.0,0.0,
ENG-Premier League,1920,2020-02-01 Crystal Palace-Sheffield United,Sheffield United,Dean Henderson,False,Goalkeeper,1,start,end,1.0,0.0,0.0,0.0,0.0,0.0,0.0,0.0,3.0,0.0,0.0,0.0,0.0,0.0,
ENG-Premier League,1920,2020-02-01 Leicester City-Chelsea,Chelsea,Wilfredo Caballero,False,Goalkeeper,1,start,end,1.0,0.0,0.0,0.0,0.0,0.0,0.0,2.0,2.0,0.0,0.0,0.0,0.0,0.0,
ENG-Premier League,1920,2020-02-01 Leicester City-Chelsea,Leicester City,Kasper Schmeichel,True,Goalkeeper,1,start,end,1.0,0.0,0.0,0.0,0.0,0.0,0.0,2.0,1.0,0.0,0.0,0.0,0.0,0.0,
ENG-Premier League,1920,2020-02-01 Liverpool-Southampton,Liverpool,Alisson Becker,True,Goalkeeper,1,start,end,1.0,0.0,0.0,0.0,0.0,0.0,0.0,0.0,4.0,0.0,0.0,0.0,0.0,0.0,
ENG-Premier League,1920,2020-02-01 Liverpool-Southampton,Southampton,Alex McCarthy,False,Goalkeeper,1,start,end,1.0,0.0,0.0,0.0,0.0,0.0,0.0,4.0,5.0,0.0,0.0,0.0,0.0,0.0,
ENG-Premier League,1920,2020-02-01 Manchester United-Wolverhampton Wanderers,Manchester United,David de Gea,True,Goalkeeper,1,start,end,1.0,0.0,0.0,0.0,0.0,0.0,0.0,0.0,4.0,0.0,0.0,0.0,0.0,0.0,
ENG-Premier League,1920,2020-02-01 Manchester United-Wolverhampton Wanderers,Wolverhampton Wanderers,Rui Patrício,False,Goalkeeper,1,start,end,1.0,0.0,0.0,0.0,0.0,0.0,0.0,0.0,5.0,0.0,0.0,0.0,0.0,0.0,
ENG-Premier League,1920,2020-02-01 Newcastle United-Norwich City,Newcastle United,Martin Dúbravka,True,Goalkeeper,1,start,end,1.0,0.0,0.0,0.0,0.0,0.0,0.0,0.0,4.0,0.0,0.0,0.0,0.0,0.0,
ENG-Premier League,1920,2020-02-01 Newcastle United-Norwich City,Norwich City,Tim Krul,False,Goalkeeper,1,start,end,1.0,0.0,0.0,0.0,0.0,0.0,0.0,0.0,6.0,0.0,0.0,0.0,0.0,0.0,
ENG-Premier League,1920,2020-02-01 Watford-Everton,Everton,Jordan Pickford,False,Goalkeeper,1,start,end,1.0,0.0,0.0,0.0,0.0,0.0,0.0,2.0,0.0,0.0,0.0,0.0,0.0,0.0,
ENG-Premier League,1920,2020-02-01 Watford-Everton,Watford,Ben Foster,True,Goalkeeper,1,start,end,1.0,0.0,1.0,0.0,0.0,0.0,0.0,3.0,2.0,0.0,0.0,0.0,0.0,0.0,
ENG-Premier League,1920,2020-02-01 West Ham United-Brighton & Hove Albion,Brighton & Hove Albion,Mathew Ryan,False,Goalkeeper,1,start,end,1.0,0.0,0.0,0.0,0.0,0.0,0.0,3.0,3.0,0.0,0.0,0.0,0.0,0.0,
ENG-Premier League,1920,2020-02-01 West Ham United-Brighton & Hove Albion,West Ham United,Lukasz Fabianski,True,Goalkeeper,1,start,end,1.0,0.0,1.0,0.0,0.0,0.0,0.0,3.0,4.0,0.0,0.0,0.0,0.0,0.0,
ENG-Premier League,1920,2020-02-02 Burnley-Arsenal,Arsenal,Bernd Leno,False,Goalkeeper,1,start,end,1.0,0.0,0.0,0.0,0.0,0.0,0.0,0.0,2.0,0.0,0.0,0.0,0.0,0.0,
ENG-Premier League,1920,2020-02-02 Burnley-Arsenal,Burnley,Nick Pope,True,Goalkeeper,1,start,end,1.0,0.0,0.0,0.0,0.0,0.0,0.0,0.0,2.0,0.0,0.0,0.0,0.0,0.0,
ENG-Premier League,1920,2020-02-02 Tottenham Hotspur-Manchester City,Manchester City,Ederson,False,Goalkeeper,1,start,end,1.0,0.0,0.0,0.0,0.0,0.0,0.0,2.0,1.0,0.0,0.0,0.0,0.0,0.0,
ENG-Premier League,1920,2020-02-02 Tottenham Hotspur-Manchester City,Tottenham Hotspur,Hugo Lloris,True,Goalkeeper,1,start,end,1.0,0.0,0.0,0.0,0.0,0.0,0.0,0.0,6.0,0.0,0.0,0.0,0.0,0.0,
ENG-Premier League,1920,2020-02-08 Brighton & Hove Albion-Watford,Brighton & Hove Albion,Mathew Ryan,True,Goalkeeper,1,start,end,1.0,0.0,0.0,0.0,0.0,0.0,0.0,1.0,1.0,0.0,0.0,0.0,0.0,0.0,
ENG-Premier League,1920,2020-02-08 Brighton & Hove Albion-Watford,Watford,Ben Foster,False,Goalkeeper,1,start,end,1.0,0.0,0.0,0.0,0.0,0.0,0.0,1.0,2.0,0.0,0.0,0.0,0.0,0.0,
ENG-Premier League,1920,2020-02-08 Everton-Crystal Palace,Crystal Palace,Vicente Guaita,False,Goalkeeper,1,start,end,1.0,0.0,0.0,0.0,0.0,0.0,0.0,3.0,5.0,0.0,0.0,0.0,0.0,0.0,
ENG-Premier League,1920,2020-02-08 Everton-Crystal Palace,Everton,Jordan Pickford,True,Goalkeeper,1,start,end,1.0,0.0,1.0,0.0,0.0,0.0,0.0,1.0,1.0,0.0,0.0,0.0,0.0,0.0,
ENG-Premier League,1920,2020-02-09 Sheffield United-AFC Bournemouth,AFC Bournemouth,Aaron Ramsdale,False,Goalkeeper,1,start,end,1.0,0.0,0.0,0.0,0.0,0.0,0.0,2.0,3.0,0.0,0.0,0.0,0.0,0.0,
ENG-Premier League,1920,2020-02-09 Sheffield United-AFC Bournemouth,Sheffield United,Dean Henderson,True,Goalkeeper,1,start,end,1.0,0.0,0.0,0.0,0.0,0.0,0.0,1.0,1.0,0.0,0.0,0.0,0.0,0.0,
ENG-Premier League,1920,2020-02-14 Wolverhampton Wanderers-Leicester City,Leicester City,Kasper Schmeichel,False,Goalkeeper,1,start,end,1.0,0.0,0.0,0.0,0.0,0.0,0.0,0.0,3.0,0.0,0.0,0.0,0.0,0.0,
ENG-Premier League,1920,2020-02-14 Wolverhampton Wanderers-Leicester City,Wolverhampton Wanderers,Rui Patrício,True,Goalkeeper,1,start,end,1.0,0.0,0.0,0.0,0.0,0.0,0.0,0.0,3.0,0.0,0.0,0.0,0.0,0.0,
ENG-Premier League,1920,2020-02-15 Norwich City-Liverpool,Liverpool,Alisson Becker,False,Goalkeeper,1,start,end,1.0,0.0,0.0,0.0,0.0,0.0,0.0,0.0,1.0,0.0,0.0,0.0,0.0,0.0,
ENG-Premier League,1920,2020-02-15 Norwich City-Liverpool,Norwich City,Tim Krul,True,Goalkeeper,1,start,end,1.0,0.0,0.0,0.0,0.0,0.0,0.0,1.0,5.0,0.0,0.0,0.0,0.0,0.0,
ENG-Premier League,1920,2020-02-15 Southampton-Burnley,Burnley,Nick Pope,False,Goalkeeper,1,start,end,1.0,0.0,0.0,0.0,0.0,0.0,0.0,1.0,1.0,0.0,0.0,0.0,0.0,0.0,
ENG-Premier League,1920,2020-02-15 Southampton-Burnley,Southampton,Alex McCarthy,True,Goalkeeper,1,start,end,1.0,0.0,0.0,0.0,0.0,0.0,0.0,2.0,4.0,0.0,0.0,0.0,0.0,0.0,
ENG-Premier League,1920,2020-02-16 Arsenal-Newcastle United,Arsenal,Bernd Leno,True,Goalkeeper,1,start,end,1.0,0.0,0.0,0.0,0.0,0.0,0.0,0.0,2.0,0.0,0.0,0.0,0.0,0.0,
ENG-Premier League,1920,2020-02-16 Arsenal-Newcastle United,Newcastle United,Martin Dúbravka,False,Goalkeeper,1,start,end,1.0,0.0,0.0,0.0,0.0,0.0,0.0,4.0,3.0,0.0,0.0,0.0,0.0,0.0,
ENG-Premier League,1920,2020-02-16 Aston Villa-Tottenham Hotspur,Aston Villa,Pepe Reina,True,Goalkeeper,1,start,end,1.0,0.0,0.0,0.0,0.0,0.0,0.0,3.0,7.0,0.0,0.0,0.0,0.0,0.0,
ENG-Premier League,1920,2020-02-16 Aston Villa-Tottenham Hotspur,Tottenham Hotspur,Hugo Lloris,False,Goalkeeper,1,start,end,1.0,0.0,0.0,0.0,0.0,0.0,0.0,2.0,3.0,0.0,0.0,0.0,0.0,0.0,
ENG-Premier League,1920,2020-02-17 Chelsea-Manchester United,Chelsea,Wilfredo Caballero,True,Goalkeeper,1,start,end,1.0,0.0,0.0,0.0,0.0,0.0,0.0,2.0,1.0,0.0,0.0,0.0,0.0,0.0,
ENG-Premier League,1920,2020-02-17 Chelsea-Manchester United,Manchester United,David de Gea,False,Goalkeeper,1,start,end,1.0,0.0,0.0,0.0,0.0,0.0,0.0,0.0,1.0,0.0,0.0,0.0,0.0,0.0,
ENG-Premier League,1920,2020-02-19 Manchester City-West Ham United,Manchester City,Ederson,True,Goalkeeper,1,start,end,1.0,0.0,0.0,0.0,0.0,0.0,0.0,0.0,0.0,0.0,0.0,0.0,0.0,0.0,
ENG-Premier League,1920,2020-02-19 Manchester City-West Ham United,West Ham United,Lukasz Fabianski,False,Goalkeeper,1,start,end,1.0,0.0,0.0,0.0,0.0,0.0,0.0,2.0,5.0,0.0,0.0,0.0,0.0,0.0,
ENG-Premier League,1920,2020-02-22 Burnley-AFC Bournemouth,AFC Bournemouth,Aaron Ramsdale,False,Goalkeeper,1,start,end,1.0,0.0,0.0,0.0,0.0,0.0,0.0,3.0,7.0,0.0,0.0,0.0,0.0,0.0,
ENG-Premier League,1920,2020-02-22 Burnley-AFC Bournemouth,Burnley,Nick Pope,True,Goalkeeper,1,start,end,1.0,0.0,0.0,0.0,0.0,0.0,0.0,0.0,4.0,0.0,0.0,0.0,0.0,0.0,
ENG-Premier League,1920,2020-02-22 Chelsea-Tottenham Hotspur,Chelsea,Wilfredo Caballero,True,Goalkeeper,1,start,end,1.0,0.0,0.0,0.0,0.0,0.0,0.0,1.0,3.0,0.0,0.0,0.0,0.0,0.0,
ENG-Premier League,1920,2020-02-22 Chelsea-Tottenham Hotspur,Tottenham Hotspur,Hugo Lloris,False,Goalkeeper,1,start,end,1.0,0.0,0.0,0.0,0.0,0.0,0.0,2.0,5.0,0.0,0.0,0.0,0.0,0.0,
ENG-Premier League,1920,2020-02-22 Crystal Palace-Newcastle United,Crystal Palace,Vicente Guaita,True,Goalkeeper,1,start,end,1.0,0.0,0.0,0.0,0.0,0.0,0.0,0.0,2.0,0.0,0.0,0.0,0.0,0.0,
ENG-Premier League,1920,2020-02-22 Crystal Palace-Newcastle United,Newcastle United,Martin Dúbravka,False,Goalkeeper,1,start,end,1.0,0.0,0.0,0.0,0.0,0.0,0.0,1.0,8.0,0.0,0.0,0.0,0.0,0.0,
ENG-Premier League,1920,2020-02-22 Leicester City-Manchester City,Leicester City,Kasper Schmeichel,True,Goalkeeper,1,start,end,1.0,0.0,0.0,0.0,0.0,0.0,0.0,1.0,6.0,0.0,0.0,0.0,0.0,0.0,
ENG-Premier League,1920,2020-02-22 Leicester City-Manchester City,Manchester City,Ederson,False,Goalkeeper,1,start,end,1.0,0.0,0.0,0.0,0.0,0.0,0.0,0.0,3.0,0.0,0.0,0.0,0.0,0.0,
ENG-Premier League,1920,2020-02-22 Sheffield United-Brighton & Hove Albion,Brighton & Hove Albion,Mathew Ryan,False,Goalkeeper,1,start,end,1.0,0.0,0.0,0.0,0.0,0.0,0.0,1.0,2.0,0.0,0.0,0.0,0.0,0.0,
ENG-Premier League,1920,2020-02-22 Sheffield United-Brighton & Hove Albion,Sheffield United,Dean Henderson,True,Goalkeeper,1,start,end,1.0,0.0,0.0,0.0,0.0,0.0,0.0,1.0,1.0,0.0,0.0,0.0,0.0,0.0,
ENG-Premier League,1920,2020-02-22 Southampton-Aston Villa,Aston Villa,Pepe Reina,False,Goalkeeper,1,start,end,1.0,1.0,0.0,0.0,0.0,0.0,1.0,2.0,7.0,0.0,0.0,0.0,0.0,0.0,
ENG-Premier League,1920,2020-02-22 Southampton-Aston Villa,Southampton,Alex McCarthy,True,Goalkeeper,1,start,end,1.0,0.0,1.0,0.0,0.0,0.0,0.0,0.0,1.0,0.0,0.0,0.0,0.0,0.0,
ENG-Premier League,1920,2020-02-23 Arsenal-Everton,Arsenal,Bernd Leno,True,Goalkeeper,1,start,end,1.0,0.0,0.0,0.0,0.0,0.0,0.0,2.0,3.0,0.0,0.0,0.0,0.0,0.0,
ENG-Premier League,1920,2020-02-23 Arsenal-Everton,Everton,Jordan Pickford,False,Goalkeeper,1,start,end,1.0,0.0,1.0,0.0,0.0,0.0,0.0,3.0,1.0,0.0,0.0,0.0,0.0,0.0,
ENG-Premier League,1920,2020-02-23 Manchester United-Watford,Manchester United,David de Gea,True,Goalkeeper,1,start,end,1.0,0.0,0.0,0.0,0.0,0.0,0.0,0.0,2.0,0.0,0.0,0.0,0.0,0.0,
ENG-Premier League,1920,2020-02-23 Manchester United-Watford,Watford,Ben Foster,False,Goalkeeper,1,start,end,1.0,1.0,0.0,0.0,0.0,0.0,0.0,3.0,5.0,0.0,0.0,0.0,0.0,0.0,
ENG-Premier League,1920,2020-02-23 Wolverhampton Wanderers-Norwich City,Norwich City,Tim Krul,False,Goalkeeper,1,start,end,1.0,0.0,0.0,0.0,0.0,0.0,0.0,3.0,3.0,0.0,0.0,0.0,0.0,0.0,
ENG-Premier League,1920,2020-02-23 Wolverhampton Wanderers-Norwich City,Wolverhampton Wanderers,Rui Patrício,True,Goalkeeper,1,start,end,1.0,0.0,0.0,0.0,0.0,0.0,0.0,0.0,4.0,0.0,0.0,0.0,0.0,0.0,
ENG-Premier League,1920,2020-02-24 Liverpool-West Ham United,Liverpool,Alisson Becker,True,Goalkeeper,1,start,end,1.0,0.0,0.0,0.0,0.0,0.0,0.0,2.0,2.0,0.0,0.0,0.0,0.0,0.0,
ENG-Premier League,1920,2020-02-24 Liverpool-West Ham United,West Ham United,Lukasz Fabianski,False,Goalkeeper,1,start,end,1.0,0.0,0.0,0.0,0.0,0.0,0.0,3.0,4.0,0.0,0.0,0.0,0.0,0.0,
ENG-Premier League,1920,2020-02-28 Norwich City-Leicester City,Leicester City,Kasper Schmeichel,False,Goalkeeper,1,start,end,1.0,0.0,0.0,0.0,0.0,0.0,1.0,1.0,5.0,0.0,0.0,0.0,0.0,0.0,
ENG-Premier League,1920,2020-02-28 Norwich City-Leicester City,Norwich City,Tim Krul,True,Goalkeeper,1,start,end,1.0,0.0,0.0,0.0,0.0,0.0,0.0,0.0,4.0,0.0,0.0,0.0,0.0,0.0,
ENG-Premier League,1920,2020-02-29 AFC Bournemouth-Chelsea,AFC Bournemouth,Aaron Ramsdale,True,Goalkeeper,1,start,end,1.0,0.0,0.0,0.0,0.0,0.0,0.0,2.0,5.0,0.0,0.0,0.0,0.0,0.0,
ENG-Premier League,1920,2020-02-29 AFC Bournemouth-Chelsea,Chelsea,Wilfredo Caballero,False,Goalkeeper,1,start,end,1.0,0.0,0.0,0.0,0.0,0.0,0.0,2.0,3.0,0.0,0.0,0.0,0.0,0.0,
ENG-Premier League,1920,2020-02-29 Brighton & Hove Albion-Crystal Palace,Brighton & Hove Albion,Mathew Ryan,True,Goalkeeper,1,start,end,1.0,0.0,0.0,0.0,0.0,0.0,0.0,1.0,2.0,0.0,0.0,0.0,0.0,0.0,
ENG-Premier League,1920,2020-02-29 Brighton & Hove Albion-Crystal Palace,Crystal Palace,Vicente Guaita,False,Goalkeeper,1,start,end,1.0,0.0,0.0,0.0,0.0,0.0,0.0,0.0,8.0,0.0,0.0,0.0,0.0,0.0,
ENG-Premier League,1920,2020-02-29 Newcastle United-Burnley,Burnley,Nick Pope,False,Goalkeeper,1,start,end,1.0,0.0,0.0,0.0,0.0,0.0,0.0,0.0,4.0,0.0,0.0,0.0,0.0,0.0,
ENG-Premier League,1920,2020-02-29 Newcastle United-Burnley,Newcastle United,Martin Dúbravka,True,Goalkeeper,1,start,end,1.0,0.0,0.0,0.0,0.0,0.0,0.0,0.0,0.0,0.0,0.0,0.0,0.0,0.0,
ENG-Premier League,1920,2020-02-29 Watford-Liverpool,Liverpool,Alisson Becker,False,Goalkeeper,1,start,end,1.0,0.0,0.0,0.0,0.0,0.0,0.0,3.0,2.0,0.0,0.0,0.0,0.0,0.0,
ENG-Premier League,1920,2020-02-29 Watford-Liverpool,Watford,Ben Foster,True,Goalkeeper,1,start,end,1.0,0.0,0.0,0.0,0.0,0.0,0.0,0.0,1.0,0.0,0.0,0.0,0.0,0.0,
ENG-Premier League,1920,2020-02-29 West Ham United-Southampton,Southampton,Alex McCarthy,False,Goalkeeper,1,start,end,1.0,0.0,0.0,0.0,0.0,0.0,0.0,3.0,4.0,0.0,0.0,0.0,0.0,0.0,
ENG-Premier League,1920,2020-02-29 West Ham United-Southampton,West Ham United,Lukasz Fabianski,True,Goalkeeper,1,start,end,1.0,0.0,0.0,0.0,0.0,0.0,0.0,1.0,1.0,0.0,0.0,0.0,0.0,0.0,
ENG-Premier League,1920,2020-03-01 Everton-Manchester United,Everton,Jordan Pickford,True,Goalkeeper,1,start,end,1.0,0.0,1.0,0.0,0.0,0.0,0.0,1.0,4.0,0.0,0.0,0.0,0.0,0.0,
ENG-Premier League,1920,2020-03-01 Everton-Manchester United,Manchester United,David de Gea,False,Goalkeeper,1,start,end,1.0,0.0,1.0,0.0,0.0,0.0,0.0,1.0,4.0,0.0,0.0,0.0,0.0,0.0,
ENG-Premier League,1920,2020-03-01 Tottenham Hotspur-Wolverhampton Wanderers,Tottenham Hotspur,Paulo Gazzaniga,True,Goalkeeper,1,start,end,1.0,0.0,0.0,0.0,0.0,0.0,0.0,3.0,1.0,0.0,0.0,0.0,0.0,0.0,
ENG-Premier League,1920,2020-03-01 Tottenham Hotspur-Wolverhampton Wanderers,Wolverhampton Wanderers,Rui Patrício,False,Goalkeeper,1,start,end,1.0,0.0,0.0,0.0,0.0,0.0,0.0,2.0,3.0,0.0,0.0,0.0,0.0,0.0,
ENG-Premier League,1920,2020-03-07 Arsenal-West Ham United,Arsenal,Bernd Leno,True,Goalkeeper,1,start,end,1.0,0.0,0.0,0.0,0.0,0.0,0.0,0.0,6.0,0.0,0.0,0.0,0.0,0.0,
ENG-Premier League,1920,2020-03-07 Arsenal-West Ham United,West Ham United,Lukasz Fabianski,False,Goalkeeper,1,start,end,1.0,0.0,0.0,0.0,0.0,0.0,0.0,1.0,1.0,0.0,0.0,0.0,0.0,0.0,
ENG-Premier League,1920,2020-03-07 Burnley-Tottenham Hotspur,Burnley,Nick Pope,True,Goalkeeper,1,start,end,1.0,0.0,0.0,0.0,0.0,0.0,0.0,1.0,1.0,0.0,0.0,0.0,0.0,0.0,
ENG-Premier League,1920,2020-03-07 Burnley-Tottenham Hotspur,Tottenham Hotspur,Hugo Lloris,False,Goalkeeper,1,start,end,1.0,0.0,0.0,0.0,0.0,0.0,0.0,1.0,6.0,0.0,0.0,0.0,0.0,0.0,
ENG-Premier League,1920,2020-03-07 Crystal Palace-Watford,Crystal Palace,Vicente Guaita,True,Goalkeeper,1,start,end,1.0,0.0,0.0,0.0,0.0,0.0,0.0,0.0,3.0,0.0,0.0,0.0,0.0,0.0,
ENG-Premier League,1920,2020-03-07 Crystal Palace-Watford,Watford,Ben Foster,False,Goalkeeper,1,start,end,1.0,0.0,0.0,0.0,0.0,0.0,0.0,1.0,2.0,0.0,0.0,0.0,0.0,0.0,
ENG-Premier League,1920,2020-03-07 Liverpool-AFC Bournemouth,AFC Bournemouth,Aaron Ramsdale,False,Goalkeeper,1,start,end,1.0,0.0,0.0,0.0,0.0,0.0,0.0,2.0,4.0,0.0,0.0,0.0,0.0,0.0,
ENG-Premier League,1920,2020-03-07 Liverpool-AFC Bournemouth,Liverpool,Adrián,True,Goalkeeper,1,start,end,1.0,0.0,0.0,0.0,0.0,0.0,0.0,1.0,2.0,0.0,0.0,0.0,0.0,0.0,
ENG-Premier League,1920,2020-03-07 Sheffield United-Norwich City,Norwich City,Tim Krul,False,Goalkeeper,1,start,end,1.0,0.0,0.0,0.0,0.0,0.0,0.0,1.0,2.0,0.0,0.0,0.0,0.0,0.0,
ENG-Premier League,1920,2020-03-07 Sheffield United-Norwich City,Sheffield United,Dean Henderson,True,Goalkeeper,1,start,end,1.0,0.0,0.0,0.0,0.0,0.0,0.0,0.0,4.0,0.0,0.0,0.0,0.0,0.0,
ENG-Premier League,1920,2020-03-07 Southampton-Newcastle United,Newcastle United,Martin Dúbravka,False,Goalkeeper,1,start,end,1.0,0.0,3.0,0.0,0.0,0.0,0.0,0.0,3.0,0.0,0.0,0.0,0.0,0.0,
ENG-Premier League,1920,2020-03-07 Southampton-Newcastle United,Southampton,Alex McCarthy,True,Goalkeeper,1,start,end,1.0,0.0,0.0,0.0,0.0,0.0,0.0,1.0,6.0,0.0,0.0,0.0,0.0,0.0,
ENG-Premier League,1920,2020-03-07 Wolverhampton Wanderers-Brighton & Hove Albion,Brighton & Hove Albion,Mathew Ryan,False,Goalkeeper,1,start,end,1.0,0.0,0.0,0.0,0.0,0.0,0.0,0.0,1.0,0.0,0.0,0.0,0.0,0.0,
ENG-Premier League,1920,2020-03-07 Wolverhampton Wanderers-Brighton & Hove Albion,Wolverhampton Wanderers,Rui Patrício,True,Goalkeeper,1,start,end,1.0,0.0,0.0,0.0,0.0,0.0,0.0,0.0,1.0,0.0,0.0,0.0,0.0,0.0,
ENG-Premier League,1920,2020-03-08 Chelsea-Everton,Chelsea,Kepa Arrizabalaga,True,Goalkeeper,1,start,end,1.0,0.0,1.0,0.0,0.0,0.0,0.0,0.0,1.0,0.0,0.0,0.0,0.0,0.0,
ENG-Premier League,1920,2020-03-08 Chelsea-Everton,Everton,Jordan Pickford,False,Goalkeeper,1,start,end,1.0,0.0,0.0,0.0,0.0,0.0,0.0,4.0,7.0,0.0,0.0,0.0,0.0,0.0,
ENG-Premier League,1920,2020-03-08 Manchester United-Manchester City,Manchester City,Ederson,False,Goalkeeper,1,start,end,1.0,0.0,0.0,0.0,0.0,0.0,0.0,2.0,4.0,0.0,0.0,0.0,0.0,0.0,
ENG-Premier League,1920,2020-03-08 Manchester United-Manchester City,Manchester United,David de Gea,True,Goalkeeper,1,start,end,1.0,0.0,0.0,0.0,0.0,0.0,0.0,0.0,4.0,0.0,0.0,0.0,0.0,0.0,
ENG-Premier League,1920,2020-03-09 Leicester City-Aston Villa,Aston Villa,Pepe Reina,False,Goalkeeper,1,start,end,1.0,0.0,0.0,0.0,0.0,0.0,0.0,4.0,3.0,0.0,0.0,0.0,0.0,0.0,
ENG-Premier League,1920,2020-03-09 Leicester City-Aston Villa,Leicester City,Kasper Schmeichel,True,Goalkeeper,1,start,end,1.0,0.0,0.0,0.0,0.0,0.0,0.0,0.0,1.0,0.0,0.0,0.0,0.0,0.0,
ENG-Premier League,1920,2020-06-17 Aston Villa-Sheffield United,Aston Villa,Ørjan Nyland,True,Goalkeeper,1,start,end,1.0,0.0,0.0,0.0,0.0,0.0,0.0,0.0,1.0,0.0,0.0,0.0,0.0,0.0,
ENG-Premier League,1920,2020-06-17 Aston Villa-Sheffield United,Sheffield United,Dean Henderson,False,Goalkeeper,1,start,end,1.0,0.0,0.0,0.0,0.0,0.0,0.0,0.0,6.0,0.0,0.0,0.0,0.0,0.0,
ENG-Premier League,1920,2020-06-17 Manchester City-Arsenal,Arsenal,Bernd Leno,False,Goalkeeper,1,start,end,1.0,0.0,0.0,0.0,0.0,0.0,0.0,3.0,9.0,0.0,0.0,0.0,0.0,0.0,
ENG-Premier League,1920,2020-06-17 Manchester City-Arsenal,Manchester City,Ederson,True,Goalkeeper,1,start,end,1.0,0.0,0.0,0.0,0.0,0.0,0.0,0.0,0.0,0.0,0.0,0.0,0.0,0.0,
ENG-Premier League,1920,2020-06-19 Norwich City-Southampton,Norwich City,Tim Krul,True,Goalkeeper,1,start,end,1.0,0.0,0.0,0.0,0.0,0.0,0.0,3.0,6.0,0.0,0.0,0.0,0.0,0.0,
ENG-Premier League,1920,2020-06-19 Norwich City-Southampton,Southampton,Alex McCarthy,False,Goalkeeper,1,start,end,1.0,0.0,0.0,0.0,0.0,0.0,0.0,0.0,1.0,0.0,0.0,0.0,0.0,0.0,
ENG-Premier League,1920,2020-06-19 Tottenham Hotspur-Manchester United,Manchester United,David de Gea,False,Goalkeeper,1,start,end,1.0,0.0,0.0,0.0,0.0,0.0,0.0,1.0,2.0,0.0,0.0,0.0,0.0,0.0,
ENG-Premier League,1920,2020-06-19 Tottenham Hotspur-Manchester United,Tottenham Hotspur,Hugo Lloris,True,Goalkeeper,1,start,end,1.0,0.0,0.0,0.0,0.0,0.0,0.0,1.0,6.0,0.0,0.0,0.0,0.0,0.0,
ENG-Premier League,1920,2020-06-20 AFC Bournemouth-Crystal Palace,AFC Bournemouth,Aaron Ramsdale,True,Goalkeeper,1,start,end,1.0,0.0,0.0,0.0,0.0,0.0,0.0,2.0,0.0,0.0,0.0,0.0,0.0,0.0,
ENG-Premier League,1920,2020-06-20 AFC Bournemouth-Crystal Palace,Crystal Palace,Vicente Guaita,False,Goalkeeper,1,start,end,1.0,0.0,0.0,0.0,0.0,0.0,0.0,0.0,1.0,0.0,0.0,0.0,0.0,0.0,
ENG-Premier League,1920,2020-06-20 Brighton & Hove Albion-Arsenal,Arsenal,Bernd Leno,False,Goalkeeper,1,start,40,1.0,0.0,1.0,0.0,0.0,0.0,0.0,0.0,0.0,0.0,0.0,0.0,0.0,0.0,
ENG-Premier League,1920,2020-06-20 Brighton & Hove Albion-Arsenal,Brighton & Hove Albion,Mathew Ryan,True,Goalkeeper,1,start,end,1.0,0.0,1.0,0.0,0.0,0.0,0.0,1.0,5.0,0.0,0.0,0.0,0.0,0.0,
ENG-Premier League,1920,2020-06-20 Watford-Leicester City,Leicester City,Kasper Schmeichel,False,Goalkeeper,1,start,end,1.0,0.0,0.0,0.0,0.0,0.0,0.0,1.0,3.0,0.0,0.0,0.0,0.0,0.0,
ENG-Premier League,1920,2020-06-20 Watford-Leicester City,Watford,Ben Foster,True,Goalkeeper,1,start,end,1.0,0.0,0.0,0.0,0.0,0.0,0.0,1.0,1.0,0.0,0.0,0.0,0.0,0.0,
ENG-Premier League,1920,2020-06-20 West Ham United-Wolverhampton Wanderers,West Ham United,Lukasz Fabianski,True,Goalkeeper,1,start,end,1.0,0.0,0.0,0.0,0.0,0.0,0.0,2.0,4.0,0.0,0.0,0.0,0.0,0.0,
ENG-Premier League,1920,2020-06-20 West Ham United-Wolverhampton Wanderers,Wolverhampton Wanderers,Rui Patrício,False,Goalkeeper,1,start,end,1.0,0.0,1.0,0.0,0.0,0.0,0.0,0.0,2.0,0.0,0.0,0.0,0.0,0.0,
ENG-Premier League,1920,2020-06-21 Aston Villa-Chelsea,Aston Villa,Ørjan Nyland,True,Goalkeeper,1,start,end,1.0,0.0,0.0,0.0,0.0,0.0,0.0,2.0,3.0,0.0,0.0,0.0,0.0,0.0,
ENG-Premier League,1920,2020-06-21 Aston Villa-Chelsea,Chelsea,Kepa Arrizabalaga,False,Goalkeeper,1,start,end,1.0,0.0,0.0,0.0,0.0,0.0,0.0,1.0,3.0,0.0,0.0,0.0,0.0,0.0,
ENG-Premier League,1920,2020-06-21 Everton-Liverpool,Everton,Jordan Pickford,True,Goalkeeper,1,start,end,1.0,0.0,0.0,0.0,0.0,0.0,0.0,0.0,3.0,0.0,0.0,0.0,0.0,0.0,
ENG-Premier League,1920,2020-06-21 Everton-Liverpool,Liverpool,Alisson Becker,False,Goalkeeper,1,start,end,1.0,0.0,0.0,0.0,0.0,0.0,0.0,0.0,3.0,0.0,0.0,0.0,0.0,0.0,
ENG-Premier League,1920,2020-06-21 Newcastle United-Sheffield United,Newcastle United,Martin Dúbravka,True,Goalkeeper,1,start,end,1.0,0.0,0.0,0.0,0.0,0.0,0.0,0.0,1.0,0.0,0.0,0.0,0.0,0.0,
ENG-Premier League,1920,2020-06-21 Newcastle United-Sheffield United,Sheffield United,Dean Henderson,False,Goalkeeper,1,start,end,1.0,0.0,0.0,0.0,0.0,0.0,0.0,3.0,5.0,0.0,0.0,0.0,0.0,0.0,
ENG-Premier League,1920,2020-06-22 Manchester City-Burnley,Burnley,Nick Pope,False,Goalkeeper,1,start,end,1.0,0.0,0.0,0.0,0.0,0.0,0.0,5.0,2.0,0.0,0.0,0.0,0.0,0.0,
ENG-Premier League,1920,2020-06-22 Manchester City-Burnley,Manchester City,Ederson,True,Goalkeeper,1,start,end,1.0,0.0,0.0,0.0,0.0,0.0,0.0,0.0,0.0,0.0,0.0,0.0,0.0,0.0,
ENG-Premier League,1920,2020-06-23 Leicester City-Brighton & Hove Albion,Brighton & Hove Albion,Mathew Ryan,False,Goalkeeper,1,start,end,1.0,0.0,0.0,0.0,0.0,0.0,0.0,0.0,2.0,0.0,0.0,0.0,0.0,0.0,
ENG-Premier League,1920,2020-06-23 Leicester City-Brighton & Hove Albion,Leicester City,Kasper Schmeichel,True,Goalkeeper,1,start,end,1.0,0.0,0.0,0.0,0.0,0.0,0.0,0.0,2.0,0.0,0.0,0.0,0.0,0.0,
ENG-Premier League,1920,2020-06-23 Tottenham Hotspur-West Ham United,Tottenham Hotspur,Hugo Lloris,True,Goalkeeper,1,start,end,1.0,0.0,0.0,0.0,0.0,0.0,0.0,0.0,2.0,0.0,0.0,0.0,0.0,0.0,
ENG-Premier League,1920,2020-06-23 Tottenham Hotspur-West Ham United,West Ham United,Lukasz Fabianski,False,Goalkeeper,1,start,end,1.0,0.0,0.0,0.0,0.0,0.0,0.0,2.0,3.0,0.0,0.0,0.0,0.0,0.0,
ENG-Premier League,1920,2020-06-24 Liverpool-Crystal Palace,Crystal Palace,Wayne Hennessey,False,Goalkeeper,1,start,end,1.0,0.0,0.0,0.0,0.0,0.0,0.0,4.0,3.0,0.0,0.0,0.0,0.0,0.0,
ENG-Premier League,1920,2020-06-24 Liverpool-Crystal Palace,Liverpool,Alisson Becker,True,Goalkeeper,1,start,end,1.0,0.0,0.0,0.0,0.0,0.0,0.0,0.0,0.0,0.0,0.0,0.0,0.0,0.0,
ENG-Premier League,1920,2020-06-24 Manchester United-Sheffield United,Manchester United,David de Gea,True,Goalkeeper,1,start,end,1.0,0.0,0.0,0.0,0.0,0.0,0.0,0.0,1.0,0.0,0.0,0.0,0.0,0.0,
ENG-Premier League,1920,2020-06-24 Manchester United-Sheffield United,Sheffield United,Simon Moore,False,Goalkeeper,1,start,end,1.0,0.0,0.0,0.0,0.0,0.0,0.0,3.0,3.0,0.0,0.0,0.0,0.0,0.0,
ENG-Premier League,1920,2020-06-24 Newcastle United-Aston Villa,Aston Villa,Ørjan Nyland,False,Goalkeeper,1,start,end,1.0,0.0,0.0,0.0,0.0,0.0,0.0,1.0,2.0,0.0,0.0,0.0,0.0,0.0,
ENG-Premier League,1920,2020-06-24 Newcastle United-Aston Villa,Newcastle United,Martin Dúbravka,True,Goalkeeper,1,start,end,1.0,0.0,0.0,0.0,0.0,0.0,0.0,1.0,1.0,0.0,0.0,0.0,0.0,0.0,
ENG-Premier League,1920,2020-06-24 Norwich City-Everton,Everton,Jordan Pickford,False,Goalkeeper,1,start,end,1.0,0.0,1.0,0.0,0.0,0.0,0.0,0.0,1.0,0.0,0.0,0.0,0.0,0.0,
ENG-Premier League,1920,2020-06-24 Norwich City-Everton,Norwich City,Tim Krul,True,Goalkeeper,1,start,end,1.0,0.0,0.0,0.0,0.0,0.0,0.0,1.0,4.0,0.0,0.0,0.0,0.0,0.0,
ENG-Premier League,1920,2020-06-24 Wolverhampton Wanderers-AFC Bournemouth,AFC Bournemouth,Aaron Ramsdale,False,Goalkeeper,1,start,end,1.0,0.0,0.0,0.0,0.0,0.0,0.0,1.0,1.0,0.0,0.0,0.0,0.0,0.0,
ENG-Premier League,1920,2020-06-24 Wolverhampton Wanderers-AFC Bournemouth,Wolverhampton Wanderers,Rui Patrício,True,Goalkeeper,1,start,end,1.0,0.0,1.0,0.0,0.0,0.0,0.0,0.0,0.0,0.0,0.0,0.0,0.0,0.0,
ENG-Premier League,1920,2020-06-25 Burnley-Watford,Burnley,Nick Pope,True,Goalkeeper,1,start,end,1.0,0.0,1.0,0.0,0.0,0.0,0.0,0.0,3.0,0.0,0.0,0.0,0.0,0.0,
ENG-Premier League,1920,2020-06-25 Burnley-Watford,Watford,Ben Foster,False,Goalkeeper,1,start,end,1.0,0.0,0.0,0.0,0.0,0.0,0.0,1.0,3.0,0.0,0.0,0.0,0.0,0.0,
ENG-Premier League,1920,2020-06-25 Chelsea-Manchester City,Chelsea,Kepa Arrizabalaga,True,Goalkeeper,1,start,end,1.0,0.0,0.0,0.0,0.0,0.0,0.0,1.0,1.0,0.0,0.0,0.0,0.0,0.0,
ENG-Premier League,1920,2020-06-25 Chelsea-Manchester City,Manchester City,Ederson,False,Goalkeeper,1,start,end,1.0,0.0,0.0,0.0,0.0,0.0,0.0,2.0,5.0,0.0,0.0,0.0,0.0,0.0,
ENG-Premier League,1920,2020-06-25 Southampton-Arsenal,Arsenal,Emiliano Martínez,False,Goalkeeper,1,start,end,1.0,0.0,0.0,0.0,0.0,0.0,0.0,0.0,3.0,0.0,0.0,0.0,0.0,0.0,
ENG-Premier League,1920,2020-06-25 Southampton-Arsenal,Southampton,Alex McCarthy,True,Goalkeeper,1,start,end,1.0,0.0,1.0,0.0,0.0,0.0,0.0,2.0,3.0,0.0,0.0,0.0,0.0,0.0,
ENG-Premier League,1920,2020-06-27 Aston Villa-Wolverhampton Wanderers,Aston Villa,Ørjan Nyland,True,Goalkeeper,1,start,end,1.0,0.0,0.0,0.0,0.0,0.0,0.0,1.0,1.0,0.0,0.0,0.0,0.0,0.0,
ENG-Premier League,1920,2020-06-27 Aston Villa-Wolverhampton Wanderers,Wolverhampton Wanderers,Rui Patrício,False,Goalkeeper,1,start,end,1.0,0.0,0.0,0.0,0.0,0.0,0.0,0.0,1.0,0.0,0.0,0.0,0.0,0.0,
ENG-Premier League,1920,2020-06-28 Watford-Southampton,Southampton,Alex McCarthy,False,Goalkeeper,1,start,end,1.0,0.0,0.0,0.0,0.0,0.0,0.0,1.0,0.0,0.0,0.0,0.0,0.0,0.0,
ENG-Premier League,1920,2020-06-28 Watford-Southampton,Watford,Ben Foster,True,Goalkeeper,1,start,end,1.0,0.0,0.0,0.0,0.0,0.0,0.0,3.0,4.0,0.0,0.0,0.0,0.0,0.0,
ENG-Premier League,1920,2020-06-29 Crystal Palace-Burnley,Burnley,Nick Pope,False,Goalkeeper,1,start,end,1.0,0.0,0.0,0.0,0.0,0.0,0.0,0.0,4.0,0.0,0.0,0.0,0.0,0.0,
ENG-Premier League,1920,2020-06-29 Crystal Palace-Burnley,Crystal Palace,Vicente Guaita,True,Goalkeeper,1,start,end,1.0,0.0,0.0,0.0,0.0,0.0,0.0,1.0,3.0,0.0,0.0,0.0,0.0,0.0,
ENG-Premier League,1920,2020-06-30 Brighton & Hove Albion-Manchester United,Brighton & Hove Albion,Mathew Ryan,True,Goalkeeper,1,start,end,1.0,0.0,0.0,0.0,0.0,0.0,0.0,3.0,3.0,0.0,0.0,0.0,0.0,0.0,
ENG-Premier League,1920,2020-06-30 Brighton & Hove Albion-Manchester United,Manchester United,David de Gea,False,Goalkeeper,1,start,end,1.0,0.0,0.0,0.0,0.0,0.0,0.0,0.0,2.0,0.0,0.0,0.0,0.0,0.0,
ENG-Premier League,1920,2020-07-01 AFC Bournemouth-Newcastle United,AFC Bournemouth,Aaron Ramsdale,True,Goalkeeper,1,start,end,1.0,0.0,0.0,0.0,0.0,0.0,0.0,4.0,3.0,0.0,0.0,0.0,0.0,0.0,
ENG-Premier League,1920,2020-07-01 AFC Bournemouth-Newcastle United,Newcastle United,Martin Dúbravka,False,Goalkeeper,1,start,end,1.0,0.0,0.0,0.0,0.0,0.0,0.0,1.0,0.0,0.0,0.0,0.0,0.0,0.0,
ENG-Premier League,1920,2020-07-01 Arsenal-Norwich City,Arsenal,Emiliano Martínez,True,Goalkeeper,1,start,end,1.0,0.0,0.0,0.0,0.0,0.0,1.0,0.0,2.0,0.0,0.0,0.0,0.0,0.0,
ENG-Premier League,1920,2020-07-01 Arsenal-Norwich City,Norwich City,Tim Krul,False,Goalkeeper,1,start,end,1.0,0.0,0.0,0.0,0.0,0.0,0.0,4.0,4.0,0.0,0.0,0.0,0.0,0.0,
ENG-Premier League,1920,2020-07-01 Everton-Leicester City,Everton,Jordan Pickford,True,Goalkeeper,1,start,end,1.0,0.0,0.0,0.0,0.0,0.0,1.0,1.0,2.0,0.0,0.0,0.0,0.0,0.0,
ENG-Premier League,1920,2020-07-01 Everton-Leicester City,Leicester City,Kasper Schmeichel,False,Goalkeeper,1,start,end,1.0,0.0,0.0,0.0,0.0,0.0,0.0,2.0,0.0,0.0,0.0,0.0,0.0,0.0,
ENG-Premier League,1920,2020-07-01 West Ham United-Chelsea,Chelsea,Kepa Arrizabalaga,False,Goalkeeper,1,start,end,1.0,0.0,0.0,0.0,0.0,0.0,0.0,3.0,1.0,0.0,0.0,0.0,0.0,0.0,
ENG-Premier League,1920,2020-07-01 West Ham United-Chelsea,West Ham United,Lukasz Fabianski,True,Goalkeeper,1,start,end,1.0,0.0,0.0,0.0,0.0,0.0,0.0,2.0,4.0,0.0,0.0,0.0,0.0,0.0,
ENG-Premier League,1920,2020-07-02 Manchester City-Liverpool,Liverpool,Alisson Becker,False,Goalkeeper,1,start,end,1.0,0.0,0.0,0.0,0.0,0.0,0.0,4.0,2.0,0.0,0.0,0.0,0.0,0.0,
ENG-Premier League,1920,2020-07-02 Manchester City-Liverpool,Manchester City,Ederson,True,Goalkeeper,1,start,end,1.0,0.0,0.0,0.0,0.0,0.0,0.0,0.0,3.0,0.0,0.0,0.0,0.0,0.0,
ENG-Premier League,1920,2020-07-02 Sheffield United-Tottenham Hotspur,Sheffield United,Dean Henderson,True,Goalkeeper,1,start,end,1.0,0.0,0.0,0.0,0.0,0.0,0.0,1.0,1.0,0.0,0.0,0.0,0.0,0.0,
ENG-Premier League,1920,2020-07-02 Sheffield United-Tottenham Hotspur,Tottenham Hotspur,Hugo Lloris,False,Goalkeeper,1,start,end,1.0,0.0,0.0,0.0,0.0,0.0,0.0,3.0,2.0,0.0,0.0,0.0,0.0,0.0,
ENG-Premier League,1920,2020-07-04 Chelsea-Watford,Chelsea,Kepa Arrizabalaga,True,Goalkeeper,1,start,end,1.0,0.0,0.0,0.0,0.0,0.0,0.0,0.0,3.0,0.0,0.0,0.0,0.0,0.0,
ENG-Premier League,1920,2020-07-04 Chelsea-Watford,Watford,Ben Foster,False,Goalkeeper,1,start,end,1.0,0.0,0.0,0.0,0.0,0.0,0.0,3.0,6.0,0.0,0.0,0.0,0.0,0.0,
ENG-Premier League,1920,2020-07-04 Leicester City-Crystal Palace,Crystal Palace,Vicente Guaita,False,Goalkeeper,1,start,end,1.0,0.0,0.0,0.0,0.0,0.0,0.0,3.0,1.0,0.0,0.0,0.0,0.0,0.0,
ENG-Premier League,1920,2020-07-04 Leicester City-Crystal Palace,Leicester City,Kasper Schmeichel,True,Goalkeeper,1,start,end,1.0,0.0,0.0,0.0,0.0,0.0,0.0,0.0,1.0,0.0,0.0,0.0,0.0,0.0,
ENG-Premier League,1920,2020-07-04 Manchester United-AFC Bournemouth,AFC Bournemouth,Aaron Ramsdale,False,Goalkeeper,1,start,end,1.0,0.0,0.0,0.0,0.0,0.0,0.0,5.0,6.0,0.0,0.0,0.0,0.0,0.0,
ENG-Premier League,1920,2020-07-04 Manchester United-AFC Bournemouth,Manchester United,David de Gea,True,Goalkeeper,1,start,end,1.0,0.0,0.0,0.0,0.0,0.0,0.0,2.0,1.0,0.0,0.0,0.0,0.0,0.0,
ENG-Premier League,1920,2020-07-04 Norwich City-Brighton & Hove Albion,Brighton & Hove Albion,Mathew Ryan,False,Goalkeeper,1,start,end,1.0,0.0,0.0,0.0,0.0,0.0,0.0,0.0,1.0,0.0,0.0,0.0,0.0,0.0,
ENG-Premier League,1920,2020-07-04 Norwich City-Brighton & Hove Albion,Norwich City,Tim Krul,True,Goalkeeper,1,start,end,1.0,0.0,0.0,0.0,0.0,0.0,0.0,1.0,1.0,0.0,0.0,0.0,0.0,0.0,
ENG-Premier League,1920,2020-07-04 Wolverhampton Wanderers-Arsenal,Arsenal,Emiliano Martínez,False,Goalkeeper,1,start,end,1.0,0.0,0.0,0.0,0.0,0.0,0.0,0.0,1.0,0.0,0.0,0.0,0.0,0.0,
ENG-Premier League,1920,2020-07-04 Wolverhampton Wanderers-Arsenal,Wolverhampton Wanderers,Rui Patrício,True,Goalkeeper,1,start,end,1.0,0.0,0.0,0.0,0.0,0.0,0.0,2.0,2.0,0.0,0.0,0.0,0.0,0.0,
ENG-Premier League,1920,2020-07-05 Burnley-Sheffield United,Burnley,Nick Pope,True,Goalkeeper,1,start,end,1.0,0.0,0.0,0.0,0.0,0.0,0.0,1.0,2.0,0.0,0.0,0.0,0.0,0.0,
ENG-Premier League,1920,2020-07-05 Burnley-Sheffield United,Sheffield United,Dean Henderson,False,Goalkeeper,1,start,end,1.0,0.0,0.0,0.0,0.0,0.0,0.0,1.0,3.0,0.0,0.0,0.0,0.0,0.0,
ENG-Premier League,1920,2020-07-05 Liverpool-Aston Villa,Aston Villa,Pepe Reina,False,Goalkeeper,1,start,end,1.0,0.0,1.0,0.0,0.0,0.0,0.0,2.0,2.0,0.0,0.0,0.0,0.0,0.0,
ENG-Premier League,1920,2020-07-05 Liverpool-Aston Villa,Liverpool,Alisson Becker,True,Goalkeeper,1,start,end,1.0,0.0,0.0,0.0,0.0,0.0,0.0,0.0,3.0,0.0,0.0,0.0,0.0,0.0,
ENG-Premier League,1920,2020-07-05 Newcastle United-West Ham United,Newcastle United,Martin Dúbravka,True,Goalkeeper,1,start,end,1.0,0.0,0.0,0.0,0.0,0.0,0.0,2.0,5.0,0.0,0.0,0.0,0.0,0.0,
ENG-Premier League,1920,2020-07-05 Newcastle United-West Ham United,West Ham United,Lukasz Fabianski,False,Goalkeeper,1,start,end,1.0,0.0,0.0,0.0,0.0,0.0,0.0,2.0,2.0,0.0,0.0,0.0,0.0,0.0,
ENG-Premier League,1920,2020-07-05 Southampton-Manchester City,Manchester City,Ederson,False,Goalkeeper,1,start,end,1.0,0.0,0.0,0.0,0.0,0.0,0.0,1.0,3.0,0.0,0.0,0.0,0.0,0.0,
ENG-Premier League,1920,2020-07-05 Southampton-Manchester City,Southampton,Alex McCarthy,True,Goalkeeper,1,start,end,1.0,0.0,0.0,0.0,0.0,0.0,0.0,0.0,6.0,0.0,0.0,0.0,0.0,0.0,
ENG-Premier League,1920,2020-07-06 Tottenham Hotspur-Everton,Everton,Jordan Pickford,False,Goalkeeper,1,start,end,1.0,0.0,0.0,0.0,0.0,0.0,0.0,1.0,2.0,0.0,0.0,0.0,0.0,0.0,
ENG-Premier League,1920,2020-07-06 Tottenham Hotspur-Everton,Tottenham Hotspur,Hugo Lloris,True,Goalkeeper,1,start,end,1.0,0.0,0.0,0.0,0.0,0.0,0.0,0.0,3.0,0.0,0.0,0.0,0.0,0.0,
ENG-Premier League,1920,2020-07-07 Arsenal-Leicester City,Arsenal,Emiliano Martínez,True,Goalkeeper,1,start,end,1.0,0.0,0.0,0.0,0.0,0.0,0.0,1.0,4.0,0.0,0.0,0.0,0.0,0.0,
ENG-Premier League,1920,2020-07-07 Arsenal-Leicester City,Leicester City,Kasper Schmeichel,False,Goalkeeper,1,start,end,1.0,0.0,0.0,0.0,0.0,0.0,0.0,1.0,6.0,0.0,0.0,0.0,0.0,1.0,
ENG-Premier League,1920,2020-07-07 Crystal Palace-Chelsea,Chelsea,Kepa Arrizabalaga,False,Goalkeeper,1,start,end,1.0,0.0,0.0,0.0,0.0,0.0,0.0,2.0,2.0,0.0,0.0,0.0,0.0,0.0,
ENG-Premier League,1920,2020-07-07 Crystal Palace-Chelsea,Crystal Palace,Vicente Guaita,True,Goalkeeper,1,start,end,1.0,0.0,0.0,0.0,0.0,0.0,0.0,3.0,3.0,0.0,0.0,0.0,0.0,0.0,
ENG-Premier League,1920,2020-07-07 Watford-Norwich City,Norwich City,Tim Krul,False,Goalkeeper,1,start,end,1.0,0.0,1.0,0.0,0.0,0.0,0.0,2.0,2.0,0.0,0.0,0.0,0.0,0.0,
ENG-Premier League,1920,2020-07-07 Watford-Norwich City,Watford,Ben Foster,True,Goalkeeper,1,start,end,1.0,0.0,0.0,0.0,0.0,0.0,0.0,1.0,2.0,0.0,0.0,0.0,0.0,0.0,
ENG-Premier League,1920,2020-07-08 Brighton & Hove Albion-Liverpool,Brighton & Hove Albion,Mathew Ryan,True,Goalkeeper,1,start,end,1.0,0.0,0.0,0.0,0.0,0.0,0.0,3.0,5.0,0.0,0.0,0.0,0.0,0.0,
ENG-Premier League,1920,2020-07-08 Brighton & Hove Albion-Liverpool,Liverpool,Alisson Becker,False,Goalkeeper,1,start,end,1.0,0.0,0.0,0.0,0.0,0.0,0.0,1.0,1.0,0.0,0.0,0.0,0.0,0.0,
ENG-Premier League,1920,2020-07-08 Manchester City-Newcastle United,Manchester City,Ederson,True,Goalkeeper,1,start,end,1.0,0.0,0.0,0.0,0.0,0.0,0.0,0.0,1.0,0.0,0.0,0.0,0.0,0.0,
ENG-Premier League,1920,2020-07-08 Manchester City-Newcastle United,Newcastle United,Martin Dúbravka,False,Goalkeeper,1,start,end,1.0,0.0,0.0,0.0,0.0,0.0,0.0,5.0,5.0,0.0,0.0,0.0,0.0,0.0,
ENG-Premier League,1920,2020-07-08 Sheffield United-Wolverhampton Wanderers,Sheffield United,Dean Henderson,True,Goalkeeper,1,start,end,1.0,0.0,0.0,0.0,0.0,0.0,0.0,0.0,1.0,0.0,0.0,0.0,0.0,0.0,
ENG-Premier League,1920,2020-07-08 Sheffield United-Wolverhampton Wanderers,Wolverhampton Wanderers,Rui Patrício,False,Goalkeeper,1,start,end,1.0,0.0,0.0,0.0,0.0,0.0,0.0,1.0,2.0,0.0,0.0,0.0,0.0,0.0,
ENG-Premier League,1920,2020-07-08 West Ham United-Burnley,Burnley,Nick Pope,False,Goalkeeper,1,start,end,1.0,0.0,0.0,0.0,0.0,0.0,0.0,0.0,4.0,0.0,0.0,0.0,0.0,0.0,
ENG-Premier League,1920,2020-07-08 West Ham United-Burnley,West Ham United,Lukasz Fabianski,True,Goalkeeper,1,start,end,1.0,0.0,1.0,0.0,0.0,0.0,0.0,1.0,3.0,0.0,0.0,0.0,0.0,0.0,
ENG-Premier League,1920,2020-07-09 AFC Bournemouth-Tottenham Hotspur,AFC Bournemouth,Aaron Ramsdale,True,Goalkeeper,1,start,end,1.0,0.0,0.0,0.0,0.0,0.0,0.0,0.0,0.0,0.0,0.0,0.0,0.0,0.0,
ENG-Premier League,1920,2020-07-09 AFC Bournemouth-Tottenham Hotspur,Tottenham Hotspur,Hugo Lloris,False,Goalkeeper,1,start,end,1.0,0.0,0.0,0.0,0.0,0.0,0.0,0.0,2.0,0.0,0.0,0.0,0.0,0.0,
ENG-Premier League,1920,2020-07-09 Aston Villa-Manchester United,Aston Villa,Pepe Reina,True,Goalkeeper,1,start,end,1.0,0.0,0.0,0.0,0.0,0.0,0.0,3.0,3.0,0.0,0.0,0.0,0.0,0.0,
ENG-Premier League,1920,2020-07-09 Aston Villa-Manchester United,Manchester United,David de Gea,False,Goalkeeper,1,start,end,1.0,0.0,0.0,0.0,0.0,0.0,0.0,0.0,1.0,0.0,0.0,0.0,0.0,0.0,
ENG-Premier League,1920,2020-07-09 Everton-Southampton,Everton,Jordan Pickford,True,Goalkeeper,1,start,end,1.0,0.0,0.0,0.0,0.0,0.0,0.0,1.0,3.0,0.0,0.0,0.0,0.0,0.0,
ENG-Premier League,1920,2020-07-09 Everton-Southampton,Southampton,Alex McCarthy,False,Goalkeeper,1,start,end,1.0,0.0,0.0,0.0,0.0,0.0,0.0,1.0,3.0,0.0,0.0,0.0,0.0,0.0,
ENG-Premier League,1920,2020-07-11 Brighton & Hove Albion-Manchester City,Brighton & Hove Albion,Mathew Ryan,True,Goalkeeper,1,start,end,1.0,0.0,0.0,0.0,0.0,0.0,0.0,5.0,3.0,0.0,0.0,0.0,0.0,0.0,
ENG-Premier League,1920,2020-07-11 Brighton & Hove Albion-Manchester City,Manchester City,Ederson,False,Goalkeeper,1,start,end,1.0,0.0,0.0,0.0,0.0,0.0,0.0,0.0,0.0,0.0,0.0,0.0,0.0,0.0,
ENG-Premier League,1920,2020-07-11 Liverpool-Burnley,Burnley,Nick Pope,False,Goalkeeper,1,start,end,1.0,0.0,0.0,0.0,0.0,0.0,1.0,1.0,8.0,0.0,0.0,0.0,0.0,0.0,
ENG-Premier League,1920,2020-07-11 Liverpool-Burnley,Liverpool,Alisson Becker,True,Goalkeeper,1,start,end,1.0,0.0,0.0,0.0,0.0,0.0,0.0,1.0,1.0,0.0,0.0,0.0,0.0,0.0,
ENG-Premier League,1920,2020-07-11 Norwich City-West Ham United,Norwich City,Tim Krul,True,Goalkeeper,1,start,end,1.0,0.0,0.0,0.0,0.0,0.0,0.0,4.0,3.0,0.0,0.0,0.0,0.0,0.0,
ENG-Premier League,1920,2020-07-11 Norwich City-West Ham United,West Ham United,Lukasz Fabianski,False,Goalkeeper,1,start,end,1.0,0.0,0.0,0.0,0.0,0.0,0.0,0.0,2.0,0.0,0.0,0.0,0.0,0.0,
ENG-Premier League,1920,2020-07-11 Sheffield United-Chelsea,Chelsea,Kepa Arrizabalaga,False,Goalkeeper,1,start,end,1.0,0.0,0.0,0.0,0.0,0.0,0.0,3.0,1.0,0.0,0.0,0.0,0.0,0.0,
ENG-Premier League,1920,2020-07-11 Sheffield United-Chelsea,Sheffield United,Dean Henderson,True,Goalkeeper,1,start,end,1.0,0.0,0.0,0.0,0.0,0.0,0.0,0.0,4.0,0.0,0.0,0.0,0.0,0.0,
ENG-Premier League,1920,2020-07-11 Watford-Newcastle United,Newcastle United,Martin Dúbravka,False,Goalkeeper,1,start,end,1.0,0.0,0.0,0.0,0.0,0.0,0.0,2.0,3.0,0.0,0.0,0.0,0.0,0.0,
ENG-Premier League,1920,2020-07-11 Watford-Newcastle United,Watford,Ben Foster,True,Goalkeeper,1,start,end,1.0,0.0,0.0,0.0,0.0,0.0,0.0,1.0,3.0,0.0,0.0,0.0,0.0,0.0,
ENG-Premier League,1920,2020-07-12 AFC Bournemouth-Leicester City,AFC Bournemouth,Aaron Ramsdale,True,Goalkeeper,1,start,end,1.0,0.0,0.0,0.0,0.0,0.0,0.0,1.0,4.0,0.0,0.0,0.0,0.0,0.0,
ENG-Premier League,1920,2020-07-12 AFC Bournemouth-Leicester City,Leicester City,Kasper Schmeichel,False,Goalkeeper,1,start,end,1.0,0.0,0.0,0.0,0.0,0.0,0.0,4.0,1.0,0.0,0.0,0.0,0.0,0.0,
ENG-Premier League,1920,2020-07-12 Aston Villa-Crystal Palace,Aston Villa,Pepe Reina,True,Goalkeeper,1,start,end,1.0,0.0,0.0,0.0,0.0,0.0,0.0,0.0,5.0,0.0,0.0,0.0,0.0,0.0,
ENG-Premier League,1920,2020-07-12 Aston Villa-Crystal Palace,Crystal Palace,Vicente Guaita,False,Goalkeeper,1,start,end,1.0,0.0,0.0,0.0,0.0,0.0,0.0,2.0,7.0,0.0,0.0,0.0,0.0,0.0,
ENG-Premier League,1920,2020-07-12 Tottenham Hotspur-Arsenal,Arsenal,Emiliano Martínez,False,Goalkeeper,1,start,end,1.0,0.0,0.0,0.0,0.0,0.0,0.0,2.0,7.0,0.0,0.0,0.0,0.0,0.0,
ENG-Premier League,1920,2020-07-12 Tottenham Hotspur-Arsenal,Tottenham Hotspur,Hugo Lloris,True,Goalkeeper,1,start,end,1.0,0.0,0.0,0.0,0.0,0.0,0.0,1.0,3.0,0.0,0.0,0.0,0.0,0.0,
ENG-Premier League,1920,2020-07-12 Wolverhampton Wanderers-Everton,Everton,Jordan Pickford,False,Goalkeeper,1,start,end,1.0,0.0,0.0,0.0,0.0,0.0,0.0,3.0,4.0,0.0,0.0,0.0,0.0,0.0,
ENG-Premier League,1920,2020-07-12 Wolverhampton Wanderers-Everton,Wolverhampton Wanderers,Rui Patrício,True,Goalkeeper,1,start,end,1.0,0.0,0.0,0.0,0.0,0.0,0.0,0.0,2.0,0.0,0.0,0.0,0.0,0.0,
ENG-Premier League,1920,2020-07-13 Manchester United-Southampton,Manchester United,David de Gea,True,Goalkeeper,1,start,end,1.0,0.0,0.0,0.0,0.0,0.0,0.0,2.0,3.0,0.0,0.0,0.0,0.0,0.0,
ENG-Premier League,1920,2020-07-13 Manchester United-Southampton,Southampton,Alex McCarthy,False,Goalkeeper,1,start,end,1.0,0.0,0.0,0.0,0.0,0.0,0.0,2.0,2.0,0.0,0.0,0.0,0.0,0.0,
ENG-Premier League,1920,2020-07-14 Chelsea-Norwich City,Chelsea,Kepa Arrizabalaga,True,Goalkeeper,1,start,end,1.0,0.0,0.0,0.0,0.0,0.0,0.0,0.0,0.0,0.0,0.0,0.0,0.0,0.0,
ENG-Premier League,1920,2020-07-14 Chelsea-Norwich City,Norwich City,Tim Krul,False,Goalkeeper,1,start,end,1.0,0.0,0.0,0.0,0.0,0.0,0.0,1.0,5.0,0.0,0.0,0.0,0.0,0.0,
ENG-Premier League,1920,2020-07-15 Arsenal-Liverpool,Arsenal,Emiliano Martínez,True,Goalkeeper,1,start,end,1.0,0.0,0.0,0.0,0.0,0.0,0.0,1.0,8.0,0.0,0.0,0.0,0.0,0.0,
ENG-Premier League,1920,2020-07-15 Arsenal-Liverpool,Liverpool,Alisson Becker,False,Goalkeeper,1,start,end,1.0,0.0,0.0,0.0,0.0,0.0,0.0,2.0,0.0,0.0,0.0,0.0,0.0,0.0,
ENG-Premier League,1920,2020-07-15 Burnley-Wolverhampton Wanderers,Burnley,Nick Pope,True,Goalkeeper,1,start,end,1.0,0.0,0.0,0.0,0.0,0.0,0.0,1.0,4.0,0.0,0.0,0.0,0.0,0.0,
ENG-Premier League,1920,2020-07-15 Burnley-Wolverhampton Wanderers,Wolverhampton Wanderers,Rui Patrício,False,Goalkeeper,1,start,end,1.0,0.0,0.0,0.0,0.0,0.0,0.0,1.0,0.0,0.0,0.0,0.0,0.0,0.0,
ENG-Premier League,1920,2020-07-15 Manchester City-AFC Bournemouth,AFC Bournemouth,Aaron Ramsdale,False,Goalkeeper,1,start,end,1.0,0.0,0.0,0.0,0.0,0.0,0.0,2.0,2.0,0.0,0.0,0.0,0.0,0.0,
ENG-Premier League,1920,2020-07-15 Manchester City-AFC Bournemouth,Manchester City,Ederson,True,Goalkeeper,1,start,end,1.0,0.0,0.0,0.0,0.0,0.0,0.0,1.0,2.0,0.0,0.0,0.0,0.0,0.0,
ENG-Premier League,1920,2020-07-15 Newcastle United-Tottenham Hotspur,Newcastle United,Martin Dúbravka,True,Goalkeeper,1,start,end,1.0,0.0,0.0,0.0,0.0,0.0,0.0,3.0,2.0,0.0,0.0,0.0,0.0,0.0,
ENG-Premier League,1920,2020-07-15 Newcastle United-Tottenham Hotspur,Tottenham Hotspur,Hugo Lloris,False,Goalkeeper,1,start,end,1.0,0.0,0.0,0.0,0.0,0.0,0.0,1.0,5.0,0.0,0.0,0.0,0.0,0.0,
ENG-Premier League,1920,2020-07-16 Crystal Palace-Manchester United,Crystal Palace,Vicente Guaita,True,Goalkeeper,1,start,end,1.0,0.0,0.0,0.0,0.0,0.0,0.0,2.0,3.0,0.0,0.0,0.0,0.0,0.0,
ENG-Premier League,1920,2020-07-16 Crystal Palace-Manchester United,Manchester United,David de Gea,False,Goalkeeper,1,start,end,1.0,0.0,0.0,0.0,0.0,0.0,0.0,0.0,5.0,0.0,0.0,0.0,0.0,0.0,
ENG-Premier League,1920,2020-07-16 Everton-Aston Villa,Aston Villa,Pepe Reina,False,Goalkeeper,1,start,end,1.0,0.0,0.0,0.0,0.0,0.0,0.0,1.0,0.0,0.0,0.0,0.0,0.0,0.0,
ENG-Premier League,1920,2020-07-16 Everton-Aston Villa,Everton,Jordan Pickford,True,Goalkeeper,1,start,end,1.0,0.0,2.0,0.0,0.0,0.0,0.0,1.0,0.0,0.0,0.0,0.0,0.0,0.0,
ENG-Premier League,1920,2020-07-16 Leicester City-Sheffield United,Leicester City,Kasper Schmeichel,True,Goalkeeper,1,start,end,1.0,0.0,1.0,0.0,0.0,0.0,0.0,0.0,1.0,0.0,0.0,0.0,0.0,0.0,
ENG-Premier League,1920,2020-07-16 Leicester City-Sheffield United,Sheffield United,Dean Henderson,False,Goalkeeper,1,start,end,1.0,0.0,0.0,0.0,0.0,0.0,0.0,2.0,5.0,0.0,0.0,0.0,0.0,0.0,
ENG-Premier League,1920,2020-07-16 Southampton-Brighton & Hove Albion,Brighton & Hove Albion,Mathew Ryan,False,Goalkeeper,1,start,end,1.0,0.0,0.0,0.0,0.0,0.0,0.0,1.0,4.0,0.0,0.0,0.0,0.0,0.0,
ENG-Premier League,1920,2020-07-16 Southampton-Brighton & Hove Albion,Southampton,Alex McCarthy,True,Goalkeeper,1,start,end,1.0,0.0,0.0,0.0,0.0,0.0,0.0,1.0,1.0,0.0,0.0,0.0,0.0,0.0,
ENG-Premier League,1920,2020-07-17 West Ham United-Watford,Watford,Ben Foster,False,Goalkeeper,1,start,end,1.0,0.0,0.0,0.0,0.0,0.0,0.0,3.0,1.0,0.0,0.0,0.0,0.0,0.0,
ENG-Premier League,1920,2020-07-17 West Ham United-Watford,West Ham United,Lukasz Fabianski,True,Goalkeeper,1,start,end,1.0,0.0,0.0,0.0,0.0,0.0,0.0,1.0,2.0,0.0,0.0,0.0,0.0,0.0,
ENG-Premier League,1920,2020-07-18 Norwich City-Burnley,Burnley,Nick Pope,False,Goalkeeper,1,start,end,1.0,0.0,0.0,0.0,0.0,0.0,0.0,0.0,2.0,0.0,0.0,0.0,0.0,0.0,
ENG-Premier League,1920,2020-07-18 Norwich City-Burnley,Norwich City,Tim Krul,True,Goalkeeper,1,start,end,1.0,0.0,1.0,0.0,0.0,0.0,0.0,2.0,7.0,0.0,0.0,0.0,0.0,0.0,
ENG-Premier League,1920,2020-07-19 AFC Bournemouth-Southampton,AFC Bournemouth,Aaron Ramsdale,True,Goalkeeper,1,start,end,1.0,0.0,0.0,0.0,0.0,0.0,0.0,2.0,6.0,0.0,0.0,0.0,0.0,0.0,
ENG-Premier League,1920,2020-07-19 AFC Bournemouth-Southampton,Southampton,Alex McCarthy,False,Goalkeeper,1,start,end,1.0,0.0,0.0,0.0,0.0,0.0,0.0,0.0,3.0,0.0,0.0,0.0,0.0,0.0,
ENG-Premier League,1920,2020-07-19 Tottenham Hotspur-Leicester City,Leicester City,Kasper Schmeichel,False,Goalkeeper,1,start,end,1.0,0.0,0.0,0.0,0.0,0.0,0.0,3.0,1.0,0.0,0.0,0.0,0.0,0.0,
ENG-Premier League,1920,2020-07-19 Tottenham Hotspur-Leicester City,Tottenham Hotspur,Hugo Lloris,True,Goalkeeper,1,start,end,1.0,0.0,0.0,0.0,0.0,0.0,0.0,0.0,6.0,0.0,0.0,0.0,0.0,0.0,
ENG-Premier League,1920,2020-07-20 Brighton & Hove Albion-Newcastle United,Brighton & Hove Albion,Mathew Ryan,True,Goalkeeper,1,start,end,1.0,0.0,0.0,0.0,0.0,0.0,0.0,0.0,1.0,0.0,0.0,0.0,0.0,0.0,
ENG-Premier League,1920,2020-07-20 Brighton & Hove Albion-Newcastle United,Newcastle United,Martin Dúbravka,False,Goalkeeper,1,start,end,1.0,0.0,0.0,0.0,0.0,0.0,0.0,0.0,3.0,0.0,0.0,0.0,0.0,0.0,
ENG-Premier League,1920,2020-07-20 Sheffield United-Everton,Everton,Jordan Pickford,False,Goalkeeper,1,start,end,1.0,0.0,1.0,0.0,0.0,0.0,0.0,0.0,0.0,0.0,0.0,0.0,0.0,0.0,
ENG-Premier League,1920,2020-07-20 Sheffield United-Everton,Sheffield United,Dean Henderson,True,Goalkeeper,1,start,end,1.0,0.0,0.0,0.0,0.0,0.0,0.0,1.0,1.0,0.0,0.0,0.0,0.0,0.0,
ENG-Premier League,1920,2020-07-20 Wolverhampton Wanderers-Crystal Palace,Crystal Palace,Vicente Guaita,False,Goalkeeper,1,start,end,1.0,0.0,0.0,0.0,0.0,0.0,0.0,2.0,3.0,0.0,0.0,0.0,0.0,0.0,
ENG-Premier League,1920,2020-07-20 Wolverhampton Wanderers-Crystal Palace,Wolverhampton Wanderers,Rui Patrício,True,Goalkeeper,1,start,end,1.0,0.0,0.0,0.0,0.0,0.0,0.0,0.0,3.0,0.0,0.0,0.0,0.0,0.0,
ENG-Premier League,1920,2020-07-21 Aston Villa-Arsenal,Arsenal,Emiliano Martínez,False,Goalkeeper,1,start,end,1.0,0.0,0.0,0.0,0.0,0.0,0.0,1.0,2.0,0.0,0.0,0.0,0.0,0.0,
ENG-Premier League,1920,2020-07-21 Aston Villa-Arsenal,Aston Villa,Pepe Reina,True,Goalkeeper,1,start,end,1.0,0.0,0.0,0.0,0.0,0.0,0.0,0.0,0.0,0.0,0.0,0.0,0.0,0.0,
ENG-Premier League,1920,2020-07-21 Watford-Manchester City,Manchester City,Ederson,False,Goalkeeper,1,start,end,1.0,0.0,0.0,0.0,0.0,0.0,0.0,0.0,0.0,0.0,0.0,0.0,0.0,0.0,
ENG-Premier League,1920,2020-07-21 Watford-Manchester City,Watford,Ben Foster,True,Goalkeeper,1,start,end,1.0,0.0,0.0,0.0,0.0,0.0,0.0,4.0,6.0,0.0,0.0,0.0,0.0,0.0,
ENG-Premier League,1920,2020-07-22 Liverpool-Chelsea,Chelsea,Kepa Arrizabalaga,False,Goalkeeper,1,start,end,1.0,0.0,0.0,0.0,0.0,0.0,0.0,5.0,2.0,0.0,0.0,0.0,0.0,0.0,
ENG-Premier League,1920,2020-07-22 Liverpool-Chelsea,Liverpool,Alisson Becker,True,Goalkeeper,1,start,end,1.0,0.0,0.0,0.0,0.0,0.0,0.0,3.0,2.0,0.0,0.0,0.0,0.0,0.0,
ENG-Premier League,1920,2020-07-22 Manchester United-West Ham United,Manchester United,David de Gea,True,Goalkeeper,1,start,end,1.0,0.0,0.0,0.0,0.0,0.0,0.0,1.0,2.0,0.0,0.0,0.0,0.0,0.0,
ENG-Premier League,1920,2020-07-22 Manchester United-West Ham United,West Ham United,Lukasz Fabianski,False,Goalkeeper,1,start,end,1.0,0.0,0.0,0.0,0.0,0.0,0.0,1.0,3.0,0.0,0.0,0.0,0.0,0.0,
ENG-Premier League,1920,2020-07-26 Arsenal-Watford,Arsenal,Emiliano Martínez,True,Goalkeeper,1,start,end,1.0,0.0,0.0,0.0,0.0,0.0,1.0,2.0,4.0,0.0,0.0,0.0,0.0,0.0,
ENG-Premier League,1920,2020-07-26 Arsenal-Watford,Watford,Ben Foster,False,Goalkeeper,1,start,end,1.0,0.0,0.0,0.0,0.0,0.0,0.0,3.0,2.0,0.0,0.0,0.0,0.0,0.0,
ENG-Premier League,1920,2020-07-26 Burnley-Brighton & Hove Albion,Brighton & Hove Albion,Mathew Ryan,False,Goalkeeper,1,start,end,1.0,0.0,1.0,0.0,0.0,0.0,0.0,1.0,1.0,0.0,0.0,0.0,0.0,0.0,
ENG-Premier League,1920,2020-07-26 Burnley-Brighton & Hove Albion,Burnley,Nick Pope,True,Goalkeeper,1,start,end,1.0,0.0,1.0,0.0,0.0,0.0,0.0,2.0,2.0,0.0,0.0,0.0,0.0,0.0,
ENG-Premier League,1920,2020-07-26 Chelsea-Wolverhampton Wanderers,Chelsea,Wilfredo Caballero,True,Goalkeeper,1,start,end,1.0,0.0,0.0,0.0,0.0,0.0,0.0,0.0,1.0,0.0,0.0,0.0,0.0,0.0,
ENG-Premier League,1920,2020-07-26 Chelsea-Wolverhampton Wanderers,Wolverhampton Wanderers,Rui Patrício,False,Goalkeeper,1,start,end,1.0,0.0,0.0,0.0,0.0,0.0,0.0,2.0,1.0,0.0,0.0,0.0,0.0,0.0,
ENG-Premier League,1920,2020-07-26 Crystal Palace-Tottenham Hotspur,Crystal Palace,Vicente Guaita,True,Goalkeeper,1,start,end,1.0,0.0,0.0,0.0,0.0,0.0,0.0,1.0,1.0,0.0,0.0,0.0,0.0,0.0,
ENG-Premier League,1920,2020-07-26 Crystal Palace-Tottenham Hotspur,Tottenham Hotspur,Hugo Lloris,False,Goalkeeper,1,start,end,1.0,0.0,0.0,0.0,0.0,0.0,0.0,1.0,1.0,0.0,0.0,0.0,0.0,0.0,
ENG-Premier League,1920,2020-07-26 Everton-AFC Bournemouth,AFC Bournemouth,Aaron Ramsdale,False,Goalkeeper,1,start,end,1.0,0.0,0.0,0.0,0.0,0.0,0.0,1.0,4.0,0.0,0.0,0.0,0.0,0.0,
ENG-Premier League,1920,2020-07-26 Everton-AFC Bournemouth,Everton,Jordan Pickford,True,Goalkeeper,1,start,end,1.0,0.0,0.0,0.0,0.0,0.0,0.0,3.0,4.0,0.0,0.0,0.0,0.0,0.0,
ENG-Premier League,1920,2020-07-26 Leicester City-Manchester United,Leicester City,Kasper Schmeichel,True,Goalkeeper,1,start,end,1.0,0.0,0.0,0.0,0.0,0.0,0.0,2.0,1.0,0.0,0.0,0.0,0.0,0.0,
ENG-Premier League,1920,2020-07-26 Leicester City-Manchester United,Manchester United,David de Gea,False,Goalkeeper,1,start,end,1.0,0.0,0.0,0.0,0.0,0.0,0.0,0.0,3.0,0.0,0.0,0.0,0.0,0.0,
ENG-Premier League,1920,2020-07-26 Manchester City-Norwich City,Manchester City,Ederson,True,Goalkeeper,1,start,end,1.0,0.0,0.0,0.0,0.0,0.0,0.0,0.0,4.0,0.0,0.0,0.0,0.0,0.0,
ENG-Premier League,1920,2020-07-26 Manchester City-Norwich City,Norwich City,Tim Krul,False,Goalkeeper,1,start,end,1.0,0.0,0.0,0.0,0.0,0.0,0.0,5.0,4.0,0.0,0.0,0.0,0.0,0.0,
ENG-Premier League,1920,2020-07-26 Newcastle United-Liverpool,Liverpool,Alisson Becker,False,Goalkeeper,1,start,end,1.0,0.0,0.0,0.0,0.0,0.0,0.0,1.0,1.0,0.0,0.0,0.0,0.0,0.0,
ENG-Premier League,1920,2020-07-26 Newcastle United-Liverpool,Newcastle United,Martin Dúbravka,True,Goalkeeper,1,start,end,1.0,0.0,0.0,0.0,0.0,0.0,0.0,3.0,3.0,0.0,0.0,0.0,0.0,0.0,
ENG-Premier League,1920,2020-07-26 Southampton-Sheffield United,Sheffield United,Dean Henderson,False,Goalkeeper,1,start,end,1.0,0.0,0.0,0.0,0.0,0.0,0.0,3.0,1.0,0.0,0.0,0.0,0.0,0.0,
ENG-Premier League,1920,2020-07-26 Southampton-Sheffield United,Southampton,Alex McCarthy,True,Goalkeeper,1,start,end,1.0,0.0,0.0,0.0,0.0,0.0,0.0,1.0,2.0,0.0,0.0,0.0,0.0,0.0,
ENG-Premier League,1920,2020-07-26 West Ham United-Aston Villa,Aston Villa,Pepe Reina,False,Goalkeeper,1,start,end,1.0,0.0,0.0,0.0,0.0,0.0,0.0,1.0,0.0,0.0,0.0,0.0,0.0,0.0,
ENG-Premier League,1920,2020-07-26 West Ham United-Aston Villa,West Ham United,Lukasz Fabianski,True,Goalkeeper,1,start,end,1.0,0.0,0.0,0.0,0.0,0.0,0.0,1.0,3.0,0.0,0.0,0.0,0.0,0.0,
