league,season,game,team,player,is_home,position,formation_place,sub_in,sub_out,appearances,fouls_committed,fouls_suffered,own_goals,red_cards,sub_ins,yellow_cards,goals_conceded,saves,shots_faced,goal_assists,shots_on_target,total_goals,total_shots,offsides
ESP-La Liga,2223,2022-08-12 Osasuna-Sevilla,Osasuna,Sergio Herrera,True,Goalkeeper,1,start,end,1.0,0.0,0.0,0.0,0.0,0.0,1.0,1.0,3.0,9.0,0.0,0.0,0.0,0.0,
ESP-La Liga,2223,2022-08-12 Osasuna-Sevilla,Sevilla,Yassine Bounou,False,Goalkeeper,1,start,end,1.0,0.0,0.0,0.0,0.0,0.0,0.0,2.0,3.0,9.0,0.0,0.0,0.0,0.0,
ESP-La Liga,2223,2022-08-13 Barcelona-Rayo Vallecano,Barcelona,Marc-André ter Stegen,True,Goalkeeper,1,start,end,1.0,0.0,0.0,0.0,0.0,0.0,0.0,0.0,0.0,3.0,0.0,0.0,0.0,0.0,
ESP-La Liga,2223,2022-08-13 Barcelona-Rayo Vallecano,Rayo Vallecano,Stole Dimitrievski,False,Goalkeeper,1,start,end,1.0,0.0,1.0,0.0,0.0,0.0,1.0,0.0,0.0,21.0,0.0,0.0,0.0,0.0,
ESP-La Liga,2223,2022-08-13 Celta Vigo-Espanyol,Celta Vigo,Agustín Marchesín,True,Goalkeeper,1,start,end,1.0,0.0,0.0,0.0,0.0,0.0,1.0,2.0,0.0,8.0,0.0,0.0,0.0,0.0,
ESP-La Liga,2223,2022-08-13 Celta Vigo-Espanyol,Espanyol,Benjamin Lecomte,False,Goalkeeper,1,start,end,1.0,0.0,0.0,0.0,0.0,0.0,0.0,2.0,1.0,6.0,0.0,0.0,0.0,0.0,
ESP-La Liga,2223,2022-08-13 Real Valladolid-Villarreal,Real Valladolid,Sergio Asenjo,True,Goalkeeper,1,start,end,1.0,0.0,1.0,0.0,0.0,0.0,0.0,3.0,0.0,7.0,0.0,0.0,0.0,0.0,
ESP-La Liga,2223,2022-08-13 Real Valladolid-Villarreal,Villarreal,Gerónimo Rulli,False,Goalkeeper,1,start,end,1.0,0.0,0.0,0.0,0.0,0.0,0.0,0.0,0.0,11.0,0.0,0.0,0.0,0.0,
ESP-La Liga,2223,2022-08-14 Almería-Real Madrid,Almería,Fernando Martínez,True,Goalkeeper,1,start,end,1.0,0.0,0.0,0.0,0.0,0.0,0.0,2.0,13.0,25.0,0.0,0.0,0.0,0.0,
ESP-La Liga,2223,2022-08-14 Almería-Real Madrid,Real Madrid,Thibaut Courtois,False,Goalkeeper,1,start,end,1.0,0.0,0.0,0.0,0.0,0.0,0.0,1.0,5.0,9.0,0.0,0.0,0.0,0.0,
ESP-La Liga,2223,2022-08-14 Cádiz-Real Sociedad,Cádiz,Jeremias Ledesma,True,Goalkeeper,1,start,end,1.0,0.0,0.0,0.0,0.0,0.0,0.0,1.0,0.0,12.0,0.0,0.0,0.0,0.0,
ESP-La Liga,2223,2022-08-14 Cádiz-Real Sociedad,Real Sociedad,Álex Remiro,False,Goalkeeper,1,start,end,1.0,0.0,0.0,0.0,0.0,0.0,0.0,0.0,0.0,6.0,0.0,0.0,0.0,0.0,
ESP-La Liga,2223,2022-08-14 Valencia-Girona,Girona,Juan Carlos,False,Goalkeeper,1,start,end,1.0,0.0,0.0,0.0,0.0,0.0,0.0,1.0,0.0,16.0,0.0,0.0,0.0,0.0,
ESP-La Liga,2223,2022-08-14 Valencia-Girona,Valencia,Giorgi Mamardashvili,True,Goalkeeper,1,start,end,1.0,0.0,0.0,0.0,0.0,0.0,0.0,0.0,0.0,5.0,0.0,0.0,0.0,0.0,
ESP-La Liga,2223,2022-08-15 Athletic Club-Mallorca,Athletic Club,Unai Simón,True,Goalkeeper,1,start,end,1.0,0.0,0.0,0.0,0.0,0.0,0.0,0.0,0.0,6.0,0.0,0.0,0.0,0.0,
ESP-La Liga,2223,2022-08-15 Athletic Club-Mallorca,Mallorca,Predrag Rajkovic,False,Goalkeeper,1,start,end,1.0,0.0,0.0,0.0,0.0,0.0,0.0,0.0,0.0,21.0,0.0,0.0,0.0,0.0,
ESP-La Liga,2223,2022-08-15 Getafe-Atlético Madrid,Atlético Madrid,Jan Oblak,False,Goalkeeper,1,start,end,1.0,0.0,0.0,0.0,0.0,0.0,0.0,0.0,0.0,10.0,0.0,0.0,0.0,0.0,
ESP-La Liga,2223,2022-08-15 Getafe-Atlético Madrid,Getafe,David Soria,True,Goalkeeper,1,start,end,1.0,0.0,0.0,0.0,0.0,0.0,0.0,3.0,0.0,9.0,0.0,0.0,0.0,0.0,
ESP-La Liga,2223,2022-08-15 Real Betis-Elche,Elche,Edgar Badía,False,Goalkeeper,1,start,end,1.0,0.0,0.0,0.0,0.0,0.0,0.0,3.0,0.0,14.0,0.0,0.0,0.0,0.0,
ESP-La Liga,2223,2022-08-15 Real Betis-Elche,Real Betis,Rui Silva,True,Goalkeeper,1,start,end,1.0,0.0,0.0,0.0,0.0,0.0,0.0,0.0,0.0,4.0,0.0,0.0,0.0,0.0,
ESP-La Liga,2223,2022-08-19 Espanyol-Rayo Vallecano,Espanyol,Benjamin Lecomte,True,Goalkeeper,1,start,end,1.0,0.0,0.0,0.0,0.0,0.0,0.0,2.0,1.0,6.0,0.0,0.0,0.0,0.0,
ESP-La Liga,2223,2022-08-19 Espanyol-Rayo Vallecano,Rayo Vallecano,Stole Dimitrievski,False,Goalkeeper,1,start,end,1.0,0.0,0.0,0.0,0.0,0.0,1.0,0.0,1.0,13.0,0.0,0.0,0.0,0.0,
ESP-La Liga,2223,2022-08-19 Sevilla-Real Valladolid,Real Valladolid,Sergio Asenjo,False,Goalkeeper,1,start,end,1.0,0.0,1.0,0.0,0.0,0.0,0.0,1.0,1.0,17.0,0.0,0.0,0.0,0.0,
ESP-La Liga,2223,2022-08-19 Sevilla-Real Valladolid,Sevilla,Yassine Bounou,True,Goalkeeper,1,start,end,1.0,0.0,0.0,0.0,0.0,0.0,0.0,1.0,2.0,5.0,0.0,0.0,0.0,0.0,
ESP-La Liga,2223,2022-08-20 Celta Vigo-Real Madrid,Celta Vigo,Agustín Marchesín,True,Goalkeeper,1,start,end,1.0,0.0,0.0,0.0,0.0,0.0,0.0,4.0,0.0,10.0,0.0,0.0,0.0,0.0,
ESP-La Liga,2223,2022-08-20 Celta Vigo-Real Madrid,Real Madrid,Thibaut Courtois,False,Goalkeeper,1,start,end,1.0,0.0,0.0,0.0,0.0,0.0,0.0,1.0,0.0,13.0,0.0,0.0,0.0,0.0,
ESP-La Liga,2223,2022-08-20 Mallorca-Real Betis,Mallorca,Predrag Rajkovic,True,Goalkeeper,1,start,end,1.0,0.0,0.0,0.0,0.0,0.0,0.0,2.0,0.0,6.0,0.0,0.0,0.0,0.0,
ESP-La Liga,2223,2022-08-20 Mallorca-Real Betis,Real Betis,Rui Silva,False,Goalkeeper,1,start,end,1.0,0.0,0.0,0.0,0.0,0.0,1.0,1.0,0.0,11.0,0.0,0.0,0.0,0.0,
ESP-La Liga,2223,2022-08-20 Osasuna-Cádiz,Cádiz,Jeremias Ledesma,False,Goalkeeper,1,start,end,1.0,1.0,0.0,0.0,0.0,0.0,0.0,2.0,2.0,13.0,0.0,0.0,0.0,0.0,
ESP-La Liga,2223,2022-08-20 Osasuna-Cádiz,Osasuna,Sergio Herrera,True,Goalkeeper,1,start,end,1.0,0.0,0.0,0.0,0.0,0.0,0.0,0.0,2.0,9.0,0.0,0.0,0.0,0.0,
ESP-La Liga,2223,2022-08-21 Athletic Club-Valencia,Athletic Club,Unai Simón,True,Goalkeeper,1,start,end,1.0,0.0,0.0,0.0,0.0,0.0,1.0,0.0,0.0,10.0,0.0,0.0,0.0,0.0,
ESP-La Liga,2223,2022-08-21 Athletic Club-Valencia,Valencia,Giorgi Mamardashvili,False,Goalkeeper,1,start,end,1.0,0.0,0.0,0.0,0.0,0.0,0.0,1.0,0.0,10.0,0.0,0.0,0.0,0.0,
ESP-La Liga,2223,2022-08-21 Atlético Madrid-Villarreal,Atlético Madrid,Jan Oblak,True,Goalkeeper,1,start,end,1.0,0.0,0.0,0.0,0.0,0.0,0.0,2.0,0.0,15.0,0.0,0.0,0.0,0.0,
ESP-La Liga,2223,2022-08-21 Atlético Madrid-Villarreal,Villarreal,Gerónimo Rulli,False,Goalkeeper,1,start,end,1.0,0.0,0.0,0.0,0.0,0.0,0.0,0.0,0.0,13.0,0.0,0.0,0.0,0.0,
ESP-La Liga,2223,2022-08-21 Real Sociedad-Barcelona,Barcelona,Marc-André ter Stegen,False,Goalkeeper,1,start,end,1.0,0.0,0.0,0.0,0.0,0.0,0.0,1.0,4.0,7.0,0.0,0.0,0.0,0.0,
ESP-La Liga,2223,2022-08-21 Real Sociedad-Barcelona,Real Sociedad,Álex Remiro,True,Goalkeeper,1,start,end,1.0,0.0,0.0,0.0,0.0,0.0,0.0,4.0,3.0,11.0,0.0,0.0,0.0,0.0,
ESP-La Liga,2223,2022-08-22 Elche-Almería,Almería,Fernando Martínez,False,Goalkeeper,1,start,end,1.0,0.0,0.0,0.0,0.0,0.0,0.0,1.0,0.0,12.0,0.0,0.0,0.0,0.0,
ESP-La Liga,2223,2022-08-22 Elche-Almería,Elche,Edgar Badía,True,Goalkeeper,1,start,end,1.0,0.0,0.0,0.0,0.0,0.0,0.0,1.0,0.0,11.0,0.0,0.0,0.0,0.0,
ESP-La Liga,2223,2022-08-22 Girona-Getafe,Getafe,David Soria,False,Goalkeeper,1,start,end,1.0,0.0,0.0,0.0,0.0,0.0,0.0,2.0,4.0,10.0,0.0,0.0,0.0,0.0,
ESP-La Liga,2223,2022-08-22 Girona-Getafe,Girona,Juan Carlos,True,Goalkeeper,1,start,end,1.0,0.0,0.0,0.0,0.0,0.0,0.0,1.0,2.0,6.0,0.0,0.0,0.0,0.0,
ESP-La Liga,2223,2022-08-26 Girona-Celta Vigo,Celta Vigo,Agustín Marchesín,False,Goalkeeper,1,start,end,1.0,0.0,0.0,0.0,0.0,0.0,0.0,0.0,3.0,10.0,0.0,0.0,0.0,0.0,
ESP-La Liga,2223,2022-08-26 Girona-Celta Vigo,Girona,Juan Carlos,True,Goalkeeper,1,start,end,1.0,0.0,0.0,0.0,0.0,0.0,0.0,1.0,5.0,10.0,0.0,0.0,0.0,0.0,
ESP-La Liga,2223,2022-08-26 Real Betis-Osasuna,Osasuna,Sergio Herrera,False,Goalkeeper,1,start,end,1.0,0.0,1.0,0.0,0.0,0.0,0.0,1.0,0.0,8.0,0.0,0.0,0.0,0.0,
ESP-La Liga,2223,2022-08-26 Real Betis-Osasuna,Real Betis,Rui Silva,True,Goalkeeper,1,start,end,1.0,0.0,0.0,0.0,0.0,0.0,0.0,0.0,0.0,12.0,0.0,0.0,0.0,0.0,
ESP-La Liga,2223,2022-08-27 Almería-Sevilla,Almería,Fernando Martínez,True,Goalkeeper,1,start,end,1.0,0.0,1.0,0.0,0.0,0.0,0.0,1.0,0.0,11.0,0.0,0.0,0.0,0.0,
ESP-La Liga,2223,2022-08-27 Almería-Sevilla,Sevilla,Yassine Bounou,False,Goalkeeper,1,start,end,1.0,0.0,1.0,0.0,0.0,0.0,0.0,2.0,0.0,9.0,0.0,0.0,0.0,0.0,
ESP-La Liga,2223,2022-08-27 Elche-Real Sociedad,Elche,Edgar Badía,True,Goalkeeper,1,start,end,1.0,0.0,0.0,0.0,0.0,0.0,0.0,1.0,0.0,7.0,0.0,0.0,0.0,0.0,
ESP-La Liga,2223,2022-08-27 Elche-Real Sociedad,Real Sociedad,Álex Remiro,False,Goalkeeper,1,start,end,1.0,0.0,0.0,0.0,0.0,0.0,0.0,0.0,0.0,11.0,0.0,0.0,0.0,0.0,
ESP-La Liga,2223,2022-08-27 Rayo Vallecano-Mallorca,Mallorca,Predrag Rajkovic,False,Goalkeeper,1,start,end,1.0,0.0,1.0,0.0,0.0,0.0,0.0,0.0,0.0,14.0,0.0,0.0,0.0,0.0,
ESP-La Liga,2223,2022-08-27 Rayo Vallecano-Mallorca,Rayo Vallecano,Stole Dimitrievski,True,Goalkeeper,1,start,end,1.0,0.0,0.0,0.0,0.0,0.0,0.0,2.0,0.0,7.0,0.0,0.0,0.0,0.0,
ESP-La Liga,2223,2022-08-28 Barcelona-Real Valladolid,Barcelona,Marc-André ter Stegen,True,Goalkeeper,1,start,end,1.0,0.0,0.0,0.0,0.0,0.0,0.0,0.0,2.0,8.0,0.0,0.0,0.0,0.0,
ESP-La Liga,2223,2022-08-28 Barcelona-Real Valladolid,Real Valladolid,Jordi Masip,False,Goalkeeper,1,start,end,1.0,0.0,0.0,0.0,0.0,0.0,0.0,4.0,5.0,20.0,0.0,0.0,0.0,0.0,
ESP-La Liga,2223,2022-08-28 Espanyol-Real Madrid,Espanyol,Benjamin Lecomte,True,Goalkeeper,1,start,end,1.0,2.0,0.0,0.0,1.0,0.0,0.0,3.0,0.0,15.0,0.0,0.0,0.0,0.0,
ESP-La Liga,2223,2022-08-28 Espanyol-Real Madrid,Real Madrid,Thibaut Courtois,False,Goalkeeper,1,start,end,1.0,0.0,0.0,0.0,0.0,0.0,0.0,1.0,0.0,14.0,0.0,0.0,0.0,0.0,
ESP-La Liga,2223,2022-08-28 Getafe-Villarreal,Getafe,David Soria,True,Goalkeeper,1,start,end,1.0,0.0,0.0,0.0,0.0,0.0,0.0,0.0,0.0,11.0,0.0,0.0,0.0,0.0,
ESP-La Liga,2223,2022-08-28 Getafe-Villarreal,Villarreal,Gerónimo Rulli,False,Goalkeeper,1,start,end,1.0,0.0,0.0,0.0,0.0,0.0,0.0,0.0,0.0,7.0,0.0,0.0,0.0,0.0,
ESP-La Liga,2223,2022-08-29 Cádiz-Athletic Club,Athletic Club,Unai Simón,False,Goalkeeper,1,start,end,1.0,0.0,0.0,0.0,0.0,0.0,0.0,0.0,0.0,9.0,0.0,0.0,0.0,0.0,
ESP-La Liga,2223,2022-08-29 Cádiz-Athletic Club,Cádiz,Jeremias Ledesma,True,Goalkeeper,1,start,end,1.0,0.0,0.0,0.0,0.0,0.0,0.0,4.0,0.0,15.0,0.0,0.0,0.0,0.0,
ESP-La Liga,2223,2022-08-29 Valencia-Atlético Madrid,Atlético Madrid,Jan Oblak,False,Goalkeeper,1,start,end,1.0,0.0,1.0,0.0,0.0,0.0,0.0,0.0,0.0,12.0,0.0,0.0,0.0,0.0,
ESP-La Liga,2223,2022-08-29 Valencia-Atlético Madrid,Valencia,Giorgi Mamardashvili,True,Goalkeeper,1,start,end,1.0,0.0,0.0,0.0,0.0,0.0,0.0,1.0,0.0,12.0,0.0,0.0,0.0,0.0,
ESP-La Liga,2223,2022-09-02 Celta Vigo-Cádiz,Celta Vigo,Agustín Marchesín,True,Goalkeeper,1,start,end,1.0,0.0,0.0,0.0,0.0,0.0,0.0,0.0,0.0,7.0,0.0,0.0,0.0,0.0,
ESP-La Liga,2223,2022-09-02 Celta Vigo-Cádiz,Cádiz,Jeremias Ledesma,False,Goalkeeper,1,start,end,1.0,0.0,0.0,0.0,0.0,0.0,0.0,3.0,0.0,6.0,0.0,0.0,0.0,0.0,
ESP-La Liga,2223,2022-09-03 Mallorca-Girona,Girona,Juan Carlos,False,Goalkeeper,1,start,end,1.0,0.0,0.0,0.0,0.0,0.0,0.0,1.0,0.0,9.0,0.0,0.0,0.0,0.0,
ESP-La Liga,2223,2022-09-03 Mallorca-Girona,Mallorca,Predrag Rajkovic,True,Goalkeeper,1,start,end,1.0,0.0,0.0,0.0,0.0,0.0,0.0,1.0,0.0,9.0,0.0,0.0,0.0,0.0,
ESP-La Liga,2223,2022-09-03 Real Madrid-Real Betis,Real Betis,Rui Silva,False,Goalkeeper,1,start,end,1.0,0.0,0.0,0.0,0.0,0.0,0.0,2.0,0.0,20.0,0.0,0.0,0.0,0.0,
ESP-La Liga,2223,2022-09-03 Real Madrid-Real Betis,Real Madrid,Thibaut Courtois,True,Goalkeeper,1,start,end,1.0,0.0,0.0,0.0,0.0,0.0,0.0,1.0,0.0,7.0,0.0,0.0,0.0,0.0,
ESP-La Liga,2223,2022-09-03 Real Sociedad-Atlético Madrid,Atlético Madrid,Jan Oblak,False,Goalkeeper,1,start,84,1.0,0.0,0.0,0.0,0.0,0.0,0.0,1.0,0.0,11.0,0.0,0.0,0.0,0.0,
ESP-La Liga,2223,2022-09-03 Real Sociedad-Atlético Madrid,Real Sociedad,Álex Remiro,True,Goalkeeper,1,start,end,1.0,0.0,0.0,0.0,0.0,0.0,0.0,1.0,0.0,15.0,0.0,0.0,0.0,0.0,
ESP-La Liga,2223,2022-09-03 Sevilla-Barcelona,Barcelona,Marc-André ter Stegen,False,Goalkeeper,1,start,end,1.0,0.0,0.0,0.0,0.0,0.0,0.0,0.0,4.0,10.0,0.0,0.0,0.0,0.0,
ESP-La Liga,2223,2022-09-03 Sevilla-Barcelona,Sevilla,Yassine Bounou,True,Goalkeeper,1,start,end,1.0,0.0,0.0,0.0,0.0,0.0,0.0,3.0,2.0,16.0,0.0,0.0,0.0,0.0,
ESP-La Liga,2223,2022-09-04 Athletic Club-Espanyol,Athletic Club,Unai Simón,True,Goalkeeper,1,start,end,1.0,0.0,0.0,0.0,0.0,0.0,0.0,1.0,1.0,9.0,0.0,0.0,0.0,0.0,
ESP-La Liga,2223,2022-09-04 Athletic Club-Espanyol,Espanyol,Álvaro Fernández,False,Goalkeeper,1,start,end,1.0,0.0,0.0,0.0,0.0,0.0,0.0,0.0,3.0,17.0,0.0,0.0,0.0,0.0,
ESP-La Liga,2223,2022-09-04 Osasuna-Rayo Vallecano,Osasuna,Sergio Herrera,True,Goalkeeper,1,start,end,1.0,0.0,0.0,0.0,0.0,0.0,0.0,1.0,2.0,4.0,0.0,0.0,0.0,0.0,
ESP-La Liga,2223,2022-09-04 Osasuna-Rayo Vallecano,Rayo Vallecano,Stole Dimitrievski,False,Goalkeeper,1,start,end,1.0,0.0,0.0,0.0,0.0,0.0,0.0,2.0,3.0,13.0,0.0,0.0,0.0,0.0,
ESP-La Liga,2223,2022-09-04 Valencia-Getafe,Getafe,David Soria,False,Goalkeeper,1,start,end,1.0,0.0,0.0,0.0,0.0,0.0,0.0,5.0,0.0,19.0,0.0,0.0,0.0,0.0,
ESP-La Liga,2223,2022-09-04 Valencia-Getafe,Valencia,Giorgi Mamardashvili,True,Goalkeeper,1,start,end,1.0,0.0,0.0,0.0,0.0,0.0,0.0,1.0,0.0,6.0,0.0,0.0,0.0,0.0,
ESP-La Liga,2223,2022-09-04 Villarreal-Elche,Elche,Edgar Badía,False,Goalkeeper,1,start,end,1.0,0.0,0.0,0.0,0.0,0.0,0.0,4.0,6.0,14.0,0.0,0.0,0.0,0.0,
ESP-La Liga,2223,2022-09-04 Villarreal-Elche,Villarreal,Gerónimo Rulli,True,Goalkeeper,1,start,end,1.0,0.0,0.0,0.0,0.0,0.0,0.0,0.0,0.0,7.0,0.0,0.0,0.0,0.0,
ESP-La Liga,2223,2022-09-05 Real Valladolid-Almería,Almería,Fernando Martínez,False,Goalkeeper,1,start,end,1.0,0.0,0.0,0.0,0.0,0.0,0.0,1.0,0.0,14.0,0.0,0.0,0.0,0.0,
ESP-La Liga,2223,2022-09-05 Real Valladolid-Almería,Real Valladolid,Sergio Asenjo,True,Goalkeeper,1,start,end,1.0,0.0,0.0,0.0,0.0,0.0,0.0,0.0,0.0,12.0,0.0,0.0,0.0,0.0,
ESP-La Liga,2223,2022-09-09 Girona-Real Valladolid,Girona,Juan Carlos,True,Goalkeeper,1,start,end,1.0,0.0,0.0,0.0,0.0,0.0,0.0,1.0,0.0,13.0,0.0,0.0,0.0,0.0,
ESP-La Liga,2223,2022-09-09 Girona-Real Valladolid,Real Valladolid,Sergio Asenjo,False,Goalkeeper,1,start,end,1.0,0.0,0.0,0.0,0.0,0.0,0.0,2.0,0.0,12.0,0.0,0.0,0.0,0.0,
ESP-La Liga,2223,2022-09-10 Atlético Madrid-Celta Vigo,Atlético Madrid,Ivo Grbic,True,Goalkeeper,1,start,end,1.0,0.0,0.0,0.0,0.0,0.0,0.0,1.0,0.0,13.0,0.0,0.0,0.0,0.0,
ESP-La Liga,2223,2022-09-10 Atlético Madrid-Celta Vigo,Celta Vigo,Agustín Marchesín,False,Goalkeeper,1,start,end,1.0,0.0,0.0,0.0,0.0,0.0,0.0,3.0,0.0,7.0,0.0,0.0,0.0,0.0,
ESP-La Liga,2223,2022-09-10 Cádiz-Barcelona,Barcelona,Marc-André ter Stegen,False,Goalkeeper,1,start,end,1.0,0.0,0.0,0.0,0.0,0.0,0.0,0.0,0.0,6.0,0.0,0.0,0.0,0.0,
ESP-La Liga,2223,2022-09-10 Cádiz-Barcelona,Cádiz,Jeremias Ledesma,True,Goalkeeper,1,start,end,1.0,0.0,0.0,0.0,0.0,0.0,0.0,4.0,4.0,11.0,0.0,0.0,0.0,0.0,
ESP-La Liga,2223,2022-09-10 Espanyol-Sevilla,Espanyol,Álvaro Fernández,True,Goalkeeper,1,start,end,1.0,0.0,0.0,0.0,0.0,0.0,0.0,3.0,0.0,7.0,0.0,0.0,0.0,0.0,
ESP-La Liga,2223,2022-09-10 Espanyol-Sevilla,Sevilla,Yassine Bounou,False,Goalkeeper,1,start,end,1.0,0.0,0.0,0.0,0.0,0.0,0.0,2.0,0.0,16.0,0.0,0.0,0.0,0.0,
ESP-La Liga,2223,2022-09-10 Rayo Vallecano-Valencia,Rayo Vallecano,Stole Dimitrievski,True,Goalkeeper,1,start,end,1.0,0.0,0.0,0.0,0.0,0.0,1.0,1.0,0.0,16.0,0.0,0.0,0.0,0.0,
ESP-La Liga,2223,2022-09-10 Rayo Vallecano-Valencia,Valencia,Giorgi Mamardashvili,False,Goalkeeper,1,start,end,1.0,0.0,0.0,0.0,0.0,0.0,0.0,1.0,0.0,14.0,0.0,0.0,0.0,0.0,
ESP-La Liga,2223,2022-09-11 Elche-Athletic Club,Athletic Club,Unai Simón,False,Goalkeeper,1,start,end,1.0,0.0,0.0,0.0,0.0,0.0,0.0,1.0,0.0,8.0,0.0,0.0,0.0,0.0,
ESP-La Liga,2223,2022-09-11 Elche-Athletic Club,Elche,Edgar Badía,True,Goalkeeper,1,start,end,1.0,0.0,0.0,0.0,0.0,0.0,0.0,3.0,0.0,13.0,0.0,0.0,0.0,0.0,
ESP-La Liga,2223,2022-09-11 Getafe-Real Sociedad,Getafe,David Soria,True,Goalkeeper,1,start,end,1.0,0.0,0.0,0.0,0.0,0.0,0.0,1.0,0.0,12.0,0.0,0.0,0.0,0.0,
ESP-La Liga,2223,2022-09-11 Getafe-Real Sociedad,Real Sociedad,Álex Remiro,False,Goalkeeper,1,start,end,1.0,0.0,0.0,0.0,0.0,0.0,0.0,2.0,0.0,5.0,0.0,0.0,0.0,0.0,
ESP-La Liga,2223,2022-09-11 Real Betis-Villarreal,Real Betis,Rui Silva,True,Goalkeeper,1,start,end,1.0,0.0,0.0,0.0,0.0,0.0,0.0,0.0,2.0,14.0,0.0,0.0,0.0,0.0,
ESP-La Liga,2223,2022-09-11 Real Betis-Villarreal,Villarreal,Gerónimo Rulli,False,Goalkeeper,1,start,end,1.0,0.0,1.0,0.0,0.0,0.0,0.0,1.0,4.0,14.0,0.0,0.0,0.0,0.0,
ESP-La Liga,2223,2022-09-11 Real Madrid-Mallorca,Mallorca,Predrag Rajkovic,False,Goalkeeper,1,start,end,1.0,0.0,0.0,0.0,0.0,0.0,0.0,4.0,3.0,18.0,0.0,0.0,0.0,0.0,
ESP-La Liga,2223,2022-09-11 Real Madrid-Mallorca,Real Madrid,Thibaut Courtois,True,Goalkeeper,1,start,end,1.0,0.0,0.0,0.0,0.0,0.0,0.0,1.0,1.0,3.0,0.0,0.0,0.0,0.0,
ESP-La Liga,2223,2022-09-12 Almería-Osasuna,Almería,Fernando Martínez,True,Goalkeeper,1,start,end,1.0,0.0,0.0,0.0,0.0,0.0,0.0,1.0,0.0,13.0,0.0,0.0,0.0,0.0,
ESP-La Liga,2223,2022-09-12 Almería-Osasuna,Osasuna,Sergio Herrera,False,Goalkeeper,1,start,end,1.0,0.0,0.0,0.0,0.0,0.0,0.0,0.0,0.0,7.0,0.0,0.0,0.0,0.0,
ESP-La Liga,2223,2022-09-16 Real Valladolid-Cádiz,Cádiz,Jeremias Ledesma,False,Goalkeeper,1,start,end,1.0,0.0,0.0,0.0,0.0,0.0,0.0,0.0,0.0,18.0,0.0,0.0,0.0,0.0,
ESP-La Liga,2223,2022-09-16 Real Valladolid-Cádiz,Real Valladolid,Sergio Asenjo,True,Goalkeeper,1,start,end,1.0,0.0,0.0,0.0,0.0,0.0,0.0,1.0,0.0,6.0,0.0,0.0,0.0,0.0,
ESP-La Liga,2223,2022-09-17 Athletic Club-Rayo Vallecano,Athletic Club,Unai Simón,True,Goalkeeper,1,start,end,1.0,0.0,0.0,0.0,0.0,0.0,0.0,2.0,0.0,9.0,0.0,0.0,0.0,0.0,
ESP-La Liga,2223,2022-09-17 Athletic Club-Rayo Vallecano,Rayo Vallecano,Stole Dimitrievski,False,Goalkeeper,1,start,end,1.0,0.0,0.0,0.0,0.0,0.0,0.0,3.0,0.0,11.0,0.0,0.0,0.0,0.0,
ESP-La Liga,2223,2022-09-17 Barcelona-Elche,Barcelona,Marc-André ter Stegen,True,Goalkeeper,1,start,end,1.0,0.0,0.0,0.0,0.0,0.0,0.0,0.0,1.0,1.0,0.0,0.0,0.0,0.0,
ESP-La Liga,2223,2022-09-17 Barcelona-Elche,Elche,Edgar Badía,False,Goalkeeper,1,start,end,1.0,0.0,0.0,0.0,0.0,0.0,0.0,3.0,6.0,21.0,0.0,0.0,0.0,0.0,
ESP-La Liga,2223,2022-09-17 Mallorca-Almería,Almería,Fernando Martínez,False,Goalkeeper,1,start,end,1.0,0.0,0.0,0.0,0.0,0.0,0.0,1.0,1.0,4.0,0.0,0.0,0.0,0.0,
ESP-La Liga,2223,2022-09-17 Mallorca-Almería,Mallorca,Predrag Rajkovic,True,Goalkeeper,1,start,end,1.0,0.0,1.0,0.0,0.0,0.0,0.0,0.0,2.0,8.0,0.0,0.0,0.0,0.0,
ESP-La Liga,2223,2022-09-17 Valencia-Celta Vigo,Celta Vigo,Agustín Marchesín,False,Goalkeeper,1,start,end,1.0,0.0,1.0,0.0,0.0,0.0,0.0,3.0,0.0,11.0,0.0,0.0,0.0,0.0,
ESP-La Liga,2223,2022-09-17 Valencia-Celta Vigo,Valencia,Giorgi Mamardashvili,True,Goalkeeper,1,start,end,1.0,0.0,0.0,0.0,0.0,0.0,0.0,0.0,0.0,6.0,0.0,0.0,0.0,0.0,
ESP-La Liga,2223,2022-09-18 Atlético Madrid-Real Madrid,Atlético Madrid,Jan Oblak,True,Goalkeeper,1,start,end,1.0,0.0,0.0,0.0,0.0,0.0,0.0,2.0,0.0,4.0,0.0,0.0,0.0,0.0,
ESP-La Liga,2223,2022-09-18 Atlético Madrid-Real Madrid,Real Madrid,Thibaut Courtois,False,Goalkeeper,1,start,end,1.0,0.0,0.0,0.0,0.0,0.0,0.0,1.0,0.0,10.0,0.0,0.0,0.0,0.0,
ESP-La Liga,2223,2022-09-18 Osasuna-Getafe,Getafe,David Soria,False,Goalkeeper,1,start,end,1.0,0.0,0.0,0.0,0.0,0.0,0.0,0.0,4.0,12.0,0.0,0.0,0.0,0.0,
ESP-La Liga,2223,2022-09-18 Osasuna-Getafe,Osasuna,Sergio Herrera,True,Goalkeeper,1,start,end,1.0,0.0,0.0,0.0,0.0,0.0,0.0,2.0,2.0,7.0,0.0,0.0,0.0,0.0,
ESP-La Liga,2223,2022-09-18 Real Betis-Girona,Girona,Juan Carlos,False,Goalkeeper,1,start,end,1.0,0.0,0.0,0.0,0.0,0.0,0.0,2.0,1.0,7.0,0.0,0.0,0.0,0.0,
ESP-La Liga,2223,2022-09-18 Real Betis-Girona,Real Betis,Rui Silva,True,Goalkeeper,1,start,end,1.0,0.0,0.0,0.0,0.0,0.0,0.0,1.0,2.0,7.0,0.0,0.0,0.0,0.0,
ESP-La Liga,2223,2022-09-18 Real Sociedad-Espanyol,Espanyol,Álvaro Fernández,False,Goalkeeper,1,start,end,1.0,0.0,0.0,0.0,0.0,0.0,0.0,2.0,4.0,12.0,0.0,0.0,0.0,0.0,
ESP-La Liga,2223,2022-09-18 Real Sociedad-Espanyol,Real Sociedad,Álex Remiro,True,Goalkeeper,1,start,end,1.0,0.0,0.0,0.0,0.0,0.0,0.0,1.0,4.0,12.0,0.0,0.0,0.0,0.0,
ESP-La Liga,2223,2022-09-18 Villarreal-Sevilla,Sevilla,Yassine Bounou,False,Goalkeeper,1,start,45,1.0,0.0,0.0,0.0,0.0,0.0,1.0,0.0,0.0,6.0,0.0,0.0,0.0,0.0,
ESP-La Liga,2223,2022-09-18 Villarreal-Sevilla,Villarreal,Gerónimo Rulli,True,Goalkeeper,1,start,end,1.0,0.0,0.0,0.0,0.0,0.0,0.0,1.0,0.0,11.0,0.0,0.0,0.0,0.0,
ESP-La Liga,2223,2022-09-30 Athletic Club-Almería,Almería,Fernando Martínez,False,Goalkeeper,1,start,end,1.0,0.0,0.0,0.0,0.0,0.0,0.0,4.0,0.0,14.0,0.0,0.0,0.0,0.0,
ESP-La Liga,2223,2022-09-30 Athletic Club-Almería,Athletic Club,Unai Simón,True,Goalkeeper,1,start,end,1.0,0.0,0.0,0.0,0.0,0.0,0.0,0.0,2.0,8.0,0.0,0.0,0.0,0.0,
ESP-La Liga,2223,2022-10-01 Cádiz-Villarreal,Cádiz,Jeremias Ledesma,True,Goalkeeper,1,start,end,1.0,0.0,0.0,0.0,0.0,0.0,0.0,0.0,0.0,14.0,0.0,0.0,0.0,0.0,
ESP-La Liga,2223,2022-10-01 Cádiz-Villarreal,Villarreal,Gerónimo Rulli,False,Goalkeeper,1,start,end,1.0,0.0,0.0,0.0,0.0,0.0,1.0,0.0,0.0,9.0,0.0,0.0,0.0,0.0,
ESP-La Liga,2223,2022-10-01 Getafe-Real Valladolid,Getafe,David Soria,True,Goalkeeper,1,start,end,1.0,1.0,0.0,0.0,0.0,0.0,1.0,3.0,0.0,11.0,0.0,0.0,0.0,0.0,
ESP-La Liga,2223,2022-10-01 Getafe-Real Valladolid,Real Valladolid,Jordi Masip,False,Goalkeeper,1,start,end,1.0,0.0,1.0,0.0,0.0,0.0,1.0,2.0,0.0,10.0,0.0,0.0,0.0,0.0,
ESP-La Liga,2223,2022-10-01 Mallorca-Barcelona,Barcelona,Marc-André ter Stegen,False,Goalkeeper,1,start,end,1.0,0.0,0.0,0.0,0.0,0.0,0.0,0.0,3.0,11.0,0.0,0.0,0.0,0.0,
ESP-La Liga,2223,2022-10-01 Mallorca-Barcelona,Mallorca,Predrag Rajkovic,True,Goalkeeper,1,start,end,1.0,0.0,0.0,0.0,0.0,0.0,0.0,1.0,2.0,9.0,0.0,0.0,0.0,0.0,
ESP-La Liga,2223,2022-10-01 Sevilla-Atlético Madrid,Atlético Madrid,Jan Oblak,False,Goalkeeper,1,start,end,1.0,0.0,0.0,0.0,0.0,0.0,0.0,0.0,0.0,14.0,0.0,0.0,0.0,0.0,
ESP-La Liga,2223,2022-10-01 Sevilla-Atlético Madrid,Sevilla,Yassine Bounou,True,Goalkeeper,1,start,end,1.0,0.0,0.0,0.0,0.0,0.0,0.0,2.0,0.0,18.0,0.0,0.0,0.0,0.0,
ESP-La Liga,2223,2022-10-02 Celta Vigo-Real Betis,Celta Vigo,Agustín Marchesín,True,Goalkeeper,1,start,end,1.0,0.0,0.0,0.0,0.0,0.0,0.0,0.0,0.0,10.0,0.0,0.0,0.0,0.0,
ESP-La Liga,2223,2022-10-02 Celta Vigo-Real Betis,Real Betis,Rui Silva,False,Goalkeeper,1,start,end,1.0,0.0,0.0,0.0,0.0,0.0,0.0,1.0,0.0,10.0,0.0,0.0,0.0,0.0,
ESP-La Liga,2223,2022-10-02 Espanyol-Valencia,Espanyol,Álvaro Fernández,True,Goalkeeper,1,start,end,1.0,0.0,0.0,0.0,0.0,0.0,0.0,2.0,3.0,10.0,0.0,0.0,0.0,0.0,
ESP-La Liga,2223,2022-10-02 Espanyol-Valencia,Valencia,Giorgi Mamardashvili,False,Goalkeeper,1,start,end,1.0,0.0,0.0,0.0,0.0,0.0,0.0,2.0,3.0,8.0,0.0,0.0,0.0,0.0,
ESP-La Liga,2223,2022-10-02 Girona-Real Sociedad,Girona,Juan Carlos,True,Goalkeeper,1,start,end,1.0,0.0,0.0,0.0,0.0,0.0,0.0,5.0,0.0,6.0,0.0,0.0,0.0,0.0,
ESP-La Liga,2223,2022-10-02 Girona-Real Sociedad,Real Sociedad,Álex Remiro,False,Goalkeeper,1,start,end,1.0,0.0,0.0,0.0,0.0,0.0,0.0,3.0,0.0,12.0,0.0,0.0,0.0,0.0,
ESP-La Liga,2223,2022-10-02 Real Madrid-Osasuna,Osasuna,Sergio Herrera,False,Goalkeeper,1,start,end,1.0,0.0,0.0,0.0,0.0,0.0,0.0,1.0,0.0,19.0,0.0,0.0,0.0,0.0,
ESP-La Liga,2223,2022-10-02 Real Madrid-Osasuna,Real Madrid,Andriy Lunin,True,Goalkeeper,1,start,end,1.0,0.0,0.0,0.0,0.0,0.0,0.0,1.0,0.0,7.0,0.0,0.0,0.0,0.0,
ESP-La Liga,2223,2022-10-03 Rayo Vallecano-Elche,Elche,Edgar Badía,False,Goalkeeper,1,start,end,1.0,0.0,0.0,0.0,0.0,0.0,1.0,2.0,0.0,11.0,0.0,0.0,0.0,0.0,
ESP-La Liga,2223,2022-10-03 Rayo Vallecano-Elche,Rayo Vallecano,Stole Dimitrievski,True,Goalkeeper,1,start,end,1.0,0.0,0.0,0.0,0.0,0.0,0.0,1.0,0.0,5.0,0.0,0.0,0.0,0.0,
ESP-La Liga,2223,2022-10-07 Osasuna-Valencia,Osasuna,Sergio Herrera,True,Goalkeeper,1,start,end,1.0,0.0,0.0,0.0,0.0,0.0,1.0,2.0,5.0,10.0,0.0,0.0,0.0,0.0,
ESP-La Liga,2223,2022-10-07 Osasuna-Valencia,Valencia,Giorgi Mamardashvili,False,Goalkeeper,1,start,end,1.0,0.0,0.0,0.0,0.0,0.0,0.0,1.0,1.0,9.0,0.0,0.0,0.0,0.0,
ESP-La Liga,2223,2022-10-08 Almería-Rayo Vallecano,Almería,Fernando Martínez,True,Goalkeeper,1,start,end,1.0,0.0,0.0,0.0,0.0,0.0,0.0,1.0,3.0,10.0,0.0,0.0,0.0,0.0,
ESP-La Liga,2223,2022-10-08 Almería-Rayo Vallecano,Rayo Vallecano,Diego López,False,Goalkeeper,1,start,end,1.0,0.0,0.0,0.0,0.0,0.0,0.0,3.0,1.0,7.0,0.0,0.0,0.0,0.0,
ESP-La Liga,2223,2022-10-08 Atlético Madrid-Girona,Atlético Madrid,Jan Oblak,True,Goalkeeper,1,start,end,1.0,0.0,1.0,0.0,0.0,0.0,0.0,1.0,0.0,10.0,0.0,0.0,0.0,0.0,
ESP-La Liga,2223,2022-10-08 Atlético Madrid-Girona,Girona,Juan Carlos,False,Goalkeeper,1,start,end,1.0,0.0,0.0,0.0,0.0,0.0,0.0,2.0,0.0,11.0,0.0,0.0,0.0,0.0,
ESP-La Liga,2223,2022-10-08 Getafe-Real Madrid,Getafe,David Soria,True,Goalkeeper,1,start,end,1.0,0.0,0.0,0.0,0.0,0.0,0.0,1.0,0.0,18.0,0.0,0.0,0.0,0.0,
ESP-La Liga,2223,2022-10-08 Getafe-Real Madrid,Real Madrid,Andriy Lunin,False,Goalkeeper,1,start,end,1.0,0.0,0.0,0.0,0.0,0.0,0.0,0.0,0.0,8.0,0.0,0.0,0.0,0.0,
ESP-La Liga,2223,2022-10-08 Sevilla-Athletic Club,Athletic Club,Unai Simón,False,Goalkeeper,1,start,end,1.0,0.0,0.0,0.0,0.0,0.0,0.0,1.0,2.0,9.0,0.0,0.0,0.0,0.0,
ESP-La Liga,2223,2022-10-08 Sevilla-Athletic Club,Sevilla,Marko Dmitrovic,True,Goalkeeper,1,start,end,1.0,0.0,1.0,0.0,0.0,0.0,0.0,1.0,3.0,20.0,0.0,0.0,0.0,0.0,
ESP-La Liga,2223,2022-10-09 Barcelona-Celta Vigo,Barcelona,Marc-André ter Stegen,True,Goalkeeper,1,start,end,1.0,0.0,0.0,0.0,0.0,0.0,0.0,0.0,0.0,13.0,0.0,0.0,0.0,0.0,
ESP-La Liga,2223,2022-10-09 Barcelona-Celta Vigo,Celta Vigo,Agustín Marchesín,False,Goalkeeper,1,start,end,1.0,0.0,0.0,0.0,0.0,0.0,1.0,1.0,0.0,12.0,0.0,0.0,0.0,0.0,
ESP-La Liga,2223,2022-10-09 Cádiz-Espanyol,Cádiz,Jeremias Ledesma,True,Goalkeeper,1,start,end,1.0,0.0,0.0,0.0,0.0,0.0,0.0,2.0,4.0,7.0,0.0,0.0,0.0,0.0,
ESP-La Liga,2223,2022-10-09 Cádiz-Espanyol,Espanyol,Benjamin Lecomte,False,Goalkeeper,1,start,end,1.0,0.0,0.0,0.0,0.0,0.0,0.0,2.0,1.0,5.0,0.0,0.0,0.0,0.0,
ESP-La Liga,2223,2022-10-09 Real Sociedad-Villarreal,Real Sociedad,Álex Remiro,True,Goalkeeper,1,start,end,1.0,0.0,0.0,0.0,0.0,0.0,0.0,0.0,0.0,5.0,0.0,0.0,0.0,0.0,
ESP-La Liga,2223,2022-10-09 Real Sociedad-Villarreal,Villarreal,Gerónimo Rulli,False,Goalkeeper,1,start,end,1.0,0.0,0.0,0.0,0.0,0.0,0.0,1.0,0.0,15.0,0.0,0.0,0.0,0.0,
ESP-La Liga,2223,2022-10-09 Real Valladolid-Real Betis,Real Betis,Rui Silva,False,Goalkeeper,1,start,end,1.0,0.0,0.0,0.0,0.0,0.0,0.0,0.0,0.0,13.0,0.0,0.0,0.0,0.0,
ESP-La Liga,2223,2022-10-09 Real Valladolid-Real Betis,Real Valladolid,Jordi Masip,True,Goalkeeper,1,start,end,1.0,0.0,0.0,0.0,0.0,0.0,0.0,0.0,0.0,4.0,0.0,0.0,0.0,0.0,
ESP-La Liga,2223,2022-10-10 Elche-Mallorca,Elche,Edgar Badía,True,Goalkeeper,1,start,end,1.0,1.0,0.0,0.0,0.0,0.0,0.0,1.0,2.0,8.0,0.0,0.0,0.0,0.0,
ESP-La Liga,2223,2022-10-10 Elche-Mallorca,Mallorca,Predrag Rajkovic,False,Goalkeeper,1,start,end,1.0,0.0,0.0,0.0,0.0,0.0,1.0,1.0,1.0,6.0,0.0,0.0,0.0,0.0,
ESP-La Liga,2223,2022-10-14 Rayo Vallecano-Getafe,Getafe,David Soria,False,Goalkeeper,1,start,end,1.0,0.0,0.0,0.0,0.0,0.0,0.0,0.0,2.0,16.0,0.0,0.0,0.0,0.0,
ESP-La Liga,2223,2022-10-14 Rayo Vallecano-Getafe,Rayo Vallecano,Stole Dimitrievski,True,Goalkeeper,1,start,end,1.0,0.0,0.0,0.0,0.0,0.0,0.0,0.0,3.0,5.0,0.0,0.0,0.0,0.0,
ESP-La Liga,2223,2022-10-15 Athletic Club-Atlético Madrid,Athletic Club,Unai Simón,True,Goalkeeper,1,start,end,1.0,0.0,0.0,0.0,0.0,0.0,0.0,1.0,0.0,2.0,0.0,0.0,0.0,0.0,
ESP-La Liga,2223,2022-10-15 Athletic Club-Atlético Madrid,Atlético Madrid,Jan Oblak,False,Goalkeeper,1,start,69,1.0,0.0,1.0,0.0,0.0,0.0,1.0,0.0,1.0,4.0,0.0,0.0,0.0,0.0,
ESP-La Liga,2223,2022-10-15 Girona-Cádiz,Cádiz,Jeremias Ledesma,False,Goalkeeper,1,start,end,1.0,0.0,0.0,0.0,0.0,0.0,0.0,1.0,5.0,22.0,0.0,0.0,0.0,0.0,
ESP-La Liga,2223,2022-10-15 Girona-Cádiz,Girona,Juan Carlos,True,Goalkeeper,1,start,end,1.0,0.0,0.0,0.0,0.0,0.0,0.0,1.0,1.0,8.0,0.0,0.0,0.0,0.0,
ESP-La Liga,2223,2022-10-15 Mallorca-Sevilla,Mallorca,Predrag Rajkovic,True,Goalkeeper,1,start,end,1.0,0.0,0.0,0.0,0.0,0.0,0.0,1.0,0.0,3.0,0.0,0.0,0.0,0.0,
ESP-La Liga,2223,2022-10-15 Mallorca-Sevilla,Sevilla,Yassine Bounou,False,Goalkeeper,1,start,end,1.0,0.0,0.0,0.0,0.0,0.0,0.0,0.0,0.0,8.0,0.0,0.0,0.0,0.0,
ESP-La Liga,2223,2022-10-15 Valencia-Elche,Elche,Edgar Badía,False,Goalkeeper,1,start,end,1.0,0.0,0.0,0.0,0.0,0.0,1.0,2.0,0.0,17.0,0.0,0.0,0.0,0.0,
ESP-La Liga,2223,2022-10-15 Valencia-Elche,Valencia,Giorgi Mamardashvili,True,Goalkeeper,1,start,end,1.0,1.0,1.0,0.0,0.0,0.0,1.0,2.0,0.0,6.0,0.0,0.0,0.0,0.0,
ESP-La Liga,2223,2022-10-16 Celta Vigo-Real Sociedad,Celta Vigo,Agustín Marchesín,True,Goalkeeper,1,start,end,1.0,0.0,1.0,0.0,0.0,0.0,1.0,2.0,0.0,6.0,0.0,0.0,0.0,0.0,
ESP-La Liga,2223,2022-10-16 Celta Vigo-Real Sociedad,Real Sociedad,Álex Remiro,False,Goalkeeper,1,start,end,1.0,0.0,0.0,0.0,0.0,0.0,0.0,1.0,0.0,11.0,0.0,0.0,0.0,0.0,
ESP-La Liga,2223,2022-10-16 Espanyol-Real Valladolid,Espanyol,Benjamin Lecomte,True,Goalkeeper,1,start,end,1.0,0.0,0.0,0.0,0.0,0.0,0.0,0.0,2.0,13.0,0.0,0.0,0.0,0.0,
ESP-La Liga,2223,2022-10-16 Espanyol-Real Valladolid,Real Valladolid,Jordi Masip,False,Goalkeeper,1,start,end,1.0,0.0,0.0,0.0,0.0,0.0,0.0,1.0,2.0,13.0,0.0,0.0,0.0,0.0,
ESP-La Liga,2223,2022-10-16 Real Betis-Almería,Almería,Fernando Martínez,False,Goalkeeper,1,start,end,1.0,0.0,0.0,0.0,0.0,0.0,0.0,3.0,3.0,13.0,0.0,0.0,0.0,0.0,
ESP-La Liga,2223,2022-10-16 Real Betis-Almería,Real Betis,Rui Silva,True,Goalkeeper,1,start,end,1.0,0.0,0.0,0.0,0.0,0.0,0.0,1.0,4.0,11.0,0.0,0.0,0.0,0.0,
ESP-La Liga,2223,2022-10-16 Real Madrid-Barcelona,Barcelona,Marc-André ter Stegen,False,Goalkeeper,1,start,end,1.0,0.0,0.0,0.0,0.0,0.0,0.0,3.0,1.0,5.0,0.0,0.0,0.0,0.0,
ESP-La Liga,2223,2022-10-16 Real Madrid-Barcelona,Real Madrid,Andriy Lunin,True,Goalkeeper,1,start,end,1.0,0.0,0.0,0.0,0.0,0.0,0.0,1.0,4.0,16.0,0.0,0.0,0.0,0.0,
ESP-La Liga,2223,2022-10-17 Villarreal-Osasuna,Osasuna,Sergio Herrera,False,Goalkeeper,1,start,end,1.0,1.0,0.0,0.0,0.0,0.0,1.0,2.0,7.0,10.0,0.0,0.0,0.0,0.0,
ESP-La Liga,2223,2022-10-17 Villarreal-Osasuna,Villarreal,Gerónimo Rulli,True,Goalkeeper,1,start,end,1.0,0.0,0.0,0.0,0.0,0.0,0.0,0.0,3.0,14.0,0.0,0.0,0.0,0.0,
ESP-La Liga,2223,2022-10-18 Atlético Madrid-Rayo Vallecano,Atlético Madrid,Ivo Grbic,True,Goalkeeper,1,start,end,1.0,0.0,0.0,0.0,0.0,0.0,0.0,1.0,0.0,13.0,0.0,0.0,0.0,0.0,
ESP-La Liga,2223,2022-10-18 Atlético Madrid-Rayo Vallecano,Rayo Vallecano,Stole Dimitrievski,False,Goalkeeper,1,start,end,1.0,0.0,0.0,0.0,0.0,0.0,0.0,1.0,0.0,11.0,0.0,0.0,0.0,0.0,
ESP-La Liga,2223,2022-10-18 Getafe-Athletic Club,Athletic Club,Unai Simón,False,Goalkeeper,1,start,end,1.0,0.0,0.0,0.0,0.0,0.0,0.0,2.0,2.0,9.0,0.0,0.0,0.0,0.0,
ESP-La Liga,2223,2022-10-18 Getafe-Athletic Club,Getafe,David Soria,True,Goalkeeper,1,start,end,1.0,0.0,0.0,0.0,0.0,0.0,0.0,2.0,2.0,12.0,0.0,0.0,0.0,0.0,
ESP-La Liga,2223,2022-10-18 Sevilla-Valencia,Sevilla,Yassine Bounou,True,Goalkeeper,1,start,end,1.0,0.0,0.0,0.0,0.0,0.0,0.0,1.0,0.0,11.0,0.0,0.0,0.0,0.0,
ESP-La Liga,2223,2022-10-18 Sevilla-Valencia,Valencia,Giorgi Mamardashvili,False,Goalkeeper,1,start,end,1.0,0.0,0.0,0.0,0.0,0.0,0.0,1.0,0.0,16.0,0.0,0.0,0.0,0.0,
ESP-La Liga,2223,2022-10-19 Cádiz-Real Betis,Cádiz,Jeremias Ledesma,True,Goalkeeper,1,start,end,1.0,0.0,0.0,0.0,0.0,0.0,0.0,0.0,3.0,12.0,0.0,0.0,0.0,0.0,
ESP-La Liga,2223,2022-10-19 Cádiz-Real Betis,Real Betis,Claudio Bravo,False,Goalkeeper,1,start,end,1.0,0.0,0.0,0.0,0.0,0.0,0.0,0.0,3.0,13.0,0.0,0.0,0.0,0.0,
ESP-La Liga,2223,2022-10-19 Elche-Real Madrid,Elche,Edgar Badía,True,Goalkeeper,1,start,end,1.0,0.0,0.0,0.0,0.0,0.0,0.0,3.0,3.0,7.0,0.0,0.0,0.0,0.0,
ESP-La Liga,2223,2022-10-19 Elche-Real Madrid,Real Madrid,Andriy Lunin,False,Goalkeeper,1,start,end,1.0,0.0,0.0,0.0,0.0,0.0,0.0,0.0,3.0,10.0,0.0,0.0,0.0,0.0,
ESP-La Liga,2223,2022-10-19 Real Sociedad-Mallorca,Mallorca,Predrag Rajkovic,False,Goalkeeper,1,start,end,1.0,0.0,0.0,0.0,0.0,0.0,0.0,1.0,7.0,14.0,0.0,0.0,0.0,0.0,
ESP-La Liga,2223,2022-10-19 Real Sociedad-Mallorca,Real Sociedad,Álex Remiro,True,Goalkeeper,1,start,end,1.0,0.0,0.0,0.0,0.0,0.0,0.0,0.0,3.0,12.0,0.0,0.0,0.0,0.0,
ESP-La Liga,2223,2022-10-19 Real Valladolid-Celta Vigo,Celta Vigo,Agustín Marchesín,False,Goalkeeper,1,start,end,1.0,0.0,0.0,0.0,0.0,0.0,0.0,4.0,2.0,4.0,0.0,0.0,0.0,0.0,
ESP-La Liga,2223,2022-10-19 Real Valladolid-Celta Vigo,Real Valladolid,Jordi Masip,True,Goalkeeper,1,start,end,1.0,0.0,0.0,0.0,0.0,0.0,1.0,1.0,3.0,19.0,0.0,0.0,0.0,0.0,
ESP-La Liga,2223,2022-10-20 Almería-Girona,Almería,Fernando Martínez,True,Goalkeeper,1,start,end,1.0,0.0,1.0,0.0,0.0,0.0,0.0,2.0,2.0,11.0,0.0,0.0,0.0,0.0,
ESP-La Liga,2223,2022-10-20 Almería-Girona,Girona,Juan Carlos,False,Goalkeeper,1,start,end,1.0,0.0,0.0,0.0,0.0,0.0,0.0,3.0,4.0,10.0,0.0,0.0,0.0,0.0,
ESP-La Liga,2223,2022-10-20 Barcelona-Villarreal,Barcelona,Marc-André ter Stegen,True,Goalkeeper,1,start,end,1.0,0.0,0.0,0.0,0.0,0.0,0.0,0.0,1.0,5.0,0.0,0.0,0.0,0.0,
ESP-La Liga,2223,2022-10-20 Barcelona-Villarreal,Villarreal,Gerónimo Rulli,False,Goalkeeper,1,start,end,1.0,0.0,0.0,0.0,0.0,0.0,0.0,3.0,2.0,13.0,0.0,0.0,0.0,0.0,
ESP-La Liga,2223,2022-10-20 Osasuna-Espanyol,Espanyol,Benjamin Lecomte,False,Goalkeeper,1,start,end,1.0,0.0,0.0,0.0,0.0,0.0,0.0,1.0,4.0,16.0,0.0,0.0,0.0,0.0,
ESP-La Liga,2223,2022-10-20 Osasuna-Espanyol,Osasuna,Aitor Fernández,True,Goalkeeper,1,start,end,1.0,0.0,0.0,0.0,0.0,0.0,0.0,0.0,3.0,6.0,0.0,0.0,0.0,0.0,
ESP-La Liga,2223,2022-10-22 Rayo Vallecano-Cádiz,Cádiz,Jeremias Ledesma,False,Goalkeeper,1,start,end,1.0,0.0,0.0,0.0,0.0,0.0,0.0,5.0,7.0,22.0,0.0,0.0,0.0,0.0,
ESP-La Liga,2223,2022-10-22 Rayo Vallecano-Cádiz,Rayo Vallecano,Stole Dimitrievski,True,Goalkeeper,1,start,end,1.0,0.0,0.0,0.0,0.0,0.0,0.0,0.0,0.0,3.0,0.0,0.0,0.0,0.0,
ESP-La Liga,2223,2022-10-22 Real Madrid-Sevilla,Real Madrid,Thibaut Courtois,True,Goalkeeper,1,start,end,1.0,0.0,0.0,0.0,0.0,0.0,0.0,1.0,1.0,8.0,0.0,0.0,0.0,0.0,
ESP-La Liga,2223,2022-10-22 Real Madrid-Sevilla,Sevilla,Yassine Bounou,False,Goalkeeper,1,start,end,1.0,0.0,0.0,0.0,0.0,0.0,0.0,3.0,3.0,15.0,0.0,0.0,0.0,0.0,
ESP-La Liga,2223,2022-10-22 Real Valladolid-Real Sociedad,Real Sociedad,Álex Remiro,False,Goalkeeper,1,start,end,1.0,0.0,0.0,0.0,0.0,0.0,0.0,1.0,1.0,8.0,0.0,0.0,0.0,0.0,
ESP-La Liga,2223,2022-10-22 Real Valladolid-Real Sociedad,Real Valladolid,Jordi Masip,True,Goalkeeper,1,start,end,1.0,0.0,0.0,0.0,0.0,0.0,0.0,0.0,2.0,20.0,0.0,0.0,0.0,0.0,
ESP-La Liga,2223,2022-10-22 Valencia-Mallorca,Mallorca,Predrag Rajkovic,False,Goalkeeper,1,start,end,1.0,0.0,0.0,0.0,0.0,0.0,0.0,1.0,3.0,10.0,0.0,0.0,0.0,0.0,
ESP-La Liga,2223,2022-10-22 Valencia-Mallorca,Valencia,Giorgi Mamardashvili,True,Goalkeeper,1,start,end,1.0,0.0,0.0,0.0,0.0,0.0,0.0,2.0,3.0,8.0,0.0,0.0,0.0,0.0,
ESP-La Liga,2223,2022-10-23 Barcelona-Athletic Club,Athletic Club,Unai Simón,False,Goalkeeper,1,start,end,1.0,0.0,0.0,0.0,0.0,0.0,0.0,4.0,3.0,6.0,0.0,0.0,0.0,0.0,
ESP-La Liga,2223,2022-10-23 Barcelona-Athletic Club,Barcelona,Marc-André ter Stegen,True,Goalkeeper,1,start,end,1.0,0.0,0.0,0.0,0.0,0.0,0.0,0.0,1.0,5.0,0.0,0.0,0.0,0.0,
ESP-La Liga,2223,2022-10-23 Espanyol-Elche,Elche,Edgar Badía,False,Goalkeeper,1,start,end,1.0,0.0,0.0,0.0,0.0,0.0,0.0,2.0,3.0,12.0,0.0,0.0,0.0,0.0,
ESP-La Liga,2223,2022-10-23 Espanyol-Elche,Espanyol,Benjamin Lecomte,True,Goalkeeper,1,start,end,1.0,0.0,0.0,0.0,0.0,0.0,0.0,2.0,2.0,7.0,0.0,0.0,0.0,0.0,
ESP-La Liga,2223,2022-10-23 Girona-Osasuna,Girona,Paulo Gazzaniga,True,Goalkeeper,1,start,end,1.0,0.0,0.0,0.0,0.0,0.0,0.0,1.0,1.0,9.0,0.0,0.0,0.0,0.0,
ESP-La Liga,2223,2022-10-23 Girona-Osasuna,Osasuna,Sergio Herrera,False,Goalkeeper,1,start,end,1.0,0.0,0.0,0.0,0.0,0.0,0.0,1.0,0.0,6.0,0.0,0.0,0.0,0.0,
ESP-La Liga,2223,2022-10-23 Real Betis-Atlético Madrid,Atlético Madrid,Jan Oblak,False,Goalkeeper,1,start,end,1.0,0.0,0.0,0.0,0.0,0.0,0.0,1.0,3.0,16.0,0.0,0.0,0.0,0.0,
ESP-La Liga,2223,2022-10-23 Real Betis-Atlético Madrid,Real Betis,Rui Silva,True,Goalkeeper,1,start,end,1.0,0.0,0.0,0.0,0.0,0.0,1.0,2.0,1.0,7.0,0.0,0.0,0.0,0.0,
ESP-La Liga,2223,2022-10-23 Villarreal-Almería,Almería,Fernando Pacheco,False,Goalkeeper,1,start,end,1.0,0.0,0.0,0.0,0.0,0.0,0.0,2.0,3.0,10.0,0.0,0.0,0.0,0.0,
ESP-La Liga,2223,2022-10-23 Villarreal-Almería,Villarreal,Gerónimo Rulli,True,Goalkeeper,1,start,end,1.0,0.0,0.0,0.0,0.0,0.0,0.0,1.0,3.0,14.0,0.0,0.0,0.0,0.0,
ESP-La Liga,2223,2022-10-24 Celta Vigo-Getafe,Celta Vigo,Agustín Marchesín,True,Goalkeeper,1,start,end,1.0,0.0,0.0,0.0,0.0,0.0,0.0,1.0,0.0,3.0,0.0,0.0,0.0,0.0,
ESP-La Liga,2223,2022-10-24 Celta Vigo-Getafe,Getafe,David Soria,False,Goalkeeper,1,start,end,1.0,0.0,0.0,0.0,0.0,0.0,0.0,1.0,5.0,16.0,0.0,0.0,0.0,0.0,
ESP-La Liga,2223,2022-10-28 Mallorca-Espanyol,Espanyol,Benjamin Lecomte,False,Goalkeeper,1,start,end,1.0,0.0,0.0,0.0,0.0,0.0,0.0,1.0,4.0,12.0,0.0,0.0,0.0,0.0,
ESP-La Liga,2223,2022-10-28 Mallorca-Espanyol,Mallorca,Predrag Rajkovic,True,Goalkeeper,1,start,end,1.0,0.0,0.0,0.0,0.0,0.0,0.0,1.0,1.0,6.0,0.0,0.0,0.0,0.0,
ESP-La Liga,2223,2022-10-29 Almería-Celta Vigo,Almería,Fernando Martínez,True,Goalkeeper,1,start,end,1.0,0.0,0.0,0.0,0.0,0.0,0.0,1.0,3.0,7.0,0.0,0.0,0.0,0.0,
ESP-La Liga,2223,2022-10-29 Almería-Celta Vigo,Celta Vigo,Agustín Marchesín,False,Goalkeeper,1,start,end,1.0,0.0,0.0,0.0,0.0,0.0,0.0,3.0,2.0,16.0,0.0,0.0,0.0,0.0,
ESP-La Liga,2223,2022-10-29 Cádiz-Atlético Madrid,Atlético Madrid,Jan Oblak,False,Goalkeeper,1,start,end,1.0,0.0,0.0,0.0,0.0,0.0,0.0,3.0,4.0,6.0,0.0,0.0,0.0,0.0,
ESP-La Liga,2223,2022-10-29 Cádiz-Atlético Madrid,Cádiz,Jeremias Ledesma,True,Goalkeeper,1,start,end,1.0,0.0,0.0,0.0,0.0,0.0,0.0,2.0,6.0,13.0,0.0,0.0,0.0,0.0,
ESP-La Liga,2223,2022-10-29 Sevilla-Rayo Vallecano,Rayo Vallecano,Stole Dimitrievski,False,Goalkeeper,1,start,end,1.0,0.0,0.0,0.0,0.0,0.0,0.0,0.0,5.0,9.0,0.0,0.0,0.0,0.0,
ESP-La Liga,2223,2022-10-29 Sevilla-Rayo Vallecano,Sevilla,Marko Dmitrovic,True,Goalkeeper,1,start,end,1.0,0.0,0.0,0.0,0.0,0.0,1.0,1.0,4.0,14.0,0.0,0.0,0.0,0.0,
ESP-La Liga,2223,2022-10-29 Valencia-Barcelona,Barcelona,Marc-André ter Stegen,False,Goalkeeper,1,start,end,1.0,0.0,0.0,0.0,0.0,0.0,0.0,0.0,2.0,3.0,0.0,0.0,0.0,0.0,
ESP-La Liga,2223,2022-10-29 Valencia-Barcelona,Valencia,Giorgi Mamardashvili,True,Goalkeeper,1,start,end,1.0,0.0,0.0,0.0,0.0,0.0,0.0,1.0,1.0,12.0,0.0,0.0,0.0,0.0,
ESP-La Liga,2223,2022-10-30 Athletic Club-Villarreal,Athletic Club,Unai Simón,True,Goalkeeper,1,start,end,1.0,0.0,0.0,0.0,0.0,0.0,0.0,0.0,3.0,5.0,0.0,0.0,0.0,0.0,
ESP-La Liga,2223,2022-10-30 Athletic Club-Villarreal,Villarreal,Gerónimo Rulli,False,Goalkeeper,1,start,end,1.0,0.0,0.0,0.0,0.0,0.0,0.0,1.0,6.0,18.0,0.0,0.0,0.0,0.0,
ESP-La Liga,2223,2022-10-30 Osasuna-Real Valladolid,Osasuna,Aitor Fernández,True,Goalkeeper,1,start,end,1.0,0.0,0.0,0.0,0.0,0.0,0.0,0.0,2.0,7.0,0.0,0.0,0.0,0.0,
ESP-La Liga,2223,2022-10-30 Osasuna-Real Valladolid,Real Valladolid,Jordi Masip,False,Goalkeeper,1,start,end,1.0,0.0,0.0,0.0,0.0,0.0,0.0,2.0,8.0,18.0,0.0,0.0,0.0,0.0,
ESP-La Liga,2223,2022-10-30 Real Madrid-Girona,Girona,Paulo Gazzaniga,False,Goalkeeper,1,start,end,1.0,0.0,1.0,0.0,0.0,0.0,1.0,1.0,5.0,18.0,0.0,0.0,0.0,0.0,
ESP-La Liga,2223,2022-10-30 Real Madrid-Girona,Real Madrid,Thibaut Courtois,True,Goalkeeper,1,start,end,1.0,0.0,0.0,0.0,0.0,0.0,0.0,1.0,1.0,7.0,0.0,0.0,0.0,0.0,
ESP-La Liga,2223,2022-10-30 Real Sociedad-Real Betis,Real Betis,Rui Silva,False,Goalkeeper,1,start,end,1.0,0.0,0.0,0.0,0.0,0.0,0.0,0.0,7.0,14.0,0.0,0.0,0.0,0.0,
ESP-La Liga,2223,2022-10-30 Real Sociedad-Real Betis,Real Sociedad,Álex Remiro,True,Goalkeeper,1,start,end,1.0,0.0,0.0,0.0,0.0,0.0,0.0,2.0,2.0,8.0,0.0,0.0,0.0,0.0,
ESP-La Liga,2223,2022-10-31 Elche-Getafe,Elche,Edgar Badía,True,Goalkeeper,1,start,end,1.0,0.0,1.0,0.0,0.0,0.0,0.0,1.0,2.0,7.0,0.0,0.0,0.0,0.0,
ESP-La Liga,2223,2022-10-31 Elche-Getafe,Getafe,David Soria,False,Goalkeeper,1,start,end,1.0,0.0,0.0,0.0,0.0,0.0,0.0,0.0,4.0,11.0,0.0,0.0,0.0,0.0,
ESP-La Liga,2223,2022-11-04 Girona-Athletic Club,Athletic Club,Unai Simón,False,Goalkeeper,1,start,end,1.0,0.0,0.0,0.0,0.0,0.0,0.0,2.0,8.0,19.0,0.0,0.0,0.0,0.0,
ESP-La Liga,2223,2022-11-04 Girona-Athletic Club,Girona,Paulo Gazzaniga,True,Goalkeeper,1,start,end,1.0,0.0,0.0,0.0,0.0,0.0,0.0,1.0,6.0,10.0,0.0,0.0,0.0,0.0,
ESP-La Liga,2223,2022-11-05 Barcelona-Almería,Almería,Fernando Martínez,False,Goalkeeper,1,start,end,1.0,0.0,1.0,0.0,0.0,0.0,0.0,2.0,10.0,25.0,0.0,0.0,0.0,0.0,
ESP-La Liga,2223,2022-11-05 Barcelona-Almería,Barcelona,Marc-André ter Stegen,True,Goalkeeper,1,start,end,1.0,0.0,0.0,0.0,0.0,0.0,0.0,0.0,1.0,4.0,0.0,0.0,0.0,0.0,
ESP-La Liga,2223,2022-11-05 Celta Vigo-Osasuna,Celta Vigo,Agustín Marchesín,True,Goalkeeper,1,start,end,1.0,0.0,1.0,0.0,0.0,0.0,0.0,2.0,2.0,6.0,0.0,0.0,0.0,0.0,
ESP-La Liga,2223,2022-11-05 Celta Vigo-Osasuna,Osasuna,Aitor Fernández,False,Goalkeeper,1,start,end,1.0,0.0,0.0,0.0,0.0,0.0,1.0,1.0,4.0,13.0,0.0,0.0,0.0,0.0,
ESP-La Liga,2223,2022-11-05 Getafe-Cádiz,Cádiz,Jeremias Ledesma,False,Goalkeeper,1,start,end,1.0,0.0,0.0,0.0,0.0,0.0,0.0,0.0,1.0,12.0,0.0,0.0,0.0,0.0,
ESP-La Liga,2223,2022-11-05 Getafe-Cádiz,Getafe,David Soria,True,Goalkeeper,1,start,end,1.0,0.0,0.0,0.0,0.0,0.0,0.0,0.0,4.0,12.0,0.0,0.0,0.0,0.0,
ESP-La Liga,2223,2022-11-05 Real Valladolid-Elche,Elche,Edgar Badía,False,Goalkeeper,1,start,end,1.0,0.0,0.0,0.0,0.0,0.0,0.0,2.0,9.0,13.0,0.0,0.0,0.0,0.0,
ESP-La Liga,2223,2022-11-05 Real Valladolid-Elche,Real Valladolid,Jordi Masip,True,Goalkeeper,1,start,end,1.0,0.0,0.0,0.0,0.0,0.0,0.0,1.0,1.0,3.0,0.0,0.0,0.0,0.0,
ESP-La Liga,2223,2022-11-06 Atlético Madrid-Espanyol,Atlético Madrid,Jan Oblak,True,Goalkeeper,1,start,end,1.0,0.0,0.0,0.0,0.0,0.0,0.0,1.0,1.0,5.0,0.0,0.0,0.0,0.0,
ESP-La Liga,2223,2022-11-06 Atlético Madrid-Espanyol,Espanyol,Benjamin Lecomte,False,Goalkeeper,1,start,end,1.0,0.0,0.0,0.0,0.0,0.0,1.0,1.0,7.0,23.0,0.0,0.0,0.0,0.0,
ESP-La Liga,2223,2022-11-06 Real Betis-Sevilla,Real Betis,Claudio Bravo,True,Goalkeeper,1,start,end,1.0,0.0,0.0,0.0,0.0,0.0,1.0,1.0,4.0,21.0,0.0,0.0,0.0,0.0,
ESP-La Liga,2223,2022-11-06 Real Betis-Sevilla,Sevilla,Yassine Bounou,False,Goalkeeper,1,start,end,1.0,0.0,0.0,0.0,0.0,0.0,0.0,0.0,4.0,8.0,0.0,0.0,0.0,0.0,
ESP-La Liga,2223,2022-11-06 Real Sociedad-Valencia,Real Sociedad,Álex Remiro,True,Goalkeeper,1,start,end,1.0,0.0,0.0,0.0,0.0,0.0,0.0,1.0,2.0,13.0,0.0,0.0,0.0,0.0,
ESP-La Liga,2223,2022-11-06 Real Sociedad-Valencia,Valencia,Giorgi Mamardashvili,False,Goalkeeper,1,start,end,1.0,0.0,1.0,0.0,0.0,0.0,0.0,0.0,3.0,9.0,0.0,0.0,0.0,0.0,
ESP-La Liga,2223,2022-11-06 Villarreal-Mallorca,Mallorca,Predrag Rajkovic,False,Goalkeeper,1,start,end,1.0,0.0,0.0,0.0,0.0,0.0,0.0,0.0,2.0,10.0,0.0,0.0,0.0,0.0,
ESP-La Liga,2223,2022-11-06 Villarreal-Mallorca,Villarreal,Gerónimo Rulli,True,Goalkeeper,1,start,end,1.0,0.0,0.0,0.0,0.0,0.0,0.0,2.0,3.0,5.0,0.0,0.0,0.0,0.0,
ESP-La Liga,2223,2022-11-07 Rayo Vallecano-Real Madrid,Rayo Vallecano,Stole Dimitrievski,True,Goalkeeper,1,start,end,1.0,0.0,0.0,0.0,0.0,0.0,0.0,2.0,0.0,15.0,0.0,0.0,0.0,0.0,
ESP-La Liga,2223,2022-11-07 Rayo Vallecano-Real Madrid,Real Madrid,Thibaut Courtois,False,Goalkeeper,1,start,end,1.0,0.0,0.0,0.0,0.0,0.0,0.0,3.0,4.0,11.0,0.0,0.0,0.0,0.0,
ESP-La Liga,2223,2022-11-08 Athletic Club-Real Valladolid,Athletic Club,Unai Simón,True,Goalkeeper,1,start,end,1.0,0.0,0.0,0.0,0.0,0.0,0.0,0.0,0.0,8.0,0.0,0.0,0.0,0.0,
ESP-La Liga,2223,2022-11-08 Athletic Club-Real Valladolid,Real Valladolid,Jordi Masip,False,Goalkeeper,1,start,end,1.0,0.0,0.0,0.0,0.0,0.0,0.0,3.0,3.0,16.0,0.0,0.0,0.0,0.0,
ESP-La Liga,2223,2022-11-08 Elche-Girona,Elche,Edgar Badía,True,Goalkeeper,1,start,end,1.0,0.0,1.0,0.0,0.0,0.0,0.0,2.0,1.0,19.0,0.0,0.0,0.0,0.0,
ESP-La Liga,2223,2022-11-08 Elche-Girona,Girona,Paulo Gazzaniga,False,Goalkeeper,1,start,end,1.0,0.0,0.0,0.0,0.0,0.0,0.0,1.0,1.0,9.0,0.0,0.0,0.0,0.0,
ESP-La Liga,2223,2022-11-08 Osasuna-Barcelona,Barcelona,Marc-André ter Stegen,False,Goalkeeper,1,start,end,1.0,0.0,0.0,0.0,0.0,0.0,0.0,1.0,2.0,14.0,0.0,0.0,0.0,0.0,
ESP-La Liga,2223,2022-11-08 Osasuna-Barcelona,Osasuna,Aitor Fernández,True,Goalkeeper,1,start,end,1.0,0.0,0.0,0.0,0.0,0.0,0.0,2.0,1.0,7.0,0.0,0.0,0.0,0.0,
ESP-La Liga,2223,2022-11-09 Almería-Getafe,Almería,Fernando Martínez,True,Goalkeeper,1,start,end,1.0,0.0,0.0,0.0,0.0,0.0,1.0,0.0,2.0,10.0,0.0,0.0,0.0,0.0,
ESP-La Liga,2223,2022-11-09 Almería-Getafe,Getafe,David Soria,False,Goalkeeper,1,start,end,1.0,0.0,0.0,0.0,0.0,0.0,0.0,1.0,2.0,7.0,0.0,0.0,0.0,0.0,
ESP-La Liga,2223,2022-11-09 Espanyol-Villarreal,Espanyol,Benjamin Lecomte,True,Goalkeeper,1,start,end,1.0,0.0,0.0,1.0,0.0,0.0,0.0,0.0,4.0,10.0,0.0,1.0,0.0,1.0,
ESP-La Liga,2223,2022-11-09 Espanyol-Villarreal,Villarreal,Gerónimo Rulli,False,Goalkeeper,1,start,end,1.0,0.0,0.0,0.0,0.0,0.0,0.0,0.0,7.0,14.0,0.0,0.0,0.0,0.0,
ESP-La Liga,2223,2022-11-09 Mallorca-Atlético Madrid,Atlético Madrid,Jan Oblak,False,Goalkeeper,1,start,end,1.0,0.0,0.0,0.0,0.0,0.0,0.0,1.0,2.0,7.0,0.0,0.0,0.0,0.0,
ESP-La Liga,2223,2022-11-09 Mallorca-Atlético Madrid,Mallorca,Predrag Rajkovic,True,Goalkeeper,1,start,end,1.0,0.0,1.0,0.0,0.0,0.0,0.0,0.0,5.0,16.0,0.0,0.0,0.0,0.0,
ESP-La Liga,2223,2022-11-09 Sevilla-Real Sociedad,Real Sociedad,Álex Remiro,False,Goalkeeper,1,start,end,1.0,0.0,0.0,0.0,0.0,0.0,0.0,1.0,2.0,4.0,0.0,0.0,0.0,0.0,
ESP-La Liga,2223,2022-11-09 Sevilla-Real Sociedad,Sevilla,Yassine Bounou,True,Goalkeeper,1,start,end,1.0,0.0,0.0,0.0,0.0,0.0,0.0,2.0,7.0,15.0,0.0,0.0,0.0,0.0,
ESP-La Liga,2223,2022-11-10 Rayo Vallecano-Celta Vigo,Celta Vigo,Agustín Marchesín,False,Goalkeeper,1,start,end,1.0,0.0,1.0,0.0,0.0,0.0,0.0,0.0,3.0,10.0,0.0,0.0,0.0,0.0,
ESP-La Liga,2223,2022-11-10 Rayo Vallecano-Celta Vigo,Rayo Vallecano,Stole Dimitrievski,True,Goalkeeper,1,start,end,1.0,0.0,0.0,0.0,0.0,0.0,0.0,0.0,3.0,11.0,0.0,0.0,0.0,0.0,
ESP-La Liga,2223,2022-11-10 Real Madrid-Cádiz,Cádiz,Jeremias Ledesma,False,Goalkeeper,1,start,end,1.0,0.0,1.0,0.0,0.0,0.0,0.0,2.0,3.0,16.0,0.0,0.0,0.0,0.0,
ESP-La Liga,2223,2022-11-10 Real Madrid-Cádiz,Real Madrid,Thibaut Courtois,True,Goalkeeper,1,start,end,1.0,0.0,0.0,0.0,0.0,0.0,0.0,1.0,4.0,9.0,0.0,0.0,0.0,0.0,
ESP-La Liga,2223,2022-11-10 Valencia-Real Betis,Real Betis,Rui Silva,False,Goalkeeper,1,start,end,1.0,0.0,0.0,0.0,0.0,0.0,0.0,3.0,4.0,11.0,0.0,0.0,0.0,0.0,
ESP-La Liga,2223,2022-11-10 Valencia-Real Betis,Valencia,Giorgi Mamardashvili,True,Goalkeeper,1,start,end,1.0,0.0,0.0,0.0,0.0,0.0,0.0,0.0,1.0,5.0,0.0,0.0,0.0,0.0,
ESP-La Liga,2223,2022-12-29 Atlético Madrid-Elche,Atlético Madrid,Jan Oblak,True,Goalkeeper,1,start,end,1.0,0.0,0.0,0.0,0.0,0.0,0.0,0.0,1.0,5.0,0.0,0.0,0.0,0.0,
ESP-La Liga,2223,2022-12-29 Atlético Madrid-Elche,Elche,Edgar Badía,False,Goalkeeper,1,start,end,1.0,0.0,0.0,0.0,0.0,0.0,0.0,2.0,2.0,16.0,0.0,0.0,0.0,0.0,
ESP-La Liga,2223,2022-12-29 Girona-Rayo Vallecano,Girona,Paulo Gazzaniga,True,Goalkeeper,1,start,end,1.0,0.0,0.0,0.0,0.0,0.0,0.0,2.0,2.0,9.0,0.0,0.0,0.0,0.0,
ESP-La Liga,2223,2022-12-29 Girona-Rayo Vallecano,Rayo Vallecano,Stole Dimitrievski,False,Goalkeeper,1,start,end,1.0,0.0,0.0,0.0,0.0,0.0,0.0,2.0,6.0,14.0,0.0,0.0,0.0,0.0,
ESP-La Liga,2223,2022-12-29 Real Betis-Athletic Club,Athletic Club,Unai Simón,False,Goalkeeper,1,start,end,1.0,0.0,0.0,0.0,0.0,0.0,0.0,0.0,5.0,9.0,0.0,0.0,0.0,0.0,
ESP-La Liga,2223,2022-12-29 Real Betis-Athletic Club,Real Betis,Rui Silva,True,Goalkeeper,1,start,end,1.0,0.0,0.0,0.0,0.0,0.0,0.0,0.0,0.0,10.0,0.0,0.0,0.0,0.0,
ESP-La Liga,2223,2022-12-30 Celta Vigo-Sevilla,Celta Vigo,Agustín Marchesín,True,Goalkeeper,1,start,end,1.0,0.0,0.0,0.0,0.0,0.0,0.0,1.0,4.0,6.0,0.0,0.0,0.0,0.0,
ESP-La Liga,2223,2022-12-30 Celta Vigo-Sevilla,Sevilla,Yassine Bounou,False,Goalkeeper,1,start,end,1.0,0.0,0.0,0.0,0.0,0.0,0.0,1.0,4.0,16.0,0.0,0.0,0.0,0.0,
ESP-La Liga,2223,2022-12-30 Cádiz-Almería,Almería,Fernando Martínez,False,Goalkeeper,1,start,end,1.0,0.0,0.0,0.0,0.0,0.0,0.0,1.0,5.0,11.0,0.0,0.0,0.0,0.0,
ESP-La Liga,2223,2022-12-30 Cádiz-Almería,Cádiz,Jeremias Ledesma,True,Goalkeeper,1,start,end,1.0,0.0,1.0,0.0,0.0,0.0,0.0,1.0,9.0,18.0,0.0,0.0,0.0,0.0,
ESP-La Liga,2223,2022-12-30 Getafe-Mallorca,Getafe,David Soria,True,Goalkeeper,1,start,end,1.0,0.0,1.0,0.0,0.0,0.0,0.0,0.0,0.0,3.0,0.0,0.0,0.0,0.0,
ESP-La Liga,2223,2022-12-30 Getafe-Mallorca,Mallorca,Predrag Rajkovic,False,Goalkeeper,1,start,end,1.0,0.0,0.0,0.0,0.0,0.0,0.0,2.0,4.0,11.0,0.0,0.0,0.0,0.0,
ESP-La Liga,2223,2022-12-30 Real Valladolid-Real Madrid,Real Madrid,Thibaut Courtois,False,Goalkeeper,1,start,end,1.0,0.0,0.0,0.0,0.0,0.0,0.0,0.0,4.0,14.0,0.0,0.0,0.0,0.0,
ESP-La Liga,2223,2022-12-30 Real Valladolid-Real Madrid,Real Valladolid,Jordi Masip,True,Goalkeeper,1,start,end,1.0,0.0,0.0,0.0,0.0,0.0,0.0,2.0,5.0,16.0,0.0,0.0,0.0,0.0,
ESP-La Liga,2223,2022-12-31 Barcelona-Espanyol,Barcelona,Marc-André ter Stegen,True,Goalkeeper,1,start,end,1.0,0.0,0.0,0.0,0.0,0.0,0.0,1.0,0.0,2.0,0.0,0.0,0.0,0.0,
ESP-La Liga,2223,2022-12-31 Barcelona-Espanyol,Espanyol,Álvaro Fernández,False,Goalkeeper,1,start,end,1.0,0.0,0.0,0.0,0.0,0.0,0.0,1.0,5.0,20.0,0.0,0.0,0.0,0.0,
ESP-La Liga,2223,2022-12-31 Real Sociedad-Osasuna,Osasuna,Aitor Fernández,False,Goalkeeper,1,start,end,1.0,0.0,0.0,0.0,0.0,0.0,0.0,2.0,0.0,7.0,0.0,0.0,0.0,0.0,
ESP-La Liga,2223,2022-12-31 Real Sociedad-Osasuna,Real Sociedad,Álex Remiro,True,Goalkeeper,1,start,end,1.0,0.0,0.0,0.0,0.0,0.0,0.0,0.0,3.0,10.0,0.0,0.0,0.0,0.0,
ESP-La Liga,2223,2022-12-31 Villarreal-Valencia,Valencia,Giorgi Mamardashvili,False,Goalkeeper,1,start,end,1.0,0.0,0.0,0.0,0.0,0.0,0.0,2.0,6.0,12.0,0.0,0.0,0.0,0.0,
ESP-La Liga,2223,2022-12-31 Villarreal-Valencia,Villarreal,Pepe Reina,True,Goalkeeper,1,start,end,1.0,0.0,0.0,0.0,0.0,0.0,0.0,1.0,3.0,13.0,0.0,0.0,0.0,0.0,
ESP-La Liga,2223,2023-01-06 Elche-Celta Vigo,Celta Vigo,Agustín Marchesín,False,Goalkeeper,1,start,end,1.0,0.0,0.0,0.0,0.0,0.0,0.0,0.0,5.0,12.0,0.0,0.0,0.0,0.0,
ESP-La Liga,2223,2023-01-06 Elche-Celta Vigo,Elche,Edgar Badía,True,Goalkeeper,1,start,end,1.0,0.0,0.0,0.0,0.0,0.0,0.0,1.0,6.0,13.0,0.0,0.0,0.0,0.0,
ESP-La Liga,2223,2023-01-06 Valencia-Cádiz,Cádiz,Jeremias Ledesma,False,Goalkeeper,1,start,end,1.0,0.0,1.0,0.0,0.0,0.0,0.0,0.0,2.0,8.0,0.0,0.0,0.0,0.0,
ESP-La Liga,2223,2023-01-06 Valencia-Cádiz,Valencia,Giorgi Mamardashvili,True,Goalkeeper,1,start,end,1.0,0.0,0.0,0.0,0.0,0.0,0.0,1.0,1.0,5.0,0.0,0.0,0.0,0.0,
ESP-La Liga,2223,2023-01-07 Espanyol-Girona,Espanyol,Álvaro Fernández,True,Goalkeeper,1,start,end,1.0,0.0,0.0,0.0,0.0,0.0,0.0,2.0,3.0,10.0,0.0,0.0,0.0,0.0,
ESP-La Liga,2223,2023-01-07 Espanyol-Girona,Girona,Paulo Gazzaniga,False,Goalkeeper,1,start,end,1.0,0.0,1.0,0.0,0.0,0.0,0.0,2.0,4.0,8.0,0.0,0.0,0.0,0.0,
ESP-La Liga,2223,2023-01-07 Mallorca-Real Valladolid,Mallorca,Predrag Rajkovic,True,Goalkeeper,1,start,end,1.0,0.0,0.0,0.0,0.0,0.0,0.0,0.0,1.0,9.0,0.0,0.0,0.0,0.0,
ESP-La Liga,2223,2023-01-07 Mallorca-Real Valladolid,Real Valladolid,Jordi Masip,False,Goalkeeper,1,start,end,1.0,0.0,0.0,0.0,0.0,0.0,0.0,1.0,3.0,12.0,0.0,0.0,0.0,0.0,
ESP-La Liga,2223,2023-01-07 Villarreal-Real Madrid,Real Madrid,Thibaut Courtois,False,Goalkeeper,1,start,end,1.0,0.0,0.0,0.0,0.0,0.0,0.0,2.0,3.0,14.0,0.0,0.0,0.0,0.0,
ESP-La Liga,2223,2023-01-07 Villarreal-Real Madrid,Villarreal,Pepe Reina,True,Goalkeeper,1,start,end,1.0,0.0,0.0,0.0,0.0,0.0,1.0,1.0,2.0,12.0,0.0,0.0,0.0,0.0,
ESP-La Liga,2223,2023-01-08 Almería-Real Sociedad,Almería,Fernando Martínez,True,Goalkeeper,1,start,end,1.0,0.0,0.0,0.0,0.0,0.0,0.0,2.0,4.0,7.0,0.0,0.0,0.0,0.0,
ESP-La Liga,2223,2023-01-08 Almería-Real Sociedad,Real Sociedad,Álex Remiro,False,Goalkeeper,1,start,end,1.0,0.0,0.0,0.0,0.0,0.0,0.0,0.0,1.0,6.0,0.0,0.0,0.0,0.0,
ESP-La Liga,2223,2023-01-08 Atlético Madrid-Barcelona,Atlético Madrid,Jan Oblak,True,Goalkeeper,1,start,end,1.0,0.0,0.0,0.0,0.0,0.0,0.0,1.0,1.0,9.0,0.0,0.0,0.0,0.0,
ESP-La Liga,2223,2023-01-08 Atlético Madrid-Barcelona,Barcelona,Marc-André ter Stegen,False,Goalkeeper,1,start,end,1.0,0.0,0.0,0.0,0.0,0.0,0.0,0.0,3.0,19.0,0.0,0.0,0.0,0.0,
ESP-La Liga,2223,2023-01-08 Rayo Vallecano-Real Betis,Rayo Vallecano,Stole Dimitrievski,True,Goalkeeper,1,start,end,1.0,0.0,0.0,0.0,0.0,0.0,0.0,1.0,1.0,13.0,0.0,0.0,0.0,0.0,
ESP-La Liga,2223,2023-01-08 Rayo Vallecano-Real Betis,Real Betis,Rui Silva,False,Goalkeeper,1,start,end,1.0,0.0,0.0,0.0,0.0,0.0,0.0,1.0,2.0,13.0,0.0,0.0,0.0,0.0,
ESP-La Liga,2223,2023-01-08 Sevilla-Getafe,Getafe,David Soria,False,Goalkeeper,1,start,end,1.0,0.0,0.0,0.0,0.0,0.0,0.0,2.0,3.0,9.0,0.0,0.0,0.0,0.0,
ESP-La Liga,2223,2023-01-08 Sevilla-Getafe,Sevilla,Yassine Bounou,True,Goalkeeper,1,start,end,1.0,0.0,0.0,0.0,0.0,0.0,0.0,1.0,1.0,10.0,0.0,0.0,0.0,0.0,
ESP-La Liga,2223,2023-01-09 Athletic Club-Osasuna,Athletic Club,Unai Simón,True,Goalkeeper,1,start,end,1.0,0.0,0.0,0.0,0.0,0.0,0.0,0.0,1.0,2.0,0.0,0.0,0.0,0.0,
ESP-La Liga,2223,2023-01-09 Athletic Club-Osasuna,Osasuna,Aitor Fernández,False,Goalkeeper,1,start,end,1.0,0.0,0.0,0.0,0.0,0.0,0.0,0.0,3.0,16.0,0.0,0.0,0.0,0.0,
ESP-La Liga,2223,2023-01-13 Celta Vigo-Villarreal,Celta Vigo,Agustín Marchesín,True,Goalkeeper,1,start,end,1.0,0.0,0.0,0.0,0.0,0.0,0.0,1.0,0.0,2.0,0.0,0.0,0.0,0.0,
ESP-La Liga,2223,2023-01-13 Celta Vigo-Villarreal,Villarreal,Pepe Reina,False,Goalkeeper,1,start,end,1.0,0.0,0.0,0.0,0.0,0.0,0.0,1.0,7.0,20.0,0.0,0.0,0.0,0.0,
ESP-La Liga,2223,2023-01-14 Girona-Sevilla,Girona,Paulo Gazzaniga,True,Goalkeeper,1,start,end,1.0,0.0,0.0,0.0,0.0,0.0,0.0,1.0,2.0,9.0,0.0,0.0,0.0,0.0,
ESP-La Liga,2223,2023-01-14 Girona-Sevilla,Sevilla,Yassine Bounou,False,Goalkeeper,1,start,end,1.0,0.0,0.0,0.0,0.0,0.0,0.0,2.0,5.0,17.0,0.0,0.0,0.0,0.0,
ESP-La Liga,2223,2023-01-14 Osasuna-Mallorca,Mallorca,Predrag Rajkovic,False,Goalkeeper,1,start,end,1.0,0.0,0.0,0.0,0.0,0.0,0.0,1.0,3.0,14.0,0.0,0.0,0.0,0.0,
ESP-La Liga,2223,2023-01-14 Osasuna-Mallorca,Osasuna,Aitor Fernández,True,Goalkeeper,1,start,end,1.0,0.0,0.0,0.0,0.0,0.0,0.0,0.0,2.0,5.0,0.0,0.0,0.0,0.0,
ESP-La Liga,2223,2023-01-14 Real Sociedad-Athletic Club,Athletic Club,Unai Simón,False,Goalkeeper,1,start,end,1.0,0.0,0.0,0.0,0.0,0.0,0.0,3.0,2.0,7.0,0.0,0.0,0.0,0.0,
ESP-La Liga,2223,2023-01-14 Real Sociedad-Athletic Club,Real Sociedad,Álex Remiro,True,Goalkeeper,1,start,end,1.0,0.0,0.0,0.0,0.0,0.0,0.0,1.0,1.0,5.0,0.0,0.0,0.0,0.0,
ESP-La Liga,2223,2023-01-14 Real Valladolid-Rayo Vallecano,Rayo Vallecano,Stole Dimitrievski,False,Goalkeeper,1,start,end,1.0,0.0,0.0,0.0,0.0,0.0,0.0,0.0,2.0,10.0,0.0,0.0,0.0,0.0,
ESP-La Liga,2223,2023-01-14 Real Valladolid-Rayo Vallecano,Real Valladolid,Jordi Masip,True,Goalkeeper,1,start,end,1.0,0.0,0.0,0.0,0.0,0.0,0.0,1.0,4.0,12.0,0.0,0.0,0.0,0.0,
ESP-La Liga,2223,2023-01-15 Almería-Atlético Madrid,Almería,Fernando Martínez,True,Goalkeeper,1,start,end,1.0,0.0,1.0,0.0,0.0,0.0,0.0,1.0,5.0,11.0,0.0,0.0,0.0,0.0,
ESP-La Liga,2223,2023-01-15 Almería-Atlético Madrid,Atlético Madrid,Jan Oblak,False,Goalkeeper,1,start,end,1.0,0.0,0.0,0.0,0.0,0.0,0.0,1.0,2.0,13.0,0.0,0.0,0.0,0.0,
ESP-La Liga,2223,2023-01-15 Getafe-Espanyol,Espanyol,Álvaro Fernández,False,Goalkeeper,1,start,end,1.0,0.0,0.0,0.0,0.0,0.0,0.0,1.0,1.0,10.0,0.0,0.0,0.0,0.0,
ESP-La Liga,2223,2023-01-15 Getafe-Espanyol,Getafe,David Soria,True,Goalkeeper,1,start,end,1.0,0.0,0.0,0.0,0.0,0.0,0.0,2.0,2.0,6.0,0.0,0.0,0.0,0.0,
ESP-La Liga,2223,2023-01-16 Cádiz-Elche,Cádiz,Jeremias Ledesma,True,Goalkeeper,1,start,end,1.0,0.0,0.0,0.0,0.0,0.0,0.0,1.0,4.0,11.0,0.0,0.0,0.0,0.0,
ESP-La Liga,2223,2023-01-16 Cádiz-Elche,Elche,Edgar Badía,False,Goalkeeper,1,start,end,1.0,0.0,0.0,0.0,0.0,0.0,0.0,1.0,2.0,13.0,0.0,0.0,0.0,0.0,
ESP-La Liga,2223,2023-01-20 Mallorca-Celta Vigo,Celta Vigo,Agustín Marchesín,False,Goalkeeper,1,start,end,1.0,0.0,0.0,0.0,0.0,0.0,0.0,1.0,2.0,7.0,0.0,0.0,0.0,0.0,
ESP-La Liga,2223,2023-01-20 Mallorca-Celta Vigo,Mallorca,Predrag Rajkovic,True,Goalkeeper,1,start,end,1.0,0.0,0.0,0.0,0.0,0.0,1.0,0.0,3.0,10.0,0.0,0.0,0.0,0.0,
ESP-La Liga,2223,2023-01-21 Atlético Madrid-Real Valladolid,Atlético Madrid,Jan Oblak,True,Goalkeeper,1,start,end,1.0,0.0,0.0,0.0,0.0,0.0,0.0,0.0,1.0,7.0,0.0,0.0,0.0,0.0,
ESP-La Liga,2223,2023-01-21 Atlético Madrid-Real Valladolid,Real Valladolid,Jordi Masip,False,Goalkeeper,1,start,end,1.0,0.0,0.0,0.0,0.0,0.0,0.0,3.0,5.0,15.0,0.0,0.0,0.0,0.0,
ESP-La Liga,2223,2023-01-21 Espanyol-Real Betis,Espanyol,Álvaro Fernández,True,Goalkeeper,1,start,end,1.0,0.0,0.0,0.0,0.0,0.0,0.0,0.0,3.0,11.0,0.0,0.0,0.0,0.0,
ESP-La Liga,2223,2023-01-21 Espanyol-Real Betis,Real Betis,Claudio Bravo,False,Goalkeeper,1,start,end,1.0,0.0,0.0,0.0,0.0,0.0,0.0,1.0,1.0,8.0,0.0,0.0,0.0,0.0,
ESP-La Liga,2223,2023-01-21 Rayo Vallecano-Real Sociedad,Rayo Vallecano,Stole Dimitrievski,True,Goalkeeper,1,start,end,1.0,0.0,0.0,0.0,0.0,0.0,0.0,2.0,5.0,10.0,0.0,0.0,0.0,0.0,
ESP-La Liga,2223,2023-01-21 Rayo Vallecano-Real Sociedad,Real Sociedad,Álex Remiro,False,Goalkeeper,1,start,end,1.0,0.0,0.0,0.0,0.0,0.0,0.0,0.0,2.0,14.0,0.0,0.0,0.0,0.0,
ESP-La Liga,2223,2023-01-21 Sevilla-Cádiz,Cádiz,Jeremias Ledesma,False,Goalkeeper,1,start,end,1.0,0.0,0.0,0.0,0.0,0.0,0.0,1.0,7.0,15.0,0.0,0.0,0.0,0.0,
ESP-La Liga,2223,2023-01-21 Sevilla-Cádiz,Sevilla,Yassine Bounou,True,Goalkeeper,1,start,end,1.0,0.0,0.0,0.0,0.0,0.0,0.0,0.0,1.0,4.0,0.0,0.0,0.0,0.0,
ESP-La Liga,2223,2023-01-22 Athletic Club-Real Madrid,Athletic Club,Unai Simón,True,Goalkeeper,1,start,end,1.0,0.0,0.0,0.0,0.0,0.0,0.0,2.0,2.0,8.0,0.0,0.0,0.0,0.0,
ESP-La Liga,2223,2023-01-22 Athletic Club-Real Madrid,Real Madrid,Thibaut Courtois,False,Goalkeeper,1,start,end,1.0,0.0,1.0,0.0,0.0,0.0,0.0,0.0,3.0,16.0,0.0,0.0,0.0,0.0,
ESP-La Liga,2223,2023-01-22 Barcelona-Getafe,Barcelona,Marc-André ter Stegen,True,Goalkeeper,1,start,end,1.0,0.0,0.0,0.0,0.0,0.0,0.0,0.0,3.0,7.0,0.0,0.0,0.0,0.0,
ESP-La Liga,2223,2023-01-22 Barcelona-Getafe,Getafe,David Soria,False,Goalkeeper,1,start,end,1.0,0.0,0.0,0.0,0.0,0.0,0.0,1.0,3.0,7.0,0.0,0.0,0.0,0.0,
ESP-La Liga,2223,2023-01-22 Elche-Osasuna,Elche,Edgar Badía,True,Goalkeeper,1,start,end,1.0,0.0,0.0,0.0,0.0,0.0,0.0,1.0,3.0,7.0,0.0,0.0,0.0,0.0,
ESP-La Liga,2223,2023-01-22 Elche-Osasuna,Osasuna,Aitor Fernández,False,Goalkeeper,1,start,end,1.0,0.0,0.0,0.0,0.0,0.0,0.0,1.0,3.0,12.0,0.0,0.0,0.0,0.0,
ESP-La Liga,2223,2023-01-22 Villarreal-Girona,Girona,Paulo Gazzaniga,False,Goalkeeper,1,start,end,1.0,0.0,1.0,0.0,0.0,0.0,0.0,1.0,7.0,17.0,0.0,0.0,0.0,0.0,
ESP-La Liga,2223,2023-01-22 Villarreal-Girona,Villarreal,Pepe Reina,True,Goalkeeper,1,start,end,1.0,0.0,0.0,0.0,0.0,0.0,0.0,0.0,1.0,7.0,0.0,0.0,0.0,0.0,
ESP-La Liga,2223,2023-01-23 Valencia-Almería,Almería,Fernando Martínez,False,Goalkeeper,1,start,end,1.0,0.0,0.0,0.0,0.0,0.0,0.0,2.0,4.0,13.0,0.0,0.0,0.0,0.0,
ESP-La Liga,2223,2023-01-23 Valencia-Almería,Valencia,Giorgi Mamardashvili,True,Goalkeeper,1,start,end,1.0,0.0,0.0,0.0,0.0,0.0,0.0,2.0,1.0,11.0,0.0,0.0,0.0,0.0,
ESP-La Liga,2223,2023-01-27 Almería-Espanyol,Almería,Fernando Martínez,True,Goalkeeper,1,start,end,1.0,0.0,0.0,0.0,0.0,0.0,0.0,1.0,2.0,5.0,0.0,0.0,0.0,0.0,
ESP-La Liga,2223,2023-01-27 Almería-Espanyol,Espanyol,Álvaro Fernández,False,Goalkeeper,1,start,end,1.0,0.0,1.0,0.0,0.0,0.0,0.0,3.0,4.0,16.0,0.0,0.0,0.0,0.0,
ESP-La Liga,2223,2023-01-28 Cádiz-Mallorca,Cádiz,Jeremias Ledesma,True,Goalkeeper,1,start,end,1.0,0.0,0.0,0.0,0.0,0.0,0.0,0.0,2.0,9.0,0.0,0.0,0.0,0.0,
ESP-La Liga,2223,2023-01-28 Cádiz-Mallorca,Mallorca,Predrag Rajkovic,False,Goalkeeper,1,start,end,1.0,0.0,0.0,0.0,0.0,0.0,0.0,2.0,2.0,9.0,0.0,0.0,0.0,0.0,
ESP-La Liga,2223,2023-01-28 Getafe-Real Betis,Getafe,David Soria,True,Goalkeeper,1,start,end,1.0,0.0,0.0,0.0,0.0,0.0,0.0,1.0,2.0,13.0,0.0,0.0,0.0,0.0,
ESP-La Liga,2223,2023-01-28 Getafe-Real Betis,Real Betis,Rui Silva,False,Goalkeeper,1,start,end,1.0,0.0,0.0,0.0,0.0,0.0,0.0,0.0,1.0,5.0,0.0,0.0,0.0,0.0,
ESP-La Liga,2223,2023-01-28 Girona-Barcelona,Barcelona,Marc-André ter Stegen,False,Goalkeeper,1,start,end,1.0,0.0,0.0,0.0,0.0,0.0,0.0,0.0,2.0,8.0,0.0,0.0,0.0,0.0,
ESP-La Liga,2223,2023-01-28 Girona-Barcelona,Girona,Paulo Gazzaniga,True,Goalkeeper,1,start,end,1.0,0.0,1.0,0.0,0.0,0.0,0.0,1.0,2.0,7.0,0.0,0.0,0.0,0.0,
ESP-La Liga,2223,2023-01-28 Sevilla-Elche,Elche,Edgar Badía,False,Goalkeeper,1,start,end,1.0,0.0,0.0,0.0,0.0,0.0,0.0,3.0,6.0,18.0,0.0,0.0,0.0,0.0,
ESP-La Liga,2223,2023-01-28 Sevilla-Elche,Sevilla,Yassine Bounou,True,Goalkeeper,1,start,end,1.0,0.0,0.0,0.0,0.0,0.0,0.0,0.0,1.0,4.0,0.0,0.0,0.0,0.0,
ESP-La Liga,2223,2023-01-29 Celta Vigo-Athletic Club,Athletic Club,Unai Simón,False,Goalkeeper,1,start,end,1.0,0.0,0.0,0.0,0.0,0.0,0.0,1.0,2.0,8.0,0.0,0.0,0.0,0.0,
ESP-La Liga,2223,2023-01-29 Celta Vigo-Athletic Club,Celta Vigo,Agustín Marchesín,True,Goalkeeper,1,start,end,1.0,0.0,0.0,0.0,0.0,0.0,0.0,0.0,0.0,5.0,0.0,0.0,0.0,0.0,
ESP-La Liga,2223,2023-01-29 Osasuna-Atlético Madrid,Atlético Madrid,Jan Oblak,False,Goalkeeper,1,start,end,1.0,0.0,0.0,0.0,0.0,0.0,0.0,0.0,4.0,13.0,0.0,0.0,0.0,0.0,
ESP-La Liga,2223,2023-01-29 Osasuna-Atlético Madrid,Osasuna,Aitor Fernández,True,Goalkeeper,1,start,end,1.0,0.0,0.0,0.0,0.0,0.0,0.0,1.0,4.0,14.0,0.0,0.0,0.0,0.0,
ESP-La Liga,2223,2023-01-29 Real Madrid-Real Sociedad,Real Madrid,Thibaut Courtois,True,Goalkeeper,1,start,end,1.0,0.0,1.0,0.0,0.0,0.0,0.0,0.0,3.0,8.0,0.0,0.0,0.0,0.0,
ESP-La Liga,2223,2023-01-29 Real Madrid-Real Sociedad,Real Sociedad,Álex Remiro,False,Goalkeeper,1,start,end,1.0,0.0,0.0,0.0,0.0,0.0,1.0,0.0,7.0,20.0,0.0,0.0,0.0,0.0,
ESP-La Liga,2223,2023-01-29 Real Valladolid-Valencia,Real Valladolid,Jordi Masip,True,Goalkeeper,1,start,end,1.0,0.0,0.0,0.0,0.0,0.0,0.0,0.0,2.0,14.0,0.0,0.0,0.0,0.0,
ESP-La Liga,2223,2023-01-29 Real Valladolid-Valencia,Valencia,Giorgi Mamardashvili,False,Goalkeeper,1,start,end,1.0,0.0,0.0,0.0,0.0,0.0,0.0,1.0,5.0,12.0,0.0,0.0,0.0,0.0,
ESP-La Liga,2223,2023-01-30 Villarreal-Rayo Vallecano,Rayo Vallecano,Stole Dimitrievski,False,Goalkeeper,1,start,end,1.0,0.0,0.0,0.0,0.0,0.0,0.0,0.0,3.0,11.0,0.0,0.0,0.0,0.0,
ESP-La Liga,2223,2023-01-30 Villarreal-Rayo Vallecano,Villarreal,Filip Jørgensen,True,Goalkeeper,1,start,end,1.0,0.0,0.0,0.0,0.0,0.0,0.0,1.0,2.0,10.0,0.0,0.0,0.0,0.0,
ESP-La Liga,2223,2023-02-01 Real Betis-Barcelona,Barcelona,Marc-André ter Stegen,False,Goalkeeper,1,start,end,1.0,0.0,0.0,0.0,0.0,0.0,0.0,1.0,1.0,5.0,0.0,0.0,0.0,0.0,
ESP-La Liga,2223,2023-02-01 Real Betis-Barcelona,Real Betis,Rui Silva,True,Goalkeeper,1,start,end,1.0,0.0,0.0,0.0,0.0,0.0,0.0,2.0,1.0,11.0,0.0,0.0,0.0,0.0,
ESP-La Liga,2223,2023-02-02 Real Madrid-Valencia,Real Madrid,Thibaut Courtois,True,Goalkeeper,1,start,end,1.0,0.0,0.0,0.0,0.0,0.0,0.0,0.0,0.0,4.0,0.0,0.0,0.0,0.0,
ESP-La Liga,2223,2023-02-02 Real Madrid-Valencia,Valencia,Giorgi Mamardashvili,False,Goalkeeper,1,start,end,1.0,0.0,0.0,0.0,0.0,0.0,0.0,2.0,5.0,16.0,0.0,0.0,0.0,0.0,
ESP-La Liga,2223,2023-02-03 Athletic Club-Cádiz,Athletic Club,Unai Simón,True,Goalkeeper,1,start,end,1.0,0.0,1.0,0.0,0.0,0.0,0.0,1.0,2.0,13.0,0.0,0.0,0.0,0.0,
ESP-La Liga,2223,2023-02-03 Athletic Club-Cádiz,Cádiz,Jeremias Ledesma,False,Goalkeeper,1,start,end,1.0,0.0,0.0,0.0,0.0,0.0,0.0,4.0,5.0,13.0,0.0,0.0,0.0,0.0,
ESP-La Liga,2223,2023-02-04 Atlético Madrid-Getafe,Atlético Madrid,Jan Oblak,True,Goalkeeper,1,start,end,1.0,0.0,0.0,0.0,0.0,0.0,0.0,1.0,0.0,8.0,0.0,0.0,0.0,0.0,
ESP-La Liga,2223,2023-02-04 Atlético Madrid-Getafe,Getafe,David Soria,False,Goalkeeper,1,start,end,1.0,0.0,0.0,0.0,0.0,0.0,0.0,1.0,3.0,11.0,0.0,0.0,0.0,0.0,
ESP-La Liga,2223,2023-02-04 Elche-Villarreal,Elche,Edgar Badía,True,Goalkeeper,1,start,end,1.0,0.0,0.0,0.0,0.0,0.0,0.0,1.0,1.0,13.0,0.0,0.0,0.0,0.0,
ESP-La Liga,2223,2023-02-04 Elche-Villarreal,Villarreal,Pepe Reina,False,Goalkeeper,1,start,end,1.0,0.0,0.0,0.0,0.0,0.0,0.0,3.0,4.0,13.0,0.0,0.0,0.0,0.0,
ESP-La Liga,2223,2023-02-04 Espanyol-Osasuna,Espanyol,Álvaro Fernández,True,Goalkeeper,1,start,end,1.0,0.0,1.0,0.0,0.0,0.0,0.0,1.0,2.0,8.0,0.0,0.0,0.0,0.0,
ESP-La Liga,2223,2023-02-04 Espanyol-Osasuna,Osasuna,Aitor Fernández,False,Goalkeeper,1,start,end,1.0,0.0,0.0,0.0,0.0,0.0,0.0,1.0,3.0,8.0,0.0,0.0,0.0,0.0,
ESP-La Liga,2223,2023-02-04 Real Betis-Celta Vigo,Celta Vigo,Iván Villar,False,Goalkeeper,1,start,end,1.0,0.0,0.0,0.0,0.0,0.0,0.0,3.0,4.0,10.0,0.0,0.0,0.0,0.0,
ESP-La Liga,2223,2023-02-04 Real Betis-Celta Vigo,Real Betis,Rui Silva,True,Goalkeeper,1,start,end,1.0,0.0,0.0,0.0,0.0,0.0,0.0,4.0,2.0,5.0,0.0,0.0,0.0,0.0,
ESP-La Liga,2223,2023-02-05 Barcelona-Sevilla,Barcelona,Marc-André ter Stegen,True,Goalkeeper,1,start,end,1.0,0.0,0.0,0.0,0.0,0.0,0.0,0.0,1.0,3.0,0.0,0.0,0.0,0.0,
ESP-La Liga,2223,2023-02-05 Barcelona-Sevilla,Sevilla,Yassine Bounou,False,Goalkeeper,1,start,end,1.0,0.0,0.0,0.0,0.0,0.0,0.0,3.0,4.0,13.0,0.0,0.0,0.0,0.0,
ESP-La Liga,2223,2023-02-05 Girona-Valencia,Girona,Paulo Gazzaniga,True,Goalkeeper,1,start,end,1.0,0.0,1.0,0.0,0.0,0.0,0.0,0.0,4.0,9.0,0.0,0.0,0.0,0.0,
ESP-La Liga,2223,2023-02-05 Girona-Valencia,Valencia,Giorgi Mamardashvili,False,Goalkeeper,1,start,end,1.0,0.0,0.0,0.0,0.0,0.0,0.0,1.0,7.0,18.0,0.0,0.0,0.0,0.0,
ESP-La Liga,2223,2023-02-05 Mallorca-Real Madrid,Mallorca,Predrag Rajkovic,True,Goalkeeper,1,start,end,1.0,1.0,0.0,0.0,0.0,0.0,0.0,0.0,0.0,19.0,0.0,0.0,0.0,0.0,
ESP-La Liga,2223,2023-02-05 Mallorca-Real Madrid,Real Madrid,Andriy Lunin,False,Goalkeeper,1,start,end,1.0,0.0,0.0,0.0,0.0,0.0,0.0,0.0,1.0,3.0,0.0,0.0,0.0,0.0,
ESP-La Liga,2223,2023-02-05 Real Sociedad-Real Valladolid,Real Sociedad,Álex Remiro,True,Goalkeeper,1,start,end,1.0,0.0,0.0,0.0,0.0,0.0,0.0,1.0,1.0,6.0,0.0,0.0,0.0,0.0,
ESP-La Liga,2223,2023-02-05 Real Sociedad-Real Valladolid,Real Valladolid,Jordi Masip,False,Goalkeeper,1,start,end,1.0,0.0,0.0,0.0,0.0,0.0,0.0,0.0,4.0,15.0,0.0,0.0,0.0,0.0,
ESP-La Liga,2223,2023-02-06 Rayo Vallecano-Almería,Almería,Fernando Martínez,False,Goalkeeper,1,start,end,1.0,0.0,0.0,0.0,0.0,0.0,0.0,1.0,10.0,14.0,0.0,0.0,0.0,0.0,
ESP-La Liga,2223,2023-02-06 Rayo Vallecano-Almería,Rayo Vallecano,Stole Dimitrievski,True,Goalkeeper,1,start,end,1.0,0.0,0.0,0.0,0.0,0.0,0.0,0.0,5.0,12.0,0.0,0.0,0.0,0.0,
ESP-La Liga,2223,2023-02-10 Cádiz-Girona,Cádiz,Jeremias Ledesma,True,Goalkeeper,1,start,end,1.0,0.0,0.0,0.0,0.0,0.0,0.0,0.0,1.0,7.0,0.0,0.0,0.0,0.0,
ESP-La Liga,2223,2023-02-10 Cádiz-Girona,Girona,Paulo Gazzaniga,False,Goalkeeper,1,start,end,1.0,0.0,0.0,0.0,0.0,0.0,0.0,2.0,2.0,10.0,0.0,0.0,0.0,0.0,
ESP-La Liga,2223,2023-02-11 Almería-Real Betis,Almería,Fernando Martínez,True,Goalkeeper,1,start,end,,,,,,,,,,,,,,,
ESP-La Liga,2223,2023-02-11 Almería-Real Betis,Real Betis,Rui Silva,False,Goalkeeper,1,start,end,,,,,,,,,,,,,,,
ESP-La Liga,2223,2023-02-11 Sevilla-Mallorca,Mallorca,Predrag Rajkovic,False,Goalkeeper,1,start,end,,,,,,,,,,,,,,,
ESP-La Liga,2223,2023-02-11 Sevilla-Mallorca,Sevilla,Yassine Bounou,True,Goalkeeper,1,start,end,,,,,,,,,,,,,,,
ESP-La Liga,2223,2023-02-11 Valencia-Athletic Club,Athletic Club,Unai Simón,False,Goalkeeper,1,start,end,,,,,,,,,,,,,,,
ESP-La Liga,2223,2023-02-11 Valencia-Athletic Club,Valencia,Giorgi Mamardashvili,True,Goalkeeper,1,start,end,,,,,,,,,,,,,,,
ESP-La Liga,2223,2023-02-12 Celta Vigo-Atlético Madrid,Atlético Madrid,Jan Oblak,False,Goalkeeper,1,start,end,1.0,0.0,0.0,0.0,0.0,0.0,0.0,0.0,4.0,14.0,0.0,0.0,0.0,0.0,
ESP-La Liga,2223,2023-02-12 Celta Vigo-Atlético Madrid,Celta Vigo,Iván Villar,True,Goalkeeper,1,start,end,1.0,0.0,0.0,0.0,0.0,0.0,0.0,1.0,1.0,8.0,0.0,0.0,0.0,0.0,
ESP-La Liga,2223,2023-02-12 Getafe-Rayo Vallecano,Getafe,David Soria,True,Goalkeeper,1,start,end,1.0,0.0,1.0,0.0,0.0,0.0,0.0,0.0,3.0,19.0,0.0,0.0,0.0,0.0,
ESP-La Liga,2223,2023-02-12 Getafe-Rayo Vallecano,Rayo Vallecano,Stole Dimitrievski,False,Goalkeeper,1,start,end,1.0,0.0,1.0,0.0,0.0,0.0,0.0,1.0,2.0,11.0,0.0,0.0,0.0,0.0,
ESP-La Liga,2223,2023-02-12 Real Valladolid-Osasuna,Osasuna,Aitor Fernández,False,Goalkeeper,1,start,end,1.0,0.0,0.0,0.0,0.0,0.0,0.0,0.0,4.0,16.0,0.0,0.0,0.0,0.0,
ESP-La Liga,2223,2023-02-12 Real Valladolid-Osasuna,Real Valladolid,Jordi Masip,True,Goalkeeper,1,start,end,1.0,0.0,1.0,0.0,0.0,0.0,0.0,0.0,4.0,15.0,0.0,0.0,0.0,0.0,
ESP-La Liga,2223,2023-02-12 Villarreal-Barcelona,Barcelona,Marc-André ter Stegen,False,Goalkeeper,1,start,end,1.0,0.0,0.0,0.0,0.0,0.0,0.0,0.0,2.0,11.0,0.0,0.0,0.0,0.0,
ESP-La Liga,2223,2023-02-12 Villarreal-Barcelona,Villarreal,Pepe Reina,True,Goalkeeper,1,start,end,1.0,0.0,0.0,0.0,0.0,0.0,0.0,1.0,3.0,5.0,0.0,0.0,0.0,0.0,
ESP-La Liga,2223,2023-02-13 Espanyol-Real Sociedad,Espanyol,Álvaro Fernández,True,Goalkeeper,1,start,end,,,,,,,,,,,,,,,
ESP-La Liga,2223,2023-02-13 Espanyol-Real Sociedad,Real Sociedad,Álex Remiro,False,Goalkeeper,1,start,end,,,,,,,,,,,,,,,
ESP-La Liga,2223,2023-02-15 Real Madrid-Elche,Elche,Edgar Badía,False,Goalkeeper,1,start,end,,,,,,,,,,,,,,,
ESP-La Liga,2223,2023-02-15 Real Madrid-Elche,Real Madrid,Andriy Lunin,True,Goalkeeper,1,start,end,,,,,,,,,,,,,,,
ESP-La Liga,2223,2023-02-17 Girona-Almería,Almería,Fernando Martínez,False,Goalkeeper,1,start,end,1.0,0.0,0.0,0.0,0.0,0.0,0.0,6.0,2.0,8.0,0.0,0.0,0.0,0.0,
ESP-La Liga,2223,2023-02-17 Girona-Almería,Girona,Paulo Gazzaniga,True,Goalkeeper,1,start,end,1.0,0.0,0.0,0.0,0.0,0.0,0.0,2.0,2.0,15.0,0.0,0.0,0.0,0.0,
ESP-La Liga,2223,2023-02-18 Mallorca-Villarreal,Mallorca,Predrag Rajkovic,True,Goalkeeper,1,start,end,1.0,0.0,0.0,0.0,0.0,0.0,0.0,2.0,2.0,6.0,0.0,0.0,0.0,0.0,
ESP-La Liga,2223,2023-02-18 Mallorca-Villarreal,Villarreal,Pepe Reina,False,Goalkeeper,1,start,end,1.0,0.0,0.0,0.0,0.0,0.0,0.0,4.0,1.0,9.0,0.0,0.0,0.0,0.0,
ESP-La Liga,2223,2023-02-18 Osasuna-Real Madrid,Osasuna,Sergio Herrera,True,Goalkeeper,1,start,end,1.0,0.0,0.0,0.0,0.0,0.0,0.0,2.0,4.0,7.0,0.0,0.0,0.0,0.0,
ESP-La Liga,2223,2023-02-18 Osasuna-Real Madrid,Real Madrid,Thibaut Courtois,False,Goalkeeper,1,start,end,1.0,0.0,0.0,0.0,0.0,0.0,0.0,0.0,4.0,11.0,0.0,0.0,0.0,0.0,
ESP-La Liga,2223,2023-02-18 Real Betis-Real Valladolid,Real Betis,Claudio Bravo,True,Goalkeeper,1,start,end,1.0,0.0,0.0,0.0,0.0,0.0,0.0,1.0,2.0,16.0,0.0,0.0,0.0,0.0,
ESP-La Liga,2223,2023-02-18 Real Betis-Real Valladolid,Real Valladolid,Jordi Masip,False,Goalkeeper,1,start,78,1.0,0.0,1.0,0.0,0.0,0.0,0.0,2.0,5.0,11.0,0.0,0.0,0.0,0.0,
ESP-La Liga,2223,2023-02-18 Real Sociedad-Celta Vigo,Celta Vigo,Iván Villar,False,Goalkeeper,1,start,end,1.0,0.0,0.0,0.0,0.0,0.0,0.0,1.0,2.0,8.0,0.0,0.0,0.0,0.0,
ESP-La Liga,2223,2023-02-18 Real Sociedad-Celta Vigo,Real Sociedad,Álex Remiro,True,Goalkeeper,1,start,end,1.0,0.0,0.0,0.0,0.0,0.0,0.0,0.0,4.0,17.0,0.0,0.0,0.0,0.0,
ESP-La Liga,2223,2023-02-19 Atlético Madrid-Athletic Club,Athletic Club,Julen Agirrezabala,False,Goalkeeper,1,start,end,1.0,0.0,0.0,0.0,0.0,0.0,0.0,1.0,4.0,15.0,0.0,0.0,0.0,0.0,
ESP-La Liga,2223,2023-02-19 Atlético Madrid-Athletic Club,Atlético Madrid,Jan Oblak,True,Goalkeeper,1,start,end,1.0,0.0,0.0,0.0,0.0,0.0,0.0,0.0,2.0,8.0,0.0,0.0,0.0,0.0,
ESP-La Liga,2223,2023-02-19 Barcelona-Cádiz,Barcelona,Marc-André ter Stegen,True,Goalkeeper,1,start,end,1.0,0.0,1.0,0.0,0.0,0.0,0.0,0.0,4.0,14.0,0.0,0.0,0.0,0.0,
ESP-La Liga,2223,2023-02-19 Barcelona-Cádiz,Cádiz,Jeremias Ledesma,False,Goalkeeper,1,start,end,1.0,0.0,0.0,0.0,0.0,0.0,0.0,2.0,2.0,15.0,0.0,0.0,0.0,0.0,
ESP-La Liga,2223,2023-02-19 Elche-Espanyol,Elche,Edgar Badía,True,Goalkeeper,1,start,end,1.0,0.0,0.0,0.0,0.0,0.0,0.0,1.0,2.0,10.0,0.0,0.0,0.0,0.0,
ESP-La Liga,2223,2023-02-19 Elche-Espanyol,Espanyol,Fernando Pacheco,False,Goalkeeper,1,start,end,1.0,0.0,0.0,0.0,0.0,0.0,0.0,0.0,5.0,18.0,0.0,0.0,0.0,0.0,
ESP-La Liga,2223,2023-02-19 Rayo Vallecano-Sevilla,Rayo Vallecano,Stole Dimitrievski,True,Goalkeeper,1,start,end,1.0,0.0,0.0,0.0,0.0,0.0,0.0,1.0,1.0,6.0,0.0,0.0,0.0,0.0,
ESP-La Liga,2223,2023-02-19 Rayo Vallecano-Sevilla,Sevilla,Yassine Bounou,False,Goalkeeper,1,start,end,1.0,0.0,0.0,0.0,0.0,0.0,0.0,1.0,4.0,17.0,0.0,0.0,0.0,0.0,
ESP-La Liga,2223,2023-02-20 Getafe-Valencia,Getafe,David Soria,True,Goalkeeper,1,start,end,1.0,0.0,0.0,0.0,0.0,0.0,0.0,0.0,3.0,9.0,0.0,0.0,0.0,0.0,
ESP-La Liga,2223,2023-02-20 Getafe-Valencia,Valencia,Giorgi Mamardashvili,False,Goalkeeper,1,start,end,1.0,0.0,0.0,0.0,0.0,0.0,0.0,1.0,5.0,13.0,0.0,0.0,0.0,0.0,
ESP-La Liga,2223,2023-02-24 Elche-Real Betis,Elche,Edgar Badía,True,Goalkeeper,1,start,end,1.0,0.0,0.0,0.0,0.0,0.0,0.0,3.0,6.0,17.0,0.0,0.0,0.0,0.0,
ESP-La Liga,2223,2023-02-24 Elche-Real Betis,Real Betis,Claudio Bravo,False,Goalkeeper,1,start,end,1.0,0.0,0.0,0.0,0.0,0.0,0.0,2.0,0.0,3.0,0.0,0.0,0.0,0.0,
ESP-La Liga,2223,2023-02-25 Cádiz-Rayo Vallecano,Cádiz,Jeremias Ledesma,True,Goalkeeper,1,start,end,1.0,0.0,2.0,0.0,0.0,0.0,0.0,0.0,1.0,10.0,0.0,0.0,0.0,0.0,
ESP-La Liga,2223,2023-02-25 Cádiz-Rayo Vallecano,Rayo Vallecano,Stole Dimitrievski,False,Goalkeeper,1,start,end,1.0,0.0,0.0,0.0,0.0,0.0,0.0,1.0,2.0,4.0,0.0,0.0,0.0,0.0,
ESP-La Liga,2223,2023-02-25 Espanyol-Mallorca,Espanyol,Fernando Pacheco,True,Goalkeeper,1,start,end,1.0,0.0,0.0,0.0,0.0,0.0,0.0,1.0,3.0,15.0,0.0,0.0,0.0,0.0,
ESP-La Liga,2223,2023-02-25 Espanyol-Mallorca,Mallorca,Predrag Rajkovic,False,Goalkeeper,1,start,end,1.0,0.0,0.0,0.0,0.0,0.0,1.0,2.0,1.0,6.0,0.0,0.0,0.0,0.0,
ESP-La Liga,2223,2023-02-25 Real Madrid-Atlético Madrid,Atlético Madrid,Jan Oblak,False,Goalkeeper,1,start,end,1.0,0.0,0.0,0.0,0.0,0.0,0.0,1.0,6.0,17.0,0.0,0.0,0.0,0.0,
ESP-La Liga,2223,2023-02-25 Real Madrid-Atlético Madrid,Real Madrid,Thibaut Courtois,True,Goalkeeper,1,start,end,1.0,0.0,0.0,0.0,0.0,0.0,0.0,1.0,1.0,6.0,0.0,0.0,0.0,0.0,
ESP-La Liga,2223,2023-02-25 Valencia-Real Sociedad,Real Sociedad,Álex Remiro,False,Goalkeeper,1,start,end,1.0,0.0,0.0,0.0,0.0,0.0,0.0,0.0,3.0,8.0,0.0,0.0,0.0,0.0,
ESP-La Liga,2223,2023-02-25 Valencia-Real Sociedad,Valencia,Giorgi Mamardashvili,True,Goalkeeper,1,start,end,1.0,0.0,0.0,0.0,0.0,0.0,1.0,0.0,3.0,10.0,0.0,0.0,0.0,0.0,
ESP-La Liga,2223,2023-02-26 Almería-Barcelona,Almería,Fernando Martínez,True,Goalkeeper,1,start,end,1.0,0.0,0.0,0.0,0.0,0.0,1.0,0.0,1.0,13.0,0.0,0.0,0.0,0.0,
ESP-La Liga,2223,2023-02-26 Almería-Barcelona,Barcelona,Marc-André ter Stegen,False,Goalkeeper,1,start,end,1.0,0.0,0.0,0.0,0.0,0.0,0.0,1.0,3.0,3.0,0.0,0.0,0.0,0.0,
ESP-La Liga,2223,2023-02-26 Athletic Club-Girona,Athletic Club,Unai Simón,True,Goalkeeper,1,start,45,1.0,0.0,0.0,0.0,0.0,0.0,0.0,1.0,2.0,5.0,0.0,0.0,0.0,0.0,
ESP-La Liga,2223,2023-02-26 Athletic Club-Girona,Girona,Paulo Gazzaniga,False,Goalkeeper,1,start,end,1.0,0.0,0.0,0.0,0.0,0.0,1.0,2.0,1.0,16.0,0.0,0.0,0.0,0.0,
ESP-La Liga,2223,2023-02-26 Celta Vigo-Real Valladolid,Celta Vigo,Iván Villar,True,Goalkeeper,1,start,end,1.0,0.0,0.0,0.0,0.0,0.0,0.0,0.0,3.0,5.0,0.0,0.0,0.0,0.0,
ESP-La Liga,2223,2023-02-26 Celta Vigo-Real Valladolid,Real Valladolid,Sergio Asenjo,False,Goalkeeper,1,start,end,1.0,0.0,0.0,0.0,0.0,0.0,0.0,3.0,2.0,15.0,0.0,0.0,0.0,0.0,
ESP-La Liga,2223,2023-02-26 Sevilla-Osasuna,Osasuna,Aitor Fernández,False,Goalkeeper,1,start,end,1.0,0.0,0.0,0.0,0.0,0.0,0.0,2.0,6.0,19.0,0.0,0.0,0.0,0.0,
ESP-La Liga,2223,2023-02-26 Sevilla-Osasuna,Sevilla,Yassine Bounou,True,Goalkeeper,1,start,end,1.0,0.0,0.0,0.0,0.0,0.0,0.0,2.0,2.0,9.0,0.0,0.0,0.0,0.0,
ESP-La Liga,2223,2023-02-27 Villarreal-Getafe,Getafe,David Soria,False,Goalkeeper,1,start,end,1.0,0.0,0.0,0.0,0.0,0.0,0.0,2.0,3.0,8.0,0.0,0.0,0.0,0.0,
ESP-La Liga,2223,2023-02-27 Villarreal-Getafe,Villarreal,Pepe Reina,True,Goalkeeper,1,start,end,1.0,0.0,0.0,0.0,0.0,0.0,0.0,1.0,2.0,7.0,0.0,0.0,0.0,0.0,
ESP-La Liga,2223,2023-03-03 Real Sociedad-Cádiz,Cádiz,Jeremias Ledesma,False,Goalkeeper,1,start,end,1.0,0.0,0.0,0.0,0.0,0.0,0.0,0.0,3.0,16.0,0.0,0.0,0.0,0.0,
ESP-La Liga,2223,2023-03-03 Real Sociedad-Cádiz,Real Sociedad,Álex Remiro,True,Goalkeeper,1,start,end,1.0,0.0,0.0,0.0,0.0,0.0,0.0,0.0,2.0,6.0,0.0,0.0,0.0,0.0,
ESP-La Liga,2223,2023-03-04 Almería-Villarreal,Almería,Fernando Martínez,True,Goalkeeper,1,start,45,1.0,0.0,0.0,0.0,0.0,0.0,0.0,0.0,1.0,7.0,0.0,0.0,0.0,0.0,
ESP-La Liga,2223,2023-03-04 Almería-Villarreal,Villarreal,Pepe Reina,False,Goalkeeper,1,start,end,1.0,0.0,0.0,0.0,0.0,0.0,0.0,0.0,0.0,6.0,0.0,0.0,0.0,0.0,
ESP-La Liga,2223,2023-03-04 Atlético Madrid-Sevilla,Atlético Madrid,Jan Oblak,True,Goalkeeper,1,start,end,1.0,0.0,0.0,0.0,0.0,0.0,0.0,1.0,0.0,6.0,0.0,0.0,0.0,0.0,
ESP-La Liga,2223,2023-03-04 Atlético Madrid-Sevilla,Sevilla,Yassine Bounou,False,Goalkeeper,1,start,end,1.0,0.0,0.0,0.0,0.0,0.0,0.0,6.0,2.0,12.0,0.0,0.0,0.0,0.0,
ESP-La Liga,2223,2023-03-04 Getafe-Girona,Getafe,David Soria,True,Goalkeeper,1,start,end,1.0,0.0,0.0,0.0,0.0,0.0,0.0,2.0,5.0,7.0,0.0,0.0,0.0,0.0,
ESP-La Liga,2223,2023-03-04 Getafe-Girona,Girona,Paulo Gazzaniga,False,Goalkeeper,1,start,end,1.0,0.0,0.0,0.0,0.0,0.0,0.0,3.0,3.0,6.0,0.0,0.0,0.0,0.0,
ESP-La Liga,2223,2023-03-04 Mallorca-Elche,Elche,Edgar Badía,False,Goalkeeper,1,start,end,1.0,0.0,0.0,0.0,0.0,0.0,0.0,0.0,3.0,13.0,0.0,0.0,0.0,0.0,
ESP-La Liga,2223,2023-03-04 Mallorca-Elche,Mallorca,Predrag Rajkovic,True,Goalkeeper,1,start,end,1.0,0.0,0.0,0.0,0.0,0.0,0.0,1.0,5.0,13.0,0.0,0.0,0.0,0.0,
ESP-La Liga,2223,2023-03-05 Barcelona-Valencia,Barcelona,Marc-André ter Stegen,True,Goalkeeper,1,start,end,1.0,0.0,0.0,0.0,0.0,0.0,0.0,0.0,1.0,13.0,0.0,0.0,0.0,0.0,
ESP-La Liga,2223,2023-03-05 Barcelona-Valencia,Valencia,Giorgi Mamardashvili,False,Goalkeeper,1,start,end,1.0,0.0,0.0,0.0,0.0,0.0,0.0,1.0,3.0,10.0,0.0,0.0,0.0,0.0,
ESP-La Liga,2223,2023-03-05 Rayo Vallecano-Athletic Club,Athletic Club,Julen Agirrezabala,False,Goalkeeper,1,start,end,1.0,0.0,0.0,0.0,0.0,0.0,0.0,0.0,2.0,16.0,0.0,0.0,0.0,0.0,
ESP-La Liga,2223,2023-03-05 Rayo Vallecano-Athletic Club,Rayo Vallecano,Stole Dimitrievski,True,Goalkeeper,1,start,end,1.0,0.0,0.0,0.0,0.0,0.0,0.0,0.0,3.0,15.0,0.0,0.0,0.0,0.0,
ESP-La Liga,2223,2023-03-05 Real Betis-Real Madrid,Real Betis,Claudio Bravo,True,Goalkeeper,1,start,end,1.0,0.0,0.0,0.0,0.0,0.0,0.0,0.0,5.0,14.0,0.0,0.0,0.0,0.0,
ESP-La Liga,2223,2023-03-05 Real Betis-Real Madrid,Real Madrid,Thibaut Courtois,False,Goalkeeper,1,start,end,1.0,0.0,0.0,0.0,0.0,0.0,0.0,0.0,4.0,8.0,0.0,0.0,0.0,0.0,
ESP-La Liga,2223,2023-03-05 Real Valladolid-Espanyol,Espanyol,Fernando Pacheco,False,Goalkeeper,1,start,end,1.0,0.0,0.0,0.0,0.0,0.0,0.0,2.0,3.0,12.0,0.0,0.0,0.0,0.0,
ESP-La Liga,2223,2023-03-05 Real Valladolid-Espanyol,Real Valladolid,Sergio Asenjo,True,Goalkeeper,1,start,end,1.0,0.0,1.0,0.0,0.0,0.0,0.0,1.0,1.0,11.0,0.0,0.0,0.0,0.0,
ESP-La Liga,2223,2023-03-06 Osasuna-Celta Vigo,Celta Vigo,Iván Villar,False,Goalkeeper,1,start,end,1.0,0.0,0.0,0.0,0.0,0.0,0.0,0.0,5.0,9.0,0.0,0.0,0.0,0.0,
ESP-La Liga,2223,2023-03-06 Osasuna-Celta Vigo,Osasuna,Aitor Fernández,True,Goalkeeper,1,start,end,1.0,0.0,0.0,0.0,0.0,0.0,0.0,0.0,1.0,6.0,0.0,0.0,0.0,0.0,
ESP-La Liga,2223,2023-03-10 Cádiz-Getafe,Cádiz,Jeremias Ledesma,True,Goalkeeper,1,start,end,1.0,0.0,0.0,0.0,0.0,0.0,1.0,2.0,8.0,0.0,0.0,0.0,0.0,0.0,
ESP-La Liga,2223,2023-03-10 Cádiz-Getafe,Getafe,David Soria,False,Goalkeeper,1,start,end,1.0,0.0,0.0,0.0,0.0,0.0,0.0,2.0,2.0,0.0,0.0,0.0,0.0,0.0,
ESP-La Liga,2223,2023-03-11 Celta Vigo-Rayo Vallecano,Celta Vigo,Iván Villar,True,Goalkeeper,1,start,end,1.0,0.0,0.0,0.0,0.0,0.0,0.0,0.0,3.0,12.0,0.0,0.0,0.0,0.0,
ESP-La Liga,2223,2023-03-11 Celta Vigo-Rayo Vallecano,Rayo Vallecano,Stole Dimitrievski,False,Goalkeeper,1,start,end,1.0,0.0,0.0,0.0,0.0,0.0,0.0,2.0,4.0,13.0,0.0,0.0,0.0,0.0,
ESP-La Liga,2223,2023-03-11 Elche-Real Valladolid,Elche,Edgar Badía,True,Goalkeeper,1,start,end,1.0,0.0,0.0,0.0,0.0,0.0,0.0,1.0,0.0,4.0,0.0,0.0,0.0,0.0,
ESP-La Liga,2223,2023-03-11 Elche-Real Valladolid,Real Valladolid,Sergio Asenjo,False,Goalkeeper,1,start,end,1.0,0.0,1.0,0.0,0.0,0.0,0.0,1.0,9.0,21.0,0.0,0.0,0.0,0.0,
ESP-La Liga,2223,2023-03-11 Real Madrid-Espanyol,Espanyol,Fernando Pacheco,False,Goalkeeper,1,start,end,1.0,0.0,0.0,0.0,0.0,0.0,0.0,3.0,4.0,20.0,0.0,0.0,0.0,0.0,
ESP-La Liga,2223,2023-03-11 Real Madrid-Espanyol,Real Madrid,Thibaut Courtois,True,Goalkeeper,1,start,end,1.0,0.0,0.0,0.0,0.0,0.0,0.0,1.0,2.0,9.0,0.0,0.0,0.0,0.0,
ESP-La Liga,2223,2023-03-11 Valencia-Osasuna,Osasuna,Sergio Herrera,False,Goalkeeper,1,start,end,1.0,0.0,0.0,0.0,0.0,0.0,0.0,1.0,2.0,6.0,0.0,0.0,0.0,0.0,
ESP-La Liga,2223,2023-03-11 Valencia-Osasuna,Valencia,Giorgi Mamardashvili,True,Goalkeeper,1,start,end,1.0,0.0,0.0,0.0,0.0,0.0,0.0,0.0,0.0,8.0,0.0,0.0,0.0,0.0,
ESP-La Liga,2223,2023-03-12 Athletic Club-Barcelona,Athletic Club,Julen Agirrezabala,True,Goalkeeper,1,start,end,1.0,0.0,0.0,0.0,0.0,0.0,0.0,1.0,1.0,9.0,0.0,0.0,0.0,0.0,
ESP-La Liga,2223,2023-03-12 Athletic Club-Barcelona,Barcelona,Marc-André ter Stegen,False,Goalkeeper,1,start,end,1.0,0.0,0.0,0.0,0.0,0.0,0.0,0.0,3.0,14.0,0.0,0.0,0.0,0.0,
ESP-La Liga,2223,2023-03-12 Mallorca-Real Sociedad,Mallorca,Predrag Rajkovic,True,Goalkeeper,1,start,end,1.0,0.0,0.0,0.0,0.0,0.0,0.0,1.0,1.0,7.0,0.0,0.0,0.0,0.0,
ESP-La Liga,2223,2023-03-12 Mallorca-Real Sociedad,Real Sociedad,Álex Remiro,False,Goalkeeper,1,start,end,1.0,0.0,1.0,0.0,0.0,0.0,0.0,1.0,1.0,7.0,0.0,0.0,0.0,0.0,
ESP-La Liga,2223,2023-03-12 Sevilla-Almería,Almería,Fernando Martínez,False,Goalkeeper,1,start,end,1.0,0.0,0.0,0.0,0.0,0.0,0.0,2.0,3.0,25.0,0.0,0.0,0.0,0.0,
ESP-La Liga,2223,2023-03-12 Sevilla-Almería,Sevilla,Yassine Bounou,True,Goalkeeper,1,start,37,1.0,0.0,0.0,0.0,0.0,0.0,0.0,1.0,0.0,1.0,0.0,0.0,0.0,0.0,
ESP-La Liga,2223,2023-03-12 Villarreal-Real Betis,Real Betis,Rui Silva,False,Goalkeeper,1,start,end,1.0,0.0,0.0,0.0,0.0,0.0,0.0,1.0,3.0,14.0,0.0,0.0,0.0,0.0,
ESP-La Liga,2223,2023-03-12 Villarreal-Real Betis,Villarreal,Pepe Reina,True,Goalkeeper,1,start,end,1.0,0.0,0.0,0.0,0.0,0.0,0.0,1.0,2.0,5.0,0.0,0.0,0.0,0.0,
ESP-La Liga,2223,2023-03-13 Girona-Atlético Madrid,Atlético Madrid,Jan Oblak,False,Goalkeeper,1,start,end,1.0,0.0,0.0,0.0,0.0,0.0,0.0,0.0,4.0,6.0,0.0,0.0,0.0,0.0,
ESP-La Liga,2223,2023-03-13 Girona-Atlético Madrid,Girona,Paulo Gazzaniga,True,Goalkeeper,1,start,end,1.0,0.0,0.0,0.0,0.0,0.0,1.0,1.0,3.0,12.0,0.0,0.0,0.0,0.0,
ESP-La Liga,2223,2023-03-17 Real Valladolid-Athletic Club,Athletic Club,Julen Agirrezabala,False,Goalkeeper,1,start,end,1.0,0.0,0.0,0.0,0.0,0.0,0.0,1.0,2.0,14.0,0.0,0.0,0.0,0.0,
ESP-La Liga,2223,2023-03-17 Real Valladolid-Athletic Club,Real Valladolid,Sergio Asenjo,True,Goalkeeper,1,start,end,1.0,0.0,0.0,0.0,0.0,0.0,0.0,3.0,3.0,13.0,0.0,0.0,0.0,0.0,
ESP-La Liga,2223,2023-03-18 Almería-Cádiz,Almería,Fernando Martínez,True,Goalkeeper,1,start,end,1.0,0.0,0.0,0.0,0.0,0.0,0.0,1.0,3.0,8.0,0.0,0.0,0.0,0.0,
ESP-La Liga,2223,2023-03-18 Almería-Cádiz,Cádiz,David Gil,False,Goalkeeper,1,start,end,1.0,0.0,0.0,0.0,0.0,0.0,0.0,1.0,4.0,16.0,0.0,0.0,0.0,0.0,
ESP-La Liga,2223,2023-03-18 Atlético Madrid-Valencia,Atlético Madrid,Jan Oblak,True,Goalkeeper,1,start,end,1.0,0.0,0.0,0.0,0.0,0.0,0.0,0.0,1.0,9.0,0.0,0.0,0.0,0.0,
ESP-La Liga,2223,2023-03-18 Atlético Madrid-Valencia,Valencia,Giorgi Mamardashvili,False,Goalkeeper,1,start,end,1.0,0.0,0.0,0.0,0.0,0.0,0.0,3.0,3.0,11.0,0.0,0.0,0.0,0.0,
ESP-La Liga,2223,2023-03-18 Espanyol-Celta Vigo,Celta Vigo,Iván Villar,False,Goalkeeper,1,start,end,1.0,0.0,0.0,0.0,0.0,0.0,0.0,1.0,2.0,10.0,0.0,0.0,0.0,0.0,
ESP-La Liga,2223,2023-03-18 Espanyol-Celta Vigo,Espanyol,Fernando Pacheco,True,Goalkeeper,1,start,end,1.0,0.0,0.0,0.0,0.0,0.0,0.0,3.0,1.0,5.0,0.0,0.0,0.0,0.0,
ESP-La Liga,2223,2023-03-18 Rayo Vallecano-Girona,Girona,Paulo Gazzaniga,False,Goalkeeper,1,start,end,1.0,0.0,0.0,0.0,0.0,0.0,0.0,2.0,1.0,13.0,0.0,0.0,0.0,0.0,
ESP-La Liga,2223,2023-03-18 Rayo Vallecano-Girona,Rayo Vallecano,Stole Dimitrievski,True,Goalkeeper,1,start,end,1.0,0.0,0.0,0.0,0.0,0.0,0.0,2.0,2.0,9.0,0.0,0.0,0.0,0.0,
ESP-La Liga,2223,2023-03-19 Barcelona-Real Madrid,Barcelona,Marc-André ter Stegen,True,Goalkeeper,1,start,end,1.0,0.0,0.0,0.0,0.0,0.0,0.0,0.0,3.0,11.0,0.0,0.0,0.0,0.0,
ESP-La Liga,2223,2023-03-19 Barcelona-Real Madrid,Real Madrid,Thibaut Courtois,False,Goalkeeper,1,start,end,1.0,0.0,0.0,0.0,0.0,0.0,0.0,2.0,5.0,13.0,0.0,0.0,0.0,0.0,
ESP-La Liga,2223,2023-03-19 Getafe-Sevilla,Getafe,David Soria,True,Goalkeeper,1,start,end,1.0,0.0,0.0,0.0,0.0,0.0,0.0,0.0,4.0,12.0,0.0,0.0,0.0,0.0,
ESP-La Liga,2223,2023-03-19 Getafe-Sevilla,Sevilla,Yassine Bounou,False,Goalkeeper,1,start,end,1.0,0.0,0.0,0.0,0.0,0.0,0.0,2.0,2.0,13.0,0.0,0.0,0.0,0.0,
ESP-La Liga,2223,2023-03-19 Osasuna-Villarreal,Osasuna,Aitor Fernández,True,Goalkeeper,1,start,end,1.0,0.0,0.0,0.0,0.0,0.0,0.0,3.0,3.0,10.0,0.0,0.0,0.0,0.0,
ESP-La Liga,2223,2023-03-19 Osasuna-Villarreal,Villarreal,Pepe Reina,False,Goalkeeper,1,start,end,1.0,0.0,0.0,0.0,0.0,0.0,0.0,0.0,3.0,8.0,0.0,0.0,0.0,0.0,
ESP-La Liga,2223,2023-03-19 Real Betis-Mallorca,Mallorca,Predrag Rajkovic,False,Goalkeeper,1,start,end,1.0,0.0,0.0,0.0,0.0,0.0,0.0,1.0,2.0,8.0,0.0,0.0,0.0,0.0,
ESP-La Liga,2223,2023-03-19 Real Betis-Mallorca,Real Betis,Rui Silva,True,Goalkeeper,1,start,end,1.0,0.0,1.0,0.0,0.0,0.0,0.0,0.0,1.0,5.0,0.0,0.0,0.0,0.0,
ESP-La Liga,2223,2023-03-19 Real Sociedad-Elche,Elche,Edgar Badía,False,Goalkeeper,1,start,end,1.0,0.0,1.0,0.0,0.0,0.0,0.0,2.0,2.0,15.0,0.0,0.0,0.0,0.0,
ESP-La Liga,2223,2023-03-19 Real Sociedad-Elche,Real Sociedad,Álex Remiro,True,Goalkeeper,1,start,end,1.0,0.0,0.0,0.0,0.0,0.0,0.0,0.0,3.0,4.0,0.0,0.0,0.0,0.0,
ESP-La Liga,2223,2023-03-31 Mallorca-Osasuna,Mallorca,Predrag Rajkovic,True,Goalkeeper,1,start,end,1.0,0.0,0.0,0.0,0.0,0.0,0.0,0.0,2.0,10.0,0.0,0.0,0.0,0.0,
ESP-La Liga,2223,2023-03-31 Mallorca-Osasuna,Osasuna,Sergio Herrera,False,Goalkeeper,1,start,end,1.0,0.0,1.0,0.0,0.0,0.0,0.0,0.0,1.0,9.0,0.0,0.0,0.0,0.0,
ESP-La Liga,2223,2023-04-01 Athletic Club-Getafe,Athletic Club,Julen Agirrezabala,True,Goalkeeper,1,start,end,1.0,0.0,0.0,0.0,0.0,0.0,0.0,0.0,1.0,10.0,0.0,0.0,0.0,0.0,
ESP-La Liga,2223,2023-04-01 Athletic Club-Getafe,Getafe,David Soria,False,Goalkeeper,1,start,end,1.0,0.0,0.0,0.0,0.0,0.0,0.0,0.0,3.0,16.0,0.0,0.0,0.0,0.0,
ESP-La Liga,2223,2023-04-01 Cádiz-Sevilla,Cádiz,David Gil,True,Goalkeeper,1,start,end,1.0,0.0,0.0,0.0,0.0,0.0,0.0,2.0,3.0,9.0,0.0,0.0,0.0,0.0,
ESP-La Liga,2223,2023-04-01 Cádiz-Sevilla,Sevilla,Marko Dmitrovic,False,Goalkeeper,1,start,end,1.0,0.0,0.0,0.0,0.0,0.0,0.0,0.0,3.0,13.0,0.0,0.0,0.0,0.0,
ESP-La Liga,2223,2023-04-01 Elche-Barcelona,Barcelona,Marc-André ter Stegen,False,Goalkeeper,1,start,end,1.0,0.0,0.0,0.0,0.0,0.0,0.0,0.0,2.0,15.0,0.0,0.0,0.0,0.0,
ESP-La Liga,2223,2023-04-01 Elche-Barcelona,Elche,Edgar Badía,True,Goalkeeper,1,start,end,1.0,0.0,1.0,0.0,0.0,0.0,0.0,4.0,1.0,8.0,0.0,0.0,0.0,0.0,
ESP-La Liga,2223,2023-04-01 Girona-Espanyol,Espanyol,Fernando Pacheco,False,Goalkeeper,1,start,end,1.0,0.0,0.0,0.0,0.0,0.0,0.0,2.0,2.0,12.0,0.0,0.0,0.0,0.0,
ESP-La Liga,2223,2023-04-01 Girona-Espanyol,Girona,Paulo Gazzaniga,True,Goalkeeper,1,start,end,1.0,0.0,0.0,0.0,0.0,0.0,0.0,1.0,0.0,4.0,0.0,0.0,0.0,0.0,
ESP-La Liga,2223,2023-04-02 Atlético Madrid-Real Betis,Atlético Madrid,Jan Oblak,True,Goalkeeper,1,start,end,1.0,0.0,0.0,0.0,0.0,0.0,0.0,0.0,2.0,6.0,0.0,0.0,0.0,0.0,
ESP-La Liga,2223,2023-04-02 Atlético Madrid-Real Betis,Real Betis,Rui Silva,False,Goalkeeper,1,start,end,1.0,0.0,1.0,0.0,0.0,0.0,0.0,1.0,6.0,12.0,0.0,0.0,0.0,0.0,
ESP-La Liga,2223,2023-04-02 Celta Vigo-Almería,Almería,Fernando Martínez,False,Goalkeeper,1,start,end,1.0,0.0,1.0,0.0,0.0,0.0,1.0,2.0,3.0,18.0,0.0,0.0,0.0,0.0,
ESP-La Liga,2223,2023-04-02 Celta Vigo-Almería,Celta Vigo,Iván Villar,True,Goalkeeper,1,start,end,1.0,0.0,0.0,0.0,0.0,0.0,0.0,2.0,1.0,6.0,0.0,0.0,0.0,0.0,
ESP-La Liga,2223,2023-04-02 Real Madrid-Real Valladolid,Real Madrid,Thibaut Courtois,True,Goalkeeper,1,start,end,1.0,0.0,0.0,0.0,0.0,0.0,0.0,0.0,2.0,12.0,0.0,0.0,0.0,0.0,
ESP-La Liga,2223,2023-04-02 Real Madrid-Real Valladolid,Real Valladolid,Sergio Asenjo,False,Goalkeeper,1,start,end,1.0,0.0,0.0,0.0,0.0,0.0,0.0,6.0,12.0,22.0,0.0,0.0,0.0,0.0,
ESP-La Liga,2223,2023-04-02 Villarreal-Real Sociedad,Real Sociedad,Álex Remiro,False,Goalkeeper,1,start,end,1.0,0.0,1.0,0.0,0.0,0.0,0.0,2.0,2.0,13.0,0.0,0.0,0.0,0.0,
ESP-La Liga,2223,2023-04-02 Villarreal-Real Sociedad,Villarreal,Pepe Reina,True,Goalkeeper,1,start,end,1.0,0.0,0.0,0.0,0.0,0.0,1.0,0.0,3.0,15.0,0.0,0.0,0.0,0.0,
ESP-La Liga,2223,2023-04-03 Valencia-Rayo Vallecano,Rayo Vallecano,Stole Dimitrievski,False,Goalkeeper,1,start,end,1.0,0.0,0.0,0.0,0.0,0.0,0.0,1.0,3.0,17.0,0.0,0.0,0.0,0.0,
ESP-La Liga,2223,2023-04-03 Valencia-Rayo Vallecano,Valencia,Giorgi Mamardashvili,True,Goalkeeper,1,start,end,1.0,0.0,0.0,0.0,0.0,0.0,0.0,1.0,1.0,6.0,0.0,0.0,0.0,0.0,
ESP-La Liga,2223,2023-04-07 Sevilla-Celta Vigo,Celta Vigo,Iván Villar,False,Goalkeeper,1,start,end,1.0,0.0,0.0,0.0,0.0,0.0,0.0,2.0,0.0,5.0,0.0,0.0,0.0,0.0,
ESP-La Liga,2223,2023-04-07 Sevilla-Celta Vigo,Sevilla,Marko Dmitrovic,True,Goalkeeper,1,start,end,1.0,0.0,0.0,0.0,0.0,0.0,0.0,2.0,2.0,7.0,0.0,0.0,0.0,0.0,
ESP-La Liga,2223,2023-04-08 Espanyol-Athletic Club,Athletic Club,Unai Simón,False,Goalkeeper,1,start,end,1.0,0.0,0.0,0.0,0.0,0.0,1.0,1.0,1.0,8.0,0.0,0.0,0.0,0.0,
ESP-La Liga,2223,2023-04-08 Espanyol-Athletic Club,Espanyol,Fernando Pacheco,True,Goalkeeper,1,start,end,1.0,0.0,0.0,0.0,0.0,0.0,0.0,2.0,5.0,10.0,0.0,0.0,0.0,0.0,
ESP-La Liga,2223,2023-04-08 Osasuna-Elche,Elche,Edgar Badía,False,Goalkeeper,1,start,end,1.0,0.0,0.0,0.0,0.0,0.0,0.0,2.0,4.0,21.0,0.0,0.0,0.0,0.0,
ESP-La Liga,2223,2023-04-08 Osasuna-Elche,Osasuna,Aitor Fernández,True,Goalkeeper,1,start,end,1.0,0.0,0.0,0.0,0.0,0.0,0.0,1.0,0.0,6.0,0.0,0.0,0.0,0.0,
ESP-La Liga,2223,2023-04-08 Real Madrid-Villarreal,Real Madrid,Thibaut Courtois,True,Goalkeeper,1,start,end,1.0,0.0,0.0,0.0,0.0,0.0,0.0,3.0,5.0,14.0,0.0,0.0,0.0,0.0,
ESP-La Liga,2223,2023-04-08 Real Madrid-Villarreal,Villarreal,Pepe Reina,False,Goalkeeper,1,start,end,1.0,0.0,0.0,0.0,0.0,0.0,0.0,1.0,3.0,17.0,0.0,0.0,0.0,0.0,
ESP-La Liga,2223,2023-04-08 Real Sociedad-Getafe,Getafe,David Soria,False,Goalkeeper,1,start,end,1.0,0.0,0.0,0.0,0.0,0.0,0.0,2.0,3.0,8.0,0.0,0.0,0.0,0.0,
ESP-La Liga,2223,2023-04-08 Real Sociedad-Getafe,Real Sociedad,Álex Remiro,True,Goalkeeper,1,start,end,1.0,0.0,0.0,0.0,0.0,0.0,0.0,0.0,4.0,6.0,0.0,0.0,0.0,0.0,
ESP-La Liga,2223,2023-04-09 Almería-Valencia,Almería,Fernando Martínez,True,Goalkeeper,1,start,end,1.0,0.0,0.0,0.0,0.0,0.0,0.0,1.0,2.0,10.0,0.0,0.0,0.0,0.0,
ESP-La Liga,2223,2023-04-09 Almería-Valencia,Valencia,Giorgi Mamardashvili,False,Goalkeeper,1,start,end,1.0,0.0,0.0,0.0,0.0,0.0,0.0,2.0,2.0,8.0,0.0,0.0,0.0,0.0,
ESP-La Liga,2223,2023-04-09 Rayo Vallecano-Atlético Madrid,Atlético Madrid,Jan Oblak,False,Goalkeeper,1,start,end,1.0,0.0,0.0,0.0,0.0,0.0,0.0,1.0,3.0,14.0,0.0,0.0,0.0,0.0,
ESP-La Liga,2223,2023-04-09 Rayo Vallecano-Atlético Madrid,Rayo Vallecano,Stole Dimitrievski,True,Goalkeeper,1,start,end,1.0,0.0,1.0,0.0,0.0,0.0,0.0,2.0,2.0,12.0,0.0,0.0,0.0,0.0,
ESP-La Liga,2223,2023-04-09 Real Betis-Cádiz,Cádiz,David Gil,False,Goalkeeper,1,start,end,1.0,0.0,0.0,0.0,0.0,0.0,0.0,0.0,2.0,9.0,0.0,0.0,0.0,0.0,
ESP-La Liga,2223,2023-04-09 Real Betis-Cádiz,Real Betis,Rui Silva,True,Goalkeeper,1,start,end,1.0,0.0,0.0,0.0,0.0,0.0,0.0,2.0,2.0,14.0,0.0,0.0,0.0,0.0,
ESP-La Liga,2223,2023-04-09 Real Valladolid-Mallorca,Mallorca,Predrag Rajkovic,False,Goalkeeper,1,start,end,1.0,0.0,0.0,0.0,0.0,0.0,0.0,3.0,3.0,7.0,0.0,0.0,0.0,0.0,
ESP-La Liga,2223,2023-04-09 Real Valladolid-Mallorca,Real Valladolid,Jordi Masip,True,Goalkeeper,1,start,end,1.0,0.0,0.0,0.0,0.0,0.0,0.0,3.0,3.0,11.0,0.0,0.0,0.0,0.0,
ESP-La Liga,2223,2023-04-10 Barcelona-Girona,Barcelona,Marc-André ter Stegen,True,Goalkeeper,1,start,end,1.0,0.0,0.0,0.0,0.0,0.0,0.0,0.0,0.0,5.0,0.0,0.0,0.0,0.0,
ESP-La Liga,2223,2023-04-10 Barcelona-Girona,Girona,Paulo Gazzaniga,False,Goalkeeper,1,start,end,1.0,0.0,0.0,0.0,0.0,0.0,0.0,0.0,4.0,18.0,0.0,0.0,0.0,0.0,
ESP-La Liga,2223,2023-04-14 Rayo Vallecano-Osasuna,Osasuna,Aitor Fernández,False,Goalkeeper,1,start,end,1.0,0.0,0.0,0.0,0.0,0.0,0.0,1.0,2.0,11.0,0.0,0.0,0.0,0.0,
ESP-La Liga,2223,2023-04-14 Rayo Vallecano-Osasuna,Rayo Vallecano,Stole Dimitrievski,True,Goalkeeper,1,start,end,1.0,0.0,0.0,0.0,0.0,0.0,0.0,1.0,3.0,7.0,0.0,0.0,0.0,0.0,
ESP-La Liga,2223,2023-04-15 Athletic Club-Real Sociedad,Athletic Club,Unai Simón,True,Goalkeeper,1,start,end,1.0,0.0,0.0,0.0,0.0,0.0,0.0,0.0,4.0,13.0,0.0,0.0,0.0,0.0,
ESP-La Liga,2223,2023-04-15 Athletic Club-Real Sociedad,Real Sociedad,Álex Remiro,False,Goalkeeper,1,start,end,1.0,0.0,0.0,0.0,0.0,0.0,0.0,2.0,3.0,11.0,0.0,0.0,0.0,0.0,
ESP-La Liga,2223,2023-04-15 Cádiz-Real Madrid,Cádiz,David Gil,True,Goalkeeper,1,start,end,1.0,0.0,0.0,0.0,0.0,0.0,0.0,2.0,10.0,32.0,0.0,0.0,0.0,0.0,
ESP-La Liga,2223,2023-04-15 Cádiz-Real Madrid,Real Madrid,Thibaut Courtois,False,Goalkeeper,1,start,end,1.0,0.0,0.0,0.0,0.0,0.0,0.0,0.0,3.0,12.0,0.0,0.0,0.0,0.0,
ESP-La Liga,2223,2023-04-15 Real Betis-Espanyol,Espanyol,Fernando Pacheco,False,Goalkeeper,1,start,end,1.0,0.0,0.0,0.0,0.0,0.0,0.0,3.0,5.0,11.0,0.0,0.0,0.0,0.0,
ESP-La Liga,2223,2023-04-15 Real Betis-Espanyol,Real Betis,Rui Silva,True,Goalkeeper,1,start,end,1.0,0.0,0.0,0.0,0.0,0.0,0.0,1.0,3.0,12.0,0.0,0.0,0.0,0.0,
ESP-La Liga,2223,2023-04-15 Villarreal-Real Valladolid,Real Valladolid,Jordi Masip,False,Goalkeeper,1,start,end,1.0,0.0,0.0,0.0,0.0,0.0,1.0,1.0,6.0,21.0,0.0,0.0,0.0,0.0,
ESP-La Liga,2223,2023-04-15 Villarreal-Real Valladolid,Villarreal,Pepe Reina,True,Goalkeeper,1,start,end,1.0,0.0,0.0,0.0,0.0,0.0,0.0,2.0,5.0,12.0,0.0,0.0,0.0,0.0,
ESP-La Liga,2223,2023-04-16 Atlético Madrid-Almería,Almería,Fernando Martínez,False,Goalkeeper,1,start,end,1.0,0.0,0.0,0.0,0.0,0.0,0.0,2.0,5.0,17.0,0.0,0.0,0.0,0.0,
ESP-La Liga,2223,2023-04-16 Atlético Madrid-Almería,Atlético Madrid,Jan Oblak,True,Goalkeeper,1,start,end,1.0,0.0,0.0,0.0,0.0,0.0,0.0,1.0,0.0,2.0,0.0,0.0,0.0,0.0,
ESP-La Liga,2223,2023-04-16 Getafe-Barcelona,Barcelona,Marc-André ter Stegen,False,Goalkeeper,1,start,end,1.0,0.0,0.0,0.0,0.0,0.0,0.0,0.0,1.0,5.0,0.0,0.0,0.0,0.0,
ESP-La Liga,2223,2023-04-16 Getafe-Barcelona,Getafe,David Soria,True,Goalkeeper,1,start,end,1.0,0.0,0.0,0.0,0.0,0.0,0.0,0.0,3.0,15.0,0.0,0.0,0.0,0.0,
ESP-La Liga,2223,2023-04-16 Girona-Elche,Elche,Axel Werner,False,Goalkeeper,1,start,end,1.0,0.0,0.0,0.0,0.0,0.0,0.0,2.0,3.0,12.0,0.0,0.0,0.0,0.0,
ESP-La Liga,2223,2023-04-16 Girona-Elche,Girona,Paulo Gazzaniga,True,Goalkeeper,1,start,end,1.0,0.0,0.0,0.0,0.0,0.0,0.0,0.0,5.0,13.0,0.0,0.0,0.0,0.0,
ESP-La Liga,2223,2023-04-16 Valencia-Sevilla,Sevilla,Marko Dmitrovic,False,Goalkeeper,1,start,end,1.0,0.0,0.0,0.0,0.0,0.0,0.0,0.0,3.0,14.0,0.0,0.0,0.0,0.0,
ESP-La Liga,2223,2023-04-16 Valencia-Sevilla,Valencia,Giorgi Mamardashvili,True,Goalkeeper,1,start,end,1.0,0.0,0.0,0.0,0.0,0.0,0.0,2.0,1.0,4.0,0.0,0.0,0.0,0.0,
ESP-La Liga,2223,2023-04-17 Celta Vigo-Mallorca,Celta Vigo,Iván Villar,True,Goalkeeper,1,start,end,1.0,0.0,0.0,0.0,0.0,0.0,0.0,1.0,1.0,7.0,0.0,0.0,0.0,0.0,
ESP-La Liga,2223,2023-04-17 Celta Vigo-Mallorca,Mallorca,Predrag Rajkovic,False,Goalkeeper,1,start,end,1.0,0.0,0.0,0.0,0.0,0.0,0.0,0.0,3.0,12.0,0.0,0.0,0.0,0.0,
ESP-La Liga,2223,2023-04-21 Espanyol-Cádiz,Cádiz,Jeremias Ledesma,False,Goalkeeper,1,start,end,1.0,0.0,0.0,0.0,0.0,0.0,0.0,0.0,5.0,13.0,0.0,0.0,0.0,0.0,
ESP-La Liga,2223,2023-04-21 Espanyol-Cádiz,Espanyol,Fernando Pacheco,True,Goalkeeper,1,start,end,1.0,0.0,0.0,0.0,0.0,0.0,0.0,0.0,2.0,11.0,0.0,0.0,0.0,0.0,
ESP-La Liga,2223,2023-04-22 Almería-Athletic Club,Almería,Fernando Martínez,True,Goalkeeper,1,start,end,1.0,0.0,0.0,0.0,0.0,0.0,0.0,2.0,1.0,12.0,0.0,0.0,0.0,0.0,
ESP-La Liga,2223,2023-04-22 Almería-Athletic Club,Athletic Club,Unai Simón,False,Goalkeeper,1,start,end,1.0,0.0,0.0,0.0,0.0,0.0,0.0,1.0,3.0,11.0,0.0,0.0,0.0,0.0,
ESP-La Liga,2223,2023-04-22 Osasuna-Real Betis,Osasuna,Sergio Herrera,True,Goalkeeper,1,start,end,1.0,0.0,0.0,0.0,0.0,0.0,0.0,2.0,4.0,19.0,0.0,0.0,0.0,0.0,
ESP-La Liga,2223,2023-04-22 Osasuna-Real Betis,Real Betis,Rui Silva,False,Goalkeeper,1,start,end,1.0,0.0,0.0,0.0,0.0,0.0,0.0,3.0,2.0,7.0,0.0,0.0,0.0,0.0,
ESP-La Liga,2223,2023-04-22 Real Madrid-Celta Vigo,Celta Vigo,Iván Villar,False,Goalkeeper,1,start,end,1.0,0.0,0.0,0.0,0.0,0.0,0.0,2.0,3.0,15.0,0.0,0.0,0.0,0.0,
ESP-La Liga,2223,2023-04-22 Real Madrid-Celta Vigo,Real Madrid,Thibaut Courtois,True,Goalkeeper,1,start,end,1.0,0.0,0.0,0.0,0.0,0.0,0.0,0.0,2.0,10.0,0.0,0.0,0.0,0.0,
ESP-La Liga,2223,2023-04-22 Real Sociedad-Rayo Vallecano,Rayo Vallecano,Stole Dimitrievski,False,Goalkeeper,1,start,end,1.0,0.0,0.0,0.0,0.0,0.0,0.0,2.0,0.0,6.0,0.0,0.0,0.0,0.0,
ESP-La Liga,2223,2023-04-22 Real Sociedad-Rayo Vallecano,Real Sociedad,Álex Remiro,True,Goalkeeper,1,start,end,1.0,0.0,1.0,0.0,0.0,0.0,0.0,1.0,1.0,6.0,0.0,0.0,0.0,0.0,
ESP-La Liga,2223,2023-04-22 Real Valladolid-Girona,Girona,Paulo Gazzaniga,False,Goalkeeper,1,start,end,1.0,0.0,1.0,0.0,0.0,0.0,0.0,1.0,5.0,14.0,0.0,0.0,0.0,0.0,
ESP-La Liga,2223,2023-04-22 Real Valladolid-Girona,Real Valladolid,Jordi Masip,True,Goalkeeper,1,start,end,1.0,0.0,1.0,0.0,0.0,0.0,0.0,0.0,6.0,12.0,0.0,0.0,0.0,0.0,
ESP-La Liga,2223,2023-04-23 Barcelona-Atlético Madrid,Atlético Madrid,Jan Oblak,False,Goalkeeper,1,start,end,1.0,0.0,0.0,0.0,0.0,0.0,0.0,1.0,3.0,12.0,0.0,0.0,0.0,0.0,
ESP-La Liga,2223,2023-04-23 Barcelona-Atlético Madrid,Barcelona,Marc-André ter Stegen,True,Goalkeeper,1,start,end,1.0,0.0,0.0,0.0,0.0,0.0,0.0,0.0,3.0,13.0,0.0,0.0,0.0,0.0,
ESP-La Liga,2223,2023-04-23 Elche-Valencia,Elche,Edgar Badía,True,Goalkeeper,1,start,end,1.0,0.0,0.0,0.0,0.0,0.0,0.0,1.0,2.0,4.0,0.0,0.0,0.0,0.0,
ESP-La Liga,2223,2023-04-23 Elche-Valencia,Valencia,Giorgi Mamardashvili,False,Goalkeeper,1,start,end,1.0,0.0,0.0,0.0,0.0,0.0,0.0,0.0,1.0,8.0,0.0,0.0,0.0,0.0,
ESP-La Liga,2223,2023-04-23 Mallorca-Getafe,Getafe,David Soria,False,Goalkeeper,1,start,end,1.0,0.0,0.0,0.0,0.0,0.0,0.0,3.0,1.0,5.0,0.0,0.0,0.0,0.0,
ESP-La Liga,2223,2023-04-23 Mallorca-Getafe,Mallorca,Predrag Rajkovic,True,Goalkeeper,1,start,end,1.0,0.0,0.0,0.0,0.0,0.0,0.0,1.0,0.0,1.0,0.0,0.0,0.0,0.0,
ESP-La Liga,2223,2023-04-23 Sevilla-Villarreal,Sevilla,Marko Dmitrovic,True,Goalkeeper,1,start,end,1.0,0.0,0.0,0.0,0.0,0.0,0.0,1.0,4.0,16.0,0.0,0.0,0.0,0.0,
ESP-La Liga,2223,2023-04-23 Sevilla-Villarreal,Villarreal,Pepe Reina,False,Goalkeeper,1,start,end,1.0,0.0,0.0,0.0,0.0,0.0,0.0,2.0,2.0,16.0,0.0,0.0,0.0,0.0,
ESP-La Liga,2223,2023-04-25 Cádiz-Osasuna,Cádiz,Jeremias Ledesma,True,Goalkeeper,1,start,end,1.0,0.0,0.0,0.0,0.0,0.0,0.0,1.0,3.0,5.0,0.0,0.0,0.0,1.0,
ESP-La Liga,2223,2023-04-25 Cádiz-Osasuna,Osasuna,Aitor Fernández,False,Goalkeeper,1,start,end,1.0,0.0,0.0,0.0,0.0,0.0,0.0,0.0,4.0,20.0,0.0,0.0,0.0,0.0,
ESP-La Liga,2223,2023-04-25 Girona-Real Madrid,Girona,Paulo Gazzaniga,True,Goalkeeper,1,start,end,1.0,0.0,0.0,0.0,0.0,0.0,0.0,2.0,1.0,14.0,0.0,0.0,0.0,0.0,
ESP-La Liga,2223,2023-04-25 Girona-Real Madrid,Real Madrid,Andriy Lunin,False,Goalkeeper,1,start,end,1.0,0.0,0.0,0.0,0.0,0.0,0.0,4.0,1.0,9.0,0.0,0.0,0.0,0.0,
ESP-La Liga,2223,2023-04-25 Real Betis-Real Sociedad,Real Betis,Rui Silva,True,Goalkeeper,1,start,end,1.0,0.0,0.0,0.0,0.0,0.0,0.0,0.0,3.0,10.0,0.0,0.0,0.0,0.0,
ESP-La Liga,2223,2023-04-25 Real Betis-Real Sociedad,Real Sociedad,Álex Remiro,False,Goalkeeper,1,start,end,1.0,0.0,1.0,0.0,0.0,0.0,0.0,0.0,1.0,11.0,0.0,0.0,0.0,0.0,
ESP-La Liga,2223,2023-04-26 Atlético Madrid-Mallorca,Atlético Madrid,Ivo Grbic,True,Goalkeeper,1,start,end,1.0,0.0,0.0,0.0,0.0,0.0,0.0,1.0,1.0,5.0,0.0,0.0,0.0,0.0,
ESP-La Liga,2223,2023-04-26 Atlético Madrid-Mallorca,Mallorca,Predrag Rajkovic,False,Goalkeeper,1,start,end,1.0,0.0,0.0,0.0,0.0,0.0,0.0,3.0,6.0,20.0,0.0,0.0,0.0,0.0,
ESP-La Liga,2223,2023-04-26 Celta Vigo-Elche,Celta Vigo,Iván Villar,True,Goalkeeper,1,start,end,1.0,0.0,0.0,0.0,0.0,0.0,0.0,0.0,1.0,12.0,0.0,0.0,0.0,0.0,
ESP-La Liga,2223,2023-04-26 Celta Vigo-Elche,Elche,Edgar Badía,False,Goalkeeper,1,start,end,1.0,0.0,0.0,0.0,0.0,0.0,0.0,1.0,8.0,15.0,0.0,0.0,0.0,0.0,
ESP-La Liga,2223,2023-04-26 Getafe-Almería,Almería,Fernando Martínez,False,Goalkeeper,1,start,end,1.0,0.0,1.0,0.0,0.0,0.0,0.0,1.0,8.0,17.0,0.0,0.0,0.0,0.0,
ESP-La Liga,2223,2023-04-26 Getafe-Almería,Getafe,David Soria,True,Goalkeeper,1,start,end,1.0,0.0,0.0,0.0,0.0,0.0,0.0,2.0,9.0,21.0,0.0,0.0,0.0,0.0,
ESP-La Liga,2223,2023-04-26 Rayo Vallecano-Barcelona,Barcelona,Marc-André ter Stegen,False,Goalkeeper,1,start,end,1.0,0.0,0.0,0.0,0.0,0.0,0.0,2.0,4.0,7.0,0.0,0.0,0.0,0.0,
ESP-La Liga,2223,2023-04-26 Rayo Vallecano-Barcelona,Rayo Vallecano,Stole Dimitrievski,True,Goalkeeper,1,start,end,1.0,0.0,0.0,0.0,0.0,0.0,1.0,1.0,4.0,8.0,0.0,0.0,0.0,0.0,
ESP-La Liga,2223,2023-04-27 Athletic Club-Sevilla,Athletic Club,Unai Simón,True,Goalkeeper,1,start,end,1.0,0.0,0.0,0.0,0.0,0.0,0.0,1.0,0.0,3.0,0.0,0.0,0.0,0.0,
ESP-La Liga,2223,2023-04-27 Athletic Club-Sevilla,Sevilla,Marko Dmitrovic,False,Goalkeeper,1,start,end,1.0,0.0,0.0,0.0,0.0,0.0,0.0,0.0,0.0,6.0,0.0,0.0,0.0,0.0,
ESP-La Liga,2223,2023-04-27 Valencia-Real Valladolid,Real Valladolid,Jordi Masip,False,Goalkeeper,1,start,end,1.0,0.0,0.0,0.0,0.0,0.0,1.0,2.0,4.0,16.0,0.0,0.0,0.0,0.0,
ESP-La Liga,2223,2023-04-27 Valencia-Real Valladolid,Valencia,Giorgi Mamardashvili,True,Goalkeeper,1,start,end,1.0,0.0,0.0,0.0,0.0,0.0,0.0,1.0,1.0,8.0,0.0,0.0,0.0,0.0,
ESP-La Liga,2223,2023-04-27 Villarreal-Espanyol,Espanyol,Fernando Pacheco,False,Goalkeeper,1,start,end,1.0,0.0,1.0,0.0,0.0,0.0,0.0,4.0,9.0,26.0,0.0,0.0,0.0,0.0,
ESP-La Liga,2223,2023-04-27 Villarreal-Espanyol,Villarreal,Pepe Reina,True,Goalkeeper,1,start,end,1.0,0.0,0.0,0.0,0.0,0.0,0.0,2.0,2.0,11.0,0.0,0.0,0.0,0.0,
ESP-La Liga,2223,2023-04-28 Osasuna-Real Sociedad,Osasuna,Sergio Herrera,True,Goalkeeper,1,start,end,1.0,0.0,1.0,1.0,0.0,0.0,0.0,1.0,7.0,11.0,0.0,1.0,0.0,1.0,
ESP-La Liga,2223,2023-04-28 Osasuna-Real Sociedad,Real Sociedad,Álex Remiro,False,Goalkeeper,1,start,end,1.0,0.0,0.0,0.0,0.0,0.0,0.0,0.0,1.0,13.0,0.0,0.0,0.0,0.0,
ESP-La Liga,2223,2023-04-29 Barcelona-Real Betis,Barcelona,Marc-André ter Stegen,True,Goalkeeper,1,start,end,1.0,0.0,0.0,0.0,0.0,0.0,0.0,0.0,1.0,4.0,0.0,0.0,0.0,0.0,
ESP-La Liga,2223,2023-04-29 Barcelona-Real Betis,Real Betis,Rui Silva,False,Goalkeeper,1,start,end,1.0,0.0,0.0,0.0,0.0,0.0,0.0,3.0,4.0,13.0,0.0,0.0,0.0,0.0,
ESP-La Liga,2223,2023-04-29 Elche-Rayo Vallecano,Elche,Edgar Badía,True,Goalkeeper,1,start,end,1.0,0.0,1.0,0.0,0.0,0.0,0.0,0.0,2.0,14.0,0.0,0.0,0.0,0.0,
ESP-La Liga,2223,2023-04-29 Elche-Rayo Vallecano,Rayo Vallecano,Stole Dimitrievski,False,Goalkeeper,1,start,end,1.0,0.0,0.0,0.0,0.0,0.0,0.0,4.0,5.0,14.0,0.0,0.0,0.0,0.0,
ESP-La Liga,2223,2023-04-29 Real Madrid-Almería,Almería,Fernando Martínez,False,Goalkeeper,1,start,end,1.0,0.0,0.0,0.0,0.0,0.0,0.0,4.0,4.0,11.0,0.0,0.0,0.0,0.0,
ESP-La Liga,2223,2023-04-29 Real Madrid-Almería,Real Madrid,Thibaut Courtois,True,Goalkeeper,1,start,end,1.0,0.0,0.0,0.0,0.0,0.0,0.0,2.0,1.0,7.0,0.0,0.0,0.0,0.0,
ESP-La Liga,2223,2023-04-30 Cádiz-Valencia,Cádiz,Jeremias Ledesma,True,Goalkeeper,1,start,end,1.0,0.0,1.0,0.0,0.0,0.0,1.0,1.0,2.0,14.0,0.0,0.0,0.0,0.0,
ESP-La Liga,2223,2023-04-30 Cádiz-Valencia,Valencia,Giorgi Mamardashvili,False,Goalkeeper,1,start,end,1.0,0.0,0.0,0.0,0.0,0.0,0.0,2.0,1.0,6.0,0.0,0.0,0.0,0.0,
ESP-La Liga,2223,2023-04-30 Espanyol-Getafe,Espanyol,Fernando Pacheco,True,Goalkeeper,1,start,end,1.0,0.0,2.0,0.0,0.0,0.0,0.0,0.0,2.0,8.0,0.0,0.0,0.0,0.0,
ESP-La Liga,2223,2023-04-30 Espanyol-Getafe,Getafe,David Soria,False,Goalkeeper,1,start,end,1.0,0.0,1.0,0.0,0.0,0.0,0.0,1.0,7.0,14.0,0.0,0.0,0.0,0.0,
ESP-La Liga,2223,2023-04-30 Real Valladolid-Atlético Madrid,Atlético Madrid,Ivo Grbic,False,Goalkeeper,1,start,end,1.0,0.0,0.0,0.0,0.0,0.0,0.0,2.0,4.0,15.0,0.0,0.0,0.0,0.0,
ESP-La Liga,2223,2023-04-30 Real Valladolid-Atlético Madrid,Real Valladolid,Jordi Masip,True,Goalkeeper,1,start,end,1.0,0.0,0.0,0.0,0.0,0.0,0.0,4.0,1.0,5.0,0.0,0.0,0.0,0.0,
ESP-La Liga,2223,2023-04-30 Villarreal-Celta Vigo,Celta Vigo,Iván Villar,False,Goalkeeper,1,start,end,1.0,0.0,0.0,0.0,0.0,0.0,0.0,3.0,0.0,5.0,0.0,0.0,0.0,0.0,
ESP-La Liga,2223,2023-04-30 Villarreal-Celta Vigo,Villarreal,Pepe Reina,True,Goalkeeper,1,start,end,1.0,0.0,0.0,0.0,0.0,0.0,0.0,1.0,5.0,12.0,0.0,0.0,0.0,0.0,
ESP-La Liga,2223,2023-05-01 Mallorca-Athletic Club,Athletic Club,Julen Agirrezabala,False,Goalkeeper,1,start,end,1.0,0.0,0.0,0.0,0.0,0.0,0.0,1.0,1.0,8.0,0.0,0.0,0.0,0.0,
ESP-La Liga,2223,2023-05-01 Mallorca-Athletic Club,Mallorca,Predrag Rajkovic,True,Goalkeeper,1,start,end,1.0,0.0,0.0,0.0,0.0,0.0,0.0,1.0,5.0,12.0,0.0,0.0,0.0,0.0,
ESP-La Liga,2223,2023-05-01 Sevilla-Girona,Girona,Paulo Gazzaniga,False,Goalkeeper,1,start,end,1.0,0.0,0.0,0.0,0.0,0.0,0.0,0.0,6.0,22.0,0.0,0.0,0.0,0.0,
ESP-La Liga,2223,2023-05-01 Sevilla-Girona,Sevilla,Marko Dmitrovic,True,Goalkeeper,1,start,end,1.0,0.0,0.0,0.0,0.0,0.0,0.0,2.0,1.0,6.0,0.0,0.0,0.0,0.0,
ESP-La Liga,2223,2023-05-02 Almería-Elche,Almería,Fernando Martínez,True,Goalkeeper,1,start,end,1.0,0.0,0.0,0.0,0.0,0.0,0.0,1.0,0.0,15.0,0.0,0.0,0.0,0.0,
ESP-La Liga,2223,2023-05-02 Almería-Elche,Elche,Axel Werner,False,Goalkeeper,1,start,end,1.0,0.0,0.0,0.0,0.0,0.0,0.0,2.0,2.0,8.0,0.0,0.0,0.0,0.0,
ESP-La Liga,2223,2023-05-02 Barcelona-Osasuna,Barcelona,Marc-André ter Stegen,True,Goalkeeper,1,start,end,1.0,0.0,0.0,0.0,0.0,0.0,0.0,0.0,2.0,6.0,0.0,0.0,0.0,0.0,
ESP-La Liga,2223,2023-05-02 Barcelona-Osasuna,Osasuna,Aitor Fernández,False,Goalkeeper,1,start,end,1.0,0.0,0.0,0.0,0.0,0.0,0.0,1.0,3.0,20.0,0.0,0.0,0.0,0.0,
ESP-La Liga,2223,2023-05-02 Real Sociedad-Real Madrid,Real Madrid,Thibaut Courtois,False,Goalkeeper,1,start,end,1.0,0.0,0.0,0.0,0.0,0.0,0.0,2.0,2.0,7.0,0.0,0.0,0.0,0.0,
ESP-La Liga,2223,2023-05-02 Real Sociedad-Real Madrid,Real Sociedad,Álex Remiro,True,Goalkeeper,1,start,end,1.0,0.0,0.0,0.0,0.0,0.0,0.0,0.0,4.0,10.0,0.0,0.0,0.0,0.0,
ESP-La Liga,2223,2023-05-03 Atlético Madrid-Cádiz,Atlético Madrid,Ivo Grbic,True,Goalkeeper,1,start,end,1.0,0.0,0.0,0.0,0.0,0.0,0.0,1.0,0.0,1.0,0.0,0.0,0.0,0.0,
ESP-La Liga,2223,2023-05-03 Atlético Madrid-Cádiz,Cádiz,Jeremias Ledesma,False,Goalkeeper,1,start,end,1.0,0.0,0.0,0.0,0.0,0.0,0.0,5.0,3.0,13.0,0.0,0.0,0.0,0.0,
ESP-La Liga,2223,2023-05-03 Getafe-Celta Vigo,Celta Vigo,Iván Villar,False,Goalkeeper,1,start,end,1.0,0.0,0.0,0.0,0.0,0.0,0.0,1.0,3.0,13.0,0.0,0.0,0.0,0.0,
ESP-La Liga,2223,2023-05-03 Getafe-Celta Vigo,Getafe,David Soria,True,Goalkeeper,1,start,end,1.0,0.0,0.0,0.0,0.0,0.0,0.0,0.0,1.0,7.0,0.0,0.0,0.0,0.0,
ESP-La Liga,2223,2023-05-03 Valencia-Villarreal,Valencia,Giorgi Mamardashvili,True,Goalkeeper,1,start,end,1.0,0.0,0.0,0.0,0.0,0.0,0.0,1.0,3.0,10.0,0.0,0.0,0.0,0.0,
ESP-La Liga,2223,2023-05-03 Valencia-Villarreal,Villarreal,Pepe Reina,False,Goalkeeper,1,start,end,1.0,0.0,0.0,0.0,0.0,0.0,0.0,1.0,0.0,7.0,0.0,0.0,0.0,0.0,
ESP-La Liga,2223,2023-05-04 Athletic Club-Real Betis,Athletic Club,Unai Simón,True,Goalkeeper,1,start,end,1.0,0.0,0.0,0.0,0.0,0.0,0.0,1.0,1.0,11.0,0.0,0.0,0.0,0.0,
ESP-La Liga,2223,2023-05-04 Athletic Club-Real Betis,Real Betis,Claudio Bravo,False,Goalkeeper,1,start,end,1.0,0.0,0.0,0.0,0.0,0.0,0.0,0.0,7.0,20.0,0.0,0.0,0.0,0.0,
ESP-La Liga,2223,2023-05-04 Girona-Mallorca,Girona,Paulo Gazzaniga,True,Goalkeeper,1,start,end,1.0,0.0,0.0,0.0,0.0,0.0,0.0,1.0,1.0,7.0,0.0,0.0,0.0,0.0,
ESP-La Liga,2223,2023-05-04 Girona-Mallorca,Mallorca,Predrag Rajkovic,False,Goalkeeper,1,start,end,1.0,0.0,0.0,0.0,0.0,0.0,0.0,2.0,5.0,13.0,0.0,0.0,0.0,0.0,
ESP-La Liga,2223,2023-05-04 Rayo Vallecano-Real Valladolid,Rayo Vallecano,Stole Dimitrievski,True,Goalkeeper,1,start,end,1.0,0.0,0.0,0.0,0.0,0.0,0.0,1.0,3.0,6.0,0.0,0.0,0.0,0.0,
ESP-La Liga,2223,2023-05-04 Rayo Vallecano-Real Valladolid,Real Valladolid,Jordi Masip,False,Goalkeeper,1,start,end,1.0,0.0,0.0,0.0,0.0,0.0,0.0,2.0,4.0,13.0,0.0,0.0,0.0,0.0,
ESP-La Liga,2223,2023-05-04 Sevilla-Espanyol,Espanyol,Fernando Pacheco,False,Goalkeeper,1,start,end,1.0,0.0,0.0,0.0,0.0,0.0,0.0,3.0,3.0,15.0,0.0,0.0,0.0,0.0,
ESP-La Liga,2223,2023-05-04 Sevilla-Espanyol,Sevilla,Marko Dmitrovic,True,Goalkeeper,1,start,end,1.0,0.0,0.0,0.0,0.0,0.0,0.0,1.0,2.0,6.0,0.0,0.0,0.0,0.0,
ESP-La Liga,2223,2023-05-12 Mallorca-Cádiz,Cádiz,Jeremias Ledesma,False,Goalkeeper,1,start,end,1.0,0.0,1.0,0.0,0.0,0.0,0.0,1.0,2.0,6.0,0.0,0.0,0.0,0.0,
ESP-La Liga,2223,2023-05-12 Mallorca-Cádiz,Mallorca,Predrag Rajkovic,True,Goalkeeper,1,start,end,1.0,0.0,0.0,0.0,0.0,0.0,0.0,0.0,4.0,13.0,0.0,0.0,0.0,0.0,
ESP-La Liga,2223,2023-05-13 Osasuna-Almería,Almería,Fernando Martínez,False,Goalkeeper,1,start,end,1.0,0.0,0.0,0.0,0.0,0.0,0.0,3.0,4.0,15.0,0.0,0.0,0.0,0.0,
ESP-La Liga,2223,2023-05-13 Osasuna-Almería,Osasuna,Aitor Fernández,True,Goalkeeper,1,start,end,1.0,0.0,0.0,0.0,0.0,0.0,0.0,1.0,2.0,7.0,0.0,0.0,0.0,0.0,
ESP-La Liga,2223,2023-05-13 Real Madrid-Getafe,Getafe,David Soria,False,Goalkeeper,1,start,end,1.0,0.0,0.0,0.0,0.0,0.0,0.0,1.0,2.0,15.0,0.0,0.0,0.0,0.0,
ESP-La Liga,2223,2023-05-13 Real Madrid-Getafe,Real Madrid,Thibaut Courtois,True,Goalkeeper,1,start,end,1.0,0.0,0.0,0.0,0.0,0.0,0.0,0.0,2.0,9.0,0.0,0.0,0.0,0.0,
ESP-La Liga,2223,2023-05-13 Real Sociedad-Girona,Girona,Paulo Gazzaniga,False,Goalkeeper,1,start,end,1.0,0.0,0.0,0.0,0.0,0.0,0.0,2.0,5.0,16.0,0.0,0.0,0.0,0.0,
ESP-La Liga,2223,2023-05-13 Real Sociedad-Girona,Real Sociedad,Álex Remiro,True,Goalkeeper,1,start,end,1.0,0.0,0.0,0.0,0.0,0.0,0.0,2.0,4.0,11.0,0.0,0.0,0.0,0.0,
ESP-La Liga,2223,2023-05-13 Villarreal-Athletic Club,Athletic Club,Unai Simón,False,Goalkeeper,1,start,end,1.0,0.0,0.0,0.0,0.0,0.0,0.0,4.0,7.0,12.0,0.0,0.0,0.0,0.0,
ESP-La Liga,2223,2023-05-13 Villarreal-Athletic Club,Villarreal,Pepe Reina,True,Goalkeeper,1,start,end,1.0,0.0,0.0,0.0,0.0,0.0,0.0,1.0,3.0,10.0,0.0,0.0,0.0,0.0,
ESP-La Liga,2223,2023-05-14 Celta Vigo-Valencia,Celta Vigo,Iván Villar,True,Goalkeeper,1,start,end,1.0,0.0,1.0,0.0,0.0,0.0,0.0,2.0,3.0,9.0,0.0,0.0,0.0,0.0,
ESP-La Liga,2223,2023-05-14 Celta Vigo-Valencia,Valencia,Giorgi Mamardashvili,False,Goalkeeper,1,start,end,1.0,0.0,0.0,0.0,0.0,0.0,0.0,1.0,6.0,9.0,0.0,0.0,0.0,0.0,
ESP-La Liga,2223,2023-05-14 Elche-Atlético Madrid,Atlético Madrid,Ivo Grbic,False,Goalkeeper,1,start,end,1.0,0.0,0.0,0.0,0.0,0.0,0.0,1.0,3.0,14.0,0.0,0.0,0.0,0.0,
ESP-La Liga,2223,2023-05-14 Elche-Atlético Madrid,Elche,Edgar Badía,True,Goalkeeper,1,start,end,1.0,0.0,0.0,0.0,0.0,0.0,0.0,0.0,4.0,13.0,0.0,0.0,0.0,0.0,
ESP-La Liga,2223,2023-05-14 Espanyol-Barcelona,Barcelona,Marc-André ter Stegen,False,Goalkeeper,1,start,end,1.0,0.0,1.0,0.0,0.0,0.0,0.0,2.0,5.0,13.0,0.0,0.0,0.0,0.0,
ESP-La Liga,2223,2023-05-14 Espanyol-Barcelona,Espanyol,Fernando Pacheco,True,Goalkeeper,1,start,end,1.0,0.0,0.0,0.0,0.0,0.0,0.0,4.0,1.0,11.0,0.0,0.0,0.0,0.0,
ESP-La Liga,2223,2023-05-14 Real Valladolid-Sevilla,Real Valladolid,Jordi Masip,True,Goalkeeper,1,start,end,1.0,0.0,0.0,0.0,0.0,0.0,0.0,3.0,3.0,12.0,0.0,0.0,0.0,0.0,
ESP-La Liga,2223,2023-05-14 Real Valladolid-Sevilla,Sevilla,Marko Dmitrovic,False,Goalkeeper,1,start,end,1.0,0.0,0.0,0.0,0.0,0.0,0.0,0.0,4.0,29.0,0.0,0.0,0.0,0.0,
ESP-La Liga,2223,2023-05-15 Real Betis-Rayo Vallecano,Rayo Vallecano,Stole Dimitrievski,False,Goalkeeper,1,start,end,1.0,0.0,0.0,0.0,0.0,0.0,0.0,3.0,1.0,8.0,0.0,0.0,0.0,0.0,
ESP-La Liga,2223,2023-05-15 Real Betis-Rayo Vallecano,Real Betis,Claudio Bravo,True,Goalkeeper,1,start,end,1.0,0.0,0.0,0.0,0.0,0.0,1.0,1.0,4.0,15.0,0.0,0.0,0.0,0.0,
ESP-La Liga,2223,2023-05-19 Cádiz-Real Valladolid,Cádiz,Jeremias Ledesma,True,Goalkeeper,1,start,end,1.0,0.0,0.0,0.0,0.0,0.0,0.0,0.0,2.0,7.0,0.0,0.0,0.0,0.0,
ESP-La Liga,2223,2023-05-19 Cádiz-Real Valladolid,Real Valladolid,Jordi Masip,False,Goalkeeper,1,start,end,1.0,0.0,1.0,0.0,0.0,0.0,0.0,2.0,2.0,8.0,0.0,0.0,0.0,0.0,
ESP-La Liga,2223,2023-05-20 Almería-Mallorca,Almería,Fernando Martínez,True,Goalkeeper,1,start,end,1.0,0.0,0.0,0.0,0.0,0.0,0.0,0.0,3.0,7.0,0.0,0.0,0.0,0.0,
ESP-La Liga,2223,2023-05-20 Almería-Mallorca,Mallorca,Predrag Rajkovic,False,Goalkeeper,1,start,end,1.0,0.0,0.0,0.0,0.0,0.0,0.0,3.0,0.0,9.0,0.0,0.0,0.0,0.0,
ESP-La Liga,2223,2023-05-20 Athletic Club-Celta Vigo,Athletic Club,Unai Simón,True,Goalkeeper,1,start,end,1.0,0.0,0.0,0.0,0.0,0.0,0.0,1.0,2.0,7.0,0.0,0.0,0.0,0.0,
ESP-La Liga,2223,2023-05-20 Athletic Club-Celta Vigo,Celta Vigo,Iván Villar,False,Goalkeeper,1,start,end,1.0,0.0,0.0,0.0,0.0,0.0,0.0,2.0,1.0,8.0,0.0,0.0,0.0,0.0,
ESP-La Liga,2223,2023-05-20 Barcelona-Real Sociedad,Barcelona,Marc-André ter Stegen,True,Goalkeeper,1,start,end,1.0,0.0,0.0,0.0,0.0,0.0,0.0,2.0,4.0,11.0,0.0,0.0,0.0,0.0,
ESP-La Liga,2223,2023-05-20 Barcelona-Real Sociedad,Real Sociedad,Álex Remiro,False,Goalkeeper,1,start,end,1.0,0.0,0.0,0.0,0.0,0.0,0.0,1.0,3.0,12.0,0.0,0.0,0.0,0.0,
ESP-La Liga,2223,2023-05-20 Getafe-Elche,Elche,Edgar Badía,False,Goalkeeper,1,start,end,1.0,0.0,1.0,0.0,0.0,0.0,0.0,1.0,4.0,8.0,0.0,0.0,0.0,0.0,
ESP-La Liga,2223,2023-05-20 Getafe-Elche,Getafe,David Soria,True,Goalkeeper,1,start,end,1.0,0.0,0.0,0.0,0.0,0.0,1.0,1.0,3.0,13.0,0.0,0.0,0.0,0.0,
ESP-La Liga,2223,2023-05-20 Girona-Villarreal,Girona,Paulo Gazzaniga,True,Goalkeeper,1,start,end,1.0,0.0,0.0,0.0,0.0,0.0,0.0,2.0,3.0,7.0,0.0,0.0,0.0,0.0,
ESP-La Liga,2223,2023-05-20 Girona-Villarreal,Villarreal,Pepe Reina,False,Goalkeeper,1,start,end,1.0,0.0,0.0,0.0,0.0,0.0,0.0,1.0,2.0,8.0,0.0,0.0,0.0,0.0,
ESP-La Liga,2223,2023-05-21 Atlético Madrid-Osasuna,Atlético Madrid,Ivo Grbic,True,Goalkeeper,1,start,end,1.0,0.0,0.0,0.0,0.0,0.0,0.0,0.0,2.0,12.0,0.0,0.0,0.0,0.0,
ESP-La Liga,2223,2023-05-21 Atlético Madrid-Osasuna,Osasuna,Sergio Herrera,False,Goalkeeper,1,start,end,1.0,0.0,0.0,0.0,0.0,0.0,0.0,3.0,2.0,12.0,0.0,0.0,0.0,0.0,
ESP-La Liga,2223,2023-05-21 Rayo Vallecano-Espanyol,Espanyol,Fernando Pacheco,False,Goalkeeper,1,start,end,1.0,0.0,0.0,0.0,0.0,0.0,0.0,1.0,4.0,14.0,0.0,0.0,0.0,0.0,
ESP-La Liga,2223,2023-05-21 Rayo Vallecano-Espanyol,Rayo Vallecano,Stole Dimitrievski,True,Goalkeeper,1,start,end,1.0,0.0,0.0,0.0,0.0,0.0,0.0,2.0,4.0,8.0,0.0,0.0,0.0,0.0,
ESP-La Liga,2223,2023-05-21 Sevilla-Real Betis,Real Betis,Claudio Bravo,False,Goalkeeper,1,start,end,1.0,0.0,0.0,0.0,0.0,0.0,0.0,0.0,4.0,10.0,0.0,0.0,0.0,0.0,
ESP-La Liga,2223,2023-05-21 Sevilla-Real Betis,Sevilla,Marko Dmitrovic,True,Goalkeeper,1,start,end,1.0,0.0,0.0,0.0,0.0,0.0,0.0,0.0,0.0,5.0,0.0,0.0,0.0,0.0,
ESP-La Liga,2223,2023-05-21 Valencia-Real Madrid,Real Madrid,Thibaut Courtois,False,Goalkeeper,1,start,end,1.0,0.0,0.0,0.0,0.0,0.0,0.0,1.0,5.0,8.0,0.0,0.0,0.0,0.0,
ESP-La Liga,2223,2023-05-21 Valencia-Real Madrid,Valencia,Giorgi Mamardashvili,True,Goalkeeper,1,start,end,1.0,0.0,0.0,0.0,0.0,0.0,1.0,0.0,5.0,13.0,0.0,0.0,0.0,0.0,
ESP-La Liga,2223,2023-05-23 Celta Vigo-Girona,Celta Vigo,Iván Villar,True,Goalkeeper,1,start,end,1.0,0.0,1.0,0.0,0.0,0.0,0.0,1.0,3.0,10.0,0.0,0.0,0.0,0.0,
ESP-La Liga,2223,2023-05-23 Celta Vigo-Girona,Girona,Paulo Gazzaniga,False,Goalkeeper,1,start,end,1.0,0.0,0.0,0.0,0.0,0.0,0.0,1.0,6.0,13.0,0.0,0.0,0.0,0.0,
ESP-La Liga,2223,2023-05-23 Real Sociedad-Almería,Almería,Fernando Martínez,False,Goalkeeper,1,start,end,1.0,0.0,0.0,0.0,0.0,0.0,0.0,1.0,1.0,14.0,0.0,0.0,0.0,0.0,
ESP-La Liga,2223,2023-05-23 Real Sociedad-Almería,Real Sociedad,Álex Remiro,True,Goalkeeper,1,start,end,1.0,0.0,0.0,0.0,0.0,0.0,0.0,0.0,2.0,1.0,0.0,0.0,0.0,0.0,
ESP-La Liga,2223,2023-05-23 Real Valladolid-Barcelona,Barcelona,Marc-André ter Stegen,False,Goalkeeper,1,start,45,1.0,0.0,0.0,0.0,0.0,0.0,0.0,1.0,1.0,1.0,0.0,0.0,0.0,0.0,
ESP-La Liga,2223,2023-05-23 Real Valladolid-Barcelona,Real Valladolid,Jordi Masip,True,Goalkeeper,1,start,end,1.0,0.0,0.0,0.0,0.0,0.0,0.0,1.0,7.0,16.0,0.0,0.0,0.0,0.0,
ESP-La Liga,2223,2023-05-24 Elche-Sevilla,Elche,Edgar Badía,True,Goalkeeper,1,start,end,1.0,0.0,0.0,0.0,0.0,0.0,0.0,1.0,2.0,8.0,0.0,0.0,0.0,0.0,
ESP-La Liga,2223,2023-05-24 Elche-Sevilla,Sevilla,Marko Dmitrovic,False,Goalkeeper,1,start,end,1.0,0.0,0.0,0.0,0.0,0.0,0.0,1.0,6.0,19.0,0.0,0.0,0.0,0.0,
ESP-La Liga,2223,2023-05-24 Espanyol-Atlético Madrid,Atlético Madrid,Ivo Grbic,False,Goalkeeper,1,start,end,1.0,1.0,0.0,0.0,0.0,0.0,1.0,3.0,10.0,23.0,0.0,0.0,0.0,0.0,
ESP-La Liga,2223,2023-05-24 Espanyol-Atlético Madrid,Espanyol,Fernando Pacheco,True,Goalkeeper,1,start,end,1.0,0.0,0.0,0.0,0.0,0.0,0.0,3.0,4.0,13.0,0.0,0.0,0.0,0.0,
ESP-La Liga,2223,2023-05-24 Real Betis-Getafe,Getafe,David Soria,False,Goalkeeper,1,start,end,1.0,0.0,0.0,0.0,0.0,0.0,1.0,0.0,5.0,11.0,0.0,0.0,0.0,0.0,
ESP-La Liga,2223,2023-05-24 Real Betis-Getafe,Real Betis,Claudio Bravo,True,Goalkeeper,1,start,end,1.0,0.0,0.0,0.0,0.0,0.0,0.0,1.0,1.0,9.0,0.0,0.0,0.0,0.0,
ESP-La Liga,2223,2023-05-24 Real Madrid-Rayo Vallecano,Rayo Vallecano,Stole Dimitrievski,False,Goalkeeper,1,start,end,1.0,0.0,0.0,0.0,0.0,0.0,0.0,2.0,1.0,9.0,0.0,0.0,0.0,0.0,
ESP-La Liga,2223,2023-05-24 Real Madrid-Rayo Vallecano,Real Madrid,Thibaut Courtois,True,Goalkeeper,1,start,end,1.0,0.0,0.0,0.0,0.0,0.0,0.0,1.0,5.0,14.0,0.0,0.0,0.0,0.0,
ESP-La Liga,2223,2023-05-24 Villarreal-Cádiz,Cádiz,Jeremias Ledesma,False,Goalkeeper,1,start,end,1.0,0.0,0.0,0.0,0.0,0.0,0.0,2.0,5.0,11.0,0.0,0.0,0.0,0.0,
ESP-La Liga,2223,2023-05-24 Villarreal-Cádiz,Villarreal,Pepe Reina,True,Goalkeeper,1,start,end,1.0,0.0,0.0,0.0,0.0,0.0,0.0,0.0,8.0,15.0,0.0,0.0,0.0,0.0,
ESP-La Liga,2223,2023-05-25 Mallorca-Valencia,Mallorca,Predrag Rajkovic,True,Goalkeeper,1,start,end,1.0,0.0,0.0,0.0,0.0,0.0,0.0,0.0,5.0,15.0,0.0,0.0,0.0,0.0,
ESP-La Liga,2223,2023-05-25 Mallorca-Valencia,Valencia,Giorgi Mamardashvili,False,Goalkeeper,1,start,end,1.0,0.0,0.0,0.0,0.0,0.0,0.0,1.0,2.0,3.0,0.0,0.0,0.0,0.0,
ESP-La Liga,2223,2023-05-25 Osasuna-Athletic Club,Athletic Club,Julen Agirrezabala,False,Goalkeeper,1,start,end,1.0,0.0,0.0,0.0,0.0,0.0,0.0,2.0,1.0,7.0,0.0,0.0,0.0,0.0,
ESP-La Liga,2223,2023-05-25 Osasuna-Athletic Club,Osasuna,Aitor Fernández,True,Goalkeeper,1,start,end,1.0,0.0,0.0,0.0,0.0,0.0,0.0,0.0,5.0,10.0,0.0,0.0,0.0,0.0,
ESP-La Liga,2223,2023-05-27 Sevilla-Real Madrid,Real Madrid,Thibaut Courtois,False,Goalkeeper,1,start,end,1.0,0.0,0.0,0.0,0.0,0.0,0.0,1.0,0.0,10.0,0.0,0.0,0.0,0.0,
ESP-La Liga,2223,2023-05-27 Sevilla-Real Madrid,Sevilla,Yassine Bounou,True,Goalkeeper,1,start,end,1.0,0.0,0.0,0.0,0.0,0.0,0.0,2.0,1.0,4.0,0.0,0.0,0.0,0.0,
ESP-La Liga,2223,2023-05-28 Almería-Real Valladolid,Almería,Fernando Martínez,True,Goalkeeper,1,start,end,1.0,0.0,0.0,0.0,0.0,0.0,0.0,0.0,2.0,7.0,0.0,0.0,0.0,0.0,
ESP-La Liga,2223,2023-05-28 Almería-Real Valladolid,Real Valladolid,Jordi Masip,False,Goalkeeper,1,start,end,1.0,0.0,0.0,0.0,0.0,0.0,0.0,0.0,7.0,23.0,0.0,0.0,0.0,0.0,
ESP-La Liga,2223,2023-05-28 Athletic Club-Elche,Athletic Club,Unai Simón,True,Goalkeeper,1,start,end,1.0,0.0,0.0,0.0,0.0,0.0,0.0,1.0,1.0,5.0,0.0,0.0,0.0,0.0,
ESP-La Liga,2223,2023-05-28 Athletic Club-Elche,Elche,Edgar Badía,False,Goalkeeper,1,start,end,1.0,0.0,0.0,0.0,0.0,0.0,0.0,0.0,8.0,25.0,0.0,0.0,0.0,0.0,
ESP-La Liga,2223,2023-05-28 Atlético Madrid-Real Sociedad,Atlético Madrid,Ivo Grbic,True,Goalkeeper,1,start,end,1.0,0.0,0.0,0.0,0.0,0.0,0.0,1.0,4.0,8.0,0.0,0.0,0.0,0.0,
ESP-La Liga,2223,2023-05-28 Atlético Madrid-Real Sociedad,Real Sociedad,Álex Remiro,False,Goalkeeper,1,start,end,1.0,0.0,0.0,0.0,0.0,0.0,0.0,2.0,3.0,8.0,0.0,0.0,0.0,0.0,
ESP-La Liga,2223,2023-05-28 Barcelona-Mallorca,Barcelona,Marc-André ter Stegen,True,Goalkeeper,1,start,end,1.0,0.0,0.0,0.0,0.0,0.0,0.0,0.0,1.0,3.0,0.0,0.0,0.0,0.0,
ESP-La Liga,2223,2023-05-28 Barcelona-Mallorca,Mallorca,Dominik Greif,False,Goalkeeper,1,start,end,1.0,0.0,0.0,0.0,0.0,0.0,0.0,3.0,5.0,25.0,0.0,0.0,0.0,0.0,
ESP-La Liga,2223,2023-05-28 Cádiz-Celta Vigo,Celta Vigo,Iván Villar,False,Goalkeeper,1,start,end,1.0,0.0,0.0,0.0,0.0,0.0,0.0,1.0,1.0,12.0,0.0,0.0,0.0,0.0,
ESP-La Liga,2223,2023-05-28 Cádiz-Celta Vigo,Cádiz,Jeremias Ledesma,True,Goalkeeper,1,start,end,1.0,0.0,0.0,0.0,0.0,0.0,0.0,0.0,4.0,9.0,0.0,0.0,0.0,0.0,
ESP-La Liga,2223,2023-05-28 Getafe-Osasuna,Getafe,David Soria,True,Goalkeeper,1,start,end,1.0,0.0,0.0,0.0,0.0,0.0,0.0,1.0,1.0,9.0,0.0,0.0,0.0,0.0,
ESP-La Liga,2223,2023-05-28 Getafe-Osasuna,Osasuna,Sergio Herrera,False,Goalkeeper,1,start,end,1.0,0.0,1.0,0.0,0.0,0.0,0.0,2.0,4.0,13.0,0.0,0.0,0.0,0.0,
ESP-La Liga,2223,2023-05-28 Girona-Real Betis,Girona,Paulo Gazzaniga,True,Goalkeeper,1,start,end,1.0,0.0,0.0,0.0,0.0,0.0,0.0,2.0,6.0,16.0,0.0,0.0,0.0,0.0,
ESP-La Liga,2223,2023-05-28 Girona-Real Betis,Real Betis,Claudio Bravo,False,Goalkeeper,1,start,end,1.0,0.0,0.0,0.0,0.0,0.0,0.0,1.0,2.0,8.0,0.0,0.0,0.0,0.0,
ESP-La Liga,2223,2023-05-28 Rayo Vallecano-Villarreal,Rayo Vallecano,Stole Dimitrievski,True,Goalkeeper,1,start,end,1.0,0.0,0.0,0.0,0.0,0.0,0.0,1.0,1.0,6.0,0.0,0.0,0.0,0.0,
ESP-La Liga,2223,2023-05-28 Rayo Vallecano-Villarreal,Villarreal,Pepe Reina,False,Goalkeeper,1,start,end,1.0,0.0,1.0,0.0,0.0,0.0,0.0,2.0,3.0,14.0,0.0,0.0,0.0,0.0,
ESP-La Liga,2223,2023-05-28 Valencia-Espanyol,Espanyol,Fernando Pacheco,False,Goalkeeper,1,start,end,1.0,0.0,1.0,0.0,0.0,0.0,0.0,2.0,2.0,16.0,0.0,0.0,0.0,0.0,
ESP-La Liga,2223,2023-05-28 Valencia-Espanyol,Valencia,Giorgi Mamardashvili,True,Goalkeeper,1,start,end,1.0,0.0,1.0,0.0,0.0,0.0,0.0,2.0,3.0,6.0,0.0,0.0,0.0,0.0,
ESP-La Liga,2223,2023-06-04 Celta Vigo-Barcelona,Barcelona,Marc-André ter Stegen,False,Goalkeeper,1,start,63,1.0,0.0,0.0,0.0,0.0,0.0,0.0,1.0,6.0,8.0,0.0,0.0,0.0,0.0,
ESP-La Liga,2223,2023-06-04 Celta Vigo-Barcelona,Celta Vigo,Iván Villar,True,Goalkeeper,1,start,end,1.0,0.0,0.0,0.0,0.0,0.0,0.0,1.0,1.0,8.0,0.0,0.0,0.0,0.0,
ESP-La Liga,2223,2023-06-04 Elche-Cádiz,Cádiz,Jeremias Ledesma,False,Goalkeeper,1,start,end,1.0,0.0,0.0,0.0,0.0,0.0,0.0,1.0,4.0,12.0,0.0,0.0,0.0,0.0,
ESP-La Liga,2223,2023-06-04 Elche-Cádiz,Elche,Edgar Badía,True,Goalkeeper,1,start,end,1.0,0.0,0.0,0.0,0.0,0.0,0.0,1.0,2.0,13.0,0.0,0.0,0.0,0.0,
ESP-La Liga,2223,2023-06-04 Espanyol-Almería,Almería,Fernando Martínez,False,Goalkeeper,1,start,end,1.0,0.0,0.0,0.0,0.0,0.0,0.0,3.0,5.0,9.0,0.0,0.0,0.0,0.0,
ESP-La Liga,2223,2023-06-04 Espanyol-Almería,Espanyol,Joan García,True,Goalkeeper,1,start,end,1.0,0.0,0.0,0.0,0.0,0.0,0.0,3.0,1.0,8.0,0.0,0.0,0.0,0.0,
ESP-La Liga,2223,2023-06-04 Mallorca-Rayo Vallecano,Mallorca,Leo Román,True,Goalkeeper,1,start,end,1.0,0.0,0.0,0.0,0.0,0.0,0.0,0.0,4.0,21.0,0.0,0.0,0.0,0.0,
ESP-La Liga,2223,2023-06-04 Mallorca-Rayo Vallecano,Rayo Vallecano,Stole Dimitrievski,False,Goalkeeper,1,start,85,1.0,0.0,0.0,0.0,0.0,0.0,0.0,2.0,0.0,5.0,0.0,0.0,0.0,0.0,
ESP-La Liga,2223,2023-06-04 Osasuna-Girona,Girona,Paulo Gazzaniga,False,Goalkeeper,1,start,end,1.0,0.0,0.0,0.0,0.0,0.0,1.0,2.0,5.0,12.0,0.0,0.0,0.0,0.0,
ESP-La Liga,2223,2023-06-04 Osasuna-Girona,Osasuna,Aitor Fernández,True,Goalkeeper,1,start,end,1.0,0.0,0.0,0.0,0.0,0.0,0.0,1.0,5.0,10.0,0.0,0.0,0.0,0.0,
ESP-La Liga,2223,2023-06-04 Real Betis-Valencia,Real Betis,Claudio Bravo,True,Goalkeeper,1,start,end,1.0,0.0,0.0,0.0,0.0,0.0,0.0,1.0,2.0,9.0,0.0,0.0,0.0,0.0,
ESP-La Liga,2223,2023-06-04 Real Betis-Valencia,Valencia,Giorgi Mamardashvili,False,Goalkeeper,1,start,end,1.0,0.0,0.0,0.0,0.0,0.0,0.0,1.0,2.0,7.0,0.0,0.0,0.0,0.0,
ESP-La Liga,2223,2023-06-04 Real Madrid-Athletic Club,Athletic Club,Unai Simón,False,Goalkeeper,1,start,end,1.0,0.0,0.0,0.0,0.0,0.0,0.0,1.0,1.0,8.0,0.0,0.0,0.0,0.0,
ESP-La Liga,2223,2023-06-04 Real Madrid-Athletic Club,Real Madrid,Thibaut Courtois,True,Goalkeeper,1,start,end,1.0,0.0,1.0,0.0,0.0,0.0,0.0,1.0,7.0,13.0,0.0,0.0,0.0,0.0,
ESP-La Liga,2223,2023-06-04 Real Sociedad-Sevilla,Real Sociedad,Álex Remiro,True,Goalkeeper,1,start,end,1.0,0.0,0.0,0.0,0.0,0.0,0.0,1.0,3.0,8.0,0.0,0.0,0.0,0.0,
ESP-La Liga,2223,2023-06-04 Real Sociedad-Sevilla,Sevilla,Marko Dmitrovic,False,Goalkeeper,1,start,end,1.0,0.0,0.0,0.0,0.0,0.0,0.0,2.0,5.0,14.0,0.0,0.0,0.0,0.0,
ESP-La Liga,2223,2023-06-04 Real Valladolid-Getafe,Getafe,David Soria,False,Goalkeeper,1,start,end,1.0,0.0,0.0,0.0,0.0,0.0,0.0,0.0,1.0,15.0,0.0,0.0,0.0,0.0,
ESP-La Liga,2223,2023-06-04 Real Valladolid-Getafe,Real Valladolid,Jordi Masip,True,Goalkeeper,1,start,end,1.0,0.0,0.0,0.0,0.0,0.0,0.0,0.0,1.0,4.0,0.0,0.0,0.0,0.0,
ESP-La Liga,2223,2023-06-04 Villarreal-Atlético Madrid,Atlético Madrid,Ivo Grbic,False,Goalkeeper,1,start,85,1.0,0.0,0.0,0.0,0.0,0.0,0.0,1.0,5.0,19.0,0.0,0.0,0.0,0.0,
ESP-La Liga,2223,2023-06-04 Villarreal-Atlético Madrid,Villarreal,Filip Jørgensen,True,Goalkeeper,1,start,end,1.0,0.0,0.0,0.0,0.0,0.0,0.0,2.0,1.0,7.0,0.0,0.0,0.0,0.0,
