league,season,game,team,player,is_home,position,formation_place,sub_in,sub_out,appearances,fouls_committed,fouls_suffered,own_goals,red_cards,sub_ins,yellow_cards,goals_conceded,saves,shots_faced,goal_assists,shots_on_target,total_goals,total_shots,offsides
ESP-La Liga,2021,2019-08-16 Athletic Club-Barcelona,Athletic Club,Unai Simón,True,Goalkeeper,1,start,end,1.0,0.0,0.0,0.0,0.0,0.0,0.0,0.0,2.0,0.0,0.0,0.0,0.0,0.0,
ESP-La Liga,2021,2019-08-16 Athletic Club-Barcelona,Barcelona,Marc-André ter Stegen,False,Goalkeeper,1,start,end,1.0,0.0,1.0,0.0,0.0,0.0,0.0,1.0,4.0,0.0,0.0,0.0,0.0,0.0,
ESP-La Liga,2021,2019-08-17 Celta Vigo-Real Madrid,Celta Vigo,Rubén Blanco,True,Goalkeeper,1,start,end,1.0,0.0,0.0,0.0,0.0,0.0,1.0,3.0,8.0,0.0,0.0,0.0,0.0,0.0,
ESP-La Liga,2021,2019-08-17 Celta Vigo-Real Madrid,Real Madrid,Thibaut Courtois,False,Goalkeeper,1,start,end,1.0,0.0,0.0,0.0,0.0,0.0,0.0,1.0,2.0,0.0,0.0,0.0,0.0,0.0,
ESP-La Liga,2021,2019-08-17 Leganés-Osasuna,Leganés,Iván Cuéllar,True,Goalkeeper,1,start,end,1.0,0.0,0.0,0.0,0.0,0.0,0.0,1.0,1.0,0.0,0.0,0.0,0.0,0.0,
ESP-La Liga,2021,2019-08-17 Leganés-Osasuna,Osasuna,Rubén,False,Goalkeeper,1,start,end,1.0,0.0,0.0,0.0,0.0,0.0,0.0,0.0,2.0,0.0,0.0,0.0,0.0,0.0,
ESP-La Liga,2021,2019-08-17 Mallorca-Eibar,Eibar,Marko Dmitrovic,False,Goalkeeper,1,start,end,1.0,0.0,0.0,0.0,0.0,0.0,0.0,2.0,1.0,0.0,0.0,0.0,0.0,0.0,
ESP-La Liga,2021,2019-08-17 Mallorca-Eibar,Mallorca,Manolo Reina,True,Goalkeeper,1,start,end,1.0,0.0,0.0,0.0,0.0,0.0,0.0,1.0,4.0,0.0,0.0,0.0,0.0,0.0,
ESP-La Liga,2021,2019-08-17 Valencia-Real Sociedad,Real Sociedad,Miguel Ángel Moyà,False,Goalkeeper,1,start,end,1.0,0.0,0.0,0.0,0.0,0.0,0.0,1.0,5.0,0.0,0.0,0.0,0.0,0.0,
ESP-La Liga,2021,2019-08-17 Valencia-Real Sociedad,Valencia,Jasper Cillessen,True,Goalkeeper,1,start,end,1.0,0.0,0.0,0.0,0.0,0.0,0.0,1.0,2.0,0.0,0.0,0.0,0.0,0.0,
ESP-La Liga,2021,2019-08-17 Villarreal-Granada,Granada,Rui Silva,False,Goalkeeper,1,start,end,1.0,0.0,0.0,0.0,0.0,0.0,0.0,4.0,3.0,0.0,0.0,0.0,0.0,0.0,
ESP-La Liga,2021,2019-08-17 Villarreal-Granada,Villarreal,Andrés Fernández,True,Goalkeeper,1,start,end,1.0,0.0,0.0,0.0,0.0,0.0,0.0,4.0,4.0,0.0,0.0,0.0,0.0,0.0,
ESP-La Liga,2021,2019-08-18 Alavés-Levante,Alavés,Fernando Pacheco,True,Goalkeeper,1,start,end,1.0,0.0,0.0,0.0,0.0,0.0,0.0,0.0,4.0,0.0,0.0,0.0,0.0,0.0,
ESP-La Liga,2021,2019-08-18 Alavés-Levante,Levante,Aitor Fernández,False,Goalkeeper,1,start,end,1.0,0.0,0.0,0.0,0.0,0.0,0.0,1.0,1.0,0.0,0.0,0.0,0.0,0.0,
ESP-La Liga,2021,2019-08-18 Atlético Madrid-Getafe,Atlético Madrid,Jan Oblak,True,Goalkeeper,1,start,end,1.0,0.0,1.0,0.0,0.0,0.0,0.0,0.0,0.0,0.0,0.0,0.0,0.0,0.0,
ESP-La Liga,2021,2019-08-18 Atlético Madrid-Getafe,Getafe,David Soria,False,Goalkeeper,1,start,end,1.0,0.0,0.0,0.0,0.0,0.0,0.0,1.0,4.0,0.0,0.0,0.0,0.0,0.0,
ESP-La Liga,2021,2019-08-18 Espanyol-Sevilla,Espanyol,Diego López,True,Goalkeeper,1,start,end,1.0,0.0,0.0,0.0,0.0,0.0,0.0,2.0,2.0,0.0,0.0,0.0,0.0,0.0,
ESP-La Liga,2021,2019-08-18 Espanyol-Sevilla,Sevilla,Tomás Vaclík,False,Goalkeeper,1,start,end,1.0,0.0,0.0,0.0,0.0,0.0,0.0,0.0,2.0,0.0,0.0,0.0,0.0,0.0,
ESP-La Liga,2021,2019-08-18 Real Betis-Real Valladolid,Real Betis,Joel Robles,True,Goalkeeper,1,start,end,1.0,1.0,0.0,0.0,1.0,0.0,0.0,0.0,0.0,0.0,0.0,0.0,0.0,0.0,
ESP-La Liga,2021,2019-08-18 Real Betis-Real Valladolid,Real Valladolid,Jordi Masip,False,Goalkeeper,1,start,end,1.0,0.0,0.0,0.0,0.0,0.0,0.0,1.0,3.0,0.0,0.0,0.0,0.0,0.0,
ESP-La Liga,2021,2019-08-23 Granada-Sevilla,Granada,Rui Silva,True,Goalkeeper,1,start,end,1.0,0.0,1.0,0.0,0.0,0.0,0.0,1.0,5.0,0.0,0.0,0.0,0.0,0.0,
ESP-La Liga,2021,2019-08-23 Granada-Sevilla,Sevilla,Tomás Vaclík,False,Goalkeeper,1,start,end,1.0,0.0,0.0,0.0,0.0,0.0,0.0,0.0,0.0,0.0,0.0,0.0,0.0,0.0,
ESP-La Liga,2021,2019-08-23 Levante-Villarreal,Levante,Aitor Fernández,True,Goalkeeper,1,start,end,1.0,0.0,0.0,0.0,0.0,0.0,0.0,1.0,5.0,0.0,0.0,0.0,0.0,0.0,
ESP-La Liga,2021,2019-08-23 Levante-Villarreal,Villarreal,Andrés Fernández,False,Goalkeeper,1,start,end,1.0,1.0,0.0,0.0,0.0,0.0,1.0,2.0,2.0,0.0,0.0,0.0,0.0,0.0,
ESP-La Liga,2021,2019-08-24 Celta Vigo-Valencia,Celta Vigo,Rubén Blanco,True,Goalkeeper,1,start,end,1.0,0.0,0.0,0.0,0.0,0.0,0.0,0.0,1.0,0.0,0.0,0.0,0.0,0.0,
ESP-La Liga,2021,2019-08-24 Celta Vigo-Valencia,Valencia,Jasper Cillessen,False,Goalkeeper,1,start,end,1.0,0.0,0.0,0.0,0.0,0.0,0.0,1.0,5.0,0.0,0.0,0.0,0.0,0.0,
ESP-La Liga,2021,2019-08-24 Getafe-Athletic Club,Athletic Club,Unai Simón,False,Goalkeeper,1,start,end,1.0,0.0,0.0,0.0,0.0,0.0,0.0,1.0,1.0,0.0,0.0,0.0,0.0,0.0,
ESP-La Liga,2021,2019-08-24 Getafe-Athletic Club,Getafe,David Soria,True,Goalkeeper,1,start,end,1.0,0.0,0.0,0.0,0.0,0.0,0.0,1.0,1.0,0.0,0.0,0.0,0.0,0.0,
ESP-La Liga,2021,2019-08-24 Osasuna-Eibar,Eibar,Marko Dmitrovic,False,Goalkeeper,1,start,end,1.0,0.0,0.0,0.0,0.0,0.0,0.0,0.0,2.0,0.0,0.0,0.0,0.0,0.0,
ESP-La Liga,2021,2019-08-24 Osasuna-Eibar,Osasuna,Rubén,True,Goalkeeper,1,start,end,1.0,0.0,0.0,0.0,0.0,0.0,0.0,0.0,1.0,0.0,0.0,0.0,0.0,0.0,
ESP-La Liga,2021,2019-08-24 Real Madrid-Real Valladolid,Real Madrid,Thibaut Courtois,True,Goalkeeper,1,start,end,1.0,0.0,0.0,0.0,0.0,0.0,0.0,1.0,1.0,0.0,0.0,0.0,0.0,0.0,
ESP-La Liga,2021,2019-08-24 Real Madrid-Real Valladolid,Real Valladolid,Jordi Masip,False,Goalkeeper,1,start,end,1.0,0.0,0.0,0.0,0.0,0.0,0.0,1.0,3.0,0.0,0.0,0.0,0.0,0.0,
ESP-La Liga,2021,2019-08-25 Alavés-Espanyol,Alavés,Fernando Pacheco,True,Goalkeeper,1,start,end,1.0,0.0,0.0,0.0,0.0,0.0,0.0,0.0,1.0,0.0,0.0,0.0,0.0,0.0,
ESP-La Liga,2021,2019-08-25 Alavés-Espanyol,Espanyol,Diego López,False,Goalkeeper,1,start,end,1.0,0.0,0.0,0.0,0.0,0.0,0.0,0.0,2.0,0.0,0.0,0.0,0.0,0.0,
ESP-La Liga,2021,2019-08-25 Barcelona-Real Betis,Barcelona,Marc-André ter Stegen,True,Goalkeeper,1,start,end,1.0,0.0,0.0,0.0,0.0,0.0,0.0,2.0,1.0,0.0,0.0,0.0,0.0,0.0,
ESP-La Liga,2021,2019-08-25 Barcelona-Real Betis,Real Betis,Dani Martín,False,Goalkeeper,1,start,end,1.0,0.0,0.0,0.0,0.0,0.0,0.0,5.0,2.0,0.0,0.0,0.0,0.0,0.0,
ESP-La Liga,2021,2019-08-25 Leganés-Atlético Madrid,Atlético Madrid,Jan Oblak,False,Goalkeeper,1,start,end,1.0,0.0,1.0,0.0,0.0,0.0,0.0,0.0,5.0,0.0,0.0,0.0,0.0,0.0,
ESP-La Liga,2021,2019-08-25 Leganés-Atlético Madrid,Leganés,Juan Soriano,True,Goalkeeper,1,start,end,1.0,0.0,1.0,0.0,0.0,0.0,0.0,1.0,3.0,0.0,0.0,0.0,0.0,0.0,
ESP-La Liga,2021,2019-08-25 Mallorca-Real Sociedad,Mallorca,Manolo Reina,True,Goalkeeper,1,start,end,1.0,0.0,0.0,0.0,0.0,0.0,0.0,1.0,3.0,0.0,0.0,0.0,0.0,0.0,
ESP-La Liga,2021,2019-08-25 Mallorca-Real Sociedad,Real Sociedad,Miguel Ángel Moyà,False,Goalkeeper,1,start,end,1.0,0.0,0.0,0.0,0.0,0.0,0.0,0.0,4.0,0.0,0.0,0.0,0.0,0.0,
ESP-La Liga,2021,2019-08-30 Athletic Club-Real Sociedad,Athletic Club,Unai Simón,True,Goalkeeper,1,start,end,1.0,0.0,0.0,0.0,0.0,0.0,0.0,0.0,2.0,0.0,0.0,0.0,0.0,0.0,
ESP-La Liga,2021,2019-08-30 Athletic Club-Real Sociedad,Real Sociedad,Miguel Ángel Moyà,False,Goalkeeper,1,start,end,1.0,0.0,0.0,0.0,0.0,0.0,0.0,2.0,3.0,0.0,0.0,0.0,0.0,0.0,
ESP-La Liga,2021,2019-08-30 Sevilla-Celta Vigo,Celta Vigo,Rubén Blanco,False,Goalkeeper,1,start,end,1.0,0.0,0.0,0.0,0.0,0.0,0.0,1.0,4.0,0.0,0.0,0.0,0.0,0.0,
ESP-La Liga,2021,2019-08-30 Sevilla-Celta Vigo,Sevilla,Tomás Vaclík,True,Goalkeeper,1,start,end,1.0,0.0,0.0,0.0,0.0,0.0,0.0,1.0,0.0,0.0,0.0,0.0,0.0,0.0,
ESP-La Liga,2021,2019-08-31 Getafe-Alavés,Alavés,Antonio Sivera,False,Goalkeeper,1,start,end,1.0,0.0,0.0,0.0,0.0,0.0,0.0,1.0,0.0,0.0,0.0,0.0,0.0,0.0,
ESP-La Liga,2021,2019-08-31 Getafe-Alavés,Getafe,David Soria,True,Goalkeeper,1,start,end,1.0,0.0,0.0,0.0,0.0,0.0,0.0,1.0,0.0,0.0,0.0,0.0,0.0,0.0,
ESP-La Liga,2021,2019-08-31 Levante-Real Valladolid,Levante,Aitor Fernández,True,Goalkeeper,1,start,end,1.0,0.0,0.0,0.0,0.0,0.0,0.0,0.0,3.0,0.0,0.0,0.0,0.0,0.0,
ESP-La Liga,2021,2019-08-31 Levante-Real Valladolid,Real Valladolid,Jordi Masip,False,Goalkeeper,1,start,end,1.0,0.0,0.0,0.0,0.0,0.0,0.0,2.0,1.0,0.0,0.0,0.0,0.0,0.0,
ESP-La Liga,2021,2019-08-31 Osasuna-Barcelona,Barcelona,Marc-André ter Stegen,False,Goalkeeper,1,start,end,1.0,0.0,0.0,0.0,0.0,0.0,0.0,2.0,3.0,0.0,0.0,0.0,0.0,0.0,
ESP-La Liga,2021,2019-08-31 Osasuna-Barcelona,Osasuna,Rubén,True,Goalkeeper,1,start,end,1.0,0.0,0.0,0.0,0.0,0.0,0.0,2.0,2.0,0.0,0.0,0.0,0.0,0.0,
ESP-La Liga,2021,2019-08-31 Real Betis-Leganés,Leganés,Iván Cuéllar,False,Goalkeeper,1,start,end,1.0,0.0,0.0,0.0,0.0,0.0,0.0,2.0,3.0,0.0,0.0,0.0,0.0,0.0,
ESP-La Liga,2021,2019-08-31 Real Betis-Leganés,Real Betis,Joel Robles,True,Goalkeeper,1,start,end,1.0,0.0,0.0,0.0,0.0,0.0,0.0,1.0,7.0,0.0,0.0,0.0,0.0,0.0,
ESP-La Liga,2021,2019-09-01 Atlético Madrid-Eibar,Atlético Madrid,Jan Oblak,True,Goalkeeper,1,start,end,1.0,0.0,0.0,0.0,0.0,0.0,0.0,2.0,0.0,0.0,0.0,0.0,0.0,0.0,
ESP-La Liga,2021,2019-09-01 Atlético Madrid-Eibar,Eibar,Marko Dmitrovic,False,Goalkeeper,1,start,end,1.0,0.0,0.0,0.0,0.0,0.0,1.0,3.0,0.0,0.0,0.0,0.0,0.0,0.0,
ESP-La Liga,2021,2019-09-01 Espanyol-Granada,Espanyol,Diego López,True,Goalkeeper,1,start,end,1.0,0.0,0.0,0.0,0.0,0.0,0.0,3.0,4.0,0.0,0.0,0.0,0.0,0.0,
ESP-La Liga,2021,2019-09-01 Espanyol-Granada,Granada,Rui Silva,False,Goalkeeper,1,start,end,1.0,0.0,0.0,0.0,0.0,0.0,0.0,0.0,3.0,0.0,0.0,0.0,0.0,0.0,
ESP-La Liga,2021,2019-09-01 Valencia-Mallorca,Mallorca,Manolo Reina,False,Goalkeeper,1,start,end,1.0,0.0,0.0,0.0,0.0,0.0,0.0,2.0,2.0,0.0,0.0,0.0,0.0,0.0,
ESP-La Liga,2021,2019-09-01 Valencia-Mallorca,Valencia,Jasper Cillessen,True,Goalkeeper,1,start,end,1.0,0.0,0.0,0.0,0.0,0.0,0.0,0.0,1.0,0.0,0.0,0.0,0.0,0.0,
ESP-La Liga,2021,2019-09-01 Villarreal-Real Madrid,Real Madrid,Thibaut Courtois,False,Goalkeeper,1,start,end,1.0,0.0,0.0,0.0,0.0,0.0,0.0,2.0,3.0,0.0,0.0,0.0,0.0,0.0,
ESP-La Liga,2021,2019-09-01 Villarreal-Real Madrid,Villarreal,Andrés Fernández,True,Goalkeeper,1,start,end,1.0,0.0,1.0,0.0,0.0,0.0,0.0,2.0,3.0,0.0,0.0,0.0,0.0,0.0,
ESP-La Liga,2021,2019-09-13 Mallorca-Athletic Club,Athletic Club,Unai Simón,False,Goalkeeper,1,start,end,1.0,0.0,1.0,0.0,0.0,0.0,0.0,0.0,1.0,0.0,0.0,0.0,0.0,0.0,
ESP-La Liga,2021,2019-09-13 Mallorca-Athletic Club,Mallorca,Manolo Reina,True,Goalkeeper,1,start,end,1.0,0.0,0.0,0.0,0.0,0.0,0.0,0.0,5.0,0.0,0.0,0.0,0.0,0.0,
ESP-La Liga,2021,2019-09-14 Barcelona-Valencia,Barcelona,Marc-André ter Stegen,True,Goalkeeper,1,start,end,1.0,0.0,0.0,0.0,0.0,0.0,0.0,2.0,1.0,0.0,0.0,0.0,0.0,0.0,
ESP-La Liga,2021,2019-09-14 Barcelona-Valencia,Valencia,Jasper Cillessen,False,Goalkeeper,1,start,end,1.0,0.0,0.0,0.0,0.0,0.0,0.0,5.0,5.0,0.0,0.0,0.0,0.0,0.0,
ESP-La Liga,2021,2019-09-14 Leganés-Villarreal,Leganés,Juan Soriano,True,Goalkeeper,1,start,end,1.0,0.0,0.0,0.0,0.0,0.0,0.0,3.0,1.0,0.0,0.0,0.0,0.0,0.0,
ESP-La Liga,2021,2019-09-14 Leganés-Villarreal,Villarreal,Sergio Asenjo,False,Goalkeeper,1,start,end,1.0,0.0,0.0,0.0,0.0,0.0,0.0,0.0,4.0,0.0,0.0,0.0,0.0,0.0,
ESP-La Liga,2021,2019-09-14 Real Madrid-Levante,Levante,Aitor Fernández,False,Goalkeeper,1,start,end,1.0,0.0,0.0,0.0,0.0,0.0,0.0,3.0,8.0,0.0,0.0,0.0,0.0,0.0,
ESP-La Liga,2021,2019-09-14 Real Madrid-Levante,Real Madrid,Thibaut Courtois,True,Goalkeeper,1,start,end,1.0,0.0,0.0,0.0,0.0,0.0,0.0,2.0,1.0,0.0,0.0,0.0,0.0,0.0,
ESP-La Liga,2021,2019-09-14 Real Sociedad-Atlético Madrid,Atlético Madrid,Jan Oblak,False,Goalkeeper,1,start,66,1.0,0.0,0.0,0.0,0.0,0.0,0.0,2.0,2.0,0.0,0.0,0.0,0.0,0.0,
ESP-La Liga,2021,2019-09-14 Real Sociedad-Atlético Madrid,Real Sociedad,Miguel Ángel Moyà,True,Goalkeeper,1,start,end,1.0,0.0,0.0,0.0,0.0,0.0,0.0,0.0,2.0,0.0,0.0,0.0,0.0,0.0,
ESP-La Liga,2021,2019-09-15 Alavés-Sevilla,Alavés,Fernando Pacheco,True,Goalkeeper,1,start,end,1.0,0.0,0.0,0.0,0.0,0.0,0.0,1.0,6.0,0.0,0.0,0.0,0.0,0.0,
ESP-La Liga,2021,2019-09-15 Alavés-Sevilla,Sevilla,Tomás Vaclík,False,Goalkeeper,1,start,end,1.0,0.0,0.0,0.0,0.0,0.0,0.0,0.0,0.0,0.0,0.0,0.0,0.0,0.0,
ESP-La Liga,2021,2019-09-15 Celta Vigo-Granada,Celta Vigo,Rubén Blanco,True,Goalkeeper,1,start,end,1.0,0.0,0.0,0.0,0.0,0.0,0.0,2.0,1.0,0.0,0.0,0.0,0.0,0.0,
ESP-La Liga,2021,2019-09-15 Celta Vigo-Granada,Granada,Rui Silva,False,Goalkeeper,1,start,end,1.0,0.0,0.0,0.0,0.0,0.0,0.0,0.0,0.0,0.0,0.0,0.0,0.0,0.0,
ESP-La Liga,2021,2019-09-15 Eibar-Espanyol,Eibar,Marko Dmitrovic,True,Goalkeeper,1,start,end,1.0,0.0,0.0,0.0,0.0,0.0,0.0,2.0,0.0,0.0,0.0,0.0,0.0,0.0,
ESP-La Liga,2021,2019-09-15 Eibar-Espanyol,Espanyol,Diego López,False,Goalkeeper,1,start,end,1.0,0.0,1.0,0.0,0.0,0.0,0.0,1.0,0.0,0.0,0.0,0.0,0.0,0.0,
ESP-La Liga,2021,2019-09-15 Real Betis-Getafe,Getafe,David Soria,False,Goalkeeper,1,start,end,1.0,0.0,0.0,0.0,0.0,0.0,0.0,1.0,1.0,0.0,0.0,0.0,0.0,0.0,
ESP-La Liga,2021,2019-09-15 Real Betis-Getafe,Real Betis,Joel Robles,True,Goalkeeper,1,start,end,1.0,0.0,0.0,0.0,0.0,0.0,0.0,1.0,3.0,0.0,0.0,0.0,0.0,0.0,
ESP-La Liga,2021,2019-09-15 Real Valladolid-Osasuna,Osasuna,Rubén,False,Goalkeeper,1,start,end,1.0,0.0,0.0,0.0,0.0,0.0,0.0,1.0,0.0,0.0,0.0,0.0,0.0,0.0,
ESP-La Liga,2021,2019-09-15 Real Valladolid-Osasuna,Real Valladolid,Jordi Masip,True,Goalkeeper,1,start,end,1.0,0.0,0.0,0.0,0.0,0.0,0.0,1.0,4.0,0.0,0.0,0.0,0.0,0.0,
ESP-La Liga,2021,2019-09-20 Osasuna-Real Betis,Osasuna,Rubén,True,Goalkeeper,1,start,end,1.0,0.0,0.0,0.0,0.0,0.0,0.0,0.0,2.0,0.0,0.0,0.0,0.0,0.0,
ESP-La Liga,2021,2019-09-20 Osasuna-Real Betis,Real Betis,Joel Robles,False,Goalkeeper,1,start,end,1.0,0.0,0.0,0.0,0.0,0.0,0.0,0.0,5.0,0.0,0.0,0.0,0.0,0.0,
ESP-La Liga,2021,2019-09-21 Atlético Madrid-Celta Vigo,Atlético Madrid,Jan Oblak,True,Goalkeeper,1,start,end,1.0,0.0,1.0,0.0,0.0,0.0,0.0,0.0,3.0,0.0,0.0,0.0,0.0,0.0,
ESP-La Liga,2021,2019-09-21 Atlético Madrid-Celta Vigo,Celta Vigo,Rubén Blanco,False,Goalkeeper,1,start,end,1.0,0.0,1.0,0.0,0.0,0.0,1.0,0.0,6.0,0.0,0.0,0.0,0.0,0.0,
ESP-La Liga,2021,2019-09-21 Granada-Barcelona,Barcelona,Marc-André ter Stegen,False,Goalkeeper,1,start,end,1.0,0.0,1.0,0.0,0.0,0.0,0.0,2.0,2.0,0.0,0.0,0.0,0.0,0.0,
ESP-La Liga,2021,2019-09-21 Granada-Barcelona,Granada,Rui Silva,True,Goalkeeper,1,start,end,1.0,0.0,0.0,0.0,0.0,0.0,0.0,0.0,1.0,0.0,0.0,0.0,0.0,0.0,
ESP-La Liga,2021,2019-09-21 Levante-Eibar,Eibar,Marko Dmitrovic,False,Goalkeeper,1,start,end,1.0,1.0,0.0,0.0,0.0,0.0,1.0,0.0,4.0,0.0,0.0,0.0,0.0,0.0,
ESP-La Liga,2021,2019-09-21 Levante-Eibar,Levante,Aitor Fernández,True,Goalkeeper,1,start,end,1.0,0.0,0.0,0.0,0.0,0.0,0.0,0.0,4.0,0.0,0.0,0.0,0.0,0.0,
ESP-La Liga,2021,2019-09-21 Villarreal-Real Valladolid,Real Valladolid,Jordi Masip,False,Goalkeeper,1,start,end,1.0,0.0,0.0,0.0,0.0,0.0,0.0,2.0,4.0,0.0,0.0,0.0,0.0,0.0,
ESP-La Liga,2021,2019-09-21 Villarreal-Real Valladolid,Villarreal,Sergio Asenjo,True,Goalkeeper,1,start,end,1.0,0.0,0.0,0.0,0.0,0.0,0.0,0.0,2.0,0.0,0.0,0.0,0.0,0.0,
ESP-La Liga,2021,2019-09-22 Athletic Club-Alavés,Alavés,Fernando Pacheco,False,Goalkeeper,1,start,end,1.0,0.0,0.0,0.0,0.0,0.0,0.0,2.0,1.0,0.0,0.0,0.0,0.0,0.0,
ESP-La Liga,2021,2019-09-22 Athletic Club-Alavés,Athletic Club,Unai Simón,True,Goalkeeper,1,start,end,1.0,0.0,0.0,0.0,0.0,0.0,1.0,0.0,1.0,0.0,0.0,0.0,0.0,0.0,
ESP-La Liga,2021,2019-09-22 Espanyol-Real Sociedad,Espanyol,Diego López,True,Goalkeeper,1,start,end,1.0,0.0,0.0,0.0,0.0,0.0,0.0,3.0,2.0,0.0,0.0,0.0,0.0,0.0,
ESP-La Liga,2021,2019-09-22 Espanyol-Real Sociedad,Real Sociedad,Miguel Ángel Moyà,False,Goalkeeper,1,start,end,1.0,0.0,0.0,0.0,0.0,0.0,0.0,1.0,3.0,0.0,0.0,0.0,0.0,0.0,
ESP-La Liga,2021,2019-09-22 Getafe-Mallorca,Getafe,David Soria,True,Goalkeeper,1,start,end,1.0,0.0,0.0,0.0,0.0,0.0,0.0,2.0,1.0,0.0,0.0,0.0,0.0,0.0,
ESP-La Liga,2021,2019-09-22 Getafe-Mallorca,Mallorca,Manolo Reina,False,Goalkeeper,1,start,end,1.0,0.0,0.0,0.0,0.0,0.0,0.0,4.0,2.0,0.0,0.0,0.0,0.0,0.0,
ESP-La Liga,2021,2019-09-22 Sevilla-Real Madrid,Real Madrid,Thibaut Courtois,False,Goalkeeper,1,start,end,1.0,0.0,0.0,0.0,0.0,0.0,0.0,0.0,0.0,0.0,0.0,0.0,0.0,0.0,
ESP-La Liga,2021,2019-09-22 Sevilla-Real Madrid,Sevilla,Tomás Vaclík,True,Goalkeeper,1,start,end,1.0,0.0,0.0,0.0,0.0,0.0,0.0,1.0,3.0,0.0,0.0,0.0,0.0,0.0,
ESP-La Liga,2021,2019-09-22 Valencia-Leganés,Leganés,Juan Soriano,False,Goalkeeper,1,start,end,1.0,0.0,0.0,0.0,0.0,0.0,1.0,1.0,3.0,0.0,0.0,0.0,0.0,0.0,
ESP-La Liga,2021,2019-09-22 Valencia-Leganés,Valencia,Jasper Cillessen,True,Goalkeeper,1,start,end,1.0,0.0,0.0,0.0,0.0,0.0,0.0,1.0,3.0,0.0,0.0,0.0,0.0,0.0,
ESP-La Liga,2021,2019-09-24 Barcelona-Villarreal,Barcelona,Marc-André ter Stegen,True,Goalkeeper,1,start,end,1.0,0.0,0.0,0.0,0.0,0.0,0.0,1.0,2.0,0.0,0.0,0.0,0.0,0.0,
ESP-La Liga,2021,2019-09-24 Barcelona-Villarreal,Villarreal,Sergio Asenjo,False,Goalkeeper,1,start,end,1.0,0.0,0.0,0.0,0.0,0.0,0.0,2.0,2.0,0.0,0.0,0.0,0.0,0.0,
ESP-La Liga,2021,2019-09-24 Real Betis-Levante,Levante,Aitor Fernández,False,Goalkeeper,1,start,end,1.0,0.0,1.0,0.0,0.0,0.0,0.0,3.0,2.0,0.0,0.0,0.0,0.0,0.0,
ESP-La Liga,2021,2019-09-24 Real Betis-Levante,Real Betis,Joel Robles,True,Goalkeeper,1,start,end,1.0,0.0,0.0,0.0,0.0,0.0,0.0,1.0,2.0,0.0,0.0,0.0,0.0,0.0,
ESP-La Liga,2021,2019-09-24 Real Valladolid-Granada,Granada,Rui Silva,False,Goalkeeper,1,start,end,1.0,0.0,0.0,0.0,0.0,0.0,0.0,1.0,4.0,0.0,0.0,0.0,0.0,0.0,
ESP-La Liga,2021,2019-09-24 Real Valladolid-Granada,Real Valladolid,Jordi Masip,True,Goalkeeper,1,start,end,1.0,0.0,0.0,0.0,0.0,0.0,0.0,1.0,3.0,0.0,0.0,0.0,0.0,0.0,
ESP-La Liga,2021,2019-09-25 Leganés-Athletic Club,Athletic Club,Iago Herrerín,False,Goalkeeper,1,start,end,1.0,0.0,0.0,0.0,0.0,0.0,0.0,1.0,2.0,0.0,0.0,0.0,0.0,0.0,
ESP-La Liga,2021,2019-09-25 Leganés-Athletic Club,Leganés,Juan Soriano,True,Goalkeeper,1,start,end,1.0,0.0,0.0,0.0,0.0,0.0,0.0,1.0,1.0,0.0,0.0,0.0,0.0,0.0,
ESP-La Liga,2021,2019-09-25 Mallorca-Atlético Madrid,Atlético Madrid,Jan Oblak,False,Goalkeeper,1,start,end,1.0,0.0,0.0,0.0,0.0,0.0,0.0,0.0,3.0,0.0,0.0,0.0,0.0,0.0,
ESP-La Liga,2021,2019-09-25 Mallorca-Atlético Madrid,Mallorca,Manolo Reina,True,Goalkeeper,1,start,end,1.0,0.0,0.0,0.0,0.0,0.0,0.0,2.0,1.0,0.0,0.0,0.0,0.0,0.0,
ESP-La Liga,2021,2019-09-25 Real Madrid-Osasuna,Osasuna,Rubén,False,Goalkeeper,1,start,end,1.0,0.0,0.0,0.0,0.0,0.0,0.0,2.0,3.0,0.0,0.0,0.0,0.0,0.0,
ESP-La Liga,2021,2019-09-25 Real Madrid-Osasuna,Real Madrid,Alphonse Areola,True,Goalkeeper,1,start,end,1.0,0.0,0.0,0.0,0.0,0.0,0.0,0.0,0.0,0.0,0.0,0.0,0.0,0.0,
ESP-La Liga,2021,2019-09-25 Valencia-Getafe,Getafe,David Soria,False,Goalkeeper,1,start,end,1.0,0.0,0.0,0.0,0.0,0.0,0.0,3.0,0.0,0.0,0.0,0.0,0.0,0.0,
ESP-La Liga,2021,2019-09-25 Valencia-Getafe,Valencia,Jaume Doménech,True,Goalkeeper,1,start,end,1.0,0.0,0.0,0.0,0.0,0.0,0.0,3.0,2.0,0.0,0.0,0.0,0.0,0.0,
ESP-La Liga,2021,2019-09-26 Celta Vigo-Espanyol,Celta Vigo,Rubén Blanco,True,Goalkeeper,1,start,end,1.0,0.0,0.0,0.0,0.0,0.0,0.0,1.0,3.0,0.0,0.0,0.0,0.0,0.0,
ESP-La Liga,2021,2019-09-26 Celta Vigo-Espanyol,Espanyol,Diego López,False,Goalkeeper,1,start,end,1.0,0.0,0.0,0.0,0.0,0.0,0.0,1.0,2.0,0.0,0.0,0.0,0.0,0.0,
ESP-La Liga,2021,2019-09-26 Eibar-Sevilla,Eibar,Marko Dmitrovic,True,Goalkeeper,1,start,end,1.0,0.0,0.0,0.0,0.0,0.0,0.0,2.0,1.0,0.0,0.0,0.0,0.0,0.0,
ESP-La Liga,2021,2019-09-26 Eibar-Sevilla,Sevilla,Tomás Vaclík,False,Goalkeeper,1,start,end,1.0,0.0,0.0,0.0,0.0,0.0,0.0,3.0,1.0,0.0,0.0,0.0,0.0,0.0,
ESP-La Liga,2021,2019-09-26 Real Sociedad-Alavés,Alavés,Fernando Pacheco,False,Goalkeeper,1,start,end,1.0,0.0,0.0,0.0,0.0,0.0,0.0,3.0,4.0,0.0,0.0,0.0,0.0,0.0,
ESP-La Liga,2021,2019-09-26 Real Sociedad-Alavés,Real Sociedad,Álex Remiro,True,Goalkeeper,1,start,end,1.0,0.0,0.0,0.0,0.0,0.0,0.0,0.0,0.0,0.0,0.0,0.0,0.0,0.0,
ESP-La Liga,2021,2019-09-27 Villarreal-Real Betis,Real Betis,Joel Robles,False,Goalkeeper,1,start,end,1.0,0.0,0.0,0.0,0.0,0.0,0.0,5.0,5.0,0.0,0.0,0.0,0.0,0.0,
ESP-La Liga,2021,2019-09-27 Villarreal-Real Betis,Villarreal,Sergio Asenjo,True,Goalkeeper,1,start,end,1.0,0.0,0.0,0.0,0.0,0.0,0.0,1.0,5.0,0.0,0.0,0.0,0.0,0.0,
ESP-La Liga,2021,2019-09-28 Athletic Club-Valencia,Athletic Club,Unai Simón,True,Goalkeeper,1,start,end,1.0,0.0,0.0,0.0,0.0,0.0,0.0,1.0,4.0,0.0,0.0,0.0,0.0,0.0,
ESP-La Liga,2021,2019-09-28 Athletic Club-Valencia,Valencia,Jasper Cillessen,False,Goalkeeper,1,start,end,1.0,0.0,1.0,0.0,0.0,0.0,1.0,0.0,3.0,0.0,0.0,0.0,0.0,0.0,
ESP-La Liga,2021,2019-09-28 Atlético Madrid-Real Madrid,Atlético Madrid,Jan Oblak,True,Goalkeeper,1,start,end,1.0,0.0,0.0,0.0,0.0,0.0,0.0,0.0,3.0,0.0,0.0,0.0,0.0,0.0,
ESP-La Liga,2021,2019-09-28 Atlético Madrid-Real Madrid,Real Madrid,Thibaut Courtois,False,Goalkeeper,1,start,end,1.0,0.0,0.0,0.0,0.0,0.0,0.0,0.0,1.0,0.0,0.0,0.0,0.0,0.0,
ESP-La Liga,2021,2019-09-28 Getafe-Barcelona,Barcelona,Marc-André ter Stegen,False,Goalkeeper,1,start,end,1.0,0.0,0.0,0.0,0.0,0.0,0.0,0.0,1.0,0.0,1.0,0.0,0.0,0.0,
ESP-La Liga,2021,2019-09-28 Getafe-Barcelona,Getafe,David Soria,True,Goalkeeper,1,start,end,1.0,0.0,0.0,0.0,0.0,0.0,0.0,2.0,4.0,0.0,0.0,0.0,0.0,0.0,
ESP-La Liga,2021,2019-09-28 Granada-Leganés,Granada,Rui Silva,True,Goalkeeper,1,start,end,1.0,0.0,0.0,0.0,0.0,0.0,0.0,0.0,6.0,0.0,0.0,0.0,0.0,0.0,
ESP-La Liga,2021,2019-09-28 Granada-Leganés,Leganés,Juan Soriano,False,Goalkeeper,1,start,end,1.0,0.0,0.0,0.0,0.0,0.0,0.0,1.0,3.0,0.0,0.0,0.0,0.0,0.0,
ESP-La Liga,2021,2019-09-29 Alavés-Mallorca,Alavés,Antonio Sivera,True,Goalkeeper,1,start,end,1.0,0.0,0.0,0.0,0.0,0.0,0.0,0.0,1.0,0.0,0.0,0.0,0.0,0.0,
ESP-La Liga,2021,2019-09-29 Alavés-Mallorca,Mallorca,Manolo Reina,False,Goalkeeper,1,start,end,1.0,0.0,0.0,0.0,0.0,0.0,0.0,2.0,4.0,0.0,0.0,0.0,0.0,0.0,
ESP-La Liga,2021,2019-09-29 Eibar-Celta Vigo,Celta Vigo,Rubén Blanco,False,Goalkeeper,1,start,end,1.0,0.0,0.0,0.0,0.0,0.0,0.0,2.0,1.0,0.0,0.0,0.0,0.0,0.0,
ESP-La Liga,2021,2019-09-29 Eibar-Celta Vigo,Eibar,Marko Dmitrovic,True,Goalkeeper,1,start,end,1.0,0.0,0.0,0.0,0.0,0.0,0.0,0.0,2.0,0.0,0.0,0.0,0.0,0.0,
ESP-La Liga,2021,2019-09-29 Espanyol-Real Valladolid,Espanyol,Diego López,True,Goalkeeper,1,start,end,1.0,0.0,0.0,0.0,0.0,0.0,0.0,2.0,4.0,0.0,0.0,0.0,0.0,0.0,
ESP-La Liga,2021,2019-09-29 Espanyol-Real Valladolid,Real Valladolid,Jordi Masip,False,Goalkeeper,1,start,end,1.0,0.0,0.0,0.0,0.0,0.0,0.0,0.0,2.0,0.0,0.0,0.0,0.0,0.0,
ESP-La Liga,2021,2019-09-29 Levante-Osasuna,Levante,Aitor Fernández,True,Goalkeeper,1,start,end,1.0,0.0,0.0,0.0,0.0,0.0,1.0,1.0,2.0,0.0,0.0,0.0,0.0,0.0,
ESP-La Liga,2021,2019-09-29 Levante-Osasuna,Osasuna,Rubén,False,Goalkeeper,1,start,end,1.0,0.0,0.0,0.0,0.0,0.0,0.0,1.0,4.0,0.0,0.0,0.0,0.0,0.0,
ESP-La Liga,2021,2019-09-29 Sevilla-Real Sociedad,Real Sociedad,Miguel Ángel Moyà,False,Goalkeeper,1,start,end,1.0,0.0,0.0,0.0,0.0,0.0,0.0,3.0,5.0,0.0,0.0,0.0,0.0,0.0,
ESP-La Liga,2021,2019-09-29 Sevilla-Real Sociedad,Sevilla,Tomás Vaclík,True,Goalkeeper,1,start,end,1.0,0.0,0.0,0.0,0.0,0.0,0.0,2.0,0.0,0.0,0.0,0.0,0.0,0.0,
ESP-La Liga,2021,2019-10-04 Real Betis-Eibar,Eibar,Marko Dmitrovic,False,Goalkeeper,1,start,end,1.0,0.0,0.0,0.0,0.0,0.0,0.0,1.0,2.0,0.0,0.0,0.0,0.0,0.0,
ESP-La Liga,2021,2019-10-04 Real Betis-Eibar,Real Betis,Joel Robles,True,Goalkeeper,1,start,end,1.0,0.0,0.0,0.0,0.0,0.0,0.0,1.0,1.0,0.0,0.0,0.0,0.0,0.0,
ESP-La Liga,2021,2019-10-05 Leganés-Levante,Leganés,Juan Soriano,True,Goalkeeper,1,start,end,1.0,0.0,0.0,0.0,0.0,0.0,0.0,2.0,0.0,0.0,0.0,1.0,0.0,1.0,
ESP-La Liga,2021,2019-10-05 Leganés-Levante,Levante,Aitor Fernández,False,Goalkeeper,1,start,end,1.0,0.0,0.0,0.0,0.0,0.0,0.0,1.0,9.0,0.0,0.0,0.0,0.0,0.0,
ESP-La Liga,2021,2019-10-05 Osasuna-Villarreal,Osasuna,Rubén,True,Goalkeeper,1,start,end,1.0,0.0,0.0,0.0,0.0,0.0,0.0,1.0,4.0,0.0,0.0,0.0,0.0,0.0,
ESP-La Liga,2021,2019-10-05 Osasuna-Villarreal,Villarreal,Sergio Asenjo,False,Goalkeeper,1,start,end,1.0,0.0,0.0,0.0,0.0,0.0,0.0,2.0,2.0,0.0,0.0,0.0,0.0,0.0,
ESP-La Liga,2021,2019-10-05 Real Madrid-Granada,Granada,Rui Silva,False,Goalkeeper,1,start,end,1.0,0.0,0.0,0.0,0.0,0.0,0.0,4.0,6.0,0.0,0.0,0.0,0.0,0.0,
ESP-La Liga,2021,2019-10-05 Real Madrid-Granada,Real Madrid,Alphonse Areola,True,Goalkeeper,1,start,end,1.0,1.0,0.0,0.0,0.0,0.0,1.0,2.0,3.0,0.0,0.0,0.0,0.0,0.0,
ESP-La Liga,2021,2019-10-05 Valencia-Alavés,Alavés,Antonio Sivera,False,Goalkeeper,1,start,end,1.0,1.0,0.0,0.0,0.0,0.0,1.0,2.0,1.0,0.0,0.0,0.0,0.0,0.0,
ESP-La Liga,2021,2019-10-05 Valencia-Alavés,Valencia,Jasper Cillessen,True,Goalkeeper,1,start,end,1.0,0.0,1.0,0.0,0.0,0.0,0.0,1.0,3.0,0.0,0.0,0.0,0.0,0.0,
ESP-La Liga,2021,2019-10-06 Barcelona-Sevilla,Barcelona,Marc-André ter Stegen,True,Goalkeeper,1,start,end,1.0,0.0,0.0,0.0,0.0,0.0,0.0,0.0,4.0,0.0,0.0,0.0,0.0,0.0,
ESP-La Liga,2021,2019-10-06 Barcelona-Sevilla,Sevilla,Tomás Vaclík,False,Goalkeeper,1,start,end,1.0,0.0,0.0,0.0,0.0,0.0,0.0,4.0,4.0,0.0,0.0,0.0,0.0,0.0,
ESP-La Liga,2021,2019-10-06 Celta Vigo-Athletic Club,Athletic Club,Unai Simón,False,Goalkeeper,1,start,end,1.0,0.0,0.0,0.0,0.0,0.0,0.0,1.0,1.0,0.0,0.0,0.0,0.0,0.0,
ESP-La Liga,2021,2019-10-06 Celta Vigo-Athletic Club,Celta Vigo,Rubén Blanco,True,Goalkeeper,1,start,end,1.0,0.0,1.0,0.0,0.0,0.0,0.0,0.0,2.0,0.0,0.0,0.0,0.0,0.0,
ESP-La Liga,2021,2019-10-06 Mallorca-Espanyol,Espanyol,Diego López,False,Goalkeeper,1,start,end,1.0,0.0,0.0,0.0,0.0,0.0,0.0,2.0,1.0,0.0,0.0,0.0,0.0,0.0,
ESP-La Liga,2021,2019-10-06 Mallorca-Espanyol,Mallorca,Manolo Reina,True,Goalkeeper,1,start,end,1.0,0.0,1.0,0.0,0.0,0.0,0.0,0.0,3.0,0.0,0.0,0.0,0.0,0.0,
ESP-La Liga,2021,2019-10-06 Real Sociedad-Getafe,Getafe,David Soria,False,Goalkeeper,1,start,end,1.0,0.0,0.0,0.0,0.0,0.0,0.0,1.0,2.0,0.0,0.0,0.0,0.0,0.0,
ESP-La Liga,2021,2019-10-06 Real Sociedad-Getafe,Real Sociedad,Miguel Ángel Moyà,True,Goalkeeper,1,start,end,1.0,0.0,0.0,0.0,0.0,0.0,0.0,2.0,2.0,0.0,0.0,0.0,0.0,0.0,
ESP-La Liga,2021,2019-10-06 Real Valladolid-Atlético Madrid,Atlético Madrid,Jan Oblak,False,Goalkeeper,1,start,end,1.0,0.0,0.0,0.0,0.0,0.0,0.0,0.0,1.0,0.0,0.0,0.0,0.0,0.0,
ESP-La Liga,2021,2019-10-06 Real Valladolid-Atlético Madrid,Real Valladolid,Jordi Masip,True,Goalkeeper,1,start,end,1.0,0.0,0.0,0.0,0.0,0.0,0.0,0.0,1.0,0.0,0.0,0.0,0.0,0.0,
ESP-La Liga,2021,2019-10-18 Granada-Osasuna,Granada,Rui Silva,True,Goalkeeper,1,start,end,1.0,0.0,0.0,0.0,0.0,0.0,0.0,0.0,4.0,0.0,0.0,0.0,0.0,0.0,
ESP-La Liga,2021,2019-10-18 Granada-Osasuna,Osasuna,Rubén,False,Goalkeeper,1,start,end,1.0,0.0,0.0,0.0,0.0,0.0,0.0,1.0,1.0,0.0,0.0,0.0,0.0,0.0,
ESP-La Liga,2021,2019-10-19 Atlético Madrid-Valencia,Atlético Madrid,Jan Oblak,True,Goalkeeper,1,start,end,1.0,0.0,0.0,0.0,0.0,0.0,0.0,1.0,2.0,0.0,0.0,0.0,0.0,0.0,
ESP-La Liga,2021,2019-10-19 Atlético Madrid-Valencia,Valencia,Jasper Cillessen,False,Goalkeeper,1,start,end,1.0,0.0,0.0,0.0,0.0,0.0,0.0,1.0,3.0,0.0,0.0,0.0,0.0,0.0,
ESP-La Liga,2021,2019-10-19 Eibar-Barcelona,Barcelona,Marc-André ter Stegen,False,Goalkeeper,1,start,end,1.0,0.0,0.0,0.0,0.0,0.0,0.0,0.0,0.0,0.0,0.0,0.0,0.0,0.0,
ESP-La Liga,2021,2019-10-19 Eibar-Barcelona,Eibar,Marko Dmitrovic,True,Goalkeeper,1,start,end,1.0,0.0,0.0,0.0,0.0,0.0,0.0,3.0,1.0,0.0,0.0,0.0,0.0,0.0,
ESP-La Liga,2021,2019-10-19 Getafe-Leganés,Getafe,David Soria,True,Goalkeeper,1,start,end,1.0,0.0,0.0,0.0,0.0,0.0,0.0,0.0,3.0,0.0,0.0,0.0,0.0,0.0,
ESP-La Liga,2021,2019-10-19 Getafe-Leganés,Leganés,Iván Cuéllar,False,Goalkeeper,1,start,end,1.0,0.0,1.0,0.0,0.0,0.0,0.0,2.0,0.0,0.0,0.0,0.0,0.0,0.0,
ESP-La Liga,2021,2019-10-19 Mallorca-Real Madrid,Mallorca,Manolo Reina,True,Goalkeeper,1,start,end,1.0,0.0,2.0,0.0,0.0,0.0,0.0,0.0,4.0,0.0,0.0,0.0,0.0,0.0,
ESP-La Liga,2021,2019-10-19 Mallorca-Real Madrid,Real Madrid,Thibaut Courtois,False,Goalkeeper,1,start,end,1.0,0.0,0.0,0.0,0.0,0.0,0.0,1.0,0.0,0.0,0.0,0.0,0.0,0.0,
ESP-La Liga,2021,2019-10-20 Alavés-Celta Vigo,Alavés,Fernando Pacheco,True,Goalkeeper,1,start,end,1.0,0.0,0.0,0.0,0.0,0.0,0.0,0.0,2.0,0.0,0.0,0.0,0.0,0.0,
ESP-La Liga,2021,2019-10-20 Alavés-Celta Vigo,Celta Vigo,Rubén Blanco,False,Goalkeeper,1,start,end,1.0,0.0,0.0,0.0,0.0,0.0,0.0,2.0,3.0,0.0,0.0,0.0,0.0,0.0,
ESP-La Liga,2021,2019-10-20 Athletic Club-Real Valladolid,Athletic Club,Unai Simón,True,Goalkeeper,1,start,end,1.0,0.0,0.0,0.0,0.0,0.0,0.0,1.0,3.0,0.0,0.0,0.0,0.0,0.0,
ESP-La Liga,2021,2019-10-20 Athletic Club-Real Valladolid,Real Valladolid,Jordi Masip,False,Goalkeeper,1,start,end,1.0,0.0,0.0,0.0,0.0,0.0,1.0,1.0,6.0,0.0,0.0,0.0,0.0,0.0,
ESP-La Liga,2021,2019-10-20 Espanyol-Villarreal,Espanyol,Diego López,True,Goalkeeper,1,start,end,1.0,0.0,0.0,0.0,0.0,0.0,1.0,1.0,5.0,0.0,0.0,0.0,0.0,0.0,
ESP-La Liga,2021,2019-10-20 Espanyol-Villarreal,Villarreal,Sergio Asenjo,False,Goalkeeper,1,start,end,1.0,1.0,0.0,0.0,0.0,0.0,0.0,0.0,3.0,0.0,0.0,0.0,0.0,0.0,
ESP-La Liga,2021,2019-10-20 Real Sociedad-Real Betis,Real Betis,Joel Robles,False,Goalkeeper,1,start,end,1.0,0.0,0.0,0.0,0.0,0.0,0.0,3.0,2.0,0.0,0.0,0.0,0.0,0.0,
ESP-La Liga,2021,2019-10-20 Real Sociedad-Real Betis,Real Sociedad,Álex Remiro,True,Goalkeeper,1,start,end,1.0,0.0,0.0,0.0,0.0,0.0,0.0,1.0,4.0,0.0,0.0,0.0,0.0,0.0,
ESP-La Liga,2021,2019-10-20 Sevilla-Levante,Levante,Aitor Fernández,False,Goalkeeper,1,start,end,1.0,0.0,0.0,0.0,0.0,0.0,0.0,1.0,4.0,0.0,0.0,0.0,0.0,0.0,
ESP-La Liga,2021,2019-10-20 Sevilla-Levante,Sevilla,Tomás Vaclík,True,Goalkeeper,1,start,end,1.0,0.0,0.0,0.0,0.0,0.0,0.0,0.0,5.0,0.0,0.0,0.0,0.0,0.0,
ESP-La Liga,2021,2019-10-25 Villarreal-Alavés,Alavés,Fernando Pacheco,False,Goalkeeper,1,start,end,1.0,0.0,0.0,0.0,0.0,0.0,0.0,4.0,4.0,0.0,0.0,0.0,0.0,0.0,
ESP-La Liga,2021,2019-10-25 Villarreal-Alavés,Villarreal,Sergio Asenjo,True,Goalkeeper,1,start,end,1.0,0.0,1.0,0.0,0.0,0.0,0.0,1.0,2.0,0.0,0.0,0.0,0.0,0.0,
ESP-La Liga,2021,2019-10-26 Atlético Madrid-Athletic Club,Athletic Club,Unai Simón,False,Goalkeeper,1,start,end,1.0,1.0,0.0,0.0,0.0,0.0,1.0,2.0,0.0,0.0,0.0,0.0,0.0,0.0,
ESP-La Liga,2021,2019-10-26 Atlético Madrid-Athletic Club,Atlético Madrid,Jan Oblak,True,Goalkeeper,1,start,end,1.0,0.0,0.0,0.0,0.0,0.0,0.0,0.0,2.0,0.0,0.0,0.0,0.0,0.0,
ESP-La Liga,2021,2019-10-26 Leganés-Mallorca,Leganés,Iván Cuéllar,True,Goalkeeper,1,start,end,1.0,0.0,1.0,0.0,0.0,0.0,1.0,0.0,1.0,0.0,0.0,0.0,0.0,0.0,
ESP-La Liga,2021,2019-10-26 Leganés-Mallorca,Mallorca,Manolo Reina,False,Goalkeeper,1,start,end,1.0,0.0,1.0,0.0,0.0,0.0,0.0,1.0,2.0,0.0,0.0,0.0,0.0,0.0,
ESP-La Liga,2021,2019-10-26 Real Valladolid-Eibar,Eibar,Marko Dmitrovic,False,Goalkeeper,1,start,end,1.0,0.0,0.0,0.0,0.0,0.0,0.0,2.0,2.0,0.0,0.0,0.0,0.0,0.0,
ESP-La Liga,2021,2019-10-26 Real Valladolid-Eibar,Real Valladolid,Jordi Masip,True,Goalkeeper,1,start,end,1.0,0.0,0.0,0.0,0.0,0.0,0.0,0.0,3.0,0.0,0.0,0.0,0.0,0.0,
ESP-La Liga,2021,2019-10-27 Celta Vigo-Real Sociedad,Celta Vigo,Rubén Blanco,True,Goalkeeper,1,start,end,1.0,0.0,0.0,0.0,0.0,0.0,0.0,1.0,3.0,0.0,0.0,0.0,0.0,0.0,
ESP-La Liga,2021,2019-10-27 Celta Vigo-Real Sociedad,Real Sociedad,Álex Remiro,False,Goalkeeper,1,start,end,1.0,0.0,0.0,0.0,0.0,0.0,0.0,0.0,1.0,0.0,0.0,0.0,0.0,0.0,
ESP-La Liga,2021,2019-10-27 Granada-Real Betis,Granada,Rui Silva,True,Goalkeeper,1,start,end,1.0,0.0,0.0,0.0,0.0,0.0,0.0,0.0,0.0,0.0,0.0,0.0,0.0,0.0,
ESP-La Liga,2021,2019-10-27 Granada-Real Betis,Real Betis,Joel Robles,False,Goalkeeper,1,start,end,1.0,0.0,0.0,0.0,0.0,0.0,0.0,1.0,2.0,0.0,0.0,0.0,0.0,0.0,
ESP-La Liga,2021,2019-10-27 Levante-Espanyol,Espanyol,Diego López,False,Goalkeeper,1,start,end,1.0,0.0,1.0,0.0,0.0,0.0,0.0,0.0,3.0,0.0,0.0,0.0,0.0,0.0,
ESP-La Liga,2021,2019-10-27 Levante-Espanyol,Levante,Aitor Fernández,True,Goalkeeper,1,start,end,1.0,0.0,0.0,0.0,0.0,0.0,0.0,1.0,2.0,0.0,0.0,0.0,0.0,0.0,
ESP-La Liga,2021,2019-10-27 Osasuna-Valencia,Osasuna,Rubén,True,Goalkeeper,1,start,end,1.0,0.0,0.0,0.0,0.0,0.0,0.0,1.0,0.0,0.0,0.0,0.0,0.0,0.0,
ESP-La Liga,2021,2019-10-27 Osasuna-Valencia,Valencia,Jaume Doménech,False,Goalkeeper,1,start,end,1.0,0.0,0.0,0.0,0.0,0.0,0.0,3.0,11.0,0.0,0.0,0.0,0.0,0.0,
ESP-La Liga,2021,2019-10-27 Sevilla-Getafe,Getafe,David Soria,False,Goalkeeper,1,start,end,1.0,0.0,0.0,0.0,0.0,0.0,0.0,2.0,7.0,0.0,0.0,0.0,0.0,0.0,
ESP-La Liga,2021,2019-10-27 Sevilla-Getafe,Sevilla,Tomás Vaclík,True,Goalkeeper,1,start,end,1.0,0.0,0.0,0.0,0.0,0.0,0.0,0.0,5.0,0.0,0.0,0.0,0.0,0.0,
ESP-La Liga,2021,2019-10-29 Alavés-Atlético Madrid,Alavés,Fernando Pacheco,True,Goalkeeper,1,start,end,1.0,0.0,0.0,0.0,0.0,0.0,0.0,1.0,2.0,0.0,0.0,0.0,0.0,0.0,
ESP-La Liga,2021,2019-10-29 Alavés-Atlético Madrid,Atlético Madrid,Jan Oblak,False,Goalkeeper,1,start,end,1.0,0.0,0.0,0.0,0.0,0.0,0.0,1.0,2.0,0.0,0.0,0.0,0.0,0.0,
ESP-La Liga,2021,2019-10-29 Barcelona-Real Valladolid,Barcelona,Marc-André ter Stegen,True,Goalkeeper,1,start,end,1.0,0.0,0.0,0.0,0.0,0.0,0.0,1.0,0.0,0.0,0.0,0.0,0.0,0.0,
ESP-La Liga,2021,2019-10-29 Barcelona-Real Valladolid,Real Valladolid,Jordi Masip,False,Goalkeeper,1,start,end,1.0,0.0,0.0,0.0,0.0,0.0,0.0,5.0,4.0,0.0,0.0,0.0,0.0,0.0,
ESP-La Liga,2021,2019-10-30 Athletic Club-Espanyol,Athletic Club,Unai Simón,True,Goalkeeper,1,start,end,1.0,0.0,0.0,0.0,0.0,0.0,0.0,0.0,5.0,0.0,0.0,0.0,0.0,0.0,
ESP-La Liga,2021,2019-10-30 Athletic Club-Espanyol,Espanyol,Diego López,False,Goalkeeper,1,start,end,1.0,0.0,0.0,0.0,0.0,0.0,0.0,3.0,3.0,0.0,0.0,0.0,0.0,0.0,
ESP-La Liga,2021,2019-10-30 Real Betis-Celta Vigo,Celta Vigo,Rubén Blanco,False,Goalkeeper,1,start,end,1.0,0.0,0.0,0.0,0.0,0.0,0.0,2.0,5.0,0.0,0.0,0.0,0.0,0.0,
ESP-La Liga,2021,2019-10-30 Real Betis-Celta Vigo,Real Betis,Joel Robles,True,Goalkeeper,1,start,end,1.0,0.0,0.0,0.0,0.0,0.0,1.0,1.0,4.0,0.0,0.0,0.0,0.0,0.0,
ESP-La Liga,2021,2019-10-30 Real Madrid-Leganés,Leganés,Juan Soriano,False,Goalkeeper,1,start,end,1.0,1.0,0.0,0.0,0.0,0.0,1.0,5.0,6.0,0.0,0.0,0.0,0.0,0.0,
ESP-La Liga,2021,2019-10-30 Real Madrid-Leganés,Real Madrid,Thibaut Courtois,True,Goalkeeper,1,start,end,1.0,0.0,0.0,0.0,0.0,0.0,0.0,0.0,3.0,0.0,0.0,0.0,0.0,0.0,
ESP-La Liga,2021,2019-10-30 Real Sociedad-Levante,Levante,Aitor Fernández,False,Goalkeeper,1,start,end,1.0,0.0,1.0,0.0,0.0,0.0,1.0,1.0,4.0,0.0,0.0,0.0,0.0,0.0,
ESP-La Liga,2021,2019-10-30 Real Sociedad-Levante,Real Sociedad,Álex Remiro,True,Goalkeeper,1,start,end,1.0,0.0,0.0,0.0,0.0,0.0,0.0,2.0,3.0,0.0,0.0,0.0,0.0,1.0,
ESP-La Liga,2021,2019-10-30 Valencia-Sevilla,Sevilla,Tomás Vaclík,False,Goalkeeper,1,start,end,1.0,0.0,0.0,0.0,0.0,0.0,0.0,1.0,2.0,0.0,0.0,0.0,0.0,0.0,
ESP-La Liga,2021,2019-10-30 Valencia-Sevilla,Valencia,Jasper Cillessen,True,Goalkeeper,1,start,end,1.0,0.0,0.0,0.0,0.0,0.0,0.0,1.0,0.0,0.0,0.0,0.0,0.0,0.0,
ESP-La Liga,2021,2019-10-31 Eibar-Villarreal,Eibar,Marko Dmitrovic,True,Goalkeeper,1,start,end,1.0,0.0,1.0,0.0,0.0,0.0,0.0,1.0,1.0,0.0,0.0,0.0,0.0,0.0,
ESP-La Liga,2021,2019-10-31 Eibar-Villarreal,Villarreal,Sergio Asenjo,False,Goalkeeper,1,start,end,1.0,0.0,0.0,0.0,0.0,0.0,0.0,2.0,6.0,0.0,0.0,0.0,0.0,0.0,
ESP-La Liga,2021,2019-10-31 Getafe-Granada,Getafe,David Soria,True,Goalkeeper,1,start,end,1.0,0.0,0.0,0.0,0.0,0.0,1.0,1.0,1.0,0.0,0.0,0.0,0.0,0.0,
ESP-La Liga,2021,2019-10-31 Getafe-Granada,Granada,Rui Silva,False,Goalkeeper,1,start,end,1.0,0.0,0.0,0.0,0.0,0.0,0.0,3.0,0.0,0.0,0.0,0.0,0.0,0.0,
ESP-La Liga,2021,2019-10-31 Mallorca-Osasuna,Mallorca,Manolo Reina,True,Goalkeeper,1,start,end,1.0,0.0,0.0,0.0,0.0,0.0,0.0,2.0,2.0,0.0,0.0,0.0,0.0,0.0,
ESP-La Liga,2021,2019-10-31 Mallorca-Osasuna,Osasuna,Rubén,False,Goalkeeper,1,start,end,1.0,0.0,0.0,0.0,0.0,0.0,0.0,2.0,1.0,0.0,0.0,0.0,0.0,0.0,
ESP-La Liga,2021,2019-11-02 Espanyol-Valencia,Espanyol,Diego López,True,Goalkeeper,1,start,end,1.0,0.0,1.0,0.0,0.0,0.0,0.0,2.0,2.0,0.0,0.0,0.0,0.0,0.0,
ESP-La Liga,2021,2019-11-02 Espanyol-Valencia,Valencia,Jasper Cillessen,False,Goalkeeper,1,start,end,1.0,0.0,0.0,0.0,0.0,0.0,0.0,1.0,3.0,0.0,0.0,0.0,0.0,0.0,
ESP-La Liga,2021,2019-11-02 Levante-Barcelona,Barcelona,Marc-André ter Stegen,False,Goalkeeper,1,start,end,1.0,0.0,0.0,0.0,0.0,0.0,0.0,3.0,0.0,0.0,0.0,0.0,0.0,0.0,
ESP-La Liga,2021,2019-11-02 Levante-Barcelona,Levante,Aitor Fernández,True,Goalkeeper,1,start,end,1.0,0.0,0.0,0.0,0.0,0.0,0.0,1.0,5.0,0.0,0.0,0.0,0.0,0.0,
ESP-La Liga,2021,2019-11-02 Real Madrid-Real Betis,Real Betis,Joel Robles,False,Goalkeeper,1,start,end,1.0,0.0,1.0,0.0,0.0,0.0,1.0,0.0,7.0,0.0,0.0,0.0,0.0,0.0,
ESP-La Liga,2021,2019-11-02 Real Madrid-Real Betis,Real Madrid,Thibaut Courtois,True,Goalkeeper,1,start,end,1.0,0.0,0.0,0.0,0.0,0.0,0.0,0.0,3.0,0.0,0.0,0.0,0.0,0.0,
ESP-La Liga,2021,2019-11-02 Sevilla-Atlético Madrid,Atlético Madrid,Jan Oblak,False,Goalkeeper,1,start,end,1.0,0.0,0.0,0.0,0.0,0.0,0.0,1.0,3.0,0.0,0.0,0.0,0.0,0.0,
ESP-La Liga,2021,2019-11-02 Sevilla-Atlético Madrid,Sevilla,Tomás Vaclík,True,Goalkeeper,1,start,end,1.0,0.0,0.0,0.0,0.0,0.0,0.0,1.0,3.0,0.0,0.0,0.0,0.0,0.0,
ESP-La Liga,2021,2019-11-03 Celta Vigo-Getafe,Celta Vigo,Rubén Blanco,True,Goalkeeper,1,start,end,1.0,0.0,0.0,0.0,0.0,0.0,0.0,1.0,3.0,0.0,0.0,0.0,0.0,0.0,
ESP-La Liga,2021,2019-11-03 Celta Vigo-Getafe,Getafe,David Soria,False,Goalkeeper,1,start,end,1.0,0.0,0.0,0.0,0.0,0.0,0.0,0.0,2.0,0.0,0.0,0.0,0.0,0.0,
ESP-La Liga,2021,2019-11-03 Granada-Real Sociedad,Granada,Rui Silva,True,Goalkeeper,1,start,end,1.0,0.0,0.0,0.0,0.0,0.0,0.0,2.0,3.0,0.0,0.0,0.0,0.0,0.0,
ESP-La Liga,2021,2019-11-03 Granada-Real Sociedad,Real Sociedad,Álex Remiro,False,Goalkeeper,1,start,end,1.0,0.0,0.0,0.0,0.0,0.0,0.0,1.0,2.0,0.0,0.0,0.0,0.0,0.0,
ESP-La Liga,2021,2019-11-03 Leganés-Eibar,Eibar,Marko Dmitrovic,False,Goalkeeper,1,start,end,1.0,0.0,0.0,0.0,0.0,0.0,0.0,1.0,4.0,0.0,0.0,0.0,0.0,0.0,
ESP-La Liga,2021,2019-11-03 Leganés-Eibar,Leganés,Iván Cuéllar,True,Goalkeeper,1,start,end,1.0,0.0,0.0,0.0,0.0,0.0,0.0,2.0,2.0,0.0,0.0,0.0,0.0,0.0,
ESP-La Liga,2021,2019-11-03 Osasuna-Alavés,Alavés,Fernando Pacheco,False,Goalkeeper,1,start,end,1.0,0.0,0.0,0.0,0.0,0.0,0.0,4.0,2.0,0.0,0.0,0.0,0.0,0.0,
ESP-La Liga,2021,2019-11-03 Osasuna-Alavés,Osasuna,Rubén,True,Goalkeeper,1,start,end,1.0,0.0,0.0,0.0,0.0,0.0,0.0,2.0,1.0,0.0,0.0,0.0,0.0,0.0,
ESP-La Liga,2021,2019-11-03 Real Valladolid-Mallorca,Mallorca,Fabri,False,Goalkeeper,1,start,end,1.0,1.0,0.0,0.0,0.0,0.0,0.0,3.0,3.0,0.0,0.0,0.0,0.0,0.0,
ESP-La Liga,2021,2019-11-03 Real Valladolid-Mallorca,Real Valladolid,Jordi Masip,True,Goalkeeper,1,start,end,1.0,0.0,0.0,0.0,0.0,0.0,0.0,0.0,1.0,0.0,0.0,0.0,0.0,0.0,
ESP-La Liga,2021,2019-11-03 Villarreal-Athletic Club,Athletic Club,Unai Simón,False,Goalkeeper,1,start,end,1.0,0.0,0.0,0.0,0.0,0.0,0.0,0.0,7.0,0.0,0.0,0.0,0.0,0.0,
ESP-La Liga,2021,2019-11-03 Villarreal-Athletic Club,Villarreal,Sergio Asenjo,True,Goalkeeper,1,start,end,1.0,0.0,0.0,0.0,0.0,0.0,0.0,0.0,1.0,0.0,0.0,0.0,0.0,0.0,
ESP-La Liga,2021,2019-11-08 Real Sociedad-Leganés,Leganés,Iván Cuéllar,False,Goalkeeper,1,start,end,1.0,0.0,0.0,0.0,0.0,0.0,0.0,1.0,4.0,0.0,0.0,0.0,0.0,0.0,
ESP-La Liga,2021,2019-11-08 Real Sociedad-Leganés,Real Sociedad,Álex Remiro,True,Goalkeeper,1,start,end,1.0,0.0,1.0,0.0,0.0,0.0,0.0,1.0,1.0,0.0,0.0,0.0,0.0,0.0,
ESP-La Liga,2021,2019-11-09 Alavés-Real Valladolid,Alavés,Fernando Pacheco,True,Goalkeeper,1,start,end,1.0,0.0,0.0,0.0,0.0,0.0,0.0,0.0,1.0,0.0,0.0,0.0,0.0,0.0,
ESP-La Liga,2021,2019-11-09 Alavés-Real Valladolid,Real Valladolid,Jordi Masip,False,Goalkeeper,1,start,end,1.0,0.0,0.0,0.0,0.0,0.0,0.0,3.0,2.0,0.0,0.0,0.0,0.0,0.0,
ESP-La Liga,2021,2019-11-09 Barcelona-Celta Vigo,Barcelona,Marc-André ter Stegen,True,Goalkeeper,1,start,end,1.0,0.0,0.0,0.0,0.0,0.0,0.0,1.0,4.0,0.0,0.0,0.0,0.0,0.0,
ESP-La Liga,2021,2019-11-09 Barcelona-Celta Vigo,Celta Vigo,Rubén Blanco,False,Goalkeeper,1,start,end,1.0,0.0,0.0,0.0,0.0,0.0,0.0,4.0,3.0,0.0,0.0,0.0,0.0,0.0,
ESP-La Liga,2021,2019-11-09 Eibar-Real Madrid,Eibar,Marko Dmitrovic,True,Goalkeeper,1,start,end,1.0,0.0,0.0,0.0,0.0,0.0,0.0,4.0,1.0,0.0,0.0,0.0,0.0,0.0,
ESP-La Liga,2021,2019-11-09 Eibar-Real Madrid,Real Madrid,Thibaut Courtois,False,Goalkeeper,1,start,end,1.0,0.0,0.0,0.0,0.0,0.0,0.0,0.0,1.0,0.0,0.0,0.0,0.0,0.0,
ESP-La Liga,2021,2019-11-09 Valencia-Granada,Granada,Rui Silva,False,Goalkeeper,1,start,end,1.0,0.0,0.0,0.0,0.0,0.0,0.0,2.0,2.0,0.0,0.0,0.0,0.0,0.0,
ESP-La Liga,2021,2019-11-09 Valencia-Granada,Valencia,Jasper Cillessen,True,Goalkeeper,1,start,end,1.0,0.0,0.0,0.0,0.0,0.0,0.0,0.0,1.0,0.0,1.0,0.0,0.0,0.0,
ESP-La Liga,2021,2019-11-10 Athletic Club-Levante,Athletic Club,Unai Simón,True,Goalkeeper,1,start,end,1.0,0.0,0.0,0.0,0.0,0.0,0.0,1.0,1.0,0.0,0.0,0.0,0.0,0.0,
ESP-La Liga,2021,2019-11-10 Athletic Club-Levante,Levante,Aitor Fernández,False,Goalkeeper,1,start,end,1.0,0.0,0.0,0.0,0.0,0.0,0.0,2.0,8.0,0.0,0.0,0.0,0.0,0.0,
ESP-La Liga,2021,2019-11-10 Atlético Madrid-Espanyol,Atlético Madrid,Jan Oblak,True,Goalkeeper,1,start,end,1.0,0.0,1.0,0.0,0.0,0.0,0.0,1.0,0.0,0.0,0.0,0.0,0.0,0.0,
ESP-La Liga,2021,2019-11-10 Atlético Madrid-Espanyol,Espanyol,Diego López,False,Goalkeeper,1,start,end,1.0,0.0,0.0,0.0,0.0,0.0,0.0,3.0,2.0,0.0,0.0,0.0,0.0,0.0,
ESP-La Liga,2021,2019-11-10 Getafe-Osasuna,Getafe,David Soria,True,Goalkeeper,1,start,end,1.0,0.0,0.0,0.0,0.0,0.0,0.0,0.0,1.0,0.0,0.0,0.0,0.0,0.0,
ESP-La Liga,2021,2019-11-10 Getafe-Osasuna,Osasuna,Rubén,False,Goalkeeper,1,start,19,1.0,0.0,1.0,0.0,0.0,0.0,0.0,0.0,1.0,0.0,0.0,0.0,0.0,0.0,
ESP-La Liga,2021,2019-11-10 Mallorca-Villarreal,Mallorca,Manolo Reina,True,Goalkeeper,1,start,end,1.0,0.0,0.0,0.0,0.0,0.0,0.0,1.0,5.0,0.0,0.0,0.0,0.0,0.0,
ESP-La Liga,2021,2019-11-10 Mallorca-Villarreal,Villarreal,Sergio Asenjo,False,Goalkeeper,1,start,end,1.0,1.0,0.0,0.0,0.0,0.0,1.0,3.0,0.0,0.0,0.0,0.0,0.0,0.0,
ESP-La Liga,2021,2019-11-10 Real Betis-Sevilla,Real Betis,Joel Robles,True,Goalkeeper,1,start,end,1.0,0.0,0.0,0.0,0.0,0.0,0.0,2.0,4.0,0.0,0.0,0.0,0.0,0.0,
ESP-La Liga,2021,2019-11-10 Real Betis-Sevilla,Sevilla,Tomás Vaclík,False,Goalkeeper,1,start,end,1.0,0.0,0.0,0.0,0.0,0.0,0.0,1.0,4.0,0.0,0.0,0.0,0.0,0.0,
ESP-La Liga,2021,2019-11-22 Levante-Mallorca,Levante,Aitor Fernández,True,Goalkeeper,1,start,end,1.0,0.0,0.0,0.0,0.0,0.0,0.0,1.0,6.0,0.0,0.0,0.0,0.0,0.0,
ESP-La Liga,2021,2019-11-22 Levante-Mallorca,Mallorca,Manolo Reina,False,Goalkeeper,1,start,end,1.0,0.0,0.0,0.0,0.0,0.0,0.0,2.0,4.0,0.0,0.0,0.0,0.0,0.0,
ESP-La Liga,2021,2019-11-23 Granada-Atlético Madrid,Atlético Madrid,Jan Oblak,False,Goalkeeper,1,start,end,1.0,0.0,0.0,0.0,0.0,0.0,0.0,1.0,2.0,0.0,0.0,0.0,0.0,0.0,
ESP-La Liga,2021,2019-11-23 Granada-Atlético Madrid,Granada,Rui Silva,True,Goalkeeper,1,start,end,1.0,0.0,1.0,0.0,0.0,0.0,0.0,1.0,5.0,0.0,0.0,0.0,0.0,0.0,
ESP-La Liga,2021,2019-11-23 Leganés-Barcelona,Barcelona,Marc-André ter Stegen,False,Goalkeeper,1,start,end,1.0,0.0,0.0,0.0,0.0,0.0,0.0,1.0,3.0,0.0,0.0,0.0,0.0,0.0,
ESP-La Liga,2021,2019-11-23 Leganés-Barcelona,Leganés,Iván Cuéllar,True,Goalkeeper,1,start,end,1.0,0.0,0.0,0.0,0.0,0.0,0.0,2.0,4.0,0.0,0.0,0.0,0.0,0.0,
ESP-La Liga,2021,2019-11-23 Real Betis-Valencia,Real Betis,Joel Robles,True,Goalkeeper,1,start,end,1.0,0.0,0.0,0.0,0.0,0.0,0.0,1.0,2.0,0.0,0.0,0.0,0.0,0.0,
ESP-La Liga,2021,2019-11-23 Real Betis-Valencia,Valencia,Jasper Cillessen,False,Goalkeeper,1,start,end,1.0,0.0,0.0,0.0,0.0,0.0,0.0,2.0,6.0,0.0,0.0,0.0,0.0,0.0,
ESP-La Liga,2021,2019-11-23 Real Madrid-Real Sociedad,Real Madrid,Thibaut Courtois,True,Goalkeeper,1,start,end,1.0,0.0,2.0,0.0,0.0,0.0,0.0,1.0,5.0,0.0,0.0,0.0,0.0,0.0,
ESP-La Liga,2021,2019-11-23 Real Madrid-Real Sociedad,Real Sociedad,Álex Remiro,False,Goalkeeper,1,start,end,1.0,0.0,1.0,0.0,0.0,0.0,0.0,3.0,7.0,0.0,0.0,0.0,0.0,0.0,
ESP-La Liga,2021,2019-11-24 Eibar-Alavés,Alavés,Fernando Pacheco,False,Goalkeeper,1,start,end,1.0,0.0,0.0,0.0,0.0,0.0,0.0,0.0,7.0,0.0,0.0,0.0,0.0,0.0,
ESP-La Liga,2021,2019-11-24 Eibar-Alavés,Eibar,Marko Dmitrovic,True,Goalkeeper,1,start,end,1.0,0.0,0.0,0.0,0.0,0.0,0.0,2.0,4.0,0.0,0.0,0.0,0.0,0.0,
ESP-La Liga,2021,2019-11-24 Espanyol-Getafe,Espanyol,Diego López,True,Goalkeeper,1,start,end,1.0,0.0,0.0,0.0,0.0,0.0,0.0,1.0,1.0,0.0,0.0,0.0,0.0,0.0,
ESP-La Liga,2021,2019-11-24 Espanyol-Getafe,Getafe,David Soria,False,Goalkeeper,1,start,end,1.0,0.0,0.0,0.0,0.0,0.0,0.0,1.0,1.0,0.0,0.0,0.0,0.0,0.0,
ESP-La Liga,2021,2019-11-24 Osasuna-Athletic Club,Athletic Club,Unai Simón,False,Goalkeeper,1,start,end,1.0,0.0,0.0,0.0,0.0,0.0,0.0,1.0,6.0,0.0,0.0,0.0,0.0,0.0,
ESP-La Liga,2021,2019-11-24 Osasuna-Athletic Club,Osasuna,Sergio Herrera,True,Goalkeeper,1,start,end,1.0,0.0,3.0,0.0,0.0,0.0,0.0,2.0,2.0,0.0,0.0,0.0,0.0,0.0,
ESP-La Liga,2021,2019-11-24 Real Valladolid-Sevilla,Real Valladolid,Jordi Masip,True,Goalkeeper,1,start,end,1.0,0.0,0.0,0.0,0.0,0.0,1.0,1.0,1.0,0.0,0.0,0.0,0.0,0.0,
ESP-La Liga,2021,2019-11-24 Real Valladolid-Sevilla,Sevilla,Tomás Vaclík,False,Goalkeeper,1,start,end,1.0,0.0,1.0,0.0,0.0,0.0,0.0,0.0,1.0,0.0,0.0,0.0,0.0,0.0,
ESP-La Liga,2021,2019-11-24 Villarreal-Celta Vigo,Celta Vigo,Sergio Álvarez,False,Goalkeeper,1,start,end,1.0,0.0,0.0,0.0,0.0,0.0,1.0,1.0,0.0,0.0,0.0,0.0,0.0,0.0,
ESP-La Liga,2021,2019-11-24 Villarreal-Celta Vigo,Villarreal,Sergio Asenjo,True,Goalkeeper,1,start,end,1.0,0.0,0.0,0.0,0.0,0.0,0.0,3.0,4.0,0.0,0.0,0.0,0.0,0.0,
ESP-La Liga,2021,2019-11-29 Celta Vigo-Real Valladolid,Celta Vigo,Sergio Álvarez,True,Goalkeeper,1,start,end,1.0,0.0,0.0,0.0,0.0,0.0,0.0,0.0,2.0,0.0,0.0,0.0,0.0,0.0,
ESP-La Liga,2021,2019-11-29 Celta Vigo-Real Valladolid,Real Valladolid,Jordi Masip,False,Goalkeeper,1,start,end,1.0,0.0,0.0,0.0,0.0,0.0,0.0,0.0,5.0,0.0,0.0,0.0,0.0,0.0,
ESP-La Liga,2021,2019-11-30 Alavés-Real Madrid,Alavés,Fernando Pacheco,True,Goalkeeper,1,start,end,1.0,0.0,0.0,0.0,0.0,0.0,0.0,2.0,4.0,0.0,0.0,0.0,0.0,0.0,
ESP-La Liga,2021,2019-11-30 Alavés-Real Madrid,Real Madrid,Alphonse Areola,False,Goalkeeper,1,start,end,1.0,0.0,0.0,0.0,0.0,0.0,0.0,1.0,1.0,0.0,0.0,0.0,0.0,0.0,
ESP-La Liga,2021,2019-11-30 Mallorca-Real Betis,Mallorca,Manolo Reina,True,Goalkeeper,1,start,end,1.0,0.0,1.0,0.0,0.0,0.0,0.0,2.0,1.0,0.0,0.0,0.0,0.0,0.0,
ESP-La Liga,2021,2019-11-30 Mallorca-Real Betis,Real Betis,Joel Robles,False,Goalkeeper,1,start,end,1.0,0.0,0.0,0.0,0.0,0.0,0.0,1.0,6.0,0.0,0.0,0.0,0.0,0.0,
ESP-La Liga,2021,2019-11-30 Real Sociedad-Eibar,Eibar,Marko Dmitrovic,False,Goalkeeper,1,start,end,1.0,0.0,0.0,0.0,0.0,0.0,0.0,4.0,0.0,0.0,0.0,0.0,0.0,0.0,
ESP-La Liga,2021,2019-11-30 Real Sociedad-Eibar,Real Sociedad,Álex Remiro,True,Goalkeeper,1,start,end,1.0,0.0,0.0,0.0,0.0,0.0,0.0,1.0,3.0,0.0,0.0,0.0,0.0,0.0,
ESP-La Liga,2021,2019-11-30 Valencia-Villarreal,Valencia,Jasper Cillessen,True,Goalkeeper,1,start,end,1.0,0.0,0.0,0.0,0.0,0.0,0.0,1.0,6.0,0.0,0.0,0.0,0.0,0.0,
ESP-La Liga,2021,2019-11-30 Valencia-Villarreal,Villarreal,Sergio Asenjo,False,Goalkeeper,1,start,end,1.0,0.0,0.0,0.0,0.0,0.0,0.0,2.0,5.0,0.0,0.0,0.0,0.0,0.0,
ESP-La Liga,2021,2019-12-01 Athletic Club-Granada,Athletic Club,Unai Simón,True,Goalkeeper,1,start,end,1.0,0.0,0.0,0.0,0.0,0.0,0.0,0.0,1.0,0.0,0.0,0.0,0.0,0.0,
ESP-La Liga,2021,2019-12-01 Athletic Club-Granada,Granada,Rui Silva,False,Goalkeeper,1,start,end,1.0,0.0,0.0,0.0,0.0,0.0,1.0,2.0,4.0,0.0,0.0,0.0,0.0,0.0,
ESP-La Liga,2021,2019-12-01 Atlético Madrid-Barcelona,Atlético Madrid,Jan Oblak,True,Goalkeeper,1,start,end,1.0,0.0,0.0,0.0,0.0,0.0,0.0,1.0,4.0,0.0,0.0,0.0,0.0,0.0,
ESP-La Liga,2021,2019-12-01 Atlético Madrid-Barcelona,Barcelona,Marc-André ter Stegen,False,Goalkeeper,1,start,end,1.0,0.0,0.0,0.0,0.0,0.0,0.0,0.0,2.0,0.0,0.0,0.0,0.0,0.0,
ESP-La Liga,2021,2019-12-01 Espanyol-Osasuna,Espanyol,Diego López,True,Goalkeeper,1,start,end,1.0,0.0,0.0,0.0,0.0,0.0,0.0,4.0,4.0,0.0,0.0,0.0,0.0,0.0,
ESP-La Liga,2021,2019-12-01 Espanyol-Osasuna,Osasuna,Juan Pérez,False,Goalkeeper,1,start,end,1.0,0.0,0.0,0.0,0.0,0.0,0.0,2.0,3.0,0.0,0.0,0.0,0.0,0.0,
ESP-La Liga,2021,2019-12-01 Getafe-Levante,Getafe,David Soria,True,Goalkeeper,1,start,end,1.0,1.0,0.0,0.0,0.0,0.0,0.0,0.0,2.0,0.0,0.0,0.0,0.0,0.0,
ESP-La Liga,2021,2019-12-01 Getafe-Levante,Levante,Aitor Fernández,False,Goalkeeper,1,start,end,1.0,0.0,0.0,0.0,0.0,0.0,0.0,4.0,5.0,0.0,0.0,0.0,0.0,0.0,
ESP-La Liga,2021,2019-12-01 Sevilla-Leganés,Leganés,Iván Cuéllar,False,Goalkeeper,1,start,end,1.0,0.0,0.0,0.0,0.0,0.0,0.0,1.0,6.0,0.0,0.0,0.0,0.0,0.0,
ESP-La Liga,2021,2019-12-01 Sevilla-Leganés,Sevilla,Tomás Vaclík,True,Goalkeeper,1,start,end,1.0,0.0,0.0,0.0,0.0,0.0,0.0,0.0,4.0,0.0,0.0,0.0,0.0,0.0,
ESP-La Liga,2021,2019-12-06 Villarreal-Atlético Madrid,Atlético Madrid,Jan Oblak,False,Goalkeeper,1,start,end,1.0,0.0,0.0,0.0,0.0,0.0,0.0,0.0,3.0,0.0,0.0,0.0,0.0,0.0,
ESP-La Liga,2021,2019-12-06 Villarreal-Atlético Madrid,Villarreal,Sergio Asenjo,True,Goalkeeper,1,start,end,1.0,0.0,0.0,0.0,0.0,0.0,0.0,0.0,3.0,0.0,0.0,0.0,0.0,0.0,
ESP-La Liga,2021,2019-12-07 Barcelona-Mallorca,Barcelona,Marc-André ter Stegen,True,Goalkeeper,1,start,end,1.0,0.0,0.0,0.0,0.0,0.0,0.0,2.0,1.0,0.0,1.0,0.0,0.0,0.0,
ESP-La Liga,2021,2019-12-07 Barcelona-Mallorca,Mallorca,Manolo Reina,False,Goalkeeper,1,start,end,1.0,0.0,0.0,0.0,0.0,0.0,0.0,5.0,14.0,0.0,0.0,0.0,0.0,0.0,
ESP-La Liga,2021,2019-12-07 Granada-Alavés,Alavés,Fernando Pacheco,False,Goalkeeper,1,start,end,1.0,0.0,0.0,0.0,0.0,0.0,0.0,3.0,0.0,0.0,0.0,0.0,0.0,0.0,
ESP-La Liga,2021,2019-12-07 Granada-Alavés,Granada,Rui Silva,True,Goalkeeper,1,start,end,1.0,0.0,0.0,0.0,0.0,0.0,0.0,0.0,1.0,0.0,0.0,0.0,0.0,0.0,
ESP-La Liga,2021,2019-12-07 Levante-Valencia,Levante,Aitor Fernández,True,Goalkeeper,1,start,end,1.0,0.0,0.0,0.0,0.0,0.0,0.0,4.0,3.0,0.0,0.0,0.0,0.0,0.0,
ESP-La Liga,2021,2019-12-07 Levante-Valencia,Valencia,Jasper Cillessen,False,Goalkeeper,1,start,27,1.0,0.0,0.0,0.0,0.0,0.0,0.0,2.0,1.0,0.0,0.0,0.0,0.0,0.0,
ESP-La Liga,2021,2019-12-07 Real Madrid-Espanyol,Espanyol,Diego López,False,Goalkeeper,1,start,end,1.0,0.0,1.0,0.0,0.0,0.0,0.0,2.0,6.0,0.0,0.0,0.0,0.0,0.0,
ESP-La Liga,2021,2019-12-07 Real Madrid-Espanyol,Real Madrid,Thibaut Courtois,True,Goalkeeper,1,start,end,1.0,0.0,0.0,0.0,0.0,0.0,0.0,0.0,2.0,0.0,0.0,0.0,0.0,0.0,
ESP-La Liga,2021,2019-12-08 Eibar-Getafe,Eibar,Marko Dmitrovic,True,Goalkeeper,1,start,end,1.0,0.0,0.0,0.0,0.0,0.0,0.0,1.0,2.0,0.0,0.0,0.0,0.0,0.0,
ESP-La Liga,2021,2019-12-08 Eibar-Getafe,Getafe,David Soria,False,Goalkeeper,1,start,end,1.0,0.0,0.0,0.0,0.0,0.0,0.0,0.0,3.0,0.0,0.0,0.0,0.0,0.0,
ESP-La Liga,2021,2019-12-08 Leganés-Celta Vigo,Celta Vigo,Rubén Blanco,False,Goalkeeper,1,start,end,1.0,0.0,0.0,0.0,0.0,0.0,0.0,3.0,6.0,0.0,0.0,0.0,0.0,0.0,
ESP-La Liga,2021,2019-12-08 Leganés-Celta Vigo,Leganés,Iván Cuéllar,True,Goalkeeper,1,start,end,1.0,0.0,0.0,0.0,0.0,0.0,0.0,2.0,2.0,0.0,0.0,0.0,0.0,0.0,
ESP-La Liga,2021,2019-12-08 Osasuna-Sevilla,Osasuna,Juan Pérez,True,Goalkeeper,1,start,end,1.0,0.0,0.0,0.0,0.0,0.0,0.0,1.0,4.0,0.0,0.0,0.0,0.0,0.0,
ESP-La Liga,2021,2019-12-08 Osasuna-Sevilla,Sevilla,Tomás Vaclík,False,Goalkeeper,1,start,end,1.0,0.0,1.0,0.0,0.0,0.0,0.0,1.0,0.0,0.0,0.0,0.0,0.0,0.0,
ESP-La Liga,2021,2019-12-08 Real Betis-Athletic Club,Athletic Club,Unai Simón,False,Goalkeeper,1,start,end,1.0,0.0,0.0,0.0,0.0,0.0,0.0,3.0,3.0,0.0,0.0,0.0,0.0,0.0,
ESP-La Liga,2021,2019-12-08 Real Betis-Athletic Club,Real Betis,Joel Robles,True,Goalkeeper,1,start,end,1.0,0.0,0.0,0.0,0.0,0.0,0.0,2.0,0.0,0.0,0.0,0.0,0.0,0.0,
ESP-La Liga,2021,2019-12-08 Real Valladolid-Real Sociedad,Real Sociedad,Álex Remiro,False,Goalkeeper,1,start,end,1.0,0.0,0.0,0.0,0.0,0.0,0.0,0.0,2.0,0.0,0.0,0.0,0.0,0.0,
ESP-La Liga,2021,2019-12-08 Real Valladolid-Real Sociedad,Real Valladolid,Jordi Masip,True,Goalkeeper,1,start,end,1.0,0.0,0.0,0.0,0.0,0.0,0.0,0.0,2.0,0.0,0.0,0.0,0.0,0.0,
ESP-La Liga,2021,2019-12-13 Alavés-Leganés,Alavés,Fernando Pacheco,True,Goalkeeper,1,start,end,1.0,0.0,0.0,0.0,0.0,0.0,0.0,1.0,0.0,0.0,0.0,0.0,0.0,0.0,
ESP-La Liga,2021,2019-12-13 Alavés-Leganés,Leganés,Iván Cuéllar,False,Goalkeeper,1,start,end,1.0,0.0,0.0,0.0,0.0,0.0,0.0,1.0,2.0,0.0,0.0,0.0,0.0,0.0,
ESP-La Liga,2021,2019-12-14 Athletic Club-Eibar,Athletic Club,Unai Simón,True,Goalkeeper,1,start,end,1.0,0.0,0.0,0.0,0.0,0.0,0.0,0.0,2.0,0.0,0.0,0.0,0.0,0.0,
ESP-La Liga,2021,2019-12-14 Athletic Club-Eibar,Eibar,Marko Dmitrovic,False,Goalkeeper,1,start,end,1.0,0.0,0.0,0.0,0.0,0.0,1.0,0.0,3.0,0.0,0.0,0.0,0.0,0.0,
ESP-La Liga,2021,2019-12-14 Atlético Madrid-Osasuna,Atlético Madrid,Jan Oblak,True,Goalkeeper,1,start,end,1.0,0.0,0.0,0.0,0.0,0.0,0.0,0.0,3.0,0.0,0.0,0.0,0.0,0.0,
ESP-La Liga,2021,2019-12-14 Atlético Madrid-Osasuna,Osasuna,Sergio Herrera,False,Goalkeeper,1,start,end,1.0,0.0,0.0,0.0,0.0,0.0,1.0,2.0,7.0,0.0,0.0,0.0,0.0,0.0,
ESP-La Liga,2021,2019-12-14 Granada-Levante,Granada,Rui Silva,True,Goalkeeper,1,start,end,1.0,0.0,0.0,0.0,0.0,0.0,0.0,2.0,4.0,0.0,0.0,0.0,0.0,0.0,
ESP-La Liga,2021,2019-12-14 Granada-Levante,Levante,Aitor Fernández,False,Goalkeeper,1,start,end,1.0,0.0,0.0,0.0,0.0,0.0,0.0,1.0,3.0,0.0,0.0,0.0,0.0,0.0,
ESP-La Liga,2021,2019-12-14 Real Sociedad-Barcelona,Barcelona,Marc-André ter Stegen,False,Goalkeeper,1,start,end,1.0,0.0,0.0,0.0,0.0,0.0,0.0,2.0,3.0,0.0,0.0,0.0,0.0,0.0,
ESP-La Liga,2021,2019-12-14 Real Sociedad-Barcelona,Real Sociedad,Álex Remiro,True,Goalkeeper,1,start,end,1.0,0.0,0.0,0.0,0.0,0.0,0.0,2.0,2.0,0.0,0.0,0.0,0.0,0.0,
ESP-La Liga,2021,2019-12-15 Celta Vigo-Mallorca,Celta Vigo,Rubén Blanco,True,Goalkeeper,1,start,end,1.0,0.0,0.0,0.0,0.0,0.0,0.0,2.0,1.0,0.0,0.0,0.0,0.0,0.0,
ESP-La Liga,2021,2019-12-15 Celta Vigo-Mallorca,Mallorca,Manolo Reina,False,Goalkeeper,1,start,end,1.0,0.0,0.0,0.0,0.0,0.0,1.0,2.0,4.0,0.0,0.0,0.0,0.0,0.0,
ESP-La Liga,2021,2019-12-15 Espanyol-Real Betis,Espanyol,Diego López,True,Goalkeeper,1,start,end,1.0,0.0,0.0,0.0,0.0,0.0,0.0,2.0,3.0,0.0,0.0,0.0,0.0,0.0,
ESP-La Liga,2021,2019-12-15 Espanyol-Real Betis,Real Betis,Joel Robles,False,Goalkeeper,1,start,end,1.0,0.0,0.0,0.0,0.0,0.0,0.0,2.0,2.0,0.0,0.0,0.0,0.0,0.0,
ESP-La Liga,2021,2019-12-15 Getafe-Real Valladolid,Getafe,David Soria,True,Goalkeeper,1,start,end,1.0,0.0,0.0,0.0,0.0,0.0,0.0,0.0,3.0,0.0,0.0,0.0,0.0,0.0,
ESP-La Liga,2021,2019-12-15 Getafe-Real Valladolid,Real Valladolid,Jordi Masip,False,Goalkeeper,1,start,end,1.0,0.0,0.0,0.0,0.0,0.0,0.0,2.0,1.0,0.0,0.0,0.0,0.0,0.0,
ESP-La Liga,2021,2019-12-15 Sevilla-Villarreal,Sevilla,Tomás Vaclík,True,Goalkeeper,1,start,end,1.0,0.0,0.0,0.0,0.0,0.0,0.0,2.0,1.0,0.0,0.0,0.0,0.0,0.0,
ESP-La Liga,2021,2019-12-15 Sevilla-Villarreal,Villarreal,Sergio Asenjo,False,Goalkeeper,1,start,end,1.0,0.0,0.0,0.0,0.0,0.0,0.0,1.0,4.0,0.0,0.0,0.0,0.0,0.0,
ESP-La Liga,2021,2019-12-15 Valencia-Real Madrid,Real Madrid,Thibaut Courtois,False,Goalkeeper,1,start,end,1.0,0.0,0.0,0.0,0.0,0.0,0.0,1.0,5.0,0.0,0.0,1.0,0.0,1.0,
ESP-La Liga,2021,2019-12-15 Valencia-Real Madrid,Valencia,Jaume Doménech,True,Goalkeeper,1,start,end,1.0,0.0,0.0,0.0,0.0,0.0,0.0,1.0,5.0,0.0,0.0,0.0,0.0,0.0,
ESP-La Liga,2021,2019-12-18 Barcelona-Real Madrid,Barcelona,Marc-André ter Stegen,True,Goalkeeper,1,start,end,1.0,0.0,0.0,0.0,0.0,0.0,0.0,0.0,3.0,0.0,0.0,0.0,0.0,0.0,
ESP-La Liga,2021,2019-12-18 Barcelona-Real Madrid,Real Madrid,Thibaut Courtois,False,Goalkeeper,1,start,end,1.0,0.0,0.0,0.0,0.0,0.0,0.0,0.0,1.0,0.0,0.0,0.0,0.0,0.0,
ESP-La Liga,2021,2019-12-20 Eibar-Granada,Eibar,Marko Dmitrovic,True,Goalkeeper,1,start,end,1.0,0.0,0.0,0.0,0.0,0.0,0.0,0.0,1.0,0.0,0.0,0.0,0.0,0.0,
ESP-La Liga,2021,2019-12-20 Eibar-Granada,Granada,Rui Silva,False,Goalkeeper,1,start,end,1.0,0.0,0.0,0.0,0.0,0.0,0.0,3.0,4.0,0.0,0.0,0.0,0.0,0.0,
ESP-La Liga,2021,2019-12-21 Barcelona-Alavés,Alavés,Fernando Pacheco,False,Goalkeeper,1,start,end,1.0,0.0,0.0,0.0,0.0,0.0,0.0,4.0,0.0,0.0,0.0,0.0,0.0,0.0,
ESP-La Liga,2021,2019-12-21 Barcelona-Alavés,Barcelona,Marc-André ter Stegen,True,Goalkeeper,1,start,end,1.0,0.0,0.0,0.0,0.0,0.0,0.0,1.0,2.0,0.0,0.0,0.0,0.0,0.0,
ESP-La Liga,2021,2019-12-21 Mallorca-Sevilla,Mallorca,Manolo Reina,True,Goalkeeper,1,start,end,1.0,0.0,0.0,0.0,0.0,0.0,0.0,2.0,4.0,0.0,0.0,0.0,0.0,0.0,
ESP-La Liga,2021,2019-12-21 Mallorca-Sevilla,Sevilla,Tomás Vaclík,False,Goalkeeper,1,start,end,1.0,0.0,0.0,0.0,0.0,0.0,0.0,0.0,1.0,0.0,0.0,0.0,0.0,0.0,
ESP-La Liga,2021,2019-12-21 Real Valladolid-Valencia,Real Valladolid,Jordi Masip,True,Goalkeeper,1,start,end,1.0,0.0,0.0,0.0,0.0,0.0,0.0,1.0,1.0,0.0,0.0,0.0,0.0,0.0,
ESP-La Liga,2021,2019-12-21 Real Valladolid-Valencia,Valencia,Jaume Doménech,False,Goalkeeper,1,start,end,1.0,0.0,0.0,0.0,0.0,0.0,0.0,1.0,5.0,0.0,0.0,0.0,0.0,0.0,
ESP-La Liga,2021,2019-12-21 Villarreal-Getafe,Getafe,David Soria,False,Goalkeeper,1,start,end,1.0,0.0,0.0,0.0,0.0,0.0,0.0,1.0,3.0,0.0,0.0,0.0,0.0,0.0,
ESP-La Liga,2021,2019-12-21 Villarreal-Getafe,Villarreal,Sergio Asenjo,True,Goalkeeper,1,start,end,1.0,0.0,0.0,0.0,0.0,0.0,0.0,0.0,0.0,0.0,0.0,0.0,0.0,0.0,
ESP-La Liga,2021,2019-12-22 Leganés-Espanyol,Espanyol,Diego López,False,Goalkeeper,1,start,end,1.0,0.0,0.0,0.0,0.0,0.0,0.0,2.0,3.0,0.0,0.0,0.0,0.0,0.0,
ESP-La Liga,2021,2019-12-22 Leganés-Espanyol,Leganés,Iván Cuéllar,True,Goalkeeper,1,start,end,1.0,0.0,0.0,0.0,0.0,0.0,0.0,0.0,3.0,0.0,0.0,0.0,0.0,0.0,
ESP-La Liga,2021,2019-12-22 Levante-Celta Vigo,Celta Vigo,Rubén Blanco,False,Goalkeeper,1,start,end,1.0,0.0,0.0,0.0,0.0,0.0,0.0,3.0,4.0,0.0,0.0,0.0,0.0,0.0,
ESP-La Liga,2021,2019-12-22 Levante-Celta Vigo,Levante,Aitor Fernández,True,Goalkeeper,1,start,end,1.0,0.0,0.0,0.0,0.0,0.0,0.0,1.0,4.0,0.0,0.0,0.0,0.0,0.0,
ESP-La Liga,2021,2019-12-22 Osasuna-Real Sociedad,Osasuna,Sergio Herrera,True,Goalkeeper,1,start,end,1.0,0.0,0.0,0.0,0.0,0.0,1.0,4.0,3.0,0.0,0.0,0.0,0.0,0.0,
ESP-La Liga,2021,2019-12-22 Osasuna-Real Sociedad,Real Sociedad,Álex Remiro,False,Goalkeeper,1,start,end,1.0,0.0,0.0,0.0,0.0,0.0,0.0,3.0,4.0,0.0,0.0,0.0,0.0,0.0,
ESP-La Liga,2021,2019-12-22 Real Betis-Atlético Madrid,Atlético Madrid,Jan Oblak,False,Goalkeeper,1,start,end,1.0,0.0,0.0,0.0,0.0,0.0,0.0,1.0,1.0,0.0,0.0,0.0,0.0,0.0,
ESP-La Liga,2021,2019-12-22 Real Betis-Atlético Madrid,Real Betis,Joel Robles,True,Goalkeeper,1,start,end,1.0,0.0,0.0,0.0,0.0,0.0,0.0,2.0,4.0,0.0,0.0,0.0,0.0,0.0,
ESP-La Liga,2021,2019-12-22 Real Madrid-Athletic Club,Athletic Club,Unai Simón,False,Goalkeeper,1,start,end,1.0,0.0,0.0,0.0,0.0,0.0,0.0,0.0,8.0,0.0,0.0,0.0,0.0,0.0,
ESP-La Liga,2021,2019-12-22 Real Madrid-Athletic Club,Real Madrid,Thibaut Courtois,True,Goalkeeper,1,start,end,1.0,0.0,0.0,0.0,0.0,0.0,0.0,0.0,2.0,0.0,0.0,0.0,0.0,0.0,
ESP-La Liga,2021,2020-01-03 Real Valladolid-Leganés,Leganés,Iván Cuéllar,False,Goalkeeper,1,start,end,1.0,0.0,0.0,0.0,0.0,0.0,0.0,2.0,3.0,0.0,0.0,0.0,0.0,0.0,
ESP-La Liga,2021,2020-01-03 Real Valladolid-Leganés,Real Valladolid,Jordi Masip,True,Goalkeeper,1,start,end,1.0,0.0,0.0,0.0,0.0,0.0,0.0,2.0,2.0,0.0,0.0,0.0,0.0,0.0,
ESP-La Liga,2021,2020-01-03 Sevilla-Athletic Club,Athletic Club,Unai Simón,False,Goalkeeper,1,start,end,1.0,0.0,1.0,0.0,0.0,0.0,0.0,1.0,1.0,0.0,0.0,0.0,0.0,0.0,
ESP-La Liga,2021,2020-01-03 Sevilla-Athletic Club,Sevilla,Tomás Vaclík,True,Goalkeeper,1,start,end,1.0,0.0,0.0,0.0,0.0,0.0,0.0,1.0,0.0,0.0,0.0,0.0,0.0,0.0,
ESP-La Liga,2021,2020-01-04 Atlético Madrid-Levante,Atlético Madrid,Jan Oblak,True,Goalkeeper,1,start,end,1.0,0.0,1.0,0.0,0.0,0.0,0.0,1.0,2.0,0.0,0.0,0.0,0.0,0.0,
ESP-La Liga,2021,2020-01-04 Atlético Madrid-Levante,Levante,Aitor Fernández,False,Goalkeeper,1,start,end,1.0,0.0,0.0,0.0,0.0,0.0,0.0,2.0,6.0,0.0,0.0,0.0,0.0,0.0,
ESP-La Liga,2021,2020-01-04 Espanyol-Barcelona,Barcelona,Neto,False,Goalkeeper,1,start,end,1.0,0.0,0.0,0.0,0.0,0.0,0.0,2.0,1.0,0.0,0.0,0.0,0.0,0.0,
ESP-La Liga,2021,2020-01-04 Espanyol-Barcelona,Espanyol,Diego López,True,Goalkeeper,1,start,end,1.0,0.0,0.0,0.0,0.0,0.0,0.0,2.0,5.0,0.0,0.0,0.0,0.0,0.0,
ESP-La Liga,2021,2020-01-04 Getafe-Real Madrid,Getafe,David Soria,True,Goalkeeper,1,start,end,1.0,0.0,0.0,1.0,0.0,0.0,0.0,3.0,5.0,0.0,0.0,0.0,0.0,0.0,
ESP-La Liga,2021,2020-01-04 Getafe-Real Madrid,Real Madrid,Thibaut Courtois,False,Goalkeeper,1,start,end,1.0,0.0,0.0,0.0,0.0,0.0,0.0,0.0,4.0,0.0,0.0,0.0,0.0,0.0,
ESP-La Liga,2021,2020-01-04 Valencia-Eibar,Eibar,Marko Dmitrovic,False,Goalkeeper,1,start,end,1.0,0.0,0.0,0.0,0.0,0.0,0.0,1.0,1.0,0.0,0.0,0.0,0.0,0.0,
ESP-La Liga,2021,2020-01-04 Valencia-Eibar,Valencia,Jaume Doménech,True,Goalkeeper,1,start,end,1.0,0.0,0.0,0.0,0.0,0.0,0.0,0.0,3.0,0.0,0.0,0.0,0.0,0.0,
ESP-La Liga,2021,2020-01-05 Alavés-Real Betis,Alavés,Fernando Pacheco,True,Goalkeeper,1,start,end,1.0,0.0,0.0,0.0,0.0,0.0,0.0,1.0,2.0,0.0,0.0,0.0,0.0,0.0,
ESP-La Liga,2021,2020-01-05 Alavés-Real Betis,Real Betis,Joel Robles,False,Goalkeeper,1,start,end,1.0,0.0,0.0,0.0,0.0,0.0,0.0,1.0,0.0,0.0,0.0,0.0,0.0,0.0,
ESP-La Liga,2021,2020-01-05 Celta Vigo-Osasuna,Celta Vigo,Rubén Blanco,True,Goalkeeper,1,start,end,1.0,0.0,0.0,0.0,0.0,0.0,0.0,1.0,0.0,0.0,0.0,0.0,0.0,0.0,
ESP-La Liga,2021,2020-01-05 Celta Vigo-Osasuna,Osasuna,Sergio Herrera,False,Goalkeeper,1,start,end,1.0,0.0,1.0,0.0,0.0,0.0,0.0,1.0,6.0,0.0,0.0,0.0,0.0,0.0,
ESP-La Liga,2021,2020-01-05 Granada-Mallorca,Granada,Rui Silva,True,Goalkeeper,1,start,end,1.0,0.0,0.0,0.0,0.0,0.0,0.0,0.0,5.0,0.0,0.0,0.0,0.0,0.0,
ESP-La Liga,2021,2020-01-05 Granada-Mallorca,Mallorca,Manolo Reina,False,Goalkeeper,1,start,end,1.0,0.0,0.0,0.0,0.0,0.0,0.0,1.0,3.0,0.0,0.0,0.0,0.0,0.0,
ESP-La Liga,2021,2020-01-05 Real Sociedad-Villarreal,Real Sociedad,Álex Remiro,True,Goalkeeper,1,start,end,1.0,0.0,1.0,0.0,0.0,0.0,0.0,2.0,0.0,0.0,0.0,0.0,0.0,0.0,
ESP-La Liga,2021,2020-01-05 Real Sociedad-Villarreal,Villarreal,Sergio Asenjo,False,Goalkeeper,1,start,end,1.0,0.0,1.0,0.0,0.0,0.0,0.0,1.0,1.0,0.0,0.0,0.0,0.0,0.0,
ESP-La Liga,2021,2020-01-17 Leganés-Getafe,Getafe,David Soria,False,Goalkeeper,1,start,end,1.0,0.0,0.0,0.0,0.0,0.0,0.0,0.0,2.0,0.0,0.0,0.0,0.0,0.0,
ESP-La Liga,2021,2020-01-17 Leganés-Getafe,Leganés,Iván Cuéllar,True,Goalkeeper,1,start,end,1.0,0.0,0.0,0.0,0.0,0.0,0.0,3.0,0.0,0.0,0.0,0.0,0.0,0.0,
ESP-La Liga,2021,2020-01-18 Eibar-Atlético Madrid,Atlético Madrid,Jan Oblak,False,Goalkeeper,1,start,end,1.0,0.0,0.0,0.0,0.0,0.0,0.0,2.0,2.0,0.0,0.0,0.0,0.0,0.0,
ESP-La Liga,2021,2020-01-18 Eibar-Atlético Madrid,Eibar,Marko Dmitrovic,True,Goalkeeper,1,start,end,1.0,0.0,0.0,0.0,0.0,0.0,0.0,0.0,4.0,0.0,0.0,0.0,0.0,0.0,
ESP-La Liga,2021,2020-01-18 Levante-Alavés,Alavés,Fernando Pacheco,False,Goalkeeper,1,start,end,1.0,0.0,0.0,0.0,0.0,0.0,0.0,0.0,3.0,0.0,0.0,0.0,0.0,0.0,
ESP-La Liga,2021,2020-01-18 Levante-Alavés,Levante,Aitor Fernández,True,Goalkeeper,1,start,end,1.0,0.0,1.0,0.0,0.0,0.0,0.0,1.0,5.0,0.0,0.0,0.0,0.0,0.0,
ESP-La Liga,2021,2020-01-18 Osasuna-Real Valladolid,Osasuna,Sergio Herrera,True,Goalkeeper,1,start,end,1.0,0.0,0.0,0.0,0.0,0.0,0.0,0.0,3.0,0.0,0.0,0.0,0.0,0.0,
ESP-La Liga,2021,2020-01-18 Osasuna-Real Valladolid,Real Valladolid,Jordi Masip,False,Goalkeeper,1,start,end,1.0,0.0,0.0,0.0,0.0,0.0,0.0,0.0,5.0,0.0,0.0,0.0,0.0,0.0,
ESP-La Liga,2021,2020-01-18 Real Madrid-Sevilla,Real Madrid,Thibaut Courtois,True,Goalkeeper,1,start,end,1.0,0.0,0.0,0.0,0.0,0.0,0.0,1.0,2.0,0.0,0.0,0.0,0.0,0.0,
ESP-La Liga,2021,2020-01-18 Real Madrid-Sevilla,Sevilla,Tomás Vaclík,False,Goalkeeper,1,start,end,1.0,0.0,0.0,0.0,0.0,0.0,0.0,2.0,2.0,0.0,0.0,0.0,0.0,0.0,
ESP-La Liga,2021,2020-01-19 Athletic Club-Celta Vigo,Athletic Club,Iago Herrerín,True,Goalkeeper,1,start,end,1.0,0.0,0.0,0.0,0.0,0.0,0.0,1.0,2.0,0.0,0.0,0.0,0.0,0.0,
ESP-La Liga,2021,2020-01-19 Athletic Club-Celta Vigo,Celta Vigo,Rubén Blanco,False,Goalkeeper,1,start,end,1.0,0.0,1.0,0.0,0.0,0.0,1.0,1.0,4.0,0.0,0.0,0.0,0.0,0.0,
ESP-La Liga,2021,2020-01-19 Barcelona-Granada,Barcelona,Marc-André ter Stegen,True,Goalkeeper,1,start,end,1.0,0.0,0.0,0.0,0.0,0.0,0.0,0.0,1.0,0.0,0.0,0.0,0.0,0.0,
ESP-La Liga,2021,2020-01-19 Barcelona-Granada,Granada,Rui Silva,False,Goalkeeper,1,start,end,1.0,0.0,0.0,0.0,0.0,0.0,0.0,1.0,5.0,0.0,0.0,0.0,0.0,0.0,
ESP-La Liga,2021,2020-01-19 Mallorca-Valencia,Mallorca,Manolo Reina,True,Goalkeeper,1,start,end,1.0,0.0,0.0,0.0,0.0,0.0,1.0,1.0,0.0,0.0,0.0,0.0,0.0,0.0,
ESP-La Liga,2021,2020-01-19 Mallorca-Valencia,Valencia,Jaume Doménech,False,Goalkeeper,1,start,end,1.0,0.0,0.0,0.0,0.0,0.0,0.0,4.0,2.0,0.0,0.0,0.0,0.0,0.0,
ESP-La Liga,2021,2020-01-19 Real Betis-Real Sociedad,Real Betis,Joel Robles,True,Goalkeeper,1,start,end,1.0,0.0,0.0,0.0,0.0,0.0,0.0,0.0,0.0,0.0,0.0,0.0,0.0,0.0,
ESP-La Liga,2021,2020-01-19 Real Betis-Real Sociedad,Real Sociedad,Álex Remiro,False,Goalkeeper,1,start,end,1.0,0.0,0.0,0.0,0.0,0.0,0.0,3.0,3.0,0.0,0.0,0.0,0.0,0.0,
ESP-La Liga,2021,2020-01-19 Villarreal-Espanyol,Espanyol,Diego López,False,Goalkeeper,1,start,end,1.0,0.0,0.0,0.0,0.0,0.0,0.0,1.0,4.0,0.0,0.0,0.0,0.0,0.0,
ESP-La Liga,2021,2020-01-19 Villarreal-Espanyol,Villarreal,Sergio Asenjo,True,Goalkeeper,1,start,end,1.0,0.0,0.0,0.0,0.0,0.0,0.0,2.0,3.0,0.0,0.0,0.0,0.0,0.0,
ESP-La Liga,2021,2020-01-24 Osasuna-Levante,Levante,Aitor Fernández,False,Goalkeeper,1,start,end,1.0,0.0,0.0,0.0,0.0,0.0,0.0,2.0,2.0,0.0,0.0,0.0,0.0,0.0,
ESP-La Liga,2021,2020-01-24 Osasuna-Levante,Osasuna,Sergio Herrera,True,Goalkeeper,1,start,end,1.0,0.0,0.0,0.0,0.0,0.0,0.0,0.0,2.0,0.0,0.0,0.0,0.0,0.0,
ESP-La Liga,2021,2020-01-25 Alavés-Villarreal,Alavés,Fernando Pacheco,True,Goalkeeper,1,start,end,1.0,0.0,0.0,0.0,0.0,0.0,0.0,2.0,4.0,0.0,0.0,0.0,0.0,0.0,
ESP-La Liga,2021,2020-01-25 Alavés-Villarreal,Villarreal,Sergio Asenjo,False,Goalkeeper,1,start,end,1.0,0.0,0.0,0.0,0.0,0.0,0.0,1.0,4.0,0.0,0.0,0.0,0.0,0.0,
ESP-La Liga,2021,2020-01-25 Espanyol-Athletic Club,Athletic Club,Iago Herrerín,False,Goalkeeper,1,start,end,1.0,0.0,0.0,0.0,0.0,0.0,0.0,1.0,2.0,0.0,0.0,0.0,0.0,0.0,
ESP-La Liga,2021,2020-01-25 Espanyol-Athletic Club,Espanyol,Diego López,True,Goalkeeper,1,start,end,1.0,0.0,0.0,0.0,0.0,0.0,0.0,1.0,3.0,0.0,0.0,0.0,0.0,0.0,
ESP-La Liga,2021,2020-01-25 Sevilla-Granada,Granada,Rui Silva,False,Goalkeeper,1,start,end,1.0,0.0,0.0,0.0,0.0,0.0,0.0,2.0,2.0,0.0,0.0,0.0,0.0,0.0,
ESP-La Liga,2021,2020-01-25 Sevilla-Granada,Sevilla,Tomás Vaclík,True,Goalkeeper,1,start,end,1.0,0.0,1.0,0.0,0.0,0.0,0.0,0.0,1.0,0.0,0.0,0.0,0.0,0.0,
ESP-La Liga,2021,2020-01-25 Valencia-Barcelona,Barcelona,Marc-André ter Stegen,False,Goalkeeper,1,start,end,1.0,0.0,0.0,0.0,0.0,0.0,0.0,2.0,5.0,0.0,0.0,0.0,0.0,0.0,
ESP-La Liga,2021,2020-01-25 Valencia-Barcelona,Valencia,Jaume Doménech,True,Goalkeeper,1,start,end,1.0,0.0,0.0,0.0,0.0,0.0,0.0,0.0,5.0,0.0,0.0,0.0,0.0,0.0,
ESP-La Liga,2021,2020-01-26 Atlético Madrid-Leganés,Atlético Madrid,Jan Oblak,True,Goalkeeper,1,start,end,1.0,0.0,0.0,0.0,0.0,0.0,0.0,0.0,4.0,0.0,0.0,0.0,0.0,0.0,
ESP-La Liga,2021,2020-01-26 Atlético Madrid-Leganés,Leganés,Iván Cuéllar,False,Goalkeeper,1,start,end,1.0,0.0,0.0,0.0,1.0,0.0,0.0,0.0,3.0,0.0,0.0,0.0,0.0,0.0,
ESP-La Liga,2021,2020-01-26 Celta Vigo-Eibar,Celta Vigo,Rubén Blanco,True,Goalkeeper,1,start,end,1.0,0.0,0.0,0.0,0.0,0.0,0.0,0.0,3.0,0.0,0.0,0.0,0.0,0.0,
ESP-La Liga,2021,2020-01-26 Celta Vigo-Eibar,Eibar,Marko Dmitrovic,False,Goalkeeper,1,start,end,1.0,0.0,0.0,0.0,0.0,0.0,0.0,0.0,4.0,0.0,0.0,0.0,0.0,0.0,
ESP-La Liga,2021,2020-01-26 Getafe-Real Betis,Getafe,David Soria,True,Goalkeeper,1,start,end,1.0,0.0,0.0,0.0,0.0,0.0,0.0,0.0,1.0,0.0,0.0,0.0,0.0,0.0,
ESP-La Liga,2021,2020-01-26 Getafe-Real Betis,Real Betis,Joel Robles,False,Goalkeeper,1,start,end,1.0,0.0,0.0,0.0,0.0,0.0,1.0,1.0,2.0,0.0,0.0,0.0,0.0,0.0,
ESP-La Liga,2021,2020-01-26 Real Sociedad-Mallorca,Mallorca,Manolo Reina,False,Goalkeeper,1,start,end,1.0,0.0,0.0,0.0,0.0,0.0,0.0,3.0,3.0,0.0,0.0,0.0,0.0,0.0,
ESP-La Liga,2021,2020-01-26 Real Sociedad-Mallorca,Real Sociedad,Álex Remiro,True,Goalkeeper,1,start,end,1.0,0.0,0.0,0.0,0.0,0.0,0.0,0.0,4.0,0.0,0.0,0.0,0.0,0.0,
ESP-La Liga,2021,2020-01-26 Real Valladolid-Real Madrid,Real Madrid,Thibaut Courtois,False,Goalkeeper,1,start,end,1.0,0.0,0.0,0.0,0.0,0.0,0.0,0.0,0.0,0.0,0.0,0.0,0.0,0.0,
ESP-La Liga,2021,2020-01-26 Real Valladolid-Real Madrid,Real Valladolid,Jordi Masip,True,Goalkeeper,1,start,end,1.0,0.0,0.0,0.0,0.0,0.0,0.0,1.0,2.0,0.0,0.0,0.0,0.0,0.0,
ESP-La Liga,2021,2020-02-01 Granada-Espanyol,Espanyol,Diego López,False,Goalkeeper,1,start,end,1.0,0.0,0.0,0.0,0.0,0.0,0.0,2.0,0.0,0.0,0.0,0.0,0.0,0.0,
ESP-La Liga,2021,2020-02-01 Granada-Espanyol,Granada,Rui Silva,True,Goalkeeper,1,start,end,1.0,0.0,0.0,0.0,0.0,0.0,0.0,1.0,3.0,0.0,0.0,0.0,0.0,0.0,
ESP-La Liga,2021,2020-02-01 Mallorca-Real Valladolid,Mallorca,Manolo Reina,True,Goalkeeper,1,start,end,1.0,0.0,0.0,0.0,0.0,0.0,1.0,1.0,6.0,0.0,0.0,0.0,0.0,0.0,
ESP-La Liga,2021,2020-02-01 Mallorca-Real Valladolid,Real Valladolid,Jordi Masip,False,Goalkeeper,1,start,end,1.0,0.0,0.0,0.0,0.0,0.0,0.0,0.0,4.0,0.0,0.0,0.0,0.0,0.0,
ESP-La Liga,2021,2020-02-01 Real Madrid-Atlético Madrid,Atlético Madrid,Jan Oblak,False,Goalkeeper,1,start,end,1.0,0.0,0.0,0.0,0.0,0.0,0.0,1.0,4.0,0.0,0.0,0.0,0.0,0.0,
ESP-La Liga,2021,2020-02-01 Real Madrid-Atlético Madrid,Real Madrid,Thibaut Courtois,True,Goalkeeper,1,start,end,1.0,0.0,0.0,0.0,0.0,0.0,0.0,0.0,1.0,0.0,0.0,0.0,0.0,0.0,
ESP-La Liga,2021,2020-02-01 Valencia-Celta Vigo,Celta Vigo,Rubén Blanco,False,Goalkeeper,1,start,end,1.0,0.0,0.0,0.0,0.0,0.0,0.0,1.0,4.0,0.0,0.0,0.0,0.0,0.0,
ESP-La Liga,2021,2020-02-01 Valencia-Celta Vigo,Valencia,Jaume Doménech,True,Goalkeeper,1,start,end,1.0,0.0,0.0,0.0,0.0,0.0,1.0,0.0,3.0,0.0,0.0,0.0,0.0,0.0,
ESP-La Liga,2021,2020-02-02 Athletic Club-Getafe,Athletic Club,Unai Simón,True,Goalkeeper,1,start,end,1.0,0.0,0.0,0.0,0.0,0.0,0.0,2.0,1.0,0.0,0.0,0.0,0.0,0.0,
ESP-La Liga,2021,2020-02-02 Athletic Club-Getafe,Getafe,David Soria,False,Goalkeeper,1,start,end,1.0,0.0,0.0,0.0,0.0,0.0,0.0,0.0,2.0,0.0,0.0,0.0,0.0,0.0,
ESP-La Liga,2021,2020-02-02 Barcelona-Levante,Barcelona,Marc-André ter Stegen,True,Goalkeeper,1,start,end,1.0,0.0,0.0,0.0,0.0,0.0,0.0,1.0,4.0,0.0,0.0,0.0,0.0,0.0,
ESP-La Liga,2021,2020-02-02 Barcelona-Levante,Levante,Aitor Fernández,False,Goalkeeper,1,start,end,1.0,0.0,0.0,0.0,0.0,0.0,0.0,2.0,6.0,0.0,0.0,0.0,0.0,0.0,
ESP-La Liga,2021,2020-02-02 Eibar-Real Betis,Eibar,Marko Dmitrovic,True,Goalkeeper,1,start,end,1.0,0.0,0.0,0.0,0.0,0.0,0.0,1.0,5.0,0.0,0.0,0.0,0.0,0.0,
ESP-La Liga,2021,2020-02-02 Eibar-Real Betis,Real Betis,Joel Robles,False,Goalkeeper,1,start,end,1.0,0.0,0.0,0.0,0.0,0.0,0.0,1.0,2.0,0.0,0.0,0.0,0.0,0.0,
ESP-La Liga,2021,2020-02-02 Leganés-Real Sociedad,Leganés,Juan Soriano,True,Goalkeeper,1,start,end,1.0,0.0,0.0,0.0,0.0,0.0,0.0,1.0,0.0,0.0,0.0,0.0,0.0,0.0,
ESP-La Liga,2021,2020-02-02 Leganés-Real Sociedad,Real Sociedad,Álex Remiro,False,Goalkeeper,1,start,end,1.0,0.0,1.0,0.0,0.0,0.0,0.0,2.0,3.0,0.0,0.0,0.0,0.0,0.0,
ESP-La Liga,2021,2020-02-02 Sevilla-Alavés,Alavés,Fernando Pacheco,False,Goalkeeper,1,start,end,1.0,0.0,0.0,0.0,0.0,0.0,0.0,1.0,2.0,0.0,0.0,0.0,0.0,0.0,
ESP-La Liga,2021,2020-02-02 Sevilla-Alavés,Sevilla,Tomás Vaclík,True,Goalkeeper,1,start,end,1.0,0.0,0.0,0.0,0.0,0.0,0.0,1.0,2.0,0.0,0.0,0.0,0.0,0.0,
ESP-La Liga,2021,2020-02-02 Villarreal-Osasuna,Osasuna,Sergio Herrera,False,Goalkeeper,1,start,end,1.0,0.0,0.0,0.0,0.0,0.0,0.0,3.0,1.0,0.0,0.0,0.0,0.0,0.0,
ESP-La Liga,2021,2020-02-02 Villarreal-Osasuna,Villarreal,Sergio Asenjo,True,Goalkeeper,1,start,end,1.0,0.0,0.0,0.0,0.0,0.0,0.0,1.0,4.0,0.0,0.0,0.0,0.0,0.0,
ESP-La Liga,2021,2020-02-07 Alavés-Eibar,Alavés,Fernando Pacheco,True,Goalkeeper,1,start,end,1.0,0.0,0.0,0.0,0.0,0.0,0.0,1.0,0.0,0.0,0.0,0.0,0.0,0.0,
ESP-La Liga,2021,2020-02-07 Alavés-Eibar,Eibar,Marko Dmitrovic,False,Goalkeeper,1,start,end,1.0,0.0,0.0,0.0,0.0,0.0,0.0,2.0,3.0,0.0,0.0,0.0,0.0,0.0,
ESP-La Liga,2021,2020-02-08 Atlético Madrid-Granada,Atlético Madrid,Jan Oblak,True,Goalkeeper,1,start,end,1.0,0.0,0.0,0.0,0.0,0.0,0.0,0.0,1.0,0.0,0.0,0.0,0.0,0.0,
ESP-La Liga,2021,2020-02-08 Atlético Madrid-Granada,Granada,Aarón Escandell,False,Goalkeeper,1,start,end,1.0,0.0,0.0,0.0,0.0,0.0,0.0,1.0,2.0,0.0,0.0,0.0,0.0,0.0,
ESP-La Liga,2021,2020-02-08 Getafe-Valencia,Getafe,David Soria,True,Goalkeeper,1,start,end,1.0,0.0,0.0,0.0,0.0,0.0,0.0,0.0,0.0,0.0,0.0,0.0,0.0,0.0,
ESP-La Liga,2021,2020-02-08 Getafe-Valencia,Valencia,Jaume Doménech,False,Goalkeeper,1,start,end,1.0,0.0,0.0,0.0,0.0,0.0,0.0,3.0,7.0,0.0,0.0,0.0,0.0,0.0,
ESP-La Liga,2021,2020-02-08 Levante-Leganés,Leganés,Juan Soriano,False,Goalkeeper,1,start,end,1.0,0.0,0.0,0.0,0.0,0.0,0.0,2.0,3.0,0.0,0.0,0.0,0.0,0.0,
ESP-La Liga,2021,2020-02-08 Levante-Leganés,Levante,Aitor Fernández,True,Goalkeeper,1,start,end,1.0,0.0,0.0,0.0,0.0,0.0,0.0,0.0,4.0,0.0,0.0,0.0,0.0,0.0,
ESP-La Liga,2021,2020-02-08 Real Valladolid-Villarreal,Real Valladolid,Jordi Masip,True,Goalkeeper,1,start,end,1.0,0.0,0.0,0.0,0.0,0.0,0.0,1.0,0.0,7.0,0.0,0.0,0.0,0.0,
ESP-La Liga,2021,2020-02-08 Real Valladolid-Villarreal,Villarreal,Sergio Asenjo,False,Goalkeeper,1,start,end,1.0,0.0,0.0,0.0,0.0,0.0,0.0,1.0,0.0,7.0,0.0,0.0,0.0,0.0,
ESP-La Liga,2021,2020-02-09 Celta Vigo-Sevilla,Celta Vigo,Rubén Blanco,True,Goalkeeper,1,start,end,1.0,0.0,0.0,0.0,0.0,0.0,0.0,1.0,3.0,0.0,0.0,0.0,0.0,0.0,
ESP-La Liga,2021,2020-02-09 Celta Vigo-Sevilla,Sevilla,Tomás Vaclík,False,Goalkeeper,1,start,end,1.0,0.0,0.0,0.0,0.0,0.0,0.0,2.0,5.0,0.0,0.0,0.0,0.0,0.0,
ESP-La Liga,2021,2020-02-09 Espanyol-Mallorca,Espanyol,Diego López,True,Goalkeeper,1,start,end,1.0,0.0,1.0,0.0,0.0,0.0,1.0,0.0,3.0,0.0,0.0,0.0,0.0,0.0,
ESP-La Liga,2021,2020-02-09 Espanyol-Mallorca,Mallorca,Manolo Reina,False,Goalkeeper,1,start,end,1.0,0.0,0.0,0.0,0.0,0.0,0.0,1.0,6.0,0.0,0.0,0.0,0.0,0.0,
ESP-La Liga,2021,2020-02-09 Osasuna-Real Madrid,Osasuna,Sergio Herrera,True,Goalkeeper,1,start,end,1.0,0.0,0.0,0.0,0.0,0.0,0.0,4.0,2.0,0.0,0.0,0.0,0.0,0.0,
ESP-La Liga,2021,2020-02-09 Osasuna-Real Madrid,Real Madrid,Thibaut Courtois,False,Goalkeeper,1,start,end,1.0,0.0,0.0,0.0,0.0,0.0,0.0,1.0,3.0,0.0,0.0,0.0,0.0,0.0,
ESP-La Liga,2021,2020-02-09 Real Betis-Barcelona,Barcelona,Marc-André ter Stegen,False,Goalkeeper,1,start,end,1.0,0.0,0.0,0.0,0.0,0.0,0.0,2.0,1.0,0.0,0.0,0.0,0.0,0.0,
ESP-La Liga,2021,2020-02-09 Real Betis-Barcelona,Real Betis,Joel Robles,True,Goalkeeper,1,start,end,1.0,0.0,0.0,0.0,0.0,0.0,0.0,3.0,3.0,0.0,0.0,0.0,0.0,0.0,
ESP-La Liga,2021,2020-02-09 Real Sociedad-Athletic Club,Athletic Club,Unai Simón,False,Goalkeeper,1,start,end,1.0,0.0,0.0,0.0,0.0,0.0,0.0,2.0,2.0,0.0,0.0,0.0,0.0,0.0,
ESP-La Liga,2021,2020-02-09 Real Sociedad-Athletic Club,Real Sociedad,Álex Remiro,True,Goalkeeper,1,start,end,1.0,0.0,0.0,0.0,0.0,0.0,0.0,1.0,2.0,0.0,0.0,0.0,0.0,0.0,
ESP-La Liga,2021,2020-02-14 Valencia-Atlético Madrid,Atlético Madrid,Jan Oblak,False,Goalkeeper,1,start,end,1.0,0.0,0.0,0.0,0.0,0.0,0.0,2.0,1.0,0.0,0.0,0.0,0.0,0.0,
ESP-La Liga,2021,2020-02-14 Valencia-Atlético Madrid,Valencia,Jaume Doménech,True,Goalkeeper,1,start,end,1.0,0.0,0.0,0.0,0.0,0.0,0.0,2.0,1.0,0.0,0.0,0.0,0.0,0.0,
ESP-La Liga,2021,2020-02-15 Barcelona-Getafe,Barcelona,Marc-André ter Stegen,True,Goalkeeper,1,start,end,1.0,0.0,0.0,0.0,0.0,0.0,0.0,1.0,1.0,0.0,0.0,0.0,0.0,0.0,
ESP-La Liga,2021,2020-02-15 Barcelona-Getafe,Getafe,David Soria,False,Goalkeeper,1,start,end,1.0,0.0,0.0,0.0,0.0,0.0,0.0,2.0,3.0,0.0,0.0,0.0,0.0,0.0,
ESP-La Liga,2021,2020-02-15 Granada-Real Valladolid,Granada,Rui Silva,True,Goalkeeper,1,start,end,1.0,0.0,0.0,0.0,0.0,0.0,0.0,1.0,3.0,0.0,0.0,0.0,0.0,0.0,
ESP-La Liga,2021,2020-02-15 Granada-Real Valladolid,Real Valladolid,Jordi Masip,False,Goalkeeper,1,start,end,1.0,0.0,0.0,0.0,0.0,0.0,0.0,2.0,2.0,0.0,0.0,0.0,0.0,0.0,
ESP-La Liga,2021,2020-02-15 Mallorca-Alavés,Alavés,Fernando Pacheco,False,Goalkeeper,1,start,end,1.0,0.0,0.0,0.0,0.0,0.0,0.0,1.0,5.0,0.0,0.0,0.0,0.0,0.0,
ESP-La Liga,2021,2020-02-15 Mallorca-Alavés,Mallorca,Manolo Reina,True,Goalkeeper,1,start,end,1.0,0.0,0.0,0.0,0.0,0.0,0.0,0.0,0.0,0.0,0.0,0.0,0.0,0.0,
ESP-La Liga,2021,2020-02-15 Villarreal-Levante,Levante,Aitor Fernández,False,Goalkeeper,1,start,end,1.0,0.0,0.0,0.0,0.0,0.0,0.0,2.0,4.0,0.0,0.0,0.0,0.0,0.0,
ESP-La Liga,2021,2020-02-15 Villarreal-Levante,Villarreal,Sergio Asenjo,True,Goalkeeper,1,start,end,1.0,0.0,1.0,0.0,0.0,0.0,0.0,1.0,1.0,0.0,0.0,0.0,0.0,0.0,
ESP-La Liga,2021,2020-02-16 Athletic Club-Osasuna,Athletic Club,Unai Simón,True,Goalkeeper,1,start,end,1.0,0.0,0.0,0.0,0.0,0.0,0.0,1.0,1.0,0.0,0.0,0.0,0.0,0.0,
ESP-La Liga,2021,2020-02-16 Athletic Club-Osasuna,Osasuna,Sergio Herrera,False,Goalkeeper,1,start,end,1.0,0.0,2.0,0.0,0.0,0.0,0.0,0.0,2.0,0.0,0.0,0.0,0.0,0.0,
ESP-La Liga,2021,2020-02-16 Leganés-Real Betis,Leganés,Juan Soriano,True,Goalkeeper,1,start,end,1.0,0.0,0.0,0.0,0.0,0.0,0.0,0.0,2.0,0.0,0.0,0.0,0.0,0.0,
ESP-La Liga,2021,2020-02-16 Leganés-Real Betis,Real Betis,Joel Robles,False,Goalkeeper,1,start,end,1.0,0.0,0.0,0.0,0.0,0.0,0.0,0.0,1.0,0.0,0.0,0.0,0.0,0.0,
ESP-La Liga,2021,2020-02-16 Real Madrid-Celta Vigo,Celta Vigo,Rubén Blanco,False,Goalkeeper,1,start,end,1.0,1.0,1.0,0.0,0.0,0.0,0.0,2.0,2.0,0.0,0.0,0.0,0.0,0.0,
ESP-La Liga,2021,2020-02-16 Real Madrid-Celta Vigo,Real Madrid,Thibaut Courtois,True,Goalkeeper,1,start,end,1.0,0.0,0.0,0.0,0.0,0.0,0.0,2.0,1.0,0.0,0.0,0.0,0.0,0.0,
ESP-La Liga,2021,2020-02-16 Sevilla-Espanyol,Espanyol,Diego López,False,Goalkeeper,1,start,end,1.0,0.0,0.0,0.0,0.0,0.0,0.0,2.0,4.0,0.0,0.0,0.0,0.0,0.0,
ESP-La Liga,2021,2020-02-16 Sevilla-Espanyol,Sevilla,Tomás Vaclík,True,Goalkeeper,1,start,end,1.0,0.0,0.0,0.0,0.0,0.0,0.0,2.0,1.0,0.0,0.0,0.0,0.0,0.0,
ESP-La Liga,2021,2020-02-21 Real Betis-Mallorca,Mallorca,Manolo Reina,False,Goalkeeper,1,start,end,1.0,0.0,0.0,0.0,0.0,0.0,0.0,3.0,3.0,0.0,0.0,0.0,0.0,0.0,
ESP-La Liga,2021,2020-02-21 Real Betis-Mallorca,Real Betis,Joel Robles,True,Goalkeeper,1,start,end,1.0,0.0,0.0,0.0,0.0,0.0,0.0,3.0,1.0,0.0,0.0,0.0,0.0,0.0,
ESP-La Liga,2021,2020-02-22 Barcelona-Eibar,Barcelona,Marc-André ter Stegen,True,Goalkeeper,1,start,end,1.0,0.0,0.0,0.0,0.0,0.0,0.0,0.0,5.0,0.0,0.0,0.0,0.0,0.0,
ESP-La Liga,2021,2020-02-22 Barcelona-Eibar,Eibar,Marko Dmitrovic,False,Goalkeeper,1,start,end,1.0,0.0,0.0,0.0,0.0,0.0,0.0,5.0,6.0,0.0,0.0,0.0,0.0,0.0,
ESP-La Liga,2021,2020-02-22 Celta Vigo-Leganés,Celta Vigo,Rubén Blanco,True,Goalkeeper,1,start,end,1.0,0.0,0.0,0.0,0.0,0.0,0.0,0.0,2.0,0.0,0.0,0.0,0.0,0.0,
ESP-La Liga,2021,2020-02-22 Celta Vigo-Leganés,Leganés,Juan Soriano,False,Goalkeeper,1,start,end,1.0,0.0,0.0,0.0,0.0,0.0,0.0,1.0,0.0,0.0,0.0,0.0,0.0,0.0,
ESP-La Liga,2021,2020-02-22 Levante-Real Madrid,Levante,Aitor Fernández,True,Goalkeeper,1,start,end,1.0,0.0,1.0,0.0,0.0,0.0,0.0,0.0,8.0,0.0,0.0,0.0,0.0,0.0,
ESP-La Liga,2021,2020-02-22 Levante-Real Madrid,Real Madrid,Thibaut Courtois,False,Goalkeeper,1,start,end,1.0,0.0,0.0,0.0,0.0,0.0,0.0,1.0,1.0,0.0,0.0,0.0,0.0,0.0,
ESP-La Liga,2021,2020-02-22 Real Sociedad-Valencia,Real Sociedad,Álex Remiro,True,Goalkeeper,1,start,end,1.0,0.0,0.0,0.0,0.0,0.0,0.0,0.0,1.0,0.0,0.0,0.0,0.0,0.0,
ESP-La Liga,2021,2020-02-22 Real Sociedad-Valencia,Valencia,Jaume Doménech,False,Goalkeeper,1,start,end,1.0,0.0,0.0,0.0,0.0,0.0,0.0,3.0,4.0,0.0,0.0,0.0,0.0,0.0,
ESP-La Liga,2021,2020-02-23 Alavés-Athletic Club,Alavés,Fernando Pacheco,True,Goalkeeper,1,start,end,1.0,0.0,0.0,0.0,0.0,0.0,0.0,1.0,3.0,0.0,0.0,0.0,0.0,0.0,
ESP-La Liga,2021,2020-02-23 Alavés-Athletic Club,Athletic Club,Unai Simón,False,Goalkeeper,1,start,end,1.0,0.0,0.0,0.0,0.0,0.0,0.0,2.0,2.0,0.0,0.0,0.0,0.0,0.0,
ESP-La Liga,2021,2020-02-23 Atlético Madrid-Villarreal,Atlético Madrid,Jan Oblak,True,Goalkeeper,1,start,end,1.0,0.0,0.0,0.0,0.0,0.0,0.0,1.0,3.0,0.0,0.0,0.0,0.0,0.0,
ESP-La Liga,2021,2020-02-23 Atlético Madrid-Villarreal,Villarreal,Sergio Asenjo,False,Goalkeeper,1,start,end,1.0,0.0,0.0,0.0,0.0,0.0,0.0,3.0,6.0,0.0,0.0,0.0,0.0,0.0,
ESP-La Liga,2021,2020-02-23 Getafe-Sevilla,Getafe,David Soria,True,Goalkeeper,1,start,end,1.0,0.0,0.0,0.0,0.0,0.0,0.0,3.0,2.0,0.0,0.0,0.0,0.0,0.0,
ESP-La Liga,2021,2020-02-23 Getafe-Sevilla,Sevilla,Tomás Vaclík,False,Goalkeeper,1,start,45,1.0,0.0,0.0,0.0,0.0,0.0,0.0,0.0,1.0,0.0,0.0,0.0,0.0,0.0,
ESP-La Liga,2021,2020-02-23 Osasuna-Granada,Granada,Rui Silva,False,Goalkeeper,1,start,end,1.0,0.0,0.0,0.0,0.0,0.0,0.0,0.0,1.0,0.0,0.0,0.0,0.0,0.0,
ESP-La Liga,2021,2020-02-23 Osasuna-Granada,Osasuna,Sergio Herrera,True,Goalkeeper,1,start,end,1.0,0.0,0.0,0.0,0.0,0.0,0.0,3.0,1.0,0.0,0.0,0.0,0.0,0.0,
ESP-La Liga,2021,2020-02-23 Real Valladolid-Espanyol,Espanyol,Diego López,False,Goalkeeper,1,start,end,1.0,0.0,0.0,0.0,0.0,0.0,0.0,2.0,4.0,0.0,0.0,0.0,0.0,0.0,
ESP-La Liga,2021,2020-02-23 Real Valladolid-Espanyol,Real Valladolid,Jordi Masip,True,Goalkeeper,1,start,end,1.0,0.0,0.0,0.0,0.0,0.0,0.0,1.0,1.0,0.0,0.0,0.0,0.0,0.0,
ESP-La Liga,2021,2020-02-28 Real Sociedad-Real Valladolid,Real Sociedad,Álex Remiro,True,Goalkeeper,1,start,end,1.0,0.0,0.0,0.0,0.0,0.0,0.0,0.0,1.0,0.0,0.0,0.0,0.0,0.0,
ESP-La Liga,2021,2020-02-28 Real Sociedad-Real Valladolid,Real Valladolid,Jordi Masip,False,Goalkeeper,1,start,end,1.0,0.0,1.0,0.0,0.0,0.0,0.0,1.0,3.0,0.0,0.0,0.0,0.0,0.0,
ESP-La Liga,2021,2020-02-29 Eibar-Levante,Eibar,Yoel,True,Goalkeeper,1,start,end,1.0,0.0,0.0,0.0,0.0,0.0,0.0,0.0,3.0,0.0,0.0,0.0,0.0,0.0,
ESP-La Liga,2021,2020-02-29 Eibar-Levante,Levante,Aitor Fernández,False,Goalkeeper,1,start,end,1.0,0.0,0.0,0.0,0.0,0.0,0.0,3.0,7.0,0.0,0.0,0.0,0.0,0.0,
ESP-La Liga,2021,2020-02-29 Granada-Celta Vigo,Celta Vigo,Rubén Blanco,False,Goalkeeper,1,start,end,1.0,0.0,0.0,0.0,0.0,0.0,0.0,0.0,0.0,0.0,0.0,0.0,0.0,0.0,
ESP-La Liga,2021,2020-02-29 Granada-Celta Vigo,Granada,Rui Silva,True,Goalkeeper,1,start,end,1.0,0.0,0.0,0.0,0.0,0.0,0.0,0.0,2.0,0.0,0.0,0.0,0.0,0.0,
ESP-La Liga,2021,2020-02-29 Leganés-Alavés,Alavés,Fernando Pacheco,False,Goalkeeper,1,start,end,1.0,0.0,0.0,0.0,0.0,0.0,0.0,1.0,5.0,0.0,0.0,0.0,0.0,0.0,
ESP-La Liga,2021,2020-02-29 Leganés-Alavés,Leganés,Iván Cuéllar,True,Goalkeeper,1,start,end,1.0,0.0,0.0,0.0,0.0,0.0,0.0,1.0,3.0,0.0,0.0,0.0,0.0,0.0,
ESP-La Liga,2021,2020-02-29 Valencia-Real Betis,Real Betis,Joel Robles,False,Goalkeeper,1,start,end,1.0,0.0,0.0,0.0,0.0,0.0,0.0,2.0,3.0,0.0,0.0,0.0,0.0,0.0,
ESP-La Liga,2021,2020-02-29 Valencia-Real Betis,Valencia,Jasper Cillessen,True,Goalkeeper,1,start,end,1.0,0.0,0.0,0.0,0.0,0.0,0.0,1.0,3.0,0.0,0.0,0.0,0.0,0.0,
ESP-La Liga,2021,2020-03-01 Athletic Club-Villarreal,Athletic Club,Unai Simón,True,Goalkeeper,1,start,end,1.0,0.0,0.0,0.0,0.0,0.0,0.0,0.0,3.0,0.0,0.0,0.0,0.0,0.0,
ESP-La Liga,2021,2020-03-01 Athletic Club-Villarreal,Villarreal,Sergio Asenjo,False,Goalkeeper,1,start,end,1.0,0.0,1.0,0.0,0.0,0.0,0.0,1.0,5.0,0.0,0.0,0.0,0.0,0.0,
ESP-La Liga,2021,2020-03-01 Espanyol-Atlético Madrid,Atlético Madrid,Jan Oblak,False,Goalkeeper,1,start,end,1.0,0.0,2.0,0.0,0.0,0.0,0.0,1.0,3.0,0.0,0.0,0.0,0.0,0.0,
ESP-La Liga,2021,2020-03-01 Espanyol-Atlético Madrid,Espanyol,Diego López,True,Goalkeeper,1,start,end,1.0,0.0,0.0,0.0,0.0,0.0,0.0,1.0,1.0,0.0,0.0,0.0,0.0,0.0,
ESP-La Liga,2021,2020-03-01 Mallorca-Getafe,Getafe,David Soria,False,Goalkeeper,1,start,end,1.0,0.0,0.0,0.0,0.0,0.0,0.0,0.0,1.0,0.0,0.0,0.0,0.0,0.0,
ESP-La Liga,2021,2020-03-01 Mallorca-Getafe,Mallorca,Manolo Reina,True,Goalkeeper,1,start,end,1.0,0.0,1.0,0.0,0.0,0.0,0.0,1.0,4.0,0.0,0.0,0.0,0.0,0.0,
ESP-La Liga,2021,2020-03-01 Real Madrid-Barcelona,Barcelona,Marc-André ter Stegen,False,Goalkeeper,1,start,end,1.0,0.0,0.0,0.0,0.0,0.0,0.0,2.0,2.0,0.0,0.0,0.0,0.0,0.0,
ESP-La Liga,2021,2020-03-01 Real Madrid-Barcelona,Real Madrid,Thibaut Courtois,True,Goalkeeper,1,start,end,1.0,0.0,0.0,0.0,0.0,0.0,0.0,0.0,4.0,0.0,0.0,0.0,0.0,0.0,
ESP-La Liga,2021,2020-03-01 Sevilla-Osasuna,Osasuna,Sergio Herrera,False,Goalkeeper,1,start,end,1.0,1.0,0.0,0.0,1.0,0.0,0.0,2.0,1.0,0.0,0.0,0.0,0.0,0.0,
ESP-La Liga,2021,2020-03-01 Sevilla-Osasuna,Sevilla,Yassine Bounou,True,Goalkeeper,1,start,end,1.0,0.0,0.0,0.0,0.0,0.0,0.0,2.0,2.0,0.0,0.0,0.0,0.0,0.0,
ESP-La Liga,2021,2020-03-06 Alavés-Valencia,Alavés,Fernando Pacheco,True,Goalkeeper,1,start,end,1.0,0.0,0.0,0.0,0.0,0.0,0.0,1.0,1.0,0.0,0.0,0.0,0.0,0.0,
ESP-La Liga,2021,2020-03-06 Alavés-Valencia,Valencia,Jasper Cillessen,False,Goalkeeper,1,start,end,1.0,0.0,0.0,0.0,0.0,0.0,0.0,1.0,1.0,0.0,0.0,0.0,0.0,0.0,
ESP-La Liga,2021,2020-03-07 Atlético Madrid-Sevilla,Atlético Madrid,Jan Oblak,True,Goalkeeper,1,start,end,1.0,0.0,0.0,0.0,0.0,0.0,0.0,2.0,2.0,0.0,0.0,0.0,0.0,0.0,
ESP-La Liga,2021,2020-03-07 Atlético Madrid-Sevilla,Sevilla,Tomás Vaclík,False,Goalkeeper,1,start,end,1.0,0.0,0.0,0.0,0.0,0.0,0.0,2.0,1.0,0.0,0.0,0.0,0.0,0.0,
ESP-La Liga,2021,2020-03-07 Barcelona-Real Sociedad,Barcelona,Marc-André ter Stegen,True,Goalkeeper,1,start,end,1.0,0.0,0.0,0.0,0.0,0.0,0.0,0.0,1.0,0.0,0.0,0.0,0.0,0.0,
ESP-La Liga,2021,2020-03-07 Barcelona-Real Sociedad,Real Sociedad,Álex Remiro,False,Goalkeeper,1,start,end,1.0,0.0,0.0,0.0,0.0,0.0,0.0,1.0,5.0,0.0,0.0,0.0,0.0,0.0,
ESP-La Liga,2021,2020-03-07 Eibar-Mallorca,Eibar,Marko Dmitrovic,True,Goalkeeper,1,start,end,1.0,0.0,0.0,0.0,0.0,0.0,0.0,2.0,2.0,0.0,0.0,0.0,0.0,0.0,
ESP-La Liga,2021,2020-03-07 Eibar-Mallorca,Mallorca,Manolo Reina,False,Goalkeeper,1,start,end,1.0,0.0,1.0,0.0,0.0,0.0,1.0,1.0,1.0,0.0,0.0,0.0,0.0,0.0,
ESP-La Liga,2021,2020-03-07 Getafe-Celta Vigo,Celta Vigo,Rubén Blanco,False,Goalkeeper,1,start,end,1.0,0.0,0.0,0.0,0.0,0.0,1.0,0.0,6.0,0.0,0.0,0.0,0.0,0.0,
ESP-La Liga,2021,2020-03-07 Getafe-Celta Vigo,Getafe,David Soria,True,Goalkeeper,1,start,end,1.0,0.0,0.0,0.0,0.0,0.0,0.0,0.0,2.0,0.0,0.0,0.0,0.0,0.0,
ESP-La Liga,2021,2020-03-08 Levante-Granada,Granada,Rui Silva,False,Goalkeeper,1,start,end,1.0,0.0,1.0,0.0,0.0,0.0,0.0,1.0,2.0,0.0,0.0,0.0,0.0,0.0,
ESP-La Liga,2021,2020-03-08 Levante-Granada,Levante,Aitor Fernández,True,Goalkeeper,1,start,end,1.0,0.0,0.0,0.0,0.0,0.0,0.0,1.0,6.0,0.0,0.0,0.0,0.0,0.0,
ESP-La Liga,2021,2020-03-08 Osasuna-Espanyol,Espanyol,Diego López,False,Goalkeeper,1,start,end,1.0,1.0,0.0,0.0,1.0,0.0,0.0,1.0,5.0,0.0,0.0,0.0,0.0,0.0,
ESP-La Liga,2021,2020-03-08 Osasuna-Espanyol,Osasuna,Rubén,True,Goalkeeper,1,start,end,1.0,0.0,0.0,0.0,0.0,0.0,0.0,0.0,2.0,0.0,0.0,0.0,0.0,0.0,
ESP-La Liga,2021,2020-03-08 Real Betis-Real Madrid,Real Betis,Joel Robles,True,Goalkeeper,1,start,end,1.0,0.0,0.0,0.0,0.0,0.0,0.0,1.0,3.0,0.0,0.0,0.0,0.0,0.0,
ESP-La Liga,2021,2020-03-08 Real Betis-Real Madrid,Real Madrid,Thibaut Courtois,False,Goalkeeper,1,start,end,1.0,0.0,0.0,0.0,0.0,0.0,0.0,2.0,1.0,0.0,0.0,0.0,0.0,0.0,
ESP-La Liga,2021,2020-03-08 Real Valladolid-Athletic Club,Athletic Club,Unai Simón,False,Goalkeeper,1,start,end,1.0,0.0,0.0,0.0,0.0,0.0,0.0,1.0,1.0,0.0,0.0,0.0,0.0,0.0,
ESP-La Liga,2021,2020-03-08 Real Valladolid-Athletic Club,Real Valladolid,Jordi Masip,True,Goalkeeper,1,start,end,1.0,0.0,0.0,0.0,0.0,0.0,0.0,4.0,1.0,0.0,0.0,0.0,0.0,0.0,
ESP-La Liga,2021,2020-03-08 Villarreal-Leganés,Leganés,Iván Cuéllar,False,Goalkeeper,1,start,end,1.0,0.0,0.0,0.0,0.0,0.0,0.0,1.0,4.0,0.0,0.0,0.0,0.0,0.0,
ESP-La Liga,2021,2020-03-08 Villarreal-Leganés,Villarreal,Sergio Asenjo,True,Goalkeeper,1,start,end,1.0,0.0,0.0,0.0,0.0,0.0,0.0,2.0,5.0,0.0,0.0,0.0,0.0,0.0,
ESP-La Liga,2021,2020-03-10 Eibar-Real Sociedad,Eibar,Marko Dmitrovic,True,Goalkeeper,1,start,end,1.0,0.0,0.0,0.0,0.0,0.0,0.0,2.0,0.0,0.0,0.0,0.0,0.0,0.0,
ESP-La Liga,2021,2020-03-10 Eibar-Real Sociedad,Real Sociedad,Álex Remiro,False,Goalkeeper,1,start,end,1.0,0.0,0.0,0.0,0.0,0.0,0.0,1.0,3.0,0.0,0.0,0.0,0.0,0.0,
ESP-La Liga,2021,2020-06-11 Sevilla-Real Betis,Real Betis,Joel Robles,False,Goalkeeper,1,start,end,1.0,0.0,0.0,0.0,0.0,0.0,0.0,2.0,3.0,0.0,0.0,0.0,0.0,0.0,
ESP-La Liga,2021,2020-06-11 Sevilla-Real Betis,Sevilla,Tomás Vaclík,True,Goalkeeper,1,start,end,1.0,0.0,0.0,0.0,0.0,0.0,0.0,0.0,1.0,0.0,0.0,0.0,0.0,0.0,
ESP-La Liga,2021,2020-06-12 Granada-Getafe,Getafe,David Soria,False,Goalkeeper,1,start,end,1.0,0.0,0.0,0.0,0.0,0.0,0.0,2.0,2.0,0.0,0.0,0.0,0.0,0.0,
ESP-La Liga,2021,2020-06-12 Granada-Getafe,Granada,Rui Silva,True,Goalkeeper,1,start,end,1.0,0.0,0.0,0.0,0.0,0.0,0.0,1.0,1.0,0.0,0.0,0.0,0.0,0.0,
ESP-La Liga,2021,2020-06-12 Valencia-Levante,Levante,Aitor Fernández,False,Goalkeeper,1,start,end,1.0,0.0,0.0,0.0,0.0,0.0,0.0,1.0,2.0,0.0,0.0,0.0,0.0,0.0,
ESP-La Liga,2021,2020-06-12 Valencia-Levante,Valencia,Jasper Cillessen,True,Goalkeeper,1,start,end,1.0,0.0,0.0,0.0,0.0,0.0,0.0,1.0,3.0,0.0,0.0,0.0,0.0,0.0,
ESP-La Liga,2021,2020-06-13 Celta Vigo-Villarreal,Celta Vigo,Rubén Blanco,True,Goalkeeper,1,start,end,1.0,0.0,0.0,0.0,0.0,0.0,0.0,1.0,3.0,0.0,0.0,0.0,0.0,0.0,
ESP-La Liga,2021,2020-06-13 Celta Vigo-Villarreal,Villarreal,Sergio Asenjo,False,Goalkeeper,1,start,end,1.0,0.0,0.0,0.0,0.0,0.0,0.0,0.0,0.0,0.0,0.0,0.0,0.0,0.0,
ESP-La Liga,2021,2020-06-13 Espanyol-Alavés,Alavés,Fernando Pacheco,False,Goalkeeper,1,start,end,1.0,1.0,0.0,0.0,1.0,0.0,0.0,0.0,0.0,0.0,0.0,0.0,0.0,0.0,
ESP-La Liga,2021,2020-06-13 Espanyol-Alavés,Espanyol,Oier Olazábal,True,Goalkeeper,1,start,end,1.0,0.0,0.0,0.0,0.0,0.0,0.0,0.0,0.0,0.0,0.0,0.0,0.0,0.0,
ESP-La Liga,2021,2020-06-13 Leganés-Real Valladolid,Leganés,Iván Cuéllar,True,Goalkeeper,1,start,end,1.0,0.0,0.0,0.0,0.0,0.0,0.0,2.0,0.0,0.0,0.0,0.0,0.0,0.0,
ESP-La Liga,2021,2020-06-13 Leganés-Real Valladolid,Real Valladolid,Jordi Masip,False,Goalkeeper,1,start,end,1.0,0.0,0.0,0.0,0.0,0.0,0.0,1.0,2.0,0.0,0.0,0.0,0.0,0.0,
ESP-La Liga,2021,2020-06-13 Mallorca-Barcelona,Barcelona,Marc-André ter Stegen,False,Goalkeeper,1,start,end,1.0,0.0,0.0,0.0,0.0,0.0,0.0,0.0,3.0,0.0,0.0,0.0,0.0,0.0,
ESP-La Liga,2021,2020-06-13 Mallorca-Barcelona,Mallorca,Manolo Reina,True,Goalkeeper,1,start,end,1.0,0.0,0.0,0.0,0.0,0.0,0.0,4.0,3.0,0.0,0.0,0.0,0.0,0.0,
ESP-La Liga,2021,2020-06-14 Athletic Club-Atlético Madrid,Athletic Club,Unai Simón,True,Goalkeeper,1,start,end,1.0,0.0,0.0,0.0,0.0,0.0,0.0,1.0,1.0,0.0,0.0,0.0,0.0,0.0,
ESP-La Liga,2021,2020-06-14 Athletic Club-Atlético Madrid,Atlético Madrid,Jan Oblak,False,Goalkeeper,1,start,end,1.0,0.0,0.0,0.0,0.0,0.0,0.0,1.0,3.0,0.0,0.0,0.0,0.0,0.0,
ESP-La Liga,2021,2020-06-14 Real Madrid-Eibar,Eibar,Marko Dmitrovic,False,Goalkeeper,1,start,end,1.0,0.0,0.0,0.0,0.0,0.0,0.0,3.0,2.0,0.0,0.0,0.0,0.0,0.0,
ESP-La Liga,2021,2020-06-14 Real Madrid-Eibar,Real Madrid,Thibaut Courtois,True,Goalkeeper,1,start,end,1.0,0.0,0.0,0.0,0.0,0.0,0.0,1.0,4.0,0.0,0.0,0.0,0.0,0.0,
ESP-La Liga,2021,2020-06-14 Real Sociedad-Osasuna,Osasuna,Rubén,False,Goalkeeper,1,start,end,1.0,0.0,1.0,0.0,0.0,0.0,0.0,1.0,3.0,0.0,0.0,0.0,0.0,0.0,
ESP-La Liga,2021,2020-06-14 Real Sociedad-Osasuna,Real Sociedad,Álex Remiro,True,Goalkeeper,1,start,end,1.0,0.0,0.0,0.0,0.0,0.0,0.0,1.0,1.0,0.0,0.0,0.0,0.0,0.0,
ESP-La Liga,2021,2020-06-15 Levante-Sevilla,Levante,Aitor Fernández,True,Goalkeeper,1,start,end,1.0,0.0,0.0,0.0,0.0,0.0,0.0,1.0,3.0,0.0,0.0,0.0,0.0,0.0,
ESP-La Liga,2021,2020-06-15 Levante-Sevilla,Sevilla,Tomás Vaclík,False,Goalkeeper,1,start,end,1.0,0.0,0.0,0.0,0.0,0.0,0.0,1.0,3.0,0.0,0.0,0.0,0.0,0.0,
ESP-La Liga,2021,2020-06-15 Real Betis-Granada,Granada,Rui Silva,False,Goalkeeper,1,start,end,1.0,0.0,1.0,0.0,0.0,0.0,1.0,2.0,4.0,0.0,0.0,0.0,0.0,0.0,
ESP-La Liga,2021,2020-06-15 Real Betis-Granada,Real Betis,Joel Robles,True,Goalkeeper,1,start,end,1.0,0.0,0.0,0.0,0.0,0.0,0.0,2.0,3.0,0.0,0.0,0.0,0.0,0.0,
ESP-La Liga,2021,2020-06-16 Barcelona-Leganés,Barcelona,Marc-André ter Stegen,True,Goalkeeper,1,start,end,1.0,0.0,0.0,0.0,0.0,0.0,0.0,0.0,1.0,0.0,0.0,0.0,0.0,0.0,
ESP-La Liga,2021,2020-06-16 Barcelona-Leganés,Leganés,Iván Cuéllar,False,Goalkeeper,1,start,end,1.0,0.0,0.0,0.0,0.0,0.0,0.0,2.0,3.0,0.0,0.0,0.0,0.0,0.0,
ESP-La Liga,2021,2020-06-16 Getafe-Espanyol,Espanyol,Diego López,False,Goalkeeper,1,start,end,1.0,0.0,0.0,0.0,0.0,0.0,1.0,0.0,4.0,0.0,0.0,0.0,0.0,0.0,
ESP-La Liga,2021,2020-06-16 Getafe-Espanyol,Getafe,David Soria,True,Goalkeeper,1,start,end,1.0,0.0,0.0,0.0,0.0,0.0,0.0,0.0,3.0,0.0,0.0,0.0,0.0,0.0,
ESP-La Liga,2021,2020-06-16 Villarreal-Mallorca,Mallorca,Manolo Reina,False,Goalkeeper,1,start,end,1.0,0.0,0.0,0.0,0.0,0.0,0.0,1.0,3.0,0.0,0.0,0.0,0.0,0.0,
ESP-La Liga,2021,2020-06-16 Villarreal-Mallorca,Villarreal,Sergio Asenjo,True,Goalkeeper,1,start,end,1.0,0.0,0.0,0.0,0.0,0.0,0.0,0.0,4.0,0.0,0.0,0.0,0.0,0.0,
ESP-La Liga,2021,2020-06-17 Eibar-Athletic Club,Athletic Club,Unai Simón,False,Goalkeeper,1,start,end,1.0,0.0,0.0,0.0,0.0,0.0,0.0,2.0,4.0,0.0,0.0,0.0,0.0,0.0,
ESP-La Liga,2021,2020-06-17 Eibar-Athletic Club,Eibar,Marko Dmitrovic,True,Goalkeeper,1,start,end,1.0,0.0,0.0,0.0,0.0,0.0,0.0,2.0,1.0,0.0,0.0,0.0,0.0,0.0,
ESP-La Liga,2021,2020-06-17 Osasuna-Atlético Madrid,Atlético Madrid,Jan Oblak,False,Goalkeeper,1,start,end,1.0,0.0,0.0,0.0,0.0,0.0,0.0,0.0,3.0,0.0,0.0,0.0,0.0,0.0,
ESP-La Liga,2021,2020-06-17 Osasuna-Atlético Madrid,Osasuna,Rubén,True,Goalkeeper,1,start,end,1.0,0.0,0.0,0.0,0.0,0.0,0.0,5.0,1.0,0.0,0.0,0.0,0.0,0.0,
ESP-La Liga,2021,2020-06-17 Real Valladolid-Celta Vigo,Celta Vigo,Rubén Blanco,False,Goalkeeper,1,start,end,1.0,0.0,0.0,0.0,0.0,0.0,0.0,0.0,1.0,0.0,0.0,0.0,0.0,0.0,
ESP-La Liga,2021,2020-06-17 Real Valladolid-Celta Vigo,Real Valladolid,Jordi Masip,True,Goalkeeper,1,start,end,1.0,0.0,0.0,0.0,0.0,0.0,0.0,0.0,4.0,0.0,0.0,0.0,0.0,0.0,
ESP-La Liga,2021,2020-06-18 Alavés-Real Sociedad,Alavés,Roberto,True,Goalkeeper,1,start,end,1.0,0.0,0.0,0.0,0.0,0.0,0.0,0.0,1.0,0.0,0.0,0.0,0.0,0.0,
ESP-La Liga,2021,2020-06-18 Alavés-Real Sociedad,Real Sociedad,Álex Remiro,False,Goalkeeper,1,start,end,1.0,0.0,0.0,0.0,0.0,0.0,0.0,2.0,5.0,0.0,0.0,0.0,0.0,0.0,
ESP-La Liga,2021,2020-06-18 Real Madrid-Valencia,Real Madrid,Thibaut Courtois,True,Goalkeeper,1,start,end,1.0,0.0,0.0,0.0,0.0,0.0,0.0,0.0,2.0,0.0,0.0,0.0,0.0,0.0,
ESP-La Liga,2021,2020-06-18 Real Madrid-Valencia,Valencia,Jasper Cillessen,False,Goalkeeper,1,start,end,1.0,0.0,0.0,0.0,0.0,0.0,0.0,3.0,11.0,0.0,0.0,0.0,0.0,0.0,
ESP-La Liga,2021,2020-06-19 Granada-Villarreal,Granada,Rui Silva,True,Goalkeeper,1,start,end,1.0,0.0,0.0,0.0,0.0,0.0,0.0,1.0,0.0,0.0,0.0,0.0,0.0,0.0,
ESP-La Liga,2021,2020-06-19 Granada-Villarreal,Villarreal,Sergio Asenjo,False,Goalkeeper,1,start,end,1.0,0.0,0.0,0.0,0.0,0.0,1.0,0.0,4.0,0.0,0.0,0.0,0.0,0.0,
ESP-La Liga,2021,2020-06-19 Mallorca-Leganés,Leganés,Iván Cuéllar,False,Goalkeeper,1,start,end,1.0,0.0,0.0,0.0,0.0,0.0,0.0,1.0,2.0,0.0,0.0,0.0,0.0,0.0,
ESP-La Liga,2021,2020-06-19 Mallorca-Leganés,Mallorca,Manolo Reina,True,Goalkeeper,1,start,end,1.0,0.0,0.0,0.0,0.0,0.0,0.0,1.0,3.0,0.0,0.0,0.0,0.0,0.0,
ESP-La Liga,2021,2020-06-19 Sevilla-Barcelona,Barcelona,Marc-André ter Stegen,False,Goalkeeper,1,start,end,1.0,0.0,0.0,0.0,0.0,0.0,0.0,0.0,4.0,0.0,0.0,0.0,0.0,0.0,
ESP-La Liga,2021,2020-06-19 Sevilla-Barcelona,Sevilla,Tomás Vaclík,True,Goalkeeper,1,start,end,1.0,0.0,0.0,0.0,0.0,0.0,0.0,0.0,3.0,0.0,0.0,0.0,0.0,0.0,
ESP-La Liga,2021,2020-06-20 Athletic Club-Real Betis,Athletic Club,Unai Simón,True,Goalkeeper,1,start,end,1.0,0.0,0.0,0.0,0.0,0.0,0.0,0.0,5.0,0.0,0.0,0.0,0.0,0.0,
ESP-La Liga,2021,2020-06-20 Athletic Club-Real Betis,Real Betis,Joel Robles,False,Goalkeeper,1,start,end,1.0,0.0,0.0,0.0,0.0,0.0,0.0,1.0,2.0,0.0,0.0,0.0,0.0,0.0,
ESP-La Liga,2021,2020-06-20 Atlético Madrid-Real Valladolid,Atlético Madrid,Jan Oblak,True,Goalkeeper,1,start,end,1.0,0.0,0.0,0.0,0.0,0.0,0.0,0.0,2.0,0.0,0.0,0.0,0.0,0.0,
ESP-La Liga,2021,2020-06-20 Atlético Madrid-Real Valladolid,Real Valladolid,Caro,False,Goalkeeper,1,start,end,1.0,0.0,0.0,0.0,0.0,0.0,0.0,1.0,3.0,0.0,0.0,0.0,0.0,0.0,
ESP-La Liga,2021,2020-06-20 Espanyol-Levante,Espanyol,Diego López,True,Goalkeeper,1,start,end,1.0,0.0,0.0,0.0,0.0,0.0,0.0,3.0,6.0,0.0,0.0,0.0,0.0,0.0,
ESP-La Liga,2021,2020-06-20 Espanyol-Levante,Levante,Aitor Fernández,False,Goalkeeper,1,start,end,1.0,0.0,0.0,0.0,0.0,0.0,0.0,1.0,2.0,0.0,0.0,0.0,0.0,0.0,
ESP-La Liga,2021,2020-06-20 Getafe-Eibar,Eibar,Marko Dmitrovic,False,Goalkeeper,1,start,end,1.0,0.0,0.0,0.0,0.0,0.0,0.0,1.0,1.0,0.0,0.0,0.0,0.0,0.0,
ESP-La Liga,2021,2020-06-20 Getafe-Eibar,Getafe,David Soria,True,Goalkeeper,1,start,end,1.0,0.0,0.0,0.0,0.0,0.0,0.0,1.0,1.0,0.0,0.0,0.0,0.0,0.0,
ESP-La Liga,2021,2020-06-21 Celta Vigo-Alavés,Alavés,Roberto,False,Goalkeeper,1,start,end,1.0,0.0,0.0,0.0,0.0,0.0,0.0,6.0,4.0,0.0,0.0,0.0,0.0,0.0,
ESP-La Liga,2021,2020-06-21 Celta Vigo-Alavés,Celta Vigo,Rubén Blanco,True,Goalkeeper,1,start,end,1.0,0.0,0.0,0.0,0.0,0.0,0.0,0.0,2.0,0.0,0.0,0.0,0.0,0.0,
ESP-La Liga,2021,2020-06-21 Real Sociedad-Real Madrid,Real Madrid,Thibaut Courtois,False,Goalkeeper,1,start,end,1.0,0.0,0.0,0.0,0.0,0.0,0.0,1.0,1.0,0.0,0.0,0.0,0.0,0.0,
ESP-La Liga,2021,2020-06-21 Real Sociedad-Real Madrid,Real Sociedad,Álex Remiro,True,Goalkeeper,1,start,end,1.0,0.0,0.0,0.0,0.0,0.0,0.0,2.0,4.0,0.0,0.0,0.0,0.0,0.0,
ESP-La Liga,2021,2020-06-21 Valencia-Osasuna,Osasuna,Rubén,False,Goalkeeper,1,start,end,1.0,0.0,0.0,0.0,0.0,0.0,0.0,2.0,1.0,0.0,0.0,0.0,0.0,0.0,
ESP-La Liga,2021,2020-06-21 Valencia-Osasuna,Valencia,Jasper Cillessen,True,Goalkeeper,1,start,end,1.0,0.0,0.0,0.0,0.0,0.0,0.0,0.0,3.0,0.0,0.0,0.0,0.0,0.0,
ESP-La Liga,2021,2020-06-22 Leganés-Granada,Granada,Rui Silva,False,Goalkeeper,1,start,end,1.0,0.0,0.0,0.0,0.0,0.0,0.0,0.0,3.0,0.0,0.0,0.0,0.0,0.0,
ESP-La Liga,2021,2020-06-22 Leganés-Granada,Leganés,Iván Cuéllar,True,Goalkeeper,1,start,end,1.0,0.0,0.0,0.0,0.0,0.0,0.0,0.0,1.0,0.0,0.0,0.0,0.0,0.0,
ESP-La Liga,2021,2020-06-22 Villarreal-Sevilla,Sevilla,Tomás Vaclík,False,Goalkeeper,1,start,end,1.0,0.0,0.0,0.0,0.0,0.0,0.0,2.0,3.0,0.0,0.0,0.0,0.0,0.0,
ESP-La Liga,2021,2020-06-22 Villarreal-Sevilla,Villarreal,Sergio Asenjo,True,Goalkeeper,1,start,end,1.0,0.0,1.0,0.0,0.0,0.0,0.0,2.0,5.0,0.0,0.0,0.0,0.0,0.0,
ESP-La Liga,2021,2020-06-23 Barcelona-Athletic Club,Athletic Club,Unai Simón,False,Goalkeeper,1,start,end,1.0,0.0,0.0,0.0,0.0,0.0,0.0,1.0,3.0,0.0,0.0,0.0,0.0,0.0,
ESP-La Liga,2021,2020-06-23 Barcelona-Athletic Club,Barcelona,Marc-André ter Stegen,True,Goalkeeper,1,start,end,1.0,0.0,0.0,0.0,0.0,0.0,0.0,0.0,0.0,0.0,0.0,0.0,0.0,0.0,
ESP-La Liga,2021,2020-06-23 Levante-Atlético Madrid,Atlético Madrid,Jan Oblak,False,Goalkeeper,1,start,end,1.0,0.0,0.0,0.0,0.0,0.0,0.0,0.0,0.0,0.0,0.0,0.0,0.0,0.0,
ESP-La Liga,2021,2020-06-23 Levante-Atlético Madrid,Levante,Aitor Fernández,True,Goalkeeper,1,start,end,1.0,0.0,0.0,0.0,0.0,0.0,0.0,1.0,7.0,0.0,0.0,0.0,0.0,0.0,
ESP-La Liga,2021,2020-06-23 Real Valladolid-Getafe,Getafe,David Soria,False,Goalkeeper,1,start,end,1.0,0.0,0.0,0.0,0.0,0.0,0.0,1.0,1.0,0.0,0.0,0.0,0.0,0.0,
ESP-La Liga,2021,2020-06-23 Real Valladolid-Getafe,Real Valladolid,Jordi Masip,True,Goalkeeper,1,start,end,1.0,0.0,0.0,0.0,0.0,0.0,0.0,1.0,0.0,0.0,0.0,0.0,0.0,0.0,
ESP-La Liga,2021,2020-06-24 Alavés-Osasuna,Alavés,Fernando Pacheco,True,Goalkeeper,1,start,end,1.0,0.0,0.0,0.0,0.0,0.0,0.0,1.0,0.0,0.0,0.0,0.0,0.0,0.0,
ESP-La Liga,2021,2020-06-24 Alavés-Osasuna,Osasuna,Sergio Herrera,False,Goalkeeper,1,start,end,1.0,0.0,0.0,0.0,0.0,0.0,0.0,0.0,0.0,0.0,0.0,0.0,0.0,0.0,
ESP-La Liga,2021,2020-06-24 Real Madrid-Mallorca,Mallorca,Manolo Reina,False,Goalkeeper,1,start,end,1.0,0.0,0.0,0.0,0.0,0.0,0.0,2.0,4.0,0.0,0.0,0.0,0.0,0.0,
ESP-La Liga,2021,2020-06-24 Real Madrid-Mallorca,Real Madrid,Thibaut Courtois,True,Goalkeeper,1,start,end,1.0,0.0,0.0,0.0,0.0,0.0,0.0,0.0,4.0,0.0,0.0,0.0,0.0,0.0,
ESP-La Liga,2021,2020-06-24 Real Sociedad-Celta Vigo,Celta Vigo,Rubén Blanco,False,Goalkeeper,1,start,end,1.0,0.0,0.0,0.0,0.0,0.0,0.0,0.0,6.0,0.0,0.0,0.0,0.0,0.0,
ESP-La Liga,2021,2020-06-24 Real Sociedad-Celta Vigo,Real Sociedad,Álex Remiro,True,Goalkeeper,1,start,end,1.0,0.0,1.0,0.0,0.0,0.0,0.0,1.0,0.0,0.0,0.0,0.0,0.0,0.0,
ESP-La Liga,2021,2020-06-25 Eibar-Valencia,Eibar,Marko Dmitrovic,True,Goalkeeper,1,start,end,1.0,0.0,0.0,0.0,0.0,0.0,0.0,0.0,0.0,0.0,0.0,0.0,0.0,0.0,
ESP-La Liga,2021,2020-06-25 Eibar-Valencia,Valencia,Jasper Cillessen,False,Goalkeeper,1,start,end,1.0,0.0,0.0,0.0,0.0,0.0,0.0,1.0,5.0,0.0,0.0,0.0,0.0,0.0,
ESP-La Liga,2021,2020-06-25 Real Betis-Espanyol,Espanyol,Diego López,False,Goalkeeper,1,start,end,1.0,0.0,0.0,0.0,0.0,0.0,0.0,1.0,5.0,0.0,0.0,0.0,0.0,0.0,
ESP-La Liga,2021,2020-06-25 Real Betis-Espanyol,Real Betis,Joel Robles,True,Goalkeeper,1,start,end,1.0,0.0,0.0,0.0,0.0,0.0,0.0,0.0,3.0,0.0,0.0,0.0,0.0,0.0,
ESP-La Liga,2021,2020-06-26 Sevilla-Real Valladolid,Real Valladolid,Jordi Masip,False,Goalkeeper,1,start,end,1.0,0.0,0.0,0.0,0.0,0.0,0.0,1.0,2.0,0.0,0.0,0.0,0.0,0.0,
ESP-La Liga,2021,2020-06-26 Sevilla-Real Valladolid,Sevilla,Tomás Vaclík,True,Goalkeeper,1,start,end,1.0,0.0,0.0,0.0,0.0,0.0,0.0,1.0,4.0,0.0,0.0,0.0,0.0,0.0,
ESP-La Liga,2021,2020-06-27 Athletic Club-Mallorca,Athletic Club,Unai Simón,True,Goalkeeper,1,start,end,1.0,0.0,0.0,0.0,0.0,0.0,0.0,1.0,1.0,0.0,0.0,0.0,0.0,0.0,
ESP-La Liga,2021,2020-06-27 Athletic Club-Mallorca,Mallorca,Manolo Reina,False,Goalkeeper,1,start,end,1.0,0.0,0.0,0.0,0.0,0.0,0.0,3.0,3.0,0.0,0.0,0.0,0.0,0.0,
ESP-La Liga,2021,2020-06-27 Atlético Madrid-Alavés,Alavés,Fernando Pacheco,False,Goalkeeper,1,start,end,1.0,0.0,0.0,0.0,0.0,0.0,0.0,2.0,2.0,0.0,0.0,0.0,0.0,0.0,
ESP-La Liga,2021,2020-06-27 Atlético Madrid-Alavés,Atlético Madrid,Jan Oblak,True,Goalkeeper,1,start,end,1.0,0.0,0.0,0.0,0.0,0.0,0.0,1.0,1.0,0.0,0.0,0.0,0.0,0.0,
ESP-La Liga,2021,2020-06-27 Celta Vigo-Barcelona,Barcelona,Marc-André ter Stegen,False,Goalkeeper,1,start,end,1.0,0.0,0.0,0.0,0.0,0.0,0.0,2.0,4.0,0.0,0.0,0.0,0.0,0.0,
ESP-La Liga,2021,2020-06-27 Celta Vigo-Barcelona,Celta Vigo,Rubén Blanco,True,Goalkeeper,1,start,end,1.0,0.0,0.0,0.0,0.0,0.0,0.0,2.0,0.0,0.0,0.0,0.0,0.0,0.0,
ESP-La Liga,2021,2020-06-27 Osasuna-Leganés,Leganés,Iván Cuéllar,False,Goalkeeper,1,start,end,1.0,0.0,2.0,0.0,0.0,0.0,0.0,2.0,3.0,0.0,0.0,0.0,0.0,0.0,
ESP-La Liga,2021,2020-06-27 Osasuna-Leganés,Osasuna,Sergio Herrera,True,Goalkeeper,1,start,end,1.0,0.0,0.0,0.0,0.0,0.0,0.0,1.0,6.0,0.0,0.0,0.0,0.0,0.0,
ESP-La Liga,2021,2020-06-28 Espanyol-Real Madrid,Espanyol,Diego López,True,Goalkeeper,1,start,end,1.0,0.0,0.0,0.0,0.0,0.0,0.0,1.0,5.0,0.0,0.0,0.0,0.0,0.0,
ESP-La Liga,2021,2020-06-28 Espanyol-Real Madrid,Real Madrid,Thibaut Courtois,False,Goalkeeper,1,start,end,1.0,0.0,0.0,0.0,0.0,0.0,0.0,0.0,5.0,0.0,0.0,0.0,0.0,0.0,
ESP-La Liga,2021,2020-06-28 Granada-Eibar,Eibar,Marko Dmitrovic,False,Goalkeeper,1,start,end,1.0,0.0,0.0,0.0,0.0,0.0,0.0,1.0,4.0,0.0,0.0,0.0,0.0,0.0,
ESP-La Liga,2021,2020-06-28 Granada-Eibar,Granada,Aarón Escandell,True,Goalkeeper,1,start,end,1.0,0.0,0.0,0.0,0.0,0.0,0.0,2.0,4.0,0.0,0.0,0.0,0.0,0.0,
ESP-La Liga,2021,2020-06-28 Levante-Real Betis,Levante,Aitor Fernández,True,Goalkeeper,1,start,end,1.0,0.0,0.0,0.0,0.0,0.0,0.0,2.0,6.0,0.0,0.0,0.0,0.0,0.0,
ESP-La Liga,2021,2020-06-28 Levante-Real Betis,Real Betis,Joel Robles,False,Goalkeeper,1,start,end,1.0,0.0,0.0,0.0,0.0,0.0,0.0,4.0,0.0,0.0,0.0,0.0,0.0,0.0,
ESP-La Liga,2021,2020-06-28 Villarreal-Valencia,Valencia,Jasper Cillessen,False,Goalkeeper,1,start,end,1.0,0.0,0.0,0.0,0.0,0.0,0.0,2.0,2.0,0.0,0.0,0.0,0.0,0.0,
ESP-La Liga,2021,2020-06-28 Villarreal-Valencia,Villarreal,Sergio Asenjo,True,Goalkeeper,1,start,end,1.0,0.0,0.0,0.0,0.0,0.0,0.0,0.0,0.0,0.0,0.0,0.0,0.0,0.0,
ESP-La Liga,2021,2020-06-29 Getafe-Real Sociedad,Getafe,David Soria,True,Goalkeeper,1,start,end,1.0,0.0,0.0,0.0,0.0,0.0,0.0,1.0,0.0,0.0,0.0,0.0,0.0,0.0,
ESP-La Liga,2021,2020-06-29 Getafe-Real Sociedad,Real Sociedad,Álex Remiro,False,Goalkeeper,1,start,end,1.0,0.0,0.0,0.0,0.0,0.0,0.0,2.0,2.0,0.0,0.0,0.0,0.0,0.0,
ESP-La Liga,2021,2020-06-30 Barcelona-Atlético Madrid,Atlético Madrid,Jan Oblak,False,Goalkeeper,1,start,end,1.0,0.0,0.0,0.0,0.0,0.0,0.0,2.0,4.0,0.0,0.0,0.0,0.0,0.0,
ESP-La Liga,2021,2020-06-30 Barcelona-Atlético Madrid,Barcelona,Marc-André ter Stegen,True,Goalkeeper,1,start,end,1.0,0.0,0.0,0.0,0.0,0.0,1.0,2.0,1.0,0.0,0.0,0.0,0.0,0.0,
ESP-La Liga,2021,2020-06-30 Leganés-Sevilla,Leganés,Iván Cuéllar,True,Goalkeeper,1,start,end,1.0,0.0,0.0,0.0,0.0,0.0,0.0,3.0,3.0,0.0,0.0,0.0,0.0,0.0,
ESP-La Liga,2021,2020-06-30 Leganés-Sevilla,Sevilla,Tomás Vaclík,False,Goalkeeper,1,start,end,1.0,0.0,0.0,0.0,0.0,0.0,0.0,0.0,3.0,0.0,0.0,0.0,0.0,0.0,
ESP-La Liga,2021,2020-06-30 Mallorca-Celta Vigo,Celta Vigo,Rubén Blanco,False,Goalkeeper,1,start,end,1.0,0.0,0.0,0.0,0.0,0.0,0.0,5.0,2.0,0.0,0.0,0.0,0.0,0.0,
ESP-La Liga,2021,2020-06-30 Mallorca-Celta Vigo,Mallorca,Manolo Reina,True,Goalkeeper,1,start,end,1.0,0.0,0.0,0.0,0.0,0.0,0.0,1.0,7.0,0.0,0.0,0.0,0.0,0.0,
ESP-La Liga,2021,2020-07-01 Alavés-Granada,Alavés,Roberto,True,Goalkeeper,1,start,end,1.0,0.0,2.0,0.0,0.0,0.0,0.0,2.0,2.0,0.0,0.0,0.0,0.0,0.0,
ESP-La Liga,2021,2020-07-01 Alavés-Granada,Granada,Aarón Escandell,False,Goalkeeper,1,start,end,1.0,0.0,0.0,0.0,0.0,0.0,0.0,0.0,5.0,0.0,0.0,0.0,0.0,0.0,
ESP-La Liga,2021,2020-07-01 Real Betis-Villarreal,Real Betis,Joel Robles,True,Goalkeeper,1,start,end,1.0,0.0,0.0,0.0,0.0,0.0,0.0,2.0,3.0,0.0,0.0,0.0,0.0,0.0,
ESP-La Liga,2021,2020-07-01 Real Betis-Villarreal,Villarreal,Sergio Asenjo,False,Goalkeeper,1,start,end,1.0,0.0,0.0,0.0,0.0,0.0,0.0,0.0,1.0,0.0,0.0,0.0,0.0,0.0,
ESP-La Liga,2021,2020-07-01 Real Valladolid-Levante,Levante,Aitor Fernández,False,Goalkeeper,1,start,end,1.0,1.0,0.0,0.0,0.0,0.0,0.0,0.0,4.0,0.0,0.0,0.0,0.0,0.0,
ESP-La Liga,2021,2020-07-01 Real Valladolid-Levante,Real Valladolid,Jordi Masip,True,Goalkeeper,1,start,end,1.0,0.0,0.0,0.0,0.0,0.0,0.0,0.0,3.0,0.0,0.0,0.0,0.0,0.0,
ESP-La Liga,2021,2020-07-01 Valencia-Athletic Club,Athletic Club,Unai Simón,False,Goalkeeper,1,start,end,1.0,0.0,0.0,0.0,0.0,0.0,0.0,0.0,1.0,0.0,0.0,0.0,0.0,0.0,
ESP-La Liga,2021,2020-07-01 Valencia-Athletic Club,Valencia,Jasper Cillessen,True,Goalkeeper,1,start,end,1.0,0.0,0.0,0.0,0.0,0.0,0.0,2.0,2.0,0.0,0.0,0.0,0.0,0.0,
ESP-La Liga,2021,2020-07-02 Eibar-Osasuna,Eibar,Marko Dmitrovic,True,Goalkeeper,1,start,end,1.0,0.0,0.0,0.0,0.0,0.0,0.0,2.0,4.0,0.0,0.0,0.0,0.0,0.0,
ESP-La Liga,2021,2020-07-02 Eibar-Osasuna,Osasuna,Sergio Herrera,False,Goalkeeper,1,start,end,1.0,0.0,0.0,0.0,0.0,0.0,0.0,0.0,4.0,0.0,0.0,0.0,0.0,0.0,
ESP-La Liga,2021,2020-07-02 Real Madrid-Getafe,Getafe,David Soria,False,Goalkeeper,1,start,end,1.0,0.0,0.0,0.0,0.0,0.0,0.0,1.0,3.0,0.0,0.0,0.0,0.0,0.0,
ESP-La Liga,2021,2020-07-02 Real Madrid-Getafe,Real Madrid,Thibaut Courtois,True,Goalkeeper,1,start,end,1.0,0.0,0.0,0.0,0.0,0.0,0.0,0.0,3.0,0.0,0.0,0.0,0.0,0.0,
ESP-La Liga,2021,2020-07-02 Real Sociedad-Espanyol,Espanyol,Diego López,False,Goalkeeper,1,start,end,1.0,0.0,0.0,0.0,0.0,0.0,0.0,2.0,2.0,0.0,0.0,0.0,0.0,0.0,
ESP-La Liga,2021,2020-07-02 Real Sociedad-Espanyol,Real Sociedad,Miguel Ángel Moyà,True,Goalkeeper,1,start,end,1.0,0.0,0.0,0.0,0.0,0.0,0.0,1.0,2.0,0.0,0.0,0.0,0.0,0.0,
ESP-La Liga,2021,2020-07-03 Atlético Madrid-Mallorca,Atlético Madrid,Jan Oblak,True,Goalkeeper,1,start,end,1.0,0.0,0.0,0.0,0.0,0.0,0.0,0.0,1.0,0.0,0.0,0.0,0.0,0.0,
ESP-La Liga,2021,2020-07-03 Atlético Madrid-Mallorca,Mallorca,Manolo Reina,False,Goalkeeper,1,start,end,1.0,0.0,0.0,0.0,0.0,0.0,0.0,3.0,0.0,0.0,0.0,0.0,0.0,0.0,
ESP-La Liga,2021,2020-07-04 Celta Vigo-Real Betis,Celta Vigo,Rubén Blanco,True,Goalkeeper,1,start,end,1.0,0.0,0.0,0.0,0.0,0.0,0.0,1.0,2.0,0.0,0.0,0.0,0.0,0.0,
ESP-La Liga,2021,2020-07-04 Celta Vigo-Real Betis,Real Betis,Joel Robles,False,Goalkeeper,1,start,end,1.0,0.0,0.0,0.0,0.0,0.0,0.0,1.0,0.0,0.0,0.0,0.0,0.0,0.0,
ESP-La Liga,2021,2020-07-04 Granada-Valencia,Granada,Rui Silva,True,Goalkeeper,1,start,end,1.0,0.0,0.0,0.0,0.0,0.0,0.0,2.0,1.0,0.0,0.0,0.0,0.0,0.0,
ESP-La Liga,2021,2020-07-04 Granada-Valencia,Valencia,Jasper Cillessen,False,Goalkeeper,1,start,end,1.0,0.0,0.0,0.0,0.0,0.0,0.0,2.0,2.0,0.0,0.0,0.0,0.0,0.0,
ESP-La Liga,2021,2020-07-04 Real Valladolid-Alavés,Alavés,Roberto,False,Goalkeeper,1,start,end,1.0,0.0,0.0,0.0,0.0,0.0,0.0,1.0,2.0,0.0,0.0,0.0,0.0,1.0,
ESP-La Liga,2021,2020-07-04 Real Valladolid-Alavés,Real Valladolid,Jordi Masip,True,Goalkeeper,1,start,end,1.0,0.0,1.0,0.0,0.0,0.0,0.0,0.0,0.0,0.0,0.0,0.0,0.0,0.0,
ESP-La Liga,2021,2020-07-05 Athletic Club-Real Madrid,Athletic Club,Unai Simón,True,Goalkeeper,1,start,end,1.0,0.0,0.0,0.0,0.0,0.0,0.0,1.0,3.0,0.0,0.0,0.0,0.0,0.0,
ESP-La Liga,2021,2020-07-05 Athletic Club-Real Madrid,Real Madrid,Thibaut Courtois,False,Goalkeeper,1,start,end,1.0,0.0,0.0,0.0,0.0,0.0,0.0,0.0,1.0,0.0,0.0,0.0,0.0,0.0,
ESP-La Liga,2021,2020-07-05 Espanyol-Leganés,Espanyol,Diego López,True,Goalkeeper,1,start,end,1.0,0.0,0.0,0.0,0.0,0.0,0.0,1.0,1.0,0.0,0.0,0.0,0.0,0.0,
ESP-La Liga,2021,2020-07-05 Espanyol-Leganés,Leganés,Iván Cuéllar,False,Goalkeeper,1,start,end,1.0,0.0,0.0,0.0,0.0,0.0,0.0,0.0,2.0,0.0,0.0,0.0,0.0,0.0,
ESP-La Liga,2021,2020-07-05 Osasuna-Getafe,Getafe,David Soria,False,Goalkeeper,1,start,end,1.0,0.0,0.0,0.0,0.0,0.0,0.0,0.0,2.0,0.0,0.0,0.0,0.0,0.0,
ESP-La Liga,2021,2020-07-05 Osasuna-Getafe,Osasuna,Sergio Herrera,True,Goalkeeper,1,start,end,1.0,0.0,1.0,0.0,0.0,0.0,0.0,0.0,1.0,0.0,0.0,0.0,0.0,0.0,
ESP-La Liga,2021,2020-07-05 Villarreal-Barcelona,Barcelona,Marc-André ter Stegen,False,Goalkeeper,1,start,end,1.0,0.0,0.0,0.0,0.0,0.0,0.0,1.0,3.0,0.0,0.0,0.0,0.0,0.0,
ESP-La Liga,2021,2020-07-05 Villarreal-Barcelona,Villarreal,Sergio Asenjo,True,Goalkeeper,1,start,end,1.0,0.0,0.0,0.0,0.0,0.0,0.0,4.0,9.0,0.0,0.0,0.0,0.0,0.0,
ESP-La Liga,2021,2020-07-06 Levante-Real Sociedad,Levante,Aitor Fernández,True,Goalkeeper,1,start,end,1.0,0.0,0.0,0.0,0.0,0.0,0.0,1.0,2.0,0.0,0.0,0.0,0.0,0.0,
ESP-La Liga,2021,2020-07-06 Levante-Real Sociedad,Real Sociedad,Miguel Ángel Moyà,False,Goalkeeper,1,start,end,1.0,0.0,0.0,0.0,0.0,0.0,0.0,1.0,3.0,0.0,0.0,0.0,0.0,0.0,
ESP-La Liga,2021,2020-07-06 Sevilla-Eibar,Eibar,Marko Dmitrovic,False,Goalkeeper,1,start,end,1.0,0.0,0.0,0.0,0.0,0.0,0.0,1.0,2.0,0.0,0.0,1.0,0.0,1.0,
ESP-La Liga,2021,2020-07-06 Sevilla-Eibar,Sevilla,Tomás Vaclík,True,Goalkeeper,1,start,end,1.0,0.0,0.0,0.0,0.0,0.0,0.0,0.0,1.0,0.0,0.0,0.0,0.0,0.0,
ESP-La Liga,2021,2020-07-07 Celta Vigo-Atlético Madrid,Atlético Madrid,Jan Oblak,False,Goalkeeper,1,start,end,1.0,0.0,0.0,0.0,0.0,0.0,0.0,1.0,3.0,0.0,0.0,0.0,0.0,0.0,
ESP-La Liga,2021,2020-07-07 Celta Vigo-Atlético Madrid,Celta Vigo,Rubén Blanco,True,Goalkeeper,1,start,81,1.0,0.0,0.0,0.0,0.0,0.0,0.0,1.0,0.0,0.0,0.0,0.0,0.0,0.0,
ESP-La Liga,2021,2020-07-07 Valencia-Real Valladolid,Real Valladolid,Jordi Masip,False,Goalkeeper,1,start,end,1.0,0.0,0.0,0.0,0.0,0.0,0.0,2.0,2.0,0.0,0.0,0.0,0.0,0.0,
ESP-La Liga,2021,2020-07-07 Valencia-Real Valladolid,Valencia,Jaume Doménech,True,Goalkeeper,1,start,end,1.0,0.0,0.0,0.0,0.0,0.0,0.0,1.0,4.0,0.0,0.0,0.0,0.0,0.0,
ESP-La Liga,2021,2020-07-08 Barcelona-Espanyol,Barcelona,Marc-André ter Stegen,True,Goalkeeper,1,start,end,1.0,0.0,0.0,0.0,0.0,0.0,0.0,0.0,2.0,0.0,0.0,0.0,0.0,0.0,
ESP-La Liga,2021,2020-07-08 Barcelona-Espanyol,Espanyol,Diego López,False,Goalkeeper,1,start,end,1.0,0.0,0.0,0.0,0.0,0.0,0.0,1.0,1.0,0.0,0.0,0.0,0.0,0.0,
ESP-La Liga,2021,2020-07-08 Getafe-Villarreal,Getafe,David Soria,True,Goalkeeper,1,start,end,1.0,1.0,0.0,0.0,0.0,0.0,1.0,3.0,0.0,0.0,0.0,0.0,0.0,0.0,
ESP-La Liga,2021,2020-07-08 Getafe-Villarreal,Villarreal,Sergio Asenjo,False,Goalkeeper,1,start,end,1.0,0.0,1.0,0.0,0.0,0.0,0.0,1.0,1.0,0.0,0.0,0.0,0.0,0.0,
ESP-La Liga,2021,2020-07-08 Real Betis-Osasuna,Osasuna,Sergio Herrera,False,Goalkeeper,1,start,end,1.0,0.0,0.0,0.0,0.0,0.0,0.0,3.0,5.0,0.0,0.0,0.0,0.0,0.0,
ESP-La Liga,2021,2020-07-08 Real Betis-Osasuna,Real Betis,Dani Martín,True,Goalkeeper,1,start,end,1.0,0.0,1.0,0.0,0.0,0.0,0.0,0.0,3.0,0.0,0.0,0.0,0.0,0.0,
ESP-La Liga,2021,2020-07-09 Athletic Club-Sevilla,Athletic Club,Unai Simón,True,Goalkeeper,1,start,end,1.0,0.0,0.0,0.0,0.0,0.0,0.0,2.0,5.0,0.0,0.0,0.0,0.0,0.0,
ESP-La Liga,2021,2020-07-09 Athletic Club-Sevilla,Sevilla,Yassine Bounou,False,Goalkeeper,1,start,end,1.0,0.0,0.0,0.0,0.0,0.0,0.0,1.0,3.0,0.0,0.0,0.0,0.0,0.0,
ESP-La Liga,2021,2020-07-09 Eibar-Leganés,Eibar,Marko Dmitrovic,True,Goalkeeper,1,start,end,1.0,0.0,0.0,0.0,0.0,0.0,0.0,0.0,1.0,0.0,0.0,0.0,0.0,0.0,
ESP-La Liga,2021,2020-07-09 Eibar-Leganés,Leganés,Iván Cuéllar,False,Goalkeeper,1,start,end,1.0,0.0,2.0,0.0,0.0,0.0,1.0,0.0,1.0,0.0,0.0,0.0,0.0,0.0,
ESP-La Liga,2021,2020-07-09 Mallorca-Levante,Levante,Aitor Fernández,False,Goalkeeper,1,start,end,1.0,0.0,0.0,0.0,0.0,0.0,0.0,2.0,3.0,0.0,0.0,0.0,0.0,0.0,
ESP-La Liga,2021,2020-07-09 Mallorca-Levante,Mallorca,Manolo Reina,True,Goalkeeper,1,start,end,1.0,0.0,0.0,0.0,0.0,0.0,0.0,0.0,2.0,0.0,0.0,0.0,0.0,0.0,
ESP-La Liga,2021,2020-07-10 Real Madrid-Alavés,Alavés,Roberto,False,Goalkeeper,1,start,end,1.0,0.0,0.0,0.0,0.0,0.0,0.0,2.0,7.0,0.0,0.0,0.0,0.0,0.0,
ESP-La Liga,2021,2020-07-10 Real Madrid-Alavés,Real Madrid,Thibaut Courtois,True,Goalkeeper,1,start,end,1.0,0.0,0.0,0.0,0.0,0.0,0.0,0.0,4.0,0.0,0.0,0.0,0.0,0.0,
ESP-La Liga,2021,2020-07-10 Real Sociedad-Granada,Granada,Rui Silva,False,Goalkeeper,1,start,end,1.0,0.0,0.0,0.0,0.0,0.0,0.0,2.0,3.0,0.0,0.0,0.0,0.0,0.0,
ESP-La Liga,2021,2020-07-10 Real Sociedad-Granada,Real Sociedad,Miguel Ángel Moyà,True,Goalkeeper,1,start,end,1.0,0.0,0.0,0.0,0.0,0.0,0.0,3.0,0.0,0.0,0.0,0.0,0.0,0.0,
ESP-La Liga,2021,2020-07-11 Atlético Madrid-Real Betis,Atlético Madrid,Jan Oblak,True,Goalkeeper,1,start,end,1.0,0.0,0.0,0.0,0.0,0.0,0.0,0.0,3.0,0.0,0.0,0.0,0.0,0.0,
ESP-La Liga,2021,2020-07-11 Atlético Madrid-Real Betis,Real Betis,Dani Martín,False,Goalkeeper,1,start,end,1.0,0.0,0.0,0.0,0.0,0.0,0.0,1.0,3.0,0.0,0.0,0.0,0.0,0.0,
ESP-La Liga,2021,2020-07-11 Osasuna-Celta Vigo,Celta Vigo,Iván Villar,False,Goalkeeper,1,start,end,1.0,0.0,0.0,0.0,0.0,0.0,0.0,2.0,3.0,0.0,0.0,0.0,0.0,0.0,
ESP-La Liga,2021,2020-07-11 Osasuna-Celta Vigo,Osasuna,Sergio Herrera,True,Goalkeeper,1,start,end,1.0,0.0,0.0,0.0,0.0,0.0,0.0,1.0,2.0,0.0,0.0,0.0,0.0,0.0,
ESP-La Liga,2021,2020-07-11 Real Valladolid-Barcelona,Barcelona,Marc-André ter Stegen,False,Goalkeeper,1,start,end,1.0,0.0,0.0,0.0,0.0,0.0,0.0,0.0,4.0,0.0,0.0,0.0,0.0,0.0,
ESP-La Liga,2021,2020-07-11 Real Valladolid-Barcelona,Real Valladolid,Jordi Masip,True,Goalkeeper,1,start,end,1.0,0.0,0.0,0.0,0.0,0.0,0.0,1.0,5.0,0.0,0.0,0.0,0.0,0.0,
ESP-La Liga,2021,2020-07-12 Espanyol-Eibar,Eibar,Marko Dmitrovic,False,Goalkeeper,1,start,end,1.0,0.0,0.0,0.0,0.0,0.0,0.0,0.0,3.0,0.0,0.0,0.0,0.0,0.0,
ESP-La Liga,2021,2020-07-12 Espanyol-Eibar,Espanyol,Diego López,True,Goalkeeper,1,start,end,1.0,0.0,0.0,0.0,0.0,0.0,0.0,2.0,4.0,0.0,0.0,0.0,0.0,0.0,
ESP-La Liga,2021,2020-07-12 Leganés-Valencia,Leganés,Iván Cuéllar,True,Goalkeeper,1,start,end,1.0,0.0,0.0,0.0,0.0,0.0,0.0,0.0,5.0,0.0,0.0,0.0,0.0,0.0,
ESP-La Liga,2021,2020-07-12 Leganés-Valencia,Valencia,Jaume Doménech,False,Goalkeeper,1,start,end,1.0,0.0,0.0,0.0,0.0,0.0,0.0,1.0,0.0,0.0,0.0,0.0,0.0,0.0,
ESP-La Liga,2021,2020-07-12 Levante-Athletic Club,Athletic Club,Unai Simón,False,Goalkeeper,1,start,end,1.0,0.0,0.0,0.0,0.0,0.0,0.0,1.0,0.0,0.0,0.0,0.0,0.0,0.0,
ESP-La Liga,2021,2020-07-12 Levante-Athletic Club,Levante,Aitor Fernández,True,Goalkeeper,1,start,end,1.0,0.0,0.0,0.0,0.0,0.0,0.0,2.0,3.0,0.0,0.0,0.0,0.0,0.0,
ESP-La Liga,2021,2020-07-12 Sevilla-Mallorca,Mallorca,Manolo Reina,False,Goalkeeper,1,start,end,1.0,0.0,0.0,0.0,0.0,0.0,0.0,2.0,3.0,0.0,0.0,0.0,0.0,0.0,
ESP-La Liga,2021,2020-07-12 Sevilla-Mallorca,Sevilla,Yassine Bounou,True,Goalkeeper,1,start,end,1.0,0.0,0.0,0.0,0.0,0.0,1.0,0.0,5.0,0.0,1.0,0.0,0.0,0.0,
ESP-La Liga,2021,2020-07-13 Alavés-Getafe,Alavés,Roberto,True,Goalkeeper,1,start,end,1.0,0.0,0.0,0.0,0.0,0.0,0.0,0.0,4.0,0.0,0.0,0.0,0.0,0.0,
ESP-La Liga,2021,2020-07-13 Alavés-Getafe,Getafe,David Soria,False,Goalkeeper,1,start,end,1.0,0.0,0.0,0.0,0.0,0.0,0.0,0.0,1.0,0.0,0.0,0.0,0.0,0.0,
ESP-La Liga,2021,2020-07-13 Granada-Real Madrid,Granada,Rui Silva,True,Goalkeeper,1,start,end,1.0,0.0,0.0,0.0,0.0,0.0,0.0,2.0,3.0,0.0,0.0,0.0,0.0,0.0,
ESP-La Liga,2021,2020-07-13 Granada-Real Madrid,Real Madrid,Thibaut Courtois,False,Goalkeeper,1,start,end,1.0,0.0,1.0,0.0,0.0,0.0,1.0,1.0,2.0,0.0,0.0,0.0,0.0,0.0,
ESP-La Liga,2021,2020-07-13 Villarreal-Real Sociedad,Real Sociedad,Miguel Ángel Moyà,False,Goalkeeper,1,start,end,1.0,0.0,0.0,0.0,0.0,0.0,0.0,1.0,2.0,0.0,0.0,0.0,0.0,0.0,
ESP-La Liga,2021,2020-07-13 Villarreal-Real Sociedad,Villarreal,Sergio Asenjo,True,Goalkeeper,1,start,end,1.0,0.0,0.0,0.0,0.0,0.0,0.0,2.0,4.0,0.0,0.0,0.0,0.0,0.0,
ESP-La Liga,2021,2020-07-16 Athletic Club-Leganés,Athletic Club,Unai Simón,True,Goalkeeper,1,start,end,1.0,1.0,0.0,0.0,1.0,0.0,0.0,0.0,0.0,0.0,0.0,0.0,0.0,0.0,
ESP-La Liga,2021,2020-07-16 Athletic Club-Leganés,Leganés,Iván Cuéllar,False,Goalkeeper,1,start,end,1.0,0.0,0.0,0.0,0.0,0.0,0.0,0.0,3.0,0.0,0.0,0.0,0.0,0.0,
ESP-La Liga,2021,2020-07-16 Barcelona-Osasuna,Barcelona,Marc-André ter Stegen,True,Goalkeeper,1,start,end,1.0,0.0,0.0,0.0,0.0,0.0,0.0,2.0,3.0,0.0,0.0,0.0,0.0,0.0,
ESP-La Liga,2021,2020-07-16 Barcelona-Osasuna,Osasuna,Sergio Herrera,False,Goalkeeper,1,start,end,1.0,0.0,0.0,0.0,0.0,0.0,0.0,1.0,1.0,0.0,0.0,0.0,0.0,0.0,
ESP-La Liga,2021,2020-07-16 Celta Vigo-Levante,Celta Vigo,Iván Villar,True,Goalkeeper,1,start,end,1.0,0.0,0.0,0.0,0.0,0.0,0.0,3.0,1.0,0.0,0.0,0.0,0.0,0.0,
ESP-La Liga,2021,2020-07-16 Celta Vigo-Levante,Levante,Koke Vegas,False,Goalkeeper,1,start,end,1.0,0.0,1.0,0.0,0.0,0.0,0.0,2.0,4.0,0.0,0.0,0.0,0.0,0.0,
ESP-La Liga,2021,2020-07-16 Eibar-Real Valladolid,Eibar,Yoel,True,Goalkeeper,1,start,end,1.0,1.0,0.0,0.0,0.0,0.0,0.0,1.0,8.0,0.0,0.0,0.0,0.0,0.0,
ESP-La Liga,2021,2020-07-16 Eibar-Real Valladolid,Real Valladolid,Caro,False,Goalkeeper,1,start,65,1.0,0.0,0.0,0.0,0.0,0.0,0.0,2.0,4.0,0.0,0.0,0.0,0.0,0.0,
ESP-La Liga,2021,2020-07-16 Getafe-Atlético Madrid,Atlético Madrid,Jan Oblak,False,Goalkeeper,1,start,end,1.0,0.0,0.0,0.0,0.0,0.0,0.0,0.0,5.0,0.0,0.0,0.0,0.0,0.0,
ESP-La Liga,2021,2020-07-16 Getafe-Atlético Madrid,Getafe,David Soria,True,Goalkeeper,1,start,end,1.0,0.0,0.0,0.0,0.0,0.0,0.0,2.0,1.0,0.0,0.0,0.0,0.0,0.0,
ESP-La Liga,2021,2020-07-16 Mallorca-Granada,Granada,Rui Silva,False,Goalkeeper,1,start,end,1.0,0.0,0.0,0.0,0.0,0.0,1.0,1.0,4.0,0.0,0.0,0.0,0.0,0.0,
ESP-La Liga,2021,2020-07-16 Mallorca-Granada,Mallorca,Manolo Reina,True,Goalkeeper,1,start,end,1.0,0.0,0.0,0.0,0.0,0.0,0.0,2.0,4.0,0.0,0.0,0.0,0.0,0.0,
ESP-La Liga,2021,2020-07-16 Real Betis-Alavés,Alavés,Roberto,False,Goalkeeper,1,start,end,1.0,0.0,0.0,0.0,0.0,0.0,1.0,1.0,6.0,0.0,0.0,0.0,0.0,0.0,
ESP-La Liga,2021,2020-07-16 Real Betis-Alavés,Real Betis,Dani Martín,True,Goalkeeper,1,start,end,1.0,0.0,0.0,0.0,0.0,0.0,0.0,2.0,2.0,0.0,0.0,0.0,0.0,0.0,
ESP-La Liga,2021,2020-07-16 Real Madrid-Villarreal,Real Madrid,Thibaut Courtois,True,Goalkeeper,1,start,end,1.0,0.0,1.0,0.0,0.0,0.0,0.0,1.0,3.0,0.0,0.0,0.0,0.0,0.0,
ESP-La Liga,2021,2020-07-16 Real Madrid-Villarreal,Villarreal,Sergio Asenjo,False,Goalkeeper,1,start,end,1.0,0.0,0.0,0.0,0.0,0.0,0.0,2.0,5.0,0.0,0.0,0.0,0.0,0.0,
ESP-La Liga,2021,2020-07-16 Real Sociedad-Sevilla,Real Sociedad,Miguel Ángel Moyà,True,Goalkeeper,1,start,end,1.0,0.0,0.0,0.0,0.0,0.0,0.0,0.0,3.0,0.0,0.0,0.0,0.0,0.0,
ESP-La Liga,2021,2020-07-16 Real Sociedad-Sevilla,Sevilla,Yassine Bounou,False,Goalkeeper,1,start,end,1.0,0.0,0.0,0.0,0.0,0.0,0.0,0.0,4.0,0.0,0.0,0.0,0.0,0.0,
ESP-La Liga,2021,2020-07-16 Valencia-Espanyol,Espanyol,Diego López,False,Goalkeeper,1,start,end,1.0,0.0,0.0,0.0,0.0,0.0,0.0,1.0,2.0,0.0,0.0,0.0,0.0,0.0,
ESP-La Liga,2021,2020-07-16 Valencia-Espanyol,Valencia,Jasper Cillessen,True,Goalkeeper,1,start,end,1.0,0.0,0.0,0.0,0.0,0.0,0.0,0.0,6.0,0.0,0.0,0.0,0.0,0.0,
ESP-La Liga,2021,2020-07-19 Alavés-Barcelona,Alavés,Roberto,True,Goalkeeper,1,start,end,1.0,0.0,0.0,0.0,0.0,0.0,0.0,5.0,3.0,0.0,0.0,0.0,0.0,0.0,
ESP-La Liga,2021,2020-07-19 Alavés-Barcelona,Barcelona,Neto,False,Goalkeeper,1,start,end,1.0,0.0,0.0,0.0,0.0,0.0,0.0,0.0,0.0,0.0,0.0,0.0,0.0,0.0,
ESP-La Liga,2021,2020-07-19 Atlético Madrid-Real Sociedad,Atlético Madrid,Jan Oblak,True,Goalkeeper,1,start,end,1.0,0.0,0.0,0.0,0.0,0.0,0.0,1.0,3.0,0.0,0.0,0.0,0.0,0.0,
ESP-La Liga,2021,2020-07-19 Atlético Madrid-Real Sociedad,Real Sociedad,Miguel Ángel Moyà,False,Goalkeeper,1,start,end,1.0,0.0,0.0,0.0,0.0,0.0,0.0,1.0,2.0,0.0,0.0,0.0,0.0,0.0,
ESP-La Liga,2021,2020-07-19 Espanyol-Celta Vigo,Celta Vigo,Iván Villar,False,Goalkeeper,1,start,end,1.0,0.0,0.0,0.0,0.0,0.0,0.0,0.0,1.0,0.0,0.0,0.0,0.0,0.0,
ESP-La Liga,2021,2020-07-19 Espanyol-Celta Vigo,Espanyol,Oier Olazábal,True,Goalkeeper,1,start,end,1.0,0.0,0.0,0.0,0.0,0.0,0.0,0.0,3.0,0.0,0.0,0.0,0.0,0.0,
ESP-La Liga,2021,2020-07-19 Granada-Athletic Club,Athletic Club,Iago Herrerín,False,Goalkeeper,1,start,end,1.0,0.0,0.0,0.0,0.0,0.0,0.0,4.0,2.0,0.0,0.0,0.0,0.0,0.0,
ESP-La Liga,2021,2020-07-19 Granada-Athletic Club,Granada,Rui Silva,True,Goalkeeper,1,start,end,1.0,0.0,0.0,0.0,0.0,0.0,0.0,0.0,3.0,0.0,0.0,0.0,0.0,0.0,
ESP-La Liga,2021,2020-07-19 Leganés-Real Madrid,Leganés,Iván Cuéllar,True,Goalkeeper,1,start,end,1.0,0.0,0.0,0.0,0.0,0.0,0.0,2.0,2.0,0.0,0.0,0.0,0.0,0.0,
ESP-La Liga,2021,2020-07-19 Leganés-Real Madrid,Real Madrid,Alphonse Areola,False,Goalkeeper,1,start,end,1.0,0.0,0.0,0.0,0.0,0.0,0.0,2.0,5.0,0.0,0.0,0.0,0.0,0.0,
ESP-La Liga,2021,2020-07-19 Levante-Getafe,Getafe,David Soria,False,Goalkeeper,1,start,end,1.0,0.0,0.0,0.0,0.0,0.0,0.0,1.0,4.0,0.0,0.0,0.0,0.0,0.0,
ESP-La Liga,2021,2020-07-19 Levante-Getafe,Levante,Koke Vegas,True,Goalkeeper,1,start,end,1.0,0.0,1.0,0.0,0.0,0.0,0.0,0.0,4.0,0.0,0.0,0.0,0.0,0.0,
ESP-La Liga,2021,2020-07-19 Osasuna-Mallorca,Mallorca,Miguel Parera,False,Goalkeeper,1,start,end,1.0,0.0,0.0,0.0,0.0,0.0,0.0,2.0,3.0,0.0,0.0,0.0,0.0,0.0,
ESP-La Liga,2021,2020-07-19 Osasuna-Mallorca,Osasuna,Rubén,True,Goalkeeper,1,start,end,1.0,0.0,0.0,0.0,0.0,0.0,0.0,2.0,2.0,0.0,0.0,0.0,0.0,0.0,
ESP-La Liga,2021,2020-07-19 Real Valladolid-Real Betis,Real Betis,Dani Martín,False,Goalkeeper,1,start,end,1.0,0.0,0.0,0.0,0.0,0.0,0.0,2.0,2.0,0.0,0.0,0.0,0.0,0.0,
ESP-La Liga,2021,2020-07-19 Real Valladolid-Real Betis,Real Valladolid,Caro,True,Goalkeeper,1,start,end,1.0,0.0,0.0,0.0,0.0,0.0,0.0,0.0,3.0,0.0,0.0,0.0,0.0,0.0,
ESP-La Liga,2021,2020-07-19 Sevilla-Valencia,Sevilla,Yassine Bounou,True,Goalkeeper,1,start,end,1.0,0.0,1.0,0.0,0.0,0.0,0.0,0.0,2.0,0.0,0.0,0.0,0.0,0.0,
ESP-La Liga,2021,2020-07-19 Sevilla-Valencia,Valencia,Jaume Doménech,False,Goalkeeper,1,start,end,1.0,0.0,0.0,0.0,0.0,0.0,0.0,1.0,3.0,0.0,0.0,0.0,0.0,0.0,
ESP-La Liga,2021,2020-07-19 Villarreal-Eibar,Eibar,Yoel,False,Goalkeeper,1,start,end,1.0,0.0,0.0,0.0,0.0,0.0,0.0,4.0,1.0,0.0,0.0,0.0,0.0,0.0,
ESP-La Liga,2021,2020-07-19 Villarreal-Eibar,Villarreal,Andrés Fernández,True,Goalkeeper,1,start,end,1.0,0.0,0.0,0.0,0.0,0.0,0.0,0.0,3.0,0.0,1.0,0.0,0.0,0.0,
