league,season,game,team,player,is_home,position,formation_place,sub_in,sub_out,appearances,fouls_committed,fouls_suffered,own_goals,red_cards,sub_ins,yellow_cards,goals_conceded,saves,shots_faced,goal_assists,shots_on_target,total_goals,total_shots,offsides
ITA-Serie A,1617,2016-08-20 AS Roma-Udinese,AS Roma,Wojciech Szczesny,True,Goalkeeper,1,start,end,1.0,0.0,0.0,0.0,0.0,0.0,0.0,0.0,1.0,0.0,0.0,0.0,0.0,0.0,
ITA-Serie A,1617,2016-08-20 AS Roma-Udinese,Udinese,Orestis Karnezis,False,Goalkeeper,1,start,end,1.0,0.0,0.0,0.0,0.0,0.0,0.0,4.0,5.0,0.0,0.0,0.0,0.0,0.0,
ITA-Serie A,1617,2016-08-20 Juventus-Fiorentina,Fiorentina,Ciprian Tatarusanu,False,Goalkeeper,1,start,end,1.0,0.0,0.0,0.0,0.0,0.0,0.0,2.0,2.0,0.0,0.0,0.0,0.0,0.0,
ITA-Serie A,1617,2016-08-20 Juventus-Fiorentina,Juventus,Gianluigi Buffon,True,Goalkeeper,1,start,end,1.0,0.0,0.0,0.0,0.0,0.0,0.0,1.0,0.0,0.0,0.0,0.0,0.0,0.0,
ITA-Serie A,1617,2016-08-21 AC Milan-Torino,AC Milan,Gianluigi Donnarumma,True,Goalkeeper,1,start,end,1.0,0.0,0.0,0.0,0.0,0.0,0.0,2.0,2.0,0.0,0.0,0.0,0.0,0.0,
ITA-Serie A,1617,2016-08-21 AC Milan-Torino,Torino,Daniele Padelli,False,Goalkeeper,1,start,end,1.0,0.0,0.0,0.0,0.0,0.0,0.0,3.0,2.0,0.0,0.0,0.0,0.0,0.0,
ITA-Serie A,1617,2016-08-21 Atalanta-Lazio,Atalanta,Marco Sportiello,True,Goalkeeper,1,start,end,1.0,0.0,0.0,0.0,0.0,0.0,0.0,4.0,2.0,0.0,0.0,0.0,0.0,0.0,
ITA-Serie A,1617,2016-08-21 Atalanta-Lazio,Lazio,Federico Marchetti,False,Goalkeeper,1,start,end,1.0,0.0,0.0,0.0,0.0,0.0,0.0,3.0,3.0,0.0,0.0,0.0,0.0,0.0,
ITA-Serie A,1617,2016-08-21 Bologna-Crotone,Bologna,Antonio Mirante,True,Goalkeeper,1,start,end,1.0,0.0,0.0,0.0,0.0,0.0,0.0,0.0,0.0,0.0,0.0,0.0,0.0,0.0,
ITA-Serie A,1617,2016-08-21 Bologna-Crotone,Crotone,Alex Cordaz,False,Goalkeeper,1,start,end,1.0,0.0,0.0,0.0,0.0,0.0,0.0,1.0,5.0,0.0,0.0,0.0,0.0,0.0,
ITA-Serie A,1617,2016-08-21 Chievo Verona-Internazionale,Chievo Verona,Stefano Sorrentino,True,Goalkeeper,1,start,end,1.0,0.0,0.0,0.0,0.0,0.0,0.0,0.0,3.0,0.0,0.0,0.0,0.0,0.0,
ITA-Serie A,1617,2016-08-21 Chievo Verona-Internazionale,Internazionale,Samir Handanovic,False,Goalkeeper,1,start,end,1.0,0.0,0.0,0.0,0.0,0.0,0.0,2.0,2.0,0.0,0.0,0.0,0.0,0.0,
ITA-Serie A,1617,2016-08-21 Empoli-Sampdoria,Empoli,Alberto Pelagotti,True,Goalkeeper,1,start,end,1.0,0.0,1.0,0.0,0.0,0.0,0.0,1.0,4.0,0.0,0.0,0.0,0.0,0.0,
ITA-Serie A,1617,2016-08-21 Empoli-Sampdoria,Sampdoria,Emiliano Viviano,False,Goalkeeper,1,start,end,1.0,0.0,0.0,0.0,0.0,0.0,1.0,0.0,3.0,0.0,0.0,0.0,0.0,0.0,
ITA-Serie A,1617,2016-08-21 Genoa-Cagliari,Cagliari,Marco Storari,False,Goalkeeper,1,start,end,1.0,0.0,0.0,0.0,0.0,0.0,0.0,3.0,3.0,0.0,0.0,0.0,0.0,0.0,
ITA-Serie A,1617,2016-08-21 Genoa-Cagliari,Genoa,Eugenio Lamanna,True,Goalkeeper,1,start,end,1.0,0.0,0.0,0.0,0.0,0.0,0.0,1.0,2.0,0.0,0.0,0.0,0.0,0.0,
ITA-Serie A,1617,2016-08-21 Palermo-Sassuolo,Palermo,Josip Posavec,True,Goalkeeper,1,start,end,1.0,0.0,0.0,0.0,0.0,0.0,0.0,1.0,7.0,0.0,0.0,0.0,0.0,0.0,
ITA-Serie A,1617,2016-08-21 Palermo-Sassuolo,Sassuolo,Andrea Consigli,False,Goalkeeper,1,start,end,1.0,0.0,0.0,0.0,0.0,0.0,1.0,0.0,2.0,0.0,0.0,0.0,0.0,0.0,
ITA-Serie A,1617,2016-08-21 Pescara-Napoli,Napoli,Pepe Reina,False,Goalkeeper,,start,end,1.0,0.0,0.0,0.0,0.0,0.0,0.0,2.0,1.0,0.0,0.0,0.0,0.0,0.0,
ITA-Serie A,1617,2016-08-21 Pescara-Napoli,Pescara,Albano Bizzarri,True,Goalkeeper,,start,end,1.0,0.0,1.0,0.0,0.0,0.0,1.0,2.0,2.0,0.0,0.0,0.0,0.0,0.0,
ITA-Serie A,1617,2016-08-27 Lazio-Juventus,Juventus,Gianluigi Buffon,False,Goalkeeper,1,start,end,1.0,0.0,0.0,0.0,0.0,0.0,0.0,0.0,1.0,0.0,0.0,0.0,0.0,0.0,
ITA-Serie A,1617,2016-08-27 Lazio-Juventus,Lazio,Federico Marchetti,True,Goalkeeper,1,start,end,1.0,0.0,0.0,0.0,0.0,0.0,0.0,1.0,4.0,0.0,0.0,0.0,0.0,0.0,
ITA-Serie A,1617,2016-08-27 Napoli-AC Milan,AC Milan,Gianluigi Donnarumma,False,Goalkeeper,1,start,end,1.0,0.0,0.0,0.0,0.0,0.0,0.0,4.0,4.0,0.0,0.0,0.0,0.0,0.0,
ITA-Serie A,1617,2016-08-27 Napoli-AC Milan,Napoli,Pepe Reina,True,Goalkeeper,1,start,end,1.0,0.0,1.0,0.0,0.0,0.0,0.0,2.0,1.0,0.0,0.0,0.0,0.0,0.0,
ITA-Serie A,1617,2016-08-28 Cagliari-AS Roma,AS Roma,Wojciech Szczesny,False,Goalkeeper,,start,end,1.0,0.0,0.0,0.0,0.0,0.0,0.0,2.0,3.0,0.0,0.0,0.0,0.0,0.0,
ITA-Serie A,1617,2016-08-28 Cagliari-AS Roma,Cagliari,Marco Storari,True,Goalkeeper,,start,end,1.0,0.0,0.0,0.0,0.0,0.0,0.0,2.0,5.0,0.0,0.0,0.0,0.0,0.0,
ITA-Serie A,1617,2016-08-28 Crotone-Genoa,Crotone,Marco Festa,True,Goalkeeper,1,start,end,1.0,0.0,0.0,0.0,0.0,0.0,0.0,3.0,5.0,0.0,0.0,0.0,0.0,0.0,
ITA-Serie A,1617,2016-08-28 Crotone-Genoa,Genoa,Eugenio Lamanna,False,Goalkeeper,1,start,end,1.0,0.0,0.0,0.0,0.0,0.0,0.0,1.0,2.0,0.0,0.0,0.0,0.0,0.0,
ITA-Serie A,1617,2016-08-28 Fiorentina-Chievo Verona,Chievo Verona,Stefano Sorrentino,False,Goalkeeper,1,start,end,1.0,0.0,0.0,0.0,0.0,0.0,0.0,1.0,2.0,0.0,0.0,0.0,0.0,0.0,
ITA-Serie A,1617,2016-08-28 Fiorentina-Chievo Verona,Fiorentina,Ciprian Tatarusanu,True,Goalkeeper,1,start,40,1.0,0.0,1.0,0.0,0.0,0.0,0.0,0.0,0.0,0.0,0.0,0.0,0.0,0.0,
ITA-Serie A,1617,2016-08-28 Internazionale-Palermo,Internazionale,Samir Handanovic,True,Goalkeeper,,start,end,1.0,0.0,0.0,0.0,0.0,0.0,0.0,1.0,2.0,0.0,0.0,0.0,0.0,0.0,
ITA-Serie A,1617,2016-08-28 Internazionale-Palermo,Palermo,Josip Posavec,False,Goalkeeper,,start,end,1.0,0.0,0.0,0.0,0.0,0.0,0.0,1.0,3.0,0.0,0.0,0.0,0.0,0.0,
ITA-Serie A,1617,2016-08-28 Sampdoria-Atalanta,Atalanta,Marco Sportiello,False,Goalkeeper,1,start,end,1.0,0.0,0.0,0.0,0.0,0.0,0.0,2.0,2.0,0.0,0.0,0.0,0.0,0.0,
ITA-Serie A,1617,2016-08-28 Sampdoria-Atalanta,Sampdoria,Emiliano Viviano,True,Goalkeeper,1,start,end,1.0,0.0,0.0,0.0,0.0,0.0,0.0,1.0,0.0,0.0,0.0,0.0,0.0,0.0,
ITA-Serie A,1617,2016-08-28 Sassuolo-Pescara,Pescara,Albano Bizzarri,False,Goalkeeper,1,start,end,1.0,0.0,0.0,0.0,0.0,0.0,0.0,2.0,1.0,0.0,0.0,0.0,0.0,0.0,
ITA-Serie A,1617,2016-08-28 Sassuolo-Pescara,Sassuolo,Andrea Consigli,True,Goalkeeper,1,start,end,1.0,0.0,0.0,0.0,0.0,0.0,0.0,1.0,5.0,0.0,0.0,0.0,0.0,0.0,
ITA-Serie A,1617,2016-08-28 Torino-Bologna,Bologna,Antonio Mirante,False,Goalkeeper,1,start,end,1.0,0.0,0.0,0.0,0.0,0.0,0.0,5.0,6.0,0.0,0.0,0.0,0.0,0.0,
ITA-Serie A,1617,2016-08-28 Torino-Bologna,Torino,Daniele Padelli,True,Goalkeeper,1,start,end,1.0,0.0,0.0,0.0,0.0,0.0,0.0,1.0,1.0,0.0,0.0,0.0,0.0,0.0,
ITA-Serie A,1617,2016-08-28 Udinese-Empoli,Empoli,Alberto Pelagotti,False,Goalkeeper,1,start,end,1.0,0.0,1.0,0.0,0.0,0.0,0.0,2.0,1.0,0.0,0.0,0.0,0.0,0.0,
ITA-Serie A,1617,2016-08-28 Udinese-Empoli,Udinese,Orestis Karnezis,True,Goalkeeper,1,start,end,1.0,0.0,1.0,0.0,0.0,0.0,1.0,0.0,4.0,0.0,0.0,0.0,0.0,0.0,
ITA-Serie A,1617,2016-09-10 Juventus-Sassuolo,Juventus,Gianluigi Buffon,True,Goalkeeper,1,start,end,1.0,0.0,0.0,0.0,0.0,0.0,0.0,1.0,2.0,0.0,0.0,0.0,0.0,0.0,
ITA-Serie A,1617,2016-09-10 Juventus-Sassuolo,Sassuolo,Andrea Consigli,False,Goalkeeper,1,start,end,1.0,0.0,0.0,0.0,0.0,0.0,0.0,3.0,7.0,0.0,0.0,0.0,0.0,0.0,
ITA-Serie A,1617,2016-09-10 Palermo-Napoli,Napoli,Pepe Reina,False,Goalkeeper,1,start,end,1.0,0.0,0.0,0.0,0.0,0.0,0.0,0.0,1.0,0.0,0.0,0.0,0.0,0.0,
ITA-Serie A,1617,2016-09-10 Palermo-Napoli,Palermo,Josip Posavec,True,Goalkeeper,1,start,end,1.0,0.0,0.0,0.0,0.0,0.0,0.0,3.0,4.0,0.0,0.0,0.0,0.0,0.0,
ITA-Serie A,1617,2016-09-11 AC Milan-Udinese,AC Milan,Gianluigi Donnarumma,True,Goalkeeper,1,start,end,1.0,0.0,0.0,0.0,0.0,0.0,0.0,1.0,1.0,0.0,0.0,0.0,0.0,0.0,
ITA-Serie A,1617,2016-09-11 AC Milan-Udinese,Udinese,Orestis Karnezis,False,Goalkeeper,1,start,end,1.0,0.0,0.0,0.0,0.0,0.0,0.0,0.0,2.0,0.0,0.0,0.0,0.0,0.0,
ITA-Serie A,1617,2016-09-11 AS Roma-Sampdoria,AS Roma,Wojciech Szczesny,True,Goalkeeper,1,start,end,1.0,0.0,0.0,0.0,0.0,0.0,0.0,2.0,5.0,0.0,0.0,0.0,0.0,0.0,
ITA-Serie A,1617,2016-09-11 AS Roma-Sampdoria,Sampdoria,Emiliano Viviano,False,Goalkeeper,1,start,end,1.0,0.0,0.0,0.0,0.0,0.0,0.0,3.0,5.0,0.0,0.0,0.0,0.0,0.0,
ITA-Serie A,1617,2016-09-11 Atalanta-Torino,Atalanta,Marco Sportiello,True,Goalkeeper,1,start,end,1.0,0.0,0.0,0.0,0.0,0.0,0.0,1.0,6.0,0.0,0.0,0.0,0.0,0.0,
ITA-Serie A,1617,2016-09-11 Atalanta-Torino,Torino,Joe Hart,False,Goalkeeper,1,start,end,1.0,0.0,0.0,0.0,0.0,0.0,0.0,2.0,1.0,0.0,0.0,0.0,0.0,0.0,
ITA-Serie A,1617,2016-09-11 Bologna-Cagliari,Bologna,Angelo da Costa,True,Goalkeeper,1,start,end,1.0,0.0,0.0,0.0,0.0,0.0,0.0,1.0,4.0,0.0,0.0,0.0,0.0,0.0,
ITA-Serie A,1617,2016-09-11 Bologna-Cagliari,Cagliari,Marco Storari,False,Goalkeeper,1,start,end,1.0,1.0,0.0,0.0,1.0,0.0,0.0,1.0,3.0,0.0,0.0,0.0,0.0,0.0,
ITA-Serie A,1617,2016-09-11 Chievo Verona-Lazio,Chievo Verona,Stefano Sorrentino,True,Goalkeeper,,start,end,1.0,0.0,0.0,0.0,0.0,0.0,0.0,1.0,2.0,0.0,0.0,0.0,0.0,0.0,
ITA-Serie A,1617,2016-09-11 Chievo Verona-Lazio,Lazio,Federico Marchetti,False,Goalkeeper,,start,end,1.0,0.0,0.0,0.0,0.0,0.0,0.0,1.0,3.0,0.0,0.0,0.0,0.0,0.0,
ITA-Serie A,1617,2016-09-11 Pescara-Internazionale,Internazionale,Samir Handanovic,False,Goalkeeper,1,start,end,1.0,0.0,0.0,0.0,0.0,0.0,0.0,1.0,4.0,0.0,0.0,0.0,0.0,0.0,
ITA-Serie A,1617,2016-09-11 Pescara-Internazionale,Pescara,Albano Bizzarri,True,Goalkeeper,1,start,end,1.0,0.0,1.0,0.0,0.0,0.0,0.0,2.0,5.0,0.0,0.0,0.0,0.0,0.0,
ITA-Serie A,1617,2016-09-12 Empoli-Crotone,Crotone,Alex Cordaz,False,Goalkeeper,1,start,end,1.0,0.0,0.0,0.0,0.0,0.0,0.0,2.0,2.0,0.0,0.0,0.0,0.0,0.0,
ITA-Serie A,1617,2016-09-12 Empoli-Crotone,Empoli,Lukasz Skorupski,True,Goalkeeper,1,start,end,1.0,0.0,0.0,0.0,0.0,0.0,0.0,1.0,1.0,0.0,0.0,0.0,0.0,0.0,
ITA-Serie A,1617,2016-09-16 Sampdoria-AC Milan,AC Milan,Gianluigi Donnarumma,False,Goalkeeper,1,start,end,1.0,0.0,0.0,0.0,0.0,0.0,1.0,0.0,3.0,0.0,0.0,0.0,0.0,0.0,
ITA-Serie A,1617,2016-09-16 Sampdoria-AC Milan,Sampdoria,Emiliano Viviano,True,Goalkeeper,1,start,end,1.0,0.0,0.0,0.0,0.0,0.0,0.0,1.0,2.0,0.0,0.0,0.0,0.0,0.0,
ITA-Serie A,1617,2016-09-17 Lazio-Pescara,Lazio,Federico Marchetti,True,Goalkeeper,1,start,end,1.0,0.0,0.0,0.0,0.0,0.0,0.0,0.0,3.0,0.0,0.0,0.0,0.0,0.0,
ITA-Serie A,1617,2016-09-17 Lazio-Pescara,Pescara,Albano Bizzarri,False,Goalkeeper,1,start,end,1.0,0.0,1.0,0.0,0.0,0.0,0.0,3.0,9.0,0.0,0.0,0.0,0.0,0.0,
ITA-Serie A,1617,2016-09-17 Napoli-Bologna,Bologna,Angelo da Costa,False,Goalkeeper,1,start,end,1.0,0.0,0.0,0.0,0.0,0.0,0.0,3.0,7.0,0.0,0.0,0.0,0.0,0.0,
ITA-Serie A,1617,2016-09-17 Napoli-Bologna,Napoli,Pepe Reina,True,Goalkeeper,1,start,end,1.0,0.0,0.0,0.0,0.0,0.0,0.0,1.0,2.0,0.0,0.0,0.0,0.0,0.0,
ITA-Serie A,1617,2016-09-18 Cagliari-Atalanta,Atalanta,Etrit Berisha,False,Goalkeeper,1,start,end,1.0,0.0,0.0,0.0,0.0,0.0,0.0,3.0,6.0,0.0,0.0,0.0,0.0,0.0,
ITA-Serie A,1617,2016-09-18 Cagliari-Atalanta,Cagliari,Rafael,True,Goalkeeper,1,start,end,1.0,0.0,1.0,0.0,0.0,0.0,0.0,0.0,2.0,0.0,0.0,0.0,0.0,0.0,
ITA-Serie A,1617,2016-09-18 Crotone-Palermo,Crotone,Alex Cordaz,True,Goalkeeper,,start,end,1.0,0.0,0.0,0.0,0.0,0.0,0.0,1.0,4.0,0.0,0.0,0.0,0.0,0.0,
ITA-Serie A,1617,2016-09-18 Crotone-Palermo,Palermo,Josip Posavec,False,Goalkeeper,,start,end,1.0,0.0,0.0,0.0,0.0,0.0,0.0,1.0,0.0,0.0,0.0,0.0,0.0,0.0,
ITA-Serie A,1617,2016-09-18 Fiorentina-AS Roma,AS Roma,Wojciech Szczesny,False,Goalkeeper,1,start,end,1.0,0.0,0.0,0.0,0.0,0.0,0.0,1.0,3.0,0.0,0.0,0.0,0.0,0.0,
ITA-Serie A,1617,2016-09-18 Fiorentina-AS Roma,Fiorentina,Ciprian Tatarusanu,True,Goalkeeper,1,start,end,1.0,0.0,0.0,0.0,0.0,0.0,0.0,0.0,3.0,0.0,0.0,0.0,0.0,0.0,
ITA-Serie A,1617,2016-09-18 Internazionale-Juventus,Internazionale,Samir Handanovic,True,Goalkeeper,1,start,end,1.0,0.0,1.0,0.0,0.0,0.0,1.0,1.0,1.0,0.0,0.0,0.0,0.0,0.0,
ITA-Serie A,1617,2016-09-18 Internazionale-Juventus,Juventus,Gianluigi Buffon,False,Goalkeeper,1,start,end,1.0,0.0,0.0,0.0,0.0,0.0,0.0,2.0,1.0,0.0,0.0,0.0,0.0,0.0,
ITA-Serie A,1617,2016-09-18 Sassuolo-Genoa,Genoa,Mattia Perin,False,Goalkeeper,1,start,end,1.0,0.0,0.0,0.0,0.0,0.0,0.0,2.0,4.0,0.0,0.0,0.0,0.0,0.0,
ITA-Serie A,1617,2016-09-18 Sassuolo-Genoa,Sassuolo,Andrea Consigli,True,Goalkeeper,1,start,end,1.0,0.0,1.0,0.0,0.0,0.0,0.0,0.0,5.0,0.0,0.0,0.0,0.0,0.0,
ITA-Serie A,1617,2016-09-18 Torino-Empoli,Empoli,Lukasz Skorupski,False,Goalkeeper,,start,end,1.0,0.0,0.0,0.0,0.0,0.0,0.0,0.0,5.0,0.0,0.0,0.0,0.0,0.0,
ITA-Serie A,1617,2016-09-18 Torino-Empoli,Torino,Joe Hart,True,Goalkeeper,,start,end,1.0,0.0,0.0,0.0,0.0,0.0,0.0,0.0,2.0,0.0,0.0,0.0,0.0,0.0,
ITA-Serie A,1617,2016-09-18 Udinese-Chievo Verona,Chievo Verona,Stefano Sorrentino,False,Goalkeeper,1,start,end,1.0,0.0,0.0,0.0,0.0,0.0,0.0,1.0,3.0,0.0,0.0,0.0,0.0,0.0,
ITA-Serie A,1617,2016-09-18 Udinese-Chievo Verona,Udinese,Orestis Karnezis,True,Goalkeeper,1,start,end,1.0,0.0,1.0,0.0,0.0,0.0,0.0,2.0,4.0,0.0,0.0,0.0,0.0,0.0,
ITA-Serie A,1617,2016-09-20 AC Milan-Lazio,AC Milan,Gianluigi Donnarumma,True,Goalkeeper,1,start,end,1.0,0.0,0.0,0.0,0.0,0.0,0.0,0.0,5.0,0.0,0.0,0.0,0.0,0.0,
ITA-Serie A,1617,2016-09-20 AC Milan-Lazio,Lazio,Thomas Strakosha,False,Goalkeeper,1,start,end,1.0,0.0,1.0,0.0,0.0,0.0,0.0,2.0,6.0,0.0,0.0,0.0,0.0,0.0,
ITA-Serie A,1617,2016-09-21 AS Roma-Crotone,AS Roma,Wojciech Szczesny,True,Goalkeeper,1,start,end,1.0,0.0,0.0,0.0,0.0,0.0,0.0,0.0,3.0,0.0,0.0,0.0,0.0,0.0,
ITA-Serie A,1617,2016-09-21 AS Roma-Crotone,Crotone,Alex Cordaz,False,Goalkeeper,1,start,end,1.0,0.0,1.0,0.0,0.0,0.0,0.0,4.0,3.0,0.0,0.0,0.0,0.0,0.0,
ITA-Serie A,1617,2016-09-21 Atalanta-Palermo,Atalanta,Etrit Berisha,True,Goalkeeper,1,start,end,1.0,0.0,0.0,0.0,0.0,0.0,0.0,1.0,1.0,0.0,0.0,0.0,0.0,0.0,
ITA-Serie A,1617,2016-09-21 Atalanta-Palermo,Palermo,Josip Posavec,False,Goalkeeper,1,start,end,1.0,0.0,0.0,0.0,0.0,0.0,0.0,0.0,5.0,0.0,0.0,0.0,0.0,0.0,
ITA-Serie A,1617,2016-09-21 Bologna-Sampdoria,Bologna,Angelo da Costa,True,Goalkeeper,1,start,end,1.0,0.0,0.0,0.0,0.0,0.0,0.0,0.0,3.0,0.0,0.0,0.0,0.0,0.0,
ITA-Serie A,1617,2016-09-21 Bologna-Sampdoria,Sampdoria,Emiliano Viviano,False,Goalkeeper,1,start,end,1.0,0.0,0.0,0.0,0.0,0.0,0.0,2.0,2.0,0.0,0.0,0.0,0.0,0.0,
ITA-Serie A,1617,2016-09-21 Chievo Verona-Sassuolo,Chievo Verona,Stefano Sorrentino,True,Goalkeeper,1,start,end,1.0,0.0,0.0,0.0,0.0,0.0,1.0,1.0,1.0,0.0,0.0,0.0,0.0,0.0,
ITA-Serie A,1617,2016-09-21 Chievo Verona-Sassuolo,Sassuolo,Andrea Consigli,False,Goalkeeper,1,start,end,1.0,0.0,0.0,0.0,0.0,0.0,0.0,2.0,1.0,0.0,0.0,0.0,0.0,0.0,
ITA-Serie A,1617,2016-09-21 Empoli-Internazionale,Empoli,Lukasz Skorupski,True,Goalkeeper,1,start,end,1.0,0.0,0.0,0.0,0.0,0.0,0.0,2.0,2.0,0.0,0.0,0.0,0.0,0.0,
ITA-Serie A,1617,2016-09-21 Empoli-Internazionale,Internazionale,Samir Handanovic,False,Goalkeeper,1,start,end,1.0,0.0,0.0,0.0,0.0,0.0,0.0,0.0,3.0,0.0,0.0,0.0,0.0,0.0,
ITA-Serie A,1617,2016-09-21 Genoa-Napoli,Genoa,Mattia Perin,True,Goalkeeper,,start,end,1.0,0.0,0.0,0.0,0.0,0.0,0.0,0.0,4.0,0.0,0.0,0.0,0.0,0.0,
ITA-Serie A,1617,2016-09-21 Genoa-Napoli,Napoli,Pepe Reina,False,Goalkeeper,,start,end,1.0,0.0,0.0,0.0,0.0,0.0,0.0,0.0,5.0,0.0,0.0,0.0,0.0,0.0,
ITA-Serie A,1617,2016-09-21 Juventus-Cagliari,Cagliari,Marco Storari,False,Goalkeeper,1,start,end,1.0,0.0,0.0,0.0,0.0,0.0,0.0,4.0,10.0,0.0,0.0,0.0,0.0,0.0,
ITA-Serie A,1617,2016-09-21 Juventus-Cagliari,Juventus,Gianluigi Buffon,True,Goalkeeper,1,start,45,1.0,0.0,0.0,0.0,0.0,0.0,0.0,0.0,0.0,0.0,0.0,0.0,0.0,0.0,
ITA-Serie A,1617,2016-09-21 Pescara-Torino,Pescara,Albano Bizzarri,True,Goalkeeper,,start,end,1.0,0.0,0.0,0.0,0.0,0.0,0.0,0.0,3.0,0.0,0.0,0.0,0.0,0.0,
ITA-Serie A,1617,2016-09-21 Pescara-Torino,Torino,Joe Hart,False,Goalkeeper,,start,end,1.0,0.0,0.0,0.0,0.0,0.0,1.0,0.0,4.0,0.0,0.0,0.0,0.0,0.0,
ITA-Serie A,1617,2016-09-21 Udinese-Fiorentina,Fiorentina,Ciprian Tatarusanu,False,Goalkeeper,,start,end,1.0,0.0,0.0,0.0,0.0,0.0,0.0,2.0,3.0,0.0,0.0,0.0,0.0,0.0,
ITA-Serie A,1617,2016-09-21 Udinese-Fiorentina,Udinese,Orestis Karnezis,True,Goalkeeper,,start,end,1.0,0.0,0.0,0.0,0.0,0.0,0.0,2.0,1.0,0.0,0.0,0.0,0.0,0.0,
ITA-Serie A,1617,2016-09-24 Napoli-Chievo Verona,Chievo Verona,Stefano Sorrentino,False,Goalkeeper,1,start,end,1.0,0.0,0.0,0.0,0.0,0.0,0.0,2.0,3.0,0.0,0.0,0.0,0.0,0.0,
ITA-Serie A,1617,2016-09-24 Napoli-Chievo Verona,Napoli,Pepe Reina,True,Goalkeeper,1,start,end,1.0,0.0,0.0,0.0,0.0,0.0,0.0,0.0,2.0,0.0,0.0,0.0,0.0,0.0,
ITA-Serie A,1617,2016-09-24 Palermo-Juventus,Juventus,Gianluigi Buffon,False,Goalkeeper,1,start,end,1.0,0.0,0.0,0.0,0.0,0.0,0.0,0.0,2.0,0.0,0.0,0.0,0.0,0.0,
ITA-Serie A,1617,2016-09-24 Palermo-Juventus,Palermo,Josip Posavec,True,Goalkeeper,1,start,end,1.0,0.0,0.0,0.0,0.0,0.0,0.0,1.0,6.0,0.0,0.0,0.0,0.0,0.0,
ITA-Serie A,1617,2016-09-25 Fiorentina-AC Milan,AC Milan,Gianluigi Donnarumma,False,Goalkeeper,,start,end,1.0,0.0,0.0,0.0,0.0,0.0,0.0,0.0,5.0,0.0,0.0,0.0,0.0,0.0,
ITA-Serie A,1617,2016-09-25 Fiorentina-AC Milan,Fiorentina,Ciprian Tatarusanu,True,Goalkeeper,,start,end,1.0,0.0,1.0,0.0,0.0,0.0,0.0,0.0,1.0,0.0,0.0,0.0,0.0,0.0,
ITA-Serie A,1617,2016-09-25 Genoa-Pescara,Genoa,Mattia Perin,True,Goalkeeper,,start,end,1.0,0.0,0.0,0.0,0.0,0.0,0.0,1.0,3.0,0.0,0.0,0.0,0.0,0.0,
ITA-Serie A,1617,2016-09-25 Genoa-Pescara,Pescara,Albano Bizzarri,False,Goalkeeper,,start,end,1.0,0.0,0.0,0.0,0.0,0.0,0.0,1.0,2.0,0.0,0.0,0.0,0.0,0.0,
ITA-Serie A,1617,2016-09-25 Internazionale-Bologna,Bologna,Angelo da Costa,False,Goalkeeper,,start,end,1.0,0.0,0.0,0.0,0.0,0.0,1.0,1.0,5.0,0.0,0.0,0.0,0.0,0.0,
ITA-Serie A,1617,2016-09-25 Internazionale-Bologna,Internazionale,Samir Handanovic,True,Goalkeeper,,start,end,1.0,0.0,1.0,0.0,0.0,0.0,0.0,1.0,2.0,0.0,0.0,0.0,0.0,0.0,
ITA-Serie A,1617,2016-09-25 Lazio-Empoli,Empoli,Lukasz Skorupski,False,Goalkeeper,1,start,end,1.0,0.0,0.0,0.0,0.0,0.0,0.0,2.0,1.0,0.0,0.0,0.0,0.0,0.0,
ITA-Serie A,1617,2016-09-25 Lazio-Empoli,Lazio,Thomas Strakosha,True,Goalkeeper,1,start,end,1.0,0.0,0.0,0.0,0.0,0.0,0.0,0.0,3.0,0.0,0.0,0.0,0.0,0.0,
ITA-Serie A,1617,2016-09-25 Sassuolo-Udinese,Sassuolo,Andrea Consigli,True,Goalkeeper,1,start,end,1.0,0.0,0.0,0.0,0.0,0.0,0.0,0.0,3.0,0.0,0.0,0.0,0.0,0.0,
ITA-Serie A,1617,2016-09-25 Sassuolo-Udinese,Udinese,Orestis Karnezis,False,Goalkeeper,1,start,end,1.0,0.0,0.0,0.0,0.0,0.0,0.0,1.0,4.0,0.0,0.0,0.0,0.0,0.0,
ITA-Serie A,1617,2016-09-25 Torino-AS Roma,AS Roma,Wojciech Szczesny,False,Goalkeeper,1,start,end,1.0,0.0,0.0,0.0,0.0,0.0,0.0,3.0,5.0,0.0,0.0,0.0,0.0,0.0,
ITA-Serie A,1617,2016-09-25 Torino-AS Roma,Torino,Joe Hart,True,Goalkeeper,1,start,end,1.0,0.0,0.0,0.0,0.0,0.0,1.0,1.0,5.0,0.0,0.0,0.0,0.0,0.0,
ITA-Serie A,1617,2016-09-26 Cagliari-Sampdoria,Cagliari,Marco Storari,True,Goalkeeper,1,start,33,1.0,0.0,0.0,0.0,0.0,0.0,0.0,0.0,1.0,0.0,0.0,0.0,0.0,0.0,
ITA-Serie A,1617,2016-09-26 Cagliari-Sampdoria,Sampdoria,Emiliano Viviano,False,Goalkeeper,1,start,end,1.0,0.0,0.0,0.0,0.0,0.0,0.0,2.0,1.0,0.0,0.0,0.0,0.0,0.0,
ITA-Serie A,1617,2016-09-26 Crotone-Atalanta,Atalanta,Etrit Berisha,False,Goalkeeper,1,start,end,1.0,0.0,0.0,0.0,0.0,0.0,0.0,1.0,2.0,0.0,0.0,0.0,0.0,0.0,
ITA-Serie A,1617,2016-09-26 Crotone-Atalanta,Crotone,Alex Cordaz,True,Goalkeeper,1,start,end,1.0,0.0,0.0,0.0,0.0,0.0,0.0,3.0,4.0,0.0,0.0,0.0,0.0,0.0,
ITA-Serie A,1617,2016-10-01 Pescara-Chievo Verona,Chievo Verona,Stefano Sorrentino,False,Goalkeeper,1,start,end,1.0,0.0,0.0,0.0,0.0,0.0,0.0,0.0,2.0,0.0,0.0,0.0,0.0,0.0,
ITA-Serie A,1617,2016-10-01 Pescara-Chievo Verona,Pescara,Albano Bizzarri,True,Goalkeeper,1,start,end,1.0,0.0,0.0,0.0,0.0,0.0,0.0,2.0,2.0,0.0,0.0,0.0,0.0,0.0,
ITA-Serie A,1617,2016-10-01 Udinese-Lazio,Lazio,Thomas Strakosha,False,Goalkeeper,1,start,end,1.0,0.0,0.0,0.0,0.0,0.0,0.0,0.0,3.0,0.0,0.0,0.0,0.0,0.0,
ITA-Serie A,1617,2016-10-01 Udinese-Lazio,Udinese,Orestis Karnezis,True,Goalkeeper,1,start,end,1.0,0.0,0.0,0.0,0.0,0.0,0.0,3.0,2.0,0.0,0.0,0.0,0.0,0.0,
ITA-Serie A,1617,2016-10-02 AC Milan-Sassuolo,AC Milan,Gianluigi Donnarumma,True,Goalkeeper,1,start,end,1.0,0.0,0.0,0.0,0.0,0.0,0.0,3.0,2.0,0.0,0.0,0.0,0.0,0.0,
ITA-Serie A,1617,2016-10-02 AC Milan-Sassuolo,Sassuolo,Andrea Consigli,False,Goalkeeper,1,start,end,1.0,0.0,0.0,0.0,0.0,0.0,0.0,4.0,2.0,0.0,0.0,0.0,0.0,0.0,
ITA-Serie A,1617,2016-10-02 AS Roma-Internazionale,AS Roma,Wojciech Szczesny,True,Goalkeeper,1,start,end,1.0,0.0,0.0,0.0,0.0,0.0,0.0,1.0,4.0,0.0,0.0,0.0,0.0,0.0,
ITA-Serie A,1617,2016-10-02 AS Roma-Internazionale,Internazionale,Samir Handanovic,False,Goalkeeper,1,start,end,1.0,0.0,0.0,0.0,0.0,0.0,0.0,2.0,6.0,0.0,0.0,0.0,0.0,1.0,
ITA-Serie A,1617,2016-10-02 Atalanta-Napoli,Atalanta,Etrit Berisha,True,Goalkeeper,1,start,end,1.0,0.0,0.0,0.0,0.0,0.0,0.0,0.0,3.0,0.0,0.0,0.0,0.0,0.0,
ITA-Serie A,1617,2016-10-02 Atalanta-Napoli,Napoli,Pepe Reina,False,Goalkeeper,1,start,end,1.0,0.0,1.0,0.0,0.0,0.0,0.0,1.0,3.0,0.0,0.0,0.0,0.0,0.0,
ITA-Serie A,1617,2016-10-02 Bologna-Genoa,Bologna,Angelo da Costa,True,Goalkeeper,1,start,end,1.0,0.0,0.0,0.0,0.0,0.0,0.0,1.0,3.0,0.0,0.0,0.0,0.0,0.0,
ITA-Serie A,1617,2016-10-02 Bologna-Genoa,Genoa,Mattia Perin,False,Goalkeeper,1,start,end,1.0,0.0,0.0,0.0,0.0,0.0,0.0,0.0,3.0,0.0,0.0,0.0,0.0,0.0,
ITA-Serie A,1617,2016-10-02 Cagliari-Crotone,Cagliari,Rafael,True,Goalkeeper,1,start,end,1.0,0.0,0.0,0.0,0.0,0.0,0.0,1.0,7.0,0.0,0.0,0.0,0.0,0.0,
ITA-Serie A,1617,2016-10-02 Cagliari-Crotone,Crotone,Alex Cordaz,False,Goalkeeper,1,start,end,1.0,0.0,0.0,0.0,0.0,0.0,0.0,2.0,7.0,0.0,0.0,0.0,0.0,0.0,
ITA-Serie A,1617,2016-10-02 Empoli-Juventus,Empoli,Lukasz Skorupski,True,Goalkeeper,1,start,end,1.0,0.0,0.0,0.0,0.0,0.0,0.0,3.0,7.0,0.0,0.0,0.0,0.0,0.0,
ITA-Serie A,1617,2016-10-02 Empoli-Juventus,Juventus,Gianluigi Buffon,False,Goalkeeper,1,start,end,1.0,0.0,0.0,0.0,0.0,0.0,0.0,0.0,3.0,0.0,0.0,0.0,0.0,0.0,
ITA-Serie A,1617,2016-10-02 Sampdoria-Palermo,Palermo,Josip Posavec,False,Goalkeeper,,start,end,1.0,0.0,0.0,0.0,0.0,0.0,1.0,1.0,6.0,0.0,0.0,0.0,0.0,0.0,
ITA-Serie A,1617,2016-10-02 Sampdoria-Palermo,Sampdoria,Emiliano Viviano,True,Goalkeeper,,start,end,1.0,0.0,0.0,0.0,0.0,0.0,1.0,1.0,1.0,0.0,0.0,0.0,0.0,0.0,
ITA-Serie A,1617,2016-10-02 Torino-Fiorentina,Fiorentina,Ciprian Tatarusanu,False,Goalkeeper,1,start,end,1.0,0.0,0.0,0.0,0.0,0.0,0.0,2.0,3.0,0.0,0.0,0.0,0.0,0.0,
ITA-Serie A,1617,2016-10-02 Torino-Fiorentina,Torino,Joe Hart,True,Goalkeeper,1,start,end,1.0,0.0,0.0,0.0,0.0,0.0,0.0,1.0,4.0,0.0,0.0,0.0,0.0,0.0,
ITA-Serie A,1617,2016-10-15 Juventus-Udinese,Juventus,Gianluigi Buffon,True,Goalkeeper,1,start,end,1.0,0.0,0.0,0.0,0.0,0.0,0.0,1.0,3.0,0.0,0.0,0.0,0.0,0.0,
ITA-Serie A,1617,2016-10-15 Juventus-Udinese,Udinese,Orestis Karnezis,False,Goalkeeper,1,start,end,1.0,0.0,0.0,0.0,0.0,0.0,0.0,2.0,3.0,0.0,0.0,0.0,0.0,0.0,
ITA-Serie A,1617,2016-10-15 Napoli-AS Roma,AS Roma,Wojciech Szczesny,False,Goalkeeper,1,start,end,1.0,0.0,0.0,0.0,0.0,0.0,0.0,1.0,4.0,0.0,0.0,0.0,0.0,0.0,
ITA-Serie A,1617,2016-10-15 Napoli-AS Roma,Napoli,Pepe Reina,True,Goalkeeper,1,start,end,1.0,0.0,0.0,0.0,0.0,0.0,0.0,3.0,3.0,0.0,0.0,0.0,0.0,0.0,
ITA-Serie A,1617,2016-10-15 Pescara-Sampdoria,Pescara,Albano Bizzarri,True,Goalkeeper,,start,end,1.0,0.0,0.0,0.0,0.0,0.0,0.0,1.0,8.0,0.0,0.0,0.0,0.0,0.0,
ITA-Serie A,1617,2016-10-15 Pescara-Sampdoria,Sampdoria,Emiliano Viviano,False,Goalkeeper,,start,end,1.0,0.0,1.0,0.0,0.0,0.0,1.0,1.0,6.0,0.0,0.0,0.0,0.0,0.0,
ITA-Serie A,1617,2016-10-16 Chievo Verona-AC Milan,AC Milan,Gianluigi Donnarumma,False,Goalkeeper,1,start,end,1.0,0.0,1.0,0.0,0.0,0.0,0.0,1.0,4.0,0.0,0.0,0.0,0.0,0.0,
ITA-Serie A,1617,2016-10-16 Chievo Verona-AC Milan,Chievo Verona,Stefano Sorrentino,True,Goalkeeper,1,start,end,1.0,0.0,0.0,0.0,0.0,0.0,0.0,3.0,3.0,0.0,0.0,0.0,0.0,0.0,
ITA-Serie A,1617,2016-10-16 Fiorentina-Atalanta,Atalanta,Etrit Berisha,False,Goalkeeper,,start,end,1.0,0.0,0.0,0.0,0.0,0.0,0.0,0.0,5.0,0.0,0.0,0.0,0.0,0.0,
ITA-Serie A,1617,2016-10-16 Fiorentina-Atalanta,Fiorentina,Ciprian Tatarusanu,True,Goalkeeper,,start,end,1.0,0.0,0.0,0.0,0.0,0.0,0.0,0.0,3.0,0.0,0.0,0.0,0.0,0.0,
ITA-Serie A,1617,2016-10-16 Genoa-Empoli,Empoli,Lukasz Skorupski,False,Goalkeeper,,start,end,1.0,0.0,1.0,0.0,0.0,0.0,0.0,0.0,3.0,0.0,0.0,0.0,0.0,0.0,
ITA-Serie A,1617,2016-10-16 Genoa-Empoli,Genoa,Mattia Perin,True,Goalkeeper,,start,end,1.0,0.0,0.0,0.0,0.0,0.0,0.0,0.0,1.0,0.0,0.0,0.0,0.0,0.0,
ITA-Serie A,1617,2016-10-16 Internazionale-Cagliari,Cagliari,Marco Storari,False,Goalkeeper,1,start,end,1.0,0.0,0.0,0.0,0.0,0.0,0.0,1.0,3.0,0.0,0.0,0.0,0.0,0.0,
ITA-Serie A,1617,2016-10-16 Internazionale-Cagliari,Internazionale,Samir Handanovic,True,Goalkeeper,1,start,end,1.0,0.0,0.0,1.0,0.0,0.0,0.0,2.0,5.0,0.0,0.0,0.0,0.0,0.0,
ITA-Serie A,1617,2016-10-16 Lazio-Bologna,Bologna,Angelo da Costa,False,Goalkeeper,,start,end,1.0,0.0,0.0,0.0,0.0,0.0,0.0,1.0,8.0,0.0,0.0,0.0,0.0,0.0,
ITA-Serie A,1617,2016-10-16 Lazio-Bologna,Lazio,Federico Marchetti,True,Goalkeeper,,start,end,1.0,0.0,0.0,0.0,0.0,0.0,0.0,1.0,3.0,0.0,0.0,0.0,0.0,0.0,
ITA-Serie A,1617,2016-10-16 Sassuolo-Crotone,Crotone,Alex Cordaz,False,Goalkeeper,1,start,end,1.0,0.0,0.0,0.0,0.0,0.0,0.0,2.0,7.0,0.0,0.0,0.0,0.0,0.0,
ITA-Serie A,1617,2016-10-16 Sassuolo-Crotone,Sassuolo,Andrea Consigli,True,Goalkeeper,1,start,end,1.0,0.0,0.0,0.0,0.0,0.0,0.0,1.0,0.0,0.0,0.0,0.0,0.0,0.0,
ITA-Serie A,1617,2016-10-17 Palermo-Torino,Palermo,Josip Posavec,True,Goalkeeper,1,start,end,1.0,0.0,0.0,0.0,0.0,0.0,0.0,4.0,3.0,0.0,0.0,0.0,0.0,0.0,
ITA-Serie A,1617,2016-10-17 Palermo-Torino,Torino,Joe Hart,False,Goalkeeper,1,start,end,1.0,0.0,0.0,0.0,0.0,0.0,0.0,1.0,2.0,0.0,0.0,0.0,0.0,0.0,
ITA-Serie A,1617,2016-10-22 AC Milan-Juventus,AC Milan,Gianluigi Donnarumma,True,Goalkeeper,1,start,end,1.0,0.0,0.0,0.0,0.0,0.0,1.0,0.0,3.0,0.0,0.0,0.0,0.0,0.0,
ITA-Serie A,1617,2016-10-22 AC Milan-Juventus,Juventus,Gianluigi Buffon,False,Goalkeeper,1,start,end,1.0,0.0,0.0,0.0,0.0,0.0,0.0,1.0,1.0,0.0,0.0,0.0,0.0,0.0,
ITA-Serie A,1617,2016-10-22 Sampdoria-Genoa,Genoa,Mattia Perin,False,Goalkeeper,1,start,end,1.0,1.0,0.0,0.0,0.0,0.0,1.0,2.0,6.0,0.0,0.0,0.0,0.0,0.0,
ITA-Serie A,1617,2016-10-22 Sampdoria-Genoa,Sampdoria,Christian Puggioni,True,Goalkeeper,1,start,end,1.0,0.0,0.0,0.0,0.0,0.0,1.0,1.0,4.0,0.0,0.0,0.0,0.0,0.0,
ITA-Serie A,1617,2016-10-23 AS Roma-Palermo,AS Roma,Wojciech Szczesny,True,Goalkeeper,1,start,end,1.0,0.0,0.0,0.0,0.0,0.0,0.0,1.0,2.0,0.0,0.0,0.0,0.0,0.0,
ITA-Serie A,1617,2016-10-23 AS Roma-Palermo,Palermo,Josip Posavec,False,Goalkeeper,1,start,end,1.0,0.0,0.0,0.0,0.0,0.0,0.0,4.0,3.0,0.0,0.0,0.0,0.0,0.0,
ITA-Serie A,1617,2016-10-23 Atalanta-Internazionale,Atalanta,Etrit Berisha,True,Goalkeeper,1,start,end,1.0,0.0,2.0,0.0,0.0,0.0,0.0,1.0,3.0,0.0,0.0,0.0,0.0,0.0,
ITA-Serie A,1617,2016-10-23 Atalanta-Internazionale,Internazionale,Samir Handanovic,False,Goalkeeper,1,start,end,1.0,0.0,0.0,0.0,0.0,0.0,0.0,2.0,6.0,0.0,0.0,0.0,0.0,0.0,
ITA-Serie A,1617,2016-10-23 Bologna-Sassuolo,Bologna,Angelo da Costa,True,Goalkeeper,,start,end,1.0,0.0,0.0,0.0,0.0,0.0,0.0,1.0,2.0,0.0,0.0,0.0,0.0,0.0,
ITA-Serie A,1617,2016-10-23 Bologna-Sassuolo,Sassuolo,Andrea Consigli,False,Goalkeeper,,start,end,1.0,0.0,0.0,0.0,0.0,0.0,0.0,1.0,3.0,0.0,0.0,0.0,0.0,0.0,
ITA-Serie A,1617,2016-10-23 Cagliari-Fiorentina,Cagliari,Marco Storari,True,Goalkeeper,1,start,end,1.0,0.0,0.0,0.0,0.0,0.0,0.0,5.0,3.0,0.0,0.0,0.0,0.0,0.0,
ITA-Serie A,1617,2016-10-23 Cagliari-Fiorentina,Fiorentina,Ciprian Tatarusanu,False,Goalkeeper,1,start,end,1.0,0.0,0.0,0.0,0.0,0.0,0.0,3.0,2.0,0.0,0.0,0.0,0.0,0.0,
ITA-Serie A,1617,2016-10-23 Crotone-Napoli,Crotone,Alex Cordaz,True,Goalkeeper,1,start,end,1.0,0.0,0.0,0.0,0.0,0.0,0.0,2.0,5.0,0.0,0.0,0.0,0.0,0.0,
ITA-Serie A,1617,2016-10-23 Crotone-Napoli,Napoli,Pepe Reina,False,Goalkeeper,1,start,end,1.0,0.0,0.0,0.0,0.0,0.0,0.0,1.0,3.0,0.0,0.0,0.0,0.0,0.0,
ITA-Serie A,1617,2016-10-23 Empoli-Chievo Verona,Chievo Verona,Stefano Sorrentino,False,Goalkeeper,,start,end,1.0,0.0,0.0,0.0,0.0,0.0,0.0,0.0,3.0,0.0,0.0,0.0,0.0,0.0,
ITA-Serie A,1617,2016-10-23 Empoli-Chievo Verona,Empoli,Lukasz Skorupski,True,Goalkeeper,,start,end,1.0,0.0,0.0,0.0,0.0,0.0,0.0,0.0,2.0,0.0,0.0,0.0,0.0,0.0,
ITA-Serie A,1617,2016-10-23 Torino-Lazio,Lazio,Federico Marchetti,False,Goalkeeper,,start,end,1.0,0.0,1.0,0.0,0.0,0.0,0.0,2.0,2.0,0.0,0.0,0.0,0.0,0.0,
ITA-Serie A,1617,2016-10-23 Torino-Lazio,Torino,Joe Hart,True,Goalkeeper,,start,end,1.0,0.0,0.0,0.0,0.0,0.0,0.0,2.0,4.0,0.0,0.0,0.0,0.0,0.0,
ITA-Serie A,1617,2016-10-23 Udinese-Pescara,Pescara,Albano Bizzarri,False,Goalkeeper,1,start,end,1.0,0.0,0.0,0.0,0.0,0.0,0.0,3.0,1.0,0.0,0.0,0.0,0.0,0.0,
ITA-Serie A,1617,2016-10-23 Udinese-Pescara,Udinese,Orestis Karnezis,True,Goalkeeper,1,start,end,1.0,0.0,0.0,0.0,0.0,0.0,1.0,1.0,2.0,0.0,0.0,0.0,0.0,0.0,
ITA-Serie A,1617,2016-10-25 Genoa-AC Milan,AC Milan,Gianluigi Donnarumma,False,Goalkeeper,1,start,end,1.0,0.0,0.0,0.0,0.0,0.0,0.0,3.0,1.0,0.0,0.0,0.0,0.0,0.0,
ITA-Serie A,1617,2016-10-25 Genoa-AC Milan,Genoa,Mattia Perin,True,Goalkeeper,1,start,end,1.0,0.0,0.0,0.0,0.0,0.0,0.0,0.0,3.0,0.0,0.0,0.0,0.0,0.0,
ITA-Serie A,1617,2016-10-26 Chievo Verona-Bologna,Bologna,Angelo da Costa,False,Goalkeeper,,start,end,1.0,0.0,0.0,0.0,0.0,0.0,0.0,1.0,4.0,0.0,0.0,0.0,0.0,0.0,
ITA-Serie A,1617,2016-10-26 Chievo Verona-Bologna,Chievo Verona,Stefano Sorrentino,True,Goalkeeper,,start,end,1.0,0.0,0.0,0.0,0.0,0.0,0.0,1.0,3.0,0.0,0.0,0.0,0.0,0.0,
ITA-Serie A,1617,2016-10-26 Fiorentina-Crotone,Crotone,Alex Cordaz,False,Goalkeeper,,start,end,1.0,0.0,0.0,0.0,0.0,0.0,0.0,1.0,11.0,0.0,0.0,0.0,0.0,0.0,
ITA-Serie A,1617,2016-10-26 Fiorentina-Crotone,Fiorentina,Ciprian Tatarusanu,True,Goalkeeper,,start,end,1.0,0.0,0.0,0.0,0.0,0.0,0.0,1.0,1.0,0.0,0.0,0.0,0.0,0.0,
ITA-Serie A,1617,2016-10-26 Internazionale-Torino,Internazionale,Samir Handanovic,True,Goalkeeper,1,start,end,1.0,0.0,0.0,0.0,0.0,0.0,0.0,1.0,1.0,0.0,0.0,0.0,0.0,0.0,
ITA-Serie A,1617,2016-10-26 Internazionale-Torino,Torino,Joe Hart,False,Goalkeeper,1,start,end,1.0,0.0,0.0,0.0,0.0,0.0,0.0,2.0,3.0,0.0,0.0,0.0,0.0,0.0,
ITA-Serie A,1617,2016-10-26 Juventus-Sampdoria,Juventus,Neto,True,Goalkeeper,1,start,end,1.0,0.0,1.0,0.0,0.0,0.0,0.0,1.0,2.0,0.0,0.0,0.0,0.0,0.0,
ITA-Serie A,1617,2016-10-26 Juventus-Sampdoria,Sampdoria,Christian Puggioni,False,Goalkeeper,1,start,end,1.0,0.0,0.0,0.0,0.0,0.0,0.0,4.0,3.0,0.0,0.0,0.0,0.0,0.0,
ITA-Serie A,1617,2016-10-26 Lazio-Cagliari,Cagliari,Marco Storari,False,Goalkeeper,1,start,end,1.0,0.0,0.0,0.0,0.0,0.0,0.0,4.0,8.0,0.0,0.0,0.0,0.0,0.0,
ITA-Serie A,1617,2016-10-26 Lazio-Cagliari,Lazio,Federico Marchetti,True,Goalkeeper,1,start,end,1.0,0.0,0.0,0.0,0.0,0.0,0.0,1.0,5.0,0.0,0.0,0.0,0.0,0.0,
ITA-Serie A,1617,2016-10-26 Napoli-Empoli,Empoli,Lukasz Skorupski,False,Goalkeeper,1,start,end,1.0,0.0,0.0,0.0,0.0,0.0,0.0,2.0,8.0,0.0,0.0,0.0,0.0,0.0,
ITA-Serie A,1617,2016-10-26 Napoli-Empoli,Napoli,Pepe Reina,True,Goalkeeper,1,start,end,1.0,0.0,0.0,0.0,0.0,0.0,0.0,0.0,2.0,0.0,0.0,0.0,0.0,0.0,
ITA-Serie A,1617,2016-10-26 Pescara-Atalanta,Atalanta,Etrit Berisha,False,Goalkeeper,1,start,end,1.0,0.0,0.0,0.0,0.0,0.0,0.0,0.0,0.0,0.0,0.0,0.0,0.0,0.0,
ITA-Serie A,1617,2016-10-26 Pescara-Atalanta,Pescara,Albano Bizzarri,True,Goalkeeper,1,start,end,1.0,0.0,0.0,0.0,0.0,0.0,0.0,1.0,2.0,0.0,0.0,0.0,0.0,0.0,
ITA-Serie A,1617,2016-10-26 Sassuolo-AS Roma,AS Roma,Wojciech Szczesny,False,Goalkeeper,1,start,end,1.0,0.0,0.0,0.0,0.0,0.0,0.0,1.0,2.0,0.0,0.0,0.0,0.0,0.0,
ITA-Serie A,1617,2016-10-26 Sassuolo-AS Roma,Sassuolo,Andrea Consigli,True,Goalkeeper,1,start,end,1.0,0.0,0.0,0.0,0.0,0.0,0.0,3.0,2.0,0.0,0.0,0.0,0.0,0.0,
ITA-Serie A,1617,2016-10-27 Palermo-Udinese,Palermo,Josip Posavec,True,Goalkeeper,1,start,end,1.0,0.0,1.0,0.0,0.0,0.0,0.0,3.0,4.0,0.0,0.0,0.0,0.0,0.0,
ITA-Serie A,1617,2016-10-27 Palermo-Udinese,Udinese,Orestis Karnezis,False,Goalkeeper,1,start,end,1.0,0.0,0.0,0.0,0.0,0.0,0.0,1.0,1.0,0.0,0.0,0.0,0.0,0.0,
ITA-Serie A,1617,2016-10-29 Bologna-Fiorentina,Bologna,Angelo da Costa,True,Goalkeeper,1,start,end,1.0,0.0,1.0,0.0,0.0,0.0,0.0,1.0,4.0,0.0,0.0,0.0,0.0,0.0,
ITA-Serie A,1617,2016-10-29 Bologna-Fiorentina,Fiorentina,Ciprian Tatarusanu,False,Goalkeeper,1,start,end,1.0,0.0,0.0,0.0,0.0,0.0,0.0,0.0,2.0,0.0,0.0,0.0,0.0,0.0,
ITA-Serie A,1617,2016-10-29 Juventus-Napoli,Juventus,Gianluigi Buffon,True,Goalkeeper,1,start,end,1.0,0.0,0.0,0.0,0.0,0.0,0.0,1.0,1.0,0.0,0.0,0.0,0.0,0.0,
ITA-Serie A,1617,2016-10-29 Juventus-Napoli,Napoli,Pepe Reina,False,Goalkeeper,1,start,end,1.0,0.0,1.0,0.0,0.0,0.0,0.0,2.0,0.0,0.0,0.0,0.0,0.0,0.0,
ITA-Serie A,1617,2016-10-30 AC Milan-Pescara,AC Milan,Gianluigi Donnarumma,True,Goalkeeper,1,start,end,1.0,0.0,0.0,0.0,0.0,0.0,0.0,0.0,6.0,0.0,0.0,0.0,0.0,0.0,
ITA-Serie A,1617,2016-10-30 AC Milan-Pescara,Pescara,Albano Bizzarri,False,Goalkeeper,1,start,end,1.0,0.0,0.0,0.0,0.0,0.0,0.0,1.0,8.0,0.0,0.0,0.0,0.0,0.0,
ITA-Serie A,1617,2016-10-30 Atalanta-Genoa,Atalanta,Etrit Berisha,True,Goalkeeper,1,start,end,1.0,0.0,0.0,0.0,0.0,0.0,0.0,0.0,2.0,0.0,0.0,0.0,0.0,0.0,
ITA-Serie A,1617,2016-10-30 Atalanta-Genoa,Genoa,Mattia Perin,False,Goalkeeper,1,start,end,1.0,0.0,0.0,0.0,0.0,0.0,0.0,3.0,6.0,0.0,0.0,0.0,0.0,0.0,
ITA-Serie A,1617,2016-10-30 Crotone-Chievo Verona,Chievo Verona,Stefano Sorrentino,False,Goalkeeper,1,start,end,1.0,0.0,1.0,0.0,0.0,0.0,0.0,2.0,6.0,0.0,0.0,0.0,0.0,0.0,
ITA-Serie A,1617,2016-10-30 Crotone-Chievo Verona,Crotone,Alex Cordaz,True,Goalkeeper,1,start,end,1.0,0.0,0.0,0.0,0.0,0.0,0.0,0.0,3.0,0.0,0.0,0.0,0.0,0.0,
ITA-Serie A,1617,2016-10-30 Empoli-AS Roma,AS Roma,Wojciech Szczesny,False,Goalkeeper,,start,end,1.0,0.0,0.0,0.0,0.0,0.0,0.0,0.0,4.0,0.0,0.0,0.0,0.0,0.0,
ITA-Serie A,1617,2016-10-30 Empoli-AS Roma,Empoli,Lukasz Skorupski,True,Goalkeeper,,start,end,1.0,0.0,0.0,0.0,0.0,0.0,0.0,0.0,5.0,0.0,0.0,0.0,0.0,0.0,
ITA-Serie A,1617,2016-10-30 Lazio-Sassuolo,Lazio,Federico Marchetti,True,Goalkeeper,1,start,end,1.0,0.0,0.0,0.0,0.0,0.0,0.0,1.0,4.0,0.0,0.0,0.0,0.0,0.0,
ITA-Serie A,1617,2016-10-30 Lazio-Sassuolo,Sassuolo,Andrea Consigli,False,Goalkeeper,1,start,end,1.0,0.0,0.0,0.0,0.0,0.0,0.0,2.0,4.0,0.0,0.0,0.0,0.0,0.0,
ITA-Serie A,1617,2016-10-30 Sampdoria-Internazionale,Internazionale,Samir Handanovic,False,Goalkeeper,1,start,end,1.0,0.0,0.0,0.0,0.0,0.0,0.0,1.0,2.0,0.0,0.0,0.0,0.0,0.0,
ITA-Serie A,1617,2016-10-30 Sampdoria-Internazionale,Sampdoria,Christian Puggioni,True,Goalkeeper,1,start,end,1.0,0.0,0.0,0.0,0.0,0.0,0.0,0.0,3.0,0.0,0.0,0.0,0.0,0.0,
ITA-Serie A,1617,2016-10-31 Cagliari-Palermo,Cagliari,Marco Storari,True,Goalkeeper,1,start,end,1.0,0.0,0.0,0.0,0.0,0.0,1.0,1.0,2.0,0.0,0.0,0.0,0.0,0.0,
ITA-Serie A,1617,2016-10-31 Cagliari-Palermo,Palermo,Josip Posavec,False,Goalkeeper,1,start,end,1.0,0.0,1.0,0.0,0.0,0.0,0.0,2.0,2.0,0.0,0.0,0.0,0.0,0.0,
ITA-Serie A,1617,2016-10-31 Udinese-Torino,Torino,Joe Hart,False,Goalkeeper,,start,end,1.0,0.0,0.0,0.0,0.0,0.0,0.0,2.0,3.0,0.0,0.0,0.0,0.0,0.0,
ITA-Serie A,1617,2016-10-31 Udinese-Torino,Udinese,Orestis Karnezis,True,Goalkeeper,,start,end,1.0,0.0,0.0,0.0,0.0,0.0,0.0,2.0,1.0,0.0,0.0,0.0,0.0,0.0,
ITA-Serie A,1617,2016-11-05 Napoli-Lazio,Lazio,Federico Marchetti,False,Goalkeeper,,start,end,1.0,0.0,0.0,0.0,0.0,0.0,0.0,1.0,7.0,0.0,0.0,0.0,0.0,0.0,
ITA-Serie A,1617,2016-11-05 Napoli-Lazio,Napoli,Pepe Reina,True,Goalkeeper,,start,end,1.0,0.0,0.0,0.0,0.0,0.0,0.0,1.0,2.0,0.0,0.0,0.0,0.0,0.0,
ITA-Serie A,1617,2016-11-05 Torino-Cagliari,Cagliari,Marco Storari,False,Goalkeeper,1,start,end,1.0,0.0,0.0,0.0,0.0,0.0,0.0,5.0,4.0,0.0,0.0,0.0,0.0,0.0,
ITA-Serie A,1617,2016-11-05 Torino-Cagliari,Torino,Joe Hart,True,Goalkeeper,1,start,end,1.0,0.0,0.0,0.0,0.0,0.0,0.0,1.0,5.0,0.0,0.0,0.0,0.0,0.0,
ITA-Serie A,1617,2016-11-06 AS Roma-Bologna,AS Roma,Wojciech Szczesny,True,Goalkeeper,1,start,end,1.0,0.0,0.0,0.0,0.0,0.0,0.0,0.0,5.0,0.0,0.0,0.0,0.0,0.0,
ITA-Serie A,1617,2016-11-06 AS Roma-Bologna,Bologna,Angelo da Costa,False,Goalkeeper,1,start,end,1.0,0.0,0.0,0.0,0.0,0.0,0.0,3.0,5.0,0.0,0.0,0.0,0.0,0.0,
ITA-Serie A,1617,2016-11-06 Chievo Verona-Juventus,Chievo Verona,Stefano Sorrentino,True,Goalkeeper,1,start,end,1.0,0.0,0.0,0.0,0.0,0.0,0.0,2.0,4.0,0.0,0.0,0.0,0.0,0.0,
ITA-Serie A,1617,2016-11-06 Chievo Verona-Juventus,Juventus,Gianluigi Buffon,False,Goalkeeper,1,start,end,1.0,0.0,0.0,0.0,0.0,0.0,0.0,1.0,1.0,0.0,0.0,0.0,0.0,0.0,
ITA-Serie A,1617,2016-11-06 Fiorentina-Sampdoria,Fiorentina,Ciprian Tatarusanu,True,Goalkeeper,,start,end,1.0,0.0,0.0,0.0,0.0,0.0,0.0,1.0,5.0,0.0,0.0,0.0,0.0,0.0,
ITA-Serie A,1617,2016-11-06 Fiorentina-Sampdoria,Sampdoria,Christian Puggioni,False,Goalkeeper,,start,end,1.0,0.0,0.0,0.0,0.0,0.0,0.0,1.0,4.0,0.0,0.0,0.0,0.0,0.0,
ITA-Serie A,1617,2016-11-06 Genoa-Udinese,Genoa,Mattia Perin,True,Goalkeeper,,start,end,1.0,0.0,0.0,0.0,0.0,0.0,0.0,1.0,2.0,0.0,0.0,0.0,0.0,0.0,
ITA-Serie A,1617,2016-11-06 Genoa-Udinese,Udinese,Orestis Karnezis,False,Goalkeeper,,start,end,1.0,0.0,1.0,0.0,0.0,0.0,0.0,1.0,3.0,0.0,0.0,0.0,0.0,0.0,
ITA-Serie A,1617,2016-11-06 Internazionale-Crotone,Crotone,Alex Cordaz,False,Goalkeeper,1,start,end,1.0,0.0,0.0,0.0,0.0,0.0,0.0,3.0,6.0,0.0,0.0,0.0,0.0,0.0,
ITA-Serie A,1617,2016-11-06 Internazionale-Crotone,Internazionale,Samir Handanovic,True,Goalkeeper,1,start,end,1.0,0.0,0.0,0.0,0.0,0.0,0.0,0.0,0.0,0.0,0.0,0.0,0.0,0.0,
ITA-Serie A,1617,2016-11-06 Palermo-AC Milan,AC Milan,Gianluigi Donnarumma,False,Goalkeeper,1,start,end,1.0,0.0,0.0,0.0,0.0,0.0,0.0,1.0,6.0,0.0,0.0,0.0,0.0,0.0,
ITA-Serie A,1617,2016-11-06 Palermo-AC Milan,Palermo,Josip Posavec,True,Goalkeeper,1,start,end,1.0,0.0,1.0,0.0,0.0,0.0,0.0,2.0,4.0,0.0,0.0,0.0,0.0,0.0,
ITA-Serie A,1617,2016-11-06 Pescara-Empoli,Empoli,Lukasz Skorupski,False,Goalkeeper,1,start,end,1.0,0.0,0.0,0.0,0.0,0.0,0.0,0.0,6.0,0.0,0.0,0.0,0.0,0.0,
ITA-Serie A,1617,2016-11-06 Pescara-Empoli,Pescara,Albano Bizzarri,True,Goalkeeper,1,start,end,1.0,0.0,0.0,0.0,0.0,0.0,0.0,4.0,2.0,0.0,0.0,0.0,0.0,0.0,
ITA-Serie A,1617,2016-11-06 Sassuolo-Atalanta,Atalanta,Etrit Berisha,False,Goalkeeper,1,start,end,1.0,0.0,0.0,0.0,0.0,0.0,0.0,0.0,3.0,0.0,0.0,0.0,0.0,0.0,
ITA-Serie A,1617,2016-11-06 Sassuolo-Atalanta,Sassuolo,Andrea Consigli,True,Goalkeeper,1,start,end,1.0,0.0,0.0,0.0,0.0,0.0,0.0,3.0,5.0,0.0,0.0,0.0,0.0,0.0,
ITA-Serie A,1617,2016-11-19 Chievo Verona-Cagliari,Cagliari,Marco Storari,False,Goalkeeper,1,start,end,1.0,0.0,0.0,0.0,0.0,0.0,0.0,1.0,1.0,0.0,0.0,0.0,0.0,0.0,
ITA-Serie A,1617,2016-11-19 Chievo Verona-Cagliari,Chievo Verona,Stefano Sorrentino,True,Goalkeeper,1,start,end,1.0,0.0,0.0,0.0,0.0,0.0,0.0,0.0,2.0,0.0,0.0,0.0,0.0,0.0,
ITA-Serie A,1617,2016-11-19 Juventus-Pescara,Juventus,Neto,True,Goalkeeper,1,start,end,1.0,0.0,0.0,0.0,0.0,0.0,0.0,0.0,2.0,0.0,0.0,0.0,0.0,0.0,
ITA-Serie A,1617,2016-11-19 Juventus-Pescara,Pescara,Albano Bizzarri,False,Goalkeeper,1,start,end,1.0,0.0,0.0,0.0,0.0,0.0,0.0,3.0,2.0,0.0,0.0,0.0,0.0,0.0,
ITA-Serie A,1617,2016-11-19 Udinese-Napoli,Napoli,Pepe Reina,False,Goalkeeper,1,start,end,1.0,0.0,0.0,0.0,0.0,0.0,0.0,1.0,2.0,0.0,0.0,0.0,0.0,0.0,
ITA-Serie A,1617,2016-11-19 Udinese-Napoli,Udinese,Orestis Karnezis,True,Goalkeeper,1,start,end,1.0,0.0,0.0,0.0,0.0,0.0,0.0,2.0,2.0,0.0,0.0,0.0,0.0,0.0,
ITA-Serie A,1617,2016-11-20 AC Milan-Internazionale,AC Milan,Gianluigi Donnarumma,True,Goalkeeper,,start,end,1.0,0.0,0.0,0.0,0.0,0.0,0.0,2.0,5.0,0.0,0.0,0.0,0.0,0.0,
ITA-Serie A,1617,2016-11-20 AC Milan-Internazionale,Internazionale,Samir Handanovic,False,Goalkeeper,,start,end,1.0,0.0,0.0,0.0,0.0,0.0,0.0,2.0,2.0,0.0,0.0,0.0,0.0,0.0,
ITA-Serie A,1617,2016-11-20 Atalanta-AS Roma,AS Roma,Wojciech Szczesny,False,Goalkeeper,1,start,end,1.0,0.0,0.0,0.0,0.0,0.0,0.0,2.0,4.0,0.0,0.0,0.0,0.0,0.0,
ITA-Serie A,1617,2016-11-20 Atalanta-AS Roma,Atalanta,Etrit Berisha,True,Goalkeeper,1,start,end,1.0,0.0,0.0,0.0,0.0,0.0,0.0,1.0,4.0,0.0,0.0,0.0,0.0,0.0,
ITA-Serie A,1617,2016-11-20 Bologna-Palermo,Bologna,Angelo da Costa,True,Goalkeeper,1,start,end,1.0,0.0,1.0,0.0,0.0,0.0,0.0,1.0,3.0,0.0,0.0,0.0,0.0,0.0,
ITA-Serie A,1617,2016-11-20 Bologna-Palermo,Palermo,Josip Posavec,False,Goalkeeper,1,start,end,1.0,0.0,0.0,0.0,0.0,0.0,0.0,3.0,1.0,0.0,0.0,0.0,0.0,0.0,
ITA-Serie A,1617,2016-11-20 Crotone-Torino,Crotone,Alex Cordaz,True,Goalkeeper,1,start,end,1.0,0.0,0.0,0.0,0.0,0.0,0.0,2.0,2.0,0.0,0.0,0.0,0.0,0.0,
ITA-Serie A,1617,2016-11-20 Crotone-Torino,Torino,Joe Hart,False,Goalkeeper,1,start,end,1.0,0.0,0.0,0.0,0.0,0.0,0.0,0.0,5.0,0.0,0.0,0.0,0.0,0.0,
ITA-Serie A,1617,2016-11-20 Empoli-Fiorentina,Empoli,Lukasz Skorupski,True,Goalkeeper,1,start,end,1.0,0.0,0.0,0.0,0.0,0.0,0.0,4.0,9.0,0.0,0.0,0.0,0.0,0.0,
ITA-Serie A,1617,2016-11-20 Empoli-Fiorentina,Fiorentina,Ciprian Tatarusanu,False,Goalkeeper,1,start,end,1.0,0.0,0.0,0.0,0.0,0.0,0.0,0.0,6.0,0.0,0.0,0.0,0.0,0.0,
ITA-Serie A,1617,2016-11-20 Lazio-Genoa,Genoa,Mattia Perin,False,Goalkeeper,1,start,end,1.0,0.0,0.0,0.0,0.0,0.0,0.0,3.0,1.0,0.0,0.0,0.0,0.0,0.0,
ITA-Serie A,1617,2016-11-20 Lazio-Genoa,Lazio,Thomas Strakosha,True,Goalkeeper,1,start,end,1.0,0.0,1.0,0.0,0.0,0.0,0.0,1.0,2.0,0.0,0.0,0.0,0.0,0.0,
ITA-Serie A,1617,2016-11-20 Sampdoria-Sassuolo,Sampdoria,Christian Puggioni,True,Goalkeeper,1,start,end,1.0,0.0,0.0,0.0,0.0,0.0,0.0,2.0,3.0,0.0,0.0,0.0,0.0,0.0,
ITA-Serie A,1617,2016-11-20 Sampdoria-Sassuolo,Sassuolo,Andrea Consigli,False,Goalkeeper,1,start,end,1.0,0.0,0.0,0.0,0.0,0.0,0.0,3.0,5.0,0.0,0.0,0.0,0.0,0.0,
ITA-Serie A,1617,2016-11-26 Empoli-AC Milan,AC Milan,Gianluigi Donnarumma,False,Goalkeeper,1,start,end,1.0,0.0,0.0,0.0,0.0,0.0,0.0,1.0,3.0,0.0,0.0,0.0,0.0,0.0,
ITA-Serie A,1617,2016-11-26 Empoli-AC Milan,Empoli,Lukasz Skorupski,True,Goalkeeper,1,start,end,1.0,0.0,0.0,0.0,0.0,0.0,0.0,4.0,3.0,0.0,0.0,0.0,0.0,0.0,
ITA-Serie A,1617,2016-11-26 Torino-Chievo Verona,Chievo Verona,Stefano Sorrentino,False,Goalkeeper,1,start,end,1.0,0.0,0.0,0.0,0.0,0.0,0.0,2.0,2.0,0.0,0.0,0.0,0.0,0.0,
ITA-Serie A,1617,2016-11-26 Torino-Chievo Verona,Torino,Joe Hart,True,Goalkeeper,1,start,end,1.0,0.0,0.0,0.0,0.0,0.0,0.0,1.0,2.0,0.0,0.0,0.0,0.0,0.0,
ITA-Serie A,1617,2016-11-27 AS Roma-Pescara,AS Roma,Wojciech Szczesny,True,Goalkeeper,1,start,end,1.0,0.0,0.0,0.0,0.0,0.0,0.0,2.0,5.0,0.0,0.0,0.0,0.0,0.0,
ITA-Serie A,1617,2016-11-27 AS Roma-Pescara,Pescara,Albano Bizzarri,False,Goalkeeper,1,start,end,1.0,0.0,0.0,0.0,0.0,0.0,0.0,3.0,4.0,0.0,0.0,0.0,0.0,0.0,
ITA-Serie A,1617,2016-11-27 Bologna-Atalanta,Atalanta,Marco Sportiello,False,Goalkeeper,1,start,end,1.0,0.0,0.0,0.0,0.0,0.0,0.0,0.0,2.0,0.0,0.0,0.0,0.0,0.0,
ITA-Serie A,1617,2016-11-27 Bologna-Atalanta,Bologna,Antonio Mirante,True,Goalkeeper,1,start,end,1.0,0.0,0.0,0.0,0.0,0.0,0.0,2.0,0.0,0.0,0.0,0.0,0.0,0.0,
ITA-Serie A,1617,2016-11-27 Cagliari-Udinese,Cagliari,Marco Storari,True,Goalkeeper,1,start,end,1.0,0.0,1.0,0.0,0.0,0.0,0.0,1.0,4.0,0.0,0.0,0.0,0.0,0.0,
ITA-Serie A,1617,2016-11-27 Cagliari-Udinese,Udinese,Orestis Karnezis,False,Goalkeeper,1,start,end,1.0,1.0,0.0,0.0,0.0,0.0,1.0,2.0,1.0,0.0,0.0,0.0,0.0,0.0,
ITA-Serie A,1617,2016-11-27 Crotone-Sampdoria,Crotone,Alex Cordaz,True,Goalkeeper,,start,end,1.0,0.0,0.0,0.0,0.0,0.0,0.0,1.0,5.0,0.0,0.0,0.0,0.0,0.0,
ITA-Serie A,1617,2016-11-27 Crotone-Sampdoria,Sampdoria,Christian Puggioni,False,Goalkeeper,,start,end,1.0,0.0,1.0,0.0,0.0,0.0,0.0,1.0,2.0,0.0,0.0,0.0,0.0,0.0,
ITA-Serie A,1617,2016-11-27 Genoa-Juventus,Genoa,Mattia Perin,True,Goalkeeper,1,start,end,1.0,0.0,0.0,0.0,0.0,0.0,0.0,1.0,1.0,0.0,0.0,0.0,0.0,0.0,
ITA-Serie A,1617,2016-11-27 Genoa-Juventus,Juventus,Gianluigi Buffon,False,Goalkeeper,1,start,end,1.0,0.0,0.0,0.0,0.0,0.0,0.0,3.0,3.0,0.0,0.0,0.0,0.0,0.0,
ITA-Serie A,1617,2016-11-27 Palermo-Lazio,Lazio,Thomas Strakosha,False,Goalkeeper,1,start,end,1.0,0.0,0.0,0.0,0.0,0.0,0.0,0.0,4.0,0.0,0.0,0.0,0.0,0.0,
ITA-Serie A,1617,2016-11-27 Palermo-Lazio,Palermo,Josip Posavec,True,Goalkeeper,1,start,end,1.0,0.0,0.0,0.0,0.0,0.0,0.0,1.0,5.0,0.0,0.0,0.0,0.0,0.0,
ITA-Serie A,1617,2016-11-28 Internazionale-Fiorentina,Fiorentina,Ciprian Tatarusanu,False,Goalkeeper,1,start,end,1.0,0.0,0.0,0.0,0.0,0.0,0.0,4.0,5.0,0.0,0.0,0.0,0.0,0.0,
ITA-Serie A,1617,2016-11-28 Internazionale-Fiorentina,Internazionale,Samir Handanovic,True,Goalkeeper,1,start,end,1.0,0.0,0.0,0.0,0.0,0.0,0.0,2.0,4.0,0.0,0.0,0.0,0.0,0.0,
ITA-Serie A,1617,2016-11-28 Napoli-Sassuolo,Napoli,Pepe Reina,True,Goalkeeper,,start,end,1.0,0.0,0.0,0.0,0.0,0.0,0.0,1.0,0.0,0.0,0.0,0.0,0.0,0.0,
ITA-Serie A,1617,2016-11-28 Napoli-Sassuolo,Sassuolo,Andrea Consigli,False,Goalkeeper,,start,end,1.0,0.0,0.0,0.0,0.0,0.0,0.0,1.0,5.0,0.0,0.0,0.0,0.0,0.0,
ITA-Serie A,1617,2016-12-02 Napoli-Internazionale,Internazionale,Samir Handanovic,False,Goalkeeper,1,start,end,1.0,0.0,0.0,0.0,0.0,0.0,0.0,3.0,8.0,0.0,0.0,0.0,0.0,0.0,
ITA-Serie A,1617,2016-12-02 Napoli-Internazionale,Napoli,Pepe Reina,True,Goalkeeper,1,start,end,1.0,0.0,0.0,0.0,0.0,0.0,0.0,0.0,6.0,0.0,0.0,0.0,0.0,0.0,
ITA-Serie A,1617,2016-12-03 Juventus-Atalanta,Atalanta,Marco Sportiello,False,Goalkeeper,1,start,end,1.0,0.0,0.0,0.0,0.0,0.0,0.0,3.0,4.0,0.0,0.0,0.0,0.0,0.0,
ITA-Serie A,1617,2016-12-03 Juventus-Atalanta,Juventus,Gianluigi Buffon,True,Goalkeeper,1,start,end,1.0,0.0,0.0,0.0,0.0,0.0,0.0,1.0,1.0,0.0,0.0,0.0,0.0,0.0,
ITA-Serie A,1617,2016-12-04 AC Milan-Crotone,AC Milan,Gianluigi Donnarumma,True,Goalkeeper,1,start,end,1.0,0.0,0.0,0.0,0.0,0.0,0.0,1.0,4.0,0.0,0.0,0.0,0.0,0.0,
ITA-Serie A,1617,2016-12-04 AC Milan-Crotone,Crotone,Alex Cordaz,False,Goalkeeper,1,start,end,1.0,0.0,1.0,0.0,0.0,0.0,0.0,2.0,2.0,0.0,0.0,0.0,0.0,0.0,
ITA-Serie A,1617,2016-12-04 Fiorentina-Palermo,Fiorentina,Ciprian Tatarusanu,True,Goalkeeper,1,start,end,1.0,0.0,0.0,0.0,0.0,0.0,0.0,1.0,1.0,0.0,0.0,0.0,0.0,0.0,
ITA-Serie A,1617,2016-12-04 Fiorentina-Palermo,Palermo,Josip Posavec,False,Goalkeeper,1,start,end,1.0,0.0,1.0,0.0,0.0,0.0,0.0,2.0,5.0,0.0,0.0,0.0,0.0,0.0,
ITA-Serie A,1617,2016-12-04 Lazio-AS Roma,AS Roma,Wojciech Szczesny,False,Goalkeeper,1,start,end,1.0,0.0,0.0,0.0,0.0,0.0,0.0,0.0,2.0,0.0,0.0,0.0,0.0,0.0,
ITA-Serie A,1617,2016-12-04 Lazio-AS Roma,Lazio,Federico Marchetti,True,Goalkeeper,1,start,end,1.0,0.0,0.0,0.0,0.0,0.0,0.0,2.0,2.0,0.0,0.0,0.0,0.0,0.0,
ITA-Serie A,1617,2016-12-04 Pescara-Cagliari,Cagliari,Marco Storari,False,Goalkeeper,,start,end,1.0,0.0,0.0,0.0,0.0,0.0,0.0,1.0,1.0,0.0,0.0,0.0,0.0,0.0,
ITA-Serie A,1617,2016-12-04 Pescara-Cagliari,Pescara,Albano Bizzarri,True,Goalkeeper,,start,end,1.0,0.0,0.0,0.0,0.0,0.0,0.0,1.0,1.0,0.0,0.0,0.0,0.0,0.0,
ITA-Serie A,1617,2016-12-04 Sampdoria-Torino,Sampdoria,Christian Puggioni,True,Goalkeeper,1,start,end,1.0,0.0,0.0,0.0,0.0,0.0,0.0,0.0,3.0,0.0,0.0,0.0,0.0,0.0,
ITA-Serie A,1617,2016-12-04 Sampdoria-Torino,Torino,Joe Hart,False,Goalkeeper,1,start,end,1.0,0.0,0.0,0.0,0.0,0.0,0.0,2.0,0.0,0.0,0.0,0.0,0.0,0.0,
ITA-Serie A,1617,2016-12-04 Sassuolo-Empoli,Empoli,Lukasz Skorupski,False,Goalkeeper,1,start,end,1.0,1.0,0.0,0.0,0.0,0.0,1.0,3.0,3.0,0.0,0.0,0.0,0.0,0.0,
ITA-Serie A,1617,2016-12-04 Sassuolo-Empoli,Sassuolo,Andrea Consigli,True,Goalkeeper,1,start,end,1.0,0.0,1.0,0.0,0.0,0.0,0.0,0.0,3.0,0.0,0.0,0.0,0.0,0.0,
ITA-Serie A,1617,2016-12-05 Chievo Verona-Genoa,Chievo Verona,Stefano Sorrentino,True,Goalkeeper,,start,end,1.0,0.0,0.0,0.0,0.0,0.0,0.0,0.0,1.0,0.0,0.0,0.0,0.0,0.0,
ITA-Serie A,1617,2016-12-05 Chievo Verona-Genoa,Genoa,Mattia Perin,False,Goalkeeper,,start,end,1.0,0.0,0.0,0.0,0.0,0.0,0.0,0.0,2.0,0.0,0.0,0.0,0.0,0.0,
ITA-Serie A,1617,2016-12-05 Udinese-Bologna,Bologna,Antonio Mirante,False,Goalkeeper,1,start,end,1.0,0.0,0.0,0.0,0.0,0.0,0.0,1.0,8.0,0.0,0.0,0.0,0.0,0.0,
ITA-Serie A,1617,2016-12-05 Udinese-Bologna,Udinese,Orestis Karnezis,True,Goalkeeper,1,start,end,1.0,0.0,0.0,0.0,0.0,0.0,0.0,0.0,1.0,0.0,0.0,0.0,0.0,0.0,
ITA-Serie A,1617,2016-12-10 Crotone-Pescara,Crotone,Alex Cordaz,True,Goalkeeper,1,start,end,1.0,0.0,0.0,0.0,0.0,0.0,0.0,1.0,1.0,0.0,0.0,0.0,0.0,0.0,
ITA-Serie A,1617,2016-12-10 Crotone-Pescara,Pescara,Albano Bizzarri,False,Goalkeeper,1,start,end,1.0,0.0,0.0,0.0,0.0,0.0,0.0,2.0,2.0,0.0,0.0,0.0,0.0,0.0,
ITA-Serie A,1617,2016-12-10 Sampdoria-Lazio,Lazio,Federico Marchetti,False,Goalkeeper,1,start,45,1.0,0.0,0.0,0.0,0.0,0.0,0.0,0.0,2.0,0.0,0.0,0.0,0.0,0.0,
ITA-Serie A,1617,2016-12-10 Sampdoria-Lazio,Sampdoria,Christian Puggioni,True,Goalkeeper,1,start,end,1.0,0.0,0.0,0.0,0.0,0.0,0.0,2.0,5.0,0.0,0.0,0.0,0.0,0.0,
ITA-Serie A,1617,2016-12-11 Atalanta-Udinese,Atalanta,Marco Sportiello,True,Goalkeeper,1,start,end,1.0,0.0,0.0,0.0,0.0,0.0,0.0,3.0,0.0,0.0,0.0,0.0,0.0,0.0,
ITA-Serie A,1617,2016-12-11 Atalanta-Udinese,Udinese,Orestis Karnezis,False,Goalkeeper,1,start,end,1.0,0.0,0.0,0.0,0.0,0.0,0.0,1.0,8.0,0.0,0.0,0.0,0.0,0.0,
ITA-Serie A,1617,2016-12-11 Bologna-Empoli,Bologna,Antonio Mirante,True,Goalkeeper,,start,end,1.0,0.0,0.0,0.0,0.0,0.0,0.0,0.0,1.0,0.0,0.0,0.0,0.0,0.0,
ITA-Serie A,1617,2016-12-11 Bologna-Empoli,Empoli,Lukasz Skorupski,False,Goalkeeper,,start,end,1.0,0.0,0.0,0.0,0.0,0.0,0.0,0.0,3.0,0.0,0.0,0.0,0.0,0.0,
ITA-Serie A,1617,2016-12-11 Cagliari-Napoli,Cagliari,Marco Storari,True,Goalkeeper,1,start,end,1.0,0.0,0.0,0.0,0.0,0.0,0.0,5.0,5.0,0.0,0.0,0.0,0.0,0.0,
ITA-Serie A,1617,2016-12-11 Cagliari-Napoli,Napoli,Pepe Reina,False,Goalkeeper,1,start,end,1.0,0.0,0.0,0.0,0.0,0.0,0.0,0.0,3.0,0.0,0.0,0.0,0.0,0.0,
ITA-Serie A,1617,2016-12-11 Internazionale-Genoa,Genoa,Mattia Perin,False,Goalkeeper,1,start,end,1.0,0.0,0.0,0.0,0.0,0.0,0.0,2.0,1.0,0.0,0.0,0.0,0.0,0.0,
ITA-Serie A,1617,2016-12-11 Internazionale-Genoa,Internazionale,Samir Handanovic,True,Goalkeeper,1,start,end,1.0,0.0,0.0,0.0,0.0,0.0,0.0,0.0,4.0,0.0,0.0,0.0,0.0,0.0,
ITA-Serie A,1617,2016-12-11 Palermo-Chievo Verona,Chievo Verona,Stefano Sorrentino,False,Goalkeeper,1,start,end,1.0,0.0,0.0,0.0,0.0,0.0,0.0,0.0,3.0,0.0,0.0,0.0,0.0,0.0,
ITA-Serie A,1617,2016-12-11 Palermo-Chievo Verona,Palermo,Josip Posavec,True,Goalkeeper,1,start,end,1.0,0.0,0.0,0.0,0.0,0.0,0.0,2.0,1.0,0.0,0.0,0.0,0.0,0.0,
ITA-Serie A,1617,2016-12-11 Torino-Juventus,Juventus,Gianluigi Buffon,False,Goalkeeper,1,start,end,1.0,0.0,0.0,0.0,0.0,0.0,0.0,1.0,1.0,0.0,0.0,0.0,0.0,0.0,
ITA-Serie A,1617,2016-12-11 Torino-Juventus,Torino,Joe Hart,True,Goalkeeper,1,start,end,1.0,0.0,0.0,0.0,0.0,0.0,0.0,3.0,5.0,0.0,0.0,0.0,0.0,0.0,
ITA-Serie A,1617,2016-12-12 AS Roma-AC Milan,AC Milan,Gianluigi Donnarumma,False,Goalkeeper,1,start,end,1.0,0.0,1.0,0.0,0.0,0.0,0.0,1.0,3.0,0.0,0.0,0.0,0.0,0.0,
ITA-Serie A,1617,2016-12-12 AS Roma-AC Milan,AS Roma,Wojciech Szczesny,True,Goalkeeper,1,start,end,1.0,1.0,0.0,0.0,0.0,0.0,0.0,0.0,4.0,0.0,0.0,0.0,0.0,0.0,
ITA-Serie A,1617,2016-12-12 Fiorentina-Sassuolo,Fiorentina,Ciprian Tatarusanu,True,Goalkeeper,1,start,end,1.0,0.0,0.0,0.0,0.0,0.0,0.0,1.0,3.0,0.0,0.0,0.0,0.0,0.0,
ITA-Serie A,1617,2016-12-12 Fiorentina-Sassuolo,Sassuolo,Andrea Consigli,False,Goalkeeper,1,start,end,1.0,0.0,1.0,0.0,0.0,0.0,0.0,2.0,4.0,0.0,0.0,0.0,0.0,0.0,
ITA-Serie A,1617,2016-12-15 Genoa-Fiorentina,Fiorentina,Ciprian Tatarusanu,False,Goalkeeper,1,start,end,1.0,0.0,0.0,0.0,0.0,0.0,0.0,1.0,2.0,0.0,0.0,0.0,0.0,0.0,
ITA-Serie A,1617,2016-12-15 Genoa-Fiorentina,Genoa,Mattia Perin,True,Goalkeeper,1,start,end,1.0,0.0,0.0,0.0,0.0,0.0,0.0,0.0,2.0,0.0,0.0,0.0,0.0,0.0,
ITA-Serie A,1617,2016-12-17 AC Milan-Atalanta,AC Milan,Gianluigi Donnarumma,True,Goalkeeper,,start,end,1.0,0.0,0.0,0.0,0.0,0.0,0.0,0.0,4.0,0.0,0.0,0.0,0.0,0.0,
ITA-Serie A,1617,2016-12-17 AC Milan-Atalanta,Atalanta,Marco Sportiello,False,Goalkeeper,,start,end,1.0,0.0,2.0,0.0,0.0,0.0,1.0,0.0,2.0,0.0,0.0,0.0,0.0,0.0,
ITA-Serie A,1617,2016-12-17 Empoli-Cagliari,Cagliari,Marco Storari,False,Goalkeeper,1,start,end,1.0,0.0,2.0,0.0,0.0,0.0,0.0,2.0,0.0,0.0,0.0,0.0,0.0,0.0,
ITA-Serie A,1617,2016-12-17 Empoli-Cagliari,Empoli,Lukasz Skorupski,True,Goalkeeper,1,start,end,1.0,0.0,0.0,0.0,0.0,0.0,0.0,0.0,2.0,0.0,0.0,0.0,0.0,0.0,
ITA-Serie A,1617,2016-12-17 Juventus-AS Roma,AS Roma,Wojciech Szczesny,False,Goalkeeper,1,start,end,1.0,0.0,0.0,0.0,0.0,0.0,0.0,1.0,5.0,0.0,0.0,0.0,0.0,0.0,
ITA-Serie A,1617,2016-12-17 Juventus-AS Roma,Juventus,Gianluigi Buffon,True,Goalkeeper,1,start,end,1.0,0.0,0.0,0.0,0.0,0.0,0.0,0.0,2.0,0.0,0.0,0.0,0.0,0.0,
ITA-Serie A,1617,2016-12-18 Chievo Verona-Sampdoria,Chievo Verona,Stefano Sorrentino,True,Goalkeeper,1,start,end,1.0,0.0,0.0,0.0,0.0,0.0,0.0,1.0,4.0,0.0,0.0,0.0,0.0,0.0,
ITA-Serie A,1617,2016-12-18 Chievo Verona-Sampdoria,Sampdoria,Christian Puggioni,False,Goalkeeper,1,start,end,1.0,1.0,0.0,0.0,0.0,0.0,1.0,2.0,3.0,0.0,0.0,0.0,0.0,0.0,
ITA-Serie A,1617,2016-12-18 Genoa-Palermo,Genoa,Mattia Perin,True,Goalkeeper,1,start,end,1.0,0.0,0.0,0.0,1.0,0.0,0.0,4.0,0.0,0.0,0.0,0.0,0.0,0.0,
ITA-Serie A,1617,2016-12-18 Genoa-Palermo,Palermo,Josip Posavec,False,Goalkeeper,1,start,end,1.0,0.0,0.0,0.0,0.0,0.0,0.0,3.0,4.0,0.0,0.0,0.0,0.0,0.0,
ITA-Serie A,1617,2016-12-18 Lazio-Fiorentina,Fiorentina,Ciprian Tatarusanu,False,Goalkeeper,1,start,end,1.0,0.0,0.0,0.0,0.0,0.0,0.0,3.0,2.0,0.0,0.0,0.0,0.0,0.0,
ITA-Serie A,1617,2016-12-18 Lazio-Fiorentina,Lazio,Federico Marchetti,True,Goalkeeper,1,start,end,1.0,0.0,0.0,0.0,0.0,0.0,0.0,1.0,5.0,0.0,0.0,0.0,0.0,0.0,
ITA-Serie A,1617,2016-12-18 Napoli-Torino,Napoli,Pepe Reina,True,Goalkeeper,1,start,end,1.0,0.0,0.0,0.0,0.0,0.0,0.0,3.0,2.0,0.0,0.0,0.0,0.0,0.0,
ITA-Serie A,1617,2016-12-18 Napoli-Torino,Torino,Joe Hart,False,Goalkeeper,1,start,end,1.0,0.0,0.0,0.0,0.0,0.0,0.0,5.0,3.0,0.0,0.0,0.0,0.0,0.0,
ITA-Serie A,1617,2016-12-18 Pescara-Bologna,Bologna,Antonio Mirante,False,Goalkeeper,1,start,end,1.0,0.0,0.0,0.0,0.0,0.0,0.0,0.0,1.0,0.0,0.0,0.0,0.0,0.0,
ITA-Serie A,1617,2016-12-18 Pescara-Bologna,Pescara,Albano Bizzarri,True,Goalkeeper,1,start,end,1.0,0.0,0.0,0.0,0.0,0.0,0.0,3.0,5.0,0.0,0.0,0.0,0.0,0.0,
ITA-Serie A,1617,2016-12-18 Sassuolo-Internazionale,Internazionale,Samir Handanovic,False,Goalkeeper,1,start,end,1.0,0.0,0.0,0.0,0.0,0.0,0.0,0.0,4.0,0.0,0.0,0.0,0.0,0.0,
ITA-Serie A,1617,2016-12-18 Sassuolo-Internazionale,Sassuolo,Andrea Consigli,True,Goalkeeper,1,start,end,1.0,0.0,0.0,0.0,0.0,0.0,0.0,1.0,5.0,0.0,0.0,0.0,0.0,0.0,
ITA-Serie A,1617,2016-12-18 Udinese-Crotone,Crotone,Alex Cordaz,False,Goalkeeper,1,start,end,1.0,1.0,0.0,0.0,1.0,0.0,0.0,2.0,5.0,0.0,0.0,0.0,0.0,0.0,
ITA-Serie A,1617,2016-12-18 Udinese-Crotone,Udinese,Orestis Karnezis,True,Goalkeeper,1,start,end,1.0,0.0,0.0,0.0,0.0,0.0,0.0,0.0,4.0,0.0,0.0,0.0,0.0,0.0,
ITA-Serie A,1617,2016-12-20 Atalanta-Empoli,Atalanta,Marco Sportiello,True,Goalkeeper,1,start,end,1.0,0.0,0.0,0.0,0.0,0.0,0.0,1.0,0.0,0.0,0.0,0.0,0.0,0.0,
ITA-Serie A,1617,2016-12-20 Atalanta-Empoli,Empoli,Lukasz Skorupski,False,Goalkeeper,1,start,end,1.0,0.0,0.0,0.0,0.0,0.0,1.0,2.0,8.0,0.0,0.0,0.0,0.0,0.0,
ITA-Serie A,1617,2016-12-21 Internazionale-Lazio,Internazionale,Samir Handanovic,True,Goalkeeper,1,start,end,1.0,0.0,0.0,0.0,0.0,0.0,0.0,0.0,4.0,0.0,0.0,0.0,0.0,0.0,
ITA-Serie A,1617,2016-12-21 Internazionale-Lazio,Lazio,Federico Marchetti,False,Goalkeeper,1,start,end,1.0,0.0,0.0,0.0,0.0,0.0,0.0,3.0,3.0,0.0,0.0,0.0,0.0,0.0,
ITA-Serie A,1617,2016-12-22 AS Roma-Chievo Verona,AS Roma,Wojciech Szczesny,True,Goalkeeper,1,start,end,1.0,0.0,0.0,0.0,0.0,0.0,0.0,1.0,1.0,0.0,0.0,0.0,0.0,0.0,
ITA-Serie A,1617,2016-12-22 AS Roma-Chievo Verona,Chievo Verona,Stefano Sorrentino,False,Goalkeeper,1,start,end,1.0,0.0,0.0,0.0,0.0,0.0,0.0,3.0,6.0,0.0,0.0,0.0,0.0,0.0,
ITA-Serie A,1617,2016-12-22 Cagliari-Sassuolo,Cagliari,Rafael,True,Goalkeeper,1,start,end,1.0,0.0,0.0,0.0,0.0,0.0,0.0,3.0,1.0,0.0,0.0,0.0,0.0,0.0,
ITA-Serie A,1617,2016-12-22 Cagliari-Sassuolo,Sassuolo,Andrea Consigli,False,Goalkeeper,1,start,end,1.0,0.0,1.0,0.0,0.0,0.0,0.0,4.0,6.0,0.0,0.0,0.0,0.0,0.0,
ITA-Serie A,1617,2016-12-22 Fiorentina-Napoli,Fiorentina,Ciprian Tatarusanu,True,Goalkeeper,,start,end,1.0,0.0,0.0,0.0,0.0,0.0,0.0,3.0,4.0,0.0,0.0,0.0,0.0,0.0,
ITA-Serie A,1617,2016-12-22 Fiorentina-Napoli,Napoli,Pepe Reina,False,Goalkeeper,,start,end,1.0,0.0,0.0,0.0,0.0,0.0,1.0,3.0,2.0,0.0,0.0,0.0,0.0,0.0,
ITA-Serie A,1617,2016-12-22 Palermo-Pescara,Palermo,Josip Posavec,True,Goalkeeper,,start,end,1.0,0.0,0.0,0.0,0.0,0.0,0.0,1.0,1.0,0.0,0.0,0.0,0.0,0.0,
ITA-Serie A,1617,2016-12-22 Palermo-Pescara,Pescara,Albano Bizzarri,False,Goalkeeper,,start,end,1.0,0.0,0.0,0.0,0.0,0.0,0.0,1.0,1.0,0.0,0.0,0.0,0.0,0.0,
ITA-Serie A,1617,2016-12-22 Sampdoria-Udinese,Sampdoria,Christian Puggioni,True,Goalkeeper,,start,end,1.0,0.0,0.0,0.0,0.0,0.0,0.0,0.0,3.0,0.0,0.0,0.0,0.0,0.0,
ITA-Serie A,1617,2016-12-22 Sampdoria-Udinese,Udinese,Orestis Karnezis,False,Goalkeeper,,start,end,1.0,0.0,0.0,0.0,0.0,0.0,0.0,0.0,3.0,0.0,0.0,0.0,0.0,0.0,
ITA-Serie A,1617,2016-12-22 Torino-Genoa,Genoa,Eugenio Lamanna,False,Goalkeeper,1,start,end,1.0,0.0,0.0,0.0,0.0,0.0,0.0,1.0,4.0,0.0,0.0,0.0,0.0,0.0,
ITA-Serie A,1617,2016-12-22 Torino-Genoa,Torino,Joe Hart,True,Goalkeeper,1,start,end,1.0,0.0,0.0,0.0,0.0,0.0,0.0,0.0,4.0,0.0,0.0,0.0,0.0,0.0,
ITA-Serie A,1617,2017-01-07 Empoli-Palermo,Empoli,Lukasz Skorupski,True,Goalkeeper,1,start,end,1.0,0.0,0.0,0.0,0.0,0.0,0.0,0.0,4.0,0.0,0.0,0.0,0.0,0.0,
ITA-Serie A,1617,2017-01-07 Empoli-Palermo,Palermo,Josip Posavec,False,Goalkeeper,1,start,end,1.0,0.0,0.0,0.0,0.0,0.0,0.0,1.0,1.0,0.0,0.0,0.0,0.0,0.0,
ITA-Serie A,1617,2017-01-07 Napoli-Sampdoria,Napoli,Pepe Reina,True,Goalkeeper,1,start,end,1.0,0.0,1.0,0.0,0.0,0.0,0.0,1.0,2.0,0.0,0.0,0.0,0.0,0.0,
ITA-Serie A,1617,2017-01-07 Napoli-Sampdoria,Sampdoria,Christian Puggioni,False,Goalkeeper,1,start,end,1.0,0.0,0.0,0.0,0.0,0.0,0.0,2.0,7.0,0.0,0.0,0.0,0.0,0.0,
ITA-Serie A,1617,2017-01-08 AC Milan-Cagliari,AC Milan,Gianluigi Donnarumma,True,Goalkeeper,1,start,end,1.0,0.0,0.0,0.0,0.0,0.0,0.0,0.0,1.0,0.0,0.0,0.0,0.0,0.0,
ITA-Serie A,1617,2017-01-08 AC Milan-Cagliari,Cagliari,Rafael,False,Goalkeeper,1,start,end,1.0,0.0,0.0,0.0,0.0,0.0,0.0,1.0,3.0,0.0,0.0,0.0,0.0,0.0,
ITA-Serie A,1617,2017-01-08 Chievo Verona-Atalanta,Atalanta,Etrit Berisha,False,Goalkeeper,1,start,end,1.0,0.0,0.0,0.0,0.0,0.0,0.0,1.0,0.0,0.0,0.0,0.0,0.0,0.0,
ITA-Serie A,1617,2017-01-08 Chievo Verona-Atalanta,Chievo Verona,Stefano Sorrentino,True,Goalkeeper,1,start,end,1.0,0.0,0.0,0.0,0.0,0.0,0.0,4.0,3.0,0.0,0.0,0.0,0.0,0.0,
ITA-Serie A,1617,2017-01-08 Genoa-AS Roma,AS Roma,Wojciech Szczesny,False,Goalkeeper,1,start,end,1.0,0.0,0.0,0.0,0.0,0.0,0.0,0.0,4.0,0.0,0.0,0.0,0.0,0.0,
ITA-Serie A,1617,2017-01-08 Genoa-AS Roma,Genoa,Mattia Perin,True,Goalkeeper,1,start,9,1.0,0.0,0.0,0.0,0.0,0.0,0.0,0.0,1.0,0.0,0.0,0.0,0.0,0.0,
ITA-Serie A,1617,2017-01-08 Juventus-Bologna,Bologna,Antonio Mirante,False,Goalkeeper,1,start,end,1.0,0.0,0.0,0.0,0.0,0.0,0.0,3.0,1.0,0.0,0.0,0.0,0.0,0.0,
ITA-Serie A,1617,2017-01-08 Juventus-Bologna,Juventus,Neto,True,Goalkeeper,1,start,end,1.0,0.0,0.0,0.0,0.0,0.0,0.0,0.0,2.0,0.0,0.0,0.0,0.0,0.0,
ITA-Serie A,1617,2017-01-08 Lazio-Crotone,Lazio,Federico Marchetti,True,Goalkeeper,1,start,end,1.0,0.0,0.0,0.0,0.0,0.0,0.0,0.0,1.0,0.0,0.0,0.0,0.0,0.0,
ITA-Serie A,1617,2017-01-08 Sassuolo-Torino,Sassuolo,Andrea Consigli,True,Goalkeeper,,start,end,1.0,0.0,0.0,0.0,0.0,0.0,0.0,0.0,1.0,0.0,0.0,0.0,0.0,0.0,
ITA-Serie A,1617,2017-01-08 Sassuolo-Torino,Torino,Joe Hart,False,Goalkeeper,,start,end,1.0,0.0,0.0,0.0,0.0,0.0,0.0,0.0,2.0,0.0,0.0,0.0,0.0,0.0,
ITA-Serie A,1617,2017-01-08 Udinese-Internazionale,Internazionale,Samir Handanovic,False,Goalkeeper,1,start,end,1.0,0.0,0.0,0.0,0.0,0.0,0.0,1.0,2.0,0.0,0.0,0.0,0.0,0.0,
ITA-Serie A,1617,2017-01-08 Udinese-Internazionale,Udinese,Orestis Karnezis,True,Goalkeeper,1,start,end,1.0,0.0,0.0,0.0,0.0,0.0,0.0,2.0,1.0,0.0,0.0,0.0,0.0,0.0,
ITA-Serie A,1617,2017-01-14 Crotone-Bologna,Bologna,Antonio Mirante,False,Goalkeeper,1,start,end,1.0,0.0,0.0,0.0,0.0,0.0,0.0,0.0,6.0,0.0,0.0,0.0,0.0,0.0,
ITA-Serie A,1617,2017-01-14 Crotone-Bologna,Crotone,Alex Cordaz,True,Goalkeeper,1,start,end,1.0,0.0,0.0,0.0,0.0,0.0,0.0,1.0,6.0,0.0,0.0,0.0,0.0,0.0,
ITA-Serie A,1617,2017-01-14 Internazionale-Chievo Verona,Chievo Verona,Stefano Sorrentino,False,Goalkeeper,1,start,end,1.0,0.0,0.0,0.0,0.0,0.0,0.0,3.0,11.0,0.0,0.0,0.0,0.0,0.0,
ITA-Serie A,1617,2017-01-14 Internazionale-Chievo Verona,Internazionale,Samir Handanovic,True,Goalkeeper,1,start,end,1.0,0.0,0.0,0.0,0.0,0.0,0.0,1.0,3.0,0.0,0.0,0.0,0.0,0.0,
ITA-Serie A,1617,2017-01-15 Cagliari-Genoa,Cagliari,Rafael,True,Goalkeeper,1,start,end,1.0,0.0,0.0,0.0,0.0,0.0,0.0,1.0,3.0,0.0,0.0,0.0,0.0,0.0,
ITA-Serie A,1617,2017-01-15 Cagliari-Genoa,Genoa,Eugenio Lamanna,False,Goalkeeper,1,start,end,1.0,1.0,1.0,0.0,0.0,0.0,0.0,4.0,8.0,0.0,0.0,0.0,0.0,0.0,
ITA-Serie A,1617,2017-01-15 Fiorentina-Juventus,Fiorentina,Ciprian Tatarusanu,True,Goalkeeper,1,start,end,1.0,0.0,0.0,0.0,0.0,0.0,0.0,1.0,3.0,0.0,0.0,0.0,0.0,0.0,
ITA-Serie A,1617,2017-01-15 Fiorentina-Juventus,Juventus,Gianluigi Buffon,False,Goalkeeper,1,start,end,1.0,0.0,1.0,0.0,0.0,0.0,0.0,2.0,4.0,0.0,0.0,0.0,0.0,0.0,
ITA-Serie A,1617,2017-01-15 Lazio-Atalanta,Atalanta,Etrit Berisha,False,Goalkeeper,1,start,end,1.0,1.0,1.0,0.0,0.0,0.0,0.0,2.0,3.0,0.0,0.0,0.0,0.0,0.0,
ITA-Serie A,1617,2017-01-15 Lazio-Atalanta,Lazio,Federico Marchetti,True,Goalkeeper,1,start,end,1.0,0.0,1.0,0.0,0.0,0.0,0.0,1.0,2.0,0.0,0.0,0.0,0.0,0.0,
ITA-Serie A,1617,2017-01-15 Napoli-Pescara,Napoli,Pepe Reina,True,Goalkeeper,1,start,end,1.0,0.0,0.0,0.0,0.0,0.0,0.0,1.0,1.0,0.0,0.0,0.0,0.0,0.0,
ITA-Serie A,1617,2017-01-15 Napoli-Pescara,Pescara,Albano Bizzarri,False,Goalkeeper,1,start,end,1.0,0.0,0.0,0.0,0.0,0.0,1.0,3.0,6.0,0.0,0.0,0.0,0.0,0.0,
ITA-Serie A,1617,2017-01-15 Sampdoria-Empoli,Empoli,Lukasz Skorupski,False,Goalkeeper,,start,end,1.0,0.0,0.0,0.0,0.0,0.0,0.0,0.0,2.0,0.0,0.0,0.0,0.0,0.0,
ITA-Serie A,1617,2017-01-15 Sampdoria-Empoli,Sampdoria,Christian Puggioni,True,Goalkeeper,,start,end,1.0,0.0,1.0,0.0,0.0,0.0,0.0,0.0,2.0,0.0,0.0,0.0,0.0,0.0,
ITA-Serie A,1617,2017-01-15 Sassuolo-Palermo,Palermo,Josip Posavec,False,Goalkeeper,1,start,end,1.0,0.0,0.0,0.0,0.0,0.0,0.0,4.0,3.0,0.0,0.0,0.0,0.0,0.0,
ITA-Serie A,1617,2017-01-15 Sassuolo-Palermo,Sassuolo,Andrea Consigli,True,Goalkeeper,1,start,end,1.0,0.0,0.0,0.0,0.0,0.0,0.0,1.0,2.0,0.0,0.0,0.0,0.0,0.0,
ITA-Serie A,1617,2017-01-15 Udinese-AS Roma,AS Roma,Wojciech Szczesny,False,Goalkeeper,1,start,end,1.0,0.0,0.0,0.0,0.0,0.0,0.0,0.0,5.0,0.0,0.0,0.0,0.0,0.0,
ITA-Serie A,1617,2017-01-15 Udinese-AS Roma,Udinese,Orestis Karnezis,True,Goalkeeper,1,start,end,1.0,0.0,0.0,0.0,0.0,0.0,0.0,1.0,3.0,0.0,0.0,0.0,0.0,0.0,
ITA-Serie A,1617,2017-01-16 Torino-AC Milan,AC Milan,Gianluigi Donnarumma,False,Goalkeeper,,start,end,1.0,0.0,0.0,0.0,0.0,0.0,0.0,2.0,5.0,0.0,0.0,0.0,0.0,0.0,
ITA-Serie A,1617,2017-01-16 Torino-AC Milan,Torino,Joe Hart,True,Goalkeeper,,start,end,1.0,0.0,0.0,0.0,0.0,0.0,0.0,2.0,6.0,0.0,0.0,0.0,0.0,0.0,
ITA-Serie A,1617,2017-01-21 AC Milan-Napoli,AC Milan,Gianluigi Donnarumma,True,Goalkeeper,1,start,end,1.0,0.0,0.0,0.0,0.0,0.0,0.0,2.0,3.0,0.0,0.0,1.0,0.0,1.0,
ITA-Serie A,1617,2017-01-21 AC Milan-Napoli,Napoli,Pepe Reina,False,Goalkeeper,1,start,end,1.0,0.0,0.0,0.0,0.0,0.0,0.0,1.0,3.0,0.0,0.0,0.0,0.0,0.0,
ITA-Serie A,1617,2017-01-21 Chievo Verona-Fiorentina,Chievo Verona,Stefano Sorrentino,True,Goalkeeper,1,start,end,1.0,0.0,2.0,0.0,0.0,0.0,0.0,3.0,3.0,0.0,0.0,0.0,0.0,0.0,
ITA-Serie A,1617,2017-01-21 Chievo Verona-Fiorentina,Fiorentina,Ciprian Tatarusanu,False,Goalkeeper,1,start,end,1.0,0.0,0.0,0.0,0.0,0.0,0.0,0.0,6.0,0.0,0.0,0.0,0.0,0.0,
ITA-Serie A,1617,2017-01-22 AS Roma-Cagliari,AS Roma,Wojciech Szczesny,True,Goalkeeper,1,start,end,1.0,0.0,0.0,0.0,0.0,0.0,0.0,0.0,0.0,0.0,0.0,0.0,0.0,0.0,
ITA-Serie A,1617,2017-01-22 AS Roma-Cagliari,Cagliari,Rafael,False,Goalkeeper,1,start,end,1.0,0.0,0.0,0.0,0.0,0.0,0.0,1.0,5.0,0.0,0.0,0.0,0.0,0.0,
ITA-Serie A,1617,2017-01-22 Atalanta-Sampdoria,Atalanta,Etrit Berisha,True,Goalkeeper,1,start,end,1.0,0.0,1.0,0.0,0.0,0.0,0.0,0.0,3.0,0.0,0.0,0.0,0.0,0.0,
ITA-Serie A,1617,2017-01-22 Atalanta-Sampdoria,Sampdoria,Christian Puggioni,False,Goalkeeper,1,start,end,1.0,0.0,1.0,0.0,0.0,0.0,0.0,1.0,5.0,0.0,0.0,0.0,0.0,0.0,
ITA-Serie A,1617,2017-01-22 Bologna-Torino,Bologna,Antonio Mirante,True,Goalkeeper,1,start,end,1.0,0.0,0.0,0.0,0.0,0.0,0.0,0.0,2.0,0.0,0.0,0.0,0.0,0.0,
ITA-Serie A,1617,2017-01-22 Bologna-Torino,Torino,Joe Hart,False,Goalkeeper,1,start,end,1.0,0.0,0.0,0.0,0.0,0.0,0.0,2.0,3.0,0.0,0.0,0.0,0.0,0.0,
ITA-Serie A,1617,2017-01-22 Empoli-Udinese,Empoli,Lukasz Skorupski,True,Goalkeeper,1,start,end,1.0,0.0,0.0,0.0,0.0,0.0,0.0,0.0,2.0,0.0,0.0,0.0,0.0,0.0,
ITA-Serie A,1617,2017-01-22 Empoli-Udinese,Udinese,Orestis Karnezis,False,Goalkeeper,1,start,end,1.0,0.0,1.0,0.0,0.0,0.0,0.0,1.0,0.0,0.0,0.0,0.0,0.0,0.0,
ITA-Serie A,1617,2017-01-22 Genoa-Crotone,Crotone,Alex Cordaz,False,Goalkeeper,,start,end,1.0,0.0,0.0,0.0,0.0,0.0,0.0,2.0,2.0,0.0,0.0,0.0,0.0,0.0,
ITA-Serie A,1617,2017-01-22 Genoa-Crotone,Genoa,Eugenio Lamanna,True,Goalkeeper,,start,end,1.0,0.0,0.0,0.0,0.0,0.0,0.0,2.0,4.0,0.0,0.0,0.0,0.0,0.0,
ITA-Serie A,1617,2017-01-22 Juventus-Lazio,Juventus,Gianluigi Buffon,True,Goalkeeper,1,start,end,1.0,0.0,0.0,0.0,0.0,0.0,0.0,0.0,2.0,0.0,0.0,0.0,0.0,0.0,
ITA-Serie A,1617,2017-01-22 Juventus-Lazio,Lazio,Federico Marchetti,False,Goalkeeper,1,start,end,1.0,0.0,0.0,0.0,0.0,0.0,0.0,2.0,0.0,0.0,0.0,0.0,0.0,0.0,
ITA-Serie A,1617,2017-01-22 Palermo-Internazionale,Internazionale,Samir Handanovic,False,Goalkeeper,1,start,end,1.0,0.0,0.0,0.0,0.0,0.0,0.0,0.0,0.0,0.0,0.0,0.0,0.0,0.0,
ITA-Serie A,1617,2017-01-22 Palermo-Internazionale,Palermo,Josip Posavec,True,Goalkeeper,1,start,end,1.0,0.0,0.0,0.0,0.0,0.0,0.0,1.0,6.0,0.0,0.0,0.0,0.0,0.0,
ITA-Serie A,1617,2017-01-22 Pescara-Sassuolo,Pescara,Albano Bizzarri,True,Goalkeeper,1,start,end,1.0,0.0,0.0,0.0,0.0,0.0,0.0,3.0,2.0,0.0,0.0,0.0,0.0,0.0,
ITA-Serie A,1617,2017-01-22 Pescara-Sassuolo,Sassuolo,Andrea Consigli,False,Goalkeeper,1,start,end,1.0,1.0,0.0,0.0,0.0,0.0,0.0,1.0,3.0,0.0,0.0,0.0,0.0,0.0,
ITA-Serie A,1617,2017-01-28 Internazionale-Pescara,Internazionale,Samir Handanovic,True,Goalkeeper,1,start,end,1.0,0.0,0.0,0.0,0.0,0.0,0.0,0.0,4.0,0.0,0.0,0.0,0.0,0.0,
ITA-Serie A,1617,2017-01-28 Internazionale-Pescara,Pescara,Albano Bizzarri,False,Goalkeeper,1,start,end,1.0,0.0,0.0,0.0,0.0,0.0,0.0,3.0,4.0,0.0,0.0,0.0,0.0,0.0,
ITA-Serie A,1617,2017-01-28 Lazio-Chievo Verona,Chievo Verona,Stefano Sorrentino,False,Goalkeeper,1,start,end,1.0,0.0,0.0,0.0,0.0,0.0,0.0,0.0,8.0,0.0,0.0,0.0,0.0,0.0,
ITA-Serie A,1617,2017-01-28 Lazio-Chievo Verona,Lazio,Thomas Strakosha,True,Goalkeeper,1,start,end,1.0,0.0,0.0,0.0,0.0,0.0,0.0,1.0,1.0,0.0,0.0,0.0,0.0,0.0,
ITA-Serie A,1617,2017-01-29 Cagliari-Bologna,Bologna,Antonio Mirante,False,Goalkeeper,,start,end,1.0,0.0,0.0,0.0,0.0,0.0,0.0,1.0,5.0,0.0,0.0,0.0,0.0,0.0,
ITA-Serie A,1617,2017-01-29 Cagliari-Bologna,Cagliari,Rafael,True,Goalkeeper,,start,end,1.0,0.0,0.0,0.0,0.0,0.0,0.0,1.0,1.0,0.0,0.0,0.0,0.0,0.0,
ITA-Serie A,1617,2017-01-29 Crotone-Empoli,Crotone,Alex Cordaz,True,Goalkeeper,1,start,end,1.0,0.0,0.0,0.0,0.0,0.0,0.0,1.0,2.0,0.0,0.0,0.0,0.0,0.0,
ITA-Serie A,1617,2017-01-29 Crotone-Empoli,Empoli,Lukasz Skorupski,False,Goalkeeper,1,start,end,1.0,0.0,0.0,0.0,0.0,0.0,0.0,4.0,3.0,0.0,0.0,0.0,0.0,0.0,
ITA-Serie A,1617,2017-01-29 Fiorentina-Genoa,Fiorentina,Marco Sportiello,True,Goalkeeper,,start,end,1.0,0.0,0.0,0.0,0.0,0.0,0.0,3.0,0.0,0.0,0.0,0.0,0.0,0.0,
ITA-Serie A,1617,2017-01-29 Fiorentina-Genoa,Genoa,Eugenio Lamanna,False,Goalkeeper,,start,end,1.0,0.0,0.0,0.0,0.0,0.0,0.0,3.0,5.0,0.0,0.0,0.0,0.0,0.0,
ITA-Serie A,1617,2017-01-29 Napoli-Palermo,Napoli,Pepe Reina,True,Goalkeeper,,start,end,1.0,0.0,0.0,0.0,0.0,0.0,0.0,1.0,1.0,0.0,0.0,0.0,0.0,0.0,
ITA-Serie A,1617,2017-01-29 Napoli-Palermo,Palermo,Josip Posavec,False,Goalkeeper,,start,end,1.0,0.0,0.0,0.0,0.0,0.0,0.0,1.0,9.0,0.0,0.0,0.0,0.0,0.0,
ITA-Serie A,1617,2017-01-29 Sampdoria-AS Roma,AS Roma,Wojciech Szczesny,False,Goalkeeper,1,start,end,1.0,0.0,0.0,0.0,0.0,0.0,0.0,3.0,4.0,0.0,0.0,0.0,0.0,0.0,
ITA-Serie A,1617,2017-01-29 Sampdoria-AS Roma,Sampdoria,Christian Puggioni,True,Goalkeeper,1,start,end,1.0,0.0,1.0,0.0,0.0,0.0,1.0,2.0,8.0,0.0,0.0,0.0,0.0,0.0,
ITA-Serie A,1617,2017-01-29 Sassuolo-Juventus,Juventus,Gianluigi Buffon,False,Goalkeeper,1,start,end,1.0,0.0,0.0,0.0,0.0,0.0,0.0,0.0,3.0,0.0,0.0,0.0,0.0,0.0,
ITA-Serie A,1617,2017-01-29 Sassuolo-Juventus,Sassuolo,Andrea Consigli,True,Goalkeeper,1,start,end,1.0,0.0,0.0,0.0,0.0,0.0,0.0,2.0,3.0,0.0,0.0,0.0,0.0,0.0,
ITA-Serie A,1617,2017-01-29 Torino-Atalanta,Atalanta,Etrit Berisha,False,Goalkeeper,,start,end,1.0,0.0,0.0,0.0,0.0,0.0,0.0,1.0,3.0,0.0,0.0,0.0,0.0,0.0,
ITA-Serie A,1617,2017-01-29 Torino-Atalanta,Torino,Joe Hart,True,Goalkeeper,,start,end,1.0,0.0,0.0,0.0,0.0,0.0,0.0,1.0,6.0,0.0,0.0,0.0,0.0,0.0,
ITA-Serie A,1617,2017-01-29 Udinese-AC Milan,AC Milan,Gianluigi Donnarumma,False,Goalkeeper,1,start,end,1.0,0.0,0.0,0.0,0.0,0.0,0.0,2.0,3.0,0.0,0.0,0.0,0.0,0.0,
ITA-Serie A,1617,2017-01-29 Udinese-AC Milan,Udinese,Orestis Karnezis,True,Goalkeeper,1,start,end,1.0,0.0,0.0,0.0,0.0,0.0,0.0,1.0,4.0,0.0,0.0,0.0,0.0,0.0,
ITA-Serie A,1617,2017-02-01 Pescara-Fiorentina,Fiorentina,Marco Sportiello,False,Goalkeeper,1,start,end,1.0,0.0,0.0,0.0,0.0,0.0,0.0,1.0,2.0,0.0,0.0,0.0,0.0,0.0,
ITA-Serie A,1617,2017-02-01 Pescara-Fiorentina,Pescara,Albano Bizzarri,True,Goalkeeper,1,start,end,1.0,0.0,1.0,0.0,0.0,0.0,0.0,2.0,2.0,0.0,0.0,0.0,0.0,0.0,
ITA-Serie A,1617,2017-02-04 Bologna-Napoli,Bologna,Antonio Mirante,True,Goalkeeper,1,start,80,1.0,0.0,0.0,0.0,0.0,0.0,0.0,6.0,2.0,0.0,0.0,0.0,0.0,0.0,
ITA-Serie A,1617,2017-02-04 Bologna-Napoli,Napoli,Pepe Reina,False,Goalkeeper,1,start,end,1.0,0.0,0.0,0.0,0.0,0.0,0.0,1.0,6.0,0.0,0.0,0.0,0.0,0.0,
ITA-Serie A,1617,2017-02-05 AC Milan-Sampdoria,AC Milan,Gianluigi Donnarumma,True,Goalkeeper,1,start,end,1.0,0.0,0.0,0.0,0.0,0.0,0.0,1.0,2.0,0.0,0.0,0.0,0.0,0.0,
ITA-Serie A,1617,2017-02-05 AC Milan-Sampdoria,Sampdoria,Emiliano Viviano,False,Goalkeeper,1,start,end,1.0,0.0,1.0,0.0,0.0,0.0,0.0,0.0,6.0,0.0,0.0,0.0,0.0,0.0,
ITA-Serie A,1617,2017-02-05 Atalanta-Cagliari,Atalanta,Etrit Berisha,True,Goalkeeper,1,start,end,1.0,0.0,0.0,0.0,0.0,0.0,0.0,0.0,0.0,0.0,0.0,0.0,0.0,0.0,
ITA-Serie A,1617,2017-02-05 Atalanta-Cagliari,Cagliari,Rafael,False,Goalkeeper,1,start,end,1.0,0.0,0.0,0.0,0.0,0.0,0.0,2.0,3.0,0.0,0.0,0.0,0.0,0.0,
ITA-Serie A,1617,2017-02-05 Chievo Verona-Udinese,Chievo Verona,Stefano Sorrentino,True,Goalkeeper,,start,end,1.0,0.0,0.0,0.0,0.0,0.0,0.0,0.0,1.0,0.0,0.0,0.0,0.0,0.0,
ITA-Serie A,1617,2017-02-05 Chievo Verona-Udinese,Udinese,Orestis Karnezis,False,Goalkeeper,,start,end,1.0,0.0,0.0,0.0,0.0,0.0,0.0,0.0,0.0,0.0,0.0,0.0,0.0,0.0,
ITA-Serie A,1617,2017-02-05 Empoli-Torino,Empoli,Lukasz Skorupski,True,Goalkeeper,,start,end,1.0,0.0,0.0,0.0,0.0,0.0,0.0,1.0,3.0,0.0,0.0,0.0,0.0,0.0,
ITA-Serie A,1617,2017-02-05 Empoli-Torino,Torino,Joe Hart,False,Goalkeeper,,start,end,1.0,0.0,0.0,0.0,0.0,0.0,0.0,1.0,1.0,0.0,0.0,0.0,0.0,0.0,
ITA-Serie A,1617,2017-02-05 Genoa-Sassuolo,Genoa,Eugenio Lamanna,True,Goalkeeper,1,start,end,1.0,0.0,0.0,0.0,0.0,0.0,0.0,1.0,2.0,0.0,0.0,0.0,0.0,0.0,
ITA-Serie A,1617,2017-02-05 Genoa-Sassuolo,Sassuolo,Andrea Consigli,False,Goalkeeper,1,start,end,1.0,0.0,0.0,0.0,0.0,0.0,0.0,0.0,4.0,0.0,0.0,0.0,0.0,0.0,
ITA-Serie A,1617,2017-02-05 Juventus-Internazionale,Internazionale,Samir Handanovic,False,Goalkeeper,1,start,end,1.0,0.0,0.0,0.0,0.0,0.0,1.0,1.0,5.0,0.0,0.0,0.0,0.0,0.0,
ITA-Serie A,1617,2017-02-05 Juventus-Internazionale,Juventus,Gianluigi Buffon,True,Goalkeeper,1,start,end,1.0,0.0,0.0,0.0,0.0,0.0,0.0,0.0,2.0,0.0,0.0,0.0,0.0,0.0,
ITA-Serie A,1617,2017-02-05 Palermo-Crotone,Crotone,Alex Cordaz,False,Goalkeeper,1,start,end,1.0,0.0,0.0,0.0,0.0,0.0,0.0,1.0,3.0,0.0,0.0,0.0,0.0,0.0,
ITA-Serie A,1617,2017-02-05 Palermo-Crotone,Palermo,Josip Posavec,True,Goalkeeper,1,start,end,1.0,0.0,0.0,0.0,0.0,0.0,0.0,0.0,0.0,0.0,0.0,0.0,0.0,0.0,
ITA-Serie A,1617,2017-02-05 Pescara-Lazio,Lazio,Federico Marchetti,False,Goalkeeper,1,start,end,1.0,0.0,0.0,0.0,0.0,0.0,0.0,2.0,4.0,0.0,0.0,0.0,0.0,0.0,
ITA-Serie A,1617,2017-02-05 Pescara-Lazio,Pescara,Albano Bizzarri,True,Goalkeeper,1,start,end,1.0,0.0,1.0,0.0,0.0,0.0,0.0,6.0,4.0,0.0,0.0,0.0,0.0,0.0,
ITA-Serie A,1617,2017-02-07 AS Roma-Fiorentina,AS Roma,Wojciech Szczesny,True,Goalkeeper,1,start,end,1.0,0.0,0.0,0.0,0.0,0.0,0.0,0.0,1.0,0.0,0.0,0.0,0.0,0.0,
ITA-Serie A,1617,2017-02-07 AS Roma-Fiorentina,Fiorentina,Ciprian Tatarusanu,False,Goalkeeper,1,start,end,1.0,0.0,0.0,0.0,0.0,0.0,0.0,4.0,4.0,0.0,0.0,0.0,0.0,0.0,
ITA-Serie A,1617,2017-02-08 Bologna-AC Milan,AC Milan,Gianluigi Donnarumma,False,Goalkeeper,1,start,end,1.0,0.0,0.0,0.0,0.0,0.0,0.0,0.0,5.0,0.0,0.0,0.0,0.0,0.0,
ITA-Serie A,1617,2017-02-08 Bologna-AC Milan,Bologna,Angelo da Costa,True,Goalkeeper,1,start,end,1.0,0.0,0.0,0.0,0.0,0.0,0.0,1.0,3.0,0.0,0.0,0.0,0.0,0.0,
ITA-Serie A,1617,2017-02-08 Crotone-Juventus,Crotone,Alex Cordaz,True,Goalkeeper,1,start,end,1.0,0.0,0.0,0.0,0.0,0.0,0.0,2.0,8.0,0.0,0.0,0.0,0.0,0.0,
ITA-Serie A,1617,2017-02-08 Crotone-Juventus,Juventus,Gianluigi Buffon,False,Goalkeeper,1,start,end,1.0,0.0,0.0,0.0,0.0,0.0,0.0,0.0,2.0,0.0,0.0,0.0,0.0,0.0,
ITA-Serie A,1617,2017-02-10 Napoli-Genoa,Genoa,Eugenio Lamanna,False,Goalkeeper,1,start,end,1.0,0.0,0.0,0.0,0.0,0.0,0.0,2.0,6.0,0.0,0.0,0.0,0.0,0.0,
ITA-Serie A,1617,2017-02-10 Napoli-Genoa,Napoli,Pepe Reina,True,Goalkeeper,1,start,end,1.0,0.0,0.0,0.0,0.0,0.0,0.0,0.0,2.0,0.0,0.0,0.0,0.0,0.0,
ITA-Serie A,1617,2017-02-11 Fiorentina-Udinese,Fiorentina,Ciprian Tatarusanu,True,Goalkeeper,1,start,end,1.0,0.0,0.0,0.0,0.0,0.0,0.0,0.0,4.0,0.0,0.0,0.0,0.0,0.0,
ITA-Serie A,1617,2017-02-11 Fiorentina-Udinese,Udinese,Orestis Karnezis,False,Goalkeeper,1,start,end,1.0,0.0,0.0,0.0,0.0,0.0,0.0,3.0,3.0,0.0,0.0,0.0,0.0,0.0,
ITA-Serie A,1617,2017-02-12 Cagliari-Juventus,Cagliari,Rafael,True,Goalkeeper,1,start,end,1.0,0.0,0.0,0.0,0.0,0.0,0.0,2.0,1.0,0.0,0.0,0.0,0.0,0.0,
ITA-Serie A,1617,2017-02-12 Cagliari-Juventus,Juventus,Gianluigi Buffon,False,Goalkeeper,1,start,end,1.0,0.0,0.0,0.0,0.0,0.0,0.0,0.0,3.0,0.0,0.0,0.0,0.0,0.0,
ITA-Serie A,1617,2017-02-12 Crotone-AS Roma,AS Roma,Wojciech Szczesny,False,Goalkeeper,1,start,end,1.0,0.0,0.0,0.0,0.0,0.0,0.0,0.0,4.0,0.0,0.0,0.0,0.0,0.0,
ITA-Serie A,1617,2017-02-12 Crotone-AS Roma,Crotone,Alex Cordaz,True,Goalkeeper,1,start,end,1.0,0.0,0.0,0.0,0.0,0.0,0.0,2.0,1.0,0.0,0.0,0.0,0.0,0.0,
ITA-Serie A,1617,2017-02-12 Internazionale-Empoli,Empoli,Lukasz Skorupski,False,Goalkeeper,1,start,end,1.0,0.0,1.0,0.0,0.0,0.0,0.0,2.0,6.0,0.0,0.0,0.0,0.0,0.0,
ITA-Serie A,1617,2017-02-12 Internazionale-Empoli,Internazionale,Samir Handanovic,True,Goalkeeper,1,start,end,1.0,0.0,0.0,0.0,0.0,0.0,0.0,0.0,3.0,0.0,0.0,0.0,0.0,0.0,
ITA-Serie A,1617,2017-02-12 Palermo-Atalanta,Atalanta,Etrit Berisha,False,Goalkeeper,1,start,end,1.0,0.0,0.0,0.0,0.0,0.0,0.0,1.0,4.0,0.0,0.0,0.0,0.0,0.0,
ITA-Serie A,1617,2017-02-12 Palermo-Atalanta,Palermo,Josip Posavec,True,Goalkeeper,1,start,end,1.0,0.0,0.0,0.0,0.0,0.0,0.0,3.0,2.0,0.0,0.0,0.0,0.0,0.0,
ITA-Serie A,1617,2017-02-12 Sampdoria-Bologna,Bologna,Angelo da Costa,False,Goalkeeper,1,start,end,1.0,0.0,0.0,0.0,0.0,0.0,0.0,3.0,3.0,0.0,0.0,0.0,0.0,0.0,
ITA-Serie A,1617,2017-02-12 Sampdoria-Bologna,Sampdoria,Emiliano Viviano,True,Goalkeeper,1,start,end,1.0,0.0,0.0,0.0,0.0,0.0,0.0,1.0,1.0,0.0,0.0,0.0,0.0,0.0,
ITA-Serie A,1617,2017-02-12 Sassuolo-Chievo Verona,Chievo Verona,Stefano Sorrentino,False,Goalkeeper,1,start,end,1.0,0.0,0.0,0.0,0.0,0.0,0.0,1.0,4.0,0.0,0.0,0.0,0.0,0.0,
ITA-Serie A,1617,2017-02-12 Sassuolo-Chievo Verona,Sassuolo,Andrea Consigli,True,Goalkeeper,1,start,end,1.0,0.0,0.0,0.0,0.0,0.0,0.0,3.0,4.0,0.0,0.0,0.0,0.0,0.0,
ITA-Serie A,1617,2017-02-12 Torino-Pescara,Pescara,Albano Bizzarri,False,Goalkeeper,1,start,end,1.0,0.0,0.0,0.0,0.0,0.0,0.0,5.0,4.0,0.0,0.0,0.0,0.0,0.0,
ITA-Serie A,1617,2017-02-12 Torino-Pescara,Torino,Joe Hart,True,Goalkeeper,1,start,end,1.0,0.0,0.0,0.0,0.0,0.0,0.0,3.0,3.0,0.0,0.0,0.0,0.0,0.0,
ITA-Serie A,1617,2017-02-13 Lazio-AC Milan,AC Milan,Gianluigi Donnarumma,False,Goalkeeper,,start,end,1.0,1.0,0.0,0.0,0.0,0.0,0.0,1.0,9.0,0.0,0.0,0.0,0.0,0.0,
ITA-Serie A,1617,2017-02-13 Lazio-AC Milan,Lazio,Thomas Strakosha,True,Goalkeeper,,start,end,1.0,0.0,0.0,0.0,0.0,0.0,0.0,1.0,3.0,0.0,0.0,0.0,0.0,0.0,
ITA-Serie A,1617,2017-02-17 Juventus-Palermo,Juventus,Gianluigi Buffon,True,Goalkeeper,1,start,end,1.0,0.0,0.0,0.0,0.0,0.0,0.0,1.0,2.0,0.0,0.0,0.0,0.0,0.0,
ITA-Serie A,1617,2017-02-17 Juventus-Palermo,Palermo,Josip Posavec,False,Goalkeeper,1,start,end,1.0,0.0,0.0,0.0,0.0,0.0,0.0,4.0,3.0,0.0,0.0,0.0,0.0,0.0,
ITA-Serie A,1617,2017-02-18 Atalanta-Crotone,Atalanta,Etrit Berisha,True,Goalkeeper,1,start,end,1.0,0.0,0.0,0.0,0.0,0.0,0.0,0.0,2.0,0.0,0.0,0.0,0.0,0.0,
ITA-Serie A,1617,2017-02-18 Atalanta-Crotone,Crotone,Alex Cordaz,False,Goalkeeper,1,start,end,1.0,0.0,0.0,0.0,0.0,0.0,0.0,1.0,2.0,0.0,0.0,0.0,0.0,0.0,
ITA-Serie A,1617,2017-02-18 Empoli-Lazio,Empoli,Lukasz Skorupski,True,Goalkeeper,1,start,end,1.0,0.0,0.0,0.0,0.0,0.0,0.0,2.0,6.0,0.0,0.0,0.0,0.0,0.0,
ITA-Serie A,1617,2017-02-18 Empoli-Lazio,Lazio,Thomas Strakosha,False,Goalkeeper,1,start,end,1.0,0.0,0.0,0.0,0.0,0.0,0.0,1.0,1.0,0.0,0.0,0.0,0.0,0.0,
ITA-Serie A,1617,2017-02-19 AC Milan-Fiorentina,AC Milan,Gianluigi Donnarumma,True,Goalkeeper,1,start,end,1.0,0.0,0.0,0.0,0.0,0.0,0.0,1.0,6.0,0.0,0.0,0.0,0.0,0.0,
ITA-Serie A,1617,2017-02-19 AC Milan-Fiorentina,Fiorentina,Ciprian Tatarusanu,False,Goalkeeper,1,start,end,1.0,0.0,0.0,0.0,0.0,0.0,0.0,2.0,2.0,0.0,0.0,0.0,0.0,0.0,
ITA-Serie A,1617,2017-02-19 AS Roma-Torino,AS Roma,Wojciech Szczesny,True,Goalkeeper,1,start,end,1.0,0.0,0.0,0.0,0.0,0.0,0.0,1.0,3.0,0.0,0.0,0.0,0.0,0.0,
ITA-Serie A,1617,2017-02-19 AS Roma-Torino,Torino,Joe Hart,False,Goalkeeper,1,start,end,1.0,0.0,0.0,0.0,0.0,0.0,0.0,4.0,3.0,0.0,0.0,0.0,0.0,0.0,
ITA-Serie A,1617,2017-02-19 Bologna-Internazionale,Bologna,Angelo da Costa,True,Goalkeeper,1,start,end,1.0,0.0,0.0,0.0,0.0,0.0,0.0,1.0,4.0,0.0,0.0,0.0,0.0,0.0,
ITA-Serie A,1617,2017-02-19 Bologna-Internazionale,Internazionale,Samir Handanovic,False,Goalkeeper,1,start,end,1.0,0.0,0.0,0.0,0.0,0.0,0.0,0.0,1.0,0.0,0.0,0.0,0.0,0.0,
ITA-Serie A,1617,2017-02-19 Chievo Verona-Napoli,Chievo Verona,Stefano Sorrentino,True,Goalkeeper,1,start,end,1.0,0.0,0.0,0.0,0.0,0.0,0.0,3.0,3.0,0.0,0.0,0.0,0.0,0.0,
ITA-Serie A,1617,2017-02-19 Chievo Verona-Napoli,Napoli,Pepe Reina,False,Goalkeeper,1,start,end,1.0,0.0,0.0,0.0,0.0,0.0,0.0,1.0,2.0,0.0,0.0,0.0,0.0,0.0,
ITA-Serie A,1617,2017-02-19 Pescara-Genoa,Genoa,Eugenio Lamanna,False,Goalkeeper,1,start,end,1.0,0.0,0.0,0.0,0.0,0.0,0.0,5.0,2.0,0.0,0.0,0.0,0.0,0.0,
ITA-Serie A,1617,2017-02-19 Pescara-Genoa,Pescara,Albano Bizzarri,True,Goalkeeper,1,start,end,1.0,0.0,0.0,0.0,0.0,0.0,0.0,0.0,2.0,0.0,0.0,0.0,0.0,0.0,
ITA-Serie A,1617,2017-02-19 Sampdoria-Cagliari,Cagliari,Gabriel,False,Goalkeeper,,start,end,1.0,0.0,0.0,0.0,0.0,0.0,1.0,1.0,1.0,0.0,0.0,0.0,0.0,0.0,
ITA-Serie A,1617,2017-02-19 Sampdoria-Cagliari,Sampdoria,Emiliano Viviano,True,Goalkeeper,,start,end,1.0,0.0,1.0,0.0,0.0,0.0,1.0,1.0,3.0,0.0,0.0,0.0,0.0,0.0,
ITA-Serie A,1617,2017-02-19 Udinese-Sassuolo,Sassuolo,Andrea Consigli,False,Goalkeeper,1,start,end,1.0,0.0,0.0,0.0,0.0,0.0,0.0,1.0,4.0,0.0,0.0,0.0,0.0,0.0,
ITA-Serie A,1617,2017-02-19 Udinese-Sassuolo,Udinese,Orestis Karnezis,True,Goalkeeper,1,start,end,1.0,0.0,0.0,0.0,0.0,0.0,0.0,2.0,4.0,0.0,0.0,0.0,0.0,0.0,
ITA-Serie A,1617,2017-02-25 Juventus-Empoli,Empoli,Lukasz Skorupski,False,Goalkeeper,1,start,end,1.0,0.0,0.0,1.0,0.0,0.0,0.0,2.0,5.0,0.0,0.0,0.0,0.0,0.0,
ITA-Serie A,1617,2017-02-25 Juventus-Empoli,Juventus,Neto,True,Goalkeeper,1,start,end,1.0,0.0,0.0,0.0,0.0,0.0,0.0,0.0,1.0,0.0,0.0,0.0,0.0,0.0,
ITA-Serie A,1617,2017-02-25 Napoli-Atalanta,Atalanta,Etrit Berisha,False,Goalkeeper,1,start,end,1.0,0.0,0.0,0.0,0.0,0.0,1.0,0.0,8.0,0.0,0.0,0.0,0.0,0.0,
ITA-Serie A,1617,2017-02-25 Napoli-Atalanta,Napoli,Pepe Reina,True,Goalkeeper,1,start,end,1.0,0.0,0.0,0.0,0.0,0.0,0.0,2.0,3.0,0.0,0.0,0.0,0.0,0.0,
ITA-Serie A,1617,2017-02-26 Chievo Verona-Pescara,Chievo Verona,Stefano Sorrentino,True,Goalkeeper,1,start,end,1.0,0.0,0.0,0.0,0.0,0.0,0.0,0.0,3.0,0.0,0.0,0.0,0.0,0.0,
ITA-Serie A,1617,2017-02-26 Chievo Verona-Pescara,Pescara,Albano Bizzarri,False,Goalkeeper,1,start,end,1.0,0.0,0.0,0.0,0.0,0.0,0.0,2.0,6.0,0.0,0.0,0.0,0.0,0.0,
ITA-Serie A,1617,2017-02-26 Crotone-Cagliari,Cagliari,Gabriel,False,Goalkeeper,1,start,end,1.0,0.0,0.0,0.0,0.0,0.0,0.0,1.0,0.0,0.0,0.0,0.0,0.0,0.0,
ITA-Serie A,1617,2017-02-26 Crotone-Cagliari,Crotone,Alex Cordaz,True,Goalkeeper,1,start,end,1.0,0.0,0.0,0.0,0.0,0.0,0.0,2.0,0.0,0.0,0.0,0.0,0.0,0.0,
ITA-Serie A,1617,2017-02-26 Genoa-Bologna,Bologna,Antonio Mirante,False,Goalkeeper,,start,end,1.0,0.0,0.0,0.0,0.0,0.0,0.0,1.0,3.0,0.0,0.0,0.0,0.0,0.0,
ITA-Serie A,1617,2017-02-26 Genoa-Bologna,Genoa,Eugenio Lamanna,True,Goalkeeper,,start,end,1.0,0.0,0.0,0.0,0.0,0.0,0.0,1.0,3.0,0.0,0.0,0.0,0.0,0.0,
ITA-Serie A,1617,2017-02-26 Internazionale-AS Roma,AS Roma,Wojciech Szczesny,False,Goalkeeper,1,start,end,1.0,0.0,2.0,0.0,0.0,0.0,0.0,1.0,3.0,0.0,0.0,0.0,0.0,0.0,
ITA-Serie A,1617,2017-02-26 Internazionale-AS Roma,Internazionale,Samir Handanovic,True,Goalkeeper,1,start,end,1.0,0.0,0.0,0.0,0.0,0.0,0.0,3.0,2.0,0.0,0.0,0.0,0.0,0.0,
ITA-Serie A,1617,2017-02-26 Lazio-Udinese,Lazio,Thomas Strakosha,True,Goalkeeper,1,start,end,1.0,0.0,0.0,0.0,0.0,0.0,0.0,0.0,3.0,0.0,0.0,0.0,0.0,0.0,
ITA-Serie A,1617,2017-02-26 Lazio-Udinese,Udinese,Orestis Karnezis,False,Goalkeeper,1,start,end,1.0,0.0,0.0,0.0,0.0,0.0,0.0,1.0,1.0,0.0,0.0,0.0,0.0,0.0,
ITA-Serie A,1617,2017-02-26 Palermo-Sampdoria,Palermo,Josip Posavec,True,Goalkeeper,,start,end,1.0,0.0,0.0,0.0,0.0,0.0,0.0,1.0,2.0,0.0,0.0,0.0,0.0,0.0,
ITA-Serie A,1617,2017-02-26 Palermo-Sampdoria,Sampdoria,Emiliano Viviano,False,Goalkeeper,,start,end,1.0,0.0,0.0,0.0,0.0,0.0,0.0,1.0,5.0,0.0,0.0,0.0,0.0,0.0,
ITA-Serie A,1617,2017-02-26 Sassuolo-AC Milan,AC Milan,Gianluigi Donnarumma,False,Goalkeeper,1,start,end,1.0,0.0,0.0,0.0,0.0,0.0,0.0,0.0,4.0,0.0,0.0,0.0,0.0,0.0,
ITA-Serie A,1617,2017-02-26 Sassuolo-AC Milan,Sassuolo,Andrea Consigli,True,Goalkeeper,1,start,end,1.0,0.0,0.0,0.0,0.0,0.0,0.0,1.0,5.0,0.0,0.0,0.0,0.0,0.0,
ITA-Serie A,1617,2017-02-27 Fiorentina-Torino,Fiorentina,Ciprian Tatarusanu,True,Goalkeeper,,start,end,1.0,0.0,0.0,0.0,0.0,0.0,0.0,2.0,3.0,0.0,0.0,0.0,0.0,0.0,
ITA-Serie A,1617,2017-02-27 Fiorentina-Torino,Torino,Joe Hart,False,Goalkeeper,,start,end,1.0,0.0,0.0,0.0,0.0,0.0,0.0,2.0,5.0,0.0,0.0,0.0,0.0,0.0,
ITA-Serie A,1617,2017-03-04 AC Milan-Chievo Verona,AC Milan,Gianluigi Donnarumma,True,Goalkeeper,1,start,end,1.0,0.0,0.0,0.0,0.0,0.0,0.0,1.0,2.0,0.0,0.0,0.0,0.0,0.0,
ITA-Serie A,1617,2017-03-04 AC Milan-Chievo Verona,Chievo Verona,Stefano Sorrentino,False,Goalkeeper,1,start,end,1.0,0.0,0.0,0.0,0.0,0.0,0.0,3.0,2.0,0.0,0.0,0.0,0.0,0.0,
ITA-Serie A,1617,2017-03-04 AS Roma-Napoli,AS Roma,Wojciech Szczesny,True,Goalkeeper,1,start,end,1.0,0.0,1.0,0.0,0.0,0.0,0.0,2.0,2.0,0.0,0.0,0.0,0.0,0.0,
ITA-Serie A,1617,2017-03-04 AS Roma-Napoli,Napoli,Pepe Reina,False,Goalkeeper,1,start,end,1.0,0.0,1.0,0.0,0.0,0.0,0.0,1.0,3.0,0.0,0.0,0.0,0.0,0.0,
ITA-Serie A,1617,2017-03-04 Sampdoria-Pescara,Pescara,Albano Bizzarri,False,Goalkeeper,1,start,end,1.0,0.0,0.0,0.0,0.0,0.0,0.0,3.0,4.0,0.0,0.0,0.0,0.0,0.0,
ITA-Serie A,1617,2017-03-04 Sampdoria-Pescara,Sampdoria,Emiliano Viviano,True,Goalkeeper,1,start,end,1.0,0.0,0.0,0.0,0.0,0.0,0.0,1.0,3.0,0.0,0.0,0.0,0.0,0.0,
ITA-Serie A,1617,2017-03-05 Atalanta-Fiorentina,Atalanta,Etrit Berisha,True,Goalkeeper,,start,end,1.0,0.0,0.0,0.0,0.0,0.0,0.0,0.0,2.0,0.0,0.0,0.0,0.0,0.0,
ITA-Serie A,1617,2017-03-05 Atalanta-Fiorentina,Fiorentina,Ciprian Tatarusanu,False,Goalkeeper,,start,end,1.0,0.0,0.0,0.0,0.0,0.0,0.0,0.0,4.0,0.0,0.0,0.0,0.0,0.0,
ITA-Serie A,1617,2017-03-05 Bologna-Lazio,Bologna,Antonio Mirante,True,Goalkeeper,1,start,end,1.0,0.0,0.0,0.0,0.0,0.0,0.0,2.0,4.0,0.0,0.0,0.0,0.0,0.0,
ITA-Serie A,1617,2017-03-05 Bologna-Lazio,Lazio,Thomas Strakosha,False,Goalkeeper,1,start,end,1.0,0.0,0.0,0.0,0.0,0.0,0.0,0.0,3.0,0.0,0.0,0.0,0.0,0.0,
ITA-Serie A,1617,2017-03-05 Cagliari-Internazionale,Cagliari,Gabriel,True,Goalkeeper,1,start,end,1.0,1.0,0.0,0.0,0.0,0.0,0.0,5.0,5.0,0.0,0.0,0.0,0.0,0.0,
ITA-Serie A,1617,2017-03-05 Cagliari-Internazionale,Internazionale,Samir Handanovic,False,Goalkeeper,1,start,end,1.0,0.0,0.0,0.0,0.0,0.0,0.0,1.0,2.0,0.0,0.0,0.0,0.0,0.0,
ITA-Serie A,1617,2017-03-05 Crotone-Sassuolo,Crotone,Alex Cordaz,True,Goalkeeper,,start,end,1.0,0.0,0.0,0.0,0.0,0.0,0.0,0.0,1.0,0.0,0.0,0.0,0.0,0.0,
ITA-Serie A,1617,2017-03-05 Crotone-Sassuolo,Sassuolo,Andrea Consigli,False,Goalkeeper,,start,end,1.0,0.0,1.0,0.0,0.0,0.0,0.0,0.0,1.0,0.0,0.0,0.0,0.0,0.0,
ITA-Serie A,1617,2017-03-05 Empoli-Genoa,Empoli,Lukasz Skorupski,True,Goalkeeper,1,start,end,1.0,0.0,0.0,0.0,0.0,0.0,0.0,2.0,2.0,0.0,0.0,0.0,0.0,0.0,
ITA-Serie A,1617,2017-03-05 Empoli-Genoa,Genoa,Eugenio Lamanna,False,Goalkeeper,1,start,end,1.0,0.0,0.0,0.0,0.0,0.0,0.0,0.0,2.0,0.0,0.0,0.0,0.0,0.0,
ITA-Serie A,1617,2017-03-05 Torino-Palermo,Palermo,Josip Posavec,False,Goalkeeper,1,start,end,1.0,0.0,0.0,0.0,0.0,0.0,0.0,3.0,3.0,0.0,0.0,0.0,0.0,0.0,
ITA-Serie A,1617,2017-03-05 Torino-Palermo,Torino,Joe Hart,True,Goalkeeper,1,start,end,1.0,0.0,0.0,0.0,0.0,0.0,0.0,1.0,2.0,0.0,0.0,0.0,0.0,0.0,
ITA-Serie A,1617,2017-03-05 Udinese-Juventus,Juventus,Gianluigi Buffon,False,Goalkeeper,,start,end,1.0,0.0,0.0,0.0,0.0,0.0,0.0,1.0,4.0,0.0,0.0,0.0,0.0,0.0,
ITA-Serie A,1617,2017-03-05 Udinese-Juventus,Udinese,Orestis Karnezis,True,Goalkeeper,,start,end,1.0,0.0,0.0,0.0,0.0,0.0,0.0,1.0,2.0,0.0,0.0,0.0,0.0,0.0,
ITA-Serie A,1617,2017-03-10 Juventus-AC Milan,AC Milan,Gianluigi Donnarumma,False,Goalkeeper,1,start,end,1.0,0.0,0.0,0.0,0.0,0.0,0.0,2.0,10.0,0.0,0.0,0.0,0.0,0.0,
ITA-Serie A,1617,2017-03-10 Juventus-AC Milan,Juventus,Gianluigi Buffon,True,Goalkeeper,1,start,end,1.0,0.0,0.0,0.0,0.0,0.0,0.0,1.0,1.0,0.0,0.0,0.0,0.0,0.0,
ITA-Serie A,1617,2017-03-11 Genoa-Sampdoria,Genoa,Eugenio Lamanna,True,Goalkeeper,1,start,end,1.0,0.0,0.0,0.0,0.0,0.0,0.0,1.0,3.0,0.0,0.0,0.0,0.0,0.0,
ITA-Serie A,1617,2017-03-11 Genoa-Sampdoria,Sampdoria,Emiliano Viviano,False,Goalkeeper,1,start,end,1.0,0.0,1.0,0.0,0.0,0.0,1.0,0.0,3.0,0.0,0.0,0.0,0.0,0.0,
ITA-Serie A,1617,2017-03-12 Chievo Verona-Empoli,Chievo Verona,Stefano Sorrentino,True,Goalkeeper,1,start,end,1.0,0.0,0.0,0.0,0.0,0.0,0.0,0.0,4.0,0.0,0.0,0.0,0.0,0.0,
ITA-Serie A,1617,2017-03-12 Chievo Verona-Empoli,Empoli,Lukasz Skorupski,False,Goalkeeper,1,start,end,1.0,0.0,0.0,0.0,0.0,0.0,0.0,4.0,5.0,0.0,0.0,0.0,0.0,0.0,
ITA-Serie A,1617,2017-03-12 Fiorentina-Cagliari,Cagliari,Rafael,False,Goalkeeper,1,start,end,1.0,0.0,0.0,0.0,0.0,0.0,0.0,1.0,8.0,0.0,0.0,0.0,0.0,0.0,
ITA-Serie A,1617,2017-03-12 Fiorentina-Cagliari,Fiorentina,Ciprian Tatarusanu,True,Goalkeeper,1,start,end,1.0,0.0,0.0,0.0,0.0,0.0,0.0,0.0,5.0,0.0,0.0,0.0,0.0,0.0,
ITA-Serie A,1617,2017-03-12 Internazionale-Atalanta,Atalanta,Etrit Berisha,False,Goalkeeper,1,start,end,1.0,1.0,0.0,0.0,0.0,0.0,1.0,7.0,1.0,0.0,0.0,0.0,0.0,0.0,
ITA-Serie A,1617,2017-03-12 Internazionale-Atalanta,Internazionale,Samir Handanovic,True,Goalkeeper,1,start,end,1.0,0.0,0.0,0.0,0.0,0.0,0.0,1.0,2.0,0.0,0.0,0.0,0.0,0.0,
ITA-Serie A,1617,2017-03-12 Napoli-Crotone,Crotone,Alex Cordaz,False,Goalkeeper,1,start,end,1.0,0.0,0.0,0.0,0.0,0.0,0.0,3.0,3.0,0.0,0.0,0.0,0.0,0.0,
ITA-Serie A,1617,2017-03-12 Napoli-Crotone,Napoli,Pepe Reina,True,Goalkeeper,1,start,end,1.0,0.0,0.0,0.0,0.0,0.0,0.0,0.0,2.0,0.0,0.0,0.0,0.0,0.0,
ITA-Serie A,1617,2017-03-12 Palermo-AS Roma,AS Roma,Wojciech Szczesny,False,Goalkeeper,1,start,end,1.0,0.0,0.0,0.0,0.0,0.0,0.0,0.0,3.0,0.0,0.0,0.0,0.0,0.0,
ITA-Serie A,1617,2017-03-12 Palermo-AS Roma,Palermo,Andrea Fulignati,True,Goalkeeper,1,start,end,1.0,0.0,0.0,0.0,0.0,0.0,0.0,3.0,2.0,0.0,0.0,0.0,0.0,0.0,
ITA-Serie A,1617,2017-03-12 Pescara-Udinese,Pescara,Albano Bizzarri,True,Goalkeeper,1,start,end,1.0,0.0,0.0,0.0,0.0,0.0,0.0,3.0,3.0,0.0,0.0,0.0,0.0,0.0,
ITA-Serie A,1617,2017-03-12 Pescara-Udinese,Udinese,Orestis Karnezis,False,Goalkeeper,1,start,79,1.0,0.0,0.0,0.0,0.0,0.0,0.0,0.0,2.0,0.0,0.0,0.0,0.0,0.0,
ITA-Serie A,1617,2017-03-12 Sassuolo-Bologna,Bologna,Antonio Mirante,False,Goalkeeper,1,start,end,1.0,0.0,1.0,0.0,0.0,0.0,0.0,0.0,5.0,0.0,0.0,0.0,0.0,0.0,
ITA-Serie A,1617,2017-03-12 Sassuolo-Bologna,Sassuolo,Andrea Consigli,True,Goalkeeper,1,start,end,1.0,0.0,0.0,0.0,0.0,0.0,0.0,1.0,0.0,0.0,0.0,0.0,0.0,0.0,
ITA-Serie A,1617,2017-03-13 Lazio-Torino,Lazio,Thomas Strakosha,True,Goalkeeper,1,start,end,1.0,0.0,0.0,0.0,0.0,0.0,0.0,1.0,1.0,0.0,0.0,0.0,0.0,0.0,
ITA-Serie A,1617,2017-03-13 Lazio-Torino,Torino,Joe Hart,False,Goalkeeper,1,start,end,1.0,0.0,0.0,0.0,0.0,0.0,0.0,3.0,2.0,0.0,0.0,0.0,0.0,0.0,
ITA-Serie A,1617,2017-03-18 AC Milan-Genoa,AC Milan,Gianluigi Donnarumma,True,Goalkeeper,1,start,end,1.0,0.0,0.0,0.0,0.0,0.0,0.0,0.0,2.0,0.0,0.0,0.0,0.0,0.0,
ITA-Serie A,1617,2017-03-18 AC Milan-Genoa,Genoa,Eugenio Lamanna,False,Goalkeeper,1,start,end,1.0,0.0,0.0,0.0,0.0,0.0,0.0,1.0,4.0,0.0,0.0,0.0,0.0,0.0,
ITA-Serie A,1617,2017-03-18 Torino-Internazionale,Internazionale,Samir Handanovic,False,Goalkeeper,,start,end,1.0,0.0,0.0,0.0,0.0,0.0,0.0,2.0,3.0,0.0,0.0,0.0,0.0,0.0,
ITA-Serie A,1617,2017-03-18 Torino-Internazionale,Torino,Joe Hart,True,Goalkeeper,,start,end,1.0,0.0,0.0,0.0,0.0,0.0,0.0,2.0,2.0,0.0,0.0,0.0,0.0,0.0,
ITA-Serie A,1617,2017-03-19 AS Roma-Sassuolo,AS Roma,Wojciech Szczesny,True,Goalkeeper,1,start,end,1.0,0.0,0.0,0.0,0.0,0.0,0.0,1.0,3.0,0.0,0.0,0.0,0.0,0.0,
ITA-Serie A,1617,2017-03-19 AS Roma-Sassuolo,Sassuolo,Andrea Consigli,False,Goalkeeper,1,start,end,1.0,0.0,0.0,0.0,0.0,0.0,0.0,3.0,5.0,0.0,0.0,0.0,0.0,0.0,
ITA-Serie A,1617,2017-03-19 Atalanta-Pescara,Atalanta,Pierluigi Gollini,True,Goalkeeper,1,start,end,1.0,0.0,0.0,0.0,0.0,0.0,0.0,0.0,1.0,0.0,0.0,0.0,0.0,0.0,
ITA-Serie A,1617,2017-03-19 Atalanta-Pescara,Pescara,Albano Bizzarri,False,Goalkeeper,1,start,end,1.0,0.0,0.0,0.0,0.0,0.0,0.0,3.0,4.0,0.0,0.0,0.0,0.0,0.0,
ITA-Serie A,1617,2017-03-19 Bologna-Chievo Verona,Bologna,Angelo da Costa,True,Goalkeeper,1,start,end,1.0,0.0,0.0,0.0,0.0,0.0,0.0,1.0,3.0,0.0,0.0,0.0,0.0,0.0,
ITA-Serie A,1617,2017-03-19 Bologna-Chievo Verona,Chievo Verona,Stefano Sorrentino,False,Goalkeeper,1,start,end,1.0,0.0,0.0,0.0,0.0,0.0,0.0,4.0,1.0,0.0,0.0,0.0,0.0,0.0,
ITA-Serie A,1617,2017-03-19 Cagliari-Lazio,Cagliari,Rafael,True,Goalkeeper,,start,end,1.0,0.0,0.0,0.0,0.0,0.0,0.0,0.0,4.0,0.0,0.0,0.0,0.0,0.0,
ITA-Serie A,1617,2017-03-19 Cagliari-Lazio,Lazio,Thomas Strakosha,False,Goalkeeper,,start,end,1.0,0.0,0.0,0.0,0.0,0.0,0.0,0.0,1.0,0.0,0.0,0.0,0.0,0.0,
ITA-Serie A,1617,2017-03-19 Crotone-Fiorentina,Crotone,Alex Cordaz,True,Goalkeeper,1,start,end,1.0,0.0,0.0,0.0,0.0,0.0,1.0,1.0,9.0,0.0,0.0,0.0,0.0,0.0,
ITA-Serie A,1617,2017-03-19 Crotone-Fiorentina,Fiorentina,Ciprian Tatarusanu,False,Goalkeeper,1,start,end,1.0,0.0,0.0,0.0,0.0,0.0,0.0,0.0,1.0,0.0,0.0,0.0,0.0,0.0,
ITA-Serie A,1617,2017-03-19 Empoli-Napoli,Empoli,Lukasz Skorupski,True,Goalkeeper,1,start,end,1.0,0.0,0.0,0.0,0.0,0.0,0.0,3.0,3.0,0.0,0.0,0.0,0.0,0.0,
ITA-Serie A,1617,2017-03-19 Empoli-Napoli,Napoli,Pepe Reina,False,Goalkeeper,1,start,end,1.0,0.0,1.0,0.0,0.0,0.0,0.0,2.0,2.0,0.0,0.0,0.0,0.0,0.0,
ITA-Serie A,1617,2017-03-19 Sampdoria-Juventus,Juventus,Gianluigi Buffon,False,Goalkeeper,1,start,end,1.0,0.0,0.0,0.0,0.0,0.0,0.0,0.0,5.0,0.0,0.0,0.0,0.0,0.0,
ITA-Serie A,1617,2017-03-19 Sampdoria-Juventus,Sampdoria,Christian Puggioni,True,Goalkeeper,1,start,end,1.0,0.0,0.0,0.0,0.0,0.0,0.0,1.0,5.0,0.0,0.0,0.0,0.0,0.0,
ITA-Serie A,1617,2017-03-19 Udinese-Palermo,Palermo,Josip Posavec,False,Goalkeeper,1,start,end,1.0,0.0,1.0,0.0,0.0,0.0,0.0,4.0,6.0,0.0,0.0,0.0,0.0,0.0,
ITA-Serie A,1617,2017-03-19 Udinese-Palermo,Udinese,Simone Scuffet,True,Goalkeeper,1,start,end,1.0,0.0,0.0,0.0,0.0,0.0,0.0,1.0,1.0,0.0,0.0,0.0,0.0,0.0,
ITA-Serie A,1617,2017-04-01 AS Roma-Empoli,AS Roma,Wojciech Szczesny,True,Goalkeeper,1,start,end,1.0,0.0,0.0,0.0,0.0,0.0,0.0,0.0,3.0,0.0,0.0,0.0,0.0,0.0,
ITA-Serie A,1617,2017-04-01 AS Roma-Empoli,Empoli,Lukasz Skorupski,False,Goalkeeper,1,start,end,1.0,0.0,1.0,0.0,0.0,0.0,0.0,2.0,3.0,0.0,0.0,0.0,0.0,0.0,
ITA-Serie A,1617,2017-04-01 Sassuolo-Lazio,Lazio,Thomas Strakosha,False,Goalkeeper,1,start,end,1.0,1.0,0.0,0.0,0.0,0.0,1.0,1.0,2.0,0.0,0.0,0.0,0.0,0.0,
ITA-Serie A,1617,2017-04-01 Sassuolo-Lazio,Sassuolo,Andrea Consigli,True,Goalkeeper,1,start,end,1.0,0.0,0.0,1.0,0.0,0.0,0.0,2.0,2.0,0.0,0.0,0.0,0.0,0.0,
ITA-Serie A,1617,2017-04-02 Chievo Verona-Crotone,Chievo Verona,Andrea Seculin,True,Goalkeeper,1,start,end,1.0,0.0,0.0,0.0,0.0,0.0,0.0,2.0,5.0,0.0,0.0,0.0,0.0,0.0,
ITA-Serie A,1617,2017-04-02 Chievo Verona-Crotone,Crotone,Alex Cordaz,False,Goalkeeper,1,start,end,1.0,0.0,0.0,0.0,0.0,0.0,0.0,1.0,3.0,0.0,0.0,0.0,0.0,0.0,
ITA-Serie A,1617,2017-04-02 Fiorentina-Bologna,Bologna,Antonio Mirante,False,Goalkeeper,1,start,end,1.0,0.0,0.0,0.0,0.0,0.0,0.0,1.0,5.0,0.0,0.0,0.0,0.0,0.0,
ITA-Serie A,1617,2017-04-02 Fiorentina-Bologna,Fiorentina,Ciprian Tatarusanu,True,Goalkeeper,1,start,end,1.0,0.0,0.0,0.0,0.0,0.0,0.0,0.0,1.0,0.0,0.0,0.0,0.0,0.0,
ITA-Serie A,1617,2017-04-02 Genoa-Atalanta,Atalanta,Etrit Berisha,False,Goalkeeper,1,start,end,1.0,0.0,1.0,0.0,0.0,0.0,0.0,0.0,4.0,0.0,0.0,0.0,0.0,0.0,
ITA-Serie A,1617,2017-04-02 Genoa-Atalanta,Genoa,Rubinho,True,Goalkeeper,1,start,end,1.0,0.0,0.0,0.0,0.0,0.0,0.0,5.0,8.0,0.0,0.0,0.0,0.0,0.0,
ITA-Serie A,1617,2017-04-02 Napoli-Juventus,Juventus,Gianluigi Buffon,False,Goalkeeper,,start,end,1.0,0.0,0.0,0.0,0.0,0.0,0.0,1.0,3.0,0.0,0.0,0.0,0.0,0.0,
ITA-Serie A,1617,2017-04-02 Napoli-Juventus,Napoli,Rafael,True,Goalkeeper,,start,end,1.0,0.0,0.0,0.0,0.0,0.0,0.0,1.0,0.0,0.0,0.0,0.0,0.0,0.0,
ITA-Serie A,1617,2017-04-02 Palermo-Cagliari,Cagliari,Rafael,False,Goalkeeper,1,start,end,1.0,0.0,0.0,0.0,0.0,0.0,0.0,1.0,4.0,0.0,0.0,0.0,0.0,0.0,
ITA-Serie A,1617,2017-04-02 Palermo-Cagliari,Palermo,Andrea Fulignati,True,Goalkeeper,1,start,end,1.0,0.0,0.0,0.0,0.0,0.0,0.0,3.0,6.0,0.0,0.0,0.0,0.0,0.0,
ITA-Serie A,1617,2017-04-02 Pescara-AC Milan,AC Milan,Gianluigi Donnarumma,False,Goalkeeper,,start,end,1.0,0.0,0.0,0.0,0.0,0.0,0.0,1.0,3.0,0.0,0.0,0.0,0.0,0.0,
ITA-Serie A,1617,2017-04-02 Pescara-AC Milan,Pescara,Vincenzo Fiorillo,True,Goalkeeper,,start,end,1.0,0.0,0.0,0.0,0.0,0.0,0.0,1.0,4.0,0.0,0.0,0.0,0.0,0.0,
ITA-Serie A,1617,2017-04-02 Torino-Udinese,Torino,Joe Hart,True,Goalkeeper,,start,end,1.0,0.0,0.0,0.0,0.0,0.0,0.0,2.0,1.0,0.0,0.0,0.0,0.0,0.0,
ITA-Serie A,1617,2017-04-02 Torino-Udinese,Udinese,Simone Scuffet,False,Goalkeeper,,start,end,1.0,0.0,0.0,0.0,0.0,0.0,0.0,2.0,5.0,0.0,0.0,0.0,0.0,0.0,
ITA-Serie A,1617,2017-04-03 Internazionale-Sampdoria,Internazionale,Samir Handanovic,True,Goalkeeper,1,start,end,1.0,0.0,1.0,0.0,0.0,0.0,0.0,2.0,1.0,0.0,0.0,0.0,0.0,0.0,
ITA-Serie A,1617,2017-04-03 Internazionale-Sampdoria,Sampdoria,Emiliano Viviano,False,Goalkeeper,1,start,end,1.0,0.0,0.0,0.0,0.0,0.0,0.0,1.0,4.0,0.0,0.0,0.0,0.0,0.0,
ITA-Serie A,1617,2017-04-08 Atalanta-Sassuolo,Atalanta,Etrit Berisha,True,Goalkeeper,,start,end,1.0,0.0,0.0,0.0,0.0,0.0,0.0,1.0,1.0,0.0,0.0,0.0,0.0,0.0,
ITA-Serie A,1617,2017-04-08 Atalanta-Sassuolo,Sassuolo,Andrea Consigli,False,Goalkeeper,,start,end,1.0,0.0,0.0,0.0,0.0,0.0,0.0,1.0,6.0,0.0,0.0,0.0,0.0,0.0,
ITA-Serie A,1617,2017-04-08 Empoli-Pescara,Empoli,Lukasz Skorupski,True,Goalkeeper,,start,end,1.0,0.0,0.0,0.0,0.0,0.0,0.0,1.0,3.0,0.0,0.0,0.0,0.0,0.0,
ITA-Serie A,1617,2017-04-08 Empoli-Pescara,Pescara,Vincenzo Fiorillo,False,Goalkeeper,,start,end,1.0,0.0,0.0,0.0,0.0,0.0,0.0,1.0,3.0,0.0,0.0,0.0,0.0,0.0,
ITA-Serie A,1617,2017-04-08 Juventus-Chievo Verona,Chievo Verona,Andrea Seculin,False,Goalkeeper,1,start,end,1.0,0.0,0.0,0.0,0.0,0.0,0.0,2.0,4.0,0.0,0.0,0.0,0.0,0.0,
ITA-Serie A,1617,2017-04-08 Juventus-Chievo Verona,Juventus,Gianluigi Buffon,True,Goalkeeper,1,start,end,1.0,0.0,0.0,0.0,0.0,0.0,0.0,0.0,3.0,0.0,0.0,0.0,0.0,0.0,
ITA-Serie A,1617,2017-04-09 AC Milan-Palermo,AC Milan,Gianluigi Donnarumma,True,Goalkeeper,1,start,end,1.0,0.0,0.0,0.0,0.0,0.0,0.0,0.0,2.0,0.0,0.0,0.0,0.0,0.0,
ITA-Serie A,1617,2017-04-09 AC Milan-Palermo,Palermo,Andrea Fulignati,False,Goalkeeper,1,start,end,1.0,0.0,0.0,0.0,0.0,0.0,0.0,4.0,6.0,0.0,0.0,0.0,0.0,0.0,
ITA-Serie A,1617,2017-04-09 Bologna-AS Roma,AS Roma,Wojciech Szczesny,False,Goalkeeper,1,start,end,1.0,0.0,1.0,0.0,0.0,0.0,0.0,0.0,4.0,0.0,0.0,0.0,0.0,0.0,
ITA-Serie A,1617,2017-04-09 Bologna-AS Roma,Bologna,Antonio Mirante,True,Goalkeeper,1,start,end,1.0,0.0,0.0,0.0,0.0,0.0,0.0,3.0,2.0,0.0,0.0,0.0,0.0,0.0,
ITA-Serie A,1617,2017-04-09 Cagliari-Torino,Cagliari,Rafael,True,Goalkeeper,1,start,end,1.0,0.0,0.0,0.0,0.0,0.0,0.0,3.0,2.0,0.0,0.0,0.0,0.0,0.0,
ITA-Serie A,1617,2017-04-09 Cagliari-Torino,Torino,Joe Hart,False,Goalkeeper,1,start,end,1.0,0.0,0.0,0.0,0.0,0.0,0.0,2.0,0.0,0.0,0.0,0.0,0.0,0.0,
ITA-Serie A,1617,2017-04-09 Crotone-Internazionale,Crotone,Alex Cordaz,True,Goalkeeper,1,start,end,1.0,0.0,0.0,0.0,0.0,0.0,0.0,1.0,3.0,0.0,0.0,0.0,0.0,0.0,
ITA-Serie A,1617,2017-04-09 Crotone-Internazionale,Internazionale,Samir Handanovic,False,Goalkeeper,1,start,end,1.0,0.0,0.0,0.0,0.0,0.0,0.0,2.0,4.0,0.0,0.0,0.0,0.0,0.0,
ITA-Serie A,1617,2017-04-09 Lazio-Napoli,Lazio,Thomas Strakosha,True,Goalkeeper,1,start,end,1.0,0.0,0.0,0.0,0.0,0.0,0.0,3.0,4.0,0.0,0.0,0.0,0.0,0.0,
ITA-Serie A,1617,2017-04-09 Lazio-Napoli,Napoli,Pepe Reina,False,Goalkeeper,1,start,end,1.0,0.0,0.0,0.0,0.0,0.0,0.0,0.0,4.0,0.0,0.0,0.0,0.0,0.0,
ITA-Serie A,1617,2017-04-09 Sampdoria-Fiorentina,Fiorentina,Ciprian Tatarusanu,False,Goalkeeper,,start,end,1.0,0.0,0.0,0.0,0.0,0.0,0.0,2.0,2.0,0.0,0.0,0.0,0.0,0.0,
ITA-Serie A,1617,2017-04-09 Sampdoria-Fiorentina,Sampdoria,Emiliano Viviano,True,Goalkeeper,,start,end,1.0,0.0,0.0,0.0,0.0,0.0,0.0,2.0,2.0,0.0,0.0,0.0,0.0,0.0,
ITA-Serie A,1617,2017-04-09 Udinese-Genoa,Genoa,Rubinho,False,Goalkeeper,1,start,end,1.0,0.0,0.0,0.0,0.0,0.0,0.0,3.0,1.0,0.0,0.0,0.0,0.0,0.0,
ITA-Serie A,1617,2017-04-09 Udinese-Genoa,Udinese,Orestis Karnezis,True,Goalkeeper,1,start,end,1.0,0.0,0.0,0.0,0.0,0.0,0.0,0.0,3.0,0.0,0.0,0.0,0.0,0.0,
ITA-Serie A,1617,2017-04-15 AS Roma-Atalanta,AS Roma,Wojciech Szczesny,True,Goalkeeper,,start,end,1.0,0.0,0.0,0.0,0.0,0.0,0.0,1.0,0.0,0.0,0.0,0.0,0.0,0.0,
ITA-Serie A,1617,2017-04-15 AS Roma-Atalanta,Atalanta,Pierluigi Gollini,False,Goalkeeper,,start,end,1.0,0.0,0.0,0.0,0.0,0.0,1.0,1.0,4.0,0.0,0.0,0.0,0.0,0.0,
ITA-Serie A,1617,2017-04-15 Cagliari-Chievo Verona,Cagliari,Rafael,True,Goalkeeper,1,start,91,1.0,0.0,0.0,0.0,0.0,0.0,0.0,0.0,2.0,0.0,0.0,0.0,0.0,0.0,
ITA-Serie A,1617,2017-04-15 Cagliari-Chievo Verona,Chievo Verona,Andrea Seculin,False,Goalkeeper,1,start,end,1.0,0.0,0.0,0.0,0.0,0.0,0.0,4.0,7.0,0.0,0.0,0.0,0.0,0.0,
ITA-Serie A,1617,2017-04-15 Fiorentina-Empoli,Empoli,Lukasz Skorupski,False,Goalkeeper,1,start,end,1.0,0.0,0.0,0.0,0.0,0.0,0.0,1.0,6.0,0.0,0.0,0.0,0.0,0.0,
ITA-Serie A,1617,2017-04-15 Fiorentina-Empoli,Fiorentina,Ciprian Tatarusanu,True,Goalkeeper,1,start,end,1.0,0.0,0.0,0.0,0.0,0.0,0.0,2.0,2.0,0.0,0.0,0.0,0.0,0.0,
ITA-Serie A,1617,2017-04-15 Genoa-Lazio,Genoa,Eugenio Lamanna,True,Goalkeeper,,start,end,1.0,0.0,0.0,0.0,0.0,0.0,0.0,2.0,4.0,0.0,0.0,0.0,0.0,0.0,
ITA-Serie A,1617,2017-04-15 Genoa-Lazio,Lazio,Thomas Strakosha,False,Goalkeeper,,start,end,1.0,0.0,0.0,0.0,0.0,0.0,0.0,2.0,4.0,0.0,0.0,0.0,0.0,0.0,
ITA-Serie A,1617,2017-04-15 Internazionale-AC Milan,AC Milan,Gianluigi Donnarumma,False,Goalkeeper,,start,end,1.0,0.0,0.0,0.0,0.0,0.0,0.0,2.0,2.0,0.0,0.0,0.0,0.0,0.0,
ITA-Serie A,1617,2017-04-15 Internazionale-AC Milan,Internazionale,Samir Handanovic,True,Goalkeeper,,start,end,1.0,0.0,0.0,0.0,0.0,0.0,1.0,2.0,4.0,0.0,0.0,0.0,0.0,0.0,
ITA-Serie A,1617,2017-04-15 Napoli-Udinese,Napoli,Pepe Reina,True,Goalkeeper,1,start,end,1.0,0.0,0.0,0.0,0.0,0.0,0.0,0.0,3.0,0.0,0.0,0.0,0.0,0.0,
ITA-Serie A,1617,2017-04-15 Napoli-Udinese,Udinese,Orestis Karnezis,False,Goalkeeper,1,start,end,1.0,0.0,0.0,0.0,0.0,0.0,0.0,3.0,3.0,0.0,0.0,0.0,0.0,0.0,
ITA-Serie A,1617,2017-04-15 Palermo-Bologna,Bologna,Antonio Mirante,False,Goalkeeper,,start,end,1.0,0.0,0.0,0.0,0.0,0.0,0.0,0.0,1.0,0.0,0.0,0.0,0.0,0.0,
ITA-Serie A,1617,2017-04-15 Palermo-Bologna,Palermo,Andrea Fulignati,True,Goalkeeper,,start,end,1.0,0.0,0.0,0.0,0.0,0.0,0.0,0.0,4.0,0.0,0.0,0.0,0.0,0.0,
ITA-Serie A,1617,2017-04-15 Pescara-Juventus,Juventus,Neto,False,Goalkeeper,1,start,end,1.0,0.0,0.0,0.0,0.0,0.0,0.0,0.0,2.0,0.0,0.0,0.0,0.0,0.0,
ITA-Serie A,1617,2017-04-15 Pescara-Juventus,Pescara,Vincenzo Fiorillo,True,Goalkeeper,1,start,end,1.0,0.0,0.0,0.0,0.0,0.0,0.0,2.0,5.0,0.0,0.0,0.0,0.0,0.0,
ITA-Serie A,1617,2017-04-15 Sassuolo-Sampdoria,Sampdoria,Emiliano Viviano,False,Goalkeeper,1,start,end,1.0,0.0,0.0,0.0,0.0,0.0,0.0,2.0,1.0,0.0,0.0,0.0,0.0,0.0,
ITA-Serie A,1617,2017-04-15 Sassuolo-Sampdoria,Sassuolo,Andrea Consigli,True,Goalkeeper,1,start,end,1.0,0.0,0.0,0.0,0.0,0.0,0.0,1.0,3.0,0.0,0.0,0.0,0.0,0.0,
ITA-Serie A,1617,2017-04-15 Torino-Crotone,Crotone,Alex Cordaz,False,Goalkeeper,,start,end,1.0,0.0,0.0,0.0,0.0,0.0,1.0,1.0,7.0,0.0,0.0,0.0,0.0,0.0,
ITA-Serie A,1617,2017-04-15 Torino-Crotone,Torino,Joe Hart,True,Goalkeeper,,start,end,1.0,0.0,0.0,0.0,0.0,0.0,0.0,1.0,0.0,0.0,0.0,0.0,0.0,0.0,
ITA-Serie A,1617,2017-04-22 Atalanta-Bologna,Atalanta,Etrit Berisha,True,Goalkeeper,1,start,end,1.0,0.0,0.0,0.0,0.0,0.0,0.0,2.0,4.0,0.0,0.0,0.0,0.0,0.0,
ITA-Serie A,1617,2017-04-22 Atalanta-Bologna,Bologna,Angelo da Costa,False,Goalkeeper,1,start,end,1.0,0.0,0.0,0.0,0.0,0.0,0.0,3.0,0.0,0.0,0.0,0.0,0.0,0.0,
ITA-Serie A,1617,2017-04-22 Fiorentina-Internazionale,Fiorentina,Ciprian Tatarusanu,True,Goalkeeper,1,start,end,1.0,0.0,0.0,0.0,0.0,0.0,0.0,4.0,1.0,0.0,0.0,0.0,0.0,0.0,
ITA-Serie A,1617,2017-04-22 Fiorentina-Internazionale,Internazionale,Samir Handanovic,False,Goalkeeper,1,start,end,1.0,0.0,0.0,0.0,0.0,0.0,1.0,5.0,5.0,0.0,0.0,0.0,0.0,0.0,
ITA-Serie A,1617,2017-04-23 AC Milan-Empoli,AC Milan,Gianluigi Donnarumma,True,Goalkeeper,1,start,end,1.0,0.0,0.0,0.0,0.0,0.0,0.0,2.0,5.0,0.0,0.0,0.0,0.0,0.0,
ITA-Serie A,1617,2017-04-23 AC Milan-Empoli,Empoli,Lukasz Skorupski,False,Goalkeeper,1,start,end,1.0,2.0,2.0,0.0,0.0,0.0,0.0,1.0,11.0,0.0,0.0,0.0,0.0,0.0,
ITA-Serie A,1617,2017-04-23 Chievo Verona-Torino,Chievo Verona,Stefano Sorrentino,True,Goalkeeper,1,start,end,1.0,0.0,0.0,0.0,0.0,0.0,0.0,3.0,2.0,0.0,0.0,0.0,0.0,0.0,
ITA-Serie A,1617,2017-04-23 Chievo Verona-Torino,Torino,Joe Hart,False,Goalkeeper,1,start,end,1.0,0.0,0.0,0.0,0.0,0.0,0.0,1.0,2.0,0.0,0.0,0.0,0.0,0.0,
ITA-Serie A,1617,2017-04-23 Juventus-Genoa,Genoa,Eugenio Lamanna,False,Goalkeeper,1,start,end,1.0,0.0,0.0,0.0,0.0,0.0,0.0,4.0,1.0,0.0,0.0,0.0,0.0,0.0,
ITA-Serie A,1617,2017-04-23 Juventus-Genoa,Juventus,Neto,True,Goalkeeper,1,start,end,1.0,0.0,0.0,0.0,0.0,0.0,0.0,0.0,2.0,0.0,0.0,0.0,0.0,0.0,
ITA-Serie A,1617,2017-04-23 Lazio-Palermo,Lazio,Thomas Strakosha,True,Goalkeeper,1,start,end,1.0,0.0,0.0,0.0,0.0,0.0,0.0,2.0,0.0,0.0,0.0,0.0,0.0,0.0,
ITA-Serie A,1617,2017-04-23 Lazio-Palermo,Palermo,Josip Posavec,False,Goalkeeper,1,start,end,1.0,0.0,0.0,0.0,0.0,0.0,0.0,6.0,2.0,0.0,0.0,0.0,0.0,0.0,
ITA-Serie A,1617,2017-04-23 Sampdoria-Crotone,Crotone,Alex Cordaz,False,Goalkeeper,1,start,end,1.0,0.0,0.0,0.0,0.0,0.0,0.0,1.0,4.0,0.0,0.0,0.0,0.0,0.0,
ITA-Serie A,1617,2017-04-23 Sampdoria-Crotone,Sampdoria,Christian Puggioni,True,Goalkeeper,1,start,end,1.0,0.0,0.0,0.0,0.0,0.0,0.0,2.0,4.0,0.0,0.0,0.0,0.0,0.0,
ITA-Serie A,1617,2017-04-23 Sassuolo-Napoli,Napoli,Pepe Reina,False,Goalkeeper,,start,end,1.0,0.0,0.0,0.0,0.0,0.0,0.0,2.0,2.0,0.0,0.0,0.0,0.0,0.0,
ITA-Serie A,1617,2017-04-23 Sassuolo-Napoli,Sassuolo,Andrea Consigli,True,Goalkeeper,,start,end,1.0,0.0,1.0,0.0,0.0,0.0,0.0,2.0,3.0,0.0,0.0,0.0,0.0,0.0,
ITA-Serie A,1617,2017-04-23 Udinese-Cagliari,Cagliari,Rafael,False,Goalkeeper,1,start,end,1.0,0.0,0.0,0.0,0.0,0.0,0.0,2.0,4.0,0.0,0.0,0.0,0.0,0.0,
ITA-Serie A,1617,2017-04-23 Udinese-Cagliari,Udinese,Orestis Karnezis,True,Goalkeeper,1,start,end,1.0,0.0,0.0,0.0,0.0,0.0,0.0,1.0,2.0,0.0,0.0,0.0,0.0,0.0,
ITA-Serie A,1617,2017-04-24 Pescara-AS Roma,AS Roma,Wojciech Szczesny,False,Goalkeeper,1,start,end,1.0,0.0,0.0,0.0,0.0,0.0,0.0,1.0,3.0,0.0,0.0,0.0,0.0,0.0,
ITA-Serie A,1617,2017-04-24 Pescara-AS Roma,Pescara,Vincenzo Fiorillo,True,Goalkeeper,1,start,end,1.0,0.0,0.0,0.0,0.0,0.0,0.0,4.0,2.0,0.0,0.0,0.0,0.0,0.0,
ITA-Serie A,1617,2017-04-28 Atalanta-Juventus,Atalanta,Etrit Berisha,True,Goalkeeper,,start,end,1.0,0.0,0.0,0.0,0.0,0.0,0.0,2.0,7.0,0.0,0.0,0.0,0.0,0.0,
ITA-Serie A,1617,2017-04-28 Atalanta-Juventus,Juventus,Gianluigi Buffon,False,Goalkeeper,,start,end,1.0,0.0,0.0,0.0,0.0,0.0,0.0,2.0,5.0,0.0,0.0,0.0,0.0,0.0,
ITA-Serie A,1617,2017-04-29 Torino-Sampdoria,Sampdoria,Christian Puggioni,False,Goalkeeper,,start,end,1.0,0.0,0.0,0.0,0.0,0.0,0.0,1.0,4.0,0.0,0.0,0.0,0.0,0.0,
ITA-Serie A,1617,2017-04-29 Torino-Sampdoria,Torino,Joe Hart,True,Goalkeeper,,start,end,1.0,0.0,0.0,0.0,0.0,0.0,0.0,1.0,3.0,0.0,0.0,0.0,0.0,0.0,
ITA-Serie A,1617,2017-04-30 AS Roma-Lazio,AS Roma,Wojciech Szczesny,True,Goalkeeper,1,start,end,1.0,0.0,0.0,0.0,0.0,0.0,0.0,3.0,4.0,0.0,0.0,0.0,0.0,0.0,
ITA-Serie A,1617,2017-04-30 AS Roma-Lazio,Lazio,Thomas Strakosha,False,Goalkeeper,1,start,end,1.0,0.0,0.0,0.0,0.0,0.0,0.0,1.0,5.0,0.0,0.0,0.0,0.0,0.0,
ITA-Serie A,1617,2017-04-30 Bologna-Udinese,Bologna,Antonio Mirante,True,Goalkeeper,1,start,end,1.0,0.0,0.0,0.0,0.0,0.0,0.0,0.0,2.0,0.0,0.0,0.0,0.0,0.0,
ITA-Serie A,1617,2017-04-30 Bologna-Udinese,Udinese,Orestis Karnezis,False,Goalkeeper,1,start,end,1.0,0.0,1.0,0.0,0.0,0.0,0.0,4.0,3.0,0.0,0.0,0.0,0.0,0.0,
ITA-Serie A,1617,2017-04-30 Cagliari-Pescara,Cagliari,Rafael,True,Goalkeeper,1,start,end,1.0,0.0,0.0,0.0,0.0,0.0,0.0,0.0,8.0,0.0,0.0,0.0,0.0,0.0,
ITA-Serie A,1617,2017-04-30 Cagliari-Pescara,Pescara,Vincenzo Fiorillo,False,Goalkeeper,1,start,end,1.0,0.0,0.0,0.0,0.0,0.0,0.0,1.0,3.0,0.0,0.0,0.0,0.0,0.0,
ITA-Serie A,1617,2017-04-30 Crotone-AC Milan,AC Milan,Gianluigi Donnarumma,False,Goalkeeper,,start,end,1.0,0.0,0.0,0.0,0.0,0.0,0.0,1.0,2.0,0.0,0.0,0.0,0.0,0.0,
ITA-Serie A,1617,2017-04-30 Crotone-AC Milan,Crotone,Alex Cordaz,True,Goalkeeper,,start,end,1.0,0.0,0.0,0.0,0.0,0.0,0.0,1.0,5.0,0.0,0.0,0.0,0.0,0.0,
ITA-Serie A,1617,2017-04-30 Empoli-Sassuolo,Empoli,Lukasz Skorupski,True,Goalkeeper,1,start,end,1.0,0.0,0.0,0.0,0.0,0.0,0.0,3.0,3.0,0.0,0.0,0.0,0.0,0.0,
ITA-Serie A,1617,2017-04-30 Empoli-Sassuolo,Sassuolo,Andrea Consigli,False,Goalkeeper,1,start,end,1.0,0.0,0.0,0.0,0.0,0.0,0.0,1.0,8.0,0.0,0.0,0.0,0.0,0.0,
ITA-Serie A,1617,2017-04-30 Genoa-Chievo Verona,Chievo Verona,Stefano Sorrentino,False,Goalkeeper,1,start,end,1.0,0.0,0.0,0.0,0.0,0.0,0.0,1.0,0.0,0.0,0.0,0.0,0.0,0.0,
ITA-Serie A,1617,2017-04-30 Genoa-Chievo Verona,Genoa,Eugenio Lamanna,True,Goalkeeper,1,start,end,1.0,0.0,0.0,0.0,0.0,0.0,0.0,2.0,0.0,0.0,0.0,0.0,0.0,0.0,
ITA-Serie A,1617,2017-04-30 Internazionale-Napoli,Internazionale,Samir Handanovic,True,Goalkeeper,1,start,end,1.0,0.0,0.0,0.0,0.0,0.0,0.0,1.0,3.0,0.0,0.0,0.0,0.0,0.0,
ITA-Serie A,1617,2017-04-30 Internazionale-Napoli,Napoli,Pepe Reina,False,Goalkeeper,1,start,end,1.0,0.0,0.0,0.0,0.0,0.0,0.0,0.0,3.0,0.0,0.0,0.0,0.0,0.0,
ITA-Serie A,1617,2017-04-30 Palermo-Fiorentina,Fiorentina,Ciprian Tatarusanu,False,Goalkeeper,1,start,end,1.0,0.0,1.0,0.0,0.0,0.0,0.0,2.0,0.0,0.0,0.0,0.0,0.0,0.0,
ITA-Serie A,1617,2017-04-30 Palermo-Fiorentina,Palermo,Andrea Fulignati,True,Goalkeeper,1,start,end,1.0,0.0,0.0,0.0,0.0,0.0,0.0,0.0,3.0,0.0,0.0,0.0,0.0,0.0,
ITA-Serie A,1617,2017-05-06 Juventus-Torino,Juventus,Neto,True,Goalkeeper,,start,end,1.0,0.0,0.0,0.0,0.0,0.0,0.0,1.0,1.0,0.0,0.0,0.0,0.0,0.0,
ITA-Serie A,1617,2017-05-06 Juventus-Torino,Torino,Joe Hart,False,Goalkeeper,,start,end,1.0,0.0,0.0,0.0,0.0,0.0,0.0,1.0,4.0,0.0,0.0,0.0,0.0,0.0,
ITA-Serie A,1617,2017-05-06 Napoli-Cagliari,Cagliari,Rafael,False,Goalkeeper,1,start,end,1.0,0.0,0.0,0.0,0.0,0.0,0.0,3.0,6.0,0.0,0.0,0.0,0.0,0.0,
ITA-Serie A,1617,2017-05-06 Napoli-Cagliari,Napoli,Pepe Reina,True,Goalkeeper,1,start,end,1.0,0.0,0.0,0.0,0.0,0.0,0.0,1.0,2.0,0.0,0.0,0.0,0.0,0.0,
ITA-Serie A,1617,2017-05-07 AC Milan-AS Roma,AC Milan,Gianluigi Donnarumma,True,Goalkeeper,1,start,end,1.0,0.0,0.0,0.0,0.0,0.0,0.0,4.0,6.0,0.0,0.0,0.0,0.0,0.0,
ITA-Serie A,1617,2017-05-07 AC Milan-AS Roma,AS Roma,Wojciech Szczesny,False,Goalkeeper,1,start,end,1.0,0.0,0.0,0.0,0.0,0.0,0.0,1.0,1.0,0.0,0.0,0.0,0.0,0.0,
ITA-Serie A,1617,2017-05-07 Chievo Verona-Palermo,Chievo Verona,Stefano Sorrentino,True,Goalkeeper,,start,end,1.0,0.0,0.0,0.0,0.0,0.0,0.0,1.0,4.0,0.0,0.0,0.0,0.0,0.0,
ITA-Serie A,1617,2017-05-07 Chievo Verona-Palermo,Palermo,Andrea Fulignati,False,Goalkeeper,,start,end,1.0,0.0,0.0,0.0,0.0,0.0,0.0,1.0,1.0,0.0,0.0,0.0,0.0,0.0,
ITA-Serie A,1617,2017-05-07 Empoli-Bologna,Bologna,Antonio Mirante,False,Goalkeeper,1,start,end,1.0,0.0,0.0,0.0,0.0,0.0,0.0,3.0,5.0,0.0,0.0,0.0,0.0,0.0,
ITA-Serie A,1617,2017-05-07 Empoli-Bologna,Empoli,Lukasz Skorupski,True,Goalkeeper,1,start,end,1.0,0.0,0.0,0.0,0.0,0.0,0.0,1.0,2.0,0.0,0.0,0.0,0.0,0.0,
ITA-Serie A,1617,2017-05-07 Genoa-Internazionale,Genoa,Eugenio Lamanna,True,Goalkeeper,1,start,end,1.0,0.0,1.0,0.0,0.0,0.0,0.0,0.0,4.0,0.0,0.0,0.0,0.0,0.0,
ITA-Serie A,1617,2017-05-07 Genoa-Internazionale,Internazionale,Samir Handanovic,False,Goalkeeper,1,start,end,1.0,0.0,0.0,0.0,0.0,0.0,0.0,1.0,4.0,0.0,0.0,0.0,0.0,0.0,
ITA-Serie A,1617,2017-05-07 Lazio-Sampdoria,Lazio,Thomas Strakosha,True,Goalkeeper,1,start,end,1.0,0.0,0.0,0.0,0.0,0.0,0.0,3.0,4.0,0.0,0.0,0.0,0.0,0.0,
ITA-Serie A,1617,2017-05-07 Lazio-Sampdoria,Sampdoria,Christian Puggioni,False,Goalkeeper,1,start,end,1.0,0.0,0.0,0.0,0.0,0.0,0.0,7.0,4.0,0.0,0.0,0.0,0.0,0.0,
ITA-Serie A,1617,2017-05-07 Pescara-Crotone,Crotone,Alex Cordaz,False,Goalkeeper,1,start,end,1.0,0.0,0.0,0.0,0.0,0.0,0.0,0.0,1.0,0.0,0.0,0.0,0.0,0.0,
ITA-Serie A,1617,2017-05-07 Pescara-Crotone,Pescara,Vincenzo Fiorillo,True,Goalkeeper,1,start,end,1.0,0.0,1.0,0.0,0.0,0.0,0.0,1.0,2.0,0.0,0.0,0.0,0.0,0.0,
ITA-Serie A,1617,2017-05-07 Sassuolo-Fiorentina,Fiorentina,Ciprian Tatarusanu,False,Goalkeeper,,start,end,1.0,0.0,0.0,0.0,0.0,0.0,0.0,2.0,6.0,0.0,0.0,0.0,0.0,0.0,
ITA-Serie A,1617,2017-05-07 Sassuolo-Fiorentina,Sassuolo,Andrea Consigli,True,Goalkeeper,,start,end,1.0,0.0,0.0,0.0,0.0,0.0,0.0,2.0,3.0,0.0,0.0,0.0,0.0,0.0,
ITA-Serie A,1617,2017-05-07 Udinese-Atalanta,Atalanta,Etrit Berisha,False,Goalkeeper,,start,end,1.0,0.0,0.0,0.0,0.0,0.0,0.0,1.0,3.0,0.0,0.0,0.0,0.0,0.0,
ITA-Serie A,1617,2017-05-07 Udinese-Atalanta,Udinese,Orestis Karnezis,True,Goalkeeper,,start,end,1.0,0.0,0.0,0.0,0.0,0.0,0.0,1.0,1.0,0.0,0.0,0.0,0.0,0.0,
ITA-Serie A,1617,2017-05-13 Atalanta-AC Milan,AC Milan,Gianluigi Donnarumma,False,Goalkeeper,,start,end,1.0,0.0,0.0,0.0,0.0,0.0,0.0,1.0,6.0,0.0,0.0,0.0,0.0,0.0,
ITA-Serie A,1617,2017-05-13 Atalanta-AC Milan,Atalanta,Etrit Berisha,True,Goalkeeper,,start,end,1.0,0.0,0.0,0.0,0.0,0.0,0.0,1.0,3.0,0.0,0.0,0.0,0.0,0.0,
ITA-Serie A,1617,2017-05-13 Fiorentina-Lazio,Fiorentina,Ciprian Tatarusanu,True,Goalkeeper,1,start,end,1.0,0.0,0.0,0.0,0.0,0.0,0.0,2.0,3.0,0.0,0.0,0.0,0.0,0.0,
ITA-Serie A,1617,2017-05-13 Fiorentina-Lazio,Lazio,Thomas Strakosha,False,Goalkeeper,1,start,end,1.0,0.0,0.0,0.0,0.0,0.0,0.0,3.0,7.0,0.0,0.0,0.0,0.0,0.0,
ITA-Serie A,1617,2017-05-14 AS Roma-Juventus,AS Roma,Wojciech Szczesny,True,Goalkeeper,1,start,end,1.0,0.0,0.0,0.0,0.0,0.0,0.0,1.0,4.0,0.0,0.0,0.0,0.0,0.0,
ITA-Serie A,1617,2017-05-14 AS Roma-Juventus,Juventus,Gianluigi Buffon,False,Goalkeeper,1,start,end,1.0,0.0,0.0,0.0,0.0,0.0,0.0,3.0,4.0,0.0,0.0,0.0,0.0,0.0,
ITA-Serie A,1617,2017-05-14 Bologna-Pescara,Bologna,Antonio Mirante,True,Goalkeeper,1,start,end,1.0,0.0,0.0,0.0,0.0,0.0,0.0,1.0,3.0,0.0,0.0,0.0,0.0,0.0,
ITA-Serie A,1617,2017-05-14 Bologna-Pescara,Pescara,Vincenzo Fiorillo,False,Goalkeeper,1,start,end,1.0,0.0,0.0,0.0,0.0,0.0,0.0,3.0,4.0,0.0,0.0,0.0,0.0,0.0,
ITA-Serie A,1617,2017-05-14 Cagliari-Empoli,Cagliari,Rafael,True,Goalkeeper,1,start,end,1.0,0.0,0.0,0.0,0.0,0.0,0.0,2.0,1.0,0.0,0.0,0.0,0.0,0.0,
ITA-Serie A,1617,2017-05-14 Cagliari-Empoli,Empoli,Lukasz Skorupski,False,Goalkeeper,1,start,end,1.0,0.0,0.0,0.0,0.0,0.0,0.0,3.0,3.0,0.0,0.0,0.0,0.0,0.0,
ITA-Serie A,1617,2017-05-14 Crotone-Udinese,Crotone,Alex Cordaz,True,Goalkeeper,1,start,end,1.0,0.0,0.0,0.0,0.0,0.0,0.0,0.0,4.0,0.0,0.0,0.0,0.0,0.0,
ITA-Serie A,1617,2017-05-14 Crotone-Udinese,Udinese,Simone Scuffet,False,Goalkeeper,1,start,end,1.0,0.0,0.0,0.0,0.0,0.0,0.0,1.0,6.0,0.0,0.0,0.0,0.0,0.0,
ITA-Serie A,1617,2017-05-14 Internazionale-Sassuolo,Internazionale,Samir Handanovic,True,Goalkeeper,1,start,end,1.0,0.0,0.0,0.0,0.0,0.0,0.0,2.0,2.0,0.0,0.0,0.0,0.0,0.0,
ITA-Serie A,1617,2017-05-14 Internazionale-Sassuolo,Sassuolo,Andrea Consigli,False,Goalkeeper,1,start,end,1.0,0.0,0.0,0.0,0.0,0.0,0.0,1.0,6.0,0.0,0.0,0.0,0.0,0.0,
ITA-Serie A,1617,2017-05-14 Palermo-Genoa,Genoa,Eugenio Lamanna,False,Goalkeeper,1,start,end,1.0,0.0,0.0,0.0,0.0,0.0,0.0,1.0,2.0,0.0,0.0,0.0,0.0,0.0,
ITA-Serie A,1617,2017-05-14 Palermo-Genoa,Palermo,Andrea Fulignati,True,Goalkeeper,1,start,end,1.0,0.0,2.0,0.0,0.0,0.0,0.0,0.0,2.0,0.0,0.0,0.0,0.0,0.0,
ITA-Serie A,1617,2017-05-14 Sampdoria-Chievo Verona,Chievo Verona,Stefano Sorrentino,False,Goalkeeper,,start,end,1.0,0.0,0.0,0.0,0.0,0.0,0.0,1.0,2.0,0.0,0.0,0.0,0.0,0.0,
ITA-Serie A,1617,2017-05-14 Sampdoria-Chievo Verona,Sampdoria,Christian Puggioni,True,Goalkeeper,,start,end,1.0,0.0,0.0,0.0,0.0,0.0,0.0,1.0,0.0,0.0,0.0,0.0,0.0,0.0,
ITA-Serie A,1617,2017-05-14 Torino-Napoli,Napoli,Pepe Reina,False,Goalkeeper,1,start,end,1.0,0.0,0.0,0.0,0.0,0.0,0.0,0.0,1.0,0.0,0.0,0.0,0.0,0.0,
ITA-Serie A,1617,2017-05-14 Torino-Napoli,Torino,Joe Hart,True,Goalkeeper,1,start,end,1.0,0.0,0.0,0.0,0.0,0.0,0.0,5.0,1.0,0.0,0.0,0.0,0.0,0.0,
ITA-Serie A,1617,2017-05-20 Chievo Verona-AS Roma,AS Roma,Wojciech Szczesny,False,Goalkeeper,1,start,end,1.0,0.0,0.0,0.0,0.0,0.0,0.0,3.0,1.0,0.0,0.0,0.0,0.0,0.0,
ITA-Serie A,1617,2017-05-20 Chievo Verona-AS Roma,Chievo Verona,Stefano Sorrentino,True,Goalkeeper,1,start,end,1.0,0.0,0.0,0.0,0.0,0.0,0.0,5.0,6.0,0.0,0.0,0.0,0.0,0.0,
ITA-Serie A,1617,2017-05-20 Napoli-Fiorentina,Fiorentina,Ciprian Tatarusanu,False,Goalkeeper,1,start,end,1.0,0.0,0.0,0.0,0.0,0.0,0.0,4.0,5.0,0.0,0.0,0.0,0.0,0.0,
ITA-Serie A,1617,2017-05-20 Napoli-Fiorentina,Napoli,Pepe Reina,True,Goalkeeper,1,start,end,1.0,0.0,0.0,0.0,0.0,0.0,0.0,1.0,4.0,0.0,0.0,0.0,0.0,0.0,
ITA-Serie A,1617,2017-05-21 AC Milan-Bologna,AC Milan,Gianluigi Donnarumma,True,Goalkeeper,1,start,end,1.0,0.0,0.0,0.0,0.0,0.0,0.0,0.0,0.0,0.0,0.0,0.0,0.0,0.0,
ITA-Serie A,1617,2017-05-21 AC Milan-Bologna,Bologna,Antonio Mirante,False,Goalkeeper,1,start,end,1.0,0.0,0.0,0.0,0.0,0.0,0.0,3.0,3.0,0.0,0.0,0.0,0.0,0.0,
ITA-Serie A,1617,2017-05-21 Empoli-Atalanta,Atalanta,Pierluigi Gollini,False,Goalkeeper,1,start,end,1.0,0.0,0.0,0.0,0.0,0.0,0.0,0.0,1.0,0.0,0.0,0.0,0.0,0.0,
ITA-Serie A,1617,2017-05-21 Empoli-Atalanta,Empoli,Lukasz Skorupski,True,Goalkeeper,1,start,end,1.0,0.0,0.0,0.0,0.0,0.0,0.0,1.0,4.0,0.0,0.0,0.0,0.0,0.0,
ITA-Serie A,1617,2017-05-21 Genoa-Torino,Genoa,Eugenio Lamanna,True,Goalkeeper,1,start,end,1.0,0.0,0.0,0.0,0.0,0.0,0.0,1.0,0.0,0.0,0.0,0.0,0.0,0.0,
ITA-Serie A,1617,2017-05-21 Genoa-Torino,Torino,Joe Hart,False,Goalkeeper,1,start,end,1.0,0.0,0.0,0.0,0.0,0.0,0.0,2.0,2.0,0.0,0.0,0.0,0.0,0.0,
ITA-Serie A,1617,2017-05-21 Juventus-Crotone,Crotone,Alex Cordaz,False,Goalkeeper,1,start,end,1.0,0.0,0.0,0.0,0.0,0.0,0.0,3.0,4.0,0.0,0.0,0.0,0.0,0.0,
ITA-Serie A,1617,2017-05-21 Juventus-Crotone,Juventus,Gianluigi Buffon,True,Goalkeeper,1,start,end,1.0,0.0,0.0,0.0,0.0,0.0,0.0,0.0,2.0,0.0,0.0,0.0,0.0,0.0,
ITA-Serie A,1617,2017-05-21 Lazio-Internazionale,Internazionale,Samir Handanovic,False,Goalkeeper,1,start,end,1.0,0.0,0.0,0.0,0.0,0.0,0.0,1.0,0.0,0.0,0.0,0.0,0.0,0.0,
ITA-Serie A,1617,2017-05-21 Lazio-Internazionale,Lazio,Ivan Vargic,True,Goalkeeper,1,start,end,1.0,0.0,0.0,0.0,0.0,0.0,0.0,3.0,0.0,0.0,0.0,0.0,0.0,0.0,
ITA-Serie A,1617,2017-05-21 Sassuolo-Cagliari,Cagliari,Rafael,False,Goalkeeper,1,start,end,1.0,0.0,2.0,0.0,0.0,0.0,0.0,6.0,3.0,0.0,0.0,0.0,0.0,0.0,
ITA-Serie A,1617,2017-05-21 Sassuolo-Cagliari,Sassuolo,Andrea Consigli,True,Goalkeeper,1,start,end,1.0,0.0,0.0,0.0,0.0,0.0,0.0,2.0,3.0,0.0,0.0,0.0,0.0,0.0,
ITA-Serie A,1617,2017-05-21 Udinese-Sampdoria,Sampdoria,Christian Puggioni,False,Goalkeeper,,start,end,1.0,0.0,0.0,0.0,0.0,0.0,0.0,1.0,2.0,0.0,0.0,0.0,0.0,0.0,
ITA-Serie A,1617,2017-05-21 Udinese-Sampdoria,Udinese,Simone Scuffet,True,Goalkeeper,,start,end,1.0,0.0,0.0,0.0,0.0,0.0,0.0,1.0,3.0,0.0,0.0,0.0,0.0,0.0,
ITA-Serie A,1617,2017-05-22 Pescara-Palermo,Palermo,Andrea Fulignati,False,Goalkeeper,1,start,end,1.0,0.0,1.0,0.0,0.0,0.0,0.0,2.0,2.0,0.0,0.0,0.0,0.0,0.0,
ITA-Serie A,1617,2017-05-22 Pescara-Palermo,Pescara,Vincenzo Fiorillo,True,Goalkeeper,1,start,end,1.0,0.0,0.0,0.0,0.0,0.0,0.0,0.0,3.0,0.0,0.0,0.0,0.0,0.0,
ITA-Serie A,1617,2017-05-27 Atalanta-Chievo Verona,Atalanta,Pierluigi Gollini,True,Goalkeeper,1,start,end,1.0,0.0,0.0,0.0,0.0,0.0,0.0,0.0,3.0,0.0,0.0,0.0,0.0,0.0,
ITA-Serie A,1617,2017-05-27 Atalanta-Chievo Verona,Chievo Verona,Andrea Seculin,False,Goalkeeper,1,start,end,1.0,0.0,0.0,0.0,0.0,0.0,0.0,1.0,5.0,0.0,0.0,0.0,0.0,0.0,
ITA-Serie A,1617,2017-05-27 Bologna-Juventus,Bologna,Angelo da Costa,True,Goalkeeper,1,start,end,1.0,0.0,0.0,0.0,0.0,0.0,0.0,2.0,5.0,0.0,0.0,0.0,0.0,0.0,
ITA-Serie A,1617,2017-05-27 Bologna-Juventus,Juventus,Emil Audero,False,Goalkeeper,1,start,end,1.0,0.0,0.0,0.0,0.0,0.0,0.0,1.0,1.0,0.0,0.0,0.0,0.0,0.0,
ITA-Serie A,1617,2017-05-28 AS Roma-Genoa,AS Roma,Wojciech Szczesny,True,Goalkeeper,1,start,end,1.0,0.0,0.0,0.0,0.0,0.0,0.0,2.0,2.0,0.0,0.0,0.0,0.0,0.0,
ITA-Serie A,1617,2017-05-28 AS Roma-Genoa,Genoa,Eugenio Lamanna,False,Goalkeeper,1,start,end,1.0,0.0,0.0,0.0,0.0,0.0,0.0,3.0,4.0,0.0,0.0,0.0,0.0,0.0,
ITA-Serie A,1617,2017-05-28 Cagliari-AC Milan,AC Milan,Gianluigi Donnarumma,False,Goalkeeper,1,start,end,1.0,0.0,0.0,0.0,0.0,0.0,0.0,2.0,7.0,0.0,0.0,0.0,0.0,0.0,
ITA-Serie A,1617,2017-05-28 Cagliari-AC Milan,Cagliari,Luca Crosta,True,Goalkeeper,1,start,end,1.0,1.0,0.0,0.0,0.0,0.0,0.0,1.0,6.0,0.0,0.0,0.0,0.0,0.0,
ITA-Serie A,1617,2017-05-28 Crotone-Lazio,Crotone,Alex Cordaz,True,Goalkeeper,1,start,end,1.0,0.0,0.0,0.0,0.0,0.0,0.0,1.0,2.0,0.0,0.0,0.0,0.0,0.0,
ITA-Serie A,1617,2017-05-28 Crotone-Lazio,Lazio,Thomas Strakosha,False,Goalkeeper,1,start,end,1.0,0.0,0.0,0.0,0.0,0.0,0.0,3.0,2.0,0.0,0.0,0.0,0.0,0.0,
ITA-Serie A,1617,2017-05-28 Fiorentina-Pescara,Fiorentina,Bartlomiej Dragowski,True,Goalkeeper,,start,end,1.0,0.0,0.0,0.0,0.0,0.0,0.0,2.0,3.0,0.0,0.0,0.0,0.0,0.0,
ITA-Serie A,1617,2017-05-28 Fiorentina-Pescara,Pescara,Vincenzo Fiorillo,False,Goalkeeper,,start,end,1.0,0.0,0.0,0.0,0.0,0.0,0.0,2.0,5.0,0.0,0.0,0.0,0.0,0.0,
ITA-Serie A,1617,2017-05-28 Internazionale-Udinese,Internazionale,Juan Pablo Carrizo,True,Goalkeeper,1,start,end,1.0,0.0,0.0,0.0,0.0,0.0,0.0,2.0,2.0,0.0,0.0,0.0,0.0,0.0,
ITA-Serie A,1617,2017-05-28 Internazionale-Udinese,Udinese,Simone Scuffet,False,Goalkeeper,1,start,end,1.0,0.0,0.0,0.0,0.0,0.0,0.0,5.0,2.0,0.0,0.0,0.0,0.0,0.0,
ITA-Serie A,1617,2017-05-28 Palermo-Empoli,Empoli,Alberto Pelagotti,False,Goalkeeper,1,start,end,1.0,0.0,0.0,0.0,0.0,0.0,0.0,2.0,3.0,0.0,0.0,0.0,0.0,0.0,
ITA-Serie A,1617,2017-05-28 Palermo-Empoli,Palermo,Andrea Fulignati,True,Goalkeeper,1,start,end,1.0,0.0,0.0,0.0,0.0,0.0,0.0,1.0,3.0,0.0,0.0,0.0,0.0,0.0,
ITA-Serie A,1617,2017-05-28 Sampdoria-Napoli,Napoli,Pepe Reina,False,Goalkeeper,1,start,end,1.0,0.0,0.0,0.0,0.0,0.0,0.0,2.0,0.0,0.0,0.0,0.0,0.0,0.0,
ITA-Serie A,1617,2017-05-28 Sampdoria-Napoli,Sampdoria,Christian Puggioni,True,Goalkeeper,1,start,end,1.0,0.0,0.0,0.0,0.0,0.0,0.0,4.0,3.0,0.0,0.0,0.0,0.0,0.0,
ITA-Serie A,1617,2017-05-28 Torino-Sassuolo,Sassuolo,Gianluca Pegolo,False,Goalkeeper,1,start,end,1.0,0.0,0.0,0.0,0.0,0.0,0.0,5.0,4.0,0.0,0.0,0.0,0.0,0.0,
ITA-Serie A,1617,2017-05-28 Torino-Sassuolo,Torino,Joe Hart,True,Goalkeeper,1,start,end,1.0,0.0,0.0,0.0,0.0,0.0,0.0,3.0,4.0,0.0,0.0,0.0,0.0,0.0,
