league,season,game,team,player,is_home,position,formation_place,sub_in,sub_out,appearances,fouls_committed,fouls_suffered,own_goals,red_cards,sub_ins,yellow_cards,goals_conceded,saves,shots_faced,goal_assists,shots_on_target,total_goals,total_shots,offsides
ENG-Premier League,1617,2016-08-13 Burnley-Swansea City,Burnley,Tom Heaton,True,Goalkeeper,1,start,end,1.0,0.0,0.0,0.0,0.0,0.0,0.0,1.0,7.0,0.0,0.0,0.0,0.0,0.0,
ENG-Premier League,1617,2016-08-13 Burnley-Swansea City,Swansea City,Lukasz Fabianski,False,Goalkeeper,1,start,end,1.0,0.0,0.0,0.0,0.0,0.0,0.0,0.0,3.0,0.0,0.0,0.0,0.0,0.0,
ENG-Premier League,1617,2016-08-13 Crystal Palace-West Bromwich Albion,Crystal Palace,Wayne Hennessey,True,Goalkeeper,1,start,end,1.0,0.0,1.0,0.0,0.0,0.0,0.0,1.0,2.0,0.0,0.0,0.0,0.0,0.0,
ENG-Premier League,1617,2016-08-13 Crystal Palace-West Bromwich Albion,West Bromwich Albion,Ben Foster,False,Goalkeeper,1,start,end,1.0,0.0,0.0,0.0,0.0,0.0,0.0,0.0,4.0,0.0,0.0,0.0,0.0,0.0,
ENG-Premier League,1617,2016-08-13 Everton-Tottenham Hotspur,Everton,Maarten Stekelenburg,True,Goalkeeper,1,start,end,1.0,0.0,0.0,0.0,0.0,0.0,0.0,1.0,3.0,0.0,0.0,0.0,0.0,0.0,
ENG-Premier League,1617,2016-08-13 Everton-Tottenham Hotspur,Tottenham Hotspur,Hugo Lloris,False,Goalkeeper,1,start,35,1.0,0.0,0.0,0.0,0.0,0.0,0.0,1.0,3.0,0.0,0.0,0.0,0.0,0.0,
ENG-Premier League,1617,2016-08-13 Hull City-Leicester City,Hull City,Eldin Jakupovic,True,Goalkeeper,1,start,end,1.0,0.0,0.0,0.0,0.0,0.0,0.0,1.0,4.0,0.0,0.0,0.0,0.0,0.0,
ENG-Premier League,1617,2016-08-13 Hull City-Leicester City,Leicester City,Kasper Schmeichel,False,Goalkeeper,1,start,end,1.0,0.0,0.0,0.0,0.0,0.0,0.0,2.0,3.0,0.0,0.0,0.0,0.0,0.0,
ENG-Premier League,1617,2016-08-13 Manchester City-Sunderland,Manchester City,Wilfredo Caballero,True,Goalkeeper,1,start,end,1.0,0.0,0.0,0.0,0.0,0.0,0.0,1.0,2.0,0.0,0.0,0.0,0.0,0.0,
ENG-Premier League,1617,2016-08-13 Manchester City-Sunderland,Sunderland,Vito Mannone,False,Goalkeeper,1,start,end,1.0,0.0,0.0,0.0,0.0,0.0,0.0,2.0,3.0,0.0,0.0,0.0,0.0,0.0,
ENG-Premier League,1617,2016-08-13 Middlesbrough-Stoke City,Middlesbrough,Víctor Valdés,True,Goalkeeper,1,start,end,1.0,0.0,0.0,0.0,0.0,0.0,0.0,1.0,0.0,0.0,0.0,0.0,0.0,0.0,
ENG-Premier League,1617,2016-08-13 Middlesbrough-Stoke City,Stoke City,Shay Given,False,Goalkeeper,1,start,end,1.0,0.0,0.0,0.0,0.0,0.0,1.0,1.0,1.0,0.0,0.0,0.0,0.0,0.0,
ENG-Premier League,1617,2016-08-13 Southampton-Watford,Southampton,Fraser Forster,True,Goalkeeper,1,start,end,1.0,0.0,0.0,0.0,0.0,0.0,0.0,1.0,0.0,0.0,0.0,0.0,0.0,0.0,
ENG-Premier League,1617,2016-08-13 Southampton-Watford,Watford,Heurelho Gomes,False,Goalkeeper,1,start,end,1.0,0.0,0.0,0.0,0.0,0.0,1.0,1.0,6.0,0.0,0.0,0.0,0.0,0.0,
ENG-Premier League,1617,2016-08-14 AFC Bournemouth-Manchester United,AFC Bournemouth,Artur Boruc,True,Goalkeeper,1,start,end,1.0,0.0,0.0,0.0,0.0,0.0,0.0,3.0,4.0,0.0,0.0,0.0,0.0,0.0,
ENG-Premier League,1617,2016-08-14 AFC Bournemouth-Manchester United,Manchester United,David de Gea,False,Goalkeeper,1,start,end,1.0,0.0,0.0,0.0,0.0,0.0,0.0,1.0,2.0,0.0,0.0,0.0,0.0,0.0,
ENG-Premier League,1617,2016-08-14 Arsenal-Liverpool,Arsenal,Petr Cech,True,Goalkeeper,1,start,end,1.0,0.0,0.0,0.0,0.0,0.0,0.0,4.0,3.0,0.0,0.0,0.0,0.0,0.0,
ENG-Premier League,1617,2016-08-14 Arsenal-Liverpool,Liverpool,Simon Mignolet,False,Goalkeeper,1,start,end,1.0,0.0,0.0,0.0,0.0,0.0,0.0,3.0,2.0,0.0,0.0,0.0,0.0,0.0,
ENG-Premier League,1617,2016-08-15 Chelsea-West Ham United,Chelsea,Thibaut Courtois,True,Goalkeeper,1,start,end,1.0,0.0,1.0,0.0,0.0,0.0,0.0,1.0,2.0,0.0,0.0,0.0,0.0,0.0,
ENG-Premier League,1617,2016-08-15 Chelsea-West Ham United,West Ham United,Adrián,False,Goalkeeper,1,start,end,1.0,0.0,1.0,0.0,0.0,0.0,0.0,2.0,4.0,0.0,0.0,0.0,0.0,0.0,
ENG-Premier League,1617,2016-08-19 Manchester United-Southampton,Manchester United,David de Gea,True,Goalkeeper,1,start,end,1.0,0.0,0.0,0.0,0.0,0.0,0.0,0.0,1.0,0.0,0.0,0.0,0.0,0.0,
ENG-Premier League,1617,2016-08-19 Manchester United-Southampton,Southampton,Fraser Forster,False,Goalkeeper,1,start,end,1.0,0.0,0.0,0.0,0.0,0.0,0.0,2.0,3.0,0.0,0.0,0.0,0.0,0.0,
ENG-Premier League,1617,2016-08-20 Burnley-Liverpool,Burnley,Tom Heaton,True,Goalkeeper,1,start,end,1.0,0.0,0.0,0.0,0.0,0.0,0.0,0.0,5.0,0.0,0.0,0.0,0.0,0.0,
ENG-Premier League,1617,2016-08-20 Burnley-Liverpool,Liverpool,Simon Mignolet,False,Goalkeeper,1,start,end,1.0,0.0,0.0,0.0,0.0,0.0,0.0,2.0,0.0,0.0,0.0,0.0,0.0,0.0,
ENG-Premier League,1617,2016-08-20 Leicester City-Arsenal,Arsenal,Petr Cech,False,Goalkeeper,1,start,end,1.0,0.0,0.0,0.0,0.0,0.0,0.0,0.0,1.0,0.0,0.0,0.0,0.0,0.0,
ENG-Premier League,1617,2016-08-20 Leicester City-Arsenal,Leicester City,Kasper Schmeichel,True,Goalkeeper,1,start,end,1.0,0.0,0.0,0.0,0.0,0.0,0.0,0.0,4.0,0.0,0.0,0.0,0.0,0.0,
ENG-Premier League,1617,2016-08-20 Stoke City-Manchester City,Manchester City,Wilfredo Caballero,False,Goalkeeper,1,start,end,1.0,0.0,0.0,0.0,0.0,0.0,0.0,1.0,2.0,0.0,0.0,0.0,0.0,0.0,
ENG-Premier League,1617,2016-08-20 Stoke City-Manchester City,Stoke City,Shay Given,True,Goalkeeper,1,start,end,1.0,0.0,0.0,0.0,0.0,0.0,0.0,4.0,2.0,0.0,0.0,0.0,0.0,0.0,
ENG-Premier League,1617,2016-08-20 Swansea City-Hull City,Hull City,Eldin Jakupovic,False,Goalkeeper,1,start,end,1.0,0.0,0.0,0.0,0.0,0.0,0.0,0.0,3.0,0.0,0.0,0.0,0.0,0.0,
ENG-Premier League,1617,2016-08-20 Swansea City-Hull City,Swansea City,Lukasz Fabianski,True,Goalkeeper,1,start,end,1.0,0.0,0.0,0.0,0.0,0.0,0.0,2.0,2.0,0.0,0.0,0.0,0.0,0.0,
ENG-Premier League,1617,2016-08-20 Tottenham Hotspur-Crystal Palace,Crystal Palace,Wayne Hennessey,False,Goalkeeper,1,start,end,1.0,0.0,0.0,0.0,0.0,0.0,0.0,1.0,4.0,0.0,0.0,0.0,0.0,0.0,
ENG-Premier League,1617,2016-08-20 Tottenham Hotspur-Crystal Palace,Tottenham Hotspur,Michel Vorm,True,Goalkeeper,1,start,end,1.0,0.0,0.0,0.0,0.0,0.0,0.0,0.0,2.0,0.0,0.0,0.0,0.0,0.0,
ENG-Premier League,1617,2016-08-20 Watford-Chelsea,Chelsea,Thibaut Courtois,False,Goalkeeper,1,start,end,1.0,0.0,0.0,0.0,0.0,0.0,0.0,1.0,1.0,0.0,0.0,0.0,0.0,0.0,
ENG-Premier League,1617,2016-08-20 Watford-Chelsea,Watford,Heurelho Gomes,True,Goalkeeper,1,start,end,1.0,0.0,0.0,0.0,0.0,0.0,0.0,2.0,2.0,0.0,0.0,0.0,0.0,0.0,
ENG-Premier League,1617,2016-08-20 West Bromwich Albion-Everton,Everton,Maarten Stekelenburg,False,Goalkeeper,1,start,end,1.0,0.0,0.0,0.0,0.0,0.0,1.0,1.0,3.0,0.0,0.0,0.0,0.0,0.0,
ENG-Premier League,1617,2016-08-20 West Bromwich Albion-Everton,West Bromwich Albion,Ben Foster,True,Goalkeeper,1,start,end,1.0,0.0,0.0,0.0,0.0,0.0,0.0,2.0,5.0,0.0,0.0,0.0,0.0,1.0,
ENG-Premier League,1617,2016-08-21 Sunderland-Middlesbrough,Middlesbrough,Brad Guzan,False,Goalkeeper,1,start,end,1.0,0.0,0.0,0.0,0.0,0.0,0.0,1.0,4.0,0.0,0.0,0.0,0.0,0.0,
ENG-Premier League,1617,2016-08-21 Sunderland-Middlesbrough,Sunderland,Vito Mannone,True,Goalkeeper,1,start,end,1.0,0.0,0.0,0.0,0.0,0.0,0.0,2.0,1.0,0.0,0.0,0.0,0.0,0.0,
ENG-Premier League,1617,2016-08-21 West Ham United-AFC Bournemouth,AFC Bournemouth,Artur Boruc,False,Goalkeeper,1,start,end,1.0,0.0,0.0,0.0,0.0,0.0,0.0,1.0,1.0,0.0,0.0,0.0,0.0,0.0,
ENG-Premier League,1617,2016-08-21 West Ham United-AFC Bournemouth,West Ham United,Adrián,True,Goalkeeper,1,start,end,1.0,0.0,0.0,0.0,0.0,0.0,0.0,0.0,5.0,0.0,0.0,0.0,0.0,0.0,
ENG-Premier League,1617,2016-08-27 Chelsea-Burnley,Burnley,Tom Heaton,False,Goalkeeper,1,start,end,1.0,0.0,0.0,0.0,0.0,0.0,0.0,3.0,6.0,0.0,0.0,0.0,0.0,0.0,
ENG-Premier League,1617,2016-08-27 Chelsea-Burnley,Chelsea,Thibaut Courtois,True,Goalkeeper,1,start,end,1.0,0.0,0.0,0.0,0.0,0.0,0.0,0.0,0.0,0.0,0.0,0.0,0.0,0.0,
ENG-Premier League,1617,2016-08-27 Crystal Palace-AFC Bournemouth,AFC Bournemouth,Artur Boruc,False,Goalkeeper,1,start,end,1.0,0.0,0.0,0.0,0.0,0.0,1.0,1.0,3.0,0.0,0.0,0.0,0.0,0.0,
ENG-Premier League,1617,2016-08-27 Crystal Palace-AFC Bournemouth,Crystal Palace,Steve Mandanda,True,Goalkeeper,1,start,end,1.0,0.0,0.0,0.0,0.0,0.0,0.0,1.0,2.0,0.0,0.0,0.0,0.0,0.0,
ENG-Premier League,1617,2016-08-27 Everton-Stoke City,Everton,Maarten Stekelenburg,True,Goalkeeper,1,start,end,1.0,0.0,0.0,0.0,0.0,0.0,0.0,0.0,1.0,0.0,0.0,0.0,0.0,0.0,
ENG-Premier League,1617,2016-08-27 Everton-Stoke City,Stoke City,Shay Given,False,Goalkeeper,1,start,end,1.0,0.0,0.0,1.0,0.0,0.0,0.0,1.0,8.0,0.0,0.0,0.0,0.0,0.0,
ENG-Premier League,1617,2016-08-27 Hull City-Manchester United,Hull City,Eldin Jakupovic,True,Goalkeeper,1,start,end,1.0,0.0,0.0,0.0,0.0,0.0,0.0,1.0,8.0,0.0,0.0,0.0,0.0,0.0,
ENG-Premier League,1617,2016-08-27 Hull City-Manchester United,Manchester United,David de Gea,False,Goalkeeper,1,start,end,1.0,0.0,0.0,0.0,0.0,0.0,0.0,0.0,2.0,0.0,0.0,0.0,0.0,0.0,
ENG-Premier League,1617,2016-08-27 Leicester City-Swansea City,Leicester City,Kasper Schmeichel,True,Goalkeeper,1,start,57,1.0,0.0,0.0,0.0,0.0,0.0,0.0,0.0,2.0,0.0,0.0,0.0,0.0,0.0,
ENG-Premier League,1617,2016-08-27 Leicester City-Swansea City,Swansea City,Lukasz Fabianski,False,Goalkeeper,1,start,end,1.0,0.0,1.0,0.0,0.0,0.0,0.0,2.0,4.0,0.0,0.0,0.0,0.0,0.0,
ENG-Premier League,1617,2016-08-27 Southampton-Sunderland,Southampton,Fraser Forster,True,Goalkeeper,1,start,end,1.0,0.0,0.0,0.0,0.0,0.0,0.0,1.0,1.0,0.0,0.0,0.0,0.0,0.0,
ENG-Premier League,1617,2016-08-27 Southampton-Sunderland,Sunderland,Jordan Pickford,False,Goalkeeper,1,start,end,1.0,0.0,1.0,0.0,0.0,0.0,0.0,1.0,6.0,0.0,0.0,0.0,0.0,0.0,
ENG-Premier League,1617,2016-08-27 Tottenham Hotspur-Liverpool,Liverpool,Simon Mignolet,False,Goalkeeper,1,start,end,1.0,0.0,0.0,0.0,0.0,0.0,0.0,1.0,3.0,0.0,0.0,0.0,0.0,0.0,
ENG-Premier League,1617,2016-08-27 Tottenham Hotspur-Liverpool,Tottenham Hotspur,Michel Vorm,True,Goalkeeper,1,start,end,1.0,0.0,0.0,0.0,0.0,0.0,0.0,1.0,2.0,0.0,0.0,0.0,0.0,0.0,
ENG-Premier League,1617,2016-08-27 Watford-Arsenal,Arsenal,Petr Cech,False,Goalkeeper,1,start,end,1.0,0.0,0.0,0.0,0.0,0.0,0.0,1.0,6.0,0.0,0.0,0.0,0.0,0.0,
ENG-Premier League,1617,2016-08-27 Watford-Arsenal,Watford,Heurelho Gomes,True,Goalkeeper,1,start,end,1.0,0.0,0.0,0.0,0.0,0.0,0.0,3.0,4.0,0.0,0.0,0.0,0.0,0.0,
ENG-Premier League,1617,2016-08-28 Manchester City-West Ham United,Manchester City,Wilfredo Caballero,True,Goalkeeper,1,start,end,1.0,0.0,1.0,0.0,0.0,0.0,0.0,1.0,1.0,0.0,0.0,0.0,0.0,0.0,
ENG-Premier League,1617,2016-08-28 Manchester City-West Ham United,West Ham United,Adrián,False,Goalkeeper,1,start,end,1.0,0.0,0.0,0.0,0.0,0.0,0.0,3.0,3.0,0.0,0.0,0.0,0.0,0.0,
ENG-Premier League,1617,2016-08-28 West Bromwich Albion-Middlesbrough,Middlesbrough,Brad Guzan,False,Goalkeeper,1,start,end,1.0,0.0,0.0,0.0,0.0,0.0,0.0,0.0,2.0,0.0,0.0,0.0,0.0,0.0,
ENG-Premier League,1617,2016-08-28 West Bromwich Albion-Middlesbrough,West Bromwich Albion,Ben Foster,True,Goalkeeper,1,start,end,1.0,0.0,0.0,0.0,0.0,0.0,0.0,0.0,2.0,0.0,0.0,0.0,0.0,0.0,
ENG-Premier League,1617,2016-09-10 AFC Bournemouth-West Bromwich Albion,AFC Bournemouth,Artur Boruc,True,Goalkeeper,1,start,end,1.0,0.0,0.0,0.0,0.0,0.0,0.0,0.0,2.0,0.0,0.0,0.0,0.0,0.0,
ENG-Premier League,1617,2016-09-10 AFC Bournemouth-West Bromwich Albion,West Bromwich Albion,Ben Foster,False,Goalkeeper,1,start,end,1.0,0.0,0.0,0.0,0.0,0.0,0.0,1.0,4.0,0.0,0.0,0.0,0.0,0.0,
ENG-Premier League,1617,2016-09-10 Arsenal-Southampton,Arsenal,Petr Cech,True,Goalkeeper,1,start,end,1.0,0.0,0.0,1.0,0.0,0.0,0.0,1.0,5.0,0.0,0.0,0.0,0.0,0.0,
ENG-Premier League,1617,2016-09-10 Arsenal-Southampton,Southampton,Fraser Forster,False,Goalkeeper,1,start,end,1.0,0.0,0.0,0.0,0.0,0.0,1.0,2.0,0.0,0.0,0.0,0.0,0.0,0.0,
ENG-Premier League,1617,2016-09-10 Burnley-Hull City,Burnley,Tom Heaton,True,Goalkeeper,1,start,end,1.0,0.0,0.0,0.0,0.0,0.0,0.0,1.0,2.0,0.0,0.0,0.0,0.0,0.0,
ENG-Premier League,1617,2016-09-10 Burnley-Hull City,Hull City,Eldin Jakupovic,False,Goalkeeper,1,start,end,1.0,0.0,0.0,0.0,0.0,0.0,0.0,1.0,1.0,0.0,0.0,0.0,0.0,0.0,
ENG-Premier League,1617,2016-09-10 Liverpool-Leicester City,Leicester City,Kasper Schmeichel,False,Goalkeeper,1,start,end,1.0,0.0,0.0,0.0,0.0,0.0,0.0,4.0,7.0,0.0,0.0,0.0,0.0,0.0,
ENG-Premier League,1617,2016-09-10 Liverpool-Leicester City,Liverpool,Simon Mignolet,True,Goalkeeper,1,start,end,1.0,0.0,1.0,0.0,0.0,0.0,0.0,1.0,2.0,0.0,0.0,0.0,0.0,0.0,
ENG-Premier League,1617,2016-09-10 Manchester United-Manchester City,Manchester City,Claudio Bravo,False,Goalkeeper,1,start,end,1.0,0.0,2.0,0.0,0.0,0.0,0.0,1.0,1.0,0.0,0.0,0.0,0.0,0.0,
ENG-Premier League,1617,2016-09-10 Manchester United-Manchester City,Manchester United,David de Gea,True,Goalkeeper,1,start,end,1.0,0.0,0.0,0.0,0.0,0.0,0.0,2.0,4.0,0.0,0.0,0.0,0.0,0.0,
ENG-Premier League,1617,2016-09-10 Middlesbrough-Crystal Palace,Crystal Palace,Steve Mandanda,False,Goalkeeper,1,start,end,1.0,0.0,1.0,0.0,0.0,0.0,0.0,1.0,3.0,0.0,0.0,0.0,0.0,0.0,
ENG-Premier League,1617,2016-09-10 Middlesbrough-Crystal Palace,Middlesbrough,Víctor Valdés,True,Goalkeeper,1,start,end,1.0,0.0,0.0,0.0,0.0,0.0,0.0,2.0,2.0,0.0,0.0,0.0,0.0,0.0,
ENG-Premier League,1617,2016-09-10 Stoke City-Tottenham Hotspur,Stoke City,Shay Given,True,Goalkeeper,1,start,end,1.0,0.0,1.0,0.0,0.0,0.0,0.0,4.0,5.0,0.0,0.0,0.0,0.0,0.0,
ENG-Premier League,1617,2016-09-10 Stoke City-Tottenham Hotspur,Tottenham Hotspur,Hugo Lloris,False,Goalkeeper,1,start,end,1.0,0.0,0.0,0.0,0.0,0.0,0.0,0.0,2.0,0.0,0.0,0.0,0.0,0.0,
ENG-Premier League,1617,2016-09-10 West Ham United-Watford,Watford,Heurelho Gomes,False,Goalkeeper,1,start,end,1.0,0.0,0.0,0.0,0.0,0.0,0.0,2.0,2.0,0.0,0.0,0.0,0.0,0.0,
ENG-Premier League,1617,2016-09-10 West Ham United-Watford,West Ham United,Adrián,True,Goalkeeper,1,start,end,1.0,0.0,0.0,0.0,0.0,0.0,0.0,4.0,4.0,0.0,0.0,0.0,0.0,0.0,
ENG-Premier League,1617,2016-09-11 Swansea City-Chelsea,Chelsea,Thibaut Courtois,False,Goalkeeper,1,start,end,1.0,1.0,0.0,0.0,0.0,0.0,1.0,2.0,0.0,0.0,0.0,0.0,0.0,0.0,
ENG-Premier League,1617,2016-09-11 Swansea City-Chelsea,Swansea City,Lukasz Fabianski,True,Goalkeeper,1,start,end,1.0,0.0,0.0,0.0,0.0,0.0,0.0,2.0,5.0,0.0,0.0,0.0,0.0,0.0,
ENG-Premier League,1617,2016-09-12 Sunderland-Everton,Everton,Maarten Stekelenburg,False,Goalkeeper,1,start,end,1.0,0.0,0.0,0.0,0.0,0.0,0.0,0.0,2.0,0.0,0.0,0.0,0.0,0.0,
ENG-Premier League,1617,2016-09-12 Sunderland-Everton,Sunderland,Jordan Pickford,True,Goalkeeper,1,start,end,1.0,0.0,0.0,0.0,0.0,0.0,0.0,3.0,6.0,0.0,0.0,0.0,0.0,0.0,
ENG-Premier League,1617,2016-09-16 Chelsea-Liverpool,Chelsea,Thibaut Courtois,True,Goalkeeper,1,start,end,1.0,0.0,0.0,0.0,0.0,0.0,0.0,2.0,3.0,0.0,0.0,0.0,0.0,0.0,
ENG-Premier League,1617,2016-09-16 Chelsea-Liverpool,Liverpool,Simon Mignolet,False,Goalkeeper,1,start,end,1.0,0.0,0.0,0.0,0.0,0.0,0.0,1.0,3.0,0.0,0.0,0.0,0.0,0.0,
ENG-Premier League,1617,2016-09-17 Everton-Middlesbrough,Everton,Maarten Stekelenburg,True,Goalkeeper,1,start,end,1.0,0.0,0.0,1.0,0.0,0.0,1.0,1.0,0.0,0.0,0.0,0.0,0.0,0.0,
ENG-Premier League,1617,2016-09-17 Everton-Middlesbrough,Middlesbrough,Víctor Valdés,False,Goalkeeper,1,start,end,1.0,0.0,0.0,0.0,0.0,0.0,0.0,3.0,3.0,0.0,0.0,0.0,0.0,0.0,
ENG-Premier League,1617,2016-09-17 Hull City-Arsenal,Arsenal,Petr Cech,False,Goalkeeper,1,start,end,1.0,1.0,1.0,0.0,0.0,0.0,1.0,1.0,1.0,0.0,0.0,0.0,0.0,0.0,
ENG-Premier League,1617,2016-09-17 Hull City-Arsenal,Hull City,Eldin Jakupovic,True,Goalkeeper,1,start,end,1.0,0.0,0.0,0.0,0.0,0.0,0.0,4.0,6.0,0.0,0.0,0.0,0.0,0.0,
ENG-Premier League,1617,2016-09-17 Leicester City-Burnley,Burnley,Tom Heaton,False,Goalkeeper,1,start,end,1.0,0.0,0.0,0.0,0.0,0.0,0.0,3.0,4.0,0.0,0.0,0.0,0.0,0.0,
ENG-Premier League,1617,2016-09-17 Leicester City-Burnley,Leicester City,Ron-Robert Zieler,True,Goalkeeper,1,start,end,1.0,0.0,0.0,0.0,0.0,0.0,0.0,0.0,2.0,0.0,0.0,0.0,0.0,0.0,
ENG-Premier League,1617,2016-09-17 Manchester City-AFC Bournemouth,AFC Bournemouth,Artur Boruc,False,Goalkeeper,1,start,end,1.0,0.0,0.0,0.0,0.0,0.0,0.0,4.0,7.0,0.0,0.0,0.0,0.0,0.0,
ENG-Premier League,1617,2016-09-17 Manchester City-AFC Bournemouth,Manchester City,Claudio Bravo,True,Goalkeeper,1,start,end,1.0,0.0,0.0,0.0,0.0,0.0,0.0,0.0,2.0,0.0,0.0,0.0,0.0,0.0,
ENG-Premier League,1617,2016-09-17 West Bromwich Albion-West Ham United,West Bromwich Albion,Ben Foster,True,Goalkeeper,1,start,end,1.0,0.0,1.0,0.0,0.0,0.0,0.0,2.0,3.0,0.0,0.0,0.0,0.0,0.0,
ENG-Premier League,1617,2016-09-17 West Bromwich Albion-West Ham United,West Ham United,Adrián,False,Goalkeeper,1,start,end,1.0,0.0,0.0,0.0,0.0,0.0,0.0,4.0,2.0,0.0,0.0,0.0,0.0,0.0,
ENG-Premier League,1617,2016-09-18 Crystal Palace-Stoke City,Crystal Palace,Steve Mandanda,True,Goalkeeper,1,start,end,1.0,0.0,0.0,0.0,0.0,0.0,0.0,1.0,3.0,0.0,0.0,0.0,0.0,0.0,
ENG-Premier League,1617,2016-09-18 Crystal Palace-Stoke City,Stoke City,Shay Given,False,Goalkeeper,1,start,end,1.0,0.0,0.0,0.0,0.0,0.0,0.0,4.0,3.0,0.0,0.0,0.0,0.0,0.0,
ENG-Premier League,1617,2016-09-18 Southampton-Swansea City,Southampton,Fraser Forster,True,Goalkeeper,1,start,end,1.0,0.0,0.0,0.0,0.0,0.0,0.0,0.0,3.0,0.0,0.0,0.0,0.0,0.0,
ENG-Premier League,1617,2016-09-18 Southampton-Swansea City,Swansea City,Lukasz Fabianski,False,Goalkeeper,1,start,end,1.0,0.0,0.0,0.0,0.0,0.0,0.0,1.0,5.0,0.0,0.0,0.0,0.0,0.0,
ENG-Premier League,1617,2016-09-18 Tottenham Hotspur-Sunderland,Sunderland,Jordan Pickford,False,Goalkeeper,1,start,end,1.0,0.0,0.0,0.0,0.0,0.0,0.0,1.0,8.0,0.0,0.0,0.0,0.0,0.0,
ENG-Premier League,1617,2016-09-18 Tottenham Hotspur-Sunderland,Tottenham Hotspur,Hugo Lloris,True,Goalkeeper,1,start,end,1.0,0.0,0.0,0.0,0.0,0.0,0.0,0.0,1.0,0.0,0.0,0.0,0.0,0.0,
ENG-Premier League,1617,2016-09-18 Watford-Manchester United,Manchester United,David de Gea,False,Goalkeeper,1,start,end,1.0,0.0,0.0,0.0,0.0,0.0,0.0,3.0,2.0,0.0,0.0,0.0,0.0,0.0,
ENG-Premier League,1617,2016-09-18 Watford-Manchester United,Watford,Heurelho Gomes,True,Goalkeeper,1,start,end,1.0,0.0,0.0,0.0,0.0,0.0,0.0,1.0,1.0,0.0,0.0,0.0,0.0,0.0,
ENG-Premier League,1617,2016-09-24 AFC Bournemouth-Everton,AFC Bournemouth,Artur Boruc,True,Goalkeeper,1,start,end,1.0,0.0,0.0,0.0,0.0,0.0,0.0,0.0,2.0,0.0,0.0,0.0,0.0,0.0,
ENG-Premier League,1617,2016-09-24 AFC Bournemouth-Everton,Everton,Maarten Stekelenburg,False,Goalkeeper,1,start,end,1.0,0.0,0.0,0.0,0.0,0.0,0.0,1.0,0.0,0.0,0.0,0.0,0.0,0.0,
ENG-Premier League,1617,2016-09-24 Arsenal-Chelsea,Arsenal,Petr Cech,True,Goalkeeper,1,start,end,1.0,0.0,0.0,0.0,0.0,0.0,0.0,0.0,2.0,0.0,0.0,0.0,0.0,0.0,
ENG-Premier League,1617,2016-09-24 Arsenal-Chelsea,Chelsea,Thibaut Courtois,False,Goalkeeper,1,start,end,1.0,0.0,0.0,0.0,0.0,0.0,0.0,3.0,2.0,0.0,0.0,0.0,0.0,0.0,
ENG-Premier League,1617,2016-09-24 Liverpool-Hull City,Hull City,David Marshall,False,Goalkeeper,1,start,end,1.0,0.0,0.0,0.0,0.0,0.0,0.0,5.0,6.0,0.0,0.0,0.0,0.0,0.0,
ENG-Premier League,1617,2016-09-24 Liverpool-Hull City,Liverpool,Loris Karius,True,Goalkeeper,1,start,end,1.0,0.0,0.0,0.0,0.0,0.0,0.0,1.0,0.0,0.0,0.0,0.0,0.0,0.0,
ENG-Premier League,1617,2016-09-24 Manchester United-Leicester City,Leicester City,Ron-Robert Zieler,False,Goalkeeper,1,start,end,1.0,0.0,0.0,0.0,0.0,0.0,0.0,4.0,3.0,0.0,0.0,0.0,0.0,0.0,
ENG-Premier League,1617,2016-09-24 Manchester United-Leicester City,Manchester United,David de Gea,True,Goalkeeper,1,start,end,1.0,0.0,0.0,0.0,0.0,0.0,0.0,1.0,2.0,0.0,0.0,0.0,0.0,0.0,
ENG-Premier League,1617,2016-09-24 Middlesbrough-Tottenham Hotspur,Middlesbrough,Víctor Valdés,True,Goalkeeper,1,start,end,1.0,0.0,0.0,0.0,0.0,0.0,0.0,2.0,3.0,0.0,0.0,0.0,0.0,0.0,
ENG-Premier League,1617,2016-09-24 Middlesbrough-Tottenham Hotspur,Tottenham Hotspur,Hugo Lloris,False,Goalkeeper,1,start,end,1.0,0.0,0.0,0.0,0.0,0.0,0.0,1.0,1.0,0.0,0.0,0.0,0.0,0.0,
ENG-Premier League,1617,2016-09-24 Stoke City-West Bromwich Albion,Stoke City,Lee Grant,True,Goalkeeper,1,start,end,1.0,0.0,0.0,0.0,0.0,0.0,0.0,1.0,2.0,0.0,0.0,0.0,0.0,0.0,
ENG-Premier League,1617,2016-09-24 Stoke City-West Bromwich Albion,West Bromwich Albion,Ben Foster,False,Goalkeeper,1,start,end,1.0,0.0,1.0,0.0,0.0,0.0,0.0,1.0,0.0,0.0,0.0,0.0,0.0,0.0,
ENG-Premier League,1617,2016-09-24 Sunderland-Crystal Palace,Crystal Palace,Steve Mandanda,False,Goalkeeper,1,start,end,1.0,0.0,0.0,0.0,0.0,0.0,0.0,2.0,2.0,0.0,0.0,0.0,0.0,0.0,
ENG-Premier League,1617,2016-09-24 Sunderland-Crystal Palace,Sunderland,Jordan Pickford,True,Goalkeeper,1,start,end,1.0,0.0,0.0,0.0,0.0,0.0,0.0,3.0,1.0,0.0,0.0,0.0,0.0,0.0,
ENG-Premier League,1617,2016-09-24 Swansea City-Manchester City,Manchester City,Claudio Bravo,False,Goalkeeper,1,start,end,1.0,0.0,0.0,0.0,0.0,0.0,0.0,1.0,4.0,0.0,0.0,0.0,0.0,0.0,
ENG-Premier League,1617,2016-09-24 Swansea City-Manchester City,Swansea City,Lukasz Fabianski,True,Goalkeeper,1,start,end,1.0,0.0,0.0,0.0,0.0,0.0,0.0,3.0,1.0,0.0,0.0,0.0,0.0,0.0,
ENG-Premier League,1617,2016-09-25 West Ham United-Southampton,Southampton,Fraser Forster,False,Goalkeeper,1,start,end,1.0,0.0,0.0,0.0,0.0,0.0,0.0,0.0,0.0,0.0,0.0,0.0,0.0,0.0,
ENG-Premier League,1617,2016-09-25 West Ham United-Southampton,West Ham United,Adrián,True,Goalkeeper,1,start,end,1.0,0.0,0.0,0.0,0.0,0.0,0.0,3.0,6.0,0.0,0.0,0.0,0.0,0.0,
ENG-Premier League,1617,2016-09-26 Burnley-Watford,Burnley,Tom Heaton,True,Goalkeeper,1,start,end,1.0,0.0,0.0,0.0,0.0,0.0,0.0,0.0,2.0,0.0,0.0,0.0,0.0,0.0,
ENG-Premier League,1617,2016-09-26 Burnley-Watford,Watford,Heurelho Gomes,False,Goalkeeper,1,start,end,1.0,0.0,0.0,0.0,0.0,0.0,0.0,2.0,2.0,0.0,0.0,0.0,0.0,0.0,
ENG-Premier League,1617,2016-09-30 Everton-Crystal Palace,Crystal Palace,Steve Mandanda,False,Goalkeeper,1,start,end,1.0,0.0,0.0,0.0,0.0,0.0,0.0,1.0,1.0,0.0,0.0,0.0,0.0,0.0,
ENG-Premier League,1617,2016-09-30 Everton-Crystal Palace,Everton,Maarten Stekelenburg,True,Goalkeeper,1,start,end,1.0,0.0,1.0,0.0,0.0,0.0,0.0,1.0,1.0,0.0,0.0,0.0,0.0,0.0,
ENG-Premier League,1617,2016-10-01 Hull City-Chelsea,Chelsea,Thibaut Courtois,False,Goalkeeper,1,start,end,1.0,0.0,1.0,0.0,0.0,0.0,0.0,0.0,2.0,0.0,0.0,0.0,0.0,0.0,
ENG-Premier League,1617,2016-10-01 Hull City-Chelsea,Hull City,David Marshall,True,Goalkeeper,1,start,end,1.0,0.0,0.0,0.0,0.0,0.0,0.0,2.0,6.0,0.0,0.0,0.0,0.0,0.0,
ENG-Premier League,1617,2016-10-01 Sunderland-West Bromwich Albion,Sunderland,Jordan Pickford,True,Goalkeeper,1,start,end,1.0,0.0,0.0,0.0,0.0,0.0,0.0,1.0,6.0,0.0,0.0,0.0,0.0,0.0,
ENG-Premier League,1617,2016-10-01 Sunderland-West Bromwich Albion,West Bromwich Albion,Ben Foster,False,Goalkeeper,1,start,end,1.0,0.0,0.0,0.0,0.0,0.0,0.0,1.0,2.0,0.0,0.0,0.0,0.0,0.0,
ENG-Premier League,1617,2016-10-01 Swansea City-Liverpool,Liverpool,Loris Karius,False,Goalkeeper,1,start,end,1.0,0.0,0.0,0.0,0.0,0.0,0.0,1.0,2.0,0.0,0.0,0.0,0.0,0.0,
ENG-Premier League,1617,2016-10-01 Swansea City-Liverpool,Swansea City,Lukasz Fabianski,True,Goalkeeper,1,start,end,1.0,0.0,0.0,0.0,0.0,0.0,0.0,2.0,5.0,0.0,0.0,0.0,0.0,0.0,
ENG-Premier League,1617,2016-10-01 Watford-AFC Bournemouth,AFC Bournemouth,Artur Boruc,False,Goalkeeper,1,start,end,1.0,0.0,1.0,0.0,0.0,0.0,0.0,2.0,5.0,0.0,0.0,0.0,0.0,0.0,
ENG-Premier League,1617,2016-10-01 Watford-AFC Bournemouth,Watford,Heurelho Gomes,True,Goalkeeper,1,start,end,1.0,0.0,0.0,0.0,0.0,0.0,0.0,2.0,0.0,0.0,0.0,0.0,0.0,0.0,
ENG-Premier League,1617,2016-10-01 West Ham United-Middlesbrough,Middlesbrough,Víctor Valdés,False,Goalkeeper,1,start,end,1.0,0.0,1.0,0.0,0.0,0.0,0.0,1.0,1.0,0.0,0.0,0.0,0.0,0.0,
ENG-Premier League,1617,2016-10-01 West Ham United-Middlesbrough,West Ham United,Adrián,True,Goalkeeper,1,start,end,1.0,0.0,0.0,0.0,0.0,0.0,0.0,1.0,1.0,0.0,0.0,0.0,0.0,0.0,
ENG-Premier League,1617,2016-10-02 Burnley-Arsenal,Arsenal,Petr Cech,False,Goalkeeper,1,start,end,1.0,0.0,0.0,0.0,0.0,0.0,0.0,0.0,1.0,0.0,0.0,0.0,0.0,0.0,
ENG-Premier League,1617,2016-10-02 Burnley-Arsenal,Burnley,Tom Heaton,True,Goalkeeper,1,start,end,1.0,0.0,0.0,0.0,0.0,0.0,0.0,1.0,2.0,0.0,0.0,0.0,0.0,0.0,
ENG-Premier League,1617,2016-10-02 Leicester City-Southampton,Leicester City,Kasper Schmeichel,True,Goalkeeper,1,start,end,1.0,0.0,0.0,0.0,0.0,0.0,0.0,0.0,5.0,0.0,0.0,0.0,0.0,0.0,
ENG-Premier League,1617,2016-10-02 Leicester City-Southampton,Southampton,Fraser Forster,False,Goalkeeper,1,start,end,1.0,0.0,0.0,0.0,0.0,0.0,0.0,0.0,1.0,0.0,0.0,0.0,0.0,0.0,
ENG-Premier League,1617,2016-10-02 Manchester United-Stoke City,Manchester United,David de Gea,True,Goalkeeper,1,start,end,1.0,0.0,0.0,0.0,0.0,0.0,0.0,1.0,5.0,0.0,0.0,0.0,0.0,0.0,
ENG-Premier League,1617,2016-10-02 Manchester United-Stoke City,Stoke City,Lee Grant,False,Goalkeeper,1,start,end,1.0,0.0,0.0,0.0,0.0,0.0,0.0,1.0,8.0,0.0,0.0,0.0,0.0,0.0,
ENG-Premier League,1617,2016-10-02 Tottenham Hotspur-Manchester City,Manchester City,Claudio Bravo,False,Goalkeeper,1,start,end,1.0,0.0,1.0,0.0,0.0,0.0,0.0,2.0,6.0,0.0,0.0,0.0,0.0,0.0,
ENG-Premier League,1617,2016-10-02 Tottenham Hotspur-Manchester City,Tottenham Hotspur,Hugo Lloris,True,Goalkeeper,1,start,end,1.0,0.0,0.0,0.0,0.0,0.0,0.0,0.0,6.0,0.0,0.0,0.0,0.0,0.0,
ENG-Premier League,1617,2016-10-15 AFC Bournemouth-Hull City,AFC Bournemouth,Artur Boruc,True,Goalkeeper,1,start,end,1.0,0.0,0.0,0.0,0.0,0.0,0.0,1.0,3.0,0.0,0.0,0.0,0.0,0.0,
ENG-Premier League,1617,2016-10-15 AFC Bournemouth-Hull City,Hull City,David Marshall,False,Goalkeeper,1,start,end,1.0,0.0,0.0,0.0,0.0,0.0,0.0,6.0,4.0,0.0,0.0,0.0,0.0,0.0,
ENG-Premier League,1617,2016-10-15 Arsenal-Swansea City,Arsenal,Petr Cech,True,Goalkeeper,1,start,end,1.0,0.0,0.0,0.0,0.0,0.0,0.0,2.0,4.0,0.0,0.0,0.0,0.0,0.0,
ENG-Premier League,1617,2016-10-15 Arsenal-Swansea City,Swansea City,Lukasz Fabianski,False,Goalkeeper,1,start,end,1.0,0.0,0.0,0.0,0.0,0.0,0.0,3.0,3.0,0.0,0.0,0.0,0.0,0.0,
ENG-Premier League,1617,2016-10-15 Chelsea-Leicester City,Chelsea,Thibaut Courtois,True,Goalkeeper,1,start,end,1.0,0.0,0.0,0.0,0.0,0.0,0.0,0.0,0.0,0.0,0.0,0.0,0.0,0.0,
ENG-Premier League,1617,2016-10-15 Chelsea-Leicester City,Leicester City,Kasper Schmeichel,False,Goalkeeper,1,start,end,1.0,0.0,0.0,0.0,0.0,0.0,0.0,3.0,4.0,0.0,0.0,0.0,0.0,0.0,
ENG-Premier League,1617,2016-10-15 Crystal Palace-West Ham United,Crystal Palace,Steve Mandanda,True,Goalkeeper,1,start,end,1.0,0.0,0.0,0.0,0.0,0.0,0.0,1.0,3.0,0.0,0.0,0.0,0.0,0.0,
ENG-Premier League,1617,2016-10-15 Crystal Palace-West Ham United,West Ham United,Adrián,False,Goalkeeper,1,start,end,1.0,0.0,1.0,0.0,0.0,0.0,0.0,0.0,3.0,0.0,0.0,0.0,0.0,0.0,
ENG-Premier League,1617,2016-10-15 Manchester City-Everton,Everton,Maarten Stekelenburg,False,Goalkeeper,1,start,end,1.0,0.0,0.0,0.0,0.0,0.0,0.0,1.0,7.0,0.0,0.0,0.0,0.0,0.0,
ENG-Premier League,1617,2016-10-15 Manchester City-Everton,Manchester City,Claudio Bravo,True,Goalkeeper,1,start,end,1.0,0.0,0.0,0.0,0.0,0.0,0.0,1.0,1.0,0.0,0.0,0.0,0.0,0.0,
ENG-Premier League,1617,2016-10-15 Stoke City-Sunderland,Stoke City,Lee Grant,True,Goalkeeper,1,start,end,1.0,0.0,0.0,0.0,0.0,0.0,0.0,0.0,1.0,0.0,0.0,0.0,0.0,0.0,
ENG-Premier League,1617,2016-10-15 Stoke City-Sunderland,Sunderland,Jordan Pickford,False,Goalkeeper,1,start,end,1.0,0.0,0.0,0.0,0.0,0.0,0.0,2.0,4.0,0.0,0.0,0.0,0.0,0.0,
ENG-Premier League,1617,2016-10-15 West Bromwich Albion-Tottenham Hotspur,Tottenham Hotspur,Hugo Lloris,False,Goalkeeper,1,start,end,1.0,0.0,0.0,0.0,0.0,0.0,0.0,1.0,3.0,0.0,0.0,0.0,0.0,0.0,
ENG-Premier League,1617,2016-10-15 West Bromwich Albion-Tottenham Hotspur,West Bromwich Albion,Ben Foster,True,Goalkeeper,1,start,end,1.0,0.0,0.0,0.0,0.0,0.0,0.0,1.0,7.0,0.0,0.0,0.0,0.0,0.0,
ENG-Premier League,1617,2016-10-16 Middlesbrough-Watford,Middlesbrough,Víctor Valdés,True,Goalkeeper,1,start,end,1.0,0.0,0.0,0.0,0.0,0.0,0.0,1.0,1.0,0.0,0.0,0.0,0.0,0.0,
ENG-Premier League,1617,2016-10-16 Middlesbrough-Watford,Watford,Heurelho Gomes,False,Goalkeeper,1,start,end,1.0,0.0,0.0,0.0,0.0,0.0,0.0,0.0,3.0,0.0,0.0,0.0,0.0,0.0,
ENG-Premier League,1617,2016-10-16 Southampton-Burnley,Burnley,Tom Heaton,False,Goalkeeper,1,start,end,1.0,0.0,0.0,0.0,0.0,0.0,0.0,3.0,11.0,0.0,0.0,0.0,0.0,0.0,
ENG-Premier League,1617,2016-10-16 Southampton-Burnley,Southampton,Fraser Forster,True,Goalkeeper,1,start,end,1.0,0.0,0.0,0.0,0.0,0.0,0.0,1.0,0.0,0.0,0.0,0.0,0.0,0.0,
ENG-Premier League,1617,2016-10-17 Liverpool-Manchester United,Liverpool,Loris Karius,True,Goalkeeper,1,start,end,1.0,0.0,0.0,0.0,0.0,0.0,0.0,0.0,1.0,0.0,0.0,0.0,0.0,0.0,
ENG-Premier League,1617,2016-10-17 Liverpool-Manchester United,Manchester United,David de Gea,False,Goalkeeper,1,start,end,1.0,0.0,0.0,0.0,0.0,0.0,0.0,0.0,3.0,0.0,0.0,0.0,0.0,0.0,
ENG-Premier League,1617,2016-10-22 AFC Bournemouth-Tottenham Hotspur,AFC Bournemouth,Artur Boruc,True,Goalkeeper,1,start,end,1.0,0.0,0.0,0.0,0.0,0.0,0.0,0.0,4.0,0.0,0.0,0.0,0.0,0.0,
ENG-Premier League,1617,2016-10-22 AFC Bournemouth-Tottenham Hotspur,Tottenham Hotspur,Hugo Lloris,False,Goalkeeper,1,start,end,1.0,0.0,0.0,0.0,0.0,0.0,0.0,0.0,1.0,0.0,0.0,0.0,0.0,0.0,
ENG-Premier League,1617,2016-10-22 Arsenal-Middlesbrough,Arsenal,Petr Cech,True,Goalkeeper,1,start,end,1.0,0.0,0.0,0.0,0.0,0.0,0.0,0.0,4.0,0.0,0.0,0.0,0.0,0.0,
ENG-Premier League,1617,2016-10-22 Arsenal-Middlesbrough,Middlesbrough,Víctor Valdés,False,Goalkeeper,1,start,end,1.0,0.0,0.0,0.0,0.0,0.0,0.0,0.0,6.0,0.0,0.0,0.0,0.0,0.0,
ENG-Premier League,1617,2016-10-22 Burnley-Everton,Burnley,Tom Heaton,True,Goalkeeper,1,start,end,1.0,0.0,0.0,0.0,0.0,0.0,0.0,1.0,7.0,0.0,0.0,0.0,0.0,0.0,
ENG-Premier League,1617,2016-10-22 Burnley-Everton,Everton,Maarten Stekelenburg,False,Goalkeeper,1,start,end,1.0,0.0,0.0,0.0,0.0,0.0,0.0,2.0,1.0,0.0,0.0,0.0,0.0,0.0,
ENG-Premier League,1617,2016-10-22 Hull City-Stoke City,Hull City,David Marshall,True,Goalkeeper,1,start,end,1.0,0.0,0.0,0.0,0.0,0.0,0.0,2.0,4.0,0.0,0.0,0.0,0.0,0.0,
ENG-Premier League,1617,2016-10-22 Hull City-Stoke City,Stoke City,Lee Grant,False,Goalkeeper,1,start,end,1.0,0.0,0.0,0.0,0.0,0.0,0.0,0.0,2.0,0.0,0.0,0.0,0.0,0.0,
ENG-Premier League,1617,2016-10-22 Leicester City-Crystal Palace,Crystal Palace,Steve Mandanda,False,Goalkeeper,1,start,end,1.0,0.0,0.0,0.0,0.0,0.0,0.0,3.0,1.0,0.0,0.0,0.0,0.0,0.0,
ENG-Premier League,1617,2016-10-22 Leicester City-Crystal Palace,Leicester City,Kasper Schmeichel,True,Goalkeeper,1,start,end,1.0,0.0,0.0,0.0,0.0,0.0,0.0,1.0,5.0,0.0,0.0,0.0,0.0,0.0,
ENG-Premier League,1617,2016-10-22 Liverpool-West Bromwich Albion,Liverpool,Loris Karius,True,Goalkeeper,1,start,end,1.0,0.0,0.0,0.0,0.0,0.0,0.0,1.0,0.0,0.0,0.0,0.0,0.0,0.0,
ENG-Premier League,1617,2016-10-22 Liverpool-West Bromwich Albion,West Bromwich Albion,Ben Foster,False,Goalkeeper,1,start,end,1.0,0.0,0.0,0.0,0.0,0.0,0.0,2.0,5.0,0.0,0.0,0.0,0.0,0.0,
ENG-Premier League,1617,2016-10-22 Swansea City-Watford,Swansea City,Lukasz Fabianski,True,Goalkeeper,1,start,end,1.0,0.0,0.0,0.0,0.0,0.0,0.0,0.0,2.0,0.0,0.0,0.0,0.0,0.0,
ENG-Premier League,1617,2016-10-22 Swansea City-Watford,Watford,Heurelho Gomes,False,Goalkeeper,1,start,end,1.0,0.0,0.0,0.0,0.0,0.0,0.0,0.0,5.0,0.0,0.0,0.0,0.0,0.0,
ENG-Premier League,1617,2016-10-22 West Ham United-Sunderland,Sunderland,Jordan Pickford,False,Goalkeeper,1,start,end,1.0,0.0,0.0,0.0,0.0,0.0,0.0,1.0,2.0,0.0,0.0,0.0,0.0,0.0,
ENG-Premier League,1617,2016-10-22 West Ham United-Sunderland,West Ham United,Adrián,True,Goalkeeper,1,start,end,1.0,0.0,0.0,0.0,0.0,0.0,0.0,0.0,2.0,0.0,0.0,0.0,0.0,0.0,
ENG-Premier League,1617,2016-10-23 Chelsea-Manchester United,Chelsea,Thibaut Courtois,True,Goalkeeper,1,start,end,1.0,0.0,0.0,0.0,0.0,0.0,0.0,0.0,5.0,0.0,0.0,0.0,0.0,0.0,
ENG-Premier League,1617,2016-10-23 Chelsea-Manchester United,Manchester United,David de Gea,False,Goalkeeper,1,start,end,1.0,0.0,0.0,0.0,0.0,0.0,0.0,4.0,2.0,0.0,0.0,0.0,0.0,0.0,
ENG-Premier League,1617,2016-10-23 Manchester City-Southampton,Manchester City,Claudio Bravo,True,Goalkeeper,1,start,end,1.0,0.0,0.0,0.0,0.0,0.0,0.0,1.0,1.0,0.0,0.0,0.0,0.0,0.0,
ENG-Premier League,1617,2016-10-23 Manchester City-Southampton,Southampton,Fraser Forster,False,Goalkeeper,1,start,end,1.0,0.0,0.0,0.0,0.0,0.0,1.0,1.0,2.0,0.0,0.0,0.0,0.0,0.0,
ENG-Premier League,1617,2016-10-29 Crystal Palace-Liverpool,Crystal Palace,Steve Mandanda,True,Goalkeeper,1,start,end,1.0,0.0,0.0,0.0,0.0,0.0,0.0,4.0,6.0,0.0,0.0,0.0,0.0,0.0,
ENG-Premier League,1617,2016-10-29 Crystal Palace-Liverpool,Liverpool,Loris Karius,False,Goalkeeper,1,start,end,1.0,0.0,1.0,0.0,0.0,0.0,0.0,2.0,4.0,0.0,0.0,0.0,0.0,0.0,
ENG-Premier League,1617,2016-10-29 Manchester United-Burnley,Burnley,Tom Heaton,False,Goalkeeper,1,start,end,1.0,0.0,0.0,0.0,0.0,0.0,1.0,0.0,11.0,0.0,0.0,0.0,0.0,0.0,
ENG-Premier League,1617,2016-10-29 Manchester United-Burnley,Manchester United,David de Gea,True,Goalkeeper,1,start,end,1.0,0.0,0.0,0.0,0.0,0.0,0.0,0.0,1.0,0.0,0.0,0.0,0.0,0.0,
ENG-Premier League,1617,2016-10-29 Middlesbrough-AFC Bournemouth,AFC Bournemouth,Artur Boruc,False,Goalkeeper,1,start,end,1.0,0.0,0.0,0.0,0.0,0.0,0.0,2.0,1.0,0.0,0.0,0.0,0.0,0.0,
ENG-Premier League,1617,2016-10-29 Middlesbrough-AFC Bournemouth,Middlesbrough,Víctor Valdés,True,Goalkeeper,1,start,end,1.0,0.0,0.0,0.0,0.0,0.0,0.0,0.0,2.0,0.0,0.0,0.0,0.0,0.0,
ENG-Premier League,1617,2016-10-29 Sunderland-Arsenal,Arsenal,Petr Cech,False,Goalkeeper,1,start,end,1.0,1.0,0.0,0.0,0.0,0.0,1.0,1.0,0.0,0.0,0.0,0.0,0.0,0.0,
ENG-Premier League,1617,2016-10-29 Sunderland-Arsenal,Sunderland,Jordan Pickford,True,Goalkeeper,1,start,end,1.0,0.0,0.0,0.0,0.0,0.0,0.0,4.0,3.0,0.0,0.0,0.0,0.0,0.0,
ENG-Premier League,1617,2016-10-29 Tottenham Hotspur-Leicester City,Leicester City,Kasper Schmeichel,False,Goalkeeper,1,start,end,1.0,0.0,0.0,0.0,0.0,0.0,0.0,1.0,5.0,0.0,0.0,0.0,0.0,0.0,
ENG-Premier League,1617,2016-10-29 Tottenham Hotspur-Leicester City,Tottenham Hotspur,Hugo Lloris,True,Goalkeeper,1,start,end,1.0,0.0,0.0,0.0,0.0,0.0,0.0,1.0,0.0,0.0,0.0,0.0,0.0,0.0,
ENG-Premier League,1617,2016-10-29 Watford-Hull City,Hull City,David Marshall,False,Goalkeeper,1,start,end,1.0,0.0,0.0,0.0,0.0,0.0,0.0,1.0,0.0,0.0,0.0,0.0,0.0,0.0,
ENG-Premier League,1617,2016-10-29 Watford-Hull City,Watford,Heurelho Gomes,True,Goalkeeper,1,start,end,1.0,0.0,0.0,0.0,0.0,0.0,0.0,0.0,2.0,0.0,0.0,0.0,0.0,0.0,
ENG-Premier League,1617,2016-10-29 West Bromwich Albion-Manchester City,Manchester City,Claudio Bravo,False,Goalkeeper,1,start,end,1.0,0.0,0.0,0.0,0.0,0.0,0.0,0.0,1.0,0.0,0.0,0.0,0.0,0.0,
ENG-Premier League,1617,2016-10-29 West Bromwich Albion-Manchester City,West Bromwich Albion,Ben Foster,True,Goalkeeper,1,start,end,1.0,0.0,0.0,0.0,0.0,0.0,0.0,4.0,3.0,0.0,0.0,0.0,0.0,0.0,
ENG-Premier League,1617,2016-10-30 Everton-West Ham United,Everton,Joel Robles,True,Goalkeeper,1,start,end,1.0,0.0,0.0,0.0,0.0,0.0,0.0,0.0,3.0,0.0,0.0,0.0,0.0,0.0,
ENG-Premier League,1617,2016-10-30 Everton-West Ham United,West Ham United,Adrián,False,Goalkeeper,1,start,end,1.0,0.0,0.0,0.0,0.0,0.0,0.0,2.0,4.0,0.0,0.0,0.0,0.0,0.0,
ENG-Premier League,1617,2016-10-30 Southampton-Chelsea,Chelsea,Thibaut Courtois,False,Goalkeeper,1,start,end,1.0,0.0,0.0,0.0,0.0,0.0,0.0,0.0,1.0,0.0,0.0,0.0,0.0,0.0,
ENG-Premier League,1617,2016-10-30 Southampton-Chelsea,Southampton,Fraser Forster,True,Goalkeeper,1,start,end,1.0,0.0,0.0,0.0,0.0,0.0,0.0,2.0,5.0,0.0,0.0,0.0,0.0,0.0,
ENG-Premier League,1617,2016-10-31 Stoke City-Swansea City,Stoke City,Lee Grant,True,Goalkeeper,1,start,end,1.0,0.0,0.0,0.0,0.0,0.0,0.0,1.0,5.0,0.0,0.0,0.0,0.0,0.0,
ENG-Premier League,1617,2016-10-31 Stoke City-Swansea City,Swansea City,Lukasz Fabianski,False,Goalkeeper,1,start,end,1.0,0.0,0.0,0.0,0.0,0.0,0.0,3.0,2.0,0.0,0.0,0.0,0.0,0.0,
ENG-Premier League,1617,2016-11-05 AFC Bournemouth-Sunderland,AFC Bournemouth,Artur Boruc,True,Goalkeeper,1,start,end,1.0,0.0,1.0,0.0,0.0,0.0,0.0,2.0,2.0,0.0,0.0,0.0,0.0,0.0,
ENG-Premier League,1617,2016-11-05 AFC Bournemouth-Sunderland,Sunderland,Jordan Pickford,False,Goalkeeper,1,start,end,1.0,0.0,1.0,0.0,0.0,0.0,0.0,1.0,6.0,0.0,0.0,0.0,0.0,0.0,
ENG-Premier League,1617,2016-11-05 Burnley-Crystal Palace,Burnley,Tom Heaton,True,Goalkeeper,1,start,end,1.0,0.0,0.0,0.0,0.0,0.0,0.0,2.0,3.0,0.0,0.0,0.0,0.0,0.0,
ENG-Premier League,1617,2016-11-05 Burnley-Crystal Palace,Crystal Palace,Steve Mandanda,False,Goalkeeper,1,start,end,1.0,0.0,0.0,0.0,0.0,0.0,0.0,3.0,3.0,0.0,0.0,0.0,0.0,0.0,
ENG-Premier League,1617,2016-11-05 Chelsea-Everton,Chelsea,Thibaut Courtois,True,Goalkeeper,1,start,end,1.0,0.0,0.0,0.0,0.0,0.0,0.0,0.0,0.0,0.0,0.0,0.0,0.0,0.0,
ENG-Premier League,1617,2016-11-05 Chelsea-Everton,Everton,Maarten Stekelenburg,False,Goalkeeper,1,start,end,1.0,0.0,0.0,0.0,0.0,0.0,0.0,5.0,4.0,0.0,0.0,0.0,0.0,0.0,
ENG-Premier League,1617,2016-11-05 Manchester City-Middlesbrough,Manchester City,Claudio Bravo,True,Goalkeeper,1,start,end,1.0,0.0,0.0,0.0,0.0,0.0,0.0,1.0,2.0,0.0,0.0,0.0,0.0,0.0,
ENG-Premier League,1617,2016-11-05 Manchester City-Middlesbrough,Middlesbrough,Víctor Valdés,False,Goalkeeper,1,start,end,1.0,0.0,0.0,0.0,0.0,0.0,0.0,1.0,6.0,0.0,0.0,0.0,0.0,0.0,
ENG-Premier League,1617,2016-11-05 West Ham United-Stoke City,Stoke City,Lee Grant,False,Goalkeeper,1,start,end,1.0,0.0,0.0,0.0,0.0,0.0,0.0,1.0,2.0,0.0,0.0,0.0,0.0,0.0,
ENG-Premier League,1617,2016-11-05 West Ham United-Stoke City,West Ham United,Adrián,True,Goalkeeper,1,start,end,1.0,0.0,1.0,0.0,0.0,0.0,1.0,1.0,3.0,0.0,0.0,0.0,0.0,0.0,
ENG-Premier League,1617,2016-11-06 Arsenal-Tottenham Hotspur,Arsenal,Petr Cech,True,Goalkeeper,1,start,end,1.0,0.0,0.0,0.0,0.0,0.0,0.0,1.0,2.0,0.0,0.0,0.0,0.0,0.0,
ENG-Premier League,1617,2016-11-06 Arsenal-Tottenham Hotspur,Tottenham Hotspur,Hugo Lloris,False,Goalkeeper,1,start,end,1.0,0.0,0.0,0.0,0.0,0.0,0.0,1.0,2.0,0.0,0.0,0.0,0.0,0.0,
ENG-Premier League,1617,2016-11-06 Hull City-Southampton,Hull City,David Marshall,True,Goalkeeper,1,start,end,1.0,0.0,1.0,0.0,0.0,0.0,0.0,1.0,6.0,0.0,0.0,0.0,0.0,0.0,
ENG-Premier League,1617,2016-11-06 Hull City-Southampton,Southampton,Fraser Forster,False,Goalkeeper,1,start,end,1.0,0.0,0.0,0.0,0.0,0.0,0.0,2.0,0.0,0.0,0.0,0.0,0.0,0.0,
ENG-Premier League,1617,2016-11-06 Leicester City-West Bromwich Albion,Leicester City,Ron-Robert Zieler,True,Goalkeeper,1,start,end,1.0,0.0,0.0,0.0,0.0,0.0,0.0,2.0,3.0,0.0,0.0,0.0,0.0,0.0,
ENG-Premier League,1617,2016-11-06 Leicester City-West Bromwich Albion,West Bromwich Albion,Ben Foster,False,Goalkeeper,1,start,end,1.0,0.0,0.0,0.0,0.0,0.0,0.0,1.0,2.0,0.0,0.0,0.0,0.0,0.0,
ENG-Premier League,1617,2016-11-06 Liverpool-Watford,Liverpool,Loris Karius,True,Goalkeeper,1,start,end,1.0,0.0,0.0,0.0,0.0,0.0,0.0,1.0,7.0,0.0,0.0,0.0,0.0,0.0,
ENG-Premier League,1617,2016-11-06 Liverpool-Watford,Watford,Heurelho Gomes,False,Goalkeeper,1,start,33,1.0,0.0,0.0,0.0,0.0,0.0,0.0,2.0,5.0,0.0,0.0,0.0,0.0,0.0,
ENG-Premier League,1617,2016-11-06 Swansea City-Manchester United,Manchester United,David de Gea,False,Goalkeeper,1,start,end,1.0,0.0,0.0,0.0,0.0,0.0,0.0,1.0,0.0,0.0,0.0,0.0,0.0,0.0,
ENG-Premier League,1617,2016-11-06 Swansea City-Manchester United,Swansea City,Lukasz Fabianski,True,Goalkeeper,1,start,end,1.0,0.0,1.0,0.0,0.0,0.0,0.0,3.0,0.0,0.0,0.0,0.0,0.0,0.0,
ENG-Premier League,1617,2016-11-19 Crystal Palace-Manchester City,Crystal Palace,Wayne Hennessey,True,Goalkeeper,1,start,end,1.0,0.0,0.0,0.0,0.0,0.0,0.0,2.0,1.0,0.0,0.0,0.0,0.0,0.0,
ENG-Premier League,1617,2016-11-19 Crystal Palace-Manchester City,Manchester City,Claudio Bravo,False,Goalkeeper,1,start,end,1.0,0.0,0.0,0.0,0.0,0.0,0.0,1.0,1.0,0.0,0.0,0.0,0.0,0.0,
ENG-Premier League,1617,2016-11-19 Everton-Swansea City,Everton,Maarten Stekelenburg,True,Goalkeeper,1,start,end,1.0,0.0,0.0,0.0,0.0,0.0,0.0,1.0,2.0,0.0,0.0,0.0,0.0,0.0,
ENG-Premier League,1617,2016-11-19 Everton-Swansea City,Swansea City,Lukasz Fabianski,False,Goalkeeper,1,start,end,1.0,0.0,1.0,0.0,0.0,0.0,0.0,1.0,5.0,0.0,0.0,0.0,0.0,0.0,
ENG-Premier League,1617,2016-11-19 Manchester United-Arsenal,Arsenal,Petr Cech,False,Goalkeeper,1,start,end,1.0,0.0,0.0,0.0,0.0,0.0,0.0,1.0,4.0,0.0,0.0,0.0,0.0,0.0,
ENG-Premier League,1617,2016-11-19 Manchester United-Arsenal,Manchester United,David de Gea,True,Goalkeeper,1,start,end,1.0,0.0,0.0,0.0,0.0,0.0,0.0,1.0,0.0,0.0,0.0,0.0,0.0,0.0,
ENG-Premier League,1617,2016-11-19 Southampton-Liverpool,Liverpool,Loris Karius,False,Goalkeeper,1,start,end,1.0,0.0,0.0,0.0,0.0,0.0,0.0,0.0,0.0,0.0,0.0,0.0,0.0,0.0,
ENG-Premier League,1617,2016-11-19 Southampton-Liverpool,Southampton,Fraser Forster,True,Goalkeeper,1,start,end,1.0,0.0,0.0,0.0,0.0,0.0,0.0,0.0,2.0,0.0,0.0,0.0,0.0,0.0,
ENG-Premier League,1617,2016-11-19 Stoke City-AFC Bournemouth,AFC Bournemouth,Adam Federici,False,Goalkeeper,1,start,end,1.0,0.0,0.0,0.0,0.0,0.0,1.0,0.0,5.0,0.0,0.0,0.0,0.0,0.0,
ENG-Premier League,1617,2016-11-19 Stoke City-AFC Bournemouth,Stoke City,Lee Grant,True,Goalkeeper,1,start,end,1.0,0.0,0.0,0.0,0.0,0.0,0.0,1.0,1.0,0.0,0.0,0.0,0.0,0.0,
ENG-Premier League,1617,2016-11-19 Sunderland-Hull City,Hull City,David Marshall,False,Goalkeeper,1,start,end,1.0,0.0,0.0,0.0,0.0,0.0,0.0,3.0,1.0,0.0,0.0,0.0,0.0,0.0,
ENG-Premier League,1617,2016-11-19 Sunderland-Hull City,Sunderland,Jordan Pickford,True,Goalkeeper,1,start,end,1.0,0.0,0.0,0.0,0.0,0.0,0.0,0.0,5.0,0.0,0.0,0.0,0.0,0.0,
ENG-Premier League,1617,2016-11-19 Tottenham Hotspur-West Ham United,Tottenham Hotspur,Hugo Lloris,True,Goalkeeper,1,start,end,1.0,0.0,0.0,0.0,0.0,0.0,0.0,2.0,1.0,0.0,0.0,0.0,0.0,0.0,
ENG-Premier League,1617,2016-11-19 Tottenham Hotspur-West Ham United,West Ham United,Darren Randolph,False,Goalkeeper,1,start,end,1.0,0.0,0.0,0.0,0.0,0.0,0.0,3.0,3.0,0.0,0.0,0.0,0.0,0.0,
ENG-Premier League,1617,2016-11-19 Watford-Leicester City,Leicester City,Ron-Robert Zieler,False,Goalkeeper,1,start,end,1.0,0.0,0.0,0.0,0.0,0.0,0.0,2.0,1.0,0.0,0.0,0.0,0.0,0.0,
ENG-Premier League,1617,2016-11-19 Watford-Leicester City,Watford,Heurelho Gomes,True,Goalkeeper,1,start,end,1.0,0.0,1.0,0.0,0.0,0.0,0.0,1.0,1.0,0.0,0.0,0.0,0.0,0.0,
ENG-Premier League,1617,2016-11-20 Middlesbrough-Chelsea,Chelsea,Thibaut Courtois,False,Goalkeeper,1,start,end,1.0,0.0,0.0,0.0,0.0,0.0,0.0,0.0,1.0,0.0,0.0,0.0,0.0,0.0,
ENG-Premier League,1617,2016-11-20 Middlesbrough-Chelsea,Middlesbrough,Víctor Valdés,True,Goalkeeper,1,start,end,1.0,0.0,0.0,0.0,0.0,0.0,0.0,1.0,2.0,0.0,0.0,0.0,0.0,0.0,
ENG-Premier League,1617,2016-11-21 West Bromwich Albion-Burnley,Burnley,Tom Heaton,False,Goalkeeper,1,start,end,1.0,0.0,0.0,0.0,0.0,0.0,0.0,4.0,2.0,0.0,0.0,0.0,0.0,0.0,
ENG-Premier League,1617,2016-11-21 West Bromwich Albion-Burnley,West Bromwich Albion,Ben Foster,True,Goalkeeper,1,start,end,1.0,0.0,0.0,0.0,0.0,0.0,0.0,0.0,2.0,0.0,0.0,0.0,0.0,0.0,
ENG-Premier League,1617,2016-11-26 Burnley-Manchester City,Burnley,Paul Robinson,True,Goalkeeper,1,start,end,1.0,0.0,0.0,0.0,0.0,0.0,0.0,2.0,3.0,0.0,0.0,0.0,0.0,0.0,
ENG-Premier League,1617,2016-11-26 Burnley-Manchester City,Manchester City,Claudio Bravo,False,Goalkeeper,1,start,end,1.0,0.0,0.0,0.0,0.0,0.0,0.0,1.0,4.0,0.0,0.0,0.0,0.0,0.0,
ENG-Premier League,1617,2016-11-26 Chelsea-Tottenham Hotspur,Chelsea,Thibaut Courtois,True,Goalkeeper,1,start,end,1.0,0.0,0.0,0.0,0.0,0.0,0.0,1.0,5.0,0.0,0.0,0.0,0.0,0.0,
ENG-Premier League,1617,2016-11-26 Chelsea-Tottenham Hotspur,Tottenham Hotspur,Hugo Lloris,False,Goalkeeper,1,start,end,1.0,0.0,0.0,0.0,0.0,0.0,0.0,2.0,3.0,0.0,0.0,0.0,0.0,0.0,
ENG-Premier League,1617,2016-11-26 Hull City-West Bromwich Albion,Hull City,David Marshall,True,Goalkeeper,1,start,end,1.0,0.0,0.0,0.0,0.0,0.0,0.0,1.0,1.0,0.0,0.0,0.0,0.0,0.0,
ENG-Premier League,1617,2016-11-26 Hull City-West Bromwich Albion,West Bromwich Albion,Ben Foster,False,Goalkeeper,1,start,end,1.0,0.0,0.0,0.0,0.0,0.0,0.0,1.0,3.0,0.0,0.0,0.0,0.0,0.0,
ENG-Premier League,1617,2016-11-26 Leicester City-Middlesbrough,Leicester City,Ron-Robert Zieler,True,Goalkeeper,1,start,end,1.0,0.0,0.0,0.0,0.0,0.0,0.0,2.0,0.0,0.0,0.0,0.0,0.0,0.0,
ENG-Premier League,1617,2016-11-26 Leicester City-Middlesbrough,Middlesbrough,Víctor Valdés,False,Goalkeeper,1,start,end,1.0,0.0,0.0,0.0,0.0,0.0,1.0,2.0,1.0,0.0,0.0,0.0,0.0,0.0,
ENG-Premier League,1617,2016-11-26 Liverpool-Sunderland,Liverpool,Loris Karius,True,Goalkeeper,1,start,end,1.0,0.0,0.0,0.0,0.0,0.0,0.0,0.0,1.0,0.0,0.0,0.0,0.0,0.0,
ENG-Premier League,1617,2016-11-26 Liverpool-Sunderland,Sunderland,Jordan Pickford,False,Goalkeeper,1,start,end,1.0,0.0,1.0,0.0,0.0,0.0,0.0,2.0,5.0,0.0,0.0,0.0,0.0,0.0,
ENG-Premier League,1617,2016-11-26 Swansea City-Crystal Palace,Crystal Palace,Wayne Hennessey,False,Goalkeeper,1,start,end,1.0,0.0,0.0,0.0,0.0,0.0,1.0,5.0,3.0,0.0,0.0,0.0,0.0,0.0,
ENG-Premier League,1617,2016-11-26 Swansea City-Crystal Palace,Swansea City,Lukasz Fabianski,True,Goalkeeper,1,start,end,1.0,0.0,0.0,0.0,0.0,0.0,0.0,4.0,1.0,0.0,0.0,0.0,0.0,0.0,
ENG-Premier League,1617,2016-11-27 Arsenal-AFC Bournemouth,AFC Bournemouth,Adam Federici,False,Goalkeeper,1,start,end,1.0,0.0,0.0,0.0,0.0,0.0,0.0,3.0,0.0,0.0,0.0,0.0,0.0,0.0,
ENG-Premier League,1617,2016-11-27 Arsenal-AFC Bournemouth,Arsenal,Petr Cech,True,Goalkeeper,1,start,end,1.0,0.0,0.0,0.0,0.0,0.0,0.0,1.0,2.0,0.0,0.0,0.0,0.0,0.0,
ENG-Premier League,1617,2016-11-27 Manchester United-West Ham United,Manchester United,David de Gea,True,Goalkeeper,1,start,end,1.0,0.0,0.0,0.0,0.0,0.0,0.0,1.0,1.0,0.0,0.0,0.0,0.0,0.0,
ENG-Premier League,1617,2016-11-27 Manchester United-West Ham United,West Ham United,Darren Randolph,False,Goalkeeper,1,start,end,1.0,0.0,0.0,0.0,0.0,0.0,0.0,1.0,7.0,0.0,0.0,0.0,0.0,0.0,
ENG-Premier League,1617,2016-11-27 Southampton-Everton,Everton,Maarten Stekelenburg,False,Goalkeeper,1,start,end,1.0,0.0,0.0,0.0,0.0,0.0,0.0,1.0,5.0,0.0,0.0,0.0,0.0,0.0,
ENG-Premier League,1617,2016-11-27 Southampton-Everton,Southampton,Fraser Forster,True,Goalkeeper,1,start,end,1.0,0.0,0.0,0.0,0.0,0.0,0.0,0.0,1.0,0.0,0.0,0.0,0.0,0.0,
ENG-Premier League,1617,2016-11-27 Watford-Stoke City,Stoke City,Lee Grant,False,Goalkeeper,1,start,end,1.0,0.0,0.0,0.0,0.0,0.0,0.0,0.0,2.0,0.0,0.0,0.0,0.0,0.0,
ENG-Premier League,1617,2016-11-27 Watford-Stoke City,Watford,Heurelho Gomes,True,Goalkeeper,1,start,end,1.0,0.0,0.0,1.0,0.0,0.0,0.0,1.0,1.0,0.0,0.0,0.0,0.0,0.0,
ENG-Premier League,1617,2016-12-03 Crystal Palace-Southampton,Crystal Palace,Wayne Hennessey,True,Goalkeeper,1,start,end,1.0,0.0,0.0,0.0,0.0,0.0,0.0,0.0,3.0,0.0,0.0,0.0,0.0,0.0,
ENG-Premier League,1617,2016-12-03 Crystal Palace-Southampton,Southampton,Fraser Forster,False,Goalkeeper,1,start,end,1.0,0.0,0.0,0.0,0.0,0.0,0.0,3.0,1.0,0.0,0.0,0.0,0.0,0.0,
ENG-Premier League,1617,2016-12-03 Manchester City-Chelsea,Chelsea,Thibaut Courtois,False,Goalkeeper,1,start,end,1.0,0.0,0.0,0.0,0.0,0.0,0.0,1.0,4.0,0.0,0.0,0.0,0.0,0.0,
ENG-Premier League,1617,2016-12-03 Manchester City-Chelsea,Manchester City,Claudio Bravo,True,Goalkeeper,1,start,end,1.0,0.0,0.0,0.0,0.0,0.0,0.0,3.0,1.0,0.0,0.0,0.0,0.0,0.0,
ENG-Premier League,1617,2016-12-03 Stoke City-Burnley,Burnley,Paul Robinson,False,Goalkeeper,1,start,end,1.0,0.0,0.0,0.0,0.0,0.0,0.0,2.0,2.0,0.0,0.0,0.0,0.0,0.0,
ENG-Premier League,1617,2016-12-03 Stoke City-Burnley,Stoke City,Lee Grant,True,Goalkeeper,1,start,end,1.0,0.0,0.0,0.0,0.0,0.0,0.0,0.0,4.0,0.0,0.0,0.0,0.0,0.0,
ENG-Premier League,1617,2016-12-03 Sunderland-Leicester City,Leicester City,Ron-Robert Zieler,False,Goalkeeper,1,start,end,1.0,0.0,0.0,0.0,0.0,0.0,0.0,2.0,5.0,0.0,0.0,0.0,0.0,0.0,
ENG-Premier League,1617,2016-12-03 Sunderland-Leicester City,Sunderland,Jordan Pickford,True,Goalkeeper,1,start,end,1.0,0.0,1.0,0.0,0.0,0.0,0.0,1.0,4.0,0.0,0.0,0.0,0.0,0.0,
ENG-Premier League,1617,2016-12-03 Tottenham Hotspur-Swansea City,Swansea City,Lukasz Fabianski,False,Goalkeeper,1,start,end,1.0,0.0,0.0,0.0,0.0,0.0,1.0,5.0,10.0,0.0,0.0,0.0,0.0,0.0,
ENG-Premier League,1617,2016-12-03 Tottenham Hotspur-Swansea City,Tottenham Hotspur,Hugo Lloris,True,Goalkeeper,1,start,end,1.0,0.0,0.0,0.0,0.0,0.0,0.0,0.0,0.0,0.0,0.0,0.0,0.0,0.0,
ENG-Premier League,1617,2016-12-03 West Bromwich Albion-Watford,Watford,Heurelho Gomes,False,Goalkeeper,1,start,end,1.0,0.0,0.0,0.0,0.0,0.0,0.0,3.0,0.0,0.0,0.0,0.0,0.0,0.0,
ENG-Premier League,1617,2016-12-03 West Bromwich Albion-Watford,West Bromwich Albion,Ben Foster,True,Goalkeeper,1,start,end,1.0,0.0,0.0,0.0,0.0,0.0,0.0,1.0,5.0,0.0,0.0,0.0,0.0,0.0,
ENG-Premier League,1617,2016-12-03 West Ham United-Arsenal,Arsenal,Petr Cech,False,Goalkeeper,1,start,end,1.0,0.0,0.0,0.0,0.0,0.0,0.0,1.0,2.0,0.0,0.0,0.0,0.0,0.0,
ENG-Premier League,1617,2016-12-03 West Ham United-Arsenal,West Ham United,Darren Randolph,True,Goalkeeper,1,start,end,1.0,0.0,0.0,0.0,0.0,0.0,0.0,5.0,5.0,0.0,0.0,0.0,0.0,0.0,
ENG-Premier League,1617,2016-12-04 AFC Bournemouth-Liverpool,AFC Bournemouth,Artur Boruc,True,Goalkeeper,1,start,end,1.0,0.0,0.0,0.0,0.0,0.0,0.0,3.0,0.0,0.0,0.0,0.0,0.0,0.0,
ENG-Premier League,1617,2016-12-04 AFC Bournemouth-Liverpool,Liverpool,Loris Karius,False,Goalkeeper,1,start,end,1.0,0.0,0.0,0.0,0.0,0.0,0.0,4.0,4.0,0.0,0.0,0.0,0.0,0.0,
ENG-Premier League,1617,2016-12-04 Everton-Manchester United,Everton,Maarten Stekelenburg,True,Goalkeeper,1,start,end,1.0,0.0,0.0,0.0,0.0,0.0,0.0,1.0,1.0,0.0,0.0,0.0,0.0,0.0,
ENG-Premier League,1617,2016-12-04 Everton-Manchester United,Manchester United,David de Gea,False,Goalkeeper,1,start,end,1.0,0.0,1.0,0.0,0.0,0.0,1.0,1.0,5.0,0.0,0.0,0.0,0.0,0.0,
ENG-Premier League,1617,2016-12-05 Middlesbrough-Hull City,Hull City,David Marshall,False,Goalkeeper,1,start,end,1.0,0.0,0.0,0.0,0.0,0.0,0.0,1.0,3.0,0.0,0.0,0.0,0.0,0.0,
ENG-Premier League,1617,2016-12-05 Middlesbrough-Hull City,Middlesbrough,Víctor Valdés,True,Goalkeeper,1,start,end,1.0,0.0,0.0,0.0,0.0,0.0,0.0,0.0,2.0,0.0,0.0,0.0,0.0,0.0,
ENG-Premier League,1617,2016-12-10 Arsenal-Stoke City,Arsenal,Petr Cech,True,Goalkeeper,1,start,end,1.0,0.0,0.0,0.0,0.0,0.0,0.0,1.0,4.0,0.0,0.0,0.0,0.0,0.0,
ENG-Premier League,1617,2016-12-10 Arsenal-Stoke City,Stoke City,Lee Grant,False,Goalkeeper,1,start,end,1.0,0.0,0.0,0.0,0.0,0.0,0.0,3.0,3.0,0.0,0.0,0.0,0.0,0.0,
ENG-Premier League,1617,2016-12-10 Burnley-AFC Bournemouth,AFC Bournemouth,Artur Boruc,False,Goalkeeper,1,start,end,1.0,0.0,0.0,0.0,0.0,0.0,0.0,3.0,4.0,0.0,0.0,0.0,0.0,0.0,
ENG-Premier League,1617,2016-12-10 Burnley-AFC Bournemouth,Burnley,Tom Heaton,True,Goalkeeper,1,start,end,1.0,0.0,0.0,0.0,0.0,0.0,0.0,2.0,2.0,0.0,0.0,0.0,0.0,0.0,
ENG-Premier League,1617,2016-12-10 Hull City-Crystal Palace,Crystal Palace,Wayne Hennessey,False,Goalkeeper,1,start,end,1.0,0.0,0.0,0.0,0.0,0.0,0.0,3.0,3.0,0.0,0.0,0.0,0.0,0.0,
ENG-Premier League,1617,2016-12-10 Hull City-Crystal Palace,Hull City,David Marshall,True,Goalkeeper,1,start,end,1.0,0.0,0.0,0.0,0.0,0.0,0.0,3.0,3.0,0.0,0.0,0.0,0.0,0.0,
ENG-Premier League,1617,2016-12-10 Leicester City-Manchester City,Leicester City,Ron-Robert Zieler,True,Goalkeeper,1,start,end,1.0,0.0,0.0,0.0,0.0,0.0,0.0,2.0,2.0,0.0,0.0,0.0,0.0,0.0,
ENG-Premier League,1617,2016-12-10 Leicester City-Manchester City,Manchester City,Claudio Bravo,False,Goalkeeper,1,start,end,1.0,0.0,0.0,0.0,0.0,0.0,0.0,4.0,2.0,0.0,0.0,0.0,0.0,0.0,
ENG-Premier League,1617,2016-12-10 Swansea City-Sunderland,Sunderland,Jordan Pickford,False,Goalkeeper,1,start,end,1.0,0.0,0.0,0.0,0.0,0.0,0.0,3.0,2.0,0.0,0.0,0.0,0.0,0.0,
ENG-Premier League,1617,2016-12-10 Swansea City-Sunderland,Swansea City,Lukasz Fabianski,True,Goalkeeper,1,start,end,1.0,0.0,0.0,0.0,0.0,0.0,0.0,0.0,2.0,0.0,0.0,0.0,0.0,0.0,
ENG-Premier League,1617,2016-12-10 Watford-Everton,Everton,Maarten Stekelenburg,False,Goalkeeper,1,start,end,1.0,0.0,0.0,0.0,0.0,0.0,0.0,3.0,3.0,0.0,0.0,0.0,0.0,0.0,
ENG-Premier League,1617,2016-12-10 Watford-Everton,Watford,Heurelho Gomes,True,Goalkeeper,1,start,end,1.0,0.0,0.0,0.0,0.0,0.0,0.0,2.0,2.0,0.0,0.0,0.0,0.0,0.0,
ENG-Premier League,1617,2016-12-11 Chelsea-West Bromwich Albion,Chelsea,Thibaut Courtois,True,Goalkeeper,1,start,end,1.0,0.0,0.0,0.0,0.0,0.0,0.0,0.0,1.0,0.0,0.0,0.0,0.0,0.0,
ENG-Premier League,1617,2016-12-11 Chelsea-West Bromwich Albion,West Bromwich Albion,Ben Foster,False,Goalkeeper,1,start,end,1.0,0.0,0.0,0.0,0.0,0.0,0.0,1.0,1.0,0.0,0.0,0.0,0.0,0.0,
ENG-Premier League,1617,2016-12-11 Liverpool-West Ham United,Liverpool,Loris Karius,True,Goalkeeper,1,start,end,1.0,0.0,0.0,0.0,0.0,0.0,0.0,2.0,1.0,0.0,0.0,0.0,0.0,0.0,
ENG-Premier League,1617,2016-12-11 Liverpool-West Ham United,West Ham United,Darren Randolph,False,Goalkeeper,1,start,end,1.0,0.0,0.0,0.0,0.0,0.0,0.0,2.0,1.0,0.0,0.0,0.0,0.0,0.0,
ENG-Premier League,1617,2016-12-11 Manchester United-Tottenham Hotspur,Manchester United,David de Gea,True,Goalkeeper,1,start,end,1.0,0.0,0.0,0.0,0.0,0.0,0.0,0.0,4.0,0.0,0.0,0.0,0.0,0.0,
ENG-Premier League,1617,2016-12-11 Manchester United-Tottenham Hotspur,Tottenham Hotspur,Hugo Lloris,False,Goalkeeper,1,start,end,1.0,0.0,0.0,0.0,0.0,0.0,0.0,1.0,4.0,0.0,0.0,0.0,0.0,0.0,
ENG-Premier League,1617,2016-12-11 Southampton-Middlesbrough,Middlesbrough,Víctor Valdés,False,Goalkeeper,1,start,end,1.0,0.0,0.0,0.0,0.0,0.0,0.0,1.0,1.0,0.0,0.0,0.0,0.0,0.0,
ENG-Premier League,1617,2016-12-11 Southampton-Middlesbrough,Southampton,Fraser Forster,True,Goalkeeper,1,start,end,1.0,0.0,0.0,0.0,0.0,0.0,0.0,0.0,1.0,0.0,0.0,0.0,0.0,0.0,
ENG-Premier League,1617,2016-12-13 AFC Bournemouth-Leicester City,AFC Bournemouth,Artur Boruc,True,Goalkeeper,1,start,end,1.0,0.0,0.0,0.0,0.0,0.0,0.0,0.0,4.0,0.0,0.0,0.0,0.0,0.0,
ENG-Premier League,1617,2016-12-13 AFC Bournemouth-Leicester City,Leicester City,Ron-Robert Zieler,False,Goalkeeper,1,start,end,1.0,0.0,0.0,0.0,0.0,0.0,0.0,1.0,2.0,0.0,0.0,0.0,0.0,0.0,
ENG-Premier League,1617,2016-12-13 Everton-Arsenal,Arsenal,Petr Cech,False,Goalkeeper,1,start,end,1.0,0.0,0.0,0.0,0.0,0.0,0.0,2.0,2.0,0.0,0.0,0.0,0.0,0.0,
ENG-Premier League,1617,2016-12-13 Everton-Arsenal,Everton,Maarten Stekelenburg,True,Goalkeeper,1,start,end,1.0,0.0,0.0,0.0,0.0,0.0,0.0,1.0,0.0,0.0,0.0,0.0,0.0,0.0,
ENG-Premier League,1617,2016-12-14 Crystal Palace-Manchester United,Crystal Palace,Wayne Hennessey,True,Goalkeeper,1,start,end,1.0,0.0,0.0,0.0,0.0,0.0,0.0,2.0,4.0,0.0,0.0,0.0,0.0,0.0,
ENG-Premier League,1617,2016-12-14 Crystal Palace-Manchester United,Manchester United,David de Gea,False,Goalkeeper,1,start,end,1.0,0.0,0.0,0.0,0.0,0.0,0.0,1.0,2.0,0.0,0.0,0.0,0.0,0.0,
ENG-Premier League,1617,2016-12-14 Manchester City-Watford,Manchester City,Claudio Bravo,True,Goalkeeper,1,start,end,1.0,0.0,0.0,0.0,0.0,0.0,0.0,0.0,2.0,0.0,0.0,0.0,0.0,0.0,
ENG-Premier League,1617,2016-12-14 Manchester City-Watford,Watford,Heurelho Gomes,False,Goalkeeper,1,start,end,1.0,0.0,0.0,0.0,0.0,0.0,0.0,2.0,5.0,0.0,0.0,0.0,0.0,0.0,
ENG-Premier League,1617,2016-12-14 Middlesbrough-Liverpool,Liverpool,Simon Mignolet,False,Goalkeeper,1,start,end,1.0,0.0,0.0,0.0,0.0,0.0,0.0,0.0,3.0,0.0,0.0,0.0,0.0,0.0,
ENG-Premier League,1617,2016-12-14 Middlesbrough-Liverpool,Middlesbrough,Víctor Valdés,True,Goalkeeper,1,start,end,1.0,0.0,0.0,0.0,0.0,0.0,0.0,3.0,1.0,0.0,0.0,0.0,0.0,0.0,
ENG-Premier League,1617,2016-12-14 Stoke City-Southampton,Southampton,Fraser Forster,False,Goalkeeper,1,start,end,1.0,0.0,0.0,0.0,0.0,0.0,0.0,0.0,3.0,0.0,0.0,0.0,0.0,0.0,
ENG-Premier League,1617,2016-12-14 Stoke City-Southampton,Stoke City,Lee Grant,True,Goalkeeper,1,start,end,1.0,0.0,0.0,0.0,0.0,0.0,0.0,0.0,4.0,0.0,0.0,0.0,0.0,0.0,
ENG-Premier League,1617,2016-12-14 Sunderland-Chelsea,Chelsea,Thibaut Courtois,False,Goalkeeper,1,start,end,1.0,0.0,0.0,0.0,0.0,0.0,0.0,0.0,3.0,0.0,0.0,0.0,0.0,0.0,
ENG-Premier League,1617,2016-12-14 Sunderland-Chelsea,Sunderland,Jordan Pickford,True,Goalkeeper,1,start,end,1.0,0.0,0.0,0.0,0.0,0.0,0.0,1.0,5.0,0.0,0.0,0.0,0.0,0.0,
ENG-Premier League,1617,2016-12-14 Tottenham Hotspur-Hull City,Hull City,David Marshall,False,Goalkeeper,1,start,end,1.0,0.0,0.0,0.0,0.0,0.0,0.0,3.0,6.0,0.0,0.0,0.0,0.0,0.0,
ENG-Premier League,1617,2016-12-14 Tottenham Hotspur-Hull City,Tottenham Hotspur,Hugo Lloris,True,Goalkeeper,1,start,end,1.0,0.0,0.0,0.0,0.0,0.0,0.0,0.0,5.0,0.0,0.0,0.0,0.0,0.0,
ENG-Premier League,1617,2016-12-14 West Bromwich Albion-Swansea City,Swansea City,Lukasz Fabianski,False,Goalkeeper,,start,end,1.0,0.0,0.0,0.0,0.0,0.0,0.0,3.0,1.0,0.0,0.0,0.0,0.0,0.0,
ENG-Premier League,1617,2016-12-14 West Bromwich Albion-Swansea City,West Bromwich Albion,Ben Foster,True,Goalkeeper,,start,end,1.0,0.0,1.0,0.0,0.0,0.0,0.0,1.0,3.0,0.0,0.0,0.0,0.0,0.0,
ENG-Premier League,1617,2016-12-14 West Ham United-Burnley,Burnley,Tom Heaton,False,Goalkeeper,1,start,end,1.0,0.0,0.0,0.0,0.0,0.0,0.0,1.0,6.0,0.0,0.0,0.0,0.0,0.0,
ENG-Premier League,1617,2016-12-14 West Ham United-Burnley,West Ham United,Darren Randolph,True,Goalkeeper,1,start,end,1.0,0.0,1.0,0.0,0.0,0.0,0.0,0.0,2.0,0.0,0.0,0.0,0.0,0.0,
ENG-Premier League,1617,2016-12-17 Crystal Palace-Chelsea,Chelsea,Thibaut Courtois,False,Goalkeeper,1,start,end,1.0,0.0,0.0,0.0,0.0,0.0,0.0,0.0,2.0,0.0,0.0,0.0,0.0,0.0,
ENG-Premier League,1617,2016-12-17 Crystal Palace-Chelsea,Crystal Palace,Wayne Hennessey,True,Goalkeeper,1,start,end,1.0,0.0,0.0,0.0,0.0,0.0,0.0,1.0,5.0,0.0,0.0,0.0,0.0,0.0,
ENG-Premier League,1617,2016-12-17 Middlesbrough-Swansea City,Middlesbrough,Víctor Valdés,True,Goalkeeper,1,start,end,1.0,0.0,0.0,0.0,0.0,0.0,0.0,0.0,2.0,0.0,0.0,0.0,0.0,0.0,
ENG-Premier League,1617,2016-12-17 Middlesbrough-Swansea City,Swansea City,Lukasz Fabianski,False,Goalkeeper,1,start,end,1.0,0.0,0.0,0.0,0.0,0.0,0.0,3.0,1.0,0.0,0.0,0.0,0.0,0.0,
ENG-Premier League,1617,2016-12-17 Stoke City-Leicester City,Leicester City,Kasper Schmeichel,False,Goalkeeper,1,start,end,1.0,0.0,0.0,0.0,0.0,0.0,0.0,2.0,5.0,0.0,0.0,0.0,0.0,0.0,
ENG-Premier League,1617,2016-12-17 Stoke City-Leicester City,Stoke City,Lee Grant,True,Goalkeeper,1,start,end,1.0,0.0,0.0,0.0,0.0,0.0,0.0,2.0,6.0,0.0,0.0,0.0,0.0,0.0,
ENG-Premier League,1617,2016-12-17 Sunderland-Watford,Sunderland,Jordan Pickford,True,Goalkeeper,1,start,end,1.0,0.0,0.0,0.0,0.0,0.0,0.0,0.0,4.0,0.0,0.0,0.0,0.0,0.0,
ENG-Premier League,1617,2016-12-17 Sunderland-Watford,Watford,Heurelho Gomes,False,Goalkeeper,1,start,end,1.0,0.0,0.0,0.0,0.0,0.0,0.0,1.0,1.0,0.0,0.0,0.0,0.0,0.0,
ENG-Premier League,1617,2016-12-17 West Bromwich Albion-Manchester United,Manchester United,David de Gea,False,Goalkeeper,1,start,end,1.0,0.0,0.0,0.0,0.0,0.0,0.0,0.0,1.0,0.0,0.0,0.0,0.0,0.0,
ENG-Premier League,1617,2016-12-17 West Bromwich Albion-Manchester United,West Bromwich Albion,Ben Foster,True,Goalkeeper,1,start,end,1.0,0.0,0.0,0.0,0.0,0.0,0.0,2.0,3.0,0.0,0.0,0.0,0.0,0.0,
ENG-Premier League,1617,2016-12-17 West Ham United-Hull City,Hull City,David Marshall,False,Goalkeeper,1,start,end,1.0,0.0,0.0,0.0,0.0,0.0,0.0,1.0,4.0,0.0,0.0,0.0,0.0,0.0,
ENG-Premier League,1617,2016-12-17 West Ham United-Hull City,West Ham United,Darren Randolph,True,Goalkeeper,1,start,end,1.0,0.0,0.0,0.0,0.0,0.0,0.0,0.0,4.0,0.0,0.0,0.0,0.0,0.0,
ENG-Premier League,1617,2016-12-18 AFC Bournemouth-Southampton,AFC Bournemouth,Artur Boruc,True,Goalkeeper,1,start,end,1.0,0.0,0.0,0.0,0.0,0.0,0.0,3.0,4.0,0.0,0.0,0.0,0.0,0.0,
ENG-Premier League,1617,2016-12-18 AFC Bournemouth-Southampton,Southampton,Fraser Forster,False,Goalkeeper,1,start,end,1.0,0.0,0.0,0.0,0.0,0.0,0.0,1.0,4.0,0.0,0.0,0.0,0.0,0.0,
ENG-Premier League,1617,2016-12-18 Manchester City-Arsenal,Arsenal,Petr Cech,False,Goalkeeper,1,start,end,1.0,0.0,0.0,0.0,0.0,0.0,0.0,2.0,3.0,0.0,0.0,0.0,0.0,0.0,
ENG-Premier League,1617,2016-12-18 Manchester City-Arsenal,Manchester City,Claudio Bravo,True,Goalkeeper,1,start,end,1.0,0.0,0.0,0.0,0.0,0.0,0.0,1.0,0.0,0.0,0.0,0.0,0.0,0.0,
ENG-Premier League,1617,2016-12-18 Tottenham Hotspur-Burnley,Burnley,Tom Heaton,False,Goalkeeper,1,start,end,1.0,0.0,0.0,0.0,0.0,0.0,0.0,2.0,7.0,0.0,0.0,0.0,0.0,0.0,
ENG-Premier League,1617,2016-12-18 Tottenham Hotspur-Burnley,Tottenham Hotspur,Hugo Lloris,True,Goalkeeper,1,start,end,1.0,0.0,0.0,0.0,0.0,0.0,0.0,1.0,1.0,0.0,0.0,0.0,0.0,0.0,
ENG-Premier League,1617,2016-12-19 Everton-Liverpool,Everton,Maarten Stekelenburg,True,Goalkeeper,1,start,64,1.0,0.0,0.0,0.0,0.0,0.0,0.0,0.0,1.0,0.0,0.0,0.0,0.0,0.0,
ENG-Premier League,1617,2016-12-19 Everton-Liverpool,Liverpool,Simon Mignolet,False,Goalkeeper,1,start,end,1.0,0.0,0.0,0.0,0.0,0.0,0.0,0.0,1.0,0.0,0.0,0.0,0.0,0.0,
ENG-Premier League,1617,2016-12-26 Arsenal-West Bromwich Albion,Arsenal,Petr Cech,True,Goalkeeper,1,start,end,1.0,0.0,1.0,0.0,0.0,0.0,0.0,0.0,1.0,0.0,0.0,0.0,0.0,0.0,
ENG-Premier League,1617,2016-12-26 Arsenal-West Bromwich Albion,West Bromwich Albion,Ben Foster,False,Goalkeeper,1,start,end,1.0,0.0,0.0,0.0,0.0,0.0,1.0,1.0,10.0,0.0,0.0,0.0,0.0,0.0,
ENG-Premier League,1617,2016-12-26 Burnley-Middlesbrough,Burnley,Tom Heaton,True,Goalkeeper,1,start,end,1.0,0.0,0.0,0.0,0.0,0.0,0.0,0.0,2.0,0.0,0.0,0.0,0.0,0.0,
ENG-Premier League,1617,2016-12-26 Burnley-Middlesbrough,Middlesbrough,Víctor Valdés,False,Goalkeeper,1,start,end,1.0,0.0,0.0,0.0,0.0,0.0,0.0,1.0,3.0,0.0,0.0,0.0,0.0,0.0,
ENG-Premier League,1617,2016-12-26 Chelsea-AFC Bournemouth,AFC Bournemouth,Artur Boruc,False,Goalkeeper,1,start,end,1.0,0.0,1.0,0.0,0.0,0.0,0.0,3.0,2.0,0.0,0.0,0.0,0.0,0.0,
ENG-Premier League,1617,2016-12-26 Chelsea-AFC Bournemouth,Chelsea,Thibaut Courtois,True,Goalkeeper,1,start,end,1.0,0.0,0.0,0.0,0.0,0.0,0.0,0.0,3.0,0.0,0.0,0.0,0.0,0.0,
ENG-Premier League,1617,2016-12-26 Hull City-Manchester City,Hull City,David Marshall,True,Goalkeeper,1,start,end,1.0,0.0,0.0,0.0,0.0,0.0,0.0,3.0,4.0,0.0,0.0,0.0,0.0,0.0,
ENG-Premier League,1617,2016-12-26 Hull City-Manchester City,Manchester City,Claudio Bravo,False,Goalkeeper,1,start,end,1.0,0.0,0.0,0.0,0.0,0.0,0.0,0.0,2.0,0.0,0.0,0.0,0.0,0.0,
ENG-Premier League,1617,2016-12-26 Leicester City-Everton,Everton,Joel Robles,False,Goalkeeper,1,start,end,1.0,0.0,0.0,0.0,0.0,0.0,0.0,0.0,2.0,0.0,1.0,0.0,0.0,0.0,
ENG-Premier League,1617,2016-12-26 Leicester City-Everton,Leicester City,Kasper Schmeichel,True,Goalkeeper,1,start,end,1.0,0.0,0.0,0.0,0.0,0.0,0.0,2.0,1.0,0.0,0.0,0.0,0.0,0.0,
ENG-Premier League,1617,2016-12-26 Manchester United-Sunderland,Manchester United,David de Gea,True,Goalkeeper,1,start,end,1.0,0.0,0.0,0.0,0.0,0.0,0.0,1.0,3.0,0.0,0.0,0.0,0.0,0.0,
ENG-Premier League,1617,2016-12-26 Manchester United-Sunderland,Sunderland,Jordan Pickford,False,Goalkeeper,1,start,end,1.0,0.0,0.0,0.0,0.0,0.0,0.0,3.0,6.0,0.0,0.0,0.0,0.0,0.0,
ENG-Premier League,1617,2016-12-26 Swansea City-West Ham United,Swansea City,Lukasz Fabianski,True,Goalkeeper,1,start,end,1.0,0.0,0.0,0.0,0.0,0.0,0.0,4.0,3.0,0.0,0.0,0.0,0.0,0.0,
ENG-Premier League,1617,2016-12-26 Swansea City-West Ham United,West Ham United,Darren Randolph,False,Goalkeeper,1,start,end,1.0,0.0,0.0,0.0,0.0,0.0,0.0,1.0,6.0,0.0,0.0,0.0,0.0,0.0,
ENG-Premier League,1617,2016-12-26 Watford-Crystal Palace,Crystal Palace,Wayne Hennessey,False,Goalkeeper,1,start,end,1.0,0.0,0.0,0.0,0.0,0.0,0.0,1.0,2.0,0.0,0.0,0.0,0.0,0.0,
ENG-Premier League,1617,2016-12-26 Watford-Crystal Palace,Watford,Heurelho Gomes,True,Goalkeeper,1,start,end,1.0,1.0,0.0,0.0,0.0,0.0,0.0,1.0,3.0,0.0,0.0,0.0,0.0,0.0,
ENG-Premier League,1617,2016-12-27 Liverpool-Stoke City,Liverpool,Simon Mignolet,True,Goalkeeper,1,start,end,1.0,0.0,0.0,0.0,0.0,0.0,0.0,1.0,1.0,0.0,0.0,0.0,0.0,0.0,
ENG-Premier League,1617,2016-12-27 Liverpool-Stoke City,Stoke City,Lee Grant,False,Goalkeeper,1,start,end,1.0,0.0,0.0,0.0,0.0,0.0,0.0,4.0,2.0,0.0,0.0,0.0,0.0,0.0,
ENG-Premier League,1617,2016-12-28 Southampton-Tottenham Hotspur,Southampton,Fraser Forster,True,Goalkeeper,1,start,end,1.0,0.0,0.0,0.0,0.0,0.0,0.0,4.0,1.0,0.0,0.0,0.0,0.0,0.0,
ENG-Premier League,1617,2016-12-28 Southampton-Tottenham Hotspur,Tottenham Hotspur,Hugo Lloris,False,Goalkeeper,1,start,end,1.0,0.0,0.0,0.0,0.0,0.0,0.0,1.0,1.0,0.0,0.0,0.0,0.0,0.0,
ENG-Premier League,1617,2016-12-30 Hull City-Everton,Everton,Joel Robles,False,Goalkeeper,1,start,end,1.0,0.0,0.0,0.0,0.0,0.0,0.0,2.0,2.0,0.0,0.0,0.0,0.0,0.0,
ENG-Premier League,1617,2016-12-30 Hull City-Everton,Hull City,David Marshall,True,Goalkeeper,1,start,end,1.0,0.0,0.0,1.0,0.0,0.0,0.0,2.0,6.0,0.0,0.0,0.0,0.0,0.0,
ENG-Premier League,1617,2016-12-31 Burnley-Sunderland,Burnley,Tom Heaton,True,Goalkeeper,1,start,end,1.0,0.0,0.0,0.0,0.0,0.0,0.0,1.0,2.0,0.0,0.0,0.0,0.0,0.0,
ENG-Premier League,1617,2016-12-31 Burnley-Sunderland,Sunderland,Vito Mannone,False,Goalkeeper,1,start,end,1.0,0.0,0.0,0.0,0.0,0.0,0.0,4.0,2.0,0.0,0.0,0.0,0.0,0.0,
ENG-Premier League,1617,2016-12-31 Chelsea-Stoke City,Chelsea,Thibaut Courtois,True,Goalkeeper,1,start,end,1.0,0.0,0.0,0.0,0.0,0.0,0.0,2.0,0.0,0.0,0.0,0.0,0.0,0.0,
ENG-Premier League,1617,2016-12-31 Chelsea-Stoke City,Stoke City,Lee Grant,False,Goalkeeper,1,start,end,1.0,0.0,0.0,0.0,0.0,0.0,0.0,4.0,3.0,0.0,0.0,0.0,0.0,0.0,
ENG-Premier League,1617,2016-12-31 Leicester City-West Ham United,Leicester City,Kasper Schmeichel,True,Goalkeeper,1,start,end,1.0,0.0,0.0,0.0,0.0,0.0,1.0,0.0,5.0,0.0,0.0,0.0,0.0,0.0,
ENG-Premier League,1617,2016-12-31 Leicester City-West Ham United,West Ham United,Darren Randolph,False,Goalkeeper,1,start,end,1.0,0.0,0.0,0.0,0.0,0.0,0.0,1.0,4.0,0.0,0.0,0.0,0.0,0.0,
ENG-Premier League,1617,2016-12-31 Liverpool-Manchester City,Liverpool,Simon Mignolet,True,Goalkeeper,1,start,end,1.0,0.0,0.0,0.0,0.0,0.0,0.0,0.0,2.0,0.0,0.0,0.0,0.0,0.0,
ENG-Premier League,1617,2016-12-31 Liverpool-Manchester City,Manchester City,Claudio Bravo,False,Goalkeeper,1,start,end,1.0,0.0,0.0,0.0,0.0,0.0,0.0,1.0,0.0,0.0,0.0,0.0,0.0,0.0,
ENG-Premier League,1617,2016-12-31 Manchester United-Middlesbrough,Manchester United,David de Gea,True,Goalkeeper,1,start,end,1.0,0.0,0.0,0.0,0.0,0.0,0.0,1.0,1.0,0.0,0.0,0.0,0.0,0.0,
ENG-Premier League,1617,2016-12-31 Manchester United-Middlesbrough,Middlesbrough,Víctor Valdés,False,Goalkeeper,1,start,end,1.0,0.0,1.0,0.0,0.0,0.0,0.0,2.0,10.0,0.0,0.0,0.0,0.0,0.0,
ENG-Premier League,1617,2016-12-31 Southampton-West Bromwich Albion,Southampton,Fraser Forster,True,Goalkeeper,1,start,end,1.0,0.0,0.0,0.0,0.0,0.0,0.0,2.0,1.0,0.0,0.0,0.0,0.0,0.0,
ENG-Premier League,1617,2016-12-31 Southampton-West Bromwich Albion,West Bromwich Albion,Ben Foster,False,Goalkeeper,1,start,end,1.0,0.0,0.0,0.0,0.0,0.0,0.0,1.0,0.0,0.0,0.0,0.0,0.0,0.0,
ENG-Premier League,1617,2016-12-31 Swansea City-AFC Bournemouth,AFC Bournemouth,Artur Boruc,False,Goalkeeper,1,start,end,1.0,0.0,0.0,0.0,0.0,0.0,0.0,0.0,5.0,0.0,0.0,0.0,0.0,0.0,
ENG-Premier League,1617,2016-12-31 Swansea City-AFC Bournemouth,Swansea City,Lukasz Fabianski,True,Goalkeeper,1,start,end,1.0,0.0,0.0,0.0,0.0,0.0,0.0,3.0,4.0,0.0,0.0,0.0,0.0,0.0,
ENG-Premier League,1617,2017-01-01 Arsenal-Crystal Palace,Arsenal,Petr Cech,True,Goalkeeper,1,start,end,1.0,0.0,0.0,0.0,0.0,0.0,0.0,0.0,4.0,0.0,0.0,0.0,0.0,0.0,
ENG-Premier League,1617,2017-01-01 Arsenal-Crystal Palace,Crystal Palace,Wayne Hennessey,False,Goalkeeper,1,start,end,1.0,0.0,0.0,0.0,0.0,0.0,0.0,2.0,5.0,0.0,0.0,0.0,0.0,0.0,
ENG-Premier League,1617,2017-01-01 Watford-Tottenham Hotspur,Tottenham Hotspur,Hugo Lloris,False,Goalkeeper,1,start,end,1.0,0.0,1.0,0.0,0.0,0.0,0.0,1.0,1.0,0.0,0.0,0.0,0.0,0.0,
ENG-Premier League,1617,2017-01-01 Watford-Tottenham Hotspur,Watford,Heurelho Gomes,True,Goalkeeper,1,start,end,1.0,0.0,0.0,0.0,0.0,0.0,0.0,4.0,2.0,0.0,0.0,0.0,0.0,0.0,
ENG-Premier League,1617,2017-01-02 Everton-Southampton,Everton,Joel Robles,True,Goalkeeper,1,start,end,1.0,0.0,0.0,0.0,0.0,0.0,0.0,0.0,3.0,0.0,0.0,0.0,0.0,0.0,
ENG-Premier League,1617,2017-01-02 Everton-Southampton,Southampton,Fraser Forster,False,Goalkeeper,1,start,end,1.0,0.0,0.0,0.0,0.0,0.0,0.0,3.0,3.0,0.0,0.0,0.0,0.0,0.0,
ENG-Premier League,1617,2017-01-02 Manchester City-Burnley,Burnley,Tom Heaton,False,Goalkeeper,1,start,end,1.0,0.0,0.0,0.0,0.0,0.0,0.0,2.0,1.0,0.0,0.0,0.0,0.0,0.0,
ENG-Premier League,1617,2017-01-02 Manchester City-Burnley,Manchester City,Claudio Bravo,True,Goalkeeper,1,start,end,1.0,0.0,0.0,0.0,0.0,0.0,0.0,1.0,1.0,0.0,0.0,0.0,0.0,0.0,
ENG-Premier League,1617,2017-01-02 Middlesbrough-Leicester City,Leicester City,Kasper Schmeichel,False,Goalkeeper,1,start,end,1.0,0.0,0.0,0.0,0.0,0.0,0.0,0.0,1.0,0.0,0.0,0.0,0.0,0.0,
ENG-Premier League,1617,2017-01-02 Middlesbrough-Leicester City,Middlesbrough,Brad Guzan,True,Goalkeeper,1,start,end,1.0,0.0,0.0,0.0,0.0,0.0,0.0,0.0,4.0,0.0,0.0,0.0,0.0,0.0,
ENG-Premier League,1617,2017-01-02 Sunderland-Liverpool,Liverpool,Simon Mignolet,False,Goalkeeper,1,start,end,1.0,0.0,0.0,0.0,0.0,0.0,0.0,2.0,3.0,0.0,0.0,0.0,0.0,0.0,
ENG-Premier League,1617,2017-01-02 Sunderland-Liverpool,Sunderland,Vito Mannone,True,Goalkeeper,1,start,end,1.0,0.0,0.0,0.0,0.0,0.0,0.0,2.0,13.0,0.0,0.0,0.0,0.0,0.0,
ENG-Premier League,1617,2017-01-02 West Bromwich Albion-Hull City,Hull City,David Marshall,False,Goalkeeper,1,start,end,1.0,0.0,0.0,0.0,0.0,0.0,0.0,3.0,2.0,0.0,0.0,0.0,0.0,0.0,
ENG-Premier League,1617,2017-01-02 West Bromwich Albion-Hull City,West Bromwich Albion,Ben Foster,True,Goalkeeper,1,start,end,1.0,0.0,0.0,0.0,0.0,0.0,0.0,1.0,5.0,0.0,0.0,0.0,0.0,0.0,
ENG-Premier League,1617,2017-01-02 West Ham United-Manchester United,Manchester United,David de Gea,False,Goalkeeper,1,start,end,1.0,0.0,0.0,0.0,0.0,0.0,0.0,0.0,2.0,0.0,0.0,0.0,0.0,0.0,
ENG-Premier League,1617,2017-01-02 West Ham United-Manchester United,West Ham United,Darren Randolph,True,Goalkeeper,1,start,end,1.0,0.0,0.0,0.0,0.0,0.0,0.0,2.0,4.0,0.0,0.0,0.0,0.0,0.0,
ENG-Premier League,1617,2017-01-03 AFC Bournemouth-Arsenal,AFC Bournemouth,Artur Boruc,True,Goalkeeper,1,start,end,1.0,0.0,0.0,0.0,0.0,0.0,1.0,3.0,1.0,0.0,0.0,0.0,0.0,0.0,
ENG-Premier League,1617,2017-01-03 AFC Bournemouth-Arsenal,Arsenal,Petr Cech,False,Goalkeeper,1,start,end,1.0,0.0,0.0,0.0,0.0,0.0,0.0,3.0,3.0,0.0,0.0,0.0,0.0,0.0,
ENG-Premier League,1617,2017-01-03 Crystal Palace-Swansea City,Crystal Palace,Wayne Hennessey,True,Goalkeeper,1,start,end,1.0,0.0,0.0,0.0,0.0,0.0,0.0,2.0,2.0,0.0,0.0,0.0,0.0,0.0,
ENG-Premier League,1617,2017-01-03 Crystal Palace-Swansea City,Swansea City,Lukasz Fabianski,False,Goalkeeper,1,start,end,1.0,0.0,0.0,0.0,0.0,0.0,0.0,1.0,2.0,0.0,0.0,0.0,0.0,0.0,
ENG-Premier League,1617,2017-01-03 Stoke City-Watford,Stoke City,Lee Grant,True,Goalkeeper,1,start,end,1.0,0.0,0.0,0.0,0.0,0.0,0.0,0.0,1.0,0.0,0.0,0.0,0.0,0.0,
ENG-Premier League,1617,2017-01-03 Stoke City-Watford,Watford,Heurelho Gomes,False,Goalkeeper,1,start,end,1.0,0.0,1.0,0.0,0.0,0.0,0.0,2.0,3.0,0.0,0.0,0.0,0.0,0.0,
ENG-Premier League,1617,2017-01-04 Tottenham Hotspur-Chelsea,Chelsea,Thibaut Courtois,False,Goalkeeper,1,start,end,1.0,0.0,0.0,0.0,0.0,0.0,0.0,2.0,0.0,0.0,0.0,0.0,0.0,0.0,
ENG-Premier League,1617,2017-01-04 Tottenham Hotspur-Chelsea,Tottenham Hotspur,Hugo Lloris,True,Goalkeeper,1,start,end,1.0,0.0,0.0,0.0,0.0,0.0,0.0,0.0,2.0,0.0,0.0,0.0,0.0,0.0,
ENG-Premier League,1617,2017-01-14 Burnley-Southampton,Burnley,Tom Heaton,True,Goalkeeper,1,start,end,1.0,0.0,0.0,0.0,0.0,0.0,0.0,0.0,5.0,0.0,0.0,0.0,0.0,0.0,
ENG-Premier League,1617,2017-01-14 Burnley-Southampton,Southampton,Fraser Forster,False,Goalkeeper,1,start,end,1.0,0.0,0.0,0.0,0.0,0.0,0.0,1.0,2.0,0.0,0.0,0.0,0.0,0.0,
ENG-Premier League,1617,2017-01-14 Hull City-AFC Bournemouth,AFC Bournemouth,Artur Boruc,False,Goalkeeper,1,start,end,1.0,0.0,1.0,0.0,0.0,0.0,0.0,3.0,1.0,0.0,0.0,0.0,0.0,0.0,
ENG-Premier League,1617,2017-01-14 Hull City-AFC Bournemouth,Hull City,Eldin Jakupovic,True,Goalkeeper,1,start,end,1.0,0.0,0.0,0.0,0.0,0.0,0.0,1.0,5.0,0.0,0.0,0.0,0.0,0.0,
ENG-Premier League,1617,2017-01-14 Leicester City-Chelsea,Chelsea,Thibaut Courtois,False,Goalkeeper,1,start,end,1.0,0.0,0.0,0.0,0.0,0.0,0.0,0.0,2.0,0.0,0.0,0.0,0.0,0.0,
ENG-Premier League,1617,2017-01-14 Leicester City-Chelsea,Leicester City,Kasper Schmeichel,True,Goalkeeper,1,start,end,1.0,0.0,0.0,0.0,0.0,0.0,0.0,3.0,0.0,0.0,0.0,0.0,0.0,0.0,
ENG-Premier League,1617,2017-01-14 Sunderland-Stoke City,Stoke City,Lee Grant,False,Goalkeeper,1,start,end,1.0,0.0,0.0,0.0,0.0,0.0,0.0,1.0,2.0,0.0,0.0,0.0,0.0,0.0,
ENG-Premier League,1617,2017-01-14 Sunderland-Stoke City,Sunderland,Vito Mannone,True,Goalkeeper,1,start,end,1.0,0.0,0.0,0.0,0.0,0.0,0.0,3.0,3.0,0.0,0.0,0.0,0.0,0.0,
ENG-Premier League,1617,2017-01-14 Swansea City-Arsenal,Arsenal,Petr Cech,False,Goalkeeper,1,start,end,1.0,0.0,0.0,0.0,0.0,0.0,0.0,0.0,3.0,0.0,0.0,0.0,0.0,0.0,
ENG-Premier League,1617,2017-01-14 Swansea City-Arsenal,Swansea City,Lukasz Fabianski,True,Goalkeeper,1,start,end,1.0,0.0,0.0,0.0,0.0,0.0,0.0,4.0,4.0,0.0,0.0,0.0,0.0,0.0,
ENG-Premier League,1617,2017-01-14 Tottenham Hotspur-West Bromwich Albion,Tottenham Hotspur,Hugo Lloris,True,Goalkeeper,1,start,end,1.0,0.0,0.0,0.0,0.0,0.0,0.0,0.0,0.0,0.0,0.0,0.0,0.0,0.0,
ENG-Premier League,1617,2017-01-14 Tottenham Hotspur-West Bromwich Albion,West Bromwich Albion,Ben Foster,False,Goalkeeper,1,start,end,1.0,0.0,0.0,0.0,0.0,0.0,0.0,4.0,8.0,0.0,0.0,0.0,0.0,0.0,
ENG-Premier League,1617,2017-01-14 Watford-Middlesbrough,Middlesbrough,Víctor Valdés,False,Goalkeeper,1,start,end,1.0,0.0,0.0,0.0,0.0,0.0,0.0,0.0,5.0,0.0,0.0,0.0,0.0,0.0,
ENG-Premier League,1617,2017-01-14 Watford-Middlesbrough,Watford,Heurelho Gomes,True,Goalkeeper,1,start,66,1.0,0.0,0.0,0.0,0.0,0.0,0.0,0.0,1.0,0.0,0.0,0.0,0.0,0.0,
ENG-Premier League,1617,2017-01-14 West Ham United-Crystal Palace,Crystal Palace,Wayne Hennessey,False,Goalkeeper,1,start,end,1.0,0.0,0.0,0.0,0.0,0.0,0.0,3.0,0.0,0.0,0.0,0.0,0.0,0.0,
ENG-Premier League,1617,2017-01-14 West Ham United-Crystal Palace,West Ham United,Darren Randolph,True,Goalkeeper,1,start,end,1.0,0.0,0.0,0.0,0.0,0.0,0.0,0.0,1.0,0.0,0.0,0.0,0.0,0.0,
ENG-Premier League,1617,2017-01-15 Everton-Manchester City,Everton,Joel Robles,True,Goalkeeper,1,start,end,1.0,0.0,0.0,0.0,0.0,0.0,0.0,0.0,4.0,0.0,0.0,0.0,0.0,0.0,
ENG-Premier League,1617,2017-01-15 Everton-Manchester City,Manchester City,Claudio Bravo,False,Goalkeeper,1,start,end,1.0,0.0,0.0,0.0,0.0,0.0,0.0,4.0,0.0,0.0,0.0,0.0,0.0,0.0,
ENG-Premier League,1617,2017-01-15 Manchester United-Liverpool,Liverpool,Simon Mignolet,False,Goalkeeper,1,start,end,1.0,0.0,0.0,0.0,0.0,0.0,0.0,1.0,2.0,0.0,0.0,0.0,0.0,0.0,
ENG-Premier League,1617,2017-01-15 Manchester United-Liverpool,Manchester United,David de Gea,True,Goalkeeper,1,start,end,1.0,0.0,0.0,0.0,0.0,0.0,0.0,1.0,3.0,0.0,0.0,0.0,0.0,0.0,
ENG-Premier League,1617,2017-01-21 AFC Bournemouth-Watford,AFC Bournemouth,Artur Boruc,True,Goalkeeper,1,start,end,1.0,0.0,0.0,0.0,0.0,0.0,0.0,2.0,1.0,0.0,0.0,0.0,0.0,0.0,
ENG-Premier League,1617,2017-01-21 AFC Bournemouth-Watford,Watford,Heurelho Gomes,False,Goalkeeper,1,start,end,1.0,0.0,0.0,0.0,0.0,0.0,0.0,2.0,3.0,0.0,0.0,0.0,0.0,0.0,
ENG-Premier League,1617,2017-01-21 Crystal Palace-Everton,Crystal Palace,Wayne Hennessey,True,Goalkeeper,1,start,end,1.0,0.0,0.0,0.0,0.0,0.0,0.0,1.0,7.0,0.0,0.0,0.0,0.0,0.0,
ENG-Premier League,1617,2017-01-21 Crystal Palace-Everton,Everton,Joel Robles,False,Goalkeeper,1,start,end,1.0,0.0,1.0,0.0,0.0,0.0,0.0,0.0,2.0,0.0,0.0,0.0,0.0,0.0,
ENG-Premier League,1617,2017-01-21 Liverpool-Swansea City,Liverpool,Simon Mignolet,True,Goalkeeper,1,start,end,1.0,0.0,0.0,0.0,0.0,0.0,0.0,3.0,0.0,0.0,0.0,0.0,0.0,0.0,
ENG-Premier League,1617,2017-01-21 Liverpool-Swansea City,Swansea City,Lukasz Fabianski,False,Goalkeeper,1,start,end,1.0,0.0,0.0,0.0,0.0,0.0,0.0,2.0,3.0,0.0,0.0,0.0,0.0,0.0,
ENG-Premier League,1617,2017-01-21 Manchester City-Tottenham Hotspur,Manchester City,Claudio Bravo,True,Goalkeeper,1,start,end,1.0,0.0,0.0,0.0,0.0,0.0,0.0,2.0,0.0,0.0,0.0,0.0,0.0,0.0,
ENG-Premier League,1617,2017-01-21 Manchester City-Tottenham Hotspur,Tottenham Hotspur,Hugo Lloris,False,Goalkeeper,1,start,end,1.0,0.0,0.0,0.0,0.0,0.0,0.0,2.0,5.0,0.0,0.0,0.0,0.0,0.0,
ENG-Premier League,1617,2017-01-21 Middlesbrough-West Ham United,Middlesbrough,Víctor Valdés,True,Goalkeeper,1,start,end,1.0,0.0,1.0,0.0,0.0,0.0,0.0,3.0,2.0,0.0,0.0,0.0,0.0,0.0,
ENG-Premier League,1617,2017-01-21 Middlesbrough-West Ham United,West Ham United,Darren Randolph,False,Goalkeeper,1,start,end,1.0,0.0,0.0,0.0,0.0,0.0,0.0,1.0,1.0,0.0,0.0,0.0,0.0,0.0,
ENG-Premier League,1617,2017-01-21 Stoke City-Manchester United,Manchester United,David de Gea,False,Goalkeeper,1,start,end,1.0,0.0,0.0,0.0,0.0,0.0,0.0,1.0,1.0,0.0,0.0,0.0,0.0,0.0,
ENG-Premier League,1617,2017-01-21 Stoke City-Manchester United,Stoke City,Lee Grant,True,Goalkeeper,1,start,end,1.0,0.0,0.0,0.0,0.0,0.0,1.0,1.0,7.0,0.0,0.0,0.0,0.0,0.0,
ENG-Premier League,1617,2017-01-21 West Bromwich Albion-Sunderland,Sunderland,Vito Mannone,False,Goalkeeper,1,start,end,1.0,0.0,0.0,0.0,0.0,0.0,0.0,2.0,3.0,0.0,0.0,0.0,0.0,0.0,
ENG-Premier League,1617,2017-01-21 West Bromwich Albion-Sunderland,West Bromwich Albion,Ben Foster,True,Goalkeeper,1,start,end,1.0,0.0,1.0,0.0,0.0,0.0,0.0,0.0,3.0,0.0,0.0,0.0,0.0,0.0,
ENG-Premier League,1617,2017-01-22 Arsenal-Burnley,Arsenal,Petr Cech,True,Goalkeeper,1,start,end,1.0,0.0,0.0,0.0,0.0,0.0,0.0,1.0,6.0,0.0,0.0,0.0,0.0,0.0,
ENG-Premier League,1617,2017-01-22 Arsenal-Burnley,Burnley,Tom Heaton,False,Goalkeeper,1,start,end,1.0,0.0,0.0,0.0,0.0,0.0,0.0,2.0,6.0,0.0,0.0,0.0,0.0,0.0,
ENG-Premier League,1617,2017-01-22 Chelsea-Hull City,Chelsea,Thibaut Courtois,True,Goalkeeper,1,start,end,1.0,0.0,0.0,0.0,0.0,0.0,0.0,0.0,4.0,0.0,0.0,0.0,0.0,0.0,
ENG-Premier League,1617,2017-01-22 Chelsea-Hull City,Hull City,Eldin Jakupovic,False,Goalkeeper,1,start,end,1.0,0.0,0.0,0.0,0.0,0.0,0.0,2.0,3.0,0.0,0.0,0.0,0.0,0.0,
ENG-Premier League,1617,2017-01-22 Southampton-Leicester City,Leicester City,Kasper Schmeichel,False,Goalkeeper,1,start,end,1.0,0.0,0.0,0.0,0.0,0.0,0.0,3.0,4.0,0.0,0.0,0.0,0.0,0.0,
ENG-Premier League,1617,2017-01-22 Southampton-Leicester City,Southampton,Fraser Forster,True,Goalkeeper,1,start,end,1.0,0.0,0.0,0.0,0.0,0.0,0.0,0.0,2.0,0.0,0.0,0.0,0.0,0.0,
ENG-Premier League,1617,2017-01-31 AFC Bournemouth-Crystal Palace,AFC Bournemouth,Artur Boruc,True,Goalkeeper,1,start,end,1.0,0.0,0.0,0.0,0.0,0.0,0.0,2.0,2.0,0.0,0.0,0.0,0.0,0.0,
ENG-Premier League,1617,2017-01-31 AFC Bournemouth-Crystal Palace,Crystal Palace,Wayne Hennessey,False,Goalkeeper,1,start,end,1.0,0.0,0.0,0.0,0.0,0.0,0.0,0.0,2.0,0.0,0.0,0.0,0.0,0.0,
ENG-Premier League,1617,2017-01-31 Arsenal-Watford,Arsenal,Petr Cech,True,Goalkeeper,1,start,end,1.0,0.0,0.0,0.0,0.0,0.0,0.0,2.0,4.0,0.0,0.0,0.0,0.0,0.0,
ENG-Premier League,1617,2017-01-31 Arsenal-Watford,Watford,Heurelho Gomes,False,Goalkeeper,1,start,end,1.0,0.0,1.0,0.0,0.0,0.0,0.0,1.0,4.0,0.0,0.0,0.0,0.0,0.0,
ENG-Premier League,1617,2017-01-31 Burnley-Leicester City,Burnley,Tom Heaton,True,Goalkeeper,1,start,end,1.0,0.0,0.0,0.0,0.0,0.0,0.0,0.0,5.0,0.0,0.0,0.0,0.0,0.0,
ENG-Premier League,1617,2017-01-31 Burnley-Leicester City,Leicester City,Kasper Schmeichel,False,Goalkeeper,1,start,end,1.0,0.0,0.0,0.0,0.0,0.0,0.0,1.0,2.0,0.0,0.0,0.0,0.0,0.0,
ENG-Premier League,1617,2017-01-31 Liverpool-Chelsea,Chelsea,Thibaut Courtois,False,Goalkeeper,1,start,end,1.0,0.0,0.0,0.0,0.0,0.0,0.0,1.0,2.0,0.0,0.0,0.0,0.0,0.0,
ENG-Premier League,1617,2017-01-31 Liverpool-Chelsea,Liverpool,Simon Mignolet,True,Goalkeeper,1,start,end,1.0,0.0,1.0,0.0,0.0,0.0,0.0,1.0,1.0,0.0,0.0,0.0,0.0,0.0,
ENG-Premier League,1617,2017-01-31 Middlesbrough-West Bromwich Albion,Middlesbrough,Víctor Valdés,True,Goalkeeper,1,start,end,1.0,0.0,0.0,0.0,0.0,0.0,0.0,1.0,4.0,15.0,0.0,0.0,0.0,0.0,
ENG-Premier League,1617,2017-01-31 Middlesbrough-West Bromwich Albion,West Bromwich Albion,Ben Foster,False,Goalkeeper,1,start,end,1.0,0.0,0.0,0.0,0.0,0.0,0.0,1.0,4.0,0.0,0.0,0.0,0.0,0.0,
ENG-Premier League,1617,2017-01-31 Sunderland-Tottenham Hotspur,Sunderland,Vito Mannone,True,Goalkeeper,1,start,end,1.0,0.0,0.0,0.0,0.0,0.0,0.0,0.0,3.0,0.0,0.0,0.0,0.0,0.0,
ENG-Premier League,1617,2017-01-31 Sunderland-Tottenham Hotspur,Tottenham Hotspur,Michel Vorm,False,Goalkeeper,1,start,end,1.0,0.0,0.0,0.0,0.0,0.0,0.0,0.0,1.0,0.0,0.0,0.0,0.0,0.0,
ENG-Premier League,1617,2017-01-31 Swansea City-Southampton,Southampton,Fraser Forster,False,Goalkeeper,1,start,end,1.0,0.0,0.0,0.0,0.0,0.0,0.0,2.0,3.0,0.0,0.0,0.0,0.0,0.0,
ENG-Premier League,1617,2017-01-31 Swansea City-Southampton,Swansea City,Lukasz Fabianski,True,Goalkeeper,1,start,end,1.0,0.0,0.0,0.0,0.0,0.0,0.0,1.0,1.0,0.0,0.0,0.0,0.0,0.0,
ENG-Premier League,1617,2017-02-01 Manchester United-Hull City,Hull City,Eldin Jakupovic,False,Goalkeeper,1,start,end,1.0,0.0,1.0,0.0,0.0,0.0,0.0,0.0,6.0,0.0,0.0,0.0,0.0,0.0,
ENG-Premier League,1617,2017-02-01 Manchester United-Hull City,Manchester United,David de Gea,True,Goalkeeper,1,start,end,1.0,0.0,0.0,0.0,0.0,0.0,0.0,0.0,2.0,0.0,0.0,0.0,0.0,0.0,
ENG-Premier League,1617,2017-02-01 Stoke City-Everton,Everton,Joel Robles,False,Goalkeeper,,start,end,1.0,0.0,0.0,0.0,0.0,0.0,0.0,1.0,5.0,0.0,0.0,0.0,0.0,0.0,
ENG-Premier League,1617,2017-02-01 Stoke City-Everton,Stoke City,Lee Grant,True,Goalkeeper,,start,end,1.0,0.0,0.0,0.0,0.0,0.0,0.0,1.0,5.0,0.0,0.0,0.0,0.0,0.0,
ENG-Premier League,1617,2017-02-01 West Ham United-Manchester City,Manchester City,Wilfredo Caballero,False,Goalkeeper,1,start,end,1.0,0.0,0.0,0.0,0.0,0.0,0.0,0.0,1.0,0.0,0.0,0.0,0.0,0.0,
ENG-Premier League,1617,2017-02-01 West Ham United-Manchester City,West Ham United,Darren Randolph,True,Goalkeeper,1,start,end,1.0,0.0,0.0,0.0,0.0,0.0,0.0,4.0,0.0,0.0,0.0,0.0,0.0,0.0,
ENG-Premier League,1617,2017-02-04 Chelsea-Arsenal,Arsenal,Petr Cech,False,Goalkeeper,1,start,end,1.0,0.0,0.0,0.0,0.0,0.0,0.0,3.0,3.0,0.0,0.0,0.0,0.0,0.0,
ENG-Premier League,1617,2017-02-04 Chelsea-Arsenal,Chelsea,Thibaut Courtois,True,Goalkeeper,1,start,end,1.0,0.0,0.0,0.0,0.0,0.0,0.0,1.0,4.0,0.0,0.0,0.0,0.0,0.0,
ENG-Premier League,1617,2017-02-04 Crystal Palace-Sunderland,Crystal Palace,Wayne Hennessey,True,Goalkeeper,1,start,end,1.0,0.0,0.0,0.0,0.0,0.0,0.0,4.0,3.0,0.0,0.0,0.0,0.0,0.0,
ENG-Premier League,1617,2017-02-04 Crystal Palace-Sunderland,Sunderland,Vito Mannone,False,Goalkeeper,1,start,end,1.0,0.0,0.0,0.0,0.0,0.0,0.0,0.0,8.0,0.0,0.0,0.0,0.0,0.0,
ENG-Premier League,1617,2017-02-04 Everton-AFC Bournemouth,AFC Bournemouth,Artur Boruc,False,Goalkeeper,1,start,end,1.0,0.0,0.0,0.0,0.0,0.0,0.0,6.0,4.0,0.0,0.0,0.0,0.0,0.0,
ENG-Premier League,1617,2017-02-04 Everton-AFC Bournemouth,Everton,Joel Robles,True,Goalkeeper,1,start,end,1.0,0.0,0.0,0.0,0.0,0.0,1.0,3.0,5.0,0.0,0.0,0.0,0.0,0.0,
ENG-Premier League,1617,2017-02-04 Hull City-Liverpool,Hull City,Eldin Jakupovic,True,Goalkeeper,1,start,end,1.0,0.0,0.0,0.0,0.0,0.0,0.0,0.0,5.0,0.0,0.0,0.0,0.0,0.0,
ENG-Premier League,1617,2017-02-04 Hull City-Liverpool,Liverpool,Simon Mignolet,False,Goalkeeper,1,start,end,1.0,0.0,0.0,0.0,0.0,0.0,0.0,2.0,2.0,0.0,0.0,0.0,0.0,0.0,
ENG-Premier League,1617,2017-02-04 Southampton-West Ham United,Southampton,Fraser Forster,True,Goalkeeper,1,start,end,1.0,0.0,0.0,0.0,0.0,0.0,0.0,3.0,1.0,0.0,0.0,0.0,0.0,0.0,
ENG-Premier League,1617,2017-02-04 Southampton-West Ham United,West Ham United,Darren Randolph,False,Goalkeeper,1,start,end,1.0,0.0,0.0,0.0,0.0,0.0,0.0,1.0,6.0,0.0,0.0,0.0,0.0,0.0,
ENG-Premier League,1617,2017-02-04 Tottenham Hotspur-Middlesbrough,Middlesbrough,Víctor Valdés,False,Goalkeeper,1,start,end,1.0,0.0,0.0,0.0,0.0,0.0,0.0,1.0,4.0,0.0,0.0,0.0,0.0,0.0,
ENG-Premier League,1617,2017-02-04 Tottenham Hotspur-Middlesbrough,Tottenham Hotspur,Hugo Lloris,True,Goalkeeper,1,start,end,1.0,0.0,1.0,0.0,0.0,0.0,0.0,0.0,0.0,0.0,0.0,0.0,0.0,0.0,
ENG-Premier League,1617,2017-02-04 Watford-Burnley,Burnley,Tom Heaton,False,Goalkeeper,1,start,end,1.0,0.0,0.0,0.0,0.0,0.0,0.0,2.0,5.0,0.0,0.0,0.0,0.0,0.0,
ENG-Premier League,1617,2017-02-04 Watford-Burnley,Watford,Heurelho Gomes,True,Goalkeeper,1,start,end,1.0,0.0,0.0,0.0,0.0,0.0,0.0,1.0,5.0,0.0,0.0,0.0,0.0,0.0,
ENG-Premier League,1617,2017-02-04 West Bromwich Albion-Stoke City,Stoke City,Lee Grant,False,Goalkeeper,1,start,end,1.0,0.0,1.0,0.0,0.0,0.0,0.0,1.0,3.0,0.0,0.0,0.0,0.0,0.0,
ENG-Premier League,1617,2017-02-04 West Bromwich Albion-Stoke City,West Bromwich Albion,Ben Foster,True,Goalkeeper,1,start,end,1.0,0.0,0.0,0.0,0.0,0.0,1.0,0.0,2.0,0.0,0.0,0.0,0.0,0.0,
ENG-Premier League,1617,2017-02-05 Leicester City-Manchester United,Leicester City,Kasper Schmeichel,True,Goalkeeper,1,start,end,1.0,0.0,0.0,0.0,0.0,0.0,0.0,3.0,6.0,0.0,0.0,0.0,0.0,0.0,
ENG-Premier League,1617,2017-02-05 Leicester City-Manchester United,Manchester United,David de Gea,False,Goalkeeper,1,start,end,1.0,0.0,1.0,0.0,0.0,0.0,1.0,0.0,1.0,0.0,0.0,0.0,0.0,0.0,
ENG-Premier League,1617,2017-02-05 Manchester City-Swansea City,Manchester City,Wilfredo Caballero,True,Goalkeeper,1,start,end,1.0,0.0,0.0,0.0,0.0,0.0,0.0,1.0,1.0,0.0,0.0,0.0,0.0,0.0,
ENG-Premier League,1617,2017-02-05 Manchester City-Swansea City,Swansea City,Lukasz Fabianski,False,Goalkeeper,1,start,end,1.0,0.0,0.0,0.0,0.0,0.0,0.0,2.0,3.0,0.0,0.0,0.0,0.0,0.0,
ENG-Premier League,1617,2017-02-11 Arsenal-Hull City,Arsenal,Petr Cech,True,Goalkeeper,1,start,end,1.0,0.0,0.0,0.0,0.0,0.0,0.0,0.0,4.0,0.0,0.0,0.0,0.0,0.0,
ENG-Premier League,1617,2017-02-11 Arsenal-Hull City,Hull City,Eldin Jakupovic,False,Goalkeeper,1,start,end,1.0,0.0,0.0,0.0,0.0,0.0,0.0,2.0,3.0,0.0,0.0,0.0,0.0,0.0,
ENG-Premier League,1617,2017-02-11 Liverpool-Tottenham Hotspur,Liverpool,Simon Mignolet,True,Goalkeeper,1,start,end,1.0,0.0,0.0,0.0,0.0,0.0,0.0,0.0,2.0,0.0,0.0,0.0,0.0,0.0,
ENG-Premier League,1617,2017-02-11 Liverpool-Tottenham Hotspur,Tottenham Hotspur,Hugo Lloris,False,Goalkeeper,1,start,end,1.0,0.0,0.0,0.0,0.0,0.0,0.0,2.0,7.0,0.0,0.0,0.0,0.0,0.0,
ENG-Premier League,1617,2017-02-11 Manchester United-Watford,Manchester United,David de Gea,True,Goalkeeper,1,start,end,1.0,0.0,0.0,0.0,0.0,0.0,0.0,0.0,3.0,0.0,0.0,0.0,0.0,0.0,
ENG-Premier League,1617,2017-02-11 Manchester United-Watford,Watford,Heurelho Gomes,False,Goalkeeper,1,start,end,1.0,0.0,0.0,0.0,0.0,0.0,0.0,2.0,9.0,0.0,0.0,0.0,0.0,0.0,
ENG-Premier League,1617,2017-02-11 Middlesbrough-Everton,Everton,Joel Robles,False,Goalkeeper,1,start,end,1.0,0.0,0.0,0.0,0.0,0.0,0.0,0.0,3.0,0.0,0.0,0.0,0.0,0.0,
ENG-Premier League,1617,2017-02-11 Middlesbrough-Everton,Middlesbrough,Víctor Valdés,True,Goalkeeper,1,start,end,1.0,0.0,0.0,0.0,0.0,0.0,0.0,0.0,3.0,7.0,0.0,0.0,0.0,0.0,
ENG-Premier League,1617,2017-02-11 Stoke City-Crystal Palace,Crystal Palace,Wayne Hennessey,False,Goalkeeper,1,start,end,1.0,0.0,0.0,0.0,0.0,0.0,0.0,1.0,2.0,0.0,0.0,0.0,0.0,0.0,
ENG-Premier League,1617,2017-02-11 Stoke City-Crystal Palace,Stoke City,Lee Grant,True,Goalkeeper,1,start,end,1.0,0.0,0.0,0.0,0.0,0.0,0.0,0.0,1.0,0.0,0.0,0.0,0.0,0.0,
ENG-Premier League,1617,2017-02-11 Sunderland-Southampton,Southampton,Fraser Forster,False,Goalkeeper,1,start,end,1.0,0.0,0.0,0.0,0.0,0.0,0.0,0.0,1.0,0.0,0.0,0.0,0.0,0.0,
ENG-Premier League,1617,2017-02-11 Sunderland-Southampton,Sunderland,Vito Mannone,True,Goalkeeper,1,start,end,1.0,0.0,0.0,0.0,0.0,0.0,0.0,4.0,5.0,0.0,0.0,0.0,0.0,0.0,
ENG-Premier League,1617,2017-02-11 West Ham United-West Bromwich Albion,West Bromwich Albion,Ben Foster,False,Goalkeeper,1,start,end,1.0,0.0,0.0,0.0,0.0,0.0,0.0,2.0,2.0,0.0,0.0,0.0,0.0,0.0,
ENG-Premier League,1617,2017-02-11 West Ham United-West Bromwich Albion,West Ham United,Darren Randolph,True,Goalkeeper,1,start,end,1.0,0.0,0.0,0.0,0.0,0.0,0.0,2.0,1.0,0.0,0.0,0.0,0.0,0.0,
ENG-Premier League,1617,2017-02-12 Burnley-Chelsea,Burnley,Tom Heaton,True,Goalkeeper,1,start,end,1.0,0.0,0.0,0.0,0.0,0.0,0.0,1.0,1.0,0.0,0.0,0.0,0.0,0.0,
ENG-Premier League,1617,2017-02-12 Burnley-Chelsea,Chelsea,Thibaut Courtois,False,Goalkeeper,1,start,end,1.0,0.0,0.0,0.0,0.0,0.0,0.0,1.0,3.0,0.0,0.0,0.0,0.0,0.0,
ENG-Premier League,1617,2017-02-12 Swansea City-Leicester City,Leicester City,Kasper Schmeichel,False,Goalkeeper,1,start,end,1.0,0.0,0.0,0.0,0.0,0.0,0.0,2.0,2.0,0.0,0.0,0.0,0.0,0.0,
ENG-Premier League,1617,2017-02-12 Swansea City-Leicester City,Swansea City,Lukasz Fabianski,True,Goalkeeper,1,start,end,1.0,0.0,0.0,0.0,0.0,0.0,0.0,0.0,1.0,0.0,0.0,0.0,0.0,0.0,
ENG-Premier League,1617,2017-02-13 AFC Bournemouth-Manchester City,AFC Bournemouth,Artur Boruc,True,Goalkeeper,1,start,end,1.0,0.0,0.0,0.0,0.0,0.0,0.0,2.0,4.0,0.0,0.0,0.0,0.0,0.0,
ENG-Premier League,1617,2017-02-13 AFC Bournemouth-Manchester City,Manchester City,Wilfredo Caballero,False,Goalkeeper,1,start,end,1.0,0.0,0.0,0.0,0.0,0.0,0.0,0.0,1.0,0.0,0.0,0.0,0.0,0.0,
ENG-Premier League,1617,2017-02-25 Chelsea-Swansea City,Chelsea,Thibaut Courtois,True,Goalkeeper,1,start,end,1.0,0.0,0.0,0.0,0.0,0.0,0.0,1.0,1.0,0.0,0.0,0.0,0.0,0.0,
ENG-Premier League,1617,2017-02-25 Chelsea-Swansea City,Swansea City,Lukasz Fabianski,False,Goalkeeper,1,start,end,1.0,0.0,0.0,0.0,0.0,0.0,0.0,3.0,2.0,0.0,0.0,0.0,0.0,0.0,
ENG-Premier League,1617,2017-02-25 Crystal Palace-Middlesbrough,Crystal Palace,Wayne Hennessey,True,Goalkeeper,1,start,end,1.0,0.0,1.0,0.0,0.0,0.0,0.0,0.0,4.0,0.0,0.0,0.0,0.0,0.0,
ENG-Premier League,1617,2017-02-25 Crystal Palace-Middlesbrough,Middlesbrough,Víctor Valdés,False,Goalkeeper,1,start,end,1.0,0.0,0.0,0.0,0.0,0.0,0.0,1.0,2.0,14.0,0.0,0.0,0.0,0.0,
ENG-Premier League,1617,2017-02-25 Everton-Sunderland,Everton,Joel Robles,True,Goalkeeper,1,start,end,1.0,0.0,0.0,0.0,0.0,0.0,0.0,0.0,1.0,0.0,0.0,0.0,0.0,0.0,
ENG-Premier League,1617,2017-02-25 Everton-Sunderland,Sunderland,Jordan Pickford,False,Goalkeeper,1,start,end,1.0,0.0,0.0,0.0,0.0,0.0,0.0,2.0,6.0,0.0,0.0,0.0,0.0,0.0,
ENG-Premier League,1617,2017-02-25 Hull City-Burnley,Burnley,Tom Heaton,False,Goalkeeper,1,start,end,1.0,0.0,0.0,0.0,0.0,0.0,0.0,1.0,0.0,0.0,0.0,0.0,0.0,0.0,
ENG-Premier League,1617,2017-02-25 Hull City-Burnley,Hull City,Eldin Jakupovic,True,Goalkeeper,1,start,end,1.0,0.0,0.0,0.0,0.0,0.0,0.0,1.0,2.0,0.0,0.0,0.0,0.0,0.0,
ENG-Premier League,1617,2017-02-25 Watford-West Ham United,Watford,Heurelho Gomes,True,Goalkeeper,1,start,end,1.0,0.0,0.0,0.0,0.0,0.0,0.0,1.0,1.0,0.0,0.0,0.0,0.0,0.0,
ENG-Premier League,1617,2017-02-25 Watford-West Ham United,West Ham United,Darren Randolph,False,Goalkeeper,1,start,end,1.0,0.0,0.0,0.0,0.0,0.0,0.0,1.0,0.0,0.0,0.0,0.0,0.0,0.0,
ENG-Premier League,1617,2017-02-25 West Bromwich Albion-AFC Bournemouth,AFC Bournemouth,Artur Boruc,False,Goalkeeper,1,start,end,1.0,0.0,0.0,0.0,0.0,0.0,0.0,2.0,2.0,0.0,0.0,0.0,0.0,0.0,
ENG-Premier League,1617,2017-02-25 West Bromwich Albion-AFC Bournemouth,West Bromwich Albion,Ben Foster,True,Goalkeeper,1,start,end,1.0,0.0,0.0,0.0,0.0,0.0,0.0,1.0,3.0,0.0,0.0,0.0,0.0,0.0,
ENG-Premier League,1617,2017-02-26 Tottenham Hotspur-Stoke City,Stoke City,Lee Grant,False,Goalkeeper,1,start,end,1.0,0.0,0.0,0.0,0.0,0.0,0.0,4.0,5.0,0.0,0.0,0.0,0.0,0.0,
ENG-Premier League,1617,2017-02-26 Tottenham Hotspur-Stoke City,Tottenham Hotspur,Hugo Lloris,True,Goalkeeper,1,start,end,1.0,0.0,0.0,0.0,0.0,0.0,0.0,0.0,3.0,0.0,0.0,0.0,0.0,0.0,
ENG-Premier League,1617,2017-02-27 Leicester City-Liverpool,Leicester City,Kasper Schmeichel,True,Goalkeeper,1,start,end,1.0,0.0,0.0,0.0,0.0,0.0,0.0,1.0,6.0,0.0,0.0,0.0,0.0,0.0,
ENG-Premier League,1617,2017-02-27 Leicester City-Liverpool,Liverpool,Simon Mignolet,False,Goalkeeper,1,start,end,1.0,0.0,0.0,0.0,0.0,0.0,0.0,3.0,5.0,0.0,0.0,0.0,0.0,0.0,
ENG-Premier League,1617,2017-03-04 Leicester City-Hull City,Hull City,Eldin Jakupovic,False,Goalkeeper,1,start,end,1.0,0.0,0.0,0.0,0.0,0.0,0.0,3.0,3.0,0.0,0.0,0.0,0.0,0.0,
ENG-Premier League,1617,2017-03-04 Leicester City-Hull City,Leicester City,Kasper Schmeichel,True,Goalkeeper,1,start,end,1.0,0.0,0.0,0.0,0.0,0.0,0.0,1.0,3.0,0.0,0.0,0.0,0.0,0.0,
ENG-Premier League,1617,2017-03-04 Liverpool-Arsenal,Arsenal,Petr Cech,False,Goalkeeper,1,start,end,1.0,0.0,0.0,0.0,0.0,0.0,0.0,3.0,4.0,0.0,0.0,0.0,0.0,0.0,
ENG-Premier League,1617,2017-03-04 Liverpool-Arsenal,Liverpool,Simon Mignolet,True,Goalkeeper,1,start,end,1.0,0.0,0.0,0.0,0.0,0.0,0.0,1.0,2.0,0.0,0.0,0.0,0.0,0.0,
ENG-Premier League,1617,2017-03-04 Manchester United-AFC Bournemouth,AFC Bournemouth,Artur Boruc,False,Goalkeeper,1,start,end,1.0,0.0,0.0,0.0,0.0,0.0,0.0,1.0,6.0,0.0,0.0,0.0,0.0,0.0,
ENG-Premier League,1617,2017-03-04 Manchester United-AFC Bournemouth,Manchester United,David de Gea,True,Goalkeeper,1,start,end,1.0,0.0,0.0,0.0,0.0,0.0,0.0,1.0,0.0,0.0,0.0,0.0,0.0,0.0,
ENG-Premier League,1617,2017-03-04 Stoke City-Middlesbrough,Middlesbrough,Víctor Valdés,False,Goalkeeper,1,start,end,1.0,0.0,0.0,0.0,0.0,0.0,0.0,2.0,5.0,11.0,0.0,0.0,0.0,0.0,
ENG-Premier League,1617,2017-03-04 Stoke City-Middlesbrough,Stoke City,Lee Grant,True,Goalkeeper,1,start,end,1.0,0.0,0.0,0.0,0.0,0.0,0.0,0.0,2.0,0.0,0.0,0.0,0.0,0.0,
ENG-Premier League,1617,2017-03-04 Swansea City-Burnley,Burnley,Paul Robinson,False,Goalkeeper,1,start,end,1.0,0.0,1.0,0.0,0.0,0.0,0.0,3.0,5.0,0.0,0.0,0.0,0.0,0.0,
ENG-Premier League,1617,2017-03-04 Swansea City-Burnley,Swansea City,Lukasz Fabianski,True,Goalkeeper,1,start,end,1.0,0.0,0.0,0.0,0.0,0.0,0.0,2.0,2.0,0.0,0.0,0.0,0.0,0.0,
ENG-Premier League,1617,2017-03-04 Watford-Southampton,Southampton,Fraser Forster,False,Goalkeeper,1,start,end,1.0,0.0,0.0,0.0,0.0,0.0,0.0,3.0,1.0,0.0,0.0,0.0,0.0,0.0,
ENG-Premier League,1617,2017-03-04 Watford-Southampton,Watford,Heurelho Gomes,True,Goalkeeper,1,start,end,1.0,0.0,0.0,0.0,0.0,0.0,0.0,4.0,7.0,0.0,0.0,0.0,0.0,0.0,
ENG-Premier League,1617,2017-03-04 West Bromwich Albion-Crystal Palace,Crystal Palace,Wayne Hennessey,False,Goalkeeper,1,start,end,1.0,0.0,1.0,0.0,0.0,0.0,0.0,0.0,1.0,0.0,0.0,0.0,0.0,0.0,
ENG-Premier League,1617,2017-03-04 West Bromwich Albion-Crystal Palace,West Bromwich Albion,Ben Foster,True,Goalkeeper,1,start,end,1.0,0.0,0.0,0.0,0.0,0.0,0.0,2.0,1.0,0.0,0.0,0.0,0.0,0.0,
ENG-Premier League,1617,2017-03-05 Sunderland-Manchester City,Manchester City,Wilfredo Caballero,False,Goalkeeper,1,start,end,1.0,0.0,0.0,0.0,0.0,0.0,0.0,0.0,3.0,0.0,0.0,0.0,0.0,0.0,
ENG-Premier League,1617,2017-03-05 Sunderland-Manchester City,Sunderland,Jordan Pickford,True,Goalkeeper,1,start,end,1.0,0.0,0.0,0.0,0.0,0.0,0.0,2.0,5.0,0.0,0.0,0.0,0.0,0.0,
ENG-Premier League,1617,2017-03-05 Tottenham Hotspur-Everton,Everton,Joel Robles,False,Goalkeeper,1,start,end,1.0,0.0,0.0,0.0,0.0,0.0,0.0,3.0,4.0,0.0,0.0,0.0,0.0,0.0,
ENG-Premier League,1617,2017-03-05 Tottenham Hotspur-Everton,Tottenham Hotspur,Hugo Lloris,True,Goalkeeper,1,start,end,1.0,0.0,0.0,0.0,0.0,0.0,0.0,2.0,2.0,0.0,0.0,0.0,0.0,0.0,
ENG-Premier League,1617,2017-03-06 West Ham United-Chelsea,Chelsea,Thibaut Courtois,False,Goalkeeper,1,start,end,1.0,0.0,0.0,0.0,0.0,0.0,0.0,1.0,0.0,0.0,0.0,0.0,0.0,0.0,
ENG-Premier League,1617,2017-03-06 West Ham United-Chelsea,West Ham United,Darren Randolph,True,Goalkeeper,1,start,end,1.0,0.0,0.0,0.0,0.0,0.0,0.0,2.0,2.0,0.0,0.0,0.0,0.0,0.0,
ENG-Premier League,1617,2017-03-08 Manchester City-Stoke City,Manchester City,Wilfredo Caballero,True,Goalkeeper,1,start,end,1.0,0.0,0.0,0.0,0.0,0.0,0.0,0.0,2.0,0.0,0.0,0.0,0.0,0.0,
ENG-Premier League,1617,2017-03-08 Manchester City-Stoke City,Stoke City,Lee Grant,False,Goalkeeper,1,start,end,1.0,0.0,0.0,0.0,0.0,0.0,0.0,0.0,1.0,0.0,0.0,0.0,0.0,0.0,
ENG-Premier League,1617,2017-03-11 AFC Bournemouth-West Ham United,AFC Bournemouth,Artur Boruc,True,Goalkeeper,1,start,end,1.0,0.0,0.0,0.0,0.0,0.0,0.0,2.0,5.0,0.0,0.0,0.0,0.0,0.0,
ENG-Premier League,1617,2017-03-11 AFC Bournemouth-West Ham United,West Ham United,Darren Randolph,False,Goalkeeper,1,start,end,1.0,0.0,1.0,0.0,0.0,0.0,0.0,3.0,6.0,0.0,0.0,0.0,0.0,0.0,
ENG-Premier League,1617,2017-03-11 Everton-West Bromwich Albion,Everton,Joel Robles,True,Goalkeeper,1,start,end,1.0,0.0,0.0,0.0,0.0,0.0,0.0,0.0,2.0,0.0,0.0,0.0,0.0,0.0,
ENG-Premier League,1617,2017-03-11 Everton-West Bromwich Albion,West Bromwich Albion,Ben Foster,False,Goalkeeper,1,start,end,1.0,0.0,0.0,0.0,0.0,0.0,0.0,3.0,2.0,0.0,0.0,0.0,0.0,0.0,
ENG-Premier League,1617,2017-03-11 Hull City-Swansea City,Hull City,Eldin Jakupovic,True,Goalkeeper,1,start,end,1.0,0.0,0.0,0.0,0.0,0.0,0.0,1.0,2.0,0.0,0.0,0.0,0.0,0.0,
ENG-Premier League,1617,2017-03-11 Hull City-Swansea City,Swansea City,Lukasz Fabianski,False,Goalkeeper,1,start,end,1.0,0.0,0.0,0.0,0.0,0.0,0.0,2.0,4.0,0.0,0.0,0.0,0.0,0.0,
ENG-Premier League,1617,2017-03-12 Liverpool-Burnley,Burnley,Tom Heaton,False,Goalkeeper,1,start,end,1.0,0.0,0.0,0.0,0.0,0.0,0.0,2.0,1.0,0.0,0.0,0.0,0.0,0.0,
ENG-Premier League,1617,2017-03-12 Liverpool-Burnley,Liverpool,Simon Mignolet,True,Goalkeeper,1,start,end,1.0,0.0,1.0,0.0,0.0,0.0,0.0,1.0,0.0,0.0,0.0,0.0,0.0,0.0,
ENG-Premier League,1617,2017-03-18 AFC Bournemouth-Swansea City,AFC Bournemouth,Artur Boruc,True,Goalkeeper,1,start,end,1.0,0.0,0.0,0.0,0.0,0.0,0.0,0.0,1.0,0.0,0.0,0.0,0.0,0.0,
ENG-Premier League,1617,2017-03-18 AFC Bournemouth-Swansea City,Swansea City,Lukasz Fabianski,False,Goalkeeper,1,start,end,1.0,0.0,0.0,0.0,0.0,0.0,0.0,2.0,5.0,0.0,0.0,0.0,0.0,0.0,
ENG-Premier League,1617,2017-03-18 Crystal Palace-Watford,Crystal Palace,Wayne Hennessey,True,Goalkeeper,1,start,end,1.0,0.0,0.0,0.0,0.0,0.0,0.0,0.0,2.0,0.0,0.0,0.0,0.0,0.0,
ENG-Premier League,1617,2017-03-18 Crystal Palace-Watford,Watford,Heurelho Gomes,False,Goalkeeper,1,start,end,1.0,0.0,0.0,0.0,0.0,0.0,0.0,1.0,0.0,0.0,0.0,0.0,0.0,0.0,
ENG-Premier League,1617,2017-03-18 Everton-Hull City,Everton,Joel Robles,True,Goalkeeper,1,start,end,1.0,0.0,0.0,0.0,0.0,0.0,0.0,0.0,0.0,0.0,0.0,0.0,0.0,0.0,
ENG-Premier League,1617,2017-03-18 Everton-Hull City,Hull City,Eldin Jakupovic,False,Goalkeeper,1,start,end,1.0,0.0,0.0,0.0,0.0,0.0,0.0,4.0,4.0,0.0,0.0,0.0,0.0,0.0,
ENG-Premier League,1617,2017-03-18 Stoke City-Chelsea,Chelsea,Thibaut Courtois,False,Goalkeeper,1,start,end,1.0,0.0,0.0,0.0,0.0,0.0,0.0,1.0,0.0,0.0,0.0,0.0,0.0,0.0,
ENG-Premier League,1617,2017-03-18 Stoke City-Chelsea,Stoke City,Lee Grant,True,Goalkeeper,1,start,end,1.0,0.0,1.0,0.0,0.0,0.0,0.0,2.0,5.0,0.0,0.0,0.0,0.0,0.0,
ENG-Premier League,1617,2017-03-18 Sunderland-Burnley,Burnley,Tom Heaton,False,Goalkeeper,1,start,end,1.0,0.0,0.0,0.0,0.0,0.0,0.0,0.0,5.0,0.0,0.0,0.0,0.0,0.0,
ENG-Premier League,1617,2017-03-18 Sunderland-Burnley,Sunderland,Jordan Pickford,True,Goalkeeper,1,start,end,1.0,0.0,0.0,0.0,0.0,0.0,0.0,0.0,3.0,0.0,0.0,0.0,0.0,0.0,
ENG-Premier League,1617,2017-03-18 West Bromwich Albion-Arsenal,Arsenal,Petr Cech,False,Goalkeeper,1,start,38,1.0,0.0,0.0,0.0,0.0,0.0,0.0,1.0,3.0,0.0,0.0,0.0,0.0,0.0,
ENG-Premier League,1617,2017-03-18 West Bromwich Albion-Arsenal,West Bromwich Albion,Ben Foster,True,Goalkeeper,1,start,end,1.0,0.0,0.0,0.0,0.0,0.0,0.0,1.0,1.0,0.0,0.0,0.0,0.0,0.0,
ENG-Premier League,1617,2017-03-18 West Ham United-Leicester City,Leicester City,Kasper Schmeichel,False,Goalkeeper,1,start,end,1.0,0.0,1.0,0.0,0.0,0.0,0.0,2.0,4.0,0.0,0.0,0.0,0.0,0.0,
ENG-Premier League,1617,2017-03-18 West Ham United-Leicester City,West Ham United,Darren Randolph,True,Goalkeeper,1,start,end,1.0,0.0,0.0,0.0,0.0,0.0,0.0,3.0,2.0,0.0,0.0,0.0,0.0,0.0,
ENG-Premier League,1617,2017-03-19 Manchester City-Liverpool,Liverpool,Simon Mignolet,False,Goalkeeper,1,start,end,1.0,0.0,0.0,0.0,0.0,0.0,0.0,1.0,2.0,0.0,0.0,0.0,0.0,0.0,
ENG-Premier League,1617,2017-03-19 Manchester City-Liverpool,Manchester City,Wilfredo Caballero,True,Goalkeeper,1,start,end,1.0,0.0,0.0,0.0,0.0,0.0,0.0,1.0,3.0,0.0,0.0,0.0,0.0,0.0,
ENG-Premier League,1617,2017-03-19 Middlesbrough-Manchester United,Manchester United,David de Gea,False,Goalkeeper,1,start,end,1.0,0.0,0.0,0.0,0.0,0.0,0.0,1.0,2.0,0.0,0.0,0.0,0.0,0.0,
ENG-Premier League,1617,2017-03-19 Middlesbrough-Manchester United,Middlesbrough,Víctor Valdés,True,Goalkeeper,1,start,end,1.0,0.0,0.0,0.0,0.0,0.0,0.0,3.0,3.0,11.0,0.0,0.0,0.0,0.0,
ENG-Premier League,1617,2017-03-19 Tottenham Hotspur-Southampton,Southampton,Fraser Forster,False,Goalkeeper,1,start,end,1.0,0.0,0.0,0.0,0.0,0.0,0.0,2.0,4.0,0.0,0.0,0.0,0.0,0.0,
ENG-Premier League,1617,2017-03-19 Tottenham Hotspur-Southampton,Tottenham Hotspur,Hugo Lloris,True,Goalkeeper,1,start,end,1.0,0.0,0.0,0.0,0.0,0.0,0.0,1.0,2.0,0.0,0.0,0.0,0.0,0.0,
ENG-Premier League,1617,2017-04-01 Burnley-Tottenham Hotspur,Burnley,Tom Heaton,True,Goalkeeper,1,start,end,1.0,0.0,0.0,0.0,0.0,0.0,0.0,2.0,5.0,0.0,0.0,0.0,0.0,0.0,
ENG-Premier League,1617,2017-04-01 Burnley-Tottenham Hotspur,Tottenham Hotspur,Hugo Lloris,False,Goalkeeper,1,start,end,1.0,0.0,1.0,0.0,0.0,0.0,0.0,0.0,2.0,0.0,0.0,0.0,0.0,0.0,
ENG-Premier League,1617,2017-04-01 Chelsea-Crystal Palace,Chelsea,Thibaut Courtois,True,Goalkeeper,1,start,end,1.0,0.0,0.0,0.0,0.0,0.0,0.0,2.0,1.0,0.0,0.0,0.0,0.0,0.0,
ENG-Premier League,1617,2017-04-01 Chelsea-Crystal Palace,Crystal Palace,Wayne Hennessey,False,Goalkeeper,1,start,end,1.0,0.0,0.0,0.0,0.0,0.0,0.0,1.0,10.0,0.0,0.0,0.0,0.0,0.0,
ENG-Premier League,1617,2017-04-01 Hull City-West Ham United,Hull City,Eldin Jakupovic,True,Goalkeeper,1,start,end,1.0,0.0,1.0,0.0,0.0,0.0,0.0,1.0,3.0,0.0,0.0,0.0,0.0,0.0,
ENG-Premier League,1617,2017-04-01 Hull City-West Ham United,West Ham United,Darren Randolph,False,Goalkeeper,1,start,end,1.0,0.0,0.0,0.0,0.0,0.0,0.0,2.0,1.0,0.0,0.0,0.0,0.0,0.0,
ENG-Premier League,1617,2017-04-01 Leicester City-Stoke City,Leicester City,Kasper Schmeichel,True,Goalkeeper,1,start,end,1.0,0.0,0.0,0.0,0.0,0.0,0.0,0.0,2.0,0.0,0.0,0.0,0.0,0.0,
ENG-Premier League,1617,2017-04-01 Leicester City-Stoke City,Stoke City,Lee Grant,False,Goalkeeper,1,start,end,1.0,0.0,0.0,0.0,0.0,0.0,0.0,2.0,8.0,0.0,0.0,0.0,0.0,0.0,
ENG-Premier League,1617,2017-04-01 Liverpool-Everton,Everton,Joel Robles,False,Goalkeeper,1,start,end,1.0,0.0,1.0,0.0,0.0,0.0,0.0,3.0,2.0,0.0,0.0,0.0,0.0,0.0,
ENG-Premier League,1617,2017-04-01 Liverpool-Everton,Liverpool,Simon Mignolet,True,Goalkeeper,1,start,end,1.0,0.0,0.0,0.0,0.0,0.0,0.0,1.0,3.0,0.0,0.0,0.0,0.0,0.0,
ENG-Premier League,1617,2017-04-01 Manchester United-West Bromwich Albion,Manchester United,David de Gea,True,Goalkeeper,1,start,end,1.0,0.0,0.0,0.0,0.0,0.0,0.0,0.0,1.0,0.0,0.0,0.0,0.0,0.0,
ENG-Premier League,1617,2017-04-01 Manchester United-West Bromwich Albion,West Bromwich Albion,Ben Foster,False,Goalkeeper,1,start,end,1.0,0.0,0.0,0.0,0.0,0.0,0.0,0.0,3.0,0.0,0.0,0.0,0.0,0.0,
ENG-Premier League,1617,2017-04-01 Southampton-AFC Bournemouth,AFC Bournemouth,Artur Boruc,False,Goalkeeper,1,start,end,1.0,0.0,0.0,0.0,0.0,0.0,0.0,0.0,4.0,0.0,0.0,0.0,0.0,0.0,
ENG-Premier League,1617,2017-04-01 Southampton-AFC Bournemouth,Southampton,Fraser Forster,True,Goalkeeper,1,start,end,1.0,0.0,0.0,0.0,0.0,0.0,0.0,0.0,2.0,0.0,0.0,0.0,0.0,0.0,
ENG-Premier League,1617,2017-04-01 Watford-Sunderland,Sunderland,Jordan Pickford,False,Goalkeeper,1,start,end,1.0,0.0,0.0,0.0,0.0,0.0,0.0,1.0,9.0,0.0,0.0,0.0,0.0,0.0,
ENG-Premier League,1617,2017-04-01 Watford-Sunderland,Watford,Heurelho Gomes,True,Goalkeeper,1,start,end,1.0,0.0,0.0,0.0,0.0,0.0,0.0,0.0,3.0,0.0,0.0,0.0,0.0,0.0,
ENG-Premier League,1617,2017-04-02 Arsenal-Manchester City,Arsenal,David Ospina,True,Goalkeeper,1,start,end,1.0,0.0,1.0,0.0,0.0,0.0,0.0,2.0,3.0,0.0,0.0,0.0,0.0,0.0,
ENG-Premier League,1617,2017-04-02 Arsenal-Manchester City,Manchester City,Wilfredo Caballero,False,Goalkeeper,1,start,end,1.0,0.0,0.0,0.0,0.0,0.0,0.0,2.0,1.0,0.0,0.0,0.0,0.0,0.0,
ENG-Premier League,1617,2017-04-02 Swansea City-Middlesbrough,Middlesbrough,Víctor Valdés,False,Goalkeeper,1,start,end,1.0,0.0,1.0,0.0,0.0,0.0,0.0,0.0,3.0,15.0,0.0,0.0,0.0,0.0,
ENG-Premier League,1617,2017-04-02 Swansea City-Middlesbrough,Swansea City,Lukasz Fabianski,True,Goalkeeper,1,start,end,1.0,0.0,0.0,0.0,0.0,0.0,0.0,0.0,1.0,0.0,0.0,0.0,0.0,0.0,
ENG-Premier League,1617,2017-04-04 Burnley-Stoke City,Burnley,Tom Heaton,True,Goalkeeper,1,start,end,1.0,0.0,0.0,0.0,0.0,0.0,0.0,0.0,2.0,0.0,0.0,0.0,0.0,0.0,
ENG-Premier League,1617,2017-04-04 Burnley-Stoke City,Stoke City,Lee Grant,False,Goalkeeper,1,start,end,1.0,0.0,0.0,0.0,0.0,0.0,0.0,1.0,2.0,0.0,0.0,0.0,0.0,0.0,
ENG-Premier League,1617,2017-04-04 Leicester City-Sunderland,Leicester City,Kasper Schmeichel,True,Goalkeeper,1,start,end,1.0,0.0,0.0,0.0,0.0,0.0,0.0,0.0,4.0,0.0,0.0,0.0,0.0,0.0,
ENG-Premier League,1617,2017-04-04 Leicester City-Sunderland,Sunderland,Jordan Pickford,False,Goalkeeper,1,start,end,1.0,0.0,0.0,0.0,0.0,0.0,0.0,2.0,6.0,0.0,0.0,0.0,0.0,0.0,
ENG-Premier League,1617,2017-04-04 Manchester United-Everton,Everton,Joel Robles,False,Goalkeeper,1,start,end,1.0,0.0,0.0,0.0,0.0,0.0,1.0,1.0,2.0,0.0,0.0,0.0,0.0,0.0,
ENG-Premier League,1617,2017-04-04 Manchester United-Everton,Manchester United,David de Gea,True,Goalkeeper,1,start,end,1.0,0.0,0.0,0.0,0.0,0.0,0.0,1.0,3.0,0.0,0.0,0.0,0.0,0.0,
ENG-Premier League,1617,2017-04-04 Watford-West Bromwich Albion,Watford,Heurelho Gomes,True,Goalkeeper,1,start,end,1.0,0.0,0.0,0.0,0.0,0.0,0.0,0.0,2.0,0.0,0.0,0.0,0.0,0.0,
ENG-Premier League,1617,2017-04-04 Watford-West Bromwich Albion,West Bromwich Albion,Ben Foster,False,Goalkeeper,1,start,end,1.0,0.0,0.0,0.0,0.0,0.0,0.0,2.0,0.0,0.0,0.0,0.0,0.0,0.0,
ENG-Premier League,1617,2017-04-05 Arsenal-West Ham United,Arsenal,Emiliano Martínez,True,Goalkeeper,1,start,end,1.0,0.0,0.0,0.0,0.0,0.0,0.0,0.0,2.0,0.0,0.0,0.0,0.0,0.0,
ENG-Premier League,1617,2017-04-05 Arsenal-West Ham United,West Ham United,Darren Randolph,False,Goalkeeper,1,start,end,1.0,0.0,0.0,0.0,0.0,0.0,0.0,3.0,5.0,0.0,0.0,0.0,0.0,0.0,
ENG-Premier League,1617,2017-04-05 Chelsea-Manchester City,Chelsea,Thibaut Courtois,True,Goalkeeper,1,start,end,1.0,0.0,0.0,0.0,0.0,0.0,0.0,1.0,6.0,0.0,0.0,0.0,0.0,0.0,
ENG-Premier League,1617,2017-04-05 Chelsea-Manchester City,Manchester City,Wilfredo Caballero,False,Goalkeeper,1,start,end,1.0,0.0,0.0,0.0,0.0,0.0,0.0,2.0,2.0,0.0,0.0,0.0,0.0,0.0,
ENG-Premier League,1617,2017-04-05 Hull City-Middlesbrough,Hull City,Eldin Jakupovic,True,Goalkeeper,1,start,end,1.0,0.0,0.0,0.0,0.0,0.0,0.0,2.0,2.0,0.0,0.0,0.0,0.0,0.0,
ENG-Premier League,1617,2017-04-05 Hull City-Middlesbrough,Middlesbrough,Víctor Valdés,False,Goalkeeper,1,start,end,1.0,0.0,0.0,0.0,0.0,0.0,0.0,4.0,1.0,0.0,0.0,0.0,0.0,0.0,
ENG-Premier League,1617,2017-04-05 Liverpool-AFC Bournemouth,AFC Bournemouth,Artur Boruc,False,Goalkeeper,1,start,end,1.0,0.0,0.0,0.0,0.0,0.0,0.0,2.0,6.0,0.0,0.0,0.0,0.0,0.0,
ENG-Premier League,1617,2017-04-05 Liverpool-AFC Bournemouth,Liverpool,Simon Mignolet,True,Goalkeeper,1,start,end,1.0,0.0,0.0,0.0,0.0,0.0,0.0,2.0,0.0,0.0,0.0,0.0,0.0,0.0,
ENG-Premier League,1617,2017-04-05 Southampton-Crystal Palace,Crystal Palace,Wayne Hennessey,False,Goalkeeper,1,start,end,1.0,0.0,0.0,0.0,0.0,0.0,0.0,3.0,4.0,0.0,0.0,0.0,0.0,0.0,
ENG-Premier League,1617,2017-04-05 Southampton-Crystal Palace,Southampton,Fraser Forster,True,Goalkeeper,1,start,end,1.0,0.0,0.0,0.0,0.0,0.0,0.0,1.0,2.0,0.0,0.0,0.0,0.0,0.0,
ENG-Premier League,1617,2017-04-05 Swansea City-Tottenham Hotspur,Swansea City,Lukasz Fabianski,True,Goalkeeper,1,start,end,1.0,0.0,0.0,0.0,0.0,0.0,0.0,3.0,5.0,0.0,0.0,0.0,0.0,0.0,
ENG-Premier League,1617,2017-04-05 Swansea City-Tottenham Hotspur,Tottenham Hotspur,Michel Vorm,False,Goalkeeper,1,start,end,1.0,0.0,1.0,0.0,0.0,0.0,0.0,1.0,0.0,0.0,0.0,0.0,0.0,0.0,
ENG-Premier League,1617,2017-04-08 AFC Bournemouth-Chelsea,AFC Bournemouth,Artur Boruc,True,Goalkeeper,1,start,end,1.0,0.0,0.0,0.0,0.0,0.0,0.0,3.0,3.0,0.0,0.0,0.0,0.0,0.0,
ENG-Premier League,1617,2017-04-08 AFC Bournemouth-Chelsea,Chelsea,Thibaut Courtois,False,Goalkeeper,1,start,end,1.0,0.0,0.0,0.0,0.0,0.0,0.0,1.0,1.0,0.0,0.0,0.0,0.0,0.0,
ENG-Premier League,1617,2017-04-08 Manchester City-Hull City,Hull City,Eldin Jakupovic,False,Goalkeeper,1,start,end,1.0,0.0,0.0,0.0,0.0,0.0,0.0,3.0,6.0,0.0,0.0,0.0,0.0,0.0,
ENG-Premier League,1617,2017-04-08 Manchester City-Hull City,Manchester City,Claudio Bravo,True,Goalkeeper,1,start,end,1.0,0.0,0.0,0.0,0.0,0.0,0.0,1.0,0.0,0.0,0.0,0.0,0.0,0.0,
ENG-Premier League,1617,2017-04-08 Middlesbrough-Burnley,Burnley,Tom Heaton,False,Goalkeeper,1,start,end,1.0,0.0,0.0,0.0,0.0,0.0,0.0,0.0,3.0,0.0,0.0,0.0,0.0,0.0,
ENG-Premier League,1617,2017-04-08 Middlesbrough-Burnley,Middlesbrough,Víctor Valdés,True,Goalkeeper,1,start,end,1.0,0.0,0.0,0.0,0.0,0.0,0.0,0.0,2.0,7.0,0.0,0.0,0.0,0.0,
ENG-Premier League,1617,2017-04-08 Stoke City-Liverpool,Liverpool,Simon Mignolet,False,Goalkeeper,1,start,end,1.0,0.0,1.0,0.0,0.0,0.0,0.0,1.0,3.0,0.0,0.0,0.0,0.0,0.0,
ENG-Premier League,1617,2017-04-08 Stoke City-Liverpool,Stoke City,Lee Grant,True,Goalkeeper,1,start,end,1.0,0.0,0.0,0.0,0.0,0.0,0.0,2.0,2.0,0.0,0.0,0.0,0.0,0.0,
ENG-Premier League,1617,2017-04-08 Tottenham Hotspur-Watford,Tottenham Hotspur,Hugo Lloris,True,Goalkeeper,1,start,end,1.0,0.0,0.0,0.0,0.0,0.0,0.0,0.0,2.0,0.0,0.0,0.0,0.0,0.0,
ENG-Premier League,1617,2017-04-08 Tottenham Hotspur-Watford,Watford,Heurelho Gomes,False,Goalkeeper,1,start,end,1.0,0.0,0.0,0.0,0.0,0.0,0.0,4.0,2.0,0.0,0.0,0.0,0.0,0.0,
ENG-Premier League,1617,2017-04-08 West Bromwich Albion-Southampton,Southampton,Fraser Forster,False,Goalkeeper,1,start,end,1.0,0.0,0.0,0.0,0.0,0.0,1.0,0.0,6.0,0.0,0.0,0.0,0.0,0.0,
ENG-Premier League,1617,2017-04-08 West Bromwich Albion-Southampton,West Bromwich Albion,Ben Foster,True,Goalkeeper,1,start,end,1.0,0.0,0.0,0.0,0.0,0.0,0.0,1.0,2.0,0.0,0.0,0.0,0.0,0.0,
ENG-Premier League,1617,2017-04-08 West Ham United-Swansea City,Swansea City,Lukasz Fabianski,False,Goalkeeper,1,start,end,1.0,0.0,0.0,0.0,0.0,0.0,0.0,1.0,5.0,0.0,0.0,0.0,0.0,0.0,
ENG-Premier League,1617,2017-04-08 West Ham United-Swansea City,West Ham United,Darren Randolph,True,Goalkeeper,1,start,end,1.0,0.0,0.0,0.0,0.0,0.0,1.0,0.0,1.0,0.0,0.0,0.0,0.0,0.0,
ENG-Premier League,1617,2017-04-09 Everton-Leicester City,Everton,Joel Robles,True,Goalkeeper,1,start,end,1.0,0.0,0.0,0.0,0.0,0.0,0.0,2.0,2.0,0.0,0.0,0.0,0.0,0.0,
ENG-Premier League,1617,2017-04-09 Everton-Leicester City,Leicester City,Kasper Schmeichel,False,Goalkeeper,1,start,end,1.0,0.0,0.0,0.0,0.0,0.0,0.0,4.0,3.0,0.0,0.0,0.0,0.0,0.0,
ENG-Premier League,1617,2017-04-09 Sunderland-Manchester United,Manchester United,Sergio Romero,False,Goalkeeper,1,start,end,1.0,0.0,0.0,0.0,0.0,0.0,0.0,0.0,4.0,0.0,0.0,0.0,0.0,0.0,
ENG-Premier League,1617,2017-04-09 Sunderland-Manchester United,Sunderland,Jordan Pickford,True,Goalkeeper,1,start,end,1.0,0.0,2.0,0.0,0.0,0.0,0.0,3.0,6.0,0.0,0.0,0.0,0.0,0.0,
ENG-Premier League,1617,2017-04-10 Crystal Palace-Arsenal,Arsenal,Emiliano Martínez,False,Goalkeeper,1,start,end,1.0,1.0,0.0,0.0,0.0,0.0,0.0,3.0,3.0,0.0,0.0,0.0,0.0,0.0,
ENG-Premier League,1617,2017-04-10 Crystal Palace-Arsenal,Crystal Palace,Wayne Hennessey,True,Goalkeeper,1,start,end,1.0,0.0,0.0,0.0,0.0,0.0,0.0,0.0,3.0,0.0,0.0,0.0,0.0,0.0,
ENG-Premier League,1617,2017-04-15 Crystal Palace-Leicester City,Crystal Palace,Wayne Hennessey,True,Goalkeeper,1,start,end,1.0,0.0,0.0,0.0,0.0,0.0,0.0,2.0,0.0,0.0,0.0,0.0,0.0,0.0,
ENG-Premier League,1617,2017-04-15 Crystal Palace-Leicester City,Leicester City,Kasper Schmeichel,False,Goalkeeper,1,start,end,1.0,0.0,1.0,0.0,0.0,0.0,0.0,2.0,2.0,0.0,0.0,0.0,0.0,0.0,
ENG-Premier League,1617,2017-04-15 Everton-Burnley,Burnley,Tom Heaton,False,Goalkeeper,1,start,end,1.0,0.0,0.0,0.0,0.0,0.0,0.0,3.0,5.0,0.0,0.0,0.0,0.0,0.0,
ENG-Premier League,1617,2017-04-15 Everton-Burnley,Everton,Joel Robles,True,Goalkeeper,1,start,end,1.0,1.0,2.0,0.0,0.0,0.0,0.0,1.0,3.0,0.0,0.0,0.0,0.0,0.0,
ENG-Premier League,1617,2017-04-15 Southampton-Manchester City,Manchester City,Claudio Bravo,False,Goalkeeper,1,start,end,1.0,0.0,0.0,0.0,0.0,0.0,0.0,0.0,1.0,0.0,0.0,0.0,0.0,0.0,
ENG-Premier League,1617,2017-04-15 Southampton-Manchester City,Southampton,Fraser Forster,True,Goalkeeper,1,start,end,1.0,0.0,0.0,0.0,0.0,0.0,0.0,3.0,2.0,0.0,0.0,0.0,0.0,0.0,
ENG-Premier League,1617,2017-04-15 Stoke City-Hull City,Hull City,Eldin Jakupovic,False,Goalkeeper,1,start,end,1.0,0.0,0.0,0.0,0.0,0.0,0.0,3.0,1.0,0.0,0.0,0.0,0.0,0.0,
ENG-Premier League,1617,2017-04-15 Stoke City-Hull City,Stoke City,Lee Grant,True,Goalkeeper,1,start,end,1.0,0.0,0.0,0.0,0.0,0.0,0.0,1.0,2.0,0.0,0.0,0.0,0.0,0.0,
ENG-Premier League,1617,2017-04-15 Sunderland-West Ham United,Sunderland,Jordan Pickford,True,Goalkeeper,1,start,end,1.0,0.0,0.0,0.0,0.0,0.0,0.0,2.0,1.0,0.0,0.0,0.0,0.0,0.0,
ENG-Premier League,1617,2017-04-15 Sunderland-West Ham United,West Ham United,Darren Randolph,False,Goalkeeper,1,start,end,1.0,0.0,0.0,0.0,0.0,0.0,0.0,2.0,2.0,0.0,0.0,0.0,0.0,0.0,
ENG-Premier League,1617,2017-04-15 Tottenham Hotspur-AFC Bournemouth,AFC Bournemouth,Artur Boruc,False,Goalkeeper,1,start,end,1.0,0.0,0.0,0.0,0.0,0.0,0.0,4.0,10.0,0.0,0.0,0.0,0.0,0.0,
ENG-Premier League,1617,2017-04-15 Tottenham Hotspur-AFC Bournemouth,Tottenham Hotspur,Hugo Lloris,True,Goalkeeper,1,start,end,1.0,0.0,0.0,0.0,0.0,0.0,0.0,0.0,1.0,0.0,0.0,0.0,0.0,0.0,
ENG-Premier League,1617,2017-04-15 Watford-Swansea City,Swansea City,Lukasz Fabianski,False,Goalkeeper,1,start,end,1.0,0.0,0.0,0.0,0.0,0.0,0.0,1.0,6.0,0.0,0.0,0.0,0.0,0.0,
ENG-Premier League,1617,2017-04-15 Watford-Swansea City,Watford,Heurelho Gomes,True,Goalkeeper,1,start,end,1.0,0.0,0.0,0.0,0.0,0.0,0.0,0.0,4.0,0.0,0.0,0.0,0.0,0.0,
ENG-Premier League,1617,2017-04-16 Manchester United-Chelsea,Chelsea,Asmir Begovic,False,Goalkeeper,1,start,end,1.0,0.0,0.0,0.0,0.0,0.0,0.0,2.0,1.0,0.0,0.0,0.0,0.0,0.0,
ENG-Premier League,1617,2017-04-16 Manchester United-Chelsea,Manchester United,David de Gea,True,Goalkeeper,1,start,end,1.0,0.0,0.0,0.0,0.0,0.0,0.0,0.0,0.0,0.0,0.0,0.0,0.0,0.0,
ENG-Premier League,1617,2017-04-16 West Bromwich Albion-Liverpool,Liverpool,Simon Mignolet,False,Goalkeeper,1,start,end,1.0,0.0,1.0,0.0,0.0,0.0,0.0,0.0,2.0,0.0,0.0,0.0,0.0,0.0,
ENG-Premier League,1617,2017-04-16 West Bromwich Albion-Liverpool,West Bromwich Albion,Ben Foster,True,Goalkeeper,1,start,end,1.0,0.0,0.0,0.0,0.0,0.0,0.0,1.0,1.0,0.0,0.0,0.0,0.0,0.0,
ENG-Premier League,1617,2017-04-17 Middlesbrough-Arsenal,Arsenal,Petr Cech,False,Goalkeeper,1,start,end,1.0,0.0,0.0,0.0,0.0,0.0,0.0,1.0,4.0,0.0,0.0,0.0,0.0,0.0,
ENG-Premier League,1617,2017-04-17 Middlesbrough-Arsenal,Middlesbrough,Brad Guzan,True,Goalkeeper,1,start,end,1.0,0.0,0.0,0.0,0.0,0.0,0.0,2.0,2.0,0.0,0.0,0.0,0.0,0.0,
ENG-Premier League,1617,2017-04-22 AFC Bournemouth-Middlesbrough,AFC Bournemouth,Artur Boruc,True,Goalkeeper,1,start,end,1.0,0.0,0.0,0.0,0.0,0.0,0.0,0.0,2.0,0.0,0.0,0.0,0.0,0.0,
ENG-Premier League,1617,2017-04-22 AFC Bournemouth-Middlesbrough,Middlesbrough,Brad Guzan,False,Goalkeeper,1,start,end,1.0,0.0,0.0,0.0,0.0,0.0,0.0,4.0,6.0,0.0,0.0,0.0,0.0,0.0,
ENG-Premier League,1617,2017-04-22 Hull City-Watford,Hull City,Eldin Jakupovic,True,Goalkeeper,1,start,end,1.0,0.0,0.0,0.0,0.0,0.0,0.0,0.0,2.0,0.0,0.0,0.0,0.0,0.0,
ENG-Premier League,1617,2017-04-22 Hull City-Watford,Watford,Heurelho Gomes,False,Goalkeeper,1,start,end,1.0,0.0,0.0,0.0,0.0,0.0,0.0,2.0,1.0,0.0,0.0,0.0,0.0,0.0,
ENG-Premier League,1617,2017-04-22 Swansea City-Stoke City,Stoke City,Jack Butland,False,Goalkeeper,1,start,end,1.0,0.0,1.0,0.0,0.0,0.0,0.0,2.0,4.0,0.0,0.0,0.0,0.0,0.0,
ENG-Premier League,1617,2017-04-22 Swansea City-Stoke City,Swansea City,Lukasz Fabianski,True,Goalkeeper,1,start,end,1.0,0.0,0.0,0.0,0.0,0.0,0.0,0.0,3.0,0.0,0.0,0.0,0.0,0.0,
ENG-Premier League,1617,2017-04-22 West Ham United-Everton,Everton,Maarten Stekelenburg,False,Goalkeeper,1,start,end,1.0,0.0,0.0,0.0,0.0,0.0,0.0,0.0,3.0,0.0,0.0,0.0,0.0,0.0,
ENG-Premier League,1617,2017-04-22 West Ham United-Everton,West Ham United,Adrián,True,Goalkeeper,1,start,end,1.0,0.0,0.0,0.0,0.0,0.0,0.0,0.0,0.0,0.0,0.0,0.0,0.0,0.0,
ENG-Premier League,1617,2017-04-23 Burnley-Manchester United,Burnley,Tom Heaton,True,Goalkeeper,1,start,end,1.0,0.0,0.0,0.0,0.0,0.0,0.0,2.0,4.0,0.0,0.0,0.0,0.0,0.0,
ENG-Premier League,1617,2017-04-23 Burnley-Manchester United,Manchester United,David de Gea,False,Goalkeeper,1,start,end,1.0,0.0,0.0,0.0,0.0,0.0,0.0,0.0,0.0,0.0,0.0,0.0,0.0,0.0,
ENG-Premier League,1617,2017-04-23 Liverpool-Crystal Palace,Crystal Palace,Wayne Hennessey,False,Goalkeeper,1,start,end,1.0,0.0,0.0,0.0,0.0,0.0,0.0,1.0,0.0,0.0,0.0,0.0,0.0,0.0,
ENG-Premier League,1617,2017-04-23 Liverpool-Crystal Palace,Liverpool,Simon Mignolet,True,Goalkeeper,1,start,end,1.0,0.0,0.0,0.0,0.0,0.0,0.0,2.0,1.0,0.0,0.0,0.0,0.0,0.0,
ENG-Premier League,1617,2017-04-25 Chelsea-Southampton,Chelsea,Thibaut Courtois,True,Goalkeeper,1,start,end,1.0,0.0,0.0,0.0,0.0,0.0,0.0,2.0,2.0,0.0,0.0,0.0,0.0,0.0,
ENG-Premier League,1617,2017-04-25 Chelsea-Southampton,Southampton,Fraser Forster,False,Goalkeeper,1,start,end,1.0,0.0,0.0,0.0,0.0,0.0,0.0,4.0,3.0,0.0,0.0,0.0,0.0,0.0,
ENG-Premier League,1617,2017-04-26 Arsenal-Leicester City,Arsenal,Petr Cech,True,Goalkeeper,1,start,end,1.0,0.0,0.0,0.0,0.0,0.0,0.0,0.0,3.0,0.0,0.0,0.0,0.0,0.0,
ENG-Premier League,1617,2017-04-26 Arsenal-Leicester City,Leicester City,Kasper Schmeichel,False,Goalkeeper,1,start,end,1.0,0.0,0.0,0.0,0.0,0.0,0.0,1.0,5.0,0.0,0.0,0.0,0.0,0.0,
ENG-Premier League,1617,2017-04-26 Crystal Palace-Tottenham Hotspur,Crystal Palace,Wayne Hennessey,True,Goalkeeper,1,start,end,1.0,0.0,0.0,0.0,0.0,0.0,0.0,1.0,3.0,0.0,0.0,0.0,0.0,0.0,
ENG-Premier League,1617,2017-04-26 Crystal Palace-Tottenham Hotspur,Tottenham Hotspur,Hugo Lloris,False,Goalkeeper,1,start,end,1.0,0.0,0.0,0.0,0.0,0.0,0.0,0.0,1.0,0.0,0.0,0.0,0.0,0.0,
ENG-Premier League,1617,2017-04-26 Middlesbrough-Sunderland,Middlesbrough,Brad Guzan,True,Goalkeeper,1,start,end,1.0,0.0,0.0,0.0,0.0,0.0,0.0,0.0,4.0,0.0,0.0,0.0,0.0,0.0,
ENG-Premier League,1617,2017-04-26 Middlesbrough-Sunderland,Sunderland,Jordan Pickford,False,Goalkeeper,1,start,end,1.0,0.0,0.0,0.0,0.0,0.0,0.0,1.0,1.0,0.0,0.0,0.0,0.0,0.0,
ENG-Premier League,1617,2017-04-27 Manchester City-Manchester United,Manchester City,Claudio Bravo,True,Goalkeeper,1,start,79,1.0,0.0,0.0,0.0,0.0,0.0,0.0,0.0,1.0,0.0,0.0,0.0,0.0,0.0,
ENG-Premier League,1617,2017-04-27 Manchester City-Manchester United,Manchester United,David de Gea,False,Goalkeeper,1,start,end,1.0,0.0,0.0,0.0,0.0,0.0,0.0,0.0,6.0,0.0,0.0,0.0,0.0,0.0,
ENG-Premier League,1617,2017-04-29 Crystal Palace-Burnley,Burnley,Tom Heaton,False,Goalkeeper,1,start,end,1.0,0.0,0.0,0.0,0.0,0.0,0.0,0.0,5.0,0.0,0.0,0.0,0.0,0.0,
ENG-Premier League,1617,2017-04-29 Crystal Palace-Burnley,Crystal Palace,Wayne Hennessey,True,Goalkeeper,1,start,end,1.0,0.0,0.0,0.0,0.0,0.0,0.0,2.0,1.0,0.0,0.0,0.0,0.0,0.0,
ENG-Premier League,1617,2017-04-29 Southampton-Hull City,Hull City,Eldin Jakupovic,False,Goalkeeper,1,start,end,1.0,0.0,0.0,0.0,0.0,0.0,0.0,0.0,2.0,0.0,0.0,0.0,0.0,0.0,
ENG-Premier League,1617,2017-04-29 Southampton-Hull City,Southampton,Fraser Forster,True,Goalkeeper,1,start,end,1.0,0.0,0.0,0.0,0.0,0.0,0.0,0.0,1.0,0.0,0.0,0.0,0.0,0.0,
ENG-Premier League,1617,2017-04-29 Stoke City-West Ham United,Stoke City,Jack Butland,True,Goalkeeper,1,start,end,1.0,0.0,0.0,0.0,0.0,0.0,0.0,0.0,4.0,0.0,0.0,0.0,0.0,0.0,
ENG-Premier League,1617,2017-04-29 Stoke City-West Ham United,West Ham United,Adrián,False,Goalkeeper,1,start,end,1.0,0.0,0.0,0.0,0.0,0.0,0.0,0.0,4.0,0.0,0.0,0.0,0.0,0.0,
ENG-Premier League,1617,2017-04-29 Sunderland-AFC Bournemouth,AFC Bournemouth,Artur Boruc,False,Goalkeeper,1,start,end,1.0,0.0,1.0,0.0,0.0,0.0,0.0,0.0,5.0,0.0,0.0,0.0,0.0,0.0,
ENG-Premier League,1617,2017-04-29 Sunderland-AFC Bournemouth,Sunderland,Jordan Pickford,True,Goalkeeper,1,start,end,1.0,0.0,0.0,0.0,0.0,0.0,0.0,1.0,5.0,0.0,0.0,0.0,0.0,0.0,
ENG-Premier League,1617,2017-04-29 West Bromwich Albion-Leicester City,Leicester City,Kasper Schmeichel,False,Goalkeeper,1,start,end,1.0,0.0,0.0,0.0,0.0,0.0,0.0,0.0,4.0,0.0,0.0,0.0,0.0,0.0,
ENG-Premier League,1617,2017-04-29 West Bromwich Albion-Leicester City,West Bromwich Albion,Ben Foster,True,Goalkeeper,1,start,end,1.0,0.0,0.0,0.0,0.0,0.0,0.0,1.0,0.0,0.0,0.0,0.0,0.0,0.0,
ENG-Premier League,1617,2017-04-30 Everton-Chelsea,Chelsea,Thibaut Courtois,False,Goalkeeper,1,start,end,1.0,0.0,0.0,0.0,0.0,0.0,0.0,0.0,2.0,0.0,0.0,0.0,0.0,0.0,
ENG-Premier League,1617,2017-04-30 Everton-Chelsea,Everton,Maarten Stekelenburg,True,Goalkeeper,1,start,end,1.0,0.0,1.0,0.0,0.0,0.0,0.0,3.0,2.0,0.0,0.0,0.0,0.0,0.0,
ENG-Premier League,1617,2017-04-30 Manchester United-Swansea City,Manchester United,David de Gea,True,Goalkeeper,1,start,end,1.0,0.0,0.0,0.0,0.0,0.0,0.0,1.0,3.0,0.0,0.0,0.0,0.0,0.0,
ENG-Premier League,1617,2017-04-30 Manchester United-Swansea City,Swansea City,Lukasz Fabianski,False,Goalkeeper,1,start,end,1.0,1.0,0.0,0.0,0.0,0.0,0.0,1.0,5.0,0.0,0.0,0.0,0.0,0.0,
ENG-Premier League,1617,2017-04-30 Middlesbrough-Manchester City,Manchester City,Wilfredo Caballero,False,Goalkeeper,1,start,end,1.0,0.0,0.0,0.0,0.0,0.0,0.0,2.0,4.0,0.0,0.0,0.0,0.0,0.0,
ENG-Premier League,1617,2017-04-30 Middlesbrough-Manchester City,Middlesbrough,Brad Guzan,True,Goalkeeper,1,start,end,1.0,0.0,0.0,0.0,0.0,0.0,0.0,2.0,2.0,0.0,0.0,0.0,0.0,0.0,
ENG-Premier League,1617,2017-04-30 Tottenham Hotspur-Arsenal,Arsenal,Petr Cech,False,Goalkeeper,1,start,end,1.0,0.0,0.0,0.0,0.0,0.0,0.0,2.0,9.0,0.0,0.0,0.0,0.0,0.0,
ENG-Premier League,1617,2017-04-30 Tottenham Hotspur-Arsenal,Tottenham Hotspur,Hugo Lloris,True,Goalkeeper,1,start,end,1.0,0.0,1.0,0.0,0.0,0.0,0.0,0.0,4.0,0.0,0.0,0.0,0.0,0.0,
ENG-Premier League,1617,2017-05-01 Watford-Liverpool,Liverpool,Simon Mignolet,False,Goalkeeper,1,start,end,1.0,0.0,0.0,0.0,0.0,0.0,0.0,0.0,2.0,0.0,0.0,0.0,0.0,0.0,
ENG-Premier League,1617,2017-05-01 Watford-Liverpool,Watford,Heurelho Gomes,True,Goalkeeper,1,start,end,1.0,0.0,0.0,0.0,0.0,0.0,0.0,1.0,7.0,0.0,0.0,0.0,0.0,0.0,
ENG-Premier League,1617,2017-05-05 West Ham United-Tottenham Hotspur,Tottenham Hotspur,Hugo Lloris,False,Goalkeeper,1,start,end,1.0,0.0,0.0,0.0,0.0,0.0,0.0,1.0,4.0,0.0,0.0,0.0,0.0,0.0,
ENG-Premier League,1617,2017-05-05 West Ham United-Tottenham Hotspur,West Ham United,Adrián,True,Goalkeeper,1,start,end,1.0,0.0,0.0,0.0,0.0,0.0,0.0,0.0,5.0,0.0,0.0,0.0,0.0,0.0,
ENG-Premier League,1617,2017-05-06 AFC Bournemouth-Stoke City,AFC Bournemouth,Artur Boruc,True,Goalkeeper,1,start,end,1.0,0.0,1.0,0.0,0.0,0.0,0.0,2.0,2.0,0.0,0.0,0.0,0.0,0.0,
ENG-Premier League,1617,2017-05-06 AFC Bournemouth-Stoke City,Stoke City,Jack Butland,False,Goalkeeper,1,start,end,1.0,0.0,0.0,0.0,0.0,0.0,0.0,2.0,1.0,0.0,0.0,0.0,0.0,0.0,
ENG-Premier League,1617,2017-05-06 Burnley-West Bromwich Albion,Burnley,Tom Heaton,True,Goalkeeper,1,start,end,1.0,0.0,1.0,0.0,0.0,0.0,0.0,2.0,1.0,0.0,0.0,0.0,0.0,0.0,
ENG-Premier League,1617,2017-05-06 Burnley-West Bromwich Albion,West Bromwich Albion,Ben Foster,False,Goalkeeper,1,start,end,1.0,0.0,0.0,0.0,0.0,0.0,0.0,2.0,3.0,0.0,0.0,0.0,0.0,0.0,
ENG-Premier League,1617,2017-05-06 Hull City-Sunderland,Hull City,Eldin Jakupovic,True,Goalkeeper,1,start,end,1.0,0.0,0.0,0.0,0.0,0.0,0.0,2.0,3.0,0.0,0.0,0.0,0.0,0.0,
ENG-Premier League,1617,2017-05-06 Hull City-Sunderland,Sunderland,Jordan Pickford,False,Goalkeeper,1,start,end,1.0,0.0,0.0,0.0,0.0,0.0,0.0,0.0,5.0,0.0,0.0,0.0,0.0,0.0,
ENG-Premier League,1617,2017-05-06 Leicester City-Watford,Leicester City,Kasper Schmeichel,True,Goalkeeper,1,start,end,1.0,0.0,1.0,0.0,0.0,0.0,0.0,0.0,7.0,0.0,0.0,0.0,0.0,0.0,
ENG-Premier League,1617,2017-05-06 Leicester City-Watford,Watford,Heurelho Gomes,False,Goalkeeper,1,start,end,1.0,0.0,0.0,0.0,0.0,0.0,0.0,3.0,3.0,0.0,0.0,0.0,0.0,0.0,
ENG-Premier League,1617,2017-05-06 Manchester City-Crystal Palace,Crystal Palace,Wayne Hennessey,False,Goalkeeper,1,start,end,1.0,0.0,0.0,0.0,0.0,0.0,0.0,5.0,7.0,0.0,0.0,0.0,0.0,0.0,
ENG-Premier League,1617,2017-05-06 Manchester City-Crystal Palace,Manchester City,Wilfredo Caballero,True,Goalkeeper,1,start,end,1.0,0.0,0.0,0.0,0.0,0.0,0.0,0.0,2.0,0.0,0.0,0.0,0.0,0.0,
ENG-Premier League,1617,2017-05-06 Swansea City-Everton,Everton,Maarten Stekelenburg,False,Goalkeeper,1,start,end,1.0,0.0,1.0,0.0,0.0,0.0,0.0,1.0,3.0,0.0,0.0,0.0,0.0,0.0,
ENG-Premier League,1617,2017-05-06 Swansea City-Everton,Swansea City,Lukasz Fabianski,True,Goalkeeper,1,start,end,1.0,0.0,0.0,0.0,0.0,0.0,0.0,0.0,2.0,0.0,0.0,0.0,0.0,0.0,
ENG-Premier League,1617,2017-05-07 Arsenal-Manchester United,Arsenal,Petr Cech,True,Goalkeeper,1,start,end,1.0,0.0,0.0,0.0,0.0,0.0,0.0,0.0,4.0,0.0,0.0,0.0,0.0,0.0,
ENG-Premier League,1617,2017-05-07 Arsenal-Manchester United,Manchester United,David de Gea,False,Goalkeeper,1,start,end,1.0,0.0,0.0,0.0,0.0,0.0,0.0,2.0,2.0,0.0,0.0,0.0,0.0,0.0,
ENG-Premier League,1617,2017-05-07 Liverpool-Southampton,Liverpool,Simon Mignolet,True,Goalkeeper,1,start,end,1.0,0.0,0.0,0.0,0.0,0.0,0.0,0.0,0.0,0.0,0.0,0.0,0.0,0.0,
ENG-Premier League,1617,2017-05-07 Liverpool-Southampton,Southampton,Fraser Forster,False,Goalkeeper,1,start,end,1.0,0.0,0.0,0.0,0.0,0.0,0.0,0.0,8.0,0.0,0.0,0.0,0.0,0.0,
ENG-Premier League,1617,2017-05-08 Chelsea-Middlesbrough,Chelsea,Thibaut Courtois,True,Goalkeeper,1,start,end,1.0,0.0,0.0,0.0,0.0,0.0,0.0,0.0,1.0,0.0,0.0,0.0,0.0,0.0,
ENG-Premier League,1617,2017-05-08 Chelsea-Middlesbrough,Middlesbrough,Brad Guzan,False,Goalkeeper,1,start,end,1.0,0.0,1.0,0.0,0.0,0.0,0.0,3.0,4.0,0.0,0.0,0.0,0.0,0.0,
ENG-Premier League,1617,2017-05-10 Southampton-Arsenal,Arsenal,Petr Cech,False,Goalkeeper,1,start,end,1.0,0.0,0.0,0.0,0.0,0.0,0.0,0.0,3.0,0.0,0.0,0.0,0.0,0.0,
ENG-Premier League,1617,2017-05-10 Southampton-Arsenal,Southampton,Fraser Forster,True,Goalkeeper,1,start,end,1.0,0.0,0.0,0.0,0.0,0.0,0.0,2.0,2.0,0.0,0.0,0.0,0.0,0.0,
ENG-Premier League,1617,2017-05-12 Everton-Watford,Everton,Joel Robles,True,Goalkeeper,1,start,end,1.0,0.0,0.0,0.0,0.0,0.0,0.0,0.0,2.0,0.0,0.0,0.0,0.0,0.0,
ENG-Premier League,1617,2017-05-12 Everton-Watford,Watford,Heurelho Gomes,False,Goalkeeper,1,start,end,1.0,0.0,0.0,0.0,0.0,0.0,0.0,1.0,5.0,0.0,0.0,0.0,0.0,0.0,
ENG-Premier League,1617,2017-05-12 West Bromwich Albion-Chelsea,Chelsea,Thibaut Courtois,False,Goalkeeper,1,start,end,1.0,0.0,0.0,0.0,0.0,0.0,0.0,0.0,2.0,0.0,0.0,0.0,0.0,0.0,
ENG-Premier League,1617,2017-05-12 West Bromwich Albion-Chelsea,West Bromwich Albion,Ben Foster,True,Goalkeeper,1,start,end,1.0,0.0,0.0,0.0,0.0,0.0,0.0,1.0,4.0,0.0,0.0,0.0,0.0,0.0,
ENG-Premier League,1617,2017-05-13 AFC Bournemouth-Burnley,AFC Bournemouth,Artur Boruc,True,Goalkeeper,1,start,end,1.0,0.0,0.0,0.0,0.0,0.0,0.0,1.0,2.0,0.0,0.0,0.0,0.0,0.0,
ENG-Premier League,1617,2017-05-13 AFC Bournemouth-Burnley,Burnley,Tom Heaton,False,Goalkeeper,1,start,end,1.0,0.0,0.0,0.0,0.0,0.0,0.0,2.0,4.0,0.0,0.0,0.0,0.0,0.0,
ENG-Premier League,1617,2017-05-13 Manchester City-Leicester City,Leicester City,Kasper Schmeichel,False,Goalkeeper,1,start,end,1.0,0.0,0.0,0.0,0.0,0.0,0.0,2.0,3.0,0.0,0.0,0.0,0.0,0.0,
ENG-Premier League,1617,2017-05-13 Manchester City-Leicester City,Manchester City,Wilfredo Caballero,True,Goalkeeper,1,start,end,1.0,0.0,1.0,0.0,0.0,0.0,0.0,1.0,3.0,0.0,0.0,0.0,0.0,0.0,
ENG-Premier League,1617,2017-05-13 Middlesbrough-Southampton,Middlesbrough,Brad Guzan,True,Goalkeeper,1,start,end,1.0,1.0,0.0,0.0,0.0,0.0,0.0,2.0,2.0,0.0,0.0,0.0,0.0,0.0,
ENG-Premier League,1617,2017-05-13 Middlesbrough-Southampton,Southampton,Fraser Forster,False,Goalkeeper,1,start,end,1.0,0.0,0.0,0.0,0.0,0.0,0.0,1.0,2.0,0.0,0.0,0.0,0.0,0.0,
ENG-Premier League,1617,2017-05-13 Stoke City-Arsenal,Arsenal,Petr Cech,False,Goalkeeper,1,start,end,1.0,0.0,0.0,0.0,0.0,0.0,0.0,1.0,3.0,0.0,0.0,0.0,0.0,0.0,
ENG-Premier League,1617,2017-05-13 Stoke City-Arsenal,Stoke City,Jack Butland,True,Goalkeeper,1,start,end,1.0,0.0,0.0,0.0,0.0,0.0,0.0,4.0,2.0,0.0,0.0,0.0,0.0,0.0,
ENG-Premier League,1617,2017-05-13 Sunderland-Swansea City,Sunderland,Jordan Pickford,True,Goalkeeper,1,start,end,1.0,0.0,0.0,0.0,0.0,0.0,0.0,2.0,1.0,0.0,0.0,0.0,0.0,0.0,
ENG-Premier League,1617,2017-05-13 Sunderland-Swansea City,Swansea City,Lukasz Fabianski,False,Goalkeeper,1,start,end,1.0,0.0,0.0,0.0,0.0,0.0,0.0,0.0,4.0,0.0,0.0,0.0,0.0,0.0,
ENG-Premier League,1617,2017-05-14 Crystal Palace-Hull City,Crystal Palace,Wayne Hennessey,True,Goalkeeper,1,start,end,1.0,0.0,0.0,0.0,0.0,0.0,0.0,0.0,0.0,0.0,0.0,0.0,0.0,0.0,
ENG-Premier League,1617,2017-05-14 Crystal Palace-Hull City,Hull City,Eldin Jakupovic,False,Goalkeeper,1,start,end,1.0,0.0,0.0,0.0,0.0,0.0,0.0,4.0,0.0,0.0,0.0,0.0,0.0,0.0,
ENG-Premier League,1617,2017-05-14 Tottenham Hotspur-Manchester United,Manchester United,David de Gea,False,Goalkeeper,1,start,end,1.0,0.0,0.0,0.0,0.0,0.0,0.0,2.0,4.0,0.0,0.0,0.0,0.0,0.0,
ENG-Premier League,1617,2017-05-14 Tottenham Hotspur-Manchester United,Tottenham Hotspur,Hugo Lloris,True,Goalkeeper,1,start,end,1.0,0.0,0.0,0.0,0.0,0.0,0.0,1.0,1.0,0.0,0.0,0.0,0.0,0.0,
ENG-Premier League,1617,2017-05-14 West Ham United-Liverpool,Liverpool,Simon Mignolet,False,Goalkeeper,1,start,end,1.0,0.0,0.0,0.0,0.0,0.0,0.0,0.0,3.0,0.0,0.0,0.0,0.0,0.0,
ENG-Premier League,1617,2017-05-14 West Ham United-Liverpool,West Ham United,Adrián,True,Goalkeeper,1,start,end,1.0,0.0,0.0,0.0,0.0,0.0,0.0,4.0,7.0,0.0,0.0,0.0,0.0,0.0,
ENG-Premier League,1617,2017-05-15 Chelsea-Watford,Chelsea,Asmir Begovic,True,Goalkeeper,1,start,end,1.0,0.0,0.0,0.0,0.0,0.0,0.0,3.0,0.0,0.0,0.0,0.0,0.0,0.0,
ENG-Premier League,1617,2017-05-15 Chelsea-Watford,Watford,Heurelho Gomes,False,Goalkeeper,1,start,end,1.0,0.0,0.0,0.0,0.0,0.0,0.0,4.0,5.0,0.0,0.0,0.0,0.0,0.0,
ENG-Premier League,1617,2017-05-16 Arsenal-Sunderland,Arsenal,Petr Cech,True,Goalkeeper,1,start,end,1.0,1.0,0.0,0.0,0.0,0.0,0.0,0.0,2.0,0.0,0.0,0.0,0.0,0.0,
ENG-Premier League,1617,2017-05-16 Arsenal-Sunderland,Sunderland,Jordan Pickford,False,Goalkeeper,1,start,end,1.0,0.0,0.0,0.0,0.0,0.0,0.0,2.0,11.0,0.0,0.0,0.0,0.0,0.0,
ENG-Premier League,1617,2017-05-16 Manchester City-West Bromwich Albion,Manchester City,Wilfredo Caballero,True,Goalkeeper,1,start,end,1.0,0.0,0.0,0.0,0.0,0.0,0.0,1.0,1.0,0.0,0.0,0.0,0.0,0.0,
ENG-Premier League,1617,2017-05-16 Manchester City-West Bromwich Albion,West Bromwich Albion,Ben Foster,False,Goalkeeper,1,start,end,1.0,0.0,0.0,0.0,0.0,0.0,0.0,3.0,7.0,0.0,0.0,0.0,0.0,0.0,
ENG-Premier League,1617,2017-05-17 Southampton-Manchester United,Manchester United,Sergio Romero,False,Goalkeeper,1,start,end,1.0,0.0,0.0,0.0,0.0,0.0,0.0,0.0,6.0,0.0,0.0,0.0,0.0,0.0,
ENG-Premier League,1617,2017-05-17 Southampton-Manchester United,Southampton,Fraser Forster,True,Goalkeeper,1,start,end,1.0,0.0,0.0,0.0,0.0,0.0,0.0,0.0,1.0,0.0,0.0,0.0,0.0,0.0,
ENG-Premier League,1617,2017-05-18 Leicester City-Tottenham Hotspur,Leicester City,Kasper Schmeichel,True,Goalkeeper,1,start,end,1.0,0.0,0.0,0.0,0.0,0.0,0.0,6.0,6.0,0.0,0.0,0.0,0.0,0.0,
ENG-Premier League,1617,2017-05-18 Leicester City-Tottenham Hotspur,Tottenham Hotspur,Hugo Lloris,False,Goalkeeper,1,start,end,1.0,0.0,0.0,0.0,0.0,0.0,0.0,1.0,4.0,0.0,0.0,0.0,0.0,0.0,
ENG-Premier League,1617,2017-05-21 Arsenal-Everton,Arsenal,Petr Cech,True,Goalkeeper,1,start,end,1.0,0.0,0.0,0.0,0.0,0.0,0.0,1.0,6.0,0.0,0.0,0.0,0.0,0.0,
ENG-Premier League,1617,2017-05-21 Arsenal-Everton,Everton,Joel Robles,False,Goalkeeper,1,start,end,1.0,0.0,0.0,0.0,0.0,0.0,0.0,3.0,6.0,0.0,0.0,0.0,0.0,0.0,
ENG-Premier League,1617,2017-05-21 Burnley-West Ham United,Burnley,Tom Heaton,True,Goalkeeper,1,start,end,1.0,0.0,0.0,0.0,0.0,0.0,0.0,2.0,2.0,0.0,0.0,0.0,0.0,0.0,
ENG-Premier League,1617,2017-05-21 Burnley-West Ham United,West Ham United,Adrián,False,Goalkeeper,1,start,end,1.0,0.0,0.0,0.0,0.0,0.0,0.0,1.0,0.0,0.0,0.0,0.0,0.0,0.0,
ENG-Premier League,1617,2017-05-21 Chelsea-Sunderland,Chelsea,Thibaut Courtois,True,Goalkeeper,1,start,end,1.0,0.0,0.0,0.0,0.0,0.0,0.0,1.0,2.0,0.0,0.0,0.0,0.0,0.0,
ENG-Premier League,1617,2017-05-21 Chelsea-Sunderland,Sunderland,Jordan Pickford,False,Goalkeeper,1,start,end,1.0,0.0,0.0,0.0,0.0,0.0,0.0,5.0,3.0,0.0,0.0,0.0,0.0,0.0,
ENG-Premier League,1617,2017-05-21 Hull City-Tottenham Hotspur,Hull City,David Marshall,True,Goalkeeper,1,start,end,1.0,0.0,0.0,0.0,0.0,0.0,0.0,7.0,7.0,0.0,0.0,0.0,0.0,0.0,
ENG-Premier League,1617,2017-05-21 Hull City-Tottenham Hotspur,Tottenham Hotspur,Hugo Lloris,False,Goalkeeper,1,start,end,1.0,0.0,0.0,0.0,0.0,0.0,0.0,1.0,3.0,0.0,0.0,0.0,0.0,0.0,
ENG-Premier League,1617,2017-05-21 Leicester City-AFC Bournemouth,AFC Bournemouth,Ryan Allsop,False,Goalkeeper,1,start,end,1.0,0.0,0.0,0.0,0.0,0.0,0.0,1.0,4.0,0.0,0.0,0.0,0.0,0.0,
ENG-Premier League,1617,2017-05-21 Leicester City-AFC Bournemouth,Leicester City,Kasper Schmeichel,True,Goalkeeper,1,start,end,1.0,0.0,0.0,0.0,0.0,0.0,0.0,1.0,3.0,0.0,0.0,0.0,0.0,0.0,
ENG-Premier League,1617,2017-05-21 Liverpool-Middlesbrough,Liverpool,Simon Mignolet,True,Goalkeeper,1,start,end,1.0,0.0,0.0,0.0,0.0,0.0,0.0,0.0,3.0,0.0,0.0,0.0,0.0,0.0,
ENG-Premier League,1617,2017-05-21 Liverpool-Middlesbrough,Middlesbrough,Brad Guzan,False,Goalkeeper,1,start,end,1.0,0.0,0.0,0.0,0.0,0.0,0.0,3.0,7.0,0.0,0.0,0.0,0.0,0.0,
ENG-Premier League,1617,2017-05-21 Manchester United-Crystal Palace,Crystal Palace,Wayne Hennessey,False,Goalkeeper,1,start,end,1.0,0.0,0.0,0.0,0.0,0.0,0.0,2.0,0.0,0.0,0.0,0.0,0.0,0.0,
ENG-Premier League,1617,2017-05-21 Manchester United-Crystal Palace,Manchester United,Joel Pereira,True,Goalkeeper,1,start,end,1.0,0.0,0.0,0.0,0.0,0.0,0.0,0.0,1.0,0.0,0.0,0.0,0.0,0.0,
ENG-Premier League,1617,2017-05-21 Southampton-Stoke City,Southampton,Fraser Forster,True,Goalkeeper,1,start,end,1.0,0.0,0.0,0.0,0.0,0.0,0.0,1.0,1.0,0.0,0.0,0.0,0.0,0.0,
ENG-Premier League,1617,2017-05-21 Southampton-Stoke City,Stoke City,Jack Butland,False,Goalkeeper,1,start,end,1.0,0.0,0.0,0.0,0.0,0.0,0.0,0.0,6.0,0.0,0.0,0.0,0.0,0.0,
ENG-Premier League,1617,2017-05-21 Swansea City-West Bromwich Albion,Swansea City,Kristoffer Nordfeldt,True,Goalkeeper,1,start,end,1.0,0.0,1.0,0.0,0.0,0.0,0.0,1.0,4.0,0.0,0.0,0.0,0.0,0.0,
ENG-Premier League,1617,2017-05-21 Swansea City-West Bromwich Albion,West Bromwich Albion,Ben Foster,False,Goalkeeper,1,start,end,1.0,0.0,0.0,0.0,0.0,0.0,0.0,2.0,0.0,0.0,0.0,0.0,0.0,0.0,
ENG-Premier League,1617,2017-05-21 Watford-Manchester City,Manchester City,Wilfredo Caballero,False,Goalkeeper,1,start,end,1.0,0.0,0.0,0.0,0.0,0.0,0.0,0.0,2.0,0.0,0.0,0.0,0.0,0.0,
ENG-Premier League,1617,2017-05-21 Watford-Manchester City,Watford,Heurelho Gomes,True,Goalkeeper,1,start,end,1.0,0.0,0.0,0.0,0.0,0.0,0.0,5.0,3.0,0.0,0.0,0.0,0.0,0.0,
