league,season,game,team,player,is_home,position,formation_place,sub_in,sub_out,appearances,fouls_committed,fouls_suffered,own_goals,red_cards,sub_ins,yellow_cards,goals_conceded,saves,shots_faced,goal_assists,shots_on_target,total_goals,total_shots,offsides
ITA-Serie A,2021,2019-08-24 Fiorentina-Napoli,Fiorentina,Bartlomiej Dragowski,True,Goalkeeper,1,start,end,1.0,0.0,0.0,0.0,0.0,0.0,0.0,4.0,3.0,0.0,0.0,0.0,0.0,0.0,
ITA-Serie A,2021,2019-08-24 Fiorentina-Napoli,Napoli,Alex Meret,False,Goalkeeper,1,start,end,1.0,0.0,0.0,0.0,0.0,0.0,0.0,3.0,3.0,0.0,0.0,0.0,0.0,0.0,
ITA-Serie A,2021,2019-08-24 Parma-Juventus,Juventus,Wojciech Szczesny,False,Goalkeeper,1,start,end,1.0,0.0,0.0,0.0,0.0,0.0,0.0,0.0,2.0,0.0,0.0,0.0,0.0,0.0,
ITA-Serie A,2021,2019-08-24 Parma-Juventus,Parma,Luigi Sepe,True,Goalkeeper,1,start,end,1.0,0.0,0.0,0.0,0.0,0.0,0.0,1.0,3.0,0.0,0.0,0.0,0.0,0.0,
ITA-Serie A,2021,2019-08-25 AS Roma-Genoa,AS Roma,Pau López,True,Goalkeeper,1,start,end,1.0,0.0,0.0,0.0,0.0,0.0,0.0,3.0,1.0,0.0,0.0,0.0,0.0,0.0,
ITA-Serie A,2021,2019-08-25 AS Roma-Genoa,Genoa,Andrei Radu,False,Goalkeeper,1,start,end,1.0,0.0,0.0,0.0,0.0,0.0,0.0,3.0,6.0,0.0,0.0,0.0,0.0,0.0,
ITA-Serie A,2021,2019-08-25 Cagliari-Brescia,Brescia,Jesse Joronen,False,Goalkeeper,1,start,end,1.0,0.0,0.0,0.0,0.0,0.0,0.0,0.0,5.0,0.0,0.0,0.0,0.0,0.0,
ITA-Serie A,2021,2019-08-25 Cagliari-Brescia,Cagliari,Rafael,True,Goalkeeper,1,start,end,1.0,0.0,0.0,0.0,0.0,0.0,0.0,1.0,1.0,0.0,0.0,0.0,0.0,0.0,
ITA-Serie A,2021,2019-08-25 Hellas Verona-Bologna,Bologna,Lukasz Skorupski,False,Goalkeeper,1,start,end,1.0,0.0,0.0,0.0,0.0,0.0,0.0,1.0,1.0,0.0,0.0,0.0,0.0,0.0,
ITA-Serie A,2021,2019-08-25 Hellas Verona-Bologna,Hellas Verona,Marco Silvestri,True,Goalkeeper,1,start,end,1.0,0.0,0.0,0.0,0.0,0.0,0.0,1.0,1.0,0.0,0.0,0.0,0.0,0.0,
ITA-Serie A,2021,2019-08-25 SPAL-Atalanta,Atalanta,Pierluigi Gollini,False,Goalkeeper,1,start,end,1.0,0.0,0.0,0.0,0.0,0.0,0.0,2.0,1.0,0.0,0.0,0.0,0.0,0.0,
ITA-Serie A,2021,2019-08-25 SPAL-Atalanta,SPAL,Etrit Berisha,True,Goalkeeper,1,start,end,1.0,0.0,0.0,0.0,0.0,0.0,0.0,3.0,11.0,0.0,0.0,0.0,0.0,0.0,
ITA-Serie A,2021,2019-08-25 Sampdoria-Lazio,Lazio,Thomas Strakosha,False,Goalkeeper,1,start,end,1.0,0.0,0.0,0.0,0.0,0.0,0.0,0.0,8.0,0.0,0.0,0.0,0.0,0.0,
ITA-Serie A,2021,2019-08-25 Sampdoria-Lazio,Sampdoria,Emil Audero,True,Goalkeeper,1,start,end,1.0,0.0,0.0,0.0,0.0,0.0,0.0,3.0,7.0,0.0,0.0,0.0,0.0,0.0,
ITA-Serie A,2021,2019-08-25 Torino-Sassuolo,Sassuolo,Andrea Consigli,False,Goalkeeper,1,start,end,1.0,0.0,0.0,0.0,0.0,0.0,0.0,2.0,2.0,0.0,0.0,0.0,0.0,0.0,
ITA-Serie A,2021,2019-08-25 Torino-Sassuolo,Torino,Salvatore Sirigu,True,Goalkeeper,1,start,end,1.0,0.0,0.0,0.0,0.0,0.0,1.0,1.0,9.0,0.0,0.0,0.0,0.0,0.0,
ITA-Serie A,2021,2019-08-25 Udinese-AC Milan,AC Milan,Gianluigi Donnarumma,False,Goalkeeper,1,start,end,1.0,0.0,0.0,0.0,0.0,0.0,0.0,1.0,5.0,0.0,0.0,0.0,0.0,0.0,
ITA-Serie A,2021,2019-08-25 Udinese-AC Milan,Udinese,Juan Musso,True,Goalkeeper,1,start,end,1.0,0.0,0.0,0.0,0.0,0.0,0.0,0.0,0.0,0.0,0.0,0.0,0.0,0.0,
ITA-Serie A,2021,2019-08-26 Internazionale-Lecce,Internazionale,Samir Handanovic,True,Goalkeeper,1,start,end,1.0,0.0,0.0,0.0,0.0,0.0,0.0,0.0,1.0,0.0,0.0,0.0,0.0,0.0,
ITA-Serie A,2021,2019-08-26 Internazionale-Lecce,Lecce,Gabriel,False,Goalkeeper,1,start,end,1.0,0.0,0.0,0.0,0.0,0.0,0.0,4.0,4.0,0.0,0.0,0.0,0.0,0.0,
ITA-Serie A,2021,2019-08-30 Bologna-SPAL,Bologna,Lukasz Skorupski,True,Goalkeeper,1,start,end,1.0,0.0,0.0,0.0,0.0,0.0,0.0,0.0,1.0,0.0,0.0,0.0,0.0,0.0,
ITA-Serie A,2021,2019-08-30 Bologna-SPAL,SPAL,Etrit Berisha,False,Goalkeeper,1,start,end,1.0,0.0,0.0,0.0,0.0,0.0,0.0,1.0,6.0,0.0,0.0,0.0,0.0,0.0,
ITA-Serie A,2021,2019-08-31 AC Milan-Brescia,AC Milan,Gianluigi Donnarumma,True,Goalkeeper,1,start,end,1.0,0.0,0.0,0.0,0.0,0.0,0.0,0.0,1.0,0.0,0.0,0.0,0.0,0.0,
ITA-Serie A,2021,2019-08-31 AC Milan-Brescia,Brescia,Jesse Joronen,False,Goalkeeper,1,start,end,1.0,0.0,0.0,0.0,0.0,0.0,0.0,1.0,3.0,0.0,0.0,0.0,0.0,0.0,
ITA-Serie A,2021,2019-08-31 Juventus-Napoli,Juventus,Wojciech Szczesny,True,Goalkeeper,1,start,end,1.0,0.0,0.0,0.0,0.0,0.0,0.0,3.0,4.0,0.0,0.0,0.0,0.0,0.0,
ITA-Serie A,2021,2019-08-31 Juventus-Napoli,Napoli,Alex Meret,False,Goalkeeper,1,start,end,1.0,0.0,0.0,0.0,0.0,0.0,0.0,4.0,4.0,0.0,0.0,0.0,0.0,0.0,
ITA-Serie A,2021,2019-09-01 Atalanta-Torino,Atalanta,Pierluigi Gollini,True,Goalkeeper,1,start,end,1.0,0.0,0.0,0.0,0.0,0.0,0.0,3.0,2.0,0.0,0.0,0.0,0.0,0.0,
ITA-Serie A,2021,2019-09-01 Atalanta-Torino,Torino,Salvatore Sirigu,False,Goalkeeper,1,start,end,1.0,0.0,0.0,0.0,0.0,0.0,0.0,2.0,7.0,0.0,0.0,0.0,0.0,0.0,
ITA-Serie A,2021,2019-09-01 Cagliari-Internazionale,Cagliari,Robin Olsen,True,Goalkeeper,1,start,end,1.0,0.0,0.0,0.0,0.0,0.0,0.0,2.0,3.0,0.0,0.0,0.0,0.0,0.0,
ITA-Serie A,2021,2019-09-01 Cagliari-Internazionale,Internazionale,Samir Handanovic,False,Goalkeeper,1,start,end,1.0,0.0,0.0,0.0,0.0,0.0,0.0,1.0,1.0,0.0,0.0,0.0,0.0,0.0,
ITA-Serie A,2021,2019-09-01 Genoa-Fiorentina,Fiorentina,Bartlomiej Dragowski,False,Goalkeeper,1,start,end,1.0,0.0,0.0,0.0,0.0,0.0,0.0,2.0,6.0,0.0,0.0,0.0,0.0,0.0,
ITA-Serie A,2021,2019-09-01 Genoa-Fiorentina,Genoa,Andrei Radu,True,Goalkeeper,1,start,end,1.0,0.0,0.0,0.0,0.0,0.0,0.0,1.0,5.0,0.0,1.0,0.0,0.0,0.0,
ITA-Serie A,2021,2019-09-01 Lazio-AS Roma,AS Roma,Pau López,False,Goalkeeper,1,start,end,1.0,0.0,0.0,0.0,0.0,0.0,0.0,1.0,6.0,0.0,0.0,0.0,0.0,0.0,
ITA-Serie A,2021,2019-09-01 Lazio-AS Roma,Lazio,Thomas Strakosha,True,Goalkeeper,1,start,end,1.0,0.0,0.0,0.0,0.0,0.0,0.0,1.0,1.0,0.0,0.0,0.0,0.0,0.0,
ITA-Serie A,2021,2019-09-01 Lecce-Hellas Verona,Hellas Verona,Marco Silvestri,False,Goalkeeper,1,start,end,1.0,0.0,0.0,0.0,0.0,0.0,0.0,0.0,3.0,0.0,0.0,0.0,0.0,0.0,
ITA-Serie A,2021,2019-09-01 Lecce-Hellas Verona,Lecce,Gabriel,True,Goalkeeper,1,start,end,1.0,0.0,0.0,0.0,0.0,0.0,0.0,1.0,3.0,0.0,0.0,0.0,0.0,0.0,
ITA-Serie A,2021,2019-09-01 Sassuolo-Sampdoria,Sampdoria,Emil Audero,False,Goalkeeper,1,start,end,1.0,0.0,0.0,0.0,0.0,0.0,0.0,4.0,4.0,0.0,0.0,0.0,0.0,0.0,
ITA-Serie A,2021,2019-09-01 Sassuolo-Sampdoria,Sassuolo,Andrea Consigli,True,Goalkeeper,1,start,end,1.0,0.0,0.0,0.0,0.0,0.0,0.0,1.0,3.0,0.0,0.0,0.0,0.0,0.0,
ITA-Serie A,2021,2019-09-01 Udinese-Parma,Parma,Luigi Sepe,False,Goalkeeper,1,start,end,1.0,0.0,1.0,0.0,0.0,0.0,0.0,1.0,9.0,0.0,0.0,0.0,0.0,0.0,
ITA-Serie A,2021,2019-09-01 Udinese-Parma,Udinese,Juan Musso,True,Goalkeeper,1,start,end,1.0,0.0,0.0,0.0,0.0,0.0,0.0,3.0,0.0,0.0,0.0,0.0,0.0,0.0,
ITA-Serie A,2021,2019-09-14 Fiorentina-Juventus,Fiorentina,Bartlomiej Dragowski,True,Goalkeeper,1,start,end,1.0,0.0,0.0,0.0,0.0,0.0,0.0,0.0,4.0,0.0,0.0,0.0,0.0,0.0,
ITA-Serie A,2021,2019-09-14 Fiorentina-Juventus,Juventus,Wojciech Szczesny,False,Goalkeeper,1,start,end,1.0,0.0,0.0,0.0,0.0,0.0,0.0,0.0,5.0,0.0,0.0,0.0,0.0,0.0,
ITA-Serie A,2021,2019-09-14 Internazionale-Udinese,Internazionale,Samir Handanovic,True,Goalkeeper,1,start,end,1.0,0.0,0.0,0.0,0.0,0.0,0.0,0.0,5.0,0.0,0.0,0.0,0.0,0.0,
ITA-Serie A,2021,2019-09-14 Internazionale-Udinese,Udinese,Juan Musso,False,Goalkeeper,1,start,end,1.0,0.0,0.0,0.0,0.0,0.0,0.0,1.0,7.0,0.0,0.0,0.0,0.0,0.0,
ITA-Serie A,2021,2019-09-14 Napoli-Sampdoria,Napoli,Alex Meret,True,Goalkeeper,1,start,end,1.0,0.0,1.0,0.0,0.0,0.0,0.0,0.0,2.0,0.0,0.0,0.0,0.0,0.0,
ITA-Serie A,2021,2019-09-14 Napoli-Sampdoria,Sampdoria,Emil Audero,False,Goalkeeper,1,start,end,1.0,0.0,0.0,0.0,0.0,0.0,0.0,2.0,4.0,0.0,0.0,0.0,0.0,0.0,
ITA-Serie A,2021,2019-09-15 AS Roma-Sassuolo,AS Roma,Pau López,True,Goalkeeper,1,start,end,1.0,0.0,0.0,0.0,0.0,0.0,0.0,2.0,1.0,0.0,0.0,0.0,0.0,0.0,
ITA-Serie A,2021,2019-09-15 AS Roma-Sassuolo,Sassuolo,Andrea Consigli,False,Goalkeeper,1,start,end,1.0,0.0,0.0,0.0,0.0,0.0,0.0,4.0,2.0,0.0,0.0,0.0,0.0,0.0,
ITA-Serie A,2021,2019-09-15 Brescia-Bologna,Bologna,Lukasz Skorupski,False,Goalkeeper,1,start,end,1.0,0.0,0.0,0.0,0.0,0.0,0.0,3.0,3.0,0.0,0.0,0.0,0.0,0.0,
ITA-Serie A,2021,2019-09-15 Brescia-Bologna,Brescia,Jesse Joronen,True,Goalkeeper,1,start,end,1.0,0.0,0.0,0.0,0.0,0.0,0.0,4.0,4.0,0.0,0.0,0.0,0.0,0.0,
ITA-Serie A,2021,2019-09-15 Genoa-Atalanta,Atalanta,Pierluigi Gollini,False,Goalkeeper,1,start,end,1.0,0.0,0.0,0.0,0.0,0.0,0.0,1.0,2.0,0.0,0.0,0.0,0.0,0.0,
ITA-Serie A,2021,2019-09-15 Genoa-Atalanta,Genoa,Andrei Radu,True,Goalkeeper,1,start,end,1.0,0.0,0.0,0.0,0.0,0.0,0.0,2.0,4.0,0.0,0.0,0.0,0.0,0.0,
ITA-Serie A,2021,2019-09-15 Hellas Verona-AC Milan,AC Milan,Gianluigi Donnarumma,False,Goalkeeper,1,start,end,1.0,0.0,0.0,0.0,0.0,0.0,0.0,0.0,1.0,0.0,0.0,0.0,0.0,0.0,
ITA-Serie A,2021,2019-09-15 Hellas Verona-AC Milan,Hellas Verona,Marco Silvestri,True,Goalkeeper,1,start,end,1.0,0.0,1.0,0.0,0.0,0.0,1.0,1.0,3.0,0.0,0.0,0.0,0.0,0.0,
ITA-Serie A,2021,2019-09-15 Parma-Cagliari,Cagliari,Robin Olsen,False,Goalkeeper,1,start,end,1.0,0.0,1.0,0.0,0.0,0.0,0.0,1.0,6.0,0.0,0.0,0.0,0.0,0.0,
ITA-Serie A,2021,2019-09-15 Parma-Cagliari,Parma,Luigi Sepe,True,Goalkeeper,1,start,end,1.0,0.0,0.0,0.0,0.0,0.0,0.0,3.0,0.0,0.0,0.0,0.0,0.0,0.0,
ITA-Serie A,2021,2019-09-15 SPAL-Lazio,Lazio,Thomas Strakosha,False,Goalkeeper,1,start,end,1.0,0.0,0.0,0.0,0.0,0.0,0.0,2.0,1.0,0.0,0.0,0.0,0.0,0.0,
ITA-Serie A,2021,2019-09-15 SPAL-Lazio,SPAL,Etrit Berisha,True,Goalkeeper,1,start,end,1.0,0.0,0.0,0.0,0.0,0.0,0.0,1.0,4.0,0.0,0.0,0.0,0.0,0.0,
ITA-Serie A,2021,2019-09-16 Torino-Lecce,Lecce,Gabriel,False,Goalkeeper,1,start,end,1.0,0.0,0.0,0.0,0.0,0.0,0.0,1.0,4.0,0.0,0.0,0.0,0.0,0.0,
ITA-Serie A,2021,2019-09-16 Torino-Lecce,Torino,Salvatore Sirigu,True,Goalkeeper,1,start,end,1.0,0.0,0.0,0.0,0.0,0.0,0.0,2.0,3.0,0.0,0.0,0.0,0.0,0.0,
ITA-Serie A,2021,2019-09-20 Cagliari-Genoa,Cagliari,Robin Olsen,True,Goalkeeper,1,start,end,1.0,0.0,0.0,0.0,0.0,0.0,0.0,1.0,1.0,0.0,0.0,0.0,0.0,0.0,
ITA-Serie A,2021,2019-09-20 Cagliari-Genoa,Genoa,Andrei Radu,False,Goalkeeper,1,start,end,1.0,0.0,0.0,0.0,0.0,0.0,0.0,3.0,2.0,0.0,0.0,0.0,0.0,0.0,
ITA-Serie A,2021,2019-09-21 AC Milan-Internazionale,AC Milan,Gianluigi Donnarumma,True,Goalkeeper,1,start,end,1.0,0.0,0.0,0.0,0.0,0.0,0.0,2.0,5.0,0.0,0.0,0.0,0.0,0.0,
ITA-Serie A,2021,2019-09-21 AC Milan-Internazionale,Internazionale,Samir Handanovic,False,Goalkeeper,1,start,end,1.0,0.0,0.0,0.0,0.0,0.0,0.0,0.0,1.0,0.0,0.0,0.0,0.0,0.0,
ITA-Serie A,2021,2019-09-21 Juventus-Hellas Verona,Hellas Verona,Marco Silvestri,False,Goalkeeper,1,start,end,1.0,0.0,0.0,0.0,0.0,0.0,0.0,2.0,1.0,0.0,0.0,0.0,0.0,0.0,
ITA-Serie A,2021,2019-09-21 Juventus-Hellas Verona,Juventus,Gianluigi Buffon,True,Goalkeeper,1,start,end,1.0,0.0,1.0,0.0,0.0,0.0,0.0,1.0,2.0,0.0,0.0,0.0,0.0,0.0,
ITA-Serie A,2021,2019-09-21 Udinese-Brescia,Brescia,Jesse Joronen,False,Goalkeeper,1,start,end,1.0,0.0,0.0,0.0,0.0,0.0,0.0,0.0,3.0,0.0,0.0,0.0,0.0,0.0,
ITA-Serie A,2021,2019-09-21 Udinese-Brescia,Udinese,Juan Musso,True,Goalkeeper,1,start,end,1.0,0.0,0.0,0.0,0.0,0.0,0.0,1.0,3.0,0.0,0.0,0.0,0.0,0.0,
ITA-Serie A,2021,2019-09-22 Atalanta-Fiorentina,Atalanta,Pierluigi Gollini,True,Goalkeeper,1,start,end,1.0,0.0,0.0,0.0,0.0,0.0,0.0,2.0,1.0,0.0,0.0,0.0,0.0,0.0,
ITA-Serie A,2021,2019-09-22 Atalanta-Fiorentina,Fiorentina,Bartlomiej Dragowski,False,Goalkeeper,1,start,end,1.0,0.0,0.0,0.0,0.0,0.0,1.0,2.0,1.0,0.0,0.0,0.0,0.0,0.0,
ITA-Serie A,2021,2019-09-22 Bologna-AS Roma,AS Roma,Pau López,False,Goalkeeper,1,start,end,1.0,0.0,0.0,0.0,0.0,0.0,0.0,1.0,2.0,0.0,0.0,0.0,0.0,0.0,
ITA-Serie A,2021,2019-09-22 Bologna-AS Roma,Bologna,Lukasz Skorupski,True,Goalkeeper,1,start,end,1.0,0.0,0.0,0.0,0.0,0.0,0.0,2.0,2.0,0.0,0.0,0.0,0.0,0.0,
ITA-Serie A,2021,2019-09-22 Lazio-Parma,Lazio,Thomas Strakosha,True,Goalkeeper,1,start,end,1.0,0.0,0.0,0.0,0.0,0.0,0.0,0.0,1.0,0.0,0.0,0.0,0.0,0.0,
ITA-Serie A,2021,2019-09-22 Lazio-Parma,Parma,Luigi Sepe,False,Goalkeeper,1,start,end,1.0,0.0,0.0,0.0,0.0,0.0,0.0,2.0,7.0,0.0,0.0,0.0,0.0,0.0,
ITA-Serie A,2021,2019-09-22 Lecce-Napoli,Lecce,Gabriel,True,Goalkeeper,1,start,end,1.0,0.0,0.0,0.0,0.0,0.0,1.0,4.0,6.0,0.0,0.0,0.0,0.0,0.0,
ITA-Serie A,2021,2019-09-22 Lecce-Napoli,Napoli,David Ospina,False,Goalkeeper,1,start,end,1.0,1.0,0.0,0.0,0.0,0.0,0.0,1.0,2.0,0.0,0.0,0.0,0.0,0.0,
ITA-Serie A,2021,2019-09-22 Sampdoria-Torino,Sampdoria,Emil Audero,True,Goalkeeper,1,start,end,1.0,0.0,0.0,0.0,0.0,0.0,0.0,0.0,1.0,0.0,0.0,0.0,0.0,0.0,
ITA-Serie A,2021,2019-09-22 Sampdoria-Torino,Torino,Salvatore Sirigu,False,Goalkeeper,1,start,end,1.0,0.0,0.0,0.0,0.0,0.0,0.0,1.0,5.0,0.0,0.0,0.0,0.0,0.0,
ITA-Serie A,2021,2019-09-22 Sassuolo-SPAL,SPAL,Etrit Berisha,False,Goalkeeper,1,start,end,1.0,0.0,0.0,0.0,0.0,0.0,0.0,3.0,3.0,0.0,0.0,0.0,0.0,0.0,
ITA-Serie A,2021,2019-09-22 Sassuolo-SPAL,Sassuolo,Andrea Consigli,True,Goalkeeper,1,start,end,1.0,0.0,0.0,0.0,0.0,0.0,0.0,0.0,3.0,0.0,0.0,0.0,0.0,0.0,
ITA-Serie A,2021,2019-09-24 Brescia-Juventus,Brescia,Jesse Joronen,True,Goalkeeper,1,start,end,1.0,0.0,0.0,0.0,0.0,0.0,0.0,2.0,4.0,0.0,0.0,0.0,0.0,0.0,
ITA-Serie A,2021,2019-09-24 Brescia-Juventus,Juventus,Wojciech Szczesny,False,Goalkeeper,1,start,end,1.0,0.0,0.0,0.0,0.0,0.0,0.0,1.0,2.0,0.0,0.0,0.0,0.0,0.0,
ITA-Serie A,2021,2019-09-24 Hellas Verona-Udinese,Hellas Verona,Marco Silvestri,True,Goalkeeper,1,start,end,1.0,0.0,2.0,0.0,0.0,0.0,0.0,0.0,3.0,0.0,0.0,0.0,0.0,0.0,
ITA-Serie A,2021,2019-09-24 Hellas Verona-Udinese,Udinese,Juan Musso,False,Goalkeeper,1,start,end,1.0,0.0,0.0,0.0,0.0,0.0,0.0,0.0,4.0,0.0,0.0,0.0,0.0,0.0,
ITA-Serie A,2021,2019-09-25 AS Roma-Atalanta,AS Roma,Pau López,True,Goalkeeper,1,start,end,1.0,0.0,0.0,0.0,0.0,0.0,0.0,2.0,3.0,0.0,0.0,0.0,0.0,0.0,
ITA-Serie A,2021,2019-09-25 AS Roma-Atalanta,Atalanta,Pierluigi Gollini,False,Goalkeeper,1,start,end,1.0,0.0,0.0,0.0,0.0,0.0,0.0,0.0,2.0,0.0,0.0,0.0,0.0,0.0,
ITA-Serie A,2021,2019-09-25 Fiorentina-Sampdoria,Fiorentina,Bartlomiej Dragowski,True,Goalkeeper,1,start,end,1.0,0.0,0.0,0.0,0.0,0.0,0.0,1.0,1.0,0.0,0.0,0.0,0.0,0.0,
ITA-Serie A,2021,2019-09-25 Fiorentina-Sampdoria,Sampdoria,Emil Audero,False,Goalkeeper,1,start,end,1.0,0.0,1.0,0.0,0.0,0.0,0.0,2.0,6.0,0.0,0.0,0.0,0.0,0.0,
ITA-Serie A,2021,2019-09-25 Genoa-Bologna,Bologna,Lukasz Skorupski,False,Goalkeeper,1,start,end,1.0,0.0,0.0,0.0,0.0,0.0,0.0,0.0,1.0,0.0,0.0,0.0,0.0,0.0,
ITA-Serie A,2021,2019-09-25 Genoa-Bologna,Genoa,Andrei Radu,True,Goalkeeper,1,start,end,1.0,0.0,0.0,0.0,0.0,0.0,0.0,0.0,1.0,0.0,0.0,0.0,0.0,0.0,
ITA-Serie A,2021,2019-09-25 Internazionale-Lazio,Internazionale,Samir Handanovic,True,Goalkeeper,1,start,end,1.0,0.0,1.0,0.0,0.0,0.0,0.0,0.0,4.0,0.0,0.0,0.0,0.0,0.0,
ITA-Serie A,2021,2019-09-25 Internazionale-Lazio,Lazio,Thomas Strakosha,False,Goalkeeper,1,start,end,1.0,0.0,0.0,0.0,0.0,0.0,0.0,1.0,2.0,0.0,0.0,0.0,0.0,0.0,
ITA-Serie A,2021,2019-09-25 Napoli-Cagliari,Cagliari,Robin Olsen,False,Goalkeeper,1,start,end,1.0,0.0,0.0,0.0,0.0,0.0,0.0,0.0,5.0,0.0,0.0,0.0,0.0,0.0,
ITA-Serie A,2021,2019-09-25 Napoli-Cagliari,Napoli,Alex Meret,True,Goalkeeper,1,start,end,1.0,0.0,0.0,0.0,0.0,0.0,0.0,1.0,0.0,0.0,0.0,0.0,0.0,0.0,
ITA-Serie A,2021,2019-09-25 Parma-Sassuolo,Parma,Luigi Sepe,True,Goalkeeper,1,start,end,1.0,0.0,0.0,0.0,0.0,0.0,0.0,0.0,3.0,0.0,0.0,0.0,0.0,0.0,
ITA-Serie A,2021,2019-09-25 Parma-Sassuolo,Sassuolo,Andrea Consigli,False,Goalkeeper,1,start,end,1.0,0.0,0.0,0.0,0.0,0.0,0.0,1.0,5.0,0.0,0.0,0.0,0.0,0.0,
ITA-Serie A,2021,2019-09-25 SPAL-Lecce,Lecce,Gabriel,False,Goalkeeper,1,start,end,1.0,0.0,1.0,0.0,0.0,0.0,0.0,1.0,5.0,0.0,0.0,0.0,0.0,0.0,
ITA-Serie A,2021,2019-09-25 SPAL-Lecce,SPAL,Etrit Berisha,True,Goalkeeper,1,start,end,1.0,0.0,0.0,0.0,0.0,0.0,0.0,3.0,0.0,0.0,0.0,0.0,0.0,0.0,
ITA-Serie A,2021,2019-09-26 Torino-AC Milan,AC Milan,Gianluigi Donnarumma,False,Goalkeeper,1,start,end,1.0,0.0,1.0,0.0,0.0,0.0,1.0,2.0,2.0,0.0,0.0,0.0,0.0,0.0,
ITA-Serie A,2021,2019-09-26 Torino-AC Milan,Torino,Salvatore Sirigu,True,Goalkeeper,1,start,end,1.0,0.0,0.0,0.0,0.0,0.0,0.0,1.0,3.0,0.0,0.0,0.0,0.0,0.0,
ITA-Serie A,2021,2019-09-28 Juventus-SPAL,Juventus,Gianluigi Buffon,True,Goalkeeper,1,start,end,1.0,0.0,0.0,0.0,0.0,0.0,0.0,0.0,1.0,0.0,0.0,0.0,0.0,0.0,
ITA-Serie A,2021,2019-09-28 Juventus-SPAL,SPAL,Etrit Berisha,False,Goalkeeper,1,start,end,1.0,0.0,1.0,0.0,0.0,0.0,0.0,2.0,8.0,0.0,0.0,0.0,0.0,0.0,
ITA-Serie A,2021,2019-09-28 Sampdoria-Internazionale,Internazionale,Samir Handanovic,False,Goalkeeper,1,start,end,1.0,0.0,0.0,0.0,0.0,0.0,0.0,1.0,1.0,0.0,0.0,0.0,0.0,0.0,
ITA-Serie A,2021,2019-09-28 Sampdoria-Internazionale,Sampdoria,Emil Audero,True,Goalkeeper,1,start,end,1.0,0.0,0.0,0.0,0.0,0.0,0.0,3.0,4.0,0.0,0.0,0.0,0.0,0.0,
ITA-Serie A,2021,2019-09-28 Sassuolo-Atalanta,Atalanta,Marco Sportiello,False,Goalkeeper,1,start,end,1.0,0.0,0.0,0.0,0.0,0.0,0.0,1.0,6.0,0.0,0.0,0.0,0.0,0.0,
ITA-Serie A,2021,2019-09-28 Sassuolo-Atalanta,Sassuolo,Andrea Consigli,True,Goalkeeper,1,start,end,1.0,0.0,0.0,0.0,0.0,0.0,0.0,4.0,3.0,0.0,0.0,0.0,0.0,0.0,
ITA-Serie A,2021,2019-09-29 AC Milan-Fiorentina,AC Milan,Gianluigi Donnarumma,True,Goalkeeper,1,start,end,1.0,0.0,0.0,0.0,0.0,0.0,0.0,3.0,4.0,0.0,0.0,0.0,0.0,0.0,
ITA-Serie A,2021,2019-09-29 AC Milan-Fiorentina,Fiorentina,Bartlomiej Dragowski,False,Goalkeeper,1,start,end,1.0,0.0,0.0,0.0,0.0,0.0,0.0,1.0,2.0,0.0,0.0,0.0,0.0,0.0,
ITA-Serie A,2021,2019-09-29 Cagliari-Hellas Verona,Cagliari,Robin Olsen,True,Goalkeeper,1,start,end,1.0,0.0,1.0,0.0,0.0,0.0,0.0,1.0,3.0,0.0,0.0,0.0,0.0,0.0,
ITA-Serie A,2021,2019-09-29 Cagliari-Hellas Verona,Hellas Verona,Marco Silvestri,False,Goalkeeper,1,start,end,1.0,0.0,0.0,0.0,0.0,0.0,0.0,1.0,3.0,0.0,0.0,0.0,0.0,0.0,
ITA-Serie A,2021,2019-09-29 Lazio-Genoa,Genoa,Andrei Radu,False,Goalkeeper,1,start,end,1.0,0.0,0.0,0.0,0.0,0.0,0.0,4.0,6.0,0.0,0.0,0.0,0.0,0.0,
ITA-Serie A,2021,2019-09-29 Lazio-Genoa,Lazio,Thomas Strakosha,True,Goalkeeper,1,start,end,1.0,0.0,0.0,0.0,0.0,0.0,0.0,0.0,6.0,0.0,0.0,0.0,0.0,0.0,
ITA-Serie A,2021,2019-09-29 Lecce-AS Roma,AS Roma,Pau López,False,Goalkeeper,1,start,end,1.0,0.0,0.0,0.0,0.0,0.0,0.0,0.0,6.0,0.0,0.0,0.0,0.0,0.0,
ITA-Serie A,2021,2019-09-29 Lecce-AS Roma,Lecce,Gabriel,True,Goalkeeper,1,start,end,1.0,0.0,0.0,0.0,0.0,0.0,0.0,1.0,4.0,0.0,0.0,0.0,0.0,0.0,
ITA-Serie A,2021,2019-09-29 Napoli-Brescia,Brescia,Jesse Joronen,False,Goalkeeper,1,start,end,1.0,0.0,0.0,0.0,0.0,0.0,0.0,2.0,5.0,0.0,0.0,0.0,0.0,0.0,
ITA-Serie A,2021,2019-09-29 Napoli-Brescia,Napoli,David Ospina,True,Goalkeeper,1,start,end,1.0,0.0,1.0,0.0,0.0,0.0,0.0,1.0,2.0,0.0,0.0,0.0,0.0,0.0,
ITA-Serie A,2021,2019-09-29 Udinese-Bologna,Bologna,Lukasz Skorupski,False,Goalkeeper,1,start,end,1.0,0.0,0.0,0.0,0.0,0.0,1.0,1.0,2.0,0.0,0.0,0.0,0.0,0.0,
ITA-Serie A,2021,2019-09-29 Udinese-Bologna,Udinese,Juan Musso,True,Goalkeeper,1,start,end,1.0,0.0,0.0,0.0,0.0,0.0,0.0,0.0,3.0,0.0,0.0,0.0,0.0,0.0,
ITA-Serie A,2021,2019-09-30 Parma-Torino,Parma,Luigi Sepe,True,Goalkeeper,1,start,end,1.0,0.0,0.0,0.0,0.0,0.0,0.0,2.0,4.0,0.0,0.0,0.0,0.0,0.0,
ITA-Serie A,2021,2019-09-30 Parma-Torino,Torino,Salvatore Sirigu,False,Goalkeeper,1,start,end,1.0,0.0,0.0,0.0,0.0,0.0,0.0,3.0,2.0,0.0,0.0,0.0,0.0,0.0,
ITA-Serie A,2021,2019-10-05 Genoa-AC Milan,AC Milan,Pepe Reina,False,Goalkeeper,1,start,end,1.0,1.0,0.0,0.0,0.0,0.0,0.0,1.0,5.0,0.0,0.0,0.0,0.0,0.0,
ITA-Serie A,2021,2019-10-05 Genoa-AC Milan,Genoa,Andrei Radu,True,Goalkeeper,1,start,end,1.0,0.0,0.0,0.0,0.0,0.0,0.0,2.0,4.0,0.0,0.0,0.0,0.0,0.0,
ITA-Serie A,2021,2019-10-05 Hellas Verona-Sampdoria,Hellas Verona,Marco Silvestri,True,Goalkeeper,1,start,end,1.0,0.0,0.0,0.0,0.0,0.0,0.0,0.0,2.0,0.0,0.0,0.0,0.0,0.0,
ITA-Serie A,2021,2019-10-05 Hellas Verona-Sampdoria,Sampdoria,Emil Audero,False,Goalkeeper,1,start,end,1.0,0.0,0.0,0.0,0.0,0.0,0.0,2.0,2.0,0.0,0.0,0.0,0.0,0.0,
ITA-Serie A,2021,2019-10-05 SPAL-Parma,Parma,Luigi Sepe,False,Goalkeeper,1,start,end,1.0,0.0,0.0,0.0,0.0,0.0,0.0,1.0,6.0,0.0,0.0,0.0,0.0,0.0,
ITA-Serie A,2021,2019-10-05 SPAL-Parma,SPAL,Etrit Berisha,True,Goalkeeper,1,start,end,1.0,0.0,0.0,0.0,0.0,0.0,0.0,0.0,1.0,0.0,0.0,0.0,0.0,0.0,
ITA-Serie A,2021,2019-10-06 AS Roma-Cagliari,AS Roma,Pau López,True,Goalkeeper,1,start,end,1.0,0.0,0.0,0.0,0.0,0.0,0.0,1.0,1.0,0.0,0.0,0.0,0.0,0.0,
ITA-Serie A,2021,2019-10-06 AS Roma-Cagliari,Cagliari,Robin Olsen,False,Goalkeeper,1,start,end,1.0,0.0,0.0,0.0,0.0,0.0,0.0,1.0,6.0,0.0,0.0,0.0,0.0,0.0,
ITA-Serie A,2021,2019-10-06 Atalanta-Lecce,Atalanta,Pierluigi Gollini,True,Goalkeeper,1,start,end,1.0,0.0,1.0,0.0,0.0,0.0,0.0,1.0,1.0,0.0,0.0,0.0,0.0,0.0,
ITA-Serie A,2021,2019-10-06 Atalanta-Lecce,Lecce,Gabriel,False,Goalkeeper,1,start,end,1.0,0.0,0.0,0.0,0.0,0.0,0.0,3.0,12.0,0.0,0.0,0.0,0.0,0.0,
ITA-Serie A,2021,2019-10-06 Bologna-Lazio,Bologna,Lukasz Skorupski,True,Goalkeeper,1,start,end,1.0,0.0,0.0,0.0,0.0,0.0,0.0,2.0,2.0,0.0,0.0,0.0,0.0,0.0,
ITA-Serie A,2021,2019-10-06 Bologna-Lazio,Lazio,Thomas Strakosha,False,Goalkeeper,1,start,end,1.0,0.0,0.0,0.0,0.0,0.0,0.0,2.0,6.0,0.0,0.0,0.0,0.0,0.0,
ITA-Serie A,2021,2019-10-06 Fiorentina-Udinese,Fiorentina,Bartlomiej Dragowski,True,Goalkeeper,1,start,end,1.0,0.0,0.0,0.0,0.0,0.0,0.0,0.0,1.0,0.0,0.0,0.0,0.0,0.0,
ITA-Serie A,2021,2019-10-06 Fiorentina-Udinese,Udinese,Juan Musso,False,Goalkeeper,1,start,end,1.0,0.0,0.0,0.0,0.0,0.0,0.0,1.0,3.0,0.0,0.0,0.0,0.0,0.0,
ITA-Serie A,2021,2019-10-06 Internazionale-Juventus,Internazionale,Samir Handanovic,True,Goalkeeper,1,start,end,1.0,0.0,0.0,0.0,0.0,0.0,0.0,2.0,4.0,0.0,0.0,0.0,0.0,0.0,
ITA-Serie A,2021,2019-10-06 Internazionale-Juventus,Juventus,Wojciech Szczesny,False,Goalkeeper,1,start,end,1.0,0.0,0.0,0.0,0.0,0.0,0.0,1.0,2.0,0.0,0.0,0.0,0.0,0.0,
ITA-Serie A,2021,2019-10-06 Torino-Napoli,Napoli,Alex Meret,False,Goalkeeper,1,start,end,1.0,0.0,0.0,0.0,0.0,0.0,0.0,0.0,4.0,0.0,0.0,0.0,0.0,0.0,
ITA-Serie A,2021,2019-10-06 Torino-Napoli,Torino,Salvatore Sirigu,True,Goalkeeper,1,start,end,1.0,0.0,0.0,0.0,0.0,0.0,0.0,0.0,3.0,0.0,0.0,0.0,0.0,0.0,
ITA-Serie A,2021,2019-10-19 Juventus-Bologna,Bologna,Lukasz Skorupski,False,Goalkeeper,1,start,end,1.0,0.0,0.0,0.0,0.0,0.0,0.0,2.0,8.0,0.0,0.0,0.0,0.0,0.0,
ITA-Serie A,2021,2019-10-19 Juventus-Bologna,Juventus,Gianluigi Buffon,True,Goalkeeper,1,start,end,1.0,0.0,0.0,0.0,0.0,0.0,0.0,1.0,1.0,0.0,0.0,0.0,0.0,0.0,
ITA-Serie A,2021,2019-10-19 Lazio-Atalanta,Atalanta,Pierluigi Gollini,False,Goalkeeper,1,start,end,1.0,0.0,0.0,0.0,0.0,0.0,1.0,3.0,2.0,0.0,0.0,0.0,0.0,0.0,
ITA-Serie A,2021,2019-10-19 Lazio-Atalanta,Lazio,Thomas Strakosha,True,Goalkeeper,1,start,end,1.0,0.0,0.0,0.0,0.0,0.0,0.0,3.0,6.0,0.0,0.0,0.0,0.0,0.0,
ITA-Serie A,2021,2019-10-19 Napoli-Hellas Verona,Hellas Verona,Marco Silvestri,False,Goalkeeper,1,start,end,1.0,0.0,0.0,0.0,0.0,0.0,0.0,2.0,4.0,0.0,0.0,0.0,0.0,0.0,
ITA-Serie A,2021,2019-10-19 Napoli-Hellas Verona,Napoli,Alex Meret,True,Goalkeeper,1,start,end,1.0,0.0,0.0,0.0,0.0,0.0,0.0,0.0,5.0,0.0,0.0,0.0,0.0,0.0,
ITA-Serie A,2021,2019-10-20 AC Milan-Lecce,AC Milan,Gianluigi Donnarumma,True,Goalkeeper,1,start,end,1.0,0.0,1.0,0.0,0.0,0.0,0.0,2.0,4.0,0.0,0.0,0.0,0.0,0.0,
ITA-Serie A,2021,2019-10-20 AC Milan-Lecce,Lecce,Gabriel,False,Goalkeeper,1,start,end,1.0,0.0,0.0,0.0,0.0,0.0,0.0,2.0,4.0,0.0,0.0,0.0,0.0,0.0,
ITA-Serie A,2021,2019-10-20 Cagliari-SPAL,Cagliari,Robin Olsen,True,Goalkeeper,1,start,end,1.0,0.0,1.0,0.0,0.0,0.0,0.0,0.0,5.0,0.0,0.0,0.0,0.0,0.0,
ITA-Serie A,2021,2019-10-20 Cagliari-SPAL,SPAL,Etrit Berisha,False,Goalkeeper,1,start,end,1.0,0.0,1.0,0.0,0.0,0.0,0.0,2.0,3.0,0.0,0.0,0.0,0.0,0.0,
ITA-Serie A,2021,2019-10-20 Parma-Genoa,Genoa,Andrei Radu,False,Goalkeeper,1,start,end,1.0,0.0,0.0,0.0,0.0,0.0,0.0,5.0,2.0,0.0,0.0,0.0,0.0,0.0,
ITA-Serie A,2021,2019-10-20 Parma-Genoa,Parma,Luigi Sepe,True,Goalkeeper,1,start,end,1.0,0.0,0.0,0.0,0.0,0.0,0.0,1.0,4.0,0.0,0.0,0.0,0.0,0.0,
ITA-Serie A,2021,2019-10-20 Sampdoria-AS Roma,AS Roma,Pau López,False,Goalkeeper,1,start,end,1.0,0.0,0.0,0.0,0.0,0.0,0.0,0.0,4.0,0.0,0.0,0.0,0.0,0.0,
ITA-Serie A,2021,2019-10-20 Sampdoria-AS Roma,Sampdoria,Emil Audero,True,Goalkeeper,1,start,end,1.0,0.0,0.0,0.0,0.0,0.0,0.0,0.0,1.0,0.0,0.0,0.0,0.0,0.0,
ITA-Serie A,2021,2019-10-20 Sassuolo-Internazionale,Internazionale,Samir Handanovic,False,Goalkeeper,1,start,end,1.0,0.0,0.0,0.0,0.0,0.0,0.0,3.0,1.0,0.0,0.0,0.0,0.0,0.0,
ITA-Serie A,2021,2019-10-20 Sassuolo-Internazionale,Sassuolo,Andrea Consigli,True,Goalkeeper,1,start,end,1.0,0.0,0.0,0.0,0.0,0.0,0.0,4.0,3.0,0.0,0.0,0.0,0.0,0.0,
ITA-Serie A,2021,2019-10-20 Udinese-Torino,Torino,Salvatore Sirigu,False,Goalkeeper,1,start,end,1.0,0.0,0.0,0.0,0.0,0.0,0.0,1.0,3.0,0.0,0.0,0.0,0.0,0.0,
ITA-Serie A,2021,2019-10-20 Udinese-Torino,Udinese,Juan Musso,True,Goalkeeper,1,start,end,1.0,0.0,0.0,0.0,0.0,0.0,0.0,0.0,3.0,0.0,0.0,0.0,0.0,0.0,
ITA-Serie A,2021,2019-10-21 Brescia-Fiorentina,Brescia,Jesse Joronen,True,Goalkeeper,1,start,end,1.0,0.0,0.0,0.0,0.0,0.0,0.0,0.0,4.0,0.0,0.0,0.0,0.0,0.0,
ITA-Serie A,2021,2019-10-21 Brescia-Fiorentina,Fiorentina,Bartlomiej Dragowski,False,Goalkeeper,1,start,end,1.0,0.0,0.0,0.0,0.0,0.0,0.0,0.0,1.0,0.0,0.0,0.0,0.0,0.0,
ITA-Serie A,2021,2019-10-25 Hellas Verona-Sassuolo,Hellas Verona,Marco Silvestri,True,Goalkeeper,1,start,end,1.0,0.0,0.0,0.0,0.0,0.0,0.0,1.0,3.0,0.0,0.0,0.0,0.0,0.0,
ITA-Serie A,2021,2019-10-25 Hellas Verona-Sassuolo,Sassuolo,Andrea Consigli,False,Goalkeeper,1,start,end,1.0,0.0,0.0,0.0,0.0,0.0,0.0,0.0,4.0,0.0,0.0,0.0,0.0,0.0,
ITA-Serie A,2021,2019-10-26 Genoa-Brescia,Brescia,Jesse Joronen,False,Goalkeeper,1,start,end,1.0,0.0,0.0,0.0,0.0,0.0,0.0,3.0,7.0,0.0,0.0,0.0,0.0,0.0,
ITA-Serie A,2021,2019-10-26 Genoa-Brescia,Genoa,Andrei Radu,True,Goalkeeper,1,start,end,1.0,0.0,0.0,0.0,0.0,0.0,1.0,1.0,1.0,0.0,0.0,0.0,0.0,0.0,
ITA-Serie A,2021,2019-10-26 Internazionale-Parma,Internazionale,Samir Handanovic,True,Goalkeeper,1,start,end,1.0,0.0,0.0,0.0,0.0,0.0,0.0,2.0,3.0,0.0,0.0,0.0,0.0,0.0,
ITA-Serie A,2021,2019-10-26 Internazionale-Parma,Parma,Luigi Sepe,False,Goalkeeper,1,start,end,1.0,0.0,0.0,0.0,0.0,0.0,1.0,2.0,4.0,0.0,0.0,0.0,0.0,0.0,
ITA-Serie A,2021,2019-10-26 Lecce-Juventus,Juventus,Wojciech Szczesny,False,Goalkeeper,1,start,end,1.0,0.0,0.0,0.0,0.0,0.0,0.0,1.0,4.0,0.0,0.0,0.0,0.0,0.0,
ITA-Serie A,2021,2019-10-26 Lecce-Juventus,Lecce,Gabriel,True,Goalkeeper,1,start,end,1.0,0.0,1.0,0.0,0.0,0.0,0.0,1.0,3.0,0.0,0.0,0.0,0.0,0.0,
ITA-Serie A,2021,2019-10-27 AS Roma-AC Milan,AC Milan,Gianluigi Donnarumma,False,Goalkeeper,1,start,end,1.0,0.0,0.0,0.0,0.0,0.0,0.0,2.0,3.0,0.0,0.0,0.0,0.0,0.0,
ITA-Serie A,2021,2019-10-27 AS Roma-AC Milan,AS Roma,Pau López,True,Goalkeeper,1,start,end,1.0,0.0,0.0,0.0,0.0,0.0,0.0,1.0,3.0,0.0,0.0,0.0,0.0,0.0,
ITA-Serie A,2021,2019-10-27 Atalanta-Udinese,Atalanta,Pierluigi Gollini,True,Goalkeeper,1,start,end,1.0,0.0,0.0,0.0,0.0,0.0,0.0,1.0,2.0,0.0,0.0,0.0,0.0,0.0,
ITA-Serie A,2021,2019-10-27 Atalanta-Udinese,Udinese,Juan Musso,False,Goalkeeper,1,start,end,1.0,0.0,0.0,0.0,0.0,0.0,0.0,7.0,6.0,0.0,0.0,0.0,0.0,0.0,
ITA-Serie A,2021,2019-10-27 Bologna-Sampdoria,Bologna,Lukasz Skorupski,True,Goalkeeper,1,start,end,1.0,0.0,0.0,0.0,0.0,0.0,0.0,1.0,1.0,0.0,0.0,0.0,0.0,0.0,
ITA-Serie A,2021,2019-10-27 Bologna-Sampdoria,Sampdoria,Emil Audero,False,Goalkeeper,1,start,end,1.0,0.0,0.0,0.0,0.0,0.0,0.0,2.0,3.0,0.0,0.0,0.0,0.0,0.0,
ITA-Serie A,2021,2019-10-27 Fiorentina-Lazio,Fiorentina,Bartlomiej Dragowski,True,Goalkeeper,1,start,end,1.0,0.0,0.0,0.0,0.0,0.0,0.0,2.0,5.0,0.0,0.0,0.0,0.0,0.0,
ITA-Serie A,2021,2019-10-27 Fiorentina-Lazio,Lazio,Thomas Strakosha,False,Goalkeeper,1,start,end,1.0,0.0,1.0,0.0,0.0,0.0,0.0,1.0,2.0,0.0,0.0,0.0,0.0,0.0,
ITA-Serie A,2021,2019-10-27 SPAL-Napoli,Napoli,David Ospina,False,Goalkeeper,1,start,end,1.0,0.0,0.0,0.0,0.0,0.0,0.0,1.0,1.0,0.0,0.0,0.0,0.0,0.0,
ITA-Serie A,2021,2019-10-27 SPAL-Napoli,SPAL,Etrit Berisha,True,Goalkeeper,1,start,end,1.0,0.0,0.0,0.0,0.0,0.0,1.0,1.0,3.0,0.0,0.0,0.0,0.0,0.0,
ITA-Serie A,2021,2019-10-27 Torino-Cagliari,Cagliari,Robin Olsen,False,Goalkeeper,1,start,end,1.0,0.0,0.0,0.0,0.0,0.0,0.0,1.0,3.0,0.0,0.0,0.0,0.0,0.0,
ITA-Serie A,2021,2019-10-27 Torino-Cagliari,Torino,Salvatore Sirigu,True,Goalkeeper,1,start,end,1.0,0.0,0.0,0.0,0.0,0.0,0.0,1.0,3.0,0.0,0.0,0.0,0.0,0.0,
ITA-Serie A,2021,2019-10-29 Brescia-Internazionale,Brescia,Enrico Alfonso,True,Goalkeeper,1,start,end,1.0,0.0,0.0,0.0,0.0,0.0,0.0,2.0,0.0,0.0,0.0,0.0,0.0,0.0,
ITA-Serie A,2021,2019-10-29 Brescia-Internazionale,Internazionale,Samir Handanovic,False,Goalkeeper,1,start,end,1.0,0.0,0.0,0.0,0.0,0.0,0.0,1.0,6.0,0.0,0.0,0.0,0.0,0.0,
ITA-Serie A,2021,2019-10-29 Parma-Hellas Verona,Hellas Verona,Marco Silvestri,False,Goalkeeper,1,start,end,1.0,0.0,0.0,0.0,0.0,0.0,0.0,0.0,5.0,0.0,0.0,0.0,0.0,0.0,
ITA-Serie A,2021,2019-10-29 Parma-Hellas Verona,Parma,Luigi Sepe,True,Goalkeeper,1,start,end,1.0,0.0,0.0,0.0,0.0,0.0,0.0,1.0,1.0,0.0,0.0,0.0,0.0,0.0,
ITA-Serie A,2021,2019-10-30 Cagliari-Bologna,Bologna,Lukasz Skorupski,False,Goalkeeper,1,start,end,1.0,0.0,1.0,0.0,0.0,0.0,0.0,3.0,2.0,0.0,0.0,0.0,0.0,0.0,
ITA-Serie A,2021,2019-10-30 Cagliari-Bologna,Cagliari,Robin Olsen,True,Goalkeeper,1,start,end,1.0,0.0,0.0,0.0,0.0,0.0,0.0,2.0,2.0,0.0,0.0,0.0,0.0,0.0,
ITA-Serie A,2021,2019-10-30 Juventus-Genoa,Genoa,Andrei Radu,False,Goalkeeper,1,start,end,1.0,0.0,0.0,0.0,0.0,0.0,0.0,2.0,9.0,0.0,0.0,0.0,0.0,0.0,
ITA-Serie A,2021,2019-10-30 Juventus-Genoa,Juventus,Gianluigi Buffon,True,Goalkeeper,1,start,end,1.0,0.0,0.0,0.0,0.0,0.0,0.0,1.0,2.0,0.0,0.0,0.0,0.0,0.0,
ITA-Serie A,2021,2019-10-30 Lazio-Torino,Lazio,Thomas Strakosha,True,Goalkeeper,1,start,end,1.0,0.0,0.0,0.0,0.0,0.0,0.0,0.0,2.0,0.0,0.0,0.0,0.0,0.0,
ITA-Serie A,2021,2019-10-30 Lazio-Torino,Torino,Salvatore Sirigu,False,Goalkeeper,1,start,end,1.0,0.0,0.0,0.0,0.0,0.0,0.0,4.0,5.0,0.0,0.0,0.0,0.0,0.0,
ITA-Serie A,2021,2019-10-30 Napoli-Atalanta,Atalanta,Pierluigi Gollini,False,Goalkeeper,1,start,end,1.0,0.0,0.0,0.0,0.0,0.0,0.0,2.0,7.0,0.0,0.0,0.0,0.0,0.0,
ITA-Serie A,2021,2019-10-30 Napoli-Atalanta,Napoli,Alex Meret,True,Goalkeeper,1,start,end,1.0,0.0,0.0,0.0,0.0,0.0,0.0,2.0,2.0,0.0,0.0,0.0,0.0,0.0,
ITA-Serie A,2021,2019-10-30 Sampdoria-Lecce,Lecce,Gabriel,False,Goalkeeper,1,start,end,1.0,0.0,0.0,0.0,0.0,0.0,0.0,1.0,5.0,0.0,0.0,0.0,0.0,0.0,
ITA-Serie A,2021,2019-10-30 Sampdoria-Lecce,Sampdoria,Emil Audero,True,Goalkeeper,1,start,end,1.0,0.0,0.0,0.0,0.0,0.0,0.0,1.0,3.0,0.0,0.0,0.0,0.0,0.0,
ITA-Serie A,2021,2019-10-30 Sassuolo-Fiorentina,Fiorentina,Bartlomiej Dragowski,False,Goalkeeper,1,start,end,1.0,0.0,0.0,0.0,0.0,0.0,0.0,1.0,2.0,0.0,0.0,0.0,0.0,0.0,
ITA-Serie A,2021,2019-10-30 Sassuolo-Fiorentina,Sassuolo,Andrea Consigli,True,Goalkeeper,1,start,end,1.0,0.0,0.0,0.0,0.0,0.0,0.0,2.0,4.0,0.0,0.0,0.0,0.0,0.0,
ITA-Serie A,2021,2019-10-30 Udinese-AS Roma,AS Roma,Pau López,False,Goalkeeper,1,start,end,1.0,0.0,0.0,0.0,0.0,0.0,0.0,0.0,4.0,0.0,0.0,0.0,0.0,0.0,
ITA-Serie A,2021,2019-10-30 Udinese-AS Roma,Udinese,Juan Musso,True,Goalkeeper,1,start,end,1.0,0.0,0.0,0.0,0.0,0.0,0.0,4.0,2.0,0.0,0.0,0.0,0.0,0.0,
ITA-Serie A,2021,2019-10-31 AC Milan-SPAL,AC Milan,Gianluigi Donnarumma,True,Goalkeeper,1,start,end,1.0,0.0,0.0,0.0,0.0,0.0,1.0,0.0,2.0,0.0,0.0,0.0,0.0,0.0,
ITA-Serie A,2021,2019-10-31 AC Milan-SPAL,SPAL,Etrit Berisha,False,Goalkeeper,1,start,end,1.0,0.0,0.0,0.0,0.0,0.0,0.0,1.0,3.0,0.0,0.0,0.0,0.0,0.0,
ITA-Serie A,2021,2019-11-02 AS Roma-Napoli,AS Roma,Pau López,True,Goalkeeper,1,start,end,1.0,0.0,0.0,0.0,0.0,0.0,0.0,1.0,2.0,0.0,0.0,0.0,0.0,0.0,
ITA-Serie A,2021,2019-11-02 AS Roma-Napoli,Napoli,Alex Meret,False,Goalkeeper,1,start,end,1.0,0.0,0.0,0.0,0.0,0.0,0.0,2.0,4.0,0.0,0.0,0.0,0.0,0.0,
ITA-Serie A,2021,2019-11-02 Bologna-Internazionale,Bologna,Lukasz Skorupski,True,Goalkeeper,1,start,end,1.0,0.0,0.0,0.0,0.0,0.0,0.0,2.0,6.0,0.0,0.0,0.0,0.0,0.0,
ITA-Serie A,2021,2019-11-02 Bologna-Internazionale,Internazionale,Samir Handanovic,False,Goalkeeper,1,start,end,1.0,0.0,0.0,0.0,0.0,0.0,0.0,1.0,2.0,0.0,0.0,0.0,0.0,0.0,
ITA-Serie A,2021,2019-11-02 Torino-Juventus,Juventus,Wojciech Szczesny,False,Goalkeeper,1,start,end,1.0,0.0,1.0,0.0,0.0,0.0,0.0,0.0,4.0,0.0,0.0,0.0,0.0,0.0,
ITA-Serie A,2021,2019-11-02 Torino-Juventus,Torino,Salvatore Sirigu,True,Goalkeeper,1,start,end,1.0,0.0,0.0,0.0,0.0,0.0,0.0,1.0,9.0,0.0,0.0,0.0,0.0,0.0,
ITA-Serie A,2021,2019-11-03 AC Milan-Lazio,AC Milan,Gianluigi Donnarumma,True,Goalkeeper,1,start,end,1.0,0.0,0.0,0.0,0.0,0.0,0.0,2.0,2.0,0.0,0.0,0.0,0.0,0.0,
ITA-Serie A,2021,2019-11-03 AC Milan-Lazio,Lazio,Thomas Strakosha,False,Goalkeeper,1,start,end,1.0,0.0,0.0,0.0,0.0,0.0,0.0,1.0,3.0,0.0,0.0,0.0,0.0,0.0,
ITA-Serie A,2021,2019-11-03 Atalanta-Cagliari,Atalanta,Pierluigi Gollini,True,Goalkeeper,1,start,end,1.0,0.0,1.0,0.0,0.0,0.0,0.0,2.0,3.0,0.0,0.0,0.0,0.0,0.0,
ITA-Serie A,2021,2019-11-03 Atalanta-Cagliari,Cagliari,Robin Olsen,False,Goalkeeper,1,start,end,1.0,0.0,0.0,0.0,0.0,0.0,0.0,0.0,3.0,0.0,0.0,0.0,0.0,0.0,
ITA-Serie A,2021,2019-11-03 Fiorentina-Parma,Fiorentina,Bartlomiej Dragowski,True,Goalkeeper,1,start,end,1.0,0.0,1.0,0.0,0.0,0.0,0.0,1.0,2.0,0.0,0.0,0.0,0.0,0.0,
ITA-Serie A,2021,2019-11-03 Fiorentina-Parma,Parma,Luigi Sepe,False,Goalkeeper,1,start,end,1.0,0.0,0.0,0.0,0.0,0.0,0.0,1.0,3.0,0.0,0.0,0.0,0.0,0.0,
ITA-Serie A,2021,2019-11-03 Genoa-Udinese,Genoa,Andrei Radu,True,Goalkeeper,1,start,end,1.0,0.0,0.0,0.0,0.0,0.0,0.0,3.0,2.0,0.0,0.0,0.0,0.0,0.0,
ITA-Serie A,2021,2019-11-03 Genoa-Udinese,Udinese,Juan Musso,False,Goalkeeper,1,start,end,1.0,0.0,0.0,0.0,0.0,0.0,0.0,1.0,1.0,0.0,0.0,0.0,0.0,0.0,
ITA-Serie A,2021,2019-11-03 Hellas Verona-Brescia,Brescia,Jesse Joronen,False,Goalkeeper,1,start,end,1.0,0.0,0.0,0.0,0.0,0.0,0.0,2.0,1.0,0.0,0.0,0.0,0.0,0.0,
ITA-Serie A,2021,2019-11-03 Hellas Verona-Brescia,Hellas Verona,Marco Silvestri,True,Goalkeeper,1,start,end,1.0,0.0,0.0,0.0,0.0,0.0,0.0,1.0,4.0,0.0,0.0,0.0,0.0,0.0,
ITA-Serie A,2021,2019-11-03 Lecce-Sassuolo,Lecce,Gabriel,True,Goalkeeper,1,start,end,1.0,0.0,0.0,0.0,0.0,0.0,0.0,2.0,1.0,0.0,0.0,0.0,0.0,0.0,
ITA-Serie A,2021,2019-11-03 Lecce-Sassuolo,Sassuolo,Andrea Consigli,False,Goalkeeper,1,start,end,1.0,0.0,0.0,0.0,0.0,0.0,0.0,2.0,2.0,0.0,0.0,0.0,0.0,0.0,
ITA-Serie A,2021,2019-11-04 SPAL-Sampdoria,SPAL,Etrit Berisha,True,Goalkeeper,1,start,end,1.0,0.0,0.0,0.0,0.0,0.0,0.0,1.0,4.0,0.0,0.0,0.0,0.0,0.0,
ITA-Serie A,2021,2019-11-04 SPAL-Sampdoria,Sampdoria,Emil Audero,False,Goalkeeper,1,start,end,1.0,0.0,0.0,0.0,0.0,0.0,0.0,0.0,3.0,0.0,0.0,0.0,0.0,0.0,
ITA-Serie A,2021,2019-11-08 Sassuolo-Bologna,Bologna,Lukasz Skorupski,False,Goalkeeper,1,start,end,1.0,0.0,0.0,0.0,0.0,0.0,0.0,3.0,4.0,0.0,0.0,0.0,0.0,0.0,
ITA-Serie A,2021,2019-11-08 Sassuolo-Bologna,Sassuolo,Andrea Consigli,True,Goalkeeper,1,start,end,1.0,0.0,0.0,0.0,0.0,0.0,0.0,1.0,4.0,0.0,0.0,0.0,0.0,0.0,
ITA-Serie A,2021,2019-11-09 Brescia-Torino,Brescia,Jesse Joronen,True,Goalkeeper,1,start,end,1.0,0.0,0.0,0.0,0.0,0.0,0.0,4.0,3.0,0.0,0.0,0.0,0.0,0.0,
ITA-Serie A,2021,2019-11-09 Brescia-Torino,Torino,Salvatore Sirigu,False,Goalkeeper,1,start,end,1.0,0.0,0.0,0.0,0.0,0.0,0.0,0.0,3.0,0.0,0.0,0.0,0.0,0.0,
ITA-Serie A,2021,2019-11-09 Internazionale-Hellas Verona,Hellas Verona,Marco Silvestri,False,Goalkeeper,1,start,end,1.0,0.0,2.0,0.0,0.0,0.0,0.0,2.0,9.0,0.0,0.0,0.0,0.0,0.0,
ITA-Serie A,2021,2019-11-09 Internazionale-Hellas Verona,Internazionale,Samir Handanovic,True,Goalkeeper,1,start,end,1.0,1.0,0.0,0.0,0.0,0.0,0.0,1.0,1.0,0.0,0.0,0.0,0.0,0.0,
ITA-Serie A,2021,2019-11-09 Napoli-Genoa,Genoa,Andrei Radu,False,Goalkeeper,1,start,end,1.0,0.0,0.0,0.0,0.0,0.0,0.0,0.0,7.0,0.0,0.0,0.0,0.0,0.0,
ITA-Serie A,2021,2019-11-09 Napoli-Genoa,Napoli,David Ospina,True,Goalkeeper,1,start,end,1.0,0.0,0.0,0.0,0.0,0.0,0.0,0.0,1.0,0.0,0.0,0.0,0.0,0.0,
ITA-Serie A,2021,2019-11-10 Cagliari-Fiorentina,Cagliari,Robin Olsen,True,Goalkeeper,1,start,end,1.0,0.0,0.0,0.0,0.0,0.0,0.0,2.0,5.0,0.0,0.0,0.0,0.0,0.0,
ITA-Serie A,2021,2019-11-10 Cagliari-Fiorentina,Fiorentina,Bartlomiej Dragowski,False,Goalkeeper,1,start,end,1.0,0.0,0.0,0.0,0.0,0.0,0.0,5.0,3.0,0.0,0.0,0.0,0.0,0.0,
ITA-Serie A,2021,2019-11-10 Juventus-AC Milan,AC Milan,Gianluigi Donnarumma,False,Goalkeeper,1,start,end,1.0,0.0,0.0,0.0,0.0,0.0,0.0,1.0,4.0,0.0,0.0,0.0,0.0,0.0,
ITA-Serie A,2021,2019-11-10 Juventus-AC Milan,Juventus,Wojciech Szczesny,True,Goalkeeper,1,start,end,1.0,0.0,0.0,0.0,0.0,0.0,0.0,0.0,7.0,0.0,0.0,0.0,0.0,0.0,
ITA-Serie A,2021,2019-11-10 Lazio-Lecce,Lazio,Thomas Strakosha,True,Goalkeeper,1,start,end,1.0,0.0,0.0,0.0,0.0,0.0,0.0,2.0,8.0,0.0,0.0,0.0,0.0,0.0,
ITA-Serie A,2021,2019-11-10 Lazio-Lecce,Lecce,Gabriel,False,Goalkeeper,1,start,end,1.0,0.0,0.0,0.0,0.0,0.0,0.0,4.0,3.0,0.0,0.0,0.0,0.0,0.0,
ITA-Serie A,2021,2019-11-10 Parma-AS Roma,AS Roma,Pau López,False,Goalkeeper,1,start,end,1.0,0.0,0.0,0.0,0.0,0.0,0.0,2.0,6.0,0.0,0.0,0.0,0.0,0.0,
ITA-Serie A,2021,2019-11-10 Parma-AS Roma,Parma,Luigi Sepe,True,Goalkeeper,1,start,end,1.0,0.0,0.0,0.0,0.0,0.0,0.0,0.0,6.0,0.0,0.0,0.0,0.0,0.0,
ITA-Serie A,2021,2019-11-10 Sampdoria-Atalanta,Atalanta,Pierluigi Gollini,False,Goalkeeper,1,start,end,1.0,0.0,0.0,0.0,0.0,0.0,0.0,0.0,2.0,0.0,0.0,0.0,0.0,0.0,
ITA-Serie A,2021,2019-11-10 Sampdoria-Atalanta,Sampdoria,Emil Audero,True,Goalkeeper,1,start,end,1.0,0.0,0.0,0.0,0.0,0.0,0.0,0.0,3.0,0.0,0.0,0.0,0.0,0.0,
ITA-Serie A,2021,2019-11-10 Udinese-SPAL,SPAL,Etrit Berisha,False,Goalkeeper,1,start,end,1.0,0.0,0.0,0.0,0.0,0.0,0.0,0.0,1.0,0.0,0.0,0.0,0.0,0.0,
ITA-Serie A,2021,2019-11-10 Udinese-SPAL,Udinese,Juan Musso,True,Goalkeeper,1,start,end,1.0,0.0,0.0,0.0,0.0,0.0,0.0,0.0,4.0,0.0,0.0,0.0,0.0,0.0,
ITA-Serie A,2021,2019-11-23 AC Milan-Napoli,AC Milan,Gianluigi Donnarumma,True,Goalkeeper,1,start,end,1.0,0.0,0.0,0.0,0.0,0.0,0.0,1.0,4.0,0.0,0.0,0.0,0.0,0.0,
ITA-Serie A,2021,2019-11-23 AC Milan-Napoli,Napoli,Alex Meret,False,Goalkeeper,1,start,end,1.0,0.0,0.0,0.0,0.0,0.0,0.0,1.0,2.0,0.0,0.0,0.0,0.0,0.0,
ITA-Serie A,2021,2019-11-23 Atalanta-Juventus,Atalanta,Pierluigi Gollini,True,Goalkeeper,1,start,end,1.0,0.0,1.0,0.0,0.0,0.0,1.0,3.0,2.0,0.0,0.0,0.0,0.0,0.0,
ITA-Serie A,2021,2019-11-23 Atalanta-Juventus,Juventus,Wojciech Szczesny,False,Goalkeeper,1,start,end,1.0,0.0,1.0,0.0,0.0,0.0,0.0,1.0,6.0,0.0,0.0,0.0,0.0,0.0,
ITA-Serie A,2021,2019-11-23 Torino-Internazionale,Internazionale,Samir Handanovic,False,Goalkeeper,1,start,end,1.0,0.0,0.0,0.0,0.0,0.0,0.0,0.0,3.0,0.0,0.0,0.0,0.0,0.0,
ITA-Serie A,2021,2019-11-23 Torino-Internazionale,Torino,Salvatore Sirigu,True,Goalkeeper,1,start,end,1.0,0.0,0.0,0.0,0.0,0.0,0.0,3.0,2.0,0.0,0.0,0.0,0.0,0.0,
ITA-Serie A,2021,2019-11-24 AS Roma-Brescia,AS Roma,Pau López,True,Goalkeeper,1,start,end,1.0,0.0,0.0,0.0,0.0,0.0,0.0,0.0,2.0,0.0,0.0,0.0,0.0,0.0,
ITA-Serie A,2021,2019-11-24 AS Roma-Brescia,Brescia,Jesse Joronen,False,Goalkeeper,1,start,end,1.0,0.0,0.0,0.0,0.0,0.0,0.0,3.0,3.0,0.0,0.0,0.0,0.0,0.0,
ITA-Serie A,2021,2019-11-24 Bologna-Parma,Bologna,Lukasz Skorupski,True,Goalkeeper,1,start,end,1.0,0.0,0.0,0.0,0.0,0.0,0.0,2.0,3.0,0.0,0.0,0.0,0.0,0.0,
ITA-Serie A,2021,2019-11-24 Bologna-Parma,Parma,Luigi Sepe,False,Goalkeeper,1,start,end,1.0,0.0,0.0,0.0,0.0,0.0,0.0,2.0,5.0,0.0,0.0,0.0,0.0,0.0,
ITA-Serie A,2021,2019-11-24 Hellas Verona-Fiorentina,Fiorentina,Bartlomiej Dragowski,False,Goalkeeper,1,start,end,1.0,0.0,1.0,0.0,0.0,0.0,0.0,1.0,6.0,0.0,0.0,0.0,0.0,0.0,
ITA-Serie A,2021,2019-11-24 Hellas Verona-Fiorentina,Hellas Verona,Marco Silvestri,True,Goalkeeper,1,start,end,1.0,0.0,0.0,0.0,0.0,0.0,0.0,0.0,2.0,0.0,0.0,0.0,0.0,0.0,
ITA-Serie A,2021,2019-11-24 Sampdoria-Udinese,Sampdoria,Emil Audero,True,Goalkeeper,1,start,end,1.0,0.0,0.0,0.0,0.0,0.0,0.0,1.0,1.0,0.0,0.0,0.0,0.0,0.0,
ITA-Serie A,2021,2019-11-24 Sampdoria-Udinese,Udinese,Juan Musso,False,Goalkeeper,1,start,end,1.0,0.0,0.0,0.0,0.0,0.0,0.0,2.0,8.0,0.0,0.0,0.0,0.0,0.0,
ITA-Serie A,2021,2019-11-24 Sassuolo-Lazio,Lazio,Thomas Strakosha,False,Goalkeeper,1,start,end,1.0,0.0,0.0,0.0,0.0,0.0,0.0,1.0,0.0,0.0,0.0,0.0,0.0,0.0,
ITA-Serie A,2021,2019-11-24 Sassuolo-Lazio,Sassuolo,Andrea Consigli,True,Goalkeeper,1,start,end,1.0,0.0,1.0,0.0,0.0,0.0,0.0,2.0,4.0,0.0,0.0,0.0,0.0,0.0,
ITA-Serie A,2021,2019-11-25 Lecce-Cagliari,Cagliari,Robin Olsen,False,Goalkeeper,1,start,end,1.0,0.0,0.0,0.0,1.0,0.0,0.0,2.0,0.0,26.0,0.0,0.0,0.0,0.0,
ITA-Serie A,2021,2019-11-25 Lecce-Cagliari,Lecce,Gabriel,True,Goalkeeper,1,start,end,1.0,0.0,0.0,0.0,0.0,0.0,0.0,2.0,0.0,5.0,0.0,0.0,0.0,0.0,
ITA-Serie A,2021,2019-11-25 SPAL-Genoa,Genoa,Andrei Radu,False,Goalkeeper,1,start,end,1.0,0.0,0.0,0.0,0.0,0.0,0.0,1.0,5.0,0.0,0.0,0.0,0.0,0.0,
ITA-Serie A,2021,2019-11-25 SPAL-Genoa,SPAL,Etrit Berisha,True,Goalkeeper,1,start,end,1.0,0.0,0.0,0.0,0.0,0.0,0.0,1.0,4.0,0.0,0.0,0.0,0.0,0.0,
ITA-Serie A,2021,2019-11-30 Brescia-Atalanta,Atalanta,Pierluigi Gollini,False,Goalkeeper,1,start,end,1.0,0.0,0.0,0.0,0.0,0.0,0.0,0.0,4.0,0.0,0.0,0.0,0.0,0.0,
ITA-Serie A,2021,2019-11-30 Brescia-Atalanta,Brescia,Jesse Joronen,True,Goalkeeper,1,start,end,1.0,0.0,0.0,0.0,0.0,0.0,0.0,3.0,7.0,0.0,0.0,0.0,0.0,0.0,
ITA-Serie A,2021,2019-11-30 Fiorentina-Lecce,Fiorentina,Bartlomiej Dragowski,True,Goalkeeper,1,start,end,1.0,0.0,0.0,0.0,0.0,0.0,0.0,1.0,4.0,0.0,0.0,0.0,0.0,0.0,
ITA-Serie A,2021,2019-11-30 Fiorentina-Lecce,Lecce,Gabriel,False,Goalkeeper,1,start,end,1.0,0.0,0.0,0.0,0.0,0.0,0.0,0.0,6.0,0.0,0.0,0.0,0.0,0.0,
ITA-Serie A,2021,2019-11-30 Genoa-Torino,Genoa,Andrei Radu,True,Goalkeeper,1,start,end,1.0,0.0,0.0,0.0,0.0,0.0,0.0,1.0,2.0,0.0,0.0,0.0,0.0,0.0,
ITA-Serie A,2021,2019-11-30 Genoa-Torino,Torino,Salvatore Sirigu,False,Goalkeeper,1,start,end,1.0,0.0,0.0,0.0,0.0,0.0,0.0,0.0,1.0,0.0,0.0,0.0,0.0,0.0,
ITA-Serie A,2021,2019-12-01 Hellas Verona-AS Roma,AS Roma,Pau López,False,Goalkeeper,1,start,end,1.0,0.0,0.0,0.0,0.0,0.0,0.0,1.0,1.0,0.0,0.0,0.0,0.0,0.0,
ITA-Serie A,2021,2019-12-01 Hellas Verona-AS Roma,Hellas Verona,Marco Silvestri,True,Goalkeeper,1,start,end,1.0,0.0,0.0,0.0,0.0,0.0,0.0,3.0,2.0,0.0,0.0,0.0,0.0,0.0,
ITA-Serie A,2021,2019-12-01 Internazionale-SPAL,Internazionale,Samir Handanovic,True,Goalkeeper,1,start,end,1.0,0.0,0.0,0.0,0.0,0.0,0.0,1.0,2.0,0.0,0.0,0.0,0.0,0.0,
ITA-Serie A,2021,2019-12-01 Internazionale-SPAL,SPAL,Etrit Berisha,False,Goalkeeper,1,start,end,1.0,0.0,1.0,0.0,0.0,0.0,0.0,2.0,6.0,0.0,0.0,0.0,0.0,0.0,
ITA-Serie A,2021,2019-12-01 Juventus-Sassuolo,Juventus,Gianluigi Buffon,True,Goalkeeper,1,start,end,1.0,0.0,0.0,0.0,0.0,0.0,0.0,2.0,2.0,0.0,0.0,0.0,0.0,0.0,
ITA-Serie A,2021,2019-12-01 Juventus-Sassuolo,Sassuolo,Stefano Turati,False,Goalkeeper,1,start,end,1.0,0.0,1.0,0.0,0.0,0.0,0.0,2.0,7.0,0.0,0.0,0.0,0.0,0.0,
ITA-Serie A,2021,2019-12-01 Lazio-Udinese,Lazio,Thomas Strakosha,True,Goalkeeper,1,start,end,1.0,0.0,0.0,0.0,0.0,0.0,0.0,0.0,0.0,0.0,0.0,0.0,0.0,0.0,
ITA-Serie A,2021,2019-12-01 Lazio-Udinese,Udinese,Juan Musso,False,Goalkeeper,1,start,end,1.0,0.0,0.0,0.0,0.0,0.0,0.0,3.0,3.0,0.0,0.0,0.0,0.0,0.0,
ITA-Serie A,2021,2019-12-01 Napoli-Bologna,Bologna,Lukasz Skorupski,False,Goalkeeper,1,start,end,1.0,0.0,0.0,0.0,0.0,0.0,0.0,1.0,5.0,0.0,0.0,0.0,0.0,0.0,
ITA-Serie A,2021,2019-12-01 Napoli-Bologna,Napoli,David Ospina,True,Goalkeeper,1,start,end,1.0,0.0,0.0,0.0,0.0,0.0,0.0,2.0,3.0,0.0,0.0,0.0,0.0,0.0,
ITA-Serie A,2021,2019-12-01 Parma-AC Milan,AC Milan,Gianluigi Donnarumma,False,Goalkeeper,1,start,end,1.0,0.0,0.0,0.0,0.0,0.0,1.0,0.0,0.0,0.0,0.0,0.0,0.0,0.0,
ITA-Serie A,2021,2019-12-01 Parma-AC Milan,Parma,Luigi Sepe,True,Goalkeeper,1,start,end,1.0,0.0,0.0,0.0,0.0,0.0,0.0,1.0,7.0,0.0,0.0,0.0,0.0,0.0,
ITA-Serie A,2021,2019-12-02 Cagliari-Sampdoria,Cagliari,Rafael,True,Goalkeeper,1,start,end,1.0,0.0,0.0,0.0,0.0,0.0,0.0,3.0,2.0,0.0,0.0,0.0,0.0,0.0,
ITA-Serie A,2021,2019-12-02 Cagliari-Sampdoria,Sampdoria,Emil Audero,False,Goalkeeper,1,start,end,1.0,0.0,0.0,0.0,0.0,0.0,0.0,4.0,3.0,0.0,0.0,0.0,0.0,0.0,
ITA-Serie A,2021,2019-12-06 Internazionale-AS Roma,AS Roma,Antonio Mirante,False,Goalkeeper,1,start,end,1.0,0.0,0.0,0.0,0.0,0.0,0.0,0.0,2.0,0.0,0.0,0.0,0.0,0.0,
ITA-Serie A,2021,2019-12-06 Internazionale-AS Roma,Internazionale,Samir Handanovic,True,Goalkeeper,1,start,end,1.0,0.0,0.0,0.0,0.0,0.0,0.0,0.0,2.0,0.0,0.0,0.0,0.0,0.0,
ITA-Serie A,2021,2019-12-07 Atalanta-Hellas Verona,Atalanta,Pierluigi Gollini,True,Goalkeeper,1,start,end,1.0,0.0,0.0,0.0,0.0,0.0,0.0,2.0,0.0,0.0,0.0,0.0,0.0,0.0,
ITA-Serie A,2021,2019-12-07 Atalanta-Hellas Verona,Hellas Verona,Marco Silvestri,False,Goalkeeper,1,start,end,1.0,0.0,0.0,0.0,0.0,0.0,0.0,3.0,7.0,0.0,0.0,0.0,0.0,0.0,
ITA-Serie A,2021,2019-12-07 Lazio-Juventus,Juventus,Wojciech Szczesny,False,Goalkeeper,1,start,end,1.0,1.0,0.0,0.0,0.0,0.0,1.0,3.0,6.0,0.0,0.0,0.0,0.0,0.0,
ITA-Serie A,2021,2019-12-07 Lazio-Juventus,Lazio,Thomas Strakosha,True,Goalkeeper,1,start,end,1.0,0.0,1.0,0.0,0.0,0.0,0.0,1.0,3.0,0.0,0.0,0.0,0.0,0.0,
ITA-Serie A,2021,2019-12-07 Udinese-Napoli,Napoli,Alex Meret,False,Goalkeeper,1,start,end,1.0,0.0,0.0,0.0,0.0,0.0,0.0,1.0,0.0,0.0,0.0,0.0,0.0,0.0,
ITA-Serie A,2021,2019-12-07 Udinese-Napoli,Udinese,Juan Musso,True,Goalkeeper,1,start,end,1.0,0.0,0.0,0.0,0.0,0.0,0.0,1.0,2.0,0.0,0.0,0.0,0.0,0.0,
ITA-Serie A,2021,2019-12-08 Bologna-AC Milan,AC Milan,Gianluigi Donnarumma,False,Goalkeeper,1,start,end,1.0,0.0,1.0,0.0,0.0,0.0,0.0,2.0,3.0,0.0,0.0,0.0,0.0,0.0,
ITA-Serie A,2021,2019-12-08 Bologna-AC Milan,Bologna,Lukasz Skorupski,True,Goalkeeper,1,start,end,1.0,0.0,0.0,0.0,0.0,0.0,0.0,3.0,4.0,0.0,0.0,0.0,0.0,0.0,
ITA-Serie A,2021,2019-12-08 Lecce-Genoa,Genoa,Andrei Radu,False,Goalkeeper,1,start,end,1.0,0.0,0.0,0.0,0.0,0.0,0.0,2.0,3.0,0.0,0.0,0.0,0.0,0.0,
ITA-Serie A,2021,2019-12-08 Lecce-Genoa,Lecce,Gabriel,True,Goalkeeper,1,start,end,1.0,0.0,0.0,0.0,0.0,0.0,0.0,2.0,2.0,0.0,0.0,0.0,0.0,0.0,
ITA-Serie A,2021,2019-12-08 SPAL-Brescia,Brescia,Jesse Joronen,False,Goalkeeper,1,start,end,1.0,0.0,0.0,0.0,0.0,0.0,1.0,0.0,3.0,0.0,0.0,0.0,0.0,0.0,
ITA-Serie A,2021,2019-12-08 SPAL-Brescia,SPAL,Etrit Berisha,True,Goalkeeper,1,start,end,1.0,0.0,1.0,0.0,0.0,0.0,0.0,1.0,5.0,0.0,0.0,0.0,0.0,0.0,
ITA-Serie A,2021,2019-12-08 Sampdoria-Parma,Parma,Luigi Sepe,False,Goalkeeper,1,start,end,1.0,0.0,1.0,0.0,0.0,0.0,0.0,0.0,4.0,0.0,0.0,0.0,0.0,0.0,
ITA-Serie A,2021,2019-12-08 Sampdoria-Parma,Sampdoria,Emil Audero,True,Goalkeeper,1,start,end,1.0,0.0,0.0,0.0,0.0,0.0,0.0,1.0,0.0,0.0,0.0,0.0,0.0,0.0,
ITA-Serie A,2021,2019-12-08 Sassuolo-Cagliari,Cagliari,Rafael,False,Goalkeeper,1,start,end,1.0,0.0,0.0,0.0,0.0,0.0,0.0,2.0,0.0,0.0,0.0,0.0,0.0,0.0,
ITA-Serie A,2021,2019-12-08 Sassuolo-Cagliari,Sassuolo,Stefano Turati,True,Goalkeeper,1,start,end,1.0,0.0,1.0,0.0,0.0,0.0,0.0,2.0,1.0,0.0,0.0,0.0,0.0,0.0,
ITA-Serie A,2021,2019-12-08 Torino-Fiorentina,Fiorentina,Bartlomiej Dragowski,False,Goalkeeper,1,start,end,1.0,0.0,0.0,0.0,0.0,0.0,0.0,2.0,2.0,0.0,0.0,0.0,0.0,0.0,
ITA-Serie A,2021,2019-12-08 Torino-Fiorentina,Torino,Salvatore Sirigu,True,Goalkeeper,1,start,end,1.0,0.0,0.0,0.0,0.0,0.0,0.0,1.0,3.0,0.0,0.0,0.0,0.0,0.0,
ITA-Serie A,2021,2019-12-14 Brescia-Lecce,Brescia,Enrico Alfonso,True,Goalkeeper,1,start,end,1.0,0.0,0.0,0.0,0.0,0.0,0.0,0.0,4.0,0.0,0.0,0.0,0.0,0.0,
ITA-Serie A,2021,2019-12-14 Brescia-Lecce,Lecce,Gabriel,False,Goalkeeper,1,start,end,1.0,0.0,0.0,0.0,0.0,0.0,0.0,3.0,6.0,0.0,0.0,0.0,0.0,0.0,
ITA-Serie A,2021,2019-12-14 Genoa-Sampdoria,Genoa,Andrei Radu,True,Goalkeeper,1,start,end,1.0,0.0,0.0,0.0,0.0,0.0,0.0,1.0,0.0,0.0,0.0,0.0,0.0,0.0,
ITA-Serie A,2021,2019-12-14 Genoa-Sampdoria,Sampdoria,Emil Audero,False,Goalkeeper,1,start,end,1.0,0.0,1.0,0.0,0.0,0.0,0.0,0.0,1.0,0.0,0.0,0.0,0.0,0.0,
ITA-Serie A,2021,2019-12-14 Napoli-Parma,Napoli,Alex Meret,True,Goalkeeper,1,start,end,1.0,0.0,0.0,0.0,0.0,0.0,0.0,2.0,2.0,0.0,0.0,0.0,0.0,0.0,
ITA-Serie A,2021,2019-12-14 Napoli-Parma,Parma,Luigi Sepe,False,Goalkeeper,1,start,end,1.0,0.0,0.0,0.0,0.0,0.0,0.0,1.0,7.0,0.0,0.0,0.0,0.0,0.0,
ITA-Serie A,2021,2019-12-15 AC Milan-Sassuolo,AC Milan,Gianluigi Donnarumma,True,Goalkeeper,1,start,end,1.0,0.0,0.0,0.0,0.0,0.0,0.0,0.0,6.0,0.0,0.0,0.0,0.0,0.0,
ITA-Serie A,2021,2019-12-15 AC Milan-Sassuolo,Sassuolo,Gianluca Pegolo,False,Goalkeeper,1,start,end,1.0,0.0,0.0,0.0,0.0,0.0,0.0,0.0,8.0,0.0,0.0,0.0,0.0,0.0,
ITA-Serie A,2021,2019-12-15 AS Roma-SPAL,AS Roma,Pau López,True,Goalkeeper,1,start,end,1.0,0.0,0.0,0.0,0.0,0.0,0.0,1.0,2.0,0.0,0.0,0.0,0.0,0.0,
ITA-Serie A,2021,2019-12-15 AS Roma-SPAL,SPAL,Etrit Berisha,False,Goalkeeper,1,start,end,1.0,0.0,0.0,0.0,0.0,0.0,0.0,3.0,7.0,0.0,0.0,0.0,0.0,0.0,
ITA-Serie A,2021,2019-12-15 Bologna-Atalanta,Atalanta,Pierluigi Gollini,False,Goalkeeper,1,start,end,1.0,0.0,1.0,0.0,0.0,0.0,0.0,2.0,2.0,0.0,0.0,0.0,0.0,0.0,
ITA-Serie A,2021,2019-12-15 Bologna-Atalanta,Bologna,Lukasz Skorupski,True,Goalkeeper,1,start,end,1.0,0.0,0.0,0.0,0.0,0.0,0.0,1.0,3.0,0.0,0.0,0.0,0.0,0.0,
ITA-Serie A,2021,2019-12-15 Fiorentina-Internazionale,Fiorentina,Bartlomiej Dragowski,True,Goalkeeper,1,start,end,1.0,0.0,2.0,0.0,0.0,0.0,0.0,1.0,4.0,0.0,0.0,0.0,0.0,0.0,
ITA-Serie A,2021,2019-12-15 Fiorentina-Internazionale,Internazionale,Samir Handanovic,False,Goalkeeper,1,start,end,1.0,0.0,0.0,0.0,0.0,0.0,0.0,1.0,4.0,0.0,0.0,0.0,0.0,0.0,
ITA-Serie A,2021,2019-12-15 Hellas Verona-Torino,Hellas Verona,Marco Silvestri,True,Goalkeeper,1,start,end,1.0,0.0,0.0,0.0,0.0,0.0,0.0,3.0,5.0,0.0,0.0,0.0,0.0,0.0,
ITA-Serie A,2021,2019-12-15 Hellas Verona-Torino,Torino,Salvatore Sirigu,False,Goalkeeper,1,start,end,1.0,0.0,0.0,0.0,0.0,0.0,0.0,3.0,4.0,0.0,0.0,0.0,0.0,0.0,
ITA-Serie A,2021,2019-12-15 Juventus-Udinese,Juventus,Gianluigi Buffon,True,Goalkeeper,1,start,end,1.0,0.0,0.0,0.0,0.0,0.0,0.0,1.0,5.0,0.0,0.0,0.0,0.0,0.0,
ITA-Serie A,2021,2019-12-15 Juventus-Udinese,Udinese,Juan Musso,False,Goalkeeper,1,start,end,1.0,0.0,0.0,0.0,0.0,0.0,0.0,3.0,6.0,0.0,0.0,0.0,0.0,0.0,
ITA-Serie A,2021,2019-12-16 Cagliari-Lazio,Cagliari,Rafael,True,Goalkeeper,1,start,end,1.0,0.0,0.0,0.0,0.0,0.0,0.0,2.0,3.0,0.0,0.0,0.0,0.0,0.0,
ITA-Serie A,2021,2019-12-16 Cagliari-Lazio,Lazio,Thomas Strakosha,False,Goalkeeper,1,start,end,1.0,0.0,0.0,0.0,0.0,0.0,0.0,1.0,2.0,0.0,0.0,0.0,0.0,0.0,
ITA-Serie A,2021,2019-12-18 Brescia-Sassuolo,Brescia,Enrico Alfonso,True,Goalkeeper,1,start,end,1.0,0.0,0.0,0.0,0.0,0.0,0.0,2.0,3.0,0.0,0.0,0.0,0.0,0.0,
ITA-Serie A,2021,2019-12-18 Brescia-Sassuolo,Sassuolo,Gianluca Pegolo,False,Goalkeeper,1,start,end,1.0,0.0,0.0,0.0,0.0,0.0,0.0,0.0,6.0,0.0,0.0,0.0,0.0,0.0,
ITA-Serie A,2021,2019-12-18 Sampdoria-Juventus,Juventus,Gianluigi Buffon,False,Goalkeeper,1,start,end,1.0,0.0,0.0,0.0,0.0,0.0,0.0,1.0,2.0,0.0,0.0,0.0,0.0,0.0,
ITA-Serie A,2021,2019-12-18 Sampdoria-Juventus,Sampdoria,Emil Audero,True,Goalkeeper,1,start,end,1.0,0.0,0.0,0.0,0.0,0.0,0.0,2.0,2.0,0.0,0.0,0.0,0.0,0.0,
ITA-Serie A,2021,2019-12-20 Fiorentina-AS Roma,AS Roma,Pau López,False,Goalkeeper,1,start,end,1.0,0.0,0.0,0.0,0.0,0.0,0.0,1.0,3.0,0.0,0.0,0.0,0.0,0.0,
ITA-Serie A,2021,2019-12-20 Fiorentina-AS Roma,Fiorentina,Bartlomiej Dragowski,True,Goalkeeper,1,start,end,1.0,0.0,0.0,0.0,0.0,0.0,0.0,4.0,2.0,0.0,0.0,0.0,0.0,0.0,
ITA-Serie A,2021,2019-12-21 Internazionale-Genoa,Genoa,Andrei Radu,False,Goalkeeper,1,start,end,1.0,0.0,0.0,0.0,0.0,0.0,0.0,4.0,5.0,0.0,0.0,0.0,0.0,0.0,
ITA-Serie A,2021,2019-12-21 Internazionale-Genoa,Internazionale,Samir Handanovic,True,Goalkeeper,1,start,end,1.0,0.0,0.0,0.0,0.0,0.0,0.0,0.0,3.0,0.0,0.0,0.0,0.0,0.0,
ITA-Serie A,2021,2019-12-21 Torino-SPAL,SPAL,Etrit Berisha,False,Goalkeeper,1,start,end,1.0,0.0,1.0,0.0,0.0,0.0,0.0,1.0,5.0,0.0,0.0,0.0,0.0,0.0,
ITA-Serie A,2021,2019-12-21 Torino-SPAL,Torino,Salvatore Sirigu,True,Goalkeeper,1,start,end,1.0,0.0,0.0,0.0,0.0,0.0,1.0,2.0,2.0,0.0,0.0,0.0,0.0,0.0,
ITA-Serie A,2021,2019-12-21 Udinese-Cagliari,Cagliari,Rafael,False,Goalkeeper,1,start,end,1.0,0.0,0.0,0.0,0.0,0.0,0.0,2.0,0.0,0.0,0.0,0.0,0.0,0.0,
ITA-Serie A,2021,2019-12-21 Udinese-Cagliari,Udinese,Juan Musso,True,Goalkeeper,1,start,end,1.0,0.0,0.0,0.0,0.0,0.0,0.0,1.0,0.0,0.0,0.0,0.0,0.0,0.0,
ITA-Serie A,2021,2019-12-22 Atalanta-AC Milan,AC Milan,Gianluigi Donnarumma,False,Goalkeeper,1,start,end,1.0,0.0,0.0,0.0,0.0,0.0,0.0,5.0,5.0,0.0,0.0,0.0,0.0,0.0,
ITA-Serie A,2021,2019-12-22 Atalanta-AC Milan,Atalanta,Pierluigi Gollini,True,Goalkeeper,1,start,end,1.0,0.0,0.0,0.0,0.0,0.0,0.0,0.0,1.0,0.0,0.0,0.0,0.0,0.0,
ITA-Serie A,2021,2019-12-22 Lecce-Bologna,Bologna,Lukasz Skorupski,False,Goalkeeper,1,start,end,1.0,0.0,1.0,0.0,0.0,0.0,0.0,2.0,2.0,0.0,0.0,0.0,0.0,0.0,
ITA-Serie A,2021,2019-12-22 Lecce-Bologna,Lecce,Gabriel,True,Goalkeeper,1,start,end,1.0,0.0,0.0,0.0,0.0,0.0,0.0,3.0,12.0,0.0,0.0,0.0,0.0,0.0,
ITA-Serie A,2021,2019-12-22 Parma-Brescia,Brescia,Jesse Joronen,False,Goalkeeper,1,start,end,1.0,0.0,0.0,0.0,0.0,0.0,0.0,1.0,2.0,0.0,0.0,0.0,0.0,0.0,
ITA-Serie A,2021,2019-12-22 Parma-Brescia,Parma,Luigi Sepe,True,Goalkeeper,1,start,end,1.0,0.0,1.0,0.0,0.0,0.0,0.0,1.0,3.0,0.0,0.0,0.0,0.0,0.0,
ITA-Serie A,2021,2019-12-22 Sassuolo-Napoli,Napoli,Alex Meret,False,Goalkeeper,1,start,end,1.0,0.0,0.0,0.0,0.0,0.0,0.0,1.0,3.0,0.0,0.0,0.0,0.0,0.0,
ITA-Serie A,2021,2019-12-22 Sassuolo-Napoli,Sassuolo,Gianluca Pegolo,True,Goalkeeper,1,start,end,1.0,0.0,0.0,0.0,0.0,0.0,0.0,2.0,6.0,0.0,0.0,0.0,0.0,0.0,
ITA-Serie A,2021,2020-01-05 AS Roma-Torino,AS Roma,Pau López,True,Goalkeeper,1,start,end,1.0,0.0,0.0,0.0,0.0,0.0,0.0,2.0,4.0,0.0,0.0,0.0,0.0,0.0,
ITA-Serie A,2021,2020-01-05 AS Roma-Torino,Torino,Salvatore Sirigu,False,Goalkeeper,1,start,end,1.0,0.0,0.0,0.0,0.0,0.0,0.0,0.0,7.0,0.0,0.0,0.0,0.0,0.0,
ITA-Serie A,2021,2020-01-05 Brescia-Lazio,Brescia,Jesse Joronen,True,Goalkeeper,1,start,end,1.0,0.0,0.0,0.0,0.0,0.0,0.0,2.0,4.0,0.0,0.0,0.0,0.0,0.0,
ITA-Serie A,2021,2020-01-05 Brescia-Lazio,Lazio,Thomas Strakosha,False,Goalkeeper,1,start,end,1.0,0.0,0.0,0.0,0.0,0.0,0.0,1.0,2.0,0.0,0.0,0.0,0.0,0.0,
ITA-Serie A,2021,2020-01-05 Genoa-Sassuolo,Genoa,Mattia Perin,True,Goalkeeper,1,start,end,1.0,0.0,0.0,0.0,0.0,0.0,0.0,1.0,2.0,0.0,0.0,0.0,0.0,0.0,
ITA-Serie A,2021,2020-01-05 Genoa-Sassuolo,Sassuolo,Andrea Consigli,False,Goalkeeper,1,start,end,1.0,0.0,0.0,0.0,0.0,0.0,0.0,2.0,4.0,0.0,0.0,0.0,0.0,0.0,
ITA-Serie A,2021,2020-01-05 SPAL-Hellas Verona,Hellas Verona,Marco Silvestri,False,Goalkeeper,1,start,end,1.0,0.0,0.0,0.0,0.0,0.0,0.0,0.0,2.0,0.0,0.0,0.0,0.0,0.0,
ITA-Serie A,2021,2020-01-05 SPAL-Hellas Verona,SPAL,Etrit Berisha,True,Goalkeeper,1,start,end,1.0,0.0,0.0,0.0,0.0,0.0,0.0,2.0,6.0,0.0,0.0,0.0,0.0,0.0,
ITA-Serie A,2021,2020-01-06 AC Milan-Sampdoria,AC Milan,Gianluigi Donnarumma,True,Goalkeeper,1,start,end,1.0,0.0,0.0,0.0,0.0,0.0,0.0,0.0,2.0,0.0,0.0,0.0,0.0,0.0,
ITA-Serie A,2021,2020-01-06 AC Milan-Sampdoria,Sampdoria,Emil Audero,False,Goalkeeper,1,start,end,1.0,0.0,0.0,0.0,0.0,0.0,0.0,0.0,7.0,0.0,0.0,0.0,0.0,0.0,
ITA-Serie A,2021,2020-01-06 Atalanta-Parma,Atalanta,Marco Sportiello,True,Goalkeeper,1,start,end,1.0,0.0,0.0,0.0,0.0,0.0,0.0,0.0,1.0,0.0,0.0,0.0,0.0,0.0,
ITA-Serie A,2021,2020-01-06 Atalanta-Parma,Parma,Luigi Sepe,False,Goalkeeper,1,start,end,1.0,0.0,0.0,0.0,0.0,0.0,0.0,5.0,5.0,0.0,0.0,0.0,0.0,0.0,
ITA-Serie A,2021,2020-01-06 Bologna-Fiorentina,Bologna,Lukasz Skorupski,True,Goalkeeper,1,start,end,1.0,0.0,0.0,0.0,0.0,0.0,0.0,1.0,3.0,0.0,0.0,0.0,0.0,0.0,
ITA-Serie A,2021,2020-01-06 Bologna-Fiorentina,Fiorentina,Bartlomiej Dragowski,False,Goalkeeper,1,start,end,1.0,0.0,1.0,0.0,0.0,0.0,0.0,1.0,5.0,0.0,0.0,0.0,0.0,0.0,
ITA-Serie A,2021,2020-01-06 Juventus-Cagliari,Cagliari,Robin Olsen,False,Goalkeeper,1,start,end,1.0,0.0,0.0,0.0,0.0,0.0,0.0,4.0,6.0,0.0,0.0,0.0,0.0,0.0,
ITA-Serie A,2021,2020-01-06 Juventus-Cagliari,Juventus,Wojciech Szczesny,True,Goalkeeper,1,start,end,1.0,0.0,0.0,0.0,0.0,0.0,0.0,0.0,1.0,0.0,0.0,0.0,0.0,0.0,
ITA-Serie A,2021,2020-01-06 Lecce-Udinese,Lecce,Gabriel,True,Goalkeeper,1,start,end,1.0,0.0,0.0,0.0,0.0,0.0,1.0,1.0,3.0,0.0,0.0,0.0,0.0,0.0,
ITA-Serie A,2021,2020-01-06 Lecce-Udinese,Udinese,Juan Musso,False,Goalkeeper,1,start,end,1.0,0.0,0.0,0.0,0.0,0.0,0.0,0.0,4.0,0.0,0.0,0.0,0.0,0.0,
ITA-Serie A,2021,2020-01-06 Napoli-Internazionale,Internazionale,Samir Handanovic,False,Goalkeeper,1,start,end,1.0,0.0,0.0,0.0,0.0,0.0,0.0,1.0,6.0,0.0,0.0,0.0,0.0,0.0,
ITA-Serie A,2021,2020-01-06 Napoli-Internazionale,Napoli,Alex Meret,True,Goalkeeper,1,start,end,1.0,0.0,1.0,0.0,0.0,0.0,0.0,3.0,5.0,0.0,0.0,0.0,0.0,0.0,
ITA-Serie A,2021,2020-01-11 Cagliari-AC Milan,AC Milan,Gianluigi Donnarumma,False,Goalkeeper,1,start,end,1.0,0.0,1.0,0.0,0.0,0.0,0.0,0.0,3.0,0.0,0.0,0.0,0.0,0.0,
ITA-Serie A,2021,2020-01-11 Cagliari-AC Milan,Cagliari,Robin Olsen,True,Goalkeeper,1,start,end,1.0,0.0,0.0,0.0,0.0,0.0,0.0,2.0,2.0,0.0,0.0,0.0,0.0,0.0,
ITA-Serie A,2021,2020-01-11 Internazionale-Atalanta,Atalanta,Pierluigi Gollini,False,Goalkeeper,1,start,end,1.0,0.0,0.0,0.0,0.0,0.0,0.0,1.0,3.0,0.0,0.0,0.0,0.0,0.0,
ITA-Serie A,2021,2020-01-11 Internazionale-Atalanta,Internazionale,Samir Handanovic,True,Goalkeeper,1,start,end,1.0,0.0,0.0,0.0,0.0,0.0,0.0,1.0,5.0,0.0,0.0,0.0,0.0,0.0,
ITA-Serie A,2021,2020-01-11 Lazio-Napoli,Lazio,Thomas Strakosha,True,Goalkeeper,1,start,end,1.0,0.0,0.0,0.0,0.0,0.0,0.0,0.0,4.0,0.0,0.0,0.0,0.0,0.0,
ITA-Serie A,2021,2020-01-11 Lazio-Napoli,Napoli,David Ospina,False,Goalkeeper,1,start,end,1.0,0.0,1.0,0.0,0.0,0.0,0.0,1.0,4.0,0.0,0.0,0.0,0.0,0.0,
ITA-Serie A,2021,2020-01-12 AS Roma-Juventus,AS Roma,Pau López,True,Goalkeeper,1,start,end,1.0,0.0,0.0,0.0,0.0,0.0,0.0,2.0,2.0,0.0,0.0,0.0,0.0,0.0,
ITA-Serie A,2021,2020-01-12 AS Roma-Juventus,Juventus,Wojciech Szczesny,False,Goalkeeper,1,start,end,1.0,0.0,0.0,0.0,0.0,0.0,0.0,1.0,4.0,0.0,0.0,0.0,0.0,0.0,
ITA-Serie A,2021,2020-01-12 Fiorentina-SPAL,Fiorentina,Bartlomiej Dragowski,True,Goalkeeper,1,start,end,1.0,0.0,0.0,0.0,0.0,0.0,0.0,0.0,1.0,0.0,0.0,0.0,0.0,0.0,
ITA-Serie A,2021,2020-01-12 Fiorentina-SPAL,SPAL,Etrit Berisha,False,Goalkeeper,1,start,end,1.0,0.0,0.0,0.0,0.0,0.0,0.0,1.0,3.0,0.0,0.0,0.0,0.0,0.0,
ITA-Serie A,2021,2020-01-12 Hellas Verona-Genoa,Genoa,Mattia Perin,False,Goalkeeper,1,start,end,1.0,0.0,0.0,0.0,0.0,0.0,0.0,2.0,6.0,0.0,0.0,0.0,0.0,0.0,
ITA-Serie A,2021,2020-01-12 Hellas Verona-Genoa,Hellas Verona,Marco Silvestri,True,Goalkeeper,1,start,end,1.0,0.0,0.0,0.0,0.0,0.0,0.0,1.0,2.0,0.0,0.0,0.0,0.0,0.0,
ITA-Serie A,2021,2020-01-12 Sampdoria-Brescia,Brescia,Jesse Joronen,False,Goalkeeper,1,start,end,1.0,0.0,0.0,0.0,0.0,0.0,0.0,5.0,5.0,0.0,0.0,0.0,0.0,0.0,
ITA-Serie A,2021,2020-01-12 Sampdoria-Brescia,Sampdoria,Emil Audero,True,Goalkeeper,1,start,end,1.0,0.0,0.0,0.0,0.0,0.0,0.0,1.0,3.0,0.0,0.0,0.0,0.0,0.0,
ITA-Serie A,2021,2020-01-12 Torino-Bologna,Bologna,Lukasz Skorupski,False,Goalkeeper,1,start,end,1.0,0.0,0.0,0.0,0.0,0.0,0.0,1.0,0.0,0.0,0.0,0.0,0.0,0.0,
ITA-Serie A,2021,2020-01-12 Torino-Bologna,Torino,Salvatore Sirigu,True,Goalkeeper,1,start,end,1.0,0.0,0.0,0.0,0.0,0.0,1.0,0.0,4.0,0.0,0.0,0.0,0.0,0.0,
ITA-Serie A,2021,2020-01-12 Udinese-Sassuolo,Sassuolo,Andrea Consigli,False,Goalkeeper,1,start,end,1.0,0.0,0.0,0.0,0.0,0.0,0.0,3.0,5.0,0.0,0.0,0.0,0.0,0.0,
ITA-Serie A,2021,2020-01-12 Udinese-Sassuolo,Udinese,Juan Musso,True,Goalkeeper,1,start,end,1.0,0.0,0.0,0.0,0.0,0.0,0.0,0.0,3.0,0.0,0.0,0.0,0.0,0.0,
ITA-Serie A,2021,2020-01-13 Parma-Lecce,Lecce,Gabriel,False,Goalkeeper,1,start,end,1.0,0.0,0.0,0.0,0.0,0.0,0.0,2.0,4.0,0.0,0.0,0.0,0.0,0.0,
ITA-Serie A,2021,2020-01-13 Parma-Lecce,Parma,Luigi Sepe,True,Goalkeeper,1,start,end,1.0,0.0,0.0,0.0,0.0,0.0,0.0,0.0,4.0,0.0,0.0,0.0,0.0,0.0,
ITA-Serie A,2021,2020-01-18 Lazio-Sampdoria,Lazio,Thomas Strakosha,True,Goalkeeper,1,start,end,1.0,0.0,0.0,0.0,0.0,0.0,0.0,1.0,3.0,0.0,0.0,0.0,0.0,0.0,
ITA-Serie A,2021,2020-01-18 Lazio-Sampdoria,Sampdoria,Emil Audero,False,Goalkeeper,1,start,end,1.0,0.0,0.0,0.0,0.0,0.0,0.0,5.0,3.0,0.0,0.0,0.0,0.0,0.0,
ITA-Serie A,2021,2020-01-18 Napoli-Fiorentina,Fiorentina,Bartlomiej Dragowski,False,Goalkeeper,1,start,end,1.0,0.0,0.0,0.0,0.0,0.0,0.0,0.0,3.0,0.0,0.0,0.0,0.0,0.0,
ITA-Serie A,2021,2020-01-18 Napoli-Fiorentina,Napoli,David Ospina,True,Goalkeeper,1,start,end,1.0,0.0,0.0,0.0,0.0,0.0,0.0,2.0,4.0,0.0,0.0,0.0,0.0,0.0,
ITA-Serie A,2021,2020-01-18 Sassuolo-Torino,Sassuolo,Andrea Consigli,True,Goalkeeper,1,start,end,1.0,0.0,0.0,0.0,0.0,0.0,0.0,1.0,2.0,0.0,0.0,0.0,0.0,0.0,
ITA-Serie A,2021,2020-01-18 Sassuolo-Torino,Torino,Salvatore Sirigu,False,Goalkeeper,1,start,end,1.0,0.0,0.0,0.0,0.0,0.0,0.0,2.0,3.0,0.0,0.0,0.0,0.0,0.0,
ITA-Serie A,2021,2020-01-19 AC Milan-Udinese,AC Milan,Gianluigi Donnarumma,True,Goalkeeper,1,start,end,1.0,0.0,0.0,0.0,0.0,0.0,0.0,2.0,4.0,0.0,0.0,0.0,0.0,0.0,
ITA-Serie A,2021,2020-01-19 AC Milan-Udinese,Udinese,Juan Musso,False,Goalkeeper,1,start,end,1.0,0.0,1.0,0.0,0.0,0.0,0.0,3.0,4.0,0.0,0.0,0.0,0.0,0.0,
ITA-Serie A,2021,2020-01-19 Bologna-Hellas Verona,Bologna,Lukasz Skorupski,True,Goalkeeper,1,start,end,1.0,0.0,0.0,0.0,0.0,0.0,0.0,1.0,6.0,0.0,0.0,0.0,0.0,0.0,
ITA-Serie A,2021,2020-01-19 Bologna-Hellas Verona,Hellas Verona,Marco Silvestri,False,Goalkeeper,1,start,end,1.0,0.0,0.0,0.0,0.0,0.0,0.0,1.0,2.0,0.0,0.0,0.0,0.0,0.0,
ITA-Serie A,2021,2020-01-19 Brescia-Cagliari,Brescia,Jesse Joronen,True,Goalkeeper,1,start,end,1.0,0.0,0.0,0.0,0.0,0.0,0.0,2.0,7.0,0.0,0.0,0.0,0.0,0.0,
ITA-Serie A,2021,2020-01-19 Brescia-Cagliari,Cagliari,Robin Olsen,False,Goalkeeper,1,start,end,1.0,0.0,0.0,0.0,0.0,0.0,0.0,2.0,3.0,0.0,0.0,0.0,0.0,0.0,
ITA-Serie A,2021,2020-01-19 Genoa-AS Roma,AS Roma,Pau López,False,Goalkeeper,1,start,end,1.0,0.0,0.0,0.0,0.0,0.0,1.0,1.0,3.0,0.0,0.0,0.0,0.0,0.0,
ITA-Serie A,2021,2020-01-19 Genoa-AS Roma,Genoa,Mattia Perin,True,Goalkeeper,1,start,end,1.0,0.0,0.0,0.0,0.0,0.0,0.0,3.0,4.0,0.0,0.0,0.0,0.0,0.0,
ITA-Serie A,2021,2020-01-19 Juventus-Parma,Juventus,Wojciech Szczesny,True,Goalkeeper,1,start,end,1.0,0.0,0.0,0.0,0.0,0.0,0.0,1.0,5.0,0.0,0.0,0.0,0.0,0.0,
ITA-Serie A,2021,2020-01-19 Juventus-Parma,Parma,Luigi Sepe,False,Goalkeeper,1,start,end,1.0,0.0,0.0,0.0,0.0,0.0,0.0,2.0,3.0,0.0,0.0,0.0,0.0,0.0,
ITA-Serie A,2021,2020-01-19 Lecce-Internazionale,Internazionale,Samir Handanovic,False,Goalkeeper,1,start,end,1.0,0.0,0.0,0.0,0.0,0.0,0.0,1.0,1.0,0.0,0.0,0.0,0.0,0.0,
ITA-Serie A,2021,2020-01-19 Lecce-Internazionale,Lecce,Gabriel,True,Goalkeeper,1,start,end,1.0,0.0,0.0,0.0,0.0,0.0,0.0,1.0,8.0,0.0,0.0,0.0,0.0,0.0,
ITA-Serie A,2021,2020-01-20 Atalanta-SPAL,Atalanta,Marco Sportiello,True,Goalkeeper,1,start,end,1.0,0.0,0.0,0.0,0.0,0.0,0.0,2.0,3.0,0.0,0.0,0.0,0.0,0.0,
ITA-Serie A,2021,2020-01-20 Atalanta-SPAL,SPAL,Etrit Berisha,False,Goalkeeper,1,start,end,1.0,0.0,0.0,0.0,0.0,0.0,0.0,1.0,4.0,0.0,0.0,0.0,0.0,0.0,
ITA-Serie A,2021,2020-01-24 Brescia-AC Milan,AC Milan,Gianluigi Donnarumma,False,Goalkeeper,1,start,end,1.0,0.0,0.0,0.0,0.0,0.0,0.0,0.0,7.0,0.0,0.0,0.0,0.0,0.0,
ITA-Serie A,2021,2020-01-24 Brescia-AC Milan,Brescia,Jesse Joronen,True,Goalkeeper,1,start,end,1.0,0.0,0.0,0.0,0.0,0.0,0.0,1.0,3.0,0.0,0.0,0.0,0.0,0.0,
ITA-Serie A,2021,2020-01-25 Fiorentina-Genoa,Fiorentina,Bartlomiej Dragowski,True,Goalkeeper,1,start,end,1.0,0.0,0.0,0.0,0.0,0.0,0.0,0.0,7.0,0.0,0.0,0.0,0.0,0.0,
ITA-Serie A,2021,2020-01-25 Fiorentina-Genoa,Genoa,Mattia Perin,False,Goalkeeper,1,start,end,1.0,0.0,0.0,0.0,0.0,0.0,0.0,0.0,2.0,0.0,0.0,0.0,0.0,0.0,
ITA-Serie A,2021,2020-01-25 SPAL-Bologna,Bologna,Lukasz Skorupski,False,Goalkeeper,1,start,end,1.0,0.0,0.0,0.0,0.0,0.0,0.0,1.0,3.0,0.0,0.0,0.0,0.0,0.0,
ITA-Serie A,2021,2020-01-25 SPAL-Bologna,SPAL,Etrit Berisha,True,Goalkeeper,1,start,end,1.0,0.0,0.0,0.0,0.0,0.0,0.0,3.0,3.0,0.0,0.0,0.0,0.0,0.0,
ITA-Serie A,2021,2020-01-25 Torino-Atalanta,Atalanta,Pierluigi Gollini,False,Goalkeeper,1,start,end,1.0,0.0,0.0,0.0,0.0,0.0,0.0,0.0,4.0,0.0,0.0,0.0,0.0,0.0,
ITA-Serie A,2021,2020-01-25 Torino-Atalanta,Torino,Salvatore Sirigu,True,Goalkeeper,1,start,end,1.0,0.0,0.0,0.0,0.0,0.0,1.0,7.0,7.0,0.0,0.0,0.0,0.0,0.0,
ITA-Serie A,2021,2020-01-26 AS Roma-Lazio,AS Roma,Pau López,True,Goalkeeper,1,start,end,1.0,0.0,0.0,0.0,0.0,0.0,0.0,1.0,1.0,0.0,0.0,0.0,0.0,0.0,
ITA-Serie A,2021,2020-01-26 AS Roma-Lazio,Lazio,Thomas Strakosha,False,Goalkeeper,1,start,end,1.0,0.0,0.0,0.0,0.0,0.0,0.0,1.0,2.0,0.0,0.0,0.0,0.0,0.0,
ITA-Serie A,2021,2020-01-26 Hellas Verona-Lecce,Hellas Verona,Marco Silvestri,True,Goalkeeper,1,start,end,1.0,0.0,0.0,0.0,0.0,0.0,0.0,0.0,0.0,0.0,0.0,0.0,0.0,0.0,
ITA-Serie A,2021,2020-01-26 Hellas Verona-Lecce,Lecce,Gabriel,False,Goalkeeper,1,start,28,1.0,0.0,0.0,0.0,0.0,0.0,0.0,1.0,1.0,0.0,0.0,0.0,0.0,0.0,
ITA-Serie A,2021,2020-01-26 Internazionale-Cagliari,Cagliari,Alessio Cragno,False,Goalkeeper,1,start,end,1.0,0.0,0.0,0.0,0.0,0.0,0.0,1.0,4.0,0.0,0.0,0.0,0.0,0.0,
ITA-Serie A,2021,2020-01-26 Internazionale-Cagliari,Internazionale,Samir Handanovic,True,Goalkeeper,1,start,end,1.0,0.0,0.0,0.0,0.0,0.0,0.0,1.0,1.0,0.0,0.0,0.0,0.0,0.0,
ITA-Serie A,2021,2020-01-26 Napoli-Juventus,Juventus,Wojciech Szczesny,False,Goalkeeper,1,start,end,1.0,0.0,0.0,0.0,0.0,0.0,0.0,2.0,2.0,0.0,0.0,0.0,0.0,0.0,
ITA-Serie A,2021,2020-01-26 Napoli-Juventus,Napoli,Alex Meret,True,Goalkeeper,1,start,end,1.0,0.0,0.0,0.0,0.0,0.0,0.0,1.0,3.0,0.0,0.0,0.0,0.0,0.0,
ITA-Serie A,2021,2020-01-26 Parma-Udinese,Parma,Luigi Sepe,True,Goalkeeper,1,start,end,1.0,0.0,1.0,0.0,0.0,0.0,0.0,0.0,4.0,0.0,0.0,0.0,0.0,0.0,
ITA-Serie A,2021,2020-01-26 Parma-Udinese,Udinese,Juan Musso,False,Goalkeeper,1,start,end,1.0,0.0,0.0,0.0,0.0,0.0,0.0,2.0,1.0,0.0,0.0,0.0,0.0,0.0,
ITA-Serie A,2021,2020-01-26 Sampdoria-Sassuolo,Sampdoria,Emil Audero,True,Goalkeeper,1,start,end,1.0,0.0,0.0,0.0,0.0,0.0,0.0,0.0,1.0,0.0,0.0,0.0,0.0,0.0,
ITA-Serie A,2021,2020-01-26 Sampdoria-Sassuolo,Sassuolo,Andrea Consigli,False,Goalkeeper,1,start,end,1.0,0.0,0.0,0.0,0.0,0.0,0.0,0.0,3.0,0.0,0.0,0.0,0.0,0.0,
ITA-Serie A,2021,2020-02-01 Bologna-Brescia,Bologna,Lukasz Skorupski,True,Goalkeeper,1,start,end,1.0,0.0,1.0,0.0,0.0,0.0,0.0,1.0,0.0,0.0,0.0,0.0,0.0,0.0,
ITA-Serie A,2021,2020-02-01 Bologna-Brescia,Brescia,Jesse Joronen,False,Goalkeeper,1,start,end,1.0,0.0,1.0,0.0,0.0,0.0,0.0,2.0,4.0,0.0,0.0,0.0,0.0,0.0,
ITA-Serie A,2021,2020-02-01 Cagliari-Parma,Cagliari,Alessio Cragno,True,Goalkeeper,1,start,end,1.0,0.0,0.0,0.0,0.0,0.0,0.0,2.0,2.0,0.0,0.0,0.0,0.0,0.0,
ITA-Serie A,2021,2020-02-01 Cagliari-Parma,Parma,Simone Colombi,False,Goalkeeper,1,start,end,1.0,0.0,0.0,0.0,0.0,0.0,0.0,2.0,6.0,0.0,0.0,0.0,0.0,0.0,
ITA-Serie A,2021,2020-02-01 Sassuolo-AS Roma,AS Roma,Pau López,False,Goalkeeper,1,start,end,1.0,0.0,0.0,0.0,0.0,0.0,0.0,4.0,6.0,0.0,0.0,0.0,0.0,0.0,
ITA-Serie A,2021,2020-02-01 Sassuolo-AS Roma,Sassuolo,Andrea Consigli,True,Goalkeeper,1,start,end,1.0,0.0,0.0,0.0,0.0,0.0,0.0,2.0,6.0,0.0,0.0,0.0,0.0,0.0,
ITA-Serie A,2021,2020-02-02 AC Milan-Hellas Verona,AC Milan,Gianluigi Donnarumma,True,Goalkeeper,1,start,end,1.0,0.0,0.0,0.0,0.0,0.0,0.0,1.0,2.0,0.0,0.0,0.0,0.0,0.0,
ITA-Serie A,2021,2020-02-02 AC Milan-Hellas Verona,Hellas Verona,Marco Silvestri,False,Goalkeeper,1,start,end,1.0,0.0,0.0,0.0,0.0,0.0,1.0,1.0,4.0,0.0,0.0,0.0,0.0,0.0,
ITA-Serie A,2021,2020-02-02 Atalanta-Genoa,Atalanta,Pierluigi Gollini,True,Goalkeeper,1,start,end,1.0,0.0,0.0,0.0,0.0,0.0,0.0,2.0,3.0,0.0,0.0,0.0,0.0,0.0,
ITA-Serie A,2021,2020-02-02 Atalanta-Genoa,Genoa,Mattia Perin,False,Goalkeeper,1,start,end,1.0,0.0,1.0,0.0,0.0,0.0,1.0,2.0,6.0,0.0,0.0,0.0,0.0,0.0,
ITA-Serie A,2021,2020-02-02 Juventus-Fiorentina,Fiorentina,Bartlomiej Dragowski,False,Goalkeeper,1,start,end,1.0,0.0,0.0,0.0,0.0,0.0,0.0,3.0,5.0,0.0,0.0,0.0,0.0,0.0,
ITA-Serie A,2021,2020-02-02 Juventus-Fiorentina,Juventus,Wojciech Szczesny,True,Goalkeeper,1,start,end,1.0,0.0,0.0,0.0,0.0,0.0,0.0,0.0,3.0,0.0,0.0,0.0,0.0,0.0,
ITA-Serie A,2021,2020-02-02 Lazio-SPAL,Lazio,Thomas Strakosha,True,Goalkeeper,1,start,end,1.0,0.0,0.0,0.0,0.0,0.0,0.0,1.0,3.0,0.0,0.0,0.0,0.0,0.0,
ITA-Serie A,2021,2020-02-02 Lazio-SPAL,SPAL,Etrit Berisha,False,Goalkeeper,1,start,end,1.0,0.0,0.0,0.0,0.0,0.0,0.0,5.0,3.0,0.0,0.0,0.0,0.0,0.0,
ITA-Serie A,2021,2020-02-02 Lecce-Torino,Lecce,Mauro Vigorito,True,Goalkeeper,1,start,end,1.0,0.0,0.0,0.0,0.0,0.0,0.0,0.0,3.0,0.0,0.0,0.0,0.0,0.0,
ITA-Serie A,2021,2020-02-02 Lecce-Torino,Torino,Salvatore Sirigu,False,Goalkeeper,1,start,end,1.0,0.0,0.0,0.0,0.0,0.0,0.0,4.0,6.0,0.0,0.0,0.0,0.0,0.0,
ITA-Serie A,2021,2020-02-02 Udinese-Internazionale,Internazionale,Daniele Padelli,False,Goalkeeper,1,start,end,1.0,0.0,1.0,0.0,0.0,0.0,0.0,0.0,1.0,0.0,0.0,0.0,0.0,0.0,
ITA-Serie A,2021,2020-02-02 Udinese-Internazionale,Udinese,Juan Musso,True,Goalkeeper,1,start,end,1.0,1.0,1.0,0.0,0.0,0.0,0.0,2.0,6.0,0.0,0.0,0.0,0.0,0.0,
ITA-Serie A,2021,2020-02-03 Sampdoria-Napoli,Napoli,Alex Meret,False,Goalkeeper,1,start,end,1.0,0.0,0.0,0.0,0.0,0.0,0.0,2.0,3.0,0.0,0.0,0.0,0.0,0.0,
ITA-Serie A,2021,2020-02-03 Sampdoria-Napoli,Sampdoria,Emil Audero,True,Goalkeeper,1,start,end,1.0,0.0,0.0,0.0,0.0,0.0,0.0,4.0,3.0,0.0,0.0,0.0,0.0,0.0,
ITA-Serie A,2021,2020-02-05 Lazio-Hellas Verona,Hellas Verona,Marco Silvestri,False,Goalkeeper,1,start,end,1.0,0.0,0.0,0.0,0.0,0.0,0.0,0.0,4.0,0.0,0.0,0.0,0.0,0.0,
ITA-Serie A,2021,2020-02-05 Lazio-Hellas Verona,Lazio,Thomas Strakosha,True,Goalkeeper,1,start,end,1.0,0.0,0.0,0.0,0.0,0.0,0.0,0.0,3.0,0.0,0.0,0.0,0.0,0.0,
ITA-Serie A,2021,2020-02-07 AS Roma-Bologna,AS Roma,Pau López,True,Goalkeeper,1,start,end,1.0,1.0,0.0,0.0,0.0,0.0,0.0,3.0,2.0,0.0,0.0,0.0,0.0,0.0,
ITA-Serie A,2021,2020-02-07 AS Roma-Bologna,Bologna,Lukasz Skorupski,False,Goalkeeper,1,start,end,1.0,0.0,1.0,0.0,0.0,0.0,1.0,2.0,7.0,0.0,0.0,0.0,0.0,0.0,
ITA-Serie A,2021,2020-02-08 Fiorentina-Atalanta,Atalanta,Pierluigi Gollini,False,Goalkeeper,1,start,end,1.0,0.0,1.0,0.0,0.0,0.0,1.0,1.0,3.0,0.0,0.0,0.0,0.0,0.0,
ITA-Serie A,2021,2020-02-08 Fiorentina-Atalanta,Fiorentina,Bartlomiej Dragowski,True,Goalkeeper,1,start,end,1.0,0.0,0.0,0.0,0.0,0.0,0.0,2.0,3.0,0.0,0.0,0.0,0.0,0.0,
ITA-Serie A,2021,2020-02-08 Hellas Verona-Juventus,Hellas Verona,Marco Silvestri,True,Goalkeeper,1,start,end,1.0,0.0,0.0,0.0,0.0,0.0,0.0,1.0,2.0,0.0,0.0,0.0,0.0,0.0,
ITA-Serie A,2021,2020-02-08 Hellas Verona-Juventus,Juventus,Wojciech Szczesny,False,Goalkeeper,1,start,end,1.0,0.0,0.0,0.0,0.0,0.0,0.0,2.0,3.0,0.0,0.0,0.0,0.0,0.0,
ITA-Serie A,2021,2020-02-08 Torino-Sampdoria,Sampdoria,Emil Audero,False,Goalkeeper,1,start,end,1.0,0.0,0.0,0.0,0.0,0.0,0.0,1.0,1.0,0.0,0.0,0.0,0.0,0.0,
ITA-Serie A,2021,2020-02-08 Torino-Sampdoria,Torino,Salvatore Sirigu,True,Goalkeeper,1,start,end,1.0,0.0,0.0,0.0,0.0,0.0,0.0,3.0,2.0,0.0,0.0,0.0,0.0,0.0,
ITA-Serie A,2021,2020-02-09 Brescia-Udinese,Brescia,Jesse Joronen,True,Goalkeeper,1,start,end,1.0,0.0,0.0,0.0,0.0,0.0,0.0,1.0,6.0,0.0,0.0,0.0,0.0,0.0,
ITA-Serie A,2021,2020-02-09 Brescia-Udinese,Udinese,Juan Musso,False,Goalkeeper,1,start,end,1.0,0.0,0.0,0.0,0.0,0.0,0.0,1.0,4.0,0.0,0.0,0.0,0.0,0.0,
ITA-Serie A,2021,2020-02-09 Genoa-Cagliari,Cagliari,Alessio Cragno,False,Goalkeeper,1,start,end,1.0,0.0,0.0,0.0,0.0,0.0,0.0,1.0,4.0,0.0,0.0,0.0,0.0,0.0,
ITA-Serie A,2021,2020-02-09 Genoa-Cagliari,Genoa,Mattia Perin,True,Goalkeeper,1,start,end,1.0,0.0,0.0,0.0,0.0,0.0,0.0,0.0,4.0,0.0,0.0,0.0,0.0,0.0,
ITA-Serie A,2021,2020-02-09 Internazionale-AC Milan,AC Milan,Gianluigi Donnarumma,False,Goalkeeper,1,start,end,1.0,0.0,0.0,0.0,0.0,0.0,0.0,4.0,3.0,0.0,0.0,0.0,0.0,0.0,
ITA-Serie A,2021,2020-02-09 Internazionale-AC Milan,Internazionale,Daniele Padelli,True,Goalkeeper,1,start,end,1.0,0.0,2.0,0.0,0.0,0.0,0.0,2.0,0.0,0.0,0.0,0.0,0.0,0.0,
ITA-Serie A,2021,2020-02-09 Napoli-Lecce,Lecce,Mauro Vigorito,False,Goalkeeper,1,start,end,1.0,0.0,0.0,0.0,0.0,0.0,1.0,2.0,5.0,0.0,0.0,0.0,0.0,0.0,
ITA-Serie A,2021,2020-02-09 Napoli-Lecce,Napoli,David Ospina,True,Goalkeeper,1,start,end,1.0,0.0,0.0,0.0,0.0,0.0,0.0,3.0,7.0,0.0,0.0,0.0,0.0,0.0,
ITA-Serie A,2021,2020-02-09 Parma-Lazio,Lazio,Thomas Strakosha,False,Goalkeeper,1,start,end,1.0,0.0,1.0,0.0,0.0,0.0,0.0,0.0,4.0,0.0,0.0,0.0,0.0,0.0,
ITA-Serie A,2021,2020-02-09 Parma-Lazio,Parma,Simone Colombi,True,Goalkeeper,1,start,end,1.0,0.0,0.0,0.0,0.0,0.0,0.0,1.0,4.0,0.0,0.0,0.0,0.0,0.0,
ITA-Serie A,2021,2020-02-09 SPAL-Sassuolo,SPAL,Etrit Berisha,True,Goalkeeper,1,start,end,1.0,0.0,0.0,0.0,0.0,0.0,0.0,2.0,7.0,0.0,0.0,0.0,0.0,0.0,
ITA-Serie A,2021,2020-02-09 SPAL-Sassuolo,Sassuolo,Andrea Consigli,False,Goalkeeper,1,start,end,1.0,0.0,0.0,0.0,0.0,0.0,1.0,1.0,2.0,0.0,0.0,0.0,0.0,0.0,
ITA-Serie A,2021,2020-02-15 Atalanta-AS Roma,AS Roma,Pau López,False,Goalkeeper,1,start,end,1.0,0.0,0.0,0.0,0.0,0.0,0.0,2.0,4.0,0.0,0.0,0.0,0.0,0.0,
ITA-Serie A,2021,2020-02-15 Atalanta-AS Roma,Atalanta,Pierluigi Gollini,True,Goalkeeper,1,start,end,1.0,0.0,0.0,0.0,0.0,0.0,0.0,1.0,0.0,0.0,0.0,0.0,0.0,0.0,
ITA-Serie A,2021,2020-02-15 Bologna-Genoa,Bologna,Lukasz Skorupski,True,Goalkeeper,1,start,end,1.0,0.0,0.0,0.0,0.0,0.0,0.0,3.0,2.0,0.0,0.0,0.0,0.0,0.0,
ITA-Serie A,2021,2020-02-15 Bologna-Genoa,Genoa,Mattia Perin,False,Goalkeeper,1,start,end,1.0,0.0,0.0,0.0,0.0,0.0,0.0,0.0,4.0,0.0,0.0,0.0,0.0,0.0,
ITA-Serie A,2021,2020-02-15 Lecce-SPAL,Lecce,Mauro Vigorito,True,Goalkeeper,1,start,end,1.0,0.0,1.0,0.0,0.0,0.0,0.0,1.0,4.0,0.0,0.0,0.0,0.0,0.0,
ITA-Serie A,2021,2020-02-15 Lecce-SPAL,SPAL,Etrit Berisha,False,Goalkeeper,1,start,end,1.0,0.0,0.0,0.0,0.0,0.0,0.0,2.0,2.0,0.0,0.0,0.0,0.0,0.0,
ITA-Serie A,2021,2020-02-16 Cagliari-Napoli,Cagliari,Alessio Cragno,True,Goalkeeper,1,start,end,1.0,0.0,0.0,0.0,0.0,0.0,0.0,1.0,3.0,0.0,0.0,0.0,0.0,0.0,
ITA-Serie A,2021,2020-02-16 Cagliari-Napoli,Napoli,David Ospina,False,Goalkeeper,1,start,end,1.0,0.0,0.0,0.0,0.0,0.0,0.0,0.0,2.0,0.0,0.0,0.0,0.0,0.0,
ITA-Serie A,2021,2020-02-16 Juventus-Brescia,Brescia,Enrico Alfonso,False,Goalkeeper,1,start,10,1.0,0.0,0.0,0.0,0.0,0.0,0.0,0.0,0.0,0.0,0.0,0.0,0.0,0.0,
ITA-Serie A,2021,2020-02-16 Juventus-Brescia,Juventus,Wojciech Szczesny,True,Goalkeeper,1,start,end,1.0,0.0,0.0,0.0,0.0,0.0,0.0,0.0,2.0,0.0,0.0,0.0,0.0,0.0,
ITA-Serie A,2021,2020-02-16 Lazio-Internazionale,Internazionale,Daniele Padelli,False,Goalkeeper,1,start,end,1.0,0.0,0.0,0.0,0.0,0.0,0.0,2.0,3.0,0.0,0.0,0.0,0.0,0.0,
ITA-Serie A,2021,2020-02-16 Lazio-Internazionale,Lazio,Thomas Strakosha,True,Goalkeeper,1,start,end,1.0,0.0,0.0,0.0,0.0,0.0,0.0,1.0,3.0,0.0,0.0,0.0,0.0,0.0,
ITA-Serie A,2021,2020-02-16 Sampdoria-Fiorentina,Fiorentina,Bartlomiej Dragowski,False,Goalkeeper,1,start,end,1.0,0.0,0.0,0.0,0.0,0.0,0.0,1.0,5.0,0.0,0.0,0.0,0.0,0.0,
ITA-Serie A,2021,2020-02-16 Sampdoria-Fiorentina,Sampdoria,Emil Audero,True,Goalkeeper,1,start,end,1.0,0.0,0.0,0.0,0.0,0.0,0.0,5.0,2.0,0.0,0.0,0.0,0.0,0.0,
ITA-Serie A,2021,2020-02-16 Sassuolo-Parma,Parma,Simone Colombi,False,Goalkeeper,1,start,end,1.0,0.0,0.0,0.0,0.0,0.0,0.0,0.0,3.0,0.0,0.0,0.0,0.0,0.0,
ITA-Serie A,2021,2020-02-16 Sassuolo-Parma,Sassuolo,Andrea Consigli,True,Goalkeeper,1,start,end,1.0,0.0,0.0,0.0,0.0,0.0,0.0,1.0,4.0,0.0,0.0,0.0,0.0,0.0,
ITA-Serie A,2021,2020-02-16 Udinese-Hellas Verona,Hellas Verona,Marco Silvestri,False,Goalkeeper,1,start,end,1.0,0.0,0.0,0.0,0.0,0.0,0.0,0.0,5.0,0.0,0.0,0.0,0.0,0.0,
ITA-Serie A,2021,2020-02-16 Udinese-Hellas Verona,Udinese,Juan Musso,True,Goalkeeper,1,start,end,1.0,0.0,0.0,0.0,0.0,0.0,0.0,0.0,4.0,0.0,0.0,0.0,0.0,0.0,
ITA-Serie A,2021,2020-02-17 AC Milan-Torino,AC Milan,Gianluigi Donnarumma,True,Goalkeeper,1,start,end,1.0,0.0,0.0,0.0,0.0,0.0,0.0,0.0,1.0,0.0,0.0,0.0,0.0,0.0,
ITA-Serie A,2021,2020-02-17 AC Milan-Torino,Torino,Salvatore Sirigu,False,Goalkeeper,1,start,end,1.0,0.0,1.0,0.0,0.0,0.0,0.0,1.0,0.0,0.0,0.0,0.0,0.0,0.0,
ITA-Serie A,2021,2020-02-21 Brescia-Napoli,Brescia,Jesse Joronen,True,Goalkeeper,1,start,end,1.0,0.0,0.0,0.0,0.0,0.0,0.0,2.0,2.0,0.0,0.0,0.0,0.0,0.0,
ITA-Serie A,2021,2020-02-21 Brescia-Napoli,Napoli,David Ospina,False,Goalkeeper,1,start,end,1.0,0.0,1.0,0.0,0.0,0.0,0.0,1.0,0.0,0.0,0.0,0.0,0.0,0.0,
ITA-Serie A,2021,2020-02-22 Bologna-Udinese,Bologna,Angelo da Costa,True,Goalkeeper,1,start,end,1.0,0.0,0.0,0.0,0.0,0.0,0.0,1.0,1.0,0.0,0.0,0.0,0.0,0.0,
ITA-Serie A,2021,2020-02-22 Bologna-Udinese,Udinese,Juan Musso,False,Goalkeeper,1,start,end,1.0,0.0,0.0,0.0,0.0,0.0,0.0,1.0,3.0,0.0,0.0,0.0,0.0,0.0,
ITA-Serie A,2021,2020-02-22 Fiorentina-AC Milan,AC Milan,Gianluigi Donnarumma,False,Goalkeeper,1,start,52,1.0,0.0,0.0,0.0,0.0,0.0,0.0,0.0,2.0,0.0,0.0,0.0,0.0,0.0,
ITA-Serie A,2021,2020-02-22 Fiorentina-AC Milan,Fiorentina,Bartlomiej Dragowski,True,Goalkeeper,1,start,end,1.0,0.0,0.0,0.0,0.0,0.0,0.0,1.0,3.0,0.0,0.0,0.0,0.0,0.0,
ITA-Serie A,2021,2020-02-22 SPAL-Juventus,Juventus,Wojciech Szczesny,False,Goalkeeper,1,start,end,1.0,0.0,0.0,0.0,0.0,0.0,0.0,1.0,4.0,0.0,0.0,0.0,0.0,0.0,
ITA-Serie A,2021,2020-02-22 SPAL-Juventus,SPAL,Etrit Berisha,True,Goalkeeper,1,start,end,1.0,0.0,0.0,0.0,0.0,0.0,0.0,2.0,4.0,0.0,0.0,0.0,0.0,0.0,
ITA-Serie A,2021,2020-02-23 AS Roma-Lecce,AS Roma,Pau López,True,Goalkeeper,1,start,end,1.0,0.0,1.0,0.0,0.0,0.0,0.0,0.0,3.0,0.0,0.0,0.0,0.0,0.0,
ITA-Serie A,2021,2020-02-23 AS Roma-Lecce,Lecce,Mauro Vigorito,False,Goalkeeper,1,start,end,1.0,0.0,0.0,0.0,0.0,0.0,0.0,4.0,7.0,0.0,0.0,0.0,0.0,0.0,
ITA-Serie A,2021,2020-02-23 Genoa-Lazio,Genoa,Mattia Perin,True,Goalkeeper,1,start,end,1.0,0.0,0.0,0.0,0.0,0.0,0.0,3.0,4.0,0.0,0.0,0.0,0.0,0.0,
ITA-Serie A,2021,2020-02-23 Genoa-Lazio,Lazio,Thomas Strakosha,False,Goalkeeper,1,start,end,1.0,0.0,0.0,0.0,0.0,0.0,1.0,2.0,4.0,0.0,0.0,0.0,0.0,0.0,
ITA-Serie A,2021,2020-02-29 Lazio-Bologna,Bologna,Lukasz Skorupski,False,Goalkeeper,1,start,end,1.0,0.0,0.0,0.0,0.0,0.0,0.0,2.0,2.0,0.0,0.0,0.0,0.0,0.0,
ITA-Serie A,2021,2020-02-29 Lazio-Bologna,Lazio,Thomas Strakosha,True,Goalkeeper,1,start,end,1.0,0.0,0.0,0.0,0.0,0.0,0.0,0.0,3.0,0.0,0.0,0.0,0.0,0.0,
ITA-Serie A,2021,2020-02-29 Napoli-Torino,Napoli,David Ospina,True,Goalkeeper,1,start,end,1.0,0.0,0.0,0.0,0.0,0.0,0.0,1.0,0.0,0.0,0.0,0.0,0.0,0.0,
ITA-Serie A,2021,2020-02-29 Napoli-Torino,Torino,Salvatore Sirigu,False,Goalkeeper,1,start,end,1.0,0.0,0.0,0.0,0.0,0.0,0.0,2.0,4.0,0.0,0.0,0.0,0.0,0.0,
ITA-Serie A,2021,2020-03-01 Cagliari-AS Roma,AS Roma,Pau López,False,Goalkeeper,1,start,end,1.0,0.0,1.0,0.0,0.0,0.0,1.0,3.0,3.0,0.0,0.0,0.0,0.0,0.0,
ITA-Serie A,2021,2020-03-01 Cagliari-AS Roma,Cagliari,Robin Olsen,True,Goalkeeper,1,start,end,1.0,0.0,1.0,0.0,0.0,0.0,0.0,4.0,7.0,0.0,0.0,0.0,0.0,0.0,
ITA-Serie A,2021,2020-03-01 Lecce-Atalanta,Atalanta,Pierluigi Gollini,False,Goalkeeper,1,start,end,1.0,0.0,0.0,0.0,0.0,0.0,0.0,2.0,1.0,0.0,0.0,0.0,0.0,0.0,
ITA-Serie A,2021,2020-03-01 Lecce-Atalanta,Lecce,Gabriel,True,Goalkeeper,1,start,end,1.0,0.0,0.0,0.0,0.0,0.0,0.0,7.0,3.0,0.0,0.0,0.0,0.0,0.0,
ITA-Serie A,2021,2020-03-08 AC Milan-Genoa,AC Milan,Asmir Begovic,True,Goalkeeper,1,start,end,1.0,0.0,0.0,0.0,0.0,0.0,0.0,2.0,1.0,0.0,0.0,0.0,0.0,0.0,
ITA-Serie A,2021,2020-03-08 AC Milan-Genoa,Genoa,Mattia Perin,False,Goalkeeper,1,start,end,1.0,0.0,0.0,0.0,0.0,0.0,0.0,1.0,3.0,0.0,0.0,0.0,0.0,0.0,
ITA-Serie A,2021,2020-03-08 Juventus-Internazionale,Internazionale,Samir Handanovic,False,Goalkeeper,1,start,end,1.0,0.0,0.0,0.0,0.0,0.0,0.0,2.0,3.0,0.0,0.0,0.0,0.0,0.0,
ITA-Serie A,2021,2020-03-08 Juventus-Internazionale,Juventus,Wojciech Szczesny,True,Goalkeeper,1,start,end,1.0,0.0,0.0,0.0,0.0,0.0,0.0,0.0,1.0,0.0,0.0,0.0,0.0,0.0,
ITA-Serie A,2021,2020-03-08 Parma-SPAL,Parma,Simone Colombi,True,Goalkeeper,1,start,end,1.0,0.0,0.0,0.0,0.0,0.0,0.0,1.0,2.0,0.0,0.0,0.0,0.0,0.0,
ITA-Serie A,2021,2020-03-08 Parma-SPAL,SPAL,Etrit Berisha,False,Goalkeeper,1,start,end,1.0,0.0,0.0,0.0,0.0,0.0,0.0,0.0,1.0,0.0,0.0,0.0,0.0,0.0,
ITA-Serie A,2021,2020-03-08 Sampdoria-Hellas Verona,Hellas Verona,Marco Silvestri,False,Goalkeeper,1,start,end,1.0,0.0,0.0,0.0,0.0,0.0,0.0,2.0,5.0,0.0,0.0,0.0,0.0,0.0,
ITA-Serie A,2021,2020-03-08 Sampdoria-Hellas Verona,Sampdoria,Emil Audero,True,Goalkeeper,1,start,end,1.0,0.0,0.0,1.0,0.0,0.0,0.0,1.0,2.0,0.0,0.0,0.0,0.0,0.0,
ITA-Serie A,2021,2020-03-08 Udinese-Fiorentina,Fiorentina,Bartlomiej Dragowski,False,Goalkeeper,1,start,end,1.0,0.0,1.0,0.0,0.0,0.0,0.0,0.0,2.0,0.0,0.0,0.0,0.0,0.0,
ITA-Serie A,2021,2020-03-08 Udinese-Fiorentina,Udinese,Juan Musso,True,Goalkeeper,1,start,end,1.0,0.0,0.0,0.0,0.0,0.0,0.0,0.0,4.0,0.0,0.0,0.0,0.0,0.0,
ITA-Serie A,2021,2020-03-09 Sassuolo-Brescia,Brescia,Jesse Joronen,False,Goalkeeper,1,start,end,1.0,0.0,0.0,0.0,0.0,0.0,0.0,3.0,4.0,0.0,0.0,0.0,0.0,0.0,
ITA-Serie A,2021,2020-03-09 Sassuolo-Brescia,Sassuolo,Andrea Consigli,True,Goalkeeper,1,start,end,1.0,0.0,0.0,0.0,0.0,0.0,0.0,0.0,4.0,0.0,0.0,0.0,0.0,0.0,
ITA-Serie A,2021,2020-06-20 Hellas Verona-Cagliari,Cagliari,Alessio Cragno,False,Goalkeeper,1,start,end,1.0,0.0,0.0,0.0,0.0,0.0,0.0,2.0,2.0,0.0,0.0,0.0,0.0,0.0,
ITA-Serie A,2021,2020-06-20 Hellas Verona-Cagliari,Hellas Verona,Marco Silvestri,True,Goalkeeper,1,start,end,1.0,0.0,0.0,0.0,0.0,0.0,0.0,1.0,2.0,0.0,0.0,0.0,0.0,0.0,
ITA-Serie A,2021,2020-06-20 Torino-Parma,Parma,Luigi Sepe,False,Goalkeeper,1,start,end,1.0,0.0,0.0,0.0,0.0,0.0,0.0,1.0,7.0,0.0,0.0,0.0,0.0,0.0,
ITA-Serie A,2021,2020-06-20 Torino-Parma,Torino,Salvatore Sirigu,True,Goalkeeper,1,start,end,1.0,0.0,0.0,0.0,0.0,0.0,0.0,1.0,5.0,0.0,0.0,0.0,0.0,0.0,
ITA-Serie A,2021,2020-06-21 Atalanta-Sassuolo,Atalanta,Pierluigi Gollini,True,Goalkeeper,1,start,end,1.0,0.0,0.0,0.0,0.0,0.0,0.0,1.0,4.0,0.0,0.0,0.0,0.0,0.0,
ITA-Serie A,2021,2020-06-21 Atalanta-Sassuolo,Sassuolo,Andrea Consigli,False,Goalkeeper,1,start,end,1.0,0.0,0.0,0.0,0.0,0.0,0.0,4.0,1.0,0.0,0.0,0.0,0.0,0.0,
ITA-Serie A,2021,2020-06-21 Internazionale-Sampdoria,Internazionale,Samir Handanovic,True,Goalkeeper,1,start,end,1.0,0.0,0.0,0.0,0.0,0.0,0.0,1.0,1.0,0.0,0.0,0.0,0.0,0.0,
ITA-Serie A,2021,2020-06-21 Internazionale-Sampdoria,Sampdoria,Emil Audero,False,Goalkeeper,1,start,end,1.0,0.0,0.0,0.0,0.0,0.0,0.0,2.0,2.0,0.0,0.0,0.0,0.0,0.0,
ITA-Serie A,2021,2020-06-22 Bologna-Juventus,Bologna,Lukasz Skorupski,True,Goalkeeper,1,start,end,1.0,0.0,0.0,0.0,0.0,0.0,0.0,2.0,1.0,0.0,0.0,0.0,0.0,0.0,
ITA-Serie A,2021,2020-06-22 Bologna-Juventus,Juventus,Wojciech Szczesny,False,Goalkeeper,1,start,end,1.0,0.0,0.0,0.0,0.0,0.0,0.0,0.0,1.0,0.0,0.0,0.0,0.0,0.0,
ITA-Serie A,2021,2020-06-22 Fiorentina-Brescia,Brescia,Jesse Joronen,False,Goalkeeper,1,start,end,1.0,0.0,1.0,0.0,0.0,0.0,0.0,1.0,4.0,0.0,0.0,0.0,0.0,0.0,
ITA-Serie A,2021,2020-06-22 Fiorentina-Brescia,Fiorentina,Bartlomiej Dragowski,True,Goalkeeper,1,start,end,1.0,0.0,0.0,0.0,0.0,0.0,0.0,1.0,2.0,0.0,0.0,0.0,0.0,0.0,
ITA-Serie A,2021,2020-06-22 Lecce-AC Milan,AC Milan,Gianluigi Donnarumma,False,Goalkeeper,1,start,end,1.0,0.0,0.0,0.0,0.0,0.0,0.0,1.0,0.0,0.0,0.0,0.0,0.0,0.0,
ITA-Serie A,2021,2020-06-22 Lecce-AC Milan,Lecce,Gabriel,True,Goalkeeper,1,start,end,1.0,0.0,0.0,0.0,0.0,0.0,0.0,4.0,7.0,0.0,0.0,0.0,0.0,0.0,
ITA-Serie A,2021,2020-06-23 Genoa-Parma,Genoa,Mattia Perin,True,Goalkeeper,1,start,end,1.0,0.0,0.0,0.0,0.0,0.0,0.0,4.0,3.0,0.0,0.0,0.0,0.0,0.0,
ITA-Serie A,2021,2020-06-23 Genoa-Parma,Parma,Luigi Sepe,False,Goalkeeper,1,start,end,1.0,0.0,0.0,0.0,0.0,0.0,0.0,1.0,2.0,0.0,0.0,0.0,0.0,0.0,
ITA-Serie A,2021,2020-06-23 Hellas Verona-Napoli,Hellas Verona,Marco Silvestri,True,Goalkeeper,1,start,end,1.0,0.0,0.0,0.0,0.0,0.0,0.0,2.0,6.0,0.0,0.0,0.0,0.0,0.0,
ITA-Serie A,2021,2020-06-23 Hellas Verona-Napoli,Napoli,David Ospina,False,Goalkeeper,1,start,end,1.0,0.0,1.0,0.0,0.0,0.0,0.0,0.0,4.0,0.0,0.0,0.0,0.0,0.0,
ITA-Serie A,2021,2020-06-23 SPAL-Cagliari,Cagliari,Robin Olsen,False,Goalkeeper,1,start,end,1.0,0.0,0.0,0.0,0.0,0.0,0.0,0.0,3.0,0.0,0.0,0.0,0.0,0.0,
ITA-Serie A,2021,2020-06-23 SPAL-Cagliari,SPAL,Karlo Letica,True,Goalkeeper,1,start,end,1.0,0.0,0.0,0.0,0.0,0.0,0.0,1.0,3.0,0.0,0.0,0.0,0.0,0.0,
ITA-Serie A,2021,2020-06-23 Torino-Udinese,Torino,Salvatore Sirigu,True,Goalkeeper,1,start,end,1.0,0.0,1.0,0.0,0.0,0.0,0.0,0.0,3.0,0.0,0.0,0.0,0.0,0.0,
ITA-Serie A,2021,2020-06-23 Torino-Udinese,Udinese,Juan Musso,False,Goalkeeper,1,start,end,1.0,0.0,0.0,0.0,0.0,0.0,0.0,1.0,2.0,0.0,0.0,0.0,0.0,0.0,
ITA-Serie A,2021,2020-06-24 AS Roma-Sampdoria,AS Roma,Antonio Mirante,True,Goalkeeper,1,start,end,1.0,0.0,0.0,0.0,0.0,0.0,0.0,1.0,9.0,0.0,0.0,0.0,0.0,0.0,
ITA-Serie A,2021,2020-06-24 AS Roma-Sampdoria,Sampdoria,Emil Audero,False,Goalkeeper,1,start,end,1.0,0.0,0.0,0.0,0.0,0.0,0.0,2.0,7.0,0.0,0.0,0.0,0.0,0.0,
ITA-Serie A,2021,2020-06-24 Atalanta-Lazio,Atalanta,Pierluigi Gollini,True,Goalkeeper,1,start,end,1.0,0.0,0.0,0.0,0.0,0.0,0.0,2.0,2.0,0.0,0.0,0.0,0.0,0.0,
ITA-Serie A,2021,2020-06-24 Atalanta-Lazio,Lazio,Thomas Strakosha,False,Goalkeeper,1,start,end,1.0,0.0,0.0,0.0,0.0,0.0,0.0,3.0,4.0,0.0,0.0,0.0,0.0,0.0,
ITA-Serie A,2021,2020-06-24 Internazionale-Sassuolo,Internazionale,Samir Handanovic,True,Goalkeeper,1,start,end,1.0,0.0,1.0,0.0,0.0,0.0,0.0,3.0,1.0,0.0,0.0,0.0,0.0,0.0,
ITA-Serie A,2021,2020-06-24 Internazionale-Sassuolo,Sassuolo,Andrea Consigli,False,Goalkeeper,1,start,end,1.0,0.0,0.0,0.0,0.0,0.0,0.0,3.0,6.0,0.0,0.0,0.0,0.0,0.0,
ITA-Serie A,2021,2020-06-26 Juventus-Lecce,Juventus,Wojciech Szczesny,True,Goalkeeper,1,start,end,1.0,0.0,0.0,0.0,0.0,0.0,0.0,0.0,3.0,0.0,0.0,0.0,0.0,0.0,
ITA-Serie A,2021,2020-06-26 Juventus-Lecce,Lecce,Gabriel,False,Goalkeeper,1,start,end,1.0,0.0,0.0,0.0,0.0,0.0,0.0,4.0,8.0,0.0,0.0,0.0,0.0,0.0,
ITA-Serie A,2021,2020-06-27 Brescia-Genoa,Brescia,Jesse Joronen,True,Goalkeeper,1,start,end,1.0,0.0,0.0,0.0,0.0,0.0,0.0,2.0,5.0,0.0,0.0,0.0,0.0,0.0,
ITA-Serie A,2021,2020-06-27 Brescia-Genoa,Genoa,Mattia Perin,False,Goalkeeper,1,start,end,1.0,0.0,0.0,0.0,0.0,0.0,0.0,2.0,2.0,0.0,0.0,0.0,0.0,0.0,
ITA-Serie A,2021,2020-06-27 Cagliari-Torino,Cagliari,Alessio Cragno,True,Goalkeeper,1,start,end,1.0,0.0,0.0,0.0,0.0,0.0,0.0,2.0,3.0,0.0,0.0,0.0,0.0,0.0,
ITA-Serie A,2021,2020-06-27 Cagliari-Torino,Torino,Salvatore Sirigu,False,Goalkeeper,1,start,end,1.0,0.0,0.0,0.0,0.0,0.0,0.0,4.0,1.0,0.0,0.0,0.0,0.0,0.0,
ITA-Serie A,2021,2020-06-27 Lazio-Fiorentina,Fiorentina,Bartlomiej Dragowski,False,Goalkeeper,1,start,end,1.0,1.0,0.0,0.0,0.0,0.0,0.0,2.0,2.0,0.0,0.0,0.0,0.0,0.0,
ITA-Serie A,2021,2020-06-27 Lazio-Fiorentina,Lazio,Thomas Strakosha,True,Goalkeeper,1,start,end,1.0,0.0,0.0,0.0,0.0,0.0,0.0,1.0,3.0,0.0,0.0,0.0,0.0,0.0,
ITA-Serie A,2021,2020-06-28 AC Milan-AS Roma,AC Milan,Gianluigi Donnarumma,True,Goalkeeper,1,start,end,1.0,0.0,0.0,0.0,0.0,0.0,0.0,0.0,1.0,0.0,0.0,0.0,0.0,0.0,
ITA-Serie A,2021,2020-06-28 AC Milan-AS Roma,AS Roma,Antonio Mirante,False,Goalkeeper,1,start,end,1.0,0.0,0.0,0.0,0.0,0.0,0.0,2.0,4.0,0.0,0.0,0.0,0.0,0.0,
ITA-Serie A,2021,2020-06-28 Napoli-SPAL,Napoli,Alex Meret,True,Goalkeeper,1,start,end,1.0,0.0,0.0,0.0,0.0,0.0,0.0,1.0,2.0,0.0,0.0,0.0,0.0,0.0,
ITA-Serie A,2021,2020-06-28 Napoli-SPAL,SPAL,Karlo Letica,False,Goalkeeper,1,start,end,1.0,0.0,0.0,0.0,0.0,0.0,0.0,3.0,5.0,0.0,0.0,0.0,0.0,0.0,
ITA-Serie A,2021,2020-06-28 Parma-Internazionale,Internazionale,Samir Handanovic,False,Goalkeeper,1,start,end,1.0,0.0,0.0,0.0,0.0,0.0,0.0,1.0,1.0,0.0,0.0,0.0,0.0,0.0,
ITA-Serie A,2021,2020-06-28 Parma-Internazionale,Parma,Luigi Sepe,True,Goalkeeper,1,start,end,1.0,0.0,0.0,0.0,0.0,0.0,0.0,2.0,4.0,0.0,0.0,0.0,0.0,0.0,
ITA-Serie A,2021,2020-06-28 Sampdoria-Bologna,Bologna,Lukasz Skorupski,False,Goalkeeper,1,start,end,1.0,0.0,0.0,0.0,0.0,0.0,0.0,1.0,4.0,0.0,0.0,0.0,0.0,0.0,
ITA-Serie A,2021,2020-06-28 Sampdoria-Bologna,Sampdoria,Emil Audero,True,Goalkeeper,1,start,end,1.0,0.0,0.0,0.0,0.0,0.0,0.0,2.0,1.0,0.0,0.0,0.0,0.0,0.0,
ITA-Serie A,2021,2020-06-28 Sassuolo-Hellas Verona,Hellas Verona,Marco Silvestri,False,Goalkeeper,1,start,end,1.0,0.0,0.0,0.0,0.0,0.0,0.0,3.0,6.0,0.0,0.0,0.0,0.0,0.0,
ITA-Serie A,2021,2020-06-28 Sassuolo-Hellas Verona,Sassuolo,Andrea Consigli,True,Goalkeeper,1,start,end,1.0,0.0,0.0,0.0,0.0,0.0,0.0,3.0,0.0,0.0,0.0,0.0,0.0,0.0,
ITA-Serie A,2021,2020-06-28 Udinese-Atalanta,Atalanta,Pierluigi Gollini,False,Goalkeeper,1,start,end,1.0,0.0,0.0,0.0,0.0,0.0,0.0,2.0,2.0,0.0,0.0,0.0,0.0,0.0,
ITA-Serie A,2021,2020-06-28 Udinese-Atalanta,Udinese,Juan Musso,True,Goalkeeper,1,start,end,1.0,0.0,0.0,0.0,0.0,0.0,0.0,3.0,9.0,0.0,0.0,0.0,0.0,0.0,
ITA-Serie A,2021,2020-06-30 Genoa-Juventus,Genoa,Mattia Perin,True,Goalkeeper,1,start,end,1.0,0.0,0.0,0.0,0.0,0.0,0.0,3.0,6.0,0.0,0.0,0.0,0.0,0.0,
ITA-Serie A,2021,2020-06-30 Genoa-Juventus,Juventus,Wojciech Szczesny,False,Goalkeeper,1,start,end,1.0,0.0,0.0,0.0,0.0,0.0,0.0,1.0,1.0,0.0,0.0,0.0,0.0,0.0,
ITA-Serie A,2021,2020-06-30 Torino-Lazio,Lazio,Thomas Strakosha,False,Goalkeeper,1,start,end,1.0,0.0,0.0,0.0,0.0,0.0,0.0,1.0,0.0,0.0,0.0,0.0,0.0,0.0,
ITA-Serie A,2021,2020-06-30 Torino-Lazio,Torino,Salvatore Sirigu,True,Goalkeeper,1,start,end,1.0,0.0,0.0,0.0,0.0,0.0,0.0,2.0,3.0,0.0,0.0,0.0,0.0,0.0,
ITA-Serie A,2021,2020-07-01 Bologna-Cagliari,Bologna,Lukasz Skorupski,True,Goalkeeper,1,start,end,1.0,0.0,0.0,0.0,0.0,0.0,0.0,1.0,3.0,0.0,0.0,0.0,0.0,0.0,
ITA-Serie A,2021,2020-07-01 Bologna-Cagliari,Cagliari,Alessio Cragno,False,Goalkeeper,1,start,end,1.0,0.0,0.0,0.0,0.0,0.0,0.0,1.0,3.0,0.0,0.0,0.0,0.0,0.0,
ITA-Serie A,2021,2020-07-01 Fiorentina-Sassuolo,Fiorentina,Bartlomiej Dragowski,True,Goalkeeper,1,start,end,1.0,0.0,0.0,0.0,0.0,0.0,0.0,3.0,4.0,0.0,0.0,0.0,0.0,0.0,
ITA-Serie A,2021,2020-07-01 Fiorentina-Sassuolo,Sassuolo,Gianluca Pegolo,False,Goalkeeper,1,start,end,1.0,0.0,0.0,0.0,0.0,0.0,0.0,1.0,4.0,0.0,0.0,0.0,0.0,0.0,
ITA-Serie A,2021,2020-07-01 Hellas Verona-Parma,Hellas Verona,Marco Silvestri,True,Goalkeeper,1,start,end,1.0,0.0,0.0,0.0,0.0,0.0,0.0,2.0,3.0,0.0,0.0,0.0,0.0,0.0,
ITA-Serie A,2021,2020-07-01 Hellas Verona-Parma,Parma,Luigi Sepe,False,Goalkeeper,1,start,end,1.0,0.0,0.0,0.0,0.0,0.0,0.0,3.0,1.0,0.0,0.0,0.0,0.0,0.0,
ITA-Serie A,2021,2020-07-01 Internazionale-Brescia,Brescia,Jesse Joronen,False,Goalkeeper,1,start,end,1.0,0.0,0.0,0.0,0.0,0.0,0.0,6.0,3.0,0.0,0.0,0.0,0.0,0.0,
ITA-Serie A,2021,2020-07-01 Internazionale-Brescia,Internazionale,Samir Handanovic,True,Goalkeeper,1,start,end,1.0,0.0,0.0,0.0,0.0,0.0,0.0,0.0,1.0,0.0,0.0,0.0,0.0,0.0,
ITA-Serie A,2021,2020-07-01 Lecce-Sampdoria,Lecce,Gabriel,True,Goalkeeper,1,start,end,1.0,0.0,0.0,0.0,0.0,0.0,0.0,2.0,2.0,0.0,0.0,0.0,0.0,0.0,
ITA-Serie A,2021,2020-07-01 Lecce-Sampdoria,Sampdoria,Emil Audero,False,Goalkeeper,1,start,end,1.0,0.0,1.0,0.0,0.0,0.0,0.0,1.0,5.0,0.0,0.0,0.0,0.0,0.0,
ITA-Serie A,2021,2020-07-01 SPAL-AC Milan,AC Milan,Gianluigi Donnarumma,False,Goalkeeper,1,start,end,1.0,0.0,0.0,0.0,0.0,0.0,0.0,2.0,1.0,0.0,0.0,0.0,0.0,0.0,
ITA-Serie A,2021,2020-07-01 SPAL-AC Milan,SPAL,Karlo Letica,True,Goalkeeper,1,start,end,1.0,0.0,0.0,0.0,0.0,0.0,1.0,2.0,8.0,0.0,0.0,0.0,0.0,0.0,
ITA-Serie A,2021,2020-07-02 AS Roma-Udinese,AS Roma,Antonio Mirante,True,Goalkeeper,1,start,end,1.0,0.0,0.0,0.0,0.0,0.0,0.0,2.0,1.0,0.0,0.0,0.0,0.0,0.0,
ITA-Serie A,2021,2020-07-02 AS Roma-Udinese,Udinese,Juan Musso,False,Goalkeeper,1,start,end,1.0,0.0,0.0,0.0,0.0,0.0,0.0,0.0,4.0,0.0,0.0,0.0,0.0,0.0,
ITA-Serie A,2021,2020-07-02 Atalanta-Napoli,Atalanta,Pierluigi Gollini,True,Goalkeeper,1,start,end,1.0,0.0,0.0,0.0,0.0,0.0,0.0,0.0,7.0,0.0,0.0,0.0,0.0,0.0,
ITA-Serie A,2021,2020-07-02 Atalanta-Napoli,Napoli,David Ospina,False,Goalkeeper,1,start,30,1.0,0.0,1.0,0.0,0.0,0.0,0.0,0.0,1.0,0.0,0.0,0.0,0.0,0.0,
ITA-Serie A,2021,2020-07-04 Juventus-Torino,Juventus,Gianluigi Buffon,True,Goalkeeper,1,start,end,1.0,0.0,0.0,0.0,0.0,0.0,0.0,1.0,5.0,0.0,0.0,0.0,0.0,0.0,
ITA-Serie A,2021,2020-07-04 Juventus-Torino,Torino,Salvatore Sirigu,False,Goalkeeper,1,start,end,1.0,0.0,0.0,0.0,0.0,0.0,0.0,4.0,4.0,0.0,0.0,0.0,0.0,0.0,
ITA-Serie A,2021,2020-07-04 Lazio-AC Milan,AC Milan,Gianluigi Donnarumma,False,Goalkeeper,1,start,end,1.0,0.0,0.0,0.0,0.0,0.0,0.0,0.0,2.0,0.0,0.0,0.0,0.0,0.0,
ITA-Serie A,2021,2020-07-04 Lazio-AC Milan,Lazio,Thomas Strakosha,True,Goalkeeper,1,start,end,1.0,0.0,0.0,0.0,0.0,0.0,0.0,3.0,2.0,0.0,0.0,0.0,0.0,0.0,
ITA-Serie A,2021,2020-07-04 Sassuolo-Lecce,Lecce,Gabriel,False,Goalkeeper,1,start,end,1.0,0.0,0.0,0.0,0.0,0.0,0.0,4.0,3.0,0.0,0.0,0.0,0.0,0.0,
ITA-Serie A,2021,2020-07-04 Sassuolo-Lecce,Sassuolo,Andrea Consigli,True,Goalkeeper,1,start,end,1.0,0.0,0.0,0.0,0.0,0.0,0.0,2.0,1.0,0.0,0.0,0.0,0.0,0.0,
ITA-Serie A,2021,2020-07-05 Brescia-Hellas Verona,Brescia,Jesse Joronen,True,Goalkeeper,1,start,end,1.0,0.0,0.0,0.0,0.0,0.0,0.0,0.0,6.0,0.0,0.0,0.0,0.0,0.0,
ITA-Serie A,2021,2020-07-05 Brescia-Hellas Verona,Hellas Verona,Marco Silvestri,False,Goalkeeper,1,start,end,1.0,0.0,0.0,0.0,0.0,0.0,0.0,2.0,2.0,0.0,0.0,0.0,0.0,0.0,
ITA-Serie A,2021,2020-07-05 Cagliari-Atalanta,Atalanta,Marco Sportiello,False,Goalkeeper,1,start,end,1.0,0.0,0.0,0.0,0.0,0.0,0.0,0.0,0.0,0.0,0.0,0.0,0.0,0.0,
ITA-Serie A,2021,2020-07-05 Cagliari-Atalanta,Cagliari,Alessio Cragno,True,Goalkeeper,1,start,end,1.0,0.0,0.0,0.0,0.0,0.0,0.0,1.0,6.0,0.0,0.0,0.0,0.0,0.0,
ITA-Serie A,2021,2020-07-05 Internazionale-Bologna,Bologna,Lukasz Skorupski,False,Goalkeeper,1,start,end,1.0,0.0,0.0,0.0,0.0,0.0,0.0,1.0,5.0,0.0,0.0,0.0,0.0,0.0,
ITA-Serie A,2021,2020-07-05 Internazionale-Bologna,Internazionale,Samir Handanovic,True,Goalkeeper,1,start,end,1.0,0.0,0.0,0.0,0.0,0.0,0.0,2.0,5.0,0.0,0.0,0.0,0.0,0.0,
ITA-Serie A,2021,2020-07-05 Napoli-AS Roma,AS Roma,Pau López,False,Goalkeeper,1,start,end,1.0,0.0,0.0,0.0,0.0,0.0,0.0,2.0,8.0,0.0,0.0,0.0,0.0,0.0,
ITA-Serie A,2021,2020-07-05 Napoli-AS Roma,Napoli,Alex Meret,True,Goalkeeper,1,start,end,1.0,0.0,0.0,0.0,0.0,0.0,0.0,1.0,2.0,0.0,0.0,0.0,0.0,0.0,
ITA-Serie A,2021,2020-07-05 Parma-Fiorentina,Fiorentina,Pietro Terracciano,False,Goalkeeper,1,start,end,1.0,0.0,1.0,0.0,0.0,0.0,0.0,1.0,2.0,0.0,0.0,0.0,0.0,0.0,
ITA-Serie A,2021,2020-07-05 Parma-Fiorentina,Parma,Luigi Sepe,True,Goalkeeper,1,start,end,1.0,0.0,0.0,0.0,0.0,0.0,0.0,2.0,4.0,0.0,0.0,0.0,0.0,0.0,
ITA-Serie A,2021,2020-07-05 Sampdoria-SPAL,SPAL,Karlo Letica,False,Goalkeeper,1,start,end,1.0,0.0,0.0,0.0,0.0,0.0,0.0,3.0,2.0,0.0,0.0,0.0,0.0,0.0,
ITA-Serie A,2021,2020-07-05 Sampdoria-SPAL,Sampdoria,Emil Audero,True,Goalkeeper,1,start,end,1.0,0.0,1.0,0.0,0.0,0.0,0.0,0.0,4.0,0.0,0.0,0.0,0.0,0.0,
ITA-Serie A,2021,2020-07-05 Udinese-Genoa,Genoa,Mattia Perin,False,Goalkeeper,1,start,end,1.0,0.0,0.0,0.0,0.0,0.0,0.0,2.0,2.0,0.0,0.0,0.0,0.0,0.0,
ITA-Serie A,2021,2020-07-05 Udinese-Genoa,Udinese,Juan Musso,True,Goalkeeper,1,start,end,1.0,0.0,0.0,0.0,0.0,0.0,0.0,2.0,2.0,0.0,0.0,0.0,0.0,0.0,
ITA-Serie A,2021,2020-07-07 AC Milan-Juventus,AC Milan,Gianluigi Donnarumma,True,Goalkeeper,1,start,end,1.0,0.0,0.0,0.0,0.0,0.0,0.0,2.0,2.0,0.0,0.0,0.0,0.0,0.0,
ITA-Serie A,2021,2020-07-07 AC Milan-Juventus,Juventus,Wojciech Szczesny,False,Goalkeeper,1,start,end,1.0,0.0,0.0,0.0,0.0,0.0,0.0,4.0,5.0,0.0,0.0,0.0,0.0,0.0,
ITA-Serie A,2021,2020-07-07 Lecce-Lazio,Lazio,Thomas Strakosha,False,Goalkeeper,1,start,end,1.0,0.0,0.0,0.0,0.0,0.0,0.0,2.0,1.0,0.0,0.0,0.0,0.0,0.0,
ITA-Serie A,2021,2020-07-07 Lecce-Lazio,Lecce,Gabriel,True,Goalkeeper,1,start,end,1.0,0.0,0.0,0.0,0.0,0.0,1.0,1.0,8.0,0.0,0.0,0.0,0.0,0.0,
ITA-Serie A,2021,2020-07-08 AS Roma-Parma,AS Roma,Pau López,True,Goalkeeper,1,start,end,1.0,0.0,0.0,0.0,0.0,0.0,0.0,1.0,0.0,0.0,0.0,0.0,0.0,0.0,
ITA-Serie A,2021,2020-07-08 AS Roma-Parma,Parma,Luigi Sepe,False,Goalkeeper,1,start,end,1.0,0.0,0.0,0.0,0.0,0.0,0.0,2.0,6.0,0.0,0.0,0.0,0.0,0.0,
ITA-Serie A,2021,2020-07-08 Atalanta-Sampdoria,Atalanta,Pierluigi Gollini,True,Goalkeeper,1,start,end,1.0,0.0,1.0,0.0,0.0,0.0,0.0,0.0,3.0,0.0,0.0,0.0,0.0,0.0,
ITA-Serie A,2021,2020-07-08 Atalanta-Sampdoria,Sampdoria,Emil Audero,False,Goalkeeper,1,start,end,1.0,0.0,0.0,0.0,0.0,0.0,0.0,2.0,4.0,0.0,0.0,0.0,0.0,0.0,
ITA-Serie A,2021,2020-07-08 Bologna-Sassuolo,Bologna,Lukasz Skorupski,True,Goalkeeper,1,start,end,1.0,0.0,0.0,0.0,0.0,0.0,0.0,2.0,4.0,0.0,0.0,0.0,0.0,0.0,
ITA-Serie A,2021,2020-07-08 Bologna-Sassuolo,Sassuolo,Andrea Consigli,False,Goalkeeper,1,start,end,1.0,0.0,0.0,0.0,0.0,0.0,0.0,1.0,0.0,0.0,0.0,0.0,0.0,0.0,
ITA-Serie A,2021,2020-07-08 Fiorentina-Cagliari,Cagliari,Alessio Cragno,False,Goalkeeper,1,start,end,1.0,0.0,0.0,0.0,0.0,0.0,0.0,0.0,5.0,0.0,0.0,0.0,0.0,0.0,
ITA-Serie A,2021,2020-07-08 Fiorentina-Cagliari,Fiorentina,Bartlomiej Dragowski,True,Goalkeeper,1,start,end,1.0,0.0,0.0,0.0,0.0,0.0,0.0,0.0,6.0,0.0,0.0,0.0,0.0,0.0,
ITA-Serie A,2021,2020-07-08 Genoa-Napoli,Genoa,Mattia Perin,True,Goalkeeper,1,start,end,1.0,0.0,0.0,0.0,0.0,0.0,0.0,2.0,8.0,0.0,0.0,0.0,0.0,0.0,
ITA-Serie A,2021,2020-07-08 Genoa-Napoli,Napoli,Alex Meret,False,Goalkeeper,1,start,end,1.0,0.0,0.0,0.0,0.0,0.0,0.0,1.0,2.0,0.0,0.0,0.0,0.0,0.0,
ITA-Serie A,2021,2020-07-08 Torino-Brescia,Brescia,Jesse Joronen,False,Goalkeeper,1,start,end,1.0,0.0,2.0,0.0,0.0,0.0,0.0,3.0,6.0,0.0,0.0,0.0,0.0,0.0,
ITA-Serie A,2021,2020-07-08 Torino-Brescia,Torino,Salvatore Sirigu,True,Goalkeeper,1,start,end,1.0,0.0,0.0,0.0,0.0,0.0,0.0,1.0,4.0,0.0,0.0,0.0,0.0,0.0,
ITA-Serie A,2021,2020-07-09 Hellas Verona-Internazionale,Hellas Verona,Marco Silvestri,True,Goalkeeper,1,start,end,1.0,0.0,0.0,0.0,0.0,0.0,0.0,2.0,5.0,0.0,0.0,0.0,0.0,0.0,
ITA-Serie A,2021,2020-07-09 Hellas Verona-Internazionale,Internazionale,Samir Handanovic,False,Goalkeeper,1,start,end,1.0,0.0,0.0,0.0,0.0,0.0,0.0,2.0,1.0,0.0,0.0,0.0,0.0,0.0,
ITA-Serie A,2021,2020-07-09 SPAL-Udinese,SPAL,Karlo Letica,True,Goalkeeper,1,start,end,1.0,0.0,0.0,0.0,0.0,0.0,0.0,3.0,0.0,0.0,0.0,0.0,0.0,0.0,
ITA-Serie A,2021,2020-07-09 SPAL-Udinese,Udinese,Juan Musso,False,Goalkeeper,1,start,end,1.0,0.0,0.0,0.0,0.0,0.0,0.0,0.0,2.0,0.0,0.0,0.0,0.0,0.0,
ITA-Serie A,2021,2020-07-11 Brescia-AS Roma,AS Roma,Antonio Mirante,False,Goalkeeper,1,start,end,1.0,0.0,0.0,0.0,0.0,0.0,0.0,0.0,4.0,0.0,0.0,0.0,0.0,0.0,
ITA-Serie A,2021,2020-07-11 Brescia-AS Roma,Brescia,Lorenzo Andrenacci,True,Goalkeeper,1,start,end,1.0,0.0,0.0,0.0,0.0,0.0,0.0,3.0,4.0,0.0,0.0,0.0,0.0,0.0,
ITA-Serie A,2021,2020-07-11 Juventus-Atalanta,Atalanta,Pierluigi Gollini,False,Goalkeeper,1,start,end,1.0,0.0,0.0,0.0,0.0,0.0,0.0,2.0,3.0,0.0,0.0,0.0,0.0,0.0,
ITA-Serie A,2021,2020-07-11 Juventus-Atalanta,Juventus,Wojciech Szczesny,True,Goalkeeper,1,start,end,1.0,0.0,0.0,0.0,0.0,0.0,0.0,2.0,0.0,0.0,0.0,0.0,0.0,0.0,
ITA-Serie A,2021,2020-07-11 Lazio-Sassuolo,Lazio,Thomas Strakosha,True,Goalkeeper,1,start,end,1.0,0.0,0.0,0.0,0.0,0.0,0.0,2.0,1.0,0.0,0.0,0.0,0.0,0.0,
ITA-Serie A,2021,2020-07-11 Lazio-Sassuolo,Sassuolo,Andrea Consigli,False,Goalkeeper,1,start,end,1.0,0.0,0.0,0.0,0.0,0.0,0.0,1.0,0.0,0.0,0.0,0.0,0.0,0.0,
ITA-Serie A,2021,2020-07-12 Cagliari-Lecce,Cagliari,Alessio Cragno,True,Goalkeeper,1,start,end,1.0,0.0,0.0,0.0,0.0,0.0,0.0,0.0,8.0,0.0,0.0,0.0,0.0,0.0,
ITA-Serie A,2021,2020-07-12 Cagliari-Lecce,Lecce,Gabriel,False,Goalkeeper,1,start,end,1.0,0.0,0.0,0.0,0.0,0.0,0.0,0.0,5.0,0.0,0.0,0.0,0.0,0.0,
ITA-Serie A,2021,2020-07-12 Fiorentina-Hellas Verona,Fiorentina,Bartlomiej Dragowski,True,Goalkeeper,1,start,end,1.0,0.0,0.0,0.0,0.0,0.0,0.0,1.0,3.0,0.0,0.0,0.0,0.0,0.0,
ITA-Serie A,2021,2020-07-12 Fiorentina-Hellas Verona,Hellas Verona,Marco Silvestri,False,Goalkeeper,1,start,end,1.0,0.0,0.0,0.0,0.0,0.0,0.0,1.0,1.0,0.0,0.0,0.0,0.0,0.0,
ITA-Serie A,2021,2020-07-12 Genoa-SPAL,Genoa,Mattia Perin,True,Goalkeeper,1,start,end,1.0,0.0,0.0,0.0,0.0,0.0,0.0,0.0,0.0,0.0,0.0,0.0,0.0,0.0,
ITA-Serie A,2021,2020-07-12 Genoa-SPAL,SPAL,Karlo Letica,False,Goalkeeper,1,start,end,1.0,0.0,0.0,0.0,0.0,0.0,0.0,2.0,6.0,0.0,0.0,0.0,0.0,0.0,
ITA-Serie A,2021,2020-07-12 Napoli-AC Milan,AC Milan,Gianluigi Donnarumma,False,Goalkeeper,1,start,end,1.0,0.0,0.0,0.0,0.0,0.0,0.0,2.0,5.0,0.0,0.0,0.0,0.0,0.0,
ITA-Serie A,2021,2020-07-12 Napoli-AC Milan,Napoli,David Ospina,True,Goalkeeper,1,start,end,1.0,0.0,0.0,0.0,0.0,0.0,0.0,2.0,1.0,0.0,0.0,0.0,0.0,0.0,
ITA-Serie A,2021,2020-07-12 Parma-Bologna,Bologna,Lukasz Skorupski,False,Goalkeeper,1,start,end,1.0,0.0,0.0,0.0,0.0,0.0,0.0,2.0,2.0,0.0,0.0,0.0,0.0,0.0,
ITA-Serie A,2021,2020-07-12 Parma-Bologna,Parma,Luigi Sepe,True,Goalkeeper,1,start,end,1.0,0.0,0.0,0.0,0.0,0.0,0.0,2.0,4.0,0.0,0.0,0.0,0.0,0.0,
ITA-Serie A,2021,2020-07-12 Udinese-Sampdoria,Sampdoria,Emil Audero,False,Goalkeeper,1,start,end,1.0,0.0,0.0,0.0,0.0,0.0,1.0,1.0,3.0,0.0,0.0,0.0,0.0,0.0,
ITA-Serie A,2021,2020-07-12 Udinese-Sampdoria,Udinese,Juan Musso,True,Goalkeeper,1,start,end,1.0,0.0,0.0,0.0,0.0,0.0,0.0,3.0,4.0,0.0,0.0,0.0,0.0,0.0,
ITA-Serie A,2021,2020-07-13 Internazionale-Torino,Internazionale,Samir Handanovic,True,Goalkeeper,1,start,end,1.0,0.0,1.0,0.0,0.0,0.0,0.0,1.0,2.0,0.0,0.0,0.0,0.0,0.0,
ITA-Serie A,2021,2020-07-13 Internazionale-Torino,Torino,Salvatore Sirigu,False,Goalkeeper,1,start,end,1.0,0.0,0.0,0.0,0.0,0.0,0.0,3.0,7.0,0.0,0.0,0.0,0.0,0.0,
ITA-Serie A,2021,2020-07-14 Atalanta-Brescia,Atalanta,Marco Sportiello,True,Goalkeeper,1,start,80,1.0,0.0,0.0,0.0,0.0,0.0,0.0,1.0,2.0,0.0,0.0,0.0,0.0,0.0,
ITA-Serie A,2021,2020-07-14 Atalanta-Brescia,Brescia,Lorenzo Andrenacci,False,Goalkeeper,1,start,end,1.0,0.0,0.0,0.0,0.0,0.0,0.0,6.0,1.0,0.0,0.0,0.0,0.0,0.0,
ITA-Serie A,2021,2020-07-15 AC Milan-Parma,AC Milan,Gianluigi Donnarumma,True,Goalkeeper,1,start,end,1.0,0.0,0.0,0.0,0.0,0.0,0.0,1.0,2.0,0.0,0.0,0.0,0.0,0.0,
ITA-Serie A,2021,2020-07-15 AC Milan-Parma,Parma,Luigi Sepe,False,Goalkeeper,1,start,end,1.0,0.0,0.0,0.0,0.0,0.0,0.0,3.0,4.0,0.0,0.0,0.0,0.0,0.0,
ITA-Serie A,2021,2020-07-15 AS Roma-Hellas Verona,AS Roma,Pau López,True,Goalkeeper,1,start,end,1.0,0.0,0.0,0.0,0.0,0.0,0.0,1.0,0.0,0.0,0.0,0.0,0.0,0.0,
ITA-Serie A,2021,2020-07-15 AS Roma-Hellas Verona,Hellas Verona,Marco Silvestri,False,Goalkeeper,1,start,end,1.0,0.0,0.0,0.0,0.0,0.0,0.0,2.0,3.0,0.0,0.0,0.0,0.0,0.0,
ITA-Serie A,2021,2020-07-15 Bologna-Napoli,Bologna,Lukasz Skorupski,True,Goalkeeper,1,start,end,1.0,0.0,0.0,0.0,0.0,0.0,0.0,1.0,2.0,0.0,0.0,0.0,0.0,0.0,
ITA-Serie A,2021,2020-07-15 Bologna-Napoli,Napoli,Alex Meret,False,Goalkeeper,1,start,end,1.0,0.0,1.0,0.0,0.0,0.0,0.0,1.0,0.0,0.0,0.0,0.0,0.0,0.0,
ITA-Serie A,2021,2020-07-15 Lecce-Fiorentina,Fiorentina,Pietro Terracciano,False,Goalkeeper,1,start,end,1.0,0.0,0.0,0.0,0.0,0.0,0.0,1.0,1.0,0.0,0.0,0.0,0.0,0.0,
ITA-Serie A,2021,2020-07-15 Lecce-Fiorentina,Lecce,Gabriel,True,Goalkeeper,1,start,end,1.0,1.0,0.0,0.0,0.0,0.0,1.0,3.0,5.0,0.0,0.0,0.0,0.0,0.0,
ITA-Serie A,2021,2020-07-15 Sampdoria-Cagliari,Cagliari,Alessio Cragno,False,Goalkeeper,1,start,end,1.0,0.0,0.0,0.0,0.0,0.0,0.0,3.0,1.0,0.0,0.0,0.0,0.0,0.0,
ITA-Serie A,2021,2020-07-15 Sampdoria-Cagliari,Sampdoria,Emil Audero,True,Goalkeeper,1,start,end,1.0,0.0,1.0,0.0,0.0,0.0,0.0,0.0,2.0,0.0,0.0,0.0,0.0,0.0,
ITA-Serie A,2021,2020-07-15 Sassuolo-Juventus,Juventus,Wojciech Szczesny,False,Goalkeeper,1,start,end,1.0,0.0,0.0,0.0,0.0,0.0,0.0,3.0,7.0,0.0,0.0,0.0,0.0,0.0,
ITA-Serie A,2021,2020-07-15 Sassuolo-Juventus,Sassuolo,Andrea Consigli,True,Goalkeeper,1,start,end,1.0,1.0,0.0,0.0,0.0,0.0,0.0,3.0,2.0,0.0,0.0,0.0,0.0,0.0,
ITA-Serie A,2021,2020-07-15 Udinese-Lazio,Lazio,Thomas Strakosha,False,Goalkeeper,1,start,end,1.0,0.0,0.0,0.0,0.0,0.0,0.0,0.0,5.0,0.0,0.0,0.0,0.0,0.0,
ITA-Serie A,2021,2020-07-15 Udinese-Lazio,Udinese,Juan Musso,True,Goalkeeper,1,start,end,1.0,0.0,0.0,0.0,0.0,0.0,0.0,0.0,2.0,0.0,0.0,0.0,0.0,0.0,
ITA-Serie A,2021,2020-07-16 SPAL-Internazionale,Internazionale,Samir Handanovic,False,Goalkeeper,1,start,end,1.0,0.0,0.0,0.0,0.0,0.0,0.0,0.0,0.0,0.0,0.0,0.0,0.0,0.0,
ITA-Serie A,2021,2020-07-16 SPAL-Internazionale,SPAL,Karlo Letica,True,Goalkeeper,1,start,end,1.0,0.0,0.0,0.0,0.0,0.0,0.0,4.0,2.0,0.0,0.0,0.0,0.0,0.0,
ITA-Serie A,2021,2020-07-16 Torino-Genoa,Genoa,Mattia Perin,False,Goalkeeper,1,start,end,1.0,0.0,0.0,0.0,0.0,0.0,0.0,3.0,2.0,0.0,0.0,0.0,0.0,0.0,
ITA-Serie A,2021,2020-07-16 Torino-Genoa,Torino,Salvatore Sirigu,True,Goalkeeper,1,start,end,1.0,0.0,0.0,0.0,0.0,0.0,0.0,0.0,5.0,0.0,0.0,0.0,0.0,0.0,
ITA-Serie A,2021,2020-07-18 AC Milan-Bologna,AC Milan,Gianluigi Donnarumma,True,Goalkeeper,1,start,end,1.0,1.0,0.0,0.0,0.0,0.0,0.0,1.0,2.0,0.0,0.0,0.0,0.0,0.0,
ITA-Serie A,2021,2020-07-18 AC Milan-Bologna,Bologna,Lukasz Skorupski,False,Goalkeeper,1,start,end,1.0,0.0,0.0,0.0,0.0,0.0,0.0,5.0,7.0,0.0,0.0,0.0,0.0,0.0,
ITA-Serie A,2021,2020-07-18 Cagliari-Sassuolo,Cagliari,Alessio Cragno,True,Goalkeeper,1,start,end,1.0,0.0,0.0,0.0,0.0,0.0,0.0,1.0,1.0,0.0,0.0,0.0,0.0,0.0,
ITA-Serie A,2021,2020-07-18 Cagliari-Sassuolo,Sassuolo,Gianluca Pegolo,False,Goalkeeper,1,start,end,1.0,0.0,0.0,0.0,0.0,0.0,0.0,1.0,0.0,0.0,0.0,0.0,0.0,0.0,
ITA-Serie A,2021,2020-07-18 Hellas Verona-Atalanta,Atalanta,Pierluigi Gollini,False,Goalkeeper,1,start,end,1.0,0.0,0.0,0.0,0.0,0.0,0.0,1.0,7.0,0.0,0.0,0.0,0.0,0.0,
ITA-Serie A,2021,2020-07-18 Hellas Verona-Atalanta,Hellas Verona,Marco Silvestri,True,Goalkeeper,1,start,end,1.0,0.0,0.0,0.0,0.0,0.0,0.0,1.0,6.0,0.0,0.0,0.0,0.0,0.0,
ITA-Serie A,2021,2020-07-19 AS Roma-Internazionale,AS Roma,Pau López,True,Goalkeeper,1,start,end,1.0,0.0,0.0,0.0,0.0,0.0,1.0,2.0,1.0,0.0,0.0,0.0,0.0,0.0,
ITA-Serie A,2021,2020-07-19 AS Roma-Internazionale,Internazionale,Samir Handanovic,False,Goalkeeper,1,start,end,1.0,0.0,1.0,0.0,0.0,0.0,0.0,2.0,1.0,0.0,0.0,0.0,0.0,0.0,
ITA-Serie A,2021,2020-07-19 Brescia-SPAL,Brescia,Jesse Joronen,True,Goalkeeper,1,start,end,1.0,0.0,0.0,0.0,0.0,0.0,0.0,1.0,5.0,0.0,0.0,0.0,0.0,0.0,
ITA-Serie A,2021,2020-07-19 Brescia-SPAL,SPAL,Karlo Letica,False,Goalkeeper,1,start,end,1.0,0.0,1.0,0.0,0.0,0.0,0.0,2.0,1.0,0.0,0.0,0.0,0.0,0.0,
ITA-Serie A,2021,2020-07-19 Fiorentina-Torino,Fiorentina,Pietro Terracciano,True,Goalkeeper,1,start,end,1.0,0.0,1.0,0.0,0.0,0.0,0.0,0.0,0.0,0.0,0.0,0.0,0.0,0.0,
ITA-Serie A,2021,2020-07-19 Fiorentina-Torino,Torino,Salvatore Sirigu,False,Goalkeeper,1,start,end,1.0,0.0,0.0,0.0,0.0,0.0,0.0,2.0,3.0,0.0,0.0,0.0,0.0,0.0,
ITA-Serie A,2021,2020-07-19 Genoa-Lecce,Genoa,Mattia Perin,True,Goalkeeper,1,start,end,1.0,1.0,0.0,0.0,0.0,0.0,0.0,1.0,0.0,0.0,0.0,0.0,0.0,0.0,
ITA-Serie A,2021,2020-07-19 Genoa-Lecce,Lecce,Gabriel,False,Goalkeeper,1,start,end,1.0,0.0,1.0,1.0,0.0,0.0,0.0,2.0,2.0,0.0,0.0,0.0,0.0,0.0,
ITA-Serie A,2021,2020-07-19 Napoli-Udinese,Napoli,David Ospina,True,Goalkeeper,1,start,end,1.0,0.0,0.0,0.0,0.0,0.0,0.0,1.0,1.0,0.0,0.0,0.0,0.0,0.0,
ITA-Serie A,2021,2020-07-19 Napoli-Udinese,Udinese,Juan Musso,False,Goalkeeper,1,start,end,1.0,0.0,1.0,0.0,0.0,0.0,0.0,2.0,7.0,0.0,0.0,0.0,0.0,0.0,
ITA-Serie A,2021,2020-07-19 Parma-Sampdoria,Parma,Luigi Sepe,True,Goalkeeper,1,start,end,1.0,0.0,0.0,0.0,0.0,0.0,0.0,3.0,1.0,0.0,0.0,0.0,0.0,0.0,
ITA-Serie A,2021,2020-07-19 Parma-Sampdoria,Sampdoria,Emil Audero,False,Goalkeeper,1,start,end,1.0,0.0,0.0,0.0,0.0,0.0,0.0,2.0,4.0,0.0,0.0,0.0,0.0,0.0,
ITA-Serie A,2021,2020-07-20 Juventus-Lazio,Juventus,Wojciech Szczesny,True,Goalkeeper,1,start,end,1.0,0.0,0.0,0.0,0.0,0.0,0.0,1.0,2.0,0.0,0.0,0.0,0.0,0.0,
ITA-Serie A,2021,2020-07-20 Juventus-Lazio,Lazio,Thomas Strakosha,False,Goalkeeper,1,start,end,1.0,0.0,0.0,0.0,0.0,0.0,0.0,2.0,5.0,0.0,0.0,0.0,0.0,0.0,
ITA-Serie A,2021,2020-07-21 Atalanta-Bologna,Atalanta,Pierluigi Gollini,True,Goalkeeper,1,start,end,1.0,0.0,1.0,0.0,0.0,0.0,0.0,0.0,2.0,0.0,0.0,0.0,0.0,0.0,
ITA-Serie A,2021,2020-07-21 Atalanta-Bologna,Bologna,Lukasz Skorupski,False,Goalkeeper,1,start,end,1.0,0.0,0.0,0.0,0.0,0.0,0.0,1.0,6.0,0.0,0.0,0.0,0.0,0.0,
ITA-Serie A,2021,2020-07-21 Sassuolo-AC Milan,AC Milan,Gianluigi Donnarumma,False,Goalkeeper,1,start,end,1.0,0.0,0.0,0.0,0.0,0.0,0.0,1.0,2.0,0.0,0.0,0.0,0.0,0.0,
ITA-Serie A,2021,2020-07-21 Sassuolo-AC Milan,Sassuolo,Andrea Consigli,True,Goalkeeper,1,start,end,1.0,0.0,0.0,0.0,0.0,0.0,0.0,2.0,5.0,0.0,0.0,0.0,0.0,0.0,
ITA-Serie A,2021,2020-07-22 Internazionale-Fiorentina,Fiorentina,Pietro Terracciano,False,Goalkeeper,1,start,end,1.0,0.0,0.0,0.0,0.0,0.0,0.0,0.0,7.0,0.0,0.0,0.0,0.0,0.0,
ITA-Serie A,2021,2020-07-22 Internazionale-Fiorentina,Internazionale,Samir Handanovic,True,Goalkeeper,1,start,end,1.0,0.0,0.0,0.0,0.0,0.0,0.0,0.0,3.0,0.0,0.0,0.0,0.0,0.0,
ITA-Serie A,2021,2020-07-22 Lecce-Brescia,Brescia,Jesse Joronen,False,Goalkeeper,1,start,end,1.0,0.0,0.0,0.0,0.0,0.0,0.0,3.0,8.0,0.0,0.0,0.0,0.0,0.0,
ITA-Serie A,2021,2020-07-22 Lecce-Brescia,Lecce,Gabriel,True,Goalkeeper,1,start,end,1.0,0.0,1.0,0.0,0.0,0.0,0.0,1.0,2.0,0.0,0.0,0.0,0.0,0.0,
ITA-Serie A,2021,2020-07-22 Parma-Napoli,Napoli,Alex Meret,False,Goalkeeper,1,start,end,1.0,0.0,0.0,0.0,0.0,0.0,0.0,2.0,0.0,0.0,0.0,0.0,0.0,0.0,
ITA-Serie A,2021,2020-07-22 Parma-Napoli,Parma,Luigi Sepe,True,Goalkeeper,1,start,end,1.0,0.0,0.0,0.0,0.0,0.0,0.0,1.0,3.0,0.0,0.0,0.0,0.0,0.0,
ITA-Serie A,2021,2020-07-22 SPAL-AS Roma,AS Roma,Pau López,False,Goalkeeper,1,start,end,1.0,0.0,0.0,0.0,0.0,0.0,0.0,1.0,2.0,0.0,0.0,0.0,0.0,0.0,
ITA-Serie A,2021,2020-07-22 SPAL-AS Roma,SPAL,Karlo Letica,True,Goalkeeper,1,start,end,1.0,0.0,0.0,0.0,0.0,0.0,0.0,6.0,3.0,0.0,0.0,0.0,0.0,0.0,
ITA-Serie A,2021,2020-07-22 Sampdoria-Genoa,Genoa,Mattia Perin,False,Goalkeeper,1,start,end,1.0,0.0,0.0,0.0,0.0,0.0,0.0,1.0,4.0,0.0,0.0,0.0,0.0,0.0,
ITA-Serie A,2021,2020-07-22 Sampdoria-Genoa,Sampdoria,Emil Audero,True,Goalkeeper,1,start,end,1.0,0.0,0.0,0.0,0.0,0.0,0.0,2.0,3.0,0.0,0.0,0.0,0.0,0.0,
ITA-Serie A,2021,2020-07-22 Torino-Hellas Verona,Hellas Verona,Marco Silvestri,False,Goalkeeper,1,start,end,1.0,0.0,0.0,0.0,0.0,0.0,0.0,1.0,2.0,0.0,0.0,0.0,0.0,0.0,
ITA-Serie A,2021,2020-07-22 Torino-Hellas Verona,Torino,Salvatore Sirigu,True,Goalkeeper,1,start,end,1.0,0.0,0.0,0.0,0.0,0.0,0.0,1.0,4.0,0.0,0.0,0.0,0.0,0.0,
ITA-Serie A,2021,2020-07-23 Lazio-Cagliari,Cagliari,Alessio Cragno,False,Goalkeeper,1,start,end,1.0,0.0,1.0,0.0,0.0,0.0,0.0,2.0,9.0,0.0,0.0,0.0,0.0,0.0,
ITA-Serie A,2021,2020-07-23 Lazio-Cagliari,Lazio,Thomas Strakosha,True,Goalkeeper,1,start,end,1.0,0.0,0.0,0.0,0.0,0.0,0.0,1.0,3.0,0.0,0.0,0.0,0.0,0.0,
ITA-Serie A,2021,2020-07-23 Udinese-Juventus,Juventus,Wojciech Szczesny,False,Goalkeeper,1,start,end,1.0,0.0,0.0,0.0,0.0,0.0,0.0,2.0,2.0,0.0,0.0,0.0,0.0,0.0,
ITA-Serie A,2021,2020-07-23 Udinese-Juventus,Udinese,Juan Musso,True,Goalkeeper,1,start,end,1.0,0.0,0.0,0.0,0.0,0.0,0.0,1.0,4.0,0.0,0.0,0.0,0.0,0.0,
ITA-Serie A,2021,2020-07-24 AC Milan-Atalanta,AC Milan,Gianluigi Donnarumma,True,Goalkeeper,1,start,end,1.0,0.0,0.0,0.0,0.0,0.0,0.0,1.0,3.0,0.0,0.0,0.0,0.0,0.0,
ITA-Serie A,2021,2020-07-24 AC Milan-Atalanta,Atalanta,Pierluigi Gollini,False,Goalkeeper,1,start,end,1.0,0.0,1.0,0.0,0.0,0.0,0.0,1.0,1.0,0.0,0.0,0.0,0.0,0.0,
ITA-Serie A,2021,2020-07-25 Brescia-Parma,Brescia,Lorenzo Andrenacci,True,Goalkeeper,1,start,end,1.0,0.0,0.0,0.0,0.0,0.0,0.0,2.0,4.0,0.0,0.0,0.0,0.0,0.0,
ITA-Serie A,2021,2020-07-25 Brescia-Parma,Parma,Luigi Sepe,False,Goalkeeper,1,start,end,1.0,0.0,0.0,0.0,0.0,0.0,0.0,1.0,6.0,0.0,0.0,0.0,0.0,0.0,
ITA-Serie A,2021,2020-07-25 Genoa-Internazionale,Genoa,Mattia Perin,True,Goalkeeper,1,start,end,1.0,0.0,0.0,0.0,0.0,0.0,0.0,3.0,1.0,0.0,0.0,0.0,0.0,0.0,
ITA-Serie A,2021,2020-07-25 Genoa-Internazionale,Internazionale,Samir Handanovic,False,Goalkeeper,1,start,end,1.0,0.0,0.0,0.0,0.0,0.0,1.0,0.0,2.0,0.0,0.0,0.0,0.0,0.0,
ITA-Serie A,2021,2020-07-25 Napoli-Sassuolo,Napoli,David Ospina,True,Goalkeeper,1,start,end,1.0,0.0,0.0,0.0,0.0,0.0,0.0,0.0,2.0,0.0,0.0,0.0,0.0,0.0,
ITA-Serie A,2021,2020-07-25 Napoli-Sassuolo,Sassuolo,Andrea Consigli,False,Goalkeeper,1,start,end,1.0,0.0,0.0,0.0,0.0,0.0,0.0,2.0,6.0,0.0,0.0,0.0,0.0,0.0,
ITA-Serie A,2021,2020-07-26 AS Roma-Fiorentina,AS Roma,Pau López,True,Goalkeeper,1,start,end,1.0,0.0,0.0,0.0,0.0,0.0,0.0,1.0,0.0,0.0,0.0,0.0,0.0,0.0,
ITA-Serie A,2021,2020-07-26 AS Roma-Fiorentina,Fiorentina,Pietro Terracciano,False,Goalkeeper,1,start,end,1.0,1.0,0.0,0.0,0.0,0.0,0.0,2.0,4.0,0.0,0.0,0.0,0.0,0.0,
ITA-Serie A,2021,2020-07-26 Bologna-Lecce,Bologna,Lukasz Skorupski,True,Goalkeeper,1,start,end,1.0,0.0,0.0,0.0,0.0,0.0,0.0,2.0,7.0,0.0,0.0,0.0,0.0,0.0,
ITA-Serie A,2021,2020-07-26 Bologna-Lecce,Lecce,Gabriel,False,Goalkeeper,1,start,end,1.0,0.0,0.0,0.0,0.0,0.0,0.0,3.0,7.0,0.0,0.0,0.0,0.0,0.0,
ITA-Serie A,2021,2020-07-26 Cagliari-Udinese,Cagliari,Alessio Cragno,True,Goalkeeper,1,start,end,1.0,0.0,0.0,0.0,0.0,0.0,0.0,1.0,5.0,0.0,0.0,0.0,0.0,0.0,
ITA-Serie A,2021,2020-07-26 Cagliari-Udinese,Udinese,Juan Musso,False,Goalkeeper,1,start,end,1.0,0.0,0.0,0.0,0.0,0.0,0.0,0.0,6.0,0.0,0.0,0.0,0.0,0.0,
ITA-Serie A,2021,2020-07-26 Hellas Verona-Lazio,Hellas Verona,Boris Radunovic,True,Goalkeeper,1,start,end,1.0,1.0,0.0,0.0,0.0,0.0,1.0,5.0,1.0,0.0,0.0,0.0,0.0,0.0,
ITA-Serie A,2021,2020-07-26 Hellas Verona-Lazio,Lazio,Thomas Strakosha,False,Goalkeeper,1,start,end,1.0,0.0,0.0,0.0,0.0,0.0,1.0,1.0,3.0,0.0,0.0,0.0,0.0,0.0,
ITA-Serie A,2021,2020-07-26 Juventus-Sampdoria,Juventus,Wojciech Szczesny,True,Goalkeeper,1,start,end,1.0,0.0,0.0,0.0,0.0,0.0,0.0,0.0,5.0,0.0,0.0,0.0,0.0,0.0,
ITA-Serie A,2021,2020-07-26 Juventus-Sampdoria,Sampdoria,Emil Audero,False,Goalkeeper,1,start,end,1.0,0.0,0.0,0.0,0.0,0.0,0.0,2.0,4.0,0.0,0.0,0.0,0.0,0.0,
ITA-Serie A,2021,2020-07-26 SPAL-Torino,SPAL,Demba Thiam,True,Goalkeeper,1,start,end,1.0,0.0,0.0,0.0,0.0,0.0,0.0,1.0,5.0,0.0,0.0,0.0,0.0,0.0,
ITA-Serie A,2021,2020-07-26 SPAL-Torino,Torino,Salvatore Sirigu,False,Goalkeeper,1,start,end,1.0,0.0,0.0,0.0,0.0,0.0,0.0,1.0,0.0,0.0,0.0,0.0,0.0,0.0,
ITA-Serie A,2021,2020-07-28 Internazionale-Napoli,Internazionale,Samir Handanovic,True,Goalkeeper,1,start,end,1.0,0.0,1.0,0.0,0.0,0.0,0.0,0.0,2.0,0.0,0.0,0.0,0.0,0.0,
ITA-Serie A,2021,2020-07-28 Internazionale-Napoli,Napoli,Alex Meret,False,Goalkeeper,1,start,end,1.0,0.0,0.0,0.0,0.0,0.0,0.0,2.0,4.0,0.0,0.0,0.0,0.0,0.0,
ITA-Serie A,2021,2020-07-28 Parma-Atalanta,Atalanta,Pierluigi Gollini,False,Goalkeeper,1,start,end,1.0,0.0,0.0,0.0,0.0,0.0,0.0,1.0,2.0,0.0,0.0,0.0,0.0,0.0,
ITA-Serie A,2021,2020-07-28 Parma-Atalanta,Parma,Luigi Sepe,True,Goalkeeper,1,start,end,1.0,0.0,0.0,0.0,0.0,0.0,0.0,2.0,2.0,0.0,0.0,0.0,0.0,0.0,
ITA-Serie A,2021,2020-07-29 Cagliari-Juventus,Cagliari,Alessio Cragno,True,Goalkeeper,1,start,end,1.0,0.0,0.0,0.0,0.0,0.0,0.0,0.0,10.0,0.0,0.0,0.0,0.0,0.0,
ITA-Serie A,2021,2020-07-29 Cagliari-Juventus,Juventus,Gianluigi Buffon,False,Goalkeeper,1,start,end,1.0,0.0,0.0,0.0,0.0,0.0,0.0,2.0,3.0,0.0,0.0,0.0,0.0,0.0,
ITA-Serie A,2021,2020-07-29 Fiorentina-Bologna,Bologna,Lukasz Skorupski,False,Goalkeeper,1,start,end,1.0,0.0,0.0,0.0,0.0,0.0,0.0,4.0,2.0,0.0,0.0,0.0,0.0,0.0,
ITA-Serie A,2021,2020-07-29 Fiorentina-Bologna,Fiorentina,Pietro Terracciano,True,Goalkeeper,1,start,85,1.0,0.0,0.0,0.0,0.0,0.0,0.0,0.0,2.0,0.0,0.0,0.0,0.0,0.0,
ITA-Serie A,2021,2020-07-29 Hellas Verona-SPAL,Hellas Verona,Boris Radunovic,True,Goalkeeper,1,start,end,1.0,0.0,0.0,0.0,0.0,0.0,0.0,0.0,5.0,0.0,0.0,0.0,0.0,0.0,
ITA-Serie A,2021,2020-07-29 Hellas Verona-SPAL,SPAL,Karlo Letica,False,Goalkeeper,1,start,end,1.0,0.0,0.0,0.0,0.0,0.0,0.0,3.0,7.0,0.0,0.0,0.0,0.0,0.0,
ITA-Serie A,2021,2020-07-29 Lazio-Brescia,Brescia,Lorenzo Andrenacci,False,Goalkeeper,1,start,end,1.0,0.0,0.0,0.0,0.0,0.0,0.0,2.0,10.0,0.0,0.0,0.0,0.0,0.0,
ITA-Serie A,2021,2020-07-29 Lazio-Brescia,Lazio,Thomas Strakosha,True,Goalkeeper,1,start,end,1.0,0.0,0.0,0.0,0.0,0.0,0.0,0.0,2.0,0.0,0.0,0.0,0.0,0.0,
ITA-Serie A,2021,2020-07-29 Sampdoria-AC Milan,AC Milan,Gianluigi Donnarumma,False,Goalkeeper,1,start,end,1.0,0.0,0.0,0.0,0.0,0.0,0.0,1.0,5.0,0.0,0.0,0.0,0.0,0.0,
ITA-Serie A,2021,2020-07-29 Sampdoria-AC Milan,Sampdoria,Wladimiro Falcone,True,Goalkeeper,1,start,end,1.0,0.0,0.0,0.0,0.0,0.0,0.0,4.0,5.0,0.0,0.0,0.0,0.0,0.0,
ITA-Serie A,2021,2020-07-29 Sassuolo-Genoa,Genoa,Mattia Perin,False,Goalkeeper,1,start,end,1.0,0.0,0.0,0.0,0.0,0.0,0.0,5.0,3.0,0.0,0.0,0.0,0.0,0.0,
ITA-Serie A,2021,2020-07-29 Sassuolo-Genoa,Sassuolo,Andrea Consigli,True,Goalkeeper,1,start,end,1.0,0.0,0.0,0.0,0.0,0.0,0.0,0.0,2.0,0.0,0.0,0.0,0.0,0.0,
ITA-Serie A,2021,2020-07-29 Torino-AS Roma,AS Roma,Pau López,False,Goalkeeper,1,start,end,1.0,0.0,0.0,0.0,0.0,0.0,0.0,2.0,2.0,0.0,0.0,0.0,0.0,0.0,
ITA-Serie A,2021,2020-07-29 Torino-AS Roma,Torino,Samir Ujkani,True,Goalkeeper,1,start,end,1.0,0.0,0.0,0.0,0.0,0.0,0.0,3.0,3.0,0.0,0.0,0.0,0.0,0.0,
ITA-Serie A,2021,2020-07-29 Udinese-Lecce,Lecce,Gabriel,False,Goalkeeper,1,start,end,1.0,0.0,0.0,0.0,0.0,0.0,0.0,1.0,2.0,0.0,0.0,0.0,0.0,0.0,
ITA-Serie A,2021,2020-07-29 Udinese-Lecce,Udinese,Juan Musso,True,Goalkeeper,1,start,end,1.0,0.0,0.0,0.0,0.0,0.0,0.0,2.0,5.0,0.0,0.0,0.0,0.0,0.0,
ITA-Serie A,2021,2020-08-01 AC Milan-Cagliari,AC Milan,Gianluigi Donnarumma,True,Goalkeeper,1,start,end,1.0,0.0,0.0,0.0,0.0,0.0,0.0,0.0,1.0,0.0,0.0,0.0,0.0,0.0,
ITA-Serie A,2021,2020-08-01 AC Milan-Cagliari,Cagliari,Alessio Cragno,False,Goalkeeper,1,start,end,1.0,0.0,0.0,0.0,0.0,0.0,1.0,3.0,3.0,0.0,0.0,0.0,0.0,0.0,
ITA-Serie A,2021,2020-08-01 Atalanta-Internazionale,Atalanta,Pierluigi Gollini,True,Goalkeeper,1,start,4,1.0,0.0,0.0,0.0,0.0,0.0,0.0,1.0,0.0,0.0,0.0,0.0,0.0,0.0,
ITA-Serie A,2021,2020-08-01 Atalanta-Internazionale,Internazionale,Samir Handanovic,False,Goalkeeper,1,start,end,1.0,0.0,1.0,0.0,0.0,0.0,1.0,0.0,1.0,0.0,0.0,0.0,0.0,0.0,
ITA-Serie A,2021,2020-08-01 Brescia-Sampdoria,Brescia,Lorenzo Andrenacci,True,Goalkeeper,1,start,end,1.0,0.0,0.0,0.0,0.0,0.0,0.0,1.0,4.0,0.0,0.0,0.0,0.0,0.0,
ITA-Serie A,2021,2020-08-01 Brescia-Sampdoria,Sampdoria,Wladimiro Falcone,False,Goalkeeper,1,start,end,1.0,1.0,0.0,0.0,0.0,0.0,1.0,1.0,3.0,0.0,0.0,0.0,0.0,0.0,
ITA-Serie A,2021,2020-08-01 Juventus-AS Roma,AS Roma,Daniel Fuzato,False,Goalkeeper,1,start,end,1.0,0.0,0.0,0.0,0.0,0.0,0.0,1.0,1.0,0.0,0.0,0.0,0.0,0.0,
ITA-Serie A,2021,2020-08-01 Juventus-AS Roma,Juventus,Wojciech Szczesny,True,Goalkeeper,1,start,72,1.0,0.0,0.0,0.0,0.0,0.0,0.0,3.0,3.0,0.0,0.0,0.0,0.0,0.0,
ITA-Serie A,2021,2020-08-01 Napoli-Lazio,Lazio,Thomas Strakosha,False,Goalkeeper,1,start,end,1.0,0.0,0.0,0.0,0.0,0.0,0.0,3.0,3.0,0.0,0.0,0.0,0.0,0.0,
ITA-Serie A,2021,2020-08-01 Napoli-Lazio,Napoli,David Ospina,True,Goalkeeper,1,start,end,1.0,0.0,0.0,0.0,0.0,0.0,0.0,1.0,2.0,0.0,0.0,0.0,0.0,0.0,
ITA-Serie A,2021,2020-08-02 Bologna-Torino,Bologna,Lukasz Skorupski,True,Goalkeeper,1,start,end,1.0,0.0,0.0,0.0,0.0,0.0,0.0,1.0,8.0,0.0,0.0,0.0,0.0,0.0,
ITA-Serie A,2021,2020-08-02 Bologna-Torino,Torino,Antonio Rosati,False,Goalkeeper,1,start,end,1.0,0.0,0.0,0.0,0.0,0.0,0.0,1.0,4.0,0.0,0.0,0.0,0.0,0.0,
ITA-Serie A,2021,2020-08-02 Genoa-Hellas Verona,Genoa,Mattia Perin,True,Goalkeeper,1,start,end,1.0,0.0,0.0,0.0,0.0,0.0,0.0,0.0,1.0,0.0,0.0,0.0,0.0,0.0,
ITA-Serie A,2021,2020-08-02 Genoa-Hellas Verona,Hellas Verona,Boris Radunovic,False,Goalkeeper,1,start,end,1.0,0.0,0.0,0.0,0.0,0.0,0.0,3.0,1.0,0.0,0.0,0.0,0.0,0.0,
ITA-Serie A,2021,2020-08-02 Lecce-Parma,Lecce,Gabriel,True,Goalkeeper,1,start,end,1.0,0.0,0.0,0.0,0.0,0.0,0.0,4.0,7.0,0.0,0.0,0.0,0.0,0.0,
ITA-Serie A,2021,2020-08-02 Lecce-Parma,Parma,Luigi Sepe,False,Goalkeeper,1,start,end,1.0,0.0,0.0,0.0,0.0,0.0,0.0,3.0,4.0,0.0,0.0,0.0,0.0,0.0,
ITA-Serie A,2021,2020-08-02 SPAL-Fiorentina,Fiorentina,Pietro Terracciano,False,Goalkeeper,1,start,end,1.0,0.0,0.0,0.0,0.0,0.0,0.0,1.0,3.0,0.0,0.0,0.0,0.0,0.0,
ITA-Serie A,2021,2020-08-02 SPAL-Fiorentina,SPAL,Demba Thiam,True,Goalkeeper,1,start,end,1.0,0.0,0.0,0.0,0.0,0.0,0.0,3.0,8.0,0.0,0.0,0.0,0.0,0.0,
ITA-Serie A,2021,2020-08-02 Sassuolo-Udinese,Sassuolo,Andrea Consigli,True,Goalkeeper,1,start,end,1.0,0.0,0.0,0.0,0.0,0.0,0.0,1.0,1.0,0.0,0.0,0.0,0.0,0.0,
ITA-Serie A,2021,2020-08-02 Sassuolo-Udinese,Udinese,Juan Musso,False,Goalkeeper,1,start,end,1.0,0.0,0.0,0.0,0.0,0.0,1.0,0.0,10.0,0.0,0.0,0.0,0.0,0.0,
