league,season,game,team,player,is_home,position,formation_place,sub_in,sub_out,appearances,fouls_committed,fouls_suffered,own_goals,red_cards,sub_ins,yellow_cards,goals_conceded,saves,shots_faced,goal_assists,shots_on_target,total_goals,total_shots,offsides
GER-Bundesliga,1819,2018-08-24 Bayern Munich-TSG Hoffenheim,Bayern Munich,Manuel Neuer,True,Goalkeeper,1,start,end,1.0,0.0,0.0,0.0,0.0,0.0,0.0,1.0,4.0,0.0,0.0,0.0,0.0,0.0,
GER-Bundesliga,1819,2018-08-24 Bayern Munich-TSG Hoffenheim,TSG Hoffenheim,Oliver Baumann,False,Goalkeeper,1,start,end,1.0,0.0,0.0,0.0,0.0,0.0,0.0,3.0,2.0,0.0,0.0,0.0,0.0,0.0,
GER-Bundesliga,1819,2018-08-25 Borussia Mönchengladbach-Bayer Leverkusen,Bayer Leverkusen,Ramazan Özcan,False,Goalkeeper,1,start,end,1.0,0.0,0.0,0.0,0.0,0.0,0.0,2.0,5.0,0.0,0.0,0.0,0.0,0.0,
GER-Bundesliga,1819,2018-08-25 Borussia Mönchengladbach-Bayer Leverkusen,Borussia Mönchengladbach,Yann Sommer,True,Goalkeeper,1,start,end,1.0,0.0,0.0,0.0,0.0,0.0,0.0,0.0,3.0,0.0,0.0,0.0,0.0,0.0,
GER-Bundesliga,1819,2018-08-25 Fortuna Düsseldorf-FC Augsburg,FC Augsburg,Fabian Giefer,False,Goalkeeper,1,start,end,1.0,0.0,0.0,0.0,0.0,0.0,0.0,1.0,4.0,0.0,0.0,0.0,0.0,0.0,
GER-Bundesliga,1819,2018-08-25 Fortuna Düsseldorf-FC Augsburg,Fortuna Düsseldorf,Michael Rensing,True,Goalkeeper,1,start,end,1.0,0.0,0.0,0.0,0.0,0.0,0.0,2.0,4.0,0.0,0.0,0.0,0.0,0.0,
GER-Bundesliga,1819,2018-08-25 Hertha Berlin-1. FC Nürnberg,1. FC Nürnberg,Fabian Bredlow,False,Goalkeeper,1,start,end,1.0,0.0,0.0,0.0,0.0,0.0,0.0,1.0,2.0,0.0,0.0,0.0,0.0,0.0,
GER-Bundesliga,1819,2018-08-25 Hertha Berlin-1. FC Nürnberg,Hertha Berlin,Rune Jarstein,True,Goalkeeper,1,start,end,1.0,0.0,0.0,0.0,0.0,0.0,0.0,0.0,3.0,0.0,0.0,0.0,0.0,0.0,
GER-Bundesliga,1819,2018-08-25 SC Freiburg-Eintracht Frankfurt,Eintracht Frankfurt,Frederik Ronnow,False,Goalkeeper,1,start,end,1.0,0.0,0.0,0.0,0.0,0.0,0.0,0.0,6.0,0.0,0.0,0.0,0.0,0.0,
GER-Bundesliga,1819,2018-08-25 SC Freiburg-Eintracht Frankfurt,SC Freiburg,Alexander Schwolow,True,Goalkeeper,1,start,end,1.0,0.0,0.0,0.0,0.0,0.0,0.0,2.0,0.0,0.0,0.0,0.0,0.0,0.0,
GER-Bundesliga,1819,2018-08-25 VfL Wolfsburg-Schalke 04,Schalke 04,Ralf Fährmann,False,Goalkeeper,1,start,end,1.0,0.0,0.0,0.0,0.0,0.0,0.0,2.0,5.0,0.0,0.0,0.0,0.0,0.0,
GER-Bundesliga,1819,2018-08-25 VfL Wolfsburg-Schalke 04,VfL Wolfsburg,Koen Casteels,True,Goalkeeper,1,start,end,1.0,0.0,0.0,0.0,0.0,0.0,0.0,1.0,3.0,0.0,0.0,0.0,0.0,0.0,
GER-Bundesliga,1819,2018-08-25 Werder Bremen-Hannover 96,Hannover 96,Michael Esser,False,Goalkeeper,1,start,end,1.0,0.0,0.0,0.0,0.0,0.0,0.0,1.0,2.0,0.0,0.0,0.0,0.0,0.0,
GER-Bundesliga,1819,2018-08-25 Werder Bremen-Hannover 96,Werder Bremen,Jirí Pavlenka,True,Goalkeeper,1,start,end,1.0,0.0,0.0,0.0,0.0,0.0,0.0,1.0,3.0,0.0,0.0,0.0,0.0,0.0,
GER-Bundesliga,1819,2018-08-26 Borussia Dortmund-RB Leipzig,Borussia Dortmund,Roman Bürki,True,Goalkeeper,1,start,end,1.0,0.0,0.0,0.0,0.0,0.0,0.0,1.0,6.0,0.0,0.0,0.0,0.0,0.0,
GER-Bundesliga,1819,2018-08-26 Borussia Dortmund-RB Leipzig,RB Leipzig,Péter Gulácsi,False,Goalkeeper,1,start,end,1.0,0.0,0.0,0.0,0.0,0.0,0.0,4.0,2.0,0.0,0.0,0.0,0.0,0.0,
GER-Bundesliga,1819,2018-08-26 Mainz-VfB Stuttgart,Mainz,Florian Müller,True,Goalkeeper,1,start,end,1.0,0.0,0.0,0.0,0.0,0.0,0.0,0.0,3.0,0.0,0.0,0.0,0.0,0.0,
GER-Bundesliga,1819,2018-08-26 Mainz-VfB Stuttgart,VfB Stuttgart,Ron-Robert Zieler,False,Goalkeeper,1,start,end,1.0,0.0,1.0,0.0,0.0,0.0,0.0,1.0,2.0,0.0,0.0,0.0,0.0,0.0,
GER-Bundesliga,1819,2018-08-31 Hannover 96-Borussia Dortmund,Borussia Dortmund,Roman Bürki,False,Goalkeeper,1,start,end,1.0,0.0,0.0,0.0,0.0,0.0,0.0,0.0,0.0,0.0,0.0,0.0,0.0,0.0,
GER-Bundesliga,1819,2018-08-31 Hannover 96-Borussia Dortmund,Hannover 96,Michael Esser,True,Goalkeeper,1,start,end,1.0,0.0,0.0,0.0,0.0,0.0,0.0,0.0,3.0,0.0,0.0,0.0,0.0,0.0,
GER-Bundesliga,1819,2018-09-01 1. FC Nürnberg-Mainz,1. FC Nürnberg,Fabian Bredlow,True,Goalkeeper,1,start,end,1.0,0.0,0.0,0.0,0.0,0.0,0.0,1.0,0.0,0.0,0.0,0.0,0.0,0.0,
GER-Bundesliga,1819,2018-09-01 1. FC Nürnberg-Mainz,Mainz,Florian Müller,False,Goalkeeper,1,start,end,1.0,0.0,0.0,0.0,0.0,0.0,0.0,1.0,3.0,0.0,0.0,0.0,0.0,0.0,
GER-Bundesliga,1819,2018-09-01 Bayer Leverkusen-VfL Wolfsburg,Bayer Leverkusen,Ramazan Özcan,True,Goalkeeper,1,start,end,1.0,0.0,0.0,1.0,0.0,0.0,0.0,3.0,3.0,0.0,0.0,0.0,0.0,0.0,
GER-Bundesliga,1819,2018-09-01 Bayer Leverkusen-VfL Wolfsburg,VfL Wolfsburg,Pavao Pervan,False,Goalkeeper,1,start,end,1.0,0.0,0.0,0.0,0.0,0.0,0.0,1.0,2.0,0.0,0.0,0.0,0.0,0.0,
GER-Bundesliga,1819,2018-09-01 Eintracht Frankfurt-Werder Bremen,Eintracht Frankfurt,Kevin Trapp,True,Goalkeeper,1,start,end,1.0,0.0,0.0,0.0,0.0,0.0,0.0,2.0,4.0,0.0,0.0,0.0,0.0,0.0,
GER-Bundesliga,1819,2018-09-01 Eintracht Frankfurt-Werder Bremen,Werder Bremen,Jirí Pavlenka,False,Goalkeeper,1,start,53,1.0,1.0,0.0,0.0,0.0,0.0,0.0,0.0,0.0,0.0,0.0,0.0,0.0,0.0,
GER-Bundesliga,1819,2018-09-01 FC Augsburg-Borussia Mönchengladbach,Borussia Mönchengladbach,Yann Sommer,False,Goalkeeper,1,start,end,1.0,0.0,0.0,0.0,0.0,0.0,0.0,1.0,6.0,0.0,0.0,0.0,0.0,0.0,
GER-Bundesliga,1819,2018-09-01 FC Augsburg-Borussia Mönchengladbach,FC Augsburg,Fabian Giefer,True,Goalkeeper,1,start,end,1.0,0.0,0.0,0.0,0.0,0.0,0.0,1.0,0.0,0.0,0.0,0.0,0.0,0.0,
GER-Bundesliga,1819,2018-09-01 TSG Hoffenheim-SC Freiburg,SC Freiburg,Alexander Schwolow,False,Goalkeeper,1,start,end,1.0,0.0,0.0,0.0,0.0,0.0,0.0,3.0,5.0,0.0,0.0,0.0,0.0,0.0,
GER-Bundesliga,1819,2018-09-01 TSG Hoffenheim-SC Freiburg,TSG Hoffenheim,Oliver Baumann,True,Goalkeeper,1,start,end,1.0,0.0,0.0,0.0,0.0,0.0,0.0,1.0,3.0,0.0,0.0,0.0,0.0,0.0,
GER-Bundesliga,1819,2018-09-01 VfB Stuttgart-Bayern Munich,Bayern Munich,Manuel Neuer,False,Goalkeeper,1,start,end,1.0,0.0,0.0,0.0,0.0,0.0,0.0,0.0,0.0,0.0,0.0,0.0,0.0,0.0,
GER-Bundesliga,1819,2018-09-01 VfB Stuttgart-Bayern Munich,VfB Stuttgart,Ron-Robert Zieler,True,Goalkeeper,1,start,end,1.0,0.0,0.0,0.0,0.0,0.0,0.0,3.0,4.0,0.0,0.0,0.0,0.0,0.0,
GER-Bundesliga,1819,2018-09-02 RB Leipzig-Fortuna Düsseldorf,Fortuna Düsseldorf,Michael Rensing,False,Goalkeeper,1,start,end,1.0,0.0,2.0,0.0,0.0,0.0,0.0,1.0,7.0,0.0,0.0,0.0,0.0,0.0,
GER-Bundesliga,1819,2018-09-02 RB Leipzig-Fortuna Düsseldorf,RB Leipzig,Péter Gulácsi,True,Goalkeeper,1,start,end,1.0,0.0,0.0,0.0,0.0,0.0,0.0,1.0,7.0,0.0,0.0,0.0,0.0,0.0,
GER-Bundesliga,1819,2018-09-02 Schalke 04-Hertha Berlin,Hertha Berlin,Rune Jarstein,False,Goalkeeper,1,start,end,1.0,0.0,0.0,0.0,0.0,0.0,1.0,0.0,4.0,0.0,0.0,0.0,0.0,0.0,
GER-Bundesliga,1819,2018-09-02 Schalke 04-Hertha Berlin,Schalke 04,Ralf Fährmann,True,Goalkeeper,1,start,end,1.0,0.0,0.0,0.0,0.0,0.0,0.0,2.0,1.0,0.0,0.0,0.0,0.0,0.0,
GER-Bundesliga,1819,2018-09-14 Borussia Dortmund-Eintracht Frankfurt,Borussia Dortmund,Roman Bürki,True,Goalkeeper,1,start,end,1.0,0.0,0.0,0.0,0.0,0.0,0.0,1.0,1.0,0.0,0.0,0.0,0.0,0.0,
GER-Bundesliga,1819,2018-09-14 Borussia Dortmund-Eintracht Frankfurt,Eintracht Frankfurt,Kevin Trapp,False,Goalkeeper,1,start,end,1.0,0.0,0.0,0.0,0.0,0.0,0.0,3.0,3.0,0.0,0.0,0.0,0.0,0.0,
GER-Bundesliga,1819,2018-09-15 Bayern Munich-Bayer Leverkusen,Bayer Leverkusen,Lukas Hradecky,False,Goalkeeper,1,start,end,1.0,0.0,0.0,0.0,0.0,0.0,0.0,3.0,3.0,0.0,0.0,0.0,0.0,0.0,
GER-Bundesliga,1819,2018-09-15 Bayern Munich-Bayer Leverkusen,Bayern Munich,Manuel Neuer,True,Goalkeeper,1,start,end,1.0,0.0,0.0,0.0,0.0,0.0,0.0,1.0,0.0,0.0,0.0,0.0,0.0,0.0,
GER-Bundesliga,1819,2018-09-15 Borussia Mönchengladbach-Schalke 04,Borussia Mönchengladbach,Yann Sommer,True,Goalkeeper,1,start,end,1.0,0.0,0.0,0.0,0.0,0.0,0.0,1.0,5.0,0.0,0.0,0.0,0.0,0.0,
GER-Bundesliga,1819,2018-09-15 Borussia Mönchengladbach-Schalke 04,Schalke 04,Ralf Fährmann,False,Goalkeeper,1,start,end,1.0,0.0,0.0,0.0,0.0,0.0,0.0,2.0,2.0,0.0,0.0,0.0,0.0,0.0,
GER-Bundesliga,1819,2018-09-15 Fortuna Düsseldorf-TSG Hoffenheim,Fortuna Düsseldorf,Michael Rensing,True,Goalkeeper,1,start,end,1.0,0.0,0.0,0.0,0.0,0.0,0.0,1.0,4.0,0.0,0.0,0.0,0.0,0.0,
GER-Bundesliga,1819,2018-09-15 Fortuna Düsseldorf-TSG Hoffenheim,TSG Hoffenheim,Oliver Baumann,False,Goalkeeper,1,start,end,1.0,0.0,0.0,0.0,0.0,0.0,0.0,2.0,2.0,0.0,0.0,0.0,0.0,0.0,
GER-Bundesliga,1819,2018-09-15 Mainz-FC Augsburg,FC Augsburg,Fabian Giefer,False,Goalkeeper,1,start,end,1.0,0.0,1.0,0.0,0.0,0.0,0.0,2.0,4.0,0.0,0.0,0.0,0.0,0.0,
GER-Bundesliga,1819,2018-09-15 Mainz-FC Augsburg,Mainz,Florian Müller,True,Goalkeeper,1,start,end,1.0,0.0,0.0,0.0,0.0,0.0,0.0,1.0,3.0,0.0,0.0,0.0,0.0,0.0,
GER-Bundesliga,1819,2018-09-15 RB Leipzig-Hannover 96,Hannover 96,Michael Esser,False,Goalkeeper,1,start,end,1.0,0.0,0.0,0.0,0.0,0.0,0.0,3.0,3.0,0.0,0.0,0.0,0.0,0.0,
GER-Bundesliga,1819,2018-09-15 RB Leipzig-Hannover 96,RB Leipzig,Péter Gulácsi,True,Goalkeeper,1,start,end,1.0,0.0,0.0,0.0,0.0,0.0,0.0,2.0,5.0,0.0,0.0,0.0,0.0,0.0,
GER-Bundesliga,1819,2018-09-15 VfL Wolfsburg-Hertha Berlin,Hertha Berlin,Rune Jarstein,False,Goalkeeper,1,start,end,1.0,0.0,0.0,0.0,0.0,0.0,0.0,2.0,5.0,0.0,0.0,0.0,0.0,0.0,
GER-Bundesliga,1819,2018-09-15 VfL Wolfsburg-Hertha Berlin,VfL Wolfsburg,Koen Casteels,True,Goalkeeper,1,start,end,1.0,0.0,0.0,0.0,0.0,0.0,0.0,2.0,3.0,0.0,0.0,0.0,0.0,0.0,
GER-Bundesliga,1819,2018-09-16 SC Freiburg-VfB Stuttgart,SC Freiburg,Alexander Schwolow,True,Goalkeeper,1,start,end,1.0,0.0,0.0,0.0,0.0,0.0,0.0,3.0,3.0,0.0,0.0,0.0,0.0,0.0,
GER-Bundesliga,1819,2018-09-16 SC Freiburg-VfB Stuttgart,VfB Stuttgart,Ron-Robert Zieler,False,Goalkeeper,1,start,end,1.0,0.0,0.0,0.0,0.0,0.0,0.0,3.0,2.0,0.0,0.0,0.0,0.0,0.0,
GER-Bundesliga,1819,2018-09-16 Werder Bremen-1. FC Nürnberg,1. FC Nürnberg,Fabian Bredlow,False,Goalkeeper,1,start,end,1.0,0.0,0.0,0.0,0.0,0.0,0.0,1.0,1.0,0.0,0.0,0.0,0.0,0.0,
GER-Bundesliga,1819,2018-09-16 Werder Bremen-1. FC Nürnberg,Werder Bremen,Jirí Pavlenka,True,Goalkeeper,1,start,end,1.0,0.0,0.0,0.0,0.0,0.0,0.0,1.0,1.0,0.0,0.0,0.0,0.0,0.0,
GER-Bundesliga,1819,2018-09-21 VfB Stuttgart-Fortuna Düsseldorf,Fortuna Düsseldorf,Michael Rensing,False,Goalkeeper,1,start,end,1.0,0.0,0.0,0.0,0.0,0.0,0.0,0.0,1.0,0.0,0.0,0.0,0.0,0.0,
GER-Bundesliga,1819,2018-09-21 VfB Stuttgart-Fortuna Düsseldorf,VfB Stuttgart,Ron-Robert Zieler,True,Goalkeeper,1,start,end,1.0,0.0,0.0,0.0,0.0,0.0,0.0,0.0,7.0,0.0,0.0,0.0,0.0,0.0,
GER-Bundesliga,1819,2018-09-22 1. FC Nürnberg-Hannover 96,1. FC Nürnberg,Fabian Bredlow,True,Goalkeeper,1,start,end,1.0,0.0,0.0,0.0,0.0,0.0,0.0,0.0,2.0,0.0,0.0,0.0,0.0,0.0,
GER-Bundesliga,1819,2018-09-22 1. FC Nürnberg-Hannover 96,Hannover 96,Michael Esser,False,Goalkeeper,1,start,end,1.0,0.0,0.0,0.0,0.0,0.0,0.0,2.0,5.0,0.0,0.0,0.0,0.0,0.0,
GER-Bundesliga,1819,2018-09-22 FC Augsburg-Werder Bremen,FC Augsburg,Fabian Giefer,True,Goalkeeper,1,start,end,1.0,0.0,0.0,0.0,0.0,0.0,0.0,3.0,4.0,0.0,0.0,0.0,0.0,0.0,
GER-Bundesliga,1819,2018-09-22 FC Augsburg-Werder Bremen,Werder Bremen,Jirí Pavlenka,False,Goalkeeper,1,start,end,1.0,0.0,0.0,0.0,0.0,0.0,1.0,2.0,5.0,0.0,0.0,0.0,0.0,0.0,
GER-Bundesliga,1819,2018-09-22 Hertha Berlin-Borussia Mönchengladbach,Borussia Mönchengladbach,Yann Sommer,False,Goalkeeper,1,start,end,1.0,0.0,0.0,0.0,0.0,0.0,0.0,4.0,3.0,0.0,0.0,0.0,0.0,0.0,
GER-Bundesliga,1819,2018-09-22 Hertha Berlin-Borussia Mönchengladbach,Hertha Berlin,Rune Jarstein,True,Goalkeeper,1,start,end,1.0,0.0,1.0,0.0,0.0,0.0,0.0,2.0,2.0,0.0,0.0,0.0,0.0,0.0,
GER-Bundesliga,1819,2018-09-22 Schalke 04-Bayern Munich,Bayern Munich,Manuel Neuer,False,Goalkeeper,1,start,end,1.0,0.0,0.0,0.0,0.0,0.0,0.0,0.0,2.0,0.0,0.0,0.0,0.0,0.0,
GER-Bundesliga,1819,2018-09-22 Schalke 04-Bayern Munich,Schalke 04,Ralf Fährmann,True,Goalkeeper,1,start,end,1.0,0.0,0.0,0.0,0.0,0.0,0.0,2.0,5.0,0.0,0.0,0.0,0.0,0.0,
GER-Bundesliga,1819,2018-09-22 TSG Hoffenheim-Borussia Dortmund,Borussia Dortmund,Roman Bürki,False,Goalkeeper,1,start,end,1.0,0.0,0.0,0.0,0.0,0.0,0.0,1.0,4.0,0.0,0.0,0.0,0.0,0.0,
GER-Bundesliga,1819,2018-09-22 TSG Hoffenheim-Borussia Dortmund,TSG Hoffenheim,Oliver Baumann,True,Goalkeeper,1,start,end,1.0,0.0,0.0,0.0,0.0,0.0,0.0,1.0,1.0,0.0,0.0,0.0,0.0,0.0,
GER-Bundesliga,1819,2018-09-22 VfL Wolfsburg-SC Freiburg,SC Freiburg,Alexander Schwolow,False,Goalkeeper,1,start,end,1.0,0.0,0.0,0.0,0.0,0.0,0.0,1.0,8.0,0.0,0.0,0.0,0.0,0.0,
GER-Bundesliga,1819,2018-09-22 VfL Wolfsburg-SC Freiburg,VfL Wolfsburg,Koen Casteels,True,Goalkeeper,1,start,end,1.0,0.0,0.0,0.0,0.0,0.0,0.0,3.0,5.0,0.0,0.0,0.0,0.0,0.0,
GER-Bundesliga,1819,2018-09-23 Bayer Leverkusen-Mainz,Bayer Leverkusen,Lukas Hradecky,True,Goalkeeper,1,start,end,1.0,0.0,0.0,0.0,0.0,0.0,0.0,0.0,5.0,0.0,0.0,0.0,0.0,0.0,
GER-Bundesliga,1819,2018-09-23 Bayer Leverkusen-Mainz,Mainz,Florian Müller,False,Goalkeeper,1,start,end,1.0,0.0,0.0,0.0,0.0,0.0,0.0,1.0,4.0,0.0,0.0,0.0,0.0,0.0,
GER-Bundesliga,1819,2018-09-23 Eintracht Frankfurt-RB Leipzig,Eintracht Frankfurt,Kevin Trapp,True,Goalkeeper,1,start,end,1.0,0.0,0.0,0.0,0.0,0.0,0.0,1.0,1.0,0.0,0.0,0.0,0.0,0.0,
GER-Bundesliga,1819,2018-09-23 Eintracht Frankfurt-RB Leipzig,RB Leipzig,Péter Gulácsi,False,Goalkeeper,1,start,end,1.0,0.0,0.0,0.0,0.0,0.0,0.0,1.0,4.0,0.0,0.0,0.0,0.0,0.0,
GER-Bundesliga,1819,2018-09-25 Bayern Munich-FC Augsburg,Bayern Munich,Manuel Neuer,True,Goalkeeper,1,start,end,1.0,0.0,1.0,0.0,0.0,0.0,0.0,1.0,3.0,0.0,0.0,0.0,0.0,0.0,
GER-Bundesliga,1819,2018-09-25 Bayern Munich-FC Augsburg,FC Augsburg,Andreas Luthe,False,Goalkeeper,1,start,end,1.0,0.0,0.0,0.0,0.0,0.0,0.0,1.0,7.0,0.0,0.0,0.0,0.0,0.0,
GER-Bundesliga,1819,2018-09-25 Hannover 96-TSG Hoffenheim,Hannover 96,Michael Esser,True,Goalkeeper,1,start,end,1.0,0.0,0.0,0.0,0.0,0.0,0.0,3.0,6.0,0.0,0.0,0.0,0.0,0.0,
GER-Bundesliga,1819,2018-09-25 Hannover 96-TSG Hoffenheim,TSG Hoffenheim,Gregor Kobel,False,Goalkeeper,1,start,end,1.0,0.0,0.0,0.0,0.0,0.0,0.0,1.0,6.0,0.0,0.0,0.0,0.0,0.0,
GER-Bundesliga,1819,2018-09-25 SC Freiburg-Schalke 04,SC Freiburg,Alexander Schwolow,True,Goalkeeper,1,start,end,1.0,0.0,0.0,0.0,0.0,0.0,0.0,0.0,3.0,0.0,0.0,0.0,0.0,0.0,
GER-Bundesliga,1819,2018-09-25 SC Freiburg-Schalke 04,Schalke 04,Ralf Fährmann,False,Goalkeeper,1,start,end,1.0,0.0,0.0,0.0,0.0,0.0,0.0,1.0,3.0,0.0,0.0,0.0,0.0,0.0,
GER-Bundesliga,1819,2018-09-25 Werder Bremen-Hertha Berlin,Hertha Berlin,Rune Jarstein,False,Goalkeeper,1,start,45,1.0,0.0,0.0,0.0,0.0,0.0,0.0,2.0,3.0,0.0,0.0,0.0,0.0,0.0,
GER-Bundesliga,1819,2018-09-25 Werder Bremen-Hertha Berlin,Werder Bremen,Jirí Pavlenka,True,Goalkeeper,1,start,end,1.0,0.0,0.0,0.0,0.0,0.0,0.0,1.0,1.0,0.0,0.0,0.0,0.0,0.0,
GER-Bundesliga,1819,2018-09-26 Borussia Dortmund-1. FC Nürnberg,1. FC Nürnberg,Fabian Bredlow,False,Goalkeeper,1,start,end,1.0,0.0,0.0,0.0,0.0,0.0,0.0,7.0,3.0,0.0,0.0,0.0,0.0,0.0,
GER-Bundesliga,1819,2018-09-26 Borussia Dortmund-1. FC Nürnberg,Borussia Dortmund,Roman Bürki,True,Goalkeeper,1,start,end,1.0,0.0,0.0,0.0,0.0,0.0,0.0,0.0,1.0,0.0,0.0,0.0,0.0,0.0,
GER-Bundesliga,1819,2018-09-26 Borussia Mönchengladbach-Eintracht Frankfurt,Borussia Mönchengladbach,Yann Sommer,True,Goalkeeper,1,start,end,1.0,0.0,0.0,0.0,0.0,0.0,0.0,1.0,1.0,0.0,0.0,0.0,0.0,0.0,
GER-Bundesliga,1819,2018-09-26 Borussia Mönchengladbach-Eintracht Frankfurt,Eintracht Frankfurt,Kevin Trapp,False,Goalkeeper,1,start,end,1.0,0.0,0.0,0.0,0.0,0.0,0.0,3.0,6.0,0.0,0.0,0.0,0.0,0.0,
GER-Bundesliga,1819,2018-09-26 Fortuna Düsseldorf-Bayer Leverkusen,Bayer Leverkusen,Lukas Hradecky,False,Goalkeeper,1,start,end,1.0,0.0,0.0,0.0,0.0,0.0,0.0,1.0,3.0,0.0,0.0,0.0,0.0,0.0,
GER-Bundesliga,1819,2018-09-26 Fortuna Düsseldorf-Bayer Leverkusen,Fortuna Düsseldorf,Michael Rensing,True,Goalkeeper,1,start,end,1.0,0.0,0.0,0.0,0.0,0.0,0.0,2.0,1.0,0.0,0.0,0.0,0.0,0.0,
GER-Bundesliga,1819,2018-09-26 Mainz-VfL Wolfsburg,Mainz,Florian Müller,True,Goalkeeper,1,start,end,1.0,0.0,0.0,0.0,0.0,0.0,0.0,0.0,4.0,0.0,0.0,0.0,0.0,0.0,
GER-Bundesliga,1819,2018-09-26 Mainz-VfL Wolfsburg,VfL Wolfsburg,Koen Casteels,False,Goalkeeper,1,start,end,1.0,0.0,0.0,0.0,0.0,0.0,0.0,0.0,2.0,0.0,0.0,0.0,0.0,0.0,
GER-Bundesliga,1819,2018-09-26 RB Leipzig-VfB Stuttgart,RB Leipzig,Péter Gulácsi,True,Goalkeeper,1,start,end,1.0,0.0,0.0,0.0,0.0,0.0,0.0,0.0,0.0,0.0,0.0,0.0,0.0,0.0,
GER-Bundesliga,1819,2018-09-26 RB Leipzig-VfB Stuttgart,VfB Stuttgart,Ron-Robert Zieler,False,Goalkeeper,1,start,end,1.0,0.0,0.0,0.0,0.0,0.0,0.0,2.0,6.0,0.0,0.0,0.0,0.0,0.0,
GER-Bundesliga,1819,2018-09-28 Hertha Berlin-Bayern Munich,Bayern Munich,Manuel Neuer,False,Goalkeeper,1,start,end,1.0,0.0,0.0,0.0,0.0,0.0,0.0,2.0,2.0,0.0,0.0,0.0,0.0,0.0,
GER-Bundesliga,1819,2018-09-28 Hertha Berlin-Bayern Munich,Hertha Berlin,Thomas Kraft,True,Goalkeeper,1,start,end,1.0,0.0,0.0,0.0,0.0,0.0,0.0,0.0,4.0,0.0,0.0,0.0,0.0,0.0,
GER-Bundesliga,1819,2018-09-29 1. FC Nürnberg-Fortuna Düsseldorf,1. FC Nürnberg,Fabian Bredlow,True,Goalkeeper,1,start,end,1.0,0.0,1.0,0.0,0.0,0.0,0.0,0.0,4.0,0.0,0.0,0.0,0.0,0.0,
GER-Bundesliga,1819,2018-09-29 1. FC Nürnberg-Fortuna Düsseldorf,Fortuna Düsseldorf,Michael Rensing,False,Goalkeeper,1,start,end,1.0,0.0,0.0,0.0,0.0,0.0,0.0,3.0,3.0,0.0,0.0,0.0,0.0,0.0,
GER-Bundesliga,1819,2018-09-29 Bayer Leverkusen-Borussia Dortmund,Bayer Leverkusen,Lukas Hradecky,True,Goalkeeper,1,start,end,1.0,0.0,0.0,0.0,0.0,0.0,0.0,4.0,6.0,0.0,0.0,0.0,0.0,0.0,
GER-Bundesliga,1819,2018-09-29 Bayer Leverkusen-Borussia Dortmund,Borussia Dortmund,Roman Bürki,False,Goalkeeper,1,start,end,1.0,0.0,0.0,0.0,0.0,0.0,0.0,2.0,4.0,0.0,0.0,0.0,0.0,0.0,
GER-Bundesliga,1819,2018-09-29 Schalke 04-Mainz,Mainz,Florian Müller,False,Goalkeeper,1,start,end,1.0,0.0,0.0,0.0,0.0,0.0,0.0,1.0,2.0,0.0,0.0,0.0,0.0,0.0,
GER-Bundesliga,1819,2018-09-29 Schalke 04-Mainz,Schalke 04,Ralf Fährmann,True,Goalkeeper,1,start,end,1.0,0.0,0.0,0.0,0.0,0.0,0.0,0.0,5.0,0.0,0.0,0.0,0.0,0.0,
GER-Bundesliga,1819,2018-09-29 TSG Hoffenheim-RB Leipzig,RB Leipzig,Péter Gulácsi,False,Goalkeeper,1,start,end,1.0,0.0,0.0,0.0,0.0,0.0,0.0,1.0,5.0,0.0,0.0,0.0,0.0,0.0,
GER-Bundesliga,1819,2018-09-29 TSG Hoffenheim-RB Leipzig,TSG Hoffenheim,Oliver Baumann,True,Goalkeeper,1,start,end,1.0,0.0,0.0,0.0,0.0,0.0,0.0,2.0,5.0,0.0,0.0,0.0,0.0,0.0,
GER-Bundesliga,1819,2018-09-29 VfB Stuttgart-Werder Bremen,VfB Stuttgart,Ron-Robert Zieler,True,Goalkeeper,1,start,end,1.0,0.0,0.0,1.0,0.0,0.0,0.0,1.0,3.0,0.0,0.0,0.0,0.0,0.0,
GER-Bundesliga,1819,2018-09-29 VfB Stuttgart-Werder Bremen,Werder Bremen,Jirí Pavlenka,False,Goalkeeper,1,start,end,1.0,0.0,0.0,0.0,0.0,0.0,0.0,2.0,3.0,0.0,0.0,0.0,0.0,0.0,
GER-Bundesliga,1819,2018-09-29 VfL Wolfsburg-Borussia Mönchengladbach,Borussia Mönchengladbach,Yann Sommer,False,Goalkeeper,1,start,end,1.0,0.0,0.0,0.0,0.0,0.0,0.0,2.0,1.0,0.0,0.0,0.0,0.0,0.0,
GER-Bundesliga,1819,2018-09-29 VfL Wolfsburg-Borussia Mönchengladbach,VfL Wolfsburg,Koen Casteels,True,Goalkeeper,1,start,end,1.0,0.0,0.0,0.0,0.0,0.0,0.0,2.0,1.0,0.0,0.0,0.0,0.0,0.0,
GER-Bundesliga,1819,2018-09-30 Eintracht Frankfurt-Hannover 96,Eintracht Frankfurt,Kevin Trapp,True,Goalkeeper,1,start,end,1.0,0.0,0.0,0.0,0.0,0.0,0.0,1.0,0.0,0.0,0.0,0.0,0.0,0.0,
GER-Bundesliga,1819,2018-09-30 Eintracht Frankfurt-Hannover 96,Hannover 96,Michael Esser,False,Goalkeeper,1,start,end,1.0,0.0,0.0,0.0,0.0,0.0,0.0,4.0,3.0,0.0,0.0,0.0,0.0,0.0,
GER-Bundesliga,1819,2018-09-30 FC Augsburg-SC Freiburg,FC Augsburg,Andreas Luthe,True,Goalkeeper,1,start,end,1.0,0.0,0.0,0.0,0.0,0.0,0.0,1.0,5.0,0.0,0.0,0.0,0.0,0.0,
GER-Bundesliga,1819,2018-09-30 FC Augsburg-SC Freiburg,SC Freiburg,Alexander Schwolow,False,Goalkeeper,1,start,end,1.0,0.0,0.0,0.0,0.0,0.0,0.0,4.0,6.0,0.0,0.0,0.0,0.0,0.0,
GER-Bundesliga,1819,2018-10-05 Werder Bremen-VfL Wolfsburg,VfL Wolfsburg,Koen Casteels,False,Goalkeeper,1,start,end,1.0,0.0,0.0,0.0,0.0,0.0,0.0,2.0,3.0,0.0,0.0,0.0,0.0,0.0,
GER-Bundesliga,1819,2018-10-05 Werder Bremen-VfL Wolfsburg,Werder Bremen,Jirí Pavlenka,True,Goalkeeper,1,start,end,1.0,0.0,0.0,0.0,0.0,0.0,0.0,0.0,4.0,0.0,0.0,0.0,0.0,0.0,
GER-Bundesliga,1819,2018-10-06 Bayern Munich-Borussia Mönchengladbach,Bayern Munich,Manuel Neuer,True,Goalkeeper,1,start,end,1.0,0.0,0.0,0.0,0.0,0.0,0.0,3.0,0.0,0.0,0.0,0.0,0.0,0.0,
GER-Bundesliga,1819,2018-10-06 Bayern Munich-Borussia Mönchengladbach,Borussia Mönchengladbach,Yann Sommer,False,Goalkeeper,1,start,end,1.0,0.0,0.0,0.0,0.0,0.0,0.0,0.0,3.0,0.0,0.0,0.0,0.0,0.0,
GER-Bundesliga,1819,2018-10-06 Borussia Dortmund-FC Augsburg,Borussia Dortmund,Roman Bürki,True,Goalkeeper,1,start,end,1.0,0.0,1.0,0.0,0.0,0.0,0.0,3.0,3.0,0.0,0.0,0.0,0.0,0.0,
GER-Bundesliga,1819,2018-10-06 Borussia Dortmund-FC Augsburg,FC Augsburg,Andreas Luthe,False,Goalkeeper,1,start,end,1.0,0.0,0.0,0.0,0.0,0.0,0.0,4.0,3.0,0.0,0.0,0.0,0.0,0.0,
GER-Bundesliga,1819,2018-10-06 Fortuna Düsseldorf-Schalke 04,Fortuna Düsseldorf,Michael Rensing,True,Goalkeeper,1,start,end,1.0,0.0,0.0,0.0,0.0,0.0,0.0,2.0,3.0,0.0,0.0,0.0,0.0,0.0,
GER-Bundesliga,1819,2018-10-06 Fortuna Düsseldorf-Schalke 04,Schalke 04,Ralf Fährmann,False,Goalkeeper,1,start,end,1.0,0.0,0.0,0.0,0.0,0.0,0.0,0.0,3.0,0.0,0.0,0.0,0.0,0.0,
GER-Bundesliga,1819,2018-10-06 Hannover 96-VfB Stuttgart,Hannover 96,Michael Esser,True,Goalkeeper,1,start,end,1.0,0.0,0.0,0.0,0.0,0.0,0.0,1.0,4.0,0.0,0.0,0.0,0.0,0.0,
GER-Bundesliga,1819,2018-10-06 Hannover 96-VfB Stuttgart,VfB Stuttgart,Ron-Robert Zieler,False,Goalkeeper,1,start,end,1.0,0.0,0.0,0.0,0.0,0.0,0.0,3.0,3.0,0.0,0.0,0.0,0.0,0.0,
GER-Bundesliga,1819,2018-10-06 Mainz-Hertha Berlin,Hertha Berlin,Rune Jarstein,False,Goalkeeper,1,start,end,1.0,0.0,0.0,0.0,0.0,0.0,0.0,0.0,3.0,0.0,0.0,0.0,0.0,0.0,
GER-Bundesliga,1819,2018-10-06 Mainz-Hertha Berlin,Mainz,Robin Zentner,True,Goalkeeper,1,start,end,1.0,0.0,0.0,0.0,0.0,0.0,0.0,0.0,1.0,0.0,0.0,0.0,0.0,0.0,
GER-Bundesliga,1819,2018-10-07 RB Leipzig-1. FC Nürnberg,1. FC Nürnberg,Fabian Bredlow,False,Goalkeeper,1,start,end,1.0,0.0,0.0,0.0,0.0,0.0,0.0,6.0,2.0,0.0,0.0,0.0,0.0,0.0,
GER-Bundesliga,1819,2018-10-07 RB Leipzig-1. FC Nürnberg,RB Leipzig,Péter Gulácsi,True,Goalkeeper,1,start,end,1.0,0.0,1.0,0.0,0.0,0.0,0.0,0.0,0.0,0.0,0.0,0.0,0.0,0.0,
GER-Bundesliga,1819,2018-10-07 SC Freiburg-Bayer Leverkusen,Bayer Leverkusen,Lukas Hradecky,False,Goalkeeper,1,start,end,1.0,0.0,0.0,0.0,0.0,0.0,0.0,0.0,1.0,0.0,0.0,0.0,0.0,0.0,
GER-Bundesliga,1819,2018-10-07 SC Freiburg-Bayer Leverkusen,SC Freiburg,Alexander Schwolow,True,Goalkeeper,1,start,end,1.0,0.0,0.0,0.0,0.0,0.0,0.0,0.0,0.0,0.0,0.0,0.0,0.0,0.0,
GER-Bundesliga,1819,2018-10-07 TSG Hoffenheim-Eintracht Frankfurt,Eintracht Frankfurt,Kevin Trapp,False,Goalkeeper,1,start,end,1.0,0.0,2.0,0.0,0.0,0.0,0.0,1.0,4.0,0.0,0.0,0.0,0.0,0.0,
GER-Bundesliga,1819,2018-10-07 TSG Hoffenheim-Eintracht Frankfurt,TSG Hoffenheim,Oliver Baumann,True,Goalkeeper,1,start,end,1.0,0.0,0.0,0.0,0.0,0.0,0.0,2.0,2.0,0.0,0.0,0.0,0.0,0.0,
GER-Bundesliga,1819,2018-10-19 Eintracht Frankfurt-Fortuna Düsseldorf,Eintracht Frankfurt,Kevin Trapp,True,Goalkeeper,1,start,58,1.0,0.0,0.0,0.0,0.0,0.0,0.0,1.0,2.0,0.0,0.0,0.0,0.0,0.0,
GER-Bundesliga,1819,2018-10-19 Eintracht Frankfurt-Fortuna Düsseldorf,Fortuna Düsseldorf,Michael Rensing,False,Goalkeeper,1,start,end,1.0,0.0,1.0,0.0,0.0,0.0,0.0,7.0,6.0,0.0,0.0,0.0,0.0,0.0,
GER-Bundesliga,1819,2018-10-20 1. FC Nürnberg-TSG Hoffenheim,1. FC Nürnberg,Christian Mathenia,True,Goalkeeper,1,start,end,1.0,0.0,1.0,0.0,0.0,0.0,0.0,3.0,9.0,0.0,0.0,0.0,0.0,0.0,
GER-Bundesliga,1819,2018-10-20 1. FC Nürnberg-TSG Hoffenheim,TSG Hoffenheim,Oliver Baumann,False,Goalkeeper,1,start,end,1.0,0.0,1.0,0.0,0.0,0.0,0.0,1.0,1.0,0.0,0.0,0.0,0.0,0.0,
GER-Bundesliga,1819,2018-10-20 Bayer Leverkusen-Hannover 96,Bayer Leverkusen,Lukas Hradecky,True,Goalkeeper,1,start,end,1.0,0.0,0.0,0.0,0.0,0.0,0.0,2.0,4.0,0.0,0.0,0.0,0.0,0.0,
GER-Bundesliga,1819,2018-10-20 Bayer Leverkusen-Hannover 96,Hannover 96,Michael Esser,False,Goalkeeper,1,start,end,1.0,0.0,1.0,0.0,0.0,0.0,1.0,2.0,5.0,0.0,0.0,0.0,0.0,0.0,
GER-Bundesliga,1819,2018-10-20 FC Augsburg-RB Leipzig,FC Augsburg,Andreas Luthe,True,Goalkeeper,1,start,end,1.0,0.0,0.0,0.0,0.0,0.0,0.0,0.0,3.0,0.0,0.0,0.0,0.0,0.0,
GER-Bundesliga,1819,2018-10-20 FC Augsburg-RB Leipzig,RB Leipzig,Péter Gulácsi,False,Goalkeeper,1,start,end,1.0,0.0,0.0,0.0,0.0,0.0,0.0,0.0,0.0,0.0,0.0,0.0,0.0,0.0,
GER-Bundesliga,1819,2018-10-20 Schalke 04-Werder Bremen,Schalke 04,Alexander Nübel,True,Goalkeeper,1,start,end,1.0,0.0,0.0,0.0,0.0,0.0,0.0,2.0,1.0,0.0,0.0,0.0,0.0,0.0,
GER-Bundesliga,1819,2018-10-20 Schalke 04-Werder Bremen,Werder Bremen,Jirí Pavlenka,False,Goalkeeper,1,start,end,1.0,0.0,0.0,0.0,0.0,0.0,0.0,0.0,4.0,0.0,0.0,0.0,0.0,0.0,
GER-Bundesliga,1819,2018-10-20 VfB Stuttgart-Borussia Dortmund,Borussia Dortmund,Roman Bürki,False,Goalkeeper,1,start,end,1.0,0.0,0.0,0.0,0.0,0.0,0.0,0.0,5.0,0.0,0.0,0.0,0.0,0.0,
GER-Bundesliga,1819,2018-10-20 VfB Stuttgart-Borussia Dortmund,VfB Stuttgart,Ron-Robert Zieler,True,Goalkeeper,1,start,end,1.0,0.0,0.0,0.0,0.0,0.0,0.0,4.0,0.0,0.0,0.0,0.0,0.0,0.0,
GER-Bundesliga,1819,2018-10-20 VfL Wolfsburg-Bayern Munich,Bayern Munich,Manuel Neuer,False,Goalkeeper,1,start,end,1.0,0.0,0.0,0.0,0.0,0.0,1.0,1.0,0.0,0.0,0.0,0.0,0.0,0.0,
GER-Bundesliga,1819,2018-10-20 VfL Wolfsburg-Bayern Munich,VfL Wolfsburg,Koen Casteels,True,Goalkeeper,1,start,end,1.0,0.0,0.0,0.0,0.0,0.0,0.0,3.0,8.0,0.0,0.0,0.0,0.0,0.0,
GER-Bundesliga,1819,2018-10-21 Borussia Mönchengladbach-Mainz,Borussia Mönchengladbach,Yann Sommer,True,Goalkeeper,1,start,end,1.0,0.0,0.0,0.0,0.0,0.0,0.0,0.0,4.0,0.0,0.0,0.0,0.0,0.0,
GER-Bundesliga,1819,2018-10-21 Borussia Mönchengladbach-Mainz,Mainz,Florian Müller,False,Goalkeeper,1,start,end,1.0,0.0,0.0,0.0,0.0,0.0,0.0,4.0,4.0,0.0,0.0,0.0,0.0,0.0,
GER-Bundesliga,1819,2018-10-21 Hertha Berlin-SC Freiburg,Hertha Berlin,Rune Jarstein,True,Goalkeeper,1,start,end,1.0,0.0,0.0,0.0,0.0,0.0,0.0,1.0,2.0,0.0,0.0,0.0,0.0,0.0,
GER-Bundesliga,1819,2018-10-21 Hertha Berlin-SC Freiburg,SC Freiburg,Alexander Schwolow,False,Goalkeeper,1,start,end,1.0,0.0,0.0,0.0,0.0,0.0,0.0,1.0,4.0,0.0,0.0,0.0,0.0,0.0,
GER-Bundesliga,1819,2018-10-26 SC Freiburg-Borussia Mönchengladbach,Borussia Mönchengladbach,Yann Sommer,False,Goalkeeper,1,start,end,1.0,1.0,0.0,0.0,0.0,0.0,0.0,3.0,4.0,0.0,0.0,0.0,0.0,0.0,
GER-Bundesliga,1819,2018-10-26 SC Freiburg-Borussia Mönchengladbach,SC Freiburg,Alexander Schwolow,True,Goalkeeper,1,start,end,1.0,0.0,0.0,0.0,0.0,0.0,0.0,1.0,1.0,0.0,0.0,0.0,0.0,0.0,
GER-Bundesliga,1819,2018-10-27 Borussia Dortmund-Hertha Berlin,Borussia Dortmund,Roman Bürki,True,Goalkeeper,1,start,end,1.0,0.0,1.0,0.0,0.0,0.0,0.0,2.0,2.0,0.0,0.0,0.0,0.0,0.0,
GER-Bundesliga,1819,2018-10-27 Borussia Dortmund-Hertha Berlin,Hertha Berlin,Rune Jarstein,False,Goalkeeper,1,start,end,1.0,0.0,0.0,0.0,0.0,0.0,0.0,2.0,2.0,0.0,0.0,0.0,0.0,0.0,
GER-Bundesliga,1819,2018-10-27 Fortuna Düsseldorf-VfL Wolfsburg,Fortuna Düsseldorf,Michael Rensing,True,Goalkeeper,1,start,end,1.0,0.0,0.0,0.0,0.0,0.0,0.0,3.0,3.0,0.0,0.0,0.0,0.0,0.0,
GER-Bundesliga,1819,2018-10-27 Fortuna Düsseldorf-VfL Wolfsburg,VfL Wolfsburg,Koen Casteels,False,Goalkeeper,1,start,end,1.0,0.0,0.0,0.0,0.0,0.0,0.0,0.0,1.0,0.0,0.0,0.0,0.0,0.0,
GER-Bundesliga,1819,2018-10-27 Hannover 96-FC Augsburg,FC Augsburg,Andreas Luthe,False,Goalkeeper,1,start,end,1.0,0.0,0.0,0.0,0.0,0.0,0.0,1.0,3.0,0.0,0.0,0.0,0.0,0.0,
GER-Bundesliga,1819,2018-10-27 Hannover 96-FC Augsburg,Hannover 96,Michael Esser,True,Goalkeeper,1,start,end,1.0,0.0,0.0,0.0,0.0,0.0,0.0,2.0,2.0,0.0,0.0,0.0,0.0,0.0,
GER-Bundesliga,1819,2018-10-27 Mainz-Bayern Munich,Bayern Munich,Manuel Neuer,False,Goalkeeper,1,start,end,1.0,0.0,0.0,0.0,0.0,0.0,0.0,1.0,0.0,0.0,0.0,0.0,0.0,0.0,
GER-Bundesliga,1819,2018-10-27 Mainz-Bayern Munich,Mainz,Florian Müller,True,Goalkeeper,1,start,end,1.0,0.0,0.0,0.0,0.0,0.0,0.0,2.0,3.0,0.0,0.0,0.0,0.0,0.0,
GER-Bundesliga,1819,2018-10-27 TSG Hoffenheim-VfB Stuttgart,TSG Hoffenheim,Oliver Baumann,True,Goalkeeper,1,start,end,1.0,0.0,0.0,0.0,0.0,0.0,0.0,0.0,0.0,0.0,0.0,0.0,0.0,0.0,
GER-Bundesliga,1819,2018-10-27 TSG Hoffenheim-VfB Stuttgart,VfB Stuttgart,Ron-Robert Zieler,False,Goalkeeper,1,start,end,1.0,0.0,0.0,0.0,0.0,0.0,0.0,4.0,6.0,0.0,0.0,0.0,0.0,0.0,
GER-Bundesliga,1819,2018-10-28 1. FC Nürnberg-Eintracht Frankfurt,1. FC Nürnberg,Christian Mathenia,True,Goalkeeper,1,start,end,1.0,0.0,0.0,0.0,0.0,0.0,0.0,1.0,1.0,0.0,0.0,0.0,0.0,0.0,
GER-Bundesliga,1819,2018-10-28 1. FC Nürnberg-Eintracht Frankfurt,Eintracht Frankfurt,Kevin Trapp,False,Goalkeeper,1,start,end,1.0,0.0,0.0,0.0,0.0,0.0,1.0,1.0,2.0,0.0,0.0,0.0,0.0,0.0,
GER-Bundesliga,1819,2018-10-28 RB Leipzig-Schalke 04,RB Leipzig,Péter Gulácsi,True,Goalkeeper,1,start,end,1.0,0.0,0.0,0.0,0.0,0.0,0.0,0.0,0.0,0.0,0.0,0.0,0.0,0.0,
GER-Bundesliga,1819,2018-10-28 RB Leipzig-Schalke 04,Schalke 04,Alexander Nübel,False,Goalkeeper,1,start,end,1.0,0.0,0.0,0.0,0.0,0.0,0.0,0.0,2.0,0.0,0.0,0.0,0.0,0.0,
GER-Bundesliga,1819,2018-10-28 Werder Bremen-Bayer Leverkusen,Bayer Leverkusen,Lukas Hradecky,False,Goalkeeper,1,start,end,1.0,0.0,0.0,0.0,0.0,0.0,0.0,2.0,3.0,0.0,0.0,0.0,0.0,0.0,
GER-Bundesliga,1819,2018-10-28 Werder Bremen-Bayer Leverkusen,Werder Bremen,Jirí Pavlenka,True,Goalkeeper,1,start,end,1.0,0.0,0.0,0.0,0.0,0.0,0.0,6.0,6.0,0.0,0.0,0.0,0.0,0.0,
GER-Bundesliga,1819,2018-11-02 VfB Stuttgart-Eintracht Frankfurt,Eintracht Frankfurt,Kevin Trapp,False,Goalkeeper,1,start,end,1.0,0.0,0.0,0.0,0.0,0.0,0.0,0.0,0.0,0.0,0.0,0.0,0.0,0.0,
GER-Bundesliga,1819,2018-11-02 VfB Stuttgart-Eintracht Frankfurt,VfB Stuttgart,Ron-Robert Zieler,True,Goalkeeper,1,start,end,1.0,0.0,0.0,0.0,0.0,0.0,0.0,3.0,4.0,0.0,0.0,0.0,0.0,0.0,
GER-Bundesliga,1819,2018-11-03 Bayer Leverkusen-TSG Hoffenheim,Bayer Leverkusen,Lukas Hradecky,True,Goalkeeper,1,start,end,1.0,0.0,0.0,0.0,0.0,0.0,0.0,4.0,0.0,0.0,0.0,0.0,0.0,0.0,
GER-Bundesliga,1819,2018-11-03 Bayer Leverkusen-TSG Hoffenheim,TSG Hoffenheim,Oliver Baumann,False,Goalkeeper,1,start,end,1.0,0.0,0.0,0.0,0.0,0.0,0.0,1.0,8.0,0.0,0.0,0.0,0.0,0.0,
GER-Bundesliga,1819,2018-11-03 Bayern Munich-SC Freiburg,Bayern Munich,Manuel Neuer,True,Goalkeeper,1,start,end,1.0,0.0,0.0,0.0,0.0,0.0,0.0,1.0,0.0,0.0,0.0,0.0,0.0,0.0,
GER-Bundesliga,1819,2018-11-03 Bayern Munich-SC Freiburg,SC Freiburg,Alexander Schwolow,False,Goalkeeper,1,start,end,1.0,0.0,0.0,0.0,0.0,0.0,1.0,1.0,5.0,0.0,0.0,0.0,0.0,0.0,
GER-Bundesliga,1819,2018-11-03 FC Augsburg-1. FC Nürnberg,1. FC Nürnberg,Christian Mathenia,False,Goalkeeper,1,start,end,1.0,0.0,0.0,0.0,0.0,0.0,0.0,2.0,2.0,0.0,0.0,0.0,0.0,0.0,
GER-Bundesliga,1819,2018-11-03 FC Augsburg-1. FC Nürnberg,FC Augsburg,Andreas Luthe,True,Goalkeeper,1,start,end,1.0,0.0,0.0,0.0,0.0,0.0,0.0,2.0,3.0,0.0,0.0,0.0,0.0,0.0,
GER-Bundesliga,1819,2018-11-03 Hertha Berlin-RB Leipzig,Hertha Berlin,Rune Jarstein,True,Goalkeeper,1,start,end,1.0,0.0,0.0,0.0,0.0,0.0,0.0,3.0,9.0,0.0,0.0,0.0,0.0,0.0,
GER-Bundesliga,1819,2018-11-03 Hertha Berlin-RB Leipzig,RB Leipzig,Péter Gulácsi,False,Goalkeeper,1,start,end,1.0,0.0,0.0,0.0,0.0,0.0,0.0,0.0,5.0,0.0,0.0,0.0,0.0,0.0,
GER-Bundesliga,1819,2018-11-03 Schalke 04-Hannover 96,Hannover 96,Philipp Tschauner,False,Goalkeeper,1,start,end,1.0,1.0,0.0,0.0,0.0,0.0,0.0,3.0,3.0,0.0,0.0,0.0,0.0,0.0,
GER-Bundesliga,1819,2018-11-03 Schalke 04-Hannover 96,Schalke 04,Alexander Nübel,True,Goalkeeper,1,start,end,1.0,0.0,0.0,0.0,0.0,0.0,0.0,1.0,5.0,0.0,0.0,0.0,0.0,0.0,
GER-Bundesliga,1819,2018-11-03 VfL Wolfsburg-Borussia Dortmund,Borussia Dortmund,Roman Bürki,False,Goalkeeper,1,start,end,1.0,0.0,0.0,0.0,0.0,0.0,0.0,0.0,3.0,0.0,0.0,0.0,0.0,0.0,
GER-Bundesliga,1819,2018-11-03 VfL Wolfsburg-Borussia Dortmund,VfL Wolfsburg,Koen Casteels,True,Goalkeeper,1,start,end,1.0,0.0,0.0,0.0,0.0,0.0,0.0,1.0,0.0,0.0,0.0,0.0,0.0,0.0,
GER-Bundesliga,1819,2018-11-04 Borussia Mönchengladbach-Fortuna Düsseldorf,Borussia Mönchengladbach,Yann Sommer,True,Goalkeeper,1,start,end,1.0,0.0,0.0,0.0,0.0,0.0,0.0,0.0,6.0,0.0,0.0,0.0,0.0,0.0,
GER-Bundesliga,1819,2018-11-04 Borussia Mönchengladbach-Fortuna Düsseldorf,Fortuna Düsseldorf,Michael Rensing,False,Goalkeeper,1,start,end,1.0,0.0,0.0,0.0,0.0,0.0,0.0,3.0,4.0,0.0,0.0,0.0,0.0,0.0,
GER-Bundesliga,1819,2018-11-04 Mainz-Werder Bremen,Mainz,Robin Zentner,True,Goalkeeper,1,start,end,1.0,0.0,0.0,0.0,0.0,0.0,0.0,1.0,3.0,0.0,0.0,0.0,0.0,0.0,
GER-Bundesliga,1819,2018-11-04 Mainz-Werder Bremen,Werder Bremen,Jirí Pavlenka,False,Goalkeeper,1,start,end,1.0,0.0,0.0,0.0,0.0,0.0,0.0,2.0,4.0,0.0,0.0,0.0,0.0,0.0,
GER-Bundesliga,1819,2018-11-09 Hannover 96-VfL Wolfsburg,Hannover 96,Michael Esser,True,Goalkeeper,1,start,end,1.0,0.0,0.0,0.0,0.0,0.0,1.0,1.0,8.0,0.0,0.0,0.0,0.0,0.0,
GER-Bundesliga,1819,2018-11-09 Hannover 96-VfL Wolfsburg,VfL Wolfsburg,Koen Casteels,False,Goalkeeper,1,start,end,1.0,0.0,0.0,0.0,0.0,0.0,0.0,2.0,2.0,0.0,0.0,0.0,0.0,0.0,
GER-Bundesliga,1819,2018-11-10 1. FC Nürnberg-VfB Stuttgart,1. FC Nürnberg,Christian Mathenia,True,Goalkeeper,1,start,end,1.0,0.0,0.0,0.0,0.0,0.0,0.0,2.0,2.0,0.0,0.0,0.0,0.0,0.0,
GER-Bundesliga,1819,2018-11-10 1. FC Nürnberg-VfB Stuttgart,1. FC Nürnberg,Christian Mathenia,True,Goalkeeper,,start,end,1.0,0.0,0.0,0.0,0.0,0.0,0.0,2.0,2.0,0.0,0.0,0.0,0.0,0.0,
GER-Bundesliga,1819,2018-11-10 1. FC Nürnberg-VfB Stuttgart,VfB Stuttgart,Ron-Robert Zieler,False,Goalkeeper,1,start,end,1.0,0.0,0.0,0.0,0.0,0.0,0.0,0.0,3.0,0.0,0.0,0.0,0.0,0.0,
GER-Bundesliga,1819,2018-11-10 1. FC Nürnberg-VfB Stuttgart,VfB Stuttgart,Ron-Robert Zieler,False,Goalkeeper,,start,end,1.0,0.0,0.0,0.0,0.0,0.0,0.0,0.0,3.0,0.0,0.0,0.0,0.0,0.0,
GER-Bundesliga,1819,2018-11-10 Borussia Dortmund-Bayern Munich,Bayern Munich,Manuel Neuer,False,Goalkeeper,1,start,end,1.0,1.0,0.0,0.0,0.0,0.0,0.0,3.0,1.0,0.0,0.0,0.0,0.0,0.0,
GER-Bundesliga,1819,2018-11-10 Borussia Dortmund-Bayern Munich,Borussia Dortmund,Marwin Hitz,True,Goalkeeper,1,start,end,1.0,0.0,0.0,0.0,0.0,0.0,1.0,2.0,1.0,0.0,0.0,0.0,0.0,0.0,
GER-Bundesliga,1819,2018-11-10 Fortuna Düsseldorf-Hertha Berlin,Fortuna Düsseldorf,Michael Rensing,True,Goalkeeper,1,start,end,1.0,0.0,0.0,0.0,0.0,0.0,0.0,1.0,5.0,0.0,0.0,0.0,0.0,0.0,
GER-Bundesliga,1819,2018-11-10 Fortuna Düsseldorf-Hertha Berlin,Fortuna Düsseldorf,Michael Rensing,True,Goalkeeper,,start,end,1.0,0.0,0.0,0.0,0.0,0.0,0.0,1.0,5.0,0.0,0.0,0.0,0.0,0.0,
GER-Bundesliga,1819,2018-11-10 Fortuna Düsseldorf-Hertha Berlin,Hertha Berlin,Rune Jarstein,False,Goalkeeper,1,start,end,1.0,0.0,0.0,0.0,0.0,0.0,0.0,4.0,5.0,0.0,0.0,0.0,0.0,0.0,
GER-Bundesliga,1819,2018-11-10 Fortuna Düsseldorf-Hertha Berlin,Hertha Berlin,Rune Jarstein,False,Goalkeeper,,start,end,1.0,0.0,0.0,0.0,0.0,0.0,0.0,4.0,5.0,0.0,0.0,0.0,0.0,0.0,
GER-Bundesliga,1819,2018-11-10 SC Freiburg-Mainz,Mainz,Robin Zentner,False,Goalkeeper,1,start,end,1.0,0.0,1.0,0.0,0.0,0.0,0.0,1.0,3.0,0.0,0.0,0.0,0.0,0.0,
GER-Bundesliga,1819,2018-11-10 SC Freiburg-Mainz,SC Freiburg,Alexander Schwolow,True,Goalkeeper,1,start,end,1.0,0.0,0.0,0.0,0.0,0.0,0.0,3.0,6.0,0.0,0.0,0.0,0.0,0.0,
GER-Bundesliga,1819,2018-11-10 TSG Hoffenheim-FC Augsburg,FC Augsburg,Andreas Luthe,False,Goalkeeper,1,start,end,1.0,0.0,0.0,0.0,0.0,0.0,0.0,2.0,5.0,0.0,0.0,0.0,0.0,0.0,
GER-Bundesliga,1819,2018-11-10 TSG Hoffenheim-FC Augsburg,TSG Hoffenheim,Oliver Baumann,True,Goalkeeper,1,start,end,1.0,0.0,0.0,0.0,0.0,0.0,0.0,1.0,6.0,0.0,0.0,0.0,0.0,0.0,
GER-Bundesliga,1819,2018-11-10 Werder Bremen-Borussia Mönchengladbach,Borussia Mönchengladbach,Yann Sommer,False,Goalkeeper,1,start,end,1.0,0.0,1.0,0.0,0.0,0.0,0.0,0.0,2.0,0.0,0.0,0.0,0.0,0.0,
GER-Bundesliga,1819,2018-11-10 Werder Bremen-Borussia Mönchengladbach,Werder Bremen,Jirí Pavlenka,True,Goalkeeper,1,start,end,1.0,0.0,0.0,0.0,0.0,0.0,0.0,2.0,1.0,0.0,0.0,0.0,0.0,0.0,
GER-Bundesliga,1819,2018-11-11 Eintracht Frankfurt-Schalke 04,Eintracht Frankfurt,Kevin Trapp,True,Goalkeeper,1,start,end,1.0,0.0,0.0,0.0,0.0,0.0,0.0,0.0,1.0,0.0,0.0,0.0,0.0,0.0,
GER-Bundesliga,1819,2018-11-11 Eintracht Frankfurt-Schalke 04,Eintracht Frankfurt,Kevin Trapp,True,Goalkeeper,,start,end,1.0,0.0,0.0,0.0,0.0,0.0,0.0,0.0,1.0,0.0,0.0,0.0,0.0,0.0,
GER-Bundesliga,1819,2018-11-11 Eintracht Frankfurt-Schalke 04,Schalke 04,Ralf Fährmann,False,Goalkeeper,1,start,end,1.0,0.0,0.0,0.0,0.0,0.0,0.0,3.0,1.0,0.0,0.0,0.0,0.0,0.0,
GER-Bundesliga,1819,2018-11-11 RB Leipzig-Bayer Leverkusen,Bayer Leverkusen,Lukas Hradecky,False,Goalkeeper,1,start,end,1.0,0.0,0.0,0.0,0.0,0.0,0.0,3.0,3.0,0.0,0.0,0.0,0.0,0.0,
GER-Bundesliga,1819,2018-11-11 RB Leipzig-Bayer Leverkusen,Bayer Leverkusen,Lukas Hradecky,False,Goalkeeper,,start,end,1.0,0.0,0.0,0.0,0.0,0.0,0.0,3.0,3.0,0.0,0.0,0.0,0.0,0.0,
GER-Bundesliga,1819,2018-11-11 RB Leipzig-Bayer Leverkusen,RB Leipzig,Péter Gulácsi,True,Goalkeeper,1,start,end,1.0,0.0,0.0,0.0,0.0,0.0,0.0,0.0,2.0,0.0,0.0,0.0,0.0,0.0,
GER-Bundesliga,1819,2018-11-11 RB Leipzig-Bayer Leverkusen,RB Leipzig,Péter Gulácsi,True,Goalkeeper,,start,end,1.0,0.0,0.0,0.0,0.0,0.0,0.0,0.0,2.0,0.0,0.0,0.0,0.0,0.0,
GER-Bundesliga,1819,2018-11-23 Bayer Leverkusen-VfB Stuttgart,Bayer Leverkusen,Lukas Hradecky,True,Goalkeeper,1,start,end,1.0,0.0,0.0,0.0,0.0,0.0,0.0,0.0,2.0,0.0,0.0,0.0,0.0,0.0,
GER-Bundesliga,1819,2018-11-23 Bayer Leverkusen-VfB Stuttgart,Bayer Leverkusen,Lukas Hradecky,True,Goalkeeper,,start,end,1.0,0.0,0.0,0.0,0.0,0.0,0.0,0.0,2.0,0.0,0.0,0.0,0.0,0.0,
GER-Bundesliga,1819,2018-11-23 Bayer Leverkusen-VfB Stuttgart,VfB Stuttgart,Ron-Robert Zieler,False,Goalkeeper,1,start,end,1.0,0.0,0.0,0.0,0.0,0.0,0.0,2.0,2.0,0.0,0.0,0.0,0.0,0.0,
GER-Bundesliga,1819,2018-11-23 Bayer Leverkusen-VfB Stuttgart,VfB Stuttgart,Ron-Robert Zieler,False,Goalkeeper,,start,end,1.0,0.0,0.0,0.0,0.0,0.0,0.0,2.0,2.0,0.0,0.0,0.0,0.0,0.0,
GER-Bundesliga,1819,2018-11-24 Bayern Munich-Fortuna Düsseldorf,Bayern Munich,Manuel Neuer,True,Goalkeeper,1,start,end,1.0,0.0,0.0,0.0,0.0,0.0,0.0,3.0,2.0,0.0,0.0,0.0,0.0,0.0,
GER-Bundesliga,1819,2018-11-24 Bayern Munich-Fortuna Düsseldorf,Bayern Munich,Manuel Neuer,True,Goalkeeper,,start,end,1.0,0.0,0.0,0.0,0.0,0.0,0.0,3.0,2.0,0.0,0.0,0.0,0.0,0.0,
GER-Bundesliga,1819,2018-11-24 Bayern Munich-Fortuna Düsseldorf,Fortuna Düsseldorf,Michael Rensing,False,Goalkeeper,1,start,end,1.0,0.0,0.0,0.0,0.0,0.0,0.0,3.0,2.0,0.0,0.0,0.0,0.0,0.0,
GER-Bundesliga,1819,2018-11-24 Bayern Munich-Fortuna Düsseldorf,Fortuna Düsseldorf,Michael Rensing,False,Goalkeeper,,start,end,1.0,0.0,0.0,0.0,0.0,0.0,0.0,3.0,2.0,0.0,0.0,0.0,0.0,0.0,
GER-Bundesliga,1819,2018-11-24 FC Augsburg-Eintracht Frankfurt,Eintracht Frankfurt,Kevin Trapp,False,Goalkeeper,1,start,end,1.0,0.0,0.0,0.0,0.0,0.0,0.0,1.0,9.0,0.0,0.0,0.0,0.0,0.0,
GER-Bundesliga,1819,2018-11-24 FC Augsburg-Eintracht Frankfurt,FC Augsburg,Andreas Luthe,True,Goalkeeper,1,start,end,1.0,0.0,0.0,0.0,0.0,0.0,0.0,3.0,4.0,0.0,0.0,0.0,0.0,0.0,
GER-Bundesliga,1819,2018-11-24 Hertha Berlin-TSG Hoffenheim,Hertha Berlin,Rune Jarstein,True,Goalkeeper,1,start,end,1.0,0.0,0.0,0.0,0.0,0.0,0.0,3.0,2.0,0.0,0.0,0.0,0.0,0.0,
GER-Bundesliga,1819,2018-11-24 Hertha Berlin-TSG Hoffenheim,Hertha Berlin,Rune Jarstein,True,Goalkeeper,,start,end,1.0,0.0,0.0,0.0,0.0,0.0,0.0,3.0,2.0,0.0,0.0,0.0,0.0,0.0,
GER-Bundesliga,1819,2018-11-24 Hertha Berlin-TSG Hoffenheim,TSG Hoffenheim,Oliver Baumann,False,Goalkeeper,1,start,end,1.0,0.0,1.0,0.0,0.0,0.0,0.0,3.0,5.0,0.0,1.0,0.0,0.0,0.0,
GER-Bundesliga,1819,2018-11-24 Hertha Berlin-TSG Hoffenheim,TSG Hoffenheim,Oliver Baumann,False,Goalkeeper,,start,end,1.0,0.0,1.0,0.0,0.0,0.0,0.0,3.0,5.0,0.0,1.0,0.0,0.0,0.0,
GER-Bundesliga,1819,2018-11-24 Mainz-Borussia Dortmund,Borussia Dortmund,Roman Bürki,False,Goalkeeper,1,start,end,1.0,0.0,0.0,0.0,0.0,0.0,0.0,1.0,6.0,0.0,0.0,0.0,0.0,0.0,
GER-Bundesliga,1819,2018-11-24 Mainz-Borussia Dortmund,Borussia Dortmund,Roman Bürki,False,Goalkeeper,,start,end,1.0,0.0,0.0,0.0,0.0,0.0,0.0,1.0,6.0,0.0,0.0,0.0,0.0,0.0,
GER-Bundesliga,1819,2018-11-24 Mainz-Borussia Dortmund,Mainz,Robin Zentner,True,Goalkeeper,1,start,end,1.0,0.0,0.0,0.0,0.0,0.0,0.0,2.0,5.0,0.0,0.0,0.0,0.0,0.0,
GER-Bundesliga,1819,2018-11-24 Mainz-Borussia Dortmund,Mainz,Robin Zentner,True,Goalkeeper,,start,end,1.0,0.0,0.0,0.0,0.0,0.0,0.0,2.0,5.0,0.0,0.0,0.0,0.0,0.0,
GER-Bundesliga,1819,2018-11-24 Schalke 04-1. FC Nürnberg,1. FC Nürnberg,Christian Mathenia,False,Goalkeeper,1,start,44,1.0,0.0,0.0,0.0,0.0,0.0,0.0,2.0,4.0,0.0,0.0,0.0,0.0,0.0,
GER-Bundesliga,1819,2018-11-24 Schalke 04-1. FC Nürnberg,Schalke 04,Ralf Fährmann,True,Goalkeeper,1,start,end,1.0,0.0,0.0,0.0,0.0,0.0,0.0,2.0,4.0,0.0,0.0,0.0,0.0,0.0,
GER-Bundesliga,1819,2018-11-24 VfL Wolfsburg-RB Leipzig,RB Leipzig,Péter Gulácsi,False,Goalkeeper,1,start,end,1.0,0.0,0.0,0.0,0.0,0.0,0.0,1.0,3.0,0.0,0.0,0.0,0.0,0.0,
GER-Bundesliga,1819,2018-11-24 VfL Wolfsburg-RB Leipzig,VfL Wolfsburg,Koen Casteels,True,Goalkeeper,1,start,end,1.0,0.0,0.0,0.0,0.0,0.0,0.0,0.0,4.0,0.0,0.0,0.0,0.0,0.0,
GER-Bundesliga,1819,2018-11-25 Borussia Mönchengladbach-Hannover 96,Borussia Mönchengladbach,Yann Sommer,True,Goalkeeper,1,start,end,1.0,0.0,0.0,0.0,0.0,0.0,0.0,1.0,2.0,0.0,0.0,0.0,0.0,0.0,
GER-Bundesliga,1819,2018-11-25 Borussia Mönchengladbach-Hannover 96,Hannover 96,Michael Esser,False,Goalkeeper,1,start,end,1.0,0.0,0.0,0.0,0.0,0.0,0.0,4.0,2.0,0.0,0.0,0.0,0.0,0.0,
GER-Bundesliga,1819,2018-11-25 SC Freiburg-Werder Bremen,SC Freiburg,Alexander Schwolow,True,Goalkeeper,1,start,end,1.0,0.0,0.0,0.0,0.0,0.0,0.0,1.0,7.0,0.0,0.0,0.0,0.0,0.0,
GER-Bundesliga,1819,2018-11-25 SC Freiburg-Werder Bremen,SC Freiburg,Alexander Schwolow,True,Goalkeeper,,start,end,1.0,0.0,0.0,0.0,0.0,0.0,0.0,1.0,7.0,0.0,0.0,0.0,0.0,0.0,
GER-Bundesliga,1819,2018-11-25 SC Freiburg-Werder Bremen,Werder Bremen,Jirí Pavlenka,False,Goalkeeper,1,start,end,1.0,0.0,0.0,0.0,0.0,0.0,0.0,1.0,8.0,0.0,0.0,0.0,0.0,0.0,
GER-Bundesliga,1819,2018-11-25 SC Freiburg-Werder Bremen,Werder Bremen,Jirí Pavlenka,False,Goalkeeper,,start,end,1.0,0.0,0.0,0.0,0.0,0.0,0.0,1.0,8.0,0.0,0.0,0.0,0.0,0.0,
GER-Bundesliga,1819,2018-11-30 Fortuna Düsseldorf-Mainz,Fortuna Düsseldorf,Michael Rensing,True,Goalkeeper,1,start,end,1.0,0.0,0.0,0.0,0.0,0.0,0.0,1.0,2.0,0.0,0.0,0.0,0.0,0.0,
GER-Bundesliga,1819,2018-11-30 Fortuna Düsseldorf-Mainz,Mainz,Robin Zentner,False,Goalkeeper,1,start,end,1.0,0.0,0.0,0.0,0.0,0.0,0.0,0.0,7.0,0.0,0.0,0.0,0.0,0.0,
GER-Bundesliga,1819,2018-12-01 Borussia Dortmund-SC Freiburg,Borussia Dortmund,Roman Bürki,True,Goalkeeper,1,start,end,1.0,0.0,0.0,0.0,0.0,0.0,0.0,0.0,1.0,0.0,0.0,0.0,0.0,0.0,
GER-Bundesliga,1819,2018-12-01 Borussia Dortmund-SC Freiburg,Borussia Dortmund,Roman Bürki,True,Goalkeeper,,start,end,1.0,0.0,0.0,0.0,0.0,0.0,0.0,0.0,1.0,0.0,0.0,0.0,0.0,0.0,
GER-Bundesliga,1819,2018-12-01 Borussia Dortmund-SC Freiburg,SC Freiburg,Alexander Schwolow,False,Goalkeeper,1,start,end,1.0,0.0,0.0,0.0,0.0,0.0,0.0,2.0,2.0,0.0,0.0,0.0,0.0,0.0,
GER-Bundesliga,1819,2018-12-01 Borussia Dortmund-SC Freiburg,SC Freiburg,Alexander Schwolow,False,Goalkeeper,,start,end,1.0,0.0,0.0,0.0,0.0,0.0,0.0,2.0,2.0,0.0,0.0,0.0,0.0,0.0,
GER-Bundesliga,1819,2018-12-01 Hannover 96-Hertha Berlin,Hannover 96,Michael Esser,True,Goalkeeper,1,start,end,1.0,0.0,0.0,0.0,0.0,0.0,0.0,2.0,5.0,0.0,0.0,0.0,0.0,0.0,
GER-Bundesliga,1819,2018-12-01 Hannover 96-Hertha Berlin,Hannover 96,Michael Esser,True,Goalkeeper,,start,end,1.0,0.0,0.0,0.0,0.0,0.0,0.0,2.0,5.0,0.0,0.0,0.0,0.0,0.0,
GER-Bundesliga,1819,2018-12-01 Hannover 96-Hertha Berlin,Hertha Berlin,Rune Jarstein,False,Goalkeeper,1,start,end,1.0,0.0,0.0,0.0,0.0,0.0,0.0,0.0,2.0,0.0,0.0,0.0,0.0,0.0,
GER-Bundesliga,1819,2018-12-01 Hannover 96-Hertha Berlin,Hertha Berlin,Rune Jarstein,False,Goalkeeper,,start,end,1.0,0.0,0.0,0.0,0.0,0.0,0.0,0.0,2.0,0.0,0.0,0.0,0.0,0.0,
GER-Bundesliga,1819,2018-12-01 TSG Hoffenheim-Schalke 04,Schalke 04,Ralf Fährmann,False,Goalkeeper,1,start,end,1.0,0.0,0.0,0.0,0.0,0.0,0.0,1.0,6.0,0.0,0.0,0.0,0.0,0.0,
GER-Bundesliga,1819,2018-12-01 TSG Hoffenheim-Schalke 04,Schalke 04,Ralf Fährmann,False,Goalkeeper,,start,end,1.0,0.0,0.0,0.0,0.0,0.0,0.0,1.0,6.0,0.0,0.0,0.0,0.0,0.0,
GER-Bundesliga,1819,2018-12-01 TSG Hoffenheim-Schalke 04,TSG Hoffenheim,Oliver Baumann,True,Goalkeeper,1,start,end,1.0,0.0,0.0,0.0,0.0,0.0,0.0,1.0,4.0,0.0,0.0,0.0,0.0,0.0,
GER-Bundesliga,1819,2018-12-01 VfB Stuttgart-FC Augsburg,FC Augsburg,Andreas Luthe,False,Goalkeeper,1,start,end,1.0,0.0,0.0,0.0,0.0,0.0,0.0,1.0,2.0,0.0,0.0,0.0,0.0,0.0,
GER-Bundesliga,1819,2018-12-01 VfB Stuttgart-FC Augsburg,FC Augsburg,Andreas Luthe,False,Goalkeeper,,start,end,1.0,0.0,0.0,0.0,0.0,0.0,0.0,1.0,2.0,0.0,0.0,0.0,0.0,0.0,
GER-Bundesliga,1819,2018-12-01 VfB Stuttgart-FC Augsburg,VfB Stuttgart,Ron-Robert Zieler,True,Goalkeeper,1,start,end,1.0,0.0,0.0,0.0,0.0,0.0,1.0,0.0,4.0,0.0,0.0,0.0,0.0,0.0,
GER-Bundesliga,1819,2018-12-01 VfB Stuttgart-FC Augsburg,VfB Stuttgart,Ron-Robert Zieler,True,Goalkeeper,,start,end,1.0,0.0,0.0,0.0,0.0,0.0,1.0,0.0,4.0,0.0,0.0,0.0,0.0,0.0,
GER-Bundesliga,1819,2018-12-01 Werder Bremen-Bayern Munich,Bayern Munich,Manuel Neuer,False,Goalkeeper,1,start,end,1.0,0.0,0.0,0.0,0.0,0.0,0.0,1.0,2.0,0.0,0.0,0.0,0.0,0.0,
GER-Bundesliga,1819,2018-12-01 Werder Bremen-Bayern Munich,Werder Bremen,Jirí Pavlenka,True,Goalkeeper,1,start,end,1.0,0.0,0.0,0.0,0.0,0.0,0.0,2.0,3.0,0.0,0.0,0.0,0.0,0.0,
GER-Bundesliga,1819,2018-12-02 Eintracht Frankfurt-VfL Wolfsburg,Eintracht Frankfurt,Kevin Trapp,True,Goalkeeper,1,start,end,1.0,0.0,0.0,0.0,0.0,0.0,1.0,2.0,1.0,0.0,0.0,0.0,0.0,0.0,
GER-Bundesliga,1819,2018-12-02 Eintracht Frankfurt-VfL Wolfsburg,Eintracht Frankfurt,Kevin Trapp,True,Goalkeeper,,start,end,1.0,0.0,0.0,0.0,0.0,0.0,1.0,2.0,1.0,0.0,0.0,0.0,0.0,0.0,
GER-Bundesliga,1819,2018-12-02 Eintracht Frankfurt-VfL Wolfsburg,VfL Wolfsburg,Koen Casteels,False,Goalkeeper,1,start,end,1.0,0.0,1.0,0.0,0.0,0.0,0.0,1.0,1.0,0.0,0.0,0.0,0.0,0.0,
GER-Bundesliga,1819,2018-12-02 RB Leipzig-Borussia Mönchengladbach,Borussia Mönchengladbach,Yann Sommer,False,Goalkeeper,1,start,end,1.0,0.0,0.0,0.0,0.0,0.0,0.0,2.0,4.0,0.0,0.0,0.0,0.0,0.0,
GER-Bundesliga,1819,2018-12-02 RB Leipzig-Borussia Mönchengladbach,Borussia Mönchengladbach,Yann Sommer,False,Goalkeeper,,start,end,1.0,0.0,0.0,0.0,0.0,0.0,0.0,2.0,4.0,0.0,0.0,0.0,0.0,0.0,
GER-Bundesliga,1819,2018-12-02 RB Leipzig-Borussia Mönchengladbach,RB Leipzig,Péter Gulácsi,True,Goalkeeper,1,start,end,1.0,0.0,0.0,0.0,0.0,0.0,0.0,0.0,4.0,0.0,0.0,0.0,0.0,0.0,
GER-Bundesliga,1819,2018-12-02 RB Leipzig-Borussia Mönchengladbach,RB Leipzig,Péter Gulácsi,True,Goalkeeper,,start,end,1.0,0.0,0.0,0.0,0.0,0.0,0.0,0.0,4.0,0.0,0.0,0.0,0.0,0.0,
GER-Bundesliga,1819,2018-12-03 1. FC Nürnberg-Bayer Leverkusen,1. FC Nürnberg,Fabian Bredlow,True,Goalkeeper,1,start,end,1.0,0.0,1.0,0.0,0.0,0.0,0.0,1.0,5.0,0.0,0.0,0.0,0.0,0.0,
GER-Bundesliga,1819,2018-12-03 1. FC Nürnberg-Bayer Leverkusen,1. FC Nürnberg,Fabian Bredlow,True,Goalkeeper,,start,end,1.0,0.0,1.0,0.0,0.0,0.0,0.0,1.0,5.0,0.0,0.0,0.0,0.0,0.0,
GER-Bundesliga,1819,2018-12-03 1. FC Nürnberg-Bayer Leverkusen,Bayer Leverkusen,Lukas Hradecky,False,Goalkeeper,1,start,end,1.0,0.0,0.0,0.0,0.0,0.0,0.0,1.0,3.0,0.0,0.0,0.0,0.0,0.0,
GER-Bundesliga,1819,2018-12-03 1. FC Nürnberg-Bayer Leverkusen,Bayer Leverkusen,Lukas Hradecky,False,Goalkeeper,,start,end,1.0,0.0,0.0,0.0,0.0,0.0,0.0,1.0,3.0,0.0,0.0,0.0,0.0,0.0,
GER-Bundesliga,1819,2018-12-07 Werder Bremen-Fortuna Düsseldorf,Fortuna Düsseldorf,Michael Rensing,False,Goalkeeper,1,start,end,1.0,0.0,0.0,0.0,0.0,0.0,0.0,3.0,6.0,0.0,0.0,0.0,0.0,0.0,
GER-Bundesliga,1819,2018-12-07 Werder Bremen-Fortuna Düsseldorf,Werder Bremen,Jirí Pavlenka,True,Goalkeeper,1,start,end,1.0,0.0,1.0,0.0,0.0,0.0,0.0,1.0,2.0,0.0,0.0,0.0,0.0,0.0,
GER-Bundesliga,1819,2018-12-08 Bayer Leverkusen-FC Augsburg,Bayer Leverkusen,Lukas Hradecky,True,Goalkeeper,1,start,end,1.0,0.0,2.0,0.0,0.0,0.0,0.0,0.0,1.0,0.0,0.0,0.0,0.0,0.0,
GER-Bundesliga,1819,2018-12-08 Bayer Leverkusen-FC Augsburg,FC Augsburg,Andreas Luthe,False,Goalkeeper,1,start,end,1.0,0.0,1.0,0.0,0.0,0.0,0.0,1.0,6.0,0.0,0.0,0.0,0.0,0.0,
GER-Bundesliga,1819,2018-12-08 Bayern Munich-1. FC Nürnberg,1. FC Nürnberg,Fabian Bredlow,False,Goalkeeper,1,start,end,1.0,0.0,1.0,0.0,0.0,0.0,0.0,3.0,6.0,0.0,0.0,0.0,0.0,0.0,
GER-Bundesliga,1819,2018-12-08 Bayern Munich-1. FC Nürnberg,Bayern Munich,Manuel Neuer,True,Goalkeeper,1,start,end,1.0,0.0,1.0,0.0,0.0,0.0,0.0,0.0,1.0,0.0,0.0,0.0,0.0,0.0,
GER-Bundesliga,1819,2018-12-08 Hertha Berlin-Eintracht Frankfurt,Eintracht Frankfurt,Kevin Trapp,False,Goalkeeper,1,start,end,1.0,0.0,0.0,0.0,0.0,0.0,0.0,1.0,3.0,0.0,0.0,0.0,0.0,0.0,
GER-Bundesliga,1819,2018-12-08 Hertha Berlin-Eintracht Frankfurt,Hertha Berlin,Rune Jarstein,True,Goalkeeper,1,start,end,1.0,0.0,1.0,0.0,0.0,0.0,0.0,0.0,4.0,0.0,0.0,0.0,0.0,0.0,
GER-Bundesliga,1819,2018-12-08 SC Freiburg-RB Leipzig,RB Leipzig,Péter Gulácsi,False,Goalkeeper,1,start,end,1.0,0.0,0.0,0.0,0.0,0.0,0.0,3.0,6.0,0.0,0.0,0.0,0.0,0.0,
GER-Bundesliga,1819,2018-12-08 SC Freiburg-RB Leipzig,SC Freiburg,Alexander Schwolow,True,Goalkeeper,1,start,end,1.0,0.0,0.0,0.0,0.0,0.0,0.0,0.0,4.0,0.0,0.0,0.0,0.0,0.0,
GER-Bundesliga,1819,2018-12-08 Schalke 04-Borussia Dortmund,Borussia Dortmund,Roman Bürki,False,Goalkeeper,1,start,end,1.0,0.0,0.0,0.0,0.0,0.0,0.0,1.0,2.0,0.0,0.0,0.0,0.0,0.0,
GER-Bundesliga,1819,2018-12-08 Schalke 04-Borussia Dortmund,Schalke 04,Ralf Fährmann,True,Goalkeeper,1,start,end,1.0,0.0,0.0,0.0,0.0,0.0,0.0,2.0,1.0,0.0,0.0,0.0,0.0,0.0,
GER-Bundesliga,1819,2018-12-08 VfL Wolfsburg-TSG Hoffenheim,TSG Hoffenheim,Oliver Baumann,False,Goalkeeper,1,start,end,1.0,0.0,0.0,0.0,0.0,0.0,0.0,2.0,2.0,0.0,0.0,0.0,0.0,0.0,
GER-Bundesliga,1819,2018-12-08 VfL Wolfsburg-TSG Hoffenheim,VfL Wolfsburg,Koen Casteels,True,Goalkeeper,1,start,end,1.0,0.0,0.0,0.0,0.0,0.0,0.0,2.0,4.0,0.0,0.0,0.0,0.0,0.0,
GER-Bundesliga,1819,2018-12-09 Borussia Mönchengladbach-VfB Stuttgart,Borussia Mönchengladbach,Yann Sommer,True,Goalkeeper,1,start,end,1.0,0.0,0.0,0.0,0.0,0.0,0.0,0.0,2.0,0.0,0.0,0.0,0.0,0.0,
GER-Bundesliga,1819,2018-12-09 Borussia Mönchengladbach-VfB Stuttgart,VfB Stuttgart,Ron-Robert Zieler,False,Goalkeeper,1,start,end,1.0,0.0,0.0,0.0,0.0,0.0,0.0,3.0,5.0,0.0,0.0,0.0,0.0,0.0,
GER-Bundesliga,1819,2018-12-09 Mainz-Hannover 96,Hannover 96,Michael Esser,False,Goalkeeper,1,start,end,1.0,0.0,0.0,0.0,0.0,0.0,0.0,1.0,4.0,0.0,0.0,0.0,0.0,0.0,
GER-Bundesliga,1819,2018-12-09 Mainz-Hannover 96,Mainz,Robin Zentner,True,Goalkeeper,1,start,end,1.0,0.0,0.0,0.0,0.0,0.0,0.0,1.0,2.0,0.0,0.0,0.0,0.0,0.0,
GER-Bundesliga,1819,2018-12-14 1. FC Nürnberg-VfL Wolfsburg,1. FC Nürnberg,Fabian Bredlow,True,Goalkeeper,1,start,end,1.0,0.0,0.0,0.0,0.0,0.0,0.0,2.0,2.0,0.0,0.0,0.0,0.0,0.0,
GER-Bundesliga,1819,2018-12-14 1. FC Nürnberg-VfL Wolfsburg,VfL Wolfsburg,Koen Casteels,False,Goalkeeper,1,start,end,1.0,0.0,0.0,0.0,0.0,0.0,0.0,0.0,0.0,0.0,0.0,0.0,0.0,0.0,
GER-Bundesliga,1819,2018-12-15 Borussia Dortmund-Werder Bremen,Borussia Dortmund,Roman Bürki,True,Goalkeeper,1,start,end,1.0,0.0,0.0,0.0,0.0,0.0,0.0,1.0,4.0,0.0,0.0,0.0,0.0,0.0,
GER-Bundesliga,1819,2018-12-15 Borussia Dortmund-Werder Bremen,Werder Bremen,Jirí Pavlenka,False,Goalkeeper,1,start,end,1.0,0.0,0.0,0.0,0.0,0.0,0.0,2.0,6.0,0.0,0.0,0.0,0.0,0.0,
GER-Bundesliga,1819,2018-12-15 FC Augsburg-Schalke 04,FC Augsburg,Andreas Luthe,True,Goalkeeper,1,start,end,1.0,0.0,0.0,0.0,0.0,0.0,0.0,1.0,4.0,0.0,0.0,0.0,0.0,0.0,
GER-Bundesliga,1819,2018-12-15 FC Augsburg-Schalke 04,Schalke 04,Ralf Fährmann,False,Goalkeeper,1,start,end,1.0,0.0,0.0,0.0,0.0,0.0,0.0,1.0,8.0,0.0,0.0,0.0,0.0,0.0,
GER-Bundesliga,1819,2018-12-15 Fortuna Düsseldorf-SC Freiburg,Fortuna Düsseldorf,Michael Rensing,True,Goalkeeper,1,start,end,1.0,0.0,0.0,0.0,0.0,0.0,0.0,0.0,2.0,0.0,0.0,0.0,0.0,0.0,
GER-Bundesliga,1819,2018-12-15 Fortuna Düsseldorf-SC Freiburg,SC Freiburg,Alexander Schwolow,False,Goalkeeper,1,start,end,1.0,0.0,0.0,0.0,0.0,0.0,0.0,2.0,7.0,0.0,0.0,0.0,0.0,0.0,
GER-Bundesliga,1819,2018-12-15 Hannover 96-Bayern Munich,Bayern Munich,Manuel Neuer,False,Goalkeeper,1,start,end,1.0,0.0,0.0,0.0,0.0,0.0,0.0,0.0,0.0,0.0,0.0,0.0,0.0,0.0,
GER-Bundesliga,1819,2018-12-15 Hannover 96-Bayern Munich,Hannover 96,Michael Esser,True,Goalkeeper,1,start,end,1.0,0.0,0.0,0.0,0.0,0.0,0.0,4.0,10.0,0.0,0.0,0.0,0.0,0.0,
GER-Bundesliga,1819,2018-12-15 TSG Hoffenheim-Borussia Mönchengladbach,Borussia Mönchengladbach,Yann Sommer,False,Goalkeeper,1,start,end,1.0,0.0,0.0,0.0,0.0,0.0,0.0,0.0,6.0,0.0,0.0,0.0,0.0,0.0,
GER-Bundesliga,1819,2018-12-15 TSG Hoffenheim-Borussia Mönchengladbach,TSG Hoffenheim,Oliver Baumann,True,Goalkeeper,1,start,end,1.0,0.0,0.0,0.0,0.0,0.0,0.0,0.0,1.0,0.0,0.0,0.0,0.0,0.0,
GER-Bundesliga,1819,2018-12-15 VfB Stuttgart-Hertha Berlin,Hertha Berlin,Rune Jarstein,False,Goalkeeper,1,start,end,1.0,0.0,0.0,0.0,0.0,0.0,0.0,2.0,2.0,0.0,0.0,0.0,0.0,0.0,
GER-Bundesliga,1819,2018-12-15 VfB Stuttgart-Hertha Berlin,VfB Stuttgart,Ron-Robert Zieler,True,Goalkeeper,1,start,end,1.0,0.0,0.0,0.0,0.0,0.0,0.0,1.0,2.0,0.0,0.0,0.0,0.0,0.0,
GER-Bundesliga,1819,2018-12-16 Eintracht Frankfurt-Bayer Leverkusen,Bayer Leverkusen,Lukas Hradecky,False,Goalkeeper,1,start,end,1.0,0.0,1.0,0.0,0.0,0.0,0.0,2.0,5.0,0.0,0.0,0.0,0.0,0.0,
GER-Bundesliga,1819,2018-12-16 Eintracht Frankfurt-Bayer Leverkusen,Eintracht Frankfurt,Kevin Trapp,True,Goalkeeper,1,start,end,1.0,0.0,0.0,0.0,0.0,0.0,0.0,1.0,4.0,0.0,0.0,0.0,0.0,0.0,
GER-Bundesliga,1819,2018-12-16 RB Leipzig-Mainz,Mainz,Robin Zentner,False,Goalkeeper,1,start,end,1.0,0.0,0.0,0.0,0.0,0.0,1.0,4.0,4.0,0.0,0.0,0.0,0.0,0.0,
GER-Bundesliga,1819,2018-12-16 RB Leipzig-Mainz,RB Leipzig,Péter Gulácsi,True,Goalkeeper,1,start,end,1.0,0.0,0.0,0.0,0.0,0.0,0.0,1.0,4.0,0.0,0.0,0.0,0.0,0.0,
GER-Bundesliga,1819,2018-12-18 Borussia Mönchengladbach-1. FC Nürnberg,1. FC Nürnberg,Fabian Bredlow,False,Goalkeeper,1,start,end,1.0,0.0,0.0,0.0,0.0,0.0,0.0,2.0,4.0,0.0,0.0,0.0,0.0,0.0,
GER-Bundesliga,1819,2018-12-18 Borussia Mönchengladbach-1. FC Nürnberg,Borussia Mönchengladbach,Yann Sommer,True,Goalkeeper,1,start,end,1.0,0.0,0.0,0.0,0.0,0.0,0.0,0.0,2.0,0.0,0.0,0.0,0.0,0.0,
GER-Bundesliga,1819,2018-12-18 Fortuna Düsseldorf-Borussia Dortmund,Borussia Dortmund,Roman Bürki,False,Goalkeeper,1,start,end,1.0,0.0,0.0,0.0,0.0,0.0,0.0,2.0,1.0,0.0,0.0,0.0,0.0,0.0,
GER-Bundesliga,1819,2018-12-18 Fortuna Düsseldorf-Borussia Dortmund,Fortuna Düsseldorf,Michael Rensing,True,Goalkeeper,1,start,end,1.0,0.0,0.0,0.0,0.0,0.0,0.0,1.0,2.0,0.0,0.0,0.0,0.0,0.0,
GER-Bundesliga,1819,2018-12-18 Hertha Berlin-FC Augsburg,FC Augsburg,Andreas Luthe,False,Goalkeeper,1,start,end,1.0,0.0,0.0,0.0,0.0,0.0,0.0,2.0,5.0,0.0,0.0,0.0,0.0,0.0,
GER-Bundesliga,1819,2018-12-18 Hertha Berlin-FC Augsburg,Hertha Berlin,Rune Jarstein,True,Goalkeeper,1,start,end,1.0,0.0,0.0,0.0,0.0,0.0,0.0,2.0,0.0,0.0,0.0,0.0,0.0,0.0,
GER-Bundesliga,1819,2018-12-18 VfL Wolfsburg-VfB Stuttgart,VfB Stuttgart,Ron-Robert Zieler,False,Goalkeeper,1,start,end,1.0,0.0,0.0,0.0,0.0,0.0,0.0,2.0,3.0,0.0,0.0,0.0,0.0,0.0,
GER-Bundesliga,1819,2018-12-18 VfL Wolfsburg-VfB Stuttgart,VfL Wolfsburg,Koen Casteels,True,Goalkeeper,1,start,end,1.0,0.0,0.0,0.0,0.0,0.0,0.0,0.0,1.0,0.0,0.0,0.0,0.0,0.0,
GER-Bundesliga,1819,2018-12-19 Bayern Munich-RB Leipzig,Bayern Munich,Manuel Neuer,True,Goalkeeper,1,start,end,1.0,0.0,0.0,0.0,0.0,0.0,0.0,0.0,2.0,0.0,0.0,0.0,0.0,0.0,
GER-Bundesliga,1819,2018-12-19 Bayern Munich-RB Leipzig,RB Leipzig,Péter Gulácsi,False,Goalkeeper,1,start,end,1.0,0.0,0.0,0.0,0.0,0.0,0.0,1.0,3.0,0.0,0.0,0.0,0.0,0.0,
GER-Bundesliga,1819,2018-12-19 Mainz-Eintracht Frankfurt,Eintracht Frankfurt,Kevin Trapp,False,Goalkeeper,1,start,end,1.0,0.0,1.0,0.0,0.0,0.0,0.0,2.0,3.0,0.0,0.0,0.0,0.0,0.0,
GER-Bundesliga,1819,2018-12-19 Mainz-Eintracht Frankfurt,Mainz,Robin Zentner,True,Goalkeeper,1,start,end,1.0,0.0,0.0,0.0,0.0,0.0,0.0,2.0,2.0,0.0,0.0,0.0,0.0,0.0,
GER-Bundesliga,1819,2018-12-19 SC Freiburg-Hannover 96,Hannover 96,Michael Esser,False,Goalkeeper,1,start,end,1.0,0.0,0.0,0.0,0.0,0.0,0.0,1.0,6.0,0.0,0.0,0.0,0.0,0.0,
GER-Bundesliga,1819,2018-12-19 SC Freiburg-Hannover 96,SC Freiburg,Alexander Schwolow,True,Goalkeeper,1,start,end,1.0,0.0,0.0,0.0,0.0,0.0,0.0,1.0,2.0,0.0,0.0,0.0,0.0,0.0,
GER-Bundesliga,1819,2018-12-19 Schalke 04-Bayer Leverkusen,Bayer Leverkusen,Lukas Hradecky,False,Goalkeeper,1,start,end,1.0,0.0,0.0,0.0,0.0,0.0,1.0,1.0,3.0,0.0,0.0,0.0,0.0,0.0,
GER-Bundesliga,1819,2018-12-19 Schalke 04-Bayer Leverkusen,Schalke 04,Ralf Fährmann,True,Goalkeeper,1,start,end,1.0,0.0,0.0,0.0,0.0,0.0,0.0,2.0,3.0,0.0,0.0,0.0,0.0,0.0,
GER-Bundesliga,1819,2018-12-19 Werder Bremen-TSG Hoffenheim,TSG Hoffenheim,Oliver Baumann,False,Goalkeeper,1,start,end,1.0,0.0,0.0,0.0,0.0,0.0,0.0,1.0,4.0,0.0,0.0,0.0,0.0,0.0,
GER-Bundesliga,1819,2018-12-19 Werder Bremen-TSG Hoffenheim,Werder Bremen,Jirí Pavlenka,True,Goalkeeper,1,start,end,1.0,0.0,0.0,0.0,0.0,0.0,0.0,1.0,3.0,0.0,0.0,0.0,0.0,0.0,
GER-Bundesliga,1819,2018-12-21 Borussia Dortmund-Borussia Mönchengladbach,Borussia Dortmund,Roman Bürki,True,Goalkeeper,1,start,end,1.0,0.0,0.0,0.0,0.0,0.0,0.0,1.0,1.0,0.0,0.0,0.0,0.0,0.0,
GER-Bundesliga,1819,2018-12-21 Borussia Dortmund-Borussia Mönchengladbach,Borussia Mönchengladbach,Yann Sommer,False,Goalkeeper,1,start,end,1.0,0.0,0.0,0.0,0.0,0.0,0.0,2.0,2.0,0.0,0.0,0.0,0.0,0.0,
GER-Bundesliga,1819,2018-12-22 1. FC Nürnberg-SC Freiburg,1. FC Nürnberg,Fabian Bredlow,True,Goalkeeper,1,start,end,1.0,0.0,0.0,0.0,0.0,0.0,0.0,1.0,2.0,0.0,0.0,0.0,0.0,0.0,
GER-Bundesliga,1819,2018-12-22 1. FC Nürnberg-SC Freiburg,SC Freiburg,Alexander Schwolow,False,Goalkeeper,1,start,end,1.0,0.0,0.0,0.0,0.0,0.0,0.0,0.0,3.0,0.0,0.0,0.0,0.0,0.0,
GER-Bundesliga,1819,2018-12-22 Bayer Leverkusen-Hertha Berlin,Bayer Leverkusen,Lukas Hradecky,True,Goalkeeper,1,start,end,1.0,0.0,0.0,0.0,0.0,0.0,0.0,1.0,6.0,0.0,0.0,0.0,0.0,0.0,
GER-Bundesliga,1819,2018-12-22 Bayer Leverkusen-Hertha Berlin,Hertha Berlin,Rune Jarstein,False,Goalkeeper,1,start,end,1.0,0.0,0.0,0.0,0.0,0.0,0.0,3.0,3.0,0.0,0.0,0.0,0.0,0.0,
GER-Bundesliga,1819,2018-12-22 Eintracht Frankfurt-Bayern Munich,Bayern Munich,Manuel Neuer,False,Goalkeeper,1,start,end,1.0,0.0,0.0,0.0,0.0,0.0,0.0,0.0,3.0,0.0,0.0,0.0,0.0,0.0,
GER-Bundesliga,1819,2018-12-22 Eintracht Frankfurt-Bayern Munich,Eintracht Frankfurt,Kevin Trapp,True,Goalkeeper,1,start,end,1.0,0.0,1.0,0.0,0.0,0.0,0.0,3.0,4.0,0.0,0.0,0.0,0.0,0.0,
GER-Bundesliga,1819,2018-12-22 Hannover 96-Fortuna Düsseldorf,Fortuna Düsseldorf,Michael Rensing,False,Goalkeeper,1,start,end,1.0,0.0,1.0,0.0,0.0,0.0,0.0,0.0,3.0,0.0,0.0,0.0,0.0,0.0,
GER-Bundesliga,1819,2018-12-22 Hannover 96-Fortuna Düsseldorf,Hannover 96,Michael Esser,True,Goalkeeper,1,start,end,1.0,0.0,0.0,0.0,0.0,0.0,0.0,1.0,5.0,0.0,0.0,0.0,0.0,0.0,
GER-Bundesliga,1819,2018-12-22 RB Leipzig-Werder Bremen,RB Leipzig,Péter Gulácsi,True,Goalkeeper,1,start,end,1.0,0.0,1.0,0.0,0.0,0.0,0.0,2.0,5.0,0.0,0.0,0.0,0.0,0.0,
GER-Bundesliga,1819,2018-12-22 RB Leipzig-Werder Bremen,Werder Bremen,Jirí Pavlenka,False,Goalkeeper,1,start,end,1.0,0.0,0.0,0.0,0.0,0.0,0.0,3.0,2.0,0.0,0.0,0.0,0.0,0.0,
GER-Bundesliga,1819,2018-12-22 VfB Stuttgart-Schalke 04,Schalke 04,Ralf Fährmann,False,Goalkeeper,1,start,end,1.0,0.0,0.0,0.0,0.0,0.0,0.0,1.0,4.0,0.0,0.0,0.0,0.0,0.0,
GER-Bundesliga,1819,2018-12-22 VfB Stuttgart-Schalke 04,VfB Stuttgart,Ron-Robert Zieler,True,Goalkeeper,1,start,end,1.0,0.0,0.0,0.0,0.0,0.0,1.0,3.0,3.0,0.0,0.0,0.0,0.0,0.0,
GER-Bundesliga,1819,2018-12-23 FC Augsburg-VfL Wolfsburg,FC Augsburg,Andreas Luthe,True,Goalkeeper,1,start,end,1.0,0.0,0.0,0.0,0.0,0.0,0.0,3.0,2.0,0.0,0.0,0.0,0.0,0.0,
GER-Bundesliga,1819,2018-12-23 FC Augsburg-VfL Wolfsburg,VfL Wolfsburg,Koen Casteels,False,Goalkeeper,1,start,end,1.0,0.0,0.0,0.0,0.0,0.0,0.0,2.0,2.0,0.0,0.0,0.0,0.0,0.0,
GER-Bundesliga,1819,2018-12-23 TSG Hoffenheim-Mainz,Mainz,Robin Zentner,False,Goalkeeper,1,start,end,1.0,0.0,0.0,0.0,0.0,0.0,0.0,1.0,5.0,0.0,0.0,0.0,0.0,0.0,
GER-Bundesliga,1819,2018-12-23 TSG Hoffenheim-Mainz,TSG Hoffenheim,Oliver Baumann,True,Goalkeeper,1,start,end,1.0,0.0,0.0,0.0,0.0,0.0,0.0,1.0,4.0,0.0,0.0,0.0,0.0,0.0,
GER-Bundesliga,1819,2019-01-18 TSG Hoffenheim-Bayern Munich,Bayern Munich,Manuel Neuer,False,Goalkeeper,1,start,end,1.0,0.0,0.0,0.0,0.0,0.0,0.0,1.0,4.0,0.0,0.0,0.0,0.0,0.0,
GER-Bundesliga,1819,2019-01-18 TSG Hoffenheim-Bayern Munich,TSG Hoffenheim,Oliver Baumann,True,Goalkeeper,1,start,end,1.0,0.0,0.0,0.0,0.0,0.0,0.0,3.0,6.0,0.0,0.0,0.0,0.0,0.0,
GER-Bundesliga,1819,2019-01-19 Bayer Leverkusen-Borussia Mönchengladbach,Bayer Leverkusen,Lukas Hradecky,True,Goalkeeper,1,start,end,1.0,0.0,0.0,0.0,0.0,0.0,0.0,1.0,2.0,0.0,0.0,0.0,0.0,0.0,
GER-Bundesliga,1819,2019-01-19 Bayer Leverkusen-Borussia Mönchengladbach,Borussia Mönchengladbach,Yann Sommer,False,Goalkeeper,1,start,end,1.0,0.0,1.0,0.0,0.0,0.0,0.0,0.0,10.0,0.0,0.0,0.0,0.0,0.0,
GER-Bundesliga,1819,2019-01-19 Eintracht Frankfurt-SC Freiburg,Eintracht Frankfurt,Kevin Trapp,True,Goalkeeper,1,start,end,1.0,0.0,0.0,0.0,0.0,0.0,0.0,1.0,6.0,0.0,0.0,0.0,0.0,0.0,
GER-Bundesliga,1819,2019-01-19 Eintracht Frankfurt-SC Freiburg,SC Freiburg,Alexander Schwolow,False,Goalkeeper,1,start,end,1.0,0.0,1.0,0.0,0.0,0.0,0.0,3.0,1.0,0.0,0.0,0.0,0.0,0.0,
GER-Bundesliga,1819,2019-01-19 FC Augsburg-Fortuna Düsseldorf,FC Augsburg,Gregor Kobel,True,Goalkeeper,1,start,end,1.0,0.0,0.0,0.0,0.0,0.0,0.0,2.0,1.0,0.0,0.0,0.0,0.0,0.0,
GER-Bundesliga,1819,2019-01-19 FC Augsburg-Fortuna Düsseldorf,Fortuna Düsseldorf,Michael Rensing,False,Goalkeeper,1,start,end,1.0,0.0,0.0,0.0,0.0,0.0,0.0,1.0,4.0,0.0,0.0,0.0,0.0,0.0,
GER-Bundesliga,1819,2019-01-19 Hannover 96-Werder Bremen,Hannover 96,Michael Esser,True,Goalkeeper,1,start,end,1.0,0.0,0.0,0.0,0.0,0.0,0.0,1.0,12.0,0.0,0.0,0.0,0.0,0.0,
GER-Bundesliga,1819,2019-01-19 Hannover 96-Werder Bremen,Werder Bremen,Jirí Pavlenka,False,Goalkeeper,1,start,end,1.0,0.0,0.0,0.0,0.0,0.0,0.0,0.0,0.0,0.0,0.0,0.0,0.0,0.0,
GER-Bundesliga,1819,2019-01-19 RB Leipzig-Borussia Dortmund,Borussia Dortmund,Roman Bürki,False,Goalkeeper,1,start,end,1.0,0.0,0.0,0.0,0.0,0.0,1.0,0.0,5.0,0.0,0.0,0.0,0.0,0.0,
GER-Bundesliga,1819,2019-01-19 RB Leipzig-Borussia Dortmund,RB Leipzig,Péter Gulácsi,True,Goalkeeper,1,start,end,1.0,0.0,0.0,0.0,0.0,0.0,0.0,1.0,3.0,0.0,0.0,0.0,0.0,0.0,
GER-Bundesliga,1819,2019-01-19 VfB Stuttgart-Mainz,Mainz,Florian Müller,False,Goalkeeper,1,start,end,1.0,0.0,0.0,0.0,0.0,0.0,0.0,2.0,6.0,0.0,0.0,0.0,0.0,0.0,
GER-Bundesliga,1819,2019-01-19 VfB Stuttgart-Mainz,VfB Stuttgart,Ron-Robert Zieler,True,Goalkeeper,1,start,end,1.0,0.0,0.0,0.0,0.0,0.0,0.0,3.0,2.0,0.0,0.0,0.0,0.0,0.0,
GER-Bundesliga,1819,2019-01-20 1. FC Nürnberg-Hertha Berlin,1. FC Nürnberg,Christian Mathenia,True,Goalkeeper,1,start,end,1.0,0.0,0.0,0.0,0.0,0.0,0.0,3.0,5.0,0.0,0.0,0.0,0.0,0.0,
GER-Bundesliga,1819,2019-01-20 1. FC Nürnberg-Hertha Berlin,Hertha Berlin,Rune Jarstein,False,Goalkeeper,1,start,end,1.0,0.0,0.0,0.0,0.0,0.0,0.0,1.0,2.0,0.0,0.0,0.0,0.0,0.0,
GER-Bundesliga,1819,2019-01-20 Schalke 04-VfL Wolfsburg,Schalke 04,Alexander Nübel,True,Goalkeeper,1,start,end,1.0,0.0,0.0,0.0,0.0,0.0,0.0,1.0,4.0,0.0,0.0,0.0,0.0,0.0,
GER-Bundesliga,1819,2019-01-20 Schalke 04-VfL Wolfsburg,VfL Wolfsburg,Koen Casteels,False,Goalkeeper,1,start,end,1.0,0.0,0.0,0.0,0.0,0.0,0.0,2.0,3.0,0.0,0.0,0.0,0.0,0.0,
GER-Bundesliga,1819,2019-01-25 Hertha Berlin-Schalke 04,Hertha Berlin,Rune Jarstein,True,Goalkeeper,1,start,end,1.0,0.0,0.0,0.0,0.0,0.0,0.0,2.0,4.0,0.0,0.0,0.0,0.0,0.0,
GER-Bundesliga,1819,2019-01-25 Hertha Berlin-Schalke 04,Schalke 04,Alexander Nübel,False,Goalkeeper,1,start,end,1.0,0.0,0.0,0.0,0.0,0.0,0.0,2.0,2.0,0.0,0.0,0.0,0.0,0.0,
GER-Bundesliga,1819,2019-01-26 Borussia Dortmund-Hannover 96,Borussia Dortmund,Roman Bürki,True,Goalkeeper,1,start,end,1.0,0.0,0.0,0.0,0.0,0.0,0.0,1.0,2.0,0.0,0.0,0.0,0.0,0.0,
GER-Bundesliga,1819,2019-01-26 Borussia Dortmund-Hannover 96,Hannover 96,Michael Esser,False,Goalkeeper,1,start,end,1.0,0.0,0.0,0.0,0.0,0.0,0.0,5.0,4.0,0.0,0.0,0.0,0.0,0.0,
GER-Bundesliga,1819,2019-01-26 Borussia Mönchengladbach-FC Augsburg,Borussia Mönchengladbach,Yann Sommer,True,Goalkeeper,1,start,end,1.0,0.0,0.0,0.0,0.0,0.0,1.0,0.0,1.0,0.0,0.0,0.0,0.0,0.0,
GER-Bundesliga,1819,2019-01-26 Borussia Mönchengladbach-FC Augsburg,FC Augsburg,Gregor Kobel,False,Goalkeeper,1,start,end,1.0,0.0,0.0,0.0,0.0,0.0,0.0,2.0,4.0,0.0,0.0,0.0,0.0,0.0,
GER-Bundesliga,1819,2019-01-26 Mainz-1. FC Nürnberg,1. FC Nürnberg,Christian Mathenia,False,Goalkeeper,1,start,end,1.0,0.0,0.0,0.0,0.0,0.0,0.0,2.0,2.0,0.0,0.0,0.0,0.0,0.0,
GER-Bundesliga,1819,2019-01-26 Mainz-1. FC Nürnberg,Mainz,Florian Müller,True,Goalkeeper,1,start,end,1.0,0.0,0.0,0.0,0.0,0.0,0.0,1.0,2.0,0.0,0.0,0.0,0.0,0.0,
GER-Bundesliga,1819,2019-01-26 SC Freiburg-TSG Hoffenheim,SC Freiburg,Alexander Schwolow,True,Goalkeeper,1,start,end,1.0,0.0,0.0,0.0,0.0,0.0,0.0,4.0,7.0,0.0,0.0,0.0,0.0,0.0,
GER-Bundesliga,1819,2019-01-26 SC Freiburg-TSG Hoffenheim,TSG Hoffenheim,Oliver Baumann,False,Goalkeeper,1,start,end,1.0,0.0,1.0,0.0,0.0,0.0,0.0,2.0,6.0,0.0,0.0,0.0,0.0,0.0,
GER-Bundesliga,1819,2019-01-26 VfL Wolfsburg-Bayer Leverkusen,Bayer Leverkusen,Lukas Hradecky,False,Goalkeeper,1,start,end,1.0,0.0,0.0,0.0,0.0,0.0,0.0,0.0,3.0,0.0,0.0,0.0,0.0,0.0,
GER-Bundesliga,1819,2019-01-26 VfL Wolfsburg-Bayer Leverkusen,VfL Wolfsburg,Koen Casteels,True,Goalkeeper,1,start,end,1.0,0.0,0.0,0.0,0.0,0.0,0.0,3.0,11.0,0.0,0.0,0.0,0.0,0.0,
GER-Bundesliga,1819,2019-01-26 Werder Bremen-Eintracht Frankfurt,Eintracht Frankfurt,Kevin Trapp,False,Goalkeeper,1,start,end,1.0,0.0,0.0,0.0,0.0,0.0,0.0,2.0,10.0,0.0,0.0,0.0,0.0,0.0,
GER-Bundesliga,1819,2019-01-26 Werder Bremen-Eintracht Frankfurt,Werder Bremen,Jirí Pavlenka,True,Goalkeeper,1,start,end,1.0,0.0,0.0,0.0,0.0,0.0,0.0,2.0,2.0,0.0,0.0,0.0,0.0,0.0,
GER-Bundesliga,1819,2019-01-27 Bayern Munich-VfB Stuttgart,Bayern Munich,Manuel Neuer,True,Goalkeeper,1,start,end,1.0,0.0,0.0,0.0,0.0,0.0,0.0,1.0,1.0,0.0,0.0,0.0,0.0,0.0,
GER-Bundesliga,1819,2019-01-27 Bayern Munich-VfB Stuttgart,VfB Stuttgart,Ron-Robert Zieler,False,Goalkeeper,1,start,end,1.0,0.0,0.0,0.0,0.0,0.0,0.0,4.0,3.0,0.0,0.0,0.0,0.0,0.0,
GER-Bundesliga,1819,2019-01-27 Fortuna Düsseldorf-RB Leipzig,Fortuna Düsseldorf,Michael Rensing,True,Goalkeeper,1,start,end,1.0,0.0,0.0,0.0,0.0,0.0,0.0,4.0,4.0,0.0,0.0,0.0,0.0,0.0,
GER-Bundesliga,1819,2019-01-27 Fortuna Düsseldorf-RB Leipzig,RB Leipzig,Péter Gulácsi,False,Goalkeeper,1,start,end,1.0,0.0,0.0,0.0,0.0,0.0,0.0,0.0,0.0,0.0,0.0,0.0,0.0,0.0,
GER-Bundesliga,1819,2019-02-01 Hannover 96-RB Leipzig,Hannover 96,Michael Esser,True,Goalkeeper,1,start,end,1.0,0.0,0.0,0.0,0.0,0.0,0.0,3.0,5.0,0.0,0.0,0.0,0.0,0.0,
GER-Bundesliga,1819,2019-02-01 Hannover 96-RB Leipzig,RB Leipzig,Péter Gulácsi,False,Goalkeeper,1,start,45,1.0,0.0,0.0,0.0,0.0,0.0,0.0,0.0,0.0,0.0,0.0,0.0,0.0,0.0,
GER-Bundesliga,1819,2019-02-02 1. FC Nürnberg-Werder Bremen,1. FC Nürnberg,Christian Mathenia,True,Goalkeeper,1,start,end,1.0,0.0,2.0,0.0,0.0,0.0,0.0,1.0,2.0,0.0,0.0,0.0,0.0,0.0,
GER-Bundesliga,1819,2019-02-02 1. FC Nürnberg-Werder Bremen,Werder Bremen,Jirí Pavlenka,False,Goalkeeper,1,start,end,1.0,0.0,0.0,0.0,0.0,0.0,0.0,1.0,1.0,0.0,0.0,0.0,0.0,0.0,
GER-Bundesliga,1819,2019-02-02 Bayer Leverkusen-Bayern Munich,Bayer Leverkusen,Lukas Hradecky,True,Goalkeeper,1,start,end,1.0,0.0,0.0,0.0,0.0,0.0,0.0,1.0,5.0,0.0,0.0,0.0,0.0,0.0,
GER-Bundesliga,1819,2019-02-02 Bayer Leverkusen-Bayern Munich,Bayern Munich,Sven Ulreich,False,Goalkeeper,1,start,end,1.0,0.0,0.0,0.0,0.0,0.0,0.0,3.0,1.0,0.0,0.0,0.0,0.0,0.0,
GER-Bundesliga,1819,2019-02-02 Eintracht Frankfurt-Borussia Dortmund,Borussia Dortmund,Roman Bürki,False,Goalkeeper,1,start,end,1.0,0.0,0.0,0.0,0.0,0.0,0.0,1.0,6.0,0.0,0.0,0.0,0.0,0.0,
GER-Bundesliga,1819,2019-02-02 Eintracht Frankfurt-Borussia Dortmund,Eintracht Frankfurt,Kevin Trapp,True,Goalkeeper,1,start,end,1.0,0.0,0.0,0.0,0.0,0.0,0.0,1.0,3.0,0.0,0.0,0.0,0.0,0.0,
GER-Bundesliga,1819,2019-02-02 Hertha Berlin-VfL Wolfsburg,Hertha Berlin,Rune Jarstein,True,Goalkeeper,1,start,end,1.0,0.0,0.0,0.0,0.0,0.0,0.0,1.0,3.0,0.0,0.0,0.0,0.0,0.0,
GER-Bundesliga,1819,2019-02-02 Hertha Berlin-VfL Wolfsburg,VfL Wolfsburg,Koen Casteels,False,Goalkeeper,1,start,end,1.0,0.0,0.0,0.0,0.0,0.0,0.0,0.0,4.0,0.0,0.0,0.0,0.0,0.0,
GER-Bundesliga,1819,2019-02-02 Schalke 04-Borussia Mönchengladbach,Borussia Mönchengladbach,Yann Sommer,False,Goalkeeper,1,start,end,1.0,0.0,0.0,0.0,0.0,0.0,0.0,0.0,1.0,0.0,0.0,0.0,0.0,0.0,
GER-Bundesliga,1819,2019-02-02 Schalke 04-Borussia Mönchengladbach,Schalke 04,Alexander Nübel,True,Goalkeeper,1,start,end,1.0,1.0,0.0,0.0,1.0,0.0,0.0,0.0,5.0,0.0,0.0,0.0,0.0,0.0,
GER-Bundesliga,1819,2019-02-02 TSG Hoffenheim-Fortuna Düsseldorf,Fortuna Düsseldorf,Michael Rensing,False,Goalkeeper,1,start,end,1.0,0.0,0.0,0.0,0.0,0.0,1.0,1.0,3.0,0.0,0.0,0.0,0.0,0.0,
GER-Bundesliga,1819,2019-02-02 TSG Hoffenheim-Fortuna Düsseldorf,TSG Hoffenheim,Oliver Baumann,True,Goalkeeper,1,start,end,1.0,0.0,0.0,0.0,0.0,0.0,0.0,1.0,4.0,0.0,0.0,0.0,0.0,0.0,
GER-Bundesliga,1819,2019-02-03 FC Augsburg-Mainz,FC Augsburg,Gregor Kobel,True,Goalkeeper,1,start,end,1.0,0.0,0.0,0.0,0.0,0.0,0.0,0.0,0.0,0.0,0.0,0.0,0.0,0.0,
GER-Bundesliga,1819,2019-02-03 FC Augsburg-Mainz,Mainz,Florian Müller,False,Goalkeeper,1,start,end,1.0,0.0,0.0,0.0,0.0,0.0,0.0,3.0,5.0,0.0,0.0,0.0,0.0,0.0,
GER-Bundesliga,1819,2019-02-03 VfB Stuttgart-SC Freiburg,SC Freiburg,Alexander Schwolow,False,Goalkeeper,1,start,end,1.0,0.0,0.0,0.0,0.0,0.0,0.0,2.0,3.0,0.0,0.0,0.0,0.0,0.0,
GER-Bundesliga,1819,2019-02-03 VfB Stuttgart-SC Freiburg,VfB Stuttgart,Ron-Robert Zieler,True,Goalkeeper,1,start,end,1.0,0.0,0.0,0.0,0.0,0.0,0.0,2.0,2.0,0.0,0.0,0.0,0.0,0.0,
GER-Bundesliga,1819,2019-02-08 Mainz-Bayer Leverkusen,Bayer Leverkusen,Lukas Hradecky,False,Goalkeeper,1,start,end,1.0,0.0,0.0,0.0,0.0,0.0,0.0,1.0,1.0,0.0,0.0,0.0,0.0,0.0,
GER-Bundesliga,1819,2019-02-08 Mainz-Bayer Leverkusen,Mainz,Florian Müller,True,Goalkeeper,1,start,end,1.0,0.0,0.0,0.0,0.0,0.0,0.0,5.0,2.0,0.0,0.0,0.0,0.0,0.0,
GER-Bundesliga,1819,2019-02-09 Bayern Munich-Schalke 04,Bayern Munich,Sven Ulreich,True,Goalkeeper,1,start,end,1.0,0.0,0.0,0.0,0.0,0.0,0.0,1.0,3.0,0.0,0.0,0.0,0.0,0.0,
GER-Bundesliga,1819,2019-02-09 Bayern Munich-Schalke 04,Schalke 04,Ralf Fährmann,False,Goalkeeper,1,start,end,1.0,0.0,0.0,0.0,0.0,0.0,0.0,3.0,2.0,0.0,0.0,0.0,0.0,0.0,
GER-Bundesliga,1819,2019-02-09 Borussia Dortmund-TSG Hoffenheim,Borussia Dortmund,Roman Bürki,True,Goalkeeper,1,start,end,1.0,0.0,2.0,0.0,0.0,0.0,0.0,3.0,3.0,0.0,0.0,0.0,0.0,0.0,
GER-Bundesliga,1819,2019-02-09 Borussia Dortmund-TSG Hoffenheim,TSG Hoffenheim,Oliver Baumann,False,Goalkeeper,1,start,end,1.0,0.0,0.0,0.0,0.0,0.0,0.0,3.0,4.0,0.0,0.0,0.0,0.0,0.0,
GER-Bundesliga,1819,2019-02-09 Borussia Mönchengladbach-Hertha Berlin,Borussia Mönchengladbach,Yann Sommer,True,Goalkeeper,1,start,end,1.0,0.0,0.0,0.0,0.0,0.0,0.0,3.0,1.0,0.0,0.0,0.0,0.0,0.0,
GER-Bundesliga,1819,2019-02-09 Borussia Mönchengladbach-Hertha Berlin,Hertha Berlin,Rune Jarstein,False,Goalkeeper,1,start,end,1.0,0.0,0.0,0.0,0.0,0.0,0.0,0.0,4.0,0.0,0.0,0.0,0.0,0.0,
GER-Bundesliga,1819,2019-02-09 Hannover 96-1. FC Nürnberg,1. FC Nürnberg,Christian Mathenia,False,Goalkeeper,1,start,end,1.0,0.0,0.0,0.0,0.0,0.0,0.0,2.0,6.0,0.0,0.0,0.0,0.0,0.0,
GER-Bundesliga,1819,2019-02-09 Hannover 96-1. FC Nürnberg,Hannover 96,Michael Esser,True,Goalkeeper,1,start,end,1.0,0.0,0.0,0.0,0.0,0.0,0.0,0.0,1.0,0.0,0.0,0.0,0.0,0.0,
GER-Bundesliga,1819,2019-02-09 RB Leipzig-Eintracht Frankfurt,Eintracht Frankfurt,Kevin Trapp,False,Goalkeeper,1,start,end,1.0,0.0,0.0,0.0,0.0,0.0,0.0,0.0,0.0,0.0,0.0,0.0,0.0,0.0,
GER-Bundesliga,1819,2019-02-09 RB Leipzig-Eintracht Frankfurt,RB Leipzig,Péter Gulácsi,True,Goalkeeper,1,start,end,1.0,0.0,0.0,0.0,0.0,0.0,0.0,0.0,2.0,0.0,0.0,0.0,0.0,0.0,
GER-Bundesliga,1819,2019-02-09 SC Freiburg-VfL Wolfsburg,SC Freiburg,Alexander Schwolow,True,Goalkeeper,1,start,end,1.0,0.0,0.0,0.0,0.0,0.0,0.0,3.0,1.0,0.0,0.0,0.0,0.0,0.0,
GER-Bundesliga,1819,2019-02-09 SC Freiburg-VfL Wolfsburg,VfL Wolfsburg,Koen Casteels,False,Goalkeeper,1,start,end,1.0,0.0,1.0,0.0,0.0,0.0,0.0,3.0,1.0,0.0,0.0,0.0,0.0,0.0,
GER-Bundesliga,1819,2019-02-10 Fortuna Düsseldorf-VfB Stuttgart,Fortuna Düsseldorf,Michael Rensing,True,Goalkeeper,1,start,end,1.0,0.0,0.0,0.0,0.0,0.0,0.0,0.0,2.0,0.0,0.0,0.0,0.0,0.0,
GER-Bundesliga,1819,2019-02-10 Fortuna Düsseldorf-VfB Stuttgart,VfB Stuttgart,Ron-Robert Zieler,False,Goalkeeper,1,start,end,1.0,0.0,0.0,0.0,0.0,0.0,0.0,3.0,3.0,0.0,0.0,0.0,0.0,0.0,
GER-Bundesliga,1819,2019-02-10 Werder Bremen-FC Augsburg,FC Augsburg,Gregor Kobel,False,Goalkeeper,1,start,end,1.0,0.0,0.0,0.0,0.0,0.0,0.0,4.0,1.0,0.0,0.0,0.0,0.0,0.0,
GER-Bundesliga,1819,2019-02-10 Werder Bremen-FC Augsburg,Werder Bremen,Jirí Pavlenka,True,Goalkeeper,1,start,end,1.0,0.0,0.0,0.0,0.0,0.0,0.0,0.0,3.0,0.0,0.0,0.0,0.0,0.0,
GER-Bundesliga,1819,2019-02-15 FC Augsburg-Bayern Munich,Bayern Munich,Manuel Neuer,False,Goalkeeper,1,start,end,1.0,0.0,0.0,0.0,0.0,0.0,0.0,2.0,1.0,0.0,0.0,0.0,0.0,0.0,
GER-Bundesliga,1819,2019-02-15 FC Augsburg-Bayern Munich,FC Augsburg,Gregor Kobel,True,Goalkeeper,1,start,end,1.0,0.0,0.0,0.0,0.0,0.0,0.0,3.0,5.0,0.0,0.0,0.0,0.0,0.0,
GER-Bundesliga,1819,2019-02-16 Hertha Berlin-Werder Bremen,Hertha Berlin,Rune Jarstein,True,Goalkeeper,1,start,end,1.0,0.0,0.0,0.0,0.0,0.0,0.0,1.0,1.0,0.0,0.0,0.0,0.0,0.0,
GER-Bundesliga,1819,2019-02-16 Hertha Berlin-Werder Bremen,Werder Bremen,Jirí Pavlenka,False,Goalkeeper,1,start,end,1.0,0.0,0.0,0.0,0.0,0.0,0.0,1.0,1.0,0.0,0.0,0.0,0.0,0.0,
GER-Bundesliga,1819,2019-02-16 Schalke 04-SC Freiburg,SC Freiburg,Alexander Schwolow,False,Goalkeeper,1,start,end,1.0,0.0,0.0,0.0,0.0,0.0,0.0,0.0,2.0,0.0,0.0,0.0,0.0,0.0,
GER-Bundesliga,1819,2019-02-16 Schalke 04-SC Freiburg,Schalke 04,Ralf Fährmann,True,Goalkeeper,1,start,end,1.0,0.0,0.0,0.0,0.0,0.0,0.0,0.0,3.0,0.0,0.0,0.0,0.0,0.0,
GER-Bundesliga,1819,2019-02-16 TSG Hoffenheim-Hannover 96,Hannover 96,Michael Esser,False,Goalkeeper,1,start,end,1.0,0.0,1.0,0.0,0.0,0.0,0.0,3.0,7.0,0.0,0.0,0.0,0.0,0.0,
GER-Bundesliga,1819,2019-02-16 TSG Hoffenheim-Hannover 96,TSG Hoffenheim,Oliver Baumann,True,Goalkeeper,1,start,end,1.0,0.0,0.0,0.0,0.0,0.0,0.0,0.0,1.0,0.0,0.0,0.0,0.0,0.0,
GER-Bundesliga,1819,2019-02-16 VfB Stuttgart-RB Leipzig,RB Leipzig,Péter Gulácsi,False,Goalkeeper,1,start,end,1.0,0.0,0.0,0.0,0.0,0.0,0.0,1.0,2.0,0.0,0.0,0.0,0.0,0.0,
GER-Bundesliga,1819,2019-02-16 VfB Stuttgart-RB Leipzig,VfB Stuttgart,Ron-Robert Zieler,True,Goalkeeper,1,start,end,1.0,0.0,0.0,0.0,0.0,0.0,0.0,3.0,1.0,0.0,0.0,0.0,0.0,0.0,
GER-Bundesliga,1819,2019-02-16 VfL Wolfsburg-Mainz,Mainz,Florian Müller,False,Goalkeeper,1,start,end,1.0,0.0,0.0,0.0,0.0,0.0,0.0,3.0,3.0,0.0,0.0,0.0,0.0,0.0,
GER-Bundesliga,1819,2019-02-16 VfL Wolfsburg-Mainz,VfL Wolfsburg,Koen Casteels,True,Goalkeeper,1,start,end,1.0,0.0,0.0,0.0,0.0,0.0,0.0,0.0,4.0,0.0,0.0,0.0,0.0,0.0,
GER-Bundesliga,1819,2019-02-17 Bayer Leverkusen-Fortuna Düsseldorf,Bayer Leverkusen,Lukas Hradecky,True,Goalkeeper,1,start,end,1.0,0.0,0.0,0.0,0.0,0.0,0.0,0.0,0.0,0.0,0.0,0.0,0.0,0.0,
GER-Bundesliga,1819,2019-02-17 Bayer Leverkusen-Fortuna Düsseldorf,Fortuna Düsseldorf,Jaroslav Drobný,False,Goalkeeper,1,start,end,1.0,0.0,0.0,0.0,0.0,0.0,0.0,2.0,5.0,0.0,0.0,0.0,0.0,0.0,
GER-Bundesliga,1819,2019-02-17 Eintracht Frankfurt-Borussia Mönchengladbach,Borussia Mönchengladbach,Yann Sommer,False,Goalkeeper,1,start,end,1.0,0.0,0.0,0.0,0.0,0.0,0.0,1.0,3.0,0.0,0.0,0.0,0.0,0.0,
GER-Bundesliga,1819,2019-02-17 Eintracht Frankfurt-Borussia Mönchengladbach,Eintracht Frankfurt,Kevin Trapp,True,Goalkeeper,1,start,end,1.0,0.0,0.0,0.0,0.0,0.0,0.0,1.0,4.0,0.0,0.0,0.0,0.0,0.0,
GER-Bundesliga,1819,2019-02-18 1. FC Nürnberg-Borussia Dortmund,1. FC Nürnberg,Christian Mathenia,True,Goalkeeper,1,start,end,1.0,0.0,0.0,0.0,0.0,0.0,1.0,0.0,6.0,0.0,0.0,0.0,0.0,0.0,
GER-Bundesliga,1819,2019-02-18 1. FC Nürnberg-Borussia Dortmund,Borussia Dortmund,Roman Bürki,False,Goalkeeper,1,start,end,1.0,0.0,0.0,0.0,0.0,0.0,0.0,0.0,2.0,0.0,0.0,0.0,0.0,0.0,
GER-Bundesliga,1819,2019-02-22 Werder Bremen-VfB Stuttgart,VfB Stuttgart,Ron-Robert Zieler,False,Goalkeeper,1,start,end,1.0,0.0,0.0,0.0,0.0,0.0,1.0,1.0,3.0,0.0,0.0,0.0,0.0,0.0,
GER-Bundesliga,1819,2019-02-22 Werder Bremen-VfB Stuttgart,Werder Bremen,Jirí Pavlenka,True,Goalkeeper,1,start,end,1.0,0.0,0.0,0.0,0.0,0.0,0.0,1.0,3.0,0.0,0.0,0.0,0.0,0.0,
GER-Bundesliga,1819,2019-02-23 Bayern Munich-Hertha Berlin,Bayern Munich,Manuel Neuer,True,Goalkeeper,1,start,end,1.0,0.0,0.0,0.0,0.0,0.0,0.0,0.0,1.0,0.0,0.0,0.0,0.0,0.0,
GER-Bundesliga,1819,2019-02-23 Bayern Munich-Hertha Berlin,Hertha Berlin,Rune Jarstein,False,Goalkeeper,1,start,end,1.0,0.0,0.0,0.0,0.0,0.0,0.0,1.0,3.0,0.0,0.0,0.0,0.0,0.0,
GER-Bundesliga,1819,2019-02-23 Borussia Mönchengladbach-VfL Wolfsburg,Borussia Mönchengladbach,Yann Sommer,True,Goalkeeper,1,start,end,1.0,0.0,0.0,0.0,0.0,0.0,0.0,3.0,0.0,0.0,0.0,0.0,0.0,0.0,
GER-Bundesliga,1819,2019-02-23 Borussia Mönchengladbach-VfL Wolfsburg,VfL Wolfsburg,Koen Casteels,False,Goalkeeper,1,start,end,1.0,0.0,0.0,0.0,0.0,0.0,0.0,0.0,4.0,0.0,0.0,0.0,0.0,0.0,
GER-Bundesliga,1819,2019-02-23 Fortuna Düsseldorf-1. FC Nürnberg,1. FC Nürnberg,Christian Mathenia,False,Goalkeeper,1,start,end,1.0,0.0,0.0,0.0,0.0,0.0,1.0,2.0,6.0,0.0,0.0,0.0,0.0,0.0,
GER-Bundesliga,1819,2019-02-23 Fortuna Düsseldorf-1. FC Nürnberg,Fortuna Düsseldorf,Jaroslav Drobný,True,Goalkeeper,1,start,end,1.0,0.0,0.0,0.0,0.0,0.0,0.0,1.0,1.0,0.0,0.0,0.0,0.0,0.0,
GER-Bundesliga,1819,2019-02-23 Mainz-Schalke 04,Mainz,Florian Müller,True,Goalkeeper,1,start,end,1.0,0.0,0.0,0.0,0.0,0.0,0.0,0.0,3.0,0.0,0.0,0.0,0.0,0.0,
GER-Bundesliga,1819,2019-02-23 Mainz-Schalke 04,Schalke 04,Alexander Nübel,False,Goalkeeper,1,start,end,1.0,0.0,0.0,0.0,0.0,0.0,0.0,3.0,3.0,0.0,0.0,0.0,0.0,0.0,
GER-Bundesliga,1819,2019-02-23 SC Freiburg-FC Augsburg,FC Augsburg,Gregor Kobel,False,Goalkeeper,1,start,end,1.0,0.0,0.0,0.0,0.0,0.0,0.0,5.0,6.0,0.0,0.0,0.0,0.0,0.0,
GER-Bundesliga,1819,2019-02-23 SC Freiburg-FC Augsburg,SC Freiburg,Alexander Schwolow,True,Goalkeeper,1,start,end,1.0,0.0,1.0,0.0,0.0,0.0,0.0,1.0,3.0,0.0,1.0,0.0,0.0,0.0,
GER-Bundesliga,1819,2019-02-24 Borussia Dortmund-Bayer Leverkusen,Bayer Leverkusen,Lukas Hradecky,False,Goalkeeper,1,start,end,1.0,0.0,0.0,0.0,0.0,0.0,0.0,3.0,1.0,0.0,0.0,0.0,0.0,0.0,
GER-Bundesliga,1819,2019-02-24 Borussia Dortmund-Bayer Leverkusen,Borussia Dortmund,Roman Bürki,True,Goalkeeper,1,start,end,1.0,0.0,1.0,0.0,0.0,0.0,0.0,2.0,2.0,0.0,0.0,0.0,0.0,0.0,
GER-Bundesliga,1819,2019-02-24 Hannover 96-Eintracht Frankfurt,Eintracht Frankfurt,Kevin Trapp,False,Goalkeeper,1,start,end,1.0,0.0,0.0,0.0,0.0,0.0,0.0,0.0,3.0,0.0,0.0,0.0,0.0,0.0,
GER-Bundesliga,1819,2019-02-24 Hannover 96-Eintracht Frankfurt,Hannover 96,Michael Esser,True,Goalkeeper,1,start,end,1.0,0.0,0.0,0.0,0.0,0.0,0.0,3.0,5.0,0.0,0.0,0.0,0.0,0.0,
GER-Bundesliga,1819,2019-02-25 RB Leipzig-TSG Hoffenheim,RB Leipzig,Péter Gulácsi,True,Goalkeeper,1,start,end,1.0,0.0,0.0,0.0,0.0,0.0,0.0,1.0,3.0,0.0,0.0,0.0,0.0,0.0,
GER-Bundesliga,1819,2019-02-25 RB Leipzig-TSG Hoffenheim,TSG Hoffenheim,Oliver Baumann,False,Goalkeeper,1,start,end,1.0,0.0,0.0,0.0,0.0,0.0,0.0,1.0,3.0,0.0,0.0,0.0,0.0,0.0,
GER-Bundesliga,1819,2019-03-01 FC Augsburg-Borussia Dortmund,Borussia Dortmund,Roman Bürki,False,Goalkeeper,1,start,end,1.0,0.0,0.0,0.0,0.0,0.0,0.0,2.0,2.0,0.0,0.0,0.0,0.0,0.0,
GER-Bundesliga,1819,2019-03-01 FC Augsburg-Borussia Dortmund,FC Augsburg,Gregor Kobel,True,Goalkeeper,1,start,end,1.0,0.0,0.0,0.0,0.0,0.0,0.0,1.0,7.0,0.0,0.0,0.0,0.0,0.0,
GER-Bundesliga,1819,2019-03-02 1. FC Nürnberg-RB Leipzig,1. FC Nürnberg,Christian Mathenia,True,Goalkeeper,1,start,end,1.0,0.0,0.0,0.0,0.0,0.0,0.0,1.0,4.0,0.0,0.0,0.0,0.0,0.0,
GER-Bundesliga,1819,2019-03-02 1. FC Nürnberg-RB Leipzig,RB Leipzig,Péter Gulácsi,False,Goalkeeper,1,start,end,1.0,0.0,0.0,0.0,0.0,0.0,0.0,0.0,1.0,0.0,0.0,0.0,0.0,0.0,
GER-Bundesliga,1819,2019-03-02 Bayer Leverkusen-SC Freiburg,Bayer Leverkusen,Lukas Hradecky,True,Goalkeeper,1,start,end,1.0,0.0,0.0,0.0,0.0,0.0,0.0,0.0,3.0,0.0,0.0,0.0,0.0,0.0,
GER-Bundesliga,1819,2019-03-02 Bayer Leverkusen-SC Freiburg,SC Freiburg,Alexander Schwolow,False,Goalkeeper,1,start,end,1.0,0.0,0.0,0.0,0.0,0.0,0.0,2.0,3.0,0.0,0.0,0.0,0.0,0.0,
GER-Bundesliga,1819,2019-03-02 Borussia Mönchengladbach-Bayern Munich,Bayern Munich,Manuel Neuer,False,Goalkeeper,1,start,end,1.0,0.0,0.0,0.0,0.0,0.0,0.0,1.0,1.0,0.0,0.0,0.0,0.0,0.0,
GER-Bundesliga,1819,2019-03-02 Borussia Mönchengladbach-Bayern Munich,Borussia Mönchengladbach,Yann Sommer,True,Goalkeeper,1,start,end,1.0,0.0,0.0,0.0,0.0,0.0,0.0,5.0,9.0,0.0,0.0,0.0,0.0,0.0,
GER-Bundesliga,1819,2019-03-02 Eintracht Frankfurt-TSG Hoffenheim,Eintracht Frankfurt,Kevin Trapp,True,Goalkeeper,1,start,end,1.0,0.0,2.0,0.0,0.0,0.0,0.0,2.0,5.0,0.0,0.0,0.0,0.0,0.0,
GER-Bundesliga,1819,2019-03-02 Eintracht Frankfurt-TSG Hoffenheim,TSG Hoffenheim,Oliver Baumann,False,Goalkeeper,1,start,end,1.0,0.0,1.0,0.0,0.0,0.0,0.0,3.0,7.0,0.0,0.0,0.0,0.0,0.0,
GER-Bundesliga,1819,2019-03-02 Hertha Berlin-Mainz,Hertha Berlin,Rune Jarstein,True,Goalkeeper,1,start,end,1.0,0.0,0.0,0.0,0.0,0.0,0.0,1.0,1.0,0.0,0.0,0.0,0.0,0.0,
GER-Bundesliga,1819,2019-03-02 Hertha Berlin-Mainz,Mainz,Florian Müller,False,Goalkeeper,1,start,end,1.0,0.0,0.0,0.0,0.0,0.0,0.0,2.0,2.0,0.0,0.0,0.0,0.0,0.0,
GER-Bundesliga,1819,2019-03-02 Schalke 04-Fortuna Düsseldorf,Fortuna Düsseldorf,Michael Rensing,False,Goalkeeper,1,start,end,1.0,0.0,0.0,0.0,0.0,0.0,0.0,0.0,2.0,0.0,0.0,0.0,0.0,0.0,
GER-Bundesliga,1819,2019-03-02 Schalke 04-Fortuna Düsseldorf,Schalke 04,Alexander Nübel,True,Goalkeeper,1,start,end,1.0,0.0,0.0,0.0,0.0,0.0,0.0,4.0,1.0,0.0,0.0,0.0,0.0,0.0,
GER-Bundesliga,1819,2019-03-03 VfB Stuttgart-Hannover 96,Hannover 96,Michael Esser,False,Goalkeeper,1,start,end,1.0,0.0,0.0,0.0,0.0,0.0,0.0,5.0,3.0,0.0,0.0,0.0,0.0,0.0,
GER-Bundesliga,1819,2019-03-03 VfB Stuttgart-Hannover 96,VfB Stuttgart,Ron-Robert Zieler,True,Goalkeeper,1,start,end,1.0,0.0,0.0,0.0,0.0,0.0,0.0,1.0,0.0,0.0,0.0,0.0,0.0,0.0,
GER-Bundesliga,1819,2019-03-03 VfL Wolfsburg-Werder Bremen,VfL Wolfsburg,Koen Casteels,True,Goalkeeper,1,start,45,1.0,0.0,0.0,0.0,0.0,0.0,0.0,0.0,0.0,0.0,0.0,0.0,0.0,0.0,
GER-Bundesliga,1819,2019-03-03 VfL Wolfsburg-Werder Bremen,Werder Bremen,Jirí Pavlenka,False,Goalkeeper,1,start,end,1.0,0.0,1.0,0.0,0.0,0.0,0.0,1.0,4.0,0.0,0.0,0.0,0.0,0.0,
GER-Bundesliga,1819,2019-03-08 Werder Bremen-Schalke 04,Schalke 04,Alexander Nübel,False,Goalkeeper,1,start,end,1.0,0.0,0.0,0.0,0.0,0.0,0.0,4.0,3.0,0.0,0.0,0.0,0.0,0.0,
GER-Bundesliga,1819,2019-03-08 Werder Bremen-Schalke 04,Werder Bremen,Jirí Pavlenka,True,Goalkeeper,1,start,end,1.0,0.0,0.0,0.0,0.0,0.0,0.0,2.0,6.0,0.0,0.0,0.0,0.0,0.0,
GER-Bundesliga,1819,2019-03-09 Bayern Munich-VfL Wolfsburg,Bayern Munich,Manuel Neuer,True,Goalkeeper,1,start,end,1.0,0.0,0.0,0.0,0.0,0.0,0.0,0.0,1.0,0.0,0.0,0.0,0.0,0.0,
GER-Bundesliga,1819,2019-03-09 Bayern Munich-VfL Wolfsburg,VfL Wolfsburg,Koen Casteels,False,Goalkeeper,1,start,end,1.0,0.0,0.0,0.0,0.0,0.0,0.0,6.0,6.0,0.0,0.0,0.0,0.0,0.0,
GER-Bundesliga,1819,2019-03-09 Borussia Dortmund-VfB Stuttgart,Borussia Dortmund,Roman Bürki,True,Goalkeeper,1,start,end,1.0,0.0,0.0,0.0,0.0,0.0,0.0,1.0,0.0,0.0,0.0,0.0,0.0,0.0,
GER-Bundesliga,1819,2019-03-09 Borussia Dortmund-VfB Stuttgart,VfB Stuttgart,Ron-Robert Zieler,False,Goalkeeper,1,start,end,1.0,0.0,0.0,0.0,0.0,0.0,0.0,3.0,5.0,0.0,0.0,0.0,0.0,0.0,
GER-Bundesliga,1819,2019-03-09 Mainz-Borussia Mönchengladbach,Borussia Mönchengladbach,Yann Sommer,False,Goalkeeper,1,start,end,1.0,0.0,0.0,0.0,0.0,0.0,0.0,0.0,2.0,0.0,0.0,0.0,0.0,0.0,
GER-Bundesliga,1819,2019-03-09 Mainz-Borussia Mönchengladbach,Mainz,Florian Müller,True,Goalkeeper,1,start,end,1.0,0.0,0.0,0.0,0.0,0.0,0.0,1.0,4.0,0.0,0.0,0.0,0.0,0.0,
GER-Bundesliga,1819,2019-03-09 RB Leipzig-FC Augsburg,FC Augsburg,Gregor Kobel,False,Goalkeeper,1,start,end,1.0,0.0,0.0,0.0,0.0,0.0,0.0,0.0,4.0,0.0,0.0,0.0,0.0,0.0,
GER-Bundesliga,1819,2019-03-09 RB Leipzig-FC Augsburg,RB Leipzig,Péter Gulácsi,True,Goalkeeper,1,start,end,1.0,0.0,0.0,0.0,0.0,0.0,0.0,0.0,3.0,0.0,0.0,0.0,0.0,0.0,
GER-Bundesliga,1819,2019-03-09 SC Freiburg-Hertha Berlin,Hertha Berlin,Rune Jarstein,False,Goalkeeper,1,start,end,1.0,0.0,0.0,0.0,0.0,0.0,0.0,2.0,3.0,0.0,0.0,0.0,0.0,0.0,
GER-Bundesliga,1819,2019-03-09 SC Freiburg-Hertha Berlin,SC Freiburg,Alexander Schwolow,True,Goalkeeper,1,start,end,1.0,0.0,0.0,0.0,0.0,0.0,0.0,1.0,5.0,0.0,0.0,0.0,0.0,0.0,
GER-Bundesliga,1819,2019-03-10 Hannover 96-Bayer Leverkusen,Bayer Leverkusen,Lukas Hradecky,False,Goalkeeper,1,start,end,1.0,0.0,0.0,0.0,0.0,0.0,0.0,2.0,3.0,0.0,0.0,0.0,0.0,0.0,
GER-Bundesliga,1819,2019-03-10 Hannover 96-Bayer Leverkusen,Hannover 96,Michael Esser,True,Goalkeeper,1,start,end,1.0,0.0,0.0,0.0,0.0,0.0,0.0,3.0,2.0,0.0,0.0,0.0,0.0,0.0,
GER-Bundesliga,1819,2019-03-10 TSG Hoffenheim-1. FC Nürnberg,1. FC Nürnberg,Christian Mathenia,False,Goalkeeper,1,start,end,1.0,0.0,1.0,0.0,0.0,0.0,0.0,2.0,4.0,0.0,0.0,0.0,0.0,0.0,
GER-Bundesliga,1819,2019-03-10 TSG Hoffenheim-1. FC Nürnberg,TSG Hoffenheim,Oliver Baumann,True,Goalkeeper,1,start,end,1.0,0.0,0.0,0.0,0.0,0.0,0.0,1.0,4.0,0.0,0.0,0.0,0.0,0.0,
GER-Bundesliga,1819,2019-03-11 Fortuna Düsseldorf-Eintracht Frankfurt,Eintracht Frankfurt,Kevin Trapp,False,Goalkeeper,1,start,end,1.0,0.0,0.0,0.0,0.0,0.0,0.0,0.0,3.0,0.0,0.0,0.0,0.0,0.0,
GER-Bundesliga,1819,2019-03-11 Fortuna Düsseldorf-Eintracht Frankfurt,Fortuna Düsseldorf,Michael Rensing,True,Goalkeeper,1,start,end,1.0,0.0,0.0,0.0,0.0,0.0,0.0,3.0,3.0,0.0,0.0,0.0,0.0,0.0,
GER-Bundesliga,1819,2019-03-15 Borussia Mönchengladbach-SC Freiburg,Borussia Mönchengladbach,Yann Sommer,True,Goalkeeper,1,start,end,1.0,0.0,0.0,0.0,0.0,0.0,0.0,1.0,1.0,0.0,0.0,0.0,0.0,0.0,
GER-Bundesliga,1819,2019-03-15 Borussia Mönchengladbach-SC Freiburg,SC Freiburg,Alexander Schwolow,False,Goalkeeper,1,start,end,1.0,0.0,0.0,0.0,0.0,0.0,0.0,1.0,1.0,0.0,0.0,0.0,0.0,0.0,
GER-Bundesliga,1819,2019-03-16 FC Augsburg-Hannover 96,FC Augsburg,Gregor Kobel,True,Goalkeeper,1,start,end,1.0,0.0,0.0,0.0,0.0,0.0,0.0,1.0,2.0,0.0,0.0,0.0,0.0,0.0,
GER-Bundesliga,1819,2019-03-16 FC Augsburg-Hannover 96,Hannover 96,Michael Esser,False,Goalkeeper,1,start,end,1.0,0.0,2.0,0.0,0.0,0.0,1.0,3.0,7.0,0.0,0.0,0.0,0.0,0.0,
GER-Bundesliga,1819,2019-03-16 Hertha Berlin-Borussia Dortmund,Borussia Dortmund,Roman Bürki,False,Goalkeeper,1,start,end,1.0,0.0,0.0,0.0,0.0,0.0,0.0,2.0,2.0,0.0,0.0,0.0,0.0,0.0,
GER-Bundesliga,1819,2019-03-16 Hertha Berlin-Borussia Dortmund,Hertha Berlin,Rune Jarstein,True,Goalkeeper,1,start,end,1.0,0.0,0.0,0.0,0.0,0.0,0.0,3.0,5.0,0.0,0.0,0.0,0.0,0.0,
GER-Bundesliga,1819,2019-03-16 Schalke 04-RB Leipzig,RB Leipzig,Péter Gulácsi,False,Goalkeeper,1,start,end,1.0,0.0,0.0,0.0,0.0,0.0,0.0,0.0,3.0,0.0,0.0,0.0,0.0,0.0,
GER-Bundesliga,1819,2019-03-16 Schalke 04-RB Leipzig,Schalke 04,Alexander Nübel,True,Goalkeeper,1,start,end,1.0,0.0,1.0,0.0,0.0,0.0,0.0,1.0,3.0,0.0,0.0,0.0,0.0,0.0,
GER-Bundesliga,1819,2019-03-16 VfB Stuttgart-TSG Hoffenheim,TSG Hoffenheim,Oliver Baumann,False,Goalkeeper,1,start,end,1.0,0.0,0.0,0.0,0.0,0.0,0.0,1.0,1.0,0.0,0.0,0.0,0.0,0.0,
GER-Bundesliga,1819,2019-03-16 VfB Stuttgart-TSG Hoffenheim,VfB Stuttgart,Ron-Robert Zieler,True,Goalkeeper,1,start,end,1.0,0.0,0.0,0.0,0.0,0.0,0.0,1.0,6.0,0.0,0.0,0.0,0.0,0.0,
GER-Bundesliga,1819,2019-03-16 VfL Wolfsburg-Fortuna Düsseldorf,Fortuna Düsseldorf,Michael Rensing,False,Goalkeeper,1,start,end,1.0,0.0,0.0,0.0,0.0,0.0,0.0,5.0,4.0,0.0,0.0,0.0,0.0,0.0,
GER-Bundesliga,1819,2019-03-16 VfL Wolfsburg-Fortuna Düsseldorf,VfL Wolfsburg,Koen Casteels,True,Goalkeeper,1,start,end,1.0,0.0,0.0,0.0,0.0,0.0,0.0,2.0,4.0,0.0,0.0,0.0,0.0,0.0,
GER-Bundesliga,1819,2019-03-17 Bayer Leverkusen-Werder Bremen,Bayer Leverkusen,Lukas Hradecky,True,Goalkeeper,1,start,end,1.0,0.0,0.0,0.0,0.0,0.0,0.0,3.0,2.0,0.0,0.0,0.0,0.0,0.0,
GER-Bundesliga,1819,2019-03-17 Bayer Leverkusen-Werder Bremen,Werder Bremen,Jirí Pavlenka,False,Goalkeeper,1,start,end,1.0,0.0,0.0,0.0,0.0,0.0,1.0,1.0,1.0,0.0,0.0,0.0,0.0,0.0,
GER-Bundesliga,1819,2019-03-17 Bayern Munich-Mainz,Bayern Munich,Manuel Neuer,True,Goalkeeper,1,start,end,1.0,0.0,0.0,0.0,0.0,0.0,0.0,0.0,1.0,0.0,0.0,0.0,0.0,0.0,
GER-Bundesliga,1819,2019-03-17 Bayern Munich-Mainz,Mainz,Florian Müller,False,Goalkeeper,1,start,end,1.0,0.0,0.0,0.0,0.0,0.0,0.0,6.0,5.0,0.0,0.0,0.0,0.0,0.0,
GER-Bundesliga,1819,2019-03-17 Eintracht Frankfurt-1. FC Nürnberg,1. FC Nürnberg,Christian Mathenia,False,Goalkeeper,1,start,end,1.0,0.0,0.0,0.0,0.0,0.0,0.0,1.0,2.0,0.0,0.0,0.0,0.0,0.0,
GER-Bundesliga,1819,2019-03-17 Eintracht Frankfurt-1. FC Nürnberg,Eintracht Frankfurt,Kevin Trapp,True,Goalkeeper,1,start,end,1.0,0.0,2.0,0.0,0.0,0.0,0.0,0.0,3.0,0.0,0.0,0.0,0.0,0.0,
GER-Bundesliga,1819,2019-03-29 TSG Hoffenheim-Bayer Leverkusen,Bayer Leverkusen,Lukas Hradecky,False,Goalkeeper,1,start,end,1.0,0.0,0.0,0.0,0.0,0.0,0.0,4.0,1.0,0.0,0.0,0.0,0.0,0.0,
GER-Bundesliga,1819,2019-03-29 TSG Hoffenheim-Bayer Leverkusen,TSG Hoffenheim,Oliver Baumann,True,Goalkeeper,1,start,end,1.0,0.0,0.0,0.0,0.0,0.0,0.0,1.0,4.0,0.0,0.0,0.0,0.0,0.0,
GER-Bundesliga,1819,2019-03-30 1. FC Nürnberg-FC Augsburg,1. FC Nürnberg,Christian Mathenia,True,Goalkeeper,1,start,end,1.0,0.0,0.0,0.0,0.0,0.0,0.0,0.0,3.0,0.0,0.0,0.0,0.0,0.0,
GER-Bundesliga,1819,2019-03-30 1. FC Nürnberg-FC Augsburg,FC Augsburg,Gregor Kobel,False,Goalkeeper,1,start,end,1.0,0.0,0.0,0.0,0.0,0.0,0.0,3.0,1.0,0.0,0.0,0.0,0.0,0.0,
GER-Bundesliga,1819,2019-03-30 Borussia Dortmund-VfL Wolfsburg,Borussia Dortmund,Roman Bürki,True,Goalkeeper,1,start,end,1.0,0.0,0.0,0.0,0.0,0.0,0.0,0.0,3.0,0.0,0.0,0.0,0.0,0.0,
GER-Bundesliga,1819,2019-03-30 Borussia Dortmund-VfL Wolfsburg,VfL Wolfsburg,Koen Casteels,False,Goalkeeper,1,start,end,1.0,0.0,0.0,0.0,0.0,0.0,0.0,2.0,3.0,0.0,0.0,0.0,0.0,0.0,
GER-Bundesliga,1819,2019-03-30 Fortuna Düsseldorf-Borussia Mönchengladbach,Borussia Mönchengladbach,Yann Sommer,False,Goalkeeper,1,start,end,1.0,0.0,0.0,0.0,0.0,0.0,0.0,3.0,1.0,0.0,0.0,0.0,0.0,0.0,
GER-Bundesliga,1819,2019-03-30 Fortuna Düsseldorf-Borussia Mönchengladbach,Fortuna Düsseldorf,Michael Rensing,True,Goalkeeper,1,start,end,1.0,0.0,0.0,0.0,0.0,0.0,0.0,1.0,5.0,0.0,0.0,0.0,0.0,0.0,
GER-Bundesliga,1819,2019-03-30 RB Leipzig-Hertha Berlin,Hertha Berlin,Rune Jarstein,False,Goalkeeper,1,start,end,1.0,0.0,1.0,0.0,0.0,0.0,0.0,5.0,3.0,0.0,0.0,0.0,0.0,0.0,
GER-Bundesliga,1819,2019-03-30 RB Leipzig-Hertha Berlin,RB Leipzig,Péter Gulácsi,True,Goalkeeper,1,start,end,1.0,0.0,0.0,0.0,0.0,0.0,0.0,0.0,0.0,0.0,0.0,0.0,0.0,0.0,
GER-Bundesliga,1819,2019-03-30 SC Freiburg-Bayern Munich,Bayern Munich,Sven Ulreich,False,Goalkeeper,1,start,end,1.0,0.0,0.0,0.0,0.0,0.0,0.0,1.0,3.0,0.0,0.0,0.0,0.0,0.0,
GER-Bundesliga,1819,2019-03-30 SC Freiburg-Bayern Munich,SC Freiburg,Alexander Schwolow,True,Goalkeeper,1,start,end,1.0,0.0,0.0,0.0,0.0,0.0,0.0,1.0,7.0,0.0,0.0,0.0,0.0,0.0,
GER-Bundesliga,1819,2019-03-30 Werder Bremen-Mainz,Mainz,Florian Müller,False,Goalkeeper,1,start,end,1.0,0.0,0.0,0.0,0.0,0.0,0.0,3.0,1.0,0.0,0.0,0.0,0.0,0.0,
GER-Bundesliga,1819,2019-03-30 Werder Bremen-Mainz,Werder Bremen,Jirí Pavlenka,True,Goalkeeper,1,start,end,1.0,0.0,0.0,0.0,0.0,0.0,0.0,1.0,4.0,0.0,0.0,0.0,0.0,0.0,
GER-Bundesliga,1819,2019-03-31 Eintracht Frankfurt-VfB Stuttgart,Eintracht Frankfurt,Kevin Trapp,True,Goalkeeper,1,start,end,1.0,0.0,0.0,0.0,0.0,0.0,0.0,0.0,4.0,0.0,0.0,0.0,0.0,0.0,
GER-Bundesliga,1819,2019-03-31 Eintracht Frankfurt-VfB Stuttgart,VfB Stuttgart,Ron-Robert Zieler,False,Goalkeeper,1,start,end,1.0,0.0,0.0,0.0,0.0,0.0,0.0,3.0,2.0,0.0,0.0,0.0,0.0,0.0,
GER-Bundesliga,1819,2019-03-31 Hannover 96-Schalke 04,Hannover 96,Michael Esser,True,Goalkeeper,1,start,end,1.0,0.0,0.0,0.0,0.0,0.0,0.0,1.0,2.0,0.0,0.0,0.0,0.0,0.0,
GER-Bundesliga,1819,2019-03-31 Hannover 96-Schalke 04,Schalke 04,Alexander Nübel,False,Goalkeeper,1,start,end,1.0,0.0,1.0,0.0,0.0,0.0,0.0,0.0,3.0,0.0,0.0,0.0,0.0,0.0,
GER-Bundesliga,1819,2019-04-05 Mainz-SC Freiburg,Mainz,Florian Müller,True,Goalkeeper,1,start,end,1.0,0.0,0.0,0.0,0.0,0.0,0.0,0.0,5.0,0.0,0.0,0.0,0.0,0.0,
GER-Bundesliga,1819,2019-04-05 Mainz-SC Freiburg,SC Freiburg,Alexander Schwolow,False,Goalkeeper,1,start,end,1.0,0.0,0.0,0.0,0.0,0.0,0.0,5.0,0.0,0.0,0.0,0.0,0.0,0.0,
GER-Bundesliga,1819,2019-04-06 Bayer Leverkusen-RB Leipzig,Bayer Leverkusen,Lukas Hradecky,True,Goalkeeper,1,start,end,1.0,0.0,0.0,0.0,0.0,0.0,0.0,4.0,0.0,0.0,0.0,0.0,0.0,0.0,
GER-Bundesliga,1819,2019-04-06 Bayer Leverkusen-RB Leipzig,RB Leipzig,Péter Gulácsi,False,Goalkeeper,1,start,end,1.0,0.0,0.0,0.0,0.0,0.0,0.0,2.0,2.0,0.0,0.0,0.0,0.0,0.0,
GER-Bundesliga,1819,2019-04-06 Bayern Munich-Borussia Dortmund,Bayern Munich,Manuel Neuer,True,Goalkeeper,1,start,end,1.0,0.0,0.0,0.0,0.0,0.0,0.0,0.0,1.0,0.0,0.0,0.0,0.0,0.0,
GER-Bundesliga,1819,2019-04-06 Bayern Munich-Borussia Dortmund,Borussia Dortmund,Roman Bürki,False,Goalkeeper,1,start,end,1.0,0.0,0.0,0.0,0.0,0.0,0.0,5.0,5.0,0.0,0.0,0.0,0.0,0.0,
GER-Bundesliga,1819,2019-04-06 Hertha Berlin-Fortuna Düsseldorf,Fortuna Düsseldorf,Michael Rensing,False,Goalkeeper,1,start,end,1.0,0.0,0.0,0.0,0.0,0.0,0.0,1.0,2.0,0.0,0.0,0.0,0.0,0.0,
GER-Bundesliga,1819,2019-04-06 Hertha Berlin-Fortuna Düsseldorf,Hertha Berlin,Rune Jarstein,True,Goalkeeper,1,start,end,1.0,0.0,0.0,0.0,0.0,0.0,0.0,2.0,5.0,0.0,0.0,0.0,0.0,0.0,
GER-Bundesliga,1819,2019-04-06 Schalke 04-Eintracht Frankfurt,Eintracht Frankfurt,Kevin Trapp,False,Goalkeeper,1,start,end,1.0,0.0,0.0,0.0,0.0,0.0,0.0,1.0,3.0,0.0,0.0,0.0,0.0,0.0,
GER-Bundesliga,1819,2019-04-06 Schalke 04-Eintracht Frankfurt,Schalke 04,Alexander Nübel,True,Goalkeeper,1,start,end,1.0,0.0,0.0,0.0,0.0,0.0,0.0,2.0,4.0,0.0,0.0,0.0,0.0,0.0,
GER-Bundesliga,1819,2019-04-06 VfB Stuttgart-1. FC Nürnberg,1. FC Nürnberg,Christian Mathenia,False,Goalkeeper,1,start,end,1.0,0.0,0.0,0.0,0.0,0.0,0.0,1.0,3.0,0.0,0.0,0.0,0.0,0.0,
GER-Bundesliga,1819,2019-04-06 VfB Stuttgart-1. FC Nürnberg,VfB Stuttgart,Ron-Robert Zieler,True,Goalkeeper,1,start,end,1.0,0.0,0.0,0.0,0.0,0.0,0.0,1.0,5.0,0.0,0.0,0.0,0.0,0.0,
GER-Bundesliga,1819,2019-04-06 VfL Wolfsburg-Hannover 96,Hannover 96,Michael Esser,False,Goalkeeper,1,start,end,1.0,0.0,1.0,0.0,0.0,0.0,0.0,3.0,2.0,0.0,0.0,0.0,0.0,0.0,
GER-Bundesliga,1819,2019-04-06 VfL Wolfsburg-Hannover 96,VfL Wolfsburg,Pavao Pervan,True,Goalkeeper,1,start,end,1.0,0.0,0.0,0.0,0.0,0.0,0.0,1.0,3.0,0.0,0.0,0.0,0.0,0.0,
GER-Bundesliga,1819,2019-04-07 Borussia Mönchengladbach-Werder Bremen,Borussia Mönchengladbach,Yann Sommer,True,Goalkeeper,1,start,end,1.0,0.0,0.0,0.0,0.0,0.0,0.0,1.0,5.0,0.0,0.0,0.0,0.0,0.0,
GER-Bundesliga,1819,2019-04-07 Borussia Mönchengladbach-Werder Bremen,Werder Bremen,Jirí Pavlenka,False,Goalkeeper,1,start,end,1.0,0.0,0.0,0.0,0.0,0.0,0.0,1.0,2.0,0.0,0.0,0.0,0.0,0.0,
GER-Bundesliga,1819,2019-04-07 FC Augsburg-TSG Hoffenheim,FC Augsburg,Gregor Kobel,True,Goalkeeper,1,start,end,1.0,0.0,0.0,0.0,0.0,0.0,0.0,4.0,5.0,0.0,0.0,0.0,0.0,0.0,
GER-Bundesliga,1819,2019-04-07 FC Augsburg-TSG Hoffenheim,TSG Hoffenheim,Oliver Baumann,False,Goalkeeper,1,start,end,1.0,0.0,0.0,0.0,0.0,0.0,0.0,0.0,0.0,0.0,0.0,0.0,0.0,0.0,
GER-Bundesliga,1819,2019-04-12 1. FC Nürnberg-Schalke 04,1. FC Nürnberg,Christian Mathenia,True,Goalkeeper,1,start,end,1.0,0.0,0.0,0.0,0.0,0.0,0.0,1.0,1.0,0.0,0.0,0.0,0.0,0.0,
GER-Bundesliga,1819,2019-04-12 1. FC Nürnberg-Schalke 04,Schalke 04,Alexander Nübel,False,Goalkeeper,1,start,end,1.0,1.0,1.0,0.0,0.0,0.0,0.0,1.0,5.0,0.0,0.0,0.0,0.0,0.0,
GER-Bundesliga,1819,2019-04-13 Borussia Dortmund-Mainz,Borussia Dortmund,Roman Bürki,True,Goalkeeper,1,start,end,1.0,0.0,1.0,0.0,0.0,0.0,0.0,1.0,8.0,0.0,0.0,0.0,0.0,0.0,
GER-Bundesliga,1819,2019-04-13 Borussia Dortmund-Mainz,Mainz,Florian Müller,False,Goalkeeper,1,start,end,1.0,0.0,0.0,0.0,0.0,0.0,0.0,2.0,5.0,0.0,0.0,0.0,0.0,0.0,
GER-Bundesliga,1819,2019-04-13 Hannover 96-Borussia Mönchengladbach,Borussia Mönchengladbach,Yann Sommer,False,Goalkeeper,1,start,end,1.0,0.0,0.0,0.0,0.0,0.0,0.0,0.0,5.0,0.0,0.0,0.0,0.0,0.0,
GER-Bundesliga,1819,2019-04-13 Hannover 96-Borussia Mönchengladbach,Hannover 96,Michael Esser,True,Goalkeeper,1,start,end,1.0,0.0,0.0,0.0,0.0,0.0,0.0,1.0,7.0,0.0,0.0,0.0,0.0,0.0,
GER-Bundesliga,1819,2019-04-13 RB Leipzig-VfL Wolfsburg,RB Leipzig,Péter Gulácsi,True,Goalkeeper,1,start,end,1.0,0.0,0.0,0.0,0.0,0.0,0.0,0.0,2.0,0.0,0.0,0.0,0.0,0.0,
GER-Bundesliga,1819,2019-04-13 RB Leipzig-VfL Wolfsburg,VfL Wolfsburg,Pavao Pervan,False,Goalkeeper,1,start,end,1.0,0.0,0.0,0.0,0.0,0.0,0.0,2.0,8.0,0.0,0.0,0.0,0.0,0.0,
GER-Bundesliga,1819,2019-04-13 VfB Stuttgart-Bayer Leverkusen,Bayer Leverkusen,Lukas Hradecky,False,Goalkeeper,1,start,end,1.0,0.0,0.0,0.0,0.0,0.0,0.0,0.0,5.0,0.0,0.0,0.0,0.0,0.0,
GER-Bundesliga,1819,2019-04-13 VfB Stuttgart-Bayer Leverkusen,VfB Stuttgart,Ron-Robert Zieler,True,Goalkeeper,1,start,end,1.0,0.0,0.0,0.0,0.0,0.0,0.0,1.0,3.0,0.0,0.0,0.0,0.0,0.0,
GER-Bundesliga,1819,2019-04-13 Werder Bremen-SC Freiburg,SC Freiburg,Alexander Schwolow,False,Goalkeeper,1,start,end,1.0,0.0,0.0,0.0,0.0,0.0,0.0,2.0,4.0,0.0,0.0,0.0,0.0,0.0,
GER-Bundesliga,1819,2019-04-13 Werder Bremen-SC Freiburg,Werder Bremen,Jirí Pavlenka,True,Goalkeeper,1,start,45,1.0,0.0,0.0,0.0,0.0,0.0,0.0,0.0,2.0,0.0,0.0,0.0,0.0,0.0,
GER-Bundesliga,1819,2019-04-14 Eintracht Frankfurt-FC Augsburg,Eintracht Frankfurt,Kevin Trapp,True,Goalkeeper,1,start,end,1.0,0.0,0.0,0.0,0.0,0.0,0.0,3.0,2.0,0.0,0.0,0.0,0.0,0.0,
GER-Bundesliga,1819,2019-04-14 Eintracht Frankfurt-FC Augsburg,FC Augsburg,Gregor Kobel,False,Goalkeeper,1,start,40,1.0,0.0,1.0,0.0,0.0,0.0,0.0,1.0,2.0,0.0,0.0,0.0,0.0,0.0,
GER-Bundesliga,1819,2019-04-14 Fortuna Düsseldorf-Bayern Munich,Bayern Munich,Manuel Neuer,False,Goalkeeper,1,start,53,1.0,0.0,0.0,0.0,0.0,0.0,0.0,0.0,1.0,0.0,0.0,0.0,0.0,0.0,
GER-Bundesliga,1819,2019-04-14 Fortuna Düsseldorf-Bayern Munich,Fortuna Düsseldorf,Michael Rensing,True,Goalkeeper,1,start,end,1.0,0.0,0.0,0.0,0.0,0.0,0.0,4.0,6.0,0.0,0.0,0.0,0.0,0.0,
GER-Bundesliga,1819,2019-04-14 TSG Hoffenheim-Hertha Berlin,Hertha Berlin,Rune Jarstein,False,Goalkeeper,1,start,end,1.0,0.0,0.0,0.0,0.0,0.0,0.0,2.0,5.0,0.0,0.0,0.0,0.0,0.0,
GER-Bundesliga,1819,2019-04-14 TSG Hoffenheim-Hertha Berlin,TSG Hoffenheim,Oliver Baumann,True,Goalkeeper,1,start,end,1.0,0.0,0.0,0.0,0.0,0.0,0.0,0.0,2.0,0.0,0.0,0.0,0.0,0.0,
GER-Bundesliga,1819,2019-04-20 Bayer Leverkusen-1. FC Nürnberg,1. FC Nürnberg,Christian Mathenia,False,Goalkeeper,1,start,end,1.0,0.0,0.0,0.0,0.0,0.0,0.0,2.0,7.0,0.0,0.0,0.0,0.0,0.0,
GER-Bundesliga,1819,2019-04-20 Bayer Leverkusen-1. FC Nürnberg,Bayer Leverkusen,Lukas Hradecky,True,Goalkeeper,1,start,end,1.0,0.0,0.0,0.0,0.0,0.0,0.0,0.0,1.0,0.0,0.0,0.0,0.0,0.0,
GER-Bundesliga,1819,2019-04-20 Bayern Munich-Werder Bremen,Bayern Munich,Sven Ulreich,True,Goalkeeper,1,start,end,1.0,0.0,0.0,0.0,0.0,0.0,0.0,0.0,0.0,0.0,0.0,0.0,0.0,0.0,
GER-Bundesliga,1819,2019-04-20 Bayern Munich-Werder Bremen,Werder Bremen,Jirí Pavlenka,False,Goalkeeper,1,start,end,1.0,0.0,0.0,0.0,0.0,0.0,0.0,1.0,6.0,0.0,0.0,0.0,0.0,0.0,
GER-Bundesliga,1819,2019-04-20 Borussia Mönchengladbach-RB Leipzig,Borussia Mönchengladbach,Yann Sommer,True,Goalkeeper,1,start,end,1.0,0.0,0.0,0.0,0.0,0.0,0.0,2.0,2.0,0.0,0.0,0.0,0.0,0.0,
GER-Bundesliga,1819,2019-04-20 Borussia Mönchengladbach-RB Leipzig,RB Leipzig,Péter Gulácsi,False,Goalkeeper,1,start,end,1.0,0.0,0.0,0.0,0.0,0.0,0.0,1.0,3.0,0.0,0.0,0.0,0.0,0.0,
GER-Bundesliga,1819,2019-04-20 FC Augsburg-VfB Stuttgart,FC Augsburg,Andreas Luthe,True,Goalkeeper,1,start,end,1.0,0.0,0.0,0.0,0.0,0.0,0.0,0.0,4.0,0.0,0.0,0.0,0.0,0.0,
GER-Bundesliga,1819,2019-04-20 FC Augsburg-VfB Stuttgart,VfB Stuttgart,Ron-Robert Zieler,False,Goalkeeper,1,start,end,1.0,0.0,0.0,0.0,0.0,0.0,0.0,6.0,7.0,0.0,0.0,0.0,0.0,0.0,
GER-Bundesliga,1819,2019-04-20 Mainz-Fortuna Düsseldorf,Fortuna Düsseldorf,Michael Rensing,False,Goalkeeper,1,start,end,1.0,0.0,0.0,0.0,0.0,0.0,0.0,3.0,2.0,0.0,0.0,0.0,0.0,0.0,
GER-Bundesliga,1819,2019-04-20 Mainz-Fortuna Düsseldorf,Mainz,Florian Müller,True,Goalkeeper,1,start,end,1.0,0.0,0.0,0.0,0.0,0.0,0.0,1.0,5.0,0.0,0.0,0.0,0.0,0.0,
GER-Bundesliga,1819,2019-04-20 Schalke 04-TSG Hoffenheim,Schalke 04,Alexander Nübel,True,Goalkeeper,1,start,end,1.0,0.0,0.0,0.0,0.0,0.0,0.0,5.0,1.0,0.0,0.0,0.0,0.0,0.0,
GER-Bundesliga,1819,2019-04-20 Schalke 04-TSG Hoffenheim,TSG Hoffenheim,Oliver Baumann,False,Goalkeeper,1,start,end,1.0,0.0,0.0,0.0,0.0,0.0,0.0,2.0,2.0,0.0,0.0,0.0,0.0,0.0,
GER-Bundesliga,1819,2019-04-21 Hertha Berlin-Hannover 96,Hannover 96,Michael Esser,False,Goalkeeper,1,start,end,1.0,0.0,0.0,0.0,0.0,0.0,0.0,0.0,3.0,0.0,0.0,0.0,0.0,0.0,
GER-Bundesliga,1819,2019-04-21 Hertha Berlin-Hannover 96,Hertha Berlin,Rune Jarstein,True,Goalkeeper,1,start,end,1.0,0.0,0.0,0.0,0.0,0.0,0.0,0.0,5.0,0.0,0.0,0.0,0.0,0.0,
GER-Bundesliga,1819,2019-04-21 SC Freiburg-Borussia Dortmund,Borussia Dortmund,Roman Bürki,False,Goalkeeper,1,start,end,1.0,0.0,1.0,0.0,0.0,0.0,0.0,0.0,2.0,0.0,0.0,0.0,0.0,0.0,
GER-Bundesliga,1819,2019-04-21 SC Freiburg-Borussia Dortmund,SC Freiburg,Alexander Schwolow,True,Goalkeeper,1,start,end,1.0,0.0,0.0,0.0,0.0,0.0,0.0,4.0,2.0,0.0,0.0,0.0,0.0,0.0,
GER-Bundesliga,1819,2019-04-22 VfL Wolfsburg-Eintracht Frankfurt,Eintracht Frankfurt,Kevin Trapp,False,Goalkeeper,1,start,end,1.0,0.0,0.0,0.0,0.0,0.0,0.0,1.0,6.0,0.0,0.0,0.0,0.0,0.0,
GER-Bundesliga,1819,2019-04-22 VfL Wolfsburg-Eintracht Frankfurt,VfL Wolfsburg,Pavao Pervan,True,Goalkeeper,1,start,end,1.0,0.0,0.0,0.0,0.0,0.0,0.0,1.0,2.0,0.0,0.0,0.0,0.0,0.0,
GER-Bundesliga,1819,2019-04-26 FC Augsburg-Bayer Leverkusen,Bayer Leverkusen,Lukas Hradecky,False,Goalkeeper,1,start,end,1.0,0.0,0.0,0.0,0.0,0.0,0.0,1.0,1.0,0.0,0.0,0.0,0.0,0.0,
GER-Bundesliga,1819,2019-04-26 FC Augsburg-Bayer Leverkusen,FC Augsburg,Gregor Kobel,True,Goalkeeper,1,start,end,1.0,0.0,0.0,0.0,0.0,0.0,0.0,4.0,3.0,0.0,0.0,0.0,0.0,0.0,
GER-Bundesliga,1819,2019-04-27 Borussia Dortmund-Schalke 04,Borussia Dortmund,Roman Bürki,True,Goalkeeper,1,start,end,1.0,0.0,0.0,0.0,0.0,0.0,0.0,4.0,0.0,0.0,0.0,0.0,0.0,0.0,
GER-Bundesliga,1819,2019-04-27 Borussia Dortmund-Schalke 04,Schalke 04,Alexander Nübel,False,Goalkeeper,1,start,end,1.0,0.0,0.0,0.0,0.0,0.0,0.0,2.0,0.0,0.0,0.0,0.0,0.0,0.0,
GER-Bundesliga,1819,2019-04-27 Eintracht Frankfurt-Hertha Berlin,Eintracht Frankfurt,Kevin Trapp,True,Goalkeeper,1,start,end,1.0,0.0,0.0,0.0,0.0,0.0,0.0,0.0,3.0,0.0,0.0,0.0,0.0,0.0,
GER-Bundesliga,1819,2019-04-27 Eintracht Frankfurt-Hertha Berlin,Hertha Berlin,Rune Jarstein,False,Goalkeeper,1,start,end,1.0,0.0,0.0,0.0,0.0,0.0,0.0,0.0,4.0,0.0,0.0,0.0,0.0,0.0,
GER-Bundesliga,1819,2019-04-27 Fortuna Düsseldorf-Werder Bremen,Fortuna Düsseldorf,Michael Rensing,True,Goalkeeper,1,start,end,1.0,0.0,0.0,0.0,0.0,0.0,0.0,1.0,8.0,0.0,0.0,0.0,0.0,0.0,
GER-Bundesliga,1819,2019-04-27 Fortuna Düsseldorf-Werder Bremen,Werder Bremen,Jirí Pavlenka,False,Goalkeeper,1,start,end,1.0,0.0,1.0,0.0,0.0,0.0,0.0,4.0,2.0,0.0,0.0,0.0,0.0,0.0,
GER-Bundesliga,1819,2019-04-27 Hannover 96-Mainz,Hannover 96,Michael Esser,True,Goalkeeper,1,start,end,1.0,0.0,1.0,0.0,0.0,0.0,0.0,0.0,4.0,0.0,0.0,0.0,0.0,0.0,
GER-Bundesliga,1819,2019-04-27 Hannover 96-Mainz,Mainz,Florian Müller,False,Goalkeeper,1,start,end,1.0,0.0,0.0,0.0,0.0,0.0,0.0,1.0,2.0,0.0,0.0,0.0,0.0,0.0,
GER-Bundesliga,1819,2019-04-27 RB Leipzig-SC Freiburg,RB Leipzig,Péter Gulácsi,True,Goalkeeper,1,start,end,1.0,0.0,0.0,0.0,0.0,0.0,0.0,1.0,6.0,0.0,0.0,0.0,0.0,0.0,
GER-Bundesliga,1819,2019-04-27 RB Leipzig-SC Freiburg,SC Freiburg,Alexander Schwolow,False,Goalkeeper,1,start,end,1.0,0.0,0.0,0.0,0.0,0.0,0.0,2.0,2.0,0.0,0.0,0.0,0.0,0.0,
GER-Bundesliga,1819,2019-04-27 VfB Stuttgart-Borussia Mönchengladbach,Borussia Mönchengladbach,Yann Sommer,False,Goalkeeper,1,start,end,1.0,0.0,0.0,0.0,0.0,0.0,0.0,1.0,5.0,0.0,0.0,0.0,0.0,0.0,
GER-Bundesliga,1819,2019-04-27 VfB Stuttgart-Borussia Mönchengladbach,VfB Stuttgart,Ron-Robert Zieler,True,Goalkeeper,1,start,end,1.0,0.0,0.0,0.0,0.0,0.0,0.0,0.0,4.0,0.0,0.0,0.0,0.0,0.0,
GER-Bundesliga,1819,2019-04-28 1. FC Nürnberg-Bayern Munich,1. FC Nürnberg,Christian Mathenia,True,Goalkeeper,1,start,end,1.0,0.0,0.0,0.0,0.0,0.0,0.0,1.0,5.0,0.0,0.0,0.0,0.0,0.0,
GER-Bundesliga,1819,2019-04-28 1. FC Nürnberg-Bayern Munich,Bayern Munich,Sven Ulreich,False,Goalkeeper,1,start,end,1.0,0.0,0.0,0.0,0.0,0.0,0.0,1.0,3.0,0.0,0.0,0.0,0.0,0.0,
GER-Bundesliga,1819,2019-04-28 TSG Hoffenheim-VfL Wolfsburg,TSG Hoffenheim,Oliver Baumann,True,Goalkeeper,1,start,end,1.0,0.0,1.0,0.0,0.0,0.0,0.0,4.0,6.0,0.0,0.0,0.0,0.0,0.0,
GER-Bundesliga,1819,2019-04-28 TSG Hoffenheim-VfL Wolfsburg,VfL Wolfsburg,Pavao Pervan,False,Goalkeeper,1,start,end,1.0,0.0,0.0,0.0,0.0,0.0,0.0,1.0,6.0,0.0,0.0,0.0,0.0,0.0,
GER-Bundesliga,1819,2019-05-03 Mainz-RB Leipzig,Mainz,Florian Müller,True,Goalkeeper,1,start,end,1.0,0.0,0.0,0.0,0.0,0.0,0.0,3.0,2.0,0.0,0.0,0.0,0.0,0.0,
GER-Bundesliga,1819,2019-05-03 Mainz-RB Leipzig,RB Leipzig,Péter Gulácsi,False,Goalkeeper,1,start,end,1.0,0.0,0.0,0.0,0.0,0.0,0.0,3.0,3.0,0.0,0.0,0.0,0.0,0.0,
GER-Bundesliga,1819,2019-05-04 Bayern Munich-Hannover 96,Bayern Munich,Sven Ulreich,True,Goalkeeper,1,start,end,1.0,0.0,0.0,0.0,0.0,0.0,0.0,1.0,0.0,0.0,0.0,0.0,0.0,0.0,
GER-Bundesliga,1819,2019-05-04 Bayern Munich-Hannover 96,Hannover 96,Michael Esser,False,Goalkeeper,1,start,end,1.0,0.0,0.0,0.0,0.0,0.0,0.0,3.0,11.0,0.0,0.0,0.0,0.0,0.0,
GER-Bundesliga,1819,2019-05-04 Borussia Mönchengladbach-TSG Hoffenheim,Borussia Mönchengladbach,Yann Sommer,True,Goalkeeper,1,start,end,1.0,0.0,1.0,0.0,0.0,0.0,0.0,2.0,7.0,0.0,0.0,0.0,0.0,0.0,
GER-Bundesliga,1819,2019-05-04 Borussia Mönchengladbach-TSG Hoffenheim,TSG Hoffenheim,Oliver Baumann,False,Goalkeeper,1,start,end,1.0,0.0,0.0,0.0,0.0,0.0,0.0,2.0,3.0,0.0,0.0,0.0,0.0,0.0,
GER-Bundesliga,1819,2019-05-04 Hertha Berlin-VfB Stuttgart,Hertha Berlin,Rune Jarstein,True,Goalkeeper,1,start,end,1.0,0.0,0.0,0.0,0.0,0.0,1.0,1.0,1.0,0.0,0.0,0.0,0.0,0.0,
GER-Bundesliga,1819,2019-05-04 Hertha Berlin-VfB Stuttgart,VfB Stuttgart,Ron-Robert Zieler,False,Goalkeeper,1,start,end,1.0,0.0,0.0,0.0,0.0,0.0,0.0,3.0,3.0,0.0,0.0,0.0,0.0,0.0,
GER-Bundesliga,1819,2019-05-04 VfL Wolfsburg-1. FC Nürnberg,1. FC Nürnberg,Christian Mathenia,False,Goalkeeper,1,start,end,1.0,0.0,1.0,0.0,0.0,0.0,0.0,2.0,2.0,0.0,0.0,0.0,0.0,0.0,
GER-Bundesliga,1819,2019-05-04 VfL Wolfsburg-1. FC Nürnberg,VfL Wolfsburg,Pavao Pervan,True,Goalkeeper,1,start,end,1.0,0.0,0.0,0.0,0.0,0.0,0.0,0.0,4.0,0.0,0.0,0.0,0.0,0.0,
GER-Bundesliga,1819,2019-05-04 Werder Bremen-Borussia Dortmund,Borussia Dortmund,Roman Bürki,False,Goalkeeper,1,start,end,1.0,0.0,0.0,0.0,0.0,0.0,0.0,2.0,2.0,0.0,0.0,0.0,0.0,0.0,
GER-Bundesliga,1819,2019-05-04 Werder Bremen-Borussia Dortmund,Werder Bremen,Jirí Pavlenka,True,Goalkeeper,1,start,end,1.0,0.0,0.0,0.0,0.0,0.0,0.0,2.0,6.0,0.0,0.0,0.0,0.0,0.0,
GER-Bundesliga,1819,2019-05-05 Bayer Leverkusen-Eintracht Frankfurt,Bayer Leverkusen,Lukas Hradecky,True,Goalkeeper,1,start,end,1.0,0.0,0.0,0.0,0.0,0.0,0.0,1.0,1.0,0.0,0.0,0.0,0.0,0.0,
GER-Bundesliga,1819,2019-05-05 Bayer Leverkusen-Eintracht Frankfurt,Eintracht Frankfurt,Kevin Trapp,False,Goalkeeper,1,start,end,1.0,0.0,0.0,0.0,0.0,0.0,0.0,6.0,4.0,0.0,0.0,0.0,0.0,0.0,
GER-Bundesliga,1819,2019-05-05 SC Freiburg-Fortuna Düsseldorf,Fortuna Düsseldorf,Michael Rensing,False,Goalkeeper,1,start,end,1.0,0.0,0.0,0.0,0.0,0.0,0.0,1.0,2.0,0.0,0.0,0.0,0.0,0.0,
GER-Bundesliga,1819,2019-05-05 SC Freiburg-Fortuna Düsseldorf,SC Freiburg,Alexander Schwolow,True,Goalkeeper,1,start,end,1.0,0.0,0.0,0.0,0.0,0.0,0.0,1.0,2.0,0.0,0.0,0.0,0.0,0.0,
GER-Bundesliga,1819,2019-05-05 Schalke 04-FC Augsburg,FC Augsburg,Gregor Kobel,False,Goalkeeper,1,start,end,1.0,0.0,0.0,0.0,0.0,0.0,0.0,0.0,3.0,0.0,0.0,0.0,0.0,0.0,
GER-Bundesliga,1819,2019-05-05 Schalke 04-FC Augsburg,Schalke 04,Alexander Nübel,True,Goalkeeper,1,start,end,1.0,0.0,0.0,0.0,0.0,0.0,0.0,0.0,4.0,0.0,0.0,0.0,0.0,0.0,
GER-Bundesliga,1819,2019-05-11 1. FC Nürnberg-Borussia Mönchengladbach,1. FC Nürnberg,Christian Mathenia,True,Goalkeeper,1,start,end,1.0,0.0,0.0,0.0,0.0,0.0,0.0,4.0,2.0,0.0,0.0,0.0,0.0,0.0,
GER-Bundesliga,1819,2019-05-11 1. FC Nürnberg-Borussia Mönchengladbach,Borussia Mönchengladbach,Yann Sommer,False,Goalkeeper,1,start,end,1.0,0.0,0.0,0.0,0.0,0.0,0.0,0.0,2.0,0.0,0.0,0.0,0.0,0.0,
GER-Bundesliga,1819,2019-05-11 Bayer Leverkusen-Schalke 04,Bayer Leverkusen,Lukas Hradecky,True,Goalkeeper,1,start,end,1.0,0.0,0.0,0.0,0.0,0.0,0.0,1.0,2.0,0.0,0.0,0.0,0.0,0.0,
GER-Bundesliga,1819,2019-05-11 Bayer Leverkusen-Schalke 04,Schalke 04,Alexander Nübel,False,Goalkeeper,1,start,end,1.0,0.0,0.0,0.0,0.0,0.0,1.0,1.0,4.0,0.0,0.0,0.0,0.0,0.0,
GER-Bundesliga,1819,2019-05-11 Borussia Dortmund-Fortuna Düsseldorf,Borussia Dortmund,Marwin Hitz,True,Goalkeeper,1,start,end,1.0,1.0,1.0,0.0,0.0,0.0,0.0,2.0,1.0,0.0,0.0,0.0,0.0,0.0,
GER-Bundesliga,1819,2019-05-11 Borussia Dortmund-Fortuna Düsseldorf,Fortuna Düsseldorf,Michael Rensing,False,Goalkeeper,1,start,end,1.0,0.0,0.0,0.0,0.0,0.0,0.0,3.0,2.0,0.0,0.0,0.0,0.0,0.0,
GER-Bundesliga,1819,2019-05-11 FC Augsburg-Hertha Berlin,FC Augsburg,Gregor Kobel,True,Goalkeeper,1,start,end,1.0,0.0,1.0,0.0,0.0,0.0,0.0,4.0,4.0,0.0,0.0,0.0,0.0,0.0,
GER-Bundesliga,1819,2019-05-11 FC Augsburg-Hertha Berlin,Hertha Berlin,Thomas Kraft,False,Goalkeeper,1,start,end,1.0,0.0,0.0,0.0,0.0,0.0,0.0,3.0,0.0,0.0,0.0,0.0,0.0,0.0,
GER-Bundesliga,1819,2019-05-11 Hannover 96-SC Freiburg,Hannover 96,Michael Esser,True,Goalkeeper,1,start,end,1.0,0.0,0.0,0.0,0.0,0.0,0.0,0.0,1.0,0.0,0.0,0.0,0.0,0.0,
GER-Bundesliga,1819,2019-05-11 Hannover 96-SC Freiburg,SC Freiburg,Alexander Schwolow,False,Goalkeeper,1,start,end,1.0,0.0,0.0,0.0,0.0,0.0,0.0,3.0,3.0,0.0,0.0,0.0,0.0,0.0,
GER-Bundesliga,1819,2019-05-11 RB Leipzig-Bayern Munich,Bayern Munich,Sven Ulreich,False,Goalkeeper,1,start,end,1.0,0.0,0.0,0.0,0.0,0.0,0.0,0.0,3.0,0.0,0.0,0.0,0.0,0.0,
GER-Bundesliga,1819,2019-05-11 RB Leipzig-Bayern Munich,RB Leipzig,Péter Gulácsi,True,Goalkeeper,1,start,end,1.0,0.0,0.0,0.0,0.0,0.0,0.0,0.0,5.0,0.0,0.0,0.0,0.0,0.0,
GER-Bundesliga,1819,2019-05-11 TSG Hoffenheim-Werder Bremen,TSG Hoffenheim,Oliver Baumann,True,Goalkeeper,1,start,end,1.0,0.0,0.0,0.0,0.0,0.0,0.0,1.0,6.0,0.0,0.0,0.0,0.0,0.0,
GER-Bundesliga,1819,2019-05-11 TSG Hoffenheim-Werder Bremen,Werder Bremen,Jirí Pavlenka,False,Goalkeeper,1,start,end,1.0,0.0,0.0,0.0,0.0,0.0,0.0,0.0,3.0,0.0,0.0,0.0,0.0,0.0,
GER-Bundesliga,1819,2019-05-11 VfB Stuttgart-VfL Wolfsburg,VfB Stuttgart,Ron-Robert Zieler,True,Goalkeeper,1,start,end,1.0,0.0,0.0,0.0,0.0,0.0,0.0,0.0,2.0,0.0,0.0,0.0,0.0,0.0,
GER-Bundesliga,1819,2019-05-11 VfB Stuttgart-VfL Wolfsburg,VfL Wolfsburg,Pavao Pervan,False,Goalkeeper,1,start,end,1.0,0.0,0.0,0.0,0.0,0.0,0.0,3.0,1.0,0.0,0.0,0.0,0.0,0.0,
GER-Bundesliga,1819,2019-05-12 Eintracht Frankfurt-Mainz,Eintracht Frankfurt,Kevin Trapp,True,Goalkeeper,1,start,end,1.0,0.0,0.0,0.0,0.0,0.0,0.0,2.0,2.0,0.0,0.0,0.0,0.0,0.0,
GER-Bundesliga,1819,2019-05-12 Eintracht Frankfurt-Mainz,Mainz,Florian Müller,False,Goalkeeper,1,start,end,1.0,0.0,0.0,0.0,0.0,0.0,0.0,0.0,4.0,0.0,0.0,0.0,0.0,0.0,
GER-Bundesliga,1819,2019-05-18 Bayern Munich-Eintracht Frankfurt,Bayern Munich,Sven Ulreich,True,Goalkeeper,1,start,end,1.0,0.0,1.0,0.0,0.0,0.0,0.0,1.0,1.0,0.0,0.0,0.0,0.0,0.0,
GER-Bundesliga,1819,2019-05-18 Bayern Munich-Eintracht Frankfurt,Eintracht Frankfurt,Kevin Trapp,False,Goalkeeper,1,start,end,1.0,0.0,0.0,0.0,0.0,0.0,0.0,5.0,8.0,0.0,0.0,0.0,0.0,0.0,
GER-Bundesliga,1819,2019-05-18 Borussia Mönchengladbach-Borussia Dortmund,Borussia Dortmund,Roman Bürki,False,Goalkeeper,1,start,end,1.0,0.0,1.0,0.0,0.0,0.0,0.0,0.0,0.0,0.0,0.0,0.0,0.0,0.0,
GER-Bundesliga,1819,2019-05-18 Borussia Mönchengladbach-Borussia Dortmund,Borussia Mönchengladbach,Yann Sommer,True,Goalkeeper,1,start,end,1.0,0.0,0.0,0.0,0.0,0.0,0.0,2.0,1.0,0.0,0.0,0.0,0.0,0.0,
GER-Bundesliga,1819,2019-05-18 Fortuna Düsseldorf-Hannover 96,Fortuna Düsseldorf,Michael Rensing,True,Goalkeeper,1,start,end,1.0,0.0,0.0,0.0,0.0,0.0,0.0,1.0,2.0,0.0,0.0,0.0,0.0,0.0,
GER-Bundesliga,1819,2019-05-18 Fortuna Düsseldorf-Hannover 96,Hannover 96,Samuel Radlinger,False,Goalkeeper,1,start,end,1.0,0.0,0.0,0.0,0.0,0.0,0.0,2.0,4.0,0.0,0.0,0.0,0.0,0.0,
GER-Bundesliga,1819,2019-05-18 Hertha Berlin-Bayer Leverkusen,Bayer Leverkusen,Lukas Hradecky,False,Goalkeeper,1,start,end,1.0,0.0,0.0,0.0,0.0,0.0,0.0,1.0,3.0,0.0,0.0,0.0,0.0,0.0,
GER-Bundesliga,1819,2019-05-18 Hertha Berlin-Bayer Leverkusen,Hertha Berlin,Thomas Kraft,True,Goalkeeper,1,start,end,1.0,0.0,0.0,0.0,0.0,0.0,0.0,5.0,3.0,0.0,0.0,0.0,0.0,0.0,
GER-Bundesliga,1819,2019-05-18 Mainz-TSG Hoffenheim,Mainz,Robin Zentner,True,Goalkeeper,1,start,end,1.0,0.0,1.0,0.0,0.0,0.0,0.0,2.0,5.0,0.0,0.0,0.0,0.0,0.0,
GER-Bundesliga,1819,2019-05-18 Mainz-TSG Hoffenheim,TSG Hoffenheim,Oliver Baumann,False,Goalkeeper,1,start,end,1.0,0.0,1.0,0.0,0.0,0.0,0.0,4.0,8.0,0.0,0.0,0.0,0.0,0.0,
GER-Bundesliga,1819,2019-05-18 SC Freiburg-1. FC Nürnberg,1. FC Nürnberg,Christian Mathenia,False,Goalkeeper,1,start,end,1.0,0.0,0.0,0.0,0.0,0.0,0.0,5.0,3.0,0.0,0.0,0.0,0.0,0.0,
GER-Bundesliga,1819,2019-05-18 SC Freiburg-1. FC Nürnberg,SC Freiburg,Mark Flekken,True,Goalkeeper,1,start,end,1.0,0.0,0.0,0.0,0.0,0.0,0.0,1.0,4.0,0.0,0.0,0.0,0.0,0.0,
GER-Bundesliga,1819,2019-05-18 Schalke 04-VfB Stuttgart,Schalke 04,Alexander Nübel,True,Goalkeeper,1,start,end,1.0,0.0,0.0,0.0,0.0,0.0,0.0,0.0,7.0,0.0,0.0,0.0,0.0,0.0,
GER-Bundesliga,1819,2019-05-18 Schalke 04-VfB Stuttgart,VfB Stuttgart,Ron-Robert Zieler,False,Goalkeeper,1,start,end,1.0,0.0,0.0,0.0,0.0,0.0,0.0,0.0,3.0,0.0,0.0,0.0,0.0,0.0,
GER-Bundesliga,1819,2019-05-18 VfL Wolfsburg-FC Augsburg,FC Augsburg,Gregor Kobel,False,Goalkeeper,1,start,end,1.0,0.0,0.0,0.0,0.0,0.0,0.0,8.0,4.0,0.0,0.0,0.0,0.0,0.0,
GER-Bundesliga,1819,2019-05-18 VfL Wolfsburg-FC Augsburg,VfL Wolfsburg,Pavao Pervan,True,Goalkeeper,1,start,end,1.0,0.0,0.0,0.0,0.0,0.0,0.0,1.0,2.0,0.0,0.0,0.0,0.0,0.0,
GER-Bundesliga,1819,2019-05-18 Werder Bremen-RB Leipzig,RB Leipzig,Yvon Mvogo,False,Goalkeeper,1,start,end,1.0,0.0,0.0,0.0,0.0,0.0,0.0,2.0,1.0,0.0,0.0,0.0,0.0,0.0,
GER-Bundesliga,1819,2019-05-18 Werder Bremen-RB Leipzig,Werder Bremen,Jirí Pavlenka,True,Goalkeeper,1,start,end,1.0,0.0,0.0,0.0,0.0,0.0,0.0,1.0,2.0,0.0,0.0,0.0,0.0,0.0,
