league,season,game,team,player,is_home,position,formation_place,sub_in,sub_out,appearances,fouls_committed,fouls_suffered,own_goals,red_cards,sub_ins,yellow_cards,goals_conceded,saves,shots_faced,goal_assists,shots_on_target,total_goals,total_shots,offsides
ENG-Premier League,2526,2025-08-15 Liverpool-AFC Bournemouth,AFC Bournemouth,Djordje Petrovic,False,Goalkeeper,1,start,end,1.0,0.0,0.0,0.0,0.0,0.0,0.0,4.0,6.0,0.0,0.0,0.0,0.0,0.0,
ENG-Premier League,2526,2025-08-15 Liverpool-AFC Bournemouth,Liverpool,Alisson Becker,True,Goalkeeper,1,start,end,1.0,0.0,0.0,0.0,0.0,0.0,0.0,2.0,1.0,0.0,0.0,0.0,0.0,0.0,
ENG-Premier League,2526,2025-08-16 Aston Villa-Newcastle United,Aston Villa,Marco Bizot,True,Goalkeeper,1,start,end,1.0,0.0,0.0,0.0,0.0,0.0,0.0,0.0,3.0,0.0,0.0,0.0,0.0,0.0,
ENG-Premier League,2526,2025-08-16 Aston Villa-Newcastle United,Newcastle United,Nick Pope,False,Goalkeeper,1,start,end,1.0,0.0,0.0,0.0,0.0,0.0,0.0,0.0,3.0,0.0,0.0,0.0,0.0,0.0,
ENG-Premier League,2526,2025-08-16 Brighton & Hove Albion-Fulham,Brighton & Hove Albion,Bart Verbruggen,True,Goalkeeper,1,start,end,1.0,0.0,0.0,0.0,0.0,0.0,0.0,1.0,1.0,0.0,0.0,0.0,0.0,0.0,
ENG-Premier League,2526,2025-08-16 Brighton & Hove Albion-Fulham,Fulham,Bernd Leno,False,Goalkeeper,1,start,end,1.0,0.0,1.0,0.0,0.0,0.0,0.0,1.0,3.0,0.0,0.0,0.0,0.0,0.0,
ENG-Premier League,2526,2025-08-16 Sunderland-West Ham United,Sunderland,Robin Roefs,True,Goalkeeper,1,start,end,1.0,0.0,0.0,0.0,0.0,0.0,0.0,0.0,4.0,0.0,0.0,0.0,0.0,0.0,
ENG-Premier League,2526,2025-08-16 Sunderland-West Ham United,West Ham United,Mads Hermansen,False,Goalkeeper,1,start,end,1.0,0.0,0.0,0.0,0.0,0.0,0.0,3.0,2.0,0.0,0.0,0.0,0.0,0.0,
ENG-Premier League,2526,2025-08-16 Tottenham Hotspur-Burnley,Burnley,Martin Dúbravka,False,Goalkeeper,1,start,end,1.0,0.0,0.0,0.0,0.0,0.0,0.0,3.0,3.0,0.0,0.0,0.0,0.0,0.0,
ENG-Premier League,2526,2025-08-16 Tottenham Hotspur-Burnley,Tottenham Hotspur,Guglielmo Vicario,True,Goalkeeper,1,start,end,1.0,0.0,0.0,0.0,0.0,0.0,0.0,0.0,4.0,0.0,0.0,0.0,0.0,0.0,
ENG-Premier League,2526,2025-08-16 Wolverhampton Wanderers-Manchester City,Manchester City,James Trafford,False,Goalkeeper,1,start,end,1.0,0.0,0.0,0.0,0.0,0.0,0.0,0.0,3.0,0.0,0.0,0.0,0.0,0.0,
ENG-Premier League,2526,2025-08-16 Wolverhampton Wanderers-Manchester City,Wolverhampton Wanderers,José Sá,True,Goalkeeper,1,start,end,1.0,0.0,0.0,0.0,0.0,0.0,0.0,4.0,0.0,0.0,0.0,0.0,0.0,0.0,
ENG-Premier League,2526,2025-08-17 Chelsea-Crystal Palace,Chelsea,Robert Sánchez,True,Goalkeeper,1,start,end,1.0,0.0,0.0,0.0,0.0,0.0,0.0,0.0,4.0,0.0,0.0,0.0,0.0,0.0,
ENG-Premier League,2526,2025-08-17 Chelsea-Crystal Palace,Crystal Palace,Dean Henderson,False,Goalkeeper,1,start,end,1.0,0.0,0.0,0.0,0.0,0.0,0.0,0.0,2.0,0.0,0.0,0.0,0.0,0.0,
ENG-Premier League,2526,2025-08-17 Manchester United-Arsenal,Arsenal,David Raya,False,Goalkeeper,1,start,end,1.0,0.0,0.0,0.0,0.0,0.0,1.0,0.0,7.0,0.0,0.0,0.0,0.0,0.0,
ENG-Premier League,2526,2025-08-17 Manchester United-Arsenal,Manchester United,Altay Bayindir,True,Goalkeeper,1,start,end,1.0,0.0,2.0,0.0,0.0,0.0,0.0,1.0,2.0,0.0,0.0,0.0,0.0,0.0,
ENG-Premier League,2526,2025-08-17 Nottingham Forest-Brentford,Brentford,Caoimhín Kelleher,False,Goalkeeper,1,start,end,1.0,0.0,0.0,0.0,0.0,0.0,0.0,3.0,2.0,0.0,0.0,0.0,0.0,0.0,
ENG-Premier League,2526,2025-08-17 Nottingham Forest-Brentford,Nottingham Forest,Matz Sels,True,Goalkeeper,1,start,end,1.0,0.0,0.0,0.0,0.0,0.0,0.0,1.0,2.0,0.0,0.0,0.0,0.0,0.0,
ENG-Premier League,2526,2025-08-18 Leeds United-Everton,Everton,Jordan Pickford,False,Goalkeeper,1,start,end,1.0,0.0,0.0,0.0,0.0,0.0,0.0,1.0,2.0,0.0,0.0,0.0,0.0,0.0,
ENG-Premier League,2526,2025-08-18 Leeds United-Everton,Leeds United,Lucas Perri,True,Goalkeeper,1,start,end,1.0,0.0,0.0,0.0,0.0,0.0,0.0,0.0,1.0,0.0,0.0,0.0,0.0,0.0,
ENG-Premier League,2526,2025-08-22 West Ham United-Chelsea,Chelsea,Robert Sánchez,False,Goalkeeper,1,start,end,1.0,0.0,0.0,0.0,0.0,0.0,0.0,1.0,3.0,0.0,0.0,0.0,0.0,0.0,
ENG-Premier League,2526,2025-08-22 West Ham United-Chelsea,West Ham United,Mads Hermansen,True,Goalkeeper,1,start,end,1.0,0.0,0.0,0.0,0.0,0.0,0.0,5.0,2.0,0.0,0.0,0.0,0.0,0.0,
ENG-Premier League,2526,2025-08-23 AFC Bournemouth-Wolverhampton Wanderers,AFC Bournemouth,Djordje Petrovic,True,Goalkeeper,1,start,end,1.0,0.0,0.0,0.0,0.0,0.0,0.0,0.0,1.0,0.0,0.0,0.0,0.0,0.0,
ENG-Premier League,2526,2025-08-23 AFC Bournemouth-Wolverhampton Wanderers,Wolverhampton Wanderers,José Sá,False,Goalkeeper,1,start,end,1.0,0.0,0.0,0.0,0.0,0.0,0.0,1.0,3.0,0.0,0.0,0.0,0.0,0.0,
ENG-Premier League,2526,2025-08-23 Arsenal-Leeds United,Arsenal,David Raya,True,Goalkeeper,1,start,end,1.0,0.0,0.0,0.0,0.0,0.0,0.0,0.0,1.0,0.0,0.0,0.0,0.0,0.0,
ENG-Premier League,2526,2025-08-23 Arsenal-Leeds United,Leeds United,Lucas Perri,False,Goalkeeper,1,start,end,1.0,0.0,0.0,0.0,0.0,0.0,0.0,5.0,0.0,0.0,0.0,0.0,0.0,0.0,
ENG-Premier League,2526,2025-08-23 Brentford-Aston Villa,Aston Villa,Emiliano Martínez,False,Goalkeeper,1,start,end,1.0,0.0,1.0,0.0,0.0,0.0,0.0,1.0,1.0,0.0,0.0,0.0,0.0,0.0,
ENG-Premier League,2526,2025-08-23 Brentford-Aston Villa,Brentford,Caoimhín Kelleher,True,Goalkeeper,1,start,end,1.0,0.0,0.0,0.0,0.0,0.0,1.0,0.0,2.0,0.0,0.0,0.0,0.0,0.0,
ENG-Premier League,2526,2025-08-23 Burnley-Sunderland,Burnley,Martin Dúbravka,True,Goalkeeper,1,start,end,1.0,0.0,0.0,0.0,0.0,0.0,0.0,0.0,1.0,0.0,0.0,0.0,0.0,0.0,
ENG-Premier League,2526,2025-08-23 Burnley-Sunderland,Sunderland,Robin Roefs,False,Goalkeeper,1,start,end,1.0,0.0,0.0,0.0,0.0,0.0,0.0,2.0,0.0,0.0,0.0,0.0,0.0,0.0,
ENG-Premier League,2526,2025-08-23 Manchester City-Tottenham Hotspur,Manchester City,James Trafford,True,Goalkeeper,1,start,end,1.0,0.0,1.0,0.0,0.0,0.0,0.0,2.0,3.0,0.0,0.0,0.0,0.0,0.0,
ENG-Premier League,2526,2025-08-23 Manchester City-Tottenham Hotspur,Tottenham Hotspur,Guglielmo Vicario,False,Goalkeeper,1,start,end,1.0,0.0,0.0,0.0,0.0,0.0,0.0,0.0,4.0,0.0,0.0,0.0,0.0,0.0,
ENG-Premier League,2526,2025-08-24 Crystal Palace-Nottingham Forest,Crystal Palace,Dean Henderson,True,Goalkeeper,1,start,end,1.0,0.0,0.0,0.0,0.0,0.0,0.0,1.0,0.0,0.0,0.0,0.0,0.0,0.0,
ENG-Premier League,2526,2025-08-24 Crystal Palace-Nottingham Forest,Nottingham Forest,Matz Sels,False,Goalkeeper,1,start,end,1.0,0.0,0.0,0.0,0.0,0.0,1.0,1.0,3.0,0.0,0.0,0.0,0.0,0.0,
ENG-Premier League,2526,2025-08-24 Everton-Brighton & Hove Albion,Brighton & Hove Albion,Bart Verbruggen,False,Goalkeeper,1,start,end,1.0,0.0,0.0,0.0,0.0,0.0,0.0,2.0,1.0,0.0,0.0,0.0,0.0,0.0,
ENG-Premier League,2526,2025-08-24 Everton-Brighton & Hove Albion,Everton,Jordan Pickford,True,Goalkeeper,1,start,end,1.0,0.0,0.0,0.0,0.0,0.0,0.0,0.0,4.0,0.0,0.0,0.0,0.0,0.0,
ENG-Premier League,2526,2025-08-24 Fulham-Manchester United,Fulham,Bernd Leno,True,Goalkeeper,1,start,end,1.0,0.0,0.0,0.0,0.0,0.0,0.0,1.0,3.0,0.0,0.0,0.0,0.0,0.0,
ENG-Premier League,2526,2025-08-24 Fulham-Manchester United,Manchester United,Altay Bayindir,False,Goalkeeper,1,start,end,1.0,0.0,0.0,0.0,0.0,0.0,0.0,1.0,2.0,0.0,0.0,0.0,0.0,0.0,
ENG-Premier League,2526,2025-08-25 Newcastle United-Liverpool,Liverpool,Alisson Becker,False,Goalkeeper,1,start,end,1.0,0.0,1.0,0.0,0.0,0.0,0.0,2.0,1.0,0.0,0.0,0.0,0.0,0.0,
ENG-Premier League,2526,2025-08-25 Newcastle United-Liverpool,Newcastle United,Nick Pope,True,Goalkeeper,1,start,end,1.0,0.0,0.0,0.0,0.0,0.0,0.0,3.0,1.0,0.0,0.0,0.0,0.0,0.0,
ENG-Premier League,2526,2025-08-30 Chelsea-Fulham,Chelsea,Robert Sánchez,True,Goalkeeper,1,start,end,1.0,0.0,0.0,0.0,0.0,0.0,0.0,0.0,1.0,0.0,0.0,0.0,0.0,0.0,
ENG-Premier League,2526,2025-08-30 Chelsea-Fulham,Fulham,Bernd Leno,False,Goalkeeper,1,start,end,1.0,0.0,0.0,0.0,0.0,0.0,0.0,2.0,4.0,0.0,0.0,0.0,0.0,0.0,
ENG-Premier League,2526,2025-08-30 Leeds United-Newcastle United,Leeds United,Lucas Perri,True,Goalkeeper,1,start,end,1.0,0.0,0.0,0.0,0.0,0.0,0.0,0.0,2.0,0.0,0.0,0.0,0.0,0.0,
ENG-Premier League,2526,2025-08-30 Leeds United-Newcastle United,Newcastle United,Nick Pope,False,Goalkeeper,1,start,end,1.0,0.0,0.0,0.0,0.0,0.0,1.0,0.0,1.0,0.0,0.0,0.0,0.0,0.0,
ENG-Premier League,2526,2025-08-30 Manchester United-Burnley,Burnley,Martin Dúbravka,False,Goalkeeper,1,start,end,1.0,0.0,0.0,0.0,0.0,0.0,0.0,3.0,5.0,0.0,0.0,0.0,0.0,0.0,
ENG-Premier League,2526,2025-08-30 Manchester United-Burnley,Manchester United,Altay Bayindir,True,Goalkeeper,1,start,end,1.0,0.0,0.0,0.0,0.0,0.0,0.0,2.0,1.0,0.0,0.0,0.0,0.0,0.0,
ENG-Premier League,2526,2025-08-30 Sunderland-Brentford,Brentford,Caoimhín Kelleher,False,Goalkeeper,1,start,end,1.0,0.0,0.0,0.0,0.0,0.0,0.0,2.0,1.0,0.0,0.0,0.0,0.0,0.0,
ENG-Premier League,2526,2025-08-30 Sunderland-Brentford,Sunderland,Robin Roefs,True,Goalkeeper,1,start,end,1.0,0.0,0.0,0.0,0.0,0.0,0.0,1.0,3.0,0.0,0.0,0.0,0.0,0.0,
ENG-Premier League,2526,2025-08-30 Tottenham Hotspur-AFC Bournemouth,AFC Bournemouth,Djordje Petrovic,False,Goalkeeper,1,start,end,1.0,0.0,0.0,0.0,0.0,0.0,1.0,0.0,1.0,0.0,0.0,0.0,0.0,0.0,
ENG-Premier League,2526,2025-08-30 Tottenham Hotspur-AFC Bournemouth,Tottenham Hotspur,Guglielmo Vicario,True,Goalkeeper,1,start,end,1.0,0.0,0.0,0.0,0.0,0.0,0.0,1.0,5.0,0.0,0.0,0.0,0.0,0.0,
ENG-Premier League,2526,2025-08-30 Wolverhampton Wanderers-Everton,Everton,Jordan Pickford,False,Goalkeeper,1,start,end,1.0,0.0,0.0,0.0,0.0,0.0,0.0,2.0,2.0,0.0,0.0,0.0,0.0,0.0,
ENG-Premier League,2526,2025-08-30 Wolverhampton Wanderers-Everton,Wolverhampton Wanderers,José Sá,True,Goalkeeper,1,start,end,1.0,0.0,0.0,0.0,0.0,0.0,0.0,3.0,1.0,0.0,0.0,0.0,0.0,0.0,
ENG-Premier League,2526,2025-08-31 Aston Villa-Crystal Palace,Aston Villa,Marco Bizot,True,Goalkeeper,1,start,end,1.0,1.0,0.0,0.0,0.0,0.0,1.0,3.0,1.0,0.0,0.0,0.0,0.0,0.0,
ENG-Premier League,2526,2025-08-31 Aston Villa-Crystal Palace,Crystal Palace,Dean Henderson,False,Goalkeeper,1,start,end,1.0,0.0,0.0,0.0,0.0,0.0,0.0,0.0,4.0,0.0,0.0,0.0,0.0,0.0,
ENG-Premier League,2526,2025-08-31 Brighton & Hove Albion-Manchester City,Brighton & Hove Albion,Bart Verbruggen,True,Goalkeeper,1,start,end,1.0,0.0,0.0,0.0,0.0,0.0,0.0,1.0,2.0,0.0,0.0,0.0,0.0,0.0,
ENG-Premier League,2526,2025-08-31 Brighton & Hove Albion-Manchester City,Manchester City,James Trafford,False,Goalkeeper,1,start,end,1.0,0.0,0.0,0.0,0.0,0.0,0.0,2.0,5.0,0.0,0.0,0.0,0.0,0.0,
ENG-Premier League,2526,2025-08-31 Liverpool-Arsenal,Arsenal,David Raya,False,Goalkeeper,1,start,end,1.0,0.0,0.0,0.0,0.0,0.0,0.0,1.0,2.0,0.0,0.0,0.0,0.0,0.0,
ENG-Premier League,2526,2025-08-31 Liverpool-Arsenal,Liverpool,Alisson Becker,True,Goalkeeper,1,start,end,1.0,0.0,0.0,0.0,0.0,0.0,0.0,0.0,1.0,0.0,0.0,0.0,0.0,0.0,
ENG-Premier League,2526,2025-08-31 Nottingham Forest-West Ham United,Nottingham Forest,Matz Sels,True,Goalkeeper,1,start,end,1.0,0.0,0.0,0.0,0.0,0.0,0.0,3.0,5.0,0.0,0.0,0.0,0.0,0.0,
ENG-Premier League,2526,2025-08-31 Nottingham Forest-West Ham United,West Ham United,Mads Hermansen,False,Goalkeeper,1,start,end,1.0,0.0,0.0,0.0,0.0,0.0,0.0,0.0,3.0,0.0,0.0,0.0,0.0,0.0,
ENG-Premier League,2526,2025-09-13 AFC Bournemouth-Brighton & Hove Albion,AFC Bournemouth,Djordje Petrovic,True,Goalkeeper,1,start,end,1.0,0.0,0.0,0.0,0.0,0.0,0.0,1.0,1.0,0.0,0.0,0.0,0.0,0.0,
ENG-Premier League,2526,2025-09-13 AFC Bournemouth-Brighton & Hove Albion,Brighton & Hove Albion,Bart Verbruggen,False,Goalkeeper,1,start,end,1.0,0.0,0.0,0.0,0.0,0.0,0.0,2.0,3.0,0.0,0.0,0.0,0.0,0.0,
ENG-Premier League,2526,2025-09-13 Arsenal-Nottingham Forest,Arsenal,David Raya,True,Goalkeeper,1,start,end,1.0,0.0,0.0,0.0,0.0,0.0,0.0,0.0,1.0,0.0,0.0,0.0,0.0,0.0,
ENG-Premier League,2526,2025-09-13 Arsenal-Nottingham Forest,Nottingham Forest,Matz Sels,False,Goalkeeper,1,start,end,1.0,0.0,0.0,0.0,0.0,0.0,0.0,3.0,2.0,0.0,0.0,0.0,0.0,0.0,
ENG-Premier League,2526,2025-09-13 Brentford-Chelsea,Brentford,Caoimhín Kelleher,True,Goalkeeper,1,start,end,1.0,0.0,0.0,0.0,0.0,0.0,0.0,2.0,4.0,0.0,0.0,0.0,0.0,0.0,
ENG-Premier League,2526,2025-09-13 Brentford-Chelsea,Chelsea,Robert Sánchez,False,Goalkeeper,1,start,end,1.0,0.0,0.0,0.0,0.0,0.0,0.0,2.0,3.0,0.0,0.0,0.0,0.0,0.0,
ENG-Premier League,2526,2025-09-13 Crystal Palace-Sunderland,Crystal Palace,Dean Henderson,True,Goalkeeper,1,start,end,1.0,0.0,0.0,0.0,0.0,0.0,0.0,0.0,0.0,0.0,0.0,0.0,0.0,0.0,
ENG-Premier League,2526,2025-09-13 Crystal Palace-Sunderland,Sunderland,Robin Roefs,False,Goalkeeper,1,start,end,1.0,0.0,1.0,0.0,0.0,0.0,1.0,0.0,6.0,0.0,0.0,0.0,0.0,0.0,
ENG-Premier League,2526,2025-09-13 Everton-Aston Villa,Aston Villa,Emiliano Martínez,False,Goalkeeper,1,start,end,1.0,0.0,1.0,0.0,0.0,0.0,0.0,0.0,2.0,0.0,0.0,0.0,0.0,0.0,
ENG-Premier League,2526,2025-09-13 Everton-Aston Villa,Everton,Jordan Pickford,True,Goalkeeper,1,start,end,1.0,0.0,1.0,0.0,0.0,0.0,0.0,0.0,1.0,0.0,0.0,0.0,0.0,0.0,
ENG-Premier League,2526,2025-09-13 Fulham-Leeds United,Fulham,Bernd Leno,True,Goalkeeper,1,start,end,1.0,0.0,0.0,0.0,0.0,0.0,0.0,0.0,3.0,0.0,0.0,0.0,0.0,0.0,
ENG-Premier League,2526,2025-09-13 Fulham-Leeds United,Leeds United,Karl Darlow,False,Goalkeeper,1,start,end,1.0,0.0,2.0,0.0,0.0,0.0,0.0,1.0,3.0,0.0,0.0,0.0,0.0,0.0,
ENG-Premier League,2526,2025-09-13 Newcastle United-Wolverhampton Wanderers,Newcastle United,Nick Pope,True,Goalkeeper,1,start,end,1.0,0.0,0.0,0.0,0.0,0.0,0.0,0.0,3.0,0.0,0.0,0.0,0.0,0.0,
ENG-Premier League,2526,2025-09-13 Newcastle United-Wolverhampton Wanderers,Wolverhampton Wanderers,Sam Johnstone,False,Goalkeeper,1,start,end,1.0,0.0,0.0,0.0,0.0,0.0,0.0,1.0,3.0,0.0,0.0,0.0,0.0,0.0,
ENG-Premier League,2526,2025-09-13 West Ham United-Tottenham Hotspur,Tottenham Hotspur,Guglielmo Vicario,False,Goalkeeper,1,start,end,1.0,0.0,1.0,0.0,0.0,0.0,0.0,0.0,4.0,0.0,0.0,0.0,0.0,0.0,
ENG-Premier League,2526,2025-09-13 West Ham United-Tottenham Hotspur,West Ham United,Mads Hermansen,True,Goalkeeper,1,start,end,1.0,0.0,0.0,0.0,0.0,0.0,0.0,3.0,2.0,0.0,0.0,0.0,0.0,0.0,
ENG-Premier League,2526,2025-09-14 Burnley-Liverpool,Burnley,Martin Dúbravka,True,Goalkeeper,1,start,end,1.0,0.0,0.0,0.0,0.0,0.0,0.0,1.0,3.0,0.0,0.0,0.0,0.0,0.0,
ENG-Premier League,2526,2025-09-14 Burnley-Liverpool,Liverpool,Alisson Becker,False,Goalkeeper,1,start,end,1.0,0.0,0.0,0.0,0.0,0.0,0.0,0.0,0.0,0.0,0.0,0.0,0.0,0.0,
ENG-Premier League,2526,2025-09-14 Manchester City-Manchester United,Manchester City,Gianluigi Donnarumma,True,Goalkeeper,1,start,end,1.0,0.0,0.0,0.0,0.0,0.0,0.0,0.0,2.0,0.0,0.0,0.0,0.0,0.0,
ENG-Premier League,2526,2025-09-14 Manchester City-Manchester United,Manchester United,Altay Bayindir,False,Goalkeeper,1,start,end,1.0,0.0,0.0,0.0,0.0,0.0,0.0,3.0,3.0,0.0,0.0,0.0,0.0,0.0,
ENG-Premier League,2526,2025-09-20 Brighton & Hove Albion-Tottenham Hotspur,Brighton & Hove Albion,Bart Verbruggen,True,Goalkeeper,1,start,end,1.0,0.0,0.0,0.0,0.0,0.0,0.0,2.0,2.0,0.0,0.0,0.0,0.0,0.0,
ENG-Premier League,2526,2025-09-20 Brighton & Hove Albion-Tottenham Hotspur,Tottenham Hotspur,Guglielmo Vicario,False,Goalkeeper,1,start,end,1.0,0.0,0.0,0.0,0.0,0.0,0.0,2.0,2.0,0.0,0.0,0.0,0.0,0.0,
ENG-Premier League,2526,2025-09-20 Burnley-Nottingham Forest,Burnley,Martin Dúbravka,True,Goalkeeper,1,start,end,1.0,0.0,0.0,0.0,0.0,0.0,0.0,1.0,7.0,0.0,0.0,0.0,0.0,0.0,
ENG-Premier League,2526,2025-09-20 Burnley-Nottingham Forest,Nottingham Forest,Matz Sels,False,Goalkeeper,1,start,end,1.0,0.0,0.0,0.0,0.0,0.0,0.0,1.0,4.0,0.0,0.0,0.0,0.0,0.0,
ENG-Premier League,2526,2025-09-20 Fulham-Brentford,Brentford,Caoimhín Kelleher,False,Goalkeeper,1,start,end,1.0,0.0,0.0,0.0,0.0,0.0,0.0,3.0,2.0,0.0,0.0,0.0,0.0,0.0,
ENG-Premier League,2526,2025-09-20 Fulham-Brentford,Fulham,Bernd Leno,True,Goalkeeper,1,start,end,1.0,0.0,2.0,0.0,0.0,0.0,1.0,1.0,2.0,0.0,0.0,0.0,0.0,0.0,
ENG-Premier League,2526,2025-09-20 Liverpool-Everton,Everton,Jordan Pickford,False,Goalkeeper,1,start,end,1.0,0.0,0.0,0.0,0.0,0.0,0.0,2.0,1.0,0.0,0.0,0.0,0.0,0.0,
ENG-Premier League,2526,2025-09-20 Liverpool-Everton,Liverpool,Alisson Becker,True,Goalkeeper,1,start,end,1.0,0.0,1.0,0.0,0.0,0.0,0.0,1.0,1.0,0.0,0.0,0.0,0.0,0.0,
ENG-Premier League,2526,2025-09-20 Manchester United-Chelsea,Chelsea,Robert Sánchez,False,Goalkeeper,1,start,end,1.0,1.0,0.0,0.0,1.0,0.0,0.0,0.0,1.0,0.0,0.0,0.0,0.0,0.0,
ENG-Premier League,2526,2025-09-20 Manchester United-Chelsea,Manchester United,Altay Bayindir,True,Goalkeeper,1,start,end,1.0,0.0,1.0,0.0,0.0,0.0,0.0,1.0,0.0,0.0,0.0,0.0,0.0,0.0,
ENG-Premier League,2526,2025-09-20 West Ham United-Crystal Palace,Crystal Palace,Dean Henderson,False,Goalkeeper,1,start,end,1.0,0.0,1.0,0.0,0.0,0.0,1.0,1.0,2.0,0.0,0.0,0.0,0.0,0.0,
ENG-Premier League,2526,2025-09-20 West Ham United-Crystal Palace,West Ham United,Alphonse Areola,True,Goalkeeper,1,start,end,1.0,0.0,0.0,0.0,0.0,0.0,0.0,2.0,1.0,0.0,0.0,0.0,0.0,0.0,
ENG-Premier League,2526,2025-09-20 Wolverhampton Wanderers-Leeds United,Leeds United,Karl Darlow,False,Goalkeeper,1,start,end,1.0,0.0,1.0,0.0,0.0,0.0,0.0,1.0,5.0,0.0,0.0,0.0,0.0,0.0,
ENG-Premier League,2526,2025-09-20 Wolverhampton Wanderers-Leeds United,Wolverhampton Wanderers,José Sá,True,Goalkeeper,1,start,end,1.0,0.0,0.0,0.0,0.0,0.0,0.0,3.0,1.0,0.0,0.0,0.0,0.0,0.0,
ENG-Premier League,2526,2025-09-21 AFC Bournemouth-Newcastle United,AFC Bournemouth,Djordje Petrovic,True,Goalkeeper,1,start,end,1.0,0.0,0.0,0.0,0.0,0.0,0.0,0.0,1.0,0.0,0.0,0.0,0.0,0.0,
ENG-Premier League,2526,2025-09-21 AFC Bournemouth-Newcastle United,Newcastle United,Nick Pope,False,Goalkeeper,1,start,end,1.0,0.0,0.0,0.0,0.0,0.0,0.0,0.0,2.0,0.0,0.0,0.0,0.0,0.0,
ENG-Premier League,2526,2025-09-21 Arsenal-Manchester City,Arsenal,David Raya,True,Goalkeeper,1,start,end,1.0,0.0,1.0,0.0,0.0,0.0,0.0,1.0,2.0,0.0,0.0,0.0,0.0,0.0,
ENG-Premier League,2526,2025-09-21 Arsenal-Manchester City,Manchester City,Gianluigi Donnarumma,False,Goalkeeper,1,start,end,1.0,0.0,0.0,0.0,0.0,0.0,1.0,1.0,2.0,0.0,0.0,0.0,0.0,0.0,
ENG-Premier League,2526,2025-09-21 Sunderland-Aston Villa,Aston Villa,Emiliano Martínez,False,Goalkeeper,1,start,end,1.0,0.0,1.0,0.0,0.0,0.0,0.0,1.0,3.0,0.0,0.0,0.0,0.0,0.0,
ENG-Premier League,2526,2025-09-21 Sunderland-Aston Villa,Sunderland,Robin Roefs,True,Goalkeeper,1,start,end,1.0,0.0,0.0,0.0,0.0,0.0,0.0,1.0,1.0,0.0,0.0,0.0,0.0,0.0,
ENG-Premier League,2526,2025-09-27 Brentford-Manchester United,Brentford,Caoimhín Kelleher,True,Goalkeeper,1,start,end,1.0,0.0,0.0,0.0,0.0,0.0,0.0,1.0,5.0,0.0,0.0,0.0,0.0,0.0,
ENG-Premier League,2526,2025-09-27 Brentford-Manchester United,Manchester United,Altay Bayindir,False,Goalkeeper,1,start,end,1.0,0.0,0.0,0.0,0.0,0.0,0.0,3.0,5.0,0.0,0.0,0.0,0.0,0.0,
ENG-Premier League,2526,2025-09-27 Chelsea-Brighton & Hove Albion,Brighton & Hove Albion,Bart Verbruggen,False,Goalkeeper,1,start,end,1.0,0.0,0.0,0.0,0.0,0.0,0.0,1.0,2.0,0.0,0.0,0.0,0.0,0.0,
ENG-Premier League,2526,2025-09-27 Chelsea-Brighton & Hove Albion,Chelsea,Robert Sánchez,True,Goalkeeper,1,start,end,1.0,0.0,2.0,0.0,0.0,0.0,0.0,3.0,0.0,0.0,0.0,0.0,0.0,0.0,
ENG-Premier League,2526,2025-09-27 Crystal Palace-Liverpool,Crystal Palace,Dean Henderson,True,Goalkeeper,1,start,end,1.0,0.0,1.0,0.0,0.0,0.0,0.0,1.0,3.0,0.0,0.0,0.0,0.0,0.0,
ENG-Premier League,2526,2025-09-27 Crystal Palace-Liverpool,Liverpool,Alisson Becker,False,Goalkeeper,1,start,end,1.0,0.0,1.0,0.0,0.0,0.0,0.0,2.0,5.0,0.0,0.0,0.0,0.0,0.0,
ENG-Premier League,2526,2025-09-27 Leeds United-AFC Bournemouth,AFC Bournemouth,Djordje Petrovic,False,Goalkeeper,1,start,end,1.0,0.0,0.0,0.0,0.0,0.0,0.0,2.0,6.0,0.0,0.0,0.0,0.0,0.0,
ENG-Premier League,2526,2025-09-27 Leeds United-AFC Bournemouth,Leeds United,Karl Darlow,True,Goalkeeper,1,start,end,1.0,0.0,1.0,0.0,0.0,0.0,0.0,2.0,3.0,0.0,0.0,0.0,0.0,0.0,
ENG-Premier League,2526,2025-09-27 Manchester City-Burnley,Burnley,Martin Dúbravka,False,Goalkeeper,1,start,end,1.0,0.0,0.0,0.0,0.0,0.0,0.0,5.0,5.0,0.0,0.0,0.0,0.0,0.0,
ENG-Premier League,2526,2025-09-27 Manchester City-Burnley,Manchester City,Gianluigi Donnarumma,True,Goalkeeper,1,start,end,1.0,0.0,0.0,0.0,0.0,0.0,0.0,1.0,1.0,0.0,0.0,0.0,0.0,0.0,
ENG-Premier League,2526,2025-09-27 Nottingham Forest-Sunderland,Nottingham Forest,Matz Sels,True,Goalkeeper,1,start,end,1.0,0.0,0.0,0.0,0.0,0.0,0.0,1.0,2.0,0.0,0.0,0.0,0.0,0.0,
ENG-Premier League,2526,2025-09-27 Nottingham Forest-Sunderland,Sunderland,Robin Roefs,False,Goalkeeper,1,start,end,1.0,0.0,0.0,0.0,0.0,0.0,0.0,0.0,6.0,0.0,0.0,0.0,0.0,0.0,
ENG-Premier League,2526,2025-09-27 Tottenham Hotspur-Wolverhampton Wanderers,Tottenham Hotspur,Guglielmo Vicario,True,Goalkeeper,1,start,end,1.0,0.0,0.0,0.0,0.0,0.0,0.0,1.0,2.0,0.0,0.0,0.0,0.0,0.0,
ENG-Premier League,2526,2025-09-27 Tottenham Hotspur-Wolverhampton Wanderers,Wolverhampton Wanderers,Sam Johnstone,False,Goalkeeper,1,start,end,1.0,0.0,0.0,0.0,0.0,0.0,0.0,1.0,2.0,0.0,0.0,0.0,0.0,0.0,
ENG-Premier League,2526,2025-09-28 Aston Villa-Fulham,Aston Villa,Emiliano Martínez,True,Goalkeeper,1,start,end,1.0,0.0,1.0,0.0,0.0,0.0,0.0,1.0,3.0,0.0,0.0,0.0,0.0,0.0,
ENG-Premier League,2526,2025-09-28 Aston Villa-Fulham,Fulham,Bernd Leno,False,Goalkeeper,1,start,end,1.0,0.0,0.0,0.0,0.0,0.0,0.0,3.0,1.0,0.0,0.0,0.0,0.0,0.0,
ENG-Premier League,2526,2025-09-28 Newcastle United-Arsenal,Arsenal,David Raya,False,Goalkeeper,1,start,end,1.0,0.0,0.0,0.0,0.0,0.0,0.0,1.0,2.0,0.0,0.0,0.0,0.0,0.0,
ENG-Premier League,2526,2025-09-28 Newcastle United-Arsenal,Newcastle United,Nick Pope,True,Goalkeeper,1,start,end,1.0,0.0,0.0,0.0,0.0,0.0,0.0,2.0,5.0,0.0,0.0,0.0,0.0,0.0,
ENG-Premier League,2526,2025-09-29 Everton-West Ham United,Everton,Jordan Pickford,True,Goalkeeper,1,start,end,1.0,0.0,0.0,0.0,0.0,0.0,0.0,1.0,2.0,0.0,0.0,0.0,0.0,0.0,
ENG-Premier League,2526,2025-09-29 Everton-West Ham United,West Ham United,Alphonse Areola,False,Goalkeeper,1,start,end,1.0,0.0,0.0,0.0,0.0,0.0,0.0,1.0,5.0,0.0,0.0,0.0,0.0,0.0,
ENG-Premier League,2526,2025-10-03 AFC Bournemouth-Fulham,AFC Bournemouth,Djordje Petrovic,True,Goalkeeper,1,start,end,1.0,0.0,0.0,0.0,0.0,0.0,0.0,1.0,3.0,0.0,0.0,0.0,0.0,0.0,
ENG-Premier League,2526,2025-10-03 AFC Bournemouth-Fulham,Fulham,Bernd Leno,False,Goalkeeper,1,start,end,1.0,0.0,0.0,0.0,0.0,0.0,0.0,3.0,3.0,0.0,0.0,0.0,0.0,0.0,
ENG-Premier League,2526,2025-10-04 Arsenal-West Ham United,Arsenal,David Raya,True,Goalkeeper,1,start,end,1.0,0.0,0.0,0.0,0.0,0.0,0.0,0.0,0.0,0.0,0.0,0.0,0.0,0.0,
ENG-Premier League,2526,2025-10-04 Arsenal-West Ham United,West Ham United,Alphonse Areola,False,Goalkeeper,1,start,end,1.0,0.0,0.0,0.0,0.0,0.0,0.0,2.0,3.0,0.0,0.0,0.0,0.0,0.0,
ENG-Premier League,2526,2025-10-04 Chelsea-Liverpool,Chelsea,Robert Sánchez,True,Goalkeeper,1,start,end,1.0,0.0,1.0,0.0,0.0,0.0,0.0,1.0,1.0,0.0,0.0,0.0,0.0,0.0,
ENG-Premier League,2526,2025-10-04 Chelsea-Liverpool,Liverpool,Giorgi Mamardashvili,False,Goalkeeper,1,start,end,1.0,0.0,1.0,0.0,0.0,0.0,0.0,2.0,4.0,0.0,0.0,0.0,0.0,0.0,
ENG-Premier League,2526,2025-10-04 Leeds United-Tottenham Hotspur,Leeds United,Karl Darlow,True,Goalkeeper,1,start,end,1.0,0.0,0.0,0.0,0.0,0.0,0.0,2.0,1.0,0.0,0.0,0.0,0.0,0.0,
ENG-Premier League,2526,2025-10-04 Leeds United-Tottenham Hotspur,Tottenham Hotspur,Guglielmo Vicario,False,Goalkeeper,1,start,end,1.0,0.0,1.0,0.0,0.0,0.0,0.0,1.0,3.0,0.0,0.0,0.0,0.0,0.0,
ENG-Premier League,2526,2025-10-04 Manchester United-Sunderland,Manchester United,Senne Lammens,True,Goalkeeper,1,start,end,1.0,0.0,0.0,0.0,0.0,0.0,0.0,0.0,3.0,0.0,0.0,0.0,0.0,0.0,
ENG-Premier League,2526,2025-10-04 Manchester United-Sunderland,Sunderland,Robin Roefs,False,Goalkeeper,1,start,end,1.0,0.0,0.0,0.0,0.0,0.0,0.0,2.0,4.0,0.0,0.0,0.0,0.0,0.0,
ENG-Premier League,2526,2025-10-05 Aston Villa-Burnley,Aston Villa,Emiliano Martínez,True,Goalkeeper,1,start,end,1.0,0.0,0.0,0.0,0.0,0.0,1.0,1.0,1.0,0.0,0.0,0.0,0.0,0.0,
ENG-Premier League,2526,2025-10-05 Aston Villa-Burnley,Burnley,Martin Dúbravka,False,Goalkeeper,1,start,end,1.0,0.0,0.0,0.0,0.0,0.0,0.0,2.0,5.0,0.0,0.0,0.0,0.0,0.0,
ENG-Premier League,2526,2025-10-05 Brentford-Manchester City,Brentford,Caoimhín Kelleher,True,Goalkeeper,1,start,end,1.0,0.0,1.0,0.0,0.0,0.0,0.0,1.0,3.0,0.0,0.0,0.0,0.0,0.0,
ENG-Premier League,2526,2025-10-05 Brentford-Manchester City,Manchester City,Gianluigi Donnarumma,False,Goalkeeper,1,start,end,1.0,0.0,0.0,0.0,0.0,0.0,0.0,0.0,1.0,0.0,0.0,0.0,0.0,0.0,
ENG-Premier League,2526,2025-10-05 Everton-Crystal Palace,Crystal Palace,Dean Henderson,False,Goalkeeper,1,start,end,1.0,0.0,0.0,0.0,0.0,0.0,0.0,2.0,5.0,0.0,0.0,0.0,0.0,0.0,
ENG-Premier League,2526,2025-10-05 Everton-Crystal Palace,Everton,Jordan Pickford,True,Goalkeeper,1,start,end,1.0,0.0,0.0,0.0,0.0,0.0,0.0,1.0,5.0,0.0,0.0,0.0,0.0,0.0,
ENG-Premier League,2526,2025-10-05 Newcastle United-Nottingham Forest,Newcastle United,Nick Pope,True,Goalkeeper,1,start,end,1.0,0.0,0.0,0.0,0.0,0.0,0.0,0.0,4.0,0.0,0.0,0.0,0.0,0.0,
ENG-Premier League,2526,2025-10-05 Newcastle United-Nottingham Forest,Nottingham Forest,Matz Sels,False,Goalkeeper,1,start,end,1.0,0.0,0.0,0.0,0.0,0.0,0.0,2.0,7.0,0.0,0.0,0.0,0.0,0.0,
ENG-Premier League,2526,2025-10-05 Wolverhampton Wanderers-Brighton & Hove Albion,Brighton & Hove Albion,Bart Verbruggen,False,Goalkeeper,1,start,end,1.0,0.0,0.0,1.0,0.0,0.0,0.0,1.0,3.0,0.0,0.0,0.0,0.0,0.0,
ENG-Premier League,2526,2025-10-05 Wolverhampton Wanderers-Brighton & Hove Albion,Wolverhampton Wanderers,Sam Johnstone,True,Goalkeeper,1,start,end,1.0,0.0,0.0,0.0,0.0,0.0,0.0,1.0,5.0,0.0,0.0,0.0,0.0,0.0,
ENG-Premier League,2526,2025-10-18 Brighton & Hove Albion-Newcastle United,Brighton & Hove Albion,Bart Verbruggen,True,Goalkeeper,1,start,end,1.0,0.0,1.0,0.0,0.0,0.0,0.0,1.0,2.0,0.0,0.0,0.0,0.0,0.0,
ENG-Premier League,2526,2025-10-18 Brighton & Hove Albion-Newcastle United,Newcastle United,Nick Pope,False,Goalkeeper,1,start,end,1.0,0.0,0.0,0.0,0.0,0.0,0.0,2.0,3.0,0.0,0.0,0.0,0.0,0.0,
ENG-Premier League,2526,2025-10-18 Burnley-Leeds United,Burnley,Martin Dúbravka,True,Goalkeeper,1,start,end,1.0,0.0,0.0,0.0,0.0,0.0,0.0,0.0,4.0,0.0,0.0,0.0,0.0,0.0,
ENG-Premier League,2526,2025-10-18 Burnley-Leeds United,Leeds United,Karl Darlow,False,Goalkeeper,1,start,end,1.0,0.0,0.0,0.0,0.0,0.0,0.0,2.0,1.0,0.0,0.0,0.0,0.0,0.0,
ENG-Premier League,2526,2025-10-18 Crystal Palace-AFC Bournemouth,AFC Bournemouth,Djordje Petrovic,False,Goalkeeper,1,start,end,1.0,0.0,0.0,0.0,0.0,0.0,0.0,3.0,4.0,0.0,0.0,0.0,0.0,0.0,
ENG-Premier League,2526,2025-10-18 Crystal Palace-AFC Bournemouth,Crystal Palace,Dean Henderson,True,Goalkeeper,1,start,end,1.0,0.0,0.0,0.0,0.0,0.0,0.0,3.0,2.0,0.0,0.0,0.0,0.0,0.0,
ENG-Premier League,2526,2025-10-18 Fulham-Arsenal,Arsenal,David Raya,False,Goalkeeper,1,start,end,1.0,0.0,0.0,0.0,0.0,0.0,0.0,0.0,0.0,0.0,0.0,0.0,0.0,0.0,
ENG-Premier League,2526,2025-10-18 Fulham-Arsenal,Fulham,Bernd Leno,True,Goalkeeper,1,start,end,1.0,0.0,0.0,0.0,0.0,0.0,0.0,1.0,4.0,0.0,0.0,0.0,0.0,0.0,
ENG-Premier League,2526,2025-10-18 Manchester City-Everton,Everton,Jordan Pickford,False,Goalkeeper,1,start,end,1.0,0.0,0.0,0.0,0.0,0.0,0.0,2.0,5.0,0.0,0.0,0.0,0.0,0.0,
ENG-Premier League,2526,2025-10-18 Manchester City-Everton,Manchester City,Gianluigi Donnarumma,True,Goalkeeper,1,start,end,1.0,0.0,0.0,0.0,0.0,0.0,0.0,0.0,1.0,0.0,0.0,0.0,0.0,0.0,
ENG-Premier League,2526,2025-10-18 Nottingham Forest-Chelsea,Chelsea,Robert Sánchez,False,Goalkeeper,1,start,end,1.0,0.0,0.0,0.0,0.0,0.0,1.0,0.0,2.0,0.0,0.0,0.0,0.0,0.0,
ENG-Premier League,2526,2025-10-18 Nottingham Forest-Chelsea,Nottingham Forest,Matz Sels,True,Goalkeeper,1,start,end,1.0,0.0,0.0,0.0,0.0,0.0,0.0,3.0,3.0,0.0,0.0,0.0,0.0,0.0,
ENG-Premier League,2526,2025-10-18 Sunderland-Wolverhampton Wanderers,Sunderland,Robin Roefs,True,Goalkeeper,1,start,end,1.0,0.0,0.0,0.0,0.0,0.0,0.0,0.0,3.0,0.0,0.0,0.0,0.0,0.0,
ENG-Premier League,2526,2025-10-18 Sunderland-Wolverhampton Wanderers,Wolverhampton Wanderers,Sam Johnstone,False,Goalkeeper,1,start,end,1.0,0.0,0.0,0.0,0.0,0.0,0.0,2.0,1.0,0.0,0.0,0.0,0.0,0.0,
ENG-Premier League,2526,2025-10-19 Liverpool-Manchester United,Liverpool,Giorgi Mamardashvili,True,Goalkeeper,1,start,end,1.0,0.0,0.0,0.0,0.0,0.0,0.0,2.0,2.0,0.0,0.0,0.0,0.0,0.0,
ENG-Premier League,2526,2025-10-19 Liverpool-Manchester United,Manchester United,Senne Lammens,False,Goalkeeper,1,start,end,1.0,0.0,0.0,0.0,0.0,0.0,0.0,1.0,5.0,0.0,0.0,0.0,0.0,0.0,
ENG-Premier League,2526,2025-10-19 Tottenham Hotspur-Aston Villa,Aston Villa,Emiliano Martínez,False,Goalkeeper,1,start,end,1.0,0.0,0.0,0.0,0.0,0.0,0.0,1.0,2.0,0.0,0.0,0.0,0.0,0.0,
ENG-Premier League,2526,2025-10-19 Tottenham Hotspur-Aston Villa,Tottenham Hotspur,Guglielmo Vicario,True,Goalkeeper,1,start,end,1.0,0.0,0.0,0.0,0.0,0.0,0.0,2.0,0.0,0.0,0.0,0.0,0.0,0.0,
ENG-Premier League,2526,2025-10-20 West Ham United-Brentford,Brentford,Caoimhín Kelleher,False,Goalkeeper,1,start,end,1.0,0.0,0.0,0.0,0.0,0.0,0.0,0.0,1.0,0.0,0.0,0.0,0.0,0.0,
ENG-Premier League,2526,2025-10-20 West Ham United-Brentford,West Ham United,Alphonse Areola,True,Goalkeeper,1,start,end,1.0,0.0,0.0,0.0,0.0,0.0,0.0,2.0,4.0,0.0,0.0,0.0,0.0,0.0,
ENG-Premier League,2526,2025-10-24 Leeds United-West Ham United,Leeds United,Lucas Perri,True,Goalkeeper,1,start,end,1.0,0.0,0.0,0.0,0.0,0.0,1.0,1.0,2.0,0.0,0.0,0.0,0.0,0.0,
ENG-Premier League,2526,2025-10-24 Leeds United-West Ham United,West Ham United,Alphonse Areola,False,Goalkeeper,1,start,end,1.0,0.0,0.0,0.0,0.0,0.0,0.0,2.0,3.0,0.0,0.0,0.0,0.0,0.0,
ENG-Premier League,2526,2025-10-25 Brentford-Liverpool,Brentford,Caoimhín Kelleher,True,Goalkeeper,1,start,end,1.0,0.0,2.0,0.0,0.0,0.0,0.0,2.0,3.0,0.0,0.0,0.0,0.0,0.0,
ENG-Premier League,2526,2025-10-25 Brentford-Liverpool,Liverpool,Giorgi Mamardashvili,False,Goalkeeper,1,start,end,1.0,0.0,0.0,0.0,0.0,0.0,0.0,3.0,5.0,0.0,0.0,0.0,0.0,0.0,
ENG-Premier League,2526,2025-10-25 Chelsea-Sunderland,Chelsea,Robert Sánchez,True,Goalkeeper,1,start,end,1.0,0.0,0.0,0.0,0.0,0.0,0.0,2.0,2.0,0.0,0.0,0.0,0.0,0.0,
ENG-Premier League,2526,2025-10-25 Chelsea-Sunderland,Sunderland,Robin Roefs,False,Goalkeeper,1,start,end,1.0,0.0,0.0,0.0,0.0,0.0,0.0,1.0,6.0,0.0,0.0,0.0,0.0,0.0,
ENG-Premier League,2526,2025-10-25 Manchester United-Brighton & Hove Albion,Brighton & Hove Albion,Bart Verbruggen,False,Goalkeeper,1,start,end,1.0,0.0,0.0,0.0,0.0,0.0,0.0,4.0,5.0,0.0,0.0,0.0,0.0,0.0,
ENG-Premier League,2526,2025-10-25 Manchester United-Brighton & Hove Albion,Manchester United,Senne Lammens,True,Goalkeeper,1,start,end,1.0,0.0,0.0,0.0,0.0,0.0,0.0,2.0,3.0,0.0,0.0,0.0,0.0,0.0,
ENG-Premier League,2526,2025-10-25 Newcastle United-Fulham,Fulham,Bernd Leno,False,Goalkeeper,1,start,end,1.0,0.0,0.0,0.0,0.0,0.0,0.0,2.0,5.0,0.0,0.0,0.0,0.0,0.0,
ENG-Premier League,2526,2025-10-25 Newcastle United-Fulham,Newcastle United,Nick Pope,True,Goalkeeper,1,start,end,1.0,0.0,0.0,0.0,0.0,0.0,0.0,1.0,4.0,0.0,0.0,0.0,0.0,0.0,
ENG-Premier League,2526,2025-10-26 AFC Bournemouth-Nottingham Forest,AFC Bournemouth,Djordje Petrovic,True,Goalkeeper,1,start,end,1.0,0.0,0.0,0.0,0.0,0.0,0.0,0.0,4.0,0.0,0.0,0.0,0.0,0.0,
ENG-Premier League,2526,2025-10-26 AFC Bournemouth-Nottingham Forest,Nottingham Forest,Matz Sels,False,Goalkeeper,1,start,end,1.0,0.0,0.0,0.0,0.0,0.0,0.0,2.0,3.0,0.0,0.0,0.0,0.0,0.0,
ENG-Premier League,2526,2025-10-26 Arsenal-Crystal Palace,Arsenal,David Raya,True,Goalkeeper,1,start,end,1.0,0.0,0.0,0.0,0.0,0.0,0.0,0.0,1.0,0.0,0.0,0.0,0.0,0.0,
ENG-Premier League,2526,2025-10-26 Arsenal-Crystal Palace,Crystal Palace,Dean Henderson,False,Goalkeeper,1,start,end,1.0,0.0,0.0,0.0,0.0,0.0,0.0,1.0,2.0,0.0,0.0,0.0,0.0,0.0,
ENG-Premier League,2526,2025-10-26 Aston Villa-Manchester City,Aston Villa,Emiliano Martínez,True,Goalkeeper,1,start,end,1.0,0.0,0.0,0.0,0.0,0.0,0.0,0.0,3.0,0.0,0.0,0.0,0.0,0.0,
ENG-Premier League,2526,2025-10-26 Aston Villa-Manchester City,Manchester City,Gianluigi Donnarumma,False,Goalkeeper,1,start,end,1.0,0.0,0.0,0.0,0.0,0.0,0.0,1.0,2.0,0.0,0.0,0.0,0.0,0.0,
ENG-Premier League,2526,2025-10-26 Everton-Tottenham Hotspur,Everton,Jordan Pickford,True,Goalkeeper,1,start,end,1.0,0.0,0.0,0.0,0.0,0.0,0.0,3.0,1.0,0.0,0.0,0.0,0.0,0.0,
ENG-Premier League,2526,2025-10-26 Everton-Tottenham Hotspur,Tottenham Hotspur,Guglielmo Vicario,False,Goalkeeper,1,start,end,1.0,0.0,0.0,0.0,0.0,0.0,0.0,0.0,2.0,0.0,0.0,0.0,0.0,0.0,
ENG-Premier League,2526,2025-10-26 Wolverhampton Wanderers-Burnley,Burnley,Martin Dúbravka,False,Goalkeeper,1,start,end,1.0,0.0,0.0,0.0,0.0,0.0,0.0,2.0,5.0,0.0,0.0,0.0,0.0,0.0,
ENG-Premier League,2526,2025-10-26 Wolverhampton Wanderers-Burnley,Wolverhampton Wanderers,Sam Johnstone,True,Goalkeeper,1,start,end,1.0,0.0,0.0,0.0,0.0,0.0,0.0,3.0,4.0,0.0,0.0,0.0,0.0,0.0,
ENG-Premier League,2526,2025-11-01 Brighton & Hove Albion-Leeds United,Brighton & Hove Albion,Bart Verbruggen,True,Goalkeeper,1,start,end,1.0,0.0,0.0,0.0,0.0,0.0,0.0,0.0,2.0,0.0,0.0,0.0,0.0,0.0,
ENG-Premier League,2526,2025-11-01 Brighton & Hove Albion-Leeds United,Leeds United,Lucas Perri,False,Goalkeeper,1,start,end,1.0,0.0,0.0,0.0,0.0,0.0,0.0,3.0,4.0,0.0,0.0,0.0,0.0,0.0,
ENG-Premier League,2526,2025-11-01 Burnley-Arsenal,Arsenal,David Raya,False,Goalkeeper,1,start,end,1.0,0.0,0.0,0.0,0.0,0.0,0.0,0.0,0.0,0.0,0.0,0.0,0.0,0.0,
ENG-Premier League,2526,2025-11-01 Burnley-Arsenal,Burnley,Martin Dúbravka,True,Goalkeeper,1,start,end,1.0,0.0,1.0,0.0,0.0,0.0,0.0,2.0,5.0,0.0,0.0,0.0,0.0,0.0,
ENG-Premier League,2526,2025-11-01 Crystal Palace-Brentford,Brentford,Caoimhín Kelleher,False,Goalkeeper,1,start,end,1.0,0.0,0.0,0.0,0.0,0.0,0.0,2.0,2.0,0.0,0.0,0.0,0.0,0.0,
ENG-Premier League,2526,2025-11-01 Crystal Palace-Brentford,Crystal Palace,Dean Henderson,True,Goalkeeper,1,start,end,1.0,0.0,0.0,0.0,0.0,0.0,0.0,0.0,2.0,0.0,0.0,0.0,0.0,0.0,
ENG-Premier League,2526,2025-11-01 Fulham-Wolverhampton Wanderers,Fulham,Bernd Leno,True,Goalkeeper,1,start,end,1.0,0.0,0.0,0.0,0.0,0.0,0.0,0.0,2.0,0.0,0.0,0.0,0.0,0.0,
ENG-Premier League,2526,2025-11-01 Fulham-Wolverhampton Wanderers,Wolverhampton Wanderers,Sam Johnstone,False,Goalkeeper,1,start,end,1.0,0.0,0.0,0.0,0.0,0.0,0.0,3.0,4.0,0.0,0.0,0.0,0.0,0.0,
ENG-Premier League,2526,2025-11-01 Liverpool-Aston Villa,Aston Villa,Emiliano Martínez,False,Goalkeeper,1,start,end,1.0,0.0,0.0,0.0,0.0,0.0,0.0,2.0,2.0,0.0,0.0,0.0,0.0,0.0,
ENG-Premier League,2526,2025-11-01 Liverpool-Aston Villa,Liverpool,Giorgi Mamardashvili,True,Goalkeeper,1,start,end,1.0,0.0,0.0,0.0,0.0,0.0,0.0,0.0,3.0,0.0,0.0,0.0,0.0,0.0,
ENG-Premier League,2526,2025-11-01 Nottingham Forest-Manchester United,Manchester United,Senne Lammens,False,Goalkeeper,1,start,end,1.0,0.0,0.0,0.0,0.0,0.0,0.0,2.0,1.0,0.0,0.0,0.0,0.0,0.0,
ENG-Premier League,2526,2025-11-01 Nottingham Forest-Manchester United,Nottingham Forest,Matz Sels,True,Goalkeeper,1,start,end,1.0,0.0,0.0,0.0,0.0,0.0,0.0,2.0,4.0,0.0,0.0,0.0,0.0,0.0,
ENG-Premier League,2526,2025-11-01 Tottenham Hotspur-Chelsea,Chelsea,Robert Sánchez,False,Goalkeeper,1,start,end,1.0,0.0,0.0,0.0,0.0,0.0,0.0,0.0,1.0,0.0,0.0,0.0,0.0,0.0,
ENG-Premier League,2526,2025-11-01 Tottenham Hotspur-Chelsea,Tottenham Hotspur,Guglielmo Vicario,True,Goalkeeper,1,start,end,1.0,0.0,0.0,0.0,0.0,0.0,0.0,1.0,8.0,0.0,0.0,0.0,0.0,0.0,
ENG-Premier League,2526,2025-11-02 Manchester City-AFC Bournemouth,AFC Bournemouth,Djordje Petrovic,False,Goalkeeper,1,start,end,1.0,0.0,0.0,0.0,0.0,0.0,0.0,3.0,4.0,0.0,0.0,0.0,0.0,0.0,
ENG-Premier League,2526,2025-11-02 Manchester City-AFC Bournemouth,Manchester City,Gianluigi Donnarumma,True,Goalkeeper,1,start,end,1.0,0.0,1.0,0.0,0.0,0.0,1.0,1.0,4.0,0.0,0.0,0.0,0.0,0.0,
ENG-Premier League,2526,2025-11-02 West Ham United-Newcastle United,Newcastle United,Nick Pope,False,Goalkeeper,1,start,end,1.0,0.0,0.0,0.0,0.0,0.0,0.0,3.0,7.0,0.0,0.0,0.0,0.0,0.0,
ENG-Premier League,2526,2025-11-02 West Ham United-Newcastle United,West Ham United,Alphonse Areola,True,Goalkeeper,1,start,end,1.0,0.0,0.0,0.0,0.0,0.0,0.0,1.0,3.0,0.0,0.0,0.0,0.0,0.0,
ENG-Premier League,2526,2025-11-03 Sunderland-Everton,Everton,Jordan Pickford,False,Goalkeeper,1,start,end,1.0,0.0,0.0,0.0,0.0,0.0,0.0,1.0,2.0,0.0,0.0,0.0,0.0,0.0,
ENG-Premier League,2526,2025-11-03 Sunderland-Everton,Sunderland,Robin Roefs,True,Goalkeeper,1,start,end,1.0,0.0,1.0,0.0,0.0,0.0,0.0,1.0,1.0,0.0,0.0,0.0,0.0,0.0,
ENG-Premier League,2526,2025-11-08 Chelsea-Wolverhampton Wanderers,Chelsea,Robert Sánchez,True,Goalkeeper,1,start,end,1.0,0.0,0.0,0.0,0.0,0.0,0.0,0.0,0.0,0.0,0.0,0.0,0.0,0.0,
ENG-Premier League,2526,2025-11-08 Chelsea-Wolverhampton Wanderers,Wolverhampton Wanderers,Sam Johnstone,False,Goalkeeper,1,start,end,1.0,0.0,0.0,0.0,0.0,0.0,0.0,3.0,5.0,0.0,0.0,0.0,0.0,0.0,
ENG-Premier League,2526,2025-11-08 Everton-Fulham,Everton,Jordan Pickford,True,Goalkeeper,1,start,end,1.0,0.0,0.0,0.0,0.0,0.0,0.0,0.0,4.0,0.0,0.0,0.0,0.0,0.0,
ENG-Premier League,2526,2025-11-08 Everton-Fulham,Fulham,Bernd Leno,False,Goalkeeper,1,start,end,1.0,0.0,0.0,0.0,0.0,0.0,0.0,2.0,3.0,0.0,0.0,0.0,0.0,0.0,
ENG-Premier League,2526,2025-11-08 Sunderland-Arsenal,Arsenal,David Raya,False,Goalkeeper,1,start,end,1.0,0.0,0.0,0.0,0.0,0.0,0.0,2.0,0.0,0.0,0.0,0.0,0.0,0.0,
ENG-Premier League,2526,2025-11-08 Sunderland-Arsenal,Sunderland,Robin Roefs,True,Goalkeeper,1,start,end,1.0,0.0,1.0,0.0,0.0,0.0,0.0,2.0,5.0,0.0,0.0,0.0,0.0,0.0,
ENG-Premier League,2526,2025-11-08 Tottenham Hotspur-Manchester United,Manchester United,Senne Lammens,False,Goalkeeper,1,start,end,1.0,0.0,0.0,0.0,0.0,0.0,0.0,2.0,2.0,0.0,0.0,0.0,0.0,0.0,
ENG-Premier League,2526,2025-11-08 Tottenham Hotspur-Manchester United,Tottenham Hotspur,Guglielmo Vicario,True,Goalkeeper,1,start,end,1.0,0.0,0.0,0.0,0.0,0.0,0.0,2.0,0.0,0.0,0.0,0.0,0.0,0.0,
ENG-Premier League,2526,2025-11-08 West Ham United-Burnley,Burnley,Martin Dúbravka,False,Goalkeeper,1,start,end,1.0,0.0,0.0,0.0,0.0,0.0,0.0,3.0,3.0,0.0,0.0,0.0,0.0,0.0,
ENG-Premier League,2526,2025-11-08 West Ham United-Burnley,West Ham United,Alphonse Areola,True,Goalkeeper,1,start,end,1.0,0.0,0.0,0.0,0.0,0.0,0.0,2.0,5.0,0.0,0.0,0.0,0.0,0.0,
ENG-Premier League,2526,2025-11-09 Aston Villa-AFC Bournemouth,AFC Bournemouth,Djordje Petrovic,False,Goalkeeper,1,start,end,1.0,0.0,0.0,0.0,0.0,0.0,0.0,4.0,4.0,0.0,0.0,0.0,0.0,0.0,
ENG-Premier League,2526,2025-11-09 Aston Villa-AFC Bournemouth,Aston Villa,Emiliano Martínez,True,Goalkeeper,1,start,end,1.0,0.0,0.0,0.0,0.0,0.0,0.0,0.0,3.0,0.0,0.0,0.0,0.0,0.0,
ENG-Premier League,2526,2025-11-09 Brentford-Newcastle United,Brentford,Caoimhín Kelleher,True,Goalkeeper,1,start,end,1.0,0.0,0.0,0.0,0.0,0.0,0.0,1.0,0.0,0.0,0.0,0.0,0.0,0.0,
ENG-Premier League,2526,2025-11-09 Brentford-Newcastle United,Newcastle United,Nick Pope,False,Goalkeeper,1,start,77,1.0,0.0,1.0,0.0,0.0,0.0,0.0,1.0,3.0,0.0,0.0,0.0,0.0,0.0,
ENG-Premier League,2526,2025-11-09 Crystal Palace-Brighton & Hove Albion,Brighton & Hove Albion,Bart Verbruggen,False,Goalkeeper,1,start,end,1.0,0.0,0.0,0.0,0.0,0.0,0.0,0.0,2.0,0.0,0.0,0.0,0.0,0.0,
ENG-Premier League,2526,2025-11-09 Crystal Palace-Brighton & Hove Albion,Crystal Palace,Dean Henderson,True,Goalkeeper,1,start,end,1.0,0.0,0.0,0.0,0.0,0.0,0.0,0.0,3.0,0.0,0.0,0.0,0.0,0.0,
ENG-Premier League,2526,2025-11-09 Manchester City-Liverpool,Liverpool,Giorgi Mamardashvili,False,Goalkeeper,1,start,end,1.0,1.0,0.0,0.0,0.0,0.0,0.0,3.0,3.0,0.0,0.0,0.0,0.0,0.0,
ENG-Premier League,2526,2025-11-09 Manchester City-Liverpool,Manchester City,Gianluigi Donnarumma,True,Goalkeeper,1,start,end,1.0,0.0,0.0,0.0,0.0,0.0,0.0,0.0,2.0,0.0,0.0,0.0,0.0,0.0,
ENG-Premier League,2526,2025-11-09 Nottingham Forest-Leeds United,Leeds United,Lucas Perri,False,Goalkeeper,1,start,end,1.0,0.0,0.0,0.0,0.0,0.0,0.0,3.0,3.0,0.0,0.0,0.0,0.0,0.0,
ENG-Premier League,2526,2025-11-09 Nottingham Forest-Leeds United,Nottingham Forest,Matz Sels,True,Goalkeeper,1,start,end,1.0,0.0,1.0,0.0,0.0,0.0,0.0,1.0,2.0,0.0,0.0,0.0,0.0,0.0,
ENG-Premier League,2526,2025-11-22 AFC Bournemouth-West Ham United,AFC Bournemouth,Djordje Petrovic,True,Goalkeeper,1,start,end,1.0,0.0,0.0,0.0,0.0,0.0,0.0,2.0,0.0,0.0,0.0,0.0,0.0,0.0,
ENG-Premier League,2526,2025-11-22 AFC Bournemouth-West Ham United,West Ham United,Alphonse Areola,False,Goalkeeper,1,start,end,1.0,0.0,0.0,0.0,0.0,0.0,0.0,2.0,10.0,0.0,1.0,0.0,0.0,0.0,
ENG-Premier League,2526,2025-11-22 Brighton & Hove Albion-Brentford,Brentford,Caoimhín Kelleher,False,Goalkeeper,1,start,end,1.0,0.0,0.0,0.0,0.0,0.0,0.0,2.0,3.0,0.0,0.0,0.0,0.0,0.0,
ENG-Premier League,2526,2025-11-22 Brighton & Hove Albion-Brentford,Brighton & Hove Albion,Bart Verbruggen,True,Goalkeeper,1,start,end,1.0,0.0,0.0,0.0,0.0,0.0,1.0,1.0,3.0,0.0,0.0,0.0,0.0,0.0,
ENG-Premier League,2526,2025-11-22 Burnley-Chelsea,Burnley,Martin Dúbravka,True,Goalkeeper,1,start,end,1.0,0.0,0.0,0.0,0.0,0.0,0.0,2.0,3.0,0.0,0.0,0.0,0.0,0.0,
ENG-Premier League,2526,2025-11-22 Burnley-Chelsea,Chelsea,Robert Sánchez,False,Goalkeeper,1,start,end,1.0,0.0,1.0,0.0,0.0,0.0,0.0,0.0,2.0,0.0,0.0,0.0,0.0,0.0,
ENG-Premier League,2526,2025-11-22 Fulham-Sunderland,Fulham,Bernd Leno,True,Goalkeeper,1,start,end,1.0,0.0,0.0,0.0,0.0,0.0,1.0,0.0,2.0,0.0,0.0,0.0,0.0,0.0,
ENG-Premier League,2526,2025-11-22 Fulham-Sunderland,Sunderland,Robin Roefs,False,Goalkeeper,1,start,end,1.0,0.0,2.0,0.0,0.0,0.0,0.0,1.0,4.0,0.0,0.0,0.0,0.0,0.0,
ENG-Premier League,2526,2025-11-22 Liverpool-Nottingham Forest,Liverpool,Alisson Becker,True,Goalkeeper,1,start,end,1.0,0.0,0.0,0.0,0.0,0.0,0.0,3.0,4.0,0.0,0.0,0.0,0.0,0.0,
ENG-Premier League,2526,2025-11-22 Liverpool-Nottingham Forest,Nottingham Forest,Matz Sels,False,Goalkeeper,1,start,end,1.0,0.0,0.0,0.0,0.0,0.0,0.0,0.0,3.0,0.0,0.0,0.0,0.0,0.0,
ENG-Premier League,2526,2025-11-22 Newcastle United-Manchester City,Manchester City,Gianluigi Donnarumma,False,Goalkeeper,1,start,end,1.0,0.0,0.0,0.0,0.0,0.0,1.0,2.0,3.0,0.0,0.0,0.0,0.0,0.0,
ENG-Premier League,2526,2025-11-22 Newcastle United-Manchester City,Newcastle United,Nick Pope,True,Goalkeeper,1,start,end,1.0,0.0,0.0,0.0,0.0,0.0,0.0,1.0,3.0,0.0,0.0,0.0,0.0,0.0,
ENG-Premier League,2526,2025-11-22 Wolverhampton Wanderers-Crystal Palace,Crystal Palace,Dean Henderson,False,Goalkeeper,1,start,end,1.0,0.0,0.0,0.0,0.0,0.0,0.0,0.0,1.0,0.0,0.0,0.0,0.0,0.0,
ENG-Premier League,2526,2025-11-22 Wolverhampton Wanderers-Crystal Palace,Wolverhampton Wanderers,Sam Johnstone,True,Goalkeeper,1,start,end,1.0,0.0,0.0,0.0,0.0,0.0,0.0,2.0,2.0,0.0,0.0,0.0,0.0,0.0,
ENG-Premier League,2526,2025-11-23 Arsenal-Tottenham Hotspur,Arsenal,David Raya,True,Goalkeeper,1,start,end,1.0,0.0,1.0,0.0,0.0,0.0,0.0,1.0,1.0,0.0,0.0,0.0,0.0,0.0,
ENG-Premier League,2526,2025-11-23 Arsenal-Tottenham Hotspur,Tottenham Hotspur,Guglielmo Vicario,False,Goalkeeper,1,start,end,1.0,0.0,0.0,0.0,0.0,0.0,0.0,4.0,4.0,0.0,0.0,0.0,0.0,0.0,
ENG-Premier League,2526,2025-11-23 Leeds United-Aston Villa,Aston Villa,Emiliano Martínez,False,Goalkeeper,1,start,end,1.0,0.0,0.0,0.0,0.0,0.0,0.0,1.0,3.0,0.0,0.0,0.0,0.0,0.0,
ENG-Premier League,2526,2025-11-23 Leeds United-Aston Villa,Leeds United,Lucas Perri,True,Goalkeeper,1,start,end,1.0,0.0,0.0,0.0,0.0,0.0,0.0,2.0,2.0,0.0,0.0,0.0,0.0,0.0,
ENG-Premier League,2526,2025-11-24 Manchester United-Everton,Everton,Jordan Pickford,False,Goalkeeper,1,start,end,1.0,0.0,0.0,0.0,0.0,0.0,0.0,0.0,6.0,0.0,0.0,0.0,0.0,0.0,
ENG-Premier League,2526,2025-11-24 Manchester United-Everton,Manchester United,Senne Lammens,True,Goalkeeper,1,start,end,1.0,0.0,0.0,0.0,0.0,0.0,0.0,1.0,0.0,0.0,0.0,0.0,0.0,0.0,
ENG-Premier League,2526,2025-11-29 Brentford-Burnley,Brentford,Caoimhín Kelleher,True,Goalkeeper,1,start,end,1.0,0.0,0.0,0.0,0.0,0.0,0.0,1.0,1.0,0.0,0.0,0.0,0.0,0.0,
ENG-Premier League,2526,2025-11-29 Brentford-Burnley,Burnley,Martin Dúbravka,False,Goalkeeper,1,start,end,1.0,0.0,0.0,0.0,0.0,0.0,0.0,3.0,1.0,0.0,0.0,0.0,0.0,0.0,
ENG-Premier League,2526,2025-11-29 Everton-Newcastle United,Everton,Jordan Pickford,True,Goalkeeper,1,start,end,1.0,0.0,1.0,0.0,0.0,0.0,0.0,4.0,3.0,0.0,0.0,0.0,0.0,0.0,
ENG-Premier League,2526,2025-11-29 Everton-Newcastle United,Newcastle United,Aaron Ramsdale,False,Goalkeeper,1,start,end,1.0,0.0,0.0,0.0,0.0,0.0,0.0,1.0,1.0,0.0,0.0,0.0,0.0,0.0,
ENG-Premier League,2526,2025-11-29 Manchester City-Leeds United,Leeds United,Lucas Perri,False,Goalkeeper,1,start,end,1.0,0.0,0.0,0.0,0.0,0.0,0.0,3.0,6.0,0.0,0.0,0.0,0.0,0.0,
ENG-Premier League,2526,2025-11-29 Manchester City-Leeds United,Manchester City,Gianluigi Donnarumma,True,Goalkeeper,1,start,end,1.0,0.0,0.0,0.0,0.0,0.0,1.0,2.0,1.0,0.0,0.0,0.0,0.0,0.0,
ENG-Premier League,2526,2025-11-29 Sunderland-AFC Bournemouth,AFC Bournemouth,Djordje Petrovic,False,Goalkeeper,1,start,end,1.0,0.0,1.0,0.0,0.0,0.0,0.0,3.0,3.0,0.0,0.0,0.0,0.0,0.0,
ENG-Premier League,2526,2025-11-29 Sunderland-AFC Bournemouth,Sunderland,Robin Roefs,True,Goalkeeper,1,start,end,1.0,0.0,0.0,0.0,0.0,0.0,1.0,2.0,4.0,0.0,0.0,0.0,0.0,0.0,
ENG-Premier League,2526,2025-11-29 Tottenham Hotspur-Fulham,Fulham,Bernd Leno,False,Goalkeeper,1,start,end,1.0,0.0,0.0,0.0,0.0,0.0,1.0,1.0,0.0,0.0,0.0,0.0,0.0,0.0,
ENG-Premier League,2526,2025-11-29 Tottenham Hotspur-Fulham,Tottenham Hotspur,Guglielmo Vicario,True,Goalkeeper,1,start,end,1.0,0.0,0.0,0.0,0.0,0.0,0.0,2.0,1.0,0.0,0.0,0.0,0.0,0.0,
ENG-Premier League,2526,2025-11-30 Aston Villa-Wolverhampton Wanderers,Aston Villa,Emiliano Martínez,True,Goalkeeper,1,start,end,1.0,0.0,0.0,0.0,0.0,0.0,0.0,0.0,4.0,0.0,0.0,0.0,0.0,0.0,
ENG-Premier League,2526,2025-11-30 Aston Villa-Wolverhampton Wanderers,Wolverhampton Wanderers,Sam Johnstone,False,Goalkeeper,1,start,end,1.0,0.0,0.0,0.0,0.0,0.0,0.0,1.0,5.0,0.0,0.0,0.0,0.0,0.0,
ENG-Premier League,2526,2025-11-30 Chelsea-Arsenal,Arsenal,David Raya,False,Goalkeeper,1,start,end,1.0,0.0,1.0,0.0,0.0,0.0,0.0,1.0,3.0,0.0,0.0,0.0,0.0,0.0,
ENG-Premier League,2526,2025-11-30 Chelsea-Arsenal,Chelsea,Robert Sánchez,True,Goalkeeper,1,start,end,1.0,0.0,1.0,0.0,0.0,0.0,0.0,1.0,3.0,0.0,0.0,0.0,0.0,0.0,
ENG-Premier League,2526,2025-11-30 Crystal Palace-Manchester United,Crystal Palace,Dean Henderson,True,Goalkeeper,1,start,end,1.0,0.0,1.0,0.0,0.0,0.0,0.0,2.0,4.0,0.0,0.0,0.0,0.0,0.0,
ENG-Premier League,2526,2025-11-30 Crystal Palace-Manchester United,Manchester United,Senne Lammens,False,Goalkeeper,1,start,end,1.0,0.0,0.0,0.0,0.0,0.0,0.0,1.0,2.0,0.0,0.0,0.0,0.0,0.0,
ENG-Premier League,2526,2025-11-30 Nottingham Forest-Brighton & Hove Albion,Brighton & Hove Albion,Bart Verbruggen,False,Goalkeeper,1,start,end,1.0,0.0,0.0,0.0,0.0,0.0,0.0,0.0,3.0,0.0,0.0,0.0,0.0,0.0,
ENG-Premier League,2526,2025-11-30 Nottingham Forest-Brighton & Hove Albion,Nottingham Forest,Matz Sels,True,Goalkeeper,1,start,end,1.0,0.0,0.0,0.0,0.0,0.0,0.0,2.0,3.0,0.0,0.0,0.0,0.0,0.0,
ENG-Premier League,2526,2025-11-30 West Ham United-Liverpool,Liverpool,Alisson Becker,False,Goalkeeper,1,start,end,1.0,0.0,0.0,0.0,0.0,0.0,0.0,0.0,0.0,0.0,0.0,0.0,0.0,0.0,
ENG-Premier League,2526,2025-11-30 West Ham United-Liverpool,West Ham United,Alphonse Areola,True,Goalkeeper,1,start,end,1.0,0.0,0.0,0.0,0.0,0.0,0.0,2.0,3.0,0.0,0.0,0.0,0.0,0.0,
ENG-Premier League,2526,2025-12-02 AFC Bournemouth-Everton,AFC Bournemouth,Djordje Petrovic,True,Goalkeeper,1,start,end,1.0,0.0,0.0,0.0,0.0,0.0,0.0,1.0,2.0,0.0,0.0,0.0,0.0,0.0,
ENG-Premier League,2526,2025-12-02 AFC Bournemouth-Everton,Everton,Jordan Pickford,False,Goalkeeper,1,start,end,1.0,0.0,0.0,0.0,0.0,0.0,0.0,0.0,2.0,0.0,0.0,0.0,0.0,0.0,
ENG-Premier League,2526,2025-12-02 Fulham-Manchester City,Fulham,Bernd Leno,True,Goalkeeper,1,start,end,1.0,0.0,0.0,0.0,0.0,0.0,0.0,5.0,0.0,0.0,0.0,0.0,0.0,0.0,
ENG-Premier League,2526,2025-12-02 Fulham-Manchester City,Manchester City,Gianluigi Donnarumma,False,Goalkeeper,1,start,end,1.0,0.0,1.0,0.0,0.0,0.0,0.0,4.0,1.0,0.0,0.0,0.0,0.0,0.0,
ENG-Premier League,2526,2025-12-02 Newcastle United-Tottenham Hotspur,Newcastle United,Aaron Ramsdale,True,Goalkeeper,1,start,end,1.0,0.0,0.0,0.0,0.0,0.0,0.0,2.0,0.0,0.0,0.0,0.0,0.0,0.0,
ENG-Premier League,2526,2025-12-02 Newcastle United-Tottenham Hotspur,Tottenham Hotspur,Guglielmo Vicario,False,Goalkeeper,1,start,end,1.0,0.0,0.0,0.0,0.0,0.0,0.0,2.0,4.0,0.0,0.0,0.0,0.0,0.0,
ENG-Premier League,2526,2025-12-03 Arsenal-Brentford,Arsenal,David Raya,True,Goalkeeper,1,start,end,1.0,0.0,0.0,0.0,0.0,0.0,0.0,0.0,1.0,0.0,0.0,0.0,0.0,0.0,
ENG-Premier League,2526,2025-12-03 Arsenal-Brentford,Brentford,Caoimhín Kelleher,False,Goalkeeper,1,start,end,1.0,0.0,0.0,0.0,0.0,0.0,0.0,2.0,5.0,0.0,0.0,0.0,0.0,0.0,
ENG-Premier League,2526,2025-12-03 Brighton & Hove Albion-Aston Villa,Aston Villa,Marco Bizot,False,Goalkeeper,1,start,end,1.0,0.0,0.0,0.0,0.0,0.0,1.0,3.0,4.0,0.0,0.0,0.0,0.0,0.0,
ENG-Premier League,2526,2025-12-03 Brighton & Hove Albion-Aston Villa,Brighton & Hove Albion,Bart Verbruggen,True,Goalkeeper,1,start,end,1.0,0.0,0.0,0.0,0.0,0.0,1.0,4.0,6.0,0.0,0.0,0.0,0.0,0.0,
ENG-Premier League,2526,2025-12-03 Burnley-Crystal Palace,Burnley,Martin Dúbravka,True,Goalkeeper,1,start,end,1.0,0.0,0.0,0.0,0.0,0.0,0.0,1.0,2.0,0.0,0.0,0.0,0.0,0.0,
ENG-Premier League,2526,2025-12-03 Burnley-Crystal Palace,Crystal Palace,Dean Henderson,False,Goalkeeper,1,start,end,1.0,0.0,0.0,0.0,0.0,0.0,0.0,0.0,3.0,0.0,0.0,0.0,0.0,0.0,
ENG-Premier League,2526,2025-12-03 Leeds United-Chelsea,Chelsea,Robert Sánchez,False,Goalkeeper,1,start,end,1.0,0.0,0.0,0.0,0.0,0.0,0.0,3.0,2.0,0.0,0.0,0.0,0.0,0.0,
ENG-Premier League,2526,2025-12-03 Leeds United-Chelsea,Leeds United,Lucas Perri,True,Goalkeeper,1,start,end,1.0,0.0,0.0,0.0,0.0,0.0,0.0,1.0,1.0,0.0,0.0,0.0,0.0,0.0,
ENG-Premier League,2526,2025-12-03 Liverpool-Sunderland,Liverpool,Alisson Becker,True,Goalkeeper,1,start,end,1.0,0.0,0.0,0.0,0.0,0.0,0.0,1.0,4.0,0.0,0.0,0.0,0.0,0.0,
ENG-Premier League,2526,2025-12-03 Liverpool-Sunderland,Sunderland,Robin Roefs,False,Goalkeeper,1,start,end,1.0,0.0,1.0,0.0,0.0,0.0,0.0,1.0,4.0,0.0,0.0,0.0,0.0,0.0,
ENG-Premier League,2526,2025-12-03 Wolverhampton Wanderers-Nottingham Forest,Nottingham Forest,Matz Sels,False,Goalkeeper,1,start,end,1.0,0.0,0.0,0.0,0.0,0.0,0.0,0.0,1.0,0.0,0.0,0.0,0.0,0.0,
ENG-Premier League,2526,2025-12-03 Wolverhampton Wanderers-Nottingham Forest,Wolverhampton Wanderers,Sam Johnstone,True,Goalkeeper,1,start,end,1.0,0.0,0.0,0.0,0.0,0.0,0.0,1.0,2.0,0.0,0.0,0.0,0.0,0.0,
ENG-Premier League,2526,2025-12-04 Manchester United-West Ham United,Manchester United,Senne Lammens,True,Goalkeeper,1,start,end,1.0,0.0,0.0,0.0,0.0,0.0,0.0,1.0,1.0,0.0,0.0,0.0,0.0,0.0,
ENG-Premier League,2526,2025-12-04 Manchester United-West Ham United,West Ham United,Alphonse Areola,False,Goalkeeper,1,start,end,1.0,0.0,0.0,0.0,0.0,0.0,0.0,1.0,3.0,0.0,0.0,0.0,0.0,0.0,
ENG-Premier League,2526,2025-12-06 AFC Bournemouth-Chelsea,AFC Bournemouth,Djordje Petrovic,True,Goalkeeper,1,start,end,1.0,0.0,0.0,0.0,0.0,0.0,0.0,0.0,4.0,0.0,0.0,0.0,0.0,0.0,
ENG-Premier League,2526,2025-12-06 AFC Bournemouth-Chelsea,Chelsea,Robert Sánchez,False,Goalkeeper,1,start,end,1.0,0.0,0.0,0.0,0.0,0.0,0.0,0.0,5.0,0.0,0.0,0.0,0.0,0.0,
ENG-Premier League,2526,2025-12-06 Aston Villa-Arsenal,Arsenal,David Raya,False,Goalkeeper,1,start,end,1.0,0.0,1.0,0.0,0.0,0.0,0.0,2.0,4.0,0.0,0.0,0.0,0.0,0.0,
ENG-Premier League,2526,2025-12-06 Aston Villa-Arsenal,Aston Villa,Emiliano Martínez,True,Goalkeeper,1,start,end,1.0,0.0,1.0,0.0,0.0,0.0,0.0,1.0,7.0,0.0,0.0,0.0,0.0,0.0,
ENG-Premier League,2526,2025-12-06 Everton-Nottingham Forest,Everton,Jordan Pickford,True,Goalkeeper,1,start,end,1.0,0.0,0.0,0.0,0.0,0.0,0.0,0.0,2.0,0.0,0.0,0.0,0.0,0.0,
ENG-Premier League,2526,2025-12-06 Everton-Nottingham Forest,Nottingham Forest,Matz Sels,False,Goalkeeper,1,start,end,1.0,0.0,0.0,0.0,0.0,0.0,0.0,3.0,3.0,0.0,0.0,0.0,0.0,0.0,
ENG-Premier League,2526,2025-12-06 Leeds United-Liverpool,Leeds United,Lucas Perri,True,Goalkeeper,1,start,end,1.0,0.0,0.0,0.0,0.0,0.0,0.0,3.0,4.0,0.0,0.0,0.0,0.0,0.0,
ENG-Premier League,2526,2025-12-06 Leeds United-Liverpool,Liverpool,Alisson Becker,False,Goalkeeper,1,start,end,1.0,0.0,0.0,0.0,0.0,0.0,0.0,3.0,2.0,0.0,0.0,0.0,0.0,0.0,
ENG-Premier League,2526,2025-12-06 Manchester City-Sunderland,Manchester City,Gianluigi Donnarumma,True,Goalkeeper,1,start,end,1.0,0.0,0.0,0.0,0.0,0.0,0.0,0.0,1.0,0.0,0.0,0.0,0.0,0.0,
ENG-Premier League,2526,2025-12-06 Manchester City-Sunderland,Sunderland,Robin Roefs,False,Goalkeeper,1,start,end,1.0,0.0,0.0,0.0,0.0,0.0,0.0,3.0,2.0,0.0,0.0,0.0,0.0,0.0,
ENG-Premier League,2526,2025-12-06 Newcastle United-Burnley,Burnley,Martin Dúbravka,False,Goalkeeper,1,start,end,1.0,0.0,0.0,0.0,0.0,0.0,0.0,2.0,6.0,0.0,0.0,0.0,0.0,0.0,
ENG-Premier League,2526,2025-12-06 Newcastle United-Burnley,Newcastle United,Aaron Ramsdale,True,Goalkeeper,1,start,end,1.0,0.0,0.0,0.0,0.0,0.0,0.0,1.0,2.0,0.0,0.0,0.0,0.0,0.0,
ENG-Premier League,2526,2025-12-06 Tottenham Hotspur-Brentford,Brentford,Caoimhín Kelleher,False,Goalkeeper,1,start,end,1.0,0.0,0.0,0.0,0.0,0.0,0.0,2.0,5.0,0.0,0.0,0.0,0.0,0.0,
ENG-Premier League,2526,2025-12-06 Tottenham Hotspur-Brentford,Tottenham Hotspur,Guglielmo Vicario,True,Goalkeeper,1,start,end,1.0,0.0,0.0,0.0,0.0,0.0,0.0,0.0,1.0,0.0,0.0,0.0,0.0,0.0,
ENG-Premier League,2526,2025-12-07 Brighton & Hove Albion-West Ham United,Brighton & Hove Albion,Bart Verbruggen,True,Goalkeeper,1,start,end,1.0,0.0,0.0,0.0,0.0,0.0,0.0,1.0,4.0,0.0,0.0,0.0,0.0,0.0,
ENG-Premier League,2526,2025-12-07 Brighton & Hove Albion-West Ham United,West Ham United,Alphonse Areola,False,Goalkeeper,1,start,end,1.0,0.0,0.0,0.0,0.0,0.0,0.0,1.0,4.0,0.0,0.0,0.0,0.0,0.0,
ENG-Premier League,2526,2025-12-07 Fulham-Crystal Palace,Crystal Palace,Dean Henderson,False,Goalkeeper,1,start,end,1.0,0.0,1.0,0.0,0.0,0.0,0.0,1.0,3.0,0.0,0.0,0.0,0.0,0.0,
ENG-Premier League,2526,2025-12-07 Fulham-Crystal Palace,Fulham,Bernd Leno,True,Goalkeeper,1,start,end,1.0,0.0,0.0,0.0,0.0,0.0,0.0,2.0,3.0,0.0,0.0,0.0,0.0,0.0,
ENG-Premier League,2526,2025-12-08 Wolverhampton Wanderers-Manchester United,Manchester United,Senne Lammens,False,Goalkeeper,1,start,end,1.0,0.0,1.0,0.0,0.0,0.0,0.0,1.0,1.0,0.0,0.0,0.0,0.0,0.0,
ENG-Premier League,2526,2025-12-08 Wolverhampton Wanderers-Manchester United,Wolverhampton Wanderers,Sam Johnstone,True,Goalkeeper,1,start,end,1.0,0.0,0.0,0.0,0.0,0.0,0.0,4.0,4.0,0.0,0.0,0.0,0.0,0.0,
ENG-Premier League,2526,2025-12-13 Arsenal-Wolverhampton Wanderers,Arsenal,David Raya,True,Goalkeeper,1,start,end,1.0,0.0,0.0,0.0,0.0,0.0,0.0,1.0,1.0,0.0,0.0,0.0,0.0,0.0,
ENG-Premier League,2526,2025-12-13 Arsenal-Wolverhampton Wanderers,Wolverhampton Wanderers,Sam Johnstone,False,Goalkeeper,1,start,end,1.0,0.0,0.0,1.0,0.0,0.0,0.0,2.0,2.0,0.0,0.0,0.0,0.0,0.0,
ENG-Premier League,2526,2025-12-13 Burnley-Fulham,Burnley,Martin Dúbravka,True,Goalkeeper,1,start,end,1.0,0.0,0.0,0.0,0.0,0.0,0.0,3.0,1.0,0.0,0.0,0.0,0.0,0.0,
ENG-Premier League,2526,2025-12-13 Burnley-Fulham,Fulham,Bernd Leno,False,Goalkeeper,1,start,end,1.0,0.0,0.0,0.0,0.0,0.0,0.0,2.0,6.0,0.0,0.0,0.0,0.0,0.0,
ENG-Premier League,2526,2025-12-13 Chelsea-Everton,Chelsea,Robert Sánchez,True,Goalkeeper,1,start,end,1.0,0.0,0.0,0.0,0.0,0.0,0.0,0.0,2.0,0.0,0.0,0.0,0.0,0.0,
ENG-Premier League,2526,2025-12-13 Chelsea-Everton,Everton,Jordan Pickford,False,Goalkeeper,1,start,end,1.0,0.0,0.0,0.0,0.0,0.0,0.0,2.0,3.0,0.0,0.0,0.0,0.0,0.0,
ENG-Premier League,2526,2025-12-13 Liverpool-Brighton & Hove Albion,Brighton & Hove Albion,Bart Verbruggen,False,Goalkeeper,1,start,end,1.0,0.0,0.0,0.0,0.0,0.0,0.0,2.0,2.0,0.0,0.0,0.0,0.0,0.0,
ENG-Premier League,2526,2025-12-13 Liverpool-Brighton & Hove Albion,Liverpool,Alisson Becker,True,Goalkeeper,1,start,end,1.0,0.0,0.0,0.0,0.0,0.0,0.0,0.0,1.0,0.0,0.0,0.0,0.0,0.0,
ENG-Premier League,2526,2025-12-14 Brentford-Leeds United,Brentford,Caoimhín Kelleher,True,Goalkeeper,1,start,end,1.0,0.0,0.0,0.0,0.0,0.0,0.0,1.0,3.0,0.0,0.0,0.0,0.0,0.0,
ENG-Premier League,2526,2025-12-14 Brentford-Leeds United,Leeds United,Lucas Perri,False,Goalkeeper,1,start,end,1.0,0.0,0.0,0.0,0.0,0.0,0.0,1.0,1.0,0.0,0.0,0.0,0.0,0.0,
ENG-Premier League,2526,2025-12-14 Crystal Palace-Manchester City,Crystal Palace,Dean Henderson,True,Goalkeeper,1,start,end,1.0,1.0,0.0,0.0,0.0,0.0,1.0,3.0,3.0,0.0,0.0,0.0,0.0,0.0,
ENG-Premier League,2526,2025-12-14 Crystal Palace-Manchester City,Manchester City,Gianluigi Donnarumma,False,Goalkeeper,1,start,end,1.0,0.0,0.0,0.0,0.0,0.0,0.0,0.0,4.0,0.0,0.0,0.0,0.0,0.0,
ENG-Premier League,2526,2025-12-14 Nottingham Forest-Tottenham Hotspur,Nottingham Forest,John Victor,True,Goalkeeper,1,start,end,1.0,0.0,0.0,0.0,0.0,0.0,0.0,0.0,1.0,0.0,0.0,0.0,0.0,0.0,
ENG-Premier League,2526,2025-12-14 Nottingham Forest-Tottenham Hotspur,Tottenham Hotspur,Guglielmo Vicario,False,Goalkeeper,1,start,end,1.0,0.0,0.0,0.0,0.0,0.0,0.0,3.0,3.0,0.0,0.0,0.0,0.0,0.0,
ENG-Premier League,2526,2025-12-14 Sunderland-Newcastle United,Newcastle United,Aaron Ramsdale,False,Goalkeeper,1,start,end,1.0,0.0,0.0,0.0,0.0,0.0,0.0,1.0,1.0,0.0,0.0,0.0,0.0,0.0,
ENG-Premier League,2526,2025-12-14 Sunderland-Newcastle United,Sunderland,Robin Roefs,True,Goalkeeper,1,start,end,1.0,0.0,2.0,0.0,0.0,0.0,0.0,0.0,2.0,0.0,0.0,0.0,0.0,0.0,
ENG-Premier League,2526,2025-12-14 West Ham United-Aston Villa,Aston Villa,Marco Bizot,False,Goalkeeper,1,start,end,1.0,0.0,1.0,0.0,0.0,0.0,0.0,2.0,1.0,0.0,0.0,0.0,0.0,0.0,
ENG-Premier League,2526,2025-12-14 West Ham United-Aston Villa,West Ham United,Alphonse Areola,True,Goalkeeper,1,start,end,1.0,0.0,1.0,0.0,0.0,0.0,0.0,3.0,2.0,0.0,0.0,0.0,0.0,0.0,
ENG-Premier League,2526,2025-12-15 Manchester United-AFC Bournemouth,AFC Bournemouth,Djordje Petrovic,False,Goalkeeper,1,start,end,1.0,0.0,0.0,0.0,0.0,0.0,0.0,4.0,5.0,0.0,0.0,0.0,0.0,0.0,
ENG-Premier League,2526,2025-12-15 Manchester United-AFC Bournemouth,Manchester United,Senne Lammens,True,Goalkeeper,1,start,end,1.0,0.0,0.0,0.0,0.0,0.0,0.0,4.0,5.0,0.0,0.0,0.0,0.0,0.0,
ENG-Premier League,2526,2025-12-20 AFC Bournemouth-Burnley,AFC Bournemouth,Djordje Petrovic,True,Goalkeeper,1,start,end,1.0,0.0,0.0,0.0,0.0,0.0,0.0,1.0,0.0,0.0,0.0,0.0,0.0,0.0,
ENG-Premier League,2526,2025-12-20 AFC Bournemouth-Burnley,Burnley,Martin Dúbravka,False,Goalkeeper,1,start,end,1.0,0.0,0.0,0.0,0.0,0.0,0.0,1.0,0.0,0.0,0.0,0.0,0.0,0.0,
ENG-Premier League,2526,2025-12-20 Brighton & Hove Albion-Sunderland,Brighton & Hove Albion,Bart Verbruggen,True,Goalkeeper,1,start,end,1.0,0.0,0.0,0.0,0.0,0.0,0.0,0.0,6.0,0.0,0.0,0.0,0.0,0.0,
ENG-Premier League,2526,2025-12-20 Brighton & Hove Albion-Sunderland,Sunderland,Robin Roefs,False,Goalkeeper,1,start,end,1.0,0.0,0.0,0.0,0.0,0.0,0.0,0.0,4.0,0.0,0.0,0.0,0.0,0.0,
ENG-Premier League,2526,2025-12-20 Everton-Arsenal,Arsenal,David Raya,False,Goalkeeper,1,start,end,1.0,0.0,0.0,0.0,0.0,0.0,0.0,0.0,1.0,0.0,0.0,0.0,0.0,0.0,
ENG-Premier League,2526,2025-12-20 Everton-Arsenal,Everton,Jordan Pickford,True,Goalkeeper,1,start,end,1.0,0.0,0.0,0.0,0.0,0.0,0.0,1.0,0.0,0.0,0.0,0.0,0.0,0.0,
ENG-Premier League,2526,2025-12-20 Leeds United-Crystal Palace,Crystal Palace,Dean Henderson,False,Goalkeeper,1,start,end,1.0,0.0,0.0,0.0,0.0,0.0,0.0,4.0,2.0,0.0,0.0,0.0,0.0,0.0,
ENG-Premier League,2526,2025-12-20 Leeds United-Crystal Palace,Leeds United,Lucas Perri,True,Goalkeeper,1,start,end,1.0,1.0,0.0,0.0,0.0,0.0,1.0,1.0,2.0,0.0,0.0,0.0,0.0,0.0,
ENG-Premier League,2526,2025-12-20 Manchester City-West Ham United,Manchester City,Gianluigi Donnarumma,True,Goalkeeper,1,start,end,1.0,0.0,0.0,0.0,0.0,0.0,0.0,0.0,4.0,0.0,0.0,0.0,0.0,0.0,
ENG-Premier League,2526,2025-12-20 Manchester City-West Ham United,West Ham United,Alphonse Areola,False,Goalkeeper,1,start,end,1.0,0.0,0.0,0.0,0.0,0.0,0.0,3.0,5.0,0.0,0.0,0.0,0.0,0.0,
ENG-Premier League,2526,2025-12-20 Newcastle United-Chelsea,Chelsea,Robert Sánchez,False,Goalkeeper,1,start,end,1.0,0.0,1.0,0.0,0.0,0.0,1.0,2.0,3.0,0.0,1.0,0.0,0.0,0.0,
ENG-Premier League,2526,2025-12-20 Newcastle United-Chelsea,Newcastle United,Aaron Ramsdale,True,Goalkeeper,1,start,end,1.0,0.0,0.0,0.0,0.0,0.0,0.0,2.0,2.0,0.0,0.0,0.0,0.0,0.0,
ENG-Premier League,2526,2025-12-20 Tottenham Hotspur-Liverpool,Liverpool,Alisson Becker,False,Goalkeeper,1,start,end,1.0,0.0,0.0,0.0,0.0,0.0,0.0,1.0,4.0,0.0,0.0,0.0,0.0,0.0,
ENG-Premier League,2526,2025-12-20 Tottenham Hotspur-Liverpool,Tottenham Hotspur,Guglielmo Vicario,True,Goalkeeper,1,start,end,1.0,0.0,0.0,0.0,0.0,0.0,0.0,2.0,2.0,0.0,0.0,0.0,0.0,0.0,
ENG-Premier League,2526,2025-12-20 Wolverhampton Wanderers-Brentford,Brentford,Caoimhín Kelleher,False,Goalkeeper,1,start,end,1.0,1.0,0.0,0.0,0.0,0.0,0.0,0.0,2.0,0.0,0.0,0.0,0.0,0.0,
ENG-Premier League,2526,2025-12-20 Wolverhampton Wanderers-Brentford,Wolverhampton Wanderers,José Sá,True,Goalkeeper,1,start,end,1.0,0.0,2.0,0.0,0.0,0.0,0.0,2.0,4.0,0.0,0.0,0.0,0.0,0.0,
ENG-Premier League,2526,2025-12-21 Aston Villa-Manchester United,Aston Villa,Emiliano Martínez,True,Goalkeeper,1,start,end,1.0,0.0,1.0,0.0,0.0,0.0,0.0,1.0,5.0,0.0,0.0,0.0,0.0,0.0,
ENG-Premier League,2526,2025-12-21 Aston Villa-Manchester United,Manchester United,Senne Lammens,False,Goalkeeper,1,start,end,1.0,0.0,0.0,0.0,0.0,0.0,0.0,2.0,2.0,0.0,0.0,0.0,0.0,0.0,
ENG-Premier League,2526,2025-12-22 Fulham-Nottingham Forest,Fulham,Bernd Leno,True,Goalkeeper,1,start,end,1.0,0.0,0.0,0.0,0.0,0.0,0.0,0.0,2.0,0.0,0.0,0.0,0.0,0.0,
ENG-Premier League,2526,2025-12-22 Fulham-Nottingham Forest,Nottingham Forest,John Victor,False,Goalkeeper,1,start,end,1.0,0.0,0.0,0.0,0.0,0.0,1.0,1.0,0.0,0.0,0.0,0.0,0.0,0.0,
ENG-Premier League,2526,2025-12-26 Manchester United-Newcastle United,Manchester United,Senne Lammens,True,Goalkeeper,1,start,end,1.0,0.0,1.0,0.0,0.0,0.0,0.0,0.0,3.0,0.0,0.0,0.0,0.0,0.0,
ENG-Premier League,2526,2025-12-26 Manchester United-Newcastle United,Newcastle United,Aaron Ramsdale,False,Goalkeeper,1,start,end,1.0,0.0,0.0,0.0,0.0,0.0,0.0,1.0,3.0,0.0,0.0,0.0,0.0,0.0,
ENG-Premier League,2526,2025-12-27 Arsenal-Brighton & Hove Albion,Arsenal,David Raya,True,Goalkeeper,1,start,end,1.0,0.0,0.0,0.0,0.0,0.0,0.0,1.0,2.0,0.0,0.0,0.0,0.0,0.0,
ENG-Premier League,2526,2025-12-27 Arsenal-Brighton & Hove Albion,Brighton & Hove Albion,Bart Verbruggen,False,Goalkeeper,1,start,end,1.0,1.0,0.0,0.0,0.0,0.0,1.0,2.0,5.0,0.0,0.0,0.0,0.0,0.0,
ENG-Premier League,2526,2025-12-27 Brentford-AFC Bournemouth,AFC Bournemouth,Djordje Petrovic,False,Goalkeeper,1,start,end,1.0,0.0,0.0,1.0,0.0,0.0,0.0,4.0,4.0,0.0,0.0,0.0,0.0,0.0,
ENG-Premier League,2526,2025-12-27 Brentford-AFC Bournemouth,Brentford,Caoimhín Kelleher,True,Goalkeeper,1,start,end,1.0,0.0,1.0,0.0,0.0,0.0,0.0,1.0,9.0,0.0,0.0,0.0,0.0,0.0,
ENG-Premier League,2526,2025-12-27 Burnley-Everton,Burnley,Martin Dúbravka,True,Goalkeeper,1,start,end,1.0,0.0,0.0,0.0,0.0,0.0,0.0,0.0,6.0,0.0,0.0,0.0,0.0,0.0,
ENG-Premier League,2526,2025-12-27 Burnley-Everton,Everton,Jordan Pickford,False,Goalkeeper,1,start,end,1.0,0.0,0.0,0.0,0.0,0.0,0.0,0.0,0.0,0.0,0.0,0.0,0.0,0.0,
ENG-Premier League,2526,2025-12-27 Chelsea-Aston Villa,Aston Villa,Emiliano Martínez,False,Goalkeeper,1,start,end,1.0,0.0,0.0,0.0,0.0,0.0,0.0,1.0,2.0,0.0,0.0,0.0,0.0,0.0,
ENG-Premier League,2526,2025-12-27 Chelsea-Aston Villa,Chelsea,Robert Sánchez,True,Goalkeeper,1,start,end,1.0,1.0,0.0,0.0,0.0,0.0,0.0,2.0,6.0,0.0,0.0,0.0,0.0,0.0,
ENG-Premier League,2526,2025-12-27 Liverpool-Wolverhampton Wanderers,Liverpool,Alisson Becker,True,Goalkeeper,1,start,end,1.0,0.0,0.0,0.0,0.0,0.0,0.0,1.0,3.0,0.0,0.0,0.0,0.0,0.0,
ENG-Premier League,2526,2025-12-27 Liverpool-Wolverhampton Wanderers,Wolverhampton Wanderers,José Sá,False,Goalkeeper,1,start,end,1.0,0.0,0.0,0.0,0.0,0.0,0.0,2.0,2.0,0.0,0.0,0.0,0.0,0.0,
ENG-Premier League,2526,2025-12-27 Nottingham Forest-Manchester City,Manchester City,Gianluigi Donnarumma,False,Goalkeeper,1,start,end,1.0,0.0,0.0,0.0,0.0,0.0,0.0,1.0,1.0,0.0,0.0,0.0,0.0,0.0,
ENG-Premier League,2526,2025-12-27 Nottingham Forest-Manchester City,Nottingham Forest,John Victor,True,Goalkeeper,1,start,end,1.0,0.0,0.0,0.0,0.0,0.0,0.0,2.0,3.0,0.0,0.0,0.0,0.0,0.0,
ENG-Premier League,2526,2025-12-27 West Ham United-Fulham,Fulham,Bernd Leno,False,Goalkeeper,1,start,end,1.0,0.0,0.0,0.0,0.0,0.0,0.0,0.0,2.0,0.0,0.0,0.0,0.0,0.0,
ENG-Premier League,2526,2025-12-27 West Ham United-Fulham,West Ham United,Alphonse Areola,True,Goalkeeper,1,start,end,1.0,0.0,0.0,0.0,0.0,0.0,0.0,1.0,4.0,0.0,0.0,0.0,0.0,0.0,
ENG-Premier League,2526,2025-12-28 Crystal Palace-Tottenham Hotspur,Crystal Palace,Dean Henderson,True,Goalkeeper,1,start,end,1.0,0.0,0.0,0.0,0.0,0.0,0.0,1.0,3.0,0.0,0.0,0.0,0.0,0.0,
ENG-Premier League,2526,2025-12-28 Crystal Palace-Tottenham Hotspur,Tottenham Hotspur,Guglielmo Vicario,False,Goalkeeper,1,start,end,1.0,0.0,0.0,0.0,0.0,0.0,0.0,0.0,2.0,0.0,0.0,0.0,0.0,0.0,
ENG-Premier League,2526,2025-12-28 Sunderland-Leeds United,Leeds United,Lucas Perri,False,Goalkeeper,1,start,end,1.0,0.0,0.0,0.0,0.0,0.0,0.0,1.0,2.0,0.0,0.0,0.0,0.0,0.0,
ENG-Premier League,2526,2025-12-28 Sunderland-Leeds United,Sunderland,Robin Roefs,True,Goalkeeper,1,start,end,1.0,0.0,0.0,0.0,0.0,0.0,0.0,1.0,4.0,0.0,0.0,0.0,0.0,0.0,
ENG-Premier League,2526,2025-12-30 Arsenal-Aston Villa,Arsenal,David Raya,True,Goalkeeper,1,start,end,1.0,0.0,0.0,0.0,0.0,0.0,0.0,1.0,2.0,0.0,0.0,0.0,0.0,0.0,
ENG-Premier League,2526,2025-12-30 Arsenal-Aston Villa,Aston Villa,Emiliano Martínez,False,Goalkeeper,1,start,end,1.0,0.0,1.0,0.0,0.0,0.0,0.0,4.0,3.0,0.0,0.0,0.0,0.0,0.0,
ENG-Premier League,2526,2025-12-30 Burnley-Newcastle United,Burnley,Martin Dúbravka,True,Goalkeeper,1,start,end,1.0,0.0,0.0,0.0,0.0,0.0,0.0,3.0,4.0,0.0,0.0,0.0,0.0,0.0,
ENG-Premier League,2526,2025-12-30 Burnley-Newcastle United,Newcastle United,Nick Pope,False,Goalkeeper,1,start,end,1.0,0.0,0.0,0.0,0.0,0.0,0.0,1.0,2.0,0.0,0.0,0.0,0.0,0.0,
ENG-Premier League,2526,2025-12-30 Chelsea-AFC Bournemouth,AFC Bournemouth,Djordje Petrovic,False,Goalkeeper,1,start,end,1.0,0.0,0.0,0.0,0.0,0.0,0.0,2.0,2.0,0.0,0.0,0.0,0.0,0.0,
ENG-Premier League,2526,2025-12-30 Chelsea-AFC Bournemouth,Chelsea,Robert Sánchez,True,Goalkeeper,1,start,end,1.0,0.0,0.0,0.0,0.0,0.0,0.0,2.0,4.0,0.0,0.0,0.0,0.0,0.0,
ENG-Premier League,2526,2025-12-30 Manchester United-Wolverhampton Wanderers,Manchester United,Senne Lammens,True,Goalkeeper,1,start,end,1.0,0.0,0.0,0.0,0.0,0.0,0.0,1.0,3.0,0.0,0.0,0.0,0.0,0.0,
ENG-Premier League,2526,2025-12-30 Manchester United-Wolverhampton Wanderers,Wolverhampton Wanderers,José Sá,False,Goalkeeper,1,start,end,1.0,0.0,1.0,0.0,0.0,0.0,0.0,1.0,5.0,0.0,0.0,0.0,0.0,0.0,
ENG-Premier League,2526,2025-12-30 Nottingham Forest-Everton,Everton,Jordan Pickford,False,Goalkeeper,1,start,end,1.0,0.0,0.0,0.0,0.0,0.0,0.0,0.0,6.0,0.0,0.0,0.0,0.0,0.0,
ENG-Premier League,2526,2025-12-30 Nottingham Forest-Everton,Nottingham Forest,John Victor,True,Goalkeeper,1,start,end,1.0,0.0,0.0,0.0,0.0,0.0,0.0,2.0,1.0,0.0,0.0,0.0,0.0,0.0,
ENG-Premier League,2526,2025-12-30 West Ham United-Brighton & Hove Albion,Brighton & Hove Albion,Bart Verbruggen,False,Goalkeeper,1,start,end,1.0,0.0,0.0,0.0,0.0,0.0,0.0,2.0,2.0,0.0,0.0,0.0,0.0,0.0,
ENG-Premier League,2526,2025-12-30 West Ham United-Brighton & Hove Albion,West Ham United,Alphonse Areola,True,Goalkeeper,1,start,end,1.0,0.0,0.0,0.0,0.0,0.0,0.0,2.0,5.0,0.0,0.0,0.0,0.0,0.0,
ENG-Premier League,2526,2026-01-01 Brentford-Tottenham Hotspur,Brentford,Caoimhín Kelleher,True,Goalkeeper,1,start,end,1.0,0.0,0.0,0.0,0.0,0.0,0.0,0.0,2.0,0.0,0.0,0.0,0.0,0.0,
ENG-Premier League,2526,2026-01-01 Brentford-Tottenham Hotspur,Tottenham Hotspur,Guglielmo Vicario,False,Goalkeeper,1,start,end,1.0,0.0,0.0,0.0,0.0,0.0,1.0,0.0,2.0,0.0,0.0,0.0,0.0,0.0,
ENG-Premier League,2526,2026-01-01 Crystal Palace-Fulham,Crystal Palace,Dean Henderson,True,Goalkeeper,1,start,end,1.0,0.0,0.0,0.0,0.0,0.0,0.0,1.0,4.0,0.0,0.0,0.0,0.0,0.0,
ENG-Premier League,2526,2026-01-01 Crystal Palace-Fulham,Fulham,Bernd Leno,False,Goalkeeper,1,start,end,1.0,0.0,0.0,0.0,0.0,0.0,0.0,1.0,1.0,0.0,0.0,0.0,0.0,0.0,
ENG-Premier League,2526,2026-01-01 Liverpool-Leeds United,Leeds United,Lucas Perri,False,Goalkeeper,1,start,end,1.0,0.0,1.0,0.0,0.0,0.0,0.0,0.0,4.0,0.0,0.0,0.0,0.0,0.0,
ENG-Premier League,2526,2026-01-01 Liverpool-Leeds United,Liverpool,Alisson Becker,True,Goalkeeper,1,start,end,1.0,0.0,0.0,0.0,0.0,0.0,0.0,0.0,2.0,0.0,0.0,0.0,0.0,0.0,
ENG-Premier League,2526,2026-01-01 Sunderland-Manchester City,Manchester City,Gianluigi Donnarumma,False,Goalkeeper,1,start,end,1.0,0.0,0.0,0.0,0.0,0.0,0.0,0.0,4.0,0.0,0.0,0.0,0.0,0.0,
ENG-Premier League,2526,2026-01-01 Sunderland-Manchester City,Sunderland,Robin Roefs,True,Goalkeeper,1,start,end,1.0,0.0,0.0,0.0,0.0,0.0,0.0,0.0,4.0,0.0,0.0,0.0,0.0,0.0,
ENG-Premier League,2526,2026-01-03 AFC Bournemouth-Arsenal,AFC Bournemouth,Djordje Petrovic,True,Goalkeeper,1,start,end,1.0,0.0,0.0,0.0,0.0,0.0,0.0,3.0,2.0,0.0,0.0,0.0,0.0,0.0,
ENG-Premier League,2526,2026-01-03 AFC Bournemouth-Arsenal,Arsenal,David Raya,False,Goalkeeper,1,start,end,1.0,0.0,1.0,0.0,0.0,0.0,0.0,2.0,1.0,0.0,0.0,0.0,0.0,0.0,
ENG-Premier League,2526,2026-01-03 Aston Villa-Nottingham Forest,Aston Villa,Emiliano Martínez,True,Goalkeeper,1,start,end,1.0,0.0,1.0,0.0,0.0,0.0,0.0,1.0,4.0,0.0,0.0,0.0,0.0,0.0,
ENG-Premier League,2526,2026-01-03 Aston Villa-Nottingham Forest,Nottingham Forest,John Victor,False,Goalkeeper,1,start,78,1.0,0.0,0.0,0.0,0.0,0.0,0.0,3.0,1.0,0.0,0.0,0.0,0.0,0.0,
ENG-Premier League,2526,2026-01-03 Brighton & Hove Albion-Burnley,Brighton & Hove Albion,Bart Verbruggen,True,Goalkeeper,1,start,end,1.0,0.0,1.0,0.0,0.0,0.0,0.0,0.0,2.0,0.0,0.0,0.0,0.0,0.0,
ENG-Premier League,2526,2026-01-03 Brighton & Hove Albion-Burnley,Burnley,Martin Dúbravka,False,Goalkeeper,1,start,end,1.0,0.0,0.0,0.0,0.0,0.0,0.0,2.0,2.0,0.0,0.0,0.0,0.0,0.0,
ENG-Premier League,2526,2026-01-03 Wolverhampton Wanderers-West Ham United,West Ham United,Alphonse Areola,False,Goalkeeper,1,start,end,1.0,0.0,0.0,0.0,0.0,0.0,0.0,3.0,5.0,0.0,0.0,0.0,0.0,0.0,
ENG-Premier League,2526,2026-01-03 Wolverhampton Wanderers-West Ham United,Wolverhampton Wanderers,José Sá,True,Goalkeeper,1,start,end,1.0,0.0,0.0,0.0,0.0,0.0,0.0,0.0,0.0,0.0,0.0,0.0,0.0,0.0,
ENG-Premier League,2526,2026-01-04 Everton-Brentford,Brentford,Caoimhín Kelleher,False,Goalkeeper,1,start,end,1.0,0.0,0.0,0.0,0.0,0.0,0.0,2.0,4.0,0.0,0.0,0.0,0.0,0.0,
ENG-Premier League,2526,2026-01-04 Everton-Brentford,Everton,Jordan Pickford,True,Goalkeeper,1,start,end,1.0,0.0,1.0,0.0,0.0,0.0,0.0,4.0,3.0,0.0,0.0,0.0,0.0,0.0,
ENG-Premier League,2526,2026-01-04 Fulham-Liverpool,Fulham,Bernd Leno,True,Goalkeeper,1,start,end,1.0,0.0,0.0,0.0,0.0,0.0,0.0,2.0,0.0,0.0,0.0,0.0,0.0,0.0,
ENG-Premier League,2526,2026-01-04 Fulham-Liverpool,Liverpool,Alisson Becker,False,Goalkeeper,1,start,end,1.0,0.0,0.0,0.0,0.0,0.0,0.0,2.0,0.0,0.0,0.0,0.0,0.0,0.0,
ENG-Premier League,2526,2026-01-04 Leeds United-Manchester United,Leeds United,Lucas Perri,True,Goalkeeper,1,start,end,1.0,0.0,1.0,0.0,0.0,0.0,0.0,1.0,1.0,0.0,0.0,0.0,0.0,0.0,
ENG-Premier League,2526,2026-01-04 Leeds United-Manchester United,Manchester United,Senne Lammens,False,Goalkeeper,1,start,end,1.0,0.0,0.0,0.0,0.0,0.0,0.0,1.0,2.0,0.0,0.0,0.0,0.0,0.0,
ENG-Premier League,2526,2026-01-04 Manchester City-Chelsea,Chelsea,Filip Jørgensen,False,Goalkeeper,1,start,end,1.0,0.0,0.0,0.0,0.0,0.0,0.0,1.0,2.0,0.0,0.0,0.0,0.0,0.0,
ENG-Premier League,2526,2026-01-04 Manchester City-Chelsea,Manchester City,Gianluigi Donnarumma,True,Goalkeeper,1,start,end,1.0,0.0,1.0,0.0,0.0,0.0,0.0,1.0,2.0,0.0,0.0,0.0,0.0,0.0,
ENG-Premier League,2526,2026-01-04 Newcastle United-Crystal Palace,Crystal Palace,Dean Henderson,False,Goalkeeper,1,start,end,1.0,0.0,0.0,0.0,0.0,0.0,0.0,2.0,5.0,0.0,0.0,0.0,0.0,0.0,
ENG-Premier League,2526,2026-01-04 Newcastle United-Crystal Palace,Newcastle United,Nick Pope,True,Goalkeeper,1,start,end,1.0,0.0,0.0,0.0,0.0,0.0,0.0,0.0,1.0,0.0,0.0,0.0,0.0,0.0,
ENG-Premier League,2526,2026-01-04 Tottenham Hotspur-Sunderland,Sunderland,Robin Roefs,False,Goalkeeper,1,start,end,1.0,0.0,0.0,0.0,0.0,0.0,0.0,1.0,3.0,0.0,0.0,0.0,0.0,0.0,
ENG-Premier League,2526,2026-01-04 Tottenham Hotspur-Sunderland,Tottenham Hotspur,Guglielmo Vicario,True,Goalkeeper,1,start,end,1.0,0.0,0.0,0.0,0.0,0.0,0.0,1.0,2.0,0.0,0.0,0.0,0.0,0.0,
ENG-Premier League,2526,2026-01-06 West Ham United-Nottingham Forest,Nottingham Forest,Matz Sels,False,Goalkeeper,1,start,end,1.0,0.0,0.0,0.0,0.0,0.0,0.0,1.0,3.0,0.0,0.0,0.0,0.0,0.0,
ENG-Premier League,2526,2026-01-06 West Ham United-Nottingham Forest,West Ham United,Alphonse Areola,True,Goalkeeper,1,start,end,1.0,1.0,0.0,0.0,0.0,0.0,0.0,2.0,3.0,0.0,0.0,0.0,0.0,0.0,
ENG-Premier League,2526,2026-01-07 AFC Bournemouth-Tottenham Hotspur,AFC Bournemouth,Djordje Petrovic,True,Goalkeeper,1,start,end,1.0,0.0,0.0,0.0,0.0,0.0,0.0,2.0,2.0,0.0,0.0,0.0,0.0,0.0,
ENG-Premier League,2526,2026-01-07 AFC Bournemouth-Tottenham Hotspur,Tottenham Hotspur,Guglielmo Vicario,False,Goalkeeper,1,start,end,1.0,0.0,0.0,0.0,0.0,0.0,0.0,3.0,0.0,0.0,0.0,0.0,0.0,0.0,
ENG-Premier League,2526,2026-01-07 Brentford-Sunderland,Brentford,Caoimhín Kelleher,True,Goalkeeper,1,start,end,1.0,0.0,1.0,0.0,0.0,0.0,0.0,0.0,3.0,0.0,0.0,0.0,0.0,0.0,
ENG-Premier League,2526,2026-01-07 Brentford-Sunderland,Sunderland,Robin Roefs,False,Goalkeeper,1,start,end,1.0,0.0,0.0,0.0,0.0,0.0,0.0,3.0,3.0,0.0,0.0,0.0,0.0,0.0,
ENG-Premier League,2526,2026-01-07 Burnley-Manchester United,Burnley,Martin Dúbravka,True,Goalkeeper,1,start,end,1.0,0.0,0.0,0.0,0.0,0.0,0.0,2.0,6.0,0.0,0.0,0.0,0.0,0.0,
ENG-Premier League,2526,2026-01-07 Burnley-Manchester United,Manchester United,Senne Lammens,False,Goalkeeper,1,start,end,1.0,0.0,0.0,0.0,0.0,0.0,0.0,2.0,0.0,0.0,0.0,0.0,0.0,0.0,
ENG-Premier League,2526,2026-01-07 Crystal Palace-Aston Villa,Aston Villa,Emiliano Martínez,False,Goalkeeper,1,start,45,1.0,0.0,0.0,0.0,0.0,0.0,0.0,0.0,1.0,0.0,0.0,0.0,0.0,0.0,
ENG-Premier League,2526,2026-01-07 Crystal Palace-Aston Villa,Crystal Palace,Dean Henderson,True,Goalkeeper,1,start,end,1.0,0.0,0.0,0.0,0.0,0.0,0.0,0.0,4.0,0.0,0.0,0.0,0.0,0.0,
ENG-Premier League,2526,2026-01-07 Everton-Wolverhampton Wanderers,Everton,Jordan Pickford,True,Goalkeeper,1,start,end,1.0,0.0,0.0,0.0,0.0,0.0,0.0,1.0,3.0,0.0,0.0,0.0,0.0,0.0,
ENG-Premier League,2526,2026-01-07 Everton-Wolverhampton Wanderers,Wolverhampton Wanderers,José Sá,False,Goalkeeper,1,start,end,1.0,0.0,0.0,0.0,0.0,0.0,1.0,1.0,1.0,0.0,0.0,0.0,0.0,0.0,
ENG-Premier League,2526,2026-01-07 Fulham-Chelsea,Chelsea,Robert Sánchez,False,Goalkeeper,1,start,end,1.0,0.0,0.0,0.0,0.0,0.0,0.0,2.0,3.0,0.0,0.0,0.0,0.0,0.0,
ENG-Premier League,2526,2026-01-07 Fulham-Chelsea,Fulham,Bernd Leno,True,Goalkeeper,1,start,end,1.0,0.0,0.0,0.0,0.0,0.0,0.0,1.0,4.0,0.0,0.0,0.0,0.0,0.0,
ENG-Premier League,2526,2026-01-07 Manchester City-Brighton & Hove Albion,Brighton & Hove Albion,Bart Verbruggen,False,Goalkeeper,1,start,end,1.0,0.0,0.0,0.0,0.0,0.0,0.0,1.0,3.0,0.0,0.0,0.0,0.0,0.0,
ENG-Premier League,2526,2026-01-07 Manchester City-Brighton & Hove Albion,Manchester City,Gianluigi Donnarumma,True,Goalkeeper,1,start,end,1.0,0.0,0.0,0.0,0.0,0.0,1.0,1.0,2.0,0.0,0.0,0.0,0.0,0.0,
ENG-Premier League,2526,2026-01-07 Newcastle United-Leeds United,Leeds United,Lucas Perri,False,Goalkeeper,1,start,end,1.0,0.0,1.0,0.0,0.0,0.0,0.0,4.0,3.0,0.0,0.0,0.0,0.0,0.0,
ENG-Premier League,2526,2026-01-07 Newcastle United-Leeds United,Newcastle United,Nick Pope,True,Goalkeeper,1,start,end,1.0,0.0,0.0,0.0,0.0,0.0,0.0,3.0,3.0,0.0,0.0,0.0,0.0,0.0,
ENG-Premier League,2526,2026-01-08 Arsenal-Liverpool,Arsenal,David Raya,True,Goalkeeper,1,start,end,1.0,0.0,0.0,0.0,0.0,0.0,0.0,0.0,0.0,0.0,0.0,0.0,0.0,0.0,
ENG-Premier League,2526,2026-01-08 Arsenal-Liverpool,Liverpool,Alisson Becker,False,Goalkeeper,1,start,end,1.0,0.0,0.0,0.0,0.0,0.0,0.0,0.0,4.0,0.0,0.0,0.0,0.0,0.0,
ENG-Premier League,2526,2026-01-17 Chelsea-Brentford,Brentford,Caoimhín Kelleher,False,Goalkeeper,1,start,end,1.0,1.0,0.0,0.0,0.0,0.0,0.0,2.0,0.0,0.0,0.0,0.0,0.0,0.0,
ENG-Premier League,2526,2026-01-17 Chelsea-Brentford,Chelsea,Robert Sánchez,True,Goalkeeper,1,start,end,1.0,0.0,0.0,0.0,0.0,0.0,0.0,0.0,6.0,0.0,0.0,0.0,0.0,0.0,
ENG-Premier League,2526,2026-01-17 Leeds United-Fulham,Fulham,Bernd Leno,False,Goalkeeper,1,start,end,1.0,0.0,0.0,0.0,0.0,0.0,0.0,1.0,4.0,0.0,0.0,0.0,0.0,0.0,
ENG-Premier League,2526,2026-01-17 Leeds United-Fulham,Leeds United,Karl Darlow,True,Goalkeeper,1,start,end,1.0,0.0,0.0,0.0,0.0,0.0,0.0,0.0,1.0,0.0,0.0,0.0,0.0,0.0,
ENG-Premier League,2526,2026-01-17 Liverpool-Burnley,Burnley,Martin Dúbravka,False,Goalkeeper,1,start,end,1.0,0.0,0.0,0.0,0.0,0.0,0.0,1.0,8.0,0.0,0.0,0.0,0.0,0.0,
ENG-Premier League,2526,2026-01-17 Liverpool-Burnley,Liverpool,Alisson Becker,True,Goalkeeper,1,start,end,1.0,0.0,0.0,0.0,0.0,0.0,0.0,1.0,1.0,0.0,0.0,0.0,0.0,0.0,
ENG-Premier League,2526,2026-01-17 Manchester United-Manchester City,Manchester City,Gianluigi Donnarumma,False,Goalkeeper,1,start,end,1.0,0.0,0.0,0.0,0.0,0.0,0.0,2.0,5.0,0.0,0.0,0.0,0.0,0.0,
ENG-Premier League,2526,2026-01-17 Manchester United-Manchester City,Manchester United,Senne Lammens,True,Goalkeeper,1,start,end,1.0,0.0,0.0,0.0,0.0,0.0,0.0,0.0,1.0,0.0,0.0,0.0,0.0,0.0,
ENG-Premier League,2526,2026-01-17 Nottingham Forest-Arsenal,Arsenal,David Raya,False,Goalkeeper,1,start,end,1.0,0.0,0.0,0.0,0.0,0.0,0.0,0.0,0.0,0.0,0.0,0.0,0.0,0.0,
ENG-Premier League,2526,2026-01-17 Nottingham Forest-Arsenal,Nottingham Forest,Matz Sels,True,Goalkeeper,1,start,end,1.0,0.0,0.0,0.0,0.0,0.0,0.0,0.0,3.0,0.0,0.0,0.0,0.0,0.0,
ENG-Premier League,2526,2026-01-17 Sunderland-Crystal Palace,Crystal Palace,Dean Henderson,False,Goalkeeper,1,start,end,1.0,0.0,0.0,0.0,0.0,0.0,0.0,2.0,5.0,0.0,0.0,0.0,0.0,0.0,
ENG-Premier League,2526,2026-01-17 Sunderland-Crystal Palace,Sunderland,Robin Roefs,True,Goalkeeper,1,start,end,1.0,0.0,0.0,0.0,0.0,0.0,0.0,1.0,1.0,0.0,0.0,0.0,0.0,0.0,
ENG-Premier League,2526,2026-01-17 Tottenham Hotspur-West Ham United,Tottenham Hotspur,Guglielmo Vicario,True,Goalkeeper,1,start,end,1.0,0.0,0.0,0.0,0.0,0.0,0.0,2.0,2.0,0.0,0.0,0.0,0.0,0.0,
ENG-Premier League,2526,2026-01-17 Tottenham Hotspur-West Ham United,West Ham United,Alphonse Areola,False,Goalkeeper,1,start,end,1.0,0.0,0.0,0.0,0.0,0.0,0.0,1.0,5.0,0.0,0.0,0.0,0.0,0.0,
ENG-Premier League,2526,2026-01-18 Aston Villa-Everton,Aston Villa,Emiliano Martínez,True,Goalkeeper,1,start,end,1.0,0.0,0.0,0.0,0.0,0.0,0.0,1.0,2.0,0.0,0.0,0.0,0.0,0.0,
ENG-Premier League,2526,2026-01-18 Aston Villa-Everton,Everton,Jordan Pickford,False,Goalkeeper,1,start,end,1.0,0.0,0.0,0.0,0.0,0.0,0.0,0.0,5.0,0.0,0.0,0.0,0.0,0.0,
ENG-Premier League,2526,2026-01-18 Wolverhampton Wanderers-Newcastle United,Newcastle United,Nick Pope,False,Goalkeeper,1,start,end,1.0,0.0,0.0,0.0,0.0,0.0,0.0,0.0,2.0,0.0,0.0,0.0,0.0,0.0,
ENG-Premier League,2526,2026-01-18 Wolverhampton Wanderers-Newcastle United,Wolverhampton Wanderers,José Sá,True,Goalkeeper,1,start,end,1.0,0.0,2.0,0.0,0.0,0.0,0.0,0.0,2.0,0.0,0.0,0.0,0.0,0.0,
ENG-Premier League,2526,2026-01-19 Brighton & Hove Albion-AFC Bournemouth,AFC Bournemouth,Djordje Petrovic,False,Goalkeeper,1,start,end,1.0,0.0,0.0,0.0,0.0,0.0,1.0,1.0,4.0,0.0,0.0,0.0,0.0,0.0,
ENG-Premier League,2526,2026-01-19 Brighton & Hove Albion-AFC Bournemouth,Brighton & Hove Albion,Bart Verbruggen,True,Goalkeeper,1,start,end,1.0,1.0,0.0,0.0,0.0,0.0,0.0,1.0,1.0,0.0,0.0,0.0,0.0,0.0,
ENG-Premier League,2526,2026-01-24 AFC Bournemouth-Liverpool,AFC Bournemouth,Djordje Petrovic,True,Goalkeeper,1,start,end,1.0,0.0,0.0,0.0,0.0,0.0,0.0,2.0,2.0,0.0,0.0,0.0,0.0,0.0,
ENG-Premier League,2526,2026-01-24 AFC Bournemouth-Liverpool,Liverpool,Alisson Becker,False,Goalkeeper,1,start,end,1.0,0.0,0.0,0.0,0.0,0.0,0.0,3.0,2.0,0.0,0.0,0.0,0.0,0.0,
ENG-Premier League,2526,2026-01-24 Burnley-Tottenham Hotspur,Burnley,Martin Dúbravka,True,Goalkeeper,1,start,end,1.0,0.0,1.0,0.0,0.0,0.0,0.0,2.0,9.0,0.0,0.0,0.0,0.0,0.0,
ENG-Premier League,2526,2026-01-24 Burnley-Tottenham Hotspur,Tottenham Hotspur,Guglielmo Vicario,False,Goalkeeper,1,start,end,1.0,0.0,0.0,0.0,0.0,0.0,0.0,2.0,2.0,0.0,0.0,0.0,0.0,0.0,
ENG-Premier League,2526,2026-01-24 Fulham-Brighton & Hove Albion,Brighton & Hove Albion,Bart Verbruggen,False,Goalkeeper,1,start,end,1.0,0.0,0.0,0.0,0.0,0.0,0.0,2.0,2.0,0.0,0.0,0.0,0.0,0.0,
ENG-Premier League,2526,2026-01-24 Fulham-Brighton & Hove Albion,Fulham,Bernd Leno,True,Goalkeeper,1,start,end,1.0,0.0,1.0,0.0,0.0,0.0,0.0,1.0,3.0,0.0,0.0,0.0,0.0,0.0,
ENG-Premier League,2526,2026-01-24 Manchester City-Wolverhampton Wanderers,Manchester City,Gianluigi Donnarumma,True,Goalkeeper,1,start,end,1.0,0.0,0.0,0.0,0.0,0.0,0.0,0.0,1.0,0.0,0.0,0.0,0.0,0.0,
ENG-Premier League,2526,2026-01-24 Manchester City-Wolverhampton Wanderers,Wolverhampton Wanderers,José Sá,False,Goalkeeper,1,start,end,1.0,0.0,0.0,0.0,0.0,0.0,0.0,2.0,2.0,0.0,0.0,0.0,0.0,0.0,
ENG-Premier League,2526,2026-01-24 West Ham United-Sunderland,Sunderland,Robin Roefs,False,Goalkeeper,1,start,end,1.0,0.0,1.0,0.0,0.0,0.0,0.0,3.0,2.0,0.0,0.0,0.0,0.0,0.0,
ENG-Premier League,2526,2026-01-24 West Ham United-Sunderland,West Ham United,Alphonse Areola,True,Goalkeeper,1,start,end,1.0,0.0,0.0,0.0,0.0,0.0,0.0,1.0,1.0,0.0,0.0,0.0,0.0,0.0,
ENG-Premier League,2526,2026-01-25 Arsenal-Manchester United,Arsenal,David Raya,True,Goalkeeper,1,start,end,1.0,0.0,0.0,0.0,0.0,0.0,0.0,3.0,0.0,0.0,0.0,0.0,0.0,0.0,
ENG-Premier League,2526,2026-01-25 Arsenal-Manchester United,Manchester United,Senne Lammens,False,Goalkeeper,1,start,end,1.0,0.0,0.0,0.0,0.0,0.0,0.0,2.0,3.0,0.0,0.0,0.0,0.0,0.0,
ENG-Premier League,2526,2026-01-25 Brentford-Nottingham Forest,Brentford,Caoimhín Kelleher,True,Goalkeeper,1,start,end,1.0,0.0,0.0,0.0,0.0,0.0,0.0,2.0,0.0,0.0,0.0,0.0,0.0,0.0,
ENG-Premier League,2526,2026-01-25 Brentford-Nottingham Forest,Nottingham Forest,Matz Sels,False,Goalkeeper,1,start,end,1.0,0.0,0.0,0.0,0.0,0.0,0.0,0.0,1.0,0.0,0.0,0.0,0.0,0.0,
ENG-Premier League,2526,2026-01-25 Crystal Palace-Chelsea,Chelsea,Robert Sánchez,False,Goalkeeper,1,start,end,1.0,0.0,1.0,0.0,0.0,0.0,0.0,1.0,5.0,0.0,0.0,0.0,0.0,0.0,
ENG-Premier League,2526,2026-01-25 Crystal Palace-Chelsea,Crystal Palace,Dean Henderson,True,Goalkeeper,1,start,end,1.0,0.0,0.0,0.0,0.0,0.0,0.0,3.0,2.0,0.0,0.0,0.0,0.0,0.0,
ENG-Premier League,2526,2026-01-25 Newcastle United-Aston Villa,Aston Villa,Emiliano Martínez,False,Goalkeeper,1,start,end,1.0,0.0,2.0,0.0,0.0,0.0,0.0,0.0,4.0,0.0,0.0,0.0,0.0,0.0,
ENG-Premier League,2526,2026-01-25 Newcastle United-Aston Villa,Newcastle United,Nick Pope,True,Goalkeeper,1,start,end,1.0,0.0,0.0,0.0,0.0,0.0,0.0,2.0,6.0,0.0,0.0,0.0,0.0,0.0,
ENG-Premier League,2526,2026-01-26 Everton-Leeds United,Everton,Jordan Pickford,True,Goalkeeper,1,start,end,1.0,0.0,0.0,0.0,0.0,0.0,0.0,1.0,3.0,0.0,0.0,0.0,0.0,0.0,
ENG-Premier League,2526,2026-01-26 Everton-Leeds United,Leeds United,Karl Darlow,False,Goalkeeper,1,start,end,1.0,0.0,0.0,0.0,0.0,0.0,0.0,1.0,2.0,0.0,0.0,0.0,0.0,0.0,
ENG-Premier League,2526,2026-01-31 Brighton & Hove Albion-Everton,Brighton & Hove Albion,Bart Verbruggen,True,Goalkeeper,1,start,end,1.0,0.0,0.0,0.0,0.0,0.0,0.0,1.0,3.0,0.0,0.0,0.0,0.0,0.0,
ENG-Premier League,2526,2026-01-31 Brighton & Hove Albion-Everton,Everton,Jordan Pickford,False,Goalkeeper,1,start,end,1.0,0.0,3.0,0.0,0.0,0.0,0.0,1.0,1.0,0.0,0.0,0.0,0.0,0.0,
ENG-Premier League,2526,2026-01-31 Chelsea-West Ham United,Chelsea,Robert Sánchez,True,Goalkeeper,1,start,end,1.0,0.0,0.0,0.0,0.0,0.0,0.0,2.0,4.0,0.0,0.0,0.0,0.0,0.0,
ENG-Premier League,2526,2026-01-31 Chelsea-West Ham United,West Ham United,Alphonse Areola,False,Goalkeeper,1,start,end,1.0,0.0,0.0,0.0,0.0,0.0,0.0,3.0,3.0,0.0,0.0,0.0,0.0,0.0,
ENG-Premier League,2526,2026-01-31 Leeds United-Arsenal,Arsenal,David Raya,False,Goalkeeper,1,start,end,1.0,0.0,0.0,0.0,0.0,0.0,0.0,0.0,1.0,0.0,0.0,0.0,0.0,0.0,
ENG-Premier League,2526,2026-01-31 Leeds United-Arsenal,Leeds United,Karl Darlow,True,Goalkeeper,1,start,end,1.0,0.0,0.0,0.0,0.0,0.0,0.0,4.0,4.0,0.0,0.0,0.0,0.0,0.0,
ENG-Premier League,2526,2026-01-31 Liverpool-Newcastle United,Liverpool,Alisson Becker,True,Goalkeeper,1,start,end,1.0,0.0,2.0,0.0,0.0,0.0,0.0,1.0,1.0,0.0,0.0,0.0,0.0,0.0,
ENG-Premier League,2526,2026-01-31 Liverpool-Newcastle United,Newcastle United,Nick Pope,False,Goalkeeper,1,start,end,1.0,0.0,0.0,0.0,0.0,0.0,0.0,4.0,3.0,0.0,0.0,0.0,0.0,0.0,
ENG-Premier League,2526,2026-01-31 Wolverhampton Wanderers-AFC Bournemouth,AFC Bournemouth,Djordje Petrovic,False,Goalkeeper,1,start,end,1.0,0.0,0.0,0.0,0.0,0.0,0.0,0.0,7.0,0.0,0.0,0.0,0.0,0.0,
ENG-Premier League,2526,2026-01-31 Wolverhampton Wanderers-AFC Bournemouth,Wolverhampton Wanderers,José Sá,True,Goalkeeper,1,start,end,1.0,0.0,0.0,0.0,0.0,0.0,0.0,2.0,2.0,0.0,0.0,0.0,0.0,0.0,
ENG-Premier League,2526,2026-02-01 Aston Villa-Brentford,Aston Villa,Emiliano Martínez,True,Goalkeeper,1,start,end,1.0,0.0,0.0,0.0,0.0,0.0,0.0,1.0,0.0,0.0,0.0,0.0,0.0,0.0,
ENG-Premier League,2526,2026-02-01 Aston Villa-Brentford,Brentford,Caoimhín Kelleher,False,Goalkeeper,1,start,end,1.0,0.0,1.0,0.0,0.0,0.0,0.0,0.0,5.0,0.0,0.0,0.0,0.0,0.0,
ENG-Premier League,2526,2026-02-01 Manchester United-Fulham,Fulham,Bernd Leno,False,Goalkeeper,1,start,end,1.0,0.0,0.0,0.0,0.0,0.0,0.0,3.0,3.0,0.0,0.0,0.0,0.0,0.0,
ENG-Premier League,2526,2026-02-01 Manchester United-Fulham,Manchester United,Senne Lammens,True,Goalkeeper,1,start,end,1.0,0.0,0.0,0.0,0.0,0.0,0.0,2.0,4.0,0.0,0.0,0.0,0.0,0.0,
ENG-Premier League,2526,2026-02-01 Nottingham Forest-Crystal Palace,Crystal Palace,Dean Henderson,False,Goalkeeper,1,start,end,1.0,0.0,0.0,0.0,0.0,0.0,0.0,1.0,0.0,0.0,0.0,0.0,0.0,0.0,
ENG-Premier League,2526,2026-02-01 Nottingham Forest-Crystal Palace,Nottingham Forest,Matz Sels,True,Goalkeeper,1,start,45,1.0,0.0,0.0,0.0,0.0,0.0,0.0,1.0,1.0,0.0,0.0,0.0,0.0,0.0,
ENG-Premier League,2526,2026-02-01 Tottenham Hotspur-Manchester City,Manchester City,Gianluigi Donnarumma,False,Goalkeeper,1,start,end,1.0,0.0,0.0,0.0,0.0,0.0,0.0,2.0,4.0,0.0,0.0,0.0,0.0,0.0,
ENG-Premier League,2526,2026-02-01 Tottenham Hotspur-Manchester City,Tottenham Hotspur,Guglielmo Vicario,True,Goalkeeper,1,start,end,1.0,0.0,0.0,0.0,0.0,0.0,0.0,2.0,1.0,0.0,0.0,0.0,0.0,0.0,
ENG-Premier League,2526,2026-02-02 Sunderland-Burnley,Burnley,Martin Dúbravka,False,Goalkeeper,1,start,end,1.0,0.0,1.0,0.0,0.0,0.0,1.0,3.0,3.0,0.0,0.0,0.0,0.0,0.0,
ENG-Premier League,2526,2026-02-02 Sunderland-Burnley,Sunderland,Robin Roefs,True,Goalkeeper,1,start,end,1.0,0.0,0.0,0.0,0.0,0.0,0.0,0.0,0.0,0.0,0.0,0.0,0.0,0.0,
ENG-Premier League,2526,2026-02-06 Leeds United-Nottingham Forest,Leeds United,Karl Darlow,True,Goalkeeper,1,start,end,1.0,0.0,0.0,0.0,0.0,0.0,0.0,1.0,5.0,0.0,0.0,0.0,0.0,0.0,
ENG-Premier League,2526,2026-02-06 Leeds United-Nottingham Forest,Nottingham Forest,Stefan Ortega,False,Goalkeeper,1,start,end,1.0,0.0,0.0,0.0,0.0,0.0,0.0,3.0,2.0,0.0,0.0,0.0,0.0,0.0,
ENG-Premier League,2526,2026-02-07 AFC Bournemouth-Aston Villa,AFC Bournemouth,Djordje Petrovic,True,Goalkeeper,1,start,end,1.0,0.0,0.0,0.0,0.0,0.0,0.0,1.0,3.0,0.0,0.0,0.0,0.0,0.0,
ENG-Premier League,2526,2026-02-07 AFC Bournemouth-Aston Villa,Aston Villa,Emiliano Martínez,False,Goalkeeper,1,start,end,1.0,0.0,2.0,0.0,0.0,0.0,0.0,1.0,7.0,0.0,0.0,0.0,0.0,0.0,
ENG-Premier League,2526,2026-02-07 Arsenal-Sunderland,Arsenal,David Raya,True,Goalkeeper,1,start,end,1.0,0.0,1.0,0.0,0.0,0.0,0.0,0.0,2.0,0.0,0.0,0.0,0.0,0.0,
ENG-Premier League,2526,2026-02-07 Arsenal-Sunderland,Sunderland,Robin Roefs,False,Goalkeeper,1,start,end,1.0,0.0,0.0,0.0,0.0,0.0,0.0,3.0,2.0,0.0,0.0,0.0,0.0,0.0,
ENG-Premier League,2526,2026-02-07 Burnley-West Ham United,Burnley,Martin Dúbravka,True,Goalkeeper,1,start,end,1.0,0.0,1.0,0.0,0.0,0.0,0.0,2.0,2.0,0.0,0.0,0.0,0.0,0.0,
ENG-Premier League,2526,2026-02-07 Burnley-West Ham United,West Ham United,Mads Hermansen,False,Goalkeeper,1,start,end,1.0,0.0,0.0,0.0,0.0,0.0,0.0,0.0,5.0,0.0,0.0,0.0,0.0,0.0,
ENG-Premier League,2526,2026-02-07 Fulham-Everton,Everton,Jordan Pickford,False,Goalkeeper,1,start,end,1.0,0.0,0.0,0.0,0.0,0.0,1.0,1.0,3.0,0.0,0.0,0.0,0.0,0.0,
ENG-Premier League,2526,2026-02-07 Fulham-Everton,Fulham,Bernd Leno,True,Goalkeeper,1,start,end,1.0,0.0,0.0,1.0,0.0,0.0,0.0,2.0,2.0,0.0,0.0,0.0,0.0,0.0,
ENG-Premier League,2526,2026-02-07 Manchester United-Tottenham Hotspur,Manchester United,Senne Lammens,True,Goalkeeper,1,start,end,1.0,0.0,0.0,0.0,0.0,0.0,0.0,0.0,1.0,0.0,0.0,0.0,0.0,0.0,
ENG-Premier League,2526,2026-02-07 Manchester United-Tottenham Hotspur,Tottenham Hotspur,Guglielmo Vicario,False,Goalkeeper,1,start,end,1.0,0.0,1.0,0.0,0.0,0.0,0.0,2.0,8.0,0.0,0.0,0.0,0.0,0.0,
ENG-Premier League,2526,2026-02-07 Newcastle United-Brentford,Brentford,Caoimhín Kelleher,False,Goalkeeper,1,start,end,1.0,0.0,0.0,0.0,0.0,0.0,0.0,2.0,1.0,0.0,0.0,0.0,0.0,0.0,
ENG-Premier League,2526,2026-02-07 Newcastle United-Brentford,Newcastle United,Nick Pope,True,Goalkeeper,1,start,end,1.0,0.0,0.0,0.0,0.0,0.0,0.0,3.0,3.0,0.0,0.0,0.0,0.0,0.0,
ENG-Premier League,2526,2026-02-07 Wolverhampton Wanderers-Chelsea,Chelsea,Robert Sánchez,False,Goalkeeper,1,start,end,1.0,0.0,1.0,0.0,0.0,0.0,0.0,1.0,2.0,0.0,0.0,0.0,0.0,0.0,
ENG-Premier League,2526,2026-02-07 Wolverhampton Wanderers-Chelsea,Wolverhampton Wanderers,José Sá,True,Goalkeeper,1,start,end,1.0,0.0,0.0,0.0,0.0,0.0,0.0,3.0,3.0,0.0,0.0,0.0,0.0,0.0,
ENG-Premier League,2526,2026-02-08 Brighton & Hove Albion-Crystal Palace,Brighton & Hove Albion,Bart Verbruggen,True,Goalkeeper,1,start,end,1.0,0.0,0.0,0.0,0.0,0.0,0.0,1.0,3.0,0.0,0.0,0.0,0.0,0.0,
ENG-Premier League,2526,2026-02-08 Brighton & Hove Albion-Crystal Palace,Crystal Palace,Dean Henderson,False,Goalkeeper,1,start,end,1.0,0.0,0.0,0.0,0.0,0.0,0.0,0.0,2.0,0.0,0.0,0.0,0.0,0.0,
ENG-Premier League,2526,2026-02-08 Liverpool-Manchester City,Liverpool,Alisson Becker,True,Goalkeeper,1,start,end,1.0,1.0,0.0,0.0,0.0,0.0,1.0,2.0,5.0,0.0,0.0,0.0,0.0,0.0,
ENG-Premier League,2526,2026-02-08 Liverpool-Manchester City,Manchester City,Gianluigi Donnarumma,False,Goalkeeper,1,start,end,1.0,0.0,0.0,0.0,0.0,0.0,0.0,1.0,3.0,0.0,0.0,0.0,0.0,0.0,
ENG-Premier League,2526,2026-02-10 Chelsea-Leeds United,Chelsea,Robert Sánchez,True,Goalkeeper,1,start,end,1.0,0.0,0.0,0.0,0.0,0.0,0.0,2.0,0.0,0.0,0.0,0.0,0.0,0.0,
ENG-Premier League,2526,2026-02-10 Chelsea-Leeds United,Leeds United,Karl Darlow,False,Goalkeeper,1,start,end,1.0,0.0,0.0,0.0,0.0,0.0,0.0,2.0,2.0,0.0,0.0,0.0,0.0,0.0,
ENG-Premier League,2526,2026-02-10 Everton-AFC Bournemouth,AFC Bournemouth,Djordje Petrovic,False,Goalkeeper,1,start,end,1.0,0.0,0.0,0.0,0.0,0.0,0.0,1.0,5.0,0.0,0.0,0.0,0.0,0.0,
ENG-Premier League,2526,2026-02-10 Everton-AFC Bournemouth,Everton,Jordan Pickford,True,Goalkeeper,1,start,end,1.0,0.0,0.0,0.0,0.0,0.0,0.0,2.0,2.0,0.0,0.0,0.0,0.0,0.0,
ENG-Premier League,2526,2026-02-10 Tottenham Hotspur-Newcastle United,Newcastle United,Nick Pope,False,Goalkeeper,1,start,end,1.0,0.0,0.0,0.0,0.0,0.0,0.0,1.0,1.0,0.0,0.0,0.0,0.0,0.0,
ENG-Premier League,2526,2026-02-10 Tottenham Hotspur-Newcastle United,Tottenham Hotspur,Guglielmo Vicario,True,Goalkeeper,1,start,end,1.0,0.0,0.0,0.0,0.0,0.0,0.0,2.0,3.0,0.0,0.0,0.0,0.0,0.0,
ENG-Premier League,2526,2026-02-10 West Ham United-Manchester United,Manchester United,Senne Lammens,False,Goalkeeper,1,start,end,1.0,0.0,0.0,0.0,0.0,0.0,0.0,1.0,2.0,0.0,0.0,0.0,0.0,0.0,
ENG-Premier League,2526,2026-02-10 West Ham United-Manchester United,West Ham United,Mads Hermansen,True,Goalkeeper,1,start,end,1.0,0.0,0.0,0.0,0.0,0.0,0.0,1.0,2.0,0.0,0.0,0.0,0.0,0.0,
ENG-Premier League,2526,2026-02-11 Aston Villa-Brighton & Hove Albion,Aston Villa,Emiliano Martínez,True,Goalkeeper,1,start,end,1.0,0.0,2.0,0.0,0.0,0.0,1.0,0.0,3.0,0.0,0.0,0.0,0.0,0.0,
ENG-Premier League,2526,2026-02-11 Aston Villa-Brighton & Hove Albion,Brighton & Hove Albion,Bart Verbruggen,False,Goalkeeper,1,start,end,1.0,0.0,0.0,0.0,0.0,0.0,0.0,1.0,2.0,0.0,0.0,0.0,0.0,0.0,
ENG-Premier League,2526,2026-02-11 Crystal Palace-Burnley,Burnley,Martin Dúbravka,False,Goalkeeper,1,start,end,1.0,0.0,0.0,0.0,0.0,0.0,0.0,2.0,1.0,0.0,0.0,0.0,0.0,0.0,
ENG-Premier League,2526,2026-02-11 Crystal Palace-Burnley,Crystal Palace,Dean Henderson,True,Goalkeeper,1,start,end,1.0,0.0,0.0,0.0,0.0,0.0,0.0,3.0,1.0,0.0,0.0,0.0,0.0,0.0,
ENG-Premier League,2526,2026-02-11 Manchester City-Fulham,Fulham,Bernd Leno,False,Goalkeeper,1,start,end,1.0,0.0,0.0,0.0,0.0,0.0,0.0,3.0,2.0,0.0,0.0,0.0,0.0,0.0,
ENG-Premier League,2526,2026-02-11 Manchester City-Fulham,Manchester City,Gianluigi Donnarumma,True,Goalkeeper,1,start,end,1.0,0.0,0.0,0.0,0.0,0.0,0.0,0.0,3.0,0.0,0.0,0.0,0.0,0.0,
ENG-Premier League,2526,2026-02-11 Nottingham Forest-Wolverhampton Wanderers,Nottingham Forest,Stefan Ortega,True,Goalkeeper,1,start,end,1.0,0.0,0.0,0.0,0.0,0.0,0.0,0.0,3.0,0.0,0.0,0.0,0.0,0.0,
ENG-Premier League,2526,2026-02-11 Nottingham Forest-Wolverhampton Wanderers,Wolverhampton Wanderers,José Sá,False,Goalkeeper,1,start,end,1.0,0.0,0.0,0.0,0.0,0.0,0.0,0.0,10.0,0.0,0.0,0.0,0.0,0.0,
ENG-Premier League,2526,2026-02-11 Sunderland-Liverpool,Liverpool,Alisson Becker,False,Goalkeeper,1,start,end,1.0,0.0,0.0,0.0,0.0,0.0,0.0,0.0,2.0,0.0,0.0,0.0,0.0,0.0,
ENG-Premier League,2526,2026-02-11 Sunderland-Liverpool,Sunderland,Robin Roefs,True,Goalkeeper,1,start,end,1.0,0.0,1.0,0.0,0.0,0.0,0.0,1.0,2.0,0.0,0.0,0.0,0.0,0.0,
ENG-Premier League,2526,2026-02-12 Brentford-Arsenal,Arsenal,David Raya,False,Goalkeeper,1,start,end,1.0,0.0,0.0,0.0,0.0,0.0,0.0,1.0,2.0,0.0,0.0,0.0,0.0,0.0,
ENG-Premier League,2526,2026-02-12 Brentford-Arsenal,Brentford,Caoimhín Kelleher,True,Goalkeeper,1,start,end,1.0,0.0,0.0,0.0,0.0,0.0,0.0,1.0,1.0,0.0,0.0,0.0,0.0,0.0,
ENG-Premier League,2526,2026-02-18 Wolverhampton Wanderers-Arsenal,Arsenal,David Raya,False,Goalkeeper,1,start,end,1.0,0.0,0.0,0.0,0.0,0.0,0.0,2.0,0.0,0.0,0.0,0.0,0.0,0.0,
ENG-Premier League,2526,2026-02-18 Wolverhampton Wanderers-Arsenal,Wolverhampton Wanderers,José Sá,True,Goalkeeper,1,start,end,1.0,0.0,0.0,0.0,0.0,0.0,0.0,2.0,2.0,0.0,0.0,0.0,0.0,0.0,
ENG-Premier League,2526,2026-02-21 Aston Villa-Leeds United,Aston Villa,Emiliano Martínez,True,Goalkeeper,1,start,end,1.0,0.0,1.0,0.0,0.0,0.0,0.0,1.0,3.0,0.0,0.0,0.0,0.0,0.0,
ENG-Premier League,2526,2026-02-21 Aston Villa-Leeds United,Leeds United,Karl Darlow,False,Goalkeeper,1,start,end,1.0,0.0,1.0,0.0,0.0,0.0,1.0,1.0,3.0,0.0,0.0,0.0,0.0,0.0,
ENG-Premier League,2526,2026-02-21 Brentford-Brighton & Hove Albion,Brentford,Caoimhín Kelleher,True,Goalkeeper,1,start,end,1.0,0.0,0.0,0.0,0.0,0.0,0.0,2.0,5.0,0.0,0.0,0.0,0.0,0.0,
ENG-Premier League,2526,2026-02-21 Brentford-Brighton & Hove Albion,Brighton & Hove Albion,Bart Verbruggen,False,Goalkeeper,1,start,end,1.0,0.0,0.0,0.0,0.0,0.0,0.0,0.0,4.0,0.0,0.0,0.0,0.0,0.0,
ENG-Premier League,2526,2026-02-21 Chelsea-Burnley,Burnley,Martin Dúbravka,False,Goalkeeper,1,start,end,1.0,0.0,0.0,0.0,0.0,0.0,0.0,1.0,1.0,0.0,0.0,0.0,0.0,0.0,
ENG-Premier League,2526,2026-02-21 Chelsea-Burnley,Chelsea,Robert Sánchez,True,Goalkeeper,1,start,end,1.0,0.0,1.0,0.0,0.0,0.0,1.0,1.0,3.0,0.0,0.0,0.0,0.0,0.0,
ENG-Premier League,2526,2026-02-21 Manchester City-Newcastle United,Manchester City,Gianluigi Donnarumma,True,Goalkeeper,1,start,end,1.0,0.0,0.0,0.0,0.0,0.0,0.0,1.0,6.0,0.0,0.0,0.0,0.0,0.0,
ENG-Premier League,2526,2026-02-21 Manchester City-Newcastle United,Newcastle United,Nick Pope,False,Goalkeeper,1,start,end,1.0,0.0,0.0,0.0,0.0,0.0,0.0,2.0,5.0,0.0,0.0,1.0,0.0,1.0,
ENG-Premier League,2526,2026-02-21 West Ham United-AFC Bournemouth,AFC Bournemouth,Djordje Petrovic,False,Goalkeeper,1,start,end,1.0,0.0,1.0,0.0,0.0,0.0,0.0,0.0,3.0,0.0,0.0,0.0,0.0,0.0,
ENG-Premier League,2526,2026-02-21 West Ham United-AFC Bournemouth,West Ham United,Mads Hermansen,True,Goalkeeper,1,start,end,1.0,0.0,0.0,0.0,0.0,0.0,0.0,0.0,5.0,0.0,0.0,0.0,0.0,0.0,
ENG-Premier League,2526,2026-02-22 Crystal Palace-Wolverhampton Wanderers,Crystal Palace,Dean Henderson,True,Goalkeeper,1,start,end,1.0,0.0,1.0,0.0,0.0,0.0,0.0,0.0,7.0,0.0,0.0,0.0,0.0,0.0,
ENG-Premier League,2526,2026-02-22 Crystal Palace-Wolverhampton Wanderers,Wolverhampton Wanderers,José Sá,False,Goalkeeper,1,start,end,1.0,0.0,0.0,0.0,0.0,0.0,0.0,1.0,2.0,0.0,0.0,0.0,0.0,0.0,
ENG-Premier League,2526,2026-02-22 Nottingham Forest-Liverpool,Liverpool,Alisson Becker,False,Goalkeeper,1,start,end,1.0,0.0,0.0,0.0,0.0,0.0,0.0,0.0,2.0,0.0,0.0,0.0,0.0,0.0,
ENG-Premier League,2526,2026-02-22 Nottingham Forest-Liverpool,Nottingham Forest,Stefan Ortega,True,Goalkeeper,1,start,end,1.0,0.0,0.0,0.0,0.0,0.0,0.0,1.0,3.0,0.0,0.0,0.0,0.0,0.0,
ENG-Premier League,2526,2026-02-22 Sunderland-Fulham,Fulham,Bernd Leno,False,Goalkeeper,1,start,end,1.0,0.0,0.0,0.0,0.0,0.0,0.0,1.0,1.0,0.0,0.0,0.0,0.0,0.0,
ENG-Premier League,2526,2026-02-22 Sunderland-Fulham,Sunderland,Robin Roefs,True,Goalkeeper,1,start,end,1.0,0.0,0.0,0.0,0.0,0.0,0.0,3.0,1.0,0.0,0.0,0.0,0.0,0.0,
ENG-Premier League,2526,2026-02-22 Tottenham Hotspur-Arsenal,Arsenal,David Raya,False,Goalkeeper,1,start,end,1.0,0.0,1.0,0.0,0.0,0.0,0.0,1.0,4.0,0.0,0.0,0.0,0.0,0.0,
ENG-Premier League,2526,2026-02-22 Tottenham Hotspur-Arsenal,Tottenham Hotspur,Guglielmo Vicario,True,Goalkeeper,1,start,end,1.0,0.0,0.0,0.0,0.0,0.0,0.0,4.0,2.0,0.0,0.0,0.0,0.0,0.0,
ENG-Premier League,2526,2026-02-23 Everton-Manchester United,Everton,Jordan Pickford,True,Goalkeeper,1,start,end,1.0,0.0,0.0,0.0,0.0,0.0,1.0,1.0,1.0,0.0,0.0,0.0,0.0,0.0,
ENG-Premier League,2526,2026-02-23 Everton-Manchester United,Manchester United,Senne Lammens,False,Goalkeeper,1,start,end,1.0,0.0,0.0,0.0,0.0,0.0,0.0,0.0,4.0,0.0,0.0,0.0,0.0,0.0,
ENG-Premier League,2526,2026-02-27 Wolverhampton Wanderers-Aston Villa,Aston Villa,Emiliano Martínez,False,Goalkeeper,1,start,end,1.0,0.0,0.0,0.0,0.0,0.0,0.0,2.0,0.0,0.0,0.0,0.0,0.0,0.0,
ENG-Premier League,2526,2026-02-27 Wolverhampton Wanderers-Aston Villa,Wolverhampton Wanderers,José Sá,True,Goalkeeper,1,start,end,1.0,0.0,0.0,0.0,0.0,0.0,0.0,0.0,4.0,0.0,0.0,0.0,0.0,0.0,
ENG-Premier League,2526,2026-02-28 AFC Bournemouth-Sunderland,AFC Bournemouth,Djordje Petrovic,True,Goalkeeper,1,start,end,1.0,0.0,0.0,0.0,0.0,0.0,0.0,1.0,3.0,0.0,0.0,0.0,0.0,0.0,
ENG-Premier League,2526,2026-02-28 AFC Bournemouth-Sunderland,Sunderland,Robin Roefs,False,Goalkeeper,1,start,end,1.0,0.0,1.0,0.0,0.0,0.0,1.0,1.0,4.0,0.0,0.0,0.0,0.0,0.0,
ENG-Premier League,2526,2026-02-28 Burnley-Brentford,Brentford,Hákon Valdimarsson,False,Goalkeeper,1,start,end,1.0,0.0,0.0,0.0,0.0,0.0,0.0,3.0,1.0,0.0,0.0,0.0,0.0,0.0,
ENG-Premier League,2526,2026-02-28 Burnley-Brentford,Burnley,Martin Dúbravka,True,Goalkeeper,1,start,end,1.0,0.0,0.0,0.0,0.0,0.0,0.0,4.0,2.0,0.0,0.0,0.0,0.0,0.0,
ENG-Premier League,2526,2026-02-28 Leeds United-Manchester City,Leeds United,Karl Darlow,True,Goalkeeper,1,start,end,1.0,0.0,0.0,0.0,0.0,0.0,0.0,1.0,4.0,0.0,0.0,0.0,0.0,0.0,
ENG-Premier League,2526,2026-02-28 Leeds United-Manchester City,Manchester City,Gianluigi Donnarumma,False,Goalkeeper,1,start,end,1.0,0.0,0.0,0.0,0.0,0.0,1.0,0.0,2.0,0.0,0.0,0.0,0.0,0.0,
ENG-Premier League,2526,2026-02-28 Liverpool-West Ham United,Liverpool,Alisson Becker,True,Goalkeeper,1,start,end,1.0,0.0,0.0,0.0,0.0,0.0,0.0,2.0,3.0,0.0,0.0,0.0,0.0,0.0,
ENG-Premier League,2526,2026-02-28 Liverpool-West Ham United,West Ham United,Mads Hermansen,False,Goalkeeper,1,start,end,1.0,0.0,0.0,0.0,0.0,0.0,0.0,5.0,2.0,0.0,0.0,0.0,0.0,0.0,
ENG-Premier League,2526,2026-02-28 Newcastle United-Everton,Everton,Jordan Pickford,False,Goalkeeper,1,start,end,1.0,0.0,0.0,0.0,0.0,0.0,0.0,2.0,4.0,0.0,0.0,0.0,0.0,0.0,
ENG-Premier League,2526,2026-02-28 Newcastle United-Everton,Newcastle United,Nick Pope,True,Goalkeeper,1,start,end,1.0,0.0,1.0,0.0,0.0,0.0,0.0,3.0,2.0,0.0,0.0,0.0,0.0,0.0,
ENG-Premier League,2526,2026-03-01 Arsenal-Chelsea,Arsenal,David Raya,True,Goalkeeper,1,start,end,1.0,0.0,1.0,0.0,0.0,0.0,0.0,1.0,4.0,0.0,0.0,0.0,0.0,0.0,
ENG-Premier League,2526,2026-03-01 Arsenal-Chelsea,Chelsea,Robert Sánchez,False,Goalkeeper,1,start,end,1.0,0.0,0.0,0.0,0.0,0.0,0.0,2.0,3.0,0.0,0.0,0.0,0.0,0.0,
ENG-Premier League,2526,2026-03-01 Brighton & Hove Albion-Nottingham Forest,Brighton & Hove Albion,Bart Verbruggen,True,Goalkeeper,1,start,end,1.0,0.0,0.0,0.0,0.0,0.0,0.0,1.0,3.0,0.0,0.0,0.0,0.0,0.0,
ENG-Premier League,2526,2026-03-01 Brighton & Hove Albion-Nottingham Forest,Nottingham Forest,Matz Sels,False,Goalkeeper,1,start,end,1.0,0.0,1.0,0.0,0.0,0.0,0.0,2.0,5.0,0.0,0.0,0.0,0.0,0.0,
ENG-Premier League,2526,2026-03-01 Fulham-Tottenham Hotspur,Fulham,Bernd Leno,True,Goalkeeper,1,start,end,1.0,0.0,0.0,0.0,0.0,0.0,0.0,1.0,0.0,0.0,0.0,0.0,0.0,0.0,
ENG-Premier League,2526,2026-03-01 Fulham-Tottenham Hotspur,Tottenham Hotspur,Guglielmo Vicario,False,Goalkeeper,1,start,end,1.0,0.0,0.0,0.0,0.0,0.0,0.0,2.0,2.0,0.0,0.0,0.0,0.0,0.0,
ENG-Premier League,2526,2026-03-01 Manchester United-Crystal Palace,Crystal Palace,Dean Henderson,False,Goalkeeper,1,start,end,1.0,0.0,0.0,0.0,0.0,0.0,1.0,2.0,9.0,0.0,0.0,0.0,0.0,0.0,
ENG-Premier League,2526,2026-03-01 Manchester United-Crystal Palace,Manchester United,Senne Lammens,True,Goalkeeper,1,start,end,1.0,0.0,0.0,0.0,0.0,0.0,0.0,1.0,2.0,0.0,0.0,0.0,0.0,0.0,
ENG-Premier League,2526,2026-03-03 AFC Bournemouth-Brentford,AFC Bournemouth,Djordje Petrovic,True,Goalkeeper,1,start,end,1.0,0.0,0.0,0.0,0.0,0.0,0.0,0.0,2.0,0.0,0.0,0.0,0.0,0.0,
ENG-Premier League,2526,2026-03-03 AFC Bournemouth-Brentford,Brentford,Caoimhín Kelleher,False,Goalkeeper,1,start,end,1.0,0.0,0.0,0.0,0.0,0.0,0.0,0.0,2.0,0.0,0.0,0.0,0.0,0.0,
ENG-Premier League,2526,2026-03-03 Everton-Burnley,Burnley,Martin Dúbravka,False,Goalkeeper,1,start,end,1.0,0.0,1.0,0.0,0.0,0.0,0.0,2.0,3.0,0.0,0.0,0.0,0.0,0.0,
ENG-Premier League,2526,2026-03-03 Everton-Burnley,Everton,Jordan Pickford,True,Goalkeeper,1,start,end,1.0,0.0,0.0,0.0,0.0,0.0,0.0,0.0,2.0,0.0,0.0,0.0,0.0,0.0,
ENG-Premier League,2526,2026-03-03 Leeds United-Sunderland,Leeds United,Karl Darlow,True,Goalkeeper,1,start,end,1.0,0.0,0.0,0.0,0.0,0.0,0.0,1.0,0.0,0.0,0.0,0.0,0.0,0.0,
ENG-Premier League,2526,2026-03-03 Leeds United-Sunderland,Sunderland,Melker Ellborg,False,Goalkeeper,1,start,end,1.0,0.0,0.0,0.0,0.0,0.0,0.0,0.0,4.0,0.0,0.0,0.0,0.0,0.0,
ENG-Premier League,2526,2026-03-03 Wolverhampton Wanderers-Liverpool,Liverpool,Alisson Becker,False,Goalkeeper,1,start,end,1.0,0.0,0.0,0.0,0.0,0.0,0.0,2.0,1.0,0.0,0.0,0.0,0.0,0.0,
ENG-Premier League,2526,2026-03-03 Wolverhampton Wanderers-Liverpool,Wolverhampton Wanderers,José Sá,True,Goalkeeper,1,start,end,1.0,0.0,1.0,0.0,0.0,0.0,0.0,1.0,5.0,0.0,0.0,0.0,0.0,0.0,
ENG-Premier League,2526,2026-03-04 Aston Villa-Chelsea,Aston Villa,Emiliano Martínez,True,Goalkeeper,1,start,end,1.0,0.0,0.0,0.0,0.0,0.0,0.0,4.0,4.0,0.0,0.0,0.0,0.0,0.0,
ENG-Premier League,2526,2026-03-04 Aston Villa-Chelsea,Chelsea,Filip Jørgensen,False,Goalkeeper,1,start,end,1.0,0.0,0.0,0.0,0.0,0.0,0.0,1.0,3.0,0.0,0.0,0.0,0.0,0.0,
ENG-Premier League,2526,2026-03-04 Brighton & Hove Albion-Arsenal,Arsenal,David Raya,False,Goalkeeper,1,start,end,1.0,0.0,1.0,0.0,0.0,0.0,0.0,0.0,2.0,0.0,0.0,0.0,0.0,0.0,
ENG-Premier League,2526,2026-03-04 Brighton & Hove Albion-Arsenal,Brighton & Hove Albion,Bart Verbruggen,True,Goalkeeper,1,start,end,1.0,0.0,0.0,0.0,0.0,0.0,0.0,1.0,1.0,0.0,0.0,0.0,0.0,0.0,
ENG-Premier League,2526,2026-03-04 Fulham-West Ham United,Fulham,Bernd Leno,True,Goalkeeper,1,start,end,1.0,0.0,0.0,0.0,0.0,0.0,0.0,1.0,3.0,0.0,0.0,0.0,0.0,0.0,
ENG-Premier League,2526,2026-03-04 Fulham-West Ham United,West Ham United,Mads Hermansen,False,Goalkeeper,1,start,end,1.0,0.0,1.0,0.0,0.0,0.0,0.0,0.0,5.0,0.0,0.0,0.0,0.0,0.0,
ENG-Premier League,2526,2026-03-04 Manchester City-Nottingham Forest,Manchester City,Gianluigi Donnarumma,True,Goalkeeper,1,start,end,1.0,0.0,0.0,0.0,0.0,0.0,0.0,2.0,2.0,0.0,0.0,0.0,0.0,0.0,
ENG-Premier League,2526,2026-03-04 Manchester City-Nottingham Forest,Nottingham Forest,Matz Sels,False,Goalkeeper,1,start,end,1.0,0.0,0.0,0.0,0.0,0.0,1.0,2.0,3.0,0.0,0.0,0.0,0.0,0.0,
ENG-Premier League,2526,2026-03-04 Newcastle United-Manchester United,Manchester United,Senne Lammens,False,Goalkeeper,1,start,end,1.0,0.0,0.0,0.0,0.0,0.0,0.0,2.0,3.0,0.0,0.0,0.0,0.0,0.0,
ENG-Premier League,2526,2026-03-04 Newcastle United-Manchester United,Newcastle United,Aaron Ramsdale,True,Goalkeeper,1,start,end,1.0,0.0,0.0,0.0,0.0,0.0,0.0,1.0,4.0,0.0,0.0,0.0,0.0,0.0,
ENG-Premier League,2526,2026-03-05 Tottenham Hotspur-Crystal Palace,Crystal Palace,Dean Henderson,False,Goalkeeper,1,start,end,1.0,0.0,0.0,0.0,0.0,0.0,0.0,1.0,3.0,0.0,0.0,0.0,0.0,0.0,
ENG-Premier League,2526,2026-03-05 Tottenham Hotspur-Crystal Palace,Tottenham Hotspur,Guglielmo Vicario,True,Goalkeeper,1,start,end,1.0,0.0,0.0,0.0,0.0,0.0,0.0,3.0,1.0,0.0,0.0,0.0,0.0,0.0,
ENG-Premier League,2526,2026-03-14 Arsenal-Everton,Arsenal,David Raya,True,Goalkeeper,1,start,end,1.0,0.0,0.0,0.0,0.0,0.0,0.0,0.0,3.0,0.0,0.0,0.0,0.0,0.0,
ENG-Premier League,2526,2026-03-14 Arsenal-Everton,Everton,Jordan Pickford,False,Goalkeeper,1,start,end,1.0,0.0,0.0,0.0,0.0,0.0,0.0,2.0,4.0,0.0,0.0,0.0,0.0,0.0,
ENG-Premier League,2526,2026-03-14 Burnley-AFC Bournemouth,AFC Bournemouth,Djordje Petrovic,False,Goalkeeper,1,start,end,1.0,0.0,0.0,0.0,0.0,0.0,0.0,0.0,2.0,0.0,0.0,0.0,0.0,0.0,
ENG-Premier League,2526,2026-03-14 Burnley-AFC Bournemouth,Burnley,Martin Dúbravka,True,Goalkeeper,1,start,end,1.0,0.0,0.0,0.0,0.0,0.0,0.0,0.0,2.0,0.0,0.0,0.0,0.0,0.0,
ENG-Premier League,2526,2026-03-14 Chelsea-Newcastle United,Chelsea,Robert Sánchez,True,Goalkeeper,1,start,end,1.0,0.0,1.0,0.0,0.0,0.0,0.0,1.0,4.0,0.0,0.0,0.0,0.0,0.0,
ENG-Premier League,2526,2026-03-14 Chelsea-Newcastle United,Newcastle United,Aaron Ramsdale,False,Goalkeeper,1,start,end,1.0,0.0,0.0,0.0,0.0,0.0,1.0,0.0,3.0,0.0,0.0,0.0,0.0,0.0,
ENG-Premier League,2526,2026-03-14 Sunderland-Brighton & Hove Albion,Brighton & Hove Albion,Bart Verbruggen,False,Goalkeeper,1,start,end,1.0,0.0,1.0,0.0,0.0,0.0,0.0,0.0,3.0,0.0,0.0,0.0,0.0,0.0,
ENG-Premier League,2526,2026-03-14 Sunderland-Brighton & Hove Albion,Sunderland,Melker Ellborg,True,Goalkeeper,1,start,end,1.0,0.0,0.0,0.0,0.0,0.0,0.0,1.0,3.0,0.0,0.0,0.0,0.0,0.0,
ENG-Premier League,2526,2026-03-14 West Ham United-Manchester City,Manchester City,Gianluigi Donnarumma,False,Goalkeeper,1,start,end,1.0,0.0,0.0,0.0,0.0,0.0,0.0,1.0,0.0,0.0,0.0,0.0,0.0,0.0,
ENG-Premier League,2526,2026-03-14 West Ham United-Manchester City,West Ham United,Mads Hermansen,True,Goalkeeper,1,start,end,1.0,0.0,0.0,0.0,0.0,0.0,0.0,1.0,5.0,0.0,0.0,0.0,0.0,0.0,
ENG-Premier League,2526,2026-03-15 Crystal Palace-Leeds United,Crystal Palace,Walter Benítez,True,Goalkeeper,1,start,end,1.0,0.0,0.0,0.0,0.0,0.0,0.0,0.0,3.0,0.0,0.0,0.0,0.0,0.0,
ENG-Premier League,2526,2026-03-15 Crystal Palace-Leeds United,Leeds United,Karl Darlow,False,Goalkeeper,1,start,end,1.0,0.0,0.0,0.0,0.0,0.0,0.0,0.0,0.0,0.0,0.0,0.0,0.0,0.0,
ENG-Premier League,2526,2026-03-15 Liverpool-Tottenham Hotspur,Liverpool,Alisson Becker,True,Goalkeeper,1,start,end,1.0,0.0,2.0,0.0,0.0,0.0,0.0,1.0,6.0,0.0,0.0,0.0,0.0,0.0,
ENG-Premier League,2526,2026-03-15 Liverpool-Tottenham Hotspur,Tottenham Hotspur,Guglielmo Vicario,False,Goalkeeper,1,start,end,1.0,0.0,0.0,0.0,0.0,0.0,0.0,1.0,3.0,0.0,0.0,0.0,0.0,0.0,
ENG-Premier League,2526,2026-03-15 Manchester United-Aston Villa,Aston Villa,Emiliano Martínez,False,Goalkeeper,1,start,end,1.0,0.0,0.0,0.0,0.0,0.0,0.0,3.0,3.0,0.0,0.0,0.0,0.0,0.0,
ENG-Premier League,2526,2026-03-15 Manchester United-Aston Villa,Manchester United,Senne Lammens,True,Goalkeeper,1,start,end,1.0,0.0,0.0,0.0,0.0,0.0,0.0,1.0,1.0,0.0,0.0,0.0,0.0,0.0,
ENG-Premier League,2526,2026-03-15 Nottingham Forest-Fulham,Fulham,Bernd Leno,False,Goalkeeper,1,start,end,1.0,0.0,0.0,0.0,0.0,0.0,0.0,0.0,2.0,0.0,0.0,0.0,0.0,0.0,
ENG-Premier League,2526,2026-03-15 Nottingham Forest-Fulham,Nottingham Forest,Matz Sels,True,Goalkeeper,1,start,end,1.0,0.0,1.0,0.0,0.0,0.0,0.0,0.0,1.0,0.0,0.0,0.0,0.0,0.0,
ENG-Premier League,2526,2026-03-16 Brentford-Wolverhampton Wanderers,Brentford,Caoimhín Kelleher,True,Goalkeeper,1,start,end,1.0,0.0,0.0,0.0,0.0,0.0,0.0,2.0,2.0,0.0,0.0,0.0,0.0,0.0,
ENG-Premier League,2526,2026-03-16 Brentford-Wolverhampton Wanderers,Wolverhampton Wanderers,José Sá,False,Goalkeeper,1,start,end,1.0,0.0,0.0,0.0,0.0,0.0,1.0,2.0,1.0,0.0,0.0,0.0,0.0,0.0,
ENG-Premier League,2526,2026-03-20 AFC Bournemouth-Manchester United,AFC Bournemouth,Djordje Petrovic,True,Goalkeeper,1,start,end,1.0,0.0,0.0,0.0,0.0,0.0,0.0,2.0,4.0,0.0,0.0,0.0,0.0,0.0,
ENG-Premier League,2526,2026-03-20 AFC Bournemouth-Manchester United,Manchester United,Senne Lammens,False,Goalkeeper,1,start,end,1.0,0.0,1.0,0.0,0.0,0.0,0.0,2.0,3.0,0.0,0.0,0.0,0.0,0.0,
ENG-Premier League,2526,2026-03-21 Brighton & Hove Albion-Liverpool,Brighton & Hove Albion,Bart Verbruggen,True,Goalkeeper,1,start,end,1.0,0.0,0.0,0.0,0.0,0.0,0.0,1.0,4.0,0.0,0.0,0.0,0.0,0.0,
ENG-Premier League,2526,2026-03-21 Brighton & Hove Albion-Liverpool,Liverpool,Giorgi Mamardashvili,False,Goalkeeper,1,start,end,1.0,0.0,0.0,0.0,0.0,0.0,0.0,2.0,4.0,0.0,0.0,0.0,0.0,0.0,
ENG-Premier League,2526,2026-03-21 Everton-Chelsea,Chelsea,Robert Sánchez,False,Goalkeeper,1,start,end,1.0,0.0,1.0,0.0,0.0,0.0,0.0,3.0,5.0,0.0,0.0,0.0,0.0,0.0,
ENG-Premier League,2526,2026-03-21 Everton-Chelsea,Everton,Jordan Pickford,True,Goalkeeper,1,start,end,1.0,0.0,0.0,0.0,0.0,0.0,0.0,0.0,4.0,0.0,0.0,0.0,0.0,0.0,
ENG-Premier League,2526,2026-03-21 Fulham-Burnley,Burnley,Martin Dúbravka,False,Goalkeeper,1,start,end,1.0,0.0,1.0,0.0,0.0,0.0,0.0,3.0,3.0,0.0,0.0,0.0,0.0,0.0,
ENG-Premier League,2526,2026-03-21 Fulham-Burnley,Fulham,Bernd Leno,True,Goalkeeper,1,start,end,1.0,0.0,1.0,0.0,0.0,0.0,0.0,1.0,4.0,0.0,0.0,0.0,0.0,0.0,
ENG-Premier League,2526,2026-03-21 Leeds United-Brentford,Brentford,Caoimhín Kelleher,False,Goalkeeper,1,start,end,1.0,0.0,0.0,0.0,0.0,0.0,0.0,0.0,4.0,0.0,0.0,0.0,0.0,0.0,
ENG-Premier League,2526,2026-03-21 Leeds United-Brentford,Leeds United,Karl Darlow,True,Goalkeeper,1,start,end,1.0,0.0,0.0,0.0,0.0,0.0,0.0,0.0,2.0,0.0,0.0,0.0,0.0,0.0,
ENG-Premier League,2526,2026-03-22 Aston Villa-West Ham United,Aston Villa,Emiliano Martínez,True,Goalkeeper,1,start,end,1.0,0.0,1.0,0.0,0.0,0.0,0.0,0.0,1.0,0.0,0.0,0.0,0.0,0.0,
ENG-Premier League,2526,2026-03-22 Aston Villa-West Ham United,West Ham United,Mads Hermansen,False,Goalkeeper,1,start,end,1.0,0.0,0.0,0.0,0.0,0.0,0.0,2.0,4.0,0.0,0.0,0.0,0.0,0.0,
ENG-Premier League,2526,2026-03-22 Newcastle United-Sunderland,Newcastle United,Aaron Ramsdale,True,Goalkeeper,1,start,end,1.0,0.0,1.0,0.0,0.0,0.0,0.0,2.0,4.0,0.0,0.0,0.0,0.0,0.0,
ENG-Premier League,2526,2026-03-22 Newcastle United-Sunderland,Sunderland,Melker Ellborg,False,Goalkeeper,1,start,end,1.0,0.0,1.0,0.0,0.0,0.0,0.0,1.0,3.0,0.0,0.0,0.0,0.0,0.0,
ENG-Premier League,2526,2026-03-22 Tottenham Hotspur-Nottingham Forest,Nottingham Forest,Matz Sels,False,Goalkeeper,1,start,end,1.0,0.0,0.0,0.0,0.0,0.0,0.0,0.0,3.0,0.0,0.0,0.0,0.0,0.0,
ENG-Premier League,2526,2026-03-22 Tottenham Hotspur-Nottingham Forest,Tottenham Hotspur,Guglielmo Vicario,True,Goalkeeper,1,start,end,1.0,0.0,0.0,0.0,0.0,0.0,0.0,3.0,4.0,0.0,0.0,0.0,0.0,0.0,
ENG-Premier League,2526,2026-04-10 West Ham United-Wolverhampton Wanderers,West Ham United,Mads Hermansen,True,Goalkeeper,1,start,end,1.0,0.0,1.0,0.0,0.0,0.0,0.0,0.0,4.0,0.0,0.0,0.0,0.0,0.0,
ENG-Premier League,2526,2026-04-10 West Ham United-Wolverhampton Wanderers,Wolverhampton Wanderers,José Sá,False,Goalkeeper,1,start,end,1.0,0.0,0.0,0.0,0.0,0.0,0.0,4.0,3.0,0.0,0.0,0.0,0.0,0.0,
ENG-Premier League,2526,2026-04-11 Arsenal-AFC Bournemouth,AFC Bournemouth,Djordje Petrovic,False,Goalkeeper,1,start,end,1.0,0.0,0.0,0.0,0.0,0.0,0.0,1.0,2.0,0.0,0.0,0.0,0.0,0.0,
ENG-Premier League,2526,2026-04-11 Arsenal-AFC Bournemouth,Arsenal,David Raya,True,Goalkeeper,1,start,end,1.0,0.0,1.0,0.0,0.0,0.0,0.0,2.0,1.0,0.0,0.0,0.0,0.0,0.0,
ENG-Premier League,2526,2026-04-11 Brentford-Everton,Brentford,Caoimhín Kelleher,True,Goalkeeper,1,start,end,1.0,0.0,0.0,0.0,0.0,0.0,0.0,2.0,4.0,0.0,0.0,0.0,0.0,0.0,
ENG-Premier League,2526,2026-04-11 Brentford-Everton,Everton,Jordan Pickford,False,Goalkeeper,1,start,end,1.0,1.0,0.0,0.0,0.0,0.0,1.0,2.0,2.0,0.0,0.0,0.0,0.0,0.0,
ENG-Premier League,2526,2026-04-11 Burnley-Brighton & Hove Albion,Brighton & Hove Albion,Bart Verbruggen,False,Goalkeeper,1,start,end,1.0,0.0,0.0,0.0,0.0,0.0,0.0,0.0,4.0,0.0,0.0,0.0,0.0,0.0,
ENG-Premier League,2526,2026-04-11 Burnley-Brighton & Hove Albion,Burnley,Martin Dúbravka,True,Goalkeeper,1,start,end,1.0,0.0,1.0,0.0,0.0,0.0,0.0,2.0,3.0,0.0,0.0,0.0,0.0,0.0,
ENG-Premier League,2526,2026-04-11 Liverpool-Fulham,Fulham,Bernd Leno,False,Goalkeeper,1,start,end,1.0,0.0,0.0,0.0,0.0,0.0,0.0,2.0,3.0,0.0,0.0,0.0,0.0,0.0,
ENG-Premier League,2526,2026-04-11 Liverpool-Fulham,Liverpool,Giorgi Mamardashvili,True,Goalkeeper,1,start,end,1.0,0.0,1.0,0.0,0.0,0.0,0.0,0.0,4.0,0.0,0.0,0.0,0.0,0.0,
ENG-Premier League,2526,2026-04-12 Chelsea-Manchester City,Chelsea,Robert Sánchez,True,Goalkeeper,1,start,end,1.0,0.0,0.0,0.0,0.0,0.0,0.0,3.0,5.0,0.0,0.0,0.0,0.0,0.0,
ENG-Premier League,2526,2026-04-12 Chelsea-Manchester City,Manchester City,Gianluigi Donnarumma,False,Goalkeeper,1,start,end,1.0,0.0,0.0,0.0,0.0,0.0,0.0,0.0,3.0,0.0,0.0,0.0,0.0,0.0,
ENG-Premier League,2526,2026-04-12 Crystal Palace-Newcastle United,Crystal Palace,Dean Henderson,True,Goalkeeper,1,start,end,1.0,0.0,0.0,0.0,0.0,0.0,0.0,1.0,2.0,0.0,0.0,0.0,0.0,0.0,
ENG-Premier League,2526,2026-04-12 Crystal Palace-Newcastle United,Newcastle United,Aaron Ramsdale,False,Goalkeeper,1,start,end,1.0,0.0,0.0,0.0,0.0,0.0,1.0,2.0,3.0,0.0,0.0,0.0,0.0,0.0,
ENG-Premier League,2526,2026-04-12 Nottingham Forest-Aston Villa,Aston Villa,Marco Bizot,False,Goalkeeper,1,start,end,1.0,0.0,0.0,0.0,0.0,0.0,0.0,1.0,4.0,0.0,0.0,0.0,0.0,0.0,
ENG-Premier League,2526,2026-04-12 Nottingham Forest-Aston Villa,Nottingham Forest,Matz Sels,True,Goalkeeper,1,start,end,1.0,0.0,0.0,0.0,0.0,0.0,0.0,1.0,5.0,0.0,0.0,0.0,0.0,0.0,
ENG-Premier League,2526,2026-04-12 Sunderland-Tottenham Hotspur,Sunderland,Robin Roefs,True,Goalkeeper,1,start,end,1.0,0.0,0.0,0.0,0.0,0.0,0.0,0.0,7.0,0.0,0.0,0.0,0.0,0.0,
ENG-Premier League,2526,2026-04-12 Sunderland-Tottenham Hotspur,Tottenham Hotspur,Antonín Kinsky,False,Goalkeeper,1,start,end,1.0,0.0,0.0,0.0,0.0,0.0,0.0,1.0,1.0,0.0,0.0,0.0,0.0,0.0,
ENG-Premier League,2526,2026-04-13 Manchester United-Leeds United,Leeds United,Karl Darlow,False,Goalkeeper,1,start,end,1.0,0.0,0.0,0.0,0.0,0.0,0.0,1.0,6.0,0.0,0.0,0.0,0.0,0.0,
ENG-Premier League,2526,2026-04-13 Manchester United-Leeds United,Manchester United,Senne Lammens,True,Goalkeeper,1,start,end,1.0,0.0,0.0,0.0,0.0,0.0,0.0,2.0,3.0,0.0,0.0,0.0,0.0,0.0,
ENG-Premier League,2526,2026-04-18 Brentford-Fulham,Brentford,Caoimhín Kelleher,True,Goalkeeper,1,start,end,1.0,0.0,0.0,0.0,0.0,0.0,0.0,0.0,0.0,0.0,0.0,0.0,0.0,0.0,
ENG-Premier League,2526,2026-04-18 Brentford-Fulham,Fulham,Bernd Leno,False,Goalkeeper,1,start,end,1.0,0.0,0.0,0.0,0.0,0.0,0.0,0.0,4.0,0.0,0.0,0.0,0.0,0.0,
ENG-Premier League,2526,2026-04-18 Chelsea-Manchester United,Chelsea,Robert Sánchez,True,Goalkeeper,1,start,end,1.0,0.0,1.0,0.0,0.0,0.0,0.0,1.0,1.0,0.0,0.0,0.0,0.0,0.0,
ENG-Premier League,2526,2026-04-18 Chelsea-Manchester United,Manchester United,Senne Lammens,False,Goalkeeper,1,start,end,1.0,0.0,0.0,0.0,0.0,0.0,0.0,0.0,3.0,0.0,0.0,0.0,0.0,0.0,
ENG-Premier League,2526,2026-04-18 Leeds United-Wolverhampton Wanderers,Leeds United,Karl Darlow,True,Goalkeeper,1,start,end,1.0,0.0,0.0,0.0,0.0,0.0,0.0,0.0,1.0,0.0,0.0,0.0,0.0,0.0,
ENG-Premier League,2526,2026-04-18 Leeds United-Wolverhampton Wanderers,Wolverhampton Wanderers,Daniel Bentley,False,Goalkeeper,1,start,end,1.0,0.0,0.0,0.0,0.0,0.0,0.0,3.0,3.0,0.0,0.0,0.0,0.0,0.0,
ENG-Premier League,2526,2026-04-18 Newcastle United-AFC Bournemouth,AFC Bournemouth,Djordje Petrovic,False,Goalkeeper,1,start,end,1.0,0.0,0.0,0.0,0.0,0.0,1.0,1.0,2.0,0.0,0.0,0.0,0.0,0.0,
ENG-Premier League,2526,2026-04-18 Newcastle United-AFC Bournemouth,Newcastle United,Aaron Ramsdale,True,Goalkeeper,1,start,end,1.0,0.0,0.0,0.0,0.0,0.0,0.0,2.0,1.0,0.0,0.0,0.0,0.0,0.0,
ENG-Premier League,2526,2026-04-18 Tottenham Hotspur-Brighton & Hove Albion,Brighton & Hove Albion,Bart Verbruggen,False,Goalkeeper,1,start,end,1.0,0.0,0.0,0.0,0.0,0.0,0.0,2.0,4.0,0.0,0.0,0.0,0.0,0.0,
ENG-Premier League,2526,2026-04-18 Tottenham Hotspur-Brighton & Hove Albion,Tottenham Hotspur,Antonín Kinsky,True,Goalkeeper,1,start,end,1.0,0.0,1.0,0.0,0.0,0.0,0.0,2.0,1.0,0.0,0.0,0.0,0.0,0.0,
ENG-Premier League,2526,2026-04-19 Aston Villa-Sunderland,Aston Villa,Emiliano Martínez,True,Goalkeeper,1,start,end,1.0,0.0,0.0,0.0,0.0,0.0,0.0,3.0,4.0,0.0,0.0,0.0,0.0,0.0,
ENG-Premier League,2526,2026-04-19 Aston Villa-Sunderland,Sunderland,Robin Roefs,False,Goalkeeper,1,start,end,1.0,0.0,0.0,0.0,0.0,0.0,0.0,4.0,3.0,0.0,0.0,0.0,0.0,0.0,
ENG-Premier League,2526,2026-04-19 Everton-Liverpool,Everton,Jordan Pickford,True,Goalkeeper,1,start,end,1.0,0.0,0.0,0.0,0.0,0.0,1.0,2.0,3.0,0.0,0.0,0.0,0.0,0.0,
ENG-Premier League,2526,2026-04-19 Everton-Liverpool,Liverpool,Giorgi Mamardashvili,False,Goalkeeper,1,start,58,1.0,0.0,0.0,0.0,0.0,0.0,0.0,1.0,2.0,0.0,0.0,0.0,0.0,0.0,
ENG-Premier League,2526,2026-04-19 Manchester City-Arsenal,Arsenal,David Raya,False,Goalkeeper,1,start,end,1.0,0.0,1.0,0.0,0.0,0.0,0.0,2.0,2.0,0.0,0.0,0.0,0.0,0.0,
ENG-Premier League,2526,2026-04-19 Manchester City-Arsenal,Manchester City,Gianluigi Donnarumma,True,Goalkeeper,1,start,end,1.0,0.0,0.0,0.0,0.0,0.0,0.0,1.0,1.0,0.0,0.0,0.0,0.0,0.0,
ENG-Premier League,2526,2026-04-19 Nottingham Forest-Burnley,Burnley,Martin Dúbravka,False,Goalkeeper,1,start,end,1.0,0.0,0.0,0.0,0.0,0.0,0.0,4.0,0.0,0.0,0.0,0.0,0.0,0.0,
ENG-Premier League,2526,2026-04-19 Nottingham Forest-Burnley,Nottingham Forest,Matz Sels,True,Goalkeeper,1,start,end,1.0,0.0,0.0,0.0,0.0,0.0,0.0,1.0,2.0,0.0,0.0,0.0,0.0,0.0,
ENG-Premier League,2526,2026-04-20 Crystal Palace-West Ham United,Crystal Palace,Dean Henderson,True,Goalkeeper,1,start,end,1.0,0.0,0.0,0.0,0.0,0.0,0.0,0.0,3.0,0.0,0.0,0.0,0.0,0.0,
ENG-Premier League,2526,2026-04-20 Crystal Palace-West Ham United,West Ham United,Mads Hermansen,False,Goalkeeper,1,start,end,1.0,0.0,0.0,0.0,0.0,0.0,0.0,0.0,1.0,0.0,0.0,0.0,0.0,0.0,
ENG-Premier League,2526,2026-04-21 Brighton & Hove Albion-Chelsea,Brighton & Hove Albion,Bart Verbruggen,True,Goalkeeper,1,start,end,1.0,0.0,0.0,0.0,0.0,0.0,0.0,0.0,0.0,0.0,0.0,0.0,0.0,0.0,
ENG-Premier League,2526,2026-04-21 Brighton & Hove Albion-Chelsea,Chelsea,Robert Sánchez,False,Goalkeeper,1,start,end,1.0,0.0,0.0,0.0,0.0,0.0,0.0,3.0,4.0,0.0,0.0,0.0,0.0,0.0,
ENG-Premier League,2526,2026-04-22 AFC Bournemouth-Leeds United,AFC Bournemouth,Djordje Petrovic,True,Goalkeeper,1,start,end,1.0,0.0,0.0,0.0,0.0,0.0,0.0,2.0,2.0,0.0,0.0,0.0,0.0,0.0,
ENG-Premier League,2526,2026-04-22 AFC Bournemouth-Leeds United,Leeds United,Karl Darlow,False,Goalkeeper,1,start,end,1.0,0.0,0.0,0.0,0.0,0.0,0.0,2.0,5.0,0.0,0.0,0.0,0.0,0.0,
ENG-Premier League,2526,2026-04-22 Burnley-Manchester City,Burnley,Martin Dúbravka,True,Goalkeeper,1,start,end,1.0,0.0,0.0,0.0,0.0,0.0,0.0,1.0,8.0,0.0,0.0,0.0,0.0,0.0,
ENG-Premier League,2526,2026-04-22 Burnley-Manchester City,Manchester City,Gianluigi Donnarumma,False,Goalkeeper,1,start,end,1.0,0.0,0.0,0.0,0.0,0.0,0.0,0.0,1.0,0.0,0.0,0.0,0.0,0.0,
ENG-Premier League,2526,2026-04-24 Sunderland-Nottingham Forest,Nottingham Forest,Matz Sels,False,Goalkeeper,1,start,end,1.0,0.0,1.0,0.0,0.0,0.0,0.0,0.0,4.0,0.0,0.0,0.0,0.0,0.0,
ENG-Premier League,2526,2026-04-24 Sunderland-Nottingham Forest,Sunderland,Robin Roefs,True,Goalkeeper,1,start,end,1.0,0.0,0.0,0.0,0.0,0.0,0.0,5.0,2.0,0.0,0.0,0.0,0.0,0.0,
ENG-Premier League,2526,2026-04-25 Arsenal-Newcastle United,Arsenal,David Raya,True,Goalkeeper,1,start,end,1.0,0.0,1.0,0.0,0.0,0.0,0.0,0.0,3.0,0.0,0.0,0.0,0.0,0.0,
ENG-Premier League,2526,2026-04-25 Arsenal-Newcastle United,Newcastle United,Nick Pope,False,Goalkeeper,1,start,end,1.0,1.0,0.0,0.0,0.0,0.0,1.0,1.0,3.0,0.0,0.0,0.0,0.0,0.0,
ENG-Premier League,2526,2026-04-25 Fulham-Aston Villa,Aston Villa,Emiliano Martínez,False,Goalkeeper,1,start,end,1.0,0.0,1.0,0.0,0.0,0.0,0.0,1.0,5.0,0.0,0.0,0.0,0.0,0.0,
ENG-Premier League,2526,2026-04-25 Fulham-Aston Villa,Fulham,Bernd Leno,True,Goalkeeper,1,start,end,1.0,0.0,1.0,0.0,0.0,0.0,0.0,0.0,1.0,0.0,0.0,0.0,0.0,0.0,
ENG-Premier League,2526,2026-04-25 Liverpool-Crystal Palace,Crystal Palace,Dean Henderson,False,Goalkeeper,1,start,end,1.0,0.0,0.0,0.0,0.0,0.0,1.0,3.0,0.0,0.0,0.0,0.0,0.0,0.0,
ENG-Premier League,2526,2026-04-25 Liverpool-Crystal Palace,Liverpool,Freddie Woodman,True,Goalkeeper,1,start,end,1.0,0.0,0.0,0.0,0.0,0.0,0.0,1.0,5.0,0.0,0.0,0.0,0.0,0.0,
ENG-Premier League,2526,2026-04-25 West Ham United-Everton,Everton,Jordan Pickford,False,Goalkeeper,1,start,end,1.0,0.0,0.0,0.0,0.0,0.0,0.0,2.0,1.0,0.0,0.0,0.0,0.0,0.0,
ENG-Premier League,2526,2026-04-25 West Ham United-Everton,West Ham United,Mads Hermansen,True,Goalkeeper,1,start,end,1.0,0.0,0.0,0.0,0.0,0.0,0.0,1.0,1.0,0.0,0.0,0.0,0.0,0.0,
ENG-Premier League,2526,2026-04-25 Wolverhampton Wanderers-Tottenham Hotspur,Tottenham Hotspur,Antonín Kinsky,False,Goalkeeper,1,start,end,1.0,0.0,0.0,0.0,0.0,0.0,0.0,0.0,2.0,0.0,0.0,0.0,0.0,0.0,
ENG-Premier League,2526,2026-04-25 Wolverhampton Wanderers-Tottenham Hotspur,Wolverhampton Wanderers,José Sá,True,Goalkeeper,1,start,end,1.0,0.0,0.0,0.0,0.0,0.0,0.0,1.0,1.0,0.0,0.0,0.0,0.0,0.0,
ENG-Premier League,2526,2026-04-27 Manchester United-Brentford,Brentford,Caoimhín Kelleher,False,Goalkeeper,1,start,end,1.0,0.0,0.0,0.0,0.0,0.0,0.0,2.0,3.0,0.0,0.0,0.0,0.0,0.0,
ENG-Premier League,2526,2026-04-27 Manchester United-Brentford,Manchester United,Senne Lammens,True,Goalkeeper,1,start,end,1.0,0.0,0.0,0.0,0.0,0.0,0.0,1.0,5.0,0.0,0.0,0.0,0.0,0.0,
ENG-Premier League,2526,2026-05-01 Leeds United-Burnley,Burnley,Martin Dúbravka,False,Goalkeeper,1,start,end,1.0,0.0,1.0,0.0,0.0,0.0,0.0,3.0,5.0,0.0,0.0,0.0,0.0,0.0,
ENG-Premier League,2526,2026-05-01 Leeds United-Burnley,Leeds United,Karl Darlow,True,Goalkeeper,1,start,end,1.0,0.0,1.0,0.0,0.0,0.0,0.0,1.0,2.0,0.0,0.0,0.0,0.0,0.0,
ENG-Premier League,2526,2026-05-02 Arsenal-Fulham,Arsenal,David Raya,True,Goalkeeper,1,start,end,1.0,0.0,0.0,0.0,0.0,0.0,0.0,0.0,1.0,0.0,0.0,0.0,0.0,0.0,
ENG-Premier League,2526,2026-05-02 Arsenal-Fulham,Fulham,Bernd Leno,False,Goalkeeper,1,start,end,1.0,0.0,0.0,0.0,0.0,0.0,0.0,3.0,6.0,0.0,0.0,0.0,0.0,0.0,
ENG-Premier League,2526,2026-05-02 Brentford-West Ham United,Brentford,Caoimhín Kelleher,True,Goalkeeper,1,start,end,1.0,0.0,0.0,0.0,0.0,0.0,0.0,0.0,4.0,0.0,0.0,0.0,0.0,0.0,
ENG-Premier League,2526,2026-05-02 Brentford-West Ham United,West Ham United,Mads Hermansen,False,Goalkeeper,1,start,end,1.0,0.0,0.0,0.0,0.0,0.0,0.0,3.0,4.0,0.0,0.0,0.0,0.0,0.0,
ENG-Premier League,2526,2026-05-02 Newcastle United-Brighton & Hove Albion,Brighton & Hove Albion,Bart Verbruggen,False,Goalkeeper,1,start,end,1.0,0.0,0.0,0.0,0.0,0.0,0.0,3.0,4.0,0.0,0.0,0.0,0.0,0.0,
ENG-Premier League,2526,2026-05-02 Newcastle United-Brighton & Hove Albion,Newcastle United,Nick Pope,True,Goalkeeper,1,start,end,1.0,0.0,0.0,0.0,0.0,0.0,0.0,1.0,3.0,0.0,0.0,0.0,0.0,0.0,
ENG-Premier League,2526,2026-05-02 Wolverhampton Wanderers-Sunderland,Sunderland,Robin Roefs,False,Goalkeeper,1,start,end,1.0,0.0,1.0,0.0,0.0,0.0,1.0,1.0,6.0,0.0,0.0,0.0,0.0,0.0,
ENG-Premier League,2526,2026-05-02 Wolverhampton Wanderers-Sunderland,Wolverhampton Wanderers,Daniel Bentley,True,Goalkeeper,1,start,end,1.0,0.0,0.0,0.0,0.0,0.0,0.0,1.0,1.0,0.0,0.0,0.0,0.0,0.0,
ENG-Premier League,2526,2026-05-03 AFC Bournemouth-Crystal Palace,AFC Bournemouth,Djordje Petrovic,True,Goalkeeper,1,start,end,1.0,0.0,0.0,0.0,0.0,0.0,0.0,0.0,1.0,0.0,0.0,0.0,0.0,0.0,
ENG-Premier League,2526,2026-05-03 AFC Bournemouth-Crystal Palace,Crystal Palace,Dean Henderson,False,Goalkeeper,1,start,end,1.0,1.0,0.0,0.0,0.0,0.0,0.0,3.0,3.0,0.0,0.0,0.0,0.0,0.0,
ENG-Premier League,2526,2026-05-03 Aston Villa-Tottenham Hotspur,Aston Villa,Emiliano Martínez,True,Goalkeeper,1,start,end,1.0,0.0,0.0,0.0,0.0,0.0,0.0,2.0,3.0,0.0,0.0,0.0,0.0,0.0,
ENG-Premier League,2526,2026-05-03 Aston Villa-Tottenham Hotspur,Tottenham Hotspur,Antonín Kinsky,False,Goalkeeper,1,start,end,1.0,0.0,0.0,0.0,0.0,0.0,0.0,1.0,0.0,0.0,0.0,0.0,0.0,0.0,
ENG-Premier League,2526,2026-05-03 Manchester United-Liverpool,Liverpool,Freddie Woodman,False,Goalkeeper,1,start,end,1.0,0.0,0.0,0.0,0.0,0.0,0.0,3.0,3.0,0.0,0.0,0.0,0.0,0.0,
ENG-Premier League,2526,2026-05-03 Manchester United-Liverpool,Manchester United,Senne Lammens,True,Goalkeeper,1,start,end,1.0,0.0,0.0,0.0,0.0,0.0,0.0,2.0,3.0,0.0,0.0,0.0,0.0,0.0,
ENG-Premier League,2526,2026-05-04 Chelsea-Nottingham Forest,Chelsea,Robert Sánchez,True,Goalkeeper,1,start,66,1.0,0.0,1.0,0.0,0.0,0.0,0.0,3.0,1.0,0.0,0.0,0.0,0.0,0.0,
ENG-Premier League,2526,2026-05-04 Chelsea-Nottingham Forest,Nottingham Forest,Matz Sels,False,Goalkeeper,1,start,end,1.0,0.0,0.0,0.0,0.0,0.0,0.0,1.0,4.0,0.0,0.0,0.0,0.0,0.0,
ENG-Premier League,2526,2026-05-04 Everton-Manchester City,Everton,Jordan Pickford,True,Goalkeeper,1,start,end,1.0,0.0,0.0,0.0,0.0,0.0,0.0,3.0,1.0,0.0,0.0,0.0,0.0,0.0,
ENG-Premier League,2526,2026-05-04 Everton-Manchester City,Manchester City,Gianluigi Donnarumma,False,Goalkeeper,1,start,end,1.0,0.0,0.0,0.0,0.0,0.0,1.0,3.0,3.0,0.0,0.0,0.0,0.0,0.0,
ENG-Premier League,2526,2026-05-09 Brighton & Hove Albion-Wolverhampton Wanderers,Brighton & Hove Albion,Bart Verbruggen,True,Goalkeeper,1,start,end,1.0,0.0,0.0,0.0,0.0,0.0,0.0,0.0,1.0,0.0,0.0,0.0,0.0,0.0,
ENG-Premier League,2526,2026-05-09 Brighton & Hove Albion-Wolverhampton Wanderers,Wolverhampton Wanderers,Daniel Bentley,False,Goalkeeper,1,start,end,1.0,0.0,2.0,0.0,0.0,0.0,0.0,3.0,3.0,0.0,0.0,0.0,0.0,0.0,
ENG-Premier League,2526,2026-05-09 Fulham-AFC Bournemouth,AFC Bournemouth,Djordje Petrovic,False,Goalkeeper,1,start,end,1.0,0.0,0.0,0.0,0.0,0.0,0.0,0.0,2.0,0.0,0.0,0.0,0.0,0.0,
ENG-Premier League,2526,2026-05-09 Fulham-AFC Bournemouth,Fulham,Bernd Leno,True,Goalkeeper,1,start,end,1.0,0.0,0.0,0.0,0.0,0.0,0.0,1.0,3.0,0.0,0.0,0.0,0.0,0.0,
ENG-Premier League,2526,2026-05-09 Liverpool-Chelsea,Chelsea,Filip Jørgensen,False,Goalkeeper,1,start,end,1.0,0.0,0.0,0.0,0.0,0.0,0.0,1.0,2.0,0.0,0.0,0.0,0.0,0.0,
ENG-Premier League,2526,2026-05-09 Liverpool-Chelsea,Liverpool,Giorgi Mamardashvili,True,Goalkeeper,1,start,end,1.0,0.0,0.0,0.0,0.0,0.0,0.0,1.0,2.0,0.0,0.0,0.0,0.0,0.0,
ENG-Premier League,2526,2026-05-09 Manchester City-Brentford,Brentford,Caoimhín Kelleher,False,Goalkeeper,1,start,end,1.0,0.0,0.0,0.0,0.0,0.0,0.0,3.0,7.0,0.0,0.0,0.0,0.0,0.0,
ENG-Premier League,2526,2026-05-09 Manchester City-Brentford,Manchester City,Gianluigi Donnarumma,True,Goalkeeper,1,start,end,1.0,0.0,0.0,0.0,0.0,0.0,0.0,0.0,2.0,0.0,0.0,0.0,0.0,0.0,
ENG-Premier League,2526,2026-05-09 Sunderland-Manchester United,Manchester United,Senne Lammens,False,Goalkeeper,1,start,end,1.0,0.0,1.0,0.0,0.0,0.0,0.0,0.0,4.0,0.0,0.0,0.0,0.0,0.0,
ENG-Premier League,2526,2026-05-09 Sunderland-Manchester United,Sunderland,Robin Roefs,True,Goalkeeper,1,start,end,1.0,0.0,1.0,0.0,0.0,0.0,0.0,0.0,1.0,0.0,0.0,0.0,0.0,0.0,
ENG-Premier League,2526,2026-05-10 Burnley-Aston Villa,Aston Villa,Emiliano Martínez,False,Goalkeeper,1,start,end,1.0,0.0,0.0,0.0,0.0,0.0,0.0,2.0,4.0,0.0,1.0,0.0,0.0,0.0,
ENG-Premier League,2526,2026-05-10 Burnley-Aston Villa,Burnley,Max Weiß,True,Goalkeeper,1,start,end,1.0,0.0,0.0,0.0,0.0,0.0,0.0,2.0,5.0,0.0,0.0,0.0,0.0,0.0,
ENG-Premier League,2526,2026-05-10 Crystal Palace-Everton,Crystal Palace,Dean Henderson,True,Goalkeeper,1,start,end,1.0,0.0,0.0,0.0,0.0,0.0,0.0,2.0,5.0,0.0,0.0,0.0,0.0,0.0,
ENG-Premier League,2526,2026-05-10 Crystal Palace-Everton,Everton,Jordan Pickford,False,Goalkeeper,1,start,end,1.0,0.0,0.0,0.0,0.0,0.0,0.0,2.0,6.0,0.0,0.0,0.0,0.0,0.0,
ENG-Premier League,2526,2026-05-10 Nottingham Forest-Newcastle United,Newcastle United,Nick Pope,False,Goalkeeper,1,start,end,1.0,0.0,0.0,0.0,0.0,0.0,0.0,1.0,5.0,0.0,0.0,0.0,0.0,0.0,
ENG-Premier League,2526,2026-05-10 Nottingham Forest-Newcastle United,Nottingham Forest,Matz Sels,True,Goalkeeper,1,start,end,1.0,0.0,0.0,0.0,0.0,0.0,0.0,1.0,5.0,0.0,0.0,0.0,0.0,0.0,
ENG-Premier League,2526,2026-05-10 West Ham United-Arsenal,Arsenal,David Raya,False,Goalkeeper,1,start,end,1.0,0.0,1.0,0.0,0.0,0.0,0.0,0.0,3.0,0.0,0.0,0.0,0.0,0.0,
ENG-Premier League,2526,2026-05-10 West Ham United-Arsenal,West Ham United,Mads Hermansen,True,Goalkeeper,1,start,end,1.0,0.0,0.0,0.0,0.0,0.0,0.0,1.0,1.0,0.0,0.0,0.0,0.0,0.0,
ENG-Premier League,2526,2026-05-11 Tottenham Hotspur-Leeds United,Leeds United,Karl Darlow,False,Goalkeeper,1,start,end,1.0,0.0,0.0,0.0,0.0,0.0,0.0,1.0,1.0,0.0,0.0,0.0,0.0,0.0,
ENG-Premier League,2526,2026-05-11 Tottenham Hotspur-Leeds United,Tottenham Hotspur,Antonín Kinsky,True,Goalkeeper,1,start,end,1.0,0.0,0.0,0.0,0.0,0.0,0.0,1.0,3.0,0.0,0.0,0.0,0.0,0.0,
ENG-Premier League,2526,2026-05-13 Manchester City-Crystal Palace,Crystal Palace,Dean Henderson,False,Goalkeeper,1,start,end,1.0,0.0,0.0,0.0,0.0,0.0,0.0,3.0,1.0,0.0,0.0,0.0,0.0,0.0,
ENG-Premier League,2526,2026-05-13 Manchester City-Crystal Palace,Manchester City,Gianluigi Donnarumma,True,Goalkeeper,1,start,end,1.0,0.0,0.0,0.0,0.0,0.0,0.0,0.0,2.0,0.0,0.0,0.0,0.0,0.0,
ENG-Premier League,2526,2026-05-15 Aston Villa-Liverpool,Aston Villa,Emiliano Martínez,True,Goalkeeper,1,start,end,1.0,0.0,0.0,0.0,0.0,0.0,0.0,2.0,3.0,0.0,0.0,0.0,0.0,0.0,
ENG-Premier League,2526,2026-05-15 Aston Villa-Liverpool,Liverpool,Giorgi Mamardashvili,False,Goalkeeper,1,start,end,1.0,0.0,0.0,0.0,0.0,0.0,0.0,4.0,5.0,0.0,0.0,0.0,0.0,0.0,
ENG-Premier League,2526,2026-05-17 Brentford-Crystal Palace,Brentford,Caoimhín Kelleher,True,Goalkeeper,1,start,end,1.0,1.0,0.0,0.0,0.0,0.0,0.0,2.0,3.0,0.0,0.0,0.0,0.0,0.0,
ENG-Premier League,2526,2026-05-17 Brentford-Crystal Palace,Crystal Palace,Dean Henderson,False,Goalkeeper,1,start,end,1.0,0.0,0.0,0.0,0.0,0.0,1.0,2.0,1.0,0.0,0.0,0.0,0.0,0.0,
ENG-Premier League,2526,2026-05-17 Everton-Sunderland,Everton,Jordan Pickford,True,Goalkeeper,1,start,end,1.0,0.0,0.0,0.0,0.0,0.0,0.0,3.0,0.0,0.0,0.0,0.0,0.0,0.0,
ENG-Premier League,2526,2026-05-17 Everton-Sunderland,Sunderland,Robin Roefs,False,Goalkeeper,1,start,end,1.0,0.0,0.0,0.0,0.0,0.0,0.0,1.0,3.0,0.0,0.0,0.0,0.0,0.0,
ENG-Premier League,2526,2026-05-17 Leeds United-Brighton & Hove Albion,Brighton & Hove Albion,Bart Verbruggen,False,Goalkeeper,1,start,end,1.0,0.0,0.0,0.0,0.0,0.0,0.0,1.0,1.0,0.0,0.0,0.0,0.0,0.0,
ENG-Premier League,2526,2026-05-17 Leeds United-Brighton & Hove Albion,Leeds United,Karl Darlow,True,Goalkeeper,1,start,end,1.0,0.0,1.0,0.0,0.0,0.0,0.0,0.0,7.0,0.0,0.0,0.0,0.0,0.0,
ENG-Premier League,2526,2026-05-17 Manchester United-Nottingham Forest,Manchester United,Senne Lammens,True,Goalkeeper,1,start,end,1.0,0.0,0.0,0.0,0.0,0.0,0.0,2.0,2.0,0.0,0.0,0.0,0.0,0.0,
ENG-Premier League,2526,2026-05-17 Manchester United-Nottingham Forest,Nottingham Forest,Matz Sels,False,Goalkeeper,1,start,end,1.0,0.0,0.0,0.0,0.0,0.0,0.0,3.0,5.0,0.0,0.0,0.0,0.0,0.0,
ENG-Premier League,2526,2026-05-17 Newcastle United-West Ham United,Newcastle United,Nick Pope,True,Goalkeeper,1,start,end,1.0,0.0,0.0,0.0,0.0,0.0,0.0,1.0,7.0,0.0,0.0,0.0,0.0,0.0,
ENG-Premier League,2526,2026-05-17 Newcastle United-West Ham United,West Ham United,Mads Hermansen,False,Goalkeeper,1,start,end,1.0,0.0,0.0,0.0,0.0,0.0,0.0,3.0,4.0,0.0,1.0,0.0,0.0,0.0,
ENG-Premier League,2526,2026-05-17 Wolverhampton Wanderers-Fulham,Fulham,Bernd Leno,False,Goalkeeper,1,start,end,1.0,0.0,0.0,0.0,0.0,0.0,0.0,1.0,2.0,0.0,0.0,0.0,0.0,0.0,
ENG-Premier League,2526,2026-05-17 Wolverhampton Wanderers-Fulham,Wolverhampton Wanderers,José Sá,True,Goalkeeper,1,start,end,1.0,0.0,0.0,0.0,0.0,0.0,0.0,1.0,4.0,0.0,0.0,0.0,0.0,0.0,
ENG-Premier League,2526,2026-05-18 Arsenal-Burnley,Arsenal,David Raya,True,Goalkeeper,1,start,end,1.0,0.0,1.0,0.0,0.0,0.0,0.0,0.0,0.0,0.0,0.0,0.0,0.0,0.0,
ENG-Premier League,2526,2026-05-18 Arsenal-Burnley,Burnley,Max Weiß,False,Goalkeeper,1,start,end,1.0,0.0,0.0,0.0,0.0,0.0,0.0,1.0,2.0,0.0,0.0,0.0,0.0,0.0,
ENG-Premier League,2526,2026-05-19 AFC Bournemouth-Manchester City,AFC Bournemouth,Djordje Petrovic,True,Goalkeeper,1,start,end,1.0,0.0,0.0,0.0,0.0,0.0,0.0,1.0,3.0,0.0,0.0,0.0,0.0,0.0,
ENG-Premier League,2526,2026-05-19 AFC Bournemouth-Manchester City,Manchester City,Gianluigi Donnarumma,False,Goalkeeper,1,start,end,1.0,0.0,1.0,0.0,0.0,0.0,1.0,1.0,2.0,0.0,0.0,0.0,0.0,0.0,
ENG-Premier League,2526,2026-05-19 Chelsea-Tottenham Hotspur,Chelsea,Robert Sánchez,True,Goalkeeper,1,start,end,1.0,0.0,0.0,0.0,0.0,0.0,0.0,1.0,2.0,0.0,0.0,0.0,0.0,0.0,
ENG-Premier League,2526,2026-05-19 Chelsea-Tottenham Hotspur,Tottenham Hotspur,Antonín Kinsky,False,Goalkeeper,1,start,end,1.0,0.0,0.0,0.0,0.0,0.0,0.0,2.0,2.0,0.0,0.0,0.0,0.0,0.0,
ENG-Premier League,2526,2026-05-24 Brighton & Hove Albion-Manchester United,Brighton & Hove Albion,Bart Verbruggen,True,Goalkeeper,1,start,end,1.0,0.0,0.0,0.0,0.0,0.0,0.0,3.0,5.0,0.0,0.0,0.0,0.0,0.0,
ENG-Premier League,2526,2026-05-24 Brighton & Hove Albion-Manchester United,Manchester United,Senne Lammens,False,Goalkeeper,1,start,end,1.0,0.0,0.0,0.0,0.0,0.0,0.0,0.0,2.0,0.0,0.0,0.0,0.0,0.0,
ENG-Premier League,2526,2026-05-24 Burnley-Wolverhampton Wanderers,Burnley,Max Weiß,True,Goalkeeper,1,start,end,1.0,0.0,0.0,0.0,0.0,0.0,0.0,1.0,3.0,0.0,0.0,0.0,0.0,0.0,
ENG-Premier League,2526,2026-05-24 Burnley-Wolverhampton Wanderers,Wolverhampton Wanderers,José Sá,False,Goalkeeper,1,start,end,1.0,0.0,0.0,0.0,0.0,0.0,0.0,1.0,7.0,0.0,0.0,0.0,0.0,0.0,
ENG-Premier League,2526,2026-05-24 Crystal Palace-Arsenal,Arsenal,Kepa Arrizabalaga,False,Goalkeeper,1,start,end,1.0,0.0,0.0,0.0,0.0,0.0,0.0,1.0,2.0,0.0,0.0,0.0,0.0,0.0,
ENG-Premier League,2526,2026-05-24 Crystal Palace-Arsenal,Crystal Palace,Dean Henderson,True,Goalkeeper,1,start,end,1.0,0.0,0.0,0.0,0.0,0.0,0.0,2.0,5.0,0.0,0.0,0.0,0.0,0.0,
ENG-Premier League,2526,2026-05-24 Fulham-Newcastle United,Fulham,Bernd Leno,True,Goalkeeper,1,start,end,1.0,0.0,0.0,0.0,0.0,0.0,0.0,0.0,2.0,0.0,0.0,0.0,0.0,0.0,
ENG-Premier League,2526,2026-05-24 Fulham-Newcastle United,Newcastle United,Nick Pope,False,Goalkeeper,1,start,end,1.0,0.0,0.0,0.0,0.0,0.0,0.0,2.0,4.0,0.0,0.0,0.0,0.0,0.0,
ENG-Premier League,2526,2026-05-24 Liverpool-Brentford,Brentford,Caoimhín Kelleher,False,Goalkeeper,1,start,end,1.0,0.0,0.0,0.0,0.0,0.0,0.0,1.0,7.0,0.0,0.0,0.0,0.0,0.0,
ENG-Premier League,2526,2026-05-24 Liverpool-Brentford,Liverpool,Alisson Becker,True,Goalkeeper,1,start,end,1.0,0.0,0.0,0.0,0.0,0.0,0.0,1.0,1.0,0.0,0.0,0.0,0.0,0.0,
ENG-Premier League,2526,2026-05-24 Manchester City-Aston Villa,Aston Villa,Marco Bizot,False,Goalkeeper,1,start,end,1.0,0.0,0.0,0.0,0.0,0.0,0.0,1.0,2.0,0.0,0.0,0.0,0.0,0.0,
ENG-Premier League,2526,2026-05-24 Manchester City-Aston Villa,Manchester City,James Trafford,True,Goalkeeper,1,start,end,1.0,0.0,0.0,0.0,0.0,0.0,0.0,2.0,3.0,0.0,0.0,0.0,0.0,0.0,
ENG-Premier League,2526,2026-05-24 Nottingham Forest-AFC Bournemouth,AFC Bournemouth,Djordje Petrovic,False,Goalkeeper,1,start,end,1.0,0.0,0.0,0.0,0.0,0.0,0.0,1.0,3.0,0.0,0.0,0.0,0.0,0.0,
ENG-Premier League,2526,2026-05-24 Nottingham Forest-AFC Bournemouth,Nottingham Forest,Matz Sels,True,Goalkeeper,1,start,end,1.0,0.0,0.0,0.0,0.0,0.0,0.0,1.0,3.0,0.0,0.0,0.0,0.0,0.0,
ENG-Premier League,2526,2026-05-24 Sunderland-Chelsea,Chelsea,Robert Sánchez,False,Goalkeeper,1,start,end,1.0,0.0,1.0,0.0,0.0,0.0,0.0,2.0,5.0,0.0,0.0,0.0,0.0,0.0,
ENG-Premier League,2526,2026-05-24 Sunderland-Chelsea,Sunderland,Robin Roefs,True,Goalkeeper,1,start,end,1.0,0.0,1.0,0.0,0.0,0.0,0.0,1.0,2.0,0.0,0.0,0.0,0.0,0.0,
ENG-Premier League,2526,2026-05-24 Tottenham Hotspur-Everton,Everton,Jordan Pickford,False,Goalkeeper,1,start,end,1.0,0.0,0.0,0.0,0.0,0.0,0.0,1.0,1.0,0.0,0.0,0.0,0.0,0.0,
ENG-Premier League,2526,2026-05-24 Tottenham Hotspur-Everton,Tottenham Hotspur,Antonín Kinsky,True,Goalkeeper,1,start,end,1.0,0.0,0.0,0.0,0.0,0.0,1.0,0.0,1.0,0.0,0.0,0.0,0.0,0.0,
ENG-Premier League,2526,2026-05-24 West Ham United-Leeds United,Leeds United,Karl Darlow,False,Goalkeeper,1,start,end,1.0,0.0,0.0,0.0,0.0,0.0,0.0,3.0,5.0,0.0,0.0,0.0,0.0,0.0,
ENG-Premier League,2526,2026-05-24 West Ham United-Leeds United,West Ham United,Mads Hermansen,True,Goalkeeper,1,start,end,1.0,0.0,0.0,0.0,0.0,0.0,0.0,0.0,3.0,0.0,0.0,0.0,0.0,0.0,
