league,season,game,team,player,is_home,position,formation_place,sub_in,sub_out,appearances,fouls_committed,fouls_suffered,own_goals,red_cards,sub_ins,yellow_cards,goals_conceded,saves,shots_faced,goal_assists,shots_on_target,total_goals,total_shots,offsides
FRA-Ligue 1,2223,2022-08-05 Lyon-AC Ajaccio,AC Ajaccio,Benjamin Leroy,False,Goalkeeper,1,start,end,1.0,0.0,0.0,0.0,0.0,0.0,0.0,2.0,0.0,9.0,0.0,0.0,0.0,0.0,
FRA-Ligue 1,2223,2022-08-05 Lyon-AC Ajaccio,Lyon,Anthony Lopes,True,Goalkeeper,1,start,end,1.0,1.0,0.0,0.0,1.0,0.0,0.0,1.0,0.0,7.0,0.0,0.0,0.0,0.0,
FRA-Ligue 1,2223,2022-08-06 Clermont Foot-Paris Saint-Germain,Clermont Foot,Mory Diaw,True,Goalkeeper,1,start,end,1.0,0.0,0.0,0.0,0.0,0.0,0.0,5.0,7.0,13.0,0.0,0.0,0.0,0.0,
FRA-Ligue 1,2223,2022-08-06 Clermont Foot-Paris Saint-Germain,Paris Saint-Germain,Gianluigi Donnarumma,False,Goalkeeper,1,start,end,1.0,0.0,0.0,0.0,0.0,0.0,0.0,0.0,1.0,8.0,0.0,0.0,0.0,0.0,
FRA-Ligue 1,2223,2022-08-06 Strasbourg-AS Monaco,AS Monaco,Alexander Nübel,False,Goalkeeper,1,start,end,1.0,0.0,0.0,0.0,0.0,0.0,0.0,1.0,0.0,10.0,0.0,0.0,0.0,0.0,
FRA-Ligue 1,2223,2022-08-06 Strasbourg-AS Monaco,Strasbourg,Matz Sels,True,Goalkeeper,1,start,end,1.0,0.0,1.0,0.0,0.0,0.0,0.0,2.0,0.0,21.0,0.0,0.0,0.0,0.0,
FRA-Ligue 1,2223,2022-08-07 Angers-Nantes,Angers,Paul Bernardoni,True,Goalkeeper,1,start,end,1.0,0.0,0.0,0.0,0.0,0.0,0.0,0.0,0.0,14.0,0.0,0.0,0.0,0.0,
FRA-Ligue 1,2223,2022-08-07 Angers-Nantes,Nantes,Alban Lafont,False,Goalkeeper,1,start,end,1.0,0.0,1.0,0.0,0.0,0.0,0.0,0.0,0.0,16.0,0.0,0.0,0.0,0.0,
FRA-Ligue 1,2223,2022-08-07 Lens-Brest,Brest,Marco Bizot,False,Goalkeeper,1,start,end,1.0,0.0,0.0,0.0,0.0,0.0,0.0,3.0,0.0,12.0,0.0,0.0,0.0,0.0,
FRA-Ligue 1,2223,2022-08-07 Lens-Brest,Lens,Brice Samba,True,Goalkeeper,1,start,end,1.0,0.0,0.0,0.0,0.0,0.0,0.0,2.0,0.0,4.0,0.0,0.0,0.0,0.0,
FRA-Ligue 1,2223,2022-08-07 Lille-AJ Auxerre,AJ Auxerre,Benoit Costil,False,Goalkeeper,1,start,end,1.0,0.0,0.0,0.0,0.0,0.0,0.0,4.0,0.0,12.0,0.0,0.0,0.0,0.0,
FRA-Ligue 1,2223,2022-08-07 Lille-AJ Auxerre,Lille,Léo Jardim,True,Goalkeeper,1,start,end,1.0,0.0,0.0,0.0,0.0,0.0,0.0,1.0,0.0,8.0,0.0,0.0,0.0,0.0,
FRA-Ligue 1,2223,2022-08-07 Marseille-Stade de Reims,Marseille,Rubén Blanco,True,Goalkeeper,1,start,end,1.0,0.0,0.0,0.0,0.0,0.0,0.0,1.0,0.0,15.0,0.0,0.0,0.0,0.0,
FRA-Ligue 1,2223,2022-08-07 Marseille-Stade de Reims,Stade de Reims,Patrick Pentz,False,Goalkeeper,1,start,end,1.0,0.0,0.0,0.0,0.0,0.0,0.0,3.0,0.0,13.0,0.0,0.0,0.0,0.0,
FRA-Ligue 1,2223,2022-08-07 Montpellier-Troyes,Montpellier,Jonas Omlin,True,Goalkeeper,1,start,end,1.0,0.0,0.0,0.0,0.0,0.0,0.0,2.0,8.0,11.0,0.0,0.0,0.0,0.0,
FRA-Ligue 1,2223,2022-08-07 Montpellier-Troyes,Troyes,Gauthier Gallon,False,Goalkeeper,1,start,end,1.0,0.0,0.0,0.0,0.0,0.0,0.0,3.0,3.0,14.0,0.0,0.0,0.0,0.0,
FRA-Ligue 1,2223,2022-08-07 Stade Rennais-Lorient,Lorient,Yvon Mvogo,False,Goalkeeper,1,start,end,1.0,0.0,0.0,0.0,0.0,0.0,0.0,0.0,0.0,20.0,0.0,0.0,0.0,0.0,
FRA-Ligue 1,2223,2022-08-07 Stade Rennais-Lorient,Stade Rennais,Steve Mandanda,True,Goalkeeper,1,start,end,1.0,0.0,0.0,0.0,0.0,0.0,0.0,0.0,0.0,8.0,0.0,0.0,0.0,0.0,
FRA-Ligue 1,2223,2022-08-07 Toulouse-Nice,Nice,Marcin Bulka,False,Goalkeeper,1,start,end,1.0,0.0,0.0,0.0,0.0,0.0,0.0,1.0,0.0,5.0,0.0,0.0,0.0,0.0,
FRA-Ligue 1,2223,2022-08-07 Toulouse-Nice,Toulouse,Maxime Dupé,True,Goalkeeper,1,start,end,1.0,0.0,0.0,0.0,0.0,0.0,0.0,1.0,0.0,10.0,0.0,0.0,0.0,0.0,
FRA-Ligue 1,2223,2022-08-12 Nantes-Lille,Lille,Léo Jardim,False,Goalkeeper,1,start,end,1.0,0.0,0.0,0.0,0.0,0.0,0.0,1.0,0.0,9.0,0.0,0.0,0.0,0.0,
FRA-Ligue 1,2223,2022-08-12 Nantes-Lille,Nantes,Alban Lafont,True,Goalkeeper,1,start,end,1.0,0.0,0.0,0.0,0.0,0.0,0.0,1.0,0.0,14.0,0.0,0.0,0.0,0.0,
FRA-Ligue 1,2223,2022-08-13 AS Monaco-Stade Rennais,AS Monaco,Alexander Nübel,True,Goalkeeper,1,start,end,1.0,0.0,0.0,0.0,0.0,0.0,0.0,1.0,0.0,23.0,0.0,0.0,0.0,0.0,
FRA-Ligue 1,2223,2022-08-13 AS Monaco-Stade Rennais,Stade Rennais,Steve Mandanda,False,Goalkeeper,1,start,45,1.0,1.0,0.0,0.0,0.0,0.0,1.0,0.0,0.0,5.0,0.0,0.0,0.0,0.0,
FRA-Ligue 1,2223,2022-08-13 Paris Saint-Germain-Montpellier,Montpellier,Jonas Omlin,False,Goalkeeper,1,start,end,1.0,0.0,0.0,0.0,0.0,0.0,0.0,4.0,5.0,15.0,0.0,0.0,0.0,0.0,
FRA-Ligue 1,2223,2022-08-13 Paris Saint-Germain-Montpellier,Paris Saint-Germain,Gianluigi Donnarumma,True,Goalkeeper,1,start,end,1.0,0.0,0.0,0.0,0.0,0.0,0.0,2.0,2.0,4.0,0.0,0.0,0.0,0.0,
FRA-Ligue 1,2223,2022-08-14 AC Ajaccio-Lens,AC Ajaccio,Benjamin Leroy,True,Goalkeeper,1,start,end,1.0,0.0,0.0,0.0,0.0,0.0,0.0,0.0,0.0,12.0,0.0,0.0,0.0,0.0,
FRA-Ligue 1,2223,2022-08-14 AC Ajaccio-Lens,Lens,Brice Samba,False,Goalkeeper,1,start,end,1.0,0.0,0.0,0.0,0.0,0.0,0.0,0.0,0.0,9.0,0.0,0.0,0.0,0.0,
FRA-Ligue 1,2223,2022-08-14 AJ Auxerre-Angers,AJ Auxerre,Benoit Costil,True,Goalkeeper,1,start,end,1.0,0.0,0.0,0.0,0.0,0.0,0.0,2.0,0.0,9.0,0.0,0.0,0.0,0.0,
FRA-Ligue 1,2223,2022-08-14 AJ Auxerre-Angers,Angers,Paul Bernardoni,False,Goalkeeper,1,start,end,1.0,0.0,0.0,0.0,0.0,0.0,0.0,1.0,0.0,10.0,0.0,0.0,0.0,0.0,
FRA-Ligue 1,2223,2022-08-14 Brest-Marseille,Brest,Marco Bizot,True,Goalkeeper,1,start,end,1.0,0.0,0.0,0.0,0.0,0.0,0.0,1.0,0.0,4.0,0.0,0.0,0.0,0.0,
FRA-Ligue 1,2223,2022-08-14 Brest-Marseille,Marseille,Rubén Blanco,False,Goalkeeper,1,start,end,1.0,0.0,0.0,0.0,0.0,0.0,0.0,1.0,0.0,16.0,0.0,0.0,0.0,0.0,
FRA-Ligue 1,2223,2022-08-14 Nice-Strasbourg,Nice,Kasper Schmeichel,True,Goalkeeper,1,start,end,1.0,0.0,0.0,0.0,0.0,0.0,0.0,1.0,0.0,8.0,0.0,0.0,0.0,0.0,
FRA-Ligue 1,2223,2022-08-14 Nice-Strasbourg,Strasbourg,Matz Sels,False,Goalkeeper,1,start,end,1.0,0.0,0.0,0.0,0.0,0.0,0.0,1.0,0.0,12.0,0.0,0.0,0.0,0.0,
FRA-Ligue 1,2223,2022-08-14 Stade de Reims-Clermont Foot,Clermont Foot,Mory Diaw,False,Goalkeeper,1,start,end,1.0,0.0,0.0,0.0,0.0,0.0,0.0,2.0,0.0,7.0,0.0,0.0,0.0,0.0,
FRA-Ligue 1,2223,2022-08-14 Stade de Reims-Clermont Foot,Stade de Reims,Patrick Pentz,True,Goalkeeper,1,start,end,1.0,0.0,0.0,0.0,0.0,0.0,0.0,4.0,0.0,6.0,0.0,0.0,0.0,0.0,
FRA-Ligue 1,2223,2022-08-14 Troyes-Toulouse,Toulouse,Maxime Dupé,False,Goalkeeper,1,start,end,1.0,0.0,0.0,0.0,0.0,0.0,0.0,0.0,0.0,12.0,0.0,0.0,0.0,0.0,
FRA-Ligue 1,2223,2022-08-14 Troyes-Toulouse,Troyes,Gauthier Gallon,True,Goalkeeper,1,start,end,1.0,0.0,0.0,0.0,0.0,0.0,0.0,2.0,0.0,7.0,0.0,0.0,0.0,0.0,
FRA-Ligue 1,2223,2022-08-19 Lyon-Troyes,Lyon,Rémy Riou,True,Goalkeeper,1,start,end,1.0,0.0,0.0,0.0,0.0,0.0,0.0,1.0,0.0,3.0,0.0,0.0,0.0,0.0,
FRA-Ligue 1,2223,2022-08-19 Lyon-Troyes,Troyes,Gauthier Gallon,False,Goalkeeper,1,start,end,1.0,0.0,0.0,0.0,0.0,0.0,0.0,4.0,0.0,12.0,0.0,0.0,0.0,0.0,
FRA-Ligue 1,2223,2022-08-20 AS Monaco-Lens,AS Monaco,Alexander Nübel,True,Goalkeeper,1,start,end,1.0,0.0,0.0,0.0,0.0,0.0,0.0,4.0,0.0,9.0,0.0,0.0,0.0,0.0,
FRA-Ligue 1,2223,2022-08-20 AS Monaco-Lens,Lens,Brice Samba,False,Goalkeeper,1,start,end,1.0,0.0,0.0,0.0,0.0,0.0,0.0,1.0,0.0,11.0,0.0,0.0,0.0,0.0,
FRA-Ligue 1,2223,2022-08-20 Marseille-Nantes,Marseille,Pau López,True,Goalkeeper,1,start,end,1.0,0.0,0.0,0.0,0.0,0.0,1.0,1.0,0.0,11.0,0.0,0.0,0.0,0.0,
FRA-Ligue 1,2223,2022-08-20 Marseille-Nantes,Nantes,Alban Lafont,False,Goalkeeper,1,start,end,1.0,0.0,0.0,0.0,0.0,0.0,0.0,1.0,0.0,15.0,0.0,0.0,0.0,0.0,
FRA-Ligue 1,2223,2022-08-21 Angers-Brest,Angers,Paul Bernardoni,True,Goalkeeper,1,start,end,1.0,0.0,0.0,0.0,0.0,0.0,0.0,3.0,0.0,8.0,0.0,0.0,0.0,0.0,
FRA-Ligue 1,2223,2022-08-21 Angers-Brest,Brest,Marco Bizot,False,Goalkeeper,1,start,end,1.0,0.0,0.0,0.0,0.0,0.0,0.0,1.0,0.0,5.0,0.0,0.0,0.0,0.0,
FRA-Ligue 1,2223,2022-08-21 Clermont Foot-Nice,Clermont Foot,Mory Diaw,True,Goalkeeper,1,start,end,1.0,0.0,0.0,0.0,0.0,0.0,0.0,0.0,0.0,12.0,0.0,0.0,0.0,0.0,
FRA-Ligue 1,2223,2022-08-21 Clermont Foot-Nice,Nice,Kasper Schmeichel,False,Goalkeeper,1,start,end,1.0,0.0,0.0,0.0,0.0,0.0,0.0,1.0,0.0,5.0,0.0,0.0,0.0,0.0,
FRA-Ligue 1,2223,2022-08-21 Lille-Paris Saint-Germain,Lille,Léo Jardim,True,Goalkeeper,1,start,end,1.0,0.0,0.0,0.0,0.0,0.0,0.0,7.0,2.0,9.0,0.0,0.0,0.0,0.0,
FRA-Ligue 1,2223,2022-08-21 Lille-Paris Saint-Germain,Paris Saint-Germain,Gianluigi Donnarumma,False,Goalkeeper,1,start,end,1.0,0.0,0.0,0.0,0.0,0.0,0.0,1.0,8.0,14.0,0.0,0.0,0.0,0.0,
FRA-Ligue 1,2223,2022-08-21 Montpellier-AJ Auxerre,AJ Auxerre,Benoit Costil,False,Goalkeeper,1,start,end,1.0,0.0,0.0,0.0,0.0,0.0,0.0,1.0,6.0,12.0,0.0,0.0,0.0,0.0,
FRA-Ligue 1,2223,2022-08-21 Montpellier-AJ Auxerre,Montpellier,Jonas Omlin,True,Goalkeeper,1,start,end,1.0,0.0,1.0,0.0,0.0,0.0,0.0,2.0,0.0,5.0,0.0,0.0,0.0,0.0,
FRA-Ligue 1,2223,2022-08-21 Stade Rennais-AC Ajaccio,AC Ajaccio,Benjamin Leroy,False,Goalkeeper,1,start,end,1.0,0.0,0.0,0.0,0.0,0.0,0.0,2.0,0.0,13.0,0.0,0.0,0.0,0.0,
FRA-Ligue 1,2223,2022-08-21 Stade Rennais-AC Ajaccio,Stade Rennais,Dogan Alemdar,True,Goalkeeper,1,start,end,1.0,0.0,0.0,0.0,0.0,0.0,0.0,1.0,0.0,8.0,0.0,0.0,0.0,0.0,
FRA-Ligue 1,2223,2022-08-21 Strasbourg-Stade de Reims,Stade de Reims,Patrick Pentz,False,Goalkeeper,1,start,end,1.0,0.0,1.0,0.0,0.0,0.0,0.0,1.0,0.0,10.0,0.0,0.0,0.0,0.0,
FRA-Ligue 1,2223,2022-08-21 Strasbourg-Stade de Reims,Strasbourg,Matz Sels,True,Goalkeeper,1,start,end,1.0,0.0,0.0,0.0,0.0,0.0,0.0,1.0,0.0,9.0,0.0,0.0,0.0,0.0,
FRA-Ligue 1,2223,2022-08-21 Toulouse-Lorient,Lorient,Yvon Mvogo,False,Goalkeeper,1,start,end,1.0,0.0,0.0,0.0,0.0,0.0,0.0,2.0,0.0,13.0,0.0,0.0,0.0,0.0,
FRA-Ligue 1,2223,2022-08-21 Toulouse-Lorient,Toulouse,Maxime Dupé,True,Goalkeeper,1,start,end,1.0,0.0,0.0,0.0,0.0,0.0,0.0,2.0,0.0,10.0,0.0,0.0,0.0,0.0,
FRA-Ligue 1,2223,2022-08-26 AC Ajaccio-Lille,AC Ajaccio,Benjamin Leroy,True,Goalkeeper,1,start,end,1.0,0.0,0.0,0.0,0.0,0.0,0.0,3.0,0.0,3.0,0.0,0.0,0.0,0.0,
FRA-Ligue 1,2223,2022-08-26 AC Ajaccio-Lille,Lille,Léo Jardim,False,Goalkeeper,1,start,end,1.0,0.0,0.0,0.0,0.0,0.0,0.0,1.0,0.0,13.0,0.0,0.0,0.0,0.0,
FRA-Ligue 1,2223,2022-08-27 AJ Auxerre-Strasbourg,AJ Auxerre,Benoit Costil,True,Goalkeeper,1,start,end,1.0,0.0,0.0,0.0,0.0,0.0,0.0,0.0,4.0,14.0,0.0,0.0,0.0,0.0,
FRA-Ligue 1,2223,2022-08-27 AJ Auxerre-Strasbourg,Strasbourg,Matz Sels,False,Goalkeeper,1,start,end,1.0,0.0,0.0,0.0,0.0,0.0,0.0,1.0,2.0,6.0,0.0,0.0,0.0,0.0,
FRA-Ligue 1,2223,2022-08-27 Lens-Stade Rennais,Lens,Brice Samba,True,Goalkeeper,1,start,end,1.0,0.0,0.0,0.0,0.0,0.0,0.0,1.0,0.0,12.0,0.0,0.0,0.0,0.0,
FRA-Ligue 1,2223,2022-08-27 Lens-Stade Rennais,Stade Rennais,Dogan Alemdar,False,Goalkeeper,1,start,end,1.0,0.0,0.0,0.0,0.0,0.0,0.0,2.0,0.0,16.0,0.0,0.0,0.0,0.0,
FRA-Ligue 1,2223,2022-08-28 Brest-Montpellier,Brest,Marco Bizot,True,Goalkeeper,1,start,end,1.0,0.0,1.0,0.0,0.0,0.0,0.0,7.0,1.0,7.0,0.0,0.0,0.0,0.0,
FRA-Ligue 1,2223,2022-08-28 Brest-Montpellier,Montpellier,Jonas Omlin,False,Goalkeeper,1,start,end,1.0,0.0,0.0,0.0,0.0,0.0,0.0,0.0,0.0,5.0,0.0,0.0,0.0,0.0,
FRA-Ligue 1,2223,2022-08-28 Lorient-Clermont Foot,Clermont Foot,Mory Diaw,False,Goalkeeper,1,start,end,1.0,0.0,0.0,0.0,0.0,0.0,0.0,2.0,7.0,18.0,0.0,0.0,0.0,0.0,
FRA-Ligue 1,2223,2022-08-28 Lorient-Clermont Foot,Lorient,Yvon Mvogo,True,Goalkeeper,1,start,end,1.0,0.0,0.0,0.0,0.0,0.0,0.0,1.0,1.0,7.0,0.0,0.0,0.0,0.0,
FRA-Ligue 1,2223,2022-08-28 Nantes-Toulouse,Nantes,Alban Lafont,True,Goalkeeper,1,start,end,1.0,0.0,0.0,0.0,0.0,0.0,0.0,1.0,0.0,8.0,0.0,0.0,0.0,0.0,
FRA-Ligue 1,2223,2022-08-28 Nantes-Toulouse,Toulouse,Maxime Dupé,False,Goalkeeper,1,start,end,1.0,0.0,0.0,0.0,0.0,0.0,0.0,3.0,0.0,13.0,0.0,0.0,0.0,0.0,
FRA-Ligue 1,2223,2022-08-28 Nice-Marseille,Marseille,Pau López,False,Goalkeeper,1,start,end,1.0,0.0,0.0,0.0,0.0,0.0,0.0,0.0,2.0,16.0,0.0,0.0,0.0,0.0,
FRA-Ligue 1,2223,2022-08-28 Nice-Marseille,Nice,Kasper Schmeichel,True,Goalkeeper,1,start,end,1.0,0.0,0.0,0.0,0.0,0.0,0.0,3.0,1.0,9.0,0.0,0.0,0.0,0.0,
FRA-Ligue 1,2223,2022-08-28 Paris Saint-Germain-AS Monaco,AS Monaco,Alexander Nübel,False,Goalkeeper,1,start,end,1.0,0.0,0.0,0.0,0.0,0.0,0.0,1.0,4.0,17.0,0.0,0.0,0.0,0.0,
FRA-Ligue 1,2223,2022-08-28 Paris Saint-Germain-AS Monaco,Paris Saint-Germain,Gianluigi Donnarumma,True,Goalkeeper,1,start,end,1.0,0.0,1.0,0.0,0.0,0.0,0.0,1.0,2.0,3.0,0.0,0.0,0.0,0.0,
FRA-Ligue 1,2223,2022-08-28 Stade de Reims-Lyon,Lyon,Rémy Riou,False,Goalkeeper,1,start,end,1.0,0.0,0.0,0.0,0.0,0.0,0.0,1.0,0.0,7.0,0.0,0.0,0.0,0.0,
FRA-Ligue 1,2223,2022-08-28 Stade de Reims-Lyon,Stade de Reims,Patrick Pentz,True,Goalkeeper,1,start,end,1.0,0.0,0.0,0.0,0.0,0.0,0.0,1.0,0.0,17.0,0.0,0.0,0.0,0.0,
FRA-Ligue 1,2223,2022-08-28 Troyes-Angers,Angers,Paul Bernardoni,False,Goalkeeper,1,start,end,1.0,0.0,0.0,0.0,0.0,0.0,0.0,3.0,8.0,22.0,0.0,0.0,0.0,0.0,
FRA-Ligue 1,2223,2022-08-28 Troyes-Angers,Troyes,Gauthier Gallon,True,Goalkeeper,1,start,end,1.0,0.0,0.0,0.0,0.0,0.0,0.0,1.0,1.0,7.0,0.0,0.0,0.0,0.0,
FRA-Ligue 1,2223,2022-08-31 AS Monaco-Troyes,AS Monaco,Alexander Nübel,True,Goalkeeper,1,start,end,1.0,0.0,0.0,0.0,0.0,0.0,0.0,4.0,0.0,15.0,0.0,0.0,0.0,0.0,
FRA-Ligue 1,2223,2022-08-31 AS Monaco-Troyes,Troyes,Gauthier Gallon,False,Goalkeeper,1,start,end,1.0,0.0,0.0,0.0,0.0,0.0,0.0,2.0,0.0,6.0,0.0,0.0,0.0,0.0,
FRA-Ligue 1,2223,2022-08-31 Angers-Stade de Reims,Angers,Paul Bernardoni,True,Goalkeeper,1,start,end,1.0,0.0,0.0,0.0,0.0,0.0,0.0,4.0,0.0,7.0,0.0,0.0,0.0,0.0,
FRA-Ligue 1,2223,2022-08-31 Angers-Stade de Reims,Stade de Reims,Patrick Pentz,False,Goalkeeper,1,start,end,1.0,0.0,0.0,0.0,0.0,0.0,1.0,2.0,0.0,9.0,0.0,0.0,0.0,0.0,
FRA-Ligue 1,2223,2022-08-31 Lens-Lorient,Lens,Brice Samba,True,Goalkeeper,1,start,end,1.0,0.0,0.0,0.0,0.0,0.0,0.0,2.0,0.0,9.0,0.0,0.0,0.0,0.0,
FRA-Ligue 1,2223,2022-08-31 Lens-Lorient,Lorient,Yvon Mvogo,False,Goalkeeper,1,start,end,1.0,0.0,0.0,0.0,0.0,0.0,0.0,5.0,0.0,10.0,0.0,0.0,0.0,0.0,
FRA-Ligue 1,2223,2022-08-31 Lille-Nice,Lille,Léo Jardim,True,Goalkeeper,1,start,end,1.0,1.0,0.0,0.0,0.0,0.0,0.0,2.0,0.0,1.0,0.0,0.0,0.0,0.0,
FRA-Ligue 1,2223,2022-08-31 Lille-Nice,Nice,Kasper Schmeichel,False,Goalkeeper,1,start,end,1.0,0.0,0.0,0.0,0.0,0.0,0.0,1.0,5.0,18.0,0.0,0.0,0.0,0.0,
FRA-Ligue 1,2223,2022-08-31 Lyon-AJ Auxerre,AJ Auxerre,Benoit Costil,False,Goalkeeper,1,start,end,1.0,0.0,0.0,0.0,0.0,0.0,0.0,2.0,0.0,16.0,0.0,0.0,0.0,0.0,
FRA-Ligue 1,2223,2022-08-31 Lyon-AJ Auxerre,Lyon,Rémy Riou,True,Goalkeeper,1,start,end,1.0,0.0,0.0,0.0,0.0,0.0,0.0,1.0,0.0,5.0,0.0,0.0,0.0,0.0,
FRA-Ligue 1,2223,2022-08-31 Marseille-Clermont Foot,Clermont Foot,Mory Diaw,False,Goalkeeper,1,start,end,1.0,0.0,0.0,0.0,0.0,0.0,0.0,1.0,5.0,19.0,0.0,0.0,0.0,0.0,
FRA-Ligue 1,2223,2022-08-31 Marseille-Clermont Foot,Marseille,Pau López,True,Goalkeeper,1,start,end,1.0,0.0,1.0,0.0,0.0,0.0,0.0,0.0,0.0,3.0,0.0,0.0,0.0,0.0,
FRA-Ligue 1,2223,2022-08-31 Montpellier-AC Ajaccio,AC Ajaccio,Benjamin Leroy,False,Goalkeeper,1,start,end,1.0,0.0,0.0,0.0,0.0,0.0,0.0,2.0,2.0,8.0,0.0,0.0,0.0,0.0,
FRA-Ligue 1,2223,2022-08-31 Montpellier-AC Ajaccio,Montpellier,Jonas Omlin,True,Goalkeeper,1,start,end,1.0,1.0,0.0,0.0,1.0,0.0,0.0,0.0,0.0,15.0,0.0,0.0,0.0,0.0,
FRA-Ligue 1,2223,2022-08-31 Stade Rennais-Brest,Brest,Marco Bizot,False,Goalkeeper,1,start,end,1.0,0.0,1.0,0.0,0.0,0.0,0.0,3.0,6.0,12.0,0.0,0.0,0.0,0.0,
FRA-Ligue 1,2223,2022-08-31 Stade Rennais-Brest,Stade Rennais,Steve Mandanda,True,Goalkeeper,1,start,end,1.0,0.0,0.0,0.0,0.0,0.0,0.0,1.0,1.0,7.0,0.0,0.0,0.0,0.0,
FRA-Ligue 1,2223,2022-08-31 Strasbourg-Nantes,Nantes,Alban Lafont,False,Goalkeeper,1,start,end,1.0,0.0,0.0,0.0,0.0,0.0,0.0,1.0,0.0,3.0,0.0,0.0,0.0,0.0,
FRA-Ligue 1,2223,2022-08-31 Strasbourg-Nantes,Strasbourg,Matz Sels,True,Goalkeeper,1,start,end,1.0,0.0,0.0,0.0,0.0,0.0,0.0,1.0,0.0,11.0,0.0,0.0,0.0,0.0,
FRA-Ligue 1,2223,2022-08-31 Toulouse-Paris Saint-Germain,Paris Saint-Germain,Gianluigi Donnarumma,False,Goalkeeper,1,start,end,1.0,0.0,0.0,0.0,0.0,0.0,0.0,0.0,7.0,14.0,0.0,0.0,0.0,0.0,
FRA-Ligue 1,2223,2022-08-31 Toulouse-Paris Saint-Germain,Toulouse,Maxime Dupé,True,Goalkeeper,1,start,end,1.0,0.0,0.0,0.0,0.0,0.0,0.0,3.0,9.0,17.0,0.0,0.0,0.0,0.0,
FRA-Ligue 1,2223,2022-09-03 AJ Auxerre-Marseille,AJ Auxerre,Benoit Costil,True,Goalkeeper,1,start,end,1.0,0.0,0.0,0.0,0.0,0.0,0.0,2.0,0.0,13.0,0.0,0.0,0.0,0.0,
FRA-Ligue 1,2223,2022-09-03 AJ Auxerre-Marseille,Marseille,Pau López,False,Goalkeeper,1,start,end,1.0,0.0,0.0,0.0,0.0,0.0,0.0,0.0,0.0,8.0,0.0,0.0,0.0,0.0,
FRA-Ligue 1,2223,2022-09-03 Lyon-Angers,Angers,Paul Bernardoni,False,Goalkeeper,1,start,end,1.0,0.0,0.0,0.0,0.0,0.0,0.0,5.0,0.0,11.0,0.0,0.0,0.0,0.0,
FRA-Ligue 1,2223,2022-09-03 Lyon-Angers,Lyon,Anthony Lopes,True,Goalkeeper,1,start,end,1.0,0.0,0.0,0.0,0.0,0.0,0.0,0.0,0.0,8.0,0.0,0.0,0.0,0.0,
FRA-Ligue 1,2223,2022-09-03 Nantes-Paris Saint-Germain,Nantes,Alban Lafont,True,Goalkeeper,1,start,end,1.0,0.0,0.0,0.0,0.0,0.0,0.0,3.0,3.0,16.0,0.0,0.0,0.0,0.0,
FRA-Ligue 1,2223,2022-09-03 Nantes-Paris Saint-Germain,Paris Saint-Germain,Gianluigi Donnarumma,False,Goalkeeper,1,start,end,1.0,0.0,0.0,0.0,0.0,0.0,0.0,0.0,1.0,10.0,0.0,0.0,0.0,0.0,
FRA-Ligue 1,2223,2022-09-04 AC Ajaccio-Lorient,AC Ajaccio,Benjamin Leroy,True,Goalkeeper,1,start,end,1.0,0.0,1.0,0.0,0.0,0.0,0.0,1.0,0.0,7.0,0.0,0.0,0.0,0.0,
FRA-Ligue 1,2223,2022-09-04 AC Ajaccio-Lorient,Lorient,Yvon Mvogo,False,Goalkeeper,1,start,end,1.0,0.0,1.0,0.0,0.0,0.0,0.0,0.0,0.0,16.0,0.0,0.0,0.0,0.0,
FRA-Ligue 1,2223,2022-09-04 Brest-Strasbourg,Brest,Marco Bizot,True,Goalkeeper,1,start,end,1.0,0.0,0.0,0.0,0.0,0.0,0.0,1.0,0.0,9.0,0.0,0.0,0.0,0.0,
FRA-Ligue 1,2223,2022-09-04 Brest-Strasbourg,Strasbourg,Matz Sels,False,Goalkeeper,1,start,end,1.0,0.0,0.0,0.0,0.0,0.0,0.0,1.0,0.0,9.0,0.0,0.0,0.0,0.0,
FRA-Ligue 1,2223,2022-09-04 Clermont Foot-Toulouse,Clermont Foot,Mory Diaw,True,Goalkeeper,1,start,end,1.0,0.0,0.0,0.0,0.0,0.0,0.0,0.0,0.0,14.0,0.0,0.0,0.0,0.0,
FRA-Ligue 1,2223,2022-09-04 Clermont Foot-Toulouse,Toulouse,Maxime Dupé,False,Goalkeeper,1,start,end,1.0,0.0,1.0,0.0,0.0,0.0,0.0,2.0,0.0,10.0,0.0,0.0,0.0,0.0,
FRA-Ligue 1,2223,2022-09-04 Montpellier-Lille,Lille,Léo Jardim,False,Goalkeeper,1,start,end,1.0,0.0,0.0,0.0,0.0,0.0,0.0,1.0,0.0,3.0,0.0,0.0,0.0,0.0,
FRA-Ligue 1,2223,2022-09-04 Montpellier-Lille,Montpellier,Matis Carvalho,True,Goalkeeper,1,start,end,1.0,0.0,0.0,0.0,0.0,0.0,0.0,3.0,0.0,24.0,0.0,0.0,0.0,0.0,
FRA-Ligue 1,2223,2022-09-04 Nice-AS Monaco,AS Monaco,Alexander Nübel,False,Goalkeeper,1,start,end,1.0,0.0,0.0,0.0,0.0,0.0,0.0,0.0,5.0,9.0,0.0,0.0,0.0,0.0,
FRA-Ligue 1,2223,2022-09-04 Nice-AS Monaco,Nice,Kasper Schmeichel,True,Goalkeeper,1,start,end,1.0,0.0,0.0,0.0,0.0,0.0,0.0,1.0,1.0,12.0,0.0,0.0,0.0,0.0,
FRA-Ligue 1,2223,2022-09-04 Stade de Reims-Lens,Lens,Brice Samba,False,Goalkeeper,1,start,end,1.0,0.0,1.0,0.0,0.0,0.0,0.0,1.0,0.0,15.0,0.0,0.0,0.0,0.0,
FRA-Ligue 1,2223,2022-09-04 Stade de Reims-Lens,Stade de Reims,Patrick Pentz,True,Goalkeeper,1,start,end,1.0,0.0,1.0,0.0,0.0,0.0,0.0,1.0,0.0,18.0,0.0,0.0,0.0,0.0,
FRA-Ligue 1,2223,2022-09-04 Troyes-Stade Rennais,Stade Rennais,Steve Mandanda,False,Goalkeeper,1,start,end,1.0,0.0,1.0,0.0,0.0,0.0,0.0,1.0,0.0,8.0,0.0,0.0,0.0,0.0,
FRA-Ligue 1,2223,2022-09-04 Troyes-Stade Rennais,Troyes,Gauthier Gallon,True,Goalkeeper,1,start,end,1.0,0.0,1.0,0.0,0.0,0.0,1.0,1.0,0.0,18.0,0.0,0.0,0.0,0.0,
FRA-Ligue 1,2223,2022-09-07 Lorient-Lyon,Lorient,Yvon Mvogo,True,Goalkeeper,1,start,end,1.0,0.0,0.0,0.0,0.0,0.0,0.0,1.0,0.0,14.0,0.0,0.0,0.0,0.0,
FRA-Ligue 1,2223,2022-09-07 Lorient-Lyon,Lyon,Anthony Lopes,False,Goalkeeper,1,start,end,1.0,0.0,1.0,0.0,0.0,0.0,0.0,3.0,0.0,8.0,0.0,0.0,0.0,0.0,
FRA-Ligue 1,2223,2022-09-09 Lens-Troyes,Lens,Brice Samba,True,Goalkeeper,1,start,end,1.0,0.0,0.0,0.0,0.0,0.0,0.0,0.0,0.0,6.0,0.0,0.0,0.0,0.0,
FRA-Ligue 1,2223,2022-09-09 Lens-Troyes,Troyes,Gauthier Gallon,False,Goalkeeper,1,start,end,1.0,0.0,0.0,0.0,0.0,0.0,0.0,1.0,0.0,11.0,0.0,0.0,0.0,0.0,
FRA-Ligue 1,2223,2022-09-10 Marseille-Lille,Lille,Lucas Chevalier,False,Goalkeeper,1,start,end,1.0,0.0,0.0,0.0,0.0,0.0,0.0,2.0,0.0,12.0,0.0,0.0,0.0,0.0,
FRA-Ligue 1,2223,2022-09-10 Marseille-Lille,Marseille,Pau López,True,Goalkeeper,1,start,end,1.0,0.0,0.0,0.0,0.0,0.0,0.0,1.0,0.0,6.0,0.0,0.0,0.0,0.0,
FRA-Ligue 1,2223,2022-09-10 Paris Saint-Germain-Brest,Brest,Marco Bizot,False,Goalkeeper,1,start,end,1.0,0.0,0.0,0.0,0.0,0.0,0.0,1.0,3.0,13.0,0.0,0.0,0.0,0.0,
FRA-Ligue 1,2223,2022-09-10 Paris Saint-Germain-Brest,Paris Saint-Germain,Gianluigi Donnarumma,True,Goalkeeper,1,start,end,1.0,0.0,0.0,0.0,0.0,0.0,0.0,0.0,2.0,6.0,0.0,0.0,0.0,0.0,
FRA-Ligue 1,2223,2022-09-11 AC Ajaccio-Nice,AC Ajaccio,Benjamin Leroy,True,Goalkeeper,1,start,end,1.0,0.0,0.0,0.0,0.0,0.0,0.0,1.0,0.0,11.0,0.0,0.0,0.0,0.0,
FRA-Ligue 1,2223,2022-09-11 AC Ajaccio-Nice,Nice,Kasper Schmeichel,False,Goalkeeper,1,start,end,1.0,0.0,0.0,0.0,0.0,0.0,0.0,0.0,0.0,9.0,0.0,0.0,0.0,0.0,
FRA-Ligue 1,2223,2022-09-11 AS Monaco-Lyon,AS Monaco,Alexander Nübel,True,Goalkeeper,1,start,end,1.0,0.0,0.0,0.0,0.0,0.0,0.0,1.0,5.0,17.0,0.0,0.0,0.0,0.0,
FRA-Ligue 1,2223,2022-09-11 AS Monaco-Lyon,Lyon,Anthony Lopes,False,Goalkeeper,1,start,end,1.0,0.0,0.0,0.0,0.0,0.0,0.0,2.0,2.0,8.0,0.0,0.0,0.0,0.0,
FRA-Ligue 1,2223,2022-09-11 Angers-Montpellier,Angers,Yahia Fofana,True,Goalkeeper,1,start,end,1.0,0.0,0.0,0.0,0.0,0.0,0.0,1.0,1.0,5.0,0.0,0.0,0.0,0.0,
FRA-Ligue 1,2223,2022-09-11 Angers-Montpellier,Montpellier,Bingourou Kamara,False,Goalkeeper,1,start,end,1.0,1.0,0.0,0.0,0.0,0.0,1.0,2.0,3.0,8.0,0.0,0.0,0.0,0.0,
FRA-Ligue 1,2223,2022-09-11 Lorient-Nantes,Lorient,Yvon Mvogo,True,Goalkeeper,1,start,end,1.0,0.0,0.0,0.0,0.0,0.0,0.0,2.0,0.0,7.0,0.0,0.0,0.0,0.0,
FRA-Ligue 1,2223,2022-09-11 Lorient-Nantes,Nantes,Alban Lafont,False,Goalkeeper,1,start,end,1.0,0.0,0.0,0.0,0.0,0.0,0.0,3.0,0.0,10.0,0.0,0.0,0.0,0.0,
FRA-Ligue 1,2223,2022-09-11 Stade Rennais-AJ Auxerre,AJ Auxerre,Benoit Costil,False,Goalkeeper,1,start,end,1.0,0.0,0.0,0.0,0.0,0.0,0.0,5.0,0.0,6.0,0.0,0.0,0.0,0.0,
FRA-Ligue 1,2223,2022-09-11 Stade Rennais-AJ Auxerre,Stade Rennais,Steve Mandanda,True,Goalkeeper,1,start,end,1.0,0.0,0.0,0.0,0.0,0.0,0.0,0.0,0.0,7.0,1.0,0.0,0.0,0.0,
FRA-Ligue 1,2223,2022-09-11 Strasbourg-Clermont Foot,Clermont Foot,Mory Diaw,False,Goalkeeper,1,start,end,1.0,0.0,0.0,0.0,0.0,0.0,0.0,0.0,0.0,11.0,0.0,0.0,0.0,0.0,
FRA-Ligue 1,2223,2022-09-11 Strasbourg-Clermont Foot,Strasbourg,Matz Sels,True,Goalkeeper,1,start,end,1.0,0.0,0.0,0.0,0.0,0.0,1.0,0.0,0.0,8.0,0.0,0.0,0.0,0.0,
FRA-Ligue 1,2223,2022-09-11 Toulouse-Stade de Reims,Stade de Reims,Patrick Pentz,False,Goalkeeper,1,start,end,1.0,0.0,0.0,0.0,0.0,0.0,0.0,1.0,0.0,12.0,0.0,0.0,0.0,0.0,
FRA-Ligue 1,2223,2022-09-11 Toulouse-Stade de Reims,Toulouse,Maxime Dupé,True,Goalkeeper,1,start,end,1.0,0.0,0.0,0.0,0.0,0.0,0.0,0.0,0.0,11.0,0.0,0.0,0.0,0.0,
FRA-Ligue 1,2223,2022-09-16 AJ Auxerre-Lorient,AJ Auxerre,Benoit Costil,True,Goalkeeper,1,start,end,1.0,0.0,0.0,0.0,0.0,0.0,0.0,3.0,0.0,9.0,0.0,0.0,0.0,0.0,
FRA-Ligue 1,2223,2022-09-16 AJ Auxerre-Lorient,Lorient,Yvon Mvogo,False,Goalkeeper,1,start,end,1.0,0.0,0.0,0.0,0.0,0.0,0.0,1.0,0.0,15.0,0.0,0.0,0.0,0.0,
FRA-Ligue 1,2223,2022-09-17 Lille-Toulouse,Lille,Lucas Chevalier,True,Goalkeeper,1,start,end,1.0,0.0,1.0,0.0,0.0,0.0,0.0,1.0,0.0,10.0,0.0,0.0,0.0,0.0,
FRA-Ligue 1,2223,2022-09-17 Lille-Toulouse,Toulouse,Maxime Dupé,False,Goalkeeper,1,start,end,1.0,0.0,0.0,0.0,0.0,0.0,0.0,2.0,0.0,8.0,0.0,0.0,0.0,0.0,
FRA-Ligue 1,2223,2022-09-17 Montpellier-Strasbourg,Montpellier,Jonas Omlin,True,Goalkeeper,1,start,end,1.0,0.0,0.0,0.0,0.0,0.0,0.0,1.0,1.0,7.0,0.0,0.0,0.0,0.0,
FRA-Ligue 1,2223,2022-09-17 Montpellier-Strasbourg,Strasbourg,Matz Sels,False,Goalkeeper,1,start,end,1.0,0.0,0.0,0.0,0.0,0.0,0.0,2.0,2.0,8.0,0.0,0.0,0.0,0.0,
FRA-Ligue 1,2223,2022-09-18 Brest-AC Ajaccio,AC Ajaccio,Benjamin Leroy,False,Goalkeeper,1,start,9,1.0,0.0,0.0,0.0,0.0,0.0,0.0,0.0,0.0,0.0,0.0,0.0,0.0,0.0,
FRA-Ligue 1,2223,2022-09-18 Brest-AC Ajaccio,Brest,Marco Bizot,True,Goalkeeper,1,start,end,1.0,0.0,0.0,0.0,0.0,0.0,0.0,1.0,3.0,5.0,0.0,0.0,0.0,0.0,
FRA-Ligue 1,2223,2022-09-18 Clermont Foot-Troyes,Clermont Foot,Mory Diaw,True,Goalkeeper,1,start,end,1.0,0.0,0.0,0.0,0.0,0.0,0.0,3.0,0.0,6.0,0.0,0.0,0.0,0.0,
FRA-Ligue 1,2223,2022-09-18 Clermont Foot-Troyes,Troyes,Gauthier Gallon,False,Goalkeeper,1,start,end,1.0,0.0,0.0,0.0,0.0,0.0,0.0,1.0,0.0,14.0,0.0,0.0,0.0,0.0,
FRA-Ligue 1,2223,2022-09-18 Lyon-Paris Saint-Germain,Lyon,Anthony Lopes,True,Goalkeeper,1,start,end,1.0,0.0,0.0,0.0,0.0,0.0,0.0,1.0,6.0,14.0,0.0,0.0,0.0,0.0,
FRA-Ligue 1,2223,2022-09-18 Lyon-Paris Saint-Germain,Paris Saint-Germain,Gianluigi Donnarumma,False,Goalkeeper,1,start,end,1.0,0.0,0.0,0.0,0.0,0.0,1.0,0.0,3.0,12.0,0.0,0.0,0.0,0.0,
FRA-Ligue 1,2223,2022-09-18 Marseille-Stade Rennais,Marseille,Pau López,True,Goalkeeper,1,start,end,1.0,0.0,0.0,0.0,0.0,0.0,0.0,0.0,0.0,11.0,0.0,0.0,0.0,0.0,
FRA-Ligue 1,2223,2022-09-18 Marseille-Stade Rennais,Stade Rennais,Steve Mandanda,False,Goalkeeper,1,start,end,1.0,0.0,0.0,0.0,0.0,0.0,0.0,1.0,0.0,13.0,0.0,0.0,0.0,0.0,
FRA-Ligue 1,2223,2022-09-18 Nantes-Lens,Lens,Brice Samba,False,Goalkeeper,1,start,end,1.0,0.0,0.0,0.0,0.0,0.0,0.0,0.0,0.0,11.0,0.0,0.0,0.0,0.0,
FRA-Ligue 1,2223,2022-09-18 Nantes-Lens,Nantes,Alban Lafont,True,Goalkeeper,1,start,end,1.0,0.0,0.0,0.0,0.0,0.0,0.0,0.0,0.0,8.0,0.0,0.0,0.0,0.0,
FRA-Ligue 1,2223,2022-09-18 Nice-Angers,Angers,Yahia Fofana,False,Goalkeeper,1,start,end,1.0,0.0,1.0,0.0,0.0,0.0,1.0,0.0,0.0,17.0,0.0,0.0,0.0,0.0,
FRA-Ligue 1,2223,2022-09-18 Nice-Angers,Nice,Marcin Bulka,True,Goalkeeper,1,start,end,1.0,0.0,0.0,0.0,0.0,0.0,0.0,1.0,0.0,15.0,0.0,0.0,0.0,0.0,
FRA-Ligue 1,2223,2022-09-18 Stade de Reims-AS Monaco,AS Monaco,Alexander Nübel,False,Goalkeeper,1,start,end,1.0,0.0,0.0,0.0,0.0,0.0,1.0,0.0,0.0,9.0,0.0,0.0,0.0,0.0,
FRA-Ligue 1,2223,2022-09-18 Stade de Reims-AS Monaco,Stade de Reims,Yehvann Diouf,True,Goalkeeper,1,start,end,1.0,0.0,1.0,0.0,0.0,0.0,0.0,3.0,0.0,18.0,0.0,0.0,0.0,0.0,
FRA-Ligue 1,2223,2022-09-30 Angers-Marseille,Angers,Yahia Fofana,True,Goalkeeper,1,start,end,1.0,0.0,0.0,0.0,0.0,0.0,0.0,3.0,4.0,11.0,0.0,0.0,0.0,0.0,
FRA-Ligue 1,2223,2022-09-30 Angers-Marseille,Marseille,Pau López,False,Goalkeeper,1,start,end,1.0,0.0,0.0,0.0,0.0,0.0,0.0,0.0,5.0,16.0,0.0,0.0,0.0,0.0,
FRA-Ligue 1,2223,2022-10-01 Paris Saint-Germain-Nice,Nice,Kasper Schmeichel,False,Goalkeeper,1,start,end,1.0,0.0,0.0,0.0,0.0,0.0,0.0,2.0,2.0,9.0,0.0,0.0,0.0,0.0,
FRA-Ligue 1,2223,2022-10-01 Paris Saint-Germain-Nice,Paris Saint-Germain,Gianluigi Donnarumma,True,Goalkeeper,1,start,end,1.0,0.0,0.0,0.0,0.0,0.0,0.0,1.0,0.0,4.0,0.0,0.0,0.0,0.0,
FRA-Ligue 1,2223,2022-10-01 Strasbourg-Stade Rennais,Stade Rennais,Steve Mandanda,False,Goalkeeper,1,start,end,1.0,0.0,0.0,0.0,0.0,0.0,0.0,1.0,0.0,8.0,0.0,0.0,0.0,0.0,
FRA-Ligue 1,2223,2022-10-01 Strasbourg-Stade Rennais,Strasbourg,Matz Sels,True,Goalkeeper,1,start,end,1.0,0.0,0.0,0.0,0.0,0.0,0.0,3.0,0.0,12.0,0.0,0.0,0.0,0.0,
FRA-Ligue 1,2223,2022-10-02 AC Ajaccio-Clermont Foot,AC Ajaccio,Francois-Joseph Sollacaro,True,Goalkeeper,1,start,end,1.0,0.0,0.0,0.0,0.0,0.0,0.0,3.0,0.0,4.0,0.0,0.0,0.0,0.0,
FRA-Ligue 1,2223,2022-10-02 AC Ajaccio-Clermont Foot,Clermont Foot,Mory Diaw,False,Goalkeeper,1,start,end,1.0,0.0,0.0,0.0,0.0,0.0,0.0,1.0,0.0,11.0,0.0,0.0,0.0,0.0,
FRA-Ligue 1,2223,2022-10-02 AJ Auxerre-Brest,AJ Auxerre,Benoit Costil,True,Goalkeeper,1,start,end,1.0,0.0,0.0,0.0,0.0,0.0,0.0,1.0,1.0,9.0,0.0,0.0,0.0,0.0,
FRA-Ligue 1,2223,2022-10-02 AJ Auxerre-Brest,Brest,Marco Bizot,False,Goalkeeper,1,start,end,1.0,0.0,0.0,0.0,0.0,0.0,1.0,1.0,2.0,10.0,0.0,0.0,0.0,0.0,
FRA-Ligue 1,2223,2022-10-02 AS Monaco-Nantes,AS Monaco,Alexander Nübel,True,Goalkeeper,1,start,end,1.0,0.0,0.0,0.0,0.0,0.0,0.0,0.0,0.0,7.0,0.0,0.0,0.0,0.0,
FRA-Ligue 1,2223,2022-10-02 AS Monaco-Nantes,Nantes,Alban Lafont,False,Goalkeeper,1,start,end,1.0,0.0,0.0,0.0,0.0,0.0,0.0,4.0,0.0,6.0,0.0,0.0,0.0,0.0,
FRA-Ligue 1,2223,2022-10-02 Lens-Lyon,Lens,Brice Samba,True,Goalkeeper,1,start,end,1.0,0.0,0.0,0.0,0.0,0.0,0.0,0.0,0.0,3.0,0.0,0.0,0.0,0.0,
FRA-Ligue 1,2223,2022-10-02 Lens-Lyon,Lyon,Anthony Lopes,False,Goalkeeper,1,start,end,1.0,0.0,0.0,0.0,0.0,0.0,0.0,1.0,0.0,19.0,0.0,0.0,0.0,0.0,
FRA-Ligue 1,2223,2022-10-02 Lorient-Lille,Lille,Lucas Chevalier,False,Goalkeeper,1,start,end,1.0,0.0,0.0,0.0,0.0,0.0,0.0,1.0,0.0,6.0,0.0,0.0,0.0,0.0,
FRA-Ligue 1,2223,2022-10-02 Lorient-Lille,Lorient,Yvon Mvogo,True,Goalkeeper,1,start,end,1.0,0.0,0.0,0.0,0.0,0.0,0.0,1.0,0.0,20.0,0.0,0.0,0.0,0.0,
FRA-Ligue 1,2223,2022-10-02 Toulouse-Montpellier,Montpellier,Bingourou Kamara,False,Goalkeeper,1,start,end,1.0,0.0,0.0,0.0,0.0,0.0,0.0,4.0,0.0,9.0,0.0,0.0,0.0,0.0,
FRA-Ligue 1,2223,2022-10-02 Toulouse-Montpellier,Toulouse,Maxime Dupé,True,Goalkeeper,1,start,end,1.0,0.0,0.0,0.0,0.0,0.0,0.0,2.0,0.0,19.0,0.0,0.0,0.0,0.0,
FRA-Ligue 1,2223,2022-10-02 Troyes-Stade de Reims,Stade de Reims,Yehvann Diouf,False,Goalkeeper,1,start,end,1.0,0.0,3.0,0.0,0.0,0.0,0.0,2.0,0.0,16.0,0.0,0.0,0.0,0.0,
FRA-Ligue 1,2223,2022-10-02 Troyes-Stade de Reims,Troyes,Gauthier Gallon,True,Goalkeeper,1,start,end,1.0,0.0,0.0,0.0,0.0,0.0,1.0,2.0,0.0,4.0,0.0,0.0,0.0,0.0,
FRA-Ligue 1,2223,2022-10-07 Lyon-Toulouse,Lyon,Anthony Lopes,True,Goalkeeper,1,start,end,1.0,0.0,0.0,0.0,0.0,0.0,0.0,1.0,0.0,4.0,0.0,0.0,0.0,0.0,
FRA-Ligue 1,2223,2022-10-07 Lyon-Toulouse,Toulouse,Maxime Dupé,False,Goalkeeper,1,start,end,1.0,0.0,1.0,0.0,0.0,0.0,0.0,1.0,0.0,18.0,0.0,0.0,0.0,0.0,
FRA-Ligue 1,2223,2022-10-08 Marseille-AC Ajaccio,AC Ajaccio,Benjamin Leroy,False,Goalkeeper,1,start,end,1.0,0.0,0.0,0.0,0.0,0.0,0.0,1.0,1.0,8.0,0.0,0.0,0.0,0.0,
FRA-Ligue 1,2223,2022-10-08 Marseille-AC Ajaccio,Marseille,Rubén Blanco,True,Goalkeeper,1,start,end,1.0,0.0,0.0,0.0,0.0,0.0,0.0,2.0,0.0,6.0,0.0,0.0,0.0,0.0,
FRA-Ligue 1,2223,2022-10-08 Stade de Reims-Paris Saint-Germain,Paris Saint-Germain,Gianluigi Donnarumma,False,Goalkeeper,1,start,end,1.0,0.0,0.0,0.0,0.0,0.0,0.0,0.0,4.0,23.0,0.0,0.0,0.0,0.0,
FRA-Ligue 1,2223,2022-10-08 Stade de Reims-Paris Saint-Germain,Stade de Reims,Yehvann Diouf,True,Goalkeeper,1,start,end,1.0,0.0,0.0,0.0,0.0,0.0,0.0,0.0,3.0,10.0,0.0,0.0,0.0,0.0,
FRA-Ligue 1,2223,2022-10-09 Angers-Strasbourg,Angers,Yahia Fofana,True,Goalkeeper,1,start,end,1.0,0.0,0.0,0.0,0.0,0.0,0.0,2.0,5.0,12.0,0.0,0.0,0.0,0.0,
FRA-Ligue 1,2223,2022-10-09 Angers-Strasbourg,Strasbourg,Matz Sels,False,Goalkeeper,1,start,end,1.0,0.0,0.0,0.0,0.0,0.0,0.0,2.0,6.0,12.0,0.0,0.0,0.0,0.0,
FRA-Ligue 1,2223,2022-10-09 Brest-Lorient,Brest,Marco Bizot,True,Goalkeeper,1,start,end,1.0,0.0,0.0,0.0,0.0,0.0,0.0,2.0,0.0,12.0,0.0,0.0,0.0,0.0,
FRA-Ligue 1,2223,2022-10-09 Brest-Lorient,Lorient,Yvon Mvogo,False,Goalkeeper,1,start,end,1.0,0.0,0.0,0.0,0.0,0.0,0.0,1.0,0.0,9.0,0.0,0.0,0.0,0.0,
FRA-Ligue 1,2223,2022-10-09 Clermont Foot-AJ Auxerre,AJ Auxerre,Benoit Costil,False,Goalkeeper,1,start,end,1.0,0.0,0.0,0.0,0.0,0.0,0.0,2.0,0.0,8.0,0.0,0.0,0.0,0.0,
FRA-Ligue 1,2223,2022-10-09 Clermont Foot-AJ Auxerre,Clermont Foot,Mory Diaw,True,Goalkeeper,1,start,end,1.0,0.0,0.0,0.0,0.0,0.0,0.0,1.0,0.0,11.0,0.0,0.0,0.0,0.0,
FRA-Ligue 1,2223,2022-10-09 Lille-Lens,Lens,Brice Samba,False,Goalkeeper,1,start,end,1.0,0.0,0.0,0.0,0.0,0.0,0.0,1.0,0.0,11.0,0.0,0.0,0.0,0.0,
FRA-Ligue 1,2223,2022-10-09 Lille-Lens,Lille,Lucas Chevalier,True,Goalkeeper,1,start,end,1.0,0.0,0.0,0.0,0.0,0.0,0.0,0.0,0.0,9.0,0.0,0.0,0.0,0.0,
FRA-Ligue 1,2223,2022-10-09 Montpellier-AS Monaco,AS Monaco,Alexander Nübel,False,Goalkeeper,1,start,end,1.0,0.0,0.0,0.0,0.0,0.0,0.0,0.0,0.0,11.0,0.0,0.0,0.0,0.0,
FRA-Ligue 1,2223,2022-10-09 Montpellier-AS Monaco,Montpellier,Jonas Omlin,True,Goalkeeper,1,start,end,1.0,0.0,0.0,0.0,0.0,0.0,0.0,2.0,0.0,9.0,0.0,0.0,0.0,0.0,
FRA-Ligue 1,2223,2022-10-09 Nice-Troyes,Nice,Kasper Schmeichel,True,Goalkeeper,1,start,end,1.0,0.0,0.0,0.0,0.0,0.0,0.0,2.0,4.0,14.0,0.0,0.0,0.0,0.0,
FRA-Ligue 1,2223,2022-10-09 Nice-Troyes,Troyes,Gauthier Gallon,False,Goalkeeper,1,start,end,1.0,0.0,0.0,0.0,0.0,0.0,0.0,3.0,3.0,11.0,0.0,0.0,0.0,0.0,
FRA-Ligue 1,2223,2022-10-09 Stade Rennais-Nantes,Nantes,Alban Lafont,False,Goalkeeper,1,start,end,1.0,0.0,1.0,0.0,0.0,0.0,0.0,3.0,1.0,12.0,0.0,0.0,0.0,0.0,
FRA-Ligue 1,2223,2022-10-09 Stade Rennais-Nantes,Stade Rennais,Steve Mandanda,True,Goalkeeper,1,start,end,1.0,0.0,1.0,0.0,0.0,0.0,0.0,0.0,3.0,8.0,0.0,0.0,0.0,0.0,
FRA-Ligue 1,2223,2022-10-14 Strasbourg-Lille,Lille,Lucas Chevalier,False,Goalkeeper,1,start,end,1.0,0.0,0.0,0.0,0.0,0.0,0.0,0.0,0.0,12.0,0.0,0.0,0.0,0.0,
FRA-Ligue 1,2223,2022-10-14 Strasbourg-Lille,Strasbourg,Matz Sels,True,Goalkeeper,1,start,end,1.0,0.0,0.0,0.0,0.0,0.0,0.0,3.0,0.0,6.0,0.0,0.0,0.0,0.0,
FRA-Ligue 1,2223,2022-10-15 Lens-Montpellier,Lens,Brice Samba,True,Goalkeeper,1,start,end,1.0,0.0,0.0,0.0,0.0,0.0,0.0,0.0,1.0,8.0,0.0,0.0,0.0,0.0,
FRA-Ligue 1,2223,2022-10-15 Lens-Montpellier,Montpellier,Jonas Omlin,False,Goalkeeper,1,start,end,1.0,0.0,1.0,0.0,0.0,0.0,0.0,1.0,5.0,14.0,0.0,0.0,0.0,0.0,
FRA-Ligue 1,2223,2022-10-15 Lorient-Stade de Reims,Lorient,Yvon Mvogo,True,Goalkeeper,1,start,end,1.0,0.0,0.0,0.0,0.0,0.0,0.0,0.0,2.0,7.0,0.0,0.0,0.0,0.0,
FRA-Ligue 1,2223,2022-10-15 Lorient-Stade de Reims,Stade de Reims,Yehvann Diouf,False,Goalkeeper,1,start,end,1.0,0.0,0.0,0.0,0.0,0.0,0.0,0.0,3.0,10.0,0.0,0.0,0.0,0.0,
FRA-Ligue 1,2223,2022-10-16 AJ Auxerre-Nice,AJ Auxerre,Benoit Costil,True,Goalkeeper,1,start,end,1.0,0.0,0.0,0.0,0.0,0.0,0.0,1.0,0.0,8.0,0.0,0.0,0.0,0.0,
FRA-Ligue 1,2223,2022-10-16 AJ Auxerre-Nice,Nice,Kasper Schmeichel,False,Goalkeeper,1,start,end,1.0,0.0,0.0,0.0,0.0,0.0,0.0,1.0,0.0,9.0,0.0,0.0,0.0,0.0,
FRA-Ligue 1,2223,2022-10-16 AS Monaco-Clermont Foot,AS Monaco,Alexander Nübel,True,Goalkeeper,1,start,end,1.0,0.0,0.0,0.0,0.0,0.0,1.0,1.0,0.0,20.0,0.0,0.0,0.0,0.0,
FRA-Ligue 1,2223,2022-10-16 AS Monaco-Clermont Foot,Clermont Foot,Mory Diaw,False,Goalkeeper,1,start,end,1.0,0.0,0.0,0.0,0.0,0.0,0.0,1.0,0.0,5.0,0.0,0.0,0.0,0.0,
FRA-Ligue 1,2223,2022-10-16 Nantes-Brest,Brest,Marco Bizot,False,Goalkeeper,1,start,end,1.0,0.0,0.0,0.0,0.0,0.0,0.0,4.0,0.0,12.0,0.0,0.0,0.0,0.0,
FRA-Ligue 1,2223,2022-10-16 Nantes-Brest,Nantes,Alban Lafont,True,Goalkeeper,1,start,end,1.0,0.0,0.0,0.0,0.0,0.0,0.0,1.0,0.0,9.0,0.0,0.0,0.0,0.0,
FRA-Ligue 1,2223,2022-10-16 Paris Saint-Germain-Marseille,Marseille,Pau López,False,Goalkeeper,1,start,end,1.0,0.0,0.0,0.0,0.0,0.0,0.0,1.0,8.0,22.0,0.0,0.0,0.0,0.0,
FRA-Ligue 1,2223,2022-10-16 Paris Saint-Germain-Marseille,Paris Saint-Germain,Gianluigi Donnarumma,True,Goalkeeper,1,start,end,1.0,0.0,0.0,0.0,0.0,0.0,0.0,0.0,7.0,18.0,0.0,0.0,0.0,0.0,
FRA-Ligue 1,2223,2022-10-16 Stade Rennais-Lyon,Lyon,Anthony Lopes,False,Goalkeeper,1,start,end,1.0,0.0,0.0,0.0,0.0,0.0,0.0,3.0,0.0,11.0,0.0,0.0,0.0,0.0,
FRA-Ligue 1,2223,2022-10-16 Stade Rennais-Lyon,Stade Rennais,Steve Mandanda,True,Goalkeeper,1,start,end,1.0,0.0,0.0,0.0,0.0,0.0,0.0,2.0,0.0,5.0,0.0,0.0,0.0,0.0,
FRA-Ligue 1,2223,2022-10-16 Toulouse-Angers,Angers,Yahia Fofana,False,Goalkeeper,1,start,end,1.0,0.0,0.0,0.0,0.0,0.0,0.0,3.0,3.0,11.0,0.0,0.0,0.0,0.0,
FRA-Ligue 1,2223,2022-10-16 Toulouse-Angers,Toulouse,Maxime Dupé,True,Goalkeeper,1,start,end,1.0,0.0,1.0,0.0,0.0,0.0,0.0,2.0,3.0,11.0,0.0,0.0,0.0,0.0,
FRA-Ligue 1,2223,2022-10-16 Troyes-AC Ajaccio,AC Ajaccio,Benjamin Leroy,False,Goalkeeper,1,start,end,1.0,0.0,0.0,0.0,0.0,0.0,0.0,1.0,0.0,7.0,0.0,0.0,0.0,0.0,
FRA-Ligue 1,2223,2022-10-16 Troyes-AC Ajaccio,Troyes,Mateusz Lis,True,Goalkeeper,1,start,end,1.0,0.0,0.0,0.0,0.0,0.0,0.0,1.0,0.0,12.0,0.0,0.0,0.0,0.0,
FRA-Ligue 1,2223,2022-10-21 AC Ajaccio-Paris Saint-Germain,AC Ajaccio,Benjamin Leroy,True,Goalkeeper,1,start,end,1.0,0.0,0.0,0.0,0.0,0.0,0.0,3.0,3.0,8.0,0.0,0.0,0.0,0.0,
FRA-Ligue 1,2223,2022-10-21 AC Ajaccio-Paris Saint-Germain,Paris Saint-Germain,Gianluigi Donnarumma,False,Goalkeeper,1,start,end,1.0,0.0,0.0,0.0,0.0,0.0,0.0,0.0,1.0,8.0,0.0,0.0,0.0,0.0,
FRA-Ligue 1,2223,2022-10-22 Marseille-Lens,Lens,Brice Samba,False,Goalkeeper,1,start,end,1.0,0.0,0.0,0.0,0.0,0.0,0.0,0.0,3.0,13.0,0.0,0.0,0.0,0.0,
FRA-Ligue 1,2223,2022-10-22 Marseille-Lens,Marseille,Pau López,True,Goalkeeper,1,start,end,1.0,0.0,0.0,0.0,0.0,0.0,0.0,1.0,4.0,11.0,0.0,0.0,0.0,0.0,
FRA-Ligue 1,2223,2022-10-22 Montpellier-Lyon,Lyon,Anthony Lopes,False,Goalkeeper,1,start,end,1.0,0.0,0.0,0.0,0.0,0.0,0.0,1.0,3.0,9.0,0.0,0.0,0.0,0.0,
FRA-Ligue 1,2223,2022-10-22 Montpellier-Lyon,Montpellier,Jonas Omlin,True,Goalkeeper,1,start,43,1.0,0.0,0.0,0.0,0.0,0.0,0.0,1.0,4.0,7.0,0.0,0.0,0.0,0.0,
FRA-Ligue 1,2223,2022-10-23 Angers-Stade Rennais,Angers,Paul Bernardoni,True,Goalkeeper,1,start,end,1.0,0.0,0.0,0.0,0.0,0.0,0.0,2.0,3.0,11.0,0.0,0.0,0.0,0.0,
FRA-Ligue 1,2223,2022-10-23 Angers-Stade Rennais,Stade Rennais,Steve Mandanda,False,Goalkeeper,1,start,end,1.0,0.0,0.0,0.0,0.0,0.0,0.0,1.0,1.0,6.0,0.0,0.0,0.0,0.0,
FRA-Ligue 1,2223,2022-10-23 Clermont Foot-Brest,Brest,Marco Bizot,False,Goalkeeper,1,start,end,1.0,0.0,0.0,0.0,0.0,0.0,0.0,1.0,3.0,13.0,0.0,0.0,0.0,0.0,
FRA-Ligue 1,2223,2022-10-23 Clermont Foot-Brest,Clermont Foot,Mory Diaw,True,Goalkeeper,1,start,end,1.0,0.0,1.0,0.0,0.0,0.0,0.0,3.0,8.0,16.0,0.0,0.0,0.0,0.0,
FRA-Ligue 1,2223,2022-10-23 Lille-AS Monaco,AS Monaco,Alexander Nübel,False,Goalkeeper,1,start,end,1.0,0.0,0.0,0.0,0.0,0.0,0.0,4.0,3.0,16.0,0.0,0.0,0.0,0.0,
FRA-Ligue 1,2223,2022-10-23 Lille-AS Monaco,Lille,Lucas Chevalier,True,Goalkeeper,1,start,end,1.0,0.0,0.0,0.0,0.0,0.0,0.0,3.0,3.0,3.0,0.0,0.0,0.0,0.0,
FRA-Ligue 1,2223,2022-10-23 Nice-Nantes,Nantes,Alban Lafont,False,Goalkeeper,1,start,end,1.0,0.0,0.0,0.0,1.0,0.0,1.0,1.0,4.0,10.0,0.0,0.0,0.0,0.0,
FRA-Ligue 1,2223,2022-10-23 Nice-Nantes,Nice,Kasper Schmeichel,True,Goalkeeper,1,start,end,1.0,0.0,0.0,0.0,0.0,0.0,0.0,1.0,3.0,10.0,0.0,0.0,0.0,0.0,
FRA-Ligue 1,2223,2022-10-23 Stade de Reims-AJ Auxerre,AJ Auxerre,Benoit Costil,False,Goalkeeper,1,start,end,1.0,0.0,0.0,0.0,0.0,0.0,0.0,2.0,8.0,17.0,0.0,0.0,0.0,0.0,
FRA-Ligue 1,2223,2022-10-23 Stade de Reims-AJ Auxerre,Stade de Reims,Yehvann Diouf,True,Goalkeeper,1,start,end,1.0,0.0,0.0,0.0,0.0,0.0,1.0,1.0,1.0,8.0,0.0,0.0,0.0,0.0,
FRA-Ligue 1,2223,2022-10-23 Toulouse-Strasbourg,Strasbourg,Matz Sels,False,Goalkeeper,1,start,end,1.0,0.0,0.0,0.0,0.0,0.0,0.0,2.0,4.0,15.0,0.0,0.0,0.0,0.0,
FRA-Ligue 1,2223,2022-10-23 Toulouse-Strasbourg,Toulouse,Maxime Dupé,True,Goalkeeper,1,start,end,1.0,0.0,1.0,0.0,0.0,0.0,0.0,2.0,2.0,8.0,0.0,0.0,0.0,0.0,
FRA-Ligue 1,2223,2022-10-23 Troyes-Lorient,Lorient,Yvon Mvogo,False,Goalkeeper,1,start,end,1.0,0.0,1.0,0.0,0.0,0.0,0.0,1.0,3.0,12.0,0.0,0.0,0.0,0.0,
FRA-Ligue 1,2223,2022-10-23 Troyes-Lorient,Troyes,Mateusz Lis,True,Goalkeeper,1,start,end,1.0,1.0,1.0,0.0,0.0,0.0,1.0,2.0,3.0,19.0,0.0,0.0,0.0,0.0,
FRA-Ligue 1,2223,2022-10-28 Lens-Toulouse,Lens,Brice Samba,True,Goalkeeper,1,start,end,1.0,0.0,0.0,0.0,0.0,0.0,0.0,0.0,0.0,9.0,0.0,0.0,0.0,0.0,
FRA-Ligue 1,2223,2022-10-28 Lens-Toulouse,Toulouse,Maxime Dupé,False,Goalkeeper,1,start,end,1.0,0.0,0.0,0.0,0.0,0.0,0.0,3.0,4.0,9.0,0.0,0.0,0.0,0.0,
FRA-Ligue 1,2223,2022-10-29 Paris Saint-Germain-Troyes,Paris Saint-Germain,Gianluigi Donnarumma,True,Goalkeeper,1,start,end,1.0,0.0,0.0,0.0,0.0,0.0,0.0,3.0,2.0,12.0,0.0,0.0,0.0,0.0,
FRA-Ligue 1,2223,2022-10-29 Paris Saint-Germain-Troyes,Troyes,Gauthier Gallon,False,Goalkeeper,1,start,end,1.0,1.0,0.0,0.0,0.0,0.0,1.0,4.0,8.0,15.0,0.0,0.0,0.0,0.0,
FRA-Ligue 1,2223,2022-10-29 Strasbourg-Marseille,Marseille,Pau López,False,Goalkeeper,1,start,end,1.0,0.0,0.0,0.0,0.0,0.0,0.0,2.0,3.0,9.0,1.0,0.0,0.0,0.0,
FRA-Ligue 1,2223,2022-10-29 Strasbourg-Marseille,Strasbourg,Matz Sels,True,Goalkeeper,1,start,end,1.0,0.0,0.0,0.0,0.0,0.0,0.0,2.0,2.0,11.0,0.0,0.0,0.0,0.0,
FRA-Ligue 1,2223,2022-10-30 AJ Auxerre-AC Ajaccio,AC Ajaccio,Benjamin Leroy,False,Goalkeeper,1,start,end,1.0,0.0,0.0,0.0,0.0,0.0,0.0,1.0,4.0,17.0,0.0,0.0,0.0,0.0,
FRA-Ligue 1,2223,2022-10-30 AJ Auxerre-AC Ajaccio,AJ Auxerre,Benoit Costil,True,Goalkeeper,1,start,end,1.0,0.0,0.0,0.0,0.0,0.0,0.0,0.0,1.0,4.0,0.0,0.0,0.0,0.0,
FRA-Ligue 1,2223,2022-10-30 AS Monaco-Angers,AS Monaco,Alexander Nübel,True,Goalkeeper,1,start,end,1.0,0.0,0.0,0.0,0.0,0.0,0.0,0.0,3.0,6.0,0.0,0.0,0.0,0.0,
FRA-Ligue 1,2223,2022-10-30 AS Monaco-Angers,Angers,Yahia Fofana,False,Goalkeeper,1,start,end,1.0,0.0,0.0,0.0,0.0,0.0,0.0,2.0,2.0,5.0,0.0,0.0,0.0,0.0,
FRA-Ligue 1,2223,2022-10-30 Brest-Stade de Reims,Brest,Joaquín Blázquez,True,Goalkeeper,1,start,end,1.0,0.0,0.0,0.0,0.0,0.0,0.0,0.0,3.0,11.0,0.0,0.0,0.0,0.0,
FRA-Ligue 1,2223,2022-10-30 Brest-Stade de Reims,Stade de Reims,Yehvann Diouf,False,Goalkeeper,1,start,end,1.0,0.0,1.0,0.0,0.0,0.0,0.0,0.0,4.0,12.0,0.0,0.0,0.0,0.0,
FRA-Ligue 1,2223,2022-10-30 Lorient-Nice,Lorient,Yvon Mvogo,True,Goalkeeper,1,start,end,1.0,0.0,0.0,0.0,0.0,0.0,0.0,2.0,5.0,15.0,0.0,0.0,0.0,0.0,
FRA-Ligue 1,2223,2022-10-30 Lorient-Nice,Nice,Kasper Schmeichel,False,Goalkeeper,1,start,end,1.0,0.0,0.0,0.0,0.0,0.0,0.0,1.0,6.0,13.0,0.0,0.0,0.0,0.0,
FRA-Ligue 1,2223,2022-10-30 Lyon-Lille,Lille,Lucas Chevalier,False,Goalkeeper,1,start,end,1.0,0.0,0.0,0.0,0.0,0.0,0.0,1.0,2.0,5.0,0.0,0.0,0.0,0.0,
FRA-Ligue 1,2223,2022-10-30 Lyon-Lille,Lyon,Anthony Lopes,True,Goalkeeper,1,start,end,1.0,0.0,0.0,0.0,0.0,0.0,0.0,0.0,5.0,15.0,0.0,0.0,0.0,0.0,
FRA-Ligue 1,2223,2022-10-30 Nantes-Clermont Foot,Clermont Foot,Mory Diaw,False,Goalkeeper,1,start,end,1.0,0.0,0.0,0.0,0.0,0.0,0.0,1.0,3.0,13.0,0.0,0.0,0.0,0.0,
FRA-Ligue 1,2223,2022-10-30 Nantes-Clermont Foot,Nantes,Rémy Descamps,True,Goalkeeper,1,start,end,1.0,0.0,0.0,0.0,0.0,0.0,0.0,1.0,5.0,9.0,0.0,0.0,0.0,0.0,
FRA-Ligue 1,2223,2022-10-30 Stade Rennais-Montpellier,Montpellier,Bingourou Kamara,False,Goalkeeper,1,start,end,1.0,0.0,0.0,0.0,0.0,0.0,0.0,3.0,1.0,11.0,0.0,0.0,0.0,0.0,
FRA-Ligue 1,2223,2022-10-30 Stade Rennais-Montpellier,Stade Rennais,Steve Mandanda,True,Goalkeeper,1,start,end,1.0,0.0,0.0,0.0,0.0,0.0,0.0,0.0,3.0,7.0,0.0,0.0,0.0,0.0,
FRA-Ligue 1,2223,2022-11-04 Troyes-AJ Auxerre,AJ Auxerre,Benoit Costil,False,Goalkeeper,1,start,end,1.0,0.0,0.0,0.0,0.0,0.0,0.0,1.0,4.0,17.0,0.0,0.0,0.0,0.0,
FRA-Ligue 1,2223,2022-11-04 Troyes-AJ Auxerre,Troyes,Gauthier Gallon,True,Goalkeeper,1,start,end,1.0,0.0,0.0,0.0,0.0,0.0,0.0,1.0,1.0,12.0,0.0,0.0,0.0,0.0,
FRA-Ligue 1,2223,2022-11-05 AC Ajaccio-Strasbourg,AC Ajaccio,Benjamin Leroy,True,Goalkeeper,1,start,end,1.0,0.0,1.0,0.0,0.0,0.0,0.0,2.0,3.0,7.0,0.0,0.0,0.0,0.0,
FRA-Ligue 1,2223,2022-11-05 AC Ajaccio-Strasbourg,Strasbourg,Matz Sels,False,Goalkeeper,1,start,end,1.0,0.0,0.0,0.0,0.0,0.0,0.0,4.0,3.0,8.0,0.0,0.0,0.0,0.0,
FRA-Ligue 1,2223,2022-11-05 Angers-Lens,Angers,Yahia Fofana,True,Goalkeeper,1,start,end,1.0,0.0,0.0,0.0,0.0,0.0,0.0,2.0,2.0,10.0,0.0,0.0,0.0,0.0,
FRA-Ligue 1,2223,2022-11-05 Angers-Lens,Lens,Brice Samba,False,Goalkeeper,1,start,end,1.0,0.0,1.0,0.0,0.0,0.0,1.0,1.0,2.0,5.0,0.0,0.0,0.0,0.0,
FRA-Ligue 1,2223,2022-11-06 Clermont Foot-Montpellier,Clermont Foot,Mory Diaw,True,Goalkeeper,1,start,end,1.0,0.0,0.0,0.0,0.0,0.0,0.0,1.0,2.0,6.0,0.0,0.0,0.0,0.0,
FRA-Ligue 1,2223,2022-11-06 Clermont Foot-Montpellier,Montpellier,Bingourou Kamara,False,Goalkeeper,1,start,end,1.0,0.0,1.0,0.0,0.0,0.0,0.0,1.0,5.0,13.0,0.0,0.0,0.0,0.0,
FRA-Ligue 1,2223,2022-11-06 Lille-Stade Rennais,Lille,Lucas Chevalier,True,Goalkeeper,1,start,end,1.0,0.0,1.0,0.0,0.0,0.0,0.0,1.0,1.0,2.0,0.0,0.0,0.0,0.0,
FRA-Ligue 1,2223,2022-11-06 Lille-Stade Rennais,Stade Rennais,Steve Mandanda,False,Goalkeeper,1,start,end,1.0,0.0,0.0,0.0,0.0,0.0,0.0,1.0,6.0,17.0,0.0,0.0,0.0,0.0,
FRA-Ligue 1,2223,2022-11-06 Lorient-Paris Saint-Germain,Lorient,Yvon Mvogo,True,Goalkeeper,1,start,13,1.0,0.0,0.0,0.0,0.0,0.0,0.0,1.0,1.0,1.0,0.0,0.0,0.0,0.0,
FRA-Ligue 1,2223,2022-11-06 Lorient-Paris Saint-Germain,Paris Saint-Germain,Gianluigi Donnarumma,False,Goalkeeper,1,start,end,1.0,0.0,0.0,0.0,0.0,0.0,0.0,1.0,1.0,10.0,0.0,0.0,0.0,0.0,
FRA-Ligue 1,2223,2022-11-06 Marseille-Lyon,Lyon,Anthony Lopes,False,Goalkeeper,1,start,end,1.0,0.0,0.0,0.0,0.0,0.0,0.0,1.0,1.0,5.0,0.0,0.0,0.0,0.0,
FRA-Ligue 1,2223,2022-11-06 Marseille-Lyon,Marseille,Pau López,True,Goalkeeper,1,start,end,1.0,0.0,0.0,0.0,0.0,0.0,0.0,0.0,4.0,11.0,0.0,0.0,0.0,0.0,
FRA-Ligue 1,2223,2022-11-06 Nice-Brest,Brest,Marco Bizot,False,Goalkeeper,1,start,end,1.0,0.0,0.0,0.0,0.0,0.0,0.0,1.0,8.0,13.0,0.0,0.0,0.0,0.0,
FRA-Ligue 1,2223,2022-11-06 Nice-Brest,Nice,Kasper Schmeichel,True,Goalkeeper,1,start,end,1.0,0.0,0.0,0.0,0.0,0.0,0.0,0.0,2.0,12.0,0.0,0.0,0.0,0.0,
FRA-Ligue 1,2223,2022-11-06 Stade de Reims-Nantes,Nantes,Alban Lafont,False,Goalkeeper,1,start,end,1.0,0.0,0.0,0.0,0.0,0.0,0.0,1.0,9.0,18.0,0.0,0.0,0.0,0.0,
FRA-Ligue 1,2223,2022-11-06 Stade de Reims-Nantes,Stade de Reims,Yehvann Diouf,True,Goalkeeper,1,start,end,1.0,0.0,0.0,0.0,0.0,0.0,0.0,0.0,4.0,13.0,0.0,0.0,0.0,0.0,
FRA-Ligue 1,2223,2022-11-06 Toulouse-AS Monaco,AS Monaco,Alexander Nübel,False,Goalkeeper,1,start,end,1.0,0.0,1.0,0.0,0.0,0.0,0.0,0.0,5.0,13.0,0.0,0.0,0.0,0.0,
FRA-Ligue 1,2223,2022-11-06 Toulouse-AS Monaco,Toulouse,Maxime Dupé,True,Goalkeeper,1,start,end,1.0,0.0,0.0,0.0,0.0,0.0,0.0,2.0,8.0,22.0,0.0,0.0,0.0,0.0,
FRA-Ligue 1,2223,2022-11-11 Lyon-Nice,Lyon,Anthony Lopes,True,Goalkeeper,1,start,end,1.0,0.0,0.0,0.0,0.0,0.0,0.0,1.0,2.0,12.0,0.0,0.0,0.0,0.0,
FRA-Ligue 1,2223,2022-11-11 Lyon-Nice,Nice,Kasper Schmeichel,False,Goalkeeper,1,start,end,1.0,0.0,0.0,0.0,0.0,0.0,0.0,1.0,2.0,7.0,0.0,0.0,0.0,0.0,
FRA-Ligue 1,2223,2022-11-12 Lens-Clermont Foot,Clermont Foot,Mory Diaw,False,Goalkeeper,1,start,end,1.0,0.0,1.0,0.0,0.0,0.0,0.0,2.0,1.0,13.0,0.0,0.0,0.0,0.0,
FRA-Ligue 1,2223,2022-11-12 Lens-Clermont Foot,Lens,Brice Samba,True,Goalkeeper,1,start,end,1.0,0.0,0.0,0.0,0.0,0.0,0.0,0.0,2.0,3.0,0.0,0.0,0.0,0.0,
FRA-Ligue 1,2223,2022-11-12 Stade Rennais-Toulouse,Stade Rennais,Steve Mandanda,True,Goalkeeper,1,start,end,1.0,0.0,0.0,0.0,0.0,0.0,0.0,1.0,3.0,9.0,0.0,0.0,0.0,0.0,
FRA-Ligue 1,2223,2022-11-12 Stade Rennais-Toulouse,Toulouse,Maxime Dupé,False,Goalkeeper,1,start,end,1.0,0.0,0.0,0.0,0.0,0.0,0.0,2.0,6.0,15.0,0.0,0.0,0.0,0.0,
FRA-Ligue 1,2223,2022-11-13 AS Monaco-Marseille,AS Monaco,Alexander Nübel,True,Goalkeeper,1,start,end,1.0,0.0,0.0,0.0,0.0,0.0,0.0,3.0,0.0,8.0,0.0,0.0,0.0,0.0,
FRA-Ligue 1,2223,2022-11-13 AS Monaco-Marseille,Marseille,Pau López,False,Goalkeeper,1,start,end,1.0,0.0,1.0,0.0,0.0,0.0,0.0,2.0,5.0,9.0,0.0,0.0,0.0,0.0,
FRA-Ligue 1,2223,2022-11-13 Brest-Troyes,Brest,Marco Bizot,True,Goalkeeper,1,start,end,1.0,0.0,0.0,0.0,0.0,0.0,1.0,0.0,2.0,8.0,0.0,0.0,0.0,0.0,
FRA-Ligue 1,2223,2022-11-13 Brest-Troyes,Troyes,Mateusz Lis,False,Goalkeeper,1,start,end,1.0,0.0,0.0,0.0,0.0,0.0,0.0,2.0,3.0,13.0,0.0,0.0,0.0,0.0,
FRA-Ligue 1,2223,2022-11-13 Lille-Angers,Angers,Yahia Fofana,False,Goalkeeper,1,start,end,1.0,0.0,0.0,0.0,0.0,0.0,0.0,1.0,3.0,8.0,0.0,0.0,0.0,0.0,
FRA-Ligue 1,2223,2022-11-13 Lille-Angers,Lille,Lucas Chevalier,True,Goalkeeper,1,start,end,1.0,0.0,0.0,0.0,0.0,0.0,0.0,0.0,2.0,7.0,0.0,0.0,0.0,0.0,
FRA-Ligue 1,2223,2022-11-13 Montpellier-Stade de Reims,Montpellier,Jonas Omlin,True,Goalkeeper,1,start,end,1.0,0.0,0.0,0.0,0.0,0.0,0.0,1.0,4.0,15.0,0.0,0.0,0.0,0.0,
FRA-Ligue 1,2223,2022-11-13 Montpellier-Stade de Reims,Stade de Reims,Yehvann Diouf,False,Goalkeeper,1,start,end,1.0,0.0,0.0,0.0,0.0,0.0,1.0,1.0,7.0,15.0,0.0,0.0,0.0,0.0,
FRA-Ligue 1,2223,2022-11-13 Nantes-AC Ajaccio,AC Ajaccio,Benjamin Leroy,False,Goalkeeper,1,start,end,1.0,0.0,0.0,0.0,0.0,0.0,0.0,2.0,3.0,13.0,0.0,0.0,0.0,0.0,
FRA-Ligue 1,2223,2022-11-13 Nantes-AC Ajaccio,Nantes,Alban Lafont,True,Goalkeeper,1,start,end,1.0,0.0,1.0,0.0,0.0,0.0,0.0,2.0,2.0,10.0,0.0,0.0,0.0,0.0,
FRA-Ligue 1,2223,2022-11-13 Paris Saint-Germain-AJ Auxerre,AJ Auxerre,Benoit Costil,False,Goalkeeper,1,start,end,1.0,0.0,0.0,0.0,0.0,0.0,0.0,5.0,1.0,4.0,0.0,0.0,0.0,0.0,
FRA-Ligue 1,2223,2022-11-13 Paris Saint-Germain-AJ Auxerre,Paris Saint-Germain,Gianluigi Donnarumma,True,Goalkeeper,1,start,end,1.0,0.0,0.0,0.0,0.0,0.0,0.0,0.0,3.0,10.0,0.0,0.0,0.0,0.0,
FRA-Ligue 1,2223,2022-11-13 Strasbourg-Lorient,Lorient,Vito Mannone,False,Goalkeeper,1,start,end,1.0,0.0,0.0,0.0,0.0,0.0,0.0,1.0,3.0,17.0,0.0,0.0,0.0,0.0,
FRA-Ligue 1,2223,2022-11-13 Strasbourg-Lorient,Strasbourg,Matz Sels,True,Goalkeeper,1,start,end,1.0,0.0,0.0,0.0,0.0,0.0,0.0,1.0,1.0,5.0,0.0,0.0,0.0,0.0,
FRA-Ligue 1,2223,2022-12-28 AC Ajaccio-Angers,AC Ajaccio,Benjamin Leroy,True,Goalkeeper,1,start,end,1.0,0.0,0.0,0.0,0.0,0.0,0.0,0.0,5.0,14.0,0.0,0.0,0.0,0.0,
FRA-Ligue 1,2223,2022-12-28 AC Ajaccio-Angers,Angers,Paul Bernardoni,False,Goalkeeper,1,start,end,1.0,1.0,0.0,0.0,0.0,0.0,0.0,1.0,2.0,10.0,0.0,0.0,0.0,0.0,
FRA-Ligue 1,2223,2022-12-28 AJ Auxerre-AS Monaco,AJ Auxerre,Benoit Costil,True,Goalkeeper,1,start,end,1.0,0.0,0.0,0.0,0.0,0.0,0.0,3.0,0.0,3.0,0.0,0.0,0.0,0.0,
FRA-Ligue 1,2223,2022-12-28 AJ Auxerre-AS Monaco,AS Monaco,Alexander Nübel,False,Goalkeeper,1,start,end,1.0,0.0,0.0,0.0,0.0,0.0,0.0,1.0,5.0,10.0,0.0,0.0,0.0,0.0,
FRA-Ligue 1,2223,2022-12-28 Brest-Lyon,Brest,Marco Bizot,True,Goalkeeper,1,start,end,1.0,0.0,0.0,0.0,0.0,0.0,0.0,4.0,6.0,13.0,0.0,0.0,0.0,0.0,
FRA-Ligue 1,2223,2022-12-28 Brest-Lyon,Lyon,Anthony Lopes,False,Goalkeeper,1,start,end,1.0,0.0,0.0,0.0,0.0,0.0,0.0,2.0,3.0,14.0,0.0,0.0,0.0,0.0,
FRA-Ligue 1,2223,2022-12-28 Clermont Foot-Lille,Clermont Foot,Mory Diaw,True,Goalkeeper,1,start,end,1.0,0.0,0.0,0.0,0.0,0.0,0.0,2.0,1.0,12.0,0.0,0.0,0.0,0.0,
FRA-Ligue 1,2223,2022-12-28 Clermont Foot-Lille,Lille,Lucas Chevalier,False,Goalkeeper,1,start,end,1.0,0.0,0.0,0.0,0.0,0.0,0.0,0.0,3.0,9.0,0.0,0.0,0.0,0.0,
FRA-Ligue 1,2223,2022-12-28 Paris Saint-Germain-Strasbourg,Paris Saint-Germain,Gianluigi Donnarumma,True,Goalkeeper,1,start,end,1.0,0.0,0.0,0.0,0.0,0.0,0.0,0.0,3.0,12.0,0.0,0.0,0.0,0.0,
FRA-Ligue 1,2223,2022-12-28 Paris Saint-Germain-Strasbourg,Strasbourg,Matz Sels,False,Goalkeeper,1,start,end,1.0,0.0,0.0,0.0,0.0,0.0,0.0,2.0,4.0,8.0,0.0,0.0,0.0,0.0,
FRA-Ligue 1,2223,2022-12-28 Troyes-Nantes,Nantes,Alban Lafont,False,Goalkeeper,1,start,end,1.0,0.0,0.0,0.0,0.0,0.0,0.0,0.0,2.0,6.0,0.0,0.0,0.0,0.0,
FRA-Ligue 1,2223,2022-12-28 Troyes-Nantes,Troyes,Mateusz Lis,True,Goalkeeper,1,start,end,1.0,0.0,0.0,0.0,0.0,0.0,0.0,0.0,5.0,18.0,0.0,0.0,0.0,0.0,
FRA-Ligue 1,2223,2022-12-29 Lorient-Montpellier,Lorient,Vito Mannone,True,Goalkeeper,1,start,end,1.0,0.0,0.0,0.0,0.0,0.0,0.0,2.0,4.0,12.0,0.0,0.0,0.0,0.0,
FRA-Ligue 1,2223,2022-12-29 Lorient-Montpellier,Montpellier,Jonas Omlin,False,Goalkeeper,1,start,end,1.0,0.0,0.0,0.0,0.0,0.0,1.0,0.0,4.0,12.0,0.0,0.0,0.0,0.0,
FRA-Ligue 1,2223,2022-12-29 Marseille-Toulouse,Marseille,Pau López,True,Goalkeeper,1,start,end,1.0,0.0,0.0,0.0,0.0,0.0,0.0,1.0,4.0,8.0,0.0,0.0,0.0,0.0,
FRA-Ligue 1,2223,2022-12-29 Marseille-Toulouse,Toulouse,Maxime Dupé,False,Goalkeeper,1,start,end,1.0,0.0,0.0,0.0,0.0,0.0,0.0,5.0,2.0,8.0,0.0,0.0,0.0,0.0,
FRA-Ligue 1,2223,2022-12-29 Nice-Lens,Lens,Brice Samba,False,Goalkeeper,1,start,end,1.0,0.0,0.0,0.0,0.0,0.0,0.0,0.0,5.0,9.0,0.0,0.0,0.0,0.0,
FRA-Ligue 1,2223,2022-12-29 Nice-Lens,Nice,Kasper Schmeichel,True,Goalkeeper,1,start,end,1.0,0.0,0.0,0.0,0.0,0.0,0.0,0.0,2.0,10.0,0.0,0.0,0.0,0.0,
FRA-Ligue 1,2223,2022-12-29 Stade de Reims-Stade Rennais,Stade Rennais,Steve Mandanda,False,Goalkeeper,1,start,end,1.0,0.0,0.0,0.0,0.0,0.0,0.0,3.0,1.0,7.0,0.0,0.0,0.0,0.0,
FRA-Ligue 1,2223,2022-12-29 Stade de Reims-Stade Rennais,Stade de Reims,Yehvann Diouf,True,Goalkeeper,1,start,end,1.0,0.0,0.0,0.0,0.0,0.0,0.0,1.0,4.0,8.0,0.0,0.0,0.0,0.0,
FRA-Ligue 1,2223,2023-01-01 AS Monaco-Brest,AS Monaco,Alexander Nübel,True,Goalkeeper,1,start,end,1.0,0.0,0.0,0.0,0.0,0.0,0.0,0.0,6.0,12.0,0.0,0.0,0.0,0.0,
FRA-Ligue 1,2223,2023-01-01 AS Monaco-Brest,Brest,Marco Bizot,False,Goalkeeper,1,start,end,1.0,0.0,0.0,0.0,0.0,0.0,0.0,1.0,4.0,16.0,0.0,0.0,0.0,0.0,
FRA-Ligue 1,2223,2023-01-01 Angers-Lorient,Angers,Paul Bernardoni,True,Goalkeeper,1,start,end,1.0,0.0,0.0,0.0,0.0,0.0,0.0,1.0,4.0,9.0,0.0,0.0,0.0,0.0,
FRA-Ligue 1,2223,2023-01-01 Angers-Lorient,Lorient,Vito Mannone,False,Goalkeeper,1,start,end,1.0,0.0,0.0,0.0,0.0,0.0,0.0,1.0,5.0,14.0,0.0,0.0,0.0,0.0,
FRA-Ligue 1,2223,2023-01-01 Lens-Paris Saint-Germain,Lens,Brice Samba,True,Goalkeeper,1,start,end,1.0,0.0,0.0,0.0,0.0,0.0,0.0,1.0,5.0,15.0,0.0,0.0,0.0,0.0,
FRA-Ligue 1,2223,2023-01-01 Lens-Paris Saint-Germain,Paris Saint-Germain,Gianluigi Donnarumma,False,Goalkeeper,1,start,end,1.0,0.0,0.0,0.0,0.0,0.0,0.0,3.0,1.0,7.0,0.0,0.0,0.0,0.0,
FRA-Ligue 1,2223,2023-01-01 Lyon-Clermont Foot,Clermont Foot,Mory Diaw,False,Goalkeeper,1,start,end,1.0,0.0,0.0,0.0,0.0,0.0,0.0,0.0,3.0,13.0,0.0,0.0,0.0,0.0,
FRA-Ligue 1,2223,2023-01-01 Lyon-Clermont Foot,Lyon,Anthony Lopes,True,Goalkeeper,1,start,end,1.0,0.0,0.0,0.0,0.0,0.0,0.0,1.0,3.0,12.0,0.0,0.0,0.0,0.0,
FRA-Ligue 1,2223,2023-01-01 Nantes-AJ Auxerre,AJ Auxerre,Benoit Costil,False,Goalkeeper,1,start,end,1.0,0.0,0.0,0.0,0.0,0.0,0.0,1.0,2.0,9.0,0.0,0.0,0.0,0.0,
FRA-Ligue 1,2223,2023-01-01 Nantes-AJ Auxerre,Nantes,Alban Lafont,True,Goalkeeper,1,start,end,1.0,0.0,0.0,0.0,0.0,0.0,0.0,0.0,6.0,12.0,0.0,0.0,0.0,0.0,
FRA-Ligue 1,2223,2023-01-01 Toulouse-AC Ajaccio,AC Ajaccio,Benjamin Leroy,False,Goalkeeper,1,start,end,1.0,0.0,0.0,0.0,0.0,0.0,0.0,2.0,2.0,9.0,0.0,0.0,0.0,0.0,
FRA-Ligue 1,2223,2023-01-01 Toulouse-AC Ajaccio,Toulouse,Maxime Dupé,True,Goalkeeper,1,start,end,1.0,0.0,0.0,0.0,0.0,0.0,0.0,0.0,0.0,1.0,0.0,0.0,0.0,0.0,
FRA-Ligue 1,2223,2023-01-02 Lille-Stade de Reims,Lille,Lucas Chevalier,True,Goalkeeper,1,start,end,1.0,0.0,0.0,0.0,0.0,0.0,0.0,1.0,5.0,7.0,0.0,0.0,0.0,0.0,
FRA-Ligue 1,2223,2023-01-02 Lille-Stade de Reims,Stade de Reims,Yehvann Diouf,False,Goalkeeper,1,start,end,1.0,0.0,0.0,0.0,0.0,0.0,0.0,1.0,4.0,14.0,0.0,0.0,0.0,0.0,
FRA-Ligue 1,2223,2023-01-02 Montpellier-Marseille,Marseille,Pau López,False,Goalkeeper,1,start,end,1.0,1.0,1.0,0.0,0.0,0.0,1.0,1.0,0.0,5.0,0.0,0.0,0.0,0.0,
FRA-Ligue 1,2223,2023-01-02 Montpellier-Marseille,Montpellier,Jonas Omlin,True,Goalkeeper,1,start,end,1.0,0.0,1.0,0.0,0.0,0.0,0.0,1.0,7.0,15.0,0.0,0.0,0.0,0.0,
FRA-Ligue 1,2223,2023-01-02 Stade Rennais-Nice,Nice,Kasper Schmeichel,False,Goalkeeper,1,start,end,1.0,0.0,0.0,0.0,0.0,0.0,0.0,2.0,3.0,18.0,0.0,0.0,0.0,0.0,
FRA-Ligue 1,2223,2023-01-02 Stade Rennais-Nice,Stade Rennais,Steve Mandanda,True,Goalkeeper,1,start,end,1.0,0.0,0.0,0.0,0.0,0.0,0.0,1.0,2.0,5.0,0.0,0.0,0.0,0.0,
FRA-Ligue 1,2223,2023-01-02 Strasbourg-Troyes,Strasbourg,Matz Sels,True,Goalkeeper,1,start,end,1.0,0.0,0.0,0.0,0.0,0.0,0.0,3.0,2.0,5.0,0.0,0.0,0.0,0.0,
FRA-Ligue 1,2223,2023-01-02 Strasbourg-Troyes,Troyes,Mateusz Lis,False,Goalkeeper,1,start,end,1.0,0.0,1.0,0.0,0.0,0.0,0.0,2.0,5.0,14.0,0.0,0.0,0.0,0.0,
FRA-Ligue 1,2223,2023-01-11 AC Ajaccio-Stade de Reims,AC Ajaccio,Benjamin Leroy,True,Goalkeeper,1,start,end,1.0,0.0,0.0,0.0,0.0,0.0,0.0,1.0,0.0,7.0,0.0,0.0,0.0,0.0,
FRA-Ligue 1,2223,2023-01-11 AC Ajaccio-Stade de Reims,Stade de Reims,Yehvann Diouf,False,Goalkeeper,1,start,end,1.0,0.0,1.0,0.0,0.0,0.0,0.0,0.0,1.0,10.0,0.0,0.0,0.0,0.0,
FRA-Ligue 1,2223,2023-01-11 AJ Auxerre-Toulouse,AJ Auxerre,Benoit Costil,True,Goalkeeper,1,start,end,1.0,0.0,0.0,0.0,0.0,0.0,0.0,5.0,2.0,5.0,0.0,0.0,0.0,0.0,
FRA-Ligue 1,2223,2023-01-11 AJ Auxerre-Toulouse,Toulouse,Maxime Dupé,False,Goalkeeper,1,start,end,1.0,0.0,0.0,0.0,0.0,0.0,0.0,0.0,4.0,18.0,0.0,0.0,0.0,0.0,
FRA-Ligue 1,2223,2023-01-11 Brest-Lille,Brest,Marco Bizot,True,Goalkeeper,1,start,end,1.0,0.0,0.0,0.0,0.0,0.0,0.0,0.0,4.0,11.0,0.0,0.0,0.0,0.0,
FRA-Ligue 1,2223,2023-01-11 Brest-Lille,Lille,Lucas Chevalier,False,Goalkeeper,1,start,end,1.0,0.0,0.0,0.0,0.0,0.0,0.0,0.0,0.0,5.0,0.0,0.0,0.0,0.0,
FRA-Ligue 1,2223,2023-01-11 Clermont Foot-Stade Rennais,Clermont Foot,Mory Diaw,True,Goalkeeper,1,start,end,1.0,0.0,0.0,0.0,0.0,0.0,0.0,1.0,1.0,8.0,0.0,0.0,0.0,0.0,
FRA-Ligue 1,2223,2023-01-11 Clermont Foot-Stade Rennais,Stade Rennais,Steve Mandanda,False,Goalkeeper,1,start,end,1.0,0.0,0.0,0.0,0.0,0.0,0.0,2.0,3.0,9.0,0.0,0.0,0.0,0.0,
FRA-Ligue 1,2223,2023-01-11 Lorient-AS Monaco,AS Monaco,Alexander Nübel,False,Goalkeeper,1,start,end,1.0,0.0,0.0,0.0,0.0,0.0,0.0,2.0,4.0,6.0,0.0,0.0,0.0,0.0,
FRA-Ligue 1,2223,2023-01-11 Lorient-AS Monaco,Lorient,Vito Mannone,True,Goalkeeper,1,start,end,1.0,0.0,0.0,0.0,0.0,0.0,0.0,2.0,2.0,13.0,0.0,0.0,0.0,0.0,
FRA-Ligue 1,2223,2023-01-11 Nantes-Lyon,Lyon,Anthony Lopes,False,Goalkeeper,1,start,end,1.0,0.0,0.0,0.0,0.0,0.0,0.0,0.0,5.0,13.0,0.0,0.0,0.0,0.0,
FRA-Ligue 1,2223,2023-01-11 Nantes-Lyon,Nantes,Alban Lafont,True,Goalkeeper,1,start,end,1.0,0.0,0.0,0.0,0.0,0.0,0.0,0.0,6.0,8.0,0.0,0.0,0.0,0.0,
FRA-Ligue 1,2223,2023-01-11 Nice-Montpellier,Montpellier,Jonas Omlin,False,Goalkeeper,1,start,end,1.0,0.0,0.0,0.0,0.0,0.0,0.0,6.0,4.0,9.0,0.0,0.0,0.0,0.0,
FRA-Ligue 1,2223,2023-01-11 Nice-Montpellier,Nice,Kasper Schmeichel,True,Goalkeeper,1,start,end,1.0,0.0,0.0,0.0,0.0,0.0,0.0,1.0,1.0,3.0,0.0,0.0,0.0,0.0,
FRA-Ligue 1,2223,2023-01-11 Paris Saint-Germain-Angers,Angers,Paul Bernardoni,False,Goalkeeper,1,start,end,1.0,0.0,0.0,0.0,0.0,0.0,0.0,2.0,4.0,7.0,0.0,0.0,0.0,0.0,
FRA-Ligue 1,2223,2023-01-11 Paris Saint-Germain-Angers,Paris Saint-Germain,Gianluigi Donnarumma,True,Goalkeeper,1,start,end,1.0,0.0,0.0,0.0,0.0,0.0,0.0,0.0,0.0,6.0,0.0,0.0,0.0,0.0,
FRA-Ligue 1,2223,2023-01-11 Strasbourg-Lens,Lens,Brice Samba,False,Goalkeeper,1,start,end,1.0,0.0,0.0,0.0,0.0,0.0,0.0,2.0,4.0,7.0,0.0,0.0,0.0,0.0,
FRA-Ligue 1,2223,2023-01-11 Strasbourg-Lens,Strasbourg,Matz Sels,True,Goalkeeper,1,start,end,1.0,0.0,0.0,0.0,0.0,0.0,0.0,2.0,6.0,12.0,0.0,0.0,0.0,0.0,
FRA-Ligue 1,2223,2023-01-11 Troyes-Marseille,Marseille,Pau López,False,Goalkeeper,1,start,end,1.0,0.0,1.0,0.0,0.0,0.0,0.0,0.0,1.0,5.0,0.0,0.0,0.0,0.0,
FRA-Ligue 1,2223,2023-01-11 Troyes-Marseille,Troyes,Mateusz Lis,True,Goalkeeper,1,start,end,1.0,0.0,0.0,0.0,0.0,0.0,0.0,2.0,2.0,10.0,0.0,0.0,0.0,0.0,
FRA-Ligue 1,2223,2023-01-14 Lens-AJ Auxerre,AJ Auxerre,Benoit Costil,False,Goalkeeper,1,start,end,1.0,0.0,0.0,0.0,0.0,0.0,0.0,1.0,1.0,10.0,0.0,0.0,0.0,0.0,
FRA-Ligue 1,2223,2023-01-14 Lens-AJ Auxerre,Lens,Brice Samba,True,Goalkeeper,1,start,end,1.0,0.0,0.0,0.0,0.0,0.0,0.0,0.0,1.0,4.0,0.0,0.0,0.0,0.0,
FRA-Ligue 1,2223,2023-01-14 Lyon-Strasbourg,Lyon,Anthony Lopes,True,Goalkeeper,1,start,end,1.0,0.0,0.0,0.0,0.0,0.0,0.0,2.0,2.0,6.0,0.0,0.0,0.0,0.0,
FRA-Ligue 1,2223,2023-01-14 Lyon-Strasbourg,Strasbourg,Matz Sels,False,Goalkeeper,1,start,end,1.0,0.0,1.0,0.0,0.0,0.0,0.0,1.0,7.0,23.0,0.0,0.0,0.0,0.0,
FRA-Ligue 1,2223,2023-01-14 Marseille-Lorient,Lorient,Vito Mannone,False,Goalkeeper,1,start,end,1.0,0.0,0.0,0.0,0.0,0.0,0.0,3.0,4.0,12.0,0.0,0.0,0.0,0.0,
FRA-Ligue 1,2223,2023-01-14 Marseille-Lorient,Marseille,Pau López,True,Goalkeeper,1,start,end,1.0,0.0,0.0,0.0,0.0,0.0,0.0,1.0,2.0,10.0,0.0,0.0,0.0,0.0,
FRA-Ligue 1,2223,2023-01-15 AS Monaco-AC Ajaccio,AC Ajaccio,Benjamin Leroy,False,Goalkeeper,1,start,end,1.0,0.0,0.0,0.0,0.0,0.0,0.0,7.0,1.0,3.0,0.0,0.0,0.0,0.0,
FRA-Ligue 1,2223,2023-01-15 AS Monaco-AC Ajaccio,AS Monaco,Alexander Nübel,True,Goalkeeper,1,start,end,1.0,0.0,0.0,0.0,0.0,0.0,0.0,1.0,1.0,4.0,0.0,0.0,0.0,0.0,
FRA-Ligue 1,2223,2023-01-15 Angers-Clermont Foot,Angers,Paul Bernardoni,True,Goalkeeper,1,start,end,1.0,0.0,0.0,0.0,0.0,0.0,0.0,2.0,4.0,8.0,0.0,0.0,0.0,0.0,
FRA-Ligue 1,2223,2023-01-15 Angers-Clermont Foot,Clermont Foot,Mory Diaw,False,Goalkeeper,1,start,end,1.0,0.0,0.0,0.0,0.0,0.0,0.0,1.0,1.0,4.0,0.0,0.0,0.0,0.0,
FRA-Ligue 1,2223,2023-01-15 Lille-Troyes,Lille,Lucas Chevalier,True,Goalkeeper,1,start,end,1.0,0.0,0.0,0.0,0.0,0.0,0.0,1.0,2.0,8.0,0.0,0.0,0.0,0.0,
FRA-Ligue 1,2223,2023-01-15 Lille-Troyes,Troyes,Mateusz Lis,False,Goalkeeper,1,start,end,1.0,0.0,0.0,0.0,0.0,0.0,0.0,5.0,8.0,18.0,0.0,0.0,0.0,0.0,
FRA-Ligue 1,2223,2023-01-15 Montpellier-Nantes,Montpellier,Jonas Omlin,True,Goalkeeper,1,start,end,1.0,0.0,0.0,0.0,0.0,0.0,0.0,3.0,4.0,9.0,0.0,0.0,0.0,0.0,
FRA-Ligue 1,2223,2023-01-15 Montpellier-Nantes,Nantes,Alban Lafont,False,Goalkeeper,1,start,end,1.0,0.0,0.0,0.0,0.0,0.0,0.0,0.0,5.0,10.0,0.0,0.0,0.0,0.0,
FRA-Ligue 1,2223,2023-01-15 Stade Rennais-Paris Saint-Germain,Paris Saint-Germain,Gianluigi Donnarumma,False,Goalkeeper,1,start,end,1.0,0.0,0.0,0.0,0.0,0.0,0.0,1.0,5.0,7.0,0.0,0.0,0.0,0.0,
FRA-Ligue 1,2223,2023-01-15 Stade Rennais-Paris Saint-Germain,Stade Rennais,Steve Mandanda,True,Goalkeeper,1,start,end,1.0,0.0,0.0,0.0,0.0,0.0,0.0,0.0,1.0,7.0,0.0,0.0,0.0,0.0,
FRA-Ligue 1,2223,2023-01-15 Stade de Reims-Nice,Nice,Kasper Schmeichel,False,Goalkeeper,1,start,end,1.0,0.0,0.0,0.0,0.0,0.0,0.0,0.0,2.0,11.0,0.0,0.0,0.0,0.0,
FRA-Ligue 1,2223,2023-01-15 Stade de Reims-Nice,Stade de Reims,Yehvann Diouf,True,Goalkeeper,1,start,end,1.0,0.0,0.0,0.0,0.0,0.0,0.0,0.0,4.0,6.0,0.0,0.0,0.0,0.0,
FRA-Ligue 1,2223,2023-01-15 Toulouse-Brest,Brest,Marco Bizot,False,Goalkeeper,1,start,end,1.0,0.0,0.0,0.0,0.0,0.0,0.0,1.0,5.0,14.0,0.0,0.0,0.0,0.0,
FRA-Ligue 1,2223,2023-01-15 Toulouse-Brest,Toulouse,Maxime Dupé,True,Goalkeeper,1,start,end,1.0,0.0,0.0,0.0,0.0,0.0,0.0,1.0,4.0,15.0,0.0,0.0,0.0,0.0,
FRA-Ligue 1,2223,2023-01-27 Lorient-Stade Rennais,Lorient,Vito Mannone,True,Goalkeeper,1,start,end,1.0,0.0,0.0,0.0,0.0,0.0,0.0,1.0,5.0,15.0,0.0,0.0,0.0,0.0,
FRA-Ligue 1,2223,2023-01-27 Lorient-Stade Rennais,Stade Rennais,Steve Mandanda,False,Goalkeeper,1,start,end,1.0,0.0,0.0,0.0,0.0,0.0,0.0,2.0,2.0,2.0,0.0,0.0,0.0,0.0,
FRA-Ligue 1,2223,2023-01-28 Marseille-AS Monaco,AS Monaco,Alexander Nübel,False,Goalkeeper,1,start,end,1.0,0.0,0.0,0.0,0.0,0.0,0.0,1.0,5.0,21.0,0.0,0.0,0.0,0.0,
FRA-Ligue 1,2223,2023-01-28 Marseille-AS Monaco,Marseille,Rubén Blanco,True,Goalkeeper,1,start,end,1.0,0.0,0.0,0.0,0.0,0.0,0.0,0.0,4.0,11.0,0.0,0.0,0.0,0.0,
FRA-Ligue 1,2223,2023-01-28 Troyes-Lens,Lens,Brice Samba,False,Goalkeeper,1,start,end,1.0,0.0,0.0,0.0,0.0,0.0,0.0,1.0,0.0,5.0,0.0,0.0,0.0,0.0,
FRA-Ligue 1,2223,2023-01-28 Troyes-Lens,Troyes,Gauthier Gallon,True,Goalkeeper,1,start,end,1.0,0.0,0.0,0.0,0.0,0.0,0.0,1.0,3.0,21.0,0.0,0.0,0.0,0.0,
FRA-Ligue 1,2223,2023-01-29 AC Ajaccio-Lyon,AC Ajaccio,Francois-Joseph Sollacaro,True,Goalkeeper,1,start,end,1.0,0.0,0.0,0.0,0.0,0.0,0.0,2.0,0.0,6.0,0.0,0.0,0.0,0.0,
FRA-Ligue 1,2223,2023-01-29 AC Ajaccio-Lyon,Lyon,Anthony Lopes,False,Goalkeeper,1,start,end,1.0,0.0,1.0,0.0,0.0,0.0,1.0,0.0,5.0,16.0,0.0,0.0,0.0,0.0,
FRA-Ligue 1,2223,2023-01-29 AJ Auxerre-Montpellier,AJ Auxerre,Andrei Radu,True,Goalkeeper,1,start,end,1.0,0.0,0.0,0.0,0.0,0.0,0.0,2.0,1.0,2.0,0.0,0.0,0.0,0.0,
FRA-Ligue 1,2223,2023-01-29 AJ Auxerre-Montpellier,Montpellier,Benjamin Lecomte,False,Goalkeeper,1,start,end,1.0,0.0,0.0,0.0,0.0,0.0,0.0,0.0,5.0,13.0,0.0,0.0,0.0,0.0,
FRA-Ligue 1,2223,2023-01-29 Brest-Angers,Angers,Paul Bernardoni,False,Goalkeeper,1,start,end,1.0,0.0,0.0,0.0,0.0,0.0,0.0,4.0,3.0,5.0,0.0,0.0,0.0,0.0,
FRA-Ligue 1,2223,2023-01-29 Brest-Angers,Brest,Marco Bizot,True,Goalkeeper,1,start,end,1.0,0.0,0.0,0.0,0.0,0.0,0.0,0.0,1.0,8.0,0.0,0.0,0.0,0.0,
FRA-Ligue 1,2223,2023-01-29 Clermont Foot-Nantes,Clermont Foot,Mory Diaw,True,Goalkeeper,1,start,end,1.0,0.0,0.0,0.0,0.0,0.0,0.0,0.0,0.0,4.0,0.0,0.0,0.0,0.0,
FRA-Ligue 1,2223,2023-01-29 Clermont Foot-Nantes,Nantes,Alban Lafont,False,Goalkeeper,1,start,end,1.0,0.0,0.0,0.0,0.0,0.0,0.0,0.0,0.0,9.0,0.0,0.0,0.0,0.0,
FRA-Ligue 1,2223,2023-01-29 Nice-Lille,Lille,Lucas Chevalier,False,Goalkeeper,1,start,end,1.0,0.0,0.0,0.0,0.0,0.0,0.0,1.0,5.0,10.0,0.0,0.0,0.0,0.0,
FRA-Ligue 1,2223,2023-01-29 Nice-Lille,Nice,Kasper Schmeichel,True,Goalkeeper,1,start,end,1.0,0.0,0.0,0.0,0.0,0.0,0.0,0.0,7.0,16.0,0.0,0.0,0.0,0.0,
FRA-Ligue 1,2223,2023-01-29 Paris Saint-Germain-Stade de Reims,Paris Saint-Germain,Gianluigi Donnarumma,True,Goalkeeper,1,start,end,1.0,0.0,0.0,0.0,0.0,0.0,1.0,1.0,5.0,16.0,0.0,0.0,0.0,0.0,
FRA-Ligue 1,2223,2023-01-29 Paris Saint-Germain-Stade de Reims,Stade de Reims,Yehvann Diouf,False,Goalkeeper,1,start,end,1.0,0.0,0.0,0.0,0.0,0.0,0.0,1.0,3.0,10.0,0.0,0.0,0.0,0.0,
FRA-Ligue 1,2223,2023-01-29 Strasbourg-Toulouse,Strasbourg,Matz Sels,True,Goalkeeper,1,start,end,1.0,0.0,0.0,0.0,0.0,0.0,0.0,2.0,1.0,7.0,0.0,0.0,0.0,0.0,
FRA-Ligue 1,2223,2023-01-29 Strasbourg-Toulouse,Toulouse,Maxime Dupé,False,Goalkeeper,1,start,end,1.0,0.0,0.0,0.0,0.0,0.0,0.0,1.0,1.0,9.0,0.0,0.0,0.0,0.0,
FRA-Ligue 1,2223,2023-02-01 AS Monaco-AJ Auxerre,AJ Auxerre,Andrei Radu,False,Goalkeeper,1,start,end,1.0,0.0,0.0,0.0,0.0,0.0,0.0,3.0,3.0,13.0,0.0,0.0,0.0,0.0,
FRA-Ligue 1,2223,2023-02-01 AS Monaco-AJ Auxerre,AS Monaco,Alexander Nübel,True,Goalkeeper,1,start,end,1.0,0.0,0.0,0.0,0.0,0.0,0.0,2.0,1.0,8.0,0.0,0.0,0.0,0.0,
FRA-Ligue 1,2223,2023-02-01 Angers-AC Ajaccio,AC Ajaccio,Francois-Joseph Sollacaro,False,Goalkeeper,1,start,end,1.0,0.0,0.0,0.0,0.0,0.0,0.0,1.0,1.0,5.0,0.0,0.0,0.0,0.0,
FRA-Ligue 1,2223,2023-02-01 Angers-AC Ajaccio,Angers,Paul Bernardoni,True,Goalkeeper,1,start,end,1.0,0.0,0.0,0.0,0.0,0.0,0.0,2.0,2.0,7.0,0.0,0.0,0.0,0.0,
FRA-Ligue 1,2223,2023-02-01 Lens-Nice,Lens,Brice Samba,True,Goalkeeper,1,start,end,1.0,0.0,0.0,0.0,0.0,0.0,0.0,1.0,5.0,10.0,0.0,0.0,0.0,0.0,
FRA-Ligue 1,2223,2023-02-01 Lens-Nice,Nice,Kasper Schmeichel,False,Goalkeeper,1,start,end,1.0,0.0,0.0,0.0,0.0,0.0,0.0,0.0,4.0,10.0,0.0,0.0,0.0,0.0,
FRA-Ligue 1,2223,2023-02-01 Lille-Clermont Foot,Clermont Foot,Mory Diaw,False,Goalkeeper,1,start,end,1.0,0.0,0.0,0.0,0.0,0.0,0.0,0.0,5.0,22.0,0.0,0.0,0.0,0.0,
FRA-Ligue 1,2223,2023-02-01 Lille-Clermont Foot,Lille,Lucas Chevalier,True,Goalkeeper,1,start,end,1.0,0.0,0.0,0.0,0.0,0.0,0.0,0.0,5.0,12.0,0.0,0.0,0.0,0.0,
FRA-Ligue 1,2223,2023-02-01 Lyon-Brest,Brest,Marco Bizot,False,Goalkeeper,1,start,end,1.0,0.0,0.0,0.0,0.0,0.0,0.0,0.0,8.0,28.0,0.0,0.0,0.0,0.0,
FRA-Ligue 1,2223,2023-02-01 Lyon-Brest,Lyon,Anthony Lopes,True,Goalkeeper,1,start,end,1.0,0.0,0.0,0.0,0.0,0.0,0.0,0.0,1.0,8.0,0.0,0.0,0.0,0.0,
FRA-Ligue 1,2223,2023-02-01 Montpellier-Paris Saint-Germain,Montpellier,Benjamin Lecomte,True,Goalkeeper,1,start,end,1.0,0.0,0.0,0.0,0.0,0.0,0.0,3.0,4.0,15.0,0.0,0.0,0.0,0.0,
FRA-Ligue 1,2223,2023-02-01 Montpellier-Paris Saint-Germain,Paris Saint-Germain,Gianluigi Donnarumma,False,Goalkeeper,1,start,end,1.0,0.0,0.0,0.0,0.0,0.0,0.0,1.0,2.0,4.0,0.0,0.0,0.0,0.0,
FRA-Ligue 1,2223,2023-02-01 Nantes-Marseille,Marseille,Pau López,False,Goalkeeper,1,start,end,1.0,0.0,0.0,0.0,0.0,0.0,1.0,0.0,2.0,11.0,0.0,0.0,0.0,0.0,
FRA-Ligue 1,2223,2023-02-01 Nantes-Marseille,Nantes,Alban Lafont,True,Goalkeeper,1,start,end,1.0,0.0,0.0,0.0,0.0,0.0,0.0,1.0,3.0,12.0,0.0,0.0,0.0,0.0,
FRA-Ligue 1,2223,2023-02-01 Stade Rennais-Strasbourg,Stade Rennais,Steve Mandanda,True,Goalkeeper,1,start,end,1.0,0.0,0.0,0.0,0.0,0.0,0.0,0.0,0.0,3.0,0.0,0.0,0.0,0.0,
FRA-Ligue 1,2223,2023-02-01 Stade Rennais-Strasbourg,Strasbourg,Matz Sels,False,Goalkeeper,1,start,end,1.0,0.0,0.0,0.0,0.0,0.0,0.0,3.0,0.0,2.0,0.0,0.0,0.0,0.0,
FRA-Ligue 1,2223,2023-02-01 Stade de Reims-Lorient,Lorient,Vito Mannone,False,Goalkeeper,1,start,end,1.0,0.0,0.0,0.0,0.0,0.0,0.0,4.0,5.0,28.0,0.0,0.0,0.0,0.0,
FRA-Ligue 1,2223,2023-02-01 Stade de Reims-Lorient,Stade de Reims,Yehvann Diouf,True,Goalkeeper,1,start,end,1.0,0.0,0.0,0.0,0.0,0.0,0.0,2.0,3.0,10.0,0.0,0.0,0.0,0.0,
FRA-Ligue 1,2223,2023-02-01 Toulouse-Troyes,Toulouse,Maxime Dupé,True,Goalkeeper,1,start,end,1.0,1.0,0.0,0.0,0.0,0.0,1.0,1.0,2.0,10.0,0.0,0.0,0.0,0.0,
FRA-Ligue 1,2223,2023-02-01 Toulouse-Troyes,Troyes,Gauthier Gallon,False,Goalkeeper,1,start,end,1.0,0.0,0.0,0.0,0.0,0.0,0.0,4.0,2.0,9.0,0.0,0.0,0.0,0.0,
FRA-Ligue 1,2223,2023-02-04 Paris Saint-Germain-Toulouse,Paris Saint-Germain,Gianluigi Donnarumma,True,Goalkeeper,1,start,end,1.0,0.0,0.0,0.0,0.0,0.0,0.0,1.0,4.0,12.0,0.0,0.0,0.0,0.0,
FRA-Ligue 1,2223,2023-02-04 Paris Saint-Germain-Toulouse,Toulouse,Maxime Dupé,False,Goalkeeper,1,start,end,1.0,0.0,0.0,0.0,0.0,0.0,0.0,2.0,3.0,20.0,0.0,0.0,0.0,0.0,
FRA-Ligue 1,2223,2023-02-04 Stade Rennais-Lille,Lille,Lucas Chevalier,False,Goalkeeper,1,start,end,1.0,0.0,0.0,0.0,0.0,0.0,0.0,1.0,6.0,9.0,0.0,0.0,0.0,0.0,
FRA-Ligue 1,2223,2023-02-04 Stade Rennais-Lille,Stade Rennais,Steve Mandanda,True,Goalkeeper,1,start,end,1.0,0.0,0.0,0.0,0.0,0.0,0.0,3.0,3.0,12.0,0.0,0.0,0.0,0.0,
FRA-Ligue 1,2223,2023-02-04 Troyes-Lyon,Lyon,Anthony Lopes,False,Goalkeeper,1,start,end,1.0,0.0,0.0,0.0,0.0,0.0,0.0,1.0,1.0,7.0,0.0,0.0,0.0,0.0,
FRA-Ligue 1,2223,2023-02-04 Troyes-Lyon,Troyes,Gauthier Gallon,True,Goalkeeper,1,start,end,1.0,0.0,0.0,0.0,0.0,0.0,0.0,3.0,3.0,6.0,0.0,0.0,0.0,0.0,
FRA-Ligue 1,2223,2023-02-05 AC Ajaccio-Nantes,AC Ajaccio,Benjamin Leroy,True,Goalkeeper,1,start,end,1.0,0.0,0.0,0.0,0.0,0.0,0.0,2.0,1.0,4.0,0.0,0.0,0.0,0.0,
FRA-Ligue 1,2223,2023-02-05 AC Ajaccio-Nantes,Nantes,Alban Lafont,False,Goalkeeper,1,start,end,1.0,0.0,0.0,0.0,0.0,0.0,0.0,0.0,2.0,8.0,0.0,0.0,0.0,0.0,
FRA-Ligue 1,2223,2023-02-05 AJ Auxerre-Stade de Reims,AJ Auxerre,Andrei Radu,True,Goalkeeper,1,start,end,1.0,0.0,0.0,0.0,0.0,0.0,0.0,0.0,4.0,8.0,0.0,0.0,0.0,0.0,
FRA-Ligue 1,2223,2023-02-05 AJ Auxerre-Stade de Reims,Stade de Reims,Yehvann Diouf,False,Goalkeeper,1,start,end,1.0,0.0,0.0,0.0,0.0,0.0,0.0,0.0,4.0,12.0,0.0,0.0,0.0,0.0,
FRA-Ligue 1,2223,2023-02-05 Brest-Lens,Brest,Marco Bizot,True,Goalkeeper,1,start,end,1.0,0.0,0.0,0.0,0.0,0.0,1.0,1.0,7.0,17.0,0.0,0.0,0.0,0.0,
FRA-Ligue 1,2223,2023-02-05 Brest-Lens,Lens,Brice Samba,False,Goalkeeper,1,start,end,1.0,0.0,0.0,0.0,0.0,0.0,0.0,1.0,2.0,13.0,0.0,0.0,0.0,0.0,
FRA-Ligue 1,2223,2023-02-05 Clermont Foot-AS Monaco,AS Monaco,Alexander Nübel,False,Goalkeeper,1,start,end,1.0,0.0,0.0,0.0,0.0,0.0,0.0,0.0,3.0,8.0,0.0,0.0,0.0,0.0,
FRA-Ligue 1,2223,2023-02-05 Clermont Foot-AS Monaco,Clermont Foot,Mory Diaw,True,Goalkeeper,1,start,end,1.0,0.0,0.0,0.0,0.0,0.0,0.0,2.0,4.0,11.0,0.0,0.0,0.0,0.0,
FRA-Ligue 1,2223,2023-02-05 Lorient-Angers,Angers,Paul Bernardoni,False,Goalkeeper,1,start,end,1.0,0.0,0.0,0.0,0.0,0.0,0.0,0.0,2.0,12.0,0.0,0.0,0.0,0.0,
FRA-Ligue 1,2223,2023-02-05 Lorient-Angers,Lorient,Vito Mannone,True,Goalkeeper,1,start,end,1.0,0.0,0.0,0.0,0.0,0.0,0.0,0.0,5.0,12.0,0.0,0.0,0.0,0.0,
FRA-Ligue 1,2223,2023-02-05 Marseille-Nice,Marseille,Pau López,True,Goalkeeper,1,start,end,1.0,0.0,0.0,0.0,0.0,0.0,0.0,3.0,5.0,11.0,0.0,0.0,0.0,0.0,
FRA-Ligue 1,2223,2023-02-05 Marseille-Nice,Nice,Kasper Schmeichel,False,Goalkeeper,1,start,end,1.0,0.0,0.0,0.0,0.0,0.0,0.0,1.0,4.0,20.0,0.0,0.0,0.0,0.0,
FRA-Ligue 1,2223,2023-02-05 Strasbourg-Montpellier,Montpellier,Benjamin Lecomte,False,Goalkeeper,1,start,end,1.0,0.0,0.0,0.0,0.0,0.0,0.0,2.0,0.0,4.0,0.0,0.0,0.0,0.0,
FRA-Ligue 1,2223,2023-02-05 Strasbourg-Montpellier,Strasbourg,Matz Sels,True,Goalkeeper,1,start,end,1.0,0.0,0.0,0.0,0.0,0.0,1.0,0.0,0.0,11.0,0.0,0.0,0.0,0.0,
FRA-Ligue 1,2223,2023-02-10 Nice-AC Ajaccio,AC Ajaccio,Benjamin Leroy,False,Goalkeeper,1,start,end,1.0,0.0,0.0,0.0,0.0,0.0,0.0,3.0,0.0,8.0,0.0,0.0,0.0,0.0,
FRA-Ligue 1,2223,2023-02-10 Nice-AC Ajaccio,Nice,Kasper Schmeichel,True,Goalkeeper,1,start,end,1.0,0.0,0.0,0.0,0.0,0.0,0.0,0.0,3.0,6.0,0.0,0.0,0.0,0.0,
FRA-Ligue 1,2223,2023-02-11 AS Monaco-Paris Saint-Germain,AS Monaco,Alexander Nübel,True,Goalkeeper,1,start,end,1.0,0.0,0.0,0.0,0.0,0.0,0.0,1.0,1.0,6.0,0.0,0.0,0.0,0.0,
FRA-Ligue 1,2223,2023-02-11 AS Monaco-Paris Saint-Germain,Paris Saint-Germain,Gianluigi Donnarumma,False,Goalkeeper,1,start,end,1.0,0.0,0.0,0.0,0.0,0.0,0.0,3.0,7.0,16.0,0.0,0.0,0.0,0.0,
FRA-Ligue 1,2223,2023-02-11 Clermont Foot-Marseille,Clermont Foot,Mory Diaw,True,Goalkeeper,1,start,end,1.0,0.0,0.0,0.0,0.0,0.0,0.0,2.0,3.0,15.0,0.0,0.0,0.0,0.0,
FRA-Ligue 1,2223,2023-02-11 Clermont Foot-Marseille,Marseille,Pau López,False,Goalkeeper,1,start,end,1.0,0.0,0.0,0.0,0.0,0.0,0.0,0.0,3.0,9.0,0.0,0.0,0.0,0.0,
FRA-Ligue 1,2223,2023-02-12 Angers-AJ Auxerre,AJ Auxerre,Andrei Radu,False,Goalkeeper,1,start,end,1.0,0.0,0.0,0.0,0.0,0.0,0.0,0.0,5.0,10.0,0.0,0.0,0.0,0.0,
FRA-Ligue 1,2223,2023-02-12 Angers-AJ Auxerre,Angers,Paul Bernardoni,True,Goalkeeper,1,start,end,1.0,0.0,0.0,0.0,0.0,0.0,0.0,1.0,3.0,13.0,0.0,0.0,0.0,0.0,
FRA-Ligue 1,2223,2023-02-12 Lille-Strasbourg,Lille,Lucas Chevalier,True,Goalkeeper,1,start,end,1.0,0.0,0.0,0.0,0.0,0.0,0.0,0.0,0.0,5.0,0.0,0.0,0.0,0.0,
FRA-Ligue 1,2223,2023-02-12 Lille-Strasbourg,Strasbourg,Matz Sels,False,Goalkeeper,1,start,end,1.0,0.0,0.0,0.0,0.0,0.0,0.0,2.0,8.0,12.0,0.0,0.0,0.0,0.0,
FRA-Ligue 1,2223,2023-02-12 Lyon-Lens,Lens,Brice Samba,False,Goalkeeper,1,start,end,1.0,0.0,1.0,0.0,0.0,0.0,0.0,2.0,3.0,8.0,0.0,0.0,0.0,0.0,
FRA-Ligue 1,2223,2023-02-12 Lyon-Lens,Lyon,Anthony Lopes,True,Goalkeeper,1,start,end,1.0,0.0,0.0,0.0,0.0,0.0,0.0,1.0,3.0,13.0,0.0,0.0,0.0,0.0,
FRA-Ligue 1,2223,2023-02-12 Montpellier-Brest,Brest,Marco Bizot,False,Goalkeeper,1,start,end,1.0,0.0,0.0,0.0,0.0,0.0,0.0,2.0,6.0,14.0,0.0,0.0,0.0,0.0,
FRA-Ligue 1,2223,2023-02-12 Montpellier-Brest,Montpellier,Benjamin Lecomte,True,Goalkeeper,1,start,end,1.0,0.0,0.0,0.0,0.0,0.0,0.0,0.0,2.0,10.0,0.0,0.0,0.0,0.0,
FRA-Ligue 1,2223,2023-02-12 Nantes-Lorient,Lorient,Vito Mannone,False,Goalkeeper,1,start,end,1.0,0.0,1.0,0.0,0.0,0.0,0.0,1.0,5.0,10.0,0.0,0.0,0.0,0.0,
FRA-Ligue 1,2223,2023-02-12 Nantes-Lorient,Nantes,Alban Lafont,True,Goalkeeper,1,start,end,1.0,0.0,0.0,0.0,0.0,0.0,0.0,0.0,4.0,9.0,0.0,0.0,0.0,0.0,
FRA-Ligue 1,2223,2023-02-12 Stade de Reims-Troyes,Stade de Reims,Yehvann Diouf,True,Goalkeeper,1,start,end,1.0,0.0,0.0,0.0,0.0,0.0,0.0,0.0,2.0,7.0,0.0,0.0,0.0,0.0,
FRA-Ligue 1,2223,2023-02-12 Stade de Reims-Troyes,Troyes,Gauthier Gallon,False,Goalkeeper,1,start,end,1.0,0.0,0.0,0.0,0.0,0.0,0.0,4.0,6.0,15.0,0.0,0.0,0.0,0.0,
FRA-Ligue 1,2223,2023-02-12 Toulouse-Stade Rennais,Stade Rennais,Steve Mandanda,False,Goalkeeper,1,start,end,1.0,0.0,0.0,0.0,0.0,0.0,0.0,3.0,4.0,10.0,0.0,0.0,0.0,0.0,
FRA-Ligue 1,2223,2023-02-12 Toulouse-Stade Rennais,Toulouse,Maxime Dupé,True,Goalkeeper,1,start,end,1.0,0.0,0.0,0.0,0.0,0.0,0.0,0.0,4.0,12.0,0.0,0.0,0.0,0.0,
FRA-Ligue 1,2223,2023-02-17 AJ Auxerre-Lyon,AJ Auxerre,Andrei Radu,True,Goalkeeper,1,start,end,1.0,0.0,0.0,0.0,0.0,0.0,0.0,1.0,3.0,5.0,0.0,0.0,0.0,0.0,
FRA-Ligue 1,2223,2023-02-17 AJ Auxerre-Lyon,Lyon,Anthony Lopes,False,Goalkeeper,1,start,end,1.0,0.0,0.0,0.0,0.0,0.0,0.0,2.0,1.0,7.0,0.0,0.0,0.0,0.0,
FRA-Ligue 1,2223,2023-02-18 Nice-Stade de Reims,Nice,Kasper Schmeichel,True,Goalkeeper,1,start,end,1.0,0.0,0.0,0.0,0.0,0.0,0.0,0.0,1.0,9.0,0.0,0.0,0.0,0.0,
FRA-Ligue 1,2223,2023-02-18 Nice-Stade de Reims,Stade de Reims,Yehvann Diouf,False,Goalkeeper,1,start,end,1.0,0.0,0.0,0.0,0.0,0.0,0.0,0.0,1.0,16.0,0.0,0.0,0.0,0.0,
FRA-Ligue 1,2223,2023-02-18 Strasbourg-Angers,Angers,Paul Bernardoni,False,Goalkeeper,1,start,end,1.0,0.0,1.0,0.0,0.0,0.0,0.0,2.0,3.0,14.0,0.0,0.0,0.0,0.0,
FRA-Ligue 1,2223,2023-02-18 Strasbourg-Angers,Strasbourg,Matz Sels,True,Goalkeeper,1,start,end,1.0,0.0,0.0,0.0,0.0,0.0,0.0,1.0,2.0,7.0,0.0,0.0,0.0,0.0,
FRA-Ligue 1,2223,2023-02-19 Brest-AS Monaco,AS Monaco,Alexander Nübel,False,Goalkeeper,1,start,end,1.0,0.0,0.0,0.0,0.0,0.0,0.0,1.0,2.0,12.0,0.0,0.0,0.0,0.0,
FRA-Ligue 1,2223,2023-02-19 Brest-AS Monaco,Brest,Marco Bizot,True,Goalkeeper,1,start,end,1.0,0.0,0.0,0.0,0.0,0.0,0.0,2.0,1.0,7.0,0.0,0.0,0.0,0.0,
FRA-Ligue 1,2223,2023-02-19 Lens-Nantes,Lens,Brice Samba,True,Goalkeeper,1,start,end,1.0,0.0,0.0,0.0,0.0,0.0,0.0,1.0,2.0,5.0,0.0,0.0,0.0,0.0,
FRA-Ligue 1,2223,2023-02-19 Lens-Nantes,Nantes,Alban Lafont,False,Goalkeeper,1,start,end,1.0,0.0,0.0,0.0,0.0,0.0,0.0,2.0,4.0,17.0,0.0,0.0,0.0,0.0,
FRA-Ligue 1,2223,2023-02-19 Lorient-AC Ajaccio,AC Ajaccio,Benjamin Leroy,False,Goalkeeper,1,start,end,1.0,0.0,0.0,0.0,0.0,0.0,0.0,3.0,3.0,5.0,0.0,0.0,0.0,0.0,
FRA-Ligue 1,2223,2023-02-19 Lorient-AC Ajaccio,Lorient,Vito Mannone,True,Goalkeeper,1,start,end,1.0,0.0,0.0,0.0,0.0,0.0,0.0,0.0,3.0,11.0,0.0,0.0,0.0,0.0,
FRA-Ligue 1,2223,2023-02-19 Paris Saint-Germain-Lille,Lille,Lucas Chevalier,False,Goalkeeper,1,start,end,1.0,0.0,0.0,0.0,0.0,0.0,0.0,4.0,6.0,8.0,0.0,0.0,0.0,0.0,
FRA-Ligue 1,2223,2023-02-19 Paris Saint-Germain-Lille,Paris Saint-Germain,Gianluigi Donnarumma,True,Goalkeeper,1,start,end,1.0,0.0,0.0,0.0,0.0,0.0,0.0,3.0,4.0,12.0,0.0,0.0,0.0,0.0,
FRA-Ligue 1,2223,2023-02-19 Stade Rennais-Clermont Foot,Clermont Foot,Mory Diaw,False,Goalkeeper,1,start,end,1.0,0.0,0.0,0.0,0.0,0.0,0.0,2.0,4.0,15.0,0.0,0.0,0.0,0.0,
FRA-Ligue 1,2223,2023-02-19 Stade Rennais-Clermont Foot,Stade Rennais,Steve Mandanda,True,Goalkeeper,1,start,end,1.0,0.0,1.0,0.0,0.0,0.0,0.0,0.0,3.0,7.0,0.0,0.0,0.0,0.0,
FRA-Ligue 1,2223,2023-02-19 Toulouse-Marseille,Marseille,Pau López,False,Goalkeeper,1,start,end,1.0,0.0,0.0,0.0,0.0,0.0,0.0,2.0,4.0,11.0,0.0,0.0,0.0,0.0,
FRA-Ligue 1,2223,2023-02-19 Toulouse-Marseille,Toulouse,Maxime Dupé,True,Goalkeeper,1,start,end,1.0,0.0,0.0,0.0,0.0,0.0,0.0,3.0,4.0,12.0,0.0,0.0,0.0,0.0,
FRA-Ligue 1,2223,2023-02-19 Troyes-Montpellier,Montpellier,Benjamin Lecomte,False,Goalkeeper,1,start,end,1.0,0.0,0.0,0.0,0.0,0.0,0.0,0.0,2.0,5.0,0.0,0.0,0.0,0.0,
FRA-Ligue 1,2223,2023-02-19 Troyes-Montpellier,Troyes,Gauthier Gallon,True,Goalkeeper,1,start,end,1.0,0.0,0.0,0.0,0.0,0.0,0.0,1.0,6.0,17.0,0.0,0.0,0.0,0.0,
FRA-Ligue 1,2223,2023-02-24 Lille-Brest,Brest,Marco Bizot,False,Goalkeeper,1,start,end,1.0,0.0,0.0,0.0,0.0,0.0,0.0,2.0,2.0,17.0,0.0,0.0,0.0,0.0,
FRA-Ligue 1,2223,2023-02-24 Lille-Brest,Lille,Lucas Chevalier,True,Goalkeeper,1,start,end,1.0,0.0,1.0,0.0,0.0,0.0,0.0,0.0,0.0,3.0,0.0,0.0,0.0,0.0,
FRA-Ligue 1,2223,2023-02-25 Angers-Lyon,Angers,Paul Bernardoni,True,Goalkeeper,1,start,end,1.0,0.0,0.0,0.0,0.0,0.0,0.0,3.0,2.0,4.0,0.0,0.0,0.0,0.0,
FRA-Ligue 1,2223,2023-02-25 Angers-Lyon,Lyon,Anthony Lopes,False,Goalkeeper,1,start,end,1.0,0.0,0.0,0.0,0.0,0.0,0.0,1.0,1.0,10.0,0.0,0.0,0.0,0.0,
FRA-Ligue 1,2223,2023-02-25 Montpellier-Lens,Lens,Brice Samba,False,Goalkeeper,1,start,end,1.0,0.0,0.0,0.0,0.0,0.0,0.0,1.0,2.0,7.0,0.0,0.0,0.0,0.0,
FRA-Ligue 1,2223,2023-02-25 Montpellier-Lens,Montpellier,Benjamin Lecomte,True,Goalkeeper,1,start,end,1.0,0.0,0.0,0.0,0.0,0.0,0.0,1.0,5.0,18.0,0.0,0.0,0.0,0.0,
FRA-Ligue 1,2223,2023-02-26 AC Ajaccio-Troyes,AC Ajaccio,Benjamin Leroy,True,Goalkeeper,1,start,end,1.0,0.0,0.0,0.0,0.0,0.0,0.0,1.0,4.0,10.0,0.0,0.0,0.0,0.0,
FRA-Ligue 1,2223,2023-02-26 AC Ajaccio-Troyes,Troyes,Gauthier Gallon,False,Goalkeeper,1,start,end,1.0,0.0,0.0,0.0,0.0,0.0,0.0,2.0,4.0,12.0,0.0,0.0,0.0,0.0,
FRA-Ligue 1,2223,2023-02-26 AS Monaco-Nice,AS Monaco,Alexander Nübel,True,Goalkeeper,1,start,end,1.0,0.0,0.0,0.0,0.0,0.0,0.0,3.0,4.0,7.0,0.0,0.0,0.0,0.0,
FRA-Ligue 1,2223,2023-02-26 AS Monaco-Nice,Nice,Kasper Schmeichel,False,Goalkeeper,1,start,end,1.0,0.0,0.0,0.0,0.0,0.0,0.0,0.0,4.0,14.0,0.0,0.0,0.0,0.0,
FRA-Ligue 1,2223,2023-02-26 Clermont Foot-Strasbourg,Clermont Foot,Mory Diaw,True,Goalkeeper,1,start,end,1.0,0.0,0.0,0.0,0.0,0.0,0.0,1.0,5.0,10.0,0.0,0.0,0.0,0.0,
FRA-Ligue 1,2223,2023-02-26 Clermont Foot-Strasbourg,Strasbourg,Matz Sels,False,Goalkeeper,1,start,end,1.0,0.0,0.0,0.0,0.0,0.0,0.0,1.0,3.0,9.0,0.0,0.0,0.0,0.0,
FRA-Ligue 1,2223,2023-02-26 Lorient-AJ Auxerre,AJ Auxerre,Andrei Radu,False,Goalkeeper,1,start,end,1.0,0.0,0.0,0.0,0.0,0.0,0.0,0.0,4.0,16.0,0.0,0.0,0.0,0.0,
FRA-Ligue 1,2223,2023-02-26 Lorient-AJ Auxerre,Lorient,Vito Mannone,True,Goalkeeper,1,start,end,1.0,0.0,0.0,0.0,0.0,0.0,0.0,1.0,0.0,7.0,0.0,0.0,0.0,0.0,
FRA-Ligue 1,2223,2023-02-26 Marseille-Paris Saint-Germain,Marseille,Pau López,True,Goalkeeper,1,start,end,1.0,0.0,0.0,0.0,0.0,0.0,0.0,3.0,4.0,8.0,0.0,0.0,0.0,0.0,
FRA-Ligue 1,2223,2023-02-26 Marseille-Paris Saint-Germain,Paris Saint-Germain,Gianluigi Donnarumma,False,Goalkeeper,1,start,end,1.0,0.0,0.0,0.0,0.0,0.0,0.0,0.0,6.0,18.0,0.0,0.0,0.0,0.0,
FRA-Ligue 1,2223,2023-02-26 Nantes-Stade Rennais,Nantes,Alban Lafont,True,Goalkeeper,1,start,end,1.0,0.0,0.0,0.0,0.0,0.0,0.0,1.0,2.0,11.0,0.0,0.0,0.0,0.0,
FRA-Ligue 1,2223,2023-02-26 Nantes-Stade Rennais,Stade Rennais,Steve Mandanda,False,Goalkeeper,1,start,end,1.0,0.0,0.0,0.0,0.0,0.0,0.0,0.0,7.0,19.0,0.0,0.0,0.0,0.0,
FRA-Ligue 1,2223,2023-02-26 Stade de Reims-Toulouse,Stade de Reims,Yehvann Diouf,True,Goalkeeper,1,start,end,1.0,0.0,1.0,0.0,0.0,0.0,0.0,0.0,6.0,13.0,0.0,0.0,0.0,0.0,
FRA-Ligue 1,2223,2023-02-26 Stade de Reims-Toulouse,Toulouse,Maxime Dupé,False,Goalkeeper,1,start,end,1.0,0.0,0.0,0.0,0.0,0.0,0.0,3.0,3.0,15.0,0.0,0.0,0.0,0.0,
FRA-Ligue 1,2223,2023-03-03 Nice-AJ Auxerre,AJ Auxerre,Andrei Radu,False,Goalkeeper,1,start,end,1.0,0.0,0.0,0.0,0.0,0.0,0.0,1.0,3.0,15.0,0.0,0.0,0.0,0.0,
FRA-Ligue 1,2223,2023-03-03 Nice-AJ Auxerre,Nice,Kasper Schmeichel,True,Goalkeeper,1,start,end,1.0,0.0,0.0,0.0,0.0,0.0,0.0,1.0,1.0,2.0,0.0,0.0,0.0,0.0,
FRA-Ligue 1,2223,2023-03-04 Lens-Lille,Lens,Brice Samba,True,Goalkeeper,1,start,end,1.0,0.0,0.0,0.0,0.0,0.0,0.0,1.0,5.0,11.0,0.0,0.0,0.0,0.0,
FRA-Ligue 1,2223,2023-03-04 Lens-Lille,Lille,Lucas Chevalier,False,Goalkeeper,1,start,end,1.0,0.0,1.0,0.0,0.0,0.0,0.0,0.0,1.0,10.0,0.0,0.0,0.0,0.0,
FRA-Ligue 1,2223,2023-03-04 Paris Saint-Germain-Nantes,Nantes,Alban Lafont,False,Goalkeeper,1,start,end,1.0,0.0,0.0,0.0,0.0,0.0,0.0,3.0,8.0,14.0,0.0,0.0,0.0,0.0,
FRA-Ligue 1,2223,2023-03-04 Paris Saint-Germain-Nantes,Paris Saint-Germain,Gianluigi Donnarumma,True,Goalkeeper,1,start,end,1.0,0.0,0.0,0.0,0.0,0.0,0.0,2.0,3.0,6.0,0.0,0.0,0.0,0.0,
FRA-Ligue 1,2223,2023-03-05 Lyon-Lorient,Lorient,Vito Mannone,False,Goalkeeper,1,start,end,1.0,0.0,0.0,0.0,0.0,0.0,0.0,0.0,5.0,15.0,0.0,0.0,0.0,0.0,
FRA-Ligue 1,2223,2023-03-05 Lyon-Lorient,Lyon,Rémy Riou,True,Goalkeeper,1,start,end,1.0,0.0,0.0,0.0,0.0,0.0,0.0,0.0,1.0,11.0,0.0,0.0,0.0,0.0,
FRA-Ligue 1,2223,2023-03-05 Montpellier-Angers,Angers,Paul Bernardoni,False,Goalkeeper,1,start,end,1.0,0.0,0.0,0.0,0.0,0.0,0.0,5.0,3.0,10.0,0.0,0.0,0.0,0.0,
FRA-Ligue 1,2223,2023-03-05 Montpellier-Angers,Montpellier,Benjamin Lecomte,True,Goalkeeper,1,start,end,1.0,0.0,0.0,0.0,0.0,0.0,0.0,0.0,4.0,10.0,0.0,0.0,0.0,0.0,
FRA-Ligue 1,2223,2023-03-05 Stade Rennais-Marseille,Marseille,Pau López,False,Goalkeeper,1,start,end,1.0,0.0,0.0,0.0,0.0,0.0,0.0,0.0,2.0,13.0,0.0,0.0,0.0,0.0,
FRA-Ligue 1,2223,2023-03-05 Stade Rennais-Marseille,Stade Rennais,Steve Mandanda,True,Goalkeeper,1,start,end,1.0,0.0,0.0,0.0,0.0,0.0,0.0,1.0,3.0,10.0,0.0,0.0,0.0,0.0,
FRA-Ligue 1,2223,2023-03-05 Stade de Reims-AC Ajaccio,AC Ajaccio,Benjamin Leroy,False,Goalkeeper,1,start,end,1.0,0.0,1.0,0.0,0.0,0.0,0.0,1.0,2.0,10.0,0.0,0.0,0.0,0.0,
FRA-Ligue 1,2223,2023-03-05 Stade de Reims-AC Ajaccio,Stade de Reims,Yehvann Diouf,True,Goalkeeper,1,start,end,1.0,0.0,1.0,0.0,0.0,0.0,0.0,0.0,1.0,5.0,0.0,0.0,0.0,0.0,
FRA-Ligue 1,2223,2023-03-05 Strasbourg-Brest,Brest,Marco Bizot,False,Goalkeeper,1,start,end,1.0,0.0,0.0,0.0,0.0,0.0,1.0,0.0,4.0,14.0,0.0,0.0,0.0,0.0,
FRA-Ligue 1,2223,2023-03-05 Strasbourg-Brest,Strasbourg,Matz Sels,True,Goalkeeper,1,start,end,1.0,0.0,0.0,0.0,0.0,0.0,0.0,1.0,0.0,7.0,0.0,0.0,0.0,0.0,
FRA-Ligue 1,2223,2023-03-05 Toulouse-Clermont Foot,Clermont Foot,Mory Diaw,False,Goalkeeper,1,start,end,1.0,0.0,0.0,0.0,0.0,0.0,0.0,0.0,0.0,9.0,0.0,0.0,0.0,0.0,
FRA-Ligue 1,2223,2023-03-05 Toulouse-Clermont Foot,Toulouse,Maxime Dupé,True,Goalkeeper,1,start,end,1.0,0.0,0.0,0.0,0.0,0.0,0.0,1.0,2.0,11.0,0.0,0.0,0.0,0.0,
FRA-Ligue 1,2223,2023-03-05 Troyes-AS Monaco,AS Monaco,Alexander Nübel,False,Goalkeeper,1,start,end,1.0,0.0,0.0,0.0,0.0,0.0,0.0,2.0,3.0,10.0,0.0,0.0,0.0,0.0,
FRA-Ligue 1,2223,2023-03-05 Troyes-AS Monaco,Troyes,Gauthier Gallon,True,Goalkeeper,1,start,end,1.0,0.0,1.0,0.0,0.0,0.0,0.0,2.0,2.0,15.0,0.0,0.0,0.0,0.0,
FRA-Ligue 1,2223,2023-03-10 Lille-Lyon,Lille,Lucas Chevalier,True,Goalkeeper,1,start,end,1.0,0.0,0.0,0.0,0.0,0.0,1.0,3.0,2.0,3.0,0.0,0.0,0.0,0.0,
FRA-Ligue 1,2223,2023-03-10 Lille-Lyon,Lyon,Rémy Riou,False,Goalkeeper,1,start,end,1.0,0.0,0.0,0.0,0.0,0.0,0.0,3.0,3.0,5.0,0.0,0.0,0.0,0.0,
FRA-Ligue 1,2223,2023-03-11 AJ Auxerre-Stade Rennais,AJ Auxerre,Andrei Radu,True,Goalkeeper,1,start,end,1.0,0.0,0.0,0.0,0.0,0.0,0.0,0.0,2.0,7.0,0.0,0.0,0.0,0.0,
FRA-Ligue 1,2223,2023-03-11 AJ Auxerre-Stade Rennais,Stade Rennais,Steve Mandanda,False,Goalkeeper,1,start,end,1.0,0.0,0.0,0.0,0.0,0.0,0.0,0.0,0.0,13.0,0.0,0.0,0.0,0.0,
FRA-Ligue 1,2223,2023-03-11 Brest-Paris Saint-Germain,Brest,Marco Bizot,True,Goalkeeper,1,start,end,1.0,0.0,0.0,0.0,0.0,0.0,0.0,2.0,6.0,15.0,0.0,0.0,0.0,0.0,
FRA-Ligue 1,2223,2023-03-11 Brest-Paris Saint-Germain,Paris Saint-Germain,Gianluigi Donnarumma,False,Goalkeeper,1,start,end,1.0,0.0,1.0,0.0,0.0,0.0,0.0,1.0,1.0,6.0,0.0,0.0,0.0,0.0,
FRA-Ligue 1,2223,2023-03-12 AC Ajaccio-Montpellier,AC Ajaccio,Benjamin Leroy,True,Goalkeeper,1,start,end,1.0,0.0,0.0,0.0,0.0,0.0,0.0,1.0,3.0,10.0,0.0,0.0,0.0,0.0,
FRA-Ligue 1,2223,2023-03-12 AC Ajaccio-Montpellier,Montpellier,Benjamin Lecomte,False,Goalkeeper,1,start,end,1.0,0.0,0.0,0.0,0.0,0.0,0.0,0.0,1.0,6.0,0.0,0.0,0.0,0.0,
FRA-Ligue 1,2223,2023-03-12 AS Monaco-Stade de Reims,AS Monaco,Alexander Nübel,True,Goalkeeper,1,start,end,1.0,0.0,0.0,0.0,0.0,0.0,0.0,1.0,7.0,16.0,0.0,0.0,0.0,0.0,
FRA-Ligue 1,2223,2023-03-12 AS Monaco-Stade de Reims,Stade de Reims,Yehvann Diouf,False,Goalkeeper,1,start,end,1.0,0.0,1.0,0.0,0.0,0.0,0.0,0.0,3.0,14.0,0.0,0.0,0.0,0.0,
FRA-Ligue 1,2223,2023-03-12 Angers-Toulouse,Angers,Paul Bernardoni,True,Goalkeeper,1,start,end,1.0,0.0,0.0,0.0,0.0,0.0,0.0,2.0,3.0,6.0,0.0,0.0,0.0,0.0,
FRA-Ligue 1,2223,2023-03-12 Angers-Toulouse,Toulouse,Maxime Dupé,False,Goalkeeper,1,start,end,1.0,0.0,0.0,0.0,0.0,0.0,0.0,0.0,2.0,12.0,0.0,0.0,0.0,0.0,
FRA-Ligue 1,2223,2023-03-12 Clermont Foot-Lens,Clermont Foot,Mory Diaw,True,Goalkeeper,1,start,end,1.0,0.0,0.0,0.0,0.0,0.0,0.0,4.0,2.0,9.0,0.0,0.0,0.0,0.0,
FRA-Ligue 1,2223,2023-03-12 Clermont Foot-Lens,Lens,Brice Samba,False,Goalkeeper,1,start,end,1.0,0.0,0.0,0.0,0.0,0.0,0.0,0.0,5.0,10.0,0.0,0.0,0.0,0.0,
FRA-Ligue 1,2223,2023-03-12 Lorient-Troyes,Lorient,Vito Mannone,True,Goalkeeper,1,start,end,1.0,0.0,0.0,0.0,0.0,0.0,0.0,0.0,3.0,9.0,0.0,0.0,0.0,0.0,
FRA-Ligue 1,2223,2023-03-12 Lorient-Troyes,Troyes,Gauthier Gallon,False,Goalkeeper,1,start,end,1.0,0.0,0.0,0.0,0.0,0.0,0.0,2.0,4.0,12.0,0.0,0.0,0.0,0.0,
FRA-Ligue 1,2223,2023-03-12 Marseille-Strasbourg,Marseille,Pau López,True,Goalkeeper,1,start,end,1.0,0.0,1.0,0.0,0.0,0.0,0.0,2.0,6.0,20.0,0.0,0.0,0.0,0.0,
FRA-Ligue 1,2223,2023-03-12 Marseille-Strasbourg,Strasbourg,Matz Sels,False,Goalkeeper,1,start,end,1.0,0.0,0.0,0.0,0.0,0.0,0.0,2.0,2.0,5.0,0.0,0.0,0.0,0.0,
FRA-Ligue 1,2223,2023-03-12 Nantes-Nice,Nantes,Alban Lafont,True,Goalkeeper,1,start,end,1.0,0.0,0.0,0.0,0.0,0.0,0.0,2.0,6.0,13.0,0.0,0.0,0.0,0.0,
FRA-Ligue 1,2223,2023-03-12 Nantes-Nice,Nice,Kasper Schmeichel,False,Goalkeeper,1,start,end,1.0,0.0,0.0,0.0,0.0,0.0,0.0,2.0,1.0,7.0,0.0,0.0,0.0,0.0,
FRA-Ligue 1,2223,2023-03-17 Lyon-Nantes,Lyon,Rémy Riou,True,Goalkeeper,1,start,end,1.0,0.0,0.0,0.0,0.0,0.0,0.0,0.0,5.0,11.0,0.0,0.0,0.0,0.0,
FRA-Ligue 1,2223,2023-03-17 Lyon-Nantes,Nantes,Alban Lafont,False,Goalkeeper,1,start,end,1.0,0.0,0.0,0.0,0.0,0.0,0.0,1.0,5.0,10.0,0.0,0.0,0.0,0.0,
FRA-Ligue 1,2223,2023-03-18 Lens-Angers,Angers,Paul Bernardoni,False,Goalkeeper,1,start,end,1.0,0.0,0.0,0.0,0.0,0.0,0.0,3.0,3.0,8.0,0.0,0.0,0.0,0.0,
FRA-Ligue 1,2223,2023-03-18 Lens-Angers,Lens,Brice Samba,True,Goalkeeper,1,start,end,1.0,0.0,0.0,0.0,0.0,0.0,0.0,0.0,3.0,3.0,0.0,0.0,0.0,0.0,
FRA-Ligue 1,2223,2023-03-18 Toulouse-Lille,Lille,Lucas Chevalier,False,Goalkeeper,1,start,end,1.0,0.0,0.0,0.0,0.0,0.0,0.0,0.0,4.0,15.0,0.0,0.0,0.0,0.0,
FRA-Ligue 1,2223,2023-03-18 Toulouse-Lille,Toulouse,Maxime Dupé,True,Goalkeeper,1,start,end,1.0,0.0,0.0,0.0,0.0,0.0,0.0,2.0,2.0,16.0,0.0,0.0,0.0,0.0,
FRA-Ligue 1,2223,2023-03-19 AC Ajaccio-AS Monaco,AC Ajaccio,Benjamin Leroy,True,Goalkeeper,1,start,end,1.0,0.0,0.0,0.0,0.0,0.0,0.0,2.0,2.0,6.0,0.0,0.0,0.0,0.0,
FRA-Ligue 1,2223,2023-03-19 AC Ajaccio-AS Monaco,AS Monaco,Alexander Nübel,False,Goalkeeper,1,start,end,1.0,0.0,0.0,0.0,0.0,0.0,0.0,0.0,1.0,9.0,0.0,0.0,0.0,0.0,
FRA-Ligue 1,2223,2023-03-19 Montpellier-Clermont Foot,Clermont Foot,Mory Diaw,False,Goalkeeper,1,start,end,1.0,0.0,0.0,0.0,0.0,0.0,0.0,2.0,7.0,21.0,0.0,0.0,0.0,0.0,
FRA-Ligue 1,2223,2023-03-19 Montpellier-Clermont Foot,Montpellier,Benjamin Lecomte,True,Goalkeeper,1,start,end,1.0,0.0,0.0,0.0,0.0,0.0,0.0,1.0,7.0,14.0,0.0,0.0,0.0,0.0,
FRA-Ligue 1,2223,2023-03-19 Nice-Lorient,Lorient,Vito Mannone,False,Goalkeeper,1,start,end,1.0,0.0,0.0,0.0,0.0,0.0,1.0,1.0,0.0,17.0,0.0,0.0,0.0,0.0,
FRA-Ligue 1,2223,2023-03-19 Nice-Lorient,Nice,Kasper Schmeichel,True,Goalkeeper,1,start,end,1.0,0.0,0.0,0.0,0.0,0.0,0.0,1.0,2.0,8.0,0.0,0.0,0.0,0.0,
FRA-Ligue 1,2223,2023-03-19 Paris Saint-Germain-Stade Rennais,Paris Saint-Germain,Gianluigi Donnarumma,True,Goalkeeper,1,start,end,1.0,0.0,0.0,0.0,0.0,0.0,0.0,2.0,1.0,8.0,0.0,0.0,0.0,0.0,
FRA-Ligue 1,2223,2023-03-19 Paris Saint-Germain-Stade Rennais,Stade Rennais,Steve Mandanda,False,Goalkeeper,1,start,end,1.0,0.0,0.0,0.0,0.0,0.0,0.0,0.0,8.0,16.0,0.0,0.0,0.0,0.0,
FRA-Ligue 1,2223,2023-03-19 Stade de Reims-Marseille,Marseille,Pau López,False,Goalkeeper,1,start,end,1.0,0.0,1.0,0.0,0.0,0.0,0.0,1.0,5.0,18.0,1.0,0.0,0.0,0.0,
FRA-Ligue 1,2223,2023-03-19 Stade de Reims-Marseille,Stade de Reims,Yehvann Diouf,True,Goalkeeper,1,start,end,1.0,0.0,0.0,0.0,0.0,0.0,0.0,2.0,3.0,11.0,0.0,0.0,0.0,0.0,
FRA-Ligue 1,2223,2023-03-19 Strasbourg-AJ Auxerre,AJ Auxerre,Andrei Radu,False,Goalkeeper,1,start,end,1.0,0.0,0.0,0.0,0.0,0.0,0.0,2.0,3.0,10.0,0.0,0.0,0.0,0.0,
FRA-Ligue 1,2223,2023-03-19 Strasbourg-AJ Auxerre,Strasbourg,Matz Sels,True,Goalkeeper,1,start,end,1.0,0.0,0.0,0.0,0.0,0.0,0.0,0.0,1.0,8.0,0.0,0.0,0.0,0.0,
FRA-Ligue 1,2223,2023-03-19 Troyes-Brest,Brest,Marco Bizot,False,Goalkeeper,1,start,end,1.0,0.0,0.0,0.0,0.0,0.0,0.0,2.0,3.0,13.0,0.0,0.0,0.0,0.0,
FRA-Ligue 1,2223,2023-03-19 Troyes-Brest,Troyes,Gauthier Gallon,True,Goalkeeper,1,start,end,1.0,0.0,1.0,0.0,0.0,0.0,0.0,2.0,0.0,6.0,0.0,0.0,0.0,0.0,
FRA-Ligue 1,2223,2023-03-31 Marseille-Montpellier,Marseille,Rubén Blanco,True,Goalkeeper,1,start,end,1.0,0.0,0.0,0.0,0.0,0.0,0.0,1.0,2.0,8.0,0.0,0.0,0.0,0.0,
FRA-Ligue 1,2223,2023-03-31 Marseille-Montpellier,Montpellier,Benjamin Lecomte,False,Goalkeeper,1,start,end,1.0,0.0,0.0,0.0,0.0,0.0,0.0,1.0,1.0,10.0,0.0,0.0,0.0,0.0,
FRA-Ligue 1,2223,2023-04-01 AJ Auxerre-Troyes,AJ Auxerre,Andrei Radu,True,Goalkeeper,1,start,end,1.0,0.0,0.0,0.0,0.0,0.0,0.0,0.0,1.0,14.0,0.0,0.0,0.0,0.0,
FRA-Ligue 1,2223,2023-04-01 AJ Auxerre-Troyes,Troyes,Gauthier Gallon,False,Goalkeeper,1,start,end,1.0,0.0,0.0,0.0,0.0,0.0,0.0,1.0,4.0,11.0,0.0,0.0,0.0,0.0,
FRA-Ligue 1,2223,2023-04-01 Stade Rennais-Lens,Lens,Brice Samba,False,Goalkeeper,1,start,end,1.0,0.0,1.0,0.0,0.0,0.0,0.0,0.0,3.0,9.0,0.0,0.0,0.0,0.0,
FRA-Ligue 1,2223,2023-04-01 Stade Rennais-Lens,Stade Rennais,Steve Mandanda,True,Goalkeeper,1,start,end,1.0,0.0,0.0,0.0,0.0,0.0,0.0,1.0,3.0,10.0,0.0,0.0,0.0,0.0,
FRA-Ligue 1,2223,2023-04-02 AS Monaco-Strasbourg,AS Monaco,Alexander Nübel,True,Goalkeeper,1,start,end,1.0,0.0,0.0,0.0,0.0,0.0,0.0,2.0,4.0,12.0,0.0,0.0,0.0,0.0,
FRA-Ligue 1,2223,2023-04-02 AS Monaco-Strasbourg,Strasbourg,Matz Sels,False,Goalkeeper,1,start,end,1.0,0.0,0.0,0.0,0.0,0.0,0.0,4.0,2.0,4.0,0.0,0.0,0.0,0.0,
FRA-Ligue 1,2223,2023-04-02 Angers-Nice,Angers,Paul Bernardoni,True,Goalkeeper,1,start,end,1.0,0.0,1.0,0.0,0.0,0.0,0.0,1.0,2.0,12.0,0.0,0.0,0.0,0.0,
FRA-Ligue 1,2223,2023-04-02 Angers-Nice,Nice,Kasper Schmeichel,False,Goalkeeper,1,start,end,1.0,0.0,0.0,0.0,0.0,0.0,0.0,1.0,5.0,12.0,0.0,0.0,0.0,0.0,
FRA-Ligue 1,2223,2023-04-02 Brest-Toulouse,Brest,Marco Bizot,True,Goalkeeper,1,start,end,1.0,0.0,0.0,0.0,0.0,0.0,0.0,1.0,2.0,7.0,0.0,0.0,0.0,0.0,
FRA-Ligue 1,2223,2023-04-02 Brest-Toulouse,Toulouse,Maxime Dupé,False,Goalkeeper,1,start,end,1.0,0.0,0.0,0.0,0.0,0.0,0.0,3.0,4.0,13.0,0.0,0.0,0.0,0.0,
FRA-Ligue 1,2223,2023-04-02 Clermont Foot-AC Ajaccio,AC Ajaccio,Benjamin Leroy,False,Goalkeeper,1,start,end,1.0,0.0,0.0,0.0,0.0,0.0,1.0,2.0,4.0,13.0,0.0,0.0,0.0,0.0,
FRA-Ligue 1,2223,2023-04-02 Clermont Foot-AC Ajaccio,Clermont Foot,Mory Diaw,True,Goalkeeper,1,start,end,1.0,0.0,0.0,0.0,0.0,0.0,0.0,1.0,1.0,2.0,0.0,0.0,0.0,0.0,
FRA-Ligue 1,2223,2023-04-02 Lille-Lorient,Lille,Lucas Chevalier,True,Goalkeeper,1,start,end,1.0,0.0,0.0,0.0,0.0,0.0,0.0,1.0,0.0,1.0,0.0,0.0,0.0,0.0,
FRA-Ligue 1,2223,2023-04-02 Lille-Lorient,Lorient,Vito Mannone,False,Goalkeeper,1,start,end,1.0,0.0,0.0,0.0,0.0,0.0,0.0,3.0,4.0,17.0,0.0,0.0,0.0,0.0,
FRA-Ligue 1,2223,2023-04-02 Nantes-Stade de Reims,Nantes,Alban Lafont,True,Goalkeeper,1,start,end,1.0,0.0,0.0,0.0,0.0,0.0,0.0,3.0,6.0,11.0,0.0,0.0,0.0,0.0,
FRA-Ligue 1,2223,2023-04-02 Nantes-Stade de Reims,Stade de Reims,Yehvann Diouf,False,Goalkeeper,1,start,end,1.0,0.0,1.0,0.0,0.0,0.0,0.0,0.0,5.0,12.0,0.0,0.0,0.0,0.0,
FRA-Ligue 1,2223,2023-04-02 Paris Saint-Germain-Lyon,Lyon,Anthony Lopes,False,Goalkeeper,1,start,end,1.0,0.0,0.0,0.0,0.0,0.0,0.0,0.0,5.0,17.0,0.0,0.0,0.0,0.0,
FRA-Ligue 1,2223,2023-04-02 Paris Saint-Germain-Lyon,Paris Saint-Germain,Gianluigi Donnarumma,True,Goalkeeper,1,start,end,1.0,1.0,0.0,0.0,0.0,0.0,1.0,1.0,2.0,9.0,0.0,0.0,0.0,0.0,
FRA-Ligue 1,2223,2023-04-07 Lens-Strasbourg,Lens,Brice Samba,True,Goalkeeper,1,start,end,1.0,0.0,0.0,0.0,0.0,0.0,0.0,1.0,2.0,11.0,0.0,0.0,0.0,0.0,
FRA-Ligue 1,2223,2023-04-07 Lens-Strasbourg,Strasbourg,Matz Sels,False,Goalkeeper,1,start,end,1.0,0.0,1.0,0.0,0.0,0.0,0.0,2.0,7.0,10.0,0.0,0.0,0.0,0.0,
FRA-Ligue 1,2223,2023-04-08 Angers-Lille,Angers,Paul Bernardoni,True,Goalkeeper,1,start,end,1.0,0.0,0.0,0.0,0.0,0.0,0.0,0.0,5.0,14.0,0.0,0.0,0.0,0.0,
FRA-Ligue 1,2223,2023-04-08 Angers-Lille,Lille,Lucas Chevalier,False,Goalkeeper,1,start,end,1.0,0.0,0.0,0.0,0.0,0.0,0.0,1.0,4.0,6.0,0.0,0.0,0.0,0.0,
FRA-Ligue 1,2223,2023-04-08 Nice-Paris Saint-Germain,Nice,Kasper Schmeichel,True,Goalkeeper,1,start,end,1.0,0.0,0.0,0.0,0.0,0.0,0.0,2.0,2.0,11.0,0.0,0.0,0.0,0.0,
FRA-Ligue 1,2223,2023-04-08 Nice-Paris Saint-Germain,Paris Saint-Germain,Gianluigi Donnarumma,False,Goalkeeper,1,start,end,1.0,0.0,0.0,0.0,0.0,0.0,0.0,0.0,8.0,21.0,0.0,0.0,0.0,0.0,
FRA-Ligue 1,2223,2023-04-09 AC Ajaccio-AJ Auxerre,AC Ajaccio,Benjamin Leroy,True,Goalkeeper,1,start,end,1.0,0.0,0.0,0.0,0.0,0.0,0.0,2.0,2.0,9.0,0.0,0.0,0.0,0.0,
FRA-Ligue 1,2223,2023-04-09 AC Ajaccio-AJ Auxerre,AJ Auxerre,Andrei Radu,False,Goalkeeper,1,start,end,1.0,0.0,0.0,0.0,0.0,0.0,0.0,0.0,2.0,8.0,0.0,0.0,0.0,0.0,
FRA-Ligue 1,2223,2023-04-09 Lorient-Marseille,Lorient,Vito Mannone,True,Goalkeeper,1,start,end,1.0,0.0,0.0,0.0,0.0,0.0,0.0,0.0,2.0,12.0,0.0,0.0,0.0,0.0,
FRA-Ligue 1,2223,2023-04-09 Lorient-Marseille,Marseille,Pau López,False,Goalkeeper,1,start,end,1.0,0.0,0.0,0.0,0.0,0.0,0.0,0.0,5.0,9.0,0.0,0.0,0.0,0.0,
FRA-Ligue 1,2223,2023-04-09 Lyon-Stade Rennais,Lyon,Anthony Lopes,True,Goalkeeper,1,start,end,1.0,0.0,0.0,0.0,0.0,0.0,0.0,1.0,2.0,10.0,0.0,0.0,0.0,0.0,
FRA-Ligue 1,2223,2023-04-09 Lyon-Stade Rennais,Stade Rennais,Dogan Alemdar,False,Goalkeeper,1,start,end,1.0,0.0,0.0,0.0,0.0,0.0,0.0,3.0,0.0,8.0,0.0,0.0,0.0,0.0,
FRA-Ligue 1,2223,2023-04-09 Montpellier-Toulouse,Montpellier,Benjamin Lecomte,True,Goalkeeper,1,start,end,1.0,0.0,0.0,0.0,0.0,0.0,0.0,2.0,6.0,13.0,0.0,0.0,0.0,0.0,
FRA-Ligue 1,2223,2023-04-09 Montpellier-Toulouse,Toulouse,Maxime Dupé,False,Goalkeeper,1,start,end,1.0,0.0,0.0,0.0,0.0,0.0,0.0,1.0,7.0,14.0,0.0,0.0,0.0,0.0,
FRA-Ligue 1,2223,2023-04-09 Nantes-AS Monaco,AS Monaco,Alexander Nübel,False,Goalkeeper,1,start,end,1.0,0.0,0.0,0.0,0.0,0.0,0.0,2.0,0.0,6.0,0.0,0.0,0.0,0.0,
FRA-Ligue 1,2223,2023-04-09 Nantes-AS Monaco,Nantes,Alban Lafont,True,Goalkeeper,1,start,end,1.0,0.0,0.0,0.0,0.0,0.0,0.0,2.0,7.0,14.0,0.0,0.0,0.0,0.0,
FRA-Ligue 1,2223,2023-04-09 Stade de Reims-Brest,Brest,Marco Bizot,False,Goalkeeper,1,start,end,1.0,0.0,1.0,0.0,0.0,0.0,0.0,1.0,5.0,23.0,0.0,0.0,0.0,0.0,
FRA-Ligue 1,2223,2023-04-09 Stade de Reims-Brest,Stade de Reims,Yehvann Diouf,True,Goalkeeper,1,start,end,1.0,0.0,0.0,0.0,0.0,0.0,0.0,1.0,4.0,11.0,0.0,0.0,0.0,0.0,
FRA-Ligue 1,2223,2023-04-09 Troyes-Clermont Foot,Clermont Foot,Mory Diaw,False,Goalkeeper,1,start,end,1.0,0.0,0.0,0.0,0.0,0.0,0.0,0.0,3.0,9.0,0.0,0.0,0.0,0.0,
FRA-Ligue 1,2223,2023-04-09 Troyes-Clermont Foot,Troyes,Gauthier Gallon,True,Goalkeeper,1,start,end,1.0,0.0,0.0,0.0,0.0,0.0,0.0,2.0,2.0,11.0,0.0,0.0,0.0,0.0,
FRA-Ligue 1,2223,2023-04-14 Toulouse-Lyon,Lyon,Anthony Lopes,False,Goalkeeper,1,start,end,1.0,0.0,1.0,0.0,0.0,0.0,0.0,1.0,4.0,12.0,0.0,0.0,0.0,0.0,
FRA-Ligue 1,2223,2023-04-14 Toulouse-Lyon,Toulouse,Maxime Dupé,True,Goalkeeper,1,start,end,1.0,0.0,0.0,0.0,0.0,0.0,0.0,1.0,2.0,12.0,0.0,0.0,0.0,0.0,
FRA-Ligue 1,2223,2023-04-15 Paris Saint-Germain-Lens,Lens,Brice Samba,False,Goalkeeper,1,start,end,1.0,0.0,0.0,0.0,0.0,0.0,0.0,3.0,4.0,12.0,0.0,0.0,0.0,0.0,
FRA-Ligue 1,2223,2023-04-15 Paris Saint-Germain-Lens,Paris Saint-Germain,Gianluigi Donnarumma,True,Goalkeeper,1,start,end,1.0,0.0,0.0,0.0,0.0,0.0,0.0,1.0,6.0,13.0,0.0,0.0,0.0,0.0,
FRA-Ligue 1,2223,2023-04-15 Stade Rennais-Stade de Reims,Stade Rennais,Steve Mandanda,True,Goalkeeper,1,start,end,1.0,0.0,0.0,0.0,0.0,0.0,0.0,0.0,1.0,5.0,0.0,0.0,0.0,0.0,
FRA-Ligue 1,2223,2023-04-15 Stade Rennais-Stade de Reims,Stade de Reims,Yehvann Diouf,False,Goalkeeper,1,start,end,1.0,0.0,0.0,0.0,0.0,0.0,0.0,3.0,5.0,20.0,0.0,0.0,0.0,0.0,
FRA-Ligue 1,2223,2023-04-16 AJ Auxerre-Nantes,AJ Auxerre,Donovan Léon,True,Goalkeeper,1,start,end,1.0,0.0,0.0,0.0,0.0,0.0,0.0,1.0,6.0,17.0,0.0,0.0,0.0,0.0,
FRA-Ligue 1,2223,2023-04-16 AJ Auxerre-Nantes,Nantes,Alban Lafont,False,Goalkeeper,1,start,end,1.0,0.0,0.0,0.0,0.0,0.0,0.0,2.0,6.0,11.0,0.0,0.0,0.0,0.0,
FRA-Ligue 1,2223,2023-04-16 AS Monaco-Lorient,AS Monaco,Alexander Nübel,True,Goalkeeper,1,start,end,1.0,0.0,0.0,0.0,0.0,0.0,0.0,1.0,3.0,7.0,0.0,0.0,0.0,0.0,
FRA-Ligue 1,2223,2023-04-16 AS Monaco-Lorient,Lorient,Vito Mannone,False,Goalkeeper,1,start,end,1.0,0.0,0.0,0.0,0.0,0.0,0.0,3.0,3.0,8.0,0.0,0.0,0.0,0.0,
FRA-Ligue 1,2223,2023-04-16 Brest-Nice,Brest,Marco Bizot,True,Goalkeeper,1,start,end,1.0,0.0,1.0,0.0,0.0,0.0,0.0,0.0,6.0,11.0,0.0,0.0,0.0,0.0,
FRA-Ligue 1,2223,2023-04-16 Brest-Nice,Nice,Kasper Schmeichel,False,Goalkeeper,1,start,end,1.0,0.0,0.0,0.0,0.0,0.0,0.0,1.0,2.0,12.0,0.0,0.0,0.0,0.0,
FRA-Ligue 1,2223,2023-04-16 Clermont Foot-Angers,Angers,Paul Bernardoni,False,Goalkeeper,1,start,end,1.0,0.0,0.0,0.0,0.0,0.0,0.0,2.0,3.0,10.0,0.0,0.0,0.0,0.0,
FRA-Ligue 1,2223,2023-04-16 Clermont Foot-Angers,Clermont Foot,Mory Diaw,True,Goalkeeper,1,start,end,1.0,0.0,2.0,0.0,0.0,0.0,0.0,1.0,3.0,6.0,0.0,0.0,0.0,0.0,
FRA-Ligue 1,2223,2023-04-16 Lille-Montpellier,Lille,Lucas Chevalier,True,Goalkeeper,1,start,end,1.0,0.0,1.0,0.0,0.0,0.0,0.0,1.0,0.0,3.0,0.0,0.0,0.0,0.0,
FRA-Ligue 1,2223,2023-04-16 Lille-Montpellier,Montpellier,Benjamin Lecomte,False,Goalkeeper,1,start,end,1.0,0.0,0.0,0.0,0.0,0.0,0.0,2.0,5.0,15.0,0.0,0.0,0.0,0.0,
FRA-Ligue 1,2223,2023-04-16 Marseille-Troyes,Marseille,Pau López,True,Goalkeeper,1,start,end,1.0,0.0,0.0,0.0,0.0,0.0,0.0,1.0,1.0,3.0,0.0,0.0,0.0,0.0,
FRA-Ligue 1,2223,2023-04-16 Marseille-Troyes,Troyes,Gauthier Gallon,False,Goalkeeper,1,start,end,1.0,0.0,0.0,0.0,0.0,0.0,0.0,3.0,4.0,25.0,0.0,0.0,0.0,0.0,
FRA-Ligue 1,2223,2023-04-16 Strasbourg-AC Ajaccio,AC Ajaccio,Benjamin Leroy,False,Goalkeeper,1,start,end,1.0,0.0,0.0,0.0,0.0,0.0,0.0,3.0,2.0,9.0,0.0,0.0,0.0,0.0,
FRA-Ligue 1,2223,2023-04-16 Strasbourg-AC Ajaccio,Strasbourg,Matz Sels,True,Goalkeeper,1,start,end,1.0,0.0,0.0,0.0,0.0,0.0,0.0,1.0,0.0,7.0,0.0,0.0,0.0,0.0,
FRA-Ligue 1,2223,2023-04-21 Angers-Paris Saint-Germain,Angers,Paul Bernardoni,True,Goalkeeper,1,start,end,1.0,0.0,0.0,0.0,0.0,0.0,0.0,2.0,2.0,8.0,0.0,0.0,0.0,0.0,
FRA-Ligue 1,2223,2023-04-21 Angers-Paris Saint-Germain,Paris Saint-Germain,Gianluigi Donnarumma,False,Goalkeeper,1,start,end,1.0,0.0,0.0,0.0,0.0,0.0,0.0,1.0,3.0,14.0,0.0,0.0,0.0,0.0,
FRA-Ligue 1,2223,2023-04-22 AJ Auxerre-Lille,AJ Auxerre,Donovan Léon,True,Goalkeeper,1,start,end,1.0,0.0,1.0,0.0,0.0,0.0,0.0,1.0,3.0,13.0,0.0,0.0,0.0,0.0,
FRA-Ligue 1,2223,2023-04-22 AJ Auxerre-Lille,Lille,Lucas Chevalier,False,Goalkeeper,1,start,end,1.0,0.0,0.0,0.0,0.0,0.0,0.0,1.0,3.0,7.0,0.0,0.0,0.0,0.0,
FRA-Ligue 1,2223,2023-04-22 Lens-AS Monaco,AS Monaco,Alexander Nübel,False,Goalkeeper,1,start,end,1.0,0.0,0.0,0.0,0.0,0.0,0.0,3.0,4.0,18.0,0.0,0.0,0.0,0.0,
FRA-Ligue 1,2223,2023-04-22 Lens-AS Monaco,Lens,Brice Samba,True,Goalkeeper,1,start,end,1.0,0.0,1.0,0.0,0.0,0.0,0.0,0.0,4.0,10.0,0.0,0.0,0.0,0.0,
FRA-Ligue 1,2223,2023-04-23 AC Ajaccio-Brest,AC Ajaccio,Benjamin Leroy,True,Goalkeeper,1,start,end,1.0,0.0,1.0,0.0,0.0,0.0,0.0,0.0,2.0,8.0,0.0,0.0,0.0,0.0,
FRA-Ligue 1,2223,2023-04-23 AC Ajaccio-Brest,Brest,Marco Bizot,False,Goalkeeper,1,start,end,1.0,0.0,0.0,0.0,0.0,0.0,0.0,0.0,2.0,3.0,0.0,0.0,0.0,0.0,
FRA-Ligue 1,2223,2023-04-23 Lorient-Toulouse,Lorient,Yvon Mvogo,True,Goalkeeper,1,start,end,1.0,0.0,0.0,0.0,0.0,0.0,0.0,1.0,3.0,12.0,0.0,0.0,0.0,0.0,
FRA-Ligue 1,2223,2023-04-23 Lorient-Toulouse,Toulouse,Maxime Dupé,False,Goalkeeper,1,start,end,1.0,0.0,0.0,0.0,0.0,0.0,0.0,0.0,1.0,9.0,0.0,0.0,0.0,0.0,
FRA-Ligue 1,2223,2023-04-23 Lyon-Marseille,Lyon,Anthony Lopes,True,Goalkeeper,1,start,end,1.0,0.0,1.0,0.0,0.0,0.0,0.0,2.0,6.0,13.0,0.0,0.0,0.0,0.0,
FRA-Ligue 1,2223,2023-04-23 Lyon-Marseille,Marseille,Pau López,False,Goalkeeper,1,start,end,1.0,0.0,0.0,0.0,0.0,0.0,0.0,1.0,1.0,6.0,0.0,0.0,0.0,0.0,
FRA-Ligue 1,2223,2023-04-23 Montpellier-Stade Rennais,Montpellier,Benjamin Lecomte,True,Goalkeeper,1,start,end,1.0,0.0,0.0,0.0,0.0,0.0,0.0,0.0,4.0,16.0,0.0,0.0,0.0,0.0,
FRA-Ligue 1,2223,2023-04-23 Montpellier-Stade Rennais,Stade Rennais,Steve Mandanda,False,Goalkeeper,1,start,end,1.0,0.0,0.0,0.0,0.0,0.0,0.0,1.0,1.0,9.0,0.0,0.0,0.0,0.0,
FRA-Ligue 1,2223,2023-04-23 Nantes-Troyes,Nantes,Alban Lafont,True,Goalkeeper,1,start,end,1.0,0.0,0.0,0.0,0.0,0.0,0.0,2.0,3.0,7.0,0.0,0.0,0.0,0.0,
FRA-Ligue 1,2223,2023-04-23 Nantes-Troyes,Troyes,Gauthier Gallon,False,Goalkeeper,1,start,end,1.0,0.0,0.0,0.0,0.0,0.0,0.0,2.0,7.0,15.0,0.0,0.0,0.0,0.0,
FRA-Ligue 1,2223,2023-04-23 Nice-Clermont Foot,Clermont Foot,Mory Diaw,False,Goalkeeper,1,start,end,1.0,0.0,0.0,0.0,0.0,0.0,0.0,1.0,4.0,13.0,0.0,0.0,0.0,0.0,
FRA-Ligue 1,2223,2023-04-23 Nice-Clermont Foot,Nice,Kasper Schmeichel,True,Goalkeeper,1,start,end,1.0,0.0,0.0,0.0,0.0,0.0,0.0,2.0,1.0,7.0,0.0,0.0,0.0,0.0,
FRA-Ligue 1,2223,2023-04-23 Stade de Reims-Strasbourg,Stade de Reims,Yehvann Diouf,True,Goalkeeper,1,start,end,1.0,0.0,0.0,0.0,0.0,0.0,0.0,2.0,2.0,7.0,0.0,0.0,0.0,0.0,
FRA-Ligue 1,2223,2023-04-23 Stade de Reims-Strasbourg,Strasbourg,Matz Sels,False,Goalkeeper,1,start,end,1.0,0.0,0.0,0.0,0.0,0.0,0.0,0.0,5.0,15.0,0.0,0.0,0.0,0.0,
FRA-Ligue 1,2223,2023-04-28 Strasbourg-Lyon,Lyon,Anthony Lopes,False,Goalkeeper,1,start,end,1.0,0.0,1.0,0.0,0.0,0.0,0.0,1.0,2.0,11.0,0.0,0.0,0.0,0.0,
FRA-Ligue 1,2223,2023-04-28 Strasbourg-Lyon,Strasbourg,Matz Sels,True,Goalkeeper,1,start,end,1.0,0.0,0.0,0.0,0.0,0.0,0.0,2.0,2.0,6.0,0.0,0.0,0.0,0.0,
FRA-Ligue 1,2223,2023-04-29 Lille-AC Ajaccio,AC Ajaccio,Benjamin Leroy,False,Goalkeeper,1,start,end,1.0,0.0,0.0,0.0,0.0,0.0,0.0,3.0,2.0,6.0,0.0,0.0,0.0,0.0,
FRA-Ligue 1,2223,2023-04-29 Lille-AC Ajaccio,Lille,Lucas Chevalier,True,Goalkeeper,1,start,end,1.0,0.0,0.0,0.0,0.0,0.0,0.0,0.0,0.0,2.0,0.0,0.0,0.0,0.0,
FRA-Ligue 1,2223,2023-04-30 AS Monaco-Montpellier,AS Monaco,Alexander Nübel,True,Goalkeeper,1,start,end,1.0,0.0,0.0,0.0,0.0,0.0,0.0,4.0,5.0,15.0,0.0,0.0,0.0,0.0,
FRA-Ligue 1,2223,2023-04-30 AS Monaco-Montpellier,Montpellier,Benjamin Lecomte,False,Goalkeeper,1,start,end,1.0,0.0,0.0,0.0,0.0,0.0,0.0,0.0,5.0,7.0,0.0,0.0,0.0,0.0,
FRA-Ligue 1,2223,2023-04-30 Clermont Foot-Stade de Reims,Clermont Foot,Mory Diaw,True,Goalkeeper,1,start,end,1.0,0.0,0.0,0.0,0.0,0.0,0.0,0.0,3.0,16.0,0.0,0.0,0.0,0.0,
FRA-Ligue 1,2223,2023-04-30 Clermont Foot-Stade de Reims,Stade de Reims,Yehvann Diouf,False,Goalkeeper,1,start,end,1.0,0.0,0.0,0.0,0.0,0.0,0.0,1.0,1.0,8.0,0.0,0.0,0.0,0.0,
FRA-Ligue 1,2223,2023-04-30 Marseille-AJ Auxerre,AJ Auxerre,Andrei Radu,False,Goalkeeper,1,start,end,1.0,0.0,0.0,0.0,0.0,0.0,0.0,2.0,2.0,22.0,0.0,0.0,0.0,0.0,
FRA-Ligue 1,2223,2023-04-30 Marseille-AJ Auxerre,Marseille,Pau López,True,Goalkeeper,1,start,end,1.0,0.0,0.0,0.0,0.0,0.0,0.0,1.0,3.0,10.0,0.0,0.0,0.0,0.0,
FRA-Ligue 1,2223,2023-04-30 Paris Saint-Germain-Lorient,Lorient,Yvon Mvogo,False,Goalkeeper,1,start,end,1.0,0.0,0.0,0.0,0.0,0.0,0.0,1.0,3.0,12.0,0.0,0.0,0.0,0.0,
FRA-Ligue 1,2223,2023-04-30 Paris Saint-Germain-Lorient,Paris Saint-Germain,Gianluigi Donnarumma,True,Goalkeeper,1,start,end,1.0,0.0,0.0,0.0,0.0,0.0,0.0,3.0,4.0,11.0,0.0,0.0,0.0,0.0,
FRA-Ligue 1,2223,2023-04-30 Stade Rennais-Angers,Angers,Paul Bernardoni,False,Goalkeeper,1,start,end,1.0,0.0,0.0,0.0,0.0,0.0,0.0,3.0,1.0,10.0,0.0,0.0,0.0,0.0,
FRA-Ligue 1,2223,2023-04-30 Stade Rennais-Angers,Stade Rennais,Steve Mandanda,True,Goalkeeper,1,start,end,1.0,1.0,0.0,0.0,0.0,0.0,0.0,2.0,0.0,2.0,0.0,0.0,0.0,0.0,
FRA-Ligue 1,2223,2023-04-30 Troyes-Nice,Nice,Kasper Schmeichel,False,Goalkeeper,1,start,end,1.0,0.0,0.0,0.0,0.0,0.0,0.0,0.0,6.0,9.0,0.0,0.0,0.0,0.0,
FRA-Ligue 1,2223,2023-04-30 Troyes-Nice,Troyes,Gauthier Gallon,True,Goalkeeper,1,start,end,1.0,0.0,1.0,0.0,0.0,0.0,0.0,1.0,11.0,29.0,0.0,0.0,0.0,0.0,
FRA-Ligue 1,2223,2023-05-02 Toulouse-Lens,Lens,Brice Samba,False,Goalkeeper,1,start,end,1.0,0.0,0.0,0.0,0.0,0.0,1.0,0.0,2.0,8.0,0.0,0.0,0.0,0.0,
FRA-Ligue 1,2223,2023-05-02 Toulouse-Lens,Toulouse,Maxime Dupé,True,Goalkeeper,1,start,end,1.0,0.0,0.0,0.0,0.0,0.0,0.0,1.0,2.0,10.0,0.0,0.0,0.0,1.0,
FRA-Ligue 1,2223,2023-05-03 Brest-Nantes,Brest,Marco Bizot,True,Goalkeeper,1,start,end,1.0,0.0,0.0,0.0,0.0,0.0,0.0,0.0,5.0,12.0,0.0,0.0,0.0,0.0,
FRA-Ligue 1,2223,2023-05-03 Brest-Nantes,Nantes,Alban Lafont,False,Goalkeeper,1,start,end,1.0,0.0,0.0,0.0,0.0,0.0,0.0,2.0,2.0,4.0,0.0,0.0,0.0,0.0,
FRA-Ligue 1,2223,2023-05-06 Lens-Marseille,Lens,Brice Samba,True,Goalkeeper,1,start,end,1.0,0.0,0.0,0.0,0.0,0.0,1.0,1.0,2.0,13.0,0.0,0.0,0.0,0.0,
FRA-Ligue 1,2223,2023-05-06 Lens-Marseille,Marseille,Pau López,False,Goalkeeper,1,start,end,1.0,0.0,0.0,0.0,0.0,0.0,0.0,2.0,1.0,7.0,0.0,0.0,0.0,0.0,
FRA-Ligue 1,2223,2023-05-06 Nice-Stade Rennais,Nice,Kasper Schmeichel,True,Goalkeeper,1,start,end,1.0,0.0,0.0,0.0,0.0,0.0,0.0,1.0,3.0,14.0,0.0,0.0,0.0,0.0,
FRA-Ligue 1,2223,2023-05-06 Nice-Stade Rennais,Stade Rennais,Steve Mandanda,False,Goalkeeper,1,start,end,1.0,0.0,0.0,0.0,0.0,0.0,0.0,2.0,2.0,9.0,0.0,0.0,0.0,0.0,
FRA-Ligue 1,2223,2023-05-06 Stade de Reims-Lille,Lille,Lucas Chevalier,False,Goalkeeper,1,start,end,1.0,1.0,0.0,0.0,0.0,0.0,0.0,1.0,3.0,13.0,0.0,0.0,0.0,0.0,
FRA-Ligue 1,2223,2023-05-06 Stade de Reims-Lille,Stade de Reims,Yehvann Diouf,True,Goalkeeper,1,start,end,1.0,0.0,0.0,0.0,0.0,0.0,0.0,0.0,5.0,10.0,0.0,0.0,0.0,0.0,
FRA-Ligue 1,2223,2023-05-07 AC Ajaccio-Toulouse,AC Ajaccio,Francois-Joseph Sollacaro,True,Goalkeeper,1,start,end,1.0,0.0,0.0,0.0,0.0,0.0,0.0,0.0,5.0,15.0,0.0,0.0,0.0,0.0,
FRA-Ligue 1,2223,2023-05-07 AC Ajaccio-Toulouse,Toulouse,Maxime Dupé,False,Goalkeeper,1,start,end,1.0,0.0,0.0,0.0,0.0,0.0,0.0,0.0,2.0,4.0,0.0,0.0,0.0,0.0,
FRA-Ligue 1,2223,2023-05-07 AJ Auxerre-Clermont Foot,AJ Auxerre,Andrei Radu,True,Goalkeeper,1,start,end,1.0,0.0,0.0,0.0,0.0,0.0,0.0,1.0,3.0,8.0,0.0,0.0,0.0,0.0,
FRA-Ligue 1,2223,2023-05-07 AJ Auxerre-Clermont Foot,Clermont Foot,Mory Diaw,False,Goalkeeper,1,start,end,1.0,0.0,1.0,0.0,0.0,0.0,0.0,1.0,3.0,10.0,0.0,0.0,0.0,0.0,
FRA-Ligue 1,2223,2023-05-07 Angers-AS Monaco,AS Monaco,Alexander Nübel,False,Goalkeeper,1,start,end,1.0,0.0,0.0,0.0,0.0,0.0,0.0,1.0,2.0,9.0,0.0,0.0,0.0,0.0,
FRA-Ligue 1,2223,2023-05-07 Angers-AS Monaco,Angers,Paul Bernardoni,True,Goalkeeper,1,start,end,1.0,0.0,0.0,0.0,0.0,0.0,0.0,2.0,4.0,11.0,0.0,0.0,0.0,0.0,
FRA-Ligue 1,2223,2023-05-07 Lorient-Brest,Brest,Marco Bizot,False,Goalkeeper,1,start,end,1.0,0.0,0.0,0.0,0.0,0.0,0.0,2.0,1.0,4.0,0.0,0.0,0.0,0.0,
FRA-Ligue 1,2223,2023-05-07 Lorient-Brest,Lorient,Yvon Mvogo,True,Goalkeeper,1,start,end,1.0,0.0,0.0,0.0,0.0,0.0,0.0,1.0,1.0,13.0,0.0,0.0,0.0,0.0,
FRA-Ligue 1,2223,2023-05-07 Lyon-Montpellier,Lyon,Anthony Lopes,True,Goalkeeper,1,start,end,1.0,0.0,0.0,0.0,0.0,0.0,0.0,4.0,2.0,8.0,0.0,0.0,0.0,0.0,
FRA-Ligue 1,2223,2023-05-07 Lyon-Montpellier,Montpellier,Benjamin Lecomte,False,Goalkeeper,1,start,end,1.0,0.0,0.0,0.0,0.0,0.0,0.0,5.0,3.0,10.0,0.0,0.0,0.0,0.0,
FRA-Ligue 1,2223,2023-05-07 Nantes-Strasbourg,Nantes,Alban Lafont,True,Goalkeeper,1,start,end,1.0,0.0,0.0,0.0,0.0,0.0,0.0,2.0,4.0,4.0,0.0,0.0,0.0,0.0,
FRA-Ligue 1,2223,2023-05-07 Nantes-Strasbourg,Strasbourg,Matz Sels,False,Goalkeeper,1,start,end,1.0,0.0,0.0,0.0,0.0,0.0,0.0,0.0,5.0,13.0,0.0,0.0,0.0,0.0,
FRA-Ligue 1,2223,2023-05-07 Troyes-Paris Saint-Germain,Paris Saint-Germain,Gianluigi Donnarumma,False,Goalkeeper,1,start,end,1.0,0.0,0.0,0.0,0.0,0.0,0.0,1.0,1.0,6.0,0.0,0.0,0.0,0.0,
FRA-Ligue 1,2223,2023-05-07 Troyes-Paris Saint-Germain,Troyes,Gauthier Gallon,True,Goalkeeper,1,start,end,1.0,0.0,0.0,0.0,0.0,0.0,0.0,3.0,9.0,28.0,0.0,0.0,0.0,0.0,
FRA-Ligue 1,2223,2023-05-12 Lens-Stade de Reims,Lens,Brice Samba,True,Goalkeeper,1,start,end,1.0,0.0,1.0,0.0,0.0,0.0,0.0,1.0,3.0,15.0,0.0,0.0,0.0,0.0,
FRA-Ligue 1,2223,2023-05-12 Lens-Stade de Reims,Stade de Reims,Yehvann Diouf,False,Goalkeeper,1,start,end,1.0,0.0,0.0,0.0,0.0,0.0,0.0,2.0,4.0,6.0,0.0,0.0,0.0,0.0,
FRA-Ligue 1,2223,2023-05-13 Paris Saint-Germain-AC Ajaccio,AC Ajaccio,Francois-Joseph Sollacaro,False,Goalkeeper,1,start,end,1.0,0.0,0.0,0.0,0.0,0.0,0.0,4.0,5.0,12.0,0.0,0.0,0.0,0.0,
FRA-Ligue 1,2223,2023-05-13 Paris Saint-Germain-AC Ajaccio,Paris Saint-Germain,Gianluigi Donnarumma,True,Goalkeeper,1,start,end,1.0,0.0,1.0,0.0,0.0,0.0,0.0,0.0,2.0,6.0,0.0,0.0,0.0,0.0,
FRA-Ligue 1,2223,2023-05-13 Strasbourg-Nice,Nice,Kasper Schmeichel,False,Goalkeeper,1,start,end,1.0,0.0,0.0,0.0,0.0,0.0,0.0,2.0,2.0,9.0,0.0,0.0,0.0,0.0,
FRA-Ligue 1,2223,2023-05-13 Strasbourg-Nice,Strasbourg,Matz Sels,True,Goalkeeper,1,start,end,1.0,0.0,0.0,0.0,0.0,0.0,0.0,0.0,4.0,9.0,0.0,0.0,0.0,0.0,
FRA-Ligue 1,2223,2023-05-14 AS Monaco-Lille,AS Monaco,Alexander Nübel,True,Goalkeeper,1,start,end,1.0,0.0,1.0,0.0,0.0,0.0,0.0,0.0,4.0,10.0,0.0,0.0,0.0,0.0,
FRA-Ligue 1,2223,2023-05-14 AS Monaco-Lille,Lille,Lucas Chevalier,False,Goalkeeper,1,start,end,1.0,0.0,0.0,0.0,0.0,0.0,0.0,0.0,1.0,8.0,0.0,0.0,0.0,0.0,
FRA-Ligue 1,2223,2023-05-14 Brest-AJ Auxerre,AJ Auxerre,Andrei Radu,False,Goalkeeper,1,start,end,1.0,0.0,0.0,0.0,0.0,0.0,0.0,1.0,9.0,14.0,0.0,0.0,0.0,0.0,
FRA-Ligue 1,2223,2023-05-14 Brest-AJ Auxerre,Brest,Marco Bizot,True,Goalkeeper,1,start,end,1.0,0.0,0.0,0.0,0.0,0.0,0.0,0.0,2.0,10.0,0.0,0.0,0.0,0.0,
FRA-Ligue 1,2223,2023-05-14 Clermont Foot-Lyon,Clermont Foot,Mory Diaw,True,Goalkeeper,1,start,end,1.0,0.0,0.0,0.0,0.0,0.0,0.0,1.0,2.0,13.0,0.0,0.0,0.0,0.0,
FRA-Ligue 1,2223,2023-05-14 Clermont Foot-Lyon,Lyon,Anthony Lopes,False,Goalkeeper,1,start,end,1.0,0.0,0.0,0.0,0.0,0.0,1.0,2.0,4.0,7.0,0.0,0.0,0.0,0.0,
FRA-Ligue 1,2223,2023-05-14 Marseille-Angers,Angers,Paul Bernardoni,False,Goalkeeper,1,start,end,1.0,0.0,0.0,0.0,0.0,0.0,0.0,3.0,3.0,11.0,0.0,0.0,0.0,0.0,
FRA-Ligue 1,2223,2023-05-14 Marseille-Angers,Marseille,Pau López,True,Goalkeeper,1,start,end,1.0,0.0,0.0,0.0,0.0,0.0,0.0,1.0,0.0,3.0,0.0,0.0,0.0,0.0,
FRA-Ligue 1,2223,2023-05-14 Montpellier-Lorient,Lorient,Yvon Mvogo,False,Goalkeeper,1,start,end,1.0,0.0,0.0,0.0,0.0,0.0,0.0,1.0,2.0,14.0,0.0,0.0,0.0,0.0,
FRA-Ligue 1,2223,2023-05-14 Montpellier-Lorient,Montpellier,Benjamin Lecomte,True,Goalkeeper,1,start,end,1.0,0.0,0.0,0.0,0.0,0.0,0.0,1.0,2.0,10.0,0.0,0.0,0.0,0.0,
FRA-Ligue 1,2223,2023-05-14 Stade Rennais-Troyes,Stade Rennais,Steve Mandanda,True,Goalkeeper,1,start,end,1.0,0.0,0.0,0.0,0.0,0.0,0.0,0.0,0.0,4.0,0.0,0.0,0.0,0.0,
FRA-Ligue 1,2223,2023-05-14 Stade Rennais-Troyes,Troyes,Gauthier Gallon,False,Goalkeeper,1,start,end,1.0,0.0,0.0,0.0,0.0,0.0,0.0,4.0,5.0,22.0,0.0,0.0,0.0,0.0,
FRA-Ligue 1,2223,2023-05-14 Toulouse-Nantes,Nantes,Alban Lafont,False,Goalkeeper,1,start,end,1.0,0.0,0.0,0.0,0.0,0.0,0.0,0.0,6.0,14.0,0.0,0.0,0.0,0.0,
FRA-Ligue 1,2223,2023-05-14 Toulouse-Nantes,Toulouse,Maxime Dupé,True,Goalkeeper,1,start,end,1.0,0.0,0.0,0.0,0.0,0.0,0.0,0.0,1.0,7.0,0.0,0.0,0.0,0.0,
FRA-Ligue 1,2223,2023-05-19 Lyon-AS Monaco,AS Monaco,Alexander Nübel,False,Goalkeeper,1,start,end,1.0,0.0,0.0,0.0,0.0,0.0,0.0,3.0,8.0,20.0,0.0,0.0,0.0,0.0,
FRA-Ligue 1,2223,2023-05-19 Lyon-AS Monaco,Lyon,Anthony Lopes,True,Goalkeeper,1,start,end,1.0,1.0,1.0,0.0,0.0,0.0,0.0,1.0,8.0,12.0,0.0,0.0,0.0,0.0,
FRA-Ligue 1,2223,2023-05-20 Lille-Marseille,Lille,Lucas Chevalier,True,Goalkeeper,1,start,end,1.0,0.0,1.0,0.0,0.0,0.0,0.0,1.0,2.0,7.0,0.0,0.0,0.0,0.0,
FRA-Ligue 1,2223,2023-05-20 Lille-Marseille,Marseille,Pau López,False,Goalkeeper,1,start,end,1.0,1.0,0.0,0.0,0.0,0.0,0.0,2.0,1.0,10.0,0.0,0.0,0.0,0.0,
FRA-Ligue 1,2223,2023-05-20 Nantes-Montpellier,Montpellier,Benjamin Lecomte,False,Goalkeeper,1,start,end,1.0,0.0,0.0,0.0,0.0,0.0,0.0,0.0,4.0,13.0,0.0,0.0,0.0,0.0,
FRA-Ligue 1,2223,2023-05-20 Nantes-Montpellier,Nantes,Alban Lafont,True,Goalkeeper,1,start,end,1.0,0.0,0.0,0.0,0.0,0.0,0.0,3.0,3.0,9.0,0.0,0.0,0.0,0.0,
FRA-Ligue 1,2223,2023-05-21 AC Ajaccio-Stade Rennais,AC Ajaccio,Benjamin Leroy,True,Goalkeeper,1,start,end,1.0,0.0,0.0,0.0,0.0,0.0,0.0,5.0,2.0,8.0,0.0,0.0,0.0,0.0,
FRA-Ligue 1,2223,2023-05-21 AC Ajaccio-Stade Rennais,Stade Rennais,Steve Mandanda,False,Goalkeeper,1,start,end,1.0,0.0,0.0,0.0,0.0,0.0,0.0,0.0,0.0,2.0,0.0,0.0,0.0,0.0,
FRA-Ligue 1,2223,2023-05-21 AJ Auxerre-Paris Saint-Germain,AJ Auxerre,Andrei Radu,True,Goalkeeper,1,start,end,1.0,0.0,0.0,0.0,0.0,0.0,0.0,2.0,2.0,13.0,0.0,0.0,0.0,0.0,
FRA-Ligue 1,2223,2023-05-21 AJ Auxerre-Paris Saint-Germain,Paris Saint-Germain,Gianluigi Donnarumma,False,Goalkeeper,1,start,end,1.0,0.0,1.0,0.0,0.0,0.0,0.0,1.0,6.0,13.0,0.0,0.0,0.0,0.0,
FRA-Ligue 1,2223,2023-05-21 Brest-Clermont Foot,Brest,Marco Bizot,True,Goalkeeper,1,start,end,1.0,0.0,0.0,0.0,0.0,0.0,0.0,1.0,0.0,7.0,0.0,0.0,0.0,0.0,
FRA-Ligue 1,2223,2023-05-21 Brest-Clermont Foot,Clermont Foot,Ouparine Djoco,False,Goalkeeper,1,start,end,1.0,0.0,0.0,0.0,0.0,0.0,0.0,2.0,1.0,9.0,0.0,0.0,0.0,0.0,
FRA-Ligue 1,2223,2023-05-21 Lorient-Lens,Lens,Brice Samba,False,Goalkeeper,1,start,end,1.0,0.0,0.0,0.0,0.0,0.0,0.0,1.0,4.0,12.0,0.0,0.0,0.0,0.0,
FRA-Ligue 1,2223,2023-05-21 Lorient-Lens,Lorient,Yvon Mvogo,True,Goalkeeper,1,start,end,1.0,0.0,1.0,0.0,0.0,0.0,0.0,3.0,4.0,11.0,0.0,0.0,0.0,0.0,
FRA-Ligue 1,2223,2023-05-21 Nice-Toulouse,Nice,Kasper Schmeichel,True,Goalkeeper,1,start,end,1.0,0.0,0.0,0.0,0.0,0.0,0.0,0.0,3.0,7.0,0.0,0.0,0.0,0.0,
FRA-Ligue 1,2223,2023-05-21 Nice-Toulouse,Toulouse,Maxime Dupé,False,Goalkeeper,1,start,end,1.0,0.0,0.0,0.0,0.0,0.0,0.0,0.0,8.0,21.0,0.0,0.0,0.0,0.0,
FRA-Ligue 1,2223,2023-05-21 Stade de Reims-Angers,Angers,Yahia Fofana,False,Goalkeeper,1,start,end,1.0,0.0,0.0,0.0,0.0,0.0,1.0,2.0,2.0,9.0,0.0,0.0,0.0,0.0,
FRA-Ligue 1,2223,2023-05-21 Stade de Reims-Angers,Stade de Reims,Yehvann Diouf,True,Goalkeeper,1,start,end,1.0,0.0,0.0,0.0,0.0,0.0,0.0,2.0,1.0,4.0,0.0,0.0,0.0,0.0,
FRA-Ligue 1,2223,2023-05-21 Troyes-Strasbourg,Strasbourg,Matz Sels,False,Goalkeeper,1,start,end,1.0,0.0,0.0,0.0,0.0,0.0,0.0,1.0,4.0,8.0,0.0,0.0,0.0,0.0,
FRA-Ligue 1,2223,2023-05-21 Troyes-Strasbourg,Troyes,Gauthier Gallon,True,Goalkeeper,1,start,end,1.0,0.0,0.0,0.0,1.0,0.0,0.0,1.0,4.0,15.0,0.0,0.0,0.0,0.0,
FRA-Ligue 1,2223,2023-05-27 Angers-Troyes,Angers,Yahia Fofana,True,Goalkeeper,1,start,end,1.0,0.0,0.0,0.0,0.0,0.0,0.0,1.0,2.0,4.0,0.0,0.0,0.0,0.0,
FRA-Ligue 1,2223,2023-05-27 Angers-Troyes,Troyes,Mateusz Lis,False,Goalkeeper,1,start,end,1.0,0.0,0.0,0.0,0.0,0.0,0.0,2.0,3.0,16.0,0.0,0.0,0.0,0.0,
FRA-Ligue 1,2223,2023-05-27 Clermont Foot-Lorient,Clermont Foot,Mory Diaw,True,Goalkeeper,1,start,end,1.0,0.0,0.0,0.0,0.0,0.0,0.0,0.0,0.0,5.0,0.0,0.0,0.0,0.0,
FRA-Ligue 1,2223,2023-05-27 Clermont Foot-Lorient,Lorient,Yvon Mvogo,False,Goalkeeper,1,start,end,1.0,0.0,0.0,0.0,0.0,0.0,0.0,2.0,5.0,14.0,0.0,0.0,0.0,0.0,
FRA-Ligue 1,2223,2023-05-27 Lens-AC Ajaccio,AC Ajaccio,Francois-Joseph Sollacaro,False,Goalkeeper,1,start,end,1.0,0.0,0.0,0.0,0.0,0.0,0.0,3.0,0.0,9.0,0.0,0.0,0.0,0.0,
FRA-Ligue 1,2223,2023-05-27 Lens-AC Ajaccio,Lens,Brice Samba,True,Goalkeeper,1,start,end,1.0,0.0,0.0,0.0,0.0,0.0,0.0,0.0,0.0,5.0,0.0,0.0,0.0,0.0,
FRA-Ligue 1,2223,2023-05-27 Lille-Nantes,Lille,Lucas Chevalier,True,Goalkeeper,1,start,end,1.0,0.0,0.0,0.0,0.0,0.0,0.0,1.0,2.0,7.0,0.0,0.0,0.0,0.0,
FRA-Ligue 1,2223,2023-05-27 Lille-Nantes,Nantes,Alban Lafont,False,Goalkeeper,1,start,end,1.0,1.0,0.0,0.0,0.0,0.0,0.0,2.0,1.0,7.0,0.0,0.0,0.0,0.0,
FRA-Ligue 1,2223,2023-05-27 Lyon-Stade de Reims,Lyon,Anthony Lopes,True,Goalkeeper,1,start,end,1.0,0.0,1.0,0.0,0.0,0.0,0.0,0.0,2.0,10.0,0.0,0.0,0.0,0.0,
FRA-Ligue 1,2223,2023-05-27 Lyon-Stade de Reims,Stade de Reims,Yehvann Diouf,False,Goalkeeper,1,start,end,1.0,0.0,0.0,0.0,0.0,0.0,0.0,2.0,5.0,21.0,0.0,0.0,0.0,0.0,
FRA-Ligue 1,2223,2023-05-27 Marseille-Brest,Brest,Marco Bizot,False,Goalkeeper,1,start,end,1.0,0.0,0.0,0.0,0.0,0.0,0.0,1.0,3.0,9.0,0.0,0.0,0.0,0.0,
FRA-Ligue 1,2223,2023-05-27 Marseille-Brest,Marseille,Pau López,True,Goalkeeper,1,start,end,1.0,0.0,0.0,0.0,0.0,0.0,0.0,2.0,3.0,13.0,0.0,0.0,0.0,0.0,
FRA-Ligue 1,2223,2023-05-27 Montpellier-Nice,Montpellier,Benjamin Lecomte,True,Goalkeeper,1,start,end,1.0,0.0,0.0,0.0,0.0,0.0,0.0,3.0,12.0,20.0,0.0,0.0,0.0,0.0,
FRA-Ligue 1,2223,2023-05-27 Montpellier-Nice,Nice,Kasper Schmeichel,False,Goalkeeper,1,start,end,1.0,0.0,0.0,0.0,0.0,0.0,0.0,2.0,6.0,12.0,0.0,0.0,0.0,0.0,
FRA-Ligue 1,2223,2023-05-27 Stade Rennais-AS Monaco,AS Monaco,Alexander Nübel,False,Goalkeeper,1,start,end,1.0,0.0,0.0,0.0,0.0,0.0,0.0,2.0,4.0,10.0,0.0,0.0,0.0,0.0,
FRA-Ligue 1,2223,2023-05-27 Stade Rennais-AS Monaco,Stade Rennais,Steve Mandanda,True,Goalkeeper,1,start,90,1.0,0.0,0.0,0.0,0.0,0.0,0.0,0.0,3.0,11.0,0.0,0.0,0.0,0.0,
FRA-Ligue 1,2223,2023-05-27 Strasbourg-Paris Saint-Germain,Paris Saint-Germain,Gianluigi Donnarumma,False,Goalkeeper,1,start,end,1.0,0.0,0.0,0.0,0.0,0.0,0.0,1.0,4.0,15.0,0.0,0.0,0.0,0.0,
FRA-Ligue 1,2223,2023-05-27 Strasbourg-Paris Saint-Germain,Strasbourg,Matz Sels,True,Goalkeeper,1,start,end,1.0,0.0,0.0,0.0,0.0,0.0,0.0,1.0,1.0,4.0,0.0,0.0,0.0,0.0,
FRA-Ligue 1,2223,2023-05-27 Toulouse-AJ Auxerre,AJ Auxerre,Andrei Radu,False,Goalkeeper,1,start,end,1.0,0.0,0.0,0.0,0.0,0.0,0.0,1.0,3.0,8.0,0.0,0.0,0.0,0.0,
FRA-Ligue 1,2223,2023-05-27 Toulouse-AJ Auxerre,Toulouse,Maxime Dupé,True,Goalkeeper,1,start,end,1.0,0.0,0.0,0.0,0.0,0.0,0.0,1.0,1.0,15.0,0.0,0.0,0.0,0.0,
FRA-Ligue 1,2223,2023-06-03 AC Ajaccio-Marseille,AC Ajaccio,Benjamin Leroy,True,Goalkeeper,1,start,end,1.0,0.0,0.0,0.0,0.0,0.0,0.0,0.0,3.0,16.0,0.0,0.0,0.0,0.0,
FRA-Ligue 1,2223,2023-06-03 AC Ajaccio-Marseille,Marseille,Rubén Blanco,False,Goalkeeper,1,start,45,1.0,0.0,1.0,0.0,0.0,0.0,0.0,0.0,0.0,1.0,0.0,0.0,0.0,0.0,
FRA-Ligue 1,2223,2023-06-03 AJ Auxerre-Lens,AJ Auxerre,Andrei Radu,True,Goalkeeper,1,start,end,1.0,0.0,0.0,0.0,0.0,0.0,0.0,3.0,4.0,11.0,0.0,0.0,0.0,0.0,
FRA-Ligue 1,2223,2023-06-03 AJ Auxerre-Lens,Lens,Jean-Louis Leca,False,Goalkeeper,1,start,end,1.0,0.0,0.0,0.0,0.0,0.0,0.0,1.0,3.0,16.0,0.0,0.0,0.0,0.0,
FRA-Ligue 1,2223,2023-06-03 AS Monaco-Toulouse,AS Monaco,Alexander Nübel,True,Goalkeeper,1,start,end,1.0,0.0,0.0,0.0,0.0,0.0,0.0,2.0,6.0,20.0,0.0,0.0,0.0,0.0,
FRA-Ligue 1,2223,2023-06-03 AS Monaco-Toulouse,Toulouse,Maxime Dupé,False,Goalkeeper,1,start,end,1.0,0.0,0.0,0.0,0.0,0.0,0.0,1.0,6.0,18.0,0.0,0.0,0.0,0.0,
FRA-Ligue 1,2223,2023-06-03 Brest-Stade Rennais,Brest,Marco Bizot,True,Goalkeeper,1,start,end,1.0,0.0,0.0,0.0,0.0,0.0,0.0,2.0,1.0,10.0,0.0,0.0,0.0,0.0,
FRA-Ligue 1,2223,2023-06-03 Brest-Stade Rennais,Stade Rennais,Dogan Alemdar,False,Goalkeeper,1,start,end,1.0,0.0,0.0,0.0,0.0,0.0,1.0,1.0,4.0,14.0,0.0,0.0,0.0,0.0,
FRA-Ligue 1,2223,2023-06-03 Lorient-Strasbourg,Lorient,Yvon Mvogo,True,Goalkeeper,1,start,end,1.0,0.0,0.0,0.0,0.0,0.0,0.0,1.0,6.0,13.0,0.0,0.0,0.0,0.0,
FRA-Ligue 1,2223,2023-06-03 Lorient-Strasbourg,Strasbourg,Matz Sels,False,Goalkeeper,1,start,end,1.0,0.0,0.0,0.0,0.0,0.0,0.0,2.0,1.0,3.0,0.0,0.0,0.0,0.0,
FRA-Ligue 1,2223,2023-06-03 Nantes-Angers,Angers,Yahia Fofana,False,Goalkeeper,1,start,end,1.0,0.0,0.0,0.0,0.0,0.0,0.0,1.0,6.0,10.0,0.0,0.0,0.0,0.0,
FRA-Ligue 1,2223,2023-06-03 Nantes-Angers,Nantes,Alban Lafont,True,Goalkeeper,1,start,end,1.0,0.0,0.0,0.0,0.0,0.0,0.0,0.0,1.0,4.0,0.0,0.0,0.0,0.0,
FRA-Ligue 1,2223,2023-06-03 Nice-Lyon,Lyon,Anthony Lopes,False,Goalkeeper,1,start,end,1.0,0.0,0.0,0.0,0.0,0.0,0.0,2.0,4.0,12.0,0.0,0.0,0.0,0.0,
FRA-Ligue 1,2223,2023-06-03 Nice-Lyon,Nice,Kasper Schmeichel,True,Goalkeeper,1,start,end,1.0,0.0,0.0,0.0,0.0,0.0,0.0,1.0,6.0,15.0,0.0,0.0,0.0,0.0,
FRA-Ligue 1,2223,2023-06-03 Paris Saint-Germain-Clermont Foot,Clermont Foot,Mory Diaw,False,Goalkeeper,1,start,end,1.0,0.0,1.0,0.0,0.0,0.0,0.0,2.0,4.0,14.0,0.0,0.0,0.0,0.0,
FRA-Ligue 1,2223,2023-06-03 Paris Saint-Germain-Clermont Foot,Paris Saint-Germain,Gianluigi Donnarumma,True,Goalkeeper,1,start,80,1.0,0.0,0.0,0.0,0.0,0.0,0.0,3.0,2.0,8.0,0.0,0.0,0.0,0.0,
FRA-Ligue 1,2223,2023-06-03 Stade de Reims-Montpellier,Montpellier,Benjamin Lecomte,False,Goalkeeper,1,start,end,1.0,0.0,0.0,0.0,0.0,0.0,0.0,1.0,4.0,11.0,0.0,0.0,0.0,0.0,
FRA-Ligue 1,2223,2023-06-03 Stade de Reims-Montpellier,Stade de Reims,Yehvann Diouf,True,Goalkeeper,1,start,end,1.0,0.0,0.0,0.0,0.0,0.0,0.0,3.0,4.0,13.0,0.0,0.0,0.0,0.0,
FRA-Ligue 1,2223,2023-06-03 Troyes-Lille,Lille,Lucas Chevalier,False,Goalkeeper,1,start,end,1.0,0.0,0.0,0.0,0.0,0.0,0.0,1.0,2.0,7.0,0.0,0.0,0.0,0.0,
FRA-Ligue 1,2223,2023-06-03 Troyes-Lille,Troyes,Gauthier Gallon,True,Goalkeeper,1,start,end,1.0,0.0,1.0,0.0,0.0,0.0,0.0,1.0,6.0,17.0,0.0,0.0,0.0,0.0,
