league,season,game,team,player,is_home,position,formation_place,sub_in,sub_out,appearances,fouls_committed,fouls_suffered,own_goals,red_cards,sub_ins,yellow_cards,goals_conceded,saves,shots_faced,goal_assists,shots_on_target,total_goals,total_shots,offsides
ENG-Premier League,1819,2018-08-10 Manchester United-Leicester City,Leicester City,Kasper Schmeichel,False,Goalkeeper,1,start,end,1.0,0.0,0.0,0.0,0.0,0.0,0.0,2.0,4.0,0.0,0.0,0.0,0.0,1.0,
ENG-Premier League,1819,2018-08-10 Manchester United-Leicester City,Manchester United,David de Gea,True,Goalkeeper,1,start,end,1.0,0.0,0.0,0.0,0.0,0.0,0.0,1.0,3.0,0.0,0.0,0.0,0.0,0.0,
ENG-Premier League,1819,2018-08-11 AFC Bournemouth-Cardiff City,AFC Bournemouth,Asmir Begovic,True,Goalkeeper,1,start,end,1.0,0.0,0.0,0.0,0.0,0.0,0.0,0.0,1.0,0.0,0.0,0.0,0.0,0.0,
ENG-Premier League,1819,2018-08-11 AFC Bournemouth-Cardiff City,Cardiff City,Neil Etheridge,False,Goalkeeper,1,start,end,1.0,0.0,0.0,0.0,0.0,0.0,0.0,2.0,2.0,0.0,0.0,0.0,0.0,0.0,
ENG-Premier League,1819,2018-08-11 Fulham-Crystal Palace,Crystal Palace,Wayne Hennessey,False,Goalkeeper,1,start,end,1.0,0.0,0.0,0.0,0.0,0.0,0.0,0.0,6.0,0.0,0.0,0.0,0.0,0.0,
ENG-Premier League,1819,2018-08-11 Fulham-Crystal Palace,Fulham,Fabri,True,Goalkeeper,1,start,end,1.0,0.0,0.0,0.0,0.0,0.0,0.0,2.0,8.0,0.0,0.0,0.0,0.0,0.0,
ENG-Premier League,1819,2018-08-11 Huddersfield Town-Chelsea,Chelsea,Kepa Arrizabalaga,False,Goalkeeper,1,start,end,1.0,0.0,0.0,0.0,0.0,0.0,0.0,0.0,1.0,0.0,0.0,0.0,0.0,0.0,
ENG-Premier League,1819,2018-08-11 Huddersfield Town-Chelsea,Huddersfield Town,Ben Hamer,True,Goalkeeper,1,start,end,1.0,0.0,0.0,0.0,0.0,0.0,0.0,3.0,1.0,0.0,0.0,0.0,0.0,0.0,
ENG-Premier League,1819,2018-08-11 Newcastle United-Tottenham Hotspur,Newcastle United,Martin Dúbravka,True,Goalkeeper,1,start,end,1.0,0.0,0.0,0.0,0.0,0.0,0.0,2.0,3.0,0.0,0.0,0.0,0.0,0.0,
ENG-Premier League,1819,2018-08-11 Newcastle United-Tottenham Hotspur,Tottenham Hotspur,Hugo Lloris,False,Goalkeeper,1,start,end,1.0,0.0,0.0,0.0,0.0,0.0,0.0,1.0,1.0,0.0,0.0,0.0,0.0,0.0,
ENG-Premier League,1819,2018-08-11 Watford-Brighton & Hove Albion,Brighton & Hove Albion,Mathew Ryan,False,Goalkeeper,1,start,end,1.0,0.0,0.0,0.0,0.0,0.0,0.0,2.0,3.0,0.0,0.0,0.0,0.0,0.0,
ENG-Premier League,1819,2018-08-11 Watford-Brighton & Hove Albion,Watford,Ben Foster,True,Goalkeeper,1,start,end,1.0,0.0,0.0,0.0,0.0,0.0,0.0,0.0,0.0,0.0,0.0,0.0,0.0,0.0,
ENG-Premier League,1819,2018-08-11 Wolverhampton Wanderers-Everton,Everton,Jordan Pickford,False,Goalkeeper,1,start,end,1.0,0.0,0.0,0.0,0.0,0.0,0.0,2.0,2.0,0.0,0.0,0.0,0.0,0.0,
ENG-Premier League,1819,2018-08-11 Wolverhampton Wanderers-Everton,Wolverhampton Wanderers,Rui Patrício,True,Goalkeeper,1,start,end,1.0,0.0,0.0,0.0,0.0,0.0,0.0,2.0,3.0,0.0,0.0,0.0,0.0,0.0,
ENG-Premier League,1819,2018-08-12 Arsenal-Manchester City,Arsenal,Petr Cech,True,Goalkeeper,1,start,end,1.0,0.0,0.0,0.0,0.0,0.0,0.0,2.0,6.0,0.0,0.0,0.0,0.0,0.0,
ENG-Premier League,1819,2018-08-12 Arsenal-Manchester City,Manchester City,Ederson,False,Goalkeeper,1,start,end,1.0,0.0,0.0,0.0,0.0,0.0,0.0,0.0,3.0,0.0,0.0,0.0,0.0,0.0,
ENG-Premier League,1819,2018-08-12 Liverpool-West Ham United,Liverpool,Alisson Becker,True,Goalkeeper,1,start,end,1.0,0.0,0.0,0.0,0.0,0.0,0.0,0.0,2.0,0.0,0.0,0.0,0.0,0.0,
ENG-Premier League,1819,2018-08-12 Liverpool-West Ham United,West Ham United,Lukasz Fabianski,False,Goalkeeper,1,start,end,1.0,0.0,1.0,0.0,0.0,0.0,0.0,4.0,4.0,0.0,0.0,0.0,0.0,0.0,
ENG-Premier League,1819,2018-08-12 Southampton-Burnley,Burnley,Joe Hart,False,Goalkeeper,1,start,end,1.0,0.0,0.0,0.0,0.0,0.0,0.0,0.0,3.0,0.0,0.0,0.0,0.0,0.0,
ENG-Premier League,1819,2018-08-12 Southampton-Burnley,Southampton,Alex McCarthy,True,Goalkeeper,1,start,end,1.0,0.0,0.0,0.0,0.0,0.0,0.0,0.0,6.0,0.0,0.0,0.0,0.0,0.0,
ENG-Premier League,1819,2018-08-18 Cardiff City-Newcastle United,Cardiff City,Neil Etheridge,True,Goalkeeper,1,start,end,1.0,0.0,0.0,0.0,0.0,0.0,0.0,0.0,6.0,0.0,0.0,0.0,0.0,0.0,
ENG-Premier League,1819,2018-08-18 Cardiff City-Newcastle United,Newcastle United,Martin Dúbravka,False,Goalkeeper,1,start,end,1.0,0.0,0.0,0.0,0.0,0.0,0.0,0.0,0.0,0.0,0.0,0.0,0.0,0.0,
ENG-Premier League,1819,2018-08-18 Chelsea-Arsenal,Arsenal,Petr Cech,False,Goalkeeper,1,start,end,1.0,0.0,0.0,0.0,0.0,0.0,0.0,3.0,8.0,0.0,0.0,0.0,0.0,0.0,
ENG-Premier League,1819,2018-08-18 Chelsea-Arsenal,Chelsea,Kepa Arrizabalaga,True,Goalkeeper,1,start,end,1.0,0.0,1.0,0.0,0.0,0.0,0.0,2.0,4.0,0.0,0.0,0.0,0.0,0.0,
ENG-Premier League,1819,2018-08-18 Everton-Southampton,Everton,Jordan Pickford,True,Goalkeeper,1,start,end,1.0,0.0,0.0,0.0,0.0,0.0,0.0,1.0,3.0,0.0,0.0,0.0,0.0,0.0,
ENG-Premier League,1819,2018-08-18 Everton-Southampton,Southampton,Alex McCarthy,False,Goalkeeper,1,start,end,1.0,0.0,0.0,0.0,0.0,0.0,0.0,2.0,5.0,0.0,0.0,0.0,0.0,0.0,
ENG-Premier League,1819,2018-08-18 Leicester City-Wolverhampton Wanderers,Leicester City,Kasper Schmeichel,True,Goalkeeper,1,start,end,1.0,0.0,0.0,0.0,0.0,0.0,0.0,0.0,2.0,0.0,0.0,0.0,0.0,0.0,
ENG-Premier League,1819,2018-08-18 Leicester City-Wolverhampton Wanderers,Wolverhampton Wanderers,Rui Patrício,False,Goalkeeper,1,start,end,1.0,0.0,0.0,0.0,0.0,0.0,0.0,2.0,1.0,0.0,0.0,0.0,0.0,0.0,
ENG-Premier League,1819,2018-08-18 Tottenham Hotspur-Fulham,Fulham,Fabri,False,Goalkeeper,1,start,end,1.0,0.0,1.0,0.0,0.0,0.0,0.0,3.0,8.0,0.0,0.0,0.0,0.0,0.0,
ENG-Premier League,1819,2018-08-18 Tottenham Hotspur-Fulham,Tottenham Hotspur,Hugo Lloris,True,Goalkeeper,1,start,end,1.0,0.0,0.0,0.0,0.0,0.0,0.0,1.0,2.0,0.0,0.0,0.0,0.0,0.0,
ENG-Premier League,1819,2018-08-18 West Ham United-AFC Bournemouth,AFC Bournemouth,Asmir Begovic,False,Goalkeeper,1,start,end,1.0,0.0,0.0,0.0,0.0,0.0,0.0,1.0,4.0,0.0,0.0,0.0,0.0,0.0,
ENG-Premier League,1819,2018-08-18 West Ham United-AFC Bournemouth,West Ham United,Lukasz Fabianski,True,Goalkeeper,1,start,end,1.0,0.0,1.0,0.0,0.0,0.0,0.0,2.0,3.0,0.0,0.0,0.0,0.0,0.0,
ENG-Premier League,1819,2018-08-19 Brighton & Hove Albion-Manchester United,Brighton & Hove Albion,Mathew Ryan,True,Goalkeeper,1,start,end,1.0,0.0,0.0,0.0,0.0,0.0,0.0,2.0,1.0,0.0,0.0,0.0,0.0,0.0,
ENG-Premier League,1819,2018-08-19 Brighton & Hove Albion-Manchester United,Manchester United,David de Gea,False,Goalkeeper,1,start,end,1.0,0.0,0.0,0.0,0.0,0.0,0.0,3.0,0.0,0.0,0.0,0.0,0.0,0.0,
ENG-Premier League,1819,2018-08-19 Burnley-Watford,Burnley,Joe Hart,True,Goalkeeper,1,start,end,1.0,0.0,0.0,0.0,0.0,0.0,0.0,3.0,3.0,0.0,0.0,0.0,0.0,0.0,
ENG-Premier League,1819,2018-08-19 Burnley-Watford,Watford,Ben Foster,False,Goalkeeper,1,start,end,1.0,0.0,0.0,0.0,0.0,0.0,0.0,1.0,2.0,0.0,0.0,0.0,0.0,0.0,
ENG-Premier League,1819,2018-08-19 Manchester City-Huddersfield Town,Huddersfield Town,Ben Hamer,False,Goalkeeper,1,start,end,1.0,0.0,0.0,0.0,0.0,0.0,0.0,6.0,9.0,0.0,0.0,0.0,0.0,0.0,
ENG-Premier League,1819,2018-08-19 Manchester City-Huddersfield Town,Manchester City,Ederson,True,Goalkeeper,1,start,end,1.0,0.0,0.0,0.0,0.0,0.0,0.0,1.0,0.0,0.0,1.0,0.0,0.0,0.0,
ENG-Premier League,1819,2018-08-20 Crystal Palace-Liverpool,Crystal Palace,Wayne Hennessey,True,Goalkeeper,1,start,end,1.0,0.0,1.0,0.0,0.0,0.0,0.0,2.0,4.0,0.0,0.0,0.0,0.0,0.0,
ENG-Premier League,1819,2018-08-20 Crystal Palace-Liverpool,Liverpool,Alisson Becker,False,Goalkeeper,1,start,end,1.0,0.0,0.0,0.0,0.0,0.0,0.0,0.0,2.0,0.0,0.0,0.0,0.0,0.0,
ENG-Premier League,1819,2018-08-25 AFC Bournemouth-Everton,AFC Bournemouth,Asmir Begovic,True,Goalkeeper,1,start,end,1.0,0.0,0.0,0.0,0.0,0.0,0.0,2.0,1.0,0.0,0.0,0.0,0.0,0.0,
ENG-Premier League,1819,2018-08-25 AFC Bournemouth-Everton,Everton,Jordan Pickford,False,Goalkeeper,1,start,end,1.0,0.0,0.0,0.0,0.0,0.0,0.0,2.0,3.0,0.0,0.0,0.0,0.0,0.0,
ENG-Premier League,1819,2018-08-25 Arsenal-West Ham United,Arsenal,Petr Cech,True,Goalkeeper,1,start,end,1.0,0.0,0.0,0.0,0.0,0.0,0.0,1.0,4.0,0.0,0.0,0.0,0.0,0.0,
ENG-Premier League,1819,2018-08-25 Arsenal-West Ham United,West Ham United,Lukasz Fabianski,False,Goalkeeper,1,start,end,1.0,0.0,0.0,0.0,0.0,0.0,0.0,3.0,9.0,0.0,0.0,0.0,0.0,0.0,
ENG-Premier League,1819,2018-08-25 Huddersfield Town-Cardiff City,Cardiff City,Neil Etheridge,False,Goalkeeper,1,start,end,1.0,0.0,0.0,0.0,0.0,0.0,0.0,0.0,1.0,0.0,0.0,0.0,0.0,0.0,
ENG-Premier League,1819,2018-08-25 Huddersfield Town-Cardiff City,Huddersfield Town,Ben Hamer,True,Goalkeeper,1,start,13,1.0,0.0,0.0,0.0,0.0,0.0,0.0,0.0,1.0,0.0,0.0,0.0,0.0,0.0,
ENG-Premier League,1819,2018-08-25 Liverpool-Brighton & Hove Albion,Brighton & Hove Albion,Mathew Ryan,False,Goalkeeper,1,start,end,1.0,0.0,1.0,0.0,0.0,0.0,0.0,1.0,6.0,0.0,0.0,0.0,0.0,0.0,
ENG-Premier League,1819,2018-08-25 Liverpool-Brighton & Hove Albion,Liverpool,Alisson Becker,True,Goalkeeper,1,start,end,1.0,0.0,1.0,0.0,0.0,0.0,0.0,0.0,2.0,0.0,0.0,0.0,0.0,0.0,
ENG-Premier League,1819,2018-08-25 Southampton-Leicester City,Leicester City,Kasper Schmeichel,False,Goalkeeper,1,start,end,1.0,0.0,0.0,0.0,0.0,0.0,0.0,1.0,4.0,0.0,0.0,0.0,0.0,0.0,
ENG-Premier League,1819,2018-08-25 Southampton-Leicester City,Southampton,Alex McCarthy,True,Goalkeeper,1,start,end,1.0,0.0,0.0,0.0,0.0,0.0,0.0,2.0,3.0,0.0,0.0,0.0,0.0,0.0,
ENG-Premier League,1819,2018-08-25 Wolverhampton Wanderers-Manchester City,Manchester City,Ederson,False,Goalkeeper,1,start,end,1.0,0.0,1.0,0.0,0.0,0.0,0.0,1.0,1.0,0.0,0.0,0.0,0.0,0.0,
ENG-Premier League,1819,2018-08-25 Wolverhampton Wanderers-Manchester City,Wolverhampton Wanderers,Rui Patrício,True,Goalkeeper,1,start,end,1.0,0.0,0.0,0.0,0.0,0.0,0.0,1.0,5.0,0.0,0.0,0.0,0.0,0.0,
ENG-Premier League,1819,2018-08-26 Fulham-Burnley,Burnley,Joe Hart,False,Goalkeeper,1,start,end,1.0,0.0,0.0,0.0,0.0,0.0,0.0,4.0,8.0,0.0,0.0,0.0,0.0,0.0,
ENG-Premier League,1819,2018-08-26 Fulham-Burnley,Fulham,Marcus Bettinelli,True,Goalkeeper,1,start,end,1.0,0.0,1.0,0.0,0.0,0.0,1.0,2.0,0.0,0.0,0.0,0.0,0.0,0.0,
ENG-Premier League,1819,2018-08-26 Newcastle United-Chelsea,Chelsea,Kepa Arrizabalaga,False,Goalkeeper,1,start,end,1.0,0.0,0.0,0.0,0.0,0.0,0.0,1.0,1.0,0.0,0.0,0.0,0.0,0.0,
ENG-Premier League,1819,2018-08-26 Newcastle United-Chelsea,Newcastle United,Martin Dúbravka,True,Goalkeeper,1,start,end,1.0,0.0,0.0,0.0,0.0,0.0,0.0,2.0,2.0,0.0,0.0,0.0,0.0,0.0,
ENG-Premier League,1819,2018-08-26 Watford-Crystal Palace,Crystal Palace,Wayne Hennessey,False,Goalkeeper,1,start,end,1.0,0.0,0.0,0.0,0.0,0.0,0.0,2.0,3.0,0.0,0.0,0.0,0.0,0.0,
ENG-Premier League,1819,2018-08-26 Watford-Crystal Palace,Watford,Ben Foster,True,Goalkeeper,1,start,end,1.0,0.0,0.0,0.0,0.0,0.0,0.0,1.0,2.0,0.0,0.0,0.0,0.0,0.0,
ENG-Premier League,1819,2018-08-27 Manchester United-Tottenham Hotspur,Manchester United,David de Gea,True,Goalkeeper,1,start,end,1.0,0.0,0.0,0.0,0.0,0.0,0.0,3.0,2.0,0.0,0.0,0.0,0.0,0.0,
ENG-Premier League,1819,2018-08-27 Manchester United-Tottenham Hotspur,Tottenham Hotspur,Hugo Lloris,False,Goalkeeper,1,start,end,1.0,0.0,0.0,0.0,0.0,0.0,0.0,0.0,5.0,0.0,0.0,0.0,0.0,0.0,
ENG-Premier League,1819,2018-09-01 Brighton & Hove Albion-Fulham,Brighton & Hove Albion,Mathew Ryan,True,Goalkeeper,1,start,end,1.0,0.0,0.0,0.0,0.0,0.0,0.0,2.0,3.0,0.0,0.0,0.0,0.0,0.0,
ENG-Premier League,1819,2018-09-01 Brighton & Hove Albion-Fulham,Fulham,Marcus Bettinelli,False,Goalkeeper,1,start,end,1.0,0.0,0.0,0.0,0.0,0.0,0.0,2.0,3.0,0.0,0.0,0.0,0.0,0.0,
ENG-Premier League,1819,2018-09-01 Chelsea-AFC Bournemouth,AFC Bournemouth,Asmir Begovic,False,Goalkeeper,1,start,end,1.0,0.0,0.0,0.0,0.0,0.0,0.0,2.0,4.0,0.0,0.0,0.0,0.0,0.0,
ENG-Premier League,1819,2018-09-01 Chelsea-AFC Bournemouth,Chelsea,Kepa Arrizabalaga,True,Goalkeeper,1,start,end,1.0,0.0,1.0,0.0,0.0,0.0,0.0,0.0,1.0,0.0,0.0,0.0,0.0,0.0,
ENG-Premier League,1819,2018-09-01 Crystal Palace-Southampton,Crystal Palace,Wayne Hennessey,True,Goalkeeper,1,start,end,1.0,0.0,0.0,0.0,0.0,0.0,0.0,2.0,5.0,0.0,0.0,0.0,0.0,0.0,
ENG-Premier League,1819,2018-09-01 Crystal Palace-Southampton,Southampton,Alex McCarthy,False,Goalkeeper,1,start,end,1.0,0.0,0.0,0.0,0.0,0.0,0.0,0.0,6.0,0.0,0.0,0.0,0.0,0.0,
ENG-Premier League,1819,2018-09-01 Everton-Huddersfield Town,Everton,Jordan Pickford,True,Goalkeeper,1,start,end,1.0,0.0,0.0,0.0,0.0,0.0,0.0,1.0,5.0,0.0,0.0,0.0,0.0,0.0,
ENG-Premier League,1819,2018-09-01 Everton-Huddersfield Town,Huddersfield Town,Jonas Lössl,False,Goalkeeper,1,start,end,1.0,0.0,0.0,0.0,0.0,0.0,0.0,1.0,0.0,0.0,0.0,0.0,0.0,0.0,
ENG-Premier League,1819,2018-09-01 Leicester City-Liverpool,Leicester City,Kasper Schmeichel,True,Goalkeeper,1,start,end,1.0,0.0,0.0,0.0,0.0,0.0,0.0,2.0,2.0,0.0,0.0,0.0,0.0,0.0,
ENG-Premier League,1819,2018-09-01 Leicester City-Liverpool,Liverpool,Alisson Becker,False,Goalkeeper,1,start,end,1.0,0.0,0.0,0.0,0.0,0.0,0.0,1.0,4.0,0.0,0.0,0.0,0.0,0.0,
ENG-Premier League,1819,2018-09-01 Manchester City-Newcastle United,Manchester City,Ederson,True,Goalkeeper,1,start,end,1.0,0.0,0.0,0.0,0.0,0.0,0.0,1.0,1.0,0.0,0.0,0.0,0.0,0.0,
ENG-Premier League,1819,2018-09-01 Manchester City-Newcastle United,Newcastle United,Martin Dúbravka,False,Goalkeeper,1,start,end,1.0,0.0,0.0,0.0,0.0,0.0,0.0,2.0,6.0,0.0,0.0,0.0,0.0,0.0,
ENG-Premier League,1819,2018-09-01 West Ham United-Wolverhampton Wanderers,West Ham United,Lukasz Fabianski,True,Goalkeeper,1,start,end,1.0,0.0,0.0,0.0,0.0,0.0,0.0,1.0,5.0,0.0,0.0,0.0,0.0,0.0,
ENG-Premier League,1819,2018-09-01 West Ham United-Wolverhampton Wanderers,Wolverhampton Wanderers,Rui Patrício,False,Goalkeeper,1,start,end,1.0,0.0,0.0,0.0,0.0,0.0,0.0,0.0,3.0,0.0,0.0,0.0,0.0,0.0,
ENG-Premier League,1819,2018-09-02 Burnley-Manchester United,Burnley,Joe Hart,True,Goalkeeper,1,start,end,1.0,0.0,0.0,0.0,0.0,0.0,0.0,2.0,7.0,0.0,0.0,0.0,0.0,0.0,
ENG-Premier League,1819,2018-09-02 Burnley-Manchester United,Manchester United,David de Gea,False,Goalkeeper,1,start,end,1.0,0.0,0.0,0.0,0.0,0.0,0.0,0.0,2.0,0.0,0.0,0.0,0.0,0.0,
ENG-Premier League,1819,2018-09-02 Cardiff City-Arsenal,Arsenal,Petr Cech,False,Goalkeeper,1,start,end,1.0,0.0,0.0,0.0,0.0,0.0,0.0,2.0,0.0,12.0,0.0,0.0,0.0,0.0,
ENG-Premier League,1819,2018-09-02 Cardiff City-Arsenal,Cardiff City,Neil Etheridge,True,Goalkeeper,1,start,end,1.0,0.0,1.0,0.0,0.0,0.0,0.0,3.0,8.0,0.0,0.0,0.0,0.0,0.0,
ENG-Premier League,1819,2018-09-02 Watford-Tottenham Hotspur,Tottenham Hotspur,Michel Vorm,False,Goalkeeper,1,start,end,1.0,0.0,0.0,0.0,0.0,0.0,0.0,2.0,1.0,0.0,0.0,0.0,0.0,0.0,
ENG-Premier League,1819,2018-09-02 Watford-Tottenham Hotspur,Watford,Ben Foster,True,Goalkeeper,1,start,end,1.0,0.0,0.0,0.0,0.0,0.0,0.0,1.0,2.0,0.0,0.0,0.0,0.0,0.0,
ENG-Premier League,1819,2018-09-15 AFC Bournemouth-Leicester City,AFC Bournemouth,Asmir Begovic,True,Goalkeeper,1,start,end,1.0,0.0,0.0,0.0,0.0,0.0,0.0,2.0,5.0,0.0,0.0,0.0,0.0,0.0,
ENG-Premier League,1819,2018-09-15 AFC Bournemouth-Leicester City,Leicester City,Kasper Schmeichel,False,Goalkeeper,1,start,end,1.0,0.0,0.0,0.0,0.0,0.0,1.0,4.0,1.0,0.0,0.0,0.0,0.0,0.0,
ENG-Premier League,1819,2018-09-15 Chelsea-Cardiff City,Cardiff City,Neil Etheridge,False,Goalkeeper,1,start,end,1.0,0.0,0.0,0.0,0.0,0.0,0.0,4.0,3.0,0.0,0.0,0.0,0.0,0.0,
ENG-Premier League,1819,2018-09-15 Chelsea-Cardiff City,Chelsea,Kepa Arrizabalaga,True,Goalkeeper,1,start,end,1.0,0.0,0.0,0.0,0.0,0.0,0.0,1.0,1.0,0.0,0.0,0.0,0.0,0.0,
ENG-Premier League,1819,2018-09-15 Huddersfield Town-Crystal Palace,Crystal Palace,Wayne Hennessey,False,Goalkeeper,1,start,end,1.0,0.0,0.0,0.0,0.0,0.0,0.0,0.0,2.0,0.0,0.0,0.0,0.0,0.0,
ENG-Premier League,1819,2018-09-15 Huddersfield Town-Crystal Palace,Huddersfield Town,Jonas Lössl,True,Goalkeeper,1,start,end,1.0,0.0,0.0,0.0,0.0,0.0,0.0,1.0,1.0,0.0,0.0,0.0,0.0,0.0,
ENG-Premier League,1819,2018-09-15 Manchester City-Fulham,Fulham,Marcus Bettinelli,False,Goalkeeper,1,start,end,1.0,0.0,0.0,0.0,0.0,0.0,0.0,3.0,6.0,0.0,0.0,0.0,0.0,0.0,
ENG-Premier League,1819,2018-09-15 Manchester City-Fulham,Manchester City,Ederson,True,Goalkeeper,1,start,end,1.0,0.0,0.0,0.0,0.0,0.0,0.0,0.0,3.0,0.0,0.0,0.0,0.0,0.0,
ENG-Premier League,1819,2018-09-15 Newcastle United-Arsenal,Arsenal,Petr Cech,False,Goalkeeper,1,start,end,1.0,0.0,0.0,0.0,0.0,0.0,0.0,1.0,1.0,0.0,0.0,0.0,0.0,0.0,
ENG-Premier League,1819,2018-09-15 Newcastle United-Arsenal,Newcastle United,Martin Dúbravka,True,Goalkeeper,1,start,end,1.0,0.0,0.0,0.0,0.0,0.0,0.0,2.0,0.0,0.0,0.0,0.0,0.0,0.0,
ENG-Premier League,1819,2018-09-15 Tottenham Hotspur-Liverpool,Liverpool,Alisson Becker,False,Goalkeeper,1,start,end,1.0,0.0,0.0,0.0,0.0,0.0,0.0,1.0,2.0,0.0,0.0,0.0,0.0,0.0,
ENG-Premier League,1819,2018-09-15 Tottenham Hotspur-Liverpool,Tottenham Hotspur,Michel Vorm,True,Goalkeeper,1,start,end,1.0,0.0,0.0,0.0,0.0,0.0,0.0,2.0,8.0,0.0,0.0,0.0,0.0,0.0,
ENG-Premier League,1819,2018-09-15 Watford-Manchester United,Manchester United,David de Gea,False,Goalkeeper,1,start,end,1.0,0.0,0.0,0.0,0.0,0.0,0.0,1.0,4.0,0.0,0.0,0.0,0.0,0.0,
ENG-Premier League,1819,2018-09-15 Watford-Manchester United,Watford,Ben Foster,True,Goalkeeper,1,start,end,1.0,0.0,0.0,0.0,0.0,0.0,0.0,2.0,4.0,0.0,0.0,0.0,0.0,0.0,
ENG-Premier League,1819,2018-09-16 Everton-West Ham United,Everton,Jordan Pickford,True,Goalkeeper,1,start,end,1.0,0.0,0.0,0.0,0.0,0.0,0.0,3.0,1.0,0.0,0.0,0.0,0.0,0.0,
ENG-Premier League,1819,2018-09-16 Everton-West Ham United,West Ham United,Lukasz Fabianski,False,Goalkeeper,1,start,end,1.0,0.0,0.0,0.0,0.0,0.0,0.0,1.0,3.0,0.0,0.0,0.0,0.0,0.0,
ENG-Premier League,1819,2018-09-16 Wolverhampton Wanderers-Burnley,Burnley,Joe Hart,False,Goalkeeper,1,start,end,1.0,0.0,0.0,0.0,0.0,0.0,0.0,1.0,5.0,0.0,0.0,0.0,0.0,0.0,
ENG-Premier League,1819,2018-09-16 Wolverhampton Wanderers-Burnley,Wolverhampton Wanderers,Rui Patrício,True,Goalkeeper,1,start,end,1.0,0.0,0.0,0.0,0.0,0.0,0.0,0.0,2.0,0.0,0.0,0.0,0.0,0.0,
ENG-Premier League,1819,2018-09-17 Southampton-Brighton & Hove Albion,Brighton & Hove Albion,Mathew Ryan,False,Goalkeeper,1,start,end,1.0,0.0,0.0,0.0,0.0,0.0,0.0,2.0,2.0,0.0,0.0,0.0,0.0,0.0,
ENG-Premier League,1819,2018-09-17 Southampton-Brighton & Hove Albion,Southampton,Alex McCarthy,True,Goalkeeper,1,start,end,1.0,0.0,0.0,0.0,0.0,0.0,1.0,2.0,2.0,0.0,0.0,0.0,0.0,0.0,
ENG-Premier League,1819,2018-09-22 Brighton & Hove Albion-Tottenham Hotspur,Brighton & Hove Albion,Mathew Ryan,True,Goalkeeper,1,start,end,1.0,0.0,0.0,0.0,0.0,0.0,0.0,2.0,5.0,0.0,0.0,0.0,0.0,0.0,
ENG-Premier League,1819,2018-09-22 Brighton & Hove Albion-Tottenham Hotspur,Tottenham Hotspur,Paulo Gazzaniga,False,Goalkeeper,1,start,end,1.0,0.0,0.0,0.0,0.0,0.0,0.0,1.0,3.0,0.0,0.0,0.0,0.0,0.0,
ENG-Premier League,1819,2018-09-22 Burnley-AFC Bournemouth,AFC Bournemouth,Asmir Begovic,False,Goalkeeper,1,start,end,1.0,0.0,0.0,0.0,0.0,0.0,0.0,4.0,0.0,7.0,0.0,0.0,0.0,0.0,
ENG-Premier League,1819,2018-09-22 Burnley-AFC Bournemouth,Burnley,Joe Hart,True,Goalkeeper,1,start,end,1.0,0.0,0.0,0.0,0.0,0.0,0.0,0.0,0.0,18.0,0.0,0.0,0.0,0.0,
ENG-Premier League,1819,2018-09-22 Cardiff City-Manchester City,Cardiff City,Neil Etheridge,True,Goalkeeper,1,start,end,1.0,0.0,0.0,0.0,0.0,0.0,0.0,5.0,5.0,0.0,0.0,0.0,0.0,0.0,
ENG-Premier League,1819,2018-09-22 Cardiff City-Manchester City,Manchester City,Ederson,False,Goalkeeper,1,start,end,1.0,0.0,0.0,0.0,0.0,0.0,0.0,0.0,2.0,0.0,0.0,0.0,0.0,0.0,
ENG-Premier League,1819,2018-09-22 Crystal Palace-Newcastle United,Crystal Palace,Wayne Hennessey,True,Goalkeeper,1,start,end,1.0,0.0,0.0,0.0,0.0,0.0,0.0,0.0,3.0,0.0,0.0,0.0,0.0,0.0,
ENG-Premier League,1819,2018-09-22 Crystal Palace-Newcastle United,Newcastle United,Martin Dúbravka,False,Goalkeeper,1,start,end,1.0,0.0,0.0,0.0,0.0,0.0,0.0,0.0,4.0,0.0,0.0,0.0,0.0,0.0,
ENG-Premier League,1819,2018-09-22 Fulham-Watford,Fulham,Marcus Bettinelli,True,Goalkeeper,1,start,end,1.0,0.0,0.0,0.0,0.0,0.0,0.0,1.0,5.0,0.0,0.0,0.0,0.0,0.0,
ENG-Premier League,1819,2018-09-22 Fulham-Watford,Watford,Ben Foster,False,Goalkeeper,1,start,end,1.0,0.0,0.0,0.0,0.0,0.0,0.0,1.0,2.0,0.0,0.0,0.0,0.0,0.0,
ENG-Premier League,1819,2018-09-22 Leicester City-Huddersfield Town,Huddersfield Town,Jonas Lössl,False,Goalkeeper,1,start,end,1.0,0.0,0.0,0.0,0.0,0.0,0.0,3.0,5.0,0.0,0.0,0.0,0.0,0.0,
ENG-Premier League,1819,2018-09-22 Leicester City-Huddersfield Town,Leicester City,Kasper Schmeichel,True,Goalkeeper,1,start,end,1.0,0.0,0.0,0.0,0.0,0.0,0.0,1.0,1.0,0.0,0.0,0.0,0.0,0.0,
ENG-Premier League,1819,2018-09-22 Liverpool-Southampton,Liverpool,Alisson Becker,True,Goalkeeper,1,start,end,1.0,0.0,0.0,0.0,0.0,0.0,0.0,0.0,1.0,0.0,0.0,0.0,0.0,0.0,
ENG-Premier League,1819,2018-09-22 Liverpool-Southampton,Southampton,Alex McCarthy,False,Goalkeeper,1,start,end,1.0,0.0,0.0,0.0,0.0,0.0,0.0,3.0,1.0,0.0,0.0,0.0,0.0,0.0,
ENG-Premier League,1819,2018-09-22 Manchester United-Wolverhampton Wanderers,Manchester United,David de Gea,True,Goalkeeper,1,start,end,1.0,0.0,0.0,0.0,0.0,0.0,0.0,1.0,7.0,0.0,0.0,0.0,0.0,0.0,
ENG-Premier League,1819,2018-09-22 Manchester United-Wolverhampton Wanderers,Wolverhampton Wanderers,Rui Patrício,False,Goalkeeper,1,start,end,1.0,0.0,0.0,0.0,0.0,0.0,0.0,1.0,5.0,0.0,0.0,0.0,0.0,0.0,
ENG-Premier League,1819,2018-09-23 Arsenal-Everton,Arsenal,Petr Cech,True,Goalkeeper,1,start,end,1.0,0.0,1.0,0.0,0.0,0.0,0.0,0.0,6.0,0.0,0.0,0.0,0.0,0.0,
ENG-Premier League,1819,2018-09-23 Arsenal-Everton,Everton,Jordan Pickford,False,Goalkeeper,1,start,end,1.0,0.0,1.0,0.0,0.0,0.0,0.0,2.0,3.0,0.0,0.0,0.0,0.0,0.0,
ENG-Premier League,1819,2018-09-23 West Ham United-Chelsea,Chelsea,Kepa Arrizabalaga,False,Goalkeeper,1,start,end,1.0,0.0,0.0,0.0,0.0,0.0,0.0,0.0,1.0,0.0,0.0,0.0,0.0,0.0,
ENG-Premier League,1819,2018-09-23 West Ham United-Chelsea,West Ham United,Lukasz Fabianski,True,Goalkeeper,1,start,end,1.0,0.0,0.0,0.0,0.0,0.0,0.0,0.0,6.0,0.0,0.0,0.0,0.0,0.0,
ENG-Premier League,1819,2018-09-29 Arsenal-Watford,Arsenal,Petr Cech,True,Goalkeeper,1,start,48,1.0,0.0,1.0,0.0,0.0,0.0,0.0,0.0,2.0,0.0,0.0,0.0,0.0,0.0,
ENG-Premier League,1819,2018-09-29 Arsenal-Watford,Watford,Ben Foster,False,Goalkeeper,1,start,end,1.0,0.0,0.0,0.0,0.0,0.0,0.0,2.0,1.0,0.0,0.0,0.0,0.0,0.0,
ENG-Premier League,1819,2018-09-29 Chelsea-Liverpool,Chelsea,Kepa Arrizabalaga,True,Goalkeeper,1,start,end,1.0,0.0,0.0,0.0,0.0,0.0,0.0,1.0,3.0,0.0,0.0,0.0,0.0,0.0,
ENG-Premier League,1819,2018-09-29 Chelsea-Liverpool,Liverpool,Alisson Becker,False,Goalkeeper,1,start,end,1.0,0.0,0.0,0.0,0.0,0.0,0.0,1.0,3.0,0.0,0.0,0.0,0.0,0.0,
ENG-Premier League,1819,2018-09-29 Everton-Fulham,Everton,Jordan Pickford,True,Goalkeeper,1,start,end,1.0,0.0,0.0,0.0,0.0,0.0,0.0,0.0,0.0,0.0,0.0,0.0,0.0,0.0,
ENG-Premier League,1819,2018-09-29 Everton-Fulham,Fulham,Marcus Bettinelli,False,Goalkeeper,1,start,end,1.0,0.0,0.0,0.0,0.0,0.0,0.0,3.0,3.0,0.0,0.0,0.0,0.0,0.0,
ENG-Premier League,1819,2018-09-29 Huddersfield Town-Tottenham Hotspur,Huddersfield Town,Jonas Lössl,True,Goalkeeper,1,start,end,1.0,0.0,1.0,0.0,0.0,0.0,0.0,2.0,4.0,0.0,0.0,0.0,0.0,0.0,
ENG-Premier League,1819,2018-09-29 Huddersfield Town-Tottenham Hotspur,Tottenham Hotspur,Paulo Gazzaniga,False,Goalkeeper,1,start,end,1.0,0.0,0.0,0.0,0.0,0.0,0.0,0.0,5.0,0.0,0.0,0.0,0.0,0.0,
ENG-Premier League,1819,2018-09-29 Manchester City-Brighton & Hove Albion,Brighton & Hove Albion,Mathew Ryan,False,Goalkeeper,1,start,end,1.0,0.0,0.0,0.0,0.0,0.0,0.0,2.0,6.0,0.0,0.0,0.0,0.0,0.0,
ENG-Premier League,1819,2018-09-29 Manchester City-Brighton & Hove Albion,Manchester City,Ederson,True,Goalkeeper,1,start,end,1.0,0.0,0.0,0.0,0.0,0.0,0.0,0.0,1.0,0.0,0.0,0.0,0.0,0.0,
ENG-Premier League,1819,2018-09-29 Newcastle United-Leicester City,Leicester City,Kasper Schmeichel,False,Goalkeeper,1,start,end,1.0,0.0,0.0,0.0,0.0,0.0,0.0,0.0,1.0,0.0,0.0,0.0,0.0,0.0,
ENG-Premier League,1819,2018-09-29 Newcastle United-Leicester City,Newcastle United,Martin Dúbravka,True,Goalkeeper,1,start,end,1.0,0.0,0.0,0.0,0.0,0.0,0.0,2.0,3.0,0.0,0.0,0.0,0.0,0.0,
ENG-Premier League,1819,2018-09-29 West Ham United-Manchester United,Manchester United,David de Gea,False,Goalkeeper,1,start,end,1.0,0.0,0.0,0.0,0.0,0.0,0.0,3.0,1.0,0.0,0.0,0.0,0.0,0.0,
ENG-Premier League,1819,2018-09-29 West Ham United-Manchester United,West Ham United,Lukasz Fabianski,True,Goalkeeper,1,start,end,1.0,0.0,0.0,0.0,0.0,0.0,0.0,1.0,3.0,0.0,0.0,0.0,0.0,0.0,
ENG-Premier League,1819,2018-09-29 Wolverhampton Wanderers-Southampton,Southampton,Alex McCarthy,False,Goalkeeper,1,start,end,1.0,0.0,0.0,0.0,0.0,0.0,0.0,2.0,4.0,0.0,0.0,0.0,0.0,0.0,
ENG-Premier League,1819,2018-09-29 Wolverhampton Wanderers-Southampton,Wolverhampton Wanderers,Rui Patrício,True,Goalkeeper,1,start,end,1.0,0.0,0.0,0.0,0.0,0.0,0.0,0.0,6.0,0.0,0.0,0.0,0.0,0.0,
ENG-Premier League,1819,2018-09-30 Cardiff City-Burnley,Burnley,Joe Hart,False,Goalkeeper,1,start,end,1.0,0.0,0.0,0.0,0.0,0.0,0.0,1.0,3.0,0.0,0.0,0.0,0.0,0.0,
ENG-Premier League,1819,2018-09-30 Cardiff City-Burnley,Cardiff City,Neil Etheridge,True,Goalkeeper,1,start,end,1.0,0.0,0.0,0.0,0.0,0.0,0.0,2.0,0.0,0.0,0.0,0.0,0.0,0.0,
ENG-Premier League,1819,2018-10-01 AFC Bournemouth-Crystal Palace,AFC Bournemouth,Asmir Begovic,True,Goalkeeper,1,start,end,1.0,0.0,0.0,0.0,0.0,0.0,0.0,1.0,1.0,0.0,0.0,0.0,0.0,0.0,
ENG-Premier League,1819,2018-10-01 AFC Bournemouth-Crystal Palace,Crystal Palace,Wayne Hennessey,False,Goalkeeper,1,start,end,1.0,0.0,0.0,0.0,0.0,0.0,0.0,2.0,3.0,0.0,0.0,0.0,0.0,0.0,
ENG-Premier League,1819,2018-10-05 Brighton & Hove Albion-West Ham United,Brighton & Hove Albion,Mathew Ryan,True,Goalkeeper,1,start,end,1.0,0.0,1.0,0.0,0.0,0.0,0.0,0.0,4.0,0.0,0.0,0.0,0.0,0.0,
ENG-Premier League,1819,2018-10-05 Brighton & Hove Albion-West Ham United,West Ham United,Lukasz Fabianski,False,Goalkeeper,1,start,end,1.0,0.0,0.0,0.0,0.0,0.0,0.0,1.0,3.0,0.0,0.0,0.0,0.0,0.0,
ENG-Premier League,1819,2018-10-06 Burnley-Huddersfield Town,Burnley,Joe Hart,True,Goalkeeper,1,start,end,1.0,0.0,0.0,0.0,0.0,0.0,0.0,1.0,1.0,0.0,0.0,0.0,0.0,0.0,
ENG-Premier League,1819,2018-10-06 Burnley-Huddersfield Town,Huddersfield Town,Jonas Lössl,False,Goalkeeper,1,start,end,1.0,0.0,0.0,0.0,0.0,0.0,0.0,1.0,2.0,0.0,0.0,0.0,0.0,0.0,
ENG-Premier League,1819,2018-10-06 Crystal Palace-Wolverhampton Wanderers,Crystal Palace,Wayne Hennessey,True,Goalkeeper,1,start,end,1.0,0.0,0.0,0.0,0.0,0.0,0.0,1.0,1.0,0.0,0.0,0.0,0.0,0.0,
ENG-Premier League,1819,2018-10-06 Crystal Palace-Wolverhampton Wanderers,Wolverhampton Wanderers,Rui Patrício,False,Goalkeeper,1,start,end,1.0,0.0,0.0,0.0,0.0,0.0,0.0,0.0,4.0,0.0,0.0,0.0,0.0,0.0,
ENG-Premier League,1819,2018-10-06 Leicester City-Everton,Everton,Jordan Pickford,False,Goalkeeper,1,start,end,1.0,0.0,0.0,0.0,0.0,0.0,0.0,1.0,1.0,0.0,0.0,0.0,0.0,0.0,
ENG-Premier League,1819,2018-10-06 Leicester City-Everton,Leicester City,Kasper Schmeichel,True,Goalkeeper,1,start,end,1.0,0.0,0.0,0.0,0.0,0.0,0.0,2.0,6.0,0.0,0.0,0.0,0.0,0.0,
ENG-Premier League,1819,2018-10-06 Manchester United-Newcastle United,Manchester United,David de Gea,True,Goalkeeper,1,start,end,1.0,0.0,0.0,0.0,0.0,0.0,0.0,2.0,6.0,0.0,0.0,0.0,0.0,0.0,
ENG-Premier League,1819,2018-10-06 Manchester United-Newcastle United,Newcastle United,Martin Dúbravka,False,Goalkeeper,1,start,end,1.0,0.0,1.0,0.0,0.0,0.0,0.0,3.0,7.0,0.0,0.0,0.0,0.0,0.0,
ENG-Premier League,1819,2018-10-06 Tottenham Hotspur-Cardiff City,Cardiff City,Neil Etheridge,False,Goalkeeper,1,start,end,1.0,0.0,0.0,0.0,0.0,0.0,0.0,1.0,5.0,0.0,0.0,0.0,0.0,0.0,
ENG-Premier League,1819,2018-10-06 Tottenham Hotspur-Cardiff City,Tottenham Hotspur,Hugo Lloris,True,Goalkeeper,1,start,end,1.0,0.0,0.0,0.0,0.0,0.0,0.0,0.0,5.0,0.0,0.0,0.0,0.0,0.0,
ENG-Premier League,1819,2018-10-06 Watford-AFC Bournemouth,AFC Bournemouth,Asmir Begovic,False,Goalkeeper,1,start,end,1.0,0.0,1.0,0.0,0.0,0.0,0.0,0.0,2.0,0.0,0.0,0.0,0.0,0.0,
ENG-Premier League,1819,2018-10-06 Watford-AFC Bournemouth,Watford,Ben Foster,True,Goalkeeper,1,start,end,1.0,0.0,0.0,0.0,0.0,0.0,0.0,4.0,3.0,0.0,0.0,0.0,0.0,0.0,
ENG-Premier League,1819,2018-10-07 Fulham-Arsenal,Arsenal,Bernd Leno,False,Goalkeeper,1,start,end,1.0,0.0,0.0,0.0,0.0,0.0,0.0,1.0,3.0,0.0,0.0,0.0,0.0,0.0,
ENG-Premier League,1819,2018-10-07 Fulham-Arsenal,Fulham,Marcus Bettinelli,True,Goalkeeper,1,start,end,1.0,0.0,0.0,0.0,0.0,0.0,0.0,5.0,2.0,0.0,0.0,0.0,0.0,0.0,
ENG-Premier League,1819,2018-10-07 Liverpool-Manchester City,Liverpool,Alisson Becker,True,Goalkeeper,1,start,end,1.0,0.0,0.0,0.0,0.0,0.0,0.0,0.0,2.0,0.0,0.0,0.0,0.0,0.0,
ENG-Premier League,1819,2018-10-07 Liverpool-Manchester City,Manchester City,Ederson,False,Goalkeeper,1,start,end,1.0,0.0,0.0,0.0,0.0,0.0,0.0,0.0,2.0,0.0,0.0,0.0,0.0,0.0,
ENG-Premier League,1819,2018-10-07 Southampton-Chelsea,Chelsea,Kepa Arrizabalaga,False,Goalkeeper,1,start,end,1.0,0.0,0.0,0.0,0.0,0.0,0.0,0.0,6.0,0.0,0.0,0.0,0.0,0.0,
ENG-Premier League,1819,2018-10-07 Southampton-Chelsea,Southampton,Alex McCarthy,True,Goalkeeper,1,start,end,1.0,0.0,0.0,0.0,0.0,0.0,0.0,3.0,3.0,0.0,0.0,0.0,0.0,0.0,
ENG-Premier League,1819,2018-10-20 AFC Bournemouth-Southampton,AFC Bournemouth,Asmir Begovic,True,Goalkeeper,1,start,end,1.0,0.0,0.0,0.0,0.0,0.0,0.0,0.0,4.0,0.0,0.0,0.0,0.0,0.0,
ENG-Premier League,1819,2018-10-20 AFC Bournemouth-Southampton,Southampton,Alex McCarthy,False,Goalkeeper,1,start,end,1.0,0.0,0.0,0.0,0.0,0.0,0.0,0.0,2.0,0.0,0.0,0.0,0.0,0.0,
ENG-Premier League,1819,2018-10-20 Cardiff City-Fulham,Cardiff City,Neil Etheridge,True,Goalkeeper,1,start,end,1.0,0.0,0.0,0.0,0.0,0.0,0.0,2.0,2.0,0.0,0.0,0.0,0.0,0.0,
ENG-Premier League,1819,2018-10-20 Cardiff City-Fulham,Fulham,Marcus Bettinelli,False,Goalkeeper,1,start,end,1.0,0.0,0.0,0.0,0.0,0.0,0.0,4.0,1.0,0.0,0.0,0.0,0.0,0.0,
ENG-Premier League,1819,2018-10-20 Chelsea-Manchester United,Chelsea,Kepa Arrizabalaga,True,Goalkeeper,1,start,end,1.0,0.0,0.0,0.0,0.0,0.0,0.0,2.0,2.0,0.0,0.0,0.0,0.0,0.0,
ENG-Premier League,1819,2018-10-20 Chelsea-Manchester United,Manchester United,David de Gea,False,Goalkeeper,1,start,end,1.0,0.0,0.0,0.0,0.0,0.0,0.0,2.0,4.0,0.0,0.0,0.0,0.0,0.0,
ENG-Premier League,1819,2018-10-20 Huddersfield Town-Liverpool,Huddersfield Town,Jonas Lössl,True,Goalkeeper,1,start,end,1.0,0.0,0.0,0.0,0.0,0.0,0.0,1.0,1.0,0.0,0.0,0.0,0.0,0.0,
ENG-Premier League,1819,2018-10-20 Huddersfield Town-Liverpool,Liverpool,Alisson Becker,False,Goalkeeper,1,start,end,1.0,0.0,0.0,0.0,0.0,0.0,0.0,0.0,1.0,0.0,0.0,0.0,0.0,0.0,
ENG-Premier League,1819,2018-10-20 Manchester City-Burnley,Burnley,Joe Hart,False,Goalkeeper,1,start,end,1.0,0.0,0.0,0.0,0.0,0.0,0.0,5.0,5.0,0.0,0.0,0.0,0.0,0.0,
ENG-Premier League,1819,2018-10-20 Manchester City-Burnley,Manchester City,Ederson,True,Goalkeeper,1,start,end,1.0,0.0,0.0,0.0,0.0,0.0,0.0,0.0,0.0,0.0,0.0,0.0,0.0,0.0,
ENG-Premier League,1819,2018-10-20 Newcastle United-Brighton & Hove Albion,Brighton & Hove Albion,Mathew Ryan,False,Goalkeeper,1,start,end,1.0,0.0,1.0,0.0,0.0,0.0,0.0,0.0,6.0,0.0,0.0,0.0,0.0,0.0,
ENG-Premier League,1819,2018-10-20 Newcastle United-Brighton & Hove Albion,Newcastle United,Martin Dúbravka,True,Goalkeeper,1,start,end,1.0,0.0,0.0,0.0,0.0,0.0,0.0,1.0,1.0,0.0,0.0,0.0,0.0,0.0,
ENG-Premier League,1819,2018-10-20 West Ham United-Tottenham Hotspur,Tottenham Hotspur,Hugo Lloris,False,Goalkeeper,1,start,end,1.0,0.0,0.0,0.0,0.0,0.0,0.0,0.0,4.0,0.0,0.0,0.0,0.0,0.0,
ENG-Premier League,1819,2018-10-20 West Ham United-Tottenham Hotspur,West Ham United,Lukasz Fabianski,True,Goalkeeper,1,start,end,1.0,0.0,0.0,0.0,0.0,0.0,0.0,1.0,1.0,0.0,0.0,0.0,0.0,0.0,
ENG-Premier League,1819,2018-10-20 Wolverhampton Wanderers-Watford,Watford,Ben Foster,False,Goalkeeper,1,start,end,1.0,0.0,0.0,0.0,0.0,0.0,0.0,0.0,1.0,0.0,0.0,0.0,0.0,0.0,
ENG-Premier League,1819,2018-10-20 Wolverhampton Wanderers-Watford,Wolverhampton Wanderers,Rui Patrício,True,Goalkeeper,1,start,end,1.0,0.0,0.0,0.0,0.0,0.0,0.0,2.0,1.0,0.0,0.0,0.0,0.0,0.0,
ENG-Premier League,1819,2018-10-21 Everton-Crystal Palace,Crystal Palace,Wayne Hennessey,False,Goalkeeper,1,start,end,1.0,0.0,0.0,0.0,0.0,0.0,0.0,2.0,2.0,0.0,0.0,0.0,0.0,0.0,
ENG-Premier League,1819,2018-10-21 Everton-Crystal Palace,Everton,Jordan Pickford,True,Goalkeeper,1,start,end,1.0,0.0,0.0,0.0,0.0,0.0,0.0,0.0,4.0,0.0,0.0,0.0,0.0,0.0,
ENG-Premier League,1819,2018-10-22 Arsenal-Leicester City,Arsenal,Bernd Leno,True,Goalkeeper,1,start,end,1.0,0.0,0.0,0.0,0.0,0.0,0.0,1.0,2.0,0.0,0.0,0.0,0.0,0.0,
ENG-Premier League,1819,2018-10-22 Arsenal-Leicester City,Leicester City,Kasper Schmeichel,False,Goalkeeper,1,start,end,1.0,0.0,0.0,0.0,0.0,0.0,0.0,3.0,3.0,0.0,0.0,0.0,0.0,0.0,
ENG-Premier League,1819,2018-10-27 Brighton & Hove Albion-Wolverhampton Wanderers,Brighton & Hove Albion,Mathew Ryan,True,Goalkeeper,1,start,end,1.0,0.0,0.0,0.0,0.0,0.0,0.0,0.0,7.0,0.0,0.0,0.0,0.0,0.0,
ENG-Premier League,1819,2018-10-27 Brighton & Hove Albion-Wolverhampton Wanderers,Wolverhampton Wanderers,Rui Patrício,False,Goalkeeper,1,start,end,1.0,0.0,0.0,0.0,0.0,0.0,0.0,1.0,0.0,0.0,0.0,0.0,0.0,0.0,
ENG-Premier League,1819,2018-10-27 Fulham-AFC Bournemouth,AFC Bournemouth,Asmir Begovic,False,Goalkeeper,1,start,end,1.0,0.0,0.0,0.0,0.0,0.0,0.0,0.0,1.0,0.0,0.0,0.0,0.0,0.0,
ENG-Premier League,1819,2018-10-27 Fulham-AFC Bournemouth,Fulham,Sergio Rico,True,Goalkeeper,1,start,end,1.0,0.0,0.0,0.0,0.0,0.0,0.0,3.0,2.0,0.0,0.0,0.0,0.0,0.0,
ENG-Premier League,1819,2018-10-27 Leicester City-West Ham United,Leicester City,Kasper Schmeichel,True,Goalkeeper,1,start,end,1.0,0.0,0.0,0.0,0.0,0.0,0.0,1.0,0.0,10.0,0.0,0.0,0.0,0.0,
ENG-Premier League,1819,2018-10-27 Leicester City-West Ham United,West Ham United,Lukasz Fabianski,False,Goalkeeper,1,start,end,1.0,0.0,0.0,0.0,0.0,0.0,0.0,1.0,0.0,20.0,0.0,0.0,0.0,0.0,
ENG-Premier League,1819,2018-10-27 Liverpool-Cardiff City,Cardiff City,Neil Etheridge,False,Goalkeeper,1,start,end,1.0,0.0,0.0,0.0,0.0,0.0,0.0,4.0,2.0,0.0,0.0,0.0,0.0,0.0,
ENG-Premier League,1819,2018-10-27 Liverpool-Cardiff City,Liverpool,Alisson Becker,True,Goalkeeper,1,start,end,1.0,0.0,0.0,0.0,0.0,0.0,0.0,1.0,0.0,0.0,0.0,0.0,0.0,0.0,
ENG-Premier League,1819,2018-10-27 Southampton-Newcastle United,Newcastle United,Martin Dúbravka,False,Goalkeeper,1,start,end,1.0,0.0,1.0,0.0,0.0,0.0,0.0,0.0,0.0,22.0,0.0,0.0,0.0,0.0,
ENG-Premier League,1819,2018-10-27 Southampton-Newcastle United,Southampton,Alex McCarthy,True,Goalkeeper,1,start,end,1.0,0.0,0.0,0.0,0.0,0.0,0.0,0.0,0.0,6.0,0.0,0.0,0.0,0.0,
ENG-Premier League,1819,2018-10-27 Watford-Huddersfield Town,Huddersfield Town,Jonas Lössl,False,Goalkeeper,1,start,end,1.0,0.0,0.0,0.0,0.0,0.0,0.0,3.0,3.0,0.0,0.0,0.0,0.0,0.0,
ENG-Premier League,1819,2018-10-27 Watford-Huddersfield Town,Watford,Ben Foster,True,Goalkeeper,1,start,end,1.0,0.0,1.0,0.0,0.0,0.0,0.0,0.0,7.0,0.0,0.0,0.0,0.0,0.0,
ENG-Premier League,1819,2018-10-28 Burnley-Chelsea,Burnley,Joe Hart,True,Goalkeeper,1,start,end,1.0,0.0,0.0,0.0,0.0,0.0,0.0,4.0,4.0,0.0,0.0,0.0,0.0,0.0,
ENG-Premier League,1819,2018-10-28 Burnley-Chelsea,Chelsea,Kepa Arrizabalaga,False,Goalkeeper,1,start,end,1.0,0.0,1.0,0.0,0.0,0.0,0.0,0.0,1.0,0.0,0.0,0.0,0.0,0.0,
ENG-Premier League,1819,2018-10-28 Crystal Palace-Arsenal,Arsenal,Bernd Leno,False,Goalkeeper,1,start,end,1.0,0.0,0.0,0.0,0.0,0.0,0.0,2.0,1.0,0.0,0.0,0.0,0.0,0.0,
ENG-Premier League,1819,2018-10-28 Crystal Palace-Arsenal,Crystal Palace,Wayne Hennessey,True,Goalkeeper,1,start,end,1.0,0.0,0.0,0.0,0.0,0.0,0.0,2.0,0.0,0.0,0.0,0.0,0.0,0.0,
ENG-Premier League,1819,2018-10-28 Manchester United-Everton,Everton,Jordan Pickford,False,Goalkeeper,1,start,end,1.0,0.0,0.0,0.0,0.0,0.0,0.0,2.0,8.0,0.0,0.0,0.0,0.0,0.0,
ENG-Premier League,1819,2018-10-28 Manchester United-Everton,Manchester United,David de Gea,True,Goalkeeper,1,start,end,1.0,0.0,0.0,0.0,0.0,0.0,0.0,1.0,5.0,0.0,0.0,0.0,0.0,0.0,
ENG-Premier League,1819,2018-10-29 Tottenham Hotspur-Manchester City,Manchester City,Ederson,False,Goalkeeper,1,start,end,1.0,0.0,0.0,0.0,0.0,0.0,0.0,0.0,1.0,0.0,0.0,0.0,0.0,0.0,
ENG-Premier League,1819,2018-10-29 Tottenham Hotspur-Manchester City,Tottenham Hotspur,Hugo Lloris,True,Goalkeeper,1,start,end,1.0,0.0,0.0,0.0,0.0,0.0,0.0,1.0,4.0,0.0,0.0,0.0,0.0,0.0,
ENG-Premier League,1819,2018-11-03 AFC Bournemouth-Manchester United,AFC Bournemouth,Asmir Begovic,True,Goalkeeper,1,start,end,1.0,0.0,0.0,0.0,0.0,0.0,0.0,2.0,4.0,0.0,0.0,0.0,0.0,0.0,
ENG-Premier League,1819,2018-11-03 AFC Bournemouth-Manchester United,Manchester United,David de Gea,False,Goalkeeper,1,start,end,1.0,0.0,0.0,0.0,0.0,0.0,0.0,1.0,6.0,0.0,0.0,0.0,0.0,0.0,
ENG-Premier League,1819,2018-11-03 Arsenal-Liverpool,Arsenal,Bernd Leno,True,Goalkeeper,1,start,end,1.0,0.0,0.0,0.0,0.0,0.0,0.0,1.0,3.0,0.0,0.0,0.0,0.0,0.0,
ENG-Premier League,1819,2018-11-03 Arsenal-Liverpool,Liverpool,Alisson Becker,False,Goalkeeper,1,start,end,1.0,0.0,0.0,0.0,0.0,0.0,0.0,1.0,3.0,0.0,0.0,0.0,0.0,0.0,
ENG-Premier League,1819,2018-11-03 Cardiff City-Leicester City,Cardiff City,Neil Etheridge,True,Goalkeeper,1,start,end,1.0,0.0,0.0,0.0,0.0,0.0,0.0,1.0,3.0,0.0,0.0,0.0,0.0,0.0,
ENG-Premier League,1819,2018-11-03 Cardiff City-Leicester City,Leicester City,Kasper Schmeichel,False,Goalkeeper,1,start,end,1.0,0.0,0.0,0.0,0.0,0.0,0.0,0.0,2.0,0.0,0.0,0.0,0.0,0.0,
ENG-Premier League,1819,2018-11-03 Everton-Brighton & Hove Albion,Brighton & Hove Albion,Mathew Ryan,False,Goalkeeper,1,start,end,1.0,0.0,0.0,0.0,0.0,0.0,0.0,3.0,0.0,0.0,0.0,0.0,0.0,0.0,
ENG-Premier League,1819,2018-11-03 Everton-Brighton & Hove Albion,Everton,Jordan Pickford,True,Goalkeeper,1,start,end,1.0,0.0,0.0,0.0,0.0,0.0,0.0,1.0,2.0,0.0,0.0,0.0,0.0,0.0,
ENG-Premier League,1819,2018-11-03 Newcastle United-Watford,Newcastle United,Martin Dúbravka,True,Goalkeeper,1,start,end,1.0,0.0,0.0,0.0,0.0,0.0,0.0,0.0,1.0,0.0,0.0,0.0,0.0,0.0,
ENG-Premier League,1819,2018-11-03 Newcastle United-Watford,Watford,Ben Foster,False,Goalkeeper,1,start,end,1.0,0.0,0.0,0.0,0.0,0.0,0.0,1.0,1.0,0.0,0.0,0.0,0.0,0.0,
ENG-Premier League,1819,2018-11-03 West Ham United-Burnley,Burnley,Joe Hart,False,Goalkeeper,1,start,end,1.0,0.0,0.0,0.0,0.0,0.0,0.0,4.0,5.0,0.0,0.0,0.0,0.0,0.0,
ENG-Premier League,1819,2018-11-03 West Ham United-Burnley,West Ham United,Lukasz Fabianski,True,Goalkeeper,1,start,end,1.0,0.0,0.0,0.0,0.0,0.0,0.0,2.0,1.0,0.0,0.0,0.0,0.0,0.0,
ENG-Premier League,1819,2018-11-03 Wolverhampton Wanderers-Tottenham Hotspur,Tottenham Hotspur,Hugo Lloris,False,Goalkeeper,1,start,end,1.0,0.0,0.0,0.0,0.0,0.0,0.0,2.0,5.0,0.0,0.0,0.0,0.0,0.0,
ENG-Premier League,1819,2018-11-03 Wolverhampton Wanderers-Tottenham Hotspur,Wolverhampton Wanderers,Rui Patrício,True,Goalkeeper,1,start,end,1.0,0.0,0.0,0.0,0.0,0.0,0.0,3.0,5.0,0.0,0.0,0.0,0.0,0.0,
ENG-Premier League,1819,2018-11-04 Chelsea-Crystal Palace,Chelsea,Kepa Arrizabalaga,True,Goalkeeper,1,start,end,1.0,0.0,0.0,0.0,0.0,0.0,0.0,1.0,1.0,0.0,0.0,0.0,0.0,0.0,
ENG-Premier League,1819,2018-11-04 Chelsea-Crystal Palace,Crystal Palace,Wayne Hennessey,False,Goalkeeper,1,start,end,1.0,0.0,0.0,0.0,0.0,0.0,0.0,3.0,3.0,0.0,0.0,0.0,0.0,0.0,
ENG-Premier League,1819,2018-11-04 Manchester City-Southampton,Manchester City,Ederson,True,Goalkeeper,1,start,end,1.0,1.0,0.0,0.0,0.0,0.0,0.0,1.0,5.0,0.0,0.0,0.0,0.0,0.0,
ENG-Premier League,1819,2018-11-04 Manchester City-Southampton,Southampton,Alex McCarthy,False,Goalkeeper,1,start,end,1.0,0.0,0.0,0.0,0.0,0.0,0.0,6.0,3.0,0.0,0.0,0.0,0.0,0.0,
ENG-Premier League,1819,2018-11-05 Huddersfield Town-Fulham,Fulham,Sergio Rico,False,Goalkeeper,1,start,end,1.0,0.0,0.0,0.0,0.0,0.0,0.0,1.0,2.0,0.0,0.0,0.0,0.0,0.0,
ENG-Premier League,1819,2018-11-05 Huddersfield Town-Fulham,Huddersfield Town,Jonas Lössl,True,Goalkeeper,1,start,end,1.0,0.0,0.0,0.0,0.0,0.0,0.0,0.0,1.0,0.0,0.0,0.0,0.0,0.0,
ENG-Premier League,1819,2018-11-10 Cardiff City-Brighton & Hove Albion,Brighton & Hove Albion,Mathew Ryan,False,Goalkeeper,1,start,end,1.0,0.0,0.0,0.0,0.0,0.0,0.0,2.0,3.0,0.0,0.0,0.0,0.0,0.0,
ENG-Premier League,1819,2018-11-10 Cardiff City-Brighton & Hove Albion,Cardiff City,Neil Etheridge,True,Goalkeeper,1,start,end,1.0,0.0,0.0,0.0,0.0,0.0,0.0,1.0,2.0,0.0,0.0,0.0,0.0,0.0,
ENG-Premier League,1819,2018-11-10 Crystal Palace-Tottenham Hotspur,Crystal Palace,Wayne Hennessey,True,Goalkeeper,1,start,end,1.0,0.0,0.0,0.0,0.0,0.0,0.0,1.0,1.0,0.0,0.0,0.0,0.0,0.0,
ENG-Premier League,1819,2018-11-10 Crystal Palace-Tottenham Hotspur,Tottenham Hotspur,Hugo Lloris,False,Goalkeeper,1,start,end,1.0,0.0,0.0,0.0,0.0,0.0,0.0,0.0,5.0,0.0,0.0,0.0,0.0,0.0,
ENG-Premier League,1819,2018-11-10 Huddersfield Town-West Ham United,Huddersfield Town,Jonas Lössl,True,Goalkeeper,1,start,end,1.0,0.0,0.0,0.0,0.0,0.0,0.0,1.0,2.0,0.0,0.0,0.0,0.0,0.0,
ENG-Premier League,1819,2018-11-10 Huddersfield Town-West Ham United,West Ham United,Lukasz Fabianski,False,Goalkeeper,1,start,end,1.0,0.0,0.0,0.0,0.0,0.0,0.0,1.0,6.0,0.0,0.0,0.0,0.0,0.0,
ENG-Premier League,1819,2018-11-10 Leicester City-Burnley,Burnley,Joe Hart,False,Goalkeeper,1,start,end,1.0,0.0,0.0,0.0,0.0,0.0,0.0,0.0,4.0,0.0,0.0,0.0,0.0,0.0,
ENG-Premier League,1819,2018-11-10 Leicester City-Burnley,Leicester City,Kasper Schmeichel,True,Goalkeeper,1,start,end,1.0,0.0,0.0,0.0,0.0,0.0,0.0,0.0,1.0,0.0,0.0,0.0,0.0,0.0,
ENG-Premier League,1819,2018-11-10 Newcastle United-AFC Bournemouth,AFC Bournemouth,Asmir Begovic,False,Goalkeeper,1,start,end,1.0,0.0,0.0,0.0,0.0,0.0,0.0,2.0,5.0,0.0,0.0,0.0,0.0,0.0,
ENG-Premier League,1819,2018-11-10 Newcastle United-AFC Bournemouth,Newcastle United,Martin Dúbravka,True,Goalkeeper,1,start,end,1.0,0.0,0.0,0.0,0.0,0.0,0.0,1.0,3.0,0.0,0.0,0.0,0.0,0.0,
ENG-Premier League,1819,2018-11-10 Southampton-Watford,Southampton,Alex McCarthy,True,Goalkeeper,1,start,end,1.0,0.0,0.0,0.0,0.0,0.0,0.0,1.0,5.0,0.0,0.0,0.0,0.0,0.0,
ENG-Premier League,1819,2018-11-10 Southampton-Watford,Watford,Ben Foster,False,Goalkeeper,1,start,end,1.0,0.0,1.0,0.0,0.0,0.0,0.0,1.0,3.0,0.0,0.0,0.0,0.0,0.0,
ENG-Premier League,1819,2018-11-11 Arsenal-Wolverhampton Wanderers,Arsenal,Bernd Leno,True,Goalkeeper,1,start,end,1.0,0.0,1.0,0.0,0.0,0.0,0.0,1.0,4.0,0.0,0.0,0.0,0.0,0.0,
ENG-Premier League,1819,2018-11-11 Arsenal-Wolverhampton Wanderers,Arsenal,Bernd Leno,True,Goalkeeper,,start,end,1.0,0.0,1.0,0.0,0.0,0.0,0.0,1.0,4.0,0.0,0.0,0.0,0.0,0.0,
ENG-Premier League,1819,2018-11-11 Arsenal-Wolverhampton Wanderers,Wolverhampton Wanderers,Rui Patrício,False,Goalkeeper,1,start,end,1.0,0.0,0.0,0.0,0.0,0.0,0.0,1.0,2.0,0.0,0.0,0.0,0.0,0.0,
ENG-Premier League,1819,2018-11-11 Arsenal-Wolverhampton Wanderers,Wolverhampton Wanderers,Rui Patrício,False,Goalkeeper,,start,end,1.0,0.0,0.0,0.0,0.0,0.0,0.0,1.0,2.0,0.0,0.0,0.0,0.0,0.0,
ENG-Premier League,1819,2018-11-11 Chelsea-Everton,Chelsea,Kepa Arrizabalaga,True,Goalkeeper,1,start,end,1.0,0.0,0.0,0.0,0.0,0.0,0.0,0.0,1.0,0.0,0.0,0.0,0.0,0.0,
ENG-Premier League,1819,2018-11-11 Chelsea-Everton,Everton,Jordan Pickford,False,Goalkeeper,1,start,end,1.0,0.0,0.0,0.0,0.0,0.0,1.0,0.0,4.0,0.0,0.0,0.0,0.0,0.0,
ENG-Premier League,1819,2018-11-11 Liverpool-Fulham,Fulham,Sergio Rico,False,Goalkeeper,1,start,end,1.0,0.0,1.0,0.0,0.0,0.0,0.0,2.0,5.0,0.0,0.0,0.0,0.0,0.0,
ENG-Premier League,1819,2018-11-11 Liverpool-Fulham,Liverpool,Alisson Becker,True,Goalkeeper,1,start,end,1.0,0.0,0.0,0.0,0.0,0.0,0.0,0.0,3.0,0.0,0.0,0.0,0.0,0.0,
ENG-Premier League,1819,2018-11-11 Manchester City-Manchester United,Manchester City,Ederson,True,Goalkeeper,1,start,end,1.0,1.0,0.0,0.0,0.0,0.0,0.0,1.0,0.0,0.0,0.0,0.0,0.0,0.0,
ENG-Premier League,1819,2018-11-11 Manchester City-Manchester United,Manchester United,David de Gea,False,Goalkeeper,1,start,end,1.0,0.0,0.0,0.0,0.0,0.0,0.0,3.0,2.0,0.0,0.0,0.0,0.0,0.0,
ENG-Premier League,1819,2018-11-24 Brighton & Hove Albion-Leicester City,Brighton & Hove Albion,Mathew Ryan,True,Goalkeeper,1,start,end,1.0,0.0,0.0,0.0,0.0,0.0,0.0,1.0,2.0,0.0,0.0,0.0,0.0,0.0,
ENG-Premier League,1819,2018-11-24 Brighton & Hove Albion-Leicester City,Brighton & Hove Albion,Mathew Ryan,True,Goalkeeper,,start,end,1.0,0.0,0.0,0.0,0.0,0.0,0.0,1.0,2.0,0.0,0.0,0.0,0.0,0.0,
ENG-Premier League,1819,2018-11-24 Brighton & Hove Albion-Leicester City,Leicester City,Kasper Schmeichel,False,Goalkeeper,1,start,end,1.0,0.0,0.0,0.0,0.0,0.0,0.0,1.0,2.0,0.0,0.0,0.0,0.0,0.0,
ENG-Premier League,1819,2018-11-24 Brighton & Hove Albion-Leicester City,Leicester City,Kasper Schmeichel,False,Goalkeeper,,start,end,1.0,0.0,0.0,0.0,0.0,0.0,0.0,1.0,2.0,0.0,0.0,0.0,0.0,0.0,
ENG-Premier League,1819,2018-11-24 Everton-Cardiff City,Cardiff City,Neil Etheridge,False,Goalkeeper,1,start,end,1.0,0.0,0.0,0.0,0.0,0.0,1.0,1.0,6.0,0.0,0.0,0.0,0.0,0.0,
ENG-Premier League,1819,2018-11-24 Everton-Cardiff City,Cardiff City,Neil Etheridge,False,Goalkeeper,,start,end,1.0,0.0,0.0,0.0,0.0,0.0,1.0,1.0,6.0,0.0,0.0,0.0,0.0,0.0,
ENG-Premier League,1819,2018-11-24 Everton-Cardiff City,Everton,Jordan Pickford,True,Goalkeeper,1,start,end,1.0,0.0,1.0,0.0,0.0,0.0,0.0,0.0,1.0,0.0,0.0,0.0,0.0,0.0,
ENG-Premier League,1819,2018-11-24 Everton-Cardiff City,Everton,Jordan Pickford,True,Goalkeeper,,start,end,1.0,0.0,1.0,0.0,0.0,0.0,0.0,0.0,1.0,0.0,0.0,0.0,0.0,0.0,
ENG-Premier League,1819,2018-11-24 Fulham-Southampton,Fulham,Sergio Rico,True,Goalkeeper,1,start,end,1.0,0.0,0.0,0.0,0.0,0.0,0.0,2.0,6.0,0.0,0.0,0.0,0.0,0.0,
ENG-Premier League,1819,2018-11-24 Fulham-Southampton,Southampton,Alex McCarthy,False,Goalkeeper,1,start,end,1.0,0.0,0.0,0.0,0.0,0.0,0.0,3.0,2.0,0.0,0.0,0.0,0.0,0.0,
ENG-Premier League,1819,2018-11-24 Manchester United-Crystal Palace,Crystal Palace,Wayne Hennessey,False,Goalkeeper,1,start,end,1.0,0.0,0.0,0.0,0.0,0.0,0.0,0.0,5.0,0.0,0.0,0.0,0.0,0.0,
ENG-Premier League,1819,2018-11-24 Manchester United-Crystal Palace,Crystal Palace,Wayne Hennessey,False,Goalkeeper,,start,end,1.0,0.0,0.0,0.0,0.0,0.0,0.0,0.0,5.0,0.0,0.0,0.0,0.0,0.0,
ENG-Premier League,1819,2018-11-24 Manchester United-Crystal Palace,Manchester United,David de Gea,True,Goalkeeper,1,start,end,1.0,0.0,0.0,0.0,0.0,0.0,0.0,0.0,2.0,0.0,0.0,0.0,0.0,0.0,
ENG-Premier League,1819,2018-11-24 Manchester United-Crystal Palace,Manchester United,David de Gea,True,Goalkeeper,,start,end,1.0,0.0,0.0,0.0,0.0,0.0,0.0,0.0,2.0,0.0,0.0,0.0,0.0,0.0,
ENG-Premier League,1819,2018-11-24 Tottenham Hotspur-Chelsea,Chelsea,Kepa Arrizabalaga,False,Goalkeeper,1,start,end,1.0,0.0,0.0,0.0,0.0,0.0,0.0,3.0,6.0,0.0,0.0,0.0,0.0,0.0,
ENG-Premier League,1819,2018-11-24 Tottenham Hotspur-Chelsea,Chelsea,Kepa Arrizabalaga,False,Goalkeeper,,start,end,1.0,0.0,0.0,0.0,0.0,0.0,0.0,3.0,6.0,0.0,0.0,0.0,0.0,0.0,
ENG-Premier League,1819,2018-11-24 Tottenham Hotspur-Chelsea,Tottenham Hotspur,Hugo Lloris,True,Goalkeeper,1,start,end,1.0,0.0,0.0,0.0,0.0,0.0,0.0,1.0,1.0,0.0,0.0,0.0,0.0,0.0,
ENG-Premier League,1819,2018-11-24 Tottenham Hotspur-Chelsea,Tottenham Hotspur,Hugo Lloris,True,Goalkeeper,,start,end,1.0,0.0,0.0,0.0,0.0,0.0,0.0,1.0,1.0,0.0,0.0,0.0,0.0,0.0,
ENG-Premier League,1819,2018-11-24 Watford-Liverpool,Liverpool,Alisson Becker,False,Goalkeeper,1,start,end,1.0,0.0,0.0,0.0,0.0,0.0,0.0,0.0,1.0,0.0,0.0,0.0,0.0,0.0,
ENG-Premier League,1819,2018-11-24 Watford-Liverpool,Liverpool,Alisson Becker,False,Goalkeeper,,start,end,1.0,0.0,0.0,0.0,0.0,0.0,0.0,0.0,1.0,0.0,0.0,0.0,0.0,0.0,
ENG-Premier League,1819,2018-11-24 Watford-Liverpool,Watford,Ben Foster,True,Goalkeeper,1,start,end,1.0,0.0,0.0,0.0,0.0,0.0,0.0,3.0,4.0,0.0,0.0,0.0,0.0,0.0,
ENG-Premier League,1819,2018-11-24 Watford-Liverpool,Watford,Ben Foster,True,Goalkeeper,,start,end,1.0,0.0,0.0,0.0,0.0,0.0,0.0,3.0,4.0,0.0,0.0,0.0,0.0,0.0,
ENG-Premier League,1819,2018-11-24 West Ham United-Manchester City,Manchester City,Ederson,False,Goalkeeper,1,start,end,1.0,0.0,0.0,0.0,0.0,0.0,0.0,0.0,1.0,0.0,0.0,0.0,0.0,0.0,
ENG-Premier League,1819,2018-11-24 West Ham United-Manchester City,Manchester City,Ederson,False,Goalkeeper,,start,end,1.0,0.0,0.0,0.0,0.0,0.0,0.0,0.0,1.0,0.0,0.0,0.0,0.0,0.0,
ENG-Premier League,1819,2018-11-24 West Ham United-Manchester City,West Ham United,Lukasz Fabianski,True,Goalkeeper,1,start,end,1.0,0.0,0.0,0.0,0.0,0.0,0.0,4.0,2.0,0.0,0.0,0.0,0.0,0.0,
ENG-Premier League,1819,2018-11-24 West Ham United-Manchester City,West Ham United,Lukasz Fabianski,True,Goalkeeper,,start,end,1.0,0.0,0.0,0.0,0.0,0.0,0.0,4.0,2.0,0.0,0.0,0.0,0.0,0.0,
ENG-Premier League,1819,2018-11-25 AFC Bournemouth-Arsenal,AFC Bournemouth,Asmir Begovic,True,Goalkeeper,1,start,end,1.0,0.0,0.0,0.0,0.0,0.0,0.0,2.0,3.0,0.0,0.0,0.0,0.0,0.0,
ENG-Premier League,1819,2018-11-25 AFC Bournemouth-Arsenal,AFC Bournemouth,Asmir Begovic,True,Goalkeeper,,start,end,1.0,0.0,0.0,0.0,0.0,0.0,0.0,2.0,3.0,0.0,0.0,0.0,0.0,0.0,
ENG-Premier League,1819,2018-11-25 AFC Bournemouth-Arsenal,Arsenal,Bernd Leno,False,Goalkeeper,1,start,end,1.0,0.0,0.0,0.0,0.0,0.0,0.0,1.0,5.0,0.0,0.0,0.0,0.0,0.0,
ENG-Premier League,1819,2018-11-25 AFC Bournemouth-Arsenal,Arsenal,Bernd Leno,False,Goalkeeper,,start,end,1.0,0.0,0.0,0.0,0.0,0.0,0.0,1.0,5.0,0.0,0.0,0.0,0.0,0.0,
ENG-Premier League,1819,2018-11-25 Wolverhampton Wanderers-Huddersfield Town,Huddersfield Town,Jonas Lössl,False,Goalkeeper,1,start,end,1.0,0.0,0.0,0.0,0.0,0.0,0.0,0.0,2.0,0.0,0.0,0.0,0.0,0.0,
ENG-Premier League,1819,2018-11-25 Wolverhampton Wanderers-Huddersfield Town,Huddersfield Town,Jonas Lössl,False,Goalkeeper,,start,end,1.0,0.0,0.0,0.0,0.0,0.0,0.0,0.0,2.0,0.0,0.0,0.0,0.0,0.0,
ENG-Premier League,1819,2018-11-25 Wolverhampton Wanderers-Huddersfield Town,Wolverhampton Wanderers,Rui Patrício,True,Goalkeeper,1,start,end,1.0,0.0,0.0,0.0,0.0,0.0,0.0,2.0,4.0,0.0,0.0,0.0,0.0,0.0,
ENG-Premier League,1819,2018-11-25 Wolverhampton Wanderers-Huddersfield Town,Wolverhampton Wanderers,Rui Patrício,True,Goalkeeper,,start,end,1.0,0.0,0.0,0.0,0.0,0.0,0.0,2.0,4.0,0.0,0.0,0.0,0.0,0.0,
ENG-Premier League,1819,2018-11-26 Burnley-Newcastle United,Burnley,Joe Hart,True,Goalkeeper,1,start,end,1.0,0.0,0.0,0.0,0.0,0.0,0.0,2.0,1.0,0.0,0.0,0.0,0.0,0.0,
ENG-Premier League,1819,2018-11-26 Burnley-Newcastle United,Burnley,Joe Hart,True,Goalkeeper,,start,end,1.0,0.0,0.0,0.0,0.0,0.0,0.0,2.0,1.0,0.0,0.0,0.0,0.0,0.0,
ENG-Premier League,1819,2018-11-26 Burnley-Newcastle United,Newcastle United,Martin Dúbravka,False,Goalkeeper,1,start,end,1.0,0.0,0.0,0.0,0.0,0.0,0.0,1.0,3.0,0.0,0.0,0.0,0.0,0.0,
ENG-Premier League,1819,2018-11-26 Burnley-Newcastle United,Newcastle United,Martin Dúbravka,False,Goalkeeper,,start,end,1.0,0.0,0.0,0.0,0.0,0.0,0.0,1.0,3.0,0.0,0.0,0.0,0.0,0.0,
ENG-Premier League,1819,2018-11-30 Cardiff City-Wolverhampton Wanderers,Cardiff City,Neil Etheridge,True,Goalkeeper,1,start,end,1.0,0.0,0.0,0.0,0.0,0.0,0.0,1.0,3.0,0.0,0.0,0.0,0.0,0.0,
ENG-Premier League,1819,2018-11-30 Cardiff City-Wolverhampton Wanderers,Wolverhampton Wanderers,Rui Patrício,False,Goalkeeper,1,start,end,1.0,0.0,0.0,0.0,0.0,0.0,0.0,2.0,0.0,0.0,0.0,0.0,0.0,0.0,
ENG-Premier League,1819,2018-11-30 Cardiff City-Wolverhampton Wanderers,Wolverhampton Wanderers,Rui Patrício,False,Goalkeeper,,start,end,1.0,0.0,0.0,0.0,0.0,0.0,0.0,2.0,0.0,0.0,0.0,0.0,0.0,0.0,
ENG-Premier League,1819,2018-12-01 Crystal Palace-Burnley,Burnley,Joe Hart,False,Goalkeeper,1,start,end,1.0,0.0,0.0,0.0,0.0,0.0,0.0,2.0,7.0,0.0,0.0,0.0,0.0,0.0,
ENG-Premier League,1819,2018-12-01 Crystal Palace-Burnley,Crystal Palace,Wayne Hennessey,True,Goalkeeper,1,start,end,1.0,0.0,0.0,0.0,0.0,0.0,0.0,0.0,0.0,0.0,0.0,0.0,0.0,0.0,
ENG-Premier League,1819,2018-12-01 Huddersfield Town-Brighton & Hove Albion,Brighton & Hove Albion,Mathew Ryan,False,Goalkeeper,1,start,end,1.0,0.0,0.0,0.0,0.0,0.0,0.0,1.0,1.0,0.0,0.0,0.0,0.0,0.0,
ENG-Premier League,1819,2018-12-01 Huddersfield Town-Brighton & Hove Albion,Brighton & Hove Albion,Mathew Ryan,False,Goalkeeper,,start,end,1.0,0.0,0.0,0.0,0.0,0.0,0.0,1.0,1.0,0.0,0.0,0.0,0.0,0.0,
ENG-Premier League,1819,2018-12-01 Huddersfield Town-Brighton & Hove Albion,Huddersfield Town,Jonas Lössl,True,Goalkeeper,1,start,end,1.0,0.0,0.0,0.0,0.0,0.0,0.0,2.0,4.0,0.0,0.0,0.0,0.0,0.0,
ENG-Premier League,1819,2018-12-01 Huddersfield Town-Brighton & Hove Albion,Huddersfield Town,Jonas Lössl,True,Goalkeeper,,start,end,1.0,0.0,0.0,0.0,0.0,0.0,0.0,2.0,4.0,0.0,0.0,0.0,0.0,0.0,
ENG-Premier League,1819,2018-12-01 Leicester City-Watford,Leicester City,Kasper Schmeichel,True,Goalkeeper,1,start,end,1.0,0.0,1.0,0.0,0.0,0.0,0.0,0.0,0.0,0.0,0.0,0.0,0.0,0.0,
ENG-Premier League,1819,2018-12-01 Leicester City-Watford,Leicester City,Kasper Schmeichel,True,Goalkeeper,,start,end,1.0,0.0,1.0,0.0,0.0,0.0,0.0,0.0,0.0,0.0,0.0,0.0,0.0,0.0,
ENG-Premier League,1819,2018-12-01 Leicester City-Watford,Watford,Ben Foster,False,Goalkeeper,1,start,end,1.0,1.0,0.0,0.0,0.0,0.0,0.0,2.0,1.0,0.0,0.0,0.0,0.0,0.0,
ENG-Premier League,1819,2018-12-01 Leicester City-Watford,Watford,Ben Foster,False,Goalkeeper,,start,end,1.0,1.0,0.0,0.0,0.0,0.0,0.0,2.0,1.0,0.0,0.0,0.0,0.0,0.0,
ENG-Premier League,1819,2018-12-01 Manchester City-AFC Bournemouth,AFC Bournemouth,Asmir Begovic,False,Goalkeeper,1,start,end,1.0,0.0,0.0,0.0,0.0,0.0,0.0,3.0,3.0,0.0,0.0,0.0,0.0,0.0,
ENG-Premier League,1819,2018-12-01 Manchester City-AFC Bournemouth,AFC Bournemouth,Asmir Begovic,False,Goalkeeper,,start,end,1.0,0.0,0.0,0.0,0.0,0.0,0.0,3.0,3.0,0.0,0.0,0.0,0.0,0.0,
ENG-Premier League,1819,2018-12-01 Manchester City-AFC Bournemouth,Manchester City,Ederson,True,Goalkeeper,1,start,end,1.0,0.0,1.0,0.0,0.0,0.0,0.0,1.0,0.0,0.0,0.0,0.0,0.0,0.0,
ENG-Premier League,1819,2018-12-01 Manchester City-AFC Bournemouth,Manchester City,Ederson,True,Goalkeeper,,start,end,1.0,0.0,1.0,0.0,0.0,0.0,0.0,1.0,0.0,0.0,0.0,0.0,0.0,0.0,
ENG-Premier League,1819,2018-12-01 Newcastle United-West Ham United,Newcastle United,Martin Dúbravka,True,Goalkeeper,1,start,end,1.0,0.0,0.0,0.0,0.0,0.0,0.0,3.0,1.0,0.0,0.0,0.0,0.0,0.0,
ENG-Premier League,1819,2018-12-01 Newcastle United-West Ham United,Newcastle United,Martin Dúbravka,True,Goalkeeper,,start,end,1.0,0.0,0.0,0.0,0.0,0.0,0.0,3.0,1.0,0.0,0.0,0.0,0.0,0.0,
ENG-Premier League,1819,2018-12-01 Newcastle United-West Ham United,West Ham United,Lukasz Fabianski,False,Goalkeeper,1,start,end,1.0,0.0,0.0,0.0,0.0,0.0,0.0,0.0,4.0,0.0,0.0,0.0,0.0,0.0,
ENG-Premier League,1819,2018-12-01 Newcastle United-West Ham United,West Ham United,Lukasz Fabianski,False,Goalkeeper,,start,end,1.0,0.0,0.0,0.0,0.0,0.0,0.0,0.0,4.0,0.0,0.0,0.0,0.0,0.0,
ENG-Premier League,1819,2018-12-01 Southampton-Manchester United,Manchester United,David de Gea,False,Goalkeeper,1,start,end,1.0,0.0,0.0,0.0,0.0,0.0,0.0,2.0,0.0,14.0,0.0,0.0,0.0,0.0,
ENG-Premier League,1819,2018-12-01 Southampton-Manchester United,Southampton,Alex McCarthy,True,Goalkeeper,1,start,end,1.0,0.0,1.0,0.0,0.0,0.0,0.0,2.0,0.0,9.0,0.0,0.0,0.0,0.0,
ENG-Premier League,1819,2018-12-02 Arsenal-Tottenham Hotspur,Arsenal,Bernd Leno,True,Goalkeeper,1,start,end,1.0,0.0,0.0,0.0,0.0,0.0,0.0,2.0,4.0,0.0,0.0,0.0,0.0,0.0,
ENG-Premier League,1819,2018-12-02 Arsenal-Tottenham Hotspur,Arsenal,Bernd Leno,True,Goalkeeper,,start,end,1.0,0.0,0.0,0.0,0.0,0.0,0.0,2.0,4.0,0.0,0.0,0.0,0.0,0.0,
ENG-Premier League,1819,2018-12-02 Arsenal-Tottenham Hotspur,Tottenham Hotspur,Hugo Lloris,False,Goalkeeper,1,start,end,1.0,0.0,0.0,0.0,0.0,0.0,0.0,4.0,2.0,0.0,0.0,0.0,0.0,0.0,
ENG-Premier League,1819,2018-12-02 Arsenal-Tottenham Hotspur,Tottenham Hotspur,Hugo Lloris,False,Goalkeeper,,start,end,1.0,0.0,0.0,0.0,0.0,0.0,0.0,4.0,2.0,0.0,0.0,0.0,0.0,0.0,
ENG-Premier League,1819,2018-12-02 Chelsea-Fulham,Chelsea,Kepa Arrizabalaga,True,Goalkeeper,1,start,end,1.0,0.0,0.0,0.0,0.0,0.0,0.0,0.0,4.0,0.0,0.0,0.0,0.0,0.0,
ENG-Premier League,1819,2018-12-02 Chelsea-Fulham,Fulham,Sergio Rico,False,Goalkeeper,1,start,end,1.0,0.0,0.0,0.0,0.0,0.0,0.0,2.0,7.0,0.0,0.0,0.0,0.0,0.0,
ENG-Premier League,1819,2018-12-02 Liverpool-Everton,Everton,Jordan Pickford,False,Goalkeeper,1,start,end,1.0,0.0,0.0,0.0,0.0,0.0,0.0,1.0,2.0,0.0,0.0,0.0,0.0,0.0,
ENG-Premier League,1819,2018-12-02 Liverpool-Everton,Liverpool,Alisson Becker,True,Goalkeeper,1,start,end,1.0,0.0,0.0,0.0,0.0,0.0,0.0,0.0,3.0,0.0,0.0,0.0,0.0,0.0,
ENG-Premier League,1819,2018-12-04 AFC Bournemouth-Huddersfield Town,AFC Bournemouth,Asmir Begovic,True,Goalkeeper,1,start,end,1.0,0.0,0.0,0.0,0.0,0.0,0.0,1.0,5.0,0.0,0.0,0.0,0.0,0.0,
ENG-Premier League,1819,2018-12-04 AFC Bournemouth-Huddersfield Town,Huddersfield Town,Jonas Lössl,False,Goalkeeper,1,start,end,1.0,0.0,0.0,0.0,0.0,0.0,0.0,2.0,0.0,0.0,0.0,0.0,0.0,0.0,
ENG-Premier League,1819,2018-12-04 Brighton & Hove Albion-Crystal Palace,Brighton & Hove Albion,Mathew Ryan,True,Goalkeeper,1,start,end,1.0,0.0,0.0,0.0,0.0,0.0,0.0,1.0,3.0,0.0,0.0,0.0,0.0,0.0,
ENG-Premier League,1819,2018-12-04 Brighton & Hove Albion-Crystal Palace,Crystal Palace,Wayne Hennessey,False,Goalkeeper,1,start,end,1.0,0.0,0.0,0.0,0.0,0.0,0.0,3.0,0.0,0.0,0.0,0.0,0.0,0.0,
ENG-Premier League,1819,2018-12-04 Watford-Manchester City,Manchester City,Ederson,False,Goalkeeper,1,start,end,1.0,0.0,0.0,0.0,0.0,0.0,1.0,1.0,5.0,0.0,0.0,0.0,0.0,0.0,
ENG-Premier League,1819,2018-12-04 Watford-Manchester City,Watford,Ben Foster,True,Goalkeeper,1,start,end,1.0,0.0,0.0,0.0,0.0,0.0,0.0,2.0,5.0,0.0,0.0,0.0,0.0,0.0,
ENG-Premier League,1819,2018-12-04 West Ham United-Cardiff City,Cardiff City,Neil Etheridge,False,Goalkeeper,1,start,end,1.0,0.0,1.0,0.0,0.0,0.0,0.0,3.0,8.0,0.0,0.0,0.0,0.0,0.0,
ENG-Premier League,1819,2018-12-04 West Ham United-Cardiff City,West Ham United,Lukasz Fabianski,True,Goalkeeper,1,start,end,1.0,0.0,0.0,0.0,0.0,0.0,0.0,1.0,3.0,0.0,0.0,0.0,0.0,0.0,
ENG-Premier League,1819,2018-12-05 Burnley-Liverpool,Burnley,Joe Hart,True,Goalkeeper,1,start,end,1.0,0.0,0.0,0.0,0.0,0.0,0.0,3.0,8.0,0.0,0.0,0.0,0.0,0.0,
ENG-Premier League,1819,2018-12-05 Burnley-Liverpool,Burnley,Joe Hart,True,Goalkeeper,,start,end,1.0,0.0,0.0,0.0,0.0,0.0,0.0,3.0,8.0,0.0,0.0,0.0,0.0,0.0,
ENG-Premier League,1819,2018-12-05 Burnley-Liverpool,Liverpool,Alisson Becker,False,Goalkeeper,1,start,end,1.0,0.0,0.0,0.0,0.0,0.0,0.0,1.0,5.0,0.0,0.0,0.0,0.0,0.0,
ENG-Premier League,1819,2018-12-05 Burnley-Liverpool,Liverpool,Alisson Becker,False,Goalkeeper,,start,end,1.0,0.0,0.0,0.0,0.0,0.0,0.0,1.0,5.0,0.0,0.0,0.0,0.0,0.0,
ENG-Premier League,1819,2018-12-05 Everton-Newcastle United,Everton,Jordan Pickford,True,Goalkeeper,1,start,end,1.0,0.0,0.0,0.0,0.0,0.0,0.0,1.0,4.0,0.0,0.0,0.0,0.0,0.0,
ENG-Premier League,1819,2018-12-05 Everton-Newcastle United,Newcastle United,Martin Dúbravka,False,Goalkeeper,1,start,end,1.0,0.0,0.0,0.0,0.0,0.0,0.0,1.0,2.0,0.0,0.0,0.0,0.0,0.0,
ENG-Premier League,1819,2018-12-05 Fulham-Leicester City,Fulham,Sergio Rico,True,Goalkeeper,1,start,end,1.0,0.0,0.0,0.0,0.0,0.0,0.0,1.0,4.0,0.0,0.0,0.0,0.0,0.0,
ENG-Premier League,1819,2018-12-05 Fulham-Leicester City,Leicester City,Kasper Schmeichel,False,Goalkeeper,1,start,end,1.0,0.0,1.0,0.0,0.0,0.0,0.0,1.0,6.0,0.0,0.0,0.0,0.0,0.0,
ENG-Premier League,1819,2018-12-05 Manchester United-Arsenal,Arsenal,Bernd Leno,False,Goalkeeper,1,start,end,1.0,0.0,0.0,0.0,0.0,0.0,0.0,2.0,5.0,0.0,0.0,0.0,0.0,0.0,
ENG-Premier League,1819,2018-12-05 Manchester United-Arsenal,Arsenal,Bernd Leno,False,Goalkeeper,,start,end,1.0,0.0,0.0,0.0,0.0,0.0,0.0,2.0,5.0,0.0,0.0,0.0,0.0,0.0,
ENG-Premier League,1819,2018-12-05 Manchester United-Arsenal,Manchester United,David de Gea,True,Goalkeeper,1,start,end,1.0,0.0,1.0,0.0,0.0,0.0,0.0,2.0,3.0,0.0,0.0,0.0,0.0,0.0,
ENG-Premier League,1819,2018-12-05 Manchester United-Arsenal,Manchester United,David de Gea,True,Goalkeeper,,start,end,1.0,0.0,1.0,0.0,0.0,0.0,0.0,2.0,3.0,0.0,0.0,0.0,0.0,0.0,
ENG-Premier League,1819,2018-12-05 Tottenham Hotspur-Southampton,Southampton,Alex McCarthy,False,Goalkeeper,1,start,end,1.0,0.0,0.0,0.0,0.0,0.0,0.0,3.0,5.0,0.0,0.0,0.0,0.0,0.0,
ENG-Premier League,1819,2018-12-05 Tottenham Hotspur-Southampton,Southampton,Alex McCarthy,False,Goalkeeper,,start,end,1.0,0.0,0.0,0.0,0.0,0.0,0.0,3.0,5.0,0.0,0.0,0.0,0.0,0.0,
ENG-Premier League,1819,2018-12-05 Tottenham Hotspur-Southampton,Tottenham Hotspur,Hugo Lloris,True,Goalkeeper,1,start,end,1.0,0.0,0.0,0.0,0.0,0.0,0.0,1.0,4.0,0.0,0.0,0.0,0.0,0.0,
ENG-Premier League,1819,2018-12-05 Tottenham Hotspur-Southampton,Tottenham Hotspur,Hugo Lloris,True,Goalkeeper,,start,end,1.0,0.0,0.0,0.0,0.0,0.0,0.0,1.0,4.0,0.0,0.0,0.0,0.0,0.0,
ENG-Premier League,1819,2018-12-05 Wolverhampton Wanderers-Chelsea,Chelsea,Kepa Arrizabalaga,False,Goalkeeper,1,start,end,1.0,0.0,0.0,0.0,0.0,0.0,0.0,2.0,0.0,0.0,0.0,0.0,0.0,0.0,
ENG-Premier League,1819,2018-12-05 Wolverhampton Wanderers-Chelsea,Wolverhampton Wanderers,Rui Patrício,True,Goalkeeper,1,start,end,1.0,0.0,0.0,0.0,0.0,0.0,0.0,1.0,2.0,0.0,0.0,0.0,0.0,0.0,
ENG-Premier League,1819,2018-12-08 AFC Bournemouth-Liverpool,AFC Bournemouth,Asmir Begovic,True,Goalkeeper,1,start,end,1.0,0.0,0.0,0.0,0.0,0.0,0.0,4.0,1.0,0.0,0.0,0.0,0.0,0.0,
ENG-Premier League,1819,2018-12-08 AFC Bournemouth-Liverpool,Liverpool,Alisson Becker,False,Goalkeeper,1,start,end,1.0,0.0,0.0,0.0,0.0,0.0,0.0,0.0,2.0,0.0,0.0,0.0,0.0,0.0,
ENG-Premier League,1819,2018-12-08 Arsenal-Huddersfield Town,Arsenal,Bernd Leno,True,Goalkeeper,1,start,end,1.0,0.0,0.0,0.0,0.0,0.0,0.0,0.0,0.0,0.0,0.0,0.0,0.0,0.0,
ENG-Premier League,1819,2018-12-08 Arsenal-Huddersfield Town,Huddersfield Town,Jonas Lössl,False,Goalkeeper,1,start,end,1.0,0.0,0.0,0.0,0.0,0.0,0.0,1.0,2.0,0.0,0.0,0.0,0.0,0.0,
ENG-Premier League,1819,2018-12-08 Burnley-Brighton & Hove Albion,Brighton & Hove Albion,Mathew Ryan,False,Goalkeeper,1,start,end,1.0,0.0,0.0,0.0,0.0,0.0,0.0,1.0,3.0,0.0,0.0,0.0,0.0,0.0,
ENG-Premier League,1819,2018-12-08 Burnley-Brighton & Hove Albion,Burnley,Joe Hart,True,Goalkeeper,1,start,end,1.0,0.0,0.0,0.0,0.0,0.0,0.0,0.0,1.0,0.0,0.0,0.0,0.0,0.0,
ENG-Premier League,1819,2018-12-08 Cardiff City-Southampton,Cardiff City,Neil Etheridge,True,Goalkeeper,1,start,end,1.0,0.0,0.0,0.0,0.0,0.0,0.0,0.0,1.0,0.0,0.0,0.0,0.0,0.0,
ENG-Premier League,1819,2018-12-08 Cardiff City-Southampton,Southampton,Alex McCarthy,False,Goalkeeper,1,start,end,1.0,0.0,0.0,0.0,0.0,0.0,0.0,1.0,3.0,0.0,0.0,0.0,0.0,0.0,
ENG-Premier League,1819,2018-12-08 Chelsea-Manchester City,Chelsea,Kepa Arrizabalaga,True,Goalkeeper,1,start,end,1.0,0.0,0.0,0.0,0.0,0.0,0.0,0.0,4.0,0.0,0.0,0.0,0.0,0.0,
ENG-Premier League,1819,2018-12-08 Chelsea-Manchester City,Manchester City,Ederson,False,Goalkeeper,1,start,end,1.0,0.0,0.0,0.0,0.0,0.0,0.0,2.0,3.0,0.0,0.0,0.0,0.0,0.0,
ENG-Premier League,1819,2018-12-08 Leicester City-Tottenham Hotspur,Leicester City,Kasper Schmeichel,True,Goalkeeper,1,start,end,1.0,0.0,0.0,0.0,0.0,0.0,0.0,2.0,0.0,0.0,0.0,0.0,0.0,0.0,
ENG-Premier League,1819,2018-12-08 Leicester City-Tottenham Hotspur,Tottenham Hotspur,Hugo Lloris,False,Goalkeeper,1,start,end,1.0,0.0,0.0,0.0,0.0,0.0,0.0,0.0,3.0,0.0,0.0,0.0,0.0,0.0,
ENG-Premier League,1819,2018-12-08 Manchester United-Fulham,Fulham,Sergio Rico,False,Goalkeeper,1,start,end,1.0,0.0,0.0,0.0,0.0,0.0,0.0,4.0,7.0,0.0,0.0,0.0,0.0,0.0,
ENG-Premier League,1819,2018-12-08 Manchester United-Fulham,Manchester United,David de Gea,True,Goalkeeper,1,start,end,1.0,0.0,0.0,0.0,0.0,0.0,0.0,1.0,3.0,0.0,0.0,0.0,0.0,0.0,
ENG-Premier League,1819,2018-12-08 West Ham United-Crystal Palace,Crystal Palace,Wayne Hennessey,False,Goalkeeper,1,start,end,1.0,0.0,0.0,0.0,0.0,0.0,0.0,3.0,3.0,0.0,0.0,0.0,0.0,0.0,
ENG-Premier League,1819,2018-12-08 West Ham United-Crystal Palace,West Ham United,Lukasz Fabianski,True,Goalkeeper,1,start,end,1.0,0.0,0.0,0.0,0.0,0.0,0.0,2.0,2.0,0.0,0.0,0.0,0.0,0.0,
ENG-Premier League,1819,2018-12-09 Newcastle United-Wolverhampton Wanderers,Newcastle United,Martin Dúbravka,True,Goalkeeper,1,start,end,1.0,0.0,0.0,0.0,0.0,0.0,0.0,2.0,4.0,0.0,0.0,0.0,0.0,0.0,
ENG-Premier League,1819,2018-12-09 Newcastle United-Wolverhampton Wanderers,Wolverhampton Wanderers,Rui Patrício,False,Goalkeeper,1,start,end,1.0,0.0,0.0,0.0,0.0,0.0,0.0,1.0,3.0,0.0,0.0,0.0,0.0,0.0,
ENG-Premier League,1819,2018-12-10 Everton-Watford,Everton,Jordan Pickford,True,Goalkeeper,1,start,end,1.0,0.0,0.0,0.0,0.0,0.0,0.0,2.0,2.0,0.0,0.0,0.0,0.0,0.0,
ENG-Premier League,1819,2018-12-10 Everton-Watford,Watford,Ben Foster,False,Goalkeeper,1,start,end,1.0,0.0,0.0,0.0,0.0,0.0,0.0,2.0,3.0,0.0,0.0,0.0,0.0,0.0,
ENG-Premier League,1819,2018-12-15 Crystal Palace-Leicester City,Crystal Palace,Vicente Guaita,True,Goalkeeper,1,start,end,1.0,0.0,1.0,0.0,0.0,0.0,1.0,0.0,2.0,0.0,0.0,0.0,0.0,0.0,
ENG-Premier League,1819,2018-12-15 Crystal Palace-Leicester City,Leicester City,Kasper Schmeichel,False,Goalkeeper,1,start,end,1.0,0.0,1.0,0.0,0.0,0.0,0.0,1.0,0.0,0.0,0.0,0.0,0.0,0.0,
ENG-Premier League,1819,2018-12-15 Fulham-West Ham United,Fulham,Sergio Rico,True,Goalkeeper,1,start,end,1.0,0.0,0.0,0.0,0.0,0.0,0.0,2.0,1.0,0.0,0.0,0.0,0.0,0.0,
ENG-Premier League,1819,2018-12-15 Fulham-West Ham United,West Ham United,Lukasz Fabianski,False,Goalkeeper,1,start,end,1.0,0.0,0.0,0.0,0.0,0.0,0.0,0.0,4.0,0.0,0.0,0.0,0.0,0.0,
ENG-Premier League,1819,2018-12-15 Huddersfield Town-Newcastle United,Huddersfield Town,Jonas Lössl,True,Goalkeeper,1,start,end,1.0,0.0,0.0,0.0,0.0,0.0,0.0,1.0,4.0,0.0,0.0,0.0,0.0,0.0,
ENG-Premier League,1819,2018-12-15 Huddersfield Town-Newcastle United,Newcastle United,Martin Dúbravka,False,Goalkeeper,1,start,end,1.0,0.0,0.0,0.0,0.0,0.0,0.0,0.0,5.0,0.0,0.0,0.0,0.0,0.0,
ENG-Premier League,1819,2018-12-15 Manchester City-Everton,Everton,Jordan Pickford,False,Goalkeeper,1,start,end,1.0,0.0,0.0,0.0,0.0,0.0,0.0,3.0,3.0,0.0,0.0,0.0,0.0,0.0,
ENG-Premier League,1819,2018-12-15 Manchester City-Everton,Manchester City,Ederson,True,Goalkeeper,1,start,end,1.0,0.0,0.0,0.0,0.0,0.0,0.0,1.0,1.0,0.0,0.0,0.0,0.0,0.0,
ENG-Premier League,1819,2018-12-15 Tottenham Hotspur-Burnley,Burnley,Joe Hart,False,Goalkeeper,1,start,end,1.0,0.0,0.0,0.0,0.0,0.0,0.0,1.0,2.0,0.0,0.0,0.0,0.0,0.0,
ENG-Premier League,1819,2018-12-15 Tottenham Hotspur-Burnley,Tottenham Hotspur,Hugo Lloris,True,Goalkeeper,1,start,end,1.0,0.0,0.0,0.0,0.0,0.0,0.0,0.0,0.0,0.0,0.0,0.0,0.0,0.0,
ENG-Premier League,1819,2018-12-15 Watford-Cardiff City,Cardiff City,Neil Etheridge,False,Goalkeeper,1,start,end,1.0,0.0,1.0,0.0,0.0,0.0,0.0,3.0,5.0,0.0,0.0,0.0,0.0,0.0,
ENG-Premier League,1819,2018-12-15 Watford-Cardiff City,Watford,Ben Foster,True,Goalkeeper,1,start,end,1.0,0.0,1.0,0.0,0.0,0.0,0.0,2.0,1.0,0.0,0.0,0.0,0.0,0.0,
ENG-Premier League,1819,2018-12-15 Wolverhampton Wanderers-AFC Bournemouth,AFC Bournemouth,Asmir Begovic,False,Goalkeeper,1,start,end,1.0,0.0,0.0,0.0,0.0,0.0,0.0,2.0,2.0,0.0,0.0,0.0,0.0,0.0,
ENG-Premier League,1819,2018-12-15 Wolverhampton Wanderers-AFC Bournemouth,Wolverhampton Wanderers,Rui Patrício,True,Goalkeeper,1,start,end,1.0,0.0,0.0,0.0,0.0,0.0,0.0,0.0,3.0,0.0,0.0,0.0,0.0,0.0,
ENG-Premier League,1819,2018-12-16 Brighton & Hove Albion-Chelsea,Brighton & Hove Albion,Mathew Ryan,True,Goalkeeper,1,start,end,1.0,0.0,0.0,0.0,0.0,0.0,0.0,2.0,1.0,0.0,0.0,0.0,0.0,0.0,
ENG-Premier League,1819,2018-12-16 Brighton & Hove Albion-Chelsea,Chelsea,Kepa Arrizabalaga,False,Goalkeeper,1,start,end,1.0,0.0,0.0,0.0,0.0,0.0,1.0,1.0,1.0,0.0,0.0,0.0,0.0,0.0,
ENG-Premier League,1819,2018-12-16 Liverpool-Manchester United,Liverpool,Alisson Becker,True,Goalkeeper,1,start,end,1.0,0.0,0.0,0.0,0.0,0.0,0.0,1.0,2.0,0.0,0.0,0.0,0.0,0.0,
ENG-Premier League,1819,2018-12-16 Liverpool-Manchester United,Manchester United,David de Gea,False,Goalkeeper,1,start,end,1.0,0.0,0.0,0.0,0.0,0.0,0.0,3.0,7.0,0.0,0.0,0.0,0.0,0.0,
ENG-Premier League,1819,2018-12-16 Southampton-Arsenal,Arsenal,Bernd Leno,False,Goalkeeper,1,start,end,1.0,0.0,0.0,0.0,0.0,0.0,0.0,3.0,4.0,0.0,0.0,0.0,0.0,0.0,
ENG-Premier League,1819,2018-12-16 Southampton-Arsenal,Southampton,Alex McCarthy,True,Goalkeeper,1,start,end,1.0,0.0,0.0,0.0,0.0,0.0,0.0,2.0,2.0,0.0,0.0,0.0,0.0,0.0,
ENG-Premier League,1819,2018-12-21 Wolverhampton Wanderers-Liverpool,Liverpool,Alisson Becker,False,Goalkeeper,1,start,end,1.0,0.0,0.0,0.0,0.0,0.0,0.0,0.0,5.0,0.0,0.0,0.0,0.0,0.0,
ENG-Premier League,1819,2018-12-21 Wolverhampton Wanderers-Liverpool,Wolverhampton Wanderers,Rui Patrício,True,Goalkeeper,1,start,end,1.0,0.0,0.0,0.0,0.0,0.0,0.0,2.0,5.0,0.0,0.0,0.0,0.0,0.0,
ENG-Premier League,1819,2018-12-22 AFC Bournemouth-Brighton & Hove Albion,AFC Bournemouth,Asmir Begovic,True,Goalkeeper,1,start,end,1.0,0.0,0.0,0.0,0.0,0.0,0.0,0.0,5.0,0.0,0.0,0.0,0.0,0.0,
ENG-Premier League,1819,2018-12-22 AFC Bournemouth-Brighton & Hove Albion,Brighton & Hove Albion,Mathew Ryan,False,Goalkeeper,1,start,end,1.0,0.0,0.0,0.0,0.0,0.0,0.0,2.0,1.0,0.0,0.0,0.0,0.0,0.0,
ENG-Premier League,1819,2018-12-22 Arsenal-Burnley,Arsenal,Bernd Leno,True,Goalkeeper,1,start,end,1.0,0.0,1.0,0.0,0.0,0.0,0.0,1.0,1.0,0.0,0.0,0.0,0.0,0.0,
ENG-Premier League,1819,2018-12-22 Arsenal-Burnley,Burnley,Joe Hart,False,Goalkeeper,1,start,end,1.0,0.0,0.0,0.0,0.0,0.0,0.0,3.0,3.0,0.0,0.0,0.0,0.0,0.0,
ENG-Premier League,1819,2018-12-22 Cardiff City-Manchester United,Cardiff City,Neil Etheridge,True,Goalkeeper,1,start,end,1.0,0.0,0.0,0.0,0.0,0.0,0.0,5.0,4.0,0.0,0.0,0.0,0.0,0.0,
ENG-Premier League,1819,2018-12-22 Cardiff City-Manchester United,Manchester United,David de Gea,False,Goalkeeper,1,start,end,1.0,0.0,0.0,0.0,0.0,0.0,0.0,1.0,2.0,0.0,0.0,0.0,0.0,0.0,
ENG-Premier League,1819,2018-12-22 Chelsea-Leicester City,Chelsea,Kepa Arrizabalaga,True,Goalkeeper,1,start,end,1.0,0.0,0.0,0.0,0.0,0.0,0.0,1.0,2.0,0.0,0.0,0.0,0.0,0.0,
ENG-Premier League,1819,2018-12-22 Chelsea-Leicester City,Leicester City,Kasper Schmeichel,False,Goalkeeper,1,start,end,1.0,0.0,0.0,0.0,0.0,0.0,0.0,0.0,5.0,0.0,0.0,0.0,0.0,0.0,
ENG-Premier League,1819,2018-12-22 Huddersfield Town-Southampton,Huddersfield Town,Jonas Lössl,True,Goalkeeper,1,start,end,1.0,0.0,0.0,0.0,0.0,0.0,0.0,3.0,3.0,0.0,0.0,0.0,0.0,0.0,
ENG-Premier League,1819,2018-12-22 Huddersfield Town-Southampton,Southampton,Alex McCarthy,False,Goalkeeper,1,start,end,1.0,0.0,0.0,0.0,0.0,0.0,0.0,1.0,4.0,0.0,0.0,0.0,0.0,0.0,
ENG-Premier League,1819,2018-12-22 Manchester City-Crystal Palace,Crystal Palace,Vicente Guaita,False,Goalkeeper,1,start,end,1.0,0.0,0.0,0.0,0.0,0.0,1.0,2.0,3.0,0.0,0.0,0.0,0.0,0.0,
ENG-Premier League,1819,2018-12-22 Manchester City-Crystal Palace,Manchester City,Ederson,True,Goalkeeper,1,start,end,1.0,0.0,0.0,0.0,0.0,0.0,0.0,3.0,0.0,0.0,0.0,0.0,0.0,0.0,
ENG-Premier League,1819,2018-12-22 Newcastle United-Fulham,Fulham,Sergio Rico,False,Goalkeeper,1,start,end,1.0,0.0,0.0,0.0,0.0,0.0,0.0,0.0,0.0,0.0,0.0,0.0,0.0,0.0,
ENG-Premier League,1819,2018-12-22 Newcastle United-Fulham,Newcastle United,Martin Dúbravka,True,Goalkeeper,1,start,end,1.0,0.0,0.0,0.0,0.0,0.0,0.0,0.0,2.0,0.0,0.0,0.0,0.0,0.0,
ENG-Premier League,1819,2018-12-22 West Ham United-Watford,Watford,Ben Foster,False,Goalkeeper,1,start,end,1.0,0.0,0.0,0.0,0.0,0.0,0.0,0.0,7.0,0.0,0.0,0.0,0.0,0.0,
ENG-Premier League,1819,2018-12-22 West Ham United-Watford,West Ham United,Lukasz Fabianski,True,Goalkeeper,1,start,end,1.0,0.0,0.0,0.0,0.0,0.0,0.0,2.0,3.0,0.0,0.0,0.0,0.0,0.0,
ENG-Premier League,1819,2018-12-23 Everton-Tottenham Hotspur,Everton,Jordan Pickford,True,Goalkeeper,1,start,end,1.0,0.0,0.0,0.0,0.0,0.0,0.0,6.0,2.0,0.0,0.0,0.0,0.0,0.0,
ENG-Premier League,1819,2018-12-23 Everton-Tottenham Hotspur,Tottenham Hotspur,Hugo Lloris,False,Goalkeeper,1,start,end,1.0,0.0,0.0,0.0,0.0,0.0,0.0,2.0,1.0,0.0,0.0,0.0,0.0,0.0,
ENG-Premier League,1819,2018-12-26 Brighton & Hove Albion-Arsenal,Arsenal,Bernd Leno,False,Goalkeeper,1,start,end,1.0,0.0,1.0,0.0,0.0,0.0,0.0,1.0,2.0,0.0,0.0,0.0,0.0,0.0,
ENG-Premier League,1819,2018-12-26 Brighton & Hove Albion-Arsenal,Brighton & Hove Albion,Mathew Ryan,True,Goalkeeper,1,start,end,1.0,0.0,0.0,0.0,0.0,0.0,0.0,1.0,3.0,0.0,0.0,0.0,0.0,0.0,
ENG-Premier League,1819,2018-12-26 Burnley-Everton,Burnley,Joe Hart,True,Goalkeeper,1,start,end,1.0,0.0,0.0,0.0,0.0,0.0,0.0,5.0,2.0,0.0,0.0,0.0,0.0,0.0,
ENG-Premier League,1819,2018-12-26 Burnley-Everton,Everton,Jordan Pickford,False,Goalkeeper,1,start,end,1.0,0.0,0.0,0.0,0.0,0.0,0.0,1.0,2.0,0.0,0.0,0.0,0.0,0.0,
ENG-Premier League,1819,2018-12-26 Crystal Palace-Cardiff City,Cardiff City,Neil Etheridge,False,Goalkeeper,1,start,end,1.0,0.0,0.0,0.0,0.0,0.0,0.0,0.0,5.0,0.0,0.0,0.0,0.0,0.0,
ENG-Premier League,1819,2018-12-26 Crystal Palace-Cardiff City,Crystal Palace,Vicente Guaita,True,Goalkeeper,1,start,end,1.0,0.0,0.0,0.0,0.0,0.0,0.0,0.0,4.0,0.0,0.0,0.0,0.0,0.0,
ENG-Premier League,1819,2018-12-26 Fulham-Wolverhampton Wanderers,Fulham,Sergio Rico,True,Goalkeeper,1,start,end,1.0,0.0,0.0,0.0,0.0,0.0,0.0,1.0,4.0,0.0,0.0,0.0,0.0,0.0,
ENG-Premier League,1819,2018-12-26 Fulham-Wolverhampton Wanderers,Wolverhampton Wanderers,Rui Patrício,False,Goalkeeper,1,start,end,1.0,0.0,0.0,0.0,0.0,0.0,0.0,1.0,3.0,0.0,0.0,0.0,0.0,0.0,
ENG-Premier League,1819,2018-12-26 Leicester City-Manchester City,Leicester City,Kasper Schmeichel,True,Goalkeeper,1,start,end,1.0,0.0,0.0,0.0,0.0,0.0,0.0,1.0,3.0,0.0,0.0,0.0,0.0,0.0,
ENG-Premier League,1819,2018-12-26 Leicester City-Manchester City,Manchester City,Ederson,False,Goalkeeper,1,start,end,1.0,0.0,0.0,0.0,0.0,0.0,0.0,2.0,3.0,0.0,0.0,0.0,0.0,0.0,
ENG-Premier League,1819,2018-12-26 Liverpool-Newcastle United,Liverpool,Alisson Becker,True,Goalkeeper,1,start,end,1.0,0.0,0.0,0.0,0.0,0.0,0.0,0.0,2.0,0.0,0.0,0.0,0.0,0.0,
ENG-Premier League,1819,2018-12-26 Liverpool-Newcastle United,Newcastle United,Martin Dúbravka,False,Goalkeeper,1,start,end,1.0,0.0,1.0,0.0,0.0,0.0,0.0,4.0,4.0,0.0,0.0,0.0,0.0,0.0,
ENG-Premier League,1819,2018-12-26 Manchester United-Huddersfield Town,Huddersfield Town,Jonas Lössl,False,Goalkeeper,1,start,end,1.0,0.0,0.0,0.0,0.0,0.0,0.0,3.0,7.0,0.0,0.0,0.0,0.0,0.0,
ENG-Premier League,1819,2018-12-26 Manchester United-Huddersfield Town,Manchester United,David de Gea,True,Goalkeeper,1,start,end,1.0,0.0,0.0,0.0,0.0,0.0,0.0,1.0,1.0,0.0,0.0,0.0,0.0,0.0,
ENG-Premier League,1819,2018-12-26 Tottenham Hotspur-AFC Bournemouth,AFC Bournemouth,Asmir Begovic,False,Goalkeeper,1,start,end,1.0,0.0,0.0,0.0,0.0,0.0,0.0,5.0,2.0,0.0,0.0,0.0,0.0,0.0,
ENG-Premier League,1819,2018-12-26 Tottenham Hotspur-AFC Bournemouth,Tottenham Hotspur,Hugo Lloris,True,Goalkeeper,1,start,end,1.0,0.0,0.0,0.0,0.0,0.0,0.0,0.0,4.0,0.0,0.0,0.0,0.0,0.0,
ENG-Premier League,1819,2018-12-26 Watford-Chelsea,Chelsea,Kepa Arrizabalaga,False,Goalkeeper,1,start,end,1.0,0.0,0.0,0.0,0.0,0.0,0.0,1.0,1.0,0.0,0.0,0.0,0.0,0.0,
ENG-Premier League,1819,2018-12-26 Watford-Chelsea,Watford,Ben Foster,True,Goalkeeper,1,start,end,1.0,1.0,0.0,0.0,0.0,0.0,1.0,2.0,2.0,0.0,0.0,0.0,0.0,1.0,
ENG-Premier League,1819,2018-12-27 Southampton-West Ham United,Southampton,Alex McCarthy,True,Goalkeeper,1,start,end,1.0,0.0,0.0,0.0,0.0,0.0,0.0,2.0,3.0,0.0,0.0,0.0,0.0,0.0,
ENG-Premier League,1819,2018-12-27 Southampton-West Ham United,West Ham United,Lukasz Fabianski,False,Goalkeeper,1,start,end,1.0,0.0,0.0,0.0,0.0,0.0,0.0,1.0,4.0,0.0,0.0,0.0,0.0,0.0,
ENG-Premier League,1819,2018-12-29 Brighton & Hove Albion-Everton,Brighton & Hove Albion,David Button,True,Goalkeeper,1,start,end,1.0,0.0,0.0,0.0,0.0,0.0,0.0,0.0,4.0,0.0,0.0,0.0,0.0,0.0,
ENG-Premier League,1819,2018-12-29 Brighton & Hove Albion-Everton,Everton,Jordan Pickford,False,Goalkeeper,1,start,end,1.0,0.0,0.0,0.0,0.0,0.0,0.0,1.0,2.0,0.0,0.0,0.0,0.0,0.0,
ENG-Premier League,1819,2018-12-29 Fulham-Huddersfield Town,Fulham,Sergio Rico,True,Goalkeeper,1,start,end,1.0,0.0,0.0,0.0,0.0,0.0,0.0,0.0,5.0,0.0,0.0,0.0,0.0,0.0,
ENG-Premier League,1819,2018-12-29 Fulham-Huddersfield Town,Huddersfield Town,Jonas Lössl,False,Goalkeeper,1,start,end,1.0,0.0,0.0,0.0,0.0,0.0,0.0,1.0,4.0,0.0,0.0,0.0,0.0,0.0,
ENG-Premier League,1819,2018-12-29 Leicester City-Cardiff City,Cardiff City,Neil Etheridge,False,Goalkeeper,1,start,end,1.0,0.0,0.0,0.0,0.0,0.0,1.0,0.0,7.0,0.0,0.0,0.0,0.0,0.0,
ENG-Premier League,1819,2018-12-29 Leicester City-Cardiff City,Leicester City,Kasper Schmeichel,True,Goalkeeper,1,start,end,1.0,0.0,0.0,0.0,0.0,0.0,0.0,1.0,2.0,0.0,0.0,0.0,0.0,0.0,
ENG-Premier League,1819,2018-12-29 Liverpool-Arsenal,Arsenal,Bernd Leno,False,Goalkeeper,1,start,end,1.0,0.0,0.0,0.0,0.0,0.0,0.0,5.0,5.0,0.0,0.0,0.0,0.0,0.0,
ENG-Premier League,1819,2018-12-29 Liverpool-Arsenal,Liverpool,Alisson Becker,True,Goalkeeper,1,start,end,1.0,0.0,0.0,0.0,0.0,0.0,0.0,1.0,1.0,0.0,0.0,0.0,0.0,0.0,
ENG-Premier League,1819,2018-12-29 Tottenham Hotspur-Wolverhampton Wanderers,Tottenham Hotspur,Hugo Lloris,True,Goalkeeper,1,start,end,1.0,0.0,0.0,0.0,0.0,0.0,0.0,3.0,1.0,0.0,0.0,0.0,0.0,0.0,
ENG-Premier League,1819,2018-12-29 Tottenham Hotspur-Wolverhampton Wanderers,Wolverhampton Wanderers,Rui Patrício,False,Goalkeeper,1,start,end,1.0,0.0,0.0,0.0,0.0,0.0,0.0,1.0,2.0,0.0,0.0,0.0,0.0,0.0,
ENG-Premier League,1819,2018-12-29 Watford-Newcastle United,Newcastle United,Martin Dúbravka,False,Goalkeeper,1,start,end,1.0,0.0,0.0,0.0,0.0,0.0,0.0,1.0,4.0,0.0,0.0,0.0,0.0,0.0,
ENG-Premier League,1819,2018-12-29 Watford-Newcastle United,Watford,Ben Foster,True,Goalkeeper,1,start,end,1.0,0.0,0.0,0.0,0.0,0.0,0.0,1.0,1.0,0.0,0.0,0.0,0.0,0.0,
ENG-Premier League,1819,2018-12-30 Burnley-West Ham United,Burnley,Tom Heaton,True,Goalkeeper,1,start,end,1.0,0.0,0.0,0.0,0.0,0.0,0.0,0.0,4.0,0.0,0.0,0.0,0.0,0.0,
ENG-Premier League,1819,2018-12-30 Burnley-West Ham United,West Ham United,Lukasz Fabianski,False,Goalkeeper,1,start,end,1.0,0.0,0.0,0.0,0.0,0.0,0.0,2.0,3.0,0.0,0.0,0.0,0.0,0.0,
ENG-Premier League,1819,2018-12-30 Crystal Palace-Chelsea,Chelsea,Kepa Arrizabalaga,False,Goalkeeper,1,start,end,1.0,0.0,0.0,0.0,0.0,0.0,0.0,0.0,0.0,0.0,0.0,0.0,0.0,0.0,
ENG-Premier League,1819,2018-12-30 Crystal Palace-Chelsea,Crystal Palace,Vicente Guaita,True,Goalkeeper,1,start,end,1.0,0.0,0.0,0.0,0.0,0.0,0.0,1.0,3.0,0.0,0.0,0.0,0.0,0.0,
ENG-Premier League,1819,2018-12-30 Manchester United-AFC Bournemouth,AFC Bournemouth,Asmir Begovic,False,Goalkeeper,1,start,end,1.0,0.0,0.0,0.0,0.0,0.0,0.0,4.0,4.0,0.0,0.0,0.0,0.0,0.0,
ENG-Premier League,1819,2018-12-30 Manchester United-AFC Bournemouth,Manchester United,David de Gea,True,Goalkeeper,1,start,end,1.0,0.0,0.0,0.0,0.0,0.0,0.0,1.0,2.0,0.0,0.0,0.0,0.0,0.0,
ENG-Premier League,1819,2018-12-30 Southampton-Manchester City,Manchester City,Ederson,False,Goalkeeper,1,start,end,1.0,0.0,0.0,0.0,0.0,0.0,0.0,1.0,3.0,0.0,0.0,0.0,0.0,0.0,
ENG-Premier League,1819,2018-12-30 Southampton-Manchester City,Southampton,Alex McCarthy,True,Goalkeeper,1,start,end,1.0,0.0,1.0,0.0,0.0,0.0,0.0,3.0,4.0,0.0,0.0,0.0,0.0,0.0,
ENG-Premier League,1819,2019-01-01 Arsenal-Fulham,Arsenal,Bernd Leno,True,Goalkeeper,1,start,end,1.0,0.0,0.0,0.0,0.0,0.0,0.0,1.0,3.0,0.0,0.0,0.0,0.0,0.0,
ENG-Premier League,1819,2019-01-01 Arsenal-Fulham,Fulham,Sergio Rico,False,Goalkeeper,1,start,end,1.0,0.0,0.0,0.0,0.0,0.0,0.0,4.0,4.0,0.0,0.0,0.0,0.0,0.0,
ENG-Premier League,1819,2019-01-01 Cardiff City-Tottenham Hotspur,Cardiff City,Neil Etheridge,True,Goalkeeper,1,start,end,1.0,0.0,0.0,0.0,0.0,0.0,0.0,3.0,1.0,0.0,0.0,0.0,0.0,0.0,
ENG-Premier League,1819,2019-01-01 Cardiff City-Tottenham Hotspur,Tottenham Hotspur,Hugo Lloris,False,Goalkeeper,1,start,end,1.0,0.0,0.0,0.0,0.0,0.0,0.0,0.0,3.0,0.0,0.0,0.0,0.0,0.0,
ENG-Premier League,1819,2019-01-01 Everton-Leicester City,Everton,Jordan Pickford,True,Goalkeeper,1,start,end,1.0,0.0,0.0,0.0,0.0,0.0,0.0,1.0,3.0,0.0,0.0,0.0,0.0,0.0,
ENG-Premier League,1819,2019-01-01 Everton-Leicester City,Leicester City,Kasper Schmeichel,False,Goalkeeper,1,start,end,1.0,0.0,0.0,0.0,0.0,0.0,0.0,0.0,2.0,0.0,0.0,0.0,0.0,0.0,
ENG-Premier League,1819,2019-01-02 AFC Bournemouth-Watford,AFC Bournemouth,Asmir Begovic,True,Goalkeeper,1,start,end,1.0,0.0,0.0,0.0,0.0,0.0,0.0,3.0,0.0,0.0,0.0,0.0,0.0,0.0,
ENG-Premier League,1819,2019-01-02 AFC Bournemouth-Watford,Watford,Ben Foster,False,Goalkeeper,1,start,end,1.0,0.0,0.0,0.0,0.0,0.0,0.0,3.0,9.0,0.0,0.0,0.0,0.0,0.0,
ENG-Premier League,1819,2019-01-02 Chelsea-Southampton,Chelsea,Kepa Arrizabalaga,True,Goalkeeper,1,start,end,1.0,0.0,0.0,0.0,0.0,0.0,0.0,0.0,2.0,0.0,0.0,0.0,0.0,0.0,
ENG-Premier League,1819,2019-01-02 Chelsea-Southampton,Southampton,Angus Gunn,False,Goalkeeper,1,start,end,1.0,0.0,0.0,0.0,0.0,0.0,0.0,0.0,6.0,0.0,0.0,0.0,0.0,0.0,
ENG-Premier League,1819,2019-01-02 Huddersfield Town-Burnley,Burnley,Tom Heaton,False,Goalkeeper,1,start,end,1.0,0.0,0.0,0.0,0.0,0.0,1.0,1.0,2.0,0.0,0.0,0.0,0.0,0.0,
ENG-Premier League,1819,2019-01-02 Huddersfield Town-Burnley,Huddersfield Town,Jonas Lössl,True,Goalkeeper,1,start,end,1.0,0.0,0.0,0.0,0.0,0.0,0.0,2.0,6.0,0.0,0.0,0.0,0.0,0.0,
ENG-Premier League,1819,2019-01-02 Newcastle United-Manchester United,Manchester United,David de Gea,False,Goalkeeper,1,start,end,1.0,0.0,0.0,0.0,0.0,0.0,0.0,0.0,3.0,0.0,0.0,0.0,0.0,0.0,
ENG-Premier League,1819,2019-01-02 Newcastle United-Manchester United,Newcastle United,Martin Dúbravka,True,Goalkeeper,1,start,end,1.0,0.0,0.0,0.0,0.0,0.0,0.0,2.0,5.0,0.0,0.0,0.0,0.0,0.0,
ENG-Premier League,1819,2019-01-02 West Ham United-Brighton & Hove Albion,Brighton & Hove Albion,David Button,False,Goalkeeper,1,start,end,1.0,0.0,0.0,0.0,0.0,0.0,0.0,2.0,4.0,0.0,0.0,0.0,0.0,0.0,
ENG-Premier League,1819,2019-01-02 West Ham United-Brighton & Hove Albion,West Ham United,Lukasz Fabianski,True,Goalkeeper,1,start,end,1.0,0.0,0.0,0.0,0.0,0.0,0.0,2.0,4.0,0.0,0.0,0.0,0.0,0.0,
ENG-Premier League,1819,2019-01-02 Wolverhampton Wanderers-Crystal Palace,Crystal Palace,Vicente Guaita,False,Goalkeeper,1,start,end,1.0,0.0,0.0,0.0,0.0,0.0,0.0,0.0,1.0,0.0,0.0,0.0,0.0,0.0,
ENG-Premier League,1819,2019-01-02 Wolverhampton Wanderers-Crystal Palace,Wolverhampton Wanderers,Rui Patrício,True,Goalkeeper,1,start,end,1.0,0.0,0.0,0.0,0.0,0.0,0.0,2.0,2.0,0.0,0.0,0.0,0.0,0.0,
ENG-Premier League,1819,2019-01-03 Manchester City-Liverpool,Liverpool,Alisson Becker,False,Goalkeeper,1,start,end,1.0,0.0,0.0,0.0,0.0,0.0,0.0,2.0,2.0,0.0,0.0,0.0,0.0,0.0,
ENG-Premier League,1819,2019-01-03 Manchester City-Liverpool,Manchester City,Ederson,True,Goalkeeper,1,start,end,1.0,0.0,0.0,0.0,0.0,0.0,1.0,1.0,3.0,0.0,0.0,0.0,0.0,0.0,
ENG-Premier League,1819,2019-01-12 Brighton & Hove Albion-Liverpool,Brighton & Hove Albion,David Button,True,Goalkeeper,1,start,end,1.0,0.0,0.0,0.0,0.0,0.0,0.0,1.0,2.0,0.0,0.0,0.0,0.0,0.0,
ENG-Premier League,1819,2019-01-12 Brighton & Hove Albion-Liverpool,Liverpool,Alisson Becker,False,Goalkeeper,1,start,end,1.0,0.0,0.0,0.0,0.0,0.0,0.0,0.0,0.0,0.0,0.0,0.0,0.0,0.0,
ENG-Premier League,1819,2019-01-12 Burnley-Fulham,Burnley,Tom Heaton,True,Goalkeeper,1,start,end,1.0,0.0,1.0,0.0,0.0,0.0,0.0,1.0,2.0,0.0,0.0,0.0,0.0,0.0,
ENG-Premier League,1819,2019-01-12 Burnley-Fulham,Fulham,Sergio Rico,False,Goalkeeper,1,start,end,1.0,0.0,0.0,0.0,0.0,0.0,0.0,2.0,0.0,0.0,0.0,0.0,0.0,0.0,
ENG-Premier League,1819,2019-01-12 Cardiff City-Huddersfield Town,Cardiff City,Neil Etheridge,True,Goalkeeper,1,start,end,1.0,0.0,1.0,0.0,0.0,0.0,0.0,0.0,3.0,0.0,0.0,0.0,0.0,0.0,
ENG-Premier League,1819,2019-01-12 Cardiff City-Huddersfield Town,Huddersfield Town,Jonas Lössl,False,Goalkeeper,1,start,end,1.0,0.0,0.0,0.0,0.0,0.0,0.0,0.0,0.0,0.0,0.0,0.0,0.0,0.0,
ENG-Premier League,1819,2019-01-12 Chelsea-Newcastle United,Chelsea,Kepa Arrizabalaga,True,Goalkeeper,1,start,end,1.0,0.0,0.0,0.0,0.0,0.0,0.0,1.0,1.0,0.0,0.0,0.0,0.0,0.0,
ENG-Premier League,1819,2019-01-12 Chelsea-Newcastle United,Newcastle United,Martin Dúbravka,False,Goalkeeper,1,start,end,1.0,0.0,1.0,0.0,0.0,0.0,0.0,2.0,4.0,0.0,0.0,0.0,0.0,0.0,
ENG-Premier League,1819,2019-01-12 Crystal Palace-Watford,Crystal Palace,Vicente Guaita,True,Goalkeeper,1,start,45,1.0,0.0,0.0,0.0,0.0,0.0,0.0,0.0,0.0,0.0,0.0,0.0,0.0,0.0,
ENG-Premier League,1819,2019-01-12 Crystal Palace-Watford,Watford,Ben Foster,False,Goalkeeper,1,start,end,1.0,0.0,0.0,0.0,0.0,0.0,0.0,1.0,6.0,0.0,0.0,0.0,0.0,0.0,
ENG-Premier League,1819,2019-01-12 Leicester City-Southampton,Leicester City,Kasper Schmeichel,True,Goalkeeper,1,start,end,1.0,0.0,0.0,0.0,0.0,0.0,0.0,2.0,1.0,0.0,0.0,0.0,0.0,0.0,
ENG-Premier League,1819,2019-01-12 Leicester City-Southampton,Southampton,Alex McCarthy,False,Goalkeeper,1,start,end,1.0,0.0,0.0,0.0,0.0,0.0,0.0,1.0,4.0,0.0,0.0,0.0,0.0,0.0,
ENG-Premier League,1819,2019-01-12 West Ham United-Arsenal,Arsenal,Bernd Leno,False,Goalkeeper,1,start,end,1.0,0.0,0.0,0.0,0.0,0.0,0.0,1.0,2.0,0.0,0.0,0.0,0.0,0.0,
ENG-Premier League,1819,2019-01-12 West Ham United-Arsenal,West Ham United,Lukasz Fabianski,True,Goalkeeper,1,start,end,1.0,0.0,0.0,0.0,0.0,0.0,0.0,0.0,3.0,0.0,0.0,0.0,0.0,0.0,
ENG-Premier League,1819,2019-01-13 Everton-AFC Bournemouth,AFC Bournemouth,Asmir Begovic,False,Goalkeeper,1,start,end,1.0,0.0,0.0,0.0,0.0,0.0,0.0,2.0,0.0,0.0,0.0,0.0,0.0,0.0,
ENG-Premier League,1819,2019-01-13 Everton-AFC Bournemouth,Everton,Jordan Pickford,True,Goalkeeper,1,start,end,1.0,0.0,0.0,0.0,0.0,0.0,0.0,0.0,7.0,0.0,0.0,0.0,0.0,0.0,
ENG-Premier League,1819,2019-01-13 Tottenham Hotspur-Manchester United,Manchester United,David de Gea,False,Goalkeeper,1,start,end,1.0,0.0,0.0,0.0,0.0,0.0,0.0,0.0,11.0,0.0,0.0,0.0,0.0,0.0,
ENG-Premier League,1819,2019-01-13 Tottenham Hotspur-Manchester United,Tottenham Hotspur,Hugo Lloris,True,Goalkeeper,1,start,end,1.0,0.0,0.0,0.0,0.0,0.0,0.0,1.0,7.0,0.0,0.0,0.0,0.0,0.0,
ENG-Premier League,1819,2019-01-14 Manchester City-Wolverhampton Wanderers,Manchester City,Ederson,True,Goalkeeper,1,start,end,1.0,0.0,0.0,0.0,0.0,0.0,0.0,0.0,0.0,0.0,0.0,0.0,0.0,0.0,
ENG-Premier League,1819,2019-01-14 Manchester City-Wolverhampton Wanderers,Wolverhampton Wanderers,Rui Patrício,False,Goalkeeper,1,start,end,1.0,0.0,0.0,0.0,0.0,0.0,0.0,3.0,7.0,0.0,0.0,0.0,0.0,0.0,
ENG-Premier League,1819,2019-01-19 AFC Bournemouth-West Ham United,AFC Bournemouth,Artur Boruc,True,Goalkeeper,1,start,end,1.0,0.0,0.0,0.0,0.0,0.0,0.0,0.0,1.0,0.0,0.0,0.0,0.0,0.0,
ENG-Premier League,1819,2019-01-19 AFC Bournemouth-West Ham United,West Ham United,Lukasz Fabianski,False,Goalkeeper,1,start,end,1.0,0.0,0.0,0.0,0.0,0.0,0.0,2.0,3.0,0.0,0.0,0.0,0.0,0.0,
ENG-Premier League,1819,2019-01-19 Arsenal-Chelsea,Arsenal,Bernd Leno,True,Goalkeeper,1,start,end,1.0,0.0,0.0,0.0,0.0,0.0,0.0,0.0,1.0,0.0,0.0,0.0,0.0,0.0,
ENG-Premier League,1819,2019-01-19 Arsenal-Chelsea,Chelsea,Kepa Arrizabalaga,False,Goalkeeper,1,start,end,1.0,0.0,0.0,0.0,0.0,0.0,0.0,2.0,3.0,0.0,0.0,0.0,0.0,0.0,
ENG-Premier League,1819,2019-01-19 Liverpool-Crystal Palace,Crystal Palace,Julian Speroni,False,Goalkeeper,1,start,end,1.0,0.0,0.0,0.0,0.0,0.0,0.0,4.0,5.0,0.0,0.0,0.0,0.0,0.0,
ENG-Premier League,1819,2019-01-19 Liverpool-Crystal Palace,Liverpool,Alisson Becker,True,Goalkeeper,1,start,end,1.0,0.0,0.0,0.0,0.0,0.0,0.0,3.0,0.0,0.0,0.0,0.0,0.0,0.0,
ENG-Premier League,1819,2019-01-19 Manchester United-Brighton & Hove Albion,Brighton & Hove Albion,David Button,False,Goalkeeper,1,start,end,1.0,0.0,0.0,0.0,0.0,0.0,0.0,2.0,4.0,0.0,0.0,0.0,0.0,0.0,
ENG-Premier League,1819,2019-01-19 Manchester United-Brighton & Hove Albion,Manchester United,David de Gea,True,Goalkeeper,1,start,end,1.0,0.0,0.0,0.0,0.0,0.0,0.0,1.0,2.0,0.0,0.0,0.0,0.0,0.0,
ENG-Premier League,1819,2019-01-19 Newcastle United-Cardiff City,Cardiff City,Neil Etheridge,False,Goalkeeper,1,start,end,1.0,0.0,0.0,0.0,0.0,0.0,0.0,3.0,3.0,0.0,0.0,0.0,0.0,0.0,
ENG-Premier League,1819,2019-01-19 Newcastle United-Cardiff City,Newcastle United,Martin Dúbravka,True,Goalkeeper,1,start,end,1.0,0.0,0.0,0.0,0.0,0.0,0.0,0.0,1.0,0.0,0.0,0.0,0.0,0.0,
ENG-Premier League,1819,2019-01-19 Southampton-Everton,Everton,Jordan Pickford,False,Goalkeeper,1,start,end,1.0,0.0,0.0,0.0,0.0,0.0,0.0,2.0,3.0,0.0,0.0,0.0,0.0,0.0,
ENG-Premier League,1819,2019-01-19 Southampton-Everton,Southampton,Alex McCarthy,True,Goalkeeper,1,start,end,1.0,0.0,0.0,0.0,0.0,0.0,0.0,1.0,1.0,0.0,0.0,0.0,0.0,0.0,
ENG-Premier League,1819,2019-01-19 Watford-Burnley,Burnley,Tom Heaton,False,Goalkeeper,1,start,end,1.0,0.0,0.0,0.0,0.0,0.0,0.0,0.0,4.0,0.0,0.0,0.0,0.0,0.0,
ENG-Premier League,1819,2019-01-19 Watford-Burnley,Watford,Ben Foster,True,Goalkeeper,1,start,end,1.0,0.0,2.0,0.0,0.0,0.0,0.0,0.0,3.0,0.0,0.0,0.0,0.0,0.0,
ENG-Premier League,1819,2019-01-19 Wolverhampton Wanderers-Leicester City,Leicester City,Kasper Schmeichel,False,Goalkeeper,1,start,end,1.0,0.0,0.0,0.0,0.0,0.0,0.0,4.0,3.0,0.0,0.0,0.0,0.0,0.0,
ENG-Premier League,1819,2019-01-19 Wolverhampton Wanderers-Leicester City,Wolverhampton Wanderers,Rui Patrício,True,Goalkeeper,1,start,end,1.0,0.0,0.0,0.0,0.0,0.0,0.0,3.0,4.0,0.0,0.0,0.0,0.0,0.0,
ENG-Premier League,1819,2019-01-20 Fulham-Tottenham Hotspur,Fulham,Sergio Rico,True,Goalkeeper,1,start,end,1.0,0.0,0.0,0.0,0.0,0.0,0.0,2.0,3.0,0.0,0.0,0.0,0.0,0.0,
ENG-Premier League,1819,2019-01-20 Fulham-Tottenham Hotspur,Tottenham Hotspur,Hugo Lloris,False,Goalkeeper,1,start,end,1.0,0.0,0.0,0.0,0.0,0.0,0.0,1.0,4.0,0.0,0.0,0.0,0.0,0.0,
ENG-Premier League,1819,2019-01-20 Huddersfield Town-Manchester City,Huddersfield Town,Jonas Lössl,True,Goalkeeper,1,start,end,1.0,0.0,0.0,0.0,0.0,0.0,0.0,3.0,1.0,0.0,0.0,0.0,0.0,0.0,
ENG-Premier League,1819,2019-01-20 Huddersfield Town-Manchester City,Manchester City,Ederson,False,Goalkeeper,1,start,end,1.0,0.0,0.0,0.0,0.0,0.0,0.0,0.0,2.0,0.0,0.0,0.0,0.0,0.0,
ENG-Premier League,1819,2019-01-29 Arsenal-Cardiff City,Arsenal,Bernd Leno,True,Goalkeeper,1,start,end,1.0,0.0,0.0,0.0,0.0,0.0,0.0,1.0,1.0,0.0,0.0,0.0,0.0,0.0,
ENG-Premier League,1819,2019-01-29 Arsenal-Cardiff City,Cardiff City,Neil Etheridge,False,Goalkeeper,1,start,end,1.0,0.0,0.0,0.0,0.0,0.0,0.0,2.0,2.0,0.0,0.0,0.0,0.0,0.0,
ENG-Premier League,1819,2019-01-29 Fulham-Brighton & Hove Albion,Brighton & Hove Albion,Mathew Ryan,False,Goalkeeper,1,start,end,1.0,0.0,0.0,0.0,0.0,0.0,0.0,4.0,3.0,0.0,0.0,0.0,0.0,0.0,
ENG-Premier League,1819,2019-01-29 Fulham-Brighton & Hove Albion,Fulham,Sergio Rico,True,Goalkeeper,1,start,end,1.0,0.0,0.0,0.0,0.0,0.0,0.0,2.0,4.0,0.0,0.0,0.0,0.0,0.0,
ENG-Premier League,1819,2019-01-29 Huddersfield Town-Everton,Everton,Jordan Pickford,False,Goalkeeper,1,start,end,1.0,0.0,0.0,0.0,0.0,0.0,0.0,0.0,2.0,0.0,0.0,0.0,0.0,0.0,
ENG-Premier League,1819,2019-01-29 Huddersfield Town-Everton,Huddersfield Town,Jonas Lössl,True,Goalkeeper,1,start,end,1.0,0.0,0.0,0.0,0.0,0.0,0.0,1.0,4.0,0.0,0.0,0.0,0.0,0.0,
ENG-Premier League,1819,2019-01-29 Manchester United-Burnley,Burnley,Tom Heaton,False,Goalkeeper,1,start,end,1.0,0.0,0.0,0.0,0.0,0.0,0.0,2.0,7.0,0.0,0.0,0.0,0.0,0.0,
ENG-Premier League,1819,2019-01-29 Manchester United-Burnley,Manchester United,David de Gea,True,Goalkeeper,1,start,end,1.0,0.0,0.0,0.0,0.0,0.0,0.0,2.0,2.0,0.0,0.0,0.0,0.0,0.0,
ENG-Premier League,1819,2019-01-29 Newcastle United-Manchester City,Manchester City,Ederson,False,Goalkeeper,1,start,end,1.0,0.0,0.0,0.0,0.0,0.0,0.0,2.0,0.0,0.0,0.0,0.0,0.0,0.0,
ENG-Premier League,1819,2019-01-29 Newcastle United-Manchester City,Newcastle United,Martin Dúbravka,True,Goalkeeper,1,start,end,1.0,0.0,0.0,0.0,0.0,0.0,0.0,1.0,2.0,0.0,0.0,0.0,0.0,0.0,
ENG-Premier League,1819,2019-01-29 Wolverhampton Wanderers-West Ham United,West Ham United,Lukasz Fabianski,False,Goalkeeper,1,start,end,1.0,0.0,1.0,0.0,0.0,0.0,0.0,3.0,6.0,0.0,0.0,0.0,0.0,0.0,
ENG-Premier League,1819,2019-01-29 Wolverhampton Wanderers-West Ham United,Wolverhampton Wanderers,Rui Patrício,True,Goalkeeper,1,start,end,1.0,0.0,0.0,0.0,0.0,0.0,0.0,0.0,0.0,0.0,0.0,0.0,0.0,0.0,
ENG-Premier League,1819,2019-01-30 AFC Bournemouth-Chelsea,AFC Bournemouth,Artur Boruc,True,Goalkeeper,1,start,end,1.0,0.0,0.0,0.0,0.0,0.0,0.0,0.0,7.0,0.0,0.0,0.0,0.0,0.0,
ENG-Premier League,1819,2019-01-30 AFC Bournemouth-Chelsea,Chelsea,Kepa Arrizabalaga,False,Goalkeeper,1,start,end,1.0,0.0,0.0,0.0,0.0,0.0,0.0,4.0,3.0,0.0,0.0,0.0,0.0,0.0,
ENG-Premier League,1819,2019-01-30 Liverpool-Leicester City,Leicester City,Kasper Schmeichel,False,Goalkeeper,1,start,end,1.0,0.0,0.0,0.0,0.0,0.0,0.0,1.0,2.0,0.0,0.0,0.0,0.0,0.0,
ENG-Premier League,1819,2019-01-30 Liverpool-Leicester City,Liverpool,Alisson Becker,True,Goalkeeper,1,start,end,1.0,0.0,0.0,0.0,0.0,0.0,0.0,1.0,2.0,0.0,0.0,0.0,0.0,0.0,
ENG-Premier League,1819,2019-01-30 Southampton-Crystal Palace,Crystal Palace,Vicente Guaita,False,Goalkeeper,1,start,end,1.0,0.0,0.0,0.0,0.0,0.0,0.0,1.0,3.0,0.0,0.0,0.0,0.0,0.0,
ENG-Premier League,1819,2019-01-30 Southampton-Crystal Palace,Southampton,Alex McCarthy,True,Goalkeeper,1,start,end,1.0,0.0,1.0,0.0,0.0,0.0,0.0,1.0,1.0,0.0,0.0,0.0,0.0,0.0,
ENG-Premier League,1819,2019-01-30 Tottenham Hotspur-Watford,Tottenham Hotspur,Hugo Lloris,True,Goalkeeper,1,start,end,1.0,0.0,0.0,0.0,0.0,0.0,0.0,1.0,0.0,0.0,0.0,0.0,0.0,0.0,
ENG-Premier League,1819,2019-01-30 Tottenham Hotspur-Watford,Watford,Ben Foster,False,Goalkeeper,1,start,end,1.0,0.0,0.0,0.0,0.0,0.0,0.0,2.0,4.0,0.0,0.0,0.0,0.0,0.0,
ENG-Premier League,1819,2019-02-02 Brighton & Hove Albion-Watford,Brighton & Hove Albion,Mathew Ryan,True,Goalkeeper,1,start,end,1.0,0.0,0.0,0.0,0.0,0.0,0.0,0.0,0.0,0.0,0.0,0.0,0.0,0.0,
ENG-Premier League,1819,2019-02-02 Brighton & Hove Albion-Watford,Watford,Ben Foster,False,Goalkeeper,1,start,end,1.0,0.0,3.0,0.0,0.0,0.0,0.0,0.0,4.0,0.0,0.0,0.0,0.0,0.0,
ENG-Premier League,1819,2019-02-02 Burnley-Southampton,Burnley,Tom Heaton,True,Goalkeeper,1,start,end,1.0,0.0,1.0,0.0,0.0,0.0,0.0,1.0,3.0,0.0,0.0,0.0,0.0,0.0,
ENG-Premier League,1819,2019-02-02 Burnley-Southampton,Southampton,Alex McCarthy,False,Goalkeeper,1,start,end,1.0,0.0,0.0,0.0,0.0,0.0,0.0,1.0,5.0,0.0,0.0,0.0,0.0,0.0,
ENG-Premier League,1819,2019-02-02 Cardiff City-AFC Bournemouth,AFC Bournemouth,Artur Boruc,False,Goalkeeper,1,start,end,1.0,0.0,0.0,0.0,0.0,0.0,0.0,2.0,3.0,0.0,0.0,0.0,0.0,0.0,
ENG-Premier League,1819,2019-02-02 Cardiff City-AFC Bournemouth,Cardiff City,Neil Etheridge,True,Goalkeeper,1,start,end,1.0,0.0,0.0,0.0,0.0,0.0,0.0,0.0,2.0,0.0,0.0,0.0,0.0,0.0,
ENG-Premier League,1819,2019-02-02 Chelsea-Huddersfield Town,Chelsea,Kepa Arrizabalaga,True,Goalkeeper,1,start,end,1.0,0.0,0.0,0.0,0.0,0.0,0.0,0.0,2.0,0.0,0.0,0.0,0.0,0.0,
ENG-Premier League,1819,2019-02-02 Chelsea-Huddersfield Town,Huddersfield Town,Jonas Lössl,False,Goalkeeper,1,start,end,1.0,0.0,0.0,0.0,0.0,0.0,0.0,5.0,2.0,0.0,0.0,0.0,0.0,0.0,
ENG-Premier League,1819,2019-02-02 Crystal Palace-Fulham,Crystal Palace,Vicente Guaita,True,Goalkeeper,1,start,end,1.0,0.0,0.0,0.0,0.0,0.0,0.0,0.0,0.0,0.0,0.0,0.0,0.0,0.0,
ENG-Premier League,1819,2019-02-02 Crystal Palace-Fulham,Fulham,Sergio Rico,False,Goalkeeper,1,start,end,1.0,0.0,0.0,0.0,0.0,0.0,0.0,2.0,4.0,0.0,0.0,0.0,0.0,0.0,
ENG-Premier League,1819,2019-02-02 Everton-Wolverhampton Wanderers,Everton,Jordan Pickford,True,Goalkeeper,1,start,end,1.0,0.0,1.0,0.0,0.0,0.0,0.0,3.0,1.0,0.0,0.0,0.0,0.0,0.0,
ENG-Premier League,1819,2019-02-02 Everton-Wolverhampton Wanderers,Wolverhampton Wanderers,Rui Patrício,False,Goalkeeper,1,start,end,1.0,0.0,0.0,0.0,0.0,0.0,0.0,1.0,3.0,0.0,0.0,0.0,0.0,0.0,
ENG-Premier League,1819,2019-02-02 Tottenham Hotspur-Newcastle United,Newcastle United,Martin Dúbravka,False,Goalkeeper,1,start,end,1.0,0.0,0.0,0.0,0.0,0.0,0.0,1.0,1.0,0.0,0.0,0.0,0.0,0.0,
ENG-Premier League,1819,2019-02-02 Tottenham Hotspur-Newcastle United,Tottenham Hotspur,Hugo Lloris,True,Goalkeeper,1,start,end,1.0,0.0,0.0,0.0,0.0,0.0,0.0,0.0,2.0,0.0,0.0,0.0,0.0,0.0,
ENG-Premier League,1819,2019-02-03 Leicester City-Manchester United,Leicester City,Kasper Schmeichel,True,Goalkeeper,1,start,end,1.0,0.0,0.0,0.0,0.0,0.0,0.0,1.0,5.0,0.0,0.0,0.0,0.0,0.0,
ENG-Premier League,1819,2019-02-03 Leicester City-Manchester United,Manchester United,David de Gea,False,Goalkeeper,1,start,end,1.0,0.0,0.0,0.0,0.0,0.0,0.0,0.0,6.0,0.0,0.0,0.0,0.0,0.0,
ENG-Premier League,1819,2019-02-03 Manchester City-Arsenal,Arsenal,Bernd Leno,False,Goalkeeper,1,start,end,1.0,0.0,0.0,0.0,0.0,0.0,0.0,3.0,9.0,0.0,0.0,0.0,0.0,0.0,
ENG-Premier League,1819,2019-02-03 Manchester City-Arsenal,Manchester City,Ederson,True,Goalkeeper,1,start,end,1.0,0.0,1.0,0.0,0.0,0.0,0.0,1.0,1.0,0.0,0.0,0.0,0.0,0.0,
ENG-Premier League,1819,2019-02-04 West Ham United-Liverpool,Liverpool,Alisson Becker,False,Goalkeeper,1,start,end,1.0,0.0,0.0,0.0,0.0,0.0,0.0,1.0,1.0,0.0,0.0,0.0,0.0,0.0,
ENG-Premier League,1819,2019-02-04 West Ham United-Liverpool,West Ham United,Lukasz Fabianski,True,Goalkeeper,1,start,end,1.0,0.0,0.0,0.0,0.0,0.0,0.0,1.0,5.0,0.0,0.0,0.0,0.0,0.0,
ENG-Premier League,1819,2019-02-06 Everton-Manchester City,Everton,Jordan Pickford,True,Goalkeeper,1,start,end,1.0,0.0,0.0,0.0,0.0,0.0,0.0,2.0,2.0,0.0,0.0,0.0,0.0,0.0,
ENG-Premier League,1819,2019-02-06 Everton-Manchester City,Manchester City,Ederson,False,Goalkeeper,1,start,end,1.0,0.0,0.0,0.0,0.0,0.0,0.0,0.0,1.0,0.0,0.0,0.0,0.0,0.0,
ENG-Premier League,1819,2019-02-09 Brighton & Hove Albion-Burnley,Brighton & Hove Albion,Mathew Ryan,True,Goalkeeper,1,start,end,1.0,1.0,0.0,0.0,0.0,0.0,1.0,3.0,2.0,0.0,0.0,0.0,0.0,0.0,
ENG-Premier League,1819,2019-02-09 Brighton & Hove Albion-Burnley,Burnley,Tom Heaton,False,Goalkeeper,1,start,end,1.0,0.0,0.0,0.0,0.0,0.0,0.0,1.0,5.0,0.0,0.0,0.0,0.0,0.0,
ENG-Premier League,1819,2019-02-09 Crystal Palace-West Ham United,Crystal Palace,Vicente Guaita,True,Goalkeeper,1,start,end,1.0,1.0,1.0,0.0,0.0,0.0,0.0,1.0,3.0,0.0,0.0,0.0,0.0,0.0,
ENG-Premier League,1819,2019-02-09 Crystal Palace-West Ham United,West Ham United,Lukasz Fabianski,False,Goalkeeper,1,start,end,1.0,0.0,0.0,0.0,0.0,0.0,0.0,1.0,4.0,0.0,0.0,0.0,0.0,0.0,
ENG-Premier League,1819,2019-02-09 Fulham-Manchester United,Fulham,Sergio Rico,True,Goalkeeper,1,start,end,1.0,0.0,0.0,0.0,0.0,0.0,0.0,3.0,4.0,0.0,0.0,0.0,0.0,0.0,
ENG-Premier League,1819,2019-02-09 Fulham-Manchester United,Manchester United,David de Gea,False,Goalkeeper,1,start,end,1.0,0.0,2.0,0.0,0.0,0.0,1.0,0.0,3.0,0.0,0.0,0.0,0.0,0.0,
ENG-Premier League,1819,2019-02-09 Huddersfield Town-Arsenal,Arsenal,Bernd Leno,False,Goalkeeper,1,start,end,1.0,0.0,0.0,0.0,0.0,0.0,0.0,1.0,5.0,0.0,0.0,0.0,0.0,0.0,
ENG-Premier League,1819,2019-02-09 Huddersfield Town-Arsenal,Huddersfield Town,Ben Hamer,True,Goalkeeper,1,start,end,1.0,0.0,0.0,0.0,0.0,0.0,0.0,2.0,2.0,0.0,0.0,0.0,0.0,0.0,
ENG-Premier League,1819,2019-02-09 Liverpool-AFC Bournemouth,AFC Bournemouth,Artur Boruc,False,Goalkeeper,1,start,end,1.0,0.0,0.0,0.0,0.0,0.0,0.0,3.0,6.0,0.0,0.0,0.0,0.0,0.0,
ENG-Premier League,1819,2019-02-09 Liverpool-AFC Bournemouth,Liverpool,Alisson Becker,True,Goalkeeper,1,start,end,1.0,0.0,0.0,0.0,0.0,0.0,0.0,0.0,2.0,0.0,0.0,0.0,0.0,0.0,
ENG-Premier League,1819,2019-02-09 Southampton-Cardiff City,Cardiff City,Neil Etheridge,False,Goalkeeper,1,start,end,1.0,0.0,0.0,0.0,0.0,0.0,0.0,1.0,6.0,0.0,0.0,0.0,0.0,0.0,
ENG-Premier League,1819,2019-02-09 Southampton-Cardiff City,Southampton,Alex McCarthy,True,Goalkeeper,1,start,end,1.0,0.0,0.0,0.0,0.0,0.0,0.0,2.0,1.0,0.0,0.0,0.0,0.0,0.0,
ENG-Premier League,1819,2019-02-09 Watford-Everton,Everton,Jordan Pickford,False,Goalkeeper,1,start,end,1.0,0.0,1.0,0.0,0.0,0.0,0.0,1.0,1.0,0.0,0.0,0.0,0.0,0.0,
ENG-Premier League,1819,2019-02-09 Watford-Everton,Watford,Ben Foster,True,Goalkeeper,1,start,end,1.0,0.0,0.0,0.0,0.0,0.0,0.0,0.0,4.0,0.0,0.0,0.0,0.0,0.0,
ENG-Premier League,1819,2019-02-10 Manchester City-Chelsea,Chelsea,Kepa Arrizabalaga,False,Goalkeeper,1,start,end,1.0,0.0,0.0,0.0,0.0,0.0,0.0,6.0,3.0,0.0,0.0,0.0,0.0,0.0,
ENG-Premier League,1819,2019-02-10 Manchester City-Chelsea,Manchester City,Ederson,True,Goalkeeper,1,start,end,1.0,0.0,0.0,0.0,0.0,0.0,0.0,0.0,4.0,0.0,0.0,0.0,0.0,0.0,
ENG-Premier League,1819,2019-02-10 Tottenham Hotspur-Leicester City,Leicester City,Kasper Schmeichel,False,Goalkeeper,1,start,end,1.0,0.0,0.0,0.0,0.0,0.0,0.0,3.0,2.0,0.0,0.0,0.0,0.0,0.0,
ENG-Premier League,1819,2019-02-10 Tottenham Hotspur-Leicester City,Tottenham Hotspur,Hugo Lloris,True,Goalkeeper,1,start,end,1.0,0.0,0.0,0.0,0.0,0.0,0.0,1.0,9.0,0.0,0.0,0.0,0.0,0.0,
ENG-Premier League,1819,2019-02-11 Wolverhampton Wanderers-Newcastle United,Newcastle United,Martin Dúbravka,False,Goalkeeper,1,start,end,1.0,0.0,0.0,0.0,0.0,0.0,0.0,1.0,5.0,0.0,0.0,0.0,0.0,0.0,
ENG-Premier League,1819,2019-02-11 Wolverhampton Wanderers-Newcastle United,Wolverhampton Wanderers,Rui Patrício,True,Goalkeeper,1,start,end,1.0,0.0,0.0,0.0,0.0,0.0,0.0,1.0,2.0,0.0,0.0,0.0,0.0,0.0,
ENG-Premier League,1819,2019-02-22 Cardiff City-Watford,Cardiff City,Neil Etheridge,True,Goalkeeper,1,start,end,1.0,0.0,0.0,0.0,0.0,0.0,0.0,5.0,2.0,0.0,0.0,0.0,0.0,0.0,
ENG-Premier League,1819,2019-02-22 Cardiff City-Watford,Watford,Ben Foster,False,Goalkeeper,1,start,end,1.0,0.0,0.0,0.0,0.0,0.0,0.0,1.0,4.0,0.0,0.0,0.0,0.0,0.0,
ENG-Premier League,1819,2019-02-22 West Ham United-Fulham,Fulham,Sergio Rico,False,Goalkeeper,1,start,end,1.0,0.0,0.0,0.0,0.0,0.0,0.0,3.0,4.0,0.0,0.0,0.0,0.0,0.0,
ENG-Premier League,1819,2019-02-22 West Ham United-Fulham,West Ham United,Lukasz Fabianski,True,Goalkeeper,1,start,end,1.0,0.0,0.0,0.0,0.0,0.0,0.0,1.0,4.0,0.0,0.0,0.0,0.0,0.0,
ENG-Premier League,1819,2019-02-23 AFC Bournemouth-Wolverhampton Wanderers,AFC Bournemouth,Artur Boruc,True,Goalkeeper,1,start,end,1.0,0.0,0.0,0.0,0.0,0.0,1.0,1.0,0.0,9.0,0.0,0.0,0.0,0.0,
ENG-Premier League,1819,2019-02-23 AFC Bournemouth-Wolverhampton Wanderers,Wolverhampton Wanderers,Rui Patrício,False,Goalkeeper,1,start,end,1.0,0.0,0.0,0.0,0.0,0.0,0.0,1.0,0.0,8.0,0.0,0.0,0.0,0.0,
ENG-Premier League,1819,2019-02-23 Burnley-Tottenham Hotspur,Burnley,Tom Heaton,True,Goalkeeper,1,start,end,1.0,0.0,0.0,0.0,0.0,0.0,0.0,1.0,5.0,0.0,0.0,0.0,0.0,0.0,
ENG-Premier League,1819,2019-02-23 Burnley-Tottenham Hotspur,Tottenham Hotspur,Hugo Lloris,False,Goalkeeper,1,start,end,1.0,0.0,1.0,0.0,0.0,0.0,0.0,2.0,2.0,0.0,0.0,0.0,0.0,0.0,
ENG-Premier League,1819,2019-02-23 Leicester City-Crystal Palace,Crystal Palace,Vicente Guaita,False,Goalkeeper,1,start,end,1.0,0.0,1.0,0.0,0.0,0.0,0.0,1.0,4.0,0.0,0.0,0.0,0.0,0.0,
ENG-Premier League,1819,2019-02-23 Leicester City-Crystal Palace,Leicester City,Kasper Schmeichel,True,Goalkeeper,1,start,end,1.0,0.0,0.0,0.0,0.0,0.0,1.0,4.0,1.0,0.0,0.0,0.0,0.0,0.0,
ENG-Premier League,1819,2019-02-23 Newcastle United-Huddersfield Town,Huddersfield Town,Jonas Lössl,False,Goalkeeper,1,start,end,1.0,0.0,0.0,0.0,0.0,0.0,0.0,2.0,10.0,0.0,0.0,0.0,0.0,0.0,
ENG-Premier League,1819,2019-02-23 Newcastle United-Huddersfield Town,Newcastle United,Martin Dúbravka,True,Goalkeeper,1,start,end,1.0,0.0,0.0,0.0,0.0,0.0,0.0,0.0,0.0,0.0,0.0,0.0,0.0,0.0,
ENG-Premier League,1819,2019-02-24 Arsenal-Southampton,Arsenal,Bernd Leno,True,Goalkeeper,1,start,end,1.0,0.0,0.0,0.0,0.0,0.0,0.0,0.0,4.0,0.0,0.0,0.0,0.0,0.0,
ENG-Premier League,1819,2019-02-24 Arsenal-Southampton,Southampton,Angus Gunn,False,Goalkeeper,1,start,end,1.0,0.0,0.0,0.0,0.0,0.0,0.0,2.0,3.0,0.0,0.0,0.0,0.0,0.0,
ENG-Premier League,1819,2019-02-24 Manchester United-Liverpool,Liverpool,Alisson Becker,False,Goalkeeper,1,start,end,1.0,0.0,0.0,0.0,0.0,0.0,0.0,0.0,3.0,0.0,0.0,0.0,0.0,0.0,
ENG-Premier League,1819,2019-02-24 Manchester United-Liverpool,Manchester United,David de Gea,True,Goalkeeper,1,start,end,1.0,1.0,0.0,0.0,0.0,0.0,0.0,0.0,1.0,0.0,0.0,0.0,0.0,0.0,
ENG-Premier League,1819,2019-02-26 Cardiff City-Everton,Cardiff City,Neil Etheridge,True,Goalkeeper,1,start,end,1.0,0.0,0.0,0.0,0.0,0.0,0.0,3.0,1.0,0.0,0.0,0.0,0.0,0.0,
ENG-Premier League,1819,2019-02-26 Cardiff City-Everton,Everton,Jordan Pickford,False,Goalkeeper,1,start,end,1.0,0.0,0.0,0.0,0.0,0.0,0.0,0.0,0.0,0.0,0.0,0.0,0.0,0.0,
ENG-Premier League,1819,2019-02-26 Huddersfield Town-Wolverhampton Wanderers,Huddersfield Town,Jonas Lössl,True,Goalkeeper,1,start,end,1.0,0.0,0.0,0.0,0.0,0.0,0.0,0.0,0.0,0.0,0.0,0.0,0.0,0.0,
ENG-Premier League,1819,2019-02-26 Huddersfield Town-Wolverhampton Wanderers,Wolverhampton Wanderers,Rui Patrício,False,Goalkeeper,1,start,end,1.0,0.0,0.0,0.0,0.0,0.0,0.0,1.0,2.0,0.0,0.0,0.0,0.0,0.0,
ENG-Premier League,1819,2019-02-26 Leicester City-Brighton & Hove Albion,Brighton & Hove Albion,Mathew Ryan,False,Goalkeeper,1,start,end,1.0,0.0,0.0,0.0,0.0,0.0,0.0,2.0,1.0,0.0,0.0,0.0,0.0,0.0,
ENG-Premier League,1819,2019-02-26 Leicester City-Brighton & Hove Albion,Leicester City,Kasper Schmeichel,True,Goalkeeper,1,start,end,1.0,0.0,0.0,0.0,0.0,0.0,0.0,1.0,2.0,0.0,0.0,0.0,0.0,0.0,
ENG-Premier League,1819,2019-02-26 Newcastle United-Burnley,Burnley,Tom Heaton,False,Goalkeeper,1,start,end,1.0,0.0,0.0,0.0,0.0,0.0,0.0,2.0,2.0,0.0,0.0,0.0,0.0,0.0,
ENG-Premier League,1819,2019-02-26 Newcastle United-Burnley,Newcastle United,Martin Dúbravka,True,Goalkeeper,1,start,end,1.0,0.0,0.0,0.0,0.0,0.0,0.0,0.0,2.0,0.0,0.0,0.0,0.0,0.0,
ENG-Premier League,1819,2019-02-27 Arsenal-AFC Bournemouth,AFC Bournemouth,Artur Boruc,False,Goalkeeper,1,start,end,1.0,0.0,0.0,0.0,0.0,0.0,0.0,5.0,2.0,0.0,0.0,0.0,0.0,0.0,
ENG-Premier League,1819,2019-02-27 Arsenal-AFC Bournemouth,Arsenal,Bernd Leno,True,Goalkeeper,1,start,end,1.0,0.0,0.0,0.0,0.0,0.0,0.0,1.0,4.0,0.0,0.0,0.0,0.0,0.0,
ENG-Premier League,1819,2019-02-27 Chelsea-Tottenham Hotspur,Chelsea,Wilfredo Caballero,True,Goalkeeper,1,start,end,1.0,0.0,0.0,0.0,0.0,0.0,0.0,0.0,0.0,0.0,0.0,0.0,0.0,0.0,
ENG-Premier League,1819,2019-02-27 Chelsea-Tottenham Hotspur,Tottenham Hotspur,Hugo Lloris,False,Goalkeeper,1,start,end,1.0,0.0,0.0,0.0,0.0,0.0,0.0,2.0,0.0,0.0,0.0,0.0,0.0,0.0,
ENG-Premier League,1819,2019-02-27 Crystal Palace-Manchester United,Crystal Palace,Vicente Guaita,True,Goalkeeper,1,start,end,1.0,0.0,0.0,0.0,0.0,0.0,0.0,3.0,1.0,0.0,0.0,0.0,0.0,0.0,
ENG-Premier League,1819,2019-02-27 Crystal Palace-Manchester United,Manchester United,David de Gea,False,Goalkeeper,1,start,end,1.0,0.0,1.0,0.0,0.0,0.0,0.0,1.0,2.0,0.0,0.0,0.0,0.0,0.0,
ENG-Premier League,1819,2019-02-27 Liverpool-Watford,Liverpool,Alisson Becker,True,Goalkeeper,1,start,end,1.0,0.0,0.0,0.0,0.0,0.0,0.0,0.0,3.0,0.0,0.0,0.0,0.0,0.0,
ENG-Premier League,1819,2019-02-27 Liverpool-Watford,Watford,Ben Foster,False,Goalkeeper,1,start,end,1.0,0.0,0.0,0.0,0.0,0.0,0.0,5.0,5.0,0.0,0.0,0.0,0.0,0.0,
ENG-Premier League,1819,2019-02-27 Manchester City-West Ham United,Manchester City,Ederson,True,Goalkeeper,1,start,end,1.0,0.0,0.0,0.0,0.0,0.0,0.0,0.0,1.0,0.0,0.0,0.0,0.0,0.0,
ENG-Premier League,1819,2019-02-27 Manchester City-West Ham United,West Ham United,Lukasz Fabianski,False,Goalkeeper,1,start,end,1.0,0.0,0.0,0.0,0.0,0.0,0.0,1.0,5.0,0.0,0.0,0.0,0.0,0.0,
ENG-Premier League,1819,2019-02-27 Southampton-Fulham,Fulham,Sergio Rico,False,Goalkeeper,1,start,end,1.0,0.0,1.0,0.0,0.0,0.0,0.0,2.0,2.0,0.0,0.0,0.0,0.0,0.0,
ENG-Premier League,1819,2019-02-27 Southampton-Fulham,Southampton,Angus Gunn,True,Goalkeeper,1,start,end,1.0,0.0,0.0,0.0,0.0,0.0,0.0,0.0,4.0,0.0,0.0,0.0,0.0,0.0,
ENG-Premier League,1819,2019-03-02 AFC Bournemouth-Manchester City,AFC Bournemouth,Artur Boruc,True,Goalkeeper,1,start,end,1.0,0.0,0.0,0.0,0.0,0.0,0.0,1.0,8.0,0.0,0.0,0.0,0.0,0.0,
ENG-Premier League,1819,2019-03-02 AFC Bournemouth-Manchester City,Manchester City,Ederson,False,Goalkeeper,1,start,end,1.0,0.0,0.0,0.0,0.0,0.0,0.0,0.0,0.0,0.0,0.0,0.0,0.0,0.0,
ENG-Premier League,1819,2019-03-02 Brighton & Hove Albion-Huddersfield Town,Brighton & Hove Albion,Mathew Ryan,True,Goalkeeper,1,start,end,1.0,0.0,0.0,0.0,0.0,0.0,0.0,0.0,4.0,0.0,0.0,0.0,0.0,0.0,
ENG-Premier League,1819,2019-03-02 Brighton & Hove Albion-Huddersfield Town,Huddersfield Town,Jonas Lössl,False,Goalkeeper,1,start,end,1.0,0.0,0.0,0.0,0.0,0.0,0.0,1.0,2.0,0.0,0.0,0.0,0.0,0.0,
ENG-Premier League,1819,2019-03-02 Burnley-Crystal Palace,Burnley,Tom Heaton,True,Goalkeeper,1,start,end,1.0,0.0,0.0,0.0,0.0,0.0,0.0,3.0,2.0,0.0,0.0,0.0,0.0,0.0,
ENG-Premier League,1819,2019-03-02 Burnley-Crystal Palace,Crystal Palace,Wayne Hennessey,False,Goalkeeper,1,start,end,1.0,0.0,0.0,0.0,0.0,0.0,0.0,1.0,3.0,0.0,0.0,0.0,0.0,0.0,
ENG-Premier League,1819,2019-03-02 Manchester United-Southampton,Manchester United,David de Gea,True,Goalkeeper,1,start,end,1.0,0.0,0.0,0.0,0.0,0.0,0.0,2.0,1.0,0.0,0.0,0.0,0.0,0.0,
ENG-Premier League,1819,2019-03-02 Manchester United-Southampton,Southampton,Angus Gunn,False,Goalkeeper,1,start,end,1.0,0.0,0.0,0.0,0.0,0.0,0.0,3.0,3.0,0.0,0.0,0.0,0.0,0.0,
ENG-Premier League,1819,2019-03-02 Tottenham Hotspur-Arsenal,Arsenal,Bernd Leno,False,Goalkeeper,1,start,end,1.0,0.0,1.0,0.0,0.0,0.0,0.0,1.0,2.0,0.0,0.0,0.0,0.0,0.0,
ENG-Premier League,1819,2019-03-02 Tottenham Hotspur-Arsenal,Tottenham Hotspur,Hugo Lloris,True,Goalkeeper,1,start,end,1.0,0.0,0.0,0.0,0.0,0.0,0.0,1.0,2.0,0.0,0.0,0.0,0.0,0.0,
ENG-Premier League,1819,2019-03-02 West Ham United-Newcastle United,Newcastle United,Martin Dúbravka,False,Goalkeeper,1,start,end,1.0,0.0,0.0,0.0,0.0,0.0,1.0,2.0,2.0,0.0,0.0,0.0,0.0,0.0,
ENG-Premier League,1819,2019-03-02 West Ham United-Newcastle United,West Ham United,Lukasz Fabianski,True,Goalkeeper,1,start,end,1.0,0.0,1.0,0.0,0.0,0.0,0.0,0.0,2.0,0.0,0.0,0.0,0.0,0.0,
ENG-Premier League,1819,2019-03-02 Wolverhampton Wanderers-Cardiff City,Cardiff City,Neil Etheridge,False,Goalkeeper,1,start,end,1.0,0.0,0.0,0.0,0.0,0.0,0.0,2.0,4.0,0.0,0.0,0.0,0.0,0.0,
ENG-Premier League,1819,2019-03-02 Wolverhampton Wanderers-Cardiff City,Wolverhampton Wanderers,John Ruddy,True,Goalkeeper,1,start,end,1.0,0.0,0.0,0.0,0.0,0.0,0.0,0.0,3.0,0.0,0.0,0.0,0.0,0.0,
ENG-Premier League,1819,2019-03-03 Everton-Liverpool,Everton,Jordan Pickford,True,Goalkeeper,1,start,end,1.0,0.0,0.0,0.0,0.0,0.0,0.0,0.0,3.0,0.0,0.0,0.0,0.0,0.0,
ENG-Premier League,1819,2019-03-03 Everton-Liverpool,Liverpool,Alisson Becker,False,Goalkeeper,1,start,end,1.0,0.0,0.0,0.0,0.0,0.0,0.0,0.0,3.0,0.0,0.0,0.0,0.0,0.0,
ENG-Premier League,1819,2019-03-03 Fulham-Chelsea,Chelsea,Kepa Arrizabalaga,False,Goalkeeper,1,start,end,1.0,0.0,0.0,0.0,0.0,0.0,0.0,1.0,4.0,0.0,0.0,0.0,0.0,0.0,
ENG-Premier League,1819,2019-03-03 Fulham-Chelsea,Fulham,Sergio Rico,True,Goalkeeper,1,start,end,1.0,0.0,0.0,0.0,0.0,0.0,0.0,2.0,5.0,0.0,0.0,0.0,0.0,0.0,
ENG-Premier League,1819,2019-03-03 Watford-Leicester City,Leicester City,Kasper Schmeichel,False,Goalkeeper,1,start,end,1.0,0.0,1.0,0.0,0.0,0.0,0.0,2.0,3.0,0.0,0.0,0.0,0.0,0.0,
ENG-Premier League,1819,2019-03-03 Watford-Leicester City,Watford,Ben Foster,True,Goalkeeper,1,start,end,1.0,0.0,1.0,0.0,0.0,0.0,0.0,1.0,1.0,0.0,0.0,0.0,0.0,0.0,
ENG-Premier League,1819,2019-03-09 Cardiff City-West Ham United,Cardiff City,Neil Etheridge,True,Goalkeeper,1,start,end,1.0,0.0,0.0,0.0,0.0,0.0,0.0,0.0,2.0,0.0,0.0,0.0,0.0,0.0,
ENG-Premier League,1819,2019-03-09 Cardiff City-West Ham United,West Ham United,Lukasz Fabianski,False,Goalkeeper,1,start,end,1.0,0.0,1.0,0.0,0.0,0.0,0.0,2.0,5.0,0.0,0.0,0.0,0.0,0.0,
ENG-Premier League,1819,2019-03-09 Crystal Palace-Brighton & Hove Albion,Brighton & Hove Albion,Mathew Ryan,False,Goalkeeper,1,start,end,1.0,0.0,0.0,0.0,0.0,0.0,1.0,1.0,2.0,0.0,0.0,0.0,0.0,0.0,
ENG-Premier League,1819,2019-03-09 Crystal Palace-Brighton & Hove Albion,Crystal Palace,Vicente Guaita,True,Goalkeeper,1,start,end,1.0,0.0,0.0,0.0,0.0,0.0,0.0,2.0,1.0,0.0,0.0,0.0,0.0,0.0,
ENG-Premier League,1819,2019-03-09 Huddersfield Town-AFC Bournemouth,AFC Bournemouth,Artur Boruc,False,Goalkeeper,1,start,end,1.0,0.0,0.0,0.0,0.0,0.0,0.0,0.0,1.0,0.0,0.0,0.0,0.0,0.0,
ENG-Premier League,1819,2019-03-09 Huddersfield Town-AFC Bournemouth,Huddersfield Town,Jonas Lössl,True,Goalkeeper,1,start,end,1.0,0.0,1.0,0.0,0.0,0.0,0.0,2.0,2.0,0.0,0.0,0.0,0.0,0.0,
ENG-Premier League,1819,2019-03-09 Leicester City-Fulham,Fulham,Sergio Rico,False,Goalkeeper,1,start,end,1.0,0.0,0.0,0.0,0.0,0.0,0.0,3.0,5.0,0.0,0.0,0.0,0.0,0.0,
ENG-Premier League,1819,2019-03-09 Leicester City-Fulham,Leicester City,Kasper Schmeichel,True,Goalkeeper,1,start,end,1.0,0.0,0.0,0.0,0.0,0.0,0.0,1.0,2.0,0.0,0.0,0.0,0.0,0.0,
ENG-Premier League,1819,2019-03-09 Manchester City-Watford,Manchester City,Ederson,True,Goalkeeper,1,start,end,1.0,0.0,0.0,0.0,0.0,0.0,0.0,1.0,0.0,0.0,0.0,0.0,0.0,0.0,
ENG-Premier League,1819,2019-03-09 Manchester City-Watford,Watford,Ben Foster,False,Goalkeeper,1,start,end,1.0,0.0,0.0,0.0,0.0,0.0,0.0,3.0,5.0,0.0,0.0,0.0,0.0,0.0,
ENG-Premier League,1819,2019-03-09 Newcastle United-Everton,Everton,Jordan Pickford,False,Goalkeeper,1,start,end,1.0,1.0,0.0,0.0,0.0,0.0,0.0,3.0,4.0,0.0,0.0,0.0,0.0,0.0,
ENG-Premier League,1819,2019-03-09 Newcastle United-Everton,Newcastle United,Martin Dúbravka,True,Goalkeeper,1,start,end,1.0,0.0,0.0,0.0,0.0,0.0,0.0,2.0,1.0,0.0,0.0,0.0,0.0,0.0,
ENG-Premier League,1819,2019-03-09 Southampton-Tottenham Hotspur,Southampton,Angus Gunn,True,Goalkeeper,1,start,end,1.0,0.0,0.0,0.0,0.0,0.0,0.0,1.0,4.0,0.0,0.0,0.0,0.0,0.0,
ENG-Premier League,1819,2019-03-09 Southampton-Tottenham Hotspur,Tottenham Hotspur,Hugo Lloris,False,Goalkeeper,1,start,end,1.0,0.0,0.0,0.0,0.0,0.0,0.0,2.0,2.0,0.0,0.0,0.0,0.0,0.0,
ENG-Premier League,1819,2019-03-10 Arsenal-Manchester United,Arsenal,Bernd Leno,True,Goalkeeper,1,start,end,1.0,0.0,0.0,0.0,0.0,0.0,0.0,0.0,4.0,0.0,0.0,0.0,0.0,0.0,
ENG-Premier League,1819,2019-03-10 Arsenal-Manchester United,Manchester United,David de Gea,False,Goalkeeper,1,start,end,1.0,0.0,0.0,0.0,0.0,0.0,0.0,2.0,0.0,0.0,0.0,0.0,0.0,0.0,
ENG-Premier League,1819,2019-03-10 Chelsea-Wolverhampton Wanderers,Chelsea,Kepa Arrizabalaga,True,Goalkeeper,1,start,end,1.0,0.0,0.0,0.0,0.0,0.0,0.0,1.0,0.0,0.0,0.0,0.0,0.0,0.0,
ENG-Premier League,1819,2019-03-10 Chelsea-Wolverhampton Wanderers,Wolverhampton Wanderers,Rui Patrício,False,Goalkeeper,1,start,end,1.0,0.0,0.0,0.0,0.0,0.0,0.0,1.0,5.0,0.0,0.0,0.0,0.0,0.0,
ENG-Premier League,1819,2019-03-10 Liverpool-Burnley,Burnley,Tom Heaton,False,Goalkeeper,1,start,end,1.0,0.0,0.0,0.0,0.0,0.0,0.0,4.0,1.0,0.0,0.0,0.0,0.0,0.0,
ENG-Premier League,1819,2019-03-10 Liverpool-Burnley,Liverpool,Alisson Becker,True,Goalkeeper,1,start,end,1.0,0.0,0.0,0.0,0.0,0.0,1.0,2.0,0.0,0.0,0.0,0.0,0.0,0.0,
ENG-Premier League,1819,2019-03-16 AFC Bournemouth-Newcastle United,AFC Bournemouth,Artur Boruc,True,Goalkeeper,1,start,end,1.0,0.0,0.0,0.0,0.0,0.0,0.0,2.0,3.0,0.0,0.0,0.0,0.0,0.0,
ENG-Premier League,1819,2019-03-16 AFC Bournemouth-Newcastle United,Newcastle United,Martin Dúbravka,False,Goalkeeper,1,start,end,1.0,0.0,0.0,0.0,0.0,0.0,0.0,2.0,0.0,0.0,0.0,0.0,0.0,0.0,
ENG-Premier League,1819,2019-03-16 Burnley-Leicester City,Burnley,Tom Heaton,True,Goalkeeper,1,start,end,1.0,0.0,0.0,0.0,0.0,0.0,0.0,2.0,2.0,0.0,0.0,0.0,0.0,1.0,
ENG-Premier League,1819,2019-03-16 Burnley-Leicester City,Leicester City,Kasper Schmeichel,False,Goalkeeper,1,start,end,1.0,0.0,0.0,0.0,0.0,0.0,0.0,1.0,1.0,0.0,0.0,0.0,0.0,0.0,
ENG-Premier League,1819,2019-03-16 West Ham United-Huddersfield Town,Huddersfield Town,Jonas Lössl,False,Goalkeeper,1,start,end,1.0,0.0,0.0,0.0,0.0,0.0,0.0,4.0,1.0,0.0,0.0,0.0,0.0,0.0,
ENG-Premier League,1819,2019-03-16 West Ham United-Huddersfield Town,West Ham United,Lukasz Fabianski,True,Goalkeeper,1,start,end,1.0,0.0,1.0,0.0,0.0,0.0,0.0,3.0,2.0,0.0,0.0,0.0,0.0,0.0,
ENG-Premier League,1819,2019-03-17 Everton-Chelsea,Chelsea,Kepa Arrizabalaga,False,Goalkeeper,1,start,end,1.0,0.0,0.0,0.0,0.0,0.0,0.0,2.0,6.0,0.0,0.0,0.0,0.0,0.0,
ENG-Premier League,1819,2019-03-17 Everton-Chelsea,Everton,Jordan Pickford,True,Goalkeeper,1,start,end,1.0,0.0,0.0,0.0,0.0,0.0,0.0,0.0,5.0,0.0,0.0,0.0,0.0,0.0,
ENG-Premier League,1819,2019-03-17 Fulham-Liverpool,Fulham,Sergio Rico,True,Goalkeeper,1,start,end,1.0,1.0,0.0,0.0,0.0,0.0,0.0,2.0,4.0,0.0,0.0,0.0,0.0,0.0,
ENG-Premier League,1819,2019-03-17 Fulham-Liverpool,Liverpool,Alisson Becker,False,Goalkeeper,1,start,end,1.0,0.0,0.0,0.0,0.0,0.0,0.0,1.0,1.0,0.0,0.0,0.0,0.0,0.0,
ENG-Premier League,1819,2019-03-30 Brighton & Hove Albion-Southampton,Brighton & Hove Albion,Mathew Ryan,True,Goalkeeper,1,start,end,1.0,0.0,0.0,0.0,0.0,0.0,0.0,1.0,1.0,0.0,0.0,0.0,0.0,0.0,
ENG-Premier League,1819,2019-03-30 Brighton & Hove Albion-Southampton,Southampton,Angus Gunn,False,Goalkeeper,1,start,end,1.0,0.0,0.0,0.0,0.0,0.0,0.0,0.0,1.0,0.0,0.0,0.0,0.0,0.0,
ENG-Premier League,1819,2019-03-30 Burnley-Wolverhampton Wanderers,Burnley,Tom Heaton,True,Goalkeeper,1,start,end,1.0,0.0,0.0,0.0,0.0,0.0,0.0,0.0,1.0,0.0,0.0,0.0,0.0,0.0,
ENG-Premier League,1819,2019-03-30 Burnley-Wolverhampton Wanderers,Wolverhampton Wanderers,Rui Patrício,False,Goalkeeper,1,start,end,1.0,0.0,1.0,0.0,0.0,0.0,0.0,2.0,0.0,0.0,0.0,0.0,0.0,0.0,
ENG-Premier League,1819,2019-03-30 Crystal Palace-Huddersfield Town,Crystal Palace,Vicente Guaita,True,Goalkeeper,1,start,end,1.0,0.0,0.0,0.0,0.0,0.0,0.0,0.0,5.0,0.0,0.0,0.0,0.0,0.0,
ENG-Premier League,1819,2019-03-30 Crystal Palace-Huddersfield Town,Huddersfield Town,Ben Hamer,False,Goalkeeper,1,start,end,1.0,0.0,0.0,0.0,0.0,0.0,0.0,2.0,4.0,0.0,0.0,0.0,0.0,0.0,
ENG-Premier League,1819,2019-03-30 Fulham-Manchester City,Fulham,Sergio Rico,True,Goalkeeper,1,start,end,1.0,0.0,0.0,0.0,0.0,0.0,0.0,2.0,5.0,0.0,0.0,0.0,0.0,0.0,
ENG-Premier League,1819,2019-03-30 Fulham-Manchester City,Manchester City,Ederson,False,Goalkeeper,1,start,end,1.0,0.0,0.0,0.0,0.0,0.0,0.0,0.0,0.0,0.0,0.0,0.0,0.0,0.0,
ENG-Premier League,1819,2019-03-30 Leicester City-AFC Bournemouth,AFC Bournemouth,Asmir Begovic,False,Goalkeeper,1,start,end,1.0,0.0,0.0,0.0,0.0,0.0,0.0,2.0,2.0,0.0,0.0,0.0,0.0,0.0,
ENG-Premier League,1819,2019-03-30 Leicester City-AFC Bournemouth,Leicester City,Kasper Schmeichel,True,Goalkeeper,1,start,end,1.0,0.0,0.0,0.0,0.0,0.0,0.0,0.0,2.0,0.0,0.0,0.0,0.0,0.0,
ENG-Premier League,1819,2019-03-30 Manchester United-Watford,Manchester United,David de Gea,True,Goalkeeper,1,start,end,1.0,0.0,0.0,0.0,0.0,0.0,0.0,1.0,7.0,0.0,0.0,0.0,0.0,0.0,
ENG-Premier League,1819,2019-03-30 Manchester United-Watford,Watford,Ben Foster,False,Goalkeeper,1,start,end,1.0,0.0,0.0,0.0,0.0,0.0,0.0,2.0,3.0,0.0,0.0,0.0,0.0,0.0,
ENG-Premier League,1819,2019-03-30 West Ham United-Everton,Everton,Jordan Pickford,False,Goalkeeper,1,start,end,1.0,0.0,0.0,0.0,0.0,0.0,0.0,0.0,1.0,0.0,0.0,0.0,0.0,0.0,
ENG-Premier League,1819,2019-03-30 West Ham United-Everton,West Ham United,Lukasz Fabianski,True,Goalkeeper,1,start,end,1.0,0.0,0.0,0.0,0.0,0.0,0.0,2.0,7.0,0.0,0.0,0.0,0.0,0.0,
ENG-Premier League,1819,2019-03-31 Cardiff City-Chelsea,Cardiff City,Neil Etheridge,True,Goalkeeper,1,start,end,1.0,0.0,0.0,0.0,0.0,0.0,0.0,2.0,1.0,0.0,0.0,0.0,0.0,0.0,
ENG-Premier League,1819,2019-03-31 Cardiff City-Chelsea,Chelsea,Kepa Arrizabalaga,False,Goalkeeper,1,start,end,1.0,0.0,0.0,0.0,0.0,0.0,0.0,1.0,2.0,0.0,0.0,0.0,0.0,0.0,
ENG-Premier League,1819,2019-03-31 Liverpool-Tottenham Hotspur,Liverpool,Alisson Becker,True,Goalkeeper,1,start,end,1.0,0.0,0.0,0.0,0.0,0.0,0.0,1.0,1.0,0.0,0.0,0.0,0.0,0.0,
ENG-Premier League,1819,2019-03-31 Liverpool-Tottenham Hotspur,Tottenham Hotspur,Hugo Lloris,False,Goalkeeper,1,start,end,1.0,0.0,0.0,0.0,0.0,0.0,0.0,2.0,2.0,0.0,0.0,0.0,0.0,0.0,
ENG-Premier League,1819,2019-04-01 Arsenal-Newcastle United,Arsenal,Bernd Leno,True,Goalkeeper,1,start,end,1.0,0.0,0.0,0.0,0.0,0.0,0.0,0.0,1.0,0.0,0.0,0.0,0.0,0.0,
ENG-Premier League,1819,2019-04-01 Arsenal-Newcastle United,Newcastle United,Martin Dúbravka,False,Goalkeeper,1,start,end,1.0,0.0,1.0,0.0,0.0,0.0,0.0,2.0,1.0,0.0,0.0,0.0,0.0,0.0,
ENG-Premier League,1819,2019-04-02 Watford-Fulham,Fulham,Sergio Rico,False,Goalkeeper,1,start,end,1.0,0.0,1.0,0.0,0.0,0.0,0.0,4.0,3.0,0.0,0.0,0.0,0.0,0.0,
ENG-Premier League,1819,2019-04-02 Watford-Fulham,Watford,Ben Foster,True,Goalkeeper,1,start,end,1.0,0.0,0.0,0.0,0.0,0.0,0.0,1.0,6.0,0.0,0.0,0.0,0.0,0.0,
ENG-Premier League,1819,2019-04-02 Wolverhampton Wanderers-Manchester United,Manchester United,David de Gea,False,Goalkeeper,1,start,end,1.0,0.0,0.0,0.0,0.0,0.0,0.0,2.0,2.0,0.0,0.0,0.0,0.0,0.0,
ENG-Premier League,1819,2019-04-02 Wolverhampton Wanderers-Manchester United,Wolverhampton Wanderers,Rui Patrício,True,Goalkeeper,1,start,end,1.0,0.0,0.0,0.0,0.0,0.0,0.0,1.0,3.0,0.0,0.0,0.0,0.0,0.0,
ENG-Premier League,1819,2019-04-03 Chelsea-Brighton & Hove Albion,Brighton & Hove Albion,Mathew Ryan,False,Goalkeeper,1,start,end,1.0,0.0,0.0,0.0,0.0,0.0,0.0,3.0,1.0,0.0,0.0,0.0,0.0,0.0,
ENG-Premier League,1819,2019-04-03 Chelsea-Brighton & Hove Albion,Chelsea,Kepa Arrizabalaga,True,Goalkeeper,1,start,end,1.0,0.0,0.0,0.0,0.0,0.0,0.0,0.0,1.0,0.0,0.0,0.0,0.0,0.0,
ENG-Premier League,1819,2019-04-03 Manchester City-Cardiff City,Cardiff City,Neil Etheridge,False,Goalkeeper,1,start,end,1.0,0.0,0.0,0.0,0.0,0.0,0.0,2.0,9.0,0.0,0.0,0.0,0.0,0.0,
ENG-Premier League,1819,2019-04-03 Manchester City-Cardiff City,Manchester City,Ederson,True,Goalkeeper,1,start,end,1.0,0.0,0.0,0.0,0.0,0.0,0.0,0.0,1.0,0.0,0.0,0.0,0.0,0.0,
ENG-Premier League,1819,2019-04-03 Tottenham Hotspur-Crystal Palace,Crystal Palace,Vicente Guaita,False,Goalkeeper,1,start,end,1.0,0.0,2.0,0.0,0.0,0.0,0.0,2.0,8.0,0.0,0.0,0.0,0.0,0.0,
ENG-Premier League,1819,2019-04-03 Tottenham Hotspur-Crystal Palace,Tottenham Hotspur,Hugo Lloris,True,Goalkeeper,1,start,end,1.0,0.0,0.0,0.0,0.0,0.0,0.0,0.0,1.0,0.0,0.0,0.0,0.0,0.0,
ENG-Premier League,1819,2019-04-05 Southampton-Liverpool,Liverpool,Alisson Becker,False,Goalkeeper,1,start,end,1.0,0.0,0.0,0.0,0.0,0.0,0.0,1.0,0.0,0.0,0.0,0.0,0.0,0.0,
ENG-Premier League,1819,2019-04-05 Southampton-Liverpool,Southampton,Angus Gunn,True,Goalkeeper,1,start,end,1.0,0.0,0.0,0.0,0.0,0.0,0.0,3.0,2.0,0.0,0.0,0.0,0.0,0.0,
ENG-Premier League,1819,2019-04-06 AFC Bournemouth-Burnley,AFC Bournemouth,Asmir Begovic,True,Goalkeeper,1,start,end,1.0,0.0,2.0,0.0,0.0,0.0,0.0,3.0,0.0,0.0,0.0,0.0,0.0,0.0,
ENG-Premier League,1819,2019-04-06 AFC Bournemouth-Burnley,Burnley,Tom Heaton,False,Goalkeeper,1,start,end,1.0,0.0,0.0,0.0,0.0,0.0,0.0,1.0,2.0,0.0,0.0,0.0,0.0,0.0,
ENG-Premier League,1819,2019-04-06 Huddersfield Town-Leicester City,Huddersfield Town,Ben Hamer,True,Goalkeeper,1,start,end,1.0,0.0,0.0,0.0,0.0,0.0,0.0,4.0,6.0,0.0,0.0,0.0,0.0,0.0,
ENG-Premier League,1819,2019-04-06 Huddersfield Town-Leicester City,Leicester City,Kasper Schmeichel,False,Goalkeeper,1,start,end,1.0,0.0,0.0,0.0,0.0,0.0,0.0,1.0,3.0,0.0,0.0,0.0,0.0,0.0,
ENG-Premier League,1819,2019-04-06 Newcastle United-Crystal Palace,Crystal Palace,Vicente Guaita,False,Goalkeeper,1,start,end,1.0,0.0,1.0,0.0,0.0,0.0,0.0,0.0,5.0,0.0,0.0,0.0,0.0,0.0,
ENG-Premier League,1819,2019-04-06 Newcastle United-Crystal Palace,Newcastle United,Martin Dúbravka,True,Goalkeeper,1,start,end,1.0,0.0,0.0,0.0,0.0,0.0,0.0,1.0,0.0,0.0,0.0,0.0,0.0,0.0,
ENG-Premier League,1819,2019-04-07 Everton-Arsenal,Arsenal,Bernd Leno,False,Goalkeeper,1,start,end,1.0,0.0,0.0,0.0,0.0,0.0,0.0,1.0,5.0,0.0,0.0,0.0,0.0,0.0,
ENG-Premier League,1819,2019-04-07 Everton-Arsenal,Everton,Jordan Pickford,True,Goalkeeper,1,start,end,1.0,0.0,0.0,0.0,0.0,0.0,0.0,0.0,2.0,0.0,0.0,0.0,0.0,0.0,
ENG-Premier League,1819,2019-04-08 Chelsea-West Ham United,Chelsea,Kepa Arrizabalaga,True,Goalkeeper,1,start,end,1.0,0.0,0.0,0.0,0.0,0.0,1.0,0.0,2.0,0.0,0.0,0.0,0.0,0.0,
ENG-Premier League,1819,2019-04-08 Chelsea-West Ham United,West Ham United,Lukasz Fabianski,False,Goalkeeper,1,start,end,1.0,0.0,0.0,0.0,0.0,0.0,0.0,2.0,5.0,0.0,0.0,0.0,0.0,0.0,
ENG-Premier League,1819,2019-04-12 Leicester City-Newcastle United,Leicester City,Kasper Schmeichel,True,Goalkeeper,1,start,end,1.0,0.0,0.0,0.0,0.0,0.0,1.0,1.0,4.0,0.0,0.0,0.0,0.0,0.0,
ENG-Premier League,1819,2019-04-12 Leicester City-Newcastle United,Newcastle United,Martin Dúbravka,False,Goalkeeper,1,start,end,1.0,0.0,0.0,0.0,0.0,0.0,0.0,0.0,5.0,0.0,0.0,0.0,0.0,0.0,
ENG-Premier League,1819,2019-04-13 Brighton & Hove Albion-AFC Bournemouth,AFC Bournemouth,Artur Boruc,False,Goalkeeper,1,start,end,1.0,0.0,0.0,0.0,0.0,0.0,1.0,0.0,1.0,0.0,0.0,0.0,0.0,0.0,
ENG-Premier League,1819,2019-04-13 Brighton & Hove Albion-AFC Bournemouth,Brighton & Hove Albion,Mathew Ryan,True,Goalkeeper,1,start,end,1.0,0.0,0.0,0.0,0.0,0.0,0.0,5.0,2.0,0.0,0.0,0.0,0.0,0.0,
ENG-Premier League,1819,2019-04-13 Burnley-Cardiff City,Burnley,Tom Heaton,True,Goalkeeper,1,start,end,1.0,0.0,0.0,0.0,0.0,0.0,0.0,0.0,2.0,0.0,0.0,0.0,0.0,0.0,
ENG-Premier League,1819,2019-04-13 Burnley-Cardiff City,Cardiff City,Neil Etheridge,False,Goalkeeper,1,start,end,1.0,0.0,1.0,0.0,0.0,0.0,0.0,2.0,6.0,0.0,0.0,0.0,0.0,0.0,
ENG-Premier League,1819,2019-04-13 Fulham-Everton,Everton,Jordan Pickford,False,Goalkeeper,1,start,end,1.0,0.0,0.0,0.0,0.0,0.0,0.0,2.0,3.0,0.0,0.0,0.0,0.0,0.0,
ENG-Premier League,1819,2019-04-13 Fulham-Everton,Fulham,Sergio Rico,True,Goalkeeper,1,start,end,1.0,0.0,1.0,0.0,0.0,0.0,0.0,0.0,1.0,0.0,0.0,0.0,0.0,0.0,
ENG-Premier League,1819,2019-04-13 Manchester United-West Ham United,Manchester United,David de Gea,True,Goalkeeper,1,start,end,1.0,0.0,0.0,0.0,0.0,0.0,0.0,1.0,3.0,0.0,0.0,0.0,0.0,0.0,
ENG-Premier League,1819,2019-04-13 Manchester United-West Ham United,West Ham United,Lukasz Fabianski,False,Goalkeeper,1,start,end,1.0,0.0,0.0,0.0,0.0,0.0,0.0,2.0,2.0,0.0,0.0,0.0,0.0,0.0,
ENG-Premier League,1819,2019-04-13 Southampton-Wolverhampton Wanderers,Southampton,Angus Gunn,True,Goalkeeper,1,start,end,1.0,0.0,1.0,0.0,0.0,0.0,0.0,1.0,1.0,0.0,0.0,0.0,0.0,0.0,
ENG-Premier League,1819,2019-04-13 Southampton-Wolverhampton Wanderers,Wolverhampton Wanderers,Rui Patrício,False,Goalkeeper,1,start,end,1.0,0.0,0.0,0.0,0.0,0.0,0.0,3.0,3.0,0.0,0.0,0.0,0.0,0.0,
ENG-Premier League,1819,2019-04-13 Tottenham Hotspur-Huddersfield Town,Huddersfield Town,Ben Hamer,False,Goalkeeper,1,start,end,1.0,0.0,0.0,0.0,0.0,0.0,0.0,4.0,1.0,0.0,0.0,0.0,0.0,0.0,
ENG-Premier League,1819,2019-04-13 Tottenham Hotspur-Huddersfield Town,Tottenham Hotspur,Hugo Lloris,True,Goalkeeper,1,start,end,1.0,0.0,0.0,0.0,0.0,0.0,0.0,0.0,1.0,0.0,0.0,0.0,0.0,0.0,
ENG-Premier League,1819,2019-04-14 Crystal Palace-Manchester City,Crystal Palace,Vicente Guaita,True,Goalkeeper,1,start,end,1.0,0.0,0.0,0.0,0.0,0.0,0.0,3.0,4.0,0.0,0.0,0.0,0.0,0.0,
ENG-Premier League,1819,2019-04-14 Crystal Palace-Manchester City,Manchester City,Ederson,False,Goalkeeper,1,start,end,1.0,0.0,0.0,0.0,0.0,0.0,0.0,1.0,2.0,0.0,0.0,0.0,0.0,0.0,
ENG-Premier League,1819,2019-04-14 Liverpool-Chelsea,Chelsea,Kepa Arrizabalaga,False,Goalkeeper,1,start,end,1.0,0.0,0.0,0.0,0.0,0.0,0.0,2.0,5.0,0.0,0.0,0.0,0.0,0.0,
ENG-Premier League,1819,2019-04-14 Liverpool-Chelsea,Liverpool,Alisson Becker,True,Goalkeeper,1,start,end,1.0,0.0,0.0,0.0,0.0,0.0,0.0,0.0,3.0,0.0,0.0,0.0,0.0,0.0,
ENG-Premier League,1819,2019-04-15 Watford-Arsenal,Arsenal,Bernd Leno,False,Goalkeeper,1,start,end,1.0,0.0,0.0,0.0,0.0,0.0,0.0,0.0,2.0,0.0,0.0,0.0,0.0,0.0,
ENG-Premier League,1819,2019-04-15 Watford-Arsenal,Watford,Ben Foster,True,Goalkeeper,1,start,end,1.0,0.0,0.0,0.0,0.0,0.0,0.0,1.0,4.0,0.0,0.0,0.0,0.0,0.0,
ENG-Premier League,1819,2019-04-16 Brighton & Hove Albion-Cardiff City,Brighton & Hove Albion,Mathew Ryan,True,Goalkeeper,1,start,end,1.0,0.0,0.0,0.0,0.0,0.0,0.0,2.0,1.0,0.0,0.0,0.0,0.0,0.0,
ENG-Premier League,1819,2019-04-16 Brighton & Hove Albion-Cardiff City,Cardiff City,Neil Etheridge,False,Goalkeeper,1,start,end,1.0,0.0,0.0,0.0,0.0,0.0,0.0,0.0,2.0,0.0,0.0,0.0,0.0,0.0,
ENG-Premier League,1819,2019-04-20 AFC Bournemouth-Fulham,AFC Bournemouth,Artur Boruc,True,Goalkeeper,1,start,end,1.0,0.0,0.0,0.0,0.0,0.0,0.0,1.0,4.0,0.0,0.0,0.0,0.0,0.0,
ENG-Premier League,1819,2019-04-20 AFC Bournemouth-Fulham,Fulham,Sergio Rico,False,Goalkeeper,1,start,end,1.0,0.0,1.0,0.0,0.0,0.0,1.0,0.0,5.0,0.0,0.0,0.0,0.0,0.0,
ENG-Premier League,1819,2019-04-20 Huddersfield Town-Watford,Huddersfield Town,Jonas Lössl,True,Goalkeeper,1,start,end,1.0,0.0,1.0,0.0,0.0,0.0,0.0,2.0,4.0,0.0,0.0,0.0,0.0,0.0,
ENG-Premier League,1819,2019-04-20 Huddersfield Town-Watford,Watford,Ben Foster,False,Goalkeeper,1,start,end,1.0,0.0,0.0,0.0,0.0,0.0,0.0,1.0,2.0,0.0,0.0,0.0,0.0,0.0,
ENG-Premier League,1819,2019-04-20 Manchester City-Tottenham Hotspur,Manchester City,Ederson,True,Goalkeeper,1,start,end,1.0,0.0,0.0,0.0,0.0,0.0,0.0,0.0,4.0,0.0,0.0,0.0,0.0,0.0,
ENG-Premier League,1819,2019-04-20 Manchester City-Tottenham Hotspur,Tottenham Hotspur,Paulo Gazzaniga,False,Goalkeeper,1,start,end,1.0,0.0,0.0,0.0,0.0,0.0,0.0,1.0,3.0,0.0,0.0,0.0,0.0,0.0,
ENG-Premier League,1819,2019-04-20 Newcastle United-Southampton,Newcastle United,Martin Dúbravka,True,Goalkeeper,1,start,end,1.0,0.0,0.0,0.0,0.0,0.0,0.0,1.0,3.0,0.0,0.0,0.0,0.0,0.0,
ENG-Premier League,1819,2019-04-20 Newcastle United-Southampton,Southampton,Angus Gunn,False,Goalkeeper,1,start,end,1.0,0.0,0.0,0.0,0.0,0.0,0.0,3.0,2.0,0.0,0.0,0.0,0.0,0.0,
ENG-Premier League,1819,2019-04-20 West Ham United-Leicester City,Leicester City,Kasper Schmeichel,False,Goalkeeper,1,start,end,1.0,0.0,0.0,0.0,0.0,0.0,0.0,2.0,1.0,0.0,0.0,0.0,0.0,0.0,
ENG-Premier League,1819,2019-04-20 West Ham United-Leicester City,West Ham United,Lukasz Fabianski,True,Goalkeeper,1,start,end,1.0,0.0,0.0,0.0,0.0,0.0,0.0,2.0,3.0,0.0,0.0,0.0,0.0,0.0,
ENG-Premier League,1819,2019-04-20 Wolverhampton Wanderers-Brighton & Hove Albion,Brighton & Hove Albion,Mathew Ryan,False,Goalkeeper,1,start,end,1.0,0.0,0.0,0.0,0.0,0.0,0.0,0.0,5.0,0.0,0.0,0.0,0.0,0.0,
ENG-Premier League,1819,2019-04-20 Wolverhampton Wanderers-Brighton & Hove Albion,Wolverhampton Wanderers,Rui Patrício,True,Goalkeeper,1,start,end,1.0,0.0,0.0,0.0,0.0,0.0,0.0,0.0,0.0,0.0,0.0,0.0,0.0,0.0,
ENG-Premier League,1819,2019-04-21 Arsenal-Crystal Palace,Arsenal,Bernd Leno,True,Goalkeeper,1,start,end,1.0,0.0,0.0,0.0,0.0,0.0,0.0,3.0,4.0,0.0,0.0,0.0,0.0,0.0,
ENG-Premier League,1819,2019-04-21 Arsenal-Crystal Palace,Crystal Palace,Vicente Guaita,False,Goalkeeper,1,start,end,1.0,0.0,0.0,0.0,0.0,0.0,0.0,2.0,3.0,0.0,0.0,0.0,0.0,0.0,
ENG-Premier League,1819,2019-04-21 Cardiff City-Liverpool,Cardiff City,Neil Etheridge,True,Goalkeeper,1,start,end,1.0,0.0,0.0,0.0,0.0,0.0,0.0,2.0,4.0,0.0,0.0,0.0,0.0,0.0,
ENG-Premier League,1819,2019-04-21 Cardiff City-Liverpool,Liverpool,Alisson Becker,False,Goalkeeper,1,start,end,1.0,0.0,0.0,0.0,0.0,0.0,0.0,0.0,2.0,0.0,0.0,0.0,0.0,0.0,
ENG-Premier League,1819,2019-04-21 Everton-Manchester United,Everton,Jordan Pickford,True,Goalkeeper,1,start,end,1.0,0.0,0.0,0.0,0.0,0.0,0.0,0.0,1.0,0.0,0.0,0.0,0.0,0.0,
ENG-Premier League,1819,2019-04-21 Everton-Manchester United,Manchester United,David de Gea,False,Goalkeeper,1,start,end,1.0,0.0,0.0,0.0,0.0,0.0,0.0,4.0,4.0,0.0,0.0,0.0,0.0,0.0,
ENG-Premier League,1819,2019-04-22 Chelsea-Burnley,Burnley,Tom Heaton,False,Goalkeeper,1,start,end,1.0,0.0,0.0,0.0,0.0,0.0,1.0,2.0,6.0,0.0,0.0,0.0,0.0,0.0,
ENG-Premier League,1819,2019-04-22 Chelsea-Burnley,Chelsea,Kepa Arrizabalaga,True,Goalkeeper,1,start,end,1.0,0.0,0.0,0.0,0.0,0.0,0.0,2.0,1.0,0.0,0.0,0.0,0.0,0.0,
ENG-Premier League,1819,2019-04-23 Tottenham Hotspur-Brighton & Hove Albion,Brighton & Hove Albion,Mathew Ryan,False,Goalkeeper,1,start,end,1.0,0.0,0.0,0.0,0.0,0.0,0.0,1.0,4.0,0.0,0.0,0.0,0.0,0.0,
ENG-Premier League,1819,2019-04-23 Tottenham Hotspur-Brighton & Hove Albion,Tottenham Hotspur,Hugo Lloris,True,Goalkeeper,1,start,end,1.0,0.0,0.0,0.0,0.0,0.0,0.0,0.0,1.0,0.0,0.0,0.0,0.0,0.0,
ENG-Premier League,1819,2019-04-23 Watford-Southampton,Southampton,Angus Gunn,False,Goalkeeper,1,start,end,1.0,0.0,1.0,0.0,0.0,0.0,0.0,1.0,3.0,0.0,0.0,0.0,0.0,0.0,
ENG-Premier League,1819,2019-04-23 Watford-Southampton,Watford,Ben Foster,True,Goalkeeper,1,start,end,1.0,0.0,0.0,0.0,0.0,0.0,0.0,1.0,3.0,0.0,0.0,0.0,0.0,0.0,
ENG-Premier League,1819,2019-04-24 Manchester United-Manchester City,Manchester City,Ederson,False,Goalkeeper,1,start,end,1.0,0.0,0.0,0.0,0.0,0.0,0.0,0.0,1.0,0.0,0.0,0.0,0.0,0.0,
ENG-Premier League,1819,2019-04-24 Manchester United-Manchester City,Manchester United,David de Gea,True,Goalkeeper,1,start,end,1.0,0.0,0.0,0.0,0.0,0.0,0.0,2.0,3.0,0.0,0.0,0.0,0.0,0.0,
ENG-Premier League,1819,2019-04-24 Wolverhampton Wanderers-Arsenal,Arsenal,Bernd Leno,False,Goalkeeper,1,start,end,1.0,0.0,0.0,0.0,0.0,0.0,0.0,3.0,0.0,0.0,0.0,0.0,0.0,0.0,
ENG-Premier League,1819,2019-04-24 Wolverhampton Wanderers-Arsenal,Wolverhampton Wanderers,Rui Patrício,True,Goalkeeper,1,start,end,1.0,0.0,0.0,0.0,0.0,0.0,0.0,1.0,0.0,0.0,0.0,0.0,0.0,0.0,
ENG-Premier League,1819,2019-04-26 Liverpool-Huddersfield Town,Huddersfield Town,Jonas Lössl,False,Goalkeeper,1,start,end,1.0,0.0,0.0,0.0,0.0,0.0,0.0,5.0,2.0,0.0,0.0,0.0,0.0,0.0,
ENG-Premier League,1819,2019-04-26 Liverpool-Huddersfield Town,Liverpool,Alisson Becker,True,Goalkeeper,1,start,end,1.0,0.0,0.0,0.0,0.0,0.0,0.0,0.0,1.0,0.0,0.0,0.0,0.0,0.0,
ENG-Premier League,1819,2019-04-27 Brighton & Hove Albion-Newcastle United,Brighton & Hove Albion,Mathew Ryan,True,Goalkeeper,1,start,end,1.0,0.0,0.0,0.0,0.0,0.0,0.0,1.0,0.0,0.0,0.0,0.0,0.0,0.0,
ENG-Premier League,1819,2019-04-27 Brighton & Hove Albion-Newcastle United,Newcastle United,Martin Dúbravka,False,Goalkeeper,1,start,end,1.0,0.0,0.0,0.0,0.0,0.0,0.0,1.0,1.0,0.0,0.0,0.0,0.0,0.0,
ENG-Premier League,1819,2019-04-27 Crystal Palace-Everton,Crystal Palace,Vicente Guaita,True,Goalkeeper,1,start,end,1.0,0.0,0.0,0.0,0.0,0.0,0.0,0.0,3.0,0.0,0.0,0.0,0.0,0.0,
ENG-Premier League,1819,2019-04-27 Crystal Palace-Everton,Everton,Jordan Pickford,False,Goalkeeper,1,start,end,1.0,0.0,0.0,0.0,0.0,0.0,0.0,0.0,0.0,0.0,0.0,0.0,0.0,0.0,
ENG-Premier League,1819,2019-04-27 Fulham-Cardiff City,Cardiff City,Neil Etheridge,False,Goalkeeper,1,start,end,1.0,0.0,0.0,0.0,0.0,0.0,0.0,1.0,1.0,0.0,0.0,0.0,0.0,0.0,
ENG-Premier League,1819,2019-04-27 Fulham-Cardiff City,Fulham,Sergio Rico,True,Goalkeeper,1,start,end,1.0,0.0,0.0,0.0,0.0,0.0,0.0,0.0,8.0,0.0,0.0,0.0,0.0,0.0,
ENG-Premier League,1819,2019-04-27 Southampton-AFC Bournemouth,AFC Bournemouth,Artur Boruc,False,Goalkeeper,1,start,end,1.0,0.0,0.0,0.0,0.0,0.0,0.0,3.0,4.0,0.0,0.0,0.0,0.0,0.0,
ENG-Premier League,1819,2019-04-27 Southampton-AFC Bournemouth,Southampton,Angus Gunn,True,Goalkeeper,1,start,end,1.0,0.0,0.0,0.0,0.0,0.0,0.0,3.0,2.0,0.0,0.0,0.0,0.0,0.0,
ENG-Premier League,1819,2019-04-27 Tottenham Hotspur-West Ham United,Tottenham Hotspur,Hugo Lloris,True,Goalkeeper,1,start,end,1.0,0.0,0.0,0.0,0.0,0.0,0.0,1.0,6.0,0.0,0.0,0.0,0.0,0.0,
ENG-Premier League,1819,2019-04-27 Tottenham Hotspur-West Ham United,West Ham United,Lukasz Fabianski,False,Goalkeeper,1,start,end,1.0,0.0,0.0,0.0,0.0,0.0,0.0,0.0,4.0,0.0,0.0,0.0,0.0,0.0,
ENG-Premier League,1819,2019-04-27 Watford-Wolverhampton Wanderers,Watford,Ben Foster,True,Goalkeeper,1,start,end,1.0,0.0,0.0,0.0,0.0,0.0,0.0,2.0,1.0,0.0,0.0,0.0,0.0,0.0,
ENG-Premier League,1819,2019-04-27 Watford-Wolverhampton Wanderers,Wolverhampton Wanderers,Rui Patrício,False,Goalkeeper,1,start,end,1.0,0.0,0.0,0.0,0.0,0.0,0.0,1.0,0.0,0.0,0.0,0.0,0.0,0.0,
ENG-Premier League,1819,2019-04-28 Burnley-Manchester City,Burnley,Tom Heaton,True,Goalkeeper,1,start,end,1.0,0.0,0.0,0.0,0.0,0.0,0.0,1.0,5.0,0.0,0.0,0.0,0.0,0.0,
ENG-Premier League,1819,2019-04-28 Burnley-Manchester City,Manchester City,Ederson,False,Goalkeeper,1,start,end,1.0,0.0,0.0,0.0,0.0,0.0,0.0,0.0,0.0,0.0,0.0,0.0,0.0,0.0,
ENG-Premier League,1819,2019-04-28 Leicester City-Arsenal,Arsenal,Bernd Leno,False,Goalkeeper,1,start,end,1.0,0.0,0.0,0.0,0.0,0.0,0.0,3.0,9.0,0.0,0.0,0.0,0.0,0.0,
ENG-Premier League,1819,2019-04-28 Leicester City-Arsenal,Leicester City,Kasper Schmeichel,True,Goalkeeper,1,start,end,1.0,0.0,0.0,0.0,0.0,0.0,0.0,0.0,1.0,0.0,0.0,0.0,0.0,0.0,
ENG-Premier League,1819,2019-04-28 Manchester United-Chelsea,Chelsea,Kepa Arrizabalaga,False,Goalkeeper,1,start,end,1.0,0.0,0.0,0.0,0.0,0.0,0.0,1.0,3.0,0.0,0.0,0.0,0.0,0.0,
ENG-Premier League,1819,2019-04-28 Manchester United-Chelsea,Manchester United,David de Gea,True,Goalkeeper,1,start,end,1.0,0.0,0.0,0.0,0.0,0.0,0.0,1.0,2.0,0.0,0.0,0.0,0.0,0.0,
ENG-Premier League,1819,2019-05-03 Everton-Burnley,Burnley,Tom Heaton,False,Goalkeeper,1,start,end,1.0,0.0,0.0,0.0,0.0,0.0,0.0,2.0,5.0,0.0,0.0,0.0,0.0,0.0,
ENG-Premier League,1819,2019-05-03 Everton-Burnley,Everton,Jordan Pickford,True,Goalkeeper,1,start,end,1.0,0.0,0.0,0.0,0.0,0.0,0.0,0.0,1.0,0.0,0.0,0.0,0.0,0.0,
ENG-Premier League,1819,2019-05-04 AFC Bournemouth-Tottenham Hotspur,AFC Bournemouth,Mark Travers,True,Goalkeeper,1,start,end,1.0,0.0,0.0,0.0,0.0,0.0,0.0,0.0,5.0,0.0,0.0,0.0,0.0,0.0,
ENG-Premier League,1819,2019-05-04 AFC Bournemouth-Tottenham Hotspur,Tottenham Hotspur,Hugo Lloris,False,Goalkeeper,1,start,end,1.0,0.0,1.0,0.0,0.0,0.0,0.0,1.0,5.0,0.0,0.0,0.0,0.0,0.0,
ENG-Premier League,1819,2019-05-04 Cardiff City-Crystal Palace,Cardiff City,Neil Etheridge,True,Goalkeeper,1,start,end,1.0,0.0,0.0,0.0,0.0,0.0,0.0,3.0,4.0,0.0,0.0,0.0,0.0,0.0,
ENG-Premier League,1819,2019-05-04 Cardiff City-Crystal Palace,Crystal Palace,Vicente Guaita,False,Goalkeeper,1,start,end,1.0,0.0,0.0,0.0,0.0,0.0,0.0,2.0,6.0,0.0,0.0,0.0,0.0,0.0,
ENG-Premier League,1819,2019-05-04 Newcastle United-Liverpool,Liverpool,Alisson Becker,False,Goalkeeper,1,start,end,1.0,0.0,0.0,0.0,0.0,0.0,0.0,2.0,4.0,0.0,0.0,0.0,0.0,0.0,
ENG-Premier League,1819,2019-05-04 Newcastle United-Liverpool,Newcastle United,Martin Dúbravka,True,Goalkeeper,1,start,end,1.0,0.0,0.0,0.0,0.0,0.0,0.0,3.0,1.0,0.0,0.0,0.0,0.0,0.0,
ENG-Premier League,1819,2019-05-04 West Ham United-Southampton,Southampton,Fraser Forster,False,Goalkeeper,1,start,end,1.0,0.0,0.0,0.0,0.0,0.0,0.0,3.0,3.0,0.0,0.0,0.0,0.0,0.0,
ENG-Premier League,1819,2019-05-04 West Ham United-Southampton,West Ham United,Lukasz Fabianski,True,Goalkeeper,1,start,end,1.0,0.0,0.0,0.0,0.0,0.0,0.0,0.0,1.0,0.0,0.0,0.0,0.0,0.0,
ENG-Premier League,1819,2019-05-04 Wolverhampton Wanderers-Fulham,Fulham,Sergio Rico,False,Goalkeeper,1,start,end,1.0,0.0,0.0,0.0,0.0,0.0,0.0,1.0,5.0,0.0,0.0,0.0,0.0,0.0,
ENG-Premier League,1819,2019-05-04 Wolverhampton Wanderers-Fulham,Wolverhampton Wanderers,Rui Patrício,True,Goalkeeper,1,start,93,1.0,0.0,0.0,0.0,0.0,0.0,0.0,0.0,2.0,0.0,0.0,0.0,0.0,0.0,
ENG-Premier League,1819,2019-05-05 Arsenal-Brighton & Hove Albion,Arsenal,Bernd Leno,True,Goalkeeper,1,start,end,1.0,0.0,0.0,0.0,0.0,0.0,0.0,1.0,4.0,0.0,0.0,0.0,0.0,0.0,
ENG-Premier League,1819,2019-05-05 Arsenal-Brighton & Hove Albion,Brighton & Hove Albion,Mathew Ryan,False,Goalkeeper,1,start,end,1.0,0.0,0.0,0.0,0.0,0.0,0.0,1.0,6.0,0.0,0.0,0.0,0.0,0.0,
ENG-Premier League,1819,2019-05-05 Chelsea-Watford,Chelsea,Kepa Arrizabalaga,True,Goalkeeper,1,start,end,1.0,0.0,1.0,0.0,0.0,0.0,0.0,0.0,3.0,0.0,0.0,0.0,0.0,0.0,
ENG-Premier League,1819,2019-05-05 Chelsea-Watford,Watford,Ben Foster,False,Goalkeeper,1,start,end,1.0,0.0,0.0,0.0,0.0,0.0,0.0,3.0,6.0,0.0,0.0,0.0,0.0,0.0,
ENG-Premier League,1819,2019-05-05 Huddersfield Town-Manchester United,Huddersfield Town,Jonas Lössl,True,Goalkeeper,1,start,end,1.0,0.0,0.0,0.0,0.0,0.0,1.0,1.0,6.0,0.0,1.0,0.0,0.0,0.0,
ENG-Premier League,1819,2019-05-05 Huddersfield Town-Manchester United,Manchester United,David de Gea,False,Goalkeeper,1,start,end,1.0,0.0,0.0,0.0,0.0,0.0,0.0,1.0,2.0,0.0,0.0,0.0,0.0,0.0,
ENG-Premier League,1819,2019-05-06 Manchester City-Leicester City,Leicester City,Kasper Schmeichel,False,Goalkeeper,1,start,end,1.0,0.0,0.0,0.0,0.0,0.0,0.0,1.0,4.0,0.0,0.0,0.0,0.0,0.0,
ENG-Premier League,1819,2019-05-06 Manchester City-Leicester City,Manchester City,Ederson,True,Goalkeeper,1,start,end,1.0,0.0,0.0,0.0,0.0,0.0,0.0,0.0,2.0,0.0,0.0,0.0,0.0,0.0,
ENG-Premier League,1819,2019-05-12 Brighton & Hove Albion-Manchester City,Brighton & Hove Albion,Mathew Ryan,True,Goalkeeper,1,start,end,1.0,0.0,0.0,0.0,0.0,0.0,0.0,4.0,5.0,0.0,0.0,0.0,0.0,0.0,
ENG-Premier League,1819,2019-05-12 Brighton & Hove Albion-Manchester City,Manchester City,Ederson,False,Goalkeeper,1,start,end,1.0,0.0,0.0,0.0,0.0,0.0,0.0,1.0,1.0,0.0,0.0,0.0,0.0,0.0,
ENG-Premier League,1819,2019-05-12 Burnley-Arsenal,Arsenal,Bernd Leno,False,Goalkeeper,1,start,end,1.0,0.0,1.0,0.0,0.0,0.0,0.0,1.0,3.0,0.0,0.0,0.0,0.0,0.0,
ENG-Premier League,1819,2019-05-12 Burnley-Arsenal,Burnley,Tom Heaton,True,Goalkeeper,1,start,end,1.0,1.0,0.0,0.0,0.0,0.0,1.0,3.0,3.0,0.0,0.0,0.0,0.0,0.0,
ENG-Premier League,1819,2019-05-12 Crystal Palace-AFC Bournemouth,AFC Bournemouth,Mark Travers,False,Goalkeeper,1,start,end,1.0,0.0,0.0,0.0,0.0,0.0,0.0,5.0,4.0,0.0,0.0,0.0,0.0,0.0,
ENG-Premier League,1819,2019-05-12 Crystal Palace-AFC Bournemouth,Crystal Palace,Vicente Guaita,True,Goalkeeper,1,start,end,1.0,0.0,0.0,0.0,0.0,0.0,0.0,3.0,5.0,0.0,0.0,0.0,0.0,0.0,
ENG-Premier League,1819,2019-05-12 Fulham-Newcastle United,Fulham,Sergio Rico,True,Goalkeeper,1,start,end,1.0,0.0,0.0,0.0,0.0,0.0,0.0,4.0,2.0,0.0,0.0,0.0,0.0,0.0,
ENG-Premier League,1819,2019-05-12 Fulham-Newcastle United,Newcastle United,Martin Dúbravka,False,Goalkeeper,1,start,end,1.0,0.0,0.0,0.0,0.0,0.0,0.0,0.0,2.0,0.0,0.0,0.0,0.0,0.0,
ENG-Premier League,1819,2019-05-12 Leicester City-Chelsea,Chelsea,Wilfredo Caballero,False,Goalkeeper,1,start,end,1.0,0.0,0.0,0.0,0.0,0.0,0.0,0.0,3.0,0.0,0.0,0.0,0.0,0.0,
ENG-Premier League,1819,2019-05-12 Leicester City-Chelsea,Leicester City,Kasper Schmeichel,True,Goalkeeper,1,start,end,1.0,0.0,0.0,0.0,0.0,0.0,0.0,0.0,4.0,0.0,0.0,0.0,0.0,0.0,
ENG-Premier League,1819,2019-05-12 Liverpool-Wolverhampton Wanderers,Liverpool,Alisson Becker,True,Goalkeeper,1,start,end,1.0,0.0,0.0,0.0,0.0,0.0,0.0,0.0,2.0,0.0,0.0,0.0,0.0,0.0,
ENG-Premier League,1819,2019-05-12 Liverpool-Wolverhampton Wanderers,Wolverhampton Wanderers,Rui Patrício,False,Goalkeeper,1,start,end,1.0,0.0,0.0,0.0,0.0,0.0,0.0,2.0,3.0,0.0,0.0,0.0,0.0,0.0,
ENG-Premier League,1819,2019-05-12 Manchester United-Cardiff City,Cardiff City,Neil Etheridge,False,Goalkeeper,1,start,end,1.0,0.0,0.0,0.0,0.0,0.0,0.0,0.0,10.0,0.0,0.0,0.0,0.0,0.0,
ENG-Premier League,1819,2019-05-12 Manchester United-Cardiff City,Manchester United,David de Gea,True,Goalkeeper,1,start,end,1.0,0.0,0.0,0.0,0.0,0.0,0.0,2.0,2.0,0.0,0.0,0.0,0.0,0.0,
ENG-Premier League,1819,2019-05-12 Southampton-Huddersfield Town,Huddersfield Town,Joel Coleman,False,Goalkeeper,1,start,end,1.0,0.0,0.0,0.0,0.0,0.0,0.0,1.0,2.0,0.0,0.0,0.0,0.0,0.0,
ENG-Premier League,1819,2019-05-12 Southampton-Huddersfield Town,Southampton,Angus Gunn,True,Goalkeeper,1,start,end,1.0,0.0,0.0,0.0,0.0,0.0,0.0,1.0,2.0,0.0,0.0,0.0,0.0,0.0,
ENG-Premier League,1819,2019-05-12 Tottenham Hotspur-Everton,Everton,Jordan Pickford,False,Goalkeeper,1,start,end,1.0,0.0,0.0,0.0,0.0,0.0,0.0,2.0,1.0,0.0,0.0,0.0,0.0,0.0,
ENG-Premier League,1819,2019-05-12 Tottenham Hotspur-Everton,Tottenham Hotspur,Hugo Lloris,True,Goalkeeper,1,start,end,1.0,0.0,0.0,0.0,0.0,0.0,0.0,2.0,7.0,0.0,0.0,0.0,0.0,0.0,
ENG-Premier League,1819,2019-05-12 Watford-West Ham United,Watford,Ben Foster,True,Goalkeeper,1,start,end,1.0,0.0,0.0,0.0,0.0,0.0,0.0,4.0,5.0,0.0,0.0,0.0,0.0,0.0,
ENG-Premier League,1819,2019-05-12 Watford-West Ham United,West Ham United,Lukasz Fabianski,False,Goalkeeper,1,start,end,1.0,0.0,0.0,0.0,0.0,0.0,0.0,1.0,7.0,0.0,0.0,0.0,0.0,0.0,
