league,season,game,team,player,is_home,position,formation_place,sub_in,sub_out,appearances,fouls_committed,fouls_suffered,own_goals,red_cards,sub_ins,yellow_cards,goals_conceded,saves,shots_faced,goal_assists,shots_on_target,total_goals,total_shots,offsides
ESP-La Liga,2324,2023-06-04 Celta Vigo-Barcelona,Barcelona,Marc-André ter Stegen,False,Goalkeeper,1,start,63,1.0,0.0,0.0,0.0,0.0,0.0,0.0,1.0,6.0,8.0,0.0,0.0,0.0,0.0,
ESP-La Liga,2324,2023-06-04 Celta Vigo-Barcelona,Celta Vigo,Iván Villar,True,Goalkeeper,1,start,end,1.0,0.0,0.0,0.0,0.0,0.0,0.0,1.0,1.0,8.0,0.0,0.0,0.0,0.0,
ESP-La Liga,2324,2023-06-04 Elche-Cádiz,Cádiz,Jeremias Ledesma,False,Goalkeeper,1,start,end,1.0,0.0,0.0,0.0,0.0,0.0,0.0,1.0,4.0,12.0,0.0,0.0,0.0,0.0,
ESP-La Liga,2324,2023-06-04 Elche-Cádiz,Elche,Edgar Badía,True,Goalkeeper,1,start,end,1.0,0.0,0.0,0.0,0.0,0.0,0.0,1.0,2.0,13.0,0.0,0.0,0.0,0.0,
ESP-La Liga,2324,2023-06-04 Espanyol-Almería,Almería,Fernando Martínez,False,Goalkeeper,1,start,end,1.0,0.0,0.0,0.0,0.0,0.0,0.0,3.0,5.0,9.0,0.0,0.0,0.0,0.0,
ESP-La Liga,2324,2023-06-04 Espanyol-Almería,Espanyol,Joan García,True,Goalkeeper,1,start,end,1.0,0.0,0.0,0.0,0.0,0.0,0.0,3.0,1.0,8.0,0.0,0.0,0.0,0.0,
ESP-La Liga,2324,2023-06-04 Mallorca-Rayo Vallecano,Mallorca,Leo Román,True,Goalkeeper,1,start,end,1.0,0.0,0.0,0.0,0.0,0.0,0.0,0.0,4.0,21.0,0.0,0.0,0.0,0.0,
ESP-La Liga,2324,2023-06-04 Mallorca-Rayo Vallecano,Rayo Vallecano,Stole Dimitrievski,False,Goalkeeper,1,start,85,1.0,0.0,0.0,0.0,0.0,0.0,0.0,2.0,0.0,5.0,0.0,0.0,0.0,0.0,
ESP-La Liga,2324,2023-06-04 Osasuna-Girona,Girona,Paulo Gazzaniga,False,Goalkeeper,1,start,end,1.0,0.0,0.0,0.0,0.0,0.0,1.0,2.0,5.0,12.0,0.0,0.0,0.0,0.0,
ESP-La Liga,2324,2023-06-04 Osasuna-Girona,Osasuna,Aitor Fernández,True,Goalkeeper,1,start,end,1.0,0.0,0.0,0.0,0.0,0.0,0.0,1.0,5.0,10.0,0.0,0.0,0.0,0.0,
ESP-La Liga,2324,2023-06-04 Real Betis-Valencia,Real Betis,Claudio Bravo,True,Goalkeeper,1,start,end,1.0,0.0,0.0,0.0,0.0,0.0,0.0,1.0,2.0,9.0,0.0,0.0,0.0,0.0,
ESP-La Liga,2324,2023-06-04 Real Betis-Valencia,Valencia,Giorgi Mamardashvili,False,Goalkeeper,1,start,end,1.0,0.0,0.0,0.0,0.0,0.0,0.0,1.0,2.0,7.0,0.0,0.0,0.0,0.0,
ESP-La Liga,2324,2023-06-04 Real Madrid-Athletic Club,Athletic Club,Unai Simón,False,Goalkeeper,1,start,end,1.0,0.0,0.0,0.0,0.0,0.0,0.0,1.0,1.0,8.0,0.0,0.0,0.0,0.0,
ESP-La Liga,2324,2023-06-04 Real Madrid-Athletic Club,Real Madrid,Thibaut Courtois,True,Goalkeeper,1,start,end,1.0,0.0,1.0,0.0,0.0,0.0,0.0,1.0,7.0,13.0,0.0,0.0,0.0,0.0,
ESP-La Liga,2324,2023-06-04 Real Sociedad-Sevilla,Real Sociedad,Álex Remiro,True,Goalkeeper,1,start,end,1.0,0.0,0.0,0.0,0.0,0.0,0.0,1.0,3.0,8.0,0.0,0.0,0.0,0.0,
ESP-La Liga,2324,2023-06-04 Real Sociedad-Sevilla,Sevilla,Marko Dmitrovic,False,Goalkeeper,1,start,end,1.0,0.0,0.0,0.0,0.0,0.0,0.0,2.0,5.0,14.0,0.0,0.0,0.0,0.0,
ESP-La Liga,2324,2023-06-04 Real Valladolid-Getafe,Getafe,David Soria,False,Goalkeeper,1,start,end,1.0,0.0,0.0,0.0,0.0,0.0,0.0,0.0,1.0,15.0,0.0,0.0,0.0,0.0,
ESP-La Liga,2324,2023-06-04 Real Valladolid-Getafe,Real Valladolid,Jordi Masip,True,Goalkeeper,1,start,end,1.0,0.0,0.0,0.0,0.0,0.0,0.0,0.0,1.0,4.0,0.0,0.0,0.0,0.0,
ESP-La Liga,2324,2023-06-04 Villarreal-Atlético Madrid,Atlético Madrid,Ivo Grbic,False,Goalkeeper,1,start,85,1.0,0.0,0.0,0.0,0.0,0.0,0.0,1.0,5.0,19.0,0.0,0.0,0.0,0.0,
ESP-La Liga,2324,2023-06-04 Villarreal-Atlético Madrid,Villarreal,Filip Jørgensen,True,Goalkeeper,1,start,end,1.0,0.0,0.0,0.0,0.0,0.0,0.0,2.0,1.0,7.0,0.0,0.0,0.0,0.0,
ESP-La Liga,2324,2023-08-11 Almería-Rayo Vallecano,Almería,Diego Mariño,True,Goalkeeper,1,start,end,1.0,0.0,0.0,0.0,0.0,0.0,0.0,2.0,2.0,7.0,0.0,0.0,0.0,0.0,
ESP-La Liga,2324,2023-08-11 Almería-Rayo Vallecano,Rayo Vallecano,Stole Dimitrievski,False,Goalkeeper,1,start,end,1.0,0.0,0.0,0.0,0.0,0.0,0.0,0.0,6.0,19.0,0.0,0.0,0.0,0.0,
ESP-La Liga,2324,2023-08-11 Sevilla-Valencia,Sevilla,Yassine Bounou,True,Goalkeeper,1,start,end,1.0,0.0,0.0,0.0,0.0,0.0,0.0,2.0,1.0,8.0,0.0,0.0,0.0,0.0,
ESP-La Liga,2324,2023-08-11 Sevilla-Valencia,Valencia,Giorgi Mamardashvili,False,Goalkeeper,1,start,end,1.0,0.0,1.0,0.0,0.0,0.0,0.0,1.0,2.0,8.0,0.0,0.0,0.0,0.0,
ESP-La Liga,2324,2023-08-12 Athletic Club-Real Madrid,Athletic Club,Unai Simón,True,Goalkeeper,1,start,end,1.0,0.0,0.0,0.0,0.0,0.0,0.0,2.0,6.0,12.0,0.0,0.0,0.0,0.0,
ESP-La Liga,2324,2023-08-12 Athletic Club-Real Madrid,Real Madrid,Andriy Lunin,False,Goalkeeper,1,start,end,1.0,0.0,0.0,0.0,0.0,0.0,0.0,0.0,1.0,6.0,0.0,0.0,0.0,0.0,
ESP-La Liga,2324,2023-08-12 Las Palmas-Mallorca,Las Palmas,Álvaro Valles,True,Goalkeeper,1,start,end,1.0,0.0,0.0,0.0,0.0,0.0,0.0,1.0,1.0,7.0,0.0,0.0,0.0,0.0,
ESP-La Liga,2324,2023-08-12 Las Palmas-Mallorca,Mallorca,Predrag Rajkovic,False,Goalkeeper,1,start,end,1.0,0.0,0.0,0.0,0.0,0.0,0.0,1.0,1.0,4.0,0.0,0.0,0.0,0.0,
ESP-La Liga,2324,2023-08-12 Real Sociedad-Girona,Girona,Paulo Gazzaniga,False,Goalkeeper,1,start,end,1.0,0.0,0.0,0.0,0.0,0.0,1.0,1.0,1.0,14.0,0.0,0.0,0.0,0.0,
ESP-La Liga,2324,2023-08-12 Real Sociedad-Girona,Real Sociedad,Álex Remiro,True,Goalkeeper,1,start,end,1.0,0.0,0.0,0.0,0.0,0.0,0.0,1.0,0.0,5.0,0.0,0.0,0.0,0.0,
ESP-La Liga,2324,2023-08-13 Celta Vigo-Osasuna,Celta Vigo,Iván Villar,True,Goalkeeper,1,start,end,1.0,0.0,0.0,0.0,0.0,0.0,0.0,2.0,3.0,9.0,0.0,0.0,0.0,0.0,
ESP-La Liga,2324,2023-08-13 Celta Vigo-Osasuna,Osasuna,Sergio Herrera,False,Goalkeeper,1,start,end,1.0,0.0,0.0,0.0,0.0,0.0,0.0,0.0,0.0,11.0,0.0,0.0,0.0,0.0,
ESP-La Liga,2324,2023-08-13 Getafe-Barcelona,Barcelona,Marc-André ter Stegen,False,Goalkeeper,1,start,end,1.0,0.0,0.0,0.0,0.0,0.0,0.0,0.0,2.0,6.0,0.0,0.0,0.0,0.0,
ESP-La Liga,2324,2023-08-13 Getafe-Barcelona,Getafe,David Soria,True,Goalkeeper,1,start,end,1.0,0.0,0.0,0.0,0.0,0.0,0.0,0.0,3.0,14.0,0.0,0.0,0.0,0.0,
ESP-La Liga,2324,2023-08-13 Villarreal-Real Betis,Real Betis,Rui Silva,False,Goalkeeper,1,start,end,1.0,0.0,1.0,0.0,0.0,0.0,0.0,1.0,5.0,17.0,0.0,0.0,0.0,0.0,
ESP-La Liga,2324,2023-08-13 Villarreal-Real Betis,Villarreal,Filip Jørgensen,True,Goalkeeper,1,start,end,1.0,0.0,0.0,0.0,0.0,0.0,0.0,2.0,3.0,10.0,0.0,0.0,0.0,0.0,
ESP-La Liga,2324,2023-08-14 Atlético Madrid-Granada,Atlético Madrid,Jan Oblak,True,Goalkeeper,1,start,end,1.0,0.0,0.0,0.0,0.0,0.0,0.0,1.0,3.0,6.0,0.0,0.0,0.0,0.0,
ESP-La Liga,2324,2023-08-14 Atlético Madrid-Granada,Granada,André Ferreira,False,Goalkeeper,1,start,end,1.0,0.0,0.0,0.0,0.0,0.0,0.0,3.0,3.0,11.0,0.0,0.0,0.0,0.0,
ESP-La Liga,2324,2023-08-14 Cádiz-Alavés,Alavés,Antonio Sivera,False,Goalkeeper,1,start,end,1.0,0.0,1.0,0.0,0.0,0.0,0.0,1.0,2.0,10.0,0.0,0.0,0.0,0.0,
ESP-La Liga,2324,2023-08-14 Cádiz-Alavés,Cádiz,Jeremias Ledesma,True,Goalkeeper,1,start,end,1.0,0.0,0.0,0.0,0.0,0.0,0.0,0.0,3.0,11.0,0.0,0.0,0.0,0.0,
ESP-La Liga,2324,2023-08-18 Mallorca-Villarreal,Mallorca,Predrag Rajkovic,True,Goalkeeper,1,start,end,1.0,0.0,1.0,0.0,0.0,0.0,0.0,1.0,4.0,14.0,0.0,0.0,0.0,0.0,
ESP-La Liga,2324,2023-08-18 Mallorca-Villarreal,Villarreal,Filip Jørgensen,False,Goalkeeper,1,start,end,1.0,0.0,1.0,0.0,0.0,0.0,0.0,0.0,1.0,7.0,0.0,0.0,0.0,0.0,
ESP-La Liga,2324,2023-08-18 Valencia-Las Palmas,Las Palmas,Álvaro Valles,False,Goalkeeper,1,start,end,1.0,0.0,0.0,0.0,0.0,0.0,0.0,1.0,4.0,8.0,0.0,0.0,0.0,0.0,
ESP-La Liga,2324,2023-08-18 Valencia-Las Palmas,Valencia,Giorgi Mamardashvili,True,Goalkeeper,1,start,end,1.0,0.0,0.0,0.0,0.0,0.0,0.0,0.0,1.0,7.0,0.0,0.0,0.0,0.0,
ESP-La Liga,2324,2023-08-19 Almería-Real Madrid,Almería,Luís Maximiano,True,Goalkeeper,1,start,end,1.0,0.0,0.0,0.0,0.0,0.0,0.0,3.0,6.0,22.0,0.0,0.0,0.0,0.0,
ESP-La Liga,2324,2023-08-19 Almería-Real Madrid,Real Madrid,Andriy Lunin,False,Goalkeeper,1,start,end,1.0,0.0,0.0,0.0,0.0,0.0,0.0,1.0,7.0,19.0,0.0,0.0,0.0,0.0,
ESP-La Liga,2324,2023-08-19 Osasuna-Athletic Club,Athletic Club,Unai Simón,False,Goalkeeper,1,start,end,1.0,0.0,0.0,0.0,0.0,0.0,1.0,0.0,7.0,18.0,0.0,0.0,0.0,0.0,
ESP-La Liga,2324,2023-08-19 Osasuna-Athletic Club,Osasuna,Aitor Fernández,True,Goalkeeper,1,start,end,1.0,0.0,0.0,0.0,0.0,0.0,0.0,2.0,0.0,7.0,0.0,0.0,0.0,0.0,
ESP-La Liga,2324,2023-08-19 Real Sociedad-Celta Vigo,Celta Vigo,Iván Villar,False,Goalkeeper,1,start,end,1.0,0.0,0.0,0.0,0.0,0.0,0.0,1.0,1.0,10.0,0.0,0.0,0.0,0.0,
ESP-La Liga,2324,2023-08-19 Real Sociedad-Celta Vigo,Real Sociedad,Álex Remiro,True,Goalkeeper,1,start,end,1.0,0.0,0.0,0.0,0.0,0.0,0.0,1.0,6.0,16.0,0.0,0.0,0.0,0.0,
ESP-La Liga,2324,2023-08-20 Barcelona-Cádiz,Barcelona,Marc-André ter Stegen,True,Goalkeeper,1,start,end,1.0,0.0,0.0,0.0,0.0,0.0,1.0,0.0,1.0,10.0,0.0,0.0,0.0,0.0,
ESP-La Liga,2324,2023-08-20 Barcelona-Cádiz,Cádiz,Jeremias Ledesma,False,Goalkeeper,1,start,end,1.0,0.0,0.0,0.0,0.0,0.0,0.0,2.0,8.0,21.0,0.0,0.0,0.0,0.0,
ESP-La Liga,2324,2023-08-20 Girona-Getafe,Getafe,David Soria,False,Goalkeeper,1,start,end,1.0,0.0,1.0,0.0,0.0,0.0,0.0,3.0,3.0,4.0,0.0,0.0,0.0,0.0,
ESP-La Liga,2324,2023-08-20 Girona-Getafe,Girona,Paulo Gazzaniga,True,Goalkeeper,1,start,end,1.0,0.0,1.0,0.0,0.0,0.0,1.0,0.0,2.0,10.0,0.0,0.0,0.0,0.0,
ESP-La Liga,2324,2023-08-20 Real Betis-Atlético Madrid,Atlético Madrid,Jan Oblak,False,Goalkeeper,1,start,end,1.0,0.0,0.0,0.0,0.0,0.0,0.0,0.0,0.0,14.0,0.0,0.0,0.0,0.0,
ESP-La Liga,2324,2023-08-20 Real Betis-Atlético Madrid,Real Betis,Rui Silva,True,Goalkeeper,1,start,end,1.0,0.0,1.0,0.0,0.0,0.0,0.0,0.0,1.0,6.0,0.0,0.0,0.0,0.0,
ESP-La Liga,2324,2023-08-21 Alavés-Sevilla,Alavés,Antonio Sivera,True,Goalkeeper,1,start,end,1.0,0.0,0.0,0.0,0.0,0.0,0.0,2.0,0.0,10.0,0.0,0.0,0.0,0.0,
ESP-La Liga,2324,2023-08-21 Alavés-Sevilla,Sevilla,Marko Dmitrovic,False,Goalkeeper,1,start,end,1.0,0.0,0.0,0.0,0.0,0.0,0.0,4.0,3.0,10.0,0.0,0.0,0.0,0.0,
ESP-La Liga,2324,2023-08-21 Granada-Rayo Vallecano,Granada,André Ferreira,True,Goalkeeper,1,start,end,1.0,0.0,0.0,0.0,0.0,0.0,0.0,2.0,7.0,16.0,0.0,0.0,0.0,0.0,
ESP-La Liga,2324,2023-08-21 Granada-Rayo Vallecano,Rayo Vallecano,Stole Dimitrievski,False,Goalkeeper,1,start,end,1.0,0.0,1.0,0.0,0.0,0.0,0.0,0.0,7.0,14.0,0.0,0.0,0.0,0.0,
ESP-La Liga,2324,2023-08-25 Celta Vigo-Real Madrid,Celta Vigo,Iván Villar,True,Goalkeeper,1,start,end,1.0,1.0,0.0,0.0,0.0,0.0,0.0,1.0,1.0,9.0,0.0,0.0,0.0,0.0,
ESP-La Liga,2324,2023-08-25 Celta Vigo-Real Madrid,Real Madrid,Kepa Arrizabalaga,False,Goalkeeper,1,start,end,1.0,0.0,2.0,0.0,0.0,0.0,0.0,0.0,4.0,13.0,0.0,0.0,0.0,0.0,
ESP-La Liga,2324,2023-08-25 Las Palmas-Real Sociedad,Las Palmas,Álvaro Valles,True,Goalkeeper,1,start,end,1.0,0.0,0.0,0.0,0.0,0.0,0.0,0.0,1.0,9.0,0.0,0.0,0.0,0.0,
ESP-La Liga,2324,2023-08-25 Las Palmas-Real Sociedad,Real Sociedad,Álex Remiro,False,Goalkeeper,1,start,end,1.0,0.0,0.0,0.0,0.0,0.0,0.0,0.0,5.0,10.0,0.0,0.0,0.0,0.0,
ESP-La Liga,2324,2023-08-26 Cádiz-Almería,Almería,Luís Maximiano,False,Goalkeeper,1,start,end,1.0,0.0,1.0,0.0,0.0,0.0,0.0,1.0,2.0,11.0,0.0,0.0,0.0,0.0,
ESP-La Liga,2324,2023-08-26 Cádiz-Almería,Cádiz,Jeremias Ledesma,True,Goalkeeper,1,start,end,1.0,0.0,0.0,0.0,0.0,0.0,0.0,1.0,1.0,4.0,0.0,0.0,0.0,0.0,
ESP-La Liga,2324,2023-08-26 Granada-Mallorca,Granada,Raúl Fernández,True,Goalkeeper,1,start,end,1.0,0.0,0.0,0.0,0.0,0.0,0.0,2.0,3.0,7.0,0.0,0.0,0.0,0.0,
ESP-La Liga,2324,2023-08-26 Granada-Mallorca,Mallorca,Predrag Rajkovic,False,Goalkeeper,1,start,end,1.0,0.0,0.0,0.0,0.0,0.0,1.0,3.0,1.0,6.0,0.0,0.0,0.0,0.0,
ESP-La Liga,2324,2023-08-26 Sevilla-Girona,Girona,Paulo Gazzaniga,False,Goalkeeper,1,start,end,1.0,0.0,0.0,0.0,0.0,0.0,0.0,1.0,4.0,20.0,0.0,0.0,0.0,0.0,
ESP-La Liga,2324,2023-08-26 Sevilla-Girona,Sevilla,Marko Dmitrovic,True,Goalkeeper,1,start,end,1.0,0.0,0.0,0.0,0.0,0.0,0.0,2.0,1.0,6.0,0.0,0.0,0.0,0.0,
ESP-La Liga,2324,2023-08-27 Athletic Club-Real Betis,Athletic Club,Unai Simón,True,Goalkeeper,1,start,end,1.0,0.0,0.0,0.0,0.0,0.0,0.0,2.0,3.0,7.0,0.0,0.0,0.0,0.0,
ESP-La Liga,2324,2023-08-27 Athletic Club-Real Betis,Real Betis,Rui Silva,False,Goalkeeper,1,start,end,1.0,1.0,0.0,0.0,0.0,0.0,0.0,4.0,2.0,9.0,0.0,0.0,0.0,0.0,
ESP-La Liga,2324,2023-08-27 Valencia-Osasuna,Osasuna,Sergio Herrera,False,Goalkeeper,1,start,end,1.0,0.0,1.0,0.0,0.0,0.0,0.0,1.0,3.0,15.0,0.0,0.0,0.0,0.0,
ESP-La Liga,2324,2023-08-27 Valencia-Osasuna,Valencia,Giorgi Mamardashvili,True,Goalkeeper,1,start,end,1.0,0.0,0.0,0.0,0.0,0.0,0.0,2.0,0.0,6.0,0.0,0.0,0.0,0.0,
ESP-La Liga,2324,2023-08-27 Villarreal-Barcelona,Barcelona,Marc-André ter Stegen,False,Goalkeeper,1,start,end,1.0,0.0,0.0,0.0,0.0,0.0,0.0,3.0,3.0,10.0,0.0,0.0,0.0,0.0,
ESP-La Liga,2324,2023-08-27 Villarreal-Barcelona,Villarreal,Filip Jørgensen,True,Goalkeeper,1,start,end,1.0,0.0,0.0,0.0,0.0,0.0,0.0,4.0,7.0,16.0,0.0,0.0,0.0,0.0,
ESP-La Liga,2324,2023-08-28 Getafe-Alavés,Alavés,Antonio Sivera,False,Goalkeeper,1,start,end,1.0,0.0,0.0,0.0,0.0,0.0,0.0,1.0,3.0,14.0,0.0,0.0,0.0,0.0,
ESP-La Liga,2324,2023-08-28 Getafe-Alavés,Getafe,David Soria,True,Goalkeeper,1,start,end,1.0,0.0,0.0,0.0,0.0,0.0,0.0,0.0,1.0,16.0,0.0,0.0,0.0,0.0,
ESP-La Liga,2324,2023-08-28 Rayo Vallecano-Atlético Madrid,Atlético Madrid,Jan Oblak,False,Goalkeeper,1,start,end,1.0,0.0,0.0,0.0,0.0,0.0,0.0,0.0,3.0,12.0,0.0,0.0,0.0,0.0,
ESP-La Liga,2324,2023-08-28 Rayo Vallecano-Atlético Madrid,Rayo Vallecano,Stole Dimitrievski,True,Goalkeeper,1,start,end,1.0,0.0,0.0,0.0,0.0,0.0,0.0,7.0,3.0,9.0,0.0,0.0,0.0,0.0,
ESP-La Liga,2324,2023-09-01 Almería-Celta Vigo,Almería,Luís Maximiano,True,Goalkeeper,1,start,end,1.0,0.0,0.0,0.0,0.0,0.0,0.0,3.0,4.0,11.0,0.0,0.0,0.0,0.0,
ESP-La Liga,2324,2023-09-01 Almería-Celta Vigo,Celta Vigo,Iván Villar,False,Goalkeeper,1,start,end,1.0,0.0,0.0,0.0,0.0,0.0,0.0,2.0,4.0,14.0,0.0,0.0,0.0,0.0,
ESP-La Liga,2324,2023-09-01 Cádiz-Villarreal,Cádiz,Jeremias Ledesma,True,Goalkeeper,1,start,end,1.0,0.0,0.0,0.0,0.0,0.0,0.0,1.0,2.0,7.0,0.0,0.0,0.0,0.0,
ESP-La Liga,2324,2023-09-01 Cádiz-Villarreal,Villarreal,Filip Jørgensen,False,Goalkeeper,1,start,end,1.0,1.0,1.0,0.0,0.0,0.0,0.0,3.0,1.0,15.0,0.0,0.0,0.0,0.0,
ESP-La Liga,2324,2023-09-02 Alavés-Valencia,Alavés,Antonio Sivera,True,Goalkeeper,1,start,end,1.0,0.0,0.0,0.0,0.0,0.0,0.0,0.0,4.0,10.0,0.0,0.0,0.0,0.0,
ESP-La Liga,2324,2023-09-02 Alavés-Valencia,Valencia,Giorgi Mamardashvili,False,Goalkeeper,1,start,end,1.0,1.0,0.0,0.0,0.0,0.0,0.0,0.0,0.0,6.0,0.0,0.0,0.0,0.0,
ESP-La Liga,2324,2023-09-02 Real Betis-Rayo Vallecano,Rayo Vallecano,Stole Dimitrievski,False,Goalkeeper,1,start,end,1.0,0.0,0.0,0.0,0.0,0.0,0.0,1.0,5.0,13.0,0.0,0.0,0.0,0.0,
ESP-La Liga,2324,2023-09-02 Real Betis-Rayo Vallecano,Real Betis,Rui Silva,True,Goalkeeper,1,start,end,1.0,0.0,1.0,0.0,0.0,0.0,0.0,0.0,6.0,14.0,0.0,0.0,0.0,0.0,
ESP-La Liga,2324,2023-09-02 Real Madrid-Getafe,Getafe,David Soria,False,Goalkeeper,1,start,end,1.0,0.0,0.0,0.0,0.0,0.0,1.0,2.0,10.0,23.0,0.0,0.0,0.0,0.0,
ESP-La Liga,2324,2023-09-02 Real Madrid-Getafe,Real Madrid,Kepa Arrizabalaga,True,Goalkeeper,1,start,end,1.0,0.0,0.0,0.0,0.0,0.0,0.0,1.0,1.0,5.0,0.0,0.0,0.0,0.0,
ESP-La Liga,2324,2023-09-02 Real Sociedad-Granada,Granada,Raúl Fernández,False,Goalkeeper,1,start,end,1.0,0.0,0.0,0.0,0.0,0.0,0.0,4.0,2.0,11.0,0.0,0.0,0.0,0.0,
ESP-La Liga,2324,2023-09-02 Real Sociedad-Granada,Real Sociedad,Álex Remiro,True,Goalkeeper,1,start,end,1.0,0.0,0.0,0.0,0.0,0.0,0.0,2.0,3.0,6.0,0.0,0.0,0.0,0.0,
ESP-La Liga,2324,2023-09-03 Girona-Las Palmas,Girona,Paulo Gazzaniga,True,Goalkeeper,1,start,end,1.0,0.0,0.0,0.0,0.0,0.0,0.0,0.0,5.0,10.0,0.0,0.0,0.0,0.0,
ESP-La Liga,2324,2023-09-03 Girona-Las Palmas,Las Palmas,Álvaro Valles,False,Goalkeeper,1,start,end,1.0,0.0,1.0,0.0,0.0,0.0,0.0,1.0,5.0,10.0,0.0,0.0,0.0,0.0,
ESP-La Liga,2324,2023-09-03 Mallorca-Athletic Club,Athletic Club,Unai Simón,False,Goalkeeper,1,start,end,1.0,0.0,1.0,0.0,0.0,0.0,0.0,0.0,1.0,9.0,0.0,0.0,0.0,0.0,
ESP-La Liga,2324,2023-09-03 Mallorca-Athletic Club,Mallorca,Predrag Rajkovic,True,Goalkeeper,1,start,end,1.0,0.0,0.0,0.0,0.0,0.0,0.0,0.0,3.0,9.0,0.0,0.0,0.0,0.0,
ESP-La Liga,2324,2023-09-03 Osasuna-Barcelona,Barcelona,Marc-André ter Stegen,False,Goalkeeper,1,start,end,1.0,0.0,0.0,0.0,0.0,0.0,0.0,1.0,2.0,11.0,0.0,0.0,0.0,0.0,
ESP-La Liga,2324,2023-09-03 Osasuna-Barcelona,Osasuna,Aitor Fernández,True,Goalkeeper,1,start,end,1.0,0.0,0.0,0.0,0.0,0.0,0.0,2.0,2.0,7.0,0.0,0.0,0.0,0.0,
ESP-La Liga,2324,2023-09-15 Rayo Vallecano-Alavés,Alavés,Antonio Sivera,False,Goalkeeper,1,start,end,1.0,0.0,0.0,0.0,0.0,0.0,0.0,2.0,9.0,16.0,0.0,0.0,0.0,0.0,
ESP-La Liga,2324,2023-09-15 Rayo Vallecano-Alavés,Rayo Vallecano,Stole Dimitrievski,True,Goalkeeper,1,start,end,1.0,0.0,0.0,0.0,0.0,0.0,0.0,0.0,1.0,10.0,0.0,0.0,0.0,0.0,
ESP-La Liga,2324,2023-09-16 Athletic Club-Cádiz,Athletic Club,Unai Simón,True,Goalkeeper,1,start,end,1.0,0.0,0.0,0.0,0.0,0.0,0.0,0.0,4.0,5.0,0.0,0.0,0.0,0.0,
ESP-La Liga,2324,2023-09-16 Athletic Club-Cádiz,Cádiz,Jeremias Ledesma,False,Goalkeeper,1,start,end,1.0,0.0,0.0,0.0,0.0,0.0,0.0,3.0,6.0,18.0,0.0,0.0,0.0,0.0,
ESP-La Liga,2324,2023-09-16 Barcelona-Real Betis,Barcelona,Marc-André ter Stegen,True,Goalkeeper,1,start,end,1.0,0.0,0.0,0.0,0.0,0.0,0.0,0.0,2.0,11.0,0.0,0.0,0.0,0.0,
ESP-La Liga,2324,2023-09-16 Barcelona-Real Betis,Real Betis,Rui Silva,False,Goalkeeper,1,start,45,1.0,0.0,0.0,0.0,0.0,0.0,0.0,2.0,1.0,3.0,0.0,0.0,0.0,0.0,
ESP-La Liga,2324,2023-09-16 Celta Vigo-Mallorca,Celta Vigo,Iván Villar,True,Goalkeeper,1,start,end,1.0,0.0,0.0,0.0,0.0,0.0,0.0,1.0,2.0,5.0,0.0,0.0,0.0,0.0,
ESP-La Liga,2324,2023-09-16 Celta Vigo-Mallorca,Mallorca,Predrag Rajkovic,False,Goalkeeper,1,start,end,1.0,0.0,0.0,0.0,0.0,0.0,0.0,0.0,4.0,16.0,0.0,0.0,0.0,0.0,
ESP-La Liga,2324,2023-09-16 Valencia-Atlético Madrid,Atlético Madrid,Jan Oblak,False,Goalkeeper,1,start,end,1.0,0.0,0.0,0.0,0.0,0.0,0.0,3.0,5.0,9.0,0.0,0.0,0.0,0.0,
ESP-La Liga,2324,2023-09-16 Valencia-Atlético Madrid,Valencia,Giorgi Mamardashvili,True,Goalkeeper,1,start,end,1.0,0.0,0.0,0.0,0.0,0.0,1.0,0.0,4.0,11.0,0.0,0.0,0.0,0.0,
ESP-La Liga,2324,2023-09-17 Getafe-Osasuna,Getafe,David Soria,True,Goalkeeper,1,start,end,1.0,1.0,0.0,0.0,0.0,0.0,1.0,2.0,1.0,7.0,0.0,0.0,0.0,0.0,
ESP-La Liga,2324,2023-09-17 Getafe-Osasuna,Osasuna,Sergio Herrera,False,Goalkeeper,1,start,end,1.0,0.0,0.0,0.0,0.0,0.0,0.0,3.0,3.0,8.0,0.0,0.0,0.0,0.0,
ESP-La Liga,2324,2023-09-17 Real Madrid-Real Sociedad,Real Madrid,Kepa Arrizabalaga,True,Goalkeeper,1,start,end,1.0,0.0,0.0,0.0,0.0,0.0,0.0,1.0,4.0,14.0,0.0,0.0,0.0,0.0,
ESP-La Liga,2324,2023-09-17 Real Madrid-Real Sociedad,Real Sociedad,Álex Remiro,False,Goalkeeper,1,start,end,1.0,0.0,0.0,0.0,0.0,0.0,0.0,2.0,6.0,15.0,0.0,0.0,0.0,0.0,
ESP-La Liga,2324,2023-09-17 Sevilla-Las Palmas,Las Palmas,Álvaro Valles,False,Goalkeeper,1,start,end,1.0,0.0,0.0,0.0,0.0,0.0,0.0,1.0,8.0,25.0,0.0,0.0,0.0,0.0,
ESP-La Liga,2324,2023-09-17 Sevilla-Las Palmas,Sevilla,Marko Dmitrovic,True,Goalkeeper,1,start,end,1.0,0.0,0.0,0.0,0.0,0.0,0.0,0.0,2.0,14.0,0.0,0.0,0.0,0.0,
ESP-La Liga,2324,2023-09-17 Villarreal-Almería,Almería,Luís Maximiano,False,Goalkeeper,1,start,end,1.0,0.0,0.0,0.0,0.0,0.0,0.0,2.0,2.0,9.0,0.0,0.0,0.0,0.0,
ESP-La Liga,2324,2023-09-17 Villarreal-Almería,Villarreal,Filip Jørgensen,True,Goalkeeper,1,start,end,1.0,0.0,0.0,0.0,0.0,0.0,0.0,1.0,6.0,16.0,0.0,0.0,0.0,0.0,
ESP-La Liga,2324,2023-09-18 Granada-Girona,Girona,Paulo Gazzaniga,False,Goalkeeper,1,start,end,1.0,0.0,0.0,0.0,0.0,0.0,0.0,2.0,3.0,10.0,0.0,0.0,0.0,0.0,
ESP-La Liga,2324,2023-09-18 Granada-Girona,Granada,Raúl Fernández,True,Goalkeeper,1,start,end,1.0,0.0,0.0,0.0,0.0,0.0,0.0,4.0,3.0,9.0,0.0,0.0,0.0,0.0,
ESP-La Liga,2324,2023-09-22 Alavés-Athletic Club,Alavés,Antonio Sivera,True,Goalkeeper,1,start,end,1.0,0.0,0.0,0.0,0.0,0.0,0.0,2.0,1.0,9.0,0.0,0.0,0.0,0.0,
ESP-La Liga,2324,2023-09-22 Alavés-Athletic Club,Athletic Club,Unai Simón,False,Goalkeeper,1,start,end,1.0,0.0,0.0,0.0,0.0,0.0,0.0,0.0,5.0,13.0,0.0,0.0,0.0,0.0,
ESP-La Liga,2324,2023-09-23 Almería-Valencia,Almería,Luís Maximiano,True,Goalkeeper,1,start,end,1.0,0.0,0.0,0.0,0.0,0.0,0.0,2.0,3.0,5.0,0.0,0.0,0.0,0.0,
ESP-La Liga,2324,2023-09-23 Almería-Valencia,Valencia,Giorgi Mamardashvili,False,Goalkeeper,1,start,end,1.0,0.0,0.0,0.0,0.0,0.0,0.0,2.0,8.0,15.0,0.0,0.0,0.0,0.0,
ESP-La Liga,2324,2023-09-23 Barcelona-Celta Vigo,Barcelona,Marc-André ter Stegen,True,Goalkeeper,1,start,end,1.0,0.0,0.0,0.0,0.0,0.0,0.0,2.0,5.0,11.0,0.0,0.0,0.0,0.0,
ESP-La Liga,2324,2023-09-23 Barcelona-Celta Vigo,Celta Vigo,Iván Villar,False,Goalkeeper,1,start,end,1.0,0.0,1.0,0.0,0.0,0.0,0.0,3.0,3.0,12.0,0.0,0.0,0.0,0.0,
ESP-La Liga,2324,2023-09-23 Girona-Mallorca,Girona,Paulo Gazzaniga,True,Goalkeeper,1,start,end,1.0,0.0,0.0,0.0,0.0,0.0,0.0,3.0,2.0,12.0,0.0,0.0,0.0,0.0,
ESP-La Liga,2324,2023-09-23 Girona-Mallorca,Mallorca,Predrag Rajkovic,False,Goalkeeper,1,start,end,1.0,0.0,0.0,0.0,0.0,0.0,0.0,5.0,4.0,18.0,0.0,0.0,0.0,0.0,
ESP-La Liga,2324,2023-09-23 Osasuna-Sevilla,Osasuna,Sergio Herrera,True,Goalkeeper,1,start,end,1.0,0.0,0.0,0.0,0.0,0.0,0.0,0.0,3.0,14.0,0.0,0.0,0.0,0.0,
ESP-La Liga,2324,2023-09-23 Osasuna-Sevilla,Sevilla,Ørjan Nyland,False,Goalkeeper,1,start,end,1.0,0.0,0.0,0.0,0.0,0.0,0.0,0.0,2.0,16.0,0.0,0.0,0.0,0.0,
ESP-La Liga,2324,2023-09-24 Atlético Madrid-Real Madrid,Atlético Madrid,Jan Oblak,True,Goalkeeper,1,start,end,1.0,0.0,0.0,0.0,0.0,0.0,0.0,1.0,4.0,18.0,0.0,0.0,0.0,0.0,
ESP-La Liga,2324,2023-09-24 Atlético Madrid-Real Madrid,Real Madrid,Kepa Arrizabalaga,False,Goalkeeper,1,start,end,1.0,0.0,0.0,0.0,0.0,0.0,0.0,3.0,1.0,7.0,0.0,0.0,0.0,0.0,
ESP-La Liga,2324,2023-09-24 Las Palmas-Granada,Granada,André Ferreira,False,Goalkeeper,1,start,end,1.0,0.0,0.0,0.0,0.0,0.0,0.0,1.0,2.0,9.0,0.0,0.0,0.0,0.0,
ESP-La Liga,2324,2023-09-24 Las Palmas-Granada,Las Palmas,Álvaro Valles,True,Goalkeeper,1,start,end,1.0,0.0,0.0,0.0,0.0,0.0,0.0,0.0,1.0,2.0,0.0,0.0,0.0,0.0,
ESP-La Liga,2324,2023-09-24 Rayo Vallecano-Villarreal,Rayo Vallecano,Stole Dimitrievski,True,Goalkeeper,1,start,end,1.0,0.0,0.0,0.0,0.0,0.0,0.0,1.0,5.0,13.0,0.0,0.0,0.0,0.0,
ESP-La Liga,2324,2023-09-24 Rayo Vallecano-Villarreal,Villarreal,Filip Jørgensen,False,Goalkeeper,1,start,end,1.0,0.0,0.0,0.0,0.0,0.0,0.0,1.0,5.0,10.0,0.0,0.0,0.0,0.0,
ESP-La Liga,2324,2023-09-24 Real Betis-Cádiz,Cádiz,Jeremias Ledesma,False,Goalkeeper,1,start,end,1.0,0.0,0.0,0.0,0.0,0.0,0.0,1.0,6.0,20.0,0.0,0.0,0.0,0.0,
ESP-La Liga,2324,2023-09-24 Real Betis-Cádiz,Real Betis,Claudio Bravo,True,Goalkeeper,1,start,end,1.0,0.0,0.0,0.0,0.0,0.0,0.0,1.0,0.0,4.0,0.0,0.0,0.0,0.0,
ESP-La Liga,2324,2023-09-24 Real Sociedad-Getafe,Getafe,David Soria,False,Goalkeeper,1,start,end,1.0,0.0,0.0,0.0,0.0,0.0,0.0,4.0,2.0,6.0,0.0,0.0,0.0,0.0,
ESP-La Liga,2324,2023-09-24 Real Sociedad-Getafe,Real Sociedad,Álex Remiro,True,Goalkeeper,1,start,end,1.0,0.0,0.0,0.0,0.0,0.0,1.0,3.0,4.0,7.0,0.0,0.0,0.0,0.0,
ESP-La Liga,2324,2023-09-26 Mallorca-Barcelona,Barcelona,Marc-André ter Stegen,False,Goalkeeper,1,start,end,1.0,0.0,0.0,0.0,0.0,0.0,0.0,2.0,2.0,5.0,0.0,0.0,0.0,0.0,
ESP-La Liga,2324,2023-09-26 Mallorca-Barcelona,Mallorca,Predrag Rajkovic,True,Goalkeeper,1,start,end,1.0,0.0,0.0,0.0,0.0,0.0,0.0,2.0,2.0,8.0,0.0,0.0,0.0,0.0,
ESP-La Liga,2324,2023-09-26 Sevilla-Almería,Almería,Luís Maximiano,False,Goalkeeper,1,start,end,1.0,0.0,0.0,0.0,0.0,0.0,0.0,5.0,4.0,12.0,0.0,0.0,0.0,0.0,
ESP-La Liga,2324,2023-09-26 Sevilla-Almería,Sevilla,Ørjan Nyland,True,Goalkeeper,1,start,end,1.0,0.0,0.0,0.0,0.0,0.0,0.0,1.0,0.0,9.0,0.0,0.0,0.0,0.0,
ESP-La Liga,2324,2023-09-27 Athletic Club-Getafe,Athletic Club,Unai Simón,True,Goalkeeper,1,start,end,1.0,0.0,0.0,0.0,0.0,0.0,0.0,2.0,4.0,12.0,0.0,0.0,0.0,0.0,
ESP-La Liga,2324,2023-09-27 Athletic Club-Getafe,Getafe,David Soria,False,Goalkeeper,1,start,end,1.0,0.0,0.0,0.0,0.0,0.0,0.0,2.0,2.0,7.0,0.0,0.0,0.0,0.0,
ESP-La Liga,2324,2023-09-27 Cádiz-Rayo Vallecano,Cádiz,Jeremias Ledesma,True,Goalkeeper,1,start,end,1.0,0.0,0.0,0.0,0.0,0.0,0.0,0.0,4.0,9.0,0.0,0.0,0.0,0.0,
ESP-La Liga,2324,2023-09-27 Cádiz-Rayo Vallecano,Rayo Vallecano,Stole Dimitrievski,False,Goalkeeper,1,start,end,1.0,0.0,0.0,0.0,0.0,0.0,0.0,0.0,2.0,9.0,0.0,0.0,0.0,0.0,
ESP-La Liga,2324,2023-09-27 Real Madrid-Las Palmas,Las Palmas,Álvaro Valles,False,Goalkeeper,1,start,end,1.0,0.0,0.0,0.0,0.0,0.0,0.0,2.0,7.0,18.0,0.0,0.0,0.0,0.0,
ESP-La Liga,2324,2023-09-27 Real Madrid-Las Palmas,Real Madrid,Kepa Arrizabalaga,True,Goalkeeper,1,start,end,1.0,0.0,0.0,0.0,0.0,0.0,0.0,0.0,2.0,16.0,0.0,0.0,0.0,0.0,
ESP-La Liga,2324,2023-09-27 Valencia-Real Sociedad,Real Sociedad,Álex Remiro,False,Goalkeeper,1,start,end,1.0,0.0,1.0,0.0,0.0,0.0,0.0,0.0,2.0,7.0,0.0,0.0,0.0,0.0,
ESP-La Liga,2324,2023-09-27 Valencia-Real Sociedad,Valencia,Giorgi Mamardashvili,True,Goalkeeper,1,start,end,1.0,0.0,0.0,0.0,0.0,0.0,0.0,1.0,0.0,1.0,0.0,0.0,0.0,0.0,
ESP-La Liga,2324,2023-09-27 Villarreal-Girona,Girona,Paulo Gazzaniga,False,Goalkeeper,1,start,end,1.0,0.0,0.0,0.0,0.0,0.0,0.0,1.0,2.0,13.0,0.0,0.0,0.0,0.0,
ESP-La Liga,2324,2023-09-27 Villarreal-Girona,Villarreal,Filip Jørgensen,True,Goalkeeper,1,start,end,1.0,0.0,1.0,0.0,0.0,0.0,0.0,2.0,3.0,15.0,0.0,0.0,0.0,0.0,
ESP-La Liga,2324,2023-09-28 Celta Vigo-Alavés,Alavés,Antonio Sivera,False,Goalkeeper,1,start,end,1.0,0.0,0.0,0.0,0.0,0.0,0.0,0.0,0.0,7.0,0.0,0.0,0.0,0.0,
ESP-La Liga,2324,2023-09-28 Celta Vigo-Alavés,Celta Vigo,Iván Villar,True,Goalkeeper,1,start,end,1.0,0.0,0.0,0.0,0.0,0.0,0.0,1.0,8.0,20.0,0.0,0.0,0.0,0.0,
ESP-La Liga,2324,2023-09-28 Granada-Real Betis,Granada,André Ferreira,True,Goalkeeper,1,start,end,1.0,0.0,0.0,0.0,0.0,0.0,0.0,1.0,2.0,12.0,0.0,0.0,0.0,0.0,
ESP-La Liga,2324,2023-09-28 Granada-Real Betis,Real Betis,Claudio Bravo,False,Goalkeeper,1,start,end,1.0,0.0,0.0,0.0,0.0,0.0,0.0,1.0,6.0,18.0,0.0,0.0,0.0,0.0,
ESP-La Liga,2324,2023-09-28 Osasuna-Atlético Madrid,Atlético Madrid,Jan Oblak,False,Goalkeeper,1,start,end,1.0,0.0,1.0,0.0,0.0,0.0,0.0,0.0,2.0,13.0,0.0,0.0,0.0,0.0,
ESP-La Liga,2324,2023-09-28 Osasuna-Atlético Madrid,Osasuna,Aitor Fernández,True,Goalkeeper,1,start,end,1.0,0.0,0.0,0.0,0.0,0.0,1.0,2.0,1.0,3.0,0.0,0.0,0.0,0.0,
ESP-La Liga,2324,2023-09-29 Barcelona-Sevilla,Barcelona,Marc-André ter Stegen,True,Goalkeeper,1,start,end,1.0,0.0,1.0,0.0,0.0,0.0,0.0,0.0,3.0,12.0,0.0,0.0,0.0,0.0,
ESP-La Liga,2324,2023-09-29 Barcelona-Sevilla,Sevilla,Ørjan Nyland,False,Goalkeeper,1,start,end,1.0,0.0,1.0,0.0,0.0,0.0,0.0,0.0,4.0,19.0,0.0,0.0,0.0,0.0,
ESP-La Liga,2324,2023-09-30 Getafe-Villarreal,Getafe,David Soria,True,Goalkeeper,1,start,end,1.0,0.0,0.0,0.0,0.0,0.0,0.0,0.0,0.0,3.0,0.0,0.0,0.0,0.0,
ESP-La Liga,2324,2023-09-30 Getafe-Villarreal,Villarreal,Filip Jørgensen,False,Goalkeeper,1,start,end,1.0,0.0,0.0,0.0,0.0,0.0,1.0,0.0,9.0,22.0,0.0,0.0,0.0,0.0,
ESP-La Liga,2324,2023-09-30 Girona-Real Madrid,Girona,Paulo Gazzaniga,True,Goalkeeper,1,start,end,1.0,0.0,0.0,0.0,0.0,0.0,0.0,3.0,4.0,9.0,0.0,0.0,0.0,0.0,
ESP-La Liga,2324,2023-09-30 Girona-Real Madrid,Real Madrid,Kepa Arrizabalaga,False,Goalkeeper,1,start,end,1.0,0.0,0.0,0.0,0.0,0.0,1.0,0.0,3.0,13.0,0.0,0.0,0.0,0.0,
ESP-La Liga,2324,2023-09-30 Rayo Vallecano-Mallorca,Mallorca,Predrag Rajkovic,False,Goalkeeper,1,start,end,1.0,0.0,0.0,0.0,0.0,0.0,0.0,2.0,3.0,16.0,0.0,0.0,0.0,0.0,
ESP-La Liga,2324,2023-09-30 Rayo Vallecano-Mallorca,Rayo Vallecano,Stole Dimitrievski,True,Goalkeeper,1,start,end,1.0,0.0,0.0,0.0,0.0,0.0,0.0,2.0,2.0,6.0,0.0,0.0,0.0,0.0,
ESP-La Liga,2324,2023-09-30 Real Sociedad-Athletic Club,Athletic Club,Unai Simón,False,Goalkeeper,1,start,end,1.0,0.0,0.0,0.0,0.0,0.0,0.0,3.0,3.0,6.0,0.0,0.0,0.0,0.0,
ESP-La Liga,2324,2023-09-30 Real Sociedad-Athletic Club,Real Sociedad,Álex Remiro,True,Goalkeeper,1,start,end,1.0,0.0,0.0,0.0,0.0,0.0,0.0,0.0,3.0,17.0,0.0,0.0,0.0,0.0,
ESP-La Liga,2324,2023-10-01 Alavés-Osasuna,Alavés,Antonio Sivera,True,Goalkeeper,1,start,end,1.0,0.0,0.0,0.0,0.0,0.0,0.0,2.0,1.0,8.0,0.0,0.0,0.0,0.0,
ESP-La Liga,2324,2023-10-01 Alavés-Osasuna,Osasuna,Sergio Herrera,False,Goalkeeper,1,start,80,1.0,0.0,0.0,0.0,0.0,0.0,1.0,0.0,3.0,14.0,0.0,0.0,0.0,0.0,
ESP-La Liga,2324,2023-10-01 Almería-Granada,Almería,Luís Maximiano,True,Goalkeeper,1,start,end,1.0,0.0,0.0,0.0,0.0,0.0,0.0,3.0,0.0,14.0,0.0,0.0,0.0,0.0,
ESP-La Liga,2324,2023-10-01 Almería-Granada,Granada,André Ferreira,False,Goalkeeper,1,start,end,1.0,0.0,0.0,0.0,0.0,0.0,0.0,3.0,2.0,15.0,0.0,0.0,0.0,0.0,
ESP-La Liga,2324,2023-10-01 Atlético Madrid-Cádiz,Atlético Madrid,Jan Oblak,True,Goalkeeper,1,start,end,1.0,0.0,0.0,0.0,0.0,0.0,0.0,2.0,2.0,6.0,0.0,0.0,0.0,0.0,
ESP-La Liga,2324,2023-10-01 Atlético Madrid-Cádiz,Cádiz,Jeremias Ledesma,False,Goalkeeper,1,start,end,1.0,0.0,1.0,0.0,0.0,0.0,0.0,3.0,6.0,15.0,0.0,0.0,0.0,0.0,
ESP-La Liga,2324,2023-10-01 Real Betis-Valencia,Real Betis,Claudio Bravo,True,Goalkeeper,1,start,end,1.0,0.0,0.0,0.0,0.0,0.0,0.0,0.0,2.0,9.0,0.0,0.0,0.0,0.0,
ESP-La Liga,2324,2023-10-01 Real Betis-Valencia,Valencia,Giorgi Mamardashvili,False,Goalkeeper,1,start,end,1.0,0.0,0.0,0.0,0.0,0.0,0.0,3.0,4.0,12.0,0.0,0.0,0.0,0.0,
ESP-La Liga,2324,2023-10-02 Las Palmas-Celta Vigo,Celta Vigo,Iván Villar,False,Goalkeeper,1,start,end,1.0,0.0,1.0,0.0,0.0,0.0,0.0,2.0,4.0,15.0,0.0,0.0,0.0,0.0,
ESP-La Liga,2324,2023-10-02 Las Palmas-Celta Vigo,Las Palmas,Álvaro Valles,True,Goalkeeper,1,start,end,1.0,0.0,0.0,0.0,0.0,0.0,0.0,1.0,2.0,11.0,0.0,0.0,0.0,0.0,
ESP-La Liga,2324,2023-10-06 Athletic Club-Almería,Almería,Luís Maximiano,False,Goalkeeper,1,start,end,1.0,0.0,0.0,0.0,0.0,0.0,0.0,3.0,6.0,20.0,0.0,0.0,0.0,0.0,
ESP-La Liga,2324,2023-10-06 Athletic Club-Almería,Athletic Club,Unai Simón,True,Goalkeeper,1,start,end,1.0,0.0,0.0,0.0,0.0,0.0,0.0,0.0,1.0,3.0,0.0,0.0,0.0,0.0,
ESP-La Liga,2324,2023-10-07 Cádiz-Girona,Cádiz,Jeremias Ledesma,True,Goalkeeper,1,start,end,1.0,0.0,0.0,0.0,0.0,0.0,0.0,1.0,4.0,19.0,0.0,0.0,0.0,0.0,
ESP-La Liga,2324,2023-10-07 Cádiz-Girona,Girona,Paulo Gazzaniga,False,Goalkeeper,1,start,end,1.0,0.0,0.0,0.0,0.0,0.0,0.0,0.0,2.0,10.0,0.0,0.0,0.0,0.0,
ESP-La Liga,2324,2023-10-07 Mallorca-Valencia,Mallorca,Predrag Rajkovic,True,Goalkeeper,1,start,end,1.0,0.0,0.0,0.0,0.0,0.0,0.0,1.0,2.0,10.0,0.0,0.0,0.0,0.0,
ESP-La Liga,2324,2023-10-07 Mallorca-Valencia,Valencia,Giorgi Mamardashvili,False,Goalkeeper,1,start,end,1.0,0.0,0.0,0.0,0.0,0.0,0.0,1.0,4.0,7.0,0.0,0.0,0.0,0.0,
ESP-La Liga,2324,2023-10-07 Real Madrid-Osasuna,Osasuna,Sergio Herrera,False,Goalkeeper,1,start,end,1.0,0.0,0.0,0.0,0.0,0.0,0.0,4.0,4.0,14.0,0.0,0.0,0.0,0.0,
ESP-La Liga,2324,2023-10-07 Real Madrid-Osasuna,Real Madrid,Kepa Arrizabalaga,True,Goalkeeper,1,start,end,1.0,0.0,0.0,0.0,0.0,0.0,0.0,0.0,1.0,7.0,0.0,0.0,0.0,0.0,
ESP-La Liga,2324,2023-10-07 Sevilla-Rayo Vallecano,Rayo Vallecano,Stole Dimitrievski,False,Goalkeeper,1,start,end,1.0,0.0,0.0,0.0,0.0,0.0,0.0,2.0,5.0,21.0,0.0,0.0,0.0,0.0,
ESP-La Liga,2324,2023-10-07 Sevilla-Rayo Vallecano,Sevilla,Ørjan Nyland,True,Goalkeeper,1,start,end,1.0,0.0,0.0,0.0,0.0,0.0,0.0,2.0,2.0,4.0,0.0,0.0,0.0,0.0,
ESP-La Liga,2324,2023-10-08 Alavés-Real Betis,Alavés,Antonio Sivera,True,Goalkeeper,1,start,end,1.0,0.0,0.0,0.0,0.0,0.0,0.0,1.0,1.0,5.0,0.0,0.0,0.0,0.0,
ESP-La Liga,2324,2023-10-08 Alavés-Real Betis,Real Betis,Claudio Bravo,False,Goalkeeper,1,start,end,1.0,0.0,1.0,0.0,0.0,0.0,0.0,0.0,5.0,15.0,0.0,0.0,0.0,0.0,
ESP-La Liga,2324,2023-10-08 Atlético Madrid-Real Sociedad,Atlético Madrid,Jan Oblak,True,Goalkeeper,1,start,end,1.0,0.0,0.0,0.0,0.0,0.0,0.0,1.0,3.0,12.0,0.0,0.0,0.0,0.0,
ESP-La Liga,2324,2023-10-08 Atlético Madrid-Real Sociedad,Real Sociedad,Álex Remiro,False,Goalkeeper,1,start,end,1.0,0.0,0.0,0.0,0.0,0.0,0.0,2.0,3.0,12.0,0.0,0.0,0.0,0.0,
ESP-La Liga,2324,2023-10-08 Celta Vigo-Getafe,Celta Vigo,Iván Villar,True,Goalkeeper,1,start,end,1.0,0.0,0.0,0.0,0.0,0.0,0.0,2.0,0.0,1.0,0.0,0.0,0.0,0.0,
ESP-La Liga,2324,2023-10-08 Celta Vigo-Getafe,Getafe,David Soria,False,Goalkeeper,1,start,end,1.0,0.0,0.0,0.0,0.0,0.0,0.0,2.0,9.0,22.0,0.0,0.0,0.0,0.0,
ESP-La Liga,2324,2023-10-08 Granada-Barcelona,Barcelona,Marc-André ter Stegen,False,Goalkeeper,1,start,end,1.0,0.0,0.0,0.0,0.0,0.0,0.0,2.0,0.0,5.0,0.0,0.0,0.0,0.0,
ESP-La Liga,2324,2023-10-08 Granada-Barcelona,Granada,André Ferreira,True,Goalkeeper,1,start,end,1.0,0.0,0.0,0.0,0.0,0.0,0.0,2.0,8.0,19.0,0.0,0.0,0.0,0.0,
ESP-La Liga,2324,2023-10-08 Villarreal-Las Palmas,Las Palmas,Álvaro Valles,False,Goalkeeper,1,start,end,1.0,0.0,0.0,0.0,0.0,0.0,0.0,1.0,3.0,8.0,0.0,0.0,0.0,0.0,
ESP-La Liga,2324,2023-10-08 Villarreal-Las Palmas,Villarreal,Filip Jørgensen,True,Goalkeeper,1,start,end,1.0,0.0,0.0,0.0,0.0,0.0,0.0,2.0,3.0,6.0,0.0,0.0,0.0,0.0,
ESP-La Liga,2324,2023-10-20 Osasuna-Granada,Granada,André Ferreira,False,Goalkeeper,1,start,end,1.0,1.0,0.0,0.0,0.0,0.0,1.0,2.0,4.0,10.0,0.0,0.0,0.0,0.0,
ESP-La Liga,2324,2023-10-20 Osasuna-Granada,Osasuna,Sergio Herrera,True,Goalkeeper,1,start,end,1.0,0.0,1.0,0.0,0.0,0.0,0.0,0.0,3.0,12.0,0.0,0.0,0.0,0.0,
ESP-La Liga,2324,2023-10-21 Celta Vigo-Atlético Madrid,Atlético Madrid,Jan Oblak,False,Goalkeeper,1,start,end,1.0,0.0,0.0,0.0,0.0,0.0,0.0,0.0,3.0,15.0,0.0,0.0,0.0,0.0,
ESP-La Liga,2324,2023-10-21 Celta Vigo-Atlético Madrid,Celta Vigo,Iván Villar,True,Goalkeeper,1,start,end,1.0,1.0,0.0,0.0,1.0,0.0,0.0,3.0,1.0,9.0,0.0,0.0,0.0,0.0,
ESP-La Liga,2324,2023-10-21 Getafe-Real Betis,Getafe,David Soria,True,Goalkeeper,1,start,end,1.0,0.0,0.0,0.0,0.0,0.0,0.0,1.0,2.0,12.0,0.0,0.0,0.0,0.0,
ESP-La Liga,2324,2023-10-21 Getafe-Real Betis,Real Betis,Claudio Bravo,False,Goalkeeper,1,start,end,1.0,0.0,0.0,0.0,0.0,0.0,0.0,1.0,2.0,12.0,0.0,0.0,0.0,0.0,
ESP-La Liga,2324,2023-10-21 Real Sociedad-Mallorca,Mallorca,Predrag Rajkovic,False,Goalkeeper,1,start,end,1.0,0.0,0.0,0.0,0.0,0.0,0.0,1.0,5.0,12.0,0.0,0.0,0.0,0.0,
ESP-La Liga,2324,2023-10-21 Real Sociedad-Mallorca,Real Sociedad,Álex Remiro,True,Goalkeeper,1,start,end,1.0,0.0,0.0,0.0,0.0,0.0,0.0,0.0,6.0,18.0,0.0,0.0,0.0,0.0,
ESP-La Liga,2324,2023-10-21 Sevilla-Real Madrid,Real Madrid,Kepa Arrizabalaga,False,Goalkeeper,1,start,end,1.0,0.0,0.0,0.0,0.0,0.0,0.0,0.0,6.0,16.0,0.0,0.0,0.0,0.0,
ESP-La Liga,2324,2023-10-21 Sevilla-Real Madrid,Sevilla,Ørjan Nyland,True,Goalkeeper,1,start,end,1.0,0.0,0.0,0.0,0.0,0.0,0.0,1.0,3.0,14.0,0.0,0.0,0.0,0.0,
ESP-La Liga,2324,2023-10-22 Barcelona-Athletic Club,Athletic Club,Unai Simón,False,Goalkeeper,1,start,end,1.0,0.0,2.0,0.0,0.0,0.0,0.0,1.0,6.0,11.0,0.0,0.0,0.0,0.0,
ESP-La Liga,2324,2023-10-22 Barcelona-Athletic Club,Barcelona,Marc-André ter Stegen,True,Goalkeeper,1,start,end,1.0,0.0,0.0,0.0,0.0,0.0,0.0,0.0,3.0,11.0,0.0,0.0,0.0,0.0,
ESP-La Liga,2324,2023-10-22 Girona-Almería,Almería,Fernando Martínez,False,Goalkeeper,1,start,end,1.0,0.0,0.0,0.0,0.0,0.0,0.0,5.0,3.0,13.0,0.0,0.0,0.0,0.0,
ESP-La Liga,2324,2023-10-22 Girona-Almería,Girona,Paulo Gazzaniga,True,Goalkeeper,1,start,end,1.0,0.0,0.0,0.0,0.0,0.0,0.0,2.0,3.0,7.0,0.0,0.0,0.0,0.0,
ESP-La Liga,2324,2023-10-22 Las Palmas-Rayo Vallecano,Las Palmas,Álvaro Valles,True,Goalkeeper,1,start,end,1.0,0.0,1.0,0.0,0.0,0.0,0.0,1.0,3.0,11.0,0.0,0.0,0.0,0.0,
ESP-La Liga,2324,2023-10-22 Las Palmas-Rayo Vallecano,Rayo Vallecano,Stole Dimitrievski,False,Goalkeeper,1,start,end,1.0,0.0,0.0,0.0,0.0,0.0,0.0,0.0,5.0,11.0,0.0,0.0,0.0,0.0,
ESP-La Liga,2324,2023-10-22 Villarreal-Alavés,Alavés,Antonio Sivera,False,Goalkeeper,1,start,end,1.0,0.0,0.0,0.0,0.0,0.0,1.0,1.0,2.0,9.0,0.0,0.0,0.0,0.0,
ESP-La Liga,2324,2023-10-22 Villarreal-Alavés,Villarreal,Filip Jørgensen,True,Goalkeeper,1,start,end,1.0,0.0,0.0,0.0,0.0,0.0,0.0,1.0,7.0,14.0,0.0,0.0,0.0,0.0,
ESP-La Liga,2324,2023-10-23 Valencia-Cádiz,Cádiz,Jeremias Ledesma,False,Goalkeeper,1,start,end,1.0,0.0,1.0,0.0,0.0,0.0,0.0,2.0,2.0,10.0,0.0,0.0,0.0,0.0,
ESP-La Liga,2324,2023-10-23 Valencia-Cádiz,Valencia,Giorgi Mamardashvili,True,Goalkeeper,1,start,end,1.0,0.0,1.0,0.0,0.0,0.0,0.0,0.0,4.0,6.0,0.0,0.0,0.0,0.0,
ESP-La Liga,2324,2023-10-27 Girona-Celta Vigo,Celta Vigo,Vicente Guaita,False,Goalkeeper,1,start,end,1.0,0.0,0.0,0.0,0.0,0.0,0.0,1.0,1.0,11.0,0.0,0.0,0.0,0.0,
ESP-La Liga,2324,2023-10-27 Girona-Celta Vigo,Girona,Paulo Gazzaniga,True,Goalkeeper,1,start,end,1.0,0.0,1.0,0.0,0.0,0.0,0.0,0.0,2.0,4.0,0.0,0.0,0.0,0.0,
ESP-La Liga,2324,2023-10-28 Almería-Las Palmas,Almería,Fernando Martínez,True,Goalkeeper,1,start,end,1.0,0.0,0.0,0.0,0.0,0.0,0.0,2.0,1.0,9.0,0.0,0.0,0.0,0.0,
ESP-La Liga,2324,2023-10-28 Almería-Las Palmas,Las Palmas,Álvaro Valles,False,Goalkeeper,1,start,end,1.0,0.0,0.0,0.0,0.0,0.0,0.0,1.0,3.0,9.0,0.0,0.0,0.0,0.0,
ESP-La Liga,2324,2023-10-28 Barcelona-Real Madrid,Barcelona,Marc-André ter Stegen,True,Goalkeeper,1,start,end,1.0,0.0,0.0,0.0,0.0,0.0,0.0,2.0,2.0,10.0,0.0,0.0,0.0,0.0,
ESP-La Liga,2324,2023-10-28 Barcelona-Real Madrid,Real Madrid,Kepa Arrizabalaga,False,Goalkeeper,1,start,end,1.0,0.0,0.0,0.0,0.0,0.0,0.0,1.0,2.0,13.0,0.0,0.0,0.0,0.0,
ESP-La Liga,2324,2023-10-28 Cádiz-Sevilla,Cádiz,Jeremias Ledesma,True,Goalkeeper,1,start,end,1.0,0.0,0.0,0.0,0.0,0.0,0.0,2.0,8.0,18.0,0.0,0.0,0.0,0.0,
ESP-La Liga,2324,2023-10-28 Cádiz-Sevilla,Sevilla,Ørjan Nyland,False,Goalkeeper,1,start,end,1.0,0.0,0.0,0.0,0.0,0.0,0.0,2.0,3.0,8.0,0.0,0.0,0.0,0.0,
ESP-La Liga,2324,2023-10-28 Mallorca-Getafe,Getafe,David Soria,False,Goalkeeper,1,start,end,1.0,0.0,0.0,0.0,0.0,0.0,0.0,0.0,4.0,13.0,0.0,0.0,0.0,0.0,
ESP-La Liga,2324,2023-10-28 Mallorca-Getafe,Mallorca,Predrag Rajkovic,True,Goalkeeper,1,start,end,1.0,0.0,0.0,0.0,0.0,0.0,0.0,0.0,0.0,8.0,0.0,0.0,0.0,0.0,
ESP-La Liga,2324,2023-10-29 Athletic Club-Valencia,Athletic Club,Unai Simón,True,Goalkeeper,1,start,end,1.0,0.0,0.0,0.0,0.0,0.0,0.0,2.0,2.0,9.0,0.0,0.0,0.0,0.0,
ESP-La Liga,2324,2023-10-29 Athletic Club-Valencia,Valencia,Giorgi Mamardashvili,False,Goalkeeper,1,start,end,1.0,0.0,0.0,0.0,0.0,0.0,0.0,2.0,5.0,9.0,0.0,0.0,0.0,0.0,
ESP-La Liga,2324,2023-10-29 Atlético Madrid-Alavés,Alavés,Antonio Sivera,False,Goalkeeper,1,start,end,1.0,0.0,0.0,0.0,0.0,0.0,0.0,2.0,5.0,9.0,0.0,0.0,0.0,0.0,
ESP-La Liga,2324,2023-10-29 Atlético Madrid-Alavés,Atlético Madrid,Jan Oblak,True,Goalkeeper,1,start,end,1.0,0.0,0.0,0.0,0.0,0.0,1.0,1.0,0.0,6.0,0.0,0.0,0.0,0.0,
ESP-La Liga,2324,2023-10-29 Rayo Vallecano-Real Sociedad,Rayo Vallecano,Stole Dimitrievski,True,Goalkeeper,1,start,end,1.0,0.0,0.0,0.0,0.0,0.0,0.0,2.0,1.0,13.0,0.0,0.0,0.0,0.0,
ESP-La Liga,2324,2023-10-29 Rayo Vallecano-Real Sociedad,Real Sociedad,Álex Remiro,False,Goalkeeper,1,start,end,1.0,0.0,0.0,0.0,0.0,0.0,0.0,2.0,5.0,14.0,0.0,0.0,0.0,0.0,
ESP-La Liga,2324,2023-10-29 Real Betis-Osasuna,Osasuna,Sergio Herrera,False,Goalkeeper,1,start,end,1.0,0.0,0.0,0.0,0.0,0.0,1.0,2.0,0.0,7.0,0.0,0.0,0.0,0.0,
ESP-La Liga,2324,2023-10-29 Real Betis-Osasuna,Real Betis,Claudio Bravo,True,Goalkeeper,1,start,end,1.0,0.0,0.0,0.0,0.0,0.0,0.0,1.0,0.0,7.0,0.0,0.0,0.0,0.0,
ESP-La Liga,2324,2023-10-30 Granada-Villarreal,Granada,André Ferreira,True,Goalkeeper,1,start,end,1.0,1.0,0.0,0.0,0.0,0.0,0.0,3.0,2.0,3.0,0.0,0.0,0.0,0.0,
ESP-La Liga,2324,2023-10-30 Granada-Villarreal,Villarreal,Filip Jørgensen,False,Goalkeeper,1,start,end,1.0,0.0,0.0,0.0,0.0,0.0,0.0,2.0,6.0,15.0,0.0,0.0,0.0,0.0,
ESP-La Liga,2324,2023-11-03 Las Palmas-Atlético Madrid,Atlético Madrid,Jan Oblak,False,Goalkeeper,1,start,end,1.0,0.0,0.0,0.0,0.0,0.0,0.0,2.0,1.0,8.0,0.0,0.0,0.0,0.0,
ESP-La Liga,2324,2023-11-03 Las Palmas-Atlético Madrid,Las Palmas,Álvaro Valles,True,Goalkeeper,1,start,end,1.0,0.0,0.0,0.0,0.0,0.0,0.0,1.0,5.0,12.0,0.0,0.0,0.0,0.0,
ESP-La Liga,2324,2023-11-04 Celta Vigo-Sevilla,Celta Vigo,Vicente Guaita,True,Goalkeeper,1,start,end,1.0,0.0,0.0,0.0,0.0,0.0,0.0,1.0,4.0,12.0,0.0,0.0,0.0,0.0,
ESP-La Liga,2324,2023-11-04 Celta Vigo-Sevilla,Sevilla,Ørjan Nyland,False,Goalkeeper,1,start,end,1.0,0.0,0.0,0.0,0.0,0.0,0.0,1.0,2.0,14.0,0.0,0.0,0.0,0.0,
ESP-La Liga,2324,2023-11-04 Osasuna-Girona,Girona,Paulo Gazzaniga,False,Goalkeeper,1,start,end,1.0,0.0,0.0,0.0,0.0,0.0,0.0,2.0,2.0,13.0,0.0,0.0,0.0,0.0,
ESP-La Liga,2324,2023-11-04 Osasuna-Girona,Osasuna,Sergio Herrera,True,Goalkeeper,1,start,end,1.0,0.0,1.0,0.0,0.0,0.0,0.0,4.0,0.0,7.0,0.0,0.0,0.0,0.0,
ESP-La Liga,2324,2023-11-04 Real Betis-Mallorca,Mallorca,Predrag Rajkovic,False,Goalkeeper,1,start,end,1.0,0.0,0.0,0.0,0.0,0.0,0.0,2.0,1.0,20.0,0.0,0.0,0.0,0.0,
ESP-La Liga,2324,2023-11-04 Real Betis-Mallorca,Real Betis,Claudio Bravo,True,Goalkeeper,1,start,end,1.0,0.0,0.0,0.0,0.0,0.0,0.0,0.0,1.0,8.0,0.0,0.0,0.0,0.0,
ESP-La Liga,2324,2023-11-04 Real Sociedad-Barcelona,Barcelona,Marc-André ter Stegen,False,Goalkeeper,1,start,end,1.0,0.0,0.0,0.0,0.0,0.0,0.0,0.0,6.0,11.0,0.0,0.0,0.0,0.0,
ESP-La Liga,2324,2023-11-04 Real Sociedad-Barcelona,Real Sociedad,Álex Remiro,True,Goalkeeper,1,start,end,1.0,0.0,0.0,0.0,0.0,0.0,0.0,1.0,3.0,11.0,0.0,0.0,0.0,0.0,
ESP-La Liga,2324,2023-11-05 Alavés-Almería,Alavés,Antonio Sivera,True,Goalkeeper,1,start,end,1.0,0.0,0.0,0.0,0.0,0.0,0.0,0.0,3.0,8.0,0.0,0.0,0.0,0.0,
ESP-La Liga,2324,2023-11-05 Alavés-Almería,Almería,Luís Maximiano,False,Goalkeeper,1,start,end,1.0,0.0,0.0,0.0,0.0,0.0,1.0,1.0,3.0,20.0,0.0,0.0,0.0,0.0,
ESP-La Liga,2324,2023-11-05 Real Madrid-Rayo Vallecano,Rayo Vallecano,Stole Dimitrievski,False,Goalkeeper,1,start,end,1.0,0.0,0.0,0.0,0.0,0.0,1.0,0.0,5.0,21.0,0.0,0.0,0.0,0.0,
ESP-La Liga,2324,2023-11-05 Real Madrid-Rayo Vallecano,Real Madrid,Kepa Arrizabalaga,True,Goalkeeper,1,start,end,1.0,0.0,0.0,0.0,0.0,0.0,0.0,0.0,0.0,4.0,0.0,0.0,0.0,0.0,
ESP-La Liga,2324,2023-11-05 Valencia-Granada,Granada,André Ferreira,False,Goalkeeper,1,start,end,1.0,0.0,1.0,0.0,0.0,0.0,0.0,1.0,1.0,9.0,0.0,0.0,0.0,0.0,
ESP-La Liga,2324,2023-11-05 Valencia-Granada,Valencia,Giorgi Mamardashvili,True,Goalkeeper,1,start,end,1.0,0.0,0.0,0.0,0.0,0.0,0.0,0.0,1.0,7.0,0.0,0.0,0.0,0.0,
ESP-La Liga,2324,2023-11-05 Villarreal-Athletic Club,Athletic Club,Unai Simón,False,Goalkeeper,1,start,end,1.0,0.0,1.0,0.0,0.0,0.0,0.0,2.0,4.0,14.0,0.0,0.0,0.0,0.0,
ESP-La Liga,2324,2023-11-05 Villarreal-Athletic Club,Villarreal,Filip Jørgensen,True,Goalkeeper,1,start,end,1.0,0.0,0.0,0.0,0.0,0.0,0.0,3.0,4.0,14.0,0.0,0.0,0.0,0.0,
ESP-La Liga,2324,2023-11-06 Getafe-Cádiz,Cádiz,Jeremias Ledesma,False,Goalkeeper,1,start,end,1.0,0.0,0.0,0.0,0.0,0.0,0.0,1.0,2.0,11.0,0.0,0.0,0.0,0.0,
ESP-La Liga,2324,2023-11-06 Getafe-Cádiz,Getafe,David Soria,True,Goalkeeper,1,start,end,1.0,0.0,0.0,0.0,0.0,0.0,0.0,0.0,2.0,6.0,0.0,0.0,0.0,0.0,
ESP-La Liga,2324,2023-11-10 Athletic Club-Celta Vigo,Athletic Club,Unai Simón,True,Goalkeeper,1,start,end,1.0,0.0,0.0,0.0,0.0,0.0,1.0,3.0,2.0,9.0,0.0,0.0,0.0,0.0,
ESP-La Liga,2324,2023-11-10 Athletic Club-Celta Vigo,Celta Vigo,Vicente Guaita,False,Goalkeeper,1,start,end,1.0,0.0,0.0,0.0,0.0,0.0,1.0,4.0,8.0,17.0,0.0,0.0,0.0,0.0,
ESP-La Liga,2324,2023-11-11 Almería-Real Sociedad,Almería,Luís Maximiano,True,Goalkeeper,1,start,end,1.0,0.0,0.0,0.0,0.0,0.0,0.0,3.0,3.0,15.0,0.0,0.0,0.0,0.0,
ESP-La Liga,2324,2023-11-11 Almería-Real Sociedad,Real Sociedad,Álex Remiro,False,Goalkeeper,1,start,end,1.0,0.0,0.0,0.0,0.0,0.0,0.0,1.0,1.0,6.0,0.0,0.0,0.0,0.0,
ESP-La Liga,2324,2023-11-11 Granada-Getafe,Getafe,David Soria,False,Goalkeeper,1,start,end,1.0,0.0,0.0,0.0,0.0,0.0,0.0,1.0,5.0,11.0,0.0,0.0,0.0,0.0,
ESP-La Liga,2324,2023-11-11 Granada-Getafe,Granada,André Ferreira,True,Goalkeeper,1,start,end,1.0,0.0,0.0,0.0,0.0,0.0,0.0,1.0,5.0,9.0,0.0,0.0,0.0,0.0,
ESP-La Liga,2324,2023-11-11 Osasuna-Las Palmas,Las Palmas,Álvaro Valles,False,Goalkeeper,1,start,end,1.0,0.0,0.0,0.0,0.0,0.0,0.0,1.0,2.0,10.0,0.0,0.0,0.0,0.0,
ESP-La Liga,2324,2023-11-11 Osasuna-Las Palmas,Osasuna,Sergio Herrera,True,Goalkeeper,1,start,end,1.0,0.0,0.0,0.0,0.0,0.0,0.0,1.0,0.0,5.0,0.0,0.0,0.0,0.0,
ESP-La Liga,2324,2023-11-11 Rayo Vallecano-Girona,Girona,Paulo Gazzaniga,False,Goalkeeper,1,start,end,1.0,0.0,0.0,0.0,0.0,0.0,0.0,1.0,8.0,21.0,0.0,0.0,0.0,0.0,
ESP-La Liga,2324,2023-11-11 Rayo Vallecano-Girona,Rayo Vallecano,Stole Dimitrievski,True,Goalkeeper,1,start,end,1.0,0.0,1.0,0.0,0.0,0.0,0.0,2.0,4.0,17.0,0.0,0.0,0.0,0.0,
ESP-La Liga,2324,2023-11-11 Real Madrid-Valencia,Real Madrid,Andriy Lunin,True,Goalkeeper,1,start,end,1.0,0.0,0.0,0.0,0.0,0.0,0.0,1.0,3.0,9.0,0.0,0.0,0.0,0.0,
ESP-La Liga,2324,2023-11-11 Real Madrid-Valencia,Valencia,Giorgi Mamardashvili,False,Goalkeeper,1,start,end,1.0,0.0,0.0,0.0,0.0,0.0,0.0,5.0,2.0,11.0,0.0,0.0,0.0,0.0,
ESP-La Liga,2324,2023-11-12 Atlético Madrid-Villarreal,Atlético Madrid,Jan Oblak,True,Goalkeeper,1,start,end,1.0,0.0,0.0,0.0,0.0,0.0,0.0,1.0,6.0,10.0,0.0,0.0,0.0,0.0,
ESP-La Liga,2324,2023-11-12 Atlético Madrid-Villarreal,Villarreal,Filip Jørgensen,False,Goalkeeper,1,start,end,1.0,0.0,0.0,0.0,0.0,0.0,0.0,3.0,7.0,20.0,0.0,0.0,0.0,0.0,
ESP-La Liga,2324,2023-11-12 Barcelona-Alavés,Alavés,Antonio Sivera,False,Goalkeeper,1,start,end,1.0,0.0,0.0,0.0,0.0,0.0,0.0,2.0,5.0,9.0,0.0,0.0,0.0,0.0,
ESP-La Liga,2324,2023-11-12 Barcelona-Alavés,Barcelona,Marc-André ter Stegen,True,Goalkeeper,1,start,end,1.0,0.0,0.0,0.0,0.0,0.0,0.0,1.0,0.0,7.0,0.0,0.0,0.0,0.0,
ESP-La Liga,2324,2023-11-12 Sevilla-Real Betis,Real Betis,Fran Vieites,False,Goalkeeper,1,start,end,1.0,0.0,0.0,0.0,0.0,0.0,0.0,1.0,3.0,12.0,0.0,0.0,0.0,0.0,
ESP-La Liga,2324,2023-11-12 Sevilla-Real Betis,Sevilla,Marko Dmitrovic,True,Goalkeeper,1,start,end,1.0,0.0,0.0,0.0,0.0,0.0,0.0,1.0,5.0,12.0,0.0,0.0,0.0,0.0,
ESP-La Liga,2324,2023-11-24 Alavés-Granada,Alavés,Antonio Sivera,True,Goalkeeper,1,start,end,1.0,0.0,0.0,0.0,0.0,0.0,0.0,1.0,4.0,10.0,0.0,0.0,0.0,0.0,
ESP-La Liga,2324,2023-11-24 Alavés-Granada,Granada,André Ferreira,False,Goalkeeper,1,start,end,1.0,0.0,0.0,0.0,0.0,0.0,0.0,2.0,3.0,7.0,0.0,0.0,0.0,0.0,
ESP-La Liga,2324,2023-11-25 Atlético Madrid-Mallorca,Atlético Madrid,Jan Oblak,True,Goalkeeper,1,start,end,1.0,0.0,0.0,0.0,0.0,0.0,0.0,0.0,1.0,7.0,0.0,0.0,0.0,0.0,
ESP-La Liga,2324,2023-11-25 Atlético Madrid-Mallorca,Mallorca,Predrag Rajkovic,False,Goalkeeper,1,start,end,1.0,0.0,0.0,0.0,0.0,0.0,0.0,1.0,2.0,18.0,0.0,0.0,0.0,0.0,
ESP-La Liga,2324,2023-11-25 Getafe-Almería,Almería,Luís Maximiano,False,Goalkeeper,1,start,end,1.0,0.0,0.0,0.0,0.0,0.0,0.0,2.0,4.0,17.0,0.0,0.0,0.0,0.0,
ESP-La Liga,2324,2023-11-25 Getafe-Almería,Getafe,David Soria,True,Goalkeeper,1,start,end,1.0,0.0,0.0,0.0,0.0,0.0,0.0,1.0,4.0,12.0,0.0,0.0,0.0,0.0,
ESP-La Liga,2324,2023-11-25 Rayo Vallecano-Barcelona,Barcelona,Iñaki Peña,False,Goalkeeper,1,start,end,1.0,0.0,0.0,0.0,0.0,0.0,0.0,1.0,3.0,10.0,0.0,0.0,0.0,0.0,
ESP-La Liga,2324,2023-11-25 Rayo Vallecano-Barcelona,Rayo Vallecano,Stole Dimitrievski,True,Goalkeeper,1,start,end,1.0,0.0,0.0,0.0,0.0,0.0,0.0,0.0,4.0,15.0,0.0,0.0,0.0,0.0,
ESP-La Liga,2324,2023-11-25 Valencia-Celta Vigo,Celta Vigo,Vicente Guaita,False,Goalkeeper,1,start,end,1.0,0.0,0.0,0.0,0.0,0.0,0.0,0.0,0.0,8.0,0.0,0.0,0.0,0.0,
ESP-La Liga,2324,2023-11-25 Valencia-Celta Vigo,Valencia,Giorgi Mamardashvili,True,Goalkeeper,1,start,end,1.0,0.0,0.0,0.0,0.0,0.0,0.0,0.0,1.0,13.0,0.0,0.0,0.0,0.0,
ESP-La Liga,2324,2023-11-26 Cádiz-Real Madrid,Cádiz,Jeremias Ledesma,True,Goalkeeper,1,start,79,1.0,1.0,0.0,0.0,0.0,0.0,0.0,3.0,2.0,9.0,0.0,0.0,0.0,0.0,
ESP-La Liga,2324,2023-11-26 Cádiz-Real Madrid,Real Madrid,Andriy Lunin,False,Goalkeeper,1,start,end,1.0,0.0,0.0,0.0,0.0,0.0,0.0,0.0,4.0,13.0,0.0,0.0,0.0,0.0,
ESP-La Liga,2324,2023-11-26 Real Betis-Las Palmas,Las Palmas,Álvaro Valles,False,Goalkeeper,1,start,end,1.0,0.0,0.0,0.0,0.0,0.0,0.0,1.0,6.0,11.0,0.0,0.0,0.0,0.0,
ESP-La Liga,2324,2023-11-26 Real Betis-Las Palmas,Real Betis,Fran Vieites,True,Goalkeeper,1,start,end,1.0,0.0,0.0,0.0,0.0,0.0,0.0,0.0,4.0,15.0,0.0,0.0,0.0,0.0,
ESP-La Liga,2324,2023-11-26 Real Sociedad-Sevilla,Real Sociedad,Álex Remiro,True,Goalkeeper,1,start,end,1.0,0.0,0.0,0.0,0.0,0.0,0.0,1.0,1.0,7.0,0.0,0.0,0.0,0.0,
ESP-La Liga,2324,2023-11-26 Real Sociedad-Sevilla,Sevilla,Marko Dmitrovic,False,Goalkeeper,1,start,end,1.0,0.0,1.0,1.0,0.0,0.0,0.0,1.0,7.0,10.0,0.0,1.0,0.0,1.0,
ESP-La Liga,2324,2023-11-26 Villarreal-Osasuna,Osasuna,Sergio Herrera,False,Goalkeeper,1,start,end,1.0,0.0,0.0,0.0,0.0,0.0,0.0,3.0,0.0,7.0,0.0,0.0,0.0,0.0,
ESP-La Liga,2324,2023-11-26 Villarreal-Osasuna,Villarreal,Filip Jørgensen,True,Goalkeeper,1,start,end,1.0,0.0,0.0,0.0,0.0,0.0,0.0,1.0,6.0,14.0,0.0,0.0,0.0,0.0,
ESP-La Liga,2324,2023-11-27 Girona-Athletic Club,Athletic Club,Unai Simón,False,Goalkeeper,1,start,end,1.0,0.0,0.0,0.0,0.0,0.0,0.0,1.0,1.0,12.0,0.0,0.0,0.0,0.0,
ESP-La Liga,2324,2023-11-27 Girona-Athletic Club,Girona,Paulo Gazzaniga,True,Goalkeeper,1,start,end,1.0,0.0,0.0,0.0,0.0,0.0,0.0,1.0,5.0,12.0,0.0,0.0,0.0,0.0,
ESP-La Liga,2324,2023-11-29 Mallorca-Cádiz,Cádiz,David Gil,False,Goalkeeper,1,start,end,1.0,0.0,2.0,0.0,0.0,0.0,0.0,1.0,2.0,15.0,0.0,0.0,0.0,0.0,
ESP-La Liga,2324,2023-11-29 Mallorca-Cádiz,Mallorca,Predrag Rajkovic,True,Goalkeeper,1,start,end,1.0,0.0,0.0,0.0,0.0,0.0,0.0,1.0,2.0,5.0,0.0,0.0,0.0,0.0,
ESP-La Liga,2324,2023-12-01 Las Palmas-Getafe,Getafe,David Soria,False,Goalkeeper,1,start,end,1.0,0.0,0.0,0.0,0.0,0.0,0.0,2.0,4.0,10.0,0.0,0.0,0.0,0.0,
ESP-La Liga,2324,2023-12-01 Las Palmas-Getafe,Las Palmas,Álvaro Valles,True,Goalkeeper,1,start,end,1.0,0.0,0.0,0.0,0.0,0.0,0.0,0.0,4.0,10.0,0.0,0.0,0.0,0.0,
ESP-La Liga,2324,2023-12-02 Athletic Club-Rayo Vallecano,Athletic Club,Unai Simón,True,Goalkeeper,1,start,end,1.0,0.0,0.0,0.0,0.0,0.0,0.0,0.0,3.0,11.0,0.0,0.0,0.0,0.0,
ESP-La Liga,2324,2023-12-02 Athletic Club-Rayo Vallecano,Rayo Vallecano,Stole Dimitrievski,False,Goalkeeper,1,start,end,1.0,0.0,0.0,0.0,0.0,0.0,0.0,3.0,1.0,6.0,0.0,0.0,0.0,0.0,
ESP-La Liga,2324,2023-12-02 Girona-Valencia,Girona,Paulo Gazzaniga,True,Goalkeeper,1,start,end,1.0,0.0,0.0,0.0,0.0,0.0,0.0,1.0,2.0,8.0,0.0,0.0,0.0,0.0,
ESP-La Liga,2324,2023-12-02 Girona-Valencia,Valencia,Giorgi Mamardashvili,False,Goalkeeper,1,start,end,1.0,0.0,0.0,0.0,0.0,0.0,0.0,2.0,4.0,6.0,0.0,0.0,0.0,0.0,
ESP-La Liga,2324,2023-12-02 Osasuna-Real Sociedad,Osasuna,Sergio Herrera,True,Goalkeeper,1,start,end,1.0,0.0,0.0,0.0,0.0,0.0,0.0,1.0,4.0,16.0,0.0,0.0,0.0,0.0,
ESP-La Liga,2324,2023-12-02 Osasuna-Real Sociedad,Real Sociedad,Álex Remiro,False,Goalkeeper,1,start,end,1.0,0.0,0.0,0.0,0.0,0.0,0.0,1.0,2.0,8.0,0.0,0.0,0.0,0.0,
ESP-La Liga,2324,2023-12-02 Real Madrid-Granada,Granada,Raúl Fernández,False,Goalkeeper,1,start,11,1.0,0.0,0.0,0.0,0.0,0.0,0.0,0.0,0.0,0.0,0.0,0.0,0.0,0.0,
ESP-La Liga,2324,2023-12-02 Real Madrid-Granada,Real Madrid,Andriy Lunin,True,Goalkeeper,1,start,end,1.0,0.0,0.0,0.0,0.0,0.0,0.0,0.0,0.0,2.0,0.0,0.0,0.0,0.0,
ESP-La Liga,2324,2023-12-03 Almería-Real Betis,Almería,Luís Maximiano,True,Goalkeeper,1,start,end,1.0,0.0,0.0,0.0,0.0,0.0,0.0,0.0,2.0,6.0,0.0,0.0,0.0,0.0,
ESP-La Liga,2324,2023-12-03 Almería-Real Betis,Real Betis,Rui Silva,False,Goalkeeper,1,start,end,1.0,0.0,1.0,0.0,0.0,0.0,1.0,0.0,8.0,20.0,0.0,0.0,0.0,0.0,
ESP-La Liga,2324,2023-12-03 Barcelona-Atlético Madrid,Atlético Madrid,Jan Oblak,False,Goalkeeper,1,start,end,1.0,0.0,0.0,0.0,0.0,0.0,0.0,1.0,1.0,12.0,0.0,0.0,0.0,0.0,
ESP-La Liga,2324,2023-12-03 Barcelona-Atlético Madrid,Barcelona,Iñaki Peña,True,Goalkeeper,1,start,end,1.0,0.0,0.0,0.0,0.0,0.0,0.0,0.0,3.0,8.0,0.0,0.0,0.0,0.0,
ESP-La Liga,2324,2023-12-03 Mallorca-Alavés,Alavés,Antonio Sivera,False,Goalkeeper,1,start,end,1.0,0.0,0.0,0.0,0.0,0.0,0.0,0.0,3.0,7.0,0.0,0.0,0.0,0.0,
ESP-La Liga,2324,2023-12-03 Mallorca-Alavés,Mallorca,Predrag Rajkovic,True,Goalkeeper,1,start,end,1.0,0.0,0.0,0.0,0.0,0.0,0.0,0.0,4.0,7.0,0.0,0.0,0.0,0.0,
ESP-La Liga,2324,2023-12-03 Sevilla-Villarreal,Sevilla,Marko Dmitrovic,True,Goalkeeper,1,start,end,1.0,0.0,0.0,0.0,0.0,0.0,0.0,1.0,3.0,4.0,0.0,0.0,0.0,0.0,
ESP-La Liga,2324,2023-12-03 Sevilla-Villarreal,Villarreal,Filip Jørgensen,False,Goalkeeper,1,start,end,1.0,0.0,0.0,0.0,0.0,0.0,0.0,1.0,3.0,17.0,0.0,0.0,0.0,0.0,
ESP-La Liga,2324,2023-12-04 Celta Vigo-Cádiz,Celta Vigo,Vicente Guaita,True,Goalkeeper,1,start,end,1.0,0.0,1.0,0.0,0.0,0.0,0.0,1.0,0.0,1.0,0.0,0.0,0.0,0.0,
ESP-La Liga,2324,2023-12-04 Celta Vigo-Cádiz,Cádiz,David Gil,False,Goalkeeper,1,start,end,1.0,0.0,0.0,0.0,0.0,0.0,1.0,1.0,6.0,23.0,0.0,0.0,0.0,0.0,
ESP-La Liga,2324,2023-12-08 Getafe-Valencia,Getafe,David Soria,True,Goalkeeper,1,start,end,1.0,0.0,0.0,0.0,0.0,0.0,0.0,0.0,0.0,3.0,0.0,0.0,0.0,0.0,
ESP-La Liga,2324,2023-12-08 Getafe-Valencia,Valencia,Giorgi Mamardashvili,False,Goalkeeper,1,start,end,1.0,0.0,0.0,0.0,0.0,0.0,0.0,1.0,5.0,6.0,0.0,0.0,0.0,0.0,
ESP-La Liga,2324,2023-12-09 Alavés-Las Palmas,Alavés,Antonio Sivera,True,Goalkeeper,1,start,end,1.0,0.0,0.0,0.0,0.0,0.0,0.0,1.0,1.0,8.0,0.0,0.0,0.0,0.0,
ESP-La Liga,2324,2023-12-09 Alavés-Las Palmas,Las Palmas,Álvaro Valles,False,Goalkeeper,1,start,end,1.0,0.0,0.0,0.0,0.0,0.0,0.0,0.0,3.0,17.0,0.0,0.0,0.0,0.0,
ESP-La Liga,2324,2023-12-09 Mallorca-Sevilla,Mallorca,Predrag Rajkovic,True,Goalkeeper,1,start,end,1.0,0.0,0.0,0.0,0.0,0.0,0.0,0.0,5.0,19.0,0.0,0.0,0.0,0.0,
ESP-La Liga,2324,2023-12-09 Mallorca-Sevilla,Sevilla,Marko Dmitrovic,False,Goalkeeper,1,start,end,1.0,0.0,0.0,0.0,0.0,0.0,0.0,1.0,2.0,6.0,0.0,0.0,0.0,0.0,
ESP-La Liga,2324,2023-12-09 Real Betis-Real Madrid,Real Betis,Rui Silva,True,Goalkeeper,1,start,end,1.0,0.0,0.0,0.0,0.0,0.0,0.0,1.0,2.0,11.0,0.0,0.0,0.0,0.0,
ESP-La Liga,2324,2023-12-09 Real Betis-Real Madrid,Real Madrid,Andriy Lunin,False,Goalkeeper,1,start,end,1.0,0.0,0.0,0.0,0.0,0.0,0.0,1.0,5.0,13.0,0.0,0.0,0.0,0.0,
ESP-La Liga,2324,2023-12-09 Villarreal-Real Sociedad,Real Sociedad,Álex Remiro,False,Goalkeeper,1,start,end,1.0,0.0,1.0,0.0,0.0,0.0,0.0,0.0,4.0,19.0,0.0,0.0,0.0,0.0,
ESP-La Liga,2324,2023-12-09 Villarreal-Real Sociedad,Villarreal,Filip Jørgensen,True,Goalkeeper,1,start,end,1.0,0.0,0.0,0.0,0.0,0.0,0.0,3.0,2.0,13.0,0.0,0.0,0.0,0.0,
ESP-La Liga,2324,2023-12-10 Atlético Madrid-Almería,Almería,Luís Maximiano,False,Goalkeeper,1,start,end,1.0,0.0,0.0,0.0,0.0,0.0,0.0,2.0,2.0,11.0,0.0,0.0,0.0,0.0,
ESP-La Liga,2324,2023-12-10 Atlético Madrid-Almería,Atlético Madrid,Jan Oblak,True,Goalkeeper,1,start,end,1.0,0.0,0.0,0.0,0.0,0.0,0.0,1.0,5.0,17.0,0.0,0.0,0.0,0.0,
ESP-La Liga,2324,2023-12-10 Barcelona-Girona,Barcelona,Iñaki Peña,True,Goalkeeper,1,start,end,1.0,0.0,0.0,0.0,0.0,0.0,0.0,4.0,3.0,11.0,0.0,0.0,0.0,0.0,
ESP-La Liga,2324,2023-12-10 Barcelona-Girona,Girona,Paulo Gazzaniga,False,Goalkeeper,1,start,end,1.0,0.0,1.0,0.0,0.0,0.0,0.0,2.0,9.0,29.0,0.0,0.0,0.0,0.0,
ESP-La Liga,2324,2023-12-10 Cádiz-Osasuna,Cádiz,Jeremias Ledesma,True,Goalkeeper,1,start,end,1.0,0.0,0.0,0.0,0.0,0.0,0.0,1.0,3.0,12.0,0.0,0.0,0.0,0.0,
ESP-La Liga,2324,2023-12-10 Cádiz-Osasuna,Osasuna,Sergio Herrera,False,Goalkeeper,1,start,end,1.0,0.0,0.0,0.0,0.0,0.0,0.0,1.0,4.0,11.0,0.0,0.0,0.0,0.0,
ESP-La Liga,2324,2023-12-11 Granada-Athletic Club,Athletic Club,Unai Simón,False,Goalkeeper,1,start,end,1.0,0.0,0.0,0.0,0.0,0.0,0.0,0.0,2.0,7.0,0.0,0.0,0.0,0.0,
ESP-La Liga,2324,2023-12-11 Granada-Athletic Club,Granada,André Ferreira,True,Goalkeeper,1,start,end,1.0,0.0,0.0,0.0,0.0,0.0,0.0,1.0,3.0,18.0,0.0,0.0,0.0,0.0,
ESP-La Liga,2324,2023-12-11 Rayo Vallecano-Celta Vigo,Celta Vigo,Vicente Guaita,False,Goalkeeper,1,start,end,1.0,0.0,0.0,0.0,0.0,0.0,0.0,0.0,4.0,17.0,0.0,0.0,0.0,0.0,
ESP-La Liga,2324,2023-12-11 Rayo Vallecano-Celta Vigo,Rayo Vallecano,Stole Dimitrievski,True,Goalkeeper,1,start,end,1.0,0.0,0.0,0.0,0.0,0.0,0.0,0.0,2.0,4.0,0.0,0.0,0.0,0.0,
ESP-La Liga,2324,2023-12-15 Osasuna-Rayo Vallecano,Osasuna,Sergio Herrera,True,Goalkeeper,1,start,end,1.0,0.0,0.0,0.0,0.0,0.0,0.0,0.0,3.0,10.0,0.0,0.0,0.0,0.0,
ESP-La Liga,2324,2023-12-15 Osasuna-Rayo Vallecano,Rayo Vallecano,Stole Dimitrievski,False,Goalkeeper,1,start,end,1.0,0.0,0.0,0.0,0.0,0.0,0.0,1.0,3.0,8.0,0.0,0.0,0.0,0.0,
ESP-La Liga,2324,2023-12-16 Athletic Club-Atlético Madrid,Athletic Club,Unai Simón,True,Goalkeeper,1,start,end,1.0,0.0,0.0,0.0,0.0,0.0,0.0,0.0,4.0,7.0,0.0,0.0,0.0,0.0,
ESP-La Liga,2324,2023-12-16 Athletic Club-Atlético Madrid,Atlético Madrid,Jan Oblak,False,Goalkeeper,1,start,end,1.0,0.0,0.0,0.0,0.0,0.0,0.0,2.0,5.0,13.0,0.0,0.0,0.0,0.0,
ESP-La Liga,2324,2023-12-16 Celta Vigo-Granada,Celta Vigo,Vicente Guaita,True,Goalkeeper,1,start,end,1.0,0.0,1.0,0.0,0.0,0.0,1.0,0.0,2.0,7.0,0.0,0.0,0.0,0.0,
ESP-La Liga,2324,2023-12-16 Celta Vigo-Granada,Granada,André Ferreira,False,Goalkeeper,1,start,end,1.0,0.0,1.0,0.0,0.0,0.0,0.0,1.0,3.0,10.0,0.0,0.0,0.0,0.0,
ESP-La Liga,2324,2023-12-16 Sevilla-Getafe,Getafe,David Soria,False,Goalkeeper,1,start,end,1.0,0.0,0.0,0.0,0.0,0.0,0.0,0.0,4.0,12.0,0.0,0.0,0.0,0.0,
ESP-La Liga,2324,2023-12-16 Sevilla-Getafe,Sevilla,Marko Dmitrovic,True,Goalkeeper,1,start,end,1.0,0.0,0.0,0.0,0.0,0.0,1.0,3.0,4.0,10.0,0.0,0.0,0.0,0.0,
ESP-La Liga,2324,2023-12-16 Valencia-Barcelona,Barcelona,Iñaki Peña,False,Goalkeeper,1,start,end,1.0,0.0,0.0,0.0,0.0,0.0,0.0,1.0,3.0,9.0,0.0,0.0,0.0,0.0,
ESP-La Liga,2324,2023-12-16 Valencia-Barcelona,Valencia,Giorgi Mamardashvili,True,Goalkeeper,1,start,end,1.0,0.0,0.0,0.0,0.0,0.0,0.0,1.0,6.0,14.0,0.0,0.0,0.0,0.0,
ESP-La Liga,2324,2023-12-17 Almería-Mallorca,Almería,Luís Maximiano,True,Goalkeeper,1,start,end,1.0,0.0,0.0,0.0,0.0,0.0,0.0,0.0,2.0,19.0,0.0,0.0,0.0,0.0,
ESP-La Liga,2324,2023-12-17 Almería-Mallorca,Mallorca,Predrag Rajkovic,False,Goalkeeper,1,start,end,1.0,0.0,0.0,0.0,0.0,0.0,0.0,0.0,1.0,6.0,0.0,0.0,0.0,0.0,
ESP-La Liga,2324,2023-12-17 Las Palmas-Cádiz,Cádiz,Jeremias Ledesma,False,Goalkeeper,1,start,end,1.0,0.0,0.0,0.0,0.0,0.0,0.0,1.0,1.0,6.0,0.0,0.0,0.0,0.0,
ESP-La Liga,2324,2023-12-17 Las Palmas-Cádiz,Las Palmas,Álvaro Valles,True,Goalkeeper,1,start,end,1.0,0.0,1.0,0.0,0.0,0.0,0.0,1.0,4.0,12.0,0.0,0.0,0.0,0.0,
ESP-La Liga,2324,2023-12-17 Real Madrid-Villarreal,Real Madrid,Andriy Lunin,True,Goalkeeper,1,start,end,1.0,0.0,0.0,0.0,0.0,0.0,0.0,1.0,0.0,2.0,0.0,0.0,0.0,0.0,
ESP-La Liga,2324,2023-12-17 Real Madrid-Villarreal,Villarreal,Filip Jørgensen,False,Goalkeeper,1,start,end,1.0,0.0,0.0,0.0,0.0,0.0,0.0,4.0,5.0,18.0,0.0,0.0,0.0,0.0,
ESP-La Liga,2324,2023-12-17 Real Sociedad-Real Betis,Real Betis,Rui Silva,False,Goalkeeper,1,start,end,1.0,0.0,0.0,0.0,0.0,0.0,0.0,0.0,4.0,12.0,0.0,0.0,0.0,0.0,
ESP-La Liga,2324,2023-12-17 Real Sociedad-Real Betis,Real Sociedad,Álex Remiro,True,Goalkeeper,1,start,end,1.0,0.0,0.0,0.0,0.0,0.0,0.0,0.0,3.0,12.0,0.0,0.0,0.0,0.0,
ESP-La Liga,2324,2023-12-18 Girona-Alavés,Alavés,Antonio Sivera,False,Goalkeeper,1,start,end,1.0,0.0,0.0,0.0,0.0,0.0,0.0,3.0,1.0,5.0,0.0,0.0,0.0,0.0,
ESP-La Liga,2324,2023-12-18 Girona-Alavés,Girona,Paulo Gazzaniga,True,Goalkeeper,1,start,end,1.0,0.0,0.0,0.0,0.0,0.0,0.0,0.0,2.0,12.0,0.0,0.0,0.0,0.0,
ESP-La Liga,2324,2023-12-19 Atlético Madrid-Getafe,Atlético Madrid,Jan Oblak,True,Goalkeeper,1,start,end,1.0,0.0,0.0,0.0,0.0,0.0,0.0,3.0,6.0,26.0,0.0,0.0,0.0,0.0,
ESP-La Liga,2324,2023-12-19 Atlético Madrid-Getafe,Getafe,David Soria,False,Goalkeeper,1,start,end,1.0,0.0,0.0,0.0,0.0,0.0,0.0,3.0,2.0,5.0,0.0,0.0,0.0,0.0,
ESP-La Liga,2324,2023-12-19 Granada-Sevilla,Granada,André Ferreira,True,Goalkeeper,1,start,end,1.0,0.0,0.0,0.0,0.0,0.0,0.0,3.0,2.0,9.0,0.0,0.0,0.0,0.0,
ESP-La Liga,2324,2023-12-19 Granada-Sevilla,Sevilla,Marko Dmitrovic,False,Goalkeeper,1,start,end,1.0,0.0,0.0,0.0,0.0,0.0,0.0,0.0,3.0,12.0,0.0,0.0,0.0,0.0,
ESP-La Liga,2324,2023-12-19 Rayo Vallecano-Valencia,Rayo Vallecano,Stole Dimitrievski,True,Goalkeeper,1,start,end,1.0,0.0,0.0,0.0,0.0,0.0,0.0,1.0,2.0,7.0,0.0,0.0,0.0,0.0,
ESP-La Liga,2324,2023-12-19 Rayo Vallecano-Valencia,Valencia,Giorgi Mamardashvili,False,Goalkeeper,1,start,end,1.0,0.0,0.0,0.0,0.0,0.0,0.0,0.0,1.0,8.0,0.0,0.0,0.0,0.0,
ESP-La Liga,2324,2023-12-20 Athletic Club-Las Palmas,Athletic Club,Unai Simón,True,Goalkeeper,1,start,end,1.0,0.0,0.0,0.0,0.0,0.0,0.0,0.0,1.0,5.0,0.0,0.0,0.0,0.0,
ESP-La Liga,2324,2023-12-20 Athletic Club-Las Palmas,Las Palmas,Álvaro Valles,False,Goalkeeper,1,start,end,1.0,0.0,0.0,0.0,0.0,0.0,0.0,1.0,7.0,19.0,0.0,0.0,0.0,0.0,
ESP-La Liga,2324,2023-12-20 Barcelona-Almería,Almería,Luís Maximiano,False,Goalkeeper,1,start,end,1.0,0.0,0.0,0.0,0.0,0.0,0.0,3.0,8.0,27.0,0.0,0.0,0.0,0.0,
ESP-La Liga,2324,2023-12-20 Barcelona-Almería,Barcelona,Iñaki Peña,True,Goalkeeper,1,start,end,1.0,0.0,0.0,0.0,0.0,0.0,0.0,2.0,3.0,8.0,0.0,0.0,0.0,0.0,
ESP-La Liga,2324,2023-12-20 Villarreal-Celta Vigo,Celta Vigo,Vicente Guaita,False,Goalkeeper,1,start,end,1.0,0.0,0.0,0.0,0.0,0.0,0.0,3.0,5.0,9.0,0.0,0.0,0.0,0.0,
ESP-La Liga,2324,2023-12-20 Villarreal-Celta Vigo,Villarreal,Filip Jørgensen,True,Goalkeeper,1,start,end,1.0,0.0,0.0,0.0,0.0,0.0,0.0,2.0,2.0,12.0,0.0,0.0,0.0,0.0,
ESP-La Liga,2324,2023-12-21 Alavés-Real Madrid,Alavés,Antonio Sivera,True,Goalkeeper,1,start,end,1.0,0.0,0.0,0.0,0.0,0.0,0.0,1.0,3.0,8.0,0.0,0.0,0.0,0.0,
ESP-La Liga,2324,2023-12-21 Alavés-Real Madrid,Real Madrid,Kepa Arrizabalaga,False,Goalkeeper,1,start,end,1.0,0.0,0.0,0.0,0.0,0.0,0.0,0.0,2.0,8.0,0.0,0.0,0.0,0.0,
ESP-La Liga,2324,2023-12-21 Cádiz-Real Sociedad,Cádiz,David Gil,True,Goalkeeper,1,start,end,1.0,0.0,0.0,0.0,0.0,0.0,0.0,0.0,1.0,8.0,0.0,0.0,0.0,0.0,
ESP-La Liga,2324,2023-12-21 Cádiz-Real Sociedad,Real Sociedad,Álex Remiro,False,Goalkeeper,1,start,end,1.0,0.0,0.0,0.0,0.0,0.0,1.0,0.0,3.0,10.0,0.0,0.0,0.0,0.0,
ESP-La Liga,2324,2023-12-21 Mallorca-Osasuna,Mallorca,Predrag Rajkovic,True,Goalkeeper,1,start,end,1.0,0.0,0.0,0.0,0.0,0.0,0.0,2.0,5.0,9.0,0.0,0.0,0.0,0.0,
ESP-La Liga,2324,2023-12-21 Mallorca-Osasuna,Osasuna,Sergio Herrera,False,Goalkeeper,1,start,end,1.0,0.0,0.0,0.0,0.0,0.0,0.0,3.0,5.0,11.0,0.0,0.0,0.0,0.0,
ESP-La Liga,2324,2023-12-21 Real Betis-Girona,Girona,Paulo Gazzaniga,False,Goalkeeper,1,start,end,1.0,0.0,1.0,0.0,0.0,0.0,0.0,1.0,3.0,20.0,0.0,0.0,0.0,0.0,
ESP-La Liga,2324,2023-12-21 Real Betis-Girona,Real Betis,Rui Silva,True,Goalkeeper,1,start,end,1.0,0.0,0.0,0.0,0.0,0.0,0.0,1.0,3.0,9.0,0.0,0.0,0.0,0.0,
ESP-La Liga,2324,2023-12-23 Atlético Madrid-Sevilla,Atlético Madrid,Jan Oblak,True,Goalkeeper,1,start,end,1.0,0.0,0.0,0.0,0.0,0.0,0.0,0.0,2.0,8.0,0.0,0.0,0.0,0.0,
ESP-La Liga,2324,2023-12-23 Atlético Madrid-Sevilla,Sevilla,Marko Dmitrovic,False,Goalkeeper,1,start,end,1.0,0.0,0.0,0.0,0.0,0.0,0.0,1.0,3.0,11.0,0.0,0.0,0.0,0.0,
ESP-La Liga,2324,2024-01-02 Getafe-Rayo Vallecano,Getafe,David Soria,True,Goalkeeper,1,start,end,1.0,0.0,0.0,0.0,0.0,0.0,0.0,2.0,6.0,9.0,0.0,0.0,0.0,0.0,
ESP-La Liga,2324,2024-01-02 Getafe-Rayo Vallecano,Rayo Vallecano,Stole Dimitrievski,False,Goalkeeper,1,start,end,1.0,0.0,0.0,0.0,0.0,0.0,0.0,0.0,0.0,5.0,0.0,0.0,0.0,0.0,
ESP-La Liga,2324,2024-01-02 Real Sociedad-Alavés,Alavés,Antonio Sivera,False,Goalkeeper,1,start,end,1.0,0.0,0.0,0.0,0.0,0.0,1.0,1.0,4.0,15.0,0.0,0.0,0.0,0.0,
ESP-La Liga,2324,2024-01-02 Real Sociedad-Alavés,Real Sociedad,Álex Remiro,True,Goalkeeper,1,start,end,1.0,0.0,0.0,0.0,1.0,0.0,0.0,1.0,0.0,6.0,0.0,0.0,0.0,0.0,
ESP-La Liga,2324,2024-01-02 Valencia-Villarreal,Valencia,Giorgi Mamardashvili,True,Goalkeeper,1,start,end,1.0,0.0,0.0,0.0,0.0,0.0,0.0,1.0,3.0,5.0,0.0,0.0,0.0,0.0,
ESP-La Liga,2324,2024-01-02 Valencia-Villarreal,Villarreal,Filip Jørgensen,False,Goalkeeper,1,start,end,1.0,0.0,0.0,0.0,0.0,0.0,0.0,3.0,5.0,8.0,0.0,0.0,0.0,0.0,
ESP-La Liga,2324,2024-01-03 Celta Vigo-Real Betis,Celta Vigo,Vicente Guaita,True,Goalkeeper,1,start,end,1.0,0.0,0.0,0.0,0.0,0.0,0.0,1.0,3.0,11.0,0.0,0.0,0.0,0.0,
ESP-La Liga,2324,2024-01-03 Celta Vigo-Real Betis,Real Betis,Rui Silva,False,Goalkeeper,1,start,end,1.0,0.0,0.0,0.0,0.0,0.0,0.0,2.0,4.0,16.0,0.0,0.0,0.0,0.0,
ESP-La Liga,2324,2024-01-03 Girona-Atlético Madrid,Atlético Madrid,Jan Oblak,False,Goalkeeper,1,start,end,1.0,0.0,0.0,0.0,0.0,0.0,0.0,4.0,5.0,13.0,0.0,0.0,0.0,0.0,
ESP-La Liga,2324,2024-01-03 Girona-Atlético Madrid,Girona,Paulo Gazzaniga,True,Goalkeeper,1,start,end,1.0,0.0,0.0,0.0,0.0,0.0,0.0,3.0,9.0,15.0,0.0,0.0,0.0,0.0,
ESP-La Liga,2324,2024-01-03 Granada-Cádiz,Cádiz,Jeremias Ledesma,False,Goalkeeper,1,start,end,1.0,0.0,0.0,0.0,0.0,0.0,0.0,2.0,6.0,11.0,0.0,0.0,0.0,0.0,
ESP-La Liga,2324,2024-01-03 Granada-Cádiz,Granada,Augusto Batalla,True,Goalkeeper,1,start,end,1.0,0.0,0.0,0.0,0.0,0.0,0.0,0.0,2.0,14.0,0.0,0.0,0.0,0.0,
ESP-La Liga,2324,2024-01-03 Real Madrid-Mallorca,Mallorca,Predrag Rajkovic,False,Goalkeeper,1,start,end,1.0,0.0,0.0,0.0,0.0,0.0,0.0,1.0,4.0,16.0,0.0,0.0,0.0,0.0,
ESP-La Liga,2324,2024-01-03 Real Madrid-Mallorca,Real Madrid,Andriy Lunin,True,Goalkeeper,1,start,end,1.0,0.0,1.0,0.0,0.0,0.0,1.0,0.0,0.0,8.0,0.0,0.0,0.0,0.0,
ESP-La Liga,2324,2024-01-04 Las Palmas-Barcelona,Barcelona,Iñaki Peña,False,Goalkeeper,1,start,end,1.0,0.0,0.0,0.0,0.0,0.0,0.0,1.0,2.0,9.0,0.0,0.0,0.0,0.0,
ESP-La Liga,2324,2024-01-04 Las Palmas-Barcelona,Las Palmas,Álvaro Valles,True,Goalkeeper,1,start,end,1.0,0.0,0.0,0.0,0.0,0.0,0.0,2.0,3.0,13.0,0.0,0.0,0.0,0.0,
ESP-La Liga,2324,2024-01-04 Osasuna-Almería,Almería,Luís Maximiano,False,Goalkeeper,1,start,end,1.0,0.0,0.0,0.0,0.0,0.0,0.0,1.0,1.0,13.0,0.0,0.0,0.0,0.0,
ESP-La Liga,2324,2024-01-04 Osasuna-Almería,Osasuna,Sergio Herrera,True,Goalkeeper,1,start,end,1.0,0.0,1.0,0.0,0.0,0.0,0.0,0.0,0.0,5.0,0.0,0.0,0.0,0.0,
ESP-La Liga,2324,2024-01-04 Sevilla-Athletic Club,Athletic Club,Unai Simón,False,Goalkeeper,1,start,end,1.0,0.0,0.0,0.0,0.0,0.0,0.0,0.0,2.0,13.0,0.0,0.0,0.0,0.0,
ESP-La Liga,2324,2024-01-04 Sevilla-Athletic Club,Sevilla,Marko Dmitrovic,True,Goalkeeper,1,start,end,1.0,0.0,0.0,0.0,0.0,0.0,0.0,2.0,3.0,11.0,0.0,0.0,0.0,0.0,
ESP-La Liga,2324,2024-01-12 Sevilla-Alavés,Alavés,Antonio Sivera,False,Goalkeeper,1,start,end,1.0,0.0,1.0,0.0,0.0,0.0,0.0,2.0,2.0,17.0,0.0,0.0,0.0,0.0,
ESP-La Liga,2324,2024-01-12 Sevilla-Alavés,Sevilla,Marko Dmitrovic,True,Goalkeeper,1,start,end,1.0,0.0,0.0,0.0,0.0,0.0,0.0,3.0,5.0,13.0,0.0,0.0,0.0,0.0,
ESP-La Liga,2324,2024-01-13 Athletic Club-Real Sociedad,Athletic Club,Unai Simón,True,Goalkeeper,1,start,end,1.0,0.0,0.0,0.0,0.0,0.0,0.0,1.0,0.0,8.0,0.0,0.0,0.0,0.0,
ESP-La Liga,2324,2024-01-13 Athletic Club-Real Sociedad,Real Sociedad,Unai Marrero,False,Goalkeeper,1,start,end,1.0,0.0,0.0,0.0,0.0,0.0,0.0,2.0,2.0,8.0,0.0,0.0,0.0,0.0,
ESP-La Liga,2324,2024-01-13 Las Palmas-Villarreal,Las Palmas,Álvaro Valles,True,Goalkeeper,1,start,end,1.0,0.0,0.0,0.0,0.0,0.0,0.0,0.0,3.0,16.0,0.0,0.0,0.0,0.0,
ESP-La Liga,2324,2024-01-13 Las Palmas-Villarreal,Villarreal,Filip Jørgensen,False,Goalkeeper,1,start,end,1.0,0.0,0.0,0.0,0.0,0.0,0.0,3.0,0.0,5.0,0.0,0.0,0.0,0.0,
ESP-La Liga,2324,2024-01-13 Mallorca-Celta Vigo,Celta Vigo,Vicente Guaita,False,Goalkeeper,1,start,end,1.0,0.0,0.0,0.0,0.0,0.0,0.0,1.0,5.0,16.0,0.0,0.0,0.0,0.0,
ESP-La Liga,2324,2024-01-13 Mallorca-Celta Vigo,Mallorca,Predrag Rajkovic,True,Goalkeeper,1,start,end,1.0,0.0,1.0,0.0,0.0,0.0,0.0,1.0,1.0,5.0,0.0,0.0,0.0,0.0,
ESP-La Liga,2324,2024-01-13 Real Betis-Granada,Granada,Augusto Batalla,False,Goalkeeper,1,start,end,1.0,0.0,0.0,0.0,0.0,0.0,1.0,1.0,5.0,24.0,0.0,0.0,0.0,1.0,
ESP-La Liga,2324,2024-01-13 Real Betis-Granada,Real Betis,Rui Silva,True,Goalkeeper,1,start,end,1.0,0.0,0.0,0.0,0.0,0.0,0.0,0.0,2.0,6.0,0.0,0.0,0.0,0.0,
ESP-La Liga,2324,2024-01-14 Almería-Girona,Almería,Luís Maximiano,True,Goalkeeper,1,start,end,1.0,0.0,0.0,0.0,0.0,0.0,0.0,0.0,2.0,5.0,0.0,0.0,0.0,0.0,
ESP-La Liga,2324,2024-01-14 Almería-Girona,Girona,Paulo Gazzaniga,False,Goalkeeper,1,start,end,1.0,0.0,0.0,0.0,0.0,0.0,0.0,0.0,3.0,20.0,0.0,0.0,0.0,0.0,
ESP-La Liga,2324,2024-01-14 Cádiz-Valencia,Cádiz,Jeremias Ledesma,True,Goalkeeper,1,start,end,1.0,0.0,1.0,0.0,0.0,0.0,0.0,4.0,1.0,5.0,0.0,0.0,0.0,0.0,
ESP-La Liga,2324,2024-01-14 Cádiz-Valencia,Valencia,Giorgi Mamardashvili,False,Goalkeeper,1,start,end,1.0,0.0,1.0,0.0,0.0,0.0,1.0,1.0,2.0,8.0,0.0,0.0,0.0,0.0,
ESP-La Liga,2324,2024-01-19 Alavés-Cádiz,Alavés,Antonio Sivera,True,Goalkeeper,1,start,end,1.0,0.0,0.0,0.0,0.0,0.0,0.0,0.0,1.0,9.0,0.0,0.0,0.0,0.0,
ESP-La Liga,2324,2024-01-19 Alavés-Cádiz,Cádiz,Jeremias Ledesma,False,Goalkeeper,1,start,end,1.0,0.0,0.0,0.0,0.0,0.0,0.0,1.0,2.0,11.0,0.0,0.0,0.0,0.0,
ESP-La Liga,2324,2024-01-20 Celta Vigo-Real Sociedad,Celta Vigo,Vicente Guaita,True,Goalkeeper,1,start,end,1.0,0.0,0.0,0.0,0.0,0.0,0.0,1.0,1.0,5.0,0.0,0.0,0.0,0.0,
ESP-La Liga,2324,2024-01-20 Celta Vigo-Real Sociedad,Real Sociedad,Álex Remiro,False,Goalkeeper,1,start,end,1.0,0.0,0.0,0.0,0.0,0.0,0.0,0.0,2.0,5.0,0.0,0.0,0.0,0.0,
ESP-La Liga,2324,2024-01-20 Rayo Vallecano-Las Palmas,Las Palmas,Álvaro Valles,False,Goalkeeper,1,start,end,1.0,0.0,1.0,0.0,0.0,0.0,1.0,0.0,3.0,16.0,0.0,0.0,0.0,0.0,
ESP-La Liga,2324,2024-01-20 Rayo Vallecano-Las Palmas,Rayo Vallecano,Stole Dimitrievski,True,Goalkeeper,1,start,end,1.0,0.0,0.0,0.0,0.0,0.0,0.0,2.0,3.0,8.0,0.0,0.0,0.0,0.0,
ESP-La Liga,2324,2024-01-20 Valencia-Athletic Club,Athletic Club,Unai Simón,False,Goalkeeper,1,start,end,1.0,0.0,0.0,0.0,0.0,0.0,0.0,1.0,0.0,5.0,0.0,0.0,0.0,0.0,
ESP-La Liga,2324,2024-01-20 Valencia-Athletic Club,Valencia,Giorgi Mamardashvili,True,Goalkeeper,1,start,end,1.0,0.0,0.0,0.0,0.0,0.0,0.0,0.0,3.0,6.0,0.0,0.0,0.0,0.0,
ESP-La Liga,2324,2024-01-20 Villarreal-Mallorca,Mallorca,Predrag Rajkovic,False,Goalkeeper,1,start,end,1.0,0.0,0.0,0.0,0.0,0.0,0.0,1.0,4.0,16.0,0.0,0.0,0.0,0.0,
ESP-La Liga,2324,2024-01-20 Villarreal-Mallorca,Villarreal,Filip Jørgensen,True,Goalkeeper,1,start,end,1.0,0.0,0.0,0.0,0.0,0.0,0.0,1.0,1.0,5.0,0.0,0.0,0.0,0.0,
ESP-La Liga,2324,2024-01-21 Girona-Sevilla,Girona,Paulo Gazzaniga,True,Goalkeeper,1,start,end,1.0,0.0,0.0,0.0,0.0,0.0,0.0,1.0,2.0,8.0,0.0,0.0,0.0,0.0,
ESP-La Liga,2324,2024-01-21 Girona-Sevilla,Sevilla,Marko Dmitrovic,False,Goalkeeper,1,start,end,1.0,0.0,0.0,0.0,0.0,0.0,0.0,5.0,3.0,7.0,0.0,0.0,0.0,0.0,
ESP-La Liga,2324,2024-01-21 Osasuna-Getafe,Getafe,David Soria,False,Goalkeeper,1,start,end,1.0,0.0,0.0,0.0,0.0,0.0,0.0,3.0,4.0,10.0,0.0,0.0,0.0,0.0,
ESP-La Liga,2324,2024-01-21 Osasuna-Getafe,Osasuna,Sergio Herrera,True,Goalkeeper,1,start,end,1.0,0.0,0.0,0.0,0.0,0.0,0.0,2.0,5.0,7.0,0.0,0.0,0.0,0.0,
ESP-La Liga,2324,2024-01-21 Real Betis-Barcelona,Barcelona,Iñaki Peña,False,Goalkeeper,1,start,end,1.0,0.0,0.0,0.0,0.0,0.0,0.0,2.0,2.0,12.0,0.0,0.0,0.0,0.0,
ESP-La Liga,2324,2024-01-21 Real Betis-Barcelona,Real Betis,Rui Silva,True,Goalkeeper,1,start,end,1.0,0.0,0.0,0.0,0.0,0.0,0.0,4.0,0.0,7.0,0.0,0.0,0.0,0.0,
ESP-La Liga,2324,2024-01-21 Real Madrid-Almería,Almería,Luís Maximiano,False,Goalkeeper,1,start,end,1.0,0.0,0.0,0.0,0.0,0.0,0.0,3.0,3.0,15.0,0.0,0.0,0.0,0.0,
ESP-La Liga,2324,2024-01-21 Real Madrid-Almería,Real Madrid,Kepa Arrizabalaga,True,Goalkeeper,1,start,end,1.0,0.0,0.0,0.0,0.0,0.0,0.0,2.0,0.0,8.0,0.0,0.0,0.0,0.0,
ESP-La Liga,2324,2024-01-22 Granada-Atlético Madrid,Atlético Madrid,Jan Oblak,False,Goalkeeper,1,start,end,1.0,0.0,0.0,0.0,0.0,0.0,0.0,0.0,1.0,16.0,0.0,0.0,0.0,0.0,
ESP-La Liga,2324,2024-01-22 Granada-Atlético Madrid,Granada,Augusto Batalla,True,Goalkeeper,1,start,end,1.0,0.0,0.0,0.0,0.0,0.0,1.0,1.0,4.0,9.0,0.0,0.0,0.0,0.0,
ESP-La Liga,2324,2024-01-26 Almería-Alavés,Alavés,Antonio Sivera,False,Goalkeeper,1,start,end,1.0,0.0,0.0,0.0,0.0,0.0,0.0,0.0,7.0,19.0,0.0,0.0,0.0,0.0,
ESP-La Liga,2324,2024-01-26 Almería-Alavés,Almería,Luís Maximiano,True,Goalkeeper,1,start,end,1.0,1.0,0.0,0.0,0.0,0.0,0.0,3.0,0.0,8.0,0.0,0.0,0.0,0.0,
ESP-La Liga,2324,2024-01-27 Barcelona-Villarreal,Barcelona,Iñaki Peña,True,Goalkeeper,1,start,end,1.0,0.0,0.0,0.0,0.0,0.0,0.0,5.0,1.0,5.0,0.0,0.0,0.0,0.0,
ESP-La Liga,2324,2024-01-27 Barcelona-Villarreal,Villarreal,Filip Jørgensen,False,Goalkeeper,1,start,end,1.0,0.0,0.0,0.0,0.0,0.0,0.0,2.0,7.0,20.0,0.0,0.0,0.0,0.0,
ESP-La Liga,2324,2024-01-27 Las Palmas-Real Madrid,Las Palmas,Álvaro Valles,True,Goalkeeper,1,start,end,1.0,0.0,2.0,0.0,0.0,0.0,0.0,2.0,3.0,12.0,0.0,0.0,0.0,0.0,
ESP-La Liga,2324,2024-01-27 Las Palmas-Real Madrid,Real Madrid,Andriy Lunin,False,Goalkeeper,1,start,end,1.0,0.0,0.0,0.0,0.0,0.0,0.0,1.0,1.0,6.0,0.0,0.0,0.0,0.0,
ESP-La Liga,2324,2024-01-27 Mallorca-Real Betis,Mallorca,Predrag Rajkovic,True,Goalkeeper,1,start,end,1.0,0.0,0.0,0.0,0.0,0.0,0.0,1.0,1.0,7.0,0.0,0.0,0.0,0.0,
ESP-La Liga,2324,2024-01-27 Mallorca-Real Betis,Real Betis,Rui Silva,False,Goalkeeper,1,start,end,1.0,0.0,0.0,0.0,0.0,0.0,1.0,0.0,1.0,14.0,0.0,0.0,0.0,0.0,
ESP-La Liga,2324,2024-01-27 Real Sociedad-Rayo Vallecano,Rayo Vallecano,Stole Dimitrievski,False,Goalkeeper,1,start,end,1.0,0.0,0.0,0.0,0.0,0.0,0.0,0.0,3.0,7.0,0.0,0.0,0.0,0.0,
ESP-La Liga,2324,2024-01-27 Real Sociedad-Rayo Vallecano,Real Sociedad,Álex Remiro,True,Goalkeeper,1,start,end,1.0,0.0,0.0,0.0,0.0,0.0,0.0,0.0,0.0,5.0,0.0,0.0,0.0,0.0,
ESP-La Liga,2324,2024-01-28 Atlético Madrid-Valencia,Atlético Madrid,Jan Oblak,True,Goalkeeper,1,start,end,1.0,0.0,0.0,0.0,0.0,0.0,0.0,0.0,3.0,10.0,0.0,0.0,0.0,0.0,
ESP-La Liga,2324,2024-01-28 Atlético Madrid-Valencia,Valencia,Giorgi Mamardashvili,False,Goalkeeper,1,start,end,1.0,0.0,0.0,0.0,0.0,0.0,0.0,2.0,7.0,9.0,0.0,0.0,0.0,0.0,
ESP-La Liga,2324,2024-01-28 Celta Vigo-Girona,Celta Vigo,Vicente Guaita,True,Goalkeeper,1,start,end,1.0,0.0,1.0,0.0,0.0,0.0,0.0,1.0,5.0,13.0,0.0,0.0,0.0,0.0,
ESP-La Liga,2324,2024-01-28 Celta Vigo-Girona,Girona,Paulo Gazzaniga,False,Goalkeeper,1,start,end,1.0,0.0,1.0,0.0,0.0,0.0,0.0,0.0,5.0,11.0,0.0,0.0,0.0,0.0,
ESP-La Liga,2324,2024-01-28 Cádiz-Athletic Club,Athletic Club,Unai Simón,False,Goalkeeper,1,start,end,1.0,0.0,1.0,0.0,0.0,0.0,0.0,0.0,2.0,7.0,0.0,0.0,0.0,0.0,
ESP-La Liga,2324,2024-01-28 Cádiz-Athletic Club,Cádiz,Jeremias Ledesma,True,Goalkeeper,1,start,end,1.0,0.0,0.0,0.0,0.0,0.0,0.0,0.0,0.0,8.0,0.0,0.0,0.0,0.0,
ESP-La Liga,2324,2024-01-28 Sevilla-Osasuna,Osasuna,Sergio Herrera,False,Goalkeeper,1,start,end,1.0,0.0,0.0,0.0,0.0,0.0,0.0,1.0,4.0,9.0,0.0,0.0,0.0,0.0,
ESP-La Liga,2324,2024-01-28 Sevilla-Osasuna,Sevilla,Ørjan Nyland,True,Goalkeeper,1,start,end,1.0,0.0,0.0,0.0,0.0,0.0,0.0,1.0,3.0,9.0,0.0,0.0,0.0,0.0,
ESP-La Liga,2324,2024-01-29 Getafe-Granada,Getafe,David Soria,True,Goalkeeper,1,start,end,1.0,0.0,0.0,0.0,0.0,0.0,0.0,0.0,3.0,15.0,0.0,0.0,0.0,0.0,
ESP-La Liga,2324,2024-01-29 Getafe-Granada,Granada,Augusto Batalla,False,Goalkeeper,1,start,end,1.0,0.0,0.0,0.0,0.0,0.0,0.0,2.0,3.0,4.0,0.0,0.0,0.0,0.0,
ESP-La Liga,2324,2024-01-31 Atlético Madrid-Rayo Vallecano,Atlético Madrid,Jan Oblak,True,Goalkeeper,1,start,end,1.0,0.0,0.0,0.0,0.0,0.0,0.0,1.0,1.0,8.0,0.0,0.0,0.0,0.0,
ESP-La Liga,2324,2024-01-31 Atlético Madrid-Rayo Vallecano,Rayo Vallecano,Stole Dimitrievski,False,Goalkeeper,1,start,end,1.0,0.0,0.0,0.0,0.0,0.0,0.0,2.0,1.0,6.0,0.0,0.0,0.0,0.0,
ESP-La Liga,2324,2024-01-31 Barcelona-Osasuna,Barcelona,Iñaki Peña,True,Goalkeeper,1,start,end,1.0,0.0,0.0,0.0,0.0,0.0,0.0,0.0,1.0,10.0,0.0,0.0,0.0,0.0,
ESP-La Liga,2324,2024-01-31 Barcelona-Osasuna,Osasuna,Aitor Fernández,False,Goalkeeper,1,start,end,1.0,0.0,0.0,0.0,0.0,0.0,0.0,1.0,3.0,15.0,0.0,0.0,0.0,1.0,
ESP-La Liga,2324,2024-02-01 Getafe-Real Madrid,Getafe,David Soria,True,Goalkeeper,1,start,end,1.0,0.0,0.0,0.0,0.0,0.0,0.0,2.0,7.0,16.0,0.0,0.0,0.0,0.0,
ESP-La Liga,2324,2024-02-01 Getafe-Real Madrid,Real Madrid,Andriy Lunin,False,Goalkeeper,1,start,end,1.0,0.0,0.0,0.0,0.0,0.0,0.0,0.0,2.0,10.0,0.0,0.0,0.0,0.0,
ESP-La Liga,2324,2024-02-02 Athletic Club-Mallorca,Athletic Club,Unai Simón,True,Goalkeeper,1,start,end,1.0,0.0,0.0,0.0,0.0,0.0,0.0,0.0,2.0,6.0,0.0,0.0,0.0,0.0,
ESP-La Liga,2324,2024-02-02 Athletic Club-Mallorca,Mallorca,Predrag Rajkovic,False,Goalkeeper,1,start,end,1.0,0.0,0.0,0.0,0.0,0.0,0.0,4.0,2.0,10.0,0.0,0.0,0.0,0.0,
ESP-La Liga,2324,2024-02-03 Alavés-Barcelona,Alavés,Antonio Sivera,True,Goalkeeper,1,start,end,1.0,0.0,0.0,0.0,0.0,0.0,0.0,3.0,2.0,5.0,0.0,0.0,0.0,0.0,
ESP-La Liga,2324,2024-02-03 Alavés-Barcelona,Barcelona,Iñaki Peña,False,Goalkeeper,1,start,end,1.0,0.0,1.0,0.0,0.0,0.0,0.0,1.0,1.0,10.0,0.0,0.0,0.0,0.0,
ESP-La Liga,2324,2024-02-03 Girona-Real Sociedad,Girona,Paulo Gazzaniga,True,Goalkeeper,1,start,end,1.0,0.0,0.0,0.0,0.0,0.0,0.0,0.0,2.0,11.0,0.0,0.0,0.0,0.0,
ESP-La Liga,2324,2024-02-03 Girona-Real Sociedad,Real Sociedad,Álex Remiro,False,Goalkeeper,1,start,end,1.0,0.0,0.0,0.0,0.0,0.0,0.0,0.0,3.0,11.0,0.0,0.0,0.0,0.0,
ESP-La Liga,2324,2024-02-03 Granada-Las Palmas,Granada,Augusto Batalla,True,Goalkeeper,1,start,end,1.0,0.0,0.0,0.0,0.0,0.0,1.0,1.0,5.0,14.0,0.0,0.0,0.0,0.0,
ESP-La Liga,2324,2024-02-03 Granada-Las Palmas,Las Palmas,Álvaro Valles,False,Goalkeeper,1,start,end,1.0,0.0,0.0,0.0,0.0,0.0,0.0,1.0,0.0,2.0,0.0,0.0,0.0,0.0,
ESP-La Liga,2324,2024-02-03 Valencia-Almería,Almería,Luís Maximiano,False,Goalkeeper,1,start,end,1.0,0.0,0.0,0.0,0.0,0.0,0.0,2.0,0.0,4.0,0.0,0.0,0.0,0.0,
ESP-La Liga,2324,2024-02-03 Valencia-Almería,Valencia,Giorgi Mamardashvili,True,Goalkeeper,1,start,end,1.0,0.0,0.0,0.0,0.0,0.0,0.0,1.0,3.0,14.0,0.0,0.0,0.0,0.0,
ESP-La Liga,2324,2024-02-04 Osasuna-Celta Vigo,Celta Vigo,Vicente Guaita,False,Goalkeeper,1,start,end,1.0,0.0,0.0,0.0,0.0,0.0,0.0,0.0,1.0,16.0,0.0,0.0,0.0,0.0,
ESP-La Liga,2324,2024-02-04 Osasuna-Celta Vigo,Osasuna,Sergio Herrera,True,Goalkeeper,1,start,end,1.0,0.0,0.0,0.0,0.0,0.0,0.0,3.0,2.0,3.0,0.0,0.0,0.0,0.0,
ESP-La Liga,2324,2024-02-04 Real Betis-Getafe,Getafe,David Soria,False,Goalkeeper,1,start,end,1.0,0.0,0.0,0.0,0.0,0.0,1.0,1.0,1.0,8.0,0.0,0.0,0.0,0.0,
ESP-La Liga,2324,2024-02-04 Real Betis-Getafe,Real Betis,Rui Silva,True,Goalkeeper,1,start,end,1.0,0.0,0.0,0.0,0.0,0.0,1.0,1.0,1.0,10.0,0.0,0.0,0.0,0.0,
ESP-La Liga,2324,2024-02-04 Real Madrid-Atlético Madrid,Atlético Madrid,Jan Oblak,False,Goalkeeper,1,start,end,1.0,0.0,0.0,0.0,0.0,0.0,0.0,1.0,3.0,16.0,0.0,0.0,0.0,0.0,
ESP-La Liga,2324,2024-02-04 Real Madrid-Atlético Madrid,Real Madrid,Andriy Lunin,True,Goalkeeper,1,start,end,1.0,0.0,0.0,0.0,0.0,0.0,0.0,1.0,4.0,9.0,0.0,0.0,0.0,0.0,
ESP-La Liga,2324,2024-02-04 Villarreal-Cádiz,Cádiz,Jeremias Ledesma,False,Goalkeeper,1,start,end,1.0,0.0,0.0,0.0,0.0,0.0,0.0,0.0,4.0,18.0,0.0,0.0,0.0,0.0,
ESP-La Liga,2324,2024-02-04 Villarreal-Cádiz,Villarreal,Filip Jørgensen,True,Goalkeeper,1,start,end,1.0,0.0,0.0,0.0,0.0,0.0,0.0,0.0,3.0,8.0,0.0,0.0,0.0,0.0,
ESP-La Liga,2324,2024-02-05 Rayo Vallecano-Sevilla,Rayo Vallecano,Stole Dimitrievski,True,Goalkeeper,1,start,end,1.0,0.0,0.0,0.0,0.0,0.0,1.0,2.0,4.0,9.0,0.0,0.0,0.0,0.0,
ESP-La Liga,2324,2024-02-05 Rayo Vallecano-Sevilla,Sevilla,Ørjan Nyland,False,Goalkeeper,1,start,end,1.0,0.0,0.0,0.0,0.0,0.0,0.0,1.0,4.0,22.0,0.0,0.0,0.0,0.0,
ESP-La Liga,2324,2024-02-09 Cádiz-Real Betis,Cádiz,Jeremias Ledesma,True,Goalkeeper,1,start,end,1.0,0.0,0.0,0.0,0.0,0.0,0.0,2.0,3.0,12.0,0.0,0.0,0.0,0.0,
ESP-La Liga,2324,2024-02-09 Cádiz-Real Betis,Real Betis,Rui Silva,False,Goalkeeper,1,start,end,1.0,0.0,0.0,0.0,0.0,0.0,0.0,0.0,5.0,14.0,0.0,0.0,0.0,0.0,
ESP-La Liga,2324,2024-02-10 Alavés-Villarreal,Alavés,Antonio Sivera,True,Goalkeeper,1,start,end,1.0,0.0,0.0,0.0,0.0,0.0,0.0,1.0,2.0,12.0,0.0,0.0,0.0,0.0,
ESP-La Liga,2324,2024-02-10 Alavés-Villarreal,Villarreal,Filip Jørgensen,False,Goalkeeper,1,start,end,1.0,0.0,0.0,0.0,0.0,0.0,0.0,1.0,3.0,15.0,0.0,0.0,0.0,0.0,
ESP-La Liga,2324,2024-02-10 Las Palmas-Valencia,Las Palmas,Álvaro Valles,True,Goalkeeper,1,start,end,1.0,0.0,0.0,0.0,0.0,0.0,0.0,0.0,2.0,7.0,0.0,0.0,0.0,0.0,
ESP-La Liga,2324,2024-02-10 Las Palmas-Valencia,Valencia,Giorgi Mamardashvili,False,Goalkeeper,1,start,end,1.0,0.0,0.0,0.0,0.0,0.0,0.0,2.0,1.0,6.0,0.0,0.0,0.0,0.0,
ESP-La Liga,2324,2024-02-10 Real Madrid-Girona,Girona,Paulo Gazzaniga,False,Goalkeeper,1,start,end,1.0,0.0,0.0,0.0,0.0,0.0,0.0,4.0,2.0,11.0,0.0,0.0,0.0,0.0,
ESP-La Liga,2324,2024-02-10 Real Madrid-Girona,Real Madrid,Andriy Lunin,True,Goalkeeper,1,start,end,1.0,0.0,0.0,0.0,0.0,0.0,0.0,0.0,0.0,5.0,0.0,0.0,0.0,0.0,
ESP-La Liga,2324,2024-02-10 Real Sociedad-Osasuna,Osasuna,Sergio Herrera,False,Goalkeeper,1,start,end,1.0,0.0,1.0,0.0,0.0,0.0,0.0,0.0,4.0,19.0,0.0,0.0,0.0,0.0,
ESP-La Liga,2324,2024-02-10 Real Sociedad-Osasuna,Real Sociedad,Álex Remiro,True,Goalkeeper,1,start,end,1.0,0.0,0.0,0.0,0.0,0.0,0.0,1.0,1.0,9.0,0.0,0.0,0.0,0.0,
ESP-La Liga,2324,2024-02-11 Barcelona-Granada,Barcelona,Marc-André ter Stegen,True,Goalkeeper,1,start,end,1.0,0.0,0.0,0.0,0.0,0.0,0.0,3.0,2.0,8.0,0.0,0.0,0.0,0.0,
ESP-La Liga,2324,2024-02-11 Barcelona-Granada,Granada,Augusto Batalla,False,Goalkeeper,1,start,end,1.0,0.0,0.0,0.0,0.0,0.0,0.0,3.0,2.0,8.0,0.0,0.0,0.0,0.0,
ESP-La Liga,2324,2024-02-11 Getafe-Celta Vigo,Celta Vigo,Vicente Guaita,False,Goalkeeper,1,start,end,1.0,0.0,0.0,0.0,0.0,0.0,0.0,3.0,1.0,7.0,0.0,0.0,0.0,0.0,
ESP-La Liga,2324,2024-02-11 Getafe-Celta Vigo,Getafe,David Soria,True,Goalkeeper,1,start,end,1.0,0.0,0.0,0.0,0.0,0.0,0.0,2.0,2.0,7.0,0.0,0.0,0.0,0.0,
ESP-La Liga,2324,2024-02-11 Mallorca-Rayo Vallecano,Mallorca,Predrag Rajkovic,True,Goalkeeper,1,start,end,1.0,0.0,0.0,0.0,0.0,0.0,0.0,1.0,3.0,10.0,0.0,0.0,0.0,0.0,
ESP-La Liga,2324,2024-02-11 Mallorca-Rayo Vallecano,Rayo Vallecano,Stole Dimitrievski,False,Goalkeeper,1,start,end,1.0,0.0,1.0,0.0,0.0,0.0,0.0,2.0,3.0,6.0,0.0,0.0,0.0,0.0,
ESP-La Liga,2324,2024-02-11 Sevilla-Atlético Madrid,Atlético Madrid,Jan Oblak,False,Goalkeeper,1,start,end,1.0,0.0,0.0,0.0,0.0,0.0,0.0,1.0,5.0,9.0,0.0,0.0,0.0,0.0,
ESP-La Liga,2324,2024-02-11 Sevilla-Atlético Madrid,Sevilla,Ørjan Nyland,True,Goalkeeper,1,start,end,1.0,0.0,0.0,0.0,0.0,0.0,0.0,0.0,4.0,17.0,0.0,0.0,0.0,0.0,
ESP-La Liga,2324,2024-02-12 Almería-Athletic Club,Almería,Luís Maximiano,True,Goalkeeper,1,start,end,1.0,0.0,0.0,0.0,0.0,0.0,0.0,0.0,4.0,12.0,0.0,0.0,0.0,0.0,
ESP-La Liga,2324,2024-02-12 Almería-Athletic Club,Athletic Club,Unai Simón,False,Goalkeeper,1,start,end,1.0,0.0,0.0,0.0,0.0,0.0,0.0,0.0,4.0,8.0,0.0,0.0,0.0,0.0,
ESP-La Liga,2324,2024-02-16 Villarreal-Getafe,Getafe,David Soria,False,Goalkeeper,1,start,end,1.0,0.0,0.0,0.0,0.0,0.0,0.0,1.0,6.0,19.0,0.0,0.0,0.0,0.0,
ESP-La Liga,2324,2024-02-16 Villarreal-Getafe,Villarreal,Filip Jørgensen,True,Goalkeeper,1,start,end,1.0,0.0,0.0,0.0,0.0,0.0,0.0,1.0,0.0,8.0,0.0,0.0,0.0,0.0,
ESP-La Liga,2324,2024-02-17 Atlético Madrid-Las Palmas,Atlético Madrid,Jan Oblak,True,Goalkeeper,1,start,end,1.0,0.0,0.0,0.0,0.0,0.0,0.0,0.0,2.0,10.0,0.0,0.0,0.0,0.0,
ESP-La Liga,2324,2024-02-17 Atlético Madrid-Las Palmas,Las Palmas,Álvaro Valles,False,Goalkeeper,1,start,end,1.0,0.0,0.0,0.0,0.0,0.0,0.0,5.0,2.0,8.0,0.0,0.0,0.0,0.0,
ESP-La Liga,2324,2024-02-17 Celta Vigo-Barcelona,Barcelona,Marc-André ter Stegen,False,Goalkeeper,1,start,end,1.0,0.0,0.0,0.0,0.0,0.0,1.0,1.0,3.0,11.0,0.0,0.0,0.0,0.0,
ESP-La Liga,2324,2024-02-17 Celta Vigo-Barcelona,Celta Vigo,Vicente Guaita,True,Goalkeeper,1,start,end,1.0,0.0,0.0,0.0,0.0,0.0,0.0,2.0,2.0,12.0,0.0,0.0,0.0,0.0,
ESP-La Liga,2324,2024-02-17 Osasuna-Cádiz,Cádiz,Jeremias Ledesma,False,Goalkeeper,1,start,end,1.0,0.0,1.0,0.0,0.0,0.0,0.0,2.0,2.0,9.0,0.0,0.0,0.0,0.0,
ESP-La Liga,2324,2024-02-17 Osasuna-Cádiz,Osasuna,Sergio Herrera,True,Goalkeeper,1,start,end,1.0,0.0,0.0,0.0,0.0,0.0,0.0,0.0,1.0,5.0,0.0,0.0,0.0,0.0,
ESP-La Liga,2324,2024-02-17 Valencia-Sevilla,Sevilla,Ørjan Nyland,False,Goalkeeper,1,start,end,1.0,0.0,0.0,0.0,0.0,0.0,0.0,0.0,4.0,14.0,0.0,0.0,0.0,0.0,
ESP-La Liga,2324,2024-02-17 Valencia-Sevilla,Valencia,Giorgi Mamardashvili,True,Goalkeeper,1,start,end,1.0,0.0,0.0,0.0,0.0,0.0,0.0,0.0,1.0,1.0,0.0,0.0,0.0,0.0,
ESP-La Liga,2324,2024-02-18 Granada-Almería,Almería,Luís Maximiano,False,Goalkeeper,1,start,end,1.0,0.0,0.0,0.0,0.0,0.0,0.0,1.0,6.0,16.0,0.0,0.0,0.0,0.0,
ESP-La Liga,2324,2024-02-18 Granada-Almería,Granada,Augusto Batalla,True,Goalkeeper,1,start,end,1.0,0.0,0.0,0.0,0.0,0.0,0.0,1.0,2.0,12.0,0.0,0.0,0.0,0.0,
ESP-La Liga,2324,2024-02-18 Mallorca-Real Sociedad,Mallorca,Predrag Rajkovic,True,Goalkeeper,1,start,end,1.0,0.0,1.0,0.0,0.0,0.0,1.0,2.0,3.0,17.0,0.0,0.0,0.0,0.0,
ESP-La Liga,2324,2024-02-18 Mallorca-Real Sociedad,Real Sociedad,Álex Remiro,False,Goalkeeper,1,start,end,1.0,0.0,0.0,0.0,0.0,0.0,0.0,1.0,0.0,3.0,0.0,0.0,0.0,0.0,
ESP-La Liga,2324,2024-02-18 Rayo Vallecano-Real Madrid,Rayo Vallecano,Stole Dimitrievski,True,Goalkeeper,1,start,end,1.0,0.0,0.0,0.0,0.0,0.0,0.0,1.0,3.0,10.0,0.0,0.0,0.0,0.0,
ESP-La Liga,2324,2024-02-18 Rayo Vallecano-Real Madrid,Real Madrid,Andriy Lunin,False,Goalkeeper,1,start,end,1.0,0.0,0.0,0.0,0.0,0.0,0.0,1.0,2.0,7.0,0.0,0.0,0.0,0.0,
ESP-La Liga,2324,2024-02-18 Real Betis-Alavés,Alavés,Antonio Sivera,False,Goalkeeper,1,start,end,1.0,0.0,0.0,0.0,0.0,0.0,0.0,0.0,1.0,13.0,0.0,0.0,0.0,0.0,
ESP-La Liga,2324,2024-02-18 Real Betis-Alavés,Real Betis,Rui Silva,True,Goalkeeper,1,start,end,1.0,0.0,0.0,0.0,0.0,0.0,0.0,0.0,4.0,13.0,0.0,0.0,0.0,0.0,
ESP-La Liga,2324,2024-02-19 Athletic Club-Girona,Athletic Club,Unai Simón,True,Goalkeeper,1,start,end,1.0,0.0,1.0,0.0,0.0,0.0,0.0,2.0,3.0,9.0,0.0,0.0,0.0,0.0,
ESP-La Liga,2324,2024-02-19 Athletic Club-Girona,Girona,Paulo Gazzaniga,False,Goalkeeper,1,start,end,1.0,0.0,0.0,0.0,0.0,0.0,0.0,3.0,4.0,11.0,0.0,0.0,0.0,0.0,
ESP-La Liga,2324,2024-02-23 Real Sociedad-Villarreal,Real Sociedad,Álex Remiro,True,Goalkeeper,1,start,end,1.0,0.0,0.0,0.0,0.0,0.0,0.0,3.0,1.0,3.0,0.0,0.0,0.0,0.0,
ESP-La Liga,2324,2024-02-23 Real Sociedad-Villarreal,Villarreal,Filip Jørgensen,False,Goalkeeper,1,start,end,1.0,0.0,0.0,0.0,0.0,0.0,1.0,1.0,6.0,17.0,0.0,0.0,0.0,0.0,
ESP-La Liga,2324,2024-02-24 Alavés-Mallorca,Alavés,Antonio Sivera,True,Goalkeeper,1,start,end,1.0,0.0,0.0,0.0,0.0,0.0,0.0,1.0,6.0,15.0,0.0,0.0,0.0,0.0,
ESP-La Liga,2324,2024-02-24 Alavés-Mallorca,Mallorca,Predrag Rajkovic,False,Goalkeeper,1,start,end,1.0,0.0,0.0,0.0,0.0,0.0,0.0,1.0,1.0,8.0,0.0,0.0,0.0,0.0,
ESP-La Liga,2324,2024-02-24 Almería-Atlético Madrid,Almería,Luís Maximiano,True,Goalkeeper,1,start,end,1.0,0.0,0.0,0.0,0.0,0.0,0.0,2.0,7.0,16.0,0.0,0.0,0.0,0.0,
ESP-La Liga,2324,2024-02-24 Almería-Atlético Madrid,Atlético Madrid,Jan Oblak,False,Goalkeeper,1,start,end,1.0,0.0,0.0,0.0,0.0,0.0,0.0,2.0,3.0,7.0,0.0,0.0,0.0,0.0,
ESP-La Liga,2324,2024-02-24 Barcelona-Getafe,Barcelona,Marc-André ter Stegen,True,Goalkeeper,1,start,end,1.0,0.0,0.0,0.0,0.0,0.0,0.0,0.0,4.0,10.0,0.0,0.0,0.0,0.0,
ESP-La Liga,2324,2024-02-24 Barcelona-Getafe,Getafe,David Soria,False,Goalkeeper,1,start,end,1.0,0.0,0.0,0.0,0.0,0.0,0.0,4.0,5.0,13.0,0.0,0.0,0.0,0.0,
ESP-La Liga,2324,2024-02-25 Cádiz-Celta Vigo,Celta Vigo,Vicente Guaita,False,Goalkeeper,1,start,end,1.0,0.0,1.0,0.0,0.0,0.0,0.0,2.0,4.0,14.0,0.0,0.0,0.0,0.0,
ESP-La Liga,2324,2024-02-25 Cádiz-Celta Vigo,Cádiz,Jeremias Ledesma,True,Goalkeeper,1,start,end,1.0,0.0,0.0,0.0,0.0,0.0,0.0,2.0,1.0,5.0,0.0,0.0,0.0,0.0,
ESP-La Liga,2324,2024-02-25 Las Palmas-Osasuna,Las Palmas,Álvaro Valles,True,Goalkeeper,1,start,end,1.0,0.0,0.0,0.0,0.0,0.0,0.0,1.0,1.0,5.0,0.0,0.0,0.0,0.0,
ESP-La Liga,2324,2024-02-25 Las Palmas-Osasuna,Osasuna,Sergio Herrera,False,Goalkeeper,1,start,end,1.0,0.0,0.0,0.0,0.0,0.0,0.0,1.0,2.0,7.0,0.0,0.0,0.0,0.0,
ESP-La Liga,2324,2024-02-25 Real Betis-Athletic Club,Athletic Club,Unai Simón,False,Goalkeeper,1,start,end,1.0,0.0,1.0,0.0,0.0,0.0,0.0,2.0,3.0,10.0,0.0,0.0,0.0,0.0,
ESP-La Liga,2324,2024-02-25 Real Betis-Athletic Club,Real Betis,Rui Silva,True,Goalkeeper,1,start,end,1.0,0.0,0.0,0.0,0.0,0.0,0.0,1.0,0.0,2.0,0.0,0.0,0.0,0.0,
ESP-La Liga,2324,2024-02-25 Real Madrid-Sevilla,Real Madrid,Andriy Lunin,True,Goalkeeper,1,start,end,1.0,0.0,1.0,0.0,0.0,0.0,0.0,0.0,1.0,3.0,0.0,0.0,0.0,0.0,
ESP-La Liga,2324,2024-02-25 Real Madrid-Sevilla,Sevilla,Ørjan Nyland,False,Goalkeeper,1,start,end,1.0,0.0,0.0,0.0,0.0,0.0,0.0,1.0,5.0,15.0,0.0,0.0,0.0,0.0,
ESP-La Liga,2324,2024-02-26 Girona-Rayo Vallecano,Girona,Paulo Gazzaniga,True,Goalkeeper,1,start,end,1.0,0.0,0.0,0.0,0.0,0.0,0.0,0.0,1.0,7.0,0.0,0.0,0.0,0.0,
ESP-La Liga,2324,2024-02-26 Girona-Rayo Vallecano,Rayo Vallecano,Stole Dimitrievski,False,Goalkeeper,1,start,end,1.0,0.0,0.0,0.0,0.0,0.0,0.0,3.0,5.0,11.0,0.0,0.0,0.0,0.0,
ESP-La Liga,2324,2024-03-01 Celta Vigo-Almería,Almería,Luís Maximiano,False,Goalkeeper,1,start,end,1.0,0.0,0.0,0.0,0.0,0.0,0.0,1.0,5.0,13.0,0.0,0.0,0.0,0.0,
ESP-La Liga,2324,2024-03-01 Celta Vigo-Almería,Celta Vigo,Vicente Guaita,True,Goalkeeper,1,start,end,1.0,0.0,0.0,0.0,0.0,0.0,0.0,0.0,0.0,3.0,0.0,0.0,0.0,0.0,
ESP-La Liga,2324,2024-03-02 Getafe-Las Palmas,Getafe,David Soria,True,Goalkeeper,1,start,end,1.0,0.0,0.0,0.0,0.0,0.0,0.0,3.0,2.0,10.0,0.0,0.0,0.0,0.0,
ESP-La Liga,2324,2024-03-02 Getafe-Las Palmas,Las Palmas,Álvaro Valles,False,Goalkeeper,1,start,end,1.0,0.0,0.0,0.0,0.0,0.0,0.0,3.0,2.0,12.0,0.0,0.0,0.0,0.0,
ESP-La Liga,2324,2024-03-02 Rayo Vallecano-Cádiz,Cádiz,Jeremias Ledesma,False,Goalkeeper,1,start,end,1.0,0.0,0.0,0.0,0.0,0.0,0.0,1.0,4.0,8.0,0.0,0.0,0.0,0.0,
ESP-La Liga,2324,2024-03-02 Rayo Vallecano-Cádiz,Rayo Vallecano,Stole Dimitrievski,True,Goalkeeper,1,start,end,1.0,0.0,0.0,0.0,0.0,0.0,0.0,1.0,4.0,14.0,0.0,0.0,0.0,0.0,
ESP-La Liga,2324,2024-03-02 Sevilla-Real Sociedad,Real Sociedad,Álex Remiro,False,Goalkeeper,1,start,end,1.0,0.0,1.0,0.0,0.0,0.0,0.0,3.0,2.0,10.0,0.0,0.0,0.0,0.0,
ESP-La Liga,2324,2024-03-02 Sevilla-Real Sociedad,Sevilla,Ørjan Nyland,True,Goalkeeper,1,start,end,1.0,0.0,1.0,0.0,0.0,0.0,0.0,2.0,2.0,11.0,0.0,0.0,0.0,0.0,
ESP-La Liga,2324,2024-03-02 Valencia-Real Madrid,Real Madrid,Andriy Lunin,False,Goalkeeper,1,start,end,1.0,0.0,0.0,0.0,0.0,0.0,0.0,2.0,3.0,11.0,0.0,0.0,0.0,0.0,
ESP-La Liga,2324,2024-03-02 Valencia-Real Madrid,Valencia,Giorgi Mamardashvili,True,Goalkeeper,1,start,end,1.0,0.0,0.0,0.0,0.0,0.0,0.0,2.0,3.0,8.0,0.0,0.0,0.0,0.0,
ESP-La Liga,2324,2024-03-03 Athletic Club-Barcelona,Athletic Club,Unai Simón,True,Goalkeeper,1,start,end,1.0,0.0,0.0,0.0,0.0,0.0,0.0,0.0,2.0,8.0,0.0,0.0,0.0,0.0,
ESP-La Liga,2324,2024-03-03 Athletic Club-Barcelona,Barcelona,Marc-André ter Stegen,False,Goalkeeper,1,start,end,1.0,0.0,0.0,0.0,0.0,0.0,0.0,0.0,2.0,7.0,0.0,0.0,0.0,0.0,
ESP-La Liga,2324,2024-03-03 Atlético Madrid-Real Betis,Atlético Madrid,Jan Oblak,True,Goalkeeper,1,start,end,1.0,0.0,0.0,0.0,0.0,0.0,0.0,1.0,5.0,11.0,0.0,0.0,0.0,0.0,
ESP-La Liga,2324,2024-03-03 Atlético Madrid-Real Betis,Real Betis,Rui Silva,False,Goalkeeper,1,start,end,1.0,1.0,0.0,1.0,0.0,0.0,0.0,1.0,10.0,16.0,0.0,1.0,0.0,1.0,
ESP-La Liga,2324,2024-03-03 Mallorca-Girona,Girona,Paulo Gazzaniga,False,Goalkeeper,1,start,end,1.0,0.0,0.0,0.0,0.0,0.0,0.0,1.0,0.0,15.0,0.0,0.0,0.0,0.0,
ESP-La Liga,2324,2024-03-03 Mallorca-Girona,Mallorca,Predrag Rajkovic,True,Goalkeeper,1,start,end,1.0,0.0,0.0,0.0,0.0,0.0,0.0,0.0,4.0,14.0,0.0,0.0,0.0,0.0,
ESP-La Liga,2324,2024-03-03 Villarreal-Granada,Granada,Augusto Batalla,False,Goalkeeper,1,start,end,1.0,0.0,0.0,0.0,0.0,0.0,0.0,5.0,5.0,11.0,0.0,0.0,0.0,0.0,
ESP-La Liga,2324,2024-03-03 Villarreal-Granada,Villarreal,Pepe Reina,True,Goalkeeper,1,start,end,1.0,0.0,0.0,0.0,0.0,0.0,0.0,1.0,2.0,8.0,0.0,0.0,0.0,0.0,
ESP-La Liga,2324,2024-03-04 Osasuna-Alavés,Alavés,Antonio Sivera,False,Goalkeeper,1,start,end,1.0,0.0,0.0,0.0,0.0,0.0,0.0,1.0,3.0,15.0,0.0,0.0,0.0,0.0,
ESP-La Liga,2324,2024-03-04 Osasuna-Alavés,Osasuna,Sergio Herrera,True,Goalkeeper,1,start,end,1.0,0.0,0.0,0.0,0.0,0.0,0.0,0.0,4.0,10.0,0.0,0.0,0.0,0.0,
ESP-La Liga,2324,2024-03-08 Barcelona-Mallorca,Barcelona,Marc-André ter Stegen,True,Goalkeeper,1,start,end,1.0,0.0,0.0,0.0,0.0,0.0,0.0,0.0,3.0,9.0,0.0,0.0,0.0,0.0,
ESP-La Liga,2324,2024-03-08 Barcelona-Mallorca,Mallorca,Predrag Rajkovic,False,Goalkeeper,1,start,end,1.0,0.0,0.0,0.0,0.0,0.0,0.0,1.0,5.0,18.0,0.0,0.0,0.0,0.0,
ESP-La Liga,2324,2024-03-09 Cádiz-Atlético Madrid,Atlético Madrid,Jan Oblak,False,Goalkeeper,1,start,end,1.0,0.0,0.0,0.0,0.0,0.0,0.0,2.0,1.0,5.0,0.0,0.0,0.0,0.0,
ESP-La Liga,2324,2024-03-09 Cádiz-Atlético Madrid,Cádiz,Jeremias Ledesma,True,Goalkeeper,1,start,end,1.0,0.0,0.0,0.0,0.0,0.0,0.0,0.0,4.0,7.0,0.0,0.0,0.0,0.0,
ESP-La Liga,2324,2024-03-09 Girona-Osasuna,Girona,Paulo Gazzaniga,True,Goalkeeper,1,start,end,1.0,0.0,1.0,0.0,0.0,0.0,0.0,0.0,1.0,7.0,0.0,0.0,0.0,0.0,
ESP-La Liga,2324,2024-03-09 Girona-Osasuna,Osasuna,Sergio Herrera,False,Goalkeeper,1,start,end,1.0,0.0,0.0,0.0,0.0,0.0,0.0,2.0,4.0,9.0,0.0,0.0,0.0,0.0,
ESP-La Liga,2324,2024-03-09 Granada-Real Sociedad,Granada,Augusto Batalla,True,Goalkeeper,1,start,end,1.0,0.0,1.0,0.0,0.0,0.0,0.0,3.0,5.0,8.0,0.0,0.0,0.0,0.0,
ESP-La Liga,2324,2024-03-09 Granada-Real Sociedad,Real Sociedad,Álex Remiro,False,Goalkeeper,1,start,end,1.0,0.0,0.0,0.0,0.0,0.0,0.0,2.0,4.0,11.0,0.0,0.0,0.0,0.0,
ESP-La Liga,2324,2024-03-09 Valencia-Getafe,Getafe,David Soria,False,Goalkeeper,1,start,end,1.0,0.0,0.0,0.0,0.0,0.0,0.0,1.0,2.0,9.0,0.0,0.0,0.0,0.0,
ESP-La Liga,2324,2024-03-09 Valencia-Getafe,Valencia,Giorgi Mamardashvili,True,Goalkeeper,1,start,end,1.0,0.0,0.0,0.0,0.0,0.0,0.0,0.0,6.0,14.0,0.0,0.0,0.0,0.0,
ESP-La Liga,2324,2024-03-10 Alavés-Rayo Vallecano,Alavés,Antonio Sivera,True,Goalkeeper,1,start,end,1.0,0.0,0.0,0.0,0.0,0.0,0.0,0.0,3.0,9.0,0.0,0.0,0.0,0.0,
ESP-La Liga,2324,2024-03-10 Alavés-Rayo Vallecano,Rayo Vallecano,Stole Dimitrievski,False,Goalkeeper,1,start,end,1.0,0.0,0.0,0.0,0.0,0.0,0.0,1.0,3.0,11.0,0.0,0.0,0.0,0.0,
ESP-La Liga,2324,2024-03-10 Las Palmas-Athletic Club,Athletic Club,Unai Simón,False,Goalkeeper,1,start,end,1.0,0.0,0.0,0.0,0.0,0.0,0.0,0.0,2.0,13.0,0.0,0.0,0.0,0.0,
ESP-La Liga,2324,2024-03-10 Las Palmas-Athletic Club,Las Palmas,Álvaro Valles,True,Goalkeeper,1,start,end,1.0,0.0,0.0,0.0,0.0,0.0,1.0,1.0,1.0,6.0,0.0,0.0,0.0,0.0,
ESP-La Liga,2324,2024-03-10 Real Betis-Villarreal,Real Betis,Rui Silva,True,Goalkeeper,1,start,end,1.0,0.0,0.0,0.0,0.0,0.0,0.0,2.0,2.0,4.0,0.0,0.0,0.0,0.0,
ESP-La Liga,2324,2024-03-10 Real Betis-Villarreal,Villarreal,Filip Jørgensen,False,Goalkeeper,1,start,end,1.0,0.0,0.0,0.0,0.0,0.0,1.0,2.0,2.0,11.0,0.0,0.0,0.0,0.0,
ESP-La Liga,2324,2024-03-10 Real Madrid-Celta Vigo,Celta Vigo,Vicente Guaita,False,Goalkeeper,1,start,end,1.0,0.0,1.0,1.0,0.0,0.0,0.0,2.0,11.0,24.0,0.0,1.0,0.0,1.0,
ESP-La Liga,2324,2024-03-10 Real Madrid-Celta Vigo,Real Madrid,Andriy Lunin,True,Goalkeeper,1,start,end,1.0,0.0,0.0,0.0,0.0,0.0,0.0,0.0,1.0,8.0,0.0,0.0,0.0,0.0,
ESP-La Liga,2324,2024-03-11 Almería-Sevilla,Almería,Luís Maximiano,True,Goalkeeper,1,start,end,1.0,0.0,0.0,0.0,0.0,0.0,0.0,2.0,4.0,18.0,0.0,0.0,0.0,0.0,
ESP-La Liga,2324,2024-03-11 Almería-Sevilla,Sevilla,Ørjan Nyland,False,Goalkeeper,1,start,end,1.0,0.0,0.0,0.0,0.0,0.0,0.0,2.0,2.0,12.0,0.0,0.0,0.0,0.0,
ESP-La Liga,2324,2024-03-15 Real Sociedad-Cádiz,Cádiz,Jeremias Ledesma,False,Goalkeeper,1,start,end,1.0,0.0,0.0,0.0,0.0,0.0,0.0,2.0,4.0,12.0,0.0,0.0,0.0,0.0,
ESP-La Liga,2324,2024-03-15 Real Sociedad-Cádiz,Real Sociedad,Álex Remiro,True,Goalkeeper,1,start,end,1.0,0.0,0.0,0.0,0.0,0.0,0.0,0.0,2.0,13.0,0.0,0.0,0.0,0.0,
ESP-La Liga,2324,2024-03-16 Athletic Club-Alavés,Alavés,Antonio Sivera,False,Goalkeeper,1,start,end,1.0,0.0,0.0,0.0,0.0,0.0,0.0,2.0,2.0,14.0,0.0,0.0,0.0,0.0,
ESP-La Liga,2324,2024-03-16 Athletic Club-Alavés,Athletic Club,Unai Simón,True,Goalkeeper,1,start,end,1.0,0.0,0.0,0.0,0.0,0.0,0.0,0.0,2.0,6.0,0.0,0.0,0.0,0.0,
ESP-La Liga,2324,2024-03-16 Getafe-Girona,Getafe,David Soria,True,Goalkeeper,1,start,end,1.0,0.0,0.0,0.0,0.0,0.0,0.0,0.0,3.0,13.0,0.0,0.0,0.0,0.0,
ESP-La Liga,2324,2024-03-16 Getafe-Girona,Girona,Paulo Gazzaniga,False,Goalkeeper,1,start,end,1.0,0.0,1.0,0.0,0.0,0.0,0.0,1.0,2.0,10.0,0.0,0.0,0.0,0.0,
ESP-La Liga,2324,2024-03-16 Mallorca-Granada,Granada,Augusto Batalla,False,Goalkeeper,1,start,end,1.0,0.0,0.0,0.0,0.0,0.0,0.0,1.0,7.0,17.0,0.0,0.0,0.0,0.0,
ESP-La Liga,2324,2024-03-16 Mallorca-Granada,Mallorca,Predrag Rajkovic,True,Goalkeeper,1,start,end,1.0,0.0,0.0,0.0,0.0,0.0,0.0,0.0,3.0,8.0,0.0,0.0,0.0,0.0,
ESP-La Liga,2324,2024-03-16 Osasuna-Real Madrid,Osasuna,Sergio Herrera,True,Goalkeeper,1,start,end,1.0,0.0,0.0,0.0,0.0,0.0,0.0,4.0,6.0,11.0,0.0,0.0,0.0,0.0,
ESP-La Liga,2324,2024-03-16 Osasuna-Real Madrid,Real Madrid,Andriy Lunin,False,Goalkeeper,1,start,end,1.0,0.0,0.0,0.0,0.0,0.0,0.0,2.0,3.0,7.0,0.0,0.0,0.0,0.0,
ESP-La Liga,2324,2024-03-17 Atlético Madrid-Barcelona,Atlético Madrid,Jan Oblak,True,Goalkeeper,1,start,end,1.0,0.0,0.0,0.0,0.0,0.0,0.0,3.0,2.0,6.0,0.0,0.0,0.0,0.0,
ESP-La Liga,2324,2024-03-17 Atlético Madrid-Barcelona,Barcelona,Marc-André ter Stegen,False,Goalkeeper,1,start,end,1.0,0.0,0.0,0.0,0.0,0.0,0.0,0.0,3.0,13.0,0.0,0.0,0.0,0.0,
ESP-La Liga,2324,2024-03-17 Las Palmas-Almería,Almería,Luís Maximiano,False,Goalkeeper,1,start,end,1.0,0.0,1.0,0.0,0.0,0.0,0.0,0.0,6.0,21.0,0.0,0.0,0.0,0.0,
ESP-La Liga,2324,2024-03-17 Las Palmas-Almería,Las Palmas,Álvaro Valles,True,Goalkeeper,1,start,end,1.0,0.0,0.0,0.0,0.0,0.0,0.0,1.0,1.0,2.0,0.0,0.0,0.0,0.0,
ESP-La Liga,2324,2024-03-17 Rayo Vallecano-Real Betis,Rayo Vallecano,Stole Dimitrievski,True,Goalkeeper,1,start,end,1.0,0.0,0.0,0.0,0.0,0.0,0.0,0.0,1.0,9.0,0.0,0.0,0.0,0.0,
ESP-La Liga,2324,2024-03-17 Rayo Vallecano-Real Betis,Real Betis,Rui Silva,False,Goalkeeper,1,start,end,1.0,0.0,0.0,0.0,0.0,0.0,0.0,2.0,2.0,6.0,0.0,0.0,0.0,0.0,
ESP-La Liga,2324,2024-03-17 Sevilla-Celta Vigo,Celta Vigo,Vicente Guaita,False,Goalkeeper,1,start,end,1.0,0.0,0.0,0.0,0.0,0.0,0.0,1.0,3.0,10.0,0.0,0.0,0.0,0.0,
ESP-La Liga,2324,2024-03-17 Sevilla-Celta Vigo,Sevilla,Ørjan Nyland,True,Goalkeeper,1,start,end,1.0,0.0,0.0,0.0,0.0,0.0,0.0,2.0,3.0,16.0,0.0,0.0,0.0,0.0,
ESP-La Liga,2324,2024-03-17 Villarreal-Valencia,Valencia,Giorgi Mamardashvili,False,Goalkeeper,1,start,end,1.0,0.0,0.0,0.0,0.0,0.0,0.0,1.0,6.0,10.0,0.0,0.0,0.0,0.0,
ESP-La Liga,2324,2024-03-17 Villarreal-Valencia,Villarreal,Filip Jørgensen,True,Goalkeeper,1,start,end,1.0,0.0,1.0,0.0,0.0,0.0,0.0,0.0,7.0,13.0,0.0,0.0,0.0,0.0,
ESP-La Liga,2324,2024-03-29 Cádiz-Granada,Cádiz,Jeremias Ledesma,True,Goalkeeper,1,start,end,1.0,0.0,0.0,0.0,0.0,0.0,0.0,0.0,2.0,10.0,0.0,0.0,0.0,0.0,
ESP-La Liga,2324,2024-03-29 Cádiz-Granada,Granada,Augusto Batalla,False,Goalkeeper,1,start,end,1.0,0.0,0.0,0.0,0.0,0.0,0.0,1.0,5.0,12.0,0.0,0.0,0.0,0.0,
ESP-La Liga,2324,2024-03-30 Almería-Osasuna,Almería,Luís Maximiano,True,Goalkeeper,1,start,end,1.0,0.0,0.0,0.0,0.0,0.0,0.0,3.0,1.0,4.0,0.0,0.0,0.0,0.0,
ESP-La Liga,2324,2024-03-30 Almería-Osasuna,Osasuna,Sergio Herrera,False,Goalkeeper,1,start,end,1.0,0.0,0.0,0.0,0.0,0.0,0.0,0.0,5.0,12.0,0.0,0.0,0.0,0.0,
ESP-La Liga,2324,2024-03-30 Barcelona-Las Palmas,Barcelona,Marc-André ter Stegen,True,Goalkeeper,1,start,end,1.0,0.0,0.0,0.0,0.0,0.0,0.0,0.0,0.0,8.0,0.0,0.0,0.0,0.0,
ESP-La Liga,2324,2024-03-30 Barcelona-Las Palmas,Las Palmas,Álvaro Valles,False,Goalkeeper,1,start,end,1.0,1.0,0.0,0.0,1.0,0.0,0.0,1.0,1.0,13.0,0.0,0.0,0.0,0.0,
ESP-La Liga,2324,2024-03-30 Getafe-Sevilla,Getafe,David Soria,True,Goalkeeper,1,start,end,1.0,0.0,0.0,0.0,0.0,0.0,0.0,1.0,2.0,9.0,0.0,0.0,0.0,0.0,
ESP-La Liga,2324,2024-03-30 Getafe-Sevilla,Sevilla,Ørjan Nyland,False,Goalkeeper,1,start,end,1.0,0.0,0.0,0.0,0.0,0.0,0.0,0.0,5.0,18.0,0.0,0.0,0.0,0.0,
ESP-La Liga,2324,2024-03-30 Valencia-Mallorca,Mallorca,Dominik Greif,False,Goalkeeper,1,start,end,1.0,0.0,0.0,0.0,0.0,0.0,0.0,0.0,4.0,13.0,0.0,0.0,0.0,0.0,
ESP-La Liga,2324,2024-03-30 Valencia-Mallorca,Valencia,Giorgi Mamardashvili,True,Goalkeeper,1,start,end,1.0,0.0,0.0,0.0,0.0,0.0,0.0,0.0,3.0,11.0,0.0,0.0,0.0,0.0,
ESP-La Liga,2324,2024-03-31 Alavés-Real Sociedad,Alavés,Antonio Sivera,True,Goalkeeper,1,start,end,1.0,0.0,0.0,0.0,0.0,0.0,0.0,1.0,2.0,12.0,0.0,0.0,0.0,0.0,
ESP-La Liga,2324,2024-03-31 Alavés-Real Sociedad,Real Sociedad,Álex Remiro,False,Goalkeeper,1,start,end,1.0,0.0,0.0,0.0,0.0,0.0,0.0,0.0,0.0,3.0,0.0,0.0,0.0,0.0,
ESP-La Liga,2324,2024-03-31 Celta Vigo-Rayo Vallecano,Celta Vigo,Vicente Guaita,True,Goalkeeper,1,start,end,1.0,0.0,0.0,0.0,0.0,0.0,0.0,0.0,2.0,7.0,0.0,0.0,0.0,0.0,
ESP-La Liga,2324,2024-03-31 Celta Vigo-Rayo Vallecano,Rayo Vallecano,Stole Dimitrievski,False,Goalkeeper,1,start,end,1.0,0.0,0.0,0.0,0.0,0.0,0.0,0.0,2.0,13.0,0.0,0.0,0.0,0.0,
ESP-La Liga,2324,2024-03-31 Girona-Real Betis,Girona,Paulo Gazzaniga,True,Goalkeeper,1,start,end,1.0,0.0,0.0,0.0,0.0,0.0,0.0,2.0,2.0,5.0,0.0,0.0,0.0,0.0,
ESP-La Liga,2324,2024-03-31 Girona-Real Betis,Real Betis,Rui Silva,False,Goalkeeper,1,start,end,1.0,0.0,1.0,0.0,0.0,0.0,0.0,3.0,2.0,6.0,0.0,0.0,0.0,0.0,
ESP-La Liga,2324,2024-03-31 Real Madrid-Athletic Club,Athletic Club,Julen Agirrezabala,False,Goalkeeper,1,start,end,1.0,0.0,0.0,0.0,0.0,0.0,0.0,2.0,2.0,6.0,0.0,0.0,0.0,0.0,
ESP-La Liga,2324,2024-03-31 Real Madrid-Athletic Club,Real Madrid,Andriy Lunin,True,Goalkeeper,1,start,end,1.0,0.0,1.0,0.0,0.0,0.0,0.0,0.0,3.0,7.0,0.0,0.0,0.0,0.0,
ESP-La Liga,2324,2024-04-01 Villarreal-Atlético Madrid,Atlético Madrid,Jan Oblak,False,Goalkeeper,1,start,end,1.0,0.0,0.0,0.0,0.0,0.0,0.0,1.0,1.0,10.0,0.0,0.0,0.0,0.0,
ESP-La Liga,2324,2024-04-01 Villarreal-Atlético Madrid,Villarreal,Filip Jørgensen,True,Goalkeeper,1,start,end,1.0,0.0,0.0,0.0,0.0,0.0,0.0,2.0,6.0,11.0,0.0,0.0,0.0,0.0,
ESP-La Liga,2324,2024-04-04 Granada-Valencia,Granada,Augusto Batalla,True,Goalkeeper,1,start,end,1.0,0.0,1.0,0.0,0.0,0.0,0.0,1.0,1.0,5.0,0.0,0.0,0.0,0.0,
ESP-La Liga,2324,2024-04-04 Granada-Valencia,Valencia,Giorgi Mamardashvili,False,Goalkeeper,1,start,end,1.0,0.0,0.0,0.0,0.0,0.0,0.0,0.0,3.0,13.0,0.0,0.0,0.0,0.0,
ESP-La Liga,2324,2024-04-12 Real Betis-Celta Vigo,Celta Vigo,Vicente Guaita,False,Goalkeeper,1,start,end,1.0,0.0,0.0,0.0,0.0,0.0,0.0,2.0,1.0,11.0,0.0,0.0,0.0,0.0,
ESP-La Liga,2324,2024-04-12 Real Betis-Celta Vigo,Real Betis,Rui Silva,True,Goalkeeper,1,start,end,1.0,0.0,0.0,0.0,0.0,0.0,0.0,1.0,4.0,11.0,0.0,0.0,0.0,0.0,
ESP-La Liga,2324,2024-04-13 Atlético Madrid-Girona,Atlético Madrid,Jan Oblak,True,Goalkeeper,1,start,end,1.0,0.0,0.0,0.0,0.0,0.0,0.0,1.0,4.0,10.0,0.0,0.0,0.0,0.0,
ESP-La Liga,2324,2024-04-13 Atlético Madrid-Girona,Girona,Paulo Gazzaniga,False,Goalkeeper,1,start,end,1.0,0.0,0.0,0.0,0.0,0.0,0.0,3.0,1.0,14.0,0.0,0.0,0.0,0.0,
ESP-La Liga,2324,2024-04-13 Cádiz-Barcelona,Barcelona,Marc-André ter Stegen,False,Goalkeeper,1,start,end,1.0,0.0,0.0,0.0,0.0,0.0,1.0,0.0,3.0,14.0,0.0,0.0,0.0,0.0,
ESP-La Liga,2324,2024-04-13 Cádiz-Barcelona,Cádiz,Jeremias Ledesma,True,Goalkeeper,1,start,end,1.0,0.0,0.0,0.0,0.0,0.0,0.0,1.0,0.0,11.0,0.0,0.0,0.0,0.0,
ESP-La Liga,2324,2024-04-13 Mallorca-Real Madrid,Mallorca,Predrag Rajkovic,True,Goalkeeper,1,start,end,1.0,0.0,0.0,0.0,0.0,0.0,0.0,1.0,7.0,15.0,0.0,0.0,0.0,0.0,
ESP-La Liga,2324,2024-04-13 Mallorca-Real Madrid,Real Madrid,Andriy Lunin,False,Goalkeeper,1,start,end,1.0,0.0,0.0,0.0,0.0,0.0,1.0,0.0,2.0,5.0,0.0,0.0,0.0,0.0,
ESP-La Liga,2324,2024-04-13 Rayo Vallecano-Getafe,Getafe,David Soria,False,Goalkeeper,1,start,end,1.0,0.0,0.0,0.0,0.0,0.0,0.0,0.0,2.0,12.0,0.0,0.0,0.0,0.0,
ESP-La Liga,2324,2024-04-13 Rayo Vallecano-Getafe,Rayo Vallecano,Stole Dimitrievski,True,Goalkeeper,1,start,end,1.0,0.0,0.0,0.0,0.0,0.0,0.0,0.0,0.0,7.0,0.0,0.0,0.0,0.0,
ESP-La Liga,2324,2024-04-14 Athletic Club-Villarreal,Athletic Club,Unai Simón,True,Goalkeeper,1,start,end,1.0,0.0,0.0,0.0,0.0,0.0,0.0,1.0,1.0,8.0,0.0,0.0,0.0,0.0,
ESP-La Liga,2324,2024-04-14 Athletic Club-Villarreal,Villarreal,Filip Jørgensen,False,Goalkeeper,1,start,end,1.0,0.0,0.0,0.0,0.0,0.0,0.0,1.0,6.0,13.0,0.0,0.0,0.0,0.0,
ESP-La Liga,2324,2024-04-14 Granada-Alavés,Alavés,Antonio Sivera,False,Goalkeeper,1,start,end,1.0,0.0,0.0,0.0,0.0,0.0,0.0,2.0,1.0,6.0,0.0,0.0,0.0,0.0,
ESP-La Liga,2324,2024-04-14 Granada-Alavés,Granada,Augusto Batalla,True,Goalkeeper,1,start,end,1.0,0.0,0.0,0.0,0.0,0.0,0.0,0.0,3.0,7.0,0.0,0.0,0.0,0.0,
ESP-La Liga,2324,2024-04-14 Las Palmas-Sevilla,Las Palmas,Aarón Escandell,True,Goalkeeper,1,start,end,1.0,0.0,0.0,0.0,0.0,0.0,0.0,2.0,1.0,8.0,0.0,0.0,0.0,0.0,
ESP-La Liga,2324,2024-04-14 Las Palmas-Sevilla,Sevilla,Ørjan Nyland,False,Goalkeeper,1,start,end,1.0,0.0,0.0,0.0,0.0,0.0,1.0,0.0,2.0,5.0,0.0,0.0,0.0,0.0,
ESP-La Liga,2324,2024-04-14 Real Sociedad-Almería,Almería,Luís Maximiano,False,Goalkeeper,1,start,end,1.0,0.0,1.0,0.0,0.0,0.0,0.0,2.0,4.0,16.0,0.0,0.0,0.0,0.0,
ESP-La Liga,2324,2024-04-14 Real Sociedad-Almería,Real Sociedad,Álex Remiro,True,Goalkeeper,1,start,end,1.0,0.0,0.0,0.0,0.0,0.0,0.0,2.0,1.0,5.0,0.0,0.0,0.0,0.0,
ESP-La Liga,2324,2024-04-15 Osasuna-Valencia,Osasuna,Sergio Herrera,True,Goalkeeper,1,start,end,1.0,0.0,0.0,0.0,0.0,0.0,0.0,1.0,2.0,3.0,0.0,0.0,0.0,0.0,
ESP-La Liga,2324,2024-04-15 Osasuna-Valencia,Valencia,Giorgi Mamardashvili,False,Goalkeeper,1,start,end,1.0,0.0,0.0,0.0,0.0,0.0,1.0,0.0,1.0,11.0,0.0,0.0,0.0,0.0,
ESP-La Liga,2324,2024-04-19 Athletic Club-Granada,Athletic Club,Unai Simón,True,Goalkeeper,1,start,end,1.0,0.0,0.0,0.0,0.0,0.0,0.0,0.0,0.0,5.0,0.0,0.0,0.0,0.0,
ESP-La Liga,2324,2024-04-19 Athletic Club-Granada,Granada,Augusto Batalla,False,Goalkeeper,1,start,end,1.0,0.0,0.0,0.0,0.0,0.0,0.0,1.0,4.0,14.0,0.0,0.0,0.0,0.0,
ESP-La Liga,2324,2024-04-20 Celta Vigo-Las Palmas,Celta Vigo,Vicente Guaita,True,Goalkeeper,1,start,end,1.0,0.0,0.0,0.0,0.0,0.0,0.0,1.0,3.0,8.0,0.0,0.0,0.0,0.0,
ESP-La Liga,2324,2024-04-20 Celta Vigo-Las Palmas,Las Palmas,Álvaro Valles,False,Goalkeeper,1,start,end,1.0,0.0,0.0,0.0,0.0,0.0,0.0,4.0,9.0,17.0,0.0,0.0,0.0,0.0,
ESP-La Liga,2324,2024-04-20 Girona-Cádiz,Cádiz,Jeremias Ledesma,False,Goalkeeper,1,start,end,1.0,0.0,0.0,0.0,0.0,0.0,0.0,4.0,1.0,6.0,0.0,0.0,0.0,0.0,
ESP-La Liga,2324,2024-04-20 Girona-Cádiz,Girona,Paulo Gazzaniga,True,Goalkeeper,1,start,end,1.0,0.0,0.0,0.0,0.0,0.0,0.0,1.0,5.0,11.0,0.0,0.0,0.0,0.0,
ESP-La Liga,2324,2024-04-20 Rayo Vallecano-Osasuna,Osasuna,Sergio Herrera,False,Goalkeeper,1,start,end,1.0,0.0,0.0,0.0,0.0,0.0,0.0,2.0,4.0,15.0,0.0,0.0,0.0,0.0,
ESP-La Liga,2324,2024-04-20 Rayo Vallecano-Osasuna,Rayo Vallecano,Stole Dimitrievski,True,Goalkeeper,1,start,end,1.0,0.0,0.0,0.0,0.0,0.0,0.0,1.0,1.0,5.0,0.0,0.0,0.0,0.0,
ESP-La Liga,2324,2024-04-20 Valencia-Real Betis,Real Betis,Rui Silva,False,Goalkeeper,1,start,end,1.0,0.0,1.0,0.0,0.0,0.0,0.0,1.0,4.0,7.0,0.0,0.0,0.0,0.0,
ESP-La Liga,2324,2024-04-20 Valencia-Real Betis,Valencia,Giorgi Mamardashvili,True,Goalkeeper,1,start,end,1.0,0.0,1.0,0.0,0.0,0.0,0.0,2.0,4.0,8.0,0.0,0.0,0.0,0.0,
ESP-La Liga,2324,2024-04-21 Alavés-Atlético Madrid,Alavés,Antonio Sivera,True,Goalkeeper,1,start,end,1.0,0.0,0.0,0.0,0.0,0.0,0.0,0.0,4.0,13.0,0.0,0.0,0.0,0.0,
ESP-La Liga,2324,2024-04-21 Alavés-Atlético Madrid,Atlético Madrid,Jan Oblak,False,Goalkeeper,1,start,end,1.0,0.0,0.0,0.0,0.0,0.0,0.0,2.0,1.0,6.0,0.0,0.0,0.0,0.0,
ESP-La Liga,2324,2024-04-21 Almería-Villarreal,Almería,Luís Maximiano,True,Goalkeeper,1,start,end,1.0,0.0,0.0,0.0,0.0,0.0,0.0,2.0,1.0,10.0,0.0,0.0,0.0,0.0,
ESP-La Liga,2324,2024-04-21 Almería-Villarreal,Villarreal,Filip Jørgensen,False,Goalkeeper,1,start,end,1.0,1.0,1.0,0.0,0.0,0.0,1.0,1.0,4.0,22.0,0.0,0.0,0.0,0.0,
ESP-La Liga,2324,2024-04-21 Getafe-Real Sociedad,Getafe,David Soria,True,Goalkeeper,1,start,end,1.0,0.0,0.0,0.0,0.0,0.0,0.0,1.0,3.0,6.0,0.0,0.0,0.0,0.0,
ESP-La Liga,2324,2024-04-21 Getafe-Real Sociedad,Real Sociedad,Álex Remiro,False,Goalkeeper,1,start,end,1.0,0.0,0.0,0.0,0.0,0.0,0.0,1.0,1.0,5.0,0.0,0.0,0.0,0.0,
ESP-La Liga,2324,2024-04-21 Real Madrid-Barcelona,Barcelona,Marc-André ter Stegen,False,Goalkeeper,1,start,end,1.0,0.0,0.0,0.0,0.0,0.0,0.0,3.0,5.0,11.0,0.0,0.0,0.0,0.0,
ESP-La Liga,2324,2024-04-21 Real Madrid-Barcelona,Real Madrid,Andriy Lunin,True,Goalkeeper,1,start,end,1.0,0.0,0.0,0.0,0.0,0.0,0.0,2.0,4.0,12.0,0.0,0.0,0.0,0.0,
ESP-La Liga,2324,2024-04-22 Sevilla-Mallorca,Mallorca,Predrag Rajkovic,False,Goalkeeper,1,start,end,1.0,0.0,0.0,0.0,0.0,0.0,0.0,2.0,2.0,9.0,0.0,0.0,0.0,0.0,
ESP-La Liga,2324,2024-04-22 Sevilla-Mallorca,Sevilla,Ørjan Nyland,True,Goalkeeper,1,start,end,1.0,0.0,0.0,0.0,0.0,0.0,0.0,1.0,4.0,7.0,0.0,0.0,0.0,0.0,
ESP-La Liga,2324,2024-04-26 Real Sociedad-Real Madrid,Real Madrid,Kepa Arrizabalaga,False,Goalkeeper,1,start,end,1.0,0.0,0.0,0.0,0.0,0.0,0.0,0.0,3.0,10.0,0.0,0.0,0.0,0.0,
ESP-La Liga,2324,2024-04-26 Real Sociedad-Real Madrid,Real Sociedad,Álex Remiro,True,Goalkeeper,1,start,end,1.0,0.0,0.0,0.0,0.0,0.0,0.0,1.0,2.0,4.0,0.0,0.0,0.0,0.0,
ESP-La Liga,2324,2024-04-27 Alavés-Celta Vigo,Alavés,Antonio Sivera,True,Goalkeeper,1,start,end,1.0,0.0,0.0,0.0,0.0,0.0,1.0,0.0,0.0,4.0,0.0,0.0,0.0,0.0,
ESP-La Liga,2324,2024-04-27 Alavés-Celta Vigo,Celta Vigo,Vicente Guaita,False,Goalkeeper,1,start,end,1.0,0.0,0.0,0.0,0.0,0.0,0.0,3.0,5.0,12.0,0.0,0.0,0.0,0.0,
ESP-La Liga,2324,2024-04-27 Almería-Getafe,Almería,Luís Maximiano,True,Goalkeeper,1,start,end,1.0,0.0,0.0,0.0,0.0,0.0,0.0,3.0,2.0,4.0,0.0,0.0,0.0,0.0,
ESP-La Liga,2324,2024-04-27 Almería-Getafe,Getafe,David Soria,False,Goalkeeper,1,start,end,1.0,0.0,0.0,0.0,0.0,0.0,0.0,1.0,10.0,19.0,0.0,0.0,0.0,0.0,
ESP-La Liga,2324,2024-04-27 Atlético Madrid-Athletic Club,Athletic Club,Unai Simón,False,Goalkeeper,1,start,end,1.0,0.0,0.0,1.0,0.0,0.0,0.0,2.0,1.0,6.0,0.0,1.0,0.0,1.0,
ESP-La Liga,2324,2024-04-27 Atlético Madrid-Athletic Club,Atlético Madrid,Jan Oblak,True,Goalkeeper,1,start,end,1.0,0.0,0.0,0.0,0.0,0.0,0.0,1.0,0.0,7.0,0.0,0.0,0.0,0.0,
ESP-La Liga,2324,2024-04-27 Las Palmas-Girona,Girona,Paulo Gazzaniga,False,Goalkeeper,1,start,end,1.0,0.0,0.0,0.0,0.0,0.0,0.0,0.0,4.0,9.0,0.0,0.0,0.0,0.0,
ESP-La Liga,2324,2024-04-27 Las Palmas-Girona,Las Palmas,Álvaro Valles,True,Goalkeeper,1,start,end,1.0,0.0,0.0,0.0,0.0,0.0,0.0,2.0,0.0,3.0,0.0,0.0,0.0,0.0,
ESP-La Liga,2324,2024-04-28 Cádiz-Mallorca,Cádiz,Jeremias Ledesma,True,Goalkeeper,1,start,end,1.0,0.0,0.0,0.0,0.0,0.0,0.0,1.0,1.0,7.0,0.0,0.0,0.0,0.0,
ESP-La Liga,2324,2024-04-28 Cádiz-Mallorca,Mallorca,Predrag Rajkovic,False,Goalkeeper,1,start,end,1.0,0.0,0.0,0.0,0.0,0.0,0.0,0.0,2.0,9.0,0.0,0.0,0.0,0.0,
ESP-La Liga,2324,2024-04-28 Granada-Osasuna,Granada,Augusto Batalla,True,Goalkeeper,1,start,end,1.0,0.0,0.0,0.0,0.0,0.0,0.0,0.0,2.0,11.0,0.0,0.0,0.0,0.0,
ESP-La Liga,2324,2024-04-28 Granada-Osasuna,Osasuna,Sergio Herrera,False,Goalkeeper,1,start,end,1.0,0.0,1.0,0.0,0.0,0.0,0.0,3.0,1.0,9.0,0.0,0.0,0.0,0.0,
ESP-La Liga,2324,2024-04-28 Real Betis-Sevilla,Real Betis,Rui Silva,True,Goalkeeper,1,start,end,1.0,0.0,0.0,0.0,0.0,0.0,0.0,1.0,0.0,9.0,0.0,0.0,0.0,0.0,
ESP-La Liga,2324,2024-04-28 Real Betis-Sevilla,Sevilla,Ørjan Nyland,False,Goalkeeper,1,start,end,1.0,0.0,0.0,0.0,0.0,0.0,0.0,1.0,3.0,14.0,0.0,0.0,0.0,0.0,
ESP-La Liga,2324,2024-04-28 Villarreal-Rayo Vallecano,Rayo Vallecano,Stole Dimitrievski,False,Goalkeeper,1,start,end,1.0,0.0,0.0,0.0,0.0,0.0,0.0,3.0,4.0,12.0,0.0,0.0,0.0,0.0,
ESP-La Liga,2324,2024-04-28 Villarreal-Rayo Vallecano,Villarreal,Filip Jørgensen,True,Goalkeeper,1,start,end,1.0,0.0,0.0,0.0,0.0,0.0,0.0,0.0,4.0,19.0,0.0,0.0,0.0,0.0,
ESP-La Liga,2324,2024-04-29 Barcelona-Valencia,Barcelona,Marc-André ter Stegen,True,Goalkeeper,1,start,end,1.0,0.0,0.0,0.0,0.0,0.0,0.0,2.0,1.0,3.0,0.0,0.0,0.0,0.0,
ESP-La Liga,2324,2024-04-29 Barcelona-Valencia,Valencia,Giorgi Mamardashvili,False,Goalkeeper,1,start,end,1.0,0.0,0.0,0.0,1.0,0.0,0.0,4.0,1.0,25.0,0.0,0.0,0.0,0.0,
ESP-La Liga,2324,2024-05-03 Getafe-Athletic Club,Athletic Club,Unai Simón,False,Goalkeeper,1,start,end,1.0,0.0,1.0,0.0,0.0,0.0,0.0,0.0,9.0,32.0,0.0,0.0,0.0,0.0,
ESP-La Liga,2324,2024-05-03 Getafe-Athletic Club,Getafe,David Soria,True,Goalkeeper,1,start,end,1.0,0.0,0.0,0.0,0.0,0.0,0.0,2.0,0.0,5.0,0.0,0.0,0.0,0.0,
ESP-La Liga,2324,2024-05-04 Girona-Barcelona,Barcelona,Marc-André ter Stegen,False,Goalkeeper,1,start,end,1.0,0.0,0.0,0.0,0.0,0.0,0.0,4.0,2.0,6.0,0.0,0.0,0.0,0.0,
ESP-La Liga,2324,2024-05-04 Girona-Barcelona,Girona,Paulo Gazzaniga,True,Goalkeeper,1,start,end,1.0,0.0,0.0,0.0,0.0,0.0,0.0,2.0,5.0,12.0,0.0,0.0,0.0,0.0,
ESP-La Liga,2324,2024-05-04 Mallorca-Atlético Madrid,Atlético Madrid,Jan Oblak,False,Goalkeeper,1,start,end,1.0,0.0,1.0,0.0,0.0,0.0,0.0,0.0,4.0,7.0,0.0,0.0,0.0,0.0,
ESP-La Liga,2324,2024-05-04 Mallorca-Atlético Madrid,Mallorca,Predrag Rajkovic,True,Goalkeeper,1,start,end,1.0,1.0,1.0,0.0,0.0,0.0,0.0,1.0,3.0,8.0,0.0,0.0,0.0,0.0,
ESP-La Liga,2324,2024-05-04 Real Madrid-Cádiz,Cádiz,Jeremias Ledesma,False,Goalkeeper,1,start,end,1.0,0.0,0.0,0.0,0.0,0.0,0.0,3.0,7.0,15.0,0.0,0.0,0.0,0.0,
ESP-La Liga,2324,2024-05-04 Real Madrid-Cádiz,Real Madrid,Thibaut Courtois,True,Goalkeeper,1,start,end,1.0,0.0,0.0,0.0,0.0,0.0,0.0,0.0,2.0,7.0,0.0,0.0,0.0,0.0,
ESP-La Liga,2324,2024-05-04 Real Sociedad-Las Palmas,Las Palmas,Álvaro Valles,False,Goalkeeper,1,start,end,1.0,0.0,0.0,0.0,0.0,0.0,0.0,1.0,3.0,8.0,0.0,0.0,0.0,0.0,
ESP-La Liga,2324,2024-05-04 Real Sociedad-Las Palmas,Real Sociedad,Álex Remiro,True,Goalkeeper,1,start,end,1.0,0.0,0.0,0.0,0.0,0.0,0.0,0.0,1.0,6.0,0.0,0.0,0.0,0.0,
ESP-La Liga,2324,2024-05-05 Celta Vigo-Villarreal,Celta Vigo,Vicente Guaita,True,Goalkeeper,1,start,end,1.0,0.0,0.0,0.0,0.0,0.0,0.0,2.0,1.0,9.0,0.0,0.0,0.0,0.0,
ESP-La Liga,2324,2024-05-05 Celta Vigo-Villarreal,Villarreal,Filip Jørgensen,False,Goalkeeper,1,start,end,1.0,0.0,0.0,0.0,0.0,0.0,0.0,3.0,4.0,20.0,0.0,0.0,0.0,0.0,
ESP-La Liga,2324,2024-05-05 Osasuna-Real Betis,Osasuna,Sergio Herrera,True,Goalkeeper,1,start,end,1.0,0.0,1.0,0.0,0.0,0.0,0.0,2.0,2.0,8.0,0.0,0.0,0.0,0.0,
ESP-La Liga,2324,2024-05-05 Osasuna-Real Betis,Real Betis,Rui Silva,False,Goalkeeper,1,start,end,1.0,0.0,1.0,0.0,0.0,0.0,1.0,0.0,2.0,12.0,0.0,0.0,0.0,0.0,
ESP-La Liga,2324,2024-05-05 Rayo Vallecano-Almería,Almería,Luís Maximiano,False,Goalkeeper,1,start,end,1.0,0.0,0.0,0.0,0.0,0.0,0.0,0.0,12.0,27.0,0.0,0.0,0.0,0.0,
ESP-La Liga,2324,2024-05-05 Rayo Vallecano-Almería,Rayo Vallecano,Stole Dimitrievski,True,Goalkeeper,1,start,end,1.0,0.0,0.0,0.0,0.0,0.0,0.0,1.0,1.0,7.0,0.0,0.0,0.0,0.0,
ESP-La Liga,2324,2024-05-05 Sevilla-Granada,Granada,Augusto Batalla,False,Goalkeeper,1,start,end,1.0,0.0,0.0,0.0,0.0,0.0,0.0,3.0,2.0,8.0,0.0,0.0,0.0,0.0,
ESP-La Liga,2324,2024-05-05 Sevilla-Granada,Sevilla,Ørjan Nyland,True,Goalkeeper,1,start,end,1.0,0.0,0.0,0.0,0.0,0.0,0.0,0.0,3.0,7.0,0.0,0.0,0.0,0.0,
ESP-La Liga,2324,2024-05-05 Valencia-Alavés,Alavés,Antonio Sivera,False,Goalkeeper,1,start,end,1.0,0.0,0.0,0.0,0.0,0.0,0.0,0.0,1.0,13.0,0.0,0.0,0.0,0.0,
ESP-La Liga,2324,2024-05-05 Valencia-Alavés,Valencia,Jaume Doménech,True,Goalkeeper,1,start,34,1.0,0.0,1.0,0.0,0.0,0.0,0.0,0.0,1.0,4.0,0.0,0.0,0.0,0.0,
ESP-La Liga,2324,2024-05-10 Alavés-Girona,Alavés,Jesús Owono,True,Goalkeeper,1,start,end,1.0,0.0,0.0,0.0,0.0,0.0,1.0,2.0,3.0,13.0,0.0,0.0,0.0,0.0,
ESP-La Liga,2324,2024-05-10 Alavés-Girona,Girona,Paulo Gazzaniga,False,Goalkeeper,1,start,end,1.0,0.0,0.0,0.0,0.0,0.0,0.0,2.0,6.0,12.0,0.0,0.0,0.0,0.0,
ESP-La Liga,2324,2024-05-11 Athletic Club-Osasuna,Athletic Club,Unai Simón,True,Goalkeeper,1,start,end,1.0,0.0,0.0,0.0,0.0,0.0,0.0,2.0,2.0,11.0,0.0,0.0,0.0,0.0,
ESP-La Liga,2324,2024-05-11 Athletic Club-Osasuna,Osasuna,Sergio Herrera,False,Goalkeeper,1,start,end,1.0,0.0,0.0,0.0,0.0,0.0,0.0,2.0,4.0,13.0,0.0,0.0,0.0,0.0,
ESP-La Liga,2324,2024-05-11 Granada-Real Madrid,Granada,Augusto Batalla,True,Goalkeeper,1,start,end,1.0,0.0,0.0,0.0,0.0,0.0,0.0,4.0,3.0,9.0,0.0,0.0,0.0,0.0,
ESP-La Liga,2324,2024-05-11 Granada-Real Madrid,Real Madrid,Thibaut Courtois,False,Goalkeeper,1,start,end,1.0,0.0,1.0,0.0,0.0,0.0,0.0,0.0,2.0,11.0,0.0,0.0,0.0,0.0,
ESP-La Liga,2324,2024-05-11 Mallorca-Las Palmas,Las Palmas,Álvaro Valles,False,Goalkeeper,1,start,end,1.0,0.0,0.0,0.0,0.0,0.0,0.0,1.0,1.0,5.0,0.0,0.0,0.0,0.0,
ESP-La Liga,2324,2024-05-11 Mallorca-Las Palmas,Mallorca,Predrag Rajkovic,True,Goalkeeper,1,start,end,1.0,0.0,0.0,0.0,0.0,0.0,0.0,0.0,1.0,7.0,0.0,0.0,0.0,0.0,
ESP-La Liga,2324,2024-05-11 Villarreal-Sevilla,Sevilla,Ørjan Nyland,False,Goalkeeper,1,start,end,1.0,0.0,0.0,0.0,0.0,0.0,0.0,3.0,4.0,20.0,0.0,0.0,0.0,0.0,
ESP-La Liga,2324,2024-05-11 Villarreal-Sevilla,Villarreal,Filip Jørgensen,True,Goalkeeper,1,start,end,1.0,0.0,0.0,0.0,0.0,0.0,0.0,2.0,2.0,5.0,0.0,0.0,0.0,0.0,
ESP-La Liga,2324,2024-05-12 Atlético Madrid-Celta Vigo,Atlético Madrid,Jan Oblak,True,Goalkeeper,1,start,end,1.0,0.0,0.0,0.0,0.0,0.0,0.0,0.0,2.0,6.0,0.0,0.0,0.0,0.0,
ESP-La Liga,2324,2024-05-12 Atlético Madrid-Celta Vigo,Celta Vigo,Vicente Guaita,False,Goalkeeper,1,start,end,1.0,0.0,0.0,0.0,0.0,0.0,0.0,1.0,7.0,19.0,0.0,0.0,0.0,0.0,
ESP-La Liga,2324,2024-05-12 Cádiz-Getafe,Cádiz,Jeremias Ledesma,True,Goalkeeper,1,start,end,1.0,0.0,1.0,0.0,0.0,0.0,0.0,0.0,5.0,10.0,0.0,0.0,0.0,0.0,
ESP-La Liga,2324,2024-05-12 Cádiz-Getafe,Getafe,David Soria,False,Goalkeeper,1,start,end,1.0,0.0,1.0,0.0,0.0,0.0,0.0,1.0,5.0,12.0,0.0,0.0,0.0,0.0,
ESP-La Liga,2324,2024-05-12 Real Betis-Almería,Almería,Luís Maximiano,False,Goalkeeper,1,start,end,1.0,0.0,0.0,0.0,0.0,0.0,0.0,3.0,5.0,11.0,0.0,0.0,0.0,0.0,
ESP-La Liga,2324,2024-05-12 Real Betis-Almería,Real Betis,Rui Silva,True,Goalkeeper,1,start,end,1.0,0.0,0.0,0.0,0.0,0.0,0.0,2.0,5.0,11.0,0.0,0.0,0.0,0.0,
ESP-La Liga,2324,2024-05-12 Valencia-Rayo Vallecano,Rayo Vallecano,Stole Dimitrievski,False,Goalkeeper,1,start,end,1.0,0.0,0.0,0.0,0.0,0.0,0.0,0.0,5.0,13.0,0.0,0.0,0.0,0.0,
ESP-La Liga,2324,2024-05-12 Valencia-Rayo Vallecano,Valencia,Giorgi Mamardashvili,True,Goalkeeper,1,start,end,1.0,0.0,0.0,0.0,0.0,0.0,0.0,0.0,2.0,12.0,0.0,0.0,0.0,0.0,
ESP-La Liga,2324,2024-05-13 Barcelona-Real Sociedad,Barcelona,Marc-André ter Stegen,True,Goalkeeper,1,start,end,1.0,0.0,0.0,0.0,0.0,0.0,0.0,0.0,3.0,10.0,0.0,0.0,0.0,0.0,
ESP-La Liga,2324,2024-05-13 Barcelona-Real Sociedad,Real Sociedad,Álex Remiro,False,Goalkeeper,1,start,end,1.0,0.0,1.0,0.0,0.0,0.0,0.0,2.0,3.0,12.0,0.0,0.0,0.0,0.0,
ESP-La Liga,2324,2024-05-14 Girona-Villarreal,Girona,Paulo Gazzaniga,True,Goalkeeper,1,start,end,1.0,0.0,0.0,0.0,0.0,0.0,0.0,1.0,2.0,11.0,0.0,0.0,0.0,0.0,
ESP-La Liga,2324,2024-05-14 Girona-Villarreal,Villarreal,Filip Jørgensen,False,Goalkeeper,1,start,end,1.0,0.0,0.0,0.0,0.0,0.0,0.0,0.0,4.0,22.0,0.0,0.0,0.0,0.0,
ESP-La Liga,2324,2024-05-14 Osasuna-Mallorca,Mallorca,Predrag Rajkovic,False,Goalkeeper,1,start,end,1.0,0.0,0.0,0.0,0.0,0.0,0.0,1.0,3.0,8.0,0.0,0.0,0.0,0.0,
ESP-La Liga,2324,2024-05-14 Osasuna-Mallorca,Osasuna,Aitor Fernández,True,Goalkeeper,1,start,end,1.0,0.0,0.0,0.0,0.0,0.0,0.0,1.0,3.0,7.0,0.0,0.0,0.0,0.0,
ESP-La Liga,2324,2024-05-14 Real Madrid-Alavés,Alavés,Jesús Owono,False,Goalkeeper,1,start,end,1.0,0.0,0.0,0.0,0.0,0.0,0.0,5.0,6.0,17.0,0.0,0.0,0.0,0.0,
ESP-La Liga,2324,2024-05-14 Real Madrid-Alavés,Real Madrid,Thibaut Courtois,True,Goalkeeper,1,start,end,1.0,0.0,0.0,0.0,0.0,0.0,0.0,0.0,10.0,16.0,0.0,0.0,0.0,0.0,
ESP-La Liga,2324,2024-05-15 Celta Vigo-Athletic Club,Athletic Club,Unai Simón,False,Goalkeeper,1,start,62,1.0,0.0,0.0,0.0,0.0,0.0,0.0,0.0,1.0,6.0,0.0,0.0,0.0,0.0,
ESP-La Liga,2324,2024-05-15 Celta Vigo-Athletic Club,Celta Vigo,Iván Villar,True,Goalkeeper,1,start,end,1.0,0.0,0.0,0.0,0.0,0.0,0.0,1.0,1.0,6.0,0.0,0.0,0.0,0.0,
ESP-La Liga,2324,2024-05-15 Getafe-Atlético Madrid,Atlético Madrid,Jan Oblak,False,Goalkeeper,1,start,end,1.0,0.0,0.0,0.0,0.0,0.0,0.0,0.0,3.0,7.0,0.0,0.0,0.0,0.0,
ESP-La Liga,2324,2024-05-15 Getafe-Atlético Madrid,Getafe,David Soria,True,Goalkeeper,1,start,end,1.0,0.0,0.0,0.0,0.0,0.0,0.0,3.0,0.0,4.0,0.0,0.0,0.0,0.0,
ESP-La Liga,2324,2024-05-15 Rayo Vallecano-Granada,Granada,Marc Martínez Aranda,False,Goalkeeper,1,start,end,1.0,0.0,0.0,0.0,0.0,0.0,0.0,2.0,8.0,15.0,0.0,0.0,0.0,0.0,
ESP-La Liga,2324,2024-05-15 Rayo Vallecano-Granada,Rayo Vallecano,Stole Dimitrievski,True,Goalkeeper,1,start,end,1.0,0.0,0.0,0.0,0.0,0.0,0.0,1.0,0.0,9.0,0.0,0.0,0.0,0.0,
ESP-La Liga,2324,2024-05-15 Sevilla-Cádiz,Cádiz,Jeremias Ledesma,False,Goalkeeper,1,start,end,1.0,0.0,0.0,0.0,0.0,0.0,0.0,0.0,3.0,13.0,0.0,0.0,0.0,0.0,
ESP-La Liga,2324,2024-05-15 Sevilla-Cádiz,Sevilla,Ørjan Nyland,True,Goalkeeper,1,start,end,1.0,0.0,0.0,0.0,0.0,0.0,0.0,1.0,6.0,18.0,0.0,0.0,0.0,0.0,
ESP-La Liga,2324,2024-05-16 Almería-Barcelona,Almería,Luís Maximiano,True,Goalkeeper,1,start,end,1.0,0.0,0.0,0.0,0.0,0.0,0.0,2.0,5.0,14.0,0.0,0.0,0.0,0.0,
ESP-La Liga,2324,2024-05-16 Almería-Barcelona,Barcelona,Marc-André ter Stegen,False,Goalkeeper,1,start,end,1.0,0.0,0.0,0.0,0.0,0.0,0.0,0.0,3.0,12.0,0.0,0.0,0.0,0.0,
ESP-La Liga,2324,2024-05-16 Las Palmas-Real Betis,Las Palmas,Álvaro Valles,True,Goalkeeper,1,start,end,1.0,0.0,0.0,0.0,0.0,0.0,0.0,1.0,3.0,5.0,0.0,0.0,0.0,0.0,
ESP-La Liga,2324,2024-05-16 Las Palmas-Real Betis,Real Betis,Rui Silva,False,Goalkeeper,1,start,end,1.0,0.0,0.0,0.0,0.0,0.0,0.0,2.0,7.0,12.0,0.0,0.0,0.0,0.0,
ESP-La Liga,2324,2024-05-16 Real Sociedad-Valencia,Real Sociedad,Álex Remiro,True,Goalkeeper,1,start,end,1.0,0.0,0.0,0.0,0.0,0.0,0.0,0.0,3.0,7.0,0.0,0.0,0.0,0.0,
ESP-La Liga,2324,2024-05-16 Real Sociedad-Valencia,Valencia,Giorgi Mamardashvili,False,Goalkeeper,1,start,end,1.0,0.0,0.0,0.0,0.0,0.0,0.0,1.0,4.0,9.0,0.0,0.0,0.0,0.0,
ESP-La Liga,2324,2024-05-18 Alavés-Getafe,Alavés,Jesús Owono,True,Goalkeeper,1,start,end,1.0,0.0,0.0,0.0,0.0,0.0,0.0,0.0,4.0,8.0,0.0,0.0,0.0,0.0,
ESP-La Liga,2324,2024-05-18 Alavés-Getafe,Getafe,David Soria,False,Goalkeeper,1,start,end,1.0,0.0,0.0,0.0,0.0,0.0,0.0,1.0,1.0,7.0,0.0,0.0,0.0,0.0,
ESP-La Liga,2324,2024-05-19 Athletic Club-Sevilla,Athletic Club,Julen Agirrezabala,True,Goalkeeper,1,start,end,1.0,0.0,0.0,0.0,0.0,0.0,0.0,0.0,4.0,9.0,0.0,0.0,0.0,0.0,
ESP-La Liga,2324,2024-05-19 Athletic Club-Sevilla,Sevilla,Ørjan Nyland,False,Goalkeeper,1,start,end,1.0,0.0,0.0,0.0,0.0,0.0,0.0,2.0,5.0,11.0,0.0,0.0,0.0,0.0,
ESP-La Liga,2324,2024-05-19 Atlético Madrid-Osasuna,Atlético Madrid,Jan Oblak,True,Goalkeeper,1,start,end,1.0,0.0,0.0,0.0,0.0,0.0,0.0,4.0,2.0,11.0,0.0,0.0,0.0,0.0,
ESP-La Liga,2324,2024-05-19 Atlético Madrid-Osasuna,Osasuna,Sergio Herrera,False,Goalkeeper,1,start,end,1.0,0.0,0.0,0.0,0.0,0.0,0.0,1.0,2.0,15.0,0.0,0.0,0.0,0.0,
ESP-La Liga,2324,2024-05-19 Barcelona-Rayo Vallecano,Barcelona,Marc-André ter Stegen,True,Goalkeeper,1,start,end,1.0,0.0,0.0,0.0,0.0,0.0,0.0,0.0,4.0,17.0,0.0,0.0,0.0,0.0,
ESP-La Liga,2324,2024-05-19 Barcelona-Rayo Vallecano,Rayo Vallecano,Stole Dimitrievski,False,Goalkeeper,1,start,end,1.0,0.0,0.0,0.0,0.0,0.0,0.0,3.0,3.0,11.0,0.0,0.0,0.0,0.0,
ESP-La Liga,2324,2024-05-19 Cádiz-Las Palmas,Cádiz,Jeremias Ledesma,True,Goalkeeper,1,start,end,1.0,0.0,0.0,0.0,0.0,0.0,0.0,0.0,1.0,9.0,0.0,0.0,0.0,0.0,
ESP-La Liga,2324,2024-05-19 Cádiz-Las Palmas,Las Palmas,Álvaro Valles,False,Goalkeeper,1,start,end,1.0,0.0,0.0,0.0,0.0,0.0,0.0,0.0,3.0,10.0,0.0,0.0,0.0,0.0,
ESP-La Liga,2324,2024-05-19 Granada-Celta Vigo,Celta Vigo,Vicente Guaita,False,Goalkeeper,1,start,end,1.0,1.0,0.0,0.0,0.0,0.0,0.0,1.0,2.0,9.0,0.0,0.0,0.0,0.0,
ESP-La Liga,2324,2024-05-19 Granada-Celta Vigo,Granada,Marc Martínez Aranda,True,Goalkeeper,1,start,end,1.0,0.0,0.0,0.0,0.0,0.0,0.0,2.0,3.0,6.0,0.0,0.0,0.0,0.0,
ESP-La Liga,2324,2024-05-19 Mallorca-Almería,Almería,Fernando Martínez,False,Goalkeeper,1,start,end,1.0,0.0,0.0,0.0,0.0,0.0,0.0,2.0,6.0,27.0,0.0,0.0,0.0,0.0,
ESP-La Liga,2324,2024-05-19 Mallorca-Almería,Mallorca,Predrag Rajkovic,True,Goalkeeper,1,start,end,1.0,0.0,0.0,0.0,0.0,0.0,0.0,2.0,1.0,5.0,0.0,0.0,0.0,0.0,
ESP-La Liga,2324,2024-05-19 Real Betis-Real Sociedad,Real Betis,Rui Silva,True,Goalkeeper,1,start,end,1.0,0.0,0.0,0.0,0.0,0.0,0.0,2.0,1.0,3.0,0.0,0.0,0.0,0.0,
ESP-La Liga,2324,2024-05-19 Real Betis-Real Sociedad,Real Sociedad,Álex Remiro,False,Goalkeeper,1,start,end,1.0,0.0,0.0,0.0,0.0,0.0,0.0,0.0,8.0,16.0,0.0,0.0,0.0,0.0,
ESP-La Liga,2324,2024-05-19 Valencia-Girona,Girona,Paulo Gazzaniga,False,Goalkeeper,1,start,end,1.0,0.0,1.0,0.0,0.0,0.0,0.0,1.0,5.0,19.0,0.0,0.0,0.0,0.0,
ESP-La Liga,2324,2024-05-19 Valencia-Girona,Valencia,Giorgi Mamardashvili,True,Goalkeeper,1,start,end,1.0,0.0,0.0,0.0,0.0,0.0,0.0,2.0,3.0,14.0,0.0,0.0,0.0,0.0,
ESP-La Liga,2324,2024-05-19 Villarreal-Real Madrid,Real Madrid,Andriy Lunin,False,Goalkeeper,1,start,end,1.0,0.0,0.0,0.0,0.0,0.0,0.0,4.0,3.0,18.0,0.0,0.0,0.0,0.0,
ESP-La Liga,2324,2024-05-19 Villarreal-Real Madrid,Villarreal,Filip Jørgensen,True,Goalkeeper,1,start,end,1.0,0.0,0.0,0.0,0.0,0.0,0.0,4.0,2.0,8.0,0.0,0.0,0.0,0.0,
ESP-La Liga,2324,2024-05-24 Girona-Granada,Girona,Paulo Gazzaniga,True,Goalkeeper,1,start,end,1.0,0.0,0.0,0.0,0.0,0.0,0.0,0.0,3.0,10.0,0.0,0.0,0.0,0.0,
ESP-La Liga,2324,2024-05-24 Girona-Granada,Granada,Marc Martínez Aranda,False,Goalkeeper,1,start,end,1.0,0.0,0.0,0.0,0.0,0.0,0.0,7.0,2.0,8.0,0.0,0.0,0.0,0.0,
ESP-La Liga,2324,2024-05-25 Almería-Cádiz,Almería,Fernando Martínez,True,Goalkeeper,1,start,end,1.0,0.0,0.0,0.0,0.0,0.0,0.0,1.0,3.0,11.0,0.0,0.0,0.0,0.0,
ESP-La Liga,2324,2024-05-25 Almería-Cádiz,Cádiz,David Gil,False,Goalkeeper,1,start,end,1.0,0.0,0.0,0.0,0.0,0.0,0.0,5.0,7.0,22.0,0.0,0.0,0.0,0.0,
ESP-La Liga,2324,2024-05-25 Osasuna-Villarreal,Osasuna,Aitor Fernández,True,Goalkeeper,1,start,end,1.0,0.0,0.0,0.0,0.0,0.0,0.0,1.0,2.0,9.0,0.0,0.0,0.0,0.0,
ESP-La Liga,2324,2024-05-25 Osasuna-Villarreal,Villarreal,Pepe Reina,False,Goalkeeper,1,start,end,1.0,0.0,0.0,0.0,0.0,0.0,0.0,1.0,5.0,9.0,0.0,0.0,0.0,0.0,
ESP-La Liga,2324,2024-05-25 Rayo Vallecano-Athletic Club,Athletic Club,Unai Simón,False,Goalkeeper,1,start,62,1.0,0.0,0.0,0.0,0.0,0.0,0.0,0.0,3.0,11.0,0.0,0.0,0.0,0.0,
ESP-La Liga,2324,2024-05-25 Rayo Vallecano-Athletic Club,Rayo Vallecano,Daniel Cárdenas,True,Goalkeeper,1,start,end,1.0,0.0,0.0,0.0,0.0,0.0,0.0,1.0,0.0,6.0,0.0,0.0,0.0,0.0,
ESP-La Liga,2324,2024-05-25 Real Madrid-Real Betis,Real Betis,Fran Vieites,False,Goalkeeper,1,start,end,1.0,0.0,0.0,0.0,0.0,0.0,0.0,0.0,4.0,13.0,0.0,0.0,0.0,0.0,
ESP-La Liga,2324,2024-05-25 Real Madrid-Real Betis,Real Madrid,Thibaut Courtois,True,Goalkeeper,1,start,63,1.0,0.0,0.0,0.0,0.0,0.0,0.0,0.0,2.0,7.0,0.0,0.0,0.0,0.0,
ESP-La Liga,2324,2024-05-25 Real Sociedad-Atlético Madrid,Atlético Madrid,Jan Oblak,False,Goalkeeper,1,start,end,1.0,0.0,0.0,0.0,0.0,0.0,0.0,0.0,2.0,15.0,0.0,0.0,0.0,0.0,
ESP-La Liga,2324,2024-05-25 Real Sociedad-Atlético Madrid,Real Sociedad,Álex Remiro,True,Goalkeeper,1,start,end,1.0,0.0,0.0,0.0,0.0,0.0,0.0,2.0,2.0,8.0,0.0,0.0,0.0,0.0,
ESP-La Liga,2324,2024-05-26 Celta Vigo-Valencia,Celta Vigo,Iván Villar,True,Goalkeeper,1,start,end,1.0,0.0,0.0,0.0,0.0,0.0,0.0,1.0,0.0,11.0,0.0,0.0,0.0,0.0,
ESP-La Liga,2324,2024-05-26 Celta Vigo-Valencia,Valencia,Giorgi Mamardashvili,False,Goalkeeper,1,start,end,1.0,0.0,0.0,0.0,0.0,0.0,0.0,2.0,2.0,7.0,0.0,0.0,0.0,0.0,
ESP-La Liga,2324,2024-05-26 Getafe-Mallorca,Getafe,David Soria,True,Goalkeeper,1,start,84,1.0,0.0,0.0,0.0,0.0,0.0,0.0,0.0,2.0,3.0,0.0,0.0,0.0,0.0,
ESP-La Liga,2324,2024-05-26 Getafe-Mallorca,Mallorca,Iván Cuéllar,False,Goalkeeper,1,start,end,1.0,0.0,0.0,0.0,0.0,0.0,0.0,1.0,5.0,15.0,0.0,0.0,0.0,0.0,
ESP-La Liga,2324,2024-05-26 Las Palmas-Alavés,Alavés,Jesús Owono,False,Goalkeeper,1,start,end,1.0,0.0,0.0,0.0,0.0,0.0,0.0,1.0,3.0,8.0,0.0,0.0,0.0,0.0,
ESP-La Liga,2324,2024-05-26 Las Palmas-Alavés,Las Palmas,Álvaro Valles,True,Goalkeeper,1,start,end,1.0,0.0,0.0,0.0,0.0,0.0,0.0,1.0,2.0,12.0,0.0,0.0,0.0,0.0,
ESP-La Liga,2324,2024-05-26 Sevilla-Barcelona,Barcelona,Marc-André ter Stegen,False,Goalkeeper,1,start,end,1.0,0.0,0.0,0.0,0.0,0.0,0.0,1.0,5.0,15.0,0.0,0.0,0.0,0.0,
ESP-La Liga,2324,2024-05-26 Sevilla-Barcelona,Sevilla,Ørjan Nyland,True,Goalkeeper,1,start,end,1.0,0.0,0.0,0.0,0.0,0.0,0.0,2.0,4.0,9.0,0.0,0.0,0.0,0.0,
