league,season,game,team,player,is_home,position,formation_place,sub_in,sub_out,appearances,fouls_committed,fouls_suffered,own_goals,red_cards,sub_ins,yellow_cards,goals_conceded,saves,shots_faced,goal_assists,shots_on_target,total_goals,total_shots,offsides
FRA-Ligue 1,1819,2018-08-10 Marseille-Toulouse,Marseille,Yohann Pelé,True,Goalkeeper,1,start,end,1.0,0.0,0.0,0.0,0.0,0.0,0.0,0.0,1.0,0.0,0.0,0.0,0.0,0.0,
FRA-Ligue 1,1819,2018-08-10 Marseille-Toulouse,Toulouse,Baptiste Reynet,False,Goalkeeper,1,start,end,1.0,0.0,0.0,0.0,0.0,0.0,0.0,4.0,6.0,0.0,0.0,0.0,0.0,0.0,
FRA-Ligue 1,1819,2018-08-11 Angers-Nimes,Angers,Ludovic Butelle,True,Goalkeeper,1,start,end,1.0,0.0,1.0,0.0,0.0,0.0,0.0,4.0,1.0,0.0,0.0,0.0,0.0,0.0,
FRA-Ligue 1,1819,2018-08-11 Angers-Nimes,Nimes,Paul Bernardoni,False,Goalkeeper,1,start,end,1.0,0.0,0.0,0.0,0.0,0.0,0.0,3.0,4.0,0.0,0.0,0.0,0.0,0.0,
FRA-Ligue 1,1819,2018-08-11 Lille-Stade Rennais,Lille,Mike Maignan,True,Goalkeeper,1,start,end,1.0,0.0,0.0,0.0,0.0,0.0,0.0,1.0,1.0,0.0,0.0,0.0,0.0,0.0,
FRA-Ligue 1,1819,2018-08-11 Lille-Stade Rennais,Stade Rennais,Tomas Koubek,False,Goalkeeper,1,start,end,1.0,0.0,0.0,0.0,0.0,0.0,0.0,3.0,3.0,0.0,0.0,0.0,0.0,0.0,
FRA-Ligue 1,1819,2018-08-11 Montpellier-Dijon FCO,Dijon FCO,Rúnar Rúnarsson,False,Goalkeeper,1,start,end,1.0,0.0,0.0,0.0,0.0,0.0,0.0,1.0,6.0,0.0,0.0,0.0,0.0,0.0,
FRA-Ligue 1,1819,2018-08-11 Montpellier-Dijon FCO,Montpellier,Benjamin Lecomte,True,Goalkeeper,1,start,end,1.0,0.0,1.0,0.0,0.0,0.0,0.0,2.0,2.0,0.0,0.0,0.0,0.0,0.0,
FRA-Ligue 1,1819,2018-08-11 Nantes-AS Monaco,AS Monaco,Diego Benaglio,False,Goalkeeper,1,start,end,1.0,0.0,0.0,0.0,0.0,0.0,0.0,1.0,3.0,0.0,0.0,0.0,0.0,0.0,
FRA-Ligue 1,1819,2018-08-11 Nantes-AS Monaco,Nantes,Ciprian Tatarusanu,True,Goalkeeper,1,start,end,1.0,0.0,0.0,0.0,0.0,0.0,0.0,3.0,3.0,0.0,0.0,0.0,0.0,0.0,
FRA-Ligue 1,1819,2018-08-11 Nice-Stade de Reims,Nice,Yoan Cardinale,True,Goalkeeper,1,start,end,1.0,0.0,0.0,0.0,0.0,0.0,0.0,1.0,2.0,0.0,0.0,0.0,0.0,0.0,
FRA-Ligue 1,1819,2018-08-11 Nice-Stade de Reims,Stade de Reims,Édouard Mendy,False,Goalkeeper,1,start,end,1.0,0.0,1.0,0.0,0.0,0.0,0.0,0.0,1.0,0.0,0.0,0.0,0.0,0.0,
FRA-Ligue 1,1819,2018-08-11 Saint-Étienne-Guingamp,Guingamp,Karl-Johan Johnsson,False,Goalkeeper,1,start,end,1.0,0.0,1.0,0.0,0.0,0.0,0.0,2.0,4.0,0.0,0.0,0.0,0.0,0.0,
FRA-Ligue 1,1819,2018-08-11 Saint-Étienne-Guingamp,Saint-Étienne,Stéphane Ruffier,True,Goalkeeper,1,start,end,1.0,1.0,0.0,0.0,0.0,0.0,1.0,1.0,4.0,0.0,0.0,0.0,0.0,0.0,
FRA-Ligue 1,1819,2018-08-12 Bordeaux-Strasbourg,Bordeaux,Benoit Costil,True,Goalkeeper,1,start,end,1.0,0.0,1.0,0.0,0.0,0.0,0.0,2.0,4.0,0.0,0.0,0.0,0.0,0.0,
FRA-Ligue 1,1819,2018-08-12 Bordeaux-Strasbourg,Strasbourg,Matz Sels,False,Goalkeeper,1,start,end,1.0,0.0,1.0,0.0,0.0,0.0,0.0,0.0,2.0,0.0,0.0,0.0,0.0,0.0,
FRA-Ligue 1,1819,2018-08-12 Lyon-SC Amiens,Lyon,Mathieu Gorgelin,True,Goalkeeper,1,start,end,1.0,0.0,0.0,0.0,0.0,0.0,0.0,0.0,1.0,0.0,0.0,0.0,0.0,0.0,
FRA-Ligue 1,1819,2018-08-12 Lyon-SC Amiens,SC Amiens,Régis Gurtner,False,Goalkeeper,1,start,end,1.0,0.0,0.0,0.0,0.0,0.0,0.0,2.0,5.0,0.0,0.0,0.0,0.0,0.0,
FRA-Ligue 1,1819,2018-08-12 Paris Saint-Germain-Caen,Caen,Brice Samba,False,Goalkeeper,1,start,end,1.0,0.0,0.0,0.0,0.0,0.0,0.0,3.0,5.0,0.0,0.0,0.0,0.0,0.0,
FRA-Ligue 1,1819,2018-08-12 Paris Saint-Germain-Caen,Paris Saint-Germain,Gianluigi Buffon,True,Goalkeeper,1,start,end,1.0,0.0,0.0,0.0,0.0,0.0,0.0,0.0,2.0,0.0,0.0,0.0,0.0,0.0,
FRA-Ligue 1,1819,2018-08-17 Stade de Reims-Lyon,Lyon,Mathieu Gorgelin,False,Goalkeeper,1,start,end,1.0,0.0,0.0,0.0,0.0,0.0,0.0,1.0,1.0,0.0,0.0,0.0,0.0,0.0,
FRA-Ligue 1,1819,2018-08-17 Stade de Reims-Lyon,Stade de Reims,Édouard Mendy,True,Goalkeeper,1,start,end,1.0,0.0,0.0,0.0,0.0,0.0,0.0,0.0,5.0,0.0,0.0,0.0,0.0,0.0,
FRA-Ligue 1,1819,2018-08-18 AS Monaco-Lille,AS Monaco,Diego Benaglio,True,Goalkeeper,1,start,end,1.0,0.0,1.0,0.0,0.0,0.0,0.0,0.0,4.0,0.0,0.0,0.0,0.0,0.0,
FRA-Ligue 1,1819,2018-08-18 AS Monaco-Lille,Lille,Mike Maignan,False,Goalkeeper,1,start,end,1.0,0.0,0.0,0.0,0.0,0.0,0.0,0.0,1.0,0.0,0.0,0.0,0.0,0.0,
FRA-Ligue 1,1819,2018-08-18 Caen-Nice,Caen,Brice Samba,True,Goalkeeper,1,start,end,1.0,0.0,0.0,0.0,0.0,0.0,0.0,1.0,4.0,0.0,0.0,0.0,0.0,0.0,
FRA-Ligue 1,1819,2018-08-18 Caen-Nice,Nice,Yoan Cardinale,False,Goalkeeper,1,start,end,1.0,0.0,0.0,0.0,0.0,0.0,0.0,1.0,3.0,0.0,0.0,0.0,0.0,0.0,
FRA-Ligue 1,1819,2018-08-18 Dijon FCO-Nantes,Dijon FCO,Rúnar Rúnarsson,True,Goalkeeper,1,start,end,1.0,0.0,0.0,0.0,0.0,0.0,0.0,0.0,0.0,0.0,0.0,0.0,0.0,0.0,
FRA-Ligue 1,1819,2018-08-18 Dijon FCO-Nantes,Nantes,Ciprian Tatarusanu,False,Goalkeeper,1,start,end,1.0,0.0,0.0,0.0,0.0,0.0,0.0,2.0,5.0,0.0,0.0,0.0,0.0,0.0,
FRA-Ligue 1,1819,2018-08-18 Guingamp-Paris Saint-Germain,Guingamp,Karl-Johan Johnsson,True,Goalkeeper,1,start,end,1.0,0.0,0.0,0.0,0.0,0.0,0.0,3.0,3.0,0.0,0.0,0.0,0.0,0.0,
FRA-Ligue 1,1819,2018-08-18 Guingamp-Paris Saint-Germain,Paris Saint-Germain,Gianluigi Buffon,False,Goalkeeper,1,start,end,1.0,0.0,0.0,0.0,0.0,0.0,0.0,1.0,2.0,0.0,0.0,0.0,0.0,0.0,
FRA-Ligue 1,1819,2018-08-18 SC Amiens-Montpellier,Montpellier,Benjamin Lecomte,False,Goalkeeper,1,start,end,1.0,0.0,0.0,0.0,0.0,0.0,0.0,1.0,1.0,0.0,0.0,0.0,0.0,0.0,
FRA-Ligue 1,1819,2018-08-18 SC Amiens-Montpellier,SC Amiens,Régis Gurtner,True,Goalkeeper,1,start,end,1.0,0.0,0.0,0.0,0.0,0.0,0.0,2.0,1.0,0.0,0.0,0.0,0.0,0.0,
FRA-Ligue 1,1819,2018-08-18 Stade Rennais-Angers,Angers,Ludovic Butelle,False,Goalkeeper,1,start,end,1.0,0.0,0.0,0.0,0.0,0.0,0.0,1.0,1.0,0.0,0.0,0.0,0.0,0.0,
FRA-Ligue 1,1819,2018-08-18 Stade Rennais-Angers,Stade Rennais,Tomas Koubek,True,Goalkeeper,1,start,end,1.0,0.0,1.0,0.0,0.0,0.0,0.0,0.0,0.0,0.0,0.0,0.0,0.0,0.0,
FRA-Ligue 1,1819,2018-08-19 Nimes-Marseille,Marseille,Steve Mandanda,False,Goalkeeper,1,start,65,1.0,0.0,0.0,0.0,0.0,0.0,0.0,2.0,2.0,0.0,0.0,0.0,0.0,0.0,
FRA-Ligue 1,1819,2018-08-19 Nimes-Marseille,Nimes,Paul Bernardoni,True,Goalkeeper,1,start,end,1.0,0.0,0.0,0.0,0.0,0.0,0.0,1.0,5.0,0.0,0.0,0.0,0.0,0.0,
FRA-Ligue 1,1819,2018-08-19 Strasbourg-Saint-Étienne,Saint-Étienne,Stéphane Ruffier,False,Goalkeeper,1,start,end,1.0,0.0,0.0,0.0,0.0,0.0,0.0,1.0,4.0,0.0,0.0,0.0,0.0,0.0,
FRA-Ligue 1,1819,2018-08-19 Strasbourg-Saint-Étienne,Strasbourg,Matz Sels,True,Goalkeeper,1,start,end,1.0,0.0,0.0,0.0,0.0,0.0,0.0,1.0,1.0,0.0,0.0,0.0,0.0,0.0,
FRA-Ligue 1,1819,2018-08-19 Toulouse-Bordeaux,Bordeaux,Benoit Costil,False,Goalkeeper,1,start,end,1.0,0.0,0.0,0.0,0.0,0.0,0.0,2.0,3.0,0.0,0.0,0.0,0.0,0.0,
FRA-Ligue 1,1819,2018-08-19 Toulouse-Bordeaux,Toulouse,Baptiste Reynet,True,Goalkeeper,1,start,end,1.0,0.0,0.0,0.0,0.0,0.0,0.0,1.0,7.0,0.0,0.0,0.0,0.0,0.0,
FRA-Ligue 1,1819,2018-08-24 Lyon-Strasbourg,Lyon,Anthony Lopes,True,Goalkeeper,1,start,end,1.0,0.0,0.0,0.0,0.0,0.0,0.0,0.0,1.0,0.0,0.0,0.0,0.0,0.0,
FRA-Ligue 1,1819,2018-08-24 Lyon-Strasbourg,Strasbourg,Matz Sels,False,Goalkeeper,1,start,end,1.0,0.0,0.0,0.0,0.0,0.0,0.0,2.0,8.0,0.0,0.0,0.0,0.0,0.0,
FRA-Ligue 1,1819,2018-08-25 Montpellier-Saint-Étienne,Montpellier,Benjamin Lecomte,True,Goalkeeper,1,start,end,1.0,0.0,0.0,0.0,0.0,0.0,0.0,0.0,2.0,0.0,0.0,0.0,0.0,0.0,
FRA-Ligue 1,1819,2018-08-25 Montpellier-Saint-Étienne,Saint-Étienne,Stéphane Ruffier,False,Goalkeeper,1,start,end,1.0,0.0,0.0,0.0,0.0,0.0,0.0,0.0,1.0,0.0,0.0,0.0,0.0,0.0,
FRA-Ligue 1,1819,2018-08-25 Nantes-Caen,Caen,Brice Samba,False,Goalkeeper,1,start,end,1.0,0.0,0.0,0.0,0.0,0.0,0.0,1.0,2.0,0.0,0.0,0.0,0.0,0.0,
FRA-Ligue 1,1819,2018-08-25 Nantes-Caen,Nantes,Ciprian Tatarusanu,True,Goalkeeper,1,start,end,1.0,0.0,0.0,0.0,0.0,0.0,0.0,1.0,1.0,0.0,0.0,0.0,0.0,0.0,
FRA-Ligue 1,1819,2018-08-25 Nice-Dijon FCO,Dijon FCO,Rúnar Rúnarsson,False,Goalkeeper,1,start,end,1.0,0.0,0.0,0.0,0.0,0.0,0.0,0.0,3.0,0.0,0.0,0.0,0.0,0.0,
FRA-Ligue 1,1819,2018-08-25 Nice-Dijon FCO,Nice,Yoan Cardinale,True,Goalkeeper,1,start,end,1.0,0.0,0.0,0.0,0.0,0.0,0.0,4.0,1.0,0.0,0.0,0.0,0.0,0.0,
FRA-Ligue 1,1819,2018-08-25 Paris Saint-Germain-Angers,Angers,Ludovic Butelle,False,Goalkeeper,1,start,end,1.0,0.0,0.0,0.0,0.0,0.0,0.0,3.0,2.0,0.0,0.0,0.0,0.0,0.0,
FRA-Ligue 1,1819,2018-08-25 Paris Saint-Germain-Angers,Paris Saint-Germain,Alphonse Areola,True,Goalkeeper,1,start,end,1.0,0.0,0.0,0.0,0.0,0.0,0.0,1.0,5.0,0.0,0.0,0.0,0.0,0.0,
FRA-Ligue 1,1819,2018-08-25 SC Amiens-Stade de Reims,SC Amiens,Régis Gurtner,True,Goalkeeper,1,start,end,1.0,0.0,1.0,0.0,0.0,0.0,0.0,1.0,2.0,0.0,0.0,0.0,0.0,0.0,
FRA-Ligue 1,1819,2018-08-25 SC Amiens-Stade de Reims,Stade de Reims,Édouard Mendy,False,Goalkeeper,1,start,end,1.0,0.0,0.0,0.0,0.0,0.0,0.0,4.0,4.0,0.0,0.0,0.0,0.0,0.0,
FRA-Ligue 1,1819,2018-08-25 Toulouse-Nimes,Nimes,Paul Bernardoni,False,Goalkeeper,1,start,end,1.0,0.0,0.0,0.0,0.0,0.0,0.0,1.0,3.0,0.0,0.0,0.0,0.0,0.0,
FRA-Ligue 1,1819,2018-08-25 Toulouse-Nimes,Toulouse,Baptiste Reynet,True,Goalkeeper,1,start,end,1.0,0.0,0.0,0.0,0.0,0.0,0.0,0.0,0.0,0.0,0.0,0.0,0.0,0.0,
FRA-Ligue 1,1819,2018-08-26 Bordeaux-AS Monaco,AS Monaco,Diego Benaglio,False,Goalkeeper,1,start,end,1.0,1.0,0.0,0.0,0.0,0.0,1.0,2.0,5.0,0.0,0.0,0.0,0.0,0.0,
FRA-Ligue 1,1819,2018-08-26 Bordeaux-AS Monaco,Bordeaux,Benoit Costil,True,Goalkeeper,1,start,end,1.0,0.0,0.0,0.0,0.0,0.0,0.0,1.0,4.0,0.0,0.0,0.0,0.0,0.0,
FRA-Ligue 1,1819,2018-08-26 Lille-Guingamp,Guingamp,Karl-Johan Johnsson,False,Goalkeeper,1,start,end,1.0,0.0,0.0,0.0,0.0,0.0,0.0,3.0,4.0,0.0,0.0,0.0,0.0,0.0,
FRA-Ligue 1,1819,2018-08-26 Lille-Guingamp,Lille,Mike Maignan,True,Goalkeeper,1,start,end,1.0,0.0,1.0,0.0,0.0,0.0,0.0,0.0,4.0,0.0,0.0,0.0,0.0,0.0,
FRA-Ligue 1,1819,2018-08-26 Marseille-Stade Rennais,Marseille,Yohann Pelé,True,Goalkeeper,1,start,end,1.0,0.0,0.0,0.0,0.0,0.0,0.0,2.0,0.0,0.0,0.0,0.0,0.0,0.0,
FRA-Ligue 1,1819,2018-08-26 Marseille-Stade Rennais,Stade Rennais,Tomas Koubek,False,Goalkeeper,1,start,end,1.0,0.0,0.0,0.0,0.0,0.0,0.0,2.0,2.0,0.0,0.0,0.0,0.0,0.0,
FRA-Ligue 1,1819,2018-08-31 Lyon-Nice,Lyon,Anthony Lopes,True,Goalkeeper,1,start,end,1.0,0.0,0.0,0.0,0.0,0.0,0.0,1.0,0.0,0.0,0.0,0.0,0.0,0.0,
FRA-Ligue 1,1819,2018-08-31 Lyon-Nice,Nice,Walter Benítez,False,Goalkeeper,1,start,end,1.0,0.0,0.0,0.0,0.0,0.0,0.0,0.0,9.0,0.0,0.0,0.0,0.0,0.0,
FRA-Ligue 1,1819,2018-09-01 Angers-Lille,Angers,Ludovic Butelle,True,Goalkeeper,1,start,end,1.0,0.0,0.0,0.0,0.0,0.0,0.0,0.0,4.0,0.0,0.0,0.0,0.0,0.0,
FRA-Ligue 1,1819,2018-09-01 Angers-Lille,Lille,Mike Maignan,False,Goalkeeper,1,start,end,1.0,0.0,0.0,0.0,0.0,0.0,0.0,1.0,2.0,0.0,0.0,0.0,0.0,0.0,
FRA-Ligue 1,1819,2018-09-01 Dijon FCO-Caen,Caen,Brice Samba,False,Goalkeeper,1,start,end,1.0,0.0,0.0,0.0,0.0,0.0,1.0,0.0,2.0,0.0,0.0,0.0,0.0,0.0,
FRA-Ligue 1,1819,2018-09-01 Dijon FCO-Caen,Dijon FCO,Rúnar Rúnarsson,True,Goalkeeper,1,start,end,1.0,0.0,1.0,0.0,0.0,0.0,0.0,2.0,2.0,0.0,0.0,0.0,0.0,0.0,
FRA-Ligue 1,1819,2018-09-01 Guingamp-Toulouse,Guingamp,Karl-Johan Johnsson,True,Goalkeeper,1,start,end,1.0,0.0,0.0,0.0,0.0,0.0,0.0,2.0,2.0,0.0,0.0,0.0,0.0,0.0,
FRA-Ligue 1,1819,2018-09-01 Guingamp-Toulouse,Toulouse,Baptiste Reynet,False,Goalkeeper,1,start,end,1.0,0.0,1.0,0.0,0.0,0.0,0.0,1.0,4.0,0.0,0.0,0.0,0.0,0.0,
FRA-Ligue 1,1819,2018-09-01 Nimes-Paris Saint-Germain,Nimes,Paul Bernardoni,True,Goalkeeper,1,start,end,1.0,0.0,0.0,0.0,0.0,0.0,0.0,4.0,1.0,0.0,0.0,0.0,0.0,0.0,
FRA-Ligue 1,1819,2018-09-01 Nimes-Paris Saint-Germain,Paris Saint-Germain,Alphonse Areola,False,Goalkeeper,1,start,end,1.0,0.0,0.0,0.0,0.0,0.0,0.0,2.0,4.0,0.0,0.0,0.0,0.0,0.0,
FRA-Ligue 1,1819,2018-09-01 Stade de Reims-Montpellier,Montpellier,Benjamin Lecomte,False,Goalkeeper,1,start,end,1.0,0.0,0.0,0.0,0.0,0.0,0.0,0.0,4.0,0.0,0.0,0.0,0.0,0.0,
FRA-Ligue 1,1819,2018-09-01 Stade de Reims-Montpellier,Stade de Reims,Édouard Mendy,True,Goalkeeper,1,start,end,1.0,0.0,0.0,0.0,0.0,0.0,0.0,1.0,2.0,0.0,0.0,0.0,0.0,0.0,
FRA-Ligue 1,1819,2018-09-01 Strasbourg-Nantes,Nantes,Ciprian Tatarusanu,False,Goalkeeper,1,start,end,1.0,0.0,0.0,0.0,0.0,0.0,0.0,2.0,3.0,0.0,0.0,0.0,0.0,0.0,
FRA-Ligue 1,1819,2018-09-01 Strasbourg-Nantes,Strasbourg,Matz Sels,True,Goalkeeper,1,start,end,1.0,0.0,0.0,0.0,0.0,0.0,0.0,3.0,3.0,0.0,0.0,0.0,0.0,0.0,
FRA-Ligue 1,1819,2018-09-02 AS Monaco-Marseille,AS Monaco,Diego Benaglio,True,Goalkeeper,1,start,end,1.0,0.0,0.0,0.0,0.0,0.0,0.0,3.0,2.0,0.0,0.0,0.0,0.0,0.0,
FRA-Ligue 1,1819,2018-09-02 AS Monaco-Marseille,Marseille,Yohann Pelé,False,Goalkeeper,1,start,end,1.0,0.0,0.0,0.0,0.0,0.0,0.0,2.0,1.0,0.0,0.0,0.0,0.0,0.0,
FRA-Ligue 1,1819,2018-09-02 Saint-Étienne-SC Amiens,SC Amiens,Régis Gurtner,False,Goalkeeper,1,start,end,1.0,0.0,0.0,0.0,0.0,0.0,0.0,0.0,5.0,0.0,0.0,0.0,0.0,0.0,
FRA-Ligue 1,1819,2018-09-02 Saint-Étienne-SC Amiens,Saint-Étienne,Stéphane Ruffier,True,Goalkeeper,1,start,end,1.0,0.0,0.0,0.0,0.0,0.0,0.0,0.0,2.0,0.0,0.0,0.0,0.0,0.0,
FRA-Ligue 1,1819,2018-09-02 Stade Rennais-Bordeaux,Bordeaux,Benoit Costil,False,Goalkeeper,1,start,end,1.0,0.0,0.0,0.0,0.0,0.0,0.0,2.0,5.0,0.0,0.0,0.0,0.0,0.0,
FRA-Ligue 1,1819,2018-09-02 Stade Rennais-Bordeaux,Stade Rennais,Tomas Koubek,True,Goalkeeper,1,start,end,1.0,0.0,0.0,0.0,0.0,0.0,0.0,0.0,1.0,0.0,0.0,0.0,0.0,0.0,
FRA-Ligue 1,1819,2018-09-14 Nice-Stade Rennais,Nice,Walter Benítez,True,Goalkeeper,1,start,end,1.0,0.0,1.0,0.0,0.0,0.0,0.0,1.0,2.0,0.0,0.0,0.0,0.0,0.0,
FRA-Ligue 1,1819,2018-09-14 Nice-Stade Rennais,Stade Rennais,Tomas Koubek,False,Goalkeeper,1,start,end,1.0,0.0,0.0,0.0,0.0,0.0,0.0,2.0,2.0,0.0,0.0,0.0,0.0,0.0,
FRA-Ligue 1,1819,2018-09-14 Paris Saint-Germain-Saint-Étienne,Paris Saint-Germain,Alphonse Areola,True,Goalkeeper,1,start,end,1.0,0.0,0.0,0.0,0.0,0.0,0.0,0.0,2.0,0.0,0.0,0.0,0.0,0.0,
FRA-Ligue 1,1819,2018-09-14 Paris Saint-Germain-Saint-Étienne,Saint-Étienne,Stéphane Ruffier,False,Goalkeeper,1,start,end,1.0,0.0,0.0,0.0,0.0,0.0,0.0,4.0,5.0,0.0,0.0,0.0,0.0,0.0,
FRA-Ligue 1,1819,2018-09-15 Caen-Lyon,Caen,Brice Samba,True,Goalkeeper,1,start,end,1.0,0.0,0.0,0.0,0.0,0.0,0.0,2.0,4.0,0.0,0.0,0.0,0.0,0.0,
FRA-Ligue 1,1819,2018-09-15 Caen-Lyon,Lyon,Anthony Lopes,False,Goalkeeper,1,start,end,1.0,0.0,0.0,0.0,0.0,0.0,0.0,2.0,2.0,0.0,0.0,0.0,0.0,0.0,
FRA-Ligue 1,1819,2018-09-15 Dijon FCO-Angers,Angers,Ludovic Butelle,False,Goalkeeper,1,start,end,1.0,0.0,0.0,0.0,0.0,0.0,0.0,1.0,2.0,0.0,0.0,0.0,0.0,0.0,
FRA-Ligue 1,1819,2018-09-15 Dijon FCO-Angers,Dijon FCO,Rúnar Rúnarsson,True,Goalkeeper,1,start,end,1.0,0.0,0.0,0.0,0.0,0.0,0.0,3.0,3.0,0.0,0.0,0.0,0.0,0.0,
FRA-Ligue 1,1819,2018-09-15 Montpellier-Strasbourg,Montpellier,Benjamin Lecomte,True,Goalkeeper,1,start,end,1.0,0.0,0.0,0.0,0.0,0.0,0.0,1.0,0.0,0.0,0.0,0.0,0.0,0.0,
FRA-Ligue 1,1819,2018-09-15 Montpellier-Strasbourg,Strasbourg,Matz Sels,False,Goalkeeper,1,start,end,1.0,0.0,0.0,0.0,0.0,0.0,0.0,1.0,2.0,0.0,0.0,0.0,0.0,0.0,
FRA-Ligue 1,1819,2018-09-15 SC Amiens-Lille,Lille,Mike Maignan,False,Goalkeeper,1,start,end,1.0,0.0,0.0,0.0,0.0,0.0,0.0,2.0,2.0,0.0,0.0,0.0,0.0,0.0,
FRA-Ligue 1,1819,2018-09-15 SC Amiens-Lille,SC Amiens,Régis Gurtner,True,Goalkeeper,1,start,end,1.0,0.0,0.0,0.0,0.0,0.0,0.0,3.0,6.0,0.0,0.0,0.0,0.0,0.0,
FRA-Ligue 1,1819,2018-09-15 Toulouse-AS Monaco,AS Monaco,Diego Benaglio,False,Goalkeeper,1,start,end,1.0,0.0,0.0,0.0,0.0,0.0,0.0,1.0,5.0,0.0,0.0,0.0,0.0,0.0,
FRA-Ligue 1,1819,2018-09-15 Toulouse-AS Monaco,Toulouse,Baptiste Reynet,True,Goalkeeper,1,start,end,1.0,0.0,0.0,0.0,0.0,0.0,0.0,1.0,1.0,0.0,0.0,0.0,0.0,0.0,
FRA-Ligue 1,1819,2018-09-16 Bordeaux-Nimes,Bordeaux,Benoit Costil,True,Goalkeeper,1,start,end,1.0,0.0,0.0,0.0,0.0,0.0,0.0,3.0,2.0,0.0,0.0,0.0,0.0,0.0,
FRA-Ligue 1,1819,2018-09-16 Bordeaux-Nimes,Nimes,Paul Bernardoni,False,Goalkeeper,1,start,end,1.0,0.0,0.0,0.0,0.0,0.0,0.0,3.0,1.0,0.0,0.0,0.0,0.0,0.0,
FRA-Ligue 1,1819,2018-09-16 Marseille-Guingamp,Guingamp,Karl-Johan Johnsson,False,Goalkeeper,1,start,end,1.0,0.0,0.0,0.0,0.0,0.0,0.0,4.0,2.0,0.0,0.0,0.0,0.0,0.0,
FRA-Ligue 1,1819,2018-09-16 Marseille-Guingamp,Marseille,Yohann Pelé,True,Goalkeeper,1,start,end,1.0,0.0,0.0,0.0,0.0,0.0,0.0,0.0,0.0,0.0,0.0,0.0,0.0,0.0,
FRA-Ligue 1,1819,2018-09-16 Nantes-Stade de Reims,Nantes,Ciprian Tatarusanu,True,Goalkeeper,1,start,end,1.0,0.0,0.0,0.0,0.0,0.0,0.0,0.0,0.0,0.0,0.0,0.0,0.0,0.0,
FRA-Ligue 1,1819,2018-09-16 Nantes-Stade de Reims,Stade de Reims,Édouard Mendy,False,Goalkeeper,1,start,end,1.0,0.0,0.0,0.0,0.0,0.0,0.0,0.0,6.0,0.0,0.0,0.0,0.0,0.0,
FRA-Ligue 1,1819,2018-09-21 AS Monaco-Nimes,AS Monaco,Diego Benaglio,True,Goalkeeper,1,start,end,1.0,0.0,0.0,0.0,0.0,0.0,0.0,1.0,1.0,0.0,0.0,0.0,0.0,0.0,
FRA-Ligue 1,1819,2018-09-21 AS Monaco-Nimes,Nimes,Paul Bernardoni,False,Goalkeeper,1,start,end,1.0,0.0,0.0,0.0,0.0,0.0,0.0,1.0,3.0,0.0,0.0,0.0,0.0,0.0,
FRA-Ligue 1,1819,2018-09-22 Angers-Toulouse,Angers,Ludovic Butelle,True,Goalkeeper,1,start,end,1.0,0.0,0.0,0.0,0.0,0.0,0.0,0.0,0.0,0.0,0.0,0.0,0.0,0.0,
FRA-Ligue 1,1819,2018-09-22 Angers-Toulouse,Toulouse,Baptiste Reynet,False,Goalkeeper,1,start,end,1.0,0.0,1.0,0.0,0.0,0.0,0.0,0.0,4.0,0.0,0.0,0.0,0.0,0.0,
FRA-Ligue 1,1819,2018-09-22 Lille-Nantes,Lille,Mike Maignan,True,Goalkeeper,1,start,end,1.0,0.0,1.0,0.0,0.0,0.0,0.0,1.0,3.0,0.0,0.0,0.0,0.0,0.0,
FRA-Ligue 1,1819,2018-09-22 Lille-Nantes,Nantes,Ciprian Tatarusanu,False,Goalkeeper,1,start,end,1.0,0.0,0.0,0.0,0.0,0.0,0.0,2.0,6.0,0.0,0.0,0.0,0.0,0.0,
FRA-Ligue 1,1819,2018-09-22 Montpellier-Nice,Montpellier,Benjamin Lecomte,True,Goalkeeper,1,start,end,1.0,0.0,0.0,0.0,0.0,0.0,0.0,0.0,2.0,0.0,0.0,0.0,0.0,0.0,
FRA-Ligue 1,1819,2018-09-22 Montpellier-Nice,Nice,Walter Benítez,False,Goalkeeper,1,start,end,1.0,0.0,0.0,0.0,0.0,0.0,0.0,1.0,3.0,0.0,0.0,0.0,0.0,0.0,
FRA-Ligue 1,1819,2018-09-22 Saint-Étienne-Caen,Caen,Brice Samba,False,Goalkeeper,1,start,end,1.0,0.0,0.0,0.0,0.0,0.0,0.0,2.0,5.0,0.0,0.0,0.0,0.0,0.0,
FRA-Ligue 1,1819,2018-09-22 Saint-Étienne-Caen,Saint-Étienne,Stéphane Ruffier,True,Goalkeeper,1,start,end,1.0,0.0,0.0,0.0,0.0,0.0,0.0,1.0,1.0,0.0,0.0,0.0,0.0,0.0,
FRA-Ligue 1,1819,2018-09-22 Stade de Reims-Dijon FCO,Dijon FCO,Rúnar Rúnarsson,False,Goalkeeper,1,start,end,1.0,0.0,2.0,0.0,0.0,0.0,0.0,0.0,2.0,0.0,0.0,0.0,0.0,0.0,
FRA-Ligue 1,1819,2018-09-22 Stade de Reims-Dijon FCO,Stade de Reims,Édouard Mendy,True,Goalkeeper,1,start,end,1.0,0.0,0.0,0.0,0.0,0.0,0.0,0.0,0.0,0.0,0.0,0.0,0.0,0.0,
FRA-Ligue 1,1819,2018-09-22 Strasbourg-SC Amiens,SC Amiens,Régis Gurtner,False,Goalkeeper,1,start,end,1.0,0.0,0.0,0.0,0.0,0.0,0.0,3.0,4.0,0.0,0.0,0.0,0.0,0.0,
FRA-Ligue 1,1819,2018-09-22 Strasbourg-SC Amiens,Strasbourg,Matz Sels,True,Goalkeeper,1,start,end,1.0,0.0,0.0,0.0,0.0,0.0,0.0,1.0,2.0,0.0,0.0,0.0,0.0,0.0,
FRA-Ligue 1,1819,2018-09-23 Guingamp-Bordeaux,Bordeaux,Benoit Costil,False,Goalkeeper,1,start,end,1.0,0.0,0.0,0.0,0.0,0.0,0.0,1.0,4.0,0.0,0.0,0.0,0.0,0.0,
FRA-Ligue 1,1819,2018-09-23 Guingamp-Bordeaux,Guingamp,Karl-Johan Johnsson,True,Goalkeeper,1,start,end,1.0,0.0,0.0,0.0,0.0,0.0,0.0,3.0,3.0,0.0,0.0,0.0,0.0,0.0,
FRA-Ligue 1,1819,2018-09-23 Lyon-Marseille,Lyon,Anthony Lopes,True,Goalkeeper,1,start,end,1.0,0.0,0.0,0.0,0.0,0.0,0.0,2.0,1.0,0.0,0.0,0.0,0.0,0.0,
FRA-Ligue 1,1819,2018-09-23 Lyon-Marseille,Marseille,Yohann Pelé,False,Goalkeeper,1,start,end,1.0,0.0,0.0,0.0,0.0,0.0,0.0,4.0,1.0,0.0,0.0,0.0,0.0,0.0,
FRA-Ligue 1,1819,2018-09-23 Stade Rennais-Paris Saint-Germain,Paris Saint-Germain,Gianluigi Buffon,False,Goalkeeper,1,start,end,1.0,0.0,1.0,0.0,0.0,0.0,0.0,1.0,4.0,0.0,0.0,0.0,0.0,0.0,
FRA-Ligue 1,1819,2018-09-23 Stade Rennais-Paris Saint-Germain,Stade Rennais,Tomas Koubek,True,Goalkeeper,1,start,end,1.0,0.0,0.0,0.0,0.0,0.0,0.0,3.0,1.0,0.0,0.0,0.0,0.0,0.0,
FRA-Ligue 1,1819,2018-09-25 AS Monaco-Angers,AS Monaco,Diego Benaglio,True,Goalkeeper,1,start,end,1.0,0.0,0.0,0.0,0.0,0.0,0.0,1.0,2.0,0.0,0.0,0.0,0.0,0.0,
FRA-Ligue 1,1819,2018-09-25 AS Monaco-Angers,Angers,Ludovic Butelle,False,Goalkeeper,1,start,end,1.0,0.0,0.0,0.0,0.0,0.0,0.0,0.0,0.0,0.0,0.0,0.0,0.0,0.0,
FRA-Ligue 1,1819,2018-09-25 Nantes-Nice,Nantes,Ciprian Tatarusanu,True,Goalkeeper,1,start,end,1.0,0.0,0.0,0.0,0.0,0.0,0.0,2.0,3.0,0.0,0.0,0.0,0.0,0.0,
FRA-Ligue 1,1819,2018-09-25 Nantes-Nice,Nice,Walter Benítez,False,Goalkeeper,1,start,end,1.0,0.0,1.0,0.0,0.0,0.0,0.0,1.0,2.0,0.0,0.0,0.0,0.0,0.0,
FRA-Ligue 1,1819,2018-09-25 Toulouse-Saint-Étienne,Saint-Étienne,Stéphane Ruffier,False,Goalkeeper,1,start,end,1.0,0.0,0.0,0.0,0.0,0.0,0.0,2.0,4.0,0.0,0.0,0.0,0.0,0.0,
FRA-Ligue 1,1819,2018-09-25 Toulouse-Saint-Étienne,Toulouse,Baptiste Reynet,True,Goalkeeper,1,start,end,1.0,0.0,0.0,0.0,0.0,0.0,0.0,3.0,5.0,0.0,0.0,0.0,0.0,0.0,
FRA-Ligue 1,1819,2018-09-26 Bordeaux-Lille,Bordeaux,Benoit Costil,True,Goalkeeper,1,start,end,1.0,0.0,0.0,0.0,0.0,0.0,0.0,0.0,7.0,0.0,0.0,0.0,0.0,0.0,
FRA-Ligue 1,1819,2018-09-26 Bordeaux-Lille,Lille,Mike Maignan,False,Goalkeeper,1,start,end,1.0,0.0,0.0,0.0,0.0,0.0,0.0,1.0,2.0,0.0,0.0,0.0,0.0,0.0,
FRA-Ligue 1,1819,2018-09-26 Caen-Montpellier,Caen,Brice Samba,True,Goalkeeper,1,start,end,1.0,0.0,0.0,0.0,0.0,0.0,0.0,2.0,4.0,0.0,0.0,0.0,0.0,0.0,
FRA-Ligue 1,1819,2018-09-26 Caen-Montpellier,Montpellier,Benjamin Lecomte,False,Goalkeeper,1,start,end,1.0,0.0,0.0,0.0,0.0,0.0,0.0,2.0,1.0,0.0,0.0,0.0,0.0,0.0,
FRA-Ligue 1,1819,2018-09-26 Dijon FCO-Lyon,Dijon FCO,Rúnar Rúnarsson,True,Goalkeeper,1,start,end,1.0,0.0,0.0,0.0,0.0,0.0,0.0,3.0,2.0,0.0,0.0,0.0,0.0,0.0,
FRA-Ligue 1,1819,2018-09-26 Dijon FCO-Lyon,Lyon,Anthony Lopes,False,Goalkeeper,1,start,end,1.0,0.0,0.0,0.0,0.0,0.0,0.0,0.0,6.0,0.0,0.0,0.0,0.0,0.0,
FRA-Ligue 1,1819,2018-09-26 Marseille-Strasbourg,Marseille,Steve Mandanda,True,Goalkeeper,1,start,end,1.0,0.0,0.0,0.0,0.0,0.0,0.0,2.0,3.0,0.0,0.0,0.0,0.0,0.0,
FRA-Ligue 1,1819,2018-09-26 Marseille-Strasbourg,Strasbourg,Matz Sels,False,Goalkeeper,1,start,end,1.0,0.0,0.0,0.0,0.0,0.0,0.0,3.0,2.0,0.0,0.0,0.0,0.0,0.0,
FRA-Ligue 1,1819,2018-09-26 Nimes-Guingamp,Guingamp,Karl-Johan Johnsson,False,Goalkeeper,1,start,end,1.0,0.0,0.0,0.0,0.0,0.0,0.0,0.0,2.0,0.0,0.0,0.0,0.0,0.0,
FRA-Ligue 1,1819,2018-09-26 Nimes-Guingamp,Nimes,Paul Bernardoni,True,Goalkeeper,1,start,end,1.0,0.0,0.0,0.0,0.0,0.0,0.0,0.0,3.0,0.0,0.0,0.0,0.0,0.0,
FRA-Ligue 1,1819,2018-09-26 Paris Saint-Germain-Stade de Reims,Paris Saint-Germain,Gianluigi Buffon,True,Goalkeeper,1,start,end,1.0,0.0,0.0,0.0,0.0,0.0,0.0,1.0,2.0,0.0,0.0,0.0,0.0,0.0,
FRA-Ligue 1,1819,2018-09-26 Paris Saint-Germain-Stade de Reims,Stade de Reims,Édouard Mendy,False,Goalkeeper,1,start,end,1.0,0.0,0.0,0.0,0.0,0.0,0.0,4.0,3.0,0.0,0.0,0.0,0.0,0.0,
FRA-Ligue 1,1819,2018-09-26 SC Amiens-Stade Rennais,SC Amiens,Régis Gurtner,True,Goalkeeper,1,start,end,1.0,0.0,0.0,0.0,0.0,0.0,0.0,1.0,1.0,0.0,0.0,0.0,0.0,0.0,
FRA-Ligue 1,1819,2018-09-26 SC Amiens-Stade Rennais,Stade Rennais,Tomas Koubek,False,Goalkeeper,1,start,end,1.0,0.0,0.0,0.0,0.0,0.0,0.0,2.0,1.0,0.0,0.0,0.0,0.0,0.0,
FRA-Ligue 1,1819,2018-09-28 Saint-Étienne-AS Monaco,AS Monaco,Diego Benaglio,False,Goalkeeper,1,start,end,1.0,0.0,0.0,0.0,0.0,0.0,0.0,2.0,3.0,0.0,0.0,0.0,0.0,0.0,
FRA-Ligue 1,1819,2018-09-28 Saint-Étienne-AS Monaco,Saint-Étienne,Stéphane Ruffier,True,Goalkeeper,1,start,end,1.0,0.0,0.0,0.0,0.0,0.0,0.0,0.0,6.0,0.0,0.0,0.0,0.0,0.0,
FRA-Ligue 1,1819,2018-09-29 Angers-Guingamp,Angers,Ludovic Butelle,True,Goalkeeper,1,start,end,1.0,0.0,0.0,0.0,0.0,0.0,0.0,1.0,4.0,0.0,0.0,0.0,0.0,0.0,
FRA-Ligue 1,1819,2018-09-29 Angers-Guingamp,Guingamp,Karl-Johan Johnsson,False,Goalkeeper,1,start,end,1.0,0.0,0.0,0.0,0.0,0.0,0.0,0.0,4.0,0.0,0.0,0.0,0.0,0.0,
FRA-Ligue 1,1819,2018-09-29 Caen-SC Amiens,Caen,Brice Samba,True,Goalkeeper,1,start,end,1.0,0.0,0.0,0.0,0.0,0.0,0.0,0.0,2.0,0.0,0.0,0.0,0.0,0.0,
FRA-Ligue 1,1819,2018-09-29 Caen-SC Amiens,SC Amiens,Régis Gurtner,False,Goalkeeper,1,start,end,1.0,0.0,0.0,0.0,0.0,0.0,0.0,1.0,3.0,0.0,0.0,0.0,0.0,0.0,
FRA-Ligue 1,1819,2018-09-29 Lyon-Nantes,Lyon,Anthony Lopes,True,Goalkeeper,1,start,end,1.0,0.0,0.0,0.0,0.0,0.0,0.0,1.0,3.0,0.0,0.0,0.0,0.0,0.0,
FRA-Ligue 1,1819,2018-09-29 Lyon-Nantes,Nantes,Ciprian Tatarusanu,False,Goalkeeper,1,start,end,1.0,0.0,0.0,0.0,0.0,0.0,1.0,1.0,6.0,0.0,0.0,0.0,0.0,0.0,
FRA-Ligue 1,1819,2018-09-29 Nice-Paris Saint-Germain,Nice,Walter Benítez,True,Goalkeeper,1,start,end,1.0,0.0,0.0,0.0,0.0,0.0,0.0,3.0,5.0,0.0,0.0,0.0,0.0,0.0,
FRA-Ligue 1,1819,2018-09-29 Nice-Paris Saint-Germain,Paris Saint-Germain,Alphonse Areola,False,Goalkeeper,1,start,end,1.0,0.0,0.0,0.0,0.0,0.0,0.0,0.0,1.0,0.0,0.0,0.0,0.0,0.0,
FRA-Ligue 1,1819,2018-09-29 Stade de Reims-Bordeaux,Bordeaux,Benoit Costil,False,Goalkeeper,1,start,end,1.0,0.0,0.0,0.0,0.0,0.0,0.0,0.0,0.0,0.0,0.0,0.0,0.0,0.0,
FRA-Ligue 1,1819,2018-09-29 Stade de Reims-Bordeaux,Stade de Reims,Édouard Mendy,True,Goalkeeper,1,start,end,1.0,0.0,2.0,0.0,0.0,0.0,0.0,0.0,3.0,0.0,0.0,0.0,0.0,0.0,
FRA-Ligue 1,1819,2018-09-29 Strasbourg-Dijon FCO,Dijon FCO,Rúnar Rúnarsson,False,Goalkeeper,1,start,end,1.0,0.0,0.0,0.0,0.0,0.0,0.0,3.0,2.0,0.0,0.0,0.0,0.0,0.0,
FRA-Ligue 1,1819,2018-09-29 Strasbourg-Dijon FCO,Strasbourg,Matz Sels,True,Goalkeeper,1,start,end,1.0,0.0,0.0,0.0,0.0,0.0,0.0,0.0,0.0,0.0,0.0,0.0,0.0,0.0,
FRA-Ligue 1,1819,2018-09-30 Lille-Marseille,Lille,Mike Maignan,True,Goalkeeper,1,start,end,1.0,0.0,0.0,0.0,0.0,0.0,0.0,0.0,3.0,0.0,0.0,0.0,0.0,0.0,
FRA-Ligue 1,1819,2018-09-30 Lille-Marseille,Marseille,Steve Mandanda,False,Goalkeeper,1,start,end,1.0,1.0,0.0,0.0,0.0,0.0,1.0,3.0,1.0,0.0,0.0,0.0,0.0,0.0,
FRA-Ligue 1,1819,2018-09-30 Montpellier-Nimes,Montpellier,Benjamin Lecomte,True,Goalkeeper,1,start,end,1.0,0.0,0.0,0.0,0.0,0.0,0.0,0.0,3.0,0.0,0.0,0.0,0.0,0.0,
FRA-Ligue 1,1819,2018-09-30 Montpellier-Nimes,Nimes,Paul Bernardoni,False,Goalkeeper,1,start,end,1.0,0.0,0.0,0.0,0.0,0.0,0.0,3.0,4.0,0.0,0.0,0.0,0.0,0.0,
FRA-Ligue 1,1819,2018-09-30 Stade Rennais-Toulouse,Stade Rennais,Abdoulaye Diallo,True,Goalkeeper,1,start,end,1.0,0.0,0.0,0.0,0.0,0.0,0.0,1.0,1.0,0.0,0.0,0.0,0.0,0.0,
FRA-Ligue 1,1819,2018-09-30 Stade Rennais-Toulouse,Toulouse,Baptiste Reynet,False,Goalkeeper,1,start,end,1.0,0.0,0.0,0.0,0.0,0.0,0.0,1.0,6.0,0.0,0.0,0.0,0.0,0.0,
FRA-Ligue 1,1819,2018-10-05 Toulouse-Nice,Nice,Walter Benítez,False,Goalkeeper,1,start,end,1.0,0.0,0.0,0.0,0.0,0.0,0.0,1.0,1.0,0.0,0.0,0.0,0.0,0.0,
FRA-Ligue 1,1819,2018-10-05 Toulouse-Nice,Toulouse,Baptiste Reynet,True,Goalkeeper,1,start,end,1.0,0.0,0.0,0.0,0.0,0.0,0.0,1.0,1.0,0.0,0.0,0.0,0.0,0.0,
FRA-Ligue 1,1819,2018-10-06 Angers-Strasbourg,Angers,Ludovic Butelle,True,Goalkeeper,1,start,end,1.0,0.0,0.0,0.0,0.0,0.0,0.0,2.0,2.0,0.0,0.0,0.0,0.0,0.0,
FRA-Ligue 1,1819,2018-10-06 Angers-Strasbourg,Strasbourg,Matz Sels,False,Goalkeeper,1,start,end,1.0,0.0,0.0,0.0,0.0,0.0,1.0,2.0,4.0,0.0,0.0,0.0,0.0,0.0,
FRA-Ligue 1,1819,2018-10-06 Guingamp-Montpellier,Guingamp,Karl-Johan Johnsson,True,Goalkeeper,1,start,end,1.0,0.0,0.0,0.0,0.0,0.0,0.0,1.0,4.0,0.0,0.0,0.0,0.0,0.0,
FRA-Ligue 1,1819,2018-10-06 Guingamp-Montpellier,Montpellier,Benjamin Lecomte,False,Goalkeeper,1,start,end,1.0,0.0,0.0,0.0,0.0,0.0,0.0,1.0,1.0,0.0,0.0,0.0,0.0,0.0,
FRA-Ligue 1,1819,2018-10-06 Lille-Saint-Étienne,Lille,Mike Maignan,True,Goalkeeper,1,start,end,1.0,0.0,0.0,0.0,0.0,0.0,0.0,1.0,1.0,0.0,0.0,0.0,0.0,0.0,
FRA-Ligue 1,1819,2018-10-06 Lille-Saint-Étienne,Saint-Étienne,Stéphane Ruffier,False,Goalkeeper,1,start,end,1.0,0.0,0.0,0.0,0.0,0.0,0.0,3.0,2.0,0.0,0.0,0.0,0.0,0.0,
FRA-Ligue 1,1819,2018-10-06 Nimes-Stade de Reims,Nimes,Paul Bernardoni,True,Goalkeeper,1,start,end,1.0,0.0,0.0,0.0,0.0,0.0,0.0,0.0,3.0,0.0,0.0,0.0,0.0,0.0,
FRA-Ligue 1,1819,2018-10-06 Nimes-Stade de Reims,Stade de Reims,Édouard Mendy,False,Goalkeeper,1,start,end,1.0,0.0,0.0,0.0,0.0,0.0,0.0,0.0,5.0,0.0,0.0,0.0,0.0,0.0,
FRA-Ligue 1,1819,2018-10-06 SC Amiens-Dijon FCO,Dijon FCO,Rúnar Rúnarsson,False,Goalkeeper,1,start,end,1.0,0.0,0.0,0.0,0.0,0.0,0.0,1.0,1.0,0.0,0.0,0.0,0.0,0.0,
FRA-Ligue 1,1819,2018-10-06 SC Amiens-Dijon FCO,SC Amiens,Régis Gurtner,True,Goalkeeper,1,start,end,1.0,0.0,0.0,0.0,0.0,0.0,0.0,0.0,3.0,0.0,0.0,0.0,0.0,0.0,
FRA-Ligue 1,1819,2018-10-07 AS Monaco-Stade Rennais,AS Monaco,Danijel Subasic,True,Goalkeeper,1,start,end,1.0,0.0,0.0,0.0,0.0,0.0,0.0,2.0,2.0,0.0,0.0,0.0,0.0,0.0,
FRA-Ligue 1,1819,2018-10-07 AS Monaco-Stade Rennais,Stade Rennais,Abdoulaye Diallo,False,Goalkeeper,1,start,end,1.0,0.0,0.0,0.0,0.0,0.0,0.0,1.0,1.0,0.0,0.0,0.0,0.0,0.0,
FRA-Ligue 1,1819,2018-10-07 Bordeaux-Nantes,Bordeaux,Benoit Costil,True,Goalkeeper,1,start,end,1.0,0.0,0.0,0.0,0.0,0.0,0.0,0.0,2.0,0.0,0.0,0.0,0.0,0.0,
FRA-Ligue 1,1819,2018-10-07 Bordeaux-Nantes,Nantes,Ciprian Tatarusanu,False,Goalkeeper,1,start,end,1.0,0.0,0.0,0.0,0.0,0.0,0.0,3.0,4.0,0.0,0.0,0.0,0.0,0.0,
FRA-Ligue 1,1819,2018-10-07 Marseille-Caen,Caen,Brice Samba,False,Goalkeeper,1,start,end,1.0,0.0,0.0,0.0,0.0,0.0,0.0,2.0,4.0,0.0,0.0,0.0,0.0,0.0,
FRA-Ligue 1,1819,2018-10-07 Marseille-Caen,Marseille,Steve Mandanda,True,Goalkeeper,1,start,end,1.0,0.0,0.0,0.0,0.0,0.0,0.0,0.0,2.0,0.0,0.0,0.0,0.0,0.0,
FRA-Ligue 1,1819,2018-10-07 Paris Saint-Germain-Lyon,Lyon,Anthony Lopes,False,Goalkeeper,1,start,end,1.0,1.0,0.0,0.0,0.0,0.0,0.0,5.0,3.0,0.0,0.0,0.0,0.0,0.0,
FRA-Ligue 1,1819,2018-10-07 Paris Saint-Germain-Lyon,Paris Saint-Germain,Gianluigi Buffon,True,Goalkeeper,1,start,end,1.0,0.0,0.0,0.0,0.0,0.0,0.0,0.0,6.0,0.0,0.0,0.0,0.0,0.0,
FRA-Ligue 1,1819,2018-10-19 Lyon-Nimes,Lyon,Anthony Lopes,True,Goalkeeper,1,start,end,1.0,0.0,0.0,0.0,0.0,0.0,0.0,0.0,6.0,0.0,0.0,0.0,0.0,0.0,
FRA-Ligue 1,1819,2018-10-19 Lyon-Nimes,Nimes,Paul Bernardoni,False,Goalkeeper,1,start,end,1.0,0.0,0.0,0.0,0.0,0.0,0.0,2.0,3.0,0.0,0.0,0.0,0.0,0.0,
FRA-Ligue 1,1819,2018-10-20 Caen-Guingamp,Caen,Brice Samba,True,Goalkeeper,1,start,end,1.0,0.0,0.0,0.0,0.0,0.0,0.0,0.0,2.0,0.0,0.0,0.0,0.0,0.0,
FRA-Ligue 1,1819,2018-10-20 Caen-Guingamp,Guingamp,Karl-Johan Johnsson,False,Goalkeeper,1,start,end,1.0,0.0,1.0,0.0,0.0,0.0,0.0,0.0,1.0,0.0,0.0,0.0,0.0,0.0,
FRA-Ligue 1,1819,2018-10-20 Dijon FCO-Lille,Dijon FCO,Rúnar Rúnarsson,True,Goalkeeper,1,start,end,1.0,0.0,0.0,0.0,0.0,0.0,0.0,2.0,1.0,0.0,0.0,0.0,0.0,0.0,
FRA-Ligue 1,1819,2018-10-20 Dijon FCO-Lille,Lille,Mike Maignan,False,Goalkeeper,1,start,end,1.0,0.0,0.0,0.0,0.0,0.0,1.0,1.0,6.0,0.0,0.0,0.0,0.0,0.0,
FRA-Ligue 1,1819,2018-10-20 Nantes-Toulouse,Nantes,Ciprian Tatarusanu,True,Goalkeeper,1,start,end,1.0,0.0,0.0,0.0,0.0,0.0,0.0,0.0,2.0,0.0,0.0,0.0,0.0,0.0,
FRA-Ligue 1,1819,2018-10-20 Nantes-Toulouse,Toulouse,Baptiste Reynet,False,Goalkeeper,1,start,end,1.0,0.0,0.0,0.0,0.0,0.0,0.0,4.0,5.0,0.0,0.0,0.0,0.0,0.0,
FRA-Ligue 1,1819,2018-10-20 Paris Saint-Germain-SC Amiens,Paris Saint-Germain,Alphonse Areola,True,Goalkeeper,1,start,end,1.0,0.0,0.0,0.0,0.0,0.0,0.0,0.0,2.0,0.0,0.0,0.0,0.0,0.0,
FRA-Ligue 1,1819,2018-10-20 Paris Saint-Germain-SC Amiens,SC Amiens,Régis Gurtner,False,Goalkeeper,1,start,end,1.0,0.0,0.0,0.0,0.0,0.0,0.0,5.0,3.0,0.0,0.0,0.0,0.0,0.0,
FRA-Ligue 1,1819,2018-10-20 Stade de Reims-Angers,Angers,Ludovic Butelle,False,Goalkeeper,1,start,end,1.0,0.0,2.0,0.0,0.0,0.0,0.0,1.0,4.0,0.0,0.0,0.0,0.0,0.0,
FRA-Ligue 1,1819,2018-10-20 Stade de Reims-Angers,Stade de Reims,Édouard Mendy,True,Goalkeeper,1,start,end,1.0,0.0,0.0,0.0,0.0,0.0,0.0,1.0,6.0,0.0,0.0,0.0,0.0,0.0,
FRA-Ligue 1,1819,2018-10-20 Strasbourg-AS Monaco,AS Monaco,Seydou Sy,False,Goalkeeper,1,start,end,1.0,0.0,0.0,0.0,0.0,0.0,0.0,2.0,3.0,0.0,0.0,0.0,0.0,0.0,
FRA-Ligue 1,1819,2018-10-20 Strasbourg-AS Monaco,Strasbourg,Matz Sels,True,Goalkeeper,1,start,end,1.0,0.0,0.0,0.0,0.0,0.0,0.0,1.0,2.0,0.0,0.0,0.0,0.0,0.0,
FRA-Ligue 1,1819,2018-10-21 Montpellier-Bordeaux,Bordeaux,Benoit Costil,False,Goalkeeper,1,start,end,1.0,0.0,0.0,0.0,0.0,0.0,0.0,2.0,2.0,0.0,0.0,0.0,0.0,0.0,
FRA-Ligue 1,1819,2018-10-21 Montpellier-Bordeaux,Montpellier,Benjamin Lecomte,True,Goalkeeper,1,start,end,1.0,0.0,0.0,0.0,0.0,0.0,0.0,0.0,3.0,0.0,0.0,0.0,0.0,0.0,
FRA-Ligue 1,1819,2018-10-21 Nice-Marseille,Marseille,Steve Mandanda,False,Goalkeeper,1,start,end,1.0,0.0,0.0,0.0,0.0,0.0,0.0,0.0,3.0,0.0,0.0,0.0,0.0,0.0,
FRA-Ligue 1,1819,2018-10-21 Nice-Marseille,Nice,Walter Benítez,True,Goalkeeper,1,start,end,1.0,0.0,0.0,0.0,0.0,0.0,0.0,1.0,0.0,0.0,0.0,0.0,0.0,0.0,
FRA-Ligue 1,1819,2018-10-21 Saint-Étienne-Stade Rennais,Saint-Étienne,Stéphane Ruffier,True,Goalkeeper,1,start,end,1.0,0.0,0.0,0.0,0.0,0.0,0.0,1.0,4.0,0.0,0.0,0.0,0.0,0.0,
FRA-Ligue 1,1819,2018-10-21 Saint-Étienne-Stade Rennais,Stade Rennais,Abdoulaye Diallo,False,Goalkeeper,1,start,end,1.0,0.0,0.0,0.0,0.0,0.0,0.0,1.0,1.0,0.0,0.0,0.0,0.0,0.0,
FRA-Ligue 1,1819,2018-10-26 Nimes-Saint-Étienne,Nimes,Paul Bernardoni,True,Goalkeeper,1,start,end,1.0,0.0,0.0,0.0,0.0,0.0,0.0,1.0,3.0,0.0,0.0,0.0,0.0,0.0,
FRA-Ligue 1,1819,2018-10-26 Nimes-Saint-Étienne,Saint-Étienne,Stéphane Ruffier,False,Goalkeeper,1,start,end,1.0,0.0,0.0,0.0,0.0,0.0,0.0,1.0,5.0,0.0,0.0,0.0,0.0,0.0,
FRA-Ligue 1,1819,2018-10-27 AS Monaco-Dijon FCO,AS Monaco,Diego Benaglio,True,Goalkeeper,1,start,end,1.0,0.0,0.0,0.0,0.0,0.0,0.0,2.0,2.0,0.0,0.0,0.0,0.0,0.0,
FRA-Ligue 1,1819,2018-10-27 AS Monaco-Dijon FCO,Dijon FCO,Rúnar Rúnarsson,False,Goalkeeper,1,start,end,1.0,0.0,0.0,0.0,0.0,0.0,0.0,2.0,2.0,0.0,0.0,0.0,0.0,0.0,
FRA-Ligue 1,1819,2018-10-27 Angers-Lyon,Angers,Ludovic Butelle,True,Goalkeeper,1,start,end,1.0,0.0,0.0,0.0,0.0,0.0,0.0,2.0,3.0,0.0,0.0,0.0,0.0,0.0,
FRA-Ligue 1,1819,2018-10-27 Angers-Lyon,Lyon,Anthony Lopes,False,Goalkeeper,1,start,end,1.0,0.0,0.0,0.0,0.0,0.0,0.0,1.0,3.0,0.0,0.0,0.0,0.0,0.0,
FRA-Ligue 1,1819,2018-10-27 Guingamp-Strasbourg,Guingamp,Karl-Johan Johnsson,True,Goalkeeper,1,start,end,1.0,0.0,0.0,0.0,0.0,0.0,0.0,1.0,4.0,0.0,0.0,0.0,0.0,0.0,
FRA-Ligue 1,1819,2018-10-27 Guingamp-Strasbourg,Strasbourg,Matz Sels,False,Goalkeeper,1,start,end,1.0,0.0,0.0,0.0,0.0,0.0,0.0,1.0,3.0,0.0,0.0,0.0,0.0,0.0,
FRA-Ligue 1,1819,2018-10-27 Lille-Caen,Caen,Brice Samba,False,Goalkeeper,1,start,end,1.0,0.0,0.0,0.0,0.0,0.0,0.0,1.0,3.0,0.0,0.0,0.0,0.0,0.0,
FRA-Ligue 1,1819,2018-10-27 Lille-Caen,Lille,Mike Maignan,True,Goalkeeper,1,start,end,1.0,0.0,0.0,0.0,0.0,0.0,0.0,0.0,1.0,0.0,0.0,0.0,0.0,0.0,
FRA-Ligue 1,1819,2018-10-27 SC Amiens-Nantes,Nantes,Ciprian Tatarusanu,False,Goalkeeper,1,start,end,1.0,0.0,0.0,0.0,0.0,0.0,0.0,1.0,6.0,0.0,0.0,0.0,0.0,0.0,
FRA-Ligue 1,1819,2018-10-27 SC Amiens-Nantes,SC Amiens,Régis Gurtner,True,Goalkeeper,1,start,end,1.0,0.0,0.0,0.0,0.0,0.0,0.0,2.0,3.0,0.0,0.0,0.0,0.0,0.0,
FRA-Ligue 1,1819,2018-10-27 Toulouse-Montpellier,Montpellier,Benjamin Lecomte,False,Goalkeeper,1,start,end,1.0,0.0,0.0,0.0,0.0,0.0,0.0,0.0,4.0,0.0,0.0,0.0,0.0,0.0,
FRA-Ligue 1,1819,2018-10-27 Toulouse-Montpellier,Toulouse,Baptiste Reynet,True,Goalkeeper,1,start,end,1.0,0.0,1.0,1.0,0.0,0.0,0.0,3.0,6.0,0.0,0.0,0.0,0.0,0.0,
FRA-Ligue 1,1819,2018-10-28 Bordeaux-Nice,Bordeaux,Benoit Costil,True,Goalkeeper,1,start,end,1.0,0.0,0.0,0.0,0.0,0.0,0.0,1.0,1.0,0.0,0.0,0.0,0.0,0.0,
FRA-Ligue 1,1819,2018-10-28 Bordeaux-Nice,Nice,Walter Benítez,False,Goalkeeper,1,start,end,1.0,0.0,0.0,0.0,0.0,0.0,1.0,0.0,9.0,0.0,0.0,0.0,0.0,0.0,
FRA-Ligue 1,1819,2018-10-28 Marseille-Paris Saint-Germain,Marseille,Steve Mandanda,True,Goalkeeper,1,start,end,1.0,0.0,0.0,0.0,0.0,0.0,0.0,2.0,3.0,0.0,0.0,0.0,0.0,0.0,
FRA-Ligue 1,1819,2018-10-28 Marseille-Paris Saint-Germain,Paris Saint-Germain,Alphonse Areola,False,Goalkeeper,1,start,end,1.0,0.0,0.0,0.0,0.0,0.0,0.0,0.0,2.0,0.0,0.0,0.0,0.0,0.0,
FRA-Ligue 1,1819,2018-10-28 Stade Rennais-Stade de Reims,Stade Rennais,Abdoulaye Diallo,True,Goalkeeper,1,start,45,1.0,0.0,0.0,0.0,0.0,0.0,0.0,1.0,1.0,0.0,0.0,0.0,0.0,0.0,
FRA-Ligue 1,1819,2018-10-28 Stade Rennais-Stade de Reims,Stade de Reims,Édouard Mendy,False,Goalkeeper,1,start,end,1.0,0.0,1.0,0.0,0.0,0.0,0.0,0.0,5.0,0.0,0.0,0.0,0.0,0.0,
FRA-Ligue 1,1819,2018-11-02 Paris Saint-Germain-Lille,Lille,Mike Maignan,False,Goalkeeper,1,start,end,1.0,0.0,1.0,0.0,0.0,0.0,0.0,2.0,3.0,0.0,0.0,0.0,0.0,0.0,
FRA-Ligue 1,1819,2018-11-02 Paris Saint-Germain-Lille,Paris Saint-Germain,Gianluigi Buffon,True,Goalkeeper,1,start,end,1.0,0.0,0.0,0.0,0.0,0.0,0.0,1.0,1.0,0.0,0.0,0.0,0.0,0.0,
FRA-Ligue 1,1819,2018-11-03 Caen-Stade Rennais,Caen,Brice Samba,True,Goalkeeper,1,start,end,1.0,0.0,0.0,0.0,0.0,0.0,0.0,2.0,7.0,0.0,0.0,0.0,0.0,0.0,
FRA-Ligue 1,1819,2018-11-03 Caen-Stade Rennais,Stade Rennais,Tomas Koubek,False,Goalkeeper,1,start,end,1.0,0.0,0.0,0.0,0.0,0.0,0.0,1.0,2.0,0.0,0.0,0.0,0.0,0.0,
FRA-Ligue 1,1819,2018-11-03 Dijon FCO-Nimes,Dijon FCO,Rúnar Rúnarsson,True,Goalkeeper,1,start,end,1.0,0.0,0.0,0.0,0.0,0.0,0.0,4.0,2.0,0.0,0.0,0.0,0.0,0.0,
FRA-Ligue 1,1819,2018-11-03 Dijon FCO-Nimes,Nimes,Paul Bernardoni,False,Goalkeeper,1,start,end,1.0,0.0,0.0,0.0,0.0,0.0,0.0,0.0,7.0,0.0,0.0,0.0,0.0,0.0,
FRA-Ligue 1,1819,2018-11-03 Lyon-Bordeaux,Bordeaux,Benoit Costil,False,Goalkeeper,1,start,end,1.0,0.0,0.0,0.0,0.0,0.0,0.0,1.0,1.0,0.0,0.0,0.0,0.0,0.0,
FRA-Ligue 1,1819,2018-11-03 Lyon-Bordeaux,Lyon,Anthony Lopes,True,Goalkeeper,1,start,end,1.0,0.0,0.0,0.0,0.0,0.0,0.0,1.0,2.0,0.0,0.0,0.0,0.0,0.0,
FRA-Ligue 1,1819,2018-11-03 Nice-SC Amiens,Nice,Walter Benítez,True,Goalkeeper,1,start,end,1.0,0.0,0.0,0.0,0.0,0.0,0.0,0.0,7.0,0.0,0.0,0.0,0.0,0.0,
FRA-Ligue 1,1819,2018-11-03 Nice-SC Amiens,SC Amiens,Régis Gurtner,False,Goalkeeper,1,start,end,1.0,0.0,0.0,0.0,0.0,0.0,0.0,1.0,3.0,0.0,0.0,0.0,0.0,0.0,
FRA-Ligue 1,1819,2018-11-03 Stade de Reims-AS Monaco,AS Monaco,Diego Benaglio,False,Goalkeeper,1,start,end,1.0,0.0,0.0,0.0,0.0,0.0,0.0,1.0,3.0,0.0,0.0,0.0,0.0,0.0,
FRA-Ligue 1,1819,2018-11-03 Stade de Reims-AS Monaco,Stade de Reims,Édouard Mendy,True,Goalkeeper,1,start,end,1.0,0.0,0.0,0.0,0.0,0.0,0.0,0.0,1.0,0.0,0.0,0.0,0.0,0.0,
FRA-Ligue 1,1819,2018-11-03 Strasbourg-Toulouse,Strasbourg,Matz Sels,True,Goalkeeper,1,start,end,1.0,0.0,0.0,0.0,0.0,0.0,0.0,1.0,1.0,0.0,0.0,0.0,0.0,0.0,
FRA-Ligue 1,1819,2018-11-03 Strasbourg-Toulouse,Toulouse,Baptiste Reynet,False,Goalkeeper,1,start,end,1.0,0.0,1.0,0.0,0.0,0.0,0.0,1.0,1.0,0.0,0.0,0.0,0.0,0.0,
FRA-Ligue 1,1819,2018-11-04 Montpellier-Marseille,Marseille,Steve Mandanda,False,Goalkeeper,1,start,end,1.0,0.0,0.0,0.0,0.0,0.0,0.0,3.0,3.0,0.0,0.0,0.0,0.0,0.0,
FRA-Ligue 1,1819,2018-11-04 Montpellier-Marseille,Montpellier,Benjamin Lecomte,True,Goalkeeper,1,start,end,1.0,0.0,1.0,0.0,0.0,0.0,0.0,0.0,2.0,0.0,0.0,0.0,0.0,0.0,
FRA-Ligue 1,1819,2018-11-04 Nantes-Guingamp,Guingamp,Karl-Johan Johnsson,False,Goalkeeper,1,start,end,1.0,0.0,0.0,0.0,0.0,0.0,0.0,5.0,5.0,0.0,0.0,0.0,0.0,0.0,
FRA-Ligue 1,1819,2018-11-04 Nantes-Guingamp,Nantes,Ciprian Tatarusanu,True,Goalkeeper,1,start,end,1.0,0.0,0.0,0.0,0.0,0.0,0.0,0.0,0.0,0.0,0.0,0.0,0.0,0.0,
FRA-Ligue 1,1819,2018-11-04 Saint-Étienne-Angers,Angers,Ludovic Butelle,False,Goalkeeper,1,start,end,1.0,0.0,0.0,0.0,0.0,0.0,0.0,4.0,6.0,0.0,0.0,0.0,0.0,0.0,
FRA-Ligue 1,1819,2018-11-04 Saint-Étienne-Angers,Saint-Étienne,Stéphane Ruffier,True,Goalkeeper,1,start,end,1.0,0.0,0.0,0.0,0.0,0.0,0.0,3.0,4.0,0.0,0.0,0.0,0.0,0.0,
FRA-Ligue 1,1819,2018-11-09 Lille-Strasbourg,Lille,Mike Maignan,True,Goalkeeper,1,start,end,1.0,0.0,0.0,0.0,0.0,0.0,0.0,0.0,1.0,0.0,0.0,0.0,0.0,0.0,
FRA-Ligue 1,1819,2018-11-09 Lille-Strasbourg,Strasbourg,Matz Sels,False,Goalkeeper,1,start,end,1.0,0.0,0.0,0.0,0.0,0.0,0.0,0.0,7.0,0.0,0.0,0.0,0.0,0.0,
FRA-Ligue 1,1819,2018-11-10 Angers-Montpellier,Angers,Ludovic Butelle,True,Goalkeeper,1,start,end,1.0,0.0,0.0,0.0,0.0,0.0,0.0,0.0,3.0,0.0,0.0,0.0,0.0,0.0,
FRA-Ligue 1,1819,2018-11-10 Angers-Montpellier,Angers,Ludovic Butelle,True,Goalkeeper,,start,end,1.0,0.0,0.0,0.0,0.0,0.0,0.0,0.0,3.0,0.0,0.0,0.0,0.0,0.0,
FRA-Ligue 1,1819,2018-11-10 Angers-Montpellier,Montpellier,Benjamin Lecomte,False,Goalkeeper,1,start,end,1.0,0.0,1.0,0.0,0.0,0.0,0.0,1.0,2.0,0.0,0.0,0.0,0.0,0.0,
FRA-Ligue 1,1819,2018-11-10 Angers-Montpellier,Montpellier,Benjamin Lecomte,False,Goalkeeper,,start,end,1.0,0.0,1.0,0.0,0.0,0.0,0.0,1.0,2.0,0.0,0.0,0.0,0.0,0.0,
FRA-Ligue 1,1819,2018-11-10 Guingamp-Lyon,Guingamp,Karl-Johan Johnsson,True,Goalkeeper,1,start,end,1.0,0.0,0.0,0.0,0.0,0.0,0.0,4.0,2.0,0.0,0.0,0.0,0.0,0.0,
FRA-Ligue 1,1819,2018-11-10 Guingamp-Lyon,Guingamp,Karl-Johan Johnsson,True,Goalkeeper,,start,end,1.0,0.0,0.0,0.0,0.0,0.0,0.0,4.0,2.0,0.0,0.0,0.0,0.0,0.0,
FRA-Ligue 1,1819,2018-11-10 Guingamp-Lyon,Lyon,Anthony Lopes,False,Goalkeeper,1,start,end,1.0,0.0,0.0,0.0,0.0,0.0,0.0,2.0,0.0,0.0,0.0,0.0,0.0,0.0,
FRA-Ligue 1,1819,2018-11-10 Guingamp-Lyon,Lyon,Anthony Lopes,False,Goalkeeper,,start,end,1.0,0.0,0.0,0.0,0.0,0.0,0.0,2.0,0.0,0.0,0.0,0.0,0.0,0.0,
FRA-Ligue 1,1819,2018-11-10 Nimes-Nice,Nice,Walter Benítez,False,Goalkeeper,1,start,end,1.0,0.0,0.0,0.0,0.0,0.0,0.0,0.0,3.0,0.0,0.0,0.0,0.0,0.0,
FRA-Ligue 1,1819,2018-11-10 Nimes-Nice,Nice,Walter Benítez,False,Goalkeeper,,start,end,1.0,0.0,0.0,0.0,0.0,0.0,0.0,0.0,3.0,0.0,0.0,0.0,0.0,0.0,
FRA-Ligue 1,1819,2018-11-10 Nimes-Nice,Nimes,Paul Bernardoni,True,Goalkeeper,1,start,end,1.0,0.0,0.0,0.0,0.0,0.0,0.0,1.0,7.0,0.0,0.0,0.0,0.0,0.0,
FRA-Ligue 1,1819,2018-11-10 Nimes-Nice,Nimes,Paul Bernardoni,True,Goalkeeper,,start,end,1.0,0.0,0.0,0.0,0.0,0.0,0.0,1.0,7.0,0.0,0.0,0.0,0.0,0.0,
FRA-Ligue 1,1819,2018-11-10 Saint-Étienne-Stade de Reims,Saint-Étienne,Stéphane Ruffier,True,Goalkeeper,1,start,end,1.0,0.0,0.0,0.0,0.0,0.0,0.0,0.0,2.0,0.0,0.0,0.0,0.0,0.0,
FRA-Ligue 1,1819,2018-11-10 Saint-Étienne-Stade de Reims,Saint-Étienne,Stéphane Ruffier,True,Goalkeeper,,start,end,1.0,0.0,0.0,0.0,0.0,0.0,0.0,0.0,2.0,0.0,0.0,0.0,0.0,0.0,
FRA-Ligue 1,1819,2018-11-10 Saint-Étienne-Stade de Reims,Stade de Reims,Édouard Mendy,False,Goalkeeper,1,start,end,1.0,0.0,0.0,0.0,0.0,0.0,0.0,2.0,3.0,0.0,0.0,0.0,0.0,0.0,
FRA-Ligue 1,1819,2018-11-10 Saint-Étienne-Stade de Reims,Stade de Reims,Édouard Mendy,False,Goalkeeper,,start,end,1.0,0.0,0.0,0.0,0.0,0.0,0.0,2.0,3.0,0.0,0.0,0.0,0.0,0.0,
FRA-Ligue 1,1819,2018-11-10 Toulouse-SC Amiens,SC Amiens,Régis Gurtner,False,Goalkeeper,1,start,end,1.0,0.0,0.0,0.0,0.0,0.0,0.0,0.0,6.0,0.0,0.0,0.0,0.0,0.0,
FRA-Ligue 1,1819,2018-11-10 Toulouse-SC Amiens,Toulouse,Baptiste Reynet,True,Goalkeeper,1,start,end,1.0,0.0,0.0,0.0,0.0,0.0,0.0,1.0,1.0,0.0,0.0,0.0,0.0,0.0,
FRA-Ligue 1,1819,2018-11-11 AS Monaco-Paris Saint-Germain,AS Monaco,Diego Benaglio,True,Goalkeeper,1,start,end,1.0,0.0,0.0,0.0,0.0,0.0,0.0,4.0,5.0,0.0,0.0,0.0,0.0,0.0,
FRA-Ligue 1,1819,2018-11-11 AS Monaco-Paris Saint-Germain,Paris Saint-Germain,Alphonse Areola,False,Goalkeeper,1,start,end,1.0,0.0,0.0,0.0,0.0,0.0,0.0,0.0,2.0,0.0,0.0,0.0,0.0,0.0,
FRA-Ligue 1,1819,2018-11-11 Bordeaux-Caen,Bordeaux,Benoit Costil,True,Goalkeeper,1,start,end,1.0,0.0,0.0,0.0,0.0,0.0,0.0,0.0,1.0,0.0,0.0,0.0,0.0,0.0,
FRA-Ligue 1,1819,2018-11-11 Bordeaux-Caen,Bordeaux,Benoit Costil,True,Goalkeeper,,start,end,1.0,0.0,0.0,0.0,0.0,0.0,0.0,0.0,1.0,0.0,0.0,0.0,0.0,0.0,
FRA-Ligue 1,1819,2018-11-11 Bordeaux-Caen,Caen,Brice Samba,False,Goalkeeper,1,start,end,1.0,0.0,0.0,0.0,0.0,0.0,0.0,0.0,6.0,0.0,0.0,0.0,0.0,0.0,
FRA-Ligue 1,1819,2018-11-11 Bordeaux-Caen,Caen,Brice Samba,False,Goalkeeper,,start,end,1.0,0.0,0.0,0.0,0.0,0.0,0.0,0.0,6.0,0.0,0.0,0.0,0.0,0.0,
FRA-Ligue 1,1819,2018-11-11 Marseille-Dijon FCO,Dijon FCO,Rúnar Rúnarsson,False,Goalkeeper,1,start,end,1.0,0.0,0.0,0.0,0.0,0.0,0.0,2.0,1.0,0.0,0.0,0.0,0.0,0.0,
FRA-Ligue 1,1819,2018-11-11 Marseille-Dijon FCO,Dijon FCO,Rúnar Rúnarsson,False,Goalkeeper,,start,end,1.0,0.0,0.0,0.0,0.0,0.0,0.0,2.0,1.0,0.0,0.0,0.0,0.0,0.0,
FRA-Ligue 1,1819,2018-11-11 Marseille-Dijon FCO,Marseille,Steve Mandanda,True,Goalkeeper,1,start,end,1.0,0.0,1.0,0.0,0.0,0.0,0.0,0.0,3.0,0.0,0.0,0.0,0.0,0.0,
FRA-Ligue 1,1819,2018-11-11 Marseille-Dijon FCO,Marseille,Steve Mandanda,True,Goalkeeper,,start,end,1.0,0.0,1.0,0.0,0.0,0.0,0.0,0.0,3.0,0.0,0.0,0.0,0.0,0.0,
FRA-Ligue 1,1819,2018-11-11 Stade Rennais-Nantes,Nantes,Ciprian Tatarusanu,False,Goalkeeper,1,start,end,1.0,0.0,1.0,0.0,0.0,0.0,0.0,1.0,3.0,0.0,0.0,0.0,0.0,0.0,
FRA-Ligue 1,1819,2018-11-11 Stade Rennais-Nantes,Nantes,Ciprian Tatarusanu,False,Goalkeeper,,start,end,1.0,0.0,1.0,0.0,0.0,0.0,0.0,1.0,3.0,0.0,0.0,0.0,0.0,0.0,
FRA-Ligue 1,1819,2018-11-11 Stade Rennais-Nantes,Stade Rennais,Tomas Koubek,True,Goalkeeper,1,start,end,1.0,0.0,0.0,0.0,0.0,0.0,0.0,1.0,2.0,0.0,0.0,0.0,0.0,0.0,
FRA-Ligue 1,1819,2018-11-11 Stade Rennais-Nantes,Stade Rennais,Tomas Koubek,True,Goalkeeper,,start,end,1.0,0.0,0.0,0.0,0.0,0.0,0.0,1.0,2.0,0.0,0.0,0.0,0.0,0.0,
FRA-Ligue 1,1819,2018-11-23 Lyon-Saint-Étienne,Lyon,Anthony Lopes,True,Goalkeeper,1,start,end,1.0,0.0,2.0,0.0,0.0,0.0,0.0,0.0,3.0,0.0,0.0,0.0,0.0,0.0,
FRA-Ligue 1,1819,2018-11-23 Lyon-Saint-Étienne,Lyon,Anthony Lopes,True,Goalkeeper,,start,end,1.0,0.0,2.0,0.0,0.0,0.0,0.0,0.0,3.0,0.0,0.0,0.0,0.0,0.0,
FRA-Ligue 1,1819,2018-11-23 Lyon-Saint-Étienne,Saint-Étienne,Stéphane Ruffier,False,Goalkeeper,1,start,end,1.0,0.0,0.0,0.0,0.0,0.0,0.0,1.0,0.0,0.0,0.0,0.0,0.0,0.0,
FRA-Ligue 1,1819,2018-11-23 Lyon-Saint-Étienne,Saint-Étienne,Stéphane Ruffier,False,Goalkeeper,,start,end,1.0,0.0,0.0,0.0,0.0,0.0,0.0,1.0,0.0,0.0,0.0,0.0,0.0,0.0,
FRA-Ligue 1,1819,2018-11-24 Caen-AS Monaco,AS Monaco,Diego Benaglio,False,Goalkeeper,1,start,end,1.0,0.0,0.0,0.0,0.0,0.0,0.0,0.0,0.0,0.0,0.0,0.0,0.0,0.0,
FRA-Ligue 1,1819,2018-11-24 Caen-AS Monaco,AS Monaco,Diego Benaglio,False,Goalkeeper,,start,end,1.0,0.0,0.0,0.0,0.0,0.0,0.0,0.0,0.0,0.0,0.0,0.0,0.0,0.0,
FRA-Ligue 1,1819,2018-11-24 Caen-AS Monaco,Caen,Brice Samba,True,Goalkeeper,1,start,end,1.0,0.0,0.0,0.0,0.0,0.0,0.0,1.0,3.0,0.0,0.0,0.0,0.0,0.0,
FRA-Ligue 1,1819,2018-11-24 Caen-AS Monaco,Caen,Brice Samba,True,Goalkeeper,,start,end,1.0,0.0,0.0,0.0,0.0,0.0,0.0,1.0,3.0,0.0,0.0,0.0,0.0,0.0,
FRA-Ligue 1,1819,2018-11-24 Dijon FCO-Bordeaux,Bordeaux,Benoit Costil,False,Goalkeeper,1,start,end,1.0,0.0,0.0,0.0,0.0,0.0,0.0,0.0,4.0,0.0,0.0,0.0,0.0,0.0,
FRA-Ligue 1,1819,2018-11-24 Dijon FCO-Bordeaux,Bordeaux,Benoit Costil,False,Goalkeeper,,start,end,1.0,0.0,0.0,0.0,0.0,0.0,0.0,0.0,4.0,0.0,0.0,0.0,0.0,0.0,
FRA-Ligue 1,1819,2018-11-24 Dijon FCO-Bordeaux,Dijon FCO,Rúnar Rúnarsson,True,Goalkeeper,1,start,end,1.0,0.0,0.0,0.0,0.0,0.0,0.0,0.0,0.0,0.0,0.0,0.0,0.0,0.0,
FRA-Ligue 1,1819,2018-11-24 Dijon FCO-Bordeaux,Dijon FCO,Rúnar Rúnarsson,True,Goalkeeper,,start,end,1.0,0.0,0.0,0.0,0.0,0.0,0.0,0.0,0.0,0.0,0.0,0.0,0.0,0.0,
FRA-Ligue 1,1819,2018-11-24 Nantes-Angers,Angers,Ludovic Butelle,False,Goalkeeper,1,start,end,1.0,0.0,0.0,0.0,0.0,0.0,0.0,1.0,7.0,0.0,0.0,0.0,0.0,0.0,
FRA-Ligue 1,1819,2018-11-24 Nantes-Angers,Nantes,Ciprian Tatarusanu,True,Goalkeeper,1,start,end,1.0,0.0,0.0,0.0,0.0,0.0,0.0,1.0,0.0,0.0,0.0,0.0,0.0,0.0,
FRA-Ligue 1,1819,2018-11-24 Nantes-Angers,Nantes,Ciprian Tatarusanu,True,Goalkeeper,,start,end,1.0,0.0,0.0,0.0,0.0,0.0,0.0,1.0,0.0,0.0,0.0,0.0,0.0,0.0,
FRA-Ligue 1,1819,2018-11-24 Paris Saint-Germain-Toulouse,Paris Saint-Germain,Gianluigi Buffon,True,Goalkeeper,1,start,end,1.0,0.0,0.0,0.0,0.0,0.0,0.0,0.0,3.0,0.0,0.0,0.0,0.0,0.0,
FRA-Ligue 1,1819,2018-11-24 Paris Saint-Germain-Toulouse,Paris Saint-Germain,Gianluigi Buffon,True,Goalkeeper,,start,end,1.0,0.0,0.0,0.0,0.0,0.0,0.0,0.0,3.0,0.0,0.0,0.0,0.0,0.0,
FRA-Ligue 1,1819,2018-11-24 Paris Saint-Germain-Toulouse,Toulouse,Baptiste Reynet,False,Goalkeeper,1,start,end,1.0,0.0,0.0,0.0,0.0,0.0,0.0,1.0,1.0,0.0,0.0,0.0,0.0,0.0,
FRA-Ligue 1,1819,2018-11-24 Paris Saint-Germain-Toulouse,Toulouse,Baptiste Reynet,False,Goalkeeper,,start,end,1.0,0.0,0.0,0.0,0.0,0.0,0.0,1.0,1.0,0.0,0.0,0.0,0.0,0.0,
FRA-Ligue 1,1819,2018-11-24 Stade de Reims-Guingamp,Guingamp,Karl-Johan Johnsson,False,Goalkeeper,1,start,end,1.0,0.0,0.0,0.0,0.0,0.0,0.0,2.0,1.0,0.0,0.0,0.0,0.0,0.0,
FRA-Ligue 1,1819,2018-11-24 Stade de Reims-Guingamp,Guingamp,Karl-Johan Johnsson,False,Goalkeeper,,start,end,1.0,0.0,0.0,0.0,0.0,0.0,0.0,2.0,1.0,0.0,0.0,0.0,0.0,0.0,
FRA-Ligue 1,1819,2018-11-24 Stade de Reims-Guingamp,Stade de Reims,Édouard Mendy,True,Goalkeeper,1,start,end,1.0,0.0,0.0,0.0,0.0,0.0,0.0,1.0,3.0,0.0,0.0,0.0,0.0,0.0,
FRA-Ligue 1,1819,2018-11-24 Stade de Reims-Guingamp,Stade de Reims,Édouard Mendy,True,Goalkeeper,,start,end,1.0,0.0,0.0,0.0,0.0,0.0,0.0,1.0,3.0,0.0,0.0,0.0,0.0,0.0,
FRA-Ligue 1,1819,2018-11-24 Strasbourg-Nimes,Nimes,Paul Bernardoni,False,Goalkeeper,1,start,end,1.0,0.0,0.0,0.0,0.0,0.0,0.0,0.0,4.0,0.0,0.0,0.0,0.0,0.0,
FRA-Ligue 1,1819,2018-11-24 Strasbourg-Nimes,Nimes,Paul Bernardoni,False,Goalkeeper,,start,end,1.0,0.0,0.0,0.0,0.0,0.0,0.0,0.0,4.0,0.0,0.0,0.0,0.0,0.0,
FRA-Ligue 1,1819,2018-11-24 Strasbourg-Nimes,Strasbourg,Matz Sels,True,Goalkeeper,1,start,end,1.0,0.0,0.0,0.0,0.0,0.0,0.0,1.0,2.0,0.0,0.0,0.0,0.0,0.0,
FRA-Ligue 1,1819,2018-11-24 Strasbourg-Nimes,Strasbourg,Matz Sels,True,Goalkeeper,,start,end,1.0,0.0,0.0,0.0,0.0,0.0,0.0,1.0,2.0,0.0,0.0,0.0,0.0,0.0,
FRA-Ligue 1,1819,2018-11-25 Montpellier-Stade Rennais,Montpellier,Benjamin Lecomte,True,Goalkeeper,1,start,end,1.0,0.0,1.0,0.0,0.0,0.0,0.0,2.0,5.0,0.0,0.0,0.0,0.0,0.0,
FRA-Ligue 1,1819,2018-11-25 Montpellier-Stade Rennais,Montpellier,Benjamin Lecomte,True,Goalkeeper,,start,end,1.0,0.0,1.0,0.0,0.0,0.0,0.0,2.0,5.0,0.0,0.0,0.0,0.0,0.0,
FRA-Ligue 1,1819,2018-11-25 Montpellier-Stade Rennais,Stade Rennais,Tomas Koubek,False,Goalkeeper,1,start,end,1.0,0.0,0.0,0.0,0.0,0.0,0.0,2.0,2.0,0.0,0.0,0.0,0.0,0.0,
FRA-Ligue 1,1819,2018-11-25 Montpellier-Stade Rennais,Stade Rennais,Tomas Koubek,False,Goalkeeper,,start,end,1.0,0.0,0.0,0.0,0.0,0.0,0.0,2.0,2.0,0.0,0.0,0.0,0.0,0.0,
FRA-Ligue 1,1819,2018-11-25 Nice-Lille,Lille,Mike Maignan,False,Goalkeeper,1,start,end,1.0,0.0,0.0,0.0,0.0,0.0,0.0,2.0,2.0,0.0,0.0,0.0,0.0,0.0,
FRA-Ligue 1,1819,2018-11-25 Nice-Lille,Lille,Mike Maignan,False,Goalkeeper,,start,end,1.0,0.0,0.0,0.0,0.0,0.0,0.0,2.0,2.0,0.0,0.0,0.0,0.0,0.0,
FRA-Ligue 1,1819,2018-11-25 Nice-Lille,Nice,Walter Benítez,True,Goalkeeper,1,start,end,1.0,0.0,0.0,0.0,0.0,0.0,0.0,0.0,2.0,0.0,0.0,0.0,0.0,0.0,
FRA-Ligue 1,1819,2018-11-25 Nice-Lille,Nice,Walter Benítez,True,Goalkeeper,,start,end,1.0,0.0,0.0,0.0,0.0,0.0,0.0,0.0,2.0,0.0,0.0,0.0,0.0,0.0,
FRA-Ligue 1,1819,2018-11-25 SC Amiens-Marseille,Marseille,Steve Mandanda,False,Goalkeeper,1,start,end,1.0,0.0,0.0,0.0,0.0,0.0,0.0,1.0,2.0,0.0,0.0,0.0,0.0,0.0,
FRA-Ligue 1,1819,2018-11-25 SC Amiens-Marseille,Marseille,Steve Mandanda,False,Goalkeeper,,start,end,1.0,0.0,0.0,0.0,0.0,0.0,0.0,1.0,2.0,0.0,0.0,0.0,0.0,0.0,
FRA-Ligue 1,1819,2018-11-25 SC Amiens-Marseille,SC Amiens,Régis Gurtner,True,Goalkeeper,1,start,end,1.0,0.0,1.0,0.0,0.0,0.0,0.0,3.0,6.0,0.0,0.0,0.0,0.0,0.0,
FRA-Ligue 1,1819,2018-11-25 SC Amiens-Marseille,SC Amiens,Régis Gurtner,True,Goalkeeper,,start,end,1.0,0.0,1.0,0.0,0.0,0.0,0.0,3.0,6.0,0.0,0.0,0.0,0.0,0.0,
FRA-Ligue 1,1819,2018-11-30 Saint-Étienne-Nantes,Nantes,Ciprian Tatarusanu,False,Goalkeeper,1,start,51,1.0,0.0,0.0,0.0,0.0,0.0,0.0,0.0,0.0,0.0,0.0,0.0,0.0,0.0,
FRA-Ligue 1,1819,2018-11-30 Saint-Étienne-Nantes,Nantes,Ciprian Tatarusanu,False,Goalkeeper,,start,51,1.0,0.0,0.0,0.0,0.0,0.0,0.0,0.0,0.0,0.0,0.0,0.0,0.0,0.0,
FRA-Ligue 1,1819,2018-11-30 Saint-Étienne-Nantes,Saint-Étienne,Stéphane Ruffier,True,Goalkeeper,1,start,end,1.0,0.0,0.0,0.0,0.0,0.0,0.0,0.0,1.0,0.0,0.0,0.0,0.0,0.0,
FRA-Ligue 1,1819,2018-11-30 Saint-Étienne-Nantes,Saint-Étienne,Stéphane Ruffier,True,Goalkeeper,,start,end,1.0,0.0,0.0,0.0,0.0,0.0,0.0,0.0,1.0,0.0,0.0,0.0,0.0,0.0,
FRA-Ligue 1,1819,2018-12-01 AS Monaco-Montpellier,AS Monaco,Diego Benaglio,True,Goalkeeper,1,start,end,1.0,0.0,0.0,0.0,0.0,0.0,0.0,2.0,1.0,0.0,0.0,0.0,0.0,0.0,
FRA-Ligue 1,1819,2018-12-01 AS Monaco-Montpellier,AS Monaco,Diego Benaglio,True,Goalkeeper,,start,end,1.0,0.0,0.0,0.0,0.0,0.0,0.0,2.0,1.0,0.0,0.0,0.0,0.0,0.0,
FRA-Ligue 1,1819,2018-12-01 AS Monaco-Montpellier,Montpellier,Benjamin Lecomte,False,Goalkeeper,1,start,end,1.0,0.0,0.0,0.0,0.0,0.0,0.0,1.0,1.0,0.0,0.0,0.0,0.0,0.0,
FRA-Ligue 1,1819,2018-12-01 AS Monaco-Montpellier,Montpellier,Benjamin Lecomte,False,Goalkeeper,,start,end,1.0,0.0,0.0,0.0,0.0,0.0,0.0,1.0,1.0,0.0,0.0,0.0,0.0,0.0,
FRA-Ligue 1,1819,2018-12-01 Angers-Caen,Angers,Ludovic Butelle,True,Goalkeeper,1,start,end,1.0,0.0,0.0,0.0,0.0,0.0,0.0,1.0,2.0,0.0,0.0,0.0,0.0,0.0,
FRA-Ligue 1,1819,2018-12-01 Angers-Caen,Angers,Ludovic Butelle,True,Goalkeeper,,start,end,1.0,0.0,0.0,0.0,0.0,0.0,0.0,1.0,2.0,0.0,0.0,0.0,0.0,0.0,
FRA-Ligue 1,1819,2018-12-01 Angers-Caen,Caen,Brice Samba,False,Goalkeeper,1,start,end,1.0,0.0,0.0,0.0,0.0,0.0,0.0,1.0,3.0,0.0,0.0,0.0,0.0,0.0,
FRA-Ligue 1,1819,2018-12-01 Angers-Caen,Caen,Brice Samba,False,Goalkeeper,,start,end,1.0,0.0,0.0,0.0,0.0,0.0,0.0,1.0,3.0,0.0,0.0,0.0,0.0,0.0,
FRA-Ligue 1,1819,2018-12-01 Guingamp-Nice,Guingamp,Karl-Johan Johnsson,True,Goalkeeper,1,start,end,1.0,0.0,1.0,0.0,0.0,0.0,0.0,0.0,1.0,0.0,0.0,0.0,0.0,0.0,
FRA-Ligue 1,1819,2018-12-01 Guingamp-Nice,Guingamp,Karl-Johan Johnsson,True,Goalkeeper,,start,end,1.0,0.0,1.0,0.0,0.0,0.0,0.0,0.0,1.0,0.0,0.0,0.0,0.0,0.0,
FRA-Ligue 1,1819,2018-12-01 Guingamp-Nice,Nice,Walter Benítez,False,Goalkeeper,1,start,end,1.0,0.0,0.0,0.0,0.0,0.0,0.0,0.0,2.0,0.0,0.0,0.0,0.0,0.0,
FRA-Ligue 1,1819,2018-12-01 Guingamp-Nice,Nice,Walter Benítez,False,Goalkeeper,,start,end,1.0,0.0,0.0,0.0,0.0,0.0,0.0,0.0,2.0,0.0,0.0,0.0,0.0,0.0,
FRA-Ligue 1,1819,2018-12-01 Lille-Lyon,Lille,Mike Maignan,True,Goalkeeper,1,start,end,1.0,0.0,0.0,0.0,0.0,0.0,0.0,2.0,3.0,0.0,0.0,0.0,0.0,0.0,
FRA-Ligue 1,1819,2018-12-01 Lille-Lyon,Lille,Mike Maignan,True,Goalkeeper,,start,end,1.0,0.0,0.0,0.0,0.0,0.0,0.0,2.0,3.0,0.0,0.0,0.0,0.0,0.0,
FRA-Ligue 1,1819,2018-12-01 Lille-Lyon,Lyon,Anthony Lopes,False,Goalkeeper,1,start,end,1.0,0.0,0.0,0.0,0.0,0.0,0.0,2.0,4.0,0.0,0.0,0.0,0.0,0.0,
FRA-Ligue 1,1819,2018-12-01 Lille-Lyon,Lyon,Anthony Lopes,False,Goalkeeper,,start,end,1.0,0.0,0.0,0.0,0.0,0.0,0.0,2.0,4.0,0.0,0.0,0.0,0.0,0.0,
FRA-Ligue 1,1819,2018-12-01 Nimes-SC Amiens,Nimes,Paul Bernardoni,True,Goalkeeper,1,start,end,1.0,0.0,0.0,0.0,0.0,0.0,0.0,0.0,1.0,0.0,0.0,0.0,0.0,0.0,
FRA-Ligue 1,1819,2018-12-01 Nimes-SC Amiens,Nimes,Paul Bernardoni,True,Goalkeeper,,start,end,1.0,0.0,0.0,0.0,0.0,0.0,0.0,0.0,1.0,0.0,0.0,0.0,0.0,0.0,
FRA-Ligue 1,1819,2018-12-01 Nimes-SC Amiens,SC Amiens,Régis Gurtner,False,Goalkeeper,1,start,end,1.0,0.0,0.0,0.0,0.0,0.0,0.0,3.0,4.0,0.0,0.0,0.0,0.0,0.0,
FRA-Ligue 1,1819,2018-12-01 Nimes-SC Amiens,SC Amiens,Régis Gurtner,False,Goalkeeper,,start,end,1.0,0.0,0.0,0.0,0.0,0.0,0.0,3.0,4.0,0.0,0.0,0.0,0.0,0.0,
FRA-Ligue 1,1819,2018-12-02 Bordeaux-Paris Saint-Germain,Bordeaux,Benoit Costil,True,Goalkeeper,1,start,end,1.0,0.0,0.0,0.0,0.0,0.0,0.0,2.0,1.0,0.0,0.0,0.0,0.0,0.0,
FRA-Ligue 1,1819,2018-12-02 Bordeaux-Paris Saint-Germain,Bordeaux,Benoit Costil,True,Goalkeeper,,start,end,1.0,0.0,0.0,0.0,0.0,0.0,0.0,2.0,1.0,0.0,0.0,0.0,0.0,0.0,
FRA-Ligue 1,1819,2018-12-02 Bordeaux-Paris Saint-Germain,Paris Saint-Germain,Alphonse Areola,False,Goalkeeper,1,start,end,1.0,0.0,0.0,0.0,0.0,0.0,0.0,2.0,2.0,0.0,0.0,0.0,0.0,0.0,
FRA-Ligue 1,1819,2018-12-02 Bordeaux-Paris Saint-Germain,Paris Saint-Germain,Alphonse Areola,False,Goalkeeper,,start,end,1.0,0.0,0.0,0.0,0.0,0.0,0.0,2.0,2.0,0.0,0.0,0.0,0.0,0.0,
FRA-Ligue 1,1819,2018-12-02 Marseille-Stade de Reims,Marseille,Steve Mandanda,True,Goalkeeper,1,start,end,1.0,0.0,0.0,0.0,0.0,0.0,0.0,0.0,4.0,0.0,0.0,0.0,0.0,0.0,
FRA-Ligue 1,1819,2018-12-02 Marseille-Stade de Reims,Stade de Reims,Édouard Mendy,False,Goalkeeper,1,start,end,1.0,0.0,0.0,0.0,0.0,0.0,0.0,0.0,5.0,0.0,0.0,0.0,0.0,0.0,
FRA-Ligue 1,1819,2018-12-02 Stade Rennais-Strasbourg,Stade Rennais,Tomas Koubek,True,Goalkeeper,1,start,end,1.0,0.0,0.0,0.0,0.0,0.0,0.0,4.0,4.0,0.0,0.0,0.0,0.0,0.0,
FRA-Ligue 1,1819,2018-12-02 Stade Rennais-Strasbourg,Stade Rennais,Tomas Koubek,True,Goalkeeper,,start,end,1.0,0.0,0.0,0.0,0.0,0.0,0.0,4.0,4.0,0.0,0.0,0.0,0.0,0.0,
FRA-Ligue 1,1819,2018-12-02 Stade Rennais-Strasbourg,Strasbourg,Matz Sels,False,Goalkeeper,1,start,end,1.0,0.0,0.0,0.0,0.0,0.0,0.0,1.0,1.0,0.0,0.0,0.0,0.0,0.0,
FRA-Ligue 1,1819,2018-12-02 Stade Rennais-Strasbourg,Strasbourg,Matz Sels,False,Goalkeeper,,start,end,1.0,0.0,0.0,0.0,0.0,0.0,0.0,1.0,1.0,0.0,0.0,0.0,0.0,0.0,
FRA-Ligue 1,1819,2018-12-02 Toulouse-Dijon FCO,Dijon FCO,Rúnar Rúnarsson,False,Goalkeeper,1,start,end,1.0,0.0,0.0,0.0,0.0,0.0,0.0,2.0,1.0,0.0,0.0,0.0,0.0,0.0,
FRA-Ligue 1,1819,2018-12-02 Toulouse-Dijon FCO,Dijon FCO,Rúnar Rúnarsson,False,Goalkeeper,,start,end,1.0,0.0,0.0,0.0,0.0,0.0,0.0,2.0,1.0,0.0,0.0,0.0,0.0,0.0,
FRA-Ligue 1,1819,2018-12-02 Toulouse-Dijon FCO,Toulouse,Baptiste Reynet,True,Goalkeeper,1,start,end,1.0,1.0,0.0,0.0,1.0,0.0,0.0,0.0,0.0,0.0,0.0,0.0,0.0,0.0,
FRA-Ligue 1,1819,2018-12-02 Toulouse-Dijon FCO,Toulouse,Baptiste Reynet,True,Goalkeeper,,start,end,1.0,1.0,0.0,0.0,1.0,0.0,0.0,0.0,0.0,0.0,0.0,0.0,0.0,0.0,
FRA-Ligue 1,1819,2018-12-04 Montpellier-Lille,Lille,Mike Maignan,False,Goalkeeper,1,start,end,1.0,0.0,1.0,0.0,0.0,0.0,0.0,0.0,4.0,0.0,0.0,0.0,0.0,0.0,
FRA-Ligue 1,1819,2018-12-04 Montpellier-Lille,Montpellier,Benjamin Lecomte,True,Goalkeeper,1,start,end,1.0,0.0,0.0,0.0,0.0,0.0,0.0,1.0,5.0,0.0,0.0,0.0,0.0,0.0,
FRA-Ligue 1,1819,2018-12-04 Nice-Angers,Angers,Ludovic Butelle,False,Goalkeeper,1,start,end,1.0,1.0,0.0,0.0,1.0,0.0,0.0,0.0,5.0,0.0,0.0,0.0,0.0,0.0,
FRA-Ligue 1,1819,2018-12-04 Nice-Angers,Nice,Walter Benítez,True,Goalkeeper,1,start,end,1.0,0.0,1.0,0.0,0.0,0.0,0.0,0.0,2.0,0.0,0.0,0.0,0.0,0.0,
FRA-Ligue 1,1819,2018-12-04 SC Amiens-AS Monaco,AS Monaco,Diego Benaglio,False,Goalkeeper,1,start,end,1.0,0.0,0.0,0.0,0.0,0.0,1.0,0.0,2.0,0.0,0.0,0.0,0.0,0.0,
FRA-Ligue 1,1819,2018-12-04 SC Amiens-AS Monaco,SC Amiens,Régis Gurtner,True,Goalkeeper,1,start,end,1.0,1.0,0.0,0.0,0.0,0.0,0.0,2.0,2.0,0.0,0.0,0.0,0.0,0.0,
FRA-Ligue 1,1819,2018-12-05 Bordeaux-Saint-Étienne,Bordeaux,Benoit Costil,True,Goalkeeper,1,start,end,1.0,0.0,0.0,0.0,0.0,0.0,0.0,2.0,2.0,0.0,0.0,0.0,0.0,0.0,
FRA-Ligue 1,1819,2018-12-05 Bordeaux-Saint-Étienne,Saint-Étienne,Stéphane Ruffier,False,Goalkeeper,1,start,end,1.0,0.0,0.0,0.0,0.0,0.0,0.0,3.0,2.0,0.0,0.0,0.0,0.0,0.0,
FRA-Ligue 1,1819,2018-12-05 Caen-Nimes,Caen,Brice Samba,True,Goalkeeper,1,start,end,1.0,0.0,0.0,0.0,0.0,0.0,0.0,2.0,5.0,0.0,0.0,0.0,0.0,0.0,
FRA-Ligue 1,1819,2018-12-05 Caen-Nimes,Nimes,Paul Bernardoni,False,Goalkeeper,1,start,end,1.0,0.0,0.0,0.0,0.0,0.0,0.0,1.0,2.0,0.0,0.0,0.0,0.0,0.0,
FRA-Ligue 1,1819,2018-12-05 Dijon FCO-Guingamp,Dijon FCO,Bobby Allain,True,Goalkeeper,1,start,end,1.0,0.0,2.0,0.0,0.0,0.0,0.0,1.0,6.0,0.0,0.0,0.0,0.0,0.0,
FRA-Ligue 1,1819,2018-12-05 Dijon FCO-Guingamp,Guingamp,Karl-Johan Johnsson,False,Goalkeeper,1,start,end,1.0,0.0,0.0,0.0,0.0,0.0,0.0,2.0,1.0,0.0,0.0,0.0,0.0,0.0,
FRA-Ligue 1,1819,2018-12-05 Lyon-Stade Rennais,Lyon,Anthony Lopes,True,Goalkeeper,1,start,end,1.0,0.0,0.0,0.0,0.0,0.0,0.0,2.0,0.0,0.0,0.0,0.0,0.0,0.0,
FRA-Ligue 1,1819,2018-12-05 Lyon-Stade Rennais,Stade Rennais,Abdoulaye Diallo,False,Goalkeeper,1,start,end,1.0,0.0,0.0,0.0,0.0,0.0,0.0,0.0,8.0,0.0,0.0,0.0,0.0,0.0,
FRA-Ligue 1,1819,2018-12-05 Nantes-Marseille,Marseille,Steve Mandanda,False,Goalkeeper,1,start,end,1.0,0.0,0.0,0.0,0.0,0.0,0.0,3.0,1.0,0.0,0.0,0.0,0.0,0.0,
FRA-Ligue 1,1819,2018-12-05 Nantes-Marseille,Nantes,Maxime Dupé,True,Goalkeeper,1,start,end,1.0,0.0,0.0,0.0,0.0,0.0,0.0,2.0,1.0,0.0,0.0,0.0,0.0,0.0,
FRA-Ligue 1,1819,2018-12-05 Stade de Reims-Toulouse,Stade de Reims,Édouard Mendy,True,Goalkeeper,1,start,end,1.0,0.0,0.0,0.0,0.0,0.0,0.0,1.0,2.0,0.0,0.0,0.0,0.0,0.0,
FRA-Ligue 1,1819,2018-12-05 Stade de Reims-Toulouse,Toulouse,Mauro Goicoechea,False,Goalkeeper,1,start,end,1.0,0.0,1.0,0.0,0.0,0.0,0.0,0.0,7.0,0.0,0.0,0.0,0.0,0.0,
FRA-Ligue 1,1819,2018-12-05 Strasbourg-Paris Saint-Germain,Paris Saint-Germain,Alphonse Areola,False,Goalkeeper,1,start,end,1.0,0.0,0.0,0.0,0.0,0.0,0.0,1.0,1.0,0.0,0.0,0.0,0.0,0.0,
FRA-Ligue 1,1819,2018-12-05 Strasbourg-Paris Saint-Germain,Strasbourg,Matz Sels,True,Goalkeeper,1,start,end,1.0,0.0,0.0,0.0,0.0,0.0,0.0,1.0,4.0,0.0,0.0,0.0,0.0,0.0,
FRA-Ligue 1,1819,2018-12-08 Guingamp-SC Amiens,Guingamp,Karl-Johan Johnsson,True,Goalkeeper,1,start,end,1.0,0.0,0.0,0.0,0.0,0.0,0.0,2.0,1.0,0.0,0.0,0.0,0.0,0.0,
FRA-Ligue 1,1819,2018-12-08 Guingamp-SC Amiens,SC Amiens,Régis Gurtner,False,Goalkeeper,1,start,end,1.0,0.0,0.0,0.0,0.0,0.0,1.0,1.0,1.0,0.0,0.0,0.0,0.0,0.0,
FRA-Ligue 1,1819,2018-12-08 Stade Rennais-Dijon FCO,Dijon FCO,Bobby Allain,False,Goalkeeper,1,start,end,1.0,0.0,0.0,0.0,0.0,0.0,0.0,2.0,7.0,0.0,0.0,0.0,0.0,0.0,
FRA-Ligue 1,1819,2018-12-08 Stade Rennais-Dijon FCO,Stade Rennais,Abdoulaye Diallo,True,Goalkeeper,1,start,end,1.0,0.0,0.0,0.0,0.0,0.0,0.0,0.0,4.0,0.0,0.0,0.0,0.0,0.0,
FRA-Ligue 1,1819,2018-12-09 Lille-Stade de Reims,Lille,Mike Maignan,True,Goalkeeper,1,start,end,1.0,0.0,0.0,0.0,0.0,0.0,0.0,1.0,2.0,0.0,0.0,0.0,0.0,0.0,
FRA-Ligue 1,1819,2018-12-09 Lille-Stade de Reims,Stade de Reims,Édouard Mendy,False,Goalkeeper,1,start,end,1.0,0.0,1.0,0.0,0.0,0.0,1.0,1.0,2.0,0.0,0.0,0.0,0.0,0.0,
FRA-Ligue 1,1819,2018-12-09 Strasbourg-Caen,Caen,Brice Samba,False,Goalkeeper,1,start,end,1.0,0.0,0.0,0.0,0.0,0.0,0.0,2.0,2.0,0.0,0.0,0.0,0.0,0.0,
FRA-Ligue 1,1819,2018-12-09 Strasbourg-Caen,Strasbourg,Matz Sels,True,Goalkeeper,1,start,end,1.0,0.0,0.0,0.0,0.0,0.0,0.0,2.0,1.0,0.0,0.0,0.0,0.0,0.0,
FRA-Ligue 1,1819,2018-12-15 Stade de Reims-Strasbourg,Stade de Reims,Édouard Mendy,True,Goalkeeper,1,start,end,1.0,0.0,1.0,0.0,0.0,0.0,0.0,1.0,1.0,0.0,0.0,0.0,0.0,0.0,
FRA-Ligue 1,1819,2018-12-15 Stade de Reims-Strasbourg,Strasbourg,Matz Sels,False,Goalkeeper,1,start,end,1.0,0.0,1.0,0.0,0.0,0.0,0.0,2.0,3.0,0.0,0.0,0.0,0.0,0.0,
FRA-Ligue 1,1819,2018-12-16 Lyon-AS Monaco,AS Monaco,Diego Benaglio,False,Goalkeeper,1,start,end,1.0,0.0,0.0,0.0,0.0,0.0,0.0,3.0,8.0,0.0,0.0,0.0,0.0,0.0,
FRA-Ligue 1,1819,2018-12-16 Lyon-AS Monaco,Lyon,Anthony Lopes,True,Goalkeeper,1,start,end,1.0,0.0,0.0,0.0,0.0,0.0,0.0,0.0,1.0,0.0,0.0,0.0,0.0,0.0,
FRA-Ligue 1,1819,2018-12-16 Nice-Saint-Étienne,Nice,Walter Benítez,True,Goalkeeper,1,start,end,1.0,0.0,0.0,0.0,0.0,0.0,0.0,1.0,3.0,0.0,0.0,0.0,0.0,0.0,
FRA-Ligue 1,1819,2018-12-16 Nice-Saint-Étienne,Saint-Étienne,Stéphane Ruffier,False,Goalkeeper,1,start,end,1.0,0.0,0.0,0.0,0.0,0.0,0.0,1.0,6.0,0.0,0.0,0.0,0.0,0.0,
FRA-Ligue 1,1819,2018-12-16 Nimes-Lille,Lille,Mike Maignan,False,Goalkeeper,1,start,end,1.0,0.0,2.0,0.0,0.0,0.0,0.0,2.0,4.0,0.0,0.0,0.0,0.0,0.0,
FRA-Ligue 1,1819,2018-12-16 Nimes-Lille,Nimes,Paul Bernardoni,True,Goalkeeper,1,start,end,1.0,0.0,0.0,0.0,0.0,0.0,0.0,3.0,3.0,0.0,0.0,0.0,0.0,0.0,
FRA-Ligue 1,1819,2018-12-18 Caen-Toulouse,Caen,Brice Samba,True,Goalkeeper,1,start,end,1.0,0.0,0.0,0.0,0.0,0.0,0.0,1.0,2.0,0.0,0.0,0.0,0.0,0.0,
FRA-Ligue 1,1819,2018-12-18 Caen-Toulouse,Toulouse,Baptiste Reynet,False,Goalkeeper,1,start,end,1.0,0.0,0.0,0.0,0.0,0.0,0.0,2.0,5.0,0.0,0.0,0.0,0.0,0.0,
FRA-Ligue 1,1819,2018-12-22 AS Monaco-Guingamp,AS Monaco,Diego Benaglio,True,Goalkeeper,1,start,end,1.0,0.0,0.0,0.0,0.0,0.0,0.0,2.0,1.0,0.0,0.0,0.0,0.0,0.0,
FRA-Ligue 1,1819,2018-12-22 AS Monaco-Guingamp,Guingamp,Marc-Aurele Caillard,False,Goalkeeper,1,start,end,1.0,0.0,1.0,0.0,0.0,0.0,0.0,0.0,2.0,0.0,0.0,0.0,0.0,0.0,
FRA-Ligue 1,1819,2018-12-22 Angers-Marseille,Angers,Zacharie Boucher,True,Goalkeeper,1,start,end,1.0,0.0,0.0,0.0,0.0,0.0,0.0,1.0,1.0,0.0,0.0,0.0,0.0,0.0,
FRA-Ligue 1,1819,2018-12-22 Angers-Marseille,Marseille,Steve Mandanda,False,Goalkeeper,1,start,end,1.0,0.0,0.0,0.0,0.0,0.0,0.0,1.0,3.0,0.0,0.0,0.0,0.0,0.0,
FRA-Ligue 1,1819,2018-12-22 Lille-Toulouse,Lille,Mike Maignan,True,Goalkeeper,1,start,end,1.0,0.0,0.0,0.0,0.0,0.0,0.0,2.0,1.0,0.0,0.0,0.0,0.0,0.0,
FRA-Ligue 1,1819,2018-12-22 Lille-Toulouse,Toulouse,Baptiste Reynet,False,Goalkeeper,1,start,end,1.0,0.0,0.0,0.0,0.0,0.0,0.0,1.0,4.0,0.0,0.0,0.0,0.0,0.0,
FRA-Ligue 1,1819,2018-12-22 Montpellier-Lyon,Lyon,Anthony Lopes,False,Goalkeeper,1,start,end,1.0,0.0,0.0,0.0,0.0,0.0,0.0,1.0,3.0,0.0,0.0,0.0,0.0,0.0,
FRA-Ligue 1,1819,2018-12-22 Montpellier-Lyon,Montpellier,Benjamin Lecomte,True,Goalkeeper,1,start,end,1.0,0.0,0.0,0.0,0.0,0.0,0.0,1.0,2.0,0.0,0.0,0.0,0.0,0.0,
FRA-Ligue 1,1819,2018-12-22 Paris Saint-Germain-Nantes,Nantes,Ciprian Tatarusanu,False,Goalkeeper,1,start,end,1.0,0.0,0.0,0.0,0.0,0.0,0.0,1.0,2.0,0.0,0.0,0.0,0.0,0.0,
FRA-Ligue 1,1819,2018-12-22 Paris Saint-Germain-Nantes,Paris Saint-Germain,Gianluigi Buffon,True,Goalkeeper,1,start,end,1.0,0.0,0.0,0.0,0.0,0.0,0.0,0.0,2.0,0.0,0.0,0.0,0.0,0.0,
FRA-Ligue 1,1819,2018-12-22 Saint-Étienne-Dijon FCO,Dijon FCO,Bobby Allain,False,Goalkeeper,1,start,end,1.0,0.0,0.0,0.0,0.0,0.0,0.0,3.0,4.0,0.0,0.0,0.0,0.0,0.0,
FRA-Ligue 1,1819,2018-12-22 Saint-Étienne-Dijon FCO,Saint-Étienne,Stéphane Ruffier,True,Goalkeeper,1,start,end,1.0,0.0,0.0,0.0,0.0,0.0,0.0,0.0,1.0,0.0,0.0,0.0,0.0,0.0,
FRA-Ligue 1,1819,2018-12-22 Stade Rennais-Nimes,Nimes,Paul Bernardoni,False,Goalkeeper,1,start,end,1.0,0.0,0.0,0.0,0.0,0.0,0.0,4.0,3.0,0.0,0.0,0.0,0.0,0.0,
FRA-Ligue 1,1819,2018-12-22 Stade Rennais-Nimes,Stade Rennais,Tomas Koubek,True,Goalkeeper,1,start,end,1.0,0.0,0.0,0.0,0.0,0.0,0.0,0.0,6.0,0.0,0.0,0.0,0.0,0.0,
FRA-Ligue 1,1819,2018-12-22 Stade de Reims-Caen,Caen,Brice Samba,False,Goalkeeper,1,start,end,1.0,0.0,0.0,0.0,0.0,0.0,0.0,2.0,9.0,0.0,0.0,0.0,0.0,0.0,
FRA-Ligue 1,1819,2018-12-22 Stade de Reims-Caen,Stade de Reims,Édouard Mendy,True,Goalkeeper,1,start,end,1.0,0.0,0.0,0.0,0.0,0.0,0.0,2.0,0.0,0.0,0.0,0.0,0.0,0.0,
FRA-Ligue 1,1819,2018-12-22 Strasbourg-Nice,Nice,Walter Benítez,False,Goalkeeper,1,start,end,1.0,0.0,0.0,0.0,0.0,0.0,0.0,2.0,3.0,0.0,0.0,0.0,0.0,0.0,
FRA-Ligue 1,1819,2018-12-22 Strasbourg-Nice,Strasbourg,Matz Sels,True,Goalkeeper,1,start,end,1.0,0.0,0.0,0.0,0.0,0.0,0.0,0.0,4.0,0.0,0.0,0.0,0.0,0.0,
FRA-Ligue 1,1819,2018-12-23 Bordeaux-SC Amiens,Bordeaux,Benoit Costil,True,Goalkeeper,1,start,end,1.0,0.0,0.0,0.0,0.0,0.0,0.0,1.0,3.0,0.0,0.0,0.0,0.0,0.0,
FRA-Ligue 1,1819,2018-12-23 Bordeaux-SC Amiens,SC Amiens,Régis Gurtner,False,Goalkeeper,1,start,end,1.0,0.0,0.0,0.0,0.0,0.0,0.0,1.0,3.0,0.0,0.0,0.0,0.0,0.0,
FRA-Ligue 1,1819,2019-01-08 Nantes-Montpellier,Montpellier,Benjamin Lecomte,False,Goalkeeper,1,start,end,1.0,0.0,0.0,0.0,0.0,0.0,0.0,2.0,3.0,0.0,0.0,0.0,0.0,0.0,
FRA-Ligue 1,1819,2019-01-08 Nantes-Montpellier,Nantes,Ciprian Tatarusanu,True,Goalkeeper,1,start,end,1.0,0.0,0.0,0.0,0.0,0.0,0.0,0.0,2.0,0.0,0.0,0.0,0.0,0.0,
FRA-Ligue 1,1819,2019-01-08 SC Amiens-Angers,Angers,Ludovic Butelle,False,Goalkeeper,1,start,end,1.0,0.0,0.0,0.0,0.0,0.0,0.0,0.0,5.0,0.0,0.0,0.0,0.0,0.0,
FRA-Ligue 1,1819,2019-01-08 SC Amiens-Angers,SC Amiens,Régis Gurtner,True,Goalkeeper,1,start,end,1.0,0.0,0.0,0.0,0.0,0.0,0.0,0.0,2.0,0.0,0.0,0.0,0.0,0.0,
FRA-Ligue 1,1819,2019-01-11 Caen-Lille,Caen,Brice Samba,True,Goalkeeper,1,start,end,1.0,0.0,0.0,0.0,0.0,0.0,0.0,3.0,4.0,0.0,0.0,0.0,0.0,0.0,
FRA-Ligue 1,1819,2019-01-11 Caen-Lille,Lille,Mike Maignan,False,Goalkeeper,1,start,end,1.0,0.0,0.0,0.0,0.0,0.0,0.0,1.0,2.0,0.0,0.0,0.0,0.0,0.0,
FRA-Ligue 1,1819,2019-01-11 Lyon-Stade de Reims,Lyon,Anthony Lopes,True,Goalkeeper,1,start,end,1.0,0.0,0.0,0.0,0.0,0.0,0.0,1.0,4.0,0.0,0.0,0.0,0.0,0.0,
FRA-Ligue 1,1819,2019-01-11 Lyon-Stade de Reims,Stade de Reims,Édouard Mendy,False,Goalkeeper,1,start,end,1.0,0.0,0.0,0.0,0.0,0.0,0.0,1.0,4.0,0.0,0.0,0.0,0.0,0.0,
FRA-Ligue 1,1819,2019-01-12 Guingamp-Saint-Étienne,Guingamp,Marc-Aurele Caillard,True,Goalkeeper,1,start,end,1.0,0.0,0.0,0.0,0.0,0.0,0.0,1.0,1.0,0.0,0.0,0.0,0.0,0.0,
FRA-Ligue 1,1819,2019-01-12 Guingamp-Saint-Étienne,Saint-Étienne,Stéphane Ruffier,False,Goalkeeper,1,start,end,1.0,0.0,0.0,0.0,0.0,0.0,0.0,0.0,2.0,0.0,0.0,0.0,0.0,0.0,
FRA-Ligue 1,1819,2019-01-12 Nice-Bordeaux,Bordeaux,Benoit Costil,False,Goalkeeper,1,start,end,1.0,0.0,0.0,0.0,0.0,0.0,0.0,1.0,2.0,0.0,0.0,0.0,0.0,0.0,
FRA-Ligue 1,1819,2019-01-12 Nice-Bordeaux,Nice,Walter Benítez,True,Goalkeeper,1,start,end,1.0,0.0,0.0,0.0,0.0,0.0,0.0,0.0,4.0,0.0,0.0,0.0,0.0,0.0,
FRA-Ligue 1,1819,2019-01-12 SC Amiens-Paris Saint-Germain,Paris Saint-Germain,Alphonse Areola,False,Goalkeeper,1,start,end,1.0,0.0,1.0,0.0,0.0,0.0,0.0,0.0,1.0,0.0,0.0,0.0,0.0,0.0,
FRA-Ligue 1,1819,2019-01-12 SC Amiens-Paris Saint-Germain,SC Amiens,Régis Gurtner,True,Goalkeeper,1,start,end,1.0,0.0,0.0,0.0,0.0,0.0,0.0,3.0,6.0,0.0,0.0,0.0,0.0,0.0,
FRA-Ligue 1,1819,2019-01-13 Dijon FCO-Montpellier,Dijon FCO,Bobby Allain,True,Goalkeeper,1,start,end,1.0,0.0,1.0,0.0,0.0,0.0,0.0,1.0,5.0,0.0,0.0,0.0,0.0,0.0,
FRA-Ligue 1,1819,2019-01-13 Dijon FCO-Montpellier,Montpellier,Benjamin Lecomte,False,Goalkeeper,1,start,end,1.0,0.0,0.0,0.0,0.0,0.0,0.0,1.0,6.0,0.0,0.0,0.0,0.0,0.0,
FRA-Ligue 1,1819,2019-01-13 Marseille-AS Monaco,AS Monaco,Diego Benaglio,False,Goalkeeper,1,start,end,1.0,0.0,1.0,0.0,0.0,0.0,0.0,1.0,2.0,0.0,0.0,0.0,0.0,0.0,
FRA-Ligue 1,1819,2019-01-13 Marseille-AS Monaco,Marseille,Steve Mandanda,True,Goalkeeper,1,start,end,1.0,0.0,0.0,0.0,0.0,0.0,0.0,1.0,2.0,0.0,0.0,0.0,0.0,0.0,
FRA-Ligue 1,1819,2019-01-13 Nantes-Stade Rennais,Nantes,Ciprian Tatarusanu,True,Goalkeeper,1,start,end,1.0,0.0,0.0,0.0,0.0,0.0,0.0,1.0,0.0,0.0,0.0,0.0,0.0,0.0,
FRA-Ligue 1,1819,2019-01-13 Nantes-Stade Rennais,Stade Rennais,Tomas Koubek,False,Goalkeeper,1,start,end,1.0,0.0,0.0,0.0,0.0,0.0,0.0,0.0,3.0,0.0,0.0,0.0,0.0,0.0,
FRA-Ligue 1,1819,2019-01-13 Toulouse-Strasbourg,Strasbourg,Matz Sels,False,Goalkeeper,1,start,end,1.0,0.0,0.0,0.0,0.0,0.0,0.0,1.0,3.0,0.0,0.0,0.0,0.0,0.0,
FRA-Ligue 1,1819,2019-01-13 Toulouse-Strasbourg,Toulouse,Baptiste Reynet,True,Goalkeeper,1,start,end,1.0,0.0,0.0,0.0,0.0,0.0,0.0,2.0,3.0,0.0,0.0,0.0,0.0,0.0,
FRA-Ligue 1,1819,2019-01-15 Angers-Bordeaux,Angers,Ludovic Butelle,True,Goalkeeper,1,start,end,1.0,0.0,0.0,0.0,0.0,0.0,0.0,2.0,2.0,0.0,0.0,0.0,0.0,0.0,
FRA-Ligue 1,1819,2019-01-15 Angers-Bordeaux,Bordeaux,Benoit Costil,False,Goalkeeper,1,start,end,1.0,0.0,0.0,0.0,0.0,0.0,0.0,1.0,7.0,0.0,0.0,0.0,0.0,0.0,
FRA-Ligue 1,1819,2019-01-16 AS Monaco-Nice,AS Monaco,Diego Benaglio,True,Goalkeeper,1,start,end,1.0,0.0,0.0,0.0,0.0,0.0,0.0,1.0,1.0,0.0,0.0,0.0,0.0,0.0,
FRA-Ligue 1,1819,2019-01-16 AS Monaco-Nice,Nice,Walter Benítez,False,Goalkeeper,1,start,end,1.0,0.0,0.0,0.0,0.0,0.0,0.0,1.0,4.0,0.0,0.0,0.0,0.0,0.0,
FRA-Ligue 1,1819,2019-01-16 Guingamp-Stade Rennais,Guingamp,Marc-Aurele Caillard,True,Goalkeeper,1,start,end,1.0,0.0,0.0,0.0,0.0,0.0,0.0,1.0,2.0,0.0,0.0,0.0,0.0,0.0,
FRA-Ligue 1,1819,2019-01-16 Guingamp-Stade Rennais,Stade Rennais,Tomas Koubek,False,Goalkeeper,1,start,end,1.0,0.0,0.0,0.0,0.0,0.0,0.0,2.0,0.0,0.0,0.0,0.0,0.0,0.0,
FRA-Ligue 1,1819,2019-01-16 Nimes-Nantes,Nantes,Ciprian Tatarusanu,False,Goalkeeper,1,start,end,1.0,0.0,0.0,0.0,0.0,0.0,0.0,1.0,1.0,0.0,0.0,0.0,0.0,0.0,
FRA-Ligue 1,1819,2019-01-16 Nimes-Nantes,Nimes,Paul Bernardoni,True,Goalkeeper,1,start,end,1.0,0.0,1.0,0.0,0.0,0.0,0.0,0.0,3.0,0.0,0.0,0.0,0.0,0.0,
FRA-Ligue 1,1819,2019-01-16 Saint-Étienne-Marseille,Marseille,Steve Mandanda,False,Goalkeeper,1,start,end,1.0,1.0,0.0,0.0,0.0,0.0,0.0,2.0,3.0,0.0,0.0,0.0,0.0,0.0,
FRA-Ligue 1,1819,2019-01-16 Saint-Étienne-Marseille,Saint-Étienne,Stéphane Ruffier,True,Goalkeeper,1,start,end,1.0,0.0,0.0,0.0,0.0,0.0,0.0,1.0,3.0,0.0,0.0,0.0,0.0,0.0,
FRA-Ligue 1,1819,2019-01-16 Toulouse-Lyon,Lyon,Anthony Lopes,False,Goalkeeper,1,start,end,1.0,0.0,0.0,0.0,0.0,0.0,0.0,2.0,2.0,0.0,0.0,0.0,0.0,0.0,
FRA-Ligue 1,1819,2019-01-16 Toulouse-Lyon,Toulouse,Baptiste Reynet,True,Goalkeeper,1,start,end,1.0,0.0,1.0,0.0,0.0,0.0,0.0,2.0,3.0,0.0,0.0,0.0,0.0,0.0,
FRA-Ligue 1,1819,2019-01-18 Lille-SC Amiens,Lille,Mike Maignan,True,Goalkeeper,1,start,end,1.0,0.0,0.0,0.0,0.0,0.0,0.0,1.0,0.0,0.0,0.0,0.0,0.0,0.0,
FRA-Ligue 1,1819,2019-01-18 Lille-SC Amiens,SC Amiens,Régis Gurtner,False,Goalkeeper,1,start,end,1.0,0.0,0.0,0.0,0.0,0.0,1.0,2.0,1.0,0.0,0.0,0.0,0.0,0.0,
FRA-Ligue 1,1819,2019-01-19 AS Monaco-Strasbourg,AS Monaco,Diego Benaglio,True,Goalkeeper,1,start,end,1.0,0.0,0.0,0.0,0.0,0.0,0.0,5.0,1.0,0.0,0.0,0.0,0.0,0.0,
FRA-Ligue 1,1819,2019-01-19 AS Monaco-Strasbourg,Strasbourg,Matz Sels,False,Goalkeeper,1,start,end,1.0,0.0,0.0,0.0,0.0,0.0,0.0,1.0,4.0,0.0,0.0,0.0,0.0,0.0,
FRA-Ligue 1,1819,2019-01-19 Nimes-Toulouse,Nimes,Paul Bernardoni,True,Goalkeeper,1,start,end,1.0,0.0,0.0,0.0,0.0,0.0,0.0,1.0,3.0,0.0,0.0,0.0,0.0,0.0,
FRA-Ligue 1,1819,2019-01-19 Nimes-Toulouse,Toulouse,Baptiste Reynet,False,Goalkeeper,1,start,end,1.0,0.0,0.0,0.0,0.0,0.0,0.0,0.0,6.0,0.0,0.0,0.0,0.0,0.0,
FRA-Ligue 1,1819,2019-01-19 Paris Saint-Germain-Guingamp,Guingamp,Marc-Aurele Caillard,False,Goalkeeper,1,start,end,1.0,0.0,0.0,0.0,0.0,0.0,0.0,9.0,3.0,0.0,0.0,0.0,0.0,0.0,
FRA-Ligue 1,1819,2019-01-19 Paris Saint-Germain-Guingamp,Paris Saint-Germain,Gianluigi Buffon,True,Goalkeeper,1,start,end,1.0,0.0,0.0,0.0,0.0,0.0,0.0,0.0,0.0,0.0,0.0,0.0,0.0,0.0,
FRA-Ligue 1,1819,2019-01-19 Stade de Reims-Nice,Nice,Walter Benítez,False,Goalkeeper,1,start,end,1.0,0.0,0.0,0.0,0.0,0.0,0.0,1.0,1.0,0.0,0.0,0.0,0.0,0.0,
FRA-Ligue 1,1819,2019-01-19 Stade de Reims-Nice,Stade de Reims,Édouard Mendy,True,Goalkeeper,1,start,end,1.0,0.0,1.0,0.0,0.0,0.0,0.0,1.0,4.0,0.0,0.0,0.0,0.0,0.0,
FRA-Ligue 1,1819,2019-01-20 Angers-Nantes,Angers,Ludovic Butelle,True,Goalkeeper,1,start,end,1.0,0.0,0.0,0.0,0.0,0.0,0.0,0.0,4.0,0.0,0.0,0.0,0.0,0.0,
FRA-Ligue 1,1819,2019-01-20 Angers-Nantes,Nantes,Ciprian Tatarusanu,False,Goalkeeper,1,start,end,1.0,0.0,0.0,0.0,0.0,0.0,0.0,1.0,2.0,0.0,0.0,0.0,0.0,0.0,
FRA-Ligue 1,1819,2019-01-20 Bordeaux-Dijon FCO,Bordeaux,Benoit Costil,True,Goalkeeper,1,start,end,1.0,0.0,0.0,0.0,0.0,0.0,0.0,0.0,3.0,0.0,0.0,0.0,0.0,0.0,
FRA-Ligue 1,1819,2019-01-20 Bordeaux-Dijon FCO,Dijon FCO,Bobby Allain,False,Goalkeeper,1,start,end,1.0,0.0,1.0,0.0,0.0,0.0,0.0,1.0,5.0,0.0,0.0,0.0,0.0,0.0,
FRA-Ligue 1,1819,2019-01-20 Caen-Marseille,Caen,Brice Samba,True,Goalkeeper,1,start,end,1.0,0.0,0.0,0.0,0.0,0.0,0.0,1.0,0.0,0.0,0.0,0.0,0.0,0.0,
FRA-Ligue 1,1819,2019-01-20 Caen-Marseille,Marseille,Steve Mandanda,False,Goalkeeper,1,start,end,1.0,0.0,1.0,0.0,0.0,0.0,0.0,0.0,4.0,0.0,0.0,0.0,0.0,0.0,
FRA-Ligue 1,1819,2019-01-20 Saint-Étienne-Lyon,Lyon,Anthony Lopes,False,Goalkeeper,1,start,end,1.0,0.0,1.0,0.0,0.0,0.0,0.0,1.0,7.0,0.0,0.0,0.0,0.0,0.0,
FRA-Ligue 1,1819,2019-01-20 Saint-Étienne-Lyon,Saint-Étienne,Stéphane Ruffier,True,Goalkeeper,1,start,end,1.0,0.0,0.0,0.0,0.0,0.0,0.0,2.0,5.0,0.0,0.0,0.0,0.0,0.0,
FRA-Ligue 1,1819,2019-01-20 Stade Rennais-Montpellier,Montpellier,Dimitry Bertaud,False,Goalkeeper,1,start,end,1.0,0.0,0.0,0.0,0.0,0.0,0.0,0.0,1.0,0.0,0.0,0.0,0.0,0.0,
FRA-Ligue 1,1819,2019-01-20 Stade Rennais-Montpellier,Stade Rennais,Tomas Koubek,True,Goalkeeper,1,start,end,1.0,0.0,0.0,0.0,0.0,0.0,0.0,0.0,3.0,0.0,0.0,0.0,0.0,0.0,
FRA-Ligue 1,1819,2019-01-23 Nimes-Angers,Angers,Ludovic Butelle,False,Goalkeeper,1,start,end,1.0,0.0,0.0,0.0,0.0,0.0,0.0,3.0,3.0,0.0,0.0,0.0,0.0,0.0,
FRA-Ligue 1,1819,2019-01-23 Nimes-Angers,Nimes,Paul Bernardoni,True,Goalkeeper,1,start,end,1.0,0.0,0.0,0.0,0.0,0.0,0.0,1.0,3.0,0.0,0.0,0.0,0.0,0.0,
FRA-Ligue 1,1819,2019-01-25 Marseille-Lille,Lille,Mike Maignan,False,Goalkeeper,1,start,end,1.0,0.0,0.0,0.0,0.0,0.0,0.0,1.0,5.0,0.0,0.0,0.0,0.0,0.0,
FRA-Ligue 1,1819,2019-01-25 Marseille-Lille,Marseille,Steve Mandanda,True,Goalkeeper,1,start,end,1.0,0.0,0.0,0.0,0.0,0.0,0.0,2.0,0.0,0.0,0.0,0.0,0.0,0.0,
FRA-Ligue 1,1819,2019-01-26 Dijon FCO-AS Monaco,AS Monaco,Danijel Subasic,False,Goalkeeper,1,start,end,1.0,0.0,0.0,0.0,0.0,0.0,0.0,2.0,5.0,0.0,0.0,0.0,0.0,0.0,
FRA-Ligue 1,1819,2019-01-26 Dijon FCO-AS Monaco,Dijon FCO,Bobby Allain,True,Goalkeeper,1,start,end,1.0,0.0,1.0,0.0,0.0,0.0,0.0,0.0,5.0,0.0,0.0,0.0,0.0,0.0,
FRA-Ligue 1,1819,2019-01-26 Guingamp-Stade de Reims,Guingamp,Marc-Aurele Caillard,True,Goalkeeper,1,start,end,1.0,0.0,1.0,0.0,0.0,0.0,0.0,1.0,2.0,0.0,0.0,0.0,0.0,0.0,
FRA-Ligue 1,1819,2019-01-26 Guingamp-Stade de Reims,Stade de Reims,Édouard Mendy,False,Goalkeeper,1,start,end,1.0,1.0,0.0,0.0,0.0,0.0,0.0,0.0,2.0,0.0,0.0,0.0,0.0,0.0,
FRA-Ligue 1,1819,2019-01-26 Nice-Nimes,Nice,Walter Benítez,True,Goalkeeper,1,start,end,1.0,0.0,0.0,0.0,0.0,0.0,0.0,0.0,7.0,0.0,0.0,0.0,0.0,0.0,
FRA-Ligue 1,1819,2019-01-26 Nice-Nimes,Nimes,Paul Bernardoni,False,Goalkeeper,1,start,end,1.0,0.0,0.0,0.0,0.0,0.0,0.0,2.0,5.0,0.0,0.0,0.0,0.0,0.0,
FRA-Ligue 1,1819,2019-01-26 Strasbourg-Bordeaux,Bordeaux,Benoit Costil,False,Goalkeeper,1,start,end,1.0,0.0,0.0,0.0,0.0,0.0,0.0,1.0,4.0,0.0,0.0,0.0,0.0,0.0,
FRA-Ligue 1,1819,2019-01-26 Strasbourg-Bordeaux,Strasbourg,Matz Sels,True,Goalkeeper,1,start,end,1.0,0.0,0.0,0.0,0.0,0.0,0.0,0.0,1.0,0.0,0.0,0.0,0.0,0.0,
FRA-Ligue 1,1819,2019-01-27 Montpellier-Caen,Caen,Brice Samba,False,Goalkeeper,1,start,end,1.0,0.0,0.0,0.0,0.0,0.0,0.0,2.0,5.0,0.0,0.0,0.0,0.0,0.0,
FRA-Ligue 1,1819,2019-01-27 Montpellier-Caen,Montpellier,Benjamin Lecomte,True,Goalkeeper,1,start,end,1.0,0.0,0.0,0.0,0.0,0.0,0.0,0.0,1.0,0.0,0.0,0.0,0.0,0.0,
FRA-Ligue 1,1819,2019-01-27 Paris Saint-Germain-Stade Rennais,Paris Saint-Germain,Gianluigi Buffon,True,Goalkeeper,1,start,end,1.0,0.0,0.0,0.0,0.0,0.0,0.0,1.0,2.0,0.0,0.0,0.0,0.0,0.0,
FRA-Ligue 1,1819,2019-01-27 Paris Saint-Germain-Stade Rennais,Stade Rennais,Tomas Koubek,False,Goalkeeper,1,start,end,1.0,0.0,0.0,0.0,0.0,0.0,0.0,4.0,3.0,0.0,0.0,0.0,0.0,0.0,
FRA-Ligue 1,1819,2019-01-27 SC Amiens-Lyon,Lyon,Anthony Lopes,False,Goalkeeper,1,start,end,1.0,0.0,1.0,0.0,0.0,0.0,0.0,0.0,2.0,0.0,0.0,0.0,0.0,0.0,
FRA-Ligue 1,1819,2019-01-27 SC Amiens-Lyon,SC Amiens,Régis Gurtner,True,Goalkeeper,1,start,end,1.0,0.0,1.0,0.0,0.0,0.0,0.0,1.0,10.0,0.0,0.0,0.0,0.0,0.0,
FRA-Ligue 1,1819,2019-01-27 Toulouse-Angers,Angers,Ludovic Butelle,False,Goalkeeper,1,start,end,1.0,0.0,0.0,0.0,0.0,0.0,0.0,0.0,3.0,0.0,0.0,0.0,0.0,0.0,
FRA-Ligue 1,1819,2019-01-27 Toulouse-Angers,Toulouse,Baptiste Reynet,True,Goalkeeper,1,start,end,1.0,0.0,0.0,0.0,0.0,0.0,0.0,0.0,3.0,0.0,0.0,0.0,0.0,0.0,
FRA-Ligue 1,1819,2019-01-30 Nantes-Saint-Étienne,Nantes,Maxime Dupé,True,Goalkeeper,1,start,end,1.0,0.0,0.0,0.0,0.0,0.0,0.0,1.0,2.0,0.0,0.0,0.0,0.0,0.0,
FRA-Ligue 1,1819,2019-01-30 Nantes-Saint-Étienne,Saint-Étienne,Stéphane Ruffier,False,Goalkeeper,1,start,end,1.0,0.0,1.0,0.0,0.0,0.0,0.0,1.0,2.0,0.0,0.0,0.0,0.0,0.0,
FRA-Ligue 1,1819,2019-02-01 Lille-Nice,Lille,Mike Maignan,True,Goalkeeper,1,start,end,1.0,0.0,0.0,0.0,0.0,0.0,0.0,0.0,2.0,0.0,0.0,0.0,0.0,0.0,
FRA-Ligue 1,1819,2019-02-01 Lille-Nice,Nice,Walter Benítez,False,Goalkeeper,1,start,end,1.0,0.0,0.0,0.0,0.0,0.0,0.0,4.0,3.0,0.0,0.0,0.0,0.0,0.0,
FRA-Ligue 1,1819,2019-02-02 AS Monaco-Toulouse,AS Monaco,Danijel Subasic,True,Goalkeeper,1,start,end,1.0,0.0,0.0,0.0,0.0,0.0,0.0,1.0,2.0,0.0,0.0,0.0,0.0,0.0,
FRA-Ligue 1,1819,2019-02-02 AS Monaco-Toulouse,Toulouse,Baptiste Reynet,False,Goalkeeper,1,start,end,1.0,0.0,0.0,0.0,0.0,0.0,0.0,2.0,1.0,0.0,0.0,0.0,0.0,0.0,
FRA-Ligue 1,1819,2019-02-02 Angers-Dijon FCO,Angers,Ludovic Butelle,True,Goalkeeper,1,start,end,1.0,0.0,0.0,0.0,0.0,0.0,0.0,0.0,2.0,0.0,0.0,0.0,0.0,0.0,
FRA-Ligue 1,1819,2019-02-02 Angers-Dijon FCO,Dijon FCO,Bobby Allain,False,Goalkeeper,1,start,end,1.0,0.0,0.0,0.0,0.0,0.0,0.0,1.0,4.0,0.0,0.0,0.0,0.0,0.0,
FRA-Ligue 1,1819,2019-02-02 Stade Rennais-SC Amiens,SC Amiens,Régis Gurtner,False,Goalkeeper,1,start,end,1.0,0.0,0.0,0.0,0.0,0.0,0.0,1.0,3.0,0.0,0.0,0.0,0.0,0.0,
FRA-Ligue 1,1819,2019-02-02 Stade Rennais-SC Amiens,Stade Rennais,Tomas Koubek,True,Goalkeeper,1,start,end,1.0,0.0,0.0,0.0,0.0,0.0,0.0,0.0,1.0,0.0,0.0,0.0,0.0,0.0,
FRA-Ligue 1,1819,2019-02-02 Stade de Reims-Marseille,Marseille,Steve Mandanda,False,Goalkeeper,1,start,end,1.0,0.0,0.0,0.0,0.0,0.0,0.0,2.0,2.0,0.0,0.0,0.0,0.0,0.0,
FRA-Ligue 1,1819,2019-02-02 Stade de Reims-Marseille,Stade de Reims,Édouard Mendy,True,Goalkeeper,1,start,end,1.0,0.0,0.0,0.0,0.0,0.0,0.0,1.0,4.0,0.0,0.0,0.0,0.0,0.0,
FRA-Ligue 1,1819,2019-02-03 Lyon-Paris Saint-Germain,Lyon,Anthony Lopes,True,Goalkeeper,1,start,end,1.0,0.0,0.0,0.0,0.0,0.0,0.0,1.0,7.0,0.0,0.0,0.0,0.0,0.0,
FRA-Ligue 1,1819,2019-02-03 Lyon-Paris Saint-Germain,Paris Saint-Germain,Alphonse Areola,False,Goalkeeper,1,start,end,1.0,0.0,0.0,0.0,0.0,0.0,0.0,2.0,8.0,0.0,0.0,0.0,0.0,0.0,
FRA-Ligue 1,1819,2019-02-03 Nimes-Montpellier,Montpellier,Benjamin Lecomte,False,Goalkeeper,1,start,end,1.0,0.0,0.0,0.0,0.0,0.0,0.0,1.0,4.0,0.0,0.0,0.0,0.0,0.0,
FRA-Ligue 1,1819,2019-02-03 Nimes-Montpellier,Nimes,Paul Bernardoni,True,Goalkeeper,1,start,end,1.0,0.0,2.0,0.0,0.0,0.0,0.0,1.0,3.0,0.0,0.0,0.0,0.0,0.0,
FRA-Ligue 1,1819,2019-02-05 Marseille-Bordeaux,Bordeaux,Benoit Costil,False,Goalkeeper,1,start,end,1.0,0.0,0.0,0.0,0.0,0.0,0.0,1.0,6.0,0.0,0.0,0.0,0.0,0.0,
FRA-Ligue 1,1819,2019-02-05 Marseille-Bordeaux,Marseille,Steve Mandanda,True,Goalkeeper,1,start,end,1.0,0.0,0.0,0.0,0.0,0.0,0.0,0.0,1.0,0.0,0.0,0.0,0.0,0.0,
FRA-Ligue 1,1819,2019-02-08 Dijon FCO-Marseille,Dijon FCO,Bobby Allain,True,Goalkeeper,1,start,end,1.0,0.0,0.0,0.0,0.0,0.0,0.0,2.0,6.0,0.0,0.0,0.0,0.0,0.0,
FRA-Ligue 1,1819,2019-02-08 Dijon FCO-Marseille,Marseille,Steve Mandanda,False,Goalkeeper,1,start,end,1.0,0.0,0.0,0.0,0.0,0.0,0.0,1.0,3.0,0.0,0.0,0.0,0.0,0.0,
FRA-Ligue 1,1819,2019-02-09 Paris Saint-Germain-Bordeaux,Bordeaux,Benoit Costil,False,Goalkeeper,1,start,end,1.0,0.0,0.0,0.0,0.0,0.0,0.0,1.0,2.0,0.0,0.0,0.0,0.0,0.0,
FRA-Ligue 1,1819,2019-02-09 Paris Saint-Germain-Bordeaux,Paris Saint-Germain,Gianluigi Buffon,True,Goalkeeper,1,start,end,1.0,0.0,0.0,0.0,0.0,0.0,0.0,0.0,3.0,0.0,0.0,0.0,0.0,0.0,
FRA-Ligue 1,1819,2019-02-09 SC Amiens-Caen,Caen,Brice Samba,False,Goalkeeper,1,start,end,1.0,0.0,0.0,0.0,0.0,0.0,0.0,1.0,0.0,0.0,0.0,0.0,0.0,0.0,
FRA-Ligue 1,1819,2019-02-09 SC Amiens-Caen,SC Amiens,Régis Gurtner,True,Goalkeeper,1,start,end,1.0,0.0,0.0,0.0,0.0,0.0,0.0,0.0,4.0,0.0,0.0,0.0,0.0,0.0,
FRA-Ligue 1,1819,2019-02-09 Strasbourg-Angers,Angers,Ludovic Butelle,False,Goalkeeper,1,start,end,1.0,0.0,1.0,0.0,0.0,0.0,0.0,1.0,6.0,0.0,0.0,0.0,0.0,0.0,
FRA-Ligue 1,1819,2019-02-09 Strasbourg-Angers,Strasbourg,Matz Sels,True,Goalkeeper,1,start,end,1.0,0.0,0.0,0.0,0.0,0.0,0.0,2.0,1.0,0.0,0.0,0.0,0.0,0.0,
FRA-Ligue 1,1819,2019-02-10 Guingamp-Lille,Guingamp,Marc-Aurele Caillard,True,Goalkeeper,1,start,end,1.0,0.0,0.0,0.0,0.0,0.0,0.0,2.0,1.0,0.0,0.0,0.0,0.0,0.0,
FRA-Ligue 1,1819,2019-02-10 Guingamp-Lille,Lille,Mike Maignan,False,Goalkeeper,1,start,end,1.0,0.0,0.0,0.0,0.0,0.0,0.0,0.0,1.0,0.0,0.0,0.0,0.0,0.0,
FRA-Ligue 1,1819,2019-02-10 Montpellier-AS Monaco,AS Monaco,Danijel Subasic,False,Goalkeeper,1,start,end,1.0,0.0,0.0,0.0,0.0,0.0,0.0,2.0,1.0,0.0,0.0,0.0,0.0,0.0,
FRA-Ligue 1,1819,2019-02-10 Montpellier-AS Monaco,Montpellier,Benjamin Lecomte,True,Goalkeeper,1,start,end,1.0,0.0,0.0,0.0,0.0,0.0,0.0,2.0,4.0,0.0,0.0,0.0,0.0,0.0,
FRA-Ligue 1,1819,2019-02-10 Nantes-Nimes,Nantes,Ciprian Tatarusanu,True,Goalkeeper,1,start,end,1.0,0.0,0.0,0.0,0.0,0.0,0.0,4.0,0.0,0.0,0.0,0.0,0.0,0.0,
FRA-Ligue 1,1819,2019-02-10 Nantes-Nimes,Nimes,Paul Bernardoni,False,Goalkeeper,1,start,end,1.0,0.0,1.0,0.0,0.0,0.0,0.0,2.0,2.0,0.0,0.0,0.0,0.0,0.0,
FRA-Ligue 1,1819,2019-02-10 Nice-Lyon,Lyon,Anthony Lopes,False,Goalkeeper,1,start,end,1.0,0.0,0.0,0.0,0.0,0.0,0.0,1.0,3.0,0.0,0.0,0.0,0.0,0.0,
FRA-Ligue 1,1819,2019-02-10 Nice-Lyon,Nice,Walter Benítez,True,Goalkeeper,1,start,end,1.0,0.0,0.0,0.0,0.0,0.0,0.0,0.0,5.0,0.0,0.0,0.0,0.0,0.0,
FRA-Ligue 1,1819,2019-02-10 Stade Rennais-Saint-Étienne,Saint-Étienne,Stéphane Ruffier,False,Goalkeeper,1,start,end,1.0,0.0,0.0,0.0,0.0,0.0,0.0,3.0,2.0,0.0,0.0,0.0,0.0,0.0,
FRA-Ligue 1,1819,2019-02-10 Stade Rennais-Saint-Étienne,Stade Rennais,Tomas Koubek,True,Goalkeeper,1,start,end,1.0,0.0,0.0,0.0,0.0,0.0,0.0,0.0,3.0,0.0,0.0,0.0,0.0,0.0,
FRA-Ligue 1,1819,2019-02-10 Toulouse-Stade de Reims,Stade de Reims,Édouard Mendy,False,Goalkeeper,1,start,end,1.0,0.0,2.0,0.0,0.0,0.0,0.0,1.0,2.0,0.0,0.0,0.0,0.0,0.0,
FRA-Ligue 1,1819,2019-02-10 Toulouse-Stade de Reims,Toulouse,Baptiste Reynet,True,Goalkeeper,1,start,end,1.0,0.0,0.0,0.0,0.0,0.0,0.0,1.0,1.0,0.0,0.0,0.0,0.0,0.0,
FRA-Ligue 1,1819,2019-02-13 Caen-Nantes,Caen,Brice Samba,True,Goalkeeper,1,start,end,1.0,0.0,0.0,0.0,0.0,0.0,0.0,1.0,4.0,0.0,0.0,0.0,0.0,0.0,
FRA-Ligue 1,1819,2019-02-13 Caen-Nantes,Nantes,Ciprian Tatarusanu,False,Goalkeeper,1,start,end,1.0,0.0,0.0,0.0,0.0,0.0,0.0,0.0,1.0,0.0,0.0,0.0,0.0,0.0,
FRA-Ligue 1,1819,2019-02-13 Saint-Étienne-Strasbourg,Saint-Étienne,Stéphane Ruffier,True,Goalkeeper,1,start,end,1.0,0.0,0.0,0.0,0.0,0.0,0.0,1.0,1.0,0.0,0.0,0.0,0.0,0.0,
FRA-Ligue 1,1819,2019-02-13 Saint-Étienne-Strasbourg,Strasbourg,Matz Sels,False,Goalkeeper,1,start,end,1.0,0.0,1.0,0.0,0.0,0.0,0.0,2.0,3.0,0.0,0.0,0.0,0.0,0.0,
FRA-Ligue 1,1819,2019-02-15 Lyon-Guingamp,Guingamp,Marc-Aurele Caillard,False,Goalkeeper,1,start,end,1.0,0.0,0.0,0.0,0.0,0.0,0.0,2.0,6.0,0.0,0.0,0.0,0.0,0.0,
FRA-Ligue 1,1819,2019-02-15 Lyon-Guingamp,Lyon,Anthony Lopes,True,Goalkeeper,1,start,end,1.0,0.0,0.0,0.0,0.0,0.0,0.0,1.0,2.0,0.0,0.0,0.0,0.0,0.0,
FRA-Ligue 1,1819,2019-02-15 Nimes-Dijon FCO,Dijon FCO,Bobby Allain,False,Goalkeeper,1,start,end,1.0,0.0,0.0,0.0,0.0,0.0,0.0,2.0,4.0,0.0,0.0,0.0,0.0,0.0,
FRA-Ligue 1,1819,2019-02-15 Nimes-Dijon FCO,Nimes,Paul Bernardoni,True,Goalkeeper,1,start,end,1.0,0.0,0.0,0.0,0.0,0.0,0.0,0.0,2.0,0.0,0.0,0.0,0.0,0.0,
FRA-Ligue 1,1819,2019-02-16 AS Monaco-Nantes,AS Monaco,Danijel Subasic,True,Goalkeeper,1,start,end,1.0,0.0,0.0,0.0,0.0,0.0,0.0,0.0,2.0,0.0,0.0,0.0,0.0,0.0,
FRA-Ligue 1,1819,2019-02-16 AS Monaco-Nantes,Nantes,Ciprian Tatarusanu,False,Goalkeeper,1,start,end,1.0,0.0,0.0,0.0,0.0,0.0,0.0,1.0,5.0,0.0,0.0,0.0,0.0,0.0,
FRA-Ligue 1,1819,2019-02-16 Angers-Nice,Angers,Ludovic Butelle,True,Goalkeeper,1,start,end,1.0,0.0,0.0,0.0,0.0,0.0,0.0,0.0,4.0,0.0,0.0,0.0,0.0,0.0,
FRA-Ligue 1,1819,2019-02-16 Angers-Nice,Nice,Walter Benítez,False,Goalkeeper,1,start,end,1.0,0.0,0.0,0.0,0.0,0.0,0.0,3.0,1.0,0.0,0.0,0.0,0.0,0.0,
FRA-Ligue 1,1819,2019-02-16 Marseille-SC Amiens,Marseille,Steve Mandanda,True,Goalkeeper,1,start,end,1.0,0.0,0.0,0.0,0.0,0.0,0.0,0.0,2.0,0.0,0.0,0.0,0.0,0.0,
FRA-Ligue 1,1819,2019-02-16 Marseille-SC Amiens,SC Amiens,Régis Gurtner,False,Goalkeeper,1,start,end,1.0,0.0,1.0,0.0,0.0,0.0,0.0,2.0,3.0,0.0,0.0,0.0,0.0,0.0,
FRA-Ligue 1,1819,2019-02-17 Bordeaux-Toulouse,Bordeaux,Benoit Costil,True,Goalkeeper,1,start,end,1.0,0.0,1.0,0.0,0.0,0.0,0.0,1.0,4.0,0.0,0.0,0.0,0.0,0.0,
FRA-Ligue 1,1819,2019-02-17 Bordeaux-Toulouse,Toulouse,Baptiste Reynet,False,Goalkeeper,1,start,end,1.0,0.0,1.0,0.0,0.0,0.0,0.0,2.0,2.0,0.0,0.0,0.0,0.0,0.0,
FRA-Ligue 1,1819,2019-02-17 Caen-Strasbourg,Caen,Brice Samba,True,Goalkeeper,1,start,end,1.0,0.0,0.0,0.0,0.0,0.0,0.0,0.0,3.0,0.0,0.0,0.0,0.0,0.0,
FRA-Ligue 1,1819,2019-02-17 Caen-Strasbourg,Strasbourg,Matz Sels,False,Goalkeeper,1,start,end,1.0,0.0,0.0,0.0,0.0,0.0,0.0,0.0,2.0,0.0,0.0,0.0,0.0,0.0,
FRA-Ligue 1,1819,2019-02-17 Lille-Montpellier,Lille,Mike Maignan,True,Goalkeeper,1,start,end,1.0,0.0,0.0,0.0,0.0,0.0,0.0,0.0,2.0,0.0,0.0,0.0,0.0,0.0,
FRA-Ligue 1,1819,2019-02-17 Lille-Montpellier,Montpellier,Benjamin Lecomte,False,Goalkeeper,1,start,end,1.0,0.0,0.0,0.0,0.0,0.0,0.0,0.0,3.0,0.0,0.0,0.0,0.0,0.0,
FRA-Ligue 1,1819,2019-02-17 Saint-Étienne-Paris Saint-Germain,Paris Saint-Germain,Alphonse Areola,False,Goalkeeper,1,start,end,1.0,0.0,0.0,0.0,0.0,0.0,1.0,0.0,2.0,0.0,0.0,0.0,0.0,0.0,
FRA-Ligue 1,1819,2019-02-17 Saint-Étienne-Paris Saint-Germain,Saint-Étienne,Stéphane Ruffier,True,Goalkeeper,1,start,end,1.0,0.0,0.0,0.0,0.0,0.0,0.0,1.0,2.0,0.0,0.0,0.0,0.0,0.0,
FRA-Ligue 1,1819,2019-02-17 Stade de Reims-Stade Rennais,Stade Rennais,Tomas Koubek,False,Goalkeeper,1,start,end,1.0,0.0,0.0,0.0,0.0,0.0,0.0,2.0,2.0,0.0,0.0,0.0,0.0,0.0,
FRA-Ligue 1,1819,2019-02-17 Stade de Reims-Stade Rennais,Stade de Reims,Édouard Mendy,True,Goalkeeper,1,start,end,1.0,0.0,1.0,0.0,0.0,0.0,0.0,0.0,1.0,0.0,0.0,0.0,0.0,0.0,
FRA-Ligue 1,1819,2019-02-20 Bordeaux-Guingamp,Bordeaux,Benoit Costil,True,Goalkeeper,1,start,end,1.0,0.0,0.0,0.0,0.0,0.0,0.0,0.0,2.0,0.0,0.0,0.0,0.0,0.0,
FRA-Ligue 1,1819,2019-02-20 Bordeaux-Guingamp,Guingamp,Marc-Aurele Caillard,False,Goalkeeper,1,start,end,1.0,0.0,0.0,0.0,0.0,0.0,0.0,0.0,4.0,0.0,0.0,0.0,0.0,0.0,
FRA-Ligue 1,1819,2019-02-20 Paris Saint-Germain-Montpellier,Montpellier,Benjamin Lecomte,False,Goalkeeper,1,start,end,1.0,0.0,0.0,0.0,0.0,0.0,0.0,5.0,5.0,0.0,0.0,0.0,0.0,0.0,
FRA-Ligue 1,1819,2019-02-20 Paris Saint-Germain-Montpellier,Paris Saint-Germain,Gianluigi Buffon,True,Goalkeeper,1,start,end,1.0,0.0,0.0,0.0,0.0,0.0,0.0,1.0,6.0,0.0,0.0,0.0,0.0,0.0,
FRA-Ligue 1,1819,2019-02-22 Dijon FCO-Saint-Étienne,Dijon FCO,Bobby Allain,True,Goalkeeper,1,start,end,1.0,0.0,0.0,0.0,0.0,0.0,0.0,1.0,5.0,0.0,0.0,0.0,0.0,0.0,
FRA-Ligue 1,1819,2019-02-22 Dijon FCO-Saint-Étienne,Saint-Étienne,Stéphane Ruffier,False,Goalkeeper,1,start,end,1.0,0.0,0.0,0.0,0.0,0.0,0.0,0.0,2.0,0.0,0.0,0.0,0.0,0.0,
FRA-Ligue 1,1819,2019-02-22 Strasbourg-Lille,Lille,Mike Maignan,False,Goalkeeper,1,start,end,1.0,0.0,0.0,0.0,0.0,0.0,0.0,1.0,1.0,0.0,0.0,0.0,0.0,0.0,
FRA-Ligue 1,1819,2019-02-22 Strasbourg-Lille,Strasbourg,Matz Sels,True,Goalkeeper,1,start,end,1.0,0.0,0.0,0.0,0.0,0.0,0.0,1.0,4.0,0.0,0.0,0.0,0.0,0.0,
FRA-Ligue 1,1819,2019-02-23 Guingamp-Angers,Angers,Ludovic Butelle,False,Goalkeeper,1,start,end,1.0,0.0,0.0,0.0,0.0,0.0,0.0,1.0,2.0,0.0,0.0,0.0,0.0,0.0,
FRA-Ligue 1,1819,2019-02-23 Guingamp-Angers,Guingamp,Marc-Aurele Caillard,True,Goalkeeper,1,start,end,1.0,0.0,0.0,0.0,0.0,0.0,0.0,0.0,1.0,0.0,0.0,0.0,0.0,0.0,
FRA-Ligue 1,1819,2019-02-23 Paris Saint-Germain-Nimes,Nimes,Paul Bernardoni,False,Goalkeeper,1,start,end,1.0,0.0,1.0,0.0,0.0,0.0,0.0,3.0,4.0,0.0,0.0,0.0,0.0,0.0,
FRA-Ligue 1,1819,2019-02-23 Paris Saint-Germain-Nimes,Paris Saint-Germain,Alphonse Areola,True,Goalkeeper,1,start,end,1.0,0.0,0.0,0.0,0.0,0.0,0.0,0.0,3.0,0.0,0.0,0.0,0.0,0.0,
FRA-Ligue 1,1819,2019-02-23 SC Amiens-Nice,Nice,Walter Benítez,False,Goalkeeper,1,start,end,1.0,0.0,0.0,0.0,0.0,0.0,0.0,1.0,2.0,0.0,0.0,0.0,0.0,0.0,
FRA-Ligue 1,1819,2019-02-23 SC Amiens-Nice,SC Amiens,Régis Gurtner,True,Goalkeeper,1,start,end,1.0,0.0,0.0,0.0,0.0,0.0,0.0,0.0,0.0,0.0,0.0,0.0,0.0,0.0,
FRA-Ligue 1,1819,2019-02-24 AS Monaco-Lyon,AS Monaco,Danijel Subasic,True,Goalkeeper,1,start,end,1.0,0.0,1.0,0.0,0.0,0.0,0.0,0.0,3.0,0.0,0.0,0.0,0.0,0.0,
FRA-Ligue 1,1819,2019-02-24 AS Monaco-Lyon,Lyon,Anthony Lopes,False,Goalkeeper,1,start,end,1.0,0.0,0.0,0.0,0.0,0.0,0.0,2.0,3.0,0.0,0.0,0.0,0.0,0.0,
FRA-Ligue 1,1819,2019-02-24 Montpellier-Stade de Reims,Montpellier,Benjamin Lecomte,True,Goalkeeper,1,start,end,1.0,1.0,0.0,0.0,0.0,0.0,0.0,4.0,4.0,0.0,0.0,0.0,0.0,0.0,
FRA-Ligue 1,1819,2019-02-24 Montpellier-Stade de Reims,Stade de Reims,Édouard Mendy,False,Goalkeeper,1,start,end,1.0,0.0,1.0,0.0,0.0,0.0,1.0,2.0,2.0,0.0,0.0,0.0,0.0,0.0,
FRA-Ligue 1,1819,2019-02-24 Nantes-Bordeaux,Bordeaux,Benoit Costil,False,Goalkeeper,1,start,end,1.0,0.0,0.0,0.0,0.0,0.0,0.0,1.0,7.0,0.0,0.0,0.0,0.0,0.0,
FRA-Ligue 1,1819,2019-02-24 Nantes-Bordeaux,Nantes,Ciprian Tatarusanu,True,Goalkeeper,1,start,end,1.0,0.0,0.0,0.0,0.0,0.0,0.0,0.0,2.0,0.0,0.0,0.0,0.0,0.0,
FRA-Ligue 1,1819,2019-02-24 Stade Rennais-Marseille,Marseille,Steve Mandanda,False,Goalkeeper,1,start,end,1.0,0.0,0.0,0.0,0.0,0.0,0.0,1.0,2.0,0.0,0.0,0.0,0.0,0.0,
FRA-Ligue 1,1819,2019-02-24 Stade Rennais-Marseille,Stade Rennais,Tomas Koubek,True,Goalkeeper,1,start,end,1.0,0.0,0.0,0.0,0.0,0.0,0.0,1.0,1.0,0.0,0.0,0.0,0.0,0.0,
FRA-Ligue 1,1819,2019-02-24 Toulouse-Caen,Caen,Brice Samba,False,Goalkeeper,1,start,end,1.0,0.0,0.0,0.0,0.0,0.0,0.0,1.0,6.0,0.0,0.0,0.0,0.0,0.0,
FRA-Ligue 1,1819,2019-02-24 Toulouse-Caen,Toulouse,Baptiste Reynet,True,Goalkeeper,1,start,end,1.0,0.0,1.0,0.0,0.0,0.0,0.0,1.0,3.0,0.0,0.0,0.0,0.0,0.0,
FRA-Ligue 1,1819,2019-03-02 Angers-AS Monaco,AS Monaco,Danijel Subasic,False,Goalkeeper,1,start,end,1.0,0.0,0.0,0.0,0.0,0.0,0.0,2.0,2.0,0.0,0.0,0.0,0.0,0.0,
FRA-Ligue 1,1819,2019-03-02 Angers-AS Monaco,Angers,Ludovic Butelle,True,Goalkeeper,1,start,end,1.0,0.0,0.0,0.0,0.0,0.0,0.0,2.0,3.0,0.0,0.0,0.0,0.0,0.0,
FRA-Ligue 1,1819,2019-03-02 Caen-Paris Saint-Germain,Caen,Brice Samba,True,Goalkeeper,1,start,end,1.0,0.0,0.0,0.0,0.0,0.0,0.0,2.0,3.0,0.0,0.0,0.0,0.0,0.0,
FRA-Ligue 1,1819,2019-03-02 Caen-Paris Saint-Germain,Paris Saint-Germain,Alphonse Areola,False,Goalkeeper,1,start,end,1.0,0.0,0.0,0.0,0.0,0.0,0.0,1.0,1.0,0.0,0.0,0.0,0.0,0.0,
FRA-Ligue 1,1819,2019-03-02 Stade de Reims-SC Amiens,SC Amiens,Régis Gurtner,False,Goalkeeper,1,start,end,1.0,0.0,1.0,0.0,0.0,0.0,0.0,2.0,2.0,0.0,0.0,0.0,0.0,0.0,
FRA-Ligue 1,1819,2019-03-02 Stade de Reims-SC Amiens,Stade de Reims,Édouard Mendy,True,Goalkeeper,1,start,end,1.0,0.0,0.0,0.0,0.0,0.0,0.0,2.0,1.0,0.0,0.0,0.0,0.0,0.0,
FRA-Ligue 1,1819,2019-03-03 Guingamp-Nantes,Guingamp,Marc-Aurele Caillard,True,Goalkeeper,1,start,end,1.0,0.0,0.0,0.0,0.0,0.0,0.0,0.0,3.0,0.0,0.0,0.0,0.0,0.0,
FRA-Ligue 1,1819,2019-03-03 Guingamp-Nantes,Nantes,Ciprian Tatarusanu,False,Goalkeeper,1,start,end,1.0,0.0,0.0,0.0,0.0,0.0,0.0,0.0,1.0,0.0,0.0,0.0,0.0,0.0,
FRA-Ligue 1,1819,2019-03-03 Lille-Dijon FCO,Dijon FCO,Bobby Allain,False,Goalkeeper,1,start,end,1.0,0.0,0.0,0.0,0.0,0.0,0.0,1.0,1.0,0.0,0.0,0.0,0.0,0.0,
FRA-Ligue 1,1819,2019-03-03 Lille-Dijon FCO,Lille,Mike Maignan,True,Goalkeeper,1,start,end,1.0,0.0,0.0,0.0,0.0,0.0,0.0,0.0,2.0,0.0,0.0,0.0,0.0,0.0,
FRA-Ligue 1,1819,2019-03-03 Lyon-Toulouse,Lyon,Anthony Lopes,True,Goalkeeper,1,start,end,1.0,0.0,0.0,0.0,0.0,0.0,0.0,1.0,1.0,0.0,0.0,0.0,0.0,0.0,
FRA-Ligue 1,1819,2019-03-03 Lyon-Toulouse,Toulouse,Baptiste Reynet,False,Goalkeeper,1,start,end,1.0,0.0,0.0,0.0,0.0,0.0,0.0,5.0,5.0,0.0,0.0,0.0,0.0,0.0,
FRA-Ligue 1,1819,2019-03-03 Marseille-Saint-Étienne,Marseille,Steve Mandanda,True,Goalkeeper,1,start,end,1.0,0.0,0.0,0.0,0.0,0.0,0.0,0.0,1.0,0.0,0.0,0.0,0.0,0.0,
FRA-Ligue 1,1819,2019-03-03 Marseille-Saint-Étienne,Saint-Étienne,Stéphane Ruffier,False,Goalkeeper,1,start,end,1.0,0.0,0.0,0.0,0.0,0.0,0.0,2.0,5.0,0.0,0.0,0.0,0.0,0.0,
FRA-Ligue 1,1819,2019-03-03 Nice-Strasbourg,Nice,Walter Benítez,True,Goalkeeper,1,start,end,1.0,0.0,0.0,0.0,0.0,0.0,0.0,0.0,1.0,0.0,0.0,0.0,0.0,0.0,
FRA-Ligue 1,1819,2019-03-03 Nice-Strasbourg,Strasbourg,Matz Sels,False,Goalkeeper,1,start,end,1.0,0.0,0.0,0.0,0.0,0.0,0.0,1.0,1.0,0.0,0.0,0.0,0.0,0.0,
FRA-Ligue 1,1819,2019-03-05 Bordeaux-Montpellier,Bordeaux,Benoit Costil,True,Goalkeeper,1,start,end,1.0,0.0,0.0,0.0,0.0,0.0,0.0,2.0,3.0,0.0,0.0,0.0,0.0,0.0,
FRA-Ligue 1,1819,2019-03-05 Bordeaux-Montpellier,Montpellier,Benjamin Lecomte,False,Goalkeeper,1,start,end,1.0,0.0,1.0,0.0,0.0,0.0,0.0,1.0,3.0,0.0,0.0,0.0,0.0,0.0,
FRA-Ligue 1,1819,2019-03-09 AS Monaco-Bordeaux,AS Monaco,Danijel Subasic,True,Goalkeeper,1,start,end,1.0,0.0,1.0,0.0,0.0,0.0,0.0,1.0,2.0,0.0,0.0,0.0,0.0,0.0,
FRA-Ligue 1,1819,2019-03-09 AS Monaco-Bordeaux,Bordeaux,Benoit Costil,False,Goalkeeper,1,start,end,1.0,0.0,0.0,0.0,0.0,0.0,0.0,1.0,8.0,0.0,0.0,0.0,0.0,0.0,
FRA-Ligue 1,1819,2019-03-09 Dijon FCO-Stade de Reims,Dijon FCO,Bobby Allain,True,Goalkeeper,1,start,end,1.0,0.0,0.0,0.0,0.0,0.0,0.0,1.0,4.0,0.0,0.0,0.0,0.0,0.0,
FRA-Ligue 1,1819,2019-03-09 Dijon FCO-Stade de Reims,Stade de Reims,Édouard Mendy,False,Goalkeeper,1,start,end,1.0,0.0,0.0,0.0,0.0,0.0,0.0,1.0,0.0,0.0,0.0,0.0,0.0,0.0,
FRA-Ligue 1,1819,2019-03-09 SC Amiens-Nimes,Nimes,Paul Bernardoni,False,Goalkeeper,1,start,end,1.0,0.0,0.0,0.0,0.0,0.0,0.0,2.0,4.0,0.0,0.0,0.0,0.0,0.0,
FRA-Ligue 1,1819,2019-03-09 SC Amiens-Nimes,SC Amiens,Régis Gurtner,True,Goalkeeper,1,start,end,1.0,0.0,0.0,0.0,0.0,0.0,0.0,1.0,1.0,0.0,0.0,0.0,0.0,0.0,
FRA-Ligue 1,1819,2019-03-09 Strasbourg-Lyon,Lyon,Anthony Lopes,False,Goalkeeper,1,start,end,1.0,0.0,0.0,0.0,0.0,0.0,0.0,2.0,5.0,0.0,0.0,0.0,0.0,0.0,
FRA-Ligue 1,1819,2019-03-09 Strasbourg-Lyon,Strasbourg,Matz Sels,True,Goalkeeper,1,start,end,1.0,0.0,2.0,0.0,0.0,0.0,0.0,2.0,6.0,0.0,0.0,0.0,0.0,0.0,
FRA-Ligue 1,1819,2019-03-10 Marseille-Nice,Marseille,Steve Mandanda,True,Goalkeeper,1,start,end,1.0,0.0,0.0,0.0,0.0,0.0,0.0,0.0,1.0,0.0,0.0,0.0,0.0,0.0,
FRA-Ligue 1,1819,2019-03-10 Marseille-Nice,Nice,Walter Benítez,False,Goalkeeper,1,start,end,1.0,0.0,1.0,0.0,0.0,0.0,0.0,1.0,5.0,0.0,0.0,0.0,0.0,0.0,
FRA-Ligue 1,1819,2019-03-10 Montpellier-Angers,Angers,Ludovic Butelle,False,Goalkeeper,1,start,end,1.0,0.0,0.0,0.0,0.0,0.0,0.0,2.0,2.0,0.0,0.0,0.0,0.0,0.0,
FRA-Ligue 1,1819,2019-03-10 Montpellier-Angers,Montpellier,Benjamin Lecomte,True,Goalkeeper,1,start,end,1.0,0.0,0.0,0.0,0.0,0.0,0.0,2.0,4.0,0.0,0.0,0.0,0.0,0.0,
FRA-Ligue 1,1819,2019-03-10 Saint-Étienne-Lille,Lille,Mike Maignan,False,Goalkeeper,1,start,end,1.0,0.0,0.0,0.0,0.0,0.0,0.0,0.0,1.0,0.0,0.0,0.0,0.0,0.0,
FRA-Ligue 1,1819,2019-03-10 Saint-Étienne-Lille,Saint-Étienne,Stéphane Ruffier,True,Goalkeeper,1,start,end,1.0,0.0,0.0,0.0,0.0,0.0,0.0,1.0,8.0,0.0,0.0,0.0,0.0,0.0,
FRA-Ligue 1,1819,2019-03-10 Stade Rennais-Caen,Caen,Brice Samba,False,Goalkeeper,1,start,end,1.0,0.0,0.0,0.0,0.0,0.0,0.0,3.0,3.0,0.0,0.0,0.0,0.0,0.0,
FRA-Ligue 1,1819,2019-03-10 Stade Rennais-Caen,Stade Rennais,Tomas Koubek,True,Goalkeeper,1,start,end,1.0,0.0,0.0,0.0,0.0,0.0,0.0,1.0,0.0,0.0,0.0,0.0,0.0,0.0,
FRA-Ligue 1,1819,2019-03-10 Toulouse-Guingamp,Guingamp,Marc-Aurele Caillard,False,Goalkeeper,1,start,end,1.0,0.0,1.0,0.0,0.0,0.0,0.0,1.0,3.0,0.0,0.0,0.0,0.0,0.0,
FRA-Ligue 1,1819,2019-03-10 Toulouse-Guingamp,Toulouse,Mauro Goicoechea,True,Goalkeeper,1,start,end,1.0,0.0,1.0,0.0,0.0,0.0,0.0,0.0,0.0,0.0,0.0,0.0,0.0,0.0,
FRA-Ligue 1,1819,2019-03-12 Dijon FCO-Paris Saint-Germain,Dijon FCO,Rúnar Rúnarsson,True,Goalkeeper,1,start,end,1.0,0.0,0.0,0.0,0.0,0.0,0.0,4.0,3.0,0.0,0.0,0.0,0.0,0.0,
FRA-Ligue 1,1819,2019-03-12 Dijon FCO-Paris Saint-Germain,Paris Saint-Germain,Alphonse Areola,False,Goalkeeper,1,start,end,1.0,0.0,0.0,0.0,0.0,0.0,0.0,0.0,2.0,0.0,0.0,0.0,0.0,0.0,
FRA-Ligue 1,1819,2019-03-15 Lille-AS Monaco,AS Monaco,Danijel Subasic,False,Goalkeeper,1,start,end,1.0,1.0,0.0,0.0,0.0,0.0,0.0,0.0,3.0,0.0,0.0,0.0,0.0,0.0,
FRA-Ligue 1,1819,2019-03-15 Lille-AS Monaco,Lille,Mike Maignan,True,Goalkeeper,1,start,end,1.0,0.0,0.0,0.0,0.0,0.0,0.0,1.0,7.0,0.0,0.0,0.0,0.0,0.0,
FRA-Ligue 1,1819,2019-03-15 Nice-Toulouse,Nice,Walter Benítez,True,Goalkeeper,1,start,end,1.0,0.0,0.0,0.0,0.0,0.0,0.0,1.0,2.0,0.0,0.0,0.0,0.0,0.0,
FRA-Ligue 1,1819,2019-03-15 Nice-Toulouse,Toulouse,Mauro Goicoechea,False,Goalkeeper,1,start,end,1.0,0.0,1.0,0.0,0.0,0.0,0.0,1.0,1.0,0.0,0.0,0.0,0.0,0.0,
FRA-Ligue 1,1819,2019-03-16 Angers-SC Amiens,Angers,Ludovic Butelle,True,Goalkeeper,1,start,end,1.0,0.0,0.0,0.0,0.0,0.0,0.0,0.0,4.0,0.0,0.0,0.0,0.0,0.0,
FRA-Ligue 1,1819,2019-03-16 Angers-SC Amiens,SC Amiens,Régis Gurtner,False,Goalkeeper,1,start,end,1.0,0.0,0.0,0.0,0.0,0.0,0.0,0.0,3.0,0.0,0.0,0.0,0.0,0.0,
FRA-Ligue 1,1819,2019-03-16 Caen-Saint-Étienne,Caen,Brice Samba,True,Goalkeeper,1,start,end,1.0,0.0,0.0,0.0,0.0,0.0,0.0,5.0,2.0,0.0,0.0,0.0,0.0,0.0,
FRA-Ligue 1,1819,2019-03-16 Caen-Saint-Étienne,Saint-Étienne,Stéphane Ruffier,False,Goalkeeper,1,start,end,1.0,0.0,0.0,0.0,0.0,0.0,0.0,0.0,1.0,0.0,0.0,0.0,0.0,0.0,
FRA-Ligue 1,1819,2019-03-16 Guingamp-Dijon FCO,Dijon FCO,Bobby Allain,False,Goalkeeper,1,start,end,1.0,1.0,1.0,0.0,0.0,0.0,1.0,1.0,1.0,0.0,0.0,0.0,0.0,0.0,
FRA-Ligue 1,1819,2019-03-16 Guingamp-Dijon FCO,Guingamp,Marc-Aurele Caillard,True,Goalkeeper,1,start,end,1.0,0.0,0.0,0.0,0.0,0.0,0.0,0.0,4.0,0.0,0.0,0.0,0.0,0.0,
FRA-Ligue 1,1819,2019-03-16 Nimes-Strasbourg,Nimes,Paul Bernardoni,True,Goalkeeper,1,start,end,1.0,0.0,0.0,0.0,0.0,0.0,0.0,2.0,0.0,0.0,0.0,0.0,0.0,0.0,
FRA-Ligue 1,1819,2019-03-16 Nimes-Strasbourg,Strasbourg,Matz Sels,False,Goalkeeper,1,start,end,1.0,0.0,1.0,0.0,0.0,0.0,0.0,2.0,2.0,0.0,0.0,0.0,0.0,0.0,
FRA-Ligue 1,1819,2019-03-17 Bordeaux-Stade Rennais,Bordeaux,Benoit Costil,True,Goalkeeper,1,start,end,1.0,0.0,0.0,0.0,0.0,0.0,0.0,1.0,2.0,0.0,0.0,0.0,0.0,0.0,
FRA-Ligue 1,1819,2019-03-17 Bordeaux-Stade Rennais,Stade Rennais,Tomas Koubek,False,Goalkeeper,1,start,end,1.0,0.0,0.0,0.0,0.0,0.0,0.0,1.0,3.0,0.0,0.0,0.0,0.0,0.0,
FRA-Ligue 1,1819,2019-03-17 Lyon-Montpellier,Lyon,Mathieu Gorgelin,True,Goalkeeper,1,start,end,1.0,0.0,0.0,0.0,0.0,0.0,0.0,2.0,2.0,0.0,0.0,0.0,0.0,0.0,
FRA-Ligue 1,1819,2019-03-17 Lyon-Montpellier,Montpellier,Benjamin Lecomte,False,Goalkeeper,1,start,end,1.0,0.0,0.0,0.0,0.0,0.0,0.0,3.0,11.0,0.0,0.0,0.0,0.0,0.0,
FRA-Ligue 1,1819,2019-03-17 Paris Saint-Germain-Marseille,Marseille,Steve Mandanda,False,Goalkeeper,1,start,end,1.0,1.0,0.0,0.0,1.0,0.0,0.0,2.0,2.0,0.0,0.0,0.0,0.0,0.0,
FRA-Ligue 1,1819,2019-03-17 Paris Saint-Germain-Marseille,Paris Saint-Germain,Alphonse Areola,True,Goalkeeper,1,start,end,1.0,0.0,0.0,0.0,0.0,0.0,0.0,1.0,1.0,0.0,0.0,0.0,0.0,0.0,
FRA-Ligue 1,1819,2019-03-17 Stade de Reims-Nantes,Nantes,Maxime Dupé,False,Goalkeeper,1,start,end,1.0,0.0,0.0,0.0,0.0,0.0,0.0,1.0,1.0,0.0,0.0,0.0,0.0,0.0,
FRA-Ligue 1,1819,2019-03-17 Stade de Reims-Nantes,Stade de Reims,Édouard Mendy,True,Goalkeeper,1,start,end,1.0,0.0,0.0,0.0,0.0,0.0,0.0,0.0,1.0,0.0,0.0,0.0,0.0,0.0,
FRA-Ligue 1,1819,2019-03-29 Stade Rennais-Lyon,Lyon,Anthony Lopes,False,Goalkeeper,1,start,end,1.0,0.0,0.0,0.0,0.0,0.0,0.0,0.0,2.0,0.0,0.0,0.0,0.0,0.0,
FRA-Ligue 1,1819,2019-03-29 Stade Rennais-Lyon,Stade Rennais,Tomas Koubek,True,Goalkeeper,1,start,end,1.0,0.0,0.0,0.0,0.0,0.0,0.0,1.0,3.0,0.0,0.0,0.0,0.0,0.0,
FRA-Ligue 1,1819,2019-03-30 Marseille-Angers,Angers,Ludovic Butelle,False,Goalkeeper,1,start,end,1.0,0.0,0.0,0.0,0.0,0.0,0.0,2.0,3.0,0.0,0.0,0.0,0.0,0.0,
FRA-Ligue 1,1819,2019-03-30 Marseille-Angers,Marseille,Yohann Pelé,True,Goalkeeper,1,start,end,1.0,0.0,1.0,0.0,0.0,0.0,0.0,2.0,2.0,0.0,0.0,0.0,0.0,0.0,
FRA-Ligue 1,1819,2019-03-31 AS Monaco-Caen,AS Monaco,Danijel Subasic,True,Goalkeeper,1,start,end,1.0,0.0,0.0,0.0,0.0,0.0,0.0,1.0,1.0,0.0,0.0,0.0,0.0,0.0,
FRA-Ligue 1,1819,2019-03-31 AS Monaco-Caen,Caen,Brice Samba,False,Goalkeeper,1,start,end,1.0,0.0,0.0,0.0,0.0,0.0,0.0,0.0,6.0,0.0,0.0,0.0,0.0,0.0,
FRA-Ligue 1,1819,2019-03-31 Dijon FCO-Nice,Dijon FCO,Rúnar Rúnarsson,True,Goalkeeper,1,start,end,1.0,0.0,0.0,0.0,0.0,0.0,0.0,1.0,5.0,0.0,0.0,0.0,0.0,0.0,
FRA-Ligue 1,1819,2019-03-31 Dijon FCO-Nice,Nice,Walter Benítez,False,Goalkeeper,1,start,end,1.0,0.0,0.0,0.0,0.0,0.0,0.0,0.0,1.0,0.0,0.0,0.0,0.0,0.0,
FRA-Ligue 1,1819,2019-03-31 Nantes-Lille,Lille,Mike Maignan,False,Goalkeeper,1,start,end,1.0,0.0,0.0,0.0,0.0,0.0,0.0,2.0,0.0,0.0,0.0,0.0,0.0,0.0,
FRA-Ligue 1,1819,2019-03-31 Nantes-Lille,Nantes,Maxime Dupé,True,Goalkeeper,1,start,end,1.0,0.0,0.0,0.0,0.0,0.0,0.0,3.0,0.0,0.0,0.0,0.0,0.0,0.0,
FRA-Ligue 1,1819,2019-03-31 SC Amiens-Bordeaux,Bordeaux,Benoit Costil,False,Goalkeeper,1,start,end,1.0,0.0,0.0,0.0,0.0,0.0,0.0,0.0,3.0,0.0,0.0,0.0,0.0,0.0,
FRA-Ligue 1,1819,2019-03-31 SC Amiens-Bordeaux,SC Amiens,Régis Gurtner,True,Goalkeeper,1,start,end,1.0,0.0,0.0,0.0,0.0,0.0,0.0,0.0,0.0,0.0,0.0,0.0,0.0,0.0,
FRA-Ligue 1,1819,2019-03-31 Toulouse-Paris Saint-Germain,Paris Saint-Germain,Alphonse Areola,False,Goalkeeper,1,start,end,1.0,0.0,0.0,0.0,0.0,0.0,0.0,0.0,3.0,0.0,0.0,0.0,0.0,0.0,
FRA-Ligue 1,1819,2019-03-31 Toulouse-Paris Saint-Germain,Toulouse,Baptiste Reynet,True,Goalkeeper,1,start,end,1.0,0.0,0.0,0.0,0.0,0.0,0.0,1.0,3.0,0.0,0.0,0.0,0.0,0.0,
FRA-Ligue 1,1819,2019-04-01 Saint-Étienne-Nimes,Nimes,Paul Bernardoni,False,Goalkeeper,1,start,end,1.0,0.0,0.0,0.0,0.0,0.0,0.0,2.0,7.0,0.0,0.0,0.0,0.0,0.0,
FRA-Ligue 1,1819,2019-04-01 Saint-Étienne-Nimes,Saint-Étienne,Stéphane Ruffier,True,Goalkeeper,1,start,end,1.0,0.0,0.0,0.0,0.0,0.0,0.0,1.0,5.0,0.0,0.0,0.0,0.0,0.0,
FRA-Ligue 1,1819,2019-04-03 Montpellier-Guingamp,Guingamp,Marc-Aurele Caillard,False,Goalkeeper,1,start,end,1.0,0.0,0.0,0.0,0.0,0.0,0.0,2.0,3.0,0.0,0.0,0.0,0.0,0.0,
FRA-Ligue 1,1819,2019-04-03 Montpellier-Guingamp,Montpellier,Benjamin Lecomte,True,Goalkeeper,1,start,end,1.0,0.0,0.0,0.0,0.0,0.0,0.0,0.0,3.0,0.0,0.0,0.0,0.0,0.0,
FRA-Ligue 1,1819,2019-04-03 Strasbourg-Stade de Reims,Stade de Reims,Édouard Mendy,False,Goalkeeper,1,start,end,1.0,1.0,0.0,0.0,0.0,0.0,0.0,4.0,4.0,0.0,0.0,0.0,0.0,0.0,
FRA-Ligue 1,1819,2019-04-03 Strasbourg-Stade de Reims,Strasbourg,Matz Sels,True,Goalkeeper,1,start,end,1.0,0.0,0.0,0.0,0.0,0.0,0.0,0.0,3.0,0.0,0.0,0.0,0.0,0.0,
FRA-Ligue 1,1819,2019-04-05 Bordeaux-Marseille,Bordeaux,Benoit Costil,True,Goalkeeper,1,start,end,1.0,0.0,0.0,0.0,0.0,0.0,0.0,0.0,5.0,0.0,0.0,0.0,0.0,0.0,
FRA-Ligue 1,1819,2019-04-05 Bordeaux-Marseille,Marseille,Steve Mandanda,False,Goalkeeper,1,start,end,1.0,0.0,0.0,0.0,0.0,0.0,0.0,2.0,5.0,0.0,0.0,0.0,0.0,0.0,
FRA-Ligue 1,1819,2019-04-06 Angers-Stade Rennais,Angers,Ludovic Butelle,True,Goalkeeper,1,start,end,1.0,1.0,0.0,0.0,0.0,0.0,1.0,3.0,2.0,0.0,0.0,0.0,0.0,0.0,
FRA-Ligue 1,1819,2019-04-06 Angers-Stade Rennais,Stade Rennais,Tomas Koubek,False,Goalkeeper,1,start,end,1.0,0.0,0.0,0.0,0.0,0.0,0.0,3.0,6.0,0.0,0.0,0.0,0.0,0.0,
FRA-Ligue 1,1819,2019-04-06 Guingamp-AS Monaco,AS Monaco,Danijel Subasic,False,Goalkeeper,1,start,end,1.0,0.0,0.0,0.0,0.0,0.0,0.0,1.0,1.0,0.0,0.0,0.0,0.0,0.0,
FRA-Ligue 1,1819,2019-04-06 Guingamp-AS Monaco,Guingamp,Marc-Aurele Caillard,True,Goalkeeper,1,start,end,1.0,0.0,0.0,0.0,0.0,0.0,0.0,1.0,4.0,0.0,0.0,0.0,0.0,0.0,
FRA-Ligue 1,1819,2019-04-06 Lyon-Dijon FCO,Dijon FCO,Rúnar Rúnarsson,False,Goalkeeper,1,start,end,1.0,0.0,0.0,0.0,0.0,0.0,0.0,1.0,5.0,0.0,0.0,0.0,0.0,0.0,
FRA-Ligue 1,1819,2019-04-06 Lyon-Dijon FCO,Lyon,Anthony Lopes,True,Goalkeeper,1,start,end,1.0,0.0,0.0,0.0,0.0,0.0,0.0,3.0,2.0,0.0,0.0,0.0,0.0,0.0,
FRA-Ligue 1,1819,2019-04-06 Nimes-Caen,Caen,Brice Samba,False,Goalkeeper,1,start,end,1.0,0.0,0.0,0.0,0.0,0.0,0.0,2.0,6.0,0.0,0.0,0.0,0.0,0.0,
FRA-Ligue 1,1819,2019-04-06 Nimes-Caen,Nimes,Paul Bernardoni,True,Goalkeeper,1,start,end,1.0,0.0,0.0,0.0,0.0,0.0,0.0,0.0,1.0,0.0,0.0,0.0,0.0,0.0,
FRA-Ligue 1,1819,2019-04-06 SC Amiens-Saint-Étienne,SC Amiens,Régis Gurtner,True,Goalkeeper,1,start,end,1.0,0.0,0.0,0.0,0.0,0.0,1.0,2.0,4.0,0.0,0.0,0.0,0.0,0.0,
FRA-Ligue 1,1819,2019-04-06 SC Amiens-Saint-Étienne,Saint-Étienne,Stéphane Ruffier,False,Goalkeeper,1,start,end,1.0,0.0,0.0,0.0,0.0,0.0,0.0,2.0,2.0,0.0,0.0,0.0,0.0,0.0,
FRA-Ligue 1,1819,2019-04-07 Nice-Montpellier,Montpellier,Benjamin Lecomte,False,Goalkeeper,1,start,end,1.0,0.0,0.0,0.0,0.0,0.0,0.0,1.0,5.0,0.0,0.0,0.0,0.0,0.0,
FRA-Ligue 1,1819,2019-04-07 Nice-Montpellier,Nice,Walter Benítez,True,Goalkeeper,1,start,end,1.0,0.0,0.0,0.0,0.0,0.0,0.0,0.0,4.0,0.0,0.0,0.0,0.0,0.0,
FRA-Ligue 1,1819,2019-04-07 Paris Saint-Germain-Strasbourg,Paris Saint-Germain,Gianluigi Buffon,True,Goalkeeper,1,start,end,1.0,0.0,0.0,0.0,0.0,0.0,0.0,2.0,2.0,0.0,0.0,0.0,0.0,0.0,
FRA-Ligue 1,1819,2019-04-07 Paris Saint-Germain-Strasbourg,Strasbourg,Matz Sels,False,Goalkeeper,1,start,end,1.0,0.0,0.0,0.0,0.0,0.0,1.0,2.0,3.0,0.0,0.0,0.0,0.0,0.0,
FRA-Ligue 1,1819,2019-04-07 Stade de Reims-Lille,Lille,Mike Maignan,False,Goalkeeper,1,start,end,1.0,0.0,1.0,0.0,0.0,0.0,0.0,1.0,2.0,0.0,0.0,0.0,0.0,0.0,
FRA-Ligue 1,1819,2019-04-07 Stade de Reims-Lille,Stade de Reims,Édouard Mendy,True,Goalkeeper,1,start,end,1.0,0.0,0.0,0.0,0.0,0.0,0.0,1.0,3.0,0.0,0.0,0.0,0.0,0.0,
FRA-Ligue 1,1819,2019-04-07 Toulouse-Nantes,Nantes,Ciprian Tatarusanu,False,Goalkeeper,1,start,end,1.0,0.0,0.0,0.0,0.0,0.0,0.0,1.0,4.0,0.0,0.0,0.0,0.0,0.0,
FRA-Ligue 1,1819,2019-04-07 Toulouse-Nantes,Toulouse,Baptiste Reynet,True,Goalkeeper,1,start,end,1.0,0.0,0.0,0.0,0.0,0.0,0.0,0.0,1.0,0.0,0.0,0.0,0.0,0.0,
FRA-Ligue 1,1819,2019-04-09 Nimes-Stade Rennais,Nimes,Paul Bernardoni,True,Goalkeeper,1,start,end,1.0,0.0,0.0,0.0,0.0,0.0,0.0,1.0,2.0,0.0,0.0,0.0,0.0,0.0,
FRA-Ligue 1,1819,2019-04-09 Nimes-Stade Rennais,Stade Rennais,Tomas Koubek,False,Goalkeeper,1,start,end,1.0,0.0,0.0,0.0,0.0,0.0,0.0,3.0,5.0,0.0,0.0,0.0,0.0,0.0,
FRA-Ligue 1,1819,2019-04-12 Dijon FCO-SC Amiens,Dijon FCO,Rúnar Rúnarsson,True,Goalkeeper,1,start,end,1.0,0.0,0.0,0.0,0.0,0.0,0.0,0.0,1.0,0.0,0.0,0.0,0.0,0.0,
FRA-Ligue 1,1819,2019-04-12 Dijon FCO-SC Amiens,SC Amiens,Régis Gurtner,False,Goalkeeper,1,start,end,1.0,0.0,0.0,0.0,0.0,0.0,0.0,0.0,5.0,0.0,0.0,0.0,0.0,0.0,
FRA-Ligue 1,1819,2019-04-12 Nantes-Lyon,Lyon,Anthony Lopes,False,Goalkeeper,1,start,end,1.0,0.0,0.0,0.0,0.0,0.0,0.0,2.0,3.0,0.0,0.0,0.0,0.0,0.0,
FRA-Ligue 1,1819,2019-04-12 Nantes-Lyon,Nantes,Ciprian Tatarusanu,True,Goalkeeper,1,start,end,1.0,0.0,1.0,0.0,0.0,0.0,0.0,1.0,3.0,0.0,0.0,0.0,0.0,0.0,
FRA-Ligue 1,1819,2019-04-13 AS Monaco-Stade de Reims,AS Monaco,Danijel Subasic,True,Goalkeeper,1,start,end,1.0,0.0,0.0,0.0,0.0,0.0,1.0,0.0,3.0,0.0,0.0,0.0,0.0,0.0,
FRA-Ligue 1,1819,2019-04-13 AS Monaco-Stade de Reims,Stade de Reims,Édouard Mendy,False,Goalkeeper,1,start,end,1.0,0.0,0.0,0.0,0.0,0.0,0.0,0.0,6.0,0.0,0.0,0.0,0.0,0.0,
FRA-Ligue 1,1819,2019-04-13 Caen-Angers,Angers,Ludovic Butelle,False,Goalkeeper,1,start,end,1.0,0.0,1.0,0.0,0.0,0.0,0.0,0.0,2.0,0.0,0.0,0.0,0.0,0.0,
FRA-Ligue 1,1819,2019-04-13 Caen-Angers,Caen,Brice Samba,True,Goalkeeper,1,start,end,1.0,0.0,0.0,0.0,0.0,0.0,0.0,1.0,4.0,0.0,0.0,0.0,0.0,0.0,
FRA-Ligue 1,1819,2019-04-13 Marseille-Nimes,Marseille,Steve Mandanda,True,Goalkeeper,1,start,end,1.0,0.0,0.0,0.0,0.0,0.0,0.0,1.0,2.0,0.0,0.0,0.0,0.0,0.0,
FRA-Ligue 1,1819,2019-04-13 Marseille-Nimes,Nimes,Paul Bernardoni,False,Goalkeeper,1,start,end,1.0,0.0,1.0,0.0,0.0,0.0,0.0,2.0,2.0,0.0,0.0,0.0,0.0,0.0,
FRA-Ligue 1,1819,2019-04-13 Strasbourg-Guingamp,Guingamp,Marc-Aurele Caillard,False,Goalkeeper,1,start,end,1.0,0.0,0.0,0.0,0.0,0.0,0.0,3.0,3.0,0.0,0.0,0.0,0.0,0.0,
FRA-Ligue 1,1819,2019-04-13 Strasbourg-Guingamp,Strasbourg,Matz Sels,True,Goalkeeper,1,start,end,1.0,0.0,0.0,0.0,0.0,0.0,0.0,3.0,2.0,0.0,0.0,0.0,0.0,0.0,
FRA-Ligue 1,1819,2019-04-14 Lille-Paris Saint-Germain,Lille,Mike Maignan,True,Goalkeeper,1,start,end,1.0,0.0,0.0,0.0,0.0,0.0,0.0,1.0,4.0,0.0,0.0,0.0,0.0,0.0,
FRA-Ligue 1,1819,2019-04-14 Lille-Paris Saint-Germain,Paris Saint-Germain,Alphonse Areola,False,Goalkeeper,1,start,end,1.0,0.0,0.0,0.0,0.0,0.0,0.0,5.0,1.0,0.0,0.0,0.0,0.0,0.0,
FRA-Ligue 1,1819,2019-04-14 Montpellier-Toulouse,Montpellier,Benjamin Lecomte,True,Goalkeeper,1,start,end,1.0,0.0,0.0,0.0,0.0,0.0,0.0,1.0,1.0,0.0,0.0,0.0,0.0,0.0,
FRA-Ligue 1,1819,2019-04-14 Montpellier-Toulouse,Toulouse,Baptiste Reynet,False,Goalkeeper,1,start,end,1.0,0.0,0.0,0.0,0.0,0.0,0.0,2.0,3.0,0.0,0.0,0.0,0.0,0.0,
FRA-Ligue 1,1819,2019-04-14 Saint-Étienne-Bordeaux,Bordeaux,Benoit Costil,False,Goalkeeper,1,start,end,1.0,0.0,0.0,0.0,0.0,0.0,0.0,3.0,3.0,0.0,0.0,0.0,0.0,0.0,
FRA-Ligue 1,1819,2019-04-14 Saint-Étienne-Bordeaux,Saint-Étienne,Stéphane Ruffier,True,Goalkeeper,1,start,end,1.0,0.0,0.0,0.0,0.0,0.0,0.0,0.0,1.0,0.0,0.0,0.0,0.0,0.0,
FRA-Ligue 1,1819,2019-04-14 Stade Rennais-Nice,Nice,Walter Benítez,False,Goalkeeper,1,start,end,1.0,0.0,0.0,0.0,0.0,0.0,0.0,0.0,7.0,0.0,0.0,0.0,0.0,0.0,
FRA-Ligue 1,1819,2019-04-14 Stade Rennais-Nice,Stade Rennais,Tomas Koubek,True,Goalkeeper,1,start,end,1.0,0.0,0.0,0.0,0.0,0.0,0.0,0.0,2.0,0.0,0.0,0.0,0.0,0.0,
FRA-Ligue 1,1819,2019-04-17 Nantes-Paris Saint-Germain,Nantes,Maxime Dupé,True,Goalkeeper,1,start,end,1.0,0.0,0.0,0.0,0.0,0.0,1.0,2.0,4.0,0.0,0.0,0.0,0.0,0.0,
FRA-Ligue 1,1819,2019-04-17 Nantes-Paris Saint-Germain,Paris Saint-Germain,Gianluigi Buffon,False,Goalkeeper,1,start,end,1.0,0.0,0.0,0.0,0.0,0.0,0.0,3.0,5.0,0.0,0.0,0.0,0.0,0.0,
FRA-Ligue 1,1819,2019-04-19 Dijon FCO-Stade Rennais,Dijon FCO,Rúnar Rúnarsson,True,Goalkeeper,1,start,end,1.0,0.0,0.0,0.0,0.0,0.0,0.0,2.0,2.0,0.0,0.0,0.0,0.0,0.0,
FRA-Ligue 1,1819,2019-04-19 Dijon FCO-Stade Rennais,Stade Rennais,Tomas Koubek,False,Goalkeeper,1,start,end,1.0,0.0,0.0,0.0,0.0,0.0,0.0,3.0,6.0,0.0,0.0,0.0,0.0,0.0,
FRA-Ligue 1,1819,2019-04-19 Lyon-Angers,Angers,Ludovic Butelle,False,Goalkeeper,1,start,end,1.0,0.0,0.0,0.0,0.0,0.0,0.0,2.0,9.0,0.0,0.0,0.0,0.0,0.0,
FRA-Ligue 1,1819,2019-04-19 Lyon-Angers,Lyon,Anthony Lopes,True,Goalkeeper,1,start,end,1.0,0.0,0.0,0.0,0.0,0.0,0.0,1.0,3.0,0.0,0.0,0.0,0.0,0.0,
FRA-Ligue 1,1819,2019-04-20 Guingamp-Marseille,Guingamp,Marc-Aurele Caillard,True,Goalkeeper,1,start,end,1.0,0.0,0.0,0.0,0.0,0.0,0.0,3.0,3.0,0.0,0.0,0.0,0.0,0.0,
FRA-Ligue 1,1819,2019-04-20 Guingamp-Marseille,Marseille,Steve Mandanda,False,Goalkeeper,1,start,end,1.0,0.0,0.0,0.0,0.0,0.0,0.0,1.0,2.0,0.0,0.0,0.0,0.0,0.0,
FRA-Ligue 1,1819,2019-04-20 Nice-Caen,Caen,Brice Samba,False,Goalkeeper,1,start,end,1.0,0.0,0.0,0.0,0.0,0.0,0.0,0.0,8.0,0.0,0.0,0.0,0.0,0.0,
FRA-Ligue 1,1819,2019-04-20 Nice-Caen,Nice,Walter Benítez,True,Goalkeeper,1,start,end,1.0,0.0,0.0,0.0,0.0,0.0,0.0,1.0,1.0,0.0,0.0,0.0,0.0,0.0,
FRA-Ligue 1,1819,2019-04-20 Nimes-Bordeaux,Bordeaux,Benoit Costil,False,Goalkeeper,1,start,end,1.0,0.0,0.0,0.0,0.0,0.0,0.0,2.0,0.0,0.0,0.0,0.0,0.0,0.0,
FRA-Ligue 1,1819,2019-04-20 Nimes-Bordeaux,Nimes,Paul Bernardoni,True,Goalkeeper,1,start,end,1.0,0.0,0.0,0.0,0.0,0.0,0.0,1.0,1.0,0.0,0.0,0.0,0.0,0.0,
FRA-Ligue 1,1819,2019-04-20 Strasbourg-Montpellier,Montpellier,Benjamin Lecomte,False,Goalkeeper,1,start,end,1.0,0.0,1.0,0.0,0.0,0.0,0.0,1.0,0.0,0.0,0.0,0.0,0.0,0.0,
FRA-Ligue 1,1819,2019-04-20 Strasbourg-Montpellier,Strasbourg,Matz Sels,True,Goalkeeper,1,start,end,1.0,0.0,0.0,0.0,0.0,0.0,0.0,3.0,4.0,0.0,0.0,0.0,0.0,0.0,
FRA-Ligue 1,1819,2019-04-21 Nantes-SC Amiens,Nantes,Maxime Dupé,True,Goalkeeper,1,start,end,1.0,0.0,0.0,0.0,0.0,0.0,0.0,2.0,2.0,0.0,0.0,0.0,0.0,0.0,
FRA-Ligue 1,1819,2019-04-21 Nantes-SC Amiens,SC Amiens,Régis Gurtner,False,Goalkeeper,1,start,end,1.0,0.0,1.0,0.0,0.0,0.0,0.0,3.0,1.0,0.0,0.0,0.0,0.0,0.0,
FRA-Ligue 1,1819,2019-04-21 Paris Saint-Germain-AS Monaco,AS Monaco,Danijel Subasic,False,Goalkeeper,1,start,13,1.0,0.0,0.0,0.0,0.0,0.0,0.0,0.0,0.0,0.0,0.0,0.0,0.0,0.0,
FRA-Ligue 1,1819,2019-04-21 Paris Saint-Germain-AS Monaco,Paris Saint-Germain,Alphonse Areola,True,Goalkeeper,1,start,end,1.0,0.0,0.0,0.0,0.0,0.0,0.0,1.0,3.0,0.0,0.0,0.0,0.0,0.0,
FRA-Ligue 1,1819,2019-04-21 Stade de Reims-Saint-Étienne,Saint-Étienne,Stéphane Ruffier,False,Goalkeeper,1,start,end,1.0,0.0,0.0,0.0,0.0,0.0,0.0,0.0,1.0,0.0,0.0,0.0,0.0,0.0,
FRA-Ligue 1,1819,2019-04-21 Stade de Reims-Saint-Étienne,Stade de Reims,Édouard Mendy,True,Goalkeeper,1,start,end,1.0,0.0,0.0,0.0,0.0,0.0,0.0,2.0,2.0,0.0,0.0,0.0,0.0,0.0,
FRA-Ligue 1,1819,2019-04-21 Toulouse-Lille,Lille,Mike Maignan,False,Goalkeeper,1,start,end,1.0,0.0,2.0,0.0,0.0,0.0,0.0,0.0,2.0,0.0,0.0,0.0,0.0,0.0,
FRA-Ligue 1,1819,2019-04-21 Toulouse-Lille,Toulouse,Baptiste Reynet,True,Goalkeeper,1,start,end,1.0,0.0,1.0,0.0,0.0,0.0,0.0,0.0,4.0,0.0,0.0,0.0,0.0,0.0,
FRA-Ligue 1,1819,2019-04-26 Bordeaux-Lyon,Bordeaux,Benoit Costil,True,Goalkeeper,1,start,end,1.0,0.0,0.0,0.0,0.0,0.0,0.0,3.0,2.0,0.0,0.0,0.0,0.0,0.0,
FRA-Ligue 1,1819,2019-04-26 Bordeaux-Lyon,Lyon,Anthony Lopes,False,Goalkeeper,1,start,end,1.0,0.0,0.0,0.0,0.0,0.0,0.0,2.0,0.0,0.0,0.0,0.0,0.0,0.0,
FRA-Ligue 1,1819,2019-04-28 Angers-Stade de Reims,Angers,Ludovic Butelle,True,Goalkeeper,1,start,end,1.0,0.0,0.0,0.0,0.0,0.0,0.0,1.0,3.0,0.0,0.0,0.0,0.0,0.0,
FRA-Ligue 1,1819,2019-04-28 Angers-Stade de Reims,Stade de Reims,Édouard Mendy,False,Goalkeeper,1,start,end,1.0,0.0,0.0,0.0,0.0,0.0,0.0,1.0,3.0,0.0,0.0,0.0,0.0,0.0,
FRA-Ligue 1,1819,2019-04-28 Caen-Dijon FCO,Caen,Brice Samba,True,Goalkeeper,1,start,end,1.0,0.0,0.0,0.0,0.0,0.0,0.0,0.0,3.0,0.0,0.0,0.0,0.0,0.0,
FRA-Ligue 1,1819,2019-04-28 Caen-Dijon FCO,Dijon FCO,Rúnar Rúnarsson,False,Goalkeeper,1,start,end,1.0,0.0,0.0,0.0,0.0,0.0,0.0,1.0,1.0,0.0,0.0,0.0,0.0,0.0,
FRA-Ligue 1,1819,2019-04-28 Lille-Nimes,Lille,Mike Maignan,True,Goalkeeper,1,start,end,1.0,0.0,0.0,0.0,0.0,0.0,0.0,0.0,3.0,0.0,0.0,0.0,0.0,0.0,
FRA-Ligue 1,1819,2019-04-28 Lille-Nimes,Nimes,Paul Bernardoni,False,Goalkeeper,1,start,end,1.0,0.0,1.0,0.0,0.0,0.0,0.0,5.0,3.0,0.0,0.0,0.0,0.0,0.0,
FRA-Ligue 1,1819,2019-04-28 Marseille-Nantes,Marseille,Steve Mandanda,True,Goalkeeper,1,start,end,1.0,0.0,0.0,0.0,0.0,0.0,0.0,2.0,4.0,0.0,0.0,0.0,0.0,0.0,
FRA-Ligue 1,1819,2019-04-28 Marseille-Nantes,Nantes,Maxime Dupé,False,Goalkeeper,1,start,end,1.0,0.0,0.0,0.0,0.0,0.0,0.0,1.0,2.0,0.0,0.0,0.0,0.0,0.0,
FRA-Ligue 1,1819,2019-04-28 Nice-Guingamp,Guingamp,Marc-Aurele Caillard,False,Goalkeeper,1,start,end,1.0,0.0,0.0,0.0,0.0,0.0,0.0,3.0,2.0,0.0,0.0,0.0,0.0,0.0,
FRA-Ligue 1,1819,2019-04-28 Nice-Guingamp,Nice,Walter Benítez,True,Goalkeeper,1,start,end,1.0,0.0,0.0,0.0,0.0,0.0,0.0,0.0,3.0,0.0,0.0,0.0,0.0,0.0,
FRA-Ligue 1,1819,2019-04-28 SC Amiens-Strasbourg,SC Amiens,Régis Gurtner,True,Goalkeeper,1,start,end,1.0,0.0,0.0,0.0,0.0,0.0,0.0,0.0,1.0,0.0,0.0,0.0,0.0,0.0,
FRA-Ligue 1,1819,2019-04-28 SC Amiens-Strasbourg,Strasbourg,Matz Sels,False,Goalkeeper,1,start,end,1.0,0.0,0.0,0.0,0.0,0.0,0.0,0.0,1.0,0.0,0.0,0.0,0.0,0.0,
FRA-Ligue 1,1819,2019-04-28 Saint-Étienne-Toulouse,Saint-Étienne,Stéphane Ruffier,True,Goalkeeper,1,start,end,1.0,1.0,0.0,0.0,0.0,0.0,0.0,0.0,3.0,0.0,0.0,0.0,0.0,0.0,
FRA-Ligue 1,1819,2019-04-28 Saint-Étienne-Toulouse,Toulouse,Baptiste Reynet,False,Goalkeeper,1,start,end,1.0,0.0,0.0,0.0,0.0,0.0,0.0,2.0,5.0,0.0,0.0,0.0,0.0,0.0,
FRA-Ligue 1,1819,2019-04-30 Montpellier-Paris Saint-Germain,Montpellier,Benjamin Lecomte,True,Goalkeeper,1,start,end,1.0,0.0,0.0,0.0,0.0,0.0,0.0,2.0,1.0,0.0,0.0,0.0,0.0,0.0,
FRA-Ligue 1,1819,2019-04-30 Montpellier-Paris Saint-Germain,Paris Saint-Germain,Gianluigi Buffon,False,Goalkeeper,1,start,end,1.0,0.0,0.0,0.0,0.0,0.0,0.0,3.0,5.0,0.0,0.0,0.0,0.0,0.0,
FRA-Ligue 1,1819,2019-05-01 Stade Rennais-AS Monaco,AS Monaco,Seydou Sy,False,Goalkeeper,1,start,end,1.0,0.0,0.0,0.0,0.0,0.0,0.0,2.0,2.0,0.0,0.0,0.0,0.0,0.0,
FRA-Ligue 1,1819,2019-05-01 Stade Rennais-AS Monaco,Stade Rennais,Tomas Koubek,True,Goalkeeper,1,start,end,1.0,0.0,0.0,0.0,0.0,0.0,0.0,2.0,3.0,0.0,0.0,0.0,0.0,0.0,
FRA-Ligue 1,1819,2019-05-03 Strasbourg-Marseille,Marseille,Steve Mandanda,False,Goalkeeper,1,start,end,1.0,0.0,0.0,0.0,0.0,0.0,0.0,1.0,2.0,0.0,0.0,0.0,0.0,0.0,
FRA-Ligue 1,1819,2019-05-03 Strasbourg-Marseille,Strasbourg,Matz Sels,True,Goalkeeper,1,start,end,1.0,1.0,0.0,0.0,0.0,0.0,0.0,1.0,1.0,0.0,0.0,0.0,0.0,0.0,
FRA-Ligue 1,1819,2019-05-04 Bordeaux-Angers,Angers,Zacharie Boucher,False,Goalkeeper,1,start,end,1.0,0.0,0.0,0.0,0.0,0.0,0.0,0.0,2.0,0.0,0.0,0.0,0.0,0.0,
FRA-Ligue 1,1819,2019-05-04 Bordeaux-Angers,Bordeaux,Benoit Costil,True,Goalkeeper,1,start,end,1.0,0.0,0.0,0.0,0.0,0.0,0.0,1.0,0.0,0.0,0.0,0.0,0.0,0.0,
FRA-Ligue 1,1819,2019-05-04 Guingamp-Caen,Caen,Brice Samba,False,Goalkeeper,1,start,end,1.0,0.0,1.0,0.0,0.0,0.0,0.0,0.0,1.0,0.0,0.0,0.0,0.0,0.0,
FRA-Ligue 1,1819,2019-05-04 Guingamp-Caen,Guingamp,Marc-Aurele Caillard,True,Goalkeeper,1,start,end,1.0,0.0,1.0,0.0,0.0,0.0,0.0,0.0,0.0,0.0,0.0,0.0,0.0,0.0,
FRA-Ligue 1,1819,2019-05-04 Paris Saint-Germain-Nice,Nice,Walter Benítez,False,Goalkeeper,1,start,end,1.0,0.0,0.0,0.0,0.0,0.0,0.0,1.0,4.0,0.0,0.0,0.0,0.0,0.0,
FRA-Ligue 1,1819,2019-05-04 Paris Saint-Germain-Nice,Paris Saint-Germain,Alphonse Areola,True,Goalkeeper,1,start,end,1.0,0.0,0.0,0.0,0.0,0.0,0.0,1.0,1.0,0.0,0.0,0.0,0.0,0.0,
FRA-Ligue 1,1819,2019-05-04 Stade de Reims-Nimes,Nimes,Paul Bernardoni,False,Goalkeeper,1,start,end,1.0,0.0,0.0,0.0,0.0,0.0,0.0,0.0,2.0,0.0,0.0,0.0,0.0,0.0,
FRA-Ligue 1,1819,2019-05-04 Stade de Reims-Nimes,Stade de Reims,Édouard Mendy,True,Goalkeeper,1,start,end,1.0,0.0,0.0,0.0,0.0,0.0,0.0,3.0,2.0,0.0,0.0,0.0,0.0,0.0,
FRA-Ligue 1,1819,2019-05-05 AS Monaco-Saint-Étienne,AS Monaco,Danijel Subasic,True,Goalkeeper,1,start,51,1.0,0.0,0.0,0.0,0.0,0.0,0.0,0.0,0.0,0.0,0.0,0.0,0.0,0.0,
FRA-Ligue 1,1819,2019-05-05 AS Monaco-Saint-Étienne,Saint-Étienne,Stéphane Ruffier,False,Goalkeeper,1,start,end,1.0,0.0,0.0,0.0,0.0,0.0,0.0,2.0,3.0,0.0,0.0,0.0,0.0,0.0,
FRA-Ligue 1,1819,2019-05-05 Lyon-Lille,Lille,Mike Maignan,False,Goalkeeper,1,start,end,1.0,0.0,0.0,0.0,0.0,0.0,0.0,2.0,5.0,0.0,0.0,0.0,0.0,0.0,
FRA-Ligue 1,1819,2019-05-05 Lyon-Lille,Lyon,Anthony Lopes,True,Goalkeeper,1,start,end,1.0,0.0,0.0,0.0,0.0,0.0,0.0,2.0,4.0,0.0,0.0,0.0,0.0,0.0,
FRA-Ligue 1,1819,2019-05-05 Montpellier-SC Amiens,Montpellier,Benjamin Lecomte,True,Goalkeeper,1,start,end,1.0,0.0,0.0,0.0,0.0,0.0,0.0,1.0,0.0,0.0,0.0,0.0,0.0,0.0,
FRA-Ligue 1,1819,2019-05-05 Montpellier-SC Amiens,SC Amiens,Régis Gurtner,False,Goalkeeper,1,start,end,1.0,0.0,0.0,0.0,0.0,0.0,1.0,1.0,3.0,0.0,0.0,0.0,0.0,0.0,
FRA-Ligue 1,1819,2019-05-05 Nantes-Dijon FCO,Dijon FCO,Rúnar Rúnarsson,False,Goalkeeper,1,start,end,1.0,0.0,0.0,0.0,0.0,0.0,0.0,3.0,2.0,0.0,0.0,0.0,0.0,0.0,
FRA-Ligue 1,1819,2019-05-05 Nantes-Dijon FCO,Nantes,Maxime Dupé,True,Goalkeeper,1,start,end,1.0,0.0,0.0,0.0,0.0,0.0,0.0,0.0,3.0,0.0,0.0,0.0,0.0,0.0,
FRA-Ligue 1,1819,2019-05-05 Toulouse-Stade Rennais,Stade Rennais,Tomas Koubek,False,Goalkeeper,1,start,end,1.0,0.0,0.0,0.0,0.0,0.0,0.0,2.0,2.0,0.0,0.0,0.0,0.0,0.0,
FRA-Ligue 1,1819,2019-05-05 Toulouse-Stade Rennais,Toulouse,Mauro Goicoechea,True,Goalkeeper,1,start,end,1.0,0.0,0.0,0.0,0.0,0.0,0.0,2.0,1.0,0.0,0.0,0.0,0.0,0.0,
FRA-Ligue 1,1819,2019-05-10 Saint-Étienne-Montpellier,Montpellier,Benjamin Lecomte,False,Goalkeeper,1,start,end,1.0,0.0,0.0,0.0,0.0,0.0,1.0,0.0,5.0,0.0,0.0,0.0,0.0,0.0,
FRA-Ligue 1,1819,2019-05-10 Saint-Étienne-Montpellier,Saint-Étienne,Stéphane Ruffier,True,Goalkeeper,1,start,end,1.0,0.0,0.0,0.0,0.0,0.0,0.0,1.0,3.0,0.0,0.0,0.0,0.0,0.0,
FRA-Ligue 1,1819,2019-05-11 Angers-Paris Saint-Germain,Angers,Ludovic Butelle,True,Goalkeeper,1,start,end,1.0,0.0,0.0,0.0,0.0,0.0,0.0,2.0,1.0,0.0,0.0,0.0,0.0,0.0,
FRA-Ligue 1,1819,2019-05-11 Angers-Paris Saint-Germain,Paris Saint-Germain,Gianluigi Buffon,False,Goalkeeper,1,start,end,1.0,0.0,0.0,0.0,0.0,0.0,0.0,1.0,3.0,0.0,0.0,0.0,0.0,0.0,
FRA-Ligue 1,1819,2019-05-11 Caen-Stade de Reims,Caen,Brice Samba,True,Goalkeeper,1,start,end,1.0,0.0,1.0,0.0,0.0,0.0,0.0,2.0,0.0,14.0,0.0,0.0,0.0,0.0,
FRA-Ligue 1,1819,2019-05-11 Caen-Stade de Reims,Stade de Reims,Édouard Mendy,False,Goalkeeper,1,start,end,1.0,0.0,1.0,0.0,0.0,0.0,0.0,3.0,0.0,10.0,0.0,0.0,0.0,0.0,
FRA-Ligue 1,1819,2019-05-11 Dijon FCO-Strasbourg,Dijon FCO,Rúnar Rúnarsson,True,Goalkeeper,1,start,end,1.0,0.0,1.0,0.0,0.0,0.0,0.0,1.0,5.0,0.0,0.0,0.0,0.0,0.0,
FRA-Ligue 1,1819,2019-05-11 Dijon FCO-Strasbourg,Strasbourg,Matz Sels,False,Goalkeeper,1,start,end,1.0,0.0,0.0,0.0,0.0,0.0,0.0,2.0,4.0,0.0,0.0,0.0,0.0,0.0,
FRA-Ligue 1,1819,2019-05-11 Nice-Nantes,Nantes,Maxime Dupé,False,Goalkeeper,1,start,end,1.0,0.0,0.0,0.0,0.0,0.0,0.0,1.0,1.0,0.0,0.0,0.0,0.0,0.0,
FRA-Ligue 1,1819,2019-05-11 Nice-Nantes,Nice,Walter Benítez,True,Goalkeeper,1,start,end,1.0,0.0,0.0,0.0,0.0,0.0,0.0,1.0,2.0,0.0,0.0,0.0,0.0,0.0,
FRA-Ligue 1,1819,2019-05-11 Nimes-AS Monaco,AS Monaco,Diego Benaglio,False,Goalkeeper,1,start,end,1.0,0.0,0.0,0.0,0.0,0.0,0.0,1.0,4.0,0.0,0.0,0.0,0.0,0.0,
FRA-Ligue 1,1819,2019-05-11 Nimes-AS Monaco,Nimes,Paul Bernardoni,True,Goalkeeper,1,start,end,1.0,0.0,0.0,0.0,0.0,0.0,0.0,0.0,5.0,0.0,0.0,0.0,0.0,0.0,
FRA-Ligue 1,1819,2019-05-11 SC Amiens-Toulouse,SC Amiens,Régis Gurtner,True,Goalkeeper,1,start,end,1.0,0.0,0.0,0.0,0.0,0.0,0.0,0.0,2.0,0.0,0.0,0.0,0.0,0.0,
FRA-Ligue 1,1819,2019-05-11 SC Amiens-Toulouse,Toulouse,Mauro Goicoechea,False,Goalkeeper,1,start,end,1.0,0.0,0.0,0.0,0.0,0.0,0.0,0.0,3.0,0.0,0.0,0.0,0.0,0.0,
FRA-Ligue 1,1819,2019-05-12 Lille-Bordeaux,Bordeaux,Benoit Costil,False,Goalkeeper,1,start,end,1.0,0.0,0.0,0.0,0.0,0.0,0.0,1.0,3.0,0.0,0.0,0.0,0.0,0.0,
FRA-Ligue 1,1819,2019-05-12 Lille-Bordeaux,Lille,Mike Maignan,True,Goalkeeper,1,start,end,1.0,0.0,1.0,0.0,0.0,0.0,0.0,0.0,1.0,0.0,0.0,0.0,0.0,0.0,
FRA-Ligue 1,1819,2019-05-12 Marseille-Lyon,Lyon,Anthony Lopes,False,Goalkeeper,1,start,end,1.0,0.0,2.0,0.0,0.0,0.0,0.0,0.0,5.0,0.0,0.0,0.0,0.0,0.0,
FRA-Ligue 1,1819,2019-05-12 Marseille-Lyon,Marseille,Steve Mandanda,True,Goalkeeper,1,start,end,1.0,0.0,0.0,0.0,0.0,0.0,0.0,3.0,2.0,0.0,0.0,0.0,0.0,0.0,
FRA-Ligue 1,1819,2019-05-12 Stade Rennais-Guingamp,Guingamp,Marc-Aurele Caillard,False,Goalkeeper,1,start,end,1.0,0.0,1.0,0.0,0.0,0.0,0.0,1.0,3.0,0.0,0.0,0.0,0.0,0.0,
FRA-Ligue 1,1819,2019-05-12 Stade Rennais-Guingamp,Stade Rennais,Tomas Koubek,True,Goalkeeper,1,start,end,1.0,0.0,0.0,0.0,0.0,0.0,0.0,1.0,8.0,0.0,0.0,0.0,0.0,0.0,
FRA-Ligue 1,1819,2019-05-18 AS Monaco-SC Amiens,AS Monaco,Diego Benaglio,True,Goalkeeper,1,start,end,1.0,0.0,0.0,0.0,0.0,0.0,0.0,0.0,3.0,0.0,0.0,0.0,0.0,0.0,
FRA-Ligue 1,1819,2019-05-18 AS Monaco-SC Amiens,SC Amiens,Régis Gurtner,False,Goalkeeper,1,start,end,1.0,0.0,0.0,0.0,0.0,0.0,0.0,2.0,1.0,0.0,0.0,0.0,0.0,0.0,
FRA-Ligue 1,1819,2019-05-18 Bordeaux-Stade de Reims,Bordeaux,Benoit Costil,True,Goalkeeper,1,start,end,1.0,0.0,0.0,0.0,0.0,0.0,0.0,1.0,1.0,0.0,0.0,0.0,0.0,0.0,
FRA-Ligue 1,1819,2019-05-18 Bordeaux-Stade de Reims,Stade de Reims,Édouard Mendy,False,Goalkeeper,1,start,end,1.0,0.0,3.0,0.0,0.0,0.0,0.0,0.0,5.0,0.0,0.0,0.0,0.0,0.0,
FRA-Ligue 1,1819,2019-05-18 Guingamp-Nimes,Guingamp,Marc-Aurele Caillard,True,Goalkeeper,1,start,end,1.0,0.0,0.0,0.0,0.0,0.0,0.0,2.0,2.0,0.0,0.0,0.0,0.0,0.0,
FRA-Ligue 1,1819,2019-05-18 Guingamp-Nimes,Nimes,Paul Bernardoni,False,Goalkeeper,1,start,end,1.0,0.0,0.0,0.0,0.0,0.0,0.0,2.0,7.0,0.0,0.0,0.0,0.0,0.0,
FRA-Ligue 1,1819,2019-05-18 Lille-Angers,Angers,Ludovic Butelle,False,Goalkeeper,1,start,end,1.0,0.0,0.0,0.0,0.0,0.0,0.0,5.0,7.0,0.0,0.0,0.0,0.0,0.0,
FRA-Ligue 1,1819,2019-05-18 Lille-Angers,Lille,Mike Maignan,True,Goalkeeper,1,start,end,1.0,0.0,0.0,0.0,0.0,0.0,0.0,0.0,3.0,0.0,0.0,0.0,0.0,0.0,
FRA-Ligue 1,1819,2019-05-18 Lyon-Caen,Caen,Brice Samba,False,Goalkeeper,1,start,end,1.0,0.0,0.0,0.0,0.0,0.0,0.0,4.0,4.0,0.0,0.0,0.0,0.0,0.0,
FRA-Ligue 1,1819,2019-05-18 Lyon-Caen,Lyon,Anthony Lopes,True,Goalkeeper,1,start,end,1.0,0.0,0.0,0.0,0.0,0.0,0.0,0.0,2.0,0.0,0.0,0.0,0.0,0.0,
FRA-Ligue 1,1819,2019-05-18 Montpellier-Nantes,Montpellier,Benjamin Lecomte,True,Goalkeeper,1,start,end,1.0,0.0,0.0,0.0,0.0,0.0,0.0,1.0,1.0,0.0,0.0,0.0,0.0,0.0,
FRA-Ligue 1,1819,2019-05-18 Montpellier-Nantes,Nantes,Maxime Dupé,False,Goalkeeper,1,start,end,1.0,0.0,0.0,0.0,0.0,0.0,0.0,1.0,1.0,0.0,0.0,0.0,0.0,0.0,
FRA-Ligue 1,1819,2019-05-18 Paris Saint-Germain-Dijon FCO,Dijon FCO,Rúnar Rúnarsson,False,Goalkeeper,1,start,end,1.0,0.0,0.0,0.0,0.0,0.0,0.0,4.0,2.0,0.0,0.0,0.0,0.0,0.0,
FRA-Ligue 1,1819,2019-05-18 Paris Saint-Germain-Dijon FCO,Paris Saint-Germain,Alphonse Areola,True,Goalkeeper,1,start,end,1.0,0.0,0.0,0.0,0.0,0.0,0.0,0.0,3.0,0.0,0.0,0.0,0.0,0.0,
FRA-Ligue 1,1819,2019-05-18 Saint-Étienne-Nice,Nice,Walter Benítez,False,Goalkeeper,1,start,end,1.0,0.0,0.0,0.0,0.0,0.0,0.0,3.0,2.0,0.0,0.0,0.0,0.0,0.0,
FRA-Ligue 1,1819,2019-05-18 Saint-Étienne-Nice,Saint-Étienne,Stéphane Ruffier,True,Goalkeeper,1,start,end,1.0,0.0,0.0,0.0,0.0,0.0,0.0,0.0,5.0,0.0,0.0,0.0,0.0,0.0,
FRA-Ligue 1,1819,2019-05-18 Strasbourg-Stade Rennais,Stade Rennais,Tomas Koubek,False,Goalkeeper,1,start,end,1.0,0.0,0.0,0.0,0.0,0.0,1.0,0.0,5.0,0.0,0.0,0.0,0.0,0.0,
FRA-Ligue 1,1819,2019-05-18 Strasbourg-Stade Rennais,Strasbourg,Matz Sels,True,Goalkeeper,1,start,end,1.0,0.0,0.0,0.0,0.0,0.0,0.0,2.0,4.0,0.0,0.0,0.0,0.0,0.0,
FRA-Ligue 1,1819,2019-05-18 Toulouse-Marseille,Marseille,Steve Mandanda,False,Goalkeeper,1,start,end,1.0,0.0,0.0,0.0,0.0,0.0,0.0,2.0,3.0,0.0,0.0,0.0,0.0,0.0,
FRA-Ligue 1,1819,2019-05-18 Toulouse-Marseille,Toulouse,Mauro Goicoechea,True,Goalkeeper,1,start,end,1.0,0.0,0.0,0.0,0.0,0.0,0.0,5.0,3.0,0.0,0.0,0.0,0.0,0.0,
FRA-Ligue 1,1819,2019-05-21 Paris FC-Lens,Lens,Jean-Louis Leca,False,Goalkeeper,1,start,end,1.0,0.0,1.0,0.0,0.0,0.0,0.0,1.0,1.0,0.0,0.0,0.0,0.0,0.0,
FRA-Ligue 1,1819,2019-05-21 Paris FC-Lens,Paris FC,Vincent Demarconnay,True,Goalkeeper,1,start,end,1.0,0.0,0.0,0.0,0.0,0.0,0.0,1.0,2.0,0.0,0.0,0.0,0.0,0.0,
FRA-Ligue 1,1819,2019-05-24 Angers-Saint-Étienne,Angers,Ludovic Butelle,True,Goalkeeper,1,start,end,1.0,0.0,0.0,0.0,0.0,0.0,0.0,1.0,3.0,0.0,0.0,0.0,0.0,0.0,
FRA-Ligue 1,1819,2019-05-24 Angers-Saint-Étienne,Saint-Étienne,Jessy Moulin,False,Goalkeeper,1,start,end,1.0,0.0,0.0,1.0,0.0,0.0,0.0,1.0,5.0,0.0,0.0,0.0,0.0,0.0,
FRA-Ligue 1,1819,2019-05-24 Caen-Bordeaux,Bordeaux,Gaetan Poussin,False,Goalkeeper,1,start,end,1.0,0.0,1.0,0.0,0.0,0.0,0.0,0.0,1.0,0.0,0.0,0.0,0.0,0.0,
FRA-Ligue 1,1819,2019-05-24 Caen-Bordeaux,Caen,Brice Samba,True,Goalkeeper,1,start,end,1.0,0.0,0.0,0.0,0.0,0.0,0.0,1.0,4.0,0.0,0.0,0.0,0.0,0.0,
FRA-Ligue 1,1819,2019-05-24 Dijon FCO-Toulouse,Dijon FCO,Rúnar Rúnarsson,True,Goalkeeper,1,start,end,1.0,0.0,0.0,0.0,0.0,0.0,0.0,1.0,2.0,0.0,0.0,0.0,0.0,0.0,
FRA-Ligue 1,1819,2019-05-24 Dijon FCO-Toulouse,Toulouse,Mauro Goicoechea,False,Goalkeeper,1,start,end,1.0,0.0,0.0,0.0,0.0,0.0,0.0,2.0,5.0,0.0,0.0,0.0,0.0,0.0,
FRA-Ligue 1,1819,2019-05-24 Marseille-Montpellier,Marseille,Yohann Pelé,True,Goalkeeper,1,start,end,1.0,0.0,0.0,0.0,0.0,0.0,0.0,0.0,4.0,0.0,0.0,0.0,0.0,0.0,
FRA-Ligue 1,1819,2019-05-24 Marseille-Montpellier,Montpellier,Benjamin Lecomte,False,Goalkeeper,1,start,end,1.0,0.0,0.0,0.0,0.0,0.0,0.0,1.0,2.0,0.0,0.0,0.0,0.0,0.0,
FRA-Ligue 1,1819,2019-05-24 Nantes-Strasbourg,Nantes,Alexandre Olliero,True,Goalkeeper,1,start,end,1.0,0.0,0.0,0.0,0.0,0.0,0.0,1.0,0.0,0.0,0.0,0.0,0.0,0.0,
FRA-Ligue 1,1819,2019-05-24 Nantes-Strasbourg,Strasbourg,Eiji Kawashima,False,Goalkeeper,1,start,end,1.0,0.0,0.0,0.0,0.0,0.0,0.0,0.0,1.0,0.0,0.0,0.0,0.0,0.0,
FRA-Ligue 1,1819,2019-05-24 Nice-AS Monaco,AS Monaco,Diego Benaglio,False,Goalkeeper,1,start,end,1.0,0.0,0.0,0.0,0.0,0.0,0.0,2.0,1.0,0.0,0.0,0.0,0.0,0.0,
FRA-Ligue 1,1819,2019-05-24 Nice-AS Monaco,Nice,Walter Benítez,True,Goalkeeper,1,start,end,1.0,0.0,0.0,0.0,0.0,0.0,0.0,0.0,4.0,0.0,0.0,0.0,0.0,0.0,
FRA-Ligue 1,1819,2019-05-24 Nimes-Lyon,Lyon,Mathieu Gorgelin,False,Goalkeeper,1,start,end,1.0,0.0,0.0,0.0,0.0,0.0,0.0,2.0,6.0,0.0,0.0,0.0,0.0,0.0,
FRA-Ligue 1,1819,2019-05-24 Nimes-Lyon,Nimes,Paul Bernardoni,True,Goalkeeper,1,start,end,1.0,0.0,0.0,0.0,0.0,0.0,0.0,3.0,5.0,0.0,0.0,0.0,0.0,0.0,
FRA-Ligue 1,1819,2019-05-24 SC Amiens-Guingamp,Guingamp,Marc-Aurele Caillard,False,Goalkeeper,1,start,end,1.0,0.0,0.0,0.0,0.0,0.0,0.0,2.0,7.0,0.0,0.0,0.0,0.0,0.0,
FRA-Ligue 1,1819,2019-05-24 SC Amiens-Guingamp,SC Amiens,Régis Gurtner,True,Goalkeeper,1,start,end,1.0,0.0,0.0,0.0,0.0,0.0,0.0,1.0,3.0,0.0,0.0,0.0,0.0,0.0,
FRA-Ligue 1,1819,2019-05-24 Stade Rennais-Lille,Lille,Mike Maignan,False,Goalkeeper,1,start,end,1.0,0.0,0.0,0.0,0.0,0.0,0.0,3.0,5.0,0.0,0.0,0.0,0.0,0.0,
FRA-Ligue 1,1819,2019-05-24 Stade Rennais-Lille,Stade Rennais,Tomas Koubek,True,Goalkeeper,1,start,end,1.0,0.0,0.0,0.0,0.0,0.0,0.0,1.0,6.0,0.0,0.0,0.0,0.0,0.0,
FRA-Ligue 1,1819,2019-05-24 Stade de Reims-Paris Saint-Germain,Paris Saint-Germain,Gianluigi Buffon,False,Goalkeeper,1,start,end,1.0,0.0,0.0,0.0,0.0,0.0,0.0,3.0,3.0,0.0,0.0,0.0,0.0,0.0,
FRA-Ligue 1,1819,2019-05-24 Stade de Reims-Paris Saint-Germain,Stade de Reims,Édouard Mendy,True,Goalkeeper,1,start,end,1.0,0.0,0.0,0.0,0.0,0.0,1.0,1.0,1.0,0.0,0.0,0.0,0.0,0.0,
FRA-Ligue 1,1819,2019-05-24 Troyes-Lens,Lens,Jean-Louis Leca,False,Goalkeeper,1,start,end,1.0,0.0,0.0,0.0,1.0,0.0,1.0,0.0,0.0,0.0,0.0,0.0,0.0,0.0,
FRA-Ligue 1,1819,2019-05-24 Troyes-Lens,Troyes,Mamadou Samassa,True,Goalkeeper,1,start,end,1.0,0.0,0.0,0.0,0.0,0.0,0.0,2.0,3.0,0.0,0.0,0.0,0.0,0.0,
FRA-Ligue 1,1819,2019-05-30 Lens-Dijon FCO,Dijon FCO,Rúnar Rúnarsson,False,Goalkeeper,1,start,end,1.0,0.0,0.0,0.0,0.0,0.0,0.0,1.0,1.0,0.0,0.0,0.0,0.0,0.0,
FRA-Ligue 1,1819,2019-05-30 Lens-Dijon FCO,Lens,Jérémy Vachoux,True,Goalkeeper,1,start,end,1.0,0.0,0.0,0.0,0.0,0.0,0.0,1.0,3.0,0.0,0.0,0.0,0.0,0.0,
