league,season,game,team,player,is_home,position,formation_place,sub_in,sub_out,appearances,fouls_committed,fouls_suffered,own_goals,red_cards,sub_ins,yellow_cards,goals_conceded,saves,shots_faced,goal_assists,shots_on_target,total_goals,total_shots,offsides
ITA-Serie A,1819,2018-08-18 Chievo Verona-Juventus,Chievo Verona,Stefano Sorrentino,True,Goalkeeper,1,start,89,1.0,0.0,1.0,0.0,0.0,0.0,0.0,2.0,8.0,0.0,0.0,0.0,0.0,0.0,
ITA-Serie A,1819,2018-08-18 Chievo Verona-Juventus,Juventus,Wojciech Szczesny,False,Goalkeeper,1,start,end,1.0,0.0,0.0,0.0,0.0,0.0,0.0,2.0,0.0,0.0,0.0,0.0,0.0,0.0,
ITA-Serie A,1819,2018-08-18 Lazio-Napoli,Lazio,Thomas Strakosha,True,Goalkeeper,1,start,end,1.0,0.0,0.0,0.0,0.0,0.0,0.0,2.0,1.0,0.0,0.0,0.0,0.0,0.0,
ITA-Serie A,1819,2018-08-18 Lazio-Napoli,Napoli,Orestis Karnezis,False,Goalkeeper,1,start,end,1.0,0.0,0.0,0.0,0.0,0.0,0.0,1.0,0.0,0.0,0.0,0.0,0.0,0.0,
ITA-Serie A,1819,2018-08-19 Bologna-SPAL,Bologna,Lukasz Skorupski,True,Goalkeeper,1,start,end,1.0,0.0,0.0,0.0,0.0,0.0,0.0,1.0,4.0,0.0,0.0,0.0,0.0,0.0,
ITA-Serie A,1819,2018-08-19 Bologna-SPAL,SPAL,Alfred Gomis,False,Goalkeeper,1,start,end,1.0,0.0,0.0,0.0,0.0,0.0,0.0,0.0,3.0,0.0,0.0,0.0,0.0,0.0,
ITA-Serie A,1819,2018-08-19 Empoli-Cagliari,Cagliari,Alessio Cragno,False,Goalkeeper,1,start,end,1.0,0.0,0.0,0.0,0.0,0.0,0.0,2.0,2.0,0.0,0.0,0.0,0.0,0.0,
ITA-Serie A,1819,2018-08-19 Empoli-Cagliari,Empoli,Pietro Terracciano,True,Goalkeeper,1,start,end,1.0,0.0,0.0,0.0,0.0,0.0,0.0,0.0,3.0,0.0,0.0,0.0,0.0,0.0,
ITA-Serie A,1819,2018-08-19 Parma-Udinese,Parma,Luigi Sepe,True,Goalkeeper,1,start,end,1.0,0.0,0.0,0.0,0.0,0.0,0.0,2.0,2.0,0.0,0.0,0.0,0.0,0.0,
ITA-Serie A,1819,2018-08-19 Parma-Udinese,Udinese,Simone Scuffet,False,Goalkeeper,1,start,end,1.0,0.0,0.0,0.0,0.0,0.0,0.0,2.0,2.0,0.0,0.0,0.0,0.0,0.0,
ITA-Serie A,1819,2018-08-19 Sassuolo-Internazionale,Internazionale,Samir Handanovic,False,Goalkeeper,1,start,end,1.0,0.0,0.0,0.0,0.0,0.0,0.0,1.0,1.0,0.0,0.0,0.0,0.0,0.0,
ITA-Serie A,1819,2018-08-19 Sassuolo-Internazionale,Sassuolo,Andrea Consigli,True,Goalkeeper,1,start,end,1.0,0.0,0.0,0.0,0.0,0.0,0.0,0.0,3.0,0.0,0.0,0.0,0.0,0.0,
ITA-Serie A,1819,2018-08-19 Torino-AS Roma,AS Roma,Robin Olsen,False,Goalkeeper,1,start,end,1.0,0.0,0.0,0.0,0.0,0.0,0.0,0.0,4.0,0.0,0.0,0.0,0.0,0.0,
ITA-Serie A,1819,2018-08-19 Torino-AS Roma,Torino,Salvatore Sirigu,True,Goalkeeper,1,start,end,1.0,0.0,0.0,0.0,0.0,0.0,0.0,1.0,4.0,0.0,0.0,0.0,0.0,0.0,
ITA-Serie A,1819,2018-08-20 Atalanta-Frosinone,Atalanta,Pierluigi Gollini,True,Goalkeeper,1,start,end,1.0,0.0,0.0,0.0,0.0,0.0,0.0,0.0,0.0,0.0,0.0,0.0,0.0,0.0,
ITA-Serie A,1819,2018-08-20 Atalanta-Frosinone,Frosinone,Marco Sportiello,False,Goalkeeper,1,start,end,1.0,0.0,0.0,0.0,0.0,0.0,0.0,4.0,5.0,0.0,0.0,0.0,0.0,0.0,
ITA-Serie A,1819,2018-08-25 Juventus-Lazio,Juventus,Wojciech Szczesny,True,Goalkeeper,1,start,end,1.0,0.0,0.0,0.0,0.0,0.0,0.0,0.0,2.0,0.0,0.0,0.0,0.0,0.0,
ITA-Serie A,1819,2018-08-25 Juventus-Lazio,Lazio,Thomas Strakosha,False,Goalkeeper,1,start,end,1.0,0.0,0.0,0.0,0.0,0.0,0.0,2.0,5.0,0.0,0.0,0.0,0.0,0.0,
ITA-Serie A,1819,2018-08-25 Napoli-AC Milan,AC Milan,Gianluigi Donnarumma,False,Goalkeeper,1,start,end,1.0,0.0,0.0,0.0,0.0,0.0,0.0,3.0,5.0,0.0,0.0,0.0,0.0,0.0,
ITA-Serie A,1819,2018-08-25 Napoli-AC Milan,Napoli,David Ospina,True,Goalkeeper,1,start,end,1.0,0.0,0.0,0.0,0.0,0.0,0.0,2.0,0.0,0.0,0.0,0.0,0.0,0.0,
ITA-Serie A,1819,2018-08-26 Cagliari-Sassuolo,Cagliari,Alessio Cragno,True,Goalkeeper,1,start,end,1.0,0.0,0.0,0.0,0.0,0.0,0.0,2.0,3.0,0.0,0.0,0.0,0.0,0.0,
ITA-Serie A,1819,2018-08-26 Cagliari-Sassuolo,Sassuolo,Andrea Consigli,False,Goalkeeper,1,start,end,1.0,0.0,0.0,0.0,0.0,0.0,0.0,2.0,4.0,0.0,0.0,0.0,0.0,0.0,
ITA-Serie A,1819,2018-08-26 Fiorentina-Chievo Verona,Chievo Verona,Andrea Seculin,False,Goalkeeper,1,start,end,1.0,0.0,0.0,0.0,0.0,0.0,0.0,6.0,0.0,16.0,0.0,0.0,0.0,0.0,
ITA-Serie A,1819,2018-08-26 Fiorentina-Chievo Verona,Fiorentina,Alban Lafont,True,Goalkeeper,1,start,end,1.0,0.0,0.0,0.0,0.0,0.0,0.0,1.0,0.0,8.0,0.0,0.0,0.0,0.0,
ITA-Serie A,1819,2018-08-26 Frosinone-Bologna,Bologna,Lukasz Skorupski,False,Goalkeeper,1,start,end,1.0,0.0,0.0,0.0,0.0,0.0,0.0,0.0,4.0,0.0,0.0,0.0,0.0,0.0,
ITA-Serie A,1819,2018-08-26 Frosinone-Bologna,Frosinone,Marco Sportiello,True,Goalkeeper,1,start,end,1.0,0.0,0.0,0.0,0.0,0.0,0.0,0.0,3.0,0.0,0.0,0.0,0.0,0.0,
ITA-Serie A,1819,2018-08-26 Genoa-Empoli,Empoli,Pietro Terracciano,False,Goalkeeper,1,start,end,1.0,0.0,0.0,0.0,0.0,0.0,0.0,2.0,1.0,0.0,0.0,0.0,0.0,0.0,
ITA-Serie A,1819,2018-08-26 Genoa-Empoli,Genoa,Federico Marchetti,True,Goalkeeper,1,start,end,1.0,0.0,0.0,0.0,0.0,0.0,0.0,1.0,3.0,0.0,0.0,0.0,0.0,0.0,
ITA-Serie A,1819,2018-08-26 Internazionale-Torino,Internazionale,Samir Handanovic,True,Goalkeeper,1,start,end,1.0,0.0,0.0,0.0,0.0,0.0,0.0,2.0,4.0,0.0,0.0,0.0,0.0,0.0,
ITA-Serie A,1819,2018-08-26 Internazionale-Torino,Torino,Salvatore Sirigu,False,Goalkeeper,1,start,end,1.0,0.0,1.0,0.0,0.0,0.0,0.0,2.0,3.0,0.0,0.0,0.0,0.0,0.0,
ITA-Serie A,1819,2018-08-26 SPAL-Parma,Parma,Luigi Sepe,False,Goalkeeper,1,start,end,1.0,0.0,0.0,0.0,0.0,0.0,0.0,1.0,4.0,0.0,0.0,0.0,0.0,0.0,
ITA-Serie A,1819,2018-08-26 SPAL-Parma,SPAL,Alfred Gomis,True,Goalkeeper,1,start,end,1.0,0.0,0.0,0.0,0.0,0.0,0.0,0.0,0.0,0.0,0.0,0.0,0.0,0.0,
ITA-Serie A,1819,2018-08-26 Udinese-Sampdoria,Sampdoria,Emil Audero,False,Goalkeeper,1,start,end,1.0,0.0,0.0,0.0,0.0,0.0,0.0,1.0,5.0,0.0,0.0,0.0,0.0,0.0,
ITA-Serie A,1819,2018-08-26 Udinese-Sampdoria,Udinese,Simone Scuffet,True,Goalkeeper,1,start,end,1.0,0.0,0.0,0.0,0.0,0.0,0.0,0.0,3.0,0.0,0.0,0.0,0.0,0.0,
ITA-Serie A,1819,2018-08-27 AS Roma-Atalanta,AS Roma,Robin Olsen,True,Goalkeeper,1,start,end,1.0,0.0,0.0,0.0,0.0,0.0,0.0,3.0,2.0,0.0,0.0,0.0,0.0,0.0,
ITA-Serie A,1819,2018-08-27 AS Roma-Atalanta,Atalanta,Pierluigi Gollini,False,Goalkeeper,1,start,end,1.0,0.0,0.0,0.0,0.0,0.0,0.0,3.0,7.0,0.0,0.0,0.0,0.0,0.0,
ITA-Serie A,1819,2018-08-31 AC Milan-AS Roma,AC Milan,Gianluigi Donnarumma,True,Goalkeeper,1,start,end,1.0,0.0,0.0,0.0,0.0,0.0,0.0,1.0,1.0,0.0,0.0,0.0,0.0,0.0,
ITA-Serie A,1819,2018-08-31 AC Milan-AS Roma,AS Roma,Robin Olsen,False,Goalkeeper,1,start,end,1.0,0.0,0.0,0.0,0.0,0.0,0.0,2.0,8.0,0.0,0.0,0.0,0.0,0.0,
ITA-Serie A,1819,2018-09-01 Bologna-Internazionale,Bologna,Lukasz Skorupski,True,Goalkeeper,1,start,end,1.0,0.0,0.0,0.0,0.0,0.0,0.0,3.0,0.0,0.0,0.0,0.0,0.0,0.0,
ITA-Serie A,1819,2018-09-01 Bologna-Internazionale,Internazionale,Samir Handanovic,False,Goalkeeper,1,start,end,1.0,0.0,1.0,0.0,0.0,0.0,0.0,0.0,1.0,0.0,0.0,0.0,0.0,0.0,
ITA-Serie A,1819,2018-09-01 Parma-Juventus,Juventus,Wojciech Szczesny,False,Goalkeeper,1,start,end,1.0,0.0,0.0,0.0,0.0,0.0,0.0,1.0,3.0,0.0,0.0,0.0,0.0,0.0,
ITA-Serie A,1819,2018-09-01 Parma-Juventus,Parma,Luigi Sepe,True,Goalkeeper,1,start,end,1.0,0.0,0.0,0.0,0.0,0.0,0.0,2.0,4.0,0.0,0.0,0.0,0.0,0.0,
ITA-Serie A,1819,2018-09-02 Atalanta-Cagliari,Atalanta,Etrit Berisha,True,Goalkeeper,1,start,end,1.0,0.0,0.0,0.0,0.0,0.0,0.0,1.0,2.0,0.0,0.0,0.0,0.0,0.0,
ITA-Serie A,1819,2018-09-02 Atalanta-Cagliari,Cagliari,Alessio Cragno,False,Goalkeeper,1,start,end,1.0,0.0,0.0,0.0,0.0,0.0,0.0,0.0,2.0,0.0,0.0,0.0,0.0,0.0,
ITA-Serie A,1819,2018-09-02 Chievo Verona-Empoli,Chievo Verona,Stefano Sorrentino,True,Goalkeeper,1,start,end,1.0,0.0,0.0,0.0,0.0,0.0,0.0,0.0,2.0,0.0,0.0,0.0,0.0,0.0,
ITA-Serie A,1819,2018-09-02 Chievo Verona-Empoli,Empoli,Pietro Terracciano,False,Goalkeeper,1,start,end,1.0,0.0,0.0,0.0,0.0,0.0,0.0,0.0,3.0,0.0,0.0,0.0,0.0,0.0,
ITA-Serie A,1819,2018-09-02 Fiorentina-Udinese,Fiorentina,Alban Lafont,True,Goalkeeper,1,start,45,1.0,0.0,0.0,0.0,0.0,0.0,0.0,0.0,1.0,0.0,0.0,0.0,0.0,0.0,
ITA-Serie A,1819,2018-09-02 Fiorentina-Udinese,Udinese,Simone Scuffet,False,Goalkeeper,1,start,end,1.0,0.0,0.0,0.0,0.0,0.0,0.0,1.0,2.0,0.0,0.0,0.0,0.0,0.0,
ITA-Serie A,1819,2018-09-02 Lazio-Frosinone,Frosinone,Marco Sportiello,False,Goalkeeper,1,start,end,1.0,0.0,0.0,0.0,0.0,0.0,0.0,1.0,4.0,0.0,0.0,0.0,0.0,0.0,
ITA-Serie A,1819,2018-09-02 Lazio-Frosinone,Lazio,Thomas Strakosha,True,Goalkeeper,1,start,end,1.0,0.0,0.0,0.0,0.0,0.0,0.0,0.0,2.0,0.0,0.0,0.0,0.0,0.0,
ITA-Serie A,1819,2018-09-02 Sampdoria-Napoli,Napoli,David Ospina,False,Goalkeeper,1,start,end,1.0,0.0,1.0,0.0,0.0,0.0,0.0,3.0,0.0,0.0,0.0,0.0,0.0,0.0,
ITA-Serie A,1819,2018-09-02 Sampdoria-Napoli,Sampdoria,Emil Audero,True,Goalkeeper,1,start,end,1.0,0.0,1.0,0.0,0.0,0.0,0.0,0.0,4.0,0.0,0.0,0.0,0.0,0.0,
ITA-Serie A,1819,2018-09-02 Sassuolo-Genoa,Genoa,Federico Marchetti,False,Goalkeeper,1,start,end,1.0,0.0,0.0,0.0,0.0,0.0,0.0,5.0,3.0,0.0,0.0,0.0,0.0,0.0,
ITA-Serie A,1819,2018-09-02 Sassuolo-Genoa,Sassuolo,Andrea Consigli,True,Goalkeeper,1,start,end,1.0,0.0,0.0,0.0,0.0,0.0,0.0,3.0,2.0,0.0,0.0,0.0,0.0,0.0,
ITA-Serie A,1819,2018-09-02 Torino-SPAL,SPAL,Alfred Gomis,False,Goalkeeper,1,start,end,1.0,0.0,0.0,0.0,0.0,0.0,0.0,1.0,5.0,0.0,0.0,0.0,0.0,0.0,
ITA-Serie A,1819,2018-09-02 Torino-SPAL,Torino,Salvatore Sirigu,True,Goalkeeper,1,start,end,1.0,0.0,0.0,0.0,0.0,0.0,0.0,0.0,2.0,0.0,0.0,0.0,0.0,0.0,
ITA-Serie A,1819,2018-09-15 Frosinone-Sampdoria,Frosinone,Marco Sportiello,True,Goalkeeper,1,start,end,1.0,0.0,0.0,0.0,0.0,0.0,0.0,5.0,2.0,0.0,0.0,0.0,0.0,0.0,
ITA-Serie A,1819,2018-09-15 Frosinone-Sampdoria,Sampdoria,Emil Audero,False,Goalkeeper,1,start,end,1.0,0.0,0.0,0.0,0.0,0.0,0.0,0.0,3.0,0.0,0.0,0.0,0.0,0.0,
ITA-Serie A,1819,2018-09-15 Internazionale-Parma,Internazionale,Samir Handanovic,True,Goalkeeper,1,start,end,1.0,0.0,1.0,0.0,0.0,0.0,0.0,1.0,4.0,0.0,0.0,0.0,0.0,0.0,
ITA-Serie A,1819,2018-09-15 Internazionale-Parma,Parma,Luigi Sepe,False,Goalkeeper,1,start,end,1.0,0.0,0.0,0.0,0.0,0.0,0.0,0.0,7.0,0.0,0.0,0.0,0.0,0.0,
ITA-Serie A,1819,2018-09-15 Napoli-Fiorentina,Fiorentina,Bartlomiej Dragowski,False,Goalkeeper,1,start,end,1.0,0.0,1.0,0.0,0.0,0.0,0.0,1.0,3.0,0.0,0.0,0.0,0.0,0.0,
ITA-Serie A,1819,2018-09-15 Napoli-Fiorentina,Napoli,Orestis Karnezis,True,Goalkeeper,1,start,end,1.0,0.0,0.0,0.0,0.0,0.0,0.0,0.0,1.0,0.0,0.0,0.0,0.0,0.0,
ITA-Serie A,1819,2018-09-16 AS Roma-Chievo Verona,AS Roma,Robin Olsen,True,Goalkeeper,1,start,end,1.0,0.0,0.0,0.0,0.0,0.0,0.0,2.0,4.0,0.0,0.0,0.0,0.0,0.0,
ITA-Serie A,1819,2018-09-16 AS Roma-Chievo Verona,Chievo Verona,Stefano Sorrentino,False,Goalkeeper,1,start,end,1.0,0.0,0.0,0.0,0.0,0.0,0.0,2.0,7.0,0.0,0.0,0.0,0.0,0.0,
ITA-Serie A,1819,2018-09-16 Cagliari-AC Milan,AC Milan,Gianluigi Donnarumma,False,Goalkeeper,1,start,end,1.0,0.0,0.0,0.0,0.0,0.0,0.0,1.0,1.0,0.0,0.0,0.0,0.0,0.0,
ITA-Serie A,1819,2018-09-16 Cagliari-AC Milan,Cagliari,Alessio Cragno,True,Goalkeeper,1,start,end,1.0,0.0,0.0,0.0,0.0,0.0,0.0,1.0,5.0,0.0,0.0,0.0,0.0,0.0,
ITA-Serie A,1819,2018-09-16 Empoli-Lazio,Empoli,Pietro Terracciano,True,Goalkeeper,1,start,end,1.0,0.0,0.0,0.0,0.0,0.0,0.0,1.0,2.0,0.0,0.0,0.0,0.0,0.0,
ITA-Serie A,1819,2018-09-16 Empoli-Lazio,Lazio,Thomas Strakosha,False,Goalkeeper,1,start,end,1.0,0.0,0.0,0.0,0.0,0.0,0.0,0.0,3.0,0.0,0.0,0.0,0.0,0.0,
ITA-Serie A,1819,2018-09-16 Genoa-Bologna,Bologna,Lukasz Skorupski,False,Goalkeeper,1,start,end,1.0,0.0,0.0,0.0,0.0,0.0,1.0,1.0,3.0,0.0,0.0,0.0,0.0,0.0,
ITA-Serie A,1819,2018-09-16 Genoa-Bologna,Genoa,Federico Marchetti,True,Goalkeeper,1,start,end,1.0,0.0,0.0,0.0,0.0,0.0,1.0,0.0,0.0,0.0,0.0,0.0,0.0,0.0,
ITA-Serie A,1819,2018-09-16 Juventus-Sassuolo,Juventus,Wojciech Szczesny,True,Goalkeeper,1,start,end,1.0,0.0,0.0,0.0,0.0,0.0,0.0,1.0,4.0,0.0,0.0,0.0,0.0,0.0,
ITA-Serie A,1819,2018-09-16 Juventus-Sassuolo,Sassuolo,Andrea Consigli,False,Goalkeeper,1,start,end,1.0,0.0,0.0,0.0,0.0,0.0,0.0,2.0,3.0,0.0,0.0,0.0,0.0,0.0,
ITA-Serie A,1819,2018-09-16 Udinese-Torino,Torino,Salvatore Sirigu,False,Goalkeeper,1,start,end,1.0,0.0,0.0,0.0,0.0,0.0,0.0,1.0,0.0,0.0,0.0,0.0,0.0,0.0,
ITA-Serie A,1819,2018-09-16 Udinese-Torino,Udinese,Simone Scuffet,True,Goalkeeper,1,start,end,1.0,0.0,0.0,0.0,0.0,0.0,0.0,1.0,3.0,0.0,0.0,0.0,0.0,0.0,
ITA-Serie A,1819,2018-09-17 SPAL-Atalanta,Atalanta,Pierluigi Gollini,False,Goalkeeper,1,start,end,1.0,0.0,0.0,0.0,0.0,0.0,0.0,2.0,3.0,0.0,0.0,0.0,0.0,0.0,
ITA-Serie A,1819,2018-09-17 SPAL-Atalanta,SPAL,Alfred Gomis,True,Goalkeeper,1,start,end,1.0,0.0,0.0,0.0,0.0,0.0,0.0,0.0,1.0,0.0,0.0,0.0,0.0,0.0,
ITA-Serie A,1819,2018-09-19 Sampdoria-Fiorentina,Fiorentina,Bartlomiej Dragowski,False,Goalkeeper,1,start,end,1.0,0.0,0.0,0.0,0.0,0.0,0.0,1.0,3.0,0.0,0.0,0.0,0.0,0.0,
ITA-Serie A,1819,2018-09-19 Sampdoria-Fiorentina,Sampdoria,Emil Audero,True,Goalkeeper,1,start,end,1.0,0.0,0.0,0.0,0.0,0.0,0.0,1.0,8.0,0.0,0.0,0.0,0.0,0.0,
ITA-Serie A,1819,2018-09-21 Sassuolo-Empoli,Empoli,Pietro Terracciano,False,Goalkeeper,1,start,end,1.0,0.0,0.0,0.0,0.0,0.0,0.0,3.0,4.0,0.0,0.0,0.0,0.0,0.0,
ITA-Serie A,1819,2018-09-21 Sassuolo-Empoli,Sassuolo,Andrea Consigli,True,Goalkeeper,1,start,end,1.0,0.0,0.0,0.0,0.0,0.0,0.0,1.0,1.0,0.0,0.0,0.0,0.0,0.0,
ITA-Serie A,1819,2018-09-22 Fiorentina-SPAL,Fiorentina,Alban Lafont,True,Goalkeeper,1,start,end,1.0,0.0,0.0,0.0,0.0,0.0,0.0,0.0,2.0,0.0,0.0,0.0,0.0,0.0,
ITA-Serie A,1819,2018-09-22 Fiorentina-SPAL,SPAL,Alfred Gomis,False,Goalkeeper,1,start,end,1.0,0.0,0.0,0.0,0.0,0.0,0.0,3.0,2.0,0.0,0.0,0.0,0.0,0.0,
ITA-Serie A,1819,2018-09-22 Parma-Cagliari,Cagliari,Alessio Cragno,False,Goalkeeper,1,start,end,1.0,0.0,0.0,0.0,0.0,0.0,0.0,2.0,4.0,0.0,0.0,0.0,0.0,0.0,
ITA-Serie A,1819,2018-09-22 Parma-Cagliari,Parma,Luigi Sepe,True,Goalkeeper,1,start,end,1.0,0.0,0.0,0.0,0.0,0.0,0.0,0.0,2.0,0.0,0.0,0.0,0.0,0.0,
ITA-Serie A,1819,2018-09-22 Sampdoria-Internazionale,Internazionale,Samir Handanovic,False,Goalkeeper,1,start,end,1.0,0.0,0.0,0.0,0.0,0.0,0.0,0.0,3.0,0.0,0.0,0.0,0.0,0.0,
ITA-Serie A,1819,2018-09-22 Sampdoria-Internazionale,Sampdoria,Emil Audero,True,Goalkeeper,1,start,end,1.0,0.0,0.0,0.0,0.0,0.0,0.0,1.0,2.0,0.0,0.0,0.0,0.0,0.0,
ITA-Serie A,1819,2018-09-23 AC Milan-Atalanta,AC Milan,Gianluigi Donnarumma,True,Goalkeeper,1,start,end,1.0,0.0,0.0,0.0,0.0,0.0,0.0,2.0,3.0,0.0,0.0,0.0,0.0,0.0,
ITA-Serie A,1819,2018-09-23 AC Milan-Atalanta,Atalanta,Pierluigi Gollini,False,Goalkeeper,1,start,end,1.0,0.0,1.0,0.0,0.0,0.0,0.0,2.0,3.0,0.0,0.0,0.0,0.0,0.0,
ITA-Serie A,1819,2018-09-23 Bologna-AS Roma,AS Roma,Robin Olsen,False,Goalkeeper,1,start,end,1.0,0.0,0.0,0.0,0.0,0.0,0.0,2.0,0.0,0.0,0.0,0.0,0.0,0.0,
ITA-Serie A,1819,2018-09-23 Bologna-AS Roma,Bologna,Lukasz Skorupski,True,Goalkeeper,1,start,end,1.0,0.0,0.0,0.0,0.0,0.0,0.0,0.0,8.0,0.0,0.0,0.0,0.0,0.0,
ITA-Serie A,1819,2018-09-23 Chievo Verona-Udinese,Chievo Verona,Stefano Sorrentino,True,Goalkeeper,1,start,end,1.0,0.0,0.0,0.0,0.0,0.0,0.0,2.0,3.0,0.0,0.0,0.0,0.0,0.0,
ITA-Serie A,1819,2018-09-23 Chievo Verona-Udinese,Udinese,Simone Scuffet,False,Goalkeeper,1,start,end,1.0,0.0,0.0,0.0,0.0,0.0,0.0,0.0,5.0,0.0,0.0,0.0,0.0,0.0,
ITA-Serie A,1819,2018-09-23 Frosinone-Juventus,Frosinone,Marco Sportiello,True,Goalkeeper,1,start,end,1.0,0.0,0.0,0.0,0.0,0.0,1.0,2.0,5.0,0.0,0.0,0.0,0.0,0.0,
ITA-Serie A,1819,2018-09-23 Frosinone-Juventus,Juventus,Wojciech Szczesny,False,Goalkeeper,1,start,end,1.0,0.0,0.0,0.0,0.0,0.0,0.0,0.0,0.0,0.0,0.0,0.0,0.0,0.0,
ITA-Serie A,1819,2018-09-23 Lazio-Genoa,Genoa,Federico Marchetti,False,Goalkeeper,1,start,end,1.0,0.0,0.0,0.0,0.0,0.0,0.0,4.0,3.0,0.0,0.0,0.0,0.0,0.0,
ITA-Serie A,1819,2018-09-23 Lazio-Genoa,Lazio,Thomas Strakosha,True,Goalkeeper,1,start,end,1.0,0.0,0.0,0.0,0.0,0.0,0.0,1.0,3.0,0.0,0.0,0.0,0.0,0.0,
ITA-Serie A,1819,2018-09-23 Torino-Napoli,Napoli,David Ospina,False,Goalkeeper,1,start,end,1.0,0.0,1.0,0.0,0.0,0.0,0.0,1.0,1.0,0.0,0.0,0.0,0.0,0.0,
ITA-Serie A,1819,2018-09-23 Torino-Napoli,Torino,Salvatore Sirigu,True,Goalkeeper,1,start,end,1.0,0.0,0.0,0.0,0.0,0.0,0.0,3.0,3.0,0.0,0.0,0.0,0.0,0.0,
ITA-Serie A,1819,2018-09-25 Internazionale-Fiorentina,Fiorentina,Alban Lafont,False,Goalkeeper,1,start,end,1.0,0.0,0.0,0.0,0.0,0.0,0.0,2.0,1.0,0.0,0.0,0.0,0.0,0.0,
ITA-Serie A,1819,2018-09-25 Internazionale-Fiorentina,Internazionale,Samir Handanovic,True,Goalkeeper,1,start,end,1.0,0.0,1.0,0.0,0.0,0.0,0.0,1.0,4.0,0.0,0.0,0.0,0.0,0.0,
ITA-Serie A,1819,2018-09-26 AS Roma-Frosinone,AS Roma,Robin Olsen,True,Goalkeeper,1,start,end,1.0,0.0,0.0,0.0,0.0,0.0,0.0,0.0,1.0,0.0,0.0,0.0,0.0,0.0,
ITA-Serie A,1819,2018-09-26 AS Roma-Frosinone,Frosinone,Marco Sportiello,False,Goalkeeper,1,start,end,1.0,0.0,0.0,0.0,0.0,0.0,0.0,4.0,6.0,0.0,0.0,0.0,0.0,0.0,
ITA-Serie A,1819,2018-09-26 Atalanta-Torino,Atalanta,Etrit Berisha,True,Goalkeeper,1,start,end,1.0,0.0,0.0,0.0,0.0,0.0,0.0,0.0,0.0,0.0,0.0,0.0,0.0,0.0,
ITA-Serie A,1819,2018-09-26 Atalanta-Torino,Torino,Salvatore Sirigu,False,Goalkeeper,1,start,end,1.0,0.0,0.0,0.0,0.0,0.0,0.0,0.0,3.0,0.0,0.0,0.0,0.0,0.0,
ITA-Serie A,1819,2018-09-26 Cagliari-Sampdoria,Cagliari,Alessio Cragno,True,Goalkeeper,1,start,end,1.0,0.0,0.0,0.0,0.0,0.0,0.0,0.0,3.0,0.0,0.0,0.0,0.0,0.0,
ITA-Serie A,1819,2018-09-26 Cagliari-Sampdoria,Sampdoria,Emil Audero,False,Goalkeeper,1,start,end,1.0,0.0,0.0,0.0,0.0,0.0,0.0,0.0,1.0,0.0,0.0,0.0,0.0,0.0,
ITA-Serie A,1819,2018-09-26 Genoa-Chievo Verona,Chievo Verona,Stefano Sorrentino,False,Goalkeeper,1,start,end,1.0,0.0,0.0,0.0,0.0,0.0,0.0,2.0,2.0,0.0,0.0,0.0,0.0,0.0,
ITA-Serie A,1819,2018-09-26 Genoa-Chievo Verona,Genoa,Andrei Radu,True,Goalkeeper,1,start,end,1.0,0.0,0.0,0.0,0.0,0.0,0.0,0.0,2.0,0.0,0.0,0.0,0.0,0.0,
ITA-Serie A,1819,2018-09-26 Juventus-Bologna,Bologna,Lukasz Skorupski,False,Goalkeeper,1,start,end,1.0,0.0,0.0,0.0,0.0,0.0,0.0,2.0,6.0,0.0,0.0,0.0,0.0,0.0,
ITA-Serie A,1819,2018-09-26 Juventus-Bologna,Juventus,Mattia Perin,True,Goalkeeper,1,start,end,1.0,0.0,0.0,0.0,0.0,0.0,0.0,0.0,2.0,0.0,0.0,0.0,0.0,0.0,
ITA-Serie A,1819,2018-09-26 Napoli-Parma,Napoli,Orestis Karnezis,True,Goalkeeper,1,start,end,1.0,0.0,0.0,0.0,0.0,0.0,0.0,0.0,0.0,0.0,0.0,0.0,0.0,0.0,
ITA-Serie A,1819,2018-09-26 Napoli-Parma,Parma,Luigi Sepe,False,Goalkeeper,1,start,end,1.0,0.0,0.0,0.0,0.0,0.0,0.0,3.0,4.0,0.0,0.0,0.0,0.0,0.0,
ITA-Serie A,1819,2018-09-26 Udinese-Lazio,Lazio,Thomas Strakosha,False,Goalkeeper,1,start,end,1.0,0.0,0.0,0.0,0.0,0.0,1.0,1.0,5.0,0.0,0.0,0.0,0.0,0.0,
ITA-Serie A,1819,2018-09-26 Udinese-Lazio,Udinese,Simone Scuffet,True,Goalkeeper,1,start,end,1.0,0.0,0.0,0.0,0.0,0.0,0.0,2.0,0.0,0.0,0.0,0.0,0.0,0.0,
ITA-Serie A,1819,2018-09-27 Empoli-AC Milan,AC Milan,Gianluigi Donnarumma,False,Goalkeeper,1,start,end,1.0,0.0,0.0,0.0,0.0,0.0,0.0,1.0,2.0,0.0,0.0,0.0,0.0,0.0,
ITA-Serie A,1819,2018-09-27 Empoli-AC Milan,Empoli,Pietro Terracciano,True,Goalkeeper,1,start,end,1.0,0.0,0.0,0.0,0.0,0.0,0.0,1.0,10.0,0.0,0.0,0.0,0.0,0.0,
ITA-Serie A,1819,2018-09-27 SPAL-Sassuolo,SPAL,Alfred Gomis,True,Goalkeeper,1,start,end,1.0,0.0,0.0,0.0,0.0,0.0,0.0,2.0,4.0,0.0,0.0,0.0,0.0,0.0,
ITA-Serie A,1819,2018-09-27 SPAL-Sassuolo,Sassuolo,Andrea Consigli,False,Goalkeeper,1,start,end,1.0,0.0,0.0,0.0,0.0,0.0,0.0,0.0,2.0,0.0,0.0,0.0,0.0,0.0,
ITA-Serie A,1819,2018-09-29 AS Roma-Lazio,AS Roma,Robin Olsen,True,Goalkeeper,1,start,end,1.0,0.0,1.0,0.0,0.0,0.0,1.0,1.0,3.0,0.0,0.0,0.0,0.0,0.0,
ITA-Serie A,1819,2018-09-29 AS Roma-Lazio,Lazio,Thomas Strakosha,False,Goalkeeper,1,start,end,1.0,0.0,0.0,0.0,0.0,0.0,0.0,3.0,4.0,0.0,0.0,0.0,0.0,0.0,
ITA-Serie A,1819,2018-09-29 Internazionale-Cagliari,Cagliari,Alessio Cragno,False,Goalkeeper,1,start,end,1.0,0.0,0.0,0.0,0.0,0.0,0.0,2.0,4.0,0.0,0.0,0.0,0.0,0.0,
ITA-Serie A,1819,2018-09-29 Internazionale-Cagliari,Internazionale,Samir Handanovic,True,Goalkeeper,1,start,end,1.0,0.0,1.0,0.0,0.0,0.0,0.0,0.0,2.0,0.0,0.0,0.0,0.0,0.0,
ITA-Serie A,1819,2018-09-29 Juventus-Napoli,Juventus,Wojciech Szczesny,True,Goalkeeper,1,start,end,1.0,0.0,0.0,0.0,0.0,0.0,0.0,1.0,3.0,0.0,0.0,0.0,0.0,0.0,
ITA-Serie A,1819,2018-09-29 Juventus-Napoli,Napoli,David Ospina,False,Goalkeeper,1,start,end,1.0,0.0,0.0,0.0,0.0,0.0,0.0,3.0,6.0,0.0,0.0,0.0,0.0,0.0,
ITA-Serie A,1819,2018-09-30 Bologna-Udinese,Bologna,Lukasz Skorupski,True,Goalkeeper,1,start,end,1.0,0.0,0.0,0.0,0.0,0.0,0.0,1.0,1.0,0.0,0.0,0.0,0.0,0.0,
ITA-Serie A,1819,2018-09-30 Bologna-Udinese,Udinese,Simone Scuffet,False,Goalkeeper,1,start,end,1.0,0.0,0.0,0.0,0.0,0.0,0.0,2.0,4.0,0.0,0.0,0.0,0.0,0.0,
ITA-Serie A,1819,2018-09-30 Chievo Verona-Torino,Chievo Verona,Stefano Sorrentino,True,Goalkeeper,1,start,end,1.0,0.0,0.0,0.0,0.0,0.0,0.0,1.0,4.0,0.0,0.0,0.0,0.0,0.0,
ITA-Serie A,1819,2018-09-30 Chievo Verona-Torino,Torino,Salvatore Sirigu,False,Goalkeeper,1,start,end,1.0,0.0,0.0,0.0,0.0,0.0,0.0,0.0,1.0,0.0,0.0,0.0,0.0,0.0,
ITA-Serie A,1819,2018-09-30 Fiorentina-Atalanta,Atalanta,Pierluigi Gollini,False,Goalkeeper,1,start,end,1.0,0.0,0.0,0.0,0.0,0.0,0.0,2.0,2.0,0.0,0.0,0.0,0.0,0.0,
ITA-Serie A,1819,2018-09-30 Fiorentina-Atalanta,Fiorentina,Alban Lafont,True,Goalkeeper,1,start,end,1.0,0.0,0.0,0.0,0.0,0.0,1.0,0.0,3.0,0.0,0.0,0.0,0.0,0.0,
ITA-Serie A,1819,2018-09-30 Frosinone-Genoa,Frosinone,Marco Sportiello,True,Goalkeeper,1,start,end,1.0,0.0,0.0,0.0,0.0,0.0,0.0,2.0,2.0,0.0,0.0,0.0,0.0,0.0,
ITA-Serie A,1819,2018-09-30 Frosinone-Genoa,Genoa,Andrei Radu,False,Goalkeeper,1,start,end,1.0,0.0,0.0,0.0,0.0,0.0,0.0,1.0,3.0,0.0,0.0,0.0,0.0,0.0,
ITA-Serie A,1819,2018-09-30 Parma-Empoli,Empoli,Pietro Terracciano,False,Goalkeeper,1,start,end,1.0,0.0,0.0,0.0,0.0,0.0,0.0,1.0,2.0,0.0,0.0,0.0,0.0,0.0,
ITA-Serie A,1819,2018-09-30 Parma-Empoli,Parma,Luigi Sepe,True,Goalkeeper,1,start,end,1.0,0.0,0.0,0.0,0.0,0.0,0.0,0.0,2.0,0.0,0.0,0.0,0.0,0.0,
ITA-Serie A,1819,2018-09-30 Sassuolo-AC Milan,AC Milan,Gianluigi Donnarumma,False,Goalkeeper,1,start,end,1.0,0.0,0.0,0.0,0.0,0.0,0.0,1.0,1.0,0.0,0.0,0.0,0.0,0.0,
ITA-Serie A,1819,2018-09-30 Sassuolo-AC Milan,Sassuolo,Andrea Consigli,True,Goalkeeper,1,start,end,1.0,0.0,0.0,0.0,0.0,0.0,0.0,4.0,3.0,0.0,0.0,0.0,0.0,0.0,
ITA-Serie A,1819,2018-10-01 Sampdoria-SPAL,SPAL,Alfred Gomis,False,Goalkeeper,1,start,end,1.0,0.0,0.0,0.0,0.0,0.0,0.0,2.0,7.0,0.0,0.0,0.0,0.0,0.0,
ITA-Serie A,1819,2018-10-01 Sampdoria-SPAL,Sampdoria,Emil Audero,True,Goalkeeper,1,start,end,1.0,0.0,0.0,0.0,0.0,0.0,0.0,1.0,3.0,0.0,0.0,0.0,0.0,0.0,
ITA-Serie A,1819,2018-10-05 Torino-Frosinone,Frosinone,Marco Sportiello,False,Goalkeeper,1,start,end,1.0,0.0,0.0,0.0,0.0,0.0,0.0,3.0,6.0,0.0,0.0,0.0,0.0,0.0,
ITA-Serie A,1819,2018-10-05 Torino-Frosinone,Torino,Salvatore Sirigu,True,Goalkeeper,1,start,end,1.0,0.0,0.0,0.0,0.0,0.0,1.0,2.0,3.0,0.0,0.0,0.0,0.0,0.0,
ITA-Serie A,1819,2018-10-06 Cagliari-Bologna,Bologna,Lukasz Skorupski,False,Goalkeeper,1,start,end,1.0,0.0,0.0,0.0,0.0,0.0,0.0,2.0,3.0,0.0,0.0,0.0,0.0,0.0,
ITA-Serie A,1819,2018-10-06 Cagliari-Bologna,Cagliari,Alessio Cragno,True,Goalkeeper,1,start,end,1.0,0.0,0.0,0.0,0.0,0.0,0.0,0.0,4.0,0.0,0.0,0.0,0.0,0.0,
ITA-Serie A,1819,2018-10-06 Empoli-AS Roma,AS Roma,Robin Olsen,False,Goalkeeper,1,start,end,1.0,0.0,0.0,0.0,0.0,0.0,0.0,0.0,4.0,0.0,0.0,0.0,0.0,0.0,
ITA-Serie A,1819,2018-10-06 Empoli-AS Roma,Empoli,Pietro Terracciano,True,Goalkeeper,1,start,end,1.0,0.0,0.0,0.0,0.0,0.0,0.0,2.0,1.0,0.0,0.0,0.0,0.0,0.0,
ITA-Serie A,1819,2018-10-06 Udinese-Juventus,Juventus,Wojciech Szczesny,False,Goalkeeper,1,start,end,1.0,0.0,0.0,0.0,0.0,0.0,0.0,0.0,2.0,0.0,0.0,0.0,0.0,0.0,
ITA-Serie A,1819,2018-10-06 Udinese-Juventus,Udinese,Simone Scuffet,True,Goalkeeper,1,start,end,1.0,0.0,1.0,0.0,0.0,0.0,0.0,2.0,6.0,0.0,0.0,0.0,0.0,0.0,
ITA-Serie A,1819,2018-10-07 AC Milan-Chievo Verona,AC Milan,Gianluigi Donnarumma,True,Goalkeeper,1,start,end,1.0,0.0,0.0,0.0,0.0,0.0,0.0,1.0,1.0,0.0,0.0,0.0,0.0,0.0,
ITA-Serie A,1819,2018-10-07 AC Milan-Chievo Verona,Chievo Verona,Stefano Sorrentino,False,Goalkeeper,1,start,end,1.0,0.0,0.0,0.0,0.0,0.0,0.0,3.0,3.0,0.0,0.0,0.0,0.0,0.0,
ITA-Serie A,1819,2018-10-07 Atalanta-Sampdoria,Atalanta,Pierluigi Gollini,True,Goalkeeper,1,start,end,1.0,0.0,0.0,0.0,0.0,0.0,0.0,1.0,2.0,0.0,0.0,0.0,0.0,0.0,
ITA-Serie A,1819,2018-10-07 Atalanta-Sampdoria,Sampdoria,Emil Audero,False,Goalkeeper,1,start,end,1.0,0.0,1.0,0.0,0.0,0.0,0.0,0.0,2.0,0.0,0.0,0.0,0.0,0.0,
ITA-Serie A,1819,2018-10-07 Genoa-Parma,Genoa,Andrei Radu,True,Goalkeeper,1,start,end,1.0,0.0,0.0,0.0,0.0,0.0,0.0,3.0,2.0,0.0,0.0,0.0,0.0,0.0,
ITA-Serie A,1819,2018-10-07 Genoa-Parma,Parma,Luigi Sepe,False,Goalkeeper,1,start,end,1.0,0.0,0.0,0.0,0.0,0.0,0.0,1.0,9.0,0.0,0.0,0.0,0.0,0.0,
ITA-Serie A,1819,2018-10-07 Lazio-Fiorentina,Fiorentina,Alban Lafont,False,Goalkeeper,1,start,end,1.0,0.0,0.0,0.0,0.0,0.0,0.0,1.0,5.0,0.0,0.0,0.0,0.0,0.0,
ITA-Serie A,1819,2018-10-07 Lazio-Fiorentina,Lazio,Thomas Strakosha,True,Goalkeeper,1,start,end,1.0,0.0,0.0,0.0,0.0,0.0,1.0,0.0,5.0,0.0,0.0,0.0,0.0,0.0,
ITA-Serie A,1819,2018-10-07 Napoli-Sassuolo,Napoli,David Ospina,True,Goalkeeper,1,start,end,1.0,0.0,0.0,0.0,0.0,0.0,0.0,0.0,7.0,0.0,0.0,0.0,0.0,0.0,
ITA-Serie A,1819,2018-10-07 Napoli-Sassuolo,Sassuolo,Andrea Consigli,False,Goalkeeper,1,start,end,1.0,0.0,2.0,0.0,0.0,0.0,1.0,2.0,5.0,0.0,0.0,0.0,0.0,0.0,
ITA-Serie A,1819,2018-10-07 SPAL-Internazionale,Internazionale,Samir Handanovic,False,Goalkeeper,1,start,end,1.0,0.0,0.0,0.0,0.0,0.0,0.0,1.0,4.0,0.0,0.0,0.0,0.0,0.0,
ITA-Serie A,1819,2018-10-07 SPAL-Internazionale,SPAL,Alfred Gomis,True,Goalkeeper,1,start,end,1.0,0.0,0.0,0.0,0.0,0.0,0.0,2.0,1.0,0.0,0.0,0.0,0.0,0.0,
ITA-Serie A,1819,2018-10-20 AS Roma-SPAL,AS Roma,Robin Olsen,True,Goalkeeper,1,start,end,1.0,0.0,0.0,0.0,0.0,0.0,0.0,2.0,3.0,0.0,0.0,0.0,0.0,0.0,
ITA-Serie A,1819,2018-10-20 AS Roma-SPAL,SPAL,Vanja Milinkovic-Savic,False,Goalkeeper,1,start,end,1.0,0.0,0.0,0.0,1.0,0.0,0.0,0.0,6.0,0.0,0.0,0.0,0.0,0.0,
ITA-Serie A,1819,2018-10-20 Juventus-Genoa,Genoa,Andrei Radu,False,Goalkeeper,1,start,end,1.0,0.0,0.0,0.0,0.0,0.0,0.0,1.0,2.0,0.0,0.0,0.0,0.0,0.0,
ITA-Serie A,1819,2018-10-20 Juventus-Genoa,Juventus,Wojciech Szczesny,True,Goalkeeper,1,start,end,1.0,0.0,0.0,0.0,0.0,0.0,0.0,1.0,1.0,0.0,0.0,0.0,0.0,0.0,
ITA-Serie A,1819,2018-10-20 Udinese-Napoli,Napoli,Orestis Karnezis,False,Goalkeeper,1,start,end,1.0,0.0,0.0,0.0,0.0,0.0,0.0,0.0,5.0,0.0,0.0,0.0,0.0,0.0,
ITA-Serie A,1819,2018-10-20 Udinese-Napoli,Udinese,Simone Scuffet,True,Goalkeeper,1,start,end,1.0,0.0,0.0,0.0,0.0,0.0,0.0,3.0,1.0,0.0,0.0,0.0,0.0,0.0,
ITA-Serie A,1819,2018-10-21 Bologna-Torino,Bologna,Lukasz Skorupski,True,Goalkeeper,1,start,end,1.0,0.0,0.0,0.0,0.0,0.0,0.0,2.0,4.0,0.0,0.0,0.0,0.0,0.0,
ITA-Serie A,1819,2018-10-21 Bologna-Torino,Torino,Salvatore Sirigu,False,Goalkeeper,1,start,end,1.0,0.0,0.0,0.0,0.0,0.0,0.0,2.0,0.0,0.0,0.0,0.0,0.0,0.0,
ITA-Serie A,1819,2018-10-21 Chievo Verona-Atalanta,Atalanta,Pierluigi Gollini,False,Goalkeeper,1,start,end,1.0,1.0,0.0,0.0,0.0,0.0,0.0,1.0,0.0,0.0,0.0,0.0,0.0,0.0,
ITA-Serie A,1819,2018-10-21 Chievo Verona-Atalanta,Chievo Verona,Stefano Sorrentino,True,Goalkeeper,1,start,end,1.0,0.0,0.0,0.0,0.0,0.0,0.0,5.0,2.0,0.0,0.0,0.0,0.0,0.0,
ITA-Serie A,1819,2018-10-21 Fiorentina-Cagliari,Cagliari,Alessio Cragno,False,Goalkeeper,1,start,end,1.0,0.0,0.0,0.0,0.0,0.0,0.0,1.0,2.0,0.0,0.0,0.0,0.0,0.0,
ITA-Serie A,1819,2018-10-21 Fiorentina-Cagliari,Fiorentina,Alban Lafont,True,Goalkeeper,1,start,end,1.0,0.0,0.0,0.0,0.0,0.0,0.0,1.0,3.0,0.0,0.0,0.0,0.0,0.0,
ITA-Serie A,1819,2018-10-21 Frosinone-Empoli,Empoli,Ivan Provedel,False,Goalkeeper,1,start,end,1.0,0.0,0.0,0.0,0.0,0.0,0.0,3.0,2.0,0.0,0.0,0.0,0.0,0.0,
ITA-Serie A,1819,2018-10-21 Frosinone-Empoli,Frosinone,Marco Sportiello,True,Goalkeeper,1,start,end,1.0,0.0,0.0,0.0,0.0,0.0,0.0,3.0,7.0,0.0,0.0,0.0,0.0,0.0,
ITA-Serie A,1819,2018-10-21 Internazionale-AC Milan,AC Milan,Gianluigi Donnarumma,False,Goalkeeper,1,start,end,1.0,0.0,0.0,0.0,0.0,0.0,0.0,1.0,3.0,0.0,0.0,0.0,0.0,0.0,
ITA-Serie A,1819,2018-10-21 Internazionale-AC Milan,Internazionale,Samir Handanovic,True,Goalkeeper,1,start,end,1.0,0.0,0.0,0.0,0.0,0.0,0.0,0.0,1.0,0.0,0.0,0.0,0.0,0.0,
ITA-Serie A,1819,2018-10-21 Parma-Lazio,Lazio,Thomas Strakosha,False,Goalkeeper,1,start,end,1.0,0.0,0.0,0.0,0.0,0.0,0.0,0.0,1.0,0.0,0.0,0.0,0.0,0.0,
ITA-Serie A,1819,2018-10-21 Parma-Lazio,Parma,Luigi Sepe,True,Goalkeeper,1,start,end,1.0,0.0,0.0,0.0,0.0,0.0,0.0,2.0,7.0,0.0,0.0,0.0,0.0,0.0,
ITA-Serie A,1819,2018-10-22 Sampdoria-Sassuolo,Sampdoria,Emil Audero,True,Goalkeeper,1,start,end,1.0,0.0,0.0,0.0,0.0,0.0,0.0,0.0,0.0,0.0,0.0,0.0,0.0,0.0,
ITA-Serie A,1819,2018-10-22 Sampdoria-Sassuolo,Sassuolo,Andrea Consigli,False,Goalkeeper,1,start,end,1.0,0.0,0.0,0.0,0.0,0.0,0.0,0.0,1.0,0.0,0.0,0.0,0.0,0.0,
ITA-Serie A,1819,2018-10-27 Atalanta-Parma,Atalanta,Etrit Berisha,True,Goalkeeper,1,start,end,1.0,0.0,1.0,0.0,0.0,0.0,0.0,0.0,3.0,0.0,0.0,0.0,0.0,0.0,
ITA-Serie A,1819,2018-10-27 Atalanta-Parma,Parma,Luigi Sepe,False,Goalkeeper,1,start,end,1.0,0.0,0.0,0.0,0.0,0.0,0.0,3.0,10.0,0.0,0.0,0.0,0.0,0.0,
ITA-Serie A,1819,2018-10-27 Empoli-Juventus,Empoli,Ivan Provedel,True,Goalkeeper,1,start,end,1.0,0.0,0.0,0.0,0.0,0.0,0.0,2.0,5.0,0.0,0.0,0.0,0.0,0.0,
ITA-Serie A,1819,2018-10-27 Empoli-Juventus,Juventus,Wojciech Szczesny,False,Goalkeeper,1,start,end,1.0,0.0,0.0,0.0,0.0,0.0,0.0,1.0,1.0,0.0,0.0,0.0,0.0,0.0,
ITA-Serie A,1819,2018-10-27 Torino-Fiorentina,Fiorentina,Alban Lafont,False,Goalkeeper,1,start,end,1.0,0.0,1.0,1.0,0.0,0.0,0.0,1.0,2.0,0.0,0.0,0.0,0.0,0.0,
ITA-Serie A,1819,2018-10-27 Torino-Fiorentina,Torino,Salvatore Sirigu,True,Goalkeeper,1,start,end,1.0,0.0,0.0,0.0,0.0,0.0,0.0,1.0,4.0,0.0,0.0,0.0,0.0,0.0,
ITA-Serie A,1819,2018-10-28 AC Milan-Sampdoria,AC Milan,Gianluigi Donnarumma,True,Goalkeeper,1,start,end,1.0,0.0,0.0,0.0,0.0,0.0,0.0,2.0,0.0,0.0,0.0,0.0,0.0,0.0,
ITA-Serie A,1819,2018-10-28 AC Milan-Sampdoria,Sampdoria,Emil Audero,False,Goalkeeper,1,start,end,1.0,0.0,1.0,0.0,0.0,0.0,0.0,3.0,3.0,0.0,0.0,0.0,0.0,0.0,
ITA-Serie A,1819,2018-10-28 Cagliari-Chievo Verona,Cagliari,Alessio Cragno,True,Goalkeeper,1,start,end,1.0,0.0,0.0,0.0,0.0,0.0,0.0,1.0,2.0,0.0,0.0,0.0,0.0,0.0,
ITA-Serie A,1819,2018-10-28 Cagliari-Chievo Verona,Chievo Verona,Stefano Sorrentino,False,Goalkeeper,1,start,end,1.0,0.0,0.0,0.0,0.0,0.0,0.0,2.0,1.0,0.0,0.0,0.0,0.0,0.0,
ITA-Serie A,1819,2018-10-28 Genoa-Udinese,Genoa,Andrei Radu,True,Goalkeeper,1,start,end,1.0,0.0,0.0,0.0,0.0,0.0,0.0,2.0,2.0,0.0,0.0,0.0,0.0,0.0,
ITA-Serie A,1819,2018-10-28 Genoa-Udinese,Udinese,Juan Musso,False,Goalkeeper,1,start,end,1.0,1.0,0.0,0.0,0.0,0.0,1.0,2.0,3.0,0.0,0.0,0.0,0.0,0.0,
ITA-Serie A,1819,2018-10-28 Napoli-AS Roma,AS Roma,Robin Olsen,False,Goalkeeper,1,start,end,1.0,0.0,0.0,0.0,0.0,0.0,1.0,1.0,4.0,0.0,0.0,0.0,0.0,0.0,
ITA-Serie A,1819,2018-10-28 Napoli-AS Roma,Napoli,David Ospina,True,Goalkeeper,1,start,end,1.0,0.0,0.0,0.0,0.0,0.0,0.0,1.0,2.0,0.0,0.0,0.0,0.0,0.0,
ITA-Serie A,1819,2018-10-28 SPAL-Frosinone,Frosinone,Marco Sportiello,False,Goalkeeper,1,start,end,1.0,0.0,1.0,0.0,0.0,0.0,1.0,0.0,2.0,0.0,0.0,0.0,0.0,0.0,
ITA-Serie A,1819,2018-10-28 SPAL-Frosinone,SPAL,Alfred Gomis,True,Goalkeeper,1,start,end,1.0,0.0,0.0,0.0,0.0,0.0,0.0,3.0,1.0,0.0,0.0,0.0,0.0,0.0,
ITA-Serie A,1819,2018-10-28 Sassuolo-Bologna,Bologna,Lukasz Skorupski,False,Goalkeeper,1,start,end,1.0,0.0,0.0,0.0,0.0,0.0,0.0,2.0,5.0,0.0,0.0,0.0,0.0,0.0,
ITA-Serie A,1819,2018-10-28 Sassuolo-Bologna,Sassuolo,Andrea Consigli,True,Goalkeeper,1,start,end,1.0,0.0,0.0,0.0,0.0,0.0,0.0,2.0,3.0,0.0,0.0,0.0,0.0,0.0,
ITA-Serie A,1819,2018-10-29 Lazio-Internazionale,Internazionale,Samir Handanovic,False,Goalkeeper,1,start,end,1.0,0.0,0.0,0.0,0.0,0.0,0.0,0.0,4.0,0.0,0.0,0.0,0.0,0.0,
ITA-Serie A,1819,2018-10-29 Lazio-Internazionale,Lazio,Thomas Strakosha,True,Goalkeeper,1,start,end,1.0,0.0,0.0,0.0,0.0,0.0,0.0,3.0,4.0,0.0,0.0,0.0,0.0,0.0,
ITA-Serie A,1819,2018-10-31 AC Milan-Genoa,AC Milan,Gianluigi Donnarumma,True,Goalkeeper,1,start,end,1.0,0.0,0.0,0.0,0.0,0.0,0.0,1.0,2.0,0.0,0.0,0.0,0.0,0.0,
ITA-Serie A,1819,2018-10-31 AC Milan-Genoa,Genoa,Andrei Radu,False,Goalkeeper,1,start,end,1.0,0.0,0.0,0.0,0.0,0.0,0.0,2.0,7.0,0.0,0.0,0.0,0.0,0.0,
ITA-Serie A,1819,2018-11-02 Napoli-Empoli,Empoli,Ivan Provedel,False,Goalkeeper,1,start,end,1.0,0.0,0.0,0.0,0.0,0.0,0.0,5.0,8.0,0.0,0.0,0.0,0.0,0.0,
ITA-Serie A,1819,2018-11-02 Napoli-Empoli,Napoli,Orestis Karnezis,True,Goalkeeper,1,start,end,1.0,0.0,0.0,0.0,0.0,0.0,0.0,1.0,3.0,0.0,0.0,0.0,0.0,0.0,
ITA-Serie A,1819,2018-11-03 Fiorentina-AS Roma,AS Roma,Robin Olsen,False,Goalkeeper,1,start,end,1.0,1.0,0.0,0.0,0.0,0.0,0.0,1.0,2.0,0.0,0.0,0.0,0.0,0.0,
ITA-Serie A,1819,2018-11-03 Fiorentina-AS Roma,Fiorentina,Alban Lafont,True,Goalkeeper,1,start,end,1.0,0.0,2.0,0.0,0.0,0.0,0.0,1.0,3.0,0.0,0.0,0.0,0.0,0.0,
ITA-Serie A,1819,2018-11-03 Internazionale-Genoa,Genoa,Andrei Radu,False,Goalkeeper,1,start,end,1.0,0.0,0.0,0.0,0.0,0.0,0.0,5.0,4.0,0.0,0.0,0.0,0.0,0.0,
ITA-Serie A,1819,2018-11-03 Internazionale-Genoa,Internazionale,Samir Handanovic,True,Goalkeeper,1,start,end,1.0,0.0,1.0,0.0,0.0,0.0,0.0,0.0,2.0,0.0,0.0,0.0,0.0,0.0,
ITA-Serie A,1819,2018-11-03 Juventus-Cagliari,Cagliari,Alessio Cragno,False,Goalkeeper,1,start,end,1.0,0.0,0.0,0.0,0.0,0.0,0.0,3.0,1.0,0.0,0.0,0.0,0.0,0.0,
ITA-Serie A,1819,2018-11-03 Juventus-Cagliari,Juventus,Wojciech Szczesny,True,Goalkeeper,1,start,end,1.0,0.0,0.0,0.0,0.0,0.0,0.0,1.0,1.0,0.0,0.0,0.0,0.0,0.0,
ITA-Serie A,1819,2018-11-04 Bologna-Atalanta,Atalanta,Etrit Berisha,False,Goalkeeper,1,start,end,1.0,0.0,1.0,0.0,0.0,0.0,0.0,1.0,3.0,0.0,0.0,0.0,0.0,0.0,
ITA-Serie A,1819,2018-11-04 Bologna-Atalanta,Bologna,Lukasz Skorupski,True,Goalkeeper,1,start,end,1.0,0.0,0.0,0.0,0.0,0.0,0.0,2.0,3.0,0.0,0.0,0.0,0.0,0.0,
ITA-Serie A,1819,2018-11-04 Chievo Verona-Sassuolo,Chievo Verona,Stefano Sorrentino,True,Goalkeeper,1,start,end,1.0,0.0,0.0,0.0,0.0,0.0,0.0,2.0,3.0,0.0,0.0,0.0,0.0,0.0,
ITA-Serie A,1819,2018-11-04 Chievo Verona-Sassuolo,Sassuolo,Andrea Consigli,False,Goalkeeper,1,start,end,1.0,0.0,0.0,0.0,0.0,0.0,0.0,0.0,0.0,0.0,0.0,0.0,0.0,0.0,
ITA-Serie A,1819,2018-11-04 Lazio-SPAL,Lazio,Thomas Strakosha,True,Goalkeeper,1,start,end,1.0,0.0,0.0,0.0,0.0,0.0,0.0,1.0,1.0,0.0,0.0,0.0,0.0,0.0,
ITA-Serie A,1819,2018-11-04 Lazio-SPAL,SPAL,Vanja Milinkovic-Savic,False,Goalkeeper,1,start,end,1.0,0.0,0.0,0.0,0.0,0.0,0.0,4.0,6.0,0.0,0.0,0.0,0.0,0.0,
ITA-Serie A,1819,2018-11-04 Parma-Frosinone,Frosinone,Marco Sportiello,False,Goalkeeper,1,start,end,1.0,0.0,0.0,0.0,0.0,0.0,0.0,0.0,1.0,0.0,0.0,0.0,0.0,0.0,
ITA-Serie A,1819,2018-11-04 Parma-Frosinone,Parma,Luigi Sepe,True,Goalkeeper,1,start,end,1.0,0.0,0.0,0.0,0.0,0.0,0.0,0.0,1.0,0.0,0.0,0.0,0.0,0.0,
ITA-Serie A,1819,2018-11-04 Sampdoria-Torino,Sampdoria,Emil Audero,True,Goalkeeper,1,start,end,1.0,1.0,0.0,0.0,0.0,0.0,0.0,4.0,3.0,0.0,0.0,0.0,0.0,0.0,
ITA-Serie A,1819,2018-11-04 Sampdoria-Torino,Torino,Salvatore Sirigu,False,Goalkeeper,1,start,end,1.0,0.0,0.0,0.0,0.0,0.0,0.0,1.0,4.0,0.0,0.0,0.0,0.0,0.0,
ITA-Serie A,1819,2018-11-04 Udinese-AC Milan,AC Milan,Gianluigi Donnarumma,False,Goalkeeper,1,start,end,1.0,0.0,0.0,0.0,0.0,0.0,0.0,0.0,3.0,0.0,0.0,0.0,0.0,0.0,
ITA-Serie A,1819,2018-11-04 Udinese-AC Milan,Udinese,Juan Musso,True,Goalkeeper,1,start,end,1.0,0.0,1.0,0.0,0.0,0.0,0.0,1.0,6.0,0.0,0.0,0.0,0.0,0.0,
ITA-Serie A,1819,2018-11-09 Frosinone-Fiorentina,Fiorentina,Alban Lafont,False,Goalkeeper,1,start,end,1.0,0.0,0.0,0.0,0.0,0.0,0.0,1.0,2.0,0.0,0.0,0.0,0.0,0.0,
ITA-Serie A,1819,2018-11-09 Frosinone-Fiorentina,Frosinone,Marco Sportiello,True,Goalkeeper,1,start,end,1.0,0.0,0.0,0.0,0.0,0.0,0.0,1.0,7.0,0.0,0.0,0.0,0.0,0.0,
ITA-Serie A,1819,2018-11-10 Genoa-Napoli,Genoa,Andrei Radu,True,Goalkeeper,1,start,end,1.0,0.0,0.0,0.0,0.0,0.0,0.0,2.0,3.0,0.0,0.0,0.0,0.0,0.0,
ITA-Serie A,1819,2018-11-10 Genoa-Napoli,Napoli,David Ospina,False,Goalkeeper,1,start,end,1.0,0.0,0.0,0.0,0.0,0.0,0.0,1.0,2.0,0.0,0.0,0.0,0.0,0.0,
ITA-Serie A,1819,2018-11-10 SPAL-Cagliari,Cagliari,Alessio Cragno,False,Goalkeeper,1,start,end,1.0,0.0,0.0,0.0,0.0,0.0,0.0,2.0,1.0,0.0,0.0,0.0,0.0,0.0,
ITA-Serie A,1819,2018-11-10 SPAL-Cagliari,SPAL,Alfred Gomis,True,Goalkeeper,1,start,end,1.0,0.0,1.0,0.0,0.0,0.0,0.0,2.0,1.0,0.0,0.0,0.0,0.0,0.0,
ITA-Serie A,1819,2018-11-10 Torino-Parma,Parma,Luigi Sepe,False,Goalkeeper,1,start,end,1.0,0.0,0.0,0.0,0.0,0.0,1.0,1.0,3.0,0.0,0.0,0.0,0.0,0.0,
ITA-Serie A,1819,2018-11-10 Torino-Parma,Torino,Salvatore Sirigu,True,Goalkeeper,1,start,end,1.0,0.0,0.0,0.0,0.0,0.0,0.0,2.0,3.0,0.0,0.0,0.0,0.0,0.0,
ITA-Serie A,1819,2018-11-11 AC Milan-Juventus,AC Milan,Gianluigi Donnarumma,True,Goalkeeper,1,start,end,1.0,0.0,0.0,0.0,0.0,0.0,0.0,2.0,4.0,0.0,0.0,0.0,0.0,0.0,
ITA-Serie A,1819,2018-11-11 AC Milan-Juventus,Juventus,Wojciech Szczesny,False,Goalkeeper,1,start,end,1.0,0.0,0.0,0.0,0.0,0.0,0.0,0.0,2.0,0.0,0.0,0.0,0.0,0.0,
ITA-Serie A,1819,2018-11-11 AS Roma-Sampdoria,AS Roma,Robin Olsen,True,Goalkeeper,1,start,end,1.0,0.0,0.0,0.0,0.0,0.0,0.0,1.0,2.0,0.0,0.0,0.0,0.0,0.0,
ITA-Serie A,1819,2018-11-11 AS Roma-Sampdoria,Sampdoria,Emil Audero,False,Goalkeeper,1,start,end,1.0,0.0,0.0,0.0,0.0,0.0,0.0,4.0,1.0,0.0,0.0,0.0,0.0,0.0,
ITA-Serie A,1819,2018-11-11 Atalanta-Internazionale,Atalanta,Etrit Berisha,True,Goalkeeper,1,start,end,1.0,0.0,0.0,0.0,0.0,0.0,0.0,1.0,0.0,0.0,0.0,0.0,0.0,0.0,
ITA-Serie A,1819,2018-11-11 Atalanta-Internazionale,Internazionale,Samir Handanovic,False,Goalkeeper,1,start,end,1.0,0.0,0.0,0.0,0.0,0.0,0.0,4.0,5.0,0.0,0.0,0.0,0.0,0.0,
ITA-Serie A,1819,2018-11-11 Chievo Verona-Bologna,Bologna,Lukasz Skorupski,False,Goalkeeper,1,start,end,1.0,0.0,0.0,0.0,0.0,0.0,0.0,2.0,4.0,0.0,0.0,0.0,0.0,0.0,
ITA-Serie A,1819,2018-11-11 Chievo Verona-Bologna,Chievo Verona,Stefano Sorrentino,True,Goalkeeper,1,start,end,1.0,0.0,0.0,0.0,0.0,0.0,0.0,2.0,3.0,0.0,0.0,0.0,0.0,0.0,
ITA-Serie A,1819,2018-11-11 Empoli-Udinese,Empoli,Ivan Provedel,True,Goalkeeper,1,start,end,1.0,0.0,1.0,0.0,0.0,0.0,0.0,1.0,8.0,0.0,0.0,0.0,0.0,0.0,
ITA-Serie A,1819,2018-11-11 Empoli-Udinese,Udinese,Juan Musso,False,Goalkeeper,1,start,end,1.0,0.0,0.0,0.0,0.0,0.0,0.0,2.0,3.0,0.0,0.0,0.0,0.0,0.0,
ITA-Serie A,1819,2018-11-11 Sassuolo-Lazio,Lazio,Thomas Strakosha,False,Goalkeeper,1,start,end,1.0,0.0,0.0,0.0,0.0,0.0,0.0,1.0,3.0,0.0,0.0,0.0,0.0,0.0,
ITA-Serie A,1819,2018-11-11 Sassuolo-Lazio,Sassuolo,Andrea Consigli,True,Goalkeeper,1,start,end,1.0,0.0,0.0,0.0,0.0,0.0,0.0,1.0,0.0,0.0,0.0,0.0,0.0,0.0,
ITA-Serie A,1819,2018-11-24 Internazionale-Frosinone,Frosinone,Marco Sportiello,False,Goalkeeper,1,start,end,1.0,0.0,0.0,0.0,0.0,0.0,0.0,3.0,10.0,0.0,0.0,0.0,0.0,0.0,
ITA-Serie A,1819,2018-11-24 Internazionale-Frosinone,Frosinone,Marco Sportiello,False,Goalkeeper,,start,end,1.0,0.0,0.0,0.0,0.0,0.0,0.0,3.0,10.0,0.0,0.0,0.0,0.0,0.0,
ITA-Serie A,1819,2018-11-24 Internazionale-Frosinone,Internazionale,Samir Handanovic,True,Goalkeeper,1,start,end,1.0,0.0,0.0,0.0,0.0,0.0,0.0,0.0,4.0,0.0,0.0,0.0,0.0,0.0,
ITA-Serie A,1819,2018-11-24 Internazionale-Frosinone,Internazionale,Samir Handanovic,True,Goalkeeper,,start,end,1.0,0.0,0.0,0.0,0.0,0.0,0.0,0.0,4.0,0.0,0.0,0.0,0.0,0.0,
ITA-Serie A,1819,2018-11-24 Juventus-SPAL,Juventus,Mattia Perin,True,Goalkeeper,1,start,end,1.0,0.0,0.0,0.0,0.0,0.0,0.0,0.0,1.0,0.0,0.0,0.0,0.0,0.0,
ITA-Serie A,1819,2018-11-24 Juventus-SPAL,Juventus,Mattia Perin,True,Goalkeeper,,start,end,1.0,0.0,0.0,0.0,0.0,0.0,0.0,0.0,1.0,0.0,0.0,0.0,0.0,0.0,
ITA-Serie A,1819,2018-11-24 Juventus-SPAL,SPAL,Alfred Gomis,False,Goalkeeper,1,start,end,1.0,0.0,1.0,0.0,0.0,0.0,0.0,2.0,5.0,0.0,0.0,0.0,0.0,0.0,
ITA-Serie A,1819,2018-11-24 Juventus-SPAL,SPAL,Alfred Gomis,False,Goalkeeper,,start,end,1.0,0.0,1.0,0.0,0.0,0.0,0.0,2.0,5.0,0.0,0.0,0.0,0.0,0.0,
ITA-Serie A,1819,2018-11-24 Udinese-AS Roma,AS Roma,Antonio Mirante,False,Goalkeeper,1,start,end,1.0,0.0,0.0,0.0,0.0,0.0,0.0,1.0,1.0,0.0,0.0,0.0,0.0,0.0,
ITA-Serie A,1819,2018-11-24 Udinese-AS Roma,AS Roma,Antonio Mirante,False,Goalkeeper,,start,end,1.0,0.0,0.0,0.0,0.0,0.0,0.0,1.0,1.0,0.0,0.0,0.0,0.0,0.0,
ITA-Serie A,1819,2018-11-24 Udinese-AS Roma,Udinese,Juan Musso,True,Goalkeeper,1,start,end,1.0,0.0,0.0,0.0,0.0,0.0,0.0,0.0,9.0,0.0,0.0,0.0,0.0,0.0,
ITA-Serie A,1819,2018-11-24 Udinese-AS Roma,Udinese,Juan Musso,True,Goalkeeper,,start,end,1.0,0.0,0.0,0.0,0.0,0.0,0.0,0.0,9.0,0.0,0.0,0.0,0.0,0.0,
ITA-Serie A,1819,2018-11-25 Bologna-Fiorentina,Bologna,Lukasz Skorupski,True,Goalkeeper,1,start,end,1.0,0.0,0.0,0.0,0.0,0.0,0.0,0.0,5.0,0.0,0.0,0.0,0.0,0.0,
ITA-Serie A,1819,2018-11-25 Bologna-Fiorentina,Fiorentina,Alban Lafont,False,Goalkeeper,1,start,end,1.0,0.0,1.0,0.0,0.0,0.0,0.0,0.0,4.0,0.0,0.0,0.0,0.0,0.0,
ITA-Serie A,1819,2018-11-25 Empoli-Atalanta,Atalanta,Etrit Berisha,False,Goalkeeper,1,start,end,1.0,0.0,0.0,0.0,0.0,0.0,0.0,3.0,5.0,0.0,0.0,0.0,0.0,0.0,
ITA-Serie A,1819,2018-11-25 Empoli-Atalanta,Empoli,Ivan Provedel,True,Goalkeeper,1,start,end,1.0,0.0,1.0,0.0,0.0,0.0,0.0,2.0,3.0,0.0,0.0,0.0,0.0,0.0,
ITA-Serie A,1819,2018-11-25 Genoa-Sampdoria,Genoa,Andrei Radu,True,Goalkeeper,1,start,end,1.0,0.0,0.0,0.0,0.0,0.0,0.0,1.0,1.0,0.0,0.0,0.0,0.0,0.0,
ITA-Serie A,1819,2018-11-25 Genoa-Sampdoria,Sampdoria,Emil Audero,False,Goalkeeper,1,start,end,1.0,1.0,0.0,0.0,0.0,0.0,1.0,1.0,3.0,0.0,0.0,0.0,0.0,0.0,
ITA-Serie A,1819,2018-11-25 Lazio-AC Milan,AC Milan,Gianluigi Donnarumma,False,Goalkeeper,1,start,end,1.0,0.0,0.0,0.0,0.0,0.0,1.0,1.0,4.0,0.0,0.0,0.0,0.0,0.0,
ITA-Serie A,1819,2018-11-25 Lazio-AC Milan,AC Milan,Gianluigi Donnarumma,False,Goalkeeper,,start,end,1.0,0.0,0.0,0.0,0.0,0.0,1.0,1.0,4.0,0.0,0.0,0.0,0.0,0.0,
ITA-Serie A,1819,2018-11-25 Lazio-AC Milan,Lazio,Thomas Strakosha,True,Goalkeeper,1,start,end,1.0,0.0,0.0,0.0,0.0,0.0,0.0,1.0,3.0,0.0,0.0,0.0,0.0,0.0,
ITA-Serie A,1819,2018-11-25 Lazio-AC Milan,Lazio,Thomas Strakosha,True,Goalkeeper,,start,end,1.0,0.0,0.0,0.0,0.0,0.0,0.0,1.0,3.0,0.0,0.0,0.0,0.0,0.0,
ITA-Serie A,1819,2018-11-25 Napoli-Chievo Verona,Chievo Verona,Stefano Sorrentino,False,Goalkeeper,1,start,end,1.0,0.0,1.0,0.0,0.0,0.0,0.0,0.0,8.0,0.0,0.0,0.0,0.0,0.0,
ITA-Serie A,1819,2018-11-25 Napoli-Chievo Verona,Napoli,Orestis Karnezis,True,Goalkeeper,1,start,end,1.0,0.0,0.0,0.0,0.0,0.0,0.0,0.0,2.0,0.0,0.0,0.0,0.0,0.0,
ITA-Serie A,1819,2018-11-25 Parma-Sassuolo,Parma,Luigi Sepe,True,Goalkeeper,1,start,end,1.0,0.0,0.0,0.0,0.0,0.0,0.0,1.0,4.0,0.0,0.0,0.0,0.0,0.0,
ITA-Serie A,1819,2018-11-25 Parma-Sassuolo,Parma,Luigi Sepe,True,Goalkeeper,,start,end,1.0,0.0,0.0,0.0,0.0,0.0,0.0,1.0,4.0,0.0,0.0,0.0,0.0,0.0,
ITA-Serie A,1819,2018-11-25 Parma-Sassuolo,Sassuolo,Andrea Consigli,False,Goalkeeper,1,start,end,1.0,0.0,0.0,0.0,0.0,0.0,1.0,2.0,3.0,0.0,0.0,0.0,0.0,0.0,
ITA-Serie A,1819,2018-11-25 Parma-Sassuolo,Sassuolo,Andrea Consigli,False,Goalkeeper,,start,end,1.0,0.0,0.0,0.0,0.0,0.0,1.0,2.0,3.0,0.0,0.0,0.0,0.0,0.0,
ITA-Serie A,1819,2018-11-26 Cagliari-Torino,Cagliari,Alessio Cragno,True,Goalkeeper,1,start,end,1.0,0.0,0.0,0.0,0.0,0.0,0.0,0.0,5.0,0.0,0.0,0.0,0.0,0.0,
ITA-Serie A,1819,2018-11-26 Cagliari-Torino,Torino,Salvatore Sirigu,False,Goalkeeper,1,start,end,1.0,0.0,0.0,0.0,0.0,0.0,0.0,0.0,0.0,0.0,0.0,0.0,0.0,0.0,
ITA-Serie A,1819,2018-12-01 Fiorentina-Juventus,Fiorentina,Alban Lafont,True,Goalkeeper,1,start,end,1.0,0.0,0.0,0.0,0.0,0.0,0.0,3.0,3.0,0.0,0.0,0.0,0.0,0.0,
ITA-Serie A,1819,2018-12-01 Fiorentina-Juventus,Fiorentina,Alban Lafont,True,Goalkeeper,,start,end,1.0,0.0,0.0,0.0,0.0,0.0,0.0,3.0,3.0,0.0,0.0,0.0,0.0,0.0,
ITA-Serie A,1819,2018-12-01 Fiorentina-Juventus,Juventus,Wojciech Szczesny,False,Goalkeeper,1,start,end,1.0,0.0,0.0,0.0,0.0,0.0,0.0,0.0,5.0,0.0,0.0,0.0,0.0,0.0,
ITA-Serie A,1819,2018-12-01 Fiorentina-Juventus,Juventus,Wojciech Szczesny,False,Goalkeeper,,start,end,1.0,0.0,0.0,0.0,0.0,0.0,0.0,0.0,5.0,0.0,0.0,0.0,0.0,0.0,
ITA-Serie A,1819,2018-12-01 SPAL-Empoli,Empoli,Ivan Provedel,False,Goalkeeper,1,start,end,1.0,0.0,0.0,0.0,0.0,0.0,0.0,2.0,3.0,0.0,0.0,0.0,0.0,0.0,
ITA-Serie A,1819,2018-12-01 SPAL-Empoli,SPAL,Alfred Gomis,True,Goalkeeper,1,start,end,1.0,0.0,0.0,0.0,0.0,0.0,0.0,2.0,5.0,0.0,0.0,0.0,0.0,0.0,
ITA-Serie A,1819,2018-12-01 Sampdoria-Bologna,Bologna,Lukasz Skorupski,False,Goalkeeper,1,start,end,1.0,0.0,0.0,0.0,0.0,0.0,0.0,4.0,2.0,0.0,0.0,0.0,0.0,0.0,
ITA-Serie A,1819,2018-12-01 Sampdoria-Bologna,Bologna,Lukasz Skorupski,False,Goalkeeper,,start,end,1.0,0.0,0.0,0.0,0.0,0.0,0.0,4.0,2.0,0.0,0.0,0.0,0.0,0.0,
ITA-Serie A,1819,2018-12-01 Sampdoria-Bologna,Sampdoria,Emil Audero,True,Goalkeeper,1,start,end,1.0,0.0,0.0,0.0,0.0,0.0,0.0,1.0,2.0,0.0,0.0,0.0,0.0,0.0,
ITA-Serie A,1819,2018-12-02 AC Milan-Parma,AC Milan,Gianluigi Donnarumma,True,Goalkeeper,1,start,end,1.0,0.0,0.0,0.0,0.0,0.0,0.0,1.0,0.0,0.0,0.0,0.0,0.0,0.0,
ITA-Serie A,1819,2018-12-02 AC Milan-Parma,AC Milan,Gianluigi Donnarumma,True,Goalkeeper,,start,end,1.0,0.0,0.0,0.0,0.0,0.0,0.0,1.0,0.0,0.0,0.0,0.0,0.0,0.0,
ITA-Serie A,1819,2018-12-02 AC Milan-Parma,Parma,Luigi Sepe,False,Goalkeeper,1,start,end,1.0,0.0,0.0,0.0,0.0,0.0,0.0,2.0,3.0,0.0,0.0,0.0,0.0,0.0,
ITA-Serie A,1819,2018-12-02 AC Milan-Parma,Parma,Luigi Sepe,False,Goalkeeper,,start,end,1.0,0.0,0.0,0.0,0.0,0.0,0.0,2.0,3.0,0.0,0.0,0.0,0.0,0.0,
ITA-Serie A,1819,2018-12-02 AS Roma-Internazionale,AS Roma,Robin Olsen,True,Goalkeeper,1,start,end,1.0,0.0,0.0,0.0,0.0,0.0,0.0,2.0,5.0,0.0,0.0,0.0,0.0,0.0,
ITA-Serie A,1819,2018-12-02 AS Roma-Internazionale,Internazionale,Samir Handanovic,False,Goalkeeper,1,start,end,1.0,0.0,0.0,0.0,0.0,0.0,0.0,2.0,3.0,0.0,0.0,0.0,0.0,0.0,
ITA-Serie A,1819,2018-12-02 Chievo Verona-Lazio,Chievo Verona,Stefano Sorrentino,True,Goalkeeper,1,start,end,1.0,0.0,0.0,0.0,0.0,0.0,0.0,1.0,4.0,0.0,0.0,0.0,0.0,0.0,
ITA-Serie A,1819,2018-12-02 Chievo Verona-Lazio,Chievo Verona,Stefano Sorrentino,True,Goalkeeper,,start,end,1.0,0.0,0.0,0.0,0.0,0.0,0.0,1.0,4.0,0.0,0.0,0.0,0.0,0.0,
ITA-Serie A,1819,2018-12-02 Chievo Verona-Lazio,Lazio,Thomas Strakosha,False,Goalkeeper,1,start,end,1.0,0.0,0.0,0.0,0.0,0.0,0.0,1.0,0.0,0.0,0.0,0.0,0.0,0.0,
ITA-Serie A,1819,2018-12-02 Chievo Verona-Lazio,Lazio,Thomas Strakosha,False,Goalkeeper,,start,end,1.0,0.0,0.0,0.0,0.0,0.0,0.0,1.0,0.0,0.0,0.0,0.0,0.0,0.0,
ITA-Serie A,1819,2018-12-02 Frosinone-Cagliari,Cagliari,Alessio Cragno,False,Goalkeeper,1,start,end,1.0,0.0,0.0,0.0,0.0,0.0,0.0,1.0,10.0,0.0,0.0,0.0,0.0,0.0,
ITA-Serie A,1819,2018-12-02 Frosinone-Cagliari,Frosinone,Marco Sportiello,True,Goalkeeper,1,start,end,1.0,0.0,0.0,0.0,0.0,0.0,0.0,1.0,6.0,0.0,0.0,0.0,0.0,0.0,
ITA-Serie A,1819,2018-12-02 Sassuolo-Udinese,Sassuolo,Andrea Consigli,True,Goalkeeper,1,start,end,1.0,0.0,0.0,0.0,0.0,0.0,0.0,0.0,1.0,0.0,0.0,0.0,0.0,0.0,
ITA-Serie A,1819,2018-12-02 Sassuolo-Udinese,Sassuolo,Andrea Consigli,True,Goalkeeper,,start,end,1.0,0.0,0.0,0.0,0.0,0.0,0.0,0.0,1.0,0.0,0.0,0.0,0.0,0.0,
ITA-Serie A,1819,2018-12-02 Sassuolo-Udinese,Udinese,Juan Musso,False,Goalkeeper,1,start,end,1.0,0.0,1.0,0.0,0.0,0.0,0.0,0.0,3.0,0.0,0.0,0.0,0.0,0.0,
ITA-Serie A,1819,2018-12-02 Sassuolo-Udinese,Udinese,Juan Musso,False,Goalkeeper,,start,end,1.0,0.0,1.0,0.0,0.0,0.0,0.0,0.0,3.0,0.0,0.0,0.0,0.0,0.0,
ITA-Serie A,1819,2018-12-02 Torino-Genoa,Genoa,Andrei Radu,False,Goalkeeper,1,start,end,1.0,0.0,0.0,0.0,0.0,0.0,0.0,2.0,8.0,0.0,0.0,0.0,0.0,0.0,
ITA-Serie A,1819,2018-12-02 Torino-Genoa,Torino,Salvatore Sirigu,True,Goalkeeper,1,start,end,1.0,0.0,0.0,0.0,0.0,0.0,0.0,1.0,0.0,0.0,0.0,0.0,0.0,0.0,
ITA-Serie A,1819,2018-12-02 Torino-Genoa,Torino,Salvatore Sirigu,True,Goalkeeper,,start,end,1.0,0.0,0.0,0.0,0.0,0.0,0.0,1.0,0.0,0.0,0.0,0.0,0.0,0.0,
ITA-Serie A,1819,2018-12-03 Atalanta-Napoli,Atalanta,Etrit Berisha,True,Goalkeeper,1,start,end,1.0,0.0,0.0,0.0,0.0,0.0,0.0,2.0,4.0,0.0,0.0,0.0,0.0,0.0,
ITA-Serie A,1819,2018-12-03 Atalanta-Napoli,Napoli,David Ospina,False,Goalkeeper,1,start,end,1.0,0.0,1.0,0.0,0.0,0.0,0.0,1.0,1.0,0.0,0.0,0.0,0.0,0.0,
ITA-Serie A,1819,2018-12-07 Juventus-Internazionale,Internazionale,Samir Handanovic,False,Goalkeeper,1,start,end,1.0,0.0,0.0,0.0,0.0,0.0,0.0,1.0,4.0,0.0,0.0,0.0,0.0,0.0,
ITA-Serie A,1819,2018-12-07 Juventus-Internazionale,Juventus,Wojciech Szczesny,True,Goalkeeper,1,start,end,1.0,0.0,0.0,0.0,0.0,0.0,0.0,0.0,1.0,0.0,0.0,0.0,0.0,0.0,
ITA-Serie A,1819,2018-12-08 Cagliari-AS Roma,AS Roma,Robin Olsen,False,Goalkeeper,1,start,end,1.0,0.0,2.0,0.0,0.0,0.0,0.0,2.0,3.0,0.0,0.0,0.0,0.0,0.0,
ITA-Serie A,1819,2018-12-08 Cagliari-AS Roma,Cagliari,Alessio Cragno,True,Goalkeeper,1,start,end,1.0,0.0,0.0,0.0,0.0,0.0,0.0,2.0,4.0,0.0,0.0,0.0,0.0,0.0,
ITA-Serie A,1819,2018-12-08 Lazio-Sampdoria,Lazio,Thomas Strakosha,True,Goalkeeper,1,start,end,1.0,0.0,0.0,0.0,0.0,0.0,0.0,2.0,0.0,0.0,0.0,0.0,0.0,0.0,
ITA-Serie A,1819,2018-12-08 Lazio-Sampdoria,Sampdoria,Emil Audero,False,Goalkeeper,1,start,end,1.0,0.0,0.0,0.0,0.0,0.0,1.0,2.0,8.0,0.0,0.0,0.0,0.0,0.0,
ITA-Serie A,1819,2018-12-08 Napoli-Frosinone,Frosinone,Marco Sportiello,False,Goalkeeper,1,start,end,1.0,0.0,1.0,0.0,0.0,0.0,0.0,4.0,4.0,0.0,0.0,0.0,0.0,0.0,
ITA-Serie A,1819,2018-12-08 Napoli-Frosinone,Napoli,Alex Meret,True,Goalkeeper,1,start,end,1.0,0.0,0.0,0.0,0.0,0.0,0.0,0.0,2.0,0.0,0.0,0.0,0.0,0.0,
ITA-Serie A,1819,2018-12-09 AC Milan-Torino,AC Milan,Gianluigi Donnarumma,True,Goalkeeper,1,start,end,1.0,0.0,0.0,0.0,0.0,0.0,0.0,0.0,4.0,0.0,0.0,0.0,0.0,0.0,
ITA-Serie A,1819,2018-12-09 AC Milan-Torino,Torino,Salvatore Sirigu,False,Goalkeeper,1,start,end,1.0,0.0,0.0,0.0,0.0,0.0,0.0,0.0,3.0,0.0,0.0,0.0,0.0,0.0,
ITA-Serie A,1819,2018-12-09 Empoli-Bologna,Bologna,Lukasz Skorupski,False,Goalkeeper,1,start,end,1.0,0.0,0.0,0.0,0.0,0.0,0.0,2.0,2.0,0.0,0.0,0.0,0.0,0.0,
ITA-Serie A,1819,2018-12-09 Empoli-Bologna,Empoli,Ivan Provedel,True,Goalkeeper,1,start,end,1.0,0.0,0.0,0.0,0.0,0.0,0.0,1.0,6.0,0.0,0.0,0.0,0.0,0.0,
ITA-Serie A,1819,2018-12-09 Genoa-SPAL,Genoa,Andrei Radu,True,Goalkeeper,1,start,end,1.0,0.0,0.0,0.0,0.0,0.0,0.0,1.0,5.0,0.0,0.0,0.0,0.0,0.0,
ITA-Serie A,1819,2018-12-09 Genoa-SPAL,SPAL,Alfred Gomis,False,Goalkeeper,1,start,end,1.0,0.0,0.0,0.0,0.0,0.0,0.0,1.0,1.0,0.0,0.0,0.0,0.0,0.0,
ITA-Serie A,1819,2018-12-09 Parma-Chievo Verona,Chievo Verona,Stefano Sorrentino,False,Goalkeeper,1,start,end,1.0,0.0,0.0,0.0,0.0,0.0,0.0,1.0,5.0,0.0,0.0,0.0,0.0,0.0,
ITA-Serie A,1819,2018-12-09 Parma-Chievo Verona,Parma,Luigi Sepe,True,Goalkeeper,1,start,end,1.0,0.0,0.0,0.0,0.0,0.0,0.0,1.0,0.0,0.0,0.0,0.0,0.0,0.0,
ITA-Serie A,1819,2018-12-09 Sassuolo-Fiorentina,Fiorentina,Alban Lafont,False,Goalkeeper,1,start,end,1.0,0.0,0.0,0.0,0.0,0.0,0.0,3.0,4.0,0.0,0.0,0.0,0.0,0.0,
ITA-Serie A,1819,2018-12-09 Sassuolo-Fiorentina,Sassuolo,Andrea Consigli,True,Goalkeeper,1,start,end,1.0,0.0,0.0,0.0,0.0,0.0,0.0,3.0,2.0,0.0,0.0,0.0,0.0,0.0,
ITA-Serie A,1819,2018-12-09 Udinese-Atalanta,Atalanta,Etrit Berisha,False,Goalkeeper,1,start,end,1.0,0.0,0.0,0.0,0.0,0.0,0.0,1.0,0.0,0.0,0.0,0.0,0.0,0.0,
ITA-Serie A,1819,2018-12-09 Udinese-Atalanta,Udinese,Juan Musso,True,Goalkeeper,1,start,end,1.0,0.0,0.0,0.0,0.0,0.0,0.0,3.0,1.0,0.0,0.0,0.0,0.0,0.0,
ITA-Serie A,1819,2018-12-15 Internazionale-Udinese,Internazionale,Samir Handanovic,True,Goalkeeper,1,start,end,1.0,0.0,0.0,0.0,0.0,0.0,0.0,0.0,1.0,0.0,0.0,0.0,0.0,0.0,
ITA-Serie A,1819,2018-12-15 Internazionale-Udinese,Udinese,Juan Musso,False,Goalkeeper,1,start,end,1.0,0.0,0.0,0.0,0.0,0.0,1.0,1.0,4.0,0.0,0.0,0.0,0.0,0.0,
ITA-Serie A,1819,2018-12-15 Torino-Juventus,Juventus,Mattia Perin,False,Goalkeeper,1,start,end,1.0,0.0,0.0,0.0,0.0,0.0,1.0,0.0,3.0,0.0,0.0,0.0,0.0,0.0,
ITA-Serie A,1819,2018-12-15 Torino-Juventus,Torino,Salvatore Sirigu,True,Goalkeeper,1,start,20,1.0,0.0,1.0,0.0,0.0,0.0,0.0,0.0,1.0,0.0,0.0,0.0,0.0,0.0,
ITA-Serie A,1819,2018-12-16 AS Roma-Genoa,AS Roma,Robin Olsen,True,Goalkeeper,1,start,end,1.0,0.0,0.0,0.0,0.0,0.0,0.0,2.0,7.0,0.0,0.0,0.0,0.0,0.0,
ITA-Serie A,1819,2018-12-16 AS Roma-Genoa,Genoa,Andrei Radu,False,Goalkeeper,1,start,end,1.0,0.0,0.0,0.0,0.0,0.0,0.0,3.0,3.0,0.0,0.0,0.0,0.0,0.0,
ITA-Serie A,1819,2018-12-16 Cagliari-Napoli,Cagliari,Alessio Cragno,True,Goalkeeper,1,start,end,1.0,0.0,0.0,0.0,0.0,0.0,0.0,1.0,4.0,0.0,0.0,0.0,0.0,0.0,
ITA-Serie A,1819,2018-12-16 Cagliari-Napoli,Napoli,David Ospina,False,Goalkeeper,1,start,end,1.0,0.0,0.0,0.0,0.0,0.0,0.0,0.0,2.0,0.0,0.0,0.0,0.0,0.0,
ITA-Serie A,1819,2018-12-16 Fiorentina-Empoli,Empoli,Ivan Provedel,False,Goalkeeper,1,start,end,1.0,0.0,1.0,0.0,0.0,0.0,0.0,3.0,5.0,0.0,0.0,0.0,0.0,0.0,
ITA-Serie A,1819,2018-12-16 Fiorentina-Empoli,Fiorentina,Alban Lafont,True,Goalkeeper,1,start,end,1.0,0.0,0.0,0.0,0.0,0.0,0.0,1.0,3.0,0.0,0.0,0.0,0.0,0.0,
ITA-Serie A,1819,2018-12-16 Frosinone-Sassuolo,Frosinone,Marco Sportiello,True,Goalkeeper,1,start,end,1.0,0.0,0.0,0.0,0.0,0.0,0.0,2.0,1.0,0.0,0.0,0.0,0.0,0.0,
ITA-Serie A,1819,2018-12-16 Frosinone-Sassuolo,Sassuolo,Andrea Consigli,False,Goalkeeper,1,start,end,1.0,0.0,0.0,0.0,0.0,0.0,0.0,0.0,3.0,0.0,0.0,0.0,0.0,0.0,
ITA-Serie A,1819,2018-12-16 SPAL-Chievo Verona,Chievo Verona,Stefano Sorrentino,False,Goalkeeper,1,start,end,1.0,0.0,0.0,0.0,0.0,0.0,0.0,0.0,1.0,0.0,0.0,0.0,0.0,0.0,
ITA-Serie A,1819,2018-12-16 SPAL-Chievo Verona,SPAL,Alfred Gomis,True,Goalkeeper,1,start,end,1.0,0.0,0.0,0.0,0.0,0.0,0.0,0.0,3.0,0.0,0.0,0.0,0.0,0.0,
ITA-Serie A,1819,2018-12-16 Sampdoria-Parma,Parma,Luigi Sepe,False,Goalkeeper,1,start,end,1.0,0.0,0.0,0.0,0.0,0.0,0.0,2.0,5.0,0.0,0.0,0.0,0.0,0.0,
ITA-Serie A,1819,2018-12-16 Sampdoria-Parma,Sampdoria,Emil Audero,True,Goalkeeper,1,start,end,1.0,0.0,0.0,0.0,0.0,0.0,0.0,0.0,0.0,0.0,0.0,0.0,0.0,0.0,
ITA-Serie A,1819,2018-12-17 Atalanta-Lazio,Atalanta,Etrit Berisha,True,Goalkeeper,1,start,end,1.0,0.0,0.0,0.0,0.0,0.0,0.0,0.0,2.0,0.0,0.0,0.0,0.0,0.0,
ITA-Serie A,1819,2018-12-17 Atalanta-Lazio,Lazio,Thomas Strakosha,False,Goalkeeper,1,start,end,1.0,0.0,1.0,0.0,0.0,0.0,0.0,1.0,1.0,0.0,0.0,0.0,0.0,0.0,
ITA-Serie A,1819,2018-12-18 Bologna-AC Milan,AC Milan,Gianluigi Donnarumma,False,Goalkeeper,1,start,end,1.0,0.0,1.0,0.0,0.0,0.0,0.0,0.0,5.0,0.0,0.0,0.0,0.0,0.0,
ITA-Serie A,1819,2018-12-18 Bologna-AC Milan,Bologna,Lukasz Skorupski,True,Goalkeeper,1,start,end,1.0,0.0,0.0,0.0,0.0,0.0,0.0,0.0,4.0,0.0,0.0,0.0,0.0,0.0,
ITA-Serie A,1819,2018-12-22 AC Milan-Fiorentina,AC Milan,Gianluigi Donnarumma,True,Goalkeeper,1,start,end,1.0,0.0,0.0,0.0,0.0,0.0,0.0,1.0,0.0,0.0,0.0,0.0,0.0,0.0,
ITA-Serie A,1819,2018-12-22 AC Milan-Fiorentina,Fiorentina,Alban Lafont,False,Goalkeeper,1,start,end,1.0,0.0,0.0,0.0,0.0,0.0,0.0,0.0,5.0,0.0,0.0,0.0,0.0,0.0,
ITA-Serie A,1819,2018-12-22 Chievo Verona-Internazionale,Chievo Verona,Stefano Sorrentino,True,Goalkeeper,1,start,end,1.0,0.0,0.0,0.0,0.0,0.0,0.0,1.0,2.0,0.0,0.0,0.0,0.0,0.0,
ITA-Serie A,1819,2018-12-22 Chievo Verona-Internazionale,Internazionale,Samir Handanovic,False,Goalkeeper,1,start,end,1.0,0.0,0.0,0.0,0.0,0.0,0.0,1.0,2.0,0.0,0.0,0.0,0.0,0.0,
ITA-Serie A,1819,2018-12-22 Empoli-Sampdoria,Empoli,Ivan Provedel,True,Goalkeeper,1,start,end,1.0,0.0,0.0,0.0,0.0,0.0,0.0,4.0,7.0,0.0,0.0,0.0,0.0,0.0,
ITA-Serie A,1819,2018-12-22 Empoli-Sampdoria,Sampdoria,Emil Audero,False,Goalkeeper,1,start,end,1.0,0.0,0.0,0.0,0.0,0.0,0.0,2.0,1.0,0.0,0.0,0.0,0.0,0.0,
ITA-Serie A,1819,2018-12-22 Genoa-Atalanta,Atalanta,Etrit Berisha,False,Goalkeeper,1,start,end,1.0,0.0,0.0,0.0,0.0,0.0,0.0,3.0,3.0,0.0,0.0,0.0,0.0,0.0,
ITA-Serie A,1819,2018-12-22 Genoa-Atalanta,Genoa,Andrei Radu,True,Goalkeeper,1,start,end,1.0,0.0,0.0,0.0,0.0,0.0,0.0,1.0,4.0,0.0,0.0,0.0,0.0,0.0,
ITA-Serie A,1819,2018-12-22 Juventus-AS Roma,AS Roma,Robin Olsen,False,Goalkeeper,1,start,end,1.0,0.0,1.0,0.0,0.0,0.0,0.0,1.0,5.0,0.0,0.0,0.0,0.0,0.0,
ITA-Serie A,1819,2018-12-22 Juventus-AS Roma,Juventus,Wojciech Szczesny,True,Goalkeeper,1,start,end,1.0,0.0,0.0,0.0,0.0,0.0,0.0,0.0,4.0,0.0,0.0,0.0,0.0,0.0,
ITA-Serie A,1819,2018-12-22 Lazio-Cagliari,Cagliari,Alessio Cragno,False,Goalkeeper,1,start,end,1.0,0.0,0.0,0.0,0.0,0.0,0.0,3.0,7.0,0.0,0.0,0.0,0.0,0.0,
ITA-Serie A,1819,2018-12-22 Lazio-Cagliari,Lazio,Thomas Strakosha,True,Goalkeeper,1,start,end,1.0,0.0,0.0,0.0,0.0,0.0,0.0,1.0,4.0,0.0,0.0,0.0,0.0,0.0,
ITA-Serie A,1819,2018-12-22 Napoli-SPAL,Napoli,Alex Meret,True,Goalkeeper,1,start,end,1.0,0.0,0.0,0.0,0.0,0.0,0.0,0.0,6.0,0.0,0.0,0.0,0.0,0.0,
ITA-Serie A,1819,2018-12-22 Napoli-SPAL,SPAL,Alfred Gomis,False,Goalkeeper,1,start,end,1.0,1.0,0.0,0.0,0.0,0.0,0.0,1.0,4.0,0.0,0.0,0.0,0.0,0.0,
ITA-Serie A,1819,2018-12-22 Parma-Bologna,Bologna,Lukasz Skorupski,False,Goalkeeper,1,start,end,1.0,0.0,0.0,0.0,0.0,0.0,0.0,0.0,0.0,0.0,0.0,0.0,0.0,0.0,
ITA-Serie A,1819,2018-12-22 Parma-Bologna,Parma,Luigi Sepe,True,Goalkeeper,1,start,end,1.0,0.0,0.0,0.0,0.0,0.0,0.0,0.0,1.0,0.0,0.0,0.0,0.0,0.0,
ITA-Serie A,1819,2018-12-22 Sassuolo-Torino,Sassuolo,Andrea Consigli,True,Goalkeeper,1,start,end,1.0,0.0,0.0,0.0,0.0,0.0,0.0,1.0,1.0,0.0,0.0,0.0,0.0,0.0,
ITA-Serie A,1819,2018-12-22 Sassuolo-Torino,Torino,Salvador Ichazo,False,Goalkeeper,1,start,end,1.0,0.0,0.0,0.0,0.0,0.0,0.0,1.0,4.0,0.0,0.0,0.0,0.0,0.0,
ITA-Serie A,1819,2018-12-22 Udinese-Frosinone,Frosinone,Marco Sportiello,False,Goalkeeper,1,start,end,1.0,0.0,0.0,0.0,0.0,0.0,1.0,1.0,0.0,0.0,0.0,0.0,0.0,0.0,
ITA-Serie A,1819,2018-12-22 Udinese-Frosinone,Udinese,Juan Musso,True,Goalkeeper,1,start,end,1.0,0.0,0.0,0.0,0.0,0.0,0.0,1.0,3.0,0.0,0.0,0.0,0.0,0.0,
ITA-Serie A,1819,2018-12-26 AS Roma-Sassuolo,AS Roma,Robin Olsen,True,Goalkeeper,1,start,end,1.0,0.0,0.0,0.0,0.0,0.0,0.0,1.0,2.0,0.0,0.0,0.0,0.0,0.0,
ITA-Serie A,1819,2018-12-26 AS Roma-Sassuolo,Sassuolo,Andrea Consigli,False,Goalkeeper,1,start,end,1.0,0.0,0.0,0.0,0.0,0.0,0.0,3.0,8.0,0.0,0.0,0.0,0.0,0.0,
ITA-Serie A,1819,2018-12-26 Atalanta-Juventus,Atalanta,Etrit Berisha,True,Goalkeeper,1,start,end,1.0,0.0,0.0,0.0,0.0,0.0,0.0,2.0,1.0,0.0,0.0,0.0,0.0,0.0,
ITA-Serie A,1819,2018-12-26 Atalanta-Juventus,Juventus,Wojciech Szczesny,False,Goalkeeper,1,start,end,1.0,0.0,0.0,0.0,0.0,0.0,0.0,2.0,4.0,0.0,0.0,0.0,0.0,0.0,
ITA-Serie A,1819,2018-12-26 Bologna-Lazio,Bologna,Lukasz Skorupski,True,Goalkeeper,1,start,end,1.0,0.0,0.0,0.0,0.0,0.0,0.0,2.0,3.0,0.0,0.0,0.0,0.0,0.0,
ITA-Serie A,1819,2018-12-26 Bologna-Lazio,Lazio,Thomas Strakosha,False,Goalkeeper,1,start,end,1.0,0.0,1.0,0.0,0.0,0.0,0.0,0.0,3.0,0.0,0.0,0.0,0.0,0.0,
ITA-Serie A,1819,2018-12-26 Cagliari-Genoa,Cagliari,Alessio Cragno,True,Goalkeeper,1,start,end,1.0,0.0,1.0,0.0,0.0,0.0,0.0,0.0,4.0,0.0,0.0,0.0,0.0,0.0,
ITA-Serie A,1819,2018-12-26 Cagliari-Genoa,Genoa,Andrei Radu,False,Goalkeeper,1,start,end,1.0,0.0,0.0,0.0,0.0,0.0,0.0,1.0,3.0,0.0,0.0,0.0,0.0,0.0,
ITA-Serie A,1819,2018-12-26 Fiorentina-Parma,Fiorentina,Alban Lafont,True,Goalkeeper,1,start,end,1.0,0.0,0.0,0.0,0.0,0.0,0.0,1.0,1.0,0.0,0.0,0.0,0.0,0.0,
ITA-Serie A,1819,2018-12-26 Fiorentina-Parma,Parma,Luigi Sepe,False,Goalkeeper,1,start,end,1.0,0.0,0.0,0.0,0.0,0.0,0.0,0.0,8.0,0.0,0.0,0.0,0.0,0.0,
ITA-Serie A,1819,2018-12-26 Frosinone-AC Milan,AC Milan,Gianluigi Donnarumma,False,Goalkeeper,1,start,end,1.0,0.0,0.0,0.0,0.0,0.0,1.0,0.0,6.0,0.0,0.0,0.0,0.0,0.0,
ITA-Serie A,1819,2018-12-26 Frosinone-AC Milan,Frosinone,Marco Sportiello,True,Goalkeeper,1,start,end,1.0,0.0,0.0,0.0,0.0,0.0,0.0,0.0,6.0,0.0,0.0,0.0,0.0,0.0,
ITA-Serie A,1819,2018-12-26 Internazionale-Napoli,Internazionale,Samir Handanovic,True,Goalkeeper,1,start,end,1.0,0.0,1.0,0.0,0.0,0.0,0.0,0.0,3.0,0.0,0.0,0.0,0.0,0.0,
ITA-Serie A,1819,2018-12-26 Internazionale-Napoli,Napoli,Alex Meret,False,Goalkeeper,1,start,end,1.0,0.0,1.0,0.0,0.0,0.0,0.0,1.0,3.0,0.0,0.0,0.0,0.0,0.0,
ITA-Serie A,1819,2018-12-26 SPAL-Udinese,SPAL,Alfred Gomis,True,Goalkeeper,1,start,end,1.0,0.0,0.0,0.0,0.0,0.0,0.0,0.0,1.0,0.0,0.0,0.0,0.0,0.0,
ITA-Serie A,1819,2018-12-26 SPAL-Udinese,Udinese,Juan Musso,False,Goalkeeper,1,start,end,1.0,0.0,0.0,0.0,0.0,0.0,0.0,0.0,2.0,0.0,0.0,0.0,0.0,0.0,
ITA-Serie A,1819,2018-12-26 Sampdoria-Chievo Verona,Chievo Verona,Stefano Sorrentino,False,Goalkeeper,1,start,end,1.0,0.0,0.0,0.0,0.0,0.0,0.0,2.0,2.0,0.0,0.0,0.0,0.0,0.0,
ITA-Serie A,1819,2018-12-26 Sampdoria-Chievo Verona,Sampdoria,Emil Audero,True,Goalkeeper,1,start,end,1.0,0.0,0.0,0.0,0.0,0.0,0.0,0.0,1.0,0.0,0.0,0.0,0.0,0.0,
ITA-Serie A,1819,2018-12-26 Torino-Empoli,Empoli,Ivan Provedel,False,Goalkeeper,1,start,end,1.0,0.0,0.0,0.0,0.0,0.0,0.0,3.0,5.0,0.0,0.0,0.0,0.0,0.0,
ITA-Serie A,1819,2018-12-26 Torino-Empoli,Torino,Salvador Ichazo,True,Goalkeeper,1,start,end,1.0,0.0,0.0,0.0,0.0,0.0,0.0,0.0,1.0,0.0,0.0,0.0,0.0,0.0,
ITA-Serie A,1819,2018-12-29 AC Milan-SPAL,AC Milan,Gianluigi Donnarumma,True,Goalkeeper,1,start,end,1.0,0.0,0.0,0.0,0.0,0.0,0.0,1.0,3.0,0.0,0.0,0.0,0.0,0.0,
ITA-Serie A,1819,2018-12-29 AC Milan-SPAL,SPAL,Alfred Gomis,False,Goalkeeper,1,start,end,1.0,0.0,0.0,0.0,0.0,0.0,0.0,2.0,2.0,0.0,0.0,0.0,0.0,0.0,
ITA-Serie A,1819,2018-12-29 Chievo Verona-Frosinone,Chievo Verona,Stefano Sorrentino,True,Goalkeeper,1,start,end,1.0,0.0,0.0,0.0,0.0,0.0,0.0,0.0,4.0,0.0,0.0,0.0,0.0,0.0,
ITA-Serie A,1819,2018-12-29 Chievo Verona-Frosinone,Frosinone,Marco Sportiello,False,Goalkeeper,1,start,end,1.0,0.0,0.0,0.0,0.0,0.0,0.0,1.0,2.0,0.0,0.0,0.0,0.0,0.0,
ITA-Serie A,1819,2018-12-29 Empoli-Internazionale,Empoli,Ivan Provedel,True,Goalkeeper,1,start,end,1.0,0.0,0.0,0.0,0.0,0.0,0.0,1.0,4.0,0.0,0.0,0.0,0.0,0.0,
ITA-Serie A,1819,2018-12-29 Empoli-Internazionale,Internazionale,Samir Handanovic,False,Goalkeeper,1,start,end,1.0,0.0,0.0,0.0,0.0,0.0,0.0,0.0,3.0,0.0,0.0,0.0,0.0,0.0,
ITA-Serie A,1819,2018-12-29 Genoa-Fiorentina,Fiorentina,Alban Lafont,False,Goalkeeper,1,start,end,1.0,0.0,1.0,0.0,0.0,0.0,0.0,0.0,3.0,0.0,0.0,0.0,0.0,0.0,
ITA-Serie A,1819,2018-12-29 Genoa-Fiorentina,Genoa,Andrei Radu,True,Goalkeeper,1,start,end,1.0,0.0,0.0,0.0,0.0,0.0,0.0,0.0,3.0,0.0,0.0,0.0,0.0,0.0,
ITA-Serie A,1819,2018-12-29 Juventus-Sampdoria,Juventus,Mattia Perin,True,Goalkeeper,1,start,end,1.0,0.0,2.0,0.0,0.0,0.0,0.0,1.0,2.0,0.0,0.0,0.0,0.0,0.0,
ITA-Serie A,1819,2018-12-29 Juventus-Sampdoria,Sampdoria,Emil Audero,False,Goalkeeper,1,start,end,1.0,0.0,0.0,0.0,0.0,0.0,0.0,2.0,6.0,0.0,0.0,0.0,0.0,0.0,
ITA-Serie A,1819,2018-12-29 Lazio-Torino,Lazio,Thomas Strakosha,True,Goalkeeper,1,start,end,1.0,0.0,0.0,0.0,0.0,0.0,0.0,1.0,2.0,0.0,0.0,0.0,0.0,0.0,
ITA-Serie A,1819,2018-12-29 Lazio-Torino,Torino,Salvatore Sirigu,False,Goalkeeper,1,start,end,1.0,0.0,0.0,0.0,0.0,0.0,0.0,1.0,3.0,0.0,0.0,0.0,0.0,0.0,
ITA-Serie A,1819,2018-12-29 Napoli-Bologna,Bologna,Lukasz Skorupski,False,Goalkeeper,1,start,end,1.0,0.0,0.0,0.0,0.0,0.0,0.0,3.0,4.0,0.0,0.0,0.0,0.0,0.0,
ITA-Serie A,1819,2018-12-29 Napoli-Bologna,Napoli,Alex Meret,True,Goalkeeper,1,start,end,1.0,0.0,2.0,0.0,0.0,0.0,0.0,2.0,2.0,0.0,0.0,0.0,0.0,0.0,
ITA-Serie A,1819,2018-12-29 Parma-AS Roma,AS Roma,Robin Olsen,False,Goalkeeper,1,start,end,1.0,0.0,0.0,0.0,0.0,0.0,0.0,0.0,2.0,0.0,0.0,0.0,0.0,0.0,
ITA-Serie A,1819,2018-12-29 Parma-AS Roma,Parma,Luigi Sepe,True,Goalkeeper,1,start,end,1.0,0.0,0.0,0.0,0.0,0.0,0.0,2.0,3.0,0.0,0.0,0.0,0.0,0.0,
ITA-Serie A,1819,2018-12-29 Sassuolo-Atalanta,Atalanta,Etrit Berisha,False,Goalkeeper,1,start,end,1.0,0.0,0.0,0.0,0.0,0.0,0.0,2.0,6.0,0.0,0.0,0.0,0.0,0.0,
ITA-Serie A,1819,2018-12-29 Sassuolo-Atalanta,Sassuolo,Andrea Consigli,True,Goalkeeper,1,start,end,1.0,0.0,0.0,0.0,0.0,0.0,0.0,6.0,3.0,0.0,0.0,0.0,0.0,0.0,
ITA-Serie A,1819,2018-12-29 Udinese-Cagliari,Cagliari,Alessio Cragno,False,Goalkeeper,1,start,end,1.0,0.0,0.0,0.0,0.0,0.0,0.0,2.0,3.0,0.0,0.0,0.0,0.0,0.0,
ITA-Serie A,1819,2018-12-29 Udinese-Cagliari,Udinese,Juan Musso,True,Goalkeeper,1,start,end,1.0,0.0,0.0,0.0,0.0,0.0,0.0,0.0,1.0,0.0,0.0,0.0,0.0,0.0,
ITA-Serie A,1819,2019-01-19 AS Roma-Torino,AS Roma,Robin Olsen,True,Goalkeeper,1,start,end,1.0,0.0,1.0,0.0,0.0,0.0,0.0,2.0,0.0,0.0,0.0,0.0,0.0,0.0,
ITA-Serie A,1819,2019-01-19 AS Roma-Torino,Torino,Salvatore Sirigu,False,Goalkeeper,1,start,end,1.0,1.0,0.0,0.0,0.0,0.0,0.0,3.0,6.0,0.0,0.0,0.0,0.0,0.0,
ITA-Serie A,1819,2019-01-19 Internazionale-Sassuolo,Internazionale,Samir Handanovic,True,Goalkeeper,1,start,end,1.0,0.0,0.0,0.0,0.0,0.0,0.0,0.0,5.0,0.0,0.0,0.0,0.0,0.0,
ITA-Serie A,1819,2019-01-19 Internazionale-Sassuolo,Sassuolo,Andrea Consigli,False,Goalkeeper,1,start,end,1.0,0.0,0.0,0.0,0.0,0.0,0.0,0.0,4.0,0.0,0.0,0.0,0.0,0.0,
ITA-Serie A,1819,2019-01-19 Udinese-Parma,Parma,Luigi Sepe,False,Goalkeeper,1,start,end,1.0,0.0,0.0,0.0,0.0,0.0,0.0,1.0,6.0,0.0,0.0,0.0,0.0,0.0,
ITA-Serie A,1819,2019-01-19 Udinese-Parma,Udinese,Juan Musso,True,Goalkeeper,1,start,end,1.0,0.0,1.0,0.0,0.0,0.0,0.0,2.0,2.0,0.0,0.0,0.0,0.0,0.0,
ITA-Serie A,1819,2019-01-20 Cagliari-Empoli,Cagliari,Alessio Cragno,True,Goalkeeper,1,start,end,1.0,0.0,0.0,0.0,0.0,0.0,0.0,2.0,2.0,0.0,0.0,0.0,0.0,0.0,
ITA-Serie A,1819,2019-01-20 Cagliari-Empoli,Empoli,Ivan Provedel,False,Goalkeeper,1,start,end,1.0,0.0,0.0,0.0,0.0,0.0,0.0,2.0,1.0,0.0,0.0,0.0,0.0,0.0,
ITA-Serie A,1819,2019-01-20 Fiorentina-Sampdoria,Fiorentina,Alban Lafont,True,Goalkeeper,1,start,end,1.0,0.0,1.0,0.0,0.0,0.0,0.0,3.0,2.0,0.0,0.0,0.0,0.0,0.0,
ITA-Serie A,1819,2019-01-20 Fiorentina-Sampdoria,Sampdoria,Emil Audero,False,Goalkeeper,1,start,end,1.0,0.0,0.0,0.0,0.0,0.0,0.0,3.0,0.0,0.0,0.0,0.0,0.0,0.0,
ITA-Serie A,1819,2019-01-20 Frosinone-Atalanta,Atalanta,Etrit Berisha,False,Goalkeeper,1,start,end,1.0,0.0,0.0,0.0,0.0,0.0,0.0,0.0,3.0,0.0,0.0,0.0,0.0,0.0,
ITA-Serie A,1819,2019-01-20 Frosinone-Atalanta,Frosinone,Marco Sportiello,True,Goalkeeper,1,start,end,1.0,0.0,0.0,0.0,0.0,0.0,0.0,5.0,6.0,0.0,0.0,0.0,0.0,0.0,
ITA-Serie A,1819,2019-01-20 Napoli-Lazio,Lazio,Thomas Strakosha,False,Goalkeeper,1,start,end,1.0,0.0,0.0,0.0,0.0,0.0,0.0,2.0,6.0,0.0,0.0,0.0,0.0,0.0,
ITA-Serie A,1819,2019-01-20 Napoli-Lazio,Napoli,Alex Meret,True,Goalkeeper,1,start,end,1.0,0.0,0.0,0.0,0.0,0.0,0.0,1.0,6.0,0.0,0.0,0.0,0.0,0.0,
ITA-Serie A,1819,2019-01-20 SPAL-Bologna,Bologna,Lukasz Skorupski,False,Goalkeeper,1,start,end,1.0,0.0,0.0,0.0,0.0,0.0,0.0,1.0,4.0,0.0,0.0,0.0,0.0,0.0,
ITA-Serie A,1819,2019-01-20 SPAL-Bologna,SPAL,Emiliano Viviano,True,Goalkeeper,1,start,end,1.0,0.0,0.0,0.0,0.0,0.0,0.0,1.0,4.0,0.0,0.0,0.0,0.0,0.0,
ITA-Serie A,1819,2019-01-21 Genoa-AC Milan,AC Milan,Gianluigi Donnarumma,False,Goalkeeper,1,start,end,1.0,0.0,0.0,0.0,0.0,0.0,0.0,0.0,8.0,0.0,0.0,0.0,0.0,0.0,
ITA-Serie A,1819,2019-01-21 Genoa-AC Milan,Genoa,Andrei Radu,True,Goalkeeper,1,start,end,1.0,0.0,0.0,0.0,0.0,0.0,0.0,2.0,4.0,0.0,0.0,0.0,0.0,0.0,
ITA-Serie A,1819,2019-01-21 Juventus-Chievo Verona,Chievo Verona,Stefano Sorrentino,False,Goalkeeper,1,start,end,1.0,0.0,0.0,0.0,0.0,0.0,0.0,3.0,8.0,0.0,0.0,0.0,0.0,0.0,
ITA-Serie A,1819,2019-01-21 Juventus-Chievo Verona,Juventus,Mattia Perin,True,Goalkeeper,1,start,end,1.0,0.0,0.0,0.0,0.0,0.0,0.0,0.0,3.0,0.0,0.0,0.0,0.0,0.0,
ITA-Serie A,1819,2019-01-26 AC Milan-Napoli,AC Milan,Gianluigi Donnarumma,True,Goalkeeper,1,start,end,1.0,0.0,0.0,0.0,0.0,0.0,0.0,0.0,6.0,0.0,0.0,0.0,0.0,0.0,
ITA-Serie A,1819,2019-01-26 AC Milan-Napoli,Napoli,David Ospina,False,Goalkeeper,1,start,end,1.0,0.0,1.0,0.0,0.0,0.0,0.0,0.0,5.0,0.0,0.0,0.0,0.0,0.0,
ITA-Serie A,1819,2019-01-26 Sampdoria-Udinese,Sampdoria,Emil Audero,True,Goalkeeper,1,start,end,1.0,0.0,0.0,0.0,0.0,0.0,1.0,0.0,0.0,0.0,0.0,0.0,0.0,0.0,
ITA-Serie A,1819,2019-01-26 Sampdoria-Udinese,Udinese,Juan Musso,False,Goalkeeper,1,start,end,1.0,0.0,0.0,0.0,0.0,0.0,0.0,4.0,5.0,0.0,0.0,0.0,0.0,0.0,
ITA-Serie A,1819,2019-01-26 Sassuolo-Cagliari,Cagliari,Alessio Cragno,False,Goalkeeper,1,start,end,1.0,0.0,2.0,0.0,0.0,0.0,0.0,3.0,6.0,0.0,0.0,0.0,0.0,0.0,
ITA-Serie A,1819,2019-01-26 Sassuolo-Cagliari,Sassuolo,Andrea Consigli,True,Goalkeeper,1,start,end,1.0,0.0,1.0,0.0,0.0,0.0,0.0,0.0,3.0,0.0,0.0,0.0,0.0,0.0,
ITA-Serie A,1819,2019-01-27 Atalanta-AS Roma,AS Roma,Robin Olsen,False,Goalkeeper,1,start,end,1.0,0.0,0.0,0.0,0.0,0.0,0.0,3.0,2.0,0.0,0.0,0.0,0.0,0.0,
ITA-Serie A,1819,2019-01-27 Atalanta-AS Roma,Atalanta,Etrit Berisha,True,Goalkeeper,1,start,end,1.0,0.0,0.0,0.0,0.0,0.0,0.0,3.0,2.0,0.0,0.0,0.0,0.0,0.0,
ITA-Serie A,1819,2019-01-27 Bologna-Frosinone,Bologna,Lukasz Skorupski,True,Goalkeeper,1,start,end,1.0,0.0,0.0,0.0,0.0,0.0,0.0,4.0,0.0,0.0,0.0,0.0,0.0,0.0,
ITA-Serie A,1819,2019-01-27 Bologna-Frosinone,Frosinone,Marco Sportiello,False,Goalkeeper,1,start,end,1.0,0.0,1.0,0.0,0.0,0.0,0.0,0.0,2.0,0.0,0.0,0.0,0.0,0.0,
ITA-Serie A,1819,2019-01-27 Chievo Verona-Fiorentina,Chievo Verona,Stefano Sorrentino,True,Goalkeeper,1,start,end,1.0,0.0,0.0,0.0,0.0,0.0,1.0,4.0,1.0,0.0,0.0,0.0,0.0,0.0,
ITA-Serie A,1819,2019-01-27 Chievo Verona-Fiorentina,Fiorentina,Alban Lafont,False,Goalkeeper,1,start,end,1.0,0.0,0.0,0.0,0.0,0.0,0.0,3.0,5.0,0.0,0.0,0.0,0.0,0.0,
ITA-Serie A,1819,2019-01-27 Lazio-Juventus,Juventus,Wojciech Szczesny,False,Goalkeeper,1,start,end,1.0,0.0,0.0,0.0,0.0,0.0,0.0,1.0,5.0,0.0,0.0,0.0,0.0,0.0,
ITA-Serie A,1819,2019-01-27 Lazio-Juventus,Lazio,Thomas Strakosha,True,Goalkeeper,1,start,end,1.0,0.0,0.0,0.0,0.0,0.0,0.0,2.0,1.0,0.0,0.0,0.0,0.0,0.0,
ITA-Serie A,1819,2019-01-27 Parma-SPAL,Parma,Luigi Sepe,True,Goalkeeper,1,start,end,1.0,0.0,0.0,0.0,0.0,0.0,0.0,3.0,3.0,0.0,0.0,0.0,0.0,0.0,
ITA-Serie A,1819,2019-01-27 Parma-SPAL,SPAL,Emiliano Viviano,False,Goalkeeper,1,start,end,1.0,0.0,0.0,0.0,0.0,0.0,0.0,2.0,2.0,0.0,0.0,0.0,0.0,0.0,
ITA-Serie A,1819,2019-01-27 Torino-Internazionale,Internazionale,Samir Handanovic,False,Goalkeeper,1,start,end,1.0,0.0,0.0,0.0,0.0,0.0,0.0,1.0,2.0,0.0,0.0,0.0,0.0,0.0,
ITA-Serie A,1819,2019-01-27 Torino-Internazionale,Torino,Salvatore Sirigu,True,Goalkeeper,1,start,end,1.0,0.0,0.0,0.0,0.0,0.0,0.0,0.0,2.0,0.0,0.0,0.0,0.0,0.0,
ITA-Serie A,1819,2019-01-28 Empoli-Genoa,Empoli,Ivan Provedel,True,Goalkeeper,1,start,end,1.0,0.0,0.0,0.0,0.0,0.0,0.0,3.0,4.0,0.0,0.0,0.0,0.0,0.0,
ITA-Serie A,1819,2019-01-28 Empoli-Genoa,Genoa,Andrei Radu,False,Goalkeeper,1,start,end,1.0,0.0,0.0,0.0,0.0,0.0,0.0,1.0,3.0,0.0,0.0,0.0,0.0,0.0,
ITA-Serie A,1819,2019-02-02 Empoli-Chievo Verona,Chievo Verona,Stefano Sorrentino,False,Goalkeeper,1,start,end,1.0,0.0,0.0,0.0,0.0,0.0,0.0,2.0,6.0,0.0,0.0,0.0,0.0,0.0,
ITA-Serie A,1819,2019-02-02 Empoli-Chievo Verona,Empoli,Ivan Provedel,True,Goalkeeper,1,start,end,1.0,0.0,0.0,0.0,0.0,0.0,0.0,2.0,1.0,0.0,0.0,0.0,0.0,0.0,
ITA-Serie A,1819,2019-02-02 Juventus-Parma,Juventus,Mattia Perin,True,Goalkeeper,1,start,end,1.0,0.0,0.0,0.0,0.0,0.0,0.0,3.0,2.0,0.0,0.0,0.0,0.0,0.0,
ITA-Serie A,1819,2019-02-02 Juventus-Parma,Parma,Luigi Sepe,False,Goalkeeper,1,start,end,1.0,0.0,1.0,0.0,0.0,0.0,0.0,3.0,4.0,0.0,0.0,0.0,0.0,0.0,
ITA-Serie A,1819,2019-02-02 Napoli-Sampdoria,Napoli,Alex Meret,True,Goalkeeper,1,start,end,1.0,0.0,0.0,0.0,0.0,0.0,0.0,0.0,2.0,0.0,0.0,0.0,0.0,0.0,
ITA-Serie A,1819,2019-02-02 Napoli-Sampdoria,Sampdoria,Emil Audero,False,Goalkeeper,1,start,end,1.0,0.0,0.0,0.0,0.0,0.0,0.0,3.0,6.0,0.0,0.0,0.0,0.0,0.0,
ITA-Serie A,1819,2019-02-03 AS Roma-AC Milan,AC Milan,Gianluigi Donnarumma,False,Goalkeeper,1,start,end,1.0,0.0,0.0,0.0,0.0,0.0,0.0,1.0,7.0,0.0,0.0,0.0,0.0,0.0,
ITA-Serie A,1819,2019-02-03 AS Roma-AC Milan,AS Roma,Robin Olsen,True,Goalkeeper,1,start,end,1.0,0.0,0.0,0.0,0.0,0.0,0.0,1.0,4.0,0.0,0.0,0.0,0.0,0.0,
ITA-Serie A,1819,2019-02-03 Genoa-Sassuolo,Genoa,Andrei Radu,True,Goalkeeper,1,start,end,1.0,0.0,0.0,0.0,0.0,0.0,0.0,1.0,3.0,0.0,0.0,0.0,0.0,0.0,
ITA-Serie A,1819,2019-02-03 Genoa-Sassuolo,Sassuolo,Andrea Consigli,False,Goalkeeper,1,start,end,1.0,0.0,0.0,0.0,0.0,0.0,0.0,1.0,2.0,0.0,0.0,0.0,0.0,0.0,
ITA-Serie A,1819,2019-02-03 Internazionale-Bologna,Bologna,Lukasz Skorupski,False,Goalkeeper,1,start,end,1.0,0.0,0.0,0.0,0.0,0.0,0.0,0.0,3.0,0.0,0.0,0.0,0.0,0.0,
ITA-Serie A,1819,2019-02-03 Internazionale-Bologna,Internazionale,Samir Handanovic,True,Goalkeeper,1,start,end,1.0,0.0,0.0,0.0,0.0,0.0,0.0,1.0,3.0,0.0,0.0,0.0,0.0,0.0,
ITA-Serie A,1819,2019-02-03 SPAL-Torino,SPAL,Emiliano Viviano,True,Goalkeeper,1,start,end,1.0,0.0,0.0,0.0,0.0,0.0,0.0,0.0,2.0,0.0,0.0,0.0,0.0,0.0,
ITA-Serie A,1819,2019-02-03 SPAL-Torino,Torino,Salvatore Sirigu,False,Goalkeeper,1,start,end,1.0,0.0,1.0,0.0,0.0,0.0,0.0,0.0,1.0,0.0,0.0,0.0,0.0,0.0,
ITA-Serie A,1819,2019-02-03 Udinese-Fiorentina,Fiorentina,Alban Lafont,False,Goalkeeper,1,start,end,1.0,0.0,0.0,0.0,0.0,0.0,0.0,1.0,0.0,0.0,0.0,0.0,0.0,0.0,
ITA-Serie A,1819,2019-02-03 Udinese-Fiorentina,Udinese,Juan Musso,True,Goalkeeper,1,start,end,1.0,0.0,0.0,0.0,0.0,0.0,0.0,1.0,3.0,0.0,0.0,0.0,0.0,0.0,
ITA-Serie A,1819,2019-02-04 Cagliari-Atalanta,Atalanta,Etrit Berisha,False,Goalkeeper,1,start,end,1.0,0.0,0.0,0.0,0.0,0.0,1.0,0.0,2.0,0.0,0.0,0.0,0.0,0.0,
ITA-Serie A,1819,2019-02-04 Cagliari-Atalanta,Cagliari,Alessio Cragno,True,Goalkeeper,1,start,end,1.0,0.0,0.0,0.0,0.0,0.0,0.0,1.0,5.0,0.0,0.0,0.0,0.0,0.0,
ITA-Serie A,1819,2019-02-04 Frosinone-Lazio,Frosinone,Marco Sportiello,True,Goalkeeper,1,start,end,1.0,0.0,0.0,0.0,0.0,0.0,0.0,1.0,3.0,0.0,0.0,0.0,0.0,0.0,
ITA-Serie A,1819,2019-02-04 Frosinone-Lazio,Lazio,Thomas Strakosha,False,Goalkeeper,1,start,end,1.0,0.0,0.0,0.0,0.0,0.0,1.0,0.0,3.0,0.0,0.0,0.0,0.0,0.0,
ITA-Serie A,1819,2019-02-07 Lazio-Empoli,Empoli,Ivan Provedel,False,Goalkeeper,1,start,end,1.0,1.0,1.0,0.0,0.0,0.0,0.0,1.0,3.0,0.0,0.0,0.0,0.0,0.0,
ITA-Serie A,1819,2019-02-07 Lazio-Empoli,Lazio,Thomas Strakosha,True,Goalkeeper,1,start,end,1.0,0.0,0.0,0.0,0.0,0.0,0.0,0.0,1.0,0.0,0.0,0.0,0.0,0.0,
ITA-Serie A,1819,2019-02-08 Chievo Verona-AS Roma,AS Roma,Antonio Mirante,False,Goalkeeper,1,start,end,1.0,0.0,1.0,0.0,0.0,0.0,0.0,0.0,5.0,0.0,0.0,0.0,0.0,0.0,
ITA-Serie A,1819,2019-02-08 Chievo Verona-AS Roma,Chievo Verona,Stefano Sorrentino,True,Goalkeeper,1,start,end,1.0,0.0,0.0,0.0,0.0,0.0,0.0,3.0,4.0,0.0,0.0,0.0,0.0,0.0,
ITA-Serie A,1819,2019-02-09 Fiorentina-Napoli,Fiorentina,Alban Lafont,True,Goalkeeper,1,start,end,1.0,0.0,0.0,0.0,0.0,0.0,0.0,0.0,4.0,0.0,0.0,0.0,0.0,0.0,
ITA-Serie A,1819,2019-02-09 Fiorentina-Napoli,Napoli,Alex Meret,False,Goalkeeper,1,start,end,1.0,0.0,0.0,0.0,0.0,0.0,0.0,0.0,3.0,0.0,0.0,0.0,0.0,0.0,
ITA-Serie A,1819,2019-02-09 Parma-Internazionale,Internazionale,Samir Handanovic,False,Goalkeeper,1,start,end,1.0,0.0,0.0,0.0,0.0,0.0,0.0,0.0,1.0,0.0,0.0,0.0,0.0,0.0,
ITA-Serie A,1819,2019-02-09 Parma-Internazionale,Parma,Luigi Sepe,True,Goalkeeper,1,start,end,1.0,0.0,0.0,0.0,0.0,0.0,0.0,1.0,4.0,0.0,0.0,0.0,0.0,0.0,
ITA-Serie A,1819,2019-02-10 AC Milan-Cagliari,AC Milan,Gianluigi Donnarumma,True,Goalkeeper,1,start,end,1.0,0.0,0.0,0.0,0.0,0.0,0.0,0.0,2.0,0.0,0.0,0.0,0.0,0.0,
ITA-Serie A,1819,2019-02-10 AC Milan-Cagliari,Cagliari,Alessio Cragno,False,Goalkeeper,1,start,end,1.0,0.0,0.0,0.0,0.0,0.0,0.0,3.0,9.0,0.0,0.0,0.0,0.0,0.0,
ITA-Serie A,1819,2019-02-10 Atalanta-SPAL,Atalanta,Etrit Berisha,True,Goalkeeper,1,start,end,1.0,0.0,0.0,0.0,0.0,0.0,0.0,1.0,1.0,0.0,0.0,0.0,0.0,0.0,
ITA-Serie A,1819,2019-02-10 Atalanta-SPAL,SPAL,Emiliano Viviano,False,Goalkeeper,1,start,end,1.0,0.0,0.0,0.0,0.0,0.0,0.0,2.0,2.0,0.0,0.0,0.0,0.0,0.0,
ITA-Serie A,1819,2019-02-10 Bologna-Genoa,Bologna,Lukasz Skorupski,True,Goalkeeper,1,start,end,1.0,0.0,0.0,0.0,0.0,0.0,0.0,1.0,4.0,0.0,0.0,0.0,0.0,0.0,
ITA-Serie A,1819,2019-02-10 Bologna-Genoa,Genoa,Andrei Radu,False,Goalkeeper,1,start,end,1.0,0.0,0.0,0.0,0.0,0.0,0.0,1.0,2.0,0.0,0.0,0.0,0.0,0.0,
ITA-Serie A,1819,2019-02-10 Sampdoria-Frosinone,Frosinone,Marco Sportiello,False,Goalkeeper,1,start,end,1.0,0.0,0.0,0.0,0.0,0.0,1.0,0.0,7.0,0.0,0.0,0.0,0.0,0.0,
ITA-Serie A,1819,2019-02-10 Sampdoria-Frosinone,Sampdoria,Emil Audero,True,Goalkeeper,1,start,end,1.0,0.0,0.0,0.0,0.0,0.0,0.0,1.0,0.0,0.0,0.0,0.0,0.0,0.0,
ITA-Serie A,1819,2019-02-10 Sassuolo-Juventus,Juventus,Wojciech Szczesny,False,Goalkeeper,1,start,end,1.0,0.0,1.0,0.0,0.0,0.0,0.0,0.0,2.0,0.0,0.0,0.0,0.0,0.0,
ITA-Serie A,1819,2019-02-10 Sassuolo-Juventus,Sassuolo,Andrea Consigli,True,Goalkeeper,1,start,end,1.0,0.0,0.0,0.0,0.0,0.0,0.0,3.0,2.0,0.0,0.0,0.0,0.0,0.0,
ITA-Serie A,1819,2019-02-10 Torino-Udinese,Torino,Salvatore Sirigu,True,Goalkeeper,1,start,end,1.0,0.0,0.0,0.0,0.0,0.0,0.0,0.0,3.0,0.0,0.0,0.0,0.0,0.0,
ITA-Serie A,1819,2019-02-10 Torino-Udinese,Udinese,Juan Musso,False,Goalkeeper,1,start,end,1.0,0.0,0.0,0.0,0.0,0.0,0.0,1.0,6.0,0.0,0.0,0.0,0.0,0.0,
ITA-Serie A,1819,2019-02-15 Juventus-Frosinone,Frosinone,Marco Sportiello,False,Goalkeeper,1,start,end,1.0,0.0,0.0,0.0,0.0,0.0,0.0,3.0,6.0,0.0,0.0,0.0,0.0,0.0,
ITA-Serie A,1819,2019-02-15 Juventus-Frosinone,Juventus,Wojciech Szczesny,True,Goalkeeper,1,start,end,1.0,0.0,0.0,0.0,0.0,0.0,0.0,0.0,1.0,0.0,0.0,0.0,0.0,0.0,
ITA-Serie A,1819,2019-02-16 Atalanta-AC Milan,AC Milan,Gianluigi Donnarumma,False,Goalkeeper,1,start,end,1.0,0.0,0.0,0.0,0.0,0.0,0.0,1.0,4.0,0.0,0.0,0.0,0.0,0.0,
ITA-Serie A,1819,2019-02-16 Atalanta-AC Milan,Atalanta,Etrit Berisha,True,Goalkeeper,1,start,end,1.0,0.0,0.0,0.0,0.0,0.0,0.0,3.0,0.0,0.0,0.0,0.0,0.0,0.0,
ITA-Serie A,1819,2019-02-16 Cagliari-Parma,Cagliari,Alessio Cragno,True,Goalkeeper,1,start,end,1.0,0.0,0.0,0.0,0.0,0.0,0.0,1.0,2.0,0.0,0.0,0.0,0.0,0.0,
ITA-Serie A,1819,2019-02-16 Cagliari-Parma,Parma,Luigi Sepe,False,Goalkeeper,1,start,end,1.0,0.0,0.0,0.0,0.0,0.0,0.0,2.0,1.0,0.0,0.0,0.0,0.0,0.0,
ITA-Serie A,1819,2019-02-17 Empoli-Sassuolo,Empoli,Bartlomiej Dragowski,True,Goalkeeper,1,start,end,1.0,0.0,0.0,0.0,0.0,0.0,0.0,0.0,2.0,0.0,0.0,0.0,0.0,0.0,
ITA-Serie A,1819,2019-02-17 Empoli-Sassuolo,Sassuolo,Andrea Consigli,False,Goalkeeper,1,start,end,1.0,0.0,0.0,0.0,0.0,0.0,0.0,3.0,2.0,0.0,0.0,0.0,0.0,0.0,
ITA-Serie A,1819,2019-02-17 Genoa-Lazio,Genoa,Andrei Radu,True,Goalkeeper,1,start,end,1.0,0.0,0.0,0.0,0.0,0.0,0.0,1.0,4.0,0.0,0.0,0.0,0.0,0.0,
ITA-Serie A,1819,2019-02-17 Genoa-Lazio,Lazio,Thomas Strakosha,False,Goalkeeper,1,start,end,1.0,0.0,0.0,0.0,0.0,0.0,0.0,2.0,5.0,0.0,0.0,0.0,0.0,0.0,
ITA-Serie A,1819,2019-02-17 Internazionale-Sampdoria,Internazionale,Samir Handanovic,True,Goalkeeper,1,start,end,1.0,0.0,0.0,0.0,0.0,0.0,0.0,1.0,1.0,0.0,0.0,0.0,0.0,0.0,
ITA-Serie A,1819,2019-02-17 Internazionale-Sampdoria,Sampdoria,Emil Audero,False,Goalkeeper,1,start,end,1.0,0.0,1.0,0.0,0.0,0.0,0.0,2.0,4.0,0.0,0.0,0.0,0.0,0.0,
ITA-Serie A,1819,2019-02-17 Napoli-Torino,Napoli,David Ospina,True,Goalkeeper,1,start,end,1.0,0.0,0.0,0.0,0.0,0.0,0.0,0.0,1.0,0.0,0.0,0.0,0.0,0.0,
ITA-Serie A,1819,2019-02-17 Napoli-Torino,Torino,Salvatore Sirigu,False,Goalkeeper,1,start,end,1.0,0.0,0.0,0.0,0.0,0.0,0.0,0.0,9.0,0.0,0.0,0.0,0.0,0.0,
ITA-Serie A,1819,2019-02-17 SPAL-Fiorentina,Fiorentina,Alban Lafont,False,Goalkeeper,1,start,end,1.0,0.0,0.0,0.0,0.0,0.0,0.0,1.0,3.0,0.0,0.0,0.0,0.0,0.0,
ITA-Serie A,1819,2019-02-17 SPAL-Fiorentina,SPAL,Emiliano Viviano,True,Goalkeeper,1,start,end,1.0,0.0,0.0,0.0,0.0,0.0,0.0,4.0,3.0,0.0,0.0,0.0,0.0,0.0,
ITA-Serie A,1819,2019-02-17 Udinese-Chievo Verona,Chievo Verona,Stefano Sorrentino,False,Goalkeeper,1,start,end,1.0,0.0,0.0,0.0,0.0,0.0,0.0,1.0,5.0,0.0,0.0,0.0,0.0,0.0,
ITA-Serie A,1819,2019-02-17 Udinese-Chievo Verona,Udinese,Juan Musso,True,Goalkeeper,1,start,end,1.0,0.0,0.0,0.0,0.0,0.0,0.0,0.0,7.0,0.0,0.0,0.0,0.0,0.0,
ITA-Serie A,1819,2019-02-18 AS Roma-Bologna,AS Roma,Robin Olsen,True,Goalkeeper,1,start,end,1.0,0.0,0.0,0.0,0.0,0.0,0.0,1.0,6.0,0.0,0.0,0.0,0.0,0.0,
ITA-Serie A,1819,2019-02-18 AS Roma-Bologna,Bologna,Lukasz Skorupski,False,Goalkeeper,1,start,end,1.0,0.0,0.0,0.0,0.0,0.0,0.0,2.0,2.0,0.0,0.0,0.0,0.0,0.0,
ITA-Serie A,1819,2019-02-22 AC Milan-Empoli,AC Milan,Gianluigi Donnarumma,True,Goalkeeper,1,start,end,1.0,0.0,0.0,0.0,0.0,0.0,0.0,0.0,1.0,0.0,0.0,0.0,0.0,0.0,
ITA-Serie A,1819,2019-02-22 AC Milan-Empoli,Empoli,Bartlomiej Dragowski,False,Goalkeeper,1,start,end,1.0,0.0,0.0,0.0,0.0,0.0,0.0,3.0,4.0,0.0,0.0,0.0,0.0,0.0,
ITA-Serie A,1819,2019-02-23 Frosinone-AS Roma,AS Roma,Robin Olsen,False,Goalkeeper,1,start,end,1.0,0.0,0.0,0.0,0.0,0.0,0.0,2.0,3.0,0.0,0.0,0.0,0.0,0.0,
ITA-Serie A,1819,2019-02-23 Frosinone-AS Roma,Frosinone,Marco Sportiello,True,Goalkeeper,1,start,end,1.0,0.0,0.0,0.0,0.0,0.0,0.0,3.0,2.0,0.0,0.0,0.0,0.0,0.0,
ITA-Serie A,1819,2019-02-23 Torino-Atalanta,Atalanta,Etrit Berisha,False,Goalkeeper,1,start,end,1.0,0.0,0.0,0.0,0.0,0.0,0.0,2.0,6.0,0.0,0.0,0.0,0.0,0.0,
ITA-Serie A,1819,2019-02-23 Torino-Atalanta,Torino,Salvatore Sirigu,True,Goalkeeper,1,start,end,1.0,0.0,0.0,0.0,0.0,0.0,0.0,0.0,3.0,0.0,0.0,0.0,0.0,0.0,
ITA-Serie A,1819,2019-02-24 Bologna-Juventus,Bologna,Lukasz Skorupski,True,Goalkeeper,1,start,end,1.0,0.0,0.0,0.0,0.0,0.0,0.0,1.0,3.0,0.0,0.0,0.0,0.0,0.0,
ITA-Serie A,1819,2019-02-24 Bologna-Juventus,Juventus,Mattia Perin,False,Goalkeeper,1,start,end,1.0,0.0,0.0,0.0,0.0,0.0,0.0,0.0,3.0,0.0,0.0,0.0,0.0,0.0,
ITA-Serie A,1819,2019-02-24 Chievo Verona-Genoa,Chievo Verona,Stefano Sorrentino,True,Goalkeeper,1,start,end,1.0,0.0,1.0,0.0,0.0,0.0,0.0,0.0,1.0,0.0,0.0,0.0,0.0,0.0,
ITA-Serie A,1819,2019-02-24 Chievo Verona-Genoa,Genoa,Andrei Radu,False,Goalkeeper,1,start,end,1.0,0.0,1.0,0.0,0.0,0.0,0.0,0.0,5.0,0.0,0.0,0.0,0.0,0.0,
ITA-Serie A,1819,2019-02-24 Fiorentina-Internazionale,Fiorentina,Alban Lafont,True,Goalkeeper,1,start,end,1.0,0.0,0.0,0.0,0.0,0.0,1.0,3.0,1.0,0.0,0.0,0.0,0.0,0.0,
ITA-Serie A,1819,2019-02-24 Fiorentina-Internazionale,Internazionale,Samir Handanovic,False,Goalkeeper,1,start,end,1.0,0.0,0.0,0.0,0.0,0.0,0.0,3.0,0.0,0.0,0.0,0.0,0.0,0.0,
ITA-Serie A,1819,2019-02-24 Parma-Napoli,Napoli,Alex Meret,False,Goalkeeper,1,start,end,1.0,0.0,0.0,0.0,0.0,0.0,0.0,0.0,2.0,0.0,0.0,0.0,0.0,0.0,
ITA-Serie A,1819,2019-02-24 Parma-Napoli,Parma,Luigi Sepe,True,Goalkeeper,1,start,end,1.0,0.0,0.0,0.0,0.0,0.0,0.0,4.0,1.0,0.0,0.0,0.0,0.0,0.0,
ITA-Serie A,1819,2019-02-24 Sampdoria-Cagliari,Cagliari,Alessio Cragno,False,Goalkeeper,1,start,end,1.0,0.0,0.0,0.0,0.0,0.0,0.0,1.0,4.0,0.0,0.0,0.0,0.0,0.0,
ITA-Serie A,1819,2019-02-24 Sampdoria-Cagliari,Sampdoria,Emil Audero,True,Goalkeeper,1,start,end,1.0,0.0,0.0,0.0,0.0,0.0,0.0,0.0,1.0,0.0,0.0,0.0,0.0,0.0,
ITA-Serie A,1819,2019-02-24 Sassuolo-SPAL,SPAL,Alfred Gomis,False,Goalkeeper,1,start,end,1.0,0.0,0.0,0.0,0.0,0.0,0.0,1.0,0.0,0.0,0.0,0.0,0.0,0.0,
ITA-Serie A,1819,2019-02-24 Sassuolo-SPAL,Sassuolo,Andrea Consigli,True,Goalkeeper,1,start,end,1.0,0.0,0.0,0.0,0.0,0.0,0.0,1.0,1.0,0.0,0.0,0.0,0.0,0.0,
ITA-Serie A,1819,2019-03-01 Cagliari-Internazionale,Cagliari,Alessio Cragno,True,Goalkeeper,1,start,end,1.0,0.0,0.0,0.0,0.0,0.0,1.0,1.0,5.0,0.0,0.0,0.0,0.0,0.0,
ITA-Serie A,1819,2019-03-01 Cagliari-Internazionale,Internazionale,Samir Handanovic,False,Goalkeeper,1,start,end,1.0,0.0,0.0,0.0,0.0,0.0,0.0,2.0,3.0,0.0,0.0,0.0,0.0,0.0,
ITA-Serie A,1819,2019-03-02 AC Milan-Sassuolo,AC Milan,Gianluigi Donnarumma,True,Goalkeeper,1,start,end,1.0,0.0,0.0,0.0,0.0,0.0,0.0,0.0,4.0,0.0,0.0,0.0,0.0,0.0,
ITA-Serie A,1819,2019-03-02 AC Milan-Sassuolo,Sassuolo,Andrea Consigli,False,Goalkeeper,1,start,end,1.0,1.0,0.0,0.0,1.0,0.0,0.0,1.0,1.0,0.0,0.0,0.0,0.0,0.0,
ITA-Serie A,1819,2019-03-02 Empoli-Parma,Empoli,Bartlomiej Dragowski,True,Goalkeeper,1,start,end,1.0,0.0,0.0,0.0,0.0,0.0,1.0,3.0,4.0,0.0,0.0,0.0,0.0,0.0,
ITA-Serie A,1819,2019-03-02 Empoli-Parma,Parma,Luigi Sepe,False,Goalkeeper,1,start,end,1.0,0.0,0.0,0.0,0.0,0.0,0.0,3.0,6.0,0.0,0.0,0.0,0.0,0.0,
ITA-Serie A,1819,2019-03-02 Lazio-AS Roma,AS Roma,Robin Olsen,False,Goalkeeper,1,start,end,1.0,0.0,1.0,0.0,0.0,0.0,0.0,3.0,1.0,0.0,0.0,0.0,0.0,0.0,
ITA-Serie A,1819,2019-03-02 Lazio-AS Roma,Lazio,Thomas Strakosha,True,Goalkeeper,1,start,end,1.0,0.0,1.0,0.0,0.0,0.0,0.0,0.0,3.0,0.0,0.0,0.0,0.0,0.0,
ITA-Serie A,1819,2019-03-03 Atalanta-Fiorentina,Atalanta,Pierluigi Gollini,True,Goalkeeper,1,start,end,1.0,0.0,0.0,0.0,0.0,0.0,0.0,1.0,2.0,0.0,0.0,0.0,0.0,0.0,
ITA-Serie A,1819,2019-03-03 Atalanta-Fiorentina,Fiorentina,Alban Lafont,False,Goalkeeper,1,start,end,1.0,0.0,1.0,0.0,0.0,0.0,0.0,3.0,8.0,0.0,0.0,0.0,0.0,0.0,
ITA-Serie A,1819,2019-03-03 Genoa-Frosinone,Frosinone,Marco Sportiello,False,Goalkeeper,1,start,end,1.0,0.0,0.0,0.0,0.0,0.0,0.0,0.0,3.0,0.0,0.0,0.0,0.0,0.0,
ITA-Serie A,1819,2019-03-03 Genoa-Frosinone,Genoa,Andrei Radu,True,Goalkeeper,1,start,end,1.0,0.0,0.0,0.0,0.0,0.0,0.0,0.0,0.0,0.0,0.0,0.0,0.0,0.0,
ITA-Serie A,1819,2019-03-03 Napoli-Juventus,Juventus,Wojciech Szczesny,False,Goalkeeper,1,start,end,1.0,0.0,0.0,0.0,0.0,0.0,0.0,1.0,4.0,0.0,0.0,0.0,0.0,0.0,
ITA-Serie A,1819,2019-03-03 Napoli-Juventus,Napoli,Alex Meret,True,Goalkeeper,1,start,end,1.0,1.0,1.0,0.0,1.0,0.0,0.0,0.0,0.0,0.0,0.0,0.0,0.0,0.0,
ITA-Serie A,1819,2019-03-03 SPAL-Sampdoria,SPAL,Emiliano Viviano,True,Goalkeeper,1,start,end,1.0,0.0,0.0,0.0,0.0,0.0,0.0,2.0,6.0,0.0,0.0,0.0,0.0,0.0,
ITA-Serie A,1819,2019-03-03 SPAL-Sampdoria,Sampdoria,Emil Audero,False,Goalkeeper,1,start,end,1.0,0.0,0.0,0.0,0.0,0.0,1.0,1.0,1.0,0.0,0.0,0.0,0.0,0.0,
ITA-Serie A,1819,2019-03-03 Torino-Chievo Verona,Chievo Verona,Stefano Sorrentino,False,Goalkeeper,1,start,end,1.0,0.0,0.0,0.0,0.0,0.0,0.0,3.0,2.0,0.0,0.0,0.0,0.0,0.0,
ITA-Serie A,1819,2019-03-03 Torino-Chievo Verona,Torino,Salvatore Sirigu,True,Goalkeeper,1,start,end,1.0,0.0,0.0,0.0,0.0,0.0,0.0,0.0,4.0,0.0,0.0,0.0,0.0,0.0,
ITA-Serie A,1819,2019-03-03 Udinese-Bologna,Bologna,Lukasz Skorupski,False,Goalkeeper,1,start,end,1.0,0.0,1.0,0.0,0.0,0.0,0.0,2.0,3.0,0.0,0.0,0.0,0.0,0.0,
ITA-Serie A,1819,2019-03-03 Udinese-Bologna,Udinese,Juan Musso,True,Goalkeeper,1,start,end,1.0,0.0,0.0,0.0,0.0,0.0,0.0,1.0,2.0,0.0,0.0,0.0,0.0,0.0,
ITA-Serie A,1819,2019-03-08 Juventus-Udinese,Juventus,Wojciech Szczesny,True,Goalkeeper,1,start,end,1.0,0.0,0.0,0.0,0.0,0.0,0.0,1.0,1.0,0.0,0.0,0.0,0.0,0.0,
ITA-Serie A,1819,2019-03-08 Juventus-Udinese,Udinese,Juan Musso,False,Goalkeeper,1,start,end,1.0,0.0,0.0,0.0,0.0,0.0,0.0,4.0,2.0,0.0,0.0,0.0,0.0,0.0,
ITA-Serie A,1819,2019-03-09 Chievo Verona-AC Milan,AC Milan,Gianluigi Donnarumma,False,Goalkeeper,1,start,end,1.0,0.0,0.0,0.0,0.0,0.0,0.0,1.0,0.0,0.0,0.0,0.0,0.0,0.0,
ITA-Serie A,1819,2019-03-09 Chievo Verona-AC Milan,Chievo Verona,Stefano Sorrentino,True,Goalkeeper,1,start,end,1.0,0.0,0.0,0.0,0.0,0.0,1.0,2.0,1.0,0.0,0.0,0.0,0.0,0.0,
ITA-Serie A,1819,2019-03-09 Parma-Genoa,Genoa,Jandrei,False,Goalkeeper,1,start,end,1.0,0.0,0.0,0.0,0.0,0.0,0.0,1.0,2.0,0.0,0.0,0.0,0.0,0.0,
ITA-Serie A,1819,2019-03-09 Parma-Genoa,Parma,Luigi Sepe,True,Goalkeeper,1,start,end,1.0,0.0,1.0,0.0,0.0,0.0,0.0,0.0,1.0,0.0,0.0,0.0,0.0,0.0,
ITA-Serie A,1819,2019-03-10 Bologna-Cagliari,Bologna,Lukasz Skorupski,True,Goalkeeper,1,start,end,1.0,0.0,0.0,0.0,0.0,0.0,0.0,0.0,4.0,0.0,0.0,0.0,0.0,0.0,
ITA-Serie A,1819,2019-03-10 Bologna-Cagliari,Cagliari,Alessio Cragno,False,Goalkeeper,1,start,end,1.0,0.0,0.0,0.0,0.0,0.0,0.0,2.0,7.0,0.0,0.0,0.0,0.0,0.0,
ITA-Serie A,1819,2019-03-10 Fiorentina-Lazio,Fiorentina,Pietro Terracciano,True,Goalkeeper,1,start,end,1.0,0.0,0.0,0.0,0.0,0.0,0.0,1.0,5.0,0.0,0.0,0.0,0.0,0.0,
ITA-Serie A,1819,2019-03-10 Fiorentina-Lazio,Lazio,Thomas Strakosha,False,Goalkeeper,1,start,end,1.0,0.0,0.0,0.0,0.0,0.0,0.0,1.0,0.0,0.0,0.0,0.0,0.0,0.0,
ITA-Serie A,1819,2019-03-10 Frosinone-Torino,Frosinone,Marco Sportiello,True,Goalkeeper,1,start,end,1.0,0.0,1.0,0.0,0.0,0.0,0.0,2.0,5.0,0.0,0.0,0.0,0.0,0.0,
ITA-Serie A,1819,2019-03-10 Frosinone-Torino,Torino,Salvatore Sirigu,False,Goalkeeper,1,start,end,1.0,0.0,0.0,0.0,0.0,0.0,0.0,1.0,3.0,0.0,0.0,0.0,0.0,0.0,
ITA-Serie A,1819,2019-03-10 Internazionale-SPAL,Internazionale,Samir Handanovic,True,Goalkeeper,1,start,end,1.0,0.0,0.0,0.0,0.0,0.0,0.0,0.0,1.0,0.0,0.0,0.0,0.0,0.0,
ITA-Serie A,1819,2019-03-10 Internazionale-SPAL,SPAL,Emiliano Viviano,False,Goalkeeper,1,start,end,1.0,0.0,0.0,0.0,0.0,0.0,0.0,2.0,0.0,0.0,0.0,0.0,0.0,0.0,
ITA-Serie A,1819,2019-03-10 Sampdoria-Atalanta,Atalanta,Pierluigi Gollini,False,Goalkeeper,1,start,end,1.0,0.0,0.0,0.0,0.0,0.0,0.0,1.0,5.0,0.0,0.0,0.0,0.0,0.0,
ITA-Serie A,1819,2019-03-10 Sampdoria-Atalanta,Sampdoria,Emil Audero,True,Goalkeeper,1,start,end,1.0,0.0,0.0,0.0,0.0,0.0,0.0,2.0,3.0,0.0,0.0,0.0,0.0,0.0,
ITA-Serie A,1819,2019-03-10 Sassuolo-Napoli,Napoli,David Ospina,False,Goalkeeper,1,start,end,1.0,0.0,0.0,0.0,0.0,0.0,0.0,1.0,0.0,0.0,0.0,0.0,0.0,0.0,
ITA-Serie A,1819,2019-03-10 Sassuolo-Napoli,Sassuolo,Gianluca Pegolo,True,Goalkeeper,1,start,end,1.0,0.0,0.0,0.0,0.0,0.0,1.0,1.0,4.0,0.0,0.0,0.0,0.0,0.0,
ITA-Serie A,1819,2019-03-11 AS Roma-Empoli,AS Roma,Robin Olsen,True,Goalkeeper,1,start,end,1.0,0.0,0.0,0.0,0.0,0.0,0.0,1.0,1.0,0.0,0.0,0.0,0.0,0.0,
ITA-Serie A,1819,2019-03-11 AS Roma-Empoli,Empoli,Bartlomiej Dragowski,False,Goalkeeper,1,start,end,1.0,0.0,0.0,0.0,0.0,0.0,0.0,2.0,1.0,0.0,0.0,0.0,0.0,0.0,
ITA-Serie A,1819,2019-03-15 Cagliari-Fiorentina,Cagliari,Alessio Cragno,True,Goalkeeper,1,start,end,1.0,0.0,0.0,0.0,0.0,0.0,0.0,1.0,2.0,0.0,0.0,0.0,0.0,0.0,
ITA-Serie A,1819,2019-03-15 Cagliari-Fiorentina,Fiorentina,Pietro Terracciano,False,Goalkeeper,1,start,end,1.0,0.0,1.0,0.0,0.0,0.0,0.0,2.0,3.0,0.0,0.0,0.0,0.0,0.0,
ITA-Serie A,1819,2019-03-16 SPAL-AS Roma,AS Roma,Robin Olsen,False,Goalkeeper,1,start,end,1.0,0.0,1.0,0.0,0.0,0.0,0.0,2.0,2.0,0.0,0.0,0.0,0.0,0.0,
ITA-Serie A,1819,2019-03-16 SPAL-AS Roma,SPAL,Emiliano Viviano,True,Goalkeeper,1,start,end,1.0,0.0,0.0,0.0,0.0,0.0,0.0,1.0,3.0,0.0,0.0,0.0,0.0,0.0,
ITA-Serie A,1819,2019-03-16 Sassuolo-Sampdoria,Sampdoria,Emil Audero,False,Goalkeeper,1,start,end,1.0,0.0,0.0,0.0,0.0,0.0,0.0,3.0,2.0,0.0,0.0,0.0,0.0,0.0,
ITA-Serie A,1819,2019-03-16 Sassuolo-Sampdoria,Sassuolo,Andrea Consigli,True,Goalkeeper,1,start,end,1.0,0.0,0.0,0.0,0.0,0.0,0.0,5.0,5.0,0.0,0.0,0.0,0.0,0.0,
ITA-Serie A,1819,2019-03-16 Torino-Bologna,Bologna,Lukasz Skorupski,False,Goalkeeper,1,start,end,1.0,0.0,0.0,0.0,0.0,0.0,0.0,2.0,6.0,0.0,0.0,0.0,0.0,0.0,
ITA-Serie A,1819,2019-03-16 Torino-Bologna,Torino,Salvatore Sirigu,True,Goalkeeper,1,start,end,1.0,0.0,0.0,0.0,0.0,0.0,0.0,3.0,1.0,0.0,0.0,0.0,0.0,0.0,
ITA-Serie A,1819,2019-03-17 AC Milan-Internazionale,AC Milan,Gianluigi Donnarumma,True,Goalkeeper,1,start,end,1.0,0.0,0.0,0.0,0.0,0.0,0.0,3.0,3.0,0.0,0.0,0.0,0.0,0.0,
ITA-Serie A,1819,2019-03-17 AC Milan-Internazionale,Internazionale,Samir Handanovic,False,Goalkeeper,1,start,end,1.0,0.0,0.0,0.0,0.0,0.0,0.0,2.0,4.0,0.0,0.0,0.0,0.0,0.0,
ITA-Serie A,1819,2019-03-17 Atalanta-Chievo Verona,Atalanta,Pierluigi Gollini,True,Goalkeeper,1,start,end,1.0,0.0,0.0,0.0,0.0,0.0,0.0,1.0,1.0,0.0,0.0,0.0,0.0,0.0,
ITA-Serie A,1819,2019-03-17 Atalanta-Chievo Verona,Chievo Verona,Stefano Sorrentino,False,Goalkeeper,1,start,end,1.0,0.0,0.0,0.0,0.0,0.0,0.0,1.0,4.0,0.0,0.0,0.0,0.0,0.0,
ITA-Serie A,1819,2019-03-17 Empoli-Frosinone,Empoli,Bartlomiej Dragowski,True,Goalkeeper,1,start,end,1.0,0.0,1.0,0.0,0.0,0.0,1.0,1.0,2.0,0.0,0.0,0.0,0.0,0.0,
ITA-Serie A,1819,2019-03-17 Empoli-Frosinone,Frosinone,Marco Sportiello,False,Goalkeeper,1,start,end,1.0,0.0,0.0,0.0,0.0,0.0,0.0,2.0,4.0,0.0,0.0,0.0,0.0,0.0,
ITA-Serie A,1819,2019-03-17 Genoa-Juventus,Genoa,Andrei Radu,True,Goalkeeper,1,start,end,1.0,0.0,0.0,0.0,0.0,0.0,0.0,0.0,0.0,0.0,0.0,0.0,0.0,0.0,
ITA-Serie A,1819,2019-03-17 Genoa-Juventus,Juventus,Mattia Perin,False,Goalkeeper,1,start,end,1.0,0.0,0.0,0.0,0.0,0.0,0.0,2.0,3.0,0.0,0.0,0.0,0.0,0.0,
ITA-Serie A,1819,2019-03-17 Lazio-Parma,Lazio,Thomas Strakosha,True,Goalkeeper,1,start,end,1.0,0.0,1.0,0.0,0.0,0.0,0.0,1.0,0.0,0.0,0.0,0.0,0.0,0.0,
ITA-Serie A,1819,2019-03-17 Lazio-Parma,Parma,Luigi Sepe,False,Goalkeeper,1,start,end,1.0,0.0,0.0,0.0,0.0,0.0,0.0,4.0,4.0,0.0,0.0,0.0,0.0,0.0,
ITA-Serie A,1819,2019-03-17 Napoli-Udinese,Napoli,David Ospina,True,Goalkeeper,1,start,44,1.0,0.0,0.0,0.0,0.0,0.0,0.0,2.0,1.0,0.0,0.0,0.0,0.0,0.0,
ITA-Serie A,1819,2019-03-17 Napoli-Udinese,Udinese,Juan Musso,False,Goalkeeper,1,start,end,1.0,0.0,0.0,0.0,0.0,0.0,0.0,4.0,1.0,0.0,0.0,0.0,0.0,0.0,
ITA-Serie A,1819,2019-03-29 Chievo Verona-Cagliari,Cagliari,Alessio Cragno,False,Goalkeeper,1,start,end,1.0,0.0,1.0,0.0,0.0,0.0,0.0,0.0,6.0,0.0,0.0,0.0,0.0,0.0,
ITA-Serie A,1819,2019-03-29 Chievo Verona-Cagliari,Chievo Verona,Stefano Sorrentino,True,Goalkeeper,1,start,end,1.0,0.0,0.0,0.0,0.0,0.0,0.0,3.0,0.0,0.0,0.0,0.0,0.0,0.0,
ITA-Serie A,1819,2019-03-30 Juventus-Empoli,Empoli,Bartlomiej Dragowski,False,Goalkeeper,1,start,end,1.0,0.0,0.0,0.0,0.0,0.0,0.0,1.0,2.0,0.0,0.0,0.0,0.0,0.0,
ITA-Serie A,1819,2019-03-30 Juventus-Empoli,Juventus,Wojciech Szczesny,True,Goalkeeper,1,start,end,1.0,0.0,0.0,0.0,0.0,0.0,0.0,0.0,0.0,0.0,0.0,0.0,0.0,0.0,
ITA-Serie A,1819,2019-03-30 Sampdoria-AC Milan,AC Milan,Gianluigi Donnarumma,False,Goalkeeper,1,start,end,1.0,0.0,0.0,0.0,0.0,0.0,0.0,1.0,6.0,0.0,0.0,0.0,0.0,0.0,
ITA-Serie A,1819,2019-03-30 Sampdoria-AC Milan,Sampdoria,Emil Audero,True,Goalkeeper,1,start,end,1.0,0.0,1.0,0.0,0.0,0.0,0.0,0.0,5.0,0.0,0.0,0.0,0.0,0.0,
ITA-Serie A,1819,2019-03-30 Udinese-Genoa,Genoa,Andrei Radu,False,Goalkeeper,1,start,end,1.0,0.0,0.0,0.0,0.0,0.0,0.0,2.0,3.0,0.0,0.0,0.0,0.0,0.0,
ITA-Serie A,1819,2019-03-30 Udinese-Genoa,Udinese,Juan Musso,True,Goalkeeper,1,start,end,1.0,0.0,2.0,0.0,0.0,0.0,0.0,0.0,6.0,0.0,0.0,0.0,0.0,0.0,
ITA-Serie A,1819,2019-03-31 AS Roma-Napoli,AS Roma,Robin Olsen,True,Goalkeeper,1,start,end,1.0,0.0,0.0,0.0,0.0,0.0,0.0,4.0,6.0,0.0,0.0,0.0,0.0,0.0,
ITA-Serie A,1819,2019-03-31 AS Roma-Napoli,Napoli,Alex Meret,False,Goalkeeper,1,start,end,1.0,1.0,0.0,0.0,0.0,0.0,0.0,1.0,2.0,0.0,0.0,0.0,0.0,0.0,
ITA-Serie A,1819,2019-03-31 Bologna-Sassuolo,Bologna,Lukasz Skorupski,True,Goalkeeper,1,start,end,1.0,0.0,0.0,0.0,0.0,0.0,0.0,1.0,2.0,0.0,0.0,0.0,0.0,0.0,
ITA-Serie A,1819,2019-03-31 Bologna-Sassuolo,Sassuolo,Andrea Consigli,False,Goalkeeper,1,start,end,1.0,0.0,0.0,0.0,0.0,0.0,0.0,2.0,6.0,0.0,0.0,0.0,0.0,0.0,
ITA-Serie A,1819,2019-03-31 Fiorentina-Torino,Fiorentina,Alban Lafont,True,Goalkeeper,1,start,end,1.0,0.0,0.0,0.0,0.0,0.0,0.0,1.0,2.0,0.0,0.0,0.0,0.0,0.0,
ITA-Serie A,1819,2019-03-31 Fiorentina-Torino,Torino,Salvatore Sirigu,False,Goalkeeper,1,start,end,1.0,0.0,0.0,0.0,0.0,0.0,0.0,1.0,7.0,0.0,0.0,0.0,0.0,0.0,
ITA-Serie A,1819,2019-03-31 Frosinone-SPAL,Frosinone,Marco Sportiello,True,Goalkeeper,1,start,end,1.0,0.0,0.0,0.0,0.0,0.0,0.0,1.0,2.0,0.0,0.0,0.0,0.0,0.0,
ITA-Serie A,1819,2019-03-31 Frosinone-SPAL,SPAL,Emiliano Viviano,False,Goalkeeper,1,start,end,1.0,0.0,0.0,0.0,0.0,0.0,0.0,0.0,6.0,0.0,0.0,0.0,0.0,0.0,
ITA-Serie A,1819,2019-03-31 Internazionale-Lazio,Internazionale,Samir Handanovic,True,Goalkeeper,1,start,end,1.0,0.0,1.0,0.0,0.0,0.0,0.0,1.0,4.0,0.0,0.0,0.0,0.0,0.0,
ITA-Serie A,1819,2019-03-31 Internazionale-Lazio,Lazio,Thomas Strakosha,False,Goalkeeper,1,start,end,1.0,0.0,0.0,0.0,0.0,0.0,0.0,0.0,7.0,0.0,0.0,0.0,0.0,0.0,
ITA-Serie A,1819,2019-03-31 Parma-Atalanta,Atalanta,Pierluigi Gollini,False,Goalkeeper,1,start,end,1.0,0.0,0.0,0.0,0.0,0.0,0.0,1.0,3.0,0.0,0.0,0.0,0.0,0.0,
ITA-Serie A,1819,2019-03-31 Parma-Atalanta,Parma,Luigi Sepe,True,Goalkeeper,1,start,end,1.0,0.0,0.0,0.0,0.0,0.0,0.0,3.0,5.0,0.0,0.0,0.0,0.0,0.0,
ITA-Serie A,1819,2019-04-02 AC Milan-Udinese,AC Milan,Gianluigi Donnarumma,True,Goalkeeper,1,start,11,1.0,0.0,0.0,0.0,0.0,0.0,0.0,0.0,0.0,0.0,0.0,0.0,0.0,0.0,
ITA-Serie A,1819,2019-04-02 AC Milan-Udinese,Udinese,Juan Musso,False,Goalkeeper,1,start,end,1.0,0.0,0.0,0.0,0.0,0.0,0.0,1.0,5.0,0.0,0.0,0.0,0.0,0.0,
ITA-Serie A,1819,2019-04-02 Cagliari-Juventus,Cagliari,Alessio Cragno,True,Goalkeeper,1,start,end,1.0,0.0,0.0,0.0,0.0,0.0,0.0,2.0,4.0,0.0,0.0,0.0,0.0,0.0,
ITA-Serie A,1819,2019-04-02 Cagliari-Juventus,Juventus,Wojciech Szczesny,False,Goalkeeper,1,start,end,1.0,0.0,0.0,0.0,0.0,0.0,0.0,0.0,0.0,0.0,0.0,0.0,0.0,0.0,
ITA-Serie A,1819,2019-04-03 AS Roma-Fiorentina,AS Roma,Antonio Mirante,True,Goalkeeper,1,start,end,1.0,0.0,0.0,0.0,0.0,0.0,0.0,2.0,2.0,0.0,0.0,0.0,0.0,0.0,
ITA-Serie A,1819,2019-04-03 AS Roma-Fiorentina,Fiorentina,Alban Lafont,False,Goalkeeper,1,start,end,1.0,0.0,0.0,0.0,0.0,0.0,0.0,2.0,2.0,0.0,0.0,0.0,0.0,0.0,
ITA-Serie A,1819,2019-04-03 Empoli-Napoli,Empoli,Ivan Provedel,True,Goalkeeper,1,start,end,1.0,0.0,0.0,0.0,0.0,0.0,0.0,1.0,4.0,0.0,0.0,0.0,0.0,0.0,
ITA-Serie A,1819,2019-04-03 Empoli-Napoli,Napoli,Alex Meret,False,Goalkeeper,1,start,end,1.0,0.0,0.0,0.0,0.0,0.0,0.0,2.0,5.0,0.0,0.0,0.0,0.0,0.0,
ITA-Serie A,1819,2019-04-03 Frosinone-Parma,Frosinone,Marco Sportiello,True,Goalkeeper,1,start,end,1.0,0.0,0.0,0.0,0.0,0.0,0.0,2.0,2.0,0.0,0.0,0.0,0.0,0.0,
ITA-Serie A,1819,2019-04-03 Frosinone-Parma,Parma,Luigi Sepe,False,Goalkeeper,1,start,end,1.0,0.0,0.0,0.0,0.0,0.0,0.0,3.0,1.0,0.0,0.0,0.0,0.0,0.0,
ITA-Serie A,1819,2019-04-03 Genoa-Internazionale,Genoa,Andrei Radu,True,Goalkeeper,1,start,end,1.0,0.0,0.0,0.0,0.0,0.0,0.0,4.0,3.0,0.0,0.0,0.0,0.0,0.0,
ITA-Serie A,1819,2019-04-03 Genoa-Internazionale,Internazionale,Samir Handanovic,False,Goalkeeper,1,start,end,1.0,0.0,1.0,0.0,0.0,0.0,0.0,0.0,2.0,0.0,0.0,0.0,0.0,0.0,
ITA-Serie A,1819,2019-04-03 SPAL-Lazio,Lazio,Thomas Strakosha,False,Goalkeeper,1,start,end,1.0,0.0,0.0,0.0,0.0,0.0,1.0,1.0,3.0,0.0,0.0,0.0,0.0,0.0,
ITA-Serie A,1819,2019-04-03 SPAL-Lazio,SPAL,Emiliano Viviano,True,Goalkeeper,1,start,end,1.0,0.0,0.0,0.0,0.0,0.0,0.0,0.0,3.0,0.0,0.0,0.0,0.0,0.0,
ITA-Serie A,1819,2019-04-03 Torino-Sampdoria,Sampdoria,Emil Audero,False,Goalkeeper,1,start,end,1.0,0.0,0.0,0.0,0.0,0.0,0.0,2.0,4.0,0.0,0.0,0.0,0.0,0.0,
ITA-Serie A,1819,2019-04-03 Torino-Sampdoria,Torino,Salvatore Sirigu,True,Goalkeeper,1,start,end,1.0,0.0,0.0,0.0,0.0,0.0,0.0,1.0,2.0,0.0,0.0,0.0,0.0,0.0,
ITA-Serie A,1819,2019-04-04 Atalanta-Bologna,Atalanta,Pierluigi Gollini,True,Goalkeeper,1,start,end,1.0,0.0,0.0,0.0,0.0,0.0,0.0,1.0,3.0,0.0,0.0,0.0,0.0,0.0,
ITA-Serie A,1819,2019-04-04 Atalanta-Bologna,Bologna,Lukasz Skorupski,False,Goalkeeper,1,start,end,1.0,0.0,0.0,0.0,0.0,0.0,0.0,4.0,3.0,0.0,0.0,0.0,0.0,0.0,
ITA-Serie A,1819,2019-04-04 Sassuolo-Chievo Verona,Chievo Verona,Stefano Sorrentino,False,Goalkeeper,1,start,end,1.0,0.0,0.0,0.0,0.0,0.0,0.0,4.0,4.0,0.0,0.0,0.0,0.0,0.0,
ITA-Serie A,1819,2019-04-04 Sassuolo-Chievo Verona,Sassuolo,Andrea Consigli,True,Goalkeeper,1,start,end,1.0,0.0,1.0,0.0,0.0,0.0,0.0,0.0,5.0,0.0,0.0,0.0,0.0,0.0,
ITA-Serie A,1819,2019-04-06 Juventus-AC Milan,AC Milan,Pepe Reina,False,Goalkeeper,1,start,end,1.0,0.0,0.0,0.0,0.0,0.0,0.0,2.0,3.0,0.0,0.0,0.0,0.0,0.0,
ITA-Serie A,1819,2019-04-06 Juventus-AC Milan,Juventus,Wojciech Szczesny,True,Goalkeeper,1,start,end,1.0,0.0,0.0,0.0,0.0,0.0,0.0,1.0,3.0,0.0,0.0,0.0,0.0,0.0,
ITA-Serie A,1819,2019-04-06 Parma-Torino,Parma,Luigi Sepe,True,Goalkeeper,1,start,end,1.0,0.0,1.0,0.0,0.0,0.0,0.0,0.0,4.0,0.0,0.0,0.0,0.0,0.0,
ITA-Serie A,1819,2019-04-06 Parma-Torino,Torino,Salvatore Sirigu,False,Goalkeeper,1,start,end,1.0,0.0,0.0,0.0,0.0,0.0,0.0,0.0,1.0,0.0,0.0,0.0,0.0,0.0,
ITA-Serie A,1819,2019-04-06 Sampdoria-AS Roma,AS Roma,Antonio Mirante,False,Goalkeeper,1,start,end,1.0,0.0,1.0,0.0,0.0,0.0,0.0,0.0,2.0,0.0,0.0,0.0,0.0,0.0,
ITA-Serie A,1819,2019-04-06 Sampdoria-AS Roma,Sampdoria,Emil Audero,True,Goalkeeper,1,start,end,1.0,0.0,0.0,0.0,0.0,0.0,0.0,1.0,3.0,0.0,0.0,0.0,0.0,0.0,
ITA-Serie A,1819,2019-04-07 Cagliari-SPAL,Cagliari,Alessio Cragno,True,Goalkeeper,1,start,end,1.0,0.0,0.0,0.0,0.0,0.0,0.0,1.0,1.0,0.0,0.0,0.0,0.0,0.0,
ITA-Serie A,1819,2019-04-07 Cagliari-SPAL,SPAL,Emiliano Viviano,False,Goalkeeper,1,start,end,1.0,0.0,2.0,0.0,0.0,0.0,0.0,2.0,7.0,0.0,0.0,0.0,0.0,0.0,
ITA-Serie A,1819,2019-04-07 Fiorentina-Frosinone,Fiorentina,Alban Lafont,True,Goalkeeper,1,start,end,1.0,0.0,1.0,0.0,0.0,0.0,0.0,1.0,2.0,0.0,0.0,0.0,0.0,0.0,
ITA-Serie A,1819,2019-04-07 Fiorentina-Frosinone,Frosinone,Marco Sportiello,False,Goalkeeper,1,start,end,1.0,0.0,0.0,0.0,0.0,0.0,0.0,0.0,4.0,0.0,0.0,0.0,0.0,0.0,
ITA-Serie A,1819,2019-04-07 Internazionale-Atalanta,Atalanta,Pierluigi Gollini,False,Goalkeeper,1,start,end,1.0,0.0,0.0,0.0,0.0,0.0,1.0,0.0,4.0,0.0,0.0,0.0,0.0,0.0,
ITA-Serie A,1819,2019-04-07 Internazionale-Atalanta,Internazionale,Samir Handanovic,True,Goalkeeper,1,start,end,1.0,0.0,0.0,0.0,0.0,0.0,0.0,0.0,0.0,0.0,0.0,0.0,0.0,0.0,
ITA-Serie A,1819,2019-04-07 Lazio-Sassuolo,Lazio,Thomas Strakosha,True,Goalkeeper,1,start,end,1.0,0.0,0.0,0.0,0.0,0.0,0.0,2.0,0.0,0.0,0.0,0.0,0.0,0.0,
ITA-Serie A,1819,2019-04-07 Lazio-Sassuolo,Sassuolo,Andrea Consigli,False,Goalkeeper,1,start,end,1.0,0.0,0.0,0.0,0.0,0.0,0.0,2.0,5.0,0.0,0.0,0.0,0.0,0.0,
ITA-Serie A,1819,2019-04-07 Napoli-Genoa,Genoa,Andrei Radu,False,Goalkeeper,1,start,end,1.0,0.0,0.0,0.0,0.0,0.0,0.0,1.0,8.0,0.0,0.0,0.0,0.0,0.0,
ITA-Serie A,1819,2019-04-07 Napoli-Genoa,Napoli,Orestis Karnezis,True,Goalkeeper,1,start,end,1.0,0.0,0.0,0.0,0.0,0.0,0.0,1.0,4.0,0.0,0.0,0.0,0.0,0.0,
ITA-Serie A,1819,2019-04-07 Udinese-Empoli,Empoli,Bartlomiej Dragowski,False,Goalkeeper,1,start,end,1.0,0.0,0.0,0.0,0.0,0.0,0.0,3.0,2.0,0.0,0.0,0.0,0.0,0.0,
ITA-Serie A,1819,2019-04-07 Udinese-Empoli,Udinese,Juan Musso,True,Goalkeeper,1,start,end,1.0,0.0,0.0,0.0,0.0,0.0,0.0,2.0,3.0,0.0,0.0,0.0,0.0,0.0,
ITA-Serie A,1819,2019-04-08 Bologna-Chievo Verona,Bologna,Lukasz Skorupski,True,Goalkeeper,1,start,end,1.0,0.0,0.0,0.0,0.0,0.0,0.0,0.0,2.0,0.0,0.0,0.0,0.0,0.0,
ITA-Serie A,1819,2019-04-08 Bologna-Chievo Verona,Chievo Verona,Stefano Sorrentino,False,Goalkeeper,1,start,end,1.0,0.0,0.0,0.0,0.0,0.0,0.0,3.0,8.0,0.0,0.0,0.0,0.0,0.0,
ITA-Serie A,1819,2019-04-13 AC Milan-Lazio,AC Milan,Pepe Reina,True,Goalkeeper,1,start,end,1.0,0.0,0.0,0.0,0.0,0.0,0.0,0.0,4.0,0.0,0.0,0.0,0.0,0.0,
ITA-Serie A,1819,2019-04-13 AC Milan-Lazio,Lazio,Thomas Strakosha,False,Goalkeeper,1,start,end,1.0,0.0,0.0,0.0,0.0,0.0,0.0,1.0,4.0,0.0,0.0,0.0,0.0,0.0,
ITA-Serie A,1819,2019-04-13 AS Roma-Udinese,AS Roma,Antonio Mirante,True,Goalkeeper,1,start,end,1.0,0.0,0.0,0.0,0.0,0.0,0.0,0.0,2.0,0.0,0.0,0.0,0.0,0.0,
ITA-Serie A,1819,2019-04-13 AS Roma-Udinese,Udinese,Juan Musso,False,Goalkeeper,1,start,end,1.0,0.0,0.0,0.0,0.0,0.0,1.0,1.0,3.0,0.0,0.0,0.0,0.0,0.0,
ITA-Serie A,1819,2019-04-13 SPAL-Juventus,Juventus,Mattia Perin,False,Goalkeeper,1,start,end,1.0,0.0,0.0,0.0,0.0,0.0,0.0,2.0,1.0,0.0,0.0,0.0,0.0,0.0,
ITA-Serie A,1819,2019-04-13 SPAL-Juventus,SPAL,Emiliano Viviano,True,Goalkeeper,1,start,end,1.0,0.0,0.0,0.0,0.0,0.0,0.0,1.0,2.0,0.0,0.0,0.0,0.0,0.0,
ITA-Serie A,1819,2019-04-14 Chievo Verona-Napoli,Chievo Verona,Stefano Sorrentino,True,Goalkeeper,1,start,end,1.0,0.0,1.0,0.0,0.0,0.0,0.0,3.0,2.0,0.0,0.0,0.0,0.0,0.0,
ITA-Serie A,1819,2019-04-14 Chievo Verona-Napoli,Napoli,David Ospina,False,Goalkeeper,1,start,end,1.0,0.0,0.0,0.0,0.0,0.0,0.0,1.0,3.0,0.0,0.0,0.0,0.0,0.0,
ITA-Serie A,1819,2019-04-14 Fiorentina-Bologna,Bologna,Lukasz Skorupski,False,Goalkeeper,1,start,end,1.0,0.0,0.0,0.0,0.0,0.0,0.0,0.0,6.0,0.0,0.0,0.0,0.0,0.0,
ITA-Serie A,1819,2019-04-14 Fiorentina-Bologna,Fiorentina,Alban Lafont,True,Goalkeeper,1,start,end,1.0,0.0,0.0,0.0,0.0,0.0,0.0,0.0,1.0,0.0,0.0,0.0,0.0,0.0,
ITA-Serie A,1819,2019-04-14 Frosinone-Internazionale,Frosinone,Marco Sportiello,True,Goalkeeper,1,start,end,1.0,0.0,0.0,0.0,0.0,0.0,0.0,3.0,3.0,0.0,0.0,0.0,0.0,0.0,
ITA-Serie A,1819,2019-04-14 Frosinone-Internazionale,Internazionale,Samir Handanovic,False,Goalkeeper,1,start,end,1.0,0.0,0.0,0.0,0.0,0.0,0.0,1.0,3.0,0.0,0.0,0.0,0.0,0.0,
ITA-Serie A,1819,2019-04-14 Sampdoria-Genoa,Genoa,Andrei Radu,False,Goalkeeper,1,start,end,1.0,0.0,0.0,0.0,0.0,0.0,0.0,2.0,2.0,0.0,0.0,0.0,0.0,0.0,
ITA-Serie A,1819,2019-04-14 Sampdoria-Genoa,Sampdoria,Emil Audero,True,Goalkeeper,1,start,end,1.0,0.0,0.0,0.0,0.0,0.0,0.0,0.0,2.0,0.0,0.0,0.0,0.0,0.0,
ITA-Serie A,1819,2019-04-14 Sassuolo-Parma,Parma,Luigi Sepe,False,Goalkeeper,1,start,end,1.0,0.0,0.0,0.0,0.0,0.0,0.0,0.0,5.0,0.0,0.0,0.0,0.0,0.0,
ITA-Serie A,1819,2019-04-14 Sassuolo-Parma,Sassuolo,Andrea Consigli,True,Goalkeeper,1,start,end,1.0,0.0,0.0,0.0,0.0,0.0,0.0,0.0,1.0,0.0,0.0,0.0,0.0,0.0,
ITA-Serie A,1819,2019-04-14 Torino-Cagliari,Cagliari,Alessio Cragno,False,Goalkeeper,1,start,end,1.0,0.0,0.0,0.0,0.0,0.0,0.0,1.0,6.0,0.0,0.0,0.0,0.0,0.0,
ITA-Serie A,1819,2019-04-14 Torino-Cagliari,Torino,Salvatore Sirigu,True,Goalkeeper,1,start,end,1.0,0.0,0.0,0.0,0.0,0.0,0.0,1.0,3.0,0.0,0.0,0.0,0.0,0.0,
ITA-Serie A,1819,2019-04-15 Atalanta-Empoli,Atalanta,Pierluigi Gollini,True,Goalkeeper,1,start,end,1.0,0.0,0.0,0.0,0.0,0.0,0.0,0.0,1.0,0.0,0.0,0.0,0.0,0.0,
ITA-Serie A,1819,2019-04-15 Atalanta-Empoli,Empoli,Bartlomiej Dragowski,False,Goalkeeper,1,start,end,1.0,0.0,0.0,0.0,0.0,0.0,0.0,0.0,17.0,0.0,0.0,0.0,0.0,0.0,
ITA-Serie A,1819,2019-04-17 Lazio-Udinese,Lazio,Thomas Strakosha,True,Goalkeeper,1,start,end,1.0,0.0,0.0,0.0,0.0,0.0,0.0,0.0,3.0,0.0,0.0,0.0,0.0,0.0,
ITA-Serie A,1819,2019-04-17 Lazio-Udinese,Udinese,Juan Musso,False,Goalkeeper,1,start,end,1.0,0.0,0.0,0.0,0.0,0.0,0.0,2.0,5.0,0.0,0.0,0.0,0.0,0.0,
ITA-Serie A,1819,2019-04-20 Bologna-Sampdoria,Bologna,Lukasz Skorupski,True,Goalkeeper,1,start,end,1.0,0.0,0.0,0.0,0.0,0.0,0.0,0.0,2.0,0.0,0.0,0.0,0.0,0.0,
ITA-Serie A,1819,2019-04-20 Bologna-Sampdoria,Sampdoria,Emil Audero,False,Goalkeeper,1,start,end,1.0,0.0,0.0,0.0,0.0,0.0,0.0,3.0,3.0,0.0,0.0,0.0,0.0,0.0,
ITA-Serie A,1819,2019-04-20 Cagliari-Frosinone,Cagliari,Alessio Cragno,True,Goalkeeper,1,start,end,1.0,0.0,1.0,0.0,0.0,0.0,0.0,0.0,1.0,0.0,0.0,0.0,0.0,0.0,
ITA-Serie A,1819,2019-04-20 Cagliari-Frosinone,Frosinone,Marco Sportiello,False,Goalkeeper,1,start,end,1.0,0.0,0.0,0.0,0.0,0.0,0.0,1.0,4.0,0.0,0.0,0.0,0.0,0.0,
ITA-Serie A,1819,2019-04-20 Empoli-SPAL,Empoli,Bartlomiej Dragowski,True,Goalkeeper,1,start,end,1.0,0.0,0.0,0.0,0.0,0.0,0.0,4.0,3.0,0.0,0.0,0.0,0.0,0.0,
ITA-Serie A,1819,2019-04-20 Empoli-SPAL,SPAL,Emiliano Viviano,False,Goalkeeper,1,start,end,1.0,0.0,0.0,0.0,0.0,0.0,0.0,2.0,3.0,0.0,0.0,0.0,0.0,0.0,
ITA-Serie A,1819,2019-04-20 Genoa-Torino,Genoa,Andrei Radu,True,Goalkeeper,1,start,end,1.0,0.0,1.0,0.0,0.0,0.0,0.0,1.0,2.0,0.0,0.0,0.0,0.0,0.0,
ITA-Serie A,1819,2019-04-20 Genoa-Torino,Torino,Salvatore Sirigu,False,Goalkeeper,1,start,end,1.0,0.0,0.0,0.0,0.0,0.0,0.0,0.0,4.0,0.0,0.0,0.0,0.0,0.0,
ITA-Serie A,1819,2019-04-20 Internazionale-AS Roma,AS Roma,Antonio Mirante,False,Goalkeeper,1,start,end,1.0,0.0,0.0,0.0,0.0,0.0,0.0,1.0,4.0,0.0,0.0,0.0,0.0,0.0,
ITA-Serie A,1819,2019-04-20 Internazionale-AS Roma,Internazionale,Samir Handanovic,True,Goalkeeper,1,start,end,1.0,0.0,0.0,0.0,0.0,0.0,0.0,1.0,4.0,0.0,0.0,0.0,0.0,0.0,
ITA-Serie A,1819,2019-04-20 Juventus-Fiorentina,Fiorentina,Alban Lafont,False,Goalkeeper,1,start,end,1.0,0.0,0.0,0.0,0.0,0.0,0.0,2.0,3.0,0.0,0.0,0.0,0.0,0.0,
ITA-Serie A,1819,2019-04-20 Juventus-Fiorentina,Juventus,Wojciech Szczesny,True,Goalkeeper,1,start,end,1.0,0.0,0.0,0.0,0.0,0.0,0.0,1.0,2.0,0.0,0.0,0.0,0.0,0.0,
ITA-Serie A,1819,2019-04-20 Lazio-Chievo Verona,Chievo Verona,Adrian Semper,False,Goalkeeper,1,start,end,1.0,0.0,0.0,0.0,0.0,0.0,0.0,1.0,4.0,0.0,0.0,0.0,0.0,0.0,
ITA-Serie A,1819,2019-04-20 Lazio-Chievo Verona,Lazio,Thomas Strakosha,True,Goalkeeper,1,start,end,1.0,0.0,1.0,0.0,0.0,0.0,0.0,2.0,5.0,0.0,0.0,0.0,0.0,0.0,
ITA-Serie A,1819,2019-04-20 Parma-AC Milan,AC Milan,Gianluigi Donnarumma,False,Goalkeeper,1,start,end,1.0,0.0,0.0,0.0,0.0,0.0,0.0,1.0,0.0,0.0,0.0,0.0,0.0,0.0,
ITA-Serie A,1819,2019-04-20 Parma-AC Milan,Parma,Luigi Sepe,True,Goalkeeper,1,start,end,1.0,0.0,0.0,0.0,0.0,0.0,0.0,1.0,2.0,0.0,0.0,0.0,0.0,0.0,
ITA-Serie A,1819,2019-04-20 Udinese-Sassuolo,Sassuolo,Andrea Consigli,False,Goalkeeper,1,start,end,1.0,0.0,2.0,0.0,0.0,0.0,0.0,1.0,3.0,0.0,0.0,0.0,0.0,0.0,
ITA-Serie A,1819,2019-04-20 Udinese-Sassuolo,Udinese,Juan Musso,True,Goalkeeper,1,start,end,1.0,0.0,0.0,0.0,0.0,0.0,0.0,1.0,1.0,0.0,0.0,0.0,0.0,0.0,
ITA-Serie A,1819,2019-04-22 Napoli-Atalanta,Atalanta,Pierluigi Gollini,False,Goalkeeper,1,start,end,1.0,0.0,0.0,0.0,0.0,0.0,0.0,1.0,4.0,0.0,0.0,0.0,0.0,0.0,
ITA-Serie A,1819,2019-04-22 Napoli-Atalanta,Napoli,David Ospina,True,Goalkeeper,1,start,end,1.0,0.0,0.0,0.0,0.0,0.0,0.0,2.0,5.0,0.0,0.0,0.0,0.0,0.0,
ITA-Serie A,1819,2019-04-27 AS Roma-Cagliari,AS Roma,Antonio Mirante,True,Goalkeeper,1,start,end,1.0,0.0,0.0,0.0,0.0,0.0,0.0,0.0,2.0,0.0,0.0,0.0,0.0,0.0,
ITA-Serie A,1819,2019-04-27 AS Roma-Cagliari,Cagliari,Alessio Cragno,False,Goalkeeper,1,start,end,1.0,0.0,0.0,0.0,0.0,0.0,0.0,3.0,7.0,0.0,0.0,0.0,0.0,0.0,
ITA-Serie A,1819,2019-04-27 Bologna-Empoli,Bologna,Lukasz Skorupski,True,Goalkeeper,1,start,end,1.0,0.0,0.0,0.0,0.0,0.0,0.0,1.0,2.0,0.0,0.0,0.0,0.0,0.0,
ITA-Serie A,1819,2019-04-27 Bologna-Empoli,Empoli,Bartlomiej Dragowski,False,Goalkeeper,1,start,end,1.0,0.0,1.0,0.0,0.0,0.0,0.0,3.0,4.0,0.0,0.0,0.0,0.0,0.0,
ITA-Serie A,1819,2019-04-27 Internazionale-Juventus,Internazionale,Samir Handanovic,True,Goalkeeper,1,start,end,1.0,0.0,0.0,0.0,0.0,0.0,0.0,1.0,2.0,0.0,0.0,0.0,0.0,0.0,
ITA-Serie A,1819,2019-04-27 Internazionale-Juventus,Juventus,Wojciech Szczesny,False,Goalkeeper,1,start,end,1.0,0.0,0.0,0.0,0.0,0.0,0.0,1.0,5.0,0.0,0.0,0.0,0.0,0.0,
ITA-Serie A,1819,2019-04-28 Chievo Verona-Parma,Chievo Verona,Adrian Semper,True,Goalkeeper,1,start,end,1.0,0.0,1.0,0.0,0.0,0.0,0.0,1.0,2.0,0.0,0.0,0.0,0.0,0.0,
ITA-Serie A,1819,2019-04-28 Chievo Verona-Parma,Parma,Luigi Sepe,False,Goalkeeper,1,start,end,1.0,0.0,0.0,0.0,0.0,0.0,0.0,1.0,1.0,0.0,0.0,0.0,0.0,0.0,
ITA-Serie A,1819,2019-04-28 Frosinone-Napoli,Frosinone,Marco Sportiello,True,Goalkeeper,1,start,end,1.0,0.0,0.0,0.0,0.0,0.0,0.0,2.0,7.0,0.0,0.0,0.0,0.0,0.0,
ITA-Serie A,1819,2019-04-28 Frosinone-Napoli,Napoli,David Ospina,False,Goalkeeper,1,start,end,1.0,0.0,1.0,0.0,0.0,0.0,0.0,0.0,5.0,0.0,0.0,0.0,0.0,0.0,
ITA-Serie A,1819,2019-04-28 SPAL-Genoa,Genoa,Andrei Radu,False,Goalkeeper,1,start,end,1.0,0.0,0.0,0.0,0.0,0.0,0.0,1.0,3.0,0.0,0.0,0.0,0.0,0.0,
ITA-Serie A,1819,2019-04-28 SPAL-Genoa,SPAL,Emiliano Viviano,True,Goalkeeper,1,start,end,1.0,0.0,0.0,0.0,0.0,0.0,0.0,1.0,3.0,0.0,0.0,0.0,0.0,0.0,
ITA-Serie A,1819,2019-04-28 Sampdoria-Lazio,Lazio,Thomas Strakosha,False,Goalkeeper,1,start,end,1.0,0.0,0.0,0.0,0.0,0.0,0.0,1.0,2.0,0.0,0.0,0.0,0.0,0.0,
ITA-Serie A,1819,2019-04-28 Sampdoria-Lazio,Sampdoria,Emil Audero,True,Goalkeeper,1,start,end,1.0,0.0,0.0,0.0,0.0,0.0,0.0,2.0,1.0,0.0,0.0,0.0,0.0,0.0,
ITA-Serie A,1819,2019-04-28 Torino-AC Milan,AC Milan,Gianluigi Donnarumma,False,Goalkeeper,1,start,end,1.0,0.0,0.0,0.0,0.0,0.0,1.0,2.0,1.0,0.0,0.0,0.0,0.0,0.0,
ITA-Serie A,1819,2019-04-28 Torino-AC Milan,Torino,Salvatore Sirigu,True,Goalkeeper,1,start,end,1.0,0.0,0.0,0.0,0.0,0.0,0.0,0.0,3.0,0.0,0.0,0.0,0.0,0.0,
ITA-Serie A,1819,2019-04-29 Atalanta-Udinese,Atalanta,Pierluigi Gollini,True,Goalkeeper,1,start,end,1.0,0.0,0.0,0.0,0.0,0.0,0.0,0.0,1.0,0.0,0.0,0.0,0.0,0.0,
ITA-Serie A,1819,2019-04-29 Atalanta-Udinese,Udinese,Juan Musso,False,Goalkeeper,1,start,end,1.0,0.0,0.0,0.0,0.0,0.0,0.0,2.0,7.0,0.0,0.0,0.0,0.0,0.0,
ITA-Serie A,1819,2019-04-29 Fiorentina-Sassuolo,Fiorentina,Alban Lafont,True,Goalkeeper,1,start,end,1.0,0.0,0.0,0.0,0.0,0.0,0.0,1.0,2.0,0.0,0.0,0.0,0.0,0.0,
ITA-Serie A,1819,2019-04-29 Fiorentina-Sassuolo,Sassuolo,Andrea Consigli,False,Goalkeeper,1,start,end,1.0,0.0,0.0,0.0,0.0,0.0,0.0,0.0,4.0,0.0,0.0,0.0,0.0,0.0,
ITA-Serie A,1819,2019-05-03 Juventus-Torino,Juventus,Wojciech Szczesny,True,Goalkeeper,1,start,end,1.0,0.0,0.0,0.0,0.0,0.0,0.0,1.0,1.0,0.0,0.0,0.0,0.0,0.0,
ITA-Serie A,1819,2019-05-03 Juventus-Torino,Torino,Salvatore Sirigu,False,Goalkeeper,1,start,end,1.0,0.0,0.0,0.0,0.0,0.0,0.0,1.0,3.0,0.0,0.0,0.0,0.0,0.0,
ITA-Serie A,1819,2019-05-04 Chievo Verona-SPAL,Chievo Verona,Adrian Semper,True,Goalkeeper,1,start,end,1.0,0.0,0.0,0.0,0.0,0.0,0.0,4.0,4.0,0.0,0.0,0.0,0.0,0.0,
ITA-Serie A,1819,2019-05-04 Chievo Verona-SPAL,SPAL,Emiliano Viviano,False,Goalkeeper,1,start,85,1.0,0.0,0.0,0.0,0.0,0.0,0.0,0.0,3.0,0.0,0.0,0.0,0.0,0.0,
ITA-Serie A,1819,2019-05-04 Udinese-Internazionale,Internazionale,Samir Handanovic,False,Goalkeeper,1,start,end,1.0,0.0,0.0,0.0,0.0,0.0,0.0,0.0,3.0,0.0,0.0,0.0,0.0,0.0,
ITA-Serie A,1819,2019-05-04 Udinese-Internazionale,Udinese,Juan Musso,True,Goalkeeper,1,start,end,1.0,0.0,0.0,0.0,0.0,0.0,0.0,0.0,4.0,0.0,0.0,0.0,0.0,0.0,
ITA-Serie A,1819,2019-05-05 Empoli-Fiorentina,Empoli,Bartlomiej Dragowski,True,Goalkeeper,1,start,end,1.0,0.0,0.0,0.0,0.0,0.0,0.0,0.0,10.0,0.0,0.0,0.0,0.0,0.0,
ITA-Serie A,1819,2019-05-05 Empoli-Fiorentina,Fiorentina,Alban Lafont,False,Goalkeeper,1,start,end,1.0,0.0,0.0,0.0,0.0,0.0,0.0,1.0,3.0,0.0,0.0,0.0,0.0,0.0,
ITA-Serie A,1819,2019-05-05 Genoa-AS Roma,AS Roma,Antonio Mirante,False,Goalkeeper,1,start,end,1.0,1.0,0.0,0.0,0.0,0.0,0.0,1.0,4.0,0.0,0.0,0.0,0.0,0.0,
ITA-Serie A,1819,2019-05-05 Genoa-AS Roma,Genoa,Andrei Radu,True,Goalkeeper,1,start,end,1.0,0.0,0.0,0.0,0.0,0.0,0.0,1.0,5.0,0.0,0.0,0.0,0.0,0.0,
ITA-Serie A,1819,2019-05-05 Lazio-Atalanta,Atalanta,Pierluigi Gollini,False,Goalkeeper,1,start,end,1.0,0.0,0.0,0.0,0.0,0.0,0.0,1.0,3.0,0.0,0.0,0.0,0.0,0.0,
ITA-Serie A,1819,2019-05-05 Lazio-Atalanta,Lazio,Thomas Strakosha,True,Goalkeeper,1,start,end,1.0,0.0,0.0,0.0,0.0,0.0,0.0,3.0,3.0,0.0,0.0,0.0,0.0,0.0,
ITA-Serie A,1819,2019-05-05 Napoli-Cagliari,Cagliari,Alessio Cragno,False,Goalkeeper,1,start,end,1.0,0.0,1.0,0.0,0.0,0.0,0.0,2.0,5.0,0.0,0.0,0.0,0.0,0.0,
ITA-Serie A,1819,2019-05-05 Napoli-Cagliari,Napoli,Alex Meret,True,Goalkeeper,1,start,end,1.0,0.0,0.0,0.0,0.0,0.0,0.0,1.0,1.0,0.0,0.0,0.0,0.0,0.0,
ITA-Serie A,1819,2019-05-05 Parma-Sampdoria,Parma,Luigi Sepe,True,Goalkeeper,1,start,end,1.0,0.0,0.0,0.0,0.0,0.0,0.0,3.0,6.0,0.0,0.0,0.0,0.0,0.0,
ITA-Serie A,1819,2019-05-05 Parma-Sampdoria,Sampdoria,Emil Audero,False,Goalkeeper,1,start,end,1.0,0.0,0.0,0.0,0.0,0.0,0.0,3.0,3.0,0.0,0.0,0.0,0.0,0.0,
ITA-Serie A,1819,2019-05-05 Sassuolo-Frosinone,Frosinone,Marco Sportiello,False,Goalkeeper,1,start,end,1.0,0.0,0.0,0.0,0.0,0.0,1.0,2.0,2.0,0.0,0.0,0.0,0.0,0.0,
ITA-Serie A,1819,2019-05-05 Sassuolo-Frosinone,Sassuolo,Andrea Consigli,True,Goalkeeper,1,start,end,1.0,0.0,0.0,0.0,0.0,0.0,0.0,2.0,1.0,0.0,0.0,0.0,0.0,0.0,
ITA-Serie A,1819,2019-05-06 AC Milan-Bologna,AC Milan,Gianluigi Donnarumma,True,Goalkeeper,1,start,end,1.0,0.0,0.0,0.0,0.0,0.0,0.0,1.0,5.0,0.0,0.0,0.0,0.0,0.0,
ITA-Serie A,1819,2019-05-06 AC Milan-Bologna,Bologna,Lukasz Skorupski,False,Goalkeeper,1,start,end,1.0,0.0,0.0,0.0,0.0,0.0,0.0,2.0,3.0,0.0,0.0,0.0,0.0,0.0,
ITA-Serie A,1819,2019-05-11 Atalanta-Genoa,Atalanta,Pierluigi Gollini,True,Goalkeeper,1,start,end,1.0,0.0,0.0,0.0,0.0,0.0,0.0,1.0,1.0,0.0,0.0,0.0,0.0,0.0,
ITA-Serie A,1819,2019-05-11 Atalanta-Genoa,Genoa,Andrei Radu,False,Goalkeeper,1,start,end,1.0,0.0,0.0,0.0,0.0,0.0,0.0,2.0,2.0,0.0,0.0,0.0,0.0,0.0,
ITA-Serie A,1819,2019-05-11 Cagliari-Lazio,Cagliari,Alessio Cragno,True,Goalkeeper,1,start,end,1.0,0.0,0.0,0.0,0.0,0.0,0.0,2.0,3.0,0.0,0.0,0.0,0.0,0.0,
ITA-Serie A,1819,2019-05-11 Cagliari-Lazio,Lazio,Silvio Proto,False,Goalkeeper,1,start,end,1.0,0.0,1.0,0.0,0.0,0.0,1.0,1.0,5.0,0.0,0.0,0.0,0.0,0.0,
ITA-Serie A,1819,2019-05-11 Fiorentina-AC Milan,AC Milan,Gianluigi Donnarumma,False,Goalkeeper,1,start,end,1.0,0.0,0.0,0.0,0.0,0.0,1.0,0.0,4.0,0.0,0.0,0.0,0.0,0.0,
ITA-Serie A,1819,2019-05-11 Fiorentina-AC Milan,Fiorentina,Alban Lafont,True,Goalkeeper,1,start,end,1.0,0.0,0.0,0.0,0.0,0.0,0.0,1.0,4.0,0.0,0.0,0.0,0.0,0.0,
ITA-Serie A,1819,2019-05-12 AS Roma-Juventus,AS Roma,Antonio Mirante,True,Goalkeeper,1,start,end,1.0,0.0,0.0,0.0,0.0,0.0,0.0,0.0,4.0,0.0,0.0,0.0,0.0,0.0,
ITA-Serie A,1819,2019-05-12 AS Roma-Juventus,Juventus,Wojciech Szczesny,False,Goalkeeper,1,start,end,1.0,0.0,0.0,0.0,0.0,0.0,0.0,2.0,1.0,0.0,0.0,0.0,0.0,0.0,
ITA-Serie A,1819,2019-05-12 Frosinone-Udinese,Frosinone,Francesco Bardi,True,Goalkeeper,1,start,end,1.0,0.0,0.0,0.0,0.0,0.0,0.0,3.0,4.0,0.0,0.0,0.0,0.0,0.0,
ITA-Serie A,1819,2019-05-12 Frosinone-Udinese,Udinese,Juan Musso,False,Goalkeeper,1,start,end,1.0,0.0,0.0,0.0,0.0,0.0,0.0,1.0,4.0,0.0,0.0,0.0,0.0,0.0,
ITA-Serie A,1819,2019-05-12 SPAL-Napoli,Napoli,Alex Meret,False,Goalkeeper,1,start,end,1.0,0.0,0.0,0.0,0.0,0.0,0.0,1.0,5.0,0.0,0.0,0.0,0.0,0.0,
ITA-Serie A,1819,2019-05-12 SPAL-Napoli,SPAL,Emiliano Viviano,True,Goalkeeper,1,start,end,1.0,0.0,0.0,0.0,0.0,0.0,0.0,2.0,5.0,0.0,0.0,0.0,0.0,0.0,
ITA-Serie A,1819,2019-05-12 Sampdoria-Empoli,Empoli,Bartlomiej Dragowski,False,Goalkeeper,1,start,end,1.0,0.0,0.0,0.0,0.0,0.0,0.0,1.0,5.0,0.0,0.0,0.0,0.0,0.0,
ITA-Serie A,1819,2019-05-12 Sampdoria-Empoli,Sampdoria,Emil Audero,True,Goalkeeper,1,start,end,1.0,0.0,0.0,0.0,0.0,0.0,0.0,2.0,2.0,0.0,0.0,0.0,0.0,0.0,
ITA-Serie A,1819,2019-05-12 Torino-Sassuolo,Sassuolo,Andrea Consigli,False,Goalkeeper,1,start,end,1.0,0.0,1.0,0.0,0.0,0.0,0.0,3.0,6.0,0.0,0.0,0.0,0.0,0.0,
ITA-Serie A,1819,2019-05-12 Torino-Sassuolo,Torino,Salvatore Sirigu,True,Goalkeeper,1,start,end,1.0,0.0,0.0,0.0,0.0,0.0,0.0,2.0,1.0,0.0,0.0,0.0,0.0,0.0,
ITA-Serie A,1819,2019-05-13 Bologna-Parma,Bologna,Lukasz Skorupski,True,Goalkeeper,1,start,end,1.0,0.0,0.0,0.0,0.0,0.0,0.0,1.0,0.0,0.0,0.0,0.0,0.0,0.0,
ITA-Serie A,1819,2019-05-13 Bologna-Parma,Parma,Luigi Sepe,False,Goalkeeper,1,start,end,1.0,0.0,0.0,1.0,0.0,0.0,0.0,4.0,7.0,0.0,0.0,0.0,0.0,0.0,
ITA-Serie A,1819,2019-05-13 Internazionale-Chievo Verona,Chievo Verona,Adrian Semper,False,Goalkeeper,1,start,end,1.0,0.0,0.0,0.0,0.0,0.0,0.0,2.0,7.0,0.0,0.0,0.0,0.0,0.0,
ITA-Serie A,1819,2019-05-13 Internazionale-Chievo Verona,Internazionale,Samir Handanovic,True,Goalkeeper,1,start,end,1.0,0.0,0.0,0.0,0.0,0.0,0.0,0.0,0.0,0.0,0.0,0.0,0.0,0.0,
ITA-Serie A,1819,2019-05-18 Genoa-Cagliari,Cagliari,Alessio Cragno,False,Goalkeeper,1,start,end,1.0,0.0,1.0,0.0,0.0,0.0,0.0,1.0,7.0,0.0,0.0,0.0,0.0,0.0,
ITA-Serie A,1819,2019-05-18 Genoa-Cagliari,Genoa,Andrei Radu,True,Goalkeeper,1,start,end,1.0,0.0,0.0,0.0,0.0,0.0,0.0,1.0,2.0,0.0,0.0,0.0,0.0,0.0,
ITA-Serie A,1819,2019-05-18 Sassuolo-AS Roma,AS Roma,Antonio Mirante,False,Goalkeeper,1,start,end,1.0,0.0,0.0,0.0,0.0,0.0,0.0,0.0,2.0,0.0,0.0,0.0,0.0,0.0,
ITA-Serie A,1819,2019-05-18 Sassuolo-AS Roma,Sassuolo,Andrea Consigli,True,Goalkeeper,1,start,end,1.0,0.0,0.0,0.0,0.0,0.0,0.0,0.0,4.0,0.0,0.0,0.0,0.0,0.0,
ITA-Serie A,1819,2019-05-18 Udinese-SPAL,SPAL,Alfred Gomis,False,Goalkeeper,1,start,end,1.0,0.0,0.0,0.0,0.0,0.0,0.0,3.0,1.0,0.0,0.0,0.0,0.0,0.0,
ITA-Serie A,1819,2019-05-18 Udinese-SPAL,Udinese,Juan Musso,True,Goalkeeper,1,start,end,1.0,0.0,0.0,0.0,0.0,0.0,0.0,2.0,1.0,0.0,0.0,0.0,0.0,0.0,
ITA-Serie A,1819,2019-05-19 AC Milan-Frosinone,AC Milan,Gianluigi Donnarumma,True,Goalkeeper,1,start,end,1.0,0.0,0.0,0.0,0.0,0.0,0.0,0.0,2.0,0.0,0.0,0.0,0.0,0.0,
ITA-Serie A,1819,2019-05-19 AC Milan-Frosinone,Frosinone,Francesco Bardi,False,Goalkeeper,1,start,end,1.0,0.0,0.0,0.0,0.0,0.0,0.0,2.0,1.0,0.0,0.0,0.0,0.0,0.0,
ITA-Serie A,1819,2019-05-19 Chievo Verona-Sampdoria,Chievo Verona,Adrian Semper,True,Goalkeeper,1,start,end,1.0,0.0,0.0,0.0,0.0,0.0,0.0,0.0,5.0,0.0,0.0,0.0,0.0,0.0,
ITA-Serie A,1819,2019-05-19 Chievo Verona-Sampdoria,Sampdoria,Rafael,False,Goalkeeper,1,start,end,1.0,0.0,0.0,0.0,0.0,0.0,0.0,0.0,1.0,0.0,0.0,0.0,0.0,0.0,
ITA-Serie A,1819,2019-05-19 Empoli-Torino,Empoli,Bartlomiej Dragowski,True,Goalkeeper,1,start,end,1.0,0.0,0.0,0.0,0.0,0.0,0.0,1.0,4.0,0.0,0.0,0.0,0.0,0.0,
ITA-Serie A,1819,2019-05-19 Empoli-Torino,Torino,Salvatore Sirigu,False,Goalkeeper,1,start,end,1.0,0.0,0.0,0.0,0.0,0.0,0.0,4.0,5.0,0.0,0.0,0.0,0.0,0.0,
ITA-Serie A,1819,2019-05-19 Juventus-Atalanta,Atalanta,Pierluigi Gollini,False,Goalkeeper,1,start,end,1.0,0.0,0.0,0.0,0.0,0.0,0.0,1.0,3.0,0.0,0.0,0.0,0.0,0.0,
ITA-Serie A,1819,2019-05-19 Juventus-Atalanta,Juventus,Wojciech Szczesny,True,Goalkeeper,1,start,end,1.0,0.0,0.0,0.0,0.0,0.0,0.0,1.0,5.0,0.0,0.0,0.0,0.0,0.0,
ITA-Serie A,1819,2019-05-19 Napoli-Internazionale,Internazionale,Samir Handanovic,False,Goalkeeper,1,start,end,1.0,0.0,0.0,0.0,0.0,0.0,0.0,4.0,2.0,0.0,0.0,0.0,0.0,0.0,
ITA-Serie A,1819,2019-05-19 Napoli-Internazionale,Napoli,Orestis Karnezis,True,Goalkeeper,1,start,end,1.0,0.0,0.0,0.0,0.0,0.0,0.0,1.0,4.0,0.0,0.0,0.0,0.0,0.0,
ITA-Serie A,1819,2019-05-19 Parma-Fiorentina,Fiorentina,Alban Lafont,False,Goalkeeper,1,start,end,1.0,0.0,0.0,0.0,0.0,0.0,0.0,1.0,2.0,0.0,0.0,0.0,0.0,0.0,
ITA-Serie A,1819,2019-05-19 Parma-Fiorentina,Parma,Luigi Sepe,True,Goalkeeper,1,start,end,1.0,0.0,0.0,0.0,0.0,0.0,0.0,0.0,2.0,0.0,0.0,0.0,0.0,0.0,
ITA-Serie A,1819,2019-05-20 Lazio-Bologna,Bologna,Lukasz Skorupski,False,Goalkeeper,1,start,end,1.0,0.0,0.0,0.0,0.0,0.0,0.0,3.0,2.0,0.0,0.0,0.0,0.0,0.0,
ITA-Serie A,1819,2019-05-20 Lazio-Bologna,Lazio,Guido Guerrieri,True,Goalkeeper,1,start,end,1.0,0.0,0.0,0.0,0.0,0.0,0.0,3.0,1.0,0.0,0.0,0.0,0.0,0.0,
ITA-Serie A,1819,2019-05-25 Bologna-Napoli,Bologna,Lukasz Skorupski,True,Goalkeeper,1,start,end,1.0,0.0,0.0,0.0,0.0,0.0,0.0,2.0,3.0,0.0,0.0,0.0,0.0,0.0,
ITA-Serie A,1819,2019-05-25 Bologna-Napoli,Napoli,Orestis Karnezis,False,Goalkeeper,1,start,end,1.0,0.0,1.0,0.0,0.0,0.0,0.0,3.0,1.0,0.0,0.0,0.0,0.0,0.0,
ITA-Serie A,1819,2019-05-25 Frosinone-Chievo Verona,Chievo Verona,Adrian Semper,False,Goalkeeper,1,start,end,1.0,0.0,0.0,0.0,0.0,0.0,0.0,0.0,3.0,0.0,0.0,0.0,0.0,0.0,
ITA-Serie A,1819,2019-05-25 Frosinone-Chievo Verona,Frosinone,Francesco Bardi,True,Goalkeeper,1,start,end,1.0,0.0,0.0,0.0,0.0,0.0,0.0,0.0,2.0,0.0,0.0,0.0,0.0,0.0,
ITA-Serie A,1819,2019-05-26 AS Roma-Parma,AS Roma,Antonio Mirante,True,Goalkeeper,1,start,end,1.0,0.0,0.0,0.0,0.0,0.0,0.0,1.0,4.0,0.0,0.0,0.0,0.0,0.0,
ITA-Serie A,1819,2019-05-26 AS Roma-Parma,Parma,Pierluigi Frattali,False,Goalkeeper,1,start,end,1.0,0.0,0.0,0.0,0.0,0.0,0.0,2.0,7.0,0.0,0.0,0.0,0.0,0.0,
ITA-Serie A,1819,2019-05-26 Atalanta-Sassuolo,Atalanta,Pierluigi Gollini,True,Goalkeeper,1,start,93,1.0,0.0,0.0,0.0,0.0,0.0,0.0,1.0,1.0,0.0,0.0,0.0,0.0,0.0,
ITA-Serie A,1819,2019-05-26 Atalanta-Sassuolo,Sassuolo,Gianluca Pegolo,False,Goalkeeper,1,start,end,1.0,0.0,0.0,0.0,0.0,0.0,0.0,3.0,3.0,0.0,0.0,0.0,0.0,0.0,
ITA-Serie A,1819,2019-05-26 Cagliari-Udinese,Cagliari,Alessio Cragno,True,Goalkeeper,1,start,end,1.0,0.0,0.0,0.0,0.0,0.0,0.0,2.0,3.0,0.0,0.0,0.0,0.0,0.0,
ITA-Serie A,1819,2019-05-26 Cagliari-Udinese,Udinese,Juan Musso,False,Goalkeeper,1,start,end,1.0,0.0,0.0,0.0,0.0,0.0,1.0,1.0,5.0,0.0,0.0,0.0,0.0,0.0,
ITA-Serie A,1819,2019-05-26 Fiorentina-Genoa,Fiorentina,Alban Lafont,True,Goalkeeper,1,start,end,1.0,0.0,0.0,0.0,0.0,0.0,0.0,0.0,1.0,0.0,0.0,0.0,0.0,0.0,
ITA-Serie A,1819,2019-05-26 Fiorentina-Genoa,Genoa,Andrei Radu,False,Goalkeeper,1,start,end,1.0,0.0,0.0,0.0,0.0,0.0,0.0,0.0,4.0,0.0,0.0,0.0,0.0,0.0,
ITA-Serie A,1819,2019-05-26 Internazionale-Empoli,Empoli,Bartlomiej Dragowski,False,Goalkeeper,1,start,end,1.0,1.0,1.0,0.0,0.0,0.0,0.0,2.0,12.0,0.0,0.0,0.0,0.0,0.0,
ITA-Serie A,1819,2019-05-26 Internazionale-Empoli,Internazionale,Samir Handanovic,True,Goalkeeper,1,start,end,1.0,0.0,0.0,0.0,0.0,0.0,0.0,1.0,3.0,0.0,0.0,0.0,0.0,0.0,
ITA-Serie A,1819,2019-05-26 SPAL-AC Milan,AC Milan,Gianluigi Donnarumma,False,Goalkeeper,1,start,21,1.0,0.0,0.0,0.0,0.0,0.0,0.0,0.0,0.0,0.0,0.0,0.0,0.0,0.0,
ITA-Serie A,1819,2019-05-26 SPAL-AC Milan,SPAL,Emiliano Viviano,True,Goalkeeper,1,start,end,1.0,0.0,0.0,0.0,0.0,0.0,0.0,3.0,5.0,0.0,0.0,0.0,0.0,0.0,
ITA-Serie A,1819,2019-05-26 Sampdoria-Juventus,Juventus,Carlo Pinsoglio,False,Goalkeeper,1,start,end,1.0,0.0,0.0,0.0,0.0,0.0,0.0,2.0,1.0,0.0,0.0,0.0,0.0,0.0,
ITA-Serie A,1819,2019-05-26 Sampdoria-Juventus,Sampdoria,Rafael,True,Goalkeeper,1,start,end,1.0,0.0,0.0,0.0,0.0,0.0,0.0,0.0,1.0,0.0,0.0,0.0,0.0,0.0,
ITA-Serie A,1819,2019-05-26 Torino-Lazio,Lazio,Silvio Proto,False,Goalkeeper,1,start,end,1.0,0.0,0.0,0.0,0.0,0.0,0.0,3.0,4.0,0.0,0.0,0.0,0.0,0.0,
ITA-Serie A,1819,2019-05-26 Torino-Lazio,Torino,Salvatore Sirigu,True,Goalkeeper,1,start,end,1.0,0.0,0.0,0.0,0.0,0.0,0.0,1.0,3.0,0.0,0.0,0.0,0.0,0.0,
