league,season,game,team,player,is_home,position,formation_place,sub_in,sub_out,appearances,fouls_committed,fouls_suffered,own_goals,red_cards,sub_ins,yellow_cards,goals_conceded,saves,shots_faced,goal_assists,shots_on_target,total_goals,total_shots,offsides
GER-Bundesliga,2021,2020-09-18 Bayern Munich-Schalke 04,Bayern Munich,Manuel Neuer,True,Goalkeeper,1,start,end,1.0,0.0,0.0,0.0,0.0,0.0,0.0,0.0,1.0,0.0,0.0,0.0,0.0,0.0,
GER-Bundesliga,2021,2020-09-18 Bayern Munich-Schalke 04,Schalke 04,Ralf Fährmann,False,Goalkeeper,1,start,end,1.0,0.0,0.0,0.0,0.0,0.0,0.0,8.0,3.0,0.0,0.0,0.0,0.0,0.0,
GER-Bundesliga,2021,2020-09-19 1. FC Union Berlin-FC Augsburg,1. FC Union Berlin,Andreas Luthe,True,Goalkeeper,1,start,end,1.0,0.0,1.0,0.0,0.0,0.0,0.0,3.0,2.0,0.0,0.0,0.0,0.0,0.0,
GER-Bundesliga,2021,2020-09-19 1. FC Union Berlin-FC Augsburg,FC Augsburg,Rafal Gikiewicz,False,Goalkeeper,1,start,end,1.0,0.0,0.0,0.0,0.0,0.0,0.0,1.0,2.0,0.0,0.0,0.0,0.0,0.0,
GER-Bundesliga,2021,2020-09-19 Borussia Dortmund-Borussia Mönchengladbach,Borussia Dortmund,Roman Bürki,True,Goalkeeper,1,start,end,1.0,0.0,0.0,0.0,0.0,0.0,0.0,0.0,2.0,0.0,0.0,0.0,0.0,0.0,
GER-Bundesliga,2021,2020-09-19 Borussia Dortmund-Borussia Mönchengladbach,Borussia Mönchengladbach,Yann Sommer,False,Goalkeeper,1,start,end,1.0,0.0,0.0,0.0,0.0,0.0,0.0,3.0,1.0,0.0,0.0,0.0,0.0,0.0,
GER-Bundesliga,2021,2020-09-19 Eintracht Frankfurt-Arminia Bielefeld,Arminia Bielefeld,Stefan Ortega,False,Goalkeeper,1,start,end,1.0,0.0,0.0,0.0,0.0,0.0,0.0,1.0,5.0,0.0,0.0,0.0,0.0,0.0,
GER-Bundesliga,2021,2020-09-19 Eintracht Frankfurt-Arminia Bielefeld,Eintracht Frankfurt,Kevin Trapp,True,Goalkeeper,1,start,end,1.0,0.0,0.0,0.0,0.0,0.0,0.0,1.0,3.0,0.0,0.0,0.0,0.0,0.0,
GER-Bundesliga,2021,2020-09-19 FC Cologne-TSG Hoffenheim,FC Cologne,Timo Horn,True,Goalkeeper,1,start,end,1.0,0.0,0.0,0.0,0.0,0.0,0.0,3.0,4.0,0.0,0.0,0.0,0.0,0.0,
GER-Bundesliga,2021,2020-09-19 FC Cologne-TSG Hoffenheim,TSG Hoffenheim,Oliver Baumann,False,Goalkeeper,1,start,end,1.0,0.0,1.0,0.0,0.0,0.0,1.0,2.0,4.0,0.0,0.0,0.0,0.0,0.0,
GER-Bundesliga,2021,2020-09-19 VfB Stuttgart-SC Freiburg,SC Freiburg,Florian Müller,False,Goalkeeper,1,start,end,1.0,0.0,0.0,0.0,0.0,0.0,0.0,2.0,4.0,0.0,0.0,0.0,0.0,0.0,
GER-Bundesliga,2021,2020-09-19 VfB Stuttgart-SC Freiburg,VfB Stuttgart,Gregor Kobel,True,Goalkeeper,1,start,end,1.0,0.0,0.0,0.0,0.0,0.0,0.0,3.0,2.0,0.0,0.0,0.0,0.0,0.0,
GER-Bundesliga,2021,2020-09-19 Werder Bremen-Hertha Berlin,Hertha Berlin,Alexander Schwolow,False,Goalkeeper,1,start,end,1.0,0.0,0.0,0.0,0.0,0.0,0.0,1.0,5.0,0.0,0.0,0.0,0.0,0.0,
GER-Bundesliga,2021,2020-09-19 Werder Bremen-Hertha Berlin,Werder Bremen,Jirí Pavlenka,True,Goalkeeper,1,start,end,1.0,0.0,0.0,0.0,0.0,0.0,0.0,4.0,2.0,0.0,0.0,0.0,0.0,0.0,
GER-Bundesliga,2021,2020-09-20 RB Leipzig-Mainz,Mainz,Robin Zentner,False,Goalkeeper,1,start,end,1.0,0.0,0.0,0.0,0.0,0.0,0.0,3.0,6.0,0.0,0.0,0.0,0.0,0.0,
GER-Bundesliga,2021,2020-09-20 RB Leipzig-Mainz,RB Leipzig,Péter Gulácsi,True,Goalkeeper,1,start,end,1.0,0.0,0.0,0.0,0.0,0.0,0.0,1.0,0.0,0.0,0.0,0.0,0.0,0.0,
GER-Bundesliga,2021,2020-09-20 VfL Wolfsburg-Bayer Leverkusen,Bayer Leverkusen,Lukas Hradecky,False,Goalkeeper,1,start,end,1.0,0.0,0.0,0.0,0.0,0.0,0.0,0.0,1.0,0.0,0.0,0.0,0.0,0.0,
GER-Bundesliga,2021,2020-09-20 VfL Wolfsburg-Bayer Leverkusen,VfL Wolfsburg,Koen Casteels,True,Goalkeeper,1,start,end,1.0,0.0,0.0,0.0,0.0,0.0,0.0,0.0,3.0,0.0,0.0,0.0,0.0,0.0,
GER-Bundesliga,2021,2020-09-25 Hertha Berlin-Eintracht Frankfurt,Eintracht Frankfurt,Kevin Trapp,False,Goalkeeper,1,start,end,1.0,0.0,0.0,0.0,0.0,0.0,0.0,1.0,6.0,0.0,0.0,0.0,0.0,0.0,
GER-Bundesliga,2021,2020-09-25 Hertha Berlin-Eintracht Frankfurt,Hertha Berlin,Alexander Schwolow,True,Goalkeeper,1,start,end,1.0,0.0,0.0,0.0,0.0,0.0,0.0,3.0,0.0,0.0,0.0,0.0,0.0,0.0,
GER-Bundesliga,2021,2020-09-26 Arminia Bielefeld-FC Cologne,Arminia Bielefeld,Stefan Ortega,True,Goalkeeper,1,start,end,1.0,0.0,0.0,0.0,0.0,0.0,0.0,0.0,2.0,0.0,1.0,0.0,0.0,0.0,
GER-Bundesliga,2021,2020-09-26 Arminia Bielefeld-FC Cologne,FC Cologne,Timo Horn,False,Goalkeeper,1,start,end,1.0,0.0,0.0,0.0,0.0,0.0,0.0,1.0,1.0,0.0,0.0,0.0,0.0,0.0,
GER-Bundesliga,2021,2020-09-26 Bayer Leverkusen-RB Leipzig,Bayer Leverkusen,Lukas Hradecky,True,Goalkeeper,1,start,end,1.0,0.0,0.0,0.0,0.0,0.0,0.0,1.0,1.0,0.0,0.0,0.0,0.0,0.0,
GER-Bundesliga,2021,2020-09-26 Bayer Leverkusen-RB Leipzig,RB Leipzig,Péter Gulácsi,False,Goalkeeper,1,start,end,1.0,0.0,0.0,0.0,0.0,0.0,0.0,1.0,3.0,0.0,0.0,0.0,0.0,0.0,
GER-Bundesliga,2021,2020-09-26 Borussia Mönchengladbach-1. FC Union Berlin,1. FC Union Berlin,Andreas Luthe,False,Goalkeeper,1,start,end,1.0,0.0,1.0,0.0,0.0,0.0,0.0,1.0,5.0,0.0,0.0,0.0,0.0,0.0,
GER-Bundesliga,2021,2020-09-26 Borussia Mönchengladbach-1. FC Union Berlin,Borussia Mönchengladbach,Yann Sommer,True,Goalkeeper,1,start,end,1.0,0.0,0.0,0.0,0.0,0.0,0.0,1.0,1.0,0.0,0.0,0.0,0.0,0.0,
GER-Bundesliga,2021,2020-09-26 FC Augsburg-Borussia Dortmund,Borussia Dortmund,Roman Bürki,False,Goalkeeper,1,start,end,1.0,0.0,0.0,0.0,0.0,0.0,0.0,2.0,2.0,0.0,0.0,0.0,0.0,0.0,
GER-Bundesliga,2021,2020-09-26 FC Augsburg-Borussia Dortmund,FC Augsburg,Rafal Gikiewicz,True,Goalkeeper,1,start,end,1.0,0.0,0.0,0.0,0.0,0.0,0.0,0.0,6.0,0.0,0.0,0.0,0.0,0.0,
GER-Bundesliga,2021,2020-09-26 Mainz-VfB Stuttgart,Mainz,Robin Zentner,True,Goalkeeper,1,start,end,1.0,0.0,0.0,0.0,0.0,0.0,0.0,4.0,3.0,0.0,0.0,0.0,0.0,0.0,
GER-Bundesliga,2021,2020-09-26 Mainz-VfB Stuttgart,VfB Stuttgart,Gregor Kobel,False,Goalkeeper,1,start,end,1.0,0.0,0.0,0.0,0.0,0.0,0.0,1.0,1.0,0.0,0.0,0.0,0.0,0.0,
GER-Bundesliga,2021,2020-09-26 Schalke 04-Werder Bremen,Schalke 04,Ralf Fährmann,True,Goalkeeper,1,start,end,1.0,0.0,0.0,0.0,0.0,0.0,0.0,3.0,4.0,0.0,0.0,0.0,0.0,0.0,
GER-Bundesliga,2021,2020-09-26 Schalke 04-Werder Bremen,Werder Bremen,Jirí Pavlenka,False,Goalkeeper,1,start,end,1.0,0.0,0.0,0.0,0.0,0.0,0.0,1.0,3.0,0.0,0.0,0.0,0.0,0.0,
GER-Bundesliga,2021,2020-09-27 SC Freiburg-VfL Wolfsburg,SC Freiburg,Florian Müller,True,Goalkeeper,1,start,end,1.0,0.0,0.0,0.0,0.0,0.0,0.0,1.0,1.0,0.0,0.0,0.0,0.0,0.0,
GER-Bundesliga,2021,2020-09-27 SC Freiburg-VfL Wolfsburg,VfL Wolfsburg,Pavao Pervan,False,Goalkeeper,1,start,end,1.0,0.0,0.0,0.0,0.0,0.0,0.0,1.0,6.0,0.0,0.0,0.0,0.0,0.0,
GER-Bundesliga,2021,2020-09-27 TSG Hoffenheim-Bayern Munich,Bayern Munich,Manuel Neuer,False,Goalkeeper,1,start,end,1.0,1.0,0.0,0.0,0.0,0.0,1.0,4.0,4.0,0.0,0.0,0.0,0.0,0.0,
GER-Bundesliga,2021,2020-09-27 TSG Hoffenheim-Bayern Munich,TSG Hoffenheim,Oliver Baumann,True,Goalkeeper,1,start,end,1.0,0.0,0.0,0.0,0.0,0.0,0.0,1.0,2.0,0.0,0.0,0.0,0.0,0.0,
GER-Bundesliga,2021,2020-10-02 1. FC Union Berlin-Mainz,1. FC Union Berlin,Andreas Luthe,True,Goalkeeper,1,start,end,1.0,0.0,0.0,0.0,0.0,0.0,0.0,0.0,0.0,0.0,0.0,0.0,0.0,0.0,
GER-Bundesliga,2021,2020-10-02 1. FC Union Berlin-Mainz,Mainz,Robin Zentner,False,Goalkeeper,1,start,end,1.0,0.0,1.0,0.0,0.0,0.0,0.0,4.0,3.0,0.0,0.0,0.0,0.0,0.0,
GER-Bundesliga,2021,2020-10-03 Borussia Dortmund-SC Freiburg,Borussia Dortmund,Marwin Hitz,True,Goalkeeper,1,start,end,1.0,0.0,0.0,0.0,0.0,0.0,0.0,0.0,2.0,0.0,0.0,0.0,0.0,0.0,
GER-Bundesliga,2021,2020-10-03 Borussia Dortmund-SC Freiburg,SC Freiburg,Florian Müller,False,Goalkeeper,1,start,end,1.0,0.0,0.0,0.0,0.0,0.0,0.0,4.0,3.0,0.0,0.0,0.0,0.0,0.0,
GER-Bundesliga,2021,2020-10-03 Eintracht Frankfurt-TSG Hoffenheim,Eintracht Frankfurt,Kevin Trapp,True,Goalkeeper,1,start,end,1.0,0.0,0.0,0.0,0.0,0.0,0.0,1.0,3.0,0.0,0.0,0.0,0.0,0.0,
GER-Bundesliga,2021,2020-10-03 Eintracht Frankfurt-TSG Hoffenheim,TSG Hoffenheim,Oliver Baumann,False,Goalkeeper,1,start,end,1.0,0.0,0.0,0.0,0.0,0.0,0.0,2.0,5.0,0.0,0.0,0.0,0.0,0.0,
GER-Bundesliga,2021,2020-10-03 FC Cologne-Borussia Mönchengladbach,Borussia Mönchengladbach,Yann Sommer,False,Goalkeeper,1,start,end,1.0,0.0,1.0,0.0,0.0,0.0,0.0,1.0,1.0,0.0,0.0,0.0,0.0,0.0,
GER-Bundesliga,2021,2020-10-03 FC Cologne-Borussia Mönchengladbach,FC Cologne,Timo Horn,True,Goalkeeper,1,start,end,1.0,0.0,0.0,0.0,0.0,0.0,0.0,3.0,7.0,0.0,0.0,0.0,0.0,0.0,
GER-Bundesliga,2021,2020-10-03 RB Leipzig-Schalke 04,RB Leipzig,Péter Gulácsi,True,Goalkeeper,1,start,end,1.0,0.0,0.0,0.0,0.0,0.0,0.0,0.0,1.0,0.0,0.0,0.0,0.0,0.0,
GER-Bundesliga,2021,2020-10-03 RB Leipzig-Schalke 04,Schalke 04,Ralf Fährmann,False,Goalkeeper,1,start,45,1.0,0.0,0.0,0.0,0.0,0.0,0.0,3.0,1.0,0.0,0.0,0.0,0.0,0.0,
GER-Bundesliga,2021,2020-10-03 VfB Stuttgart-Bayer Leverkusen,Bayer Leverkusen,Lukas Hradecky,False,Goalkeeper,1,start,end,1.0,0.0,0.0,0.0,0.0,0.0,0.0,1.0,1.0,0.0,0.0,0.0,0.0,0.0,
GER-Bundesliga,2021,2020-10-03 VfB Stuttgart-Bayer Leverkusen,VfB Stuttgart,Gregor Kobel,True,Goalkeeper,1,start,end,1.0,0.0,0.0,0.0,0.0,0.0,0.0,1.0,5.0,0.0,0.0,0.0,0.0,0.0,
GER-Bundesliga,2021,2020-10-03 Werder Bremen-Arminia Bielefeld,Arminia Bielefeld,Stefan Ortega,False,Goalkeeper,1,start,end,1.0,0.0,0.0,0.0,0.0,0.0,0.0,1.0,1.0,0.0,0.0,0.0,0.0,0.0,
GER-Bundesliga,2021,2020-10-03 Werder Bremen-Arminia Bielefeld,Werder Bremen,Jirí Pavlenka,True,Goalkeeper,1,start,end,1.0,0.0,1.0,0.0,0.0,0.0,0.0,0.0,4.0,0.0,0.0,0.0,0.0,0.0,
GER-Bundesliga,2021,2020-10-04 Bayern Munich-Hertha Berlin,Bayern Munich,Manuel Neuer,True,Goalkeeper,1,start,end,1.0,0.0,0.0,0.0,0.0,0.0,0.0,3.0,2.0,0.0,0.0,0.0,0.0,0.0,
GER-Bundesliga,2021,2020-10-04 Bayern Munich-Hertha Berlin,Hertha Berlin,Alexander Schwolow,False,Goalkeeper,1,start,end,1.0,0.0,0.0,0.0,0.0,0.0,0.0,4.0,5.0,0.0,0.0,0.0,0.0,0.0,
GER-Bundesliga,2021,2020-10-04 VfL Wolfsburg-FC Augsburg,FC Augsburg,Rafal Gikiewicz,False,Goalkeeper,1,start,end,1.0,0.0,0.0,0.0,0.0,0.0,0.0,0.0,6.0,0.0,0.0,0.0,0.0,0.0,
GER-Bundesliga,2021,2020-10-04 VfL Wolfsburg-FC Augsburg,VfL Wolfsburg,Koen Casteels,True,Goalkeeper,1,start,end,1.0,0.0,0.0,0.0,0.0,0.0,0.0,0.0,1.0,0.0,0.0,0.0,0.0,0.0,
GER-Bundesliga,2021,2020-10-17 Arminia Bielefeld-Bayern Munich,Arminia Bielefeld,Stefan Ortega,True,Goalkeeper,1,start,end,1.0,0.0,0.0,0.0,0.0,0.0,0.0,4.0,5.0,0.0,0.0,0.0,0.0,0.0,
GER-Bundesliga,2021,2020-10-17 Arminia Bielefeld-Bayern Munich,Bayern Munich,Manuel Neuer,False,Goalkeeper,1,start,end,1.0,0.0,0.0,0.0,0.0,0.0,0.0,1.0,4.0,0.0,0.0,0.0,0.0,0.0,
GER-Bundesliga,2021,2020-10-17 Borussia Mönchengladbach-VfL Wolfsburg,Borussia Mönchengladbach,Yann Sommer,True,Goalkeeper,1,start,end,1.0,0.0,0.0,0.0,0.0,0.0,0.0,1.0,5.0,0.0,0.0,0.0,0.0,0.0,
GER-Bundesliga,2021,2020-10-17 Borussia Mönchengladbach-VfL Wolfsburg,VfL Wolfsburg,Koen Casteels,False,Goalkeeper,1,start,end,1.0,1.0,0.0,0.0,0.0,0.0,0.0,1.0,1.0,0.0,0.0,0.0,0.0,0.0,
GER-Bundesliga,2021,2020-10-17 FC Augsburg-RB Leipzig,FC Augsburg,Rafal Gikiewicz,True,Goalkeeper,1,start,end,1.0,0.0,1.0,0.0,0.0,0.0,0.0,2.0,2.0,0.0,0.0,0.0,0.0,0.0,
GER-Bundesliga,2021,2020-10-17 FC Augsburg-RB Leipzig,RB Leipzig,Péter Gulácsi,False,Goalkeeper,1,start,end,1.0,0.0,0.0,0.0,0.0,0.0,0.0,0.0,2.0,0.0,0.0,0.0,0.0,0.0,
GER-Bundesliga,2021,2020-10-17 Hertha Berlin-VfB Stuttgart,Hertha Berlin,Alexander Schwolow,True,Goalkeeper,1,start,end,1.0,0.0,0.0,0.0,0.0,0.0,0.0,2.0,0.0,0.0,0.0,0.0,0.0,0.0,
GER-Bundesliga,2021,2020-10-17 Hertha Berlin-VfB Stuttgart,VfB Stuttgart,Gregor Kobel,False,Goalkeeper,1,start,end,1.0,0.0,0.0,0.0,0.0,0.0,0.0,0.0,5.0,0.0,0.0,0.0,0.0,0.0,
GER-Bundesliga,2021,2020-10-17 Mainz-Bayer Leverkusen,Bayer Leverkusen,Lukas Hradecky,False,Goalkeeper,1,start,end,1.0,0.0,0.0,0.0,0.0,0.0,0.0,0.0,0.0,0.0,0.0,0.0,0.0,0.0,
GER-Bundesliga,2021,2020-10-17 Mainz-Bayer Leverkusen,Mainz,Robin Zentner,True,Goalkeeper,1,start,end,1.0,0.0,0.0,0.0,0.0,0.0,0.0,1.0,4.0,0.0,0.0,0.0,0.0,0.0,
GER-Bundesliga,2021,2020-10-17 SC Freiburg-Werder Bremen,SC Freiburg,Florian Müller,True,Goalkeeper,1,start,end,1.0,0.0,0.0,0.0,0.0,0.0,0.0,1.0,3.0,0.0,0.0,0.0,0.0,0.0,
GER-Bundesliga,2021,2020-10-17 SC Freiburg-Werder Bremen,Werder Bremen,Jirí Pavlenka,False,Goalkeeper,1,start,end,1.0,0.0,0.0,0.0,0.0,0.0,0.0,1.0,4.0,0.0,0.0,0.0,0.0,0.0,
GER-Bundesliga,2021,2020-10-17 TSG Hoffenheim-Borussia Dortmund,Borussia Dortmund,Marwin Hitz,False,Goalkeeper,1,start,end,1.0,0.0,0.0,0.0,0.0,0.0,0.0,0.0,3.0,0.0,0.0,0.0,0.0,0.0,
GER-Bundesliga,2021,2020-10-17 TSG Hoffenheim-Borussia Dortmund,TSG Hoffenheim,Oliver Baumann,True,Goalkeeper,1,start,end,1.0,0.0,0.0,0.0,0.0,0.0,0.0,1.0,3.0,0.0,0.0,0.0,0.0,0.0,
GER-Bundesliga,2021,2020-10-18 FC Cologne-Eintracht Frankfurt,Eintracht Frankfurt,Kevin Trapp,False,Goalkeeper,1,start,end,1.0,0.0,0.0,0.0,0.0,0.0,0.0,1.0,4.0,0.0,0.0,0.0,0.0,0.0,
GER-Bundesliga,2021,2020-10-18 FC Cologne-Eintracht Frankfurt,FC Cologne,Timo Horn,True,Goalkeeper,1,start,end,1.0,0.0,0.0,0.0,0.0,0.0,0.0,1.0,3.0,0.0,0.0,0.0,0.0,0.0,
GER-Bundesliga,2021,2020-10-18 Schalke 04-1. FC Union Berlin,1. FC Union Berlin,Andreas Luthe,False,Goalkeeper,1,start,end,1.0,0.0,0.0,0.0,0.0,0.0,0.0,1.0,3.0,0.0,0.0,0.0,0.0,0.0,
GER-Bundesliga,2021,2020-10-18 Schalke 04-1. FC Union Berlin,Schalke 04,Frederik Ronnow,True,Goalkeeper,1,start,end,1.0,0.0,0.0,0.0,0.0,0.0,0.0,1.0,5.0,0.0,0.0,0.0,0.0,0.0,
GER-Bundesliga,2021,2020-10-23 VfB Stuttgart-FC Cologne,FC Cologne,Timo Horn,False,Goalkeeper,1,start,end,1.0,0.0,0.0,0.0,0.0,0.0,0.0,1.0,3.0,0.0,0.0,0.0,0.0,0.0,
GER-Bundesliga,2021,2020-10-23 VfB Stuttgart-FC Cologne,VfB Stuttgart,Gregor Kobel,True,Goalkeeper,1,start,end,1.0,0.0,0.0,0.0,0.0,0.0,0.0,1.0,3.0,0.0,0.0,0.0,0.0,0.0,
GER-Bundesliga,2021,2020-10-24 1. FC Union Berlin-SC Freiburg,1. FC Union Berlin,Andreas Luthe,True,Goalkeeper,1,start,end,1.0,0.0,0.0,0.0,0.0,0.0,0.0,1.0,3.0,0.0,0.0,0.0,0.0,0.0,
GER-Bundesliga,2021,2020-10-24 1. FC Union Berlin-SC Freiburg,SC Freiburg,Florian Müller,False,Goalkeeper,1,start,end,1.0,0.0,0.0,0.0,0.0,0.0,0.0,1.0,6.0,0.0,0.0,0.0,0.0,0.0,
GER-Bundesliga,2021,2020-10-24 Bayern Munich-Eintracht Frankfurt,Bayern Munich,Manuel Neuer,True,Goalkeeper,1,start,end,1.0,0.0,0.0,0.0,0.0,0.0,0.0,0.0,2.0,0.0,0.0,0.0,0.0,0.0,
GER-Bundesliga,2021,2020-10-24 Bayern Munich-Eintracht Frankfurt,Eintracht Frankfurt,Kevin Trapp,False,Goalkeeper,1,start,end,1.0,0.0,0.0,0.0,0.0,0.0,0.0,5.0,4.0,0.0,0.0,0.0,0.0,0.0,
GER-Bundesliga,2021,2020-10-24 Borussia Dortmund-Schalke 04,Borussia Dortmund,Roman Bürki,True,Goalkeeper,1,start,end,1.0,0.0,0.0,0.0,0.0,0.0,0.0,0.0,0.0,0.0,0.0,0.0,0.0,0.0,
GER-Bundesliga,2021,2020-10-24 Borussia Dortmund-Schalke 04,Schalke 04,Frederik Ronnow,False,Goalkeeper,1,start,end,1.0,0.0,0.0,0.0,0.0,0.0,0.0,3.0,4.0,0.0,0.0,0.0,0.0,0.0,
GER-Bundesliga,2021,2020-10-24 Mainz-Borussia Mönchengladbach,Borussia Mönchengladbach,Yann Sommer,False,Goalkeeper,1,start,end,1.0,0.0,0.0,0.0,0.0,0.0,0.0,2.0,5.0,0.0,0.0,0.0,0.0,0.0,
GER-Bundesliga,2021,2020-10-24 Mainz-Borussia Mönchengladbach,Mainz,Robin Zentner,True,Goalkeeper,1,start,end,1.0,0.0,0.0,0.0,0.0,0.0,1.0,3.0,8.0,0.0,0.0,0.0,0.0,1.0,
GER-Bundesliga,2021,2020-10-24 RB Leipzig-Hertha Berlin,Hertha Berlin,Alexander Schwolow,False,Goalkeeper,1,start,end,1.0,0.0,1.0,0.0,0.0,0.0,0.0,2.0,6.0,0.0,0.0,0.0,0.0,0.0,
GER-Bundesliga,2021,2020-10-24 RB Leipzig-Hertha Berlin,RB Leipzig,Péter Gulácsi,True,Goalkeeper,1,start,end,1.0,0.0,0.0,0.0,0.0,0.0,0.0,1.0,1.0,0.0,0.0,0.0,0.0,0.0,
GER-Bundesliga,2021,2020-10-25 VfL Wolfsburg-Arminia Bielefeld,Arminia Bielefeld,Stefan Ortega,False,Goalkeeper,1,start,end,1.0,0.0,1.0,0.0,0.0,0.0,0.0,2.0,2.0,0.0,0.0,0.0,0.0,0.0,
GER-Bundesliga,2021,2020-10-25 VfL Wolfsburg-Arminia Bielefeld,VfL Wolfsburg,Koen Casteels,True,Goalkeeper,1,start,end,1.0,0.0,0.0,0.0,0.0,0.0,0.0,1.0,0.0,0.0,0.0,0.0,0.0,0.0,
GER-Bundesliga,2021,2020-10-25 Werder Bremen-TSG Hoffenheim,TSG Hoffenheim,Philipp Pentke,False,Goalkeeper,1,start,end,1.0,0.0,0.0,0.0,0.0,0.0,0.0,1.0,1.0,0.0,0.0,0.0,0.0,0.0,
GER-Bundesliga,2021,2020-10-25 Werder Bremen-TSG Hoffenheim,Werder Bremen,Jirí Pavlenka,True,Goalkeeper,1,start,end,1.0,0.0,0.0,0.0,0.0,0.0,0.0,1.0,3.0,0.0,0.0,0.0,0.0,0.0,
GER-Bundesliga,2021,2020-10-26 Bayer Leverkusen-FC Augsburg,Bayer Leverkusen,Lukas Hradecky,True,Goalkeeper,1,start,end,1.0,0.0,0.0,0.0,0.0,0.0,0.0,1.0,2.0,0.0,0.0,0.0,0.0,0.0,
GER-Bundesliga,2021,2020-10-26 Bayer Leverkusen-FC Augsburg,FC Augsburg,Rafal Gikiewicz,False,Goalkeeper,1,start,end,1.0,0.0,0.0,0.0,0.0,0.0,0.0,3.0,4.0,0.0,0.0,0.0,0.0,0.0,
GER-Bundesliga,2021,2020-10-30 Schalke 04-VfB Stuttgart,Schalke 04,Frederik Ronnow,True,Goalkeeper,1,start,end,1.0,0.0,1.0,0.0,0.0,0.0,0.0,1.0,7.0,0.0,0.0,0.0,0.0,0.0,
GER-Bundesliga,2021,2020-10-30 Schalke 04-VfB Stuttgart,VfB Stuttgart,Gregor Kobel,False,Goalkeeper,1,start,end,1.0,0.0,0.0,0.0,0.0,0.0,0.0,1.0,1.0,0.0,0.0,0.0,0.0,0.0,
GER-Bundesliga,2021,2020-10-31 Arminia Bielefeld-Borussia Dortmund,Arminia Bielefeld,Stefan Ortega,True,Goalkeeper,1,start,end,1.0,0.0,0.0,0.0,0.0,0.0,0.0,2.0,8.0,0.0,0.0,0.0,0.0,0.0,
GER-Bundesliga,2021,2020-10-31 Arminia Bielefeld-Borussia Dortmund,Borussia Dortmund,Roman Bürki,False,Goalkeeper,1,start,end,1.0,0.0,0.0,0.0,0.0,0.0,0.0,0.0,2.0,0.0,0.0,0.0,0.0,0.0,
GER-Bundesliga,2021,2020-10-31 Borussia Mönchengladbach-RB Leipzig,Borussia Mönchengladbach,Yann Sommer,True,Goalkeeper,1,start,end,1.0,0.0,0.0,0.0,0.0,0.0,0.0,0.0,3.0,0.0,0.0,0.0,0.0,0.0,
GER-Bundesliga,2021,2020-10-31 Borussia Mönchengladbach-RB Leipzig,RB Leipzig,Péter Gulácsi,False,Goalkeeper,1,start,end,1.0,0.0,0.0,0.0,0.0,0.0,0.0,1.0,2.0,0.0,0.0,0.0,0.0,0.0,
GER-Bundesliga,2021,2020-10-31 Eintracht Frankfurt-Werder Bremen,Eintracht Frankfurt,Kevin Trapp,True,Goalkeeper,1,start,end,1.0,0.0,0.0,0.0,0.0,0.0,0.0,1.0,3.0,0.0,0.0,0.0,0.0,0.0,
GER-Bundesliga,2021,2020-10-31 Eintracht Frankfurt-Werder Bremen,Werder Bremen,Jirí Pavlenka,False,Goalkeeper,1,start,end,1.0,0.0,0.0,0.0,0.0,0.0,0.0,1.0,5.0,0.0,0.0,0.0,0.0,0.0,
GER-Bundesliga,2021,2020-10-31 FC Augsburg-Mainz,FC Augsburg,Rafal Gikiewicz,True,Goalkeeper,1,start,end,1.0,0.0,0.0,0.0,0.0,0.0,0.0,1.0,3.0,0.0,0.0,0.0,0.0,0.0,
GER-Bundesliga,2021,2020-10-31 FC Augsburg-Mainz,Mainz,Robin Zentner,False,Goalkeeper,1,start,end,1.0,0.0,0.0,0.0,0.0,0.0,0.0,3.0,3.0,0.0,0.0,0.0,0.0,0.0,
GER-Bundesliga,2021,2020-10-31 FC Cologne-Bayern Munich,Bayern Munich,Manuel Neuer,False,Goalkeeper,1,start,end,1.0,0.0,0.0,0.0,0.0,0.0,0.0,1.0,1.0,0.0,0.0,0.0,0.0,0.0,
GER-Bundesliga,2021,2020-10-31 FC Cologne-Bayern Munich,FC Cologne,Timo Horn,True,Goalkeeper,1,start,end,1.0,0.0,0.0,0.0,0.0,0.0,0.0,2.0,2.0,0.0,0.0,0.0,0.0,0.0,
GER-Bundesliga,2021,2020-11-01 Hertha Berlin-VfL Wolfsburg,Hertha Berlin,Alexander Schwolow,True,Goalkeeper,1,start,end,1.0,0.0,0.0,0.0,0.0,0.0,0.0,1.0,3.0,0.0,0.0,0.0,0.0,0.0,
GER-Bundesliga,2021,2020-11-01 Hertha Berlin-VfL Wolfsburg,VfL Wolfsburg,Koen Casteels,False,Goalkeeper,1,start,end,1.0,0.0,0.0,0.0,0.0,0.0,0.0,1.0,4.0,0.0,0.0,0.0,0.0,0.0,
GER-Bundesliga,2021,2020-11-01 SC Freiburg-Bayer Leverkusen,Bayer Leverkusen,Lukas Hradecky,False,Goalkeeper,1,start,end,1.0,0.0,0.0,0.0,0.0,0.0,0.0,2.0,3.0,0.0,0.0,0.0,0.0,0.0,
GER-Bundesliga,2021,2020-11-01 SC Freiburg-Bayer Leverkusen,SC Freiburg,Florian Müller,True,Goalkeeper,1,start,end,1.0,0.0,0.0,0.0,0.0,0.0,0.0,4.0,3.0,0.0,0.0,0.0,0.0,0.0,
GER-Bundesliga,2021,2020-11-02 TSG Hoffenheim-1. FC Union Berlin,1. FC Union Berlin,Andreas Luthe,False,Goalkeeper,1,start,end,1.0,0.0,0.0,0.0,0.0,0.0,1.0,1.0,3.0,0.0,0.0,0.0,0.0,0.0,
GER-Bundesliga,2021,2020-11-02 TSG Hoffenheim-1. FC Union Berlin,TSG Hoffenheim,Oliver Baumann,True,Goalkeeper,1,start,end,1.0,0.0,0.0,0.0,0.0,0.0,0.0,3.0,3.0,0.0,0.0,0.0,0.0,0.0,
GER-Bundesliga,2021,2020-11-06 Werder Bremen-FC Cologne,FC Cologne,Timo Horn,False,Goalkeeper,1,start,40,1.0,0.0,0.0,0.0,0.0,0.0,0.0,0.0,1.0,0.0,0.0,0.0,0.0,0.0,
GER-Bundesliga,2021,2020-11-06 Werder Bremen-FC Cologne,Werder Bremen,Jirí Pavlenka,True,Goalkeeper,1,start,end,1.0,0.0,0.0,0.0,0.0,0.0,0.0,1.0,1.0,0.0,0.0,0.0,0.0,0.0,
GER-Bundesliga,2021,2020-11-07 1. FC Union Berlin-Arminia Bielefeld,1. FC Union Berlin,Andreas Luthe,True,Goalkeeper,1,start,end,1.0,0.0,0.0,0.0,0.0,0.0,0.0,0.0,1.0,0.0,0.0,0.0,0.0,0.0,
GER-Bundesliga,2021,2020-11-07 1. FC Union Berlin-Arminia Bielefeld,Arminia Bielefeld,Stefan Ortega,False,Goalkeeper,1,start,end,1.0,0.0,0.0,0.0,0.0,0.0,0.0,5.0,4.0,0.0,0.0,0.0,0.0,0.0,
GER-Bundesliga,2021,2020-11-07 Borussia Dortmund-Bayern Munich,Bayern Munich,Manuel Neuer,False,Goalkeeper,1,start,end,1.0,0.0,0.0,0.0,0.0,0.0,0.0,2.0,3.0,0.0,0.0,0.0,0.0,0.0,
GER-Bundesliga,2021,2020-11-07 Borussia Dortmund-Bayern Munich,Borussia Dortmund,Roman Bürki,True,Goalkeeper,1,start,end,1.0,0.0,0.0,0.0,0.0,0.0,0.0,3.0,4.0,0.0,0.0,0.0,0.0,0.0,
GER-Bundesliga,2021,2020-11-07 FC Augsburg-Hertha Berlin,FC Augsburg,Rafal Gikiewicz,True,Goalkeeper,1,start,end,1.0,0.0,0.0,0.0,0.0,0.0,0.0,3.0,2.0,0.0,0.0,0.0,0.0,0.0,
GER-Bundesliga,2021,2020-11-07 FC Augsburg-Hertha Berlin,Hertha Berlin,Alexander Schwolow,False,Goalkeeper,1,start,end,1.0,0.0,0.0,0.0,0.0,0.0,0.0,0.0,1.0,0.0,0.0,0.0,0.0,0.0,
GER-Bundesliga,2021,2020-11-07 Mainz-Schalke 04,Mainz,Robin Zentner,True,Goalkeeper,1,start,end,1.0,0.0,0.0,0.0,0.0,0.0,0.0,2.0,2.0,0.0,0.0,0.0,0.0,0.0,
GER-Bundesliga,2021,2020-11-07 Mainz-Schalke 04,Schalke 04,Frederik Ronnow,False,Goalkeeper,1,start,end,1.0,0.0,0.0,0.0,0.0,0.0,0.0,2.0,5.0,0.0,0.0,0.0,0.0,0.0,
GER-Bundesliga,2021,2020-11-07 RB Leipzig-SC Freiburg,RB Leipzig,Péter Gulácsi,True,Goalkeeper,1,start,end,1.0,0.0,0.0,0.0,0.0,0.0,0.0,0.0,3.0,0.0,0.0,0.0,0.0,0.0,
GER-Bundesliga,2021,2020-11-07 RB Leipzig-SC Freiburg,SC Freiburg,Florian Müller,False,Goalkeeper,1,start,end,1.0,0.0,0.0,0.0,0.0,0.0,0.0,3.0,4.0,0.0,0.0,0.0,0.0,0.0,
GER-Bundesliga,2021,2020-11-07 VfB Stuttgart-Eintracht Frankfurt,Eintracht Frankfurt,Kevin Trapp,False,Goalkeeper,1,start,end,1.0,0.0,0.0,0.0,0.0,0.0,0.0,2.0,3.0,0.0,0.0,0.0,0.0,0.0,
GER-Bundesliga,2021,2020-11-07 VfB Stuttgart-Eintracht Frankfurt,VfB Stuttgart,Gregor Kobel,True,Goalkeeper,1,start,end,1.0,0.0,0.0,0.0,0.0,0.0,0.0,2.0,4.0,0.0,0.0,0.0,0.0,0.0,
GER-Bundesliga,2021,2020-11-08 Bayer Leverkusen-Borussia Mönchengladbach,Bayer Leverkusen,Lukas Hradecky,True,Goalkeeper,1,start,end,1.0,1.0,0.0,0.0,0.0,0.0,1.0,3.0,3.0,0.0,0.0,0.0,0.0,0.0,
GER-Bundesliga,2021,2020-11-08 Bayer Leverkusen-Borussia Mönchengladbach,Borussia Mönchengladbach,Yann Sommer,False,Goalkeeper,1,start,end,1.0,0.0,0.0,0.0,0.0,0.0,0.0,4.0,0.0,0.0,0.0,0.0,0.0,0.0,
GER-Bundesliga,2021,2020-11-08 VfL Wolfsburg-TSG Hoffenheim,TSG Hoffenheim,Oliver Baumann,False,Goalkeeper,1,start,end,1.0,0.0,0.0,0.0,0.0,0.0,0.0,2.0,5.0,0.0,0.0,0.0,0.0,0.0,
GER-Bundesliga,2021,2020-11-08 VfL Wolfsburg-TSG Hoffenheim,VfL Wolfsburg,Koen Casteels,True,Goalkeeper,1,start,end,1.0,0.0,0.0,0.0,0.0,0.0,0.0,1.0,4.0,0.0,0.0,0.0,0.0,0.0,
GER-Bundesliga,2021,2020-11-21 Arminia Bielefeld-Bayer Leverkusen,Arminia Bielefeld,Stefan Ortega,True,Goalkeeper,1,start,end,1.0,0.0,0.0,0.0,0.0,0.0,0.0,2.0,2.0,0.0,0.0,0.0,0.0,0.0,
GER-Bundesliga,2021,2020-11-21 Arminia Bielefeld-Bayer Leverkusen,Bayer Leverkusen,Lukas Hradecky,False,Goalkeeper,1,start,end,1.0,0.0,1.0,1.0,0.0,0.0,0.0,1.0,0.0,0.0,0.0,0.0,0.0,0.0,
GER-Bundesliga,2021,2020-11-21 Bayern Munich-Werder Bremen,Bayern Munich,Manuel Neuer,True,Goalkeeper,1,start,end,1.0,0.0,0.0,0.0,0.0,0.0,0.0,1.0,2.0,0.0,0.0,0.0,0.0,0.0,
GER-Bundesliga,2021,2020-11-21 Bayern Munich-Werder Bremen,Werder Bremen,Jirí Pavlenka,False,Goalkeeper,1,start,end,1.0,0.0,0.0,0.0,0.0,0.0,1.0,1.0,1.0,0.0,0.0,0.0,0.0,0.0,
GER-Bundesliga,2021,2020-11-21 Borussia Mönchengladbach-FC Augsburg,Borussia Mönchengladbach,Yann Sommer,True,Goalkeeper,1,start,end,1.0,0.0,0.0,0.0,0.0,0.0,0.0,1.0,4.0,0.0,0.0,0.0,0.0,0.0,
GER-Bundesliga,2021,2020-11-21 Borussia Mönchengladbach-FC Augsburg,FC Augsburg,Rafal Gikiewicz,False,Goalkeeper,1,start,end,1.0,0.0,0.0,0.0,0.0,0.0,0.0,1.0,5.0,0.0,0.0,0.0,0.0,0.0,
GER-Bundesliga,2021,2020-11-21 Eintracht Frankfurt-RB Leipzig,Eintracht Frankfurt,Kevin Trapp,True,Goalkeeper,1,start,end,1.0,0.0,1.0,0.0,0.0,0.0,0.0,1.0,1.0,0.0,0.0,0.0,0.0,0.0,
GER-Bundesliga,2021,2020-11-21 Eintracht Frankfurt-RB Leipzig,RB Leipzig,Péter Gulácsi,False,Goalkeeper,1,start,end,1.0,0.0,0.0,0.0,0.0,0.0,0.0,1.0,2.0,0.0,0.0,0.0,0.0,0.0,
GER-Bundesliga,2021,2020-11-21 Hertha Berlin-Borussia Dortmund,Borussia Dortmund,Roman Bürki,False,Goalkeeper,1,start,end,1.0,0.0,0.0,0.0,0.0,0.0,0.0,2.0,1.0,0.0,0.0,0.0,0.0,0.0,
GER-Bundesliga,2021,2020-11-21 Hertha Berlin-Borussia Dortmund,Hertha Berlin,Alexander Schwolow,True,Goalkeeper,1,start,end,1.0,0.0,1.0,0.0,0.0,0.0,0.0,5.0,3.0,0.0,0.0,0.0,0.0,0.0,
GER-Bundesliga,2021,2020-11-21 Schalke 04-VfL Wolfsburg,Schalke 04,Frederik Ronnow,True,Goalkeeper,1,start,end,1.0,0.0,0.0,0.0,0.0,0.0,0.0,2.0,5.0,0.0,0.0,0.0,0.0,0.0,
GER-Bundesliga,2021,2020-11-21 Schalke 04-VfL Wolfsburg,VfL Wolfsburg,Koen Casteels,False,Goalkeeper,1,start,end,1.0,0.0,0.0,0.0,0.0,0.0,0.0,0.0,7.0,0.0,0.0,0.0,0.0,0.0,
GER-Bundesliga,2021,2020-11-21 TSG Hoffenheim-VfB Stuttgart,TSG Hoffenheim,Oliver Baumann,True,Goalkeeper,1,start,end,1.0,0.0,0.0,0.0,0.0,0.0,0.0,3.0,6.0,0.0,0.0,0.0,0.0,0.0,
GER-Bundesliga,2021,2020-11-21 TSG Hoffenheim-VfB Stuttgart,VfB Stuttgart,Gregor Kobel,False,Goalkeeper,1,start,end,1.0,0.0,0.0,0.0,0.0,0.0,0.0,3.0,5.0,0.0,0.0,0.0,0.0,0.0,
GER-Bundesliga,2021,2020-11-22 FC Cologne-1. FC Union Berlin,1. FC Union Berlin,Andreas Luthe,False,Goalkeeper,1,start,end,1.0,0.0,0.0,0.0,0.0,0.0,0.0,1.0,2.0,0.0,0.0,0.0,0.0,0.0,
GER-Bundesliga,2021,2020-11-22 FC Cologne-1. FC Union Berlin,FC Cologne,Timo Horn,True,Goalkeeper,1,start,end,1.0,0.0,0.0,0.0,0.0,0.0,0.0,2.0,1.0,0.0,0.0,0.0,0.0,0.0,
GER-Bundesliga,2021,2020-11-22 SC Freiburg-Mainz,Mainz,Robin Zentner,False,Goalkeeper,1,start,end,1.0,0.0,1.0,0.0,0.0,0.0,0.0,1.0,5.0,0.0,0.0,0.0,0.0,0.0,
GER-Bundesliga,2021,2020-11-22 SC Freiburg-Mainz,SC Freiburg,Florian Müller,True,Goalkeeper,1,start,end,1.0,0.0,1.0,0.0,0.0,0.0,0.0,3.0,5.0,0.0,0.0,0.0,0.0,0.0,
GER-Bundesliga,2021,2020-11-27 VfL Wolfsburg-Werder Bremen,VfL Wolfsburg,Koen Casteels,True,Goalkeeper,1,start,end,1.0,0.0,0.0,0.0,0.0,0.0,0.0,3.0,2.0,0.0,0.0,0.0,0.0,0.0,
GER-Bundesliga,2021,2020-11-27 VfL Wolfsburg-Werder Bremen,Werder Bremen,Jirí Pavlenka,False,Goalkeeper,1,start,end,1.0,0.0,0.0,0.0,0.0,0.0,0.0,5.0,1.0,0.0,0.0,0.0,0.0,0.0,
GER-Bundesliga,2021,2020-11-28 1. FC Union Berlin-Eintracht Frankfurt,1. FC Union Berlin,Andreas Luthe,True,Goalkeeper,1,start,end,1.0,0.0,0.0,0.0,0.0,0.0,0.0,3.0,2.0,0.0,0.0,0.0,0.0,0.0,
GER-Bundesliga,2021,2020-11-28 1. FC Union Berlin-Eintracht Frankfurt,Eintracht Frankfurt,Kevin Trapp,False,Goalkeeper,1,start,end,1.0,0.0,0.0,0.0,0.0,0.0,0.0,3.0,4.0,0.0,0.0,0.0,0.0,0.0,
GER-Bundesliga,2021,2020-11-28 Borussia Dortmund-FC Cologne,Borussia Dortmund,Roman Bürki,True,Goalkeeper,1,start,end,1.0,0.0,0.0,0.0,0.0,0.0,0.0,2.0,3.0,0.0,0.0,0.0,0.0,0.0,
GER-Bundesliga,2021,2020-11-28 Borussia Dortmund-FC Cologne,FC Cologne,Timo Horn,False,Goalkeeper,1,start,end,1.0,0.0,0.0,0.0,0.0,0.0,0.0,1.0,4.0,0.0,0.0,0.0,0.0,0.0,
GER-Bundesliga,2021,2020-11-28 Borussia Mönchengladbach-Schalke 04,Borussia Mönchengladbach,Yann Sommer,True,Goalkeeper,1,start,end,1.0,0.0,0.0,0.0,0.0,0.0,0.0,1.0,1.0,0.0,0.0,0.0,0.0,0.0,
GER-Bundesliga,2021,2020-11-28 Borussia Mönchengladbach-Schalke 04,Schalke 04,Frederik Ronnow,False,Goalkeeper,1,start,end,1.0,0.0,0.0,0.0,0.0,0.0,0.0,4.0,5.0,0.0,0.0,0.0,0.0,0.0,
GER-Bundesliga,2021,2020-11-28 FC Augsburg-SC Freiburg,FC Augsburg,Rafal Gikiewicz,True,Goalkeeper,1,start,end,1.0,0.0,0.0,0.0,0.0,0.0,0.0,1.0,4.0,0.0,0.0,0.0,0.0,0.0,
GER-Bundesliga,2021,2020-11-28 FC Augsburg-SC Freiburg,SC Freiburg,Florian Müller,False,Goalkeeper,1,start,end,1.0,0.0,0.0,0.0,0.0,0.0,0.0,1.0,1.0,0.0,0.0,0.0,0.0,0.0,
GER-Bundesliga,2021,2020-11-28 RB Leipzig-Arminia Bielefeld,Arminia Bielefeld,Stefan Ortega,False,Goalkeeper,1,start,end,1.0,0.0,0.0,0.0,0.0,0.0,0.0,2.0,4.0,0.0,0.0,0.0,0.0,0.0,
GER-Bundesliga,2021,2020-11-28 RB Leipzig-Arminia Bielefeld,RB Leipzig,Péter Gulácsi,True,Goalkeeper,1,start,end,1.0,0.0,0.0,0.0,0.0,0.0,0.0,1.0,2.0,0.0,0.0,0.0,0.0,0.0,
GER-Bundesliga,2021,2020-11-28 VfB Stuttgart-Bayern Munich,Bayern Munich,Manuel Neuer,False,Goalkeeper,1,start,end,1.0,0.0,1.0,0.0,0.0,0.0,0.0,1.0,3.0,0.0,0.0,0.0,0.0,0.0,
GER-Bundesliga,2021,2020-11-28 VfB Stuttgart-Bayern Munich,VfB Stuttgart,Gregor Kobel,True,Goalkeeper,1,start,end,1.0,0.0,0.0,0.0,0.0,0.0,0.0,3.0,3.0,0.0,0.0,0.0,0.0,0.0,
GER-Bundesliga,2021,2020-11-29 Bayer Leverkusen-Hertha Berlin,Bayer Leverkusen,Lukas Hradecky,True,Goalkeeper,1,start,end,1.0,0.0,0.0,0.0,0.0,0.0,0.0,0.0,3.0,0.0,0.0,0.0,0.0,0.0,
GER-Bundesliga,2021,2020-11-29 Bayer Leverkusen-Hertha Berlin,Hertha Berlin,Alexander Schwolow,False,Goalkeeper,1,start,end,1.0,0.0,0.0,0.0,0.0,0.0,0.0,0.0,1.0,0.0,0.0,0.0,0.0,0.0,
GER-Bundesliga,2021,2020-11-29 Mainz-TSG Hoffenheim,Mainz,Robin Zentner,True,Goalkeeper,1,start,end,1.0,0.0,0.0,0.0,0.0,0.0,0.0,1.0,3.0,0.0,0.0,0.0,0.0,0.0,
GER-Bundesliga,2021,2020-11-29 Mainz-TSG Hoffenheim,TSG Hoffenheim,Oliver Baumann,False,Goalkeeper,1,start,end,1.0,0.0,0.0,0.0,0.0,0.0,0.0,1.0,3.0,0.0,0.0,0.0,0.0,0.0,
GER-Bundesliga,2021,2020-12-04 Hertha Berlin-1. FC Union Berlin,1. FC Union Berlin,Andreas Luthe,False,Goalkeeper,1,start,end,1.0,0.0,0.0,0.0,0.0,0.0,0.0,3.0,4.0,0.0,0.0,0.0,0.0,0.0,
GER-Bundesliga,2021,2020-12-04 Hertha Berlin-1. FC Union Berlin,Hertha Berlin,Alexander Schwolow,True,Goalkeeper,1,start,end,1.0,0.0,0.0,0.0,0.0,0.0,0.0,1.0,0.0,0.0,0.0,0.0,0.0,0.0,
GER-Bundesliga,2021,2020-12-05 Arminia Bielefeld-Mainz,Arminia Bielefeld,Stefan Ortega,True,Goalkeeper,1,start,end,1.0,0.0,0.0,0.0,0.0,0.0,0.0,1.0,4.0,0.0,0.0,0.0,0.0,0.0,
GER-Bundesliga,2021,2020-12-05 Arminia Bielefeld-Mainz,Mainz,Robin Zentner,False,Goalkeeper,1,start,end,1.0,0.0,0.0,0.0,0.0,0.0,0.0,2.0,3.0,0.0,0.0,0.0,0.0,0.0,
GER-Bundesliga,2021,2020-12-05 Bayern Munich-RB Leipzig,Bayern Munich,Manuel Neuer,True,Goalkeeper,1,start,end,1.0,0.0,0.0,0.0,0.0,0.0,0.0,3.0,1.0,0.0,0.0,0.0,0.0,0.0,
GER-Bundesliga,2021,2020-12-05 Bayern Munich-RB Leipzig,RB Leipzig,Péter Gulácsi,False,Goalkeeper,1,start,end,1.0,0.0,0.0,0.0,0.0,0.0,0.0,3.0,2.0,0.0,0.0,0.0,0.0,0.0,
GER-Bundesliga,2021,2020-12-05 Eintracht Frankfurt-Borussia Dortmund,Borussia Dortmund,Roman Bürki,False,Goalkeeper,1,start,end,1.0,0.0,0.0,0.0,0.0,0.0,0.0,1.0,0.0,0.0,0.0,0.0,0.0,0.0,
GER-Bundesliga,2021,2020-12-05 Eintracht Frankfurt-Borussia Dortmund,Eintracht Frankfurt,Kevin Trapp,True,Goalkeeper,1,start,end,1.0,0.0,0.0,0.0,0.0,0.0,0.0,1.0,4.0,0.0,0.0,0.0,0.0,0.0,
GER-Bundesliga,2021,2020-12-05 FC Cologne-VfL Wolfsburg,FC Cologne,Timo Horn,True,Goalkeeper,1,start,end,1.0,0.0,0.0,0.0,0.0,0.0,0.0,2.0,4.0,0.0,0.0,0.0,0.0,0.0,
GER-Bundesliga,2021,2020-12-05 FC Cologne-VfL Wolfsburg,VfL Wolfsburg,Koen Casteels,False,Goalkeeper,1,start,end,1.0,0.0,0.0,0.0,0.0,0.0,0.0,2.0,1.0,0.0,0.0,0.0,0.0,0.0,
GER-Bundesliga,2021,2020-12-05 SC Freiburg-Borussia Mönchengladbach,Borussia Mönchengladbach,Yann Sommer,False,Goalkeeper,1,start,end,1.0,0.0,0.0,0.0,0.0,0.0,0.0,2.0,5.0,0.0,0.0,0.0,0.0,0.0,
GER-Bundesliga,2021,2020-12-05 SC Freiburg-Borussia Mönchengladbach,SC Freiburg,Florian Müller,True,Goalkeeper,1,start,end,1.0,0.0,0.0,0.0,0.0,0.0,0.0,2.0,2.0,0.0,0.0,0.0,0.0,0.0,
GER-Bundesliga,2021,2020-12-06 Schalke 04-Bayer Leverkusen,Bayer Leverkusen,Lukas Hradecky,False,Goalkeeper,1,start,end,1.0,0.0,1.0,0.0,0.0,0.0,0.0,0.0,4.0,0.0,0.0,0.0,0.0,0.0,
GER-Bundesliga,2021,2020-12-06 Schalke 04-Bayer Leverkusen,Schalke 04,Michael Langer,True,Goalkeeper,1,start,end,1.0,0.0,0.0,0.0,0.0,0.0,0.0,3.0,7.0,0.0,0.0,0.0,0.0,0.0,
GER-Bundesliga,2021,2020-12-06 Werder Bremen-VfB Stuttgart,VfB Stuttgart,Gregor Kobel,False,Goalkeeper,1,start,end,1.0,0.0,0.0,0.0,0.0,0.0,0.0,1.0,2.0,0.0,0.0,0.0,0.0,0.0,
GER-Bundesliga,2021,2020-12-06 Werder Bremen-VfB Stuttgart,Werder Bremen,Jirí Pavlenka,True,Goalkeeper,1,start,end,1.0,0.0,1.0,0.0,0.0,0.0,0.0,2.0,4.0,0.0,0.0,0.0,0.0,0.0,
GER-Bundesliga,2021,2020-12-07 TSG Hoffenheim-FC Augsburg,FC Augsburg,Rafal Gikiewicz,False,Goalkeeper,1,start,end,1.0,0.0,0.0,0.0,0.0,0.0,0.0,3.0,4.0,0.0,0.0,0.0,0.0,0.0,
GER-Bundesliga,2021,2020-12-07 TSG Hoffenheim-FC Augsburg,TSG Hoffenheim,Oliver Baumann,True,Goalkeeper,1,start,end,1.0,0.0,1.0,0.0,0.0,0.0,0.0,1.0,1.0,0.0,0.0,0.0,0.0,0.0,
GER-Bundesliga,2021,2020-12-11 VfL Wolfsburg-Eintracht Frankfurt,Eintracht Frankfurt,Kevin Trapp,False,Goalkeeper,1,start,end,1.0,0.0,0.0,0.0,0.0,0.0,0.0,2.0,7.0,0.0,0.0,0.0,0.0,0.0,
GER-Bundesliga,2021,2020-12-11 VfL Wolfsburg-Eintracht Frankfurt,VfL Wolfsburg,Koen Casteels,True,Goalkeeper,1,start,end,1.0,0.0,1.0,0.0,0.0,0.0,0.0,1.0,3.0,0.0,0.0,0.0,0.0,0.0,
GER-Bundesliga,2021,2020-12-12 1. FC Union Berlin-Bayern Munich,1. FC Union Berlin,Andreas Luthe,True,Goalkeeper,1,start,end,1.0,0.0,0.0,0.0,0.0,0.0,0.0,1.0,0.0,12.0,0.0,0.0,0.0,0.0,
GER-Bundesliga,2021,2020-12-12 1. FC Union Berlin-Bayern Munich,Bayern Munich,Manuel Neuer,False,Goalkeeper,1,start,end,1.0,0.0,0.0,0.0,0.0,0.0,0.0,1.0,0.0,11.0,0.0,0.0,0.0,0.0,
GER-Bundesliga,2021,2020-12-12 Borussia Dortmund-VfB Stuttgart,Borussia Dortmund,Roman Bürki,True,Goalkeeper,1,start,end,1.0,0.0,0.0,0.0,0.0,0.0,0.0,5.0,0.0,13.0,0.0,0.0,0.0,0.0,
GER-Bundesliga,2021,2020-12-12 Borussia Dortmund-VfB Stuttgart,VfB Stuttgart,Gregor Kobel,False,Goalkeeper,1,start,end,1.0,0.0,0.0,0.0,0.0,0.0,0.0,1.0,0.0,12.0,0.0,0.0,0.0,0.0,
GER-Bundesliga,2021,2020-12-12 Borussia Mönchengladbach-Hertha Berlin,Borussia Mönchengladbach,Tobias Sippel,True,Goalkeeper,1,start,end,1.0,0.0,0.0,0.0,0.0,0.0,0.0,1.0,0.0,6.0,0.0,0.0,0.0,0.0,
GER-Bundesliga,2021,2020-12-12 Borussia Mönchengladbach-Hertha Berlin,Hertha Berlin,Alexander Schwolow,False,Goalkeeper,1,start,end,1.0,0.0,0.0,0.0,0.0,0.0,0.0,1.0,0.0,15.0,0.0,0.0,0.0,0.0,
GER-Bundesliga,2021,2020-12-12 Mainz-FC Cologne,FC Cologne,Timo Horn,False,Goalkeeper,1,start,end,1.0,0.0,1.0,0.0,0.0,0.0,0.0,0.0,0.0,15.0,0.0,0.0,0.0,0.0,
GER-Bundesliga,2021,2020-12-12 Mainz-FC Cologne,Mainz,Robin Zentner,True,Goalkeeper,1,start,end,1.0,0.0,0.0,0.0,0.0,0.0,0.0,1.0,0.0,8.0,0.0,0.0,0.0,1.0,
GER-Bundesliga,2021,2020-12-12 RB Leipzig-Werder Bremen,RB Leipzig,Péter Gulácsi,True,Goalkeeper,1,start,end,1.0,0.0,0.0,0.0,0.0,0.0,0.0,0.0,0.0,10.0,0.0,0.0,0.0,0.0,
GER-Bundesliga,2021,2020-12-12 RB Leipzig-Werder Bremen,Werder Bremen,Jirí Pavlenka,False,Goalkeeper,1,start,end,1.0,0.0,0.0,0.0,0.0,0.0,0.0,2.0,0.0,13.0,0.0,0.0,0.0,0.0,
GER-Bundesliga,2021,2020-12-12 SC Freiburg-Arminia Bielefeld,Arminia Bielefeld,Stefan Ortega,False,Goalkeeper,1,start,end,1.0,0.0,0.0,0.0,0.0,0.0,0.0,2.0,0.0,14.0,0.0,0.0,0.0,0.0,
GER-Bundesliga,2021,2020-12-12 SC Freiburg-Arminia Bielefeld,SC Freiburg,Florian Müller,True,Goalkeeper,1,start,end,1.0,0.0,0.0,0.0,0.0,0.0,0.0,0.0,0.0,5.0,0.0,0.0,0.0,0.0,
GER-Bundesliga,2021,2020-12-13 Bayer Leverkusen-TSG Hoffenheim,Bayer Leverkusen,Lukas Hradecky,True,Goalkeeper,1,start,end,1.0,0.0,0.0,0.0,0.0,0.0,0.0,1.0,0.0,10.0,0.0,0.0,0.0,0.0,
GER-Bundesliga,2021,2020-12-13 Bayer Leverkusen-TSG Hoffenheim,TSG Hoffenheim,Oliver Baumann,False,Goalkeeper,1,start,end,1.0,0.0,0.0,0.0,0.0,0.0,0.0,4.0,0.0,9.0,0.0,0.0,0.0,0.0,
GER-Bundesliga,2021,2020-12-13 FC Augsburg-Schalke 04,FC Augsburg,Rafal Gikiewicz,True,Goalkeeper,1,start,end,1.0,0.0,0.0,0.0,0.0,0.0,0.0,2.0,0.0,14.0,0.0,0.0,0.0,0.0,
GER-Bundesliga,2021,2020-12-13 FC Augsburg-Schalke 04,Schalke 04,Ralf Fährmann,False,Goalkeeper,1,start,end,1.0,0.0,2.0,0.0,0.0,0.0,1.0,1.0,0.0,8.0,0.0,0.0,0.0,0.0,
GER-Bundesliga,2021,2020-12-15 Eintracht Frankfurt-Borussia Mönchengladbach,Borussia Mönchengladbach,Yann Sommer,False,Goalkeeper,1,start,end,1.0,0.0,0.0,0.0,0.0,0.0,0.0,3.0,0.0,8.0,0.0,0.0,0.0,0.0,
GER-Bundesliga,2021,2020-12-15 Eintracht Frankfurt-Borussia Mönchengladbach,Eintracht Frankfurt,Kevin Trapp,True,Goalkeeper,1,start,end,1.0,0.0,0.0,0.0,0.0,0.0,0.0,3.0,0.0,5.0,0.0,0.0,0.0,0.0,
GER-Bundesliga,2021,2020-12-15 Hertha Berlin-Mainz,Hertha Berlin,Alexander Schwolow,True,Goalkeeper,1,start,end,1.0,0.0,0.0,0.0,0.0,0.0,0.0,0.0,0.0,5.0,0.0,0.0,0.0,0.0,
GER-Bundesliga,2021,2020-12-15 Hertha Berlin-Mainz,Mainz,Robin Zentner,False,Goalkeeper,1,start,end,1.0,0.0,0.0,0.0,0.0,0.0,0.0,0.0,0.0,11.0,0.0,0.0,0.0,0.0,
GER-Bundesliga,2021,2020-12-15 VfB Stuttgart-1. FC Union Berlin,1. FC Union Berlin,Andreas Luthe,False,Goalkeeper,1,start,end,1.0,0.0,0.0,0.0,0.0,0.0,0.0,2.0,0.0,12.0,0.0,0.0,0.0,0.0,
GER-Bundesliga,2021,2020-12-15 VfB Stuttgart-1. FC Union Berlin,VfB Stuttgart,Gregor Kobel,True,Goalkeeper,1,start,end,1.0,0.0,0.0,0.0,0.0,0.0,0.0,2.0,0.0,13.0,0.0,0.0,0.0,0.0,
GER-Bundesliga,2021,2020-12-15 Werder Bremen-Borussia Dortmund,Borussia Dortmund,Roman Bürki,False,Goalkeeper,1,start,end,1.0,0.0,0.0,0.0,0.0,0.0,0.0,1.0,0.0,5.0,0.0,0.0,0.0,0.0,
GER-Bundesliga,2021,2020-12-15 Werder Bremen-Borussia Dortmund,Werder Bremen,Jirí Pavlenka,True,Goalkeeper,1,start,end,1.0,1.0,0.0,0.0,0.0,0.0,0.0,2.0,0.0,12.0,0.0,0.0,0.0,0.0,
GER-Bundesliga,2021,2020-12-16 Arminia Bielefeld-FC Augsburg,Arminia Bielefeld,Stefan Ortega,True,Goalkeeper,1,start,end,1.0,0.0,0.0,0.0,0.0,0.0,0.0,1.0,0.0,8.0,0.0,0.0,0.0,0.0,
GER-Bundesliga,2021,2020-12-16 Arminia Bielefeld-FC Augsburg,FC Augsburg,Rafal Gikiewicz,False,Goalkeeper,1,start,end,1.0,0.0,1.0,0.0,0.0,0.0,0.0,0.0,0.0,12.0,0.0,0.0,0.0,0.0,
GER-Bundesliga,2021,2020-12-16 Bayern Munich-VfL Wolfsburg,Bayern Munich,Manuel Neuer,True,Goalkeeper,1,start,end,1.0,0.0,0.0,0.0,0.0,0.0,0.0,1.0,0.0,16.0,0.0,0.0,0.0,0.0,
GER-Bundesliga,2021,2020-12-16 Bayern Munich-VfL Wolfsburg,VfL Wolfsburg,Koen Casteels,False,Goalkeeper,1,start,end,1.0,0.0,0.0,0.0,0.0,0.0,0.0,2.0,0.0,9.0,0.0,0.0,0.0,0.0,
GER-Bundesliga,2021,2020-12-16 FC Cologne-Bayer Leverkusen,Bayer Leverkusen,Lukas Hradecky,False,Goalkeeper,1,start,end,1.0,0.0,1.0,0.0,0.0,0.0,0.0,0.0,0.0,7.0,0.0,0.0,0.0,0.0,
GER-Bundesliga,2021,2020-12-16 FC Cologne-Bayer Leverkusen,FC Cologne,Timo Horn,True,Goalkeeper,1,start,end,1.0,0.0,0.0,0.0,0.0,0.0,0.0,4.0,0.0,10.0,0.0,0.0,0.0,0.0,
GER-Bundesliga,2021,2020-12-16 Schalke 04-SC Freiburg,SC Freiburg,Florian Müller,False,Goalkeeper,1,start,end,1.0,0.0,0.0,0.0,0.0,0.0,0.0,0.0,0.0,10.0,0.0,0.0,0.0,0.0,
GER-Bundesliga,2021,2020-12-16 Schalke 04-SC Freiburg,Schalke 04,Ralf Fährmann,True,Goalkeeper,1,start,end,1.0,0.0,1.0,0.0,0.0,0.0,0.0,2.0,0.0,10.0,0.0,0.0,0.0,0.0,
GER-Bundesliga,2021,2020-12-16 TSG Hoffenheim-RB Leipzig,RB Leipzig,Péter Gulácsi,False,Goalkeeper,1,start,end,1.0,0.0,0.0,0.0,0.0,0.0,0.0,0.0,0.0,7.0,0.0,0.0,0.0,0.0,
GER-Bundesliga,2021,2020-12-16 TSG Hoffenheim-RB Leipzig,TSG Hoffenheim,Oliver Baumann,True,Goalkeeper,1,start,end,1.0,0.0,0.0,0.0,0.0,0.0,0.0,1.0,0.0,3.0,0.0,0.0,0.0,0.0,
GER-Bundesliga,2021,2020-12-18 1. FC Union Berlin-Borussia Dortmund,1. FC Union Berlin,Andreas Luthe,True,Goalkeeper,1,start,end,1.0,0.0,0.0,0.0,0.0,0.0,0.0,1.0,0.0,15.0,0.0,0.0,0.0,0.0,
GER-Bundesliga,2021,2020-12-18 1. FC Union Berlin-Borussia Dortmund,Borussia Dortmund,Roman Bürki,False,Goalkeeper,1,start,end,1.0,0.0,0.0,0.0,0.0,0.0,0.0,2.0,0.0,10.0,0.0,0.0,0.0,0.0,
GER-Bundesliga,2021,2020-12-19 Bayer Leverkusen-Bayern Munich,Bayer Leverkusen,Lukas Hradecky,True,Goalkeeper,1,start,end,1.0,0.0,0.0,0.0,0.0,0.0,0.0,2.0,0.0,12.0,0.0,0.0,0.0,0.0,
GER-Bundesliga,2021,2020-12-19 Bayer Leverkusen-Bayern Munich,Bayern Munich,Manuel Neuer,False,Goalkeeper,1,start,end,1.0,0.0,0.0,0.0,0.0,0.0,0.0,1.0,0.0,6.0,0.0,0.0,0.0,0.0,
GER-Bundesliga,2021,2020-12-19 Borussia Mönchengladbach-TSG Hoffenheim,Borussia Mönchengladbach,Yann Sommer,True,Goalkeeper,1,start,end,1.0,0.0,0.0,0.0,0.0,0.0,0.0,2.0,0.0,14.0,0.0,0.0,0.0,0.0,
GER-Bundesliga,2021,2020-12-19 Borussia Mönchengladbach-TSG Hoffenheim,TSG Hoffenheim,Oliver Baumann,False,Goalkeeper,1,start,end,1.0,0.0,1.0,0.0,0.0,0.0,0.0,1.0,0.0,15.0,0.0,0.0,0.0,0.0,
GER-Bundesliga,2021,2020-12-19 FC Augsburg-Eintracht Frankfurt,Eintracht Frankfurt,Kevin Trapp,False,Goalkeeper,1,start,end,1.0,0.0,0.0,0.0,0.0,0.0,0.0,0.0,0.0,15.0,0.0,0.0,0.0,0.0,
GER-Bundesliga,2021,2020-12-19 FC Augsburg-Eintracht Frankfurt,FC Augsburg,Rafal Gikiewicz,True,Goalkeeper,1,start,end,1.0,0.0,0.0,0.0,0.0,0.0,0.0,1.0,0.0,14.0,0.0,0.0,0.0,0.0,
GER-Bundesliga,2021,2020-12-19 Mainz-Werder Bremen,Mainz,Robin Zentner,True,Goalkeeper,1,start,end,1.0,0.0,0.0,0.0,0.0,0.0,0.0,1.0,0.0,13.0,0.0,0.0,0.0,0.0,
GER-Bundesliga,2021,2020-12-19 Mainz-Werder Bremen,Werder Bremen,Jirí Pavlenka,False,Goalkeeper,1,start,end,1.0,0.0,0.0,0.0,0.0,0.0,0.0,0.0,0.0,8.0,0.0,0.0,0.0,0.0,
GER-Bundesliga,2021,2020-12-19 RB Leipzig-FC Cologne,FC Cologne,Timo Horn,False,Goalkeeper,1,start,end,1.0,0.0,0.0,0.0,0.0,0.0,0.0,0.0,0.0,19.0,0.0,0.0,0.0,0.0,
GER-Bundesliga,2021,2020-12-19 RB Leipzig-FC Cologne,RB Leipzig,Péter Gulácsi,True,Goalkeeper,1,start,end,1.0,0.0,0.0,0.0,0.0,0.0,0.0,0.0,0.0,4.0,0.0,0.0,0.0,0.0,
GER-Bundesliga,2021,2020-12-19 Schalke 04-Arminia Bielefeld,Arminia Bielefeld,Stefan Ortega,False,Goalkeeper,1,start,end,1.0,0.0,0.0,0.0,0.0,0.0,0.0,0.0,0.0,9.0,0.0,0.0,0.0,0.0,
GER-Bundesliga,2021,2020-12-19 Schalke 04-Arminia Bielefeld,Schalke 04,Ralf Fährmann,True,Goalkeeper,1,start,end,1.0,0.0,0.0,0.0,0.0,0.0,0.0,1.0,0.0,8.0,0.0,0.0,0.0,0.0,
GER-Bundesliga,2021,2020-12-20 SC Freiburg-Hertha Berlin,Hertha Berlin,Alexander Schwolow,False,Goalkeeper,1,start,end,1.0,0.0,0.0,0.0,0.0,0.0,0.0,4.0,0.0,13.0,0.0,0.0,0.0,0.0,
GER-Bundesliga,2021,2020-12-20 SC Freiburg-Hertha Berlin,SC Freiburg,Florian Müller,True,Goalkeeper,1,start,end,1.0,0.0,0.0,0.0,0.0,0.0,0.0,1.0,0.0,9.0,0.0,0.0,0.0,0.0,
GER-Bundesliga,2021,2020-12-20 VfL Wolfsburg-VfB Stuttgart,VfB Stuttgart,Gregor Kobel,False,Goalkeeper,1,start,end,1.0,0.0,0.0,0.0,0.0,0.0,0.0,1.0,0.0,12.0,0.0,0.0,0.0,0.0,
GER-Bundesliga,2021,2020-12-20 VfL Wolfsburg-VfB Stuttgart,VfL Wolfsburg,Koen Casteels,True,Goalkeeper,1,start,end,1.0,0.0,0.0,0.0,0.0,0.0,0.0,0.0,0.0,9.0,0.0,0.0,0.0,0.0,
GER-Bundesliga,2021,2021-01-02 Arminia Bielefeld-Borussia Mönchengladbach,Arminia Bielefeld,Stefan Ortega,True,Goalkeeper,1,start,end,1.0,0.0,0.0,0.0,0.0,0.0,1.0,1.0,0.0,23.0,0.0,0.0,0.0,0.0,
GER-Bundesliga,2021,2021-01-02 Arminia Bielefeld-Borussia Mönchengladbach,Borussia Mönchengladbach,Yann Sommer,False,Goalkeeper,1,start,end,1.0,0.0,0.0,0.0,0.0,0.0,0.0,0.0,0.0,7.0,0.0,0.0,0.0,0.0,
GER-Bundesliga,2021,2021-01-02 Eintracht Frankfurt-Bayer Leverkusen,Bayer Leverkusen,Lukas Hradecky,False,Goalkeeper,1,start,end,1.0,0.0,0.0,0.0,0.0,0.0,0.0,1.0,0.0,10.0,0.0,0.0,0.0,0.0,
GER-Bundesliga,2021,2021-01-02 Eintracht Frankfurt-Bayer Leverkusen,Eintracht Frankfurt,Kevin Trapp,True,Goalkeeper,1,start,end,1.0,0.0,0.0,0.0,0.0,0.0,0.0,1.0,0.0,6.0,0.0,0.0,0.0,0.0,
GER-Bundesliga,2021,2021-01-02 FC Cologne-FC Augsburg,FC Augsburg,Rafal Gikiewicz,False,Goalkeeper,1,start,end,1.0,0.0,0.0,0.0,0.0,0.0,0.0,0.0,0.0,12.0,0.0,0.0,0.0,0.0,
GER-Bundesliga,2021,2021-01-02 FC Cologne-FC Augsburg,FC Cologne,Timo Horn,True,Goalkeeper,1,start,end,1.0,0.0,0.0,0.0,0.0,0.0,0.0,1.0,0.0,10.0,0.0,0.0,0.0,0.0,
GER-Bundesliga,2021,2021-01-02 Hertha Berlin-Schalke 04,Hertha Berlin,Alexander Schwolow,True,Goalkeeper,1,start,end,1.0,0.0,1.0,0.0,0.0,0.0,0.0,0.0,0.0,11.0,0.0,0.0,0.0,0.0,
GER-Bundesliga,2021,2021-01-02 Hertha Berlin-Schalke 04,Schalke 04,Ralf Fährmann,False,Goalkeeper,1,start,end,1.0,0.0,0.0,0.0,0.0,0.0,0.0,3.0,0.0,18.0,0.0,0.0,0.0,0.0,
GER-Bundesliga,2021,2021-01-02 TSG Hoffenheim-SC Freiburg,SC Freiburg,Florian Müller,False,Goalkeeper,1,start,end,1.0,0.0,0.0,0.0,0.0,0.0,0.0,1.0,0.0,15.0,0.0,0.0,0.0,0.0,
GER-Bundesliga,2021,2021-01-02 TSG Hoffenheim-SC Freiburg,TSG Hoffenheim,Oliver Baumann,True,Goalkeeper,1,start,end,1.0,0.0,0.0,0.0,0.0,0.0,0.0,2.0,0.0,8.0,0.0,0.0,0.0,0.0,
GER-Bundesliga,2021,2021-01-02 VfB Stuttgart-RB Leipzig,RB Leipzig,Péter Gulácsi,False,Goalkeeper,1,start,end,1.0,0.0,1.0,0.0,0.0,0.0,0.0,0.0,0.0,10.0,0.0,0.0,0.0,0.0,
GER-Bundesliga,2021,2021-01-02 VfB Stuttgart-RB Leipzig,VfB Stuttgart,Gregor Kobel,True,Goalkeeper,1,start,end,1.0,0.0,0.0,0.0,0.0,0.0,0.0,1.0,0.0,20.0,0.0,0.0,0.0,0.0,
GER-Bundesliga,2021,2021-01-02 Werder Bremen-1. FC Union Berlin,1. FC Union Berlin,Andreas Luthe,False,Goalkeeper,1,start,end,1.0,0.0,1.0,0.0,0.0,0.0,0.0,0.0,0.0,11.0,0.0,0.0,0.0,0.0,
GER-Bundesliga,2021,2021-01-02 Werder Bremen-1. FC Union Berlin,Werder Bremen,Jirí Pavlenka,True,Goalkeeper,1,start,end,1.0,0.0,0.0,0.0,0.0,0.0,0.0,2.0,0.0,7.0,0.0,0.0,0.0,0.0,
GER-Bundesliga,2021,2021-01-03 Bayern Munich-Mainz,Bayern Munich,Manuel Neuer,True,Goalkeeper,1,start,end,1.0,0.0,1.0,0.0,0.0,0.0,0.0,2.0,0.0,10.0,0.0,0.0,0.0,0.0,
GER-Bundesliga,2021,2021-01-03 Bayern Munich-Mainz,Mainz,Finn Dahmen,False,Goalkeeper,1,start,end,1.0,0.0,0.0,0.0,0.0,0.0,0.0,5.0,0.0,13.0,0.0,0.0,0.0,0.0,
GER-Bundesliga,2021,2021-01-03 Borussia Dortmund-VfL Wolfsburg,Borussia Dortmund,Roman Bürki,True,Goalkeeper,1,start,end,1.0,0.0,0.0,0.0,0.0,0.0,0.0,0.0,0.0,21.0,0.0,0.0,0.0,0.0,
GER-Bundesliga,2021,2021-01-03 Borussia Dortmund-VfL Wolfsburg,VfL Wolfsburg,Koen Casteels,False,Goalkeeper,1,start,end,1.0,0.0,0.0,0.0,0.0,0.0,0.0,2.0,0.0,12.0,0.0,0.0,0.0,0.0,
GER-Bundesliga,2021,2021-01-08 Borussia Mönchengladbach-Bayern Munich,Bayern Munich,Manuel Neuer,False,Goalkeeper,1,start,end,1.0,0.0,0.0,0.0,0.0,0.0,0.0,3.0,0.0,5.0,0.0,0.0,0.0,0.0,
GER-Bundesliga,2021,2021-01-08 Borussia Mönchengladbach-Bayern Munich,Borussia Mönchengladbach,Yann Sommer,True,Goalkeeper,1,start,end,1.0,0.0,0.0,0.0,0.0,0.0,0.0,2.0,0.0,14.0,0.0,0.0,0.0,0.0,
GER-Bundesliga,2021,2021-01-09 1. FC Union Berlin-VfL Wolfsburg,1. FC Union Berlin,Andreas Luthe,True,Goalkeeper,1,start,end,1.0,0.0,0.0,0.0,0.0,0.0,0.0,2.0,0.0,8.0,0.0,0.0,0.0,0.0,
GER-Bundesliga,2021,2021-01-09 1. FC Union Berlin-VfL Wolfsburg,VfL Wolfsburg,Koen Casteels,False,Goalkeeper,1,start,end,1.0,0.0,1.0,0.0,0.0,0.0,0.0,2.0,0.0,11.0,0.0,0.0,0.0,0.0,
GER-Bundesliga,2021,2021-01-09 Bayer Leverkusen-Werder Bremen,Bayer Leverkusen,Lukas Hradecky,True,Goalkeeper,1,start,end,1.0,0.0,0.0,0.0,0.0,0.0,0.0,1.0,0.0,1.0,0.0,0.0,0.0,0.0,
GER-Bundesliga,2021,2021-01-09 Bayer Leverkusen-Werder Bremen,Werder Bremen,Jirí Pavlenka,False,Goalkeeper,1,start,end,1.0,0.0,0.0,0.0,0.0,0.0,0.0,1.0,0.0,11.0,0.0,0.0,0.0,0.0,
GER-Bundesliga,2021,2021-01-09 Mainz-Eintracht Frankfurt,Eintracht Frankfurt,Kevin Trapp,False,Goalkeeper,1,start,end,1.0,0.0,0.0,0.0,0.0,0.0,0.0,0.0,0.0,9.0,0.0,0.0,0.0,0.0,
GER-Bundesliga,2021,2021-01-09 Mainz-Eintracht Frankfurt,Mainz,Robin Zentner,True,Goalkeeper,1,start,end,1.0,0.0,0.0,0.0,0.0,0.0,0.0,2.0,0.0,11.0,0.0,0.0,0.0,0.0,
GER-Bundesliga,2021,2021-01-09 RB Leipzig-Borussia Dortmund,Borussia Dortmund,Roman Bürki,False,Goalkeeper,1,start,end,1.0,0.0,0.0,0.0,0.0,0.0,0.0,1.0,0.0,11.0,0.0,0.0,0.0,0.0,
GER-Bundesliga,2021,2021-01-09 RB Leipzig-Borussia Dortmund,RB Leipzig,Péter Gulácsi,True,Goalkeeper,1,start,end,1.0,0.0,0.0,0.0,0.0,0.0,0.0,3.0,0.0,12.0,0.0,0.0,0.0,0.0,
GER-Bundesliga,2021,2021-01-09 SC Freiburg-FC Cologne,FC Cologne,Timo Horn,False,Goalkeeper,1,start,end,1.0,0.0,0.0,0.0,0.0,0.0,0.0,5.0,1.0,8.0,0.0,0.0,0.0,0.0,
GER-Bundesliga,2021,2021-01-09 SC Freiburg-FC Cologne,SC Freiburg,Florian Müller,True,Goalkeeper,1,start,end,1.0,0.0,0.0,0.0,0.0,0.0,0.0,0.0,2.0,5.0,0.0,0.0,0.0,0.0,
GER-Bundesliga,2021,2021-01-09 Schalke 04-TSG Hoffenheim,Schalke 04,Ralf Fährmann,True,Goalkeeper,1,start,end,1.0,0.0,0.0,0.0,0.0,0.0,0.0,0.0,0.0,19.0,0.0,0.0,0.0,0.0,
GER-Bundesliga,2021,2021-01-09 Schalke 04-TSG Hoffenheim,TSG Hoffenheim,Oliver Baumann,False,Goalkeeper,1,start,end,1.0,0.0,1.0,0.0,0.0,0.0,0.0,4.0,0.0,8.0,0.0,0.0,0.0,0.0,
GER-Bundesliga,2021,2021-01-10 Arminia Bielefeld-Hertha Berlin,Arminia Bielefeld,Stefan Ortega,True,Goalkeeper,1,start,end,1.0,0.0,0.0,0.0,0.0,0.0,0.0,0.0,0.0,11.0,0.0,0.0,0.0,0.0,
GER-Bundesliga,2021,2021-01-10 Arminia Bielefeld-Hertha Berlin,Hertha Berlin,Alexander Schwolow,False,Goalkeeper,1,start,end,1.0,0.0,0.0,0.0,0.0,0.0,0.0,1.0,0.0,11.0,0.0,0.0,0.0,0.0,
GER-Bundesliga,2021,2021-01-10 FC Augsburg-VfB Stuttgart,FC Augsburg,Rafal Gikiewicz,True,Goalkeeper,1,start,end,1.0,0.0,0.0,0.0,0.0,0.0,0.0,4.0,0.0,22.0,0.0,0.0,0.0,0.0,
GER-Bundesliga,2021,2021-01-10 FC Augsburg-VfB Stuttgart,VfB Stuttgart,Gregor Kobel,False,Goalkeeper,1,start,end,1.0,0.0,0.0,0.0,0.0,0.0,0.0,1.0,0.0,10.0,0.0,0.0,0.0,0.0,
GER-Bundesliga,2021,2021-01-15 1. FC Union Berlin-Bayer Leverkusen,1. FC Union Berlin,Andreas Luthe,True,Goalkeeper,1,start,end,1.0,0.0,0.0,0.0,0.0,0.0,0.0,0.0,3.0,0.0,0.0,0.0,0.0,0.0,
GER-Bundesliga,2021,2021-01-15 1. FC Union Berlin-Bayer Leverkusen,Bayer Leverkusen,Lukas Hradecky,False,Goalkeeper,1,start,end,1.0,0.0,0.0,0.0,0.0,0.0,0.0,1.0,2.0,0.0,0.0,0.0,0.0,0.0,
GER-Bundesliga,2021,2021-01-16 Borussia Dortmund-Mainz,Borussia Dortmund,Roman Bürki,True,Goalkeeper,1,start,end,1.0,0.0,0.0,0.0,0.0,0.0,0.0,1.0,2.0,0.0,0.0,0.0,0.0,0.0,
GER-Bundesliga,2021,2021-01-16 Borussia Dortmund-Mainz,Mainz,Robin Zentner,False,Goalkeeper,1,start,end,1.0,0.0,1.0,0.0,0.0,0.0,0.0,1.0,6.0,0.0,0.0,0.0,0.0,0.0,
GER-Bundesliga,2021,2021-01-16 FC Cologne-Hertha Berlin,FC Cologne,Timo Horn,True,Goalkeeper,1,start,end,1.0,0.0,0.0,0.0,0.0,0.0,0.0,0.0,3.0,0.0,0.0,0.0,0.0,0.0,
GER-Bundesliga,2021,2021-01-16 FC Cologne-Hertha Berlin,Hertha Berlin,Alexander Schwolow,False,Goalkeeper,1,start,end,1.0,0.0,0.0,0.0,0.0,0.0,0.0,0.0,1.0,0.0,0.0,0.0,0.0,0.0,
GER-Bundesliga,2021,2021-01-16 TSG Hoffenheim-Arminia Bielefeld,Arminia Bielefeld,Stefan Ortega,False,Goalkeeper,1,start,end,1.0,0.0,0.0,0.0,0.0,0.0,0.0,0.0,5.0,0.0,0.0,0.0,0.0,0.0,
GER-Bundesliga,2021,2021-01-16 TSG Hoffenheim-Arminia Bielefeld,TSG Hoffenheim,Oliver Baumann,True,Goalkeeper,1,start,end,1.0,0.0,0.0,0.0,0.0,0.0,0.0,0.0,2.0,0.0,0.0,0.0,0.0,0.0,
GER-Bundesliga,2021,2021-01-16 VfB Stuttgart-Borussia Mönchengladbach,Borussia Mönchengladbach,Yann Sommer,False,Goalkeeper,1,start,end,1.0,0.0,0.0,0.0,0.0,0.0,0.0,2.0,4.0,0.0,0.0,0.0,0.0,0.0,
GER-Bundesliga,2021,2021-01-16 VfB Stuttgart-Borussia Mönchengladbach,VfB Stuttgart,Gregor Kobel,True,Goalkeeper,1,start,end,1.0,0.0,0.0,0.0,0.0,0.0,0.0,2.0,3.0,0.0,0.0,0.0,0.0,0.0,
GER-Bundesliga,2021,2021-01-16 VfL Wolfsburg-RB Leipzig,RB Leipzig,Péter Gulácsi,False,Goalkeeper,1,start,end,1.0,0.0,0.0,0.0,0.0,0.0,0.0,2.0,0.0,0.0,0.0,0.0,0.0,0.0,
GER-Bundesliga,2021,2021-01-16 VfL Wolfsburg-RB Leipzig,VfL Wolfsburg,Koen Casteels,True,Goalkeeper,1,start,end,1.0,0.0,0.0,0.0,0.0,0.0,0.0,2.0,6.0,0.0,0.0,0.0,0.0,0.0,
GER-Bundesliga,2021,2021-01-16 Werder Bremen-FC Augsburg,FC Augsburg,Rafal Gikiewicz,False,Goalkeeper,1,start,end,1.0,0.0,0.0,0.0,0.0,0.0,0.0,2.0,3.0,0.0,0.0,0.0,0.0,0.0,
GER-Bundesliga,2021,2021-01-16 Werder Bremen-FC Augsburg,Werder Bremen,Jirí Pavlenka,True,Goalkeeper,1,start,end,1.0,0.0,0.0,0.0,0.0,0.0,0.0,0.0,1.0,0.0,0.0,0.0,0.0,0.0,
GER-Bundesliga,2021,2021-01-17 Bayern Munich-SC Freiburg,Bayern Munich,Manuel Neuer,True,Goalkeeper,1,start,end,1.0,0.0,0.0,0.0,0.0,0.0,0.0,1.0,1.0,0.0,0.0,0.0,0.0,0.0,
GER-Bundesliga,2021,2021-01-17 Bayern Munich-SC Freiburg,SC Freiburg,Florian Müller,False,Goalkeeper,1,start,end,1.0,0.0,0.0,0.0,0.0,0.0,0.0,2.0,7.0,0.0,0.0,0.0,0.0,0.0,
GER-Bundesliga,2021,2021-01-17 Eintracht Frankfurt-Schalke 04,Eintracht Frankfurt,Kevin Trapp,True,Goalkeeper,1,start,end,1.0,0.0,0.0,0.0,0.0,0.0,0.0,1.0,0.0,0.0,0.0,0.0,0.0,0.0,
GER-Bundesliga,2021,2021-01-17 Eintracht Frankfurt-Schalke 04,Schalke 04,Ralf Fährmann,False,Goalkeeper,1,start,end,1.0,0.0,0.0,0.0,0.0,0.0,0.0,3.0,8.0,0.0,0.0,0.0,0.0,0.0,
GER-Bundesliga,2021,2021-01-19 Bayer Leverkusen-Borussia Dortmund,Bayer Leverkusen,Lukas Hradecky,True,Goalkeeper,1,start,end,1.0,0.0,0.0,0.0,0.0,0.0,0.0,1.0,1.0,0.0,0.0,0.0,0.0,0.0,
GER-Bundesliga,2021,2021-01-19 Bayer Leverkusen-Borussia Dortmund,Borussia Dortmund,Roman Bürki,False,Goalkeeper,1,start,end,1.0,0.0,0.0,0.0,0.0,0.0,0.0,2.0,11.0,0.0,0.0,0.0,0.0,0.0,
GER-Bundesliga,2021,2021-01-19 Borussia Mönchengladbach-Werder Bremen,Borussia Mönchengladbach,Yann Sommer,True,Goalkeeper,1,start,end,1.0,0.0,0.0,0.0,0.0,0.0,1.0,0.0,2.0,0.0,0.0,0.0,0.0,0.0,
GER-Bundesliga,2021,2021-01-19 Borussia Mönchengladbach-Werder Bremen,Werder Bremen,Jirí Pavlenka,False,Goalkeeper,1,start,end,1.0,1.0,0.0,0.0,0.0,0.0,1.0,1.0,5.0,0.0,0.0,0.0,0.0,0.0,
GER-Bundesliga,2021,2021-01-19 Hertha Berlin-TSG Hoffenheim,Hertha Berlin,Alexander Schwolow,True,Goalkeeper,1,start,end,1.0,0.0,0.0,0.0,0.0,0.0,0.0,3.0,3.0,0.0,0.0,0.0,0.0,0.0,
GER-Bundesliga,2021,2021-01-19 Hertha Berlin-TSG Hoffenheim,TSG Hoffenheim,Oliver Baumann,False,Goalkeeper,1,start,end,1.0,0.0,0.0,0.0,0.0,0.0,0.0,0.0,2.0,0.0,0.0,0.0,0.0,0.0,
GER-Bundesliga,2021,2021-01-19 Mainz-VfL Wolfsburg,Mainz,Robin Zentner,True,Goalkeeper,1,start,end,1.0,0.0,0.0,0.0,0.0,0.0,0.0,2.0,0.0,0.0,0.0,0.0,0.0,0.0,
GER-Bundesliga,2021,2021-01-19 Mainz-VfL Wolfsburg,VfL Wolfsburg,Koen Casteels,False,Goalkeeper,1,start,end,1.0,0.0,0.0,0.0,0.0,0.0,0.0,0.0,0.0,0.0,0.0,0.0,0.0,0.0,
GER-Bundesliga,2021,2021-01-20 Arminia Bielefeld-VfB Stuttgart,Arminia Bielefeld,Stefan Ortega,True,Goalkeeper,1,start,end,1.0,0.0,0.0,0.0,0.0,0.0,0.0,0.0,3.0,0.0,0.0,0.0,0.0,0.0,
GER-Bundesliga,2021,2021-01-20 Arminia Bielefeld-VfB Stuttgart,VfB Stuttgart,Gregor Kobel,False,Goalkeeper,1,start,end,1.0,0.0,0.0,0.0,0.0,0.0,0.0,3.0,1.0,0.0,0.0,0.0,0.0,0.0,
GER-Bundesliga,2021,2021-01-20 FC Augsburg-Bayern Munich,Bayern Munich,Manuel Neuer,False,Goalkeeper,1,start,end,1.0,0.0,0.0,0.0,0.0,0.0,0.0,0.0,0.0,0.0,0.0,0.0,0.0,0.0,
GER-Bundesliga,2021,2021-01-20 FC Augsburg-Bayern Munich,FC Augsburg,Rafal Gikiewicz,True,Goalkeeper,1,start,end,1.0,0.0,0.0,0.0,0.0,0.0,0.0,1.0,4.0,0.0,0.0,0.0,0.0,0.0,
GER-Bundesliga,2021,2021-01-20 RB Leipzig-1. FC Union Berlin,1. FC Union Berlin,Andreas Luthe,False,Goalkeeper,1,start,end,1.0,0.0,0.0,0.0,0.0,0.0,0.0,1.0,4.0,0.0,0.0,0.0,0.0,0.0,
GER-Bundesliga,2021,2021-01-20 RB Leipzig-1. FC Union Berlin,RB Leipzig,Péter Gulácsi,True,Goalkeeper,1,start,end,1.0,0.0,0.0,0.0,0.0,0.0,0.0,0.0,1.0,0.0,0.0,0.0,0.0,0.0,
GER-Bundesliga,2021,2021-01-20 SC Freiburg-Eintracht Frankfurt,Eintracht Frankfurt,Kevin Trapp,False,Goalkeeper,1,start,end,1.0,0.0,0.0,0.0,0.0,0.0,0.0,2.0,2.0,0.0,0.0,0.0,0.0,0.0,
GER-Bundesliga,2021,2021-01-20 SC Freiburg-Eintracht Frankfurt,SC Freiburg,Florian Müller,True,Goalkeeper,1,start,end,1.0,0.0,0.0,0.0,0.0,0.0,0.0,2.0,2.0,0.0,0.0,0.0,0.0,0.0,
GER-Bundesliga,2021,2021-01-20 Schalke 04-FC Cologne,FC Cologne,Timo Horn,False,Goalkeeper,1,start,end,1.0,0.0,0.0,0.0,0.0,0.0,0.0,1.0,5.0,0.0,0.0,0.0,0.0,0.0,
GER-Bundesliga,2021,2021-01-20 Schalke 04-FC Cologne,Schalke 04,Ralf Fährmann,True,Goalkeeper,1,start,end,1.0,0.0,1.0,0.0,0.0,0.0,0.0,2.0,1.0,0.0,0.0,0.0,0.0,0.0,
GER-Bundesliga,2021,2021-01-22 Borussia Mönchengladbach-Borussia Dortmund,Borussia Dortmund,Roman Bürki,False,Goalkeeper,1,start,end,1.0,0.0,0.0,0.0,0.0,0.0,0.0,4.0,3.0,0.0,0.0,0.0,0.0,0.0,
GER-Bundesliga,2021,2021-01-22 Borussia Mönchengladbach-Borussia Dortmund,Borussia Mönchengladbach,Yann Sommer,True,Goalkeeper,1,start,end,1.0,0.0,0.0,0.0,0.0,0.0,0.0,2.0,4.0,0.0,0.0,0.0,0.0,0.0,
GER-Bundesliga,2021,2021-01-23 Arminia Bielefeld-Eintracht Frankfurt,Arminia Bielefeld,Stefan Ortega,True,Goalkeeper,1,start,end,1.0,0.0,0.0,0.0,0.0,0.0,0.0,5.0,3.0,0.0,0.0,0.0,0.0,0.0,
GER-Bundesliga,2021,2021-01-23 Arminia Bielefeld-Eintracht Frankfurt,Eintracht Frankfurt,Kevin Trapp,False,Goalkeeper,1,start,end,1.0,0.0,0.0,0.0,0.0,0.0,0.0,1.0,3.0,0.0,0.0,0.0,0.0,0.0,
GER-Bundesliga,2021,2021-01-23 Bayer Leverkusen-VfL Wolfsburg,Bayer Leverkusen,Lukas Hradecky,True,Goalkeeper,1,start,end,1.0,0.0,0.0,0.0,0.0,0.0,0.0,1.0,3.0,0.0,0.0,0.0,0.0,0.0,
GER-Bundesliga,2021,2021-01-23 Bayer Leverkusen-VfL Wolfsburg,VfL Wolfsburg,Koen Casteels,False,Goalkeeper,1,start,end,1.0,0.0,0.0,0.0,0.0,0.0,0.0,0.0,3.0,0.0,0.0,0.0,0.0,0.0,
GER-Bundesliga,2021,2021-01-23 FC Augsburg-1. FC Union Berlin,1. FC Union Berlin,Andreas Luthe,False,Goalkeeper,1,start,end,1.0,0.0,0.0,0.0,0.0,0.0,0.0,2.0,2.0,0.0,0.0,0.0,0.0,0.0,
GER-Bundesliga,2021,2021-01-23 FC Augsburg-1. FC Union Berlin,FC Augsburg,Rafal Gikiewicz,True,Goalkeeper,1,start,end,1.0,0.0,0.0,0.0,0.0,0.0,0.0,1.0,4.0,0.0,0.0,0.0,0.0,0.0,
GER-Bundesliga,2021,2021-01-23 Hertha Berlin-Werder Bremen,Hertha Berlin,Alexander Schwolow,True,Goalkeeper,1,start,end,1.0,0.0,0.0,0.0,0.0,0.0,0.0,4.0,1.0,0.0,0.0,0.0,0.0,0.0,
GER-Bundesliga,2021,2021-01-23 Hertha Berlin-Werder Bremen,Werder Bremen,Jirí Pavlenka,False,Goalkeeper,1,start,end,1.0,0.0,0.0,0.0,0.0,0.0,0.0,1.0,9.0,0.0,0.0,0.0,0.0,0.0,
GER-Bundesliga,2021,2021-01-23 Mainz-RB Leipzig,Mainz,Robin Zentner,True,Goalkeeper,1,start,end,1.0,0.0,0.0,0.0,0.0,0.0,0.0,2.0,3.0,0.0,0.0,0.0,0.0,0.0,
GER-Bundesliga,2021,2021-01-23 Mainz-RB Leipzig,RB Leipzig,Péter Gulácsi,False,Goalkeeper,1,start,end,1.0,0.0,0.0,0.0,0.0,0.0,0.0,3.0,1.0,0.0,0.0,0.0,0.0,0.0,
GER-Bundesliga,2021,2021-01-23 SC Freiburg-VfB Stuttgart,SC Freiburg,Florian Müller,True,Goalkeeper,1,start,end,1.0,0.0,0.0,0.0,0.0,0.0,0.0,1.0,8.0,0.0,0.0,0.0,0.0,0.0,
GER-Bundesliga,2021,2021-01-23 SC Freiburg-VfB Stuttgart,VfB Stuttgart,Gregor Kobel,False,Goalkeeper,1,start,end,1.0,0.0,0.0,0.0,0.0,0.0,0.0,2.0,3.0,0.0,0.0,0.0,0.0,0.0,
GER-Bundesliga,2021,2021-01-24 Schalke 04-Bayern Munich,Bayern Munich,Manuel Neuer,False,Goalkeeper,1,start,end,1.0,0.0,0.0,0.0,0.0,0.0,0.0,0.0,3.0,0.0,0.0,0.0,0.0,0.0,
GER-Bundesliga,2021,2021-01-24 Schalke 04-Bayern Munich,Schalke 04,Ralf Fährmann,True,Goalkeeper,1,start,end,1.0,0.0,0.0,0.0,0.0,0.0,0.0,4.0,9.0,0.0,0.0,0.0,0.0,0.0,
GER-Bundesliga,2021,2021-01-24 TSG Hoffenheim-FC Cologne,FC Cologne,Timo Horn,False,Goalkeeper,1,start,end,1.0,0.0,0.0,0.0,0.0,0.0,0.0,3.0,1.0,0.0,0.0,0.0,0.0,0.0,
GER-Bundesliga,2021,2021-01-24 TSG Hoffenheim-FC Cologne,TSG Hoffenheim,Oliver Baumann,True,Goalkeeper,1,start,end,1.0,0.0,0.0,0.0,0.0,0.0,0.0,0.0,4.0,0.0,0.0,0.0,0.0,0.0,
GER-Bundesliga,2021,2021-01-29 VfB Stuttgart-Mainz,Mainz,Robin Zentner,False,Goalkeeper,1,start,end,1.0,0.0,0.0,0.0,0.0,0.0,0.0,2.0,2.0,0.0,0.0,0.0,0.0,0.0,
GER-Bundesliga,2021,2021-01-29 VfB Stuttgart-Mainz,VfB Stuttgart,Gregor Kobel,True,Goalkeeper,1,start,end,1.0,0.0,2.0,0.0,0.0,0.0,0.0,0.0,2.0,0.0,0.0,0.0,0.0,0.0,
GER-Bundesliga,2021,2021-01-30 1. FC Union Berlin-Borussia Mönchengladbach,1. FC Union Berlin,Andreas Luthe,True,Goalkeeper,1,start,69,1.0,0.0,0.0,0.0,0.0,0.0,0.0,1.0,2.0,0.0,0.0,0.0,0.0,0.0,
GER-Bundesliga,2021,2021-01-30 1. FC Union Berlin-Borussia Mönchengladbach,Borussia Mönchengladbach,Yann Sommer,False,Goalkeeper,1,start,end,1.0,0.0,0.0,0.0,0.0,0.0,0.0,1.0,1.0,0.0,0.0,0.0,0.0,0.0,
GER-Bundesliga,2021,2021-01-30 Bayern Munich-TSG Hoffenheim,Bayern Munich,Manuel Neuer,True,Goalkeeper,1,start,end,1.0,0.0,0.0,0.0,0.0,0.0,0.0,1.0,4.0,0.0,0.0,0.0,0.0,0.0,
GER-Bundesliga,2021,2021-01-30 Bayern Munich-TSG Hoffenheim,TSG Hoffenheim,Oliver Baumann,False,Goalkeeper,1,start,end,1.0,0.0,0.0,0.0,0.0,0.0,0.0,4.0,5.0,0.0,0.0,0.0,0.0,0.0,
GER-Bundesliga,2021,2021-01-30 Borussia Dortmund-FC Augsburg,Borussia Dortmund,Marwin Hitz,True,Goalkeeper,1,start,end,1.0,0.0,0.0,0.0,0.0,0.0,0.0,1.0,0.0,0.0,0.0,0.0,0.0,0.0,
GER-Bundesliga,2021,2021-01-30 Borussia Dortmund-FC Augsburg,FC Augsburg,Rafal Gikiewicz,False,Goalkeeper,1,start,end,1.0,0.0,0.0,0.0,0.0,0.0,0.0,3.0,3.0,0.0,0.0,0.0,0.0,0.0,
GER-Bundesliga,2021,2021-01-30 Eintracht Frankfurt-Hertha Berlin,Eintracht Frankfurt,Kevin Trapp,True,Goalkeeper,1,start,end,1.0,0.0,0.0,0.0,0.0,0.0,0.0,1.0,2.0,0.0,0.0,0.0,0.0,0.0,
GER-Bundesliga,2021,2021-01-30 Eintracht Frankfurt-Hertha Berlin,Hertha Berlin,Rune Jarstein,False,Goalkeeper,1,start,end,1.0,0.0,0.0,0.0,0.0,0.0,0.0,3.0,4.0,0.0,0.0,0.0,0.0,0.0,
GER-Bundesliga,2021,2021-01-30 RB Leipzig-Bayer Leverkusen,Bayer Leverkusen,Lukas Hradecky,False,Goalkeeper,1,start,end,1.0,0.0,0.0,0.0,0.0,0.0,0.0,1.0,1.0,0.0,0.0,0.0,0.0,0.0,
GER-Bundesliga,2021,2021-01-30 RB Leipzig-Bayer Leverkusen,RB Leipzig,Péter Gulácsi,True,Goalkeeper,1,start,end,1.0,0.0,0.0,0.0,0.0,0.0,0.0,0.0,3.0,0.0,0.0,0.0,0.0,0.0,
GER-Bundesliga,2021,2021-01-30 Werder Bremen-Schalke 04,Schalke 04,Ralf Fährmann,False,Goalkeeper,1,start,end,1.0,0.0,0.0,0.0,0.0,0.0,1.0,1.0,4.0,0.0,0.0,0.0,0.0,0.0,
GER-Bundesliga,2021,2021-01-30 Werder Bremen-Schalke 04,Werder Bremen,Jirí Pavlenka,True,Goalkeeper,1,start,end,1.0,0.0,1.0,0.0,0.0,0.0,0.0,1.0,0.0,0.0,0.0,0.0,0.0,0.0,
GER-Bundesliga,2021,2021-01-31 FC Cologne-Arminia Bielefeld,Arminia Bielefeld,Stefan Ortega,False,Goalkeeper,1,start,end,1.0,0.0,0.0,0.0,0.0,0.0,0.0,3.0,3.0,0.0,0.0,0.0,0.0,0.0,
GER-Bundesliga,2021,2021-01-31 FC Cologne-Arminia Bielefeld,FC Cologne,Timo Horn,True,Goalkeeper,1,start,end,1.0,0.0,0.0,0.0,0.0,0.0,0.0,1.0,2.0,0.0,0.0,0.0,0.0,0.0,
GER-Bundesliga,2021,2021-01-31 VfL Wolfsburg-SC Freiburg,SC Freiburg,Florian Müller,False,Goalkeeper,1,start,end,1.0,0.0,0.0,0.0,0.0,0.0,0.0,3.0,2.0,0.0,0.0,0.0,0.0,0.0,
GER-Bundesliga,2021,2021-01-31 VfL Wolfsburg-SC Freiburg,VfL Wolfsburg,Koen Casteels,True,Goalkeeper,1,start,end,1.0,0.0,0.0,0.0,0.0,0.0,0.0,0.0,2.0,0.0,0.0,0.0,0.0,0.0,
GER-Bundesliga,2021,2021-02-05 Hertha Berlin-Bayern Munich,Bayern Munich,Manuel Neuer,False,Goalkeeper,1,start,end,1.0,0.0,0.0,0.0,0.0,0.0,0.0,0.0,7.0,0.0,0.0,0.0,0.0,0.0,
GER-Bundesliga,2021,2021-02-05 Hertha Berlin-Bayern Munich,Hertha Berlin,Rune Jarstein,True,Goalkeeper,1,start,end,1.0,1.0,0.0,0.0,0.0,0.0,0.0,1.0,5.0,0.0,0.0,0.0,0.0,0.0,
GER-Bundesliga,2021,2021-02-06 Bayer Leverkusen-VfB Stuttgart,Bayer Leverkusen,Lukas Hradecky,True,Goalkeeper,1,start,end,1.0,0.0,0.0,0.0,0.0,0.0,0.0,2.0,0.0,11.0,0.0,0.0,0.0,0.0,
GER-Bundesliga,2021,2021-02-06 Bayer Leverkusen-VfB Stuttgart,VfB Stuttgart,Gregor Kobel,False,Goalkeeper,1,start,end,1.0,0.0,0.0,0.0,0.0,0.0,0.0,5.0,0.0,19.0,0.0,0.0,0.0,0.0,
GER-Bundesliga,2021,2021-02-06 Borussia Mönchengladbach-FC Cologne,Borussia Mönchengladbach,Yann Sommer,True,Goalkeeper,1,start,end,1.0,0.0,0.0,0.0,0.0,0.0,0.0,2.0,1.0,0.0,0.0,0.0,0.0,0.0,
GER-Bundesliga,2021,2021-02-06 Borussia Mönchengladbach-FC Cologne,FC Cologne,Timo Horn,False,Goalkeeper,1,start,end,1.0,0.0,0.0,0.0,0.0,0.0,0.0,1.0,1.0,0.0,0.0,0.0,0.0,0.0,
GER-Bundesliga,2021,2021-02-06 FC Augsburg-VfL Wolfsburg,FC Augsburg,Rafal Gikiewicz,True,Goalkeeper,1,start,end,1.0,0.0,0.0,0.0,0.0,0.0,0.0,2.0,4.0,0.0,0.0,0.0,0.0,0.0,
GER-Bundesliga,2021,2021-02-06 FC Augsburg-VfL Wolfsburg,VfL Wolfsburg,Koen Casteels,False,Goalkeeper,1,start,end,1.0,0.0,0.0,0.0,0.0,0.0,0.0,0.0,1.0,0.0,0.0,0.0,0.0,0.0,
GER-Bundesliga,2021,2021-02-06 Mainz-1. FC Union Berlin,1. FC Union Berlin,Andreas Luthe,False,Goalkeeper,1,start,end,1.0,0.0,0.0,0.0,0.0,0.0,0.0,1.0,4.0,0.0,0.0,0.0,0.0,0.0,
GER-Bundesliga,2021,2021-02-06 Mainz-1. FC Union Berlin,Mainz,Robin Zentner,True,Goalkeeper,1,start,end,1.0,0.0,0.0,0.0,0.0,0.0,0.0,0.0,4.0,0.0,0.0,0.0,0.0,0.0,
GER-Bundesliga,2021,2021-02-06 SC Freiburg-Borussia Dortmund,Borussia Dortmund,Marwin Hitz,False,Goalkeeper,1,start,end,1.0,0.0,0.0,0.0,0.0,0.0,0.0,2.0,0.0,4.0,0.0,0.0,0.0,0.0,
GER-Bundesliga,2021,2021-02-06 SC Freiburg-Borussia Dortmund,SC Freiburg,Florian Müller,True,Goalkeeper,1,start,end,1.0,0.0,0.0,0.0,0.0,0.0,0.0,1.0,0.0,15.0,0.0,0.0,0.0,0.0,
GER-Bundesliga,2021,2021-02-06 Schalke 04-RB Leipzig,RB Leipzig,Péter Gulácsi,False,Goalkeeper,1,start,end,1.0,0.0,0.0,0.0,0.0,0.0,0.0,0.0,0.0,3.0,0.0,0.0,0.0,0.0,
GER-Bundesliga,2021,2021-02-06 Schalke 04-RB Leipzig,Schalke 04,Ralf Fährmann,True,Goalkeeper,1,start,end,1.0,0.0,0.0,0.0,0.0,0.0,0.0,3.0,0.0,23.0,0.0,0.0,0.0,0.0,
GER-Bundesliga,2021,2021-02-07 TSG Hoffenheim-Eintracht Frankfurt,Eintracht Frankfurt,Kevin Trapp,False,Goalkeeper,1,start,end,1.0,0.0,0.0,0.0,0.0,0.0,0.0,1.0,0.0,7.0,0.0,0.0,0.0,0.0,
GER-Bundesliga,2021,2021-02-07 TSG Hoffenheim-Eintracht Frankfurt,TSG Hoffenheim,Oliver Baumann,True,Goalkeeper,1,start,end,1.0,0.0,0.0,0.0,0.0,0.0,0.0,3.0,0.0,6.0,0.0,0.0,0.0,0.0,
GER-Bundesliga,2021,2021-02-12 RB Leipzig-FC Augsburg,FC Augsburg,Rafal Gikiewicz,False,Goalkeeper,1,start,end,1.0,0.0,0.0,0.0,0.0,0.0,1.0,2.0,0.0,14.0,0.0,0.0,0.0,0.0,
GER-Bundesliga,2021,2021-02-12 RB Leipzig-FC Augsburg,RB Leipzig,Péter Gulácsi,True,Goalkeeper,1,start,end,1.0,0.0,0.0,0.0,0.0,0.0,0.0,1.0,0.0,3.0,0.0,0.0,0.0,0.0,
GER-Bundesliga,2021,2021-02-13 1. FC Union Berlin-Schalke 04,1. FC Union Berlin,Loris Karius,True,Goalkeeper,1,start,end,1.0,0.0,0.0,0.0,0.0,0.0,0.0,0.0,0.0,6.0,0.0,0.0,0.0,0.0,
GER-Bundesliga,2021,2021-02-13 1. FC Union Berlin-Schalke 04,Schalke 04,Ralf Fährmann,False,Goalkeeper,1,start,end,1.0,0.0,0.0,0.0,0.0,0.0,0.0,0.0,0.0,20.0,0.0,0.0,0.0,0.0,
GER-Bundesliga,2021,2021-02-13 Bayer Leverkusen-Mainz,Bayer Leverkusen,Lukas Hradecky,True,Goalkeeper,1,start,45,1.0,0.0,0.0,0.0,0.0,0.0,0.0,0.0,0.0,4.0,0.0,0.0,0.0,0.0,
GER-Bundesliga,2021,2021-02-13 Bayer Leverkusen-Mainz,Mainz,Robin Zentner,False,Goalkeeper,1,start,end,1.0,0.0,0.0,0.0,0.0,0.0,0.0,2.0,0.0,9.0,0.0,0.0,0.0,0.0,
GER-Bundesliga,2021,2021-02-13 Borussia Dortmund-TSG Hoffenheim,Borussia Dortmund,Marwin Hitz,True,Goalkeeper,1,start,end,1.0,0.0,0.0,0.0,0.0,0.0,0.0,2.0,0.0,11.0,0.0,0.0,0.0,0.0,
GER-Bundesliga,2021,2021-02-13 Borussia Dortmund-TSG Hoffenheim,TSG Hoffenheim,Oliver Baumann,False,Goalkeeper,1,start,end,1.0,0.0,1.0,0.0,0.0,0.0,0.0,2.0,0.0,5.0,0.0,0.0,0.0,0.0,
GER-Bundesliga,2021,2021-02-13 VfB Stuttgart-Hertha Berlin,Hertha Berlin,Rune Jarstein,False,Goalkeeper,1,start,end,1.0,0.0,0.0,0.0,0.0,0.0,0.0,1.0,0.0,10.0,0.0,0.0,0.0,0.0,
GER-Bundesliga,2021,2021-02-13 VfB Stuttgart-Hertha Berlin,VfB Stuttgart,Gregor Kobel,True,Goalkeeper,1,start,end,1.0,0.0,0.0,0.0,0.0,0.0,0.0,1.0,0.0,9.0,0.0,0.0,0.0,0.0,
GER-Bundesliga,2021,2021-02-13 Werder Bremen-SC Freiburg,SC Freiburg,Florian Müller,False,Goalkeeper,1,start,end,1.0,0.0,0.0,0.0,0.0,0.0,0.0,0.0,0.0,12.0,0.0,0.0,0.0,0.0,
GER-Bundesliga,2021,2021-02-13 Werder Bremen-SC Freiburg,Werder Bremen,Jirí Pavlenka,True,Goalkeeper,1,start,end,1.0,0.0,0.0,0.0,0.0,0.0,0.0,0.0,0.0,9.0,0.0,0.0,0.0,0.0,
GER-Bundesliga,2021,2021-02-14 Eintracht Frankfurt-FC Cologne,Eintracht Frankfurt,Kevin Trapp,True,Goalkeeper,1,start,end,1.0,0.0,0.0,0.0,0.0,0.0,0.0,0.0,0.0,6.0,0.0,0.0,0.0,0.0,
GER-Bundesliga,2021,2021-02-14 Eintracht Frankfurt-FC Cologne,FC Cologne,Timo Horn,False,Goalkeeper,1,start,end,1.0,0.0,0.0,0.0,0.0,0.0,0.0,2.0,0.0,14.0,0.0,0.0,0.0,0.0,
GER-Bundesliga,2021,2021-02-14 VfL Wolfsburg-Borussia Mönchengladbach,Borussia Mönchengladbach,Yann Sommer,False,Goalkeeper,1,start,end,1.0,0.0,0.0,0.0,0.0,0.0,0.0,0.0,0.0,17.0,0.0,0.0,0.0,0.0,
GER-Bundesliga,2021,2021-02-14 VfL Wolfsburg-Borussia Mönchengladbach,VfL Wolfsburg,Koen Casteels,True,Goalkeeper,1,start,end,1.0,0.0,0.0,0.0,0.0,0.0,0.0,0.0,0.0,11.0,0.0,0.0,0.0,0.0,
GER-Bundesliga,2021,2021-02-15 Bayern Munich-Arminia Bielefeld,Arminia Bielefeld,Stefan Ortega,False,Goalkeeper,1,start,end,1.0,0.0,0.0,0.0,0.0,0.0,0.0,3.0,0.0,16.0,0.0,0.0,0.0,0.0,
GER-Bundesliga,2021,2021-02-15 Bayern Munich-Arminia Bielefeld,Bayern Munich,Manuel Neuer,True,Goalkeeper,1,start,end,1.0,0.0,0.0,0.0,0.0,0.0,0.0,3.0,0.0,4.0,0.0,0.0,0.0,0.0,
GER-Bundesliga,2021,2021-02-19 Arminia Bielefeld-VfL Wolfsburg,Arminia Bielefeld,Stefan Ortega,True,Goalkeeper,1,start,end,1.0,0.0,0.0,0.0,0.0,0.0,0.0,3.0,0.0,9.0,0.0,0.0,0.0,0.0,
GER-Bundesliga,2021,2021-02-19 Arminia Bielefeld-VfL Wolfsburg,VfL Wolfsburg,Koen Casteels,False,Goalkeeper,1,start,end,1.0,0.0,0.0,0.0,0.0,0.0,0.0,0.0,0.0,8.0,0.0,0.0,0.0,0.0,
GER-Bundesliga,2021,2021-02-20 Borussia Mönchengladbach-Mainz,Borussia Mönchengladbach,Yann Sommer,True,Goalkeeper,1,start,end,1.0,0.0,0.0,0.0,0.0,0.0,0.0,2.0,0.0,6.0,0.0,0.0,0.0,0.0,
GER-Bundesliga,2021,2021-02-20 Borussia Mönchengladbach-Mainz,Mainz,Robin Zentner,False,Goalkeeper,1,start,end,1.0,0.0,0.0,0.0,0.0,0.0,0.0,1.0,0.0,11.0,0.0,0.0,0.0,0.0,
GER-Bundesliga,2021,2021-02-20 Eintracht Frankfurt-Bayern Munich,Bayern Munich,Manuel Neuer,False,Goalkeeper,1,start,end,1.0,0.0,0.0,0.0,0.0,0.0,0.0,2.0,0.0,11.0,0.0,0.0,0.0,0.0,
GER-Bundesliga,2021,2021-02-20 Eintracht Frankfurt-Bayern Munich,Eintracht Frankfurt,Kevin Trapp,True,Goalkeeper,1,start,end,1.0,0.0,0.0,0.0,0.0,0.0,0.0,1.0,0.0,21.0,0.0,0.0,0.0,0.0,
GER-Bundesliga,2021,2021-02-20 FC Cologne-VfB Stuttgart,FC Cologne,Timo Horn,True,Goalkeeper,1,start,end,1.0,0.0,0.0,0.0,0.0,0.0,0.0,1.0,0.0,9.0,0.0,0.0,0.0,0.0,
GER-Bundesliga,2021,2021-02-20 FC Cologne-VfB Stuttgart,VfB Stuttgart,Gregor Kobel,False,Goalkeeper,1,start,end,1.0,0.0,0.0,0.0,0.0,0.0,0.0,0.0,0.0,9.0,0.0,0.0,0.0,0.0,
GER-Bundesliga,2021,2021-02-20 SC Freiburg-1. FC Union Berlin,1. FC Union Berlin,Loris Karius,False,Goalkeeper,1,start,end,1.0,0.0,0.0,0.0,0.0,0.0,0.0,0.0,0.0,9.0,0.0,0.0,0.0,0.0,
GER-Bundesliga,2021,2021-02-20 SC Freiburg-1. FC Union Berlin,SC Freiburg,Florian Müller,True,Goalkeeper,1,start,end,1.0,0.0,0.0,0.0,0.0,0.0,0.0,1.0,0.0,14.0,0.0,0.0,0.0,0.0,
GER-Bundesliga,2021,2021-02-20 Schalke 04-Borussia Dortmund,Borussia Dortmund,Marwin Hitz,False,Goalkeeper,1,start,end,1.0,0.0,0.0,0.0,0.0,0.0,0.0,0.0,0.0,13.0,0.0,0.0,0.0,0.0,
GER-Bundesliga,2021,2021-02-20 Schalke 04-Borussia Dortmund,Schalke 04,Ralf Fährmann,True,Goalkeeper,1,start,32,1.0,0.0,0.0,0.0,0.0,0.0,0.0,0.0,0.0,3.0,0.0,0.0,0.0,0.0,
GER-Bundesliga,2021,2021-02-21 FC Augsburg-Bayer Leverkusen,Bayer Leverkusen,Niklas Lomb,False,Goalkeeper,1,start,end,1.0,0.0,0.0,0.0,0.0,0.0,0.0,1.0,0.0,5.0,0.0,0.0,0.0,0.0,
GER-Bundesliga,2021,2021-02-21 FC Augsburg-Bayer Leverkusen,FC Augsburg,Rafal Gikiewicz,True,Goalkeeper,1,start,end,1.0,0.0,0.0,0.0,0.0,0.0,0.0,1.0,0.0,9.0,0.0,0.0,0.0,0.0,
GER-Bundesliga,2021,2021-02-21 Hertha Berlin-RB Leipzig,Hertha Berlin,Rune Jarstein,True,Goalkeeper,1,start,end,1.0,0.0,0.0,0.0,0.0,0.0,0.0,3.0,0.0,11.0,0.0,0.0,0.0,0.0,
GER-Bundesliga,2021,2021-02-21 Hertha Berlin-RB Leipzig,RB Leipzig,Péter Gulácsi,False,Goalkeeper,1,start,end,1.0,0.0,0.0,0.0,0.0,0.0,0.0,0.0,0.0,9.0,0.0,0.0,0.0,0.0,
GER-Bundesliga,2021,2021-02-21 TSG Hoffenheim-Werder Bremen,TSG Hoffenheim,Oliver Baumann,True,Goalkeeper,1,start,end,1.0,0.0,0.0,0.0,0.0,0.0,0.0,0.0,0.0,2.0,0.0,0.0,0.0,0.0,
GER-Bundesliga,2021,2021-02-21 TSG Hoffenheim-Werder Bremen,Werder Bremen,Jirí Pavlenka,False,Goalkeeper,1,start,end,1.0,0.0,0.0,0.0,0.0,0.0,0.0,4.0,0.0,8.0,0.0,0.0,0.0,0.0,
GER-Bundesliga,2021,2021-02-26 Werder Bremen-Eintracht Frankfurt,Eintracht Frankfurt,Kevin Trapp,False,Goalkeeper,1,start,end,1.0,0.0,0.0,0.0,0.0,0.0,0.0,2.0,0.0,7.0,0.0,0.0,0.0,0.0,
GER-Bundesliga,2021,2021-02-26 Werder Bremen-Eintracht Frankfurt,Werder Bremen,Jirí Pavlenka,True,Goalkeeper,1,start,end,1.0,0.0,0.0,0.0,0.0,0.0,0.0,1.0,0.0,11.0,0.0,0.0,0.0,0.0,
GER-Bundesliga,2021,2021-02-27 Bayern Munich-FC Cologne,Bayern Munich,Manuel Neuer,True,Goalkeeper,1,start,end,1.0,0.0,0.0,0.0,0.0,0.0,0.0,1.0,0.0,5.0,0.0,0.0,0.0,0.0,
GER-Bundesliga,2021,2021-02-27 Bayern Munich-FC Cologne,FC Cologne,Timo Horn,False,Goalkeeper,1,start,end,1.0,0.0,0.0,0.0,0.0,0.0,0.0,5.0,0.0,9.0,0.0,0.0,0.0,0.0,
GER-Bundesliga,2021,2021-02-27 Borussia Dortmund-Arminia Bielefeld,Arminia Bielefeld,Stefan Ortega,False,Goalkeeper,1,start,end,1.0,0.0,0.0,0.0,0.0,0.0,0.0,3.0,0.0,17.0,0.0,0.0,0.0,0.0,
GER-Bundesliga,2021,2021-02-27 Borussia Dortmund-Arminia Bielefeld,Borussia Dortmund,Marwin Hitz,True,Goalkeeper,1,start,end,1.0,0.0,0.0,0.0,0.0,0.0,0.0,0.0,0.0,8.0,0.0,0.0,0.0,0.0,
GER-Bundesliga,2021,2021-02-27 RB Leipzig-Borussia Mönchengladbach,Borussia Mönchengladbach,Yann Sommer,False,Goalkeeper,1,start,end,1.0,0.0,0.0,0.0,0.0,0.0,0.0,3.0,6.0,17.0,0.0,0.0,0.0,0.0,
GER-Bundesliga,2021,2021-02-27 RB Leipzig-Borussia Mönchengladbach,RB Leipzig,Péter Gulácsi,True,Goalkeeper,1,start,end,1.0,0.0,0.0,0.0,0.0,0.0,0.0,2.0,0.0,3.0,0.0,0.0,0.0,0.0,
GER-Bundesliga,2021,2021-02-27 VfB Stuttgart-Schalke 04,Schalke 04,Michael Langer,False,Goalkeeper,1,start,end,1.0,0.0,0.0,0.0,0.0,0.0,0.0,5.0,0.0,12.0,0.0,0.0,0.0,0.0,
GER-Bundesliga,2021,2021-02-27 VfB Stuttgart-Schalke 04,VfB Stuttgart,Gregor Kobel,True,Goalkeeper,1,start,end,1.0,0.0,0.0,0.0,0.0,0.0,0.0,1.0,0.0,8.0,0.0,0.0,0.0,0.0,
GER-Bundesliga,2021,2021-02-27 VfL Wolfsburg-Hertha Berlin,Hertha Berlin,Rune Jarstein,False,Goalkeeper,1,start,end,1.0,0.0,0.0,0.0,0.0,0.0,0.0,1.0,0.0,10.0,0.0,0.0,0.0,0.0,
GER-Bundesliga,2021,2021-02-27 VfL Wolfsburg-Hertha Berlin,VfL Wolfsburg,Koen Casteels,True,Goalkeeper,1,start,end,1.0,0.0,0.0,0.0,0.0,0.0,0.0,0.0,0.0,9.0,0.0,0.0,0.0,0.0,
GER-Bundesliga,2021,2021-02-28 1. FC Union Berlin-TSG Hoffenheim,1. FC Union Berlin,Loris Karius,True,Goalkeeper,1,start,end,1.0,0.0,0.0,0.0,0.0,0.0,0.0,0.0,0.0,14.0,0.0,0.0,0.0,0.0,
GER-Bundesliga,2021,2021-02-28 1. FC Union Berlin-TSG Hoffenheim,TSG Hoffenheim,Oliver Baumann,False,Goalkeeper,1,start,end,1.0,0.0,0.0,0.0,0.0,0.0,0.0,1.0,0.0,4.0,0.0,0.0,0.0,0.0,
GER-Bundesliga,2021,2021-02-28 Bayer Leverkusen-SC Freiburg,Bayer Leverkusen,Lennart Grill,True,Goalkeeper,1,start,end,1.0,0.0,0.0,0.0,0.0,0.0,0.0,2.0,0.0,4.0,0.0,0.0,0.0,0.0,
GER-Bundesliga,2021,2021-02-28 Bayer Leverkusen-SC Freiburg,SC Freiburg,Florian Müller,False,Goalkeeper,1,start,end,1.0,0.0,0.0,0.0,0.0,0.0,0.0,1.0,0.0,21.0,0.0,0.0,0.0,0.0,
GER-Bundesliga,2021,2021-02-28 Mainz-FC Augsburg,FC Augsburg,Rafal Gikiewicz,False,Goalkeeper,1,start,end,1.0,0.0,0.0,0.0,0.0,0.0,0.0,0.0,0.0,11.0,0.0,0.0,0.0,0.0,
GER-Bundesliga,2021,2021-02-28 Mainz-FC Augsburg,Mainz,Robin Zentner,True,Goalkeeper,1,start,end,1.0,0.0,0.0,0.0,0.0,0.0,0.0,1.0,0.0,8.0,0.0,0.0,0.0,0.0,
GER-Bundesliga,2021,2021-03-05 Schalke 04-Mainz,Mainz,Robin Zentner,False,Goalkeeper,1,start,end,1.0,0.0,0.0,0.0,0.0,0.0,0.0,0.0,0.0,2.0,0.0,0.0,0.0,0.0,
GER-Bundesliga,2021,2021-03-05 Schalke 04-Mainz,Schalke 04,Frederik Ronnow,True,Goalkeeper,1,start,end,1.0,0.0,0.0,0.0,0.0,0.0,0.0,0.0,0.0,20.0,0.0,0.0,0.0,0.0,
GER-Bundesliga,2021,2021-03-06 Bayern Munich-Borussia Dortmund,Bayern Munich,Manuel Neuer,True,Goalkeeper,1,start,end,1.0,0.0,0.0,0.0,0.0,0.0,0.0,2.0,0.0,2.0,0.0,0.0,0.0,0.0,
GER-Bundesliga,2021,2021-03-06 Bayern Munich-Borussia Dortmund,Borussia Dortmund,Marwin Hitz,False,Goalkeeper,1,start,end,1.0,0.0,1.0,0.0,0.0,0.0,0.0,4.0,0.0,23.0,0.0,0.0,0.0,0.0,
GER-Bundesliga,2021,2021-03-06 Borussia Mönchengladbach-Bayer Leverkusen,Bayer Leverkusen,Lennart Grill,False,Goalkeeper,1,start,end,1.0,0.0,0.0,0.0,0.0,0.0,0.0,0.0,0.0,8.0,0.0,0.0,0.0,0.0,
GER-Bundesliga,2021,2021-03-06 Borussia Mönchengladbach-Bayer Leverkusen,Borussia Mönchengladbach,Yann Sommer,True,Goalkeeper,1,start,end,1.0,0.0,0.0,0.0,0.0,0.0,0.0,1.0,0.0,12.0,0.0,0.0,0.0,0.0,
GER-Bundesliga,2021,2021-03-06 Eintracht Frankfurt-VfB Stuttgart,Eintracht Frankfurt,Kevin Trapp,True,Goalkeeper,1,start,end,1.0,0.0,0.0,0.0,0.0,0.0,0.0,1.0,0.0,7.0,0.0,0.0,0.0,0.0,
GER-Bundesliga,2021,2021-03-06 Eintracht Frankfurt-VfB Stuttgart,VfB Stuttgart,Gregor Kobel,False,Goalkeeper,1,start,end,1.0,0.0,0.0,0.0,0.0,0.0,0.0,1.0,0.0,19.0,0.0,0.0,0.0,0.0,
GER-Bundesliga,2021,2021-03-06 Hertha Berlin-FC Augsburg,FC Augsburg,Rafal Gikiewicz,False,Goalkeeper,1,start,end,1.0,0.0,0.0,0.0,0.0,0.0,0.0,2.0,0.0,15.0,0.0,0.0,0.0,0.0,
GER-Bundesliga,2021,2021-03-06 Hertha Berlin-FC Augsburg,Hertha Berlin,Rune Jarstein,True,Goalkeeper,1,start,end,1.0,0.0,0.0,0.0,0.0,0.0,0.0,1.0,0.0,7.0,0.0,0.0,0.0,0.0,
GER-Bundesliga,2021,2021-03-06 SC Freiburg-RB Leipzig,RB Leipzig,Péter Gulácsi,False,Goalkeeper,1,start,end,1.0,0.0,0.0,0.0,0.0,0.0,0.0,0.0,0.0,5.0,0.0,0.0,0.0,0.0,
GER-Bundesliga,2021,2021-03-06 SC Freiburg-RB Leipzig,SC Freiburg,Florian Müller,True,Goalkeeper,1,start,end,1.0,0.0,0.0,0.0,0.0,0.0,0.0,3.0,0.0,10.0,0.0,0.0,0.0,0.0,
GER-Bundesliga,2021,2021-03-06 TSG Hoffenheim-VfL Wolfsburg,TSG Hoffenheim,Oliver Baumann,True,Goalkeeper,1,start,end,1.0,0.0,1.0,0.0,0.0,0.0,0.0,1.0,0.0,17.0,0.0,0.0,0.0,0.0,
GER-Bundesliga,2021,2021-03-06 TSG Hoffenheim-VfL Wolfsburg,VfL Wolfsburg,Koen Casteels,False,Goalkeeper,1,start,end,1.0,0.0,0.0,0.0,0.0,0.0,0.0,2.0,0.0,7.0,0.0,0.0,0.0,0.0,
GER-Bundesliga,2021,2021-03-07 Arminia Bielefeld-1. FC Union Berlin,1. FC Union Berlin,Andreas Luthe,False,Goalkeeper,1,start,end,1.0,0.0,0.0,0.0,0.0,0.0,0.0,0.0,0.0,5.0,0.0,0.0,0.0,0.0,
GER-Bundesliga,2021,2021-03-07 Arminia Bielefeld-1. FC Union Berlin,Arminia Bielefeld,Stefan Ortega,True,Goalkeeper,1,start,end,1.0,0.0,0.0,0.0,0.0,0.0,0.0,0.0,0.0,8.0,0.0,0.0,0.0,0.0,
GER-Bundesliga,2021,2021-03-07 FC Cologne-Werder Bremen,FC Cologne,Timo Horn,True,Goalkeeper,1,start,end,1.0,0.0,0.0,0.0,0.0,0.0,0.0,1.0,0.0,11.0,0.0,0.0,0.0,0.0,
GER-Bundesliga,2021,2021-03-07 FC Cologne-Werder Bremen,Werder Bremen,Jirí Pavlenka,False,Goalkeeper,1,start,end,1.0,0.0,0.0,0.0,0.0,0.0,0.0,1.0,0.0,15.0,0.0,0.0,0.0,0.0,
GER-Bundesliga,2021,2021-03-10 Arminia Bielefeld-Werder Bremen,Arminia Bielefeld,Stefan Ortega,True,Goalkeeper,1,start,end,1.0,0.0,0.0,0.0,0.0,0.0,0.0,2.0,0.0,3.0,0.0,0.0,0.0,0.0,
GER-Bundesliga,2021,2021-03-10 Arminia Bielefeld-Werder Bremen,Werder Bremen,Jirí Pavlenka,False,Goalkeeper,1,start,end,1.0,0.0,0.0,0.0,0.0,0.0,0.0,0.0,0.0,26.0,0.0,0.0,0.0,0.0,
GER-Bundesliga,2021,2021-03-12 FC Augsburg-Borussia Mönchengladbach,Borussia Mönchengladbach,Yann Sommer,False,Goalkeeper,1,start,end,1.0,0.0,0.0,0.0,0.0,0.0,0.0,3.0,0.0,7.0,0.0,0.0,0.0,0.0,
GER-Bundesliga,2021,2021-03-12 FC Augsburg-Borussia Mönchengladbach,FC Augsburg,Rafal Gikiewicz,True,Goalkeeper,1,start,end,1.0,0.0,0.0,0.0,0.0,0.0,0.0,1.0,0.0,24.0,0.0,0.0,0.0,0.0,
GER-Bundesliga,2021,2021-03-13 1. FC Union Berlin-FC Cologne,1. FC Union Berlin,Andreas Luthe,True,Goalkeeper,1,start,end,1.0,0.0,0.0,0.0,0.0,0.0,0.0,1.0,0.0,8.0,0.0,0.0,0.0,0.0,
GER-Bundesliga,2021,2021-03-13 1. FC Union Berlin-FC Cologne,FC Cologne,Timo Horn,False,Goalkeeper,1,start,end,1.0,0.0,0.0,0.0,0.0,0.0,0.0,2.0,0.0,11.0,0.0,0.0,0.0,0.0,
GER-Bundesliga,2021,2021-03-13 Borussia Dortmund-Hertha Berlin,Borussia Dortmund,Marwin Hitz,True,Goalkeeper,1,start,end,1.0,0.0,0.0,0.0,0.0,0.0,0.0,0.0,0.0,3.0,0.0,0.0,0.0,0.0,
GER-Bundesliga,2021,2021-03-13 Borussia Dortmund-Hertha Berlin,Hertha Berlin,Rune Jarstein,False,Goalkeeper,1,start,end,1.0,0.0,0.0,0.0,0.0,0.0,0.0,2.0,0.0,10.0,0.0,0.0,0.0,0.0,
GER-Bundesliga,2021,2021-03-13 Mainz-SC Freiburg,Mainz,Robin Zentner,True,Goalkeeper,1,start,end,1.0,0.0,0.0,0.0,0.0,0.0,0.0,0.0,0.0,11.0,0.0,0.0,0.0,0.0,
GER-Bundesliga,2021,2021-03-13 Mainz-SC Freiburg,SC Freiburg,Florian Müller,False,Goalkeeper,1,start,end,1.0,0.0,0.0,0.0,0.0,0.0,0.0,1.0,0.0,10.0,0.0,0.0,0.0,0.0,
GER-Bundesliga,2021,2021-03-13 VfL Wolfsburg-Schalke 04,Schalke 04,Frederik Ronnow,False,Goalkeeper,1,start,end,1.0,0.0,0.0,0.0,0.0,0.0,0.0,4.0,0.0,12.0,0.0,0.0,0.0,0.0,
GER-Bundesliga,2021,2021-03-13 VfL Wolfsburg-Schalke 04,VfL Wolfsburg,Koen Casteels,True,Goalkeeper,1,start,end,1.0,0.0,0.0,0.0,0.0,0.0,0.0,0.0,0.0,5.0,0.0,0.0,0.0,0.0,
GER-Bundesliga,2021,2021-03-13 Werder Bremen-Bayern Munich,Bayern Munich,Manuel Neuer,False,Goalkeeper,1,start,end,1.0,0.0,0.0,0.0,0.0,0.0,0.0,1.0,0.0,8.0,0.0,0.0,0.0,0.0,
GER-Bundesliga,2021,2021-03-13 Werder Bremen-Bayern Munich,Werder Bremen,Jirí Pavlenka,True,Goalkeeper,1,start,end,1.0,0.0,0.0,0.0,0.0,0.0,0.0,3.0,0.0,18.0,0.0,0.0,0.0,0.0,
GER-Bundesliga,2021,2021-03-14 Bayer Leverkusen-Arminia Bielefeld,Arminia Bielefeld,Stefan Ortega,False,Goalkeeper,1,start,end,1.0,0.0,0.0,0.0,0.0,0.0,0.0,1.0,0.0,19.0,0.0,0.0,0.0,0.0,
GER-Bundesliga,2021,2021-03-14 Bayer Leverkusen-Arminia Bielefeld,Bayer Leverkusen,Lennart Grill,True,Goalkeeper,1,start,end,1.0,1.0,0.0,0.0,0.0,0.0,0.0,2.0,0.0,9.0,0.0,0.0,0.0,0.0,
GER-Bundesliga,2021,2021-03-14 RB Leipzig-Eintracht Frankfurt,Eintracht Frankfurt,Kevin Trapp,False,Goalkeeper,1,start,end,1.0,0.0,0.0,0.0,0.0,0.0,0.0,1.0,0.0,13.0,0.0,0.0,0.0,0.0,
GER-Bundesliga,2021,2021-03-14 RB Leipzig-Eintracht Frankfurt,RB Leipzig,Péter Gulácsi,True,Goalkeeper,1,start,end,1.0,0.0,0.0,0.0,0.0,0.0,0.0,1.0,0.0,4.0,0.0,0.0,0.0,0.0,
GER-Bundesliga,2021,2021-03-14 VfB Stuttgart-TSG Hoffenheim,TSG Hoffenheim,Oliver Baumann,False,Goalkeeper,1,start,end,1.0,0.0,0.0,0.0,0.0,0.0,0.0,1.0,0.0,6.0,0.0,0.0,0.0,0.0,
GER-Bundesliga,2021,2021-03-14 VfB Stuttgart-TSG Hoffenheim,VfB Stuttgart,Gregor Kobel,True,Goalkeeper,1,start,end,1.0,0.0,0.0,0.0,0.0,0.0,0.0,0.0,0.0,16.0,0.0,0.0,0.0,0.0,
GER-Bundesliga,2021,2021-03-19 Arminia Bielefeld-RB Leipzig,Arminia Bielefeld,Stefan Ortega,True,Goalkeeper,1,start,end,1.0,0.0,0.0,0.0,0.0,0.0,0.0,1.0,0.0,19.0,0.0,0.0,0.0,0.0,
GER-Bundesliga,2021,2021-03-19 Arminia Bielefeld-RB Leipzig,RB Leipzig,Péter Gulácsi,False,Goalkeeper,1,start,end,1.0,0.0,0.0,0.0,0.0,0.0,0.0,0.0,0.0,8.0,0.0,0.0,0.0,0.0,
GER-Bundesliga,2021,2021-03-20 Bayern Munich-VfB Stuttgart,Bayern Munich,Manuel Neuer,True,Goalkeeper,1,start,end,1.0,0.0,0.0,0.0,0.0,0.0,0.0,0.0,0.0,12.0,0.0,0.0,0.0,0.0,
GER-Bundesliga,2021,2021-03-20 Bayern Munich-VfB Stuttgart,VfB Stuttgart,Gregor Kobel,False,Goalkeeper,1,start,end,1.0,0.0,0.0,0.0,0.0,0.0,0.0,4.0,0.0,11.0,0.0,0.0,0.0,0.0,
GER-Bundesliga,2021,2021-03-20 Eintracht Frankfurt-1. FC Union Berlin,1. FC Union Berlin,Andreas Luthe,False,Goalkeeper,1,start,end,1.0,0.0,0.0,0.0,0.0,0.0,0.0,4.0,0.0,5.0,0.0,0.0,0.0,0.0,
GER-Bundesliga,2021,2021-03-20 Eintracht Frankfurt-1. FC Union Berlin,Eintracht Frankfurt,Kevin Trapp,True,Goalkeeper,1,start,end,1.0,0.0,1.0,0.0,0.0,0.0,0.0,2.0,0.0,23.0,0.0,0.0,0.0,0.0,
GER-Bundesliga,2021,2021-03-20 FC Cologne-Borussia Dortmund,Borussia Dortmund,Marwin Hitz,False,Goalkeeper,1,start,end,1.0,0.0,0.0,0.0,0.0,0.0,0.0,2.0,0.0,8.0,0.0,0.0,0.0,0.0,
GER-Bundesliga,2021,2021-03-20 FC Cologne-Borussia Dortmund,FC Cologne,Timo Horn,True,Goalkeeper,1,start,end,1.0,0.0,0.0,0.0,0.0,0.0,0.0,2.0,0.0,11.0,0.0,0.0,0.0,0.0,
GER-Bundesliga,2021,2021-03-20 Schalke 04-Borussia Mönchengladbach,Borussia Mönchengladbach,Yann Sommer,False,Goalkeeper,1,start,end,1.0,0.0,0.0,0.0,0.0,0.0,0.0,0.0,0.0,5.0,0.0,0.0,0.0,0.0,
GER-Bundesliga,2021,2021-03-20 Schalke 04-Borussia Mönchengladbach,Schalke 04,Frederik Ronnow,True,Goalkeeper,1,start,end,1.0,0.0,0.0,1.0,0.0,0.0,0.0,2.0,0.0,19.0,0.0,1.0,0.0,1.0,
GER-Bundesliga,2021,2021-03-20 Werder Bremen-VfL Wolfsburg,VfL Wolfsburg,Koen Casteels,False,Goalkeeper,1,start,end,1.0,0.0,0.0,0.0,0.0,0.0,0.0,1.0,0.0,9.0,0.0,0.0,0.0,0.0,
GER-Bundesliga,2021,2021-03-20 Werder Bremen-VfL Wolfsburg,Werder Bremen,Jirí Pavlenka,True,Goalkeeper,1,start,end,1.0,0.0,0.0,0.0,0.0,0.0,0.0,1.0,0.0,14.0,0.0,0.0,0.0,0.0,
GER-Bundesliga,2021,2021-03-21 Hertha Berlin-Bayer Leverkusen,Bayer Leverkusen,Lennart Grill,False,Goalkeeper,1,start,end,1.0,0.0,0.0,0.0,0.0,0.0,0.0,3.0,0.0,11.0,0.0,0.0,0.0,0.0,
GER-Bundesliga,2021,2021-03-21 Hertha Berlin-Bayer Leverkusen,Hertha Berlin,Rune Jarstein,True,Goalkeeper,1,start,end,1.0,0.0,1.0,0.0,0.0,0.0,0.0,0.0,0.0,12.0,0.0,0.0,0.0,0.0,
GER-Bundesliga,2021,2021-03-21 SC Freiburg-FC Augsburg,FC Augsburg,Rafal Gikiewicz,False,Goalkeeper,1,start,end,1.0,0.0,0.0,0.0,0.0,0.0,0.0,2.0,0.0,12.0,0.0,0.0,0.0,0.0,
GER-Bundesliga,2021,2021-03-21 SC Freiburg-FC Augsburg,SC Freiburg,Florian Müller,True,Goalkeeper,1,start,end,1.0,0.0,0.0,0.0,0.0,0.0,0.0,0.0,0.0,20.0,0.0,0.0,0.0,0.0,
GER-Bundesliga,2021,2021-03-21 TSG Hoffenheim-Mainz,Mainz,Robin Zentner,False,Goalkeeper,1,start,end,1.0,0.0,0.0,0.0,0.0,0.0,0.0,1.0,0.0,7.0,0.0,0.0,0.0,0.0,
GER-Bundesliga,2021,2021-03-21 TSG Hoffenheim-Mainz,TSG Hoffenheim,Oliver Baumann,True,Goalkeeper,1,start,end,1.0,0.0,0.0,0.0,0.0,0.0,0.0,2.0,0.0,14.0,0.0,0.0,0.0,0.0,
GER-Bundesliga,2021,2021-04-03 Bayer Leverkusen-Schalke 04,Bayer Leverkusen,Lukas Hradecky,True,Goalkeeper,1,start,end,1.0,0.0,0.0,0.0,0.0,0.0,0.0,1.0,0.0,5.0,0.0,0.0,0.0,0.0,
GER-Bundesliga,2021,2021-04-03 Bayer Leverkusen-Schalke 04,Schalke 04,Frederik Ronnow,False,Goalkeeper,1,start,end,1.0,0.0,0.0,0.0,0.0,0.0,0.0,2.0,0.0,6.0,0.0,0.0,0.0,0.0,
GER-Bundesliga,2021,2021-04-03 Borussia Dortmund-Eintracht Frankfurt,Borussia Dortmund,Marwin Hitz,True,Goalkeeper,1,start,end,1.0,0.0,0.0,0.0,0.0,0.0,0.0,1.0,0.0,13.0,0.0,0.0,0.0,0.0,
GER-Bundesliga,2021,2021-04-03 Borussia Dortmund-Eintracht Frankfurt,Eintracht Frankfurt,Kevin Trapp,False,Goalkeeper,1,start,end,1.0,0.0,0.0,0.0,0.0,0.0,0.0,1.0,0.0,18.0,0.0,0.0,0.0,0.0,
GER-Bundesliga,2021,2021-04-03 Borussia Mönchengladbach-SC Freiburg,Borussia Mönchengladbach,Yann Sommer,True,Goalkeeper,1,start,end,1.0,0.0,0.0,0.0,0.0,0.0,0.0,1.0,0.0,9.0,0.0,0.0,0.0,0.0,
GER-Bundesliga,2021,2021-04-03 Borussia Mönchengladbach-SC Freiburg,SC Freiburg,Florian Müller,False,Goalkeeper,1,start,end,1.0,0.0,0.0,0.0,0.0,0.0,0.0,2.0,0.0,18.0,0.0,0.0,0.0,0.0,
GER-Bundesliga,2021,2021-04-03 FC Augsburg-TSG Hoffenheim,FC Augsburg,Rafal Gikiewicz,True,Goalkeeper,1,start,end,1.0,0.0,0.0,0.0,0.0,0.0,0.0,1.0,0.0,14.0,0.0,0.0,0.0,0.0,
GER-Bundesliga,2021,2021-04-03 FC Augsburg-TSG Hoffenheim,TSG Hoffenheim,Oliver Baumann,False,Goalkeeper,1,start,end,1.0,0.0,0.0,0.0,0.0,0.0,0.0,2.0,0.0,5.0,0.0,0.0,0.0,0.0,
GER-Bundesliga,2021,2021-04-03 Mainz-Arminia Bielefeld,Arminia Bielefeld,Stefan Ortega,False,Goalkeeper,1,start,end,1.0,0.0,0.0,0.0,0.0,0.0,0.0,1.0,0.0,10.0,0.0,0.0,0.0,0.0,
GER-Bundesliga,2021,2021-04-03 Mainz-Arminia Bielefeld,Mainz,Robin Zentner,True,Goalkeeper,1,start,end,1.0,0.0,0.0,0.0,0.0,0.0,0.0,1.0,0.0,9.0,0.0,0.0,0.0,0.0,
GER-Bundesliga,2021,2021-04-03 RB Leipzig-Bayern Munich,Bayern Munich,Manuel Neuer,False,Goalkeeper,1,start,end,1.0,0.0,0.0,0.0,0.0,0.0,0.0,0.0,0.0,14.0,0.0,0.0,0.0,0.0,
GER-Bundesliga,2021,2021-04-03 RB Leipzig-Bayern Munich,RB Leipzig,Péter Gulácsi,True,Goalkeeper,1,start,end,1.0,0.0,0.0,0.0,0.0,0.0,0.0,1.0,0.0,8.0,0.0,0.0,0.0,0.0,
GER-Bundesliga,2021,2021-04-03 VfL Wolfsburg-FC Cologne,FC Cologne,Timo Horn,False,Goalkeeper,1,start,end,1.0,0.0,0.0,0.0,0.0,0.0,0.0,1.0,0.0,11.0,0.0,0.0,0.0,0.0,
GER-Bundesliga,2021,2021-04-03 VfL Wolfsburg-FC Cologne,VfL Wolfsburg,Koen Casteels,True,Goalkeeper,1,start,end,1.0,0.0,0.0,0.0,0.0,0.0,0.0,0.0,0.0,10.0,0.0,0.0,0.0,0.0,
GER-Bundesliga,2021,2021-04-04 1. FC Union Berlin-Hertha Berlin,1. FC Union Berlin,Andreas Luthe,True,Goalkeeper,1,start,end,1.0,0.0,0.0,0.0,0.0,0.0,0.0,1.0,0.0,3.0,0.0,0.0,0.0,0.0,
GER-Bundesliga,2021,2021-04-04 1. FC Union Berlin-Hertha Berlin,Hertha Berlin,Alexander Schwolow,False,Goalkeeper,1,start,end,1.0,0.0,0.0,0.0,0.0,0.0,0.0,1.0,0.0,13.0,0.0,0.0,0.0,0.0,
GER-Bundesliga,2021,2021-04-04 VfB Stuttgart-Werder Bremen,VfB Stuttgart,Gregor Kobel,True,Goalkeeper,1,start,end,1.0,0.0,0.0,0.0,0.0,0.0,0.0,0.0,0.0,10.0,0.0,0.0,0.0,0.0,
GER-Bundesliga,2021,2021-04-04 VfB Stuttgart-Werder Bremen,Werder Bremen,Jirí Pavlenka,False,Goalkeeper,1,start,end,1.0,0.0,0.0,0.0,0.0,0.0,0.0,0.0,0.0,15.0,0.0,0.0,0.0,0.0,
GER-Bundesliga,2021,2021-04-09 Arminia Bielefeld-SC Freiburg,Arminia Bielefeld,Stefan Ortega,True,Goalkeeper,1,start,end,1.0,0.0,0.0,0.0,0.0,0.0,0.0,0.0,0.0,10.0,0.0,0.0,0.0,0.0,
GER-Bundesliga,2021,2021-04-09 Arminia Bielefeld-SC Freiburg,SC Freiburg,Florian Müller,False,Goalkeeper,1,start,end,1.0,0.0,0.0,0.0,0.0,0.0,0.0,0.0,0.0,13.0,0.0,0.0,0.0,0.0,
GER-Bundesliga,2021,2021-04-10 Bayern Munich-1. FC Union Berlin,1. FC Union Berlin,Andreas Luthe,False,Goalkeeper,1,start,end,1.0,0.0,0.0,0.0,0.0,0.0,0.0,1.0,0.0,13.0,0.0,0.0,0.0,0.0,
GER-Bundesliga,2021,2021-04-10 Bayern Munich-1. FC Union Berlin,Bayern Munich,Manuel Neuer,True,Goalkeeper,1,start,end,1.0,0.0,0.0,0.0,0.0,0.0,0.0,1.0,0.0,7.0,0.0,0.0,0.0,0.0,
GER-Bundesliga,2021,2021-04-10 Eintracht Frankfurt-VfL Wolfsburg,Eintracht Frankfurt,Kevin Trapp,True,Goalkeeper,1,start,end,1.0,0.0,0.0,0.0,0.0,0.0,0.0,2.0,0.0,18.0,0.0,0.0,0.0,0.0,
GER-Bundesliga,2021,2021-04-10 Eintracht Frankfurt-VfL Wolfsburg,VfL Wolfsburg,Koen Casteels,False,Goalkeeper,1,start,end,1.0,0.0,0.0,0.0,0.0,0.0,0.0,4.0,0.0,4.0,0.0,0.0,0.0,0.0,
GER-Bundesliga,2021,2021-04-10 Hertha Berlin-Borussia Mönchengladbach,Borussia Mönchengladbach,Yann Sommer,False,Goalkeeper,1,start,end,1.0,1.0,0.0,0.0,1.0,0.0,0.0,2.0,0.0,21.0,0.0,0.0,0.0,0.0,
GER-Bundesliga,2021,2021-04-10 Hertha Berlin-Borussia Mönchengladbach,Hertha Berlin,Alexander Schwolow,True,Goalkeeper,1,start,end,1.0,0.0,0.0,0.0,0.0,0.0,0.0,2.0,0.0,5.0,0.0,0.0,0.0,0.0,
GER-Bundesliga,2021,2021-04-10 VfB Stuttgart-Borussia Dortmund,Borussia Dortmund,Marwin Hitz,False,Goalkeeper,1,start,end,1.0,0.0,0.0,0.0,0.0,0.0,1.0,2.0,0.0,12.0,0.0,0.0,0.0,0.0,
GER-Bundesliga,2021,2021-04-10 VfB Stuttgart-Borussia Dortmund,VfB Stuttgart,Gregor Kobel,True,Goalkeeper,1,start,end,1.0,0.0,0.0,0.0,0.0,0.0,0.0,3.0,0.0,14.0,0.0,0.0,0.0,0.0,
GER-Bundesliga,2021,2021-04-10 Werder Bremen-RB Leipzig,RB Leipzig,Péter Gulácsi,False,Goalkeeper,1,start,end,1.0,0.0,0.0,0.0,0.0,0.0,0.0,1.0,0.0,11.0,0.0,0.0,0.0,0.0,
GER-Bundesliga,2021,2021-04-10 Werder Bremen-RB Leipzig,Werder Bremen,Jirí Pavlenka,True,Goalkeeper,1,start,end,1.0,0.0,0.0,0.0,0.0,0.0,0.0,4.0,0.0,4.0,0.0,0.0,0.0,0.0,
GER-Bundesliga,2021,2021-04-11 FC Cologne-Mainz,FC Cologne,Timo Horn,True,Goalkeeper,1,start,end,1.0,0.0,0.0,0.0,0.0,0.0,0.0,3.0,0.0,6.0,0.0,0.0,0.0,0.0,
GER-Bundesliga,2021,2021-04-11 FC Cologne-Mainz,Mainz,Robin Zentner,False,Goalkeeper,1,start,end,1.0,0.0,0.0,0.0,0.0,0.0,0.0,2.0,0.0,21.0,0.0,0.0,0.0,0.0,
GER-Bundesliga,2021,2021-04-11 Schalke 04-FC Augsburg,FC Augsburg,Rafal Gikiewicz,False,Goalkeeper,1,start,end,1.0,0.0,0.0,0.0,0.0,0.0,0.0,1.0,0.0,6.0,0.0,0.0,0.0,0.0,
GER-Bundesliga,2021,2021-04-11 Schalke 04-FC Augsburg,Schalke 04,Ralf Fährmann,True,Goalkeeper,1,start,end,1.0,0.0,0.0,0.0,0.0,0.0,0.0,0.0,0.0,12.0,0.0,0.0,0.0,0.0,
GER-Bundesliga,2021,2021-04-12 TSG Hoffenheim-Bayer Leverkusen,Bayer Leverkusen,Lukas Hradecky,False,Goalkeeper,1,start,end,1.0,0.0,0.0,0.0,0.0,0.0,0.0,0.0,0.0,2.0,0.0,0.0,0.0,0.0,
GER-Bundesliga,2021,2021-04-12 TSG Hoffenheim-Bayer Leverkusen,TSG Hoffenheim,Oliver Baumann,True,Goalkeeper,1,start,end,1.0,0.0,0.0,0.0,0.0,0.0,0.0,0.0,0.0,5.0,0.0,0.0,0.0,0.0,
GER-Bundesliga,2021,2021-04-16 RB Leipzig-TSG Hoffenheim,RB Leipzig,Péter Gulácsi,True,Goalkeeper,1,start,end,1.0,0.0,0.0,0.0,0.0,0.0,0.0,0.0,0.0,5.0,0.0,0.0,0.0,0.0,
GER-Bundesliga,2021,2021-04-16 RB Leipzig-TSG Hoffenheim,TSG Hoffenheim,Oliver Baumann,False,Goalkeeper,1,start,end,1.0,0.0,0.0,0.0,0.0,0.0,0.0,0.0,0.0,14.0,0.0,0.0,0.0,0.0,
GER-Bundesliga,2021,2021-04-17 1. FC Union Berlin-VfB Stuttgart,1. FC Union Berlin,Andreas Luthe,True,Goalkeeper,1,start,end,1.0,0.0,0.0,0.0,0.0,0.0,0.0,1.0,0.0,8.0,0.0,0.0,0.0,0.0,
GER-Bundesliga,2021,2021-04-17 1. FC Union Berlin-VfB Stuttgart,VfB Stuttgart,Gregor Kobel,False,Goalkeeper,1,start,end,1.0,0.0,0.0,0.0,0.0,0.0,0.0,2.0,0.0,7.0,0.0,0.0,0.0,0.0,
GER-Bundesliga,2021,2021-04-17 Bayer Leverkusen-FC Cologne,Bayer Leverkusen,Lukas Hradecky,True,Goalkeeper,1,start,end,1.0,0.0,0.0,0.0,0.0,0.0,0.0,0.0,0.0,13.0,0.0,0.0,0.0,0.0,
GER-Bundesliga,2021,2021-04-17 Bayer Leverkusen-FC Cologne,FC Cologne,Timo Horn,False,Goalkeeper,1,start,end,1.0,0.0,0.0,0.0,0.0,0.0,0.0,3.0,0.0,5.0,0.0,0.0,0.0,0.0,
GER-Bundesliga,2021,2021-04-17 Borussia Mönchengladbach-Eintracht Frankfurt,Borussia Mönchengladbach,Tobias Sippel,True,Goalkeeper,1,start,end,1.0,0.0,0.0,0.0,0.0,0.0,0.0,0.0,0.0,15.0,0.0,0.0,0.0,0.0,
GER-Bundesliga,2021,2021-04-17 Borussia Mönchengladbach-Eintracht Frankfurt,Eintracht Frankfurt,Kevin Trapp,False,Goalkeeper,1,start,end,1.0,0.0,0.0,0.0,0.0,0.0,0.0,4.0,0.0,17.0,0.0,0.0,0.0,0.0,
GER-Bundesliga,2021,2021-04-17 FC Augsburg-Arminia Bielefeld,Arminia Bielefeld,Stefan Ortega,False,Goalkeeper,1,start,end,1.0,0.0,0.0,0.0,0.0,0.0,0.0,0.0,0.0,10.0,0.0,0.0,0.0,0.0,
GER-Bundesliga,2021,2021-04-17 FC Augsburg-Arminia Bielefeld,FC Augsburg,Rafal Gikiewicz,True,Goalkeeper,1,start,end,1.0,0.0,1.0,0.0,0.0,0.0,1.0,0.0,0.0,8.0,0.0,0.0,0.0,0.0,
GER-Bundesliga,2021,2021-04-17 SC Freiburg-Schalke 04,SC Freiburg,Florian Müller,True,Goalkeeper,1,start,end,1.0,0.0,0.0,0.0,0.0,0.0,0.0,0.0,0.0,4.0,0.0,0.0,0.0,0.0,
GER-Bundesliga,2021,2021-04-17 SC Freiburg-Schalke 04,Schalke 04,Ralf Fährmann,False,Goalkeeper,1,start,end,1.0,0.0,0.0,0.0,0.0,0.0,0.0,4.0,0.0,8.0,0.0,0.0,0.0,0.0,
GER-Bundesliga,2021,2021-04-17 VfL Wolfsburg-Bayern Munich,Bayern Munich,Manuel Neuer,False,Goalkeeper,1,start,end,1.0,0.0,0.0,0.0,0.0,0.0,0.0,2.0,0.0,6.0,0.0,0.0,0.0,0.0,
GER-Bundesliga,2021,2021-04-17 VfL Wolfsburg-Bayern Munich,VfL Wolfsburg,Koen Casteels,True,Goalkeeper,1,start,end,1.0,0.0,0.0,0.0,0.0,0.0,0.0,3.0,0.0,11.0,0.0,0.0,0.0,0.0,
GER-Bundesliga,2021,2021-04-18 Borussia Dortmund-Werder Bremen,Borussia Dortmund,Marwin Hitz,True,Goalkeeper,1,start,end,1.0,0.0,0.0,0.0,0.0,0.0,0.0,1.0,0.0,9.0,0.0,0.0,0.0,0.0,
GER-Bundesliga,2021,2021-04-18 Borussia Dortmund-Werder Bremen,Werder Bremen,Jirí Pavlenka,False,Goalkeeper,1,start,end,1.0,0.0,0.0,0.0,0.0,0.0,0.0,4.0,0.0,13.0,0.0,0.0,0.0,0.0,
GER-Bundesliga,2021,2021-04-20 Arminia Bielefeld-Schalke 04,Arminia Bielefeld,Stefan Ortega,True,Goalkeeper,1,start,end,1.0,0.0,0.0,0.0,0.0,0.0,0.0,0.0,0.0,5.0,0.0,0.0,0.0,0.0,
GER-Bundesliga,2021,2021-04-20 Arminia Bielefeld-Schalke 04,Schalke 04,Ralf Fährmann,False,Goalkeeper,1,start,end,1.0,0.0,0.0,0.0,0.0,0.0,0.0,1.0,0.0,13.0,0.0,0.0,0.0,0.0,
GER-Bundesliga,2021,2021-04-20 Bayern Munich-Bayer Leverkusen,Bayer Leverkusen,Lukas Hradecky,False,Goalkeeper,1,start,end,1.0,0.0,0.0,0.0,0.0,0.0,0.0,2.0,0.0,21.0,0.0,0.0,0.0,0.0,
GER-Bundesliga,2021,2021-04-20 Bayern Munich-Bayer Leverkusen,Bayern Munich,Manuel Neuer,True,Goalkeeper,1,start,end,1.0,0.0,0.0,0.0,0.0,0.0,0.0,0.0,0.0,7.0,0.0,0.0,0.0,0.0,
GER-Bundesliga,2021,2021-04-20 Eintracht Frankfurt-FC Augsburg,Eintracht Frankfurt,Kevin Trapp,True,Goalkeeper,1,start,end,1.0,0.0,0.0,0.0,0.0,0.0,0.0,0.0,0.0,13.0,0.0,0.0,0.0,0.0,
GER-Bundesliga,2021,2021-04-20 Eintracht Frankfurt-FC Augsburg,FC Augsburg,Rafal Gikiewicz,False,Goalkeeper,1,start,end,1.0,0.0,0.0,0.0,0.0,0.0,0.0,2.0,0.0,9.0,0.0,0.0,0.0,0.0,
GER-Bundesliga,2021,2021-04-20 FC Cologne-RB Leipzig,FC Cologne,Timo Horn,True,Goalkeeper,1,start,end,1.0,0.0,0.0,0.0,0.0,0.0,0.0,1.0,0.0,21.0,0.0,0.0,0.0,0.0,
GER-Bundesliga,2021,2021-04-20 FC Cologne-RB Leipzig,RB Leipzig,Péter Gulácsi,False,Goalkeeper,1,start,end,1.0,0.0,0.0,0.0,0.0,0.0,0.0,2.0,0.0,3.0,0.0,0.0,0.0,0.0,
GER-Bundesliga,2021,2021-04-21 Borussia Dortmund-1. FC Union Berlin,1. FC Union Berlin,Andreas Luthe,False,Goalkeeper,1,start,end,1.0,1.0,0.0,0.0,0.0,0.0,0.0,2.0,0.0,17.0,0.0,0.0,0.0,0.0,
GER-Bundesliga,2021,2021-04-21 Borussia Dortmund-1. FC Union Berlin,Borussia Dortmund,Marwin Hitz,True,Goalkeeper,1,start,end,1.0,0.0,1.0,0.0,0.0,0.0,0.0,0.0,0.0,5.0,0.0,0.0,0.0,0.0,
GER-Bundesliga,2021,2021-04-21 TSG Hoffenheim-Borussia Mönchengladbach,Borussia Mönchengladbach,Tobias Sippel,False,Goalkeeper,1,start,end,1.0,0.0,0.0,0.0,0.0,0.0,0.0,3.0,0.0,14.0,0.0,0.0,0.0,0.0,
GER-Bundesliga,2021,2021-04-21 TSG Hoffenheim-Borussia Mönchengladbach,TSG Hoffenheim,Oliver Baumann,True,Goalkeeper,1,start,end,1.0,0.0,0.0,0.0,0.0,0.0,0.0,2.0,0.0,4.0,0.0,0.0,0.0,0.0,
GER-Bundesliga,2021,2021-04-21 VfB Stuttgart-VfL Wolfsburg,VfB Stuttgart,Gregor Kobel,True,Goalkeeper,1,start,end,1.0,0.0,0.0,0.0,0.0,0.0,0.0,3.0,0.0,10.0,0.0,0.0,0.0,0.0,
GER-Bundesliga,2021,2021-04-21 VfB Stuttgart-VfL Wolfsburg,VfL Wolfsburg,Koen Casteels,False,Goalkeeper,1,start,end,1.0,0.0,0.0,0.0,0.0,0.0,0.0,1.0,0.0,8.0,0.0,0.0,0.0,0.0,
GER-Bundesliga,2021,2021-04-21 Werder Bremen-Mainz,Mainz,Robin Zentner,False,Goalkeeper,1,start,end,1.0,0.0,1.0,0.0,0.0,0.0,1.0,0.0,0.0,19.0,0.0,0.0,0.0,0.0,
GER-Bundesliga,2021,2021-04-21 Werder Bremen-Mainz,Werder Bremen,Jirí Pavlenka,True,Goalkeeper,1,start,end,1.0,0.0,0.0,0.0,0.0,0.0,0.0,1.0,0.0,13.0,0.0,0.0,0.0,0.0,
GER-Bundesliga,2021,2021-04-23 FC Augsburg-FC Cologne,FC Augsburg,Rafal Gikiewicz,True,Goalkeeper,1,start,end,1.0,0.0,0.0,0.0,0.0,0.0,0.0,3.0,0.0,12.0,0.0,0.0,0.0,0.0,
GER-Bundesliga,2021,2021-04-23 FC Augsburg-FC Cologne,FC Cologne,Timo Horn,False,Goalkeeper,1,start,end,1.0,0.0,0.0,0.0,0.0,0.0,0.0,2.0,0.0,11.0,0.0,0.0,0.0,0.0,
GER-Bundesliga,2021,2021-04-24 1. FC Union Berlin-Werder Bremen,1. FC Union Berlin,Andreas Luthe,True,Goalkeeper,1,start,end,1.0,0.0,0.0,0.0,0.0,0.0,0.0,1.0,0.0,8.0,0.0,0.0,0.0,0.0,
GER-Bundesliga,2021,2021-04-24 1. FC Union Berlin-Werder Bremen,Werder Bremen,Jirí Pavlenka,False,Goalkeeper,1,start,end,1.0,0.0,0.0,0.0,0.0,0.0,0.0,3.0,0.0,13.0,0.0,0.0,0.0,0.0,
GER-Bundesliga,2021,2021-04-24 Bayer Leverkusen-Eintracht Frankfurt,Bayer Leverkusen,Lukas Hradecky,True,Goalkeeper,1,start,end,1.0,0.0,0.0,0.0,0.0,0.0,0.0,1.0,0.0,13.0,0.0,0.0,0.0,0.0,
GER-Bundesliga,2021,2021-04-24 Bayer Leverkusen-Eintracht Frankfurt,Eintracht Frankfurt,Kevin Trapp,False,Goalkeeper,1,start,end,1.0,0.0,0.0,0.0,0.0,0.0,0.0,3.0,0.0,16.0,0.0,0.0,0.0,0.0,
GER-Bundesliga,2021,2021-04-24 Mainz-Bayern Munich,Bayern Munich,Manuel Neuer,False,Goalkeeper,1,start,end,1.0,0.0,0.0,0.0,0.0,0.0,0.0,2.0,0.0,4.0,0.0,0.0,0.0,0.0,
GER-Bundesliga,2021,2021-04-24 Mainz-Bayern Munich,Mainz,Robin Zentner,True,Goalkeeper,1,start,end,1.0,0.0,1.0,0.0,0.0,0.0,0.0,1.0,0.0,12.0,0.0,0.0,0.0,0.0,
GER-Bundesliga,2021,2021-04-24 SC Freiburg-TSG Hoffenheim,SC Freiburg,Florian Müller,True,Goalkeeper,1,start,end,1.0,0.0,0.0,0.0,0.0,0.0,0.0,1.0,0.0,15.0,0.0,0.0,0.0,0.0,
GER-Bundesliga,2021,2021-04-24 SC Freiburg-TSG Hoffenheim,TSG Hoffenheim,Oliver Baumann,False,Goalkeeper,1,start,end,1.0,0.0,1.0,0.0,0.0,0.0,0.0,1.0,0.0,12.0,0.0,0.0,0.0,0.0,
GER-Bundesliga,2021,2021-04-24 VfL Wolfsburg-Borussia Dortmund,Borussia Dortmund,Marwin Hitz,False,Goalkeeper,1,start,end,1.0,0.0,0.0,0.0,0.0,0.0,0.0,0.0,0.0,20.0,0.0,0.0,0.0,0.0,
GER-Bundesliga,2021,2021-04-24 VfL Wolfsburg-Borussia Dortmund,VfL Wolfsburg,Koen Casteels,True,Goalkeeper,1,start,end,1.0,0.0,0.0,0.0,0.0,0.0,0.0,2.0,0.0,6.0,0.0,0.0,0.0,0.0,
GER-Bundesliga,2021,2021-04-25 Borussia Mönchengladbach-Arminia Bielefeld,Arminia Bielefeld,Stefan Ortega,False,Goalkeeper,1,start,end,1.0,0.0,0.0,0.0,0.0,0.0,0.0,5.0,0.0,15.0,0.0,0.0,0.0,0.0,
GER-Bundesliga,2021,2021-04-25 Borussia Mönchengladbach-Arminia Bielefeld,Borussia Mönchengladbach,Yann Sommer,True,Goalkeeper,1,start,end,1.0,0.0,0.0,0.0,0.0,0.0,0.0,0.0,0.0,9.0,0.0,0.0,0.0,0.0,
GER-Bundesliga,2021,2021-04-25 RB Leipzig-VfB Stuttgart,RB Leipzig,Péter Gulácsi,True,Goalkeeper,1,start,end,1.0,0.0,0.0,0.0,0.0,0.0,0.0,0.0,0.0,1.0,0.0,0.0,0.0,0.0,
GER-Bundesliga,2021,2021-04-25 RB Leipzig-VfB Stuttgart,VfB Stuttgart,Gregor Kobel,False,Goalkeeper,1,start,end,1.0,0.0,2.0,0.0,0.0,0.0,0.0,2.0,0.0,22.0,0.0,0.0,0.0,0.0,
GER-Bundesliga,2021,2021-05-03 Mainz-Hertha Berlin,Hertha Berlin,Alexander Schwolow,False,Goalkeeper,1,start,end,1.0,0.0,0.0,0.0,0.0,0.0,0.0,1.0,0.0,15.0,0.0,0.0,0.0,0.0,
GER-Bundesliga,2021,2021-05-03 Mainz-Hertha Berlin,Mainz,Robin Zentner,True,Goalkeeper,1,start,end,1.0,0.0,0.0,0.0,0.0,0.0,0.0,1.0,0.0,6.0,0.0,0.0,0.0,0.0,
GER-Bundesliga,2021,2021-05-06 Hertha Berlin-SC Freiburg,Hertha Berlin,Alexander Schwolow,True,Goalkeeper,1,start,end,1.0,0.0,1.0,0.0,0.0,0.0,0.0,0.0,0.0,13.0,0.0,0.0,0.0,0.0,
GER-Bundesliga,2021,2021-05-06 Hertha Berlin-SC Freiburg,SC Freiburg,Florian Müller,False,Goalkeeper,1,start,end,1.0,0.0,0.0,0.0,0.0,0.0,0.0,3.0,0.0,9.0,0.0,0.0,0.0,0.0,
GER-Bundesliga,2021,2021-05-07 VfB Stuttgart-FC Augsburg,FC Augsburg,Rafal Gikiewicz,False,Goalkeeper,1,start,end,1.0,0.0,0.0,0.0,0.0,0.0,0.0,2.0,0.0,14.0,0.0,0.0,0.0,0.0,
GER-Bundesliga,2021,2021-05-07 VfB Stuttgart-FC Augsburg,VfB Stuttgart,Fabian Bredlow,True,Goalkeeper,1,start,end,1.0,0.0,0.0,0.0,0.0,0.0,0.0,1.0,0.0,20.0,0.0,0.0,0.0,0.0,
GER-Bundesliga,2021,2021-05-08 Bayern Munich-Borussia Mönchengladbach,Bayern Munich,Manuel Neuer,True,Goalkeeper,1,start,end,1.0,0.0,0.0,0.0,0.0,0.0,0.0,0.0,0.0,14.0,0.0,0.0,0.0,0.0,
GER-Bundesliga,2021,2021-05-08 Bayern Munich-Borussia Mönchengladbach,Borussia Mönchengladbach,Yann Sommer,False,Goalkeeper,1,start,end,1.0,0.0,0.0,0.0,0.0,0.0,0.0,6.0,0.0,15.0,0.0,0.0,0.0,0.0,
GER-Bundesliga,2021,2021-05-08 Borussia Dortmund-RB Leipzig,Borussia Dortmund,Marwin Hitz,True,Goalkeeper,1,start,45,1.0,0.0,0.0,0.0,0.0,0.0,0.0,0.0,0.0,4.0,0.0,0.0,0.0,0.0,
GER-Bundesliga,2021,2021-05-08 Borussia Dortmund-RB Leipzig,RB Leipzig,Péter Gulácsi,False,Goalkeeper,1,start,end,1.0,0.0,0.0,0.0,0.0,0.0,0.0,3.0,0.0,12.0,0.0,0.0,0.0,0.0,
GER-Bundesliga,2021,2021-05-08 TSG Hoffenheim-Schalke 04,Schalke 04,Ralf Fährmann,False,Goalkeeper,1,start,end,1.0,0.0,0.0,0.0,0.0,0.0,0.0,4.0,0.0,17.0,0.0,0.0,0.0,0.0,
GER-Bundesliga,2021,2021-05-08 TSG Hoffenheim-Schalke 04,TSG Hoffenheim,Oliver Baumann,True,Goalkeeper,1,start,end,1.0,0.0,0.0,0.0,0.0,0.0,0.0,2.0,0.0,4.0,0.0,0.0,0.0,0.0,
GER-Bundesliga,2021,2021-05-08 VfL Wolfsburg-1. FC Union Berlin,1. FC Union Berlin,Andreas Luthe,False,Goalkeeper,1,start,end,1.0,0.0,0.0,0.0,0.0,0.0,0.0,3.0,0.0,14.0,0.0,0.0,0.0,0.0,
GER-Bundesliga,2021,2021-05-08 VfL Wolfsburg-1. FC Union Berlin,VfL Wolfsburg,Koen Casteels,True,Goalkeeper,1,start,end,1.0,0.0,0.0,0.0,0.0,0.0,0.0,0.0,0.0,9.0,0.0,0.0,0.0,0.0,
GER-Bundesliga,2021,2021-05-08 Werder Bremen-Bayer Leverkusen,Bayer Leverkusen,Lukas Hradecky,False,Goalkeeper,1,start,end,1.0,0.0,0.0,0.0,0.0,0.0,0.0,0.0,0.0,11.0,0.0,0.0,0.0,0.0,
GER-Bundesliga,2021,2021-05-08 Werder Bremen-Bayer Leverkusen,Werder Bremen,Jirí Pavlenka,True,Goalkeeper,1,start,end,1.0,0.0,0.0,0.0,0.0,0.0,0.0,0.0,0.0,14.0,0.0,0.0,0.0,0.0,
GER-Bundesliga,2021,2021-05-09 Eintracht Frankfurt-Mainz,Eintracht Frankfurt,Kevin Trapp,True,Goalkeeper,1,start,end,1.0,0.0,0.0,0.0,0.0,0.0,0.0,1.0,0.0,5.0,0.0,0.0,0.0,0.0,
GER-Bundesliga,2021,2021-05-09 Eintracht Frankfurt-Mainz,Mainz,Robin Zentner,False,Goalkeeper,1,start,end,1.0,0.0,0.0,0.0,0.0,0.0,0.0,1.0,0.0,12.0,0.0,0.0,0.0,0.0,
GER-Bundesliga,2021,2021-05-09 FC Cologne-SC Freiburg,FC Cologne,Timo Horn,True,Goalkeeper,1,start,end,1.0,0.0,0.0,0.0,0.0,0.0,0.0,4.0,0.0,6.0,0.0,0.0,0.0,0.0,
GER-Bundesliga,2021,2021-05-09 FC Cologne-SC Freiburg,SC Freiburg,Mark Flekken,False,Goalkeeper,1,start,end,1.0,0.0,0.0,0.0,0.0,0.0,0.0,1.0,0.0,16.0,0.0,0.0,0.0,0.0,
GER-Bundesliga,2021,2021-05-09 Hertha Berlin-Arminia Bielefeld,Arminia Bielefeld,Stefan Ortega,False,Goalkeeper,1,start,end,1.0,0.0,0.0,0.0,0.0,0.0,0.0,0.0,0.0,10.0,0.0,0.0,0.0,0.0,
GER-Bundesliga,2021,2021-05-09 Hertha Berlin-Arminia Bielefeld,Hertha Berlin,Alexander Schwolow,True,Goalkeeper,1,start,end,1.0,0.0,0.0,0.0,0.0,0.0,0.0,0.0,0.0,11.0,0.0,0.0,0.0,0.0,
GER-Bundesliga,2021,2021-05-12 Schalke 04-Hertha Berlin,Hertha Berlin,Alexander Schwolow,False,Goalkeeper,1,start,end,1.0,0.0,0.0,0.0,0.0,0.0,0.0,1.0,0.0,11.0,0.0,0.0,0.0,0.0,
GER-Bundesliga,2021,2021-05-12 Schalke 04-Hertha Berlin,Schalke 04,Ralf Fährmann,True,Goalkeeper,1,start,end,1.0,0.0,0.0,0.0,0.0,0.0,0.0,2.0,0.0,14.0,0.0,0.0,0.0,0.0,
GER-Bundesliga,2021,2021-05-15 Arminia Bielefeld-TSG Hoffenheim,Arminia Bielefeld,Stefan Ortega,True,Goalkeeper,1,start,end,1.0,0.0,0.0,0.0,0.0,0.0,0.0,1.0,0.0,6.0,0.0,0.0,0.0,0.0,
GER-Bundesliga,2021,2021-05-15 Arminia Bielefeld-TSG Hoffenheim,TSG Hoffenheim,Philipp Pentke,False,Goalkeeper,1,start,end,1.0,0.0,0.0,0.0,0.0,0.0,0.0,1.0,0.0,17.0,0.0,0.0,0.0,0.0,
GER-Bundesliga,2021,2021-05-15 Bayer Leverkusen-1. FC Union Berlin,1. FC Union Berlin,Andreas Luthe,False,Goalkeeper,1,start,end,1.0,0.0,0.0,0.0,0.0,0.0,0.0,1.0,0.0,8.0,0.0,0.0,0.0,0.0,
GER-Bundesliga,2021,2021-05-15 Bayer Leverkusen-1. FC Union Berlin,Bayer Leverkusen,Lukas Hradecky,True,Goalkeeper,1,start,end,1.0,0.0,0.0,0.0,0.0,0.0,0.0,1.0,0.0,12.0,0.0,0.0,0.0,0.0,
GER-Bundesliga,2021,2021-05-15 Borussia Mönchengladbach-VfB Stuttgart,Borussia Mönchengladbach,Yann Sommer,True,Goalkeeper,1,start,end,1.0,0.0,0.0,0.0,0.0,0.0,0.0,2.0,0.0,9.0,0.0,0.0,0.0,0.0,
GER-Bundesliga,2021,2021-05-15 Borussia Mönchengladbach-VfB Stuttgart,VfB Stuttgart,Gregor Kobel,False,Goalkeeper,1,start,end,1.0,0.0,1.0,0.0,0.0,0.0,0.0,1.0,0.0,8.0,0.0,0.0,0.0,0.0,
GER-Bundesliga,2021,2021-05-15 FC Augsburg-Werder Bremen,FC Augsburg,Rafal Gikiewicz,True,Goalkeeper,1,start,end,1.0,0.0,0.0,0.0,0.0,0.0,1.0,0.0,0.0,15.0,0.0,0.0,0.0,0.0,
GER-Bundesliga,2021,2021-05-15 FC Augsburg-Werder Bremen,Werder Bremen,Jirí Pavlenka,False,Goalkeeper,1,start,end,1.0,0.0,0.0,0.0,0.0,0.0,0.0,2.0,0.0,10.0,0.0,0.0,0.0,0.0,
GER-Bundesliga,2021,2021-05-15 Hertha Berlin-FC Cologne,FC Cologne,Timo Horn,False,Goalkeeper,1,start,end,1.0,0.0,0.0,0.0,0.0,0.0,0.0,0.0,0.0,1.0,0.0,0.0,0.0,0.0,
GER-Bundesliga,2021,2021-05-15 Hertha Berlin-FC Cologne,Hertha Berlin,Alexander Schwolow,True,Goalkeeper,1,start,end,1.0,0.0,0.0,0.0,0.0,0.0,0.0,0.0,0.0,11.0,0.0,0.0,0.0,0.0,
GER-Bundesliga,2021,2021-05-15 SC Freiburg-Bayern Munich,Bayern Munich,Alexander Nübel,False,Goalkeeper,1,start,end,1.0,0.0,0.0,0.0,0.0,0.0,0.0,2.0,0.0,12.0,0.0,0.0,0.0,0.0,
GER-Bundesliga,2021,2021-05-15 SC Freiburg-Bayern Munich,SC Freiburg,Mark Flekken,True,Goalkeeper,1,start,end,1.0,0.0,0.0,0.0,0.0,0.0,0.0,2.0,0.0,14.0,0.0,0.0,0.0,0.0,
GER-Bundesliga,2021,2021-05-15 Schalke 04-Eintracht Frankfurt,Eintracht Frankfurt,Kevin Trapp,False,Goalkeeper,1,start,end,1.0,0.0,0.0,0.0,0.0,0.0,0.0,4.0,0.0,6.0,0.0,0.0,0.0,0.0,
GER-Bundesliga,2021,2021-05-15 Schalke 04-Eintracht Frankfurt,Schalke 04,Ralf Fährmann,True,Goalkeeper,1,start,end,1.0,0.0,0.0,0.0,0.0,0.0,0.0,3.0,0.0,20.0,0.0,0.0,0.0,0.0,
GER-Bundesliga,2021,2021-05-16 Mainz-Borussia Dortmund,Borussia Dortmund,Roman Bürki,False,Goalkeeper,1,start,end,1.0,0.0,0.0,0.0,0.0,0.0,0.0,1.0,0.0,9.0,0.0,0.0,0.0,0.0,
GER-Bundesliga,2021,2021-05-16 Mainz-Borussia Dortmund,Mainz,Finn Dahmen,True,Goalkeeper,1,start,end,1.0,0.0,1.0,0.0,0.0,0.0,0.0,3.0,0.0,10.0,0.0,0.0,0.0,0.0,
GER-Bundesliga,2021,2021-05-16 RB Leipzig-VfL Wolfsburg,RB Leipzig,Péter Gulácsi,True,Goalkeeper,1,start,end,1.0,0.0,0.0,0.0,0.0,0.0,0.0,2.0,0.0,11.0,0.0,0.0,0.0,0.0,
GER-Bundesliga,2021,2021-05-16 RB Leipzig-VfL Wolfsburg,VfL Wolfsburg,Koen Casteels,False,Goalkeeper,1,start,end,1.0,0.0,0.0,0.0,0.0,0.0,0.0,2.0,0.0,10.0,0.0,0.0,0.0,0.0,
GER-Bundesliga,2021,2021-05-22 1. FC Union Berlin-RB Leipzig,1. FC Union Berlin,Andreas Luthe,True,Goalkeeper,1,start,end,1.0,0.0,0.0,0.0,0.0,0.0,0.0,1.0,0.0,18.0,0.0,0.0,0.0,0.0,
GER-Bundesliga,2021,2021-05-22 1. FC Union Berlin-RB Leipzig,RB Leipzig,Josep Martínez,False,Goalkeeper,1,start,end,1.0,0.0,0.0,0.0,0.0,0.0,0.0,2.0,0.0,8.0,0.0,0.0,0.0,0.0,
GER-Bundesliga,2021,2021-05-22 Bayern Munich-FC Augsburg,Bayern Munich,Manuel Neuer,True,Goalkeeper,1,start,end,1.0,0.0,0.0,0.0,0.0,0.0,0.0,2.0,0.0,6.0,0.0,0.0,0.0,0.0,
GER-Bundesliga,2021,2021-05-22 Bayern Munich-FC Augsburg,FC Augsburg,Rafal Gikiewicz,False,Goalkeeper,1,start,end,1.0,0.0,0.0,0.0,0.0,0.0,0.0,4.0,0.0,22.0,0.0,0.0,0.0,0.0,
GER-Bundesliga,2021,2021-05-22 Borussia Dortmund-Bayer Leverkusen,Bayer Leverkusen,Lukas Hradecky,False,Goalkeeper,1,start,end,1.0,0.0,0.0,0.0,0.0,0.0,0.0,3.0,0.0,6.0,0.0,0.0,0.0,0.0,
GER-Bundesliga,2021,2021-05-22 Borussia Dortmund-Bayer Leverkusen,Borussia Dortmund,Roman Bürki,True,Goalkeeper,1,start,end,1.0,0.0,0.0,0.0,0.0,0.0,0.0,1.0,0.0,15.0,0.0,0.0,0.0,0.0,
GER-Bundesliga,2021,2021-05-22 Eintracht Frankfurt-SC Freiburg,Eintracht Frankfurt,Elias Bördner,True,Goalkeeper,1,start,end,1.0,0.0,0.0,0.0,0.0,0.0,0.0,1.0,0.0,10.0,0.0,0.0,0.0,0.0,
GER-Bundesliga,2021,2021-05-22 Eintracht Frankfurt-SC Freiburg,SC Freiburg,Mark Flekken,False,Goalkeeper,1,start,end,1.0,0.0,0.0,0.0,0.0,0.0,0.0,3.0,0.0,14.0,0.0,0.0,0.0,0.0,
GER-Bundesliga,2021,2021-05-22 FC Cologne-Schalke 04,FC Cologne,Timo Horn,True,Goalkeeper,1,start,end,1.0,0.0,0.0,0.0,0.0,0.0,0.0,0.0,0.0,6.0,0.0,0.0,0.0,0.0,
GER-Bundesliga,2021,2021-05-22 FC Cologne-Schalke 04,Schalke 04,Ralf Fährmann,False,Goalkeeper,1,start,end,1.0,0.0,0.0,0.0,0.0,0.0,0.0,1.0,0.0,18.0,0.0,0.0,0.0,1.0,
GER-Bundesliga,2021,2021-05-22 TSG Hoffenheim-Hertha Berlin,Hertha Berlin,Alexander Schwolow,False,Goalkeeper,1,start,end,1.0,0.0,1.0,0.0,0.0,0.0,0.0,2.0,0.0,19.0,0.0,0.0,0.0,0.0,
GER-Bundesliga,2021,2021-05-22 TSG Hoffenheim-Hertha Berlin,TSG Hoffenheim,Philipp Pentke,True,Goalkeeper,1,start,end,1.0,0.0,0.0,0.0,0.0,0.0,0.0,1.0,0.0,8.0,0.0,0.0,0.0,0.0,
GER-Bundesliga,2021,2021-05-22 VfB Stuttgart-Arminia Bielefeld,Arminia Bielefeld,Stefan Ortega,False,Goalkeeper,1,start,end,1.0,0.0,2.0,0.0,0.0,0.0,0.0,0.0,0.0,12.0,0.0,0.0,0.0,0.0,
GER-Bundesliga,2021,2021-05-22 VfB Stuttgart-Arminia Bielefeld,VfB Stuttgart,Gregor Kobel,True,Goalkeeper,1,start,end,1.0,0.0,0.0,0.0,0.0,0.0,0.0,2.0,0.0,7.0,0.0,0.0,0.0,0.0,
GER-Bundesliga,2021,2021-05-22 VfL Wolfsburg-Mainz,Mainz,Finn Dahmen,False,Goalkeeper,1,start,end,1.0,0.0,1.0,0.0,0.0,0.0,0.0,2.0,0.0,14.0,0.0,0.0,0.0,0.0,
GER-Bundesliga,2021,2021-05-22 VfL Wolfsburg-Mainz,VfL Wolfsburg,Pavao Pervan,True,Goalkeeper,1,start,end,1.0,0.0,0.0,0.0,0.0,0.0,0.0,3.0,0.0,13.0,0.0,0.0,0.0,0.0,
GER-Bundesliga,2021,2021-05-22 Werder Bremen-Borussia Mönchengladbach,Borussia Mönchengladbach,Yann Sommer,False,Goalkeeper,1,start,end,1.0,0.0,0.0,0.0,0.0,0.0,0.0,2.0,0.0,14.0,0.0,0.0,0.0,0.0,
GER-Bundesliga,2021,2021-05-22 Werder Bremen-Borussia Mönchengladbach,Werder Bremen,Jirí Pavlenka,True,Goalkeeper,1,start,end,1.0,0.0,0.0,0.0,0.0,0.0,0.0,4.0,0.0,12.0,0.0,0.0,0.0,0.0,
