league,season,game,team,player,is_home,position,formation_place,sub_in,sub_out,appearances,fouls_committed,fouls_suffered,own_goals,red_cards,sub_ins,yellow_cards,goals_conceded,saves,shots_faced,goal_assists,shots_on_target,total_goals,total_shots,offsides
FRA-Ligue 1,2021,2020-08-21 Bordeaux-Nantes,Bordeaux,Benoit Costil,True,Goalkeeper,1,start,end,1.0,0.0,0.0,0.0,0.0,0.0,0.0,0.0,1.0,0.0,0.0,0.0,0.0,0.0,
FRA-Ligue 1,2021,2020-08-21 Bordeaux-Nantes,Nantes,Alban Lafont,False,Goalkeeper,1,start,end,1.0,0.0,1.0,0.0,0.0,0.0,0.0,0.0,1.0,0.0,0.0,0.0,0.0,0.0,
FRA-Ligue 1,2021,2020-08-22 Dijon FCO-Angers,Angers,Paul Bernardoni,False,Goalkeeper,1,start,end,1.0,0.0,0.0,0.0,0.0,0.0,0.0,0.0,1.0,0.0,0.0,0.0,0.0,0.0,
FRA-Ligue 1,2021,2020-08-22 Dijon FCO-Angers,Dijon FCO,Alfred Gomis,True,Goalkeeper,1,start,end,1.0,0.0,0.0,0.0,0.0,0.0,0.0,1.0,3.0,0.0,0.0,0.0,0.0,0.0,
FRA-Ligue 1,2021,2020-08-22 Lille-Stade Rennais,Lille,Mike Maignan,True,Goalkeeper,1,start,end,1.0,0.0,0.0,0.0,0.0,0.0,0.0,1.0,1.0,0.0,0.0,0.0,0.0,0.0,
FRA-Ligue 1,2021,2020-08-22 Lille-Stade Rennais,Stade Rennais,Édouard Mendy,False,Goalkeeper,1,start,end,1.0,0.0,0.0,0.0,0.0,0.0,0.0,1.0,0.0,0.0,0.0,0.0,0.0,0.0,
FRA-Ligue 1,2021,2020-08-23 AS Monaco-Stade de Reims,AS Monaco,Benjamin Lecomte,True,Goalkeeper,1,start,end,1.0,0.0,0.0,0.0,0.0,0.0,0.0,2.0,1.0,0.0,0.0,0.0,0.0,0.0,
FRA-Ligue 1,2021,2020-08-23 AS Monaco-Stade de Reims,Stade de Reims,Predrag Rajkovic,False,Goalkeeper,1,start,end,1.0,0.0,0.0,0.0,0.0,0.0,0.0,2.0,3.0,0.0,0.0,0.0,0.0,0.0,
FRA-Ligue 1,2021,2020-08-23 Lorient-Strasbourg,Lorient,Paul Nardi,True,Goalkeeper,1,start,end,1.0,0.0,0.0,0.0,0.0,0.0,0.0,1.0,0.0,0.0,0.0,0.0,0.0,0.0,
FRA-Ligue 1,2021,2020-08-23 Lorient-Strasbourg,Strasbourg,Eiji Kawashima,False,Goalkeeper,1,start,end,1.0,0.0,0.0,0.0,0.0,0.0,0.0,3.0,4.0,0.0,0.0,0.0,0.0,0.0,
FRA-Ligue 1,2021,2020-08-23 Nice-Lens,Lens,Jean-Louis Leca,False,Goalkeeper,1,start,end,1.0,0.0,0.0,0.0,0.0,0.0,0.0,2.0,0.0,0.0,0.0,0.0,0.0,0.0,
FRA-Ligue 1,2021,2020-08-23 Nice-Lens,Nice,Walter Benítez,True,Goalkeeper,1,start,end,1.0,0.0,0.0,0.0,0.0,0.0,0.0,1.0,4.0,0.0,0.0,0.0,0.0,0.0,
FRA-Ligue 1,2021,2020-08-23 Nimes-Brest,Brest,Gautier Larsonneur,False,Goalkeeper,1,start,end,1.0,0.0,1.0,0.0,0.0,0.0,0.0,4.0,1.0,0.0,0.0,0.0,0.0,0.0,
FRA-Ligue 1,2021,2020-08-23 Nimes-Brest,Nimes,Baptiste Reynet,True,Goalkeeper,1,start,end,1.0,0.0,0.0,0.0,0.0,0.0,0.0,0.0,3.0,0.0,0.0,0.0,0.0,0.0,
FRA-Ligue 1,2021,2020-08-28 Lyon-Dijon FCO,Dijon FCO,Alfred Gomis,False,Goalkeeper,1,start,end,1.0,0.0,0.0,0.0,0.0,0.0,0.0,4.0,9.0,0.0,0.0,0.0,0.0,0.0,
FRA-Ligue 1,2021,2020-08-28 Lyon-Dijon FCO,Lyon,Anthony Lopes,True,Goalkeeper,1,start,end,1.0,0.0,0.0,0.0,0.0,0.0,0.0,1.0,1.0,0.0,0.0,0.0,0.0,0.0,
FRA-Ligue 1,2021,2020-08-29 Stade Rennais-Montpellier,Montpellier,Jonas Omlin,False,Goalkeeper,1,start,end,1.0,0.0,0.0,0.0,0.0,0.0,0.0,2.0,6.0,0.0,0.0,0.0,0.0,0.0,
FRA-Ligue 1,2021,2020-08-29 Stade Rennais-Montpellier,Stade Rennais,Romain Salin,True,Goalkeeper,1,start,end,1.0,0.0,0.0,0.0,0.0,0.0,0.0,1.0,2.0,0.0,0.0,0.0,0.0,0.0,
FRA-Ligue 1,2021,2020-08-29 Strasbourg-Nice,Nice,Walter Benítez,False,Goalkeeper,1,start,end,1.0,0.0,0.0,0.0,0.0,0.0,0.0,0.0,0.0,0.0,0.0,0.0,0.0,0.0,
FRA-Ligue 1,2021,2020-08-29 Strasbourg-Nice,Strasbourg,Eiji Kawashima,True,Goalkeeper,1,start,end,1.0,0.0,0.0,0.0,0.0,0.0,0.0,2.0,0.0,0.0,0.0,0.0,0.0,0.0,
FRA-Ligue 1,2021,2020-08-30 Angers-Bordeaux,Angers,Paul Bernardoni,True,Goalkeeper,1,start,end,1.0,0.0,0.0,0.0,0.0,0.0,0.0,2.0,5.0,0.0,0.0,0.0,0.0,0.0,
FRA-Ligue 1,2021,2020-08-30 Angers-Bordeaux,Bordeaux,Benoit Costil,False,Goalkeeper,1,start,end,1.0,0.0,0.0,0.0,0.0,0.0,0.0,0.0,2.0,0.0,0.0,0.0,0.0,0.0,
FRA-Ligue 1,2021,2020-08-30 Brest-Marseille,Brest,Gautier Larsonneur,True,Goalkeeper,1,start,end,1.0,0.0,0.0,0.0,0.0,0.0,0.0,3.0,1.0,0.0,0.0,0.0,0.0,0.0,
FRA-Ligue 1,2021,2020-08-30 Brest-Marseille,Marseille,Steve Mandanda,False,Goalkeeper,1,start,end,1.0,0.0,0.0,0.0,0.0,0.0,0.0,2.0,2.0,0.0,0.0,0.0,0.0,0.0,
FRA-Ligue 1,2021,2020-08-30 Metz-AS Monaco,AS Monaco,Benjamin Lecomte,False,Goalkeeper,1,start,end,1.0,0.0,0.0,0.0,0.0,0.0,0.0,0.0,4.0,0.0,0.0,0.0,0.0,0.0,
FRA-Ligue 1,2021,2020-08-30 Metz-AS Monaco,Metz,Alexandre Oukidja,True,Goalkeeper,1,start,end,1.0,0.0,0.0,0.0,0.0,0.0,0.0,1.0,1.0,0.0,0.0,0.0,0.0,0.0,
FRA-Ligue 1,2021,2020-08-30 Nantes-Nimes,Nantes,Alban Lafont,True,Goalkeeper,1,start,end,1.0,0.0,0.0,0.0,0.0,0.0,1.0,1.0,8.0,0.0,0.0,0.0,0.0,0.0,
FRA-Ligue 1,2021,2020-08-30 Nantes-Nimes,Nimes,Baptiste Reynet,False,Goalkeeper,1,start,end,1.0,0.0,0.0,0.0,0.0,0.0,0.0,2.0,2.0,0.0,0.0,1.0,0.0,1.0,
FRA-Ligue 1,2021,2020-08-30 Saint-Étienne-Lorient,Lorient,Paul Nardi,False,Goalkeeper,1,start,end,1.0,0.0,0.0,0.0,0.0,0.0,0.0,2.0,3.0,0.0,0.0,0.0,0.0,0.0,
FRA-Ligue 1,2021,2020-08-30 Saint-Étienne-Lorient,Saint-Étienne,Jessy Moulin,True,Goalkeeper,1,start,end,1.0,0.0,0.0,0.0,0.0,0.0,0.0,0.0,1.0,0.0,0.0,0.0,0.0,0.0,
FRA-Ligue 1,2021,2020-08-30 Stade de Reims-Lille,Lille,Mike Maignan,False,Goalkeeper,1,start,end,1.0,0.0,0.0,0.0,0.0,0.0,0.0,0.0,0.0,0.0,0.0,0.0,0.0,0.0,
FRA-Ligue 1,2021,2020-08-30 Stade de Reims-Lille,Stade de Reims,Predrag Rajkovic,True,Goalkeeper,1,start,end,1.0,0.0,0.0,0.0,0.0,0.0,1.0,1.0,2.0,0.0,0.0,0.0,0.0,0.0,
FRA-Ligue 1,2021,2020-09-10 Lens-Paris Saint-Germain,Lens,Jean-Louis Leca,True,Goalkeeper,1,start,end,1.0,0.0,0.0,0.0,0.0,0.0,0.0,0.0,1.0,0.0,0.0,0.0,0.0,0.0,
FRA-Ligue 1,2021,2020-09-10 Lens-Paris Saint-Germain,Paris Saint-Germain,Marcin Bulka,False,Goalkeeper,1,start,end,1.0,0.0,0.0,0.0,0.0,0.0,0.0,1.0,2.0,0.0,0.0,0.0,0.0,0.0,
FRA-Ligue 1,2021,2020-09-11 Bordeaux-Lyon,Bordeaux,Benoit Costil,True,Goalkeeper,1,start,end,1.0,0.0,0.0,0.0,0.0,0.0,0.0,0.0,3.0,0.0,0.0,0.0,0.0,0.0,
FRA-Ligue 1,2021,2020-09-11 Bordeaux-Lyon,Lyon,Anthony Lopes,False,Goalkeeper,1,start,end,1.0,0.0,0.0,0.0,0.0,0.0,0.0,0.0,0.0,0.0,0.0,0.0,0.0,0.0,
FRA-Ligue 1,2021,2020-09-12 Montpellier-Nice,Montpellier,Jonas Omlin,True,Goalkeeper,1,start,end,1.0,0.0,0.0,0.0,0.0,0.0,0.0,1.0,0.0,0.0,0.0,0.0,0.0,0.0,
FRA-Ligue 1,2021,2020-09-12 Montpellier-Nice,Nice,Walter Benítez,False,Goalkeeper,1,start,end,1.0,0.0,0.0,0.0,0.0,0.0,0.0,3.0,10.0,0.0,0.0,0.0,0.0,0.0,
FRA-Ligue 1,2021,2020-09-12 Saint-Étienne-Strasbourg,Saint-Étienne,Jessy Moulin,True,Goalkeeper,1,start,end,1.0,0.0,0.0,0.0,0.0,0.0,0.0,0.0,6.0,0.0,0.0,0.0,0.0,0.0,
FRA-Ligue 1,2021,2020-09-12 Saint-Étienne-Strasbourg,Strasbourg,Bingourou Kamara,False,Goalkeeper,1,start,end,1.0,1.0,0.0,0.0,0.0,0.0,0.0,2.0,2.0,0.0,0.0,0.0,0.0,0.0,
FRA-Ligue 1,2021,2020-09-13 AS Monaco-Nantes,AS Monaco,Radoslaw Majecki,True,Goalkeeper,1,start,end,1.0,0.0,0.0,0.0,0.0,0.0,0.0,1.0,1.0,0.0,0.0,0.0,0.0,0.0,
FRA-Ligue 1,2021,2020-09-13 AS Monaco-Nantes,Nantes,Alban Lafont,False,Goalkeeper,1,start,end,1.0,0.0,0.0,0.0,0.0,0.0,0.0,2.0,3.0,0.0,0.0,0.0,0.0,0.0,
FRA-Ligue 1,2021,2020-09-13 Angers-Stade de Reims,Angers,Paul Bernardoni,True,Goalkeeper,1,start,end,1.0,0.0,0.0,0.0,0.0,0.0,0.0,0.0,2.0,0.0,0.0,0.0,0.0,0.0,
FRA-Ligue 1,2021,2020-09-13 Angers-Stade de Reims,Stade de Reims,Predrag Rajkovic,False,Goalkeeper,1,start,end,1.0,0.0,0.0,0.0,0.0,0.0,0.0,1.0,6.0,0.0,0.0,0.0,0.0,0.0,
FRA-Ligue 1,2021,2020-09-13 Dijon FCO-Brest,Brest,Gautier Larsonneur,False,Goalkeeper,1,start,end,1.0,0.0,0.0,0.0,0.0,0.0,0.0,0.0,3.0,0.0,0.0,0.0,0.0,0.0,
FRA-Ligue 1,2021,2020-09-13 Dijon FCO-Brest,Dijon FCO,Alfred Gomis,True,Goalkeeper,1,start,end,1.0,0.0,0.0,0.0,0.0,0.0,0.0,2.0,3.0,0.0,0.0,0.0,0.0,0.0,
FRA-Ligue 1,2021,2020-09-13 Lille-Metz,Lille,Mike Maignan,True,Goalkeeper,1,start,end,1.0,0.0,0.0,0.0,0.0,0.0,0.0,0.0,1.0,0.0,0.0,0.0,0.0,0.0,
FRA-Ligue 1,2021,2020-09-13 Lille-Metz,Metz,Alexandre Oukidja,False,Goalkeeper,1,start,end,1.0,0.0,1.0,0.0,0.0,0.0,0.0,1.0,5.0,0.0,0.0,0.0,0.0,0.0,
FRA-Ligue 1,2021,2020-09-13 Lorient-Lens,Lens,Jean-Louis Leca,False,Goalkeeper,1,start,end,1.0,0.0,0.0,0.0,0.0,0.0,0.0,2.0,1.0,0.0,0.0,0.0,0.0,0.0,
FRA-Ligue 1,2021,2020-09-13 Lorient-Lens,Lorient,Paul Nardi,True,Goalkeeper,1,start,end,1.0,0.0,0.0,0.0,0.0,0.0,0.0,3.0,3.0,0.0,0.0,0.0,0.0,0.0,
FRA-Ligue 1,2021,2020-09-13 Nimes-Stade Rennais,Nimes,Baptiste Reynet,True,Goalkeeper,1,start,end,1.0,0.0,0.0,0.0,0.0,0.0,0.0,4.0,2.0,0.0,0.0,0.0,0.0,0.0,
FRA-Ligue 1,2021,2020-09-13 Nimes-Stade Rennais,Stade Rennais,Romain Salin,False,Goalkeeper,1,start,end,1.0,0.0,0.0,0.0,0.0,0.0,1.0,2.0,7.0,0.0,0.0,0.0,0.0,0.0,
FRA-Ligue 1,2021,2020-09-13 Paris Saint-Germain-Marseille,Marseille,Steve Mandanda,False,Goalkeeper,1,start,end,1.0,0.0,0.0,0.0,0.0,0.0,0.0,0.0,4.0,0.0,0.0,0.0,0.0,0.0,
FRA-Ligue 1,2021,2020-09-13 Paris Saint-Germain-Marseille,Paris Saint-Germain,Sergio Rico,True,Goalkeeper,1,start,end,1.0,0.0,0.0,0.0,0.0,0.0,0.0,1.0,1.0,0.0,0.0,0.0,0.0,0.0,
FRA-Ligue 1,2021,2020-09-15 Montpellier-Lyon,Lyon,Anthony Lopes,False,Goalkeeper,1,start,end,1.0,0.0,0.0,0.0,0.0,0.0,0.0,2.0,1.0,0.0,0.0,0.0,0.0,0.0,
FRA-Ligue 1,2021,2020-09-15 Montpellier-Lyon,Montpellier,Jonas Omlin,True,Goalkeeper,1,start,end,1.0,0.0,0.0,0.0,0.0,0.0,0.0,1.0,6.0,0.0,0.0,0.0,0.0,0.0,
FRA-Ligue 1,2021,2020-09-16 Paris Saint-Germain-Metz,Metz,Alexandre Oukidja,False,Goalkeeper,1,start,end,1.0,0.0,0.0,0.0,0.0,0.0,0.0,1.0,7.0,0.0,0.0,0.0,0.0,0.0,
FRA-Ligue 1,2021,2020-09-16 Paris Saint-Germain-Metz,Paris Saint-Germain,Keylor Navas,True,Goalkeeper,1,start,end,1.0,0.0,0.0,0.0,0.0,0.0,0.0,0.0,1.0,0.0,0.0,0.0,0.0,0.0,
FRA-Ligue 1,2021,2020-09-17 Marseille-Saint-Étienne,Marseille,Steve Mandanda,True,Goalkeeper,1,start,end,1.0,0.0,0.0,0.0,0.0,0.0,0.0,2.0,3.0,0.0,0.0,0.0,0.0,0.0,
FRA-Ligue 1,2021,2020-09-17 Marseille-Saint-Étienne,Saint-Étienne,Jessy Moulin,False,Goalkeeper,1,start,end,1.0,0.0,0.0,0.0,0.0,0.0,0.0,0.0,2.0,0.0,0.0,0.0,0.0,0.0,
FRA-Ligue 1,2021,2020-09-18 Lyon-Nimes,Lyon,Anthony Lopes,True,Goalkeeper,1,start,end,1.0,0.0,0.0,0.0,0.0,0.0,0.0,0.0,4.0,0.0,0.0,0.0,0.0,0.0,
FRA-Ligue 1,2021,2020-09-18 Lyon-Nimes,Nimes,Baptiste Reynet,False,Goalkeeper,1,start,end,1.0,0.0,1.0,0.0,0.0,0.0,0.0,0.0,3.0,0.0,0.0,0.0,0.0,0.0,
FRA-Ligue 1,2021,2020-09-19 Lens-Bordeaux,Bordeaux,Benoit Costil,False,Goalkeeper,1,start,end,1.0,0.0,0.0,0.0,0.0,0.0,0.0,2.0,3.0,0.0,0.0,0.0,0.0,0.0,
FRA-Ligue 1,2021,2020-09-19 Lens-Bordeaux,Lens,Jean-Louis Leca,True,Goalkeeper,1,start,end,1.0,0.0,0.0,0.0,0.0,0.0,0.0,1.0,2.0,0.0,0.0,0.0,0.0,0.0,
FRA-Ligue 1,2021,2020-09-19 Stade Rennais-AS Monaco,AS Monaco,Benjamin Lecomte,False,Goalkeeper,1,start,end,1.0,0.0,0.0,0.0,0.0,0.0,0.0,2.0,1.0,0.0,0.0,0.0,0.0,0.0,
FRA-Ligue 1,2021,2020-09-19 Stade Rennais-AS Monaco,Stade Rennais,Romain Salin,True,Goalkeeper,1,start,end,1.0,0.0,0.0,0.0,0.0,0.0,0.0,1.0,1.0,0.0,0.0,0.0,0.0,0.0,
FRA-Ligue 1,2021,2020-09-20 Brest-Lorient,Brest,Gautier Larsonneur,True,Goalkeeper,1,start,end,1.0,0.0,0.0,0.0,0.0,0.0,0.0,2.0,3.0,0.0,0.0,0.0,0.0,0.0,
FRA-Ligue 1,2021,2020-09-20 Brest-Lorient,Lorient,Paul Nardi,False,Goalkeeper,1,start,end,1.0,0.0,0.0,0.0,0.0,0.0,0.0,3.0,3.0,0.0,0.0,0.0,0.0,0.0,
FRA-Ligue 1,2021,2020-09-20 Marseille-Lille,Lille,Mike Maignan,False,Goalkeeper,1,start,end,1.0,0.0,0.0,0.0,0.0,0.0,0.0,1.0,1.0,0.0,0.0,0.0,0.0,0.0,
FRA-Ligue 1,2021,2020-09-20 Marseille-Lille,Marseille,Steve Mandanda,True,Goalkeeper,1,start,end,1.0,0.0,0.0,0.0,0.0,0.0,0.0,1.0,6.0,0.0,0.0,0.0,0.0,0.0,
FRA-Ligue 1,2021,2020-09-20 Metz-Stade de Reims,Metz,Alexandre Oukidja,True,Goalkeeper,1,start,end,1.0,0.0,0.0,0.0,0.0,0.0,0.0,1.0,3.0,0.0,0.0,0.0,0.0,0.0,
FRA-Ligue 1,2021,2020-09-20 Metz-Stade de Reims,Stade de Reims,Predrag Rajkovic,False,Goalkeeper,1,start,end,1.0,0.0,0.0,0.0,0.0,0.0,0.0,2.0,2.0,0.0,0.0,0.0,0.0,0.0,
FRA-Ligue 1,2021,2020-09-20 Montpellier-Angers,Angers,Paul Bernardoni,False,Goalkeeper,1,start,end,1.0,0.0,0.0,0.0,0.0,0.0,0.0,4.0,0.0,11.0,0.0,0.0,0.0,0.0,
FRA-Ligue 1,2021,2020-09-20 Montpellier-Angers,Montpellier,Jonas Omlin,True,Goalkeeper,1,start,end,1.0,0.0,0.0,0.0,0.0,0.0,0.0,1.0,0.0,13.0,0.0,0.0,0.0,0.0,
FRA-Ligue 1,2021,2020-09-20 Nantes-Saint-Étienne,Nantes,Alban Lafont,True,Goalkeeper,1,start,end,1.0,0.0,0.0,0.0,0.0,0.0,0.0,2.0,1.0,0.0,0.0,0.0,0.0,0.0,
FRA-Ligue 1,2021,2020-09-20 Nantes-Saint-Étienne,Saint-Étienne,Jessy Moulin,False,Goalkeeper,1,start,end,1.0,0.0,0.0,0.0,0.0,0.0,0.0,2.0,1.0,0.0,0.0,0.0,0.0,0.0,
FRA-Ligue 1,2021,2020-09-20 Nice-Paris Saint-Germain,Nice,Walter Benítez,True,Goalkeeper,1,start,end,1.0,0.0,0.0,0.0,0.0,0.0,0.0,3.0,3.0,0.0,0.0,0.0,0.0,0.0,
FRA-Ligue 1,2021,2020-09-20 Nice-Paris Saint-Germain,Paris Saint-Germain,Keylor Navas,False,Goalkeeper,1,start,end,1.0,0.0,0.0,0.0,0.0,0.0,0.0,0.0,5.0,0.0,0.0,0.0,0.0,0.0,
FRA-Ligue 1,2021,2020-09-20 Strasbourg-Dijon FCO,Dijon FCO,Alfred Gomis,False,Goalkeeper,1,start,end,1.0,0.0,1.0,0.0,0.0,0.0,0.0,1.0,5.0,0.0,0.0,0.0,0.0,0.0,
FRA-Ligue 1,2021,2020-09-20 Strasbourg-Dijon FCO,Strasbourg,Bingourou Kamara,True,Goalkeeper,1,start,end,1.0,0.0,1.0,0.0,0.0,0.0,0.0,0.0,2.0,0.0,0.0,0.0,0.0,0.0,
FRA-Ligue 1,2021,2020-09-25 Lille-Nantes,Lille,Mike Maignan,True,Goalkeeper,1,start,end,1.0,0.0,0.0,0.0,0.0,0.0,0.0,0.0,6.0,0.0,0.0,0.0,0.0,0.0,
FRA-Ligue 1,2021,2020-09-25 Lille-Nantes,Nantes,Alban Lafont,False,Goalkeeper,1,start,end,1.0,0.0,0.0,0.0,0.0,0.0,0.0,2.0,3.0,0.0,0.0,0.0,0.0,0.0,
FRA-Ligue 1,2021,2020-09-26 Marseille-Metz,Marseille,Steve Mandanda,True,Goalkeeper,1,start,end,1.0,0.0,0.0,0.0,0.0,0.0,0.0,1.0,3.0,0.0,0.0,0.0,0.0,0.0,
FRA-Ligue 1,2021,2020-09-26 Marseille-Metz,Metz,Alexandre Oukidja,False,Goalkeeper,1,start,end,1.0,0.0,0.0,0.0,0.0,0.0,0.0,1.0,2.0,0.0,0.0,0.0,0.0,0.0,
FRA-Ligue 1,2021,2020-09-26 Saint-Étienne-Stade Rennais,Saint-Étienne,Jessy Moulin,True,Goalkeeper,1,start,end,1.0,0.0,0.0,0.0,0.0,0.0,0.0,3.0,3.0,0.0,0.0,0.0,0.0,0.0,
FRA-Ligue 1,2021,2020-09-26 Saint-Étienne-Stade Rennais,Stade Rennais,Romain Salin,False,Goalkeeper,1,start,end,1.0,0.0,0.0,0.0,0.0,0.0,0.0,0.0,4.0,0.0,0.0,0.0,0.0,0.0,
FRA-Ligue 1,2021,2020-09-27 AS Monaco-Strasbourg,AS Monaco,Benjamin Lecomte,True,Goalkeeper,1,start,end,1.0,0.0,1.0,0.0,0.0,0.0,0.0,2.0,3.0,0.0,0.0,0.0,0.0,0.0,
FRA-Ligue 1,2021,2020-09-27 AS Monaco-Strasbourg,Strasbourg,Bingourou Kamara,False,Goalkeeper,1,start,end,1.0,0.0,0.0,0.0,0.0,0.0,0.0,3.0,2.0,0.0,0.0,0.0,0.0,0.0,
FRA-Ligue 1,2021,2020-09-27 Angers-Brest,Angers,Paul Bernardoni,True,Goalkeeper,1,start,end,1.0,0.0,0.0,0.0,0.0,0.0,0.0,2.0,0.0,12.0,0.0,0.0,0.0,0.0,
FRA-Ligue 1,2021,2020-09-27 Angers-Brest,Brest,Gautier Larsonneur,False,Goalkeeper,1,start,end,1.0,0.0,0.0,0.0,0.0,0.0,0.0,3.0,0.0,9.0,0.0,0.0,0.0,0.0,
FRA-Ligue 1,2021,2020-09-27 Bordeaux-Nice,Bordeaux,Benoit Costil,True,Goalkeeper,1,start,end,1.0,0.0,0.0,0.0,0.0,0.0,0.0,0.0,2.0,0.0,0.0,0.0,0.0,0.0,
FRA-Ligue 1,2021,2020-09-27 Bordeaux-Nice,Nice,Walter Benítez,False,Goalkeeper,1,start,end,1.0,0.0,0.0,0.0,0.0,0.0,0.0,0.0,5.0,0.0,0.0,0.0,0.0,0.0,
FRA-Ligue 1,2021,2020-09-27 Dijon FCO-Montpellier,Dijon FCO,Alfred Gomis,True,Goalkeeper,1,start,end,1.0,0.0,0.0,0.0,0.0,0.0,0.0,2.0,2.0,0.0,0.0,0.0,0.0,0.0,
FRA-Ligue 1,2021,2020-09-27 Dijon FCO-Montpellier,Montpellier,Jonas Omlin,False,Goalkeeper,1,start,end,1.0,0.0,0.0,0.0,0.0,0.0,0.0,2.0,3.0,0.0,0.0,0.0,0.0,0.0,
FRA-Ligue 1,2021,2020-09-27 Lorient-Lyon,Lorient,Paul Nardi,True,Goalkeeper,1,start,end,1.0,0.0,0.0,0.0,0.0,0.0,1.0,1.0,5.0,0.0,0.0,0.0,0.0,0.0,
FRA-Ligue 1,2021,2020-09-27 Lorient-Lyon,Lyon,Anthony Lopes,False,Goalkeeper,1,start,end,1.0,0.0,0.0,0.0,0.0,0.0,0.0,1.0,1.0,0.0,0.0,0.0,0.0,0.0,
FRA-Ligue 1,2021,2020-09-27 Nimes-Lens,Lens,Jean-Louis Leca,False,Goalkeeper,1,start,end,1.0,0.0,0.0,0.0,0.0,0.0,0.0,1.0,0.0,12.0,0.0,0.0,0.0,0.0,
FRA-Ligue 1,2021,2020-09-27 Nimes-Lens,Nimes,Baptiste Reynet,True,Goalkeeper,1,start,end,1.0,0.0,1.0,0.0,0.0,0.0,0.0,1.0,0.0,14.0,0.0,0.0,0.0,0.0,
FRA-Ligue 1,2021,2020-09-27 Stade de Reims-Paris Saint-Germain,Paris Saint-Germain,Keylor Navas,False,Goalkeeper,1,start,end,1.0,0.0,0.0,0.0,0.0,0.0,0.0,0.0,3.0,0.0,0.0,0.0,0.0,0.0,
FRA-Ligue 1,2021,2020-09-27 Stade de Reims-Paris Saint-Germain,Stade de Reims,Predrag Rajkovic,True,Goalkeeper,1,start,end,1.0,0.0,0.0,0.0,0.0,0.0,0.0,2.0,5.0,0.0,0.0,0.0,0.0,0.0,
FRA-Ligue 1,2021,2020-10-02 Paris Saint-Germain-Angers,Angers,Paul Bernardoni,False,Goalkeeper,1,start,end,1.0,0.0,2.0,0.0,0.0,0.0,0.0,6.0,6.0,0.0,0.0,0.0,0.0,0.0,
FRA-Ligue 1,2021,2020-10-02 Paris Saint-Germain-Angers,Paris Saint-Germain,Keylor Navas,True,Goalkeeper,1,start,end,1.0,0.0,2.0,0.0,0.0,0.0,0.0,1.0,1.0,0.0,0.0,0.0,0.0,0.0,
FRA-Ligue 1,2021,2020-10-03 Lens-Saint-Étienne,Lens,Jean-Louis Leca,True,Goalkeeper,1,start,end,1.0,0.0,0.0,0.0,0.0,0.0,0.0,0.0,1.0,0.0,0.0,0.0,0.0,0.0,
FRA-Ligue 1,2021,2020-10-03 Lens-Saint-Étienne,Saint-Étienne,Jessy Moulin,False,Goalkeeper,1,start,end,1.0,0.0,1.0,0.0,0.0,0.0,0.0,2.0,4.0,0.0,0.0,0.0,0.0,0.0,
FRA-Ligue 1,2021,2020-10-03 Nice-Nantes,Nantes,Alban Lafont,False,Goalkeeper,1,start,end,1.0,0.0,0.0,0.0,0.0,0.0,0.0,2.0,6.0,0.0,0.0,0.0,0.0,0.0,
FRA-Ligue 1,2021,2020-10-03 Nice-Nantes,Nice,Walter Benítez,True,Goalkeeper,1,start,end,1.0,0.0,0.0,0.0,0.0,0.0,0.0,1.0,1.0,0.0,0.0,0.0,0.0,0.0,
FRA-Ligue 1,2021,2020-10-04 Bordeaux-Dijon FCO,Bordeaux,Benoit Costil,True,Goalkeeper,1,start,end,1.0,0.0,0.0,0.0,0.0,0.0,0.0,0.0,1.0,0.0,0.0,0.0,0.0,0.0,
FRA-Ligue 1,2021,2020-10-04 Bordeaux-Dijon FCO,Dijon FCO,Saturnin Allagbé,False,Goalkeeper,1,start,end,1.0,0.0,1.0,0.0,0.0,0.0,0.0,3.0,4.0,0.0,0.0,0.0,0.0,0.0,
FRA-Ligue 1,2021,2020-10-04 Brest-AS Monaco,AS Monaco,Benjamin Lecomte,False,Goalkeeper,1,start,end,1.0,0.0,0.0,0.0,0.0,0.0,0.0,1.0,4.0,0.0,0.0,0.0,0.0,0.0,
FRA-Ligue 1,2021,2020-10-04 Brest-AS Monaco,Brest,Gautier Larsonneur,True,Goalkeeper,1,start,end,1.0,0.0,1.0,0.0,0.0,0.0,0.0,0.0,2.0,0.0,0.0,0.0,0.0,0.0,
FRA-Ligue 1,2021,2020-10-04 Lyon-Marseille,Lyon,Anthony Lopes,True,Goalkeeper,1,start,end,1.0,0.0,0.0,0.0,0.0,0.0,0.0,1.0,0.0,0.0,0.0,0.0,0.0,0.0,
FRA-Ligue 1,2021,2020-10-04 Lyon-Marseille,Marseille,Steve Mandanda,False,Goalkeeper,1,start,end,1.0,0.0,1.0,0.0,0.0,0.0,0.0,1.0,2.0,0.0,0.0,0.0,0.0,0.0,
FRA-Ligue 1,2021,2020-10-04 Metz-Lorient,Lorient,Paul Nardi,False,Goalkeeper,1,start,end,1.0,0.0,0.0,0.0,0.0,0.0,0.0,3.0,0.0,13.0,0.0,0.0,0.0,0.0,
FRA-Ligue 1,2021,2020-10-04 Metz-Lorient,Metz,Alexandre Oukidja,True,Goalkeeper,1,start,end,1.0,0.0,0.0,0.0,0.0,0.0,0.0,1.0,0.0,9.0,0.0,0.0,0.0,0.0,
FRA-Ligue 1,2021,2020-10-04 Montpellier-Nimes,Montpellier,Jonas Omlin,True,Goalkeeper,1,start,end,1.0,0.0,0.0,0.0,0.0,0.0,0.0,1.0,0.0,0.0,0.0,0.0,0.0,0.0,
FRA-Ligue 1,2021,2020-10-04 Montpellier-Nimes,Nimes,Baptiste Reynet,False,Goalkeeper,1,start,end,1.0,0.0,0.0,0.0,0.0,0.0,0.0,0.0,2.0,0.0,0.0,0.0,0.0,0.0,
FRA-Ligue 1,2021,2020-10-04 Stade Rennais-Stade de Reims,Stade Rennais,Romain Salin,True,Goalkeeper,1,start,end,1.0,0.0,0.0,0.0,0.0,0.0,0.0,2.0,0.0,7.0,0.0,0.0,0.0,0.0,
FRA-Ligue 1,2021,2020-10-04 Stade Rennais-Stade de Reims,Stade de Reims,Predrag Rajkovic,False,Goalkeeper,1,start,45,1.0,0.0,0.0,0.0,0.0,0.0,0.0,2.0,0.0,9.0,0.0,0.0,0.0,0.0,
FRA-Ligue 1,2021,2020-10-04 Strasbourg-Lille,Lille,Mike Maignan,False,Goalkeeper,1,start,end,1.0,0.0,0.0,0.0,0.0,0.0,0.0,0.0,2.0,0.0,0.0,0.0,0.0,0.0,
FRA-Ligue 1,2021,2020-10-04 Strasbourg-Lille,Strasbourg,Bingourou Kamara,True,Goalkeeper,1,start,end,1.0,0.0,0.0,0.0,0.0,0.0,0.0,3.0,3.0,0.0,0.0,0.0,0.0,0.0,
FRA-Ligue 1,2021,2020-10-16 Dijon FCO-Stade Rennais,Dijon FCO,Saturnin Allagbé,True,Goalkeeper,1,start,end,1.0,1.0,0.0,0.0,0.0,0.0,1.0,1.0,0.0,11.0,0.0,0.0,0.0,0.0,
FRA-Ligue 1,2021,2020-10-16 Dijon FCO-Stade Rennais,Stade Rennais,Romain Salin,False,Goalkeeper,1,start,end,1.0,0.0,2.0,0.0,0.0,0.0,0.0,1.0,0.0,11.0,0.0,0.0,0.0,0.0,
FRA-Ligue 1,2021,2020-10-16 Nimes-Paris Saint-Germain,Nimes,Baptiste Reynet,True,Goalkeeper,1,start,end,1.0,0.0,0.0,0.0,0.0,0.0,0.0,4.0,7.0,0.0,0.0,0.0,0.0,0.0,
FRA-Ligue 1,2021,2020-10-16 Nimes-Paris Saint-Germain,Paris Saint-Germain,Keylor Navas,False,Goalkeeper,1,start,end,1.0,0.0,0.0,0.0,0.0,0.0,0.0,0.0,2.0,0.0,0.0,0.0,0.0,0.0,
FRA-Ligue 1,2021,2020-10-17 Marseille-Bordeaux,Bordeaux,Benoit Costil,False,Goalkeeper,1,start,end,1.0,0.0,0.0,0.0,0.0,0.0,0.0,3.0,2.0,0.0,0.0,0.0,0.0,0.0,
FRA-Ligue 1,2021,2020-10-17 Marseille-Bordeaux,Marseille,Steve Mandanda,True,Goalkeeper,1,start,end,1.0,0.0,0.0,0.0,0.0,0.0,0.0,1.0,3.0,0.0,0.0,0.0,0.0,0.0,
FRA-Ligue 1,2021,2020-10-17 Stade de Reims-Lorient,Lorient,Paul Nardi,False,Goalkeeper,1,start,end,1.0,0.0,0.0,0.0,0.0,0.0,0.0,1.0,2.0,0.0,0.0,0.0,0.0,0.0,
FRA-Ligue 1,2021,2020-10-17 Stade de Reims-Lorient,Stade de Reims,Predrag Rajkovic,True,Goalkeeper,1,start,end,1.0,1.0,0.0,0.0,0.0,0.0,0.0,3.0,1.0,0.0,0.0,0.0,0.0,0.0,
FRA-Ligue 1,2021,2020-10-18 AS Monaco-Montpellier,AS Monaco,Benjamin Lecomte,True,Goalkeeper,1,start,end,1.0,0.0,0.0,0.0,0.0,0.0,0.0,1.0,1.0,0.0,0.0,0.0,0.0,0.0,
FRA-Ligue 1,2021,2020-10-18 AS Monaco-Montpellier,Montpellier,Jonas Omlin,False,Goalkeeper,1,start,end,1.0,0.0,1.0,0.0,0.0,0.0,0.0,1.0,6.0,0.0,0.0,0.0,0.0,0.0,
FRA-Ligue 1,2021,2020-10-18 Angers-Metz,Angers,Paul Bernardoni,True,Goalkeeper,1,start,end,1.0,0.0,0.0,0.0,0.0,0.0,0.0,1.0,2.0,0.0,0.0,0.0,0.0,0.0,
FRA-Ligue 1,2021,2020-10-18 Angers-Metz,Metz,Alexandre Oukidja,False,Goalkeeper,1,start,end,1.0,0.0,0.0,0.0,0.0,0.0,0.0,1.0,1.0,0.0,0.0,0.0,0.0,0.0,
FRA-Ligue 1,2021,2020-10-18 Lille-Lens,Lens,Jean-Louis Leca,False,Goalkeeper,1,start,end,1.0,0.0,0.0,0.0,0.0,0.0,0.0,4.0,2.0,0.0,0.0,0.0,0.0,0.0,
FRA-Ligue 1,2021,2020-10-18 Lille-Lens,Lille,Mike Maignan,True,Goalkeeper,1,start,end,1.0,0.0,0.0,0.0,0.0,0.0,0.0,0.0,2.0,0.0,0.0,0.0,0.0,0.0,
FRA-Ligue 1,2021,2020-10-18 Nantes-Brest,Brest,Gautier Larsonneur,False,Goalkeeper,1,start,end,1.0,0.0,0.0,0.0,0.0,0.0,0.0,3.0,5.0,0.0,0.0,0.0,0.0,0.0,
FRA-Ligue 1,2021,2020-10-18 Nantes-Brest,Nantes,Alban Lafont,True,Goalkeeper,1,start,end,1.0,0.0,0.0,0.0,0.0,0.0,0.0,1.0,4.0,0.0,0.0,0.0,0.0,0.0,
FRA-Ligue 1,2021,2020-10-18 Saint-Étienne-Nice,Nice,Walter Benítez,False,Goalkeeper,1,start,end,1.0,0.0,0.0,0.0,0.0,0.0,1.0,1.0,0.0,10.0,0.0,0.0,0.0,0.0,
FRA-Ligue 1,2021,2020-10-18 Saint-Étienne-Nice,Saint-Étienne,Jessy Moulin,True,Goalkeeper,1,start,end,1.0,0.0,0.0,0.0,0.0,0.0,0.0,3.0,0.0,8.0,0.0,0.0,0.0,0.0,
FRA-Ligue 1,2021,2020-10-18 Strasbourg-Lyon,Lyon,Anthony Lopes,False,Goalkeeper,1,start,end,1.0,0.0,0.0,0.0,0.0,0.0,0.0,2.0,6.0,0.0,0.0,0.0,0.0,0.0,
FRA-Ligue 1,2021,2020-10-18 Strasbourg-Lyon,Strasbourg,Bingourou Kamara,True,Goalkeeper,1,start,end,1.0,0.0,0.0,0.0,0.0,0.0,0.0,3.0,3.0,0.0,0.0,0.0,0.0,0.0,
FRA-Ligue 1,2021,2020-10-23 Stade Rennais-Angers,Angers,Paul Bernardoni,False,Goalkeeper,1,start,end,1.0,0.0,0.0,0.0,0.0,0.0,0.0,1.0,0.0,10.0,0.0,0.0,0.0,0.0,
FRA-Ligue 1,2021,2020-10-23 Stade Rennais-Angers,Stade Rennais,Alfred Gomis,True,Goalkeeper,1,start,end,1.0,0.0,0.0,0.0,0.0,0.0,0.0,2.0,0.0,8.0,0.0,0.0,0.0,0.0,
FRA-Ligue 1,2021,2020-10-24 Lorient-Marseille,Lorient,Paul Nardi,True,Goalkeeper,1,start,end,1.0,0.0,0.0,0.0,0.0,0.0,0.0,1.0,2.0,0.0,0.0,0.0,0.0,0.0,
FRA-Ligue 1,2021,2020-10-24 Lorient-Marseille,Marseille,Steve Mandanda,False,Goalkeeper,1,start,end,1.0,0.0,0.0,0.0,0.0,0.0,0.0,0.0,3.0,0.0,0.0,0.0,0.0,0.0,
FRA-Ligue 1,2021,2020-10-24 Paris Saint-Germain-Dijon FCO,Dijon FCO,Saturnin Allagbé,False,Goalkeeper,1,start,end,1.0,0.0,0.0,0.0,0.0,0.0,0.0,4.0,5.0,0.0,0.0,0.0,0.0,0.0,
FRA-Ligue 1,2021,2020-10-24 Paris Saint-Germain-Dijon FCO,Paris Saint-Germain,Sergio Rico,True,Goalkeeper,1,start,end,1.0,0.0,0.0,0.0,0.0,0.0,0.0,0.0,3.0,0.0,0.0,0.0,0.0,0.0,
FRA-Ligue 1,2021,2020-10-25 Bordeaux-Nimes,Bordeaux,Benoit Costil,True,Goalkeeper,1,start,end,1.0,0.0,0.0,0.0,0.0,0.0,0.0,0.0,4.0,0.0,0.0,0.0,0.0,0.0,
FRA-Ligue 1,2021,2020-10-25 Bordeaux-Nimes,Nimes,Baptiste Reynet,False,Goalkeeper,1,start,end,1.0,0.0,1.0,0.0,0.0,0.0,1.0,2.0,4.0,0.0,0.0,0.0,0.0,0.0,
FRA-Ligue 1,2021,2020-10-25 Brest-Strasbourg,Brest,Gautier Larsonneur,True,Goalkeeper,1,start,end,1.0,0.0,1.0,0.0,0.0,0.0,0.0,3.0,2.0,0.0,0.0,0.0,0.0,0.0,
FRA-Ligue 1,2021,2020-10-25 Brest-Strasbourg,Strasbourg,Bingourou Kamara,False,Goalkeeper,1,start,end,1.0,0.0,0.0,0.0,0.0,0.0,0.0,0.0,4.0,0.0,0.0,0.0,0.0,0.0,
FRA-Ligue 1,2021,2020-10-25 Lyon-AS Monaco,AS Monaco,Benjamin Lecomte,False,Goalkeeper,1,start,end,1.0,0.0,0.0,0.0,0.0,0.0,0.0,4.0,2.0,0.0,0.0,0.0,0.0,0.0,
FRA-Ligue 1,2021,2020-10-25 Lyon-AS Monaco,Lyon,Anthony Lopes,True,Goalkeeper,1,start,end,1.0,0.0,0.0,0.0,0.0,0.0,0.0,1.0,4.0,0.0,0.0,0.0,0.0,0.0,
FRA-Ligue 1,2021,2020-10-25 Metz-Saint-Étienne,Metz,Alexandre Oukidja,True,Goalkeeper,1,start,end,1.0,0.0,0.0,0.0,0.0,0.0,0.0,0.0,0.0,0.0,0.0,0.0,0.0,0.0,
FRA-Ligue 1,2021,2020-10-25 Metz-Saint-Étienne,Saint-Étienne,Jessy Moulin,False,Goalkeeper,1,start,end,1.0,0.0,0.0,0.0,0.0,0.0,0.0,2.0,2.0,0.0,0.0,0.0,0.0,0.0,
FRA-Ligue 1,2021,2020-10-25 Montpellier-Stade de Reims,Montpellier,Jonas Omlin,True,Goalkeeper,1,start,45,1.0,0.0,0.0,0.0,0.0,0.0,0.0,3.0,1.0,0.0,0.0,0.0,0.0,0.0,
FRA-Ligue 1,2021,2020-10-25 Montpellier-Stade de Reims,Stade de Reims,Predrag Rajkovic,False,Goalkeeper,1,start,end,1.0,0.0,0.0,0.0,0.0,0.0,0.0,0.0,1.0,0.0,0.0,0.0,0.0,0.0,
FRA-Ligue 1,2021,2020-10-25 Nice-Lille,Lille,Mike Maignan,False,Goalkeeper,1,start,end,1.0,1.0,0.0,0.0,0.0,0.0,1.0,1.0,2.0,0.0,0.0,0.0,0.0,0.0,
FRA-Ligue 1,2021,2020-10-25 Nice-Lille,Nice,Walter Benítez,True,Goalkeeper,1,start,end,1.0,0.0,0.0,0.0,0.0,0.0,0.0,1.0,3.0,0.0,0.0,0.0,0.0,0.0,
FRA-Ligue 1,2021,2020-10-31 Nantes-Paris Saint-Germain,Nantes,Alban Lafont,True,Goalkeeper,1,start,end,1.0,0.0,0.0,0.0,0.0,0.0,0.0,3.0,1.0,0.0,0.0,0.0,0.0,0.0,
FRA-Ligue 1,2021,2020-10-31 Nantes-Paris Saint-Germain,Paris Saint-Germain,Keylor Navas,False,Goalkeeper,1,start,end,1.0,0.0,0.0,0.0,0.0,0.0,0.0,0.0,1.0,0.0,0.0,0.0,0.0,0.0,
FRA-Ligue 1,2021,2020-10-31 Stade Rennais-Brest,Brest,Gautier Larsonneur,False,Goalkeeper,1,start,end,1.0,0.0,0.0,0.0,0.0,0.0,0.0,2.0,7.0,0.0,0.0,0.0,0.0,0.0,
FRA-Ligue 1,2021,2020-10-31 Stade Rennais-Brest,Stade Rennais,Alfred Gomis,True,Goalkeeper,1,start,end,1.0,0.0,0.0,0.0,0.0,0.0,0.0,1.0,3.0,0.0,0.0,0.0,0.0,0.0,
FRA-Ligue 1,2021,2020-11-01 AS Monaco-Bordeaux,AS Monaco,Benjamin Lecomte,True,Goalkeeper,1,start,end,1.0,0.0,0.0,0.0,0.0,0.0,0.0,0.0,0.0,0.0,0.0,0.0,0.0,0.0,
FRA-Ligue 1,2021,2020-11-01 AS Monaco-Bordeaux,Bordeaux,Benoit Costil,False,Goalkeeper,1,start,end,1.0,0.0,0.0,0.0,0.0,0.0,0.0,4.0,2.0,0.0,0.0,0.0,0.0,0.0,
FRA-Ligue 1,2021,2020-11-01 Angers-Nice,Angers,Paul Bernardoni,True,Goalkeeper,1,start,end,1.0,1.0,0.0,0.0,0.0,0.0,1.0,3.0,2.0,0.0,0.0,0.0,0.0,0.0,
FRA-Ligue 1,2021,2020-11-01 Angers-Nice,Nice,Walter Benítez,False,Goalkeeper,1,start,end,1.0,0.0,1.0,0.0,0.0,0.0,0.0,0.0,5.0,0.0,0.0,0.0,0.0,0.0,
FRA-Ligue 1,2021,2020-11-01 Dijon FCO-Lorient,Dijon FCO,Saturnin Allagbé,True,Goalkeeper,1,start,end,1.0,1.0,0.0,0.0,0.0,0.0,1.0,0.0,1.0,0.0,0.0,0.0,0.0,0.0,
FRA-Ligue 1,2021,2020-11-01 Dijon FCO-Lorient,Lorient,Paul Nardi,False,Goalkeeper,1,start,end,1.0,0.0,0.0,0.0,0.0,0.0,0.0,0.0,2.0,0.0,0.0,0.0,0.0,0.0,
FRA-Ligue 1,2021,2020-11-01 Lille-Lyon,Lille,Mike Maignan,True,Goalkeeper,1,start,end,1.0,0.0,1.0,0.0,0.0,0.0,0.0,1.0,1.0,0.0,0.0,0.0,0.0,0.0,
FRA-Ligue 1,2021,2020-11-01 Lille-Lyon,Lyon,Anthony Lopes,False,Goalkeeper,1,start,end,1.0,0.0,0.0,0.0,0.0,0.0,0.0,1.0,5.0,0.0,0.0,0.0,0.0,0.0,
FRA-Ligue 1,2021,2020-11-01 Nimes-Metz,Metz,Alexandre Oukidja,False,Goalkeeper,1,start,end,1.0,0.0,1.0,0.0,0.0,0.0,0.0,0.0,2.0,0.0,0.0,0.0,0.0,0.0,
FRA-Ligue 1,2021,2020-11-01 Nimes-Metz,Nimes,Baptiste Reynet,True,Goalkeeper,1,start,end,1.0,0.0,0.0,0.0,0.0,0.0,0.0,1.0,4.0,0.0,0.0,0.0,0.0,0.0,
FRA-Ligue 1,2021,2020-11-01 Saint-Étienne-Montpellier,Montpellier,Dimitry Bertaud,False,Goalkeeper,1,start,end,1.0,0.0,1.0,0.0,0.0,0.0,0.0,0.0,0.0,0.0,0.0,0.0,0.0,0.0,
FRA-Ligue 1,2021,2020-11-01 Saint-Étienne-Montpellier,Saint-Étienne,Jessy Moulin,True,Goalkeeper,1,start,end,1.0,0.0,0.0,0.0,0.0,0.0,0.0,1.0,1.0,0.0,0.0,0.0,0.0,0.0,
FRA-Ligue 1,2021,2020-11-01 Stade de Reims-Strasbourg,Stade de Reims,Predrag Rajkovic,True,Goalkeeper,1,start,end,1.0,0.0,1.0,0.0,0.0,0.0,0.0,1.0,1.0,0.0,0.0,0.0,0.0,0.0,
FRA-Ligue 1,2021,2020-11-01 Stade de Reims-Strasbourg,Strasbourg,Bingourou Kamara,False,Goalkeeper,1,start,end,1.0,0.0,0.0,1.0,0.0,0.0,0.0,2.0,3.0,0.0,0.0,0.0,0.0,0.0,
FRA-Ligue 1,2021,2020-11-06 Strasbourg-Marseille,Marseille,Steve Mandanda,False,Goalkeeper,1,start,end,1.0,0.0,0.0,0.0,0.0,0.0,1.0,0.0,2.0,0.0,0.0,0.0,0.0,0.0,
FRA-Ligue 1,2021,2020-11-06 Strasbourg-Marseille,Strasbourg,Bingourou Kamara,True,Goalkeeper,1,start,end,1.0,0.0,0.0,0.0,0.0,0.0,0.0,1.0,0.0,0.0,0.0,0.0,0.0,0.0,
FRA-Ligue 1,2021,2020-11-07 Bordeaux-Montpellier,Bordeaux,Benoit Costil,True,Goalkeeper,1,start,end,1.0,0.0,0.0,0.0,0.0,0.0,0.0,2.0,1.0,0.0,0.0,0.0,0.0,0.0,
FRA-Ligue 1,2021,2020-11-07 Bordeaux-Montpellier,Montpellier,Dimitry Bertaud,False,Goalkeeper,1,start,end,1.0,0.0,0.0,0.0,0.0,0.0,0.0,0.0,1.0,0.0,0.0,0.0,0.0,0.0,
FRA-Ligue 1,2021,2020-11-07 Paris Saint-Germain-Stade Rennais,Paris Saint-Germain,Keylor Navas,True,Goalkeeper,1,start,end,1.0,0.0,0.0,0.0,0.0,0.0,0.0,0.0,3.0,0.0,0.0,0.0,0.0,0.0,
FRA-Ligue 1,2021,2020-11-07 Paris Saint-Germain-Stade Rennais,Stade Rennais,Alfred Gomis,False,Goalkeeper,1,start,end,1.0,0.0,0.0,0.0,0.0,0.0,0.0,3.0,3.0,0.0,0.0,0.0,0.0,0.0,
FRA-Ligue 1,2021,2020-11-08 Brest-Lille,Brest,Gautier Larsonneur,True,Goalkeeper,1,start,end,1.0,0.0,0.0,0.0,0.0,0.0,1.0,2.0,5.0,0.0,0.0,0.0,0.0,0.0,
FRA-Ligue 1,2021,2020-11-08 Brest-Lille,Lille,Mike Maignan,False,Goalkeeper,1,start,end,1.0,0.0,1.0,0.0,0.0,0.0,0.0,3.0,5.0,0.0,0.0,0.0,0.0,0.0,
FRA-Ligue 1,2021,2020-11-08 Lens-Stade de Reims,Lens,Jean-Louis Leca,True,Goalkeeper,1,start,end,1.0,0.0,1.0,0.0,0.0,0.0,0.0,3.0,0.0,5.0,0.0,0.0,0.0,0.0,
FRA-Ligue 1,2021,2020-11-08 Lens-Stade de Reims,Stade de Reims,Predrag Rajkovic,False,Goalkeeper,1,start,end,1.0,0.0,1.0,0.0,0.0,0.0,0.0,3.0,0.0,11.0,0.0,0.0,0.0,0.0,
FRA-Ligue 1,2021,2020-11-08 Lorient-Nantes,Lorient,Paul Nardi,True,Goalkeeper,1,start,end,1.0,0.0,0.0,0.0,0.0,0.0,0.0,2.0,0.0,14.0,0.0,0.0,0.0,0.0,
FRA-Ligue 1,2021,2020-11-08 Lorient-Nantes,Nantes,Alban Lafont,False,Goalkeeper,1,start,end,1.0,0.0,0.0,0.0,0.0,0.0,0.0,0.0,0.0,18.0,0.0,0.0,0.0,0.0,
FRA-Ligue 1,2021,2020-11-08 Lyon-Saint-Étienne,Lyon,Anthony Lopes,True,Goalkeeper,1,start,end,1.0,0.0,0.0,1.0,0.0,0.0,0.0,1.0,4.0,0.0,0.0,0.0,0.0,0.0,
FRA-Ligue 1,2021,2020-11-08 Lyon-Saint-Étienne,Saint-Étienne,Jessy Moulin,False,Goalkeeper,1,start,end,1.0,0.0,0.0,0.0,0.0,0.0,0.0,2.0,4.0,0.0,0.0,0.0,0.0,0.0,
FRA-Ligue 1,2021,2020-11-08 Metz-Dijon FCO,Dijon FCO,Anthony Racioppi,False,Goalkeeper,1,start,end,1.0,0.0,0.0,0.0,0.0,0.0,0.0,1.0,3.0,0.0,0.0,0.0,0.0,0.0,
FRA-Ligue 1,2021,2020-11-08 Metz-Dijon FCO,Metz,Alexandre Oukidja,True,Goalkeeper,1,start,end,1.0,0.0,0.0,0.0,0.0,0.0,0.0,1.0,6.0,0.0,0.0,0.0,0.0,0.0,
FRA-Ligue 1,2021,2020-11-08 Nice-AS Monaco,AS Monaco,Vito Mannone,False,Goalkeeper,1,start,end,1.0,0.0,0.0,0.0,0.0,0.0,0.0,1.0,3.0,0.0,0.0,0.0,0.0,0.0,
FRA-Ligue 1,2021,2020-11-08 Nice-AS Monaco,Nice,Walter Benítez,True,Goalkeeper,1,start,end,1.0,0.0,0.0,0.0,0.0,0.0,0.0,2.0,6.0,0.0,0.0,0.0,0.0,0.0,
FRA-Ligue 1,2021,2020-11-08 Nimes-Angers,Angers,Paul Bernardoni,False,Goalkeeper,1,start,end,1.0,0.0,0.0,0.0,0.0,0.0,0.0,1.0,3.0,0.0,0.0,0.0,0.0,0.0,
FRA-Ligue 1,2021,2020-11-08 Nimes-Angers,Nimes,Baptiste Reynet,True,Goalkeeper,1,start,end,1.0,0.0,0.0,0.0,0.0,0.0,0.0,5.0,3.0,0.0,0.0,0.0,0.0,0.0,
FRA-Ligue 1,2021,2020-11-20 AS Monaco-Paris Saint-Germain,AS Monaco,Vito Mannone,True,Goalkeeper,1,start,end,1.0,0.0,0.0,0.0,0.0,0.0,0.0,2.0,0.0,7.0,0.0,0.0,0.0,0.0,
FRA-Ligue 1,2021,2020-11-20 AS Monaco-Paris Saint-Germain,Paris Saint-Germain,Keylor Navas,False,Goalkeeper,1,start,end,1.0,0.0,0.0,0.0,0.0,0.0,0.0,3.0,0.0,12.0,0.0,0.0,0.0,0.0,
FRA-Ligue 1,2021,2020-11-20 Stade Rennais-Bordeaux,Bordeaux,Benoit Costil,False,Goalkeeper,1,start,end,1.0,0.0,0.0,0.0,0.0,0.0,0.0,0.0,0.0,14.0,0.0,0.0,0.0,0.0,
FRA-Ligue 1,2021,2020-11-20 Stade Rennais-Bordeaux,Stade Rennais,Alfred Gomis,True,Goalkeeper,1,start,end,1.0,0.0,1.0,0.0,0.0,0.0,0.0,1.0,0.0,5.0,0.0,0.0,0.0,0.0,
FRA-Ligue 1,2021,2020-11-21 Brest-Saint-Étienne,Brest,Gautier Larsonneur,True,Goalkeeper,1,start,end,1.0,0.0,0.0,0.0,0.0,0.0,0.0,1.0,0.0,16.0,0.0,0.0,0.0,0.0,
FRA-Ligue 1,2021,2020-11-21 Brest-Saint-Étienne,Saint-Étienne,Jessy Moulin,False,Goalkeeper,1,start,end,1.0,0.0,0.0,0.0,0.0,0.0,0.0,4.0,0.0,6.0,0.0,0.0,0.0,0.0,
FRA-Ligue 1,2021,2020-11-22 Angers-Lyon,Angers,Paul Bernardoni,True,Goalkeeper,1,start,end,1.0,0.0,0.0,0.0,0.0,0.0,0.0,1.0,1.0,0.0,0.0,0.0,0.0,0.0,
FRA-Ligue 1,2021,2020-11-22 Angers-Lyon,Lyon,Anthony Lopes,False,Goalkeeper,1,start,end,1.0,0.0,0.0,0.0,0.0,0.0,0.0,0.0,7.0,0.0,0.0,0.0,0.0,0.0,
FRA-Ligue 1,2021,2020-11-22 Dijon FCO-Lens,Dijon FCO,Anthony Racioppi,True,Goalkeeper,1,start,end,1.0,0.0,0.0,0.0,0.0,0.0,0.0,1.0,3.0,0.0,0.0,0.0,0.0,0.0,
FRA-Ligue 1,2021,2020-11-22 Dijon FCO-Lens,Lens,Jean-Louis Leca,False,Goalkeeper,1,start,end,1.0,0.0,0.0,0.0,0.0,0.0,0.0,0.0,2.0,0.0,0.0,0.0,0.0,0.0,
FRA-Ligue 1,2021,2020-11-22 Lille-Lorient,Lille,Mike Maignan,True,Goalkeeper,1,start,end,1.0,0.0,0.0,0.0,0.0,0.0,0.0,0.0,2.0,0.0,0.0,0.0,0.0,0.0,
FRA-Ligue 1,2021,2020-11-22 Lille-Lorient,Lorient,Paul Nardi,False,Goalkeeper,1,start,end,1.0,0.0,0.0,0.0,0.0,0.0,0.0,4.0,9.0,0.0,0.0,0.0,0.0,0.0,
FRA-Ligue 1,2021,2020-11-22 Montpellier-Strasbourg,Montpellier,Jonas Omlin,True,Goalkeeper,1,start,end,1.0,0.0,0.0,0.0,0.0,0.0,0.0,3.0,0.0,6.0,0.0,0.0,0.0,0.0,
FRA-Ligue 1,2021,2020-11-22 Montpellier-Strasbourg,Strasbourg,Eiji Kawashima,False,Goalkeeper,1,start,end,1.0,0.0,0.0,0.0,0.0,0.0,0.0,4.0,0.0,17.0,0.0,0.0,0.0,0.0,
FRA-Ligue 1,2021,2020-11-22 Nantes-Metz,Metz,Alexandre Oukidja,False,Goalkeeper,1,start,end,1.0,0.0,0.0,0.0,0.0,0.0,1.0,1.0,4.0,0.0,0.0,0.0,0.0,0.0,
FRA-Ligue 1,2021,2020-11-22 Nantes-Metz,Nantes,Alban Lafont,True,Goalkeeper,1,start,end,1.0,0.0,0.0,0.0,0.0,0.0,0.0,1.0,3.0,0.0,0.0,0.0,0.0,0.0,
FRA-Ligue 1,2021,2020-11-22 Stade de Reims-Nimes,Nimes,Baptiste Reynet,False,Goalkeeper,1,start,end,1.0,0.0,0.0,0.0,0.0,0.0,0.0,0.0,6.0,0.0,0.0,0.0,0.0,0.0,
FRA-Ligue 1,2021,2020-11-22 Stade de Reims-Nimes,Stade de Reims,Yehvann Diouf,True,Goalkeeper,1,start,end,1.0,0.0,0.0,0.0,0.0,0.0,0.0,1.0,4.0,0.0,0.0,0.0,0.0,0.0,
FRA-Ligue 1,2021,2020-11-25 Lens-Nantes,Lens,Jean-Louis Leca,True,Goalkeeper,1,start,end,1.0,0.0,0.0,0.0,0.0,0.0,0.0,1.0,2.0,0.0,0.0,0.0,0.0,0.0,
FRA-Ligue 1,2021,2020-11-25 Lens-Nantes,Nantes,Alban Lafont,False,Goalkeeper,1,start,end,1.0,0.0,0.0,0.0,0.0,0.0,0.0,1.0,0.0,0.0,0.0,0.0,0.0,0.0,
FRA-Ligue 1,2021,2020-11-27 Strasbourg-Stade Rennais,Stade Rennais,Alfred Gomis,False,Goalkeeper,1,start,end,1.0,0.0,0.0,0.0,0.0,0.0,0.0,1.0,2.0,0.0,0.0,0.0,0.0,0.0,
FRA-Ligue 1,2021,2020-11-27 Strasbourg-Stade Rennais,Strasbourg,Eiji Kawashima,True,Goalkeeper,1,start,end,1.0,0.0,0.0,0.0,0.0,0.0,0.0,1.0,6.0,0.0,0.0,0.0,0.0,1.0,
FRA-Ligue 1,2021,2020-11-28 Marseille-Nantes,Marseille,Steve Mandanda,True,Goalkeeper,1,start,end,1.0,0.0,0.0,0.0,0.0,0.0,0.0,1.0,1.0,0.0,0.0,0.0,0.0,0.0,
FRA-Ligue 1,2021,2020-11-28 Marseille-Nantes,Nantes,Alban Lafont,False,Goalkeeper,1,start,end,1.0,0.0,1.0,0.0,0.0,0.0,0.0,3.0,6.0,0.0,0.0,0.0,0.0,0.0,
FRA-Ligue 1,2021,2020-11-28 Paris Saint-Germain-Bordeaux,Bordeaux,Benoit Costil,False,Goalkeeper,1,start,end,1.0,0.0,0.0,0.0,0.0,0.0,0.0,2.0,7.0,0.0,0.0,0.0,0.0,0.0,
FRA-Ligue 1,2021,2020-11-28 Paris Saint-Germain-Bordeaux,Paris Saint-Germain,Sergio Rico,True,Goalkeeper,1,start,end,1.0,0.0,0.0,0.0,0.0,0.0,0.0,2.0,3.0,0.0,0.0,0.0,0.0,0.0,
FRA-Ligue 1,2021,2020-11-29 AS Monaco-Nimes,AS Monaco,Vito Mannone,True,Goalkeeper,1,start,end,1.0,0.0,0.0,0.0,0.0,0.0,0.0,0.0,2.0,0.0,0.0,0.0,0.0,0.0,
FRA-Ligue 1,2021,2020-11-29 AS Monaco-Nimes,Nimes,Baptiste Reynet,False,Goalkeeper,1,start,end,1.0,0.0,0.0,0.0,0.0,0.0,0.0,3.0,2.0,0.0,0.0,0.0,0.0,0.0,
FRA-Ligue 1,2021,2020-11-29 Lens-Angers,Angers,Paul Bernardoni,False,Goalkeeper,1,start,end,1.0,0.0,0.0,0.0,0.0,0.0,0.0,1.0,4.0,0.0,0.0,0.0,0.0,0.0,
FRA-Ligue 1,2021,2020-11-29 Lens-Angers,Lens,Jean-Louis Leca,True,Goalkeeper,1,start,end,1.0,0.0,0.0,0.0,0.0,0.0,0.0,3.0,3.0,0.0,0.0,0.0,0.0,0.0,
FRA-Ligue 1,2021,2020-11-29 Lorient-Montpellier,Lorient,Paul Nardi,True,Goalkeeper,1,start,end,1.0,0.0,0.0,0.0,0.0,0.0,0.0,1.0,2.0,0.0,0.0,0.0,0.0,0.0,
FRA-Ligue 1,2021,2020-11-29 Lorient-Montpellier,Montpellier,Jonas Omlin,False,Goalkeeper,1,start,end,1.0,0.0,0.0,0.0,0.0,0.0,0.0,0.0,2.0,0.0,0.0,0.0,0.0,0.0,
FRA-Ligue 1,2021,2020-11-29 Lyon-Stade de Reims,Lyon,Anthony Lopes,True,Goalkeeper,1,start,end,1.0,0.0,1.0,0.0,0.0,0.0,0.0,0.0,0.0,9.0,0.0,0.0,0.0,0.0,
FRA-Ligue 1,2021,2020-11-29 Lyon-Stade de Reims,Stade de Reims,Predrag Rajkovic,False,Goalkeeper,1,start,end,1.0,0.0,0.0,0.0,0.0,0.0,0.0,3.0,0.0,12.0,0.0,0.0,0.0,0.0,
FRA-Ligue 1,2021,2020-11-29 Metz-Brest,Brest,Gautier Larsonneur,False,Goalkeeper,1,start,end,1.0,0.0,0.0,0.0,0.0,0.0,0.0,0.0,6.0,0.0,0.0,0.0,0.0,0.0,
FRA-Ligue 1,2021,2020-11-29 Metz-Brest,Metz,Alexandre Oukidja,True,Goalkeeper,1,start,end,1.0,0.0,0.0,0.0,0.0,0.0,1.0,2.0,2.0,0.0,0.0,0.0,0.0,0.0,
FRA-Ligue 1,2021,2020-11-29 Nice-Dijon FCO,Dijon FCO,Anthony Racioppi,False,Goalkeeper,1,start,end,1.0,0.0,0.0,0.0,0.0,0.0,0.0,1.0,5.0,0.0,0.0,0.0,0.0,0.0,
FRA-Ligue 1,2021,2020-11-29 Nice-Dijon FCO,Nice,Walter Benítez,True,Goalkeeper,1,start,end,1.0,0.0,0.0,0.0,0.0,0.0,0.0,3.0,1.0,0.0,0.0,0.0,0.0,0.0,
FRA-Ligue 1,2021,2020-11-29 Saint-Étienne-Lille,Lille,Mike Maignan,False,Goalkeeper,1,start,end,1.0,0.0,0.0,0.0,0.0,0.0,0.0,1.0,4.0,0.0,0.0,0.0,0.0,0.0,
FRA-Ligue 1,2021,2020-11-29 Saint-Étienne-Lille,Saint-Étienne,Jessy Moulin,True,Goalkeeper,1,start,end,1.0,0.0,0.0,0.0,0.0,0.0,0.0,1.0,1.0,0.0,0.0,0.0,0.0,0.0,
FRA-Ligue 1,2021,2020-12-04 Nimes-Marseille,Marseille,Steve Mandanda,False,Goalkeeper,1,start,end,1.0,0.0,0.0,0.0,0.0,0.0,0.0,0.0,0.0,0.0,0.0,0.0,0.0,0.0,
FRA-Ligue 1,2021,2020-12-04 Nimes-Marseille,Nimes,Baptiste Reynet,True,Goalkeeper,1,start,end,1.0,0.0,0.0,0.0,0.0,0.0,0.0,2.0,2.0,0.0,0.0,0.0,0.0,0.0,
FRA-Ligue 1,2021,2020-12-05 Montpellier-Paris Saint-Germain,Montpellier,Jonas Omlin,True,Goalkeeper,1,start,end,1.0,0.0,0.0,0.0,0.0,0.0,0.0,3.0,3.0,0.0,0.0,0.0,0.0,0.0,
FRA-Ligue 1,2021,2020-12-05 Montpellier-Paris Saint-Germain,Paris Saint-Germain,Keylor Navas,False,Goalkeeper,1,start,end,1.0,0.0,0.0,0.0,0.0,0.0,0.0,1.0,1.0,0.0,0.0,0.0,0.0,0.0,
FRA-Ligue 1,2021,2020-12-05 Stade Rennais-Lens,Lens,Jean-Louis Leca,False,Goalkeeper,1,start,end,1.0,0.0,0.0,0.0,0.0,0.0,0.0,0.0,4.0,0.0,0.0,0.0,0.0,0.0,
FRA-Ligue 1,2021,2020-12-05 Stade Rennais-Lens,Stade Rennais,Romain Salin,True,Goalkeeper,1,start,end,1.0,0.0,0.0,0.0,0.0,0.0,0.0,2.0,2.0,0.0,0.0,0.0,0.0,0.0,
FRA-Ligue 1,2021,2020-12-06 Angers-Lorient,Angers,Paul Bernardoni,True,Goalkeeper,1,start,end,1.0,0.0,0.0,0.0,0.0,0.0,0.0,0.0,3.0,0.0,0.0,0.0,0.0,0.0,
FRA-Ligue 1,2021,2020-12-06 Angers-Lorient,Lorient,Paul Nardi,False,Goalkeeper,1,start,end,1.0,0.0,0.0,0.0,0.0,0.0,0.0,2.0,1.0,0.0,0.0,0.0,0.0,0.0,
FRA-Ligue 1,2021,2020-12-06 Bordeaux-Brest,Bordeaux,Benoit Costil,True,Goalkeeper,1,start,end,1.0,0.0,0.0,0.0,0.0,0.0,0.0,0.0,0.0,9.0,0.0,0.0,0.0,0.0,
FRA-Ligue 1,2021,2020-12-06 Bordeaux-Brest,Brest,Gautier Larsonneur,False,Goalkeeper,1,start,end,1.0,0.0,0.0,0.0,0.0,0.0,0.0,1.0,0.0,20.0,0.0,0.0,0.0,0.0,
FRA-Ligue 1,2021,2020-12-06 Dijon FCO-Saint-Étienne,Dijon FCO,Anthony Racioppi,True,Goalkeeper,1,start,end,1.0,0.0,0.0,0.0,0.0,0.0,0.0,0.0,2.0,0.0,0.0,0.0,0.0,0.0,
FRA-Ligue 1,2021,2020-12-06 Dijon FCO-Saint-Étienne,Saint-Étienne,Jessy Moulin,False,Goalkeeper,1,start,end,1.0,0.0,1.0,0.0,0.0,0.0,0.0,0.0,1.0,0.0,0.0,0.0,0.0,0.0,
FRA-Ligue 1,2021,2020-12-06 Lille-AS Monaco,AS Monaco,Vito Mannone,False,Goalkeeper,1,start,end,1.0,0.0,0.0,0.0,0.0,0.0,0.0,2.0,3.0,0.0,0.0,0.0,0.0,0.0,
FRA-Ligue 1,2021,2020-12-06 Lille-AS Monaco,Lille,Mike Maignan,True,Goalkeeper,1,start,end,1.0,0.0,0.0,0.0,0.0,0.0,0.0,1.0,2.0,0.0,0.0,0.0,0.0,0.0,
FRA-Ligue 1,2021,2020-12-06 Metz-Lyon,Lyon,Anthony Lopes,False,Goalkeeper,1,start,end,1.0,0.0,2.0,0.0,0.0,0.0,0.0,1.0,4.0,0.0,0.0,0.0,0.0,0.0,
FRA-Ligue 1,2021,2020-12-06 Metz-Lyon,Metz,Alexandre Oukidja,True,Goalkeeper,1,start,94,1.0,0.0,1.0,0.0,0.0,0.0,0.0,3.0,2.0,0.0,0.0,0.0,0.0,0.0,
FRA-Ligue 1,2021,2020-12-06 Nantes-Strasbourg,Nantes,Alban Lafont,True,Goalkeeper,1,start,end,1.0,0.0,0.0,0.0,0.0,0.0,0.0,4.0,4.0,0.0,0.0,0.0,0.0,0.0,
FRA-Ligue 1,2021,2020-12-06 Nantes-Strasbourg,Strasbourg,Eiji Kawashima,False,Goalkeeper,1,start,end,1.0,0.0,0.0,0.0,0.0,0.0,0.0,0.0,2.0,0.0,0.0,0.0,0.0,0.0,
FRA-Ligue 1,2021,2020-12-06 Stade de Reims-Nice,Nice,Walter Benítez,False,Goalkeeper,1,start,end,1.0,0.0,1.0,0.0,0.0,0.0,0.0,0.0,2.0,0.0,0.0,0.0,0.0,0.0,
FRA-Ligue 1,2021,2020-12-06 Stade de Reims-Nice,Stade de Reims,Predrag Rajkovic,True,Goalkeeper,1,start,end,1.0,0.0,0.0,0.0,0.0,0.0,0.0,0.0,4.0,0.0,0.0,0.0,0.0,0.0,
FRA-Ligue 1,2021,2020-12-11 Saint-Étienne-Angers,Angers,Paul Bernardoni,False,Goalkeeper,1,start,end,1.0,0.0,1.0,0.0,0.0,0.0,0.0,0.0,3.0,0.0,0.0,0.0,0.0,0.0,
FRA-Ligue 1,2021,2020-12-11 Saint-Étienne-Angers,Saint-Étienne,Jessy Moulin,True,Goalkeeper,1,start,end,1.0,0.0,0.0,0.0,0.0,0.0,0.0,0.0,3.0,0.0,0.0,0.0,0.0,0.0,
FRA-Ligue 1,2021,2020-12-12 Lens-Montpellier,Lens,Jean-Louis Leca,True,Goalkeeper,1,start,end,1.0,0.0,0.0,0.0,0.0,0.0,0.0,3.0,0.0,8.0,0.0,0.0,0.0,0.0,
FRA-Ligue 1,2021,2020-12-12 Lens-Montpellier,Montpellier,Jonas Omlin,False,Goalkeeper,1,start,end,1.0,1.0,0.0,1.0,0.0,0.0,0.0,1.0,0.0,13.0,0.0,1.0,0.0,1.0,
FRA-Ligue 1,2021,2020-12-12 Marseille-AS Monaco,AS Monaco,Vito Mannone,False,Goalkeeper,1,start,end,1.0,0.0,0.0,0.0,0.0,0.0,0.0,2.0,0.0,3.0,0.0,0.0,0.0,0.0,
FRA-Ligue 1,2021,2020-12-12 Marseille-AS Monaco,Marseille,Steve Mandanda,True,Goalkeeper,1,start,end,1.0,0.0,0.0,0.0,0.0,0.0,0.0,1.0,0.0,8.0,0.0,0.0,0.0,0.0,
FRA-Ligue 1,2021,2020-12-13 Brest-Stade de Reims,Brest,Gautier Larsonneur,True,Goalkeeper,1,start,end,1.0,0.0,0.0,0.0,0.0,0.0,0.0,1.0,0.0,9.0,0.0,0.0,0.0,0.0,
FRA-Ligue 1,2021,2020-12-13 Brest-Stade de Reims,Stade de Reims,Predrag Rajkovic,False,Goalkeeper,1,start,end,1.0,0.0,0.0,0.0,0.0,0.0,0.0,2.0,0.0,7.0,0.0,0.0,0.0,0.0,
FRA-Ligue 1,2021,2020-12-13 Lille-Bordeaux,Bordeaux,Benoit Costil,False,Goalkeeper,1,start,end,1.0,0.0,0.0,0.0,0.0,0.0,0.0,2.0,0.0,13.0,0.0,0.0,0.0,0.0,
FRA-Ligue 1,2021,2020-12-13 Lille-Bordeaux,Lille,Mike Maignan,True,Goalkeeper,1,start,end,1.0,0.0,1.0,0.0,0.0,0.0,0.0,1.0,0.0,3.0,0.0,0.0,0.0,0.0,
FRA-Ligue 1,2021,2020-12-13 Lorient-Nimes,Lorient,Paul Nardi,True,Goalkeeper,1,start,end,1.0,0.0,0.0,0.0,0.0,0.0,0.0,0.0,0.0,6.0,0.0,0.0,0.0,0.0,
FRA-Ligue 1,2021,2020-12-13 Lorient-Nimes,Nimes,Baptiste Reynet,False,Goalkeeper,1,start,end,1.0,0.0,0.0,0.0,0.0,0.0,0.0,3.0,0.0,10.0,0.0,0.0,0.0,0.0,
FRA-Ligue 1,2021,2020-12-13 Nantes-Dijon FCO,Dijon FCO,Anthony Racioppi,False,Goalkeeper,1,start,end,1.0,0.0,1.0,0.0,0.0,0.0,0.0,1.0,0.0,16.0,0.0,0.0,0.0,0.0,
FRA-Ligue 1,2021,2020-12-13 Nantes-Dijon FCO,Nantes,Alban Lafont,True,Goalkeeper,1,start,end,1.0,0.0,1.0,0.0,0.0,0.0,0.0,1.0,0.0,12.0,0.0,0.0,0.0,0.0,
FRA-Ligue 1,2021,2020-12-13 Nice-Stade Rennais,Nice,Walter Benítez,True,Goalkeeper,1,start,end,1.0,0.0,0.0,0.0,0.0,0.0,0.0,1.0,0.0,15.0,0.0,0.0,0.0,0.0,
FRA-Ligue 1,2021,2020-12-13 Nice-Stade Rennais,Stade Rennais,Romain Salin,False,Goalkeeper,1,start,end,1.0,0.0,0.0,0.0,0.0,0.0,0.0,0.0,0.0,11.0,0.0,0.0,0.0,0.0,
FRA-Ligue 1,2021,2020-12-13 Paris Saint-Germain-Lyon,Lyon,Anthony Lopes,False,Goalkeeper,1,start,end,1.0,0.0,0.0,0.0,0.0,0.0,0.0,0.0,0.0,7.0,0.0,0.0,0.0,0.0,
FRA-Ligue 1,2021,2020-12-13 Paris Saint-Germain-Lyon,Paris Saint-Germain,Keylor Navas,True,Goalkeeper,1,start,end,1.0,0.0,0.0,0.0,0.0,0.0,0.0,1.0,0.0,8.0,0.0,0.0,0.0,0.0,
FRA-Ligue 1,2021,2020-12-13 Strasbourg-Metz,Metz,Alexandre Oukidja,False,Goalkeeper,1,start,end,1.0,0.0,1.0,0.0,0.0,0.0,1.0,2.0,0.0,15.0,0.0,0.0,0.0,0.0,
FRA-Ligue 1,2021,2020-12-13 Strasbourg-Metz,Strasbourg,Eiji Kawashima,True,Goalkeeper,1,start,end,1.0,0.0,1.0,0.0,0.0,0.0,0.0,2.0,0.0,3.0,0.0,0.0,0.0,0.0,
FRA-Ligue 1,2021,2020-12-16 AS Monaco-Lens,AS Monaco,Vito Mannone,True,Goalkeeper,1,start,end,1.0,0.0,0.0,0.0,0.0,0.0,0.0,3.0,0.0,5.0,0.0,0.0,0.0,0.0,
FRA-Ligue 1,2021,2020-12-16 AS Monaco-Lens,Lens,Jean-Louis Leca,False,Goalkeeper,1,start,end,1.0,0.0,0.0,0.0,0.0,0.0,0.0,0.0,0.0,7.0,0.0,0.0,0.0,0.0,
FRA-Ligue 1,2021,2020-12-16 Angers-Strasbourg,Angers,Paul Bernardoni,True,Goalkeeper,1,start,end,1.0,0.0,1.0,0.0,0.0,0.0,0.0,2.0,0.0,5.0,0.0,0.0,0.0,0.0,
FRA-Ligue 1,2021,2020-12-16 Angers-Strasbourg,Strasbourg,Eiji Kawashima,False,Goalkeeper,1,start,end,1.0,0.0,0.0,0.0,0.0,0.0,0.0,0.0,0.0,9.0,0.0,0.0,0.0,0.0,
FRA-Ligue 1,2021,2020-12-16 Bordeaux-Saint-Étienne,Bordeaux,Benoit Costil,True,Goalkeeper,1,start,end,1.0,0.0,0.0,0.0,0.0,0.0,0.0,2.0,0.0,17.0,0.0,0.0,0.0,0.0,
FRA-Ligue 1,2021,2020-12-16 Bordeaux-Saint-Étienne,Saint-Étienne,Jessy Moulin,False,Goalkeeper,1,start,end,1.0,0.0,0.0,0.0,0.0,0.0,0.0,1.0,0.0,11.0,0.0,0.0,0.0,0.0,
FRA-Ligue 1,2021,2020-12-16 Dijon FCO-Lille,Dijon FCO,Anthony Racioppi,True,Goalkeeper,1,start,end,1.0,0.0,0.0,0.0,0.0,0.0,0.0,2.0,0.0,8.0,0.0,0.0,0.0,0.0,
FRA-Ligue 1,2021,2020-12-16 Dijon FCO-Lille,Lille,Mike Maignan,False,Goalkeeper,1,start,end,1.0,0.0,1.0,0.0,0.0,0.0,0.0,0.0,0.0,6.0,0.0,0.0,0.0,0.0,
FRA-Ligue 1,2021,2020-12-16 Lyon-Brest,Brest,Gautier Larsonneur,False,Goalkeeper,1,start,end,1.0,0.0,1.0,0.0,0.0,0.0,0.0,2.0,0.0,26.0,0.0,0.0,0.0,0.0,
FRA-Ligue 1,2021,2020-12-16 Lyon-Brest,Lyon,Anthony Lopes,True,Goalkeeper,1,start,end,1.0,1.0,0.0,1.0,0.0,0.0,1.0,1.0,0.0,7.0,0.0,1.0,0.0,1.0,
FRA-Ligue 1,2021,2020-12-16 Montpellier-Metz,Metz,Alexandre Oukidja,False,Goalkeeper,1,start,end,1.0,0.0,0.0,0.0,0.0,0.0,0.0,0.0,0.0,14.0,0.0,0.0,0.0,0.0,
FRA-Ligue 1,2021,2020-12-16 Montpellier-Metz,Montpellier,Jonas Omlin,True,Goalkeeper,1,start,end,1.0,0.0,0.0,0.0,0.0,0.0,0.0,2.0,0.0,7.0,0.0,0.0,0.0,0.0,
FRA-Ligue 1,2021,2020-12-16 Nimes-Nice,Nice,Walter Benítez,False,Goalkeeper,1,start,end,1.0,0.0,0.0,0.0,0.0,0.0,0.0,0.0,0.0,15.0,0.0,0.0,0.0,0.0,
FRA-Ligue 1,2021,2020-12-16 Nimes-Nice,Nimes,Baptiste Reynet,True,Goalkeeper,1,start,end,1.0,0.0,0.0,0.0,0.0,0.0,0.0,2.0,0.0,13.0,0.0,0.0,0.0,0.0,
FRA-Ligue 1,2021,2020-12-16 Paris Saint-Germain-Lorient,Lorient,Paul Nardi,False,Goalkeeper,1,start,end,1.0,0.0,0.0,0.0,0.0,0.0,0.0,2.0,0.0,23.0,0.0,0.0,0.0,0.0,
FRA-Ligue 1,2021,2020-12-16 Paris Saint-Germain-Lorient,Paris Saint-Germain,Sergio Rico,True,Goalkeeper,1,start,end,1.0,0.0,0.0,0.0,0.0,0.0,0.0,0.0,0.0,8.0,0.0,0.0,0.0,0.0,
FRA-Ligue 1,2021,2020-12-16 Stade Rennais-Marseille,Marseille,Steve Mandanda,False,Goalkeeper,1,start,end,1.0,0.0,0.0,0.0,0.0,0.0,0.0,2.0,0.0,13.0,0.0,0.0,0.0,0.0,
FRA-Ligue 1,2021,2020-12-16 Stade Rennais-Marseille,Stade Rennais,Romain Salin,True,Goalkeeper,1,start,end,1.0,0.0,0.0,0.0,0.0,0.0,0.0,1.0,0.0,7.0,0.0,0.0,0.0,0.0,
FRA-Ligue 1,2021,2020-12-16 Stade de Reims-Nantes,Nantes,Alban Lafont,False,Goalkeeper,1,start,end,1.0,0.0,0.0,0.0,0.0,0.0,0.0,3.0,0.0,10.0,0.0,0.0,0.0,0.0,
FRA-Ligue 1,2021,2020-12-16 Stade de Reims-Nantes,Stade de Reims,Predrag Rajkovic,True,Goalkeeper,1,start,end,1.0,0.0,1.0,0.0,0.0,0.0,0.0,2.0,0.0,17.0,0.0,0.0,0.0,0.0,
FRA-Ligue 1,2021,2020-12-19 Marseille-Stade de Reims,Marseille,Steve Mandanda,True,Goalkeeper,1,start,end,1.0,0.0,0.0,0.0,0.0,0.0,0.0,0.0,0.0,3.0,0.0,0.0,0.0,0.0,
FRA-Ligue 1,2021,2020-12-19 Marseille-Stade de Reims,Stade de Reims,Predrag Rajkovic,False,Goalkeeper,1,start,end,1.0,0.0,1.0,0.0,0.0,0.0,0.0,1.0,0.0,11.0,0.0,0.0,0.0,0.0,
FRA-Ligue 1,2021,2020-12-19 Metz-Lens,Lens,Jean-Louis Leca,False,Goalkeeper,1,start,end,1.0,0.0,0.0,0.0,0.0,0.0,0.0,2.0,0.0,10.0,0.0,0.0,0.0,0.0,
FRA-Ligue 1,2021,2020-12-19 Metz-Lens,Metz,Alexandre Oukidja,True,Goalkeeper,1,start,end,1.0,0.0,0.0,0.0,0.0,0.0,0.0,0.0,0.0,17.0,0.0,0.0,0.0,0.0,
FRA-Ligue 1,2021,2020-12-19 Nice-Lyon,Lyon,Anthony Lopes,False,Goalkeeper,1,start,end,1.0,0.0,1.0,0.0,0.0,0.0,0.0,1.0,0.0,7.0,0.0,0.0,0.0,0.0,
FRA-Ligue 1,2021,2020-12-19 Nice-Lyon,Nice,Walter Benítez,True,Goalkeeper,1,start,end,1.0,0.0,0.0,0.0,0.0,0.0,0.0,4.0,0.0,9.0,0.0,0.0,0.0,0.0,
FRA-Ligue 1,2021,2020-12-20 Brest-Montpellier,Brest,Gautier Larsonneur,True,Goalkeeper,1,start,end,1.0,0.0,0.0,0.0,0.0,0.0,0.0,2.0,0.0,8.0,0.0,0.0,0.0,0.0,
FRA-Ligue 1,2021,2020-12-20 Brest-Montpellier,Montpellier,Jonas Omlin,False,Goalkeeper,1,start,end,1.0,0.0,0.0,0.0,0.0,0.0,0.0,2.0,0.0,15.0,0.0,0.0,0.0,0.0,
FRA-Ligue 1,2021,2020-12-20 Dijon FCO-AS Monaco,AS Monaco,Vito Mannone,False,Goalkeeper,1,start,end,1.0,0.0,0.0,0.0,0.0,0.0,0.0,0.0,0.0,11.0,0.0,0.0,0.0,0.0,
FRA-Ligue 1,2021,2020-12-20 Dijon FCO-AS Monaco,Dijon FCO,Anthony Racioppi,True,Goalkeeper,1,start,end,1.0,0.0,0.0,0.0,0.0,0.0,0.0,1.0,0.0,12.0,0.0,0.0,0.0,0.0,
FRA-Ligue 1,2021,2020-12-20 Lille-Paris Saint-Germain,Lille,Mike Maignan,True,Goalkeeper,1,start,end,1.0,0.0,0.0,0.0,0.0,0.0,0.0,0.0,0.0,8.0,0.0,0.0,0.0,0.0,
FRA-Ligue 1,2021,2020-12-20 Lille-Paris Saint-Germain,Paris Saint-Germain,Keylor Navas,False,Goalkeeper,1,start,end,1.0,0.0,0.0,0.0,0.0,0.0,0.0,0.0,0.0,8.0,0.0,0.0,0.0,0.0,
FRA-Ligue 1,2021,2020-12-20 Lorient-Stade Rennais,Lorient,Paul Nardi,True,Goalkeeper,1,start,end,1.0,0.0,0.0,0.0,0.0,0.0,0.0,3.0,0.0,12.0,0.0,0.0,0.0,0.0,
FRA-Ligue 1,2021,2020-12-20 Lorient-Stade Rennais,Stade Rennais,Romain Salin,False,Goalkeeper,1,start,end,1.0,0.0,0.0,0.0,0.0,0.0,0.0,0.0,0.0,11.0,0.0,0.0,0.0,0.0,
FRA-Ligue 1,2021,2020-12-20 Nantes-Angers,Angers,Paul Bernardoni,False,Goalkeeper,1,start,end,1.0,0.0,2.0,0.0,0.0,0.0,0.0,1.0,0.0,8.0,0.0,0.0,0.0,0.0,
FRA-Ligue 1,2021,2020-12-20 Nantes-Angers,Nantes,Alban Lafont,True,Goalkeeper,1,start,end,1.0,0.0,0.0,0.0,0.0,0.0,0.0,1.0,0.0,11.0,0.0,0.0,0.0,0.0,
FRA-Ligue 1,2021,2020-12-20 Saint-Étienne-Nimes,Nimes,Baptiste Reynet,False,Goalkeeper,1,start,end,1.0,1.0,0.0,0.0,0.0,0.0,1.0,2.0,0.0,15.0,0.0,0.0,0.0,0.0,
FRA-Ligue 1,2021,2020-12-20 Saint-Étienne-Nimes,Saint-Étienne,Jessy Moulin,True,Goalkeeper,1,start,end,1.0,0.0,1.0,0.0,0.0,0.0,0.0,2.0,0.0,9.0,0.0,0.0,0.0,0.0,
FRA-Ligue 1,2021,2020-12-20 Strasbourg-Bordeaux,Bordeaux,Benoit Costil,False,Goalkeeper,1,start,end,1.0,0.0,0.0,0.0,0.0,0.0,0.0,0.0,0.0,10.0,0.0,0.0,0.0,0.0,
FRA-Ligue 1,2021,2020-12-20 Strasbourg-Bordeaux,Strasbourg,Eiji Kawashima,True,Goalkeeper,1,start,end,1.0,0.0,0.0,0.0,0.0,0.0,0.0,2.0,0.0,9.0,0.0,0.0,0.0,0.0,
FRA-Ligue 1,2021,2020-12-23 AS Monaco-Saint-Étienne,AS Monaco,Vito Mannone,True,Goalkeeper,1,start,end,1.0,0.0,1.0,0.0,0.0,0.0,0.0,2.0,0.0,16.0,0.0,0.0,0.0,0.0,
FRA-Ligue 1,2021,2020-12-23 AS Monaco-Saint-Étienne,Saint-Étienne,Jessy Moulin,False,Goalkeeper,1,start,end,1.0,0.0,0.0,0.0,0.0,0.0,0.0,2.0,0.0,0.0,0.0,0.0,0.0,0.0,
FRA-Ligue 1,2021,2020-12-23 Angers-Marseille,Angers,Paul Bernardoni,True,Goalkeeper,1,start,end,1.0,0.0,0.0,0.0,0.0,0.0,0.0,1.0,0.0,6.0,0.0,0.0,0.0,0.0,
FRA-Ligue 1,2021,2020-12-23 Angers-Marseille,Marseille,Steve Mandanda,False,Goalkeeper,1,start,end,1.0,0.0,0.0,0.0,0.0,0.0,0.0,2.0,0.0,7.0,0.0,0.0,0.0,0.0,
FRA-Ligue 1,2021,2020-12-23 Bordeaux-Stade de Reims,Bordeaux,Benoit Costil,True,Goalkeeper,1,start,end,1.0,0.0,0.0,0.0,0.0,0.0,0.0,3.0,0.0,7.0,0.0,0.0,0.0,0.0,
FRA-Ligue 1,2021,2020-12-23 Bordeaux-Stade de Reims,Stade de Reims,Predrag Rajkovic,False,Goalkeeper,1,start,end,1.0,0.0,1.0,0.0,0.0,0.0,0.0,1.0,0.0,8.0,0.0,0.0,0.0,0.0,
FRA-Ligue 1,2021,2020-12-23 Lens-Brest,Brest,Gautier Larsonneur,False,Goalkeeper,1,start,end,1.0,0.0,0.0,0.0,0.0,0.0,0.0,2.0,0.0,9.0,0.0,0.0,0.0,0.0,
FRA-Ligue 1,2021,2020-12-23 Lens-Brest,Lens,Jean-Louis Leca,True,Goalkeeper,1,start,85,1.0,0.0,0.0,0.0,0.0,0.0,0.0,0.0,0.0,9.0,0.0,0.0,0.0,0.0,
FRA-Ligue 1,2021,2020-12-23 Lyon-Nantes,Lyon,Anthony Lopes,True,Goalkeeper,1,start,end,1.0,0.0,0.0,0.0,0.0,0.0,0.0,0.0,0.0,18.0,0.0,0.0,0.0,0.0,
FRA-Ligue 1,2021,2020-12-23 Lyon-Nantes,Nantes,Alban Lafont,False,Goalkeeper,1,start,end,1.0,0.0,0.0,0.0,0.0,0.0,0.0,3.0,0.0,19.0,0.0,0.0,0.0,0.0,
FRA-Ligue 1,2021,2020-12-23 Montpellier-Lille,Lille,Mike Maignan,False,Goalkeeper,1,start,end,1.0,0.0,1.0,0.0,0.0,0.0,0.0,2.0,0.0,15.0,0.0,0.0,0.0,0.0,
FRA-Ligue 1,2021,2020-12-23 Montpellier-Lille,Montpellier,Jonas Omlin,True,Goalkeeper,1,start,end,1.0,0.0,0.0,0.0,0.0,0.0,0.0,3.0,0.0,6.0,0.0,0.0,0.0,0.0,
FRA-Ligue 1,2021,2020-12-23 Nice-Lorient,Lorient,Paul Nardi,False,Goalkeeper,1,start,end,1.0,0.0,0.0,0.0,0.0,0.0,0.0,2.0,0.0,1.0,0.0,0.0,0.0,0.0,
FRA-Ligue 1,2021,2020-12-23 Nice-Lorient,Nice,Walter Benítez,True,Goalkeeper,1,start,end,1.0,0.0,0.0,0.0,0.0,0.0,0.0,2.0,0.0,22.0,0.0,0.0,0.0,0.0,
FRA-Ligue 1,2021,2020-12-23 Nimes-Dijon FCO,Dijon FCO,Anthony Racioppi,False,Goalkeeper,1,start,end,1.0,0.0,0.0,0.0,0.0,0.0,0.0,1.0,0.0,7.0,0.0,0.0,0.0,0.0,
FRA-Ligue 1,2021,2020-12-23 Nimes-Dijon FCO,Nimes,Baptiste Reynet,True,Goalkeeper,1,start,end,1.0,0.0,0.0,0.0,0.0,0.0,0.0,3.0,0.0,11.0,0.0,0.0,0.0,0.0,
FRA-Ligue 1,2021,2020-12-23 Paris Saint-Germain-Strasbourg,Paris Saint-Germain,Keylor Navas,True,Goalkeeper,1,start,end,1.0,0.0,0.0,0.0,0.0,0.0,0.0,0.0,0.0,8.0,0.0,0.0,0.0,0.0,
FRA-Ligue 1,2021,2020-12-23 Paris Saint-Germain-Strasbourg,Strasbourg,Eiji Kawashima,False,Goalkeeper,1,start,end,1.0,0.0,0.0,0.0,0.0,0.0,0.0,4.0,0.0,13.0,0.0,0.0,0.0,0.0,
FRA-Ligue 1,2021,2020-12-23 Stade Rennais-Metz,Metz,Marc-Aurele Caillard,False,Goalkeeper,1,start,end,1.0,0.0,0.0,0.0,0.0,0.0,0.0,1.0,0.0,10.0,0.0,0.0,0.0,0.0,
FRA-Ligue 1,2021,2020-12-23 Stade Rennais-Metz,Stade Rennais,Romain Salin,True,Goalkeeper,1,start,end,1.0,0.0,0.0,0.0,0.0,0.0,0.0,0.0,0.0,9.0,0.0,0.0,0.0,0.0,
FRA-Ligue 1,2021,2021-01-06 Brest-Nice,Brest,Gautier Larsonneur,True,Goalkeeper,1,start,end,1.0,0.0,0.0,0.0,0.0,0.0,0.0,0.0,0.0,13.0,0.0,0.0,0.0,0.0,
FRA-Ligue 1,2021,2021-01-06 Brest-Nice,Nice,Walter Benítez,False,Goalkeeper,1,start,end,1.0,0.0,0.0,0.0,0.0,0.0,0.0,2.0,0.0,8.0,0.0,0.0,0.0,0.0,
FRA-Ligue 1,2021,2021-01-06 Lille-Angers,Angers,Paul Bernardoni,False,Goalkeeper,1,start,end,1.0,0.0,0.0,0.0,0.0,0.0,0.0,1.0,0.0,6.0,0.0,0.0,0.0,0.0,
FRA-Ligue 1,2021,2021-01-06 Lille-Angers,Lille,Mike Maignan,True,Goalkeeper,1,start,end,1.0,0.0,1.0,0.0,0.0,0.0,0.0,2.0,0.0,5.0,0.0,0.0,0.0,0.0,
FRA-Ligue 1,2021,2021-01-06 Lorient-AS Monaco,AS Monaco,Vito Mannone,False,Goalkeeper,1,start,end,1.0,0.0,0.0,0.0,0.0,0.0,0.0,2.0,0.0,10.0,0.0,0.0,0.0,0.0,
FRA-Ligue 1,2021,2021-01-06 Lorient-AS Monaco,Lorient,Paul Nardi,True,Goalkeeper,1,start,end,1.0,0.0,0.0,0.0,0.0,0.0,0.0,5.0,0.0,11.0,0.0,0.0,0.0,0.0,
FRA-Ligue 1,2021,2021-01-06 Lyon-Lens,Lens,Jean-Louis Leca,False,Goalkeeper,1,start,end,1.0,1.0,0.0,0.0,0.0,0.0,1.0,2.0,0.0,9.0,0.0,0.0,0.0,0.0,
FRA-Ligue 1,2021,2021-01-06 Lyon-Lens,Lyon,Anthony Lopes,True,Goalkeeper,1,start,end,1.0,0.0,1.0,0.0,0.0,0.0,0.0,2.0,0.0,9.0,0.0,0.0,0.0,0.0,
FRA-Ligue 1,2021,2021-01-06 Marseille-Montpellier,Marseille,Steve Mandanda,True,Goalkeeper,1,start,end,1.0,0.0,0.0,0.0,0.0,0.0,0.0,1.0,0.0,12.0,0.0,0.0,0.0,0.0,
FRA-Ligue 1,2021,2021-01-06 Marseille-Montpellier,Montpellier,Jonas Omlin,False,Goalkeeper,1,start,end,1.0,0.0,0.0,0.0,0.0,0.0,0.0,3.0,0.0,15.0,0.0,0.0,0.0,0.0,
FRA-Ligue 1,2021,2021-01-06 Metz-Bordeaux,Bordeaux,Benoit Costil,False,Goalkeeper,1,start,end,1.0,0.0,0.0,0.0,0.0,0.0,0.0,0.0,0.0,9.0,0.0,0.0,0.0,0.0,
FRA-Ligue 1,2021,2021-01-06 Metz-Bordeaux,Metz,Alexandre Oukidja,True,Goalkeeper,1,start,end,1.0,0.0,1.0,0.0,0.0,0.0,0.0,0.0,0.0,12.0,0.0,0.0,0.0,0.0,
FRA-Ligue 1,2021,2021-01-06 Nantes-Stade Rennais,Nantes,Alban Lafont,True,Goalkeeper,1,start,end,1.0,0.0,0.0,0.0,0.0,0.0,0.0,0.0,0.0,8.0,0.0,0.0,0.0,0.0,
FRA-Ligue 1,2021,2021-01-06 Nantes-Stade Rennais,Stade Rennais,Romain Salin,False,Goalkeeper,1,start,end,1.0,0.0,0.0,0.0,0.0,0.0,0.0,0.0,0.0,7.0,0.0,0.0,0.0,0.0,
FRA-Ligue 1,2021,2021-01-06 Saint-Étienne-Paris Saint-Germain,Paris Saint-Germain,Keylor Navas,False,Goalkeeper,1,start,end,1.0,0.0,0.0,0.0,0.0,0.0,0.0,1.0,0.0,10.0,0.0,0.0,0.0,0.0,
FRA-Ligue 1,2021,2021-01-06 Saint-Étienne-Paris Saint-Germain,Saint-Étienne,Jessy Moulin,True,Goalkeeper,1,start,end,1.0,0.0,0.0,0.0,0.0,0.0,0.0,1.0,0.0,10.0,0.0,0.0,0.0,0.0,
FRA-Ligue 1,2021,2021-01-06 Stade de Reims-Dijon FCO,Dijon FCO,Anthony Racioppi,False,Goalkeeper,1,start,end,1.0,0.0,0.0,0.0,0.0,0.0,0.0,0.0,0.0,9.0,0.0,0.0,0.0,0.0,
FRA-Ligue 1,2021,2021-01-06 Stade de Reims-Dijon FCO,Stade de Reims,Predrag Rajkovic,True,Goalkeeper,1,start,end,1.0,0.0,0.0,0.0,0.0,0.0,0.0,0.0,0.0,8.0,0.0,0.0,0.0,0.0,
FRA-Ligue 1,2021,2021-01-06 Strasbourg-Nimes,Nimes,Baptiste Reynet,False,Goalkeeper,1,start,end,1.0,0.0,0.0,0.0,0.0,0.0,0.0,5.0,0.0,15.0,0.0,0.0,0.0,0.0,
FRA-Ligue 1,2021,2021-01-06 Strasbourg-Nimes,Strasbourg,Eiji Kawashima,True,Goalkeeper,1,start,end,1.0,0.0,0.0,0.0,0.0,0.0,0.0,0.0,0.0,6.0,0.0,0.0,0.0,0.0,
FRA-Ligue 1,2021,2021-01-09 AS Monaco-Angers,AS Monaco,Benjamin Lecomte,True,Goalkeeper,1,start,end,1.0,0.0,0.0,0.0,0.0,0.0,0.0,0.0,0.0,6.0,0.0,0.0,0.0,0.0,
FRA-Ligue 1,2021,2021-01-09 AS Monaco-Angers,Angers,Paul Bernardoni,False,Goalkeeper,1,start,end,1.0,0.0,0.0,0.0,0.0,0.0,0.0,3.0,0.0,11.0,0.0,0.0,0.0,0.0,
FRA-Ligue 1,2021,2021-01-09 Bordeaux-Lorient,Bordeaux,Benoit Costil,True,Goalkeeper,1,start,end,1.0,0.0,0.0,0.0,0.0,0.0,0.0,1.0,0.0,11.0,0.0,0.0,0.0,0.0,
FRA-Ligue 1,2021,2021-01-09 Bordeaux-Lorient,Lorient,Mathieu Dreyer,False,Goalkeeper,1,start,end,1.0,0.0,0.0,0.0,0.0,0.0,0.0,2.0,0.0,14.0,0.0,0.0,0.0,0.0,
FRA-Ligue 1,2021,2021-01-09 Dijon FCO-Marseille,Dijon FCO,Anthony Racioppi,True,Goalkeeper,1,start,end,1.0,0.0,0.0,0.0,0.0,0.0,0.0,0.0,0.0,11.0,0.0,0.0,0.0,0.0,
FRA-Ligue 1,2021,2021-01-09 Dijon FCO-Marseille,Marseille,Steve Mandanda,False,Goalkeeper,1,start,end,1.0,0.0,0.0,0.0,0.0,0.0,0.0,0.0,0.0,4.0,0.0,0.0,0.0,0.0,
FRA-Ligue 1,2021,2021-01-09 Lens-Strasbourg,Lens,Jean-Louis Leca,True,Goalkeeper,1,start,end,1.0,0.0,0.0,0.0,0.0,0.0,0.0,1.0,0.0,9.0,0.0,0.0,0.0,0.0,
FRA-Ligue 1,2021,2021-01-09 Lens-Strasbourg,Strasbourg,Eiji Kawashima,False,Goalkeeper,1,start,end,1.0,0.0,0.0,0.0,0.0,0.0,0.0,0.0,0.0,11.0,0.0,0.0,0.0,0.0,
FRA-Ligue 1,2021,2021-01-09 Metz-Nice,Metz,Alexandre Oukidja,True,Goalkeeper,1,start,end,1.0,0.0,0.0,0.0,0.0,0.0,0.0,1.0,0.0,10.0,0.0,0.0,0.0,0.0,
FRA-Ligue 1,2021,2021-01-09 Metz-Nice,Nice,Walter Benítez,False,Goalkeeper,1,start,end,1.0,0.0,0.0,0.0,0.0,0.0,0.0,1.0,0.0,15.0,0.0,0.0,0.0,0.0,
FRA-Ligue 1,2021,2021-01-09 Montpellier-Nantes,Montpellier,Jonas Omlin,True,Goalkeeper,1,start,end,1.0,0.0,0.0,0.0,0.0,0.0,0.0,1.0,0.0,11.0,0.0,0.0,0.0,0.0,
FRA-Ligue 1,2021,2021-01-09 Montpellier-Nantes,Nantes,Alban Lafont,False,Goalkeeper,1,start,end,1.0,0.0,0.0,0.0,0.0,0.0,0.0,1.0,0.0,7.0,0.0,0.0,0.0,0.0,
FRA-Ligue 1,2021,2021-01-09 Nimes-Lille,Lille,Mike Maignan,False,Goalkeeper,1,start,end,1.0,0.0,0.0,0.0,0.0,0.0,0.0,0.0,0.0,7.0,0.0,0.0,0.0,0.0,
FRA-Ligue 1,2021,2021-01-09 Nimes-Lille,Nimes,Baptiste Reynet,True,Goalkeeper,1,start,end,1.0,0.0,0.0,0.0,0.0,0.0,0.0,1.0,0.0,9.0,0.0,0.0,0.0,0.0,
FRA-Ligue 1,2021,2021-01-09 Paris Saint-Germain-Brest,Brest,Gautier Larsonneur,False,Goalkeeper,1,start,end,1.0,0.0,0.0,0.0,0.0,0.0,0.0,3.0,0.0,19.0,0.0,0.0,0.0,0.0,
FRA-Ligue 1,2021,2021-01-09 Paris Saint-Germain-Brest,Paris Saint-Germain,Keylor Navas,True,Goalkeeper,1,start,end,1.0,0.0,0.0,0.0,0.0,0.0,0.0,0.0,0.0,12.0,0.0,0.0,0.0,0.0,
FRA-Ligue 1,2021,2021-01-09 Stade Rennais-Lyon,Lyon,Anthony Lopes,False,Goalkeeper,1,start,end,1.0,0.0,0.0,0.0,0.0,0.0,0.0,2.0,0.0,13.0,0.0,0.0,0.0,0.0,
FRA-Ligue 1,2021,2021-01-09 Stade Rennais-Lyon,Stade Rennais,Romain Salin,True,Goalkeeper,1,start,end,1.0,0.0,0.0,0.0,0.0,0.0,0.0,2.0,0.0,11.0,0.0,0.0,0.0,0.0,
FRA-Ligue 1,2021,2021-01-09 Stade de Reims-Saint-Étienne,Saint-Étienne,Jessy Moulin,False,Goalkeeper,1,start,end,1.0,0.0,0.0,0.0,0.0,0.0,1.0,3.0,0.0,4.0,0.0,0.0,0.0,0.0,
FRA-Ligue 1,2021,2021-01-09 Stade de Reims-Saint-Étienne,Stade de Reims,Predrag Rajkovic,True,Goalkeeper,1,start,end,1.0,0.0,0.0,0.0,0.0,0.0,0.0,1.0,0.0,13.0,0.0,0.0,0.0,0.0,
FRA-Ligue 1,2021,2021-01-15 Montpellier-AS Monaco,AS Monaco,Benjamin Lecomte,False,Goalkeeper,1,start,end,1.0,0.0,0.0,0.0,0.0,0.0,0.0,2.0,1.0,0.0,0.0,0.0,0.0,0.0,
FRA-Ligue 1,2021,2021-01-15 Montpellier-AS Monaco,Montpellier,Jonas Omlin,True,Goalkeeper,1,start,end,1.0,0.0,0.0,0.0,0.0,0.0,0.0,3.0,1.0,0.0,0.0,0.0,0.0,0.0,
FRA-Ligue 1,2021,2021-01-16 Angers-Paris Saint-Germain,Angers,Paul Bernardoni,True,Goalkeeper,1,start,end,1.0,0.0,1.0,0.0,0.0,0.0,0.0,1.0,2.0,0.0,0.0,0.0,0.0,0.0,
FRA-Ligue 1,2021,2021-01-16 Angers-Paris Saint-Germain,Paris Saint-Germain,Keylor Navas,False,Goalkeeper,1,start,end,1.0,0.0,0.0,0.0,0.0,0.0,0.0,0.0,4.0,0.0,0.0,0.0,0.0,0.0,
FRA-Ligue 1,2021,2021-01-16 Marseille-Nimes,Marseille,Yohann Pelé,True,Goalkeeper,1,start,end,1.0,0.0,0.0,0.0,0.0,0.0,0.0,2.0,4.0,0.0,0.0,0.0,0.0,0.0,
FRA-Ligue 1,2021,2021-01-16 Marseille-Nimes,Nimes,Baptiste Reynet,False,Goalkeeper,1,start,end,1.0,0.0,0.0,0.0,0.0,0.0,0.0,1.0,5.0,0.0,0.0,0.0,0.0,0.0,
FRA-Ligue 1,2021,2021-01-17 Brest-Stade Rennais,Brest,Gautier Larsonneur,True,Goalkeeper,1,start,end,1.0,0.0,0.0,0.0,0.0,0.0,0.0,2.0,2.0,0.0,0.0,0.0,0.0,0.0,
FRA-Ligue 1,2021,2021-01-17 Brest-Stade Rennais,Stade Rennais,Romain Salin,False,Goalkeeper,1,start,end,1.0,0.0,0.0,0.0,0.0,0.0,0.0,1.0,3.0,0.0,0.0,0.0,0.0,0.0,
FRA-Ligue 1,2021,2021-01-17 Lille-Stade de Reims,Lille,Mike Maignan,True,Goalkeeper,1,start,end,1.0,0.0,0.0,0.0,0.0,0.0,0.0,1.0,3.0,0.0,0.0,0.0,0.0,0.0,
FRA-Ligue 1,2021,2021-01-17 Lille-Stade de Reims,Stade de Reims,Predrag Rajkovic,False,Goalkeeper,1,start,end,1.0,0.0,0.0,0.0,0.0,0.0,0.0,2.0,6.0,0.0,0.0,0.0,0.0,0.0,
FRA-Ligue 1,2021,2021-01-17 Lyon-Metz,Lyon,Anthony Lopes,True,Goalkeeper,1,start,end,1.0,0.0,0.0,0.0,0.0,0.0,0.0,1.0,2.0,0.0,0.0,0.0,0.0,0.0,
FRA-Ligue 1,2021,2021-01-17 Lyon-Metz,Metz,Alexandre Oukidja,False,Goalkeeper,1,start,end,1.0,0.0,0.0,0.0,0.0,0.0,0.0,0.0,5.0,0.0,0.0,0.0,0.0,0.0,
FRA-Ligue 1,2021,2021-01-17 Nantes-Lens,Lens,Jean-Louis Leca,False,Goalkeeper,1,start,end,1.0,0.0,0.0,0.0,0.0,0.0,0.0,1.0,1.0,0.0,0.0,0.0,0.0,0.0,
FRA-Ligue 1,2021,2021-01-17 Nantes-Lens,Nantes,Alban Lafont,True,Goalkeeper,1,start,end,1.0,0.0,1.0,0.0,0.0,0.0,0.0,1.0,0.0,0.0,0.0,0.0,0.0,0.0,
FRA-Ligue 1,2021,2021-01-17 Nice-Bordeaux,Bordeaux,Benoit Costil,False,Goalkeeper,1,start,end,1.0,0.0,0.0,0.0,0.0,0.0,0.0,0.0,1.0,0.0,0.0,0.0,0.0,0.0,
FRA-Ligue 1,2021,2021-01-17 Nice-Bordeaux,Nice,Walter Benítez,True,Goalkeeper,1,start,end,1.0,0.0,0.0,0.0,0.0,0.0,0.0,3.0,6.0,0.0,0.0,0.0,0.0,0.0,
FRA-Ligue 1,2021,2021-01-17 Strasbourg-Saint-Étienne,Saint-Étienne,Jessy Moulin,False,Goalkeeper,1,start,end,1.0,0.0,0.0,0.0,0.0,0.0,0.0,1.0,2.0,0.0,0.0,0.0,0.0,0.0,
FRA-Ligue 1,2021,2021-01-17 Strasbourg-Saint-Étienne,Strasbourg,Eiji Kawashima,True,Goalkeeper,1,start,end,1.0,1.0,0.0,0.0,0.0,0.0,0.0,0.0,3.0,0.0,0.0,0.0,0.0,0.0,
FRA-Ligue 1,2021,2021-01-20 Marseille-Lens,Lens,Jean-Louis Leca,False,Goalkeeper,1,start,end,1.0,0.0,0.0,0.0,0.0,0.0,0.0,0.0,1.0,0.0,0.0,0.0,0.0,0.0,
FRA-Ligue 1,2021,2021-01-20 Marseille-Lens,Marseille,Steve Mandanda,True,Goalkeeper,1,start,end,1.0,0.0,0.0,0.0,0.0,0.0,0.0,1.0,3.0,0.0,0.0,0.0,0.0,0.0,
FRA-Ligue 1,2021,2021-01-22 Paris Saint-Germain-Montpellier,Montpellier,Jonas Omlin,False,Goalkeeper,1,start,end,1.0,1.0,0.0,0.0,1.0,0.0,0.0,0.0,0.0,0.0,0.0,0.0,0.0,0.0,
FRA-Ligue 1,2021,2021-01-22 Paris Saint-Germain-Montpellier,Paris Saint-Germain,Keylor Navas,True,Goalkeeper,1,start,45,1.0,0.0,0.0,0.0,0.0,0.0,0.0,0.0,0.0,0.0,0.0,0.0,0.0,0.0,
FRA-Ligue 1,2021,2021-01-23 AS Monaco-Marseille,AS Monaco,Benjamin Lecomte,True,Goalkeeper,1,start,end,1.0,0.0,0.0,0.0,0.0,0.0,0.0,1.0,0.0,0.0,0.0,0.0,0.0,0.0,
FRA-Ligue 1,2021,2021-01-23 AS Monaco-Marseille,Marseille,Steve Mandanda,False,Goalkeeper,1,start,end,1.0,0.0,0.0,0.0,0.0,0.0,0.0,3.0,3.0,0.0,0.0,0.0,0.0,0.0,
FRA-Ligue 1,2021,2021-01-23 Lens-Nice,Lens,Jean-Louis Leca,True,Goalkeeper,1,start,end,1.0,0.0,0.0,0.0,0.0,0.0,0.0,1.0,1.0,0.0,0.0,0.0,0.0,0.0,
FRA-Ligue 1,2021,2021-01-23 Lens-Nice,Nice,Walter Benítez,False,Goalkeeper,1,start,end,1.0,0.0,0.0,0.0,0.0,0.0,0.0,0.0,3.0,0.0,0.0,0.0,0.0,0.0,
FRA-Ligue 1,2021,2021-01-24 Bordeaux-Angers,Angers,Paul Bernardoni,False,Goalkeeper,1,start,end,1.0,0.0,0.0,0.0,0.0,0.0,0.0,2.0,1.0,0.0,0.0,0.0,0.0,0.0,
FRA-Ligue 1,2021,2021-01-24 Bordeaux-Angers,Bordeaux,Benoit Costil,True,Goalkeeper,1,start,end,1.0,0.0,1.0,0.0,0.0,0.0,0.0,1.0,6.0,0.0,0.0,0.0,0.0,0.0,
FRA-Ligue 1,2021,2021-01-24 Dijon FCO-Strasbourg,Dijon FCO,Anthony Racioppi,True,Goalkeeper,1,start,end,1.0,0.0,0.0,0.0,0.0,0.0,0.0,1.0,1.0,0.0,0.0,0.0,0.0,0.0,
FRA-Ligue 1,2021,2021-01-24 Dijon FCO-Strasbourg,Strasbourg,Eiji Kawashima,False,Goalkeeper,1,start,end,1.0,0.0,0.0,0.0,0.0,0.0,0.0,1.0,2.0,0.0,0.0,0.0,0.0,0.0,
FRA-Ligue 1,2021,2021-01-24 Metz-Nantes,Metz,Alexandre Oukidja,True,Goalkeeper,1,start,end,1.0,0.0,1.0,0.0,0.0,0.0,0.0,0.0,0.0,0.0,0.0,0.0,0.0,0.0,
FRA-Ligue 1,2021,2021-01-24 Metz-Nantes,Nantes,Alban Lafont,False,Goalkeeper,1,start,end,1.0,0.0,0.0,0.0,0.0,0.0,0.0,2.0,2.0,0.0,0.0,0.0,0.0,0.0,
FRA-Ligue 1,2021,2021-01-24 Saint-Étienne-Lyon,Lyon,Anthony Lopes,False,Goalkeeper,1,start,end,1.0,0.0,0.0,0.0,0.0,0.0,0.0,0.0,0.0,0.0,0.0,0.0,0.0,0.0,
FRA-Ligue 1,2021,2021-01-24 Saint-Étienne-Lyon,Saint-Étienne,Jessy Moulin,True,Goalkeeper,1,start,end,1.0,0.0,0.0,0.0,0.0,0.0,0.0,5.0,7.0,0.0,0.0,0.0,0.0,0.0,
FRA-Ligue 1,2021,2021-01-24 Stade Rennais-Lille,Lille,Mike Maignan,False,Goalkeeper,1,start,end,1.0,0.0,0.0,0.0,0.0,0.0,0.0,0.0,2.0,0.0,0.0,0.0,0.0,0.0,
FRA-Ligue 1,2021,2021-01-24 Stade Rennais-Lille,Stade Rennais,Romain Salin,True,Goalkeeper,1,start,end,1.0,0.0,0.0,0.0,0.0,0.0,0.0,1.0,3.0,0.0,0.0,0.0,0.0,0.0,
FRA-Ligue 1,2021,2021-01-24 Stade de Reims-Brest,Brest,Gautier Larsonneur,False,Goalkeeper,1,start,end,1.0,0.0,0.0,0.0,0.0,0.0,0.0,1.0,1.0,0.0,0.0,0.0,0.0,0.0,
FRA-Ligue 1,2021,2021-01-24 Stade de Reims-Brest,Stade de Reims,Predrag Rajkovic,True,Goalkeeper,1,start,end,1.0,0.0,0.0,0.0,0.0,0.0,0.0,0.0,0.0,0.0,0.0,0.0,0.0,0.0,
FRA-Ligue 1,2021,2021-01-27 Lorient-Dijon FCO,Dijon FCO,Anthony Racioppi,False,Goalkeeper,1,start,end,1.0,0.0,0.0,0.0,0.0,0.0,0.0,3.0,3.0,0.0,0.0,0.0,0.0,0.0,
FRA-Ligue 1,2021,2021-01-27 Lorient-Dijon FCO,Lorient,Mathieu Dreyer,True,Goalkeeper,1,start,end,1.0,0.0,0.0,0.0,0.0,0.0,0.0,2.0,0.0,0.0,0.0,0.0,0.0,0.0,
FRA-Ligue 1,2021,2021-01-29 Lyon-Bordeaux,Bordeaux,Benoit Costil,False,Goalkeeper,1,start,end,1.0,0.0,0.0,0.0,0.0,0.0,0.0,2.0,2.0,0.0,0.0,0.0,0.0,0.0,
FRA-Ligue 1,2021,2021-01-29 Lyon-Bordeaux,Lyon,Anthony Lopes,True,Goalkeeper,1,start,end,1.0,0.0,0.0,0.0,0.0,0.0,0.0,1.0,1.0,0.0,0.0,0.0,0.0,0.0,
FRA-Ligue 1,2021,2021-01-30 Montpellier-Lens,Lens,Jean-Louis Leca,False,Goalkeeper,1,start,end,1.0,0.0,1.0,0.0,0.0,0.0,0.0,1.0,6.0,0.0,0.0,0.0,0.0,0.0,
FRA-Ligue 1,2021,2021-01-30 Montpellier-Lens,Montpellier,Dimitry Bertaud,True,Goalkeeper,1,start,end,1.0,0.0,0.0,0.0,0.0,0.0,0.0,2.0,0.0,0.0,0.0,0.0,0.0,0.0,
FRA-Ligue 1,2021,2021-01-31 Angers-Nimes,Angers,Paul Bernardoni,True,Goalkeeper,1,start,end,1.0,0.0,1.0,0.0,0.0,0.0,0.0,1.0,3.0,0.0,0.0,0.0,0.0,0.0,
FRA-Ligue 1,2021,2021-01-31 Angers-Nimes,Nimes,Baptiste Reynet,False,Goalkeeper,1,start,end,1.0,0.0,0.0,0.0,0.0,0.0,0.0,3.0,2.0,0.0,0.0,0.0,0.0,0.0,
FRA-Ligue 1,2021,2021-01-31 Brest-Metz,Brest,Gautier Larsonneur,True,Goalkeeper,1,start,end,1.0,0.0,0.0,0.0,0.0,0.0,0.0,4.0,2.0,0.0,0.0,0.0,0.0,0.0,
FRA-Ligue 1,2021,2021-01-31 Brest-Metz,Metz,Alexandre Oukidja,False,Goalkeeper,1,start,end,1.0,0.0,1.0,0.0,0.0,0.0,0.0,2.0,3.0,0.0,0.0,0.0,0.0,0.0,
FRA-Ligue 1,2021,2021-01-31 Lille-Dijon FCO,Dijon FCO,Anthony Racioppi,False,Goalkeeper,1,start,end,1.0,0.0,0.0,0.0,0.0,0.0,0.0,1.0,1.0,0.0,0.0,0.0,0.0,0.0,
FRA-Ligue 1,2021,2021-01-31 Lille-Dijon FCO,Lille,Mike Maignan,True,Goalkeeper,1,start,end,1.0,0.0,0.0,0.0,0.0,0.0,0.0,0.0,3.0,0.0,0.0,0.0,0.0,0.0,
FRA-Ligue 1,2021,2021-01-31 Lorient-Paris Saint-Germain,Lorient,Mathieu Dreyer,True,Goalkeeper,1,start,end,1.0,0.0,0.0,0.0,0.0,0.0,0.0,2.0,1.0,0.0,0.0,0.0,0.0,0.0,
FRA-Ligue 1,2021,2021-01-31 Lorient-Paris Saint-Germain,Paris Saint-Germain,Sergio Rico,False,Goalkeeper,1,start,end,1.0,0.0,0.0,0.0,0.0,0.0,0.0,3.0,2.0,0.0,0.0,0.0,0.0,0.0,
FRA-Ligue 1,2021,2021-01-31 Nantes-AS Monaco,AS Monaco,Benjamin Lecomte,False,Goalkeeper,1,start,end,1.0,0.0,0.0,0.0,0.0,0.0,0.0,1.0,0.0,8.0,0.0,0.0,0.0,0.0,
FRA-Ligue 1,2021,2021-01-31 Nantes-AS Monaco,Nantes,Alban Lafont,True,Goalkeeper,1,start,end,1.0,0.0,0.0,0.0,0.0,0.0,0.0,2.0,0.0,12.0,0.0,0.0,0.0,0.0,
FRA-Ligue 1,2021,2021-01-31 Nice-Saint-Étienne,Nice,Walter Benítez,True,Goalkeeper,1,start,end,1.0,0.0,0.0,0.0,0.0,0.0,0.0,1.0,0.0,0.0,0.0,0.0,0.0,0.0,
FRA-Ligue 1,2021,2021-01-31 Nice-Saint-Étienne,Saint-Étienne,Jessy Moulin,False,Goalkeeper,1,start,end,1.0,0.0,0.0,0.0,0.0,0.0,0.0,0.0,2.0,0.0,0.0,0.0,0.0,0.0,
FRA-Ligue 1,2021,2021-01-31 Strasbourg-Stade de Reims,Stade de Reims,Predrag Rajkovic,False,Goalkeeper,1,start,end,1.0,0.0,1.0,0.0,0.0,0.0,0.0,0.0,2.0,0.0,0.0,0.0,0.0,0.0,
FRA-Ligue 1,2021,2021-01-31 Strasbourg-Stade de Reims,Strasbourg,Eiji Kawashima,True,Goalkeeper,1,start,end,1.0,0.0,0.0,0.0,0.0,0.0,0.0,1.0,4.0,0.0,0.0,0.0,0.0,0.0,
FRA-Ligue 1,2021,2021-02-03 AS Monaco-Nice,AS Monaco,Benjamin Lecomte,True,Goalkeeper,1,start,end,1.0,0.0,0.0,0.0,0.0,0.0,0.0,1.0,1.0,0.0,0.0,0.0,0.0,0.0,
FRA-Ligue 1,2021,2021-02-03 AS Monaco-Nice,Nice,Walter Benítez,False,Goalkeeper,1,start,end,1.0,0.0,0.0,0.0,0.0,0.0,0.0,2.0,4.0,0.0,0.0,0.0,0.0,0.0,
FRA-Ligue 1,2021,2021-02-03 Bordeaux-Lille,Bordeaux,Benoit Costil,True,Goalkeeper,1,start,end,1.0,0.0,0.0,0.0,0.0,0.0,0.0,3.0,3.0,0.0,0.0,0.0,0.0,0.0,
FRA-Ligue 1,2021,2021-02-03 Bordeaux-Lille,Lille,Mike Maignan,False,Goalkeeper,1,start,end,1.0,0.0,0.0,0.0,0.0,0.0,0.0,0.0,4.0,0.0,0.0,0.0,0.0,0.0,
FRA-Ligue 1,2021,2021-02-03 Dijon FCO-Lyon,Dijon FCO,Anthony Racioppi,True,Goalkeeper,1,start,end,1.0,0.0,1.0,0.0,0.0,0.0,0.0,1.0,7.0,0.0,0.0,0.0,0.0,0.0,
FRA-Ligue 1,2021,2021-02-03 Dijon FCO-Lyon,Lyon,Anthony Lopes,False,Goalkeeper,1,start,end,1.0,0.0,0.0,0.0,0.0,0.0,0.0,0.0,2.0,0.0,0.0,0.0,0.0,0.0,
FRA-Ligue 1,2021,2021-02-03 Lens-Marseille,Lens,Jean-Louis Leca,True,Goalkeeper,1,start,end,1.0,0.0,1.0,0.0,0.0,0.0,0.0,2.0,2.0,0.0,0.0,0.0,0.0,0.0,
FRA-Ligue 1,2021,2021-02-03 Lens-Marseille,Marseille,Steve Mandanda,False,Goalkeeper,1,start,end,1.0,0.0,0.0,0.0,0.0,0.0,0.0,2.0,1.0,0.0,0.0,0.0,0.0,0.0,
FRA-Ligue 1,2021,2021-02-03 Metz-Montpellier,Metz,Alexandre Oukidja,True,Goalkeeper,1,start,end,1.0,0.0,0.0,0.0,0.0,0.0,0.0,1.0,2.0,0.0,0.0,0.0,0.0,0.0,
FRA-Ligue 1,2021,2021-02-03 Metz-Montpellier,Montpellier,Dimitry Bertaud,False,Goalkeeper,1,start,end,1.0,0.0,1.0,0.0,0.0,0.0,0.0,1.0,5.0,0.0,0.0,0.0,0.0,0.0,
FRA-Ligue 1,2021,2021-02-03 Paris Saint-Germain-Nimes,Nimes,Baptiste Reynet,False,Goalkeeper,1,start,end,1.0,0.0,0.0,0.0,0.0,0.0,0.0,3.0,3.0,0.0,0.0,0.0,0.0,0.0,
FRA-Ligue 1,2021,2021-02-03 Paris Saint-Germain-Nimes,Paris Saint-Germain,Sergio Rico,True,Goalkeeper,1,start,end,1.0,0.0,0.0,0.0,0.0,0.0,0.0,0.0,6.0,0.0,0.0,0.0,0.0,0.0,
FRA-Ligue 1,2021,2021-02-03 Saint-Étienne-Nantes,Nantes,Alban Lafont,False,Goalkeeper,1,start,end,1.0,0.0,1.0,0.0,0.0,0.0,0.0,1.0,6.0,0.0,0.0,0.0,0.0,0.0,
FRA-Ligue 1,2021,2021-02-03 Saint-Étienne-Nantes,Saint-Étienne,Jessy Moulin,True,Goalkeeper,1,start,end,1.0,0.0,0.0,0.0,0.0,0.0,0.0,1.0,5.0,0.0,0.0,0.0,0.0,0.0,
FRA-Ligue 1,2021,2021-02-03 Stade Rennais-Lorient,Lorient,Mathieu Dreyer,False,Goalkeeper,1,start,end,1.0,0.0,0.0,0.0,0.0,0.0,0.0,1.0,5.0,0.0,0.0,0.0,0.0,0.0,
FRA-Ligue 1,2021,2021-02-03 Stade Rennais-Lorient,Stade Rennais,Alfred Gomis,True,Goalkeeper,1,start,end,1.0,0.0,0.0,0.0,0.0,0.0,0.0,1.0,2.0,0.0,0.0,0.0,0.0,0.0,
FRA-Ligue 1,2021,2021-02-03 Stade de Reims-Angers,Angers,Paul Bernardoni,False,Goalkeeper,1,start,end,1.0,0.0,0.0,0.0,0.0,0.0,0.0,0.0,2.0,0.0,0.0,0.0,0.0,0.0,
FRA-Ligue 1,2021,2021-02-03 Stade de Reims-Angers,Stade de Reims,Predrag Rajkovic,True,Goalkeeper,1,start,end,1.0,0.0,0.0,0.0,0.0,0.0,0.0,0.0,2.0,0.0,0.0,0.0,0.0,0.0,
FRA-Ligue 1,2021,2021-02-03 Strasbourg-Brest,Brest,Gautier Larsonneur,False,Goalkeeper,1,start,end,1.0,0.0,0.0,0.0,0.0,0.0,0.0,2.0,2.0,0.0,0.0,0.0,0.0,0.0,
FRA-Ligue 1,2021,2021-02-03 Strasbourg-Brest,Strasbourg,Eiji Kawashima,True,Goalkeeper,1,start,end,1.0,0.0,0.0,0.0,0.0,0.0,1.0,2.0,0.0,0.0,0.0,0.0,0.0,0.0,
FRA-Ligue 1,2021,2021-02-06 Lens-Stade Rennais,Lens,Jean-Louis Leca,True,Goalkeeper,1,start,end,1.0,0.0,0.0,0.0,0.0,0.0,0.0,0.0,1.0,0.0,0.0,0.0,0.0,0.0,
FRA-Ligue 1,2021,2021-02-06 Lens-Stade Rennais,Stade Rennais,Alfred Gomis,False,Goalkeeper,1,start,end,1.0,0.0,0.0,0.0,0.0,0.0,0.0,0.0,3.0,0.0,0.0,0.0,0.0,0.0,
FRA-Ligue 1,2021,2021-02-06 Lorient-Stade de Reims,Lorient,Mathieu Dreyer,True,Goalkeeper,1,start,end,1.0,0.0,0.0,0.0,0.0,0.0,0.0,0.0,3.0,0.0,0.0,0.0,0.0,0.0,
FRA-Ligue 1,2021,2021-02-06 Lorient-Stade de Reims,Stade de Reims,Predrag Rajkovic,False,Goalkeeper,1,start,end,1.0,0.0,1.0,0.0,0.0,0.0,0.0,1.0,2.0,0.0,0.0,0.0,0.0,0.0,
FRA-Ligue 1,2021,2021-02-06 Lyon-Strasbourg,Lyon,Anthony Lopes,True,Goalkeeper,1,start,end,1.0,0.0,0.0,0.0,0.0,0.0,0.0,0.0,1.0,0.0,0.0,0.0,0.0,0.0,
FRA-Ligue 1,2021,2021-02-06 Lyon-Strasbourg,Strasbourg,Eiji Kawashima,False,Goalkeeper,1,start,end,1.0,0.0,0.0,0.0,0.0,0.0,0.0,3.0,5.0,0.0,0.0,0.0,0.0,0.0,
FRA-Ligue 1,2021,2021-02-07 Brest-Bordeaux,Bordeaux,Benoit Costil,False,Goalkeeper,1,start,end,1.0,0.0,1.0,0.0,0.0,0.0,0.0,2.0,0.0,23.0,0.0,0.0,0.0,0.0,
FRA-Ligue 1,2021,2021-02-07 Brest-Bordeaux,Brest,Sebastien Cibois,True,Goalkeeper,1,start,end,1.0,0.0,0.0,0.0,0.0,0.0,0.0,1.0,0.0,7.0,0.0,0.0,0.0,0.0,
FRA-Ligue 1,2021,2021-02-07 Marseille-Paris Saint-Germain,Marseille,Steve Mandanda,True,Goalkeeper,1,start,end,1.0,0.0,1.0,0.0,0.0,0.0,0.0,2.0,0.0,7.0,0.0,0.0,0.0,0.0,
FRA-Ligue 1,2021,2021-02-07 Marseille-Paris Saint-Germain,Paris Saint-Germain,Sergio Rico,False,Goalkeeper,1,start,end,1.0,0.0,0.0,0.0,0.0,0.0,0.0,0.0,0.0,12.0,0.0,0.0,0.0,0.0,
FRA-Ligue 1,2021,2021-02-07 Montpellier-Dijon FCO,Dijon FCO,Anthony Racioppi,False,Goalkeeper,1,start,end,1.0,0.0,0.0,0.0,0.0,0.0,0.0,4.0,0.0,21.0,0.0,0.0,0.0,0.0,
FRA-Ligue 1,2021,2021-02-07 Montpellier-Dijon FCO,Montpellier,Jonas Omlin,True,Goalkeeper,1,start,end,1.0,0.0,0.0,0.0,0.0,0.0,0.0,2.0,0.0,11.0,0.0,0.0,0.0,0.0,
FRA-Ligue 1,2021,2021-02-07 Nantes-Lille,Lille,Mike Maignan,False,Goalkeeper,1,start,end,1.0,0.0,0.0,0.0,0.0,0.0,0.0,0.0,0.0,7.0,0.0,0.0,0.0,0.0,
FRA-Ligue 1,2021,2021-02-07 Nantes-Lille,Nantes,Alban Lafont,True,Goalkeeper,1,start,end,1.0,0.0,0.0,0.0,0.0,0.0,0.0,2.0,0.0,13.0,0.0,0.0,0.0,0.0,
FRA-Ligue 1,2021,2021-02-07 Nice-Angers,Angers,Paul Bernardoni,False,Goalkeeper,1,start,end,1.0,0.0,0.0,0.0,0.0,0.0,0.0,2.0,0.0,9.0,0.0,0.0,0.0,0.0,
FRA-Ligue 1,2021,2021-02-07 Nice-Angers,Nice,Walter Benítez,True,Goalkeeper,1,start,end,1.0,0.0,0.0,0.0,0.0,0.0,0.0,0.0,0.0,11.0,0.0,0.0,0.0,0.0,
FRA-Ligue 1,2021,2021-02-07 Nimes-AS Monaco,AS Monaco,Benjamin Lecomte,False,Goalkeeper,1,start,end,1.0,0.0,1.0,0.0,0.0,0.0,0.0,3.0,0.0,6.0,0.0,0.0,0.0,0.0,
FRA-Ligue 1,2021,2021-02-07 Nimes-AS Monaco,Nimes,Baptiste Reynet,True,Goalkeeper,1,start,end,1.0,0.0,0.0,0.0,0.0,0.0,0.0,4.0,0.0,7.0,0.0,0.0,0.0,0.0,
FRA-Ligue 1,2021,2021-02-07 Saint-Étienne-Metz,Metz,Alexandre Oukidja,False,Goalkeeper,1,start,end,1.0,0.0,0.0,0.0,0.0,0.0,0.0,0.0,0.0,12.0,0.0,0.0,0.0,0.0,
FRA-Ligue 1,2021,2021-02-07 Saint-Étienne-Metz,Saint-Étienne,Jessy Moulin,True,Goalkeeper,1,start,end,1.0,0.0,0.0,0.0,0.0,0.0,0.0,0.0,0.0,10.0,0.0,0.0,0.0,0.0,
FRA-Ligue 1,2021,2021-02-13 Lyon-Montpellier,Lyon,Anthony Lopes,True,Goalkeeper,1,start,end,1.0,0.0,0.0,0.0,0.0,0.0,0.0,2.0,0.0,10.0,0.0,0.0,0.0,0.0,
FRA-Ligue 1,2021,2021-02-13 Lyon-Montpellier,Montpellier,Jonas Omlin,False,Goalkeeper,1,start,end,1.0,0.0,0.0,0.0,0.0,0.0,0.0,1.0,0.0,24.0,0.0,0.0,0.0,0.0,
FRA-Ligue 1,2021,2021-02-13 Paris Saint-Germain-Nice,Nice,Walter Benítez,False,Goalkeeper,1,start,end,1.0,0.0,0.0,0.0,0.0,0.0,0.0,2.0,0.0,15.0,0.0,0.0,0.0,0.0,
FRA-Ligue 1,2021,2021-02-13 Paris Saint-Germain-Nice,Paris Saint-Germain,Keylor Navas,True,Goalkeeper,1,start,end,1.0,0.0,0.0,0.0,0.0,0.0,0.0,1.0,0.0,12.0,0.0,0.0,0.0,0.0,
FRA-Ligue 1,2021,2021-02-13 Stade de Reims-Lens,Lens,Jean-Louis Leca,False,Goalkeeper,1,start,end,1.0,0.0,1.0,0.0,0.0,0.0,0.0,1.0,0.0,8.0,0.0,0.0,0.0,0.0,
FRA-Ligue 1,2021,2021-02-13 Stade de Reims-Lens,Stade de Reims,Predrag Rajkovic,True,Goalkeeper,1,start,end,1.0,0.0,0.0,0.0,0.0,0.0,0.0,1.0,0.0,16.0,0.0,0.0,0.0,0.0,
FRA-Ligue 1,2021,2021-02-14 AS Monaco-Lorient,AS Monaco,Benjamin Lecomte,True,Goalkeeper,1,start,end,1.0,1.0,0.0,0.0,0.0,0.0,1.0,2.0,0.0,3.0,0.0,0.0,0.0,0.0,
FRA-Ligue 1,2021,2021-02-14 AS Monaco-Lorient,Lorient,Mathieu Dreyer,False,Goalkeeper,1,start,end,1.0,0.0,0.0,0.0,0.0,0.0,1.0,2.0,0.0,10.0,0.0,0.0,0.0,0.0,
FRA-Ligue 1,2021,2021-02-14 Angers-Nantes,Angers,Paul Bernardoni,True,Goalkeeper,1,start,end,1.0,0.0,0.0,0.0,0.0,0.0,0.0,3.0,0.0,4.0,0.0,0.0,0.0,0.0,
FRA-Ligue 1,2021,2021-02-14 Angers-Nantes,Nantes,Alban Lafont,False,Goalkeeper,1,start,end,1.0,0.0,0.0,0.0,0.0,0.0,1.0,1.0,0.0,6.0,0.0,0.0,0.0,0.0,
FRA-Ligue 1,2021,2021-02-14 Bordeaux-Marseille,Bordeaux,Benoit Costil,True,Goalkeeper,1,start,end,1.0,0.0,1.0,0.0,0.0,0.0,0.0,0.0,1.0,4.0,0.0,0.0,0.0,0.0,
FRA-Ligue 1,2021,2021-02-14 Bordeaux-Marseille,Marseille,Steve Mandanda,False,Goalkeeper,1,start,end,1.0,0.0,0.0,0.0,0.0,0.0,0.0,0.0,1.0,19.0,0.0,0.0,0.0,0.0,
FRA-Ligue 1,2021,2021-02-14 Dijon FCO-Nimes,Dijon FCO,Anthony Racioppi,True,Goalkeeper,1,start,end,1.0,0.0,0.0,0.0,0.0,0.0,0.0,2.0,0.0,7.0,0.0,0.0,0.0,0.0,
FRA-Ligue 1,2021,2021-02-14 Dijon FCO-Nimes,Nimes,Baptiste Reynet,False,Goalkeeper,1,start,end,1.0,0.0,0.0,0.0,0.0,0.0,0.0,0.0,0.0,10.0,0.0,0.0,0.0,0.0,
FRA-Ligue 1,2021,2021-02-14 Lille-Brest,Brest,Sebastien Cibois,False,Goalkeeper,1,start,end,1.0,0.0,0.0,0.0,0.0,0.0,0.0,0.0,0.0,15.0,0.0,0.0,0.0,0.0,
FRA-Ligue 1,2021,2021-02-14 Lille-Brest,Lille,Mike Maignan,True,Goalkeeper,1,start,end,1.0,0.0,0.0,0.0,0.0,0.0,0.0,0.0,0.0,3.0,0.0,0.0,0.0,0.0,
FRA-Ligue 1,2021,2021-02-14 Metz-Strasbourg,Metz,Alexandre Oukidja,True,Goalkeeper,1,start,end,1.0,0.0,0.0,0.0,0.0,0.0,0.0,2.0,0.0,11.0,0.0,0.0,0.0,0.0,
FRA-Ligue 1,2021,2021-02-14 Metz-Strasbourg,Strasbourg,Eiji Kawashima,False,Goalkeeper,1,start,end,1.0,0.0,0.0,0.0,0.0,0.0,0.0,1.0,0.0,13.0,0.0,0.0,0.0,0.0,
FRA-Ligue 1,2021,2021-02-14 Stade Rennais-Saint-Étienne,Saint-Étienne,Jessy Moulin,False,Goalkeeper,1,start,end,1.0,0.0,0.0,0.0,0.0,0.0,0.0,0.0,0.0,13.0,0.0,0.0,0.0,0.0,
FRA-Ligue 1,2021,2021-02-14 Stade Rennais-Saint-Étienne,Stade Rennais,Alfred Gomis,True,Goalkeeper,1,start,end,1.0,0.0,0.0,0.0,0.0,0.0,0.0,2.0,0.0,5.0,0.0,0.0,0.0,0.0,
FRA-Ligue 1,2021,2021-02-17 Marseille-Nice,Marseille,Steve Mandanda,True,Goalkeeper,1,start,end,1.0,0.0,0.0,0.0,0.0,0.0,0.0,2.0,0.0,8.0,0.0,0.0,0.0,0.0,
FRA-Ligue 1,2021,2021-02-17 Marseille-Nice,Nice,Walter Benítez,False,Goalkeeper,1,start,end,1.0,0.0,0.0,0.0,0.0,0.0,0.0,3.0,0.0,5.0,0.0,0.0,0.0,0.0,
FRA-Ligue 1,2021,2021-02-19 Brest-Lyon,Brest,Sebastien Cibois,True,Goalkeeper,1,start,end,1.0,1.0,0.0,0.0,0.0,0.0,0.0,3.0,0.0,15.0,0.0,0.0,0.0,0.0,
FRA-Ligue 1,2021,2021-02-19 Brest-Lyon,Lyon,Anthony Lopes,False,Goalkeeper,1,start,end,1.0,0.0,0.0,0.0,0.0,0.0,0.0,2.0,0.0,17.0,0.0,0.0,0.0,0.0,
FRA-Ligue 1,2021,2021-02-20 Nantes-Marseille,Marseille,Steve Mandanda,False,Goalkeeper,1,start,end,1.0,0.0,0.0,0.0,0.0,0.0,0.0,1.0,0.0,5.0,0.0,0.0,0.0,0.0,
FRA-Ligue 1,2021,2021-02-20 Nantes-Marseille,Nantes,Alban Lafont,True,Goalkeeper,1,start,end,1.0,0.0,0.0,0.0,0.0,0.0,0.0,1.0,0.0,6.0,0.0,0.0,0.0,0.0,
FRA-Ligue 1,2021,2021-02-20 Saint-Étienne-Stade de Reims,Saint-Étienne,Jessy Moulin,True,Goalkeeper,1,start,end,1.0,0.0,0.0,0.0,0.0,0.0,0.0,1.0,0.0,3.0,0.0,0.0,0.0,0.0,
FRA-Ligue 1,2021,2021-02-20 Saint-Étienne-Stade de Reims,Stade de Reims,Predrag Rajkovic,False,Goalkeeper,1,start,end,1.0,0.0,0.0,0.0,0.0,0.0,0.0,1.0,0.0,18.0,0.0,0.0,0.0,0.0,
FRA-Ligue 1,2021,2021-02-21 Lens-Dijon FCO,Dijon FCO,Anthony Racioppi,False,Goalkeeper,1,start,end,1.0,0.0,0.0,0.0,0.0,0.0,0.0,2.0,0.0,9.0,0.0,0.0,0.0,0.0,
FRA-Ligue 1,2021,2021-02-21 Lens-Dijon FCO,Lens,Jean-Louis Leca,True,Goalkeeper,1,start,end,1.0,0.0,0.0,0.0,0.0,0.0,0.0,1.0,0.0,11.0,0.0,0.0,0.0,0.0,
FRA-Ligue 1,2021,2021-02-21 Lorient-Lille,Lille,Mike Maignan,False,Goalkeeper,1,start,end,1.0,0.0,1.0,0.0,0.0,0.0,0.0,1.0,0.0,7.0,0.0,0.0,0.0,0.0,
FRA-Ligue 1,2021,2021-02-21 Lorient-Lille,Lorient,Mathieu Dreyer,True,Goalkeeper,1,start,end,1.0,0.0,0.0,0.0,0.0,0.0,0.0,3.0,0.0,13.0,0.0,0.0,0.0,0.0,
FRA-Ligue 1,2021,2021-02-21 Montpellier-Stade Rennais,Montpellier,Jonas Omlin,True,Goalkeeper,1,start,end,1.0,0.0,0.0,0.0,0.0,0.0,0.0,1.0,0.0,13.0,0.0,0.0,0.0,0.0,
FRA-Ligue 1,2021,2021-02-21 Montpellier-Stade Rennais,Stade Rennais,Alfred Gomis,False,Goalkeeper,1,start,end,1.0,0.0,0.0,0.0,0.0,0.0,0.0,2.0,0.0,9.0,0.0,0.0,0.0,0.0,
FRA-Ligue 1,2021,2021-02-21 Nice-Metz,Metz,Alexandre Oukidja,False,Goalkeeper,1,start,end,1.0,0.0,0.0,0.0,0.0,0.0,0.0,1.0,0.0,11.0,0.0,0.0,0.0,0.0,
FRA-Ligue 1,2021,2021-02-21 Nice-Metz,Nice,Walter Benítez,True,Goalkeeper,1,start,end,1.0,0.0,0.0,0.0,0.0,0.0,0.0,2.0,0.0,9.0,0.0,0.0,0.0,0.0,
FRA-Ligue 1,2021,2021-02-21 Nimes-Bordeaux,Bordeaux,Benoit Costil,False,Goalkeeper,1,start,end,1.0,0.0,0.0,0.0,0.0,0.0,0.0,2.0,0.0,6.0,0.0,0.0,0.0,0.0,
FRA-Ligue 1,2021,2021-02-21 Nimes-Bordeaux,Nimes,Baptiste Reynet,True,Goalkeeper,1,start,end,1.0,0.0,0.0,0.0,0.0,0.0,0.0,0.0,0.0,11.0,0.0,0.0,0.0,0.0,
FRA-Ligue 1,2021,2021-02-21 Paris Saint-Germain-AS Monaco,AS Monaco,Benjamin Lecomte,False,Goalkeeper,1,start,end,1.0,0.0,0.0,0.0,0.0,0.0,0.0,0.0,0.0,10.0,0.0,0.0,0.0,0.0,
FRA-Ligue 1,2021,2021-02-21 Paris Saint-Germain-AS Monaco,Paris Saint-Germain,Keylor Navas,True,Goalkeeper,1,start,end,1.0,0.0,0.0,0.0,0.0,0.0,0.0,2.0,0.0,3.0,0.0,0.0,0.0,0.0,
FRA-Ligue 1,2021,2021-02-21 Strasbourg-Angers,Angers,Paul Bernardoni,False,Goalkeeper,1,start,end,1.0,0.0,0.0,0.0,0.0,0.0,0.0,0.0,0.0,16.0,0.0,0.0,0.0,0.0,
FRA-Ligue 1,2021,2021-02-21 Strasbourg-Angers,Strasbourg,Eiji Kawashima,True,Goalkeeper,1,start,end,1.0,0.0,0.0,0.0,0.0,0.0,0.0,0.0,0.0,9.0,0.0,0.0,0.0,0.0,
FRA-Ligue 1,2021,2021-02-24 Nimes-Lorient,Lorient,Mathieu Dreyer,False,Goalkeeper,1,start,end,1.0,0.0,1.0,0.0,0.0,0.0,0.0,1.0,0.0,6.0,0.0,0.0,0.0,0.0,
FRA-Ligue 1,2021,2021-02-24 Nimes-Lorient,Nimes,Baptiste Reynet,True,Goalkeeper,1,start,end,1.0,0.0,0.0,0.0,0.0,0.0,1.0,0.0,0.0,11.0,0.0,0.0,0.0,0.0,
FRA-Ligue 1,2021,2021-02-26 Stade Rennais-Nice,Nice,Walter Benítez,False,Goalkeeper,1,start,end,1.0,0.0,1.0,0.0,0.0,0.0,0.0,1.0,0.0,16.0,0.0,0.0,0.0,0.0,
FRA-Ligue 1,2021,2021-02-26 Stade Rennais-Nice,Stade Rennais,Alfred Gomis,True,Goalkeeper,1,start,end,1.0,0.0,0.0,0.0,0.0,0.0,0.0,2.0,0.0,12.0,0.0,0.0,0.0,0.0,
FRA-Ligue 1,2021,2021-02-27 Bordeaux-Metz,Bordeaux,Benoit Costil,True,Goalkeeper,1,start,end,1.0,0.0,0.0,0.0,0.0,0.0,0.0,2.0,0.0,13.0,0.0,0.0,0.0,0.0,
FRA-Ligue 1,2021,2021-02-27 Bordeaux-Metz,Metz,Alexandre Oukidja,False,Goalkeeper,1,start,end,1.0,0.0,0.0,0.0,0.0,0.0,0.0,1.0,0.0,7.0,0.0,0.0,0.0,0.0,
FRA-Ligue 1,2021,2021-02-27 Dijon FCO-Paris Saint-Germain,Dijon FCO,Anthony Racioppi,True,Goalkeeper,1,start,end,1.0,0.0,0.0,0.0,0.0,0.0,0.0,4.0,0.0,4.0,0.0,0.0,0.0,0.0,
FRA-Ligue 1,2021,2021-02-27 Dijon FCO-Paris Saint-Germain,Paris Saint-Germain,Keylor Navas,False,Goalkeeper,1,start,end,1.0,0.0,0.0,0.0,0.0,0.0,0.0,0.0,0.0,5.0,0.0,0.0,0.0,0.0,
FRA-Ligue 1,2021,2021-02-28 AS Monaco-Brest,AS Monaco,Benjamin Lecomte,True,Goalkeeper,1,start,end,1.0,0.0,0.0,0.0,0.0,0.0,0.0,0.0,0.0,7.0,0.0,0.0,0.0,0.0,
FRA-Ligue 1,2021,2021-02-28 AS Monaco-Brest,Brest,Gautier Larsonneur,False,Goalkeeper,1,start,end,1.0,0.0,1.0,0.0,0.0,0.0,0.0,2.0,0.0,12.0,0.0,0.0,0.0,0.0,
FRA-Ligue 1,2021,2021-02-28 Angers-Lens,Angers,Paul Bernardoni,True,Goalkeeper,1,start,end,1.0,0.0,0.0,0.0,0.0,0.0,0.0,2.0,0.0,12.0,0.0,0.0,0.0,0.0,
FRA-Ligue 1,2021,2021-02-28 Angers-Lens,Lens,Jean-Louis Leca,False,Goalkeeper,1,start,end,1.0,0.0,0.0,0.0,0.0,0.0,0.0,2.0,0.0,4.0,0.0,0.0,0.0,0.0,
FRA-Ligue 1,2021,2021-02-28 Lille-Strasbourg,Lille,Mike Maignan,True,Goalkeeper,1,start,end,1.0,0.0,0.0,0.0,0.0,0.0,0.0,1.0,0.0,10.0,0.0,0.0,0.0,0.0,
FRA-Ligue 1,2021,2021-02-28 Lille-Strasbourg,Strasbourg,Eiji Kawashima,False,Goalkeeper,1,start,end,1.0,0.0,0.0,0.0,0.0,0.0,0.0,1.0,0.0,13.0,0.0,0.0,0.0,0.0,
FRA-Ligue 1,2021,2021-02-28 Lorient-Saint-Étienne,Lorient,Mathieu Dreyer,True,Goalkeeper,1,start,end,1.0,0.0,0.0,0.0,0.0,0.0,0.0,1.0,0.0,8.0,0.0,0.0,0.0,0.0,
FRA-Ligue 1,2021,2021-02-28 Lorient-Saint-Étienne,Saint-Étienne,Jessy Moulin,False,Goalkeeper,1,start,end,1.0,0.0,0.0,0.0,0.0,0.0,0.0,2.0,0.0,10.0,0.0,0.0,0.0,0.0,
FRA-Ligue 1,2021,2021-02-28 Marseille-Lyon,Lyon,Anthony Lopes,False,Goalkeeper,1,start,end,1.0,0.0,0.0,0.0,0.0,0.0,0.0,1.0,0.0,12.0,0.0,0.0,0.0,0.0,
FRA-Ligue 1,2021,2021-02-28 Marseille-Lyon,Marseille,Steve Mandanda,True,Goalkeeper,1,start,end,1.0,0.0,0.0,0.0,0.0,0.0,0.0,1.0,0.0,10.0,0.0,0.0,0.0,0.0,
FRA-Ligue 1,2021,2021-02-28 Nimes-Nantes,Nantes,Alban Lafont,False,Goalkeeper,1,start,end,1.0,0.0,0.0,0.0,0.0,0.0,0.0,1.0,0.0,7.0,0.0,0.0,0.0,0.0,
FRA-Ligue 1,2021,2021-02-28 Nimes-Nantes,Nimes,Baptiste Reynet,True,Goalkeeper,1,start,end,1.0,0.0,0.0,0.0,0.0,0.0,0.0,1.0,0.0,8.0,0.0,0.0,0.0,0.0,
FRA-Ligue 1,2021,2021-02-28 Stade de Reims-Montpellier,Montpellier,Jonas Omlin,False,Goalkeeper,1,start,end,1.0,0.0,0.0,0.0,0.0,0.0,0.0,0.0,0.0,9.0,0.0,0.0,0.0,0.0,
FRA-Ligue 1,2021,2021-02-28 Stade de Reims-Montpellier,Stade de Reims,Predrag Rajkovic,True,Goalkeeper,1,start,end,1.0,0.0,0.0,0.0,0.0,0.0,0.0,0.0,0.0,10.0,0.0,0.0,0.0,0.0,
FRA-Ligue 1,2021,2021-03-03 Bordeaux-Paris Saint-Germain,Bordeaux,Benoit Costil,True,Goalkeeper,1,start,end,1.0,0.0,0.0,0.0,0.0,0.0,0.0,1.0,0.0,11.0,0.0,0.0,0.0,0.0,
FRA-Ligue 1,2021,2021-03-03 Bordeaux-Paris Saint-Germain,Paris Saint-Germain,Keylor Navas,False,Goalkeeper,1,start,end,1.0,0.0,0.0,0.0,0.0,0.0,0.0,0.0,0.0,11.0,0.0,0.0,0.0,0.0,
FRA-Ligue 1,2021,2021-03-03 Brest-Dijon FCO,Brest,Gautier Larsonneur,True,Goalkeeper,1,start,end,1.0,0.0,0.0,0.0,0.0,0.0,0.0,1.0,0.0,9.0,0.0,0.0,0.0,0.0,
FRA-Ligue 1,2021,2021-03-03 Brest-Dijon FCO,Dijon FCO,Anthony Racioppi,False,Goalkeeper,1,start,end,1.0,0.0,0.0,0.0,0.0,0.0,0.0,3.0,0.0,7.0,0.0,0.0,0.0,0.0,
FRA-Ligue 1,2021,2021-03-03 Lille-Marseille,Lille,Mike Maignan,True,Goalkeeper,1,start,end,1.0,0.0,0.0,0.0,0.0,0.0,0.0,0.0,0.0,3.0,0.0,0.0,0.0,0.0,
FRA-Ligue 1,2021,2021-03-03 Lille-Marseille,Marseille,Steve Mandanda,False,Goalkeeper,1,start,end,1.0,0.0,0.0,0.0,0.0,0.0,0.0,2.0,0.0,21.0,0.0,0.0,0.0,0.0,
FRA-Ligue 1,2021,2021-03-03 Lyon-Stade Rennais,Lyon,Anthony Lopes,True,Goalkeeper,1,start,end,1.0,0.0,0.0,0.0,0.0,0.0,0.0,0.0,0.0,12.0,0.0,0.0,0.0,0.0,
FRA-Ligue 1,2021,2021-03-03 Lyon-Stade Rennais,Stade Rennais,Alfred Gomis,False,Goalkeeper,1,start,end,1.0,0.0,1.0,0.0,0.0,0.0,0.0,1.0,0.0,14.0,0.0,0.0,0.0,0.0,
FRA-Ligue 1,2021,2021-03-03 Metz-Angers,Angers,Paul Bernardoni,False,Goalkeeper,1,start,end,1.0,0.0,1.0,0.0,0.0,0.0,0.0,0.0,0.0,15.0,0.0,0.0,0.0,0.0,
FRA-Ligue 1,2021,2021-03-03 Metz-Angers,Metz,Alexandre Oukidja,True,Goalkeeper,1,start,end,1.0,0.0,0.0,0.0,1.0,0.0,0.0,1.0,0.0,8.0,0.0,0.0,0.0,0.0,
FRA-Ligue 1,2021,2021-03-03 Montpellier-Lorient,Lorient,Mathieu Dreyer,False,Goalkeeper,1,start,end,1.0,0.0,0.0,0.0,0.0,0.0,0.0,1.0,0.0,9.0,0.0,0.0,0.0,0.0,
FRA-Ligue 1,2021,2021-03-03 Montpellier-Lorient,Montpellier,Jonas Omlin,True,Goalkeeper,1,start,end,1.0,0.0,0.0,0.0,0.0,0.0,0.0,1.0,0.0,14.0,0.0,0.0,0.0,0.0,
FRA-Ligue 1,2021,2021-03-03 Nantes-Stade de Reims,Nantes,Alban Lafont,True,Goalkeeper,1,start,end,1.0,0.0,0.0,0.0,0.0,0.0,0.0,2.0,0.0,2.0,0.0,0.0,0.0,0.0,
FRA-Ligue 1,2021,2021-03-03 Nantes-Stade de Reims,Stade de Reims,Predrag Rajkovic,False,Goalkeeper,1,start,end,1.0,0.0,0.0,0.0,0.0,0.0,0.0,1.0,4.0,11.0,0.0,0.0,0.0,0.0,
FRA-Ligue 1,2021,2021-03-03 Nice-Nimes,Nice,Walter Benítez,True,Goalkeeper,1,start,end,1.0,0.0,0.0,0.0,0.0,0.0,0.0,1.0,0.0,21.0,0.0,0.0,0.0,0.0,
FRA-Ligue 1,2021,2021-03-03 Nice-Nimes,Nimes,Baptiste Reynet,False,Goalkeeper,1,start,end,1.0,0.0,0.0,0.0,0.0,0.0,0.0,2.0,0.0,8.0,0.0,0.0,0.0,0.0,
FRA-Ligue 1,2021,2021-03-03 Saint-Étienne-Lens,Lens,Jean-Louis Leca,False,Goalkeeper,1,start,end,1.0,0.0,0.0,0.0,0.0,0.0,0.0,2.0,0.0,15.0,0.0,0.0,0.0,0.0,
FRA-Ligue 1,2021,2021-03-03 Saint-Étienne-Lens,Saint-Étienne,Jessy Moulin,True,Goalkeeper,1,start,end,1.0,0.0,0.0,0.0,0.0,0.0,0.0,3.0,0.0,6.0,0.0,0.0,0.0,0.0,
FRA-Ligue 1,2021,2021-03-03 Strasbourg-AS Monaco,AS Monaco,Benjamin Lecomte,False,Goalkeeper,1,start,end,1.0,0.0,0.0,0.0,0.0,0.0,0.0,1.0,0.0,16.0,0.0,0.0,0.0,0.0,
FRA-Ligue 1,2021,2021-03-03 Strasbourg-AS Monaco,Strasbourg,Eiji Kawashima,True,Goalkeeper,1,start,end,1.0,0.0,0.0,0.0,0.0,0.0,0.0,0.0,0.0,5.0,0.0,0.0,0.0,0.0,
FRA-Ligue 1,2021,2021-03-10 Marseille-Stade Rennais,Marseille,Steve Mandanda,True,Goalkeeper,1,start,end,1.0,0.0,1.0,0.0,0.0,0.0,0.0,0.0,0.0,10.0,0.0,0.0,0.0,0.0,
FRA-Ligue 1,2021,2021-03-10 Marseille-Stade Rennais,Stade Rennais,Alfred Gomis,False,Goalkeeper,1,start,end,1.0,0.0,0.0,0.0,0.0,0.0,0.0,1.0,0.0,8.0,0.0,0.0,0.0,0.0,
FRA-Ligue 1,2021,2021-03-12 Stade de Reims-Lyon,Lyon,Anthony Lopes,False,Goalkeeper,1,start,end,1.0,0.0,0.0,0.0,0.0,0.0,0.0,1.0,0.0,13.0,0.0,0.0,0.0,0.0,
FRA-Ligue 1,2021,2021-03-12 Stade de Reims-Lyon,Stade de Reims,Predrag Rajkovic,True,Goalkeeper,1,start,end,1.0,0.0,1.0,0.0,0.0,0.0,0.0,1.0,0.0,16.0,0.0,0.0,0.0,0.0,
FRA-Ligue 1,2021,2021-03-13 Angers-Saint-Étienne,Angers,Paul Bernardoni,True,Goalkeeper,1,start,end,1.0,0.0,0.0,0.0,0.0,0.0,0.0,1.0,0.0,6.0,0.0,0.0,0.0,0.0,
FRA-Ligue 1,2021,2021-03-13 Angers-Saint-Étienne,Saint-Étienne,Jessy Moulin,False,Goalkeeper,1,start,end,1.0,0.0,0.0,0.0,0.0,0.0,0.0,0.0,0.0,5.0,0.0,0.0,0.0,0.0,
FRA-Ligue 1,2021,2021-03-13 Marseille-Brest,Brest,Gautier Larsonneur,False,Goalkeeper,1,start,end,1.0,0.0,0.0,0.0,0.0,0.0,0.0,3.0,0.0,10.0,0.0,0.0,0.0,0.0,
FRA-Ligue 1,2021,2021-03-13 Marseille-Brest,Marseille,Steve Mandanda,True,Goalkeeper,1,start,end,1.0,0.0,0.0,0.0,0.0,0.0,0.0,1.0,0.0,5.0,0.0,0.0,0.0,0.0,
FRA-Ligue 1,2021,2021-03-14 AS Monaco-Lille,AS Monaco,Benjamin Lecomte,True,Goalkeeper,1,start,end,1.0,0.0,1.0,0.0,0.0,0.0,0.0,0.0,0.0,5.0,0.0,0.0,0.0,0.0,
FRA-Ligue 1,2021,2021-03-14 AS Monaco-Lille,Lille,Mike Maignan,False,Goalkeeper,1,start,end,1.0,0.0,0.0,0.0,0.0,0.0,0.0,0.0,0.0,8.0,0.0,0.0,0.0,0.0,
FRA-Ligue 1,2021,2021-03-14 Dijon FCO-Bordeaux,Bordeaux,Benoit Costil,False,Goalkeeper,1,start,end,1.0,0.0,0.0,0.0,0.0,0.0,0.0,1.0,0.0,12.0,0.0,0.0,0.0,0.0,
FRA-Ligue 1,2021,2021-03-14 Dijon FCO-Bordeaux,Dijon FCO,Anthony Racioppi,True,Goalkeeper,1,start,end,1.0,0.0,0.0,0.0,0.0,0.0,0.0,3.0,0.0,8.0,0.0,0.0,0.0,0.0,
FRA-Ligue 1,2021,2021-03-14 Lens-Metz,Lens,Jean-Louis Leca,True,Goalkeeper,1,start,end,1.0,0.0,0.0,0.0,0.0,0.0,0.0,2.0,0.0,5.0,0.0,0.0,0.0,0.0,
FRA-Ligue 1,2021,2021-03-14 Lens-Metz,Metz,Marc-Aurele Caillard,False,Goalkeeper,1,start,end,1.0,0.0,1.0,0.0,0.0,0.0,0.0,2.0,0.0,15.0,0.0,0.0,0.0,0.0,
FRA-Ligue 1,2021,2021-03-14 Lorient-Nice,Lorient,Mathieu Dreyer,True,Goalkeeper,1,start,end,1.0,0.0,0.0,0.0,0.0,0.0,0.0,1.0,0.0,5.0,0.0,0.0,0.0,0.0,
FRA-Ligue 1,2021,2021-03-14 Lorient-Nice,Nice,Walter Benítez,False,Goalkeeper,1,start,end,1.0,0.0,0.0,0.0,0.0,0.0,0.0,1.0,0.0,16.0,0.0,0.0,0.0,0.0,
FRA-Ligue 1,2021,2021-03-14 Nimes-Montpellier,Montpellier,Jonas Omlin,False,Goalkeeper,1,start,end,1.0,0.0,0.0,0.0,0.0,0.0,0.0,1.0,0.0,11.0,0.0,0.0,0.0,0.0,
FRA-Ligue 1,2021,2021-03-14 Nimes-Montpellier,Nimes,Baptiste Reynet,True,Goalkeeper,1,start,end,1.0,0.0,1.0,0.0,0.0,0.0,0.0,1.0,0.0,11.0,0.0,0.0,0.0,0.0,
FRA-Ligue 1,2021,2021-03-14 Paris Saint-Germain-Nantes,Nantes,Alban Lafont,False,Goalkeeper,1,start,end,1.0,0.0,0.0,0.0,0.0,0.0,0.0,1.0,0.0,10.0,0.0,0.0,0.0,0.0,
FRA-Ligue 1,2021,2021-03-14 Paris Saint-Germain-Nantes,Paris Saint-Germain,Keylor Navas,True,Goalkeeper,1,start,end,1.0,0.0,0.0,0.0,0.0,0.0,0.0,2.0,0.0,6.0,0.0,0.0,0.0,0.0,
FRA-Ligue 1,2021,2021-03-14 Stade Rennais-Strasbourg,Stade Rennais,Alfred Gomis,True,Goalkeeper,1,start,end,1.0,0.0,0.0,0.0,0.0,0.0,0.0,0.0,0.0,6.0,0.0,0.0,0.0,0.0,
FRA-Ligue 1,2021,2021-03-14 Stade Rennais-Strasbourg,Strasbourg,Eiji Kawashima,False,Goalkeeper,1,start,end,1.0,0.0,0.0,0.0,0.0,0.0,0.0,1.0,0.0,10.0,0.0,0.0,0.0,0.0,
FRA-Ligue 1,2021,2021-03-19 Saint-Étienne-AS Monaco,AS Monaco,Benjamin Lecomte,False,Goalkeeper,1,start,end,1.0,0.0,0.0,0.0,0.0,0.0,0.0,0.0,0.0,9.0,0.0,0.0,0.0,0.0,
FRA-Ligue 1,2021,2021-03-19 Saint-Étienne-AS Monaco,Saint-Étienne,Stefan Bajic,True,Goalkeeper,1,start,end,1.0,0.0,0.0,0.0,0.0,0.0,0.0,4.0,0.0,10.0,0.0,0.0,0.0,0.0,
FRA-Ligue 1,2021,2021-03-20 Metz-Stade Rennais,Metz,Marc-Aurele Caillard,True,Goalkeeper,1,start,end,1.0,0.0,0.0,0.0,0.0,0.0,0.0,3.0,0.0,6.0,0.0,0.0,0.0,0.0,
FRA-Ligue 1,2021,2021-03-20 Metz-Stade Rennais,Stade Rennais,Alfred Gomis,False,Goalkeeper,1,start,end,1.0,0.0,0.0,0.0,0.0,0.0,1.0,1.0,0.0,13.0,0.0,0.0,0.0,0.0,
FRA-Ligue 1,2021,2021-03-20 Nice-Marseille,Marseille,Steve Mandanda,False,Goalkeeper,1,start,end,1.0,0.0,0.0,0.0,0.0,0.0,0.0,3.0,0.0,15.0,0.0,0.0,0.0,0.0,
FRA-Ligue 1,2021,2021-03-20 Nice-Marseille,Nice,Walter Benítez,True,Goalkeeper,1,start,end,1.0,0.0,0.0,0.0,0.0,0.0,1.0,0.0,0.0,7.0,0.0,0.0,0.0,0.0,
FRA-Ligue 1,2021,2021-03-21 Brest-Angers,Angers,Paul Bernardoni,False,Goalkeeper,1,start,end,1.0,0.0,1.0,0.0,0.0,0.0,0.0,0.0,0.0,11.0,0.0,0.0,0.0,0.0,
FRA-Ligue 1,2021,2021-03-21 Brest-Angers,Brest,Gautier Larsonneur,True,Goalkeeper,1,start,end,1.0,0.0,0.0,0.0,0.0,0.0,0.0,0.0,0.0,15.0,0.0,0.0,0.0,0.0,
FRA-Ligue 1,2021,2021-03-21 Dijon FCO-Stade de Reims,Dijon FCO,Anthony Racioppi,True,Goalkeeper,1,start,end,1.0,0.0,0.0,0.0,0.0,0.0,0.0,1.0,0.0,8.0,0.0,0.0,0.0,0.0,
FRA-Ligue 1,2021,2021-03-21 Dijon FCO-Stade de Reims,Stade de Reims,Predrag Rajkovic,False,Goalkeeper,1,start,end,1.0,0.0,0.0,0.0,0.0,0.0,0.0,0.0,0.0,10.0,0.0,0.0,0.0,0.0,
FRA-Ligue 1,2021,2021-03-21 Lille-Nimes,Lille,Mike Maignan,True,Goalkeeper,1,start,end,1.0,0.0,0.0,0.0,0.0,0.0,0.0,2.0,0.0,8.0,0.0,0.0,0.0,0.0,
FRA-Ligue 1,2021,2021-03-21 Lille-Nimes,Nimes,Baptiste Reynet,False,Goalkeeper,1,start,end,1.0,0.0,0.0,0.0,0.0,0.0,0.0,1.0,0.0,14.0,0.0,0.0,0.0,0.0,
FRA-Ligue 1,2021,2021-03-21 Lyon-Paris Saint-Germain,Lyon,Anthony Lopes,True,Goalkeeper,1,start,end,1.0,0.0,0.0,0.0,0.0,0.0,0.0,4.0,0.0,10.0,0.0,0.0,0.0,0.0,
FRA-Ligue 1,2021,2021-03-21 Lyon-Paris Saint-Germain,Paris Saint-Germain,Keylor Navas,False,Goalkeeper,1,start,end,1.0,0.0,0.0,0.0,0.0,0.0,0.0,2.0,0.0,6.0,0.0,0.0,0.0,0.0,
FRA-Ligue 1,2021,2021-03-21 Montpellier-Bordeaux,Bordeaux,Benoit Costil,False,Goalkeeper,1,start,end,1.0,0.0,0.0,0.0,0.0,0.0,0.0,3.0,0.0,20.0,0.0,0.0,0.0,0.0,
FRA-Ligue 1,2021,2021-03-21 Montpellier-Bordeaux,Montpellier,Jonas Omlin,True,Goalkeeper,1,start,end,1.0,0.0,0.0,0.0,0.0,0.0,0.0,1.0,0.0,12.0,0.0,0.0,0.0,0.0,
FRA-Ligue 1,2021,2021-03-21 Nantes-Lorient,Lorient,Mathieu Dreyer,False,Goalkeeper,1,start,end,1.0,0.0,0.0,0.0,0.0,0.0,0.0,1.0,0.0,7.0,0.0,0.0,0.0,0.0,
FRA-Ligue 1,2021,2021-03-21 Nantes-Lorient,Nantes,Alban Lafont,True,Goalkeeper,1,start,end,1.0,0.0,0.0,0.0,0.0,0.0,0.0,1.0,0.0,14.0,0.0,0.0,0.0,0.0,
FRA-Ligue 1,2021,2021-03-21 Strasbourg-Lens,Lens,Jean-Louis Leca,False,Goalkeeper,1,start,end,1.0,0.0,1.0,0.0,0.0,0.0,1.0,1.0,0.0,17.0,0.0,0.0,0.0,0.0,
FRA-Ligue 1,2021,2021-03-21 Strasbourg-Lens,Strasbourg,Eiji Kawashima,True,Goalkeeper,1,start,end,1.0,0.0,0.0,0.0,0.0,0.0,0.0,2.0,0.0,10.0,0.0,0.0,0.0,0.0,
FRA-Ligue 1,2021,2021-04-03 AS Monaco-Metz,AS Monaco,Benjamin Lecomte,True,Goalkeeper,1,start,end,1.0,0.0,0.0,0.0,0.0,0.0,0.0,0.0,0.0,6.0,0.0,0.0,0.0,0.0,
FRA-Ligue 1,2021,2021-04-03 AS Monaco-Metz,Metz,Marc-Aurele Caillard,False,Goalkeeper,1,start,end,1.0,1.0,0.0,0.0,0.0,0.0,1.0,4.0,0.0,11.0,0.0,0.0,0.0,0.0,
FRA-Ligue 1,2021,2021-04-03 Lens-Lyon,Lens,Jean-Louis Leca,True,Goalkeeper,1,start,end,1.0,0.0,4.0,0.0,0.0,0.0,0.0,1.0,0.0,14.0,0.0,0.0,0.0,0.0,
FRA-Ligue 1,2021,2021-04-03 Lens-Lyon,Lyon,Anthony Lopes,False,Goalkeeper,1,start,end,1.0,0.0,0.0,0.0,0.0,0.0,0.0,1.0,0.0,9.0,0.0,0.0,0.0,0.0,
FRA-Ligue 1,2021,2021-04-03 Paris Saint-Germain-Lille,Lille,Mike Maignan,False,Goalkeeper,1,start,end,1.0,0.0,0.0,0.0,0.0,0.0,0.0,0.0,0.0,17.0,0.0,0.0,0.0,0.0,
FRA-Ligue 1,2021,2021-04-03 Paris Saint-Germain-Lille,Paris Saint-Germain,Keylor Navas,True,Goalkeeper,1,start,end,1.0,0.0,0.0,0.0,0.0,0.0,0.0,1.0,0.0,2.0,0.0,0.0,0.0,0.0,
FRA-Ligue 1,2021,2021-04-04 Angers-Montpellier,Angers,Paul Bernardoni,True,Goalkeeper,1,start,end,1.0,0.0,0.0,0.0,0.0,0.0,0.0,1.0,0.0,7.0,0.0,0.0,0.0,0.0,
FRA-Ligue 1,2021,2021-04-04 Angers-Montpellier,Montpellier,Jonas Omlin,False,Goalkeeper,1,start,end,1.0,0.0,0.0,0.0,0.0,0.0,0.0,1.0,0.0,13.0,0.0,0.0,0.0,0.0,
FRA-Ligue 1,2021,2021-04-04 Bordeaux-Strasbourg,Bordeaux,Benoit Costil,True,Goalkeeper,1,start,end,1.0,0.0,0.0,0.0,0.0,0.0,0.0,3.0,0.0,9.0,0.0,0.0,0.0,0.0,
FRA-Ligue 1,2021,2021-04-04 Bordeaux-Strasbourg,Strasbourg,Matz Sels,False,Goalkeeper,1,start,end,1.0,0.0,0.0,0.0,0.0,0.0,0.0,2.0,0.0,12.0,0.0,0.0,0.0,0.0,
FRA-Ligue 1,2021,2021-04-04 Lorient-Brest,Brest,Gautier Larsonneur,False,Goalkeeper,1,start,end,1.0,0.0,0.0,0.0,0.0,0.0,0.0,1.0,0.0,12.0,0.0,0.0,0.0,0.0,
FRA-Ligue 1,2021,2021-04-04 Lorient-Brest,Lorient,Mathieu Dreyer,True,Goalkeeper,1,start,end,1.0,0.0,0.0,0.0,0.0,0.0,0.0,0.0,0.0,5.0,0.0,0.0,0.0,0.0,
FRA-Ligue 1,2021,2021-04-04 Marseille-Dijon FCO,Dijon FCO,Saturnin Allagbé,False,Goalkeeper,1,start,end,1.0,0.0,0.0,0.0,0.0,0.0,0.0,2.0,0.0,14.0,0.0,0.0,0.0,0.0,
FRA-Ligue 1,2021,2021-04-04 Marseille-Dijon FCO,Marseille,Steve Mandanda,True,Goalkeeper,1,start,end,1.0,0.0,0.0,0.0,0.0,0.0,0.0,0.0,0.0,4.0,0.0,0.0,0.0,0.0,
FRA-Ligue 1,2021,2021-04-04 Nantes-Nice,Nantes,Alban Lafont,True,Goalkeeper,1,start,end,1.0,0.0,1.0,0.0,0.0,0.0,0.0,2.0,0.0,15.0,0.0,0.0,0.0,0.0,
FRA-Ligue 1,2021,2021-04-04 Nantes-Nice,Nice,Walter Benítez,False,Goalkeeper,1,start,end,1.0,0.0,0.0,0.0,0.0,0.0,1.0,1.0,0.0,17.0,0.0,0.0,0.0,0.0,
FRA-Ligue 1,2021,2021-04-04 Nimes-Saint-Étienne,Nimes,Baptiste Reynet,True,Goalkeeper,1,start,end,1.0,0.0,2.0,0.0,0.0,0.0,0.0,2.0,0.0,13.0,0.0,0.0,0.0,0.0,
FRA-Ligue 1,2021,2021-04-04 Nimes-Saint-Étienne,Saint-Étienne,Etienne Green,False,Goalkeeper,1,start,end,1.0,1.0,0.0,0.0,0.0,0.0,0.0,0.0,0.0,13.0,0.0,0.0,0.0,0.0,
FRA-Ligue 1,2021,2021-04-04 Stade de Reims-Stade Rennais,Stade Rennais,Alfred Gomis,False,Goalkeeper,1,start,end,1.0,0.0,0.0,0.0,0.0,0.0,0.0,2.0,0.0,7.0,0.0,0.0,0.0,0.0,
FRA-Ligue 1,2021,2021-04-04 Stade de Reims-Stade Rennais,Stade de Reims,Predrag Rajkovic,True,Goalkeeper,1,start,end,1.0,0.0,0.0,0.0,0.0,0.0,1.0,2.0,0.0,17.0,0.0,0.0,0.0,0.0,
FRA-Ligue 1,2021,2021-04-09 Metz-Lille,Lille,Mike Maignan,False,Goalkeeper,1,start,end,1.0,0.0,0.0,0.0,0.0,0.0,0.0,0.0,0.0,17.0,0.0,0.0,0.0,0.0,
FRA-Ligue 1,2021,2021-04-09 Metz-Lille,Metz,Alexandre Oukidja,True,Goalkeeper,1,start,end,1.0,0.0,0.0,0.0,0.0,0.0,0.0,2.0,0.0,7.0,0.0,0.0,0.0,0.0,
FRA-Ligue 1,2021,2021-04-10 Montpellier-Marseille,Marseille,Steve Mandanda,False,Goalkeeper,1,start,end,1.0,0.0,0.0,0.0,0.0,0.0,0.0,3.0,0.0,17.0,0.0,0.0,0.0,0.0,
FRA-Ligue 1,2021,2021-04-10 Montpellier-Marseille,Montpellier,Jonas Omlin,True,Goalkeeper,1,start,end,1.0,0.0,0.0,0.0,0.0,0.0,0.0,3.0,0.0,10.0,0.0,0.0,0.0,0.0,
FRA-Ligue 1,2021,2021-04-10 Strasbourg-Paris Saint-Germain,Paris Saint-Germain,Keylor Navas,False,Goalkeeper,1,start,45,1.0,0.0,0.0,0.0,0.0,0.0,0.0,0.0,0.0,4.0,0.0,0.0,0.0,0.0,
FRA-Ligue 1,2021,2021-04-10 Strasbourg-Paris Saint-Germain,Strasbourg,Matz Sels,True,Goalkeeper,1,start,end,1.0,0.0,0.0,0.0,0.0,0.0,0.0,4.0,0.0,12.0,0.0,0.0,0.0,0.0,
FRA-Ligue 1,2021,2021-04-11 AS Monaco-Dijon FCO,AS Monaco,Benjamin Lecomte,True,Goalkeeper,1,start,end,1.0,0.0,0.0,0.0,0.0,0.0,0.0,0.0,0.0,6.0,0.0,0.0,0.0,0.0,
FRA-Ligue 1,2021,2021-04-11 AS Monaco-Dijon FCO,Dijon FCO,Saturnin Allagbé,False,Goalkeeper,1,start,end,1.0,0.0,0.0,0.0,0.0,0.0,0.0,3.0,0.0,12.0,0.0,0.0,0.0,0.0,
FRA-Ligue 1,2021,2021-04-11 Brest-Nimes,Brest,Gautier Larsonneur,True,Goalkeeper,1,start,end,1.0,0.0,0.0,0.0,0.0,0.0,0.0,1.0,0.0,4.0,0.0,0.0,0.0,0.0,
FRA-Ligue 1,2021,2021-04-11 Brest-Nimes,Nimes,Baptiste Reynet,False,Goalkeeper,1,start,end,1.0,0.0,0.0,0.0,0.0,0.0,0.0,1.0,0.0,22.0,0.0,0.0,0.0,0.0,
FRA-Ligue 1,2021,2021-04-11 Lens-Lorient,Lens,Jean-Louis Leca,True,Goalkeeper,1,start,end,1.0,0.0,0.0,0.0,0.0,0.0,0.0,1.0,0.0,16.0,0.0,0.0,0.0,0.0,
FRA-Ligue 1,2021,2021-04-11 Lens-Lorient,Lorient,Mathieu Dreyer,False,Goalkeeper,1,start,end,1.0,0.0,0.0,0.0,0.0,0.0,0.0,4.0,0.0,10.0,0.0,0.0,0.0,0.0,
FRA-Ligue 1,2021,2021-04-11 Lyon-Angers,Angers,Paul Bernardoni,False,Goalkeeper,1,start,end,1.0,0.0,0.0,0.0,0.0,0.0,0.0,3.0,0.0,13.0,0.0,0.0,0.0,0.0,
FRA-Ligue 1,2021,2021-04-11 Lyon-Angers,Lyon,Anthony Lopes,True,Goalkeeper,1,start,end,1.0,0.0,0.0,0.0,0.0,0.0,0.0,0.0,0.0,11.0,0.0,0.0,0.0,0.0,
FRA-Ligue 1,2021,2021-04-11 Nice-Stade de Reims,Nice,Walter Benítez,True,Goalkeeper,1,start,end,1.0,0.0,0.0,0.0,0.0,0.0,0.0,0.0,0.0,10.0,0.0,0.0,0.0,0.0,
FRA-Ligue 1,2021,2021-04-11 Nice-Stade de Reims,Stade de Reims,Predrag Rajkovic,False,Goalkeeper,1,start,end,1.0,0.0,2.0,0.0,0.0,0.0,0.0,0.0,0.0,13.0,0.0,0.0,0.0,0.0,
FRA-Ligue 1,2021,2021-04-11 Saint-Étienne-Bordeaux,Bordeaux,Benoit Costil,False,Goalkeeper,1,start,end,1.0,0.0,0.0,0.0,0.0,0.0,0.0,4.0,0.0,13.0,0.0,0.0,0.0,0.0,
FRA-Ligue 1,2021,2021-04-11 Saint-Étienne-Bordeaux,Saint-Étienne,Etienne Green,True,Goalkeeper,1,start,end,1.0,0.0,0.0,0.0,0.0,0.0,0.0,1.0,0.0,9.0,0.0,0.0,0.0,0.0,
FRA-Ligue 1,2021,2021-04-11 Stade Rennais-Nantes,Nantes,Alban Lafont,False,Goalkeeper,1,start,end,1.0,0.0,0.0,0.0,0.0,0.0,0.0,1.0,0.0,13.0,0.0,0.0,0.0,0.0,
FRA-Ligue 1,2021,2021-04-11 Stade Rennais-Nantes,Stade Rennais,Alfred Gomis,True,Goalkeeper,1,start,end,1.0,0.0,0.0,0.0,0.0,0.0,0.0,0.0,0.0,5.0,0.0,0.0,0.0,0.0,
FRA-Ligue 1,2021,2021-04-16 Lille-Montpellier,Lille,Mike Maignan,True,Goalkeeper,1,start,end,1.0,0.0,0.0,0.0,0.0,0.0,0.0,1.0,0.0,9.0,0.0,0.0,0.0,0.0,
FRA-Ligue 1,2021,2021-04-16 Lille-Montpellier,Montpellier,Jonas Omlin,False,Goalkeeper,1,start,end,1.0,0.0,0.0,0.0,0.0,0.0,0.0,1.0,0.0,19.0,0.0,0.0,0.0,0.0,
FRA-Ligue 1,2021,2021-04-17 Angers-Stade Rennais,Angers,Paul Bernardoni,True,Goalkeeper,1,start,end,1.0,0.0,0.0,0.0,0.0,0.0,0.0,3.0,0.0,6.0,0.0,0.0,0.0,0.0,
FRA-Ligue 1,2021,2021-04-17 Angers-Stade Rennais,Stade Rennais,Alfred Gomis,False,Goalkeeper,1,start,end,1.0,0.0,1.0,0.0,0.0,0.0,0.0,0.0,0.0,10.0,0.0,0.0,0.0,0.0,
FRA-Ligue 1,2021,2021-04-17 Marseille-Lorient,Lorient,Mathieu Dreyer,False,Goalkeeper,1,start,end,1.0,0.0,0.0,0.0,0.0,0.0,0.0,3.0,0.0,10.0,0.0,0.0,0.0,0.0,
FRA-Ligue 1,2021,2021-04-17 Marseille-Lorient,Marseille,Steve Mandanda,True,Goalkeeper,1,start,end,1.0,0.0,1.0,0.0,0.0,0.0,0.0,2.0,0.0,9.0,0.0,0.0,0.0,0.0,
FRA-Ligue 1,2021,2021-04-18 Bordeaux-AS Monaco,AS Monaco,Benjamin Lecomte,False,Goalkeeper,1,start,end,1.0,0.0,0.0,0.0,0.0,0.0,0.0,0.0,0.0,7.0,0.0,0.0,0.0,0.0,
FRA-Ligue 1,2021,2021-04-18 Bordeaux-AS Monaco,Bordeaux,Benoit Costil,True,Goalkeeper,1,start,end,1.0,0.0,0.0,0.0,0.0,0.0,0.0,3.0,0.0,10.0,0.0,0.0,0.0,0.0,
FRA-Ligue 1,2021,2021-04-18 Brest-Lens,Brest,Gautier Larsonneur,True,Goalkeeper,1,start,end,1.0,0.0,0.0,0.0,0.0,0.0,0.0,1.0,0.0,7.0,0.0,0.0,0.0,0.0,
FRA-Ligue 1,2021,2021-04-18 Brest-Lens,Lens,Jean-Louis Leca,False,Goalkeeper,1,start,end,1.0,0.0,0.0,0.0,0.0,0.0,0.0,0.0,0.0,7.0,0.0,0.0,0.0,0.0,
FRA-Ligue 1,2021,2021-04-18 Dijon FCO-Nice,Dijon FCO,Saturnin Allagbé,True,Goalkeeper,1,start,end,1.0,0.0,0.0,0.0,0.0,0.0,0.0,0.0,0.0,9.0,0.0,0.0,0.0,0.0,
FRA-Ligue 1,2021,2021-04-18 Dijon FCO-Nice,Nice,Walter Benítez,False,Goalkeeper,1,start,end,1.0,0.0,0.0,0.0,0.0,0.0,0.0,2.0,0.0,7.0,0.0,0.0,0.0,0.0,
FRA-Ligue 1,2021,2021-04-18 Nantes-Lyon,Lyon,Anthony Lopes,False,Goalkeeper,1,start,end,1.0,0.0,0.0,0.0,0.0,0.0,0.0,1.0,2.0,11.0,0.0,0.0,0.0,0.0,
FRA-Ligue 1,2021,2021-04-18 Nantes-Lyon,Nantes,Alban Lafont,True,Goalkeeper,1,start,end,1.0,1.0,0.0,0.0,0.0,0.0,0.0,2.0,2.0,8.0,0.0,0.0,0.0,0.0,
FRA-Ligue 1,2021,2021-04-18 Nimes-Strasbourg,Nimes,Baptiste Reynet,True,Goalkeeper,1,start,end,1.0,0.0,0.0,0.0,0.0,0.0,0.0,1.0,0.0,5.0,0.0,0.0,0.0,0.0,
FRA-Ligue 1,2021,2021-04-18 Nimes-Strasbourg,Strasbourg,Matz Sels,False,Goalkeeper,1,start,end,1.0,0.0,0.0,0.0,0.0,0.0,0.0,1.0,0.0,4.0,0.0,0.0,0.0,0.0,
FRA-Ligue 1,2021,2021-04-18 Paris Saint-Germain-Saint-Étienne,Paris Saint-Germain,Sergio Rico,True,Goalkeeper,1,start,end,1.0,0.0,0.0,0.0,0.0,0.0,0.0,2.0,0.0,5.0,0.0,0.0,0.0,0.0,
FRA-Ligue 1,2021,2021-04-18 Paris Saint-Germain-Saint-Étienne,Saint-Étienne,Etienne Green,False,Goalkeeper,1,start,end,1.0,1.0,0.0,0.0,0.0,0.0,0.0,3.0,0.0,14.0,0.0,0.0,0.0,0.0,
FRA-Ligue 1,2021,2021-04-18 Stade de Reims-Metz,Metz,Alexandre Oukidja,False,Goalkeeper,1,start,end,1.0,0.0,2.0,0.0,0.0,0.0,0.0,0.0,0.0,15.0,0.0,0.0,0.0,0.0,
FRA-Ligue 1,2021,2021-04-18 Stade de Reims-Metz,Stade de Reims,Predrag Rajkovic,True,Goalkeeper,1,start,end,1.0,0.0,1.0,0.0,0.0,0.0,0.0,0.0,0.0,10.0,0.0,0.0,0.0,0.0,
FRA-Ligue 1,2021,2021-04-23 Stade de Reims-Marseille,Marseille,Steve Mandanda,False,Goalkeeper,1,start,end,1.0,0.0,0.0,0.0,0.0,0.0,0.0,1.0,0.0,8.0,0.0,0.0,0.0,0.0,
FRA-Ligue 1,2021,2021-04-23 Stade de Reims-Marseille,Stade de Reims,Predrag Rajkovic,True,Goalkeeper,1,start,end,1.0,0.0,0.0,0.0,0.0,0.0,0.0,3.0,0.0,8.0,0.0,0.0,0.0,0.0,
FRA-Ligue 1,2021,2021-04-24 Metz-Paris Saint-Germain,Metz,Alexandre Oukidja,True,Goalkeeper,1,start,end,1.0,0.0,1.0,0.0,0.0,0.0,0.0,3.0,0.0,16.0,0.0,0.0,0.0,0.0,
FRA-Ligue 1,2021,2021-04-24 Metz-Paris Saint-Germain,Paris Saint-Germain,Keylor Navas,False,Goalkeeper,1,start,end,1.0,0.0,0.0,0.0,0.0,0.0,0.0,1.0,0.0,6.0,0.0,0.0,0.0,0.0,
FRA-Ligue 1,2021,2021-04-24 Saint-Étienne-Brest,Brest,Gautier Larsonneur,False,Goalkeeper,1,start,end,1.0,0.0,0.0,0.0,0.0,0.0,0.0,1.0,0.0,5.0,0.0,0.0,0.0,0.0,
FRA-Ligue 1,2021,2021-04-24 Saint-Étienne-Brest,Saint-Étienne,Etienne Green,True,Goalkeeper,1,start,end,1.0,0.0,0.0,0.0,0.0,0.0,0.0,2.0,0.0,10.0,0.0,0.0,0.0,0.0,
FRA-Ligue 1,2021,2021-04-25 Angers-AS Monaco,AS Monaco,Benjamin Lecomte,False,Goalkeeper,1,start,end,1.0,0.0,0.0,0.0,0.0,0.0,0.0,0.0,0.0,3.0,0.0,0.0,0.0,0.0,
FRA-Ligue 1,2021,2021-04-25 Angers-AS Monaco,Angers,Paul Bernardoni,True,Goalkeeper,1,start,end,1.0,0.0,1.0,0.0,0.0,0.0,0.0,1.0,0.0,9.0,0.0,0.0,0.0,0.0,
FRA-Ligue 1,2021,2021-04-25 Lens-Nimes,Lens,Jean-Louis Leca,True,Goalkeeper,1,start,80,1.0,0.0,0.0,0.0,0.0,0.0,0.0,1.0,0.0,13.0,0.0,0.0,0.0,0.0,
FRA-Ligue 1,2021,2021-04-25 Lens-Nimes,Nimes,Baptiste Reynet,False,Goalkeeper,1,start,end,1.0,0.0,1.0,0.0,0.0,0.0,0.0,2.0,0.0,5.0,0.0,0.0,0.0,1.0,
FRA-Ligue 1,2021,2021-04-25 Lorient-Bordeaux,Bordeaux,Benoit Costil,False,Goalkeeper,1,start,end,1.0,0.0,0.0,0.0,0.0,0.0,0.0,4.0,0.0,9.0,0.0,0.0,0.0,0.0,
FRA-Ligue 1,2021,2021-04-25 Lorient-Bordeaux,Lorient,Paul Nardi,True,Goalkeeper,1,start,end,1.0,0.0,0.0,0.0,0.0,0.0,0.0,1.0,0.0,13.0,0.0,0.0,0.0,0.0,
FRA-Ligue 1,2021,2021-04-25 Lyon-Lille,Lille,Mike Maignan,False,Goalkeeper,1,start,end,1.0,0.0,0.0,0.0,0.0,0.0,0.0,1.0,0.0,7.0,0.0,0.0,0.0,0.0,
FRA-Ligue 1,2021,2021-04-25 Lyon-Lille,Lyon,Anthony Lopes,True,Goalkeeper,1,start,end,1.0,0.0,0.0,0.0,0.0,0.0,0.0,3.0,0.0,13.0,0.0,0.0,0.0,0.0,
FRA-Ligue 1,2021,2021-04-25 Nice-Montpellier,Montpellier,Jonas Omlin,False,Goalkeeper,1,start,end,1.0,0.0,0.0,0.0,0.0,0.0,0.0,3.0,0.0,15.0,0.0,0.0,0.0,0.0,
FRA-Ligue 1,2021,2021-04-25 Nice-Montpellier,Nice,Walter Benítez,True,Goalkeeper,1,start,end,1.0,0.0,0.0,0.0,0.0,0.0,0.0,1.0,0.0,12.0,0.0,0.0,0.0,0.0,
FRA-Ligue 1,2021,2021-04-25 Stade Rennais-Dijon FCO,Dijon FCO,Saturnin Allagbé,False,Goalkeeper,1,start,end,1.0,0.0,0.0,0.0,0.0,0.0,0.0,5.0,0.0,20.0,0.0,0.0,0.0,0.0,
FRA-Ligue 1,2021,2021-04-25 Stade Rennais-Dijon FCO,Stade Rennais,Alfred Gomis,True,Goalkeeper,1,start,end,1.0,1.0,0.0,0.0,0.0,0.0,0.0,1.0,0.0,3.0,0.0,0.0,0.0,0.0,
FRA-Ligue 1,2021,2021-04-25 Strasbourg-Nantes,Nantes,Alban Lafont,False,Goalkeeper,1,start,end,1.0,0.0,1.0,0.0,0.0,0.0,0.0,1.0,0.0,11.0,0.0,0.0,0.0,0.0,
FRA-Ligue 1,2021,2021-04-25 Strasbourg-Nantes,Strasbourg,Matz Sels,True,Goalkeeper,1,start,end,1.0,0.0,0.0,0.0,0.0,0.0,0.0,2.0,0.0,5.0,0.0,0.0,0.0,0.0,
FRA-Ligue 1,2021,2021-04-30 Marseille-Strasbourg,Marseille,Steve Mandanda,True,Goalkeeper,1,start,end,1.0,0.0,0.0,0.0,0.0,0.0,0.0,1.0,0.0,7.0,0.0,0.0,0.0,0.0,
FRA-Ligue 1,2021,2021-04-30 Marseille-Strasbourg,Strasbourg,Matz Sels,False,Goalkeeper,1,start,end,1.0,0.0,0.0,0.0,0.0,0.0,0.0,1.0,0.0,7.0,0.0,0.0,0.0,0.0,
FRA-Ligue 1,2021,2021-05-01 Lille-Nice,Lille,Mike Maignan,True,Goalkeeper,1,start,end,1.0,0.0,0.0,0.0,0.0,0.0,0.0,0.0,0.0,0.0,0.0,0.0,0.0,0.0,
FRA-Ligue 1,2021,2021-05-01 Lille-Nice,Nice,Walter Benítez,False,Goalkeeper,1,start,end,1.0,0.0,0.0,0.0,0.0,0.0,0.0,2.0,0.0,11.0,0.0,0.0,0.0,0.0,
FRA-Ligue 1,2021,2021-05-01 Paris Saint-Germain-Lens,Lens,Wuilker Faríñez,False,Goalkeeper,1,start,end,1.0,0.0,0.0,0.0,0.0,0.0,0.0,2.0,0.0,11.0,0.0,0.0,0.0,0.0,
FRA-Ligue 1,2021,2021-05-01 Paris Saint-Germain-Lens,Paris Saint-Germain,Keylor Navas,True,Goalkeeper,1,start,end,1.0,0.0,0.0,0.0,0.0,0.0,0.0,1.0,0.0,14.0,0.0,0.0,0.0,0.0,
FRA-Ligue 1,2021,2021-05-02 AS Monaco-Lyon,AS Monaco,Benjamin Lecomte,True,Goalkeeper,1,start,end,1.0,0.0,0.0,0.0,0.0,0.0,0.0,3.0,0.0,14.0,0.0,0.0,0.0,0.0,
FRA-Ligue 1,2021,2021-05-02 AS Monaco-Lyon,Lyon,Anthony Lopes,False,Goalkeeper,1,start,end,1.0,1.0,0.0,0.0,0.0,0.0,1.0,2.0,0.0,10.0,0.0,0.0,0.0,0.0,
FRA-Ligue 1,2021,2021-05-02 Bordeaux-Stade Rennais,Bordeaux,Benoit Costil,True,Goalkeeper,1,start,end,1.0,0.0,0.0,0.0,0.0,0.0,0.0,0.0,0.0,9.0,0.0,0.0,0.0,0.0,
FRA-Ligue 1,2021,2021-05-02 Bordeaux-Stade Rennais,Stade Rennais,Alfred Gomis,False,Goalkeeper,1,start,end,1.0,0.0,0.0,0.0,0.0,0.0,0.0,1.0,0.0,8.0,0.0,0.0,0.0,0.0,
FRA-Ligue 1,2021,2021-05-02 Brest-Nantes,Brest,Gautier Larsonneur,True,Goalkeeper,1,start,end,1.0,1.0,0.0,0.0,0.0,0.0,1.0,4.0,0.0,7.0,0.0,0.0,0.0,0.0,
FRA-Ligue 1,2021,2021-05-02 Brest-Nantes,Nantes,Alban Lafont,False,Goalkeeper,1,start,end,1.0,0.0,0.0,0.0,0.0,0.0,0.0,1.0,0.0,15.0,0.0,0.0,0.0,0.0,
FRA-Ligue 1,2021,2021-05-02 Dijon FCO-Metz,Dijon FCO,Saturnin Allagbé,True,Goalkeeper,1,start,end,1.0,0.0,0.0,0.0,0.0,0.0,0.0,4.0,0.0,10.0,0.0,0.0,0.0,0.0,
FRA-Ligue 1,2021,2021-05-02 Dijon FCO-Metz,Metz,Alexandre Oukidja,False,Goalkeeper,1,start,end,1.0,0.0,0.0,0.0,0.0,0.0,0.0,1.0,0.0,9.0,0.0,0.0,0.0,0.0,
FRA-Ligue 1,2021,2021-05-02 Lorient-Angers,Angers,Paul Bernardoni,False,Goalkeeper,1,start,end,1.0,0.0,0.0,0.0,0.0,0.0,0.0,2.0,0.0,11.0,0.0,0.0,0.0,0.0,
FRA-Ligue 1,2021,2021-05-02 Lorient-Angers,Lorient,Paul Nardi,True,Goalkeeper,1,start,end,1.0,0.0,0.0,0.0,0.0,0.0,0.0,0.0,0.0,9.0,0.0,0.0,0.0,0.0,
FRA-Ligue 1,2021,2021-05-02 Montpellier-Saint-Étienne,Montpellier,Jonas Omlin,True,Goalkeeper,1,start,end,1.0,0.0,2.0,0.0,0.0,0.0,0.0,2.0,0.0,17.0,0.0,0.0,0.0,0.0,
FRA-Ligue 1,2021,2021-05-02 Montpellier-Saint-Étienne,Saint-Étienne,Etienne Green,False,Goalkeeper,1,start,end,1.0,0.0,1.0,0.0,0.0,0.0,0.0,1.0,0.0,12.0,0.0,0.0,0.0,0.0,
FRA-Ligue 1,2021,2021-05-02 Nimes-Stade de Reims,Nimes,Baptiste Reynet,True,Goalkeeper,1,start,end,1.0,0.0,0.0,0.0,0.0,0.0,0.0,2.0,0.0,10.0,0.0,0.0,0.0,0.0,
FRA-Ligue 1,2021,2021-05-02 Nimes-Stade de Reims,Stade de Reims,Predrag Rajkovic,False,Goalkeeper,1,start,end,1.0,0.0,0.0,0.0,0.0,0.0,0.0,2.0,0.0,15.0,0.0,0.0,0.0,0.0,
FRA-Ligue 1,2021,2021-05-07 Lens-Lille,Lens,Jean-Louis Leca,True,Goalkeeper,1,start,end,1.0,0.0,0.0,0.0,0.0,0.0,0.0,3.0,0.0,8.0,0.0,0.0,0.0,0.0,
FRA-Ligue 1,2021,2021-05-07 Lens-Lille,Lille,Mike Maignan,False,Goalkeeper,1,start,end,1.0,0.0,1.0,0.0,0.0,0.0,0.0,0.0,0.0,10.0,0.0,0.0,0.0,0.0,
FRA-Ligue 1,2021,2021-05-08 Lyon-Lorient,Lorient,Paul Nardi,False,Goalkeeper,1,start,end,1.0,0.0,0.0,0.0,0.0,0.0,0.0,4.0,0.0,21.0,0.0,0.0,0.0,0.0,
FRA-Ligue 1,2021,2021-05-08 Lyon-Lorient,Lyon,Anthony Lopes,True,Goalkeeper,1,start,end,1.0,0.0,0.0,0.0,0.0,0.0,0.0,1.0,0.0,7.0,0.0,0.0,0.0,0.0,
FRA-Ligue 1,2021,2021-05-08 Nantes-Bordeaux,Bordeaux,Benoit Costil,False,Goalkeeper,1,start,end,1.0,0.0,0.0,0.0,0.0,0.0,0.0,3.0,0.0,7.0,0.0,0.0,0.0,0.0,
FRA-Ligue 1,2021,2021-05-08 Nantes-Bordeaux,Nantes,Alban Lafont,True,Goalkeeper,1,start,end,1.0,0.0,0.0,0.0,0.0,0.0,0.0,0.0,0.0,10.0,0.0,0.0,0.0,0.0,
FRA-Ligue 1,2021,2021-05-09 Angers-Dijon FCO,Angers,Paul Bernardoni,True,Goalkeeper,1,start,end,1.0,0.0,0.0,0.0,0.0,0.0,0.0,0.0,0.0,5.0,0.0,0.0,0.0,0.0,
FRA-Ligue 1,2021,2021-05-09 Angers-Dijon FCO,Dijon FCO,Saturnin Allagbé,False,Goalkeeper,1,start,end,1.0,0.0,0.0,0.0,0.0,0.0,0.0,3.0,0.0,9.0,0.0,0.0,0.0,0.0,
FRA-Ligue 1,2021,2021-05-09 Metz-Nimes,Metz,Alexandre Oukidja,True,Goalkeeper,1,start,end,1.0,1.0,1.0,0.0,0.0,0.0,0.0,3.0,0.0,7.0,0.0,0.0,0.0,0.0,
FRA-Ligue 1,2021,2021-05-09 Metz-Nimes,Nimes,Baptiste Reynet,False,Goalkeeper,1,start,end,1.0,0.0,1.0,0.0,0.0,0.0,0.0,0.0,0.0,11.0,0.0,0.0,0.0,0.0,
FRA-Ligue 1,2021,2021-05-09 Nice-Brest,Brest,Gautier Larsonneur,False,Goalkeeper,1,start,end,1.0,0.0,1.0,0.0,0.0,0.0,0.0,3.0,0.0,10.0,0.0,0.0,0.0,0.0,
FRA-Ligue 1,2021,2021-05-09 Nice-Brest,Nice,Walter Benítez,True,Goalkeeper,1,start,end,1.0,0.0,0.0,0.0,0.0,0.0,0.0,2.0,0.0,6.0,0.0,0.0,0.0,0.0,
FRA-Ligue 1,2021,2021-05-09 Saint-Étienne-Marseille,Marseille,Steve Mandanda,False,Goalkeeper,1,start,end,1.0,0.0,0.0,0.0,0.0,0.0,0.0,1.0,0.0,17.0,0.0,0.0,0.0,0.0,
FRA-Ligue 1,2021,2021-05-09 Saint-Étienne-Marseille,Saint-Étienne,Etienne Green,True,Goalkeeper,1,start,end,1.0,0.0,0.0,0.0,0.0,0.0,0.0,0.0,0.0,14.0,0.0,0.0,0.0,0.0,
FRA-Ligue 1,2021,2021-05-09 Stade Rennais-Paris Saint-Germain,Paris Saint-Germain,Keylor Navas,False,Goalkeeper,1,start,end,1.0,0.0,0.0,0.0,0.0,0.0,0.0,1.0,0.0,18.0,0.0,0.0,0.0,0.0,
FRA-Ligue 1,2021,2021-05-09 Stade Rennais-Paris Saint-Germain,Stade Rennais,Alfred Gomis,True,Goalkeeper,1,start,end,1.0,0.0,0.0,0.0,0.0,0.0,0.0,1.0,0.0,11.0,0.0,0.0,0.0,0.0,
FRA-Ligue 1,2021,2021-05-09 Stade de Reims-AS Monaco,AS Monaco,Benjamin Lecomte,False,Goalkeeper,1,start,end,1.0,0.0,0.0,0.0,0.0,0.0,0.0,0.0,0.0,8.0,0.0,0.0,0.0,0.0,
FRA-Ligue 1,2021,2021-05-09 Stade de Reims-AS Monaco,Stade de Reims,Predrag Rajkovic,True,Goalkeeper,1,start,end,1.0,0.0,1.0,0.0,0.0,0.0,0.0,1.0,0.0,6.0,0.0,0.0,0.0,0.0,
FRA-Ligue 1,2021,2021-05-09 Strasbourg-Montpellier,Montpellier,Dimitry Bertaud,False,Goalkeeper,1,start,end,1.0,0.0,0.0,0.0,0.0,0.0,0.0,2.0,0.0,16.0,0.0,0.0,0.0,0.0,
FRA-Ligue 1,2021,2021-05-09 Strasbourg-Montpellier,Strasbourg,Matz Sels,True,Goalkeeper,1,start,end,1.0,0.0,0.0,0.0,0.0,0.0,0.0,3.0,0.0,3.0,0.0,0.0,0.0,0.0,
FRA-Ligue 1,2021,2021-05-16 AS Monaco-Stade Rennais,AS Monaco,Benjamin Lecomte,True,Goalkeeper,1,start,end,1.0,0.0,0.0,0.0,0.0,0.0,0.0,0.0,0.0,9.0,0.0,0.0,0.0,0.0,
FRA-Ligue 1,2021,2021-05-16 AS Monaco-Stade Rennais,Stade Rennais,Alfred Gomis,False,Goalkeeper,1,start,end,1.0,0.0,0.0,0.0,0.0,0.0,0.0,2.0,0.0,9.0,0.0,0.0,0.0,0.0,
FRA-Ligue 1,2021,2021-05-16 Bordeaux-Lens,Bordeaux,Benoit Costil,True,Goalkeeper,1,start,end,1.0,0.0,0.0,0.0,0.0,0.0,0.0,0.0,0.0,14.0,0.0,0.0,0.0,0.0,
FRA-Ligue 1,2021,2021-05-16 Bordeaux-Lens,Lens,Jean-Louis Leca,False,Goalkeeper,1,start,end,1.0,0.0,0.0,0.0,0.0,0.0,0.0,3.0,0.0,8.0,0.0,0.0,0.0,0.0,
FRA-Ligue 1,2021,2021-05-16 Dijon FCO-Nantes,Dijon FCO,Saturnin Allagbé,True,Goalkeeper,1,start,end,1.0,0.0,0.0,0.0,0.0,0.0,0.0,4.0,0.0,11.0,0.0,0.0,0.0,0.0,
FRA-Ligue 1,2021,2021-05-16 Dijon FCO-Nantes,Nantes,Alban Lafont,False,Goalkeeper,1,start,end,1.0,0.0,1.0,0.0,0.0,0.0,0.0,0.0,0.0,10.0,0.0,0.0,0.0,0.0,
FRA-Ligue 1,2021,2021-05-16 Lille-Saint-Étienne,Lille,Mike Maignan,True,Goalkeeper,1,start,end,1.0,0.0,0.0,0.0,0.0,0.0,0.0,0.0,0.0,7.0,0.0,0.0,0.0,0.0,
FRA-Ligue 1,2021,2021-05-16 Lille-Saint-Étienne,Saint-Étienne,Etienne Green,False,Goalkeeper,1,start,end,1.0,0.0,0.0,0.0,0.0,0.0,0.0,0.0,0.0,14.0,0.0,0.0,0.0,0.0,
FRA-Ligue 1,2021,2021-05-16 Lorient-Metz,Lorient,Paul Nardi,True,Goalkeeper,1,start,end,1.0,0.0,0.0,0.0,0.0,0.0,0.0,1.0,0.0,2.0,0.0,0.0,0.0,0.0,
FRA-Ligue 1,2021,2021-05-16 Lorient-Metz,Metz,Alexandre Oukidja,False,Goalkeeper,1,start,end,1.0,0.0,0.0,0.0,0.0,0.0,0.0,2.0,0.0,4.0,0.0,0.0,0.0,0.0,
FRA-Ligue 1,2021,2021-05-16 Marseille-Angers,Angers,Paul Bernardoni,False,Goalkeeper,1,start,end,1.0,0.0,0.0,0.0,0.0,0.0,0.0,3.0,0.0,11.0,0.0,0.0,0.0,0.0,
FRA-Ligue 1,2021,2021-05-16 Marseille-Angers,Marseille,Steve Mandanda,True,Goalkeeper,1,start,end,1.0,0.0,0.0,0.0,0.0,0.0,0.0,2.0,0.0,8.0,0.0,0.0,0.0,0.0,
FRA-Ligue 1,2021,2021-05-16 Montpellier-Brest,Brest,Gautier Larsonneur,False,Goalkeeper,1,start,end,1.0,0.0,0.0,0.0,0.0,0.0,0.0,0.0,0.0,4.0,0.0,0.0,0.0,0.0,
FRA-Ligue 1,2021,2021-05-16 Montpellier-Brest,Montpellier,Dimitry Bertaud,True,Goalkeeper,1,start,end,1.0,0.0,1.0,0.0,0.0,0.0,0.0,0.0,0.0,22.0,0.0,0.0,0.0,0.0,
FRA-Ligue 1,2021,2021-05-16 Nice-Strasbourg,Nice,Walter Benítez,True,Goalkeeper,1,start,end,1.0,0.0,0.0,0.0,0.0,0.0,0.0,2.0,0.0,9.0,0.0,0.0,0.0,0.0,
FRA-Ligue 1,2021,2021-05-16 Nice-Strasbourg,Strasbourg,Eiji Kawashima,False,Goalkeeper,1,start,end,1.0,0.0,0.0,0.0,0.0,0.0,0.0,0.0,0.0,7.0,0.0,0.0,0.0,0.0,
FRA-Ligue 1,2021,2021-05-16 Nimes-Lyon,Lyon,Anthony Lopes,False,Goalkeeper,1,start,end,1.0,0.0,0.0,0.0,0.0,0.0,0.0,2.0,0.0,5.0,0.0,0.0,0.0,0.0,
FRA-Ligue 1,2021,2021-05-16 Nimes-Lyon,Nimes,Baptiste Reynet,True,Goalkeeper,1,start,end,1.0,0.0,0.0,0.0,0.0,0.0,0.0,5.0,0.0,16.0,0.0,0.0,0.0,0.0,
FRA-Ligue 1,2021,2021-05-16 Paris Saint-Germain-Stade de Reims,Paris Saint-Germain,Keylor Navas,True,Goalkeeper,1,start,end,1.0,0.0,0.0,0.0,0.0,0.0,0.0,0.0,0.0,2.0,0.0,0.0,0.0,0.0,
FRA-Ligue 1,2021,2021-05-16 Paris Saint-Germain-Stade de Reims,Stade de Reims,Predrag Rajkovic,False,Goalkeeper,1,start,end,1.0,0.0,0.0,0.0,0.0,0.0,0.0,4.0,0.0,25.0,0.0,0.0,0.0,0.0,
FRA-Ligue 1,2021,2021-05-23 Angers-Lille,Angers,Paul Bernardoni,True,Goalkeeper,1,start,end,1.0,1.0,0.0,0.0,0.0,0.0,0.0,2.0,0.0,3.0,0.0,0.0,0.0,0.0,
FRA-Ligue 1,2021,2021-05-23 Angers-Lille,Lille,Mike Maignan,False,Goalkeeper,1,start,end,1.0,0.0,0.0,0.0,0.0,0.0,0.0,1.0,0.0,10.0,0.0,0.0,0.0,0.0,
FRA-Ligue 1,2021,2021-05-23 Brest-Paris Saint-Germain,Brest,Gautier Larsonneur,True,Goalkeeper,1,start,end,1.0,0.0,0.0,0.0,0.0,0.0,0.0,1.0,0.0,7.0,0.0,0.0,0.0,0.0,
FRA-Ligue 1,2021,2021-05-23 Brest-Paris Saint-Germain,Paris Saint-Germain,Keylor Navas,False,Goalkeeper,1,start,end,1.0,0.0,0.0,0.0,0.0,0.0,0.0,0.0,0.0,6.0,0.0,0.0,0.0,0.0,
FRA-Ligue 1,2021,2021-05-23 Lens-AS Monaco,AS Monaco,Benjamin Lecomte,False,Goalkeeper,1,start,end,1.0,0.0,0.0,0.0,0.0,0.0,0.0,0.0,0.0,4.0,0.0,0.0,0.0,0.0,
FRA-Ligue 1,2021,2021-05-23 Lens-AS Monaco,Lens,Jean-Louis Leca,True,Goalkeeper,1,start,end,1.0,0.0,0.0,0.0,0.0,0.0,0.0,0.0,0.0,19.0,0.0,0.0,0.0,0.0,
FRA-Ligue 1,2021,2021-05-23 Lyon-Nice,Lyon,Anthony Lopes,True,Goalkeeper,1,start,end,1.0,0.0,0.0,0.0,0.0,0.0,0.0,3.0,3.0,11.0,0.0,0.0,0.0,0.0,
FRA-Ligue 1,2021,2021-05-23 Lyon-Nice,Nice,Walter Benítez,False,Goalkeeper,1,start,end,1.0,0.0,0.0,0.0,0.0,0.0,0.0,2.0,4.0,10.0,0.0,0.0,0.0,0.0,
FRA-Ligue 1,2021,2021-05-23 Metz-Marseille,Marseille,Steve Mandanda,False,Goalkeeper,1,start,end,1.0,0.0,0.0,0.0,0.0,0.0,0.0,1.0,0.0,8.0,0.0,0.0,0.0,0.0,
FRA-Ligue 1,2021,2021-05-23 Metz-Marseille,Metz,Alexandre Oukidja,True,Goalkeeper,1,start,end,1.0,0.0,0.0,0.0,0.0,0.0,0.0,1.0,0.0,8.0,0.0,0.0,0.0,0.0,
FRA-Ligue 1,2021,2021-05-23 Nantes-Montpellier,Montpellier,Dimitry Bertaud,False,Goalkeeper,1,start,end,1.0,0.0,1.0,0.0,0.0,0.0,0.0,1.0,4.0,14.0,0.0,0.0,0.0,0.0,
FRA-Ligue 1,2021,2021-05-23 Nantes-Montpellier,Nantes,Alban Lafont,True,Goalkeeper,1,start,end,1.0,0.0,0.0,0.0,0.0,0.0,0.0,2.0,3.0,5.0,0.0,0.0,0.0,0.0,
FRA-Ligue 1,2021,2021-05-23 Saint-Étienne-Dijon FCO,Dijon FCO,Saturnin Allagbé,False,Goalkeeper,1,start,end,1.0,0.0,0.0,0.0,0.0,0.0,0.0,0.0,5.0,19.0,0.0,0.0,0.0,0.0,
FRA-Ligue 1,2021,2021-05-23 Saint-Étienne-Dijon FCO,Saint-Étienne,Etienne Green,True,Goalkeeper,1,start,end,1.0,0.0,0.0,0.0,0.0,0.0,0.0,1.0,1.0,8.0,0.0,0.0,0.0,0.0,
FRA-Ligue 1,2021,2021-05-23 Stade Rennais-Nimes,Nimes,Baptiste Reynet,False,Goalkeeper,1,start,end,1.0,0.0,0.0,0.0,0.0,0.0,0.0,2.0,0.0,10.0,0.0,0.0,0.0,0.0,
FRA-Ligue 1,2021,2021-05-23 Stade Rennais-Nimes,Stade Rennais,Alfred Gomis,True,Goalkeeper,1,start,end,1.0,0.0,0.0,0.0,0.0,0.0,0.0,0.0,0.0,9.0,0.0,0.0,0.0,0.0,
FRA-Ligue 1,2021,2021-05-23 Stade de Reims-Bordeaux,Bordeaux,Benoit Costil,False,Goalkeeper,1,start,end,1.0,0.0,0.0,0.0,0.0,0.0,0.0,1.0,0.0,9.0,0.0,0.0,0.0,0.0,
FRA-Ligue 1,2021,2021-05-23 Stade de Reims-Bordeaux,Stade de Reims,Predrag Rajkovic,True,Goalkeeper,1,start,end,1.0,0.0,0.0,0.0,0.0,0.0,0.0,2.0,0.0,10.0,0.0,0.0,0.0,0.0,
FRA-Ligue 1,2021,2021-05-23 Strasbourg-Lorient,Lorient,Paul Nardi,False,Goalkeeper,1,start,end,1.0,0.0,0.0,0.0,0.0,0.0,0.0,1.0,0.0,5.0,0.0,0.0,0.0,0.0,
FRA-Ligue 1,2021,2021-05-23 Strasbourg-Lorient,Strasbourg,Eiji Kawashima,True,Goalkeeper,1,start,end,1.0,0.0,0.0,0.0,0.0,0.0,0.0,1.0,0.0,6.0,0.0,0.0,0.0,0.0,
