league,season,game,team,player,is_home,position,formation_place,sub_in,sub_out,appearances,fouls_committed,fouls_suffered,own_goals,red_cards,sub_ins,yellow_cards,goals_conceded,saves,shots_faced,goal_assists,shots_on_target,total_goals,total_shots,offsides
ESP-La Liga,1718,2017-08-18 Leganés-Alavés,Alavés,Fernando Pacheco,False,Goalkeeper,,start,end,1.0,0.0,0.0,0.0,0.0,0.0,0.0,1.0,2.0,0.0,0.0,0.0,0.0,0.0,
ESP-La Liga,1718,2017-08-18 Leganés-Alavés,Leganés,Iván Cuéllar,True,Goalkeeper,,start,end,1.0,0.0,0.0,0.0,0.0,0.0,0.0,0.0,5.0,0.0,0.0,0.0,0.0,0.0,
ESP-La Liga,1718,2017-08-18 Valencia-Las Palmas,Las Palmas,Leandro Chichizola,False,Goalkeeper,,start,end,1.0,0.0,0.0,0.0,0.0,0.0,0.0,1.0,5.0,0.0,0.0,0.0,0.0,0.0,
ESP-La Liga,1718,2017-08-18 Valencia-Las Palmas,Valencia,Neto,True,Goalkeeper,,start,end,1.0,0.0,0.0,0.0,0.0,0.0,0.0,0.0,4.0,0.0,0.0,0.0,0.0,0.0,
ESP-La Liga,1718,2017-08-19 Celta Vigo-Real Sociedad,Celta Vigo,Sergio Álvarez,True,Goalkeeper,,start,end,1.0,0.0,1.0,0.0,0.0,0.0,0.0,3.0,3.0,0.0,0.0,0.0,0.0,0.0,
ESP-La Liga,1718,2017-08-19 Celta Vigo-Real Sociedad,Real Sociedad,Gerónimo Rulli,False,Goalkeeper,,start,end,1.0,0.0,0.0,0.0,0.0,0.0,0.0,2.0,3.0,0.0,0.0,0.0,0.0,0.0,
ESP-La Liga,1718,2017-08-19 Girona-Atlético Madrid,Atlético Madrid,Jan Oblak,False,Goalkeeper,,start,end,1.0,0.0,0.0,0.0,0.0,0.0,0.0,2.0,4.0,0.0,0.0,0.0,0.0,0.0,
ESP-La Liga,1718,2017-08-19 Girona-Atlético Madrid,Girona,Gorka Iraizoz,True,Goalkeeper,,start,end,1.0,0.0,0.0,0.0,0.0,0.0,0.0,2.0,1.0,0.0,0.0,0.0,0.0,0.0,
ESP-La Liga,1718,2017-08-19 Sevilla-Espanyol,Espanyol,Pau López,False,Goalkeeper,,start,end,1.0,0.0,0.0,0.0,0.0,0.0,0.0,1.0,3.0,0.0,0.0,0.0,0.0,0.0,
ESP-La Liga,1718,2017-08-19 Sevilla-Espanyol,Sevilla,David Soria,True,Goalkeeper,,start,5,1.0,0.0,0.0,0.0,0.0,0.0,0.0,0.0,2.0,0.0,0.0,0.0,0.0,0.0,
ESP-La Liga,1718,2017-08-20 Athletic Club-Getafe,Athletic Club,Kepa Arrizabalaga,True,Goalkeeper,,start,end,1.0,0.0,0.0,0.0,0.0,0.0,0.0,0.0,2.0,0.0,0.0,0.0,0.0,0.0,
ESP-La Liga,1718,2017-08-20 Athletic Club-Getafe,Getafe,Vicente Guaita,False,Goalkeeper,,start,end,1.0,0.0,1.0,0.0,0.0,0.0,0.0,0.0,2.0,0.0,0.0,0.0,0.0,0.0,
ESP-La Liga,1718,2017-08-20 Barcelona-Real Betis,Barcelona,Marc-André ter Stegen,True,Goalkeeper,,start,end,1.0,0.0,0.0,0.0,0.0,0.0,0.0,0.0,0.0,0.0,0.0,0.0,0.0,0.0,
ESP-La Liga,1718,2017-08-20 Barcelona-Real Betis,Real Betis,Antonio Adán,False,Goalkeeper,,start,end,1.0,0.0,0.0,0.0,0.0,0.0,0.0,2.0,1.0,0.0,0.0,0.0,0.0,0.0,
ESP-La Liga,1718,2017-08-20 Deportivo La Coruña-Real Madrid,Deportivo La Coruña,Rubén,True,Goalkeeper,,start,end,1.0,0.0,0.0,0.0,0.0,0.0,0.0,3.0,5.0,0.0,0.0,0.0,0.0,0.0,
ESP-La Liga,1718,2017-08-20 Deportivo La Coruña-Real Madrid,Real Madrid,Keylor Navas,False,Goalkeeper,,start,end,1.0,0.0,0.0,0.0,0.0,0.0,0.0,0.0,5.0,0.0,0.0,0.0,0.0,0.0,
ESP-La Liga,1718,2017-08-21 Levante-Villarreal,Levante,Raúl Fernández,True,Goalkeeper,,start,end,1.0,0.0,0.0,0.0,0.0,0.0,0.0,0.0,1.0,0.0,0.0,0.0,0.0,0.0,
ESP-La Liga,1718,2017-08-21 Levante-Villarreal,Villarreal,Andrés Fernández,False,Goalkeeper,,start,end,1.0,0.0,0.0,0.0,0.0,0.0,0.0,1.0,2.0,0.0,0.0,0.0,0.0,0.0,
ESP-La Liga,1718,2017-08-21 Málaga-Eibar,Eibar,Marko Dmitrovic,False,Goalkeeper,,start,end,1.0,0.0,1.0,0.0,0.0,0.0,0.0,0.0,4.0,0.0,0.0,0.0,0.0,0.0,
ESP-La Liga,1718,2017-08-21 Málaga-Eibar,Málaga,Roberto,True,Goalkeeper,,start,end,1.0,0.0,0.0,0.0,0.0,0.0,0.0,1.0,5.0,0.0,0.0,0.0,0.0,0.0,
ESP-La Liga,1718,2017-08-25 Real Betis-Celta Vigo,Celta Vigo,Sergio Álvarez,False,Goalkeeper,,start,end,1.0,0.0,0.0,0.0,0.0,0.0,0.0,2.0,1.0,0.0,0.0,0.0,0.0,0.0,
ESP-La Liga,1718,2017-08-25 Real Betis-Celta Vigo,Real Betis,Antonio Adán,True,Goalkeeper,,start,end,1.0,0.0,0.0,0.0,0.0,0.0,0.0,1.0,1.0,0.0,0.0,0.0,0.0,0.0,
ESP-La Liga,1718,2017-08-25 Real Sociedad-Villarreal,Real Sociedad,Gerónimo Rulli,True,Goalkeeper,,start,end,1.0,0.0,0.0,0.0,0.0,0.0,0.0,0.0,1.0,0.0,0.0,0.0,0.0,0.0,
ESP-La Liga,1718,2017-08-25 Real Sociedad-Villarreal,Villarreal,Andrés Fernández,False,Goalkeeper,,start,45,1.0,0.0,0.0,0.0,0.0,0.0,0.0,3.0,3.0,0.0,0.0,0.0,0.0,0.0,
ESP-La Liga,1718,2017-08-26 Alavés-Barcelona,Alavés,Fernando Pacheco,True,Goalkeeper,,start,end,1.0,0.0,0.0,0.0,0.0,0.0,0.0,2.0,9.0,0.0,0.0,0.0,0.0,0.0,
ESP-La Liga,1718,2017-08-26 Alavés-Barcelona,Barcelona,Marc-André ter Stegen,False,Goalkeeper,,start,end,1.0,0.0,0.0,0.0,0.0,0.0,0.0,0.0,2.0,0.0,0.0,0.0,0.0,0.0,
ESP-La Liga,1718,2017-08-26 Girona-Málaga,Girona,Gorka Iraizoz,True,Goalkeeper,,start,end,1.0,0.0,0.0,0.0,0.0,0.0,1.0,0.0,2.0,0.0,0.0,0.0,0.0,0.0,
ESP-La Liga,1718,2017-08-26 Girona-Málaga,Málaga,Roberto,False,Goalkeeper,,start,end,1.0,0.0,0.0,0.0,0.0,0.0,0.0,1.0,3.0,0.0,0.0,0.0,0.0,0.0,
ESP-La Liga,1718,2017-08-26 Las Palmas-Atlético Madrid,Atlético Madrid,Jan Oblak,False,Goalkeeper,,start,end,1.0,0.0,0.0,0.0,0.0,0.0,0.0,1.0,3.0,0.0,0.0,0.0,0.0,0.0,
ESP-La Liga,1718,2017-08-26 Las Palmas-Atlético Madrid,Las Palmas,Leandro Chichizola,True,Goalkeeper,,start,end,1.0,0.0,0.0,0.0,0.0,0.0,0.0,5.0,1.0,0.0,0.0,0.0,0.0,0.0,
ESP-La Liga,1718,2017-08-26 Levante-Deportivo La Coruña,Deportivo La Coruña,Rubén,False,Goalkeeper,,start,end,1.0,0.0,0.0,0.0,0.0,0.0,0.0,2.0,3.0,0.0,0.0,0.0,0.0,0.0,
ESP-La Liga,1718,2017-08-26 Levante-Deportivo La Coruña,Levante,Raúl Fernández,True,Goalkeeper,,start,end,1.0,0.0,1.0,0.0,0.0,0.0,0.0,2.0,2.0,0.0,0.0,0.0,0.0,0.0,
ESP-La Liga,1718,2017-08-27 Eibar-Athletic Club,Athletic Club,Kepa Arrizabalaga,False,Goalkeeper,,start,end,1.0,0.0,0.0,0.0,0.0,0.0,0.0,0.0,5.0,0.0,0.0,0.0,0.0,0.0,
ESP-La Liga,1718,2017-08-27 Eibar-Athletic Club,Eibar,Marko Dmitrovic,True,Goalkeeper,,start,end,1.0,0.0,0.0,0.0,0.0,0.0,0.0,1.0,3.0,0.0,0.0,0.0,0.0,0.0,
ESP-La Liga,1718,2017-08-27 Espanyol-Leganés,Espanyol,Pau López,True,Goalkeeper,,start,end,1.0,0.0,0.0,0.0,0.0,0.0,0.0,1.0,7.0,0.0,0.0,0.0,0.0,0.0,
ESP-La Liga,1718,2017-08-27 Espanyol-Leganés,Leganés,Iván Cuéllar,False,Goalkeeper,,start,end,1.0,0.0,0.0,0.0,0.0,0.0,0.0,0.0,1.0,0.0,0.0,0.0,0.0,0.0,
ESP-La Liga,1718,2017-08-27 Getafe-Sevilla,Getafe,Vicente Guaita,True,Goalkeeper,,start,end,1.0,0.0,0.0,0.0,0.0,0.0,0.0,1.0,2.0,0.0,0.0,0.0,0.0,0.0,
ESP-La Liga,1718,2017-08-27 Getafe-Sevilla,Sevilla,Sergio Rico,False,Goalkeeper,,start,end,1.0,0.0,0.0,0.0,0.0,0.0,0.0,0.0,3.0,0.0,0.0,0.0,0.0,0.0,
ESP-La Liga,1718,2017-08-27 Real Madrid-Valencia,Real Madrid,Keylor Navas,True,Goalkeeper,,start,end,1.0,0.0,0.0,0.0,0.0,0.0,0.0,2.0,1.0,0.0,0.0,0.0,0.0,0.0,
ESP-La Liga,1718,2017-08-27 Real Madrid-Valencia,Valencia,Neto,False,Goalkeeper,,start,end,1.0,0.0,0.0,0.0,0.0,0.0,0.0,2.0,4.0,0.0,0.0,0.0,0.0,0.0,
ESP-La Liga,1718,2017-09-08 Leganés-Getafe,Getafe,Vicente Guaita,False,Goalkeeper,,start,end,1.0,0.0,0.0,0.0,0.0,0.0,0.0,1.0,6.0,0.0,0.0,0.0,0.0,0.0,
ESP-La Liga,1718,2017-09-08 Leganés-Getafe,Leganés,Iván Cuéllar,True,Goalkeeper,,start,end,1.0,0.0,1.0,0.0,0.0,0.0,0.0,2.0,0.0,0.0,0.0,0.0,0.0,0.0,
ESP-La Liga,1718,2017-09-09 Barcelona-Espanyol,Barcelona,Marc-André ter Stegen,True,Goalkeeper,,start,end,1.0,0.0,1.0,0.0,0.0,0.0,0.0,0.0,1.0,0.0,0.0,0.0,0.0,0.0,
ESP-La Liga,1718,2017-09-09 Barcelona-Espanyol,Espanyol,Pau López,False,Goalkeeper,,start,end,1.0,0.0,0.0,0.0,0.0,0.0,0.0,5.0,4.0,0.0,0.0,0.0,0.0,0.0,
ESP-La Liga,1718,2017-09-09 Real Madrid-Levante,Levante,Raúl Fernández,False,Goalkeeper,,start,end,1.0,0.0,0.0,0.0,0.0,0.0,0.0,1.0,9.0,0.0,0.0,0.0,0.0,0.0,
ESP-La Liga,1718,2017-09-09 Real Madrid-Levante,Real Madrid,Kiko Casilla,True,Goalkeeper,,start,end,1.0,0.0,0.0,0.0,0.0,0.0,0.0,1.0,1.0,0.0,0.0,0.0,0.0,0.0,
ESP-La Liga,1718,2017-09-09 Sevilla-Eibar,Eibar,Marko Dmitrovic,False,Goalkeeper,,start,end,1.0,0.0,0.0,0.0,0.0,0.0,0.0,3.0,3.0,0.0,0.0,0.0,0.0,0.0,
ESP-La Liga,1718,2017-09-09 Sevilla-Eibar,Sevilla,Sergio Rico,True,Goalkeeper,,start,end,1.0,0.0,0.0,0.0,0.0,0.0,0.0,0.0,1.0,0.0,0.0,0.0,0.0,0.0,
ESP-La Liga,1718,2017-09-09 Valencia-Atlético Madrid,Atlético Madrid,Jan Oblak,False,Goalkeeper,,start,end,1.0,0.0,0.0,0.0,0.0,0.0,0.0,0.0,0.0,0.0,0.0,0.0,0.0,0.0,
ESP-La Liga,1718,2017-09-09 Valencia-Atlético Madrid,Valencia,Neto,True,Goalkeeper,,start,end,1.0,0.0,0.0,0.0,0.0,0.0,0.0,0.0,4.0,0.0,0.0,0.0,0.0,0.0,
ESP-La Liga,1718,2017-09-10 Athletic Club-Girona,Athletic Club,Iago Herrerín,True,Goalkeeper,,start,end,1.0,0.0,1.0,0.0,0.0,0.0,0.0,0.0,7.0,0.0,0.0,0.0,0.0,0.0,
ESP-La Liga,1718,2017-09-10 Athletic Club-Girona,Girona,Gorka Iraizoz,False,Goalkeeper,,start,end,1.0,0.0,0.0,0.0,0.0,0.0,0.0,2.0,3.0,0.0,0.0,0.0,0.0,0.0,
ESP-La Liga,1718,2017-09-10 Celta Vigo-Alavés,Alavés,Fernando Pacheco,False,Goalkeeper,,start,end,1.0,0.0,0.0,0.0,0.0,0.0,0.0,1.0,2.0,0.0,0.0,0.0,0.0,0.0,
ESP-La Liga,1718,2017-09-10 Celta Vigo-Alavés,Celta Vigo,Sergio Álvarez,True,Goalkeeper,,start,end,1.0,0.0,0.0,0.0,0.0,0.0,0.0,0.0,3.0,0.0,0.0,0.0,0.0,0.0,
ESP-La Liga,1718,2017-09-10 Deportivo La Coruña-Real Sociedad,Deportivo La Coruña,Przemyslaw Tyton,True,Goalkeeper,,start,end,1.0,0.0,0.0,0.0,0.0,0.0,0.0,4.0,0.0,0.0,0.0,0.0,0.0,0.0,
ESP-La Liga,1718,2017-09-10 Deportivo La Coruña-Real Sociedad,Real Sociedad,Gerónimo Rulli,False,Goalkeeper,,start,end,1.0,0.0,0.0,0.0,0.0,0.0,0.0,2.0,2.0,0.0,0.0,0.0,0.0,0.0,
ESP-La Liga,1718,2017-09-10 Villarreal-Real Betis,Real Betis,Antonio Adán,False,Goalkeeper,,start,end,1.0,0.0,0.0,0.0,0.0,0.0,0.0,3.0,4.0,0.0,0.0,0.0,0.0,0.0,
ESP-La Liga,1718,2017-09-10 Villarreal-Real Betis,Villarreal,Mariano Barbosa,True,Goalkeeper,,start,end,1.0,0.0,0.0,0.0,0.0,0.0,0.0,1.0,2.0,0.0,0.0,0.0,0.0,0.0,
ESP-La Liga,1718,2017-09-11 Málaga-Las Palmas,Las Palmas,Leandro Chichizola,False,Goalkeeper,,start,end,1.0,0.0,1.0,0.0,0.0,0.0,0.0,1.0,5.0,0.0,0.0,0.0,0.0,0.0,
ESP-La Liga,1718,2017-09-11 Málaga-Las Palmas,Málaga,Roberto,True,Goalkeeper,,start,end,1.0,0.0,0.0,0.0,0.0,0.0,0.0,3.0,5.0,0.0,0.0,0.0,0.0,0.0,
ESP-La Liga,1718,2017-09-15 Eibar-Leganés,Eibar,Marko Dmitrovic,True,Goalkeeper,,start,end,1.0,0.0,0.0,0.0,0.0,0.0,0.0,0.0,2.0,0.0,0.0,0.0,0.0,0.0,
ESP-La Liga,1718,2017-09-15 Eibar-Leganés,Leganés,Iván Cuéllar,False,Goalkeeper,,start,end,1.0,0.0,0.0,0.0,0.0,0.0,0.0,1.0,3.0,0.0,0.0,0.0,0.0,0.0,
ESP-La Liga,1718,2017-09-16 Atlético Madrid-Málaga,Atlético Madrid,Jan Oblak,True,Goalkeeper,,start,end,1.0,0.0,0.0,0.0,0.0,0.0,0.0,0.0,4.0,0.0,0.0,0.0,0.0,0.0,
ESP-La Liga,1718,2017-09-16 Atlético Madrid-Málaga,Málaga,Roberto,False,Goalkeeper,,start,end,1.0,0.0,0.0,0.0,0.0,0.0,0.0,1.0,3.0,0.0,0.0,0.0,0.0,0.0,
ESP-La Liga,1718,2017-09-16 Getafe-Barcelona,Barcelona,Marc-André ter Stegen,False,Goalkeeper,,start,end,1.0,0.0,0.0,0.0,0.0,0.0,0.0,1.0,3.0,0.0,0.0,0.0,0.0,0.0,
ESP-La Liga,1718,2017-09-16 Getafe-Barcelona,Getafe,Vicente Guaita,True,Goalkeeper,,start,end,1.0,0.0,0.0,0.0,0.0,0.0,0.0,2.0,3.0,0.0,0.0,0.0,0.0,0.0,
ESP-La Liga,1718,2017-09-16 Levante-Valencia,Levante,Raúl Fernández,True,Goalkeeper,,start,end,1.0,0.0,0.0,0.0,0.0,0.0,0.0,1.0,4.0,0.0,0.0,0.0,0.0,0.0,
ESP-La Liga,1718,2017-09-16 Levante-Valencia,Valencia,Neto,False,Goalkeeper,,start,end,1.0,0.0,0.0,0.0,0.0,0.0,0.0,1.0,1.0,0.0,0.0,0.0,0.0,0.0,
ESP-La Liga,1718,2017-09-16 Real Betis-Deportivo La Coruña,Deportivo La Coruña,Costel Pantilimon,False,Goalkeeper,,start,end,1.0,0.0,0.0,0.0,0.0,0.0,0.0,2.0,5.0,0.0,0.0,0.0,0.0,0.0,
ESP-La Liga,1718,2017-09-16 Real Betis-Deportivo La Coruña,Real Betis,Antonio Adán,True,Goalkeeper,,start,end,1.0,0.0,0.0,0.0,0.0,0.0,1.0,1.0,2.0,0.0,0.0,0.0,0.0,0.0,
ESP-La Liga,1718,2017-09-17 Alavés-Villarreal,Alavés,Fernando Pacheco,True,Goalkeeper,,start,end,1.0,0.0,0.0,0.0,0.0,0.0,0.0,3.0,3.0,0.0,0.0,0.0,0.0,0.0,
ESP-La Liga,1718,2017-09-17 Alavés-Villarreal,Villarreal,Mariano Barbosa,False,Goalkeeper,,start,end,1.0,0.0,1.0,0.0,0.0,0.0,0.0,0.0,2.0,0.0,0.0,0.0,0.0,0.0,
ESP-La Liga,1718,2017-09-17 Girona-Sevilla,Girona,Gorka Iraizoz,True,Goalkeeper,,start,end,1.0,0.0,0.0,0.0,0.0,0.0,0.0,1.0,7.0,0.0,0.0,0.0,0.0,0.0,
ESP-La Liga,1718,2017-09-17 Girona-Sevilla,Sevilla,Sergio Rico,False,Goalkeeper,,start,end,1.0,0.0,1.0,0.0,0.0,0.0,0.0,0.0,0.0,0.0,0.0,0.0,0.0,0.0,
ESP-La Liga,1718,2017-09-17 Las Palmas-Athletic Club,Athletic Club,Kepa Arrizabalaga,False,Goalkeeper,,start,end,1.0,0.0,0.0,0.0,0.0,0.0,0.0,1.0,2.0,0.0,0.0,0.0,0.0,0.0,
ESP-La Liga,1718,2017-09-17 Las Palmas-Athletic Club,Las Palmas,Leandro Chichizola,True,Goalkeeper,,start,end,1.0,0.0,0.0,0.0,0.0,0.0,0.0,0.0,5.0,0.0,0.0,0.0,0.0,0.0,
ESP-La Liga,1718,2017-09-17 Real Sociedad-Real Madrid,Real Madrid,Keylor Navas,False,Goalkeeper,,start,end,1.0,0.0,0.0,0.0,0.0,0.0,0.0,1.0,4.0,0.0,0.0,0.0,0.0,0.0,
ESP-La Liga,1718,2017-09-17 Real Sociedad-Real Madrid,Real Sociedad,Gerónimo Rulli,True,Goalkeeper,,start,end,1.0,0.0,1.0,0.0,0.0,0.0,0.0,3.0,4.0,0.0,0.0,0.0,0.0,0.0,
ESP-La Liga,1718,2017-09-18 Espanyol-Celta Vigo,Celta Vigo,Sergio Álvarez,False,Goalkeeper,,start,end,1.0,0.0,0.0,0.0,0.0,0.0,0.0,2.0,1.0,0.0,0.0,0.0,0.0,0.0,
ESP-La Liga,1718,2017-09-18 Espanyol-Celta Vigo,Espanyol,Pau López,True,Goalkeeper,,start,end,1.0,0.0,0.0,0.0,0.0,0.0,0.0,1.0,0.0,0.0,0.0,0.0,0.0,0.0,
ESP-La Liga,1718,2017-09-19 Barcelona-Eibar,Barcelona,Marc-André ter Stegen,True,Goalkeeper,,start,end,1.0,0.0,0.0,0.0,0.0,0.0,0.0,1.0,3.0,0.0,0.0,0.0,0.0,0.0,
ESP-La Liga,1718,2017-09-19 Barcelona-Eibar,Eibar,Marko Dmitrovic,False,Goalkeeper,,start,end,1.0,0.0,0.0,0.0,0.0,0.0,0.0,6.0,4.0,0.0,0.0,0.0,0.0,0.0,
ESP-La Liga,1718,2017-09-19 Valencia-Málaga,Málaga,Roberto,False,Goalkeeper,,start,end,1.0,0.0,0.0,0.0,0.0,0.0,0.0,5.0,6.0,0.0,0.0,0.0,0.0,0.0,
ESP-La Liga,1718,2017-09-19 Valencia-Málaga,Valencia,Neto,True,Goalkeeper,,start,end,1.0,0.0,0.0,0.0,0.0,0.0,0.0,0.0,2.0,0.0,0.0,0.0,0.0,0.0,
ESP-La Liga,1718,2017-09-20 Athletic Club-Atlético Madrid,Athletic Club,Kepa Arrizabalaga,True,Goalkeeper,,start,end,1.0,0.0,0.0,0.0,0.0,0.0,0.0,2.0,7.0,0.0,0.0,0.0,0.0,0.0,
ESP-La Liga,1718,2017-09-20 Athletic Club-Atlético Madrid,Atlético Madrid,Jan Oblak,False,Goalkeeper,,start,end,1.0,0.0,0.0,0.0,0.0,0.0,0.0,1.0,6.0,0.0,0.0,0.0,0.0,0.0,
ESP-La Liga,1718,2017-09-20 Deportivo La Coruña-Alavés,Alavés,Fernando Pacheco,False,Goalkeeper,,start,end,1.0,0.0,0.0,0.0,0.0,0.0,0.0,1.0,2.0,0.0,0.0,0.0,0.0,0.0,
ESP-La Liga,1718,2017-09-20 Deportivo La Coruña-Alavés,Deportivo La Coruña,Costel Pantilimon,True,Goalkeeper,,start,end,1.0,0.0,0.0,0.0,0.0,0.0,0.0,0.0,3.0,0.0,0.0,0.0,0.0,0.0,
ESP-La Liga,1718,2017-09-20 Leganés-Girona,Girona,Gorka Iraizoz,False,Goalkeeper,,start,end,1.0,0.0,0.0,0.0,0.0,0.0,0.0,0.0,1.0,0.0,0.0,0.0,0.0,0.0,
ESP-La Liga,1718,2017-09-20 Leganés-Girona,Leganés,Iván Cuéllar,True,Goalkeeper,,start,end,1.0,0.0,0.0,0.0,0.0,0.0,0.0,0.0,0.0,0.0,0.0,0.0,0.0,0.0,
ESP-La Liga,1718,2017-09-20 Real Madrid-Real Betis,Real Betis,Antonio Adán,False,Goalkeeper,,start,end,1.0,0.0,1.0,0.0,0.0,0.0,0.0,0.0,7.0,0.0,0.0,0.0,0.0,0.0,
ESP-La Liga,1718,2017-09-20 Real Madrid-Real Betis,Real Madrid,Keylor Navas,True,Goalkeeper,,start,end,1.0,0.0,1.0,0.0,0.0,0.0,0.0,1.0,2.0,0.0,0.0,0.0,0.0,0.0,
ESP-La Liga,1718,2017-09-20 Sevilla-Las Palmas,Las Palmas,Leandro Chichizola,False,Goalkeeper,,start,end,1.0,0.0,0.0,0.0,0.0,0.0,0.0,1.0,8.0,0.0,0.0,0.0,0.0,0.0,
ESP-La Liga,1718,2017-09-20 Sevilla-Las Palmas,Sevilla,Sergio Rico,True,Goalkeeper,,start,end,1.0,0.0,0.0,0.0,0.0,0.0,0.0,0.0,0.0,0.0,0.0,0.0,0.0,0.0,
ESP-La Liga,1718,2017-09-21 Celta Vigo-Getafe,Celta Vigo,Sergio Álvarez,True,Goalkeeper,,start,end,1.0,0.0,0.0,0.0,0.0,0.0,0.0,1.0,2.0,0.0,0.0,0.0,0.0,0.0,
ESP-La Liga,1718,2017-09-21 Celta Vigo-Getafe,Getafe,Vicente Guaita,False,Goalkeeper,,start,end,1.0,0.0,0.0,0.0,0.0,0.0,0.0,1.0,3.0,0.0,0.0,0.0,0.0,0.0,
ESP-La Liga,1718,2017-09-21 Levante-Real Sociedad,Levante,Raúl Fernández,True,Goalkeeper,,start,end,1.0,0.0,1.0,0.0,0.0,0.0,0.0,0.0,3.0,0.0,0.0,0.0,0.0,0.0,
ESP-La Liga,1718,2017-09-21 Levante-Real Sociedad,Real Sociedad,Gerónimo Rulli,False,Goalkeeper,,start,end,1.0,0.0,0.0,0.0,0.0,0.0,0.0,3.0,6.0,0.0,0.0,0.0,0.0,0.0,
ESP-La Liga,1718,2017-09-21 Villarreal-Espanyol,Espanyol,Pau López,False,Goalkeeper,,start,end,1.0,0.0,1.0,0.0,0.0,0.0,0.0,0.0,5.0,0.0,0.0,0.0,0.0,0.0,
ESP-La Liga,1718,2017-09-21 Villarreal-Espanyol,Villarreal,Mariano Barbosa,True,Goalkeeper,,start,end,1.0,0.0,1.0,0.0,0.0,0.0,0.0,0.0,3.0,0.0,0.0,0.0,0.0,0.0,
ESP-La Liga,1718,2017-09-23 Alavés-Real Madrid,Alavés,Fernando Pacheco,True,Goalkeeper,,start,end,1.0,0.0,0.0,0.0,0.0,0.0,0.0,2.0,5.0,0.0,0.0,0.0,0.0,0.0,
ESP-La Liga,1718,2017-09-23 Alavés-Real Madrid,Real Madrid,Keylor Navas,False,Goalkeeper,,start,end,1.0,0.0,0.0,0.0,0.0,0.0,0.0,1.0,3.0,0.0,0.0,0.0,0.0,0.0,
ESP-La Liga,1718,2017-09-23 Atlético Madrid-Sevilla,Atlético Madrid,Jan Oblak,True,Goalkeeper,,start,end,1.0,0.0,0.0,0.0,0.0,0.0,0.0,0.0,0.0,0.0,0.0,0.0,0.0,0.0,
ESP-La Liga,1718,2017-09-23 Atlético Madrid-Sevilla,Sevilla,Sergio Rico,False,Goalkeeper,,start,end,1.0,0.0,1.0,0.0,0.0,0.0,0.0,2.0,2.0,0.0,0.0,0.0,0.0,0.0,
ESP-La Liga,1718,2017-09-23 Girona-Barcelona,Barcelona,Marc-André ter Stegen,False,Goalkeeper,,start,end,1.0,0.0,0.0,0.0,0.0,0.0,0.0,0.0,2.0,0.0,0.0,0.0,0.0,0.0,
ESP-La Liga,1718,2017-09-23 Girona-Barcelona,Girona,Gorka Iraizoz,True,Goalkeeper,,start,end,1.0,0.0,0.0,1.0,0.0,0.0,0.0,3.0,4.0,0.0,0.0,0.0,0.0,0.0,
ESP-La Liga,1718,2017-09-23 Málaga-Athletic Club,Athletic Club,Kepa Arrizabalaga,False,Goalkeeper,,start,end,1.0,0.0,0.0,0.0,0.0,0.0,0.0,3.0,4.0,0.0,0.0,0.0,0.0,0.0,
ESP-La Liga,1718,2017-09-23 Málaga-Athletic Club,Málaga,Roberto,True,Goalkeeper,,start,end,1.0,0.0,0.0,0.0,0.0,0.0,0.0,3.0,5.0,0.0,0.0,0.0,0.0,0.0,
ESP-La Liga,1718,2017-09-24 Eibar-Celta Vigo,Celta Vigo,Rubén Blanco,False,Goalkeeper,,start,end,1.0,0.0,0.0,0.0,0.0,0.0,0.0,0.0,0.0,0.0,0.0,0.0,0.0,0.0,
ESP-La Liga,1718,2017-09-24 Eibar-Celta Vigo,Eibar,Marko Dmitrovic,True,Goalkeeper,,start,end,1.0,0.0,0.0,0.0,0.0,0.0,0.0,4.0,2.0,0.0,0.0,0.0,0.0,0.0,
ESP-La Liga,1718,2017-09-24 Espanyol-Deportivo La Coruña,Deportivo La Coruña,Costel Pantilimon,False,Goalkeeper,,start,end,1.0,0.0,0.0,0.0,0.0,0.0,0.0,4.0,2.0,0.0,0.0,0.0,0.0,0.0,
ESP-La Liga,1718,2017-09-24 Espanyol-Deportivo La Coruña,Espanyol,Pau López,True,Goalkeeper,,start,end,1.0,0.0,0.0,0.0,0.0,0.0,0.0,1.0,5.0,0.0,0.0,0.0,0.0,0.0,
ESP-La Liga,1718,2017-09-24 Getafe-Villarreal,Getafe,Vicente Guaita,True,Goalkeeper,,start,end,1.0,0.0,0.0,0.0,0.0,0.0,0.0,0.0,1.0,0.0,0.0,0.0,0.0,0.0,
ESP-La Liga,1718,2017-09-24 Getafe-Villarreal,Villarreal,Mariano Barbosa,False,Goalkeeper,,start,end,1.0,0.0,0.0,0.0,0.0,0.0,0.0,4.0,4.0,0.0,0.0,0.0,0.0,0.0,
ESP-La Liga,1718,2017-09-24 Las Palmas-Leganés,Las Palmas,Leandro Chichizola,True,Goalkeeper,,start,end,1.0,0.0,0.0,0.0,0.0,0.0,0.0,2.0,1.0,0.0,0.0,0.0,0.0,0.0,
ESP-La Liga,1718,2017-09-24 Las Palmas-Leganés,Leganés,Iván Cuéllar,False,Goalkeeper,,start,end,1.0,0.0,1.0,0.0,0.0,0.0,0.0,0.0,3.0,0.0,0.0,0.0,0.0,0.0,
ESP-La Liga,1718,2017-09-24 Real Sociedad-Valencia,Real Sociedad,Gerónimo Rulli,True,Goalkeeper,,start,end,1.0,0.0,0.0,0.0,0.0,0.0,0.0,3.0,1.0,0.0,0.0,0.0,0.0,0.0,
ESP-La Liga,1718,2017-09-24 Real Sociedad-Valencia,Valencia,Jaume Doménech,False,Goalkeeper,,start,end,1.0,0.0,0.0,0.0,0.0,0.0,1.0,2.0,4.0,0.0,0.0,0.0,0.0,0.0,
ESP-La Liga,1718,2017-09-25 Real Betis-Levante,Levante,Raúl Fernández,False,Goalkeeper,,start,end,1.0,0.0,0.0,0.0,0.0,0.0,0.0,4.0,2.0,0.0,0.0,0.0,0.0,0.0,
ESP-La Liga,1718,2017-09-25 Real Betis-Levante,Real Betis,Antonio Adán,True,Goalkeeper,,start,end,1.0,0.0,0.0,0.0,0.0,0.0,0.0,0.0,1.0,0.0,0.0,0.0,0.0,0.0,
ESP-La Liga,1718,2017-09-29 Celta Vigo-Girona,Celta Vigo,Rubén Blanco,True,Goalkeeper,,start,end,1.0,0.0,0.0,0.0,0.0,0.0,0.0,3.0,2.0,0.0,0.0,0.0,0.0,0.0,
ESP-La Liga,1718,2017-09-29 Celta Vigo-Girona,Girona,Gorka Iraizoz,False,Goalkeeper,,start,end,1.0,0.0,0.0,0.0,0.0,0.0,0.0,3.0,6.0,0.0,0.0,0.0,0.0,0.0,
ESP-La Liga,1718,2017-09-30 Deportivo La Coruña-Getafe,Deportivo La Coruña,Costel Pantilimon,True,Goalkeeper,,start,end,1.0,0.0,0.0,0.0,0.0,0.0,0.0,1.0,2.0,0.0,0.0,0.0,0.0,0.0,
ESP-La Liga,1718,2017-09-30 Deportivo La Coruña-Getafe,Getafe,Vicente Guaita,False,Goalkeeper,,start,end,1.0,0.0,0.0,0.0,0.0,0.0,0.0,2.0,7.0,0.0,0.0,0.0,0.0,0.0,
ESP-La Liga,1718,2017-09-30 Leganés-Atlético Madrid,Atlético Madrid,Jan Oblak,False,Goalkeeper,,start,end,1.0,0.0,0.0,0.0,0.0,0.0,0.0,0.0,3.0,0.0,0.0,0.0,0.0,0.0,
ESP-La Liga,1718,2017-09-30 Leganés-Atlético Madrid,Leganés,Iván Cuéllar,True,Goalkeeper,,start,end,1.0,0.0,1.0,0.0,0.0,0.0,0.0,0.0,2.0,0.0,0.0,0.0,0.0,0.0,
ESP-La Liga,1718,2017-09-30 Levante-Alavés,Alavés,Fernando Pacheco,False,Goalkeeper,,start,end,1.0,0.0,0.0,0.0,0.0,0.0,0.0,0.0,0.0,0.0,0.0,0.0,0.0,0.0,
ESP-La Liga,1718,2017-09-30 Levante-Alavés,Levante,Raúl Fernández,True,Goalkeeper,,start,end,1.0,0.0,0.0,0.0,0.0,0.0,0.0,2.0,1.0,0.0,0.0,0.0,0.0,0.0,
ESP-La Liga,1718,2017-09-30 Sevilla-Málaga,Málaga,Roberto,False,Goalkeeper,,start,end,1.0,0.0,0.0,0.0,0.0,0.0,0.0,2.0,3.0,0.0,0.0,0.0,0.0,0.0,
ESP-La Liga,1718,2017-09-30 Sevilla-Málaga,Sevilla,David Soria,True,Goalkeeper,,start,end,1.0,0.0,0.0,0.0,0.0,0.0,0.0,0.0,3.0,0.0,0.0,0.0,0.0,0.0,
ESP-La Liga,1718,2017-10-01 Barcelona-Las Palmas,Barcelona,Marc-André ter Stegen,True,Goalkeeper,,start,end,1.0,0.0,0.0,0.0,0.0,0.0,0.0,0.0,1.0,0.0,0.0,0.0,0.0,0.0,
ESP-La Liga,1718,2017-10-01 Barcelona-Las Palmas,Las Palmas,Leandro Chichizola,False,Goalkeeper,,start,end,1.0,0.0,1.0,0.0,0.0,0.0,0.0,3.0,7.0,0.0,0.0,0.0,0.0,0.0,
ESP-La Liga,1718,2017-10-01 Real Madrid-Espanyol,Espanyol,Pau López,False,Goalkeeper,,start,end,1.0,0.0,0.0,0.0,0.0,0.0,0.0,2.0,6.0,0.0,0.0,0.0,0.0,0.0,
ESP-La Liga,1718,2017-10-01 Real Madrid-Espanyol,Real Madrid,Keylor Navas,True,Goalkeeper,,start,end,1.0,0.0,0.0,0.0,0.0,0.0,0.0,0.0,3.0,0.0,0.0,0.0,0.0,0.0,
ESP-La Liga,1718,2017-10-01 Real Sociedad-Real Betis,Real Betis,Antonio Adán,False,Goalkeeper,,start,end,1.0,0.0,0.0,0.0,0.0,0.0,1.0,4.0,2.0,0.0,0.0,0.0,0.0,0.0,
ESP-La Liga,1718,2017-10-01 Real Sociedad-Real Betis,Real Sociedad,Gerónimo Rulli,True,Goalkeeper,,start,end,1.0,0.0,0.0,0.0,0.0,0.0,0.0,4.0,1.0,0.0,0.0,0.0,0.0,0.0,
ESP-La Liga,1718,2017-10-01 Valencia-Athletic Club,Athletic Club,Kepa Arrizabalaga,False,Goalkeeper,,start,end,1.0,1.0,1.0,0.0,0.0,0.0,1.0,3.0,2.0,0.0,0.0,0.0,0.0,0.0,
ESP-La Liga,1718,2017-10-01 Valencia-Athletic Club,Valencia,Neto,True,Goalkeeper,,start,end,1.0,0.0,0.0,0.0,0.0,0.0,0.0,2.0,4.0,0.0,0.0,0.0,0.0,0.0,
ESP-La Liga,1718,2017-10-01 Villarreal-Eibar,Eibar,Marko Dmitrovic,False,Goalkeeper,,start,end,1.0,0.0,1.0,0.0,0.0,0.0,0.0,3.0,3.0,0.0,0.0,0.0,0.0,0.0,
ESP-La Liga,1718,2017-10-01 Villarreal-Eibar,Villarreal,Mariano Barbosa,True,Goalkeeper,,start,end,1.0,0.0,0.0,0.0,0.0,0.0,0.0,0.0,0.0,0.0,0.0,0.0,0.0,0.0,
ESP-La Liga,1718,2017-10-13 Espanyol-Levante,Espanyol,Pau López,True,Goalkeeper,,start,end,1.0,0.0,0.0,0.0,0.0,0.0,0.0,0.0,3.0,0.0,0.0,0.0,0.0,0.0,
ESP-La Liga,1718,2017-10-13 Espanyol-Levante,Levante,Raúl Fernández,False,Goalkeeper,,start,end,1.0,0.0,0.0,0.0,0.0,0.0,0.0,0.0,5.0,0.0,0.0,0.0,0.0,0.0,
ESP-La Liga,1718,2017-10-14 Alavés-Real Sociedad,Alavés,Fernando Pacheco,True,Goalkeeper,,start,end,1.0,0.0,1.0,0.0,0.0,0.0,0.0,2.0,4.0,0.0,0.0,0.0,0.0,0.0,
ESP-La Liga,1718,2017-10-14 Alavés-Real Sociedad,Real Sociedad,Gerónimo Rulli,False,Goalkeeper,,start,end,1.0,0.0,0.0,0.0,0.0,0.0,0.0,0.0,0.0,0.0,0.0,0.0,0.0,0.0,
ESP-La Liga,1718,2017-10-14 Athletic Club-Sevilla,Athletic Club,Kepa Arrizabalaga,True,Goalkeeper,,start,end,1.0,0.0,0.0,0.0,0.0,0.0,1.0,0.0,5.0,0.0,0.0,0.0,0.0,0.0,
ESP-La Liga,1718,2017-10-14 Athletic Club-Sevilla,Sevilla,Sergio Rico,False,Goalkeeper,,start,end,1.0,0.0,0.0,0.0,0.0,0.0,0.0,1.0,2.0,0.0,0.0,0.0,0.0,0.0,
ESP-La Liga,1718,2017-10-14 Atlético Madrid-Barcelona,Atlético Madrid,Jan Oblak,True,Goalkeeper,,start,end,1.0,0.0,0.0,0.0,0.0,0.0,0.0,1.0,6.0,0.0,0.0,0.0,0.0,0.0,
ESP-La Liga,1718,2017-10-14 Atlético Madrid-Barcelona,Barcelona,Marc-André ter Stegen,False,Goalkeeper,,start,end,1.0,0.0,0.0,0.0,0.0,0.0,0.0,1.0,3.0,0.0,0.0,0.0,0.0,0.0,
ESP-La Liga,1718,2017-10-14 Getafe-Real Madrid,Getafe,Vicente Guaita,True,Goalkeeper,,start,end,1.0,0.0,0.0,0.0,0.0,0.0,0.0,2.0,4.0,0.0,0.0,0.0,0.0,0.0,
ESP-La Liga,1718,2017-10-14 Getafe-Real Madrid,Real Madrid,Kiko Casilla,False,Goalkeeper,,start,end,1.0,0.0,0.0,0.0,0.0,0.0,0.0,1.0,2.0,0.0,0.0,0.0,0.0,0.0,
ESP-La Liga,1718,2017-10-15 Eibar-Deportivo La Coruña,Deportivo La Coruña,Francis Uzoho,False,Goalkeeper,,start,end,1.0,0.0,1.0,0.0,0.0,0.0,0.0,0.0,4.0,0.0,0.0,0.0,0.0,0.0,
ESP-La Liga,1718,2017-10-15 Eibar-Deportivo La Coruña,Eibar,Marko Dmitrovic,True,Goalkeeper,,start,end,1.0,0.0,0.0,0.0,0.0,0.0,0.0,0.0,2.0,0.0,0.0,0.0,0.0,0.0,
ESP-La Liga,1718,2017-10-15 Girona-Villarreal,Girona,Gorka Iraizoz,True,Goalkeeper,,start,end,1.0,0.0,0.0,0.0,0.0,0.0,0.0,2.0,1.0,0.0,0.0,0.0,0.0,0.0,
ESP-La Liga,1718,2017-10-15 Girona-Villarreal,Villarreal,Mariano Barbosa,False,Goalkeeper,,start,end,1.0,0.0,0.0,0.0,0.0,0.0,0.0,1.0,4.0,0.0,0.0,0.0,0.0,0.0,
ESP-La Liga,1718,2017-10-15 Málaga-Leganés,Leganés,Iván Cuéllar,False,Goalkeeper,,start,end,1.0,0.0,0.0,0.0,0.0,0.0,0.0,0.0,5.0,0.0,0.0,0.0,0.0,0.0,
ESP-La Liga,1718,2017-10-15 Málaga-Leganés,Málaga,Roberto,True,Goalkeeper,,start,end,1.0,0.0,0.0,0.0,0.0,0.0,0.0,2.0,7.0,0.0,0.0,0.0,0.0,0.0,
ESP-La Liga,1718,2017-10-15 Real Betis-Valencia,Real Betis,Antonio Adán,True,Goalkeeper,,start,end,1.0,0.0,0.0,0.0,0.0,0.0,0.0,6.0,3.0,0.0,0.0,0.0,0.0,0.0,
ESP-La Liga,1718,2017-10-15 Real Betis-Valencia,Valencia,Neto,False,Goalkeeper,,start,end,1.0,0.0,0.0,0.0,0.0,0.0,0.0,3.0,3.0,0.0,0.0,0.0,0.0,0.0,
ESP-La Liga,1718,2017-10-16 Las Palmas-Celta Vigo,Celta Vigo,Rubén Blanco,False,Goalkeeper,,start,end,1.0,1.0,0.0,0.0,1.0,0.0,0.0,0.0,5.0,0.0,0.0,0.0,0.0,0.0,
ESP-La Liga,1718,2017-10-16 Las Palmas-Celta Vigo,Las Palmas,Leandro Chichizola,True,Goalkeeper,,start,end,1.0,0.0,0.0,0.0,0.0,0.0,0.0,5.0,2.0,0.0,0.0,0.0,0.0,0.0,
ESP-La Liga,1718,2017-10-21 Barcelona-Málaga,Barcelona,Marc-André ter Stegen,True,Goalkeeper,,start,end,1.0,0.0,0.0,0.0,0.0,0.0,0.0,0.0,5.0,0.0,0.0,0.0,0.0,0.0,
ESP-La Liga,1718,2017-10-21 Barcelona-Málaga,Málaga,Andrés Prieto,False,Goalkeeper,,start,end,1.0,0.0,0.0,0.0,0.0,0.0,0.0,2.0,2.0,0.0,0.0,0.0,0.0,0.0,
ESP-La Liga,1718,2017-10-21 Levante-Getafe,Getafe,Vicente Guaita,False,Goalkeeper,,start,end,1.0,0.0,0.0,0.0,0.0,0.0,0.0,1.0,0.0,0.0,0.0,0.0,0.0,0.0,
ESP-La Liga,1718,2017-10-21 Levante-Getafe,Levante,Raúl Fernández,True,Goalkeeper,,start,end,1.0,0.0,0.0,0.0,0.0,0.0,0.0,1.0,4.0,0.0,0.0,0.0,0.0,0.0,
ESP-La Liga,1718,2017-10-21 Real Betis-Alavés,Alavés,Fernando Pacheco,False,Goalkeeper,,start,end,1.0,0.0,0.0,0.0,0.0,0.0,0.0,2.0,4.0,0.0,0.0,0.0,0.0,0.0,
ESP-La Liga,1718,2017-10-21 Real Betis-Alavés,Real Betis,Antonio Adán,True,Goalkeeper,,start,end,1.0,0.0,0.0,0.0,0.0,0.0,0.0,0.0,3.0,0.0,0.0,0.0,0.0,0.0,
ESP-La Liga,1718,2017-10-21 Valencia-Sevilla,Sevilla,Sergio Rico,False,Goalkeeper,,start,end,1.0,0.0,0.0,0.0,0.0,0.0,0.0,4.0,4.0,0.0,0.0,0.0,0.0,0.0,
ESP-La Liga,1718,2017-10-21 Valencia-Sevilla,Valencia,Neto,True,Goalkeeper,,start,end,1.0,0.0,0.0,0.0,0.0,0.0,0.0,0.0,5.0,0.0,0.0,0.0,0.0,0.0,
ESP-La Liga,1718,2017-10-22 Celta Vigo-Atlético Madrid,Atlético Madrid,Jan Oblak,False,Goalkeeper,,start,end,1.0,0.0,0.0,0.0,0.0,0.0,0.0,0.0,9.0,0.0,0.0,0.0,0.0,0.0,
ESP-La Liga,1718,2017-10-22 Celta Vigo-Atlético Madrid,Celta Vigo,Sergio Álvarez,True,Goalkeeper,,start,end,1.0,0.0,0.0,0.0,0.0,0.0,0.0,1.0,1.0,0.0,0.0,0.0,0.0,0.0,
ESP-La Liga,1718,2017-10-22 Leganés-Athletic Club,Athletic Club,Kepa Arrizabalaga,False,Goalkeeper,,start,end,1.0,0.0,1.0,0.0,0.0,0.0,0.0,1.0,3.0,0.0,0.0,0.0,0.0,0.0,
ESP-La Liga,1718,2017-10-22 Leganés-Athletic Club,Leganés,Iván Cuéllar,True,Goalkeeper,,start,end,1.0,0.0,0.0,0.0,0.0,0.0,0.0,0.0,1.0,0.0,0.0,0.0,0.0,0.0,
ESP-La Liga,1718,2017-10-22 Real Madrid-Eibar,Eibar,Marko Dmitrovic,False,Goalkeeper,,start,end,1.0,0.0,0.0,0.0,0.0,0.0,0.0,3.0,5.0,0.0,0.0,0.0,0.0,0.0,
ESP-La Liga,1718,2017-10-22 Real Madrid-Eibar,Real Madrid,Kiko Casilla,True,Goalkeeper,,start,end,1.0,0.0,0.0,0.0,0.0,0.0,0.0,0.0,3.0,0.0,0.0,0.0,0.0,0.0,
ESP-La Liga,1718,2017-10-22 Villarreal-Las Palmas,Las Palmas,Leandro Chichizola,False,Goalkeeper,,start,end,1.0,0.0,1.0,0.0,0.0,0.0,0.0,4.0,6.0,0.0,0.0,0.0,0.0,0.0,
ESP-La Liga,1718,2017-10-22 Villarreal-Las Palmas,Villarreal,Mariano Barbosa,True,Goalkeeper,,start,end,1.0,0.0,0.0,0.0,0.0,0.0,0.0,0.0,5.0,0.0,0.0,0.0,0.0,0.0,
ESP-La Liga,1718,2017-10-23 Deportivo La Coruña-Girona,Deportivo La Coruña,Francis Uzoho,True,Goalkeeper,,start,end,1.0,0.0,0.0,0.0,0.0,0.0,0.0,2.0,4.0,0.0,0.0,0.0,0.0,0.0,
ESP-La Liga,1718,2017-10-23 Deportivo La Coruña-Girona,Girona,Yassine Bounou,False,Goalkeeper,,start,end,1.0,0.0,0.0,0.0,0.0,0.0,0.0,1.0,5.0,0.0,0.0,0.0,0.0,0.0,
ESP-La Liga,1718,2017-10-23 Real Sociedad-Espanyol,Espanyol,Pau López,False,Goalkeeper,,start,end,1.0,0.0,0.0,0.0,0.0,0.0,0.0,1.0,4.0,0.0,0.0,0.0,0.0,0.0,
ESP-La Liga,1718,2017-10-23 Real Sociedad-Espanyol,Real Sociedad,Gerónimo Rulli,True,Goalkeeper,,start,end,1.0,0.0,0.0,0.0,0.0,0.0,1.0,1.0,0.0,0.0,0.0,0.0,0.0,0.0,
ESP-La Liga,1718,2017-10-28 Alavés-Valencia,Alavés,Fernando Pacheco,True,Goalkeeper,,start,end,1.0,0.0,0.0,0.0,0.0,0.0,0.0,2.0,0.0,0.0,0.0,0.0,0.0,0.0,
ESP-La Liga,1718,2017-10-28 Alavés-Valencia,Valencia,Neto,False,Goalkeeper,,start,end,1.0,0.0,1.0,0.0,0.0,0.0,0.0,1.0,5.0,0.0,0.0,0.0,0.0,0.0,
ESP-La Liga,1718,2017-10-28 Athletic Club-Barcelona,Athletic Club,Kepa Arrizabalaga,True,Goalkeeper,,start,end,1.0,0.0,1.0,0.0,0.0,0.0,0.0,2.0,3.0,0.0,0.0,0.0,0.0,0.0,
ESP-La Liga,1718,2017-10-28 Athletic Club-Barcelona,Barcelona,Marc-André ter Stegen,False,Goalkeeper,,start,end,1.0,0.0,0.0,0.0,0.0,0.0,0.0,0.0,5.0,0.0,0.0,0.0,0.0,0.0,
ESP-La Liga,1718,2017-10-28 Atlético Madrid-Villarreal,Atlético Madrid,Jan Oblak,True,Goalkeeper,,start,end,1.0,0.0,0.0,0.0,0.0,0.0,0.0,1.0,3.0,0.0,0.0,0.0,0.0,0.0,
ESP-La Liga,1718,2017-10-28 Atlético Madrid-Villarreal,Villarreal,Mariano Barbosa,False,Goalkeeper,,start,end,1.0,0.0,0.0,0.0,0.0,0.0,0.0,1.0,4.0,0.0,0.0,0.0,0.0,0.0,
ESP-La Liga,1718,2017-10-28 Sevilla-Leganés,Leganés,Iván Cuéllar,False,Goalkeeper,,start,end,1.0,0.0,0.0,0.0,0.0,0.0,0.0,2.0,3.0,0.0,0.0,0.0,0.0,0.0,
ESP-La Liga,1718,2017-10-28 Sevilla-Leganés,Sevilla,David Soria,True,Goalkeeper,,start,end,1.0,0.0,1.0,0.0,0.0,0.0,0.0,1.0,0.0,0.0,0.0,0.0,0.0,0.0,
ESP-La Liga,1718,2017-10-29 Eibar-Levante,Eibar,Marko Dmitrovic,True,Goalkeeper,,start,end,1.0,0.0,0.0,0.0,0.0,0.0,0.0,2.0,0.0,0.0,0.0,0.0,0.0,0.0,
ESP-La Liga,1718,2017-10-29 Eibar-Levante,Levante,Raúl Fernández,False,Goalkeeper,,start,end,1.0,0.0,0.0,0.0,0.0,0.0,0.0,2.0,4.0,0.0,0.0,0.0,0.0,0.0,
ESP-La Liga,1718,2017-10-29 Getafe-Real Sociedad,Getafe,Vicente Guaita,True,Goalkeeper,,start,end,1.0,0.0,0.0,0.0,0.0,0.0,0.0,1.0,3.0,0.0,0.0,0.0,0.0,0.0,
ESP-La Liga,1718,2017-10-29 Getafe-Real Sociedad,Real Sociedad,Gerónimo Rulli,False,Goalkeeper,,start,end,1.0,0.0,0.0,0.0,0.0,0.0,1.0,2.0,3.0,0.0,0.0,0.0,0.0,0.0,
ESP-La Liga,1718,2017-10-29 Girona-Real Madrid,Girona,Yassine Bounou,True,Goalkeeper,,start,end,1.0,0.0,0.0,0.0,0.0,0.0,0.0,1.0,4.0,0.0,0.0,0.0,0.0,0.0,
ESP-La Liga,1718,2017-10-29 Girona-Real Madrid,Real Madrid,Kiko Casilla,False,Goalkeeper,,start,end,1.0,0.0,0.0,0.0,0.0,0.0,0.0,2.0,2.0,0.0,0.0,0.0,0.0,0.0,
ESP-La Liga,1718,2017-10-29 Málaga-Celta Vigo,Celta Vigo,Rubén Blanco,False,Goalkeeper,,start,end,1.0,0.0,0.0,0.0,0.0,0.0,0.0,2.0,1.0,0.0,0.0,0.0,0.0,0.0,
ESP-La Liga,1718,2017-10-29 Málaga-Celta Vigo,Málaga,Roberto,True,Goalkeeper,,start,end,1.0,0.0,0.0,0.0,0.0,0.0,0.0,1.0,1.0,0.0,0.0,0.0,0.0,0.0,
ESP-La Liga,1718,2017-10-30 Espanyol-Real Betis,Espanyol,Pau López,True,Goalkeeper,,start,end,1.0,0.0,0.0,0.0,0.0,0.0,0.0,0.0,4.0,0.0,0.0,0.0,0.0,0.0,
ESP-La Liga,1718,2017-10-30 Espanyol-Real Betis,Real Betis,Antonio Adán,False,Goalkeeper,,start,end,1.0,0.0,0.0,0.0,0.0,0.0,0.0,1.0,3.0,0.0,0.0,0.0,0.0,0.0,
ESP-La Liga,1718,2017-10-30 Las Palmas-Deportivo La Coruña,Deportivo La Coruña,Costel Pantilimon,False,Goalkeeper,,start,end,1.0,0.0,0.0,0.0,0.0,0.0,0.0,1.0,4.0,0.0,0.0,0.0,0.0,0.0,
ESP-La Liga,1718,2017-10-30 Las Palmas-Deportivo La Coruña,Las Palmas,Raúl Lizoain,True,Goalkeeper,,start,end,1.0,0.0,0.0,0.0,0.0,0.0,0.0,3.0,2.0,0.0,0.0,0.0,0.0,0.0,
ESP-La Liga,1718,2017-11-03 Real Betis-Getafe,Getafe,Vicente Guaita,False,Goalkeeper,,start,end,1.0,0.0,0.0,0.0,0.0,0.0,0.0,2.0,2.0,0.0,0.0,0.0,0.0,0.0,
ESP-La Liga,1718,2017-11-03 Real Betis-Getafe,Real Betis,Antonio Adán,True,Goalkeeper,,start,end,1.0,0.0,0.0,0.0,0.0,0.0,0.0,2.0,0.0,0.0,0.0,0.0,0.0,0.0,
ESP-La Liga,1718,2017-11-04 Alavés-Espanyol,Alavés,Fernando Pacheco,True,Goalkeeper,,start,end,1.0,0.0,0.0,0.0,0.0,0.0,0.0,0.0,3.0,0.0,0.0,0.0,0.0,0.0,
ESP-La Liga,1718,2017-11-04 Alavés-Espanyol,Espanyol,Pau López,False,Goalkeeper,,start,end,1.0,0.0,1.0,0.0,0.0,0.0,0.0,1.0,4.0,0.0,0.0,0.0,0.0,0.0,
ESP-La Liga,1718,2017-11-04 Barcelona-Sevilla,Barcelona,Marc-André ter Stegen,True,Goalkeeper,,start,end,1.0,0.0,0.0,0.0,0.0,0.0,0.0,1.0,2.0,0.0,0.0,0.0,0.0,0.0,
ESP-La Liga,1718,2017-11-04 Barcelona-Sevilla,Sevilla,David Soria,False,Goalkeeper,,start,end,1.0,0.0,0.0,0.0,0.0,0.0,0.0,2.0,3.0,0.0,0.0,0.0,0.0,0.0,
ESP-La Liga,1718,2017-11-04 Deportivo La Coruña-Atlético Madrid,Atlético Madrid,Jan Oblak,False,Goalkeeper,,start,end,1.0,0.0,0.0,0.0,0.0,0.0,0.0,0.0,1.0,0.0,0.0,0.0,0.0,0.0,
ESP-La Liga,1718,2017-11-04 Deportivo La Coruña-Atlético Madrid,Deportivo La Coruña,Costel Pantilimon,True,Goalkeeper,,start,end,1.0,0.0,0.0,0.0,0.0,0.0,0.0,1.0,2.0,0.0,0.0,0.0,0.0,0.0,
ESP-La Liga,1718,2017-11-04 Valencia-Leganés,Leganés,Iván Cuéllar,False,Goalkeeper,,start,end,1.0,0.0,0.0,0.0,0.0,0.0,0.0,3.0,3.0,0.0,0.0,0.0,0.0,0.0,
ESP-La Liga,1718,2017-11-04 Valencia-Leganés,Valencia,Neto,True,Goalkeeper,,start,end,1.0,0.0,0.0,0.0,0.0,0.0,0.0,0.0,6.0,0.0,0.0,0.0,0.0,0.0,
ESP-La Liga,1718,2017-11-05 Celta Vigo-Athletic Club,Athletic Club,Kepa Arrizabalaga,False,Goalkeeper,,start,end,1.0,0.0,0.0,0.0,0.0,0.0,0.0,3.0,2.0,0.0,0.0,0.0,0.0,0.0,
ESP-La Liga,1718,2017-11-05 Celta Vigo-Athletic Club,Celta Vigo,Rubén Blanco,True,Goalkeeper,,start,end,1.0,0.0,0.0,0.0,0.0,0.0,0.0,1.0,4.0,0.0,0.0,0.0,0.0,0.0,
ESP-La Liga,1718,2017-11-05 Levante-Girona,Girona,Yassine Bounou,False,Goalkeeper,,start,end,1.0,0.0,0.0,0.0,0.0,0.0,0.0,1.0,3.0,0.0,0.0,0.0,0.0,0.0,
ESP-La Liga,1718,2017-11-05 Levante-Girona,Levante,Raúl Fernández,True,Goalkeeper,,start,end,1.0,0.0,0.0,0.0,0.0,0.0,0.0,2.0,3.0,0.0,0.0,0.0,0.0,0.0,
ESP-La Liga,1718,2017-11-05 Real Madrid-Las Palmas,Las Palmas,Raúl Lizoain,False,Goalkeeper,1,start,end,1.0,0.0,0.0,0.0,0.0,0.0,0.0,3.0,6.0,0.0,0.0,0.0,0.0,0.0,
ESP-La Liga,1718,2017-11-05 Real Madrid-Las Palmas,Real Madrid,Kiko Casilla,True,Goalkeeper,1,start,end,1.0,0.0,0.0,0.0,0.0,0.0,0.0,0.0,1.0,0.0,0.0,0.0,0.0,0.0,
ESP-La Liga,1718,2017-11-05 Real Sociedad-Eibar,Eibar,Marko Dmitrovic,False,Goalkeeper,,start,end,1.0,0.0,0.0,0.0,0.0,0.0,0.0,3.0,3.0,0.0,0.0,0.0,0.0,0.0,
ESP-La Liga,1718,2017-11-05 Real Sociedad-Eibar,Real Sociedad,Gerónimo Rulli,True,Goalkeeper,,start,end,1.0,0.0,0.0,0.0,0.0,0.0,0.0,1.0,4.0,0.0,0.0,0.0,0.0,0.0,
ESP-La Liga,1718,2017-11-05 Villarreal-Málaga,Málaga,Roberto,False,Goalkeeper,,start,end,1.0,0.0,0.0,0.0,0.0,0.0,0.0,2.0,1.0,0.0,0.0,0.0,0.0,0.0,
ESP-La Liga,1718,2017-11-05 Villarreal-Málaga,Villarreal,Mariano Barbosa,True,Goalkeeper,,start,end,1.0,0.0,1.0,0.0,0.0,0.0,0.0,0.0,2.0,0.0,0.0,0.0,0.0,0.0,
ESP-La Liga,1718,2017-11-17 Girona-Real Sociedad,Girona,Yassine Bounou,True,Goalkeeper,,start,end,1.0,0.0,0.0,0.0,0.0,0.0,0.0,1.0,4.0,0.0,0.0,0.0,0.0,0.0,
ESP-La Liga,1718,2017-11-17 Girona-Real Sociedad,Real Sociedad,Gerónimo Rulli,False,Goalkeeper,,start,end,1.0,0.0,0.0,0.0,0.0,0.0,0.0,1.0,3.0,0.0,0.0,0.0,0.0,0.0,
ESP-La Liga,1718,2017-11-18 Atlético Madrid-Real Madrid,Atlético Madrid,Jan Oblak,True,Goalkeeper,,start,end,1.0,0.0,0.0,0.0,0.0,0.0,0.0,0.0,3.0,0.0,0.0,0.0,0.0,0.0,
ESP-La Liga,1718,2017-11-18 Atlético Madrid-Real Madrid,Real Madrid,Kiko Casilla,False,Goalkeeper,,start,end,1.0,0.0,0.0,0.0,0.0,0.0,0.0,0.0,0.0,0.0,0.0,0.0,0.0,0.0,
ESP-La Liga,1718,2017-11-18 Getafe-Alavés,Alavés,Fernando Pacheco,False,Goalkeeper,,start,end,1.0,0.0,0.0,0.0,0.0,0.0,0.0,4.0,4.0,0.0,0.0,0.0,0.0,0.0,
ESP-La Liga,1718,2017-11-18 Getafe-Alavés,Getafe,Vicente Guaita,True,Goalkeeper,,start,end,1.0,0.0,1.0,0.0,0.0,0.0,0.0,1.0,4.0,0.0,0.0,0.0,0.0,0.0,
ESP-La Liga,1718,2017-11-18 Leganés-Barcelona,Barcelona,Marc-André ter Stegen,False,Goalkeeper,,start,end,1.0,0.0,0.0,0.0,0.0,0.0,0.0,0.0,7.0,0.0,0.0,0.0,0.0,0.0,
ESP-La Liga,1718,2017-11-18 Leganés-Barcelona,Leganés,Iván Cuéllar,True,Goalkeeper,,start,end,1.0,0.0,1.0,0.0,0.0,0.0,0.0,3.0,3.0,0.0,0.0,0.0,0.0,0.0,
ESP-La Liga,1718,2017-11-18 Sevilla-Celta Vigo,Celta Vigo,Rubén Blanco,False,Goalkeeper,,start,end,1.0,0.0,0.0,0.0,0.0,0.0,0.0,2.0,3.0,0.0,0.0,0.0,0.0,0.0,
ESP-La Liga,1718,2017-11-18 Sevilla-Celta Vigo,Sevilla,David Soria,True,Goalkeeper,,start,end,1.0,0.0,0.0,0.0,0.0,0.0,1.0,1.0,4.0,0.0,0.0,0.0,0.0,0.0,
ESP-La Liga,1718,2017-11-19 Athletic Club-Villarreal,Athletic Club,Kepa Arrizabalaga,True,Goalkeeper,,start,end,1.0,0.0,0.0,0.0,0.0,0.0,0.0,1.0,3.0,0.0,0.0,0.0,0.0,0.0,
ESP-La Liga,1718,2017-11-19 Athletic Club-Villarreal,Villarreal,Mariano Barbosa,False,Goalkeeper,,start,end,1.0,0.0,0.0,0.0,0.0,0.0,0.0,1.0,2.0,0.0,0.0,0.0,0.0,0.0,
ESP-La Liga,1718,2017-11-19 Espanyol-Valencia,Espanyol,Pau López,True,Goalkeeper,,start,end,1.0,0.0,0.0,0.0,0.0,0.0,0.0,2.0,2.0,0.0,0.0,0.0,0.0,0.0,
ESP-La Liga,1718,2017-11-19 Espanyol-Valencia,Valencia,Neto,False,Goalkeeper,,start,end,1.0,0.0,0.0,0.0,0.0,0.0,0.0,0.0,4.0,0.0,0.0,0.0,0.0,0.0,
ESP-La Liga,1718,2017-11-19 Las Palmas-Levante,Las Palmas,Raúl Lizoain,True,Goalkeeper,,start,end,1.0,0.0,0.0,0.0,0.0,0.0,0.0,2.0,4.0,0.0,0.0,0.0,0.0,0.0,
ESP-La Liga,1718,2017-11-19 Las Palmas-Levante,Levante,Oier Olazábal,False,Goalkeeper,,start,end,1.0,0.0,0.0,0.0,0.0,0.0,1.0,0.0,5.0,0.0,0.0,0.0,0.0,0.0,
ESP-La Liga,1718,2017-11-19 Málaga-Deportivo La Coruña,Deportivo La Coruña,Rubén,False,Goalkeeper,,start,end,1.0,0.0,1.0,0.0,0.0,0.0,0.0,3.0,2.0,0.0,0.0,0.0,0.0,0.0,
ESP-La Liga,1718,2017-11-19 Málaga-Deportivo La Coruña,Málaga,Roberto,True,Goalkeeper,,start,end,1.0,0.0,1.0,0.0,0.0,0.0,0.0,2.0,2.0,0.0,0.0,0.0,0.0,0.0,
ESP-La Liga,1718,2017-11-20 Eibar-Real Betis,Eibar,Marko Dmitrovic,True,Goalkeeper,,start,end,1.0,0.0,0.0,0.0,0.0,0.0,0.0,0.0,0.0,0.0,0.0,0.0,0.0,0.0,
ESP-La Liga,1718,2017-11-20 Eibar-Real Betis,Real Betis,Antonio Adán,False,Goalkeeper,,start,end,1.0,0.0,0.0,0.0,0.0,0.0,0.0,5.0,3.0,0.0,0.0,0.0,0.0,0.0,
ESP-La Liga,1718,2017-11-24 Celta Vigo-Leganés,Celta Vigo,Rubén Blanco,True,Goalkeeper,,start,end,1.0,0.0,0.0,0.0,0.0,0.0,0.0,0.0,2.0,0.0,0.0,0.0,0.0,0.0,
ESP-La Liga,1718,2017-11-24 Celta Vigo-Leganés,Leganés,Iván Cuéllar,False,Goalkeeper,,start,end,1.0,0.0,0.0,0.0,0.0,0.0,0.0,1.0,6.0,0.0,0.0,0.0,0.0,0.0,
ESP-La Liga,1718,2017-11-25 Alavés-Eibar,Alavés,Fernando Pacheco,True,Goalkeeper,,start,end,1.0,0.0,0.0,0.0,0.0,0.0,1.0,2.0,4.0,0.0,0.0,0.0,0.0,0.0,
ESP-La Liga,1718,2017-11-25 Alavés-Eibar,Eibar,Marko Dmitrovic,False,Goalkeeper,,start,end,1.0,0.0,1.0,0.0,0.0,0.0,0.0,1.0,1.0,0.0,0.0,0.0,0.0,0.0,
ESP-La Liga,1718,2017-11-25 Levante-Atlético Madrid,Atlético Madrid,Jan Oblak,False,Goalkeeper,,start,end,1.0,0.0,0.0,0.0,0.0,0.0,0.0,0.0,2.0,0.0,0.0,0.0,0.0,0.0,
ESP-La Liga,1718,2017-11-25 Levante-Atlético Madrid,Levante,Oier Olazábal,True,Goalkeeper,,start,end,1.0,0.0,0.0,0.0,0.0,0.0,0.0,5.0,6.0,0.0,0.0,0.0,0.0,0.0,
ESP-La Liga,1718,2017-11-25 Real Betis-Girona,Girona,Yassine Bounou,False,Goalkeeper,,start,end,1.0,0.0,0.0,0.0,0.0,0.0,0.0,2.0,4.0,0.0,0.0,0.0,0.0,0.0,
ESP-La Liga,1718,2017-11-25 Real Betis-Girona,Real Betis,Antonio Adán,True,Goalkeeper,,start,end,1.0,0.0,0.0,0.0,0.0,0.0,0.0,2.0,5.0,0.0,0.0,0.0,0.0,0.0,
ESP-La Liga,1718,2017-11-25 Real Madrid-Málaga,Málaga,Roberto,False,Goalkeeper,,start,end,1.0,0.0,0.0,0.0,0.0,0.0,0.0,3.0,6.0,0.0,0.0,0.0,0.0,0.0,
ESP-La Liga,1718,2017-11-25 Real Madrid-Málaga,Real Madrid,Kiko Casilla,True,Goalkeeper,,start,end,1.0,0.0,0.0,0.0,0.0,0.0,0.0,2.0,1.0,0.0,0.0,0.0,0.0,0.0,
ESP-La Liga,1718,2017-11-26 Deportivo La Coruña-Athletic Club,Athletic Club,Kepa Arrizabalaga,False,Goalkeeper,,start,end,1.0,0.0,0.0,0.0,0.0,0.0,0.0,2.0,2.0,0.0,0.0,0.0,0.0,0.0,
ESP-La Liga,1718,2017-11-26 Deportivo La Coruña-Athletic Club,Deportivo La Coruña,Rubén,True,Goalkeeper,,start,end,1.0,0.0,0.0,0.0,0.0,0.0,0.0,2.0,1.0,0.0,0.0,0.0,0.0,0.0,
ESP-La Liga,1718,2017-11-26 Real Sociedad-Las Palmas,Las Palmas,Raúl Lizoain,False,Goalkeeper,,start,end,1.0,0.0,1.0,0.0,0.0,0.0,0.0,2.0,1.0,0.0,0.0,0.0,0.0,0.0,
ESP-La Liga,1718,2017-11-26 Real Sociedad-Las Palmas,Real Sociedad,Gerónimo Rulli,True,Goalkeeper,,start,end,1.0,0.0,0.0,0.0,0.0,0.0,0.0,2.0,5.0,0.0,0.0,0.0,0.0,0.0,
ESP-La Liga,1718,2017-11-26 Valencia-Barcelona,Barcelona,Marc-André ter Stegen,False,Goalkeeper,,start,end,1.0,0.0,0.0,0.0,0.0,0.0,0.0,1.0,0.0,0.0,0.0,0.0,0.0,0.0,
ESP-La Liga,1718,2017-11-26 Valencia-Barcelona,Valencia,Neto,True,Goalkeeper,,start,end,1.0,0.0,0.0,0.0,0.0,0.0,0.0,1.0,7.0,0.0,0.0,0.0,0.0,0.0,
ESP-La Liga,1718,2017-11-26 Villarreal-Sevilla,Sevilla,Sergio Rico,False,Goalkeeper,,start,end,1.0,0.0,0.0,0.0,0.0,0.0,0.0,2.0,2.0,0.0,0.0,0.0,0.0,0.0,
ESP-La Liga,1718,2017-11-26 Villarreal-Sevilla,Villarreal,Mariano Barbosa,True,Goalkeeper,,start,end,1.0,0.0,0.0,0.0,0.0,0.0,0.0,3.0,1.0,0.0,0.0,0.0,0.0,0.0,
ESP-La Liga,1718,2017-11-27 Espanyol-Getafe,Espanyol,Pau López,True,Goalkeeper,,start,end,1.0,0.0,0.0,0.0,0.0,0.0,0.0,0.0,3.0,0.0,0.0,0.0,0.0,0.0,
ESP-La Liga,1718,2017-11-27 Espanyol-Getafe,Getafe,Vicente Guaita,False,Goalkeeper,,start,end,1.0,0.0,0.0,0.0,0.0,0.0,0.0,1.0,4.0,0.0,0.0,0.0,0.0,0.0,
ESP-La Liga,1718,2017-12-01 Málaga-Levante,Levante,Oier Olazábal,False,Goalkeeper,,start,end,1.0,0.0,1.0,0.0,0.0,0.0,0.0,0.0,2.0,0.0,0.0,0.0,0.0,0.0,
ESP-La Liga,1718,2017-12-01 Málaga-Levante,Málaga,Roberto,True,Goalkeeper,,start,end,1.0,0.0,0.0,0.0,0.0,0.0,0.0,0.0,3.0,0.0,0.0,0.0,0.0,0.0,
ESP-La Liga,1718,2017-12-02 Athletic Club-Real Madrid,Athletic Club,Kepa Arrizabalaga,True,Goalkeeper,,start,end,1.0,0.0,1.0,0.0,0.0,0.0,0.0,0.0,4.0,0.0,0.0,0.0,0.0,0.0,
ESP-La Liga,1718,2017-12-02 Athletic Club-Real Madrid,Real Madrid,Keylor Navas,False,Goalkeeper,,start,end,1.0,0.0,0.0,0.0,0.0,0.0,0.0,0.0,4.0,0.0,0.0,0.0,0.0,0.0,
ESP-La Liga,1718,2017-12-02 Atlético Madrid-Real Sociedad,Atlético Madrid,Jan Oblak,True,Goalkeeper,,start,end,1.0,1.0,0.0,0.0,0.0,0.0,0.0,1.0,1.0,0.0,0.0,0.0,0.0,0.0,
ESP-La Liga,1718,2017-12-02 Atlético Madrid-Real Sociedad,Real Sociedad,Gerónimo Rulli,False,Goalkeeper,,start,end,1.0,0.0,1.0,0.0,0.0,0.0,1.0,2.0,8.0,0.0,0.0,0.0,0.0,0.0,
ESP-La Liga,1718,2017-12-02 Barcelona-Celta Vigo,Barcelona,Marc-André ter Stegen,True,Goalkeeper,,start,end,1.0,0.0,0.0,0.0,0.0,0.0,0.0,2.0,3.0,0.0,0.0,0.0,0.0,0.0,
ESP-La Liga,1718,2017-12-02 Barcelona-Celta Vigo,Celta Vigo,Rubén Blanco,False,Goalkeeper,,start,end,1.0,0.0,0.0,0.0,0.0,0.0,1.0,2.0,5.0,0.0,0.0,0.0,0.0,0.0,
ESP-La Liga,1718,2017-12-02 Sevilla-Deportivo La Coruña,Deportivo La Coruña,Rubén,False,Goalkeeper,,start,end,1.0,0.0,0.0,0.0,0.0,0.0,0.0,2.0,4.0,0.0,0.0,0.0,0.0,0.0,
ESP-La Liga,1718,2017-12-02 Sevilla-Deportivo La Coruña,Sevilla,David Soria,True,Goalkeeper,,start,end,1.0,0.0,0.0,0.0,0.0,0.0,0.0,0.0,2.0,0.0,0.0,0.0,0.0,0.0,
ESP-La Liga,1718,2017-12-03 Eibar-Espanyol,Eibar,Marko Dmitrovic,True,Goalkeeper,,start,end,1.0,0.0,1.0,0.0,0.0,0.0,0.0,1.0,4.0,0.0,0.0,0.0,0.0,0.0,
ESP-La Liga,1718,2017-12-03 Eibar-Espanyol,Espanyol,Pau López,False,Goalkeeper,,start,end,1.0,0.0,2.0,0.0,0.0,0.0,0.0,3.0,2.0,0.0,0.0,0.0,0.0,0.0,
ESP-La Liga,1718,2017-12-03 Getafe-Valencia,Getafe,Vicente Guaita,True,Goalkeeper,,start,end,1.0,0.0,0.0,0.0,0.0,0.0,0.0,0.0,6.0,0.0,0.0,0.0,0.0,0.0,
ESP-La Liga,1718,2017-12-03 Getafe-Valencia,Valencia,Neto,False,Goalkeeper,,start,end,1.0,0.0,0.0,0.0,0.0,0.0,0.0,1.0,2.0,0.0,0.0,0.0,0.0,0.0,
ESP-La Liga,1718,2017-12-03 Las Palmas-Real Betis,Las Palmas,Raúl Lizoain,True,Goalkeeper,,start,end,1.0,0.0,0.0,0.0,0.0,0.0,0.0,0.0,2.0,0.0,0.0,0.0,0.0,0.0,
ESP-La Liga,1718,2017-12-03 Las Palmas-Real Betis,Real Betis,Antonio Adán,False,Goalkeeper,,start,end,1.0,1.0,0.0,0.0,0.0,0.0,0.0,1.0,6.0,0.0,0.0,0.0,0.0,0.0,
ESP-La Liga,1718,2017-12-03 Leganés-Villarreal,Leganés,Iván Cuéllar,True,Goalkeeper,,start,end,1.0,0.0,0.0,0.0,0.0,0.0,0.0,1.0,3.0,0.0,0.0,0.0,0.0,0.0,
ESP-La Liga,1718,2017-12-03 Leganés-Villarreal,Villarreal,Mariano Barbosa,False,Goalkeeper,,start,end,1.0,0.0,0.0,0.0,0.0,0.0,0.0,3.0,2.0,0.0,0.0,0.0,0.0,0.0,
ESP-La Liga,1718,2017-12-04 Girona-Alavés,Alavés,Fernando Pacheco,False,Goalkeeper,,start,end,1.0,0.0,0.0,0.0,0.0,0.0,0.0,2.0,1.0,0.0,0.0,0.0,0.0,0.0,
ESP-La Liga,1718,2017-12-04 Girona-Alavés,Girona,Yassine Bounou,True,Goalkeeper,,start,end,1.0,1.0,0.0,0.0,0.0,0.0,1.0,3.0,1.0,0.0,0.0,0.0,0.0,0.0,
ESP-La Liga,1718,2017-12-08 Alavés-Las Palmas,Alavés,Fernando Pacheco,True,Goalkeeper,,start,end,1.0,0.0,0.0,0.0,0.0,0.0,0.0,0.0,1.0,0.0,0.0,0.0,0.0,0.0,
ESP-La Liga,1718,2017-12-08 Alavés-Las Palmas,Las Palmas,Raúl Lizoain,False,Goalkeeper,,start,end,1.0,0.0,0.0,0.0,0.0,0.0,0.0,2.0,7.0,0.0,0.0,0.0,0.0,0.0,
ESP-La Liga,1718,2017-12-09 Deportivo La Coruña-Leganés,Deportivo La Coruña,Rubén,True,Goalkeeper,,start,end,1.0,0.0,0.0,0.0,0.0,0.0,0.0,0.0,0.0,0.0,0.0,0.0,0.0,0.0,
ESP-La Liga,1718,2017-12-09 Deportivo La Coruña-Leganés,Leganés,Iván Cuéllar,False,Goalkeeper,,start,end,1.0,0.0,0.0,0.0,0.0,0.0,0.0,1.0,3.0,0.0,0.0,0.0,0.0,0.0,
ESP-La Liga,1718,2017-12-09 Getafe-Eibar,Eibar,Marko Dmitrovic,False,Goalkeeper,,start,end,1.0,0.0,0.0,0.0,0.0,0.0,0.0,0.0,3.0,0.0,0.0,0.0,0.0,0.0,
ESP-La Liga,1718,2017-12-09 Getafe-Eibar,Getafe,Vicente Guaita,True,Goalkeeper,,start,end,1.0,0.0,0.0,0.0,0.0,0.0,0.0,0.0,1.0,0.0,0.0,0.0,0.0,0.0,
ESP-La Liga,1718,2017-12-09 Real Madrid-Sevilla,Real Madrid,Keylor Navas,True,Goalkeeper,,start,end,1.0,0.0,0.0,0.0,0.0,0.0,0.0,0.0,3.0,0.0,0.0,0.0,0.0,0.0,
ESP-La Liga,1718,2017-12-09 Real Madrid-Sevilla,Sevilla,Sergio Rico,False,Goalkeeper,,start,end,1.0,0.0,0.0,0.0,0.0,0.0,0.0,5.0,3.0,0.0,0.0,0.0,0.0,0.0,
ESP-La Liga,1718,2017-12-09 Valencia-Celta Vigo,Celta Vigo,Rubén Blanco,False,Goalkeeper,,start,end,1.0,0.0,0.0,0.0,0.0,0.0,0.0,2.0,5.0,0.0,0.0,0.0,0.0,0.0,
ESP-La Liga,1718,2017-12-09 Valencia-Celta Vigo,Valencia,Neto,True,Goalkeeper,,start,end,1.0,0.0,0.0,0.0,0.0,0.0,0.0,1.0,4.0,0.0,0.0,0.0,0.0,0.0,
ESP-La Liga,1718,2017-12-10 Levante-Athletic Club,Athletic Club,Kepa Arrizabalaga,False,Goalkeeper,,start,end,1.0,0.0,0.0,0.0,0.0,0.0,0.0,1.0,3.0,0.0,0.0,0.0,0.0,0.0,
ESP-La Liga,1718,2017-12-10 Levante-Athletic Club,Levante,Oier Olazábal,True,Goalkeeper,,start,end,1.0,0.0,0.0,0.0,0.0,0.0,0.0,2.0,2.0,0.0,0.0,0.0,0.0,0.0,
ESP-La Liga,1718,2017-12-10 Real Betis-Atlético Madrid,Atlético Madrid,Jan Oblak,False,Goalkeeper,,start,end,1.0,0.0,0.0,0.0,0.0,0.0,0.0,0.0,4.0,0.0,0.0,0.0,0.0,0.0,
ESP-La Liga,1718,2017-12-10 Real Betis-Atlético Madrid,Real Betis,Antonio Adán,True,Goalkeeper,,start,end,1.0,0.0,0.0,0.0,0.0,0.0,0.0,1.0,1.0,0.0,0.0,0.0,0.0,0.0,
ESP-La Liga,1718,2017-12-10 Real Sociedad-Málaga,Málaga,Roberto,False,Goalkeeper,,start,end,1.0,0.0,0.0,0.0,0.0,0.0,0.0,0.0,2.0,0.0,0.0,0.0,0.0,0.0,
ESP-La Liga,1718,2017-12-10 Real Sociedad-Málaga,Real Sociedad,Gerónimo Rulli,True,Goalkeeper,,start,end,1.0,1.0,0.0,0.0,0.0,0.0,0.0,2.0,3.0,0.0,0.0,0.0,0.0,0.0,
ESP-La Liga,1718,2017-12-10 Villarreal-Barcelona,Barcelona,Marc-André ter Stegen,False,Goalkeeper,,start,end,1.0,0.0,0.0,0.0,0.0,0.0,0.0,0.0,5.0,0.0,0.0,0.0,0.0,0.0,
ESP-La Liga,1718,2017-12-10 Villarreal-Barcelona,Villarreal,Sergio Asenjo,True,Goalkeeper,,start,end,1.0,0.0,1.0,0.0,0.0,0.0,0.0,2.0,4.0,0.0,0.0,0.0,0.0,0.0,
ESP-La Liga,1718,2017-12-11 Espanyol-Girona,Espanyol,Pau López,True,Goalkeeper,,start,end,1.0,0.0,0.0,0.0,0.0,0.0,0.0,1.0,4.0,0.0,0.0,0.0,0.0,0.0,
ESP-La Liga,1718,2017-12-11 Espanyol-Girona,Girona,Yassine Bounou,False,Goalkeeper,,start,end,1.0,0.0,0.0,0.0,0.0,0.0,0.0,0.0,3.0,0.0,0.0,0.0,0.0,0.0,
ESP-La Liga,1718,2017-12-15 Sevilla-Levante,Levante,Oier Olazábal,False,Goalkeeper,,start,end,1.0,0.0,1.0,0.0,0.0,0.0,0.0,0.0,7.0,0.0,0.0,0.0,0.0,0.0,
ESP-La Liga,1718,2017-12-15 Sevilla-Levante,Sevilla,Sergio Rico,True,Goalkeeper,,start,end,1.0,0.0,0.0,0.0,0.0,0.0,0.0,0.0,2.0,0.0,0.0,0.0,0.0,0.0,
ESP-La Liga,1718,2017-12-16 Athletic Club-Real Sociedad,Athletic Club,Iago Herrerín,True,Goalkeeper,,start,end,1.0,0.0,0.0,0.0,0.0,0.0,0.0,0.0,2.0,0.0,0.0,0.0,0.0,0.0,
ESP-La Liga,1718,2017-12-16 Athletic Club-Real Sociedad,Real Sociedad,Gerónimo Rulli,False,Goalkeeper,,start,end,1.0,0.0,0.0,0.0,0.0,0.0,0.0,0.0,1.0,0.0,0.0,0.0,0.0,0.0,
ESP-La Liga,1718,2017-12-16 Atlético Madrid-Alavés,Alavés,Fernando Pacheco,False,Goalkeeper,,start,end,1.0,0.0,0.0,0.0,0.0,0.0,0.0,1.0,2.0,0.0,0.0,0.0,0.0,0.0,
ESP-La Liga,1718,2017-12-16 Atlético Madrid-Alavés,Atlético Madrid,Jan Oblak,True,Goalkeeper,,start,end,1.0,0.0,0.0,0.0,0.0,0.0,0.0,0.0,0.0,0.0,0.0,0.0,0.0,0.0,
ESP-La Liga,1718,2017-12-16 Eibar-Valencia,Eibar,Marko Dmitrovic,True,Goalkeeper,,start,end,1.0,0.0,0.0,0.0,0.0,0.0,0.0,1.0,2.0,0.0,0.0,0.0,0.0,0.0,
ESP-La Liga,1718,2017-12-16 Eibar-Valencia,Valencia,Neto,False,Goalkeeper,,start,end,1.0,0.0,0.0,0.0,0.0,0.0,0.0,2.0,1.0,0.0,0.0,0.0,0.0,0.0,
ESP-La Liga,1718,2017-12-17 Barcelona-Deportivo La Coruña,Barcelona,Marc-André ter Stegen,True,Goalkeeper,,start,end,1.0,0.0,0.0,0.0,0.0,0.0,0.0,0.0,3.0,0.0,0.0,0.0,0.0,0.0,
ESP-La Liga,1718,2017-12-17 Barcelona-Deportivo La Coruña,Deportivo La Coruña,Rubén,False,Goalkeeper,,start,end,1.0,0.0,0.0,0.0,0.0,0.0,0.0,4.0,7.0,0.0,0.0,0.0,0.0,0.0,
ESP-La Liga,1718,2017-12-17 Celta Vigo-Villarreal,Celta Vigo,Rubén Blanco,True,Goalkeeper,,start,end,1.0,0.0,0.0,0.0,0.0,0.0,0.0,1.0,4.0,0.0,0.0,0.0,0.0,0.0,
ESP-La Liga,1718,2017-12-17 Celta Vigo-Villarreal,Villarreal,Sergio Asenjo,False,Goalkeeper,,start,end,1.0,0.0,0.0,0.0,0.0,0.0,0.0,0.0,3.0,0.0,0.0,0.0,0.0,0.0,
ESP-La Liga,1718,2017-12-17 Girona-Getafe,Getafe,Vicente Guaita,False,Goalkeeper,,start,end,1.0,0.0,0.0,0.0,0.0,0.0,0.0,1.0,1.0,0.0,0.0,0.0,0.0,0.0,
ESP-La Liga,1718,2017-12-17 Girona-Getafe,Girona,Yassine Bounou,True,Goalkeeper,,start,end,1.0,0.0,0.0,0.0,0.0,0.0,0.0,0.0,0.0,0.0,0.0,0.0,0.0,0.0,
ESP-La Liga,1718,2017-12-17 Las Palmas-Espanyol,Espanyol,Pau López,False,Goalkeeper,,start,end,1.0,0.0,0.0,0.0,0.0,0.0,0.0,2.0,3.0,0.0,0.0,0.0,0.0,0.0,
ESP-La Liga,1718,2017-12-17 Las Palmas-Espanyol,Las Palmas,Raúl Lizoain,True,Goalkeeper,,start,end,1.0,0.0,1.0,0.0,0.0,0.0,0.0,2.0,1.0,0.0,0.0,0.0,0.0,0.0,
ESP-La Liga,1718,2017-12-18 Málaga-Real Betis,Málaga,Roberto,True,Goalkeeper,,start,end,1.0,0.0,0.0,0.0,0.0,0.0,0.0,2.0,2.0,0.0,0.0,0.0,0.0,0.0,
ESP-La Liga,1718,2017-12-18 Málaga-Real Betis,Real Betis,Antonio Adán,False,Goalkeeper,,start,end,1.0,0.0,0.0,0.0,0.0,0.0,0.0,0.0,2.0,0.0,0.0,0.0,0.0,0.0,
ESP-La Liga,1718,2017-12-19 Levante-Leganés,Leganés,Iván Cuéllar,False,Goalkeeper,,start,end,1.0,0.0,0.0,0.0,0.0,0.0,0.0,0.0,3.0,0.0,0.0,0.0,0.0,0.0,
ESP-La Liga,1718,2017-12-19 Levante-Leganés,Levante,Oier Olazábal,True,Goalkeeper,,start,end,1.0,0.0,0.0,0.0,0.0,0.0,0.0,0.0,2.0,0.0,0.0,0.0,0.0,0.0,
ESP-La Liga,1718,2017-12-20 Getafe-Las Palmas,Getafe,Vicente Guaita,True,Goalkeeper,,start,end,1.0,0.0,0.0,0.0,0.0,0.0,0.0,0.0,6.0,0.0,0.0,0.0,0.0,0.0,
ESP-La Liga,1718,2017-12-20 Getafe-Las Palmas,Las Palmas,Raúl Lizoain,False,Goalkeeper,,start,end,1.0,0.0,0.0,0.0,0.0,0.0,0.0,2.0,4.0,0.0,0.0,0.0,0.0,0.0,
ESP-La Liga,1718,2017-12-20 Real Sociedad-Sevilla,Real Sociedad,Gerónimo Rulli,True,Goalkeeper,,start,end,1.0,0.0,0.0,0.0,0.0,0.0,0.0,1.0,3.0,0.0,0.0,0.0,0.0,0.0,
ESP-La Liga,1718,2017-12-20 Real Sociedad-Sevilla,Sevilla,David Soria,False,Goalkeeper,,start,end,1.0,0.0,0.0,0.0,0.0,0.0,0.0,3.0,2.0,0.0,0.0,0.0,0.0,0.0,
ESP-La Liga,1718,2017-12-21 Alavés-Málaga,Alavés,Fernando Pacheco,True,Goalkeeper,1,start,end,1.0,0.0,0.0,0.0,0.0,0.0,0.0,0.0,3.0,0.0,0.0,0.0,0.0,0.0,
ESP-La Liga,1718,2017-12-21 Alavés-Málaga,Málaga,Roberto,False,Goalkeeper,1,start,end,1.0,0.0,0.0,0.0,0.0,0.0,0.0,1.0,4.0,0.0,0.0,0.0,0.0,0.0,
ESP-La Liga,1718,2017-12-21 Eibar-Girona,Eibar,Marko Dmitrovic,True,Goalkeeper,,start,end,1.0,0.0,0.0,0.0,0.0,0.0,0.0,1.0,0.0,0.0,0.0,0.0,0.0,0.0,
ESP-La Liga,1718,2017-12-21 Eibar-Girona,Girona,Yassine Bounou,False,Goalkeeper,,start,end,1.0,0.0,0.0,0.0,0.0,0.0,0.0,4.0,2.0,0.0,0.0,0.0,0.0,0.0,
ESP-La Liga,1718,2017-12-22 Espanyol-Atlético Madrid,Atlético Madrid,Jan Oblak,False,Goalkeeper,,start,end,1.0,0.0,0.0,0.0,0.0,0.0,0.0,1.0,3.0,0.0,0.0,0.0,0.0,0.0,
ESP-La Liga,1718,2017-12-22 Espanyol-Atlético Madrid,Espanyol,Pau López,True,Goalkeeper,,start,end,1.0,0.0,0.0,0.0,0.0,0.0,1.0,0.0,1.0,0.0,0.0,0.0,0.0,0.0,
ESP-La Liga,1718,2017-12-22 Real Betis-Athletic Club,Athletic Club,Iago Herrerín,False,Goalkeeper,,start,end,1.0,0.0,0.0,0.0,0.0,0.0,0.0,0.0,7.0,0.0,0.0,0.0,0.0,0.0,
ESP-La Liga,1718,2017-12-22 Real Betis-Athletic Club,Real Betis,Antonio Adán,True,Goalkeeper,,start,end,1.0,0.0,0.0,0.0,0.0,0.0,0.0,2.0,5.0,0.0,0.0,0.0,0.0,0.0,
ESP-La Liga,1718,2017-12-23 Deportivo La Coruña-Celta Vigo,Celta Vigo,Rubén Blanco,False,Goalkeeper,,start,end,1.0,0.0,0.0,0.0,0.0,0.0,1.0,1.0,3.0,0.0,0.0,0.0,0.0,0.0,
ESP-La Liga,1718,2017-12-23 Deportivo La Coruña-Celta Vigo,Deportivo La Coruña,Rubén,True,Goalkeeper,,start,end,1.0,0.0,0.0,0.0,0.0,0.0,0.0,3.0,0.0,0.0,0.0,0.0,0.0,0.0,
ESP-La Liga,1718,2017-12-23 Real Madrid-Barcelona,Barcelona,Marc-André ter Stegen,False,Goalkeeper,,start,end,1.0,0.0,0.0,0.0,0.0,0.0,0.0,0.0,5.0,0.0,0.0,0.0,0.0,0.0,
ESP-La Liga,1718,2017-12-23 Real Madrid-Barcelona,Real Madrid,Keylor Navas,True,Goalkeeper,,start,end,1.0,0.0,0.0,0.0,0.0,0.0,0.0,3.0,8.0,0.0,0.0,0.0,0.0,0.0,
ESP-La Liga,1718,2017-12-23 Valencia-Villarreal,Valencia,Neto,True,Goalkeeper,,start,end,1.0,0.0,0.0,0.0,0.0,0.0,1.0,1.0,1.0,0.0,0.0,0.0,0.0,1.0,
ESP-La Liga,1718,2017-12-23 Valencia-Villarreal,Villarreal,Sergio Asenjo,False,Goalkeeper,,start,end,1.0,0.0,0.0,0.0,0.0,0.0,0.0,0.0,3.0,0.0,0.0,0.0,0.0,0.0,
ESP-La Liga,1718,2018-01-06 Atlético Madrid-Getafe,Atlético Madrid,Jan Oblak,True,Goalkeeper,,start,end,1.0,0.0,0.0,0.0,0.0,0.0,0.0,0.0,5.0,0.0,0.0,0.0,0.0,0.0,
ESP-La Liga,1718,2018-01-06 Atlético Madrid-Getafe,Getafe,Emiliano Martínez,False,Goalkeeper,,start,end,1.0,0.0,0.0,0.0,0.0,0.0,0.0,2.0,3.0,0.0,0.0,0.0,0.0,0.0,
ESP-La Liga,1718,2018-01-06 Las Palmas-Eibar,Eibar,Marko Dmitrovic,False,Goalkeeper,,start,end,1.0,0.0,0.0,0.0,0.0,0.0,0.0,1.0,1.0,0.0,0.0,0.0,0.0,0.0,
ESP-La Liga,1718,2018-01-06 Las Palmas-Eibar,Las Palmas,Leandro Chichizola,True,Goalkeeper,,start,end,1.0,0.0,0.0,0.0,0.0,0.0,0.0,2.0,2.0,0.0,0.0,0.0,0.0,0.0,
ESP-La Liga,1718,2018-01-06 Sevilla-Real Betis,Real Betis,Antonio Adán,False,Goalkeeper,,start,end,1.0,0.0,1.0,0.0,0.0,0.0,1.0,3.0,0.0,0.0,0.0,0.0,0.0,0.0,
ESP-La Liga,1718,2018-01-06 Sevilla-Real Betis,Sevilla,Sergio Rico,True,Goalkeeper,,start,end,1.0,0.0,0.0,0.0,0.0,0.0,0.0,5.0,0.0,0.0,0.0,0.0,0.0,0.0,
ESP-La Liga,1718,2018-01-06 Valencia-Girona,Girona,Yassine Bounou,False,Goalkeeper,,start,end,1.0,0.0,0.0,0.0,0.0,0.0,0.0,2.0,6.0,0.0,0.0,0.0,0.0,0.0,
ESP-La Liga,1718,2018-01-06 Valencia-Girona,Valencia,Neto,True,Goalkeeper,,start,end,1.0,0.0,0.0,0.0,0.0,0.0,0.0,1.0,4.0,0.0,0.0,0.0,0.0,0.0,
ESP-La Liga,1718,2018-01-07 Athletic Club-Alavés,Alavés,Fernando Pacheco,False,Goalkeeper,,start,end,1.0,0.0,0.0,0.0,0.0,0.0,0.0,2.0,6.0,0.0,0.0,0.0,0.0,0.0,
ESP-La Liga,1718,2018-01-07 Athletic Club-Alavés,Athletic Club,Iago Herrerín,True,Goalkeeper,,start,end,1.0,0.0,0.0,0.0,0.0,0.0,0.0,0.0,1.0,0.0,0.0,0.0,0.0,0.0,
ESP-La Liga,1718,2018-01-07 Barcelona-Levante,Barcelona,Marc-André ter Stegen,True,Goalkeeper,,start,end,1.0,0.0,0.0,0.0,0.0,0.0,0.0,0.0,2.0,0.0,0.0,0.0,0.0,0.0,
ESP-La Liga,1718,2018-01-07 Barcelona-Levante,Levante,Oier Olazábal,False,Goalkeeper,,start,end,1.0,0.0,0.0,0.0,0.0,0.0,0.0,3.0,5.0,0.0,0.0,0.0,0.0,0.0,
ESP-La Liga,1718,2018-01-07 Celta Vigo-Real Madrid,Celta Vigo,Rubén Blanco,True,Goalkeeper,,start,end,1.0,0.0,0.0,0.0,0.0,0.0,0.0,2.0,6.0,0.0,0.0,0.0,0.0,0.0,
ESP-La Liga,1718,2018-01-07 Celta Vigo-Real Madrid,Real Madrid,Keylor Navas,False,Goalkeeper,,start,end,1.0,1.0,0.0,0.0,0.0,0.0,1.0,2.0,3.0,0.0,0.0,0.0,0.0,0.0,
ESP-La Liga,1718,2018-01-07 Leganés-Real Sociedad,Leganés,Iván Cuéllar,True,Goalkeeper,,start,end,1.0,0.0,1.0,0.0,0.0,0.0,0.0,0.0,5.0,0.0,0.0,0.0,0.0,0.0,
ESP-La Liga,1718,2018-01-07 Leganés-Real Sociedad,Real Sociedad,Gerónimo Rulli,False,Goalkeeper,,start,end,1.0,0.0,0.0,0.0,0.0,0.0,0.0,1.0,3.0,0.0,0.0,0.0,0.0,0.0,
ESP-La Liga,1718,2018-01-07 Villarreal-Deportivo La Coruña,Deportivo La Coruña,Rubén,False,Goalkeeper,,start,end,1.0,0.0,0.0,0.0,0.0,0.0,0.0,1.0,4.0,0.0,0.0,0.0,0.0,0.0,
ESP-La Liga,1718,2018-01-07 Villarreal-Deportivo La Coruña,Villarreal,Sergio Asenjo,True,Goalkeeper,,start,end,1.0,0.0,0.0,0.0,0.0,0.0,0.0,1.0,2.0,0.0,0.0,0.0,0.0,0.0,
ESP-La Liga,1718,2018-01-08 Málaga-Espanyol,Espanyol,Pau López,False,Goalkeeper,,start,end,1.0,0.0,1.0,0.0,0.0,0.0,0.0,0.0,2.0,0.0,0.0,0.0,0.0,0.0,
ESP-La Liga,1718,2018-01-08 Málaga-Espanyol,Málaga,Roberto,True,Goalkeeper,,start,end,1.0,0.0,0.0,0.0,0.0,0.0,0.0,1.0,2.0,0.0,0.0,0.0,0.0,0.0,
ESP-La Liga,1718,2018-01-12 Getafe-Málaga,Getafe,Emiliano Martínez,True,Goalkeeper,,start,end,1.0,0.0,0.0,0.0,0.0,0.0,0.0,0.0,2.0,0.0,0.0,0.0,0.0,0.0,
ESP-La Liga,1718,2018-01-12 Getafe-Málaga,Málaga,Roberto,False,Goalkeeper,,start,end,1.0,0.0,0.0,0.0,0.0,0.0,0.0,1.0,2.0,0.0,0.0,0.0,0.0,0.0,
ESP-La Liga,1718,2018-01-13 Deportivo La Coruña-Valencia,Deportivo La Coruña,Rubén,True,Goalkeeper,,start,end,1.0,0.0,0.0,0.0,0.0,0.0,0.0,2.0,3.0,0.0,0.0,0.0,0.0,0.0,
ESP-La Liga,1718,2018-01-13 Deportivo La Coruña-Valencia,Valencia,Neto,False,Goalkeeper,,start,end,1.0,0.0,0.0,0.0,0.0,0.0,0.0,1.0,1.0,0.0,0.0,0.0,0.0,0.0,
ESP-La Liga,1718,2018-01-13 Eibar-Atlético Madrid,Atlético Madrid,Jan Oblak,False,Goalkeeper,,start,end,1.0,0.0,0.0,0.0,0.0,0.0,0.0,0.0,5.0,0.0,0.0,0.0,0.0,0.0,
ESP-La Liga,1718,2018-01-13 Eibar-Atlético Madrid,Eibar,Marko Dmitrovic,True,Goalkeeper,,start,end,1.0,0.0,0.0,0.0,0.0,0.0,0.0,1.0,2.0,0.0,0.0,0.0,0.0,0.0,
ESP-La Liga,1718,2018-01-13 Girona-Las Palmas,Girona,Yassine Bounou,True,Goalkeeper,,start,end,1.0,0.0,0.0,0.0,0.0,0.0,0.0,0.0,1.0,0.0,0.0,0.0,0.0,0.0,
ESP-La Liga,1718,2018-01-13 Girona-Las Palmas,Las Palmas,Raúl Lizoain,False,Goalkeeper,,start,end,1.0,0.0,0.0,0.0,0.0,0.0,0.0,6.0,2.0,0.0,0.0,0.0,0.0,0.0,
ESP-La Liga,1718,2018-01-13 Real Madrid-Villarreal,Real Madrid,Keylor Navas,True,Goalkeeper,,start,end,1.0,0.0,0.0,0.0,0.0,0.0,0.0,1.0,3.0,0.0,0.0,0.0,0.0,0.0,
ESP-La Liga,1718,2018-01-13 Real Madrid-Villarreal,Villarreal,Sergio Asenjo,False,Goalkeeper,,start,end,1.0,0.0,0.0,0.0,0.0,0.0,0.0,0.0,7.0,0.0,0.0,0.0,0.0,0.0,
ESP-La Liga,1718,2018-01-14 Alavés-Sevilla,Alavés,Fernando Pacheco,True,Goalkeeper,,start,end,1.0,0.0,0.0,0.0,0.0,0.0,0.0,0.0,1.0,0.0,0.0,0.0,0.0,0.0,
ESP-La Liga,1718,2018-01-14 Alavés-Sevilla,Sevilla,Sergio Rico,False,Goalkeeper,,start,end,1.0,0.0,1.0,0.0,0.0,0.0,0.0,1.0,2.0,0.0,0.0,0.0,0.0,0.0,
ESP-La Liga,1718,2018-01-14 Espanyol-Athletic Club,Athletic Club,Iago Herrerín,False,Goalkeeper,,start,end,1.0,0.0,0.0,0.0,0.0,0.0,0.0,1.0,2.0,0.0,0.0,0.0,0.0,0.0,
ESP-La Liga,1718,2018-01-14 Espanyol-Athletic Club,Espanyol,Pau López,True,Goalkeeper,,start,end,1.0,0.0,0.0,0.0,0.0,0.0,0.0,1.0,2.0,0.0,0.0,0.0,0.0,0.0,
ESP-La Liga,1718,2018-01-14 Levante-Celta Vigo,Celta Vigo,Rubén Blanco,False,Goalkeeper,,start,end,1.0,0.0,0.0,0.0,0.0,0.0,1.0,0.0,5.0,0.0,0.0,0.0,0.0,0.0,
ESP-La Liga,1718,2018-01-14 Levante-Celta Vigo,Levante,Oier Olazábal,True,Goalkeeper,,start,end,1.0,0.0,0.0,0.0,0.0,0.0,0.0,1.0,1.0,0.0,0.0,0.0,0.0,0.0,
ESP-La Liga,1718,2018-01-14 Real Sociedad-Barcelona,Barcelona,Marc-André ter Stegen,False,Goalkeeper,,start,end,1.0,0.0,0.0,0.0,0.0,0.0,0.0,2.0,4.0,0.0,0.0,0.0,0.0,0.0,
ESP-La Liga,1718,2018-01-14 Real Sociedad-Barcelona,Real Sociedad,Gerónimo Rulli,True,Goalkeeper,,start,end,1.0,0.0,0.0,0.0,0.0,0.0,0.0,4.0,1.0,0.0,0.0,0.0,0.0,0.0,
ESP-La Liga,1718,2018-01-15 Real Betis-Leganés,Leganés,Iván Cuéllar,False,Goalkeeper,,start,end,1.0,0.0,0.0,0.0,0.0,0.0,1.0,3.0,6.0,0.0,0.0,0.0,0.0,0.0,
ESP-La Liga,1718,2018-01-15 Real Betis-Leganés,Real Betis,Antonio Adán,True,Goalkeeper,,start,end,1.0,0.0,0.0,0.0,0.0,0.0,0.0,2.0,4.0,0.0,1.0,0.0,0.0,0.0,
ESP-La Liga,1718,2018-01-19 Getafe-Athletic Club,Athletic Club,Iago Herrerín,False,Goalkeeper,,start,end,1.0,2.0,1.0,0.0,0.0,0.0,0.0,2.0,4.0,0.0,0.0,0.0,0.0,0.0,
ESP-La Liga,1718,2018-01-19 Getafe-Athletic Club,Getafe,Emiliano Martínez,True,Goalkeeper,,start,end,1.0,0.0,0.0,0.0,0.0,0.0,0.0,2.0,3.0,0.0,0.0,0.0,0.0,0.0,
ESP-La Liga,1718,2018-01-20 Atlético Madrid-Girona,Atlético Madrid,Jan Oblak,True,Goalkeeper,,start,end,1.0,1.0,0.0,0.0,0.0,0.0,1.0,1.0,2.0,0.0,0.0,0.0,0.0,0.0,
ESP-La Liga,1718,2018-01-20 Atlético Madrid-Girona,Girona,Yassine Bounou,False,Goalkeeper,,start,45,1.0,0.0,0.0,0.0,0.0,0.0,0.0,1.0,2.0,0.0,0.0,0.0,0.0,0.0,
ESP-La Liga,1718,2018-01-20 Espanyol-Sevilla,Espanyol,Diego López,True,Goalkeeper,,start,end,1.0,0.0,0.0,0.0,0.0,0.0,0.0,3.0,4.0,0.0,0.0,0.0,0.0,0.0,
ESP-La Liga,1718,2018-01-20 Espanyol-Sevilla,Sevilla,Sergio Rico,False,Goalkeeper,,start,end,1.0,0.0,0.0,0.0,0.0,0.0,0.0,0.0,0.0,0.0,0.0,0.0,0.0,0.0,
ESP-La Liga,1718,2018-01-20 Las Palmas-Valencia,Las Palmas,Leandro Chichizola,True,Goalkeeper,,start,end,1.0,0.0,0.0,0.0,0.0,0.0,0.0,1.0,6.0,0.0,0.0,0.0,0.0,0.0,
ESP-La Liga,1718,2018-01-20 Las Palmas-Valencia,Valencia,Neto,False,Goalkeeper,,start,end,1.0,0.0,0.0,0.0,0.0,0.0,1.0,2.0,4.0,0.0,0.0,0.0,0.0,0.0,
ESP-La Liga,1718,2018-01-20 Villarreal-Levante,Levante,Oier Olazábal,False,Goalkeeper,,start,end,1.0,1.0,0.0,0.0,0.0,0.0,0.0,2.0,4.0,0.0,0.0,0.0,0.0,0.0,
ESP-La Liga,1718,2018-01-20 Villarreal-Levante,Villarreal,Sergio Asenjo,True,Goalkeeper,,start,end,1.0,0.0,0.0,0.0,0.0,0.0,0.0,1.0,2.0,0.0,0.0,0.0,0.0,0.0,
ESP-La Liga,1718,2018-01-21 Alavés-Leganés,Alavés,Fernando Pacheco,True,Goalkeeper,,start,end,1.0,0.0,0.0,0.0,0.0,0.0,0.0,2.0,2.0,0.0,0.0,0.0,0.0,0.0,
ESP-La Liga,1718,2018-01-21 Alavés-Leganés,Leganés,Iván Cuéllar,False,Goalkeeper,,start,end,1.0,0.0,0.0,0.0,0.0,0.0,0.0,2.0,4.0,0.0,0.0,0.0,0.0,0.0,
ESP-La Liga,1718,2018-01-21 Real Betis-Barcelona,Barcelona,Marc-André ter Stegen,False,Goalkeeper,,start,end,1.0,0.0,0.0,0.0,0.0,0.0,0.0,0.0,2.0,0.0,0.0,0.0,0.0,0.0,
ESP-La Liga,1718,2018-01-21 Real Betis-Barcelona,Real Betis,Antonio Adán,True,Goalkeeper,,start,end,1.0,0.0,0.0,0.0,0.0,0.0,0.0,5.0,5.0,0.0,0.0,0.0,0.0,0.0,
ESP-La Liga,1718,2018-01-21 Real Madrid-Deportivo La Coruña,Deportivo La Coruña,Rubén,False,Goalkeeper,,start,end,1.0,0.0,0.0,0.0,0.0,0.0,0.0,7.0,6.0,0.0,0.0,0.0,0.0,0.0,
ESP-La Liga,1718,2018-01-21 Real Madrid-Deportivo La Coruña,Real Madrid,Keylor Navas,True,Goalkeeper,,start,end,1.0,0.0,0.0,0.0,0.0,0.0,0.0,1.0,2.0,0.0,0.0,0.0,0.0,0.0,
ESP-La Liga,1718,2018-01-21 Real Sociedad-Celta Vigo,Celta Vigo,Rubén Blanco,False,Goalkeeper,,start,end,1.0,0.0,0.0,0.0,0.0,0.0,0.0,1.0,2.0,0.0,0.0,0.0,0.0,0.0,
ESP-La Liga,1718,2018-01-21 Real Sociedad-Celta Vigo,Real Sociedad,Gerónimo Rulli,True,Goalkeeper,,start,end,1.0,0.0,0.0,0.0,0.0,0.0,0.0,2.0,1.0,0.0,0.0,0.0,0.0,0.0,
ESP-La Liga,1718,2018-01-22 Eibar-Málaga,Eibar,Marko Dmitrovic,True,Goalkeeper,,start,end,1.0,0.0,0.0,0.0,0.0,0.0,0.0,1.0,3.0,0.0,0.0,0.0,0.0,0.0,
ESP-La Liga,1718,2018-01-22 Eibar-Málaga,Málaga,Roberto,False,Goalkeeper,,start,end,1.0,0.0,2.0,0.0,0.0,0.0,0.0,1.0,3.0,0.0,0.0,0.0,0.0,0.0,
ESP-La Liga,1718,2018-01-26 Athletic Club-Eibar,Athletic Club,Iago Herrerín,True,Goalkeeper,,start,end,1.0,0.0,0.0,0.0,0.0,0.0,0.0,1.0,1.0,0.0,0.0,0.0,0.0,0.0,
ESP-La Liga,1718,2018-01-26 Athletic Club-Eibar,Eibar,Marko Dmitrovic,False,Goalkeeper,,start,end,1.0,0.0,0.0,0.0,0.0,0.0,0.0,1.0,0.0,0.0,0.0,0.0,0.0,0.0,
ESP-La Liga,1718,2018-01-27 Deportivo La Coruña-Levante,Deportivo La Coruña,Rubén,True,Goalkeeper,,start,end,1.0,0.0,1.0,0.0,0.0,0.0,1.0,2.0,3.0,0.0,0.0,0.0,0.0,0.0,
ESP-La Liga,1718,2018-01-27 Deportivo La Coruña-Levante,Levante,Oier Olazábal,False,Goalkeeper,,start,end,1.0,0.0,0.0,0.0,0.0,0.0,0.0,2.0,0.0,0.0,0.0,0.0,0.0,0.0,
ESP-La Liga,1718,2018-01-27 Málaga-Girona,Girona,Yassine Bounou,False,Goalkeeper,,start,end,1.0,0.0,0.0,0.0,0.0,0.0,0.0,0.0,1.0,0.0,0.0,0.0,0.0,0.0,
ESP-La Liga,1718,2018-01-27 Málaga-Girona,Málaga,Roberto,True,Goalkeeper,,start,end,1.0,0.0,0.0,0.0,0.0,0.0,0.0,0.0,2.0,0.0,0.0,0.0,0.0,0.0,
ESP-La Liga,1718,2018-01-27 Valencia-Real Madrid,Real Madrid,Keylor Navas,False,Goalkeeper,,start,end,1.0,0.0,0.0,0.0,0.0,0.0,0.0,1.0,3.0,0.0,0.0,0.0,0.0,0.0,
ESP-La Liga,1718,2018-01-27 Valencia-Real Madrid,Valencia,Neto,True,Goalkeeper,,start,end,1.0,0.0,0.0,0.0,0.0,0.0,0.0,4.0,3.0,0.0,0.0,0.0,0.0,0.0,
ESP-La Liga,1718,2018-01-27 Villarreal-Real Sociedad,Real Sociedad,Toño Ramírez,False,Goalkeeper,,start,end,1.0,0.0,0.0,0.0,0.0,0.0,0.0,4.0,3.0,0.0,0.0,0.0,0.0,0.0,
ESP-La Liga,1718,2018-01-27 Villarreal-Real Sociedad,Villarreal,Sergio Asenjo,True,Goalkeeper,,start,end,1.0,0.0,0.0,0.0,0.0,0.0,0.0,2.0,4.0,0.0,0.0,0.0,0.0,0.0,
ESP-La Liga,1718,2018-01-28 Atlético Madrid-Las Palmas,Atlético Madrid,Jan Oblak,True,Goalkeeper,,start,end,1.0,0.0,0.0,0.0,0.0,0.0,0.0,0.0,1.0,0.0,0.0,0.0,0.0,0.0,
ESP-La Liga,1718,2018-01-28 Atlético Madrid-Las Palmas,Las Palmas,Leandro Chichizola,False,Goalkeeper,,start,end,1.0,0.0,1.0,0.0,0.0,0.0,0.0,3.0,3.0,0.0,0.0,0.0,0.0,0.0,
ESP-La Liga,1718,2018-01-28 Barcelona-Alavés,Alavés,Fernando Pacheco,False,Goalkeeper,,start,end,1.0,0.0,0.0,0.0,0.0,0.0,0.0,2.0,10.0,0.0,0.0,0.0,0.0,0.0,
ESP-La Liga,1718,2018-01-28 Barcelona-Alavés,Barcelona,Marc-André ter Stegen,True,Goalkeeper,,start,end,1.0,0.0,0.0,0.0,0.0,0.0,0.0,1.0,3.0,0.0,0.0,0.0,0.0,0.0,
ESP-La Liga,1718,2018-01-28 Leganés-Espanyol,Espanyol,Diego López,False,Goalkeeper,,start,end,1.0,0.0,0.0,0.0,0.0,0.0,0.0,3.0,5.0,0.0,0.0,0.0,0.0,0.0,
ESP-La Liga,1718,2018-01-28 Leganés-Espanyol,Leganés,Iván Cuéllar,True,Goalkeeper,,start,end,1.0,0.0,1.0,0.0,0.0,0.0,0.0,2.0,1.0,0.0,0.0,0.0,0.0,0.0,
ESP-La Liga,1718,2018-01-28 Sevilla-Getafe,Getafe,Vicente Guaita,False,Goalkeeper,,start,end,1.0,0.0,0.0,0.0,0.0,0.0,0.0,1.0,0.0,0.0,0.0,0.0,0.0,0.0,
ESP-La Liga,1718,2018-01-28 Sevilla-Getafe,Sevilla,Sergio Rico,True,Goalkeeper,,start,end,1.0,0.0,0.0,0.0,0.0,0.0,1.0,1.0,1.0,0.0,0.0,0.0,0.0,0.0,
ESP-La Liga,1718,2018-01-29 Celta Vigo-Real Betis,Celta Vigo,Rubén Blanco,True,Goalkeeper,,start,end,1.0,0.0,0.0,0.0,0.0,0.0,0.0,2.0,1.0,0.0,0.0,0.0,0.0,0.0,
ESP-La Liga,1718,2018-01-29 Celta Vigo-Real Betis,Real Betis,Antonio Adán,False,Goalkeeper,,start,end,1.0,0.0,0.0,0.0,0.0,0.0,0.0,3.0,2.0,0.0,0.0,0.0,0.0,0.0,
ESP-La Liga,1718,2018-02-02 Real Sociedad-Deportivo La Coruña,Deportivo La Coruña,Rubén,False,Goalkeeper,,start,end,1.0,0.0,0.0,0.0,0.0,0.0,0.0,5.0,3.0,0.0,0.0,0.0,0.0,0.0,
ESP-La Liga,1718,2018-02-02 Real Sociedad-Deportivo La Coruña,Real Sociedad,Gerónimo Rulli,True,Goalkeeper,,start,end,1.0,0.0,0.0,0.0,0.0,0.0,0.0,0.0,1.0,0.0,0.0,0.0,0.0,0.0,
ESP-La Liga,1718,2018-02-03 Alavés-Celta Vigo,Alavés,Fernando Pacheco,True,Goalkeeper,,start,end,1.0,0.0,0.0,0.0,0.0,0.0,0.0,1.0,3.0,0.0,0.0,0.0,0.0,0.0,
ESP-La Liga,1718,2018-02-03 Alavés-Celta Vigo,Celta Vigo,Rubén Blanco,False,Goalkeeper,,start,end,1.0,0.0,0.0,0.0,0.0,0.0,0.0,2.0,1.0,0.0,0.0,0.0,0.0,0.0,
ESP-La Liga,1718,2018-02-03 Eibar-Sevilla,Eibar,Marko Dmitrovic,True,Goalkeeper,,start,end,1.0,0.0,0.0,0.0,0.0,0.0,0.0,1.0,2.0,0.0,0.0,0.0,0.0,0.0,
ESP-La Liga,1718,2018-02-03 Eibar-Sevilla,Sevilla,Sergio Rico,False,Goalkeeper,,start,end,1.0,0.0,0.0,0.0,0.0,0.0,0.0,5.0,2.0,0.0,0.0,0.0,0.0,0.0,
ESP-La Liga,1718,2018-02-03 Levante-Real Madrid,Levante,Oier Olazábal,True,Goalkeeper,,start,end,1.0,0.0,0.0,0.0,0.0,0.0,0.0,2.0,7.0,0.0,0.0,0.0,0.0,0.0,
ESP-La Liga,1718,2018-02-03 Levante-Real Madrid,Real Madrid,Keylor Navas,False,Goalkeeper,,start,end,1.0,0.0,0.0,0.0,0.0,0.0,0.0,2.0,2.0,0.0,0.0,0.0,0.0,0.0,
ESP-La Liga,1718,2018-02-03 Real Betis-Villarreal,Real Betis,Antonio Adán,True,Goalkeeper,,start,end,1.0,0.0,0.0,0.0,0.0,0.0,0.0,1.0,2.0,0.0,0.0,0.0,0.0,0.0,
ESP-La Liga,1718,2018-02-03 Real Betis-Villarreal,Villarreal,Sergio Asenjo,False,Goalkeeper,,start,end,1.0,0.0,0.0,0.0,0.0,0.0,0.0,2.0,2.0,0.0,0.0,0.0,0.0,0.0,
ESP-La Liga,1718,2018-02-04 Atlético Madrid-Valencia,Atlético Madrid,Jan Oblak,True,Goalkeeper,,start,end,1.0,0.0,0.0,0.0,0.0,0.0,0.0,0.0,0.0,0.0,0.0,0.0,0.0,0.0,
ESP-La Liga,1718,2018-02-04 Atlético Madrid-Valencia,Valencia,Neto,False,Goalkeeper,,start,end,1.0,0.0,1.0,0.0,0.0,0.0,0.0,1.0,3.0,0.0,0.0,0.0,0.0,0.0,
ESP-La Liga,1718,2018-02-04 Espanyol-Barcelona,Barcelona,Marc-André ter Stegen,False,Goalkeeper,,start,end,1.0,0.0,0.0,0.0,0.0,0.0,0.0,1.0,1.0,0.0,0.0,0.0,0.0,0.0,
ESP-La Liga,1718,2018-02-04 Espanyol-Barcelona,Espanyol,Diego López,True,Goalkeeper,,start,end,1.0,0.0,0.0,0.0,0.0,0.0,0.0,1.0,1.0,0.0,0.0,0.0,0.0,0.0,
ESP-La Liga,1718,2018-02-04 Getafe-Leganés,Getafe,Vicente Guaita,True,Goalkeeper,,start,end,1.0,0.0,0.0,0.0,0.0,0.0,0.0,0.0,1.0,0.0,0.0,0.0,0.0,0.0,
ESP-La Liga,1718,2018-02-04 Getafe-Leganés,Leganés,Iván Cuéllar,False,Goalkeeper,,start,end,1.0,0.0,0.0,0.0,0.0,0.0,1.0,0.0,1.0,0.0,0.0,0.0,0.0,0.0,
ESP-La Liga,1718,2018-02-04 Girona-Athletic Club,Athletic Club,Iago Herrerín,False,Goalkeeper,,start,end,1.0,0.0,0.0,0.0,0.0,0.0,0.0,2.0,1.0,0.0,0.0,0.0,0.0,0.0,
ESP-La Liga,1718,2018-02-04 Girona-Athletic Club,Girona,Yassine Bounou,True,Goalkeeper,,start,end,1.0,0.0,0.0,0.0,0.0,0.0,0.0,0.0,0.0,0.0,0.0,0.0,0.0,0.0,
ESP-La Liga,1718,2018-02-05 Las Palmas-Málaga,Las Palmas,Leandro Chichizola,True,Goalkeeper,,start,end,1.0,0.0,0.0,0.0,0.0,0.0,0.0,0.0,3.0,0.0,0.0,0.0,0.0,0.0,
ESP-La Liga,1718,2018-02-05 Las Palmas-Málaga,Málaga,Roberto,False,Goalkeeper,,start,end,1.0,0.0,0.0,0.0,0.0,0.0,0.0,1.0,3.0,0.0,0.0,0.0,0.0,0.0,
ESP-La Liga,1718,2018-02-09 Athletic Club-Las Palmas,Athletic Club,Kepa Arrizabalaga,True,Goalkeeper,,start,end,1.0,0.0,0.0,0.0,0.0,0.0,1.0,0.0,2.0,0.0,0.0,0.0,0.0,0.0,
ESP-La Liga,1718,2018-02-09 Athletic Club-Las Palmas,Las Palmas,Leandro Chichizola,False,Goalkeeper,,start,end,1.0,0.0,0.0,0.0,0.0,0.0,1.0,0.0,5.0,0.0,0.0,0.0,0.0,0.0,
ESP-La Liga,1718,2018-02-10 Leganés-Eibar,Eibar,Marko Dmitrovic,False,Goalkeeper,,start,end,1.0,0.0,0.0,0.0,0.0,0.0,0.0,0.0,0.0,0.0,0.0,0.0,0.0,0.0,
ESP-La Liga,1718,2018-02-10 Leganés-Eibar,Leganés,Iván Cuéllar,True,Goalkeeper,,start,end,1.0,0.0,0.0,0.0,0.0,0.0,0.0,1.0,5.0,0.0,0.0,0.0,0.0,0.0,
ESP-La Liga,1718,2018-02-10 Málaga-Atlético Madrid,Atlético Madrid,Jan Oblak,False,Goalkeeper,,start,end,1.0,0.0,0.0,0.0,0.0,0.0,0.0,0.0,3.0,0.0,0.0,0.0,0.0,0.0,
ESP-La Liga,1718,2018-02-10 Málaga-Atlético Madrid,Málaga,Roberto,True,Goalkeeper,,start,end,1.0,0.0,0.0,0.0,0.0,0.0,0.0,1.0,0.0,0.0,0.0,0.0,0.0,0.0,
ESP-La Liga,1718,2018-02-10 Real Madrid-Real Sociedad,Real Madrid,Keylor Navas,True,Goalkeeper,,start,end,1.0,0.0,0.0,0.0,0.0,0.0,0.0,2.0,1.0,0.0,0.0,0.0,0.0,0.0,
ESP-La Liga,1718,2018-02-10 Real Madrid-Real Sociedad,Real Sociedad,Gerónimo Rulli,False,Goalkeeper,,start,end,1.0,0.0,0.0,0.0,0.0,0.0,0.0,5.0,3.0,0.0,0.0,0.0,0.0,0.0,
ESP-La Liga,1718,2018-02-10 Villarreal-Alavés,Alavés,Fernando Pacheco,False,Goalkeeper,,start,end,1.0,0.0,1.0,0.0,0.0,0.0,1.0,1.0,5.0,0.0,0.0,0.0,0.0,0.0,
ESP-La Liga,1718,2018-02-10 Villarreal-Alavés,Villarreal,Sergio Asenjo,True,Goalkeeper,,start,end,1.0,0.0,0.0,0.0,0.0,0.0,0.0,2.0,2.0,0.0,0.0,0.0,0.0,0.0,
ESP-La Liga,1718,2018-02-11 Barcelona-Getafe,Barcelona,Marc-André ter Stegen,True,Goalkeeper,,start,end,1.0,0.0,0.0,0.0,0.0,0.0,0.0,0.0,1.0,0.0,0.0,0.0,0.0,0.0,
ESP-La Liga,1718,2018-02-11 Barcelona-Getafe,Getafe,Vicente Guaita,False,Goalkeeper,,start,end,1.0,0.0,0.0,0.0,0.0,0.0,1.0,0.0,6.0,0.0,0.0,0.0,0.0,0.0,
ESP-La Liga,1718,2018-02-11 Celta Vigo-Espanyol,Celta Vigo,Rubén Blanco,True,Goalkeeper,,start,end,1.0,0.0,0.0,0.0,0.0,0.0,0.0,2.0,0.0,0.0,0.0,0.0,0.0,0.0,
ESP-La Liga,1718,2018-02-11 Celta Vigo-Espanyol,Espanyol,Diego López,False,Goalkeeper,,start,end,1.0,1.0,0.0,0.0,0.0,0.0,1.0,2.0,5.0,0.0,0.0,0.0,0.0,0.0,
ESP-La Liga,1718,2018-02-11 Sevilla-Girona,Girona,Yassine Bounou,False,Goalkeeper,,start,end,1.0,0.0,0.0,0.0,0.0,0.0,0.0,1.0,1.0,0.0,0.0,0.0,0.0,0.0,
ESP-La Liga,1718,2018-02-11 Sevilla-Girona,Sevilla,Sergio Rico,True,Goalkeeper,,start,end,1.0,0.0,0.0,0.0,0.0,0.0,0.0,0.0,7.0,0.0,0.0,0.0,0.0,0.0,
ESP-La Liga,1718,2018-02-11 Valencia-Levante,Levante,Oier Olazábal,False,Goalkeeper,,start,end,1.0,0.0,0.0,0.0,0.0,0.0,0.0,3.0,5.0,0.0,0.0,0.0,0.0,0.0,
ESP-La Liga,1718,2018-02-11 Valencia-Levante,Valencia,Neto,True,Goalkeeper,,start,end,1.0,0.0,0.0,0.0,0.0,0.0,0.0,1.0,0.0,0.0,0.0,0.0,0.0,0.0,
ESP-La Liga,1718,2018-02-12 Deportivo La Coruña-Real Betis,Deportivo La Coruña,Rubén,True,Goalkeeper,,start,end,1.0,0.0,0.0,0.0,0.0,0.0,0.0,1.0,3.0,0.0,0.0,0.0,0.0,0.0,
ESP-La Liga,1718,2018-02-12 Deportivo La Coruña-Real Betis,Real Betis,Antonio Adán,False,Goalkeeper,,start,end,1.0,0.0,0.0,0.0,0.0,0.0,0.0,0.0,2.0,0.0,0.0,0.0,0.0,0.0,
ESP-La Liga,1718,2018-02-16 Girona-Leganés,Girona,Yassine Bounou,True,Goalkeeper,,start,end,1.0,0.0,0.0,0.0,0.0,0.0,0.0,0.0,5.0,0.0,0.0,0.0,0.0,0.0,
ESP-La Liga,1718,2018-02-16 Girona-Leganés,Leganés,Iván Cuéllar,False,Goalkeeper,,start,end,1.0,0.0,0.0,0.0,0.0,0.0,0.0,3.0,2.0,0.0,0.0,0.0,0.0,0.0,
ESP-La Liga,1718,2018-02-17 Alavés-Deportivo La Coruña,Alavés,Fernando Pacheco,True,Goalkeeper,,start,end,1.0,0.0,0.0,0.0,0.0,0.0,0.0,0.0,0.0,0.0,0.0,0.0,0.0,0.0,
ESP-La Liga,1718,2018-02-17 Alavés-Deportivo La Coruña,Deportivo La Coruña,Rubén,False,Goalkeeper,,start,end,1.0,0.0,2.0,0.0,0.0,0.0,0.0,1.0,2.0,0.0,0.0,0.0,0.0,0.0,
ESP-La Liga,1718,2018-02-17 Eibar-Barcelona,Barcelona,Marc-André ter Stegen,False,Goalkeeper,,start,end,1.0,0.0,0.0,0.0,0.0,0.0,0.0,0.0,3.0,0.0,0.0,0.0,0.0,0.0,
ESP-La Liga,1718,2018-02-17 Eibar-Barcelona,Eibar,Marko Dmitrovic,True,Goalkeeper,,start,end,1.0,0.0,0.0,0.0,0.0,0.0,0.0,2.0,4.0,0.0,0.0,0.0,0.0,0.0,
ESP-La Liga,1718,2018-02-17 Las Palmas-Sevilla,Las Palmas,Leandro Chichizola,True,Goalkeeper,,start,end,1.0,0.0,0.0,0.0,0.0,0.0,0.0,2.0,3.0,0.0,0.0,0.0,0.0,0.0,
ESP-La Liga,1718,2018-02-17 Las Palmas-Sevilla,Sevilla,Sergio Rico,False,Goalkeeper,,start,end,1.0,0.0,0.0,0.0,0.0,0.0,0.0,1.0,2.0,0.0,0.0,0.0,0.0,0.0,
ESP-La Liga,1718,2018-02-17 Málaga-Valencia,Málaga,Roberto,True,Goalkeeper,,start,end,1.0,0.0,0.0,0.0,0.0,0.0,0.0,2.0,1.0,0.0,0.0,0.0,0.0,1.0,
ESP-La Liga,1718,2018-02-17 Málaga-Valencia,Valencia,Neto,False,Goalkeeper,,start,end,1.0,0.0,0.0,0.0,0.0,0.0,0.0,1.0,3.0,0.0,0.0,0.0,0.0,0.0,
ESP-La Liga,1718,2018-02-18 Atlético Madrid-Athletic Club,Athletic Club,Kepa Arrizabalaga,False,Goalkeeper,,start,end,1.0,0.0,0.0,0.0,0.0,0.0,0.0,2.0,2.0,0.0,0.0,0.0,0.0,0.0,
ESP-La Liga,1718,2018-02-18 Atlético Madrid-Athletic Club,Atlético Madrid,Jan Oblak,True,Goalkeeper,,start,end,1.0,0.0,0.0,0.0,0.0,0.0,0.0,0.0,0.0,0.0,0.0,0.0,0.0,0.0,
ESP-La Liga,1718,2018-02-18 Espanyol-Villarreal,Espanyol,Diego López,True,Goalkeeper,,start,end,1.0,0.0,0.0,0.0,0.0,0.0,0.0,1.0,3.0,0.0,0.0,0.0,0.0,0.0,
ESP-La Liga,1718,2018-02-18 Espanyol-Villarreal,Villarreal,Sergio Asenjo,False,Goalkeeper,,start,end,1.0,0.0,0.0,0.0,0.0,0.0,0.0,1.0,2.0,0.0,0.0,0.0,0.0,0.0,
ESP-La Liga,1718,2018-02-18 Real Betis-Real Madrid,Real Betis,Antonio Adán,True,Goalkeeper,,start,end,1.0,0.0,0.0,0.0,0.0,0.0,0.0,5.0,4.0,0.0,0.0,0.0,0.0,0.0,
ESP-La Liga,1718,2018-02-18 Real Betis-Real Madrid,Real Madrid,Keylor Navas,False,Goalkeeper,,start,end,1.0,0.0,1.0,0.0,0.0,0.0,0.0,3.0,3.0,0.0,0.0,0.0,0.0,0.0,
ESP-La Liga,1718,2018-02-18 Real Sociedad-Levante,Levante,Oier Olazábal,False,Goalkeeper,,start,end,1.0,0.0,0.0,0.0,0.0,0.0,0.0,3.0,0.0,0.0,0.0,0.0,0.0,0.0,
ESP-La Liga,1718,2018-02-18 Real Sociedad-Levante,Real Sociedad,Gerónimo Rulli,True,Goalkeeper,,start,end,1.0,0.0,0.0,0.0,0.0,0.0,0.0,0.0,1.0,0.0,0.0,0.0,0.0,0.0,
ESP-La Liga,1718,2018-02-19 Getafe-Celta Vigo,Celta Vigo,Rubén Blanco,False,Goalkeeper,,start,end,1.0,0.0,0.0,0.0,0.0,0.0,0.0,3.0,2.0,0.0,0.0,0.0,0.0,0.0,
ESP-La Liga,1718,2018-02-19 Getafe-Celta Vigo,Getafe,Vicente Guaita,True,Goalkeeper,,start,end,1.0,0.0,0.0,0.0,0.0,0.0,0.0,0.0,1.0,0.0,0.0,0.0,0.0,0.0,
ESP-La Liga,1718,2018-02-21 Leganés-Real Madrid,Leganés,Iván Cuéllar,True,Goalkeeper,,start,end,1.0,0.0,0.0,0.0,0.0,0.0,1.0,3.0,4.0,0.0,0.0,0.0,0.0,0.0,
ESP-La Liga,1718,2018-02-21 Leganés-Real Madrid,Real Madrid,Kiko Casilla,False,Goalkeeper,,start,end,1.0,0.0,0.0,0.0,0.0,0.0,0.0,1.0,2.0,0.0,0.0,0.0,0.0,0.0,
ESP-La Liga,1718,2018-02-23 Deportivo La Coruña-Espanyol,Deportivo La Coruña,Rubén,True,Goalkeeper,,start,end,1.0,0.0,0.0,0.0,0.0,0.0,0.0,0.0,1.0,0.0,0.0,0.0,0.0,0.0,
ESP-La Liga,1718,2018-02-23 Deportivo La Coruña-Espanyol,Espanyol,Diego López,False,Goalkeeper,,start,end,1.0,0.0,0.0,0.0,0.0,0.0,0.0,0.0,5.0,0.0,0.0,0.0,0.0,0.0,
ESP-La Liga,1718,2018-02-24 Barcelona-Girona,Barcelona,Marc-André ter Stegen,True,Goalkeeper,,start,end,1.0,0.0,0.0,0.0,0.0,0.0,0.0,1.0,3.0,0.0,0.0,0.0,0.0,0.0,
ESP-La Liga,1718,2018-02-24 Barcelona-Girona,Girona,Yassine Bounou,False,Goalkeeper,,start,end,1.0,0.0,0.0,0.0,0.0,0.0,0.0,6.0,7.0,0.0,0.0,0.0,0.0,0.0,
ESP-La Liga,1718,2018-02-24 Celta Vigo-Eibar,Celta Vigo,Rubén Blanco,True,Goalkeeper,,start,end,1.0,0.0,0.0,0.0,0.0,0.0,0.0,0.0,2.0,0.0,0.0,0.0,0.0,0.0,
ESP-La Liga,1718,2018-02-24 Celta Vigo-Eibar,Eibar,Marko Dmitrovic,False,Goalkeeper,,start,end,1.0,0.0,0.0,0.0,0.0,0.0,0.0,2.0,1.0,0.0,0.0,0.0,0.0,0.0,
ESP-La Liga,1718,2018-02-24 Leganés-Las Palmas,Las Palmas,Leandro Chichizola,False,Goalkeeper,,start,end,1.0,0.0,0.0,0.0,0.0,0.0,1.0,0.0,2.0,0.0,0.0,0.0,0.0,0.0,
ESP-La Liga,1718,2018-02-24 Leganés-Las Palmas,Leganés,Iván Cuéllar,True,Goalkeeper,,start,end,1.0,0.0,0.0,0.0,0.0,0.0,0.0,0.0,0.0,0.0,0.0,0.0,0.0,0.0,
ESP-La Liga,1718,2018-02-24 Real Madrid-Alavés,Alavés,Fernando Pacheco,False,Goalkeeper,,start,end,1.0,0.0,0.0,0.0,0.0,0.0,0.0,4.0,6.0,0.0,0.0,0.0,0.0,0.0,
ESP-La Liga,1718,2018-02-24 Real Madrid-Alavés,Real Madrid,Keylor Navas,True,Goalkeeper,,start,end,1.0,0.0,0.0,0.0,0.0,0.0,0.0,0.0,5.0,0.0,0.0,0.0,0.0,0.0,
ESP-La Liga,1718,2018-02-25 Athletic Club-Málaga,Athletic Club,Kepa Arrizabalaga,True,Goalkeeper,,start,end,1.0,0.0,1.0,0.0,0.0,0.0,0.0,1.0,3.0,0.0,0.0,0.0,0.0,0.0,
ESP-La Liga,1718,2018-02-25 Athletic Club-Málaga,Málaga,Roberto,False,Goalkeeper,,start,end,1.0,0.0,0.0,0.0,0.0,0.0,0.0,2.0,3.0,0.0,0.0,0.0,0.0,0.0,
ESP-La Liga,1718,2018-02-25 Sevilla-Atlético Madrid,Atlético Madrid,Jan Oblak,False,Goalkeeper,,start,end,1.0,0.0,0.0,0.0,0.0,0.0,0.0,2.0,3.0,0.0,0.0,0.0,0.0,0.0,
ESP-La Liga,1718,2018-02-25 Sevilla-Atlético Madrid,Sevilla,Sergio Rico,True,Goalkeeper,,start,end,1.0,1.0,0.0,0.0,0.0,0.0,0.0,5.0,3.0,0.0,0.0,0.0,0.0,0.0,
ESP-La Liga,1718,2018-02-25 Valencia-Real Sociedad,Real Sociedad,Toño Ramírez,False,Goalkeeper,,start,end,1.0,0.0,0.0,0.0,0.0,0.0,0.0,2.0,2.0,0.0,0.0,0.0,0.0,0.0,
ESP-La Liga,1718,2018-02-25 Valencia-Real Sociedad,Valencia,Neto,True,Goalkeeper,,start,end,1.0,0.0,0.0,0.0,0.0,0.0,0.0,1.0,2.0,0.0,0.0,0.0,0.0,0.0,
ESP-La Liga,1718,2018-02-25 Villarreal-Getafe,Getafe,Vicente Guaita,False,Goalkeeper,,start,end,1.0,0.0,0.0,0.0,0.0,0.0,0.0,1.0,3.0,0.0,0.0,0.0,0.0,0.0,
ESP-La Liga,1718,2018-02-25 Villarreal-Getafe,Villarreal,Sergio Asenjo,True,Goalkeeper,,start,end,1.0,0.0,0.0,0.0,0.0,0.0,0.0,0.0,3.0,0.0,0.0,0.0,0.0,0.0,
ESP-La Liga,1718,2018-02-26 Levante-Real Betis,Levante,Oier Olazábal,True,Goalkeeper,,start,end,1.0,0.0,0.0,0.0,0.0,0.0,0.0,2.0,4.0,0.0,0.0,0.0,0.0,0.0,
ESP-La Liga,1718,2018-02-26 Levante-Real Betis,Real Betis,Antonio Adán,False,Goalkeeper,,start,end,1.0,0.0,0.0,0.0,0.0,0.0,0.0,0.0,2.0,0.0,1.0,0.0,0.0,0.0,
ESP-La Liga,1718,2018-02-27 Espanyol-Real Madrid,Espanyol,Diego López,True,Goalkeeper,,start,end,1.0,0.0,0.0,0.0,0.0,0.0,0.0,0.0,6.0,0.0,0.0,0.0,0.0,0.0,
ESP-La Liga,1718,2018-02-27 Espanyol-Real Madrid,Real Madrid,Keylor Navas,False,Goalkeeper,,start,end,1.0,0.0,0.0,0.0,0.0,0.0,0.0,1.0,6.0,0.0,0.0,0.0,0.0,0.0,
ESP-La Liga,1718,2018-02-27 Girona-Celta Vigo,Celta Vigo,Rubén Blanco,False,Goalkeeper,,start,end,1.0,0.0,0.0,0.0,0.0,0.0,0.0,1.0,1.0,0.0,0.0,0.0,0.0,0.0,
ESP-La Liga,1718,2018-02-27 Girona-Celta Vigo,Girona,Yassine Bounou,True,Goalkeeper,,start,end,1.0,0.0,0.0,0.0,0.0,0.0,0.0,0.0,2.0,0.0,0.0,0.0,0.0,0.0,
ESP-La Liga,1718,2018-02-28 Athletic Club-Valencia,Athletic Club,Kepa Arrizabalaga,True,Goalkeeper,,start,end,1.0,0.0,0.0,0.0,0.0,0.0,0.0,1.0,3.0,0.0,0.0,0.0,0.0,0.0,
ESP-La Liga,1718,2018-02-28 Athletic Club-Valencia,Valencia,Neto,False,Goalkeeper,,start,end,1.0,0.0,0.0,0.0,0.0,0.0,0.0,1.0,3.0,0.0,0.0,0.0,0.0,0.0,
ESP-La Liga,1718,2018-02-28 Atlético Madrid-Leganés,Atlético Madrid,Jan Oblak,True,Goalkeeper,,start,end,1.0,0.0,0.0,0.0,0.0,0.0,0.0,0.0,2.0,0.0,0.0,0.0,0.0,0.0,
ESP-La Liga,1718,2018-02-28 Atlético Madrid-Leganés,Leganés,Iván Cuéllar,False,Goalkeeper,,start,end,1.0,0.0,0.0,0.0,0.0,0.0,0.0,4.0,4.0,0.0,0.0,0.0,0.0,0.0,
ESP-La Liga,1718,2018-02-28 Eibar-Villarreal,Eibar,Marko Dmitrovic,True,Goalkeeper,,start,end,1.0,0.0,0.0,0.0,0.0,0.0,1.0,0.0,3.0,0.0,0.0,0.0,0.0,0.0,
ESP-La Liga,1718,2018-02-28 Eibar-Villarreal,Villarreal,Sergio Asenjo,False,Goalkeeper,,start,end,1.0,0.0,0.0,0.0,0.0,0.0,0.0,1.0,0.0,0.0,0.0,0.0,0.0,0.0,
ESP-La Liga,1718,2018-02-28 Getafe-Deportivo La Coruña,Deportivo La Coruña,Rubén,False,Goalkeeper,,start,end,1.0,0.0,0.0,0.0,0.0,0.0,0.0,3.0,3.0,0.0,0.0,0.0,0.0,0.0,
ESP-La Liga,1718,2018-02-28 Getafe-Deportivo La Coruña,Getafe,Emiliano Martínez,True,Goalkeeper,,start,end,1.0,0.0,0.0,0.0,0.0,0.0,0.0,0.0,1.0,0.0,0.0,0.0,0.0,0.0,
ESP-La Liga,1718,2018-02-28 Málaga-Sevilla,Málaga,Roberto,True,Goalkeeper,,start,end,1.0,0.0,0.0,0.0,0.0,0.0,0.0,1.0,3.0,0.0,0.0,0.0,0.0,0.0,
ESP-La Liga,1718,2018-02-28 Málaga-Sevilla,Sevilla,Sergio Rico,False,Goalkeeper,,start,end,1.0,0.0,0.0,0.0,0.0,0.0,0.0,0.0,0.0,0.0,0.0,0.0,0.0,0.0,
ESP-La Liga,1718,2018-03-01 Alavés-Levante,Alavés,Fernando Pacheco,True,Goalkeeper,,start,end,1.0,0.0,0.0,0.0,0.0,0.0,0.0,0.0,1.0,0.0,0.0,0.0,0.0,0.0,
ESP-La Liga,1718,2018-03-01 Alavés-Levante,Levante,Oier Olazábal,False,Goalkeeper,,start,end,1.0,0.0,1.0,0.0,0.0,0.0,0.0,1.0,4.0,0.0,0.0,0.0,0.0,0.0,
ESP-La Liga,1718,2018-03-01 Las Palmas-Barcelona,Barcelona,Marc-André ter Stegen,False,Goalkeeper,,start,end,1.0,0.0,0.0,0.0,0.0,0.0,0.0,1.0,0.0,0.0,0.0,0.0,0.0,0.0,
ESP-La Liga,1718,2018-03-01 Las Palmas-Barcelona,Las Palmas,Leandro Chichizola,True,Goalkeeper,,start,end,1.0,0.0,0.0,0.0,0.0,0.0,0.0,1.0,3.0,0.0,0.0,0.0,0.0,0.0,
ESP-La Liga,1718,2018-03-01 Real Betis-Real Sociedad,Real Betis,Antonio Adán,True,Goalkeeper,,start,end,1.0,0.0,0.0,0.0,0.0,0.0,0.0,0.0,5.0,0.0,0.0,0.0,0.0,0.0,
ESP-La Liga,1718,2018-03-01 Real Betis-Real Sociedad,Real Sociedad,Miguel Ángel Moyà,False,Goalkeeper,,start,end,1.0,0.0,0.0,0.0,0.0,0.0,0.0,0.0,5.0,0.0,0.0,0.0,0.0,0.0,
ESP-La Liga,1718,2018-03-03 Deportivo La Coruña-Eibar,Deportivo La Coruña,Maksym Koval,True,Goalkeeper,,start,end,1.0,1.0,0.0,0.0,1.0,0.0,0.0,1.0,1.0,0.0,0.0,0.0,0.0,0.0,
ESP-La Liga,1718,2018-03-03 Deportivo La Coruña-Eibar,Eibar,Marko Dmitrovic,False,Goalkeeper,,start,end,1.0,0.0,0.0,0.0,0.0,0.0,0.0,1.0,2.0,0.0,0.0,0.0,0.0,0.0,
ESP-La Liga,1718,2018-03-03 Leganés-Málaga,Leganés,Iván Cuéllar,True,Goalkeeper,,start,end,1.0,0.0,0.0,0.0,0.0,0.0,0.0,0.0,1.0,0.0,0.0,0.0,0.0,0.0,
ESP-La Liga,1718,2018-03-03 Leganés-Málaga,Málaga,Roberto,False,Goalkeeper,,start,end,1.0,0.0,0.0,0.0,0.0,0.0,0.0,2.0,1.0,0.0,0.0,0.0,0.0,0.0,
ESP-La Liga,1718,2018-03-03 Real Madrid-Getafe,Getafe,Emiliano Martínez,False,Goalkeeper,,start,end,1.0,0.0,1.0,0.0,0.0,0.0,0.0,3.0,4.0,0.0,0.0,0.0,0.0,0.0,
ESP-La Liga,1718,2018-03-03 Real Madrid-Getafe,Real Madrid,Keylor Navas,True,Goalkeeper,,start,end,1.0,0.0,0.0,0.0,0.0,0.0,0.0,1.0,3.0,0.0,0.0,0.0,0.0,0.0,
ESP-La Liga,1718,2018-03-03 Sevilla-Athletic Club,Athletic Club,Kepa Arrizabalaga,False,Goalkeeper,,start,end,1.0,0.0,1.0,0.0,0.0,0.0,0.0,2.0,6.0,0.0,0.0,0.0,0.0,0.0,
ESP-La Liga,1718,2018-03-03 Sevilla-Athletic Club,Sevilla,Sergio Rico,True,Goalkeeper,,start,end,1.0,0.0,0.0,0.0,0.0,0.0,0.0,0.0,3.0,0.0,0.0,0.0,0.0,0.0,
ESP-La Liga,1718,2018-03-03 Villarreal-Girona,Girona,Yassine Bounou,False,Goalkeeper,,start,end,1.0,0.0,0.0,0.0,0.0,0.0,0.0,0.0,5.0,0.0,0.0,0.0,0.0,0.0,
ESP-La Liga,1718,2018-03-03 Villarreal-Girona,Villarreal,Sergio Asenjo,True,Goalkeeper,,start,end,1.0,0.0,1.0,0.0,0.0,0.0,0.0,2.0,0.0,0.0,0.0,0.0,0.0,0.0,
ESP-La Liga,1718,2018-03-04 Barcelona-Atlético Madrid,Atlético Madrid,Jan Oblak,False,Goalkeeper,,start,end,1.0,0.0,0.0,0.0,0.0,0.0,0.0,1.0,5.0,0.0,0.0,0.0,0.0,0.0,
ESP-La Liga,1718,2018-03-04 Barcelona-Atlético Madrid,Barcelona,Marc-André ter Stegen,True,Goalkeeper,,start,end,1.0,0.0,0.0,0.0,0.0,0.0,0.0,0.0,1.0,0.0,0.0,0.0,0.0,0.0,
ESP-La Liga,1718,2018-03-04 Levante-Espanyol,Espanyol,Diego López,False,Goalkeeper,,start,44,1.0,0.0,1.0,0.0,0.0,0.0,0.0,0.0,1.0,0.0,0.0,0.0,0.0,0.0,
ESP-La Liga,1718,2018-03-04 Levante-Espanyol,Levante,Oier Olazábal,True,Goalkeeper,,start,end,1.0,0.0,0.0,0.0,0.0,0.0,0.0,1.0,2.0,0.0,0.0,0.0,0.0,0.0,
ESP-La Liga,1718,2018-03-04 Real Sociedad-Alavés,Alavés,Fernando Pacheco,False,Goalkeeper,,start,end,1.0,0.0,0.0,0.0,0.0,0.0,0.0,2.0,3.0,0.0,0.0,0.0,0.0,0.0,
ESP-La Liga,1718,2018-03-04 Real Sociedad-Alavés,Real Sociedad,Miguel Ángel Moyà,True,Goalkeeper,,start,end,1.0,0.0,0.0,0.0,0.0,0.0,0.0,1.0,0.0,0.0,0.0,0.0,0.0,0.0,
ESP-La Liga,1718,2018-03-05 Celta Vigo-Las Palmas,Celta Vigo,Rubén Blanco,True,Goalkeeper,,start,end,1.0,0.0,0.0,0.0,0.0,0.0,0.0,1.0,2.0,0.0,0.0,0.0,0.0,0.0,
ESP-La Liga,1718,2018-03-05 Celta Vigo-Las Palmas,Las Palmas,Leandro Chichizola,False,Goalkeeper,,start,end,1.0,0.0,0.0,0.0,0.0,0.0,0.0,2.0,4.0,0.0,0.0,0.0,0.0,0.0,
ESP-La Liga,1718,2018-03-09 Girona-Deportivo La Coruña,Deportivo La Coruña,Rubén,False,Goalkeeper,,start,end,1.0,0.0,0.0,0.0,0.0,0.0,0.0,2.0,4.0,0.0,0.0,0.0,0.0,0.0,
ESP-La Liga,1718,2018-03-09 Girona-Deportivo La Coruña,Girona,Yassine Bounou,True,Goalkeeper,,start,end,1.0,0.0,0.0,0.0,0.0,0.0,0.0,0.0,4.0,0.0,0.0,0.0,0.0,0.0,
ESP-La Liga,1718,2018-03-10 Eibar-Real Madrid,Eibar,Marko Dmitrovic,True,Goalkeeper,,start,end,1.0,0.0,0.0,0.0,0.0,0.0,0.0,2.0,4.0,0.0,0.0,0.0,0.0,0.0,
ESP-La Liga,1718,2018-03-10 Eibar-Real Madrid,Real Madrid,Keylor Navas,False,Goalkeeper,,start,end,1.0,0.0,0.0,0.0,0.0,0.0,0.0,1.0,3.0,0.0,0.0,0.0,0.0,0.0,
ESP-La Liga,1718,2018-03-10 Getafe-Levante,Getafe,Vicente Guaita,True,Goalkeeper,,start,end,1.0,0.0,0.0,0.0,0.0,0.0,0.0,1.0,2.0,0.0,0.0,0.0,0.0,0.0,
ESP-La Liga,1718,2018-03-10 Getafe-Levante,Levante,Oier Olazábal,False,Goalkeeper,,start,end,1.0,0.0,0.0,0.0,0.0,0.0,1.0,0.0,3.0,0.0,0.0,0.0,0.0,0.0,
ESP-La Liga,1718,2018-03-10 Málaga-Barcelona,Barcelona,Marc-André ter Stegen,False,Goalkeeper,,start,end,1.0,0.0,0.0,0.0,0.0,0.0,0.0,0.0,2.0,0.0,0.0,0.0,0.0,0.0,
ESP-La Liga,1718,2018-03-10 Málaga-Barcelona,Málaga,Roberto,True,Goalkeeper,,start,end,1.0,0.0,0.0,0.0,0.0,0.0,0.0,2.0,7.0,0.0,0.0,0.0,0.0,0.0,
ESP-La Liga,1718,2018-03-10 Sevilla-Valencia,Sevilla,Sergio Rico,True,Goalkeeper,,start,end,1.0,0.0,0.0,0.0,0.0,0.0,0.0,2.0,3.0,0.0,0.0,0.0,0.0,0.0,
ESP-La Liga,1718,2018-03-10 Sevilla-Valencia,Valencia,Neto,False,Goalkeeper,,start,end,1.0,0.0,1.0,0.0,0.0,0.0,0.0,0.0,5.0,0.0,0.0,0.0,0.0,0.0,
ESP-La Liga,1718,2018-03-11 Athletic Club-Leganés,Athletic Club,Kepa Arrizabalaga,True,Goalkeeper,,start,end,1.0,0.0,0.0,0.0,0.0,0.0,0.0,0.0,2.0,0.0,0.0,0.0,0.0,0.0,
ESP-La Liga,1718,2018-03-11 Athletic Club-Leganés,Leganés,Iván Cuéllar,False,Goalkeeper,,start,end,1.0,0.0,0.0,0.0,0.0,0.0,0.0,2.0,3.0,0.0,0.0,0.0,0.0,0.0,
ESP-La Liga,1718,2018-03-11 Atlético Madrid-Celta Vigo,Atlético Madrid,Jan Oblak,True,Goalkeeper,,start,end,1.0,0.0,0.0,0.0,0.0,0.0,0.0,0.0,2.0,0.0,0.0,0.0,0.0,0.0,
ESP-La Liga,1718,2018-03-11 Atlético Madrid-Celta Vigo,Celta Vigo,Rubén Blanco,False,Goalkeeper,,start,end,1.0,0.0,0.0,0.0,0.0,0.0,0.0,3.0,0.0,0.0,0.0,0.0,0.0,0.0,
ESP-La Liga,1718,2018-03-11 Espanyol-Real Sociedad,Espanyol,Pau López,True,Goalkeeper,,start,end,1.0,0.0,0.0,0.0,0.0,0.0,0.0,1.0,4.0,0.0,0.0,0.0,0.0,0.0,
ESP-La Liga,1718,2018-03-11 Espanyol-Real Sociedad,Real Sociedad,Miguel Ángel Moyà,False,Goalkeeper,,start,end,1.0,1.0,0.0,0.0,0.0,0.0,0.0,2.0,4.0,0.0,0.0,0.0,0.0,0.0,
ESP-La Liga,1718,2018-03-11 Las Palmas-Villarreal,Las Palmas,Leandro Chichizola,True,Goalkeeper,,start,end,1.0,0.0,0.0,0.0,0.0,0.0,0.0,2.0,2.0,0.0,0.0,0.0,0.0,0.0,
ESP-La Liga,1718,2018-03-11 Las Palmas-Villarreal,Villarreal,Sergio Asenjo,False,Goalkeeper,,start,end,1.0,0.0,0.0,0.0,0.0,0.0,0.0,0.0,3.0,0.0,0.0,0.0,0.0,0.0,
ESP-La Liga,1718,2018-03-12 Alavés-Real Betis,Alavés,Fernando Pacheco,True,Goalkeeper,,start,end,1.0,0.0,0.0,0.0,0.0,0.0,0.0,3.0,1.0,0.0,0.0,0.0,0.0,0.0,
ESP-La Liga,1718,2018-03-12 Alavés-Real Betis,Real Betis,Antonio Adán,False,Goalkeeper,,start,end,1.0,0.0,1.0,0.0,0.0,0.0,1.0,1.0,0.0,0.0,0.0,0.0,0.0,0.0,
ESP-La Liga,1718,2018-03-16 Levante-Eibar,Eibar,Marko Dmitrovic,False,Goalkeeper,,start,end,1.0,0.0,1.0,0.0,0.0,0.0,0.0,2.0,1.0,0.0,0.0,0.0,0.0,0.0,
ESP-La Liga,1718,2018-03-16 Levante-Eibar,Levante,Oier Olazábal,True,Goalkeeper,,start,end,1.0,1.0,0.0,0.0,0.0,0.0,0.0,1.0,3.0,0.0,0.0,0.0,0.0,0.0,
ESP-La Liga,1718,2018-03-17 Deportivo La Coruña-Las Palmas,Deportivo La Coruña,Rubén,True,Goalkeeper,,start,end,1.0,0.0,0.0,0.0,0.0,0.0,0.0,1.0,0.0,0.0,0.0,0.0,0.0,0.0,
ESP-La Liga,1718,2018-03-17 Deportivo La Coruña-Las Palmas,Las Palmas,Leandro Chichizola,False,Goalkeeper,,start,end,1.0,0.0,0.0,0.0,0.0,0.0,0.0,1.0,2.0,0.0,0.0,0.0,0.0,0.0,
ESP-La Liga,1718,2018-03-17 Real Betis-Espanyol,Espanyol,Pau López,False,Goalkeeper,,start,end,1.0,0.0,0.0,0.0,0.0,0.0,0.0,3.0,1.0,0.0,0.0,0.0,0.0,0.0,
ESP-La Liga,1718,2018-03-17 Real Betis-Espanyol,Real Betis,Antonio Adán,True,Goalkeeper,,start,end,1.0,0.0,0.0,0.0,0.0,0.0,0.0,0.0,2.0,0.0,0.0,0.0,0.0,0.0,
ESP-La Liga,1718,2018-03-17 Real Sociedad-Getafe,Getafe,Vicente Guaita,False,Goalkeeper,,start,end,1.0,0.0,1.0,0.0,0.0,0.0,0.0,1.0,1.0,0.0,0.0,0.0,0.0,0.0,
ESP-La Liga,1718,2018-03-17 Real Sociedad-Getafe,Real Sociedad,Miguel Ángel Moyà,True,Goalkeeper,,start,end,1.0,0.0,0.0,0.0,0.0,0.0,0.0,2.0,3.0,0.0,0.0,0.0,0.0,0.0,
ESP-La Liga,1718,2018-03-17 Valencia-Alavés,Alavés,Fernando Pacheco,False,Goalkeeper,,start,end,1.0,0.0,0.0,0.0,0.0,0.0,0.0,3.0,8.0,0.0,0.0,0.0,0.0,0.0,
ESP-La Liga,1718,2018-03-17 Valencia-Alavés,Valencia,Neto,True,Goalkeeper,,start,end,1.0,0.0,0.0,0.0,0.0,0.0,0.0,1.0,3.0,0.0,0.0,0.0,0.0,0.0,
ESP-La Liga,1718,2018-03-18 Barcelona-Athletic Club,Athletic Club,Kepa Arrizabalaga,False,Goalkeeper,,start,end,1.0,0.0,0.0,0.0,0.0,0.0,0.0,2.0,7.0,0.0,0.0,0.0,0.0,0.0,
ESP-La Liga,1718,2018-03-18 Barcelona-Athletic Club,Barcelona,Marc-André ter Stegen,True,Goalkeeper,,start,end,1.0,0.0,0.0,0.0,0.0,0.0,0.0,0.0,3.0,0.0,0.0,0.0,0.0,0.0,
ESP-La Liga,1718,2018-03-18 Celta Vigo-Málaga,Celta Vigo,Sergio Álvarez,True,Goalkeeper,,start,end,1.0,0.0,0.0,0.0,0.0,0.0,0.0,0.0,0.0,0.0,0.0,0.0,0.0,0.0,
ESP-La Liga,1718,2018-03-18 Celta Vigo-Málaga,Málaga,Roberto,False,Goalkeeper,,start,end,1.0,0.0,0.0,0.0,0.0,0.0,0.0,0.0,3.0,0.0,0.0,0.0,0.0,0.0,
ESP-La Liga,1718,2018-03-18 Leganés-Sevilla,Leganés,Iván Cuéllar,True,Goalkeeper,,start,end,1.0,0.0,0.0,0.0,0.0,0.0,0.0,1.0,3.0,0.0,0.0,0.0,0.0,0.0,
ESP-La Liga,1718,2018-03-18 Leganés-Sevilla,Sevilla,Sergio Rico,False,Goalkeeper,,start,end,1.0,0.0,0.0,0.0,0.0,0.0,0.0,2.0,3.0,0.0,0.0,0.0,0.0,0.0,
ESP-La Liga,1718,2018-03-18 Real Madrid-Girona,Girona,Yassine Bounou,False,Goalkeeper,,start,end,1.0,0.0,0.0,0.0,0.0,0.0,0.0,6.0,8.0,0.0,0.0,0.0,0.0,0.0,
ESP-La Liga,1718,2018-03-18 Real Madrid-Girona,Real Madrid,Keylor Navas,True,Goalkeeper,,start,end,1.0,0.0,0.0,0.0,0.0,0.0,0.0,3.0,3.0,0.0,0.0,0.0,0.0,0.0,
ESP-La Liga,1718,2018-03-18 Villarreal-Atlético Madrid,Atlético Madrid,Jan Oblak,False,Goalkeeper,,start,end,1.0,0.0,0.0,0.0,0.0,0.0,0.0,2.0,3.0,0.0,0.0,0.0,0.0,0.0,
ESP-La Liga,1718,2018-03-18 Villarreal-Atlético Madrid,Villarreal,Sergio Asenjo,True,Goalkeeper,,start,end,1.0,0.0,0.0,0.0,0.0,0.0,0.0,1.0,1.0,0.0,0.0,0.0,0.0,0.0,
ESP-La Liga,1718,2018-03-31 Athletic Club-Celta Vigo,Athletic Club,Kepa Arrizabalaga,True,Goalkeeper,,start,end,1.0,0.0,0.0,0.0,0.0,0.0,0.0,1.0,3.0,0.0,0.0,0.0,0.0,0.0,
ESP-La Liga,1718,2018-03-31 Athletic Club-Celta Vigo,Celta Vigo,Sergio Álvarez,False,Goalkeeper,,start,end,1.0,0.0,0.0,0.0,0.0,0.0,0.0,1.0,1.0,0.0,0.0,0.0,0.0,0.0,
ESP-La Liga,1718,2018-03-31 Girona-Levante,Girona,Yassine Bounou,True,Goalkeeper,,start,end,1.0,0.0,0.0,0.0,0.0,0.0,0.0,1.0,5.0,0.0,0.0,0.0,0.0,0.0,
ESP-La Liga,1718,2018-03-31 Girona-Levante,Levante,Oier Olazábal,False,Goalkeeper,,start,end,1.0,0.0,0.0,0.0,0.0,0.0,0.0,1.0,4.0,0.0,0.0,0.0,0.0,0.0,
ESP-La Liga,1718,2018-03-31 Las Palmas-Real Madrid,Las Palmas,Leandro Chichizola,True,Goalkeeper,,start,end,1.0,0.0,1.0,0.0,0.0,0.0,0.0,3.0,3.0,0.0,0.0,0.0,0.0,0.0,
ESP-La Liga,1718,2018-03-31 Las Palmas-Real Madrid,Real Madrid,Keylor Navas,False,Goalkeeper,,start,end,1.0,0.0,0.0,0.0,0.0,0.0,0.0,0.0,3.0,0.0,0.0,0.0,0.0,0.0,
ESP-La Liga,1718,2018-03-31 Sevilla-Barcelona,Barcelona,Marc-André ter Stegen,False,Goalkeeper,,start,end,1.0,0.0,0.0,0.0,0.0,0.0,0.0,2.0,3.0,0.0,0.0,0.0,0.0,0.0,
ESP-La Liga,1718,2018-03-31 Sevilla-Barcelona,Sevilla,Sergio Rico,True,Goalkeeper,,start,end,1.0,0.0,0.0,0.0,0.0,0.0,1.0,2.0,7.0,0.0,0.0,0.0,0.0,0.0,
ESP-La Liga,1718,2018-04-01 Atlético Madrid-Deportivo La Coruña,Atlético Madrid,Jan Oblak,True,Goalkeeper,,start,end,1.0,0.0,1.0,0.0,0.0,0.0,0.0,0.0,2.0,0.0,0.0,0.0,0.0,0.0,
ESP-La Liga,1718,2018-04-01 Atlético Madrid-Deportivo La Coruña,Deportivo La Coruña,Rubén,False,Goalkeeper,,start,end,1.0,0.0,0.0,0.0,0.0,0.0,0.0,1.0,2.0,0.0,0.0,0.0,0.0,0.0,
ESP-La Liga,1718,2018-04-01 Eibar-Real Sociedad,Eibar,Marko Dmitrovic,True,Goalkeeper,,start,end,1.0,0.0,0.0,0.0,0.0,0.0,0.0,0.0,0.0,0.0,0.0,0.0,0.0,0.0,
ESP-La Liga,1718,2018-04-01 Eibar-Real Sociedad,Real Sociedad,Miguel Ángel Moyà,False,Goalkeeper,,start,end,1.0,0.0,0.0,0.0,0.0,0.0,0.0,0.0,3.0,0.0,0.0,0.0,0.0,0.0,
ESP-La Liga,1718,2018-04-01 Espanyol-Alavés,Alavés,Fernando Pacheco,False,Goalkeeper,,start,end,1.0,0.0,0.0,0.0,0.0,0.0,0.0,0.0,3.0,0.0,0.0,0.0,0.0,0.0,
ESP-La Liga,1718,2018-04-01 Espanyol-Alavés,Espanyol,Pau López,True,Goalkeeper,,start,end,1.0,0.0,0.0,0.0,0.0,0.0,1.0,0.0,4.0,0.0,0.0,0.0,0.0,0.0,
ESP-La Liga,1718,2018-04-01 Leganés-Valencia,Leganés,Iván Cuéllar,True,Goalkeeper,,start,end,1.0,0.0,1.0,0.0,0.0,0.0,0.0,1.0,0.0,0.0,0.0,0.0,0.0,0.0,
ESP-La Liga,1718,2018-04-01 Leganés-Valencia,Valencia,Jaume Doménech,False,Goalkeeper,,start,end,1.0,0.0,1.0,0.0,0.0,0.0,1.0,0.0,1.0,0.0,0.0,0.0,0.0,0.0,
ESP-La Liga,1718,2018-04-01 Málaga-Villarreal,Málaga,Roberto,True,Goalkeeper,,start,end,1.0,0.0,0.0,0.0,0.0,0.0,0.0,0.0,1.0,0.0,0.0,0.0,0.0,0.0,
ESP-La Liga,1718,2018-04-01 Málaga-Villarreal,Villarreal,Sergio Asenjo,False,Goalkeeper,,start,end,1.0,1.0,0.0,0.0,0.0,0.0,1.0,1.0,2.0,0.0,0.0,0.0,0.0,0.0,
ESP-La Liga,1718,2018-04-02 Getafe-Real Betis,Getafe,Vicente Guaita,True,Goalkeeper,,start,end,1.0,0.0,0.0,0.0,0.0,0.0,0.0,1.0,3.0,0.0,0.0,0.0,0.0,0.0,
ESP-La Liga,1718,2018-04-02 Getafe-Real Betis,Real Betis,Antonio Adán,False,Goalkeeper,,start,end,1.0,0.0,0.0,0.0,0.0,0.0,0.0,0.0,4.0,0.0,0.0,0.0,0.0,0.0,
ESP-La Liga,1718,2018-04-06 Deportivo La Coruña-Málaga,Deportivo La Coruña,Rubén,True,Goalkeeper,,start,end,1.0,0.0,0.0,0.0,0.0,0.0,1.0,2.0,1.0,0.0,0.0,0.0,0.0,0.0,
ESP-La Liga,1718,2018-04-06 Deportivo La Coruña-Málaga,Málaga,Roberto,False,Goalkeeper,,start,end,1.0,0.0,0.0,0.0,0.0,0.0,0.0,3.0,3.0,0.0,0.0,0.0,0.0,0.0,
ESP-La Liga,1718,2018-04-07 Alavés-Getafe,Alavés,Fernando Pacheco,True,Goalkeeper,,start,end,1.0,0.0,0.0,0.0,0.0,0.0,0.0,0.0,1.0,0.0,0.0,0.0,0.0,0.0,
ESP-La Liga,1718,2018-04-07 Alavés-Getafe,Getafe,Vicente Guaita,False,Goalkeeper,,start,end,1.0,0.0,0.0,0.0,0.0,0.0,0.0,2.0,0.0,0.0,0.0,0.0,0.0,0.0,
ESP-La Liga,1718,2018-04-07 Barcelona-Leganés,Barcelona,Marc-André ter Stegen,True,Goalkeeper,,start,end,1.0,0.0,0.0,0.0,0.0,0.0,0.0,1.0,0.0,0.0,0.0,0.0,0.0,0.0,
ESP-La Liga,1718,2018-04-07 Barcelona-Leganés,Leganés,Iván Cuéllar,False,Goalkeeper,,start,end,1.0,0.0,0.0,0.0,0.0,0.0,0.0,3.0,3.0,0.0,0.0,0.0,0.0,0.0,
ESP-La Liga,1718,2018-04-07 Celta Vigo-Sevilla,Celta Vigo,Sergio Álvarez,True,Goalkeeper,,start,end,1.0,0.0,0.0,0.0,0.0,0.0,0.0,0.0,6.0,0.0,0.0,0.0,0.0,0.0,
ESP-La Liga,1718,2018-04-07 Celta Vigo-Sevilla,Sevilla,David Soria,False,Goalkeeper,,start,end,1.0,0.0,0.0,0.0,0.0,0.0,0.0,4.0,4.0,0.0,0.0,0.0,0.0,0.0,
ESP-La Liga,1718,2018-04-07 Real Betis-Eibar,Eibar,Marko Dmitrovic,False,Goalkeeper,,start,end,1.0,0.0,0.0,0.0,0.0,0.0,0.0,2.0,3.0,0.0,0.0,0.0,0.0,0.0,
ESP-La Liga,1718,2018-04-07 Real Betis-Eibar,Real Betis,Dani Giménez,True,Goalkeeper,,start,end,1.0,0.0,0.0,0.0,0.0,0.0,0.0,0.0,2.0,0.0,0.0,0.0,0.0,0.0,
ESP-La Liga,1718,2018-04-08 Levante-Las Palmas,Las Palmas,Leandro Chichizola,False,Goalkeeper,,start,end,1.0,0.0,0.0,0.0,0.0,0.0,0.0,2.0,2.0,0.0,0.0,0.0,0.0,0.0,
ESP-La Liga,1718,2018-04-08 Levante-Las Palmas,Levante,Oier Olazábal,True,Goalkeeper,,start,end,1.0,0.0,0.0,0.0,0.0,0.0,0.0,1.0,4.0,0.0,0.0,0.0,0.0,0.0,
ESP-La Liga,1718,2018-04-08 Real Madrid-Atlético Madrid,Atlético Madrid,Jan Oblak,False,Goalkeeper,,start,end,1.0,0.0,0.0,0.0,0.0,0.0,0.0,1.0,7.0,0.0,0.0,0.0,0.0,0.0,
ESP-La Liga,1718,2018-04-08 Real Madrid-Atlético Madrid,Real Madrid,Keylor Navas,True,Goalkeeper,,start,end,1.0,0.0,0.0,0.0,0.0,0.0,0.0,1.0,4.0,0.0,0.0,0.0,0.0,0.0,
ESP-La Liga,1718,2018-04-08 Real Sociedad-Girona,Girona,Yassine Bounou,False,Goalkeeper,,start,end,1.0,0.0,0.0,0.0,0.0,0.0,0.0,5.0,2.0,0.0,0.0,0.0,0.0,0.0,
ESP-La Liga,1718,2018-04-08 Real Sociedad-Girona,Real Sociedad,Miguel Ángel Moyà,True,Goalkeeper,,start,45,1.0,0.0,0.0,0.0,0.0,0.0,0.0,0.0,0.0,0.0,0.0,0.0,0.0,0.0,
ESP-La Liga,1718,2018-04-08 Valencia-Espanyol,Espanyol,Pau López,False,Goalkeeper,,start,end,1.0,0.0,0.0,0.0,0.0,0.0,0.0,1.0,5.0,0.0,0.0,0.0,0.0,0.0,
ESP-La Liga,1718,2018-04-08 Valencia-Espanyol,Valencia,Neto,True,Goalkeeper,,start,end,1.0,0.0,0.0,0.0,0.0,0.0,0.0,0.0,7.0,0.0,0.0,0.0,0.0,0.0,
ESP-La Liga,1718,2018-04-09 Villarreal-Athletic Club,Athletic Club,Kepa Arrizabalaga,False,Goalkeeper,,start,end,1.0,0.0,0.0,0.0,0.0,0.0,1.0,1.0,1.0,0.0,0.0,0.0,0.0,0.0,
ESP-La Liga,1718,2018-04-09 Villarreal-Athletic Club,Villarreal,Sergio Asenjo,True,Goalkeeper,,start,end,1.0,0.0,0.0,0.0,0.0,0.0,1.0,3.0,10.0,0.0,0.0,0.0,0.0,0.0,
ESP-La Liga,1718,2018-04-13 Girona-Real Betis,Girona,Yassine Bounou,True,Goalkeeper,,start,end,1.0,0.0,0.0,0.0,0.0,0.0,0.0,1.0,1.0,0.0,0.0,0.0,0.0,0.0,
ESP-La Liga,1718,2018-04-13 Girona-Real Betis,Real Betis,Dani Giménez,False,Goalkeeper,,start,end,1.0,0.0,1.0,0.0,0.0,0.0,0.0,0.0,5.0,0.0,0.0,0.0,0.0,0.0,
ESP-La Liga,1718,2018-04-14 Athletic Club-Deportivo La Coruña,Athletic Club,Kepa Arrizabalaga,True,Goalkeeper,1,start,end,1.0,0.0,0.0,0.0,0.0,0.0,0.0,3.0,0.0,0.0,0.0,0.0,0.0,0.0,
ESP-La Liga,1718,2018-04-14 Athletic Club-Deportivo La Coruña,Deportivo La Coruña,Rubén,False,Goalkeeper,1,start,end,1.0,0.0,0.0,0.0,0.0,0.0,1.0,2.0,2.0,0.0,0.0,0.0,0.0,0.0,
ESP-La Liga,1718,2018-04-14 Barcelona-Valencia,Barcelona,Marc-André ter Stegen,True,Goalkeeper,,start,end,1.0,0.0,0.0,0.0,0.0,0.0,0.0,1.0,4.0,0.0,0.0,0.0,0.0,0.0,
ESP-La Liga,1718,2018-04-14 Barcelona-Valencia,Valencia,Neto,False,Goalkeeper,,start,end,1.0,0.0,0.0,0.0,0.0,0.0,0.0,2.0,5.0,0.0,0.0,0.0,0.0,0.0,
ESP-La Liga,1718,2018-04-14 Las Palmas-Real Sociedad,Las Palmas,Leandro Chichizola,True,Goalkeeper,,start,end,1.0,0.0,0.0,0.0,0.0,0.0,0.0,1.0,10.0,0.0,0.0,0.0,0.0,0.0,
ESP-La Liga,1718,2018-04-14 Las Palmas-Real Sociedad,Real Sociedad,Toño Ramírez,False,Goalkeeper,,start,end,1.0,0.0,0.0,0.0,0.0,0.0,0.0,0.0,0.0,0.0,0.0,0.0,0.0,0.0,
ESP-La Liga,1718,2018-04-14 Leganés-Celta Vigo,Celta Vigo,Sergio Álvarez,False,Goalkeeper,,start,end,1.0,0.0,2.0,0.0,0.0,0.0,0.0,1.0,6.0,0.0,0.0,0.0,0.0,0.0,
ESP-La Liga,1718,2018-04-14 Leganés-Celta Vigo,Leganés,Iván Cuéllar,True,Goalkeeper,,start,end,1.0,0.0,0.0,0.0,0.0,0.0,1.0,0.0,2.0,0.0,0.0,0.0,0.0,0.0,
ESP-La Liga,1718,2018-04-14 Sevilla-Villarreal,Sevilla,David Soria,True,Goalkeeper,,start,end,1.0,0.0,0.0,0.0,0.0,0.0,0.0,2.0,2.0,0.0,0.0,0.0,0.0,0.0,
ESP-La Liga,1718,2018-04-14 Sevilla-Villarreal,Villarreal,Sergio Asenjo,False,Goalkeeper,,start,end,1.0,0.0,0.0,0.0,0.0,0.0,0.0,2.0,2.0,0.0,0.0,0.0,0.0,0.0,
ESP-La Liga,1718,2018-04-15 Atlético Madrid-Levante,Atlético Madrid,Jan Oblak,True,Goalkeeper,,start,end,1.0,0.0,0.0,0.0,0.0,0.0,0.0,0.0,3.0,0.0,0.0,0.0,0.0,0.0,
ESP-La Liga,1718,2018-04-15 Atlético Madrid-Levante,Levante,Oier Olazábal,False,Goalkeeper,,start,end,1.0,0.0,0.0,0.0,0.0,0.0,0.0,3.0,2.0,0.0,0.0,0.0,0.0,0.0,
ESP-La Liga,1718,2018-04-15 Eibar-Alavés,Alavés,Fernando Pacheco,False,Goalkeeper,,start,end,1.0,0.0,1.0,0.0,0.0,0.0,0.0,0.0,4.0,0.0,0.0,0.0,0.0,0.0,
ESP-La Liga,1718,2018-04-15 Eibar-Alavés,Eibar,Marko Dmitrovic,True,Goalkeeper,,start,end,1.0,0.0,0.0,0.0,0.0,0.0,0.0,1.0,0.0,0.0,0.0,0.0,0.0,0.0,
ESP-La Liga,1718,2018-04-15 Getafe-Espanyol,Espanyol,Pau López,False,Goalkeeper,,start,end,1.0,0.0,0.0,0.0,0.0,0.0,0.0,1.0,3.0,0.0,0.0,0.0,0.0,0.0,
ESP-La Liga,1718,2018-04-15 Getafe-Espanyol,Getafe,Vicente Guaita,True,Goalkeeper,,start,end,1.0,0.0,0.0,0.0,0.0,0.0,0.0,0.0,0.0,0.0,0.0,0.0,0.0,0.0,
ESP-La Liga,1718,2018-04-15 Málaga-Real Madrid,Málaga,Roberto,True,Goalkeeper,,start,end,1.0,0.0,0.0,0.0,0.0,0.0,0.0,2.0,4.0,0.0,0.0,0.0,0.0,0.0,
ESP-La Liga,1718,2018-04-15 Málaga-Real Madrid,Real Madrid,Keylor Navas,False,Goalkeeper,,start,end,1.0,0.0,0.0,0.0,0.0,0.0,0.0,1.0,2.0,0.0,0.0,0.0,0.0,0.0,
ESP-La Liga,1718,2018-04-17 Celta Vigo-Barcelona,Barcelona,Marc-André ter Stegen,False,Goalkeeper,,start,end,1.0,0.0,0.0,0.0,0.0,0.0,0.0,2.0,6.0,0.0,0.0,0.0,0.0,0.0,
ESP-La Liga,1718,2018-04-17 Celta Vigo-Barcelona,Celta Vigo,Sergio Álvarez,True,Goalkeeper,,start,end,1.0,0.0,0.0,0.0,0.0,0.0,0.0,2.0,4.0,0.0,0.0,0.0,0.0,0.0,
ESP-La Liga,1718,2018-04-17 Deportivo La Coruña-Sevilla,Deportivo La Coruña,Rubén,True,Goalkeeper,,start,end,1.0,0.0,1.0,0.0,0.0,0.0,0.0,0.0,7.0,0.0,0.0,0.0,0.0,0.0,
ESP-La Liga,1718,2018-04-17 Deportivo La Coruña-Sevilla,Sevilla,David Soria,False,Goalkeeper,,start,end,1.0,0.0,0.0,0.0,0.0,0.0,0.0,0.0,6.0,0.0,0.0,0.0,0.0,0.0,
ESP-La Liga,1718,2018-04-17 Villarreal-Leganés,Leganés,Iván Cuéllar,False,Goalkeeper,,start,end,1.0,0.0,0.0,0.0,0.0,0.0,0.0,2.0,5.0,0.0,0.0,0.0,0.0,0.0,
ESP-La Liga,1718,2018-04-17 Villarreal-Leganés,Villarreal,Sergio Asenjo,True,Goalkeeper,,start,end,1.0,0.0,1.0,0.0,0.0,0.0,0.0,1.0,0.0,0.0,0.0,0.0,0.0,0.0,
ESP-La Liga,1718,2018-04-18 Espanyol-Eibar,Eibar,Marko Dmitrovic,False,Goalkeeper,,start,end,1.0,0.0,0.0,0.0,0.0,0.0,0.0,0.0,5.0,0.0,0.0,0.0,0.0,0.0,
ESP-La Liga,1718,2018-04-18 Espanyol-Eibar,Espanyol,Pau López,True,Goalkeeper,,start,end,1.0,0.0,0.0,0.0,0.0,0.0,0.0,1.0,0.0,0.0,0.0,0.0,0.0,0.0,
ESP-La Liga,1718,2018-04-18 Real Madrid-Athletic Club,Athletic Club,Kepa Arrizabalaga,False,Goalkeeper,,start,end,1.0,0.0,0.0,0.0,0.0,0.0,0.0,1.0,9.0,0.0,0.0,0.0,0.0,0.0,
ESP-La Liga,1718,2018-04-18 Real Madrid-Athletic Club,Real Madrid,Keylor Navas,True,Goalkeeper,,start,end,1.0,0.0,0.0,0.0,0.0,0.0,0.0,1.0,1.0,0.0,0.0,0.0,0.0,0.0,
ESP-La Liga,1718,2018-04-18 Valencia-Getafe,Getafe,Vicente Guaita,False,Goalkeeper,,start,end,1.0,0.0,0.0,0.0,0.0,0.0,0.0,1.0,2.0,0.0,0.0,0.0,0.0,0.0,
ESP-La Liga,1718,2018-04-18 Valencia-Getafe,Valencia,Jaume Doménech,True,Goalkeeper,,start,end,1.0,0.0,0.0,0.0,0.0,0.0,0.0,2.0,1.0,0.0,0.0,0.0,0.0,0.0,
ESP-La Liga,1718,2018-04-19 Alavés-Girona,Alavés,Fernando Pacheco,True,Goalkeeper,,start,end,1.0,0.0,0.0,0.0,0.0,0.0,0.0,2.0,3.0,0.0,0.0,0.0,0.0,0.0,
ESP-La Liga,1718,2018-04-19 Alavés-Girona,Girona,Yassine Bounou,False,Goalkeeper,,start,end,1.0,0.0,1.0,0.0,0.0,0.0,1.0,1.0,4.0,0.0,0.0,0.0,0.0,0.0,
ESP-La Liga,1718,2018-04-19 Levante-Málaga,Levante,Oier Olazábal,True,Goalkeeper,,start,end,1.0,0.0,0.0,0.0,0.0,0.0,0.0,0.0,2.0,0.0,0.0,0.0,0.0,0.0,
ESP-La Liga,1718,2018-04-19 Levante-Málaga,Málaga,Roberto,False,Goalkeeper,,start,end,1.0,0.0,0.0,0.0,0.0,0.0,0.0,1.0,1.0,0.0,0.0,0.0,0.0,0.0,
ESP-La Liga,1718,2018-04-19 Real Betis-Las Palmas,Las Palmas,Raúl Lizoain,False,Goalkeeper,,start,end,1.0,0.0,1.0,0.0,0.0,0.0,0.0,1.0,7.0,0.0,0.0,0.0,0.0,0.0,
ESP-La Liga,1718,2018-04-19 Real Betis-Las Palmas,Real Betis,Dani Giménez,True,Goalkeeper,,start,end,1.0,0.0,0.0,0.0,0.0,0.0,0.0,0.0,0.0,0.0,0.0,0.0,0.0,0.0,
ESP-La Liga,1718,2018-04-19 Real Sociedad-Atlético Madrid,Atlético Madrid,Jan Oblak,False,Goalkeeper,,start,end,1.0,0.0,0.0,0.0,0.0,0.0,0.0,3.0,1.0,0.0,0.0,0.0,0.0,0.0,
ESP-La Liga,1718,2018-04-19 Real Sociedad-Atlético Madrid,Real Sociedad,Gerónimo Rulli,True,Goalkeeper,,start,end,1.0,0.0,0.0,0.0,0.0,0.0,0.0,0.0,2.0,0.0,0.0,0.0,0.0,0.0,
ESP-La Liga,1718,2018-04-20 Leganés-Deportivo La Coruña,Deportivo La Coruña,Rubén,False,Goalkeeper,,start,end,1.0,0.0,0.0,0.0,0.0,0.0,0.0,0.0,0.0,0.0,0.0,0.0,0.0,0.0,
ESP-La Liga,1718,2018-04-20 Leganés-Deportivo La Coruña,Leganés,Iván Cuéllar,True,Goalkeeper,,start,end,1.0,0.0,0.0,0.0,0.0,0.0,0.0,0.0,2.0,0.0,0.0,0.0,0.0,0.0,
ESP-La Liga,1718,2018-04-21 Celta Vigo-Valencia,Celta Vigo,Sergio Álvarez,True,Goalkeeper,,start,end,1.0,0.0,0.0,0.0,0.0,0.0,0.0,1.0,5.0,0.0,0.0,0.0,0.0,0.0,
ESP-La Liga,1718,2018-04-21 Celta Vigo-Valencia,Valencia,Neto,False,Goalkeeper,,start,end,1.0,0.0,0.0,0.0,0.0,0.0,0.0,1.0,2.0,0.0,0.0,0.0,0.0,0.0,
ESP-La Liga,1718,2018-04-21 Eibar-Getafe,Eibar,Marko Dmitrovic,True,Goalkeeper,,start,end,1.0,0.0,0.0,0.0,0.0,0.0,0.0,1.0,3.0,0.0,0.0,0.0,0.0,0.0,
ESP-La Liga,1718,2018-04-21 Eibar-Getafe,Getafe,Vicente Guaita,False,Goalkeeper,,start,end,1.0,0.0,1.0,0.0,0.0,0.0,0.0,0.0,2.0,0.0,0.0,0.0,0.0,0.0,
ESP-La Liga,1718,2018-04-22 Atlético Madrid-Real Betis,Atlético Madrid,Jan Oblak,True,Goalkeeper,,start,end,1.0,0.0,0.0,0.0,0.0,0.0,0.0,0.0,4.0,0.0,0.0,0.0,0.0,0.0,
ESP-La Liga,1718,2018-04-22 Atlético Madrid-Real Betis,Real Betis,Dani Giménez,False,Goalkeeper,,start,39,1.0,0.0,0.0,0.0,0.0,0.0,0.0,0.0,1.0,0.0,0.0,0.0,0.0,0.0,
ESP-La Liga,1718,2018-04-22 Girona-Espanyol,Espanyol,Pau López,False,Goalkeeper,,start,end,1.0,0.0,0.0,0.0,0.0,0.0,0.0,0.0,6.0,0.0,0.0,0.0,0.0,0.0,
ESP-La Liga,1718,2018-04-22 Girona-Espanyol,Girona,Yassine Bounou,True,Goalkeeper,,start,end,1.0,0.0,0.0,0.0,0.0,0.0,0.0,2.0,2.0,0.0,0.0,0.0,0.0,0.0,
ESP-La Liga,1718,2018-04-22 Las Palmas-Alavés,Alavés,Fernando Pacheco,False,Goalkeeper,,start,end,1.0,0.0,0.0,0.0,0.0,0.0,0.0,0.0,1.0,0.0,0.0,0.0,0.0,0.0,
ESP-La Liga,1718,2018-04-22 Las Palmas-Alavés,Las Palmas,Raúl Lizoain,True,Goalkeeper,,start,end,1.0,0.0,0.0,0.0,0.0,0.0,0.0,4.0,3.0,0.0,0.0,0.0,0.0,0.0,
ESP-La Liga,1718,2018-04-22 Málaga-Real Sociedad,Málaga,Roberto,True,Goalkeeper,,start,end,1.0,1.0,0.0,0.0,0.0,0.0,0.0,0.0,2.0,0.0,0.0,0.0,0.0,0.0,
ESP-La Liga,1718,2018-04-22 Málaga-Real Sociedad,Real Sociedad,Gerónimo Rulli,False,Goalkeeper,,start,end,1.0,0.0,0.0,0.0,0.0,0.0,0.0,2.0,2.0,0.0,0.0,0.0,0.0,0.0,
ESP-La Liga,1718,2018-04-23 Athletic Club-Levante,Athletic Club,Kepa Arrizabalaga,True,Goalkeeper,,start,end,1.0,0.0,0.0,0.0,0.0,0.0,0.0,3.0,5.0,0.0,0.0,0.0,0.0,0.0,
ESP-La Liga,1718,2018-04-23 Athletic Club-Levante,Levante,Oier Olazábal,False,Goalkeeper,,start,end,1.0,0.0,0.0,0.0,0.0,0.0,0.0,1.0,4.0,0.0,0.0,0.0,0.0,0.0,
ESP-La Liga,1718,2018-04-27 Levante-Sevilla,Levante,Oier Olazábal,True,Goalkeeper,,start,end,1.0,0.0,0.0,0.0,0.0,0.0,0.0,1.0,3.0,0.0,0.0,0.0,0.0,0.0,
ESP-La Liga,1718,2018-04-27 Levante-Sevilla,Sevilla,David Soria,False,Goalkeeper,,start,end,1.0,0.0,0.0,0.0,0.0,0.0,0.0,2.0,3.0,0.0,0.0,0.0,0.0,0.0,
ESP-La Liga,1718,2018-04-28 Espanyol-Las Palmas,Espanyol,Pau López,True,Goalkeeper,,start,end,1.0,0.0,0.0,0.0,0.0,0.0,0.0,1.0,1.0,0.0,0.0,0.0,0.0,0.0,
ESP-La Liga,1718,2018-04-28 Espanyol-Las Palmas,Las Palmas,Leandro Chichizola,False,Goalkeeper,,start,end,1.0,0.0,1.0,0.0,0.0,0.0,0.0,1.0,6.0,0.0,0.0,0.0,0.0,0.0,
ESP-La Liga,1718,2018-04-28 Real Madrid-Leganés,Leganés,Iván Cuéllar,False,Goalkeeper,,start,end,1.0,0.0,0.0,0.0,0.0,0.0,0.0,2.0,2.0,0.0,0.0,0.0,0.0,0.0,
ESP-La Liga,1718,2018-04-28 Real Madrid-Leganés,Real Madrid,Kiko Casilla,True,Goalkeeper,,start,end,1.0,0.0,0.0,0.0,0.0,0.0,0.0,1.0,5.0,0.0,0.0,0.0,0.0,0.0,
ESP-La Liga,1718,2018-04-28 Real Sociedad-Athletic Club,Athletic Club,Kepa Arrizabalaga,False,Goalkeeper,,start,end,1.0,0.0,0.0,0.0,0.0,0.0,0.0,3.0,3.0,0.0,0.0,0.0,0.0,0.0,
ESP-La Liga,1718,2018-04-28 Real Sociedad-Athletic Club,Real Sociedad,Miguel Ángel Moyà,True,Goalkeeper,,start,end,1.0,0.0,0.0,0.0,0.0,0.0,0.0,1.0,2.0,0.0,0.0,0.0,0.0,0.0,
ESP-La Liga,1718,2018-04-28 Villarreal-Celta Vigo,Celta Vigo,Sergio Álvarez,False,Goalkeeper,,start,end,1.0,0.0,1.0,0.0,0.0,0.0,0.0,4.0,3.0,0.0,0.0,0.0,0.0,0.0,
ESP-La Liga,1718,2018-04-28 Villarreal-Celta Vigo,Villarreal,Sergio Asenjo,True,Goalkeeper,,start,end,1.0,1.0,0.0,0.0,0.0,0.0,0.0,1.0,3.0,0.0,0.0,0.0,0.0,0.0,
ESP-La Liga,1718,2018-04-29 Alavés-Atlético Madrid,Alavés,Antonio Sivera,True,Goalkeeper,,start,63,1.0,0.0,0.0,0.0,0.0,0.0,0.0,0.0,1.0,0.0,0.0,0.0,0.0,0.0,
ESP-La Liga,1718,2018-04-29 Alavés-Atlético Madrid,Atlético Madrid,Axel Werner,False,Goalkeeper,,start,end,1.0,0.0,0.0,0.0,0.0,0.0,0.0,0.0,3.0,0.0,0.0,0.0,0.0,0.0,
ESP-La Liga,1718,2018-04-29 Deportivo La Coruña-Barcelona,Barcelona,Marc-André ter Stegen,False,Goalkeeper,,start,end,1.0,0.0,0.0,0.0,0.0,0.0,0.0,2.0,3.0,0.0,0.0,0.0,0.0,0.0,
ESP-La Liga,1718,2018-04-29 Deportivo La Coruña-Barcelona,Deportivo La Coruña,Rubén,True,Goalkeeper,,start,end,1.0,0.0,0.0,0.0,0.0,0.0,0.0,4.0,5.0,0.0,0.0,0.0,0.0,0.0,
ESP-La Liga,1718,2018-04-29 Getafe-Girona,Getafe,Vicente Guaita,True,Goalkeeper,,start,end,1.0,0.0,0.0,0.0,0.0,0.0,0.0,1.0,1.0,0.0,0.0,0.0,0.0,0.0,
ESP-La Liga,1718,2018-04-29 Getafe-Girona,Girona,Yassine Bounou,False,Goalkeeper,,start,end,1.0,0.0,0.0,0.0,0.0,0.0,0.0,1.0,1.0,0.0,0.0,0.0,0.0,0.0,
ESP-La Liga,1718,2018-04-29 Valencia-Eibar,Eibar,Yoel,False,Goalkeeper,,start,end,1.0,0.0,0.0,0.0,0.0,0.0,0.0,0.0,5.0,0.0,0.0,0.0,0.0,0.0,
ESP-La Liga,1718,2018-04-29 Valencia-Eibar,Valencia,Neto,True,Goalkeeper,,start,end,1.0,0.0,0.0,0.0,0.0,0.0,0.0,0.0,2.0,0.0,0.0,0.0,0.0,0.0,
ESP-La Liga,1718,2018-04-30 Real Betis-Málaga,Málaga,Roberto,False,Goalkeeper,,start,end,1.0,0.0,0.0,0.0,0.0,0.0,0.0,2.0,1.0,0.0,0.0,0.0,0.0,0.0,
ESP-La Liga,1718,2018-04-30 Real Betis-Málaga,Real Betis,Pedro López,True,Goalkeeper,,start,end,1.0,0.0,0.0,0.0,0.0,0.0,0.0,1.0,2.0,0.0,0.0,0.0,0.0,0.0,
ESP-La Liga,1718,2018-05-04 Sevilla-Real Sociedad,Real Sociedad,Miguel Ángel Moyà,False,Goalkeeper,,start,end,1.0,0.0,0.0,0.0,0.0,0.0,0.0,1.0,5.0,0.0,0.0,0.0,0.0,0.0,
ESP-La Liga,1718,2018-05-04 Sevilla-Real Sociedad,Sevilla,David Soria,True,Goalkeeper,,start,end,1.0,0.0,0.0,0.0,0.0,0.0,0.0,0.0,1.0,0.0,0.0,0.0,0.0,0.0,
ESP-La Liga,1718,2018-05-05 Athletic Club-Real Betis,Athletic Club,Kepa Arrizabalaga,True,Goalkeeper,,start,end,1.0,0.0,1.0,0.0,0.0,0.0,0.0,0.0,3.0,0.0,0.0,0.0,0.0,0.0,
ESP-La Liga,1718,2018-05-05 Athletic Club-Real Betis,Real Betis,Pedro López,False,Goalkeeper,,start,end,1.0,0.0,0.0,0.0,0.0,0.0,0.0,2.0,3.0,0.0,0.0,0.0,0.0,0.0,
ESP-La Liga,1718,2018-05-05 Celta Vigo-Deportivo La Coruña,Celta Vigo,Sergio Álvarez,True,Goalkeeper,,start,end,1.0,0.0,0.0,0.0,0.0,0.0,0.0,1.0,2.0,0.0,0.0,0.0,0.0,0.0,
ESP-La Liga,1718,2018-05-05 Celta Vigo-Deportivo La Coruña,Deportivo La Coruña,Rubén,False,Goalkeeper,,start,end,1.0,0.0,0.0,0.0,0.0,0.0,0.0,1.0,3.0,0.0,0.0,0.0,0.0,0.0,
ESP-La Liga,1718,2018-05-05 Girona-Eibar,Eibar,Asier Riesgo,False,Goalkeeper,,start,end,1.0,0.0,0.0,0.0,0.0,0.0,0.0,1.0,4.0,0.0,0.0,0.0,0.0,0.0,
ESP-La Liga,1718,2018-05-05 Girona-Eibar,Girona,Yassine Bounou,True,Goalkeeper,,start,end,1.0,0.0,0.0,0.0,0.0,0.0,0.0,4.0,2.0,0.0,0.0,0.0,0.0,0.0,
ESP-La Liga,1718,2018-05-05 Villarreal-Valencia,Valencia,Neto,False,Goalkeeper,,start,end,1.0,0.0,0.0,0.0,0.0,0.0,0.0,1.0,4.0,0.0,0.0,0.0,0.0,0.0,
ESP-La Liga,1718,2018-05-05 Villarreal-Valencia,Villarreal,Sergio Asenjo,True,Goalkeeper,,start,end,1.0,0.0,0.0,0.0,0.0,0.0,1.0,0.0,2.0,0.0,0.0,0.0,0.0,0.0,
ESP-La Liga,1718,2018-05-06 Atlético Madrid-Espanyol,Atlético Madrid,Jan Oblak,True,Goalkeeper,,start,end,1.0,0.0,0.0,0.0,0.0,0.0,0.0,2.0,4.0,0.0,0.0,0.0,0.0,0.0,
ESP-La Liga,1718,2018-05-06 Atlético Madrid-Espanyol,Espanyol,Pau López,False,Goalkeeper,,start,end,1.0,0.0,0.0,0.0,0.0,0.0,1.0,0.0,3.0,0.0,0.0,0.0,0.0,0.0,
ESP-La Liga,1718,2018-05-06 Barcelona-Real Madrid,Barcelona,Marc-André ter Stegen,True,Goalkeeper,,start,end,1.0,0.0,0.0,0.0,0.0,0.0,0.0,2.0,3.0,0.0,0.0,0.0,0.0,0.0,
ESP-La Liga,1718,2018-05-06 Barcelona-Real Madrid,Real Madrid,Keylor Navas,False,Goalkeeper,,start,end,1.0,0.0,1.0,0.0,0.0,0.0,0.0,2.0,2.0,0.0,0.0,0.0,0.0,0.0,
ESP-La Liga,1718,2018-05-06 Las Palmas-Getafe,Getafe,Vicente Guaita,False,Goalkeeper,,start,end,1.0,0.0,0.0,0.0,0.0,0.0,0.0,0.0,5.0,0.0,0.0,0.0,0.0,0.0,
ESP-La Liga,1718,2018-05-06 Las Palmas-Getafe,Las Palmas,Leandro Chichizola,True,Goalkeeper,,start,end,1.0,0.0,0.0,0.0,0.0,0.0,0.0,1.0,0.0,0.0,0.0,0.0,0.0,0.0,
ESP-La Liga,1718,2018-05-06 Málaga-Alavés,Alavés,Fernando Pacheco,False,Goalkeeper,,start,end,1.0,0.0,0.0,0.0,0.0,0.0,0.0,0.0,4.0,0.0,0.0,0.0,0.0,0.0,
ESP-La Liga,1718,2018-05-06 Málaga-Alavés,Málaga,Andrés Prieto,True,Goalkeeper,,start,end,1.0,0.0,0.0,0.0,0.0,0.0,0.0,3.0,4.0,0.0,0.0,0.0,0.0,0.0,
ESP-La Liga,1718,2018-05-07 Leganés-Levante,Leganés,Nereo Champagne,True,Goalkeeper,,start,end,1.0,0.0,0.0,0.0,0.0,0.0,0.0,3.0,0.0,0.0,0.0,0.0,0.0,0.0,
ESP-La Liga,1718,2018-05-07 Leganés-Levante,Levante,Oier Olazábal,False,Goalkeeper,,start,end,1.0,0.0,0.0,0.0,0.0,0.0,0.0,0.0,2.0,0.0,0.0,0.0,0.0,0.0,
ESP-La Liga,1718,2018-05-09 Barcelona-Villarreal,Barcelona,Jasper Cillessen,True,Goalkeeper,,start,end,1.0,0.0,0.0,0.0,0.0,0.0,0.0,1.0,6.0,0.0,0.0,0.0,0.0,0.0,
ESP-La Liga,1718,2018-05-09 Barcelona-Villarreal,Villarreal,Sergio Asenjo,False,Goalkeeper,,start,end,1.0,0.0,0.0,0.0,0.0,0.0,0.0,5.0,1.0,0.0,0.0,0.0,0.0,0.0,
ESP-La Liga,1718,2018-05-09 Sevilla-Real Madrid,Real Madrid,Kiko Casilla,False,Goalkeeper,,start,end,1.0,0.0,0.0,0.0,0.0,0.0,0.0,3.0,3.0,0.0,0.0,0.0,0.0,0.0,
ESP-La Liga,1718,2018-05-09 Sevilla-Real Madrid,Sevilla,David Soria,True,Goalkeeper,,start,end,1.0,0.0,0.0,0.0,0.0,0.0,0.0,2.0,2.0,0.0,0.0,0.0,0.0,0.0,
ESP-La Liga,1718,2018-05-12 Alavés-Athletic Club,Alavés,Fernando Pacheco,True,Goalkeeper,,start,end,1.0,0.0,0.0,0.0,0.0,0.0,0.0,1.0,2.0,0.0,0.0,0.0,0.0,0.0,
ESP-La Liga,1718,2018-05-12 Alavés-Athletic Club,Athletic Club,Kepa Arrizabalaga,False,Goalkeeper,,start,end,1.0,0.0,0.0,0.0,0.0,0.0,0.0,3.0,0.0,0.0,0.0,0.0,0.0,0.0,
ESP-La Liga,1718,2018-05-12 Deportivo La Coruña-Villarreal,Deportivo La Coruña,Rubén,True,Goalkeeper,,start,end,1.0,0.0,0.0,0.0,0.0,0.0,0.0,4.0,3.0,0.0,0.0,0.0,0.0,0.0,
ESP-La Liga,1718,2018-05-12 Deportivo La Coruña-Villarreal,Villarreal,Sergio Asenjo,False,Goalkeeper,,start,end,1.0,0.0,0.0,0.0,0.0,0.0,0.0,2.0,5.0,0.0,0.0,0.0,0.0,0.0,
ESP-La Liga,1718,2018-05-12 Eibar-Las Palmas,Eibar,Marko Dmitrovic,True,Goalkeeper,,start,end,1.0,0.0,0.0,0.0,0.0,0.0,0.0,0.0,2.0,0.0,0.0,0.0,0.0,0.0,
ESP-La Liga,1718,2018-05-12 Eibar-Las Palmas,Las Palmas,Leandro Chichizola,False,Goalkeeper,,start,end,1.0,0.0,0.0,0.0,0.0,0.0,0.0,1.0,3.0,0.0,0.0,0.0,0.0,0.0,
ESP-La Liga,1718,2018-05-12 Getafe-Atlético Madrid,Atlético Madrid,Jan Oblak,False,Goalkeeper,,start,end,1.0,0.0,1.0,0.0,0.0,0.0,0.0,0.0,4.0,0.0,0.0,0.0,0.0,0.0,
ESP-La Liga,1718,2018-05-12 Getafe-Atlético Madrid,Getafe,Vicente Guaita,True,Goalkeeper,,start,end,1.0,0.0,0.0,0.0,0.0,0.0,0.0,1.0,2.0,0.0,0.0,0.0,0.0,0.0,
ESP-La Liga,1718,2018-05-12 Girona-Valencia,Girona,Yassine Bounou,True,Goalkeeper,,start,end,1.0,0.0,0.0,0.0,0.0,0.0,0.0,1.0,3.0,0.0,0.0,0.0,0.0,0.0,
ESP-La Liga,1718,2018-05-12 Girona-Valencia,Valencia,Jaume Doménech,False,Goalkeeper,,start,end,1.0,0.0,0.0,0.0,0.0,0.0,0.0,0.0,4.0,0.0,0.0,0.0,0.0,0.0,
ESP-La Liga,1718,2018-05-12 Real Betis-Sevilla,Real Betis,Pedro López,True,Goalkeeper,,start,end,1.0,0.0,0.0,0.0,0.0,0.0,0.0,2.0,3.0,0.0,0.0,0.0,0.0,0.0,
ESP-La Liga,1718,2018-05-12 Real Betis-Sevilla,Sevilla,David Soria,False,Goalkeeper,,start,end,1.0,0.0,0.0,0.0,0.0,0.0,0.0,2.0,3.0,0.0,0.0,0.0,0.0,0.0,
ESP-La Liga,1718,2018-05-12 Real Madrid-Celta Vigo,Celta Vigo,Sergio Álvarez,False,Goalkeeper,,start,end,1.0,0.0,0.0,0.0,0.0,0.0,0.0,6.0,5.0,0.0,0.0,0.0,0.0,0.0,
ESP-La Liga,1718,2018-05-12 Real Madrid-Celta Vigo,Real Madrid,Keylor Navas,True,Goalkeeper,,start,end,1.0,0.0,0.0,0.0,0.0,0.0,0.0,0.0,1.0,0.0,0.0,0.0,0.0,0.0,
ESP-La Liga,1718,2018-05-12 Real Sociedad-Leganés,Leganés,Nereo Champagne,False,Goalkeeper,,start,end,1.0,0.0,0.0,0.0,0.0,0.0,0.0,3.0,3.0,0.0,0.0,0.0,0.0,0.0,
ESP-La Liga,1718,2018-05-12 Real Sociedad-Leganés,Real Sociedad,Gerónimo Rulli,True,Goalkeeper,,start,end,1.0,0.0,0.0,0.0,0.0,0.0,0.0,2.0,0.0,0.0,0.0,0.0,0.0,0.0,
ESP-La Liga,1718,2018-05-13 Espanyol-Málaga,Espanyol,Diego López,True,Goalkeeper,,start,end,1.0,0.0,0.0,0.0,0.0,0.0,0.0,1.0,2.0,0.0,0.0,0.0,0.0,0.0,
ESP-La Liga,1718,2018-05-13 Espanyol-Málaga,Málaga,Andrés Prieto,False,Goalkeeper,,start,end,1.0,0.0,0.0,0.0,0.0,0.0,0.0,4.0,2.0,0.0,0.0,0.0,0.0,0.0,
ESP-La Liga,1718,2018-05-13 Levante-Barcelona,Barcelona,Marc-André ter Stegen,False,Goalkeeper,,start,end,1.0,0.0,0.0,0.0,0.0,0.0,0.0,5.0,2.0,0.0,0.0,0.0,0.0,0.0,
ESP-La Liga,1718,2018-05-13 Levante-Barcelona,Levante,Oier Olazábal,True,Goalkeeper,,start,end,1.0,0.0,1.0,0.0,0.0,0.0,0.0,4.0,3.0,0.0,0.0,0.0,0.0,0.0,
ESP-La Liga,1718,2018-05-19 Celta Vigo-Levante,Celta Vigo,Sergio Álvarez,True,Goalkeeper,,start,end,1.0,0.0,0.0,0.0,0.0,0.0,0.0,2.0,1.0,0.0,0.0,0.0,0.0,0.0,
ESP-La Liga,1718,2018-05-19 Celta Vigo-Levante,Levante,Koke Vegas,False,Goalkeeper,,start,end,1.0,0.0,0.0,0.0,0.0,0.0,0.0,4.0,4.0,0.0,0.0,0.0,0.0,0.0,
ESP-La Liga,1718,2018-05-19 Las Palmas-Girona,Girona,Yassine Bounou,False,Goalkeeper,,start,end,1.0,0.0,0.0,0.0,0.0,0.0,0.0,1.0,6.0,0.0,0.0,0.0,0.0,0.0,
ESP-La Liga,1718,2018-05-19 Las Palmas-Girona,Las Palmas,Leandro Chichizola,True,Goalkeeper,,start,end,1.0,0.0,0.0,0.0,0.0,0.0,0.0,2.0,4.0,0.0,0.0,0.0,0.0,0.0,
ESP-La Liga,1718,2018-05-19 Leganés-Real Betis,Leganés,Jon Serantes,True,Goalkeeper,,start,end,1.0,0.0,0.0,0.0,0.0,0.0,0.0,2.0,6.0,0.0,0.0,0.0,0.0,0.0,
ESP-La Liga,1718,2018-05-19 Leganés-Real Betis,Real Betis,Pedro López,False,Goalkeeper,,start,end,1.0,0.0,0.0,0.0,0.0,0.0,0.0,3.0,0.0,0.0,0.0,0.0,0.0,0.0,
ESP-La Liga,1718,2018-05-19 Málaga-Getafe,Getafe,Vicente Guaita,False,Goalkeeper,,start,end,1.0,0.0,0.0,0.0,0.0,0.0,0.0,0.0,2.0,0.0,0.0,0.0,0.0,0.0,
ESP-La Liga,1718,2018-05-19 Málaga-Getafe,Málaga,Andrés Prieto,True,Goalkeeper,,start,end,1.0,0.0,0.0,0.0,0.0,0.0,0.0,1.0,2.0,0.0,0.0,0.0,0.0,0.0,
ESP-La Liga,1718,2018-05-19 Sevilla-Alavés,Alavés,Fernando Pacheco,False,Goalkeeper,,start,end,1.0,0.0,0.0,0.0,0.0,0.0,0.0,1.0,7.0,0.0,0.0,0.0,0.0,0.0,
ESP-La Liga,1718,2018-05-19 Sevilla-Alavés,Sevilla,David Soria,True,Goalkeeper,,start,end,1.0,0.0,0.0,0.0,0.0,0.0,0.0,0.0,4.0,0.0,0.0,0.0,0.0,0.0,
ESP-La Liga,1718,2018-05-19 Villarreal-Real Madrid,Real Madrid,Luca Zidane,False,Goalkeeper,,start,end,1.0,0.0,0.0,0.0,0.0,0.0,0.0,2.0,2.0,0.0,0.0,0.0,0.0,0.0,
ESP-La Liga,1718,2018-05-19 Villarreal-Real Madrid,Villarreal,Andrés Fernández,True,Goalkeeper,,start,end,1.0,0.0,0.0,0.0,0.0,0.0,0.0,2.0,5.0,0.0,0.0,0.0,0.0,0.0,
ESP-La Liga,1718,2018-05-20 Athletic Club-Espanyol,Athletic Club,Kepa Arrizabalaga,True,Goalkeeper,,start,end,1.0,0.0,0.0,0.0,0.0,0.0,0.0,1.0,3.0,0.0,0.0,0.0,0.0,0.0,
ESP-La Liga,1718,2018-05-20 Athletic Club-Espanyol,Espanyol,Diego López,False,Goalkeeper,,start,end,1.0,0.0,0.0,0.0,0.0,0.0,0.0,0.0,3.0,0.0,0.0,0.0,0.0,0.0,
ESP-La Liga,1718,2018-05-20 Atlético Madrid-Eibar,Atlético Madrid,Jan Oblak,True,Goalkeeper,1,start,end,1.0,0.0,1.0,0.0,0.0,0.0,0.0,2.0,1.0,0.0,0.0,0.0,0.0,0.0,
ESP-La Liga,1718,2018-05-20 Atlético Madrid-Eibar,Eibar,Marko Dmitrovic,False,Goalkeeper,1,start,end,1.0,0.0,0.0,0.0,0.0,0.0,0.0,2.0,2.0,0.0,0.0,0.0,0.0,0.0,
ESP-La Liga,1718,2018-05-20 Barcelona-Real Sociedad,Barcelona,Marc-André ter Stegen,True,Goalkeeper,,start,end,1.0,0.0,0.0,0.0,0.0,0.0,0.0,0.0,2.0,0.0,0.0,0.0,0.0,0.0,
ESP-La Liga,1718,2018-05-20 Barcelona-Real Sociedad,Real Sociedad,Miguel Ángel Moyà,False,Goalkeeper,,start,end,1.0,0.0,0.0,0.0,0.0,0.0,0.0,1.0,3.0,0.0,0.0,0.0,0.0,0.0,
ESP-La Liga,1718,2018-05-20 Valencia-Deportivo La Coruña,Deportivo La Coruña,Maksym Koval,False,Goalkeeper,,start,83,1.0,0.0,0.0,0.0,0.0,0.0,0.0,2.0,2.0,0.0,0.0,0.0,0.0,0.0,
ESP-La Liga,1718,2018-05-20 Valencia-Deportivo La Coruña,Valencia,Jaume Doménech,True,Goalkeeper,,start,end,1.0,0.0,0.0,0.0,0.0,0.0,0.0,1.0,6.0,0.0,0.0,0.0,0.0,0.0,
